Dynamical matrix file
                                                                           
  3   22   8  13.8221661   0.9886418   0.6258253   0.0000000   0.0000000   0.0000000
           1  'B      '    9853.6237122476850     
           2  'Ba     '    125165.90357338246     
           3  'H      '    918.68111039893927     
    1    2      0.5000000000      0.4943209200      0.3129269203
    2    2      0.0000000000      0.0000000000      0.6258109997
    3    1      0.6506416338      0.2739150619      0.0000135111
    4    1      0.3493583662      0.7147267781      0.0000135111
    5    1      0.1506416338      0.2204058581      0.3128991289
    6    1      0.8493583662      0.7682359819      0.3128991289
    7    3      0.4819832125      0.2783417670      0.0000138016
    8    3      0.5180167875      0.7103000730      0.0000138016
    9    3      0.9819832125      0.2159791530      0.3128988384
   10    3      0.0180167875      0.7726626870      0.3128988384
   11    3      0.7124278505      0.4312567313      0.0000147051
   12    3      0.2875721495      0.5573851087      0.0000147051
   13    3      0.2124278505      0.0630641887      0.3128979349
   14    3      0.7875721495      0.9255776513      0.3128979349
   15    3      0.7007933351      0.1949550901      0.4861041038
   16    3      0.2992066649      0.7936867499      0.4861041038
   17    3      0.2007933351      0.2993658299      0.4526338162
   18    3      0.7992066649      0.6892760101      0.4526338162
   19    3      0.2991844512      0.7936807018      0.1397434425
   20    3      0.7008155488      0.1949611382      0.1397434425
   21    3      0.7991844512      0.6892820582      0.1731691975
   22    3      0.2008155488      0.2993597818      0.1731691975

     Dynamical  Matrix in cartesian axes

     q = (   -0.500000000  -0.505744325   0.000000000 ) 

    1    1
  0.08015052   0.00000000    -0.00651036   0.00000000     0.00000000   0.00000000
 -0.00651036   0.00000000     0.08388261   0.00000000     0.00000000   0.00000000
  0.00000000   0.00000000     0.00000000   0.00000000     0.07164323   0.00000000
    1    2
 -0.00000000  -0.00000000    -0.03283942  -0.00000000     0.00000000   0.00000000
 -0.03283942  -0.00000000    -0.00000000  -0.00000000     0.00000000   0.00000000
  0.00000000  -0.00000000     0.00000000   0.00000000     0.00000000   0.00000000
    1    3
  0.00138325   0.00000000     0.01318700   0.00000000    -0.00017986  -0.00000000
  0.01023133   0.00000000    -0.01206392  -0.00000000     0.00000063   0.00000000
 -0.00013284  -0.00000000     0.00011412   0.00000000    -0.02705611  -0.00000000
    1    4
  0.00138325  -0.00000000     0.01318700  -0.00000000     0.00017986  -0.00000000
  0.01023133  -0.00000000    -0.01206392   0.00000000    -0.00000063   0.00000000
  0.00013284  -0.00000000    -0.00011412   0.00000000    -0.02705611   0.00000000
    1    5
 -0.00818964  -0.00000000    -0.00451074  -0.00000000    -0.00031581  -0.00000000
 -0.00540893  -0.00000000    -0.00418479  -0.00000000     0.00002663   0.00000000
  0.00007355   0.00000000    -0.00012251  -0.00000000     0.00529889   0.00000000
    1    6
 -0.00818964   0.00000000    -0.00451074   0.00000000     0.00031581  -0.00000000
 -0.00540893   0.00000000    -0.00418479   0.00000000    -0.00002663   0.00000000
 -0.00007355   0.00000000     0.00012251  -0.00000000     0.00529889  -0.00000000
    1    7
 -0.00825473  -0.00000000    -0.00415999  -0.00000000     0.00025461   0.00000000
  0.00116362   0.00000000    -0.00598631  -0.00000000    -0.00013278  -0.00000000
  0.00004074   0.00000000    -0.00000319  -0.00000000    -0.00591114  -0.00000000
    1    8
 -0.00825473   0.00000000    -0.00415999   0.00000000    -0.00025461   0.00000000
  0.00116362  -0.00000000    -0.00598631   0.00000000     0.00013278  -0.00000000
 -0.00004074   0.00000000     0.00000319  -0.00000000    -0.00591114   0.00000000
    1    9
 -0.00152086   0.00000000    -0.00029123   0.00000000     0.00014199  -0.00000000
 -0.00628456   0.00000000    -0.00032783   0.00000000     0.00009233  -0.00000000
 -0.00002579   0.00000000    -0.00011380   0.00000000     0.00179892  -0.00000000
    1   10
 -0.00152086  -0.00000000    -0.00029123  -0.00000000    -0.00014199  -0.00000000
 -0.00628456  -0.00000000    -0.00032783  -0.00000000    -0.00009233  -0.00000000
  0.00002579   0.00000000     0.00011380   0.00000000     0.00179892   0.00000000
    1   11
 -0.00661163  -0.00000000    -0.00011929  -0.00000000    -0.00006615  -0.00000000
 -0.00486602  -0.00000000    -0.00781261  -0.00000000    -0.00006594  -0.00000000
  0.00017653   0.00000000     0.00004045   0.00000000    -0.00466788  -0.00000000
    1   12
 -0.00661163   0.00000000    -0.00011929   0.00000000     0.00006615  -0.00000000
 -0.00486602   0.00000000    -0.00781261   0.00000000     0.00006594  -0.00000000
 -0.00017653   0.00000000    -0.00004045   0.00000000    -0.00466788   0.00000000
    1   13
  0.00019811   0.00000000     0.00672218   0.00000000    -0.00005515  -0.00000000
  0.00239045   0.00000000    -0.00046208  -0.00000000    -0.00004927  -0.00000000
  0.00026199   0.00000000    -0.00011527  -0.00000000    -0.00094487  -0.00000000
    1   14
  0.00019811  -0.00000000     0.00672218  -0.00000000     0.00005515  -0.00000000
  0.00239045  -0.00000000    -0.00046208   0.00000000     0.00004927  -0.00000000
 -0.00026199   0.00000000     0.00011527  -0.00000000    -0.00094487   0.00000000
    1   15
 -0.00264621  -0.00000000    -0.00049924  -0.00000000    -0.00170228  -0.00000000
 -0.00094926  -0.00000000    -0.00289097  -0.00000000     0.00287348   0.00000000
  0.00057897   0.00000000    -0.00056534  -0.00000000     0.00218134   0.00000000
    1   16
 -0.00264621   0.00000000    -0.00049924   0.00000000     0.00170228  -0.00000000
 -0.00094926   0.00000000    -0.00289097   0.00000000    -0.00287348   0.00000000
 -0.00057897   0.00000000     0.00056534  -0.00000000     0.00218134  -0.00000000
    1   17
 -0.00374154  -0.00000000    -0.00055068  -0.00000000     0.00135332   0.00000000
 -0.00132594  -0.00000000    -0.00025150  -0.00000000     0.00044805   0.00000000
  0.00234460   0.00000000     0.00060486   0.00000000    -0.00353686  -0.00000000
    1   18
 -0.00374154   0.00000000    -0.00055068   0.00000000    -0.00135332   0.00000000
 -0.00132594   0.00000000    -0.00025150   0.00000000    -0.00044805   0.00000000
 -0.00234460   0.00000000    -0.00060486   0.00000000    -0.00353686   0.00000000
    1   19
 -0.00269778   0.00000000    -0.00057088   0.00000000    -0.00174574   0.00000000
 -0.00090977   0.00000000    -0.00273435   0.00000000     0.00278328  -0.00000000
  0.00115748  -0.00000000    -0.00042366   0.00000000     0.00226467  -0.00000000
    1   20
 -0.00269778   0.00000000    -0.00057088   0.00000000     0.00174574  -0.00000000
 -0.00090977   0.00000000    -0.00273435   0.00000000    -0.00278328   0.00000000
 -0.00115748   0.00000000     0.00042366  -0.00000000     0.00226467  -0.00000000
    1   21
 -0.00393226   0.00000000    -0.00050016   0.00000000     0.00132190  -0.00000000
 -0.00140991   0.00000000    -0.00016698   0.00000000     0.00041622  -0.00000000
  0.00157978  -0.00000000     0.00093257  -0.00000000    -0.00321635   0.00000000
    1   22
 -0.00393226  -0.00000000    -0.00050016  -0.00000000    -0.00132190  -0.00000000
 -0.00140991  -0.00000000    -0.00016698  -0.00000000    -0.00041622  -0.00000000
 -0.00157978  -0.00000000    -0.00093257  -0.00000000    -0.00321635  -0.00000000
    2    1
  0.00000000  -0.00000000    -0.03283942   0.00000000     0.00000000  -0.00000000
 -0.03283942   0.00000000     0.00000000  -0.00000000     0.00000000   0.00000000
  0.00000000   0.00000000     0.00000000   0.00000000    -0.00000000   0.00000000
    2    2
  0.08015052   0.00000000     0.00651036   0.00000000     0.00000000   0.00000000
  0.00651036   0.00000000     0.08388261   0.00000000     0.00000000   0.00000000
  0.00000000   0.00000000     0.00000000   0.00000000     0.07164323   0.00000000
    2    3
  0.00818964  -0.00000000    -0.00451074   0.00000000    -0.00031581   0.00000000
 -0.00540893   0.00000000     0.00418479  -0.00000000    -0.00002663   0.00000000
  0.00007355  -0.00000000     0.00012251  -0.00000000    -0.00529889   0.00000000
    2    4
  0.00818964  -0.00000000    -0.00451074   0.00000000     0.00031581  -0.00000000
 -0.00540893   0.00000000     0.00418479  -0.00000000     0.00002663  -0.00000000
 -0.00007355   0.00000000    -0.00012251   0.00000000    -0.00529889   0.00000000
    2    5
  0.00138325  -0.00000000    -0.01318700   0.00000000     0.00017986  -0.00000000
 -0.01023133   0.00000000    -0.01206392   0.00000000     0.00000063  -0.00000000
  0.00013284  -0.00000000     0.00011412  -0.00000000    -0.02705611   0.00000000
    2    6
  0.00138325  -0.00000000    -0.01318700   0.00000000    -0.00017986   0.00000000
 -0.01023133   0.00000000    -0.01206392   0.00000000    -0.00000063   0.00000000
 -0.00013284   0.00000000    -0.00011412   0.00000000    -0.02705611   0.00000000
    2    7
 -0.00152086   0.00000000     0.00029123  -0.00000000    -0.00014199   0.00000000
  0.00628456  -0.00000000    -0.00032783   0.00000000     0.00009233  -0.00000000
  0.00002579  -0.00000000    -0.00011380   0.00000000     0.00179892  -0.00000000
    2    8
 -0.00152086   0.00000000     0.00029123  -0.00000000     0.00014199  -0.00000000
  0.00628456  -0.00000000    -0.00032783   0.00000000    -0.00009233   0.00000000
 -0.00002579   0.00000000     0.00011380  -0.00000000     0.00179892  -0.00000000
    2    9
  0.00825473  -0.00000000    -0.00415999   0.00000000     0.00025461  -0.00000000
  0.00116362  -0.00000000     0.00598631  -0.00000000     0.00013278  -0.00000000
  0.00004074  -0.00000000     0.00000319  -0.00000000     0.00591114  -0.00000000
    2   10
  0.00825473  -0.00000000    -0.00415999   0.00000000    -0.00025461   0.00000000
  0.00116362  -0.00000000     0.00598631  -0.00000000    -0.00013278   0.00000000
 -0.00004074   0.00000000    -0.00000319   0.00000000     0.00591114  -0.00000000
    2   11
 -0.00019811   0.00000000     0.00672218  -0.00000000    -0.00005515   0.00000000
  0.00239045  -0.00000000     0.00046208  -0.00000000     0.00004927  -0.00000000
  0.00026199  -0.00000000     0.00011527  -0.00000000     0.00094487  -0.00000000
    2   12
 -0.00019811   0.00000000     0.00672218  -0.00000000     0.00005515  -0.00000000
  0.00239045  -0.00000000     0.00046208  -0.00000000    -0.00004927   0.00000000
 -0.00026199   0.00000000    -0.00011527   0.00000000     0.00094487  -0.00000000
    2   13
 -0.00661163   0.00000000     0.00011929  -0.00000000     0.00006615  -0.00000000
  0.00486602  -0.00000000    -0.00781261   0.00000000    -0.00006594   0.00000000
 -0.00017653   0.00000000     0.00004045  -0.00000000    -0.00466788   0.00000000
    2   14
 -0.00661163   0.00000000     0.00011929  -0.00000000    -0.00006615   0.00000000
  0.00486602  -0.00000000    -0.00781261   0.00000000     0.00006594  -0.00000000
  0.00017653  -0.00000000    -0.00004045   0.00000000    -0.00466788   0.00000000
    2   15
  0.00374154  -0.00000000    -0.00055068   0.00000000     0.00135332  -0.00000000
 -0.00132594   0.00000000     0.00025150  -0.00000000    -0.00044805   0.00000000
  0.00234460  -0.00000000    -0.00060486   0.00000000     0.00353686  -0.00000000
    2   16
  0.00374154  -0.00000000    -0.00055068   0.00000000    -0.00135332   0.00000000
 -0.00132594   0.00000000     0.00025150  -0.00000000     0.00044805  -0.00000000
 -0.00234460   0.00000000     0.00060486  -0.00000000     0.00353686  -0.00000000
    2   17
 -0.00264621   0.00000000     0.00049924  -0.00000000     0.00170228  -0.00000000
  0.00094926  -0.00000000    -0.00289097   0.00000000     0.00287348  -0.00000000
 -0.00057897   0.00000000    -0.00056534   0.00000000     0.00218134  -0.00000000
    2   18
 -0.00264621   0.00000000     0.00049924  -0.00000000    -0.00170228   0.00000000
  0.00094926  -0.00000000    -0.00289097   0.00000000    -0.00287348   0.00000000
  0.00057897  -0.00000000     0.00056534  -0.00000000     0.00218134  -0.00000000
    2   19
  0.00393226  -0.00000000    -0.00050016   0.00000000     0.00132190  -0.00000000
 -0.00140991   0.00000000     0.00016698  -0.00000000    -0.00041622   0.00000000
  0.00157978  -0.00000000    -0.00093257   0.00000000     0.00321635  -0.00000000
    2   20
  0.00393226  -0.00000000    -0.00050016   0.00000000    -0.00132190   0.00000000
 -0.00140991   0.00000000     0.00016698  -0.00000000     0.00041622  -0.00000000
 -0.00157978   0.00000000     0.00093257  -0.00000000     0.00321635  -0.00000000
    2   21
 -0.00269778   0.00000000     0.00057088  -0.00000000     0.00174574  -0.00000000
  0.00090977  -0.00000000    -0.00273435   0.00000000     0.00278328  -0.00000000
 -0.00115748   0.00000000    -0.00042366   0.00000000     0.00226467  -0.00000000
    2   22
 -0.00269778   0.00000000     0.00057088  -0.00000000    -0.00174574   0.00000000
  0.00090977  -0.00000000    -0.00273435   0.00000000    -0.00278328   0.00000000
  0.00115748  -0.00000000     0.00042366  -0.00000000     0.00226467  -0.00000000
    3    1
  0.00138325  -0.00000000     0.01023133  -0.00000000    -0.00013284   0.00000000
  0.01318700  -0.00000000    -0.01206392   0.00000000     0.00011412  -0.00000000
 -0.00017986   0.00000000     0.00000063  -0.00000000    -0.02705611   0.00000000
    3    2
  0.00818964   0.00000000    -0.00540893  -0.00000000     0.00007355   0.00000000
 -0.00451074  -0.00000000     0.00418479   0.00000000     0.00012251   0.00000000
 -0.00031581  -0.00000000    -0.00002663  -0.00000000    -0.00529889  -0.00000000
    3    3
  0.59191250   0.00000000    -0.01811359   0.00000000     0.00010801   0.00000000
 -0.01811359   0.00000000     0.59552504   0.00000000     0.00003625   0.00000000
  0.00010801   0.00000000     0.00003625   0.00000000     0.65106973   0.00000000
    3    4
  0.00030544  -0.00000000     0.00094818  -0.00000000     0.00011907  -0.00000000
  0.00094818  -0.00000000    -0.00087824   0.00000000    -0.00007684   0.00000000
 -0.00011907   0.00000000     0.00007684  -0.00000000    -0.00174107   0.00000000
    3    5
  0.00000000   0.00000000    -0.00114506  -0.00000000    -0.00007244  -0.00000000
 -0.00114506  -0.00000000    -0.00000000  -0.00000000    -0.00003762  -0.00000000
 -0.00007244  -0.00000000     0.00003762   0.00000000     0.00000000   0.00000000
    3    6
  0.00000000   0.00000000    -0.00008727   0.00000000     0.00000452  -0.00000000
 -0.00008727   0.00000000    -0.00000000   0.00000000     0.00005776  -0.00000000
 -0.00000452   0.00000000     0.00005776  -0.00000000     0.00000000   0.00000000
    3    7
 -0.33941867  -0.00000000     0.00600107   0.00000000    -0.00002989  -0.00000000
  0.00323965   0.00000000    -0.04824433  -0.00000000     0.00001876   0.00000000
 -0.00003898  -0.00000000    -0.00001573  -0.00000000    -0.05018731  -0.00000000
    3    8
 -0.00129571   0.00000000     0.00038848  -0.00000000     0.00000720  -0.00000000
 -0.00023107   0.00000000    -0.00030954   0.00000000    -0.00004480   0.00000000
 -0.00003040   0.00000000    -0.00003736   0.00000000    -0.00083998   0.00000000
    3    9
 -0.00309489   0.00000000     0.00001126  -0.00000000     0.00000914  -0.00000000
 -0.00102893   0.00000000    -0.00004105   0.00000000     0.00002826  -0.00000000
  0.00006853  -0.00000000    -0.00002642   0.00000000    -0.00054988   0.00000000
    3   10
  0.00031946   0.00000000    -0.00071923  -0.00000000     0.00001287   0.00000000
  0.00034050   0.00000000    -0.00015987  -0.00000000     0.00005348   0.00000000
  0.00003274   0.00000000    -0.00003140  -0.00000000     0.00024392   0.00000000
    3   11
 -0.09028058  -0.00000000    -0.09844398  -0.00000000     0.00006481   0.00000000
 -0.09664606  -0.00000000    -0.29270077  -0.00000000    -0.00008311  -0.00000000
 -0.00000496  -0.00000000     0.00003347   0.00000000    -0.05293730  -0.00000000
    3   12
 -0.00023026   0.00000000     0.00038977  -0.00000000     0.00008333  -0.00000000
 -0.00019070   0.00000000    -0.00063940   0.00000000    -0.00009387   0.00000000
  0.00004894  -0.00000000     0.00000134  -0.00000000    -0.00060066   0.00000000
    3   13
  0.00059185   0.00000000    -0.00015449  -0.00000000    -0.00001772  -0.00000000
  0.00098228   0.00000000     0.00054184   0.00000000    -0.00007513  -0.00000000
 -0.00003252  -0.00000000     0.00000396   0.00000000     0.00017239   0.00000000
    3   14
 -0.00005960   0.00000000     0.00070794  -0.00000000    -0.00003617   0.00000000
 -0.00072139   0.00000000     0.00259040  -0.00000000    -0.00004149   0.00000000
  0.00004883  -0.00000000     0.00006586  -0.00000000     0.00056778  -0.00000000
    3   15
 -0.07381681   0.00000000     0.04717047  -0.00000000     0.07232908  -0.00000000
  0.04722388  -0.00000000    -0.11806159   0.00000000    -0.11735064   0.00000000
  0.07210445  -0.00000000    -0.11659571   0.00000000    -0.25934278   0.00000000
    3   16
 -0.00103036   0.00000000     0.00030134  -0.00000000    -0.00022386   0.00000000
  0.00005181  -0.00000000    -0.00066408   0.00000000     0.00004847  -0.00000000
 -0.00015916   0.00000000     0.00023439  -0.00000000    -0.00028613   0.00000000
    3   17
 -0.00049214  -0.00000000     0.00031407   0.00000000    -0.00029958  -0.00000000
  0.00027519   0.00000000     0.00019156   0.00000000     0.00019896   0.00000000
 -0.00056926  -0.00000000    -0.00017578  -0.00000000    -0.00074582  -0.00000000
    3   18
 -0.00038072   0.00000000    -0.00038456   0.00000000     0.00030871  -0.00000000
 -0.00018285   0.00000000    -0.00094983   0.00000000     0.00063401  -0.00000000
  0.00006649  -0.00000000     0.00074669  -0.00000000    -0.00076271   0.00000000
    3   19
 -0.00093533   0.00000000     0.00030958  -0.00000000     0.00003825  -0.00000000
 -0.00000385   0.00000000    -0.00068089   0.00000000     0.00000568  -0.00000000
  0.00001758  -0.00000000    -0.00020806   0.00000000    -0.00020061   0.00000000
    3   20
 -0.07387387   0.00000000     0.04717593  -0.00000000    -0.07250449   0.00000000
  0.04722173  -0.00000000    -0.11811138   0.00000000     0.11738844  -0.00000000
 -0.07205064   0.00000000     0.11660132  -0.00000000    -0.25922421   0.00000000
    3   21
 -0.00036122   0.00000000    -0.00028353   0.00000000    -0.00034987   0.00000000
 -0.00025644   0.00000000    -0.00107484   0.00000000    -0.00066257   0.00000000
  0.00005332  -0.00000000    -0.00076839   0.00000000    -0.00080103   0.00000000
    3   22
 -0.00058195  -0.00000000     0.00023827   0.00000000     0.00024856   0.00000000
  0.00030474   0.00000000     0.00033072   0.00000000    -0.00020502  -0.00000000
  0.00043838   0.00000000     0.00025200   0.00000000    -0.00071061  -0.00000000
    4    1
  0.00138325   0.00000000     0.01023133   0.00000000     0.00013284   0.00000000
  0.01318700   0.00000000    -0.01206392  -0.00000000    -0.00011412  -0.00000000
  0.00017986   0.00000000    -0.00000063  -0.00000000    -0.02705611  -0.00000000
    4    2
  0.00818964   0.00000000    -0.00540893  -0.00000000    -0.00007355  -0.00000000
 -0.00451074  -0.00000000     0.00418479   0.00000000    -0.00012251  -0.00000000
  0.00031581   0.00000000     0.00002663   0.00000000    -0.00529889  -0.00000000
    4    3
  0.00030544   0.00000000     0.00094818   0.00000000    -0.00011907  -0.00000000
  0.00094818   0.00000000    -0.00087824  -0.00000000     0.00007684   0.00000000
  0.00011907   0.00000000    -0.00007684  -0.00000000    -0.00174107  -0.00000000
    4    4
  0.59191250   0.00000000    -0.01811359   0.00000000    -0.00010801   0.00000000
 -0.01811359   0.00000000     0.59552504   0.00000000    -0.00003625   0.00000000
 -0.00010801   0.00000000    -0.00003625   0.00000000     0.65106973   0.00000000
    4    5
  0.00000000  -0.00000000    -0.00008727  -0.00000000    -0.00000452  -0.00000000
 -0.00008727  -0.00000000    -0.00000000  -0.00000000    -0.00005776  -0.00000000
  0.00000452   0.00000000    -0.00005776  -0.00000000     0.00000000  -0.00000000
    4    6
  0.00000000   0.00000000    -0.00114506  -0.00000000     0.00007244   0.00000000
 -0.00114506  -0.00000000    -0.00000000  -0.00000000     0.00003762   0.00000000
  0.00007244   0.00000000    -0.00003762  -0.00000000     0.00000000   0.00000000
    4    7
 -0.00129571  -0.00000000     0.00038848   0.00000000    -0.00000720  -0.00000000
 -0.00023107  -0.00000000    -0.00030954  -0.00000000     0.00004480   0.00000000
  0.00003040   0.00000000     0.00003736   0.00000000    -0.00083998  -0.00000000
    4    8
 -0.33941867   0.00000000     0.00600107  -0.00000000     0.00002989  -0.00000000
  0.00323965  -0.00000000    -0.04824433   0.00000000    -0.00001876   0.00000000
  0.00003898  -0.00000000     0.00001573  -0.00000000    -0.05018731   0.00000000
    4    9
  0.00031946  -0.00000000    -0.00071923   0.00000000    -0.00001287   0.00000000
  0.00034050  -0.00000000    -0.00015987   0.00000000    -0.00005348   0.00000000
 -0.00003274   0.00000000     0.00003140  -0.00000000     0.00024392  -0.00000000
    4   10
 -0.00309489  -0.00000000     0.00001126   0.00000000    -0.00000914  -0.00000000
 -0.00102893  -0.00000000    -0.00004105  -0.00000000    -0.00002826  -0.00000000
 -0.00006853  -0.00000000     0.00002642   0.00000000    -0.00054988  -0.00000000
    4   11
 -0.00023026  -0.00000000     0.00038977   0.00000000    -0.00008333  -0.00000000
 -0.00019070  -0.00000000    -0.00063940  -0.00000000     0.00009387   0.00000000
 -0.00004894  -0.00000000    -0.00000134  -0.00000000    -0.00060066  -0.00000000
    4   12
 -0.09028058   0.00000000    -0.09844398   0.00000000    -0.00006481   0.00000000
 -0.09664606   0.00000000    -0.29270077   0.00000000     0.00008311  -0.00000000
  0.00000496  -0.00000000    -0.00003347   0.00000000    -0.05293730   0.00000000
    4   13
 -0.00005960  -0.00000000     0.00070794   0.00000000     0.00003617   0.00000000
 -0.00072139  -0.00000000     0.00259040   0.00000000     0.00004149   0.00000000
 -0.00004883  -0.00000000    -0.00006586  -0.00000000     0.00056778   0.00000000
    4   14
  0.00059185  -0.00000000    -0.00015449   0.00000000     0.00001772  -0.00000000
  0.00098228  -0.00000000     0.00054184  -0.00000000     0.00007513  -0.00000000
  0.00003252  -0.00000000    -0.00000396   0.00000000     0.00017239  -0.00000000
    4   15
 -0.00103036  -0.00000000     0.00030134   0.00000000     0.00022386   0.00000000
  0.00005181   0.00000000    -0.00066408  -0.00000000    -0.00004847  -0.00000000
  0.00015916   0.00000000    -0.00023439  -0.00000000    -0.00028613  -0.00000000
    4   16
 -0.07381681  -0.00000000     0.04717047   0.00000000    -0.07232908  -0.00000000
  0.04722388   0.00000000    -0.11806159  -0.00000000     0.11735064   0.00000000
 -0.07210445  -0.00000000     0.11659571   0.00000000    -0.25934278  -0.00000000
    4   17
 -0.00038072  -0.00000000    -0.00038456  -0.00000000    -0.00030871  -0.00000000
 -0.00018285  -0.00000000    -0.00094983  -0.00000000    -0.00063401  -0.00000000
 -0.00006649  -0.00000000    -0.00074669  -0.00000000    -0.00076271  -0.00000000
    4   18
 -0.00049214   0.00000000     0.00031407  -0.00000000     0.00029958  -0.00000000
  0.00027519  -0.00000000     0.00019156  -0.00000000    -0.00019896   0.00000000
  0.00056926  -0.00000000     0.00017578  -0.00000000    -0.00074582   0.00000000
    4   19
 -0.07387387   0.00000000     0.04717593  -0.00000000     0.07250449  -0.00000000
  0.04722173  -0.00000000    -0.11811138   0.00000000    -0.11738844   0.00000000
  0.07205064  -0.00000000    -0.11660132   0.00000000    -0.25922421   0.00000000
    4   20
 -0.00093533   0.00000000     0.00030958  -0.00000000    -0.00003825   0.00000000
 -0.00000385   0.00000000    -0.00068089   0.00000000    -0.00000568   0.00000000
 -0.00001758   0.00000000     0.00020806  -0.00000000    -0.00020061   0.00000000
    4   21
 -0.00058195   0.00000000     0.00023827  -0.00000000    -0.00024856   0.00000000
  0.00030474  -0.00000000     0.00033072  -0.00000000     0.00020502  -0.00000000
 -0.00043838   0.00000000    -0.00025200   0.00000000    -0.00071061   0.00000000
    4   22
 -0.00036122  -0.00000000    -0.00028353  -0.00000000     0.00034987   0.00000000
 -0.00025644  -0.00000000    -0.00107484  -0.00000000     0.00066257   0.00000000
 -0.00005332  -0.00000000     0.00076839   0.00000000    -0.00080103  -0.00000000
    5    1
 -0.00818964   0.00000000    -0.00540893   0.00000000     0.00007355  -0.00000000
 -0.00451074   0.00000000    -0.00418479   0.00000000    -0.00012251   0.00000000
 -0.00031581   0.00000000     0.00002663  -0.00000000     0.00529889  -0.00000000
    5    2
  0.00138325   0.00000000    -0.01023133  -0.00000000     0.00013284   0.00000000
 -0.01318700  -0.00000000    -0.01206392  -0.00000000     0.00011412   0.00000000
  0.00017986   0.00000000     0.00000063   0.00000000    -0.02705611  -0.00000000
    5    3
 -0.00000000   0.00000000    -0.00114506   0.00000000    -0.00007244   0.00000000
 -0.00114506   0.00000000     0.00000000  -0.00000000     0.00003762  -0.00000000
 -0.00007244   0.00000000    -0.00003762   0.00000000    -0.00000000   0.00000000
    5    4
 -0.00000000   0.00000000    -0.00008727   0.00000000     0.00000452  -0.00000000
 -0.00008727   0.00000000     0.00000000  -0.00000000    -0.00005776   0.00000000
 -0.00000452   0.00000000    -0.00005776   0.00000000    -0.00000000   0.00000000
    5    5
  0.59191250   0.00000000     0.01811359   0.00000000    -0.00010801   0.00000000
  0.01811359   0.00000000     0.59552504   0.00000000     0.00003625   0.00000000
 -0.00010801   0.00000000     0.00003625   0.00000000     0.65106973   0.00000000
    5    6
  0.00030544  -0.00000000    -0.00094818   0.00000000    -0.00011907   0.00000000
 -0.00094818   0.00000000    -0.00087824   0.00000000    -0.00007684   0.00000000
  0.00011907  -0.00000000     0.00007684  -0.00000000    -0.00174107   0.00000000
    5    7
 -0.00309489   0.00000000    -0.00001126   0.00000000    -0.00000914   0.00000000
  0.00102893  -0.00000000    -0.00004105   0.00000000     0.00002826  -0.00000000
 -0.00006853   0.00000000    -0.00002642   0.00000000    -0.00054988   0.00000000
    5    8
  0.00031946  -0.00000000     0.00071923  -0.00000000    -0.00001287   0.00000000
 -0.00034050   0.00000000    -0.00015987   0.00000000     0.00005348  -0.00000000
 -0.00003274   0.00000000    -0.00003140   0.00000000     0.00024392  -0.00000000
    5    9
  0.33941867  -0.00000000     0.00600107  -0.00000000    -0.00002989   0.00000000
  0.00323965  -0.00000000     0.04824433  -0.00000000    -0.00001876   0.00000000
 -0.00003898   0.00000000     0.00001573  -0.00000000     0.05018731  -0.00000000
    5   10
  0.00129571  -0.00000000     0.00038848  -0.00000000     0.00000720  -0.00000000
 -0.00023107   0.00000000     0.00030954  -0.00000000     0.00004480  -0.00000000
 -0.00003040   0.00000000     0.00003736  -0.00000000     0.00083998  -0.00000000
    5   11
 -0.00059185   0.00000000    -0.00015449   0.00000000    -0.00001772   0.00000000
  0.00098228  -0.00000000    -0.00054184   0.00000000     0.00007513  -0.00000000
 -0.00003252   0.00000000    -0.00000396   0.00000000    -0.00017239   0.00000000
    5   12
  0.00005960  -0.00000000     0.00070794  -0.00000000    -0.00003617   0.00000000
 -0.00072139   0.00000000    -0.00259040   0.00000000     0.00004149  -0.00000000
  0.00004883  -0.00000000    -0.00006586   0.00000000    -0.00056778   0.00000000
    5   13
 -0.09028058   0.00000000     0.09844398  -0.00000000    -0.00006481   0.00000000
  0.09664606  -0.00000000    -0.29270077   0.00000000    -0.00008311   0.00000000
  0.00000496  -0.00000000     0.00003347  -0.00000000    -0.05293730   0.00000000
    5   14
 -0.00023026   0.00000000    -0.00038977   0.00000000    -0.00008333   0.00000000
  0.00019070  -0.00000000    -0.00063940   0.00000000    -0.00009387   0.00000000
 -0.00004894   0.00000000     0.00000134  -0.00000000    -0.00060066   0.00000000
    5   15
  0.00049214  -0.00000000     0.00031407  -0.00000000    -0.00029958   0.00000000
  0.00027519  -0.00000000    -0.00019156   0.00000000    -0.00019896   0.00000000
 -0.00056926   0.00000000     0.00017578  -0.00000000     0.00074582  -0.00000000
    5   16
  0.00038072  -0.00000000    -0.00038456   0.00000000     0.00030871  -0.00000000
 -0.00018285   0.00000000     0.00094983  -0.00000000    -0.00063401   0.00000000
  0.00006649  -0.00000000    -0.00074669   0.00000000     0.00076271  -0.00000000
    5   17
 -0.07381681   0.00000000    -0.04717047   0.00000000    -0.07232908   0.00000000
 -0.04722388   0.00000000    -0.11806159   0.00000000    -0.11735064   0.00000000
 -0.07210445   0.00000000    -0.11659571   0.00000000    -0.25934278   0.00000000
    5   18
 -0.00103036   0.00000000    -0.00030134   0.00000000     0.00022386  -0.00000000
 -0.00005181   0.00000000    -0.00066408   0.00000000     0.00004847  -0.00000000
  0.00015916  -0.00000000     0.00023439  -0.00000000    -0.00028613   0.00000000
    5   19
  0.00036122  -0.00000000    -0.00028353   0.00000000    -0.00034987   0.00000000
 -0.00025644   0.00000000     0.00107484  -0.00000000     0.00066257  -0.00000000
  0.00005332  -0.00000000     0.00076839  -0.00000000     0.00080103  -0.00000000
    5   20
  0.00058195  -0.00000000     0.00023827  -0.00000000     0.00024856  -0.00000000
  0.00030474  -0.00000000    -0.00033072   0.00000000     0.00020502  -0.00000000
  0.00043838  -0.00000000    -0.00025200   0.00000000     0.00071061  -0.00000000
    5   21
 -0.00093533   0.00000000    -0.00030958   0.00000000    -0.00003825   0.00000000
  0.00000385  -0.00000000    -0.00068089   0.00000000     0.00000568  -0.00000000
 -0.00001758   0.00000000    -0.00020806   0.00000000    -0.00020061   0.00000000
    5   22
 -0.07387387   0.00000000    -0.04717593   0.00000000     0.07250449  -0.00000000
 -0.04722173   0.00000000    -0.11811138   0.00000000     0.11738844  -0.00000000
  0.07205064  -0.00000000     0.11660132  -0.00000000    -0.25922421   0.00000000
    6    1
 -0.00818964  -0.00000000    -0.00540893  -0.00000000    -0.00007355  -0.00000000
 -0.00451074  -0.00000000    -0.00418479  -0.00000000     0.00012251   0.00000000
  0.00031581   0.00000000    -0.00002663  -0.00000000     0.00529889   0.00000000
    6    2
  0.00138325   0.00000000    -0.01023133  -0.00000000    -0.00013284  -0.00000000
 -0.01318700  -0.00000000    -0.01206392  -0.00000000    -0.00011412  -0.00000000
 -0.00017986  -0.00000000    -0.00000063  -0.00000000    -0.02705611  -0.00000000
    6    3
 -0.00000000  -0.00000000    -0.00008727  -0.00000000    -0.00000452  -0.00000000
 -0.00008727  -0.00000000     0.00000000   0.00000000     0.00005776   0.00000000
  0.00000452   0.00000000     0.00005776   0.00000000    -0.00000000  -0.00000000
    6    4
 -0.00000000  -0.00000000    -0.00114506   0.00000000     0.00007244  -0.00000000
 -0.00114506   0.00000000     0.00000000   0.00000000    -0.00003762   0.00000000
  0.00007244  -0.00000000     0.00003762  -0.00000000    -0.00000000  -0.00000000
    6    5
  0.00030544   0.00000000    -0.00094818  -0.00000000     0.00011907   0.00000000
 -0.00094818  -0.00000000    -0.00087824  -0.00000000     0.00007684   0.00000000
 -0.00011907  -0.00000000    -0.00007684  -0.00000000    -0.00174107  -0.00000000
    6    6
  0.59191250   0.00000000     0.01811359   0.00000000     0.00010801   0.00000000
  0.01811359   0.00000000     0.59552504   0.00000000    -0.00003625   0.00000000
  0.00010801   0.00000000    -0.00003625   0.00000000     0.65106973   0.00000000
    6    7
  0.00031946   0.00000000     0.00071923   0.00000000     0.00001287   0.00000000
 -0.00034050  -0.00000000    -0.00015987  -0.00000000    -0.00005348  -0.00000000
  0.00003274   0.00000000     0.00003140   0.00000000     0.00024392   0.00000000
    6    8
 -0.00309489   0.00000000    -0.00001126   0.00000000     0.00000914  -0.00000000
  0.00102893  -0.00000000    -0.00004105   0.00000000    -0.00002826   0.00000000
  0.00006853  -0.00000000     0.00002642  -0.00000000    -0.00054988   0.00000000
    6    9
  0.00129571  -0.00000000     0.00038848  -0.00000000    -0.00000720   0.00000000
 -0.00023107   0.00000000     0.00030954  -0.00000000    -0.00004480   0.00000000
  0.00003040  -0.00000000    -0.00003736   0.00000000     0.00083998  -0.00000000
    6   10
  0.33941867   0.00000000     0.00600107   0.00000000     0.00002989   0.00000000
  0.00323965   0.00000000     0.04824433   0.00000000     0.00001876   0.00000000
  0.00003898   0.00000000    -0.00001573  -0.00000000     0.05018731   0.00000000
    6   11
  0.00005960   0.00000000     0.00070794   0.00000000     0.00003617   0.00000000
 -0.00072139  -0.00000000    -0.00259040  -0.00000000    -0.00004149  -0.00000000
 -0.00004883  -0.00000000     0.00006586   0.00000000    -0.00056778  -0.00000000
    6   12
 -0.00059185   0.00000000    -0.00015449   0.00000000     0.00001772  -0.00000000
  0.00098228  -0.00000000    -0.00054184   0.00000000    -0.00007513   0.00000000
  0.00003252  -0.00000000     0.00000396  -0.00000000    -0.00017239   0.00000000
    6   13
 -0.00023026  -0.00000000    -0.00038977  -0.00000000     0.00008333   0.00000000
  0.00019070   0.00000000    -0.00063940  -0.00000000     0.00009387   0.00000000
  0.00004894   0.00000000    -0.00000134  -0.00000000    -0.00060066  -0.00000000
    6   14
 -0.09028058   0.00000000     0.09844398  -0.00000000     0.00006481  -0.00000000
  0.09664606  -0.00000000    -0.29270077   0.00000000     0.00008311  -0.00000000
 -0.00000496   0.00000000    -0.00003347   0.00000000    -0.05293730   0.00000000
    6   15
  0.00038072   0.00000000    -0.00038456  -0.00000000    -0.00030871  -0.00000000
 -0.00018285  -0.00000000     0.00094983   0.00000000     0.00063401   0.00000000
 -0.00006649  -0.00000000     0.00074669   0.00000000     0.00076271   0.00000000
    6   16
  0.00049214   0.00000000     0.00031407   0.00000000     0.00029958   0.00000000
  0.00027519   0.00000000    -0.00019156  -0.00000000     0.00019896   0.00000000
  0.00056926   0.00000000    -0.00017578  -0.00000000     0.00074582   0.00000000
    6   17
 -0.00103036  -0.00000000    -0.00030134  -0.00000000    -0.00022386  -0.00000000
 -0.00005181  -0.00000000    -0.00066408  -0.00000000    -0.00004847  -0.00000000
 -0.00015916  -0.00000000    -0.00023439  -0.00000000    -0.00028613  -0.00000000
    6   18
 -0.07381681   0.00000000    -0.04717047   0.00000000     0.07232908  -0.00000000
 -0.04722388   0.00000000    -0.11806159   0.00000000     0.11735064  -0.00000000
  0.07210445  -0.00000000     0.11659571  -0.00000000    -0.25934278   0.00000000
    6   19
  0.00058195  -0.00000000     0.00023827  -0.00000000    -0.00024856   0.00000000
  0.00030474  -0.00000000    -0.00033072   0.00000000    -0.00020502   0.00000000
 -0.00043838   0.00000000     0.00025200  -0.00000000     0.00071061  -0.00000000
    6   20
  0.00036122  -0.00000000    -0.00028353   0.00000000     0.00034987  -0.00000000
 -0.00025644   0.00000000     0.00107484  -0.00000000    -0.00066257   0.00000000
 -0.00005332   0.00000000    -0.00076839   0.00000000     0.00080103  -0.00000000
    6   21
 -0.07387387   0.00000000    -0.04717593   0.00000000    -0.07250449   0.00000000
 -0.04722173   0.00000000    -0.11811138   0.00000000    -0.11738844   0.00000000
 -0.07205064   0.00000000    -0.11660132   0.00000000    -0.25922421   0.00000000
    6   22
 -0.00093533  -0.00000000    -0.00030958  -0.00000000     0.00003825   0.00000000
  0.00000385   0.00000000    -0.00068089  -0.00000000    -0.00000568  -0.00000000
  0.00001758   0.00000000     0.00020806   0.00000000    -0.00020061  -0.00000000
    7    1
 -0.00825473   0.00000000     0.00116362  -0.00000000     0.00004074  -0.00000000
 -0.00415999   0.00000000    -0.00598631   0.00000000    -0.00000319   0.00000000
  0.00025461  -0.00000000    -0.00013278   0.00000000    -0.00591114   0.00000000
    7    2
 -0.00152086  -0.00000000     0.00628456   0.00000000     0.00002579   0.00000000
  0.00029123   0.00000000    -0.00032783  -0.00000000    -0.00011380  -0.00000000
 -0.00014199  -0.00000000     0.00009233   0.00000000     0.00179892   0.00000000
    7    3
 -0.33941867   0.00000000     0.00323965  -0.00000000    -0.00003898   0.00000000
  0.00600107  -0.00000000    -0.04824433   0.00000000    -0.00001573   0.00000000
 -0.00002989   0.00000000     0.00001876  -0.00000000    -0.05018731   0.00000000
    7    4
 -0.00129571   0.00000000    -0.00023107   0.00000000     0.00003040  -0.00000000
  0.00038848  -0.00000000    -0.00030954   0.00000000     0.00003736  -0.00000000
 -0.00000720   0.00000000     0.00004480  -0.00000000    -0.00083998   0.00000000
    7    5
 -0.00309489  -0.00000000     0.00102893   0.00000000    -0.00006853  -0.00000000
 -0.00001126  -0.00000000    -0.00004105  -0.00000000    -0.00002642  -0.00000000
 -0.00000914  -0.00000000     0.00002826   0.00000000    -0.00054988  -0.00000000
    7    6
  0.00031946  -0.00000000    -0.00034050   0.00000000     0.00003274  -0.00000000
  0.00071923  -0.00000000    -0.00015987   0.00000000     0.00003140  -0.00000000
  0.00001287  -0.00000000    -0.00005348   0.00000000     0.00024392  -0.00000000
    7    7
  0.38607616   0.00000000    -0.00597839   0.00000000    -0.00002814   0.00000000
 -0.00597839   0.00000000     0.05855617   0.00000000    -0.00000283   0.00000000
 -0.00002814   0.00000000    -0.00000283   0.00000000     0.06267920   0.00000000
    7    8
 -0.00061756   0.00000000     0.00058124  -0.00000000    -0.00001534   0.00000000
  0.00058124  -0.00000000    -0.00018768   0.00000000     0.00002849  -0.00000000
  0.00001534  -0.00000000    -0.00002849   0.00000000    -0.00017859   0.00000000
    7    9
  0.00000000   0.00000000     0.00064010  -0.00000000     0.00005120  -0.00000000
  0.00064010  -0.00000000    -0.00000000  -0.00000000     0.00000325  -0.00000000
  0.00005120  -0.00000000    -0.00000325   0.00000000    -0.00000000   0.00000000
    7   10
 -0.00000000   0.00000000     0.00022243  -0.00000000     0.00000050  -0.00000000
  0.00022243  -0.00000000    -0.00000000   0.00000000    -0.00001398   0.00000000
 -0.00000050   0.00000000    -0.00001398   0.00000000     0.00000000  -0.00000000
    7   11
 -0.01365372   0.00000000    -0.00032242   0.00000000     0.00008329  -0.00000000
 -0.03348459   0.00000000     0.00054860  -0.00000000    -0.00002481   0.00000000
 -0.00000736   0.00000000     0.00004109  -0.00000000    -0.00261651   0.00000000
    7   12
 -0.00009640   0.00000000     0.00199392  -0.00000000     0.00006516  -0.00000000
  0.00092839  -0.00000000    -0.00098175   0.00000000    -0.00001412   0.00000000
  0.00000360  -0.00000000    -0.00001346   0.00000000    -0.00005280   0.00000000
    7   13
  0.00046552  -0.00000000    -0.00061029   0.00000000     0.00012750  -0.00000000
 -0.00014747   0.00000000    -0.00023111   0.00000000    -0.00003256   0.00000000
 -0.00002603   0.00000000     0.00000337  -0.00000000     0.00038913  -0.00000000
    7   14
  0.00038232  -0.00000000    -0.00109854   0.00000000     0.00013890  -0.00000000
 -0.00037503   0.00000000    -0.00019451   0.00000000    -0.00001856   0.00000000
  0.00002254  -0.00000000    -0.00000170   0.00000000    -0.00035716   0.00000000
    7   15
 -0.00992348   0.00000000    -0.00029148   0.00000000     0.00066936  -0.00000000
  0.01852881  -0.00000000    -0.00097583   0.00000000     0.00049397  -0.00000000
  0.03041988  -0.00000000    -0.00042801   0.00000000     0.00009125  -0.00000000
    7   16
 -0.00041059   0.00000000     0.00107724  -0.00000000    -0.00016620   0.00000000
  0.00032303  -0.00000000    -0.00020466   0.00000000     0.00014940  -0.00000000
 -0.00017193   0.00000000     0.00019317  -0.00000000     0.00012734  -0.00000000
    7   17
 -0.00067735   0.00000000    -0.00023105   0.00000000    -0.00029701   0.00000000
 -0.00034127   0.00000000    -0.00004127   0.00000000    -0.00021645   0.00000000
 -0.00007717   0.00000000     0.00026073  -0.00000000     0.00000064  -0.00000000
    7   18
 -0.00005185   0.00000000    -0.00049022   0.00000000     0.00007930  -0.00000000
 -0.00023940   0.00000000    -0.00014143   0.00000000     0.00022979  -0.00000000
  0.00011642  -0.00000000     0.00000127  -0.00000000    -0.00007340   0.00000000
    7   19
 -0.00032380   0.00000000     0.00087898  -0.00000000     0.00008940  -0.00000000
  0.00029312  -0.00000000    -0.00021034   0.00000000    -0.00009830   0.00000000
  0.00011375  -0.00000000    -0.00014591   0.00000000     0.00008122  -0.00000000
    7   20
 -0.01009428   0.00000000    -0.00014090   0.00000000    -0.00072936   0.00000000
  0.01853764  -0.00000000    -0.00100484   0.00000000    -0.00044079   0.00000000
 -0.03037842   0.00000000     0.00041660  -0.00000000     0.00012778  -0.00000000
    7   21
  0.00011426  -0.00000000    -0.00042410   0.00000000    -0.00013740   0.00000000
 -0.00025611   0.00000000    -0.00017523   0.00000000    -0.00021873   0.00000000
 -0.00004151   0.00000000    -0.00006333   0.00000000    -0.00010116   0.00000000
    7   22
 -0.00083633   0.00000000    -0.00036147   0.00000000     0.00024991  -0.00000000
 -0.00030097   0.00000000    -0.00000650   0.00000000     0.00023248  -0.00000000
  0.00001318  -0.00000000    -0.00022753   0.00000000    -0.00004131   0.00000000
    8    1
 -0.00825473  -0.00000000     0.00116362   0.00000000    -0.00004074  -0.00000000
 -0.00415999  -0.00000000    -0.00598631  -0.00000000     0.00000319   0.00000000
 -0.00025461  -0.00000000     0.00013278   0.00000000    -0.00591114  -0.00000000
    8    2
 -0.00152086  -0.00000000     0.00628456   0.00000000    -0.00002579  -0.00000000
  0.00029123   0.00000000    -0.00032783  -0.00000000     0.00011380   0.00000000
  0.00014199   0.00000000    -0.00009233  -0.00000000     0.00179892   0.00000000
    8    3
 -0.00129571  -0.00000000    -0.00023107  -0.00000000    -0.00003040  -0.00000000
  0.00038848   0.00000000    -0.00030954  -0.00000000    -0.00003736  -0.00000000
  0.00000720   0.00000000    -0.00004480  -0.00000000    -0.00083998  -0.00000000
    8    4
 -0.33941867  -0.00000000     0.00323965   0.00000000     0.00003898   0.00000000
  0.00600107   0.00000000    -0.04824433  -0.00000000     0.00001573   0.00000000
  0.00002989   0.00000000    -0.00001876  -0.00000000    -0.05018731  -0.00000000
    8    5
  0.00031946   0.00000000    -0.00034050  -0.00000000    -0.00003274  -0.00000000
  0.00071923   0.00000000    -0.00015987  -0.00000000    -0.00003140  -0.00000000
 -0.00001287  -0.00000000     0.00005348   0.00000000     0.00024392   0.00000000
    8    6
 -0.00309489  -0.00000000     0.00102893   0.00000000     0.00006853   0.00000000
 -0.00001126  -0.00000000    -0.00004105  -0.00000000     0.00002642   0.00000000
  0.00000914   0.00000000    -0.00002826  -0.00000000    -0.00054988  -0.00000000
    8    7
 -0.00061756  -0.00000000     0.00058124   0.00000000     0.00001534   0.00000000
  0.00058124   0.00000000    -0.00018768  -0.00000000    -0.00002849  -0.00000000
 -0.00001534  -0.00000000     0.00002849   0.00000000    -0.00017859  -0.00000000
    8    8
  0.38607616   0.00000000    -0.00597839   0.00000000     0.00002814   0.00000000
 -0.00597839   0.00000000     0.05855617   0.00000000     0.00000283   0.00000000
  0.00002814   0.00000000     0.00000283   0.00000000     0.06267920   0.00000000
    8    9
 -0.00000000  -0.00000000     0.00022243   0.00000000    -0.00000050  -0.00000000
  0.00022243   0.00000000    -0.00000000  -0.00000000     0.00001398   0.00000000
  0.00000050   0.00000000     0.00001398   0.00000000     0.00000000   0.00000000
    8   10
  0.00000000  -0.00000000     0.00064010   0.00000000    -0.00005120  -0.00000000
  0.00064010   0.00000000    -0.00000000   0.00000000    -0.00000325  -0.00000000
 -0.00005120  -0.00000000     0.00000325   0.00000000    -0.00000000  -0.00000000
    8   11
 -0.00009640  -0.00000000     0.00199392   0.00000000    -0.00006516  -0.00000000
  0.00092839   0.00000000    -0.00098175  -0.00000000     0.00001412   0.00000000
 -0.00000360  -0.00000000     0.00001346   0.00000000    -0.00005280  -0.00000000
    8   12
 -0.01365372   0.00000000    -0.00032242   0.00000000    -0.00008329   0.00000000
 -0.03348459   0.00000000     0.00054860  -0.00000000     0.00002481  -0.00000000
  0.00000736  -0.00000000    -0.00004109   0.00000000    -0.00261651   0.00000000
    8   13
  0.00038232   0.00000000    -0.00109854  -0.00000000    -0.00013890  -0.00000000
 -0.00037503  -0.00000000    -0.00019451  -0.00000000     0.00001856   0.00000000
 -0.00002254  -0.00000000     0.00000170   0.00000000    -0.00035716  -0.00000000
    8   14
  0.00046552  -0.00000000    -0.00061029   0.00000000    -0.00012750   0.00000000
 -0.00014747   0.00000000    -0.00023111   0.00000000     0.00003256  -0.00000000
  0.00002603  -0.00000000    -0.00000337   0.00000000     0.00038913  -0.00000000
    8   15
 -0.00041059  -0.00000000     0.00107724   0.00000000     0.00016620   0.00000000
  0.00032303   0.00000000    -0.00020466  -0.00000000    -0.00014940  -0.00000000
  0.00017193   0.00000000    -0.00019317  -0.00000000     0.00012734   0.00000000
    8   16
 -0.00992348  -0.00000000    -0.00029148  -0.00000000    -0.00066936  -0.00000000
  0.01852881   0.00000000    -0.00097583  -0.00000000    -0.00049397  -0.00000000
 -0.03041988  -0.00000000     0.00042801   0.00000000     0.00009125   0.00000000
    8   17
 -0.00005185  -0.00000000    -0.00049022  -0.00000000    -0.00007930  -0.00000000
 -0.00023940  -0.00000000    -0.00014143  -0.00000000    -0.00022979  -0.00000000
 -0.00011642  -0.00000000    -0.00000127  -0.00000000    -0.00007340  -0.00000000
    8   18
 -0.00067735   0.00000000    -0.00023105   0.00000000     0.00029701  -0.00000000
 -0.00034127   0.00000000    -0.00004127   0.00000000     0.00021645  -0.00000000
  0.00007717  -0.00000000    -0.00026073   0.00000000     0.00000064  -0.00000000
    8   19
 -0.01009428   0.00000000    -0.00014090   0.00000000     0.00072936  -0.00000000
  0.01853764  -0.00000000    -0.00100484   0.00000000     0.00044079  -0.00000000
  0.03037842  -0.00000000    -0.00041660   0.00000000     0.00012778  -0.00000000
    8   20
 -0.00032380  -0.00000000     0.00087898   0.00000000    -0.00008940  -0.00000000
  0.00029312   0.00000000    -0.00021034  -0.00000000     0.00009830   0.00000000
 -0.00011375  -0.00000000     0.00014591   0.00000000     0.00008122   0.00000000
    8   21
 -0.00083633   0.00000000    -0.00036147   0.00000000    -0.00024991   0.00000000
 -0.00030097   0.00000000    -0.00000650   0.00000000    -0.00023248   0.00000000
 -0.00001318   0.00000000     0.00022753  -0.00000000    -0.00004131   0.00000000
    8   22
  0.00011426   0.00000000    -0.00042410  -0.00000000     0.00013740   0.00000000
 -0.00025611  -0.00000000    -0.00017523  -0.00000000     0.00021873   0.00000000
  0.00004151   0.00000000     0.00006333   0.00000000    -0.00010116  -0.00000000
    9    1
 -0.00152086  -0.00000000    -0.00628456  -0.00000000    -0.00002579  -0.00000000
 -0.00029123  -0.00000000    -0.00032783  -0.00000000    -0.00011380  -0.00000000
  0.00014199   0.00000000     0.00009233   0.00000000     0.00179892   0.00000000
    9    2
  0.00825473   0.00000000     0.00116362   0.00000000     0.00004074   0.00000000
 -0.00415999  -0.00000000     0.00598631   0.00000000     0.00000319   0.00000000
  0.00025461   0.00000000     0.00013278   0.00000000     0.00591114   0.00000000
    9    3
 -0.00309489  -0.00000000    -0.00102893  -0.00000000     0.00006853   0.00000000
  0.00001126   0.00000000    -0.00004105  -0.00000000    -0.00002642  -0.00000000
  0.00000914   0.00000000     0.00002826   0.00000000    -0.00054988  -0.00000000
    9    4
  0.00031946   0.00000000     0.00034050   0.00000000    -0.00003274  -0.00000000
 -0.00071923  -0.00000000    -0.00015987  -0.00000000     0.00003140   0.00000000
 -0.00001287  -0.00000000    -0.00005348  -0.00000000     0.00024392   0.00000000
    9    5
  0.33941867   0.00000000     0.00323965   0.00000000    -0.00003898  -0.00000000
  0.00600107   0.00000000     0.04824433   0.00000000     0.00001573   0.00000000
 -0.00002989  -0.00000000    -0.00001876  -0.00000000     0.05018731   0.00000000
    9    6
  0.00129571   0.00000000    -0.00023107  -0.00000000     0.00003040   0.00000000
  0.00038848   0.00000000     0.00030954   0.00000000    -0.00003736  -0.00000000
 -0.00000720  -0.00000000    -0.00004480  -0.00000000     0.00083998   0.00000000
    9    7
 -0.00000000  -0.00000000     0.00064010   0.00000000     0.00005120   0.00000000
  0.00064010   0.00000000     0.00000000   0.00000000    -0.00000325  -0.00000000
  0.00005120   0.00000000     0.00000325   0.00000000     0.00000000   0.00000000
    9    8
  0.00000000   0.00000000     0.00022243  -0.00000000     0.00000050  -0.00000000
  0.00022243  -0.00000000     0.00000000   0.00000000     0.00001398  -0.00000000
 -0.00000050   0.00000000     0.00001398  -0.00000000    -0.00000000   0.00000000
    9    9
  0.38607616   0.00000000     0.00597839   0.00000000     0.00002814   0.00000000
  0.00597839   0.00000000     0.05855617   0.00000000    -0.00000283   0.00000000
  0.00002814   0.00000000    -0.00000283   0.00000000     0.06267920   0.00000000
    9   10
 -0.00061756  -0.00000000    -0.00058124  -0.00000000     0.00001534   0.00000000
 -0.00058124  -0.00000000    -0.00018768  -0.00000000     0.00002849   0.00000000
 -0.00001534  -0.00000000    -0.00002849  -0.00000000    -0.00017859  -0.00000000
    9   11
  0.00046552   0.00000000     0.00061029   0.00000000    -0.00012750  -0.00000000
  0.00014747   0.00000000    -0.00023111  -0.00000000    -0.00003256  -0.00000000
  0.00002603   0.00000000     0.00000337   0.00000000     0.00038913   0.00000000
    9   12
  0.00038232  -0.00000000     0.00109854  -0.00000000    -0.00013890   0.00000000
  0.00037503  -0.00000000    -0.00019451   0.00000000    -0.00001856   0.00000000
 -0.00002254   0.00000000    -0.00000170   0.00000000    -0.00035716   0.00000000
    9   13
  0.01365372   0.00000000    -0.00032242  -0.00000000     0.00008329   0.00000000
 -0.03348459  -0.00000000    -0.00054860  -0.00000000     0.00002481   0.00000000
 -0.00000736  -0.00000000    -0.00004109  -0.00000000     0.00261651   0.00000000
    9   14
  0.00009640  -0.00000000     0.00199392  -0.00000000     0.00006516  -0.00000000
  0.00092839  -0.00000000     0.00098175  -0.00000000     0.00001412  -0.00000000
  0.00000360  -0.00000000     0.00001346  -0.00000000     0.00005280  -0.00000000
    9   15
 -0.00067735  -0.00000000     0.00023105   0.00000000     0.00029701   0.00000000
  0.00034127   0.00000000    -0.00004127  -0.00000000    -0.00021645  -0.00000000
  0.00007717   0.00000000     0.00026073   0.00000000     0.00000064   0.00000000
    9   16
 -0.00005185  -0.00000000     0.00049022   0.00000000    -0.00007930  -0.00000000
  0.00023940   0.00000000    -0.00014143  -0.00000000     0.00022979   0.00000000
 -0.00011642  -0.00000000     0.00000127   0.00000000    -0.00007340  -0.00000000
    9   17
  0.00992348   0.00000000    -0.00029148  -0.00000000     0.00066936   0.00000000
  0.01852881   0.00000000     0.00097583   0.00000000    -0.00049397  -0.00000000
  0.03041988   0.00000000     0.00042801   0.00000000    -0.00009125  -0.00000000
    9   18
  0.00041059  -0.00000000     0.00107724  -0.00000000    -0.00016620   0.00000000
  0.00032303  -0.00000000     0.00020466  -0.00000000    -0.00014940   0.00000000
 -0.00017193   0.00000000    -0.00019317   0.00000000    -0.00012734   0.00000000
    9   19
  0.00011426  -0.00000000     0.00042410  -0.00000000     0.00013740  -0.00000000
  0.00025611  -0.00000000    -0.00017523   0.00000000    -0.00021873   0.00000000
  0.00004151  -0.00000000    -0.00006333   0.00000000    -0.00010116   0.00000000
    9   20
 -0.00083633  -0.00000000     0.00036147   0.00000000    -0.00024991  -0.00000000
  0.00030097   0.00000000    -0.00000650  -0.00000000     0.00023248   0.00000000
 -0.00001318  -0.00000000    -0.00022753  -0.00000000    -0.00004131  -0.00000000
    9   21
  0.00032380  -0.00000000     0.00087898  -0.00000000     0.00008940  -0.00000000
  0.00029312  -0.00000000     0.00021034  -0.00000000     0.00009830  -0.00000000
  0.00011375  -0.00000000     0.00014591  -0.00000000    -0.00008122   0.00000000
    9   22
  0.01009428   0.00000000    -0.00014090  -0.00000000    -0.00072936  -0.00000000
  0.01853764   0.00000000     0.00100484   0.00000000     0.00044079   0.00000000
 -0.03037842  -0.00000000    -0.00041660  -0.00000000    -0.00012778  -0.00000000
   10    1
 -0.00152086   0.00000000    -0.00628456   0.00000000     0.00002579  -0.00000000
 -0.00029123   0.00000000    -0.00032783   0.00000000     0.00011380  -0.00000000
 -0.00014199   0.00000000    -0.00009233   0.00000000     0.00179892  -0.00000000
   10    2
  0.00825473   0.00000000     0.00116362   0.00000000    -0.00004074  -0.00000000
 -0.00415999  -0.00000000     0.00598631   0.00000000    -0.00000319  -0.00000000
 -0.00025461  -0.00000000    -0.00013278  -0.00000000     0.00591114   0.00000000
   10    3
  0.00031946  -0.00000000     0.00034050  -0.00000000     0.00003274  -0.00000000
 -0.00071923   0.00000000    -0.00015987   0.00000000    -0.00003140   0.00000000
  0.00001287  -0.00000000     0.00005348  -0.00000000     0.00024392  -0.00000000
   10    4
 -0.00309489   0.00000000    -0.00102893   0.00000000    -0.00006853   0.00000000
  0.00001126  -0.00000000    -0.00004105   0.00000000     0.00002642  -0.00000000
 -0.00000914   0.00000000    -0.00002826   0.00000000    -0.00054988   0.00000000
   10    5
  0.00129571   0.00000000    -0.00023107  -0.00000000    -0.00003040  -0.00000000
  0.00038848   0.00000000     0.00030954   0.00000000     0.00003736   0.00000000
  0.00000720   0.00000000     0.00004480   0.00000000     0.00083998   0.00000000
   10    6
  0.33941867  -0.00000000     0.00323965  -0.00000000     0.00003898  -0.00000000
  0.00600107  -0.00000000     0.04824433  -0.00000000    -0.00001573   0.00000000
  0.00002989  -0.00000000     0.00001876  -0.00000000     0.05018731  -0.00000000
   10    7
  0.00000000  -0.00000000     0.00022243   0.00000000    -0.00000050  -0.00000000
  0.00022243   0.00000000     0.00000000  -0.00000000    -0.00001398  -0.00000000
  0.00000050   0.00000000    -0.00001398  -0.00000000    -0.00000000  -0.00000000
   10    8
 -0.00000000   0.00000000     0.00064010  -0.00000000    -0.00005120   0.00000000
  0.00064010  -0.00000000     0.00000000  -0.00000000     0.00000325  -0.00000000
 -0.00005120   0.00000000    -0.00000325   0.00000000     0.00000000  -0.00000000
   10    9
 -0.00061756   0.00000000    -0.00058124   0.00000000    -0.00001534   0.00000000
 -0.00058124   0.00000000    -0.00018768   0.00000000    -0.00002849   0.00000000
  0.00001534  -0.00000000     0.00002849  -0.00000000    -0.00017859   0.00000000
   10   10
  0.38607616   0.00000000     0.00597839   0.00000000    -0.00002814   0.00000000
  0.00597839   0.00000000     0.05855617   0.00000000     0.00000283   0.00000000
 -0.00002814   0.00000000     0.00000283   0.00000000     0.06267920   0.00000000
   10   11
  0.00038232   0.00000000     0.00109854   0.00000000     0.00013890   0.00000000
  0.00037503   0.00000000    -0.00019451  -0.00000000     0.00001856   0.00000000
  0.00002254   0.00000000     0.00000170   0.00000000    -0.00035716  -0.00000000
   10   12
  0.00046552  -0.00000000     0.00061029  -0.00000000     0.00012750  -0.00000000
  0.00014747  -0.00000000    -0.00023111   0.00000000     0.00003256  -0.00000000
 -0.00002603   0.00000000    -0.00000337   0.00000000     0.00038913  -0.00000000
   10   13
  0.00009640   0.00000000     0.00199392   0.00000000    -0.00006516  -0.00000000
  0.00092839   0.00000000     0.00098175   0.00000000    -0.00001412  -0.00000000
 -0.00000360  -0.00000000    -0.00001346  -0.00000000     0.00005280   0.00000000
   10   14
  0.01365372  -0.00000000    -0.00032242   0.00000000    -0.00008329   0.00000000
 -0.03348459   0.00000000    -0.00054860   0.00000000    -0.00002481   0.00000000
  0.00000736  -0.00000000     0.00004109  -0.00000000     0.00261651  -0.00000000
   10   15
 -0.00005185   0.00000000     0.00049022  -0.00000000     0.00007930  -0.00000000
  0.00023940  -0.00000000    -0.00014143   0.00000000    -0.00022979   0.00000000
  0.00011642  -0.00000000    -0.00000127   0.00000000    -0.00007340   0.00000000
   10   16
 -0.00067735   0.00000000     0.00023105  -0.00000000    -0.00029701   0.00000000
  0.00034127  -0.00000000    -0.00004127   0.00000000     0.00021645  -0.00000000
 -0.00007717   0.00000000    -0.00026073   0.00000000     0.00000064  -0.00000000
   10   17
  0.00041059   0.00000000     0.00107724   0.00000000     0.00016620   0.00000000
  0.00032303   0.00000000     0.00020466   0.00000000     0.00014940   0.00000000
  0.00017193   0.00000000     0.00019317   0.00000000    -0.00012734  -0.00000000
   10   18
  0.00992348  -0.00000000    -0.00029148   0.00000000    -0.00066936   0.00000000
  0.01852881  -0.00000000     0.00097583  -0.00000000     0.00049397  -0.00000000
 -0.03041988   0.00000000    -0.00042801   0.00000000    -0.00009125   0.00000000
   10   19
 -0.00083633   0.00000000     0.00036147  -0.00000000     0.00024991  -0.00000000
  0.00030097  -0.00000000    -0.00000650   0.00000000    -0.00023248   0.00000000
  0.00001318  -0.00000000     0.00022753  -0.00000000    -0.00004131   0.00000000
   10   20
  0.00011426  -0.00000000     0.00042410  -0.00000000    -0.00013740   0.00000000
  0.00025611  -0.00000000    -0.00017523   0.00000000     0.00021873  -0.00000000
 -0.00004151   0.00000000     0.00006333  -0.00000000    -0.00010116   0.00000000
   10   21
  0.01009428  -0.00000000    -0.00014090   0.00000000     0.00072936  -0.00000000
  0.01853764  -0.00000000     0.00100484  -0.00000000    -0.00044079   0.00000000
  0.03037842  -0.00000000     0.00041660  -0.00000000    -0.00012778   0.00000000
   10   22
  0.00032380   0.00000000     0.00087898   0.00000000    -0.00008940  -0.00000000
  0.00029312   0.00000000     0.00021034   0.00000000    -0.00009830  -0.00000000
 -0.00011375  -0.00000000    -0.00014591  -0.00000000    -0.00008122  -0.00000000
   11    1
 -0.00661163   0.00000000    -0.00486602   0.00000000     0.00017653  -0.00000000
 -0.00011929   0.00000000    -0.00781261   0.00000000     0.00004045  -0.00000000
 -0.00006615   0.00000000    -0.00006594   0.00000000    -0.00466788   0.00000000
   11    2
 -0.00019811  -0.00000000     0.00239045   0.00000000     0.00026199   0.00000000
  0.00672218   0.00000000     0.00046208   0.00000000     0.00011527   0.00000000
 -0.00005515  -0.00000000     0.00004927   0.00000000     0.00094487   0.00000000
   11    3
 -0.09028058   0.00000000    -0.09664606   0.00000000    -0.00000496   0.00000000
 -0.09844398   0.00000000    -0.29270077   0.00000000     0.00003347  -0.00000000
  0.00006481  -0.00000000    -0.00008311   0.00000000    -0.05293730   0.00000000
   11    4
 -0.00023026   0.00000000    -0.00019070   0.00000000    -0.00004894   0.00000000
  0.00038977  -0.00000000    -0.00063940   0.00000000    -0.00000134   0.00000000
 -0.00008333   0.00000000     0.00009387  -0.00000000    -0.00060066   0.00000000
   11    5
 -0.00059185  -0.00000000     0.00098228   0.00000000    -0.00003252  -0.00000000
 -0.00015449  -0.00000000    -0.00054184  -0.00000000    -0.00000396  -0.00000000
 -0.00001772  -0.00000000     0.00007513   0.00000000    -0.00017239  -0.00000000
   11    6
  0.00005960  -0.00000000    -0.00072139   0.00000000    -0.00004883   0.00000000
  0.00070794  -0.00000000    -0.00259040   0.00000000     0.00006586  -0.00000000
  0.00003617  -0.00000000    -0.00004149   0.00000000    -0.00056778   0.00000000
   11    7
 -0.01365372  -0.00000000    -0.03348459  -0.00000000    -0.00000736  -0.00000000
 -0.00032242  -0.00000000     0.00054860   0.00000000     0.00004109   0.00000000
  0.00008329   0.00000000    -0.00002481  -0.00000000    -0.00261651  -0.00000000
   11    8
 -0.00009640   0.00000000     0.00092839  -0.00000000    -0.00000360   0.00000000
  0.00199392  -0.00000000    -0.00098175   0.00000000     0.00001346  -0.00000000
 -0.00006516   0.00000000     0.00001412  -0.00000000    -0.00005280   0.00000000
   11    9
  0.00046552  -0.00000000     0.00014747  -0.00000000     0.00002603  -0.00000000
  0.00061029  -0.00000000    -0.00023111   0.00000000     0.00000337  -0.00000000
 -0.00012750   0.00000000    -0.00003256   0.00000000     0.00038913  -0.00000000
   11   10
  0.00038232  -0.00000000     0.00037503  -0.00000000     0.00002254  -0.00000000
  0.00109854  -0.00000000    -0.00019451   0.00000000     0.00000170  -0.00000000
  0.00013890  -0.00000000     0.00001856  -0.00000000    -0.00035716   0.00000000
   11   11
  0.10294299   0.00000000     0.11114863   0.00000000    -0.00000629   0.00000000
  0.11114863   0.00000000     0.33689523   0.00000000    -0.00008398   0.00000000
 -0.00000629   0.00000000    -0.00008398   0.00000000     0.06305138   0.00000000
   11   12
  0.00014908  -0.00000000     0.00035527  -0.00000000    -0.00002350   0.00000000
  0.00035527  -0.00000000     0.00008713  -0.00000000    -0.00004642   0.00000000
  0.00002350  -0.00000000     0.00004642  -0.00000000    -0.00012590   0.00000000
   11   13
 -0.00000000   0.00000000     0.00002991   0.00000000    -0.00004484  -0.00000000
  0.00002991   0.00000000    -0.00000000  -0.00000000    -0.00011725  -0.00000000
 -0.00004484  -0.00000000     0.00011725   0.00000000     0.00000000  -0.00000000
   11   14
 -0.00000000   0.00000000    -0.00102163   0.00000000    -0.00005884   0.00000000
 -0.00102163   0.00000000    -0.00000000   0.00000000    -0.00008590   0.00000000
  0.00005884  -0.00000000    -0.00008590   0.00000000     0.00000000  -0.00000000
   11   15
  0.00388863  -0.00000000     0.01249811  -0.00000000    -0.00082120   0.00000000
 -0.00646765   0.00000000    -0.01555903   0.00000000    -0.00007532   0.00000000
 -0.01147395   0.00000000    -0.02773520   0.00000000    -0.00002517   0.00000000
   11   16
  0.00011761  -0.00000000     0.00010678  -0.00000000    -0.00009875   0.00000000
  0.00099370  -0.00000000    -0.00046397   0.00000000     0.00019366  -0.00000000
 -0.00015778   0.00000000     0.00017981  -0.00000000     0.00010316  -0.00000000
   11   17
 -0.00034486  -0.00000000    -0.00036274  -0.00000000    -0.00025681  -0.00000000
 -0.00022048  -0.00000000    -0.00008957  -0.00000000     0.00011067   0.00000000
 -0.00019074  -0.00000000    -0.00010388  -0.00000000    -0.00017812  -0.00000000
   11   18
 -0.00007743   0.00000000    -0.00042709   0.00000000     0.00017668  -0.00000000
 -0.00026030   0.00000000    -0.00018416   0.00000000     0.00012429  -0.00000000
  0.00004993  -0.00000000     0.00010960  -0.00000000    -0.00008934   0.00000000
   11   19
  0.00012155  -0.00000000     0.00015926  -0.00000000     0.00008099  -0.00000000
  0.00092052  -0.00000000    -0.00026919   0.00000000    -0.00010964   0.00000000
  0.00009215  -0.00000000    -0.00021321   0.00000000     0.00002845  -0.00000000
   11   20
  0.00392464  -0.00000000     0.01246214  -0.00000000     0.00080722  -0.00000000
 -0.00632359   0.00000000    -0.01572662   0.00000000     0.00016306  -0.00000000
  0.01148745  -0.00000000     0.02780694  -0.00000000    -0.00015866   0.00000000
   11   21
 -0.00009748   0.00000000    -0.00038736   0.00000000    -0.00015352   0.00000000
 -0.00048014   0.00000000    -0.00027169   0.00000000    -0.00007241   0.00000000
  0.00011905  -0.00000000    -0.00001596   0.00000000     0.00008847  -0.00000000
   11   22
 -0.00033464  -0.00000000    -0.00037991  -0.00000000     0.00027052   0.00000000
 -0.00004734  -0.00000000     0.00004928   0.00000000    -0.00005361  -0.00000000
  0.00002561   0.00000000     0.00001909   0.00000000     0.00002249   0.00000000
   12    1
 -0.00661163  -0.00000000    -0.00486602  -0.00000000    -0.00017653  -0.00000000
 -0.00011929  -0.00000000    -0.00781261  -0.00000000    -0.00004045  -0.00000000
  0.00006615   0.00000000     0.00006594   0.00000000    -0.00466788  -0.00000000
   12    2
 -0.00019811  -0.00000000     0.00239045   0.00000000    -0.00026199  -0.00000000
  0.00672218   0.00000000     0.00046208   0.00000000    -0.00011527  -0.00000000
  0.00005515   0.00000000    -0.00004927  -0.00000000     0.00094487   0.00000000
   12    3
 -0.00023026  -0.00000000    -0.00019070  -0.00000000     0.00004894   0.00000000
  0.00038977   0.00000000    -0.00063940  -0.00000000     0.00000134   0.00000000
  0.00008333   0.00000000    -0.00009387  -0.00000000    -0.00060066  -0.00000000
   12    4
 -0.09028058  -0.00000000    -0.09664606  -0.00000000     0.00000496   0.00000000
 -0.09844398  -0.00000000    -0.29270077  -0.00000000    -0.00003347  -0.00000000
 -0.00006481  -0.00000000     0.00008311   0.00000000    -0.05293730  -0.00000000
   12    5
  0.00005960   0.00000000    -0.00072139  -0.00000000     0.00004883   0.00000000
  0.00070794   0.00000000    -0.00259040  -0.00000000    -0.00006586  -0.00000000
 -0.00003617  -0.00000000     0.00004149   0.00000000    -0.00056778  -0.00000000
   12    6
 -0.00059185  -0.00000000     0.00098228   0.00000000     0.00003252   0.00000000
 -0.00015449  -0.00000000    -0.00054184  -0.00000000     0.00000396   0.00000000
  0.00001772   0.00000000    -0.00007513  -0.00000000    -0.00017239  -0.00000000
   12    7
 -0.00009640  -0.00000000     0.00092839   0.00000000     0.00000360   0.00000000
  0.00199392   0.00000000    -0.00098175  -0.00000000    -0.00001346  -0.00000000
  0.00006516   0.00000000    -0.00001412  -0.00000000    -0.00005280  -0.00000000
   12    8
 -0.01365372  -0.00000000    -0.03348459  -0.00000000     0.00000736   0.00000000
 -0.00032242  -0.00000000     0.00054860   0.00000000    -0.00004109  -0.00000000
 -0.00008329  -0.00000000     0.00002481   0.00000000    -0.00261651  -0.00000000
   12    9
  0.00038232   0.00000000     0.00037503   0.00000000    -0.00002254  -0.00000000
  0.00109854   0.00000000    -0.00019451  -0.00000000    -0.00000170  -0.00000000
 -0.00013890  -0.00000000    -0.00001856  -0.00000000    -0.00035716  -0.00000000
   12   10
  0.00046552   0.00000000     0.00014747   0.00000000    -0.00002603  -0.00000000
  0.00061029   0.00000000    -0.00023111  -0.00000000    -0.00000337  -0.00000000
  0.00012750   0.00000000     0.00003256   0.00000000     0.00038913   0.00000000
   12   11
  0.00014908   0.00000000     0.00035527   0.00000000     0.00002350   0.00000000
  0.00035527   0.00000000     0.00008713   0.00000000     0.00004642   0.00000000
 -0.00002350  -0.00000000    -0.00004642  -0.00000000    -0.00012590  -0.00000000
   12   12
  0.10294299   0.00000000     0.11114863   0.00000000     0.00000629   0.00000000
  0.11114863   0.00000000     0.33689523   0.00000000     0.00008398   0.00000000
  0.00000629   0.00000000     0.00008398   0.00000000     0.06305138   0.00000000
   12   13
 -0.00000000   0.00000000    -0.00102163  -0.00000000     0.00005884   0.00000000
 -0.00102163  -0.00000000    -0.00000000   0.00000000     0.00008590   0.00000000
 -0.00005884  -0.00000000     0.00008590   0.00000000     0.00000000   0.00000000
   12   14
 -0.00000000   0.00000000     0.00002991  -0.00000000     0.00004484  -0.00000000
  0.00002991  -0.00000000    -0.00000000   0.00000000     0.00011725  -0.00000000
  0.00004484  -0.00000000    -0.00011725   0.00000000     0.00000000   0.00000000
   12   15
  0.00011761   0.00000000     0.00010678   0.00000000     0.00009875   0.00000000
  0.00099370   0.00000000    -0.00046397  -0.00000000    -0.00019366  -0.00000000
  0.00015778   0.00000000    -0.00017981  -0.00000000     0.00010316   0.00000000
   12   16
  0.00388863   0.00000000     0.01249811   0.00000000     0.00082120   0.00000000
 -0.00646765  -0.00000000    -0.01555903  -0.00000000     0.00007532   0.00000000
  0.01147395   0.00000000     0.02773520   0.00000000    -0.00002517  -0.00000000
   12   17
 -0.00007743  -0.00000000    -0.00042709  -0.00000000    -0.00017668  -0.00000000
 -0.00026030  -0.00000000    -0.00018416  -0.00000000    -0.00012429  -0.00000000
 -0.00004993  -0.00000000    -0.00010960  -0.00000000    -0.00008934  -0.00000000
   12   18
 -0.00034486   0.00000000    -0.00036274   0.00000000     0.00025681  -0.00000000
 -0.00022048   0.00000000    -0.00008957   0.00000000    -0.00011067   0.00000000
  0.00019074  -0.00000000     0.00010388  -0.00000000    -0.00017812   0.00000000
   12   19
  0.00392464  -0.00000000     0.01246214  -0.00000000    -0.00080722   0.00000000
 -0.00632359   0.00000000    -0.01572662   0.00000000    -0.00016306   0.00000000
 -0.01148745   0.00000000    -0.02780694   0.00000000    -0.00015866   0.00000000
   12   20
  0.00012155   0.00000000     0.00015926   0.00000000    -0.00008099  -0.00000000
  0.00092052   0.00000000    -0.00026919  -0.00000000     0.00010964   0.00000000
 -0.00009215  -0.00000000     0.00021321   0.00000000     0.00002845   0.00000000
   12   21
 -0.00033464   0.00000000    -0.00037991   0.00000000    -0.00027052   0.00000000
 -0.00004734   0.00000000     0.00004928  -0.00000000     0.00005361  -0.00000000
 -0.00002561   0.00000000    -0.00001909   0.00000000     0.00002249  -0.00000000
   12   22
 -0.00009748  -0.00000000    -0.00038736  -0.00000000     0.00015352   0.00000000
 -0.00048014  -0.00000000    -0.00027169  -0.00000000     0.00007241   0.00000000
 -0.00011905  -0.00000000     0.00001596   0.00000000     0.00008847   0.00000000
   13    1
  0.00019811  -0.00000000     0.00239045  -0.00000000     0.00026199  -0.00000000
  0.00672218  -0.00000000    -0.00046208   0.00000000    -0.00011527   0.00000000
 -0.00005515   0.00000000    -0.00004927   0.00000000    -0.00094487   0.00000000
   13    2
 -0.00661163  -0.00000000     0.00486602   0.00000000    -0.00017653  -0.00000000
  0.00011929   0.00000000    -0.00781261  -0.00000000     0.00004045   0.00000000
  0.00006615   0.00000000    -0.00006594  -0.00000000    -0.00466788  -0.00000000
   13    3
  0.00059185  -0.00000000     0.00098228  -0.00000000    -0.00003252   0.00000000
 -0.00015449   0.00000000     0.00054184  -0.00000000     0.00000396  -0.00000000
 -0.00001772   0.00000000    -0.00007513   0.00000000     0.00017239  -0.00000000
   13    4
 -0.00005960   0.00000000    -0.00072139   0.00000000    -0.00004883   0.00000000
  0.00070794  -0.00000000     0.00259040  -0.00000000    -0.00006586   0.00000000
  0.00003617  -0.00000000     0.00004149  -0.00000000     0.00056778  -0.00000000
   13    5
 -0.09028058  -0.00000000     0.09664606   0.00000000     0.00000496   0.00000000
  0.09844398   0.00000000    -0.29270077  -0.00000000     0.00003347   0.00000000
 -0.00006481  -0.00000000    -0.00008311  -0.00000000    -0.05293730  -0.00000000
   13    6
 -0.00023026   0.00000000     0.00019070  -0.00000000     0.00004894  -0.00000000
 -0.00038977   0.00000000    -0.00063940   0.00000000    -0.00000134   0.00000000
  0.00008333  -0.00000000     0.00009387  -0.00000000    -0.00060066   0.00000000
   13    7
  0.00046552   0.00000000    -0.00014747  -0.00000000    -0.00002603  -0.00000000
 -0.00061029  -0.00000000    -0.00023111  -0.00000000     0.00000337   0.00000000
  0.00012750   0.00000000    -0.00003256  -0.00000000     0.00038913   0.00000000
   13    8
  0.00038232  -0.00000000    -0.00037503   0.00000000    -0.00002254   0.00000000
 -0.00109854   0.00000000    -0.00019451   0.00000000     0.00000170  -0.00000000
 -0.00013890   0.00000000     0.00001856  -0.00000000    -0.00035716   0.00000000
   13    9
  0.01365372  -0.00000000    -0.03348459   0.00000000    -0.00000736   0.00000000
 -0.00032242   0.00000000    -0.00054860   0.00000000    -0.00004109   0.00000000
  0.00008329  -0.00000000     0.00002481  -0.00000000     0.00261651  -0.00000000
   13   10
  0.00009640  -0.00000000     0.00092839  -0.00000000    -0.00000360   0.00000000
  0.00199392  -0.00000000     0.00098175  -0.00000000    -0.00001346   0.00000000
 -0.00006516   0.00000000    -0.00001412   0.00000000     0.00005280  -0.00000000
   13   11
  0.00000000  -0.00000000     0.00002991  -0.00000000    -0.00004484   0.00000000
  0.00002991  -0.00000000     0.00000000  -0.00000000     0.00011725  -0.00000000
 -0.00004484   0.00000000    -0.00011725   0.00000000    -0.00000000   0.00000000
   13   12
  0.00000000  -0.00000000    -0.00102163   0.00000000    -0.00005884   0.00000000
 -0.00102163   0.00000000     0.00000000  -0.00000000     0.00008590  -0.00000000
  0.00005884  -0.00000000     0.00008590  -0.00000000    -0.00000000   0.00000000
   13   13
  0.10294299   0.00000000    -0.11114863   0.00000000     0.00000629   0.00000000
 -0.11114863   0.00000000     0.33689523   0.00000000    -0.00008398   0.00000000
  0.00000629   0.00000000    -0.00008398   0.00000000     0.06305138   0.00000000
   13   14
  0.00014908  -0.00000000    -0.00035527   0.00000000     0.00002350  -0.00000000
 -0.00035527   0.00000000     0.00008713  -0.00000000    -0.00004642   0.00000000
 -0.00002350   0.00000000     0.00004642  -0.00000000    -0.00012590   0.00000000
   13   15
  0.00034486  -0.00000000    -0.00036274   0.00000000    -0.00025681   0.00000000
 -0.00022048   0.00000000     0.00008957  -0.00000000    -0.00011067   0.00000000
 -0.00019074   0.00000000     0.00010388  -0.00000000     0.00017812  -0.00000000
   13   16
  0.00007743  -0.00000000    -0.00042709   0.00000000     0.00017668  -0.00000000
 -0.00026030   0.00000000     0.00018416  -0.00000000    -0.00012429   0.00000000
  0.00004993  -0.00000000    -0.00010960   0.00000000     0.00008934  -0.00000000
   13   17
  0.00388863  -0.00000000    -0.01249811   0.00000000     0.00082120  -0.00000000
  0.00646765  -0.00000000    -0.01555903   0.00000000    -0.00007532   0.00000000
  0.01147395  -0.00000000    -0.02773520   0.00000000    -0.00002517   0.00000000
   13   18
  0.00011761  -0.00000000    -0.00010678   0.00000000     0.00009875  -0.00000000
 -0.00099370   0.00000000    -0.00046397   0.00000000     0.00019366  -0.00000000
  0.00015778  -0.00000000     0.00017981  -0.00000000     0.00010316  -0.00000000
   13   19
  0.00009748  -0.00000000    -0.00038736   0.00000000    -0.00015352   0.00000000
 -0.00048014   0.00000000     0.00027169  -0.00000000     0.00007241  -0.00000000
  0.00011905  -0.00000000     0.00001596  -0.00000000    -0.00008847   0.00000000
   13   20
  0.00033464  -0.00000000    -0.00037991   0.00000000     0.00027052  -0.00000000
 -0.00004734   0.00000000    -0.00004928   0.00000000     0.00005361  -0.00000000
  0.00002561  -0.00000000    -0.00001909   0.00000000    -0.00002249   0.00000000
   13   21
  0.00012155  -0.00000000    -0.00015926   0.00000000    -0.00008099   0.00000000
 -0.00092052   0.00000000    -0.00026919   0.00000000    -0.00010964   0.00000000
 -0.00009215   0.00000000    -0.00021321   0.00000000     0.00002845  -0.00000000
   13   22
  0.00392464   0.00000000    -0.01246214  -0.00000000    -0.00080722  -0.00000000
  0.00632359   0.00000000    -0.01572662  -0.00000000     0.00016306   0.00000000
 -0.01148745  -0.00000000     0.02780694   0.00000000    -0.00015866  -0.00000000
   14    1
  0.00019811   0.00000000     0.00239045   0.00000000    -0.00026199  -0.00000000
  0.00672218   0.00000000    -0.00046208  -0.00000000     0.00011527   0.00000000
  0.00005515   0.00000000     0.00004927   0.00000000    -0.00094487  -0.00000000
   14    2
 -0.00661163  -0.00000000     0.00486602   0.00000000     0.00017653   0.00000000
  0.00011929   0.00000000    -0.00781261  -0.00000000    -0.00004045  -0.00000000
 -0.00006615  -0.00000000     0.00006594   0.00000000    -0.00466788  -0.00000000
   14    3
 -0.00005960  -0.00000000    -0.00072139  -0.00000000     0.00004883   0.00000000
  0.00070794   0.00000000     0.00259040   0.00000000     0.00006586   0.00000000
 -0.00003617  -0.00000000    -0.00004149  -0.00000000     0.00056778   0.00000000
   14    4
  0.00059185   0.00000000     0.00098228   0.00000000     0.00003252   0.00000000
 -0.00015449  -0.00000000     0.00054184   0.00000000    -0.00000396  -0.00000000
  0.00001772   0.00000000     0.00007513   0.00000000     0.00017239   0.00000000
   14    5
 -0.00023026  -0.00000000     0.00019070   0.00000000    -0.00004894  -0.00000000
 -0.00038977  -0.00000000    -0.00063940  -0.00000000     0.00000134   0.00000000
 -0.00008333  -0.00000000    -0.00009387  -0.00000000    -0.00060066  -0.00000000
   14    6
 -0.09028058  -0.00000000     0.09664606   0.00000000    -0.00000496  -0.00000000
  0.09844398   0.00000000    -0.29270077  -0.00000000    -0.00003347  -0.00000000
  0.00006481   0.00000000     0.00008311   0.00000000    -0.05293730  -0.00000000
   14    7
  0.00038232   0.00000000    -0.00037503  -0.00000000     0.00002254   0.00000000
 -0.00109854  -0.00000000    -0.00019451  -0.00000000    -0.00000170  -0.00000000
  0.00013890   0.00000000    -0.00001856  -0.00000000    -0.00035716  -0.00000000
   14    8
  0.00046552   0.00000000    -0.00014747  -0.00000000     0.00002603   0.00000000
 -0.00061029  -0.00000000    -0.00023111  -0.00000000    -0.00000337  -0.00000000
 -0.00012750  -0.00000000     0.00003256   0.00000000     0.00038913   0.00000000
   14    9
  0.00009640   0.00000000     0.00092839   0.00000000     0.00000360   0.00000000
  0.00199392   0.00000000     0.00098175   0.00000000     0.00001346   0.00000000
  0.00006516   0.00000000     0.00001412   0.00000000     0.00005280   0.00000000
   14   10
  0.01365372   0.00000000    -0.03348459  -0.00000000     0.00000736   0.00000000
 -0.00032242  -0.00000000    -0.00054860  -0.00000000     0.00004109   0.00000000
 -0.00008329  -0.00000000    -0.00002481  -0.00000000     0.00261651   0.00000000
   14   11
  0.00000000   0.00000000    -0.00102163  -0.00000000     0.00005884   0.00000000
 -0.00102163  -0.00000000     0.00000000   0.00000000    -0.00008590  -0.00000000
 -0.00005884  -0.00000000    -0.00008590  -0.00000000    -0.00000000  -0.00000000
   14   12
  0.00000000   0.00000000     0.00002991   0.00000000     0.00004484   0.00000000
  0.00002991   0.00000000     0.00000000   0.00000000    -0.00011725  -0.00000000
  0.00004484   0.00000000     0.00011725   0.00000000    -0.00000000  -0.00000000
   14   13
  0.00014908   0.00000000    -0.00035527  -0.00000000    -0.00002350  -0.00000000
 -0.00035527  -0.00000000     0.00008713   0.00000000     0.00004642   0.00000000
  0.00002350   0.00000000    -0.00004642  -0.00000000    -0.00012590  -0.00000000
   14   14
  0.10294299   0.00000000    -0.11114863   0.00000000    -0.00000629   0.00000000
 -0.11114863   0.00000000     0.33689523   0.00000000     0.00008398   0.00000000
 -0.00000629   0.00000000     0.00008398   0.00000000     0.06305138   0.00000000
   14   15
  0.00007743   0.00000000    -0.00042709  -0.00000000    -0.00017668  -0.00000000
 -0.00026030  -0.00000000     0.00018416   0.00000000     0.00012429   0.00000000
 -0.00004993  -0.00000000     0.00010960   0.00000000     0.00008934   0.00000000
   14   16
  0.00034486   0.00000000    -0.00036274  -0.00000000     0.00025681   0.00000000
 -0.00022048  -0.00000000     0.00008957   0.00000000     0.00011067   0.00000000
  0.00019074   0.00000000    -0.00010388  -0.00000000     0.00017812   0.00000000
   14   17
  0.00011761   0.00000000    -0.00010678  -0.00000000    -0.00009875  -0.00000000
 -0.00099370  -0.00000000    -0.00046397  -0.00000000    -0.00019366  -0.00000000
 -0.00015778  -0.00000000    -0.00017981  -0.00000000     0.00010316   0.00000000
   14   18
  0.00388863  -0.00000000    -0.01249811   0.00000000    -0.00082120   0.00000000
  0.00646765  -0.00000000    -0.01555903   0.00000000     0.00007532  -0.00000000
 -0.01147395   0.00000000     0.02773520  -0.00000000    -0.00002517   0.00000000
   14   19
  0.00033464   0.00000000    -0.00037991  -0.00000000    -0.00027052  -0.00000000
 -0.00004734  -0.00000000    -0.00004928  -0.00000000    -0.00005361  -0.00000000
 -0.00002561  -0.00000000     0.00001909   0.00000000    -0.00002249  -0.00000000
   14   20
  0.00009748   0.00000000    -0.00038736  -0.00000000     0.00015352   0.00000000
 -0.00048014  -0.00000000     0.00027169   0.00000000    -0.00007241  -0.00000000
 -0.00011905  -0.00000000    -0.00001596  -0.00000000    -0.00008847  -0.00000000
   14   21
  0.00392464  -0.00000000    -0.01246214   0.00000000     0.00080722  -0.00000000
  0.00632359  -0.00000000    -0.01572662   0.00000000    -0.00016306   0.00000000
  0.01148745  -0.00000000    -0.02780694   0.00000000    -0.00015866   0.00000000
   14   22
  0.00012155   0.00000000    -0.00015926  -0.00000000     0.00008099   0.00000000
 -0.00092052  -0.00000000    -0.00026919  -0.00000000     0.00010964   0.00000000
  0.00009215   0.00000000     0.00021321   0.00000000     0.00002845   0.00000000
   15    1
 -0.00264621   0.00000000    -0.00094926   0.00000000     0.00057897  -0.00000000
 -0.00049924   0.00000000    -0.00289097   0.00000000    -0.00056534   0.00000000
 -0.00170228   0.00000000     0.00287348  -0.00000000     0.00218134  -0.00000000
   15    2
  0.00374154   0.00000000    -0.00132594  -0.00000000     0.00234460   0.00000000
 -0.00055068  -0.00000000     0.00025150   0.00000000    -0.00060486  -0.00000000
  0.00135332   0.00000000    -0.00044805  -0.00000000     0.00353686   0.00000000
   15    3
 -0.07381681  -0.00000000     0.04722388   0.00000000     0.07210445   0.00000000
  0.04717047   0.00000000    -0.11806159  -0.00000000    -0.11659571  -0.00000000
  0.07232908   0.00000000    -0.11735064  -0.00000000    -0.25934278  -0.00000000
   15    4
 -0.00103036   0.00000000     0.00005181  -0.00000000     0.00015916  -0.00000000
  0.00030134  -0.00000000    -0.00066408   0.00000000    -0.00023439   0.00000000
  0.00022386  -0.00000000    -0.00004847   0.00000000    -0.00028613   0.00000000
   15    5
  0.00049214   0.00000000     0.00027519   0.00000000    -0.00056926  -0.00000000
  0.00031407   0.00000000    -0.00019156  -0.00000000     0.00017578   0.00000000
 -0.00029958  -0.00000000    -0.00019896  -0.00000000     0.00074582   0.00000000
   15    6
  0.00038072  -0.00000000    -0.00018285   0.00000000    -0.00006649   0.00000000
 -0.00038456   0.00000000     0.00094983  -0.00000000     0.00074669  -0.00000000
 -0.00030871   0.00000000     0.00063401  -0.00000000     0.00076271  -0.00000000
   15    7
 -0.00992348  -0.00000000     0.01852881   0.00000000     0.03041988   0.00000000
 -0.00029148  -0.00000000    -0.00097583  -0.00000000    -0.00042801  -0.00000000
  0.00066936   0.00000000     0.00049397   0.00000000     0.00009125   0.00000000
   15    8
 -0.00041059   0.00000000     0.00032303  -0.00000000     0.00017193  -0.00000000
  0.00107724  -0.00000000    -0.00020466   0.00000000    -0.00019317   0.00000000
  0.00016620  -0.00000000    -0.00014940   0.00000000     0.00012734  -0.00000000
   15    9
 -0.00067735   0.00000000     0.00034127  -0.00000000     0.00007717  -0.00000000
  0.00023105  -0.00000000    -0.00004127   0.00000000     0.00026073  -0.00000000
  0.00029701  -0.00000000    -0.00021645   0.00000000     0.00000064  -0.00000000
   15   10
 -0.00005185  -0.00000000     0.00023940   0.00000000     0.00011642   0.00000000
  0.00049022   0.00000000    -0.00014143  -0.00000000    -0.00000127  -0.00000000
  0.00007930   0.00000000    -0.00022979  -0.00000000    -0.00007340  -0.00000000
   15   11
  0.00388863   0.00000000    -0.00646765  -0.00000000    -0.01147395  -0.00000000
  0.01249811   0.00000000    -0.01555903  -0.00000000    -0.02773520  -0.00000000
 -0.00082120  -0.00000000    -0.00007532  -0.00000000    -0.00002517  -0.00000000
   15   12
  0.00011761  -0.00000000     0.00099370  -0.00000000     0.00015778  -0.00000000
  0.00010678  -0.00000000    -0.00046397   0.00000000    -0.00017981   0.00000000
  0.00009875  -0.00000000    -0.00019366   0.00000000     0.00010316  -0.00000000
   15   13
  0.00034486   0.00000000    -0.00022048  -0.00000000    -0.00019074  -0.00000000
 -0.00036274  -0.00000000     0.00008957   0.00000000     0.00010388   0.00000000
 -0.00025681  -0.00000000    -0.00011067  -0.00000000     0.00017812   0.00000000
   15   14
  0.00007743  -0.00000000    -0.00026030   0.00000000    -0.00004993   0.00000000
 -0.00042709   0.00000000     0.00018416  -0.00000000     0.00010960  -0.00000000
 -0.00017668   0.00000000     0.00012429  -0.00000000     0.00008934  -0.00000000
   15   15
  0.08674981   0.00000000    -0.05600002   0.00000000    -0.08145538   0.00000000
 -0.05600002   0.00000000     0.13149962   0.00000000     0.13100808   0.00000000
 -0.08145538   0.00000000     0.13100808   0.00000000     0.28549978   0.00000000
   15   16
 -0.00026796   0.00000000     0.00070257  -0.00000000    -0.00016318   0.00000000
  0.00070257  -0.00000000    -0.00063003   0.00000000     0.00021884  -0.00000000
  0.00016318  -0.00000000    -0.00021884   0.00000000     0.00019782  -0.00000000
   15   17
  0.00000000  -0.00000000    -0.00003251  -0.00000000     0.00021829   0.00000000
 -0.00003251  -0.00000000     0.00000000  -0.00000000    -0.00002360  -0.00000000
  0.00021829   0.00000000     0.00002360   0.00000000    -0.00000000   0.00000000
   15   18
 -0.00000000   0.00000000     0.00003858  -0.00000000    -0.00003544   0.00000000
  0.00003858  -0.00000000     0.00000000  -0.00000000    -0.00025508   0.00000000
  0.00003544  -0.00000000    -0.00025508   0.00000000    -0.00000000   0.00000000
   15   19
 -0.00047784   0.00000000     0.00074360  -0.00000000     0.00015257  -0.00000000
  0.00070191  -0.00000000    -0.00084404   0.00000000    -0.00027125   0.00000000
  0.00030722  -0.00000000    -0.00043523   0.00000000    -0.00054794   0.00000000
   15   20
  0.00352709  -0.00000000    -0.00787030   0.00000000    -0.00975584   0.00000000
 -0.00789416   0.00000000     0.01070751  -0.00000000     0.01510261  -0.00000000
  0.00953961  -0.00000000    -0.01494583   0.00000000    -0.02331659   0.00000000
   15   21
 -0.00004178   0.00000000    -0.00009859   0.00000000    -0.00014293   0.00000000
 -0.00004243   0.00000000     0.00000717  -0.00000000    -0.00007254   0.00000000
  0.00000913  -0.00000000     0.00013219  -0.00000000    -0.00004733   0.00000000
   15   22
  0.00001769   0.00000000    -0.00019602  -0.00000000     0.00018811   0.00000000
 -0.00027377  -0.00000000    -0.00003005  -0.00000000     0.00008710   0.00000000
 -0.00032181  -0.00000000    -0.00002587  -0.00000000    -0.00004523  -0.00000000
   16    1
 -0.00264621  -0.00000000    -0.00094926  -0.00000000    -0.00057897  -0.00000000
 -0.00049924  -0.00000000    -0.00289097  -0.00000000     0.00056534   0.00000000
  0.00170228   0.00000000    -0.00287348  -0.00000000     0.00218134   0.00000000
   16    2
  0.00374154   0.00000000    -0.00132594  -0.00000000    -0.00234460  -0.00000000
 -0.00055068  -0.00000000     0.00025150   0.00000000     0.00060486   0.00000000
 -0.00135332  -0.00000000     0.00044805   0.00000000     0.00353686   0.00000000
   16    3
 -0.00103036  -0.00000000     0.00005181   0.00000000    -0.00015916  -0.00000000
  0.00030134   0.00000000    -0.00066408  -0.00000000     0.00023439   0.00000000
 -0.00022386  -0.00000000     0.00004847   0.00000000    -0.00028613  -0.00000000
   16    4
 -0.07381681   0.00000000     0.04722388  -0.00000000    -0.07210445   0.00000000
  0.04717047  -0.00000000    -0.11806159   0.00000000     0.11659571  -0.00000000
 -0.07232908   0.00000000     0.11735064  -0.00000000    -0.25934278   0.00000000
   16    5
  0.00038072   0.00000000    -0.00018285  -0.00000000     0.00006649   0.00000000
 -0.00038456  -0.00000000     0.00094983   0.00000000    -0.00074669  -0.00000000
  0.00030871   0.00000000    -0.00063401  -0.00000000     0.00076271   0.00000000
   16    6
  0.00049214  -0.00000000     0.00027519  -0.00000000     0.00056926  -0.00000000
  0.00031407  -0.00000000    -0.00019156   0.00000000    -0.00017578   0.00000000
  0.00029958  -0.00000000     0.00019896  -0.00000000     0.00074582  -0.00000000
   16    7
 -0.00041059  -0.00000000     0.00032303   0.00000000    -0.00017193  -0.00000000
  0.00107724   0.00000000    -0.00020466  -0.00000000     0.00019317   0.00000000
 -0.00016620  -0.00000000     0.00014940   0.00000000     0.00012734   0.00000000
   16    8
 -0.00992348   0.00000000     0.01852881  -0.00000000    -0.03041988   0.00000000
 -0.00029148   0.00000000    -0.00097583   0.00000000     0.00042801  -0.00000000
 -0.00066936   0.00000000    -0.00049397   0.00000000     0.00009125  -0.00000000
   16    9
 -0.00005185   0.00000000     0.00023940  -0.00000000    -0.00011642   0.00000000
  0.00049022  -0.00000000    -0.00014143   0.00000000     0.00000127  -0.00000000
 -0.00007930   0.00000000     0.00022979  -0.00000000    -0.00007340   0.00000000
   16   10
 -0.00067735  -0.00000000     0.00034127   0.00000000    -0.00007717  -0.00000000
  0.00023105   0.00000000    -0.00004127  -0.00000000    -0.00026073  -0.00000000
 -0.00029701  -0.00000000     0.00021645   0.00000000     0.00000064   0.00000000
   16   11
  0.00011761   0.00000000     0.00099370   0.00000000    -0.00015778  -0.00000000
  0.00010678   0.00000000    -0.00046397  -0.00000000     0.00017981   0.00000000
 -0.00009875  -0.00000000     0.00019366   0.00000000     0.00010316   0.00000000
   16   12
  0.00388863  -0.00000000    -0.00646765   0.00000000     0.01147395  -0.00000000
  0.01249811  -0.00000000    -0.01555903   0.00000000     0.02773520  -0.00000000
  0.00082120  -0.00000000     0.00007532  -0.00000000    -0.00002517   0.00000000
   16   13
  0.00007743   0.00000000    -0.00026030  -0.00000000     0.00004993   0.00000000
 -0.00042709  -0.00000000     0.00018416   0.00000000    -0.00010960  -0.00000000
  0.00017668   0.00000000    -0.00012429  -0.00000000     0.00008934   0.00000000
   16   14
  0.00034486  -0.00000000    -0.00022048   0.00000000     0.00019074  -0.00000000
 -0.00036274   0.00000000     0.00008957  -0.00000000    -0.00010388   0.00000000
  0.00025681  -0.00000000     0.00011067  -0.00000000     0.00017812  -0.00000000
   16   15
 -0.00026796  -0.00000000     0.00070257   0.00000000     0.00016318   0.00000000
  0.00070257   0.00000000    -0.00063003  -0.00000000    -0.00021884  -0.00000000
 -0.00016318  -0.00000000     0.00021884   0.00000000     0.00019782   0.00000000
   16   16
  0.08674981   0.00000000    -0.05600002   0.00000000     0.08145538   0.00000000
 -0.05600002   0.00000000     0.13149962   0.00000000    -0.13100808   0.00000000
  0.08145538   0.00000000    -0.13100808   0.00000000     0.28549978   0.00000000
   16   17
 -0.00000000  -0.00000000     0.00003858   0.00000000     0.00003544   0.00000000
  0.00003858   0.00000000     0.00000000   0.00000000     0.00025508   0.00000000
 -0.00003544  -0.00000000     0.00025508   0.00000000    -0.00000000  -0.00000000
   16   18
  0.00000000   0.00000000    -0.00003251   0.00000000    -0.00021829   0.00000000
 -0.00003251   0.00000000     0.00000000   0.00000000     0.00002360  -0.00000000
 -0.00021829   0.00000000    -0.00002360   0.00000000    -0.00000000  -0.00000000
   16   19
  0.00352709  -0.00000000    -0.00787030   0.00000000     0.00975584  -0.00000000
 -0.00789416   0.00000000     0.01070751  -0.00000000    -0.01510261   0.00000000
 -0.00953961   0.00000000     0.01494583  -0.00000000    -0.02331659   0.00000000
   16   20
 -0.00047784   0.00000000     0.00074360  -0.00000000    -0.00015257   0.00000000
  0.00070191  -0.00000000    -0.00084404   0.00000000     0.00027125  -0.00000000
 -0.00030722   0.00000000     0.00043523  -0.00000000    -0.00054794   0.00000000
   16   21
  0.00001769  -0.00000000    -0.00019602   0.00000000    -0.00018811   0.00000000
 -0.00027377   0.00000000    -0.00003005   0.00000000    -0.00008710   0.00000000
  0.00032181  -0.00000000     0.00002587  -0.00000000    -0.00004523   0.00000000
   16   22
 -0.00004178  -0.00000000    -0.00009859  -0.00000000     0.00014293   0.00000000
 -0.00004243  -0.00000000     0.00000717   0.00000000     0.00007254   0.00000000
 -0.00000913  -0.00000000    -0.00013219  -0.00000000    -0.00004733  -0.00000000
   17    1
 -0.00374154   0.00000000    -0.00132594   0.00000000     0.00234460  -0.00000000
 -0.00055068   0.00000000    -0.00025150   0.00000000     0.00060486  -0.00000000
  0.00135332  -0.00000000     0.00044805  -0.00000000    -0.00353686   0.00000000
   17    2
 -0.00264621  -0.00000000     0.00094926   0.00000000    -0.00057897  -0.00000000
  0.00049924   0.00000000    -0.00289097  -0.00000000    -0.00056534  -0.00000000
  0.00170228   0.00000000     0.00287348   0.00000000     0.00218134   0.00000000
   17    3
 -0.00049214   0.00000000     0.00027519  -0.00000000    -0.00056926   0.00000000
  0.00031407  -0.00000000     0.00019156  -0.00000000    -0.00017578   0.00000000
 -0.00029958   0.00000000     0.00019896  -0.00000000    -0.00074582   0.00000000
   17    4
 -0.00038072   0.00000000    -0.00018285   0.00000000    -0.00006649   0.00000000
 -0.00038456   0.00000000    -0.00094983   0.00000000    -0.00074669   0.00000000
 -0.00030871   0.00000000    -0.00063401   0.00000000    -0.00076271   0.00000000
   17    5
 -0.07381681  -0.00000000    -0.04722388  -0.00000000    -0.07210445  -0.00000000
 -0.04717047  -0.00000000    -0.11806159  -0.00000000    -0.11659571  -0.00000000
 -0.07232908  -0.00000000    -0.11735064  -0.00000000    -0.25934278  -0.00000000
   17    6
 -0.00103036   0.00000000    -0.00005181   0.00000000    -0.00015916   0.00000000
 -0.00030134   0.00000000    -0.00066408   0.00000000    -0.00023439   0.00000000
 -0.00022386   0.00000000    -0.00004847   0.00000000    -0.00028613   0.00000000
   17    7
 -0.00067735  -0.00000000    -0.00034127  -0.00000000    -0.00007717  -0.00000000
 -0.00023105  -0.00000000    -0.00004127  -0.00000000     0.00026073   0.00000000
 -0.00029701  -0.00000000    -0.00021645  -0.00000000     0.00000064   0.00000000
   17    8
 -0.00005185   0.00000000    -0.00023940   0.00000000    -0.00011642   0.00000000
 -0.00049022   0.00000000    -0.00014143   0.00000000    -0.00000127   0.00000000
 -0.00007930   0.00000000    -0.00022979   0.00000000    -0.00007340   0.00000000
   17    9
  0.00992348  -0.00000000     0.01852881  -0.00000000     0.03041988  -0.00000000
 -0.00029148   0.00000000     0.00097583  -0.00000000     0.00042801  -0.00000000
  0.00066936  -0.00000000    -0.00049397   0.00000000    -0.00009125   0.00000000
   17   10
  0.00041059  -0.00000000     0.00032303  -0.00000000     0.00017193  -0.00000000
  0.00107724  -0.00000000     0.00020466  -0.00000000     0.00019317  -0.00000000
  0.00016620  -0.00000000     0.00014940  -0.00000000    -0.00012734   0.00000000
   17   11
 -0.00034486   0.00000000    -0.00022048   0.00000000    -0.00019074   0.00000000
 -0.00036274   0.00000000    -0.00008957   0.00000000    -0.00010388   0.00000000
 -0.00025681   0.00000000     0.00011067  -0.00000000    -0.00017812   0.00000000
   17   12
 -0.00007743   0.00000000    -0.00026030   0.00000000    -0.00004993   0.00000000
 -0.00042709   0.00000000    -0.00018416   0.00000000    -0.00010960   0.00000000
 -0.00017668   0.00000000    -0.00012429   0.00000000    -0.00008934   0.00000000
   17   13
  0.00388863   0.00000000     0.00646765   0.00000000     0.01147395   0.00000000
 -0.01249811  -0.00000000    -0.01555903  -0.00000000    -0.02773520  -0.00000000
  0.00082120   0.00000000    -0.00007532  -0.00000000    -0.00002517  -0.00000000
   17   14
  0.00011761  -0.00000000    -0.00099370   0.00000000    -0.00015778   0.00000000
 -0.00010678   0.00000000    -0.00046397   0.00000000    -0.00017981   0.00000000
 -0.00009875   0.00000000    -0.00019366   0.00000000     0.00010316  -0.00000000
   17   15
 -0.00000000   0.00000000    -0.00003251   0.00000000     0.00021829  -0.00000000
 -0.00003251   0.00000000    -0.00000000   0.00000000     0.00002360  -0.00000000
  0.00021829  -0.00000000    -0.00002360   0.00000000     0.00000000  -0.00000000
   17   16
  0.00000000  -0.00000000     0.00003858  -0.00000000    -0.00003544   0.00000000
  0.00003858  -0.00000000    -0.00000000   0.00000000     0.00025508  -0.00000000
  0.00003544  -0.00000000     0.00025508  -0.00000000     0.00000000  -0.00000000
   17   17
  0.08674981   0.00000000     0.05600002   0.00000000     0.08145538   0.00000000
  0.05600002   0.00000000     0.13149962   0.00000000     0.13100808   0.00000000
  0.08145538   0.00000000     0.13100808   0.00000000     0.28549978   0.00000000
   17   18
 -0.00026796   0.00000000    -0.00070257   0.00000000     0.00016318  -0.00000000
 -0.00070257   0.00000000    -0.00063003   0.00000000     0.00021884  -0.00000000
 -0.00016318   0.00000000    -0.00021884   0.00000000     0.00019782  -0.00000000
   17   19
  0.00004178  -0.00000000    -0.00009859   0.00000000    -0.00014293   0.00000000
 -0.00004243   0.00000000    -0.00000717   0.00000000     0.00007254  -0.00000000
  0.00000913  -0.00000000    -0.00013219   0.00000000     0.00004733  -0.00000000
   17   20
 -0.00001769   0.00000000    -0.00019602   0.00000000     0.00018811  -0.00000000
 -0.00027377   0.00000000     0.00003005  -0.00000000    -0.00008710   0.00000000
 -0.00032181   0.00000000     0.00002587  -0.00000000     0.00004523  -0.00000000
   17   21
 -0.00047784   0.00000000    -0.00074360   0.00000000    -0.00015257   0.00000000
 -0.00070191   0.00000000    -0.00084404   0.00000000    -0.00027125   0.00000000
 -0.00030722   0.00000000    -0.00043523   0.00000000    -0.00054794   0.00000000
   17   22
  0.00352709   0.00000000     0.00787030   0.00000000     0.00975584   0.00000000
  0.00789416   0.00000000     0.01070751   0.00000000     0.01510261   0.00000000
 -0.00953961  -0.00000000    -0.01494583  -0.00000000    -0.02331659  -0.00000000
   18    1
 -0.00374154  -0.00000000    -0.00132594  -0.00000000    -0.00234460  -0.00000000
 -0.00055068  -0.00000000    -0.00025150  -0.00000000    -0.00060486  -0.00000000
 -0.00135332  -0.00000000    -0.00044805  -0.00000000    -0.00353686  -0.00000000
   18    2
 -0.00264621  -0.00000000     0.00094926   0.00000000     0.00057897   0.00000000
  0.00049924   0.00000000    -0.00289097  -0.00000000     0.00056534   0.00000000
 -0.00170228  -0.00000000    -0.00287348  -0.00000000     0.00218134   0.00000000
   18    3
 -0.00038072  -0.00000000    -0.00018285  -0.00000000     0.00006649   0.00000000
 -0.00038456  -0.00000000    -0.00094983  -0.00000000     0.00074669   0.00000000
  0.00030871   0.00000000     0.00063401   0.00000000    -0.00076271  -0.00000000
   18    4
 -0.00049214  -0.00000000     0.00027519   0.00000000     0.00056926   0.00000000
  0.00031407   0.00000000     0.00019156   0.00000000     0.00017578   0.00000000
  0.00029958   0.00000000    -0.00019896  -0.00000000    -0.00074582  -0.00000000
   18    5
 -0.00103036  -0.00000000    -0.00005181  -0.00000000     0.00015916   0.00000000
 -0.00030134  -0.00000000    -0.00066408  -0.00000000     0.00023439   0.00000000
  0.00022386   0.00000000     0.00004847   0.00000000    -0.00028613  -0.00000000
   18    6
 -0.07381681  -0.00000000    -0.04722388  -0.00000000     0.07210445   0.00000000
 -0.04717047  -0.00000000    -0.11806159  -0.00000000     0.11659571   0.00000000
  0.07232908   0.00000000     0.11735064   0.00000000    -0.25934278  -0.00000000
   18    7
 -0.00005185  -0.00000000    -0.00023940  -0.00000000     0.00011642   0.00000000
 -0.00049022  -0.00000000    -0.00014143  -0.00000000     0.00000127   0.00000000
  0.00007930   0.00000000     0.00022979   0.00000000    -0.00007340  -0.00000000
   18    8
 -0.00067735  -0.00000000    -0.00034127  -0.00000000     0.00007717   0.00000000
 -0.00023105  -0.00000000    -0.00004127  -0.00000000    -0.00026073  -0.00000000
  0.00029701   0.00000000     0.00021645   0.00000000     0.00000064   0.00000000
   18    9
  0.00041059   0.00000000     0.00032303   0.00000000    -0.00017193  -0.00000000
  0.00107724   0.00000000     0.00020466   0.00000000    -0.00019317  -0.00000000
 -0.00016620  -0.00000000    -0.00014940  -0.00000000    -0.00012734  -0.00000000
   18   10
  0.00992348   0.00000000     0.01852881   0.00000000    -0.03041988  -0.00000000
 -0.00029148  -0.00000000     0.00097583   0.00000000    -0.00042801  -0.00000000
 -0.00066936  -0.00000000     0.00049397   0.00000000    -0.00009125  -0.00000000
   18   11
 -0.00007743  -0.00000000    -0.00026030  -0.00000000     0.00004993   0.00000000
 -0.00042709  -0.00000000    -0.00018416  -0.00000000     0.00010960   0.00000000
  0.00017668   0.00000000     0.00012429   0.00000000    -0.00008934  -0.00000000
   18   12
 -0.00034486  -0.00000000    -0.00022048  -0.00000000     0.00019074   0.00000000
 -0.00036274  -0.00000000    -0.00008957  -0.00000000     0.00010388   0.00000000
  0.00025681   0.00000000    -0.00011067  -0.00000000    -0.00017812  -0.00000000
   18   13
  0.00011761   0.00000000    -0.00099370  -0.00000000     0.00015778   0.00000000
 -0.00010678  -0.00000000    -0.00046397  -0.00000000     0.00017981   0.00000000
  0.00009875   0.00000000     0.00019366   0.00000000     0.00010316   0.00000000
   18   14
  0.00388863   0.00000000     0.00646765   0.00000000    -0.01147395  -0.00000000
 -0.01249811  -0.00000000    -0.01555903  -0.00000000     0.02773520   0.00000000
 -0.00082120  -0.00000000     0.00007532   0.00000000    -0.00002517  -0.00000000
   18   15
  0.00000000   0.00000000     0.00003858   0.00000000     0.00003544   0.00000000
  0.00003858   0.00000000    -0.00000000  -0.00000000    -0.00025508  -0.00000000
 -0.00003544  -0.00000000    -0.00025508  -0.00000000     0.00000000   0.00000000
   18   16
 -0.00000000  -0.00000000    -0.00003251  -0.00000000    -0.00021829  -0.00000000
 -0.00003251  -0.00000000    -0.00000000  -0.00000000    -0.00002360  -0.00000000
 -0.00021829  -0.00000000     0.00002360   0.00000000     0.00000000   0.00000000
   18   17
 -0.00026796  -0.00000000    -0.00070257  -0.00000000    -0.00016318  -0.00000000
 -0.00070257  -0.00000000    -0.00063003  -0.00000000    -0.00021884  -0.00000000
  0.00016318   0.00000000     0.00021884   0.00000000     0.00019782   0.00000000
   18   18
  0.08674981   0.00000000     0.05600002   0.00000000    -0.08145538   0.00000000
  0.05600002   0.00000000     0.13149962   0.00000000    -0.13100808   0.00000000
 -0.08145538   0.00000000    -0.13100808   0.00000000     0.28549978   0.00000000
   18   19
 -0.00001769  -0.00000000    -0.00019602  -0.00000000    -0.00018811  -0.00000000
 -0.00027377  -0.00000000     0.00003005   0.00000000     0.00008710   0.00000000
  0.00032181   0.00000000    -0.00002587  -0.00000000     0.00004523   0.00000000
   18   20
  0.00004178   0.00000000    -0.00009859  -0.00000000     0.00014293   0.00000000
 -0.00004243  -0.00000000    -0.00000717  -0.00000000    -0.00007254  -0.00000000
 -0.00000913  -0.00000000     0.00013219   0.00000000     0.00004733   0.00000000
   18   21
  0.00352709  -0.00000000     0.00787030  -0.00000000    -0.00975584   0.00000000
  0.00789416  -0.00000000     0.01070751  -0.00000000    -0.01510261   0.00000000
  0.00953961  -0.00000000     0.01494583  -0.00000000    -0.02331659   0.00000000
   18   22
 -0.00047784  -0.00000000    -0.00074360  -0.00000000     0.00015257   0.00000000
 -0.00070191  -0.00000000    -0.00084404  -0.00000000     0.00027125   0.00000000
  0.00030722   0.00000000     0.00043523   0.00000000    -0.00054794  -0.00000000
   19    1
 -0.00269778  -0.00000000    -0.00090977  -0.00000000     0.00115748   0.00000000
 -0.00057088  -0.00000000    -0.00273435  -0.00000000    -0.00042366  -0.00000000
 -0.00174574  -0.00000000     0.00278328   0.00000000     0.00226467   0.00000000
   19    2
  0.00393226   0.00000000    -0.00140991  -0.00000000     0.00157978   0.00000000
 -0.00050016  -0.00000000     0.00016698   0.00000000    -0.00093257  -0.00000000
  0.00132190   0.00000000    -0.00041622  -0.00000000     0.00321635   0.00000000
   19    3
 -0.00093533  -0.00000000    -0.00000385  -0.00000000     0.00001758   0.00000000
  0.00030958   0.00000000    -0.00068089  -0.00000000    -0.00020806  -0.00000000
  0.00003825   0.00000000     0.00000568   0.00000000    -0.00020061  -0.00000000
   19    4
 -0.07387387  -0.00000000     0.04722173   0.00000000     0.07205064   0.00000000
  0.04717593   0.00000000    -0.11811138  -0.00000000    -0.11660132  -0.00000000
  0.07250449   0.00000000    -0.11738844  -0.00000000    -0.25922421  -0.00000000
   19    5
  0.00036122   0.00000000    -0.00025644  -0.00000000     0.00005332   0.00000000
 -0.00028353  -0.00000000     0.00107484   0.00000000     0.00076839   0.00000000
 -0.00034987  -0.00000000     0.00066257   0.00000000     0.00080103   0.00000000
   19    6
  0.00058195   0.00000000     0.00030474   0.00000000    -0.00043838  -0.00000000
  0.00023827   0.00000000    -0.00033072  -0.00000000     0.00025200   0.00000000
 -0.00024856  -0.00000000    -0.00020502  -0.00000000     0.00071061   0.00000000
   19    7
 -0.00032380  -0.00000000     0.00029312   0.00000000     0.00011375   0.00000000
  0.00087898   0.00000000    -0.00021034  -0.00000000    -0.00014591  -0.00000000
  0.00008940   0.00000000    -0.00009830  -0.00000000     0.00008122   0.00000000
   19    8
 -0.01009428  -0.00000000     0.01853764   0.00000000     0.03037842   0.00000000
 -0.00014090  -0.00000000    -0.00100484  -0.00000000    -0.00041660  -0.00000000
  0.00072936   0.00000000     0.00044079   0.00000000     0.00012778   0.00000000
   19    9
  0.00011426   0.00000000     0.00025611   0.00000000     0.00004151   0.00000000
  0.00042410   0.00000000    -0.00017523  -0.00000000    -0.00006333  -0.00000000
  0.00013740   0.00000000    -0.00021873  -0.00000000    -0.00010116  -0.00000000
   19   10
 -0.00083633  -0.00000000     0.00030097   0.00000000     0.00001318   0.00000000
  0.00036147   0.00000000    -0.00000650  -0.00000000     0.00022753   0.00000000
  0.00024991   0.00000000    -0.00023248  -0.00000000    -0.00004131  -0.00000000
   19   11
  0.00012155   0.00000000     0.00092052   0.00000000     0.00009215   0.00000000
  0.00015926   0.00000000    -0.00026919  -0.00000000    -0.00021321  -0.00000000
  0.00008099   0.00000000    -0.00010964  -0.00000000     0.00002845   0.00000000
   19   12
  0.00392464   0.00000000    -0.00632359  -0.00000000    -0.01148745  -0.00000000
  0.01246214   0.00000000    -0.01572662  -0.00000000    -0.02780694  -0.00000000
 -0.00080722  -0.00000000    -0.00016306  -0.00000000    -0.00015866  -0.00000000
   19   13
  0.00009748   0.00000000    -0.00048014  -0.00000000     0.00011905   0.00000000
 -0.00038736  -0.00000000     0.00027169   0.00000000     0.00001596   0.00000000
 -0.00015352  -0.00000000     0.00007241   0.00000000    -0.00008847  -0.00000000
   19   14
  0.00033464  -0.00000000    -0.00004734   0.00000000    -0.00002561   0.00000000
 -0.00037991   0.00000000    -0.00004928   0.00000000     0.00001909  -0.00000000
 -0.00027052   0.00000000    -0.00005361   0.00000000    -0.00002249   0.00000000
   19   15
 -0.00047784  -0.00000000     0.00070191   0.00000000     0.00030722   0.00000000
  0.00074360   0.00000000    -0.00084404  -0.00000000    -0.00043523  -0.00000000
  0.00015257   0.00000000    -0.00027125  -0.00000000    -0.00054794  -0.00000000
   19   16
  0.00352709   0.00000000    -0.00789416  -0.00000000    -0.00953961  -0.00000000
 -0.00787030  -0.00000000     0.01070751   0.00000000     0.01494583   0.00000000
  0.00975584   0.00000000    -0.01510261  -0.00000000    -0.02331659  -0.00000000
   19   17
  0.00004178   0.00000000    -0.00004243  -0.00000000     0.00000913   0.00000000
 -0.00009859  -0.00000000    -0.00000717  -0.00000000    -0.00013219  -0.00000000
 -0.00014293  -0.00000000     0.00007254   0.00000000     0.00004733   0.00000000
   19   18
 -0.00001769   0.00000000    -0.00027377   0.00000000     0.00032181  -0.00000000
 -0.00019602   0.00000000     0.00003005  -0.00000000    -0.00002587   0.00000000
 -0.00018811   0.00000000     0.00008710  -0.00000000     0.00004523  -0.00000000
   19   19
  0.08681135   0.00000000    -0.05614033   0.00000000    -0.08151173   0.00000000
 -0.05614033   0.00000000     0.13160276   0.00000000     0.13110550   0.00000000
 -0.08151173   0.00000000     0.13110550   0.00000000     0.28535374   0.00000000
   19   20
 -0.00020840  -0.00000000     0.00077654   0.00000000    -0.00011297  -0.00000000
  0.00077654   0.00000000    -0.00080093  -0.00000000     0.00034197   0.00000000
  0.00011297   0.00000000    -0.00034197  -0.00000000     0.00008630   0.00000000
   19   21
 -0.00000000  -0.00000000    -0.00005321   0.00000000     0.00014814  -0.00000000
 -0.00005321   0.00000000     0.00000000   0.00000000     0.00008811  -0.00000000
  0.00014814  -0.00000000    -0.00008811   0.00000000     0.00000000   0.00000000
   19   22
  0.00000000   0.00000000     0.00008923   0.00000000    -0.00013942  -0.00000000
  0.00008923   0.00000000    -0.00000000  -0.00000000    -0.00017705  -0.00000000
  0.00013942   0.00000000    -0.00017705  -0.00000000     0.00000000   0.00000000
   20    1
 -0.00269778  -0.00000000    -0.00090977  -0.00000000    -0.00115748  -0.00000000
 -0.00057088  -0.00000000    -0.00273435  -0.00000000     0.00042366   0.00000000
  0.00174574   0.00000000    -0.00278328  -0.00000000     0.00226467   0.00000000
   20    2
  0.00393226   0.00000000    -0.00140991  -0.00000000    -0.00157978  -0.00000000
 -0.00050016  -0.00000000     0.00016698   0.00000000     0.00093257   0.00000000
 -0.00132190  -0.00000000     0.00041622   0.00000000     0.00321635   0.00000000
   20    3
 -0.07387387  -0.00000000     0.04722173   0.00000000    -0.07205064  -0.00000000
  0.04717593   0.00000000    -0.11811138  -0.00000000     0.11660132   0.00000000
 -0.07250449  -0.00000000     0.11738844   0.00000000    -0.25922421  -0.00000000
   20    4
 -0.00093533  -0.00000000    -0.00000385  -0.00000000    -0.00001758  -0.00000000
  0.00030958   0.00000000    -0.00068089  -0.00000000     0.00020806   0.00000000
 -0.00003825  -0.00000000    -0.00000568  -0.00000000    -0.00020061  -0.00000000
   20    5
  0.00058195   0.00000000     0.00030474   0.00000000     0.00043838   0.00000000
  0.00023827   0.00000000    -0.00033072  -0.00000000    -0.00025200  -0.00000000
  0.00024856   0.00000000     0.00020502   0.00000000     0.00071061   0.00000000
   20    6
  0.00036122   0.00000000    -0.00025644  -0.00000000    -0.00005332  -0.00000000
 -0.00028353  -0.00000000     0.00107484   0.00000000    -0.00076839  -0.00000000
  0.00034987   0.00000000    -0.00066257  -0.00000000     0.00080103   0.00000000
   20    7
 -0.01009428  -0.00000000     0.01853764   0.00000000    -0.03037842  -0.00000000
 -0.00014090  -0.00000000    -0.00100484  -0.00000000     0.00041660   0.00000000
 -0.00072936  -0.00000000    -0.00044079  -0.00000000     0.00012778   0.00000000
   20    8
 -0.00032380   0.00000000     0.00029312  -0.00000000    -0.00011375   0.00000000
  0.00087898  -0.00000000    -0.00021034   0.00000000     0.00014591  -0.00000000
 -0.00008940   0.00000000     0.00009830  -0.00000000     0.00008122  -0.00000000
   20    9
 -0.00083633   0.00000000     0.00030097  -0.00000000    -0.00001318   0.00000000
  0.00036147  -0.00000000    -0.00000650   0.00000000    -0.00022753   0.00000000
 -0.00024991   0.00000000     0.00023248  -0.00000000    -0.00004131   0.00000000
   20   10
  0.00011426   0.00000000     0.00025611   0.00000000    -0.00004151  -0.00000000
  0.00042410   0.00000000    -0.00017523  -0.00000000     0.00006333   0.00000000
 -0.00013740  -0.00000000     0.00021873   0.00000000    -0.00010116  -0.00000000
   20   11
  0.00392464   0.00000000    -0.00632359  -0.00000000     0.01148745   0.00000000
  0.01246214   0.00000000    -0.01572662  -0.00000000     0.02780694   0.00000000
  0.00080722   0.00000000     0.00016306   0.00000000    -0.00015866  -0.00000000
   20   12
  0.00012155  -0.00000000     0.00092052  -0.00000000    -0.00009215   0.00000000
  0.00015926  -0.00000000    -0.00026919   0.00000000     0.00021321  -0.00000000
 -0.00008099   0.00000000     0.00010964  -0.00000000     0.00002845  -0.00000000
   20   13
  0.00033464   0.00000000    -0.00004734  -0.00000000     0.00002561   0.00000000
 -0.00037991  -0.00000000    -0.00004928  -0.00000000    -0.00001909  -0.00000000
  0.00027052   0.00000000     0.00005361   0.00000000    -0.00002249  -0.00000000
   20   14
  0.00009748  -0.00000000    -0.00048014   0.00000000    -0.00011905   0.00000000
 -0.00038736   0.00000000     0.00027169  -0.00000000    -0.00001596   0.00000000
  0.00015352  -0.00000000    -0.00007241   0.00000000    -0.00008847   0.00000000
   20   15
  0.00352709   0.00000000    -0.00789416  -0.00000000     0.00953961   0.00000000
 -0.00787030  -0.00000000     0.01070751   0.00000000    -0.01494583  -0.00000000
 -0.00975584  -0.00000000     0.01510261   0.00000000    -0.02331659  -0.00000000
   20   16
 -0.00047784  -0.00000000     0.00070191   0.00000000    -0.00030722  -0.00000000
  0.00074360   0.00000000    -0.00084404  -0.00000000     0.00043523   0.00000000
 -0.00015257  -0.00000000     0.00027125   0.00000000    -0.00054794  -0.00000000
   20   17
 -0.00001769  -0.00000000    -0.00027377  -0.00000000    -0.00032181  -0.00000000
 -0.00019602  -0.00000000     0.00003005   0.00000000     0.00002587   0.00000000
  0.00018811   0.00000000    -0.00008710  -0.00000000     0.00004523   0.00000000
   20   18
  0.00004178  -0.00000000    -0.00004243   0.00000000    -0.00000913   0.00000000
 -0.00009859   0.00000000    -0.00000717   0.00000000     0.00013219  -0.00000000
  0.00014293  -0.00000000    -0.00007254   0.00000000     0.00004733  -0.00000000
   20   19
 -0.00020840   0.00000000     0.00077654  -0.00000000     0.00011297  -0.00000000
  0.00077654  -0.00000000    -0.00080093   0.00000000    -0.00034197   0.00000000
 -0.00011297   0.00000000     0.00034197  -0.00000000     0.00008630  -0.00000000
   20   20
  0.08681135   0.00000000    -0.05614033   0.00000000     0.08151173   0.00000000
 -0.05614033   0.00000000     0.13160276   0.00000000    -0.13110550   0.00000000
  0.08151173   0.00000000    -0.13110550   0.00000000     0.28535374   0.00000000
   20   21
  0.00000000  -0.00000000     0.00008923  -0.00000000     0.00013942  -0.00000000
  0.00008923  -0.00000000    -0.00000000   0.00000000     0.00017705  -0.00000000
 -0.00013942   0.00000000     0.00017705  -0.00000000     0.00000000  -0.00000000
   20   22
 -0.00000000   0.00000000    -0.00005321  -0.00000000    -0.00014814  -0.00000000
 -0.00005321  -0.00000000     0.00000000  -0.00000000    -0.00008811  -0.00000000
 -0.00014814  -0.00000000     0.00008811   0.00000000     0.00000000  -0.00000000
   21    1
 -0.00393226  -0.00000000    -0.00140991  -0.00000000     0.00157978   0.00000000
 -0.00050016  -0.00000000    -0.00016698  -0.00000000     0.00093257   0.00000000
  0.00132190   0.00000000     0.00041622   0.00000000    -0.00321635  -0.00000000
   21    2
 -0.00269778  -0.00000000     0.00090977   0.00000000    -0.00115748  -0.00000000
  0.00057088   0.00000000    -0.00273435  -0.00000000    -0.00042366  -0.00000000
  0.00174574   0.00000000     0.00278328   0.00000000     0.00226467   0.00000000
   21    3
 -0.00036122  -0.00000000    -0.00025644  -0.00000000     0.00005332   0.00000000
 -0.00028353  -0.00000000    -0.00107484  -0.00000000    -0.00076839  -0.00000000
 -0.00034987  -0.00000000    -0.00066257  -0.00000000    -0.00080103  -0.00000000
   21    4
 -0.00058195  -0.00000000     0.00030474   0.00000000    -0.00043838  -0.00000000
  0.00023827   0.00000000     0.00033072   0.00000000    -0.00025200  -0.00000000
 -0.00024856  -0.00000000     0.00020502   0.00000000    -0.00071061  -0.00000000
   21    5
 -0.00093533  -0.00000000     0.00000385   0.00000000    -0.00001758  -0.00000000
 -0.00030958  -0.00000000    -0.00068089  -0.00000000    -0.00020806  -0.00000000
 -0.00003825  -0.00000000     0.00000568   0.00000000    -0.00020061  -0.00000000
   21    6
 -0.07387387  -0.00000000    -0.04722173  -0.00000000    -0.07205064  -0.00000000
 -0.04717593  -0.00000000    -0.11811138  -0.00000000    -0.11660132  -0.00000000
 -0.07250449  -0.00000000    -0.11738844  -0.00000000    -0.25922421  -0.00000000
   21    7
  0.00011426   0.00000000    -0.00025611  -0.00000000    -0.00004151  -0.00000000
 -0.00042410  -0.00000000    -0.00017523  -0.00000000    -0.00006333  -0.00000000
 -0.00013740  -0.00000000    -0.00021873  -0.00000000    -0.00010116  -0.00000000
   21    8
 -0.00083633  -0.00000000    -0.00030097  -0.00000000    -0.00001318  -0.00000000
 -0.00036147  -0.00000000    -0.00000650  -0.00000000     0.00022753   0.00000000
 -0.00024991  -0.00000000    -0.00023248  -0.00000000    -0.00004131  -0.00000000
   21    9
  0.00032380   0.00000000     0.00029312   0.00000000     0.00011375   0.00000000
  0.00087898   0.00000000     0.00021034   0.00000000     0.00014591   0.00000000
  0.00008940   0.00000000     0.00009830   0.00000000    -0.00008122  -0.00000000
   21   10
  0.01009428   0.00000000     0.01853764   0.00000000     0.03037842   0.00000000
 -0.00014090  -0.00000000     0.00100484   0.00000000     0.00041660   0.00000000
  0.00072936   0.00000000    -0.00044079  -0.00000000    -0.00012778  -0.00000000
   21   11
 -0.00009748  -0.00000000    -0.00048014  -0.00000000     0.00011905   0.00000000
 -0.00038736  -0.00000000    -0.00027169  -0.00000000    -0.00001596  -0.00000000
 -0.00015352  -0.00000000    -0.00007241  -0.00000000     0.00008847   0.00000000
   21   12
 -0.00033464  -0.00000000    -0.00004734  -0.00000000    -0.00002561  -0.00000000
 -0.00037991  -0.00000000     0.00004928   0.00000000    -0.00001909  -0.00000000
 -0.00027052  -0.00000000     0.00005361   0.00000000     0.00002249   0.00000000
   21   13
  0.00012155   0.00000000    -0.00092052  -0.00000000    -0.00009215  -0.00000000
 -0.00015926  -0.00000000    -0.00026919  -0.00000000    -0.00021321  -0.00000000
 -0.00008099  -0.00000000    -0.00010964  -0.00000000     0.00002845   0.00000000
   21   14
  0.00392464   0.00000000     0.00632359   0.00000000     0.01148745   0.00000000
 -0.01246214  -0.00000000    -0.01572662  -0.00000000    -0.02780694  -0.00000000
  0.00080722   0.00000000    -0.00016306  -0.00000000    -0.00015866  -0.00000000
   21   15
 -0.00004178  -0.00000000    -0.00004243  -0.00000000     0.00000913   0.00000000
 -0.00009859  -0.00000000     0.00000717   0.00000000     0.00013219   0.00000000
 -0.00014293  -0.00000000    -0.00007254  -0.00000000    -0.00004733  -0.00000000
   21   16
  0.00001769   0.00000000    -0.00027377  -0.00000000     0.00032181   0.00000000
 -0.00019602  -0.00000000    -0.00003005  -0.00000000     0.00002587   0.00000000
 -0.00018811  -0.00000000    -0.00008710  -0.00000000    -0.00004523  -0.00000000
   21   17
 -0.00047784  -0.00000000    -0.00070191  -0.00000000    -0.00030722  -0.00000000
 -0.00074360  -0.00000000    -0.00084404  -0.00000000    -0.00043523  -0.00000000
 -0.00015257  -0.00000000    -0.00027125  -0.00000000    -0.00054794  -0.00000000
   21   18
  0.00352709   0.00000000     0.00789416   0.00000000     0.00953961   0.00000000
  0.00787030   0.00000000     0.01070751   0.00000000     0.01494583   0.00000000
 -0.00975584  -0.00000000    -0.01510261  -0.00000000    -0.02331659  -0.00000000
   21   19
  0.00000000  -0.00000000    -0.00005321  -0.00000000     0.00014814   0.00000000
 -0.00005321  -0.00000000    -0.00000000   0.00000000    -0.00008811  -0.00000000
  0.00014814   0.00000000     0.00008811   0.00000000    -0.00000000   0.00000000
   21   20
 -0.00000000   0.00000000     0.00008923   0.00000000    -0.00013942  -0.00000000
  0.00008923   0.00000000     0.00000000  -0.00000000     0.00017705   0.00000000
  0.00013942   0.00000000     0.00017705   0.00000000    -0.00000000   0.00000000
   21   21
  0.08681135   0.00000000     0.05614033   0.00000000     0.08151173   0.00000000
  0.05614033   0.00000000     0.13160276   0.00000000     0.13110550   0.00000000
  0.08151173   0.00000000     0.13110550   0.00000000     0.28535374   0.00000000
   21   22
 -0.00020840  -0.00000000    -0.00077654  -0.00000000     0.00011297   0.00000000
 -0.00077654  -0.00000000    -0.00080093  -0.00000000     0.00034197   0.00000000
 -0.00011297  -0.00000000    -0.00034197  -0.00000000     0.00008630   0.00000000
   22    1
 -0.00393226   0.00000000    -0.00140991   0.00000000    -0.00157978   0.00000000
 -0.00050016   0.00000000    -0.00016698   0.00000000    -0.00093257   0.00000000
 -0.00132190   0.00000000    -0.00041622   0.00000000    -0.00321635   0.00000000
   22    2
 -0.00269778  -0.00000000     0.00090977   0.00000000     0.00115748   0.00000000
  0.00057088   0.00000000    -0.00273435  -0.00000000     0.00042366   0.00000000
 -0.00174574  -0.00000000    -0.00278328  -0.00000000     0.00226467   0.00000000
   22    3
 -0.00058195   0.00000000     0.00030474  -0.00000000     0.00043838  -0.00000000
  0.00023827  -0.00000000     0.00033072  -0.00000000     0.00025200  -0.00000000
  0.00024856  -0.00000000    -0.00020502   0.00000000    -0.00071061   0.00000000
   22    4
 -0.00036122   0.00000000    -0.00025644   0.00000000    -0.00005332   0.00000000
 -0.00028353   0.00000000    -0.00107484   0.00000000     0.00076839  -0.00000000
  0.00034987  -0.00000000     0.00066257  -0.00000000    -0.00080103   0.00000000
   22    5
 -0.07387387  -0.00000000    -0.04722173  -0.00000000     0.07205064   0.00000000
 -0.04717593  -0.00000000    -0.11811138  -0.00000000     0.11660132   0.00000000
  0.07250449   0.00000000     0.11738844   0.00000000    -0.25922421  -0.00000000
   22    6
 -0.00093533   0.00000000     0.00000385  -0.00000000     0.00001758  -0.00000000
 -0.00030958   0.00000000    -0.00068089   0.00000000     0.00020806  -0.00000000
  0.00003825  -0.00000000    -0.00000568   0.00000000    -0.00020061   0.00000000
   22    7
 -0.00083633  -0.00000000    -0.00030097  -0.00000000     0.00001318   0.00000000
 -0.00036147  -0.00000000    -0.00000650  -0.00000000    -0.00022753  -0.00000000
  0.00024991   0.00000000     0.00023248   0.00000000    -0.00004131  -0.00000000
   22    8
  0.00011426  -0.00000000    -0.00025611   0.00000000     0.00004151  -0.00000000
 -0.00042410   0.00000000    -0.00017523   0.00000000     0.00006333  -0.00000000
  0.00013740  -0.00000000     0.00021873  -0.00000000    -0.00010116   0.00000000
   22    9
  0.01009428  -0.00000000     0.01853764  -0.00000000    -0.03037842   0.00000000
 -0.00014090   0.00000000     0.00100484  -0.00000000    -0.00041660   0.00000000
 -0.00072936   0.00000000     0.00044079  -0.00000000    -0.00012778   0.00000000
   22   10
  0.00032380  -0.00000000     0.00029312  -0.00000000    -0.00011375   0.00000000
  0.00087898  -0.00000000     0.00021034  -0.00000000    -0.00014591   0.00000000
 -0.00008940   0.00000000    -0.00009830   0.00000000    -0.00008122   0.00000000
   22   11
 -0.00033464   0.00000000    -0.00004734   0.00000000     0.00002561  -0.00000000
 -0.00037991   0.00000000     0.00004928  -0.00000000     0.00001909  -0.00000000
  0.00027052  -0.00000000    -0.00005361   0.00000000     0.00002249  -0.00000000
   22   12
 -0.00009748   0.00000000    -0.00048014   0.00000000    -0.00011905   0.00000000
 -0.00038736   0.00000000    -0.00027169   0.00000000     0.00001596  -0.00000000
  0.00015352  -0.00000000     0.00007241  -0.00000000     0.00008847  -0.00000000
   22   13
  0.00392464  -0.00000000     0.00632359  -0.00000000    -0.01148745   0.00000000
 -0.01246214   0.00000000    -0.01572662   0.00000000     0.02780694  -0.00000000
 -0.00080722   0.00000000     0.00016306  -0.00000000    -0.00015866   0.00000000
   22   14
  0.00012155  -0.00000000    -0.00092052   0.00000000     0.00009215  -0.00000000
 -0.00015926   0.00000000    -0.00026919   0.00000000     0.00021321  -0.00000000
  0.00008099  -0.00000000     0.00010964  -0.00000000     0.00002845  -0.00000000
   22   15
  0.00001769  -0.00000000    -0.00027377   0.00000000    -0.00032181   0.00000000
 -0.00019602   0.00000000    -0.00003005   0.00000000    -0.00002587   0.00000000
  0.00018811  -0.00000000     0.00008710  -0.00000000    -0.00004523   0.00000000
   22   16
 -0.00004178   0.00000000    -0.00004243   0.00000000    -0.00000913   0.00000000
 -0.00009859   0.00000000     0.00000717  -0.00000000    -0.00013219   0.00000000
  0.00014293  -0.00000000     0.00007254  -0.00000000    -0.00004733   0.00000000
   22   17
  0.00352709  -0.00000000     0.00789416  -0.00000000    -0.00953961   0.00000000
  0.00787030  -0.00000000     0.01070751  -0.00000000    -0.01494583   0.00000000
  0.00975584  -0.00000000     0.01510261  -0.00000000    -0.02331659   0.00000000
   22   18
 -0.00047784   0.00000000    -0.00070191   0.00000000     0.00030722  -0.00000000
 -0.00074360   0.00000000    -0.00084404   0.00000000     0.00043523  -0.00000000
  0.00015257  -0.00000000     0.00027125  -0.00000000    -0.00054794   0.00000000
   22   19
 -0.00000000  -0.00000000     0.00008923  -0.00000000     0.00013942  -0.00000000
  0.00008923  -0.00000000     0.00000000   0.00000000    -0.00017705   0.00000000
 -0.00013942   0.00000000    -0.00017705   0.00000000    -0.00000000  -0.00000000
   22   20
  0.00000000   0.00000000    -0.00005321   0.00000000    -0.00014814   0.00000000
 -0.00005321   0.00000000    -0.00000000  -0.00000000     0.00008811  -0.00000000
 -0.00014814   0.00000000    -0.00008811   0.00000000    -0.00000000  -0.00000000
   22   21
 -0.00020840   0.00000000    -0.00077654   0.00000000    -0.00011297   0.00000000
 -0.00077654   0.00000000    -0.00080093   0.00000000    -0.00034197   0.00000000
  0.00011297  -0.00000000     0.00034197  -0.00000000     0.00008630  -0.00000000
   22   22
  0.08681135   0.00000000     0.05614033   0.00000000    -0.08151173   0.00000000
  0.05614033   0.00000000     0.13160276   0.00000000    -0.13110550   0.00000000
 -0.08151173   0.00000000    -0.13110550   0.00000000     0.28535374   0.00000000

     Diagonalizing the dynamical matrix

     q = (   -0.500000000  -0.505744325   0.000000000 ) 

 **************************************************************************
     freq (    1) =       0.650683 [THz] =      21.704445 [cm-1]
 (  0.272465  0.000000 -0.004767  0.000000 -0.000000  0.000000 ) 
 ( -0.011078  0.000000  0.300771 -0.000000  0.000000 -0.000000 ) 
 (  0.143001 -0.000000 -0.064211  0.000000 -0.000387  0.000000 ) 
 (  0.143001 -0.000000 -0.064211  0.000000  0.000387 -0.000000 ) 
 (  0.074983  0.000000  0.205717  0.000000  0.001703  0.000000 ) 
 (  0.074983  0.000000  0.205717  0.000000 -0.001703  0.000000 ) 
 (  0.145231 -0.000000  0.022497  0.000000 -0.002464  0.000000 ) 
 (  0.145231 -0.000000  0.022497  0.000000  0.002464 -0.000000 ) 
 ( -0.068851  0.000000 -0.323266  0.000000 -0.002480  0.000000 ) 
 ( -0.068851  0.000000 -0.323266  0.000000  0.002480  0.000000 ) 
 (  0.221616  0.000000 -0.091304  0.000000 -0.001400  0.000000 ) 
 (  0.221616  0.000000 -0.091304  0.000000  0.001400 -0.000000 ) 
 ( -0.034753  0.000000  0.161876  0.000000  0.003438  0.000000 ) 
 ( -0.034753  0.000000  0.161876  0.000000 -0.003438  0.000000 ) 
 (  0.104971 -0.000000 -0.089874  0.000000  0.001394 -0.000000 ) 
 (  0.104971 -0.000000 -0.089874  0.000000 -0.001394  0.000000 ) 
 (  0.133879  0.000000  0.169275  0.000000 -0.000174  0.000000 ) 
 (  0.133879  0.000000  0.169275  0.000000  0.000174  0.000000 ) 
 (  0.103122 -0.000000 -0.087303  0.000000  0.000071 -0.000000 ) 
 (  0.103122 -0.000000 -0.087303  0.000000 -0.000071  0.000000 ) 
 (  0.133995  0.000000  0.165662  0.000000 -0.001485  0.000000 ) 
 (  0.133995  0.000000  0.165662  0.000000  0.001485  0.000000 ) 
     freq (    2) =       0.650683 [THz] =      21.704445 [cm-1]
 (  0.011078 -0.000000  0.300771 -0.000000 -0.000000  0.000000 ) 
 (  0.272465  0.000000  0.004767  0.000000 -0.000000  0.000000 ) 
 ( -0.074983  0.000000  0.205717  0.000000  0.001703  0.000000 ) 
 ( -0.074983  0.000000  0.205717  0.000000 -0.001703  0.000000 ) 
 (  0.143001 -0.000000  0.064211 -0.000000  0.000387 -0.000000 ) 
 (  0.143001 -0.000000  0.064211 -0.000000 -0.000387  0.000000 ) 
 ( -0.068851  0.000000  0.323266 -0.000000  0.002480  0.000000 ) 
 ( -0.068851  0.000000  0.323266 -0.000000 -0.002480  0.000000 ) 
 ( -0.145231  0.000000  0.022497  0.000000 -0.002464  0.000000 ) 
 ( -0.145231  0.000000  0.022497  0.000000  0.002464 -0.000000 ) 
 (  0.034753 -0.000000  0.161876  0.000000  0.003438  0.000000 ) 
 (  0.034753 -0.000000  0.161876  0.000000 -0.003438  0.000000 ) 
 (  0.221616  0.000000  0.091304 -0.000000  0.001400 -0.000000 ) 
 (  0.221616  0.000000  0.091304 -0.000000 -0.001400  0.000000 ) 
 ( -0.133879  0.000000  0.169275  0.000000 -0.000174  0.000000 ) 
 ( -0.133879  0.000000  0.169275  0.000000  0.000174  0.000000 ) 
 (  0.104971 -0.000000  0.089874 -0.000000 -0.001394  0.000000 ) 
 (  0.104971 -0.000000  0.089874 -0.000000  0.001394 -0.000000 ) 
 ( -0.133995  0.000000  0.165662  0.000000 -0.001485  0.000000 ) 
 ( -0.133995  0.000000  0.165662  0.000000  0.001485  0.000000 ) 
 (  0.103122 -0.000000  0.087303 -0.000000 -0.000071  0.000000 ) 
 (  0.103122 -0.000000  0.087303 -0.000000  0.000071 -0.000000 ) 
     freq (    3) =       1.168917 [THz] =      38.990871 [cm-1]
 (  0.000000 -0.000000  0.000000 -0.000000  0.166152 -0.000000 ) 
 (  0.000000 -0.000000 -0.000000  0.000000  0.342849  0.000000 ) 
 ( -0.004548  0.000000 -0.003565  0.000000  0.076948 -0.000000 ) 
 (  0.004548  0.000000  0.003565  0.000000  0.076948 -0.000000 ) 
 ( -0.009742  0.000000  0.007315 -0.000000  0.272904  0.000000 ) 
 (  0.009742 -0.000000 -0.007315  0.000000  0.272904  0.000000 ) 
 ( -0.004721  0.000000 -0.003437  0.000000  0.126417 -0.000000 ) 
 (  0.004721  0.000000  0.003437 -0.000000  0.126417 -0.000000 ) 
 (  0.009268 -0.000000  0.013219  0.000000 -0.282536  0.000000 ) 
 ( -0.009268  0.000000 -0.013219  0.000000 -0.282536  0.000000 ) 
 ( -0.005496  0.000000 -0.003341  0.000000  0.136231 -0.000000 ) 
 (  0.005496 -0.000000  0.003341  0.000000  0.136231 -0.000000 ) 
 (  0.008495  0.000000  0.014140 -0.000000  0.277166  0.000000 ) 
 ( -0.008495  0.000000 -0.014140  0.000000  0.277166  0.000000 ) 
 ( -0.053317  0.000000  0.077577 -0.000000  0.006201 -0.000000 ) 
 (  0.053317  0.000000 -0.077577  0.000000  0.006201 -0.000000 ) 
 ( -0.009234  0.000000  0.026626  0.000000  0.259801  0.000000 ) 
 (  0.009234 -0.000000 -0.026626  0.000000  0.259801  0.000000 ) 
 ( -0.045396  0.000000  0.083902  0.000000  0.006520 -0.000000 ) 
 (  0.045396 -0.000000 -0.083902  0.000000  0.006520 -0.000000 ) 
 (  0.033262  0.000000 -0.003734  0.000000  0.259991  0.000000 ) 
 ( -0.033262  0.000000  0.003734 -0.000000  0.259991  0.000000 ) 
     freq (    4) =       1.168917 [THz] =      38.990871 [cm-1]
 ( -0.000000  0.000000 -0.000000  0.000000 -0.342849  0.000000 ) 
 ( -0.000000  0.000000  0.000000  0.000000  0.166152 -0.000000 ) 
 ( -0.009742  0.000000 -0.007315  0.000000 -0.272904  0.000000 ) 
 (  0.009742 -0.000000  0.007315 -0.000000 -0.272904  0.000000 ) 
 (  0.004548  0.000000 -0.003565  0.000000  0.076948 -0.000000 ) 
 ( -0.004548  0.000000  0.003565  0.000000  0.076948 -0.000000 ) 
 ( -0.009268  0.000000  0.013219  0.000000 -0.282536  0.000000 ) 
 (  0.009268 -0.000000 -0.013219  0.000000 -0.282536  0.000000 ) 
 ( -0.004721  0.000000  0.003437 -0.000000 -0.126417  0.000000 ) 
 (  0.004721  0.000000 -0.003437  0.000000 -0.126417  0.000000 ) 
 (  0.008495  0.000000 -0.014140  0.000000 -0.277166  0.000000 ) 
 ( -0.008495  0.000000  0.014140 -0.000000 -0.277166  0.000000 ) 
 (  0.005496 -0.000000 -0.003341  0.000000  0.136231 -0.000000 ) 
 ( -0.005496  0.000000  0.003341  0.000000  0.136231 -0.000000 ) 
 ( -0.009234  0.000000 -0.026626  0.000000 -0.259801  0.000000 ) 
 (  0.009234 -0.000000  0.026626  0.000000 -0.259801  0.000000 ) 
 (  0.053317  0.000000  0.077577 -0.000000  0.006201 -0.000000 ) 
 ( -0.053317  0.000000 -0.077577  0.000000  0.006201 -0.000000 ) 
 (  0.033262  0.000000  0.003734 -0.000000 -0.259991  0.000000 ) 
 ( -0.033262  0.000000 -0.003734  0.000000 -0.259991  0.000000 ) 
 (  0.045396 -0.000000  0.083902  0.000000  0.006520 -0.000000 ) 
 ( -0.045396  0.000000 -0.083902  0.000000  0.006520 -0.000000 ) 
     freq (    5) =       2.253818 [THz] =      75.179280 [cm-1]
 ( -0.060922  0.000000  0.175319  0.000000  0.000000 -0.000000 ) 
 ( -0.207473  0.000000  0.047682 -0.000000  0.000000 -0.000000 ) 
 (  0.111079  0.000000  0.212717  0.000000 -0.003344  0.000000 ) 
 (  0.111079  0.000000  0.212717  0.000000  0.003344 -0.000000 ) 
 ( -0.095854  0.000000  0.048416 -0.000000  0.001274  0.000000 ) 
 ( -0.095854  0.000000  0.048416 -0.000000 -0.001274  0.000000 ) 
 (  0.100160  0.000000  0.027122  0.000000 -0.001681  0.000000 ) 
 (  0.100160  0.000000  0.027122  0.000000  0.001681  0.000000 ) 
 (  0.101302 -0.000000 -0.107504  0.000000  0.002691 -0.000000 ) 
 (  0.101302 -0.000000 -0.107504  0.000000 -0.002691  0.000000 ) 
 ( -0.065175  0.000000  0.279452  0.000000 -0.003515  0.000000 ) 
 ( -0.065175  0.000000  0.279452  0.000000  0.003515 -0.000000 ) 
 ( -0.156894  0.000000  0.023496 -0.000000  0.005525  0.000000 ) 
 ( -0.156894  0.000000  0.023496 -0.000000 -0.005525  0.000000 ) 
 (  0.210192  0.000000  0.275625  0.000000 -0.005043  0.000000 ) 
 (  0.210192  0.000000  0.275625  0.000000  0.005043 -0.000000 ) 
 ( -0.064482  0.000000  0.031225 -0.000000  0.001457  0.000000 ) 
 ( -0.064482  0.000000  0.031225 -0.000000 -0.001457  0.000000 ) 
 (  0.213333  0.000000  0.275744  0.000000  0.002654  0.000000 ) 
 (  0.213333  0.000000  0.275744  0.000000 -0.002654  0.000000 ) 
 ( -0.057804  0.000000  0.025125 -0.000000  0.000124 -0.000000 ) 
 ( -0.057804  0.000000  0.025125 -0.000000 -0.000124  0.000000 ) 
     freq (    6) =       2.253818 [THz] =      75.179280 [cm-1]
 (  0.207473  0.000000  0.047682  0.000000 -0.000000  0.000000 ) 
 ( -0.060922  0.000000 -0.175319  0.000000 -0.000000  0.000000 ) 
 (  0.095854  0.000000  0.048416  0.000000  0.001274  0.000000 ) 
 (  0.095854  0.000000  0.048416  0.000000 -0.001274  0.000000 ) 
 (  0.111079  0.000000 -0.212717  0.000000  0.003344  0.000000 ) 
 (  0.111079  0.000000 -0.212717  0.000000 -0.003344  0.000000 ) 
 (  0.101302  0.000000  0.107504  0.000000 -0.002691  0.000000 ) 
 (  0.101302  0.000000  0.107504  0.000000  0.002691  0.000000 ) 
 ( -0.100160  0.000000  0.027122  0.000000 -0.001681  0.000000 ) 
 ( -0.100160  0.000000  0.027122  0.000000  0.001681  0.000000 ) 
 (  0.156894  0.000000  0.023496  0.000000  0.005525  0.000000 ) 
 (  0.156894  0.000000  0.023496  0.000000 -0.005525  0.000000 ) 
 ( -0.065175  0.000000 -0.279452  0.000000  0.003515  0.000000 ) 
 ( -0.065175  0.000000 -0.279452  0.000000 -0.003515  0.000000 ) 
 (  0.064482  0.000000  0.031225  0.000000  0.001457  0.000000 ) 
 (  0.064482  0.000000  0.031225  0.000000 -0.001457  0.000000 ) 
 (  0.210192  0.000000 -0.275625  0.000000  0.005043  0.000000 ) 
 (  0.210192  0.000000 -0.275625  0.000000 -0.005043  0.000000 ) 
 (  0.057804  0.000000  0.025125  0.000000  0.000124  0.000000 ) 
 (  0.057804  0.000000  0.025125  0.000000 -0.000124  0.000000 ) 
 (  0.213333  0.000000 -0.275744  0.000000 -0.002654  0.000000 ) 
 (  0.213333  0.000000 -0.275744  0.000000  0.002654  0.000000 ) 
     freq (    7) =       4.055670 [THz] =     135.282584 [cm-1]
 ( -0.000000  0.000000 -0.000000  0.000000 -0.000889  0.000000 ) 
 (  0.000000  0.000000  0.000000 -0.000000  0.001336  0.000000 ) 
 (  0.121095 -0.000000  0.095559 -0.000000  0.008933  0.000000 ) 
 ( -0.121095  0.000000 -0.095559  0.000000  0.008933  0.000000 ) 
 (  0.140223  0.000000 -0.164315  0.000000  0.008532 -0.000000 ) 
 ( -0.140223  0.000000  0.164315  0.000000  0.008532 -0.000000 ) 
 (  0.121244 -0.000000  0.087866  0.000000  0.010719  0.000000 ) 
 ( -0.121244  0.000000 -0.087866  0.000000  0.010719  0.000000 ) 
 ( -0.131556  0.000000 -0.074556  0.000000 -0.006165  0.000000 ) 
 (  0.131556  0.000000  0.074556 -0.000000 -0.006165  0.000000 ) 
 (  0.118916  0.000000  0.094391 -0.000000  0.007522  0.000000 ) 
 ( -0.118916  0.000000 -0.094391  0.000000  0.007522  0.000000 ) 
 ( -0.077615  0.000000 -0.244666  0.000000  0.014454 -0.000000 ) 
 (  0.077615 -0.000000  0.244666  0.000000  0.014454 -0.000000 ) 
 (  0.108863 -0.000000  0.088329 -0.000000  0.008593  0.000000 ) 
 ( -0.108863  0.000000 -0.088329  0.000000  0.008593  0.000000 ) 
 (  0.255595  0.000000 -0.240421  0.000000  0.009417 -0.000000 ) 
 ( -0.255595  0.000000  0.240421 -0.000000  0.009417 -0.000000 ) 
 ( -0.112525  0.000000 -0.090517  0.000000  0.009415 -0.000000 ) 
 (  0.112525 -0.000000  0.090517 -0.000000  0.009415 -0.000000 ) 
 ( -0.260763  0.000000  0.250695 -0.000000  0.003464 -0.000000 ) 
 (  0.260763  0.000000 -0.250695  0.000000  0.003464 -0.000000 ) 
     freq (    8) =       4.055670 [THz] =     135.282584 [cm-1]
 ( -0.000000  0.000000 -0.000000  0.000000  0.001336  0.000000 ) 
 (  0.000000  0.000000 -0.000000  0.000000  0.000889  0.000000 ) 
 ( -0.140223  0.000000 -0.164315  0.000000  0.008532  0.000000 ) 
 (  0.140223  0.000000  0.164315  0.000000  0.008532  0.000000 ) 
 (  0.121095  0.000000 -0.095559  0.000000 -0.008933  0.000000 ) 
 ( -0.121095  0.000000  0.095559  0.000000 -0.008933  0.000000 ) 
 ( -0.131556  0.000000  0.074556  0.000000  0.006165  0.000000 ) 
 (  0.131556  0.000000 -0.074556  0.000000  0.006165  0.000000 ) 
 ( -0.121244  0.000000  0.087866  0.000000  0.010719  0.000000 ) 
 (  0.121244  0.000000 -0.087866  0.000000  0.010719  0.000000 ) 
 (  0.077615  0.000000 -0.244666  0.000000  0.014454  0.000000 ) 
 ( -0.077615  0.000000  0.244666  0.000000  0.014454  0.000000 ) 
 (  0.118916  0.000000 -0.094391  0.000000 -0.007522  0.000000 ) 
 ( -0.118916  0.000000  0.094391  0.000000 -0.007522  0.000000 ) 
 ( -0.255595  0.000000 -0.240421  0.000000  0.009417  0.000000 ) 
 (  0.255595  0.000000  0.240421  0.000000  0.009417  0.000000 ) 
 (  0.108863  0.000000 -0.088329  0.000000 -0.008593  0.000000 ) 
 ( -0.108863  0.000000  0.088329  0.000000 -0.008593  0.000000 ) 
 (  0.260763  0.000000  0.250695  0.000000  0.003464  0.000000 ) 
 ( -0.260763  0.000000 -0.250695  0.000000  0.003464  0.000000 ) 
 ( -0.112525  0.000000  0.090517  0.000000 -0.009415  0.000000 ) 
 (  0.112525  0.000000 -0.090517  0.000000 -0.009415  0.000000 ) 
     freq (    9) =       4.956582 [THz] =     165.333795 [cm-1]
 (  0.009636  0.000000  0.050654 -0.000000 -0.000000  0.000000 ) 
 ( -0.028574  0.000000  0.013612 -0.000000  0.000000 -0.000000 ) 
 ( -0.206272  0.000000 -0.203318  0.000000  0.000452 -0.000000 ) 
 ( -0.206272  0.000000 -0.203318  0.000000 -0.000452  0.000000 ) 
 ( -0.053440  0.000000 -0.068295  0.000000 -0.002804  0.000000 ) 
 ( -0.053440  0.000000 -0.068295  0.000000  0.002804 -0.000000 ) 
 ( -0.198046  0.000000 -0.035548  0.000000  0.000271 -0.000000 ) 
 ( -0.198046  0.000000 -0.035548  0.000000 -0.000271  0.000000 ) 
 (  0.054176  0.000000  0.033139 -0.000000 -0.000058  0.000000 ) 
 (  0.054176  0.000000  0.033139 -0.000000  0.000058 -0.000000 ) 
 ( -0.060004  0.000000 -0.249457  0.000000  0.001532 -0.000000 ) 
 ( -0.060004  0.000000 -0.249457  0.000000 -0.001532  0.000000 ) 
 ( -0.090415  0.000000 -0.080554  0.000000 -0.003667  0.000000 ) 
 ( -0.090415  0.000000 -0.080554  0.000000  0.003667 -0.000000 ) 
 ( -0.267605  0.000000 -0.246320  0.000000  0.001346 -0.000000 ) 
 ( -0.267605  0.000000 -0.246320  0.000000 -0.001346  0.000000 ) 
 ( -0.031489  0.000000 -0.082199  0.000000 -0.004601  0.000000 ) 
 ( -0.031489  0.000000 -0.082199  0.000000  0.004601 -0.000000 ) 
 ( -0.268176  0.000000 -0.248613  0.000000  0.001498  0.000000 ) 
 ( -0.268176  0.000000 -0.248613  0.000000 -0.001498  0.000000 ) 
 ( -0.035878  0.000000 -0.081540  0.000000  0.002155 -0.000000 ) 
 ( -0.035878  0.000000 -0.081540  0.000000 -0.002155  0.000000 ) 
     freq (   10) =       4.956582 [THz] =     165.333795 [cm-1]
 (  0.028574  0.000000  0.013612  0.000000 -0.000000  0.000000 ) 
 (  0.009636  0.000000 -0.050654  0.000000  0.000000  0.000000 ) 
 (  0.053440  0.000000 -0.068295  0.000000 -0.002804  0.000000 ) 
 (  0.053440  0.000000 -0.068295  0.000000  0.002804  0.000000 ) 
 ( -0.206272  0.000000  0.203318  0.000000 -0.000452  0.000000 ) 
 ( -0.206272  0.000000  0.203318  0.000000  0.000452  0.000000 ) 
 (  0.054176  0.000000 -0.033139  0.000000  0.000058  0.000000 ) 
 (  0.054176  0.000000 -0.033139  0.000000 -0.000058  0.000000 ) 
 (  0.198046  0.000000 -0.035548  0.000000  0.000271  0.000000 ) 
 (  0.198046  0.000000 -0.035548  0.000000 -0.000271  0.000000 ) 
 (  0.090415  0.000000 -0.080554  0.000000 -0.003667  0.000000 ) 
 (  0.090415  0.000000 -0.080554  0.000000  0.003667  0.000000 ) 
 ( -0.060004  0.000000  0.249457  0.000000 -0.001532  0.000000 ) 
 ( -0.060004  0.000000  0.249457  0.000000  0.001532  0.000000 ) 
 (  0.031489  0.000000 -0.082199  0.000000 -0.004601  0.000000 ) 
 (  0.031489  0.000000 -0.082199  0.000000  0.004601  0.000000 ) 
 ( -0.267605  0.000000  0.246320  0.000000 -0.001346  0.000000 ) 
 ( -0.267605  0.000000  0.246320  0.000000  0.001346  0.000000 ) 
 (  0.035878  0.000000 -0.081540  0.000000  0.002155  0.000000 ) 
 (  0.035878  0.000000 -0.081540  0.000000 -0.002155  0.000000 ) 
 ( -0.268176  0.000000  0.248613  0.000000 -0.001498  0.000000 ) 
 ( -0.268176  0.000000  0.248613  0.000000  0.001498  0.000000 ) 
     freq (   11) =       6.200243 [THz] =     206.817837 [cm-1]
 (  0.000000  0.000000 -0.000000  0.000000  0.045277  0.000000 ) 
 ( -0.000000  0.000000 -0.000000  0.000000 -0.016484  0.000000 ) 
 ( -0.002387  0.000000 -0.001142  0.000000 -0.303707  0.000000 ) 
 (  0.002387  0.000000  0.001142  0.000000 -0.303707  0.000000 ) 
 (  0.005348  0.000000 -0.012681  0.000000  0.041398  0.000000 ) 
 ( -0.005348  0.000000  0.012681  0.000000  0.041398  0.000000 ) 
 ( -0.002039  0.000000  0.005245  0.000000 -0.234545  0.000000 ) 
 (  0.002039  0.000000 -0.005245  0.000000 -0.234545  0.000000 ) 
 ( -0.005154  0.000000  0.006339  0.000000 -0.029014  0.000000 ) 
 (  0.005154  0.000000 -0.006339  0.000000 -0.029014  0.000000 ) 
 (  0.003068  0.000000 -0.003161  0.000000 -0.185787  0.000000 ) 
 ( -0.003068  0.000000  0.003161  0.000000 -0.185787  0.000000 ) 
 ( -0.000936  0.000000 -0.014745  0.000000  0.045765  0.000000 ) 
 (  0.000936  0.000000  0.014745  0.000000  0.045765  0.000000 ) 
 ( -0.029601  0.000000  0.105811  0.000000 -0.375117  0.000000 ) 
 (  0.029601  0.000000 -0.105811  0.000000 -0.375117  0.000000 ) 
 ( -0.004252  0.000000 -0.014588  0.000000  0.045045  0.000000 ) 
 (  0.004252  0.000000  0.014588  0.000000  0.045045  0.000000 ) 
 ( -0.019184  0.000000  0.112542  0.000000 -0.375908  0.000000 ) 
 (  0.019184  0.000000 -0.112542  0.000000 -0.375908  0.000000 ) 
 ( -0.018232  0.000000  0.012970  0.000000  0.044773  0.000000 ) 
 (  0.018232  0.000000 -0.012970  0.000000  0.044773  0.000000 ) 
     freq (   12) =       6.200243 [THz] =     206.817837 [cm-1]
 ( -0.000000  0.000000  0.000000  0.000000 -0.016484  0.000000 ) 
 ( -0.000000  0.000000 -0.000000  0.000000 -0.045277  0.000000 ) 
 ( -0.005348  0.000000 -0.012681  0.000000  0.041398  0.000000 ) 
 (  0.005348  0.000000  0.012681  0.000000  0.041398  0.000000 ) 
 ( -0.002387  0.000000  0.001142  0.000000  0.303707  0.000000 ) 
 (  0.002387  0.000000 -0.001142  0.000000  0.303707  0.000000 ) 
 ( -0.005154  0.000000 -0.006339  0.000000  0.029014  0.000000 ) 
 (  0.005154  0.000000  0.006339  0.000000  0.029014  0.000000 ) 
 (  0.002039  0.000000  0.005245  0.000000 -0.234545  0.000000 ) 
 ( -0.002039  0.000000 -0.005245  0.000000 -0.234545  0.000000 ) 
 (  0.000936  0.000000 -0.014745  0.000000  0.045765  0.000000 ) 
 ( -0.000936  0.000000  0.014745  0.000000  0.045765  0.000000 ) 
 (  0.003068  0.000000  0.003161  0.000000  0.185787  0.000000 ) 
 ( -0.003068  0.000000 -0.003161  0.000000  0.185787  0.000000 ) 
 (  0.004252  0.000000 -0.014588  0.000000  0.045045  0.000000 ) 
 ( -0.004252  0.000000  0.014588  0.000000  0.045045  0.000000 ) 
 ( -0.029601  0.000000 -0.105811  0.000000  0.375117  0.000000 ) 
 (  0.029601  0.000000  0.105811  0.000000  0.375117  0.000000 ) 
 (  0.018232  0.000000  0.012970  0.000000  0.044773  0.000000 ) 
 ( -0.018232  0.000000 -0.012970  0.000000  0.044773  0.000000 ) 
 ( -0.019184  0.000000 -0.112542  0.000000  0.375908  0.000000 ) 
 (  0.019184  0.000000  0.112542  0.000000  0.375908  0.000000 ) 
     freq (   13) =       6.521493 [THz] =     217.533603 [cm-1]
 (  0.002925  0.000000 -0.002475  0.000000 -0.000000  0.000000 ) 
 ( -0.000019  0.000000  0.000241  0.000000 -0.000000  0.000000 ) 
 ( -0.018280  0.000000  0.014727  0.000000 -0.301493  0.000000 ) 
 ( -0.018280  0.000000  0.014727  0.000000  0.301493  0.000000 ) 
 ( -0.003947  0.000000 -0.000290  0.000000  0.022836  0.000000 ) 
 ( -0.003947  0.000000 -0.000290  0.000000 -0.022836  0.000000 ) 
 ( -0.018107  0.000000  0.006662  0.000000 -0.230525  0.000000 ) 
 ( -0.018107  0.000000  0.006662  0.000000  0.230525  0.000000 ) 
 (  0.003497  0.000000  0.009822  0.000000 -0.017314  0.000000 ) 
 (  0.003497  0.000000  0.009822  0.000000  0.017314  0.000000 ) 
 ( -0.025748  0.000000  0.017600  0.000000 -0.174677  0.000000 ) 
 ( -0.025748  0.000000  0.017600  0.000000  0.174677  0.000000 ) 
 (  0.005128  0.000000  0.002872  0.000000  0.033041  0.000000 ) 
 (  0.005128  0.000000  0.002872  0.000000 -0.033041  0.000000 ) 
 ( -0.038795  0.000000  0.139356  0.000000 -0.379270  0.000000 ) 
 ( -0.038795  0.000000  0.139356  0.000000  0.379270  0.000000 ) 
 ( -0.014160  0.000000  0.012279  0.000000  0.019264  0.000000 ) 
 ( -0.014160  0.000000  0.012279  0.000000 -0.019264  0.000000 ) 
 (  0.014743  0.000000 -0.103664  0.000000  0.380228  0.000000 ) 
 (  0.014743  0.000000 -0.103664  0.000000 -0.380228  0.000000 ) 
 ( -0.003726  0.000000 -0.005662  0.000000 -0.019916  0.000000 ) 
 ( -0.003726  0.000000 -0.005662  0.000000  0.019916  0.000000 ) 
     freq (   14) =       6.521493 [THz] =     217.533603 [cm-1]
 ( -0.000019  0.000000 -0.000241  0.000000  0.000000  0.000000 ) 
 ( -0.002925  0.000000 -0.002475  0.000000  0.000000  0.000000 ) 
 ( -0.003947  0.000000  0.000290  0.000000 -0.022836  0.000000 ) 
 ( -0.003947  0.000000  0.000290  0.000000  0.022836  0.000000 ) 
 (  0.018280  0.000000  0.014727  0.000000 -0.301493  0.000000 ) 
 (  0.018280  0.000000  0.014727  0.000000  0.301493  0.000000 ) 
 ( -0.003497  0.000000  0.009822  0.000000 -0.017314  0.000000 ) 
 ( -0.003497  0.000000  0.009822  0.000000  0.017314  0.000000 ) 
 ( -0.018107  0.000000 -0.006662  0.000000  0.230525  0.000000 ) 
 ( -0.018107  0.000000 -0.006662  0.000000 -0.230525  0.000000 ) 
 (  0.005128  0.000000 -0.002872  0.000000 -0.033041  0.000000 ) 
 (  0.005128  0.000000 -0.002872  0.000000  0.033041  0.000000 ) 
 (  0.025748  0.000000  0.017600  0.000000 -0.174677  0.000000 ) 
 (  0.025748  0.000000  0.017600  0.000000  0.174677  0.000000 ) 
 ( -0.014160  0.000000 -0.012279  0.000000 -0.019264  0.000000 ) 
 ( -0.014160  0.000000 -0.012279  0.000000  0.019264  0.000000 ) 
 (  0.038795  0.000000  0.139356  0.000000 -0.379270  0.000000 ) 
 (  0.038795  0.000000  0.139356  0.000000  0.379270  0.000000 ) 
 ( -0.003726  0.000000  0.005662  0.000000  0.019916  0.000000 ) 
 ( -0.003726  0.000000  0.005662  0.000000 -0.019916  0.000000 ) 
 ( -0.014743  0.000000 -0.103664  0.000000  0.380228  0.000000 ) 
 ( -0.014743  0.000000 -0.103664  0.000000 -0.380228  0.000000 ) 
     freq (   15) =       6.698889 [THz] =     223.450869 [cm-1]
 (  0.012951 -0.000000 -0.003552  0.000000 -0.000000  0.000000 ) 
 (  0.034124  0.000000  0.026959 -0.000000 -0.000000  0.000000 ) 
 (  0.030295  0.000000  0.049391 -0.000000  0.003077  0.000000 ) 
 (  0.030295  0.000000  0.049391 -0.000000 -0.003077  0.000000 ) 
 ( -0.220482  0.000000 -0.176394  0.000000 -0.025015  0.000000 ) 
 ( -0.220482  0.000000 -0.176394  0.000000  0.025015 -0.000000 ) 
 (  0.022977  0.000000 -0.119570  0.000000 -0.000921  0.000000 ) 
 (  0.022977  0.000000 -0.119570  0.000000  0.000921  0.000000 ) 
 (  0.217008 -0.000000  0.107220 -0.000000  0.021456 -0.000000 ) 
 (  0.217008 -0.000000  0.107220 -0.000000 -0.021456  0.000000 ) 
 ( -0.124286  0.000000  0.103610 -0.000000  0.004292 -0.000000 ) 
 ( -0.124286  0.000000  0.103610 -0.000000 -0.004292  0.000000 ) 
 ( -0.289968  0.000000 -0.203567  0.000000 -0.008055  0.000000 ) 
 ( -0.289968  0.000000 -0.203567  0.000000  0.008055  0.000000 ) 
 (  0.124441  0.000000  0.110870 -0.000000  0.001428  0.000000 ) 
 (  0.124441  0.000000  0.110870 -0.000000 -0.001428  0.000000 ) 
 ( -0.157853  0.000000 -0.188639  0.000000 -0.040530  0.000000 ) 
 ( -0.157853  0.000000 -0.188639  0.000000  0.040530 -0.000000 ) 
 (  0.118838  0.000000  0.110435 -0.000000 -0.006418  0.000000 ) 
 (  0.118838  0.000000  0.110435 -0.000000  0.006418 -0.000000 ) 
 ( -0.155774  0.000000 -0.219840  0.000000  0.026539  0.000000 ) 
 ( -0.155774  0.000000 -0.219840  0.000000 -0.026539  0.000000 ) 
     freq (   16) =       6.698889 [THz] =     223.450869 [cm-1]
 ( -0.034124  0.000000  0.026959 -0.000000  0.000000  0.000000 ) 
 (  0.012951 -0.000000  0.003552  0.000000 -0.000000  0.000000 ) 
 (  0.220482 -0.000000 -0.176394  0.000000 -0.025015  0.000000 ) 
 (  0.220482 -0.000000 -0.176394  0.000000  0.025015 -0.000000 ) 
 (  0.030295  0.000000 -0.049391  0.000000 -0.003077  0.000000 ) 
 (  0.030295  0.000000 -0.049391  0.000000  0.003077  0.000000 ) 
 (  0.217008 -0.000000 -0.107220  0.000000 -0.021456  0.000000 ) 
 (  0.217008 -0.000000 -0.107220  0.000000  0.021456 -0.000000 ) 
 ( -0.022977  0.000000 -0.119570  0.000000 -0.000921  0.000000 ) 
 ( -0.022977  0.000000 -0.119570  0.000000  0.000921  0.000000 ) 
 (  0.289968  0.000000 -0.203567  0.000000 -0.008055  0.000000 ) 
 (  0.289968  0.000000 -0.203567  0.000000  0.008055  0.000000 ) 
 ( -0.124286  0.000000 -0.103610  0.000000 -0.004292  0.000000 ) 
 ( -0.124286  0.000000 -0.103610  0.000000  0.004292 -0.000000 ) 
 (  0.157853 -0.000000 -0.188639  0.000000 -0.040530  0.000000 ) 
 (  0.157853 -0.000000 -0.188639  0.000000  0.040530 -0.000000 ) 
 (  0.124441  0.000000 -0.110870  0.000000 -0.001428  0.000000 ) 
 (  0.124441  0.000000 -0.110870  0.000000  0.001428  0.000000 ) 
 (  0.155774 -0.000000 -0.219840  0.000000  0.026539  0.000000 ) 
 (  0.155774 -0.000000 -0.219840  0.000000 -0.026539  0.000000 ) 
 (  0.118838  0.000000 -0.110435  0.000000  0.006418 -0.000000 ) 
 (  0.118838  0.000000 -0.110435  0.000000 -0.006418  0.000000 ) 
     freq (   17) =       8.014386 [THz] =     267.331146 [cm-1]
 ( -0.000000  0.000000 -0.000000  0.000000  0.000358  0.000000 ) 
 ( -0.000000  0.000000 -0.000000  0.000000 -0.000306  0.000000 ) 
 (  0.072972  0.000000  0.022492  0.000000 -0.002814  0.000000 ) 
 ( -0.072972  0.000000 -0.022492  0.000000 -0.002814  0.000000 ) 
 (  0.101870  0.000000  0.041739  0.000000  0.001052  0.000000 ) 
 ( -0.101870  0.000000 -0.041739  0.000000  0.001052  0.000000 ) 
 (  0.072489  0.000000  0.149933  0.000000  0.005361  0.000000 ) 
 ( -0.072489  0.000000 -0.149933  0.000000  0.005361  0.000000 ) 
 ( -0.103079  0.000000  0.317522  0.000000  0.003211  0.000000 ) 
 (  0.103079  0.000000 -0.317522  0.000000  0.003211  0.000000 ) 
 (  0.190157  0.000000 -0.026914  0.000000 -0.024783  0.000000 ) 
 ( -0.190157  0.000000  0.026914  0.000000 -0.024783  0.000000 ) 
 (  0.427867  0.000000  0.171387  0.000000  0.003268  0.000000 ) 
 ( -0.427867  0.000000 -0.171387  0.000000  0.003268  0.000000 ) 
 ( -0.018660  0.000000 -0.049323  0.000000  0.005969  0.000000 ) 
 (  0.018660  0.000000  0.049323  0.000000  0.005969  0.000000 ) 
 ( -0.117635  0.000000  0.179388  0.000000  0.000267  0.000000 ) 
 (  0.117635  0.000000 -0.179388  0.000000  0.000267  0.000000 ) 
 (  0.000781  0.000000  0.010918  0.000000  0.003947  0.000000 ) 
 ( -0.000781  0.000000 -0.010918  0.000000  0.003947  0.000000 ) 
 (  0.110072  0.000000 -0.178239  0.000000  0.003718  0.000000 ) 
 ( -0.110072  0.000000  0.178239  0.000000  0.003718  0.000000 ) 
     freq (   18) =       8.014386 [THz] =     267.331146 [cm-1]
 ( -0.000000  0.000000  0.000000  0.000000  0.000306  0.000000 ) 
 (  0.000000  0.000000  0.000000  0.000000  0.000358  0.000000 ) 
 (  0.101870  0.000000 -0.041739  0.000000 -0.001052  0.000000 ) 
 ( -0.101870  0.000000  0.041739  0.000000 -0.001052  0.000000 ) 
 ( -0.072972  0.000000  0.022492  0.000000 -0.002814  0.000000 ) 
 (  0.072972  0.000000 -0.022492  0.000000 -0.002814  0.000000 ) 
 (  0.103079  0.000000  0.317522  0.000000  0.003211  0.000000 ) 
 ( -0.103079  0.000000 -0.317522  0.000000  0.003211  0.000000 ) 
 (  0.072489  0.000000 -0.149933  0.000000 -0.005361  0.000000 ) 
 ( -0.072489  0.000000  0.149933  0.000000 -0.005361  0.000000 ) 
 (  0.427867  0.000000 -0.171387  0.000000 -0.003268  0.000000 ) 
 ( -0.427867  0.000000  0.171387  0.000000 -0.003268  0.000000 ) 
 ( -0.190157  0.000000 -0.026914  0.000000 -0.024783  0.000000 ) 
 (  0.190157  0.000000  0.026914  0.000000 -0.024783  0.000000 ) 
 ( -0.117635  0.000000 -0.179388  0.000000 -0.000267  0.000000 ) 
 (  0.117635  0.000000  0.179388  0.000000 -0.000267  0.000000 ) 
 (  0.018660  0.000000 -0.049323  0.000000  0.005969  0.000000 ) 
 ( -0.018660  0.000000  0.049323  0.000000  0.005969  0.000000 ) 
 (  0.110072  0.000000  0.178239  0.000000 -0.003718  0.000000 ) 
 ( -0.110072  0.000000 -0.178239  0.000000 -0.003718  0.000000 ) 
 ( -0.000781  0.000000  0.010918  0.000000  0.003947  0.000000 ) 
 (  0.000781  0.000000 -0.010918  0.000000  0.003947  0.000000 ) 
     freq (   19) =       8.515361 [THz] =     284.041869 [cm-1]
 ( -0.000000  0.000000  0.000000  0.000000 -0.003860  0.000000 ) 
 ( -0.000000  0.000000 -0.000000  0.000000 -0.000314  0.000000 ) 
 ( -0.005331  0.000000  0.016876 -0.000000  0.020866 -0.000000 ) 
 (  0.005331 -0.000000 -0.016876  0.000000  0.020866 -0.000000 ) 
 ( -0.000561  0.000000 -0.001642  0.000000 -0.006581  0.000000 ) 
 (  0.000561  0.000000  0.001642  0.000000 -0.006581  0.000000 ) 
 ( -0.004579  0.000000  0.041290 -0.000000 -0.189998  0.000000 ) 
 (  0.004579 -0.000000 -0.041290  0.000000 -0.189998  0.000000 ) 
 (  0.000369  0.000000  0.022425  0.000000 -0.031737  0.000000 ) 
 ( -0.000369  0.000000 -0.022425  0.000000 -0.031737  0.000000 ) 
 (  0.018571 -0.000000  0.006478  0.000000  0.399202 -0.000000 ) 
 ( -0.018571  0.000000 -0.006478  0.000000  0.399202 -0.000000 ) 
 (  0.018141  0.000000  0.005860 -0.000000 -0.040536  0.000000 ) 
 ( -0.018141  0.000000 -0.005860  0.000000 -0.040536  0.000000 ) 
 (  0.197099 -0.000000  0.311829 -0.000000 -0.075443  0.000000 ) 
 ( -0.197099  0.000000 -0.311829  0.000000 -0.075443  0.000000 ) 
 (  0.021859  0.000000 -0.015447  0.000000 -0.006214  0.000000 ) 
 ( -0.021859  0.000000  0.015447  0.000000 -0.006214  0.000000 ) 
 (  0.235901 -0.000000  0.301576 -0.000000 -0.077943  0.000000 ) 
 ( -0.235901  0.000000 -0.301576  0.000000 -0.077943  0.000000 ) 
 (  0.045557  0.000000 -0.028126  0.000000 -0.005968  0.000000 ) 
 ( -0.045557  0.000000  0.028126  0.000000 -0.005968  0.000000 ) 
     freq (   20) =       8.515361 [THz] =     284.041869 [cm-1]
 ( -0.000000  0.000000  0.000000  0.000000 -0.000314  0.000000 ) 
 (  0.000000  0.000000  0.000000  0.000000  0.003860  0.000000 ) 
 (  0.000561  0.000000 -0.001642  0.000000 -0.006581  0.000000 ) 
 ( -0.000561  0.000000  0.001642  0.000000 -0.006581  0.000000 ) 
 ( -0.005331  0.000000 -0.016876  0.000000 -0.020866  0.000000 ) 
 (  0.005331  0.000000  0.016876  0.000000 -0.020866  0.000000 ) 
 (  0.000369  0.000000 -0.022425  0.000000  0.031737  0.000000 ) 
 ( -0.000369  0.000000  0.022425  0.000000  0.031737  0.000000 ) 
 (  0.004579  0.000000  0.041290  0.000000 -0.189998  0.000000 ) 
 ( -0.004579  0.000000 -0.041290  0.000000 -0.189998  0.000000 ) 
 ( -0.018141  0.000000  0.005860  0.000000 -0.040536  0.000000 ) 
 (  0.018141  0.000000 -0.005860  0.000000 -0.040536  0.000000 ) 
 (  0.018571  0.000000 -0.006478  0.000000 -0.399202  0.000000 ) 
 ( -0.018571  0.000000  0.006478  0.000000 -0.399202  0.000000 ) 
 ( -0.021859  0.000000 -0.015447  0.000000 -0.006214  0.000000 ) 
 (  0.021859  0.000000  0.015447  0.000000 -0.006214  0.000000 ) 
 (  0.197099  0.000000 -0.311829  0.000000  0.075443  0.000000 ) 
 ( -0.197099  0.000000  0.311829  0.000000  0.075443  0.000000 ) 
 ( -0.045557  0.000000 -0.028126  0.000000 -0.005968  0.000000 ) 
 (  0.045557  0.000000  0.028126  0.000000 -0.005968  0.000000 ) 
 (  0.235901  0.000000 -0.301576  0.000000  0.077943  0.000000 ) 
 ( -0.235901  0.000000  0.301576  0.000000  0.077943  0.000000 ) 
     freq (   21) =       8.811921 [THz] =     293.934033 [cm-1]
 (  0.000024  0.000000 -0.000245  0.000000  0.000000  0.000000 ) 
 (  0.000134 -0.000000  0.000173 -0.000000  0.000000 -0.000000 ) 
 (  0.000016  0.000000  0.003064  0.000000 -0.013223  0.000000 ) 
 (  0.000016  0.000000  0.003064  0.000000  0.013223 -0.000000 ) 
 ( -0.002385  0.000000 -0.000558  0.000000 -0.022775  0.000000 ) 
 ( -0.002385  0.000000 -0.000558  0.000000  0.022775  0.000000 ) 
 (  0.000278 -0.000000  0.011279 -0.000000  0.111663 -0.000000 ) 
 (  0.000278 -0.000000  0.011279 -0.000000 -0.111663  0.000000 ) 
 (  0.002555  0.000000 -0.010136  0.000000 -0.172674  0.000000 ) 
 (  0.002555  0.000000 -0.010136  0.000000  0.172674  0.000000 ) 
 (  0.007708 -0.000000 -0.000309  0.000000 -0.157286  0.000000 ) 
 (  0.007708 -0.000000 -0.000309  0.000000  0.157286 -0.000000 ) 
 ( -0.012236  0.000000 -0.004591  0.000000 -0.369351  0.000000 ) 
 ( -0.012236  0.000000 -0.004591  0.000000  0.369351  0.000000 ) 
 ( -0.120626  0.000000 -0.109567  0.000000  0.007157 -0.000000 ) 
 ( -0.120626  0.000000 -0.109567  0.000000 -0.007157  0.000000 ) 
 (  0.203907  0.000000 -0.284269  0.000000  0.065663  0.000000 ) 
 (  0.203907  0.000000 -0.284269  0.000000 -0.065663  0.000000 ) 
 (  0.110878 -0.000000  0.108586 -0.000000 -0.006490  0.000000 ) 
 (  0.110878 -0.000000  0.108586 -0.000000  0.006490 -0.000000 ) 
 ( -0.195547  0.000000  0.274671  0.000000 -0.065300  0.000000 ) 
 ( -0.195547  0.000000  0.274671  0.000000  0.065300  0.000000 ) 
     freq (   22) =       8.811921 [THz] =     293.934033 [cm-1]
 (  0.000134 -0.000000 -0.000173  0.000000  0.000000 -0.000000 ) 
 ( -0.000024  0.000000 -0.000245  0.000000 -0.000000  0.000000 ) 
 ( -0.002385  0.000000  0.000558 -0.000000  0.022775  0.000000 ) 
 ( -0.002385  0.000000  0.000558 -0.000000 -0.022775  0.000000 ) 
 ( -0.000016  0.000000  0.003064  0.000000 -0.013223  0.000000 ) 
 ( -0.000016  0.000000  0.003064  0.000000  0.013223 -0.000000 ) 
 ( -0.002555  0.000000 -0.010136  0.000000 -0.172674  0.000000 ) 
 ( -0.002555  0.000000 -0.010136  0.000000  0.172674  0.000000 ) 
 (  0.000278 -0.000000 -0.011279  0.000000 -0.111663  0.000000 ) 
 (  0.000278 -0.000000 -0.011279  0.000000  0.111663 -0.000000 ) 
 ( -0.012236  0.000000  0.004591  0.000000  0.369351  0.000000 ) 
 ( -0.012236  0.000000  0.004591  0.000000 -0.369351  0.000000 ) 
 ( -0.007708  0.000000 -0.000309  0.000000 -0.157286  0.000000 ) 
 ( -0.007708  0.000000 -0.000309  0.000000  0.157286 -0.000000 ) 
 (  0.203907  0.000000  0.284269  0.000000 -0.065663  0.000000 ) 
 (  0.203907  0.000000  0.284269  0.000000  0.065663  0.000000 ) 
 (  0.120626 -0.000000 -0.109567  0.000000  0.007157 -0.000000 ) 
 (  0.120626 -0.000000 -0.109567  0.000000 -0.007157  0.000000 ) 
 ( -0.195547  0.000000 -0.274671  0.000000  0.065300  0.000000 ) 
 ( -0.195547  0.000000 -0.274671  0.000000 -0.065300  0.000000 ) 
 ( -0.110878  0.000000  0.108586 -0.000000 -0.006490  0.000000 ) 
 ( -0.110878  0.000000  0.108586 -0.000000  0.006490 -0.000000 ) 
     freq (   23) =       9.240481 [THz] =     308.229263 [cm-1]
 (  0.000000 -0.000000  0.000000 -0.000000 -0.000097  0.000000 ) 
 (  0.000000 -0.000000 -0.000000  0.000000 -0.000921  0.000000 ) 
 ( -0.084952  0.000000  0.132114 -0.000000  0.002281 -0.000000 ) 
 (  0.084952 -0.000000 -0.132114  0.000000  0.002281 -0.000000 ) 
 ( -0.111022  0.000000 -0.143588  0.000000  0.003475 -0.000000 ) 
 (  0.111022 -0.000000  0.143588 -0.000000  0.003475 -0.000000 ) 
 ( -0.078059  0.000000  0.323130 -0.000000  0.036396 -0.000000 ) 
 (  0.078059 -0.000000 -0.323130  0.000000  0.036396 -0.000000 ) 
 (  0.100159 -0.000000  0.340225 -0.000000  0.021621 -0.000000 ) 
 ( -0.100159  0.000000 -0.340225  0.000000  0.021621 -0.000000 ) 
 (  0.108323 -0.000000  0.049365 -0.000000 -0.045630  0.000000 ) 
 ( -0.108323  0.000000 -0.049365  0.000000 -0.045630  0.000000 ) 
 (  0.082620 -0.000000 -0.058432  0.000000  0.038362 -0.000000 ) 
 ( -0.082620  0.000000  0.058432 -0.000000  0.038362 -0.000000 ) 
 ( -0.220475  0.000000  0.002375 -0.000000  0.022019 -0.000000 ) 
 (  0.220475 -0.000000 -0.002375  0.000000  0.022019 -0.000000 ) 
 ( -0.235960  0.000000 -0.023380  0.000000 -0.015698  0.000000 ) 
 (  0.235960 -0.000000  0.023380 -0.000000 -0.015698  0.000000 ) 
 (  0.151978 -0.000000 -0.075906  0.000000 -0.000648  0.000000 ) 
 ( -0.151978  0.000000  0.075906 -0.000000 -0.000648  0.000000 ) 
 (  0.188466 -0.000000  0.079385 -0.000000  0.008314 -0.000000 ) 
 ( -0.188466  0.000000 -0.079385  0.000000  0.008314 -0.000000 ) 
     freq (   24) =       9.240481 [THz] =     308.229263 [cm-1]
 ( -0.000000  0.000000 -0.000000  0.000000 -0.000921  0.000000 ) 
 ( -0.000000  0.000000  0.000000  0.000000  0.000097  0.000000 ) 
 (  0.111022  0.000000 -0.143588  0.000000  0.003475  0.000000 ) 
 ( -0.111022  0.000000  0.143588  0.000000  0.003475  0.000000 ) 
 ( -0.084952  0.000000 -0.132114  0.000000 -0.002281  0.000000 ) 
 (  0.084952  0.000000  0.132114  0.000000 -0.002281  0.000000 ) 
 (  0.100159  0.000000 -0.340225  0.000000 -0.021621  0.000000 ) 
 ( -0.100159  0.000000  0.340225  0.000000 -0.021621  0.000000 ) 
 (  0.078059  0.000000  0.323130  0.000000  0.036396  0.000000 ) 
 ( -0.078059  0.000000 -0.323130  0.000000  0.036396  0.000000 ) 
 ( -0.082620  0.000000 -0.058432  0.000000  0.038362  0.000000 ) 
 (  0.082620  0.000000  0.058432  0.000000  0.038362  0.000000 ) 
 (  0.108323  0.000000 -0.049365  0.000000  0.045630  0.000000 ) 
 ( -0.108323  0.000000  0.049365  0.000000  0.045630  0.000000 ) 
 (  0.235960  0.000000 -0.023380  0.000000 -0.015698  0.000000 ) 
 ( -0.235960  0.000000  0.023380  0.000000 -0.015698  0.000000 ) 
 ( -0.220475  0.000000 -0.002375  0.000000 -0.022019  0.000000 ) 
 (  0.220475  0.000000  0.002375  0.000000 -0.022019  0.000000 ) 
 ( -0.188466  0.000000  0.079385  0.000000  0.008314  0.000000 ) 
 (  0.188466  0.000000 -0.079385  0.000000  0.008314  0.000000 ) 
 (  0.151978  0.000000  0.075906  0.000000  0.000648  0.000000 ) 
 ( -0.151978  0.000000 -0.075906  0.000000  0.000648  0.000000 ) 
     freq (   25) =       9.396486 [THz] =     313.433047 [cm-1]
 (  0.003935  0.000000  0.006515  0.000000 -0.000000  0.000000 ) 
 ( -0.004191  0.000000  0.005581 -0.000000 -0.000000  0.000000 ) 
 (  0.026698 -0.000000 -0.031967  0.000000 -0.000269  0.000000 ) 
 (  0.026698 -0.000000 -0.031967  0.000000  0.000269  0.000000 ) 
 (  0.027106  0.000000 -0.053516  0.000000 -0.000883  0.000000 ) 
 (  0.027106  0.000000 -0.053516  0.000000  0.000883 -0.000000 ) 
 (  0.023121 -0.000000 -0.117380  0.000000  0.001232  0.000000 ) 
 (  0.023121 -0.000000 -0.117380  0.000000 -0.001232  0.000000 ) 
 ( -0.033007  0.000000  0.443755 -0.000000 -0.006950  0.000000 ) 
 ( -0.033007  0.000000  0.443755 -0.000000  0.006950 -0.000000 ) 
 ( -0.053276  0.000000  0.001260  0.000000  0.002924 -0.000000 ) 
 ( -0.053276  0.000000  0.001260  0.000000 -0.002924  0.000000 ) 
 (  0.388252 -0.000000  0.092995 -0.000000 -0.015392  0.000000 ) 
 (  0.388252 -0.000000  0.092995 -0.000000  0.015392  0.000000 ) 
 (  0.072313  0.000000  0.008271  0.000000 -0.004592  0.000000 ) 
 (  0.072313  0.000000  0.008271  0.000000  0.004592  0.000000 ) 
 ( -0.197608  0.000000  0.097381 -0.000000 -0.004919  0.000000 ) 
 ( -0.197608  0.000000  0.097381 -0.000000  0.004919 -0.000000 ) 
 (  0.073712  0.000000  0.001772  0.000000  0.000256  0.000000 ) 
 (  0.073712  0.000000  0.001772  0.000000 -0.000256  0.000000 ) 
 ( -0.213720  0.000000  0.121087 -0.000000 -0.010891  0.000000 ) 
 ( -0.213720  0.000000  0.121087 -0.000000  0.010891 -0.000000 ) 
     freq (   26) =       9.396486 [THz] =     313.433047 [cm-1]
 (  0.004191 -0.000000  0.005581 -0.000000  0.000000  0.000000 ) 
 (  0.003935  0.000000 -0.006515  0.000000 -0.000000  0.000000 ) 
 ( -0.027106  0.000000 -0.053516  0.000000 -0.000883  0.000000 ) 
 ( -0.027106  0.000000 -0.053516  0.000000  0.000883 -0.000000 ) 
 (  0.026698 -0.000000  0.031967  0.000000  0.000269  0.000000 ) 
 (  0.026698 -0.000000  0.031967  0.000000 -0.000269  0.000000 ) 
 ( -0.033007  0.000000 -0.443755  0.000000  0.006950 -0.000000 ) 
 ( -0.033007  0.000000 -0.443755  0.000000 -0.006950  0.000000 ) 
 ( -0.023121  0.000000 -0.117380  0.000000  0.001232  0.000000 ) 
 ( -0.023121  0.000000 -0.117380  0.000000 -0.001232  0.000000 ) 
 ( -0.388252  0.000000  0.092995 -0.000000 -0.015392  0.000000 ) 
 ( -0.388252  0.000000  0.092995 -0.000000  0.015392  0.000000 ) 
 ( -0.053276  0.000000 -0.001260  0.000000 -0.002924  0.000000 ) 
 ( -0.053276  0.000000 -0.001260  0.000000  0.002924 -0.000000 ) 
 (  0.197608 -0.000000  0.097381 -0.000000 -0.004919  0.000000 ) 
 (  0.197608 -0.000000  0.097381 -0.000000  0.004919 -0.000000 ) 
 (  0.072313  0.000000 -0.008271  0.000000  0.004592  0.000000 ) 
 (  0.072313  0.000000 -0.008271  0.000000 -0.004592  0.000000 ) 
 (  0.213720 -0.000000  0.121087 -0.000000 -0.010891  0.000000 ) 
 (  0.213720 -0.000000  0.121087 -0.000000  0.010891 -0.000000 ) 
 (  0.073712  0.000000 -0.001772  0.000000 -0.000256  0.000000 ) 
 (  0.073712  0.000000 -0.001772  0.000000  0.000256  0.000000 ) 
     freq (   27) =      12.001937 [THz] =     400.341514 [cm-1]
 ( -0.000000  0.000000  0.000000  0.000000 -0.006522  0.000000 ) 
 (  0.000000  0.000000 -0.000000  0.000000 -0.002066  0.000000 ) 
 (  0.001440  0.000000 -0.001107  0.000000  0.021700  0.000000 ) 
 ( -0.001440  0.000000  0.001107  0.000000  0.021700  0.000000 ) 
 (  0.001502  0.000000  0.002967  0.000000 -0.004468  0.000000 ) 
 ( -0.001502  0.000000 -0.002967  0.000000 -0.004468  0.000000 ) 
 (  0.001620  0.000000 -0.005146  0.000000  0.391580  0.000000 ) 
 ( -0.001620  0.000000  0.005146  0.000000  0.391580  0.000000 ) 
 ( -0.001036  0.000000 -0.000431  0.000000  0.040589  0.000000 ) 
 (  0.001036  0.000000  0.000431  0.000000  0.040589  0.000000 ) 
 ( -0.002314  0.000000  0.000066  0.000000  0.124523  0.000000 ) 
 (  0.002314  0.000000 -0.000066  0.000000  0.124523  0.000000 ) 
 (  0.003251  0.000000  0.002981  0.000000  0.003020  0.000000 ) 
 ( -0.003251  0.000000 -0.002981  0.000000  0.003020  0.000000 ) 
 ( -0.291313  0.000000  0.194381  0.000000 -0.198233  0.000000 ) 
 (  0.291313  0.000000 -0.194381  0.000000 -0.198233  0.000000 ) 
 ( -0.029579  0.000000  0.001857  0.000000  0.008539  0.000000 ) 
 (  0.029579  0.000000 -0.001857  0.000000  0.008539  0.000000 ) 
 ( -0.297194  0.000000  0.193109  0.000000 -0.198463  0.000000 ) 
 (  0.297194  0.000000 -0.193109  0.000000 -0.198463  0.000000 ) 
 ( -0.030703  0.000000 -0.004721  0.000000  0.007509  0.000000 ) 
 (  0.030703  0.000000  0.004721  0.000000  0.007509  0.000000 ) 
     freq (   28) =      12.001937 [THz] =     400.341514 [cm-1]
 ( -0.000000  0.000000  0.000000  0.000000 -0.002066  0.000000 ) 
 (  0.000000  0.000000 -0.000000  0.000000  0.006522  0.000000 ) 
 ( -0.001502  0.000000  0.002967  0.000000 -0.004468  0.000000 ) 
 (  0.001502  0.000000 -0.002967  0.000000 -0.004468  0.000000 ) 
 (  0.001440  0.000000  0.001107  0.000000 -0.021700  0.000000 ) 
 ( -0.001440  0.000000 -0.001107  0.000000 -0.021700  0.000000 ) 
 ( -0.001036  0.000000  0.000431  0.000000 -0.040589  0.000000 ) 
 (  0.001036  0.000000 -0.000431  0.000000 -0.040589  0.000000 ) 
 ( -0.001620  0.000000 -0.005146  0.000000  0.391580  0.000000 ) 
 (  0.001620  0.000000  0.005146  0.000000  0.391580  0.000000 ) 
 ( -0.003251  0.000000  0.002981  0.000000  0.003020  0.000000 ) 
 (  0.003251  0.000000 -0.002981  0.000000  0.003020  0.000000 ) 
 ( -0.002314  0.000000 -0.000066  0.000000 -0.124523  0.000000 ) 
 (  0.002314  0.000000  0.000066  0.000000 -0.124523  0.000000 ) 
 (  0.029579  0.000000  0.001857  0.000000  0.008539  0.000000 ) 
 ( -0.029579  0.000000 -0.001857  0.000000  0.008539  0.000000 ) 
 ( -0.291313  0.000000 -0.194381  0.000000  0.198233  0.000000 ) 
 (  0.291313  0.000000  0.194381  0.000000  0.198233  0.000000 ) 
 (  0.030703  0.000000 -0.004721  0.000000  0.007509  0.000000 ) 
 ( -0.030703  0.000000  0.004721  0.000000  0.007509  0.000000 ) 
 ( -0.297194  0.000000 -0.193109  0.000000  0.198463  0.000000 ) 
 (  0.297194  0.000000  0.193109  0.000000  0.198463  0.000000 ) 
     freq (   29) =      12.555261 [THz] =     418.798411 [cm-1]
 ( -0.000021  0.000000 -0.000021  0.000000 -0.000000  0.000000 ) 
 ( -0.000079  0.000000 -0.000127  0.000000  0.000000 -0.000000 ) 
 (  0.000085 -0.000000 -0.000207  0.000000  0.000004  0.000000 ) 
 (  0.000085 -0.000000 -0.000207  0.000000 -0.000004  0.000000 ) 
 (  0.000198  0.000000  0.000145  0.000000  0.030233 -0.000000 ) 
 (  0.000198  0.000000  0.000145  0.000000 -0.030233  0.000000 ) 
 (  0.000103 -0.000000 -0.001668  0.000000  0.012367  0.000000 ) 
 (  0.000103 -0.000000 -0.001668  0.000000 -0.012367  0.000000 ) 
 ( -0.000149  0.000000  0.000529 -0.000000 -0.390919  0.000000 ) 
 ( -0.000149  0.000000  0.000529 -0.000000  0.390919 -0.000000 ) 
 ( -0.001509  0.000000  0.000446  0.000000 -0.031043  0.000000 ) 
 ( -0.001509  0.000000  0.000446  0.000000  0.031043 -0.000000 ) 
 (  0.001028 -0.000000  0.000420 -0.000000  0.141278  0.000000 ) 
 (  0.001028 -0.000000  0.000420 -0.000000 -0.141278  0.000000 ) 
 ( -0.013771  0.000000 -0.028013  0.000000  0.010941 -0.000000 ) 
 ( -0.013771  0.000000 -0.028013  0.000000 -0.010941  0.000000 ) 
 (  0.287512 -0.000000  0.203660  0.000000 -0.192911  0.000000 ) 
 (  0.287512 -0.000000  0.203660  0.000000  0.192911  0.000000 ) 
 (  0.015751  0.000000  0.028930 -0.000000 -0.011010  0.000000 ) 
 (  0.015751  0.000000  0.028930 -0.000000  0.011010 -0.000000 ) 
 ( -0.288217  0.000000 -0.202821  0.000000  0.193194  0.000000 ) 
 ( -0.288217  0.000000 -0.202821  0.000000 -0.193194  0.000000 ) 
     freq (   30) =      12.555261 [THz] =     418.798411 [cm-1]
 (  0.000079  0.000000 -0.000127  0.000000 -0.000000  0.000000 ) 
 ( -0.000021  0.000000  0.000021  0.000000 -0.000000  0.000000 ) 
 ( -0.000198  0.000000  0.000145  0.000000  0.030233 -0.000000 ) 
 ( -0.000198  0.000000  0.000145  0.000000 -0.030233  0.000000 ) 
 (  0.000085 -0.000000  0.000207 -0.000000 -0.000004  0.000000 ) 
 (  0.000085 -0.000000  0.000207 -0.000000  0.000004  0.000000 ) 
 ( -0.000149  0.000000 -0.000529  0.000000  0.390919 -0.000000 ) 
 ( -0.000149  0.000000 -0.000529  0.000000 -0.390919  0.000000 ) 
 ( -0.000103  0.000000 -0.001668  0.000000  0.012367  0.000000 ) 
 ( -0.000103  0.000000 -0.001668  0.000000 -0.012367  0.000000 ) 
 ( -0.001028  0.000000  0.000420 -0.000000  0.141278  0.000000 ) 
 ( -0.001028  0.000000  0.000420 -0.000000 -0.141278  0.000000 ) 
 ( -0.001509  0.000000 -0.000446  0.000000  0.031043 -0.000000 ) 
 ( -0.001509  0.000000 -0.000446  0.000000 -0.031043  0.000000 ) 
 ( -0.287512  0.000000  0.203660  0.000000 -0.192911  0.000000 ) 
 ( -0.287512  0.000000  0.203660  0.000000  0.192911  0.000000 ) 
 ( -0.013771  0.000000  0.028013 -0.000000 -0.010941  0.000000 ) 
 ( -0.013771  0.000000  0.028013 -0.000000  0.010941 -0.000000 ) 
 (  0.288217 -0.000000 -0.202821  0.000000  0.193194  0.000000 ) 
 (  0.288217 -0.000000 -0.202821  0.000000 -0.193194  0.000000 ) 
 (  0.015751  0.000000 -0.028930  0.000000  0.011010 -0.000000 ) 
 (  0.015751  0.000000 -0.028930  0.000000 -0.011010  0.000000 ) 
     freq (   31) =      30.438489 [THz] =    1015.318697 [cm-1]
 (  0.000000 -0.000000  0.000000 -0.000000 -0.000059  0.000000 ) 
 ( -0.000000  0.000000  0.000000 -0.000000 -0.000031  0.000000 ) 
 ( -0.008632  0.000000 -0.007294  0.000000  0.000976 -0.000000 ) 
 (  0.008632 -0.000000  0.007294 -0.000000  0.000976 -0.000000 ) 
 (  0.065807 -0.000000 -0.061225  0.000000  0.000079 -0.000000 ) 
 ( -0.065807  0.000000  0.061225 -0.000000  0.000079 -0.000000 ) 
 ( -0.004847  0.000000  0.041610 -0.000000 -0.002578  0.000000 ) 
 (  0.004847 -0.000000 -0.041610  0.000000 -0.002578  0.000000 ) 
 ( -0.035661  0.000000 -0.317933  0.000000  0.000420 -0.000000 ) 
 (  0.035661 -0.000000  0.317933 -0.000000  0.000420 -0.000000 ) 
 (  0.026540 -0.000000 -0.015840  0.000000 -0.003070  0.000000 ) 
 ( -0.026540  0.000000  0.015840 -0.000000 -0.003070  0.000000 ) 
 ( -0.201119  0.000000 -0.135301  0.000000 -0.000110  0.000000 ) 
 (  0.201119 -0.000000  0.135301 -0.000000 -0.000110  0.000000 ) 
 (  0.039588 -0.000000  0.031300 -0.000000 -0.004486  0.000000 ) 
 ( -0.039588  0.000000 -0.031300  0.000000 -0.004486  0.000000 ) 
 ( -0.304644  0.000000  0.258351 -0.000000 -0.045521  0.000000 ) 
 (  0.304644 -0.000000 -0.258351  0.000000 -0.045521  0.000000 ) 
 ( -0.041610  0.000000 -0.027302  0.000000  0.003022  0.000000 ) 
 (  0.041610 -0.000000  0.027302 -0.000000  0.003022  0.000000 ) 
 (  0.305050 -0.000000 -0.257275  0.000000  0.045101 -0.000000 ) 
 ( -0.305050  0.000000  0.257275 -0.000000  0.045101 -0.000000 ) 
     freq (   32) =      30.438489 [THz] =    1015.318697 [cm-1]
 (  0.000000  0.000000  0.000000  0.000000 -0.000031  0.000000 ) 
 ( -0.000000  0.000000  0.000000  0.000000  0.000059  0.000000 ) 
 ( -0.065807  0.000000 -0.061225  0.000000  0.000079  0.000000 ) 
 (  0.065807  0.000000  0.061225  0.000000  0.000079  0.000000 ) 
 ( -0.008632  0.000000  0.007294  0.000000 -0.000976  0.000000 ) 
 (  0.008632  0.000000 -0.007294  0.000000 -0.000976  0.000000 ) 
 ( -0.035661  0.000000  0.317933  0.000000 -0.000420  0.000000 ) 
 (  0.035661  0.000000 -0.317933  0.000000 -0.000420  0.000000 ) 
 (  0.004847  0.000000  0.041610  0.000000 -0.002578  0.000000 ) 
 ( -0.004847  0.000000 -0.041610  0.000000 -0.002578  0.000000 ) 
 (  0.201119  0.000000 -0.135301  0.000000 -0.000110  0.000000 ) 
 ( -0.201119  0.000000  0.135301  0.000000 -0.000110  0.000000 ) 
 (  0.026540  0.000000  0.015840  0.000000  0.003070  0.000000 ) 
 ( -0.026540  0.000000 -0.015840  0.000000  0.003070  0.000000 ) 
 (  0.304644  0.000000  0.258351  0.000000 -0.045521  0.000000 ) 
 ( -0.304644  0.000000 -0.258351  0.000000 -0.045521  0.000000 ) 
 (  0.039588  0.000000 -0.031300  0.000000  0.004486  0.000000 ) 
 ( -0.039588  0.000000  0.031300  0.000000  0.004486  0.000000 ) 
 ( -0.305050  0.000000 -0.257275  0.000000  0.045101  0.000000 ) 
 (  0.305050  0.000000  0.257275  0.000000  0.045101  0.000000 ) 
 ( -0.041610  0.000000  0.027302  0.000000 -0.003022  0.000000 ) 
 (  0.041610  0.000000 -0.027302  0.000000 -0.003022  0.000000 ) 
     freq (   33) =      30.681130 [THz] =    1023.412345 [cm-1]
 (  0.000896  0.000000  0.000736  0.000000 -0.000000  0.000000 ) 
 (  0.000195  0.000000 -0.000151  0.000000  0.000000  0.000000 ) 
 (  0.055200  0.000000  0.062674  0.000000  0.000059  0.000000 ) 
 (  0.055200  0.000000  0.062674  0.000000 -0.000059  0.000000 ) 
 (  0.029201  0.000000 -0.013408  0.000000 -0.000089  0.000000 ) 
 (  0.029201  0.000000 -0.013408  0.000000  0.000089  0.000000 ) 
 (  0.030164  0.000000 -0.329020  0.000000 -0.000105  0.000000 ) 
 (  0.030164  0.000000 -0.329020  0.000000  0.000105  0.000000 ) 
 ( -0.016532  0.000000 -0.073713  0.000000 -0.000503  0.000000 ) 
 ( -0.016532  0.000000 -0.073713  0.000000  0.000503  0.000000 ) 
 ( -0.159353  0.000000  0.117374  0.000000 -0.000282  0.000000 ) 
 ( -0.159353  0.000000  0.117374  0.000000  0.000282  0.000000 ) 
 ( -0.116491  0.000000 -0.064346  0.000000  0.000429  0.000000 ) 
 ( -0.116491  0.000000 -0.064346  0.000000 -0.000429  0.000000 ) 
 ( -0.270919  0.000000 -0.250628  0.000000  0.056481  0.000000 ) 
 ( -0.270919  0.000000 -0.250628  0.000000 -0.056481  0.000000 ) 
 ( -0.121135  0.000000  0.077888  0.000000  0.000558  0.000000 ) 
 ( -0.121135  0.000000  0.077888  0.000000 -0.000558  0.000000 ) 
 ( -0.270782  0.000000 -0.250806  0.000000  0.056448  0.000000 ) 
 ( -0.270782  0.000000 -0.250806  0.000000 -0.056448  0.000000 ) 
 ( -0.120697  0.000000  0.078209  0.000000  0.000380  0.000000 ) 
 ( -0.120697  0.000000  0.078209  0.000000 -0.000380  0.000000 ) 
     freq (   34) =      30.681130 [THz] =    1023.412345 [cm-1]
 (  0.000195  0.000000  0.000151  0.000000 -0.000000  0.000000 ) 
 ( -0.000896  0.000000  0.000736  0.000000 -0.000000  0.000000 ) 
 (  0.029201  0.000000  0.013408  0.000000  0.000089  0.000000 ) 
 (  0.029201  0.000000  0.013408  0.000000 -0.000089  0.000000 ) 
 ( -0.055200  0.000000  0.062674  0.000000  0.000059  0.000000 ) 
 ( -0.055200  0.000000  0.062674  0.000000 -0.000059  0.000000 ) 
 (  0.016532  0.000000 -0.073713  0.000000 -0.000503  0.000000 ) 
 (  0.016532  0.000000 -0.073713  0.000000  0.000503  0.000000 ) 
 (  0.030164  0.000000  0.329020  0.000000  0.000105  0.000000 ) 
 (  0.030164  0.000000  0.329020  0.000000 -0.000105  0.000000 ) 
 ( -0.116491  0.000000  0.064346  0.000000 -0.000429  0.000000 ) 
 ( -0.116491  0.000000  0.064346  0.000000  0.000429  0.000000 ) 
 (  0.159353  0.000000  0.117374  0.000000 -0.000282  0.000000 ) 
 (  0.159353  0.000000  0.117374  0.000000  0.000282  0.000000 ) 
 ( -0.121135  0.000000 -0.077888  0.000000 -0.000558  0.000000 ) 
 ( -0.121135  0.000000 -0.077888  0.000000  0.000558  0.000000 ) 
 (  0.270919  0.000000 -0.250628  0.000000  0.056481  0.000000 ) 
 (  0.270919  0.000000 -0.250628  0.000000 -0.056481  0.000000 ) 
 ( -0.120697  0.000000 -0.078209  0.000000 -0.000380  0.000000 ) 
 ( -0.120697  0.000000 -0.078209  0.000000  0.000380  0.000000 ) 
 (  0.270782  0.000000 -0.250806  0.000000  0.056448  0.000000 ) 
 (  0.270782  0.000000 -0.250806  0.000000 -0.056448  0.000000 ) 
     freq (   35) =      32.051979 [THz] =    1069.138925 [cm-1]
 (  0.000283  0.000000 -0.000168  0.000000  0.000000  0.000000 ) 
 (  0.000096  0.000000 -0.000198  0.000000 -0.000000  0.000000 ) 
 (  0.065668  0.000000 -0.067993  0.000000 -0.000196  0.000000 ) 
 (  0.065668  0.000000 -0.067993  0.000000  0.000196  0.000000 ) 
 (  0.008546  0.000000 -0.005835  0.000000 -0.000342  0.000000 ) 
 (  0.008546  0.000000 -0.005835  0.000000  0.000342  0.000000 ) 
 (  0.049988  0.000000  0.344027  0.000000  0.000081  0.000000 ) 
 (  0.049988  0.000000  0.344027  0.000000 -0.000081  0.000000 ) 
 ( -0.005794  0.000000 -0.036692  0.000000 -0.000862  0.000000 ) 
 ( -0.005794  0.000000 -0.036692  0.000000  0.000862  0.000000 ) 
 ( -0.417867  0.000000  0.141137  0.000000  0.001457  0.000000 ) 
 ( -0.417867  0.000000  0.141137  0.000000 -0.001457  0.000000 ) 
 ( -0.033465  0.000000 -0.020501  0.000000  0.001516  0.000000 ) 
 ( -0.033465  0.000000 -0.020501  0.000000 -0.001516  0.000000 ) 
 ( -0.177999  0.000000  0.131377  0.000000 -0.186081  0.000000 ) 
 ( -0.177999  0.000000  0.131377  0.000000  0.186081  0.000000 ) 
 ( -0.042584  0.000000  0.028023  0.000000 -0.001429  0.000000 ) 
 ( -0.042584  0.000000  0.028023  0.000000  0.001429  0.000000 ) 
 ( -0.177504  0.000000  0.132627  0.000000 -0.186339  0.000000 ) 
 ( -0.177504  0.000000  0.132627  0.000000  0.186339  0.000000 ) 
 ( -0.042118  0.000000  0.029636  0.000000 -0.001946  0.000000 ) 
 ( -0.042118  0.000000  0.029636  0.000000  0.001946  0.000000 ) 
     freq (   36) =      32.051979 [THz] =    1069.138925 [cm-1]
 ( -0.000096  0.000000 -0.000198  0.000000  0.000000  0.000000 ) 
 (  0.000283  0.000000  0.000168  0.000000 -0.000000  0.000000 ) 
 ( -0.008546  0.000000 -0.005835  0.000000 -0.000342  0.000000 ) 
 ( -0.008546  0.000000 -0.005835  0.000000  0.000342  0.000000 ) 
 (  0.065668  0.000000  0.067993  0.000000  0.000196  0.000000 ) 
 (  0.065668  0.000000  0.067993  0.000000 -0.000196  0.000000 ) 
 ( -0.005794  0.000000  0.036692  0.000000  0.000862  0.000000 ) 
 ( -0.005794  0.000000  0.036692  0.000000 -0.000862  0.000000 ) 
 ( -0.049988  0.000000  0.344027  0.000000  0.000081  0.000000 ) 
 ( -0.049988  0.000000  0.344027  0.000000 -0.000081  0.000000 ) 
 (  0.033465  0.000000 -0.020501  0.000000  0.001516  0.000000 ) 
 (  0.033465  0.000000 -0.020501  0.000000 -0.001516  0.000000 ) 
 ( -0.417867  0.000000 -0.141137  0.000000 -0.001457  0.000000 ) 
 ( -0.417867  0.000000 -0.141137  0.000000  0.001457  0.000000 ) 
 (  0.042584  0.000000  0.028023  0.000000 -0.001429  0.000000 ) 
 (  0.042584  0.000000  0.028023  0.000000  0.001429  0.000000 ) 
 ( -0.177999  0.000000 -0.131377  0.000000  0.186081  0.000000 ) 
 ( -0.177999  0.000000 -0.131377  0.000000 -0.186081  0.000000 ) 
 (  0.042118  0.000000  0.029636  0.000000 -0.001946  0.000000 ) 
 (  0.042118  0.000000  0.029636  0.000000  0.001946  0.000000 ) 
 ( -0.177504  0.000000 -0.132627  0.000000  0.186339  0.000000 ) 
 ( -0.177504  0.000000 -0.132627  0.000000 -0.186339  0.000000 ) 
     freq (   37) =      32.376816 [THz] =    1079.974324 [cm-1]
 ( -0.000000  0.000000  0.000000  0.000000 -0.000027  0.000000 ) 
 ( -0.000000  0.000000 -0.000000  0.000000  0.000022  0.000000 ) 
 ( -0.058873  0.000000  0.065772  0.000000  0.002677  0.000000 ) 
 (  0.058873  0.000000 -0.065772  0.000000  0.002677  0.000000 ) 
 (  0.003441  0.000000  0.005385  0.000000 -0.005198  0.000000 ) 
 ( -0.003441  0.000000 -0.005385  0.000000 -0.005198  0.000000 ) 
 ( -0.048736  0.000000 -0.357784  0.000000 -0.011324  0.000000 ) 
 (  0.048736  0.000000  0.357784  0.000000 -0.011324  0.000000 ) 
 ( -0.002677  0.000000  0.025032  0.000000 -0.021790  0.000000 ) 
 (  0.002677  0.000000 -0.025032  0.000000 -0.021790  0.000000 ) 
 (  0.409938  0.000000 -0.135119  0.000000 -0.013736  0.000000 ) 
 ( -0.409938  0.000000  0.135119  0.000000 -0.013736  0.000000 ) 
 ( -0.027172  0.000000 -0.009194  0.000000  0.024753  0.000000 ) 
 (  0.027172  0.000000  0.009194  0.000000  0.024753  0.000000 ) 
 (  0.167349  0.000000 -0.137967  0.000000  0.186551  0.000000 ) 
 ( -0.167349  0.000000  0.137967  0.000000  0.186551  0.000000 ) 
 ( -0.014153  0.000000 -0.018529  0.000000  0.015686  0.000000 ) 
 (  0.014153  0.000000  0.018529  0.000000  0.015686  0.000000 ) 
 ( -0.173917  0.000000  0.150689  0.000000 -0.192230  0.000000 ) 
 (  0.173917  0.000000 -0.150689  0.000000 -0.192230  0.000000 ) 
 (  0.000659  0.000000 -0.002884  0.000000 -0.005766  0.000000 ) 
 ( -0.000659  0.000000  0.002884  0.000000 -0.005766  0.000000 ) 
     freq (   38) =      32.376816 [THz] =    1079.974324 [cm-1]
 (  0.000000  0.000000  0.000000  0.000000  0.000022  0.000000 ) 
 ( -0.000000  0.000000 -0.000000  0.000000  0.000027  0.000000 ) 
 ( -0.003441  0.000000  0.005385  0.000000 -0.005198  0.000000 ) 
 (  0.003441  0.000000 -0.005385  0.000000 -0.005198  0.000000 ) 
 ( -0.058873  0.000000 -0.065772  0.000000 -0.002677  0.000000 ) 
 (  0.058873  0.000000  0.065772  0.000000 -0.002677  0.000000 ) 
 ( -0.002677  0.000000 -0.025032  0.000000  0.021790  0.000000 ) 
 (  0.002677  0.000000  0.025032  0.000000  0.021790  0.000000 ) 
 (  0.048736  0.000000 -0.357784  0.000000 -0.011324  0.000000 ) 
 ( -0.048736  0.000000  0.357784  0.000000 -0.011324  0.000000 ) 
 (  0.027172  0.000000 -0.009194  0.000000  0.024753  0.000000 ) 
 ( -0.027172  0.000000  0.009194  0.000000  0.024753  0.000000 ) 
 (  0.409938  0.000000  0.135119  0.000000  0.013736  0.000000 ) 
 ( -0.409938  0.000000 -0.135119  0.000000  0.013736  0.000000 ) 
 (  0.014153  0.000000 -0.018529  0.000000  0.015686  0.000000 ) 
 ( -0.014153  0.000000  0.018529  0.000000  0.015686  0.000000 ) 
 (  0.167349  0.000000  0.137967  0.000000 -0.186551  0.000000 ) 
 ( -0.167349  0.000000 -0.137967  0.000000 -0.186551  0.000000 ) 
 ( -0.000659  0.000000 -0.002884  0.000000 -0.005766  0.000000 ) 
 (  0.000659  0.000000  0.002884  0.000000 -0.005766  0.000000 ) 
 ( -0.173917  0.000000 -0.150689  0.000000  0.192230  0.000000 ) 
 (  0.173917  0.000000  0.150689  0.000000  0.192230  0.000000 ) 
     freq (   39) =      32.553606 [THz] =    1085.871411 [cm-1]
 (  0.000013  0.000000 -0.000006  0.000000 -0.000000  0.000000 ) 
 ( -0.000011  0.000000  0.000008  0.000000  0.000000  0.000000 ) 
 ( -0.000089  0.000000  0.000214  0.000000 -0.092239  0.000000 ) 
 ( -0.000089  0.000000  0.000214  0.000000  0.092239  0.000000 ) 
 ( -0.000269  0.000000 -0.000140  0.000000 -0.000754  0.000000 ) 
 ( -0.000269  0.000000 -0.000140  0.000000  0.000754  0.000000 ) 
 ( -0.000129  0.000000 -0.000508  0.000000  0.385522  0.000000 ) 
 ( -0.000129  0.000000 -0.000508  0.000000 -0.385522  0.000000 ) 
 (  0.000104  0.000000 -0.000561  0.000000 -0.009468  0.000000 ) 
 (  0.000104  0.000000 -0.000561  0.000000  0.009468  0.000000 ) 
 (  0.000030  0.000000  0.000152  0.000000  0.462797  0.000000 ) 
 (  0.000030  0.000000  0.000152  0.000000 -0.462797  0.000000 ) 
 (  0.001317  0.000000  0.000509  0.000000 -0.002755  0.000000 ) 
 (  0.001317  0.000000  0.000509  0.000000  0.002755  0.000000 ) 
 (  0.115563  0.000000 -0.205198  0.000000  0.096626  0.000000 ) 
 (  0.115563  0.000000 -0.205198  0.000000 -0.096626  0.000000 ) 
 ( -0.007705  0.000000  0.003752  0.000000 -0.000032  0.000000 ) 
 ( -0.007705  0.000000  0.003752  0.000000  0.000032  0.000000 ) 
 ( -0.115003  0.000000  0.203272  0.000000 -0.095196  0.000000 ) 
 ( -0.115003  0.000000  0.203272  0.000000  0.095196  0.000000 ) 
 (  0.009637  0.000000 -0.003289  0.000000 -0.001250  0.000000 ) 
 (  0.009637  0.000000 -0.003289  0.000000  0.001250  0.000000 ) 
     freq (   40) =      32.553606 [THz] =    1085.871411 [cm-1]
 ( -0.000011  0.000000 -0.000008  0.000000 -0.000000  0.000000 ) 
 ( -0.000013  0.000000 -0.000006  0.000000 -0.000000  0.000000 ) 
 ( -0.000269  0.000000  0.000140  0.000000  0.000754  0.000000 ) 
 ( -0.000269  0.000000  0.000140  0.000000 -0.000754  0.000000 ) 
 (  0.000089  0.000000  0.000214  0.000000 -0.092239  0.000000 ) 
 (  0.000089  0.000000  0.000214  0.000000  0.092239  0.000000 ) 
 ( -0.000104  0.000000 -0.000561  0.000000 -0.009468  0.000000 ) 
 ( -0.000104  0.000000 -0.000561  0.000000  0.009468  0.000000 ) 
 ( -0.000129  0.000000  0.000508  0.000000 -0.385522  0.000000 ) 
 ( -0.000129  0.000000  0.000508  0.000000  0.385522  0.000000 ) 
 (  0.001317  0.000000 -0.000509  0.000000  0.002755  0.000000 ) 
 (  0.001317  0.000000 -0.000509  0.000000 -0.002755  0.000000 ) 
 ( -0.000030  0.000000  0.000152  0.000000  0.462797  0.000000 ) 
 ( -0.000030  0.000000  0.000152  0.000000 -0.462797  0.000000 ) 
 ( -0.007705  0.000000 -0.003752  0.000000  0.000032  0.000000 ) 
 ( -0.007705  0.000000 -0.003752  0.000000 -0.000032  0.000000 ) 
 ( -0.115563  0.000000 -0.205198  0.000000  0.096626  0.000000 ) 
 ( -0.115563  0.000000 -0.205198  0.000000 -0.096626  0.000000 ) 
 (  0.009637  0.000000  0.003289  0.000000  0.001250  0.000000 ) 
 (  0.009637  0.000000  0.003289  0.000000 -0.001250  0.000000 ) 
 (  0.115003  0.000000  0.203272  0.000000 -0.095196  0.000000 ) 
 (  0.115003  0.000000  0.203272  0.000000  0.095196  0.000000 ) 
     freq (   41) =      32.683561 [THz] =    1090.206252 [cm-1]
 (  0.000000 -0.000000 -0.000000  0.000000 -0.000245  0.000000 ) 
 (  0.000000 -0.000000 -0.000000  0.000000  0.000466  0.000000 ) 
 ( -0.001095  0.000000  0.000986  0.000000 -0.091118  0.000000 ) 
 (  0.001095  0.000000 -0.000986  0.000000 -0.091118  0.000000 ) 
 (  0.003837 -0.000000  0.003492 -0.000000 -0.013213  0.000000 ) 
 ( -0.003837  0.000000 -0.003492  0.000000 -0.013213  0.000000 ) 
 ( -0.001372  0.000000 -0.006783  0.000000  0.378206  0.000000 ) 
 (  0.001372  0.000000  0.006783  0.000000  0.378206  0.000000 ) 
 ( -0.002970  0.000000  0.019867 -0.000000 -0.047989  0.000000 ) 
 (  0.002970 -0.000000 -0.019867  0.000000 -0.047989  0.000000 ) 
 (  0.008210  0.000000 -0.002391  0.000000  0.457618  0.000000 ) 
 ( -0.008210  0.000000  0.002391  0.000000  0.457618  0.000000 ) 
 ( -0.027023  0.000000 -0.009431  0.000000  0.069615 -0.000000 ) 
 (  0.027023 -0.000000  0.009431 -0.000000  0.069615 -0.000000 ) 
 (  0.117146  0.000000 -0.206046  0.000000  0.098518  0.000000 ) 
 ( -0.117146  0.000000  0.206046  0.000000  0.098518  0.000000 ) 
 ( -0.025488  0.000000 -0.037486  0.000000  0.023342 -0.000000 ) 
 (  0.025488 -0.000000  0.037486 -0.000000  0.023342 -0.000000 ) 
 (  0.110250 -0.000000 -0.201419  0.000000  0.093261 -0.000000 ) 
 ( -0.110250  0.000000  0.201419  0.000000  0.093261 -0.000000 ) 
 ( -0.000295  0.000000 -0.025239  0.000000  0.002043 -0.000000 ) 
 (  0.000295 -0.000000  0.025239 -0.000000  0.002043 -0.000000 ) 
     freq (   42) =      32.683561 [THz] =    1090.206252 [cm-1]
 ( -0.000000  0.000000 -0.000000  0.000000  0.000466  0.000000 ) 
 ( -0.000000  0.000000 -0.000000  0.000000  0.000245  0.000000 ) 
 ( -0.003837  0.000000  0.003492  0.000000 -0.013213  0.000000 ) 
 (  0.003837  0.000000 -0.003492  0.000000 -0.013213  0.000000 ) 
 ( -0.001095  0.000000 -0.000986  0.000000  0.091118  0.000000 ) 
 (  0.001095  0.000000  0.000986  0.000000  0.091118  0.000000 ) 
 ( -0.002970  0.000000 -0.019867  0.000000  0.047989  0.000000 ) 
 (  0.002970  0.000000  0.019867  0.000000  0.047989  0.000000 ) 
 (  0.001372  0.000000 -0.006783  0.000000  0.378206  0.000000 ) 
 ( -0.001372  0.000000  0.006783  0.000000  0.378206  0.000000 ) 
 (  0.027023  0.000000 -0.009431  0.000000  0.069615  0.000000 ) 
 ( -0.027023  0.000000  0.009431  0.000000  0.069615  0.000000 ) 
 (  0.008210  0.000000  0.002391  0.000000 -0.457618  0.000000 ) 
 ( -0.008210  0.000000 -0.002391  0.000000 -0.457618  0.000000 ) 
 (  0.025488  0.000000 -0.037486  0.000000  0.023342  0.000000 ) 
 ( -0.025488  0.000000  0.037486  0.000000  0.023342  0.000000 ) 
 (  0.117146  0.000000  0.206046  0.000000 -0.098518  0.000000 ) 
 ( -0.117146  0.000000 -0.206046  0.000000 -0.098518  0.000000 ) 
 (  0.000295  0.000000 -0.025239  0.000000  0.002043  0.000000 ) 
 ( -0.000295  0.000000  0.025239  0.000000  0.002043  0.000000 ) 
 (  0.110250  0.000000  0.201419  0.000000 -0.093261  0.000000 ) 
 ( -0.110250  0.000000 -0.201419  0.000000 -0.093261  0.000000 ) 
     freq (   43) =      35.759894 [THz] =    1192.821684 [cm-1]
 ( -0.000000  0.000000  0.000000  0.000000 -0.000181  0.000000 ) 
 (  0.000000  0.000000  0.000000  0.000000 -0.000060  0.000000 ) 
 (  0.000085  0.000000 -0.000118  0.000000 -0.000015  0.000000 ) 
 ( -0.000085  0.000000  0.000118  0.000000 -0.000015  0.000000 ) 
 ( -0.000017  0.000000 -0.000002  0.000000 -0.005665  0.000000 ) 
 (  0.000017  0.000000  0.000002  0.000000 -0.005665  0.000000 ) 
 (  0.000610  0.000000 -0.000763  0.000000 -0.077056  0.000000 ) 
 ( -0.000610  0.000000  0.000763  0.000000 -0.077056  0.000000 ) 
 (  0.000278  0.000000  0.002472  0.000000 -0.395833  0.000000 ) 
 ( -0.000278  0.000000 -0.002472  0.000000 -0.395833  0.000000 ) 
 (  0.000332  0.000000 -0.000710  0.000000  0.075301  0.000000 ) 
 ( -0.000332  0.000000  0.000710  0.000000  0.075301  0.000000 ) 
 ( -0.002186  0.000000 -0.001229  0.000000 -0.343377  0.000000 ) 
 (  0.002186  0.000000  0.001229  0.000000 -0.343377  0.000000 ) 
 ( -0.058810  0.000000 -0.032970  0.000000 -0.001876  0.000000 ) 
 (  0.058810  0.000000  0.032970  0.000000 -0.001876  0.000000 ) 
 ( -0.279398  0.000000  0.154795  0.000000  0.009839  0.000000 ) 
 (  0.279398  0.000000 -0.154795  0.000000  0.009839  0.000000 ) 
 ( -0.056160  0.000000 -0.036019  0.000000 -0.000056  0.000000 ) 
 (  0.056160  0.000000  0.036019  0.000000 -0.000056  0.000000 ) 
 ( -0.282743  0.000000  0.150037  0.000000  0.013344  0.000000 ) 
 (  0.282743  0.000000 -0.150037  0.000000  0.013344  0.000000 ) 
     freq (   44) =      35.759894 [THz] =    1192.821684 [cm-1]
 (  0.000000  0.000000  0.000000  0.000000 -0.000060  0.000000 ) 
 ( -0.000000  0.000000 -0.000000  0.000000  0.000181  0.000000 ) 
 (  0.000017  0.000000 -0.000002  0.000000 -0.005665  0.000000 ) 
 ( -0.000017  0.000000  0.000002  0.000000 -0.005665  0.000000 ) 
 (  0.000085  0.000000  0.000118  0.000000  0.000015  0.000000 ) 
 ( -0.000085  0.000000 -0.000118  0.000000  0.000015  0.000000 ) 
 (  0.000278  0.000000 -0.002472  0.000000  0.395833  0.000000 ) 
 ( -0.000278  0.000000  0.002472  0.000000  0.395833  0.000000 ) 
 ( -0.000610  0.000000 -0.000763  0.000000 -0.077056  0.000000 ) 
 (  0.000610  0.000000  0.000763  0.000000 -0.077056  0.000000 ) 
 (  0.002186  0.000000 -0.001229  0.000000 -0.343377  0.000000 ) 
 ( -0.002186  0.000000  0.001229  0.000000 -0.343377  0.000000 ) 
 (  0.000332  0.000000  0.000710  0.000000 -0.075301  0.000000 ) 
 ( -0.000332  0.000000 -0.000710  0.000000 -0.075301  0.000000 ) 
 (  0.279398  0.000000  0.154795  0.000000  0.009839  0.000000 ) 
 ( -0.279398  0.000000 -0.154795  0.000000  0.009839  0.000000 ) 
 ( -0.058810  0.000000  0.032970  0.000000  0.001876  0.000000 ) 
 (  0.058810  0.000000 -0.032970  0.000000  0.001876  0.000000 ) 
 (  0.282743  0.000000  0.150037  0.000000  0.013344  0.000000 ) 
 ( -0.282743  0.000000 -0.150037  0.000000  0.013344  0.000000 ) 
 ( -0.056160  0.000000  0.036019  0.000000  0.000056  0.000000 ) 
 (  0.056160  0.000000 -0.036019  0.000000  0.000056  0.000000 ) 
     freq (   45) =      35.799564 [THz] =    1194.144927 [cm-1]
 ( -0.000012  0.000000 -0.000006  0.000000 -0.000000  0.000000 ) 
 ( -0.000019  0.000000 -0.000010  0.000000 -0.000000  0.000000 ) 
 ( -0.000021  0.000000 -0.000012  0.000000  0.001856  0.000000 ) 
 ( -0.000021  0.000000 -0.000012  0.000000 -0.001856  0.000000 ) 
 ( -0.000009  0.000000  0.000000  0.000000 -0.004926  0.000000 ) 
 ( -0.000009  0.000000  0.000000  0.000000  0.004926  0.000000 ) 
 ( -0.000017  0.000000  0.000447  0.000000 -0.034837  0.000000 ) 
 ( -0.000017  0.000000  0.000447  0.000000  0.034837  0.000000 ) 
 ( -0.000058  0.000000 -0.002228  0.000000 -0.399591  0.000000 ) 
 ( -0.000058  0.000000 -0.002228  0.000000  0.399591  0.000000 ) 
 ( -0.000434  0.000000  0.000215  0.000000  0.014287  0.000000 ) 
 ( -0.000434  0.000000  0.000215  0.000000 -0.014287  0.000000 ) 
 (  0.002150  0.000000  0.000949  0.000000 -0.353177  0.000000 ) 
 (  0.002150  0.000000  0.000949  0.000000  0.353177  0.000000 ) 
 ( -0.021149  0.000000 -0.007161  0.000000 -0.000875  0.000000 ) 
 ( -0.021149  0.000000 -0.007161  0.000000  0.000875  0.000000 ) 
 ( -0.286667  0.000000  0.156313  0.000000  0.012276  0.000000 ) 
 ( -0.286667  0.000000  0.156313  0.000000 -0.012276  0.000000 ) 
 (  0.021320  0.000000  0.006842  0.000000  0.001043  0.000000 ) 
 (  0.021320  0.000000  0.006842  0.000000 -0.001043  0.000000 ) 
 (  0.284784  0.000000 -0.158633  0.000000 -0.010287  0.000000 ) 
 (  0.284784  0.000000 -0.158633  0.000000  0.010287  0.000000 ) 
     freq (   46) =      35.799564 [THz] =    1194.144927 [cm-1]
 (  0.000019  0.000000 -0.000010  0.000000 -0.000000  0.000000 ) 
 ( -0.000012  0.000000  0.000006  0.000000  0.000000  0.000000 ) 
 (  0.000009  0.000000  0.000000  0.000000 -0.004926  0.000000 ) 
 (  0.000009  0.000000  0.000000  0.000000  0.004926  0.000000 ) 
 ( -0.000021  0.000000  0.000012  0.000000 -0.001856  0.000000 ) 
 ( -0.000021  0.000000  0.000012  0.000000  0.001856  0.000000 ) 
 ( -0.000058  0.000000  0.002228  0.000000  0.399591  0.000000 ) 
 ( -0.000058  0.000000  0.002228  0.000000 -0.399591  0.000000 ) 
 (  0.000017  0.000000  0.000447  0.000000 -0.034837  0.000000 ) 
 (  0.000017  0.000000  0.000447  0.000000  0.034837  0.000000 ) 
 ( -0.002150  0.000000  0.000949  0.000000 -0.353177  0.000000 ) 
 ( -0.002150  0.000000  0.000949  0.000000  0.353177  0.000000 ) 
 ( -0.000434  0.000000 -0.000215  0.000000 -0.014287  0.000000 ) 
 ( -0.000434  0.000000 -0.000215  0.000000  0.014287  0.000000 ) 
 (  0.286667  0.000000  0.156313  0.000000  0.012276  0.000000 ) 
 (  0.286667  0.000000  0.156313  0.000000 -0.012276  0.000000 ) 
 ( -0.021149  0.000000  0.007161  0.000000  0.000875  0.000000 ) 
 ( -0.021149  0.000000  0.007161  0.000000 -0.000875  0.000000 ) 
 ( -0.284784  0.000000 -0.158633  0.000000 -0.010287  0.000000 ) 
 ( -0.284784  0.000000 -0.158633  0.000000  0.010287  0.000000 ) 
 (  0.021320  0.000000 -0.006842  0.000000 -0.001043  0.000000 ) 
 (  0.021320  0.000000 -0.006842  0.000000  0.001043  0.000000 ) 
     freq (   47) =      36.396587 [THz] =    1214.059459 [cm-1]
 ( -0.000426  0.000000 -0.000204  0.000000  0.000000 -0.000000 ) 
 ( -0.000149  0.000000 -0.000095  0.000000 -0.000000  0.000000 ) 
 ( -0.000636  0.000000 -0.001473  0.000000  0.000038 -0.000000 ) 
 ( -0.000636  0.000000 -0.001473  0.000000 -0.000038  0.000000 ) 
 ( -0.008122  0.000000 -0.006284  0.000000 -0.000098  0.000000 ) 
 ( -0.008122  0.000000 -0.006284  0.000000  0.000098 -0.000000 ) 
 (  0.000077 -0.000000 -0.006756  0.000000 -0.000690  0.000000 ) 
 (  0.000077  0.000000 -0.006756  0.000000  0.000690  0.000000 ) 
 (  0.002878 -0.000000  0.309830 -0.000000 -0.002926  0.000000 ) 
 (  0.002878 -0.000000  0.309830 -0.000000  0.002926 -0.000000 ) 
 (  0.008720 -0.000000 -0.004478  0.000000  0.000149 -0.000000 ) 
 (  0.008720  0.000000 -0.004478  0.000000 -0.000149  0.000000 ) 
 ( -0.268994  0.000000 -0.112725  0.000000 -0.001223  0.000000 ) 
 ( -0.268994  0.000000 -0.112725  0.000000  0.001223 -0.000000 ) 
 ( -0.005391  0.000000  0.011051 -0.000000 -0.008744  0.000000 ) 
 ( -0.005391  0.000000  0.011051  0.000000  0.008744  0.000000 ) 
 (  0.200312 -0.000000  0.256391 -0.000000 -0.229846  0.000000 ) 
 (  0.200312 -0.000000  0.256391 -0.000000  0.229846 -0.000000 ) 
 ( -0.004735  0.000000  0.011224  0.000000 -0.008682  0.000000 ) 
 ( -0.004735  0.000000  0.011224 -0.000000  0.008682 -0.000000 ) 
 (  0.203635 -0.000000  0.255022 -0.000000 -0.230276  0.000000 ) 
 (  0.203635 -0.000000  0.255022 -0.000000  0.230276 -0.000000 ) 
     freq (   48) =      36.396587 [THz] =    1214.059459 [cm-1]
 ( -0.000149  0.000000  0.000095  0.000000 -0.000000  0.000000 ) 
 (  0.000426  0.000000 -0.000204  0.000000 -0.000000  0.000000 ) 
 ( -0.008122  0.000000  0.006284  0.000000  0.000098  0.000000 ) 
 ( -0.008122  0.000000  0.006284  0.000000 -0.000098  0.000000 ) 
 (  0.000636  0.000000 -0.001473  0.000000  0.000038  0.000000 ) 
 (  0.000636  0.000000 -0.001473  0.000000 -0.000038  0.000000 ) 
 ( -0.002878  0.000000  0.309830  0.000000 -0.002926  0.000000 ) 
 ( -0.002878  0.000000  0.309830  0.000000  0.002926  0.000000 ) 
 (  0.000077  0.000000  0.006756  0.000000  0.000690  0.000000 ) 
 (  0.000077  0.000000  0.006756  0.000000 -0.000690  0.000000 ) 
 ( -0.268994  0.000000  0.112725  0.000000  0.001223  0.000000 ) 
 ( -0.268994  0.000000  0.112725  0.000000 -0.001223  0.000000 ) 
 ( -0.008720  0.000000 -0.004478  0.000000  0.000149  0.000000 ) 
 ( -0.008720  0.000000 -0.004478  0.000000 -0.000149  0.000000 ) 
 (  0.200312  0.000000 -0.256391  0.000000  0.229846  0.000000 ) 
 (  0.200312  0.000000 -0.256391  0.000000 -0.229846  0.000000 ) 
 (  0.005391  0.000000  0.011051  0.000000 -0.008744  0.000000 ) 
 (  0.005391  0.000000  0.011051  0.000000  0.008744  0.000000 ) 
 (  0.203635  0.000000 -0.255022  0.000000  0.230276  0.000000 ) 
 (  0.203635  0.000000 -0.255022  0.000000 -0.230276  0.000000 ) 
 (  0.004735  0.000000  0.011224  0.000000 -0.008682  0.000000 ) 
 (  0.004735  0.000000  0.011224  0.000000  0.008682  0.000000 ) 
     freq (   49) =      36.688156 [THz] =    1223.785142 [cm-1]
 ( -0.000000  0.000000 -0.000000  0.000000  0.000009  0.000000 ) 
 ( -0.000000  0.000000 -0.000000  0.000000  0.000019  0.000000 ) 
 (  0.000582  0.000000  0.000047  0.000000  0.000034  0.000000 ) 
 ( -0.000582  0.000000 -0.000047  0.000000  0.000034  0.000000 ) 
 ( -0.006766  0.000000 -0.004881  0.000000  0.000143  0.000000 ) 
 (  0.006766  0.000000  0.004881  0.000000  0.000143  0.000000 ) 
 (  0.000701  0.000000  0.001762  0.000000  0.001796  0.000000 ) 
 ( -0.000701  0.000000 -0.001762  0.000000  0.001796  0.000000 ) 
 (  0.002518  0.000000  0.309886  0.000000  0.003869  0.000000 ) 
 ( -0.002518  0.000000 -0.309886  0.000000  0.003869  0.000000 ) 
 ( -0.005178  0.000000  0.003299  0.000000 -0.002840  0.000000 ) 
 (  0.005178  0.000000 -0.003299  0.000000 -0.002840  0.000000 ) 
 ( -0.270448  0.000000 -0.113851  0.000000  0.001601  0.000000 ) 
 (  0.270448  0.000000  0.113851  0.000000  0.001601  0.000000 ) 
 ( -0.000472  0.000000 -0.000898  0.000000 -0.000050  0.000000 ) 
 (  0.000472  0.000000  0.000898  0.000000 -0.000050  0.000000 ) 
 (  0.202507  0.000000  0.255347  0.000000 -0.230685  0.000000 ) 
 ( -0.202507  0.000000 -0.255347  0.000000 -0.230685  0.000000 ) 
 (  0.003515  0.000000  0.003283  0.000000 -0.000000  0.000000 ) 
 ( -0.003515  0.000000 -0.003283  0.000000  0.000000  0.000000 ) 
 ( -0.198092  0.000000 -0.256952  0.000000  0.230226  0.000000 ) 
 (  0.198092  0.000000  0.256952  0.000000  0.230226  0.000000 ) 
     freq (   50) =      36.688156 [THz] =    1223.785142 [cm-1]
 (  0.000000  0.000000  0.000000  0.000000 -0.000019  0.000000 ) 
 (  0.000000  0.000000 -0.000000  0.000000  0.000009  0.000000 ) 
 ( -0.006766  0.000000  0.004881  0.000000 -0.000143  0.000000 ) 
 (  0.006766  0.000000 -0.004881  0.000000 -0.000143  0.000000 ) 
 ( -0.000582  0.000000  0.000047  0.000000  0.000034  0.000000 ) 
 (  0.000582  0.000000 -0.000047  0.000000  0.000034  0.000000 ) 
 ( -0.002518  0.000000  0.309886  0.000000  0.003869  0.000000 ) 
 (  0.002518  0.000000 -0.309886  0.000000  0.003869  0.000000 ) 
 (  0.000701  0.000000 -0.001762  0.000000 -0.001796  0.000000 ) 
 ( -0.000701  0.000000  0.001762  0.000000 -0.001796  0.000000 ) 
 ( -0.270448  0.000000  0.113851  0.000000 -0.001601  0.000000 ) 
 (  0.270448  0.000000 -0.113851  0.000000 -0.001601  0.000000 ) 
 (  0.005178  0.000000  0.003299  0.000000 -0.002840  0.000000 ) 
 ( -0.005178  0.000000 -0.003299  0.000000 -0.002840  0.000000 ) 
 (  0.202507  0.000000 -0.255347  0.000000  0.230685  0.000000 ) 
 ( -0.202507  0.000000  0.255347  0.000000  0.230685  0.000000 ) 
 (  0.000472  0.000000 -0.000898  0.000000 -0.000050  0.000000 ) 
 ( -0.000472  0.000000  0.000898  0.000000 -0.000050  0.000000 ) 
 ( -0.198092  0.000000  0.256952  0.000000 -0.230226  0.000000 ) 
 (  0.198092  0.000000 -0.256952  0.000000 -0.230226  0.000000 ) 
 ( -0.003515  0.000000  0.003283  0.000000  0.000000  0.000000 ) 
 (  0.003515  0.000000 -0.003283  0.000000  0.000000  0.000000 ) 
     freq (   51) =      68.484610 [THz] =    2284.400707 [cm-1]
 (  0.000131 -0.000000  0.000047 -0.000000 -0.000000  0.000000 ) 
 ( -0.000063  0.000000 -0.000187  0.000000 -0.000000  0.000000 ) 
 ( -0.001837  0.000000 -0.002669  0.000000  0.000074  0.000000 ) 
 ( -0.001837  0.000000 -0.002669  0.000000 -0.000074  0.000000 ) 
 ( -0.001613  0.000000 -0.013426  0.000000  0.000018  0.000000 ) 
 ( -0.001613  0.000000 -0.013426  0.000000 -0.000018  0.000000 ) 
 ( -0.005936  0.000000 -0.001195  0.000000 -0.000019  0.000000 ) 
 ( -0.005936  0.000000 -0.001195  0.000000  0.000019 -0.000000 ) 
 ( -0.358199  0.000000 -0.000345  0.000000 -0.000049  0.000000 ) 
 ( -0.358199  0.000000 -0.000345  0.000000  0.000049 -0.000000 ) 
 (  0.020345 -0.000000  0.052650 -0.000000  0.000019  0.000000 ) 
 (  0.020345 -0.000000  0.052650 -0.000000 -0.000019  0.000000 ) 
 ( -0.173712  0.000000  0.426517 -0.000000 -0.000108  0.000000 ) 
 ( -0.173712  0.000000  0.426517 -0.000000  0.000108 -0.000000 ) 
 (  0.004599 -0.000000 -0.008753  0.000000 -0.013754  0.000000 ) 
 (  0.004599 -0.000000 -0.008753  0.000000  0.013754 -0.000000 ) 
 ( -0.084693  0.000000 -0.135794  0.000000 -0.228535  0.000000 ) 
 ( -0.084693  0.000000 -0.135794  0.000000  0.228535 -0.000000 ) 
 (  0.004198 -0.000000 -0.008474  0.000000 -0.012963  0.000000 ) 
 (  0.004198 -0.000000 -0.008474  0.000000  0.012963 -0.000000 ) 
 ( -0.085043  0.000000 -0.135608  0.000000 -0.228425  0.000000 ) 
 ( -0.085043  0.000000 -0.135608  0.000000  0.228425 -0.000000 ) 
     freq (   52) =      68.484610 [THz] =    2284.400707 [cm-1]
 ( -0.000063  0.000000  0.000187  0.000000  0.000000  0.000000 ) 
 ( -0.000131  0.000000  0.000047  0.000000  0.000000  0.000000 ) 
 ( -0.001613  0.000000  0.013426  0.000000 -0.000018  0.000000 ) 
 ( -0.001613  0.000000  0.013426  0.000000  0.000018  0.000000 ) 
 (  0.001837  0.000000 -0.002669  0.000000  0.000074  0.000000 ) 
 (  0.001837  0.000000 -0.002669  0.000000 -0.000074  0.000000 ) 
 (  0.358199  0.000000 -0.000345  0.000000 -0.000049  0.000000 ) 
 (  0.358199  0.000000 -0.000345  0.000000  0.000049  0.000000 ) 
 ( -0.005936  0.000000  0.001195  0.000000  0.000019  0.000000 ) 
 ( -0.005936  0.000000  0.001195  0.000000 -0.000019  0.000000 ) 
 ( -0.173712  0.000000 -0.426517  0.000000  0.000108  0.000000 ) 
 ( -0.173712  0.000000 -0.426517  0.000000 -0.000108  0.000000 ) 
 ( -0.020345  0.000000  0.052650  0.000000  0.000019  0.000000 ) 
 ( -0.020345  0.000000  0.052650  0.000000 -0.000019  0.000000 ) 
 ( -0.084693  0.000000  0.135794  0.000000  0.228535  0.000000 ) 
 ( -0.084693  0.000000  0.135794  0.000000 -0.228535  0.000000 ) 
 ( -0.004599  0.000000 -0.008753  0.000000 -0.013754  0.000000 ) 
 ( -0.004599  0.000000 -0.008753  0.000000  0.013754  0.000000 ) 
 ( -0.085043  0.000000  0.135608  0.000000  0.228425  0.000000 ) 
 ( -0.085043  0.000000  0.135608  0.000000 -0.228425  0.000000 ) 
 ( -0.004198  0.000000 -0.008474  0.000000 -0.012963  0.000000 ) 
 ( -0.004198  0.000000 -0.008474  0.000000  0.012963  0.000000 ) 
     freq (   53) =      68.611837 [THz] =    2288.644546 [cm-1]
 (  0.000000  0.000000 -0.000000  0.000000 -0.000001  0.000000 ) 
 ( -0.000000  0.000000 -0.000000  0.000000 -0.000001  0.000000 ) 
 (  0.001296  0.000000 -0.001195  0.000000  0.000382  0.000000 ) 
 ( -0.001296  0.000000  0.001195  0.000000  0.000382  0.000000 ) 
 (  0.002807  0.000000 -0.014425  0.000000  0.000751  0.000000 ) 
 ( -0.002807  0.000000  0.014425  0.000000  0.000751  0.000000 ) 
 ( -0.032139  0.000000 -0.000284  0.000000 -0.000105  0.000000 ) 
 (  0.032139  0.000000  0.000284  0.000000 -0.000105  0.000000 ) 
 ( -0.321862  0.000000 -0.001015  0.000000 -0.000265  0.000000 ) 
 (  0.321862  0.000000  0.001015  0.000000 -0.000265  0.000000 ) 
 (  0.011314  0.000000  0.022785  0.000000  0.001059  0.000000 ) 
 ( -0.011314  0.000000 -0.022785  0.000000  0.001059  0.000000 ) 
 ( -0.178813  0.000000  0.446681  0.000000 -0.000471  0.000000 ) 
 (  0.178813  0.000000 -0.446681  0.000000 -0.000471  0.000000 ) 
 (  0.005795  0.000000 -0.007898  0.000000 -0.014740  0.000000 ) 
 ( -0.005795  0.000000  0.007898  0.000000 -0.014740  0.000000 ) 
 ( -0.085470  0.000000 -0.140592  0.000000 -0.238216  0.000000 ) 
 (  0.085470  0.000000  0.140592  0.000000 -0.238216  0.000000 ) 
 ( -0.005532  0.000000  0.005941  0.000000  0.010152  0.000000 ) 
 (  0.005532  0.000000 -0.005941  0.000000  0.010152  0.000000 ) 
 (  0.083074  0.000000  0.137098  0.000000  0.230233  0.000000 ) 
 ( -0.083074  0.000000 -0.137098  0.000000  0.230233  0.000000 ) 
     freq (   54) =      68.611837 [THz] =    2288.644546 [cm-1]
 (  0.000000  0.000000  0.000000  0.000000 -0.000001  0.000000 ) 
 ( -0.000000  0.000000  0.000000  0.000000  0.000001  0.000000 ) 
 ( -0.002807  0.000000 -0.014425  0.000000  0.000751  0.000000 ) 
 (  0.002807  0.000000  0.014425  0.000000  0.000751  0.000000 ) 
 (  0.001296  0.000000  0.001195  0.000000 -0.000382  0.000000 ) 
 ( -0.001296  0.000000 -0.001195  0.000000 -0.000382  0.000000 ) 
 ( -0.321862  0.000000  0.001015  0.000000  0.000265  0.000000 ) 
 (  0.321862  0.000000 -0.001015  0.000000  0.000265  0.000000 ) 
 (  0.032139  0.000000 -0.000284  0.000000 -0.000105  0.000000 ) 
 ( -0.032139  0.000000  0.000284  0.000000 -0.000105  0.000000 ) 
 (  0.178813  0.000000  0.446681  0.000000 -0.000471  0.000000 ) 
 ( -0.178813  0.000000 -0.446681  0.000000 -0.000471  0.000000 ) 
 (  0.011314  0.000000 -0.022785  0.000000 -0.001059  0.000000 ) 
 ( -0.011314  0.000000  0.022785  0.000000 -0.001059  0.000000 ) 
 (  0.085470  0.000000 -0.140592  0.000000 -0.238216  0.000000 ) 
 ( -0.085470  0.000000  0.140592  0.000000 -0.238216  0.000000 ) 
 (  0.005795  0.000000  0.007898  0.000000  0.014740  0.000000 ) 
 ( -0.005795  0.000000 -0.007898  0.000000  0.014740  0.000000 ) 
 ( -0.083074  0.000000  0.137098  0.000000  0.230233  0.000000 ) 
 (  0.083074  0.000000 -0.137098  0.000000  0.230233  0.000000 ) 
 ( -0.005532  0.000000 -0.005941  0.000000 -0.010152  0.000000 ) 
 (  0.005532  0.000000  0.005941  0.000000 -0.010152  0.000000 ) 
     freq (   55) =      70.100256 [THz] =    2338.292846 [cm-1]
 ( -0.000000  0.000000 -0.000000  0.000000  0.000005 -0.000000 ) 
 (  0.000000  0.000000 -0.000000  0.000000 -0.000000  0.000000 ) 
 ( -0.033732  0.000000 -0.029682  0.000000  0.000111  0.000000 ) 
 (  0.033732 -0.000000  0.029682 -0.000000  0.000111  0.000000 ) 
 ( -0.040187  0.000000  0.033459  0.000000  0.000179 -0.000000 ) 
 (  0.040187  0.000000 -0.033459  0.000000  0.000179 -0.000000 ) 
 (  0.327571 -0.000000 -0.015061  0.000000 -0.000060  0.000000 ) 
 ( -0.327571  0.000000  0.015061 -0.000000 -0.000060  0.000000 ) 
 ( -0.389956  0.000000 -0.016940  0.000000  0.000038  0.000000 ) 
 (  0.389956  0.000000  0.016940  0.000000  0.000038  0.000000 ) 
 (  0.108432 -0.000000  0.288822 -0.000000  0.000321 -0.000000 ) 
 ( -0.108432  0.000000 -0.288822  0.000000  0.000321 -0.000000 ) 
 (  0.120141  0.000000 -0.315880  0.000000  0.000120  0.000000 ) 
 ( -0.120141  0.000000  0.315880  0.000000  0.000120  0.000000 ) 
 ( -0.030684  0.000000  0.027824 -0.000000  0.060791 -0.000000 ) 
 (  0.030684 -0.000000 -0.027824  0.000000  0.060791 -0.000000 ) 
 ( -0.037268  0.000000 -0.032927  0.000000 -0.071947  0.000000 ) 
 (  0.037268  0.000000  0.032927  0.000000 -0.071947  0.000000 ) 
 (  0.031162 -0.000000 -0.028674  0.000000 -0.062035  0.000000 ) 
 ( -0.031162  0.000000  0.028674 -0.000000 -0.062035  0.000000 ) 
 (  0.036787  0.000000  0.032045  0.000000  0.069946  0.000000 ) 
 ( -0.036787  0.000000 -0.032045  0.000000  0.069946  0.000000 ) 
     freq (   56) =      70.100256 [THz] =    2338.292846 [cm-1]
 ( -0.000000  0.000000 -0.000000  0.000000 -0.000000  0.000000 ) 
 (  0.000000 -0.000000  0.000000 -0.000000 -0.000005  0.000000 ) 
 (  0.040187  0.000000  0.033459  0.000000  0.000179 -0.000000 ) 
 ( -0.040187  0.000000 -0.033459  0.000000  0.000179 -0.000000 ) 
 ( -0.033732  0.000000  0.029682 -0.000000 -0.000111  0.000000 ) 
 (  0.033732 -0.000000 -0.029682  0.000000 -0.000111  0.000000 ) 
 ( -0.389956  0.000000  0.016940  0.000000 -0.000038  0.000000 ) 
 (  0.389956  0.000000 -0.016940  0.000000 -0.000038  0.000000 ) 
 ( -0.327571  0.000000 -0.015061  0.000000 -0.000060  0.000000 ) 
 (  0.327571 -0.000000  0.015061 -0.000000 -0.000060  0.000000 ) 
 ( -0.120141  0.000000 -0.315880  0.000000  0.000120  0.000000 ) 
 (  0.120141  0.000000  0.315880  0.000000  0.000120  0.000000 ) 
 (  0.108432 -0.000000 -0.288822  0.000000 -0.000321  0.000000 ) 
 ( -0.108432  0.000000  0.288822 -0.000000 -0.000321  0.000000 ) 
 (  0.037268  0.000000 -0.032927  0.000000 -0.071947  0.000000 ) 
 ( -0.037268  0.000000  0.032927  0.000000 -0.071947  0.000000 ) 
 ( -0.030684  0.000000 -0.027824  0.000000 -0.060791  0.000000 ) 
 (  0.030684 -0.000000  0.027824 -0.000000 -0.060791  0.000000 ) 
 ( -0.036787  0.000000  0.032045  0.000000  0.069946  0.000000 ) 
 (  0.036787  0.000000 -0.032045  0.000000  0.069946  0.000000 ) 
 (  0.031162 -0.000000  0.028674 -0.000000  0.062035 -0.000000 ) 
 ( -0.031162  0.000000 -0.028674  0.000000  0.062035 -0.000000 ) 
     freq (   57) =      70.266137 [THz] =    2343.826056 [cm-1]
 ( -0.000114  0.000000 -0.000097  0.000000  0.000000  0.000000 ) 
 (  0.000099  0.000000  0.000084  0.000000  0.000000  0.000000 ) 
 ( -0.043299  0.000000 -0.035935  0.000000  0.000001  0.000000 ) 
 ( -0.043299  0.000000 -0.035935  0.000000 -0.000001  0.000000 ) 
 ( -0.008713  0.000000 -0.038719  0.000000  0.000079  0.000000 ) 
 ( -0.008713  0.000000 -0.038719  0.000000 -0.000079  0.000000 ) 
 (  0.398247  0.000000 -0.018989  0.000000  0.000009  0.000000 ) 
 (  0.398247  0.000000 -0.018989  0.000000 -0.000009  0.000000 ) 
 ( -0.025970  0.000000  0.011282  0.000000  0.000060  0.000000 ) 
 ( -0.025970  0.000000  0.011282  0.000000 -0.000060  0.000000 ) 
 (  0.137132  0.000000  0.368959  0.000000  0.000008  0.000000 ) 
 (  0.137132  0.000000  0.368959  0.000000 -0.000008  0.000000 ) 
 ( -0.090252  0.000000  0.204157  0.000000  0.000019  0.000000 ) 
 ( -0.090252  0.000000  0.204157  0.000000 -0.000019  0.000000 ) 
 ( -0.030601  0.000000  0.024397  0.000000  0.055876  0.000000 ) 
 ( -0.030601  0.000000  0.024397  0.000000 -0.055876  0.000000 ) 
 (  0.073884  0.000000  0.110851  0.000000  0.206573  0.000000 ) 
 (  0.073884  0.000000  0.110851  0.000000 -0.206573  0.000000 ) 
 ( -0.030651  0.000000  0.024443  0.000000  0.055908  0.000000 ) 
 ( -0.030651  0.000000  0.024443  0.000000 -0.055908  0.000000 ) 
 (  0.074326  0.000000  0.111399  0.000000  0.207520  0.000000 ) 
 (  0.074326  0.000000  0.111399  0.000000 -0.207520  0.000000 ) 
     freq (   58) =      70.266137 [THz] =    2343.826056 [cm-1]
 (  0.000099  0.000000 -0.000084  0.000000 -0.000000  0.000000 ) 
 (  0.000114  0.000000 -0.000097  0.000000 -0.000000  0.000000 ) 
 ( -0.008713  0.000000  0.038719  0.000000 -0.000079  0.000000 ) 
 ( -0.008713  0.000000  0.038719  0.000000  0.000079  0.000000 ) 
 (  0.043299  0.000000 -0.035935  0.000000  0.000001  0.000000 ) 
 (  0.043299  0.000000 -0.035935  0.000000 -0.000001  0.000000 ) 
 (  0.025970  0.000000  0.011282  0.000000  0.000060  0.000000 ) 
 (  0.025970  0.000000  0.011282  0.000000 -0.000060  0.000000 ) 
 (  0.398247  0.000000  0.018989  0.000000 -0.000009  0.000000 ) 
 (  0.398247  0.000000  0.018989  0.000000  0.000009  0.000000 ) 
 ( -0.090252  0.000000 -0.204157  0.000000 -0.000019  0.000000 ) 
 ( -0.090252  0.000000 -0.204157  0.000000  0.000019  0.000000 ) 
 ( -0.137132  0.000000  0.368959  0.000000  0.000008  0.000000 ) 
 ( -0.137132  0.000000  0.368959  0.000000 -0.000008  0.000000 ) 
 (  0.073884  0.000000 -0.110851  0.000000 -0.206573  0.000000 ) 
 (  0.073884  0.000000 -0.110851  0.000000  0.206573  0.000000 ) 
 (  0.030601  0.000000  0.024397  0.000000  0.055876  0.000000 ) 
 (  0.030601  0.000000  0.024397  0.000000 -0.055876  0.000000 ) 
 (  0.074326  0.000000 -0.111399  0.000000 -0.207520  0.000000 ) 
 (  0.074326  0.000000 -0.111399  0.000000  0.207520  0.000000 ) 
 (  0.030651  0.000000  0.024443  0.000000  0.055908  0.000000 ) 
 (  0.030651  0.000000  0.024443  0.000000 -0.055908  0.000000 ) 
     freq (   59) =      70.635331 [THz] =    2356.141038 [cm-1]
 (  0.000183  0.000000  0.000102  0.000000  0.000000  0.000000 ) 
 ( -0.000005  0.000000 -0.000119  0.000000 -0.000000  0.000000 ) 
 (  0.045569  0.000000  0.001047  0.000000 -0.000084  0.000000 ) 
 (  0.045569  0.000000  0.001047  0.000000  0.000084  0.000000 ) 
 ( -0.028270  0.000000 -0.042583  0.000000 -0.000206  0.000000 ) 
 ( -0.028270  0.000000 -0.042583  0.000000  0.000206  0.000000 ) 
 ( -0.398865  0.000000  0.005993  0.000000 -0.000060  0.000000 ) 
 ( -0.398865  0.000000  0.005993  0.000000  0.000060  0.000000 ) 
 ( -0.218900  0.000000  0.007367  0.000000  0.000016  0.000000 ) 
 ( -0.218900  0.000000  0.007367  0.000000 -0.000016  0.000000 ) 
 ( -0.046992  0.000000 -0.146911  0.000000 -0.000011  0.000000 ) 
 ( -0.046992  0.000000 -0.146911  0.000000  0.000011  0.000000 ) 
 ( -0.090693  0.000000  0.191891  0.000000  0.000015  0.000000 ) 
 ( -0.090693  0.000000  0.191891  0.000000 -0.000015  0.000000 ) 
 ( -0.029440  0.000000  0.061119  0.000000  0.104184  0.000000 ) 
 ( -0.029440  0.000000  0.061119  0.000000 -0.104184  0.000000 ) 
 (  0.090904  0.000000  0.142227  0.000000  0.258460  0.000000 ) 
 (  0.090904  0.000000  0.142227  0.000000 -0.258460  0.000000 ) 
 ( -0.029074  0.000000  0.060590  0.000000  0.103257  0.000000 ) 
 ( -0.029074  0.000000  0.060590  0.000000 -0.103257  0.000000 ) 
 (  0.090057  0.000000  0.140758  0.000000  0.255965  0.000000 ) 
 (  0.090057  0.000000  0.140758  0.000000 -0.255965  0.000000 ) 
     freq (   60) =      70.635331 [THz] =    2356.141038 [cm-1]
 (  0.000005  0.000000 -0.000119  0.000000 -0.000000  0.000000 ) 
 (  0.000183  0.000000 -0.000102  0.000000  0.000000  0.000000 ) 
 (  0.028270  0.000000 -0.042583  0.000000 -0.000206  0.000000 ) 
 (  0.028270  0.000000 -0.042583  0.000000  0.000206  0.000000 ) 
 (  0.045569  0.000000 -0.001047  0.000000  0.000084  0.000000 ) 
 (  0.045569  0.000000 -0.001047  0.000000 -0.000084  0.000000 ) 
 ( -0.218900  0.000000 -0.007367  0.000000 -0.000016  0.000000 ) 
 ( -0.218900  0.000000 -0.007367  0.000000  0.000016  0.000000 ) 
 (  0.398865  0.000000  0.005993  0.000000 -0.000060  0.000000 ) 
 (  0.398865  0.000000  0.005993  0.000000  0.000060  0.000000 ) 
 (  0.090693  0.000000  0.191891  0.000000  0.000015  0.000000 ) 
 (  0.090693  0.000000  0.191891  0.000000 -0.000015  0.000000 ) 
 ( -0.046992  0.000000  0.146911  0.000000  0.000011  0.000000 ) 
 ( -0.046992  0.000000  0.146911  0.000000 -0.000011  0.000000 ) 
 ( -0.090904  0.000000  0.142227  0.000000  0.258460  0.000000 ) 
 ( -0.090904  0.000000  0.142227  0.000000 -0.258460  0.000000 ) 
 ( -0.029440  0.000000 -0.061119  0.000000 -0.104184  0.000000 ) 
 ( -0.029440  0.000000 -0.061119  0.000000  0.104184  0.000000 ) 
 ( -0.090057  0.000000  0.140758  0.000000  0.255965  0.000000 ) 
 ( -0.090057  0.000000  0.140758  0.000000 -0.255965  0.000000 ) 
 ( -0.029074  0.000000 -0.060590  0.000000 -0.103257  0.000000 ) 
 ( -0.029074  0.000000 -0.060590  0.000000  0.103257  0.000000 ) 
     freq (   61) =      70.959308 [THz] =    2366.947740 [cm-1]
 ( -0.000000  0.000000  0.000000  0.000000  0.000003  0.000000 ) 
 (  0.000000  0.000000 -0.000000  0.000000  0.000000  0.000000 ) 
 ( -0.043565  0.000000  0.048201  0.000000 -0.002331  0.000000 ) 
 (  0.043565  0.000000 -0.048201  0.000000 -0.002331  0.000000 ) 
 (  0.010766  0.000000  0.013412  0.000000 -0.001181  0.000000 ) 
 ( -0.010766  0.000000 -0.013412  0.000000 -0.001181  0.000000 ) 
 (  0.354431  0.000000  0.005381  0.000000 -0.000557  0.000000 ) 
 ( -0.354431  0.000000 -0.005381  0.000000 -0.000557  0.000000 ) 
 (  0.084690  0.000000 -0.001370  0.000000  0.000249  0.000000 ) 
 ( -0.084690  0.000000  0.001370  0.000000  0.000249  0.000000 ) 
 ( -0.090299  0.000000 -0.185836  0.000000 -0.000545  0.000000 ) 
 (  0.090299  0.000000  0.185836  0.000000 -0.000545  0.000000 ) 
 (  0.023599  0.000000 -0.047917  0.000000 -0.000432  0.000000 ) 
 ( -0.023599  0.000000  0.047917  0.000000 -0.000432  0.000000 ) 
 (  0.107598  0.000000 -0.171833  0.000000 -0.306130  0.000000 ) 
 ( -0.107598  0.000000  0.171833  0.000000 -0.306130  0.000000 ) 
 ( -0.029468  0.000000 -0.046147  0.000000 -0.082273  0.000000 ) 
 (  0.029468  0.000000  0.046147  0.000000 -0.082273  0.000000 ) 
 ( -0.117778  0.000000  0.187771  0.000000  0.331874  0.000000 ) 
 (  0.117778  0.000000 -0.187771  0.000000  0.331874  0.000000 ) 
 (  0.034619  0.000000  0.054169  0.000000  0.095496  0.000000 ) 
 ( -0.034619  0.000000 -0.054169  0.000000  0.095496  0.000000 ) 
     freq (   62) =      70.959308 [THz] =    2366.947740 [cm-1]
 ( -0.000000  0.000000  0.000000  0.000000  0.000000  0.000000 ) 
 ( -0.000000  0.000000  0.000000  0.000000 -0.000003  0.000000 ) 
 ( -0.010766  0.000000  0.013412  0.000000 -0.001181  0.000000 ) 
 (  0.010766  0.000000 -0.013412  0.000000 -0.001181  0.000000 ) 
 ( -0.043565  0.000000 -0.048201  0.000000  0.002331  0.000000 ) 
 (  0.043565  0.000000  0.048201  0.000000  0.002331  0.000000 ) 
 (  0.084690  0.000000  0.001370  0.000000 -0.000249  0.000000 ) 
 ( -0.084690  0.000000 -0.001370  0.000000 -0.000249  0.000000 ) 
 ( -0.354431  0.000000  0.005381  0.000000 -0.000557  0.000000 ) 
 (  0.354431  0.000000 -0.005381  0.000000 -0.000557  0.000000 ) 
 ( -0.023599  0.000000 -0.047917  0.000000 -0.000432  0.000000 ) 
 (  0.023599  0.000000  0.047917  0.000000 -0.000432  0.000000 ) 
 ( -0.090299  0.000000  0.185836  0.000000  0.000545  0.000000 ) 
 (  0.090299  0.000000 -0.185836  0.000000  0.000545  0.000000 ) 
 (  0.029468  0.000000 -0.046147  0.000000 -0.082273  0.000000 ) 
 ( -0.029468  0.000000  0.046147  0.000000 -0.082273  0.000000 ) 
 (  0.107598  0.000000  0.171833  0.000000  0.306130  0.000000 ) 
 ( -0.107598  0.000000 -0.171833  0.000000  0.306130  0.000000 ) 
 ( -0.034619  0.000000  0.054169  0.000000  0.095496  0.000000 ) 
 (  0.034619  0.000000 -0.054169  0.000000  0.095496  0.000000 ) 
 ( -0.117778  0.000000 -0.187771  0.000000 -0.331874  0.000000 ) 
 (  0.117778  0.000000  0.187771  0.000000 -0.331874  0.000000 ) 
     freq (   63) =      71.253699 [THz] =    2376.767578 [cm-1]
 ( -0.000000  0.000000 -0.000000  0.000000  0.000070  0.000000 ) 
 (  0.000000  0.000000  0.000000  0.000000 -0.000117  0.000000 ) 
 ( -0.000280  0.000000  0.000455  0.000000  0.001138  0.000000 ) 
 (  0.000280  0.000000 -0.000455  0.000000  0.001138  0.000000 ) 
 (  0.001561  0.000000  0.001873  0.000000  0.072330  0.000000 ) 
 ( -0.001561  0.000000 -0.001873  0.000000  0.072330  0.000000 ) 
 (  0.000518  0.000000  0.000163  0.000000  0.000018  0.000000 ) 
 ( -0.000518  0.000000 -0.000163  0.000000  0.000018  0.000000 ) 
 (  0.016760  0.000000 -0.000039  0.000000 -0.015927  0.000000 ) 
 ( -0.016760  0.000000  0.000039  0.000000 -0.015927  0.000000 ) 
 ( -0.000513  0.000000 -0.000565  0.000000  0.000311  0.000000 ) 
 (  0.000513  0.000000  0.000565  0.000000  0.000311  0.000000 ) 
 (  0.004939  0.000000 -0.011262  0.000000  0.016795  0.000000 ) 
 ( -0.004939  0.000000  0.011262  0.000000  0.016795  0.000000 ) 
 (  0.002465  0.000000 -0.004153  0.000000 -0.007818  0.000000 ) 
 ( -0.002465  0.000000  0.004153  0.000000 -0.007818  0.000000 ) 
 ( -0.158789  0.000000 -0.248391  0.000000 -0.413631  0.000000 ) 
 (  0.158789  0.000000  0.248391  0.000000 -0.413631  0.000000 ) 
 ( -0.000359  0.000000  0.000241  0.000000 -0.000111  0.000000 ) 
 (  0.000359  0.000000 -0.000241  0.000000 -0.000111  0.000000 ) 
 ( -0.151892  0.000000 -0.238014  0.000000 -0.394947  0.000000 ) 
 (  0.151892  0.000000  0.238014  0.000000 -0.394947  0.000000 ) 
     freq (   64) =      71.253699 [THz] =    2376.767578 [cm-1]
 (  0.000000  0.000000  0.000000  0.000000 -0.000117  0.000000 ) 
 ( -0.000000  0.000000  0.000000  0.000000 -0.000070  0.000000 ) 
 ( -0.001561  0.000000  0.001873  0.000000  0.072330  0.000000 ) 
 (  0.001561  0.000000 -0.001873  0.000000  0.072330  0.000000 ) 
 ( -0.000280  0.000000 -0.000455  0.000000 -0.001138  0.000000 ) 
 (  0.000280  0.000000  0.000455  0.000000 -0.001138  0.000000 ) 
 (  0.016760  0.000000  0.000039  0.000000  0.015927  0.000000 ) 
 ( -0.016760  0.000000 -0.000039  0.000000  0.015927  0.000000 ) 
 ( -0.000518  0.000000  0.000163  0.000000  0.000018  0.000000 ) 
 (  0.000518  0.000000 -0.000163  0.000000  0.000018  0.000000 ) 
 ( -0.004939  0.000000 -0.011262  0.000000  0.016795  0.000000 ) 
 (  0.004939  0.000000  0.011262  0.000000  0.016795  0.000000 ) 
 ( -0.000513  0.000000  0.000565  0.000000 -0.000311  0.000000 ) 
 (  0.000513  0.000000 -0.000565  0.000000 -0.000311  0.000000 ) 
 (  0.158789  0.000000 -0.248391  0.000000 -0.413631  0.000000 ) 
 ( -0.158789  0.000000  0.248391  0.000000 -0.413631  0.000000 ) 
 (  0.002465  0.000000  0.004153  0.000000  0.007818  0.000000 ) 
 ( -0.002465  0.000000 -0.004153  0.000000  0.007818  0.000000 ) 
 (  0.151892  0.000000 -0.238014  0.000000 -0.394947  0.000000 ) 
 ( -0.151892  0.000000  0.238014  0.000000 -0.394947  0.000000 ) 
 ( -0.000359  0.000000 -0.000241  0.000000  0.000111  0.000000 ) 
 (  0.000359  0.000000  0.000241  0.000000  0.000111  0.000000 ) 
     freq (   65) =      71.303814 [THz] =    2378.439224 [cm-1]
 ( -0.000001  0.000000 -0.000001  0.000000  0.000000  0.000000 ) 
 ( -0.000001  0.000000 -0.000000  0.000000  0.000000  0.000000 ) 
 (  0.000108  0.000000 -0.000082  0.000000  0.071605  0.000000 ) 
 (  0.000108  0.000000 -0.000082  0.000000 -0.071605  0.000000 ) 
 (  0.000169  0.000000 -0.000064  0.000000 -0.009156  0.000000 ) 
 (  0.000169  0.000000 -0.000064  0.000000  0.009156  0.000000 ) 
 ( -0.000844  0.000000 -0.000039  0.000000  0.016042  0.000000 ) 
 ( -0.000844  0.000000 -0.000039  0.000000 -0.016042  0.000000 ) 
 (  0.001922  0.000000  0.000035  0.000000  0.001222  0.000000 ) 
 (  0.001922  0.000000  0.000035  0.000000 -0.001222  0.000000 ) 
 (  0.000098  0.000000  0.000141  0.000000  0.016378  0.000000 ) 
 (  0.000098  0.000000  0.000141  0.000000 -0.016378  0.000000 ) 
 ( -0.000199  0.000000  0.000667  0.000000 -0.002615  0.000000 ) 
 ( -0.000199  0.000000  0.000667  0.000000  0.002615  0.000000 ) 
 (  0.154067  0.000000 -0.240662  0.000000 -0.400770  0.000000 ) 
 (  0.154067  0.000000 -0.240662  0.000000  0.400770  0.000000 ) 
 (  0.018872  0.000000  0.031711  0.000000  0.051674  0.000000 ) 
 (  0.018872  0.000000  0.031711  0.000000 -0.051674  0.000000 ) 
 ( -0.154675  0.000000  0.241461  0.000000  0.402171  0.000000 ) 
 ( -0.154675  0.000000  0.241461  0.000000 -0.402171  0.000000 ) 
 ( -0.018668  0.000000 -0.031507  0.000000 -0.051343  0.000000 ) 
 ( -0.018668  0.000000 -0.031507  0.000000  0.051343  0.000000 ) 
     freq (   66) =      71.303814 [THz] =    2378.439224 [cm-1]
 (  0.000001  0.000000 -0.000000  0.000000  0.000000  0.000000 ) 
 ( -0.000001  0.000000  0.000001  0.000000 -0.000000  0.000000 ) 
 ( -0.000169  0.000000 -0.000064  0.000000 -0.009156  0.000000 ) 
 ( -0.000169  0.000000 -0.000064  0.000000  0.009156  0.000000 ) 
 (  0.000108  0.000000  0.000082  0.000000 -0.071605  0.000000 ) 
 (  0.000108  0.000000  0.000082  0.000000  0.071605  0.000000 ) 
 (  0.001922  0.000000 -0.000035  0.000000 -0.001222  0.000000 ) 
 (  0.001922  0.000000 -0.000035  0.000000  0.001222  0.000000 ) 
 (  0.000844  0.000000 -0.000039  0.000000  0.016042  0.000000 ) 
 (  0.000844  0.000000 -0.000039  0.000000 -0.016042  0.000000 ) 
 (  0.000199  0.000000  0.000667  0.000000 -0.002615  0.000000 ) 
 (  0.000199  0.000000  0.000667  0.000000  0.002615  0.000000 ) 
 (  0.000098  0.000000 -0.000141  0.000000 -0.016378  0.000000 ) 
 (  0.000098  0.000000 -0.000141  0.000000  0.016378  0.000000 ) 
 ( -0.018872  0.000000  0.031711  0.000000  0.051674  0.000000 ) 
 ( -0.018872  0.000000  0.031711  0.000000 -0.051674  0.000000 ) 
 (  0.154067  0.000000  0.240662  0.000000  0.400770  0.000000 ) 
 (  0.154067  0.000000  0.240662  0.000000 -0.400770  0.000000 ) 
 (  0.018668  0.000000 -0.031507  0.000000 -0.051343  0.000000 ) 
 (  0.018668  0.000000 -0.031507  0.000000  0.051343  0.000000 ) 
 ( -0.154675  0.000000 -0.241461  0.000000 -0.402171  0.000000 ) 
 ( -0.154675  0.000000 -0.241461  0.000000  0.402171  0.000000 ) 
 **************************************************************************
