
     Program PHONON v.7.3.1 starts on 12Aug2024 at 11:17:40 

     This program is part of the open-source Quantum ESPRESSO suite
     for quantum simulation of materials; please cite
         "P. Giannozzi et al., J. Phys.:Condens. Matter 21 395502 (2009);
         "P. Giannozzi et al., J. Phys.:Condens. Matter 29 465901 (2017);
         "P. Giannozzi et al., J. Chem. Phys. 152 154105 (2020);
          URL http://www.quantum-espresso.org", 
     in publications or presentations arising from this work. More details at
     http://www.quantum-espresso.org/quote

     Parallel version (MPI), running on    24 processors

     MPI processes distributed on     1 nodes
     93374 MiB available memory on the printing compute node when the environment starts

     Waiting for input...
     Reading input from standard input

     Reading xml data from directory:

     ./pwscf.save/

     R & G space division:  proc/nbgrp/npool/nimage =      24
     Subspace diagonalization in iterative solution of the eigenvalue problem:
     a serial algorithm will be used


     IMPORTANT: XC functional enforced from input :
     Exchange-correlation= PBESOL
                           (   1   4  10   8   0   0   0)
     Any further DFT definition will be discarded
     Please, verify this is what you really want


     Parallelization info
     --------------------
     sticks:   dense  smooth     PW     G-vecs:    dense   smooth      PW
     Min         501     250     67                26015     9198    1289
     Max         503     251     68                26017     9201    1292
     Sum       12031    6005   1621               624371   220763   30961

     Using Slab Decomposition

     Reading collected, re-writing distributed wavefunctions in ./


     Dynamical matrices for ( 2, 2, 2)  uniform grid of q-points
     (   8 q-points):
       N         xq(1)         xq(2)         xq(3) 
       1   0.000000000   0.000000000   0.000000000
       2   0.000000000   0.000000000  -0.798945035
       3   0.000000000  -0.505744325   0.000000000
       4   0.000000000  -0.505744325  -0.798945035
       5  -0.500000000   0.000000000   0.000000000
       6  -0.500000000   0.000000000  -0.798945035
       7  -0.500000000  -0.505744325   0.000000000
       8  -0.500000000  -0.505744325  -0.798945035

     Number and degeneracy of irreps per q-point
       N         xq(1)         xq(2)         xq(3)   N irreps
       1   0.000000000   0.000000000   0.000000000      65
        1   1   1   1   1   1   1   1   1   1   1   1   1   1   1   1   1   1
   1   1   1   1   1   1   1   1   1   1   1   1   1   1   1   1   1   1
   1   1   1   1   1   1   1   1   1   1   1   1   1   1   1   1   1   2
   1   1   1   1   1   1   1   1   1   1   1
       2   0.000000000   0.000000000  -0.798945035      65
        1   1   1   1   1   1   1   1   1   1   1   1   1   1   1   1   1   1
   2   1   1   1   1   1   1   1   1   1   1   1   1   1   1   1   1   1
   1   1   1   1   1   1   1   1   1   1   1   1   1   1   1   1   1   1
   1   1   1   1   1   1   1   1   1   1   1
       3   0.000000000  -0.505744325   0.000000000      32
        2   2   2   2   2   2   2   2   4   2   2   2   2   2   2   2   2   2
   2   2   2   2   2   2   2   2   2   2   2   2   2   2
       4   0.000000000  -0.505744325  -0.798945035      32
        2   2   2   2   2   2   2   2   4   2   2   2   2   2   2   2   2   2
   2   2   2   2   2   2   2   2   2   2   2   2   2   2
       5  -0.500000000   0.000000000   0.000000000      33
        2   2   2   2   2   2   2   2   2   2   2   2   2   2   2   2   2   2
   2   2   2   2   2   2   2   2   2   2   2   2   2   2   2
       6  -0.500000000   0.000000000  -0.798945035      33
        2   2   2   2   2   2   2   2   2   2   2   2   2   2   2   2   2   2
   2   2   2   2   2   2   2   2   2   2   2   2   2   2   2
       7  -0.500000000  -0.505744325   0.000000000      33
        2   2   2   2   2   2   2   2   2   2   2   2   2   2   2   2   2   2
   2   2   2   2   2   2   2   2   2   2   2   2   2   2   2
       8  -0.500000000  -0.505744325  -0.798945035      33
        2   2   2   2   2   2   2   2   2   2   2   2   2   2   2   2   2   2
   2   2   2   2   2   2   2   2   2   2   2   2   2   2   2

     Saving dvscf to file. Distribute only q points, not irreducible representations.

     Calculation of q =    0.0000000   0.0000000   0.0000000

                                                                                

     bravais-lattice index     =            8
     lattice parameter (alat)  =      13.8222  a.u.
     unit-cell volume          =    1633.8810 (a.u.)^3
     number of atoms/cell      =           22
     number of atomic types    =            3
     kinetic-energy cut-off    =     100.0000  Ry
     charge density cut-off    =     800.0000  Ry
     convergence threshold     =      1.0E-14
     beta                      =       0.7000
     number of iterations used =            4
     Exchange-correlation= PBESOL
                           (   1   4  10   8   0   0   0)


     celldm(1)=   13.82217  celldm(2)=    0.98864  celldm(3)=    0.62583
     celldm(4)=    0.00000  celldm(5)=    0.00000  celldm(6)=    0.00000

     crystal axes: (cart. coord. in units of alat)
               a(1) = (  1.0000  0.0000  0.0000 )  
               a(2) = (  0.0000  0.9886  0.0000 )  
               a(3) = (  0.0000  0.0000  0.6258 )  

     reciprocal axes: (cart. coord. in units 2 pi/alat)
               b(1) = (  1.0000  0.0000  0.0000 )  
               b(2) = (  0.0000  1.0115  0.0000 )  
               b(3) = (  0.0000  0.0000  1.5979 )  


     Atoms inside the unit cell: 

     Cartesian axes

     site n.  atom      mass           positions (alat units)
        1  Ba    137.3270   tau(    1) = (    0.50000    0.49432    0.31293  )
        2  Ba    137.3270   tau(    2) = (    0.00000    0.00000    0.62581  )
        3  B      10.8110   tau(    3) = (    0.65064    0.27392    0.00001  )
        4  B      10.8110   tau(    4) = (    0.34936    0.71473    0.00001  )
        5  B      10.8110   tau(    5) = (    0.15064    0.22041    0.31290  )
        6  B      10.8110   tau(    6) = (    0.84936    0.76824    0.31290  )
        7  H       1.0079   tau(    7) = (    0.48198    0.27834    0.00001  )
        8  H       1.0079   tau(    8) = (    0.51802    0.71030    0.00001  )
        9  H       1.0079   tau(    9) = (    0.98198    0.21598    0.31290  )
       10  H       1.0079   tau(   10) = (    0.01802    0.77266    0.31290  )
       11  H       1.0079   tau(   11) = (    0.71243    0.43126    0.00001  )
       12  H       1.0079   tau(   12) = (    0.28757    0.55739    0.00001  )
       13  H       1.0079   tau(   13) = (    0.21243    0.06306    0.31290  )
       14  H       1.0079   tau(   14) = (    0.78757    0.92558    0.31290  )
       15  H       1.0079   tau(   15) = (    0.70079    0.19496    0.48610  )
       16  H       1.0079   tau(   16) = (    0.29921    0.79369    0.48610  )
       17  H       1.0079   tau(   17) = (    0.20079    0.29937    0.45263  )
       18  H       1.0079   tau(   18) = (    0.79921    0.68928    0.45263  )
       19  H       1.0079   tau(   19) = (    0.29918    0.79368    0.13974  )
       20  H       1.0079   tau(   20) = (    0.70082    0.19496    0.13974  )
       21  H       1.0079   tau(   21) = (    0.79918    0.68928    0.17317  )
       22  H       1.0079   tau(   22) = (    0.20082    0.29936    0.17317  )

     Computing dynamical matrix for 
                    q = (   0.0000000   0.0000000   0.0000000 )

      5 Sym.Ops. (with q -> -q+G )


     G cutoff = 3871.5285  (  26017 G-vectors)     FFT grid: (128,128, 80)
     G cutoff = 1935.7643  (   9200 G-vectors)  smooth grid: ( 90, 90, 60)
     number of k points=    27

     PseudoPot. # 1 for B  read from file:
     /home/mehlhorn/pseudos/b_pbesol_v1.4.uspp.F.UPF
     MD5 check sum: 369b69bef2c3aeed4453bd8b804fd6a8
     Pseudo is Ultrasoft + core correction, Zval =  3.0
     Generated by new atomic code, or converted to UPF format
     Using radial grid of  781 points,  4 beta functions with: 
                l(1) =   0
                l(2) =   0
                l(3) =   1
                l(4) =   1
     Q(r) pseudized with  8 coefficients,  rinner =    1.100   1.100   1.100


     PseudoPot. # 2 for Ba read from file:
     /home/mehlhorn/pseudos/Ba.nc.z_10.oncvpsp4.dojo.v4-sp.upf
     MD5 check sum: c10ed334bb677c0554edec7181ce9143
     Pseudo is Norm-conserving + core correction, Zval = 10.0
     Generated using ONCVPSP code by D. R. Hamann
     Using radial grid of 1938 points,  8 beta functions with: 
                l(1) =   0
                l(2) =   0
                l(3) =   1
                l(4) =   1
                l(5) =   2
                l(6) =   2
                l(7) =   3
                l(8) =   3

     PseudoPot. # 3 for H  read from file:
     /home/mehlhorn/pseudos/H_ONCV_PBEsol-1.0.upf
     MD5 check sum: 398ef8f67c0a7342c05c87c5e19ea467
     Pseudo is Norm-conserving, Zval =  1.0
     Generated using ONCVPSP code by D. R. Hamann
     Using radial grid of 1180 points,  2 beta functions with: 
                l(1) =   0
                l(2) =   0

     Mode symmetry, D_2  (222)  point group:


     Electric field:
     Dielectric constant
     Born effective charges in two ways 


     Atomic displacements:
     There are   65 irreducible representations

     Representation     1      1 modes -  To be done

     Representation     2      1 modes -  To be done

     Representation     3      1 modes -  To be done

     Representation     4      1 modes -  To be done

     Representation     5      1 modes -  To be done

     Representation     6      1 modes -  To be done

     Representation     7      1 modes -  To be done

     Representation     8      1 modes -  To be done

     Representation     9      1 modes -  To be done

     Representation    10      1 modes -  To be done

     Representation    11      1 modes -  To be done

     Representation    12      1 modes -  To be done

     Representation    13      1 modes -  To be done

     Representation    14      1 modes -  To be done

     Representation    15      1 modes -  To be done

     Representation    16      1 modes -  To be done

     Representation    17      1 modes -  To be done

     Representation    18      1 modes -  To be done

     Representation    19      1 modes -  To be done

     Representation    20      1 modes -  To be done

     Representation    21      1 modes -  To be done

     Representation    22      1 modes -  To be done

     Representation    23      1 modes -  To be done

     Representation    24      1 modes -  To be done

     Representation    25      1 modes -  To be done

     Representation    26      1 modes -  To be done

     Representation    27      1 modes -  To be done

     Representation    28      1 modes -  To be done

     Representation    29      1 modes -  To be done

     Representation    30      1 modes -  To be done

     Representation    31      1 modes -  To be done

     Representation    32      1 modes -  To be done

     Representation    33      1 modes -  To be done

     Representation    34      1 modes -  To be done

     Representation    35      1 modes -  To be done

     Representation    36      1 modes -  To be done

     Representation    37      1 modes -  To be done

     Representation    38      1 modes -  To be done

     Representation    39      1 modes -  To be done

     Representation    40      1 modes -  To be done

     Representation    41      1 modes -  To be done

     Representation    42      1 modes -  To be done

     Representation    43      1 modes -  To be done

     Representation    44      1 modes -  To be done

     Representation    45      1 modes -  To be done

     Representation    46      1 modes -  To be done

     Representation    47      1 modes -  To be done

     Representation    48      1 modes -  To be done

     Representation    49      1 modes -  To be done

     Representation    50      1 modes -  To be done

     Representation    51      1 modes -  To be done

     Representation    52      1 modes -  To be done

     Representation    53      1 modes -  To be done

     Representation    54      2 modes -  To be done

     Representation    55      1 modes -  To be done

     Representation    56      1 modes -  To be done

     Representation    57      1 modes -  To be done

     Representation    58      1 modes -  To be done

     Representation    59      1 modes -  To be done

     Representation    60      1 modes -  To be done

     Representation    61      1 modes -  To be done

     Representation    62      1 modes -  To be done

     Representation    63      1 modes -  To be done

     Representation    64      1 modes -  To be done

     Representation    65      1 modes -  To be done



     Alpha used in Ewald sum =   2.8000
     PHONON       :   3m37.15s CPU   3m41.06s WALL


     Electric Fields Calculation

      iter #   1 total cpu time :   968.9 secs   av.it.:   7.6
      thresh= 1.000E-02 alpha_mix =  0.700 |ddv_scf|^2 =  6.442E-09

      iter #   2 total cpu time :  1287.1 secs   av.it.:  17.0
      thresh= 8.026E-06 alpha_mix =  0.700 |ddv_scf|^2 =  1.177E-09

      iter #   3 total cpu time :  1594.2 secs   av.it.:  16.2
      thresh= 3.431E-06 alpha_mix =  0.700 |ddv_scf|^2 =  9.746E-11

      iter #   4 total cpu time :  1898.0 secs   av.it.:  16.1
      thresh= 9.872E-07 alpha_mix =  0.700 |ddv_scf|^2 =  1.001E-11

      iter #   5 total cpu time :  2211.3 secs   av.it.:  15.8
      thresh= 3.164E-07 alpha_mix =  0.700 |ddv_scf|^2 =  8.846E-13

      iter #   6 total cpu time :  2521.6 secs   av.it.:  15.7
      thresh= 9.405E-08 alpha_mix =  0.700 |ddv_scf|^2 =  2.518E-14

      iter #   7 total cpu time :  2824.8 secs   av.it.:  15.9
      thresh= 1.587E-08 alpha_mix =  0.700 |ddv_scf|^2 =  2.748E-15

     End of electric fields calculation

          Dielectric constant in cartesian axis 

          (       2.799074530       0.000000000       0.000000000 )
          (       0.000000000       2.818950375       0.000000000 )
          (       0.000000000       0.000000000       3.047232578 )

          Effective charges (d Force / dE) in cartesian axis without acoustic sum rule applied (asr)

           atom    1  Ba    Mean Z*:        2.58098
      Ex  (        2.36948       -0.04275        0.00000 )
      Ey  (        0.19693        2.36873        0.00000 )
      Ez  (        0.00000        0.00000        3.00473 )
           atom    2  Ba    Mean Z*:        2.58098
      Ex  (        2.36948        0.04275        0.00000 )
      Ey  (       -0.19693        2.36873        0.00000 )
      Ez  (        0.00000        0.00000        3.00473 )
           atom    3  B     Mean Z*:       -0.06613
      Ex  (       -0.06596        0.00462        0.00001 )
      Ey  (        0.11921        0.04143        0.00000 )
      Ez  (        0.00002        0.00002       -0.17386 )
           atom    4  B     Mean Z*:       -0.06613
      Ex  (       -0.06596        0.00462       -0.00001 )
      Ey  (        0.11921        0.04143       -0.00000 )
      Ez  (       -0.00002       -0.00002       -0.17386 )
           atom    5  B     Mean Z*:       -0.06613
      Ex  (       -0.06596       -0.00462       -0.00001 )
      Ey  (       -0.11921        0.04143        0.00000 )
      Ez  (       -0.00002        0.00002       -0.17386 )
           atom    6  B     Mean Z*:       -0.06613
      Ex  (       -0.06596       -0.00462        0.00001 )
      Ey  (       -0.11921        0.04143       -0.00000 )
      Ez  (        0.00002       -0.00002       -0.17386 )
           atom    7  H     Mean Z*:       -0.31706
      Ex  (       -0.46810        0.10233       -0.00001 )
      Ey  (        0.12460       -0.22072        0.00000 )
      Ez  (       -0.00000        0.00000       -0.26237 )
           atom    8  H     Mean Z*:       -0.31706
      Ex  (       -0.46810        0.10233        0.00001 )
      Ey  (        0.12460       -0.22072       -0.00000 )
      Ez  (        0.00000       -0.00000       -0.26237 )
           atom    9  H     Mean Z*:       -0.31706
      Ex  (       -0.46810       -0.10233        0.00001 )
      Ey  (       -0.12460       -0.22072        0.00000 )
      Ez  (        0.00000        0.00000       -0.26237 )
           atom   10  H     Mean Z*:       -0.31706
      Ex  (       -0.46810       -0.10233       -0.00001 )
      Ey  (       -0.12460       -0.22072       -0.00000 )
      Ez  (       -0.00000       -0.00000       -0.26237 )
           atom   11  H     Mean Z*:       -0.31403
      Ex  (       -0.19471        0.04971        0.00001 )
      Ey  (       -0.04851       -0.47656        0.00001 )
      Ez  (        0.00001        0.00001       -0.27081 )
           atom   12  H     Mean Z*:       -0.31403
      Ex  (       -0.19471        0.04971       -0.00001 )
      Ey  (       -0.04851       -0.47656       -0.00001 )
      Ez  (       -0.00001       -0.00001       -0.27081 )
           atom   13  H     Mean Z*:       -0.31403
      Ex  (       -0.19471       -0.04971       -0.00001 )
      Ey  (        0.04851       -0.47656        0.00001 )
      Ez  (       -0.00001        0.00001       -0.27081 )
           atom   14  H     Mean Z*:       -0.31403
      Ex  (       -0.19471       -0.04971        0.00001 )
      Ey  (        0.04851       -0.47656       -0.00001 )
      Ez  (        0.00001       -0.00001       -0.27081 )
           atom   15  H     Mean Z*:       -0.29635
      Ex  (       -0.22793        0.17644        0.09019 )
      Ey  (        0.14812       -0.26352       -0.09934 )
      Ez  (        0.06090       -0.09930       -0.39761 )
           atom   16  H     Mean Z*:       -0.29635
      Ex  (       -0.22793        0.17644       -0.09019 )
      Ey  (        0.14812       -0.26352        0.09934 )
      Ez  (       -0.06090        0.09930       -0.39761 )
           atom   17  H     Mean Z*:       -0.29635
      Ex  (       -0.22793       -0.17644       -0.09019 )
      Ey  (       -0.14812       -0.26352       -0.09934 )
      Ez  (       -0.06090       -0.09930       -0.39761 )
           atom   18  H     Mean Z*:       -0.29635
      Ex  (       -0.22793       -0.17644        0.09019 )
      Ey  (       -0.14812       -0.26352        0.09934 )
      Ez  (        0.06090        0.09930       -0.39761 )
           atom   19  H     Mean Z*:       -0.29633
      Ex  (       -0.22794        0.17643        0.09018 )
      Ey  (        0.14813       -0.26349       -0.09932 )
      Ez  (        0.06090       -0.09927       -0.39757 )
           atom   20  H     Mean Z*:       -0.29633
      Ex  (       -0.22794        0.17643       -0.09018 )
      Ey  (        0.14813       -0.26349        0.09932 )
      Ez  (       -0.06090        0.09927       -0.39757 )
           atom   21  H     Mean Z*:       -0.29633
      Ex  (       -0.22794       -0.17643       -0.09018 )
      Ey  (       -0.14813       -0.26349       -0.09932 )
      Ez  (       -0.06090       -0.09927       -0.39757 )
           atom   22  H     Mean Z*:       -0.29633
      Ex  (       -0.22794       -0.17643        0.09018 )
      Ey  (       -0.14813       -0.26349        0.09932 )
      Ez  (        0.06090        0.09927       -0.39757 )

          Effective charges Sum: Mean:        0.00236
              0.00042        0.00000        0.00000
             -0.00000        0.00607        0.00000
             -0.00000        0.00000        0.00059

          Effective charges (d Force / dE) in cartesian axis with asr applied: 
           atom    1  Ba    Mean Z*:        2.58087
      E*x (        2.36946       -0.04275        0.00000 )
      E*y (        0.19693        2.36846        0.00000 )
      E*z (        0.00000        0.00000        3.00471 )
           atom    2  Ba    Mean Z*:        2.58087
      E*x (        2.36946        0.04275        0.00000 )
      E*y (       -0.19693        2.36846        0.00000 )
      E*z (        0.00000        0.00000        3.00471 )
           atom    3  B     Mean Z*:       -0.06624
      E*x (       -0.06598        0.00462        0.00001 )
      E*y (        0.11921        0.04116        0.00000 )
      E*z (        0.00002        0.00002       -0.17389 )
           atom    4  B     Mean Z*:       -0.06624
      E*x (       -0.06598        0.00462       -0.00001 )
      E*y (        0.11921        0.04116       -0.00000 )
      E*z (       -0.00002       -0.00002       -0.17389 )
           atom    5  B     Mean Z*:       -0.06624
      E*x (       -0.06598       -0.00462       -0.00001 )
      E*y (       -0.11921        0.04116        0.00000 )
      E*z (       -0.00002        0.00002       -0.17389 )
           atom    6  B     Mean Z*:       -0.06624
      E*x (       -0.06598       -0.00462        0.00001 )
      E*y (       -0.11921        0.04116       -0.00000 )
      E*z (        0.00002       -0.00002       -0.17389 )
           atom    7  H     Mean Z*:       -0.31717
      E*x (       -0.46812        0.10233       -0.00001 )
      E*y (        0.12460       -0.22099        0.00000 )
      E*z (       -0.00000        0.00000       -0.26240 )
           atom    8  H     Mean Z*:       -0.31717
      E*x (       -0.46812        0.10233        0.00001 )
      E*y (        0.12460       -0.22099       -0.00000 )
      E*z (        0.00000       -0.00000       -0.26240 )
           atom    9  H     Mean Z*:       -0.31717
      E*x (       -0.46812       -0.10233        0.00001 )
      E*y (       -0.12460       -0.22099        0.00000 )
      E*z (        0.00000        0.00000       -0.26240 )
           atom   10  H     Mean Z*:       -0.31717
      E*x (       -0.46812       -0.10233       -0.00001 )
      E*y (       -0.12460       -0.22099       -0.00000 )
      E*z (       -0.00000       -0.00000       -0.26240 )
           atom   11  H     Mean Z*:       -0.31413
      E*x (       -0.19473        0.04971        0.00001 )
      E*y (       -0.04851       -0.47683        0.00001 )
      E*z (        0.00001        0.00001       -0.27083 )
           atom   12  H     Mean Z*:       -0.31413
      E*x (       -0.19473        0.04971       -0.00001 )
      E*y (       -0.04851       -0.47683       -0.00001 )
      E*z (       -0.00001       -0.00001       -0.27083 )
           atom   13  H     Mean Z*:       -0.31413
      E*x (       -0.19473       -0.04971       -0.00001 )
      E*y (        0.04851       -0.47683        0.00001 )
      E*z (       -0.00001        0.00001       -0.27083 )
           atom   14  H     Mean Z*:       -0.31413
      E*x (       -0.19473       -0.04971        0.00001 )
      E*y (        0.04851       -0.47683       -0.00001 )
      E*z (        0.00001       -0.00001       -0.27083 )
           atom   15  H     Mean Z*:       -0.29646
      E*x (       -0.22795        0.17644        0.09019 )
      E*y (        0.14812       -0.26379       -0.09934 )
      E*z (        0.06090       -0.09930       -0.39764 )
           atom   16  H     Mean Z*:       -0.29646
      E*x (       -0.22795        0.17644       -0.09019 )
      E*y (        0.14812       -0.26379        0.09934 )
      E*z (       -0.06090        0.09930       -0.39764 )
           atom   17  H     Mean Z*:       -0.29646
      E*x (       -0.22795       -0.17644       -0.09019 )
      E*y (       -0.14812       -0.26379       -0.09934 )
      E*z (       -0.06090       -0.09930       -0.39764 )
           atom   18  H     Mean Z*:       -0.29646
      E*x (       -0.22795       -0.17644        0.09019 )
      E*y (       -0.14812       -0.26379        0.09934 )
      E*z (        0.06090        0.09930       -0.39764 )
           atom   19  H     Mean Z*:       -0.29644
      E*x (       -0.22795        0.17643        0.09018 )
      E*y (        0.14813       -0.26377       -0.09932 )
      E*z (        0.06090       -0.09927       -0.39759 )
           atom   20  H     Mean Z*:       -0.29644
      E*x (       -0.22795        0.17643       -0.09018 )
      E*y (        0.14813       -0.26377        0.09932 )
      E*z (       -0.06090        0.09927       -0.39759 )
           atom   21  H     Mean Z*:       -0.29644
      E*x (       -0.22795       -0.17643       -0.09018 )
      E*y (       -0.14813       -0.26377       -0.09932 )
      E*z (       -0.06090       -0.09927       -0.39759 )
           atom   22  H     Mean Z*:       -0.29644
      E*x (       -0.22795       -0.17643        0.09018 )
      E*y (       -0.14813       -0.26377        0.09932 )
      E*z (        0.06090        0.09927       -0.39759 )


     Representation #   1 mode #   1

     Self-consistent Calculation

      iter #   1 total cpu time :  5643.4 secs   av.it.:   3.0
      thresh= 1.000E-02 alpha_mix =  0.700 |ddv_scf|^2 =  1.081E-09

      iter #   2 total cpu time :  5744.5 secs   av.it.:  15.6
      thresh= 3.288E-06 alpha_mix =  0.700 |ddv_scf|^2 =  1.867E-10

      iter #   3 total cpu time :  5844.3 secs   av.it.:  15.5
      thresh= 1.366E-06 alpha_mix =  0.700 |ddv_scf|^2 =  2.099E-12

      iter #   4 total cpu time :  5945.0 secs   av.it.:  15.6
      thresh= 1.449E-07 alpha_mix =  0.700 |ddv_scf|^2 =  3.492E-14

      iter #   5 total cpu time :  6048.4 secs   av.it.:  16.0
      thresh= 1.869E-08 alpha_mix =  0.700 |ddv_scf|^2 =  1.526E-15

     End of self-consistent calculation

     Convergence has been achieved 


     Representation #   2 mode #   2

     Self-consistent Calculation

      iter #   1 total cpu time :  6121.6 secs   av.it.:   3.0
      thresh= 1.000E-02 alpha_mix =  0.700 |ddv_scf|^2 =  1.044E-09

      iter #   2 total cpu time :  6225.6 secs   av.it.:  16.0
      thresh= 3.231E-06 alpha_mix =  0.700 |ddv_scf|^2 =  3.228E-10

      iter #   3 total cpu time :  6326.2 secs   av.it.:  15.8
      thresh= 1.797E-06 alpha_mix =  0.700 |ddv_scf|^2 =  1.755E-12

      iter #   4 total cpu time :  6430.0 secs   av.it.:  16.0
      thresh= 1.325E-07 alpha_mix =  0.700 |ddv_scf|^2 =  5.099E-14

      iter #   5 total cpu time :  6532.9 secs   av.it.:  16.0
      thresh= 2.258E-08 alpha_mix =  0.700 |ddv_scf|^2 =  2.497E-15

     End of self-consistent calculation

     Convergence has been achieved 


     Representation #   3 mode #   3

     Self-consistent Calculation

      iter #   1 total cpu time :  6604.8 secs   av.it.:   3.0
      thresh= 1.000E-02 alpha_mix =  0.700 |ddv_scf|^2 =  3.842E-10

      iter #   2 total cpu time :  6708.7 secs   av.it.:  16.0
      thresh= 1.960E-06 alpha_mix =  0.700 |ddv_scf|^2 =  2.526E-11

      iter #   3 total cpu time :  6814.1 secs   av.it.:  16.0
      thresh= 5.025E-07 alpha_mix =  0.700 |ddv_scf|^2 =  2.959E-12

      iter #   4 total cpu time :  6918.6 secs   av.it.:  15.9
      thresh= 1.720E-07 alpha_mix =  0.700 |ddv_scf|^2 =  1.020E-13

      iter #   5 total cpu time :  7022.7 secs   av.it.:  15.9
      thresh= 3.194E-08 alpha_mix =  0.700 |ddv_scf|^2 =  4.256E-15

     End of self-consistent calculation

     Convergence has been achieved 


     Representation #   4 mode #   4

     Self-consistent Calculation

      iter #   1 total cpu time :  7102.7 secs   av.it.:   4.6
      thresh= 1.000E-02 alpha_mix =  0.700 |ddv_scf|^2 =  8.236E-09

      iter #   2 total cpu time :  7207.8 secs   av.it.:  16.0
      thresh= 9.075E-06 alpha_mix =  0.700 |ddv_scf|^2 =  1.468E-09

      iter #   3 total cpu time :  7309.5 secs   av.it.:  15.6
      thresh= 3.832E-06 alpha_mix =  0.700 |ddv_scf|^2 =  1.343E-11

      iter #   4 total cpu time :  7412.4 secs   av.it.:  15.9
      thresh= 3.665E-07 alpha_mix =  0.700 |ddv_scf|^2 =  1.005E-12

      iter #   5 total cpu time :  7515.3 secs   av.it.:  15.9
      thresh= 1.003E-07 alpha_mix =  0.700 |ddv_scf|^2 =  1.177E-14

      iter #   6 total cpu time :  7619.7 secs   av.it.:  16.0
      thresh= 1.085E-08 alpha_mix =  0.700 |ddv_scf|^2 =  1.956E-16

     End of self-consistent calculation

     Convergence has been achieved 


     Representation #   5 mode #   5

     Self-consistent Calculation

      iter #   1 total cpu time :  7729.1 secs   av.it.:   6.4
      thresh= 1.000E-02 alpha_mix =  0.700 |ddv_scf|^2 =  4.028E-08

      iter #   2 total cpu time :  7831.2 secs   av.it.:  15.5
      thresh= 2.007E-05 alpha_mix =  0.700 |ddv_scf|^2 =  9.686E-09

      iter #   3 total cpu time :  7929.2 secs   av.it.:  15.0
      thresh= 9.842E-06 alpha_mix =  0.700 |ddv_scf|^2 =  2.405E-11

      iter #   4 total cpu time :  8027.6 secs   av.it.:  15.3
      thresh= 4.904E-07 alpha_mix =  0.700 |ddv_scf|^2 =  6.405E-13

      iter #   5 total cpu time :  8127.1 secs   av.it.:  15.3
      thresh= 8.003E-08 alpha_mix =  0.700 |ddv_scf|^2 =  7.953E-15

     End of self-consistent calculation

     Convergence has been achieved 


     Representation #   6 mode #   6

     Self-consistent Calculation

      iter #   1 total cpu time :  8204.6 secs   av.it.:   3.0
      thresh= 1.000E-02 alpha_mix =  0.700 |ddv_scf|^2 =  1.264E-09

      iter #   2 total cpu time :  8311.3 secs   av.it.:  15.9
      thresh= 3.556E-06 alpha_mix =  0.700 |ddv_scf|^2 =  3.204E-10

      iter #   3 total cpu time :  8414.8 secs   av.it.:  15.9
      thresh= 1.790E-06 alpha_mix =  0.700 |ddv_scf|^2 =  4.204E-12

      iter #   4 total cpu time :  8516.2 secs   av.it.:  15.9
      thresh= 2.050E-07 alpha_mix =  0.700 |ddv_scf|^2 =  1.759E-13

      iter #   5 total cpu time :  8618.1 secs   av.it.:  15.9
      thresh= 4.194E-08 alpha_mix =  0.700 |ddv_scf|^2 =  5.594E-15

     End of self-consistent calculation

     Convergence has been achieved 


     Representation #   7 mode #   7

     Self-consistent Calculation

      iter #   1 total cpu time :  8689.5 secs   av.it.:   3.0
      thresh= 1.000E-02 alpha_mix =  0.700 |ddv_scf|^2 =  1.127E-09

      iter #   2 total cpu time :  8791.4 secs   av.it.:  15.9
      thresh= 3.357E-06 alpha_mix =  0.700 |ddv_scf|^2 =  9.683E-11

      iter #   3 total cpu time :  8896.1 secs   av.it.:  16.0
      thresh= 9.840E-07 alpha_mix =  0.700 |ddv_scf|^2 =  3.411E-12

      iter #   4 total cpu time :  9001.1 secs   av.it.:  15.9
      thresh= 1.847E-07 alpha_mix =  0.700 |ddv_scf|^2 =  3.654E-13

      iter #   5 total cpu time :  9104.0 secs   av.it.:  15.8
      thresh= 6.045E-08 alpha_mix =  0.700 |ddv_scf|^2 =  7.711E-15

     End of self-consistent calculation

     Convergence has been achieved 


     Representation #   8 mode #   8

     Self-consistent Calculation

      iter #   1 total cpu time :  9175.2 secs   av.it.:   3.0
      thresh= 1.000E-02 alpha_mix =  0.700 |ddv_scf|^2 =  3.971E-10

      iter #   2 total cpu time :  9279.1 secs   av.it.:  15.9
      thresh= 1.993E-06 alpha_mix =  0.700 |ddv_scf|^2 =  2.147E-11

      iter #   3 total cpu time :  9384.5 secs   av.it.:  16.0
      thresh= 4.633E-07 alpha_mix =  0.700 |ddv_scf|^2 =  1.089E-12

      iter #   4 total cpu time :  9490.1 secs   av.it.:  16.0
      thresh= 1.044E-07 alpha_mix =  0.700 |ddv_scf|^2 =  7.580E-14

      iter #   5 total cpu time :  9595.1 secs   av.it.:  16.0
      thresh= 2.753E-08 alpha_mix =  0.700 |ddv_scf|^2 =  4.587E-15

     End of self-consistent calculation

     Convergence has been achieved 


     Representation #   9 mode #   9

     Self-consistent Calculation

      iter #   1 total cpu time :  9675.1 secs   av.it.:   4.4
      thresh= 1.000E-02 alpha_mix =  0.700 |ddv_scf|^2 =  6.336E-09

      iter #   2 total cpu time :  9781.4 secs   av.it.:  16.0
      thresh= 7.960E-06 alpha_mix =  0.700 |ddv_scf|^2 =  7.793E-10

      iter #   3 total cpu time :  9885.5 secs   av.it.:  15.9
      thresh= 2.792E-06 alpha_mix =  0.700 |ddv_scf|^2 =  1.228E-11

      iter #   4 total cpu time :  9989.6 secs   av.it.:  15.9
      thresh= 3.505E-07 alpha_mix =  0.700 |ddv_scf|^2 =  1.255E-12

      iter #   5 total cpu time : 10093.6 secs   av.it.:  15.9
      thresh= 1.120E-07 alpha_mix =  0.700 |ddv_scf|^2 =  1.840E-14

      iter #   6 total cpu time : 10198.9 secs   av.it.:  16.0
      thresh= 1.357E-08 alpha_mix =  0.700 |ddv_scf|^2 =  3.247E-16

     End of self-consistent calculation

     Convergence has been achieved 


     Representation #  10 mode #  10

     Self-consistent Calculation

      iter #   1 total cpu time : 10291.3 secs   av.it.:   3.0
      thresh= 1.000E-02 alpha_mix =  0.700 |ddv_scf|^2 =  1.051E-09

      iter #   2 total cpu time : 10397.0 secs   av.it.:  16.0
      thresh= 3.242E-06 alpha_mix =  0.700 |ddv_scf|^2 =  1.553E-10

      iter #   3 total cpu time : 10501.8 secs   av.it.:  15.9
      thresh= 1.246E-06 alpha_mix =  0.700 |ddv_scf|^2 =  5.108E-12

      iter #   4 total cpu time : 10606.1 secs   av.it.:  15.9
      thresh= 2.260E-07 alpha_mix =  0.700 |ddv_scf|^2 =  1.312E-13

      iter #   5 total cpu time : 10710.5 secs   av.it.:  15.9
      thresh= 3.622E-08 alpha_mix =  0.700 |ddv_scf|^2 =  6.394E-15

     End of self-consistent calculation

     Convergence has been achieved 


     Representation #  11 mode #  11

     Self-consistent Calculation

      iter #   1 total cpu time : 10783.3 secs   av.it.:   3.0
      thresh= 1.000E-02 alpha_mix =  0.700 |ddv_scf|^2 =  5.197E-10

      iter #   2 total cpu time : 10889.5 secs   av.it.:  16.0
      thresh= 2.280E-06 alpha_mix =  0.700 |ddv_scf|^2 =  8.048E-11

      iter #   3 total cpu time : 10994.2 secs   av.it.:  15.9
      thresh= 8.971E-07 alpha_mix =  0.700 |ddv_scf|^2 =  4.642E-12

      iter #   4 total cpu time : 11097.2 secs   av.it.:  15.9
      thresh= 2.154E-07 alpha_mix =  0.700 |ddv_scf|^2 =  7.785E-14

      iter #   5 total cpu time : 11199.7 secs   av.it.:  16.0
      thresh= 2.790E-08 alpha_mix =  0.700 |ddv_scf|^2 =  4.327E-15

     End of self-consistent calculation

     Convergence has been achieved 


     Representation #  12 mode #  12

     Self-consistent Calculation

      iter #   1 total cpu time : 11272.1 secs   av.it.:   3.0
      thresh= 1.000E-02 alpha_mix =  0.700 |ddv_scf|^2 =  4.995E-10

      iter #   2 total cpu time : 11380.3 secs   av.it.:  16.0
      thresh= 2.235E-06 alpha_mix =  0.700 |ddv_scf|^2 =  7.492E-11

      iter #   3 total cpu time : 11484.8 secs   av.it.:  16.0
      thresh= 8.656E-07 alpha_mix =  0.700 |ddv_scf|^2 =  3.542E-12

      iter #   4 total cpu time : 11588.5 secs   av.it.:  15.9
      thresh= 1.882E-07 alpha_mix =  0.700 |ddv_scf|^2 =  1.610E-13

      iter #   5 total cpu time : 11692.2 secs   av.it.:  15.9
      thresh= 4.012E-08 alpha_mix =  0.700 |ddv_scf|^2 =  5.446E-15

     End of self-consistent calculation

     Convergence has been achieved 


     Representation #  13 mode #  13

     Self-consistent Calculation

      iter #   1 total cpu time : 11767.1 secs   av.it.:   3.5
      thresh= 1.000E-02 alpha_mix =  0.700 |ddv_scf|^2 =  1.388E-09

      iter #   2 total cpu time : 11871.8 secs   av.it.:  15.9
      thresh= 3.725E-06 alpha_mix =  0.700 |ddv_scf|^2 =  4.163E-10

      iter #   3 total cpu time : 11972.5 secs   av.it.:  15.7
      thresh= 2.040E-06 alpha_mix =  0.700 |ddv_scf|^2 =  2.039E-12

      iter #   4 total cpu time : 12074.7 secs   av.it.:  15.9
      thresh= 1.428E-07 alpha_mix =  0.700 |ddv_scf|^2 =  5.794E-14

      iter #   5 total cpu time : 12176.3 secs   av.it.:  15.9
      thresh= 2.407E-08 alpha_mix =  0.700 |ddv_scf|^2 =  2.914E-15

     End of self-consistent calculation

     Convergence has been achieved 


     Representation #  14 mode #  14

     Self-consistent Calculation

      iter #   1 total cpu time : 12254.7 secs   av.it.:   4.0
      thresh= 1.000E-02 alpha_mix =  0.700 |ddv_scf|^2 =  5.408E-09

      iter #   2 total cpu time : 12356.3 secs   av.it.:  15.9
      thresh= 7.354E-06 alpha_mix =  0.700 |ddv_scf|^2 =  4.567E-10

      iter #   3 total cpu time : 12457.5 secs   av.it.:  15.9
      thresh= 2.137E-06 alpha_mix =  0.700 |ddv_scf|^2 =  7.708E-12

      iter #   4 total cpu time : 12559.2 secs   av.it.:  15.9
      thresh= 2.776E-07 alpha_mix =  0.700 |ddv_scf|^2 =  1.071E-12

      iter #   5 total cpu time : 12660.0 secs   av.it.:  15.9
      thresh= 1.035E-07 alpha_mix =  0.700 |ddv_scf|^2 =  4.400E-14

      iter #   6 total cpu time : 12760.3 secs   av.it.:  15.9
      thresh= 2.098E-08 alpha_mix =  0.700 |ddv_scf|^2 =  1.880E-16

     End of self-consistent calculation

     Convergence has been achieved 


     Representation #  15 mode #  15

     Self-consistent Calculation

      iter #   1 total cpu time : 12852.3 secs   av.it.:   3.0
      thresh= 1.000E-02 alpha_mix =  0.700 |ddv_scf|^2 =  1.066E-09

      iter #   2 total cpu time : 12957.5 secs   av.it.:  16.0
      thresh= 3.265E-06 alpha_mix =  0.700 |ddv_scf|^2 =  1.643E-10

      iter #   3 total cpu time : 13062.6 secs   av.it.:  15.7
      thresh= 1.282E-06 alpha_mix =  0.700 |ddv_scf|^2 =  2.522E-12

      iter #   4 total cpu time : 13166.0 secs   av.it.:  16.0
      thresh= 1.588E-07 alpha_mix =  0.700 |ddv_scf|^2 =  8.565E-14

      iter #   5 total cpu time : 13268.9 secs   av.it.:  16.0
      thresh= 2.927E-08 alpha_mix =  0.700 |ddv_scf|^2 =  3.904E-15

     End of self-consistent calculation

     Convergence has been achieved 


     Representation #  16 mode #  16

     Self-consistent Calculation

      iter #   1 total cpu time : 13342.1 secs   av.it.:   3.0
      thresh= 1.000E-02 alpha_mix =  0.700 |ddv_scf|^2 =  1.287E-09

      iter #   2 total cpu time : 13445.9 secs   av.it.:  16.0
      thresh= 3.587E-06 alpha_mix =  0.700 |ddv_scf|^2 =  4.411E-10

      iter #   3 total cpu time : 13546.1 secs   av.it.:  15.7
      thresh= 2.100E-06 alpha_mix =  0.700 |ddv_scf|^2 =  1.331E-12

      iter #   4 total cpu time : 13649.5 secs   av.it.:  16.0
      thresh= 1.154E-07 alpha_mix =  0.700 |ddv_scf|^2 =  4.795E-14

      iter #   5 total cpu time : 13751.0 secs   av.it.:  15.9
      thresh= 2.190E-08 alpha_mix =  0.700 |ddv_scf|^2 =  3.250E-15

     End of self-consistent calculation

     Convergence has been achieved 


     Representation #  17 mode #  17

     Self-consistent Calculation

      iter #   1 total cpu time : 13830.7 secs   av.it.:   4.7
      thresh= 1.000E-02 alpha_mix =  0.700 |ddv_scf|^2 =  1.357E-08

      iter #   2 total cpu time : 13934.4 secs   av.it.:  16.0
      thresh= 1.165E-05 alpha_mix =  0.700 |ddv_scf|^2 =  7.321E-09

      iter #   3 total cpu time : 14032.0 secs   av.it.:  15.0
      thresh= 8.556E-06 alpha_mix =  0.700 |ddv_scf|^2 =  7.178E-11

      iter #   4 total cpu time : 14133.6 secs   av.it.:  15.7
      thresh= 8.472E-07 alpha_mix =  0.700 |ddv_scf|^2 =  4.540E-12

      iter #   5 total cpu time : 14235.4 secs   av.it.:  15.7
      thresh= 2.131E-07 alpha_mix =  0.700 |ddv_scf|^2 =  3.611E-13

      iter #   6 total cpu time : 14337.1 secs   av.it.:  15.8
      thresh= 6.009E-08 alpha_mix =  0.700 |ddv_scf|^2 =  7.129E-15

     End of self-consistent calculation

     Convergence has been achieved 


     Representation #  18 mode #  18

     Self-consistent Calculation

      iter #   1 total cpu time : 14430.7 secs   av.it.:   3.5
      thresh= 1.000E-02 alpha_mix =  0.700 |ddv_scf|^2 =  2.951E-09

      iter #   2 total cpu time : 14533.6 secs   av.it.:  15.9
      thresh= 5.432E-06 alpha_mix =  0.700 |ddv_scf|^2 =  1.526E-09

      iter #   3 total cpu time : 14634.0 secs   av.it.:  15.0
      thresh= 3.906E-06 alpha_mix =  0.700 |ddv_scf|^2 =  4.468E-12

      iter #   4 total cpu time : 14739.0 secs   av.it.:  15.8
      thresh= 2.114E-07 alpha_mix =  0.700 |ddv_scf|^2 =  1.113E-12

      iter #   5 total cpu time : 14840.7 secs   av.it.:  15.0
      thresh= 1.055E-07 alpha_mix =  0.700 |ddv_scf|^2 =  4.695E-14

      iter #   6 total cpu time : 14943.3 secs   av.it.:  15.0
      thresh= 2.167E-08 alpha_mix =  0.700 |ddv_scf|^2 =  4.078E-15

     End of self-consistent calculation

     Convergence has been achieved 


     Representation #  19 mode #  19

     Self-consistent Calculation

      iter #   1 total cpu time : 15015.8 secs   av.it.:   3.0
      thresh= 1.000E-02 alpha_mix =  0.700 |ddv_scf|^2 =  7.535E-10

      iter #   2 total cpu time : 15119.1 secs   av.it.:  16.0
      thresh= 2.745E-06 alpha_mix =  0.700 |ddv_scf|^2 =  1.539E-10

      iter #   3 total cpu time : 15220.7 secs   av.it.:  15.9
      thresh= 1.241E-06 alpha_mix =  0.700 |ddv_scf|^2 =  8.415E-12

      iter #   4 total cpu time : 15319.2 secs   av.it.:  15.0
      thresh= 2.901E-07 alpha_mix =  0.700 |ddv_scf|^2 =  5.890E-13

      iter #   5 total cpu time : 15419.3 secs   av.it.:  15.6
      thresh= 7.675E-08 alpha_mix =  0.700 |ddv_scf|^2 =  2.050E-14

      iter #   6 total cpu time : 15519.9 secs   av.it.:  15.8
      thresh= 1.432E-08 alpha_mix =  0.700 |ddv_scf|^2 =  2.736E-15

     End of self-consistent calculation

     Convergence has been achieved 


     Representation #  20 mode #  20

     Self-consistent Calculation

      iter #   1 total cpu time : 15593.9 secs   av.it.:   3.9
      thresh= 1.000E-02 alpha_mix =  0.700 |ddv_scf|^2 =  3.699E-09

      iter #   2 total cpu time : 15695.0 secs   av.it.:  15.7
      thresh= 6.082E-06 alpha_mix =  0.700 |ddv_scf|^2 =  1.774E-09

      iter #   3 total cpu time : 15792.8 secs   av.it.:  14.9
      thresh= 4.212E-06 alpha_mix =  0.700 |ddv_scf|^2 =  4.159E-12

      iter #   4 total cpu time : 15893.3 secs   av.it.:  15.7
      thresh= 2.039E-07 alpha_mix =  0.700 |ddv_scf|^2 =  2.306E-13

      iter #   5 total cpu time : 15991.2 secs   av.it.:  15.0
      thresh= 4.802E-08 alpha_mix =  0.700 |ddv_scf|^2 =  2.762E-14

      iter #   6 total cpu time : 16089.1 secs   av.it.:  15.0
      thresh= 1.662E-08 alpha_mix =  0.700 |ddv_scf|^2 =  2.746E-15

     End of self-consistent calculation

     Convergence has been achieved 


     Representation #  21 mode #  21

     Self-consistent Calculation

      iter #   1 total cpu time : 16162.5 secs   av.it.:   3.2
      thresh= 1.000E-02 alpha_mix =  0.700 |ddv_scf|^2 =  7.418E-09

      iter #   2 total cpu time : 16266.3 secs   av.it.:  15.6
      thresh= 8.613E-06 alpha_mix =  0.700 |ddv_scf|^2 =  5.342E-09

      iter #   3 total cpu time : 16365.8 secs   av.it.:  14.9
      thresh= 7.309E-06 alpha_mix =  0.700 |ddv_scf|^2 =  4.509E-12

      iter #   4 total cpu time : 16472.7 secs   av.it.:  16.0
      thresh= 2.123E-07 alpha_mix =  0.700 |ddv_scf|^2 =  5.919E-13

      iter #   5 total cpu time : 16578.6 secs   av.it.:  16.0
      thresh= 7.693E-08 alpha_mix =  0.700 |ddv_scf|^2 =  4.724E-14

      iter #   6 total cpu time : 16683.6 secs   av.it.:  15.9
      thresh= 2.174E-08 alpha_mix =  0.700 |ddv_scf|^2 =  3.610E-15

     End of self-consistent calculation

     Convergence has been achieved 


     Representation #  22 mode #  22

     Self-consistent Calculation

      iter #   1 total cpu time : 16775.2 secs   av.it.:   6.6
      thresh= 1.000E-02 alpha_mix =  0.700 |ddv_scf|^2 =  3.098E-08

      iter #   2 total cpu time : 16876.2 secs   av.it.:  15.4
      thresh= 1.760E-05 alpha_mix =  0.700 |ddv_scf|^2 =  5.110E-09

      iter #   3 total cpu time : 16976.4 secs   av.it.:  15.3
      thresh= 7.148E-06 alpha_mix =  0.700 |ddv_scf|^2 =  2.352E-11

      iter #   4 total cpu time : 17076.6 secs   av.it.:  15.3
      thresh= 4.850E-07 alpha_mix =  0.700 |ddv_scf|^2 =  1.756E-13

      iter #   5 total cpu time : 17178.4 secs   av.it.:  15.6
      thresh= 4.191E-08 alpha_mix =  0.700 |ddv_scf|^2 =  5.885E-15

     End of self-consistent calculation

     Convergence has been achieved 


     Representation #  23 mode #  23

     Self-consistent Calculation

      iter #   1 total cpu time : 17256.7 secs   av.it.:   3.0
      thresh= 1.000E-02 alpha_mix =  0.700 |ddv_scf|^2 =  5.670E-09

      iter #   2 total cpu time : 17357.8 secs   av.it.:  15.4
      thresh= 7.530E-06 alpha_mix =  0.700 |ddv_scf|^2 =  3.562E-09

      iter #   3 total cpu time : 17454.6 secs   av.it.:  14.9
      thresh= 5.969E-06 alpha_mix =  0.700 |ddv_scf|^2 =  1.125E-11

      iter #   4 total cpu time : 17555.5 secs   av.it.:  15.2
      thresh= 3.355E-07 alpha_mix =  0.700 |ddv_scf|^2 =  1.125E-12

      iter #   5 total cpu time : 17656.4 secs   av.it.:  15.0
      thresh= 1.060E-07 alpha_mix =  0.700 |ddv_scf|^2 =  2.576E-14

      iter #   6 total cpu time : 17761.1 secs   av.it.:  15.5
      thresh= 1.605E-08 alpha_mix =  0.700 |ddv_scf|^2 =  1.007E-15

     End of self-consistent calculation

     Convergence has been achieved 


     Representation #  24 mode #  24

     Self-consistent Calculation

      iter #   1 total cpu time : 17834.2 secs   av.it.:   3.0
      thresh= 1.000E-02 alpha_mix =  0.700 |ddv_scf|^2 =  6.603E-10

      iter #   2 total cpu time : 17941.2 secs   av.it.:  16.0
      thresh= 2.570E-06 alpha_mix =  0.700 |ddv_scf|^2 =  1.102E-10

      iter #   3 total cpu time : 18042.4 secs   av.it.:  15.7
      thresh= 1.050E-06 alpha_mix =  0.700 |ddv_scf|^2 =  8.054E-12

      iter #   4 total cpu time : 18139.5 secs   av.it.:  15.0
      thresh= 2.838E-07 alpha_mix =  0.700 |ddv_scf|^2 =  6.428E-13

      iter #   5 total cpu time : 18239.1 secs   av.it.:  15.3
      thresh= 8.018E-08 alpha_mix =  0.700 |ddv_scf|^2 =  9.846E-15

     End of self-consistent calculation

     Convergence has been achieved 


     Representation #  25 mode #  25

     Self-consistent Calculation

      iter #   1 total cpu time : 18312.4 secs   av.it.:   3.0
      thresh= 1.000E-02 alpha_mix =  0.700 |ddv_scf|^2 =  5.122E-09

      iter #   2 total cpu time : 18414.6 secs   av.it.:  15.7
      thresh= 7.156E-06 alpha_mix =  0.700 |ddv_scf|^2 =  2.728E-09

      iter #   3 total cpu time : 18515.2 secs   av.it.:  14.9
      thresh= 5.223E-06 alpha_mix =  0.700 |ddv_scf|^2 =  2.298E-11

      iter #   4 total cpu time : 18616.6 secs   av.it.:  15.0
      thresh= 4.794E-07 alpha_mix =  0.700 |ddv_scf|^2 =  1.159E-12

      iter #   5 total cpu time : 18718.9 secs   av.it.:  15.0
      thresh= 1.077E-07 alpha_mix =  0.700 |ddv_scf|^2 =  3.111E-14

      iter #   6 total cpu time : 18823.0 secs   av.it.:  15.9
      thresh= 1.764E-08 alpha_mix =  0.700 |ddv_scf|^2 =  5.293E-15

     End of self-consistent calculation

     Convergence has been achieved 


     Representation #  26 mode #  26

     Self-consistent Calculation

      iter #   1 total cpu time : 18895.8 secs   av.it.:   3.0
      thresh= 1.000E-02 alpha_mix =  0.700 |ddv_scf|^2 =  4.488E-09

      iter #   2 total cpu time : 18998.6 secs   av.it.:  15.0
      thresh= 6.700E-06 alpha_mix =  0.700 |ddv_scf|^2 =  1.527E-09

      iter #   3 total cpu time : 19098.2 secs   av.it.:  14.9
      thresh= 3.908E-06 alpha_mix =  0.700 |ddv_scf|^2 =  6.249E-12

      iter #   4 total cpu time : 19201.3 secs   av.it.:  15.1
      thresh= 2.500E-07 alpha_mix =  0.700 |ddv_scf|^2 =  1.634E-12

      iter #   5 total cpu time : 19301.4 secs   av.it.:  14.9
      thresh= 1.278E-07 alpha_mix =  0.700 |ddv_scf|^2 =  1.933E-14

      iter #   6 total cpu time : 19404.3 secs   av.it.:  15.8
      thresh= 1.390E-08 alpha_mix =  0.700 |ddv_scf|^2 =  3.296E-15

     End of self-consistent calculation

     Convergence has been achieved 


     Representation #  27 mode #  27

     Self-consistent Calculation

      iter #   1 total cpu time : 19485.5 secs   av.it.:   5.0
      thresh= 1.000E-02 alpha_mix =  0.700 |ddv_scf|^2 =  3.700E-08

      iter #   2 total cpu time : 19586.6 secs   av.it.:  15.0
      thresh= 1.923E-05 alpha_mix =  0.700 |ddv_scf|^2 =  1.611E-08

      iter #   3 total cpu time : 19684.8 secs   av.it.:  14.7
      thresh= 1.269E-05 alpha_mix =  0.700 |ddv_scf|^2 =  7.358E-11

      iter #   4 total cpu time : 19785.1 secs   av.it.:  14.9
      thresh= 8.578E-07 alpha_mix =  0.700 |ddv_scf|^2 =  5.973E-12

      iter #   5 total cpu time : 19885.0 secs   av.it.:  15.0
      thresh= 2.444E-07 alpha_mix =  0.700 |ddv_scf|^2 =  9.690E-14

      iter #   6 total cpu time : 19990.1 secs   av.it.:  15.9
      thresh= 3.113E-08 alpha_mix =  0.700 |ddv_scf|^2 =  1.555E-14

      iter #   7 total cpu time : 20092.1 secs   av.it.:  15.2
      thresh= 1.247E-08 alpha_mix =  0.700 |ddv_scf|^2 =  3.222E-16

     End of self-consistent calculation

     Convergence has been achieved 


     Representation #  28 mode #  28

     Self-consistent Calculation

      iter #   1 total cpu time : 20184.4 secs   av.it.:   3.0
      thresh= 1.000E-02 alpha_mix =  0.700 |ddv_scf|^2 =  5.951E-09

      iter #   2 total cpu time : 20285.2 secs   av.it.:  15.0
      thresh= 7.714E-06 alpha_mix =  0.700 |ddv_scf|^2 =  3.855E-09

      iter #   3 total cpu time : 20381.2 secs   av.it.:  14.1
      thresh= 6.209E-06 alpha_mix =  0.700 |ddv_scf|^2 =  1.092E-11

      iter #   4 total cpu time : 20480.1 secs   av.it.:  15.0
      thresh= 3.305E-07 alpha_mix =  0.700 |ddv_scf|^2 =  1.602E-12

      iter #   5 total cpu time : 20574.4 secs   av.it.:  14.8
      thresh= 1.266E-07 alpha_mix =  0.700 |ddv_scf|^2 =  1.940E-14

      iter #   6 total cpu time : 20675.4 secs   av.it.:  15.4
      thresh= 1.393E-08 alpha_mix =  0.700 |ddv_scf|^2 =  2.711E-15

     End of self-consistent calculation

     Convergence has been achieved 


     Representation #  29 mode #  29

     Self-consistent Calculation

      iter #   1 total cpu time : 20750.0 secs   av.it.:   3.8
      thresh= 1.000E-02 alpha_mix =  0.700 |ddv_scf|^2 =  3.220E-09

      iter #   2 total cpu time : 20854.1 secs   av.it.:  15.9
      thresh= 5.675E-06 alpha_mix =  0.700 |ddv_scf|^2 =  1.752E-09

      iter #   3 total cpu time : 20953.6 secs   av.it.:  15.0
      thresh= 4.186E-06 alpha_mix =  0.700 |ddv_scf|^2 =  1.121E-12

      iter #   4 total cpu time : 21059.3 secs   av.it.:  16.0
      thresh= 1.059E-07 alpha_mix =  0.700 |ddv_scf|^2 =  1.639E-13

      iter #   5 total cpu time : 21160.7 secs   av.it.:  15.4
      thresh= 4.048E-08 alpha_mix =  0.700 |ddv_scf|^2 =  2.914E-14

      iter #   6 total cpu time : 21259.0 secs   av.it.:  15.0
      thresh= 1.707E-08 alpha_mix =  0.700 |ddv_scf|^2 =  1.880E-15

     End of self-consistent calculation

     Convergence has been achieved 


     Representation #  30 mode #  30

     Self-consistent Calculation

      iter #   1 total cpu time : 21340.4 secs   av.it.:   5.0
      thresh= 1.000E-02 alpha_mix =  0.700 |ddv_scf|^2 =  4.727E-08

      iter #   2 total cpu time : 21442.9 secs   av.it.:  15.1
      thresh= 2.174E-05 alpha_mix =  0.700 |ddv_scf|^2 =  3.722E-08

      iter #   3 total cpu time : 21539.1 secs   av.it.:  14.3
      thresh= 1.929E-05 alpha_mix =  0.700 |ddv_scf|^2 =  2.711E-11

      iter #   4 total cpu time : 21644.8 secs   av.it.:  16.0
      thresh= 5.207E-07 alpha_mix =  0.700 |ddv_scf|^2 =  4.114E-12

      iter #   5 total cpu time : 21748.9 secs   av.it.:  16.0
      thresh= 2.028E-07 alpha_mix =  0.700 |ddv_scf|^2 =  3.381E-13

      iter #   6 total cpu time : 21852.2 secs   av.it.:  15.9
      thresh= 5.815E-08 alpha_mix =  0.700 |ddv_scf|^2 =  1.635E-14

      iter #   7 total cpu time : 21955.3 secs   av.it.:  15.9
      thresh= 1.279E-08 alpha_mix =  0.700 |ddv_scf|^2 =  1.261E-15

     End of self-consistent calculation

     Convergence has been achieved 


     Representation #  31 mode #  31

     Self-consistent Calculation

      iter #   1 total cpu time : 22047.4 secs   av.it.:   3.0
      thresh= 1.000E-02 alpha_mix =  0.700 |ddv_scf|^2 =  5.480E-09

      iter #   2 total cpu time : 22147.0 secs   av.it.:  15.0
      thresh= 7.403E-06 alpha_mix =  0.700 |ddv_scf|^2 =  3.298E-09

      iter #   3 total cpu time : 22242.4 secs   av.it.:  14.4
      thresh= 5.743E-06 alpha_mix =  0.700 |ddv_scf|^2 =  1.343E-11

      iter #   4 total cpu time : 22342.2 secs   av.it.:  15.0
      thresh= 3.665E-07 alpha_mix =  0.700 |ddv_scf|^2 =  1.466E-12

      iter #   5 total cpu time : 22439.8 secs   av.it.:  14.9
      thresh= 1.211E-07 alpha_mix =  0.700 |ddv_scf|^2 =  1.686E-14

      iter #   6 total cpu time : 22541.6 secs   av.it.:  15.0
      thresh= 1.298E-08 alpha_mix =  0.700 |ddv_scf|^2 =  5.207E-16

     End of self-consistent calculation

     Convergence has been achieved 


     Representation #  32 mode #  32

     Self-consistent Calculation

      iter #   1 total cpu time : 22615.2 secs   av.it.:   3.4
      thresh= 1.000E-02 alpha_mix =  0.700 |ddv_scf|^2 =  1.808E-09

      iter #   2 total cpu time : 22719.9 secs   av.it.:  16.0
      thresh= 4.252E-06 alpha_mix =  0.700 |ddv_scf|^2 =  9.323E-10

      iter #   3 total cpu time : 22819.3 secs   av.it.:  14.9
      thresh= 3.053E-06 alpha_mix =  0.700 |ddv_scf|^2 =  3.023E-12

      iter #   4 total cpu time : 22921.4 secs   av.it.:  15.9
      thresh= 1.739E-07 alpha_mix =  0.700 |ddv_scf|^2 =  4.210E-13

      iter #   5 total cpu time : 23021.4 secs   av.it.:  15.0
      thresh= 6.489E-08 alpha_mix =  0.700 |ddv_scf|^2 =  4.484E-14

      iter #   6 total cpu time : 23120.8 secs   av.it.:  15.0
      thresh= 2.118E-08 alpha_mix =  0.700 |ddv_scf|^2 =  3.770E-15

     End of self-consistent calculation

     Convergence has been achieved 


     Representation #  33 mode #  33

     Self-consistent Calculation

      iter #   1 total cpu time : 23194.7 secs   av.it.:   3.1
      thresh= 1.000E-02 alpha_mix =  0.700 |ddv_scf|^2 =  2.740E-09

      iter #   2 total cpu time : 23301.7 secs   av.it.:  15.9
      thresh= 5.234E-06 alpha_mix =  0.700 |ddv_scf|^2 =  1.920E-09

      iter #   3 total cpu time : 23402.4 secs   av.it.:  14.9
      thresh= 4.382E-06 alpha_mix =  0.700 |ddv_scf|^2 =  5.828E-12

      iter #   4 total cpu time : 23510.1 secs   av.it.:  16.0
      thresh= 2.414E-07 alpha_mix =  0.700 |ddv_scf|^2 =  5.611E-13

      iter #   5 total cpu time : 23616.9 secs   av.it.:  16.0
      thresh= 7.491E-08 alpha_mix =  0.700 |ddv_scf|^2 =  2.283E-14

      iter #   6 total cpu time : 23722.0 secs   av.it.:  15.9
      thresh= 1.511E-08 alpha_mix =  0.700 |ddv_scf|^2 =  3.191E-15

     End of self-consistent calculation

     Convergence has been achieved 


     Representation #  34 mode #  34

     Self-consistent Calculation

      iter #   1 total cpu time : 23793.8 secs   av.it.:   3.0
      thresh= 1.000E-02 alpha_mix =  0.700 |ddv_scf|^2 =  1.068E-09

      iter #   2 total cpu time : 23899.5 secs   av.it.:  15.9
      thresh= 3.269E-06 alpha_mix =  0.700 |ddv_scf|^2 =  3.014E-10

      iter #   3 total cpu time : 24000.3 secs   av.it.:  15.0
      thresh= 1.736E-06 alpha_mix =  0.700 |ddv_scf|^2 =  1.087E-11

      iter #   4 total cpu time : 24101.1 secs   av.it.:  15.3
      thresh= 3.296E-07 alpha_mix =  0.700 |ddv_scf|^2 =  3.926E-13

      iter #   5 total cpu time : 24202.5 secs   av.it.:  15.5
      thresh= 6.266E-08 alpha_mix =  0.700 |ddv_scf|^2 =  2.913E-14

      iter #   6 total cpu time : 24304.8 secs   av.it.:  15.0
      thresh= 1.707E-08 alpha_mix =  0.700 |ddv_scf|^2 =  1.038E-15

     End of self-consistent calculation

     Convergence has been achieved 


     Representation #  35 mode #  35

     Self-consistent Calculation

      iter #   1 total cpu time : 24378.0 secs   av.it.:   3.0
      thresh= 1.000E-02 alpha_mix =  0.700 |ddv_scf|^2 =  1.566E-09

      iter #   2 total cpu time : 24481.4 secs   av.it.:  15.9
      thresh= 3.957E-06 alpha_mix =  0.700 |ddv_scf|^2 =  3.838E-10

      iter #   3 total cpu time : 24582.5 secs   av.it.:  15.5
      thresh= 1.959E-06 alpha_mix =  0.700 |ddv_scf|^2 =  1.179E-11

      iter #   4 total cpu time : 24683.4 secs   av.it.:  15.2
      thresh= 3.433E-07 alpha_mix =  0.700 |ddv_scf|^2 =  1.025E-12

      iter #   5 total cpu time : 24783.3 secs   av.it.:  15.0
      thresh= 1.012E-07 alpha_mix =  0.700 |ddv_scf|^2 =  2.921E-14

      iter #   6 total cpu time : 24886.1 secs   av.it.:  15.9
      thresh= 1.709E-08 alpha_mix =  0.700 |ddv_scf|^2 =  1.618E-15

     End of self-consistent calculation

     Convergence has been achieved 


     Representation #  36 mode #  36

     Self-consistent Calculation

      iter #   1 total cpu time : 24965.1 secs   av.it.:   4.1
      thresh= 1.000E-02 alpha_mix =  0.700 |ddv_scf|^2 =  4.311E-09

      iter #   2 total cpu time : 25072.1 secs   av.it.:  16.0
      thresh= 6.566E-06 alpha_mix =  0.700 |ddv_scf|^2 =  2.554E-10

      iter #   3 total cpu time : 25175.8 secs   av.it.:  16.0
      thresh= 1.598E-06 alpha_mix =  0.700 |ddv_scf|^2 =  4.689E-12

      iter #   4 total cpu time : 25279.5 secs   av.it.:  16.0
      thresh= 2.165E-07 alpha_mix =  0.700 |ddv_scf|^2 =  6.137E-13

      iter #   5 total cpu time : 25381.9 secs   av.it.:  15.9
      thresh= 7.834E-08 alpha_mix =  0.700 |ddv_scf|^2 =  7.760E-14

      iter #   6 total cpu time : 25480.5 secs   av.it.:  15.0
      thresh= 2.786E-08 alpha_mix =  0.700 |ddv_scf|^2 =  7.133E-16

     End of self-consistent calculation

     Convergence has been achieved 


     Representation #  37 mode #  37

     Self-consistent Calculation

      iter #   1 total cpu time : 25571.7 secs   av.it.:   3.0
      thresh= 1.000E-02 alpha_mix =  0.700 |ddv_scf|^2 =  6.149E-10

      iter #   2 total cpu time : 25677.8 secs   av.it.:  16.0
      thresh= 2.480E-06 alpha_mix =  0.700 |ddv_scf|^2 =  8.542E-11

      iter #   3 total cpu time : 25783.7 secs   av.it.:  15.9
      thresh= 9.242E-07 alpha_mix =  0.700 |ddv_scf|^2 =  1.271E-11

      iter #   4 total cpu time : 25883.2 secs   av.it.:  15.0
      thresh= 3.565E-07 alpha_mix =  0.700 |ddv_scf|^2 =  2.262E-13

      iter #   5 total cpu time : 25984.2 secs   av.it.:  15.6
      thresh= 4.756E-08 alpha_mix =  0.700 |ddv_scf|^2 =  5.387E-15

     End of self-consistent calculation

     Convergence has been achieved 


     Representation #  38 mode #  38

     Self-consistent Calculation

      iter #   1 total cpu time : 26057.5 secs   av.it.:   3.0
      thresh= 1.000E-02 alpha_mix =  0.700 |ddv_scf|^2 =  1.225E-09

      iter #   2 total cpu time : 26163.7 secs   av.it.:  15.9
      thresh= 3.501E-06 alpha_mix =  0.700 |ddv_scf|^2 =  2.288E-10

      iter #   3 total cpu time : 26268.0 secs   av.it.:  15.7
      thresh= 1.513E-06 alpha_mix =  0.700 |ddv_scf|^2 =  5.013E-12

      iter #   4 total cpu time : 26373.8 secs   av.it.:  15.8
      thresh= 2.239E-07 alpha_mix =  0.700 |ddv_scf|^2 =  5.274E-13

      iter #   5 total cpu time : 26476.8 secs   av.it.:  15.0
      thresh= 7.262E-08 alpha_mix =  0.700 |ddv_scf|^2 =  2.354E-14

      iter #   6 total cpu time : 26577.5 secs   av.it.:  15.7
      thresh= 1.534E-08 alpha_mix =  0.700 |ddv_scf|^2 =  1.422E-15

     End of self-consistent calculation

     Convergence has been achieved 


     Representation #  39 mode #  39

     Self-consistent Calculation

      iter #   1 total cpu time : 26667.8 secs   av.it.:   6.1
      thresh= 1.000E-02 alpha_mix =  0.700 |ddv_scf|^2 =  1.704E-07

      iter #   2 total cpu time : 26771.0 secs   av.it.:  15.3
      thresh= 4.128E-05 alpha_mix =  0.700 |ddv_scf|^2 =  8.050E-08

      iter #   3 total cpu time : 26869.4 secs   av.it.:  14.9
      thresh= 2.837E-05 alpha_mix =  0.700 |ddv_scf|^2 =  3.293E-10

      iter #   4 total cpu time : 26973.4 secs   av.it.:  15.7
      thresh= 1.815E-06 alpha_mix =  0.700 |ddv_scf|^2 =  1.362E-11

      iter #   5 total cpu time : 27078.6 secs   av.it.:  15.7
      thresh= 3.690E-07 alpha_mix =  0.700 |ddv_scf|^2 =  6.058E-13

      iter #   6 total cpu time : 27180.6 secs   av.it.:  15.4
      thresh= 7.783E-08 alpha_mix =  0.700 |ddv_scf|^2 =  8.851E-14

      iter #   7 total cpu time : 27276.1 secs   av.it.:  14.6
      thresh= 2.975E-08 alpha_mix =  0.700 |ddv_scf|^2 =  7.591E-15

     End of self-consistent calculation

     Convergence has been achieved 


     Representation #  40 mode #  40

     Self-consistent Calculation

      iter #   1 total cpu time : 27360.9 secs   av.it.:   4.8
      thresh= 1.000E-02 alpha_mix =  0.700 |ddv_scf|^2 =  1.013E-08

      iter #   2 total cpu time : 27463.4 secs   av.it.:  15.9
      thresh= 1.007E-05 alpha_mix =  0.700 |ddv_scf|^2 =  2.622E-09

      iter #   3 total cpu time : 27562.7 secs   av.it.:  15.1
      thresh= 5.120E-06 alpha_mix =  0.700 |ddv_scf|^2 =  1.511E-11

      iter #   4 total cpu time : 27664.6 secs   av.it.:  15.9
      thresh= 3.887E-07 alpha_mix =  0.700 |ddv_scf|^2 =  1.156E-12

      iter #   5 total cpu time : 27765.9 secs   av.it.:  15.8
      thresh= 1.075E-07 alpha_mix =  0.700 |ddv_scf|^2 =  3.274E-14

      iter #   6 total cpu time : 27868.8 secs   av.it.:  15.6
      thresh= 1.810E-08 alpha_mix =  0.700 |ddv_scf|^2 =  3.186E-15

     End of self-consistent calculation

     Convergence has been achieved 


     Representation #  41 mode #  41

     Self-consistent Calculation

      iter #   1 total cpu time : 27964.1 secs   av.it.:   3.9
      thresh= 1.000E-02 alpha_mix =  0.700 |ddv_scf|^2 =  5.653E-09

      iter #   2 total cpu time : 28064.8 secs   av.it.:  15.7
      thresh= 7.519E-06 alpha_mix =  0.700 |ddv_scf|^2 =  3.535E-09

      iter #   3 total cpu time : 28161.4 secs   av.it.:  14.9
      thresh= 5.946E-06 alpha_mix =  0.700 |ddv_scf|^2 =  2.899E-12

      iter #   4 total cpu time : 28267.1 secs   av.it.:  15.9
      thresh= 1.703E-07 alpha_mix =  0.700 |ddv_scf|^2 =  4.499E-13

      iter #   5 total cpu time : 28369.9 secs   av.it.:  15.2
      thresh= 6.707E-08 alpha_mix =  0.700 |ddv_scf|^2 =  4.163E-14

      iter #   6 total cpu time : 28469.8 secs   av.it.:  15.0
      thresh= 2.040E-08 alpha_mix =  0.700 |ddv_scf|^2 =  9.966E-16

     End of self-consistent calculation

     Convergence has been achieved 


     Representation #  42 mode #  42

     Self-consistent Calculation

      iter #   1 total cpu time : 28541.3 secs   av.it.:   3.0
      thresh= 1.000E-02 alpha_mix =  0.700 |ddv_scf|^2 =  6.026E-10

      iter #   2 total cpu time : 28644.3 secs   av.it.:  15.9
      thresh= 2.455E-06 alpha_mix =  0.700 |ddv_scf|^2 =  3.303E-10

      iter #   3 total cpu time : 28742.7 secs   av.it.:  15.0
      thresh= 1.817E-06 alpha_mix =  0.700 |ddv_scf|^2 =  5.088E-12

      iter #   4 total cpu time : 28842.9 secs   av.it.:  15.4
      thresh= 2.256E-07 alpha_mix =  0.700 |ddv_scf|^2 =  5.382E-13

      iter #   5 total cpu time : 28943.0 secs   av.it.:  15.3
      thresh= 7.336E-08 alpha_mix =  0.700 |ddv_scf|^2 =  1.942E-14

      iter #   6 total cpu time : 29046.7 secs   av.it.:  15.4
      thresh= 1.394E-08 alpha_mix =  0.700 |ddv_scf|^2 =  1.469E-15

     End of self-consistent calculation

     Convergence has been achieved 


     Representation #  43 mode #  43

     Self-consistent Calculation

      iter #   1 total cpu time : 29137.3 secs   av.it.:   6.3
      thresh= 1.000E-02 alpha_mix =  0.700 |ddv_scf|^2 =  6.591E-08

      iter #   2 total cpu time : 29238.4 secs   av.it.:  15.7
      thresh= 2.567E-05 alpha_mix =  0.700 |ddv_scf|^2 =  2.103E-08

      iter #   3 total cpu time : 29337.7 secs   av.it.:  15.3
      thresh= 1.450E-05 alpha_mix =  0.700 |ddv_scf|^2 =  1.805E-10

      iter #   4 total cpu time : 29437.8 secs   av.it.:  15.5
      thresh= 1.344E-06 alpha_mix =  0.700 |ddv_scf|^2 =  2.093E-11

      iter #   5 total cpu time : 29536.6 secs   av.it.:  15.0
      thresh= 4.574E-07 alpha_mix =  0.700 |ddv_scf|^2 =  5.131E-13

      iter #   6 total cpu time : 29638.9 secs   av.it.:  15.9
      thresh= 7.163E-08 alpha_mix =  0.700 |ddv_scf|^2 =  2.510E-14

      iter #   7 total cpu time : 29738.2 secs   av.it.:  15.3
      thresh= 1.584E-08 alpha_mix =  0.700 |ddv_scf|^2 =  1.724E-15

     End of self-consistent calculation

     Convergence has been achieved 


     Representation #  44 mode #  44

     Self-consistent Calculation

      iter #   1 total cpu time : 29822.7 secs   av.it.:   4.1
      thresh= 1.000E-02 alpha_mix =  0.700 |ddv_scf|^2 =  4.854E-09

      iter #   2 total cpu time : 29930.4 secs   av.it.:  16.0
      thresh= 6.967E-06 alpha_mix =  0.700 |ddv_scf|^2 =  3.982E-10

      iter #   3 total cpu time : 30033.6 secs   av.it.:  15.9
      thresh= 1.996E-06 alpha_mix =  0.700 |ddv_scf|^2 =  1.073E-11

      iter #   4 total cpu time : 30137.0 secs   av.it.:  15.9
      thresh= 3.275E-07 alpha_mix =  0.700 |ddv_scf|^2 =  1.482E-12

      iter #   5 total cpu time : 30240.1 secs   av.it.:  15.9
      thresh= 1.218E-07 alpha_mix =  0.700 |ddv_scf|^2 =  3.622E-14

      iter #   6 total cpu time : 30342.4 secs   av.it.:  15.8
      thresh= 1.903E-08 alpha_mix =  0.700 |ddv_scf|^2 =  2.892E-15

     End of self-consistent calculation

     Convergence has been achieved 


     Representation #  45 mode #  45

     Self-consistent Calculation

      iter #   1 total cpu time : 30433.9 secs   av.it.:   3.0
      thresh= 1.000E-02 alpha_mix =  0.700 |ddv_scf|^2 =  1.221E-09

      iter #   2 total cpu time : 30538.2 secs   av.it.:  16.0
      thresh= 3.494E-06 alpha_mix =  0.700 |ddv_scf|^2 =  4.370E-10

      iter #   3 total cpu time : 30637.7 secs   av.it.:  15.0
      thresh= 2.090E-06 alpha_mix =  0.700 |ddv_scf|^2 =  1.031E-11

      iter #   4 total cpu time : 30739.7 secs   av.it.:  15.5
      thresh= 3.211E-07 alpha_mix =  0.700 |ddv_scf|^2 =  2.920E-13

      iter #   5 total cpu time : 30842.2 secs   av.it.:  15.8
      thresh= 5.404E-08 alpha_mix =  0.700 |ddv_scf|^2 =  2.032E-14

      iter #   6 total cpu time : 30943.3 secs   av.it.:  15.5
      thresh= 1.425E-08 alpha_mix =  0.700 |ddv_scf|^2 =  1.245E-15

     End of self-consistent calculation

     Convergence has been achieved 


     Representation #  46 mode #  46

     Self-consistent Calculation

      iter #   1 total cpu time : 31014.3 secs   av.it.:   3.0
      thresh= 1.000E-02 alpha_mix =  0.700 |ddv_scf|^2 =  4.030E-10

      iter #   2 total cpu time : 31118.6 secs   av.it.:  16.0
      thresh= 2.008E-06 alpha_mix =  0.700 |ddv_scf|^2 =  9.846E-11

      iter #   3 total cpu time : 31219.0 secs   av.it.:  15.4
      thresh= 9.923E-07 alpha_mix =  0.700 |ddv_scf|^2 =  1.350E-11

      iter #   4 total cpu time : 31319.3 secs   av.it.:  15.0
      thresh= 3.674E-07 alpha_mix =  0.700 |ddv_scf|^2 =  1.575E-13

      iter #   5 total cpu time : 31427.9 secs   av.it.:  16.0
      thresh= 3.968E-08 alpha_mix =  0.700 |ddv_scf|^2 =  1.028E-14

      iter #   6 total cpu time : 31535.3 secs   av.it.:  15.9
      thresh= 1.014E-08 alpha_mix =  0.700 |ddv_scf|^2 =  8.487E-16

     End of self-consistent calculation

     Convergence has been achieved 


     Representation #  47 mode #  47

     Self-consistent Calculation

      iter #   1 total cpu time : 31610.0 secs   av.it.:   3.3
      thresh= 1.000E-02 alpha_mix =  0.700 |ddv_scf|^2 =  1.873E-09

      iter #   2 total cpu time : 31713.2 secs   av.it.:  15.9
      thresh= 4.328E-06 alpha_mix =  0.700 |ddv_scf|^2 =  1.340E-09

      iter #   3 total cpu time : 31810.4 secs   av.it.:  14.9
      thresh= 3.661E-06 alpha_mix =  0.700 |ddv_scf|^2 =  4.150E-12

      iter #   4 total cpu time : 31914.4 secs   av.it.:  16.0
      thresh= 2.037E-07 alpha_mix =  0.700 |ddv_scf|^2 =  4.089E-13

      iter #   5 total cpu time : 32017.9 secs   av.it.:  15.9
      thresh= 6.395E-08 alpha_mix =  0.700 |ddv_scf|^2 =  1.443E-14

      iter #   6 total cpu time : 32119.4 secs   av.it.:  15.9
      thresh= 1.201E-08 alpha_mix =  0.700 |ddv_scf|^2 =  1.768E-15

     End of self-consistent calculation

     Convergence has been achieved 


     Representation #  48 mode #  48

     Self-consistent Calculation

      iter #   1 total cpu time : 32193.3 secs   av.it.:   3.0
      thresh= 1.000E-02 alpha_mix =  0.700 |ddv_scf|^2 =  1.792E-09

      iter #   2 total cpu time : 32301.6 secs   av.it.:  16.0
      thresh= 4.233E-06 alpha_mix =  0.700 |ddv_scf|^2 =  1.338E-09

      iter #   3 total cpu time : 32401.3 secs   av.it.:  14.9
      thresh= 3.658E-06 alpha_mix =  0.700 |ddv_scf|^2 =  4.127E-12

      iter #   4 total cpu time : 32506.4 secs   av.it.:  16.1
      thresh= 2.031E-07 alpha_mix =  0.700 |ddv_scf|^2 =  4.856E-13

      iter #   5 total cpu time : 32609.9 secs   av.it.:  16.0
      thresh= 6.968E-08 alpha_mix =  0.700 |ddv_scf|^2 =  1.353E-14

      iter #   6 total cpu time : 32711.7 secs   av.it.:  15.9
      thresh= 1.163E-08 alpha_mix =  0.700 |ddv_scf|^2 =  1.656E-15

     End of self-consistent calculation

     Convergence has been achieved 


     Representation #  49 mode #  49

     Self-consistent Calculation

      iter #   1 total cpu time : 32783.7 secs   av.it.:   3.0
      thresh= 1.000E-02 alpha_mix =  0.700 |ddv_scf|^2 =  1.002E-09

      iter #   2 total cpu time : 32887.3 secs   av.it.:  15.9
      thresh= 3.165E-06 alpha_mix =  0.700 |ddv_scf|^2 =  5.306E-10

      iter #   3 total cpu time : 32985.6 secs   av.it.:  14.9
      thresh= 2.304E-06 alpha_mix =  0.700 |ddv_scf|^2 =  6.589E-12

      iter #   4 total cpu time : 33086.1 secs   av.it.:  15.6
      thresh= 2.567E-07 alpha_mix =  0.700 |ddv_scf|^2 =  3.144E-13

      iter #   5 total cpu time : 33190.0 secs   av.it.:  16.0
      thresh= 5.608E-08 alpha_mix =  0.700 |ddv_scf|^2 =  1.712E-14

      iter #   6 total cpu time : 33292.6 secs   av.it.:  15.9
      thresh= 1.309E-08 alpha_mix =  0.700 |ddv_scf|^2 =  9.335E-16

     End of self-consistent calculation

     Convergence has been achieved 


     Representation #  50 mode #  50

     Self-consistent Calculation

      iter #   1 total cpu time : 33371.9 secs   av.it.:   4.1
      thresh= 1.000E-02 alpha_mix =  0.700 |ddv_scf|^2 =  7.068E-09

      iter #   2 total cpu time : 33476.1 secs   av.it.:  16.0
      thresh= 8.407E-06 alpha_mix =  0.700 |ddv_scf|^2 =  1.899E-09

      iter #   3 total cpu time : 33577.9 secs   av.it.:  15.0
      thresh= 4.358E-06 alpha_mix =  0.700 |ddv_scf|^2 =  8.723E-11

      iter #   4 total cpu time : 33677.6 secs   av.it.:  15.2
      thresh= 9.340E-07 alpha_mix =  0.700 |ddv_scf|^2 =  2.107E-12

      iter #   5 total cpu time : 33779.1 secs   av.it.:  15.8
      thresh= 1.452E-07 alpha_mix =  0.700 |ddv_scf|^2 =  3.118E-13

      iter #   6 total cpu time : 33879.4 secs   av.it.:  15.4
      thresh= 5.584E-08 alpha_mix =  0.700 |ddv_scf|^2 =  1.306E-15

     End of self-consistent calculation

     Convergence has been achieved 


     Representation #  51 mode #  51

     Self-consistent Calculation

      iter #   1 total cpu time : 33973.5 secs   av.it.:   3.2
      thresh= 1.000E-02 alpha_mix =  0.700 |ddv_scf|^2 =  1.808E-09

      iter #   2 total cpu time : 34077.4 secs   av.it.:  16.0
      thresh= 4.252E-06 alpha_mix =  0.700 |ddv_scf|^2 =  1.330E-09

      iter #   3 total cpu time : 34174.5 secs   av.it.:  14.9
      thresh= 3.646E-06 alpha_mix =  0.700 |ddv_scf|^2 =  3.014E-12

      iter #   4 total cpu time : 34279.8 secs   av.it.:  16.2
      thresh= 1.736E-07 alpha_mix =  0.700 |ddv_scf|^2 =  4.532E-13

      iter #   5 total cpu time : 34382.9 secs   av.it.:  16.0
      thresh= 6.732E-08 alpha_mix =  0.700 |ddv_scf|^2 =  2.109E-14

      iter #   6 total cpu time : 34484.5 secs   av.it.:  15.9
      thresh= 1.452E-08 alpha_mix =  0.700 |ddv_scf|^2 =  2.721E-15

     End of self-consistent calculation

     Convergence has been achieved 


     Representation #  52 mode #  52

     Self-consistent Calculation

      iter #   1 total cpu time : 34556.9 secs   av.it.:   3.0
      thresh= 1.000E-02 alpha_mix =  0.700 |ddv_scf|^2 =  1.782E-09

      iter #   2 total cpu time : 34663.4 secs   av.it.:  15.9
      thresh= 4.222E-06 alpha_mix =  0.700 |ddv_scf|^2 =  8.686E-10

      iter #   3 total cpu time : 34762.4 secs   av.it.:  15.0
      thresh= 2.947E-06 alpha_mix =  0.700 |ddv_scf|^2 =  8.114E-12

      iter #   4 total cpu time : 34865.2 secs   av.it.:  15.7
      thresh= 2.848E-07 alpha_mix =  0.700 |ddv_scf|^2 =  3.776E-13

      iter #   5 total cpu time : 34971.7 secs   av.it.:  15.9
      thresh= 6.145E-08 alpha_mix =  0.700 |ddv_scf|^2 =  4.679E-14

      iter #   6 total cpu time : 35076.6 secs   av.it.:  15.4
      thresh= 2.163E-08 alpha_mix =  0.700 |ddv_scf|^2 =  1.760E-15

     End of self-consistent calculation

     Convergence has been achieved 


     Representation #  53 mode #  53

     Self-consistent Calculation

      iter #   1 total cpu time : 35150.8 secs   av.it.:   3.0
      thresh= 1.000E-02 alpha_mix =  0.700 |ddv_scf|^2 =  1.135E-09

      iter #   2 total cpu time : 35260.3 secs   av.it.:  16.0
      thresh= 3.369E-06 alpha_mix =  0.700 |ddv_scf|^2 =  5.157E-10

      iter #   3 total cpu time : 35361.8 secs   av.it.:  15.1
      thresh= 2.271E-06 alpha_mix =  0.700 |ddv_scf|^2 =  6.912E-12

      iter #   4 total cpu time : 35462.9 secs   av.it.:  15.9
      thresh= 2.629E-07 alpha_mix =  0.700 |ddv_scf|^2 =  7.091E-13

      iter #   5 total cpu time : 35562.5 secs   av.it.:  15.3
      thresh= 8.421E-08 alpha_mix =  0.700 |ddv_scf|^2 =  5.051E-14

      iter #   6 total cpu time : 35662.6 secs   av.it.:  15.6
      thresh= 2.247E-08 alpha_mix =  0.700 |ddv_scf|^2 =  1.728E-15

     End of self-consistent calculation

     Convergence has been achieved 


     Representation #  54 modes #  54  55

     Self-consistent Calculation

      iter #   1 total cpu time : 35774.3 secs   av.it.:   3.0
      thresh= 1.000E-02 alpha_mix =  0.700 |ddv_scf|^2 =  3.141E-10

      iter #   2 total cpu time : 35985.1 secs   av.it.:  16.6
      thresh= 1.772E-06 alpha_mix =  0.700 |ddv_scf|^2 =  1.417E-10

      iter #   3 total cpu time : 36184.8 secs   av.it.:  15.5
      thresh= 1.190E-06 alpha_mix =  0.700 |ddv_scf|^2 =  1.679E-12

      iter #   4 total cpu time : 36391.9 secs   av.it.:  16.3
      thresh= 1.296E-07 alpha_mix =  0.700 |ddv_scf|^2 =  1.266E-13

      iter #   5 total cpu time : 36600.7 secs   av.it.:  16.4
      thresh= 3.558E-08 alpha_mix =  0.700 |ddv_scf|^2 =  8.059E-15

     End of self-consistent calculation

     Convergence has been achieved 


     Representation #  55 mode #  56

     Self-consistent Calculation

      iter #   1 total cpu time : 36719.3 secs   av.it.:   6.5
      thresh= 1.000E-02 alpha_mix =  0.700 |ddv_scf|^2 =  1.764E-07

      iter #   2 total cpu time : 36819.3 secs   av.it.:  15.4
      thresh= 4.200E-05 alpha_mix =  0.700 |ddv_scf|^2 =  1.184E-07

      iter #   3 total cpu time : 36916.1 secs   av.it.:  14.8
      thresh= 3.441E-05 alpha_mix =  0.700 |ddv_scf|^2 =  9.286E-11

      iter #   4 total cpu time : 37019.9 secs   av.it.:  15.9
      thresh= 9.636E-07 alpha_mix =  0.700 |ddv_scf|^2 =  1.969E-11

      iter #   5 total cpu time : 37122.5 secs   av.it.:  15.7
      thresh= 4.437E-07 alpha_mix =  0.700 |ddv_scf|^2 =  6.255E-13

      iter #   6 total cpu time : 37224.7 secs   av.it.:  15.7
      thresh= 7.909E-08 alpha_mix =  0.700 |ddv_scf|^2 =  2.773E-14

      iter #   7 total cpu time : 37322.1 secs   av.it.:  14.8
      thresh= 1.665E-08 alpha_mix =  0.700 |ddv_scf|^2 =  1.163E-15

     End of self-consistent calculation

     Convergence has been achieved 


     Representation #  56 mode #  57

     Self-consistent Calculation

      iter #   1 total cpu time : 37407.9 secs   av.it.:   5.0
      thresh= 1.000E-02 alpha_mix =  0.700 |ddv_scf|^2 =  2.232E-08

      iter #   2 total cpu time : 37512.6 secs   av.it.:  15.8
      thresh= 1.494E-05 alpha_mix =  0.700 |ddv_scf|^2 =  1.243E-08

      iter #   3 total cpu time : 37612.7 secs   av.it.:  14.9
      thresh= 1.115E-05 alpha_mix =  0.700 |ddv_scf|^2 =  4.776E-11

      iter #   4 total cpu time : 37715.5 secs   av.it.:  15.9
      thresh= 6.911E-07 alpha_mix =  0.700 |ddv_scf|^2 =  4.022E-12

      iter #   5 total cpu time : 37818.2 secs   av.it.:  15.9
      thresh= 2.006E-07 alpha_mix =  0.700 |ddv_scf|^2 =  6.637E-13

      iter #   6 total cpu time : 37920.4 secs   av.it.:  15.9
      thresh= 8.147E-08 alpha_mix =  0.700 |ddv_scf|^2 =  5.214E-15

     End of self-consistent calculation

     Convergence has been achieved 


     Representation #  57 mode #  58

     Self-consistent Calculation

      iter #   1 total cpu time : 38011.5 secs   av.it.:   3.0
      thresh= 1.000E-02 alpha_mix =  0.700 |ddv_scf|^2 =  8.533E-10

      iter #   2 total cpu time : 38117.2 secs   av.it.:  15.9
      thresh= 2.921E-06 alpha_mix =  0.700 |ddv_scf|^2 =  4.228E-10

      iter #   3 total cpu time : 38218.2 secs   av.it.:  15.0
      thresh= 2.056E-06 alpha_mix =  0.700 |ddv_scf|^2 =  6.318E-12

      iter #   4 total cpu time : 38321.7 secs   av.it.:  15.3
      thresh= 2.514E-07 alpha_mix =  0.700 |ddv_scf|^2 =  1.845E-13

      iter #   5 total cpu time : 38429.5 secs   av.it.:  16.0
      thresh= 4.295E-08 alpha_mix =  0.700 |ddv_scf|^2 =  1.291E-14

      iter #   6 total cpu time : 38535.7 secs   av.it.:  15.9
      thresh= 1.136E-08 alpha_mix =  0.700 |ddv_scf|^2 =  1.147E-15

     End of self-consistent calculation

     Convergence has been achieved 


     Representation #  58 mode #  59

     Self-consistent Calculation

      iter #   1 total cpu time : 38608.3 secs   av.it.:   3.0
      thresh= 1.000E-02 alpha_mix =  0.700 |ddv_scf|^2 =  1.109E-09

      iter #   2 total cpu time : 38715.0 secs   av.it.:  16.0
      thresh= 3.330E-06 alpha_mix =  0.700 |ddv_scf|^2 =  4.574E-10

      iter #   3 total cpu time : 38816.4 secs   av.it.:  15.0
      thresh= 2.139E-06 alpha_mix =  0.700 |ddv_scf|^2 =  8.880E-12

      iter #   4 total cpu time : 38919.9 secs   av.it.:  15.2
      thresh= 2.980E-07 alpha_mix =  0.700 |ddv_scf|^2 =  3.266E-13

      iter #   5 total cpu time : 39024.8 secs   av.it.:  15.9
      thresh= 5.715E-08 alpha_mix =  0.700 |ddv_scf|^2 =  3.503E-14

      iter #   6 total cpu time : 39128.1 secs   av.it.:  15.7
      thresh= 1.872E-08 alpha_mix =  0.700 |ddv_scf|^2 =  1.801E-15

     End of self-consistent calculation

     Convergence has been achieved 


     Representation #  59 mode #  60

     Self-consistent Calculation

      iter #   1 total cpu time : 39201.0 secs   av.it.:   3.0
      thresh= 1.000E-02 alpha_mix =  0.700 |ddv_scf|^2 =  1.464E-09

      iter #   2 total cpu time : 39305.1 secs   av.it.:  16.0
      thresh= 3.826E-06 alpha_mix =  0.700 |ddv_scf|^2 =  9.611E-10

      iter #   3 total cpu time : 39402.8 secs   av.it.:  15.0
      thresh= 3.100E-06 alpha_mix =  0.700 |ddv_scf|^2 =  4.023E-12

      iter #   4 total cpu time : 39506.9 secs   av.it.:  16.0
      thresh= 2.006E-07 alpha_mix =  0.700 |ddv_scf|^2 =  1.067E-12

      iter #   5 total cpu time : 39606.9 secs   av.it.:  15.4
      thresh= 1.033E-07 alpha_mix =  0.700 |ddv_scf|^2 =  3.773E-14

      iter #   6 total cpu time : 39707.9 secs   av.it.:  15.9
      thresh= 1.942E-08 alpha_mix =  0.700 |ddv_scf|^2 =  2.962E-15

     End of self-consistent calculation

     Convergence has been achieved 


     Representation #  60 mode #  61

     Self-consistent Calculation

      iter #   1 total cpu time : 39782.0 secs   av.it.:   3.6
      thresh= 1.000E-02 alpha_mix =  0.700 |ddv_scf|^2 =  5.885E-09

      iter #   2 total cpu time : 39882.3 secs   av.it.:  15.6
      thresh= 7.671E-06 alpha_mix =  0.700 |ddv_scf|^2 =  3.518E-09

      iter #   3 total cpu time : 39979.1 secs   av.it.:  14.9
      thresh= 5.932E-06 alpha_mix =  0.700 |ddv_scf|^2 =  7.879E-12

      iter #   4 total cpu time : 40078.4 secs   av.it.:  15.3
      thresh= 2.807E-07 alpha_mix =  0.700 |ddv_scf|^2 =  7.444E-13

      iter #   5 total cpu time : 40179.0 secs   av.it.:  15.7
      thresh= 8.628E-08 alpha_mix =  0.700 |ddv_scf|^2 =  9.332E-14

      iter #   6 total cpu time : 40277.5 secs   av.it.:  15.0
      thresh= 3.055E-08 alpha_mix =  0.700 |ddv_scf|^2 =  1.412E-15

     End of self-consistent calculation

     Convergence has been achieved 


     Representation #  61 mode #  62

     Self-consistent Calculation

      iter #   1 total cpu time : 40356.7 secs   av.it.:   4.3
      thresh= 1.000E-02 alpha_mix =  0.700 |ddv_scf|^2 =  5.982E-09

      iter #   2 total cpu time : 40459.9 secs   av.it.:  15.9
      thresh= 7.734E-06 alpha_mix =  0.700 |ddv_scf|^2 =  1.837E-09

      iter #   3 total cpu time : 40558.0 secs   av.it.:  15.0
      thresh= 4.286E-06 alpha_mix =  0.700 |ddv_scf|^2 =  7.264E-11

      iter #   4 total cpu time : 40656.1 secs   av.it.:  15.0
      thresh= 8.523E-07 alpha_mix =  0.700 |ddv_scf|^2 =  2.433E-12

      iter #   5 total cpu time : 40756.8 secs   av.it.:  15.8
      thresh= 1.560E-07 alpha_mix =  0.700 |ddv_scf|^2 =  4.472E-13

      iter #   6 total cpu time : 40856.4 secs   av.it.:  15.5
      thresh= 6.688E-08 alpha_mix =  0.700 |ddv_scf|^2 =  3.862E-15

     End of self-consistent calculation

     Convergence has been achieved 


     Representation #  62 mode #  63

     Self-consistent Calculation

      iter #   1 total cpu time : 40964.7 secs   av.it.:   6.0
      thresh= 1.000E-02 alpha_mix =  0.700 |ddv_scf|^2 =  9.560E-08

      iter #   2 total cpu time : 41064.4 secs   av.it.:  15.5
      thresh= 3.092E-05 alpha_mix =  0.700 |ddv_scf|^2 =  3.568E-08

      iter #   3 total cpu time : 41161.8 secs   av.it.:  14.9
      thresh= 1.889E-05 alpha_mix =  0.700 |ddv_scf|^2 =  4.573E-10

      iter #   4 total cpu time : 41260.4 secs   av.it.:  15.1
      thresh= 2.138E-06 alpha_mix =  0.700 |ddv_scf|^2 =  1.302E-11

      iter #   5 total cpu time : 41360.3 secs   av.it.:  15.6
      thresh= 3.608E-07 alpha_mix =  0.700 |ddv_scf|^2 =  9.456E-13

      iter #   6 total cpu time : 41460.1 secs   av.it.:  15.4
      thresh= 9.724E-08 alpha_mix =  0.700 |ddv_scf|^2 =  8.671E-14

      iter #   7 total cpu time : 41558.1 secs   av.it.:  14.6
      thresh= 2.945E-08 alpha_mix =  0.700 |ddv_scf|^2 =  5.782E-15

     End of self-consistent calculation

     Convergence has been achieved 


     Representation #  63 mode #  64

     Self-consistent Calculation

      iter #   1 total cpu time : 41638.5 secs   av.it.:   3.8
      thresh= 1.000E-02 alpha_mix =  0.700 |ddv_scf|^2 =  2.250E-09

      iter #   2 total cpu time : 41746.1 secs   av.it.:  16.0
      thresh= 4.743E-06 alpha_mix =  0.700 |ddv_scf|^2 =  9.103E-10

      iter #   3 total cpu time : 41849.8 secs   av.it.:  15.4
      thresh= 3.017E-06 alpha_mix =  0.700 |ddv_scf|^2 =  3.606E-12

      iter #   4 total cpu time : 41957.0 secs   av.it.:  15.9
      thresh= 1.899E-07 alpha_mix =  0.700 |ddv_scf|^2 =  2.587E-13

      iter #   5 total cpu time : 42061.1 secs   av.it.:  15.7
      thresh= 5.086E-08 alpha_mix =  0.700 |ddv_scf|^2 =  2.118E-14

      iter #   6 total cpu time : 42164.9 secs   av.it.:  15.5
      thresh= 1.456E-08 alpha_mix =  0.700 |ddv_scf|^2 =  2.991E-15

     End of self-consistent calculation

     Convergence has been achieved 


     Representation #  64 mode #  65

     Self-consistent Calculation

      iter #   1 total cpu time : 42238.4 secs   av.it.:   3.0
      thresh= 1.000E-02 alpha_mix =  0.700 |ddv_scf|^2 =  9.547E-10

      iter #   2 total cpu time : 42346.3 secs   av.it.:  16.0
      thresh= 3.090E-06 alpha_mix =  0.700 |ddv_scf|^2 =  3.307E-10

      iter #   3 total cpu time : 42449.8 secs   av.it.:  15.3
      thresh= 1.818E-06 alpha_mix =  0.700 |ddv_scf|^2 =  8.596E-12

      iter #   4 total cpu time : 42549.1 secs   av.it.:  15.3
      thresh= 2.932E-07 alpha_mix =  0.700 |ddv_scf|^2 =  6.157E-13

      iter #   5 total cpu time : 42647.4 secs   av.it.:  15.4
      thresh= 7.846E-08 alpha_mix =  0.700 |ddv_scf|^2 =  3.937E-14

      iter #   6 total cpu time : 42745.8 secs   av.it.:  15.7
      thresh= 1.984E-08 alpha_mix =  0.700 |ddv_scf|^2 =  2.682E-15

     End of self-consistent calculation

     Convergence has been achieved 


     Representation #  65 mode #  66

     Self-consistent Calculation

      iter #   1 total cpu time : 42818.2 secs   av.it.:   3.0
      thresh= 1.000E-02 alpha_mix =  0.700 |ddv_scf|^2 =  1.270E-09

      iter #   2 total cpu time : 42921.5 secs   av.it.:  16.1
      thresh= 3.563E-06 alpha_mix =  0.700 |ddv_scf|^2 =  5.902E-10

      iter #   3 total cpu time : 43019.1 secs   av.it.:  15.1
      thresh= 2.429E-06 alpha_mix =  0.700 |ddv_scf|^2 =  5.208E-12

      iter #   4 total cpu time : 43119.0 secs   av.it.:  15.9
      thresh= 2.282E-07 alpha_mix =  0.700 |ddv_scf|^2 =  8.102E-13

      iter #   5 total cpu time : 43219.0 secs   av.it.:  15.0
      thresh= 9.001E-08 alpha_mix =  0.700 |ddv_scf|^2 =  4.698E-14

      iter #   6 total cpu time : 43323.4 secs   av.it.:  15.4
      thresh= 2.167E-08 alpha_mix =  0.700 |ddv_scf|^2 =  2.034E-15

     End of self-consistent calculation

     Convergence has been achieved 

     Number of q in the star =    1
     List of q in the star:
          1   0.000000000   0.000000000   0.000000000

          Dielectric constant in cartesian axis 

          (       2.799074530       0.000000000       0.000000000 )
          (       0.000000000       2.818950375       0.000000000 )
          (       0.000000000       0.000000000       3.047232578 )

          Effective charges (d Force / dE) in cartesian axis without acoustic sum rule applied (asr)

           atom    1  Ba    Mean Z*:        2.58098
      Ex  (        2.36948       -0.04275        0.00000 )
      Ey  (        0.19693        2.36873        0.00000 )
      Ez  (        0.00000        0.00000        3.00473 )
           atom    2  Ba    Mean Z*:        2.58098
      Ex  (        2.36948        0.04275        0.00000 )
      Ey  (       -0.19693        2.36873        0.00000 )
      Ez  (        0.00000        0.00000        3.00473 )
           atom    3  B     Mean Z*:       -0.06613
      Ex  (       -0.06596        0.00462        0.00001 )
      Ey  (        0.11921        0.04143        0.00000 )
      Ez  (        0.00002        0.00002       -0.17386 )
           atom    4  B     Mean Z*:       -0.06613
      Ex  (       -0.06596        0.00462       -0.00001 )
      Ey  (        0.11921        0.04143       -0.00000 )
      Ez  (       -0.00002       -0.00002       -0.17386 )
           atom    5  B     Mean Z*:       -0.06613
      Ex  (       -0.06596       -0.00462       -0.00001 )
      Ey  (       -0.11921        0.04143        0.00000 )
      Ez  (       -0.00002        0.00002       -0.17386 )
           atom    6  B     Mean Z*:       -0.06613
      Ex  (       -0.06596       -0.00462        0.00001 )
      Ey  (       -0.11921        0.04143       -0.00000 )
      Ez  (        0.00002       -0.00002       -0.17386 )
           atom    7  H     Mean Z*:       -0.31706
      Ex  (       -0.46810        0.10233       -0.00001 )
      Ey  (        0.12460       -0.22072        0.00000 )
      Ez  (       -0.00000        0.00000       -0.26237 )
           atom    8  H     Mean Z*:       -0.31706
      Ex  (       -0.46810        0.10233        0.00001 )
      Ey  (        0.12460       -0.22072       -0.00000 )
      Ez  (        0.00000       -0.00000       -0.26237 )
           atom    9  H     Mean Z*:       -0.31706
      Ex  (       -0.46810       -0.10233        0.00001 )
      Ey  (       -0.12460       -0.22072        0.00000 )
      Ez  (        0.00000        0.00000       -0.26237 )
           atom   10  H     Mean Z*:       -0.31706
      Ex  (       -0.46810       -0.10233       -0.00001 )
      Ey  (       -0.12460       -0.22072       -0.00000 )
      Ez  (       -0.00000       -0.00000       -0.26237 )
           atom   11  H     Mean Z*:       -0.31403
      Ex  (       -0.19471        0.04971        0.00001 )
      Ey  (       -0.04851       -0.47656        0.00001 )
      Ez  (        0.00001        0.00001       -0.27081 )
           atom   12  H     Mean Z*:       -0.31403
      Ex  (       -0.19471        0.04971       -0.00001 )
      Ey  (       -0.04851       -0.47656       -0.00001 )
      Ez  (       -0.00001       -0.00001       -0.27081 )
           atom   13  H     Mean Z*:       -0.31403
      Ex  (       -0.19471       -0.04971       -0.00001 )
      Ey  (        0.04851       -0.47656        0.00001 )
      Ez  (       -0.00001        0.00001       -0.27081 )
           atom   14  H     Mean Z*:       -0.31403
      Ex  (       -0.19471       -0.04971        0.00001 )
      Ey  (        0.04851       -0.47656       -0.00001 )
      Ez  (        0.00001       -0.00001       -0.27081 )
           atom   15  H     Mean Z*:       -0.29635
      Ex  (       -0.22793        0.17644        0.09019 )
      Ey  (        0.14812       -0.26352       -0.09934 )
      Ez  (        0.06090       -0.09930       -0.39761 )
           atom   16  H     Mean Z*:       -0.29635
      Ex  (       -0.22793        0.17644       -0.09019 )
      Ey  (        0.14812       -0.26352        0.09934 )
      Ez  (       -0.06090        0.09930       -0.39761 )
           atom   17  H     Mean Z*:       -0.29635
      Ex  (       -0.22793       -0.17644       -0.09019 )
      Ey  (       -0.14812       -0.26352       -0.09934 )
      Ez  (       -0.06090       -0.09930       -0.39761 )
           atom   18  H     Mean Z*:       -0.29635
      Ex  (       -0.22793       -0.17644        0.09019 )
      Ey  (       -0.14812       -0.26352        0.09934 )
      Ez  (        0.06090        0.09930       -0.39761 )
           atom   19  H     Mean Z*:       -0.29633
      Ex  (       -0.22794        0.17643        0.09018 )
      Ey  (        0.14813       -0.26349       -0.09932 )
      Ez  (        0.06090       -0.09927       -0.39757 )
           atom   20  H     Mean Z*:       -0.29633
      Ex  (       -0.22794        0.17643       -0.09018 )
      Ey  (        0.14813       -0.26349        0.09932 )
      Ez  (       -0.06090        0.09927       -0.39757 )
           atom   21  H     Mean Z*:       -0.29633
      Ex  (       -0.22794       -0.17643       -0.09018 )
      Ey  (       -0.14813       -0.26349       -0.09932 )
      Ez  (       -0.06090       -0.09927       -0.39757 )
           atom   22  H     Mean Z*:       -0.29633
      Ex  (       -0.22794       -0.17643        0.09018 )
      Ey  (       -0.14813       -0.26349        0.09932 )
      Ez  (        0.06090        0.09927       -0.39757 )

          Effective charges Sum: Mean:        0.00236
              0.00042        0.00000        0.00000
             -0.00000        0.00607        0.00000
             -0.00000        0.00000        0.00059

          Effective charges (d Force / dE) in cartesian axis with asr applied: 
           atom    1  Ba    Mean Z*:        2.58087
      E*x (        2.36946       -0.04275        0.00000 )
      E*y (        0.19693        2.36846        0.00000 )
      E*z (        0.00000        0.00000        3.00471 )
           atom    2  Ba    Mean Z*:        2.58087
      E*x (        2.36946        0.04275        0.00000 )
      E*y (       -0.19693        2.36846        0.00000 )
      E*z (        0.00000        0.00000        3.00471 )
           atom    3  B     Mean Z*:       -0.06624
      E*x (       -0.06598        0.00462        0.00001 )
      E*y (        0.11921        0.04116        0.00000 )
      E*z (        0.00002        0.00002       -0.17389 )
           atom    4  B     Mean Z*:       -0.06624
      E*x (       -0.06598        0.00462       -0.00001 )
      E*y (        0.11921        0.04116       -0.00000 )
      E*z (       -0.00002       -0.00002       -0.17389 )
           atom    5  B     Mean Z*:       -0.06624
      E*x (       -0.06598       -0.00462       -0.00001 )
      E*y (       -0.11921        0.04116        0.00000 )
      E*z (       -0.00002        0.00002       -0.17389 )
           atom    6  B     Mean Z*:       -0.06624
      E*x (       -0.06598       -0.00462        0.00001 )
      E*y (       -0.11921        0.04116       -0.00000 )
      E*z (        0.00002       -0.00002       -0.17389 )
           atom    7  H     Mean Z*:       -0.31717
      E*x (       -0.46812        0.10233       -0.00001 )
      E*y (        0.12460       -0.22099        0.00000 )
      E*z (       -0.00000        0.00000       -0.26240 )
           atom    8  H     Mean Z*:       -0.31717
      E*x (       -0.46812        0.10233        0.00001 )
      E*y (        0.12460       -0.22099       -0.00000 )
      E*z (        0.00000       -0.00000       -0.26240 )
           atom    9  H     Mean Z*:       -0.31717
      E*x (       -0.46812       -0.10233        0.00001 )
      E*y (       -0.12460       -0.22099        0.00000 )
      E*z (        0.00000        0.00000       -0.26240 )
           atom   10  H     Mean Z*:       -0.31717
      E*x (       -0.46812       -0.10233       -0.00001 )
      E*y (       -0.12460       -0.22099       -0.00000 )
      E*z (       -0.00000       -0.00000       -0.26240 )
           atom   11  H     Mean Z*:       -0.31413
      E*x (       -0.19473        0.04971        0.00001 )
      E*y (       -0.04851       -0.47683        0.00001 )
      E*z (        0.00001        0.00001       -0.27083 )
           atom   12  H     Mean Z*:       -0.31413
      E*x (       -0.19473        0.04971       -0.00001 )
      E*y (       -0.04851       -0.47683       -0.00001 )
      E*z (       -0.00001       -0.00001       -0.27083 )
           atom   13  H     Mean Z*:       -0.31413
      E*x (       -0.19473       -0.04971       -0.00001 )
      E*y (        0.04851       -0.47683        0.00001 )
      E*z (       -0.00001        0.00001       -0.27083 )
           atom   14  H     Mean Z*:       -0.31413
      E*x (       -0.19473       -0.04971        0.00001 )
      E*y (        0.04851       -0.47683       -0.00001 )
      E*z (        0.00001       -0.00001       -0.27083 )
           atom   15  H     Mean Z*:       -0.29646
      E*x (       -0.22795        0.17644        0.09019 )
      E*y (        0.14812       -0.26379       -0.09934 )
      E*z (        0.06090       -0.09930       -0.39764 )
           atom   16  H     Mean Z*:       -0.29646
      E*x (       -0.22795        0.17644       -0.09019 )
      E*y (        0.14812       -0.26379        0.09934 )
      E*z (       -0.06090        0.09930       -0.39764 )
           atom   17  H     Mean Z*:       -0.29646
      E*x (       -0.22795       -0.17644       -0.09019 )
      E*y (       -0.14812       -0.26379       -0.09934 )
      E*z (       -0.06090       -0.09930       -0.39764 )
           atom   18  H     Mean Z*:       -0.29646
      E*x (       -0.22795       -0.17644        0.09019 )
      E*y (       -0.14812       -0.26379        0.09934 )
      E*z (        0.06090        0.09930       -0.39764 )
           atom   19  H     Mean Z*:       -0.29644
      E*x (       -0.22795        0.17643        0.09018 )
      E*y (        0.14813       -0.26377       -0.09932 )
      E*z (        0.06090       -0.09927       -0.39759 )
           atom   20  H     Mean Z*:       -0.29644
      E*x (       -0.22795        0.17643       -0.09018 )
      E*y (        0.14813       -0.26377        0.09932 )
      E*z (       -0.06090        0.09927       -0.39759 )
           atom   21  H     Mean Z*:       -0.29644
      E*x (       -0.22795       -0.17643       -0.09018 )
      E*y (       -0.14813       -0.26377       -0.09932 )
      E*z (       -0.06090       -0.09927       -0.39759 )
           atom   22  H     Mean Z*:       -0.29644
      E*x (       -0.22795       -0.17643        0.09018 )
      E*y (       -0.14813       -0.26377        0.09932 )
      E*z (        0.06090        0.09927       -0.39759 )

          Effective charges (d P / du) in cartesian axis 

           atom      1Ba    
      Px  (        2.37061       -0.04309        0.00000 )
      Py  (        0.19232        2.36751        0.00000 )
      Pz  (        0.00000        0.00000        3.00418 )
           atom      2Ba    
      Px  (        2.37061        0.04309        0.00000 )
      Py  (       -0.19232        2.36751        0.00000 )
      Pz  (        0.00000        0.00000        3.00418 )
           atom      3B     
      Px  (       -0.06578        0.00463        0.00010 )
      Py  (        0.11826        0.04151        0.00030 )
      Pz  (       -0.00035        0.00008       -0.17392 )
           atom      4B     
      Px  (       -0.06578        0.00463       -0.00010 )
      Py  (        0.11826        0.04151       -0.00030 )
      Pz  (        0.00035       -0.00008       -0.17392 )
           atom      5B     
      Px  (       -0.06578       -0.00463       -0.00010 )
      Py  (       -0.11826        0.04151        0.00030 )
      Pz  (        0.00035        0.00008       -0.17392 )
           atom      6B     
      Px  (       -0.06578       -0.00463        0.00010 )
      Py  (       -0.11826        0.04151       -0.00030 )
      Pz  (       -0.00035       -0.00008       -0.17392 )
           atom      7H     
      Px  (       -0.46882        0.10224       -0.00028 )
      Py  (        0.12512       -0.22107       -0.00003 )
      Pz  (        0.00005        0.00005       -0.26271 )
           atom      8H     
      Px  (       -0.46882        0.10224        0.00028 )
      Py  (        0.12512       -0.22107        0.00003 )
      Pz  (       -0.00005       -0.00005       -0.26271 )
           atom      9H     
      Px  (       -0.46882       -0.10224        0.00028 )
      Py  (       -0.12512       -0.22107       -0.00003 )
      Pz  (       -0.00005        0.00005       -0.26271 )
           atom     10H     
      Px  (       -0.46882       -0.10224       -0.00028 )
      Py  (       -0.12512       -0.22107        0.00003 )
      Pz  (        0.00005       -0.00005       -0.26271 )
           atom     11H     
      Px  (       -0.19477        0.04946        0.00014 )
      Py  (       -0.04873       -0.47765        0.00001 )
      Pz  (       -0.00026        0.00018       -0.27273 )
           atom     12H     
      Px  (       -0.19477        0.04946       -0.00014 )
      Py  (       -0.04873       -0.47765       -0.00001 )
      Pz  (        0.00026       -0.00018       -0.27273 )
           atom     13H     
      Px  (       -0.19477       -0.04946       -0.00014 )
      Py  (        0.04873       -0.47765        0.00001 )
      Pz  (        0.00026        0.00018       -0.27273 )
           atom     14H     
      Px  (       -0.19477       -0.04946        0.00014 )
      Py  (        0.04873       -0.47765       -0.00001 )
      Pz  (       -0.00026       -0.00018       -0.27273 )
           atom     15H     
      Px  (       -0.22792        0.17649        0.08994 )
      Py  (        0.14960       -0.26380       -0.09797 )
      Pz  (        0.06100       -0.09938       -0.39787 )
           atom     16H     
      Px  (       -0.22792        0.17649       -0.08994 )
      Py  (        0.14960       -0.26380        0.09797 )
      Pz  (       -0.06100        0.09938       -0.39787 )
           atom     17H     
      Px  (       -0.22792       -0.17649       -0.08994 )
      Py  (       -0.14960       -0.26380       -0.09797 )
      Pz  (       -0.06100       -0.09938       -0.39787 )
           atom     18H     
      Px  (       -0.22792       -0.17649        0.08994 )
      Py  (       -0.14960       -0.26380        0.09797 )
      Pz  (        0.06100        0.09938       -0.39787 )
           atom     19H     
      Px  (       -0.22784        0.17656        0.09017 )
      Py  (        0.14808       -0.26589       -0.09792 )
      Pz  (        0.06096       -0.09931       -0.39778 )
           atom     20H     
      Px  (       -0.22784        0.17656       -0.09017 )
      Py  (        0.14808       -0.26589        0.09792 )
      Pz  (       -0.06096        0.09931       -0.39778 )
           atom     21H     
      Px  (       -0.22784       -0.17656       -0.09017 )
      Py  (       -0.14808       -0.26589       -0.09792 )
      Pz  (       -0.06096       -0.09931       -0.39778 )
           atom     22H     
      Px  (       -0.22784       -0.17656        0.09017 )
      Py  (       -0.14808       -0.26589        0.09792 )
      Pz  (        0.06096        0.09931       -0.39778 )

     Diagonalizing the dynamical matrix

     q = (    0.000000000   0.000000000   0.000000000 ) 

 **************************************************************************
     freq (    1) =      -0.712615 [THz] =     -23.770281 [cm-1]
     freq (    2) =      -0.607827 [THz] =     -20.274919 [cm-1]
     freq (    3) =       0.412344 [THz] =      13.754331 [cm-1]
     freq (    4) =       1.835160 [THz] =      61.214345 [cm-1]
     freq (    5) =       2.287191 [THz] =      76.292481 [cm-1]
     freq (    6) =       2.340811 [THz] =      78.081064 [cm-1]
     freq (    7) =       2.387634 [THz] =      79.642895 [cm-1]
     freq (    8) =       4.092478 [THz] =     136.510376 [cm-1]
     freq (    9) =       4.250598 [THz] =     141.784695 [cm-1]
     freq (   10) =       5.614432 [THz] =     187.277293 [cm-1]
     freq (   11) =       5.822217 [THz] =     194.208270 [cm-1]
     freq (   12) =       6.167047 [THz] =     205.710550 [cm-1]
     freq (   13) =       6.355318 [THz] =     211.990606 [cm-1]
     freq (   14) =       6.478099 [THz] =     216.086107 [cm-1]
     freq (   15) =       6.478683 [THz] =     216.105615 [cm-1]
     freq (   16) =       7.065112 [THz] =     235.666758 [cm-1]
     freq (   17) =       7.690773 [THz] =     256.536586 [cm-1]
     freq (   18) =       7.946979 [THz] =     265.082679 [cm-1]
     freq (   19) =       7.977702 [THz] =     266.107483 [cm-1]
     freq (   20) =       8.798043 [THz] =     293.471141 [cm-1]
     freq (   21) =       8.836628 [THz] =     294.758180 [cm-1]
     freq (   22) =       9.033361 [THz] =     301.320502 [cm-1]
     freq (   23) =       9.236079 [THz] =     308.082424 [cm-1]
     freq (   24) =       9.273342 [THz] =     309.325405 [cm-1]
     freq (   25) =       9.560832 [THz] =     318.915012 [cm-1]
     freq (   26) =       9.603367 [THz] =     320.333856 [cm-1]
     freq (   27) =      12.053140 [THz] =     402.049481 [cm-1]
     freq (   28) =      12.168836 [THz] =     405.908675 [cm-1]
     freq (   29) =      12.391703 [THz] =     413.342734 [cm-1]
     freq (   30) =      12.676455 [THz] =     422.841015 [cm-1]
     freq (   31) =      30.299923 [THz] =    1010.696637 [cm-1]
     freq (   32) =      30.591103 [THz] =    1020.409374 [cm-1]
     freq (   33) =      30.636329 [THz] =    1021.917947 [cm-1]
     freq (   34) =      30.727938 [THz] =    1024.973693 [cm-1]
     freq (   35) =      31.953484 [THz] =    1065.853490 [cm-1]
     freq (   36) =      31.971784 [THz] =    1066.463932 [cm-1]
     freq (   37) =      32.041128 [THz] =    1068.776974 [cm-1]
     freq (   38) =      32.349177 [THz] =    1079.052402 [cm-1]
     freq (   39) =      32.514863 [THz] =    1084.579071 [cm-1]
     freq (   40) =      32.517490 [THz] =    1084.666701 [cm-1]
     freq (   41) =      32.570918 [THz] =    1086.448883 [cm-1]
     freq (   42) =      32.753676 [THz] =    1092.545046 [cm-1]
     freq (   43) =      35.654851 [THz] =    1189.317798 [cm-1]
     freq (   44) =      35.714544 [THz] =    1191.308961 [cm-1]
     freq (   45) =      35.852315 [THz] =    1195.904512 [cm-1]
     freq (   46) =      35.873409 [THz] =    1196.608112 [cm-1]
     freq (   47) =      36.387890 [THz] =    1213.769352 [cm-1]
     freq (   48) =      36.420701 [THz] =    1214.863821 [cm-1]
     freq (   49) =      36.577212 [THz] =    1220.084453 [cm-1]
     freq (   50) =      36.777376 [THz] =    1226.761222 [cm-1]
     freq (   51) =      68.455720 [THz] =    2283.437042 [cm-1]
     freq (   52) =      68.461423 [THz] =    2283.627265 [cm-1]
     freq (   53) =      68.468530 [THz] =    2283.864327 [cm-1]
     freq (   54) =      68.503456 [THz] =    2285.029348 [cm-1]
     freq (   55) =      70.078057 [THz] =    2337.552377 [cm-1]
     freq (   56) =      70.185362 [THz] =    2341.131666 [cm-1]
     freq (   57) =      70.195344 [THz] =    2341.464644 [cm-1]
     freq (   58) =      70.228485 [THz] =    2342.570094 [cm-1]
     freq (   59) =      70.474818 [THz] =    2350.786904 [cm-1]
     freq (   60) =      70.547858 [THz] =    2353.223245 [cm-1]
     freq (   61) =      70.723021 [THz] =    2359.066062 [cm-1]
     freq (   62) =      71.036931 [THz] =    2369.536977 [cm-1]
     freq (   63) =      71.288270 [THz] =    2377.920715 [cm-1]
     freq (   64) =      71.293014 [THz] =    2378.078980 [cm-1]
     freq (   65) =      71.299502 [THz] =    2378.295381 [cm-1]
     freq (   66) =      71.317985 [THz] =    2378.911923 [cm-1]
 **************************************************************************

     Mode symmetry, D_2  (222)  point group:

     freq (   1-   1) =        -23.8  [cm-1]   --> B_3             I+R
     freq (   2-   2) =        -20.3  [cm-1]   --> B_1             I+R
     freq (   3-   3) =         13.8  [cm-1]   --> B_2             I+R
     freq (   4-   4) =         61.2  [cm-1]   --> A               R  
     freq (   5-   5) =         76.3  [cm-1]   --> B_3             I+R
     freq (   6-   6) =         78.1  [cm-1]   --> A               R  
     freq (   7-   7) =         79.6  [cm-1]   --> B_2             I+R
     freq (   8-   8) =        136.5  [cm-1]   --> B_3             I+R
     freq (   9-   9) =        141.8  [cm-1]   --> B_2             I+R
     freq (  10-  10) =        187.3  [cm-1]   --> B_1             I+R
     freq (  11-  11) =        194.2  [cm-1]   --> B_1             I+R
     freq (  12-  12) =        205.7  [cm-1]   --> B_3             I+R
     freq (  13-  13) =        212.0  [cm-1]   --> B_2             I+R
     freq (  14-  14) =        216.1  [cm-1]   --> A               R  
     freq (  15-  15) =        216.1  [cm-1]   --> B_2             I+R
     freq (  16-  16) =        235.7  [cm-1]   --> B_3             I+R
     freq (  17-  17) =        256.5  [cm-1]   --> A               R  
     freq (  18-  18) =        265.1  [cm-1]   --> B_1             I+R
     freq (  19-  19) =        266.1  [cm-1]   --> B_1             I+R
     freq (  20-  20) =        293.5  [cm-1]   --> B_2             I+R
     freq (  21-  21) =        294.8  [cm-1]   --> A               R  
     freq (  22-  22) =        301.3  [cm-1]   --> B_3             I+R
     freq (  23-  23) =        308.1  [cm-1]   --> A               R  
     freq (  24-  24) =        309.3  [cm-1]   --> B_3             I+R
     freq (  25-  25) =        318.9  [cm-1]   --> B_2             I+R
     freq (  26-  26) =        320.3  [cm-1]   --> B_1             I+R
     freq (  27-  27) =        402.0  [cm-1]   --> B_1             I+R
     freq (  28-  28) =        405.9  [cm-1]   --> A               R  
     freq (  29-  29) =        413.3  [cm-1]   --> B_3             I+R
     freq (  30-  30) =        422.8  [cm-1]   --> B_2             I+R
     freq (  31-  31) =       1010.7  [cm-1]   --> B_1             I+R
     freq (  32-  32) =       1020.4  [cm-1]   --> A               R  
     freq (  33-  33) =       1021.9  [cm-1]   --> B_3             I+R
     freq (  34-  34) =       1025.0  [cm-1]   --> B_2             I+R
     freq (  35-  35) =       1065.9  [cm-1]   --> A               R  
     freq (  36-  36) =       1066.5  [cm-1]   --> B_2             I+R
     freq (  37-  37) =       1068.8  [cm-1]   --> B_3             I+R
     freq (  38-  38) =       1079.1  [cm-1]   --> B_1             I+R
     freq (  39-  39) =       1084.6  [cm-1]   --> B_3             I+R
     freq (  40-  40) =       1084.7  [cm-1]   --> A               R  
     freq (  41-  41) =       1086.4  [cm-1]   --> B_2             I+R
     freq (  42-  42) =       1092.5  [cm-1]   --> B_1             I+R
     freq (  43-  43) =       1189.3  [cm-1]   --> A               R  
     freq (  44-  44) =       1191.3  [cm-1]   --> B_2             I+R
     freq (  45-  45) =       1195.9  [cm-1]   --> B_3             I+R
     freq (  46-  46) =       1196.6  [cm-1]   --> B_1             I+R
     freq (  47-  47) =       1213.8  [cm-1]   --> B_3             I+R
     freq (  48-  48) =       1214.9  [cm-1]   --> B_2             I+R
     freq (  49-  49) =       1220.1  [cm-1]   --> B_1             I+R
     freq (  50-  50) =       1226.8  [cm-1]   --> A               R  
     freq (  51-  51) =       2283.4  [cm-1]   --> B_1             I+R
     freq (  52-  52) =       2283.6  [cm-1]   --> A               R  
     freq (  53-  53) =       2283.9  [cm-1]   --> B_3             I+R
     freq (  54-  54) =       2285.0  [cm-1]   --> B_2             I+R
     freq (  55-  55) =       2337.6  [cm-1]   --> A               R  
     freq (  56-  56) =       2341.1  [cm-1]   --> B_3             I+R
     freq (  57-  57) =       2341.5  [cm-1]   --> B_1             I+R
     freq (  58-  58) =       2342.6  [cm-1]   --> B_2             I+R
     freq (  59-  59) =       2350.8  [cm-1]   --> B_2             I+R
     freq (  60-  60) =       2353.2  [cm-1]   --> A               R  
     freq (  61-  61) =       2359.1  [cm-1]   --> B_3             I+R
     freq (  62-  62) =       2369.5  [cm-1]   --> B_1             I+R
     freq (  63-  63) =       2377.9  [cm-1]   --> B_1             I+R
     freq (  64-  64) =       2378.1  [cm-1]   --> B_3             I+R
     freq (  65-  65) =       2378.3  [cm-1]   --> B_2             I+R
     freq (  66-  66) =       2378.9  [cm-1]   --> A               R  

     Calculation of q =    0.0000000   0.0000000  -0.7989450

     Parallelization info
     --------------------
     sticks:   dense  smooth     PW     G-vecs:    dense   smooth      PW
     Min         501     250     68                26015     9198    1308
     Max         503     251     69                26017     9201    1311
     Sum       12031    6005   1637               624371   220763   31421

     Using Slab Decomposition



     bravais-lattice index     =            8
     lattice parameter (alat)  =      13.8222  a.u.
     unit-cell volume          =    1633.8810 (a.u.)^3
     number of atoms/cell      =           22
     number of atomic types    =            3
     number of electrons       =        48.00
     number of Kohn-Sham states=           24
     kinetic-energy cutoff     =     100.0000  Ry
     charge density cutoff     =     800.0000  Ry
     Exchange-correlation= PBESOL
                           (   1   4  10   8   0   0   0)

     celldm(1)=  13.822166  celldm(2)=   0.988642  celldm(3)=   0.625825
     celldm(4)=   0.000000  celldm(5)=   0.000000  celldm(6)=   0.000000

     crystal axes: (cart. coord. in units of alat)
               a(1) = (   1.000000   0.000000   0.000000 )  
               a(2) = (   0.000000   0.988642   0.000000 )  
               a(3) = (   0.000000   0.000000   0.625825 )  

     reciprocal axes: (cart. coord. in units 2 pi/alat)
               b(1) = (  1.000000  0.000000  0.000000 )  
               b(2) = (  0.000000  1.011489  0.000000 )  
               b(3) = (  0.000000  0.000000  1.597890 )  


     PseudoPot. # 1 for B  read from file:
     /home/mehlhorn/pseudos/b_pbesol_v1.4.uspp.F.UPF
     MD5 check sum: 369b69bef2c3aeed4453bd8b804fd6a8
     Pseudo is Ultrasoft + core correction, Zval =  3.0
     Generated by new atomic code, or converted to UPF format
     Using radial grid of  781 points,  4 beta functions with: 
                l(1) =   0
                l(2) =   0
                l(3) =   1
                l(4) =   1
     Q(r) pseudized with  8 coefficients,  rinner =    1.100   1.100   1.100


     PseudoPot. # 2 for Ba read from file:
     /home/mehlhorn/pseudos/Ba.nc.z_10.oncvpsp4.dojo.v4-sp.upf
     MD5 check sum: c10ed334bb677c0554edec7181ce9143
     Pseudo is Norm-conserving + core correction, Zval = 10.0
     Generated using ONCVPSP code by D. R. Hamann
     Using radial grid of 1938 points,  8 beta functions with: 
                l(1) =   0
                l(2) =   0
                l(3) =   1
                l(4) =   1
                l(5) =   2
                l(6) =   2
                l(7) =   3
                l(8) =   3

     PseudoPot. # 3 for H  read from file:
     /home/mehlhorn/pseudos/H_ONCV_PBEsol-1.0.upf
     MD5 check sum: 398ef8f67c0a7342c05c87c5e19ea467
     Pseudo is Norm-conserving, Zval =  1.0
     Generated using ONCVPSP code by D. R. Hamann
     Using radial grid of 1180 points,  2 beta functions with: 
                l(1) =   0
                l(2) =   0

     atomic species   valence    mass     pseudopotential
     B                 3.00    10.81100     B ( 1.00)
     Ba               10.00   137.32700     Ba( 1.00)
     H                 1.00     1.00794     H ( 1.00)

      4 Sym. Ops. (no inversion) found



   Cartesian axes

     site n.     atom                  positions (alat units)
         1        Ba     tau(   1) = (   0.5000000   0.4943209   0.3129269  )
         2        Ba     tau(   2) = (   0.0000000   0.0000000   0.6258110  )
         3        B      tau(   3) = (   0.6506416   0.2739151   0.0000135  )
         4        B      tau(   4) = (   0.3493584   0.7147268   0.0000135  )
         5        B      tau(   5) = (   0.1506416   0.2204059   0.3128991  )
         6        B      tau(   6) = (   0.8493584   0.7682360   0.3128991  )
         7        H      tau(   7) = (   0.4819832   0.2783418   0.0000138  )
         8        H      tau(   8) = (   0.5180168   0.7103001   0.0000138  )
         9        H      tau(   9) = (   0.9819832   0.2159792   0.3128988  )
        10        H      tau(  10) = (   0.0180168   0.7726627   0.3128988  )
        11        H      tau(  11) = (   0.7124279   0.4312567   0.0000147  )
        12        H      tau(  12) = (   0.2875721   0.5573851   0.0000147  )
        13        H      tau(  13) = (   0.2124279   0.0630642   0.3128979  )
        14        H      tau(  14) = (   0.7875721   0.9255777   0.3128979  )
        15        H      tau(  15) = (   0.7007933   0.1949551   0.4861041  )
        16        H      tau(  16) = (   0.2992067   0.7936867   0.4861041  )
        17        H      tau(  17) = (   0.2007933   0.2993658   0.4526338  )
        18        H      tau(  18) = (   0.7992067   0.6892760   0.4526338  )
        19        H      tau(  19) = (   0.2991845   0.7936807   0.1397434  )
        20        H      tau(  20) = (   0.7008155   0.1949611   0.1397434  )
        21        H      tau(  21) = (   0.7991845   0.6892821   0.1731692  )
        22        H      tau(  22) = (   0.2008155   0.2993598   0.1731692  )

     number of k points=    54
                       cart. coord. in units 2pi/alat
        k(    1) = (   0.0000000   0.0000000   0.0000000), wk =   0.0160000
        k(    2) = (   0.0000000   0.0000000  -0.7989450), wk =   0.0000000
        k(    3) = (   0.0000000   0.0000000   0.3195780), wk =   0.0320000
        k(    4) = (   0.0000000   0.0000000  -0.4793670), wk =   0.0000000
        k(    5) = (   0.0000000   0.0000000   0.6391560), wk =   0.0320000
        k(    6) = (   0.0000000   0.0000000  -0.1597890), wk =   0.0000000
        k(    7) = (   0.0000000   0.2022977   0.0000000), wk =   0.0320000
        k(    8) = (   0.0000000   0.2022977  -0.7989450), wk =   0.0000000
        k(    9) = (   0.0000000   0.2022977   0.3195780), wk =   0.0640000
        k(   10) = (   0.0000000   0.2022977  -0.4793670), wk =   0.0000000
        k(   11) = (   0.0000000   0.2022977   0.6391560), wk =   0.0640000
        k(   12) = (   0.0000000   0.2022977  -0.1597890), wk =   0.0000000
        k(   13) = (   0.0000000   0.4045955   0.0000000), wk =   0.0320000
        k(   14) = (   0.0000000   0.4045955  -0.7989450), wk =   0.0000000
        k(   15) = (   0.0000000   0.4045955   0.3195780), wk =   0.0640000
        k(   16) = (   0.0000000   0.4045955  -0.4793670), wk =   0.0000000
        k(   17) = (   0.0000000   0.4045955   0.6391560), wk =   0.0640000
        k(   18) = (   0.0000000   0.4045955  -0.1597890), wk =   0.0000000
        k(   19) = (   0.2000000   0.0000000   0.0000000), wk =   0.0320000
        k(   20) = (   0.2000000   0.0000000  -0.7989450), wk =   0.0000000
        k(   21) = (   0.2000000   0.0000000   0.3195780), wk =   0.0640000
        k(   22) = (   0.2000000   0.0000000  -0.4793670), wk =   0.0000000
        k(   23) = (   0.2000000   0.0000000   0.6391560), wk =   0.0640000
        k(   24) = (   0.2000000   0.0000000  -0.1597890), wk =   0.0000000
        k(   25) = (   0.2000000   0.2022977   0.0000000), wk =   0.0640000
        k(   26) = (   0.2000000   0.2022977  -0.7989450), wk =   0.0000000
        k(   27) = (   0.2000000   0.2022977   0.3195780), wk =   0.1280000
        k(   28) = (   0.2000000   0.2022977  -0.4793670), wk =   0.0000000
        k(   29) = (   0.2000000   0.2022977   0.6391560), wk =   0.1280000
        k(   30) = (   0.2000000   0.2022977  -0.1597890), wk =   0.0000000
        k(   31) = (   0.2000000   0.4045955   0.0000000), wk =   0.0640000
        k(   32) = (   0.2000000   0.4045955  -0.7989450), wk =   0.0000000
        k(   33) = (   0.2000000   0.4045955   0.3195780), wk =   0.1280000
        k(   34) = (   0.2000000   0.4045955  -0.4793670), wk =   0.0000000
        k(   35) = (   0.2000000   0.4045955   0.6391560), wk =   0.1280000
        k(   36) = (   0.2000000   0.4045955  -0.1597890), wk =   0.0000000
        k(   37) = (   0.4000000   0.0000000   0.0000000), wk =   0.0320000
        k(   38) = (   0.4000000   0.0000000  -0.7989450), wk =   0.0000000
        k(   39) = (   0.4000000   0.0000000   0.3195780), wk =   0.0640000
        k(   40) = (   0.4000000   0.0000000  -0.4793670), wk =   0.0000000
        k(   41) = (   0.4000000   0.0000000   0.6391560), wk =   0.0640000
        k(   42) = (   0.4000000   0.0000000  -0.1597890), wk =   0.0000000
        k(   43) = (   0.4000000   0.2022977   0.0000000), wk =   0.0640000
        k(   44) = (   0.4000000   0.2022977  -0.7989450), wk =   0.0000000
        k(   45) = (   0.4000000   0.2022977   0.3195780), wk =   0.1280000
        k(   46) = (   0.4000000   0.2022977  -0.4793670), wk =   0.0000000
        k(   47) = (   0.4000000   0.2022977   0.6391560), wk =   0.1280000
        k(   48) = (   0.4000000   0.2022977  -0.1597890), wk =   0.0000000
        k(   49) = (   0.4000000   0.4045955   0.0000000), wk =   0.0640000
        k(   50) = (   0.4000000   0.4045955  -0.7989450), wk =   0.0000000
        k(   51) = (   0.4000000   0.4045955   0.3195780), wk =   0.1280000
        k(   52) = (   0.4000000   0.4045955  -0.4793670), wk =   0.0000000
        k(   53) = (   0.4000000   0.4045955   0.6391560), wk =   0.1280000
        k(   54) = (   0.4000000   0.4045955  -0.1597890), wk =   0.0000000

     Dense  grid:   624371 G-vectors     FFT dimensions: ( 128, 128,  80)

     Smooth grid:   220763 G-vectors     FFT dimensions: (  90,  90,  60)

     Estimated max dynamical RAM per process >      55.62 MB

     Estimated total dynamical RAM >       1.30 GB

     The potential is recalculated from file :
     ./_ph0/pwscf.q_2/pwscf.save/charge-density

     Starting wfcs are   42 atomic wfcs

     Band Structure Calculation
     Davidson diagonalization with overlap

     ethr =  2.08E-11,  avg # of iterations = 22.1

     total cpu time spent up to now is      225.1 secs

     End of band structure calculation

          k = 0.0000 0.0000 0.0000 ( 27547 PWs)   bands (ev):

   -24.8759 -24.8714 -10.3628 -10.3402 -10.1339 -10.1139 -10.0376  -9.9953
    -6.7247  -5.9369  -5.4217  -5.3923  -2.5156  -1.4858  -1.3760  -1.2777
    -1.1822  -0.9955  -0.9748  -0.7035  -0.4711  -0.3095  -0.1927  -0.1718

          k = 0.0000 0.0000-0.7989 ( 27588 PWs)   bands (ev):

   -24.8586 -24.8586 -10.5509 -10.5509 -10.1378 -10.1378 -10.1273 -10.1273
    -5.7962  -5.7961  -5.5251  -5.5249  -2.1310  -2.1306  -1.8354  -1.8353
    -0.8527  -0.8524  -0.7509  -0.7506  -0.5102  -0.5102  -0.3870  -0.3866

          k = 0.0000 0.0000 0.3196 ( 27557 PWs)   bands (ev):

   -24.8703 -24.8666 -10.3025 -10.2841 -10.2328 -10.2112 -10.1198 -10.1041
    -6.3758  -5.7099  -5.5483  -5.5250  -2.2117  -1.8780  -1.7454  -1.2539
    -1.0751  -1.0306  -0.7953  -0.6434  -0.5392  -0.3695  -0.3294  -0.2777

          k = 0.0000 0.0000-0.4794 ( 27556 PWs)   bands (ev):

   -24.8651 -24.8624 -10.3904 -10.3801 -10.2419 -10.2280 -10.1111 -10.0996
    -6.0524  -5.6653  -5.6489  -5.5414  -2.0444  -1.9704  -1.9419  -1.3163
    -1.2084  -1.1035  -0.7746  -0.5208  -0.4551  -0.4459  -0.4036  -0.3531

          k = 0.0000 0.0000 0.6392 ( 27608 PWs)   bands (ev):

   -24.8607 -24.8593 -10.5085 -10.5048 -10.1816 -10.1720 -10.1135 -10.1053
    -5.7614  -5.7531  -5.7425  -5.4582  -2.1261  -2.0687  -1.8950  -1.6317
    -1.0865  -0.9336  -0.7377  -0.5840  -0.5105  -0.4803  -0.4053  -0.3679

          k = 0.0000 0.0000-0.1598 ( 27535 PWs)   bands (ev):

   -24.8744 -24.8700 -10.3467 -10.3252 -10.1297 -10.1109 -10.0938 -10.0584
    -6.6276  -5.8707  -5.4561  -5.4283  -2.4327  -1.6455  -1.4850  -1.3443
    -1.1357  -0.8453  -0.8025  -0.7730  -0.5780  -0.3233  -0.2181  -0.2165

          k = 0.0000 0.2023 0.0000 ( 27569 PWs)   bands (ev):

   -24.8755 -24.8718 -10.3489 -10.3259 -10.1530 -10.1317 -10.0335  -9.9993
    -6.6361  -5.9571  -5.5017  -5.4248  -2.3716  -1.6393  -1.4408  -1.0716
    -1.0156  -0.9874  -0.9644  -0.6992  -0.5051  -0.4464  -0.2787  -0.2373

          k = 0.0000 0.2023-0.7989 ( 27614 PWs)   bands (ev):

   -24.8586 -24.8586 -10.5553 -10.5553 -10.1359 -10.1359 -10.1228 -10.1228
    -5.8819  -5.8819  -5.4331  -5.4330  -2.2418  -2.2416  -1.7035  -1.7034
    -0.8444  -0.8442  -0.7072  -0.7070  -0.5272  -0.5269  -0.4397  -0.4395

          k = 0.0000 0.2023 0.3196 ( 27552 PWs)   bands (ev):

   -24.8699 -24.8669 -10.3000 -10.2715 -10.2260 -10.2237 -10.1217 -10.1151
    -6.3072  -5.7120  -5.6235  -5.5440  -2.1196  -1.8986  -1.7463  -1.1449
    -1.0551  -1.0043  -0.9206  -0.6159  -0.5256  -0.3993  -0.3594  -0.3401

          k = 0.0000 0.2023-0.4794 ( 27580 PWs)   bands (ev):

   -24.8649 -24.8627 -10.3975 -10.3874 -10.2251 -10.2176 -10.1153 -10.1080
    -6.0279  -5.7384  -5.6320  -5.5205  -2.0613  -2.0202  -1.8696  -1.3288
    -1.1328  -0.9876  -0.8050  -0.5674  -0.4880  -0.4516  -0.4126  -0.3936

          k = 0.0000 0.2023 0.6392 ( 27613 PWs)   bands (ev):

   -24.8606 -24.8594 -10.5132 -10.5099 -10.1714 -10.1658 -10.1136 -10.1089
    -5.8883  -5.8362  -5.5795  -5.4059  -2.1843  -2.1799  -1.7749  -1.5692
    -1.0178  -0.8451  -0.7529  -0.5849  -0.5436  -0.5268  -0.4253  -0.4111

          k = 0.0000 0.2023-0.1598 ( 27556 PWs)   bands (ev):

   -24.8740 -24.8704 -10.3340 -10.3113 -10.1525 -10.1311 -10.0862 -10.0570
    -6.5436  -5.8863  -5.5347  -5.4580  -2.3013  -1.7233  -1.5304  -1.1717
    -1.0653  -0.8604  -0.8573  -0.6962  -0.6161  -0.4164  -0.2859  -0.2685

          k = 0.0000 0.4046 0.0000 ( 27614 PWs)   bands (ev):

   -24.8743 -24.8729 -10.3149 -10.2999 -10.1867 -10.1721 -10.0229 -10.0099
    -6.4011  -6.1162  -5.5642  -5.5030  -2.0892  -1.8562  -1.2943  -0.9681
    -0.9548  -0.9112  -0.7931  -0.7322  -0.6650  -0.5865  -0.4158  -0.3959

          k = 0.0000 0.4046-0.7989 ( 27598 PWs)   bands (ev):

   -24.8585 -24.8585 -10.5622 -10.5622 -10.1347 -10.1347 -10.1139 -10.1139
    -5.9728  -5.9728  -5.3319  -5.3319  -2.3587  -2.3586  -1.5255  -1.5254
    -0.8355  -0.8354  -0.6731  -0.6730  -0.6239  -0.6236  -0.4395  -0.4395

          k = 0.0000 0.4046 0.3196 ( 27598 PWs)   bands (ev):

   -24.8690 -24.8679 -10.2865 -10.2598 -10.2383 -10.2160 -10.1331 -10.1302
    -6.1218  -5.8782  -5.6394  -5.5904  -1.9933  -1.9415  -1.5917  -1.2659
    -0.9798  -0.9414  -0.8752  -0.6783  -0.5428  -0.5349  -0.3846  -0.3703

          k = 0.0000 0.4046-0.4794 ( 27586 PWs)   bands (ev):

   -24.8642 -24.8634 -10.4051 -10.4004 -10.1966 -10.1965 -10.1266 -10.1257
    -5.9595  -5.8570  -5.5858  -5.5346  -2.0883  -2.0810  -1.6749  -1.4475
    -0.9743  -0.8365  -0.7440  -0.6694  -0.5898  -0.5094  -0.4421  -0.4278

          k = 0.0000 0.4046 0.6392 ( 27578 PWs)   bands (ev):

   -24.8602 -24.8598 -10.5198 -10.5184 -10.1538 -10.1536 -10.1162 -10.1161
    -5.9574  -5.9339  -5.4374  -5.3731  -2.2784  -2.2695  -1.5988  -1.5056
    -0.8853  -0.7645  -0.7107  -0.6995  -0.5996  -0.5546  -0.4755  -0.4517

          k = 0.0000 0.4046-0.1598 ( 27562 PWs)   bands (ev):

   -24.8729 -24.8715 -10.3019 -10.2858 -10.1884 -10.1720 -10.0736 -10.0618
    -6.3192  -6.0417  -5.5909  -5.5301  -2.0539  -1.8718  -1.3931  -1.0667
    -0.9504  -0.9413  -0.8529  -0.6756  -0.6210  -0.6149  -0.3721  -0.3702

          k = 0.2000 0.0000 0.0000 ( 27596 PWs)   bands (ev):

   -24.8755 -24.8718 -10.3467 -10.3274 -10.1511 -10.1346 -10.0335  -9.9993
    -6.6388  -5.9732  -5.4575  -5.4432  -2.3808  -1.5061  -1.4222  -1.2740
    -0.9736  -0.9711  -0.9629  -0.7104  -0.5145  -0.4120  -0.3216  -0.2470

          k = 0.2000 0.0000-0.7989 ( 27594 PWs)   bands (ev):

   -24.8586 -24.8586 -10.5558 -10.5558 -10.1374 -10.1374 -10.1213 -10.1213
    -5.8602  -5.8601  -5.4529  -5.4528  -2.2887  -2.2885  -1.6597  -1.6596
    -0.8233  -0.8231  -0.7335  -0.7333  -0.5355  -0.5354  -0.4163  -0.4159

          k = 0.2000 0.0000 0.3196 ( 27579 PWs)   bands (ev):

   -24.8699 -24.8669 -10.2889 -10.2852 -10.2244 -10.2227 -10.1289 -10.1084
    -6.3062  -5.7288  -5.5853  -5.5621  -2.1243  -1.8389  -1.7840  -1.1607
    -1.0608  -1.0077  -0.8978  -0.6075  -0.6067  -0.3805  -0.3581  -0.3219

          k = 0.2000 0.0000-0.4794 ( 27603 PWs)   bands (ev):

   -24.8649 -24.8627 -10.3977 -10.3879 -10.2304 -10.2126 -10.1188 -10.1045
    -6.0163  -5.7074  -5.6555  -5.5366  -2.1022  -1.9894  -1.8771  -1.3196
    -1.0930  -1.0291  -0.8040  -0.5701  -0.5043  -0.4403  -0.4117  -0.3812

          k = 0.2000 0.0000 0.6392 ( 27582 PWs)   bands (ev):

   -24.8606 -24.8594 -10.5137 -10.5104 -10.1746 -10.1626 -10.1165 -10.1059
    -5.8641  -5.8109  -5.6090  -5.4226  -2.2579  -2.1770  -1.7509  -1.5304
    -0.9826  -0.8775  -0.7676  -0.6126  -0.5069  -0.4983  -0.4458  -0.3991

          k = 0.2000 0.0000-0.1598 ( 27579 PWs)   bands (ev):

   -24.8740 -24.8704 -10.3311 -10.3136 -10.1490 -10.1362 -10.0866 -10.0559
    -6.5456  -5.9026  -5.4922  -5.4761  -2.3090  -1.5909  -1.5857  -1.2457
    -1.0578  -0.8810  -0.7793  -0.7440  -0.6672  -0.3890  -0.3127  -0.2634

          k = 0.2000 0.2023 0.0000 ( 27586 PWs)   bands (ev):

   -24.8751 -24.8721 -10.3579 -10.3021 -10.1838 -10.1200 -10.0302 -10.0025
    -6.5730  -6.0101  -5.5326  -5.4255  -2.2681  -1.6402  -1.4408  -1.1250
    -0.9993  -0.9411  -0.8240  -0.6978  -0.5977  -0.5247  -0.4059  -0.2171

          k = 0.2000 0.2023-0.7989 ( 27578 PWs)   bands (ev):

   -24.8586 -24.8586 -10.5612 -10.5521 -10.1373 -10.1364 -10.1279 -10.1132
    -5.9508  -5.8125  -5.5010  -5.3544  -2.3851  -2.1942  -1.8081  -1.5521
    -0.8514  -0.7705  -0.6715  -0.6607  -0.5588  -0.5584  -0.4987  -0.3722

          k = 0.2000 0.2023 0.3196 ( 27572 PWs)   bands (ev):

   -24.8697 -24.8672 -10.2990 -10.2658 -10.2433 -10.2113 -10.1328 -10.1083
    -6.2517  -5.7585  -5.6381  -5.5522  -2.0585  -1.8717  -1.7696  -1.1236
    -1.0780  -1.0050  -0.8726  -0.6295  -0.5887  -0.4057  -0.4025  -0.3155

          k = 0.2000 0.2023-0.4794 ( 27587 PWs)   bands (ev):

   -24.8647 -24.8629 -10.4012 -10.3871 -10.2389 -10.1945 -10.1277 -10.1029
    -5.9917  -5.7296  -5.6689  -5.5330  -2.1050  -2.0244  -1.8212  -1.3808
    -1.0324  -0.9519  -0.7888  -0.6030  -0.5544  -0.4645  -0.4199  -0.3427

          k = 0.2000 0.2023 0.6392 ( 27605 PWs)   bands (ev):

   -24.8605 -24.8595 -10.5181 -10.5080 -10.1794 -10.1523 -10.1177 -10.1077
    -5.9297  -5.7752  -5.6079  -5.3910  -2.2998  -2.1537  -1.7561  -1.5670
    -0.8761  -0.8341  -0.7595  -0.5973  -0.5878  -0.5089  -0.4798  -0.3545

          k = 0.2000 0.2023-0.1598 ( 27585 PWs)   bands (ev):

   -24.8736 -24.8708 -10.3420 -10.2885 -10.1852 -10.1168 -10.0840 -10.0592
    -6.4823  -5.9366  -5.5632  -5.4600  -2.2066  -1.6849  -1.5850  -1.1400
    -1.0013  -0.9093  -0.8101  -0.6974  -0.6706  -0.4627  -0.3924  -0.2465

          k = 0.2000 0.4046 0.0000 ( 27581 PWs)   bands (ev):

   -24.8742 -24.8731 -10.3456 -10.3108 -10.1770 -10.1369 -10.0216 -10.0111
    -6.3947  -6.1680  -5.5440  -5.4778  -2.0363  -1.8305  -1.3331  -1.0040
    -0.9979  -0.9648  -0.8379  -0.6409  -0.6395  -0.5675  -0.4904  -0.3187

          k = 0.2000 0.4046-0.7989 ( 27618 PWs)   bands (ev):

   -24.8585 -24.8585 -10.5610 -10.5554 -10.1365 -10.1350 -10.1243 -10.1144
    -5.9685  -5.9001  -5.4058  -5.3322  -2.3898  -2.2839  -1.7370  -1.5859
    -0.8111  -0.7297  -0.6848  -0.6089  -0.5761  -0.5712  -0.4437  -0.4081

          k = 0.2000 0.4046 0.3196 ( 27588 PWs)   bands (ev):

   -24.8689 -24.8680 -10.2953 -10.2736 -10.2368 -10.2119 -10.1302 -10.1158
    -6.1045  -5.9119  -5.6286  -5.5839  -1.9678  -1.9228  -1.6351  -1.3634
    -0.9686  -0.8912  -0.8504  -0.6764  -0.5400  -0.4658  -0.4171  -0.3778

          k = 0.2000 0.4046-0.4794 ( 27586 PWs)   bands (ev):

   -24.8641 -24.8634 -10.4011 -10.3936 -10.2259 -10.1987 -10.1245 -10.1093
    -5.9239  -5.8274  -5.6216  -5.5623  -2.1036  -2.0765  -1.6799  -1.5103
    -0.9775  -0.8600  -0.7390  -0.6331  -0.5632  -0.4625  -0.4423  -0.3877

          k = 0.2000 0.4046 0.6392 ( 27594 PWs)   bands (ev):

   -24.8602 -24.8598 -10.5179 -10.5118 -10.1715 -10.1551 -10.1155 -10.1104
    -5.9410  -5.8713  -5.4888  -5.3983  -2.3022  -2.2235  -1.6908  -1.6062
    -0.8560  -0.7813  -0.6830  -0.6071  -0.5830  -0.5218  -0.4753  -0.3911

          k = 0.2000 0.4046-0.1598 ( 27599 PWs)   bands (ev):

   -24.8727 -24.8717 -10.3306 -10.2971 -10.1783 -10.1363 -10.0739 -10.0648
    -6.3109  -6.0911  -5.5714  -5.5083  -2.0033  -1.8364  -1.4736  -1.1938
    -0.9532  -0.8755  -0.8026  -0.6707  -0.6240  -0.5815  -0.4351  -0.3283

          k = 0.4000 0.0000 0.0000 ( 27586 PWs)   bands (ev):

   -24.8743 -24.8729 -10.3100 -10.3007 -10.1857 -10.1778 -10.0230 -10.0099
    -6.4131  -6.1421  -5.5200  -5.4923  -2.0859  -1.7849  -1.1869  -1.0286
    -0.9363  -0.9310  -0.8703  -0.7334  -0.6984  -0.6155  -0.5037  -0.3879

          k = 0.4000 0.0000-0.7989 ( 27606 PWs)   bands (ev):

   -24.8585 -24.8585 -10.5635 -10.5635 -10.1370 -10.1369 -10.1117 -10.1117
    -5.9317  -5.9317  -5.3677  -5.3677  -2.4406  -2.4405  -1.4530  -1.4529
    -0.8316  -0.8315  -0.7087  -0.7087  -0.5610  -0.5609  -0.4436  -0.4434

          k = 0.4000 0.0000 0.3196 ( 27600 PWs)   bands (ev):

   -24.8690 -24.8679 -10.2767 -10.2564 -10.2511 -10.2220 -10.1367 -10.1223
    -6.1201  -5.8836  -5.6212  -5.5944  -1.9816  -1.8743  -1.6326  -1.2822
    -0.9775  -0.9210  -0.9179  -0.7590  -0.5482  -0.4774  -0.3934  -0.3851

          k = 0.4000 0.0000-0.4794 ( 27609 PWs)   bands (ev):

   -24.8642 -24.8634 -10.4057 -10.4013 -10.2046 -10.1911 -10.1307 -10.1193
    -5.9254  -5.8142  -5.6213  -5.5683  -2.1325  -2.0805  -1.6715  -1.4353
    -0.9336  -0.8022  -0.7876  -0.7458  -0.5418  -0.4941  -0.4560  -0.4129

          k = 0.4000 0.0000 0.6392 ( 27598 PWs)   bands (ev):

   -24.8602 -24.8598 -10.5210 -10.5196 -10.1594 -10.1504 -10.1192 -10.1108
    -5.9148  -5.8913  -5.4783  -5.4085  -2.3616  -2.3227  -1.5531  -1.4426
    -0.8445  -0.8055  -0.6888  -0.6867  -0.6434  -0.4966  -0.4670  -0.4576

          k = 0.4000 0.0000-0.1598 ( 27639 PWs)   bands (ev):

   -24.8729 -24.8715 -10.2953 -10.2878 -10.1861 -10.1814 -10.0731 -10.0606
    -6.3288  -6.0655  -5.5506  -5.5222  -2.0458  -1.7964  -1.3666  -1.0156
    -1.0069  -0.9408  -0.9121  -0.8003  -0.6551  -0.5208  -0.4385  -0.3714

          k = 0.4000 0.2023 0.0000 ( 27608 PWs)   bands (ev):

   -24.8742 -24.8731 -10.3445 -10.3097 -10.1782 -10.1381 -10.0217 -10.0111
    -6.4022  -6.1817  -5.5234  -5.4666  -2.0321  -1.7889  -1.2884  -1.0036
    -0.9846  -0.9493  -0.9025  -0.7142  -0.6573  -0.5828  -0.4958  -0.3235

          k = 0.4000 0.2023-0.7989 ( 27584 PWs)   bands (ev):

   -24.8585 -24.8585 -10.5618 -10.5562 -10.1377 -10.1375 -10.1218 -10.1131
    -5.9435  -5.8674  -5.4352  -5.3538  -2.4404  -2.3579  -1.6579  -1.5444
    -0.8248  -0.7223  -0.6992  -0.6670  -0.5414  -0.5337  -0.4542  -0.3639

          k = 0.4000 0.2023 0.3196 ( 27604 PWs)   bands (ev):

   -24.8689 -24.8680 -10.2923 -10.2714 -10.2421 -10.2151 -10.1298 -10.1137
    -6.1036  -5.9141  -5.6211  -5.5836  -1.9579  -1.8718  -1.6752  -1.3826
    -0.9438  -0.9046  -0.8568  -0.6973  -0.5528  -0.4759  -0.4168  -0.3731

          k = 0.4000 0.2023-0.4794 ( 27602 PWs)   bands (ev):

   -24.8641 -24.8634 -10.4016 -10.3941 -10.2270 -10.1992 -10.1241 -10.1083
    -5.9002  -5.7912  -5.6542  -5.5849  -2.1257  -2.0835  -1.6786  -1.5024
    -0.9333  -0.8548  -0.7758  -0.6578  -0.5581  -0.4655  -0.4327  -0.3734

          k = 0.4000 0.2023 0.6392 ( 27592 PWs)   bands (ev):

   -24.8602 -24.8598 -10.5186 -10.5126 -10.1724 -10.1556 -10.1154 -10.1091
    -5.9150  -5.8351  -5.5225  -5.4211  -2.3472  -2.2786  -1.6371  -1.5703
    -0.8322  -0.7891  -0.6853  -0.6610  -0.5851  -0.5064  -0.4471  -0.3667

          k = 0.4000 0.2023-0.1598 ( 27602 PWs)   bands (ev):

   -24.8727 -24.8717 -10.3294 -10.2959 -10.1802 -10.1385 -10.0735 -10.0639
    -6.3170  -6.1035  -5.5528  -5.4992  -1.9953  -1.7846  -1.4788  -1.1897
    -0.9551  -0.8622  -0.8357  -0.7337  -0.6428  -0.5710  -0.4521  -0.3303

          k = 0.4000 0.4046 0.0000 ( 27626 PWs)   bands (ev):

   -24.8739 -24.8734 -10.3642 -10.3489 -10.1351 -10.1165 -10.0183 -10.0143
    -6.3578  -6.2731  -5.4927  -5.4609  -1.9125  -1.8156  -1.3562  -1.2058
    -1.0192  -1.0023  -0.8010  -0.6713  -0.5856  -0.5553  -0.4188  -0.3168

          k = 0.4000 0.4046-0.7989 ( 27584 PWs)   bands (ev):

   -24.8585 -24.8585 -10.5535 -10.5499 -10.1385 -10.1383 -10.1300 -10.1245
    -5.8920  -5.8354  -5.4671  -5.4073  -2.3476  -2.2628  -1.8807  -1.7771
    -0.7717  -0.7371  -0.6168  -0.5973  -0.5088  -0.4887  -0.3746  -0.3328

          k = 0.4000 0.4046 0.3196 ( 27579 PWs)   bands (ev):

   -24.8686 -24.8683 -10.3042 -10.2959 -10.2272 -10.2163 -10.1136 -10.1060
    -6.0556  -5.9843  -5.6036  -5.5839  -1.9125  -1.8741  -1.6907  -1.5635
    -0.8936  -0.8595  -0.7524  -0.6642  -0.5302  -0.5100  -0.4271  -0.3622

          k = 0.4000 0.4046-0.4794 ( 27581 PWs)   bands (ev):

   -24.8639 -24.8636 -10.3905 -10.3851 -10.2436 -10.2286 -10.1077 -10.1013
    -5.8340  -5.7617  -5.6984  -5.6381  -2.1072  -2.0905  -1.6779  -1.6192
    -0.9501  -0.9066  -0.6866  -0.6176  -0.5090  -0.4739  -0.3861  -0.3319

          k = 0.4000 0.4046 0.6392 ( 27593 PWs)   bands (ev):

   -24.8601 -24.8599 -10.5097 -10.5058 -10.1824 -10.1734 -10.1098 -10.1081
    -5.8608  -5.7980  -5.5530  -5.4831  -2.2775  -2.2207  -1.7963  -1.7416
    -0.8370  -0.8057  -0.6263  -0.6004  -0.5111  -0.4934  -0.3725  -0.3207

          k = 0.4000 0.4046-0.1598 ( 27613 PWs)   bands (ev):

   -24.8724 -24.8720 -10.3482 -10.3338 -10.1354 -10.1133 -10.0754 -10.0709
    -6.2723  -6.1908  -5.5240  -5.4943  -1.8774  -1.7727  -1.5823  -1.4318
    -0.8501  -0.8093  -0.7603  -0.6718  -0.6536  -0.6094  -0.4177  -0.3327

     highest occupied level (ev):    -0.1718

     Writing config to output data dir ./_ph0/pwscf.q_2/pwscf.save/ :
     XML data file

                                                                                

     bravais-lattice index     =            8
     lattice parameter (alat)  =      13.8222  a.u.
     unit-cell volume          =    1633.8810 (a.u.)^3
     number of atoms/cell      =           22
     number of atomic types    =            3
     kinetic-energy cut-off    =     100.0000  Ry
     charge density cut-off    =     800.0000  Ry
     convergence threshold     =      1.0E-14
     beta                      =       0.7000
     number of iterations used =            4
     Exchange-correlation= PBESOL
                           (   1   4  10   8   0   0   0)


     celldm(1)=   13.82217  celldm(2)=    0.98864  celldm(3)=    0.62583
     celldm(4)=    0.00000  celldm(5)=    0.00000  celldm(6)=    0.00000

     crystal axes: (cart. coord. in units of alat)
               a(1) = (  1.0000  0.0000  0.0000 )  
               a(2) = (  0.0000  0.9886  0.0000 )  
               a(3) = (  0.0000  0.0000  0.6258 )  

     reciprocal axes: (cart. coord. in units 2 pi/alat)
               b(1) = (  1.0000  0.0000  0.0000 )  
               b(2) = (  0.0000  1.0115  0.0000 )  
               b(3) = (  0.0000  0.0000  1.5979 )  


     Atoms inside the unit cell: 

     Cartesian axes

     site n.  atom      mass           positions (alat units)
        1  Ba    137.3270   tau(    1) = (    0.50000    0.49432    0.31293  )
        2  Ba    137.3270   tau(    2) = (    0.00000    0.00000    0.62581  )
        3  B      10.8110   tau(    3) = (    0.65064    0.27392    0.00001  )
        4  B      10.8110   tau(    4) = (    0.34936    0.71473    0.00001  )
        5  B      10.8110   tau(    5) = (    0.15064    0.22041    0.31290  )
        6  B      10.8110   tau(    6) = (    0.84936    0.76824    0.31290  )
        7  H       1.0079   tau(    7) = (    0.48198    0.27834    0.00001  )
        8  H       1.0079   tau(    8) = (    0.51802    0.71030    0.00001  )
        9  H       1.0079   tau(    9) = (    0.98198    0.21598    0.31290  )
       10  H       1.0079   tau(   10) = (    0.01802    0.77266    0.31290  )
       11  H       1.0079   tau(   11) = (    0.71243    0.43126    0.00001  )
       12  H       1.0079   tau(   12) = (    0.28757    0.55739    0.00001  )
       13  H       1.0079   tau(   13) = (    0.21243    0.06306    0.31290  )
       14  H       1.0079   tau(   14) = (    0.78757    0.92558    0.31290  )
       15  H       1.0079   tau(   15) = (    0.70079    0.19496    0.48610  )
       16  H       1.0079   tau(   16) = (    0.29921    0.79369    0.48610  )
       17  H       1.0079   tau(   17) = (    0.20079    0.29937    0.45263  )
       18  H       1.0079   tau(   18) = (    0.79921    0.68928    0.45263  )
       19  H       1.0079   tau(   19) = (    0.29918    0.79368    0.13974  )
       20  H       1.0079   tau(   20) = (    0.70082    0.19496    0.13974  )
       21  H       1.0079   tau(   21) = (    0.79918    0.68928    0.17317  )
       22  H       1.0079   tau(   22) = (    0.20082    0.29936    0.17317  )

     Computing dynamical matrix for 
                    q = (   0.0000000   0.0000000  -0.7989450 )

      5 Sym.Ops. (with q -> -q+G )


     G cutoff = 3871.5285  (  26017 G-vectors)     FFT grid: (128,128, 80)
     G cutoff = 1935.7643  (   9200 G-vectors)  smooth grid: ( 90, 90, 60)
     number of k points=    54

     PseudoPot. # 1 for B  read from file:
     /home/mehlhorn/pseudos/b_pbesol_v1.4.uspp.F.UPF
     MD5 check sum: 369b69bef2c3aeed4453bd8b804fd6a8
     Pseudo is Ultrasoft + core correction, Zval =  3.0
     Generated by new atomic code, or converted to UPF format
     Using radial grid of  781 points,  4 beta functions with: 
                l(1) =   0
                l(2) =   0
                l(3) =   1
                l(4) =   1
     Q(r) pseudized with  8 coefficients,  rinner =    1.100   1.100   1.100


     PseudoPot. # 2 for Ba read from file:
     /home/mehlhorn/pseudos/Ba.nc.z_10.oncvpsp4.dojo.v4-sp.upf
     MD5 check sum: c10ed334bb677c0554edec7181ce9143
     Pseudo is Norm-conserving + core correction, Zval = 10.0
     Generated using ONCVPSP code by D. R. Hamann
     Using radial grid of 1938 points,  8 beta functions with: 
                l(1) =   0
                l(2) =   0
                l(3) =   1
                l(4) =   1
                l(5) =   2
                l(6) =   2
                l(7) =   3
                l(8) =   3

     PseudoPot. # 3 for H  read from file:
     /home/mehlhorn/pseudos/H_ONCV_PBEsol-1.0.upf
     MD5 check sum: 398ef8f67c0a7342c05c87c5e19ea467
     Pseudo is Norm-conserving, Zval =  1.0
     Generated using ONCVPSP code by D. R. Hamann
     Using radial grid of 1180 points,  2 beta functions with: 
                l(1) =   0
                l(2) =   0


     Atomic displacements:
     There are   65 irreducible representations

     Representation     1      1 modes -  To be done

     Representation     2      1 modes -  To be done

     Representation     3      1 modes -  To be done

     Representation     4      1 modes -  To be done

     Representation     5      1 modes -  To be done

     Representation     6      1 modes -  To be done

     Representation     7      1 modes -  To be done

     Representation     8      1 modes -  To be done

     Representation     9      1 modes -  To be done

     Representation    10      1 modes -  To be done

     Representation    11      1 modes -  To be done

     Representation    12      1 modes -  To be done

     Representation    13      1 modes -  To be done

     Representation    14      1 modes -  To be done

     Representation    15      1 modes -  To be done

     Representation    16      1 modes -  To be done

     Representation    17      1 modes -  To be done

     Representation    18      1 modes -  To be done

     Representation    19      2 modes -  To be done

     Representation    20      1 modes -  To be done

     Representation    21      1 modes -  To be done

     Representation    22      1 modes -  To be done

     Representation    23      1 modes -  To be done

     Representation    24      1 modes -  To be done

     Representation    25      1 modes -  To be done

     Representation    26      1 modes -  To be done

     Representation    27      1 modes -  To be done

     Representation    28      1 modes -  To be done

     Representation    29      1 modes -  To be done

     Representation    30      1 modes -  To be done

     Representation    31      1 modes -  To be done

     Representation    32      1 modes -  To be done

     Representation    33      1 modes -  To be done

     Representation    34      1 modes -  To be done

     Representation    35      1 modes -  To be done

     Representation    36      1 modes -  To be done

     Representation    37      1 modes -  To be done

     Representation    38      1 modes -  To be done

     Representation    39      1 modes -  To be done

     Representation    40      1 modes -  To be done

     Representation    41      1 modes -  To be done

     Representation    42      1 modes -  To be done

     Representation    43      1 modes -  To be done

     Representation    44      1 modes -  To be done

     Representation    45      1 modes -  To be done

     Representation    46      1 modes -  To be done

     Representation    47      1 modes -  To be done

     Representation    48      1 modes -  To be done

     Representation    49      1 modes -  To be done

     Representation    50      1 modes -  To be done

     Representation    51      1 modes -  To be done

     Representation    52      1 modes -  To be done

     Representation    53      1 modes -  To be done

     Representation    54      1 modes -  To be done

     Representation    55      1 modes -  To be done

     Representation    56      1 modes -  To be done

     Representation    57      1 modes -  To be done

     Representation    58      1 modes -  To be done

     Representation    59      1 modes -  To be done

     Representation    60      1 modes -  To be done

     Representation    61      1 modes -  To be done

     Representation    62      1 modes -  To be done

     Representation    63      1 modes -  To be done

     Representation    64      1 modes -  To be done

     Representation    65      1 modes -  To be done


     Message from routine init_vloc:
     Interpolation table for Vloc re-allocated

     Alpha used in Ewald sum =   2.8000
     PHONON       :     12h 2m CPU     12h 9m WALL



     Representation #   1 mode #   1

     Self-consistent Calculation

      iter #   1 total cpu time : 43841.6 secs   av.it.:   3.0
      thresh= 1.000E-02 alpha_mix =  0.700 |ddv_scf|^2 =  8.202E-09

      iter #   2 total cpu time : 43941.3 secs   av.it.:  15.1
      thresh= 9.057E-06 alpha_mix =  0.700 |ddv_scf|^2 =  6.965E-09

      iter #   3 total cpu time : 44036.4 secs   av.it.:  14.6
      thresh= 8.345E-06 alpha_mix =  0.700 |ddv_scf|^2 =  1.478E-11

      iter #   4 total cpu time : 44137.7 secs   av.it.:  15.7
      thresh= 3.845E-07 alpha_mix =  0.700 |ddv_scf|^2 =  1.830E-12

      iter #   5 total cpu time : 44238.1 secs   av.it.:  15.3
      thresh= 1.353E-07 alpha_mix =  0.700 |ddv_scf|^2 =  2.542E-14

      iter #   6 total cpu time : 44342.0 secs   av.it.:  15.9
      thresh= 1.594E-08 alpha_mix =  0.700 |ddv_scf|^2 =  2.843E-15

     End of self-consistent calculation

     Convergence has been achieved 


     Representation #   2 mode #   2

     Self-consistent Calculation

      iter #   1 total cpu time : 44397.6 secs   av.it.:   4.7
      thresh= 1.000E-02 alpha_mix =  0.700 |ddv_scf|^2 =  1.278E-08

      iter #   2 total cpu time : 44503.5 secs   av.it.:  16.0
      thresh= 1.130E-05 alpha_mix =  0.700 |ddv_scf|^2 =  4.305E-09

      iter #   3 total cpu time : 44605.5 secs   av.it.:  15.1
      thresh= 6.561E-06 alpha_mix =  0.700 |ddv_scf|^2 =  2.068E-11

      iter #   4 total cpu time : 44711.7 secs   av.it.:  16.0
      thresh= 4.548E-07 alpha_mix =  0.700 |ddv_scf|^2 =  1.440E-12

      iter #   5 total cpu time : 44814.7 secs   av.it.:  16.0
      thresh= 1.200E-07 alpha_mix =  0.700 |ddv_scf|^2 =  1.863E-13

      iter #   6 total cpu time : 44916.7 secs   av.it.:  15.9
      thresh= 4.316E-08 alpha_mix =  0.700 |ddv_scf|^2 =  3.253E-15

     End of self-consistent calculation

     Convergence has been achieved 


     Representation #   3 mode #   3

     Self-consistent Calculation

      iter #   1 total cpu time : 44964.6 secs   av.it.:   3.2
      thresh= 1.000E-02 alpha_mix =  0.700 |ddv_scf|^2 =  2.338E-09

      iter #   2 total cpu time : 45071.9 secs   av.it.:  16.0
      thresh= 4.835E-06 alpha_mix =  0.700 |ddv_scf|^2 =  1.143E-09

      iter #   3 total cpu time : 45173.0 secs   av.it.:  15.2
      thresh= 3.381E-06 alpha_mix =  0.700 |ddv_scf|^2 =  2.846E-12

      iter #   4 total cpu time : 45278.0 secs   av.it.:  16.0
      thresh= 1.687E-07 alpha_mix =  0.700 |ddv_scf|^2 =  3.241E-13

      iter #   5 total cpu time : 45380.4 secs   av.it.:  15.9
      thresh= 5.693E-08 alpha_mix =  0.700 |ddv_scf|^2 =  1.709E-14

      iter #   6 total cpu time : 45482.3 secs   av.it.:  15.9
      thresh= 1.307E-08 alpha_mix =  0.700 |ddv_scf|^2 =  2.018E-15

     End of self-consistent calculation

     Convergence has been achieved 


     Representation #   4 mode #   4

     Self-consistent Calculation

      iter #   1 total cpu time : 45531.4 secs   av.it.:   3.8
      thresh= 1.000E-02 alpha_mix =  0.700 |ddv_scf|^2 =  3.157E-09

      iter #   2 total cpu time : 45635.3 secs   av.it.:  16.0
      thresh= 5.619E-06 alpha_mix =  0.700 |ddv_scf|^2 =  1.635E-09

      iter #   3 total cpu time : 45735.1 secs   av.it.:  15.0
      thresh= 4.044E-06 alpha_mix =  0.700 |ddv_scf|^2 =  3.516E-12

      iter #   4 total cpu time : 45839.7 secs   av.it.:  16.0
      thresh= 1.875E-07 alpha_mix =  0.700 |ddv_scf|^2 =  3.755E-13

      iter #   5 total cpu time : 45941.3 secs   av.it.:  15.7
      thresh= 6.127E-08 alpha_mix =  0.700 |ddv_scf|^2 =  2.151E-14

      iter #   6 total cpu time : 46044.2 secs   av.it.:  15.7
      thresh= 1.467E-08 alpha_mix =  0.700 |ddv_scf|^2 =  2.800E-15

     End of self-consistent calculation

     Convergence has been achieved 


     Representation #   5 mode #   5

     Self-consistent Calculation

      iter #   1 total cpu time : 46100.3 secs   av.it.:   5.0
      thresh= 1.000E-02 alpha_mix =  0.700 |ddv_scf|^2 =  5.582E-08

      iter #   2 total cpu time : 46203.4 secs   av.it.:  15.6
      thresh= 2.363E-05 alpha_mix =  0.700 |ddv_scf|^2 =  5.532E-08

      iter #   3 total cpu time : 46302.3 secs   av.it.:  14.5
      thresh= 2.352E-05 alpha_mix =  0.700 |ddv_scf|^2 =  6.582E-11

      iter #   4 total cpu time : 46438.3 secs   av.it.:  16.0
      thresh= 8.113E-07 alpha_mix =  0.700 |ddv_scf|^2 =  1.049E-11

      iter #   5 total cpu time : 46541.6 secs   av.it.:  15.8
      thresh= 3.238E-07 alpha_mix =  0.700 |ddv_scf|^2 =  7.031E-13

      iter #   6 total cpu time : 46647.3 secs   av.it.:  15.9
      thresh= 8.385E-08 alpha_mix =  0.700 |ddv_scf|^2 =  3.167E-14

      iter #   7 total cpu time : 46751.9 secs   av.it.:  15.1
      thresh= 1.780E-08 alpha_mix =  0.700 |ddv_scf|^2 =  6.457E-16

     End of self-consistent calculation

     Convergence has been achieved 


     Representation #   6 mode #   6

     Self-consistent Calculation

      iter #   1 total cpu time : 46800.7 secs   av.it.:   3.0
      thresh= 1.000E-02 alpha_mix =  0.700 |ddv_scf|^2 =  1.607E-09

      iter #   2 total cpu time : 46905.9 secs   av.it.:  16.0
      thresh= 4.009E-06 alpha_mix =  0.700 |ddv_scf|^2 =  8.402E-10

      iter #   3 total cpu time : 47005.9 secs   av.it.:  15.1
      thresh= 2.899E-06 alpha_mix =  0.700 |ddv_scf|^2 =  1.284E-11

      iter #   4 total cpu time : 47105.7 secs   av.it.:  15.0
      thresh= 3.583E-07 alpha_mix =  0.700 |ddv_scf|^2 =  2.341E-12

      iter #   5 total cpu time : 47206.9 secs   av.it.:  15.0
      thresh= 1.530E-07 alpha_mix =  0.700 |ddv_scf|^2 =  8.179E-14

      iter #   6 total cpu time : 47308.2 secs   av.it.:  15.0
      thresh= 2.860E-08 alpha_mix =  0.700 |ddv_scf|^2 =  4.707E-15

     End of self-consistent calculation

     Convergence has been achieved 


     Representation #   7 mode #   7

     Self-consistent Calculation

      iter #   1 total cpu time : 47358.4 secs   av.it.:   4.0
      thresh= 1.000E-02 alpha_mix =  0.700 |ddv_scf|^2 =  1.213E-08

      iter #   2 total cpu time : 47461.4 secs   av.it.:  15.4
      thresh= 1.101E-05 alpha_mix =  0.700 |ddv_scf|^2 =  1.025E-08

      iter #   3 total cpu time : 47559.2 secs   av.it.:  14.9
      thresh= 1.013E-05 alpha_mix =  0.700 |ddv_scf|^2 =  2.335E-11

      iter #   4 total cpu time : 47659.9 secs   av.it.:  15.5
      thresh= 4.832E-07 alpha_mix =  0.700 |ddv_scf|^2 =  9.557E-13

      iter #   5 total cpu time : 47767.0 secs   av.it.:  16.0
      thresh= 9.776E-08 alpha_mix =  0.700 |ddv_scf|^2 =  1.803E-13

      iter #   6 total cpu time : 47869.6 secs   av.it.:  15.0
      thresh= 4.246E-08 alpha_mix =  0.700 |ddv_scf|^2 =  7.214E-15

     End of self-consistent calculation

     Convergence has been achieved 


     Representation #   8 mode #   8

     Self-consistent Calculation

      iter #   1 total cpu time : 47918.7 secs   av.it.:   3.1
      thresh= 1.000E-02 alpha_mix =  0.700 |ddv_scf|^2 =  1.329E-09

      iter #   2 total cpu time : 48027.3 secs   av.it.:  16.0
      thresh= 3.646E-06 alpha_mix =  0.700 |ddv_scf|^2 =  4.450E-10

      iter #   3 total cpu time : 48133.1 secs   av.it.:  15.9
      thresh= 2.110E-06 alpha_mix =  0.700 |ddv_scf|^2 =  4.462E-12

      iter #   4 total cpu time : 48240.5 secs   av.it.:  16.0
      thresh= 2.112E-07 alpha_mix =  0.700 |ddv_scf|^2 =  4.892E-13

      iter #   5 total cpu time : 48346.9 secs   av.it.:  15.9
      thresh= 6.994E-08 alpha_mix =  0.700 |ddv_scf|^2 =  1.865E-14

      iter #   6 total cpu time : 48450.9 secs   av.it.:  16.0
      thresh= 1.366E-08 alpha_mix =  0.700 |ddv_scf|^2 =  1.206E-15

     End of self-consistent calculation

     Convergence has been achieved 


     Representation #   9 mode #   9

     Self-consistent Calculation

      iter #   1 total cpu time : 48496.7 secs   av.it.:   3.0
      thresh= 1.000E-02 alpha_mix =  0.700 |ddv_scf|^2 =  8.685E-10

      iter #   2 total cpu time : 48599.9 secs   av.it.:  16.0
      thresh= 2.947E-06 alpha_mix =  0.700 |ddv_scf|^2 =  2.234E-10

      iter #   3 total cpu time : 48701.2 secs   av.it.:  15.9
      thresh= 1.495E-06 alpha_mix =  0.700 |ddv_scf|^2 =  6.514E-12

      iter #   4 total cpu time : 48805.7 secs   av.it.:  15.9
      thresh= 2.552E-07 alpha_mix =  0.700 |ddv_scf|^2 =  3.206E-13

      iter #   5 total cpu time : 48911.2 secs   av.it.:  16.0
      thresh= 5.662E-08 alpha_mix =  0.700 |ddv_scf|^2 =  1.320E-14

      iter #   6 total cpu time : 49017.8 secs   av.it.:  16.0
      thresh= 1.149E-08 alpha_mix =  0.700 |ddv_scf|^2 =  1.081E-15

     End of self-consistent calculation

     Convergence has been achieved 


     Representation #  10 mode #  10

     Self-consistent Calculation

      iter #   1 total cpu time : 49065.4 secs   av.it.:   3.0
      thresh= 1.000E-02 alpha_mix =  0.700 |ddv_scf|^2 =  6.351E-10

      iter #   2 total cpu time : 49172.6 secs   av.it.:  16.0
      thresh= 2.520E-06 alpha_mix =  0.700 |ddv_scf|^2 =  1.454E-10

      iter #   3 total cpu time : 49277.7 secs   av.it.:  15.9
      thresh= 1.206E-06 alpha_mix =  0.700 |ddv_scf|^2 =  1.273E-11

      iter #   4 total cpu time : 49380.3 secs   av.it.:  15.0
      thresh= 3.569E-07 alpha_mix =  0.700 |ddv_scf|^2 =  7.501E-13

      iter #   5 total cpu time : 49483.8 secs   av.it.:  15.0
      thresh= 8.661E-08 alpha_mix =  0.700 |ddv_scf|^2 =  6.040E-14

      iter #   6 total cpu time : 49588.3 secs   av.it.:  15.4
      thresh= 2.458E-08 alpha_mix =  0.700 |ddv_scf|^2 =  1.981E-15

     End of self-consistent calculation

     Convergence has been achieved 


     Representation #  11 mode #  11

     Self-consistent Calculation

      iter #   1 total cpu time : 49645.6 secs   av.it.:   5.0
      thresh= 1.000E-02 alpha_mix =  0.700 |ddv_scf|^2 =  6.022E-08

      iter #   2 total cpu time : 49749.7 secs   av.it.:  15.1
      thresh= 2.454E-05 alpha_mix =  0.700 |ddv_scf|^2 =  5.225E-08

      iter #   3 total cpu time : 49848.2 secs   av.it.:  14.4
      thresh= 2.286E-05 alpha_mix =  0.700 |ddv_scf|^2 =  1.466E-10

      iter #   4 total cpu time : 49953.3 secs   av.it.:  15.8
      thresh= 1.211E-06 alpha_mix =  0.700 |ddv_scf|^2 =  1.483E-11

      iter #   5 total cpu time : 50057.6 secs   av.it.:  15.4
      thresh= 3.850E-07 alpha_mix =  0.700 |ddv_scf|^2 =  3.378E-13

      iter #   6 total cpu time : 50163.8 secs   av.it.:  15.9
      thresh= 5.812E-08 alpha_mix =  0.700 |ddv_scf|^2 =  2.061E-14

      iter #   7 total cpu time : 50271.1 secs   av.it.:  16.0
      thresh= 1.436E-08 alpha_mix =  0.700 |ddv_scf|^2 =  1.586E-15

     End of self-consistent calculation

     Convergence has been achieved 


     Representation #  12 mode #  12

     Self-consistent Calculation

      iter #   1 total cpu time : 50319.3 secs   av.it.:   3.1
      thresh= 1.000E-02 alpha_mix =  0.700 |ddv_scf|^2 =  8.411E-09

      iter #   2 total cpu time : 50421.0 secs   av.it.:  15.2
      thresh= 9.171E-06 alpha_mix =  0.700 |ddv_scf|^2 =  7.487E-09

      iter #   3 total cpu time : 50519.7 secs   av.it.:  14.7
      thresh= 8.653E-06 alpha_mix =  0.700 |ddv_scf|^2 =  1.162E-11

      iter #   4 total cpu time : 50624.6 secs   av.it.:  15.9
      thresh= 3.408E-07 alpha_mix =  0.700 |ddv_scf|^2 =  1.936E-12

      iter #   5 total cpu time : 50727.8 secs   av.it.:  15.2
      thresh= 1.391E-07 alpha_mix =  0.700 |ddv_scf|^2 =  2.433E-14

      iter #   6 total cpu time : 50831.4 secs   av.it.:  15.9
      thresh= 1.560E-08 alpha_mix =  0.700 |ddv_scf|^2 =  3.600E-15

     End of self-consistent calculation

     Convergence has been achieved 


     Representation #  13 mode #  13

     Self-consistent Calculation

      iter #   1 total cpu time : 50878.7 secs   av.it.:   3.0
      thresh= 1.000E-02 alpha_mix =  0.700 |ddv_scf|^2 =  1.289E-09

      iter #   2 total cpu time : 50983.0 secs   av.it.:  16.0
      thresh= 3.590E-06 alpha_mix =  0.700 |ddv_scf|^2 =  2.670E-10

      iter #   3 total cpu time : 51088.5 secs   av.it.:  15.9
      thresh= 1.634E-06 alpha_mix =  0.700 |ddv_scf|^2 =  7.870E-12

      iter #   4 total cpu time : 51193.5 secs   av.it.:  15.7
      thresh= 2.805E-07 alpha_mix =  0.700 |ddv_scf|^2 =  2.516E-13

      iter #   5 total cpu time : 51300.1 secs   av.it.:  15.9
      thresh= 5.016E-08 alpha_mix =  0.700 |ddv_scf|^2 =  2.155E-14

      iter #   6 total cpu time : 51406.7 secs   av.it.:  15.9
      thresh= 1.468E-08 alpha_mix =  0.700 |ddv_scf|^2 =  3.115E-15

     End of self-consistent calculation

     Convergence has been achieved 


     Representation #  14 mode #  14

     Self-consistent Calculation

      iter #   1 total cpu time : 51462.9 secs   av.it.:   4.5
      thresh= 1.000E-02 alpha_mix =  0.700 |ddv_scf|^2 =  9.280E-09

      iter #   2 total cpu time : 51572.0 secs   av.it.:  16.0
      thresh= 9.633E-06 alpha_mix =  0.700 |ddv_scf|^2 =  2.457E-09

      iter #   3 total cpu time : 51677.6 secs   av.it.:  15.5
      thresh= 4.957E-06 alpha_mix =  0.700 |ddv_scf|^2 =  3.322E-11

      iter #   4 total cpu time : 51784.8 secs   av.it.:  15.9
      thresh= 5.764E-07 alpha_mix =  0.700 |ddv_scf|^2 =  2.016E-12

      iter #   5 total cpu time : 51893.5 secs   av.it.:  16.0
      thresh= 1.420E-07 alpha_mix =  0.700 |ddv_scf|^2 =  2.482E-13

      iter #   6 total cpu time : 52001.5 secs   av.it.:  16.0
      thresh= 4.982E-08 alpha_mix =  0.700 |ddv_scf|^2 =  7.542E-15

     End of self-consistent calculation

     Convergence has been achieved 


     Representation #  15 mode #  15

     Self-consistent Calculation

      iter #   1 total cpu time : 52049.1 secs   av.it.:   3.0
      thresh= 1.000E-02 alpha_mix =  0.700 |ddv_scf|^2 =  1.284E-09

      iter #   2 total cpu time : 52152.6 secs   av.it.:  16.0
      thresh= 3.584E-06 alpha_mix =  0.700 |ddv_scf|^2 =  3.460E-10

      iter #   3 total cpu time : 52253.4 secs   av.it.:  15.6
      thresh= 1.860E-06 alpha_mix =  0.700 |ddv_scf|^2 =  3.447E-12

      iter #   4 total cpu time : 52355.1 secs   av.it.:  15.9
      thresh= 1.857E-07 alpha_mix =  0.700 |ddv_scf|^2 =  1.893E-13

      iter #   5 total cpu time : 52461.6 secs   av.it.:  16.0
      thresh= 4.351E-08 alpha_mix =  0.700 |ddv_scf|^2 =  8.055E-15

     End of self-consistent calculation

     Convergence has been achieved 


     Representation #  16 mode #  16

     Self-consistent Calculation

      iter #   1 total cpu time : 52511.9 secs   av.it.:   3.4
      thresh= 1.000E-02 alpha_mix =  0.700 |ddv_scf|^2 =  2.325E-09

      iter #   2 total cpu time : 52620.9 secs   av.it.:  16.0
      thresh= 4.822E-06 alpha_mix =  0.700 |ddv_scf|^2 =  1.001E-09

      iter #   3 total cpu time : 52723.4 secs   av.it.:  15.4
      thresh= 3.165E-06 alpha_mix =  0.700 |ddv_scf|^2 =  4.189E-12

      iter #   4 total cpu time : 52828.7 secs   av.it.:  16.0
      thresh= 2.047E-07 alpha_mix =  0.700 |ddv_scf|^2 =  7.229E-13

      iter #   5 total cpu time : 52931.1 secs   av.it.:  15.8
      thresh= 8.503E-08 alpha_mix =  0.700 |ddv_scf|^2 =  1.817E-14

      iter #   6 total cpu time : 53035.2 secs   av.it.:  16.0
      thresh= 1.348E-08 alpha_mix =  0.700 |ddv_scf|^2 =  1.465E-15

     End of self-consistent calculation

     Convergence has been achieved 


     Representation #  17 mode #  17

     Self-consistent Calculation

      iter #   1 total cpu time : 53101.8 secs   av.it.:   6.9
      thresh= 1.000E-02 alpha_mix =  0.700 |ddv_scf|^2 =  3.203E-07

      iter #   2 total cpu time : 53207.8 secs   av.it.:  15.7
      thresh= 5.659E-05 alpha_mix =  0.700 |ddv_scf|^2 =  2.899E-07

      iter #   3 total cpu time : 53309.0 secs   av.it.:  14.9
      thresh= 5.385E-05 alpha_mix =  0.700 |ddv_scf|^2 =  7.968E-10

      iter #   4 total cpu time : 53414.0 secs   av.it.:  15.4
      thresh= 2.823E-06 alpha_mix =  0.700 |ddv_scf|^2 =  2.296E-11

      iter #   5 total cpu time : 53520.2 secs   av.it.:  15.7
      thresh= 4.791E-07 alpha_mix =  0.700 |ddv_scf|^2 =  5.489E-13

      iter #   6 total cpu time : 53629.2 secs   av.it.:  16.0
      thresh= 7.409E-08 alpha_mix =  0.700 |ddv_scf|^2 =  9.480E-14

      iter #   7 total cpu time : 53735.4 secs   av.it.:  15.8
      thresh= 3.079E-08 alpha_mix =  0.700 |ddv_scf|^2 =  1.273E-14

      iter #   8 total cpu time : 53840.2 secs   av.it.:  15.1
      thresh= 1.128E-08 alpha_mix =  0.700 |ddv_scf|^2 =  5.025E-16

     End of self-consistent calculation

     Convergence has been achieved 


     Representation #  18 mode #  18

     Self-consistent Calculation

      iter #   1 total cpu time : 53889.7 secs   av.it.:   3.4
      thresh= 1.000E-02 alpha_mix =  0.700 |ddv_scf|^2 =  2.466E-09

      iter #   2 total cpu time : 53993.3 secs   av.it.:  16.0
      thresh= 4.965E-06 alpha_mix =  0.700 |ddv_scf|^2 =  1.722E-09

      iter #   3 total cpu time : 54093.1 secs   av.it.:  15.0
      thresh= 4.149E-06 alpha_mix =  0.700 |ddv_scf|^2 =  2.074E-11

      iter #   4 total cpu time : 54192.8 secs   av.it.:  15.4
      thresh= 4.554E-07 alpha_mix =  0.700 |ddv_scf|^2 =  2.320E-12

      iter #   5 total cpu time : 54292.5 secs   av.it.:  15.1
      thresh= 1.523E-07 alpha_mix =  0.700 |ddv_scf|^2 =  4.027E-14

      iter #   6 total cpu time : 54394.3 secs   av.it.:  15.9
      thresh= 2.007E-08 alpha_mix =  0.700 |ddv_scf|^2 =  5.339E-15

     End of self-consistent calculation

     Convergence has been achieved 


     Representation #  19 modes #  19  20

     Self-consistent Calculation

      iter #   1 total cpu time : 54480.4 secs   av.it.:   3.0
      thresh= 1.000E-02 alpha_mix =  0.700 |ddv_scf|^2 =  2.228E-10

      iter #   2 total cpu time : 54693.7 secs   av.it.:  16.9
      thresh= 1.493E-06 alpha_mix =  0.700 |ddv_scf|^2 =  4.137E-11

      iter #   3 total cpu time : 54905.3 secs   av.it.:  16.7
      thresh= 6.432E-07 alpha_mix =  0.700 |ddv_scf|^2 =  1.137E-12

      iter #   4 total cpu time : 55123.7 secs   av.it.:  16.9
      thresh= 1.066E-07 alpha_mix =  0.700 |ddv_scf|^2 =  9.218E-14

      iter #   5 total cpu time : 55336.1 secs   av.it.:  16.6
      thresh= 3.036E-08 alpha_mix =  0.700 |ddv_scf|^2 =  3.600E-15

     End of self-consistent calculation

     Convergence has been achieved 


     Representation #  20 mode #  21

     Self-consistent Calculation

      iter #   1 total cpu time : 55387.8 secs   av.it.:   3.1
      thresh= 1.000E-02 alpha_mix =  0.700 |ddv_scf|^2 =  2.329E-09

      iter #   2 total cpu time : 55496.8 secs   av.it.:  16.0
      thresh= 4.826E-06 alpha_mix =  0.700 |ddv_scf|^2 =  1.176E-09

      iter #   3 total cpu time : 55597.1 secs   av.it.:  15.2
      thresh= 3.429E-06 alpha_mix =  0.700 |ddv_scf|^2 =  1.027E-11

      iter #   4 total cpu time : 55696.8 secs   av.it.:  15.0
      thresh= 3.204E-07 alpha_mix =  0.700 |ddv_scf|^2 =  3.023E-12

      iter #   5 total cpu time : 55796.7 secs   av.it.:  14.9
      thresh= 1.739E-07 alpha_mix =  0.700 |ddv_scf|^2 =  3.070E-14

      iter #   6 total cpu time : 55904.0 secs   av.it.:  16.0
      thresh= 1.752E-08 alpha_mix =  0.700 |ddv_scf|^2 =  4.930E-15

     End of self-consistent calculation

     Convergence has been achieved 


     Representation #  21 mode #  22

     Self-consistent Calculation

      iter #   1 total cpu time : 55953.3 secs   av.it.:   3.2
      thresh= 1.000E-02 alpha_mix =  0.700 |ddv_scf|^2 =  1.516E-09

      iter #   2 total cpu time : 56059.3 secs   av.it.:  16.0
      thresh= 3.893E-06 alpha_mix =  0.700 |ddv_scf|^2 =  4.023E-10

      iter #   3 total cpu time : 56161.0 secs   av.it.:  15.6
      thresh= 2.006E-06 alpha_mix =  0.700 |ddv_scf|^2 =  5.393E-12

      iter #   4 total cpu time : 56262.5 secs   av.it.:  15.9
      thresh= 2.322E-07 alpha_mix =  0.700 |ddv_scf|^2 =  1.649E-13

      iter #   5 total cpu time : 56371.4 secs   av.it.:  16.0
      thresh= 4.061E-08 alpha_mix =  0.700 |ddv_scf|^2 =  1.659E-14

      iter #   6 total cpu time : 56475.0 secs   av.it.:  15.9
      thresh= 1.288E-08 alpha_mix =  0.700 |ddv_scf|^2 =  1.403E-15

     End of self-consistent calculation

     Convergence has been achieved 


     Representation #  22 mode #  23

     Self-consistent Calculation

      iter #   1 total cpu time : 56524.2 secs   av.it.:   3.9
      thresh= 1.000E-02 alpha_mix =  0.700 |ddv_scf|^2 =  3.600E-09

      iter #   2 total cpu time : 56627.6 secs   av.it.:  16.0
      thresh= 6.000E-06 alpha_mix =  0.700 |ddv_scf|^2 =  1.762E-09

      iter #   3 total cpu time : 56727.9 secs   av.it.:  15.2
      thresh= 4.198E-06 alpha_mix =  0.700 |ddv_scf|^2 =  2.684E-11

      iter #   4 total cpu time : 56826.3 secs   av.it.:  15.0
      thresh= 5.181E-07 alpha_mix =  0.700 |ddv_scf|^2 =  2.265E-12

      iter #   5 total cpu time : 56924.9 secs   av.it.:  15.0
      thresh= 1.505E-07 alpha_mix =  0.700 |ddv_scf|^2 =  4.919E-14

      iter #   6 total cpu time : 57026.0 secs   av.it.:  15.5
      thresh= 2.218E-08 alpha_mix =  0.700 |ddv_scf|^2 =  4.453E-15

     End of self-consistent calculation

     Convergence has been achieved 


     Representation #  23 mode #  24

     Self-consistent Calculation

      iter #   1 total cpu time : 57073.2 secs   av.it.:   3.0
      thresh= 1.000E-02 alpha_mix =  0.700 |ddv_scf|^2 =  2.009E-09

      iter #   2 total cpu time : 57176.7 secs   av.it.:  16.0
      thresh= 4.483E-06 alpha_mix =  0.700 |ddv_scf|^2 =  9.901E-10

      iter #   3 total cpu time : 57276.6 secs   av.it.:  15.0
      thresh= 3.147E-06 alpha_mix =  0.700 |ddv_scf|^2 =  2.422E-11

      iter #   4 total cpu time : 57375.6 secs   av.it.:  15.0
      thresh= 4.921E-07 alpha_mix =  0.700 |ddv_scf|^2 =  3.336E-12

      iter #   5 total cpu time : 57473.2 secs   av.it.:  14.9
      thresh= 1.826E-07 alpha_mix =  0.700 |ddv_scf|^2 =  6.712E-14

      iter #   6 total cpu time : 57575.0 secs   av.it.:  15.3
      thresh= 2.591E-08 alpha_mix =  0.700 |ddv_scf|^2 =  3.807E-15

     End of self-consistent calculation

     Convergence has been achieved 


     Representation #  24 mode #  25

     Self-consistent Calculation

      iter #   1 total cpu time : 57643.3 secs   av.it.:   6.9
      thresh= 1.000E-02 alpha_mix =  0.700 |ddv_scf|^2 =  3.203E-07

      iter #   2 total cpu time : 57746.6 secs   av.it.:  15.7
      thresh= 5.659E-05 alpha_mix =  0.700 |ddv_scf|^2 =  2.900E-07

      iter #   3 total cpu time : 57844.5 secs   av.it.:  14.9
      thresh= 5.385E-05 alpha_mix =  0.700 |ddv_scf|^2 =  7.966E-10

      iter #   4 total cpu time : 57946.1 secs   av.it.:  15.4
      thresh= 2.822E-06 alpha_mix =  0.700 |ddv_scf|^2 =  2.295E-11

      iter #   5 total cpu time : 58048.6 secs   av.it.:  15.7
      thresh= 4.791E-07 alpha_mix =  0.700 |ddv_scf|^2 =  5.488E-13

      iter #   6 total cpu time : 58154.3 secs   av.it.:  16.0
      thresh= 7.408E-08 alpha_mix =  0.700 |ddv_scf|^2 =  9.475E-14

      iter #   7 total cpu time : 58258.9 secs   av.it.:  15.8
      thresh= 3.078E-08 alpha_mix =  0.700 |ddv_scf|^2 =  1.273E-14

      iter #   8 total cpu time : 58361.7 secs   av.it.:  15.1
      thresh= 1.128E-08 alpha_mix =  0.700 |ddv_scf|^2 =  5.020E-16

     End of self-consistent calculation

     Convergence has been achieved 


     Representation #  25 mode #  26

     Self-consistent Calculation

      iter #   1 total cpu time : 58407.8 secs   av.it.:   3.0
      thresh= 1.000E-02 alpha_mix =  0.700 |ddv_scf|^2 =  5.892E-10

      iter #   2 total cpu time : 58511.5 secs   av.it.:  16.0
      thresh= 2.427E-06 alpha_mix =  0.700 |ddv_scf|^2 =  3.467E-10

      iter #   3 total cpu time : 58610.3 secs   av.it.:  15.0
      thresh= 1.862E-06 alpha_mix =  0.700 |ddv_scf|^2 =  1.055E-11

      iter #   4 total cpu time : 58711.2 secs   av.it.:  15.0
      thresh= 3.248E-07 alpha_mix =  0.700 |ddv_scf|^2 =  4.655E-13

      iter #   5 total cpu time : 58812.5 secs   av.it.:  15.1
      thresh= 6.823E-08 alpha_mix =  0.700 |ddv_scf|^2 =  1.768E-14

      iter #   6 total cpu time : 58917.9 secs   av.it.:  16.0
      thresh= 1.330E-08 alpha_mix =  0.700 |ddv_scf|^2 =  2.416E-15

     End of self-consistent calculation

     Convergence has been achieved 


     Representation #  26 mode #  27

     Self-consistent Calculation

      iter #   1 total cpu time : 58983.2 secs   av.it.:   6.2
      thresh= 1.000E-02 alpha_mix =  0.700 |ddv_scf|^2 =  6.607E-08

      iter #   2 total cpu time : 59087.6 secs   av.it.:  16.0
      thresh= 2.570E-05 alpha_mix =  0.700 |ddv_scf|^2 =  1.990E-08

      iter #   3 total cpu time : 59189.7 secs   av.it.:  15.6
      thresh= 1.411E-05 alpha_mix =  0.700 |ddv_scf|^2 =  1.683E-10

      iter #   4 total cpu time : 59293.7 secs   av.it.:  15.9
      thresh= 1.297E-06 alpha_mix =  0.700 |ddv_scf|^2 =  1.160E-11

      iter #   5 total cpu time : 59397.9 secs   av.it.:  16.0
      thresh= 3.407E-07 alpha_mix =  0.700 |ddv_scf|^2 =  1.832E-13

      iter #   6 total cpu time : 59501.5 secs   av.it.:  15.9
      thresh= 4.280E-08 alpha_mix =  0.700 |ddv_scf|^2 =  2.640E-14

      iter #   7 total cpu time : 59602.9 secs   av.it.:  15.1
      thresh= 1.625E-08 alpha_mix =  0.700 |ddv_scf|^2 =  1.760E-15

     End of self-consistent calculation

     Convergence has been achieved 


     Representation #  27 mode #  28

     Self-consistent Calculation

      iter #   1 total cpu time : 59658.3 secs   av.it.:   5.0
      thresh= 1.000E-02 alpha_mix =  0.700 |ddv_scf|^2 =  2.401E-08

      iter #   2 total cpu time : 59760.7 secs   av.it.:  16.0
      thresh= 1.549E-05 alpha_mix =  0.700 |ddv_scf|^2 =  2.059E-08

      iter #   3 total cpu time : 59856.8 secs   av.it.:  14.9
      thresh= 1.435E-05 alpha_mix =  0.700 |ddv_scf|^2 =  1.069E-10

      iter #   4 total cpu time : 59958.2 secs   av.it.:  15.8
      thresh= 1.034E-06 alpha_mix =  0.700 |ddv_scf|^2 =  6.359E-12

      iter #   5 total cpu time : 60061.0 secs   av.it.:  16.0
      thresh= 2.522E-07 alpha_mix =  0.700 |ddv_scf|^2 =  5.960E-13

      iter #   6 total cpu time : 60165.6 secs   av.it.:  16.0
      thresh= 7.720E-08 alpha_mix =  0.700 |ddv_scf|^2 =  1.548E-14

      iter #   7 total cpu time : 60266.4 secs   av.it.:  15.1
      thresh= 1.244E-08 alpha_mix =  0.700 |ddv_scf|^2 =  1.882E-16

     End of self-consistent calculation

     Convergence has been achieved 


     Representation #  28 mode #  29

     Self-consistent Calculation

      iter #   1 total cpu time : 60314.5 secs   av.it.:   3.1
      thresh= 1.000E-02 alpha_mix =  0.700 |ddv_scf|^2 =  4.189E-09

      iter #   2 total cpu time : 60417.3 secs   av.it.:  15.9
      thresh= 6.472E-06 alpha_mix =  0.700 |ddv_scf|^2 =  2.330E-09

      iter #   3 total cpu time : 60518.4 secs   av.it.:  14.9
      thresh= 4.827E-06 alpha_mix =  0.700 |ddv_scf|^2 =  1.559E-11

      iter #   4 total cpu time : 60620.7 secs   av.it.:  15.0
      thresh= 3.949E-07 alpha_mix =  0.700 |ddv_scf|^2 =  2.193E-12

      iter #   5 total cpu time : 60724.1 secs   av.it.:  15.1
      thresh= 1.481E-07 alpha_mix =  0.700 |ddv_scf|^2 =  5.667E-14

      iter #   6 total cpu time : 60827.4 secs   av.it.:  15.7
      thresh= 2.381E-08 alpha_mix =  0.700 |ddv_scf|^2 =  1.838E-15

     End of self-consistent calculation

     Convergence has been achieved 


     Representation #  29 mode #  30

     Self-consistent Calculation

      iter #   1 total cpu time : 60893.3 secs   av.it.:   6.3
      thresh= 1.000E-02 alpha_mix =  0.700 |ddv_scf|^2 =  6.877E-08

      iter #   2 total cpu time : 61000.7 secs   av.it.:  15.9
      thresh= 2.622E-05 alpha_mix =  0.700 |ddv_scf|^2 =  2.288E-08

      iter #   3 total cpu time : 61103.3 secs   av.it.:  15.7
      thresh= 1.513E-05 alpha_mix =  0.700 |ddv_scf|^2 =  1.382E-10

      iter #   4 total cpu time : 61207.7 secs   av.it.:  16.0
      thresh= 1.176E-06 alpha_mix =  0.700 |ddv_scf|^2 =  1.160E-11

      iter #   5 total cpu time : 61312.2 secs   av.it.:  16.0
      thresh= 3.406E-07 alpha_mix =  0.700 |ddv_scf|^2 =  3.330E-13

      iter #   6 total cpu time : 61416.6 secs   av.it.:  16.0
      thresh= 5.770E-08 alpha_mix =  0.700 |ddv_scf|^2 =  4.037E-14

      iter #   7 total cpu time : 61518.3 secs   av.it.:  15.2
      thresh= 2.009E-08 alpha_mix =  0.700 |ddv_scf|^2 =  1.499E-15

     End of self-consistent calculation

     Convergence has been achieved 


     Representation #  30 mode #  31

     Self-consistent Calculation

      iter #   1 total cpu time : 61565.9 secs   av.it.:   3.0
      thresh= 1.000E-02 alpha_mix =  0.700 |ddv_scf|^2 =  2.559E-09

      iter #   2 total cpu time : 61670.2 secs   av.it.:  16.0
      thresh= 5.059E-06 alpha_mix =  0.700 |ddv_scf|^2 =  1.189E-09

      iter #   3 total cpu time : 61770.8 secs   av.it.:  15.0
      thresh= 3.448E-06 alpha_mix =  0.700 |ddv_scf|^2 =  1.896E-11

      iter #   4 total cpu time : 61870.4 secs   av.it.:  15.0
      thresh= 4.354E-07 alpha_mix =  0.700 |ddv_scf|^2 =  1.562E-12

      iter #   5 total cpu time : 61971.4 secs   av.it.:  15.1
      thresh= 1.250E-07 alpha_mix =  0.700 |ddv_scf|^2 =  4.642E-14

      iter #   6 total cpu time : 62073.0 secs   av.it.:  15.1
      thresh= 2.155E-08 alpha_mix =  0.700 |ddv_scf|^2 =  1.554E-15

     End of self-consistent calculation

     Convergence has been achieved 


     Representation #  31 mode #  32

     Self-consistent Calculation

      iter #   1 total cpu time : 62127.6 secs   av.it.:   4.5
      thresh= 1.000E-02 alpha_mix =  0.700 |ddv_scf|^2 =  5.686E-09

      iter #   2 total cpu time : 62233.5 secs   av.it.:  16.0
      thresh= 7.540E-06 alpha_mix =  0.700 |ddv_scf|^2 =  8.021E-10

      iter #   3 total cpu time : 62336.7 secs   av.it.:  15.9
      thresh= 2.832E-06 alpha_mix =  0.700 |ddv_scf|^2 =  2.854E-11

      iter #   4 total cpu time : 62442.3 secs   av.it.:  15.9
      thresh= 5.342E-07 alpha_mix =  0.700 |ddv_scf|^2 =  2.097E-12

      iter #   5 total cpu time : 62549.3 secs   av.it.:  15.9
      thresh= 1.448E-07 alpha_mix =  0.700 |ddv_scf|^2 =  1.487E-13

      iter #   6 total cpu time : 62657.1 secs   av.it.:  16.0
      thresh= 3.856E-08 alpha_mix =  0.700 |ddv_scf|^2 =  5.201E-15

     End of self-consistent calculation

     Convergence has been achieved 


     Representation #  32 mode #  33

     Self-consistent Calculation

      iter #   1 total cpu time : 62713.5 secs   av.it.:   4.8
      thresh= 1.000E-02 alpha_mix =  0.700 |ddv_scf|^2 =  1.110E-08

      iter #   2 total cpu time : 62820.1 secs   av.it.:  16.0
      thresh= 1.054E-05 alpha_mix =  0.700 |ddv_scf|^2 =  2.922E-09

      iter #   3 total cpu time : 62923.7 secs   av.it.:  15.1
      thresh= 5.406E-06 alpha_mix =  0.700 |ddv_scf|^2 =  2.517E-11

      iter #   4 total cpu time : 63027.4 secs   av.it.:  16.0
      thresh= 5.017E-07 alpha_mix =  0.700 |ddv_scf|^2 =  2.336E-12

      iter #   5 total cpu time : 63131.6 secs   av.it.:  15.9
      thresh= 1.528E-07 alpha_mix =  0.700 |ddv_scf|^2 =  9.394E-14

      iter #   6 total cpu time : 63237.2 secs   av.it.:  16.0
      thresh= 3.065E-08 alpha_mix =  0.700 |ddv_scf|^2 =  1.058E-14

      iter #   7 total cpu time : 63340.1 secs   av.it.:  15.9
      thresh= 1.029E-08 alpha_mix =  0.700 |ddv_scf|^2 =  2.678E-16

     End of self-consistent calculation

     Convergence has been achieved 


     Representation #  33 mode #  34

     Self-consistent Calculation

      iter #   1 total cpu time : 63387.5 secs   av.it.:   3.0
      thresh= 1.000E-02 alpha_mix =  0.700 |ddv_scf|^2 =  7.758E-09

      iter #   2 total cpu time : 63488.2 secs   av.it.:  15.1
      thresh= 8.808E-06 alpha_mix =  0.700 |ddv_scf|^2 =  6.405E-09

      iter #   3 total cpu time : 63582.5 secs   av.it.:  14.7
      thresh= 8.003E-06 alpha_mix =  0.700 |ddv_scf|^2 =  1.450E-11

      iter #   4 total cpu time : 63682.3 secs   av.it.:  15.8
      thresh= 3.808E-07 alpha_mix =  0.700 |ddv_scf|^2 =  2.097E-12

      iter #   5 total cpu time : 63782.2 secs   av.it.:  15.3
      thresh= 1.448E-07 alpha_mix =  0.700 |ddv_scf|^2 =  3.815E-14

      iter #   6 total cpu time : 63883.5 secs   av.it.:  15.8
      thresh= 1.953E-08 alpha_mix =  0.700 |ddv_scf|^2 =  2.831E-15

     End of self-consistent calculation

     Convergence has been achieved 


     Representation #  34 mode #  35

     Self-consistent Calculation

      iter #   1 total cpu time : 63930.5 secs   av.it.:   3.0
      thresh= 1.000E-02 alpha_mix =  0.700 |ddv_scf|^2 =  8.496E-10

      iter #   2 total cpu time : 64035.0 secs   av.it.:  16.0
      thresh= 2.915E-06 alpha_mix =  0.700 |ddv_scf|^2 =  2.205E-10

      iter #   3 total cpu time : 64141.1 secs   av.it.:  16.0
      thresh= 1.485E-06 alpha_mix =  0.700 |ddv_scf|^2 =  6.398E-12

      iter #   4 total cpu time : 64248.6 secs   av.it.:  15.9
      thresh= 2.529E-07 alpha_mix =  0.700 |ddv_scf|^2 =  1.078E-12

      iter #   5 total cpu time : 64348.9 secs   av.it.:  15.0
      thresh= 1.038E-07 alpha_mix =  0.700 |ddv_scf|^2 =  5.145E-14

      iter #   6 total cpu time : 64450.8 secs   av.it.:  15.3
      thresh= 2.268E-08 alpha_mix =  0.700 |ddv_scf|^2 =  4.159E-15

     End of self-consistent calculation

     Convergence has been achieved 


     Representation #  35 mode #  36

     Self-consistent Calculation

      iter #   1 total cpu time : 64497.3 secs   av.it.:   3.0
      thresh= 1.000E-02 alpha_mix =  0.700 |ddv_scf|^2 =  9.377E-10

      iter #   2 total cpu time : 64602.1 secs   av.it.:  16.0
      thresh= 3.062E-06 alpha_mix =  0.700 |ddv_scf|^2 =  3.091E-10

      iter #   3 total cpu time : 64704.3 secs   av.it.:  15.6
      thresh= 1.758E-06 alpha_mix =  0.700 |ddv_scf|^2 =  6.480E-12

      iter #   4 total cpu time : 64807.6 secs   av.it.:  15.9
      thresh= 2.546E-07 alpha_mix =  0.700 |ddv_scf|^2 =  1.638E-13

      iter #   5 total cpu time : 64912.0 secs   av.it.:  16.0
      thresh= 4.047E-08 alpha_mix =  0.700 |ddv_scf|^2 =  9.362E-15

     End of self-consistent calculation

     Convergence has been achieved 


     Representation #  36 mode #  37

     Self-consistent Calculation

      iter #   1 total cpu time : 64959.7 secs   av.it.:   3.0
      thresh= 1.000E-02 alpha_mix =  0.700 |ddv_scf|^2 =  1.183E-09

      iter #   2 total cpu time : 65065.4 secs   av.it.:  16.0
      thresh= 3.439E-06 alpha_mix =  0.700 |ddv_scf|^2 =  4.218E-10

      iter #   3 total cpu time : 65168.1 secs   av.it.:  15.7
      thresh= 2.054E-06 alpha_mix =  0.700 |ddv_scf|^2 =  5.987E-12

      iter #   4 total cpu time : 65271.8 secs   av.it.:  15.9
      thresh= 2.447E-07 alpha_mix =  0.700 |ddv_scf|^2 =  2.231E-13

      iter #   5 total cpu time : 65376.1 secs   av.it.:  15.9
      thresh= 4.723E-08 alpha_mix =  0.700 |ddv_scf|^2 =  1.467E-14

      iter #   6 total cpu time : 65479.3 secs   av.it.:  15.9
      thresh= 1.211E-08 alpha_mix =  0.700 |ddv_scf|^2 =  9.437E-16

     End of self-consistent calculation

     Convergence has been achieved 


     Representation #  37 mode #  38

     Self-consistent Calculation

      iter #   1 total cpu time : 65528.1 secs   av.it.:   3.9
      thresh= 1.000E-02 alpha_mix =  0.700 |ddv_scf|^2 =  4.238E-09

      iter #   2 total cpu time : 65631.0 secs   av.it.:  15.9
      thresh= 6.510E-06 alpha_mix =  0.700 |ddv_scf|^2 =  2.740E-09

      iter #   3 total cpu time : 65728.9 secs   av.it.:  15.0
      thresh= 5.234E-06 alpha_mix =  0.700 |ddv_scf|^2 =  4.626E-11

      iter #   4 total cpu time : 65826.9 secs   av.it.:  15.0
      thresh= 6.802E-07 alpha_mix =  0.700 |ddv_scf|^2 =  1.558E-12

      iter #   5 total cpu time : 65928.7 secs   av.it.:  15.9
      thresh= 1.248E-07 alpha_mix =  0.700 |ddv_scf|^2 =  1.317E-13

      iter #   6 total cpu time : 66028.6 secs   av.it.:  15.1
      thresh= 3.629E-08 alpha_mix =  0.700 |ddv_scf|^2 =  1.008E-14

      iter #   7 total cpu time : 66126.3 secs   av.it.:  15.0
      thresh= 1.004E-08 alpha_mix =  0.700 |ddv_scf|^2 =  1.655E-16

     End of self-consistent calculation

     Convergence has been achieved 


     Representation #  38 mode #  39

     Self-consistent Calculation

      iter #   1 total cpu time : 66173.3 secs   av.it.:   3.0
      thresh= 1.000E-02 alpha_mix =  0.700 |ddv_scf|^2 =  1.716E-09

      iter #   2 total cpu time : 66277.9 secs   av.it.:  15.9
      thresh= 4.142E-06 alpha_mix =  0.700 |ddv_scf|^2 =  1.797E-10

      iter #   3 total cpu time : 66379.8 secs   av.it.:  15.9
      thresh= 1.340E-06 alpha_mix =  0.700 |ddv_scf|^2 =  8.135E-12

      iter #   4 total cpu time : 66480.6 secs   av.it.:  15.6
      thresh= 2.852E-07 alpha_mix =  0.700 |ddv_scf|^2 =  3.949E-13

      iter #   5 total cpu time : 66580.6 secs   av.it.:  15.2
      thresh= 6.284E-08 alpha_mix =  0.700 |ddv_scf|^2 =  2.470E-14

      iter #   6 total cpu time : 66682.3 secs   av.it.:  15.0
      thresh= 1.571E-08 alpha_mix =  0.700 |ddv_scf|^2 =  8.727E-15

     End of self-consistent calculation

     Convergence has been achieved 


     Representation #  39 mode #  40

     Self-consistent Calculation

      iter #   1 total cpu time : 66730.8 secs   av.it.:   3.5
      thresh= 1.000E-02 alpha_mix =  0.700 |ddv_scf|^2 =  2.566E-09

      iter #   2 total cpu time : 66832.9 secs   av.it.:  16.0
      thresh= 5.066E-06 alpha_mix =  0.700 |ddv_scf|^2 =  1.415E-09

      iter #   3 total cpu time : 66931.0 secs   av.it.:  15.0
      thresh= 3.762E-06 alpha_mix =  0.700 |ddv_scf|^2 =  2.574E-12

      iter #   4 total cpu time : 67032.9 secs   av.it.:  16.0
      thresh= 1.604E-07 alpha_mix =  0.700 |ddv_scf|^2 =  3.778E-13

      iter #   5 total cpu time : 67132.4 secs   av.it.:  15.9
      thresh= 6.147E-08 alpha_mix =  0.700 |ddv_scf|^2 =  1.774E-14

      iter #   6 total cpu time : 67232.7 secs   av.it.:  15.9
      thresh= 1.332E-08 alpha_mix =  0.700 |ddv_scf|^2 =  1.196E-15

     End of self-consistent calculation

     Convergence has been achieved 


     Representation #  40 mode #  41

     Self-consistent Calculation

      iter #   1 total cpu time : 67285.8 secs   av.it.:   4.1
      thresh= 1.000E-02 alpha_mix =  0.700 |ddv_scf|^2 =  1.307E-08

      iter #   2 total cpu time : 67385.9 secs   av.it.:  15.9
      thresh= 1.143E-05 alpha_mix =  0.700 |ddv_scf|^2 =  5.483E-09

      iter #   3 total cpu time : 67483.4 secs   av.it.:  15.0
      thresh= 7.404E-06 alpha_mix =  0.700 |ddv_scf|^2 =  2.743E-10

      iter #   4 total cpu time : 67585.1 secs   av.it.:  15.0
      thresh= 1.656E-06 alpha_mix =  0.700 |ddv_scf|^2 =  3.333E-12

      iter #   5 total cpu time : 67706.1 secs   av.it.:  15.9
      thresh= 1.826E-07 alpha_mix =  0.700 |ddv_scf|^2 =  5.239E-13

      iter #   6 total cpu time : 67812.3 secs   av.it.:  15.9
      thresh= 7.238E-08 alpha_mix =  0.700 |ddv_scf|^2 =  4.747E-15

     End of self-consistent calculation

     Convergence has been achieved 


     Representation #  41 mode #  42

     Self-consistent Calculation

      iter #   1 total cpu time : 67860.5 secs   av.it.:   3.0
      thresh= 1.000E-02 alpha_mix =  0.700 |ddv_scf|^2 =  1.983E-09

      iter #   2 total cpu time : 67967.4 secs   av.it.:  16.0
      thresh= 4.454E-06 alpha_mix =  0.700 |ddv_scf|^2 =  7.327E-10

      iter #   3 total cpu time : 68071.4 secs   av.it.:  15.3
      thresh= 2.707E-06 alpha_mix =  0.700 |ddv_scf|^2 =  2.319E-11

      iter #   4 total cpu time : 68174.2 secs   av.it.:  15.0
      thresh= 4.816E-07 alpha_mix =  0.700 |ddv_scf|^2 =  2.796E-12

      iter #   5 total cpu time : 68274.9 secs   av.it.:  14.9
      thresh= 1.672E-07 alpha_mix =  0.700 |ddv_scf|^2 =  7.210E-14

      iter #   6 total cpu time : 68378.5 secs   av.it.:  15.1
      thresh= 2.685E-08 alpha_mix =  0.700 |ddv_scf|^2 =  3.410E-15

     End of self-consistent calculation

     Convergence has been achieved 


     Representation #  42 mode #  43

     Self-consistent Calculation

      iter #   1 total cpu time : 68425.4 secs   av.it.:   3.0
      thresh= 1.000E-02 alpha_mix =  0.700 |ddv_scf|^2 =  7.872E-10

      iter #   2 total cpu time : 68529.2 secs   av.it.:  16.0
      thresh= 2.806E-06 alpha_mix =  0.700 |ddv_scf|^2 =  8.403E-10

      iter #   3 total cpu time : 68624.7 secs   av.it.:  14.9
      thresh= 2.899E-06 alpha_mix =  0.700 |ddv_scf|^2 =  3.187E-12

      iter #   4 total cpu time : 68733.5 secs   av.it.:  16.4
      thresh= 1.785E-07 alpha_mix =  0.700 |ddv_scf|^2 =  6.305E-13

      iter #   5 total cpu time : 68836.9 secs   av.it.:  16.0
      thresh= 7.940E-08 alpha_mix =  0.700 |ddv_scf|^2 =  5.409E-14

      iter #   6 total cpu time : 68937.5 secs   av.it.:  15.3
      thresh= 2.326E-08 alpha_mix =  0.700 |ddv_scf|^2 =  2.367E-15

     End of self-consistent calculation

     Convergence has been achieved 


     Representation #  43 mode #  44

     Self-consistent Calculation

      iter #   1 total cpu time : 68984.0 secs   av.it.:   3.0
      thresh= 1.000E-02 alpha_mix =  0.700 |ddv_scf|^2 =  9.800E-10

      iter #   2 total cpu time : 69087.6 secs   av.it.:  16.0
      thresh= 3.131E-06 alpha_mix =  0.700 |ddv_scf|^2 =  3.676E-10

      iter #   3 total cpu time : 69192.0 secs   av.it.:  15.4
      thresh= 1.917E-06 alpha_mix =  0.700 |ddv_scf|^2 =  5.474E-12

      iter #   4 total cpu time : 69298.6 secs   av.it.:  15.9
      thresh= 2.340E-07 alpha_mix =  0.700 |ddv_scf|^2 =  3.789E-13

      iter #   5 total cpu time : 69403.7 secs   av.it.:  15.8
      thresh= 6.155E-08 alpha_mix =  0.700 |ddv_scf|^2 =  1.806E-14

      iter #   6 total cpu time : 69509.1 secs   av.it.:  15.8
      thresh= 1.344E-08 alpha_mix =  0.700 |ddv_scf|^2 =  2.581E-15

     End of self-consistent calculation

     Convergence has been achieved 


     Representation #  44 mode #  45

     Self-consistent Calculation

      iter #   1 total cpu time : 69559.1 secs   av.it.:   3.4
      thresh= 1.000E-02 alpha_mix =  0.700 |ddv_scf|^2 =  2.264E-09

      iter #   2 total cpu time : 69663.6 secs   av.it.:  16.0
      thresh= 4.759E-06 alpha_mix =  0.700 |ddv_scf|^2 =  1.217E-09

      iter #   3 total cpu time : 69762.9 secs   av.it.:  15.0
      thresh= 3.489E-06 alpha_mix =  0.700 |ddv_scf|^2 =  1.905E-11

      iter #   4 total cpu time : 69861.6 secs   av.it.:  15.0
      thresh= 4.365E-07 alpha_mix =  0.700 |ddv_scf|^2 =  2.061E-12

      iter #   5 total cpu time : 69964.1 secs   av.it.:  15.2
      thresh= 1.436E-07 alpha_mix =  0.700 |ddv_scf|^2 =  3.542E-14

      iter #   6 total cpu time : 70067.2 secs   av.it.:  15.9
      thresh= 1.882E-08 alpha_mix =  0.700 |ddv_scf|^2 =  3.795E-15

     End of self-consistent calculation

     Convergence has been achieved 


     Representation #  45 mode #  46

     Self-consistent Calculation

      iter #   1 total cpu time : 70115.7 secs   av.it.:   3.5
      thresh= 1.000E-02 alpha_mix =  0.700 |ddv_scf|^2 =  2.133E-09

      iter #   2 total cpu time : 70225.0 secs   av.it.:  16.0
      thresh= 4.618E-06 alpha_mix =  0.700 |ddv_scf|^2 =  1.064E-09

      iter #   3 total cpu time : 70326.5 secs   av.it.:  15.3
      thresh= 3.261E-06 alpha_mix =  0.700 |ddv_scf|^2 =  7.208E-12

      iter #   4 total cpu time : 70428.1 secs   av.it.:  15.3
      thresh= 2.685E-07 alpha_mix =  0.700 |ddv_scf|^2 =  2.379E-12

      iter #   5 total cpu time : 70527.3 secs   av.it.:  15.0
      thresh= 1.542E-07 alpha_mix =  0.700 |ddv_scf|^2 =  4.438E-14

      iter #   6 total cpu time : 70629.6 secs   av.it.:  15.7
      thresh= 2.107E-08 alpha_mix =  0.700 |ddv_scf|^2 =  4.363E-15

     End of self-consistent calculation

     Convergence has been achieved 


     Representation #  46 mode #  47

     Self-consistent Calculation

      iter #   1 total cpu time : 70677.9 secs   av.it.:   3.3
      thresh= 1.000E-02 alpha_mix =  0.700 |ddv_scf|^2 =  1.793E-09

      iter #   2 total cpu time : 70782.1 secs   av.it.:  16.0
      thresh= 4.235E-06 alpha_mix =  0.700 |ddv_scf|^2 =  1.030E-09

      iter #   3 total cpu time : 70881.2 secs   av.it.:  15.0
      thresh= 3.210E-06 alpha_mix =  0.700 |ddv_scf|^2 =  1.730E-12

      iter #   4 total cpu time : 70986.7 secs   av.it.:  16.0
      thresh= 1.315E-07 alpha_mix =  0.700 |ddv_scf|^2 =  3.159E-13

      iter #   5 total cpu time : 71091.8 secs   av.it.:  15.9
      thresh= 5.621E-08 alpha_mix =  0.700 |ddv_scf|^2 =  1.453E-14

      iter #   6 total cpu time : 71197.2 secs   av.it.:  15.9
      thresh= 1.206E-08 alpha_mix =  0.700 |ddv_scf|^2 =  7.324E-16

     End of self-consistent calculation

     Convergence has been achieved 


     Representation #  47 mode #  48

     Self-consistent Calculation

      iter #   1 total cpu time : 71245.7 secs   av.it.:   3.3
      thresh= 1.000E-02 alpha_mix =  0.700 |ddv_scf|^2 =  2.329E-09

      iter #   2 total cpu time : 71349.3 secs   av.it.:  16.0
      thresh= 4.825E-06 alpha_mix =  0.700 |ddv_scf|^2 =  1.167E-09

      iter #   3 total cpu time : 71451.9 secs   av.it.:  15.0
      thresh= 3.417E-06 alpha_mix =  0.700 |ddv_scf|^2 =  3.744E-12

      iter #   4 total cpu time : 71558.8 secs   av.it.:  16.0
      thresh= 1.935E-07 alpha_mix =  0.700 |ddv_scf|^2 =  3.696E-13

      iter #   5 total cpu time : 71663.8 secs   av.it.:  15.8
      thresh= 6.079E-08 alpha_mix =  0.700 |ddv_scf|^2 =  2.188E-14

      iter #   6 total cpu time : 71768.8 secs   av.it.:  15.9
      thresh= 1.479E-08 alpha_mix =  0.700 |ddv_scf|^2 =  2.746E-15

     End of self-consistent calculation

     Convergence has been achieved 


     Representation #  48 mode #  49

     Self-consistent Calculation

      iter #   1 total cpu time : 71824.3 secs   av.it.:   4.5
      thresh= 1.000E-02 alpha_mix =  0.700 |ddv_scf|^2 =  5.834E-09

      iter #   2 total cpu time : 71928.6 secs   av.it.:  16.0
      thresh= 7.638E-06 alpha_mix =  0.700 |ddv_scf|^2 =  8.907E-10

      iter #   3 total cpu time : 72030.5 secs   av.it.:  15.9
      thresh= 2.985E-06 alpha_mix =  0.700 |ddv_scf|^2 =  2.751E-11

      iter #   4 total cpu time : 72132.5 secs   av.it.:  15.9
      thresh= 5.245E-07 alpha_mix =  0.700 |ddv_scf|^2 =  2.403E-12

      iter #   5 total cpu time : 72235.0 secs   av.it.:  15.9
      thresh= 1.550E-07 alpha_mix =  0.700 |ddv_scf|^2 =  2.072E-13

      iter #   6 total cpu time : 72338.0 secs   av.it.:  16.0
      thresh= 4.552E-08 alpha_mix =  0.700 |ddv_scf|^2 =  1.878E-15

     End of self-consistent calculation

     Convergence has been achieved 


     Representation #  49 mode #  50

     Self-consistent Calculation

      iter #   1 total cpu time : 72404.1 secs   av.it.:   6.4
      thresh= 1.000E-02 alpha_mix =  0.700 |ddv_scf|^2 =  7.193E-08

      iter #   2 total cpu time : 72506.9 secs   av.it.:  16.0
      thresh= 2.682E-05 alpha_mix =  0.700 |ddv_scf|^2 =  2.619E-08

      iter #   3 total cpu time : 72607.0 secs   av.it.:  15.5
      thresh= 1.618E-05 alpha_mix =  0.700 |ddv_scf|^2 =  8.421E-11

      iter #   4 total cpu time : 72710.1 secs   av.it.:  16.0
      thresh= 9.177E-07 alpha_mix =  0.700 |ddv_scf|^2 =  7.744E-12

      iter #   5 total cpu time : 72816.7 secs   av.it.:  16.0
      thresh= 2.783E-07 alpha_mix =  0.700 |ddv_scf|^2 =  5.402E-13

      iter #   6 total cpu time : 72922.9 secs   av.it.:  16.0
      thresh= 7.350E-08 alpha_mix =  0.700 |ddv_scf|^2 =  3.092E-14

      iter #   7 total cpu time : 73027.8 secs   av.it.:  15.7
      thresh= 1.758E-08 alpha_mix =  0.700 |ddv_scf|^2 =  1.757E-15

     End of self-consistent calculation

     Convergence has been achieved 


     Representation #  50 mode #  51

     Self-consistent Calculation

      iter #   1 total cpu time : 73094.9 secs   av.it.:   6.4
      thresh= 1.000E-02 alpha_mix =  0.700 |ddv_scf|^2 =  7.462E-08

      iter #   2 total cpu time : 73199.3 secs   av.it.:  16.0
      thresh= 2.732E-05 alpha_mix =  0.700 |ddv_scf|^2 =  2.918E-08

      iter #   3 total cpu time : 73300.7 secs   av.it.:  15.1
      thresh= 1.708E-05 alpha_mix =  0.700 |ddv_scf|^2 =  5.493E-11

      iter #   4 total cpu time : 73405.4 secs   av.it.:  16.0
      thresh= 7.412E-07 alpha_mix =  0.700 |ddv_scf|^2 =  5.369E-12

      iter #   5 total cpu time : 73510.7 secs   av.it.:  16.0
      thresh= 2.317E-07 alpha_mix =  0.700 |ddv_scf|^2 =  3.121E-13

      iter #   6 total cpu time : 73614.7 secs   av.it.:  15.9
      thresh= 5.586E-08 alpha_mix =  0.700 |ddv_scf|^2 =  1.568E-14

      iter #   7 total cpu time : 73717.6 secs   av.it.:  15.8
      thresh= 1.252E-08 alpha_mix =  0.700 |ddv_scf|^2 =  8.937E-16

     End of self-consistent calculation

     Convergence has been achieved 


     Representation #  51 mode #  52

     Self-consistent Calculation

      iter #   1 total cpu time : 73773.4 secs   av.it.:   5.0
      thresh= 1.000E-02 alpha_mix =  0.700 |ddv_scf|^2 =  1.476E-08

      iter #   2 total cpu time : 73878.4 secs   av.it.:  16.0
      thresh= 1.215E-05 alpha_mix =  0.700 |ddv_scf|^2 =  4.869E-09

      iter #   3 total cpu time : 73980.2 secs   av.it.:  15.0
      thresh= 6.978E-06 alpha_mix =  0.700 |ddv_scf|^2 =  1.998E-11

      iter #   4 total cpu time : 74085.4 secs   av.it.:  16.0
      thresh= 4.470E-07 alpha_mix =  0.700 |ddv_scf|^2 =  2.034E-12

      iter #   5 total cpu time : 74189.1 secs   av.it.:  15.9
      thresh= 1.426E-07 alpha_mix =  0.700 |ddv_scf|^2 =  3.179E-14

      iter #   6 total cpu time : 74295.6 secs   av.it.:  16.0
      thresh= 1.783E-08 alpha_mix =  0.700 |ddv_scf|^2 =  3.212E-15

     End of self-consistent calculation

     Convergence has been achieved 


     Representation #  52 mode #  53

     Self-consistent Calculation

      iter #   1 total cpu time : 74343.4 secs   av.it.:   3.0
      thresh= 1.000E-02 alpha_mix =  0.700 |ddv_scf|^2 =  1.532E-09

      iter #   2 total cpu time : 74448.4 secs   av.it.:  16.0
      thresh= 3.915E-06 alpha_mix =  0.700 |ddv_scf|^2 =  5.198E-10

      iter #   3 total cpu time : 74549.6 secs   av.it.:  15.6
      thresh= 2.280E-06 alpha_mix =  0.700 |ddv_scf|^2 =  3.542E-12

      iter #   4 total cpu time : 74651.6 secs   av.it.:  16.0
      thresh= 1.882E-07 alpha_mix =  0.700 |ddv_scf|^2 =  4.029E-13

      iter #   5 total cpu time : 74755.8 secs   av.it.:  15.8
      thresh= 6.348E-08 alpha_mix =  0.700 |ddv_scf|^2 =  1.923E-14

      iter #   6 total cpu time : 74862.3 secs   av.it.:  15.9
      thresh= 1.387E-08 alpha_mix =  0.700 |ddv_scf|^2 =  6.485E-16

     End of self-consistent calculation

     Convergence has been achieved 


     Representation #  53 mode #  54

     Self-consistent Calculation

      iter #   1 total cpu time : 74907.5 secs   av.it.:   3.0
      thresh= 1.000E-02 alpha_mix =  0.700 |ddv_scf|^2 =  4.134E-10

      iter #   2 total cpu time : 75010.0 secs   av.it.:  16.0
      thresh= 2.033E-06 alpha_mix =  0.700 |ddv_scf|^2 =  9.787E-11

      iter #   3 total cpu time : 75114.7 secs   av.it.:  15.9
      thresh= 9.893E-07 alpha_mix =  0.700 |ddv_scf|^2 =  6.914E-12

      iter #   4 total cpu time : 75221.0 secs   av.it.:  15.9
      thresh= 2.629E-07 alpha_mix =  0.700 |ddv_scf|^2 =  2.313E-13

      iter #   5 total cpu time : 75327.5 secs   av.it.:  15.9
      thresh= 4.809E-08 alpha_mix =  0.700 |ddv_scf|^2 =  1.056E-14

      iter #   6 total cpu time : 75431.4 secs   av.it.:  15.9
      thresh= 1.027E-08 alpha_mix =  0.700 |ddv_scf|^2 =  6.491E-16

     End of self-consistent calculation

     Convergence has been achieved 


     Representation #  54 mode #  55

     Self-consistent Calculation

      iter #   1 total cpu time : 75480.7 secs   av.it.:   3.7
      thresh= 1.000E-02 alpha_mix =  0.700 |ddv_scf|^2 =  2.590E-09

      iter #   2 total cpu time : 75586.5 secs   av.it.:  16.0
      thresh= 5.090E-06 alpha_mix =  0.700 |ddv_scf|^2 =  1.341E-09

      iter #   3 total cpu time : 75688.4 secs   av.it.:  15.0
      thresh= 3.661E-06 alpha_mix =  0.700 |ddv_scf|^2 =  2.584E-12

      iter #   4 total cpu time : 75795.7 secs   av.it.:  16.0
      thresh= 1.608E-07 alpha_mix =  0.700 |ddv_scf|^2 =  1.690E-13

      iter #   5 total cpu time : 75903.0 secs   av.it.:  16.0
      thresh= 4.111E-08 alpha_mix =  0.700 |ddv_scf|^2 =  1.685E-14

      iter #   6 total cpu time : 76007.5 secs   av.it.:  15.9
      thresh= 1.298E-08 alpha_mix =  0.700 |ddv_scf|^2 =  1.020E-15

     End of self-consistent calculation

     Convergence has been achieved 


     Representation #  55 mode #  56

     Self-consistent Calculation

      iter #   1 total cpu time : 76057.1 secs   av.it.:   3.7
      thresh= 1.000E-02 alpha_mix =  0.700 |ddv_scf|^2 =  1.991E-09

      iter #   2 total cpu time : 76163.6 secs   av.it.:  16.0
      thresh= 4.462E-06 alpha_mix =  0.700 |ddv_scf|^2 =  1.103E-09

      iter #   3 total cpu time : 76264.9 secs   av.it.:  15.0
      thresh= 3.321E-06 alpha_mix =  0.700 |ddv_scf|^2 =  1.748E-12

      iter #   4 total cpu time : 76370.4 secs   av.it.:  16.0
      thresh= 1.322E-07 alpha_mix =  0.700 |ddv_scf|^2 =  3.055E-13

      iter #   5 total cpu time : 76472.8 secs   av.it.:  15.9
      thresh= 5.527E-08 alpha_mix =  0.700 |ddv_scf|^2 =  1.157E-14

      iter #   6 total cpu time : 76576.0 secs   av.it.:  16.0
      thresh= 1.076E-08 alpha_mix =  0.700 |ddv_scf|^2 =  5.290E-16

     End of self-consistent calculation

     Convergence has been achieved 


     Representation #  56 mode #  57

     Self-consistent Calculation

      iter #   1 total cpu time : 76631.9 secs   av.it.:   4.9
      thresh= 1.000E-02 alpha_mix =  0.700 |ddv_scf|^2 =  2.670E-08

      iter #   2 total cpu time : 76738.0 secs   av.it.:  15.9
      thresh= 1.634E-05 alpha_mix =  0.700 |ddv_scf|^2 =  1.479E-08

      iter #   3 total cpu time : 76836.7 secs   av.it.:  14.9
      thresh= 1.216E-05 alpha_mix =  0.700 |ddv_scf|^2 =  7.885E-11

      iter #   4 total cpu time : 76938.0 secs   av.it.:  15.3
      thresh= 8.880E-07 alpha_mix =  0.700 |ddv_scf|^2 =  1.185E-11

      iter #   5 total cpu time : 77037.9 secs   av.it.:  15.2
      thresh= 3.442E-07 alpha_mix =  0.700 |ddv_scf|^2 =  4.799E-13

      iter #   6 total cpu time : 77138.9 secs   av.it.:  15.9
      thresh= 6.928E-08 alpha_mix =  0.700 |ddv_scf|^2 =  2.021E-14

      iter #   7 total cpu time : 77246.4 secs   av.it.:  16.0
      thresh= 1.422E-08 alpha_mix =  0.700 |ddv_scf|^2 =  2.159E-15

     End of self-consistent calculation

     Convergence has been achieved 


     Representation #  57 mode #  58

     Self-consistent Calculation

      iter #   1 total cpu time : 77294.3 secs   av.it.:   3.0
      thresh= 1.000E-02 alpha_mix =  0.700 |ddv_scf|^2 =  1.948E-09

      iter #   2 total cpu time : 77400.8 secs   av.it.:  16.0
      thresh= 4.414E-06 alpha_mix =  0.700 |ddv_scf|^2 =  6.915E-10

      iter #   3 total cpu time : 77504.9 secs   av.it.:  15.3
      thresh= 2.630E-06 alpha_mix =  0.700 |ddv_scf|^2 =  1.089E-11

      iter #   4 total cpu time : 77607.6 secs   av.it.:  15.3
      thresh= 3.300E-07 alpha_mix =  0.700 |ddv_scf|^2 =  2.642E-12

      iter #   5 total cpu time : 77706.2 secs   av.it.:  14.9
      thresh= 1.625E-07 alpha_mix =  0.700 |ddv_scf|^2 =  4.665E-14

      iter #   6 total cpu time : 77808.9 secs   av.it.:  15.7
      thresh= 2.160E-08 alpha_mix =  0.700 |ddv_scf|^2 =  3.096E-15

     End of self-consistent calculation

     Convergence has been achieved 


     Representation #  58 mode #  59

     Self-consistent Calculation

      iter #   1 total cpu time : 77863.7 secs   av.it.:   4.4
      thresh= 1.000E-02 alpha_mix =  0.700 |ddv_scf|^2 =  1.154E-08

      iter #   2 total cpu time : 77968.1 secs   av.it.:  15.9
      thresh= 1.074E-05 alpha_mix =  0.700 |ddv_scf|^2 =  3.075E-09

      iter #   3 total cpu time : 78070.4 secs   av.it.:  15.0
      thresh= 5.546E-06 alpha_mix =  0.700 |ddv_scf|^2 =  1.953E-10

      iter #   4 total cpu time : 78171.4 secs   av.it.:  14.9
      thresh= 1.397E-06 alpha_mix =  0.700 |ddv_scf|^2 =  5.117E-12

      iter #   5 total cpu time : 78276.3 secs   av.it.:  15.9
      thresh= 2.262E-07 alpha_mix =  0.700 |ddv_scf|^2 =  8.985E-13

      iter #   6 total cpu time : 78381.0 secs   av.it.:  15.7
      thresh= 9.479E-08 alpha_mix =  0.700 |ddv_scf|^2 =  2.501E-15

     End of self-consistent calculation

     Convergence has been achieved 


     Representation #  59 mode #  60

     Self-consistent Calculation

      iter #   1 total cpu time : 78431.0 secs   av.it.:   3.7
      thresh= 1.000E-02 alpha_mix =  0.700 |ddv_scf|^2 =  2.047E-09

      iter #   2 total cpu time : 78537.3 secs   av.it.:  16.0
      thresh= 4.525E-06 alpha_mix =  0.700 |ddv_scf|^2 =  7.468E-10

      iter #   3 total cpu time : 78639.4 secs   av.it.:  15.4
      thresh= 2.733E-06 alpha_mix =  0.700 |ddv_scf|^2 =  1.148E-11

      iter #   4 total cpu time : 78742.8 secs   av.it.:  15.9
      thresh= 3.389E-07 alpha_mix =  0.700 |ddv_scf|^2 =  4.414E-13

      iter #   5 total cpu time : 78845.9 secs   av.it.:  15.9
      thresh= 6.644E-08 alpha_mix =  0.700 |ddv_scf|^2 =  1.584E-14

      iter #   6 total cpu time : 78950.2 secs   av.it.:  15.9
      thresh= 1.258E-08 alpha_mix =  0.700 |ddv_scf|^2 =  1.287E-15

     End of self-consistent calculation

     Convergence has been achieved 


     Representation #  60 mode #  61

     Self-consistent Calculation

      iter #   1 total cpu time : 78998.1 secs   av.it.:   3.1
      thresh= 1.000E-02 alpha_mix =  0.700 |ddv_scf|^2 =  7.285E-09

      iter #   2 total cpu time : 79100.2 secs   av.it.:  15.3
      thresh= 8.535E-06 alpha_mix =  0.700 |ddv_scf|^2 =  6.432E-09

      iter #   3 total cpu time : 79197.1 secs   av.it.:  14.7
      thresh= 8.020E-06 alpha_mix =  0.700 |ddv_scf|^2 =  7.943E-12

      iter #   4 total cpu time : 79300.4 secs   av.it.:  16.0
      thresh= 2.818E-07 alpha_mix =  0.700 |ddv_scf|^2 =  1.509E-12

      iter #   5 total cpu time : 79400.7 secs   av.it.:  15.3
      thresh= 1.228E-07 alpha_mix =  0.700 |ddv_scf|^2 =  5.639E-14

      iter #   6 total cpu time : 79501.1 secs   av.it.:  15.4
      thresh= 2.375E-08 alpha_mix =  0.700 |ddv_scf|^2 =  3.830E-15

     End of self-consistent calculation

     Convergence has been achieved 


     Representation #  61 mode #  62

     Self-consistent Calculation

      iter #   1 total cpu time : 79548.0 secs   av.it.:   3.0
      thresh= 1.000E-02 alpha_mix =  0.700 |ddv_scf|^2 =  1.844E-09

      iter #   2 total cpu time : 79653.2 secs   av.it.:  16.0
      thresh= 4.294E-06 alpha_mix =  0.700 |ddv_scf|^2 =  7.113E-10

      iter #   3 total cpu time : 79758.8 secs   av.it.:  15.5
      thresh= 2.667E-06 alpha_mix =  0.700 |ddv_scf|^2 =  7.786E-12

      iter #   4 total cpu time : 79865.5 secs   av.it.:  15.9
      thresh= 2.790E-07 alpha_mix =  0.700 |ddv_scf|^2 =  3.712E-13

      iter #   5 total cpu time : 79971.0 secs   av.it.:  15.6
      thresh= 6.093E-08 alpha_mix =  0.700 |ddv_scf|^2 =  1.845E-14

      iter #   6 total cpu time : 80077.4 secs   av.it.:  15.8
      thresh= 1.358E-08 alpha_mix =  0.700 |ddv_scf|^2 =  2.112E-15

     End of self-consistent calculation

     Convergence has been achieved 


     Representation #  62 mode #  63

     Self-consistent Calculation

      iter #   1 total cpu time : 80126.3 secs   av.it.:   3.0
      thresh= 1.000E-02 alpha_mix =  0.700 |ddv_scf|^2 =  1.775E-09

      iter #   2 total cpu time : 80234.8 secs   av.it.:  16.0
      thresh= 4.213E-06 alpha_mix =  0.700 |ddv_scf|^2 =  7.384E-10

      iter #   3 total cpu time : 80340.1 secs   av.it.:  15.3
      thresh= 2.717E-06 alpha_mix =  0.700 |ddv_scf|^2 =  4.835E-12

      iter #   4 total cpu time : 80446.3 secs   av.it.:  16.0
      thresh= 2.199E-07 alpha_mix =  0.700 |ddv_scf|^2 =  4.830E-13

      iter #   5 total cpu time : 80547.0 secs   av.it.:  15.5
      thresh= 6.950E-08 alpha_mix =  0.700 |ddv_scf|^2 =  1.998E-14

      iter #   6 total cpu time : 80648.9 secs   av.it.:  15.9
      thresh= 1.414E-08 alpha_mix =  0.700 |ddv_scf|^2 =  2.751E-15

     End of self-consistent calculation

     Convergence has been achieved 


     Representation #  63 mode #  64

     Self-consistent Calculation

      iter #   1 total cpu time : 80697.7 secs   av.it.:   3.2
      thresh= 1.000E-02 alpha_mix =  0.700 |ddv_scf|^2 =  2.020E-09

      iter #   2 total cpu time : 80802.5 secs   av.it.:  16.0
      thresh= 4.494E-06 alpha_mix =  0.700 |ddv_scf|^2 =  1.408E-09

      iter #   3 total cpu time : 80901.7 secs   av.it.:  15.0
      thresh= 3.753E-06 alpha_mix =  0.700 |ddv_scf|^2 =  1.643E-11

      iter #   4 total cpu time : 81006.8 secs   av.it.:  15.8
      thresh= 4.054E-07 alpha_mix =  0.700 |ddv_scf|^2 =  3.173E-12

      iter #   5 total cpu time : 81108.5 secs   av.it.:  15.0
      thresh= 1.781E-07 alpha_mix =  0.700 |ddv_scf|^2 =  8.164E-14

      iter #   6 total cpu time : 81210.6 secs   av.it.:  15.0
      thresh= 2.857E-08 alpha_mix =  0.700 |ddv_scf|^2 =  6.154E-15

     End of self-consistent calculation

     Convergence has been achieved 


     Representation #  64 mode #  65

     Self-consistent Calculation

      iter #   1 total cpu time : 81258.8 secs   av.it.:   3.0
      thresh= 1.000E-02 alpha_mix =  0.700 |ddv_scf|^2 =  1.691E-09

      iter #   2 total cpu time : 81367.4 secs   av.it.:  16.0
      thresh= 4.113E-06 alpha_mix =  0.700 |ddv_scf|^2 =  8.273E-10

      iter #   3 total cpu time : 81471.1 secs   av.it.:  15.2
      thresh= 2.876E-06 alpha_mix =  0.700 |ddv_scf|^2 =  3.110E-12

      iter #   4 total cpu time : 81574.7 secs   av.it.:  16.0
      thresh= 1.764E-07 alpha_mix =  0.700 |ddv_scf|^2 =  2.782E-13

      iter #   5 total cpu time : 81676.7 secs   av.it.:  15.9
      thresh= 5.275E-08 alpha_mix =  0.700 |ddv_scf|^2 =  2.253E-14

      iter #   6 total cpu time : 81781.5 secs   av.it.:  15.6
      thresh= 1.501E-08 alpha_mix =  0.700 |ddv_scf|^2 =  1.842E-15

     End of self-consistent calculation

     Convergence has been achieved 


     Representation #  65 mode #  66

     Self-consistent Calculation

      iter #   1 total cpu time : 81832.5 secs   av.it.:   4.0
      thresh= 1.000E-02 alpha_mix =  0.700 |ddv_scf|^2 =  1.526E-08

      iter #   2 total cpu time : 81932.4 secs   av.it.:  15.3
      thresh= 1.235E-05 alpha_mix =  0.700 |ddv_scf|^2 =  1.342E-08

      iter #   3 total cpu time : 82031.7 secs   av.it.:  14.8
      thresh= 1.158E-05 alpha_mix =  0.700 |ddv_scf|^2 =  1.835E-11

      iter #   4 total cpu time : 82137.7 secs   av.it.:  15.9
      thresh= 4.284E-07 alpha_mix =  0.700 |ddv_scf|^2 =  1.267E-12

      iter #   5 total cpu time : 82244.4 secs   av.it.:  16.0
      thresh= 1.126E-07 alpha_mix =  0.700 |ddv_scf|^2 =  1.703E-13

      iter #   6 total cpu time : 82345.5 secs   av.it.:  15.0
      thresh= 4.127E-08 alpha_mix =  0.700 |ddv_scf|^2 =  7.665E-16

     End of self-consistent calculation

     Convergence has been achieved 

     Number of q in the star =    1
     List of q in the star:
          1   0.000000000   0.000000000  -0.798945035

     Diagonalizing the dynamical matrix

     q = (    0.000000000   0.000000000  -0.798945035 ) 

 **************************************************************************
     freq (    1) =       1.626328 [THz] =      54.248450 [cm-1]
     freq (    2) =       1.691807 [THz] =      56.432617 [cm-1]
     freq (    3) =       1.837308 [THz] =      61.286014 [cm-1]
     freq (    4) =       1.851720 [THz] =      61.766736 [cm-1]
     freq (    5) =       3.332496 [THz] =     111.160113 [cm-1]
     freq (    6) =       3.349919 [THz] =     111.741258 [cm-1]
     freq (    7) =       4.254604 [THz] =     141.918322 [cm-1]
     freq (    8) =       4.273212 [THz] =     142.539021 [cm-1]
     freq (    9) =       4.377851 [THz] =     146.029379 [cm-1]
     freq (   10) =       4.426043 [THz] =     147.636895 [cm-1]
     freq (   11) =       6.543064 [THz] =     218.253126 [cm-1]
     freq (   12) =       6.551788 [THz] =     218.544118 [cm-1]
     freq (   13) =       6.703940 [THz] =     223.619353 [cm-1]
     freq (   14) =       6.776822 [THz] =     226.050446 [cm-1]
     freq (   15) =       7.306666 [THz] =     243.724136 [cm-1]
     freq (   16) =       7.341722 [THz] =     244.893472 [cm-1]
     freq (   17) =       7.947137 [THz] =     265.087961 [cm-1]
     freq (   18) =       8.004589 [THz] =     267.004340 [cm-1]
     freq (   19) =       8.547580 [THz] =     285.116571 [cm-1]
     freq (   20) =       8.555700 [THz] =     285.387444 [cm-1]
     freq (   21) =       8.924725 [THz] =     297.696787 [cm-1]
     freq (   22) =       8.948561 [THz] =     298.491855 [cm-1]
     freq (   23) =       9.265797 [THz] =     309.073734 [cm-1]
     freq (   24) =       9.280993 [THz] =     309.580611 [cm-1]
     freq (   25) =       9.425688 [THz] =     314.407114 [cm-1]
     freq (   26) =       9.478706 [THz] =     316.175585 [cm-1]
     freq (   27) =      12.273417 [THz] =     409.397127 [cm-1]
     freq (   28) =      12.306409 [THz] =     410.497611 [cm-1]
     freq (   29) =      12.464444 [THz] =     415.769104 [cm-1]
     freq (   30) =      12.496154 [THz] =     416.826842 [cm-1]
     freq (   31) =      30.435757 [THz] =    1015.227589 [cm-1]
     freq (   32) =      30.441690 [THz] =    1015.425482 [cm-1]
     freq (   33) =      30.635917 [THz] =    1021.904190 [cm-1]
     freq (   34) =      30.643743 [THz] =    1022.165228 [cm-1]
     freq (   35) =      31.857348 [THz] =    1062.646740 [cm-1]
     freq (   36) =      31.881287 [THz] =    1063.445271 [cm-1]
     freq (   37) =      31.966422 [THz] =    1066.285049 [cm-1]
     freq (   38) =      31.974252 [THz] =    1066.546227 [cm-1]
     freq (   39) =      32.654714 [THz] =    1089.244023 [cm-1]
     freq (   40) =      32.658197 [THz] =    1089.360183 [cm-1]
     freq (   41) =      32.832186 [THz] =    1095.163828 [cm-1]
     freq (   42) =      32.839639 [THz] =    1095.412442 [cm-1]
     freq (   43) =      35.786291 [THz] =    1193.702187 [cm-1]
     freq (   44) =      35.804506 [THz] =    1194.309757 [cm-1]
     freq (   45) =      35.807927 [THz] =    1194.423875 [cm-1]
     freq (   46) =      35.820701 [THz] =    1194.849965 [cm-1]
     freq (   47) =      36.311557 [THz] =    1211.223152 [cm-1]
     freq (   48) =      36.340392 [THz] =    1212.184991 [cm-1]
     freq (   49) =      36.570083 [THz] =    1219.846669 [cm-1]
     freq (   50) =      36.571663 [THz] =    1219.899384 [cm-1]
     freq (   51) =      68.438143 [THz] =    2282.850716 [cm-1]
     freq (   52) =      68.451137 [THz] =    2283.284145 [cm-1]
     freq (   53) =      68.478686 [THz] =    2284.203097 [cm-1]
     freq (   54) =      68.482329 [THz] =    2284.324615 [cm-1]
     freq (   55) =      70.068641 [THz] =    2337.238298 [cm-1]
     freq (   56) =      70.074050 [THz] =    2337.418698 [cm-1]
     freq (   57) =      70.260592 [THz] =    2343.641071 [cm-1]
     freq (   58) =      70.263858 [THz] =    2343.750008 [cm-1]
     freq (   59) =      70.516239 [THz] =    2352.168552 [cm-1]
     freq (   60) =      70.520891 [THz] =    2352.323707 [cm-1]
     freq (   61) =      70.626576 [THz] =    2355.848991 [cm-1]
     freq (   62) =      70.629409 [THz] =    2355.943479 [cm-1]
     freq (   63) =      71.462549 [THz] =    2383.734044 [cm-1]
     freq (   64) =      71.464304 [THz] =    2383.792601 [cm-1]
     freq (   65) =      71.594004 [THz] =    2388.118918 [cm-1]
     freq (   66) =      71.598090 [THz] =    2388.255226 [cm-1]
 **************************************************************************

     Calculation of q =    0.0000000  -0.5057443   0.0000000

     Parallelization info
     --------------------
     sticks:   dense  smooth     PW     G-vecs:    dense   smooth      PW
     Min         501     250     68                26015     9198    1298
     Max         503     251     69                26017     9201    1299
     Sum       12031    6005   1633               624371   220763   31153

     Using Slab Decomposition



     bravais-lattice index     =            8
     lattice parameter (alat)  =      13.8222  a.u.
     unit-cell volume          =    1633.8810 (a.u.)^3
     number of atoms/cell      =           22
     number of atomic types    =            3
     number of electrons       =        48.00
     number of Kohn-Sham states=           24
     kinetic-energy cutoff     =     100.0000  Ry
     charge density cutoff     =     800.0000  Ry
     Exchange-correlation= PBESOL
                           (   1   4  10   8   0   0   0)

     celldm(1)=  13.822166  celldm(2)=   0.988642  celldm(3)=   0.625825
     celldm(4)=   0.000000  celldm(5)=   0.000000  celldm(6)=   0.000000

     crystal axes: (cart. coord. in units of alat)
               a(1) = (   1.000000   0.000000   0.000000 )  
               a(2) = (   0.000000   0.988642   0.000000 )  
               a(3) = (   0.000000   0.000000   0.625825 )  

     reciprocal axes: (cart. coord. in units 2 pi/alat)
               b(1) = (  1.000000  0.000000  0.000000 )  
               b(2) = (  0.000000  1.011489  0.000000 )  
               b(3) = (  0.000000  0.000000  1.597890 )  


     PseudoPot. # 1 for B  read from file:
     /home/mehlhorn/pseudos/b_pbesol_v1.4.uspp.F.UPF
     MD5 check sum: 369b69bef2c3aeed4453bd8b804fd6a8
     Pseudo is Ultrasoft + core correction, Zval =  3.0
     Generated by new atomic code, or converted to UPF format
     Using radial grid of  781 points,  4 beta functions with: 
                l(1) =   0
                l(2) =   0
                l(3) =   1
                l(4) =   1
     Q(r) pseudized with  8 coefficients,  rinner =    1.100   1.100   1.100


     PseudoPot. # 2 for Ba read from file:
     /home/mehlhorn/pseudos/Ba.nc.z_10.oncvpsp4.dojo.v4-sp.upf
     MD5 check sum: c10ed334bb677c0554edec7181ce9143
     Pseudo is Norm-conserving + core correction, Zval = 10.0
     Generated using ONCVPSP code by D. R. Hamann
     Using radial grid of 1938 points,  8 beta functions with: 
                l(1) =   0
                l(2) =   0
                l(3) =   1
                l(4) =   1
                l(5) =   2
                l(6) =   2
                l(7) =   3
                l(8) =   3

     PseudoPot. # 3 for H  read from file:
     /home/mehlhorn/pseudos/H_ONCV_PBEsol-1.0.upf
     MD5 check sum: 398ef8f67c0a7342c05c87c5e19ea467
     Pseudo is Norm-conserving, Zval =  1.0
     Generated using ONCVPSP code by D. R. Hamann
     Using radial grid of 1180 points,  2 beta functions with: 
                l(1) =   0
                l(2) =   0

     atomic species   valence    mass     pseudopotential
     B                 3.00    10.81100     B ( 1.00)
     Ba               10.00   137.32700     Ba( 1.00)
     H                 1.00     1.00794     H ( 1.00)

      4 Sym. Ops. (no inversion) found



   Cartesian axes

     site n.     atom                  positions (alat units)
         1        Ba     tau(   1) = (   0.5000000   0.4943209   0.3129269  )
         2        Ba     tau(   2) = (   0.0000000   0.0000000   0.6258110  )
         3        B      tau(   3) = (   0.6506416   0.2739151   0.0000135  )
         4        B      tau(   4) = (   0.3493584   0.7147268   0.0000135  )
         5        B      tau(   5) = (   0.1506416   0.2204059   0.3128991  )
         6        B      tau(   6) = (   0.8493584   0.7682360   0.3128991  )
         7        H      tau(   7) = (   0.4819832   0.2783418   0.0000138  )
         8        H      tau(   8) = (   0.5180168   0.7103001   0.0000138  )
         9        H      tau(   9) = (   0.9819832   0.2159792   0.3128988  )
        10        H      tau(  10) = (   0.0180168   0.7726627   0.3128988  )
        11        H      tau(  11) = (   0.7124279   0.4312567   0.0000147  )
        12        H      tau(  12) = (   0.2875721   0.5573851   0.0000147  )
        13        H      tau(  13) = (   0.2124279   0.0630642   0.3128979  )
        14        H      tau(  14) = (   0.7875721   0.9255777   0.3128979  )
        15        H      tau(  15) = (   0.7007933   0.1949551   0.4861041  )
        16        H      tau(  16) = (   0.2992067   0.7936867   0.4861041  )
        17        H      tau(  17) = (   0.2007933   0.2993658   0.4526338  )
        18        H      tau(  18) = (   0.7992067   0.6892760   0.4526338  )
        19        H      tau(  19) = (   0.2991845   0.7936807   0.1397434  )
        20        H      tau(  20) = (   0.7008155   0.1949611   0.1397434  )
        21        H      tau(  21) = (   0.7991845   0.6892821   0.1731692  )
        22        H      tau(  22) = (   0.2008155   0.2993598   0.1731692  )

     number of k points=    54
                       cart. coord. in units 2pi/alat
        k(    1) = (   0.0000000   0.0000000   0.0000000), wk =   0.0160000
        k(    2) = (   0.0000000  -0.5057443   0.0000000), wk =   0.0000000
        k(    3) = (   0.0000000   0.0000000   0.3195780), wk =   0.0320000
        k(    4) = (   0.0000000  -0.5057443   0.3195780), wk =   0.0000000
        k(    5) = (   0.0000000   0.0000000   0.6391560), wk =   0.0320000
        k(    6) = (   0.0000000  -0.5057443   0.6391560), wk =   0.0000000
        k(    7) = (   0.0000000   0.2022977   0.0000000), wk =   0.0320000
        k(    8) = (   0.0000000  -0.3034466   0.0000000), wk =   0.0000000
        k(    9) = (   0.0000000   0.2022977   0.3195780), wk =   0.0640000
        k(   10) = (   0.0000000  -0.3034466   0.3195780), wk =   0.0000000
        k(   11) = (   0.0000000   0.2022977   0.6391560), wk =   0.0640000
        k(   12) = (   0.0000000  -0.3034466   0.6391560), wk =   0.0000000
        k(   13) = (   0.0000000   0.4045955   0.0000000), wk =   0.0320000
        k(   14) = (   0.0000000  -0.1011489   0.0000000), wk =   0.0000000
        k(   15) = (   0.0000000   0.4045955   0.3195780), wk =   0.0640000
        k(   16) = (   0.0000000  -0.1011489   0.3195780), wk =   0.0000000
        k(   17) = (   0.0000000   0.4045955   0.6391560), wk =   0.0640000
        k(   18) = (   0.0000000  -0.1011489   0.6391560), wk =   0.0000000
        k(   19) = (   0.2000000   0.0000000   0.0000000), wk =   0.0320000
        k(   20) = (   0.2000000  -0.5057443   0.0000000), wk =   0.0000000
        k(   21) = (   0.2000000   0.0000000   0.3195780), wk =   0.0640000
        k(   22) = (   0.2000000  -0.5057443   0.3195780), wk =   0.0000000
        k(   23) = (   0.2000000   0.0000000   0.6391560), wk =   0.0640000
        k(   24) = (   0.2000000  -0.5057443   0.6391560), wk =   0.0000000
        k(   25) = (   0.2000000   0.2022977   0.0000000), wk =   0.0640000
        k(   26) = (   0.2000000  -0.3034466   0.0000000), wk =   0.0000000
        k(   27) = (   0.2000000   0.2022977   0.3195780), wk =   0.1280000
        k(   28) = (   0.2000000  -0.3034466   0.3195780), wk =   0.0000000
        k(   29) = (   0.2000000   0.2022977   0.6391560), wk =   0.1280000
        k(   30) = (   0.2000000  -0.3034466   0.6391560), wk =   0.0000000
        k(   31) = (   0.2000000   0.4045955   0.0000000), wk =   0.0640000
        k(   32) = (   0.2000000  -0.1011489   0.0000000), wk =   0.0000000
        k(   33) = (   0.2000000   0.4045955   0.3195780), wk =   0.1280000
        k(   34) = (   0.2000000  -0.1011489   0.3195780), wk =   0.0000000
        k(   35) = (   0.2000000   0.4045955   0.6391560), wk =   0.1280000
        k(   36) = (   0.2000000  -0.1011489   0.6391560), wk =   0.0000000
        k(   37) = (   0.4000000   0.0000000   0.0000000), wk =   0.0320000
        k(   38) = (   0.4000000  -0.5057443   0.0000000), wk =   0.0000000
        k(   39) = (   0.4000000   0.0000000   0.3195780), wk =   0.0640000
        k(   40) = (   0.4000000  -0.5057443   0.3195780), wk =   0.0000000
        k(   41) = (   0.4000000   0.0000000   0.6391560), wk =   0.0640000
        k(   42) = (   0.4000000  -0.5057443   0.6391560), wk =   0.0000000
        k(   43) = (   0.4000000   0.2022977   0.0000000), wk =   0.0640000
        k(   44) = (   0.4000000  -0.3034466   0.0000000), wk =   0.0000000
        k(   45) = (   0.4000000   0.2022977   0.3195780), wk =   0.1280000
        k(   46) = (   0.4000000  -0.3034466   0.3195780), wk =   0.0000000
        k(   47) = (   0.4000000   0.2022977   0.6391560), wk =   0.1280000
        k(   48) = (   0.4000000  -0.3034466   0.6391560), wk =   0.0000000
        k(   49) = (   0.4000000   0.4045955   0.0000000), wk =   0.0640000
        k(   50) = (   0.4000000  -0.1011489   0.0000000), wk =   0.0000000
        k(   51) = (   0.4000000   0.4045955   0.3195780), wk =   0.1280000
        k(   52) = (   0.4000000  -0.1011489   0.3195780), wk =   0.0000000
        k(   53) = (   0.4000000   0.4045955   0.6391560), wk =   0.1280000
        k(   54) = (   0.4000000  -0.1011489   0.6391560), wk =   0.0000000

     Dense  grid:   624371 G-vectors     FFT dimensions: ( 128, 128,  80)

     Smooth grid:   220763 G-vectors     FFT dimensions: (  90,  90,  60)

     Estimated max dynamical RAM per process >      55.55 MB

     Estimated total dynamical RAM >       1.30 GB

     The potential is recalculated from file :
     ./_ph0/pwscf.q_3/pwscf.save/charge-density

     Starting wfcs are   42 atomic wfcs

     Band Structure Calculation
     Davidson diagonalization with overlap

     ethr =  2.08E-11,  avg # of iterations = 22.2

     total cpu time spent up to now is      459.4 secs

     End of band structure calculation

          k = 0.0000 0.0000 0.0000 ( 27547 PWs)   bands (ev):

   -24.8759 -24.8714 -10.3628 -10.3402 -10.1339 -10.1139 -10.0376  -9.9953
    -6.7247  -5.9369  -5.4217  -5.3923  -2.5156  -1.4858  -1.3760  -1.2777
    -1.1822  -0.9955  -0.9748  -0.7035  -0.4711  -0.3095  -0.1927  -0.1718

          k = 0.0000-0.5057 0.0000 ( 27572 PWs)   bands (ev):

   -24.8736 -24.8736 -10.3008 -10.3008 -10.1872 -10.1872 -10.0164 -10.0164
    -6.2555  -6.2555  -5.5419  -5.5419  -1.9661  -1.9661  -1.1137  -1.1137
    -0.9591  -0.9591  -0.7120  -0.7120  -0.6296  -0.6296  -0.4512  -0.4512

          k = 0.0000 0.0000 0.3196 ( 27557 PWs)   bands (ev):

   -24.8703 -24.8666 -10.3025 -10.2841 -10.2328 -10.2112 -10.1198 -10.1041
    -6.3758  -5.7099  -5.5483  -5.5250  -2.2117  -1.8780  -1.7454  -1.2539
    -1.0751  -1.0306  -0.7953  -0.6434  -0.5392  -0.3695  -0.3294  -0.2777

          k = 0.0000-0.5057 0.3196 ( 27582 PWs)   bands (ev):

   -24.8684 -24.8684 -10.2742 -10.2742 -10.2240 -10.2240 -10.1342 -10.1342
    -6.0020  -6.0020  -5.6164  -5.6164  -1.9643  -1.9643  -1.4341  -1.4341
    -0.9465  -0.9465  -0.7652  -0.7652  -0.5594  -0.5594  -0.3778  -0.3778

          k = 0.0000 0.0000 0.6392 ( 27608 PWs)   bands (ev):

   -24.8607 -24.8593 -10.5085 -10.5048 -10.1816 -10.1720 -10.1135 -10.1053
    -5.7614  -5.7531  -5.7425  -5.4582  -2.1261  -2.0687  -1.8950  -1.6317
    -1.0865  -0.9336  -0.7377  -0.5840  -0.5105  -0.4803  -0.4053  -0.3679

          k = 0.0000-0.5057 0.6392 ( 27566 PWs)   bands (ev):

   -24.8600 -24.8600 -10.5204 -10.5204 -10.1507 -10.1507 -10.1175 -10.1175
    -5.9572  -5.9572  -5.3930  -5.3930  -2.2873  -2.2873  -1.5321  -1.5321
    -0.8031  -0.8031  -0.7338  -0.7338  -0.5602  -0.5602  -0.4784  -0.4784

          k = 0.0000 0.2023 0.0000 ( 27569 PWs)   bands (ev):

   -24.8755 -24.8718 -10.3489 -10.3259 -10.1530 -10.1317 -10.0335  -9.9993
    -6.6361  -5.9571  -5.5017  -5.4248  -2.3716  -1.6393  -1.4408  -1.0716
    -1.0156  -0.9874  -0.9644  -0.6992  -0.5051  -0.4464  -0.2787  -0.2373

          k = 0.0000-0.3034 0.0000 ( 27550 PWs)   bands (ev):

   -24.8750 -24.8723 -10.3331 -10.3116 -10.1717 -10.1510 -10.0288 -10.0040
    -6.5326  -6.0110  -5.5520  -5.4609  -2.2306  -1.7485  -1.4054  -0.9784
    -0.9571  -0.9279  -0.9018  -0.6880  -0.6246  -0.5426  -0.3436  -0.3111

          k = 0.0000 0.2023 0.3196 ( 27552 PWs)   bands (ev):

   -24.8699 -24.8669 -10.3000 -10.2715 -10.2260 -10.2237 -10.1217 -10.1151
    -6.3072  -5.7120  -5.6235  -5.5440  -2.1196  -1.8986  -1.7463  -1.1449
    -1.0551  -1.0043  -0.9206  -0.6159  -0.5256  -0.3993  -0.3594  -0.3401

          k = 0.0000-0.3034 0.3196 ( 27584 PWs)   bands (ev):

   -24.8695 -24.8674 -10.2951 -10.2583 -10.2400 -10.2172 -10.1253 -10.1252
    -6.2263  -5.7675  -5.6518  -5.5651  -2.0440  -1.9192  -1.7023  -1.1190
    -1.0476  -0.9630  -0.9550  -0.6314  -0.5249  -0.4643  -0.3800  -0.3624

          k = 0.0000 0.2023 0.6392 ( 27613 PWs)   bands (ev):

   -24.8606 -24.8594 -10.5132 -10.5099 -10.1714 -10.1658 -10.1136 -10.1089
    -5.8883  -5.8362  -5.5795  -5.4059  -2.1843  -2.1799  -1.7749  -1.5692
    -1.0178  -0.8451  -0.7529  -0.5849  -0.5436  -0.5268  -0.4253  -0.4111

          k = 0.0000-0.3034 0.6392 ( 27610 PWs)   bands (ev):

   -24.8604 -24.8596 -10.5171 -10.5145 -10.1619 -10.1596 -10.1144 -10.1127
    -5.9338  -5.8910  -5.5018  -5.3789  -2.2411  -2.2316  -1.6857  -1.5241
    -0.9569  -0.7655  -0.7525  -0.6255  -0.5841  -0.5564  -0.4477  -0.4331

          k = 0.0000 0.4046 0.0000 ( 27614 PWs)   bands (ev):

   -24.8743 -24.8729 -10.3149 -10.2999 -10.1867 -10.1721 -10.0229 -10.0099
    -6.4011  -6.1162  -5.5642  -5.5030  -2.0892  -1.8562  -1.2943  -0.9681
    -0.9548  -0.9112  -0.7931  -0.7322  -0.6650  -0.5865  -0.4158  -0.3959

          k = 0.0000-0.1011 0.0000 ( 27557 PWs)   bands (ev):

   -24.8758 -24.8715 -10.3592 -10.3364 -10.1390 -10.1186 -10.0365  -9.9963
    -6.7020  -5.9400  -5.4454  -5.4007  -2.4767  -1.5375  -1.4164  -1.2022
    -1.1269  -0.9934  -0.9718  -0.7029  -0.4799  -0.3386  -0.2214  -0.1887

          k = 0.0000 0.4046 0.3196 ( 27598 PWs)   bands (ev):

   -24.8690 -24.8679 -10.2865 -10.2598 -10.2383 -10.2160 -10.1331 -10.1302
    -6.1218  -5.8782  -5.6394  -5.5904  -1.9933  -1.9415  -1.5917  -1.2659
    -0.9798  -0.9414  -0.8752  -0.6783  -0.5428  -0.5349  -0.3846  -0.3703

          k = 0.0000-0.1011 0.3196 ( 27554 PWs)   bands (ev):

   -24.8702 -24.8667 -10.3020 -10.2808 -10.2301 -10.2152 -10.1201 -10.1071
    -6.3583  -5.7086  -5.5699  -5.5299  -2.1861  -1.8835  -1.7493  -1.2236
    -1.0667  -1.0243  -0.8369  -0.6282  -0.5348  -0.3750  -0.3380  -0.2974

          k = 0.0000 0.4046 0.6392 ( 27578 PWs)   bands (ev):

   -24.8602 -24.8598 -10.5198 -10.5184 -10.1538 -10.1536 -10.1162 -10.1161
    -5.9574  -5.9339  -5.4374  -5.3731  -2.2784  -2.2695  -1.5988  -1.5056
    -0.8853  -0.7645  -0.7107  -0.6995  -0.5996  -0.5546  -0.4755  -0.4517

          k = 0.0000-0.1011 0.6392 ( 27608 PWs)   bands (ev):

   -24.8607 -24.8593 -10.5098 -10.5062 -10.1788 -10.1703 -10.1134 -10.1063
    -5.8247  -5.7846  -5.6638  -5.4407  -2.1431  -2.1091  -1.8541  -1.6133
    -1.0661  -0.9113  -0.7417  -0.5830  -0.5185  -0.4900  -0.4139  -0.3800

          k = 0.2000 0.0000 0.0000 ( 27596 PWs)   bands (ev):

   -24.8755 -24.8718 -10.3467 -10.3274 -10.1511 -10.1346 -10.0335  -9.9993
    -6.6388  -5.9732  -5.4575  -5.4432  -2.3808  -1.5061  -1.4222  -1.2740
    -0.9736  -0.9711  -0.9629  -0.7104  -0.5145  -0.4120  -0.3216  -0.2470

          k = 0.2000-0.5057 0.0000 ( 27580 PWs)   bands (ev):

   -24.8736 -24.8736 -10.3293 -10.3293 -10.1563 -10.1563 -10.0163 -10.0163
    -6.2812  -6.2812  -5.5146  -5.5146  -1.9289  -1.9289  -1.1850  -1.1850
    -0.9838  -0.9838  -0.7200  -0.7200  -0.6017  -0.6017  -0.4097  -0.4097

          k = 0.2000 0.0000 0.3196 ( 27579 PWs)   bands (ev):

   -24.8699 -24.8669 -10.2889 -10.2852 -10.2244 -10.2227 -10.1289 -10.1084
    -6.3062  -5.7288  -5.5853  -5.5621  -2.1243  -1.8389  -1.7840  -1.1607
    -1.0608  -1.0077  -0.8978  -0.6075  -0.6067  -0.3805  -0.3581  -0.3219

          k = 0.2000-0.5057 0.3196 ( 27590 PWs)   bands (ev):

   -24.8684 -24.8684 -10.2864 -10.2864 -10.2226 -10.2226 -10.1231 -10.1231
    -6.0097  -6.0097  -5.6071  -5.6071  -1.9444  -1.9444  -1.5057  -1.5057
    -0.9265  -0.9265  -0.7529  -0.7529  -0.4964  -0.4964  -0.4085  -0.4085

          k = 0.2000 0.0000 0.6392 ( 27582 PWs)   bands (ev):

   -24.8606 -24.8594 -10.5137 -10.5104 -10.1746 -10.1626 -10.1165 -10.1059
    -5.8641  -5.8109  -5.6090  -5.4226  -2.2579  -2.1770  -1.7509  -1.5304
    -0.9826  -0.8775  -0.7676  -0.6126  -0.5069  -0.4983  -0.4458  -0.3991

          k = 0.2000-0.5057 0.6392 ( 27620 PWs)   bands (ev):

   -24.8600 -24.8600 -10.5152 -10.5152 -10.1632 -10.1632 -10.1127 -10.1127
    -5.9148  -5.9148  -5.4344  -5.4344  -2.2708  -2.2708  -1.6423  -1.6423
    -0.8310  -0.8310  -0.6295  -0.6295  -0.5442  -0.5442  -0.4383  -0.4383

          k = 0.2000 0.2023 0.0000 ( 27586 PWs)   bands (ev):

   -24.8751 -24.8721 -10.3579 -10.3021 -10.1838 -10.1200 -10.0302 -10.0025
    -6.5730  -6.0101  -5.5326  -5.4255  -2.2681  -1.6402  -1.4408  -1.1250
    -0.9993  -0.9411  -0.8240  -0.6978  -0.5977  -0.5247  -0.4059  -0.2171

          k = 0.2000-0.3034 0.0000 ( 27586 PWs)   bands (ev):

   -24.8747 -24.8726 -10.3556 -10.2985 -10.1894 -10.1239 -10.0264 -10.0063
    -6.4951  -6.0726  -5.5528  -5.4450  -2.1546  -1.7344  -1.4189  -1.0036
    -0.9994  -0.9478  -0.7785  -0.7038  -0.6740  -0.5413  -0.4628  -0.2511

          k = 0.2000 0.2023 0.3196 ( 27572 PWs)   bands (ev):

   -24.8697 -24.8672 -10.2990 -10.2658 -10.2433 -10.2113 -10.1328 -10.1083
    -6.2517  -5.7585  -5.6381  -5.5522  -2.0585  -1.8717  -1.7696  -1.1236
    -1.0780  -1.0050  -0.8726  -0.6295  -0.5887  -0.4057  -0.4025  -0.3155

          k = 0.2000-0.3034 0.3196 ( 27576 PWs)   bands (ev):

   -24.8693 -24.8676 -10.2995 -10.2590 -10.2513 -10.2081 -10.1338 -10.1106
    -6.1874  -5.8224  -5.6425  -5.5640  -2.0048  -1.8983  -1.7269  -1.2294
    -1.0139  -0.9515  -0.8652  -0.6429  -0.5718  -0.4376  -0.4141  -0.3396

          k = 0.2000 0.2023 0.6392 ( 27605 PWs)   bands (ev):

   -24.8605 -24.8595 -10.5181 -10.5080 -10.1794 -10.1523 -10.1177 -10.1077
    -5.9297  -5.7752  -5.6079  -5.3910  -2.2998  -2.1537  -1.7561  -1.5670
    -0.8761  -0.8341  -0.7595  -0.5973  -0.5878  -0.5089  -0.4798  -0.3545

          k = 0.2000-0.3034 0.6392 ( 27593 PWs)   bands (ev):

   -24.8603 -24.8597 -10.5189 -10.5091 -10.1775 -10.1506 -10.1176 -10.1089
    -5.9461  -5.8183  -5.5528  -5.3841  -2.3114  -2.1765  -1.7353  -1.5846
    -0.8631  -0.7522  -0.7324  -0.6497  -0.5851  -0.5142  -0.4793  -0.3614

          k = 0.2000 0.4046 0.0000 ( 27581 PWs)   bands (ev):

   -24.8742 -24.8731 -10.3456 -10.3108 -10.1770 -10.1369 -10.0216 -10.0111
    -6.3947  -6.1680  -5.5440  -5.4778  -2.0363  -1.8305  -1.3331  -1.0040
    -0.9979  -0.9648  -0.8379  -0.6409  -0.6395  -0.5675  -0.4904  -0.3187

          k = 0.2000-0.1011 0.0000 ( 27603 PWs)   bands (ev):

   -24.8754 -24.8719 -10.3529 -10.3169 -10.1654 -10.1257 -10.0327 -10.0001
    -6.6221  -5.9809  -5.4917  -5.4260  -2.3506  -1.5545  -1.4255  -1.2309
    -0.9862  -0.9488  -0.9283  -0.7083  -0.5167  -0.4599  -0.3601  -0.2223

          k = 0.2000 0.4046 0.3196 ( 27588 PWs)   bands (ev):

   -24.8689 -24.8680 -10.2953 -10.2736 -10.2368 -10.2119 -10.1302 -10.1158
    -6.1045  -5.9119  -5.6286  -5.5839  -1.9678  -1.9228  -1.6351  -1.3634
    -0.9686  -0.8912  -0.8504  -0.6764  -0.5400  -0.4658  -0.4171  -0.3778

          k = 0.2000-0.1011 0.3196 ( 27577 PWs)   bands (ev):

   -24.8699 -24.8670 -10.2946 -10.2773 -10.2314 -10.2175 -10.1302 -10.1081
    -6.2923  -5.7332  -5.6091  -5.5529  -2.1060  -1.8487  -1.7819  -1.1380
    -1.0673  -1.0162  -0.8901  -0.6161  -0.5998  -0.3868  -0.3772  -0.3131

          k = 0.2000 0.4046 0.6392 ( 27594 PWs)   bands (ev):

   -24.8602 -24.8598 -10.5179 -10.5118 -10.1715 -10.1551 -10.1155 -10.1104
    -5.9410  -5.8713  -5.4888  -5.3983  -2.3022  -2.2235  -1.6908  -1.6062
    -0.8560  -0.7813  -0.6830  -0.6071  -0.5830  -0.5218  -0.4753  -0.3911

          k = 0.2000-0.1011 0.6392 ( 27604 PWs)   bands (ev):

   -24.8605 -24.8595 -10.5157 -10.5089 -10.1773 -10.1583 -10.1168 -10.1065
    -5.8951  -5.7810  -5.6191  -5.4106  -2.2748  -2.1632  -1.7544  -1.5442
    -0.9444  -0.8701  -0.7677  -0.6079  -0.5224  -0.4917  -0.4851  -0.3720

          k = 0.4000 0.0000 0.0000 ( 27586 PWs)   bands (ev):

   -24.8743 -24.8729 -10.3100 -10.3007 -10.1857 -10.1778 -10.0230 -10.0099
    -6.4131  -6.1421  -5.5200  -5.4923  -2.0859  -1.7849  -1.1869  -1.0286
    -0.9363  -0.9310  -0.8703  -0.7334  -0.6984  -0.6155  -0.5037  -0.3879

          k = 0.4000-0.5057 0.0000 ( 27654 PWs)   bands (ev):

   -24.8736 -24.8736 -10.3609 -10.3609 -10.1209 -10.1209 -10.0163 -10.0163
    -6.3194  -6.3194  -5.4737  -5.4737  -1.8560  -1.8560  -1.3054  -1.3054
    -1.0174  -1.0174  -0.7245  -0.7245  -0.5629  -0.5629  -0.3589  -0.3589

          k = 0.4000 0.0000 0.3196 ( 27600 PWs)   bands (ev):

   -24.8690 -24.8679 -10.2767 -10.2564 -10.2511 -10.2220 -10.1367 -10.1223
    -6.1201  -5.8836  -5.6212  -5.5944  -1.9816  -1.8743  -1.6326  -1.2822
    -0.9775  -0.9210  -0.9179  -0.7590  -0.5482  -0.4774  -0.3934  -0.3851

          k = 0.4000-0.5057 0.3196 ( 27564 PWs)   bands (ev):

   -24.8684 -24.8684 -10.3027 -10.3027 -10.2210 -10.2210 -10.1078 -10.1078
    -6.0218  -6.0218  -5.5923  -5.5923  -1.8911  -1.8911  -1.6410  -1.6410
    -0.8696  -0.8696  -0.6971  -0.6971  -0.5271  -0.5271  -0.3881  -0.3881

          k = 0.4000 0.0000 0.6392 ( 27598 PWs)   bands (ev):

   -24.8602 -24.8598 -10.5210 -10.5196 -10.1594 -10.1504 -10.1192 -10.1108
    -5.9148  -5.8913  -5.4783  -5.4085  -2.3616  -2.3227  -1.5531  -1.4426
    -0.8445  -0.8055  -0.6888  -0.6867  -0.6434  -0.4966  -0.4670  -0.4576

          k = 0.4000-0.5057 0.6392 ( 27600 PWs)   bands (ev):

   -24.8600 -24.8600 -10.5064 -10.5064 -10.1802 -10.1802 -10.1085 -10.1085
    -5.8233  -5.8233  -5.5242  -5.5242  -2.2358  -2.2358  -1.7980  -1.7980
    -0.8248  -0.8248  -0.5987  -0.5987  -0.4987  -0.4987  -0.3368  -0.3368

          k = 0.4000 0.2023 0.0000 ( 27608 PWs)   bands (ev):

   -24.8742 -24.8731 -10.3445 -10.3097 -10.1782 -10.1381 -10.0217 -10.0111
    -6.4022  -6.1817  -5.5234  -5.4666  -2.0321  -1.7889  -1.2884  -1.0036
    -0.9846  -0.9493  -0.9025  -0.7142  -0.6573  -0.5828  -0.4958  -0.3235

          k = 0.4000-0.3034 0.0000 ( 27599 PWs)   bands (ev):

   -24.8741 -24.8732 -10.3584 -10.3303 -10.1561 -10.1226 -10.0202 -10.0125
    -6.3853  -6.2246  -5.5116  -5.4583  -1.9751  -1.7958  -1.3458  -1.0839
    -1.0075  -0.9773  -0.8790  -0.6647  -0.6196  -0.5632  -0.4720  -0.3043

          k = 0.4000 0.2023 0.3196 ( 27604 PWs)   bands (ev):

   -24.8689 -24.8680 -10.2923 -10.2714 -10.2421 -10.2151 -10.1298 -10.1137
    -6.1036  -5.9141  -5.6211  -5.5836  -1.9579  -1.8718  -1.6752  -1.3826
    -0.9438  -0.9046  -0.8568  -0.6973  -0.5528  -0.4759  -0.4168  -0.3731

          k = 0.4000-0.3034 0.3196 ( 27581 PWs)   bands (ev):

   -24.8688 -24.8681 -10.3003 -10.2848 -10.2344 -10.2140 -10.1218 -10.1083
    -6.0833  -5.9468  -5.6143  -5.5808  -1.9351  -1.8690  -1.6991  -1.4728
    -0.9194  -0.8754  -0.8074  -0.6669  -0.5349  -0.4898  -0.4423  -0.3585

          k = 0.4000 0.2023 0.6392 ( 27592 PWs)   bands (ev):

   -24.8602 -24.8598 -10.5186 -10.5126 -10.1724 -10.1556 -10.1154 -10.1091
    -5.9150  -5.8351  -5.5225  -5.4211  -2.3472  -2.2786  -1.6371  -1.5703
    -0.8322  -0.7891  -0.6853  -0.6610  -0.5851  -0.5064  -0.4471  -0.3667

          k = 0.4000-0.3034 0.6392 ( 27594 PWs)   bands (ev):

   -24.8601 -24.8599 -10.5144 -10.5082 -10.1794 -10.1642 -10.1122 -10.1083
    -5.8941  -5.8035  -5.5507  -5.4461  -2.3191  -2.2421  -1.7291  -1.6594
    -0.8400  -0.7863  -0.6641  -0.6292  -0.5389  -0.4951  -0.4144  -0.3311

          k = 0.4000 0.4046 0.0000 ( 27626 PWs)   bands (ev):

   -24.8739 -24.8734 -10.3642 -10.3489 -10.1351 -10.1165 -10.0183 -10.0143
    -6.3578  -6.2731  -5.4927  -5.4609  -1.9125  -1.8156  -1.3562  -1.2058
    -1.0192  -1.0023  -0.8010  -0.6713  -0.5856  -0.5553  -0.4188  -0.3168

          k = 0.4000-0.1011 0.0000 ( 27615 PWs)   bands (ev):

   -24.8743 -24.8730 -10.3253 -10.2974 -10.1907 -10.1598 -10.0226 -10.0102
    -6.4106  -6.1525  -5.5242  -5.4820  -2.0718  -1.7860  -1.2191  -1.0227
    -0.9564  -0.9305  -0.8518  -0.7553  -0.6873  -0.6050  -0.5024  -0.3633

          k = 0.4000 0.4046 0.3196 ( 27579 PWs)   bands (ev):

   -24.8686 -24.8683 -10.3042 -10.2959 -10.2272 -10.2163 -10.1136 -10.1060
    -6.0556  -5.9843  -5.6036  -5.5839  -1.9125  -1.8741  -1.6907  -1.5635
    -0.8936  -0.8595  -0.7524  -0.6642  -0.5302  -0.5100  -0.4271  -0.3622

          k = 0.4000-0.1011 0.3196 ( 27611 PWs)   bands (ev):

   -24.8690 -24.8679 -10.2824 -10.2592 -10.2496 -10.2191 -10.1350 -10.1196
    -6.1159  -5.8916  -5.6223  -5.5903  -1.9752  -1.8739  -1.6455  -1.3110
    -0.9671  -0.9204  -0.8982  -0.7389  -0.5540  -0.4720  -0.3941  -0.3886

          k = 0.4000 0.4046 0.6392 ( 27593 PWs)   bands (ev):

   -24.8601 -24.8599 -10.5097 -10.5058 -10.1824 -10.1734 -10.1098 -10.1081
    -5.8608  -5.7980  -5.5530  -5.4831  -2.2775  -2.2207  -1.7963  -1.7416
    -0.8370  -0.8057  -0.6263  -0.6004  -0.5111  -0.4934  -0.3725  -0.3207

          k = 0.4000-0.1011 0.6392 ( 27596 PWs)   bands (ev):

   -24.8602 -24.8598 -10.5209 -10.5171 -10.1640 -10.1508 -10.1182 -10.1102
    -5.9199  -5.8711  -5.4919  -5.4102  -2.3596  -2.3097  -1.5736  -1.4831
    -0.8240  -0.8156  -0.6918  -0.6691  -0.6334  -0.5101  -0.4644  -0.4180

     highest occupied level (ev):    -0.1718

     Writing config to output data dir ./_ph0/pwscf.q_3/pwscf.save/ :
     XML data file

                                                                                

     bravais-lattice index     =            8
     lattice parameter (alat)  =      13.8222  a.u.
     unit-cell volume          =    1633.8810 (a.u.)^3
     number of atoms/cell      =           22
     number of atomic types    =            3
     kinetic-energy cut-off    =     100.0000  Ry
     charge density cut-off    =     800.0000  Ry
     convergence threshold     =      1.0E-14
     beta                      =       0.7000
     number of iterations used =            4
     Exchange-correlation= PBESOL
                           (   1   4  10   8   0   0   0)


     celldm(1)=   13.82217  celldm(2)=    0.98864  celldm(3)=    0.62583
     celldm(4)=    0.00000  celldm(5)=    0.00000  celldm(6)=    0.00000

     crystal axes: (cart. coord. in units of alat)
               a(1) = (  1.0000  0.0000  0.0000 )  
               a(2) = (  0.0000  0.9886  0.0000 )  
               a(3) = (  0.0000  0.0000  0.6258 )  

     reciprocal axes: (cart. coord. in units 2 pi/alat)
               b(1) = (  1.0000  0.0000  0.0000 )  
               b(2) = (  0.0000  1.0115  0.0000 )  
               b(3) = (  0.0000  0.0000  1.5979 )  


     Atoms inside the unit cell: 

     Cartesian axes

     site n.  atom      mass           positions (alat units)
        1  Ba    137.3270   tau(    1) = (    0.50000    0.49432    0.31293  )
        2  Ba    137.3270   tau(    2) = (    0.00000    0.00000    0.62581  )
        3  B      10.8110   tau(    3) = (    0.65064    0.27392    0.00001  )
        4  B      10.8110   tau(    4) = (    0.34936    0.71473    0.00001  )
        5  B      10.8110   tau(    5) = (    0.15064    0.22041    0.31290  )
        6  B      10.8110   tau(    6) = (    0.84936    0.76824    0.31290  )
        7  H       1.0079   tau(    7) = (    0.48198    0.27834    0.00001  )
        8  H       1.0079   tau(    8) = (    0.51802    0.71030    0.00001  )
        9  H       1.0079   tau(    9) = (    0.98198    0.21598    0.31290  )
       10  H       1.0079   tau(   10) = (    0.01802    0.77266    0.31290  )
       11  H       1.0079   tau(   11) = (    0.71243    0.43126    0.00001  )
       12  H       1.0079   tau(   12) = (    0.28757    0.55739    0.00001  )
       13  H       1.0079   tau(   13) = (    0.21243    0.06306    0.31290  )
       14  H       1.0079   tau(   14) = (    0.78757    0.92558    0.31290  )
       15  H       1.0079   tau(   15) = (    0.70079    0.19496    0.48610  )
       16  H       1.0079   tau(   16) = (    0.29921    0.79369    0.48610  )
       17  H       1.0079   tau(   17) = (    0.20079    0.29937    0.45263  )
       18  H       1.0079   tau(   18) = (    0.79921    0.68928    0.45263  )
       19  H       1.0079   tau(   19) = (    0.29918    0.79368    0.13974  )
       20  H       1.0079   tau(   20) = (    0.70082    0.19496    0.13974  )
       21  H       1.0079   tau(   21) = (    0.79918    0.68928    0.17317  )
       22  H       1.0079   tau(   22) = (    0.20082    0.29936    0.17317  )

     Computing dynamical matrix for 
                    q = (   0.0000000  -0.5057443   0.0000000 )

      5 Sym.Ops. (with q -> -q+G )


     G cutoff = 3871.5285  (  26017 G-vectors)     FFT grid: (128,128, 80)
     G cutoff = 1935.7643  (   9200 G-vectors)  smooth grid: ( 90, 90, 60)
     number of k points=    54

     PseudoPot. # 1 for B  read from file:
     /home/mehlhorn/pseudos/b_pbesol_v1.4.uspp.F.UPF
     MD5 check sum: 369b69bef2c3aeed4453bd8b804fd6a8
     Pseudo is Ultrasoft + core correction, Zval =  3.0
     Generated by new atomic code, or converted to UPF format
     Using radial grid of  781 points,  4 beta functions with: 
                l(1) =   0
                l(2) =   0
                l(3) =   1
                l(4) =   1
     Q(r) pseudized with  8 coefficients,  rinner =    1.100   1.100   1.100


     PseudoPot. # 2 for Ba read from file:
     /home/mehlhorn/pseudos/Ba.nc.z_10.oncvpsp4.dojo.v4-sp.upf
     MD5 check sum: c10ed334bb677c0554edec7181ce9143
     Pseudo is Norm-conserving + core correction, Zval = 10.0
     Generated using ONCVPSP code by D. R. Hamann
     Using radial grid of 1938 points,  8 beta functions with: 
                l(1) =   0
                l(2) =   0
                l(3) =   1
                l(4) =   1
                l(5) =   2
                l(6) =   2
                l(7) =   3
                l(8) =   3

     PseudoPot. # 3 for H  read from file:
     /home/mehlhorn/pseudos/H_ONCV_PBEsol-1.0.upf
     MD5 check sum: 398ef8f67c0a7342c05c87c5e19ea467
     Pseudo is Norm-conserving, Zval =  1.0
     Generated using ONCVPSP code by D. R. Hamann
     Using radial grid of 1180 points,  2 beta functions with: 
                l(1) =   0
                l(2) =   0


     Atomic displacements:
     There are   32 irreducible representations

     Representation     1      2 modes -  To be done

     Representation     2      2 modes -  To be done

     Representation     3      2 modes -  To be done

     Representation     4      2 modes -  To be done

     Representation     5      2 modes -  To be done

     Representation     6      2 modes -  To be done

     Representation     7      2 modes -  To be done

     Representation     8      2 modes -  To be done

     Representation     9      4 modes -  To be done

     Representation    10      2 modes -  To be done

     Representation    11      2 modes -  To be done

     Representation    12      2 modes -  To be done

     Representation    13      2 modes -  To be done

     Representation    14      2 modes -  To be done

     Representation    15      2 modes -  To be done

     Representation    16      2 modes -  To be done

     Representation    17      2 modes -  To be done

     Representation    18      2 modes -  To be done

     Representation    19      2 modes -  To be done

     Representation    20      2 modes -  To be done

     Representation    21      2 modes -  To be done

     Representation    22      2 modes -  To be done

     Representation    23      2 modes -  To be done

     Representation    24      2 modes -  To be done

     Representation    25      2 modes -  To be done

     Representation    26      2 modes -  To be done

     Representation    27      2 modes -  To be done

     Representation    28      2 modes -  To be done

     Representation    29      2 modes -  To be done

     Representation    30      2 modes -  To be done

     Representation    31      2 modes -  To be done

     Representation    32      2 modes -  To be done



     Alpha used in Ewald sum =   2.8000
     PHONON       :     22h46m CPU     23h 0m WALL



     Representation #   1 modes #   1   2

     Self-consistent Calculation

      iter #   1 total cpu time : 82903.5 secs   av.it.:   4.1
      thresh= 1.000E-02 alpha_mix =  0.700 |ddv_scf|^2 =  2.035E-09

      iter #   2 total cpu time : 83122.2 secs   av.it.:  16.9
      thresh= 4.511E-06 alpha_mix =  0.700 |ddv_scf|^2 =  1.152E-09

      iter #   3 total cpu time : 83328.0 secs   av.it.:  15.0
      thresh= 3.394E-06 alpha_mix =  0.700 |ddv_scf|^2 =  6.199E-11

      iter #   4 total cpu time : 83539.1 secs   av.it.:  15.9
      thresh= 7.874E-07 alpha_mix =  0.700 |ddv_scf|^2 =  7.722E-13

      iter #   5 total cpu time : 83760.6 secs   av.it.:  17.0
      thresh= 8.787E-08 alpha_mix =  0.700 |ddv_scf|^2 =  1.419E-13

      iter #   6 total cpu time : 83979.3 secs   av.it.:  16.7
      thresh= 3.767E-08 alpha_mix =  0.700 |ddv_scf|^2 =  1.537E-15

     End of self-consistent calculation

     Convergence has been achieved 


     Representation #   2 modes #   3   4

     Self-consistent Calculation

      iter #   1 total cpu time : 84071.7 secs   av.it.:   3.0
      thresh= 1.000E-02 alpha_mix =  0.700 |ddv_scf|^2 =  2.404E-10

      iter #   2 total cpu time : 84297.0 secs   av.it.:  17.0
      thresh= 1.551E-06 alpha_mix =  0.700 |ddv_scf|^2 =  1.028E-10

      iter #   3 total cpu time : 84506.6 secs   av.it.:  16.0
      thresh= 1.014E-06 alpha_mix =  0.700 |ddv_scf|^2 =  8.259E-12

      iter #   4 total cpu time : 84710.8 secs   av.it.:  15.9
      thresh= 2.874E-07 alpha_mix =  0.700 |ddv_scf|^2 =  2.377E-13

      iter #   5 total cpu time : 84928.8 secs   av.it.:  17.0
      thresh= 4.876E-08 alpha_mix =  0.700 |ddv_scf|^2 =  1.891E-14

      iter #   6 total cpu time : 85144.6 secs   av.it.:  16.8
      thresh= 1.375E-08 alpha_mix =  0.700 |ddv_scf|^2 =  8.999E-16

     End of self-consistent calculation

     Convergence has been achieved 


     Representation #   3 modes #   5   6

     Self-consistent Calculation

      iter #   1 total cpu time : 85238.0 secs   av.it.:   3.1
      thresh= 1.000E-02 alpha_mix =  0.700 |ddv_scf|^2 =  5.297E-10

      iter #   2 total cpu time : 85458.6 secs   av.it.:  17.0
      thresh= 2.301E-06 alpha_mix =  0.700 |ddv_scf|^2 =  4.485E-10

      iter #   3 total cpu time : 85663.0 secs   av.it.:  15.9
      thresh= 2.118E-06 alpha_mix =  0.700 |ddv_scf|^2 =  8.851E-12

      iter #   4 total cpu time : 85876.4 secs   av.it.:  16.4
      thresh= 2.975E-07 alpha_mix =  0.700 |ddv_scf|^2 =  1.028E-12

      iter #   5 total cpu time : 86088.6 secs   av.it.:  16.0
      thresh= 1.014E-07 alpha_mix =  0.700 |ddv_scf|^2 =  2.718E-14

      iter #   6 total cpu time : 86310.4 secs   av.it.:  17.0
      thresh= 1.649E-08 alpha_mix =  0.700 |ddv_scf|^2 =  1.836E-15

     End of self-consistent calculation

     Convergence has been achieved 


     Representation #   4 modes #   7   8

     Self-consistent Calculation

      iter #   1 total cpu time : 86405.2 secs   av.it.:   3.0
      thresh= 1.000E-02 alpha_mix =  0.700 |ddv_scf|^2 =  1.275E-09

      iter #   2 total cpu time : 86621.5 secs   av.it.:  16.0
      thresh= 3.571E-06 alpha_mix =  0.700 |ddv_scf|^2 =  1.210E-09

      iter #   3 total cpu time : 86824.5 secs   av.it.:  15.0
      thresh= 3.479E-06 alpha_mix =  0.700 |ddv_scf|^2 =  8.081E-12

      iter #   4 total cpu time : 87037.3 secs   av.it.:  16.1
      thresh= 2.843E-07 alpha_mix =  0.700 |ddv_scf|^2 =  4.485E-13

      iter #   5 total cpu time : 87251.1 secs   av.it.:  16.9
      thresh= 6.697E-08 alpha_mix =  0.700 |ddv_scf|^2 =  3.396E-14

      iter #   6 total cpu time : 87462.8 secs   av.it.:  16.7
      thresh= 1.843E-08 alpha_mix =  0.700 |ddv_scf|^2 =  4.466E-15

     End of self-consistent calculation

     Convergence has been achieved 


     Representation #   5 modes #   9  10

     Self-consistent Calculation

      iter #   1 total cpu time : 87554.7 secs   av.it.:   3.1
      thresh= 1.000E-02 alpha_mix =  0.700 |ddv_scf|^2 =  2.151E-10

      iter #   2 total cpu time : 87775.1 secs   av.it.:  17.0
      thresh= 1.467E-06 alpha_mix =  0.700 |ddv_scf|^2 =  4.421E-11

      iter #   3 total cpu time : 88000.7 secs   av.it.:  17.0
      thresh= 6.649E-07 alpha_mix =  0.700 |ddv_scf|^2 =  1.052E-12

      iter #   4 total cpu time : 88216.3 secs   av.it.:  17.0
      thresh= 1.026E-07 alpha_mix =  0.700 |ddv_scf|^2 =  1.681E-13

      iter #   5 total cpu time : 88424.9 secs   av.it.:  16.0
      thresh= 4.100E-08 alpha_mix =  0.700 |ddv_scf|^2 =  2.212E-14

      iter #   6 total cpu time : 88625.4 secs   av.it.:  15.8
      thresh= 1.487E-08 alpha_mix =  0.700 |ddv_scf|^2 =  1.137E-15

     End of self-consistent calculation

     Convergence has been achieved 


     Representation #   6 modes #  11  12

     Self-consistent Calculation

      iter #   1 total cpu time : 88722.7 secs   av.it.:   4.0
      thresh= 1.000E-02 alpha_mix =  0.700 |ddv_scf|^2 =  3.914E-09

      iter #   2 total cpu time : 88940.3 secs   av.it.:  16.0
      thresh= 6.256E-06 alpha_mix =  0.700 |ddv_scf|^2 =  4.438E-09

      iter #   3 total cpu time : 89144.5 secs   av.it.:  15.0
      thresh= 6.662E-06 alpha_mix =  0.700 |ddv_scf|^2 =  1.650E-11

      iter #   4 total cpu time : 89361.1 secs   av.it.:  16.0
      thresh= 4.062E-07 alpha_mix =  0.700 |ddv_scf|^2 =  9.978E-13

      iter #   5 total cpu time : 89580.2 secs   av.it.:  16.4
      thresh= 9.989E-08 alpha_mix =  0.700 |ddv_scf|^2 =  9.730E-14

      iter #   6 total cpu time : 89783.6 secs   av.it.:  16.0
      thresh= 3.119E-08 alpha_mix =  0.700 |ddv_scf|^2 =  8.567E-15

     End of self-consistent calculation

     Convergence has been achieved 


     Representation #   7 modes #  13  14

     Self-consistent Calculation

      iter #   1 total cpu time : 89876.4 secs   av.it.:   3.1
      thresh= 1.000E-02 alpha_mix =  0.700 |ddv_scf|^2 =  2.243E-09

      iter #   2 total cpu time : 90091.4 secs   av.it.:  16.0
      thresh= 4.736E-06 alpha_mix =  0.700 |ddv_scf|^2 =  2.121E-09

      iter #   3 total cpu time : 90295.4 secs   av.it.:  15.0
      thresh= 4.605E-06 alpha_mix =  0.700 |ddv_scf|^2 =  1.041E-11

      iter #   4 total cpu time : 90512.3 secs   av.it.:  16.0
      thresh= 3.227E-07 alpha_mix =  0.700 |ddv_scf|^2 =  1.104E-12

      iter #   5 total cpu time : 90725.7 secs   av.it.:  16.0
      thresh= 1.051E-07 alpha_mix =  0.700 |ddv_scf|^2 =  5.610E-14

      iter #   6 total cpu time : 90943.6 secs   av.it.:  16.3
      thresh= 2.369E-08 alpha_mix =  0.700 |ddv_scf|^2 =  5.459E-15

     End of self-consistent calculation

     Convergence has been achieved 


     Representation #   8 modes #  15  16

     Self-consistent Calculation

      iter #   1 total cpu time : 91074.8 secs   av.it.:   6.7
      thresh= 1.000E-02 alpha_mix =  0.700 |ddv_scf|^2 =  3.982E-08

      iter #   2 total cpu time : 91290.3 secs   av.it.:  16.3
      thresh= 1.996E-05 alpha_mix =  0.700 |ddv_scf|^2 =  4.031E-08

      iter #   3 total cpu time : 91492.3 secs   av.it.:  15.0
      thresh= 2.008E-05 alpha_mix =  0.700 |ddv_scf|^2 =  3.162E-10

      iter #   4 total cpu time : 91705.2 secs   av.it.:  16.0
      thresh= 1.778E-06 alpha_mix =  0.700 |ddv_scf|^2 =  1.008E-11

      iter #   5 total cpu time : 91916.8 secs   av.it.:  16.5
      thresh= 3.175E-07 alpha_mix =  0.700 |ddv_scf|^2 =  8.644E-13

      iter #   6 total cpu time : 92129.9 secs   av.it.:  16.9
      thresh= 9.297E-08 alpha_mix =  0.700 |ddv_scf|^2 =  2.621E-14

      iter #   7 total cpu time : 92341.5 secs   av.it.:  16.7
      thresh= 1.619E-08 alpha_mix =  0.700 |ddv_scf|^2 =  2.165E-15

     End of self-consistent calculation

     Convergence has been achieved 


     Representation #   9 modes #  17  18  19  20

     Self-consistent Calculation

      iter #   1 total cpu time : 92533.8 secs   av.it.:   4.2
      thresh= 1.000E-02 alpha_mix =  0.700 |ddv_scf|^2 =  7.966E-10

      iter #   2 total cpu time : 92995.9 secs   av.it.:  17.4
      thresh= 2.822E-06 alpha_mix =  0.700 |ddv_scf|^2 =  9.219E-10

      iter #   3 total cpu time : 93407.8 secs   av.it.:  15.6
      thresh= 3.036E-06 alpha_mix =  0.700 |ddv_scf|^2 =  5.979E-12

      iter #   4 total cpu time : 93853.7 secs   av.it.:  17.4
      thresh= 2.445E-07 alpha_mix =  0.700 |ddv_scf|^2 =  4.177E-13

      iter #   5 total cpu time : 94301.5 secs   av.it.:  17.5
      thresh= 6.463E-08 alpha_mix =  0.700 |ddv_scf|^2 =  4.009E-14

      iter #   6 total cpu time : 94744.1 secs   av.it.:  17.5
      thresh= 2.002E-08 alpha_mix =  0.700 |ddv_scf|^2 =  1.257E-15

     End of self-consistent calculation

     Convergence has been achieved 


     Representation #  10 modes #  21  22

     Self-consistent Calculation

      iter #   1 total cpu time : 94842.9 secs   av.it.:   3.0
      thresh= 1.000E-02 alpha_mix =  0.700 |ddv_scf|^2 =  1.621E-09

      iter #   2 total cpu time : 95055.5 secs   av.it.:  16.0
      thresh= 4.026E-06 alpha_mix =  0.700 |ddv_scf|^2 =  1.722E-09

      iter #   3 total cpu time : 95253.8 secs   av.it.:  15.0
      thresh= 4.150E-06 alpha_mix =  0.700 |ddv_scf|^2 =  7.611E-12

      iter #   4 total cpu time : 95467.2 secs   av.it.:  16.1
      thresh= 2.759E-07 alpha_mix =  0.700 |ddv_scf|^2 =  9.816E-13

      iter #   5 total cpu time : 95678.7 secs   av.it.:  16.0
      thresh= 9.908E-08 alpha_mix =  0.700 |ddv_scf|^2 =  5.092E-14

      iter #   6 total cpu time : 95889.6 secs   av.it.:  16.0
      thresh= 2.257E-08 alpha_mix =  0.700 |ddv_scf|^2 =  4.863E-15

     End of self-consistent calculation

     Convergence has been achieved 


     Representation #  11 modes #  23  24

     Self-consistent Calculation

      iter #   1 total cpu time : 95982.1 secs   av.it.:   3.0
      thresh= 1.000E-02 alpha_mix =  0.700 |ddv_scf|^2 =  2.786E-09

      iter #   2 total cpu time : 96195.8 secs   av.it.:  16.0
      thresh= 5.278E-06 alpha_mix =  0.700 |ddv_scf|^2 =  3.177E-09

      iter #   3 total cpu time : 96394.9 secs   av.it.:  15.0
      thresh= 5.636E-06 alpha_mix =  0.700 |ddv_scf|^2 =  4.265E-12

      iter #   4 total cpu time : 96614.3 secs   av.it.:  16.9
      thresh= 2.065E-07 alpha_mix =  0.700 |ddv_scf|^2 =  9.045E-13

      iter #   5 total cpu time : 96826.1 secs   av.it.:  16.0
      thresh= 9.511E-08 alpha_mix =  0.700 |ddv_scf|^2 =  3.177E-14

      iter #   6 total cpu time : 97043.8 secs   av.it.:  17.0
      thresh= 1.782E-08 alpha_mix =  0.700 |ddv_scf|^2 =  1.483E-15

     End of self-consistent calculation

     Convergence has been achieved 


     Representation #  12 modes #  25  26

     Self-consistent Calculation

      iter #   1 total cpu time : 97136.2 secs   av.it.:   3.0
      thresh= 1.000E-02 alpha_mix =  0.700 |ddv_scf|^2 =  2.085E-09

      iter #   2 total cpu time : 97348.7 secs   av.it.:  16.0
      thresh= 4.567E-06 alpha_mix =  0.700 |ddv_scf|^2 =  2.280E-09

      iter #   3 total cpu time : 97547.2 secs   av.it.:  15.0
      thresh= 4.775E-06 alpha_mix =  0.700 |ddv_scf|^2 =  1.161E-11

      iter #   4 total cpu time : 97758.1 secs   av.it.:  16.0
      thresh= 3.408E-07 alpha_mix =  0.700 |ddv_scf|^2 =  5.415E-13

      iter #   5 total cpu time : 97974.8 secs   av.it.:  16.8
      thresh= 7.359E-08 alpha_mix =  0.700 |ddv_scf|^2 =  4.410E-14

      iter #   6 total cpu time : 98187.0 secs   av.it.:  16.0
      thresh= 2.100E-08 alpha_mix =  0.700 |ddv_scf|^2 =  2.950E-15

     End of self-consistent calculation

     Convergence has been achieved 


     Representation #  13 modes #  27  28

     Self-consistent Calculation

      iter #   1 total cpu time : 98281.6 secs   av.it.:   3.1
      thresh= 1.000E-02 alpha_mix =  0.700 |ddv_scf|^2 =  7.866E-10

      iter #   2 total cpu time : 98501.2 secs   av.it.:  17.0
      thresh= 2.805E-06 alpha_mix =  0.700 |ddv_scf|^2 =  6.988E-10

      iter #   3 total cpu time : 98706.3 secs   av.it.:  15.8
      thresh= 2.643E-06 alpha_mix =  0.700 |ddv_scf|^2 =  1.111E-11

      iter #   4 total cpu time : 98918.0 secs   av.it.:  16.0
      thresh= 3.333E-07 alpha_mix =  0.700 |ddv_scf|^2 =  4.542E-13

      iter #   5 total cpu time : 99132.8 secs   av.it.:  17.0
      thresh= 6.739E-08 alpha_mix =  0.700 |ddv_scf|^2 =  3.784E-14

      iter #   6 total cpu time : 99351.8 secs   av.it.:  16.4
      thresh= 1.945E-08 alpha_mix =  0.700 |ddv_scf|^2 =  3.411E-15

     End of self-consistent calculation

     Convergence has been achieved 


     Representation #  14 modes #  29  30

     Self-consistent Calculation

      iter #   1 total cpu time : 99448.2 secs   av.it.:   3.6
      thresh= 1.000E-02 alpha_mix =  0.700 |ddv_scf|^2 =  6.751E-10

      iter #   2 total cpu time : 99674.8 secs   av.it.:  17.0
      thresh= 2.598E-06 alpha_mix =  0.700 |ddv_scf|^2 =  4.050E-10

      iter #   3 total cpu time : 99891.8 secs   av.it.:  16.0
      thresh= 2.012E-06 alpha_mix =  0.700 |ddv_scf|^2 =  1.740E-11

      iter #   4 total cpu time :100090.8 secs   av.it.:  15.0
      thresh= 4.171E-07 alpha_mix =  0.700 |ddv_scf|^2 =  9.654E-13

      iter #   5 total cpu time :100303.1 secs   av.it.:  16.0
      thresh= 9.826E-08 alpha_mix =  0.700 |ddv_scf|^2 =  4.004E-14

      iter #   6 total cpu time :100520.9 secs   av.it.:  16.1
      thresh= 2.001E-08 alpha_mix =  0.700 |ddv_scf|^2 =  5.553E-15

     End of self-consistent calculation

     Convergence has been achieved 


     Representation #  15 modes #  31  32

     Self-consistent Calculation

      iter #   1 total cpu time :100612.0 secs   av.it.:   3.0
      thresh= 1.000E-02 alpha_mix =  0.700 |ddv_scf|^2 =  1.088E-09

      iter #   2 total cpu time :100824.6 secs   av.it.:  16.0
      thresh= 3.299E-06 alpha_mix =  0.700 |ddv_scf|^2 =  9.984E-10

      iter #   3 total cpu time :101023.6 secs   av.it.:  15.0
      thresh= 3.160E-06 alpha_mix =  0.700 |ddv_scf|^2 =  6.049E-12

      iter #   4 total cpu time :101238.4 secs   av.it.:  16.0
      thresh= 2.460E-07 alpha_mix =  0.700 |ddv_scf|^2 =  7.793E-13

      iter #   5 total cpu time :101451.4 secs   av.it.:  16.0
      thresh= 8.828E-08 alpha_mix =  0.700 |ddv_scf|^2 =  2.819E-14

      iter #   6 total cpu time :101664.4 secs   av.it.:  16.0
      thresh= 1.679E-08 alpha_mix =  0.700 |ddv_scf|^2 =  2.511E-15

     End of self-consistent calculation

     Convergence has been achieved 


     Representation #  16 modes #  33  34

     Self-consistent Calculation

      iter #   1 total cpu time :101774.3 secs   av.it.:   5.0
      thresh= 1.000E-02 alpha_mix =  0.700 |ddv_scf|^2 =  8.211E-09

      iter #   2 total cpu time :101992.6 secs   av.it.:  16.9
      thresh= 9.062E-06 alpha_mix =  0.700 |ddv_scf|^2 =  6.745E-09

      iter #   3 total cpu time :102198.6 secs   av.it.:  15.8
      thresh= 8.213E-06 alpha_mix =  0.700 |ddv_scf|^2 =  1.050E-10

      iter #   4 total cpu time :102404.6 secs   av.it.:  15.9
      thresh= 1.025E-06 alpha_mix =  0.700 |ddv_scf|^2 =  4.241E-12

      iter #   5 total cpu time :102618.2 secs   av.it.:  16.0
      thresh= 2.059E-07 alpha_mix =  0.700 |ddv_scf|^2 =  2.520E-13

      iter #   6 total cpu time :102836.5 secs   av.it.:  16.9
      thresh= 5.020E-08 alpha_mix =  0.700 |ddv_scf|^2 =  8.431E-15

     End of self-consistent calculation

     Convergence has been achieved 


     Representation #  17 modes #  35  36

     Self-consistent Calculation

      iter #   1 total cpu time :102927.6 secs   av.it.:   3.0
      thresh= 1.000E-02 alpha_mix =  0.700 |ddv_scf|^2 =  3.834E-09

      iter #   2 total cpu time :103133.1 secs   av.it.:  16.0
      thresh= 6.192E-06 alpha_mix =  0.700 |ddv_scf|^2 =  5.424E-09

      iter #   3 total cpu time :103327.2 secs   av.it.:  15.0
      thresh= 7.365E-06 alpha_mix =  0.700 |ddv_scf|^2 =  7.152E-12

      iter #   4 total cpu time :103543.7 secs   av.it.:  17.0
      thresh= 2.674E-07 alpha_mix =  0.700 |ddv_scf|^2 =  1.156E-12

      iter #   5 total cpu time :103750.4 secs   av.it.:  16.0
      thresh= 1.075E-07 alpha_mix =  0.700 |ddv_scf|^2 =  2.540E-14

      iter #   6 total cpu time :103970.3 secs   av.it.:  16.8
      thresh= 1.594E-08 alpha_mix =  0.700 |ddv_scf|^2 =  1.681E-15

     End of self-consistent calculation

     Convergence has been achieved 


     Representation #  18 modes #  37  38

     Self-consistent Calculation

      iter #   1 total cpu time :104102.5 secs   av.it.:   6.9
      thresh= 1.000E-02 alpha_mix =  0.700 |ddv_scf|^2 =  1.481E-07

      iter #   2 total cpu time :104309.6 secs   av.it.:  16.0
      thresh= 3.848E-05 alpha_mix =  0.700 |ddv_scf|^2 =  1.839E-07

      iter #   3 total cpu time :104503.2 secs   av.it.:  15.0
      thresh= 4.288E-05 alpha_mix =  0.700 |ddv_scf|^2 =  2.837E-10

      iter #   4 total cpu time :104718.7 secs   av.it.:  16.9
      thresh= 1.684E-06 alpha_mix =  0.700 |ddv_scf|^2 =  1.633E-11

      iter #   5 total cpu time :104935.9 secs   av.it.:  16.2
      thresh= 4.041E-07 alpha_mix =  0.700 |ddv_scf|^2 =  6.490E-13

      iter #   6 total cpu time :105159.7 secs   av.it.:  17.0
      thresh= 8.056E-08 alpha_mix =  0.700 |ddv_scf|^2 =  9.347E-14

      iter #   7 total cpu time :105369.9 secs   av.it.:  16.0
      thresh= 3.057E-08 alpha_mix =  0.700 |ddv_scf|^2 =  5.764E-15

     End of self-consistent calculation

     Convergence has been achieved 


     Representation #  19 modes #  39  40

     Self-consistent Calculation

      iter #   1 total cpu time :105465.0 secs   av.it.:   3.3
      thresh= 1.000E-02 alpha_mix =  0.700 |ddv_scf|^2 =  6.522E-10

      iter #   2 total cpu time :105690.7 secs   av.it.:  17.0
      thresh= 2.554E-06 alpha_mix =  0.700 |ddv_scf|^2 =  3.143E-10

      iter #   3 total cpu time :105900.2 secs   av.it.:  16.1
      thresh= 1.773E-06 alpha_mix =  0.700 |ddv_scf|^2 =  1.004E-11

      iter #   4 total cpu time :106099.9 secs   av.it.:  15.3
      thresh= 3.169E-07 alpha_mix =  0.700 |ddv_scf|^2 =  7.070E-13

      iter #   5 total cpu time :106309.4 secs   av.it.:  16.0
      thresh= 8.408E-08 alpha_mix =  0.700 |ddv_scf|^2 =  3.941E-14

      iter #   6 total cpu time :106522.8 secs   av.it.:  16.8
      thresh= 1.985E-08 alpha_mix =  0.700 |ddv_scf|^2 =  5.514E-15

     End of self-consistent calculation

     Convergence has been achieved 


     Representation #  20 modes #  41  42

     Self-consistent Calculation

      iter #   1 total cpu time :106630.7 secs   av.it.:   5.0
      thresh= 1.000E-02 alpha_mix =  0.700 |ddv_scf|^2 =  2.186E-08

      iter #   2 total cpu time :106839.8 secs   av.it.:  16.0
      thresh= 1.478E-05 alpha_mix =  0.700 |ddv_scf|^2 =  2.731E-08

      iter #   3 total cpu time :107035.0 secs   av.it.:  15.0
      thresh= 1.653E-05 alpha_mix =  0.700 |ddv_scf|^2 =  3.056E-11

      iter #   4 total cpu time :107258.4 secs   av.it.:  17.0
      thresh= 5.528E-07 alpha_mix =  0.700 |ddv_scf|^2 =  5.199E-12

      iter #   5 total cpu time :107472.5 secs   av.it.:  16.0
      thresh= 2.280E-07 alpha_mix =  0.700 |ddv_scf|^2 =  1.942E-13

      iter #   6 total cpu time :107694.3 secs   av.it.:  17.0
      thresh= 4.407E-08 alpha_mix =  0.700 |ddv_scf|^2 =  2.914E-14

      iter #   7 total cpu time :107912.8 secs   av.it.:  16.3
      thresh= 1.707E-08 alpha_mix =  0.700 |ddv_scf|^2 =  7.899E-16

     End of self-consistent calculation

     Convergence has been achieved 


     Representation #  21 modes #  43  44

     Self-consistent Calculation

      iter #   1 total cpu time :108007.7 secs   av.it.:   3.3
      thresh= 1.000E-02 alpha_mix =  0.700 |ddv_scf|^2 =  1.846E-09

      iter #   2 total cpu time :108223.1 secs   av.it.:  16.4
      thresh= 4.296E-06 alpha_mix =  0.700 |ddv_scf|^2 =  1.268E-09

      iter #   3 total cpu time :108427.6 secs   av.it.:  15.6
      thresh= 3.561E-06 alpha_mix =  0.700 |ddv_scf|^2 =  7.283E-12

      iter #   4 total cpu time :108636.9 secs   av.it.:  16.0
      thresh= 2.699E-07 alpha_mix =  0.700 |ddv_scf|^2 =  1.218E-12

      iter #   5 total cpu time :108844.6 secs   av.it.:  16.0
      thresh= 1.104E-07 alpha_mix =  0.700 |ddv_scf|^2 =  2.828E-14

      iter #   6 total cpu time :109058.1 secs   av.it.:  16.5
      thresh= 1.682E-08 alpha_mix =  0.700 |ddv_scf|^2 =  3.390E-15

     End of self-consistent calculation

     Convergence has been achieved 


     Representation #  22 modes #  45  46

     Self-consistent Calculation

      iter #   1 total cpu time :109149.5 secs   av.it.:   3.0
      thresh= 1.000E-02 alpha_mix =  0.700 |ddv_scf|^2 =  4.733E-09

      iter #   2 total cpu time :109353.5 secs   av.it.:  16.0
      thresh= 6.880E-06 alpha_mix =  0.700 |ddv_scf|^2 =  5.366E-09

      iter #   3 total cpu time :109546.0 secs   av.it.:  15.0
      thresh= 7.325E-06 alpha_mix =  0.700 |ddv_scf|^2 =  7.039E-12

      iter #   4 total cpu time :109760.1 secs   av.it.:  16.9
      thresh= 2.653E-07 alpha_mix =  0.700 |ddv_scf|^2 =  1.047E-12

      iter #   5 total cpu time :109967.5 secs   av.it.:  16.0
      thresh= 1.023E-07 alpha_mix =  0.700 |ddv_scf|^2 =  4.948E-14

      iter #   6 total cpu time :110175.7 secs   av.it.:  16.0
      thresh= 2.224E-08 alpha_mix =  0.700 |ddv_scf|^2 =  3.850E-15

     End of self-consistent calculation

     Convergence has been achieved 


     Representation #  23 modes #  47  48

     Self-consistent Calculation

      iter #   1 total cpu time :110268.2 secs   av.it.:   3.0
      thresh= 1.000E-02 alpha_mix =  0.700 |ddv_scf|^2 =  6.443E-10

      iter #   2 total cpu time :110481.0 secs   av.it.:  16.9
      thresh= 2.538E-06 alpha_mix =  0.700 |ddv_scf|^2 =  4.634E-10

      iter #   3 total cpu time :110683.2 secs   av.it.:  15.4
      thresh= 2.153E-06 alpha_mix =  0.700 |ddv_scf|^2 =  3.953E-12

      iter #   4 total cpu time :110895.0 secs   av.it.:  16.0
      thresh= 1.988E-07 alpha_mix =  0.700 |ddv_scf|^2 =  9.944E-13

      iter #   5 total cpu time :111103.4 secs   av.it.:  16.0
      thresh= 9.972E-08 alpha_mix =  0.700 |ddv_scf|^2 =  1.943E-14

      iter #   6 total cpu time :111317.6 secs   av.it.:  16.6
      thresh= 1.394E-08 alpha_mix =  0.700 |ddv_scf|^2 =  1.978E-15

     End of self-consistent calculation

     Convergence has been achieved 


     Representation #  24 modes #  49  50

     Self-consistent Calculation

      iter #   1 total cpu time :111406.9 secs   av.it.:   3.0
      thresh= 1.000E-02 alpha_mix =  0.700 |ddv_scf|^2 =  1.041E-09

      iter #   2 total cpu time :111613.9 secs   av.it.:  16.0
      thresh= 3.226E-06 alpha_mix =  0.700 |ddv_scf|^2 =  9.503E-10

      iter #   3 total cpu time :111809.0 secs   av.it.:  15.0
      thresh= 3.083E-06 alpha_mix =  0.700 |ddv_scf|^2 =  5.867E-12

      iter #   4 total cpu time :112017.3 secs   av.it.:  16.0
      thresh= 2.422E-07 alpha_mix =  0.700 |ddv_scf|^2 =  7.905E-13

      iter #   5 total cpu time :112223.9 secs   av.it.:  16.0
      thresh= 8.891E-08 alpha_mix =  0.700 |ddv_scf|^2 =  4.108E-14

      iter #   6 total cpu time :112434.9 secs   av.it.:  16.0
      thresh= 2.027E-08 alpha_mix =  0.700 |ddv_scf|^2 =  2.109E-15

     End of self-consistent calculation

     Convergence has been achieved 


     Representation #  25 modes #  51  52

     Self-consistent Calculation

      iter #   1 total cpu time :112564.1 secs   av.it.:   6.3
      thresh= 1.000E-02 alpha_mix =  0.700 |ddv_scf|^2 =  7.376E-08

      iter #   2 total cpu time :112773.5 secs   av.it.:  16.0
      thresh= 2.716E-05 alpha_mix =  0.700 |ddv_scf|^2 =  8.400E-08

      iter #   3 total cpu time :112969.6 secs   av.it.:  15.0
      thresh= 2.898E-05 alpha_mix =  0.700 |ddv_scf|^2 =  4.643E-10

      iter #   4 total cpu time :113176.9 secs   av.it.:  16.0
      thresh= 2.155E-06 alpha_mix =  0.700 |ddv_scf|^2 =  1.268E-11

      iter #   5 total cpu time :113392.1 secs   av.it.:  16.7
      thresh= 3.562E-07 alpha_mix =  0.700 |ddv_scf|^2 =  9.131E-13

      iter #   6 total cpu time :113617.7 secs   av.it.:  17.0
      thresh= 9.555E-08 alpha_mix =  0.700 |ddv_scf|^2 =  6.774E-14

      iter #   7 total cpu time :113831.8 secs   av.it.:  16.0
      thresh= 2.603E-08 alpha_mix =  0.700 |ddv_scf|^2 =  2.257E-15

     End of self-consistent calculation

     Convergence has been achieved 


     Representation #  26 modes #  53  54

     Self-consistent Calculation

      iter #   1 total cpu time :113942.0 secs   av.it.:   5.0
      thresh= 1.000E-02 alpha_mix =  0.700 |ddv_scf|^2 =  1.953E-08

      iter #   2 total cpu time :114148.1 secs   av.it.:  16.0
      thresh= 1.398E-05 alpha_mix =  0.700 |ddv_scf|^2 =  2.574E-08

      iter #   3 total cpu time :114345.8 secs   av.it.:  15.0
      thresh= 1.604E-05 alpha_mix =  0.700 |ddv_scf|^2 =  4.505E-11

      iter #   4 total cpu time :114558.2 secs   av.it.:  16.8
      thresh= 6.712E-07 alpha_mix =  0.700 |ddv_scf|^2 =  7.609E-12

      iter #   5 total cpu time :114765.4 secs   av.it.:  16.0
      thresh= 2.758E-07 alpha_mix =  0.700 |ddv_scf|^2 =  2.083E-13

      iter #   6 total cpu time :114984.7 secs   av.it.:  16.5
      thresh= 4.563E-08 alpha_mix =  0.700 |ddv_scf|^2 =  1.924E-14

      iter #   7 total cpu time :115201.8 secs   av.it.:  16.6
      thresh= 1.387E-08 alpha_mix =  0.700 |ddv_scf|^2 =  2.501E-15

     End of self-consistent calculation

     Convergence has been achieved 


     Representation #  27 modes #  55  56

     Self-consistent Calculation

      iter #   1 total cpu time :115296.5 secs   av.it.:   3.2
      thresh= 1.000E-02 alpha_mix =  0.700 |ddv_scf|^2 =  4.749E-10

      iter #   2 total cpu time :115519.8 secs   av.it.:  16.9
      thresh= 2.179E-06 alpha_mix =  0.700 |ddv_scf|^2 =  3.261E-10

      iter #   3 total cpu time :115732.2 secs   av.it.:  15.9
      thresh= 1.806E-06 alpha_mix =  0.700 |ddv_scf|^2 =  4.378E-12

      iter #   4 total cpu time :115942.7 secs   av.it.:  16.0
      thresh= 2.092E-07 alpha_mix =  0.700 |ddv_scf|^2 =  1.029E-12

      iter #   5 total cpu time :116147.0 secs   av.it.:  16.0
      thresh= 1.014E-07 alpha_mix =  0.700 |ddv_scf|^2 =  1.466E-14

      iter #   6 total cpu time :116361.8 secs   av.it.:  17.0
      thresh= 1.211E-08 alpha_mix =  0.700 |ddv_scf|^2 =  1.124E-15

     End of self-consistent calculation

     Convergence has been achieved 


     Representation #  28 modes #  57  58

     Self-consistent Calculation

      iter #   1 total cpu time :116471.4 secs   av.it.:   4.9
      thresh= 1.000E-02 alpha_mix =  0.700 |ddv_scf|^2 =  9.773E-09

      iter #   2 total cpu time :116689.5 secs   av.it.:  16.0
      thresh= 9.886E-06 alpha_mix =  0.700 |ddv_scf|^2 =  1.057E-08

      iter #   3 total cpu time :116890.1 secs   av.it.:  15.0
      thresh= 1.028E-05 alpha_mix =  0.700 |ddv_scf|^2 =  3.984E-11

      iter #   4 total cpu time :117110.5 secs   av.it.:  16.9
      thresh= 6.312E-07 alpha_mix =  0.700 |ddv_scf|^2 =  4.995E-12

      iter #   5 total cpu time :117319.1 secs   av.it.:  16.0
      thresh= 2.235E-07 alpha_mix =  0.700 |ddv_scf|^2 =  2.945E-13

      iter #   6 total cpu time :117532.5 secs   av.it.:  16.9
      thresh= 5.426E-08 alpha_mix =  0.700 |ddv_scf|^2 =  2.591E-14

      iter #   7 total cpu time :117743.9 secs   av.it.:  16.7
      thresh= 1.610E-08 alpha_mix =  0.700 |ddv_scf|^2 =  9.655E-16

     End of self-consistent calculation

     Convergence has been achieved 


     Representation #  29 modes #  59  60

     Self-consistent Calculation

      iter #   1 total cpu time :117836.6 secs   av.it.:   3.3
      thresh= 1.000E-02 alpha_mix =  0.700 |ddv_scf|^2 =  3.335E-10

      iter #   2 total cpu time :118056.6 secs   av.it.:  17.0
      thresh= 1.826E-06 alpha_mix =  0.700 |ddv_scf|^2 =  1.536E-10

      iter #   3 total cpu time :118268.2 secs   av.it.:  16.6
      thresh= 1.239E-06 alpha_mix =  0.700 |ddv_scf|^2 =  7.171E-12

      iter #   4 total cpu time :118469.1 secs   av.it.:  15.9
      thresh= 2.678E-07 alpha_mix =  0.700 |ddv_scf|^2 =  7.653E-13

      iter #   5 total cpu time :118678.2 secs   av.it.:  16.0
      thresh= 8.748E-08 alpha_mix =  0.700 |ddv_scf|^2 =  1.309E-14

      iter #   6 total cpu time :118902.5 secs   av.it.:  17.0
      thresh= 1.144E-08 alpha_mix =  0.700 |ddv_scf|^2 =  2.333E-15

     End of self-consistent calculation

     Convergence has been achieved 


     Representation #  30 modes #  61  62

     Self-consistent Calculation

      iter #   1 total cpu time :118996.9 secs   av.it.:   3.0
      thresh= 1.000E-02 alpha_mix =  0.700 |ddv_scf|^2 =  6.669E-10

      iter #   2 total cpu time :119214.5 secs   av.it.:  17.0
      thresh= 2.583E-06 alpha_mix =  0.700 |ddv_scf|^2 =  6.590E-10

      iter #   3 total cpu time :119417.1 secs   av.it.:  15.9
      thresh= 2.567E-06 alpha_mix =  0.700 |ddv_scf|^2 =  1.563E-11

      iter #   4 total cpu time :119621.8 secs   av.it.:  16.0
      thresh= 3.954E-07 alpha_mix =  0.700 |ddv_scf|^2 =  8.366E-13

      iter #   5 total cpu time :119829.4 secs   av.it.:  16.0
      thresh= 9.146E-08 alpha_mix =  0.700 |ddv_scf|^2 =  2.692E-14

      iter #   6 total cpu time :120045.9 secs   av.it.:  16.7
      thresh= 1.641E-08 alpha_mix =  0.700 |ddv_scf|^2 =  3.088E-15

     End of self-consistent calculation

     Convergence has been achieved 


     Representation #  31 modes #  63  64

     Self-consistent Calculation

      iter #   1 total cpu time :120135.9 secs   av.it.:   3.0
      thresh= 1.000E-02 alpha_mix =  0.700 |ddv_scf|^2 =  5.806E-10

      iter #   2 total cpu time :120354.1 secs   av.it.:  17.0
      thresh= 2.410E-06 alpha_mix =  0.700 |ddv_scf|^2 =  4.104E-10

      iter #   3 total cpu time :120561.1 secs   av.it.:  16.0
      thresh= 2.026E-06 alpha_mix =  0.700 |ddv_scf|^2 =  1.642E-11

      iter #   4 total cpu time :120762.5 secs   av.it.:  15.0
      thresh= 4.052E-07 alpha_mix =  0.700 |ddv_scf|^2 =  7.103E-13

      iter #   5 total cpu time :120970.6 secs   av.it.:  16.6
      thresh= 8.428E-08 alpha_mix =  0.700 |ddv_scf|^2 =  2.389E-14

      iter #   6 total cpu time :121187.7 secs   av.it.:  16.1
      thresh= 1.546E-08 alpha_mix =  0.700 |ddv_scf|^2 =  3.128E-15

     End of self-consistent calculation

     Convergence has been achieved 


     Representation #  32 modes #  65  66

     Self-consistent Calculation

      iter #   1 total cpu time :121281.7 secs   av.it.:   3.2
      thresh= 1.000E-02 alpha_mix =  0.700 |ddv_scf|^2 =  4.430E-10

      iter #   2 total cpu time :121500.5 secs   av.it.:  17.0
      thresh= 2.105E-06 alpha_mix =  0.700 |ddv_scf|^2 =  2.368E-10

      iter #   3 total cpu time :121719.2 secs   av.it.:  16.3
      thresh= 1.539E-06 alpha_mix =  0.700 |ddv_scf|^2 =  9.640E-12

      iter #   4 total cpu time :121930.9 secs   av.it.:  15.9
      thresh= 3.105E-07 alpha_mix =  0.700 |ddv_scf|^2 =  8.682E-13

      iter #   5 total cpu time :122144.8 secs   av.it.:  16.0
      thresh= 9.318E-08 alpha_mix =  0.700 |ddv_scf|^2 =  2.296E-14

      iter #   6 total cpu time :122368.0 secs   av.it.:  17.0
      thresh= 1.515E-08 alpha_mix =  0.700 |ddv_scf|^2 =  2.777E-15

     End of self-consistent calculation

     Convergence has been achieved 

     Number of q in the star =    1
     List of q in the star:
          1   0.000000000  -0.505744325   0.000000000

     Diagonalizing the dynamical matrix

     q = (    0.000000000  -0.505744325   0.000000000 ) 

 **************************************************************************
     freq (    1) =       1.262290 [THz] =      42.105474 [cm-1]
     freq (    2) =       1.262290 [THz] =      42.105474 [cm-1]
     freq (    3) =       1.392406 [THz] =      46.445676 [cm-1]
     freq (    4) =       1.392406 [THz] =      46.445676 [cm-1]
     freq (    5) =       1.892135 [THz] =      63.114819 [cm-1]
     freq (    6) =       1.892135 [THz] =      63.114819 [cm-1]
     freq (    7) =       3.687800 [THz] =     123.011752 [cm-1]
     freq (    8) =       3.687800 [THz] =     123.011752 [cm-1]
     freq (    9) =       5.222783 [THz] =     174.213304 [cm-1]
     freq (   10) =       5.222783 [THz] =     174.213304 [cm-1]
     freq (   11) =       5.954320 [THz] =     198.614738 [cm-1]
     freq (   12) =       5.954320 [THz] =     198.614738 [cm-1]
     freq (   13) =       6.608960 [THz] =     220.451182 [cm-1]
     freq (   14) =       6.608960 [THz] =     220.451182 [cm-1]
     freq (   15) =       7.002080 [THz] =     233.564257 [cm-1]
     freq (   16) =       7.002080 [THz] =     233.564257 [cm-1]
     freq (   17) =       8.023029 [THz] =     267.619436 [cm-1]
     freq (   18) =       8.023029 [THz] =     267.619436 [cm-1]
     freq (   19) =       8.487763 [THz] =     283.121315 [cm-1]
     freq (   20) =       8.487763 [THz] =     283.121315 [cm-1]
     freq (   21) =       8.970629 [THz] =     299.227979 [cm-1]
     freq (   22) =       8.970629 [THz] =     299.227979 [cm-1]
     freq (   23) =       9.150348 [THz] =     305.222741 [cm-1]
     freq (   24) =       9.150348 [THz] =     305.222741 [cm-1]
     freq (   25) =       9.550978 [THz] =     318.586348 [cm-1]
     freq (   26) =       9.550978 [THz] =     318.586348 [cm-1]
     freq (   27) =      12.108561 [THz] =     403.898115 [cm-1]
     freq (   28) =      12.108561 [THz] =     403.898115 [cm-1]
     freq (   29) =      12.577105 [THz] =     419.527068 [cm-1]
     freq (   30) =      12.577105 [THz] =     419.527068 [cm-1]
     freq (   31) =      30.416252 [THz] =    1014.576968 [cm-1]
     freq (   32) =      30.416252 [THz] =    1014.576968 [cm-1]
     freq (   33) =      30.729243 [THz] =    1025.017214 [cm-1]
     freq (   34) =      30.729243 [THz] =    1025.017214 [cm-1]
     freq (   35) =      31.929500 [THz] =    1065.053473 [cm-1]
     freq (   36) =      31.929500 [THz] =    1065.053473 [cm-1]
     freq (   37) =      32.351869 [THz] =    1079.142177 [cm-1]
     freq (   38) =      32.351869 [THz] =    1079.142177 [cm-1]
     freq (   39) =      32.528078 [THz] =    1085.019884 [cm-1]
     freq (   40) =      32.528078 [THz] =    1085.019884 [cm-1]
     freq (   41) =      32.665935 [THz] =    1089.618303 [cm-1]
     freq (   42) =      32.665935 [THz] =    1089.618303 [cm-1]
     freq (   43) =      35.673515 [THz] =    1189.940373 [cm-1]
     freq (   44) =      35.673515 [THz] =    1189.940373 [cm-1]
     freq (   45) =      35.877949 [THz] =    1196.759557 [cm-1]
     freq (   46) =      35.877949 [THz] =    1196.759557 [cm-1]
     freq (   47) =      36.392339 [THz] =    1213.917754 [cm-1]
     freq (   48) =      36.392339 [THz] =    1213.917754 [cm-1]
     freq (   49) =      36.710888 [THz] =    1224.543408 [cm-1]
     freq (   50) =      36.710888 [THz] =    1224.543408 [cm-1]
     freq (   51) =      68.541713 [THz] =    2286.305449 [cm-1]
     freq (   52) =      68.541713 [THz] =    2286.305449 [cm-1]
     freq (   53) =      68.651577 [THz] =    2289.970133 [cm-1]
     freq (   54) =      68.651577 [THz] =    2289.970133 [cm-1]
     freq (   55) =      70.099102 [THz] =    2338.254364 [cm-1]
     freq (   56) =      70.099102 [THz] =    2338.254364 [cm-1]
     freq (   57) =      70.338005 [THz] =    2346.223287 [cm-1]
     freq (   58) =      70.338005 [THz] =    2346.223287 [cm-1]
     freq (   59) =      70.533382 [THz] =    2352.740389 [cm-1]
     freq (   60) =      70.533382 [THz] =    2352.740389 [cm-1]
     freq (   61) =      71.026214 [THz] =    2369.179474 [cm-1]
     freq (   62) =      71.026214 [THz] =    2369.179474 [cm-1]
     freq (   63) =      71.277524 [THz] =    2377.562295 [cm-1]
     freq (   64) =      71.277524 [THz] =    2377.562295 [cm-1]
     freq (   65) =      71.303861 [THz] =    2378.440777 [cm-1]
     freq (   66) =      71.303861 [THz] =    2378.440777 [cm-1]
 **************************************************************************

     Calculation of q =    0.0000000  -0.5057443  -0.7989450

     Parallelization info
     --------------------
     sticks:   dense  smooth     PW     G-vecs:    dense   smooth      PW
     Min         501     250     68                26015     9198    1314
     Max         503     251     69                26017     9201    1317
     Sum       12031    6005   1643               624371   220763   31579

     Using Slab Decomposition



     bravais-lattice index     =            8
     lattice parameter (alat)  =      13.8222  a.u.
     unit-cell volume          =    1633.8810 (a.u.)^3
     number of atoms/cell      =           22
     number of atomic types    =            3
     number of electrons       =        48.00
     number of Kohn-Sham states=           24
     kinetic-energy cutoff     =     100.0000  Ry
     charge density cutoff     =     800.0000  Ry
     Exchange-correlation= PBESOL
                           (   1   4  10   8   0   0   0)

     celldm(1)=  13.822166  celldm(2)=   0.988642  celldm(3)=   0.625825
     celldm(4)=   0.000000  celldm(5)=   0.000000  celldm(6)=   0.000000

     crystal axes: (cart. coord. in units of alat)
               a(1) = (   1.000000   0.000000   0.000000 )  
               a(2) = (   0.000000   0.988642   0.000000 )  
               a(3) = (   0.000000   0.000000   0.625825 )  

     reciprocal axes: (cart. coord. in units 2 pi/alat)
               b(1) = (  1.000000  0.000000  0.000000 )  
               b(2) = (  0.000000  1.011489  0.000000 )  
               b(3) = (  0.000000  0.000000  1.597890 )  


     PseudoPot. # 1 for B  read from file:
     /home/mehlhorn/pseudos/b_pbesol_v1.4.uspp.F.UPF
     MD5 check sum: 369b69bef2c3aeed4453bd8b804fd6a8
     Pseudo is Ultrasoft + core correction, Zval =  3.0
     Generated by new atomic code, or converted to UPF format
     Using radial grid of  781 points,  4 beta functions with: 
                l(1) =   0
                l(2) =   0
                l(3) =   1
                l(4) =   1
     Q(r) pseudized with  8 coefficients,  rinner =    1.100   1.100   1.100


     PseudoPot. # 2 for Ba read from file:
     /home/mehlhorn/pseudos/Ba.nc.z_10.oncvpsp4.dojo.v4-sp.upf
     MD5 check sum: c10ed334bb677c0554edec7181ce9143
     Pseudo is Norm-conserving + core correction, Zval = 10.0
     Generated using ONCVPSP code by D. R. Hamann
     Using radial grid of 1938 points,  8 beta functions with: 
                l(1) =   0
                l(2) =   0
                l(3) =   1
                l(4) =   1
                l(5) =   2
                l(6) =   2
                l(7) =   3
                l(8) =   3

     PseudoPot. # 3 for H  read from file:
     /home/mehlhorn/pseudos/H_ONCV_PBEsol-1.0.upf
     MD5 check sum: 398ef8f67c0a7342c05c87c5e19ea467
     Pseudo is Norm-conserving, Zval =  1.0
     Generated using ONCVPSP code by D. R. Hamann
     Using radial grid of 1180 points,  2 beta functions with: 
                l(1) =   0
                l(2) =   0

     atomic species   valence    mass     pseudopotential
     B                 3.00    10.81100     B ( 1.00)
     Ba               10.00   137.32700     Ba( 1.00)
     H                 1.00     1.00794     H ( 1.00)

      4 Sym. Ops. (no inversion) found



   Cartesian axes

     site n.     atom                  positions (alat units)
         1        Ba     tau(   1) = (   0.5000000   0.4943209   0.3129269  )
         2        Ba     tau(   2) = (   0.0000000   0.0000000   0.6258110  )
         3        B      tau(   3) = (   0.6506416   0.2739151   0.0000135  )
         4        B      tau(   4) = (   0.3493584   0.7147268   0.0000135  )
         5        B      tau(   5) = (   0.1506416   0.2204059   0.3128991  )
         6        B      tau(   6) = (   0.8493584   0.7682360   0.3128991  )
         7        H      tau(   7) = (   0.4819832   0.2783418   0.0000138  )
         8        H      tau(   8) = (   0.5180168   0.7103001   0.0000138  )
         9        H      tau(   9) = (   0.9819832   0.2159792   0.3128988  )
        10        H      tau(  10) = (   0.0180168   0.7726627   0.3128988  )
        11        H      tau(  11) = (   0.7124279   0.4312567   0.0000147  )
        12        H      tau(  12) = (   0.2875721   0.5573851   0.0000147  )
        13        H      tau(  13) = (   0.2124279   0.0630642   0.3128979  )
        14        H      tau(  14) = (   0.7875721   0.9255777   0.3128979  )
        15        H      tau(  15) = (   0.7007933   0.1949551   0.4861041  )
        16        H      tau(  16) = (   0.2992067   0.7936867   0.4861041  )
        17        H      tau(  17) = (   0.2007933   0.2993658   0.4526338  )
        18        H      tau(  18) = (   0.7992067   0.6892760   0.4526338  )
        19        H      tau(  19) = (   0.2991845   0.7936807   0.1397434  )
        20        H      tau(  20) = (   0.7008155   0.1949611   0.1397434  )
        21        H      tau(  21) = (   0.7991845   0.6892821   0.1731692  )
        22        H      tau(  22) = (   0.2008155   0.2993598   0.1731692  )

     number of k points=    54
                       cart. coord. in units 2pi/alat
        k(    1) = (   0.0000000   0.0000000   0.0000000), wk =   0.0160000
        k(    2) = (   0.0000000  -0.5057443  -0.7989450), wk =   0.0000000
        k(    3) = (   0.0000000   0.0000000   0.3195780), wk =   0.0320000
        k(    4) = (   0.0000000  -0.5057443  -0.4793670), wk =   0.0000000
        k(    5) = (   0.0000000   0.0000000   0.6391560), wk =   0.0320000
        k(    6) = (   0.0000000  -0.5057443  -0.1597890), wk =   0.0000000
        k(    7) = (   0.0000000   0.2022977   0.0000000), wk =   0.0320000
        k(    8) = (   0.0000000  -0.3034466  -0.7989450), wk =   0.0000000
        k(    9) = (   0.0000000   0.2022977   0.3195780), wk =   0.0640000
        k(   10) = (   0.0000000  -0.3034466  -0.4793670), wk =   0.0000000
        k(   11) = (   0.0000000   0.2022977   0.6391560), wk =   0.0640000
        k(   12) = (   0.0000000  -0.3034466  -0.1597890), wk =   0.0000000
        k(   13) = (   0.0000000   0.4045955   0.0000000), wk =   0.0320000
        k(   14) = (   0.0000000  -0.1011489  -0.7989450), wk =   0.0000000
        k(   15) = (   0.0000000   0.4045955   0.3195780), wk =   0.0640000
        k(   16) = (   0.0000000  -0.1011489  -0.4793670), wk =   0.0000000
        k(   17) = (   0.0000000   0.4045955   0.6391560), wk =   0.0640000
        k(   18) = (   0.0000000  -0.1011489  -0.1597890), wk =   0.0000000
        k(   19) = (   0.2000000   0.0000000   0.0000000), wk =   0.0320000
        k(   20) = (   0.2000000  -0.5057443  -0.7989450), wk =   0.0000000
        k(   21) = (   0.2000000   0.0000000   0.3195780), wk =   0.0640000
        k(   22) = (   0.2000000  -0.5057443  -0.4793670), wk =   0.0000000
        k(   23) = (   0.2000000   0.0000000   0.6391560), wk =   0.0640000
        k(   24) = (   0.2000000  -0.5057443  -0.1597890), wk =   0.0000000
        k(   25) = (   0.2000000   0.2022977   0.0000000), wk =   0.0640000
        k(   26) = (   0.2000000  -0.3034466  -0.7989450), wk =   0.0000000
        k(   27) = (   0.2000000   0.2022977   0.3195780), wk =   0.1280000
        k(   28) = (   0.2000000  -0.3034466  -0.4793670), wk =   0.0000000
        k(   29) = (   0.2000000   0.2022977   0.6391560), wk =   0.1280000
        k(   30) = (   0.2000000  -0.3034466  -0.1597890), wk =   0.0000000
        k(   31) = (   0.2000000   0.4045955   0.0000000), wk =   0.0640000
        k(   32) = (   0.2000000  -0.1011489  -0.7989450), wk =   0.0000000
        k(   33) = (   0.2000000   0.4045955   0.3195780), wk =   0.1280000
        k(   34) = (   0.2000000  -0.1011489  -0.4793670), wk =   0.0000000
        k(   35) = (   0.2000000   0.4045955   0.6391560), wk =   0.1280000
        k(   36) = (   0.2000000  -0.1011489  -0.1597890), wk =   0.0000000
        k(   37) = (   0.4000000   0.0000000   0.0000000), wk =   0.0320000
        k(   38) = (   0.4000000  -0.5057443  -0.7989450), wk =   0.0000000
        k(   39) = (   0.4000000   0.0000000   0.3195780), wk =   0.0640000
        k(   40) = (   0.4000000  -0.5057443  -0.4793670), wk =   0.0000000
        k(   41) = (   0.4000000   0.0000000   0.6391560), wk =   0.0640000
        k(   42) = (   0.4000000  -0.5057443  -0.1597890), wk =   0.0000000
        k(   43) = (   0.4000000   0.2022977   0.0000000), wk =   0.0640000
        k(   44) = (   0.4000000  -0.3034466  -0.7989450), wk =   0.0000000
        k(   45) = (   0.4000000   0.2022977   0.3195780), wk =   0.1280000
        k(   46) = (   0.4000000  -0.3034466  -0.4793670), wk =   0.0000000
        k(   47) = (   0.4000000   0.2022977   0.6391560), wk =   0.1280000
        k(   48) = (   0.4000000  -0.3034466  -0.1597890), wk =   0.0000000
        k(   49) = (   0.4000000   0.4045955   0.0000000), wk =   0.0640000
        k(   50) = (   0.4000000  -0.1011489  -0.7989450), wk =   0.0000000
        k(   51) = (   0.4000000   0.4045955   0.3195780), wk =   0.1280000
        k(   52) = (   0.4000000  -0.1011489  -0.4793670), wk =   0.0000000
        k(   53) = (   0.4000000   0.4045955   0.6391560), wk =   0.1280000
        k(   54) = (   0.4000000  -0.1011489  -0.1597890), wk =   0.0000000

     Dense  grid:   624371 G-vectors     FFT dimensions: ( 128, 128,  80)

     Smooth grid:   220763 G-vectors     FFT dimensions: (  90,  90,  60)

     Estimated max dynamical RAM per process >      55.66 MB

     Estimated total dynamical RAM >       1.30 GB

     The potential is recalculated from file :
     ./_ph0/pwscf.q_4/pwscf.save/charge-density

     Starting wfcs are   42 atomic wfcs

     Band Structure Calculation
     Davidson diagonalization with overlap

     ethr =  2.08E-11,  avg # of iterations = 21.9

     total cpu time spent up to now is      691.1 secs

     End of band structure calculation

          k = 0.0000 0.0000 0.0000 ( 27547 PWs)   bands (ev):

   -24.8759 -24.8714 -10.3628 -10.3402 -10.1339 -10.1139 -10.0376  -9.9953
    -6.7247  -5.9369  -5.4217  -5.3923  -2.5156  -1.4858  -1.3760  -1.2777
    -1.1822  -0.9955  -0.9748  -0.7035  -0.4711  -0.3095  -0.1927  -0.1718

          k = 0.0000-0.5057-0.7989 ( 27608 PWs)   bands (ev):

   -24.8585 -24.8585 -10.5633 -10.5633 -10.1346 -10.1346 -10.1123 -10.1123
    -5.9857  -5.9857  -5.3172  -5.3172  -2.3754  -2.3754  -1.4933  -1.4933
    -0.8350  -0.8350  -0.6807  -0.6807  -0.6389  -0.6389  -0.4310  -0.4310

          k = 0.0000 0.0000 0.3196 ( 27557 PWs)   bands (ev):

   -24.8703 -24.8666 -10.3025 -10.2841 -10.2328 -10.2112 -10.1198 -10.1041
    -6.3758  -5.7099  -5.5483  -5.5250  -2.2117  -1.8780  -1.7454  -1.2539
    -1.0751  -1.0306  -0.7953  -0.6434  -0.5392  -0.3695  -0.3294  -0.2777

          k = 0.0000-0.5057-0.4794 ( 27598 PWs)   bands (ev):

   -24.8638 -24.8638 -10.4043 -10.4043 -10.1914 -10.1914 -10.1297 -10.1297
    -5.9118  -5.9118  -5.5583  -5.5583  -2.0913  -2.0913  -1.5566  -1.5566
    -0.8901  -0.8901  -0.6774  -0.6774  -0.5888  -0.5888  -0.4354  -0.4354

          k = 0.0000 0.0000 0.6392 ( 27608 PWs)   bands (ev):

   -24.8607 -24.8593 -10.5085 -10.5048 -10.1816 -10.1720 -10.1135 -10.1053
    -5.7614  -5.7531  -5.7425  -5.4582  -2.1261  -2.0687  -1.8950  -1.6317
    -1.0865  -0.9336  -0.7377  -0.5840  -0.5105  -0.4803  -0.4053  -0.3679

          k = 0.0000-0.5057-0.1598 ( 27590 PWs)   bands (ev):

   -24.8722 -24.8722 -10.2875 -10.2875 -10.1881 -10.1881 -10.0672 -10.0672
    -6.1784  -6.1784  -5.5673  -5.5673  -1.9551  -1.9551  -1.2315  -1.2315
    -0.9376  -0.9376  -0.7563  -0.7563  -0.6191  -0.6191  -0.3917  -0.3917

          k = 0.0000 0.2023 0.0000 ( 27569 PWs)   bands (ev):

   -24.8755 -24.8718 -10.3489 -10.3259 -10.1530 -10.1317 -10.0335  -9.9993
    -6.6361  -5.9571  -5.5017  -5.4248  -2.3716  -1.6393  -1.4408  -1.0716
    -1.0156  -0.9874  -0.9644  -0.6992  -0.5051  -0.4464  -0.2787  -0.2373

          k = 0.0000-0.3034-0.7989 ( 27602 PWs)   bands (ev):

   -24.8586 -24.8586 -10.5592 -10.5591 -10.1351 -10.1351 -10.1179 -10.1179
    -5.9361  -5.9361  -5.3732  -5.3732  -2.3112  -2.3111  -1.6055  -1.6053
    -0.8386  -0.8385  -0.6798  -0.6797  -0.5721  -0.5718  -0.4526  -0.4525

          k = 0.0000 0.2023 0.3196 ( 27552 PWs)   bands (ev):

   -24.8699 -24.8669 -10.3000 -10.2715 -10.2260 -10.2237 -10.1217 -10.1151
    -6.3072  -5.7120  -5.6235  -5.5440  -2.1196  -1.8986  -1.7463  -1.1449
    -1.0551  -1.0043  -0.9206  -0.6159  -0.5256  -0.3993  -0.3594  -0.3401

          k = 0.0000-0.3034-0.4794 ( 27590 PWs)   bands (ev):

   -24.8646 -24.8630 -10.4024 -10.3942 -10.2099 -10.2070 -10.1205 -10.1169
    -5.9986  -5.7977  -5.6117  -5.5208  -2.0764  -2.0561  -1.7838  -1.3683
    -1.0598  -0.8675  -0.8214  -0.6210  -0.5369  -0.4492  -0.4402  -0.4200

          k = 0.0000 0.2023 0.6392 ( 27613 PWs)   bands (ev):

   -24.8606 -24.8594 -10.5132 -10.5099 -10.1714 -10.1658 -10.1136 -10.1089
    -5.8883  -5.8362  -5.5795  -5.4059  -2.1843  -2.1799  -1.7749  -1.5692
    -1.0178  -0.8451  -0.7529  -0.5849  -0.5436  -0.5268  -0.4253  -0.4111

          k = 0.0000-0.3034-0.1598 ( 27571 PWs)   bands (ev):

   -24.8735 -24.8709 -10.3193 -10.2972 -10.1728 -10.1507 -10.0802 -10.0582
    -6.4451  -5.9372  -5.5827  -5.4911  -2.1750  -1.7947  -1.4966  -1.0449
    -1.0212  -0.8981  -0.8750  -0.6543  -0.6523  -0.5242  -0.3300  -0.3213

          k = 0.0000 0.4046 0.0000 ( 27614 PWs)   bands (ev):

   -24.8743 -24.8729 -10.3149 -10.2999 -10.1867 -10.1721 -10.0229 -10.0099
    -6.4011  -6.1162  -5.5642  -5.5030  -2.0892  -1.8562  -1.2943  -0.9681
    -0.9548  -0.9112  -0.7931  -0.7322  -0.6650  -0.5865  -0.4158  -0.3959

          k = 0.0000-0.1011-0.7989 ( 27604 PWs)   bands (ev):

   -24.8586 -24.8586 -10.5521 -10.5521 -10.1371 -10.1371 -10.1262 -10.1262
    -5.8246  -5.8246  -5.4949  -5.4948  -2.1683  -2.1680  -1.7932  -1.7931
    -0.8501  -0.8499  -0.7379  -0.7377  -0.5131  -0.5131  -0.4036  -0.4032

          k = 0.0000 0.4046 0.3196 ( 27598 PWs)   bands (ev):

   -24.8690 -24.8679 -10.2865 -10.2598 -10.2383 -10.2160 -10.1331 -10.1302
    -6.1218  -5.8782  -5.6394  -5.5904  -1.9933  -1.9415  -1.5917  -1.2659
    -0.9798  -0.9414  -0.8752  -0.6783  -0.5428  -0.5349  -0.3846  -0.3703

          k = 0.0000-0.1011-0.4794 ( 27553 PWs)   bands (ev):

   -24.8651 -24.8625 -10.3925 -10.3821 -10.2373 -10.2253 -10.1121 -10.1018
    -6.0462  -5.6879  -5.6447  -5.5322  -2.0491  -1.9853  -1.9238  -1.3175
    -1.1865  -1.0735  -0.7840  -0.5325  -0.4563  -0.4541  -0.4064  -0.3637

          k = 0.0000 0.4046 0.6392 ( 27578 PWs)   bands (ev):

   -24.8602 -24.8598 -10.5198 -10.5184 -10.1538 -10.1536 -10.1162 -10.1161
    -5.9574  -5.9339  -5.4374  -5.3731  -2.2784  -2.2695  -1.5988  -1.5056
    -0.8853  -0.7645  -0.7107  -0.6995  -0.5996  -0.5546  -0.4755  -0.4517

          k = 0.0000-0.1011-0.1598 ( 27550 PWs)   bands (ev):

   -24.8743 -24.8701 -10.3434 -10.3215 -10.1361 -10.1168 -10.0913 -10.0577
    -6.6062  -5.8725  -5.4793  -5.4360  -2.3971  -1.6677  -1.5118  -1.2859
    -1.1145  -0.8484  -0.8284  -0.7414  -0.5874  -0.3438  -0.2401  -0.2313

          k = 0.2000 0.0000 0.0000 ( 27596 PWs)   bands (ev):

   -24.8755 -24.8718 -10.3467 -10.3274 -10.1511 -10.1346 -10.0335  -9.9993
    -6.6388  -5.9732  -5.4575  -5.4432  -2.3808  -1.5061  -1.4222  -1.2740
    -0.9736  -0.9711  -0.9629  -0.7104  -0.5145  -0.4120  -0.3216  -0.2470

          k = 0.2000-0.5057-0.7989 ( 27648 PWs)   bands (ev):

   -24.8585 -24.8585 -10.5585 -10.5585 -10.1357 -10.1357 -10.1189 -10.1189
    -5.9433  -5.9433  -5.3590  -5.3590  -2.3483  -2.3483  -1.6546  -1.6546
    -0.7753  -0.7753  -0.6337  -0.6337  -0.5775  -0.5775  -0.4211  -0.4211

          k = 0.2000 0.0000 0.3196 ( 27579 PWs)   bands (ev):

   -24.8699 -24.8669 -10.2889 -10.2852 -10.2244 -10.2227 -10.1289 -10.1084
    -6.3062  -5.7288  -5.5853  -5.5621  -2.1243  -1.8389  -1.7840  -1.1607
    -1.0608  -1.0077  -0.8978  -0.6075  -0.6067  -0.3805  -0.3581  -0.3219

          k = 0.2000-0.5057-0.4794 ( 27586 PWs)   bands (ev):

   -24.8638 -24.8638 -10.3980 -10.3980 -10.2122 -10.2122 -10.1165 -10.1165
    -5.8781  -5.8781  -5.5905  -5.5905  -2.0940  -2.0940  -1.5939  -1.5939
    -0.9233  -0.9233  -0.6716  -0.6716  -0.5070  -0.5070  -0.4235  -0.4235

          k = 0.2000 0.0000 0.6392 ( 27582 PWs)   bands (ev):

   -24.8606 -24.8594 -10.5137 -10.5104 -10.1746 -10.1626 -10.1165 -10.1059
    -5.8641  -5.8109  -5.6090  -5.4226  -2.2579  -2.1770  -1.7509  -1.5304
    -0.9826  -0.8775  -0.7676  -0.6126  -0.5069  -0.4983  -0.4458  -0.3991

          k = 0.2000-0.5057-0.1598 ( 27590 PWs)   bands (ev):

   -24.8722 -24.8722 -10.3152 -10.3152 -10.1570 -10.1570 -10.0688 -10.0688
    -6.2012  -6.2012  -5.5429  -5.5429  -1.9153  -1.9153  -1.3435  -1.3435
    -0.9006  -0.9006  -0.7317  -0.7317  -0.6044  -0.6044  -0.3911  -0.3911

          k = 0.2000 0.2023 0.0000 ( 27586 PWs)   bands (ev):

   -24.8751 -24.8721 -10.3579 -10.3021 -10.1838 -10.1200 -10.0302 -10.0025
    -6.5730  -6.0101  -5.5326  -5.4255  -2.2681  -1.6402  -1.4408  -1.1250
    -0.9993  -0.9411  -0.8240  -0.6978  -0.5977  -0.5247  -0.4059  -0.2171

          k = 0.2000-0.3034-0.7989 ( 27602 PWs)   bands (ev):

   -24.8585 -24.8585 -10.5621 -10.5530 -10.1370 -10.1351 -10.1279 -10.1122
    -5.9712  -5.8493  -5.4608  -5.3307  -2.4018  -2.2181  -1.8028  -1.5496
    -0.8366  -0.7421  -0.6595  -0.6329  -0.5816  -0.5636  -0.4764  -0.3886

          k = 0.2000 0.2023 0.3196 ( 27572 PWs)   bands (ev):

   -24.8697 -24.8672 -10.2990 -10.2658 -10.2433 -10.2113 -10.1328 -10.1083
    -6.2517  -5.7585  -5.6381  -5.5522  -2.0585  -1.8717  -1.7696  -1.1236
    -1.0780  -1.0050  -0.8726  -0.6295  -0.5887  -0.4057  -0.4025  -0.3155

          k = 0.2000-0.3034-0.4794 ( 27592 PWs)   bands (ev):

   -24.8644 -24.8631 -10.4021 -10.3894 -10.2357 -10.1912 -10.1296 -10.1047
    -5.9624  -5.7755  -5.6499  -5.5420  -2.1063  -2.0522  -1.7585  -1.4381
    -1.0109  -0.8646  -0.7761  -0.6414  -0.5644  -0.4634  -0.4305  -0.3532

          k = 0.2000 0.2023 0.6392 ( 27605 PWs)   bands (ev):

   -24.8605 -24.8595 -10.5181 -10.5080 -10.1794 -10.1523 -10.1177 -10.1077
    -5.9297  -5.7752  -5.6079  -5.3910  -2.2998  -2.1537  -1.7561  -1.5670
    -0.8761  -0.8341  -0.7595  -0.5973  -0.5878  -0.5089  -0.4798  -0.3545

          k = 0.2000-0.3034-0.1598 ( 27580 PWs)   bands (ev):

   -24.8732 -24.8712 -10.3400 -10.2847 -10.1912 -10.1215 -10.0794 -10.0618
    -6.4075  -5.9975  -5.5814  -5.4779  -2.1050  -1.7594  -1.5550  -1.0674
    -1.0379  -0.8850  -0.8208  -0.6933  -0.6291  -0.5344  -0.4273  -0.2758

          k = 0.2000 0.4046 0.0000 ( 27581 PWs)   bands (ev):

   -24.8742 -24.8731 -10.3456 -10.3108 -10.1770 -10.1369 -10.0216 -10.0111
    -6.3947  -6.1680  -5.5440  -5.4778  -2.0363  -1.8305  -1.3331  -1.0040
    -0.9979  -0.9648  -0.8379  -0.6409  -0.6395  -0.5675  -0.4904  -0.3187

          k = 0.2000-0.1011-0.7989 ( 27588 PWs)   bands (ev):

   -24.8586 -24.8586 -10.5589 -10.5532 -10.1374 -10.1372 -10.1254 -10.1167
    -5.9109  -5.8176  -5.4970  -5.3986  -2.3447  -2.2294  -1.7443  -1.5908
    -0.8492  -0.7896  -0.7184  -0.7100  -0.5494  -0.5223  -0.4770  -0.3790

          k = 0.2000 0.4046 0.3196 ( 27588 PWs)   bands (ev):

   -24.8689 -24.8680 -10.2953 -10.2736 -10.2368 -10.2119 -10.1302 -10.1158
    -6.1045  -5.9119  -5.6286  -5.5839  -1.9678  -1.9228  -1.6351  -1.3634
    -0.9686  -0.8912  -0.8504  -0.6764  -0.5400  -0.4658  -0.4171  -0.3778

          k = 0.2000-0.1011-0.4794 ( 27596 PWs)   bands (ev):

   -24.8648 -24.8627 -10.3990 -10.3872 -10.2352 -10.2050 -10.1220 -10.1035
    -6.0100  -5.7082  -5.6657  -5.5339  -2.1030  -1.9999  -1.8623  -1.3383
    -1.0661  -1.0144  -0.8014  -0.5718  -0.5261  -0.4555  -0.4144  -0.3595

          k = 0.2000 0.4046 0.6392 ( 27594 PWs)   bands (ev):

   -24.8602 -24.8598 -10.5179 -10.5118 -10.1715 -10.1551 -10.1155 -10.1104
    -5.9410  -5.8713  -5.4888  -5.3983  -2.3022  -2.2235  -1.6908  -1.6062
    -0.8560  -0.7813  -0.6830  -0.6071  -0.5830  -0.5218  -0.4753  -0.3911

          k = 0.2000-0.1011-0.1598 ( 27591 PWs)   bands (ev):

   -24.8739 -24.8705 -10.3372 -10.3032 -10.1656 -10.1243 -10.0861 -10.0569
    -6.5295  -5.9094  -5.5242  -5.4606  -2.2815  -1.6231  -1.5843  -1.2159
    -1.0340  -0.8910  -0.7940  -0.7214  -0.6732  -0.4064  -0.3489  -0.2467

          k = 0.4000 0.0000 0.0000 ( 27586 PWs)   bands (ev):

   -24.8743 -24.8729 -10.3100 -10.3007 -10.1857 -10.1778 -10.0230 -10.0099
    -6.4131  -6.1421  -5.5200  -5.4923  -2.0859  -1.7849  -1.1869  -1.0286
    -0.9363  -0.9310  -0.8703  -0.7334  -0.6984  -0.6155  -0.5037  -0.3879

          k = 0.4000-0.5057-0.7989 ( 27588 PWs)   bands (ev):

   -24.8585 -24.8585 -10.5504 -10.5504 -10.1384 -10.1384 -10.1290 -10.1290
    -5.8575  -5.8575  -5.4436  -5.4436  -2.2859  -2.2859  -1.8682  -1.8682
    -0.7535  -0.7535  -0.5911  -0.5911  -0.4947  -0.4947  -0.3451  -0.3451

          k = 0.4000 0.0000 0.3196 ( 27600 PWs)   bands (ev):

   -24.8690 -24.8679 -10.2767 -10.2564 -10.2511 -10.2220 -10.1367 -10.1223
    -6.1201  -5.8836  -5.6212  -5.5944  -1.9816  -1.8743  -1.6326  -1.2822
    -0.9775  -0.9210  -0.9179  -0.7590  -0.5482  -0.4774  -0.3934  -0.3851

          k = 0.4000-0.5057-0.4794 ( 27556 PWs)   bands (ev):

   -24.8638 -24.8638 -10.3860 -10.3860 -10.2398 -10.2398 -10.1028 -10.1028
    -5.7937  -5.7937  -5.6725  -5.6725  -2.0974  -2.0974  -1.6584  -1.6584
    -0.9351  -0.9351  -0.6387  -0.6387  -0.4920  -0.4920  -0.3493  -0.3493

          k = 0.4000 0.0000 0.6392 ( 27598 PWs)   bands (ev):

   -24.8602 -24.8598 -10.5210 -10.5196 -10.1594 -10.1504 -10.1192 -10.1108
    -5.9148  -5.8913  -5.4783  -5.4085  -2.3616  -2.3227  -1.5531  -1.4426
    -0.8445  -0.8055  -0.6888  -0.6867  -0.6434  -0.4966  -0.4670  -0.4576

          k = 0.4000-0.5057-0.1598 ( 27602 PWs)   bands (ev):

   -24.8722 -24.8722 -10.3451 -10.3451 -10.1190 -10.1190 -10.0739 -10.0739
    -6.2351  -6.2351  -5.5062  -5.5062  -1.8161  -1.8161  -1.5311  -1.5311
    -0.8170  -0.8170  -0.7154  -0.7154  -0.6299  -0.6299  -0.3696  -0.3696

          k = 0.4000 0.2023 0.0000 ( 27608 PWs)   bands (ev):

   -24.8742 -24.8731 -10.3445 -10.3097 -10.1782 -10.1381 -10.0217 -10.0111
    -6.4022  -6.1817  -5.5234  -5.4666  -2.0321  -1.7889  -1.2884  -1.0036
    -0.9846  -0.9493  -0.9025  -0.7142  -0.6573  -0.5828  -0.4958  -0.3235

          k = 0.4000-0.3034-0.7989 ( 27604 PWs)   bands (ev):

   -24.8585 -24.8585 -10.5579 -10.5521 -10.1382 -10.1380 -10.1271 -10.1184
    -5.9238  -5.8397  -5.4634  -5.3740  -2.4045  -2.3003  -1.7934  -1.6583
    -0.7951  -0.7220  -0.6601  -0.6298  -0.5255  -0.4987  -0.4195  -0.3383

          k = 0.4000 0.2023 0.3196 ( 27604 PWs)   bands (ev):

   -24.8689 -24.8680 -10.2923 -10.2714 -10.2421 -10.2151 -10.1298 -10.1137
    -6.1036  -5.9141  -5.6211  -5.5836  -1.9579  -1.8718  -1.6752  -1.3826
    -0.9438  -0.9046  -0.8568  -0.6973  -0.5528  -0.4759  -0.4168  -0.3731

          k = 0.4000-0.3034-0.4794 ( 27584 PWs)   bands (ev):

   -24.8640 -24.8635 -10.3964 -10.3885 -10.2386 -10.2135 -10.1154 -10.1033
    -5.8709  -5.7681  -5.6851  -5.6074  -2.1174  -2.0863  -1.6822  -1.5633
    -0.9480  -0.8739  -0.7416  -0.6287  -0.5266  -0.4654  -0.4199  -0.3413

          k = 0.4000 0.2023 0.6392 ( 27592 PWs)   bands (ev):

   -24.8602 -24.8598 -10.5186 -10.5126 -10.1724 -10.1556 -10.1154 -10.1091
    -5.9150  -5.8351  -5.5225  -5.4211  -2.3472  -2.2786  -1.6371  -1.5703
    -0.8322  -0.7891  -0.6853  -0.6610  -0.5851  -0.5064  -0.4471  -0.3667

          k = 0.4000-0.3034-0.1598 ( 27605 PWs)   bands (ev):

   -24.8726 -24.8718 -10.3427 -10.3160 -10.1576 -10.1209 -10.0744 -10.0674
    -6.2996  -6.1444  -5.5416  -5.4918  -1.9403  -1.7704  -1.5542  -1.3126
    -0.9021  -0.8252  -0.7987  -0.6861  -0.6408  -0.5972  -0.4498  -0.3194

          k = 0.4000 0.4046 0.0000 ( 27626 PWs)   bands (ev):

   -24.8739 -24.8734 -10.3642 -10.3489 -10.1351 -10.1165 -10.0183 -10.0143
    -6.3578  -6.2731  -5.4927  -5.4609  -1.9125  -1.8156  -1.3562  -1.2058
    -1.0192  -1.0023  -0.8010  -0.6713  -0.5856  -0.5553  -0.4188  -0.3168

          k = 0.4000-0.1011-0.7989 ( 27586 PWs)   bands (ev):

   -24.8585 -24.8585 -10.5639 -10.5606 -10.1372 -10.1371 -10.1159 -10.1106
    -5.9464  -5.9027  -5.3985  -5.3516  -2.4522  -2.4078  -1.5276  -1.4646
    -0.8467  -0.7746  -0.7085  -0.6945  -0.5615  -0.5532  -0.4617  -0.4045

          k = 0.4000 0.4046 0.3196 ( 27579 PWs)   bands (ev):

   -24.8686 -24.8683 -10.3042 -10.2959 -10.2272 -10.2163 -10.1136 -10.1060
    -6.0556  -5.9843  -5.6036  -5.5839  -1.9125  -1.8741  -1.6907  -1.5635
    -0.8936  -0.8595  -0.7524  -0.6642  -0.5302  -0.5100  -0.4271  -0.3622

          k = 0.4000-0.1011-0.4794 ( 27598 PWs)   bands (ev):

   -24.8642 -24.8634 -10.4048 -10.3992 -10.2129 -10.1912 -10.1300 -10.1151
    -5.9189  -5.8082  -5.6303  -5.5722  -2.1308  -2.0814  -1.6736  -1.4540
    -0.9286  -0.8373  -0.7799  -0.7066  -0.5623  -0.4720  -0.4477  -0.4052

          k = 0.4000 0.4046 0.6392 ( 27593 PWs)   bands (ev):

   -24.8601 -24.8599 -10.5097 -10.5058 -10.1824 -10.1734 -10.1098 -10.1081
    -5.8608  -5.7980  -5.5530  -5.4831  -2.2775  -2.2207  -1.7963  -1.7416
    -0.8370  -0.8057  -0.6263  -0.6004  -0.5111  -0.4934  -0.3725  -0.3207

          k = 0.4000-0.1011-0.1598 ( 27623 PWs)   bands (ev):

   -24.8728 -24.8716 -10.3109 -10.2837 -10.1929 -10.1615 -10.0732 -10.0614
    -6.3261  -6.0754  -5.5540  -5.5131  -2.0326  -1.7937  -1.4019  -1.0782
    -0.9921  -0.9193  -0.8690  -0.7849  -0.6507  -0.5379  -0.4434  -0.3556

     highest occupied level (ev):    -0.1718

     Writing config to output data dir ./_ph0/pwscf.q_4/pwscf.save/ :
     XML data file

                                                                                

     bravais-lattice index     =            8
     lattice parameter (alat)  =      13.8222  a.u.
     unit-cell volume          =    1633.8810 (a.u.)^3
     number of atoms/cell      =           22
     number of atomic types    =            3
     kinetic-energy cut-off    =     100.0000  Ry
     charge density cut-off    =     800.0000  Ry
     convergence threshold     =      1.0E-14
     beta                      =       0.7000
     number of iterations used =            4
     Exchange-correlation= PBESOL
                           (   1   4  10   8   0   0   0)


     celldm(1)=   13.82217  celldm(2)=    0.98864  celldm(3)=    0.62583
     celldm(4)=    0.00000  celldm(5)=    0.00000  celldm(6)=    0.00000

     crystal axes: (cart. coord. in units of alat)
               a(1) = (  1.0000  0.0000  0.0000 )  
               a(2) = (  0.0000  0.9886  0.0000 )  
               a(3) = (  0.0000  0.0000  0.6258 )  

     reciprocal axes: (cart. coord. in units 2 pi/alat)
               b(1) = (  1.0000  0.0000  0.0000 )  
               b(2) = (  0.0000  1.0115  0.0000 )  
               b(3) = (  0.0000  0.0000  1.5979 )  


     Atoms inside the unit cell: 

     Cartesian axes

     site n.  atom      mass           positions (alat units)
        1  Ba    137.3270   tau(    1) = (    0.50000    0.49432    0.31293  )
        2  Ba    137.3270   tau(    2) = (    0.00000    0.00000    0.62581  )
        3  B      10.8110   tau(    3) = (    0.65064    0.27392    0.00001  )
        4  B      10.8110   tau(    4) = (    0.34936    0.71473    0.00001  )
        5  B      10.8110   tau(    5) = (    0.15064    0.22041    0.31290  )
        6  B      10.8110   tau(    6) = (    0.84936    0.76824    0.31290  )
        7  H       1.0079   tau(    7) = (    0.48198    0.27834    0.00001  )
        8  H       1.0079   tau(    8) = (    0.51802    0.71030    0.00001  )
        9  H       1.0079   tau(    9) = (    0.98198    0.21598    0.31290  )
       10  H       1.0079   tau(   10) = (    0.01802    0.77266    0.31290  )
       11  H       1.0079   tau(   11) = (    0.71243    0.43126    0.00001  )
       12  H       1.0079   tau(   12) = (    0.28757    0.55739    0.00001  )
       13  H       1.0079   tau(   13) = (    0.21243    0.06306    0.31290  )
       14  H       1.0079   tau(   14) = (    0.78757    0.92558    0.31290  )
       15  H       1.0079   tau(   15) = (    0.70079    0.19496    0.48610  )
       16  H       1.0079   tau(   16) = (    0.29921    0.79369    0.48610  )
       17  H       1.0079   tau(   17) = (    0.20079    0.29937    0.45263  )
       18  H       1.0079   tau(   18) = (    0.79921    0.68928    0.45263  )
       19  H       1.0079   tau(   19) = (    0.29918    0.79368    0.13974  )
       20  H       1.0079   tau(   20) = (    0.70082    0.19496    0.13974  )
       21  H       1.0079   tau(   21) = (    0.79918    0.68928    0.17317  )
       22  H       1.0079   tau(   22) = (    0.20082    0.29936    0.17317  )

     Computing dynamical matrix for 
                    q = (   0.0000000  -0.5057443  -0.7989450 )

      5 Sym.Ops. (with q -> -q+G )


     G cutoff = 3871.5285  (  26017 G-vectors)     FFT grid: (128,128, 80)
     G cutoff = 1935.7643  (   9200 G-vectors)  smooth grid: ( 90, 90, 60)
     number of k points=    54

     PseudoPot. # 1 for B  read from file:
     /home/mehlhorn/pseudos/b_pbesol_v1.4.uspp.F.UPF
     MD5 check sum: 369b69bef2c3aeed4453bd8b804fd6a8
     Pseudo is Ultrasoft + core correction, Zval =  3.0
     Generated by new atomic code, or converted to UPF format
     Using radial grid of  781 points,  4 beta functions with: 
                l(1) =   0
                l(2) =   0
                l(3) =   1
                l(4) =   1
     Q(r) pseudized with  8 coefficients,  rinner =    1.100   1.100   1.100


     PseudoPot. # 2 for Ba read from file:
     /home/mehlhorn/pseudos/Ba.nc.z_10.oncvpsp4.dojo.v4-sp.upf
     MD5 check sum: c10ed334bb677c0554edec7181ce9143
     Pseudo is Norm-conserving + core correction, Zval = 10.0
     Generated using ONCVPSP code by D. R. Hamann
     Using radial grid of 1938 points,  8 beta functions with: 
                l(1) =   0
                l(2) =   0
                l(3) =   1
                l(4) =   1
                l(5) =   2
                l(6) =   2
                l(7) =   3
                l(8) =   3

     PseudoPot. # 3 for H  read from file:
     /home/mehlhorn/pseudos/H_ONCV_PBEsol-1.0.upf
     MD5 check sum: 398ef8f67c0a7342c05c87c5e19ea467
     Pseudo is Norm-conserving, Zval =  1.0
     Generated using ONCVPSP code by D. R. Hamann
     Using radial grid of 1180 points,  2 beta functions with: 
                l(1) =   0
                l(2) =   0


     Atomic displacements:
     There are   32 irreducible representations

     Representation     1      2 modes -  To be done

     Representation     2      2 modes -  To be done

     Representation     3      2 modes -  To be done

     Representation     4      2 modes -  To be done

     Representation     5      2 modes -  To be done

     Representation     6      2 modes -  To be done

     Representation     7      2 modes -  To be done

     Representation     8      2 modes -  To be done

     Representation     9      4 modes -  To be done

     Representation    10      2 modes -  To be done

     Representation    11      2 modes -  To be done

     Representation    12      2 modes -  To be done

     Representation    13      2 modes -  To be done

     Representation    14      2 modes -  To be done

     Representation    15      2 modes -  To be done

     Representation    16      2 modes -  To be done

     Representation    17      2 modes -  To be done

     Representation    18      2 modes -  To be done

     Representation    19      2 modes -  To be done

     Representation    20      2 modes -  To be done

     Representation    21      2 modes -  To be done

     Representation    22      2 modes -  To be done

     Representation    23      2 modes -  To be done

     Representation    24      2 modes -  To be done

     Representation    25      2 modes -  To be done

     Representation    26      2 modes -  To be done

     Representation    27      2 modes -  To be done

     Representation    28      2 modes -  To be done

     Representation    29      2 modes -  To be done

     Representation    30      2 modes -  To be done

     Representation    31      2 modes -  To be done

     Representation    32      2 modes -  To be done



     Alpha used in Ewald sum =   2.8000
     PHONON       :   1d 9h47m CPU   1d10h 7m WALL



     Representation #   1 modes #   1   2

     Self-consistent Calculation

      iter #   1 total cpu time :122929.3 secs   av.it.:   4.7
      thresh= 1.000E-02 alpha_mix =  0.700 |ddv_scf|^2 =  6.839E-09

      iter #   2 total cpu time :123140.3 secs   av.it.:  16.7
      thresh= 8.270E-06 alpha_mix =  0.700 |ddv_scf|^2 =  4.422E-09

      iter #   3 total cpu time :123347.3 secs   av.it.:  16.0
      thresh= 6.650E-06 alpha_mix =  0.700 |ddv_scf|^2 =  2.218E-11

      iter #   4 total cpu time :123564.6 secs   av.it.:  16.6
      thresh= 4.709E-07 alpha_mix =  0.700 |ddv_scf|^2 =  1.734E-12

      iter #   5 total cpu time :123782.7 secs   av.it.:  16.9
      thresh= 1.317E-07 alpha_mix =  0.700 |ddv_scf|^2 =  1.232E-13

      iter #   6 total cpu time :124003.4 secs   av.it.:  17.0
      thresh= 3.510E-08 alpha_mix =  0.700 |ddv_scf|^2 =  6.140E-15

     End of self-consistent calculation

     Convergence has been achieved 


     Representation #   2 modes #   3   4

     Self-consistent Calculation

      iter #   1 total cpu time :124095.4 secs   av.it.:   3.0
      thresh= 1.000E-02 alpha_mix =  0.700 |ddv_scf|^2 =  7.742E-10

      iter #   2 total cpu time :124311.1 secs   av.it.:  16.9
      thresh= 2.782E-06 alpha_mix =  0.700 |ddv_scf|^2 =  4.236E-10

      iter #   3 total cpu time :124519.5 secs   av.it.:  16.0
      thresh= 2.058E-06 alpha_mix =  0.700 |ddv_scf|^2 =  3.270E-12

      iter #   4 total cpu time :124734.6 secs   av.it.:  16.7
      thresh= 1.808E-07 alpha_mix =  0.700 |ddv_scf|^2 =  3.263E-13

      iter #   5 total cpu time :124951.7 secs   av.it.:  16.8
      thresh= 5.712E-08 alpha_mix =  0.700 |ddv_scf|^2 =  8.538E-15

     End of self-consistent calculation

     Convergence has been achieved 


     Representation #   3 modes #   5   6

     Self-consistent Calculation

      iter #   1 total cpu time :125047.4 secs   av.it.:   3.6
      thresh= 1.000E-02 alpha_mix =  0.700 |ddv_scf|^2 =  8.164E-10

      iter #   2 total cpu time :125270.0 secs   av.it.:  17.0
      thresh= 2.857E-06 alpha_mix =  0.700 |ddv_scf|^2 =  4.498E-10

      iter #   3 total cpu time :125483.5 secs   av.it.:  16.0
      thresh= 2.121E-06 alpha_mix =  0.700 |ddv_scf|^2 =  2.210E-12

      iter #   4 total cpu time :125701.3 secs   av.it.:  16.9
      thresh= 1.487E-07 alpha_mix =  0.700 |ddv_scf|^2 =  2.799E-13

      iter #   5 total cpu time :125909.0 secs   av.it.:  16.1
      thresh= 5.290E-08 alpha_mix =  0.700 |ddv_scf|^2 =  1.378E-14

      iter #   6 total cpu time :126129.5 secs   av.it.:  17.0
      thresh= 1.174E-08 alpha_mix =  0.700 |ddv_scf|^2 =  7.015E-16

     End of self-consistent calculation

     Convergence has been achieved 


     Representation #   4 modes #   7   8

     Self-consistent Calculation

      iter #   1 total cpu time :126222.2 secs   av.it.:   3.1
      thresh= 1.000E-02 alpha_mix =  0.700 |ddv_scf|^2 =  6.554E-10

      iter #   2 total cpu time :126435.1 secs   av.it.:  17.0
      thresh= 2.560E-06 alpha_mix =  0.700 |ddv_scf|^2 =  3.717E-10

      iter #   3 total cpu time :126639.2 secs   av.it.:  16.0
      thresh= 1.928E-06 alpha_mix =  0.700 |ddv_scf|^2 =  3.682E-12

      iter #   4 total cpu time :126854.9 secs   av.it.:  16.6
      thresh= 1.919E-07 alpha_mix =  0.700 |ddv_scf|^2 =  2.387E-13

      iter #   5 total cpu time :127071.3 secs   av.it.:  16.9
      thresh= 4.885E-08 alpha_mix =  0.700 |ddv_scf|^2 =  1.475E-14

      iter #   6 total cpu time :127284.9 secs   av.it.:  17.0
      thresh= 1.215E-08 alpha_mix =  0.700 |ddv_scf|^2 =  1.313E-15

     End of self-consistent calculation

     Convergence has been achieved 


     Representation #   5 modes #   9  10

     Self-consistent Calculation

      iter #   1 total cpu time :127376.2 secs   av.it.:   3.0
      thresh= 1.000E-02 alpha_mix =  0.700 |ddv_scf|^2 =  1.032E-09

      iter #   2 total cpu time :127588.3 secs   av.it.:  17.0
      thresh= 3.213E-06 alpha_mix =  0.700 |ddv_scf|^2 =  6.222E-10

      iter #   3 total cpu time :127794.5 secs   av.it.:  16.0
      thresh= 2.494E-06 alpha_mix =  0.700 |ddv_scf|^2 =  1.263E-12

      iter #   4 total cpu time :128012.3 secs   av.it.:  17.0
      thresh= 1.124E-07 alpha_mix =  0.700 |ddv_scf|^2 =  1.309E-13

      iter #   5 total cpu time :128230.2 secs   av.it.:  17.0
      thresh= 3.617E-08 alpha_mix =  0.700 |ddv_scf|^2 =  9.183E-15

     End of self-consistent calculation

     Convergence has been achieved 


     Representation #   6 modes #  11  12

     Self-consistent Calculation

      iter #   1 total cpu time :128323.7 secs   av.it.:   3.7
      thresh= 1.000E-02 alpha_mix =  0.700 |ddv_scf|^2 =  1.566E-09

      iter #   2 total cpu time :128531.1 secs   av.it.:  17.0
      thresh= 3.958E-06 alpha_mix =  0.700 |ddv_scf|^2 =  1.092E-09

      iter #   3 total cpu time :128731.6 secs   av.it.:  16.0
      thresh= 3.305E-06 alpha_mix =  0.700 |ddv_scf|^2 =  8.226E-13

      iter #   4 total cpu time :128944.3 secs   av.it.:  17.0
      thresh= 9.070E-08 alpha_mix =  0.700 |ddv_scf|^2 =  1.961E-13

      iter #   5 total cpu time :129152.8 secs   av.it.:  16.7
      thresh= 4.429E-08 alpha_mix =  0.700 |ddv_scf|^2 =  1.773E-14

      iter #   6 total cpu time :129358.1 secs   av.it.:  16.0
      thresh= 1.332E-08 alpha_mix =  0.700 |ddv_scf|^2 =  1.336E-15

     End of self-consistent calculation

     Convergence has been achieved 


     Representation #   7 modes #  13  14

     Self-consistent Calculation

      iter #   1 total cpu time :129449.6 secs   av.it.:   3.3
      thresh= 1.000E-02 alpha_mix =  0.700 |ddv_scf|^2 =  6.167E-10

      iter #   2 total cpu time :129663.4 secs   av.it.:  17.0
      thresh= 2.483E-06 alpha_mix =  0.700 |ddv_scf|^2 =  3.427E-10

      iter #   3 total cpu time :129868.3 secs   av.it.:  16.0
      thresh= 1.851E-06 alpha_mix =  0.700 |ddv_scf|^2 =  3.774E-12

      iter #   4 total cpu time :130077.1 secs   av.it.:  16.8
      thresh= 1.943E-07 alpha_mix =  0.700 |ddv_scf|^2 =  2.763E-13

      iter #   5 total cpu time :130286.5 secs   av.it.:  16.3
      thresh= 5.256E-08 alpha_mix =  0.700 |ddv_scf|^2 =  2.235E-14

      iter #   6 total cpu time :130496.9 secs   av.it.:  16.0
      thresh= 1.495E-08 alpha_mix =  0.700 |ddv_scf|^2 =  1.138E-15

     End of self-consistent calculation

     Convergence has been achieved 


     Representation #   8 modes #  15  16

     Self-consistent Calculation

      iter #   1 total cpu time :130625.4 secs   av.it.:   6.5
      thresh= 1.000E-02 alpha_mix =  0.700 |ddv_scf|^2 =  6.358E-08

      iter #   2 total cpu time :130840.4 secs   av.it.:  16.4
      thresh= 2.521E-05 alpha_mix =  0.700 |ddv_scf|^2 =  4.743E-08

      iter #   3 total cpu time :131044.1 secs   av.it.:  15.9
      thresh= 2.178E-05 alpha_mix =  0.700 |ddv_scf|^2 =  9.115E-11

      iter #   4 total cpu time :131255.4 secs   av.it.:  16.9
      thresh= 9.547E-07 alpha_mix =  0.700 |ddv_scf|^2 =  2.587E-12

      iter #   5 total cpu time :131464.0 secs   av.it.:  16.7
      thresh= 1.608E-07 alpha_mix =  0.700 |ddv_scf|^2 =  7.331E-14

      iter #   6 total cpu time :131673.0 secs   av.it.:  16.9
      thresh= 2.708E-08 alpha_mix =  0.700 |ddv_scf|^2 =  1.541E-14

      iter #   7 total cpu time :131877.8 secs   av.it.:  15.9
      thresh= 1.242E-08 alpha_mix =  0.700 |ddv_scf|^2 =  1.871E-15

     End of self-consistent calculation

     Convergence has been achieved 


     Representation #   9 modes #  17  18  19  20

     Self-consistent Calculation

      iter #   1 total cpu time :132069.8 secs   av.it.:   4.0
      thresh= 1.000E-02 alpha_mix =  0.700 |ddv_scf|^2 =  4.361E-10

      iter #   2 total cpu time :132529.2 secs   av.it.:  17.6
      thresh= 2.088E-06 alpha_mix =  0.700 |ddv_scf|^2 =  1.826E-10

      iter #   3 total cpu time :132969.0 secs   av.it.:  16.9
      thresh= 1.351E-06 alpha_mix =  0.700 |ddv_scf|^2 =  4.753E-12

      iter #   4 total cpu time :133392.4 secs   av.it.:  17.0
      thresh= 2.180E-07 alpha_mix =  0.700 |ddv_scf|^2 =  1.655E-13

      iter #   5 total cpu time :133841.3 secs   av.it.:  17.5
      thresh= 4.068E-08 alpha_mix =  0.700 |ddv_scf|^2 =  2.333E-14

      iter #   6 total cpu time :134280.5 secs   av.it.:  17.5
      thresh= 1.527E-08 alpha_mix =  0.700 |ddv_scf|^2 =  9.131E-16

     End of self-consistent calculation

     Convergence has been achieved 


     Representation #  10 modes #  21  22

     Self-consistent Calculation

      iter #   1 total cpu time :134378.6 secs   av.it.:   3.0
      thresh= 1.000E-02 alpha_mix =  0.700 |ddv_scf|^2 =  4.964E-10

      iter #   2 total cpu time :134601.7 secs   av.it.:  17.0
      thresh= 2.228E-06 alpha_mix =  0.700 |ddv_scf|^2 =  2.576E-10

      iter #   3 total cpu time :134815.8 secs   av.it.:  16.2
      thresh= 1.605E-06 alpha_mix =  0.700 |ddv_scf|^2 =  3.215E-12

      iter #   4 total cpu time :135046.5 secs   av.it.:  16.1
      thresh= 1.793E-07 alpha_mix =  0.700 |ddv_scf|^2 =  3.071E-13

      iter #   5 total cpu time :135262.2 secs   av.it.:  16.9
      thresh= 5.541E-08 alpha_mix =  0.700 |ddv_scf|^2 =  1.437E-14

      iter #   6 total cpu time :135471.4 secs   av.it.:  16.8
      thresh= 1.199E-08 alpha_mix =  0.700 |ddv_scf|^2 =  1.429E-15

     End of self-consistent calculation

     Convergence has been achieved 


     Representation #  11 modes #  23  24

     Self-consistent Calculation

      iter #   1 total cpu time :135560.6 secs   av.it.:   3.0
      thresh= 1.000E-02 alpha_mix =  0.700 |ddv_scf|^2 =  3.817E-10

      iter #   2 total cpu time :135776.9 secs   av.it.:  17.0
      thresh= 1.954E-06 alpha_mix =  0.700 |ddv_scf|^2 =  1.495E-10

      iter #   3 total cpu time :135986.9 secs   av.it.:  16.0
      thresh= 1.223E-06 alpha_mix =  0.700 |ddv_scf|^2 =  2.193E-12

      iter #   4 total cpu time :136204.4 secs   av.it.:  16.9
      thresh= 1.481E-07 alpha_mix =  0.700 |ddv_scf|^2 =  1.770E-13

      iter #   5 total cpu time :136418.5 secs   av.it.:  16.8
      thresh= 4.207E-08 alpha_mix =  0.700 |ddv_scf|^2 =  1.386E-14

      iter #   6 total cpu time :136633.4 secs   av.it.:  16.9
      thresh= 1.177E-08 alpha_mix =  0.700 |ddv_scf|^2 =  8.280E-16

     End of self-consistent calculation

     Convergence has been achieved 


     Representation #  12 modes #  25  26

     Self-consistent Calculation

      iter #   1 total cpu time :136725.2 secs   av.it.:   3.0
      thresh= 1.000E-02 alpha_mix =  0.700 |ddv_scf|^2 =  5.687E-10

      iter #   2 total cpu time :136942.9 secs   av.it.:  17.0
      thresh= 2.385E-06 alpha_mix =  0.700 |ddv_scf|^2 =  3.110E-10

      iter #   3 total cpu time :137151.4 secs   av.it.:  16.0
      thresh= 1.764E-06 alpha_mix =  0.700 |ddv_scf|^2 =  2.351E-12

      iter #   4 total cpu time :137365.1 secs   av.it.:  16.9
      thresh= 1.533E-07 alpha_mix =  0.700 |ddv_scf|^2 =  2.842E-13

      iter #   5 total cpu time :137578.9 secs   av.it.:  16.7
      thresh= 5.331E-08 alpha_mix =  0.700 |ddv_scf|^2 =  1.512E-14

      iter #   6 total cpu time :137793.2 secs   av.it.:  16.9
      thresh= 1.230E-08 alpha_mix =  0.700 |ddv_scf|^2 =  1.301E-15

     End of self-consistent calculation

     Convergence has been achieved 


     Representation #  13 modes #  27  28

     Self-consistent Calculation

      iter #   1 total cpu time :137885.5 secs   av.it.:   3.0
      thresh= 1.000E-02 alpha_mix =  0.700 |ddv_scf|^2 =  6.901E-10

      iter #   2 total cpu time :138103.3 secs   av.it.:  17.0
      thresh= 2.627E-06 alpha_mix =  0.700 |ddv_scf|^2 =  3.359E-10

      iter #   3 total cpu time :138313.4 secs   av.it.:  16.0
      thresh= 1.833E-06 alpha_mix =  0.700 |ddv_scf|^2 =  7.492E-13

      iter #   4 total cpu time :138532.5 secs   av.it.:  17.0
      thresh= 8.655E-08 alpha_mix =  0.700 |ddv_scf|^2 =  2.045E-13

      iter #   5 total cpu time :138746.2 secs   av.it.:  16.7
      thresh= 4.523E-08 alpha_mix =  0.700 |ddv_scf|^2 =  7.193E-15

     End of self-consistent calculation

     Convergence has been achieved 


     Representation #  14 modes #  29  30

     Self-consistent Calculation

      iter #   1 total cpu time :138843.6 secs   av.it.:   4.0
      thresh= 1.000E-02 alpha_mix =  0.700 |ddv_scf|^2 =  1.301E-09

      iter #   2 total cpu time :139064.3 secs   av.it.:  17.0
      thresh= 3.607E-06 alpha_mix =  0.700 |ddv_scf|^2 =  8.677E-10

      iter #   3 total cpu time :139268.2 secs   av.it.:  16.0
      thresh= 2.946E-06 alpha_mix =  0.700 |ddv_scf|^2 =  3.792E-12

      iter #   4 total cpu time :139478.9 secs   av.it.:  16.9
      thresh= 1.947E-07 alpha_mix =  0.700 |ddv_scf|^2 =  2.663E-13

      iter #   5 total cpu time :139691.7 secs   av.it.:  17.0
      thresh= 5.161E-08 alpha_mix =  0.700 |ddv_scf|^2 =  3.533E-14

      iter #   6 total cpu time :139899.1 secs   av.it.:  16.0
      thresh= 1.880E-08 alpha_mix =  0.700 |ddv_scf|^2 =  2.313E-15

     End of self-consistent calculation

     Convergence has been achieved 


     Representation #  15 modes #  31  32

     Self-consistent Calculation

      iter #   1 total cpu time :139987.3 secs   av.it.:   3.0
      thresh= 1.000E-02 alpha_mix =  0.700 |ddv_scf|^2 =  2.633E-10

      iter #   2 total cpu time :140202.3 secs   av.it.:  17.0
      thresh= 1.623E-06 alpha_mix =  0.700 |ddv_scf|^2 =  1.106E-10

      iter #   3 total cpu time :140411.6 secs   av.it.:  16.0
      thresh= 1.052E-06 alpha_mix =  0.700 |ddv_scf|^2 =  3.283E-12

      iter #   4 total cpu time :140628.1 secs   av.it.:  16.3
      thresh= 1.812E-07 alpha_mix =  0.700 |ddv_scf|^2 =  1.722E-13

      iter #   5 total cpu time :140845.2 secs   av.it.:  16.8
      thresh= 4.150E-08 alpha_mix =  0.700 |ddv_scf|^2 =  1.298E-14

      iter #   6 total cpu time :141059.2 secs   av.it.:  16.0
      thresh= 1.139E-08 alpha_mix =  0.700 |ddv_scf|^2 =  9.694E-16

     End of self-consistent calculation

     Convergence has been achieved 


     Representation #  16 modes #  33  34

     Self-consistent Calculation

      iter #   1 total cpu time :141165.5 secs   av.it.:   4.9
      thresh= 1.000E-02 alpha_mix =  0.700 |ddv_scf|^2 =  5.373E-09

      iter #   2 total cpu time :141380.1 secs   av.it.:  17.0
      thresh= 7.330E-06 alpha_mix =  0.700 |ddv_scf|^2 =  3.011E-09

      iter #   3 total cpu time :141587.9 secs   av.it.:  16.0
      thresh= 5.487E-06 alpha_mix =  0.700 |ddv_scf|^2 =  2.115E-11

      iter #   4 total cpu time :141802.9 secs   av.it.:  16.9
      thresh= 4.599E-07 alpha_mix =  0.700 |ddv_scf|^2 =  1.615E-12

      iter #   5 total cpu time :142018.9 secs   av.it.:  17.0
      thresh= 1.271E-07 alpha_mix =  0.700 |ddv_scf|^2 =  2.032E-13

      iter #   6 total cpu time :142236.5 secs   av.it.:  16.9
      thresh= 4.508E-08 alpha_mix =  0.700 |ddv_scf|^2 =  8.773E-15

     End of self-consistent calculation

     Convergence has been achieved 


     Representation #  17 modes #  35  36

     Self-consistent Calculation

      iter #   1 total cpu time :142330.1 secs   av.it.:   3.0
      thresh= 1.000E-02 alpha_mix =  0.700 |ddv_scf|^2 =  5.214E-10

      iter #   2 total cpu time :142553.1 secs   av.it.:  17.0
      thresh= 2.283E-06 alpha_mix =  0.700 |ddv_scf|^2 =  2.945E-10

      iter #   3 total cpu time :142768.8 secs   av.it.:  16.0
      thresh= 1.716E-06 alpha_mix =  0.700 |ddv_scf|^2 =  2.989E-12

      iter #   4 total cpu time :142983.0 secs   av.it.:  16.9
      thresh= 1.729E-07 alpha_mix =  0.700 |ddv_scf|^2 =  3.521E-13

      iter #   5 total cpu time :143193.8 secs   av.it.:  17.0
      thresh= 5.934E-08 alpha_mix =  0.700 |ddv_scf|^2 =  1.133E-14

      iter #   6 total cpu time :143405.7 secs   av.it.:  17.0
      thresh= 1.065E-08 alpha_mix =  0.700 |ddv_scf|^2 =  1.209E-15

     End of self-consistent calculation

     Convergence has been achieved 


     Representation #  18 modes #  37  38

     Self-consistent Calculation

      iter #   1 total cpu time :143533.7 secs   av.it.:   6.6
      thresh= 1.000E-02 alpha_mix =  0.700 |ddv_scf|^2 =  1.757E-08

      iter #   2 total cpu time :143751.6 secs   av.it.:  16.9
      thresh= 1.325E-05 alpha_mix =  0.700 |ddv_scf|^2 =  6.512E-09

      iter #   3 total cpu time :143965.2 secs   av.it.:  16.1
      thresh= 8.070E-06 alpha_mix =  0.700 |ddv_scf|^2 =  6.406E-11

      iter #   4 total cpu time :144176.1 secs   av.it.:  15.9
      thresh= 8.004E-07 alpha_mix =  0.700 |ddv_scf|^2 =  4.878E-12

      iter #   5 total cpu time :144390.2 secs   av.it.:  16.4
      thresh= 2.209E-07 alpha_mix =  0.700 |ddv_scf|^2 =  7.100E-14

      iter #   6 total cpu time :144614.6 secs   av.it.:  16.9
      thresh= 2.665E-08 alpha_mix =  0.700 |ddv_scf|^2 =  3.592E-15

     End of self-consistent calculation

     Convergence has been achieved 


     Representation #  19 modes #  39  40

     Self-consistent Calculation

      iter #   1 total cpu time :144708.8 secs   av.it.:   3.3
      thresh= 1.000E-02 alpha_mix =  0.700 |ddv_scf|^2 =  6.508E-10

      iter #   2 total cpu time :144922.3 secs   av.it.:  17.0
      thresh= 2.551E-06 alpha_mix =  0.700 |ddv_scf|^2 =  4.372E-10

      iter #   3 total cpu time :145128.1 secs   av.it.:  16.0
      thresh= 2.091E-06 alpha_mix =  0.700 |ddv_scf|^2 =  1.924E-12

      iter #   4 total cpu time :145349.6 secs   av.it.:  17.0
      thresh= 1.387E-07 alpha_mix =  0.700 |ddv_scf|^2 =  5.227E-13

      iter #   5 total cpu time :145557.0 secs   av.it.:  16.0
      thresh= 7.230E-08 alpha_mix =  0.700 |ddv_scf|^2 =  1.151E-14

      iter #   6 total cpu time :145771.4 secs   av.it.:  17.0
      thresh= 1.073E-08 alpha_mix =  0.700 |ddv_scf|^2 =  1.199E-15

     End of self-consistent calculation

     Convergence has been achieved 


     Representation #  20 modes #  41  42

     Self-consistent Calculation

      iter #   1 total cpu time :145875.7 secs   av.it.:   4.4
      thresh= 1.000E-02 alpha_mix =  0.700 |ddv_scf|^2 =  1.481E-09

      iter #   2 total cpu time :146099.7 secs   av.it.:  17.0
      thresh= 3.849E-06 alpha_mix =  0.700 |ddv_scf|^2 =  1.781E-10

      iter #   3 total cpu time :146319.4 secs   av.it.:  17.0
      thresh= 1.335E-06 alpha_mix =  0.700 |ddv_scf|^2 =  9.755E-12

      iter #   4 total cpu time :146535.3 secs   av.it.:  16.5
      thresh= 3.123E-07 alpha_mix =  0.700 |ddv_scf|^2 =  8.333E-13

      iter #   5 total cpu time :146746.0 secs   av.it.:  16.9
      thresh= 9.128E-08 alpha_mix =  0.700 |ddv_scf|^2 =  1.077E-13

      iter #   6 total cpu time :146956.4 secs   av.it.:  16.8
      thresh= 3.281E-08 alpha_mix =  0.700 |ddv_scf|^2 =  1.214E-15

     End of self-consistent calculation

     Convergence has been achieved 


     Representation #  21 modes #  43  44

     Self-consistent Calculation

      iter #   1 total cpu time :147047.8 secs   av.it.:   3.0
      thresh= 1.000E-02 alpha_mix =  0.700 |ddv_scf|^2 =  5.272E-10

      iter #   2 total cpu time :147268.5 secs   av.it.:  17.0
      thresh= 2.296E-06 alpha_mix =  0.700 |ddv_scf|^2 =  2.710E-10

      iter #   3 total cpu time :147476.4 secs   av.it.:  16.2
      thresh= 1.646E-06 alpha_mix =  0.700 |ddv_scf|^2 =  2.153E-12

      iter #   4 total cpu time :147691.1 secs   av.it.:  17.0
      thresh= 1.467E-07 alpha_mix =  0.700 |ddv_scf|^2 =  5.678E-13

      iter #   5 total cpu time :147897.7 secs   av.it.:  16.0
      thresh= 7.535E-08 alpha_mix =  0.700 |ddv_scf|^2 =  9.460E-15

     End of self-consistent calculation

     Convergence has been achieved 


     Representation #  22 modes #  45  46

     Self-consistent Calculation

      iter #   1 total cpu time :147986.7 secs   av.it.:   3.0
      thresh= 1.000E-02 alpha_mix =  0.700 |ddv_scf|^2 =  5.655E-10

      iter #   2 total cpu time :148199.4 secs   av.it.:  17.0
      thresh= 2.378E-06 alpha_mix =  0.700 |ddv_scf|^2 =  2.912E-10

      iter #   3 total cpu time :148410.4 secs   av.it.:  16.0
      thresh= 1.706E-06 alpha_mix =  0.700 |ddv_scf|^2 =  3.771E-12

      iter #   4 total cpu time :148626.8 secs   av.it.:  16.6
      thresh= 1.942E-07 alpha_mix =  0.700 |ddv_scf|^2 =  3.844E-13

      iter #   5 total cpu time :148844.0 secs   av.it.:  17.0
      thresh= 6.200E-08 alpha_mix =  0.700 |ddv_scf|^2 =  1.826E-14

      iter #   6 total cpu time :149058.7 secs   av.it.:  16.3
      thresh= 1.351E-08 alpha_mix =  0.700 |ddv_scf|^2 =  1.049E-15

     End of self-consistent calculation

     Convergence has been achieved 


     Representation #  23 modes #  47  48

     Self-consistent Calculation

      iter #   1 total cpu time :149152.3 secs   av.it.:   3.0
      thresh= 1.000E-02 alpha_mix =  0.700 |ddv_scf|^2 =  4.064E-10

      iter #   2 total cpu time :149375.2 secs   av.it.:  17.0
      thresh= 2.016E-06 alpha_mix =  0.700 |ddv_scf|^2 =  2.088E-10

      iter #   3 total cpu time :149588.6 secs   av.it.:  16.0
      thresh= 1.445E-06 alpha_mix =  0.700 |ddv_scf|^2 =  2.174E-12

      iter #   4 total cpu time :149808.3 secs   av.it.:  17.0
      thresh= 1.474E-07 alpha_mix =  0.700 |ddv_scf|^2 =  2.343E-13

      iter #   5 total cpu time :150028.0 secs   av.it.:  17.0
      thresh= 4.841E-08 alpha_mix =  0.700 |ddv_scf|^2 =  1.691E-14

      iter #   6 total cpu time :150239.7 secs   av.it.:  16.9
      thresh= 1.300E-08 alpha_mix =  0.700 |ddv_scf|^2 =  1.484E-15

     End of self-consistent calculation

     Convergence has been achieved 


     Representation #  24 modes #  49  50

     Self-consistent Calculation

      iter #   1 total cpu time :150327.0 secs   av.it.:   3.0
      thresh= 1.000E-02 alpha_mix =  0.700 |ddv_scf|^2 =  2.250E-10

      iter #   2 total cpu time :150541.3 secs   av.it.:  17.0
      thresh= 1.500E-06 alpha_mix =  0.700 |ddv_scf|^2 =  9.190E-11

      iter #   3 total cpu time :150747.6 secs   av.it.:  16.0
      thresh= 9.586E-07 alpha_mix =  0.700 |ddv_scf|^2 =  2.942E-12

      iter #   4 total cpu time :150955.2 secs   av.it.:  16.2
      thresh= 1.715E-07 alpha_mix =  0.700 |ddv_scf|^2 =  1.661E-13

      iter #   5 total cpu time :151171.1 secs   av.it.:  16.7
      thresh= 4.076E-08 alpha_mix =  0.700 |ddv_scf|^2 =  1.040E-14

      iter #   6 total cpu time :151389.4 secs   av.it.:  16.9
      thresh= 1.020E-08 alpha_mix =  0.700 |ddv_scf|^2 =  6.185E-16

     End of self-consistent calculation

     Convergence has been achieved 


     Representation #  25 modes #  51  52

     Self-consistent Calculation

      iter #   1 total cpu time :151519.3 secs   av.it.:   6.5
      thresh= 1.000E-02 alpha_mix =  0.700 |ddv_scf|^2 =  2.763E-08

      iter #   2 total cpu time :151731.3 secs   av.it.:  16.9
      thresh= 1.662E-05 alpha_mix =  0.700 |ddv_scf|^2 =  1.946E-08

      iter #   3 total cpu time :151939.9 secs   av.it.:  15.9
      thresh= 1.395E-05 alpha_mix =  0.700 |ddv_scf|^2 =  1.069E-10

      iter #   4 total cpu time :152156.0 secs   av.it.:  16.5
      thresh= 1.034E-06 alpha_mix =  0.700 |ddv_scf|^2 =  5.295E-12

      iter #   5 total cpu time :152374.9 secs   av.it.:  16.9
      thresh= 2.301E-07 alpha_mix =  0.700 |ddv_scf|^2 =  4.151E-13

      iter #   6 total cpu time :152593.9 secs   av.it.:  16.9
      thresh= 6.443E-08 alpha_mix =  0.700 |ddv_scf|^2 =  7.258E-15

     End of self-consistent calculation

     Convergence has been achieved 


     Representation #  26 modes #  53  54

     Self-consistent Calculation

      iter #   1 total cpu time :152698.5 secs   av.it.:   4.4
      thresh= 1.000E-02 alpha_mix =  0.700 |ddv_scf|^2 =  2.340E-09

      iter #   2 total cpu time :152912.3 secs   av.it.:  17.0
      thresh= 4.837E-06 alpha_mix =  0.700 |ddv_scf|^2 =  9.811E-10

      iter #   3 total cpu time :153116.7 secs   av.it.:  16.0
      thresh= 3.132E-06 alpha_mix =  0.700 |ddv_scf|^2 =  3.247E-11

      iter #   4 total cpu time :153330.8 secs   av.it.:  16.1
      thresh= 5.698E-07 alpha_mix =  0.700 |ddv_scf|^2 =  8.258E-13

      iter #   5 total cpu time :153550.8 secs   av.it.:  17.0
      thresh= 9.088E-08 alpha_mix =  0.700 |ddv_scf|^2 =  1.405E-13

      iter #   6 total cpu time :153766.7 secs   av.it.:  17.0
      thresh= 3.748E-08 alpha_mix =  0.700 |ddv_scf|^2 =  3.081E-15

     End of self-consistent calculation

     Convergence has been achieved 


     Representation #  27 modes #  55  56

     Self-consistent Calculation

      iter #   1 total cpu time :153858.5 secs   av.it.:   3.1
      thresh= 1.000E-02 alpha_mix =  0.700 |ddv_scf|^2 =  6.092E-10

      iter #   2 total cpu time :154080.6 secs   av.it.:  17.0
      thresh= 2.468E-06 alpha_mix =  0.700 |ddv_scf|^2 =  2.982E-10

      iter #   3 total cpu time :154293.8 secs   av.it.:  16.0
      thresh= 1.727E-06 alpha_mix =  0.700 |ddv_scf|^2 =  1.544E-12

      iter #   4 total cpu time :154514.0 secs   av.it.:  17.0
      thresh= 1.243E-07 alpha_mix =  0.700 |ddv_scf|^2 =  2.448E-13

      iter #   5 total cpu time :154731.9 secs   av.it.:  16.8
      thresh= 4.948E-08 alpha_mix =  0.700 |ddv_scf|^2 =  8.672E-15

     End of self-consistent calculation

     Convergence has been achieved 


     Representation #  28 modes #  57  58

     Self-consistent Calculation

      iter #   1 total cpu time :154842.3 secs   av.it.:   5.0
      thresh= 1.000E-02 alpha_mix =  0.700 |ddv_scf|^2 =  9.829E-09

      iter #   2 total cpu time :155061.0 secs   av.it.:  16.9
      thresh= 9.914E-06 alpha_mix =  0.700 |ddv_scf|^2 =  6.673E-09

      iter #   3 total cpu time :155275.6 secs   av.it.:  16.0
      thresh= 8.169E-06 alpha_mix =  0.700 |ddv_scf|^2 =  1.204E-11

      iter #   4 total cpu time :155497.8 secs   av.it.:  17.0
      thresh= 3.470E-07 alpha_mix =  0.700 |ddv_scf|^2 =  2.214E-12

      iter #   5 total cpu time :155716.6 secs   av.it.:  16.9
      thresh= 1.488E-07 alpha_mix =  0.700 |ddv_scf|^2 =  1.264E-13

      iter #   6 total cpu time :155934.5 secs   av.it.:  16.9
      thresh= 3.556E-08 alpha_mix =  0.700 |ddv_scf|^2 =  1.260E-14

      iter #   7 total cpu time :156144.6 secs   av.it.:  16.9
      thresh= 1.122E-08 alpha_mix =  0.700 |ddv_scf|^2 =  8.610E-16

     End of self-consistent calculation

     Convergence has been achieved 


     Representation #  29 modes #  59  60

     Self-consistent Calculation

      iter #   1 total cpu time :156238.9 secs   av.it.:   3.6
      thresh= 1.000E-02 alpha_mix =  0.700 |ddv_scf|^2 =  5.341E-10

      iter #   2 total cpu time :156461.5 secs   av.it.:  17.0
      thresh= 2.311E-06 alpha_mix =  0.700 |ddv_scf|^2 =  2.438E-10

      iter #   3 total cpu time :156676.0 secs   av.it.:  16.7
      thresh= 1.561E-06 alpha_mix =  0.700 |ddv_scf|^2 =  1.818E-12

      iter #   4 total cpu time :156894.7 secs   av.it.:  16.9
      thresh= 1.348E-07 alpha_mix =  0.700 |ddv_scf|^2 =  3.448E-13

      iter #   5 total cpu time :157110.5 secs   av.it.:  16.0
      thresh= 5.872E-08 alpha_mix =  0.700 |ddv_scf|^2 =  9.731E-15

     End of self-consistent calculation

     Convergence has been achieved 


     Representation #  30 modes #  61  62

     Self-consistent Calculation

      iter #   1 total cpu time :157205.4 secs   av.it.:   3.9
      thresh= 1.000E-02 alpha_mix =  0.700 |ddv_scf|^2 =  1.205E-09

      iter #   2 total cpu time :157424.1 secs   av.it.:  17.0
      thresh= 3.471E-06 alpha_mix =  0.700 |ddv_scf|^2 =  7.575E-10

      iter #   3 total cpu time :157632.3 secs   av.it.:  16.0
      thresh= 2.752E-06 alpha_mix =  0.700 |ddv_scf|^2 =  3.311E-12

      iter #   4 total cpu time :157846.6 secs   av.it.:  16.8
      thresh= 1.820E-07 alpha_mix =  0.700 |ddv_scf|^2 =  3.224E-13

      iter #   5 total cpu time :158062.7 secs   av.it.:  17.0
      thresh= 5.678E-08 alpha_mix =  0.700 |ddv_scf|^2 =  3.063E-14

      iter #   6 total cpu time :158272.9 secs   av.it.:  16.0
      thresh= 1.750E-08 alpha_mix =  0.700 |ddv_scf|^2 =  2.529E-15

     End of self-consistent calculation

     Convergence has been achieved 


     Representation #  31 modes #  63  64

     Self-consistent Calculation

      iter #   1 total cpu time :158364.6 secs   av.it.:   3.0
      thresh= 1.000E-02 alpha_mix =  0.700 |ddv_scf|^2 =  4.646E-10

      iter #   2 total cpu time :158586.5 secs   av.it.:  17.0
      thresh= 2.155E-06 alpha_mix =  0.700 |ddv_scf|^2 =  2.009E-10

      iter #   3 total cpu time :158795.2 secs   av.it.:  16.0
      thresh= 1.418E-06 alpha_mix =  0.700 |ddv_scf|^2 =  2.547E-12

      iter #   4 total cpu time :159003.7 secs   av.it.:  16.5
      thresh= 1.596E-07 alpha_mix =  0.700 |ddv_scf|^2 =  2.120E-13

      iter #   5 total cpu time :159213.4 secs   av.it.:  16.9
      thresh= 4.604E-08 alpha_mix =  0.700 |ddv_scf|^2 =  1.044E-14

      iter #   6 total cpu time :159424.1 secs   av.it.:  16.9
      thresh= 1.022E-08 alpha_mix =  0.700 |ddv_scf|^2 =  8.908E-16

     End of self-consistent calculation

     Convergence has been achieved 


     Representation #  32 modes #  65  66

     Self-consistent Calculation

      iter #   1 total cpu time :159517.4 secs   av.it.:   3.3
      thresh= 1.000E-02 alpha_mix =  0.700 |ddv_scf|^2 =  6.394E-10

      iter #   2 total cpu time :159733.5 secs   av.it.:  17.0
      thresh= 2.529E-06 alpha_mix =  0.700 |ddv_scf|^2 =  3.141E-10

      iter #   3 total cpu time :159942.3 secs   av.it.:  16.5
      thresh= 1.772E-06 alpha_mix =  0.700 |ddv_scf|^2 =  1.834E-12

      iter #   4 total cpu time :160152.4 secs   av.it.:  17.0
      thresh= 1.354E-07 alpha_mix =  0.700 |ddv_scf|^2 =  4.312E-13

      iter #   5 total cpu time :160363.8 secs   av.it.:  16.0
      thresh= 6.566E-08 alpha_mix =  0.700 |ddv_scf|^2 =  9.762E-15

     End of self-consistent calculation

     Convergence has been achieved 

     Number of q in the star =    1
     List of q in the star:
          1   0.000000000  -0.505744325  -0.798945035

     Diagonalizing the dynamical matrix

     q = (    0.000000000  -0.505744325  -0.798945035 ) 

 **************************************************************************
     freq (    1) =       1.200760 [THz] =      40.053027 [cm-1]
     freq (    2) =       1.200760 [THz] =      40.053027 [cm-1]
     freq (    3) =       1.544835 [THz] =      51.530148 [cm-1]
     freq (    4) =       1.544835 [THz] =      51.530148 [cm-1]
     freq (    5) =       3.344698 [THz] =     111.567101 [cm-1]
     freq (    6) =       3.344698 [THz] =     111.567101 [cm-1]
     freq (    7) =       4.098443 [THz] =     136.709347 [cm-1]
     freq (    8) =       4.098443 [THz] =     136.709347 [cm-1]
     freq (    9) =       4.487652 [THz] =     149.691946 [cm-1]
     freq (   10) =       4.487652 [THz] =     149.691946 [cm-1]
     freq (   11) =       6.769695 [THz] =     225.812725 [cm-1]
     freq (   12) =       6.769695 [THz] =     225.812725 [cm-1]
     freq (   13) =       6.892571 [THz] =     229.911417 [cm-1]
     freq (   14) =       6.892571 [THz] =     229.911417 [cm-1]
     freq (   15) =       7.711671 [THz] =     257.233672 [cm-1]
     freq (   16) =       7.711671 [THz] =     257.233672 [cm-1]
     freq (   17) =       8.058692 [THz] =     268.809024 [cm-1]
     freq (   18) =       8.058692 [THz] =     268.809024 [cm-1]
     freq (   19) =       8.211101 [THz] =     273.892839 [cm-1]
     freq (   20) =       8.211101 [THz] =     273.892839 [cm-1]
     freq (   21) =       8.883073 [THz] =     296.307410 [cm-1]
     freq (   22) =       8.883073 [THz] =     296.307410 [cm-1]
     freq (   23) =       8.976463 [THz] =     299.422576 [cm-1]
     freq (   24) =       8.976463 [THz] =     299.422576 [cm-1]
     freq (   25) =       9.510892 [THz] =     317.249205 [cm-1]
     freq (   26) =       9.510892 [THz] =     317.249205 [cm-1]
     freq (   27) =      12.124488 [THz] =     404.429371 [cm-1]
     freq (   28) =      12.124488 [THz] =     404.429371 [cm-1]
     freq (   29) =      12.373723 [THz] =     412.742971 [cm-1]
     freq (   30) =      12.373723 [THz] =     412.742971 [cm-1]
     freq (   31) =      30.414682 [THz] =    1014.524579 [cm-1]
     freq (   32) =      30.414682 [THz] =    1014.524579 [cm-1]
     freq (   33) =      30.644294 [THz] =    1022.183635 [cm-1]
     freq (   34) =      30.644294 [THz] =    1022.183635 [cm-1]
     freq (   35) =      31.886916 [THz] =    1063.633040 [cm-1]
     freq (   36) =      31.886916 [THz] =    1063.633040 [cm-1]
     freq (   37) =      31.978089 [THz] =    1066.674231 [cm-1]
     freq (   38) =      31.978089 [THz] =    1066.674231 [cm-1]
     freq (   39) =      32.744901 [THz] =    1092.252326 [cm-1]
     freq (   40) =      32.744901 [THz] =    1092.252326 [cm-1]
     freq (   41) =      32.806541 [THz] =    1094.308424 [cm-1]
     freq (   42) =      32.806541 [THz] =    1094.308424 [cm-1]
     freq (   43) =      35.786480 [THz] =    1193.708467 [cm-1]
     freq (   44) =      35.786480 [THz] =    1193.708467 [cm-1]
     freq (   45) =      35.819628 [THz] =    1194.814173 [cm-1]
     freq (   46) =      35.819628 [THz] =    1194.814173 [cm-1]
     freq (   47) =      36.310776 [THz] =    1211.197117 [cm-1]
     freq (   48) =      36.310776 [THz] =    1211.197117 [cm-1]
     freq (   49) =      36.596357 [THz] =    1220.723081 [cm-1]
     freq (   50) =      36.596357 [THz] =    1220.723081 [cm-1]
     freq (   51) =      68.476268 [THz] =    2284.122446 [cm-1]
     freq (   52) =      68.476268 [THz] =    2284.122446 [cm-1]
     freq (   53) =      68.533617 [THz] =    2286.035408 [cm-1]
     freq (   54) =      68.533617 [THz] =    2286.035408 [cm-1]
     freq (   55) =      70.033214 [THz] =    2336.056557 [cm-1]
     freq (   56) =      70.033214 [THz] =    2336.056557 [cm-1]
     freq (   57) =      70.279918 [THz] =    2344.285721 [cm-1]
     freq (   58) =      70.279918 [THz] =    2344.285721 [cm-1]
     freq (   59) =      70.540568 [THz] =    2352.980066 [cm-1]
     freq (   60) =      70.540568 [THz] =    2352.980066 [cm-1]
     freq (   61) =      70.556223 [THz] =    2353.502264 [cm-1]
     freq (   62) =      70.556223 [THz] =    2353.502264 [cm-1]
     freq (   63) =      71.525734 [THz] =    2385.841685 [cm-1]
     freq (   64) =      71.525734 [THz] =    2385.841685 [cm-1]
     freq (   65) =      71.531930 [THz] =    2386.048363 [cm-1]
     freq (   66) =      71.531930 [THz] =    2386.048363 [cm-1]
 **************************************************************************

     Calculation of q =   -0.5000000   0.0000000   0.0000000

     Parallelization info
     --------------------
     sticks:   dense  smooth     PW     G-vecs:    dense   smooth      PW
     Min         501     250     68                26015     9198    1298
     Max         503     251     69                26017     9201    1299
     Sum       12031    6005   1633               624371   220763   31153

     Using Slab Decomposition



     bravais-lattice index     =            8
     lattice parameter (alat)  =      13.8222  a.u.
     unit-cell volume          =    1633.8810 (a.u.)^3
     number of atoms/cell      =           22
     number of atomic types    =            3
     number of electrons       =        48.00
     number of Kohn-Sham states=           24
     kinetic-energy cutoff     =     100.0000  Ry
     charge density cutoff     =     800.0000  Ry
     Exchange-correlation= PBESOL
                           (   1   4  10   8   0   0   0)

     celldm(1)=  13.822166  celldm(2)=   0.988642  celldm(3)=   0.625825
     celldm(4)=   0.000000  celldm(5)=   0.000000  celldm(6)=   0.000000

     crystal axes: (cart. coord. in units of alat)
               a(1) = (   1.000000   0.000000   0.000000 )  
               a(2) = (   0.000000   0.988642   0.000000 )  
               a(3) = (   0.000000   0.000000   0.625825 )  

     reciprocal axes: (cart. coord. in units 2 pi/alat)
               b(1) = (  1.000000  0.000000  0.000000 )  
               b(2) = (  0.000000  1.011489  0.000000 )  
               b(3) = (  0.000000  0.000000  1.597890 )  


     PseudoPot. # 1 for B  read from file:
     /home/mehlhorn/pseudos/b_pbesol_v1.4.uspp.F.UPF
     MD5 check sum: 369b69bef2c3aeed4453bd8b804fd6a8
     Pseudo is Ultrasoft + core correction, Zval =  3.0
     Generated by new atomic code, or converted to UPF format
     Using radial grid of  781 points,  4 beta functions with: 
                l(1) =   0
                l(2) =   0
                l(3) =   1
                l(4) =   1
     Q(r) pseudized with  8 coefficients,  rinner =    1.100   1.100   1.100


     PseudoPot. # 2 for Ba read from file:
     /home/mehlhorn/pseudos/Ba.nc.z_10.oncvpsp4.dojo.v4-sp.upf
     MD5 check sum: c10ed334bb677c0554edec7181ce9143
     Pseudo is Norm-conserving + core correction, Zval = 10.0
     Generated using ONCVPSP code by D. R. Hamann
     Using radial grid of 1938 points,  8 beta functions with: 
                l(1) =   0
                l(2) =   0
                l(3) =   1
                l(4) =   1
                l(5) =   2
                l(6) =   2
                l(7) =   3
                l(8) =   3

     PseudoPot. # 3 for H  read from file:
     /home/mehlhorn/pseudos/H_ONCV_PBEsol-1.0.upf
     MD5 check sum: 398ef8f67c0a7342c05c87c5e19ea467
     Pseudo is Norm-conserving, Zval =  1.0
     Generated using ONCVPSP code by D. R. Hamann
     Using radial grid of 1180 points,  2 beta functions with: 
                l(1) =   0
                l(2) =   0

     atomic species   valence    mass     pseudopotential
     B                 3.00    10.81100     B ( 1.00)
     Ba               10.00   137.32700     Ba( 1.00)
     H                 1.00     1.00794     H ( 1.00)

      4 Sym. Ops. (no inversion) found



   Cartesian axes

     site n.     atom                  positions (alat units)
         1        Ba     tau(   1) = (   0.5000000   0.4943209   0.3129269  )
         2        Ba     tau(   2) = (   0.0000000   0.0000000   0.6258110  )
         3        B      tau(   3) = (   0.6506416   0.2739151   0.0000135  )
         4        B      tau(   4) = (   0.3493584   0.7147268   0.0000135  )
         5        B      tau(   5) = (   0.1506416   0.2204059   0.3128991  )
         6        B      tau(   6) = (   0.8493584   0.7682360   0.3128991  )
         7        H      tau(   7) = (   0.4819832   0.2783418   0.0000138  )
         8        H      tau(   8) = (   0.5180168   0.7103001   0.0000138  )
         9        H      tau(   9) = (   0.9819832   0.2159792   0.3128988  )
        10        H      tau(  10) = (   0.0180168   0.7726627   0.3128988  )
        11        H      tau(  11) = (   0.7124279   0.4312567   0.0000147  )
        12        H      tau(  12) = (   0.2875721   0.5573851   0.0000147  )
        13        H      tau(  13) = (   0.2124279   0.0630642   0.3128979  )
        14        H      tau(  14) = (   0.7875721   0.9255777   0.3128979  )
        15        H      tau(  15) = (   0.7007933   0.1949551   0.4861041  )
        16        H      tau(  16) = (   0.2992067   0.7936867   0.4861041  )
        17        H      tau(  17) = (   0.2007933   0.2993658   0.4526338  )
        18        H      tau(  18) = (   0.7992067   0.6892760   0.4526338  )
        19        H      tau(  19) = (   0.2991845   0.7936807   0.1397434  )
        20        H      tau(  20) = (   0.7008155   0.1949611   0.1397434  )
        21        H      tau(  21) = (   0.7991845   0.6892821   0.1731692  )
        22        H      tau(  22) = (   0.2008155   0.2993598   0.1731692  )

     number of k points=    54
                       cart. coord. in units 2pi/alat
        k(    1) = (   0.0000000   0.0000000   0.0000000), wk =   0.0160000
        k(    2) = (  -0.5000000   0.0000000   0.0000000), wk =   0.0000000
        k(    3) = (   0.0000000   0.0000000   0.3195780), wk =   0.0320000
        k(    4) = (  -0.5000000   0.0000000   0.3195780), wk =   0.0000000
        k(    5) = (   0.0000000   0.0000000   0.6391560), wk =   0.0320000
        k(    6) = (  -0.5000000   0.0000000   0.6391560), wk =   0.0000000
        k(    7) = (   0.0000000   0.2022977   0.0000000), wk =   0.0320000
        k(    8) = (  -0.5000000   0.2022977   0.0000000), wk =   0.0000000
        k(    9) = (   0.0000000   0.2022977   0.3195780), wk =   0.0640000
        k(   10) = (  -0.5000000   0.2022977   0.3195780), wk =   0.0000000
        k(   11) = (   0.0000000   0.2022977   0.6391560), wk =   0.0640000
        k(   12) = (  -0.5000000   0.2022977   0.6391560), wk =   0.0000000
        k(   13) = (   0.0000000   0.4045955   0.0000000), wk =   0.0320000
        k(   14) = (  -0.5000000   0.4045955   0.0000000), wk =   0.0000000
        k(   15) = (   0.0000000   0.4045955   0.3195780), wk =   0.0640000
        k(   16) = (  -0.5000000   0.4045955   0.3195780), wk =   0.0000000
        k(   17) = (   0.0000000   0.4045955   0.6391560), wk =   0.0640000
        k(   18) = (  -0.5000000   0.4045955   0.6391560), wk =   0.0000000
        k(   19) = (   0.2000000   0.0000000   0.0000000), wk =   0.0320000
        k(   20) = (  -0.3000000   0.0000000   0.0000000), wk =   0.0000000
        k(   21) = (   0.2000000   0.0000000   0.3195780), wk =   0.0640000
        k(   22) = (  -0.3000000   0.0000000   0.3195780), wk =   0.0000000
        k(   23) = (   0.2000000   0.0000000   0.6391560), wk =   0.0640000
        k(   24) = (  -0.3000000   0.0000000   0.6391560), wk =   0.0000000
        k(   25) = (   0.2000000   0.2022977   0.0000000), wk =   0.0640000
        k(   26) = (  -0.3000000   0.2022977   0.0000000), wk =   0.0000000
        k(   27) = (   0.2000000   0.2022977   0.3195780), wk =   0.1280000
        k(   28) = (  -0.3000000   0.2022977   0.3195780), wk =   0.0000000
        k(   29) = (   0.2000000   0.2022977   0.6391560), wk =   0.1280000
        k(   30) = (  -0.3000000   0.2022977   0.6391560), wk =   0.0000000
        k(   31) = (   0.2000000   0.4045955   0.0000000), wk =   0.0640000
        k(   32) = (  -0.3000000   0.4045955   0.0000000), wk =   0.0000000
        k(   33) = (   0.2000000   0.4045955   0.3195780), wk =   0.1280000
        k(   34) = (  -0.3000000   0.4045955   0.3195780), wk =   0.0000000
        k(   35) = (   0.2000000   0.4045955   0.6391560), wk =   0.1280000
        k(   36) = (  -0.3000000   0.4045955   0.6391560), wk =   0.0000000
        k(   37) = (   0.4000000   0.0000000   0.0000000), wk =   0.0320000
        k(   38) = (  -0.1000000   0.0000000   0.0000000), wk =   0.0000000
        k(   39) = (   0.4000000   0.0000000   0.3195780), wk =   0.0640000
        k(   40) = (  -0.1000000   0.0000000   0.3195780), wk =   0.0000000
        k(   41) = (   0.4000000   0.0000000   0.6391560), wk =   0.0640000
        k(   42) = (  -0.1000000   0.0000000   0.6391560), wk =   0.0000000
        k(   43) = (   0.4000000   0.2022977   0.0000000), wk =   0.0640000
        k(   44) = (  -0.1000000   0.2022977   0.0000000), wk =   0.0000000
        k(   45) = (   0.4000000   0.2022977   0.3195780), wk =   0.1280000
        k(   46) = (  -0.1000000   0.2022977   0.3195780), wk =   0.0000000
        k(   47) = (   0.4000000   0.2022977   0.6391560), wk =   0.1280000
        k(   48) = (  -0.1000000   0.2022977   0.6391560), wk =   0.0000000
        k(   49) = (   0.4000000   0.4045955   0.0000000), wk =   0.0640000
        k(   50) = (  -0.1000000   0.4045955   0.0000000), wk =   0.0000000
        k(   51) = (   0.4000000   0.4045955   0.3195780), wk =   0.1280000
        k(   52) = (  -0.1000000   0.4045955   0.3195780), wk =   0.0000000
        k(   53) = (   0.4000000   0.4045955   0.6391560), wk =   0.1280000
        k(   54) = (  -0.1000000   0.4045955   0.6391560), wk =   0.0000000

     Dense  grid:   624371 G-vectors     FFT dimensions: ( 128, 128,  80)

     Smooth grid:   220763 G-vectors     FFT dimensions: (  90,  90,  60)

     Estimated max dynamical RAM per process >      55.55 MB

     Estimated total dynamical RAM >       1.30 GB

     The potential is recalculated from file :
     ./_ph0/pwscf.q_5/pwscf.save/charge-density

     Starting wfcs are   42 atomic wfcs

     Band Structure Calculation
     Davidson diagonalization with overlap

     ethr =  2.08E-11,  avg # of iterations = 22.2

     total cpu time spent up to now is      926.5 secs

     End of band structure calculation

          k = 0.0000 0.0000 0.0000 ( 27547 PWs)   bands (ev):

   -24.8759 -24.8714 -10.3628 -10.3402 -10.1339 -10.1139 -10.0376  -9.9953
    -6.7247  -5.9369  -5.4217  -5.3923  -2.5156  -1.4858  -1.3760  -1.2777
    -1.1822  -0.9955  -0.9748  -0.7035  -0.4711  -0.3095  -0.1927  -0.1718

          k =-0.5000 0.0000 0.0000 ( 27636 PWs)   bands (ev):

   -24.8736 -24.8736 -10.2978 -10.2978 -10.1905 -10.1905 -10.0164 -10.0164
    -6.2746  -6.2746  -5.5135  -5.5135  -1.9319  -1.9319  -1.0111  -1.0111
    -0.9276  -0.9276  -0.8853  -0.8853  -0.6649  -0.6649  -0.4664  -0.4664

          k = 0.0000 0.0000 0.3196 ( 27557 PWs)   bands (ev):

   -24.8703 -24.8666 -10.3025 -10.2841 -10.2328 -10.2112 -10.1198 -10.1041
    -6.3758  -5.7099  -5.5483  -5.5250  -2.2117  -1.8780  -1.7454  -1.2539
    -1.0751  -1.0306  -0.7953  -0.6434  -0.5392  -0.3695  -0.3294  -0.2777

          k =-0.5000 0.0000 0.3196 ( 27602 PWs)   bands (ev):

   -24.8684 -24.8684 -10.2665 -10.2665 -10.2357 -10.2357 -10.1310 -10.1310
    -6.0021  -6.0021  -5.6106  -5.6106  -1.9262  -1.9262  -1.4620  -1.4620
    -0.9319  -0.9319  -0.8339  -0.8339  -0.5255  -0.5255  -0.3960  -0.3960

          k = 0.0000 0.0000 0.6392 ( 27608 PWs)   bands (ev):

   -24.8607 -24.8593 -10.5085 -10.5048 -10.1816 -10.1720 -10.1135 -10.1053
    -5.7614  -5.7531  -5.7425  -5.4582  -2.1261  -2.0687  -1.8950  -1.6317
    -1.0865  -0.9336  -0.7377  -0.5840  -0.5105  -0.4803  -0.4053  -0.3679

          k =-0.5000 0.0000 0.6392 ( 27592 PWs)   bands (ev):

   -24.8600 -24.8600 -10.5217 -10.5217 -10.1528 -10.1528 -10.1155 -10.1155
    -5.9122  -5.9122  -5.4331  -5.4331  -2.3599  -2.3599  -1.4761  -1.4761
    -0.8034  -0.8034  -0.7077  -0.7077  -0.5740  -0.5740  -0.4607  -0.4607

          k = 0.0000 0.2023 0.0000 ( 27569 PWs)   bands (ev):

   -24.8755 -24.8718 -10.3489 -10.3259 -10.1530 -10.1317 -10.0335  -9.9993
    -6.6361  -5.9571  -5.5017  -5.4248  -2.3716  -1.6393  -1.4408  -1.0716
    -1.0156  -0.9874  -0.9644  -0.6992  -0.5051  -0.4464  -0.2787  -0.2373

          k =-0.5000 0.2023 0.0000 ( 27588 PWs)   bands (ev):

   -24.8736 -24.8736 -10.3281 -10.3281 -10.1578 -10.1578 -10.0164 -10.0164
    -6.2929  -6.2929  -5.4969  -5.4969  -1.9059  -1.9059  -1.1397  -1.1397
    -0.9672  -0.9672  -0.8198  -0.8198  -0.6208  -0.6208  -0.4119  -0.4119

          k = 0.0000 0.2023 0.3196 ( 27552 PWs)   bands (ev):

   -24.8699 -24.8669 -10.3000 -10.2715 -10.2260 -10.2237 -10.1217 -10.1151
    -6.3072  -5.7120  -5.6235  -5.5440  -2.1196  -1.8986  -1.7463  -1.1449
    -1.0551  -1.0043  -0.9206  -0.6159  -0.5256  -0.3993  -0.3594  -0.3401

          k =-0.5000 0.2023 0.3196 ( 27610 PWs)   bands (ev):

   -24.8684 -24.8684 -10.2836 -10.2836 -10.2275 -10.2275 -10.1215 -10.1215
    -6.0098  -6.0098  -5.6032  -5.6032  -1.9139  -1.9139  -1.5363  -1.5363
    -0.9061  -0.9061  -0.7838  -0.7838  -0.5009  -0.5009  -0.4123  -0.4123

          k = 0.0000 0.2023 0.6392 ( 27613 PWs)   bands (ev):

   -24.8606 -24.8594 -10.5132 -10.5099 -10.1714 -10.1658 -10.1136 -10.1089
    -5.8883  -5.8362  -5.5795  -5.4059  -2.1843  -2.1799  -1.7749  -1.5692
    -1.0178  -0.8451  -0.7529  -0.5849  -0.5436  -0.5268  -0.4253  -0.4111

          k =-0.5000 0.2023 0.6392 ( 27586 PWs)   bands (ev):

   -24.8600 -24.8600 -10.5161 -10.5161 -10.1641 -10.1641 -10.1118 -10.1118
    -5.8808  -5.8808  -5.4652  -5.4652  -2.3270  -2.3270  -1.5920  -1.5920
    -0.8110  -0.8110  -0.6815  -0.6815  -0.5290  -0.5290  -0.4066  -0.4066

          k = 0.0000 0.4046 0.0000 ( 27614 PWs)   bands (ev):

   -24.8743 -24.8729 -10.3149 -10.2999 -10.1867 -10.1721 -10.0229 -10.0099
    -6.4011  -6.1162  -5.5642  -5.5030  -2.0892  -1.8562  -1.2943  -0.9681
    -0.9548  -0.9112  -0.7931  -0.7322  -0.6650  -0.5865  -0.4158  -0.3959

          k =-0.5000 0.4046 0.0000 ( 27596 PWs)   bands (ev):

   -24.8736 -24.8736 -10.3608 -10.3608 -10.1211 -10.1211 -10.0163 -10.0163
    -6.3210  -6.3210  -5.4712  -5.4712  -1.8524  -1.8524  -1.3008  -1.3008
    -1.0154  -1.0154  -0.7389  -0.7389  -0.5651  -0.5651  -0.3575  -0.3575

          k = 0.0000 0.4046 0.3196 ( 27598 PWs)   bands (ev):

   -24.8690 -24.8679 -10.2865 -10.2598 -10.2383 -10.2160 -10.1331 -10.1302
    -6.1218  -5.8782  -5.6394  -5.5904  -1.9933  -1.9415  -1.5917  -1.2659
    -0.9798  -0.9414  -0.8752  -0.6783  -0.5428  -0.5349  -0.3846  -0.3703

          k =-0.5000 0.4046 0.3196 ( 27590 PWs)   bands (ev):

   -24.8684 -24.8684 -10.3025 -10.3025 -10.2214 -10.2214 -10.1077 -10.1077
    -6.0218  -6.0218  -5.5918  -5.5918  -1.8835  -1.8835  -1.6494  -1.6494
    -0.8688  -0.8688  -0.6869  -0.6869  -0.5446  -0.5446  -0.3839  -0.3839

          k = 0.0000 0.4046 0.6392 ( 27578 PWs)   bands (ev):

   -24.8602 -24.8598 -10.5198 -10.5184 -10.1538 -10.1536 -10.1162 -10.1161
    -5.9574  -5.9339  -5.4374  -5.3731  -2.2784  -2.2695  -1.5988  -1.5056
    -0.8853  -0.7645  -0.7107  -0.6995  -0.5996  -0.5546  -0.4755  -0.4517

          k =-0.5000 0.4046 0.6392 ( 27598 PWs)   bands (ev):

   -24.8600 -24.8600 -10.5065 -10.5065 -10.1802 -10.1802 -10.1084 -10.1084
    -5.8158  -5.8158  -5.5313  -5.5313  -2.2481  -2.2481  -1.7859  -1.7859
    -0.8214  -0.8214  -0.6101  -0.6101  -0.4979  -0.4979  -0.3279  -0.3279

          k = 0.2000 0.0000 0.0000 ( 27596 PWs)   bands (ev):

   -24.8755 -24.8718 -10.3467 -10.3274 -10.1511 -10.1346 -10.0335  -9.9993
    -6.6388  -5.9732  -5.4575  -5.4432  -2.3808  -1.5061  -1.4222  -1.2740
    -0.9736  -0.9711  -0.9629  -0.7104  -0.5145  -0.4120  -0.3216  -0.2470

          k =-0.3000 0.0000 0.0000 ( 27610 PWs)   bands (ev):

   -24.8750 -24.8723 -10.3291 -10.3138 -10.1690 -10.1560 -10.0289 -10.0040
    -6.5391  -6.0371  -5.5012  -5.4665  -2.2412  -1.6436  -1.3283  -1.1631
    -0.9500  -0.9483  -0.8794  -0.7113  -0.5617  -0.5527  -0.4433  -0.3098

          k = 0.2000 0.0000 0.3196 ( 27579 PWs)   bands (ev):

   -24.8699 -24.8669 -10.2889 -10.2852 -10.2244 -10.2227 -10.1289 -10.1084
    -6.3062  -5.7288  -5.5853  -5.5621  -2.1243  -1.8389  -1.7840  -1.1607
    -1.0608  -1.0077  -0.8978  -0.6075  -0.6067  -0.3805  -0.3581  -0.3219

          k =-0.3000 0.0000 0.3196 ( 27622 PWs)   bands (ev):

   -24.8695 -24.8674 -10.2829 -10.2735 -10.2380 -10.2180 -10.1356 -10.1142
    -6.2246  -5.7839  -5.6173  -5.5772  -2.0476  -1.8256  -1.7641  -1.1279
    -1.0650  -0.9761  -0.9318  -0.6827  -0.5745  -0.4124  -0.3784  -0.3634

          k = 0.2000 0.0000 0.6392 ( 27582 PWs)   bands (ev):

   -24.8606 -24.8594 -10.5137 -10.5104 -10.1746 -10.1626 -10.1165 -10.1059
    -5.8641  -5.8109  -5.6090  -5.4226  -2.2579  -2.1770  -1.7509  -1.5304
    -0.9826  -0.8775  -0.7676  -0.6126  -0.5069  -0.4983  -0.4458  -0.3991

          k =-0.3000 0.0000 0.6392 ( 27586 PWs)   bands (ev):

   -24.8604 -24.8596 -10.5180 -10.5154 -10.1673 -10.1546 -10.1190 -10.1075
    -5.8983  -5.8553  -5.5391  -5.4062  -2.3259  -2.2576  -1.6499  -1.4664
    -0.9063  -0.7957  -0.7919  -0.6469  -0.5703  -0.4841  -0.4554  -0.4368

          k = 0.2000 0.2023 0.0000 ( 27586 PWs)   bands (ev):

   -24.8751 -24.8721 -10.3579 -10.3021 -10.1838 -10.1200 -10.0302 -10.0025
    -6.5730  -6.0101  -5.5326  -5.4255  -2.2681  -1.6402  -1.4408  -1.1250
    -0.9993  -0.9411  -0.8240  -0.6978  -0.5977  -0.5247  -0.4059  -0.2171

          k =-0.3000 0.2023 0.0000 ( 27598 PWs)   bands (ev):

   -24.8747 -24.8726 -10.3549 -10.2980 -10.1900 -10.1246 -10.0264 -10.0063
    -6.4984  -6.0829  -5.5374  -5.4408  -2.1579  -1.6925  -1.3950  -1.0664
    -0.9962  -0.9387  -0.7762  -0.7034  -0.6847  -0.5495  -0.4890  -0.2549

          k = 0.2000 0.2023 0.3196 ( 27572 PWs)   bands (ev):

   -24.8697 -24.8672 -10.2990 -10.2658 -10.2433 -10.2113 -10.1328 -10.1083
    -6.2517  -5.7585  -5.6381  -5.5522  -2.0585  -1.8717  -1.7696  -1.1236
    -1.0780  -1.0050  -0.8726  -0.6295  -0.5887  -0.4057  -0.4025  -0.3155

          k =-0.3000 0.2023 0.3196 ( 27587 PWs)   bands (ev):

   -24.8693 -24.8676 -10.2971 -10.2579 -10.2550 -10.2091 -10.1345 -10.1090
    -6.1867  -5.8264  -5.6340  -5.5655  -2.0055  -1.8462  -1.7669  -1.2368
    -0.9983  -0.9786  -0.8530  -0.6430  -0.5985  -0.4475  -0.4074  -0.3320

          k = 0.2000 0.2023 0.6392 ( 27605 PWs)   bands (ev):

   -24.8605 -24.8595 -10.5181 -10.5080 -10.1794 -10.1523 -10.1177 -10.1077
    -5.9297  -5.7752  -5.6079  -5.3910  -2.2998  -2.1537  -1.7561  -1.5670
    -0.8761  -0.8341  -0.7595  -0.5973  -0.5878  -0.5089  -0.4798  -0.3545

          k =-0.3000 0.2023 0.6392 ( 27604 PWs)   bands (ev):

   -24.8603 -24.8597 -10.5193 -10.5095 -10.1781 -10.1506 -10.1181 -10.1078
    -5.9320  -5.7902  -5.5798  -5.3962  -2.3370  -2.2124  -1.6996  -1.5653
    -0.8418  -0.7898  -0.7173  -0.6442  -0.6059  -0.4990  -0.4765  -0.3483

          k = 0.2000 0.4046 0.0000 ( 27581 PWs)   bands (ev):

   -24.8742 -24.8731 -10.3456 -10.3108 -10.1770 -10.1369 -10.0216 -10.0111
    -6.3947  -6.1680  -5.5440  -5.4778  -2.0363  -1.8305  -1.3331  -1.0040
    -0.9979  -0.9648  -0.8379  -0.6409  -0.6395  -0.5675  -0.4904  -0.3187

          k =-0.3000 0.4046 0.0000 ( 27600 PWs)   bands (ev):

   -24.8741 -24.8732 -10.3588 -10.3307 -10.1556 -10.1221 -10.0202 -10.0125
    -6.3818  -6.2193  -5.5195  -5.4639  -1.9785  -1.8125  -1.3606  -1.0968
    -1.0128  -0.9833  -0.8405  -0.6206  -0.6126  -0.5569  -0.4819  -0.3035

          k = 0.2000 0.4046 0.3196 ( 27588 PWs)   bands (ev):

   -24.8689 -24.8680 -10.2953 -10.2736 -10.2368 -10.2119 -10.1302 -10.1158
    -6.1045  -5.9119  -5.6286  -5.5839  -1.9678  -1.9228  -1.6351  -1.3634
    -0.9686  -0.8912  -0.8504  -0.6764  -0.5400  -0.4658  -0.4171  -0.3778

          k =-0.3000 0.4046 0.3196 ( 27584 PWs)   bands (ev):

   -24.8688 -24.8681 -10.3013 -10.2856 -10.2327 -10.2127 -10.1221 -10.1090
    -6.0836  -5.9462  -5.6168  -5.5815  -1.9421  -1.8966  -1.6744  -1.4610
    -0.9317  -0.8682  -0.8115  -0.6747  -0.4945  -0.4709  -0.4665  -0.3640

          k = 0.2000 0.4046 0.6392 ( 27594 PWs)   bands (ev):

   -24.8602 -24.8598 -10.5179 -10.5118 -10.1715 -10.1551 -10.1155 -10.1104
    -5.9410  -5.8713  -5.4888  -5.3983  -2.3022  -2.2235  -1.6908  -1.6062
    -0.8560  -0.7813  -0.6830  -0.6071  -0.5830  -0.5218  -0.4753  -0.3911

          k =-0.3000 0.4046 0.6392 ( 27608 PWs)   bands (ev):

   -24.8601 -24.8599 -10.5140 -10.5079 -10.1791 -10.1640 -10.1123 -10.1087
    -5.9070  -5.8242  -5.5312  -5.4346  -2.2969  -2.2112  -1.7611  -1.6778
    -0.8496  -0.7921  -0.6435  -0.6016  -0.5443  -0.4934  -0.4369  -0.3478

          k = 0.4000 0.0000 0.0000 ( 27586 PWs)   bands (ev):

   -24.8743 -24.8729 -10.3100 -10.3007 -10.1857 -10.1778 -10.0230 -10.0099
    -6.4131  -6.1421  -5.5200  -5.4923  -2.0859  -1.7849  -1.1869  -1.0286
    -0.9363  -0.9310  -0.8703  -0.7334  -0.6984  -0.6155  -0.5037  -0.3879

          k =-0.1000 0.0000 0.0000 ( 27584 PWs)   bands (ev):

   -24.8758 -24.8715 -10.3586 -10.3369 -10.1384 -10.1194 -10.0365  -9.9963
    -6.7027  -5.9445  -5.4273  -5.4116  -2.4797  -1.4715  -1.3731  -1.3488
    -1.0910  -0.9889  -0.9717  -0.7057  -0.4824  -0.3349  -0.2128  -0.2066

          k = 0.4000 0.0000 0.3196 ( 27600 PWs)   bands (ev):

   -24.8690 -24.8679 -10.2767 -10.2564 -10.2511 -10.2220 -10.1367 -10.1223
    -6.1201  -5.8836  -5.6212  -5.5944  -1.9816  -1.8743  -1.6326  -1.2822
    -0.9775  -0.9210  -0.9179  -0.7590  -0.5482  -0.4774  -0.3934  -0.3851

          k =-0.1000 0.0000 0.3196 ( 27585 PWs)   bands (ev):

   -24.8702 -24.8667 -10.2990 -10.2848 -10.2296 -10.2147 -10.1223 -10.1051
    -6.3580  -5.7128  -5.5519  -5.5429  -2.1876  -1.8701  -1.7556  -1.2292
    -1.0677  -1.0250  -0.8264  -0.6335  -0.5542  -0.3768  -0.3332  -0.2896

          k = 0.4000 0.0000 0.6392 ( 27598 PWs)   bands (ev):

   -24.8602 -24.8598 -10.5210 -10.5196 -10.1594 -10.1504 -10.1192 -10.1108
    -5.9148  -5.8913  -5.4783  -5.4085  -2.3616  -2.3227  -1.5531  -1.4426
    -0.8445  -0.8055  -0.6888  -0.6867  -0.6434  -0.4966  -0.4670  -0.4576

          k =-0.1000 0.0000 0.6392 ( 27588 PWs)   bands (ev):

   -24.8607 -24.8593 -10.5100 -10.5063 -10.1797 -10.1694 -10.1143 -10.1054
    -5.8145  -5.7706  -5.6814  -5.4463  -2.1745  -2.1022  -1.8451  -1.5996
    -1.0565  -0.9207  -0.7451  -0.5912  -0.5078  -0.4837  -0.4194  -0.3759

          k = 0.4000 0.2023 0.0000 ( 27608 PWs)   bands (ev):

   -24.8742 -24.8731 -10.3445 -10.3097 -10.1782 -10.1381 -10.0217 -10.0111
    -6.4022  -6.1817  -5.5234  -5.4666  -2.0321  -1.7889  -1.2884  -1.0036
    -0.9846  -0.9493  -0.9025  -0.7142  -0.6573  -0.5828  -0.4958  -0.3235

          k =-0.1000 0.2023 0.0000 ( 27569 PWs)   bands (ev):

   -24.8754 -24.8719 -10.3539 -10.3165 -10.1658 -10.1246 -10.0327 -10.0001
    -6.6200  -5.9694  -5.5137  -5.4226  -2.3443  -1.6355  -1.4423  -1.1193
    -0.9941  -0.9542  -0.9349  -0.6999  -0.5100  -0.4868  -0.3272  -0.2159

          k = 0.4000 0.2023 0.3196 ( 27604 PWs)   bands (ev):

   -24.8689 -24.8680 -10.2923 -10.2714 -10.2421 -10.2151 -10.1298 -10.1137
    -6.1036  -5.9141  -5.6211  -5.5836  -1.9579  -1.8718  -1.6752  -1.3826
    -0.9438  -0.9046  -0.8568  -0.6973  -0.5528  -0.4759  -0.4168  -0.3731

          k =-0.1000 0.2023 0.3196 ( 27571 PWs)   bands (ev):

   -24.8699 -24.8670 -10.2997 -10.2706 -10.2324 -10.2180 -10.1267 -10.1113
    -6.2930  -5.7215  -5.6305  -5.5455  -2.1027  -1.8930  -1.7526  -1.1292
    -1.0629  -1.0134  -0.9039  -0.6239  -0.5452  -0.4056  -0.3681  -0.3269

          k = 0.4000 0.2023 0.6392 ( 27592 PWs)   bands (ev):

   -24.8602 -24.8598 -10.5186 -10.5126 -10.1724 -10.1556 -10.1154 -10.1091
    -5.9150  -5.8351  -5.5225  -5.4211  -2.3472  -2.2786  -1.6371  -1.5703
    -0.8322  -0.7891  -0.6853  -0.6610  -0.5851  -0.5064  -0.4471  -0.3667

          k =-0.1000 0.2023 0.6392 ( 27594 PWs)   bands (ev):

   -24.8605 -24.8595 -10.5154 -10.5085 -10.1762 -10.1593 -10.1151 -10.1083
    -5.9094  -5.8066  -5.5930  -5.3993  -2.2436  -2.1411  -1.7773  -1.5688
    -0.9741  -0.8439  -0.7548  -0.5871  -0.5538  -0.5237  -0.4563  -0.3800

          k = 0.4000 0.4046 0.0000 ( 27626 PWs)   bands (ev):

   -24.8739 -24.8734 -10.3642 -10.3489 -10.1351 -10.1165 -10.0183 -10.0143
    -6.3578  -6.2731  -5.4927  -5.4609  -1.9125  -1.8156  -1.3562  -1.2058
    -1.0192  -1.0023  -0.8010  -0.6713  -0.5856  -0.5553  -0.4188  -0.3168

          k =-0.1000 0.4046 0.0000 ( 27606 PWs)   bands (ev):

   -24.8743 -24.8730 -10.3276 -10.2987 -10.1891 -10.1573 -10.0226 -10.0102
    -6.3999  -6.1303  -5.5595  -5.4949  -2.0754  -1.8490  -1.3049  -0.9794
    -0.9548  -0.9425  -0.8010  -0.7067  -0.6585  -0.5805  -0.4531  -0.3564

          k = 0.4000 0.4046 0.3196 ( 27579 PWs)   bands (ev):

   -24.8686 -24.8683 -10.3042 -10.2959 -10.2272 -10.2163 -10.1136 -10.1060
    -6.0556  -5.9843  -5.6036  -5.5839  -1.9125  -1.8741  -1.6907  -1.5635
    -0.8936  -0.8595  -0.7524  -0.6642  -0.5302  -0.5100  -0.4271  -0.3622

          k =-0.1000 0.4046 0.3196 ( 27589 PWs)   bands (ev):

   -24.8690 -24.8679 -10.2891 -10.2636 -10.2385 -10.2141 -10.1342 -10.1243
    -6.1174  -5.8873  -5.6365  -5.5882  -1.9864  -1.9373  -1.6033  -1.2921
    -0.9835  -0.9217  -0.8694  -0.6770  -0.5594  -0.4966  -0.3859  -0.3804

          k = 0.4000 0.4046 0.6392 ( 27593 PWs)   bands (ev):

   -24.8601 -24.8599 -10.5097 -10.5058 -10.1824 -10.1734 -10.1098 -10.1081
    -5.8608  -5.7980  -5.5530  -5.4831  -2.2775  -2.2207  -1.7963  -1.7416
    -0.8370  -0.8057  -0.6263  -0.6004  -0.5111  -0.4934  -0.3725  -0.3207

          k =-0.1000 0.4046 0.6392 ( 27589 PWs)   bands (ev):

   -24.8602 -24.8598 -10.5199 -10.5161 -10.1620 -10.1507 -10.1175 -10.1131
    -5.9567  -5.9138  -5.4522  -5.3786  -2.2938  -2.2478  -1.6242  -1.5385
    -0.8682  -0.7659  -0.7361  -0.6334  -0.6034  -0.5525  -0.4792  -0.4310

     highest occupied level (ev):    -0.1718

     Writing config to output data dir ./_ph0/pwscf.q_5/pwscf.save/ :
     XML data file

                                                                                

     bravais-lattice index     =            8
     lattice parameter (alat)  =      13.8222  a.u.
     unit-cell volume          =    1633.8810 (a.u.)^3
     number of atoms/cell      =           22
     number of atomic types    =            3
     kinetic-energy cut-off    =     100.0000  Ry
     charge density cut-off    =     800.0000  Ry
     convergence threshold     =      1.0E-14
     beta                      =       0.7000
     number of iterations used =            4
     Exchange-correlation= PBESOL
                           (   1   4  10   8   0   0   0)


     celldm(1)=   13.82217  celldm(2)=    0.98864  celldm(3)=    0.62583
     celldm(4)=    0.00000  celldm(5)=    0.00000  celldm(6)=    0.00000

     crystal axes: (cart. coord. in units of alat)
               a(1) = (  1.0000  0.0000  0.0000 )  
               a(2) = (  0.0000  0.9886  0.0000 )  
               a(3) = (  0.0000  0.0000  0.6258 )  

     reciprocal axes: (cart. coord. in units 2 pi/alat)
               b(1) = (  1.0000  0.0000  0.0000 )  
               b(2) = (  0.0000  1.0115  0.0000 )  
               b(3) = (  0.0000  0.0000  1.5979 )  


     Atoms inside the unit cell: 

     Cartesian axes

     site n.  atom      mass           positions (alat units)
        1  Ba    137.3270   tau(    1) = (    0.50000    0.49432    0.31293  )
        2  Ba    137.3270   tau(    2) = (    0.00000    0.00000    0.62581  )
        3  B      10.8110   tau(    3) = (    0.65064    0.27392    0.00001  )
        4  B      10.8110   tau(    4) = (    0.34936    0.71473    0.00001  )
        5  B      10.8110   tau(    5) = (    0.15064    0.22041    0.31290  )
        6  B      10.8110   tau(    6) = (    0.84936    0.76824    0.31290  )
        7  H       1.0079   tau(    7) = (    0.48198    0.27834    0.00001  )
        8  H       1.0079   tau(    8) = (    0.51802    0.71030    0.00001  )
        9  H       1.0079   tau(    9) = (    0.98198    0.21598    0.31290  )
       10  H       1.0079   tau(   10) = (    0.01802    0.77266    0.31290  )
       11  H       1.0079   tau(   11) = (    0.71243    0.43126    0.00001  )
       12  H       1.0079   tau(   12) = (    0.28757    0.55739    0.00001  )
       13  H       1.0079   tau(   13) = (    0.21243    0.06306    0.31290  )
       14  H       1.0079   tau(   14) = (    0.78757    0.92558    0.31290  )
       15  H       1.0079   tau(   15) = (    0.70079    0.19496    0.48610  )
       16  H       1.0079   tau(   16) = (    0.29921    0.79369    0.48610  )
       17  H       1.0079   tau(   17) = (    0.20079    0.29937    0.45263  )
       18  H       1.0079   tau(   18) = (    0.79921    0.68928    0.45263  )
       19  H       1.0079   tau(   19) = (    0.29918    0.79368    0.13974  )
       20  H       1.0079   tau(   20) = (    0.70082    0.19496    0.13974  )
       21  H       1.0079   tau(   21) = (    0.79918    0.68928    0.17317  )
       22  H       1.0079   tau(   22) = (    0.20082    0.29936    0.17317  )

     Computing dynamical matrix for 
                    q = (  -0.5000000   0.0000000   0.0000000 )

      5 Sym.Ops. (with q -> -q+G )


     G cutoff = 3871.5285  (  26017 G-vectors)     FFT grid: (128,128, 80)
     G cutoff = 1935.7643  (   9200 G-vectors)  smooth grid: ( 90, 90, 60)
     number of k points=    54

     PseudoPot. # 1 for B  read from file:
     /home/mehlhorn/pseudos/b_pbesol_v1.4.uspp.F.UPF
     MD5 check sum: 369b69bef2c3aeed4453bd8b804fd6a8
     Pseudo is Ultrasoft + core correction, Zval =  3.0
     Generated by new atomic code, or converted to UPF format
     Using radial grid of  781 points,  4 beta functions with: 
                l(1) =   0
                l(2) =   0
                l(3) =   1
                l(4) =   1
     Q(r) pseudized with  8 coefficients,  rinner =    1.100   1.100   1.100


     PseudoPot. # 2 for Ba read from file:
     /home/mehlhorn/pseudos/Ba.nc.z_10.oncvpsp4.dojo.v4-sp.upf
     MD5 check sum: c10ed334bb677c0554edec7181ce9143
     Pseudo is Norm-conserving + core correction, Zval = 10.0
     Generated using ONCVPSP code by D. R. Hamann
     Using radial grid of 1938 points,  8 beta functions with: 
                l(1) =   0
                l(2) =   0
                l(3) =   1
                l(4) =   1
                l(5) =   2
                l(6) =   2
                l(7) =   3
                l(8) =   3

     PseudoPot. # 3 for H  read from file:
     /home/mehlhorn/pseudos/H_ONCV_PBEsol-1.0.upf
     MD5 check sum: 398ef8f67c0a7342c05c87c5e19ea467
     Pseudo is Norm-conserving, Zval =  1.0
     Generated using ONCVPSP code by D. R. Hamann
     Using radial grid of 1180 points,  2 beta functions with: 
                l(1) =   0
                l(2) =   0


     Atomic displacements:
     There are   33 irreducible representations

     Representation     1      2 modes -  To be done

     Representation     2      2 modes -  To be done

     Representation     3      2 modes -  To be done

     Representation     4      2 modes -  To be done

     Representation     5      2 modes -  To be done

     Representation     6      2 modes -  To be done

     Representation     7      2 modes -  To be done

     Representation     8      2 modes -  To be done

     Representation     9      2 modes -  To be done

     Representation    10      2 modes -  To be done

     Representation    11      2 modes -  To be done

     Representation    12      2 modes -  To be done

     Representation    13      2 modes -  To be done

     Representation    14      2 modes -  To be done

     Representation    15      2 modes -  To be done

     Representation    16      2 modes -  To be done

     Representation    17      2 modes -  To be done

     Representation    18      2 modes -  To be done

     Representation    19      2 modes -  To be done

     Representation    20      2 modes -  To be done

     Representation    21      2 modes -  To be done

     Representation    22      2 modes -  To be done

     Representation    23      2 modes -  To be done

     Representation    24      2 modes -  To be done

     Representation    25      2 modes -  To be done

     Representation    26      2 modes -  To be done

     Representation    27      2 modes -  To be done

     Representation    28      2 modes -  To be done

     Representation    29      2 modes -  To be done

     Representation    30      2 modes -  To be done

     Representation    31      2 modes -  To be done

     Representation    32      2 modes -  To be done

     Representation    33      2 modes -  To be done



     Alpha used in Ewald sum =   2.8000
     PHONON       :   1d20h14m CPU   1d20h40m WALL



     Representation #   1 modes #   1   2

     Self-consistent Calculation

      iter #   1 total cpu time :160925.6 secs   av.it.:   4.2
      thresh= 1.000E-02 alpha_mix =  0.700 |ddv_scf|^2 =  3.529E-09

      iter #   2 total cpu time :161144.8 secs   av.it.:  16.7
      thresh= 5.940E-06 alpha_mix =  0.700 |ddv_scf|^2 =  3.127E-09

      iter #   3 total cpu time :161344.4 secs   av.it.:  15.0
      thresh= 5.592E-06 alpha_mix =  0.700 |ddv_scf|^2 =  3.792E-11

      iter #   4 total cpu time :161561.1 secs   av.it.:  16.1
      thresh= 6.158E-07 alpha_mix =  0.700 |ddv_scf|^2 =  1.068E-12

      iter #   5 total cpu time :161783.2 secs   av.it.:  17.0
      thresh= 1.034E-07 alpha_mix =  0.700 |ddv_scf|^2 =  2.008E-13

      iter #   6 total cpu time :162002.7 secs   av.it.:  16.8
      thresh= 4.481E-08 alpha_mix =  0.700 |ddv_scf|^2 =  3.312E-15

     End of self-consistent calculation

     Convergence has been achieved 


     Representation #   2 modes #   3   4

     Self-consistent Calculation

      iter #   1 total cpu time :162094.4 secs   av.it.:   3.0
      thresh= 1.000E-02 alpha_mix =  0.700 |ddv_scf|^2 =  1.999E-10

      iter #   2 total cpu time :162313.5 secs   av.it.:  17.0
      thresh= 1.414E-06 alpha_mix =  0.700 |ddv_scf|^2 =  9.321E-11

      iter #   3 total cpu time :162518.6 secs   av.it.:  16.0
      thresh= 9.655E-07 alpha_mix =  0.700 |ddv_scf|^2 =  7.525E-12

      iter #   4 total cpu time :162719.3 secs   av.it.:  15.9
      thresh= 2.743E-07 alpha_mix =  0.700 |ddv_scf|^2 =  1.592E-13

      iter #   5 total cpu time :162938.2 secs   av.it.:  17.0
      thresh= 3.990E-08 alpha_mix =  0.700 |ddv_scf|^2 =  1.003E-14

      iter #   6 total cpu time :163161.7 secs   av.it.:  17.0
      thresh= 1.002E-08 alpha_mix =  0.700 |ddv_scf|^2 =  4.369E-16

     End of self-consistent calculation

     Convergence has been achieved 


     Representation #   3 modes #   5   6

     Self-consistent Calculation

      iter #   1 total cpu time :163254.6 secs   av.it.:   3.2
      thresh= 1.000E-02 alpha_mix =  0.700 |ddv_scf|^2 =  4.028E-10

      iter #   2 total cpu time :163472.5 secs   av.it.:  17.0
      thresh= 2.007E-06 alpha_mix =  0.700 |ddv_scf|^2 =  3.056E-10

      iter #   3 total cpu time :163677.4 secs   av.it.:  16.0
      thresh= 1.748E-06 alpha_mix =  0.700 |ddv_scf|^2 =  5.420E-12

      iter #   4 total cpu time :163886.9 secs   av.it.:  16.2
      thresh= 2.328E-07 alpha_mix =  0.700 |ddv_scf|^2 =  1.108E-12

      iter #   5 total cpu time :164086.9 secs   av.it.:  15.8
      thresh= 1.053E-07 alpha_mix =  0.700 |ddv_scf|^2 =  5.157E-14

      iter #   6 total cpu time :164291.2 secs   av.it.:  16.0
      thresh= 2.271E-08 alpha_mix =  0.700 |ddv_scf|^2 =  3.323E-15

     End of self-consistent calculation

     Convergence has been achieved 


     Representation #   4 modes #   7   8

     Self-consistent Calculation

      iter #   1 total cpu time :164381.8 secs   av.it.:   3.0
      thresh= 1.000E-02 alpha_mix =  0.700 |ddv_scf|^2 =  1.537E-09

      iter #   2 total cpu time :164592.0 secs   av.it.:  16.0
      thresh= 3.921E-06 alpha_mix =  0.700 |ddv_scf|^2 =  1.981E-09

      iter #   3 total cpu time :164791.4 secs   av.it.:  15.0
      thresh= 4.451E-06 alpha_mix =  0.700 |ddv_scf|^2 =  3.494E-12

      iter #   4 total cpu time :165010.4 secs   av.it.:  17.0
      thresh= 1.869E-07 alpha_mix =  0.700 |ddv_scf|^2 =  8.123E-13

      iter #   5 total cpu time :165218.7 secs   av.it.:  16.0
      thresh= 9.013E-08 alpha_mix =  0.700 |ddv_scf|^2 =  1.192E-14

      iter #   6 total cpu time :165432.5 secs   av.it.:  17.0
      thresh= 1.092E-08 alpha_mix =  0.700 |ddv_scf|^2 =  1.261E-15

     End of self-consistent calculation

     Convergence has been achieved 


     Representation #   5 modes #   9  10

     Self-consistent Calculation

      iter #   1 total cpu time :165526.5 secs   av.it.:   3.8
      thresh= 1.000E-02 alpha_mix =  0.700 |ddv_scf|^2 =  8.512E-10

      iter #   2 total cpu time :165747.1 secs   av.it.:  17.0
      thresh= 2.918E-06 alpha_mix =  0.700 |ddv_scf|^2 =  4.362E-10

      iter #   3 total cpu time :165959.5 secs   av.it.:  16.0
      thresh= 2.089E-06 alpha_mix =  0.700 |ddv_scf|^2 =  2.790E-12

      iter #   4 total cpu time :166175.2 secs   av.it.:  16.9
      thresh= 1.670E-07 alpha_mix =  0.700 |ddv_scf|^2 =  7.043E-13

      iter #   5 total cpu time :166380.1 secs   av.it.:  15.9
      thresh= 8.392E-08 alpha_mix =  0.700 |ddv_scf|^2 =  3.514E-14

      iter #   6 total cpu time :166594.9 secs   av.it.:  16.1
      thresh= 1.875E-08 alpha_mix =  0.700 |ddv_scf|^2 =  5.224E-15

     End of self-consistent calculation

     Convergence has been achieved 


     Representation #   6 modes #  11  12

     Self-consistent Calculation

      iter #   1 total cpu time :166687.6 secs   av.it.:   3.1
      thresh= 1.000E-02 alpha_mix =  0.700 |ddv_scf|^2 =  5.692E-10

      iter #   2 total cpu time :166905.1 secs   av.it.:  17.0
      thresh= 2.386E-06 alpha_mix =  0.700 |ddv_scf|^2 =  3.545E-10

      iter #   3 total cpu time :167110.2 secs   av.it.:  15.9
      thresh= 1.883E-06 alpha_mix =  0.700 |ddv_scf|^2 =  9.799E-12

      iter #   4 total cpu time :167317.8 secs   av.it.:  16.0
      thresh= 3.130E-07 alpha_mix =  0.700 |ddv_scf|^2 =  4.440E-13

      iter #   5 total cpu time :167532.3 secs   av.it.:  16.9
      thresh= 6.663E-08 alpha_mix =  0.700 |ddv_scf|^2 =  4.226E-14

      iter #   6 total cpu time :167742.1 secs   av.it.:  16.1
      thresh= 2.056E-08 alpha_mix =  0.700 |ddv_scf|^2 =  5.481E-15

     End of self-consistent calculation

     Convergence has been achieved 


     Representation #   7 modes #  13  14

     Self-consistent Calculation

      iter #   1 total cpu time :167833.8 secs   av.it.:   3.1
      thresh= 1.000E-02 alpha_mix =  0.700 |ddv_scf|^2 =  7.794E-10

      iter #   2 total cpu time :168047.7 secs   av.it.:  17.0
      thresh= 2.792E-06 alpha_mix =  0.700 |ddv_scf|^2 =  3.597E-10

      iter #   3 total cpu time :168259.2 secs   av.it.:  16.0
      thresh= 1.897E-06 alpha_mix =  0.700 |ddv_scf|^2 =  1.400E-12

      iter #   4 total cpu time :168474.7 secs   av.it.:  17.0
      thresh= 1.183E-07 alpha_mix =  0.700 |ddv_scf|^2 =  4.828E-13

      iter #   5 total cpu time :168676.1 secs   av.it.:  16.0
      thresh= 6.949E-08 alpha_mix =  0.700 |ddv_scf|^2 =  1.659E-14

      iter #   6 total cpu time :168889.0 secs   av.it.:  17.0
      thresh= 1.288E-08 alpha_mix =  0.700 |ddv_scf|^2 =  4.705E-15

     End of self-consistent calculation

     Convergence has been achieved 


     Representation #   8 modes #  15  16

     Self-consistent Calculation

      iter #   1 total cpu time :168984.1 secs   av.it.:   3.5
      thresh= 1.000E-02 alpha_mix =  0.700 |ddv_scf|^2 =  1.250E-09

      iter #   2 total cpu time :169194.9 secs   av.it.:  16.9
      thresh= 3.536E-06 alpha_mix =  0.700 |ddv_scf|^2 =  6.737E-10

      iter #   3 total cpu time :169397.7 secs   av.it.:  16.0
      thresh= 2.596E-06 alpha_mix =  0.700 |ddv_scf|^2 =  3.522E-12

      iter #   4 total cpu time :169604.6 secs   av.it.:  16.1
      thresh= 1.877E-07 alpha_mix =  0.700 |ddv_scf|^2 =  8.643E-13

      iter #   5 total cpu time :169814.2 secs   av.it.:  16.0
      thresh= 9.297E-08 alpha_mix =  0.700 |ddv_scf|^2 =  3.362E-14

      iter #   6 total cpu time :170032.0 secs   av.it.:  17.0
      thresh= 1.834E-08 alpha_mix =  0.700 |ddv_scf|^2 =  4.463E-15

     End of self-consistent calculation

     Convergence has been achieved 


     Representation #   9 modes #  17  18

     Self-consistent Calculation

      iter #   1 total cpu time :170143.1 secs   av.it.:   5.0
      thresh= 1.000E-02 alpha_mix =  0.700 |ddv_scf|^2 =  3.553E-08

      iter #   2 total cpu time :170354.1 secs   av.it.:  16.0
      thresh= 1.885E-05 alpha_mix =  0.700 |ddv_scf|^2 =  4.938E-08

      iter #   3 total cpu time :170547.9 secs   av.it.:  14.9
      thresh= 2.222E-05 alpha_mix =  0.700 |ddv_scf|^2 =  4.697E-11

      iter #   4 total cpu time :170763.7 secs   av.it.:  16.9
      thresh= 6.854E-07 alpha_mix =  0.700 |ddv_scf|^2 =  4.926E-12

      iter #   5 total cpu time :170973.6 secs   av.it.:  16.0
      thresh= 2.219E-07 alpha_mix =  0.700 |ddv_scf|^2 =  1.910E-13

      iter #   6 total cpu time :171192.2 secs   av.it.:  17.0
      thresh= 4.370E-08 alpha_mix =  0.700 |ddv_scf|^2 =  3.695E-14

      iter #   7 total cpu time :171405.7 secs   av.it.:  16.0
      thresh= 1.922E-08 alpha_mix =  0.700 |ddv_scf|^2 =  8.693E-16

     End of self-consistent calculation

     Convergence has been achieved 


     Representation #  10 modes #  19  20

     Self-consistent Calculation

      iter #   1 total cpu time :171533.6 secs   av.it.:   6.6
      thresh= 1.000E-02 alpha_mix =  0.700 |ddv_scf|^2 =  2.720E-08

      iter #   2 total cpu time :171752.0 secs   av.it.:  16.6
      thresh= 1.649E-05 alpha_mix =  0.700 |ddv_scf|^2 =  2.639E-08

      iter #   3 total cpu time :171956.2 secs   av.it.:  15.0
      thresh= 1.624E-05 alpha_mix =  0.700 |ddv_scf|^2 =  3.000E-10

      iter #   4 total cpu time :172171.4 secs   av.it.:  16.0
      thresh= 1.732E-06 alpha_mix =  0.700 |ddv_scf|^2 =  3.618E-12

      iter #   5 total cpu time :172395.1 secs   av.it.:  17.0
      thresh= 1.902E-07 alpha_mix =  0.700 |ddv_scf|^2 =  4.036E-13

      iter #   6 total cpu time :172613.0 secs   av.it.:  16.9
      thresh= 6.353E-08 alpha_mix =  0.700 |ddv_scf|^2 =  1.785E-14

      iter #   7 total cpu time :172827.8 secs   av.it.:  16.9
      thresh= 1.336E-08 alpha_mix =  0.700 |ddv_scf|^2 =  1.329E-15

     End of self-consistent calculation

     Convergence has been achieved 


     Representation #  11 modes #  21  22

     Self-consistent Calculation

      iter #   1 total cpu time :172919.7 secs   av.it.:   3.0
      thresh= 1.000E-02 alpha_mix =  0.700 |ddv_scf|^2 =  1.914E-09

      iter #   2 total cpu time :173130.6 secs   av.it.:  16.0
      thresh= 4.375E-06 alpha_mix =  0.700 |ddv_scf|^2 =  1.911E-09

      iter #   3 total cpu time :173327.6 secs   av.it.:  15.0
      thresh= 4.372E-06 alpha_mix =  0.700 |ddv_scf|^2 =  6.818E-12

      iter #   4 total cpu time :173544.7 secs   av.it.:  16.9
      thresh= 2.611E-07 alpha_mix =  0.700 |ddv_scf|^2 =  9.904E-13

      iter #   5 total cpu time :173759.1 secs   av.it.:  16.0
      thresh= 9.952E-08 alpha_mix =  0.700 |ddv_scf|^2 =  1.989E-14

      iter #   6 total cpu time :173981.6 secs   av.it.:  17.0
      thresh= 1.410E-08 alpha_mix =  0.700 |ddv_scf|^2 =  1.359E-15

     End of self-consistent calculation

     Convergence has been achieved 


     Representation #  12 modes #  23  24

     Self-consistent Calculation

      iter #   1 total cpu time :174073.2 secs   av.it.:   3.0
      thresh= 1.000E-02 alpha_mix =  0.700 |ddv_scf|^2 =  1.002E-09

      iter #   2 total cpu time :174281.6 secs   av.it.:  16.0
      thresh= 3.166E-06 alpha_mix =  0.700 |ddv_scf|^2 =  1.225E-09

      iter #   3 total cpu time :174470.5 secs   av.it.:  15.0
      thresh= 3.500E-06 alpha_mix =  0.700 |ddv_scf|^2 =  3.482E-12

      iter #   4 total cpu time :174687.4 secs   av.it.:  16.8
      thresh= 1.866E-07 alpha_mix =  0.700 |ddv_scf|^2 =  3.137E-13

      iter #   5 total cpu time :174905.1 secs   av.it.:  16.6
      thresh= 5.601E-08 alpha_mix =  0.700 |ddv_scf|^2 =  2.240E-14

      iter #   6 total cpu time :175124.5 secs   av.it.:  16.9
      thresh= 1.497E-08 alpha_mix =  0.700 |ddv_scf|^2 =  1.242E-15

     End of self-consistent calculation

     Convergence has been achieved 


     Representation #  13 modes #  25  26

     Self-consistent Calculation

      iter #   1 total cpu time :175213.6 secs   av.it.:   3.0
      thresh= 1.000E-02 alpha_mix =  0.700 |ddv_scf|^2 =  7.185E-10

      iter #   2 total cpu time :175422.1 secs   av.it.:  16.9
      thresh= 2.680E-06 alpha_mix =  0.700 |ddv_scf|^2 =  5.249E-10

      iter #   3 total cpu time :175622.4 secs   av.it.:  15.2
      thresh= 2.291E-06 alpha_mix =  0.700 |ddv_scf|^2 =  4.395E-12

      iter #   4 total cpu time :175841.3 secs   av.it.:  16.4
      thresh= 2.097E-07 alpha_mix =  0.700 |ddv_scf|^2 =  9.490E-13

      iter #   5 total cpu time :176053.9 secs   av.it.:  16.0
      thresh= 9.742E-08 alpha_mix =  0.700 |ddv_scf|^2 =  2.783E-14

      iter #   6 total cpu time :176270.5 secs   av.it.:  16.3
      thresh= 1.668E-08 alpha_mix =  0.700 |ddv_scf|^2 =  1.860E-15

     End of self-consistent calculation

     Convergence has been achieved 


     Representation #  14 modes #  27  28

     Self-consistent Calculation

      iter #   1 total cpu time :176364.2 secs   av.it.:   3.4
      thresh= 1.000E-02 alpha_mix =  0.700 |ddv_scf|^2 =  9.610E-10

      iter #   2 total cpu time :176580.3 secs   av.it.:  16.9
      thresh= 3.100E-06 alpha_mix =  0.700 |ddv_scf|^2 =  6.414E-10

      iter #   3 total cpu time :176787.6 secs   av.it.:  15.7
      thresh= 2.533E-06 alpha_mix =  0.700 |ddv_scf|^2 =  7.068E-12

      iter #   4 total cpu time :177003.9 secs   av.it.:  16.1
      thresh= 2.659E-07 alpha_mix =  0.700 |ddv_scf|^2 =  9.454E-13

      iter #   5 total cpu time :177216.6 secs   av.it.:  16.0
      thresh= 9.723E-08 alpha_mix =  0.700 |ddv_scf|^2 =  1.608E-14

      iter #   6 total cpu time :177434.4 secs   av.it.:  17.0
      thresh= 1.268E-08 alpha_mix =  0.700 |ddv_scf|^2 =  2.601E-15

     End of self-consistent calculation

     Convergence has been achieved 


     Representation #  15 modes #  29  30

     Self-consistent Calculation

      iter #   1 total cpu time :177563.5 secs   av.it.:   6.7
      thresh= 1.000E-02 alpha_mix =  0.700 |ddv_scf|^2 =  9.772E-08

      iter #   2 total cpu time :177769.6 secs   av.it.:  16.0
      thresh= 3.126E-05 alpha_mix =  0.700 |ddv_scf|^2 =  1.227E-07

      iter #   3 total cpu time :177962.3 secs   av.it.:  15.0
      thresh= 3.503E-05 alpha_mix =  0.700 |ddv_scf|^2 =  4.219E-10

      iter #   4 total cpu time :178174.2 secs   av.it.:  16.0
      thresh= 2.054E-06 alpha_mix =  0.700 |ddv_scf|^2 =  9.644E-12

      iter #   5 total cpu time :178390.6 secs   av.it.:  16.8
      thresh= 3.106E-07 alpha_mix =  0.700 |ddv_scf|^2 =  5.924E-13

      iter #   6 total cpu time :178613.7 secs   av.it.:  17.0
      thresh= 7.697E-08 alpha_mix =  0.700 |ddv_scf|^2 =  3.898E-14

      iter #   7 total cpu time :178835.2 secs   av.it.:  17.0
      thresh= 1.974E-08 alpha_mix =  0.700 |ddv_scf|^2 =  9.025E-15

     End of self-consistent calculation

     Convergence has been achieved 


     Representation #  16 modes #  31  32

     Self-consistent Calculation

      iter #   1 total cpu time :178926.4 secs   av.it.:   3.0
      thresh= 1.000E-02 alpha_mix =  0.700 |ddv_scf|^2 =  4.868E-10

      iter #   2 total cpu time :179148.5 secs   av.it.:  17.0
      thresh= 2.206E-06 alpha_mix =  0.700 |ddv_scf|^2 =  2.607E-10

      iter #   3 total cpu time :179360.3 secs   av.it.:  16.0
      thresh= 1.615E-06 alpha_mix =  0.700 |ddv_scf|^2 =  1.759E-11

      iter #   4 total cpu time :179562.4 secs   av.it.:  15.0
      thresh= 4.195E-07 alpha_mix =  0.700 |ddv_scf|^2 =  4.474E-13

      iter #   5 total cpu time :179778.7 secs   av.it.:  16.9
      thresh= 6.689E-08 alpha_mix =  0.700 |ddv_scf|^2 =  2.296E-14

      iter #   6 total cpu time :179996.9 secs   av.it.:  17.0
      thresh= 1.515E-08 alpha_mix =  0.700 |ddv_scf|^2 =  1.862E-15

     End of self-consistent calculation

     Convergence has been achieved 


     Representation #  17 modes #  33  34

     Self-consistent Calculation

      iter #   1 total cpu time :180090.6 secs   av.it.:   3.0
      thresh= 1.000E-02 alpha_mix =  0.700 |ddv_scf|^2 =  4.444E-09

      iter #   2 total cpu time :180299.2 secs   av.it.:  15.9
      thresh= 6.666E-06 alpha_mix =  0.700 |ddv_scf|^2 =  5.733E-09

      iter #   3 total cpu time :180493.4 secs   av.it.:  14.9
      thresh= 7.571E-06 alpha_mix =  0.700 |ddv_scf|^2 =  1.721E-12

      iter #   4 total cpu time :180717.2 secs   av.it.:  17.0
      thresh= 1.312E-07 alpha_mix =  0.700 |ddv_scf|^2 =  5.294E-13

      iter #   5 total cpu time :180934.0 secs   av.it.:  16.6
      thresh= 7.276E-08 alpha_mix =  0.700 |ddv_scf|^2 =  4.161E-14

      iter #   6 total cpu time :181149.2 secs   av.it.:  16.0
      thresh= 2.040E-08 alpha_mix =  0.700 |ddv_scf|^2 =  3.059E-15

     End of self-consistent calculation

     Convergence has been achieved 


     Representation #  18 modes #  35  36

     Self-consistent Calculation

      iter #   1 total cpu time :181259.2 secs   av.it.:   5.0
      thresh= 1.000E-02 alpha_mix =  0.700 |ddv_scf|^2 =  7.401E-09

      iter #   2 total cpu time :181475.6 secs   av.it.:  16.9
      thresh= 8.603E-06 alpha_mix =  0.700 |ddv_scf|^2 =  3.836E-09

      iter #   3 total cpu time :181682.9 secs   av.it.:  16.0
      thresh= 6.193E-06 alpha_mix =  0.700 |ddv_scf|^2 =  4.076E-12

      iter #   4 total cpu time :181907.9 secs   av.it.:  17.0
      thresh= 2.019E-07 alpha_mix =  0.700 |ddv_scf|^2 =  4.364E-13

      iter #   5 total cpu time :182130.1 secs   av.it.:  17.0
      thresh= 6.606E-08 alpha_mix =  0.700 |ddv_scf|^2 =  1.238E-13

      iter #   6 total cpu time :182341.3 secs   av.it.:  16.0
      thresh= 3.519E-08 alpha_mix =  0.700 |ddv_scf|^2 =  1.025E-14

      iter #   7 total cpu time :182549.0 secs   av.it.:  16.0
      thresh= 1.013E-08 alpha_mix =  0.700 |ddv_scf|^2 =  7.251E-16

     End of self-consistent calculation

     Convergence has been achieved 


     Representation #  19 modes #  37  38

     Self-consistent Calculation

      iter #   1 total cpu time :182644.7 secs   av.it.:   3.9
      thresh= 1.000E-02 alpha_mix =  0.700 |ddv_scf|^2 =  1.593E-09

      iter #   2 total cpu time :182857.1 secs   av.it.:  16.8
      thresh= 3.991E-06 alpha_mix =  0.700 |ddv_scf|^2 =  1.121E-09

      iter #   3 total cpu time :183062.5 secs   av.it.:  16.0
      thresh= 3.349E-06 alpha_mix =  0.700 |ddv_scf|^2 =  1.857E-11

      iter #   4 total cpu time :183270.3 secs   av.it.:  15.9
      thresh= 4.309E-07 alpha_mix =  0.700 |ddv_scf|^2 =  7.818E-13

      iter #   5 total cpu time :183483.3 secs   av.it.:  16.6
      thresh= 8.842E-08 alpha_mix =  0.700 |ddv_scf|^2 =  8.089E-14

      iter #   6 total cpu time :183691.2 secs   av.it.:  16.0
      thresh= 2.844E-08 alpha_mix =  0.700 |ddv_scf|^2 =  2.228E-14

      iter #   7 total cpu time :183899.3 secs   av.it.:  15.6
      thresh= 1.493E-08 alpha_mix =  0.700 |ddv_scf|^2 =  2.091E-16

     End of self-consistent calculation

     Convergence has been achieved 


     Representation #  20 modes #  39  40

     Self-consistent Calculation

      iter #   1 total cpu time :184008.8 secs   av.it.:   4.9
      thresh= 1.000E-02 alpha_mix =  0.700 |ddv_scf|^2 =  5.213E-09

      iter #   2 total cpu time :184229.1 secs   av.it.:  16.9
      thresh= 7.220E-06 alpha_mix =  0.700 |ddv_scf|^2 =  4.830E-09

      iter #   3 total cpu time :184433.4 secs   av.it.:  15.0
      thresh= 6.950E-06 alpha_mix =  0.700 |ddv_scf|^2 =  9.106E-11

      iter #   4 total cpu time :184645.7 secs   av.it.:  16.0
      thresh= 9.543E-07 alpha_mix =  0.700 |ddv_scf|^2 =  1.762E-12

      iter #   5 total cpu time :184866.4 secs   av.it.:  16.9
      thresh= 1.327E-07 alpha_mix =  0.700 |ddv_scf|^2 =  2.328E-13

      iter #   6 total cpu time :185088.2 secs   av.it.:  16.9
      thresh= 4.825E-08 alpha_mix =  0.700 |ddv_scf|^2 =  1.443E-14

      iter #   7 total cpu time :185311.3 secs   av.it.:  17.0
      thresh= 1.201E-08 alpha_mix =  0.700 |ddv_scf|^2 =  1.136E-15

     End of self-consistent calculation

     Convergence has been achieved 


     Representation #  21 modes #  41  42

     Self-consistent Calculation

      iter #   1 total cpu time :185401.9 secs   av.it.:   3.0
      thresh= 1.000E-02 alpha_mix =  0.700 |ddv_scf|^2 =  1.163E-09

      iter #   2 total cpu time :185615.5 secs   av.it.:  16.0
      thresh= 3.410E-06 alpha_mix =  0.700 |ddv_scf|^2 =  8.747E-10

      iter #   3 total cpu time :185813.9 secs   av.it.:  15.0
      thresh= 2.958E-06 alpha_mix =  0.700 |ddv_scf|^2 =  1.166E-11

      iter #   4 total cpu time :186021.0 secs   av.it.:  16.0
      thresh= 3.415E-07 alpha_mix =  0.700 |ddv_scf|^2 =  6.372E-13

      iter #   5 total cpu time :186233.8 secs   av.it.:  16.1
      thresh= 7.983E-08 alpha_mix =  0.700 |ddv_scf|^2 =  2.956E-14

      iter #   6 total cpu time :186446.4 secs   av.it.:  16.0
      thresh= 1.719E-08 alpha_mix =  0.700 |ddv_scf|^2 =  4.910E-15

     End of self-consistent calculation

     Convergence has been achieved 


     Representation #  22 modes #  43  44

     Self-consistent Calculation

      iter #   1 total cpu time :186539.4 secs   av.it.:   3.2
      thresh= 1.000E-02 alpha_mix =  0.700 |ddv_scf|^2 =  2.552E-09

      iter #   2 total cpu time :186746.7 secs   av.it.:  16.0
      thresh= 5.052E-06 alpha_mix =  0.700 |ddv_scf|^2 =  2.959E-09

      iter #   3 total cpu time :186940.0 secs   av.it.:  15.0
      thresh= 5.439E-06 alpha_mix =  0.700 |ddv_scf|^2 =  7.541E-12

      iter #   4 total cpu time :187153.2 secs   av.it.:  16.9
      thresh= 2.746E-07 alpha_mix =  0.700 |ddv_scf|^2 =  5.680E-13

      iter #   5 total cpu time :187364.0 secs   av.it.:  16.5
      thresh= 7.537E-08 alpha_mix =  0.700 |ddv_scf|^2 =  2.849E-14

      iter #   6 total cpu time :187576.3 secs   av.it.:  16.8
      thresh= 1.688E-08 alpha_mix =  0.700 |ddv_scf|^2 =  4.484E-15

     End of self-consistent calculation

     Convergence has been achieved 


     Representation #  23 modes #  45  46

     Self-consistent Calculation

      iter #   1 total cpu time :187666.3 secs   av.it.:   3.0
      thresh= 1.000E-02 alpha_mix =  0.700 |ddv_scf|^2 =  2.895E-10

      iter #   2 total cpu time :187880.0 secs   av.it.:  16.9
      thresh= 1.702E-06 alpha_mix =  0.700 |ddv_scf|^2 =  1.103E-10

      iter #   3 total cpu time :188085.2 secs   av.it.:  16.0
      thresh= 1.050E-06 alpha_mix =  0.700 |ddv_scf|^2 =  6.585E-12

      iter #   4 total cpu time :188285.6 secs   av.it.:  15.7
      thresh= 2.566E-07 alpha_mix =  0.700 |ddv_scf|^2 =  3.959E-13

      iter #   5 total cpu time :188497.5 secs   av.it.:  16.7
      thresh= 6.292E-08 alpha_mix =  0.700 |ddv_scf|^2 =  1.946E-14

      iter #   6 total cpu time :188710.9 secs   av.it.:  16.8
      thresh= 1.395E-08 alpha_mix =  0.700 |ddv_scf|^2 =  1.481E-15

     End of self-consistent calculation

     Convergence has been achieved 


     Representation #  24 modes #  47  48

     Self-consistent Calculation

      iter #   1 total cpu time :188800.2 secs   av.it.:   3.0
      thresh= 1.000E-02 alpha_mix =  0.700 |ddv_scf|^2 =  1.639E-09

      iter #   2 total cpu time :189007.1 secs   av.it.:  16.0
      thresh= 4.048E-06 alpha_mix =  0.700 |ddv_scf|^2 =  1.622E-09

      iter #   3 total cpu time :189204.7 secs   av.it.:  15.0
      thresh= 4.027E-06 alpha_mix =  0.700 |ddv_scf|^2 =  6.321E-12

      iter #   4 total cpu time :189415.3 secs   av.it.:  16.7
      thresh= 2.514E-07 alpha_mix =  0.700 |ddv_scf|^2 =  4.473E-13

      iter #   5 total cpu time :189629.1 secs   av.it.:  16.9
      thresh= 6.688E-08 alpha_mix =  0.700 |ddv_scf|^2 =  1.833E-14

      iter #   6 total cpu time :189844.6 secs   av.it.:  16.6
      thresh= 1.354E-08 alpha_mix =  0.700 |ddv_scf|^2 =  1.524E-15

     End of self-consistent calculation

     Convergence has been achieved 


     Representation #  25 modes #  49  50

     Self-consistent Calculation

      iter #   1 total cpu time :189950.6 secs   av.it.:   4.1
      thresh= 1.000E-02 alpha_mix =  0.700 |ddv_scf|^2 =  3.317E-09

      iter #   2 total cpu time :190168.3 secs   av.it.:  17.0
      thresh= 5.759E-06 alpha_mix =  0.700 |ddv_scf|^2 =  2.500E-09

      iter #   3 total cpu time :190368.4 secs   av.it.:  15.0
      thresh= 5.000E-06 alpha_mix =  0.700 |ddv_scf|^2 =  6.776E-11

      iter #   4 total cpu time :190576.1 secs   av.it.:  16.0
      thresh= 8.232E-07 alpha_mix =  0.700 |ddv_scf|^2 =  1.123E-12

      iter #   5 total cpu time :190793.3 secs   av.it.:  17.0
      thresh= 1.060E-07 alpha_mix =  0.700 |ddv_scf|^2 =  1.681E-13

      iter #   6 total cpu time :191014.9 secs   av.it.:  17.0
      thresh= 4.101E-08 alpha_mix =  0.700 |ddv_scf|^2 =  8.755E-15

     End of self-consistent calculation

     Convergence has been achieved 


     Representation #  26 modes #  51  52

     Self-consistent Calculation

      iter #   1 total cpu time :191113.1 secs   av.it.:   4.0
      thresh= 1.000E-02 alpha_mix =  0.700 |ddv_scf|^2 =  4.340E-09

      iter #   2 total cpu time :191329.0 secs   av.it.:  16.0
      thresh= 6.588E-06 alpha_mix =  0.700 |ddv_scf|^2 =  4.973E-09

      iter #   3 total cpu time :191531.8 secs   av.it.:  15.0
      thresh= 7.052E-06 alpha_mix =  0.700 |ddv_scf|^2 =  1.368E-11

      iter #   4 total cpu time :191750.9 secs   av.it.:  16.1
      thresh= 3.699E-07 alpha_mix =  0.700 |ddv_scf|^2 =  6.082E-13

      iter #   5 total cpu time :191971.3 secs   av.it.:  16.9
      thresh= 7.799E-08 alpha_mix =  0.700 |ddv_scf|^2 =  1.070E-13

      iter #   6 total cpu time :192177.4 secs   av.it.:  15.9
      thresh= 3.271E-08 alpha_mix =  0.700 |ddv_scf|^2 =  1.150E-14

      iter #   7 total cpu time :192384.2 secs   av.it.:  16.0
      thresh= 1.072E-08 alpha_mix =  0.700 |ddv_scf|^2 =  1.495E-16

     End of self-consistent calculation

     Convergence has been achieved 


     Representation #  27 modes #  53  54

     Self-consistent Calculation

      iter #   1 total cpu time :192514.6 secs   av.it.:   6.6
      thresh= 1.000E-02 alpha_mix =  0.700 |ddv_scf|^2 =  1.484E-07

      iter #   2 total cpu time :192728.0 secs   av.it.:  16.0
      thresh= 3.852E-05 alpha_mix =  0.700 |ddv_scf|^2 =  1.845E-07

      iter #   3 total cpu time :192926.3 secs   av.it.:  15.0
      thresh= 4.295E-05 alpha_mix =  0.700 |ddv_scf|^2 =  2.746E-10

      iter #   4 total cpu time :193139.1 secs   av.it.:  16.3
      thresh= 1.657E-06 alpha_mix =  0.700 |ddv_scf|^2 =  1.106E-11

      iter #   5 total cpu time :193353.8 secs   av.it.:  16.9
      thresh= 3.326E-07 alpha_mix =  0.700 |ddv_scf|^2 =  7.779E-13

      iter #   6 total cpu time :193571.8 secs   av.it.:  17.0
      thresh= 8.820E-08 alpha_mix =  0.700 |ddv_scf|^2 =  9.553E-14

      iter #   7 total cpu time :193779.7 secs   av.it.:  16.0
      thresh= 3.091E-08 alpha_mix =  0.700 |ddv_scf|^2 =  7.812E-15

     End of self-consistent calculation

     Convergence has been achieved 


     Representation #  28 modes #  55  56

     Self-consistent Calculation

      iter #   1 total cpu time :193870.7 secs   av.it.:   3.0
      thresh= 1.000E-02 alpha_mix =  0.700 |ddv_scf|^2 =  2.820E-09

      iter #   2 total cpu time :194077.8 secs   av.it.:  16.0
      thresh= 5.310E-06 alpha_mix =  0.700 |ddv_scf|^2 =  2.969E-09

      iter #   3 total cpu time :194274.7 secs   av.it.:  15.0
      thresh= 5.449E-06 alpha_mix =  0.700 |ddv_scf|^2 =  7.251E-12

      iter #   4 total cpu time :194492.4 secs   av.it.:  16.9
      thresh= 2.693E-07 alpha_mix =  0.700 |ddv_scf|^2 =  5.421E-13

      iter #   5 total cpu time :194707.9 secs   av.it.:  16.9
      thresh= 7.363E-08 alpha_mix =  0.700 |ddv_scf|^2 =  4.301E-14

      iter #   6 total cpu time :194918.4 secs   av.it.:  16.0
      thresh= 2.074E-08 alpha_mix =  0.700 |ddv_scf|^2 =  4.641E-15

     End of self-consistent calculation

     Convergence has been achieved 


     Representation #  29 modes #  57  58

     Self-consistent Calculation

      iter #   1 total cpu time :195011.7 secs   av.it.:   3.2
      thresh= 1.000E-02 alpha_mix =  0.700 |ddv_scf|^2 =  8.816E-10

      iter #   2 total cpu time :195225.9 secs   av.it.:  16.1
      thresh= 2.969E-06 alpha_mix =  0.700 |ddv_scf|^2 =  7.063E-10

      iter #   3 total cpu time :195430.1 secs   av.it.:  15.0
      thresh= 2.658E-06 alpha_mix =  0.700 |ddv_scf|^2 =  5.919E-12

      iter #   4 total cpu time :195645.7 secs   av.it.:  16.4
      thresh= 2.433E-07 alpha_mix =  0.700 |ddv_scf|^2 =  7.651E-13

      iter #   5 total cpu time :195859.5 secs   av.it.:  16.1
      thresh= 8.747E-08 alpha_mix =  0.700 |ddv_scf|^2 =  1.504E-14

      iter #   6 total cpu time :196079.1 secs   av.it.:  16.8
      thresh= 1.226E-08 alpha_mix =  0.700 |ddv_scf|^2 =  1.119E-15

     End of self-consistent calculation

     Convergence has been achieved 


     Representation #  30 modes #  59  60

     Self-consistent Calculation

      iter #   1 total cpu time :196187.4 secs   av.it.:   5.0
      thresh= 1.000E-02 alpha_mix =  0.700 |ddv_scf|^2 =  1.365E-08

      iter #   2 total cpu time :196397.7 secs   av.it.:  16.0
      thresh= 1.168E-05 alpha_mix =  0.700 |ddv_scf|^2 =  1.628E-08

      iter #   3 total cpu time :196592.0 secs   av.it.:  15.0
      thresh= 1.276E-05 alpha_mix =  0.700 |ddv_scf|^2 =  3.552E-11

      iter #   4 total cpu time :196809.4 secs   av.it.:  17.0
      thresh= 5.960E-07 alpha_mix =  0.700 |ddv_scf|^2 =  6.099E-12

      iter #   5 total cpu time :197019.1 secs   av.it.:  16.0
      thresh= 2.470E-07 alpha_mix =  0.700 |ddv_scf|^2 =  1.878E-13

      iter #   6 total cpu time :197237.1 secs   av.it.:  17.0
      thresh= 4.334E-08 alpha_mix =  0.700 |ddv_scf|^2 =  1.925E-14

      iter #   7 total cpu time :197450.8 secs   av.it.:  16.5
      thresh= 1.387E-08 alpha_mix =  0.700 |ddv_scf|^2 =  4.993E-16

     End of self-consistent calculation

     Convergence has been achieved 


     Representation #  31 modes #  61  62

     Self-consistent Calculation

      iter #   1 total cpu time :197546.0 secs   av.it.:   3.4
      thresh= 1.000E-02 alpha_mix =  0.700 |ddv_scf|^2 =  1.371E-09

      iter #   2 total cpu time :197762.5 secs   av.it.:  16.9
      thresh= 3.703E-06 alpha_mix =  0.700 |ddv_scf|^2 =  9.890E-10

      iter #   3 total cpu time :197966.9 secs   av.it.:  15.7
      thresh= 3.145E-06 alpha_mix =  0.700 |ddv_scf|^2 =  7.412E-12

      iter #   4 total cpu time :198179.2 secs   av.it.:  16.0
      thresh= 2.723E-07 alpha_mix =  0.700 |ddv_scf|^2 =  7.845E-13

      iter #   5 total cpu time :198395.2 secs   av.it.:  16.0
      thresh= 8.857E-08 alpha_mix =  0.700 |ddv_scf|^2 =  3.787E-14

      iter #   6 total cpu time :198616.1 secs   av.it.:  16.9
      thresh= 1.946E-08 alpha_mix =  0.700 |ddv_scf|^2 =  5.411E-15

     End of self-consistent calculation

     Convergence has been achieved 


     Representation #  32 modes #  63  64

     Self-consistent Calculation

      iter #   1 total cpu time :198708.6 secs   av.it.:   3.0
      thresh= 1.000E-02 alpha_mix =  0.700 |ddv_scf|^2 =  3.103E-10

      iter #   2 total cpu time :198935.2 secs   av.it.:  17.0
      thresh= 1.762E-06 alpha_mix =  0.700 |ddv_scf|^2 =  9.790E-11

      iter #   3 total cpu time :199152.5 secs   av.it.:  16.8
      thresh= 9.894E-07 alpha_mix =  0.700 |ddv_scf|^2 =  2.948E-12

      iter #   4 total cpu time :199368.3 secs   av.it.:  16.6
      thresh= 1.717E-07 alpha_mix =  0.700 |ddv_scf|^2 =  3.254E-13

      iter #   5 total cpu time :199576.7 secs   av.it.:  16.0
      thresh= 5.705E-08 alpha_mix =  0.700 |ddv_scf|^2 =  3.205E-14

      iter #   6 total cpu time :199783.3 secs   av.it.:  16.0
      thresh= 1.790E-08 alpha_mix =  0.700 |ddv_scf|^2 =  2.226E-15

     End of self-consistent calculation

     Convergence has been achieved 


     Representation #  33 modes #  65  66

     Self-consistent Calculation

      iter #   1 total cpu time :199876.6 secs   av.it.:   3.1
      thresh= 1.000E-02 alpha_mix =  0.700 |ddv_scf|^2 =  6.798E-10

      iter #   2 total cpu time :200097.2 secs   av.it.:  17.0
      thresh= 2.607E-06 alpha_mix =  0.700 |ddv_scf|^2 =  5.441E-10

      iter #   3 total cpu time :200302.9 secs   av.it.:  15.9
      thresh= 2.333E-06 alpha_mix =  0.700 |ddv_scf|^2 =  5.610E-12

      iter #   4 total cpu time :200518.9 secs   av.it.:  16.8
      thresh= 2.369E-07 alpha_mix =  0.700 |ddv_scf|^2 =  9.704E-13

      iter #   5 total cpu time :200732.7 secs   av.it.:  16.0
      thresh= 9.851E-08 alpha_mix =  0.700 |ddv_scf|^2 =  2.952E-14

      iter #   6 total cpu time :200948.3 secs   av.it.:  16.8
      thresh= 1.718E-08 alpha_mix =  0.700 |ddv_scf|^2 =  2.201E-15

     End of self-consistent calculation

     Convergence has been achieved 

     Number of q in the star =    1
     List of q in the star:
          1  -0.500000000   0.000000000   0.000000000

     Diagonalizing the dynamical matrix

     q = (   -0.500000000   0.000000000   0.000000000 ) 

 **************************************************************************
     freq (    1) =       1.324279 [THz] =      44.173182 [cm-1]
     freq (    2) =       1.324279 [THz] =      44.173182 [cm-1]
     freq (    3) =       1.449915 [THz] =      48.363971 [cm-1]
     freq (    4) =       1.449915 [THz] =      48.363971 [cm-1]
     freq (    5) =       1.862149 [THz] =      62.114594 [cm-1]
     freq (    6) =       1.862149 [THz] =      62.114594 [cm-1]
     freq (    7) =       3.937035 [THz] =     131.325354 [cm-1]
     freq (    8) =       3.937035 [THz] =     131.325354 [cm-1]
     freq (    9) =       5.375835 [THz] =     179.318554 [cm-1]
     freq (   10) =       5.375835 [THz] =     179.318554 [cm-1]
     freq (   11) =       6.032706 [THz] =     201.229412 [cm-1]
     freq (   12) =       6.032706 [THz] =     201.229412 [cm-1]
     freq (   13) =       6.494631 [THz] =     216.637561 [cm-1]
     freq (   14) =       6.494631 [THz] =     216.637561 [cm-1]
     freq (   15) =       7.166892 [THz] =     239.061789 [cm-1]
     freq (   16) =       7.166892 [THz] =     239.061789 [cm-1]
     freq (   17) =       8.251019 [THz] =     275.224373 [cm-1]
     freq (   18) =       8.251019 [THz] =     275.224373 [cm-1]
     freq (   19) =       8.341920 [THz] =     278.256498 [cm-1]
     freq (   20) =       8.341920 [THz] =     278.256498 [cm-1]
     freq (   21) =       8.797649 [THz] =     293.457972 [cm-1]
     freq (   22) =       8.797649 [THz] =     293.457972 [cm-1]
     freq (   23) =       9.125165 [THz] =     304.382741 [cm-1]
     freq (   24) =       9.125165 [THz] =     304.382741 [cm-1]
     freq (   25) =       9.674038 [THz] =     322.691173 [cm-1]
     freq (   26) =       9.674038 [THz] =     322.691173 [cm-1]
     freq (   27) =      12.145942 [THz] =     405.145016 [cm-1]
     freq (   28) =      12.145942 [THz] =     405.145016 [cm-1]
     freq (   29) =      12.489138 [THz] =     416.592804 [cm-1]
     freq (   30) =      12.489138 [THz] =     416.592804 [cm-1]
     freq (   31) =      30.480838 [THz] =    1016.731302 [cm-1]
     freq (   32) =      30.480838 [THz] =    1016.731302 [cm-1]
     freq (   33) =      30.698113 [THz] =    1023.978819 [cm-1]
     freq (   34) =      30.698113 [THz] =    1023.978819 [cm-1]
     freq (   35) =      31.978716 [THz] =    1066.695132 [cm-1]
     freq (   36) =      31.978716 [THz] =    1066.695132 [cm-1]
     freq (   37) =      32.320322 [THz] =    1078.089893 [cm-1]
     freq (   38) =      32.320322 [THz] =    1078.089893 [cm-1]
     freq (   39) =      32.502719 [THz] =    1084.174018 [cm-1]
     freq (   40) =      32.502719 [THz] =    1084.174018 [cm-1]
     freq (   41) =      32.688365 [THz] =    1090.366489 [cm-1]
     freq (   42) =      32.688365 [THz] =    1090.366489 [cm-1]
     freq (   43) =      35.746241 [THz] =    1192.366254 [cm-1]
     freq (   44) =      35.746241 [THz] =    1192.366254 [cm-1]
     freq (   45) =      35.803687 [THz] =    1194.282455 [cm-1]
     freq (   46) =      35.803687 [THz] =    1194.282455 [cm-1]
     freq (   47) =      36.403346 [THz] =    1214.284932 [cm-1]
     freq (   48) =      36.403346 [THz] =    1214.284932 [cm-1]
     freq (   49) =      36.681082 [THz] =    1223.549182 [cm-1]
     freq (   50) =      36.681082 [THz] =    1223.549182 [cm-1]
     freq (   51) =      68.413131 [THz] =    2282.016423 [cm-1]
     freq (   52) =      68.413131 [THz] =    2282.016423 [cm-1]
     freq (   53) =      68.588498 [THz] =    2287.866019 [cm-1]
     freq (   54) =      68.588498 [THz] =    2287.866019 [cm-1]
     freq (   55) =      70.103077 [THz] =    2338.386934 [cm-1]
     freq (   56) =      70.103077 [THz] =    2338.386934 [cm-1]
     freq (   57) =      70.268827 [THz] =    2343.915754 [cm-1]
     freq (   58) =      70.268827 [THz] =    2343.915754 [cm-1]
     freq (   59) =      70.677754 [THz] =    2357.556108 [cm-1]
     freq (   60) =      70.677754 [THz] =    2357.556108 [cm-1]
     freq (   61) =      70.939687 [THz] =    2366.293253 [cm-1]
     freq (   62) =      70.939687 [THz] =    2366.293253 [cm-1]
     freq (   63) =      71.275105 [THz] =    2377.481587 [cm-1]
     freq (   64) =      71.275105 [THz] =    2377.481587 [cm-1]
     freq (   65) =      71.294667 [THz] =    2378.134116 [cm-1]
     freq (   66) =      71.294667 [THz] =    2378.134116 [cm-1]
 **************************************************************************

     Calculation of q =   -0.5000000   0.0000000  -0.7989450

     Parallelization info
     --------------------
     sticks:   dense  smooth     PW     G-vecs:    dense   smooth      PW
     Min         501     250     68                26015     9198    1314
     Max         503     251     69                26017     9201    1317
     Sum       12031    6005   1643               624371   220763   31579

     Using Slab Decomposition



     bravais-lattice index     =            8
     lattice parameter (alat)  =      13.8222  a.u.
     unit-cell volume          =    1633.8810 (a.u.)^3
     number of atoms/cell      =           22
     number of atomic types    =            3
     number of electrons       =        48.00
     number of Kohn-Sham states=           24
     kinetic-energy cutoff     =     100.0000  Ry
     charge density cutoff     =     800.0000  Ry
     Exchange-correlation= PBESOL
                           (   1   4  10   8   0   0   0)

     celldm(1)=  13.822166  celldm(2)=   0.988642  celldm(3)=   0.625825
     celldm(4)=   0.000000  celldm(5)=   0.000000  celldm(6)=   0.000000

     crystal axes: (cart. coord. in units of alat)
               a(1) = (   1.000000   0.000000   0.000000 )  
               a(2) = (   0.000000   0.988642   0.000000 )  
               a(3) = (   0.000000   0.000000   0.625825 )  

     reciprocal axes: (cart. coord. in units 2 pi/alat)
               b(1) = (  1.000000  0.000000  0.000000 )  
               b(2) = (  0.000000  1.011489  0.000000 )  
               b(3) = (  0.000000  0.000000  1.597890 )  


     PseudoPot. # 1 for B  read from file:
     /home/mehlhorn/pseudos/b_pbesol_v1.4.uspp.F.UPF
     MD5 check sum: 369b69bef2c3aeed4453bd8b804fd6a8
     Pseudo is Ultrasoft + core correction, Zval =  3.0
     Generated by new atomic code, or converted to UPF format
     Using radial grid of  781 points,  4 beta functions with: 
                l(1) =   0
                l(2) =   0
                l(3) =   1
                l(4) =   1
     Q(r) pseudized with  8 coefficients,  rinner =    1.100   1.100   1.100


     PseudoPot. # 2 for Ba read from file:
     /home/mehlhorn/pseudos/Ba.nc.z_10.oncvpsp4.dojo.v4-sp.upf
     MD5 check sum: c10ed334bb677c0554edec7181ce9143
     Pseudo is Norm-conserving + core correction, Zval = 10.0
     Generated using ONCVPSP code by D. R. Hamann
     Using radial grid of 1938 points,  8 beta functions with: 
                l(1) =   0
                l(2) =   0
                l(3) =   1
                l(4) =   1
                l(5) =   2
                l(6) =   2
                l(7) =   3
                l(8) =   3

     PseudoPot. # 3 for H  read from file:
     /home/mehlhorn/pseudos/H_ONCV_PBEsol-1.0.upf
     MD5 check sum: 398ef8f67c0a7342c05c87c5e19ea467
     Pseudo is Norm-conserving, Zval =  1.0
     Generated using ONCVPSP code by D. R. Hamann
     Using radial grid of 1180 points,  2 beta functions with: 
                l(1) =   0
                l(2) =   0

     atomic species   valence    mass     pseudopotential
     B                 3.00    10.81100     B ( 1.00)
     Ba               10.00   137.32700     Ba( 1.00)
     H                 1.00     1.00794     H ( 1.00)

      4 Sym. Ops. (no inversion) found



   Cartesian axes

     site n.     atom                  positions (alat units)
         1        Ba     tau(   1) = (   0.5000000   0.4943209   0.3129269  )
         2        Ba     tau(   2) = (   0.0000000   0.0000000   0.6258110  )
         3        B      tau(   3) = (   0.6506416   0.2739151   0.0000135  )
         4        B      tau(   4) = (   0.3493584   0.7147268   0.0000135  )
         5        B      tau(   5) = (   0.1506416   0.2204059   0.3128991  )
         6        B      tau(   6) = (   0.8493584   0.7682360   0.3128991  )
         7        H      tau(   7) = (   0.4819832   0.2783418   0.0000138  )
         8        H      tau(   8) = (   0.5180168   0.7103001   0.0000138  )
         9        H      tau(   9) = (   0.9819832   0.2159792   0.3128988  )
        10        H      tau(  10) = (   0.0180168   0.7726627   0.3128988  )
        11        H      tau(  11) = (   0.7124279   0.4312567   0.0000147  )
        12        H      tau(  12) = (   0.2875721   0.5573851   0.0000147  )
        13        H      tau(  13) = (   0.2124279   0.0630642   0.3128979  )
        14        H      tau(  14) = (   0.7875721   0.9255777   0.3128979  )
        15        H      tau(  15) = (   0.7007933   0.1949551   0.4861041  )
        16        H      tau(  16) = (   0.2992067   0.7936867   0.4861041  )
        17        H      tau(  17) = (   0.2007933   0.2993658   0.4526338  )
        18        H      tau(  18) = (   0.7992067   0.6892760   0.4526338  )
        19        H      tau(  19) = (   0.2991845   0.7936807   0.1397434  )
        20        H      tau(  20) = (   0.7008155   0.1949611   0.1397434  )
        21        H      tau(  21) = (   0.7991845   0.6892821   0.1731692  )
        22        H      tau(  22) = (   0.2008155   0.2993598   0.1731692  )

     number of k points=    54
                       cart. coord. in units 2pi/alat
        k(    1) = (   0.0000000   0.0000000   0.0000000), wk =   0.0160000
        k(    2) = (  -0.5000000   0.0000000  -0.7989450), wk =   0.0000000
        k(    3) = (   0.0000000   0.0000000   0.3195780), wk =   0.0320000
        k(    4) = (  -0.5000000   0.0000000  -0.4793670), wk =   0.0000000
        k(    5) = (   0.0000000   0.0000000   0.6391560), wk =   0.0320000
        k(    6) = (  -0.5000000   0.0000000  -0.1597890), wk =   0.0000000
        k(    7) = (   0.0000000   0.2022977   0.0000000), wk =   0.0320000
        k(    8) = (  -0.5000000   0.2022977  -0.7989450), wk =   0.0000000
        k(    9) = (   0.0000000   0.2022977   0.3195780), wk =   0.0640000
        k(   10) = (  -0.5000000   0.2022977  -0.4793670), wk =   0.0000000
        k(   11) = (   0.0000000   0.2022977   0.6391560), wk =   0.0640000
        k(   12) = (  -0.5000000   0.2022977  -0.1597890), wk =   0.0000000
        k(   13) = (   0.0000000   0.4045955   0.0000000), wk =   0.0320000
        k(   14) = (  -0.5000000   0.4045955  -0.7989450), wk =   0.0000000
        k(   15) = (   0.0000000   0.4045955   0.3195780), wk =   0.0640000
        k(   16) = (  -0.5000000   0.4045955  -0.4793670), wk =   0.0000000
        k(   17) = (   0.0000000   0.4045955   0.6391560), wk =   0.0640000
        k(   18) = (  -0.5000000   0.4045955  -0.1597890), wk =   0.0000000
        k(   19) = (   0.2000000   0.0000000   0.0000000), wk =   0.0320000
        k(   20) = (  -0.3000000   0.0000000  -0.7989450), wk =   0.0000000
        k(   21) = (   0.2000000   0.0000000   0.3195780), wk =   0.0640000
        k(   22) = (  -0.3000000   0.0000000  -0.4793670), wk =   0.0000000
        k(   23) = (   0.2000000   0.0000000   0.6391560), wk =   0.0640000
        k(   24) = (  -0.3000000   0.0000000  -0.1597890), wk =   0.0000000
        k(   25) = (   0.2000000   0.2022977   0.0000000), wk =   0.0640000
        k(   26) = (  -0.3000000   0.2022977  -0.7989450), wk =   0.0000000
        k(   27) = (   0.2000000   0.2022977   0.3195780), wk =   0.1280000
        k(   28) = (  -0.3000000   0.2022977  -0.4793670), wk =   0.0000000
        k(   29) = (   0.2000000   0.2022977   0.6391560), wk =   0.1280000
        k(   30) = (  -0.3000000   0.2022977  -0.1597890), wk =   0.0000000
        k(   31) = (   0.2000000   0.4045955   0.0000000), wk =   0.0640000
        k(   32) = (  -0.3000000   0.4045955  -0.7989450), wk =   0.0000000
        k(   33) = (   0.2000000   0.4045955   0.3195780), wk =   0.1280000
        k(   34) = (  -0.3000000   0.4045955  -0.4793670), wk =   0.0000000
        k(   35) = (   0.2000000   0.4045955   0.6391560), wk =   0.1280000
        k(   36) = (  -0.3000000   0.4045955  -0.1597890), wk =   0.0000000
        k(   37) = (   0.4000000   0.0000000   0.0000000), wk =   0.0320000
        k(   38) = (  -0.1000000   0.0000000  -0.7989450), wk =   0.0000000
        k(   39) = (   0.4000000   0.0000000   0.3195780), wk =   0.0640000
        k(   40) = (  -0.1000000   0.0000000  -0.4793670), wk =   0.0000000
        k(   41) = (   0.4000000   0.0000000   0.6391560), wk =   0.0640000
        k(   42) = (  -0.1000000   0.0000000  -0.1597890), wk =   0.0000000
        k(   43) = (   0.4000000   0.2022977   0.0000000), wk =   0.0640000
        k(   44) = (  -0.1000000   0.2022977  -0.7989450), wk =   0.0000000
        k(   45) = (   0.4000000   0.2022977   0.3195780), wk =   0.1280000
        k(   46) = (  -0.1000000   0.2022977  -0.4793670), wk =   0.0000000
        k(   47) = (   0.4000000   0.2022977   0.6391560), wk =   0.1280000
        k(   48) = (  -0.1000000   0.2022977  -0.1597890), wk =   0.0000000
        k(   49) = (   0.4000000   0.4045955   0.0000000), wk =   0.0640000
        k(   50) = (  -0.1000000   0.4045955  -0.7989450), wk =   0.0000000
        k(   51) = (   0.4000000   0.4045955   0.3195780), wk =   0.1280000
        k(   52) = (  -0.1000000   0.4045955  -0.4793670), wk =   0.0000000
        k(   53) = (   0.4000000   0.4045955   0.6391560), wk =   0.1280000
        k(   54) = (  -0.1000000   0.4045955  -0.1597890), wk =   0.0000000

     Dense  grid:   624371 G-vectors     FFT dimensions: ( 128, 128,  80)

     Smooth grid:   220763 G-vectors     FFT dimensions: (  90,  90,  60)

     Estimated max dynamical RAM per process >      55.66 MB

     Estimated total dynamical RAM >       1.30 GB

     The potential is recalculated from file :
     ./_ph0/pwscf.q_6/pwscf.save/charge-density

     Starting wfcs are   42 atomic wfcs

     Band Structure Calculation
     Davidson diagonalization with overlap

     ethr =  2.08E-11,  avg # of iterations = 21.9

     total cpu time spent up to now is     1153.3 secs

     End of band structure calculation

          k = 0.0000 0.0000 0.0000 ( 27547 PWs)   bands (ev):

   -24.8759 -24.8714 -10.3628 -10.3402 -10.1339 -10.1139 -10.0376  -9.9953
    -6.7247  -5.9369  -5.4217  -5.3923  -2.5156  -1.4858  -1.3760  -1.2777
    -1.1822  -0.9955  -0.9748  -0.7035  -0.4711  -0.3095  -0.1927  -0.1718

          k =-0.5000 0.0000-0.7989 ( 27580 PWs)   bands (ev):

   -24.8585 -24.8585 -10.5647 -10.5647 -10.1369 -10.1369 -10.1101 -10.1101
    -5.9419  -5.9419  -5.3551  -5.3551  -2.4618  -2.4618  -1.4168  -1.4168
    -0.8441  -0.8441  -0.7063  -0.7063  -0.5608  -0.5608  -0.4451  -0.4451

          k = 0.0000 0.0000 0.3196 ( 27557 PWs)   bands (ev):

   -24.8703 -24.8666 -10.3025 -10.2841 -10.2328 -10.2112 -10.1198 -10.1041
    -6.3758  -5.7099  -5.5483  -5.5250  -2.2117  -1.8780  -1.7454  -1.2539
    -1.0751  -1.0306  -0.7953  -0.6434  -0.5392  -0.3695  -0.3294  -0.2777

          k =-0.5000 0.0000-0.4794 ( 27602 PWs)   bands (ev):

   -24.8638 -24.8638 -10.4052 -10.4052 -10.1936 -10.1936 -10.1276 -10.1276
    -5.8705  -5.8705  -5.5953  -5.5953  -2.1155  -2.1155  -1.5486  -1.5486
    -0.8448  -0.8448  -0.7540  -0.7540  -0.5474  -0.5474  -0.4341  -0.4341

          k = 0.0000 0.0000 0.6392 ( 27608 PWs)   bands (ev):

   -24.8607 -24.8593 -10.5085 -10.5048 -10.1816 -10.1720 -10.1135 -10.1053
    -5.7614  -5.7531  -5.7425  -5.4582  -2.1261  -2.0687  -1.8950  -1.6317
    -1.0865  -0.9336  -0.7377  -0.5840  -0.5105  -0.4803  -0.4053  -0.3679

          k =-0.5000 0.0000-0.1598 ( 27620 PWs)   bands (ev):

   -24.8722 -24.8722 -10.2838 -10.2838 -10.1931 -10.1931 -10.0663 -10.0663
    -6.1947  -6.1947  -5.5429  -5.5429  -1.9155  -1.9155  -1.1944  -1.1944
    -0.9279  -0.9279  -0.8820  -0.8820  -0.6005  -0.6005  -0.4187  -0.4187

          k = 0.0000 0.2023 0.0000 ( 27569 PWs)   bands (ev):

   -24.8755 -24.8718 -10.3489 -10.3259 -10.1530 -10.1317 -10.0335  -9.9993
    -6.6361  -5.9571  -5.5017  -5.4248  -2.3716  -1.6393  -1.4408  -1.0716
    -1.0156  -0.9874  -0.9644  -0.6992  -0.5051  -0.4464  -0.2787  -0.2373

          k =-0.5000 0.2023-0.7989 ( 27580 PWs)   bands (ev):

   -24.8585 -24.8585 -10.5595 -10.5595 -10.1377 -10.1377 -10.1170 -10.1170
    -5.9110  -5.9110  -5.3873  -5.3873  -2.4168  -2.4168  -1.5873  -1.5873
    -0.7826  -0.7826  -0.6822  -0.6822  -0.5305  -0.5305  -0.3976  -0.3976

          k = 0.0000 0.2023 0.3196 ( 27552 PWs)   bands (ev):

   -24.8699 -24.8669 -10.3000 -10.2715 -10.2260 -10.2237 -10.1217 -10.1151
    -6.3072  -5.7120  -5.6235  -5.5440  -2.1196  -1.8986  -1.7463  -1.1449
    -1.0551  -1.0043  -0.9206  -0.6159  -0.5256  -0.3993  -0.3594  -0.3401

          k =-0.5000 0.2023-0.4794 ( 27596 PWs)   bands (ev):

   -24.8638 -24.8638 -10.3986 -10.3986 -10.2131 -10.2131 -10.1156 -10.1156
    -5.8454  -5.8454  -5.6205  -5.6205  -2.1111  -2.1111  -1.5892  -1.5892
    -0.8834  -0.8834  -0.7246  -0.7246  -0.4944  -0.4944  -0.4141  -0.4141

          k = 0.0000 0.2023 0.6392 ( 27613 PWs)   bands (ev):

   -24.8606 -24.8594 -10.5132 -10.5099 -10.1714 -10.1658 -10.1136 -10.1089
    -5.8883  -5.8362  -5.5795  -5.4059  -2.1843  -2.1799  -1.7749  -1.5692
    -1.0178  -0.8451  -0.7529  -0.5849  -0.5436  -0.5268  -0.4253  -0.4111

          k =-0.5000 0.2023-0.1598 ( 27590 PWs)   bands (ev):

   -24.8722 -24.8722 -10.3138 -10.3138 -10.1594 -10.1594 -10.0681 -10.0681
    -6.2112  -6.2112  -5.5276  -5.5276  -1.8858  -1.8858  -1.3414  -1.3414
    -0.8723  -0.8723  -0.8022  -0.8022  -0.6197  -0.6197  -0.3965  -0.3965

          k = 0.0000 0.4046 0.0000 ( 27614 PWs)   bands (ev):

   -24.8743 -24.8729 -10.3149 -10.2999 -10.1867 -10.1721 -10.0229 -10.0099
    -6.4011  -6.1162  -5.5642  -5.5030  -2.0892  -1.8562  -1.2943  -0.9681
    -0.9548  -0.9112  -0.7931  -0.7322  -0.6650  -0.5865  -0.4158  -0.3959

          k =-0.5000 0.4046-0.7989 ( 27608 PWs)   bands (ev):

   -24.8585 -24.8585 -10.5505 -10.5505 -10.1390 -10.1390 -10.1285 -10.1285
    -5.8512  -5.8512  -5.4493  -5.4493  -2.3029  -2.3029  -1.8509  -1.8509
    -0.7525  -0.7525  -0.6026  -0.6026  -0.4951  -0.4951  -0.3324  -0.3324

          k = 0.0000 0.4046 0.3196 ( 27598 PWs)   bands (ev):

   -24.8690 -24.8679 -10.2865 -10.2598 -10.2383 -10.2160 -10.1331 -10.1302
    -6.1218  -5.8782  -5.6394  -5.5904  -1.9933  -1.9415  -1.5917  -1.2659
    -0.9798  -0.9414  -0.8752  -0.6783  -0.5428  -0.5349  -0.3846  -0.3703

          k =-0.5000 0.4046-0.4794 ( 27610 PWs)   bands (ev):

   -24.8638 -24.8638 -10.3861 -10.3861 -10.2399 -10.2399 -10.1027 -10.1027
    -5.7830  -5.7830  -5.6828  -5.6828  -2.1004  -2.1004  -1.6575  -1.6575
    -0.9294  -0.9294  -0.6440  -0.6440  -0.4949  -0.4949  -0.3455  -0.3455

          k = 0.0000 0.4046 0.6392 ( 27578 PWs)   bands (ev):

   -24.8602 -24.8598 -10.5198 -10.5184 -10.1538 -10.1536 -10.1162 -10.1161
    -5.9574  -5.9339  -5.4374  -5.3731  -2.2784  -2.2695  -1.5988  -1.5056
    -0.8853  -0.7645  -0.7107  -0.6995  -0.5996  -0.5546  -0.4755  -0.4517

          k =-0.5000 0.4046-0.1598 ( 27598 PWs)   bands (ev):

   -24.8722 -24.8722 -10.3450 -10.3450 -10.1194 -10.1194 -10.0737 -10.0737
    -6.2365  -6.2365  -5.5042  -5.5042  -1.8092  -1.8092  -1.5348  -1.5348
    -0.8102  -0.8102  -0.7149  -0.7149  -0.6470  -0.6470  -0.3677  -0.3677

          k = 0.2000 0.0000 0.0000 ( 27596 PWs)   bands (ev):

   -24.8755 -24.8718 -10.3467 -10.3274 -10.1511 -10.1346 -10.0335  -9.9993
    -6.6388  -5.9732  -5.4575  -5.4432  -2.3808  -1.5061  -1.4222  -1.2740
    -0.9736  -0.9711  -0.9629  -0.7104  -0.5145  -0.4120  -0.3216  -0.2470

          k =-0.3000 0.0000-0.7989 ( 27590 PWs)   bands (ev):

   -24.8586 -24.8586 -10.5601 -10.5601 -10.1372 -10.1372 -10.1159 -10.1159
    -5.9026  -5.9026  -5.4030  -5.4029  -2.3797  -2.3796  -1.5437  -1.5436
    -0.8166  -0.8164  -0.7176  -0.7175  -0.5547  -0.5545  -0.4348  -0.4344

          k = 0.2000 0.0000 0.3196 ( 27579 PWs)   bands (ev):

   -24.8699 -24.8669 -10.2889 -10.2852 -10.2244 -10.2227 -10.1289 -10.1084
    -6.3062  -5.7288  -5.5853  -5.5621  -2.1243  -1.8389  -1.7840  -1.1607
    -1.0608  -1.0077  -0.8978  -0.6075  -0.6067  -0.3805  -0.3581  -0.3219

          k =-0.3000 0.0000-0.4794 ( 27594 PWs)   bands (ev):

   -24.8646 -24.8630 -10.4028 -10.3949 -10.2181 -10.1994 -10.1262 -10.1108
    -5.9755  -5.7588  -5.6418  -5.5469  -2.1275  -2.0351  -1.7850  -1.3549
    -1.0149  -0.9178  -0.8095  -0.6558  -0.4955  -0.4641  -0.4539  -0.3926

          k = 0.2000 0.0000 0.6392 ( 27582 PWs)   bands (ev):

   -24.8606 -24.8594 -10.5137 -10.5104 -10.1746 -10.1626 -10.1165 -10.1059
    -5.8641  -5.8109  -5.6090  -5.4226  -2.2579  -2.1770  -1.7509  -1.5304
    -0.9826  -0.8775  -0.7676  -0.6126  -0.5069  -0.4983  -0.4458  -0.3991

          k =-0.3000 0.0000-0.1598 ( 27614 PWs)   bands (ev):

   -24.8735 -24.8709 -10.3140 -10.3008 -10.1679 -10.1593 -10.0802 -10.0569
    -6.4500  -5.9631  -5.5341  -5.4979  -2.1826  -1.6876  -1.4994  -1.1365
    -1.0048  -0.8979  -0.8250  -0.7602  -0.7013  -0.4302  -0.4102  -0.3144

          k = 0.2000 0.2023 0.0000 ( 27586 PWs)   bands (ev):

   -24.8751 -24.8721 -10.3579 -10.3021 -10.1838 -10.1200 -10.0302 -10.0025
    -6.5730  -6.0101  -5.5326  -5.4255  -2.2681  -1.6402  -1.4408  -1.1250
    -0.9993  -0.9411  -0.8240  -0.6978  -0.5977  -0.5247  -0.4059  -0.2171

          k =-0.3000 0.2023-0.7989 ( 27586 PWs)   bands (ev):

   -24.8585 -24.8585 -10.5625 -10.5534 -10.1377 -10.1372 -10.1258 -10.1116
    -5.9577  -5.8267  -5.4817  -5.3423  -2.4283  -2.2734  -1.7431  -1.5319
    -0.8456  -0.7264  -0.6598  -0.6580  -0.5645  -0.5579  -0.4942  -0.3576

          k = 0.2000 0.2023 0.3196 ( 27572 PWs)   bands (ev):

   -24.8697 -24.8672 -10.2990 -10.2658 -10.2433 -10.2113 -10.1328 -10.1083
    -6.2517  -5.7585  -5.6381  -5.5522  -2.0585  -1.8717  -1.7696  -1.1236
    -1.0780  -1.0050  -0.8726  -0.6295  -0.5887  -0.4057  -0.4025  -0.3155

          k =-0.3000 0.2023-0.4794 ( 27591 PWs)   bands (ev):

   -24.8644 -24.8631 -10.4024 -10.3897 -10.2365 -10.1911 -10.1298 -10.1039
    -5.9506  -5.7454  -5.6770  -5.5540  -2.1232  -2.0509  -1.7589  -1.4311
    -0.9772  -0.9041  -0.7680  -0.6310  -0.5806  -0.4689  -0.4246  -0.3442

          k = 0.2000 0.2023 0.6392 ( 27605 PWs)   bands (ev):

   -24.8605 -24.8595 -10.5181 -10.5080 -10.1794 -10.1523 -10.1177 -10.1077
    -5.9297  -5.7752  -5.6079  -5.3910  -2.2998  -2.1537  -1.7561  -1.5670
    -0.8761  -0.8341  -0.7595  -0.5973  -0.5878  -0.5089  -0.4798  -0.3545

          k =-0.3000 0.2023-0.1598 ( 27601 PWs)   bands (ev):

   -24.8732 -24.8712 -10.3393 -10.2842 -10.1921 -10.1230 -10.0793 -10.0611
    -6.4101  -6.0073  -5.5669  -5.4749  -2.1068  -1.7002  -1.5769  -1.0732
    -1.0448  -0.8954  -0.8086  -0.7259  -0.6551  -0.4895  -0.4679  -0.2757

          k = 0.2000 0.4046 0.0000 ( 27581 PWs)   bands (ev):

   -24.8742 -24.8731 -10.3456 -10.3108 -10.1770 -10.1369 -10.0216 -10.0111
    -6.3947  -6.1680  -5.5440  -5.4778  -2.0363  -1.8305  -1.3331  -1.0040
    -0.9979  -0.9648  -0.8379  -0.6409  -0.6395  -0.5675  -0.4904  -0.3187

          k =-0.3000 0.4046-0.7989 ( 27596 PWs)   bands (ev):

   -24.8585 -24.8585 -10.5575 -10.5518 -10.1375 -10.1364 -10.1287 -10.1191
    -5.9360  -5.8568  -5.4478  -5.3634  -2.3783  -2.2562  -1.8399  -1.6823
    -0.7921  -0.7254  -0.6456  -0.5979  -0.5345  -0.5057  -0.4309  -0.3675

          k = 0.2000 0.4046 0.3196 ( 27588 PWs)   bands (ev):

   -24.8689 -24.8680 -10.2953 -10.2736 -10.2368 -10.2119 -10.1302 -10.1158
    -6.1045  -5.9119  -5.6286  -5.5839  -1.9678  -1.9228  -1.6351  -1.3634
    -0.9686  -0.8912  -0.8504  -0.6764  -0.5400  -0.4658  -0.4171  -0.3778

          k =-0.3000 0.4046-0.4794 ( 27570 PWs)   bands (ev):

   -24.8640 -24.8635 -10.3961 -10.3883 -10.2382 -10.2133 -10.1157 -10.1036
    -5.8835  -5.7942  -5.6603  -5.5955  -2.1083  -2.0814  -1.6830  -1.5668
    -0.9673  -0.8832  -0.7220  -0.6184  -0.5213  -0.4644  -0.4257  -0.3501

          k = 0.2000 0.4046 0.6392 ( 27594 PWs)   bands (ev):

   -24.8602 -24.8598 -10.5179 -10.5118 -10.1715 -10.1551 -10.1155 -10.1104
    -5.9410  -5.8713  -5.4888  -5.3983  -2.3022  -2.2235  -1.6908  -1.6062
    -0.8560  -0.7813  -0.6830  -0.6071  -0.5830  -0.5218  -0.4753  -0.3911

          k =-0.3000 0.4046-0.1598 ( 27599 PWs)   bands (ev):

   -24.8726 -24.8718 -10.3431 -10.3164 -10.1568 -10.1199 -10.0748 -10.0678
    -6.2967  -6.1397  -5.5486  -5.4964  -1.9462  -1.7975  -1.5436  -1.3110
    -0.9078  -0.8418  -0.7766  -0.6724  -0.6345  -0.5651  -0.4563  -0.3199

          k = 0.4000 0.0000 0.0000 ( 27586 PWs)   bands (ev):

   -24.8743 -24.8729 -10.3100 -10.3007 -10.1857 -10.1778 -10.0230 -10.0099
    -6.4131  -6.1421  -5.5200  -5.4923  -2.0859  -1.7849  -1.1869  -1.0286
    -0.9363  -0.9310  -0.8703  -0.7334  -0.6984  -0.6155  -0.5037  -0.3879

          k =-0.1000 0.0000-0.7989 ( 27598 PWs)   bands (ev):

   -24.8586 -24.8586 -10.5523 -10.5522 -10.1377 -10.1377 -10.1257 -10.1256
    -5.8167  -5.8167  -5.5023  -5.5021  -2.1873  -2.1870  -1.7749  -1.7748
    -0.8428  -0.8425  -0.7465  -0.7462  -0.5170  -0.5169  -0.3959  -0.3955

          k = 0.4000 0.0000 0.3196 ( 27600 PWs)   bands (ev):

   -24.8690 -24.8679 -10.2767 -10.2564 -10.2511 -10.2220 -10.1367 -10.1223
    -6.1201  -5.8836  -5.6212  -5.5944  -1.9816  -1.8743  -1.6326  -1.2822
    -0.9775  -0.9210  -0.9179  -0.7590  -0.5482  -0.4774  -0.3934  -0.3851

          k =-0.1000 0.0000-0.4794 ( 27567 PWs)   bands (ev):

   -24.8651 -24.8625 -10.3926 -10.3823 -10.2389 -10.2237 -10.1132 -10.1008
    -6.0431  -5.6663  -5.6630  -5.5378  -2.0665  -1.9549  -1.9419  -1.3147
    -1.1733  -1.0871  -0.7843  -0.5164  -0.4978  -0.4392  -0.3891  -0.3686

          k = 0.4000 0.0000 0.6392 ( 27598 PWs)   bands (ev):

   -24.8602 -24.8598 -10.5210 -10.5196 -10.1594 -10.1504 -10.1192 -10.1108
    -5.9148  -5.8913  -5.4783  -5.4085  -2.3616  -2.3227  -1.5531  -1.4426
    -0.8445  -0.8055  -0.6888  -0.6867  -0.6434  -0.4966  -0.4670  -0.4576

          k =-0.1000 0.0000-0.1598 ( 27561 PWs)   bands (ev):

   -24.8743 -24.8701 -10.3426 -10.3222 -10.1350 -10.1181 -10.0917 -10.0572
    -6.6066  -5.8771  -5.4614  -5.4472  -2.3996  -1.6315  -1.5159  -1.3186
    -1.1113  -0.8602  -0.7816  -0.7743  -0.5983  -0.3437  -0.2431  -0.2288

          k = 0.4000 0.2023 0.0000 ( 27608 PWs)   bands (ev):

   -24.8742 -24.8731 -10.3445 -10.3097 -10.1782 -10.1381 -10.0217 -10.0111
    -6.4022  -6.1817  -5.5234  -5.4666  -2.0321  -1.7889  -1.2884  -1.0036
    -0.9846  -0.9493  -0.9025  -0.7142  -0.6573  -0.5828  -0.4958  -0.3235

          k =-0.1000 0.2023-0.7989 ( 27612 PWs)   bands (ev):

   -24.8586 -24.8586 -10.5585 -10.5528 -10.1367 -10.1356 -10.1270 -10.1174
    -5.9238  -5.8373  -5.4787  -5.3871  -2.3186  -2.1822  -1.7927  -1.6108
    -0.8505  -0.8188  -0.6977  -0.6926  -0.5425  -0.5259  -0.4807  -0.4010

          k = 0.4000 0.2023 0.3196 ( 27604 PWs)   bands (ev):

   -24.8689 -24.8680 -10.2923 -10.2714 -10.2421 -10.2151 -10.1298 -10.1137
    -6.1036  -5.9141  -5.6211  -5.5836  -1.9579  -1.8718  -1.6752  -1.3826
    -0.9438  -0.9046  -0.8568  -0.6973  -0.5528  -0.4759  -0.4168  -0.3731

          k =-0.1000 0.2023-0.4794 ( 27588 PWs)   bands (ev):

   -24.8648 -24.8627 -10.3989 -10.3869 -10.2336 -10.2065 -10.1205 -10.1050
    -6.0186  -5.7353  -5.6433  -5.5229  -2.0783  -2.0157  -1.8584  -1.3456
    -1.0993  -0.9784  -0.8030  -0.5753  -0.5141  -0.4575  -0.4179  -0.3670

          k = 0.4000 0.2023 0.6392 ( 27592 PWs)   bands (ev):

   -24.8602 -24.8598 -10.5186 -10.5126 -10.1724 -10.1556 -10.1154 -10.1091
    -5.9150  -5.8351  -5.5225  -5.4211  -2.3472  -2.2786  -1.6371  -1.5703
    -0.8322  -0.7891  -0.6853  -0.6610  -0.5851  -0.5064  -0.4471  -0.3667

          k =-0.1000 0.2023-0.1598 ( 27568 PWs)   bands (ev):

   -24.8739 -24.8705 -10.3384 -10.3024 -10.1662 -10.1224 -10.0859 -10.0577
    -6.5280  -5.8978  -5.5458  -5.4565  -2.2762  -1.7129  -1.5450  -1.1719
    -1.0368  -0.8849  -0.8334  -0.6928  -0.6361  -0.4337  -0.3248  -0.2480

          k = 0.4000 0.4046 0.0000 ( 27626 PWs)   bands (ev):

   -24.8739 -24.8734 -10.3642 -10.3489 -10.1351 -10.1165 -10.0183 -10.0143
    -6.3578  -6.2731  -5.4927  -5.4609  -1.9125  -1.8156  -1.3562  -1.2058
    -1.0192  -1.0023  -0.8010  -0.6713  -0.5856  -0.5553  -0.4188  -0.3168

          k =-0.1000 0.4046-0.7989 ( 27610 PWs)   bands (ev):

   -24.8585 -24.8585 -10.5628 -10.5594 -10.1354 -10.1345 -10.1184 -10.1124
    -5.9817  -5.9433  -5.3625  -5.3210  -2.3824  -2.3232  -1.6144  -1.5188
    -0.8294  -0.7934  -0.6850  -0.6443  -0.6166  -0.6082  -0.4422  -0.4313

          k = 0.4000 0.4046 0.3196 ( 27579 PWs)   bands (ev):

   -24.8686 -24.8683 -10.3042 -10.2959 -10.2272 -10.2163 -10.1136 -10.1060
    -6.0556  -5.9843  -5.6036  -5.5839  -1.9125  -1.8741  -1.6907  -1.5635
    -0.8936  -0.8595  -0.7524  -0.6642  -0.5302  -0.5100  -0.4271  -0.3622

          k =-0.1000 0.4046-0.4794 ( 27589 PWs)   bands (ev):

   -24.8642 -24.8634 -10.4041 -10.3984 -10.2104 -10.1913 -10.1296 -10.1176
    -5.9503  -5.8494  -5.5952  -5.5416  -2.0950  -2.0773  -1.6762  -1.4651
    -0.9776  -0.8416  -0.7419  -0.6628  -0.5831  -0.4889  -0.4454  -0.4165

          k = 0.4000 0.4046 0.6392 ( 27593 PWs)   bands (ev):

   -24.8601 -24.8599 -10.5097 -10.5058 -10.1824 -10.1734 -10.1098 -10.1081
    -5.8608  -5.7980  -5.5530  -5.4831  -2.2775  -2.2207  -1.7963  -1.7416
    -0.8370  -0.8057  -0.6263  -0.6004  -0.5111  -0.4934  -0.3725  -0.3207

          k =-0.1000 0.4046-0.1598 ( 27587 PWs)   bands (ev):

   -24.8728 -24.8716 -10.3137 -10.2850 -10.1905 -10.1574 -10.0736 -10.0626
    -6.3174  -6.0552  -5.5862  -5.5231  -2.0408  -1.8628  -1.4155  -1.1026
    -0.9676  -0.9095  -0.8353  -0.6731  -0.6208  -0.6077  -0.3978  -0.3488

     highest occupied level (ev):    -0.1718

     Writing config to output data dir ./_ph0/pwscf.q_6/pwscf.save/ :
     XML data file

                                                                                

     bravais-lattice index     =            8
     lattice parameter (alat)  =      13.8222  a.u.
     unit-cell volume          =    1633.8810 (a.u.)^3
     number of atoms/cell      =           22
     number of atomic types    =            3
     kinetic-energy cut-off    =     100.0000  Ry
     charge density cut-off    =     800.0000  Ry
     convergence threshold     =      1.0E-14
     beta                      =       0.7000
     number of iterations used =            4
     Exchange-correlation= PBESOL
                           (   1   4  10   8   0   0   0)


     celldm(1)=   13.82217  celldm(2)=    0.98864  celldm(3)=    0.62583
     celldm(4)=    0.00000  celldm(5)=    0.00000  celldm(6)=    0.00000

     crystal axes: (cart. coord. in units of alat)
               a(1) = (  1.0000  0.0000  0.0000 )  
               a(2) = (  0.0000  0.9886  0.0000 )  
               a(3) = (  0.0000  0.0000  0.6258 )  

     reciprocal axes: (cart. coord. in units 2 pi/alat)
               b(1) = (  1.0000  0.0000  0.0000 )  
               b(2) = (  0.0000  1.0115  0.0000 )  
               b(3) = (  0.0000  0.0000  1.5979 )  


     Atoms inside the unit cell: 

     Cartesian axes

     site n.  atom      mass           positions (alat units)
        1  Ba    137.3270   tau(    1) = (    0.50000    0.49432    0.31293  )
        2  Ba    137.3270   tau(    2) = (    0.00000    0.00000    0.62581  )
        3  B      10.8110   tau(    3) = (    0.65064    0.27392    0.00001  )
        4  B      10.8110   tau(    4) = (    0.34936    0.71473    0.00001  )
        5  B      10.8110   tau(    5) = (    0.15064    0.22041    0.31290  )
        6  B      10.8110   tau(    6) = (    0.84936    0.76824    0.31290  )
        7  H       1.0079   tau(    7) = (    0.48198    0.27834    0.00001  )
        8  H       1.0079   tau(    8) = (    0.51802    0.71030    0.00001  )
        9  H       1.0079   tau(    9) = (    0.98198    0.21598    0.31290  )
       10  H       1.0079   tau(   10) = (    0.01802    0.77266    0.31290  )
       11  H       1.0079   tau(   11) = (    0.71243    0.43126    0.00001  )
       12  H       1.0079   tau(   12) = (    0.28757    0.55739    0.00001  )
       13  H       1.0079   tau(   13) = (    0.21243    0.06306    0.31290  )
       14  H       1.0079   tau(   14) = (    0.78757    0.92558    0.31290  )
       15  H       1.0079   tau(   15) = (    0.70079    0.19496    0.48610  )
       16  H       1.0079   tau(   16) = (    0.29921    0.79369    0.48610  )
       17  H       1.0079   tau(   17) = (    0.20079    0.29937    0.45263  )
       18  H       1.0079   tau(   18) = (    0.79921    0.68928    0.45263  )
       19  H       1.0079   tau(   19) = (    0.29918    0.79368    0.13974  )
       20  H       1.0079   tau(   20) = (    0.70082    0.19496    0.13974  )
       21  H       1.0079   tau(   21) = (    0.79918    0.68928    0.17317  )
       22  H       1.0079   tau(   22) = (    0.20082    0.29936    0.17317  )

     Computing dynamical matrix for 
                    q = (  -0.5000000   0.0000000  -0.7989450 )

      5 Sym.Ops. (with q -> -q+G )


     G cutoff = 3871.5285  (  26017 G-vectors)     FFT grid: (128,128, 80)
     G cutoff = 1935.7643  (   9200 G-vectors)  smooth grid: ( 90, 90, 60)
     number of k points=    54

     PseudoPot. # 1 for B  read from file:
     /home/mehlhorn/pseudos/b_pbesol_v1.4.uspp.F.UPF
     MD5 check sum: 369b69bef2c3aeed4453bd8b804fd6a8
     Pseudo is Ultrasoft + core correction, Zval =  3.0
     Generated by new atomic code, or converted to UPF format
     Using radial grid of  781 points,  4 beta functions with: 
                l(1) =   0
                l(2) =   0
                l(3) =   1
                l(4) =   1
     Q(r) pseudized with  8 coefficients,  rinner =    1.100   1.100   1.100


     PseudoPot. # 2 for Ba read from file:
     /home/mehlhorn/pseudos/Ba.nc.z_10.oncvpsp4.dojo.v4-sp.upf
     MD5 check sum: c10ed334bb677c0554edec7181ce9143
     Pseudo is Norm-conserving + core correction, Zval = 10.0
     Generated using ONCVPSP code by D. R. Hamann
     Using radial grid of 1938 points,  8 beta functions with: 
                l(1) =   0
                l(2) =   0
                l(3) =   1
                l(4) =   1
                l(5) =   2
                l(6) =   2
                l(7) =   3
                l(8) =   3

     PseudoPot. # 3 for H  read from file:
     /home/mehlhorn/pseudos/H_ONCV_PBEsol-1.0.upf
     MD5 check sum: 398ef8f67c0a7342c05c87c5e19ea467
     Pseudo is Norm-conserving, Zval =  1.0
     Generated using ONCVPSP code by D. R. Hamann
     Using radial grid of 1180 points,  2 beta functions with: 
                l(1) =   0
                l(2) =   0


     Atomic displacements:
     There are   33 irreducible representations

     Representation     1      2 modes -  To be done

     Representation     2      2 modes -  To be done

     Representation     3      2 modes -  To be done

     Representation     4      2 modes -  To be done

     Representation     5      2 modes -  To be done

     Representation     6      2 modes -  To be done

     Representation     7      2 modes -  To be done

     Representation     8      2 modes -  To be done

     Representation     9      2 modes -  To be done

     Representation    10      2 modes -  To be done

     Representation    11      2 modes -  To be done

     Representation    12      2 modes -  To be done

     Representation    13      2 modes -  To be done

     Representation    14      2 modes -  To be done

     Representation    15      2 modes -  To be done

     Representation    16      2 modes -  To be done

     Representation    17      2 modes -  To be done

     Representation    18      2 modes -  To be done

     Representation    19      2 modes -  To be done

     Representation    20      2 modes -  To be done

     Representation    21      2 modes -  To be done

     Representation    22      2 modes -  To be done

     Representation    23      2 modes -  To be done

     Representation    24      2 modes -  To be done

     Representation    25      2 modes -  To be done

     Representation    26      2 modes -  To be done

     Representation    27      2 modes -  To be done

     Representation    28      2 modes -  To be done

     Representation    29      2 modes -  To be done

     Representation    30      2 modes -  To be done

     Representation    31      2 modes -  To be done

     Representation    32      2 modes -  To be done

     Representation    33      2 modes -  To be done



     Alpha used in Ewald sum =   2.8000
     PHONON       :   2d 7h24m CPU   2d 7h56m WALL



     Representation #   1 modes #   1   2

     Self-consistent Calculation

      iter #   1 total cpu time :201498.5 secs   av.it.:   4.7
      thresh= 1.000E-02 alpha_mix =  0.700 |ddv_scf|^2 =  5.727E-09

      iter #   2 total cpu time :201717.8 secs   av.it.:  16.9
      thresh= 7.568E-06 alpha_mix =  0.700 |ddv_scf|^2 =  3.180E-09

      iter #   3 total cpu time :201928.6 secs   av.it.:  16.0
      thresh= 5.639E-06 alpha_mix =  0.700 |ddv_scf|^2 =  1.614E-11

      iter #   4 total cpu time :202146.5 secs   av.it.:  16.8
      thresh= 4.018E-07 alpha_mix =  0.700 |ddv_scf|^2 =  1.663E-12

      iter #   5 total cpu time :202356.2 secs   av.it.:  16.9
      thresh= 1.290E-07 alpha_mix =  0.700 |ddv_scf|^2 =  1.249E-13

      iter #   6 total cpu time :202568.9 secs   av.it.:  17.0
      thresh= 3.534E-08 alpha_mix =  0.700 |ddv_scf|^2 =  5.220E-15

     End of self-consistent calculation

     Convergence has been achieved 


     Representation #   2 modes #   3   4

     Self-consistent Calculation

      iter #   1 total cpu time :202659.7 secs   av.it.:   3.0
      thresh= 1.000E-02 alpha_mix =  0.700 |ddv_scf|^2 =  5.830E-10

      iter #   2 total cpu time :202877.1 secs   av.it.:  17.0
      thresh= 2.415E-06 alpha_mix =  0.700 |ddv_scf|^2 =  2.946E-10

      iter #   3 total cpu time :203083.6 secs   av.it.:  16.0
      thresh= 1.717E-06 alpha_mix =  0.700 |ddv_scf|^2 =  2.668E-12

      iter #   4 total cpu time :203291.9 secs   av.it.:  16.2
      thresh= 1.633E-07 alpha_mix =  0.700 |ddv_scf|^2 =  2.878E-13

      iter #   5 total cpu time :203501.0 secs   av.it.:  16.4
      thresh= 5.365E-08 alpha_mix =  0.700 |ddv_scf|^2 =  6.738E-15

     End of self-consistent calculation

     Convergence has been achieved 


     Representation #   3 modes #   5   6

     Self-consistent Calculation

      iter #   1 total cpu time :203593.7 secs   av.it.:   3.7
      thresh= 1.000E-02 alpha_mix =  0.700 |ddv_scf|^2 =  1.450E-09

      iter #   2 total cpu time :203804.7 secs   av.it.:  17.0
      thresh= 3.808E-06 alpha_mix =  0.700 |ddv_scf|^2 =  1.006E-09

      iter #   3 total cpu time :204011.8 secs   av.it.:  16.0
      thresh= 3.172E-06 alpha_mix =  0.700 |ddv_scf|^2 =  2.138E-12

      iter #   4 total cpu time :204222.2 secs   av.it.:  17.0
      thresh= 1.462E-07 alpha_mix =  0.700 |ddv_scf|^2 =  2.732E-13

      iter #   5 total cpu time :204431.2 secs   av.it.:  17.0
      thresh= 5.227E-08 alpha_mix =  0.700 |ddv_scf|^2 =  1.721E-14

      iter #   6 total cpu time :204641.9 secs   av.it.:  16.9
      thresh= 1.312E-08 alpha_mix =  0.700 |ddv_scf|^2 =  8.373E-16

     End of self-consistent calculation

     Convergence has been achieved 


     Representation #   4 modes #   7   8

     Self-consistent Calculation

      iter #   1 total cpu time :204735.3 secs   av.it.:   3.3
      thresh= 1.000E-02 alpha_mix =  0.700 |ddv_scf|^2 =  4.526E-10

      iter #   2 total cpu time :204959.2 secs   av.it.:  17.0
      thresh= 2.127E-06 alpha_mix =  0.700 |ddv_scf|^2 =  2.418E-10

      iter #   3 total cpu time :205166.8 secs   av.it.:  16.0
      thresh= 1.555E-06 alpha_mix =  0.700 |ddv_scf|^2 =  1.976E-12

      iter #   4 total cpu time :205379.7 secs   av.it.:  16.7
      thresh= 1.406E-07 alpha_mix =  0.700 |ddv_scf|^2 =  3.187E-13

      iter #   5 total cpu time :205591.8 secs   av.it.:  16.3
      thresh= 5.645E-08 alpha_mix =  0.700 |ddv_scf|^2 =  1.104E-14

      iter #   6 total cpu time :205808.9 secs   av.it.:  17.0
      thresh= 1.051E-08 alpha_mix =  0.700 |ddv_scf|^2 =  5.173E-16

     End of self-consistent calculation

     Convergence has been achieved 


     Representation #   5 modes #   9  10

     Self-consistent Calculation

      iter #   1 total cpu time :205902.7 secs   av.it.:   3.6
      thresh= 1.000E-02 alpha_mix =  0.700 |ddv_scf|^2 =  8.736E-10

      iter #   2 total cpu time :206125.3 secs   av.it.:  17.0
      thresh= 2.956E-06 alpha_mix =  0.700 |ddv_scf|^2 =  4.690E-10

      iter #   3 total cpu time :206338.2 secs   av.it.:  16.0
      thresh= 2.166E-06 alpha_mix =  0.700 |ddv_scf|^2 =  1.611E-12

      iter #   4 total cpu time :206551.3 secs   av.it.:  16.9
      thresh= 1.269E-07 alpha_mix =  0.700 |ddv_scf|^2 =  3.176E-13

      iter #   5 total cpu time :206759.8 secs   av.it.:  16.5
      thresh= 5.635E-08 alpha_mix =  0.700 |ddv_scf|^2 =  1.305E-14

      iter #   6 total cpu time :206969.7 secs   av.it.:  16.0
      thresh= 1.142E-08 alpha_mix =  0.700 |ddv_scf|^2 =  3.844E-16

     End of self-consistent calculation

     Convergence has been achieved 


     Representation #   6 modes #  11  12

     Self-consistent Calculation

      iter #   1 total cpu time :207061.1 secs   av.it.:   3.0
      thresh= 1.000E-02 alpha_mix =  0.700 |ddv_scf|^2 =  7.588E-10

      iter #   2 total cpu time :207277.8 secs   av.it.:  16.9
      thresh= 2.755E-06 alpha_mix =  0.700 |ddv_scf|^2 =  4.963E-10

      iter #   3 total cpu time :207484.2 secs   av.it.:  16.0
      thresh= 2.228E-06 alpha_mix =  0.700 |ddv_scf|^2 =  1.344E-12

      iter #   4 total cpu time :207700.0 secs   av.it.:  17.0
      thresh= 1.159E-07 alpha_mix =  0.700 |ddv_scf|^2 =  2.451E-13

      iter #   5 total cpu time :207913.9 secs   av.it.:  16.9
      thresh= 4.951E-08 alpha_mix =  0.700 |ddv_scf|^2 =  7.181E-15

     End of self-consistent calculation

     Convergence has been achieved 


     Representation #   7 modes #  13  14

     Self-consistent Calculation

      iter #   1 total cpu time :208006.9 secs   av.it.:   3.3
      thresh= 1.000E-02 alpha_mix =  0.700 |ddv_scf|^2 =  4.514E-10

      iter #   2 total cpu time :208225.0 secs   av.it.:  17.0
      thresh= 2.125E-06 alpha_mix =  0.700 |ddv_scf|^2 =  2.517E-10

      iter #   3 total cpu time :208439.5 secs   av.it.:  16.0
      thresh= 1.587E-06 alpha_mix =  0.700 |ddv_scf|^2 =  2.864E-12

      iter #   4 total cpu time :208652.6 secs   av.it.:  16.9
      thresh= 1.692E-07 alpha_mix =  0.700 |ddv_scf|^2 =  2.209E-13

      iter #   5 total cpu time :208868.3 secs   av.it.:  17.0
      thresh= 4.700E-08 alpha_mix =  0.700 |ddv_scf|^2 =  1.043E-14

      iter #   6 total cpu time :209089.3 secs   av.it.:  17.0
      thresh= 1.021E-08 alpha_mix =  0.700 |ddv_scf|^2 =  5.572E-16

     End of self-consistent calculation

     Convergence has been achieved 


     Representation #   8 modes #  15  16

     Self-consistent Calculation

      iter #   1 total cpu time :209185.6 secs   av.it.:   3.9
      thresh= 1.000E-02 alpha_mix =  0.700 |ddv_scf|^2 =  5.897E-10

      iter #   2 total cpu time :209410.2 secs   av.it.:  17.0
      thresh= 2.428E-06 alpha_mix =  0.700 |ddv_scf|^2 =  2.226E-10

      iter #   3 total cpu time :209629.2 secs   av.it.:  16.9
      thresh= 1.492E-06 alpha_mix =  0.700 |ddv_scf|^2 =  1.707E-12

      iter #   4 total cpu time :209845.8 secs   av.it.:  17.0
      thresh= 1.306E-07 alpha_mix =  0.700 |ddv_scf|^2 =  2.048E-13

      iter #   5 total cpu time :210061.5 secs   av.it.:  16.1
      thresh= 4.526E-08 alpha_mix =  0.700 |ddv_scf|^2 =  1.272E-14

      iter #   6 total cpu time :210276.5 secs   av.it.:  16.7
      thresh= 1.128E-08 alpha_mix =  0.700 |ddv_scf|^2 =  1.095E-15

     End of self-consistent calculation

     Convergence has been achieved 


     Representation #   9 modes #  17  18

     Self-consistent Calculation

      iter #   1 total cpu time :210380.0 secs   av.it.:   4.1
      thresh= 1.000E-02 alpha_mix =  0.700 |ddv_scf|^2 =  1.270E-09

      iter #   2 total cpu time :210596.5 secs   av.it.:  17.0
      thresh= 3.564E-06 alpha_mix =  0.700 |ddv_scf|^2 =  1.934E-10

      iter #   3 total cpu time :210806.4 secs   av.it.:  16.8
      thresh= 1.391E-06 alpha_mix =  0.700 |ddv_scf|^2 =  2.040E-11

      iter #   4 total cpu time :211019.1 secs   av.it.:  16.0
      thresh= 4.516E-07 alpha_mix =  0.700 |ddv_scf|^2 =  5.875E-13

      iter #   5 total cpu time :211229.8 secs   av.it.:  16.9
      thresh= 7.665E-08 alpha_mix =  0.700 |ddv_scf|^2 =  4.139E-14

      iter #   6 total cpu time :211444.8 secs   av.it.:  17.0
      thresh= 2.034E-08 alpha_mix =  0.700 |ddv_scf|^2 =  1.546E-15

     End of self-consistent calculation

     Convergence has been achieved 


     Representation #  10 modes #  19  20

     Self-consistent Calculation

      iter #   1 total cpu time :211574.0 secs   av.it.:   6.7
      thresh= 1.000E-02 alpha_mix =  0.700 |ddv_scf|^2 =  6.806E-08

      iter #   2 total cpu time :211782.9 secs   av.it.:  16.6
      thresh= 2.609E-05 alpha_mix =  0.700 |ddv_scf|^2 =  4.889E-08

      iter #   3 total cpu time :211983.2 secs   av.it.:  15.9
      thresh= 2.211E-05 alpha_mix =  0.700 |ddv_scf|^2 =  4.162E-11

      iter #   4 total cpu time :212196.9 secs   av.it.:  16.9
      thresh= 6.451E-07 alpha_mix =  0.700 |ddv_scf|^2 =  4.179E-12

      iter #   5 total cpu time :212409.7 secs   av.it.:  16.9
      thresh= 2.044E-07 alpha_mix =  0.700 |ddv_scf|^2 =  1.847E-13

      iter #   6 total cpu time :212624.4 secs   av.it.:  16.9
      thresh= 4.298E-08 alpha_mix =  0.700 |ddv_scf|^2 =  2.823E-14

      iter #   7 total cpu time :212832.7 secs   av.it.:  15.9
      thresh= 1.680E-08 alpha_mix =  0.700 |ddv_scf|^2 =  2.100E-15

     End of self-consistent calculation

     Convergence has been achieved 


     Representation #  11 modes #  21  22

     Self-consistent Calculation

      iter #   1 total cpu time :212923.9 secs   av.it.:   3.0
      thresh= 1.000E-02 alpha_mix =  0.700 |ddv_scf|^2 =  8.922E-10

      iter #   2 total cpu time :213143.8 secs   av.it.:  17.0
      thresh= 2.987E-06 alpha_mix =  0.700 |ddv_scf|^2 =  5.905E-10

      iter #   3 total cpu time :213354.4 secs   av.it.:  16.0
      thresh= 2.430E-06 alpha_mix =  0.700 |ddv_scf|^2 =  1.990E-12

      iter #   4 total cpu time :213568.4 secs   av.it.:  17.0
      thresh= 1.411E-07 alpha_mix =  0.700 |ddv_scf|^2 =  2.052E-13

      iter #   5 total cpu time :213783.3 secs   av.it.:  17.0
      thresh= 4.530E-08 alpha_mix =  0.700 |ddv_scf|^2 =  9.588E-15

     End of self-consistent calculation

     Convergence has been achieved 


     Representation #  12 modes #  23  24

     Self-consistent Calculation

      iter #   1 total cpu time :213870.9 secs   av.it.:   3.0
      thresh= 1.000E-02 alpha_mix =  0.700 |ddv_scf|^2 =  2.594E-10

      iter #   2 total cpu time :214082.4 secs   av.it.:  17.0
      thresh= 1.611E-06 alpha_mix =  0.700 |ddv_scf|^2 =  5.933E-11

      iter #   3 total cpu time :214290.9 secs   av.it.:  16.4
      thresh= 7.703E-07 alpha_mix =  0.700 |ddv_scf|^2 =  3.112E-12

      iter #   4 total cpu time :214498.8 secs   av.it.:  16.2
      thresh= 1.764E-07 alpha_mix =  0.700 |ddv_scf|^2 =  1.544E-13

      iter #   5 total cpu time :214710.6 secs   av.it.:  16.6
      thresh= 3.930E-08 alpha_mix =  0.700 |ddv_scf|^2 =  1.166E-14

      iter #   6 total cpu time :214924.2 secs   av.it.:  17.0
      thresh= 1.080E-08 alpha_mix =  0.700 |ddv_scf|^2 =  8.606E-16

     End of self-consistent calculation

     Convergence has been achieved 


     Representation #  13 modes #  25  26

     Self-consistent Calculation

      iter #   1 total cpu time :215015.7 secs   av.it.:   3.0
      thresh= 1.000E-02 alpha_mix =  0.700 |ddv_scf|^2 =  7.278E-10

      iter #   2 total cpu time :215228.1 secs   av.it.:  17.0
      thresh= 2.698E-06 alpha_mix =  0.700 |ddv_scf|^2 =  4.771E-10

      iter #   3 total cpu time :215431.1 secs   av.it.:  16.0
      thresh= 2.184E-06 alpha_mix =  0.700 |ddv_scf|^2 =  1.744E-12

      iter #   4 total cpu time :215642.5 secs   av.it.:  17.0
      thresh= 1.321E-07 alpha_mix =  0.700 |ddv_scf|^2 =  2.032E-13

      iter #   5 total cpu time :215854.7 secs   av.it.:  17.0
      thresh= 4.508E-08 alpha_mix =  0.700 |ddv_scf|^2 =  1.150E-14

      iter #   6 total cpu time :216067.4 secs   av.it.:  17.0
      thresh= 1.073E-08 alpha_mix =  0.700 |ddv_scf|^2 =  4.746E-16

     End of self-consistent calculation

     Convergence has been achieved 


     Representation #  14 modes #  27  28

     Self-consistent Calculation

      iter #   1 total cpu time :216164.6 secs   av.it.:   3.9
      thresh= 1.000E-02 alpha_mix =  0.700 |ddv_scf|^2 =  5.447E-10

      iter #   2 total cpu time :216388.8 secs   av.it.:  17.0
      thresh= 2.334E-06 alpha_mix =  0.700 |ddv_scf|^2 =  3.417E-10

      iter #   3 total cpu time :216596.0 secs   av.it.:  16.0
      thresh= 1.849E-06 alpha_mix =  0.700 |ddv_scf|^2 =  2.738E-12

      iter #   4 total cpu time :216813.9 secs   av.it.:  16.9
      thresh= 1.655E-07 alpha_mix =  0.700 |ddv_scf|^2 =  2.532E-13

      iter #   5 total cpu time :217034.4 secs   av.it.:  17.0
      thresh= 5.032E-08 alpha_mix =  0.700 |ddv_scf|^2 =  1.677E-14

      iter #   6 total cpu time :217247.5 secs   av.it.:  17.0
      thresh= 1.295E-08 alpha_mix =  0.700 |ddv_scf|^2 =  6.156E-16

     End of self-consistent calculation

     Convergence has been achieved 


     Representation #  15 modes #  29  30

     Self-consistent Calculation

      iter #   1 total cpu time :217374.7 secs   av.it.:   6.2
      thresh= 1.000E-02 alpha_mix =  0.700 |ddv_scf|^2 =  1.751E-08

      iter #   2 total cpu time :217591.8 secs   av.it.:  16.9
      thresh= 1.323E-05 alpha_mix =  0.700 |ddv_scf|^2 =  5.490E-09

      iter #   3 total cpu time :217805.4 secs   av.it.:  16.7
      thresh= 7.410E-06 alpha_mix =  0.700 |ddv_scf|^2 =  4.050E-11

      iter #   4 total cpu time :218023.7 secs   av.it.:  16.9
      thresh= 6.364E-07 alpha_mix =  0.700 |ddv_scf|^2 =  2.036E-12

      iter #   5 total cpu time :218243.3 secs   av.it.:  16.9
      thresh= 1.427E-07 alpha_mix =  0.700 |ddv_scf|^2 =  9.242E-14

      iter #   6 total cpu time :218458.8 secs   av.it.:  16.8
      thresh= 3.040E-08 alpha_mix =  0.700 |ddv_scf|^2 =  1.758E-14

      iter #   7 total cpu time :218669.2 secs   av.it.:  15.9
      thresh= 1.326E-08 alpha_mix =  0.700 |ddv_scf|^2 =  5.163E-16

     End of self-consistent calculation

     Convergence has been achieved 


     Representation #  16 modes #  31  32

     Self-consistent Calculation

      iter #   1 total cpu time :218759.9 secs   av.it.:   3.0
      thresh= 1.000E-02 alpha_mix =  0.700 |ddv_scf|^2 =  3.222E-10

      iter #   2 total cpu time :218980.1 secs   av.it.:  17.0
      thresh= 1.795E-06 alpha_mix =  0.700 |ddv_scf|^2 =  1.435E-10

      iter #   3 total cpu time :219192.4 secs   av.it.:  16.0
      thresh= 1.198E-06 alpha_mix =  0.700 |ddv_scf|^2 =  3.135E-12

      iter #   4 total cpu time :219406.1 secs   av.it.:  16.4
      thresh= 1.770E-07 alpha_mix =  0.700 |ddv_scf|^2 =  2.103E-13

      iter #   5 total cpu time :219622.2 secs   av.it.:  16.9
      thresh= 4.586E-08 alpha_mix =  0.700 |ddv_scf|^2 =  9.474E-15

     End of self-consistent calculation

     Convergence has been achieved 


     Representation #  17 modes #  33  34

     Self-consistent Calculation

      iter #   1 total cpu time :219712.6 secs   av.it.:   3.0
      thresh= 1.000E-02 alpha_mix =  0.700 |ddv_scf|^2 =  4.854E-10

      iter #   2 total cpu time :219932.3 secs   av.it.:  17.0
      thresh= 2.203E-06 alpha_mix =  0.700 |ddv_scf|^2 =  2.064E-10

      iter #   3 total cpu time :220144.7 secs   av.it.:  16.0
      thresh= 1.437E-06 alpha_mix =  0.700 |ddv_scf|^2 =  4.057E-12

      iter #   4 total cpu time :220361.3 secs   av.it.:  16.5
      thresh= 2.014E-07 alpha_mix =  0.700 |ddv_scf|^2 =  1.592E-13

      iter #   5 total cpu time :220579.8 secs   av.it.:  16.9
      thresh= 3.990E-08 alpha_mix =  0.700 |ddv_scf|^2 =  1.563E-14

      iter #   6 total cpu time :220794.9 secs   av.it.:  16.9
      thresh= 1.250E-08 alpha_mix =  0.700 |ddv_scf|^2 =  9.605E-16

     End of self-consistent calculation

     Convergence has been achieved 


     Representation #  18 modes #  35  36

     Self-consistent Calculation

      iter #   1 total cpu time :220901.9 secs   av.it.:   5.0
      thresh= 1.000E-02 alpha_mix =  0.700 |ddv_scf|^2 =  4.852E-09

      iter #   2 total cpu time :221139.2 secs   av.it.:  17.0
      thresh= 6.966E-06 alpha_mix =  0.700 |ddv_scf|^2 =  3.014E-09

      iter #   3 total cpu time :221353.3 secs   av.it.:  16.0
      thresh= 5.490E-06 alpha_mix =  0.700 |ddv_scf|^2 =  1.949E-11

      iter #   4 total cpu time :221565.4 secs   av.it.:  17.0
      thresh= 4.415E-07 alpha_mix =  0.700 |ddv_scf|^2 =  1.342E-12

      iter #   5 total cpu time :221780.8 secs   av.it.:  17.0
      thresh= 1.158E-07 alpha_mix =  0.700 |ddv_scf|^2 =  1.321E-13

      iter #   6 total cpu time :221995.5 secs   av.it.:  17.0
      thresh= 3.634E-08 alpha_mix =  0.700 |ddv_scf|^2 =  3.385E-15

     End of self-consistent calculation

     Convergence has been achieved 


     Representation #  19 modes #  37  38

     Self-consistent Calculation

      iter #   1 total cpu time :222089.9 secs   av.it.:   3.9
      thresh= 1.000E-02 alpha_mix =  0.700 |ddv_scf|^2 =  1.172E-09

      iter #   2 total cpu time :222302.5 secs   av.it.:  17.0
      thresh= 3.424E-06 alpha_mix =  0.700 |ddv_scf|^2 =  8.772E-10

      iter #   3 total cpu time :222512.7 secs   av.it.:  16.0
      thresh= 2.962E-06 alpha_mix =  0.700 |ddv_scf|^2 =  1.889E-12

      iter #   4 total cpu time :222727.3 secs   av.it.:  17.0
      thresh= 1.374E-07 alpha_mix =  0.700 |ddv_scf|^2 =  3.256E-13

      iter #   5 total cpu time :222939.4 secs   av.it.:  17.0
      thresh= 5.706E-08 alpha_mix =  0.700 |ddv_scf|^2 =  1.137E-14

      iter #   6 total cpu time :223160.5 secs   av.it.:  17.0
      thresh= 1.066E-08 alpha_mix =  0.700 |ddv_scf|^2 =  8.739E-16

     End of self-consistent calculation

     Convergence has been achieved 


     Representation #  20 modes #  39  40

     Self-consistent Calculation

      iter #   1 total cpu time :223267.2 secs   av.it.:   4.3
      thresh= 1.000E-02 alpha_mix =  0.700 |ddv_scf|^2 =  2.593E-09

      iter #   2 total cpu time :223488.8 secs   av.it.:  17.0
      thresh= 5.092E-06 alpha_mix =  0.700 |ddv_scf|^2 =  9.769E-10

      iter #   3 total cpu time :223700.8 secs   av.it.:  16.0
      thresh= 3.126E-06 alpha_mix =  0.700 |ddv_scf|^2 =  3.223E-11

      iter #   4 total cpu time :223915.3 secs   av.it.:  16.0
      thresh= 5.677E-07 alpha_mix =  0.700 |ddv_scf|^2 =  7.132E-13

      iter #   5 total cpu time :224133.1 secs   av.it.:  17.0
      thresh= 8.445E-08 alpha_mix =  0.700 |ddv_scf|^2 =  1.019E-13

      iter #   6 total cpu time :224344.0 secs   av.it.:  17.0
      thresh= 3.192E-08 alpha_mix =  0.700 |ddv_scf|^2 =  1.947E-15

     End of self-consistent calculation

     Convergence has been achieved 


     Representation #  21 modes #  41  42

     Self-consistent Calculation

      iter #   1 total cpu time :224432.6 secs   av.it.:   3.0
      thresh= 1.000E-02 alpha_mix =  0.700 |ddv_scf|^2 =  3.386E-10

      iter #   2 total cpu time :224648.1 secs   av.it.:  17.0
      thresh= 1.840E-06 alpha_mix =  0.700 |ddv_scf|^2 =  1.556E-10

      iter #   3 total cpu time :224855.7 secs   av.it.:  16.2
      thresh= 1.247E-06 alpha_mix =  0.700 |ddv_scf|^2 =  3.267E-12

      iter #   4 total cpu time :225062.5 secs   av.it.:  16.2
      thresh= 1.807E-07 alpha_mix =  0.700 |ddv_scf|^2 =  2.458E-13

      iter #   5 total cpu time :225271.7 secs   av.it.:  16.9
      thresh= 4.958E-08 alpha_mix =  0.700 |ddv_scf|^2 =  1.192E-14

      iter #   6 total cpu time :225481.3 secs   av.it.:  17.0
      thresh= 1.092E-08 alpha_mix =  0.700 |ddv_scf|^2 =  7.358E-16

     End of self-consistent calculation

     Convergence has been achieved 


     Representation #  22 modes #  43  44

     Self-consistent Calculation

      iter #   1 total cpu time :225572.3 secs   av.it.:   3.1
      thresh= 1.000E-02 alpha_mix =  0.700 |ddv_scf|^2 =  6.200E-10

      iter #   2 total cpu time :225781.6 secs   av.it.:  17.0
      thresh= 2.490E-06 alpha_mix =  0.700 |ddv_scf|^2 =  4.351E-10

      iter #   3 total cpu time :225990.4 secs   av.it.:  16.0
      thresh= 2.086E-06 alpha_mix =  0.700 |ddv_scf|^2 =  1.884E-12

      iter #   4 total cpu time :226214.3 secs   av.it.:  17.0
      thresh= 1.372E-07 alpha_mix =  0.700 |ddv_scf|^2 =  3.135E-13

      iter #   5 total cpu time :226432.7 secs   av.it.:  16.9
      thresh= 5.599E-08 alpha_mix =  0.700 |ddv_scf|^2 =  1.138E-14

      iter #   6 total cpu time :226653.1 secs   av.it.:  17.0
      thresh= 1.067E-08 alpha_mix =  0.700 |ddv_scf|^2 =  1.314E-15

     End of self-consistent calculation

     Convergence has been achieved 


     Representation #  23 modes #  45  46

     Self-consistent Calculation

      iter #   1 total cpu time :226743.2 secs   av.it.:   3.0
      thresh= 1.000E-02 alpha_mix =  0.700 |ddv_scf|^2 =  1.736E-10

      iter #   2 total cpu time :226959.5 secs   av.it.:  17.0
      thresh= 1.317E-06 alpha_mix =  0.700 |ddv_scf|^2 =  6.826E-11

      iter #   3 total cpu time :227176.6 secs   av.it.:  16.4
      thresh= 8.262E-07 alpha_mix =  0.700 |ddv_scf|^2 =  2.179E-12

      iter #   4 total cpu time :227386.5 secs   av.it.:  16.7
      thresh= 1.476E-07 alpha_mix =  0.700 |ddv_scf|^2 =  1.530E-13

      iter #   5 total cpu time :227604.0 secs   av.it.:  16.9
      thresh= 3.911E-08 alpha_mix =  0.700 |ddv_scf|^2 =  1.287E-14

      iter #   6 total cpu time :227821.6 secs   av.it.:  17.0
      thresh= 1.134E-08 alpha_mix =  0.700 |ddv_scf|^2 =  7.456E-16

     End of self-consistent calculation

     Convergence has been achieved 


     Representation #  24 modes #  47  48

     Self-consistent Calculation

      iter #   1 total cpu time :227910.9 secs   av.it.:   3.0
      thresh= 1.000E-02 alpha_mix =  0.700 |ddv_scf|^2 =  2.306E-10

      iter #   2 total cpu time :228126.3 secs   av.it.:  17.0
      thresh= 1.519E-06 alpha_mix =  0.700 |ddv_scf|^2 =  6.776E-11

      iter #   3 total cpu time :228345.0 secs   av.it.:  17.0
      thresh= 8.231E-07 alpha_mix =  0.700 |ddv_scf|^2 =  2.479E-12

      iter #   4 total cpu time :228554.4 secs   av.it.:  16.9
      thresh= 1.574E-07 alpha_mix =  0.700 |ddv_scf|^2 =  1.608E-13

      iter #   5 total cpu time :228761.8 secs   av.it.:  16.1
      thresh= 4.011E-08 alpha_mix =  0.700 |ddv_scf|^2 =  1.247E-14

      iter #   6 total cpu time :228971.8 secs   av.it.:  16.9
      thresh= 1.117E-08 alpha_mix =  0.700 |ddv_scf|^2 =  7.200E-16

     End of self-consistent calculation

     Convergence has been achieved 


     Representation #  25 modes #  49  50

     Self-consistent Calculation

      iter #   1 total cpu time :229076.4 secs   av.it.:   4.5
      thresh= 1.000E-02 alpha_mix =  0.700 |ddv_scf|^2 =  2.649E-09

      iter #   2 total cpu time :229290.4 secs   av.it.:  17.0
      thresh= 5.147E-06 alpha_mix =  0.700 |ddv_scf|^2 =  9.764E-10

      iter #   3 total cpu time :229495.5 secs   av.it.:  16.0
      thresh= 3.125E-06 alpha_mix =  0.700 |ddv_scf|^2 =  3.304E-11

      iter #   4 total cpu time :229709.4 secs   av.it.:  16.0
      thresh= 5.748E-07 alpha_mix =  0.700 |ddv_scf|^2 =  8.329E-13

      iter #   5 total cpu time :229933.5 secs   av.it.:  17.0
      thresh= 9.126E-08 alpha_mix =  0.700 |ddv_scf|^2 =  1.326E-13

      iter #   6 total cpu time :230147.5 secs   av.it.:  17.0
      thresh= 3.641E-08 alpha_mix =  0.700 |ddv_scf|^2 =  1.729E-15

     End of self-consistent calculation

     Convergence has been achieved 


     Representation #  26 modes #  51  52

     Self-consistent Calculation

      iter #   1 total cpu time :230242.4 secs   av.it.:   3.9
      thresh= 1.000E-02 alpha_mix =  0.700 |ddv_scf|^2 =  1.037E-09

      iter #   2 total cpu time :230457.1 secs   av.it.:  17.0
      thresh= 3.220E-06 alpha_mix =  0.700 |ddv_scf|^2 =  7.310E-10

      iter #   3 total cpu time :230663.0 secs   av.it.:  16.0
      thresh= 2.704E-06 alpha_mix =  0.700 |ddv_scf|^2 =  2.308E-12

      iter #   4 total cpu time :230880.3 secs   av.it.:  17.0
      thresh= 1.519E-07 alpha_mix =  0.700 |ddv_scf|^2 =  3.034E-13

      iter #   5 total cpu time :231101.6 secs   av.it.:  17.0
      thresh= 5.509E-08 alpha_mix =  0.700 |ddv_scf|^2 =  1.209E-14

      iter #   6 total cpu time :231324.9 secs   av.it.:  17.0
      thresh= 1.099E-08 alpha_mix =  0.700 |ddv_scf|^2 =  8.023E-16

     End of self-consistent calculation

     Convergence has been achieved 


     Representation #  27 modes #  53  54

     Self-consistent Calculation

      iter #   1 total cpu time :231455.2 secs   av.it.:   6.4
      thresh= 1.000E-02 alpha_mix =  0.700 |ddv_scf|^2 =  1.748E-08

      iter #   2 total cpu time :231675.1 secs   av.it.:  16.9
      thresh= 1.322E-05 alpha_mix =  0.700 |ddv_scf|^2 =  6.430E-09

      iter #   3 total cpu time :231889.4 secs   av.it.:  15.9
      thresh= 8.019E-06 alpha_mix =  0.700 |ddv_scf|^2 =  1.737E-11

      iter #   4 total cpu time :232103.7 secs   av.it.:  16.7
      thresh= 4.168E-07 alpha_mix =  0.700 |ddv_scf|^2 =  3.218E-12

      iter #   5 total cpu time :232311.5 secs   av.it.:  16.1
      thresh= 1.794E-07 alpha_mix =  0.700 |ddv_scf|^2 =  1.452E-13

      iter #   6 total cpu time :232518.5 secs   av.it.:  16.3
      thresh= 3.811E-08 alpha_mix =  0.700 |ddv_scf|^2 =  6.448E-15

     End of self-consistent calculation

     Convergence has been achieved 


     Representation #  28 modes #  55  56

     Self-consistent Calculation

      iter #   1 total cpu time :232607.6 secs   av.it.:   3.0
      thresh= 1.000E-02 alpha_mix =  0.700 |ddv_scf|^2 =  4.793E-10

      iter #   2 total cpu time :232825.9 secs   av.it.:  17.0
      thresh= 2.189E-06 alpha_mix =  0.700 |ddv_scf|^2 =  2.353E-10

      iter #   3 total cpu time :233030.5 secs   av.it.:  16.0
      thresh= 1.534E-06 alpha_mix =  0.700 |ddv_scf|^2 =  3.830E-12

      iter #   4 total cpu time :233238.7 secs   av.it.:  16.2
      thresh= 1.957E-07 alpha_mix =  0.700 |ddv_scf|^2 =  1.129E-13

      iter #   5 total cpu time :233452.2 secs   av.it.:  17.0
      thresh= 3.360E-08 alpha_mix =  0.700 |ddv_scf|^2 =  1.043E-14

      iter #   6 total cpu time :233664.6 secs   av.it.:  17.0
      thresh= 1.021E-08 alpha_mix =  0.700 |ddv_scf|^2 =  9.109E-16

     End of self-consistent calculation

     Convergence has been achieved 


     Representation #  29 modes #  57  58

     Self-consistent Calculation

      iter #   1 total cpu time :233756.7 secs   av.it.:   3.3
      thresh= 1.000E-02 alpha_mix =  0.700 |ddv_scf|^2 =  7.026E-10

      iter #   2 total cpu time :233969.8 secs   av.it.:  17.0
      thresh= 2.651E-06 alpha_mix =  0.700 |ddv_scf|^2 =  3.981E-10

      iter #   3 total cpu time :234173.7 secs   av.it.:  16.0
      thresh= 1.995E-06 alpha_mix =  0.700 |ddv_scf|^2 =  2.456E-12

      iter #   4 total cpu time :234381.9 secs   av.it.:  16.6
      thresh= 1.567E-07 alpha_mix =  0.700 |ddv_scf|^2 =  2.834E-13

      iter #   5 total cpu time :234593.3 secs   av.it.:  16.9
      thresh= 5.324E-08 alpha_mix =  0.700 |ddv_scf|^2 =  9.087E-15

     End of self-consistent calculation

     Convergence has been achieved 


     Representation #  30 modes #  59  60

     Self-consistent Calculation

      iter #   1 total cpu time :234701.0 secs   av.it.:   5.0
      thresh= 1.000E-02 alpha_mix =  0.700 |ddv_scf|^2 =  1.294E-08

      iter #   2 total cpu time :234906.7 secs   av.it.:  16.5
      thresh= 1.137E-05 alpha_mix =  0.700 |ddv_scf|^2 =  1.054E-08

      iter #   3 total cpu time :235102.2 secs   av.it.:  15.6
      thresh= 1.027E-05 alpha_mix =  0.700 |ddv_scf|^2 =  9.522E-12

      iter #   4 total cpu time :235317.7 secs   av.it.:  17.0
      thresh= 3.086E-07 alpha_mix =  0.700 |ddv_scf|^2 =  1.421E-12

      iter #   5 total cpu time :235532.1 secs   av.it.:  17.0
      thresh= 1.192E-07 alpha_mix =  0.700 |ddv_scf|^2 =  9.474E-14

      iter #   6 total cpu time :235746.2 secs   av.it.:  17.0
      thresh= 3.078E-08 alpha_mix =  0.700 |ddv_scf|^2 =  2.837E-15

     End of self-consistent calculation

     Convergence has been achieved 


     Representation #  31 modes #  61  62

     Self-consistent Calculation

      iter #   1 total cpu time :235839.6 secs   av.it.:   3.7
      thresh= 1.000E-02 alpha_mix =  0.700 |ddv_scf|^2 =  6.561E-10

      iter #   2 total cpu time :236064.2 secs   av.it.:  17.0
      thresh= 2.561E-06 alpha_mix =  0.700 |ddv_scf|^2 =  3.053E-10

      iter #   3 total cpu time :236280.9 secs   av.it.:  16.3
      thresh= 1.747E-06 alpha_mix =  0.700 |ddv_scf|^2 =  1.247E-12

      iter #   4 total cpu time :236504.1 secs   av.it.:  17.0
      thresh= 1.117E-07 alpha_mix =  0.700 |ddv_scf|^2 =  3.477E-13

      iter #   5 total cpu time :236717.6 secs   av.it.:  16.0
      thresh= 5.896E-08 alpha_mix =  0.700 |ddv_scf|^2 =  9.182E-15

     End of self-consistent calculation

     Convergence has been achieved 


     Representation #  32 modes #  63  64

     Self-consistent Calculation

      iter #   1 total cpu time :236809.6 secs   av.it.:   3.0
      thresh= 1.000E-02 alpha_mix =  0.700 |ddv_scf|^2 =  7.230E-10

      iter #   2 total cpu time :237022.7 secs   av.it.:  17.0
      thresh= 2.689E-06 alpha_mix =  0.700 |ddv_scf|^2 =  3.938E-10

      iter #   3 total cpu time :237229.7 secs   av.it.:  16.0
      thresh= 1.985E-06 alpha_mix =  0.700 |ddv_scf|^2 =  2.452E-12

      iter #   4 total cpu time :237440.4 secs   av.it.:  17.0
      thresh= 1.566E-07 alpha_mix =  0.700 |ddv_scf|^2 =  3.361E-13

      iter #   5 total cpu time :237649.2 secs   av.it.:  16.9
      thresh= 5.797E-08 alpha_mix =  0.700 |ddv_scf|^2 =  8.716E-15

     End of self-consistent calculation

     Convergence has been achieved 


     Representation #  33 modes #  65  66

     Self-consistent Calculation

      iter #   1 total cpu time :237741.9 secs   av.it.:   3.6
      thresh= 1.000E-02 alpha_mix =  0.700 |ddv_scf|^2 =  1.642E-09

      iter #   2 total cpu time :237957.6 secs   av.it.:  17.0
      thresh= 4.052E-06 alpha_mix =  0.700 |ddv_scf|^2 =  1.144E-09

      iter #   3 total cpu time :238164.5 secs   av.it.:  16.0
      thresh= 3.382E-06 alpha_mix =  0.700 |ddv_scf|^2 =  2.163E-12

      iter #   4 total cpu time :238380.5 secs   av.it.:  17.0
      thresh= 1.471E-07 alpha_mix =  0.700 |ddv_scf|^2 =  2.638E-13

      iter #   5 total cpu time :238589.9 secs   av.it.:  17.0
      thresh= 5.136E-08 alpha_mix =  0.700 |ddv_scf|^2 =  1.740E-14

      iter #   6 total cpu time :238795.8 secs   av.it.:  16.5
      thresh= 1.319E-08 alpha_mix =  0.700 |ddv_scf|^2 =  1.152E-15

     End of self-consistent calculation

     Convergence has been achieved 

     Number of q in the star =    1
     List of q in the star:
          1  -0.500000000   0.000000000  -0.798945035

     Diagonalizing the dynamical matrix

     q = (   -0.500000000   0.000000000  -0.798945035 ) 

 **************************************************************************
     freq (    1) =       1.366866 [THz] =      45.593738 [cm-1]
     freq (    2) =       1.366866 [THz] =      45.593738 [cm-1]
     freq (    3) =       1.636077 [THz] =      54.573643 [cm-1]
     freq (    4) =       1.636077 [THz] =      54.573643 [cm-1]
     freq (    5) =       3.405674 [THz] =     113.601061 [cm-1]
     freq (    6) =       3.405674 [THz] =     113.601061 [cm-1]
     freq (    7) =       4.151376 [THz] =     138.474999 [cm-1]
     freq (    8) =       4.151376 [THz] =     138.474999 [cm-1]
     freq (    9) =       4.212375 [THz] =     140.509711 [cm-1]
     freq (   10) =       4.212375 [THz] =     140.509711 [cm-1]
     freq (   11) =       6.377803 [THz] =     212.740600 [cm-1]
     freq (   12) =       6.377803 [THz] =     212.740600 [cm-1]
     freq (   13) =       7.017925 [THz] =     234.092782 [cm-1]
     freq (   14) =       7.017925 [THz] =     234.092782 [cm-1]
     freq (   15) =       7.121530 [THz] =     237.548673 [cm-1]
     freq (   16) =       7.121530 [THz] =     237.548673 [cm-1]
     freq (   17) =       8.294192 [THz] =     276.664462 [cm-1]
     freq (   18) =       8.294192 [THz] =     276.664462 [cm-1]
     freq (   19) =       8.520997 [THz] =     284.229874 [cm-1]
     freq (   20) =       8.520997 [THz] =     284.229874 [cm-1]
     freq (   21) =       8.700521 [THz] =     290.218135 [cm-1]
     freq (   22) =       8.700521 [THz] =     290.218135 [cm-1]
     freq (   23) =       8.997881 [THz] =     300.136988 [cm-1]
     freq (   24) =       8.997881 [THz] =     300.136988 [cm-1]
     freq (   25) =       9.498432 [THz] =     316.833599 [cm-1]
     freq (   26) =       9.498432 [THz] =     316.833599 [cm-1]
     freq (   27) =      12.118898 [THz] =     404.242932 [cm-1]
     freq (   28) =      12.118898 [THz] =     404.242932 [cm-1]
     freq (   29) =      12.324691 [THz] =     411.107442 [cm-1]
     freq (   30) =      12.324691 [THz] =     411.107442 [cm-1]
     freq (   31) =      30.425715 [THz] =    1014.892597 [cm-1]
     freq (   32) =      30.425715 [THz] =    1014.892597 [cm-1]
     freq (   33) =      30.629841 [THz] =    1021.701523 [cm-1]
     freq (   34) =      30.629841 [THz] =    1021.701523 [cm-1]
     freq (   35) =      31.902294 [THz] =    1064.145973 [cm-1]
     freq (   36) =      31.902294 [THz] =    1064.145973 [cm-1]
     freq (   37) =      31.986295 [THz] =    1066.947955 [cm-1]
     freq (   38) =      31.986295 [THz] =    1066.947955 [cm-1]
     freq (   39) =      32.742380 [THz] =    1092.168233 [cm-1]
     freq (   40) =      32.742380 [THz] =    1092.168233 [cm-1]
     freq (   41) =      32.812247 [THz] =    1094.498736 [cm-1]
     freq (   42) =      32.812247 [THz] =    1094.498736 [cm-1]
     freq (   43) =      35.796348 [THz] =    1194.037645 [cm-1]
     freq (   44) =      35.796348 [THz] =    1194.037645 [cm-1]
     freq (   45) =      35.825006 [THz] =    1194.993587 [cm-1]
     freq (   46) =      35.825006 [THz] =    1194.993587 [cm-1]
     freq (   47) =      36.335459 [THz] =    1212.020444 [cm-1]
     freq (   48) =      36.335459 [THz] =    1212.020444 [cm-1]
     freq (   49) =      36.569711 [THz] =    1219.834273 [cm-1]
     freq (   50) =      36.569711 [THz] =    1219.834273 [cm-1]
     freq (   51) =      68.508670 [THz] =    2285.203261 [cm-1]
     freq (   52) =      68.508670 [THz] =    2285.203261 [cm-1]
     freq (   53) =      68.522036 [THz] =    2285.649109 [cm-1]
     freq (   54) =      68.522036 [THz] =    2285.649109 [cm-1]
     freq (   55) =      70.064901 [THz] =    2337.113540 [cm-1]
     freq (   56) =      70.064901 [THz] =    2337.113540 [cm-1]
     freq (   57) =      70.272495 [THz] =    2344.038117 [cm-1]
     freq (   58) =      70.272495 [THz] =    2344.038117 [cm-1]
     freq (   59) =      70.550964 [THz] =    2353.326844 [cm-1]
     freq (   60) =      70.550964 [THz] =    2353.326844 [cm-1]
     freq (   61) =      70.559567 [THz] =    2353.613815 [cm-1]
     freq (   62) =      70.559567 [THz] =    2353.613815 [cm-1]
     freq (   63) =      71.462820 [THz] =    2383.743092 [cm-1]
     freq (   64) =      71.462820 [THz] =    2383.743092 [cm-1]
     freq (   65) =      71.564629 [THz] =    2387.139077 [cm-1]
     freq (   66) =      71.564629 [THz] =    2387.139077 [cm-1]
 **************************************************************************

     Calculation of q =   -0.5000000  -0.5057443   0.0000000

     Parallelization info
     --------------------
     sticks:   dense  smooth     PW     G-vecs:    dense   smooth      PW
     Min         501     250     68                26015     9198    1304
     Max         503     251     69                26017     9201    1306
     Sum       12031    6005   1633               624371   220763   31329

     Using Slab Decomposition



     bravais-lattice index     =            8
     lattice parameter (alat)  =      13.8222  a.u.
     unit-cell volume          =    1633.8810 (a.u.)^3
     number of atoms/cell      =           22
     number of atomic types    =            3
     number of electrons       =        48.00
     number of Kohn-Sham states=           24
     kinetic-energy cutoff     =     100.0000  Ry
     charge density cutoff     =     800.0000  Ry
     Exchange-correlation= PBESOL
                           (   1   4  10   8   0   0   0)

     celldm(1)=  13.822166  celldm(2)=   0.988642  celldm(3)=   0.625825
     celldm(4)=   0.000000  celldm(5)=   0.000000  celldm(6)=   0.000000

     crystal axes: (cart. coord. in units of alat)
               a(1) = (   1.000000   0.000000   0.000000 )  
               a(2) = (   0.000000   0.988642   0.000000 )  
               a(3) = (   0.000000   0.000000   0.625825 )  

     reciprocal axes: (cart. coord. in units 2 pi/alat)
               b(1) = (  1.000000  0.000000  0.000000 )  
               b(2) = (  0.000000  1.011489  0.000000 )  
               b(3) = (  0.000000  0.000000  1.597890 )  


     PseudoPot. # 1 for B  read from file:
     /home/mehlhorn/pseudos/b_pbesol_v1.4.uspp.F.UPF
     MD5 check sum: 369b69bef2c3aeed4453bd8b804fd6a8
     Pseudo is Ultrasoft + core correction, Zval =  3.0
     Generated by new atomic code, or converted to UPF format
     Using radial grid of  781 points,  4 beta functions with: 
                l(1) =   0
                l(2) =   0
                l(3) =   1
                l(4) =   1
     Q(r) pseudized with  8 coefficients,  rinner =    1.100   1.100   1.100


     PseudoPot. # 2 for Ba read from file:
     /home/mehlhorn/pseudos/Ba.nc.z_10.oncvpsp4.dojo.v4-sp.upf
     MD5 check sum: c10ed334bb677c0554edec7181ce9143
     Pseudo is Norm-conserving + core correction, Zval = 10.0
     Generated using ONCVPSP code by D. R. Hamann
     Using radial grid of 1938 points,  8 beta functions with: 
                l(1) =   0
                l(2) =   0
                l(3) =   1
                l(4) =   1
                l(5) =   2
                l(6) =   2
                l(7) =   3
                l(8) =   3

     PseudoPot. # 3 for H  read from file:
     /home/mehlhorn/pseudos/H_ONCV_PBEsol-1.0.upf
     MD5 check sum: 398ef8f67c0a7342c05c87c5e19ea467
     Pseudo is Norm-conserving, Zval =  1.0
     Generated using ONCVPSP code by D. R. Hamann
     Using radial grid of 1180 points,  2 beta functions with: 
                l(1) =   0
                l(2) =   0

     atomic species   valence    mass     pseudopotential
     B                 3.00    10.81100     B ( 1.00)
     Ba               10.00   137.32700     Ba( 1.00)
     H                 1.00     1.00794     H ( 1.00)

      4 Sym. Ops. (no inversion) found



   Cartesian axes

     site n.     atom                  positions (alat units)
         1        Ba     tau(   1) = (   0.5000000   0.4943209   0.3129269  )
         2        Ba     tau(   2) = (   0.0000000   0.0000000   0.6258110  )
         3        B      tau(   3) = (   0.6506416   0.2739151   0.0000135  )
         4        B      tau(   4) = (   0.3493584   0.7147268   0.0000135  )
         5        B      tau(   5) = (   0.1506416   0.2204059   0.3128991  )
         6        B      tau(   6) = (   0.8493584   0.7682360   0.3128991  )
         7        H      tau(   7) = (   0.4819832   0.2783418   0.0000138  )
         8        H      tau(   8) = (   0.5180168   0.7103001   0.0000138  )
         9        H      tau(   9) = (   0.9819832   0.2159792   0.3128988  )
        10        H      tau(  10) = (   0.0180168   0.7726627   0.3128988  )
        11        H      tau(  11) = (   0.7124279   0.4312567   0.0000147  )
        12        H      tau(  12) = (   0.2875721   0.5573851   0.0000147  )
        13        H      tau(  13) = (   0.2124279   0.0630642   0.3128979  )
        14        H      tau(  14) = (   0.7875721   0.9255777   0.3128979  )
        15        H      tau(  15) = (   0.7007933   0.1949551   0.4861041  )
        16        H      tau(  16) = (   0.2992067   0.7936867   0.4861041  )
        17        H      tau(  17) = (   0.2007933   0.2993658   0.4526338  )
        18        H      tau(  18) = (   0.7992067   0.6892760   0.4526338  )
        19        H      tau(  19) = (   0.2991845   0.7936807   0.1397434  )
        20        H      tau(  20) = (   0.7008155   0.1949611   0.1397434  )
        21        H      tau(  21) = (   0.7991845   0.6892821   0.1731692  )
        22        H      tau(  22) = (   0.2008155   0.2993598   0.1731692  )

     number of k points=    54
                       cart. coord. in units 2pi/alat
        k(    1) = (   0.0000000   0.0000000   0.0000000), wk =   0.0160000
        k(    2) = (  -0.5000000  -0.5057443   0.0000000), wk =   0.0000000
        k(    3) = (   0.0000000   0.0000000   0.3195780), wk =   0.0320000
        k(    4) = (  -0.5000000  -0.5057443   0.3195780), wk =   0.0000000
        k(    5) = (   0.0000000   0.0000000   0.6391560), wk =   0.0320000
        k(    6) = (  -0.5000000  -0.5057443   0.6391560), wk =   0.0000000
        k(    7) = (   0.0000000   0.2022977   0.0000000), wk =   0.0320000
        k(    8) = (  -0.5000000  -0.3034466   0.0000000), wk =   0.0000000
        k(    9) = (   0.0000000   0.2022977   0.3195780), wk =   0.0640000
        k(   10) = (  -0.5000000  -0.3034466   0.3195780), wk =   0.0000000
        k(   11) = (   0.0000000   0.2022977   0.6391560), wk =   0.0640000
        k(   12) = (  -0.5000000  -0.3034466   0.6391560), wk =   0.0000000
        k(   13) = (   0.0000000   0.4045955   0.0000000), wk =   0.0320000
        k(   14) = (  -0.5000000  -0.1011489   0.0000000), wk =   0.0000000
        k(   15) = (   0.0000000   0.4045955   0.3195780), wk =   0.0640000
        k(   16) = (  -0.5000000  -0.1011489   0.3195780), wk =   0.0000000
        k(   17) = (   0.0000000   0.4045955   0.6391560), wk =   0.0640000
        k(   18) = (  -0.5000000  -0.1011489   0.6391560), wk =   0.0000000
        k(   19) = (   0.2000000   0.0000000   0.0000000), wk =   0.0320000
        k(   20) = (  -0.3000000  -0.5057443   0.0000000), wk =   0.0000000
        k(   21) = (   0.2000000   0.0000000   0.3195780), wk =   0.0640000
        k(   22) = (  -0.3000000  -0.5057443   0.3195780), wk =   0.0000000
        k(   23) = (   0.2000000   0.0000000   0.6391560), wk =   0.0640000
        k(   24) = (  -0.3000000  -0.5057443   0.6391560), wk =   0.0000000
        k(   25) = (   0.2000000   0.2022977   0.0000000), wk =   0.0640000
        k(   26) = (  -0.3000000  -0.3034466   0.0000000), wk =   0.0000000
        k(   27) = (   0.2000000   0.2022977   0.3195780), wk =   0.1280000
        k(   28) = (  -0.3000000  -0.3034466   0.3195780), wk =   0.0000000
        k(   29) = (   0.2000000   0.2022977   0.6391560), wk =   0.1280000
        k(   30) = (  -0.3000000  -0.3034466   0.6391560), wk =   0.0000000
        k(   31) = (   0.2000000   0.4045955   0.0000000), wk =   0.0640000
        k(   32) = (  -0.3000000  -0.1011489   0.0000000), wk =   0.0000000
        k(   33) = (   0.2000000   0.4045955   0.3195780), wk =   0.1280000
        k(   34) = (  -0.3000000  -0.1011489   0.3195780), wk =   0.0000000
        k(   35) = (   0.2000000   0.4045955   0.6391560), wk =   0.1280000
        k(   36) = (  -0.3000000  -0.1011489   0.6391560), wk =   0.0000000
        k(   37) = (   0.4000000   0.0000000   0.0000000), wk =   0.0320000
        k(   38) = (  -0.1000000  -0.5057443   0.0000000), wk =   0.0000000
        k(   39) = (   0.4000000   0.0000000   0.3195780), wk =   0.0640000
        k(   40) = (  -0.1000000  -0.5057443   0.3195780), wk =   0.0000000
        k(   41) = (   0.4000000   0.0000000   0.6391560), wk =   0.0640000
        k(   42) = (  -0.1000000  -0.5057443   0.6391560), wk =   0.0000000
        k(   43) = (   0.4000000   0.2022977   0.0000000), wk =   0.0640000
        k(   44) = (  -0.1000000  -0.3034466   0.0000000), wk =   0.0000000
        k(   45) = (   0.4000000   0.2022977   0.3195780), wk =   0.1280000
        k(   46) = (  -0.1000000  -0.3034466   0.3195780), wk =   0.0000000
        k(   47) = (   0.4000000   0.2022977   0.6391560), wk =   0.1280000
        k(   48) = (  -0.1000000  -0.3034466   0.6391560), wk =   0.0000000
        k(   49) = (   0.4000000   0.4045955   0.0000000), wk =   0.0640000
        k(   50) = (  -0.1000000  -0.1011489   0.0000000), wk =   0.0000000
        k(   51) = (   0.4000000   0.4045955   0.3195780), wk =   0.1280000
        k(   52) = (  -0.1000000  -0.1011489   0.3195780), wk =   0.0000000
        k(   53) = (   0.4000000   0.4045955   0.6391560), wk =   0.1280000
        k(   54) = (  -0.1000000  -0.1011489   0.6391560), wk =   0.0000000

     Dense  grid:   624371 G-vectors     FFT dimensions: ( 128, 128,  80)

     Smooth grid:   220763 G-vectors     FFT dimensions: (  90,  90,  60)

     Estimated max dynamical RAM per process >      55.60 MB

     Estimated total dynamical RAM >       1.30 GB

     The potential is recalculated from file :
     ./_ph0/pwscf.q_7/pwscf.save/charge-density

     Starting wfcs are   42 atomic wfcs

     Band Structure Calculation
     Davidson diagonalization with overlap

     ethr =  2.08E-11,  avg # of iterations = 22.1

     total cpu time spent up to now is     1376.4 secs

     End of band structure calculation

          k = 0.0000 0.0000 0.0000 ( 27547 PWs)   bands (ev):

   -24.8759 -24.8714 -10.3628 -10.3402 -10.1339 -10.1139 -10.0376  -9.9953
    -6.7247  -5.9369  -5.4217  -5.3923  -2.5156  -1.4858  -1.3760  -1.2777
    -1.1822  -0.9955  -0.9748  -0.7035  -0.4711  -0.3095  -0.1927  -0.1718

          k =-0.5000-0.5057 0.0000 ( 27640 PWs)   bands (ev):

   -24.8736 -24.8736 -10.3654 -10.3654 -10.1158 -10.1158 -10.0163 -10.0163
    -6.3256  -6.3256  -5.4670  -5.4670  -1.8410  -1.8410  -1.3277  -1.3277
    -1.0226  -1.0226  -0.7248  -0.7248  -0.5568  -0.5568  -0.3515  -0.3515

          k = 0.0000 0.0000 0.3196 ( 27557 PWs)   bands (ev):

   -24.8703 -24.8666 -10.3025 -10.2841 -10.2328 -10.2112 -10.1198 -10.1041
    -6.3758  -5.7099  -5.5483  -5.5250  -2.2117  -1.8780  -1.7454  -1.2539
    -1.0751  -1.0306  -0.7953  -0.6434  -0.5392  -0.3695  -0.3294  -0.2777

          k =-0.5000-0.5057 0.3196 ( 27572 PWs)   bands (ev):

   -24.8684 -24.8684 -10.3052 -10.3052 -10.2207 -10.2207 -10.1055 -10.1055
    -6.0238  -6.0238  -5.5898  -5.5898  -1.8757  -1.8757  -1.6699  -1.6699
    -0.8612  -0.8612  -0.6650  -0.6650  -0.5630  -0.5630  -0.3759  -0.3759

          k = 0.0000 0.0000 0.6392 ( 27608 PWs)   bands (ev):

   -24.8607 -24.8593 -10.5085 -10.5048 -10.1816 -10.1720 -10.1135 -10.1053
    -5.7614  -5.7531  -5.7425  -5.4582  -2.1261  -2.0687  -1.8950  -1.6317
    -1.0865  -0.9336  -0.7377  -0.5840  -0.5105  -0.4803  -0.4053  -0.3679

          k =-0.5000-0.5057 0.6392 ( 27604 PWs)   bands (ev):

   -24.8600 -24.8600 -10.5048 -10.5048 -10.1829 -10.1829 -10.1080 -10.1080
    -5.8015  -5.8015  -5.5458  -5.5458  -2.2281  -2.2281  -1.8238  -1.8238
    -0.8232  -0.8232  -0.5934  -0.5934  -0.4971  -0.4971  -0.3162  -0.3162

          k = 0.0000 0.2023 0.0000 ( 27569 PWs)   bands (ev):

   -24.8755 -24.8718 -10.3489 -10.3259 -10.1530 -10.1317 -10.0335  -9.9993
    -6.6361  -5.9571  -5.5017  -5.4248  -2.3716  -1.6393  -1.4408  -1.0716
    -1.0156  -0.9874  -0.9644  -0.6992  -0.5051  -0.4464  -0.2787  -0.2373

          k =-0.5000-0.3034 0.0000 ( 27584 PWs)   bands (ev):

   -24.8736 -24.8736 -10.3476 -10.3476 -10.1361 -10.1361 -10.0163 -10.0163
    -6.3086  -6.3086  -5.4825  -5.4825  -1.8785  -1.8785  -1.2308  -1.2308
    -0.9955  -0.9955  -0.7749  -0.7749  -0.5884  -0.5884  -0.3776  -0.3776

          k = 0.0000 0.2023 0.3196 ( 27552 PWs)   bands (ev):

   -24.8699 -24.8669 -10.3000 -10.2715 -10.2260 -10.2237 -10.1217 -10.1151
    -6.3072  -5.7120  -5.6235  -5.5440  -2.1196  -1.8986  -1.7463  -1.1449
    -1.0551  -1.0043  -0.9206  -0.6159  -0.5256  -0.3993  -0.3594  -0.3401

          k =-0.5000-0.3034 0.3196 ( 27594 PWs)   bands (ev):

   -24.8684 -24.8684 -10.2947 -10.2947 -10.2236 -10.2236 -10.1136 -10.1136
    -6.0165  -6.0165  -5.5968  -5.5968  -1.8994  -1.8994  -1.5985  -1.5985
    -0.8865  -0.8865  -0.7333  -0.7333  -0.5129  -0.5129  -0.4028  -0.4028

          k = 0.0000 0.2023 0.6392 ( 27613 PWs)   bands (ev):

   -24.8606 -24.8594 -10.5132 -10.5099 -10.1714 -10.1658 -10.1136 -10.1089
    -5.8883  -5.8362  -5.5795  -5.4059  -2.1843  -2.1799  -1.7749  -1.5692
    -1.0178  -0.8451  -0.7529  -0.5849  -0.5436  -0.5268  -0.4253  -0.4111

          k =-0.5000-0.3034 0.6392 ( 27620 PWs)   bands (ev):

   -24.8600 -24.8600 -10.5109 -10.5109 -10.1732 -10.1732 -10.1097 -10.1097
    -5.8479  -5.8479  -5.4987  -5.4987  -2.2891  -2.2891  -1.6958  -1.6958
    -0.8167  -0.8167  -0.6466  -0.6466  -0.5070  -0.5070  -0.3609  -0.3609

          k = 0.0000 0.4046 0.0000 ( 27614 PWs)   bands (ev):

   -24.8743 -24.8729 -10.3149 -10.2999 -10.1867 -10.1721 -10.0229 -10.0099
    -6.4011  -6.1162  -5.5642  -5.5030  -2.0892  -1.8562  -1.2943  -0.9681
    -0.9548  -0.9112  -0.7931  -0.7322  -0.6650  -0.5865  -0.4158  -0.3959

          k =-0.5000-0.1011 0.0000 ( 27586 PWs)   bands (ev):

   -24.8736 -24.8736 -10.3077 -10.3077 -10.1799 -10.1799 -10.0164 -10.0164
    -6.2798  -6.2798  -5.5088  -5.5088  -1.9251  -1.9251  -1.0533  -1.0533
    -0.9397  -0.9397  -0.8622  -0.8622  -0.6515  -0.6515  -0.4491  -0.4491

          k = 0.0000 0.4046 0.3196 ( 27598 PWs)   bands (ev):

   -24.8690 -24.8679 -10.2865 -10.2598 -10.2383 -10.2160 -10.1331 -10.1302
    -6.1218  -5.8782  -5.6394  -5.5904  -1.9933  -1.9415  -1.5917  -1.2659
    -0.9798  -0.9414  -0.8752  -0.6783  -0.5428  -0.5349  -0.3846  -0.3703

          k =-0.5000-0.1011 0.3196 ( 27610 PWs)   bands (ev):

   -24.8684 -24.8684 -10.2722 -10.2722 -10.2326 -10.2326 -10.1283 -10.1283
    -6.0043  -6.0043  -5.6085  -5.6085  -1.9231  -1.9231  -1.4834  -1.4834
    -0.9236  -0.9236  -0.8211  -0.8211  -0.5158  -0.5158  -0.4024  -0.4024

          k = 0.0000 0.4046 0.6392 ( 27578 PWs)   bands (ev):

   -24.8602 -24.8598 -10.5198 -10.5184 -10.1538 -10.1536 -10.1162 -10.1161
    -5.9574  -5.9339  -5.4374  -5.3731  -2.2784  -2.2695  -1.5988  -1.5056
    -0.8853  -0.7645  -0.7107  -0.6995  -0.5996  -0.5546  -0.4755  -0.4517

          k =-0.5000-0.1011 0.6392 ( 27586 PWs)   bands (ev):

   -24.8600 -24.8600 -10.5202 -10.5202 -10.1561 -10.1561 -10.1142 -10.1142
    -5.9039  -5.9039  -5.4416  -5.4416  -2.3516  -2.3516  -1.5086  -1.5086
    -0.8060  -0.8060  -0.7020  -0.7020  -0.5583  -0.5583  -0.4458  -0.4458

          k = 0.2000 0.0000 0.0000 ( 27596 PWs)   bands (ev):

   -24.8755 -24.8718 -10.3467 -10.3274 -10.1511 -10.1346 -10.0335  -9.9993
    -6.6388  -5.9732  -5.4575  -5.4432  -2.3808  -1.5061  -1.4222  -1.2740
    -0.9736  -0.9711  -0.9629  -0.7104  -0.5145  -0.4120  -0.3216  -0.2470

          k =-0.3000-0.5057 0.0000 ( 27598 PWs)   bands (ev):

   -24.8736 -24.8736 -10.3481 -10.3481 -10.1355 -10.1355 -10.0163 -10.0163
    -6.3028  -6.3028  -5.4916  -5.4916  -1.8912  -1.8912  -1.2500  -1.2500
    -1.0031  -1.0031  -0.7233  -0.7233  -0.5795  -0.5795  -0.3798  -0.3798

          k = 0.2000 0.0000 0.3196 ( 27579 PWs)   bands (ev):

   -24.8699 -24.8669 -10.2889 -10.2852 -10.2244 -10.2227 -10.1289 -10.1084
    -6.3062  -5.7288  -5.5853  -5.5621  -2.1243  -1.8389  -1.7840  -1.1607
    -1.0608  -1.0077  -0.8978  -0.6075  -0.6067  -0.3805  -0.3581  -0.3219

          k =-0.3000-0.5057 0.3196 ( 27564 PWs)   bands (ev):

   -24.8684 -24.8684 -10.2958 -10.2958 -10.2216 -10.2216 -10.1144 -10.1144
    -6.0165  -6.0165  -5.5989  -5.5989  -1.9199  -1.9199  -1.5762  -1.5762
    -0.8954  -0.8954  -0.7346  -0.7346  -0.4813  -0.4813  -0.4157  -0.4157

          k = 0.2000 0.0000 0.6392 ( 27582 PWs)   bands (ev):

   -24.8606 -24.8594 -10.5137 -10.5104 -10.1746 -10.1626 -10.1165 -10.1059
    -5.8641  -5.8109  -5.6090  -5.4226  -2.2579  -2.1770  -1.7509  -1.5304
    -0.9826  -0.8775  -0.7676  -0.6126  -0.5069  -0.4983  -0.4458  -0.3991

          k =-0.3000-0.5057 0.6392 ( 27602 PWs)   bands (ev):

   -24.8600 -24.8600 -10.5104 -10.5104 -10.1728 -10.1728 -10.1101 -10.1101
    -5.8695  -5.8695  -5.4789  -5.4789  -2.2532  -2.2532  -1.7301  -1.7301
    -0.8288  -0.8288  -0.6097  -0.6097  -0.5114  -0.5114  -0.3880  -0.3880

          k = 0.2000 0.2023 0.0000 ( 27586 PWs)   bands (ev):

   -24.8751 -24.8721 -10.3579 -10.3021 -10.1838 -10.1200 -10.0302 -10.0025
    -6.5730  -6.0101  -5.5326  -5.4255  -2.2681  -1.6402  -1.4408  -1.1250
    -0.9993  -0.9411  -0.8240  -0.6978  -0.5977  -0.5247  -0.4059  -0.2171

          k =-0.3000-0.3034 0.0000 ( 27597 PWs)   bands (ev):

   -24.8744 -24.8728 -10.3611 -10.3109 -10.1771 -10.1182 -10.0237 -10.0090
    -6.4486  -6.1422  -5.5376  -5.4450  -2.0717  -1.7447  -1.4089  -1.0103
    -0.9606  -0.9588  -0.9254  -0.6507  -0.5994  -0.5474  -0.5416  -0.2605

          k = 0.2000 0.2023 0.3196 ( 27572 PWs)   bands (ev):

   -24.8697 -24.8672 -10.2990 -10.2658 -10.2433 -10.2113 -10.1328 -10.1083
    -6.2517  -5.7585  -5.6381  -5.5522  -2.0585  -1.8717  -1.7696  -1.1236
    -1.0780  -1.0050  -0.8726  -0.6295  -0.5887  -0.4057  -0.4025  -0.3155

          k =-0.3000-0.3034 0.3196 ( 27583 PWs)   bands (ev):

   -24.8691 -24.8678 -10.3015 -10.2720 -10.2444 -10.2081 -10.1298 -10.1073
    -6.1418  -5.8799  -5.6303  -5.5692  -1.9700  -1.8705  -1.7403  -1.3433
    -0.9638  -0.9176  -0.8326  -0.6475  -0.5567  -0.4643  -0.4400  -0.3353

          k = 0.2000 0.2023 0.6392 ( 27605 PWs)   bands (ev):

   -24.8605 -24.8595 -10.5181 -10.5080 -10.1794 -10.1523 -10.1177 -10.1077
    -5.9297  -5.7752  -5.6079  -5.3910  -2.2998  -2.1537  -1.7561  -1.5670
    -0.8761  -0.8341  -0.7595  -0.5973  -0.5878  -0.5089  -0.4798  -0.3545

          k =-0.3000-0.3034 0.6392 ( 27600 PWs)   bands (ev):

   -24.8602 -24.8597 -10.5174 -10.5075 -10.1810 -10.1555 -10.1154 -10.1081
    -5.9289  -5.7884  -5.5740  -5.4062  -2.3263  -2.1956  -1.7476  -1.6227
    -0.8528  -0.7567  -0.6742  -0.6457  -0.5815  -0.4879  -0.4677  -0.3336

          k = 0.2000 0.4046 0.0000 ( 27581 PWs)   bands (ev):

   -24.8742 -24.8731 -10.3456 -10.3108 -10.1770 -10.1369 -10.0216 -10.0111
    -6.3947  -6.1680  -5.5440  -5.4778  -2.0363  -1.8305  -1.3331  -1.0040
    -0.9979  -0.9648  -0.8379  -0.6409  -0.6395  -0.5675  -0.4904  -0.3187

          k =-0.3000-0.1011 0.0000 ( 27609 PWs)   bands (ev):

   -24.8749 -24.8724 -10.3416 -10.3024 -10.1837 -10.1400 -10.0282 -10.0046
    -6.5288  -6.0481  -5.5190  -5.4523  -2.2192  -1.6573  -1.3509  -1.1398
    -0.9735  -0.9343  -0.8351  -0.7055  -0.6110  -0.5573  -0.4579  -0.2830

          k = 0.2000 0.4046 0.3196 ( 27588 PWs)   bands (ev):

   -24.8689 -24.8680 -10.2953 -10.2736 -10.2368 -10.2119 -10.1302 -10.1158
    -6.1045  -5.9119  -5.6286  -5.5839  -1.9678  -1.9228  -1.6351  -1.3634
    -0.9686  -0.8912  -0.8504  -0.6764  -0.5400  -0.4658  -0.4171  -0.3778

          k =-0.3000-0.1011 0.3196 ( 27609 PWs)   bands (ev):

   -24.8695 -24.8674 -10.2894 -10.2665 -10.2441 -10.2142 -10.1357 -10.1124
    -6.2149  -5.7940  -5.6258  -5.5710  -2.0359  -1.8306  -1.7674  -1.1579
    -1.0463  -0.9876  -0.8977  -0.6701  -0.5855  -0.4267  -0.3855  -0.3484

          k = 0.2000 0.4046 0.6392 ( 27594 PWs)   bands (ev):

   -24.8602 -24.8598 -10.5179 -10.5118 -10.1715 -10.1551 -10.1155 -10.1104
    -5.9410  -5.8713  -5.4888  -5.3983  -2.3022  -2.2235  -1.6908  -1.6062
    -0.8560  -0.7813  -0.6830  -0.6071  -0.5830  -0.5218  -0.4753  -0.3911

          k =-0.3000-0.1011 0.6392 ( 27584 PWs)   bands (ev):

   -24.8604 -24.8596 -10.5192 -10.5129 -10.1718 -10.1517 -10.1190 -10.1076
    -5.9169  -5.8265  -5.5546  -5.4007  -2.3324  -2.2417  -1.6614  -1.5006
    -0.8688  -0.8186  -0.7624  -0.6393  -0.5832  -0.4952  -0.4814  -0.3883

          k = 0.4000 0.0000 0.0000 ( 27586 PWs)   bands (ev):

   -24.8743 -24.8729 -10.3100 -10.3007 -10.1857 -10.1778 -10.0230 -10.0099
    -6.4131  -6.1421  -5.5200  -5.4923  -2.0859  -1.7849  -1.1869  -1.0286
    -0.9363  -0.9310  -0.8703  -0.7334  -0.6984  -0.6155  -0.5037  -0.3879

          k =-0.1000-0.5057 0.0000 ( 27566 PWs)   bands (ev):

   -24.8736 -24.8736 -10.3100 -10.3100 -10.1774 -10.1774 -10.0164 -10.0164
    -6.2628  -6.2628  -5.5342  -5.5342  -1.9562  -1.9562  -1.1334  -1.1334
    -0.9663  -0.9663  -0.7149  -0.7149  -0.6215  -0.6215  -0.4386  -0.4386

          k = 0.4000 0.0000 0.3196 ( 27600 PWs)   bands (ev):

   -24.8690 -24.8679 -10.2767 -10.2564 -10.2511 -10.2220 -10.1367 -10.1223
    -6.1201  -5.8836  -5.6212  -5.5944  -1.9816  -1.8743  -1.6326  -1.2822
    -0.9775  -0.9210  -0.9179  -0.7590  -0.5482  -0.4774  -0.3934  -0.3851

          k =-0.1000-0.5057 0.3196 ( 27604 PWs)   bands (ev):

   -24.8684 -24.8684 -10.2778 -10.2778 -10.2236 -10.2236 -10.1309 -10.1309
    -6.0042  -6.0042  -5.6138  -5.6138  -1.9594  -1.9594  -1.4532  -1.4532
    -0.9435  -0.9435  -0.7616  -0.7616  -0.5400  -0.5400  -0.3860  -0.3860

          k = 0.4000 0.0000 0.6392 ( 27598 PWs)   bands (ev):

   -24.8602 -24.8598 -10.5210 -10.5196 -10.1594 -10.1504 -10.1192 -10.1108
    -5.9148  -5.8913  -5.4783  -5.4085  -2.3616  -2.3227  -1.5531  -1.4426
    -0.8445  -0.8055  -0.6888  -0.6867  -0.6434  -0.4966  -0.4670  -0.4576

          k =-0.1000-0.5057 0.6392 ( 27588 PWs)   bands (ev):

   -24.8600 -24.8600 -10.5190 -10.5190 -10.1545 -10.1545 -10.1158 -10.1158
    -5.9462  -5.9462  -5.4038  -5.4038  -2.2830  -2.2830  -1.5644  -1.5644
    -0.8212  -0.8212  -0.6869  -0.6869  -0.5611  -0.5611  -0.4676  -0.4676

          k = 0.4000 0.2023 0.0000 ( 27608 PWs)   bands (ev):

   -24.8742 -24.8731 -10.3445 -10.3097 -10.1782 -10.1381 -10.0217 -10.0111
    -6.4022  -6.1817  -5.5234  -5.4666  -2.0321  -1.7889  -1.2884  -1.0036
    -0.9846  -0.9493  -0.9025  -0.7142  -0.6573  -0.5828  -0.4958  -0.3235

          k =-0.1000-0.3034 0.0000 ( 27574 PWs)   bands (ev):

   -24.8749 -24.8724 -10.3434 -10.3024 -10.1836 -10.1380 -10.0282 -10.0046
    -6.5232  -6.0267  -5.5546  -5.4544  -2.2107  -1.7433  -1.4095  -0.9895
    -0.9832  -0.9498  -0.8154  -0.6854  -0.6675  -0.5415  -0.3915  -0.2751

          k = 0.4000 0.2023 0.3196 ( 27604 PWs)   bands (ev):

   -24.8689 -24.8680 -10.2923 -10.2714 -10.2421 -10.2151 -10.1298 -10.1137
    -6.1036  -5.9141  -5.6211  -5.5836  -1.9579  -1.8718  -1.6752  -1.3826
    -0.9438  -0.9046  -0.8568  -0.6973  -0.5528  -0.4759  -0.4168  -0.3731

          k =-0.1000-0.3034 0.3196 ( 27568 PWs)   bands (ev):

   -24.8695 -24.8674 -10.2965 -10.2574 -10.2454 -10.2133 -10.1317 -10.1173
    -6.2164  -5.7822  -5.6496  -5.5641  -2.0332  -1.9148  -1.7089  -1.1494
    -1.0419  -0.9684  -0.9160  -0.6370  -0.5492  -0.4483  -0.3798  -0.3613

          k = 0.4000 0.2023 0.6392 ( 27592 PWs)   bands (ev):

   -24.8602 -24.8598 -10.5186 -10.5126 -10.1724 -10.1556 -10.1154 -10.1091
    -5.9150  -5.8351  -5.5225  -5.4211  -2.3472  -2.2786  -1.6371  -1.5703
    -0.8322  -0.7891  -0.6853  -0.6610  -0.5851  -0.5064  -0.4471  -0.3667

          k =-0.1000-0.3034 0.6392 ( 27597 PWs)   bands (ev):

   -24.8604 -24.8596 -10.5185 -10.5121 -10.1700 -10.1529 -10.1166 -10.1107
    -5.9440  -5.8641  -5.5180  -5.3782  -2.2792  -2.1956  -1.7023  -1.5452
    -0.9163  -0.7817  -0.7369  -0.6333  -0.5805  -0.5494  -0.4667  -0.4010

          k = 0.4000 0.4046 0.0000 ( 27626 PWs)   bands (ev):

   -24.8739 -24.8734 -10.3642 -10.3489 -10.1351 -10.1165 -10.0183 -10.0143
    -6.3578  -6.2731  -5.4927  -5.4609  -1.9125  -1.8156  -1.3562  -1.2058
    -1.0192  -1.0023  -0.8010  -0.6713  -0.5856  -0.5553  -0.4188  -0.3168

          k =-0.1000-0.1011 0.0000 ( 27573 PWs)   bands (ev):

   -24.8757 -24.8716 -10.3582 -10.3306 -10.1473 -10.1192 -10.0355  -9.9973
    -6.6816  -5.9487  -5.4594  -5.4076  -2.4432  -1.5312  -1.4213  -1.2511
    -1.0424  -0.9924  -0.9646  -0.7049  -0.4895  -0.3677  -0.2672  -0.1906

          k = 0.4000 0.4046 0.3196 ( 27579 PWs)   bands (ev):

   -24.8686 -24.8683 -10.3042 -10.2959 -10.2272 -10.2163 -10.1136 -10.1060
    -6.0556  -5.9843  -5.6036  -5.5839  -1.9125  -1.8741  -1.6907  -1.5635
    -0.8936  -0.8595  -0.7524  -0.6642  -0.5302  -0.5100  -0.4271  -0.3622

          k =-0.1000-0.1011 0.3196 ( 27580 PWs)   bands (ev):

   -24.8701 -24.8668 -10.2997 -10.2807 -10.2280 -10.2178 -10.1233 -10.1069
    -6.3415  -5.7125  -5.5812  -5.5374  -2.1640  -1.8764  -1.7580  -1.2013
    -1.0608  -1.0224  -0.8541  -0.6277  -0.5505  -0.3829  -0.3458  -0.2990

          k = 0.4000 0.4046 0.6392 ( 27593 PWs)   bands (ev):

   -24.8601 -24.8599 -10.5097 -10.5058 -10.1824 -10.1734 -10.1098 -10.1081
    -5.8608  -5.7980  -5.5530  -5.4831  -2.2775  -2.2207  -1.7963  -1.7416
    -0.8370  -0.8057  -0.6263  -0.6004  -0.5111  -0.4934  -0.3725  -0.3207

          k =-0.1000-0.1011 0.6392 ( 27593 PWs)   bands (ev):

   -24.8606 -24.8594 -10.5118 -10.5066 -10.1792 -10.1662 -10.1144 -10.1062
    -5.8579  -5.7631  -5.6605  -5.4300  -2.1994  -2.1072  -1.8287  -1.5909
    -1.0307  -0.9018  -0.7484  -0.5891  -0.5174  -0.4905  -0.4410  -0.3720

     highest occupied level (ev):    -0.1718

     Writing config to output data dir ./_ph0/pwscf.q_7/pwscf.save/ :
     XML data file

                                                                                

     bravais-lattice index     =            8
     lattice parameter (alat)  =      13.8222  a.u.
     unit-cell volume          =    1633.8810 (a.u.)^3
     number of atoms/cell      =           22
     number of atomic types    =            3
     kinetic-energy cut-off    =     100.0000  Ry
     charge density cut-off    =     800.0000  Ry
     convergence threshold     =      1.0E-14
     beta                      =       0.7000
     number of iterations used =            4
     Exchange-correlation= PBESOL
                           (   1   4  10   8   0   0   0)


     celldm(1)=   13.82217  celldm(2)=    0.98864  celldm(3)=    0.62583
     celldm(4)=    0.00000  celldm(5)=    0.00000  celldm(6)=    0.00000

     crystal axes: (cart. coord. in units of alat)
               a(1) = (  1.0000  0.0000  0.0000 )  
               a(2) = (  0.0000  0.9886  0.0000 )  
               a(3) = (  0.0000  0.0000  0.6258 )  

     reciprocal axes: (cart. coord. in units 2 pi/alat)
               b(1) = (  1.0000  0.0000  0.0000 )  
               b(2) = (  0.0000  1.0115  0.0000 )  
               b(3) = (  0.0000  0.0000  1.5979 )  


     Atoms inside the unit cell: 

     Cartesian axes

     site n.  atom      mass           positions (alat units)
        1  Ba    137.3270   tau(    1) = (    0.50000    0.49432    0.31293  )
        2  Ba    137.3270   tau(    2) = (    0.00000    0.00000    0.62581  )
        3  B      10.8110   tau(    3) = (    0.65064    0.27392    0.00001  )
        4  B      10.8110   tau(    4) = (    0.34936    0.71473    0.00001  )
        5  B      10.8110   tau(    5) = (    0.15064    0.22041    0.31290  )
        6  B      10.8110   tau(    6) = (    0.84936    0.76824    0.31290  )
        7  H       1.0079   tau(    7) = (    0.48198    0.27834    0.00001  )
        8  H       1.0079   tau(    8) = (    0.51802    0.71030    0.00001  )
        9  H       1.0079   tau(    9) = (    0.98198    0.21598    0.31290  )
       10  H       1.0079   tau(   10) = (    0.01802    0.77266    0.31290  )
       11  H       1.0079   tau(   11) = (    0.71243    0.43126    0.00001  )
       12  H       1.0079   tau(   12) = (    0.28757    0.55739    0.00001  )
       13  H       1.0079   tau(   13) = (    0.21243    0.06306    0.31290  )
       14  H       1.0079   tau(   14) = (    0.78757    0.92558    0.31290  )
       15  H       1.0079   tau(   15) = (    0.70079    0.19496    0.48610  )
       16  H       1.0079   tau(   16) = (    0.29921    0.79369    0.48610  )
       17  H       1.0079   tau(   17) = (    0.20079    0.29937    0.45263  )
       18  H       1.0079   tau(   18) = (    0.79921    0.68928    0.45263  )
       19  H       1.0079   tau(   19) = (    0.29918    0.79368    0.13974  )
       20  H       1.0079   tau(   20) = (    0.70082    0.19496    0.13974  )
       21  H       1.0079   tau(   21) = (    0.79918    0.68928    0.17317  )
       22  H       1.0079   tau(   22) = (    0.20082    0.29936    0.17317  )

     Computing dynamical matrix for 
                    q = (  -0.5000000  -0.5057443   0.0000000 )

      5 Sym.Ops. (with q -> -q+G )


     G cutoff = 3871.5285  (  26017 G-vectors)     FFT grid: (128,128, 80)
     G cutoff = 1935.7643  (   9200 G-vectors)  smooth grid: ( 90, 90, 60)
     number of k points=    54

     PseudoPot. # 1 for B  read from file:
     /home/mehlhorn/pseudos/b_pbesol_v1.4.uspp.F.UPF
     MD5 check sum: 369b69bef2c3aeed4453bd8b804fd6a8
     Pseudo is Ultrasoft + core correction, Zval =  3.0
     Generated by new atomic code, or converted to UPF format
     Using radial grid of  781 points,  4 beta functions with: 
                l(1) =   0
                l(2) =   0
                l(3) =   1
                l(4) =   1
     Q(r) pseudized with  8 coefficients,  rinner =    1.100   1.100   1.100


     PseudoPot. # 2 for Ba read from file:
     /home/mehlhorn/pseudos/Ba.nc.z_10.oncvpsp4.dojo.v4-sp.upf
     MD5 check sum: c10ed334bb677c0554edec7181ce9143
     Pseudo is Norm-conserving + core correction, Zval = 10.0
     Generated using ONCVPSP code by D. R. Hamann
     Using radial grid of 1938 points,  8 beta functions with: 
                l(1) =   0
                l(2) =   0
                l(3) =   1
                l(4) =   1
                l(5) =   2
                l(6) =   2
                l(7) =   3
                l(8) =   3

     PseudoPot. # 3 for H  read from file:
     /home/mehlhorn/pseudos/H_ONCV_PBEsol-1.0.upf
     MD5 check sum: 398ef8f67c0a7342c05c87c5e19ea467
     Pseudo is Norm-conserving, Zval =  1.0
     Generated using ONCVPSP code by D. R. Hamann
     Using radial grid of 1180 points,  2 beta functions with: 
                l(1) =   0
                l(2) =   0


     Atomic displacements:
     There are   33 irreducible representations

     Representation     1      2 modes -  To be done

     Representation     2      2 modes -  To be done

     Representation     3      2 modes -  To be done

     Representation     4      2 modes -  To be done

     Representation     5      2 modes -  To be done

     Representation     6      2 modes -  To be done

     Representation     7      2 modes -  To be done

     Representation     8      2 modes -  To be done

     Representation     9      2 modes -  To be done

     Representation    10      2 modes -  To be done

     Representation    11      2 modes -  To be done

     Representation    12      2 modes -  To be done

     Representation    13      2 modes -  To be done

     Representation    14      2 modes -  To be done

     Representation    15      2 modes -  To be done

     Representation    16      2 modes -  To be done

     Representation    17      2 modes -  To be done

     Representation    18      2 modes -  To be done

     Representation    19      2 modes -  To be done

     Representation    20      2 modes -  To be done

     Representation    21      2 modes -  To be done

     Representation    22      2 modes -  To be done

     Representation    23      2 modes -  To be done

     Representation    24      2 modes -  To be done

     Representation    25      2 modes -  To be done

     Representation    26      2 modes -  To be done

     Representation    27      2 modes -  To be done

     Representation    28      2 modes -  To be done

     Representation    29      2 modes -  To be done

     Representation    30      2 modes -  To be done

     Representation    31      2 modes -  To be done

     Representation    32      2 modes -  To be done

     Representation    33      2 modes -  To be done



     Alpha used in Ewald sum =   2.8000
     PHONON       :   2d17h49m CPU   2d18h27m WALL



     Representation #   1 modes #   1   2

     Self-consistent Calculation

      iter #   1 total cpu time :239324.7 secs   av.it.:   3.0
      thresh= 1.000E-02 alpha_mix =  0.700 |ddv_scf|^2 =  2.690E-10

      iter #   2 total cpu time :239548.4 secs   av.it.:  16.9
      thresh= 1.640E-06 alpha_mix =  0.700 |ddv_scf|^2 =  6.927E-11

      iter #   3 total cpu time :239764.1 secs   av.it.:  16.5
      thresh= 8.323E-07 alpha_mix =  0.700 |ddv_scf|^2 =  1.657E-12

      iter #   4 total cpu time :239968.6 secs   av.it.:  16.0
      thresh= 1.287E-07 alpha_mix =  0.700 |ddv_scf|^2 =  1.262E-13

      iter #   5 total cpu time :240176.9 secs   av.it.:  16.2
      thresh= 3.553E-08 alpha_mix =  0.700 |ddv_scf|^2 =  2.335E-15

     End of self-consistent calculation

     Convergence has been achieved 


     Representation #   2 modes #   3   4

     Self-consistent Calculation

      iter #   1 total cpu time :240281.8 secs   av.it.:   4.6
      thresh= 1.000E-02 alpha_mix =  0.700 |ddv_scf|^2 =  4.451E-09

      iter #   2 total cpu time :240499.2 secs   av.it.:  16.8
      thresh= 6.672E-06 alpha_mix =  0.700 |ddv_scf|^2 =  2.392E-09

      iter #   3 total cpu time :240715.2 secs   av.it.:  15.6
      thresh= 4.891E-06 alpha_mix =  0.700 |ddv_scf|^2 =  8.977E-12

      iter #   4 total cpu time :240978.6 secs   av.it.:  16.8
      thresh= 2.996E-07 alpha_mix =  0.700 |ddv_scf|^2 =  7.343E-13

      iter #   5 total cpu time :241191.8 secs   av.it.:  16.6
      thresh= 8.569E-08 alpha_mix =  0.700 |ddv_scf|^2 =  5.535E-14

      iter #   6 total cpu time :241405.9 secs   av.it.:  16.9
      thresh= 2.353E-08 alpha_mix =  0.700 |ddv_scf|^2 =  1.021E-15

     End of self-consistent calculation

     Convergence has been achieved 


     Representation #   3 modes #   5   6

     Self-consistent Calculation

      iter #   1 total cpu time :241498.2 secs   av.it.:   3.0
      thresh= 1.000E-02 alpha_mix =  0.700 |ddv_scf|^2 =  6.783E-10

      iter #   2 total cpu time :241712.5 secs   av.it.:  16.9
      thresh= 2.604E-06 alpha_mix =  0.700 |ddv_scf|^2 =  2.787E-10

      iter #   3 total cpu time :241926.3 secs   av.it.:  16.0
      thresh= 1.669E-06 alpha_mix =  0.700 |ddv_scf|^2 =  1.482E-12

      iter #   4 total cpu time :242144.9 secs   av.it.:  16.1
      thresh= 1.217E-07 alpha_mix =  0.700 |ddv_scf|^2 =  1.832E-13

      iter #   5 total cpu time :242355.8 secs   av.it.:  16.1
      thresh= 4.280E-08 alpha_mix =  0.700 |ddv_scf|^2 =  1.166E-14

      iter #   6 total cpu time :242571.4 secs   av.it.:  16.8
      thresh= 1.080E-08 alpha_mix =  0.700 |ddv_scf|^2 =  7.421E-16

     End of self-consistent calculation

     Convergence has been achieved 


     Representation #   4 modes #   7   8

     Self-consistent Calculation

      iter #   1 total cpu time :242663.4 secs   av.it.:   3.0
      thresh= 1.000E-02 alpha_mix =  0.700 |ddv_scf|^2 =  6.416E-10

      iter #   2 total cpu time :242881.0 secs   av.it.:  16.9
      thresh= 2.533E-06 alpha_mix =  0.700 |ddv_scf|^2 =  6.979E-10

      iter #   3 total cpu time :243082.2 secs   av.it.:  15.1
      thresh= 2.642E-06 alpha_mix =  0.700 |ddv_scf|^2 =  6.947E-12

      iter #   4 total cpu time :243297.0 secs   av.it.:  16.6
      thresh= 2.636E-07 alpha_mix =  0.700 |ddv_scf|^2 =  2.958E-13

      iter #   5 total cpu time :243516.2 secs   av.it.:  16.9
      thresh= 5.439E-08 alpha_mix =  0.700 |ddv_scf|^2 =  2.123E-14

      iter #   6 total cpu time :243731.5 secs   av.it.:  16.9
      thresh= 1.457E-08 alpha_mix =  0.700 |ddv_scf|^2 =  7.616E-16

     End of self-consistent calculation

     Convergence has been achieved 


     Representation #   5 modes #   9  10

     Self-consistent Calculation

      iter #   1 total cpu time :243839.1 secs   av.it.:   4.4
      thresh= 1.000E-02 alpha_mix =  0.700 |ddv_scf|^2 =  2.592E-09

      iter #   2 total cpu time :244058.2 secs   av.it.:  16.9
      thresh= 5.092E-06 alpha_mix =  0.700 |ddv_scf|^2 =  2.000E-09

      iter #   3 total cpu time :244262.3 secs   av.it.:  15.7
      thresh= 4.473E-06 alpha_mix =  0.700 |ddv_scf|^2 =  7.423E-11

      iter #   4 total cpu time :244475.1 secs   av.it.:  16.0
      thresh= 8.615E-07 alpha_mix =  0.700 |ddv_scf|^2 =  8.295E-13

      iter #   5 total cpu time :244699.1 secs   av.it.:  16.9
      thresh= 9.108E-08 alpha_mix =  0.700 |ddv_scf|^2 =  1.575E-13

      iter #   6 total cpu time :244917.9 secs   av.it.:  16.9
      thresh= 3.968E-08 alpha_mix =  0.700 |ddv_scf|^2 =  1.105E-15

     End of self-consistent calculation

     Convergence has been achieved 


     Representation #   6 modes #  11  12

     Self-consistent Calculation

      iter #   1 total cpu time :245010.4 secs   av.it.:   3.0
      thresh= 1.000E-02 alpha_mix =  0.700 |ddv_scf|^2 =  9.427E-10

      iter #   2 total cpu time :245221.3 secs   av.it.:  16.1
      thresh= 3.070E-06 alpha_mix =  0.700 |ddv_scf|^2 =  8.820E-10

      iter #   3 total cpu time :245419.7 secs   av.it.:  15.1
      thresh= 2.970E-06 alpha_mix =  0.700 |ddv_scf|^2 =  1.269E-11

      iter #   4 total cpu time :245627.7 secs   av.it.:  16.0
      thresh= 3.562E-07 alpha_mix =  0.700 |ddv_scf|^2 =  2.975E-13

      iter #   5 total cpu time :245843.0 secs   av.it.:  16.9
      thresh= 5.454E-08 alpha_mix =  0.700 |ddv_scf|^2 =  1.738E-14

      iter #   6 total cpu time :246058.1 secs   av.it.:  16.9
      thresh= 1.318E-08 alpha_mix =  0.700 |ddv_scf|^2 =  1.093E-15

     End of self-consistent calculation

     Convergence has been achieved 


     Representation #   7 modes #  13  14

     Self-consistent Calculation

      iter #   1 total cpu time :246150.0 secs   av.it.:   3.1
      thresh= 1.000E-02 alpha_mix =  0.700 |ddv_scf|^2 =  1.368E-09

      iter #   2 total cpu time :246360.7 secs   av.it.:  16.5
      thresh= 3.699E-06 alpha_mix =  0.700 |ddv_scf|^2 =  1.796E-09

      iter #   3 total cpu time :246557.4 secs   av.it.:  15.0
      thresh= 4.238E-06 alpha_mix =  0.700 |ddv_scf|^2 =  4.834E-12

      iter #   4 total cpu time :246772.4 secs   av.it.:  16.9
      thresh= 2.199E-07 alpha_mix =  0.700 |ddv_scf|^2 =  2.970E-13

      iter #   5 total cpu time :246988.8 secs   av.it.:  16.9
      thresh= 5.450E-08 alpha_mix =  0.700 |ddv_scf|^2 =  2.268E-14

      iter #   6 total cpu time :247206.2 secs   av.it.:  16.5
      thresh= 1.506E-08 alpha_mix =  0.700 |ddv_scf|^2 =  1.737E-15

     End of self-consistent calculation

     Convergence has been achieved 


     Representation #   8 modes #  15  16

     Self-consistent Calculation

      iter #   1 total cpu time :247302.4 secs   av.it.:   3.4
      thresh= 1.000E-02 alpha_mix =  0.700 |ddv_scf|^2 =  6.706E-10

      iter #   2 total cpu time :247519.4 secs   av.it.:  16.9
      thresh= 2.590E-06 alpha_mix =  0.700 |ddv_scf|^2 =  5.875E-10

      iter #   3 total cpu time :247723.2 secs   av.it.:  15.9
      thresh= 2.424E-06 alpha_mix =  0.700 |ddv_scf|^2 =  1.533E-11

      iter #   4 total cpu time :247930.3 secs   av.it.:  16.0
      thresh= 3.915E-07 alpha_mix =  0.700 |ddv_scf|^2 =  5.572E-13

      iter #   5 total cpu time :248148.8 secs   av.it.:  16.9
      thresh= 7.465E-08 alpha_mix =  0.700 |ddv_scf|^2 =  1.309E-14

      iter #   6 total cpu time :248369.1 secs   av.it.:  16.9
      thresh= 1.144E-08 alpha_mix =  0.700 |ddv_scf|^2 =  1.135E-15

     End of self-consistent calculation

     Convergence has been achieved 


     Representation #   9 modes #  17  18

     Self-consistent Calculation

      iter #   1 total cpu time :248461.9 secs   av.it.:   3.0
      thresh= 1.000E-02 alpha_mix =  0.700 |ddv_scf|^2 =  1.960E-09

      iter #   2 total cpu time :248672.9 secs   av.it.:  16.0
      thresh= 4.427E-06 alpha_mix =  0.700 |ddv_scf|^2 =  1.128E-09

      iter #   3 total cpu time :248873.5 secs   av.it.:  15.0
      thresh= 3.359E-06 alpha_mix =  0.700 |ddv_scf|^2 =  4.842E-13

      iter #   4 total cpu time :249090.8 secs   av.it.:  16.9
      thresh= 6.958E-08 alpha_mix =  0.700 |ddv_scf|^2 =  1.136E-13

      iter #   5 total cpu time :249301.5 secs   av.it.:  16.6
      thresh= 3.370E-08 alpha_mix =  0.700 |ddv_scf|^2 =  1.087E-14

      iter #   6 total cpu time :249513.1 secs   av.it.:  16.7
      thresh= 1.042E-08 alpha_mix =  0.700 |ddv_scf|^2 =  5.686E-16

     End of self-consistent calculation

     Convergence has been achieved 


     Representation #  10 modes #  19  20

     Self-consistent Calculation

      iter #   1 total cpu time :249606.4 secs   av.it.:   3.4
      thresh= 1.000E-02 alpha_mix =  0.700 |ddv_scf|^2 =  9.790E-10

      iter #   2 total cpu time :249819.9 secs   av.it.:  16.7
      thresh= 3.129E-06 alpha_mix =  0.700 |ddv_scf|^2 =  4.658E-10

      iter #   3 total cpu time :250023.0 secs   av.it.:  15.9
      thresh= 2.158E-06 alpha_mix =  0.700 |ddv_scf|^2 =  6.679E-13

      iter #   4 total cpu time :250235.2 secs   av.it.:  16.9
      thresh= 8.173E-08 alpha_mix =  0.700 |ddv_scf|^2 =  1.503E-13

      iter #   5 total cpu time :250447.1 secs   av.it.:  16.4
      thresh= 3.877E-08 alpha_mix =  0.700 |ddv_scf|^2 =  1.072E-14

      iter #   6 total cpu time :250661.8 secs   av.it.:  16.8
      thresh= 1.036E-08 alpha_mix =  0.700 |ddv_scf|^2 =  4.269E-16

     End of self-consistent calculation

     Convergence has been achieved 


     Representation #  11 modes #  21  22

     Self-consistent Calculation

      iter #   1 total cpu time :250791.2 secs   av.it.:   6.6
      thresh= 1.000E-02 alpha_mix =  0.700 |ddv_scf|^2 =  8.703E-09

      iter #   2 total cpu time :250999.5 secs   av.it.:  16.4
      thresh= 9.329E-06 alpha_mix =  0.700 |ddv_scf|^2 =  1.709E-09

      iter #   3 total cpu time :251203.9 secs   av.it.:  16.3
      thresh= 4.135E-06 alpha_mix =  0.700 |ddv_scf|^2 =  6.053E-12

      iter #   4 total cpu time :251420.5 secs   av.it.:  16.3
      thresh= 2.460E-07 alpha_mix =  0.700 |ddv_scf|^2 =  9.005E-14

      iter #   5 total cpu time :251638.4 secs   av.it.:  16.6
      thresh= 3.001E-08 alpha_mix =  0.700 |ddv_scf|^2 =  1.650E-15

     End of self-consistent calculation

     Convergence has been achieved 


     Representation #  12 modes #  23  24

     Self-consistent Calculation

      iter #   1 total cpu time :251733.9 secs   av.it.:   3.4
      thresh= 1.000E-02 alpha_mix =  0.700 |ddv_scf|^2 =  9.434E-10

      iter #   2 total cpu time :251951.6 secs   av.it.:  16.9
      thresh= 3.072E-06 alpha_mix =  0.700 |ddv_scf|^2 =  1.140E-09

      iter #   3 total cpu time :252153.6 secs   av.it.:  15.2
      thresh= 3.377E-06 alpha_mix =  0.700 |ddv_scf|^2 =  8.675E-12

      iter #   4 total cpu time :252371.9 secs   av.it.:  16.9
      thresh= 2.945E-07 alpha_mix =  0.700 |ddv_scf|^2 =  5.554E-13

      iter #   5 total cpu time :252591.6 secs   av.it.:  16.8
      thresh= 7.452E-08 alpha_mix =  0.700 |ddv_scf|^2 =  1.532E-14

      iter #   6 total cpu time :252814.1 secs   av.it.:  16.9
      thresh= 1.238E-08 alpha_mix =  0.700 |ddv_scf|^2 =  1.266E-15

     End of self-consistent calculation

     Convergence has been achieved 


     Representation #  13 modes #  25  26

     Self-consistent Calculation

      iter #   1 total cpu time :252924.1 secs   av.it.:   5.0
      thresh= 1.000E-02 alpha_mix =  0.700 |ddv_scf|^2 =  1.833E-08

      iter #   2 total cpu time :253139.0 secs   av.it.:  16.0
      thresh= 1.354E-05 alpha_mix =  0.700 |ddv_scf|^2 =  2.573E-08

      iter #   3 total cpu time :253339.8 secs   av.it.:  15.0
      thresh= 1.604E-05 alpha_mix =  0.700 |ddv_scf|^2 =  2.726E-11

      iter #   4 total cpu time :253562.0 secs   av.it.:  16.9
      thresh= 5.221E-07 alpha_mix =  0.700 |ddv_scf|^2 =  3.110E-12

      iter #   5 total cpu time :253776.4 secs   av.it.:  16.7
      thresh= 1.763E-07 alpha_mix =  0.700 |ddv_scf|^2 =  1.913E-13

      iter #   6 total cpu time :253998.0 secs   av.it.:  16.9
      thresh= 4.374E-08 alpha_mix =  0.700 |ddv_scf|^2 =  1.521E-14

      iter #   7 total cpu time :254204.1 secs   av.it.:  16.0
      thresh= 1.233E-08 alpha_mix =  0.700 |ddv_scf|^2 =  2.457E-16

     End of self-consistent calculation

     Convergence has been achieved 


     Representation #  14 modes #  27  28

     Self-consistent Calculation

      iter #   1 total cpu time :254296.5 secs   av.it.:   3.2
      thresh= 1.000E-02 alpha_mix =  0.700 |ddv_scf|^2 =  6.136E-10

      iter #   2 total cpu time :254509.8 secs   av.it.:  16.9
      thresh= 2.477E-06 alpha_mix =  0.700 |ddv_scf|^2 =  5.363E-10

      iter #   3 total cpu time :254709.5 secs   av.it.:  15.4
      thresh= 2.316E-06 alpha_mix =  0.700 |ddv_scf|^2 =  1.256E-11

      iter #   4 total cpu time :254914.6 secs   av.it.:  16.0
      thresh= 3.544E-07 alpha_mix =  0.700 |ddv_scf|^2 =  3.454E-13

      iter #   5 total cpu time :255133.8 secs   av.it.:  16.9
      thresh= 5.877E-08 alpha_mix =  0.700 |ddv_scf|^2 =  1.896E-14

      iter #   6 total cpu time :255357.2 secs   av.it.:  16.9
      thresh= 1.377E-08 alpha_mix =  0.700 |ddv_scf|^2 =  8.374E-16

     End of self-consistent calculation

     Convergence has been achieved 


     Representation #  15 modes #  29  30

     Self-consistent Calculation

      iter #   1 total cpu time :255451.6 secs   av.it.:   3.1
      thresh= 1.000E-02 alpha_mix =  0.700 |ddv_scf|^2 =  1.566E-09

      iter #   2 total cpu time :255667.1 secs   av.it.:  16.0
      thresh= 3.957E-06 alpha_mix =  0.700 |ddv_scf|^2 =  9.349E-10

      iter #   3 total cpu time :255871.5 secs   av.it.:  15.0
      thresh= 3.058E-06 alpha_mix =  0.700 |ddv_scf|^2 =  4.044E-13

      iter #   4 total cpu time :256090.7 secs   av.it.:  17.0
      thresh= 6.360E-08 alpha_mix =  0.700 |ddv_scf|^2 =  7.649E-14

      iter #   5 total cpu time :256302.6 secs   av.it.:  16.8
      thresh= 2.766E-08 alpha_mix =  0.700 |ddv_scf|^2 =  6.663E-15

     End of self-consistent calculation

     Convergence has been achieved 


     Representation #  16 modes #  31  32

     Self-consistent Calculation

      iter #   1 total cpu time :256431.3 secs   av.it.:   6.6
      thresh= 1.000E-02 alpha_mix =  0.700 |ddv_scf|^2 =  7.303E-08

      iter #   2 total cpu time :256642.1 secs   av.it.:  16.3
      thresh= 2.702E-05 alpha_mix =  0.700 |ddv_scf|^2 =  1.051E-07

      iter #   3 total cpu time :256838.1 secs   av.it.:  14.9
      thresh= 3.242E-05 alpha_mix =  0.700 |ddv_scf|^2 =  2.055E-10

      iter #   4 total cpu time :257050.7 secs   av.it.:  16.6
      thresh= 1.433E-06 alpha_mix =  0.700 |ddv_scf|^2 =  6.250E-12

      iter #   5 total cpu time :257266.2 secs   av.it.:  16.7
      thresh= 2.500E-07 alpha_mix =  0.700 |ddv_scf|^2 =  5.394E-13

      iter #   6 total cpu time :257489.1 secs   av.it.:  16.7
      thresh= 7.344E-08 alpha_mix =  0.700 |ddv_scf|^2 =  1.261E-14

      iter #   7 total cpu time :257708.6 secs   av.it.:  16.8
      thresh= 1.123E-08 alpha_mix =  0.700 |ddv_scf|^2 =  1.889E-15

     End of self-consistent calculation

     Convergence has been achieved 


     Representation #  17 modes #  33  34

     Self-consistent Calculation

      iter #   1 total cpu time :257800.1 secs   av.it.:   3.0
      thresh= 1.000E-02 alpha_mix =  0.700 |ddv_scf|^2 =  1.309E-09

      iter #   2 total cpu time :258012.0 secs   av.it.:  16.0
      thresh= 3.617E-06 alpha_mix =  0.700 |ddv_scf|^2 =  7.001E-10

      iter #   3 total cpu time :258212.9 secs   av.it.:  15.0
      thresh= 2.646E-06 alpha_mix =  0.700 |ddv_scf|^2 =  6.618E-13

      iter #   4 total cpu time :258427.1 secs   av.it.:  16.9
      thresh= 8.135E-08 alpha_mix =  0.700 |ddv_scf|^2 =  1.256E-13

      iter #   5 total cpu time :258637.9 secs   av.it.:  16.4
      thresh= 3.543E-08 alpha_mix =  0.700 |ddv_scf|^2 =  1.575E-14

      iter #   6 total cpu time :258849.4 secs   av.it.:  16.5
      thresh= 1.255E-08 alpha_mix =  0.700 |ddv_scf|^2 =  6.939E-16

     End of self-consistent calculation

     Convergence has been achieved 


     Representation #  18 modes #  35  36

     Self-consistent Calculation

      iter #   1 total cpu time :258939.4 secs   av.it.:   3.0
      thresh= 1.000E-02 alpha_mix =  0.700 |ddv_scf|^2 =  4.323E-10

      iter #   2 total cpu time :259153.8 secs   av.it.:  16.2
      thresh= 2.079E-06 alpha_mix =  0.700 |ddv_scf|^2 =  1.784E-10

      iter #   3 total cpu time :259358.9 secs   av.it.:  15.8
      thresh= 1.336E-06 alpha_mix =  0.700 |ddv_scf|^2 =  1.492E-12

      iter #   4 total cpu time :259572.6 secs   av.it.:  16.0
      thresh= 1.222E-07 alpha_mix =  0.700 |ddv_scf|^2 =  6.285E-14

      iter #   5 total cpu time :259791.6 secs   av.it.:  16.7
      thresh= 2.507E-08 alpha_mix =  0.700 |ddv_scf|^2 =  4.284E-15

     End of self-consistent calculation

     Convergence has been achieved 


     Representation #  19 modes #  37  38

     Self-consistent Calculation

      iter #   1 total cpu time :259883.2 secs   av.it.:   3.0
      thresh= 1.000E-02 alpha_mix =  0.700 |ddv_scf|^2 =  6.723E-10

      iter #   2 total cpu time :260098.7 secs   av.it.:  16.9
      thresh= 2.593E-06 alpha_mix =  0.700 |ddv_scf|^2 =  5.226E-10

      iter #   3 total cpu time :260298.9 secs   av.it.:  15.7
      thresh= 2.286E-06 alpha_mix =  0.700 |ddv_scf|^2 =  1.508E-11

      iter #   4 total cpu time :260502.1 secs   av.it.:  15.9
      thresh= 3.884E-07 alpha_mix =  0.700 |ddv_scf|^2 =  5.551E-13

      iter #   5 total cpu time :260715.4 secs   av.it.:  16.9
      thresh= 7.450E-08 alpha_mix =  0.700 |ddv_scf|^2 =  1.684E-14

      iter #   6 total cpu time :260928.5 secs   av.it.:  16.9
      thresh= 1.298E-08 alpha_mix =  0.700 |ddv_scf|^2 =  8.080E-16

     End of self-consistent calculation

     Convergence has been achieved 


     Representation #  20 modes #  39  40

     Self-consistent Calculation

      iter #   1 total cpu time :261019.7 secs   av.it.:   3.0
      thresh= 1.000E-02 alpha_mix =  0.700 |ddv_scf|^2 =  9.628E-10

      iter #   2 total cpu time :261231.5 secs   av.it.:  16.9
      thresh= 3.103E-06 alpha_mix =  0.700 |ddv_scf|^2 =  5.409E-10

      iter #   3 total cpu time :261436.1 secs   av.it.:  15.9
      thresh= 2.326E-06 alpha_mix =  0.700 |ddv_scf|^2 =  6.056E-13

      iter #   4 total cpu time :261662.7 secs   av.it.:  16.9
      thresh= 7.782E-08 alpha_mix =  0.700 |ddv_scf|^2 =  1.035E-13

      iter #   5 total cpu time :261877.8 secs   av.it.:  16.9
      thresh= 3.217E-08 alpha_mix =  0.700 |ddv_scf|^2 =  4.937E-15

     End of self-consistent calculation

     Convergence has been achieved 


     Representation #  21 modes #  41  42

     Self-consistent Calculation

      iter #   1 total cpu time :261967.2 secs   av.it.:   3.0
      thresh= 1.000E-02 alpha_mix =  0.700 |ddv_scf|^2 =  1.561E-09

      iter #   2 total cpu time :262178.9 secs   av.it.:  16.0
      thresh= 3.951E-06 alpha_mix =  0.700 |ddv_scf|^2 =  1.785E-09

      iter #   3 total cpu time :262374.4 secs   av.it.:  15.0
      thresh= 4.225E-06 alpha_mix =  0.700 |ddv_scf|^2 =  9.004E-12

      iter #   4 total cpu time :262587.7 secs   av.it.:  16.0
      thresh= 3.001E-07 alpha_mix =  0.700 |ddv_scf|^2 =  1.516E-13

      iter #   5 total cpu time :262806.6 secs   av.it.:  16.8
      thresh= 3.894E-08 alpha_mix =  0.700 |ddv_scf|^2 =  9.930E-15

     End of self-consistent calculation

     Convergence has been achieved 


     Representation #  22 modes #  43  44

     Self-consistent Calculation

      iter #   1 total cpu time :262913.9 secs   av.it.:   4.8
      thresh= 1.000E-02 alpha_mix =  0.700 |ddv_scf|^2 =  5.937E-09

      iter #   2 total cpu time :263124.2 secs   av.it.:  16.5
      thresh= 7.705E-06 alpha_mix =  0.700 |ddv_scf|^2 =  3.447E-09

      iter #   3 total cpu time :263322.0 secs   av.it.:  15.1
      thresh= 5.871E-06 alpha_mix =  0.700 |ddv_scf|^2 =  8.431E-12

      iter #   4 total cpu time :263538.7 secs   av.it.:  16.9
      thresh= 2.904E-07 alpha_mix =  0.700 |ddv_scf|^2 =  6.181E-13

      iter #   5 total cpu time :263760.9 secs   av.it.:  16.9
      thresh= 7.862E-08 alpha_mix =  0.700 |ddv_scf|^2 =  5.294E-14

      iter #   6 total cpu time :263973.3 secs   av.it.:  16.9
      thresh= 2.301E-08 alpha_mix =  0.700 |ddv_scf|^2 =  2.373E-15

     End of self-consistent calculation

     Convergence has been achieved 


     Representation #  23 modes #  45  46

     Self-consistent Calculation

      iter #   1 total cpu time :264062.2 secs   av.it.:   3.0
      thresh= 1.000E-02 alpha_mix =  0.700 |ddv_scf|^2 =  7.021E-10

      iter #   2 total cpu time :264279.8 secs   av.it.:  16.6
      thresh= 2.650E-06 alpha_mix =  0.700 |ddv_scf|^2 =  3.128E-10

      iter #   3 total cpu time :264490.6 secs   av.it.:  15.9
      thresh= 1.769E-06 alpha_mix =  0.700 |ddv_scf|^2 =  1.291E-12

      iter #   4 total cpu time :264709.4 secs   av.it.:  16.4
      thresh= 1.136E-07 alpha_mix =  0.700 |ddv_scf|^2 =  1.428E-13

      iter #   5 total cpu time :264929.5 secs   av.it.:  16.9
      thresh= 3.780E-08 alpha_mix =  0.700 |ddv_scf|^2 =  1.476E-14

      iter #   6 total cpu time :265148.2 secs   av.it.:  16.4
      thresh= 1.215E-08 alpha_mix =  0.700 |ddv_scf|^2 =  9.353E-16

     End of self-consistent calculation

     Convergence has been achieved 


     Representation #  24 modes #  47  48

     Self-consistent Calculation

      iter #   1 total cpu time :265256.0 secs   av.it.:   4.6
      thresh= 1.000E-02 alpha_mix =  0.700 |ddv_scf|^2 =  7.655E-09

      iter #   2 total cpu time :265466.3 secs   av.it.:  16.4
      thresh= 8.749E-06 alpha_mix =  0.700 |ddv_scf|^2 =  9.230E-09

      iter #   3 total cpu time :265662.0 secs   av.it.:  15.0
      thresh= 9.607E-06 alpha_mix =  0.700 |ddv_scf|^2 =  4.310E-11

      iter #   4 total cpu time :265873.0 secs   av.it.:  16.5
      thresh= 6.565E-07 alpha_mix =  0.700 |ddv_scf|^2 =  2.137E-12

      iter #   5 total cpu time :266086.5 secs   av.it.:  16.8
      thresh= 1.462E-07 alpha_mix =  0.700 |ddv_scf|^2 =  1.660E-13

      iter #   6 total cpu time :266306.0 secs   av.it.:  16.9
      thresh= 4.074E-08 alpha_mix =  0.700 |ddv_scf|^2 =  9.163E-15

     End of self-consistent calculation

     Convergence has been achieved 


     Representation #  25 modes #  49  50

     Self-consistent Calculation

      iter #   1 total cpu time :266400.1 secs   av.it.:   3.4
      thresh= 1.000E-02 alpha_mix =  0.700 |ddv_scf|^2 =  8.097E-10

      iter #   2 total cpu time :266614.0 secs   av.it.:  16.9
      thresh= 2.846E-06 alpha_mix =  0.700 |ddv_scf|^2 =  3.356E-10

      iter #   3 total cpu time :266821.2 secs   av.it.:  16.0
      thresh= 1.832E-06 alpha_mix =  0.700 |ddv_scf|^2 =  1.174E-12

      iter #   4 total cpu time :267030.2 secs   av.it.:  16.0
      thresh= 1.083E-07 alpha_mix =  0.700 |ddv_scf|^2 =  1.406E-13

      iter #   5 total cpu time :267239.0 secs   av.it.:  16.1
      thresh= 3.750E-08 alpha_mix =  0.700 |ddv_scf|^2 =  9.292E-15

     End of self-consistent calculation

     Convergence has been achieved 


     Representation #  26 modes #  51  52

     Self-consistent Calculation

      iter #   1 total cpu time :267371.1 secs   av.it.:   6.8
      thresh= 1.000E-02 alpha_mix =  0.700 |ddv_scf|^2 =  1.486E-07

      iter #   2 total cpu time :267583.3 secs   av.it.:  15.9
      thresh= 3.855E-05 alpha_mix =  0.700 |ddv_scf|^2 =  2.103E-07

      iter #   3 total cpu time :267781.4 secs   av.it.:  14.9
      thresh= 4.586E-05 alpha_mix =  0.700 |ddv_scf|^2 =  1.575E-10

      iter #   4 total cpu time :267999.0 secs   av.it.:  16.8
      thresh= 1.255E-06 alpha_mix =  0.700 |ddv_scf|^2 =  4.894E-12

      iter #   5 total cpu time :268216.6 secs   av.it.:  16.7
      thresh= 2.212E-07 alpha_mix =  0.700 |ddv_scf|^2 =  2.676E-13

      iter #   6 total cpu time :268435.4 secs   av.it.:  16.7
      thresh= 5.173E-08 alpha_mix =  0.700 |ddv_scf|^2 =  4.166E-14

      iter #   7 total cpu time :268646.8 secs   av.it.:  15.9
      thresh= 2.041E-08 alpha_mix =  0.700 |ddv_scf|^2 =  5.581E-15

     End of self-consistent calculation

     Convergence has been achieved 


     Representation #  27 modes #  53  54

     Self-consistent Calculation

      iter #   1 total cpu time :268744.6 secs   av.it.:   3.9
      thresh= 1.000E-02 alpha_mix =  0.700 |ddv_scf|^2 =  1.694E-09

      iter #   2 total cpu time :268960.9 secs   av.it.:  16.8
      thresh= 4.115E-06 alpha_mix =  0.700 |ddv_scf|^2 =  2.161E-09

      iter #   3 total cpu time :269161.7 secs   av.it.:  15.0
      thresh= 4.649E-06 alpha_mix =  0.700 |ddv_scf|^2 =  1.170E-11

      iter #   4 total cpu time :269376.9 secs   av.it.:  16.5
      thresh= 3.420E-07 alpha_mix =  0.700 |ddv_scf|^2 =  4.565E-13

      iter #   5 total cpu time :269595.2 secs   av.it.:  16.9
      thresh= 6.757E-08 alpha_mix =  0.700 |ddv_scf|^2 =  2.013E-14

      iter #   6 total cpu time :269809.0 secs   av.it.:  16.0
      thresh= 1.419E-08 alpha_mix =  0.700 |ddv_scf|^2 =  1.374E-15

     End of self-consistent calculation

     Convergence has been achieved 


     Representation #  28 modes #  55  56

     Self-consistent Calculation

      iter #   1 total cpu time :269918.0 secs   av.it.:   4.9
      thresh= 1.000E-02 alpha_mix =  0.700 |ddv_scf|^2 =  1.053E-08

      iter #   2 total cpu time :270131.9 secs   av.it.:  16.0
      thresh= 1.026E-05 alpha_mix =  0.700 |ddv_scf|^2 =  7.033E-09

      iter #   3 total cpu time :270332.3 secs   av.it.:  15.0
      thresh= 8.386E-06 alpha_mix =  0.700 |ddv_scf|^2 =  1.099E-11

      iter #   4 total cpu time :270549.2 secs   av.it.:  16.6
      thresh= 3.315E-07 alpha_mix =  0.700 |ddv_scf|^2 =  6.158E-13

      iter #   5 total cpu time :270766.8 secs   av.it.:  16.8
      thresh= 7.847E-08 alpha_mix =  0.700 |ddv_scf|^2 =  5.715E-14

      iter #   6 total cpu time :270984.5 secs   av.it.:  16.7
      thresh= 2.391E-08 alpha_mix =  0.700 |ddv_scf|^2 =  3.183E-15

     End of self-consistent calculation

     Convergence has been achieved 


     Representation #  29 modes #  57  58

     Self-consistent Calculation

      iter #   1 total cpu time :271078.7 secs   av.it.:   3.0
      thresh= 1.000E-02 alpha_mix =  0.700 |ddv_scf|^2 =  1.729E-09

      iter #   2 total cpu time :271295.5 secs   av.it.:  16.2
      thresh= 4.158E-06 alpha_mix =  0.700 |ddv_scf|^2 =  2.276E-09

      iter #   3 total cpu time :271497.9 secs   av.it.:  15.0
      thresh= 4.771E-06 alpha_mix =  0.700 |ddv_scf|^2 =  4.412E-12

      iter #   4 total cpu time :271720.5 secs   av.it.:  16.9
      thresh= 2.100E-07 alpha_mix =  0.700 |ddv_scf|^2 =  5.282E-13

      iter #   5 total cpu time :271940.3 secs   av.it.:  16.7
      thresh= 7.268E-08 alpha_mix =  0.700 |ddv_scf|^2 =  1.873E-14

      iter #   6 total cpu time :272160.2 secs   av.it.:  16.9
      thresh= 1.369E-08 alpha_mix =  0.700 |ddv_scf|^2 =  7.205E-16

     End of self-consistent calculation

     Convergence has been achieved 


     Representation #  30 modes #  59  60

     Self-consistent Calculation

      iter #   1 total cpu time :272251.3 secs   av.it.:   3.0
      thresh= 1.000E-02 alpha_mix =  0.700 |ddv_scf|^2 =  6.639E-10

      iter #   2 total cpu time :272462.5 secs   av.it.:  16.7
      thresh= 2.577E-06 alpha_mix =  0.700 |ddv_scf|^2 =  3.814E-10

      iter #   3 total cpu time :272661.3 secs   av.it.:  15.6
      thresh= 1.953E-06 alpha_mix =  0.700 |ddv_scf|^2 =  6.164E-13

      iter #   4 total cpu time :272882.7 secs   av.it.:  16.9
      thresh= 7.851E-08 alpha_mix =  0.700 |ddv_scf|^2 =  9.372E-14

      iter #   5 total cpu time :273099.8 secs   av.it.:  16.7
      thresh= 3.061E-08 alpha_mix =  0.700 |ddv_scf|^2 =  2.791E-15

     End of self-consistent calculation

     Convergence has been achieved 


     Representation #  31 modes #  61  62

     Self-consistent Calculation

      iter #   1 total cpu time :273194.9 secs   av.it.:   3.5
      thresh= 1.000E-02 alpha_mix =  0.700 |ddv_scf|^2 =  1.131E-09

      iter #   2 total cpu time :273414.7 secs   av.it.:  16.9
      thresh= 3.363E-06 alpha_mix =  0.700 |ddv_scf|^2 =  1.394E-09

      iter #   3 total cpu time :273620.4 secs   av.it.:  15.1
      thresh= 3.734E-06 alpha_mix =  0.700 |ddv_scf|^2 =  8.332E-12

      iter #   4 total cpu time :273842.4 secs   av.it.:  16.9
      thresh= 2.887E-07 alpha_mix =  0.700 |ddv_scf|^2 =  5.908E-13

      iter #   5 total cpu time :274062.2 secs   av.it.:  16.6
      thresh= 7.687E-08 alpha_mix =  0.700 |ddv_scf|^2 =  1.092E-14

      iter #   6 total cpu time :274281.0 secs   av.it.:  16.9
      thresh= 1.045E-08 alpha_mix =  0.700 |ddv_scf|^2 =  3.687E-16

     End of self-consistent calculation

     Convergence has been achieved 


     Representation #  32 modes #  63  64

     Self-consistent Calculation

      iter #   1 total cpu time :274377.4 secs   av.it.:   3.9
      thresh= 1.000E-02 alpha_mix =  0.700 |ddv_scf|^2 =  1.881E-09

      iter #   2 total cpu time :274596.4 secs   av.it.:  16.7
      thresh= 4.338E-06 alpha_mix =  0.700 |ddv_scf|^2 =  2.399E-09

      iter #   3 total cpu time :274797.9 secs   av.it.:  15.0
      thresh= 4.898E-06 alpha_mix =  0.700 |ddv_scf|^2 =  9.312E-12

      iter #   4 total cpu time :275014.7 secs   av.it.:  16.9
      thresh= 3.052E-07 alpha_mix =  0.700 |ddv_scf|^2 =  4.879E-13

      iter #   5 total cpu time :275237.5 secs   av.it.:  16.9
      thresh= 6.985E-08 alpha_mix =  0.700 |ddv_scf|^2 =  1.845E-14

      iter #   6 total cpu time :275457.5 secs   av.it.:  16.7
      thresh= 1.358E-08 alpha_mix =  0.700 |ddv_scf|^2 =  2.350E-15

     End of self-consistent calculation

     Convergence has been achieved 


     Representation #  33 modes #  65  66

     Self-consistent Calculation

      iter #   1 total cpu time :275552.3 secs   av.it.:   3.1
      thresh= 1.000E-02 alpha_mix =  0.700 |ddv_scf|^2 =  5.537E-10

      iter #   2 total cpu time :275769.2 secs   av.it.:  16.9
      thresh= 2.353E-06 alpha_mix =  0.700 |ddv_scf|^2 =  2.190E-10

      iter #   3 total cpu time :275978.7 secs   av.it.:  16.3
      thresh= 1.480E-06 alpha_mix =  0.700 |ddv_scf|^2 =  9.394E-13

      iter #   4 total cpu time :276195.6 secs   av.it.:  16.9
      thresh= 9.692E-08 alpha_mix =  0.700 |ddv_scf|^2 =  1.764E-13

      iter #   5 total cpu time :276407.3 secs   av.it.:  15.9
      thresh= 4.199E-08 alpha_mix =  0.700 |ddv_scf|^2 =  7.938E-15

     End of self-consistent calculation

     Convergence has been achieved 

     Number of q in the star =    1
     List of q in the star:
          1  -0.500000000  -0.505744325   0.000000000

     Diagonalizing the dynamical matrix

     q = (   -0.500000000  -0.505744325   0.000000000 ) 

 **************************************************************************
     freq (    1) =       0.650683 [THz] =      21.704445 [cm-1]
     freq (    2) =       0.650683 [THz] =      21.704445 [cm-1]
     freq (    3) =       1.168917 [THz] =      38.990871 [cm-1]
     freq (    4) =       1.168917 [THz] =      38.990871 [cm-1]
     freq (    5) =       2.253818 [THz] =      75.179280 [cm-1]
     freq (    6) =       2.253818 [THz] =      75.179280 [cm-1]
     freq (    7) =       4.055670 [THz] =     135.282584 [cm-1]
     freq (    8) =       4.055670 [THz] =     135.282584 [cm-1]
     freq (    9) =       4.956582 [THz] =     165.333795 [cm-1]
     freq (   10) =       4.956582 [THz] =     165.333795 [cm-1]
     freq (   11) =       6.200243 [THz] =     206.817837 [cm-1]
     freq (   12) =       6.200243 [THz] =     206.817837 [cm-1]
     freq (   13) =       6.521493 [THz] =     217.533603 [cm-1]
     freq (   14) =       6.521493 [THz] =     217.533603 [cm-1]
     freq (   15) =       6.698889 [THz] =     223.450869 [cm-1]
     freq (   16) =       6.698889 [THz] =     223.450869 [cm-1]
     freq (   17) =       8.014386 [THz] =     267.331146 [cm-1]
     freq (   18) =       8.014386 [THz] =     267.331146 [cm-1]
     freq (   19) =       8.515361 [THz] =     284.041869 [cm-1]
     freq (   20) =       8.515361 [THz] =     284.041869 [cm-1]
     freq (   21) =       8.811921 [THz] =     293.934033 [cm-1]
     freq (   22) =       8.811921 [THz] =     293.934033 [cm-1]
     freq (   23) =       9.240481 [THz] =     308.229263 [cm-1]
     freq (   24) =       9.240481 [THz] =     308.229263 [cm-1]
     freq (   25) =       9.396486 [THz] =     313.433047 [cm-1]
     freq (   26) =       9.396486 [THz] =     313.433047 [cm-1]
     freq (   27) =      12.001937 [THz] =     400.341514 [cm-1]
     freq (   28) =      12.001937 [THz] =     400.341514 [cm-1]
     freq (   29) =      12.555261 [THz] =     418.798411 [cm-1]
     freq (   30) =      12.555261 [THz] =     418.798411 [cm-1]
     freq (   31) =      30.438489 [THz] =    1015.318697 [cm-1]
     freq (   32) =      30.438489 [THz] =    1015.318697 [cm-1]
     freq (   33) =      30.681130 [THz] =    1023.412345 [cm-1]
     freq (   34) =      30.681130 [THz] =    1023.412345 [cm-1]
     freq (   35) =      32.051979 [THz] =    1069.138925 [cm-1]
     freq (   36) =      32.051979 [THz] =    1069.138925 [cm-1]
     freq (   37) =      32.376816 [THz] =    1079.974324 [cm-1]
     freq (   38) =      32.376816 [THz] =    1079.974324 [cm-1]
     freq (   39) =      32.553606 [THz] =    1085.871411 [cm-1]
     freq (   40) =      32.553606 [THz] =    1085.871411 [cm-1]
     freq (   41) =      32.683561 [THz] =    1090.206252 [cm-1]
     freq (   42) =      32.683561 [THz] =    1090.206252 [cm-1]
     freq (   43) =      35.759894 [THz] =    1192.821684 [cm-1]
     freq (   44) =      35.759894 [THz] =    1192.821684 [cm-1]
     freq (   45) =      35.799564 [THz] =    1194.144927 [cm-1]
     freq (   46) =      35.799564 [THz] =    1194.144927 [cm-1]
     freq (   47) =      36.396587 [THz] =    1214.059459 [cm-1]
     freq (   48) =      36.396587 [THz] =    1214.059459 [cm-1]
     freq (   49) =      36.688156 [THz] =    1223.785142 [cm-1]
     freq (   50) =      36.688156 [THz] =    1223.785142 [cm-1]
     freq (   51) =      68.484610 [THz] =    2284.400707 [cm-1]
     freq (   52) =      68.484610 [THz] =    2284.400707 [cm-1]
     freq (   53) =      68.611837 [THz] =    2288.644546 [cm-1]
     freq (   54) =      68.611837 [THz] =    2288.644546 [cm-1]
     freq (   55) =      70.100256 [THz] =    2338.292846 [cm-1]
     freq (   56) =      70.100256 [THz] =    2338.292846 [cm-1]
     freq (   57) =      70.266137 [THz] =    2343.826056 [cm-1]
     freq (   58) =      70.266137 [THz] =    2343.826056 [cm-1]
     freq (   59) =      70.635331 [THz] =    2356.141038 [cm-1]
     freq (   60) =      70.635331 [THz] =    2356.141038 [cm-1]
     freq (   61) =      70.959308 [THz] =    2366.947740 [cm-1]
     freq (   62) =      70.959308 [THz] =    2366.947740 [cm-1]
     freq (   63) =      71.253699 [THz] =    2376.767578 [cm-1]
     freq (   64) =      71.253699 [THz] =    2376.767578 [cm-1]
     freq (   65) =      71.303814 [THz] =    2378.439224 [cm-1]
     freq (   66) =      71.303814 [THz] =    2378.439224 [cm-1]
 **************************************************************************

     Calculation of q =   -0.5000000  -0.5057443  -0.7989450

     Parallelization info
     --------------------
     sticks:   dense  smooth     PW     G-vecs:    dense   smooth      PW
     Min         501     250     68                26015     9198    1324
     Max         503     251     70                26017     9201    1325
     Sum       12031    6005   1651               624371   220763   31783

     Using Slab Decomposition



     bravais-lattice index     =            8
     lattice parameter (alat)  =      13.8222  a.u.
     unit-cell volume          =    1633.8810 (a.u.)^3
     number of atoms/cell      =           22
     number of atomic types    =            3
     number of electrons       =        48.00
     number of Kohn-Sham states=           24
     kinetic-energy cutoff     =     100.0000  Ry
     charge density cutoff     =     800.0000  Ry
     Exchange-correlation= PBESOL
                           (   1   4  10   8   0   0   0)

     celldm(1)=  13.822166  celldm(2)=   0.988642  celldm(3)=   0.625825
     celldm(4)=   0.000000  celldm(5)=   0.000000  celldm(6)=   0.000000

     crystal axes: (cart. coord. in units of alat)
               a(1) = (   1.000000   0.000000   0.000000 )  
               a(2) = (   0.000000   0.988642   0.000000 )  
               a(3) = (   0.000000   0.000000   0.625825 )  

     reciprocal axes: (cart. coord. in units 2 pi/alat)
               b(1) = (  1.000000  0.000000  0.000000 )  
               b(2) = (  0.000000  1.011489  0.000000 )  
               b(3) = (  0.000000  0.000000  1.597890 )  


     PseudoPot. # 1 for B  read from file:
     /home/mehlhorn/pseudos/b_pbesol_v1.4.uspp.F.UPF
     MD5 check sum: 369b69bef2c3aeed4453bd8b804fd6a8
     Pseudo is Ultrasoft + core correction, Zval =  3.0
     Generated by new atomic code, or converted to UPF format
     Using radial grid of  781 points,  4 beta functions with: 
                l(1) =   0
                l(2) =   0
                l(3) =   1
                l(4) =   1
     Q(r) pseudized with  8 coefficients,  rinner =    1.100   1.100   1.100


     PseudoPot. # 2 for Ba read from file:
     /home/mehlhorn/pseudos/Ba.nc.z_10.oncvpsp4.dojo.v4-sp.upf
     MD5 check sum: c10ed334bb677c0554edec7181ce9143
     Pseudo is Norm-conserving + core correction, Zval = 10.0
     Generated using ONCVPSP code by D. R. Hamann
     Using radial grid of 1938 points,  8 beta functions with: 
                l(1) =   0
                l(2) =   0
                l(3) =   1
                l(4) =   1
                l(5) =   2
                l(6) =   2
                l(7) =   3
                l(8) =   3

     PseudoPot. # 3 for H  read from file:
     /home/mehlhorn/pseudos/H_ONCV_PBEsol-1.0.upf
     MD5 check sum: 398ef8f67c0a7342c05c87c5e19ea467
     Pseudo is Norm-conserving, Zval =  1.0
     Generated using ONCVPSP code by D. R. Hamann
     Using radial grid of 1180 points,  2 beta functions with: 
                l(1) =   0
                l(2) =   0

     atomic species   valence    mass     pseudopotential
     B                 3.00    10.81100     B ( 1.00)
     Ba               10.00   137.32700     Ba( 1.00)
     H                 1.00     1.00794     H ( 1.00)

      4 Sym. Ops. (no inversion) found



   Cartesian axes

     site n.     atom                  positions (alat units)
         1        Ba     tau(   1) = (   0.5000000   0.4943209   0.3129269  )
         2        Ba     tau(   2) = (   0.0000000   0.0000000   0.6258110  )
         3        B      tau(   3) = (   0.6506416   0.2739151   0.0000135  )
         4        B      tau(   4) = (   0.3493584   0.7147268   0.0000135  )
         5        B      tau(   5) = (   0.1506416   0.2204059   0.3128991  )
         6        B      tau(   6) = (   0.8493584   0.7682360   0.3128991  )
         7        H      tau(   7) = (   0.4819832   0.2783418   0.0000138  )
         8        H      tau(   8) = (   0.5180168   0.7103001   0.0000138  )
         9        H      tau(   9) = (   0.9819832   0.2159792   0.3128988  )
        10        H      tau(  10) = (   0.0180168   0.7726627   0.3128988  )
        11        H      tau(  11) = (   0.7124279   0.4312567   0.0000147  )
        12        H      tau(  12) = (   0.2875721   0.5573851   0.0000147  )
        13        H      tau(  13) = (   0.2124279   0.0630642   0.3128979  )
        14        H      tau(  14) = (   0.7875721   0.9255777   0.3128979  )
        15        H      tau(  15) = (   0.7007933   0.1949551   0.4861041  )
        16        H      tau(  16) = (   0.2992067   0.7936867   0.4861041  )
        17        H      tau(  17) = (   0.2007933   0.2993658   0.4526338  )
        18        H      tau(  18) = (   0.7992067   0.6892760   0.4526338  )
        19        H      tau(  19) = (   0.2991845   0.7936807   0.1397434  )
        20        H      tau(  20) = (   0.7008155   0.1949611   0.1397434  )
        21        H      tau(  21) = (   0.7991845   0.6892821   0.1731692  )
        22        H      tau(  22) = (   0.2008155   0.2993598   0.1731692  )

     number of k points=    54
                       cart. coord. in units 2pi/alat
        k(    1) = (   0.0000000   0.0000000   0.0000000), wk =   0.0160000
        k(    2) = (  -0.5000000  -0.5057443  -0.7989450), wk =   0.0000000
        k(    3) = (   0.0000000   0.0000000   0.3195780), wk =   0.0320000
        k(    4) = (  -0.5000000  -0.5057443  -0.4793670), wk =   0.0000000
        k(    5) = (   0.0000000   0.0000000   0.6391560), wk =   0.0320000
        k(    6) = (  -0.5000000  -0.5057443  -0.1597890), wk =   0.0000000
        k(    7) = (   0.0000000   0.2022977   0.0000000), wk =   0.0320000
        k(    8) = (  -0.5000000  -0.3034466  -0.7989450), wk =   0.0000000
        k(    9) = (   0.0000000   0.2022977   0.3195780), wk =   0.0640000
        k(   10) = (  -0.5000000  -0.3034466  -0.4793670), wk =   0.0000000
        k(   11) = (   0.0000000   0.2022977   0.6391560), wk =   0.0640000
        k(   12) = (  -0.5000000  -0.3034466  -0.1597890), wk =   0.0000000
        k(   13) = (   0.0000000   0.4045955   0.0000000), wk =   0.0320000
        k(   14) = (  -0.5000000  -0.1011489  -0.7989450), wk =   0.0000000
        k(   15) = (   0.0000000   0.4045955   0.3195780), wk =   0.0640000
        k(   16) = (  -0.5000000  -0.1011489  -0.4793670), wk =   0.0000000
        k(   17) = (   0.0000000   0.4045955   0.6391560), wk =   0.0640000
        k(   18) = (  -0.5000000  -0.1011489  -0.1597890), wk =   0.0000000
        k(   19) = (   0.2000000   0.0000000   0.0000000), wk =   0.0320000
        k(   20) = (  -0.3000000  -0.5057443  -0.7989450), wk =   0.0000000
        k(   21) = (   0.2000000   0.0000000   0.3195780), wk =   0.0640000
        k(   22) = (  -0.3000000  -0.5057443  -0.4793670), wk =   0.0000000
        k(   23) = (   0.2000000   0.0000000   0.6391560), wk =   0.0640000
        k(   24) = (  -0.3000000  -0.5057443  -0.1597890), wk =   0.0000000
        k(   25) = (   0.2000000   0.2022977   0.0000000), wk =   0.0640000
        k(   26) = (  -0.3000000  -0.3034466  -0.7989450), wk =   0.0000000
        k(   27) = (   0.2000000   0.2022977   0.3195780), wk =   0.1280000
        k(   28) = (  -0.3000000  -0.3034466  -0.4793670), wk =   0.0000000
        k(   29) = (   0.2000000   0.2022977   0.6391560), wk =   0.1280000
        k(   30) = (  -0.3000000  -0.3034466  -0.1597890), wk =   0.0000000
        k(   31) = (   0.2000000   0.4045955   0.0000000), wk =   0.0640000
        k(   32) = (  -0.3000000  -0.1011489  -0.7989450), wk =   0.0000000
        k(   33) = (   0.2000000   0.4045955   0.3195780), wk =   0.1280000
        k(   34) = (  -0.3000000  -0.1011489  -0.4793670), wk =   0.0000000
        k(   35) = (   0.2000000   0.4045955   0.6391560), wk =   0.1280000
        k(   36) = (  -0.3000000  -0.1011489  -0.1597890), wk =   0.0000000
        k(   37) = (   0.4000000   0.0000000   0.0000000), wk =   0.0320000
        k(   38) = (  -0.1000000  -0.5057443  -0.7989450), wk =   0.0000000
        k(   39) = (   0.4000000   0.0000000   0.3195780), wk =   0.0640000
        k(   40) = (  -0.1000000  -0.5057443  -0.4793670), wk =   0.0000000
        k(   41) = (   0.4000000   0.0000000   0.6391560), wk =   0.0640000
        k(   42) = (  -0.1000000  -0.5057443  -0.1597890), wk =   0.0000000
        k(   43) = (   0.4000000   0.2022977   0.0000000), wk =   0.0640000
        k(   44) = (  -0.1000000  -0.3034466  -0.7989450), wk =   0.0000000
        k(   45) = (   0.4000000   0.2022977   0.3195780), wk =   0.1280000
        k(   46) = (  -0.1000000  -0.3034466  -0.4793670), wk =   0.0000000
        k(   47) = (   0.4000000   0.2022977   0.6391560), wk =   0.1280000
        k(   48) = (  -0.1000000  -0.3034466  -0.1597890), wk =   0.0000000
        k(   49) = (   0.4000000   0.4045955   0.0000000), wk =   0.0640000
        k(   50) = (  -0.1000000  -0.1011489  -0.7989450), wk =   0.0000000
        k(   51) = (   0.4000000   0.4045955   0.3195780), wk =   0.1280000
        k(   52) = (  -0.1000000  -0.1011489  -0.4793670), wk =   0.0000000
        k(   53) = (   0.4000000   0.4045955   0.6391560), wk =   0.1280000
        k(   54) = (  -0.1000000  -0.1011489  -0.1597890), wk =   0.0000000

     Dense  grid:   624371 G-vectors     FFT dimensions: ( 128, 128,  80)

     Smooth grid:   220763 G-vectors     FFT dimensions: (  90,  90,  60)

     Estimated max dynamical RAM per process >      55.70 MB

     Estimated total dynamical RAM >       1.31 GB

     The potential is recalculated from file :
     ./_ph0/pwscf.q_8/pwscf.save/charge-density

     Starting wfcs are   42 atomic wfcs

     Band Structure Calculation
     Davidson diagonalization with overlap

     ethr =  2.08E-11,  avg # of iterations = 21.9

     total cpu time spent up to now is     1608.6 secs

     End of band structure calculation

          k = 0.0000 0.0000 0.0000 ( 27547 PWs)   bands (ev):

   -24.8759 -24.8714 -10.3628 -10.3402 -10.1339 -10.1139 -10.0376  -9.9953
    -6.7247  -5.9369  -5.4217  -5.3923  -2.5156  -1.4858  -1.3760  -1.2777
    -1.1822  -0.9955  -0.9748  -0.7035  -0.4711  -0.3095  -0.1927  -0.1718

          k =-0.5000-0.5057-0.7989 ( 27592 PWs)   bands (ev):

   -24.8585 -24.8585 -10.5490 -10.5490 -10.1392 -10.1392 -10.1305 -10.1305
    -5.8390  -5.8390  -5.4618  -5.4618  -2.2705  -2.2705  -1.9052  -1.9052
    -0.7511  -0.7511  -0.5851  -0.5851  -0.4906  -0.4906  -0.3237  -0.3237

          k = 0.0000 0.0000 0.3196 ( 27557 PWs)   bands (ev):

   -24.8703 -24.8666 -10.3025 -10.2841 -10.2328 -10.2112 -10.1198 -10.1041
    -6.3758  -5.7099  -5.5483  -5.5250  -2.2117  -1.8780  -1.7454  -1.2539
    -1.0751  -1.0306  -0.7953  -0.6434  -0.5392  -0.3695  -0.3294  -0.2777

          k =-0.5000-0.5057-0.4794 ( 27580 PWs)   bands (ev):

   -24.8638 -24.8638 -10.3836 -10.3836 -10.2444 -10.2444 -10.1010 -10.1010
    -5.7608  -5.7608  -5.7050  -5.7050  -2.0979  -2.0979  -1.6696  -1.6696
    -0.9356  -0.9356  -0.6246  -0.6246  -0.5031  -0.5031  -0.3329  -0.3329

          k = 0.0000 0.0000 0.6392 ( 27608 PWs)   bands (ev):

   -24.8607 -24.8593 -10.5085 -10.5048 -10.1816 -10.1720 -10.1135 -10.1053
    -5.7614  -5.7531  -5.7425  -5.4582  -2.1261  -2.0687  -1.8950  -1.6317
    -1.0865  -0.9336  -0.7377  -0.5840  -0.5105  -0.4803  -0.4053  -0.3679

          k =-0.5000-0.5057-0.1598 ( 27588 PWs)   bands (ev):

   -24.8722 -24.8722 -10.3493 -10.3493 -10.1126 -10.1126 -10.0756 -10.0756
    -6.2406  -6.2406  -5.5003  -5.5003  -1.7861  -1.7861  -1.5742  -1.5742
    -0.7922  -0.7922  -0.7209  -0.7209  -0.6403  -0.6403  -0.3642  -0.3642

          k = 0.0000 0.2023 0.0000 ( 27569 PWs)   bands (ev):

   -24.8755 -24.8718 -10.3489 -10.3259 -10.1530 -10.1317 -10.0335  -9.9993
    -6.6361  -5.9571  -5.5017  -5.4248  -2.3716  -1.6393  -1.4408  -1.0716
    -1.0156  -0.9874  -0.9644  -0.6992  -0.5051  -0.4464  -0.2787  -0.2373

          k =-0.5000-0.3034-0.7989 ( 27604 PWs)   bands (ev):

   -24.8585 -24.8585 -10.5546 -10.5546 -10.1384 -10.1384 -10.1233 -10.1233
    -5.8799  -5.8799  -5.4196  -5.4196  -2.3638  -2.3638  -1.7282  -1.7282
    -0.7597  -0.7597  -0.6436  -0.6436  -0.5091  -0.5091  -0.3589  -0.3589

          k = 0.0000 0.2023 0.3196 ( 27552 PWs)   bands (ev):

   -24.8699 -24.8669 -10.3000 -10.2715 -10.2260 -10.2237 -10.1217 -10.1151
    -6.3072  -5.7120  -5.6235  -5.5440  -2.1196  -1.8986  -1.7463  -1.1449
    -1.0551  -1.0043  -0.9206  -0.6159  -0.5256  -0.3993  -0.3594  -0.3401

          k =-0.5000-0.3034-0.4794 ( 27586 PWs)   bands (ev):

   -24.8638 -24.8638 -10.3920 -10.3920 -10.2282 -10.2282 -10.1079 -10.1079
    -5.8168  -5.8168  -5.6490  -5.6490  -2.1058  -2.1058  -1.6265  -1.6265
    -0.9110  -0.9110  -0.6847  -0.6847  -0.4853  -0.4853  -0.3784  -0.3784

          k = 0.0000 0.2023 0.6392 ( 27613 PWs)   bands (ev):

   -24.8606 -24.8594 -10.5132 -10.5099 -10.1714 -10.1658 -10.1136 -10.1089
    -5.8883  -5.8362  -5.5795  -5.4059  -2.1843  -2.1799  -1.7749  -1.5692
    -1.0178  -0.8451  -0.7529  -0.5849  -0.5436  -0.5268  -0.4253  -0.4111

          k =-0.5000-0.3034-0.1598 ( 27598 PWs)   bands (ev):

   -24.8722 -24.8722 -10.3324 -10.3324 -10.1366 -10.1366 -10.0705 -10.0705
    -6.2253  -6.2253  -5.5145  -5.5145  -1.8505  -1.8505  -1.4466  -1.4466
    -0.8423  -0.8423  -0.7406  -0.7406  -0.6399  -0.6399  -0.3791  -0.3791

          k = 0.0000 0.4046 0.0000 ( 27614 PWs)   bands (ev):

   -24.8743 -24.8729 -10.3149 -10.2999 -10.1867 -10.1721 -10.0229 -10.0099
    -6.4011  -6.1162  -5.5642  -5.5030  -2.0892  -1.8562  -1.2943  -0.9681
    -0.9548  -0.9112  -0.7931  -0.7322  -0.6650  -0.5865  -0.4158  -0.3959

          k =-0.5000-0.1011-0.7989 ( 27576 PWs)   bands (ev):

   -24.8585 -24.8585 -10.5633 -10.5633 -10.1371 -10.1371 -10.1120 -10.1120
    -5.9337  -5.9337  -5.3636  -5.3636  -2.4505  -2.4505  -1.4672  -1.4672
    -0.8221  -0.8221  -0.7011  -0.7011  -0.5516  -0.5516  -0.4318  -0.4318

          k = 0.0000 0.4046 0.3196 ( 27598 PWs)   bands (ev):

   -24.8690 -24.8679 -10.2865 -10.2598 -10.2383 -10.2160 -10.1331 -10.1302
    -6.1218  -5.8782  -5.6394  -5.5904  -1.9933  -1.9415  -1.5917  -1.2659
    -0.9798  -0.9414  -0.8752  -0.6783  -0.5428  -0.5349  -0.3846  -0.3703

          k =-0.5000-0.1011-0.4794 ( 27622 PWs)   bands (ev):

   -24.8638 -24.8638 -10.4035 -10.4035 -10.1995 -10.1995 -10.1237 -10.1237
    -5.8640  -5.8640  -5.6018  -5.6018  -2.1144  -2.1144  -1.5597  -1.5597
    -0.8560  -0.8560  -0.7487  -0.7487  -0.5274  -0.5274  -0.4306  -0.4306

          k = 0.0000 0.4046 0.6392 ( 27578 PWs)   bands (ev):

   -24.8602 -24.8598 -10.5198 -10.5184 -10.1538 -10.1536 -10.1162 -10.1161
    -5.9574  -5.9339  -5.4374  -5.3731  -2.2784  -2.2695  -1.5988  -1.5056
    -0.8853  -0.7645  -0.7107  -0.6995  -0.5996  -0.5546  -0.4755  -0.4517

          k =-0.5000-0.1011-0.1598 ( 27596 PWs)   bands (ev):

   -24.8722 -24.8722 -10.2939 -10.2939 -10.1821 -10.1821 -10.0667 -10.0667
    -6.1994  -6.1994  -5.5386  -5.5386  -1.9080  -1.9080  -1.2426  -1.2426
    -0.9014  -0.9014  -0.8635  -0.8635  -0.6053  -0.6053  -0.4124  -0.4124

          k = 0.2000 0.0000 0.0000 ( 27596 PWs)   bands (ev):

   -24.8755 -24.8718 -10.3467 -10.3274 -10.1511 -10.1346 -10.0335  -9.9993
    -6.6388  -5.9732  -5.4575  -5.4432  -2.3808  -1.5061  -1.4222  -1.2740
    -0.9736  -0.9711  -0.9629  -0.7104  -0.5145  -0.4120  -0.3216  -0.2470

          k =-0.3000-0.5057-0.7989 ( 27616 PWs)   bands (ev):

   -24.8585 -24.8585 -10.5541 -10.5541 -10.1369 -10.1369 -10.1247 -10.1247
    -5.8994  -5.8994  -5.4021  -5.4021  -2.3180  -2.3180  -1.7746  -1.7746
    -0.7606  -0.7606  -0.6079  -0.6079  -0.5180  -0.5180  -0.3918  -0.3918

          k = 0.2000 0.0000 0.3196 ( 27579 PWs)   bands (ev):

   -24.8699 -24.8669 -10.2889 -10.2852 -10.2244 -10.2227 -10.1289 -10.1084
    -6.3062  -5.7288  -5.5853  -5.5621  -2.1243  -1.8389  -1.7840  -1.1607
    -1.0608  -1.0077  -0.8978  -0.6075  -0.6067  -0.3805  -0.3581  -0.3219

          k =-0.3000-0.5057-0.4794 ( 27572 PWs)   bands (ev):

   -24.8638 -24.8638 -10.3917 -10.3917 -10.2278 -10.2278 -10.1082 -10.1082
    -5.8398  -5.8398  -5.6275  -5.6275  -2.0960  -2.0960  -1.6292  -1.6292
    -0.9325  -0.9325  -0.6607  -0.6607  -0.4809  -0.4809  -0.3905  -0.3905

          k = 0.2000 0.0000 0.6392 ( 27582 PWs)   bands (ev):

   -24.8606 -24.8594 -10.5137 -10.5104 -10.1746 -10.1626 -10.1165 -10.1059
    -5.8641  -5.8109  -5.6090  -5.4226  -2.2579  -2.1770  -1.7509  -1.5304
    -0.9826  -0.8775  -0.7676  -0.6126  -0.5069  -0.4983  -0.4458  -0.3991

          k =-0.3000-0.5057-0.1598 ( 27600 PWs)   bands (ev):

   -24.8722 -24.8722 -10.3330 -10.3330 -10.1353 -10.1353 -10.0710 -10.0710
    -6.2204  -6.2204  -5.5222  -5.5222  -1.8693  -1.8693  -1.4413  -1.4413
    -0.8609  -0.8609  -0.7185  -0.7185  -0.6107  -0.6107  -0.3818  -0.3818

          k = 0.2000 0.2023 0.0000 ( 27586 PWs)   bands (ev):

   -24.8751 -24.8721 -10.3579 -10.3021 -10.1838 -10.1200 -10.0302 -10.0025
    -6.5730  -6.0101  -5.5326  -5.4255  -2.2681  -1.6402  -1.4408  -1.1250
    -0.9993  -0.9411  -0.8240  -0.6978  -0.5977  -0.5247  -0.4059  -0.2171

          k =-0.3000-0.3034-0.7989 ( 27586 PWs)   bands (ev):

   -24.8585 -24.8585 -10.5607 -10.5515 -10.1378 -10.1368 -10.1289 -10.1141
    -5.9568  -5.8256  -5.4816  -5.3420  -2.4167  -2.2369  -1.8314  -1.5944
    -0.8216  -0.6961  -0.6794  -0.6200  -0.5495  -0.5071  -0.4877  -0.3532

          k = 0.2000 0.2023 0.3196 ( 27572 PWs)   bands (ev):

   -24.8697 -24.8672 -10.2990 -10.2658 -10.2433 -10.2113 -10.1328 -10.1083
    -6.2517  -5.7585  -5.6381  -5.5522  -2.0585  -1.8717  -1.7696  -1.1236
    -1.0780  -1.0050  -0.8726  -0.6295  -0.5887  -0.4057  -0.4025  -0.3155

          k =-0.3000-0.3034-0.4794 ( 27586 PWs)   bands (ev):

   -24.8642 -24.8633 -10.4000 -10.3875 -10.2414 -10.1991 -10.1241 -10.1022
    -5.9214  -5.7553  -5.6841  -5.5700  -2.1174  -2.0658  -1.7266  -1.4985
    -0.9799  -0.8567  -0.7703  -0.6002  -0.5799  -0.4679  -0.4280  -0.3324

          k = 0.2000 0.2023 0.6392 ( 27605 PWs)   bands (ev):

   -24.8605 -24.8595 -10.5181 -10.5080 -10.1794 -10.1523 -10.1177 -10.1077
    -5.9297  -5.7752  -5.6079  -5.3910  -2.2998  -2.1537  -1.7561  -1.5670
    -0.8761  -0.8341  -0.7595  -0.5973  -0.5878  -0.5089  -0.4798  -0.3545

          k =-0.3000-0.3034-0.1598 ( 27594 PWs)   bands (ev):

   -24.8730 -24.8714 -10.3452 -10.2971 -10.1789 -10.1150 -10.0779 -10.0647
    -6.3615  -6.0650  -5.5662  -5.4789  -2.0289  -1.7337  -1.5948  -1.1764
    -0.9829  -0.8540  -0.7988  -0.7016  -0.6184  -0.5137  -0.5076  -0.2830

          k = 0.2000 0.4046 0.0000 ( 27581 PWs)   bands (ev):

   -24.8742 -24.8731 -10.3456 -10.3108 -10.1770 -10.1369 -10.0216 -10.0111
    -6.3947  -6.1680  -5.5440  -5.4778  -2.0363  -1.8305  -1.3331  -1.0040
    -0.9979  -0.9648  -0.8379  -0.6409  -0.6395  -0.5675  -0.4904  -0.3187

          k =-0.3000-0.1011-0.7989 ( 27586 PWs)   bands (ev):

   -24.8586 -24.8586 -10.5623 -10.5567 -10.1374 -10.1371 -10.1210 -10.1124
    -5.9384  -5.8596  -5.4482  -5.3642  -2.4147  -2.3291  -1.6302  -1.5108
    -0.8502  -0.7551  -0.7104  -0.6941  -0.5597  -0.5583  -0.4795  -0.3866

          k = 0.2000 0.4046 0.3196 ( 27588 PWs)   bands (ev):

   -24.8689 -24.8680 -10.2953 -10.2736 -10.2368 -10.2119 -10.1302 -10.1158
    -6.1045  -5.9119  -5.6286  -5.5839  -1.9678  -1.9228  -1.6351  -1.3634
    -0.9686  -0.8912  -0.8504  -0.6764  -0.5400  -0.4658  -0.4171  -0.3778

          k =-0.3000-0.1011-0.4794 ( 27598 PWs)   bands (ev):

   -24.8645 -24.8630 -10.4030 -10.3931 -10.2260 -10.1937 -10.1289 -10.1079
    -5.9692  -5.7545  -5.6528  -5.5478  -2.1264  -2.0395  -1.7785  -1.3770
    -0.9952  -0.9254  -0.7909  -0.6506  -0.5371  -0.4677  -0.4303  -0.3759

          k = 0.2000 0.4046 0.6392 ( 27594 PWs)   bands (ev):

   -24.8602 -24.8598 -10.5179 -10.5118 -10.1715 -10.1551 -10.1155 -10.1104
    -5.9410  -5.8713  -5.4888  -5.3983  -2.3022  -2.2235  -1.6908  -1.6062
    -0.8560  -0.7813  -0.6830  -0.6071  -0.5830  -0.5218  -0.4753  -0.3911

          k =-0.3000-0.1011-0.1598 ( 27618 PWs)   bands (ev):

   -24.8734 -24.8710 -10.3265 -10.2889 -10.1851 -10.1405 -10.0799 -10.0580
    -6.4400  -5.9736  -5.5501  -5.4853  -2.1625  -1.6907  -1.5250  -1.1176
    -0.9928  -0.9230  -0.8161  -0.7492  -0.6891  -0.4426  -0.4385  -0.2945

          k = 0.4000 0.0000 0.0000 ( 27586 PWs)   bands (ev):

   -24.8743 -24.8729 -10.3100 -10.3007 -10.1857 -10.1778 -10.0230 -10.0099
    -6.4131  -6.1421  -5.5200  -5.4923  -2.0859  -1.7849  -1.1869  -1.0286
    -0.9363  -0.9310  -0.8703  -0.7334  -0.6984  -0.6155  -0.5037  -0.3879

          k =-0.1000-0.5057-0.7989 ( 27616 PWs)   bands (ev):

   -24.8585 -24.8585 -10.5620 -10.5620 -10.1349 -10.1349 -10.1141 -10.1141
    -5.9745  -5.9745  -5.3282  -5.3282  -2.3685  -2.3685  -1.5430  -1.5430
    -0.8085  -0.8085  -0.6671  -0.6671  -0.6258  -0.6258  -0.4295  -0.4295

          k = 0.4000 0.0000 0.3196 ( 27600 PWs)   bands (ev):

   -24.8690 -24.8679 -10.2767 -10.2564 -10.2511 -10.2220 -10.1367 -10.1223
    -6.1201  -5.8836  -5.6212  -5.5944  -1.9816  -1.8743  -1.6326  -1.2822
    -0.9775  -0.9210  -0.9179  -0.7590  -0.5482  -0.4774  -0.3934  -0.3851

          k =-0.1000-0.5057-0.4794 ( 27578 PWs)   bands (ev):

   -24.8638 -24.8638 -10.4027 -10.4027 -10.1978 -10.1978 -10.1253 -10.1253
    -5.9031  -5.9031  -5.5665  -5.5665  -2.0920  -2.0920  -1.5666  -1.5666
    -0.9036  -0.9036  -0.6745  -0.6745  -0.5627  -0.5627  -0.4328  -0.4328

          k = 0.4000 0.0000 0.6392 ( 27598 PWs)   bands (ev):

   -24.8602 -24.8598 -10.5210 -10.5196 -10.1594 -10.1504 -10.1192 -10.1108
    -5.9148  -5.8913  -5.4783  -5.4085  -2.3616  -2.3227  -1.5531  -1.4426
    -0.8445  -0.8055  -0.6888  -0.6867  -0.6434  -0.4966  -0.4670  -0.4576

          k =-0.1000-0.5057-0.1598 ( 27596 PWs)   bands (ev):

   -24.8722 -24.8722 -10.2965 -10.2965 -10.1781 -10.1781 -10.0676 -10.0676
    -6.1849  -6.1849  -5.5604  -5.5604  -1.9449  -1.9449  -1.2638  -1.2638
    -0.9277  -0.9277  -0.7480  -0.7480  -0.6130  -0.6130  -0.3926  -0.3926

          k = 0.4000 0.2023 0.0000 ( 27608 PWs)   bands (ev):

   -24.8742 -24.8731 -10.3445 -10.3097 -10.1782 -10.1381 -10.0217 -10.0111
    -6.4022  -6.1817  -5.5234  -5.4666  -2.0321  -1.7889  -1.2884  -1.0036
    -0.9846  -0.9493  -0.9025  -0.7142  -0.6573  -0.5828  -0.4958  -0.3235

          k =-0.1000-0.3034-0.7989 ( 27618 PWs)   bands (ev):

   -24.8586 -24.8586 -10.5615 -10.5559 -10.1360 -10.1346 -10.1235 -10.1137
    -5.9639  -5.8936  -5.4174  -5.3419  -2.3643  -2.2543  -1.7084  -1.5466
    -0.8428  -0.8046  -0.6675  -0.6652  -0.5917  -0.5631  -0.4659  -0.4264

          k = 0.4000 0.2023 0.3196 ( 27604 PWs)   bands (ev):

   -24.8689 -24.8680 -10.2923 -10.2714 -10.2421 -10.2151 -10.1298 -10.1137
    -6.1036  -5.9141  -5.6211  -5.5836  -1.9579  -1.8718  -1.6752  -1.3826
    -0.9438  -0.9046  -0.8568  -0.6973  -0.5528  -0.4759  -0.4168  -0.3731

          k =-0.1000-0.3034-0.4794 ( 27598 PWs)   bands (ev):

   -24.8645 -24.8630 -10.4026 -10.3926 -10.2236 -10.1953 -10.1270 -10.1104
    -5.9893  -5.7919  -5.6221  -5.5258  -2.0887  -2.0508  -1.7775  -1.3893
    -1.0431  -0.8685  -0.8043  -0.6359  -0.5449  -0.4550  -0.4393  -0.3917

          k = 0.4000 0.2023 0.6392 ( 27592 PWs)   bands (ev):

   -24.8602 -24.8598 -10.5186 -10.5126 -10.1724 -10.1556 -10.1154 -10.1091
    -5.9150  -5.8351  -5.5225  -5.4211  -2.3472  -2.2786  -1.6371  -1.5703
    -0.8322  -0.7891  -0.6853  -0.6610  -0.5851  -0.5064  -0.4471  -0.3667

          k =-0.1000-0.3034-0.1598 ( 27572 PWs)   bands (ev):

   -24.8734 -24.8710 -10.3287 -10.2885 -10.1849 -10.1371 -10.0800 -10.0592
    -6.4356  -5.9527  -5.5844  -5.4856  -2.1567  -1.7855  -1.5122  -1.0603
    -1.0078  -0.9072  -0.8536  -0.6683  -0.6459  -0.5301  -0.3668  -0.2939

          k = 0.4000 0.4046 0.0000 ( 27626 PWs)   bands (ev):

   -24.8739 -24.8734 -10.3642 -10.3489 -10.1351 -10.1165 -10.0183 -10.0143
    -6.3578  -6.2731  -5.4927  -5.4609  -1.9125  -1.8156  -1.3562  -1.2058
    -1.0192  -1.0023  -0.8010  -0.6713  -0.5856  -0.5553  -0.4188  -0.3168

          k =-0.1000-0.1011-0.7989 ( 27608 PWs)   bands (ev):

   -24.8586 -24.8586 -10.5550 -10.5514 -10.1373 -10.1371 -10.1275 -10.1220
    -5.8690  -5.8009  -5.5181  -5.4468  -2.2544  -2.1503  -1.8226  -1.6928
    -0.8514  -0.8300  -0.7314  -0.7306  -0.5296  -0.5069  -0.4406  -0.3834

          k = 0.4000 0.4046 0.3196 ( 27579 PWs)   bands (ev):

   -24.8686 -24.8683 -10.3042 -10.2959 -10.2272 -10.2163 -10.1136 -10.1060
    -6.0556  -5.9843  -5.6036  -5.5839  -1.9125  -1.8741  -1.6907  -1.5635
    -0.8936  -0.8595  -0.7524  -0.6642  -0.5302  -0.5100  -0.4271  -0.3622

          k =-0.1000-0.1011-0.4794 ( 27572 PWs)   bands (ev):

   -24.8650 -24.8626 -10.3946 -10.3833 -10.2384 -10.2181 -10.1151 -10.1018
    -6.0368  -5.6883  -5.6567  -5.5310  -2.0697  -1.9797  -1.9133  -1.3234
    -1.1485  -1.0598  -0.7909  -0.5307  -0.5000  -0.4476  -0.4027  -0.3611

          k = 0.4000 0.4046 0.6392 ( 27593 PWs)   bands (ev):

   -24.8601 -24.8599 -10.5097 -10.5058 -10.1824 -10.1734 -10.1098 -10.1081
    -5.8608  -5.7980  -5.5530  -5.4831  -2.2775  -2.2207  -1.7963  -1.7416
    -0.8370  -0.8057  -0.6263  -0.6004  -0.5111  -0.4934  -0.3725  -0.3207

          k =-0.1000-0.1011-0.1598 ( 27564 PWs)   bands (ev):

   -24.8742 -24.8702 -10.3423 -10.3161 -10.1459 -10.1166 -10.0902 -10.0573
    -6.5866  -5.8802  -5.4927  -5.4429  -2.3663  -1.6550  -1.5329  -1.2722
    -1.0883  -0.8663  -0.8104  -0.7374  -0.6080  -0.3642  -0.2782  -0.2247

     highest occupied level (ev):    -0.1718

     Writing config to output data dir ./_ph0/pwscf.q_8/pwscf.save/ :
     XML data file

                                                                                

     bravais-lattice index     =            8
     lattice parameter (alat)  =      13.8222  a.u.
     unit-cell volume          =    1633.8810 (a.u.)^3
     number of atoms/cell      =           22
     number of atomic types    =            3
     kinetic-energy cut-off    =     100.0000  Ry
     charge density cut-off    =     800.0000  Ry
     convergence threshold     =      1.0E-14
     beta                      =       0.7000
     number of iterations used =            4
     Exchange-correlation= PBESOL
                           (   1   4  10   8   0   0   0)


     celldm(1)=   13.82217  celldm(2)=    0.98864  celldm(3)=    0.62583
     celldm(4)=    0.00000  celldm(5)=    0.00000  celldm(6)=    0.00000

     crystal axes: (cart. coord. in units of alat)
               a(1) = (  1.0000  0.0000  0.0000 )  
               a(2) = (  0.0000  0.9886  0.0000 )  
               a(3) = (  0.0000  0.0000  0.6258 )  

     reciprocal axes: (cart. coord. in units 2 pi/alat)
               b(1) = (  1.0000  0.0000  0.0000 )  
               b(2) = (  0.0000  1.0115  0.0000 )  
               b(3) = (  0.0000  0.0000  1.5979 )  


     Atoms inside the unit cell: 

     Cartesian axes

     site n.  atom      mass           positions (alat units)
        1  Ba    137.3270   tau(    1) = (    0.50000    0.49432    0.31293  )
        2  Ba    137.3270   tau(    2) = (    0.00000    0.00000    0.62581  )
        3  B      10.8110   tau(    3) = (    0.65064    0.27392    0.00001  )
        4  B      10.8110   tau(    4) = (    0.34936    0.71473    0.00001  )
        5  B      10.8110   tau(    5) = (    0.15064    0.22041    0.31290  )
        6  B      10.8110   tau(    6) = (    0.84936    0.76824    0.31290  )
        7  H       1.0079   tau(    7) = (    0.48198    0.27834    0.00001  )
        8  H       1.0079   tau(    8) = (    0.51802    0.71030    0.00001  )
        9  H       1.0079   tau(    9) = (    0.98198    0.21598    0.31290  )
       10  H       1.0079   tau(   10) = (    0.01802    0.77266    0.31290  )
       11  H       1.0079   tau(   11) = (    0.71243    0.43126    0.00001  )
       12  H       1.0079   tau(   12) = (    0.28757    0.55739    0.00001  )
       13  H       1.0079   tau(   13) = (    0.21243    0.06306    0.31290  )
       14  H       1.0079   tau(   14) = (    0.78757    0.92558    0.31290  )
       15  H       1.0079   tau(   15) = (    0.70079    0.19496    0.48610  )
       16  H       1.0079   tau(   16) = (    0.29921    0.79369    0.48610  )
       17  H       1.0079   tau(   17) = (    0.20079    0.29937    0.45263  )
       18  H       1.0079   tau(   18) = (    0.79921    0.68928    0.45263  )
       19  H       1.0079   tau(   19) = (    0.29918    0.79368    0.13974  )
       20  H       1.0079   tau(   20) = (    0.70082    0.19496    0.13974  )
       21  H       1.0079   tau(   21) = (    0.79918    0.68928    0.17317  )
       22  H       1.0079   tau(   22) = (    0.20082    0.29936    0.17317  )

     Computing dynamical matrix for 
                    q = (  -0.5000000  -0.5057443  -0.7989450 )

      5 Sym.Ops. (with q -> -q+G )


     G cutoff = 3871.5285  (  26017 G-vectors)     FFT grid: (128,128, 80)
     G cutoff = 1935.7643  (   9200 G-vectors)  smooth grid: ( 90, 90, 60)
     number of k points=    54

     PseudoPot. # 1 for B  read from file:
     /home/mehlhorn/pseudos/b_pbesol_v1.4.uspp.F.UPF
     MD5 check sum: 369b69bef2c3aeed4453bd8b804fd6a8
     Pseudo is Ultrasoft + core correction, Zval =  3.0
     Generated by new atomic code, or converted to UPF format
     Using radial grid of  781 points,  4 beta functions with: 
                l(1) =   0
                l(2) =   0
                l(3) =   1
                l(4) =   1
     Q(r) pseudized with  8 coefficients,  rinner =    1.100   1.100   1.100


     PseudoPot. # 2 for Ba read from file:
     /home/mehlhorn/pseudos/Ba.nc.z_10.oncvpsp4.dojo.v4-sp.upf
     MD5 check sum: c10ed334bb677c0554edec7181ce9143
     Pseudo is Norm-conserving + core correction, Zval = 10.0
     Generated using ONCVPSP code by D. R. Hamann
     Using radial grid of 1938 points,  8 beta functions with: 
                l(1) =   0
                l(2) =   0
                l(3) =   1
                l(4) =   1
                l(5) =   2
                l(6) =   2
                l(7) =   3
                l(8) =   3

     PseudoPot. # 3 for H  read from file:
     /home/mehlhorn/pseudos/H_ONCV_PBEsol-1.0.upf
     MD5 check sum: 398ef8f67c0a7342c05c87c5e19ea467
     Pseudo is Norm-conserving, Zval =  1.0
     Generated using ONCVPSP code by D. R. Hamann
     Using radial grid of 1180 points,  2 beta functions with: 
                l(1) =   0
                l(2) =   0


     Atomic displacements:
     There are   33 irreducible representations

     Representation     1      2 modes -  To be done

     Representation     2      2 modes -  To be done

     Representation     3      2 modes -  To be done

     Representation     4      2 modes -  To be done

     Representation     5      2 modes -  To be done

     Representation     6      2 modes -  To be done

     Representation     7      2 modes -  To be done

     Representation     8      2 modes -  To be done

     Representation     9      2 modes -  To be done

     Representation    10      2 modes -  To be done

     Representation    11      2 modes -  To be done

     Representation    12      2 modes -  To be done

     Representation    13      2 modes -  To be done

     Representation    14      2 modes -  To be done

     Representation    15      2 modes -  To be done

     Representation    16      2 modes -  To be done

     Representation    17      2 modes -  To be done

     Representation    18      2 modes -  To be done

     Representation    19      2 modes -  To be done

     Representation    20      2 modes -  To be done

     Representation    21      2 modes -  To be done

     Representation    22      2 modes -  To be done

     Representation    23      2 modes -  To be done

     Representation    24      2 modes -  To be done

     Representation    25      2 modes -  To be done

     Representation    26      2 modes -  To be done

     Representation    27      2 modes -  To be done

     Representation    28      2 modes -  To be done

     Representation    29      2 modes -  To be done

     Representation    30      2 modes -  To be done

     Representation    31      2 modes -  To be done

     Representation    32      2 modes -  To be done

     Representation    33      2 modes -  To be done



     Alpha used in Ewald sum =   2.8000
     PHONON       :   3d 4h11m CPU   3d 4h54m WALL



     Representation #   1 modes #   1   2

     Self-consistent Calculation

      iter #   1 total cpu time :276954.4 secs   av.it.:   3.0
      thresh= 1.000E-02 alpha_mix =  0.700 |ddv_scf|^2 =  7.509E-10

      iter #   2 total cpu time :277171.4 secs   av.it.:  16.3
      thresh= 2.740E-06 alpha_mix =  0.700 |ddv_scf|^2 =  3.694E-10

      iter #   3 total cpu time :277382.6 secs   av.it.:  15.9
      thresh= 1.922E-06 alpha_mix =  0.700 |ddv_scf|^2 =  3.735E-12

      iter #   4 total cpu time :277592.6 secs   av.it.:  16.0
      thresh= 1.933E-07 alpha_mix =  0.700 |ddv_scf|^2 =  2.557E-13

      iter #   5 total cpu time :277803.3 secs   av.it.:  16.2
      thresh= 5.057E-08 alpha_mix =  0.700 |ddv_scf|^2 =  1.302E-14

      iter #   6 total cpu time :278020.3 secs   av.it.:  16.3
      thresh= 1.141E-08 alpha_mix =  0.700 |ddv_scf|^2 =  1.231E-15

     End of self-consistent calculation

     Convergence has been achieved 


     Representation #   2 modes #   3   4

     Self-consistent Calculation

      iter #   1 total cpu time :278127.6 secs   av.it.:   4.8
      thresh= 1.000E-02 alpha_mix =  0.700 |ddv_scf|^2 =  6.335E-09

      iter #   2 total cpu time :278345.9 secs   av.it.:  16.9
      thresh= 7.959E-06 alpha_mix =  0.700 |ddv_scf|^2 =  4.154E-09

      iter #   3 total cpu time :278556.8 secs   av.it.:  15.9
      thresh= 6.445E-06 alpha_mix =  0.700 |ddv_scf|^2 =  1.797E-11

      iter #   4 total cpu time :278776.0 secs   av.it.:  16.9
      thresh= 4.239E-07 alpha_mix =  0.700 |ddv_scf|^2 =  1.747E-12

      iter #   5 total cpu time :278994.9 secs   av.it.:  16.7
      thresh= 1.322E-07 alpha_mix =  0.700 |ddv_scf|^2 =  1.511E-13

      iter #   6 total cpu time :279210.6 secs   av.it.:  16.8
      thresh= 3.887E-08 alpha_mix =  0.700 |ddv_scf|^2 =  8.147E-15

     End of self-consistent calculation

     Convergence has been achieved 


     Representation #   3 modes #   5   6

     Self-consistent Calculation

      iter #   1 total cpu time :279302.8 secs   av.it.:   3.1
      thresh= 1.000E-02 alpha_mix =  0.700 |ddv_scf|^2 =  8.243E-10

      iter #   2 total cpu time :279517.9 secs   av.it.:  16.9
      thresh= 2.871E-06 alpha_mix =  0.700 |ddv_scf|^2 =  4.744E-10

      iter #   3 total cpu time :279724.6 secs   av.it.:  16.0
      thresh= 2.178E-06 alpha_mix =  0.700 |ddv_scf|^2 =  2.843E-12

      iter #   4 total cpu time :279937.2 secs   av.it.:  16.9
      thresh= 1.686E-07 alpha_mix =  0.700 |ddv_scf|^2 =  2.893E-13

      iter #   5 total cpu time :280154.7 secs   av.it.:  16.9
      thresh= 5.379E-08 alpha_mix =  0.700 |ddv_scf|^2 =  2.764E-14

      iter #   6 total cpu time :280362.9 secs   av.it.:  16.0
      thresh= 1.662E-08 alpha_mix =  0.700 |ddv_scf|^2 =  1.930E-15

     End of self-consistent calculation

     Convergence has been achieved 


     Representation #   4 modes #   7   8

     Self-consistent Calculation

      iter #   1 total cpu time :280457.1 secs   av.it.:   3.1
      thresh= 1.000E-02 alpha_mix =  0.700 |ddv_scf|^2 =  9.276E-10

      iter #   2 total cpu time :280674.1 secs   av.it.:  16.9
      thresh= 3.046E-06 alpha_mix =  0.700 |ddv_scf|^2 =  4.895E-10

      iter #   3 total cpu time :280882.6 secs   av.it.:  16.0
      thresh= 2.212E-06 alpha_mix =  0.700 |ddv_scf|^2 =  1.328E-12

      iter #   4 total cpu time :281095.2 secs   av.it.:  16.9
      thresh= 1.152E-07 alpha_mix =  0.700 |ddv_scf|^2 =  3.771E-14

      iter #   5 total cpu time :281309.0 secs   av.it.:  16.9
      thresh= 1.942E-08 alpha_mix =  0.700 |ddv_scf|^2 =  5.244E-15

     End of self-consistent calculation

     Convergence has been achieved 


     Representation #   5 modes #   9  10

     Self-consistent Calculation

      iter #   1 total cpu time :281416.8 secs   av.it.:   5.0
      thresh= 1.000E-02 alpha_mix =  0.700 |ddv_scf|^2 =  7.805E-09

      iter #   2 total cpu time :281633.2 secs   av.it.:  16.7
      thresh= 8.835E-06 alpha_mix =  0.700 |ddv_scf|^2 =  4.855E-09

      iter #   3 total cpu time :281844.5 secs   av.it.:  15.9
      thresh= 6.968E-06 alpha_mix =  0.700 |ddv_scf|^2 =  3.598E-12

      iter #   4 total cpu time :282067.2 secs   av.it.:  16.9
      thresh= 1.897E-07 alpha_mix =  0.700 |ddv_scf|^2 =  3.523E-13

      iter #   5 total cpu time :282284.5 secs   av.it.:  16.8
      thresh= 5.936E-08 alpha_mix =  0.700 |ddv_scf|^2 =  1.143E-14

      iter #   6 total cpu time :282503.7 secs   av.it.:  16.9
      thresh= 1.069E-08 alpha_mix =  0.700 |ddv_scf|^2 =  5.529E-16

     End of self-consistent calculation

     Convergence has been achieved 


     Representation #   6 modes #  11  12

     Self-consistent Calculation

      iter #   1 total cpu time :282595.7 secs   av.it.:   3.0
      thresh= 1.000E-02 alpha_mix =  0.700 |ddv_scf|^2 =  4.977E-10

      iter #   2 total cpu time :282813.9 secs   av.it.:  16.9
      thresh= 2.231E-06 alpha_mix =  0.700 |ddv_scf|^2 =  2.345E-10

      iter #   3 total cpu time :283024.6 secs   av.it.:  16.0
      thresh= 1.531E-06 alpha_mix =  0.700 |ddv_scf|^2 =  1.780E-12

      iter #   4 total cpu time :283240.7 secs   av.it.:  16.9
      thresh= 1.334E-07 alpha_mix =  0.700 |ddv_scf|^2 =  8.005E-14

      iter #   5 total cpu time :283459.0 secs   av.it.:  16.9
      thresh= 2.829E-08 alpha_mix =  0.700 |ddv_scf|^2 =  3.625E-15

     End of self-consistent calculation

     Convergence has been achieved 


     Representation #   7 modes #  13  14

     Self-consistent Calculation

      iter #   1 total cpu time :283553.1 secs   av.it.:   3.1
      thresh= 1.000E-02 alpha_mix =  0.700 |ddv_scf|^2 =  6.539E-10

      iter #   2 total cpu time :283776.2 secs   av.it.:  16.9
      thresh= 2.557E-06 alpha_mix =  0.700 |ddv_scf|^2 =  3.200E-10

      iter #   3 total cpu time :283989.4 secs   av.it.:  16.0
      thresh= 1.789E-06 alpha_mix =  0.700 |ddv_scf|^2 =  1.520E-12

      iter #   4 total cpu time :284207.4 secs   av.it.:  16.9
      thresh= 1.233E-07 alpha_mix =  0.700 |ddv_scf|^2 =  4.918E-14

      iter #   5 total cpu time :284427.7 secs   av.it.:  16.9
      thresh= 2.218E-08 alpha_mix =  0.700 |ddv_scf|^2 =  4.953E-15

     End of self-consistent calculation

     Convergence has been achieved 


     Representation #   8 modes #  15  16

     Self-consistent Calculation

      iter #   1 total cpu time :284523.6 secs   av.it.:   3.9
      thresh= 1.000E-02 alpha_mix =  0.700 |ddv_scf|^2 =  8.368E-10

      iter #   2 total cpu time :284741.3 secs   av.it.:  16.9
      thresh= 2.893E-06 alpha_mix =  0.700 |ddv_scf|^2 =  4.743E-10

      iter #   3 total cpu time :284950.9 secs   av.it.:  16.1
      thresh= 2.178E-06 alpha_mix =  0.700 |ddv_scf|^2 =  1.060E-12

      iter #   4 total cpu time :285168.9 secs   av.it.:  16.9
      thresh= 1.030E-07 alpha_mix =  0.700 |ddv_scf|^2 =  8.936E-14

      iter #   5 total cpu time :285385.2 secs   av.it.:  16.9
      thresh= 2.989E-08 alpha_mix =  0.700 |ddv_scf|^2 =  4.694E-15

     End of self-consistent calculation

     Convergence has been achieved 


     Representation #   9 modes #  17  18

     Self-consistent Calculation

      iter #   1 total cpu time :285476.7 secs   av.it.:   3.1
      thresh= 1.000E-02 alpha_mix =  0.700 |ddv_scf|^2 =  6.322E-10

      iter #   2 total cpu time :285691.2 secs   av.it.:  16.9
      thresh= 2.514E-06 alpha_mix =  0.700 |ddv_scf|^2 =  3.249E-10

      iter #   3 total cpu time :285898.0 secs   av.it.:  16.0
      thresh= 1.803E-06 alpha_mix =  0.700 |ddv_scf|^2 =  2.828E-12

      iter #   4 total cpu time :286111.4 secs   av.it.:  16.9
      thresh= 1.682E-07 alpha_mix =  0.700 |ddv_scf|^2 =  2.625E-13

      iter #   5 total cpu time :286323.6 secs   av.it.:  16.4
      thresh= 5.123E-08 alpha_mix =  0.700 |ddv_scf|^2 =  2.080E-14

      iter #   6 total cpu time :286532.9 secs   av.it.:  16.0
      thresh= 1.442E-08 alpha_mix =  0.700 |ddv_scf|^2 =  7.917E-16

     End of self-consistent calculation

     Convergence has been achieved 


     Representation #  10 modes #  19  20

     Self-consistent Calculation

      iter #   1 total cpu time :286626.6 secs   av.it.:   3.1
      thresh= 1.000E-02 alpha_mix =  0.700 |ddv_scf|^2 =  5.509E-10

      iter #   2 total cpu time :286847.5 secs   av.it.:  16.9
      thresh= 2.347E-06 alpha_mix =  0.700 |ddv_scf|^2 =  3.824E-10

      iter #   3 total cpu time :287060.2 secs   av.it.:  15.9
      thresh= 1.956E-06 alpha_mix =  0.700 |ddv_scf|^2 =  9.579E-13

      iter #   4 total cpu time :287287.5 secs   av.it.:  17.0
      thresh= 9.787E-08 alpha_mix =  0.700 |ddv_scf|^2 =  2.534E-13

      iter #   5 total cpu time :287506.4 secs   av.it.:  16.7
      thresh= 5.034E-08 alpha_mix =  0.700 |ddv_scf|^2 =  2.405E-14

      iter #   6 total cpu time :287716.2 secs   av.it.:  16.0
      thresh= 1.551E-08 alpha_mix =  0.700 |ddv_scf|^2 =  1.436E-15

     End of self-consistent calculation

     Convergence has been achieved 


     Representation #  11 modes #  21  22

     Self-consistent Calculation

      iter #   1 total cpu time :287848.3 secs   av.it.:   6.9
      thresh= 1.000E-02 alpha_mix =  0.700 |ddv_scf|^2 =  5.198E-08

      iter #   2 total cpu time :288069.3 secs   av.it.:  16.9
      thresh= 2.280E-05 alpha_mix =  0.700 |ddv_scf|^2 =  3.665E-08

      iter #   3 total cpu time :288281.5 secs   av.it.:  16.0
      thresh= 1.914E-05 alpha_mix =  0.700 |ddv_scf|^2 =  1.348E-10

      iter #   4 total cpu time :288499.2 secs   av.it.:  16.2
      thresh= 1.161E-06 alpha_mix =  0.700 |ddv_scf|^2 =  3.395E-12

      iter #   5 total cpu time :288720.2 secs   av.it.:  16.9
      thresh= 1.843E-07 alpha_mix =  0.700 |ddv_scf|^2 =  2.545E-13

      iter #   6 total cpu time :288937.6 secs   av.it.:  16.5
      thresh= 5.045E-08 alpha_mix =  0.700 |ddv_scf|^2 =  1.747E-14

      iter #   7 total cpu time :289155.6 secs   av.it.:  16.7
      thresh= 1.322E-08 alpha_mix =  0.700 |ddv_scf|^2 =  1.708E-15

     End of self-consistent calculation

     Convergence has been achieved 


     Representation #  12 modes #  23  24

     Self-consistent Calculation

      iter #   1 total cpu time :289251.5 secs   av.it.:   3.5
      thresh= 1.000E-02 alpha_mix =  0.700 |ddv_scf|^2 =  7.787E-10

      iter #   2 total cpu time :289469.2 secs   av.it.:  16.9
      thresh= 2.791E-06 alpha_mix =  0.700 |ddv_scf|^2 =  4.172E-10

      iter #   3 total cpu time :289677.3 secs   av.it.:  16.1
      thresh= 2.042E-06 alpha_mix =  0.700 |ddv_scf|^2 =  1.190E-12

      iter #   4 total cpu time :289901.9 secs   av.it.:  16.9
      thresh= 1.091E-07 alpha_mix =  0.700 |ddv_scf|^2 =  7.039E-14

      iter #   5 total cpu time :290118.1 secs   av.it.:  16.9
      thresh= 2.653E-08 alpha_mix =  0.700 |ddv_scf|^2 =  4.718E-15

     End of self-consistent calculation

     Convergence has been achieved 


     Representation #  13 modes #  25  26

     Self-consistent Calculation

      iter #   1 total cpu time :290223.2 secs   av.it.:   4.3
      thresh= 1.000E-02 alpha_mix =  0.700 |ddv_scf|^2 =  2.712E-09

      iter #   2 total cpu time :290437.0 secs   av.it.:  16.9
      thresh= 5.208E-06 alpha_mix =  0.700 |ddv_scf|^2 =  9.558E-10

      iter #   3 total cpu time :290642.0 secs   av.it.:  16.0
      thresh= 3.092E-06 alpha_mix =  0.700 |ddv_scf|^2 =  1.683E-11

      iter #   4 total cpu time :290851.5 secs   av.it.:  16.2
      thresh= 4.102E-07 alpha_mix =  0.700 |ddv_scf|^2 =  6.485E-13

      iter #   5 total cpu time :291064.3 secs   av.it.:  16.9
      thresh= 8.053E-08 alpha_mix =  0.700 |ddv_scf|^2 =  3.857E-14

      iter #   6 total cpu time :291278.5 secs   av.it.:  16.9
      thresh= 1.964E-08 alpha_mix =  0.700 |ddv_scf|^2 =  8.072E-16

     End of self-consistent calculation

     Convergence has been achieved 


     Representation #  14 modes #  27  28

     Self-consistent Calculation

      iter #   1 total cpu time :291372.0 secs   av.it.:   3.3
      thresh= 1.000E-02 alpha_mix =  0.700 |ddv_scf|^2 =  4.152E-10

      iter #   2 total cpu time :291589.6 secs   av.it.:  16.9
      thresh= 2.038E-06 alpha_mix =  0.700 |ddv_scf|^2 =  1.973E-10

      iter #   3 total cpu time :291799.2 secs   av.it.:  16.1
      thresh= 1.405E-06 alpha_mix =  0.700 |ddv_scf|^2 =  1.639E-12

      iter #   4 total cpu time :292013.1 secs   av.it.:  16.9
      thresh= 1.280E-07 alpha_mix =  0.700 |ddv_scf|^2 =  1.025E-13

      iter #   5 total cpu time :292232.9 secs   av.it.:  16.9
      thresh= 3.202E-08 alpha_mix =  0.700 |ddv_scf|^2 =  3.002E-15

     End of self-consistent calculation

     Convergence has been achieved 


     Representation #  15 modes #  29  30

     Self-consistent Calculation

      iter #   1 total cpu time :292325.0 secs   av.it.:   3.0
      thresh= 1.000E-02 alpha_mix =  0.700 |ddv_scf|^2 =  6.715E-10

      iter #   2 total cpu time :292543.7 secs   av.it.:  16.9
      thresh= 2.591E-06 alpha_mix =  0.700 |ddv_scf|^2 =  3.492E-10

      iter #   3 total cpu time :292753.8 secs   av.it.:  16.0
      thresh= 1.869E-06 alpha_mix =  0.700 |ddv_scf|^2 =  2.648E-12

      iter #   4 total cpu time :292969.4 secs   av.it.:  16.6
      thresh= 1.627E-07 alpha_mix =  0.700 |ddv_scf|^2 =  2.430E-13

      iter #   5 total cpu time :293185.3 secs   av.it.:  16.5
      thresh= 4.929E-08 alpha_mix =  0.700 |ddv_scf|^2 =  2.032E-14

      iter #   6 total cpu time :293398.6 secs   av.it.:  16.0
      thresh= 1.425E-08 alpha_mix =  0.700 |ddv_scf|^2 =  5.491E-16

     End of self-consistent calculation

     Convergence has been achieved 


     Representation #  16 modes #  31  32

     Self-consistent Calculation

      iter #   1 total cpu time :293526.8 secs   av.it.:   6.4
      thresh= 1.000E-02 alpha_mix =  0.700 |ddv_scf|^2 =  2.292E-08

      iter #   2 total cpu time :293738.0 secs   av.it.:  16.9
      thresh= 1.514E-05 alpha_mix =  0.700 |ddv_scf|^2 =  9.846E-09

      iter #   3 total cpu time :293943.4 secs   av.it.:  16.0
      thresh= 9.923E-06 alpha_mix =  0.700 |ddv_scf|^2 =  7.019E-11

      iter #   4 total cpu time :294159.2 secs   av.it.:  16.9
      thresh= 8.378E-07 alpha_mix =  0.700 |ddv_scf|^2 =  2.646E-12

      iter #   5 total cpu time :294381.3 secs   av.it.:  16.9
      thresh= 1.627E-07 alpha_mix =  0.700 |ddv_scf|^2 =  4.304E-14

      iter #   6 total cpu time :294594.6 secs   av.it.:  16.9
      thresh= 2.075E-08 alpha_mix =  0.700 |ddv_scf|^2 =  5.101E-15

     End of self-consistent calculation

     Convergence has been achieved 


     Representation #  17 modes #  33  34

     Self-consistent Calculation

      iter #   1 total cpu time :294685.0 secs   av.it.:   3.0
      thresh= 1.000E-02 alpha_mix =  0.700 |ddv_scf|^2 =  5.845E-10

      iter #   2 total cpu time :294900.0 secs   av.it.:  16.9
      thresh= 2.418E-06 alpha_mix =  0.700 |ddv_scf|^2 =  3.821E-10

      iter #   3 total cpu time :295110.1 secs   av.it.:  15.9
      thresh= 1.955E-06 alpha_mix =  0.700 |ddv_scf|^2 =  1.125E-12

      iter #   4 total cpu time :295330.0 secs   av.it.:  16.9
      thresh= 1.061E-07 alpha_mix =  0.700 |ddv_scf|^2 =  3.975E-13

      iter #   5 total cpu time :295537.8 secs   av.it.:  16.0
      thresh= 6.305E-08 alpha_mix =  0.700 |ddv_scf|^2 =  1.152E-14

      iter #   6 total cpu time :295746.6 secs   av.it.:  16.0
      thresh= 1.073E-08 alpha_mix =  0.700 |ddv_scf|^2 =  9.368E-16

     End of self-consistent calculation

     Convergence has been achieved 


     Representation #  18 modes #  35  36

     Self-consistent Calculation

      iter #   1 total cpu time :295836.2 secs   av.it.:   3.0
      thresh= 1.000E-02 alpha_mix =  0.700 |ddv_scf|^2 =  2.489E-10

      iter #   2 total cpu time :296052.3 secs   av.it.:  16.9
      thresh= 1.578E-06 alpha_mix =  0.700 |ddv_scf|^2 =  1.131E-10

      iter #   3 total cpu time :296260.7 secs   av.it.:  16.0
      thresh= 1.064E-06 alpha_mix =  0.700 |ddv_scf|^2 =  2.668E-12

      iter #   4 total cpu time :296479.4 secs   av.it.:  16.5
      thresh= 1.633E-07 alpha_mix =  0.700 |ddv_scf|^2 =  1.122E-13

      iter #   5 total cpu time :296699.3 secs   av.it.:  16.8
      thresh= 3.350E-08 alpha_mix =  0.700 |ddv_scf|^2 =  8.804E-15

     End of self-consistent calculation

     Convergence has been achieved 


     Representation #  19 modes #  37  38

     Self-consistent Calculation

      iter #   1 total cpu time :296791.0 secs   av.it.:   3.0
      thresh= 1.000E-02 alpha_mix =  0.700 |ddv_scf|^2 =  4.218E-10

      iter #   2 total cpu time :297013.6 secs   av.it.:  16.9
      thresh= 2.054E-06 alpha_mix =  0.700 |ddv_scf|^2 =  1.987E-10

      iter #   3 total cpu time :297229.4 secs   av.it.:  16.1
      thresh= 1.410E-06 alpha_mix =  0.700 |ddv_scf|^2 =  1.863E-12

      iter #   4 total cpu time :297448.7 secs   av.it.:  16.7
      thresh= 1.365E-07 alpha_mix =  0.700 |ddv_scf|^2 =  8.555E-14

      iter #   5 total cpu time :297674.6 secs   av.it.:  16.9
      thresh= 2.925E-08 alpha_mix =  0.700 |ddv_scf|^2 =  4.141E-15

     End of self-consistent calculation

     Convergence has been achieved 


     Representation #  20 modes #  39  40

     Self-consistent Calculation

      iter #   1 total cpu time :297768.9 secs   av.it.:   3.0
      thresh= 1.000E-02 alpha_mix =  0.700 |ddv_scf|^2 =  1.171E-09

      iter #   2 total cpu time :297992.3 secs   av.it.:  16.8
      thresh= 3.422E-06 alpha_mix =  0.700 |ddv_scf|^2 =  8.377E-10

      iter #   3 total cpu time :298206.6 secs   av.it.:  15.9
      thresh= 2.894E-06 alpha_mix =  0.700 |ddv_scf|^2 =  1.517E-12

      iter #   4 total cpu time :298430.2 secs   av.it.:  16.9
      thresh= 1.232E-07 alpha_mix =  0.700 |ddv_scf|^2 =  3.219E-13

      iter #   5 total cpu time :298646.3 secs   av.it.:  16.1
      thresh= 5.674E-08 alpha_mix =  0.700 |ddv_scf|^2 =  8.000E-15

     End of self-consistent calculation

     Convergence has been achieved 


     Representation #  21 modes #  41  42

     Self-consistent Calculation

      iter #   1 total cpu time :298734.4 secs   av.it.:   3.0
      thresh= 1.000E-02 alpha_mix =  0.700 |ddv_scf|^2 =  2.976E-10

      iter #   2 total cpu time :298954.1 secs   av.it.:  16.8
      thresh= 1.725E-06 alpha_mix =  0.700 |ddv_scf|^2 =  9.347E-11

      iter #   3 total cpu time :299169.8 secs   av.it.:  16.0
      thresh= 9.668E-07 alpha_mix =  0.700 |ddv_scf|^2 =  2.799E-12

      iter #   4 total cpu time :299384.5 secs   av.it.:  16.5
      thresh= 1.673E-07 alpha_mix =  0.700 |ddv_scf|^2 =  4.666E-14

      iter #   5 total cpu time :299599.1 secs   av.it.:  16.9
      thresh= 2.160E-08 alpha_mix =  0.700 |ddv_scf|^2 =  2.744E-15

     End of self-consistent calculation

     Convergence has been achieved 


     Representation #  22 modes #  43  44

     Self-consistent Calculation

      iter #   1 total cpu time :299706.1 secs   av.it.:   5.0
      thresh= 1.000E-02 alpha_mix =  0.700 |ddv_scf|^2 =  6.224E-09

      iter #   2 total cpu time :299918.5 secs   av.it.:  16.9
      thresh= 7.889E-06 alpha_mix =  0.700 |ddv_scf|^2 =  4.557E-09

      iter #   3 total cpu time :300123.2 secs   av.it.:  15.9
      thresh= 6.750E-06 alpha_mix =  0.700 |ddv_scf|^2 =  1.163E-11

      iter #   4 total cpu time :300345.6 secs   av.it.:  16.9
      thresh= 3.411E-07 alpha_mix =  0.700 |ddv_scf|^2 =  8.556E-13

      iter #   5 total cpu time :300566.0 secs   av.it.:  16.9
      thresh= 9.250E-08 alpha_mix =  0.700 |ddv_scf|^2 =  2.064E-13

      iter #   6 total cpu time :300781.9 secs   av.it.:  16.1
      thresh= 4.543E-08 alpha_mix =  0.700 |ddv_scf|^2 =  9.879E-16

     End of self-consistent calculation

     Convergence has been achieved 


     Representation #  23 modes #  45  46

     Self-consistent Calculation

      iter #   1 total cpu time :300874.7 secs   av.it.:   3.0
      thresh= 1.000E-02 alpha_mix =  0.700 |ddv_scf|^2 =  4.449E-10

      iter #   2 total cpu time :301093.1 secs   av.it.:  16.9
      thresh= 2.109E-06 alpha_mix =  0.700 |ddv_scf|^2 =  2.568E-10

      iter #   3 total cpu time :301300.4 secs   av.it.:  15.9
      thresh= 1.602E-06 alpha_mix =  0.700 |ddv_scf|^2 =  1.793E-12

      iter #   4 total cpu time :301519.8 secs   av.it.:  16.9
      thresh= 1.339E-07 alpha_mix =  0.700 |ddv_scf|^2 =  2.367E-13

      iter #   5 total cpu time :301743.2 secs   av.it.:  16.9
      thresh= 4.865E-08 alpha_mix =  0.700 |ddv_scf|^2 =  2.190E-14

      iter #   6 total cpu time :301959.0 secs   av.it.:  16.0
      thresh= 1.480E-08 alpha_mix =  0.700 |ddv_scf|^2 =  1.378E-15

     End of self-consistent calculation

     Convergence has been achieved 


     Representation #  24 modes #  47  48

     Self-consistent Calculation

      iter #   1 total cpu time :302065.9 secs   av.it.:   4.4
      thresh= 1.000E-02 alpha_mix =  0.700 |ddv_scf|^2 =  2.354E-09

      iter #   2 total cpu time :302285.3 secs   av.it.:  16.9
      thresh= 4.852E-06 alpha_mix =  0.700 |ddv_scf|^2 =  7.282E-10

      iter #   3 total cpu time :302501.6 secs   av.it.:  16.1
      thresh= 2.699E-06 alpha_mix =  0.700 |ddv_scf|^2 =  1.461E-11

      iter #   4 total cpu time :302721.4 secs   av.it.:  16.9
      thresh= 3.822E-07 alpha_mix =  0.700 |ddv_scf|^2 =  7.490E-13

      iter #   5 total cpu time :302944.3 secs   av.it.:  16.9
      thresh= 8.654E-08 alpha_mix =  0.700 |ddv_scf|^2 =  6.304E-14

      iter #   6 total cpu time :303164.8 secs   av.it.:  16.9
      thresh= 2.511E-08 alpha_mix =  0.700 |ddv_scf|^2 =  6.009E-16

     End of self-consistent calculation

     Convergence has been achieved 


     Representation #  25 modes #  49  50

     Self-consistent Calculation

      iter #   1 total cpu time :303259.5 secs   av.it.:   3.3
      thresh= 1.000E-02 alpha_mix =  0.700 |ddv_scf|^2 =  7.912E-10

      iter #   2 total cpu time :303478.5 secs   av.it.:  16.9
      thresh= 2.813E-06 alpha_mix =  0.700 |ddv_scf|^2 =  4.928E-10

      iter #   3 total cpu time :303688.3 secs   av.it.:  16.0
      thresh= 2.220E-06 alpha_mix =  0.700 |ddv_scf|^2 =  1.501E-12

      iter #   4 total cpu time :303910.6 secs   av.it.:  16.9
      thresh= 1.225E-07 alpha_mix =  0.700 |ddv_scf|^2 =  2.452E-13

      iter #   5 total cpu time :304126.0 secs   av.it.:  16.5
      thresh= 4.952E-08 alpha_mix =  0.700 |ddv_scf|^2 =  2.206E-14

      iter #   6 total cpu time :304341.0 secs   av.it.:  16.0
      thresh= 1.485E-08 alpha_mix =  0.700 |ddv_scf|^2 =  6.981E-16

     End of self-consistent calculation

     Convergence has been achieved 


     Representation #  26 modes #  51  52

     Self-consistent Calculation

      iter #   1 total cpu time :304470.5 secs   av.it.:   6.5
      thresh= 1.000E-02 alpha_mix =  0.700 |ddv_scf|^2 =  2.698E-08

      iter #   2 total cpu time :304686.0 secs   av.it.:  16.9
      thresh= 1.643E-05 alpha_mix =  0.700 |ddv_scf|^2 =  1.634E-08

      iter #   3 total cpu time :304888.4 secs   av.it.:  16.0
      thresh= 1.278E-05 alpha_mix =  0.700 |ddv_scf|^2 =  3.777E-11

      iter #   4 total cpu time :305100.6 secs   av.it.:  16.9
      thresh= 6.146E-07 alpha_mix =  0.700 |ddv_scf|^2 =  2.263E-12

      iter #   5 total cpu time :305319.0 secs   av.it.:  16.9
      thresh= 1.504E-07 alpha_mix =  0.700 |ddv_scf|^2 =  8.720E-14

      iter #   6 total cpu time :305532.5 secs   av.it.:  16.9
      thresh= 2.953E-08 alpha_mix =  0.700 |ddv_scf|^2 =  3.129E-15

     End of self-consistent calculation

     Convergence has been achieved 


     Representation #  27 modes #  53  54

     Self-consistent Calculation

      iter #   1 total cpu time :305626.5 secs   av.it.:   3.3
      thresh= 1.000E-02 alpha_mix =  0.700 |ddv_scf|^2 =  5.298E-10

      iter #   2 total cpu time :305844.5 secs   av.it.:  16.9
      thresh= 2.302E-06 alpha_mix =  0.700 |ddv_scf|^2 =  3.273E-10

      iter #   3 total cpu time :306059.1 secs   av.it.:  16.0
      thresh= 1.809E-06 alpha_mix =  0.700 |ddv_scf|^2 =  9.184E-13

      iter #   4 total cpu time :306282.0 secs   av.it.:  16.9
      thresh= 9.583E-08 alpha_mix =  0.700 |ddv_scf|^2 =  1.268E-13

      iter #   5 total cpu time :306500.3 secs   av.it.:  16.9
      thresh= 3.561E-08 alpha_mix =  0.700 |ddv_scf|^2 =  4.024E-15

     End of self-consistent calculation

     Convergence has been achieved 


     Representation #  28 modes #  55  56

     Self-consistent Calculation

      iter #   1 total cpu time :306607.4 secs   av.it.:   4.6
      thresh= 1.000E-02 alpha_mix =  0.700 |ddv_scf|^2 =  3.403E-09

      iter #   2 total cpu time :306820.7 secs   av.it.:  16.9
      thresh= 5.833E-06 alpha_mix =  0.700 |ddv_scf|^2 =  1.902E-09

      iter #   3 total cpu time :307026.2 secs   av.it.:  16.0
      thresh= 4.361E-06 alpha_mix =  0.700 |ddv_scf|^2 =  2.393E-11

      iter #   4 total cpu time :307237.2 secs   av.it.:  16.8
      thresh= 4.892E-07 alpha_mix =  0.700 |ddv_scf|^2 =  1.024E-12

      iter #   5 total cpu time :307450.3 secs   av.it.:  16.9
      thresh= 1.012E-07 alpha_mix =  0.700 |ddv_scf|^2 =  1.215E-13

      iter #   6 total cpu time :307662.5 secs   av.it.:  16.9
      thresh= 3.486E-08 alpha_mix =  0.700 |ddv_scf|^2 =  4.219E-15

     End of self-consistent calculation

     Convergence has been achieved 


     Representation #  29 modes #  57  58

     Self-consistent Calculation

      iter #   1 total cpu time :307753.2 secs   av.it.:   3.0
      thresh= 1.000E-02 alpha_mix =  0.700 |ddv_scf|^2 =  5.708E-10

      iter #   2 total cpu time :307967.0 secs   av.it.:  16.9
      thresh= 2.389E-06 alpha_mix =  0.700 |ddv_scf|^2 =  2.379E-10

      iter #   3 total cpu time :308175.8 secs   av.it.:  16.0
      thresh= 1.542E-06 alpha_mix =  0.700 |ddv_scf|^2 =  2.344E-12

      iter #   4 total cpu time :308390.5 secs   av.it.:  16.9
      thresh= 1.531E-07 alpha_mix =  0.700 |ddv_scf|^2 =  7.404E-14

      iter #   5 total cpu time :308608.9 secs   av.it.:  16.9
      thresh= 2.721E-08 alpha_mix =  0.700 |ddv_scf|^2 =  4.278E-15

     End of self-consistent calculation

     Convergence has been achieved 


     Representation #  30 modes #  59  60

     Self-consistent Calculation

      iter #   1 total cpu time :308700.0 secs   av.it.:   3.0
      thresh= 1.000E-02 alpha_mix =  0.700 |ddv_scf|^2 =  5.411E-10

      iter #   2 total cpu time :308919.9 secs   av.it.:  16.9
      thresh= 2.326E-06 alpha_mix =  0.700 |ddv_scf|^2 =  2.290E-10

      iter #   3 total cpu time :309131.3 secs   av.it.:  16.0
      thresh= 1.513E-06 alpha_mix =  0.700 |ddv_scf|^2 =  2.816E-12

      iter #   4 total cpu time :309348.2 secs   av.it.:  16.9
      thresh= 1.678E-07 alpha_mix =  0.700 |ddv_scf|^2 =  2.748E-13

      iter #   5 total cpu time :309562.4 secs   av.it.:  16.1
      thresh= 5.242E-08 alpha_mix =  0.700 |ddv_scf|^2 =  1.498E-14

      iter #   6 total cpu time :309774.9 secs   av.it.:  16.2
      thresh= 1.224E-08 alpha_mix =  0.700 |ddv_scf|^2 =  8.031E-16

     End of self-consistent calculation

     Convergence has been achieved 


     Representation #  31 modes #  61  62

     Self-consistent Calculation

      iter #   1 total cpu time :309870.1 secs   av.it.:   3.4
      thresh= 1.000E-02 alpha_mix =  0.700 |ddv_scf|^2 =  5.561E-10

      iter #   2 total cpu time :310090.5 secs   av.it.:  16.9
      thresh= 2.358E-06 alpha_mix =  0.700 |ddv_scf|^2 =  2.705E-10

      iter #   3 total cpu time :310306.3 secs   av.it.:  16.0
      thresh= 1.645E-06 alpha_mix =  0.700 |ddv_scf|^2 =  1.638E-12

      iter #   4 total cpu time :310530.6 secs   av.it.:  16.9
      thresh= 1.280E-07 alpha_mix =  0.700 |ddv_scf|^2 =  9.992E-14

      iter #   5 total cpu time :310752.8 secs   av.it.:  16.9
      thresh= 3.161E-08 alpha_mix =  0.700 |ddv_scf|^2 =  4.439E-15

     End of self-consistent calculation

     Convergence has been achieved 


     Representation #  32 modes #  63  64

     Self-consistent Calculation

      iter #   1 total cpu time :310848.3 secs   av.it.:   3.4
      thresh= 1.000E-02 alpha_mix =  0.700 |ddv_scf|^2 =  6.397E-10

      iter #   2 total cpu time :311067.6 secs   av.it.:  16.9
      thresh= 2.529E-06 alpha_mix =  0.700 |ddv_scf|^2 =  3.683E-10

      iter #   3 total cpu time :311272.9 secs   av.it.:  16.0
      thresh= 1.919E-06 alpha_mix =  0.700 |ddv_scf|^2 =  8.850E-13

      iter #   4 total cpu time :311488.3 secs   av.it.:  16.9
      thresh= 9.407E-08 alpha_mix =  0.700 |ddv_scf|^2 =  7.448E-14

      iter #   5 total cpu time :311705.4 secs   av.it.:  16.9
      thresh= 2.729E-08 alpha_mix =  0.700 |ddv_scf|^2 =  4.266E-15

     End of self-consistent calculation

     Convergence has been achieved 


     Representation #  33 modes #  65  66

     Self-consistent Calculation

      iter #   1 total cpu time :311800.5 secs   av.it.:   3.8
      thresh= 1.000E-02 alpha_mix =  0.700 |ddv_scf|^2 =  1.068E-09

      iter #   2 total cpu time :312015.8 secs   av.it.:  16.9
      thresh= 3.267E-06 alpha_mix =  0.700 |ddv_scf|^2 =  6.548E-10

      iter #   3 total cpu time :312226.4 secs   av.it.:  16.0
      thresh= 2.559E-06 alpha_mix =  0.700 |ddv_scf|^2 =  2.458E-12

      iter #   4 total cpu time :312449.1 secs   av.it.:  16.9
      thresh= 1.568E-07 alpha_mix =  0.700 |ddv_scf|^2 =  3.557E-13

      iter #   5 total cpu time :312662.9 secs   av.it.:  16.9
      thresh= 5.964E-08 alpha_mix =  0.700 |ddv_scf|^2 =  2.874E-14

      iter #   6 total cpu time :312869.7 secs   av.it.:  16.0
      thresh= 1.695E-08 alpha_mix =  0.700 |ddv_scf|^2 =  2.043E-15

     End of self-consistent calculation

     Convergence has been achieved 

     Number of q in the star =    1
     List of q in the star:
          1  -0.500000000  -0.505744325  -0.798945035

     Diagonalizing the dynamical matrix

     q = (   -0.500000000  -0.505744325  -0.798945035 ) 

 **************************************************************************
     freq (    1) =       1.411856 [THz] =      47.094456 [cm-1]
     freq (    2) =       1.411856 [THz] =      47.094456 [cm-1]
     freq (    3) =       1.822747 [THz] =      60.800287 [cm-1]
     freq (    4) =       1.822747 [THz] =      60.800287 [cm-1]
     freq (    5) =       3.352251 [THz] =     111.819051 [cm-1]
     freq (    6) =       3.352251 [THz] =     111.819051 [cm-1]
     freq (    7) =       3.741138 [THz] =     124.790945 [cm-1]
     freq (    8) =       3.741138 [THz] =     124.790945 [cm-1]
     freq (    9) =       4.078230 [THz] =     136.035126 [cm-1]
     freq (   10) =       4.078230 [THz] =     136.035126 [cm-1]
     freq (   11) =       6.401909 [THz] =     213.544708 [cm-1]
     freq (   12) =       6.401909 [THz] =     213.544708 [cm-1]
     freq (   13) =       6.887240 [THz] =     229.733598 [cm-1]
     freq (   14) =       6.887240 [THz] =     229.733598 [cm-1]
     freq (   15) =       6.905143 [THz] =     230.330786 [cm-1]
     freq (   16) =       6.905143 [THz] =     230.330786 [cm-1]
     freq (   17) =       8.104714 [THz] =     270.344174 [cm-1]
     freq (   18) =       8.104714 [THz] =     270.344174 [cm-1]
     freq (   19) =       8.475938 [THz] =     282.726873 [cm-1]
     freq (   20) =       8.475938 [THz] =     282.726873 [cm-1]
     freq (   21) =       8.886386 [THz] =     296.417934 [cm-1]
     freq (   22) =       8.886386 [THz] =     296.417934 [cm-1]
     freq (   23) =       9.179007 [THz] =     306.178716 [cm-1]
     freq (   24) =       9.179007 [THz] =     306.178716 [cm-1]
     freq (   25) =       9.293289 [THz] =     309.990760 [cm-1]
     freq (   26) =       9.293289 [THz] =     309.990760 [cm-1]
     freq (   27) =      12.121847 [THz] =     404.341293 [cm-1]
     freq (   28) =      12.121847 [THz] =     404.341293 [cm-1]
     freq (   29) =      12.414851 [THz] =     414.114858 [cm-1]
     freq (   30) =      12.414851 [THz] =     414.114858 [cm-1]
     freq (   31) =      30.400150 [THz] =    1014.039845 [cm-1]
     freq (   32) =      30.400150 [THz] =    1014.039845 [cm-1]
     freq (   33) =      30.627969 [THz] =    1021.639090 [cm-1]
     freq (   34) =      30.627969 [THz] =    1021.639090 [cm-1]
     freq (   35) =      31.915398 [THz] =    1064.583070 [cm-1]
     freq (   36) =      31.915398 [THz] =    1064.583070 [cm-1]
     freq (   37) =      31.963615 [THz] =    1066.191416 [cm-1]
     freq (   38) =      31.963615 [THz] =    1066.191416 [cm-1]
     freq (   39) =      32.666746 [THz] =    1089.645344 [cm-1]
     freq (   40) =      32.666746 [THz] =    1089.645344 [cm-1]
     freq (   41) =      32.870594 [THz] =    1096.444980 [cm-1]
     freq (   42) =      32.870594 [THz] =    1096.444980 [cm-1]
     freq (   43) =      35.781444 [THz] =    1193.540515 [cm-1]
     freq (   44) =      35.781444 [THz] =    1193.540515 [cm-1]
     freq (   45) =      35.970765 [THz] =    1199.855569 [cm-1]
     freq (   46) =      35.970765 [THz] =    1199.855569 [cm-1]
     freq (   47) =      36.338962 [THz] =    1212.137298 [cm-1]
     freq (   48) =      36.338962 [THz] =    1212.137298 [cm-1]
     freq (   49) =      36.574388 [THz] =    1219.990278 [cm-1]
     freq (   50) =      36.574388 [THz] =    1219.990278 [cm-1]
     freq (   51) =      68.510081 [THz] =    2285.250306 [cm-1]
     freq (   52) =      68.510081 [THz] =    2285.250306 [cm-1]
     freq (   53) =      68.627113 [THz] =    2289.154098 [cm-1]
     freq (   54) =      68.627113 [THz] =    2289.154098 [cm-1]
     freq (   55) =      70.036789 [THz] =    2336.175825 [cm-1]
     freq (   56) =      70.036789 [THz] =    2336.175825 [cm-1]
     freq (   57) =      70.268857 [THz] =    2343.916770 [cm-1]
     freq (   58) =      70.268857 [THz] =    2343.916770 [cm-1]
     freq (   59) =      70.475167 [THz] =    2350.798516 [cm-1]
     freq (   60) =      70.475167 [THz] =    2350.798516 [cm-1]
     freq (   61) =      70.627447 [THz] =    2355.878047 [cm-1]
     freq (   62) =      70.627447 [THz] =    2355.878047 [cm-1]
     freq (   63) =      71.499004 [THz] =    2384.950068 [cm-1]
     freq (   64) =      71.499004 [THz] =    2384.950068 [cm-1]
     freq (   65) =      71.544304 [THz] =    2386.461097 [cm-1]
     freq (   66) =      71.544304 [THz] =    2386.461097 [cm-1]
 **************************************************************************

     init_run     :      9.22s CPU      9.55s WALL (       7 calls)
     electrons    :   1588.90s CPU   1598.91s WALL (       7 calls)

     Called by init_run:
     wfcinit      :      0.00s CPU      0.01s WALL (       7 calls)
     potinit      :      1.15s CPU      1.26s WALL (       7 calls)
     hinit0       :      0.89s CPU      0.93s WALL (       7 calls)

     Called by electrons:
     c_bands      :   1588.88s CPU   1598.74s WALL (       7 calls)
     v_of_rho     :      1.05s CPU      1.12s WALL (       8 calls)
     newd         :      1.67s CPU      1.74s WALL (       8 calls)

     Called by c_bands:
     init_us_2    :    451.41s CPU    490.22s WALL (   75114 calls)
     cegterg      :   1453.85s CPU   1462.09s WALL (     738 calls)

     Called by *egterg:
     cdiaghg      :     38.01s CPU     38.14s WALL (    8702 calls)
     h_psi        : 158087.60s CPU 159327.81s WALL ( 1463578 calls)
     s_psi        :  66532.65s CPU  66780.95s WALL ( 3003171 calls)
     g_psi        :      3.78s CPU      3.79s WALL (    8324 calls)

     Called by h_psi:
     h_psi:calbec :  29343.49s CPU  29469.73s WALL ( 1463578 calls)
     vloc_psi     :  95639.44s CPU  96634.00s WALL ( 1463578 calls)
     add_vuspsi   :  32319.79s CPU  32438.56s WALL ( 1463578 calls)

     General routines
     calbec       :  66046.38s CPU  66324.61s WALL ( 3248358 calls)
     fft          :    910.65s CPU    976.25s WALL (   93215 calls)
     ffts         :    230.79s CPU    245.04s WALL (   44946 calls)
     fftw         :  96904.74s CPU  97975.74s WALL (68996704 calls)
     interpolate  :     63.72s CPU     73.48s WALL (    6864 calls)
     davcio       :    207.46s CPU    399.84s WALL (  456708 calls)

     Parallel routines

     PHONON       :   3d14h 5m CPU   3d14h54m WALL

     INITIALIZATION: 
     phq_setup    :      3.14s CPU      3.75s WALL (       8 calls)
     phq_init     :   1730.05s CPU   1746.99s WALL (       8 calls)

     phq_init     :   1730.05s CPU   1746.99s WALL (       8 calls)
     set_drhoc    :      0.12s CPU      0.12s WALL (      24 calls)
     init_vloc    :      0.14s CPU      0.14s WALL (       8 calls)
     init_us_1    :      0.15s CPU      0.22s WALL (       8 calls)
     init_us_2    :    451.41s CPU    490.22s WALL (   75114 calls)
     newd         :      1.67s CPU      1.74s WALL (       8 calls)
     dvanqq       :    196.65s CPU    198.82s WALL (       8 calls)
     drho         :   1399.10s CPU   1413.11s WALL (       8 calls)
     drhous       :   1200.46s CPU   1209.53s WALL (       8 calls)
     nldyntot     :     25.24s CPU     25.30s WALL (       8 calls)

     DYNAMICAL MATRIX:
     dynmat0      :    111.94s CPU    112.37s WALL (       8 calls)
     dynmat_us    :     58.85s CPU     59.16s WALL (       8 calls)
     addusdynmat  :      0.01s CPU      0.06s WALL (       8 calls)
     d2ionq       :     50.33s CPU     50.38s WALL (       8 calls)
     dynmatcc     :      2.59s CPU      2.65s WALL (       8 calls)
     phqscf       : 301268.56s CPU 304132.30s WALL (       8 calls)
     dynmatrix    :      0.39s CPU      0.46s WALL (       8 calls)

     phqscf       : 301268.56s CPU 304132.30s WALL (       8 calls)
     solve_linter : 297712.59s CPU 300487.12s WALL (     326 calls)
     sth_kernel   : 285428.58s CPU 287556.88s WALL (    1949 calls)
     h_prec       :     95.80s CPU     96.46s WALL (   52704 calls)
     apply_dpot_b :   5294.85s CPU   5399.21s WALL (   70956 calls)
     ortho        :   4720.11s CPU   4745.86s WALL (   85374 calls)
     cgsolve      : 265599.22s CPU 267312.87s WALL (   85374 calls)
     incdrhoscf   :   9480.68s CPU   9639.08s WALL (   85374 calls)
                                        0.00s GPU  (   85374 calls)
     addusddens   :    865.29s CPU    877.40s WALL (    2268 calls)
     dv_of_drho   :    352.02s CPU    384.43s WALL (    3162 calls)
     mix_pot      :     38.22s CPU     99.64s WALL (    1949 calls)
     drhodv       :   1644.54s CPU   1662.67s WALL (     326 calls)
     psymdvscf    :   4102.07s CPU   4248.62s WALL (    1942 calls)
     newdq        :   1425.03s CPU   1433.27s WALL (    1949 calls)
     adddvscf     :    286.01s CPU    290.00s WALL (   70956 calls)
     drhodvus     :     28.96s CPU     46.15s WALL (     326 calls)

     dvqpsi_us    :   7803.96s CPU   7835.82s WALL (   16038 calls)
                                        0.00s GPU  (   16038 calls)
     dvqpsi_us_on :   6433.94s CPU   6444.21s WALL (   16038 calls)

     add_vuspsi   :  32319.79s CPU  32438.56s WALL ( 1463578 calls)
     addusdbec    :   2308.68s CPU   2317.19s WALL (   99630 calls)

     drhodvus     :     28.96s CPU     46.15s WALL (     326 calls)

      General routines
     calbec       :  66046.38s CPU  66324.61s WALL ( 3248358 calls)
     fft          :    910.65s CPU    976.25s WALL (   93215 calls)
     ffts         :    230.79s CPU    245.04s WALL (   44946 calls)
     fftw         :  96904.74s CPU  97975.74s WALL (68996704 calls)
     davcio       :    207.46s CPU    399.84s WALL (  456708 calls)
     write_rec    :     37.14s CPU    367.08s WALL (    2275 calls)

      Additional routines
     ch_psi       : 262006.10s CPU 263669.95s WALL ( 1454138 calls)
     last         :  71557.29s CPU  71865.02s WALL ( 1454138 calls)
     Hesh         :    497.25s CPU    502.24s WALL ( 1454138 calls)
     ch_psi_all_k :  71035.95s CPU  71341.46s WALL ( 1454138 calls)
                                        0.00s GPU  ( 1454138 calls)
     ch_psi_calbe :  29148.92s CPU  29247.96s WALL ( 1454138 calls)
                                        0.00s GPU  ( 1454138 calls)
     h_psi_bgrp   : 158100.96s CPU 159338.05s WALL ( 1463578 calls)
     h_psi        : 158087.60s CPU 159327.81s WALL ( 1463578 calls)
     h_psi:pot    : 157339.21s CPU 158567.26s WALL ( 1463578 calls)
     h_psi:calbec :  29343.49s CPU  29469.73s WALL ( 1463578 calls)
     s_psi_bgrp   :  67274.57s CPU  67511.86s WALL ( 3003171 calls)
     s_psi        :  66532.65s CPU  66780.95s WALL ( 3003171 calls)


     PHONON       :   3d14h 5m CPU   3d14h54m WALL


   This run was terminated on:   2:12:19  16Aug2024            

=------------------------------------------------------------------------------=
   JOB DONE.
=------------------------------------------------------------------------------=
