Dynamical matrix file
                                                                           
  3   22   8  13.6740990   0.9895825   0.6344820   0.0000000   0.0000000   0.0000000
           1  'B      '    9853.6237122476850     
           2  'Ba     '    125165.90357338246     
           3  'H      '    918.68111039893927     
    1    2      0.5000000000      0.4947912250      0.3172521581
    2    2      0.0000000000      0.0000000000      0.6344708569
    3    1      0.6413578704      0.2648609646      0.0000111255
    4    1      0.3586421296      0.7247214854      0.0000111255
    5    1      0.1413578704      0.2299302604      0.3172298795
    6    1      0.8586421296      0.7596521896      0.3172298795
    7    3      0.4714554410      0.2791356824      0.0000080573
    8    3      0.5285445590      0.7104467676      0.0000080573
    9    3      0.9714554410      0.2156555426      0.3172329477
   10    3      0.0285445590      0.7739269074      0.3172329477
   11    3      0.7128420408      0.4201314108      0.0000064113
   12    3      0.2871579592      0.5694510392      0.0000064113
   13    3      0.2128420408      0.0746598142      0.3172345937
   14    3      0.7871579592      0.9149226358      0.3172345937
   15    3      0.6872173341      0.1818370767      0.4934203444
   16    3      0.3127826659      0.8077453733      0.4934203444
   17    3      0.1872173341      0.3129541483      0.4583026706
   18    3      0.8127826659      0.6766283017      0.4583026706
   19    3      0.3127767409      0.8077467097      0.1410819056
   20    3      0.6872232591      0.1818357403      0.1410819056
   21    3      0.8127767409      0.6766269653      0.1761590994
   22    3      0.1872232591      0.3129554847      0.1761590994

     Dynamical  Matrix in cartesian axes

     q = (    0.000000000  -0.505263609  -0.788044408 ) 

    1    1
  0.05228182   0.00000000     0.00761031   0.00000000     0.00000000   0.00000000
  0.00761031   0.00000000     0.05387392   0.00000000     0.00000000   0.00000000
  0.00000000   0.00000000     0.00000000   0.00000000     0.14773624   0.00000000
    1    2
  0.00000000   0.00000000     0.00000000  -0.00000000     0.01637401   0.00000000
  0.00000000  -0.00000000     0.00000000   0.00000000     0.01997576   0.00000000
 -0.01637401  -0.00000000     0.01997576   0.00000000     0.00000000   0.00000000
    1    3
  0.00001017  -0.00000000    -0.00009929   0.00000000     0.01444523  -0.00000000
 -0.00003628   0.00000000     0.00026451  -0.00000000    -0.02803131   0.00000000
  0.01390441  -0.00000000    -0.02788562   0.00000000    -0.00025646   0.00000000
    1    4
  0.00001017  -0.00000000    -0.00009929   0.00000000    -0.01444523   0.00000000
 -0.00003628   0.00000000     0.00026451  -0.00000000     0.02803131  -0.00000000
 -0.01390441   0.00000000     0.02788562  -0.00000000    -0.00025646   0.00000000
    1    5
 -0.00955198   0.00000000    -0.00500545   0.00000000    -0.00022698   0.00000000
 -0.00398601   0.00000000    -0.00154978   0.00000000    -0.00034727   0.00000000
  0.00055731  -0.00000000     0.00035360  -0.00000000     0.00764322  -0.00000000
    1    6
 -0.00955198  -0.00000000    -0.00500545  -0.00000000     0.00022698   0.00000000
 -0.00398601  -0.00000000    -0.00154978  -0.00000000     0.00034727   0.00000000
 -0.00055731  -0.00000000    -0.00035360  -0.00000000     0.00764322   0.00000000
    1    7
 -0.00041757   0.00000000     0.00106113  -0.00000000    -0.00471620   0.00000000
  0.00031193  -0.00000000    -0.00046973   0.00000000    -0.00373886   0.00000000
 -0.00106256   0.00000000    -0.00359067   0.00000000    -0.00028184   0.00000000
    1    8
 -0.00041757   0.00000000     0.00106113  -0.00000000     0.00471620  -0.00000000
  0.00031193  -0.00000000    -0.00046973   0.00000000     0.00373886  -0.00000000
  0.00106256  -0.00000000     0.00359067  -0.00000000    -0.00028184   0.00000000
    1    9
  0.00236349   0.00000000     0.00125014   0.00000000    -0.00012521  -0.00000000
  0.00358561   0.00000000     0.00045597   0.00000000    -0.00015020  -0.00000000
 -0.00016893  -0.00000000     0.00064132   0.00000000    -0.00344379  -0.00000000
    1   10
  0.00236349   0.00000000     0.00125014   0.00000000     0.00012521   0.00000000
  0.00358561   0.00000000     0.00045597   0.00000000     0.00015020   0.00000000
  0.00016893   0.00000000    -0.00064132  -0.00000000    -0.00344379  -0.00000000
    1   11
 -0.00006852   0.00000000     0.00049305  -0.00000000     0.00458463  -0.00000000
  0.00006489  -0.00000000     0.00005144  -0.00000000     0.00497621  -0.00000000
  0.00228200  -0.00000000     0.00143006  -0.00000000    -0.00018243   0.00000000
    1   12
 -0.00006852   0.00000000     0.00049305  -0.00000000    -0.00458463   0.00000000
  0.00006489  -0.00000000     0.00005144  -0.00000000    -0.00497621   0.00000000
 -0.00228200   0.00000000    -0.00143006   0.00000000    -0.00018243   0.00000000
    1   13
  0.00230255   0.00000000     0.00392409   0.00000000    -0.00058698  -0.00000000
  0.00109417   0.00000000     0.00073715   0.00000000     0.00019780   0.00000000
  0.00021896   0.00000000     0.00005053   0.00000000    -0.00261920  -0.00000000
    1   14
  0.00230255   0.00000000     0.00392409   0.00000000     0.00058698   0.00000000
  0.00109417   0.00000000     0.00073715   0.00000000    -0.00019780  -0.00000000
 -0.00021896  -0.00000000    -0.00005053  -0.00000000    -0.00261920  -0.00000000
    1   15
  0.00049550  -0.00000000     0.00105210  -0.00000000     0.00171497  -0.00000000
  0.00103992  -0.00000000    -0.00134305   0.00000000    -0.00433613   0.00000000
  0.00368310  -0.00000000    -0.00690515   0.00000000    -0.00358060   0.00000000
    1   16
  0.00049550  -0.00000000     0.00105210  -0.00000000    -0.00171497   0.00000000
  0.00103992  -0.00000000    -0.00134305   0.00000000     0.00433613  -0.00000000
 -0.00368310   0.00000000     0.00690515  -0.00000000    -0.00358060   0.00000000
    1   17
 -0.00469592   0.00000000    -0.00195259   0.00000000     0.00169764  -0.00000000
 -0.00235377   0.00000000    -0.00085699   0.00000000    -0.00018278   0.00000000
  0.00110420  -0.00000000     0.00008874  -0.00000000    -0.00530352   0.00000000
    1   18
 -0.00469592   0.00000000    -0.00195259   0.00000000    -0.00169764   0.00000000
 -0.00235377   0.00000000    -0.00085699   0.00000000     0.00018278  -0.00000000
 -0.00110420   0.00000000    -0.00008874   0.00000000    -0.00530352   0.00000000
    1   19
  0.00057137  -0.00000000     0.00115295  -0.00000000     0.00181194  -0.00000000
  0.00099387  -0.00000000    -0.00119984   0.00000000    -0.00446790   0.00000000
  0.00449529  -0.00000000    -0.00709389   0.00000000    -0.00222524   0.00000000
    1   20
  0.00057137  -0.00000000     0.00115295  -0.00000000    -0.00181194   0.00000000
  0.00099387  -0.00000000    -0.00119984   0.00000000     0.00446790  -0.00000000
 -0.00449529   0.00000000     0.00709389  -0.00000000    -0.00222524   0.00000000
    1   21
 -0.00412335   0.00000000    -0.00167732   0.00000000     0.00085023  -0.00000000
 -0.00255762   0.00000000    -0.00089640   0.00000000     0.00028416  -0.00000000
  0.00142501  -0.00000000     0.00038475  -0.00000000    -0.00554557   0.00000000
    1   22
 -0.00412335  -0.00000000    -0.00167732  -0.00000000    -0.00085023  -0.00000000
 -0.00255762  -0.00000000    -0.00089640  -0.00000000    -0.00028416  -0.00000000
 -0.00142501  -0.00000000    -0.00038475  -0.00000000    -0.00554557  -0.00000000
    2    1
  0.00000000   0.00000000     0.00000000  -0.00000000    -0.01637401   0.00000000
  0.00000000  -0.00000000     0.00000000   0.00000000     0.01997576  -0.00000000
  0.01637401  -0.00000000     0.01997576  -0.00000000     0.00000000   0.00000000
    2    2
  0.05228182   0.00000000    -0.00761031   0.00000000     0.00000000   0.00000000
 -0.00761031   0.00000000     0.05387392   0.00000000     0.00000000   0.00000000
  0.00000000   0.00000000     0.00000000   0.00000000     0.14773624   0.00000000
    2    3
  0.00955198  -0.00000000    -0.00500545   0.00000000    -0.00022698   0.00000000
 -0.00398601   0.00000000     0.00154978  -0.00000000     0.00034727  -0.00000000
  0.00055731  -0.00000000    -0.00035360   0.00000000    -0.00764322   0.00000000
    2    4
 -0.00955198   0.00000000     0.00500545  -0.00000000    -0.00022698   0.00000000
  0.00398601  -0.00000000    -0.00154978   0.00000000     0.00034727  -0.00000000
  0.00055731  -0.00000000    -0.00035360   0.00000000     0.00764322  -0.00000000
    2    5
 -0.00001017   0.00000000    -0.00009929   0.00000000     0.01444523  -0.00000000
 -0.00003628   0.00000000    -0.00026451   0.00000000     0.02803131  -0.00000000
  0.01390441  -0.00000000     0.02788562  -0.00000000     0.00025646  -0.00000000
    2    6
  0.00001017   0.00000000     0.00009929   0.00000000     0.01444523   0.00000000
  0.00003628   0.00000000     0.00026451   0.00000000     0.02803131   0.00000000
  0.01390441   0.00000000     0.02788562   0.00000000    -0.00025646  -0.00000000
    2    7
 -0.00236349   0.00000000     0.00125014  -0.00000000    -0.00012521   0.00000000
  0.00358561  -0.00000000    -0.00045597   0.00000000     0.00015020  -0.00000000
 -0.00016893   0.00000000    -0.00064132   0.00000000     0.00344379  -0.00000000
    2    8
  0.00236349  -0.00000000    -0.00125014   0.00000000    -0.00012521   0.00000000
 -0.00358561   0.00000000     0.00045597  -0.00000000     0.00015020  -0.00000000
 -0.00016893   0.00000000    -0.00064132   0.00000000    -0.00344379   0.00000000
    2    9
  0.00041757  -0.00000000     0.00106113  -0.00000000    -0.00471620   0.00000000
  0.00031193  -0.00000000     0.00046973  -0.00000000     0.00373886  -0.00000000
 -0.00106256   0.00000000     0.00359067  -0.00000000     0.00028184  -0.00000000
    2   10
 -0.00041757   0.00000000    -0.00106113   0.00000000    -0.00471620   0.00000000
 -0.00031193   0.00000000    -0.00046973   0.00000000     0.00373886  -0.00000000
 -0.00106256   0.00000000     0.00359067  -0.00000000    -0.00028184   0.00000000
    2   11
 -0.00230255   0.00000000     0.00392409  -0.00000000    -0.00058698   0.00000000
  0.00109417  -0.00000000    -0.00073715   0.00000000    -0.00019780   0.00000000
  0.00021896  -0.00000000    -0.00005053   0.00000000     0.00261920  -0.00000000
    2   12
  0.00230255  -0.00000000    -0.00392409   0.00000000    -0.00058698   0.00000000
 -0.00109417   0.00000000     0.00073715  -0.00000000    -0.00019780   0.00000000
  0.00021896  -0.00000000    -0.00005053   0.00000000    -0.00261920   0.00000000
    2   13
  0.00006852  -0.00000000     0.00049305  -0.00000000     0.00458463  -0.00000000
  0.00006489  -0.00000000    -0.00005144   0.00000000    -0.00497621   0.00000000
  0.00228200  -0.00000000    -0.00143006   0.00000000     0.00018243  -0.00000000
    2   14
 -0.00006852   0.00000000    -0.00049305   0.00000000     0.00458463  -0.00000000
 -0.00006489   0.00000000     0.00005144  -0.00000000    -0.00497621   0.00000000
  0.00228200  -0.00000000    -0.00143006   0.00000000    -0.00018243   0.00000000
    2   15
 -0.00469592   0.00000000     0.00195259  -0.00000000    -0.00169764   0.00000000
  0.00235377  -0.00000000    -0.00085699   0.00000000    -0.00018278   0.00000000
 -0.00110420   0.00000000     0.00008874  -0.00000000    -0.00530352   0.00000000
    2   16
  0.00469592  -0.00000000    -0.00195259   0.00000000    -0.00169764   0.00000000
 -0.00235377   0.00000000     0.00085699  -0.00000000    -0.00018278   0.00000000
 -0.00110420   0.00000000     0.00008874  -0.00000000     0.00530352  -0.00000000
    2   17
  0.00049550  -0.00000000    -0.00105210   0.00000000    -0.00171497   0.00000000
 -0.00103992   0.00000000    -0.00134305   0.00000000    -0.00433613   0.00000000
 -0.00368310   0.00000000    -0.00690515   0.00000000    -0.00358060   0.00000000
    2   18
 -0.00049550   0.00000000     0.00105210  -0.00000000    -0.00171497   0.00000000
  0.00103992  -0.00000000     0.00134305  -0.00000000    -0.00433613   0.00000000
 -0.00368310   0.00000000    -0.00690515   0.00000000     0.00358060  -0.00000000
    2   19
 -0.00412335   0.00000000     0.00167732  -0.00000000    -0.00085023   0.00000000
  0.00255762  -0.00000000    -0.00089640   0.00000000     0.00028416  -0.00000000
 -0.00142501   0.00000000     0.00038475  -0.00000000    -0.00554557   0.00000000
    2   20
  0.00412335  -0.00000000    -0.00167732   0.00000000    -0.00085023   0.00000000
 -0.00255762   0.00000000     0.00089640  -0.00000000     0.00028416  -0.00000000
 -0.00142501   0.00000000     0.00038475  -0.00000000     0.00554557  -0.00000000
    2   21
  0.00057137  -0.00000000    -0.00115295   0.00000000    -0.00181194   0.00000000
 -0.00099387   0.00000000    -0.00119984   0.00000000    -0.00446790   0.00000000
 -0.00449529   0.00000000    -0.00709389   0.00000000    -0.00222524   0.00000000
    2   22
 -0.00057137   0.00000000     0.00115295  -0.00000000    -0.00181194   0.00000000
  0.00099387  -0.00000000     0.00119984  -0.00000000    -0.00446790   0.00000000
 -0.00449529   0.00000000    -0.00709389   0.00000000     0.00222524  -0.00000000
    3    1
  0.00001017   0.00000000    -0.00003628  -0.00000000     0.01390441   0.00000000
 -0.00009929  -0.00000000     0.00026451   0.00000000    -0.02788562  -0.00000000
  0.01444523   0.00000000    -0.02803131  -0.00000000    -0.00025646  -0.00000000
    3    2
  0.00955198   0.00000000    -0.00398601  -0.00000000     0.00055731   0.00000000
 -0.00500545  -0.00000000     0.00154978   0.00000000    -0.00035360  -0.00000000
 -0.00022698  -0.00000000     0.00034727   0.00000000    -0.00764322  -0.00000000
    3    3
  0.59144361   0.00000000    -0.01700785   0.00000000     0.00002085   0.00000000
 -0.01700785   0.00000000     0.59390024   0.00000000     0.00032262   0.00000000
  0.00002085   0.00000000     0.00032262   0.00000000     0.64844903   0.00000000
    3    4
  0.00226835   0.00000000     0.00117088   0.00000000    -0.00017661  -0.00000000
  0.00117088   0.00000000     0.00116577   0.00000000     0.00052256   0.00000000
  0.00017661   0.00000000    -0.00052256  -0.00000000     0.00204126   0.00000000
    3    5
  0.00018936   0.00000000    -0.00004869  -0.00000000    -0.00141410  -0.00000000
  0.00004869   0.00000000     0.00013617   0.00000000    -0.00059138  -0.00000000
  0.00141410   0.00000000    -0.00059138  -0.00000000    -0.00012545  -0.00000000
    3    6
  0.00000000   0.00000000    -0.00021823  -0.00000000     0.00006903   0.00000000
 -0.00021823  -0.00000000     0.00000000   0.00000000    -0.00044533  -0.00000000
 -0.00006903  -0.00000000    -0.00044533  -0.00000000    -0.00000000  -0.00000000
    3    7
 -0.33847376  -0.00000000     0.02281799   0.00000000    -0.00009081  -0.00000000
  0.01911860   0.00000000    -0.04903043  -0.00000000    -0.00006311  -0.00000000
 -0.00007635  -0.00000000     0.00023585   0.00000000    -0.04928942  -0.00000000
    3    8
 -0.00145293  -0.00000000     0.00008815   0.00000000    -0.00001877  -0.00000000
  0.00008253   0.00000000    -0.00053417  -0.00000000     0.00019006   0.00000000
 -0.00024598  -0.00000000     0.00019313   0.00000000     0.00075723   0.00000000
    3    9
  0.00017442   0.00000000     0.00026334   0.00000000    -0.00136653  -0.00000000
  0.00047334   0.00000000    -0.00015382  -0.00000000     0.00098651   0.00000000
 -0.00100466  -0.00000000     0.00023606   0.00000000    -0.00016331  -0.00000000
    3   10
 -0.00004420  -0.00000000    -0.00011866  -0.00000000     0.00017488   0.00000000
  0.00013058   0.00000000     0.00007725   0.00000000    -0.00023278  -0.00000000
 -0.00157135  -0.00000000     0.00006797   0.00000000    -0.00015072  -0.00000000
    3   11
 -0.10179825  -0.00000000    -0.10924187  -0.00000000     0.00009274   0.00000000
 -0.10717981  -0.00000000    -0.27955306  -0.00000000     0.00024234   0.00000000
 -0.00000976  -0.00000000     0.00005585   0.00000000    -0.05324252  -0.00000000
    3   12
 -0.00033952  -0.00000000    -0.00056593  -0.00000000     0.00009007   0.00000000
 -0.00009516  -0.00000000    -0.00092833  -0.00000000     0.00020782   0.00000000
 -0.00006367  -0.00000000    -0.00005069  -0.00000000     0.00082803   0.00000000
    3   13
  0.00005873   0.00000000     0.00005708   0.00000000    -0.00028339  -0.00000000
 -0.00009458  -0.00000000     0.00002967   0.00000000    -0.00008055  -0.00000000
  0.00050817   0.00000000     0.00038466   0.00000000    -0.00006427  -0.00000000
    3   14
  0.00003008   0.00000000    -0.00010586  -0.00000000     0.00019410   0.00000000
 -0.00002903  -0.00000000    -0.00003625  -0.00000000    -0.00007226  -0.00000000
 -0.00011547  -0.00000000    -0.00110359  -0.00000000     0.00017145   0.00000000
    3   15
  0.06831546   0.00000000    -0.04361285  -0.00000000    -0.06479110  -0.00000000
 -0.04378892  -0.00000000     0.12298690   0.00000000     0.12208333   0.00000000
 -0.06493074  -0.00000000     0.12113865   0.00000000     0.25742556   0.00000000
    3   16
  0.00030625   0.00000000     0.00051905   0.00000000    -0.00044975  -0.00000000
  0.00010064   0.00000000     0.00029312   0.00000000     0.00035485   0.00000000
 -0.00032569  -0.00000000     0.00033441   0.00000000    -0.00107867  -0.00000000
    3   17
  0.00034460  -0.00000000    -0.00028876   0.00000000    -0.00051130   0.00000000
  0.00011356  -0.00000000     0.00028284  -0.00000000     0.00092983  -0.00000000
  0.00086296  -0.00000000     0.00059182  -0.00000000     0.00059425  -0.00000000
    3   18
  0.00035266  -0.00000000     0.00091260  -0.00000000    -0.00041285   0.00000000
 -0.00017125   0.00000000     0.00081810  -0.00000000    -0.00004169   0.00000000
 -0.00056950   0.00000000    -0.00028780   0.00000000     0.00010220  -0.00000000
    3   19
 -0.00036045   0.00000000    -0.00053100   0.00000000    -0.00042711   0.00000000
 -0.00019914   0.00000000    -0.00032574   0.00000000     0.00023676  -0.00000000
 -0.00036639   0.00000000     0.00031251  -0.00000000     0.00122622  -0.00000000
    3   20
 -0.06837568   0.00000000     0.04361966  -0.00000000    -0.06476114   0.00000000
  0.04392373  -0.00000000    -0.12298976   0.00000000     0.12189933  -0.00000000
 -0.06476129   0.00000000     0.12116866  -0.00000000    -0.25750943   0.00000000
    3   21
 -0.00029577   0.00000000    -0.00075389   0.00000000    -0.00023054   0.00000000
 -0.00008681   0.00000000    -0.00087523   0.00000000     0.00019726  -0.00000000
 -0.00041944   0.00000000    -0.00027704   0.00000000    -0.00054977   0.00000000
    3   22
 -0.00026816  -0.00000000     0.00033684   0.00000000    -0.00053794  -0.00000000
 -0.00017247  -0.00000000    -0.00026486  -0.00000000     0.00107764   0.00000000
  0.00110156   0.00000000     0.00065926   0.00000000    -0.00039977  -0.00000000
    4    1
  0.00001017   0.00000000    -0.00003628  -0.00000000    -0.01390441  -0.00000000
 -0.00009929  -0.00000000     0.00026451   0.00000000     0.02788562   0.00000000
 -0.01444523  -0.00000000     0.02803131   0.00000000    -0.00025646  -0.00000000
    4    2
 -0.00955198  -0.00000000     0.00398601   0.00000000     0.00055731   0.00000000
  0.00500545   0.00000000    -0.00154978  -0.00000000    -0.00035360  -0.00000000
 -0.00022698  -0.00000000     0.00034727   0.00000000     0.00764322   0.00000000
    4    3
  0.00226835  -0.00000000     0.00117088  -0.00000000     0.00017661  -0.00000000
  0.00117088  -0.00000000     0.00116577  -0.00000000    -0.00052256   0.00000000
 -0.00017661   0.00000000     0.00052256  -0.00000000     0.00204126  -0.00000000
    4    4
  0.59144361   0.00000000    -0.01700785   0.00000000    -0.00002085   0.00000000
 -0.01700785   0.00000000     0.59390024   0.00000000    -0.00032262   0.00000000
 -0.00002085   0.00000000    -0.00032262   0.00000000     0.64844903   0.00000000
    4    5
  0.00000000  -0.00000000    -0.00021823  -0.00000000    -0.00006903  -0.00000000
 -0.00021823  -0.00000000     0.00000000  -0.00000000     0.00044533   0.00000000
  0.00006903   0.00000000     0.00044533   0.00000000    -0.00000000   0.00000000
    4    6
  0.00018936   0.00000000    -0.00004869  -0.00000000     0.00141410   0.00000000
  0.00004869   0.00000000     0.00013617   0.00000000     0.00059138   0.00000000
 -0.00141410  -0.00000000     0.00059138   0.00000000    -0.00012545  -0.00000000
    4    7
 -0.00145293  -0.00000000     0.00008815   0.00000000     0.00001877   0.00000000
  0.00008253   0.00000000    -0.00053417  -0.00000000    -0.00019006  -0.00000000
  0.00024598   0.00000000    -0.00019313  -0.00000000     0.00075723   0.00000000
    4    8
 -0.33847376  -0.00000000     0.02281799   0.00000000     0.00009081   0.00000000
  0.01911860   0.00000000    -0.04903043  -0.00000000     0.00006311   0.00000000
  0.00007635   0.00000000    -0.00023585  -0.00000000    -0.04928942  -0.00000000
    4    9
 -0.00004420  -0.00000000    -0.00011866  -0.00000000    -0.00017488  -0.00000000
  0.00013058   0.00000000     0.00007725   0.00000000     0.00023278   0.00000000
  0.00157135   0.00000000    -0.00006797  -0.00000000    -0.00015072  -0.00000000
    4   10
  0.00017442   0.00000000     0.00026334   0.00000000     0.00136653   0.00000000
  0.00047334   0.00000000    -0.00015382  -0.00000000    -0.00098651  -0.00000000
  0.00100466   0.00000000    -0.00023606  -0.00000000    -0.00016331  -0.00000000
    4   11
 -0.00033952  -0.00000000    -0.00056593  -0.00000000    -0.00009007  -0.00000000
 -0.00009516  -0.00000000    -0.00092833  -0.00000000    -0.00020782  -0.00000000
  0.00006367   0.00000000     0.00005069   0.00000000     0.00082803   0.00000000
    4   12
 -0.10179825  -0.00000000    -0.10924187  -0.00000000    -0.00009274  -0.00000000
 -0.10717981  -0.00000000    -0.27955306  -0.00000000    -0.00024234  -0.00000000
  0.00000976   0.00000000    -0.00005585  -0.00000000    -0.05324252  -0.00000000
    4   13
  0.00003008   0.00000000    -0.00010586  -0.00000000    -0.00019410  -0.00000000
 -0.00002903  -0.00000000    -0.00003625  -0.00000000     0.00007226   0.00000000
  0.00011547   0.00000000     0.00110359   0.00000000     0.00017145   0.00000000
    4   14
  0.00005873   0.00000000     0.00005708   0.00000000     0.00028339   0.00000000
 -0.00009458  -0.00000000     0.00002967   0.00000000     0.00008055   0.00000000
 -0.00050817  -0.00000000    -0.00038466  -0.00000000    -0.00006427  -0.00000000
    4   15
  0.00030625   0.00000000     0.00051905   0.00000000     0.00044975   0.00000000
  0.00010064   0.00000000     0.00029312   0.00000000    -0.00035485  -0.00000000
  0.00032569   0.00000000    -0.00033441  -0.00000000    -0.00107867  -0.00000000
    4   16
  0.06831546   0.00000000    -0.04361285  -0.00000000     0.06479110   0.00000000
 -0.04378892  -0.00000000     0.12298690   0.00000000    -0.12208333  -0.00000000
  0.06493074   0.00000000    -0.12113865  -0.00000000     0.25742556   0.00000000
    4   17
  0.00035266  -0.00000000     0.00091260  -0.00000000     0.00041285  -0.00000000
 -0.00017125   0.00000000     0.00081810  -0.00000000     0.00004169  -0.00000000
  0.00056950  -0.00000000     0.00028780  -0.00000000     0.00010220  -0.00000000
    4   18
  0.00034460  -0.00000000    -0.00028876   0.00000000     0.00051130  -0.00000000
  0.00011356  -0.00000000     0.00028284  -0.00000000    -0.00092983   0.00000000
 -0.00086296   0.00000000    -0.00059182   0.00000000     0.00059425  -0.00000000
    4   19
 -0.06837568   0.00000000     0.04361966  -0.00000000     0.06476114  -0.00000000
  0.04392373  -0.00000000    -0.12298976   0.00000000    -0.12189933   0.00000000
  0.06476129  -0.00000000    -0.12116866   0.00000000    -0.25750943   0.00000000
    4   20
 -0.00036045   0.00000000    -0.00053100   0.00000000     0.00042711  -0.00000000
 -0.00019914   0.00000000    -0.00032574   0.00000000    -0.00023676   0.00000000
  0.00036639  -0.00000000    -0.00031251   0.00000000     0.00122622  -0.00000000
    4   21
 -0.00026816   0.00000000     0.00033684  -0.00000000     0.00053794  -0.00000000
 -0.00017247   0.00000000    -0.00026486   0.00000000    -0.00107764   0.00000000
 -0.00110156   0.00000000    -0.00065926   0.00000000    -0.00039977   0.00000000
    4   22
 -0.00029577  -0.00000000    -0.00075389  -0.00000000     0.00023054   0.00000000
 -0.00008681  -0.00000000    -0.00087523  -0.00000000    -0.00019726  -0.00000000
  0.00041944   0.00000000     0.00027704   0.00000000    -0.00054977  -0.00000000
    5    1
 -0.00955198  -0.00000000    -0.00398601  -0.00000000     0.00055731   0.00000000
 -0.00500545  -0.00000000    -0.00154978  -0.00000000     0.00035360   0.00000000
 -0.00022698  -0.00000000    -0.00034727  -0.00000000     0.00764322   0.00000000
    5    2
 -0.00001017  -0.00000000    -0.00003628  -0.00000000     0.01390441   0.00000000
 -0.00009929  -0.00000000    -0.00026451  -0.00000000     0.02788562   0.00000000
  0.01444523   0.00000000     0.02803131   0.00000000     0.00025646   0.00000000
    5    3
  0.00018936  -0.00000000     0.00004869  -0.00000000     0.00141410  -0.00000000
 -0.00004869   0.00000000     0.00013617  -0.00000000    -0.00059138   0.00000000
 -0.00141410   0.00000000    -0.00059138   0.00000000    -0.00012545   0.00000000
    5    4
 -0.00000000   0.00000000    -0.00021823   0.00000000     0.00006903  -0.00000000
 -0.00021823   0.00000000    -0.00000000   0.00000000     0.00044533  -0.00000000
 -0.00006903   0.00000000     0.00044533  -0.00000000     0.00000000  -0.00000000
    5    5
  0.59144361   0.00000000     0.01700785   0.00000000    -0.00002085   0.00000000
  0.01700785   0.00000000     0.59390024   0.00000000     0.00032262   0.00000000
 -0.00002085   0.00000000     0.00032262   0.00000000     0.64844903   0.00000000
    5    6
 -0.00226835  -0.00000000     0.00117088   0.00000000    -0.00017661  -0.00000000
  0.00117088   0.00000000    -0.00116577  -0.00000000    -0.00052256  -0.00000000
  0.00017661   0.00000000     0.00052256   0.00000000    -0.00204126  -0.00000000
    5    7
  0.00017442  -0.00000000    -0.00026334   0.00000000     0.00136653  -0.00000000
 -0.00047334   0.00000000    -0.00015382   0.00000000     0.00098651  -0.00000000
  0.00100466  -0.00000000     0.00023606  -0.00000000    -0.00016331   0.00000000
    5    8
  0.00004420  -0.00000000    -0.00011866   0.00000000     0.00017488  -0.00000000
  0.00013058  -0.00000000    -0.00007725   0.00000000     0.00023278  -0.00000000
 -0.00157135   0.00000000    -0.00006797   0.00000000     0.00015072  -0.00000000
    5    9
 -0.33847376   0.00000000    -0.02281799   0.00000000     0.00009081  -0.00000000
 -0.01911860   0.00000000    -0.04903043   0.00000000    -0.00006311   0.00000000
  0.00007635  -0.00000000     0.00023585  -0.00000000    -0.04928942   0.00000000
    5   10
  0.00145293  -0.00000000     0.00008815  -0.00000000    -0.00001877   0.00000000
  0.00008253  -0.00000000     0.00053417  -0.00000000    -0.00019006   0.00000000
 -0.00024598   0.00000000    -0.00019313   0.00000000    -0.00075723   0.00000000
    5   11
  0.00005873  -0.00000000    -0.00005708   0.00000000     0.00028339  -0.00000000
  0.00009458  -0.00000000     0.00002967  -0.00000000    -0.00008055   0.00000000
 -0.00050817   0.00000000     0.00038466  -0.00000000    -0.00006427   0.00000000
    5   12
 -0.00003008   0.00000000    -0.00010586   0.00000000     0.00019410  -0.00000000
 -0.00002903   0.00000000     0.00003625  -0.00000000     0.00007226  -0.00000000
 -0.00011547   0.00000000     0.00110359  -0.00000000    -0.00017145   0.00000000
    5   13
 -0.10179825   0.00000000     0.10924187  -0.00000000    -0.00009274   0.00000000
  0.10717981  -0.00000000    -0.27955306   0.00000000     0.00024234  -0.00000000
  0.00000976  -0.00000000     0.00005585  -0.00000000    -0.05324252   0.00000000
    5   14
  0.00033952  -0.00000000    -0.00056593   0.00000000     0.00009007  -0.00000000
 -0.00009516   0.00000000     0.00092833  -0.00000000    -0.00020782   0.00000000
 -0.00006367   0.00000000     0.00005069  -0.00000000    -0.00082803   0.00000000
    5   15
 -0.00034460   0.00000000    -0.00028876   0.00000000    -0.00051130   0.00000000
  0.00011356  -0.00000000    -0.00028284   0.00000000    -0.00092983   0.00000000
  0.00086296  -0.00000000    -0.00059182   0.00000000    -0.00059425   0.00000000
    5   16
  0.00035266  -0.00000000    -0.00091260   0.00000000     0.00041285  -0.00000000
  0.00017125  -0.00000000     0.00081810  -0.00000000    -0.00004169   0.00000000
  0.00056950  -0.00000000    -0.00028780   0.00000000     0.00010220  -0.00000000
    5   17
 -0.06831546   0.00000000    -0.04361285   0.00000000    -0.06479110   0.00000000
 -0.04378892   0.00000000    -0.12298690   0.00000000    -0.12208333   0.00000000
 -0.06493074   0.00000000    -0.12113865   0.00000000    -0.25742556   0.00000000
    5   18
  0.00030625  -0.00000000    -0.00051905   0.00000000     0.00044975  -0.00000000
 -0.00010064   0.00000000     0.00029312  -0.00000000     0.00035485  -0.00000000
  0.00032569  -0.00000000     0.00033441  -0.00000000    -0.00107867   0.00000000
    5   19
  0.00029577  -0.00000000    -0.00075389   0.00000000    -0.00023054   0.00000000
 -0.00008681   0.00000000     0.00087523  -0.00000000    -0.00019726   0.00000000
 -0.00041944   0.00000000     0.00027704  -0.00000000     0.00054977  -0.00000000
    5   20
 -0.00026816   0.00000000    -0.00033684   0.00000000     0.00053794  -0.00000000
  0.00017247  -0.00000000    -0.00026486   0.00000000     0.00107764  -0.00000000
 -0.00110156   0.00000000     0.00065926  -0.00000000    -0.00039977   0.00000000
    5   21
  0.00036045  -0.00000000    -0.00053100   0.00000000    -0.00042711   0.00000000
 -0.00019914   0.00000000     0.00032574  -0.00000000    -0.00023676   0.00000000
 -0.00036639   0.00000000    -0.00031251   0.00000000    -0.00122622   0.00000000
    5   22
 -0.06837568   0.00000000    -0.04361966   0.00000000     0.06476114  -0.00000000
 -0.04392373   0.00000000    -0.12298976   0.00000000     0.12189933  -0.00000000
  0.06476129  -0.00000000     0.12116866  -0.00000000    -0.25750943   0.00000000
    6    1
 -0.00955198   0.00000000    -0.00398601   0.00000000    -0.00055731   0.00000000
 -0.00500545   0.00000000    -0.00154978   0.00000000    -0.00035360   0.00000000
  0.00022698  -0.00000000     0.00034727  -0.00000000     0.00764322  -0.00000000
    6    2
  0.00001017  -0.00000000     0.00003628  -0.00000000     0.01390441  -0.00000000
  0.00009929  -0.00000000     0.00026451  -0.00000000     0.02788562  -0.00000000
  0.01444523  -0.00000000     0.02803131  -0.00000000    -0.00025646   0.00000000
    6    3
 -0.00000000  -0.00000000    -0.00021823   0.00000000    -0.00006903   0.00000000
 -0.00021823   0.00000000    -0.00000000  -0.00000000    -0.00044533   0.00000000
  0.00006903  -0.00000000    -0.00044533   0.00000000     0.00000000   0.00000000
    6    4
  0.00018936  -0.00000000     0.00004869  -0.00000000    -0.00141410   0.00000000
 -0.00004869   0.00000000     0.00013617  -0.00000000     0.00059138  -0.00000000
  0.00141410  -0.00000000     0.00059138  -0.00000000    -0.00012545   0.00000000
    6    5
 -0.00226835   0.00000000     0.00117088  -0.00000000     0.00017661  -0.00000000
  0.00117088  -0.00000000    -0.00116577   0.00000000     0.00052256  -0.00000000
 -0.00017661   0.00000000    -0.00052256   0.00000000    -0.00204126   0.00000000
    6    6
  0.59144361   0.00000000     0.01700785   0.00000000     0.00002085   0.00000000
  0.01700785   0.00000000     0.59390024   0.00000000    -0.00032262   0.00000000
  0.00002085   0.00000000    -0.00032262   0.00000000     0.64844903   0.00000000
    6    7
  0.00004420  -0.00000000    -0.00011866   0.00000000    -0.00017488   0.00000000
  0.00013058  -0.00000000    -0.00007725   0.00000000    -0.00023278   0.00000000
  0.00157135  -0.00000000     0.00006797  -0.00000000     0.00015072  -0.00000000
    6    8
  0.00017442  -0.00000000    -0.00026334   0.00000000    -0.00136653   0.00000000
 -0.00047334   0.00000000    -0.00015382   0.00000000    -0.00098651   0.00000000
 -0.00100466   0.00000000    -0.00023606   0.00000000    -0.00016331   0.00000000
    6    9
  0.00145293  -0.00000000     0.00008815  -0.00000000     0.00001877  -0.00000000
  0.00008253  -0.00000000     0.00053417  -0.00000000     0.00019006  -0.00000000
  0.00024598  -0.00000000     0.00019313  -0.00000000    -0.00075723   0.00000000
    6   10
 -0.33847376   0.00000000    -0.02281799   0.00000000    -0.00009081   0.00000000
 -0.01911860   0.00000000    -0.04903043   0.00000000     0.00006311  -0.00000000
 -0.00007635   0.00000000    -0.00023585   0.00000000    -0.04928942   0.00000000
    6   11
 -0.00003008   0.00000000    -0.00010586   0.00000000    -0.00019410   0.00000000
 -0.00002903   0.00000000     0.00003625  -0.00000000    -0.00007226   0.00000000
  0.00011547  -0.00000000    -0.00110359   0.00000000    -0.00017145   0.00000000
    6   12
  0.00005873  -0.00000000    -0.00005708   0.00000000    -0.00028339   0.00000000
  0.00009458  -0.00000000     0.00002967  -0.00000000     0.00008055  -0.00000000
  0.00050817  -0.00000000    -0.00038466   0.00000000    -0.00006427   0.00000000
    6   13
  0.00033952  -0.00000000    -0.00056593   0.00000000    -0.00009007   0.00000000
 -0.00009516   0.00000000     0.00092833  -0.00000000     0.00020782  -0.00000000
  0.00006367  -0.00000000    -0.00005069   0.00000000    -0.00082803   0.00000000
    6   14
 -0.10179825   0.00000000     0.10924187  -0.00000000     0.00009274  -0.00000000
  0.10717981  -0.00000000    -0.27955306   0.00000000    -0.00024234   0.00000000
 -0.00000976   0.00000000    -0.00005585   0.00000000    -0.05324252   0.00000000
    6   15
  0.00035266  -0.00000000    -0.00091260   0.00000000    -0.00041285   0.00000000
  0.00017125  -0.00000000     0.00081810  -0.00000000     0.00004169  -0.00000000
 -0.00056950   0.00000000     0.00028780  -0.00000000     0.00010220  -0.00000000
    6   16
 -0.00034460   0.00000000    -0.00028876   0.00000000     0.00051130  -0.00000000
  0.00011356  -0.00000000    -0.00028284   0.00000000     0.00092983  -0.00000000
 -0.00086296   0.00000000     0.00059182  -0.00000000    -0.00059425   0.00000000
    6   17
  0.00030625  -0.00000000    -0.00051905   0.00000000    -0.00044975   0.00000000
 -0.00010064   0.00000000     0.00029312  -0.00000000    -0.00035485   0.00000000
 -0.00032569   0.00000000    -0.00033441   0.00000000    -0.00107867   0.00000000
    6   18
 -0.06831546   0.00000000    -0.04361285   0.00000000     0.06479110  -0.00000000
 -0.04378892   0.00000000    -0.12298690   0.00000000     0.12208333  -0.00000000
  0.06493074  -0.00000000     0.12113865  -0.00000000    -0.25742556   0.00000000
    6   19
 -0.00026816   0.00000000    -0.00033684   0.00000000    -0.00053794   0.00000000
  0.00017247  -0.00000000    -0.00026486   0.00000000    -0.00107764   0.00000000
  0.00110156  -0.00000000    -0.00065926   0.00000000    -0.00039977   0.00000000
    6   20
  0.00029577  -0.00000000    -0.00075389   0.00000000     0.00023054  -0.00000000
 -0.00008681   0.00000000     0.00087523  -0.00000000     0.00019726  -0.00000000
  0.00041944  -0.00000000    -0.00027704   0.00000000     0.00054977  -0.00000000
    6   21
 -0.06837568   0.00000000    -0.04361966   0.00000000    -0.06476114   0.00000000
 -0.04392373   0.00000000    -0.12298976   0.00000000    -0.12189933   0.00000000
 -0.06476129   0.00000000    -0.12116866   0.00000000    -0.25750943   0.00000000
    6   22
  0.00036045  -0.00000000    -0.00053100   0.00000000     0.00042711  -0.00000000
 -0.00019914   0.00000000     0.00032574  -0.00000000     0.00023676  -0.00000000
  0.00036639  -0.00000000     0.00031251  -0.00000000    -0.00122622   0.00000000
    7    1
 -0.00041757  -0.00000000     0.00031193   0.00000000    -0.00106256  -0.00000000
  0.00106113   0.00000000    -0.00046973  -0.00000000    -0.00359067  -0.00000000
 -0.00471620  -0.00000000    -0.00373886  -0.00000000    -0.00028184  -0.00000000
    7    2
 -0.00236349  -0.00000000     0.00358561   0.00000000    -0.00016893  -0.00000000
  0.00125014   0.00000000    -0.00045597  -0.00000000    -0.00064132  -0.00000000
 -0.00012521  -0.00000000     0.00015020   0.00000000     0.00344379   0.00000000
    7    3
 -0.33847376   0.00000000     0.01911860  -0.00000000    -0.00007635   0.00000000
  0.02281799  -0.00000000    -0.04903043   0.00000000     0.00023585  -0.00000000
 -0.00009081   0.00000000    -0.00006311   0.00000000    -0.04928942   0.00000000
    7    4
 -0.00145293   0.00000000     0.00008253  -0.00000000     0.00024598  -0.00000000
  0.00008815  -0.00000000    -0.00053417   0.00000000    -0.00019313   0.00000000
  0.00001877  -0.00000000    -0.00019006   0.00000000     0.00075723  -0.00000000
    7    5
  0.00017442   0.00000000    -0.00047334  -0.00000000     0.00100466   0.00000000
 -0.00026334  -0.00000000    -0.00015382  -0.00000000     0.00023606   0.00000000
  0.00136653   0.00000000     0.00098651   0.00000000    -0.00016331  -0.00000000
    7    6
  0.00004420   0.00000000     0.00013058   0.00000000     0.00157135   0.00000000
 -0.00011866  -0.00000000    -0.00007725  -0.00000000     0.00006797   0.00000000
 -0.00017488  -0.00000000    -0.00023278  -0.00000000     0.00015072   0.00000000
    7    7
  0.38345829   0.00000000    -0.02437765   0.00000000     0.00018772   0.00000000
 -0.02437765   0.00000000     0.05941846   0.00000000    -0.00004564   0.00000000
  0.00018772   0.00000000    -0.00004564   0.00000000     0.06285181   0.00000000
    7    8
  0.00017518  -0.00000000    -0.00047240   0.00000000     0.00021392  -0.00000000
 -0.00047240   0.00000000     0.00033158  -0.00000000    -0.00006437   0.00000000
 -0.00021392   0.00000000     0.00006437  -0.00000000     0.00052396  -0.00000000
    7    9
 -0.00002320  -0.00000000    -0.00023045  -0.00000000     0.00139470   0.00000000
  0.00023045   0.00000000    -0.00005476  -0.00000000    -0.00001390  -0.00000000
 -0.00139470  -0.00000000    -0.00001390  -0.00000000    -0.00008594  -0.00000000
    7   10
  0.00000000  -0.00000000     0.00011501   0.00000000     0.00001162   0.00000000
  0.00011501   0.00000000    -0.00000000   0.00000000    -0.00027548  -0.00000000
 -0.00001162  -0.00000000    -0.00027548  -0.00000000    -0.00000000   0.00000000
    7   11
 -0.01598404   0.00000000     0.00131206   0.00000000    -0.00012833   0.00000000
 -0.03260742   0.00000000     0.00166990   0.00000000     0.00015907   0.00000000
 -0.00009324   0.00000000    -0.00020661   0.00000000    -0.00210090   0.00000000
    7   12
  0.00003554  -0.00000000     0.00112775  -0.00000000     0.00005630  -0.00000000
  0.00066327  -0.00000000    -0.00069377   0.00000000    -0.00007364   0.00000000
  0.00003593  -0.00000000     0.00003941  -0.00000000     0.00007595  -0.00000000
    7   13
  0.00007881   0.00000000     0.00011732   0.00000000    -0.00050841  -0.00000000
 -0.00004390  -0.00000000    -0.00004738  -0.00000000     0.00007520   0.00000000
 -0.00054346  -0.00000000    -0.00006585  -0.00000000    -0.00006241  -0.00000000
    7   14
  0.00000396   0.00000000     0.00009207   0.00000000    -0.00030656  -0.00000000
 -0.00007970  -0.00000000     0.00006078   0.00000000    -0.00041786  -0.00000000
 -0.00001259  -0.00000000    -0.00020527  -0.00000000     0.00010046   0.00000000
    7   15
  0.00927983  -0.00000000    -0.00077578   0.00000000    -0.00079786   0.00000000
 -0.01904751   0.00000000     0.00241258  -0.00000000    -0.00063837   0.00000000
 -0.03037008   0.00000000     0.00193512  -0.00000000    -0.00121300   0.00000000
    7   16
 -0.00020785  -0.00000000    -0.00059177  -0.00000000    -0.00025695  -0.00000000
  0.00021403   0.00000000     0.00002061   0.00000000     0.00019874   0.00000000
 -0.00015483  -0.00000000     0.00008232   0.00000000    -0.00040328  -0.00000000
    7   17
  0.00034743  -0.00000000    -0.00017682   0.00000000     0.00100861  -0.00000000
  0.00022889  -0.00000000     0.00002349  -0.00000000     0.00004101  -0.00000000
  0.00024911  -0.00000000    -0.00001032   0.00000000     0.00016796  -0.00000000
    7   18
  0.00003768  -0.00000000    -0.00001323   0.00000000    -0.00019161   0.00000000
  0.00006948  -0.00000000     0.00016695  -0.00000000    -0.00054897   0.00000000
 -0.00019486   0.00000000    -0.00048182   0.00000000     0.00011377  -0.00000000
    7   19
  0.00030495  -0.00000000     0.00046170  -0.00000000    -0.00018471   0.00000000
 -0.00021922   0.00000000     0.00004967  -0.00000000     0.00005293  -0.00000000
 -0.00014872   0.00000000    -0.00005842   0.00000000     0.00025245  -0.00000000
    7   20
 -0.00947196   0.00000000     0.00079448  -0.00000000    -0.00075543   0.00000000
  0.01915697  -0.00000000    -0.00236935   0.00000000    -0.00058017   0.00000000
 -0.03045361   0.00000000     0.00206254  -0.00000000     0.00076843  -0.00000000
    7   21
 -0.00015348   0.00000000    -0.00008705   0.00000000    -0.00027526   0.00000000
 -0.00023665   0.00000000    -0.00037596   0.00000000    -0.00069900   0.00000000
 -0.00016870   0.00000000    -0.00050741   0.00000000    -0.00014482   0.00000000
    7   22
 -0.00031839  -0.00000000     0.00006629   0.00000000     0.00084573   0.00000000
 -0.00029466  -0.00000000    -0.00008689  -0.00000000    -0.00000572  -0.00000000
  0.00029664   0.00000000    -0.00003787  -0.00000000    -0.00018288  -0.00000000
    8    1
 -0.00041757  -0.00000000     0.00031193   0.00000000     0.00106256   0.00000000
  0.00106113   0.00000000    -0.00046973  -0.00000000     0.00359067   0.00000000
  0.00471620   0.00000000     0.00373886   0.00000000    -0.00028184  -0.00000000
    8    2
  0.00236349   0.00000000    -0.00358561  -0.00000000    -0.00016893  -0.00000000
 -0.00125014  -0.00000000     0.00045597   0.00000000    -0.00064132  -0.00000000
 -0.00012521  -0.00000000     0.00015020   0.00000000    -0.00344379  -0.00000000
    8    3
 -0.00145293   0.00000000     0.00008253  -0.00000000    -0.00024598   0.00000000
  0.00008815  -0.00000000    -0.00053417   0.00000000     0.00019313  -0.00000000
 -0.00001877   0.00000000     0.00019006  -0.00000000     0.00075723  -0.00000000
    8    4
 -0.33847376   0.00000000     0.01911860  -0.00000000     0.00007635  -0.00000000
  0.02281799  -0.00000000    -0.04903043   0.00000000    -0.00023585   0.00000000
  0.00009081  -0.00000000     0.00006311  -0.00000000    -0.04928942   0.00000000
    8    5
  0.00004420   0.00000000     0.00013058   0.00000000    -0.00157135  -0.00000000
 -0.00011866  -0.00000000    -0.00007725  -0.00000000    -0.00006797  -0.00000000
  0.00017488   0.00000000     0.00023278   0.00000000     0.00015072   0.00000000
    8    6
  0.00017442   0.00000000    -0.00047334  -0.00000000    -0.00100466  -0.00000000
 -0.00026334  -0.00000000    -0.00015382  -0.00000000    -0.00023606  -0.00000000
 -0.00136653  -0.00000000    -0.00098651  -0.00000000    -0.00016331  -0.00000000
    8    7
  0.00017518   0.00000000    -0.00047240  -0.00000000    -0.00021392  -0.00000000
 -0.00047240  -0.00000000     0.00033158   0.00000000     0.00006437   0.00000000
  0.00021392   0.00000000    -0.00006437  -0.00000000     0.00052396   0.00000000
    8    8
  0.38345829   0.00000000    -0.02437765   0.00000000    -0.00018772   0.00000000
 -0.02437765   0.00000000     0.05941846   0.00000000     0.00004564   0.00000000
 -0.00018772   0.00000000     0.00004564   0.00000000     0.06285181   0.00000000
    8    9
  0.00000000   0.00000000     0.00011501   0.00000000    -0.00001162  -0.00000000
  0.00011501   0.00000000    -0.00000000  -0.00000000     0.00027548   0.00000000
  0.00001162   0.00000000     0.00027548   0.00000000    -0.00000000  -0.00000000
    8   10
 -0.00002320  -0.00000000    -0.00023045  -0.00000000    -0.00139470  -0.00000000
  0.00023045   0.00000000    -0.00005476  -0.00000000     0.00001390   0.00000000
  0.00139470   0.00000000     0.00001390   0.00000000    -0.00008594  -0.00000000
    8   11
  0.00003554   0.00000000     0.00112775   0.00000000    -0.00005630  -0.00000000
  0.00066327   0.00000000    -0.00069377  -0.00000000     0.00007364   0.00000000
 -0.00003593  -0.00000000    -0.00003941  -0.00000000     0.00007595   0.00000000
    8   12
 -0.01598404   0.00000000     0.00131206   0.00000000     0.00012833   0.00000000
 -0.03260742   0.00000000     0.00166990   0.00000000    -0.00015907   0.00000000
  0.00009324   0.00000000     0.00020661   0.00000000    -0.00210090   0.00000000
    8   13
  0.00000396   0.00000000     0.00009207   0.00000000     0.00030656   0.00000000
 -0.00007970  -0.00000000     0.00006078   0.00000000     0.00041786   0.00000000
  0.00001259   0.00000000     0.00020527   0.00000000     0.00010046   0.00000000
    8   14
  0.00007881   0.00000000     0.00011732   0.00000000     0.00050841   0.00000000
 -0.00004390  -0.00000000    -0.00004738  -0.00000000    -0.00007520  -0.00000000
  0.00054346   0.00000000     0.00006585   0.00000000    -0.00006241  -0.00000000
    8   15
 -0.00020785  -0.00000000    -0.00059177  -0.00000000     0.00025695   0.00000000
  0.00021403   0.00000000     0.00002061   0.00000000    -0.00019874  -0.00000000
  0.00015483   0.00000000    -0.00008232  -0.00000000    -0.00040328  -0.00000000
    8   16
  0.00927983   0.00000000    -0.00077578  -0.00000000     0.00079786   0.00000000
 -0.01904751  -0.00000000     0.00241258   0.00000000     0.00063837   0.00000000
  0.03037008   0.00000000    -0.00193512  -0.00000000    -0.00121300  -0.00000000
    8   17
  0.00003768  -0.00000000    -0.00001323   0.00000000     0.00019161  -0.00000000
  0.00006948  -0.00000000     0.00016695  -0.00000000     0.00054897  -0.00000000
  0.00019486  -0.00000000     0.00048182  -0.00000000     0.00011377  -0.00000000
    8   18
  0.00034743  -0.00000000    -0.00017682   0.00000000    -0.00100861   0.00000000
  0.00022889  -0.00000000     0.00002349  -0.00000000    -0.00004101   0.00000000
 -0.00024911   0.00000000     0.00001032  -0.00000000     0.00016796  -0.00000000
    8   19
 -0.00947196   0.00000000     0.00079448  -0.00000000     0.00075543  -0.00000000
  0.01915697  -0.00000000    -0.00236935   0.00000000     0.00058017  -0.00000000
  0.03045361  -0.00000000    -0.00206254   0.00000000     0.00076843  -0.00000000
    8   20
  0.00030495  -0.00000000     0.00046170  -0.00000000     0.00018471  -0.00000000
 -0.00021922   0.00000000     0.00004967  -0.00000000    -0.00005293   0.00000000
  0.00014872  -0.00000000     0.00005842  -0.00000000     0.00025245  -0.00000000
    8   21
 -0.00031839   0.00000000     0.00006629  -0.00000000    -0.00084573   0.00000000
 -0.00029466   0.00000000    -0.00008689   0.00000000     0.00000572  -0.00000000
 -0.00029664   0.00000000     0.00003787  -0.00000000    -0.00018288   0.00000000
    8   22
 -0.00015348  -0.00000000    -0.00008705  -0.00000000     0.00027526   0.00000000
 -0.00023665  -0.00000000    -0.00037596  -0.00000000     0.00069900   0.00000000
  0.00016870   0.00000000     0.00050741   0.00000000    -0.00014482  -0.00000000
    9    1
  0.00236349  -0.00000000     0.00358561  -0.00000000    -0.00016893   0.00000000
  0.00125014  -0.00000000     0.00045597  -0.00000000     0.00064132  -0.00000000
 -0.00012521   0.00000000    -0.00015020   0.00000000    -0.00344379   0.00000000
    9    2
  0.00041757   0.00000000     0.00031193   0.00000000    -0.00106256  -0.00000000
  0.00106113   0.00000000     0.00046973   0.00000000     0.00359067   0.00000000
 -0.00471620  -0.00000000     0.00373886   0.00000000     0.00028184   0.00000000
    9    3
  0.00017442  -0.00000000     0.00047334  -0.00000000    -0.00100466   0.00000000
  0.00026334  -0.00000000    -0.00015382   0.00000000     0.00023606  -0.00000000
 -0.00136653   0.00000000     0.00098651  -0.00000000    -0.00016331   0.00000000
    9    4
 -0.00004420   0.00000000     0.00013058  -0.00000000     0.00157135  -0.00000000
 -0.00011866   0.00000000     0.00007725  -0.00000000    -0.00006797   0.00000000
 -0.00017488   0.00000000     0.00023278  -0.00000000    -0.00015072   0.00000000
    9    5
 -0.33847376  -0.00000000    -0.01911860  -0.00000000     0.00007635   0.00000000
 -0.02281799  -0.00000000    -0.04903043  -0.00000000     0.00023585   0.00000000
  0.00009081   0.00000000    -0.00006311  -0.00000000    -0.04928942  -0.00000000
    9    6
  0.00145293   0.00000000     0.00008253   0.00000000     0.00024598   0.00000000
  0.00008815   0.00000000     0.00053417   0.00000000     0.00019313   0.00000000
  0.00001877   0.00000000     0.00019006   0.00000000    -0.00075723  -0.00000000
    9    7
 -0.00002320   0.00000000     0.00023045  -0.00000000    -0.00139470   0.00000000
 -0.00023045   0.00000000    -0.00005476   0.00000000    -0.00001390   0.00000000
  0.00139470  -0.00000000    -0.00001390   0.00000000    -0.00008594   0.00000000
    9    8
 -0.00000000  -0.00000000     0.00011501  -0.00000000     0.00001162  -0.00000000
  0.00011501  -0.00000000     0.00000000   0.00000000     0.00027548  -0.00000000
 -0.00001162   0.00000000     0.00027548  -0.00000000     0.00000000   0.00000000
    9    9
  0.38345829   0.00000000     0.02437765   0.00000000    -0.00018772   0.00000000
  0.02437765   0.00000000     0.05941846   0.00000000    -0.00004564   0.00000000
 -0.00018772   0.00000000    -0.00004564   0.00000000     0.06285181   0.00000000
    9   10
 -0.00017518   0.00000000    -0.00047240   0.00000000     0.00021392  -0.00000000
 -0.00047240   0.00000000    -0.00033158   0.00000000     0.00006437  -0.00000000
 -0.00021392   0.00000000    -0.00006437   0.00000000    -0.00052396   0.00000000
    9   11
  0.00007881  -0.00000000    -0.00011732   0.00000000     0.00050841  -0.00000000
  0.00004390  -0.00000000    -0.00004738   0.00000000     0.00007520  -0.00000000
  0.00054346  -0.00000000    -0.00006585   0.00000000    -0.00006241   0.00000000
    9   12
 -0.00000396   0.00000000     0.00009207  -0.00000000    -0.00030656   0.00000000
 -0.00007970   0.00000000    -0.00006078   0.00000000     0.00041786  -0.00000000
 -0.00001259   0.00000000     0.00020527  -0.00000000    -0.00010046   0.00000000
    9   13
 -0.01598404   0.00000000    -0.00131206   0.00000000     0.00012833   0.00000000
  0.03260742   0.00000000     0.00166990   0.00000000     0.00015907   0.00000000
  0.00009324   0.00000000    -0.00020661   0.00000000    -0.00210090   0.00000000
    9   14
 -0.00003554   0.00000000     0.00112775  -0.00000000     0.00005630  -0.00000000
  0.00066327  -0.00000000     0.00069377  -0.00000000     0.00007364  -0.00000000
  0.00003593  -0.00000000    -0.00003941   0.00000000    -0.00007595   0.00000000
    9   15
 -0.00034743   0.00000000    -0.00017682   0.00000000     0.00100861  -0.00000000
  0.00022889  -0.00000000    -0.00002349   0.00000000    -0.00004101   0.00000000
  0.00024911  -0.00000000     0.00001032  -0.00000000    -0.00016796   0.00000000
    9   16
  0.00003768  -0.00000000     0.00001323  -0.00000000     0.00019161  -0.00000000
 -0.00006948   0.00000000     0.00016695  -0.00000000    -0.00054897   0.00000000
  0.00019486  -0.00000000    -0.00048182   0.00000000     0.00011377  -0.00000000
    9   17
 -0.00927983   0.00000000    -0.00077578   0.00000000    -0.00079786   0.00000000
 -0.01904751   0.00000000    -0.00241258   0.00000000     0.00063837  -0.00000000
 -0.03037008   0.00000000    -0.00193512   0.00000000     0.00121300  -0.00000000
    9   18
 -0.00020785   0.00000000     0.00059177  -0.00000000     0.00025695  -0.00000000
 -0.00021403   0.00000000     0.00002061  -0.00000000     0.00019874  -0.00000000
  0.00015483  -0.00000000     0.00008232  -0.00000000    -0.00040328   0.00000000
    9   19
  0.00015348  -0.00000000    -0.00008705   0.00000000    -0.00027526   0.00000000
 -0.00023665   0.00000000     0.00037596  -0.00000000     0.00069900  -0.00000000
 -0.00016870   0.00000000     0.00050741  -0.00000000     0.00014482  -0.00000000
    9   20
 -0.00031839   0.00000000    -0.00006629   0.00000000    -0.00084573   0.00000000
  0.00029466  -0.00000000    -0.00008689   0.00000000    -0.00000572   0.00000000
 -0.00029664   0.00000000    -0.00003787   0.00000000    -0.00018288   0.00000000
    9   21
 -0.00030495   0.00000000     0.00046170  -0.00000000    -0.00018471   0.00000000
 -0.00021922   0.00000000    -0.00004967   0.00000000    -0.00005293   0.00000000
 -0.00014872   0.00000000     0.00005842  -0.00000000    -0.00025245   0.00000000
    9   22
 -0.00947196  -0.00000000    -0.00079448  -0.00000000     0.00075543   0.00000000
 -0.01915697  -0.00000000    -0.00236935  -0.00000000    -0.00058017  -0.00000000
  0.03045361   0.00000000     0.00206254   0.00000000     0.00076843   0.00000000
   10    1
  0.00236349  -0.00000000     0.00358561  -0.00000000     0.00016893  -0.00000000
  0.00125014  -0.00000000     0.00045597  -0.00000000    -0.00064132   0.00000000
  0.00012521  -0.00000000     0.00015020  -0.00000000    -0.00344379   0.00000000
   10    2
 -0.00041757  -0.00000000    -0.00031193  -0.00000000    -0.00106256  -0.00000000
 -0.00106113  -0.00000000    -0.00046973  -0.00000000     0.00359067   0.00000000
 -0.00471620  -0.00000000     0.00373886   0.00000000    -0.00028184  -0.00000000
   10    3
 -0.00004420   0.00000000     0.00013058  -0.00000000    -0.00157135   0.00000000
 -0.00011866   0.00000000     0.00007725  -0.00000000     0.00006797  -0.00000000
  0.00017488  -0.00000000    -0.00023278   0.00000000    -0.00015072   0.00000000
   10    4
  0.00017442  -0.00000000     0.00047334  -0.00000000     0.00100466  -0.00000000
  0.00026334  -0.00000000    -0.00015382   0.00000000    -0.00023606   0.00000000
  0.00136653  -0.00000000    -0.00098651   0.00000000    -0.00016331   0.00000000
   10    5
  0.00145293   0.00000000     0.00008253   0.00000000    -0.00024598  -0.00000000
  0.00008815   0.00000000     0.00053417   0.00000000    -0.00019313  -0.00000000
 -0.00001877  -0.00000000    -0.00019006  -0.00000000    -0.00075723  -0.00000000
   10    6
 -0.33847376  -0.00000000    -0.01911860  -0.00000000    -0.00007635  -0.00000000
 -0.02281799  -0.00000000    -0.04903043  -0.00000000    -0.00023585  -0.00000000
 -0.00009081  -0.00000000     0.00006311   0.00000000    -0.04928942  -0.00000000
   10    7
 -0.00000000   0.00000000     0.00011501  -0.00000000    -0.00001162   0.00000000
  0.00011501  -0.00000000     0.00000000  -0.00000000    -0.00027548   0.00000000
  0.00001162  -0.00000000    -0.00027548   0.00000000     0.00000000  -0.00000000
   10    8
 -0.00002320   0.00000000     0.00023045  -0.00000000     0.00139470  -0.00000000
 -0.00023045   0.00000000    -0.00005476   0.00000000     0.00001390  -0.00000000
 -0.00139470   0.00000000     0.00001390  -0.00000000    -0.00008594   0.00000000
   10    9
 -0.00017518  -0.00000000    -0.00047240  -0.00000000    -0.00021392  -0.00000000
 -0.00047240  -0.00000000    -0.00033158  -0.00000000    -0.00006437  -0.00000000
  0.00021392   0.00000000     0.00006437   0.00000000    -0.00052396  -0.00000000
   10   10
  0.38345829   0.00000000     0.02437765   0.00000000     0.00018772   0.00000000
  0.02437765   0.00000000     0.05941846   0.00000000     0.00004564   0.00000000
  0.00018772   0.00000000     0.00004564   0.00000000     0.06285181   0.00000000
   10   11
 -0.00000396   0.00000000     0.00009207  -0.00000000     0.00030656  -0.00000000
 -0.00007970   0.00000000    -0.00006078   0.00000000    -0.00041786   0.00000000
  0.00001259  -0.00000000    -0.00020527   0.00000000    -0.00010046   0.00000000
   10   12
  0.00007881  -0.00000000    -0.00011732   0.00000000    -0.00050841   0.00000000
  0.00004390  -0.00000000    -0.00004738   0.00000000    -0.00007520   0.00000000
 -0.00054346   0.00000000     0.00006585  -0.00000000    -0.00006241   0.00000000
   10   13
 -0.00003554  -0.00000000     0.00112775   0.00000000    -0.00005630  -0.00000000
  0.00066327   0.00000000     0.00069377   0.00000000    -0.00007364  -0.00000000
 -0.00003593  -0.00000000     0.00003941   0.00000000    -0.00007595  -0.00000000
   10   14
 -0.01598404   0.00000000    -0.00131206   0.00000000    -0.00012833   0.00000000
  0.03260742   0.00000000     0.00166990   0.00000000    -0.00015907   0.00000000
 -0.00009324   0.00000000     0.00020661   0.00000000    -0.00210090   0.00000000
   10   15
  0.00003768  -0.00000000     0.00001323  -0.00000000    -0.00019161   0.00000000
 -0.00006948   0.00000000     0.00016695  -0.00000000     0.00054897  -0.00000000
 -0.00019486   0.00000000     0.00048182  -0.00000000     0.00011377  -0.00000000
   10   16
 -0.00034743  -0.00000000    -0.00017682  -0.00000000    -0.00100861  -0.00000000
  0.00022889   0.00000000    -0.00002349  -0.00000000     0.00004101   0.00000000
 -0.00024911  -0.00000000    -0.00001032  -0.00000000    -0.00016796  -0.00000000
   10   17
 -0.00020785   0.00000000     0.00059177  -0.00000000    -0.00025695   0.00000000
 -0.00021403   0.00000000     0.00002061  -0.00000000    -0.00019874   0.00000000
 -0.00015483   0.00000000    -0.00008232   0.00000000    -0.00040328   0.00000000
   10   18
 -0.00927983   0.00000000    -0.00077578   0.00000000     0.00079786  -0.00000000
 -0.01904751   0.00000000    -0.00241258   0.00000000    -0.00063837   0.00000000
  0.03037008  -0.00000000     0.00193512  -0.00000000     0.00121300  -0.00000000
   10   19
 -0.00031839   0.00000000    -0.00006629   0.00000000     0.00084573  -0.00000000
  0.00029466  -0.00000000    -0.00008689   0.00000000     0.00000572  -0.00000000
  0.00029664  -0.00000000     0.00003787  -0.00000000    -0.00018288   0.00000000
   10   20
  0.00015348  -0.00000000    -0.00008705   0.00000000     0.00027526  -0.00000000
 -0.00023665   0.00000000     0.00037596  -0.00000000    -0.00069900   0.00000000
  0.00016870  -0.00000000    -0.00050741   0.00000000     0.00014482  -0.00000000
   10   21
 -0.00947196   0.00000000    -0.00079448   0.00000000    -0.00075543   0.00000000
 -0.01915697   0.00000000    -0.00236935   0.00000000     0.00058017  -0.00000000
 -0.03045361   0.00000000    -0.00206254   0.00000000     0.00076843  -0.00000000
   10   22
 -0.00030495  -0.00000000     0.00046170   0.00000000     0.00018471   0.00000000
 -0.00021922  -0.00000000    -0.00004967  -0.00000000     0.00005293   0.00000000
  0.00014872   0.00000000    -0.00005842  -0.00000000    -0.00025245  -0.00000000
   11    1
 -0.00006852  -0.00000000     0.00006489   0.00000000     0.00228200   0.00000000
  0.00049305   0.00000000     0.00005144   0.00000000     0.00143006   0.00000000
  0.00458463   0.00000000     0.00497621   0.00000000    -0.00018243  -0.00000000
   11    2
 -0.00230255  -0.00000000     0.00109417   0.00000000     0.00021896   0.00000000
  0.00392409   0.00000000    -0.00073715  -0.00000000    -0.00005053  -0.00000000
 -0.00058698  -0.00000000    -0.00019780  -0.00000000     0.00261920   0.00000000
   11    3
 -0.10179825   0.00000000    -0.10717981   0.00000000    -0.00000976   0.00000000
 -0.10924187   0.00000000    -0.27955306   0.00000000     0.00005585  -0.00000000
  0.00009274  -0.00000000     0.00024234  -0.00000000    -0.05324252   0.00000000
   11    4
 -0.00033952   0.00000000    -0.00009516   0.00000000     0.00006367  -0.00000000
 -0.00056593   0.00000000    -0.00092833   0.00000000     0.00005069  -0.00000000
 -0.00009007   0.00000000    -0.00020782   0.00000000     0.00082803  -0.00000000
   11    5
  0.00005873   0.00000000     0.00009458   0.00000000    -0.00050817  -0.00000000
 -0.00005708  -0.00000000     0.00002967   0.00000000     0.00038466   0.00000000
  0.00028339   0.00000000    -0.00008055  -0.00000000    -0.00006427  -0.00000000
   11    6
 -0.00003008  -0.00000000    -0.00002903  -0.00000000     0.00011547   0.00000000
 -0.00010586  -0.00000000     0.00003625   0.00000000    -0.00110359  -0.00000000
 -0.00019410  -0.00000000    -0.00007226  -0.00000000    -0.00017145  -0.00000000
   11    7
 -0.01598404   0.00000000    -0.03260742   0.00000000    -0.00009324   0.00000000
  0.00131206   0.00000000     0.00166990   0.00000000    -0.00020661   0.00000000
 -0.00012833   0.00000000     0.00015907   0.00000000    -0.00210090   0.00000000
   11    8
  0.00003554  -0.00000000     0.00066327  -0.00000000    -0.00003593   0.00000000
  0.00112775  -0.00000000    -0.00069377   0.00000000    -0.00003941   0.00000000
 -0.00005630   0.00000000     0.00007364  -0.00000000     0.00007595  -0.00000000
   11    9
  0.00007881   0.00000000     0.00004390   0.00000000     0.00054346   0.00000000
 -0.00011732  -0.00000000    -0.00004738  -0.00000000    -0.00006585  -0.00000000
  0.00050841   0.00000000     0.00007520   0.00000000    -0.00006241  -0.00000000
   11   10
 -0.00000396  -0.00000000    -0.00007970  -0.00000000     0.00001259   0.00000000
  0.00009207   0.00000000    -0.00006078  -0.00000000    -0.00020527  -0.00000000
  0.00030656   0.00000000    -0.00041786  -0.00000000    -0.00010046  -0.00000000
   11   11
  0.11572268   0.00000000     0.12351129   0.00000000     0.00003938   0.00000000
  0.12351129   0.00000000     0.32151451   0.00000000     0.00001657   0.00000000
  0.00003938   0.00000000     0.00001657   0.00000000     0.06289952   0.00000000
   11   12
 -0.00001502   0.00000000     0.00009769  -0.00000000     0.00003726  -0.00000000
  0.00009769  -0.00000000     0.00094113  -0.00000000    -0.00013519   0.00000000
 -0.00003726   0.00000000     0.00013519  -0.00000000     0.00000704  -0.00000000
   11   13
 -0.00000629  -0.00000000     0.00005331   0.00000000    -0.00025882  -0.00000000
 -0.00005331  -0.00000000    -0.00008171  -0.00000000     0.00002517   0.00000000
  0.00025882   0.00000000     0.00002517   0.00000000    -0.00001090  -0.00000000
   11   14
  0.00000000  -0.00000000    -0.00003547  -0.00000000    -0.00017848  -0.00000000
 -0.00003547  -0.00000000    -0.00000000   0.00000000    -0.00090740  -0.00000000
  0.00017848   0.00000000    -0.00090740  -0.00000000    -0.00000000   0.00000000
   11   15
 -0.00415476   0.00000000    -0.01130548   0.00000000     0.00087190  -0.00000000
  0.00715559  -0.00000000     0.01674532  -0.00000000     0.00017458  -0.00000000
  0.01313442  -0.00000000     0.02691322  -0.00000000    -0.00077937   0.00000000
   11   16
 -0.00017217  -0.00000000    -0.00000743  -0.00000000     0.00005534   0.00000000
 -0.00051103  -0.00000000    -0.00007986  -0.00000000     0.00013073   0.00000000
  0.00015022   0.00000000     0.00005361   0.00000000    -0.00012763  -0.00000000
   11   17
  0.00015208  -0.00000000     0.00032100  -0.00000000     0.00064928  -0.00000000
 -0.00002445   0.00000000     0.00018226  -0.00000000     0.00027489  -0.00000000
  0.00009675  -0.00000000     0.00012426  -0.00000000     0.00011994  -0.00000000
   11   18
  0.00016029  -0.00000000     0.00034462  -0.00000000    -0.00028080   0.00000000
 -0.00007410   0.00000000     0.00059018  -0.00000000    -0.00076294   0.00000000
 -0.00013694   0.00000000    -0.00079629   0.00000000     0.00035266  -0.00000000
   11   19
  0.00018105  -0.00000000    -0.00000398   0.00000000     0.00011287  -0.00000000
  0.00045929  -0.00000000     0.00007263  -0.00000000     0.00005071  -0.00000000
  0.00013374  -0.00000000     0.00000263  -0.00000000     0.00007070  -0.00000000
   11   20
  0.00417363  -0.00000000     0.01130987  -0.00000000     0.00087299  -0.00000000
 -0.00696848   0.00000000    -0.01671300   0.00000000     0.00007065  -0.00000000
  0.01321903  -0.00000000     0.02688752  -0.00000000     0.00088809  -0.00000000
   11   21
 -0.00011441   0.00000000    -0.00023765   0.00000000    -0.00022838   0.00000000
  0.00001860  -0.00000000    -0.00055425   0.00000000    -0.00082358   0.00000000
 -0.00007008   0.00000000    -0.00076291   0.00000000    -0.00054650   0.00000000
   11   22
 -0.00016591  -0.00000000    -0.00032827  -0.00000000     0.00073909   0.00000000
  0.00001868   0.00000000    -0.00006949  -0.00000000     0.00014676   0.00000000
  0.00015120   0.00000000     0.00015293   0.00000000    -0.00011071  -0.00000000
   12    1
 -0.00006852  -0.00000000     0.00006489   0.00000000    -0.00228200  -0.00000000
  0.00049305   0.00000000     0.00005144   0.00000000    -0.00143006  -0.00000000
 -0.00458463  -0.00000000    -0.00497621  -0.00000000    -0.00018243  -0.00000000
   12    2
  0.00230255   0.00000000    -0.00109417  -0.00000000     0.00021896   0.00000000
 -0.00392409  -0.00000000     0.00073715   0.00000000    -0.00005053  -0.00000000
 -0.00058698  -0.00000000    -0.00019780  -0.00000000    -0.00261920  -0.00000000
   12    3
 -0.00033952   0.00000000    -0.00009516   0.00000000    -0.00006367   0.00000000
 -0.00056593   0.00000000    -0.00092833   0.00000000    -0.00005069   0.00000000
  0.00009007  -0.00000000     0.00020782  -0.00000000     0.00082803  -0.00000000
   12    4
 -0.10179825   0.00000000    -0.10717981   0.00000000     0.00000976  -0.00000000
 -0.10924187   0.00000000    -0.27955306   0.00000000    -0.00005585   0.00000000
 -0.00009274   0.00000000    -0.00024234   0.00000000    -0.05324252   0.00000000
   12    5
 -0.00003008  -0.00000000    -0.00002903  -0.00000000    -0.00011547  -0.00000000
 -0.00010586  -0.00000000     0.00003625   0.00000000     0.00110359   0.00000000
  0.00019410   0.00000000     0.00007226   0.00000000    -0.00017145  -0.00000000
   12    6
  0.00005873   0.00000000     0.00009458   0.00000000     0.00050817   0.00000000
 -0.00005708  -0.00000000     0.00002967   0.00000000    -0.00038466  -0.00000000
 -0.00028339  -0.00000000     0.00008055   0.00000000    -0.00006427  -0.00000000
   12    7
  0.00003554   0.00000000     0.00066327   0.00000000     0.00003593   0.00000000
  0.00112775   0.00000000    -0.00069377  -0.00000000     0.00003941   0.00000000
  0.00005630   0.00000000    -0.00007364  -0.00000000     0.00007595   0.00000000
   12    8
 -0.01598404   0.00000000    -0.03260742   0.00000000     0.00009324   0.00000000
  0.00131206   0.00000000     0.00166990   0.00000000     0.00020661   0.00000000
  0.00012833   0.00000000    -0.00015907   0.00000000    -0.00210090   0.00000000
   12    9
 -0.00000396  -0.00000000    -0.00007970  -0.00000000    -0.00001259  -0.00000000
  0.00009207   0.00000000    -0.00006078  -0.00000000     0.00020527   0.00000000
 -0.00030656  -0.00000000     0.00041786   0.00000000    -0.00010046  -0.00000000
   12   10
  0.00007881   0.00000000     0.00004390   0.00000000    -0.00054346  -0.00000000
 -0.00011732  -0.00000000    -0.00004738  -0.00000000     0.00006585   0.00000000
 -0.00050841  -0.00000000    -0.00007520  -0.00000000    -0.00006241  -0.00000000
   12   11
 -0.00001502  -0.00000000     0.00009769   0.00000000    -0.00003726  -0.00000000
  0.00009769   0.00000000     0.00094113   0.00000000     0.00013519   0.00000000
  0.00003726   0.00000000    -0.00013519  -0.00000000     0.00000704   0.00000000
   12   12
  0.11572268   0.00000000     0.12351129   0.00000000    -0.00003938   0.00000000
  0.12351129   0.00000000     0.32151451   0.00000000    -0.00001657   0.00000000
 -0.00003938   0.00000000    -0.00001657   0.00000000     0.06289952   0.00000000
   12   13
  0.00000000   0.00000000    -0.00003547  -0.00000000     0.00017848   0.00000000
 -0.00003547  -0.00000000    -0.00000000  -0.00000000     0.00090740   0.00000000
 -0.00017848  -0.00000000     0.00090740   0.00000000    -0.00000000  -0.00000000
   12   14
 -0.00000629  -0.00000000     0.00005331   0.00000000     0.00025882   0.00000000
 -0.00005331  -0.00000000    -0.00008171  -0.00000000    -0.00002517  -0.00000000
 -0.00025882  -0.00000000    -0.00002517  -0.00000000    -0.00001090  -0.00000000
   12   15
 -0.00017217  -0.00000000    -0.00000743  -0.00000000    -0.00005534  -0.00000000
 -0.00051103  -0.00000000    -0.00007986  -0.00000000    -0.00013073  -0.00000000
 -0.00015022  -0.00000000    -0.00005361  -0.00000000    -0.00012763  -0.00000000
   12   16
 -0.00415476  -0.00000000    -0.01130548  -0.00000000    -0.00087190  -0.00000000
  0.00715559   0.00000000     0.01674532   0.00000000    -0.00017458  -0.00000000
 -0.01313442  -0.00000000    -0.02691322  -0.00000000    -0.00077937  -0.00000000
   12   17
  0.00016029  -0.00000000     0.00034462  -0.00000000     0.00028080  -0.00000000
 -0.00007410   0.00000000     0.00059018  -0.00000000     0.00076294  -0.00000000
  0.00013694  -0.00000000     0.00079629  -0.00000000     0.00035266  -0.00000000
   12   18
  0.00015208  -0.00000000     0.00032100  -0.00000000    -0.00064928   0.00000000
 -0.00002445   0.00000000     0.00018226  -0.00000000    -0.00027489   0.00000000
 -0.00009675   0.00000000    -0.00012426   0.00000000     0.00011994  -0.00000000
   12   19
  0.00417363  -0.00000000     0.01130987  -0.00000000    -0.00087299   0.00000000
 -0.00696848   0.00000000    -0.01671300   0.00000000    -0.00007065   0.00000000
 -0.01321903   0.00000000    -0.02688752   0.00000000     0.00088809  -0.00000000
   12   20
  0.00018105  -0.00000000    -0.00000398   0.00000000    -0.00011287   0.00000000
  0.00045929  -0.00000000     0.00007263  -0.00000000    -0.00005071   0.00000000
 -0.00013374   0.00000000    -0.00000263   0.00000000     0.00007070  -0.00000000
   12   21
 -0.00016591   0.00000000    -0.00032827   0.00000000    -0.00073909   0.00000000
  0.00001868  -0.00000000    -0.00006949   0.00000000    -0.00014676   0.00000000
 -0.00015120   0.00000000    -0.00015293   0.00000000    -0.00011071   0.00000000
   12   22
 -0.00011441  -0.00000000    -0.00023765  -0.00000000     0.00022838   0.00000000
  0.00001860   0.00000000    -0.00055425  -0.00000000     0.00082358   0.00000000
  0.00007008   0.00000000     0.00076291   0.00000000    -0.00054650  -0.00000000
   13    1
  0.00230255  -0.00000000     0.00109417  -0.00000000     0.00021896  -0.00000000
  0.00392409  -0.00000000     0.00073715  -0.00000000     0.00005053  -0.00000000
 -0.00058698   0.00000000     0.00019780  -0.00000000    -0.00261920   0.00000000
   13    2
  0.00006852   0.00000000     0.00006489   0.00000000     0.00228200   0.00000000
  0.00049305   0.00000000    -0.00005144  -0.00000000    -0.00143006  -0.00000000
  0.00458463   0.00000000    -0.00497621  -0.00000000     0.00018243   0.00000000
   13    3
  0.00005873  -0.00000000    -0.00009458   0.00000000     0.00050817  -0.00000000
  0.00005708  -0.00000000     0.00002967  -0.00000000     0.00038466  -0.00000000
 -0.00028339   0.00000000    -0.00008055   0.00000000    -0.00006427   0.00000000
   13    4
  0.00003008  -0.00000000    -0.00002903   0.00000000     0.00011547  -0.00000000
 -0.00010586   0.00000000    -0.00003625   0.00000000     0.00110359  -0.00000000
 -0.00019410   0.00000000     0.00007226  -0.00000000     0.00017145  -0.00000000
   13    5
 -0.10179825  -0.00000000     0.10717981   0.00000000     0.00000976   0.00000000
  0.10924187   0.00000000    -0.27955306  -0.00000000     0.00005585   0.00000000
 -0.00009274  -0.00000000     0.00024234   0.00000000    -0.05324252  -0.00000000
   13    6
  0.00033952   0.00000000    -0.00009516  -0.00000000     0.00006367   0.00000000
 -0.00056593  -0.00000000     0.00092833   0.00000000    -0.00005069  -0.00000000
 -0.00009007  -0.00000000     0.00020782   0.00000000    -0.00082803  -0.00000000
   13    7
  0.00007881  -0.00000000    -0.00004390   0.00000000    -0.00054346   0.00000000
  0.00011732  -0.00000000    -0.00004738   0.00000000    -0.00006585   0.00000000
 -0.00050841   0.00000000     0.00007520  -0.00000000    -0.00006241   0.00000000
   13    8
  0.00000396  -0.00000000    -0.00007970   0.00000000     0.00001259  -0.00000000
  0.00009207  -0.00000000     0.00006078  -0.00000000     0.00020527  -0.00000000
  0.00030656  -0.00000000     0.00041786  -0.00000000     0.00010046  -0.00000000
   13    9
 -0.01598404   0.00000000     0.03260742   0.00000000     0.00009324   0.00000000
 -0.00131206   0.00000000     0.00166990   0.00000000    -0.00020661   0.00000000
  0.00012833   0.00000000     0.00015907   0.00000000    -0.00210090   0.00000000
   13   10
 -0.00003554   0.00000000     0.00066327  -0.00000000    -0.00003593   0.00000000
  0.00112775  -0.00000000     0.00069377  -0.00000000     0.00003941  -0.00000000
 -0.00005630   0.00000000    -0.00007364   0.00000000    -0.00007595   0.00000000
   13   11
 -0.00000629   0.00000000    -0.00005331   0.00000000     0.00025882  -0.00000000
  0.00005331  -0.00000000    -0.00008171   0.00000000     0.00002517  -0.00000000
 -0.00025882   0.00000000     0.00002517  -0.00000000    -0.00001090   0.00000000
   13   12
 -0.00000000  -0.00000000    -0.00003547   0.00000000    -0.00017848   0.00000000
 -0.00003547   0.00000000     0.00000000   0.00000000     0.00090740  -0.00000000
  0.00017848  -0.00000000     0.00090740  -0.00000000     0.00000000   0.00000000
   13   13
  0.11572268   0.00000000    -0.12351129   0.00000000    -0.00003938   0.00000000
 -0.12351129   0.00000000     0.32151451   0.00000000     0.00001657   0.00000000
 -0.00003938   0.00000000     0.00001657   0.00000000     0.06289952   0.00000000
   13   14
  0.00001502  -0.00000000     0.00009769  -0.00000000     0.00003726  -0.00000000
  0.00009769  -0.00000000    -0.00094113   0.00000000     0.00013519  -0.00000000
 -0.00003726   0.00000000    -0.00013519   0.00000000    -0.00000704   0.00000000
   13   15
 -0.00015208   0.00000000     0.00032100  -0.00000000     0.00064928  -0.00000000
 -0.00002445   0.00000000    -0.00018226   0.00000000    -0.00027489   0.00000000
  0.00009675  -0.00000000    -0.00012426   0.00000000    -0.00011994   0.00000000
   13   16
  0.00016029  -0.00000000    -0.00034462   0.00000000     0.00028080  -0.00000000
  0.00007410  -0.00000000     0.00059018  -0.00000000    -0.00076294   0.00000000
  0.00013694  -0.00000000    -0.00079629   0.00000000     0.00035266  -0.00000000
   13   17
  0.00415476  -0.00000000    -0.01130548   0.00000000     0.00087190  -0.00000000
  0.00715559  -0.00000000    -0.01674532   0.00000000    -0.00017458   0.00000000
  0.01313442  -0.00000000    -0.02691322   0.00000000     0.00077937  -0.00000000
   13   18
 -0.00017217   0.00000000     0.00000743  -0.00000000    -0.00005534   0.00000000
  0.00051103  -0.00000000    -0.00007986   0.00000000     0.00013073  -0.00000000
 -0.00015022   0.00000000     0.00005361  -0.00000000    -0.00012763   0.00000000
   13   19
  0.00011441  -0.00000000    -0.00023765   0.00000000    -0.00022838   0.00000000
  0.00001860  -0.00000000     0.00055425  -0.00000000     0.00082358  -0.00000000
 -0.00007008   0.00000000     0.00076291  -0.00000000     0.00054650  -0.00000000
   13   20
 -0.00016591   0.00000000     0.00032827  -0.00000000    -0.00073909   0.00000000
 -0.00001868   0.00000000    -0.00006949   0.00000000     0.00014676  -0.00000000
 -0.00015120   0.00000000     0.00015293  -0.00000000    -0.00011071   0.00000000
   13   21
 -0.00018105   0.00000000    -0.00000398   0.00000000     0.00011287  -0.00000000
  0.00045929  -0.00000000    -0.00007263   0.00000000    -0.00005071   0.00000000
  0.00013374  -0.00000000    -0.00000263   0.00000000    -0.00007070   0.00000000
   13   22
  0.00417363   0.00000000    -0.01130987  -0.00000000    -0.00087299  -0.00000000
  0.00696848   0.00000000    -0.01671300  -0.00000000     0.00007065   0.00000000
 -0.01321903  -0.00000000     0.02688752   0.00000000     0.00088809   0.00000000
   14    1
  0.00230255  -0.00000000     0.00109417  -0.00000000    -0.00021896   0.00000000
  0.00392409  -0.00000000     0.00073715  -0.00000000    -0.00005053   0.00000000
  0.00058698  -0.00000000    -0.00019780   0.00000000    -0.00261920   0.00000000
   14    2
 -0.00006852  -0.00000000    -0.00006489  -0.00000000     0.00228200   0.00000000
 -0.00049305  -0.00000000     0.00005144   0.00000000    -0.00143006  -0.00000000
  0.00458463   0.00000000    -0.00497621  -0.00000000    -0.00018243  -0.00000000
   14    3
  0.00003008  -0.00000000    -0.00002903   0.00000000    -0.00011547   0.00000000
 -0.00010586   0.00000000    -0.00003625   0.00000000    -0.00110359   0.00000000
  0.00019410  -0.00000000    -0.00007226   0.00000000     0.00017145  -0.00000000
   14    4
  0.00005873  -0.00000000    -0.00009458   0.00000000    -0.00050817   0.00000000
  0.00005708  -0.00000000     0.00002967  -0.00000000    -0.00038466   0.00000000
  0.00028339  -0.00000000     0.00008055  -0.00000000    -0.00006427   0.00000000
   14    5
  0.00033952   0.00000000    -0.00009516  -0.00000000    -0.00006367  -0.00000000
 -0.00056593  -0.00000000     0.00092833   0.00000000     0.00005069   0.00000000
  0.00009007   0.00000000    -0.00020782  -0.00000000    -0.00082803  -0.00000000
   14    6
 -0.10179825  -0.00000000     0.10717981   0.00000000    -0.00000976  -0.00000000
  0.10924187   0.00000000    -0.27955306  -0.00000000    -0.00005585  -0.00000000
  0.00009274   0.00000000    -0.00024234  -0.00000000    -0.05324252  -0.00000000
   14    7
  0.00000396  -0.00000000    -0.00007970   0.00000000    -0.00001259   0.00000000
  0.00009207  -0.00000000     0.00006078  -0.00000000    -0.00020527   0.00000000
 -0.00030656   0.00000000    -0.00041786   0.00000000     0.00010046  -0.00000000
   14    8
  0.00007881  -0.00000000    -0.00004390   0.00000000     0.00054346  -0.00000000
  0.00011732  -0.00000000    -0.00004738   0.00000000     0.00006585  -0.00000000
  0.00050841  -0.00000000    -0.00007520   0.00000000    -0.00006241   0.00000000
   14    9
 -0.00003554  -0.00000000     0.00066327   0.00000000     0.00003593   0.00000000
  0.00112775   0.00000000     0.00069377   0.00000000    -0.00003941  -0.00000000
  0.00005630   0.00000000     0.00007364   0.00000000    -0.00007595  -0.00000000
   14   10
 -0.01598404   0.00000000     0.03260742   0.00000000    -0.00009324   0.00000000
 -0.00131206   0.00000000     0.00166990   0.00000000     0.00020661   0.00000000
 -0.00012833   0.00000000    -0.00015907   0.00000000    -0.00210090   0.00000000
   14   11
 -0.00000000   0.00000000    -0.00003547   0.00000000     0.00017848  -0.00000000
 -0.00003547   0.00000000     0.00000000  -0.00000000    -0.00090740   0.00000000
 -0.00017848   0.00000000    -0.00090740   0.00000000     0.00000000  -0.00000000
   14   12
 -0.00000629   0.00000000    -0.00005331   0.00000000    -0.00025882   0.00000000
  0.00005331  -0.00000000    -0.00008171   0.00000000    -0.00002517   0.00000000
  0.00025882  -0.00000000    -0.00002517   0.00000000    -0.00001090   0.00000000
   14   13
  0.00001502   0.00000000     0.00009769   0.00000000    -0.00003726  -0.00000000
  0.00009769   0.00000000    -0.00094113  -0.00000000    -0.00013519  -0.00000000
  0.00003726   0.00000000     0.00013519   0.00000000    -0.00000704  -0.00000000
   14   14
  0.11572268   0.00000000    -0.12351129   0.00000000     0.00003938   0.00000000
 -0.12351129   0.00000000     0.32151451   0.00000000    -0.00001657   0.00000000
  0.00003938   0.00000000    -0.00001657   0.00000000     0.06289952   0.00000000
   14   15
  0.00016029  -0.00000000    -0.00034462   0.00000000    -0.00028080   0.00000000
  0.00007410  -0.00000000     0.00059018  -0.00000000     0.00076294  -0.00000000
 -0.00013694   0.00000000     0.00079629  -0.00000000     0.00035266  -0.00000000
   14   16
 -0.00015208  -0.00000000     0.00032100   0.00000000    -0.00064928  -0.00000000
 -0.00002445  -0.00000000    -0.00018226  -0.00000000     0.00027489   0.00000000
 -0.00009675  -0.00000000     0.00012426   0.00000000    -0.00011994  -0.00000000
   14   17
 -0.00017217   0.00000000     0.00000743  -0.00000000     0.00005534  -0.00000000
  0.00051103  -0.00000000    -0.00007986   0.00000000    -0.00013073   0.00000000
  0.00015022  -0.00000000    -0.00005361   0.00000000    -0.00012763   0.00000000
   14   18
  0.00415476  -0.00000000    -0.01130548   0.00000000    -0.00087190   0.00000000
  0.00715559  -0.00000000    -0.01674532   0.00000000     0.00017458  -0.00000000
 -0.01313442   0.00000000     0.02691322  -0.00000000     0.00077937  -0.00000000
   14   19
 -0.00016591   0.00000000     0.00032827  -0.00000000     0.00073909  -0.00000000
 -0.00001868   0.00000000    -0.00006949   0.00000000    -0.00014676   0.00000000
  0.00015120  -0.00000000    -0.00015293   0.00000000    -0.00011071   0.00000000
   14   20
  0.00011441  -0.00000000    -0.00023765   0.00000000     0.00022838  -0.00000000
  0.00001860  -0.00000000     0.00055425  -0.00000000    -0.00082358   0.00000000
  0.00007008  -0.00000000    -0.00076291   0.00000000     0.00054650  -0.00000000
   14   21
  0.00417363  -0.00000000    -0.01130987   0.00000000     0.00087299  -0.00000000
  0.00696848  -0.00000000    -0.01671300   0.00000000    -0.00007065   0.00000000
  0.01321903  -0.00000000    -0.02688752   0.00000000     0.00088809  -0.00000000
   14   22
 -0.00018105  -0.00000000    -0.00000398  -0.00000000    -0.00011287  -0.00000000
  0.00045929   0.00000000    -0.00007263  -0.00000000     0.00005071   0.00000000
 -0.00013374  -0.00000000     0.00000263   0.00000000    -0.00007070  -0.00000000
   15    1
  0.00049550   0.00000000     0.00103992   0.00000000     0.00368310   0.00000000
  0.00105210   0.00000000    -0.00134305  -0.00000000    -0.00690515  -0.00000000
  0.00171497   0.00000000    -0.00433613  -0.00000000    -0.00358060  -0.00000000
   15    2
 -0.00469592  -0.00000000     0.00235377   0.00000000    -0.00110420  -0.00000000
  0.00195259   0.00000000    -0.00085699  -0.00000000     0.00008874   0.00000000
 -0.00169764  -0.00000000    -0.00018278  -0.00000000    -0.00530352  -0.00000000
   15    3
  0.06831546  -0.00000000    -0.04378892   0.00000000    -0.06493074   0.00000000
 -0.04361285   0.00000000     0.12298690  -0.00000000     0.12113865  -0.00000000
 -0.06479110   0.00000000     0.12208333  -0.00000000     0.25742556  -0.00000000
   15    4
  0.00030625  -0.00000000     0.00010064  -0.00000000     0.00032569  -0.00000000
  0.00051905  -0.00000000     0.00029312  -0.00000000    -0.00033441   0.00000000
  0.00044975  -0.00000000    -0.00035485   0.00000000    -0.00107867   0.00000000
   15    5
 -0.00034460  -0.00000000     0.00011356   0.00000000     0.00086296   0.00000000
 -0.00028876  -0.00000000    -0.00028284  -0.00000000    -0.00059182  -0.00000000
 -0.00051130  -0.00000000    -0.00092983  -0.00000000    -0.00059425  -0.00000000
   15    6
  0.00035266   0.00000000     0.00017125   0.00000000    -0.00056950  -0.00000000
 -0.00091260  -0.00000000     0.00081810   0.00000000     0.00028780   0.00000000
 -0.00041285  -0.00000000     0.00004169   0.00000000     0.00010220   0.00000000
   15    7
  0.00927983   0.00000000    -0.01904751  -0.00000000    -0.03037008  -0.00000000
 -0.00077578  -0.00000000     0.00241258   0.00000000     0.00193512   0.00000000
 -0.00079786  -0.00000000    -0.00063837  -0.00000000    -0.00121300  -0.00000000
   15    8
 -0.00020785   0.00000000     0.00021403  -0.00000000     0.00015483  -0.00000000
 -0.00059177   0.00000000     0.00002061  -0.00000000    -0.00008232   0.00000000
  0.00025695  -0.00000000    -0.00019874   0.00000000    -0.00040328   0.00000000
   15    9
 -0.00034743  -0.00000000     0.00022889   0.00000000     0.00024911   0.00000000
 -0.00017682  -0.00000000    -0.00002349  -0.00000000     0.00001032   0.00000000
  0.00100861   0.00000000    -0.00004101  -0.00000000    -0.00016796  -0.00000000
   15   10
  0.00003768   0.00000000    -0.00006948  -0.00000000    -0.00019486  -0.00000000
  0.00001323   0.00000000     0.00016695   0.00000000     0.00048182   0.00000000
 -0.00019161  -0.00000000     0.00054897   0.00000000     0.00011377   0.00000000
   15   11
 -0.00415476  -0.00000000     0.00715559   0.00000000     0.01313442   0.00000000
 -0.01130548  -0.00000000     0.01674532   0.00000000     0.02691322   0.00000000
  0.00087190   0.00000000     0.00017458   0.00000000    -0.00077937  -0.00000000
   15   12
 -0.00017217   0.00000000    -0.00051103   0.00000000    -0.00015022   0.00000000
 -0.00000743   0.00000000    -0.00007986   0.00000000    -0.00005361   0.00000000
 -0.00005534   0.00000000    -0.00013073   0.00000000    -0.00012763   0.00000000
   15   13
 -0.00015208  -0.00000000    -0.00002445  -0.00000000     0.00009675   0.00000000
  0.00032100   0.00000000    -0.00018226  -0.00000000    -0.00012426  -0.00000000
  0.00064928   0.00000000    -0.00027489  -0.00000000    -0.00011994  -0.00000000
   15   14
  0.00016029   0.00000000     0.00007410   0.00000000    -0.00013694  -0.00000000
 -0.00034462  -0.00000000     0.00059018   0.00000000     0.00079629   0.00000000
 -0.00028080  -0.00000000     0.00076294   0.00000000     0.00035266   0.00000000
   15   15
  0.08100840   0.00000000    -0.05206588   0.00000000    -0.07340854   0.00000000
 -0.05206588   0.00000000     0.13714216   0.00000000     0.13664909   0.00000000
 -0.07340854   0.00000000     0.13664909   0.00000000     0.28609847   0.00000000
   15   16
  0.00014587   0.00000000     0.00037315   0.00000000     0.00014399   0.00000000
  0.00037315   0.00000000    -0.00035743  -0.00000000    -0.00004000  -0.00000000
 -0.00014399  -0.00000000     0.00004000   0.00000000     0.00040751   0.00000000
   15   17
  0.00012653  -0.00000000    -0.00011864   0.00000000    -0.00025077   0.00000000
  0.00011864  -0.00000000     0.00009077  -0.00000000     0.00015810  -0.00000000
  0.00025077  -0.00000000     0.00015810  -0.00000000     0.00042427  -0.00000000
   15   18
 -0.00000000   0.00000000     0.00008364  -0.00000000    -0.00019080   0.00000000
  0.00008364  -0.00000000    -0.00000000   0.00000000     0.00046203  -0.00000000
  0.00019080  -0.00000000     0.00046203  -0.00000000     0.00000000  -0.00000000
   15   19
 -0.00014027   0.00000000    -0.00034879   0.00000000     0.00001336  -0.00000000
 -0.00030232   0.00000000     0.00022941  -0.00000000     0.00000647  -0.00000000
  0.00001811  -0.00000000    -0.00002588   0.00000000    -0.00003230   0.00000000
   15   20
 -0.00242203   0.00000000     0.00709348  -0.00000000     0.00873655  -0.00000000
  0.00710781  -0.00000000    -0.01104124   0.00000000    -0.01579108   0.00000000
 -0.00866640   0.00000000     0.01583012  -0.00000000     0.02082234  -0.00000000
   15   21
  0.00000442  -0.00000000    -0.00006180   0.00000000    -0.00014822   0.00000000
  0.00007733  -0.00000000     0.00023202  -0.00000000     0.00063757  -0.00000000
  0.00012236  -0.00000000     0.00078318  -0.00000000     0.00069165  -0.00000000
   15   22
 -0.00000462  -0.00000000     0.00009350   0.00000000    -0.00026070  -0.00000000
  0.00013013   0.00000000     0.00001347   0.00000000     0.00001025   0.00000000
  0.00018773   0.00000000     0.00001138   0.00000000    -0.00004273  -0.00000000
   16    1
  0.00049550   0.00000000     0.00103992   0.00000000    -0.00368310  -0.00000000
  0.00105210   0.00000000    -0.00134305  -0.00000000     0.00690515   0.00000000
 -0.00171497  -0.00000000     0.00433613   0.00000000    -0.00358060  -0.00000000
   16    2
  0.00469592   0.00000000    -0.00235377  -0.00000000    -0.00110420  -0.00000000
 -0.00195259  -0.00000000     0.00085699   0.00000000     0.00008874   0.00000000
 -0.00169764  -0.00000000    -0.00018278  -0.00000000     0.00530352   0.00000000
   16    3
  0.00030625  -0.00000000     0.00010064  -0.00000000    -0.00032569   0.00000000
  0.00051905  -0.00000000     0.00029312  -0.00000000     0.00033441  -0.00000000
 -0.00044975   0.00000000     0.00035485  -0.00000000    -0.00107867   0.00000000
   16    4
  0.06831546  -0.00000000    -0.04378892   0.00000000     0.06493074  -0.00000000
 -0.04361285   0.00000000     0.12298690  -0.00000000    -0.12113865   0.00000000
  0.06479110  -0.00000000    -0.12208333   0.00000000     0.25742556  -0.00000000
   16    5
  0.00035266   0.00000000     0.00017125   0.00000000     0.00056950   0.00000000
 -0.00091260  -0.00000000     0.00081810   0.00000000    -0.00028780  -0.00000000
  0.00041285   0.00000000    -0.00004169  -0.00000000     0.00010220   0.00000000
   16    6
 -0.00034460  -0.00000000     0.00011356   0.00000000    -0.00086296  -0.00000000
 -0.00028876  -0.00000000    -0.00028284  -0.00000000     0.00059182   0.00000000
  0.00051130   0.00000000     0.00092983   0.00000000    -0.00059425  -0.00000000
   16    7
 -0.00020785   0.00000000     0.00021403  -0.00000000    -0.00015483   0.00000000
 -0.00059177   0.00000000     0.00002061  -0.00000000     0.00008232  -0.00000000
 -0.00025695   0.00000000     0.00019874  -0.00000000    -0.00040328   0.00000000
   16    8
  0.00927983  -0.00000000    -0.01904751   0.00000000     0.03037008  -0.00000000
 -0.00077578   0.00000000     0.00241258  -0.00000000    -0.00193512   0.00000000
  0.00079786  -0.00000000     0.00063837  -0.00000000    -0.00121300   0.00000000
   16    9
  0.00003768   0.00000000    -0.00006948  -0.00000000     0.00019486   0.00000000
  0.00001323   0.00000000     0.00016695   0.00000000    -0.00048182  -0.00000000
  0.00019161   0.00000000    -0.00054897  -0.00000000     0.00011377   0.00000000
   16   10
 -0.00034743   0.00000000     0.00022889  -0.00000000    -0.00024911   0.00000000
 -0.00017682   0.00000000    -0.00002349   0.00000000    -0.00001032   0.00000000
 -0.00100861   0.00000000     0.00004101  -0.00000000    -0.00016796   0.00000000
   16   11
 -0.00017217   0.00000000    -0.00051103   0.00000000     0.00015022  -0.00000000
 -0.00000743   0.00000000    -0.00007986   0.00000000     0.00005361  -0.00000000
  0.00005534  -0.00000000     0.00013073  -0.00000000    -0.00012763   0.00000000
   16   12
 -0.00415476   0.00000000     0.00715559  -0.00000000    -0.01313442   0.00000000
 -0.01130548   0.00000000     0.01674532  -0.00000000    -0.02691322   0.00000000
 -0.00087190   0.00000000    -0.00017458   0.00000000    -0.00077937   0.00000000
   16   13
  0.00016029   0.00000000     0.00007410   0.00000000     0.00013694   0.00000000
 -0.00034462  -0.00000000     0.00059018   0.00000000    -0.00079629  -0.00000000
  0.00028080   0.00000000    -0.00076294  -0.00000000     0.00035266   0.00000000
   16   14
 -0.00015208   0.00000000    -0.00002445   0.00000000    -0.00009675   0.00000000
  0.00032100  -0.00000000    -0.00018226   0.00000000     0.00012426  -0.00000000
 -0.00064928   0.00000000     0.00027489  -0.00000000    -0.00011994   0.00000000
   16   15
  0.00014587  -0.00000000     0.00037315  -0.00000000    -0.00014399   0.00000000
  0.00037315  -0.00000000    -0.00035743   0.00000000     0.00004000  -0.00000000
  0.00014399  -0.00000000    -0.00004000   0.00000000     0.00040751  -0.00000000
   16   16
  0.08100840   0.00000000    -0.05206588   0.00000000     0.07340854   0.00000000
 -0.05206588   0.00000000     0.13714216   0.00000000    -0.13664909   0.00000000
  0.07340854   0.00000000    -0.13664909   0.00000000     0.28609847   0.00000000
   16   17
 -0.00000000   0.00000000     0.00008364  -0.00000000     0.00019080  -0.00000000
  0.00008364  -0.00000000    -0.00000000   0.00000000    -0.00046203   0.00000000
 -0.00019080   0.00000000    -0.00046203   0.00000000     0.00000000   0.00000000
   16   18
  0.00012653  -0.00000000    -0.00011864   0.00000000     0.00025077  -0.00000000
  0.00011864  -0.00000000     0.00009077  -0.00000000    -0.00015810   0.00000000
 -0.00025077   0.00000000    -0.00015810   0.00000000     0.00042427  -0.00000000
   16   19
 -0.00242203   0.00000000     0.00709348  -0.00000000    -0.00873655   0.00000000
  0.00710781  -0.00000000    -0.01104124   0.00000000     0.01579108  -0.00000000
  0.00866640  -0.00000000    -0.01583012   0.00000000     0.02082234  -0.00000000
   16   20
 -0.00014027   0.00000000    -0.00034879   0.00000000    -0.00001336   0.00000000
 -0.00030232   0.00000000     0.00022941  -0.00000000    -0.00000647   0.00000000
 -0.00001811   0.00000000     0.00002588  -0.00000000    -0.00003230   0.00000000
   16   21
 -0.00000462   0.00000000     0.00009350  -0.00000000     0.00026070  -0.00000000
  0.00013013  -0.00000000     0.00001347  -0.00000000    -0.00001025   0.00000000
 -0.00018773   0.00000000    -0.00001138   0.00000000    -0.00004273   0.00000000
   16   22
  0.00000442   0.00000000    -0.00006180  -0.00000000     0.00014822   0.00000000
  0.00007733   0.00000000     0.00023202   0.00000000    -0.00063757  -0.00000000
 -0.00012236  -0.00000000    -0.00078318  -0.00000000     0.00069165   0.00000000
   17    1
 -0.00469592  -0.00000000    -0.00235377  -0.00000000     0.00110420   0.00000000
 -0.00195259  -0.00000000    -0.00085699  -0.00000000     0.00008874   0.00000000
  0.00169764   0.00000000    -0.00018278  -0.00000000    -0.00530352  -0.00000000
   17    2
  0.00049550   0.00000000    -0.00103992  -0.00000000    -0.00368310  -0.00000000
 -0.00105210  -0.00000000    -0.00134305  -0.00000000    -0.00690515  -0.00000000
 -0.00171497  -0.00000000    -0.00433613  -0.00000000    -0.00358060  -0.00000000
   17    3
  0.00034460   0.00000000     0.00011356   0.00000000     0.00086296   0.00000000
 -0.00028876  -0.00000000     0.00028284   0.00000000     0.00059182   0.00000000
 -0.00051130  -0.00000000     0.00092983   0.00000000     0.00059425   0.00000000
   17    4
  0.00035266   0.00000000    -0.00017125  -0.00000000     0.00056950   0.00000000
  0.00091260   0.00000000     0.00081810   0.00000000     0.00028780   0.00000000
  0.00041285   0.00000000     0.00004169   0.00000000     0.00010220   0.00000000
   17    5
 -0.06831546  -0.00000000    -0.04378892  -0.00000000    -0.06493074  -0.00000000
 -0.04361285  -0.00000000    -0.12298690  -0.00000000    -0.12113865  -0.00000000
 -0.06479110  -0.00000000    -0.12208333  -0.00000000    -0.25742556  -0.00000000
   17    6
  0.00030625   0.00000000    -0.00010064  -0.00000000    -0.00032569  -0.00000000
 -0.00051905  -0.00000000     0.00029312   0.00000000    -0.00033441  -0.00000000
 -0.00044975  -0.00000000    -0.00035485  -0.00000000    -0.00107867  -0.00000000
   17    7
  0.00034743   0.00000000     0.00022889   0.00000000     0.00024911   0.00000000
 -0.00017682  -0.00000000     0.00002349   0.00000000    -0.00001032  -0.00000000
  0.00100861   0.00000000     0.00004101   0.00000000     0.00016796   0.00000000
   17    8
  0.00003768   0.00000000     0.00006948   0.00000000     0.00019486   0.00000000
 -0.00001323  -0.00000000     0.00016695   0.00000000     0.00048182   0.00000000
  0.00019161   0.00000000     0.00054897   0.00000000     0.00011377   0.00000000
   17    9
 -0.00927983  -0.00000000    -0.01904751  -0.00000000    -0.03037008  -0.00000000
 -0.00077578  -0.00000000    -0.00241258  -0.00000000    -0.00193512  -0.00000000
 -0.00079786  -0.00000000     0.00063837   0.00000000     0.00121300   0.00000000
   17   10
 -0.00020785  -0.00000000    -0.00021403  -0.00000000    -0.00015483  -0.00000000
  0.00059177   0.00000000     0.00002061   0.00000000    -0.00008232  -0.00000000
 -0.00025695  -0.00000000    -0.00019874  -0.00000000    -0.00040328  -0.00000000
   17   11
  0.00015208   0.00000000    -0.00002445  -0.00000000     0.00009675   0.00000000
  0.00032100   0.00000000     0.00018226   0.00000000     0.00012426   0.00000000
  0.00064928   0.00000000     0.00027489   0.00000000     0.00011994   0.00000000
   17   12
  0.00016029   0.00000000    -0.00007410  -0.00000000     0.00013694   0.00000000
  0.00034462   0.00000000     0.00059018   0.00000000     0.00079629   0.00000000
  0.00028080   0.00000000     0.00076294   0.00000000     0.00035266   0.00000000
   17   13
  0.00415476   0.00000000     0.00715559   0.00000000     0.01313442   0.00000000
 -0.01130548  -0.00000000    -0.01674532  -0.00000000    -0.02691322  -0.00000000
  0.00087190   0.00000000    -0.00017458  -0.00000000     0.00077937   0.00000000
   17   14
 -0.00017217  -0.00000000     0.00051103   0.00000000     0.00015022   0.00000000
  0.00000743   0.00000000    -0.00007986  -0.00000000    -0.00005361  -0.00000000
  0.00005534   0.00000000    -0.00013073  -0.00000000    -0.00012763  -0.00000000
   17   15
  0.00012653   0.00000000     0.00011864   0.00000000     0.00025077   0.00000000
 -0.00011864  -0.00000000     0.00009077   0.00000000     0.00015810   0.00000000
 -0.00025077  -0.00000000     0.00015810   0.00000000     0.00042427   0.00000000
   17   16
  0.00000000   0.00000000     0.00008364   0.00000000    -0.00019080  -0.00000000
  0.00008364   0.00000000     0.00000000   0.00000000    -0.00046203  -0.00000000
  0.00019080   0.00000000    -0.00046203  -0.00000000    -0.00000000  -0.00000000
   17   17
  0.08100840   0.00000000     0.05206588   0.00000000     0.07340854   0.00000000
  0.05206588   0.00000000     0.13714216   0.00000000     0.13664909   0.00000000
  0.07340854   0.00000000     0.13664909   0.00000000     0.28609847   0.00000000
   17   18
 -0.00014587  -0.00000000     0.00037315   0.00000000     0.00014399   0.00000000
  0.00037315   0.00000000     0.00035743   0.00000000     0.00004000   0.00000000
 -0.00014399  -0.00000000    -0.00004000  -0.00000000    -0.00040751  -0.00000000
   17   19
  0.00000442  -0.00000000     0.00006180  -0.00000000     0.00014822  -0.00000000
 -0.00007733   0.00000000     0.00023202  -0.00000000     0.00063757  -0.00000000
 -0.00012236   0.00000000     0.00078318  -0.00000000     0.00069165  -0.00000000
   17   20
  0.00000462   0.00000000     0.00009350   0.00000000    -0.00026070  -0.00000000
  0.00013013   0.00000000    -0.00001347  -0.00000000    -0.00001025  -0.00000000
  0.00018773   0.00000000    -0.00001138  -0.00000000     0.00004273   0.00000000
   17   21
 -0.00014027  -0.00000000     0.00034879   0.00000000    -0.00001336  -0.00000000
  0.00030232   0.00000000     0.00022941   0.00000000     0.00000647   0.00000000
 -0.00001811  -0.00000000    -0.00002588  -0.00000000    -0.00003230  -0.00000000
   17   22
  0.00242203   0.00000000     0.00709348   0.00000000     0.00873655   0.00000000
  0.00710781   0.00000000     0.01104124   0.00000000     0.01579108   0.00000000
 -0.00866640  -0.00000000    -0.01583012  -0.00000000    -0.02082234  -0.00000000
   18    1
 -0.00469592  -0.00000000    -0.00235377  -0.00000000    -0.00110420  -0.00000000
 -0.00195259  -0.00000000    -0.00085699  -0.00000000    -0.00008874  -0.00000000
 -0.00169764  -0.00000000     0.00018278   0.00000000    -0.00530352  -0.00000000
   18    2
 -0.00049550  -0.00000000     0.00103992   0.00000000    -0.00368310  -0.00000000
  0.00105210   0.00000000     0.00134305   0.00000000    -0.00690515  -0.00000000
 -0.00171497  -0.00000000    -0.00433613  -0.00000000     0.00358060   0.00000000
   18    3
  0.00035266   0.00000000    -0.00017125  -0.00000000    -0.00056950  -0.00000000
  0.00091260   0.00000000     0.00081810   0.00000000    -0.00028780  -0.00000000
 -0.00041285  -0.00000000    -0.00004169  -0.00000000     0.00010220   0.00000000
   18    4
  0.00034460   0.00000000     0.00011356   0.00000000    -0.00086296  -0.00000000
 -0.00028876  -0.00000000     0.00028284   0.00000000    -0.00059182  -0.00000000
  0.00051130   0.00000000    -0.00092983  -0.00000000     0.00059425   0.00000000
   18    5
  0.00030625   0.00000000    -0.00010064  -0.00000000     0.00032569   0.00000000
 -0.00051905  -0.00000000     0.00029312   0.00000000     0.00033441   0.00000000
  0.00044975   0.00000000     0.00035485   0.00000000    -0.00107867  -0.00000000
   18    6
 -0.06831546  -0.00000000    -0.04378892  -0.00000000     0.06493074   0.00000000
 -0.04361285  -0.00000000    -0.12298690  -0.00000000     0.12113865   0.00000000
  0.06479110   0.00000000     0.12208333   0.00000000    -0.25742556  -0.00000000
   18    7
  0.00003768   0.00000000     0.00006948   0.00000000    -0.00019486  -0.00000000
 -0.00001323  -0.00000000     0.00016695   0.00000000    -0.00048182  -0.00000000
 -0.00019161  -0.00000000    -0.00054897  -0.00000000     0.00011377   0.00000000
   18    8
  0.00034743   0.00000000     0.00022889   0.00000000    -0.00024911  -0.00000000
 -0.00017682  -0.00000000     0.00002349   0.00000000     0.00001032   0.00000000
 -0.00100861  -0.00000000    -0.00004101  -0.00000000     0.00016796   0.00000000
   18    9
 -0.00020785  -0.00000000    -0.00021403  -0.00000000     0.00015483   0.00000000
  0.00059177   0.00000000     0.00002061   0.00000000     0.00008232   0.00000000
  0.00025695   0.00000000     0.00019874   0.00000000    -0.00040328  -0.00000000
   18   10
 -0.00927983  -0.00000000    -0.01904751  -0.00000000     0.03037008   0.00000000
 -0.00077578  -0.00000000    -0.00241258  -0.00000000     0.00193512   0.00000000
  0.00079786   0.00000000    -0.00063837  -0.00000000     0.00121300   0.00000000
   18   11
  0.00016029   0.00000000    -0.00007410  -0.00000000    -0.00013694  -0.00000000
  0.00034462   0.00000000     0.00059018   0.00000000    -0.00079629  -0.00000000
 -0.00028080  -0.00000000    -0.00076294  -0.00000000     0.00035266   0.00000000
   18   12
  0.00015208   0.00000000    -0.00002445  -0.00000000    -0.00009675  -0.00000000
  0.00032100   0.00000000     0.00018226   0.00000000    -0.00012426  -0.00000000
 -0.00064928  -0.00000000    -0.00027489  -0.00000000     0.00011994   0.00000000
   18   13
 -0.00017217  -0.00000000     0.00051103   0.00000000    -0.00015022  -0.00000000
  0.00000743   0.00000000    -0.00007986  -0.00000000     0.00005361   0.00000000
 -0.00005534  -0.00000000     0.00013073   0.00000000    -0.00012763  -0.00000000
   18   14
  0.00415476   0.00000000     0.00715559   0.00000000    -0.01313442  -0.00000000
 -0.01130548  -0.00000000    -0.01674532  -0.00000000     0.02691322   0.00000000
 -0.00087190  -0.00000000     0.00017458   0.00000000     0.00077937   0.00000000
   18   15
  0.00000000   0.00000000     0.00008364   0.00000000     0.00019080   0.00000000
  0.00008364   0.00000000     0.00000000   0.00000000     0.00046203   0.00000000
 -0.00019080  -0.00000000     0.00046203   0.00000000    -0.00000000   0.00000000
   18   16
  0.00012653   0.00000000     0.00011864   0.00000000    -0.00025077  -0.00000000
 -0.00011864  -0.00000000     0.00009077   0.00000000    -0.00015810  -0.00000000
  0.00025077   0.00000000    -0.00015810  -0.00000000     0.00042427   0.00000000
   18   17
 -0.00014587   0.00000000     0.00037315  -0.00000000    -0.00014399   0.00000000
  0.00037315  -0.00000000     0.00035743  -0.00000000    -0.00004000   0.00000000
  0.00014399  -0.00000000     0.00004000  -0.00000000    -0.00040751   0.00000000
   18   18
  0.08100840   0.00000000     0.05206588   0.00000000    -0.07340854   0.00000000
  0.05206588   0.00000000     0.13714216   0.00000000    -0.13664909   0.00000000
 -0.07340854   0.00000000    -0.13664909   0.00000000     0.28609847   0.00000000
   18   19
  0.00000462  -0.00000000     0.00009350  -0.00000000     0.00026070  -0.00000000
  0.00013013  -0.00000000    -0.00001347   0.00000000     0.00001025  -0.00000000
 -0.00018773   0.00000000     0.00001138  -0.00000000     0.00004273  -0.00000000
   18   20
  0.00000442  -0.00000000     0.00006180  -0.00000000    -0.00014822   0.00000000
 -0.00007733   0.00000000     0.00023202  -0.00000000    -0.00063757   0.00000000
  0.00012236  -0.00000000    -0.00078318   0.00000000     0.00069165  -0.00000000
   18   21
  0.00242203  -0.00000000     0.00709348  -0.00000000    -0.00873655   0.00000000
  0.00710781  -0.00000000     0.01104124  -0.00000000    -0.01579108   0.00000000
  0.00866640  -0.00000000     0.01583012  -0.00000000    -0.02082234   0.00000000
   18   22
 -0.00014027  -0.00000000     0.00034879   0.00000000     0.00001336   0.00000000
  0.00030232   0.00000000     0.00022941   0.00000000    -0.00000647  -0.00000000
  0.00001811   0.00000000     0.00002588   0.00000000    -0.00003230  -0.00000000
   19    1
  0.00057137   0.00000000     0.00099387   0.00000000     0.00449529   0.00000000
  0.00115295   0.00000000    -0.00119984  -0.00000000    -0.00709389  -0.00000000
  0.00181194   0.00000000    -0.00446790  -0.00000000    -0.00222524  -0.00000000
   19    2
 -0.00412335  -0.00000000     0.00255762   0.00000000    -0.00142501  -0.00000000
  0.00167732   0.00000000    -0.00089640  -0.00000000     0.00038475   0.00000000
 -0.00085023  -0.00000000     0.00028416   0.00000000    -0.00554557  -0.00000000
   19    3
 -0.00036045  -0.00000000    -0.00019914  -0.00000000    -0.00036639  -0.00000000
 -0.00053100  -0.00000000    -0.00032574  -0.00000000     0.00031251   0.00000000
 -0.00042711  -0.00000000     0.00023676   0.00000000     0.00122622   0.00000000
   19    4
 -0.06837568  -0.00000000     0.04392373   0.00000000     0.06476129   0.00000000
  0.04361966   0.00000000    -0.12298976  -0.00000000    -0.12116866  -0.00000000
  0.06476114   0.00000000    -0.12189933  -0.00000000    -0.25750943  -0.00000000
   19    5
  0.00029577   0.00000000    -0.00008681  -0.00000000    -0.00041944  -0.00000000
 -0.00075389  -0.00000000     0.00087523   0.00000000     0.00027704   0.00000000
 -0.00023054  -0.00000000    -0.00019726  -0.00000000     0.00054977   0.00000000
   19    6
 -0.00026816  -0.00000000     0.00017247   0.00000000     0.00110156   0.00000000
 -0.00033684  -0.00000000    -0.00026486  -0.00000000    -0.00065926  -0.00000000
 -0.00053794  -0.00000000    -0.00107764  -0.00000000    -0.00039977  -0.00000000
   19    7
  0.00030495   0.00000000    -0.00021922  -0.00000000    -0.00014872  -0.00000000
  0.00046170   0.00000000     0.00004967   0.00000000    -0.00005842  -0.00000000
 -0.00018471  -0.00000000     0.00005293   0.00000000     0.00025245   0.00000000
   19    8
 -0.00947196  -0.00000000     0.01915697   0.00000000     0.03045361   0.00000000
  0.00079448   0.00000000    -0.00236935  -0.00000000    -0.00206254  -0.00000000
  0.00075543   0.00000000     0.00058017   0.00000000     0.00076843   0.00000000
   19    9
  0.00015348   0.00000000    -0.00023665  -0.00000000    -0.00016870  -0.00000000
 -0.00008705  -0.00000000     0.00037596   0.00000000     0.00050741   0.00000000
 -0.00027526  -0.00000000     0.00069900   0.00000000     0.00014482   0.00000000
   19   10
 -0.00031839  -0.00000000     0.00029466   0.00000000     0.00029664   0.00000000
 -0.00006629  -0.00000000    -0.00008689  -0.00000000     0.00003787   0.00000000
  0.00084573   0.00000000     0.00000572   0.00000000    -0.00018288  -0.00000000
   19   11
  0.00018105   0.00000000     0.00045929   0.00000000     0.00013374   0.00000000
 -0.00000398  -0.00000000     0.00007263   0.00000000     0.00000263   0.00000000
  0.00011287   0.00000000     0.00005071   0.00000000     0.00007070   0.00000000
   19   12
  0.00417363   0.00000000    -0.00696848  -0.00000000    -0.01321903  -0.00000000
  0.01130987   0.00000000    -0.01671300  -0.00000000    -0.02688752  -0.00000000
 -0.00087299  -0.00000000    -0.00007065  -0.00000000     0.00088809   0.00000000
   19   13
  0.00011441   0.00000000     0.00001860   0.00000000    -0.00007008  -0.00000000
 -0.00023765  -0.00000000     0.00055425   0.00000000     0.00076291   0.00000000
 -0.00022838  -0.00000000     0.00082358   0.00000000     0.00054650   0.00000000
   19   14
 -0.00016591  -0.00000000    -0.00001868  -0.00000000     0.00015120   0.00000000
  0.00032827   0.00000000    -0.00006949  -0.00000000    -0.00015293  -0.00000000
  0.00073909   0.00000000    -0.00014676  -0.00000000    -0.00011071  -0.00000000
   19   15
 -0.00014027  -0.00000000    -0.00030232  -0.00000000     0.00001811   0.00000000
 -0.00034879  -0.00000000     0.00022941   0.00000000    -0.00002588  -0.00000000
  0.00001336   0.00000000     0.00000647   0.00000000    -0.00003230  -0.00000000
   19   16
 -0.00242203  -0.00000000     0.00710781   0.00000000     0.00866640   0.00000000
  0.00709348   0.00000000    -0.01104124  -0.00000000    -0.01583012  -0.00000000
 -0.00873655  -0.00000000     0.01579108   0.00000000     0.02082234   0.00000000
   19   17
  0.00000442   0.00000000    -0.00007733  -0.00000000    -0.00012236  -0.00000000
  0.00006180   0.00000000     0.00023202   0.00000000     0.00078318   0.00000000
  0.00014822   0.00000000     0.00063757   0.00000000     0.00069165   0.00000000
   19   18
  0.00000462   0.00000000     0.00013013   0.00000000    -0.00018773  -0.00000000
  0.00009350   0.00000000    -0.00001347  -0.00000000     0.00001138   0.00000000
  0.00026070   0.00000000     0.00001025   0.00000000     0.00004273   0.00000000
   19   19
  0.08111653   0.00000000    -0.05211070   0.00000000    -0.07353336   0.00000000
 -0.05211070   0.00000000     0.13714686   0.00000000     0.13669834   0.00000000
 -0.07353336   0.00000000     0.13669834   0.00000000     0.28594297   0.00000000
   19   20
  0.00011187   0.00000000     0.00030961   0.00000000     0.00015838   0.00000000
  0.00030961   0.00000000    -0.00032905  -0.00000000     0.00000668   0.00000000
 -0.00015838  -0.00000000    -0.00000668  -0.00000000     0.00041205   0.00000000
   19   21
  0.00016367   0.00000000    -0.00008490  -0.00000000    -0.00024031  -0.00000000
  0.00008490   0.00000000     0.00006435   0.00000000     0.00015447   0.00000000
  0.00024031   0.00000000     0.00015447   0.00000000     0.00059161   0.00000000
   19   22
 -0.00000000  -0.00000000     0.00007844   0.00000000    -0.00012701  -0.00000000
  0.00007844   0.00000000    -0.00000000   0.00000000     0.00032782   0.00000000
  0.00012701   0.00000000     0.00032782   0.00000000    -0.00000000   0.00000000
   20    1
  0.00057137   0.00000000     0.00099387   0.00000000    -0.00449529  -0.00000000
  0.00115295   0.00000000    -0.00119984  -0.00000000     0.00709389   0.00000000
 -0.00181194  -0.00000000     0.00446790   0.00000000    -0.00222524  -0.00000000
   20    2
  0.00412335   0.00000000    -0.00255762  -0.00000000    -0.00142501  -0.00000000
 -0.00167732  -0.00000000     0.00089640   0.00000000     0.00038475   0.00000000
 -0.00085023  -0.00000000     0.00028416   0.00000000     0.00554557   0.00000000
   20    3
 -0.06837568  -0.00000000     0.04392373   0.00000000    -0.06476129  -0.00000000
  0.04361966   0.00000000    -0.12298976  -0.00000000     0.12116866   0.00000000
 -0.06476114  -0.00000000     0.12189933   0.00000000    -0.25750943  -0.00000000
   20    4
 -0.00036045  -0.00000000    -0.00019914  -0.00000000     0.00036639   0.00000000
 -0.00053100  -0.00000000    -0.00032574  -0.00000000    -0.00031251  -0.00000000
  0.00042711   0.00000000    -0.00023676  -0.00000000     0.00122622   0.00000000
   20    5
 -0.00026816  -0.00000000     0.00017247   0.00000000    -0.00110156  -0.00000000
 -0.00033684  -0.00000000    -0.00026486  -0.00000000     0.00065926   0.00000000
  0.00053794   0.00000000     0.00107764   0.00000000    -0.00039977  -0.00000000
   20    6
  0.00029577   0.00000000    -0.00008681  -0.00000000     0.00041944   0.00000000
 -0.00075389  -0.00000000     0.00087523   0.00000000    -0.00027704  -0.00000000
  0.00023054   0.00000000     0.00019726   0.00000000     0.00054977   0.00000000
   20    7
 -0.00947196  -0.00000000     0.01915697   0.00000000    -0.03045361  -0.00000000
  0.00079448   0.00000000    -0.00236935  -0.00000000     0.00206254   0.00000000
 -0.00075543  -0.00000000    -0.00058017  -0.00000000     0.00076843   0.00000000
   20    8
  0.00030495   0.00000000    -0.00021922  -0.00000000     0.00014872   0.00000000
  0.00046170   0.00000000     0.00004967   0.00000000     0.00005842   0.00000000
  0.00018471   0.00000000    -0.00005293  -0.00000000     0.00025245   0.00000000
   20    9
 -0.00031839  -0.00000000     0.00029466   0.00000000    -0.00029664  -0.00000000
 -0.00006629  -0.00000000    -0.00008689  -0.00000000    -0.00003787  -0.00000000
 -0.00084573  -0.00000000    -0.00000572  -0.00000000    -0.00018288  -0.00000000
   20   10
  0.00015348   0.00000000    -0.00023665  -0.00000000     0.00016870   0.00000000
 -0.00008705  -0.00000000     0.00037596   0.00000000    -0.00050741  -0.00000000
  0.00027526   0.00000000    -0.00069900  -0.00000000     0.00014482   0.00000000
   20   11
  0.00417363   0.00000000    -0.00696848  -0.00000000     0.01321903   0.00000000
  0.01130987   0.00000000    -0.01671300  -0.00000000     0.02688752   0.00000000
  0.00087299   0.00000000     0.00007065   0.00000000     0.00088809   0.00000000
   20   12
  0.00018105   0.00000000     0.00045929   0.00000000    -0.00013374  -0.00000000
 -0.00000398  -0.00000000     0.00007263   0.00000000    -0.00000263  -0.00000000
 -0.00011287  -0.00000000    -0.00005071  -0.00000000     0.00007070   0.00000000
   20   13
 -0.00016591  -0.00000000    -0.00001868  -0.00000000    -0.00015120  -0.00000000
  0.00032827   0.00000000    -0.00006949  -0.00000000     0.00015293   0.00000000
 -0.00073909  -0.00000000     0.00014676   0.00000000    -0.00011071  -0.00000000
   20   14
  0.00011441   0.00000000     0.00001860   0.00000000     0.00007008   0.00000000
 -0.00023765  -0.00000000     0.00055425   0.00000000    -0.00076291  -0.00000000
  0.00022838   0.00000000    -0.00082358  -0.00000000     0.00054650   0.00000000
   20   15
 -0.00242203  -0.00000000     0.00710781   0.00000000    -0.00866640  -0.00000000
  0.00709348   0.00000000    -0.01104124  -0.00000000     0.01583012   0.00000000
  0.00873655   0.00000000    -0.01579108  -0.00000000     0.02082234   0.00000000
   20   16
 -0.00014027  -0.00000000    -0.00030232  -0.00000000    -0.00001811  -0.00000000
 -0.00034879  -0.00000000     0.00022941   0.00000000     0.00002588   0.00000000
 -0.00001336  -0.00000000    -0.00000647  -0.00000000    -0.00003230  -0.00000000
   20   17
  0.00000462  -0.00000000     0.00013013  -0.00000000     0.00018773  -0.00000000
  0.00009350  -0.00000000    -0.00001347   0.00000000    -0.00001138   0.00000000
 -0.00026070   0.00000000    -0.00001025   0.00000000     0.00004273  -0.00000000
   20   18
  0.00000442   0.00000000    -0.00007733  -0.00000000     0.00012236   0.00000000
  0.00006180   0.00000000     0.00023202   0.00000000    -0.00078318  -0.00000000
 -0.00014822  -0.00000000    -0.00063757  -0.00000000     0.00069165   0.00000000
   20   19
  0.00011187  -0.00000000     0.00030961  -0.00000000    -0.00015838   0.00000000
  0.00030961  -0.00000000    -0.00032905   0.00000000    -0.00000668   0.00000000
  0.00015838  -0.00000000     0.00000668  -0.00000000     0.00041205  -0.00000000
   20   20
  0.08111653   0.00000000    -0.05211070   0.00000000     0.07353336   0.00000000
 -0.05211070   0.00000000     0.13714686   0.00000000    -0.13669834   0.00000000
  0.07353336   0.00000000    -0.13669834   0.00000000     0.28594297   0.00000000
   20   21
 -0.00000000  -0.00000000     0.00007844   0.00000000     0.00012701   0.00000000
  0.00007844   0.00000000    -0.00000000  -0.00000000    -0.00032782  -0.00000000
 -0.00012701  -0.00000000    -0.00032782  -0.00000000    -0.00000000  -0.00000000
   20   22
  0.00016367   0.00000000    -0.00008490  -0.00000000     0.00024031   0.00000000
  0.00008490   0.00000000     0.00006435   0.00000000    -0.00015447  -0.00000000
 -0.00024031  -0.00000000    -0.00015447  -0.00000000     0.00059161   0.00000000
   21    1
 -0.00412335  -0.00000000    -0.00255762  -0.00000000     0.00142501   0.00000000
 -0.00167732  -0.00000000    -0.00089640  -0.00000000     0.00038475   0.00000000
  0.00085023   0.00000000     0.00028416   0.00000000    -0.00554557  -0.00000000
   21    2
  0.00057137   0.00000000    -0.00099387  -0.00000000    -0.00449529  -0.00000000
 -0.00115295  -0.00000000    -0.00119984  -0.00000000    -0.00709389  -0.00000000
 -0.00181194  -0.00000000    -0.00446790  -0.00000000    -0.00222524  -0.00000000
   21    3
 -0.00029577  -0.00000000    -0.00008681  -0.00000000    -0.00041944  -0.00000000
 -0.00075389  -0.00000000    -0.00087523  -0.00000000    -0.00027704  -0.00000000
 -0.00023054  -0.00000000     0.00019726   0.00000000    -0.00054977  -0.00000000
   21    4
 -0.00026816  -0.00000000    -0.00017247  -0.00000000    -0.00110156  -0.00000000
  0.00033684   0.00000000    -0.00026486  -0.00000000    -0.00065926  -0.00000000
  0.00053794   0.00000000    -0.00107764  -0.00000000    -0.00039977  -0.00000000
   21    5
  0.00036045   0.00000000    -0.00019914  -0.00000000    -0.00036639  -0.00000000
 -0.00053100  -0.00000000     0.00032574   0.00000000    -0.00031251  -0.00000000
 -0.00042711  -0.00000000    -0.00023676  -0.00000000    -0.00122622  -0.00000000
   21    6
 -0.06837568  -0.00000000    -0.04392373  -0.00000000    -0.06476129  -0.00000000
 -0.04361966  -0.00000000    -0.12298976  -0.00000000    -0.12116866  -0.00000000
 -0.06476114  -0.00000000    -0.12189933  -0.00000000    -0.25750943  -0.00000000
   21    7
 -0.00015348  -0.00000000    -0.00023665  -0.00000000    -0.00016870  -0.00000000
 -0.00008705  -0.00000000    -0.00037596  -0.00000000    -0.00050741  -0.00000000
 -0.00027526  -0.00000000    -0.00069900  -0.00000000    -0.00014482  -0.00000000
   21    8
 -0.00031839  -0.00000000    -0.00029466  -0.00000000    -0.00029664  -0.00000000
  0.00006629   0.00000000    -0.00008689  -0.00000000     0.00003787   0.00000000
 -0.00084573  -0.00000000     0.00000572   0.00000000    -0.00018288  -0.00000000
   21    9
 -0.00030495  -0.00000000    -0.00021922  -0.00000000    -0.00014872  -0.00000000
  0.00046170   0.00000000    -0.00004967  -0.00000000     0.00005842   0.00000000
 -0.00018471  -0.00000000    -0.00005293  -0.00000000    -0.00025245  -0.00000000
   21   10
 -0.00947196  -0.00000000    -0.01915697  -0.00000000    -0.03045361  -0.00000000
 -0.00079448  -0.00000000    -0.00236935  -0.00000000    -0.00206254  -0.00000000
 -0.00075543  -0.00000000     0.00058017   0.00000000     0.00076843   0.00000000
   21   11
 -0.00011441  -0.00000000     0.00001860   0.00000000    -0.00007008  -0.00000000
 -0.00023765  -0.00000000    -0.00055425  -0.00000000    -0.00076291  -0.00000000
 -0.00022838  -0.00000000    -0.00082358  -0.00000000    -0.00054650  -0.00000000
   21   12
 -0.00016591  -0.00000000     0.00001868   0.00000000    -0.00015120  -0.00000000
 -0.00032827  -0.00000000    -0.00006949  -0.00000000    -0.00015293  -0.00000000
 -0.00073909  -0.00000000    -0.00014676  -0.00000000    -0.00011071  -0.00000000
   21   13
 -0.00018105  -0.00000000     0.00045929   0.00000000     0.00013374   0.00000000
 -0.00000398  -0.00000000    -0.00007263  -0.00000000    -0.00000263  -0.00000000
  0.00011287   0.00000000    -0.00005071  -0.00000000    -0.00007070  -0.00000000
   21   14
  0.00417363   0.00000000     0.00696848   0.00000000     0.01321903   0.00000000
 -0.01130987  -0.00000000    -0.01671300  -0.00000000    -0.02688752  -0.00000000
  0.00087299   0.00000000    -0.00007065  -0.00000000     0.00088809   0.00000000
   21   15
  0.00000442   0.00000000     0.00007733   0.00000000     0.00012236   0.00000000
 -0.00006180  -0.00000000     0.00023202   0.00000000     0.00078318   0.00000000
 -0.00014822  -0.00000000     0.00063757   0.00000000     0.00069165   0.00000000
   21   16
 -0.00000462  -0.00000000     0.00013013   0.00000000    -0.00018773  -0.00000000
  0.00009350   0.00000000     0.00001347   0.00000000    -0.00001138  -0.00000000
  0.00026070   0.00000000    -0.00001025  -0.00000000    -0.00004273  -0.00000000
   21   17
 -0.00014027   0.00000000     0.00030232  -0.00000000    -0.00001811   0.00000000
  0.00034879  -0.00000000     0.00022941  -0.00000000    -0.00002588   0.00000000
 -0.00001336   0.00000000     0.00000647  -0.00000000    -0.00003230   0.00000000
   21   18
  0.00242203   0.00000000     0.00710781   0.00000000     0.00866640   0.00000000
  0.00709348   0.00000000     0.01104124   0.00000000     0.01583012   0.00000000
 -0.00873655  -0.00000000    -0.01579108  -0.00000000    -0.02082234  -0.00000000
   21   19
  0.00016367  -0.00000000     0.00008490  -0.00000000     0.00024031  -0.00000000
 -0.00008490   0.00000000     0.00006435  -0.00000000     0.00015447  -0.00000000
 -0.00024031   0.00000000     0.00015447  -0.00000000     0.00059161  -0.00000000
   21   20
  0.00000000  -0.00000000     0.00007844  -0.00000000    -0.00012701   0.00000000
  0.00007844  -0.00000000     0.00000000   0.00000000    -0.00032782   0.00000000
  0.00012701  -0.00000000    -0.00032782   0.00000000     0.00000000   0.00000000
   21   21
  0.08111653   0.00000000     0.05211070   0.00000000     0.07353336   0.00000000
  0.05211070   0.00000000     0.13714686   0.00000000     0.13669834   0.00000000
  0.07353336   0.00000000     0.13669834   0.00000000     0.28594297   0.00000000
   21   22
 -0.00011187  -0.00000000     0.00030961   0.00000000     0.00015838   0.00000000
  0.00030961   0.00000000     0.00032905   0.00000000    -0.00000668  -0.00000000
 -0.00015838  -0.00000000     0.00000668   0.00000000    -0.00041205  -0.00000000
   22    1
 -0.00412335   0.00000000    -0.00255762   0.00000000    -0.00142501   0.00000000
 -0.00167732   0.00000000    -0.00089640   0.00000000    -0.00038475   0.00000000
 -0.00085023   0.00000000    -0.00028416   0.00000000    -0.00554557   0.00000000
   22    2
 -0.00057137  -0.00000000     0.00099387   0.00000000    -0.00449529  -0.00000000
  0.00115295   0.00000000     0.00119984   0.00000000    -0.00709389  -0.00000000
 -0.00181194  -0.00000000    -0.00446790  -0.00000000     0.00222524   0.00000000
   22    3
 -0.00026816   0.00000000    -0.00017247   0.00000000     0.00110156  -0.00000000
  0.00033684  -0.00000000    -0.00026486   0.00000000     0.00065926  -0.00000000
 -0.00053794   0.00000000     0.00107764  -0.00000000    -0.00039977   0.00000000
   22    4
 -0.00029577   0.00000000    -0.00008681   0.00000000     0.00041944  -0.00000000
 -0.00075389   0.00000000    -0.00087523   0.00000000     0.00027704  -0.00000000
  0.00023054  -0.00000000    -0.00019726   0.00000000    -0.00054977   0.00000000
   22    5
 -0.06837568  -0.00000000    -0.04392373  -0.00000000     0.06476129   0.00000000
 -0.04361966  -0.00000000    -0.12298976  -0.00000000     0.12116866   0.00000000
  0.06476114   0.00000000     0.12189933   0.00000000    -0.25750943  -0.00000000
   22    6
  0.00036045   0.00000000    -0.00019914  -0.00000000     0.00036639   0.00000000
 -0.00053100  -0.00000000     0.00032574   0.00000000     0.00031251   0.00000000
  0.00042711   0.00000000     0.00023676   0.00000000    -0.00122622  -0.00000000
   22    7
 -0.00031839   0.00000000    -0.00029466   0.00000000     0.00029664  -0.00000000
  0.00006629  -0.00000000    -0.00008689   0.00000000    -0.00003787   0.00000000
  0.00084573  -0.00000000    -0.00000572   0.00000000    -0.00018288   0.00000000
   22    8
 -0.00015348   0.00000000    -0.00023665   0.00000000     0.00016870  -0.00000000
 -0.00008705   0.00000000    -0.00037596   0.00000000     0.00050741  -0.00000000
  0.00027526  -0.00000000     0.00069900  -0.00000000    -0.00014482   0.00000000
   22    9
 -0.00947196   0.00000000    -0.01915697   0.00000000     0.03045361  -0.00000000
 -0.00079448   0.00000000    -0.00236935   0.00000000     0.00206254  -0.00000000
  0.00075543  -0.00000000    -0.00058017   0.00000000     0.00076843  -0.00000000
   22   10
 -0.00030495   0.00000000    -0.00021922   0.00000000     0.00014872  -0.00000000
  0.00046170  -0.00000000    -0.00004967   0.00000000    -0.00005842   0.00000000
  0.00018471  -0.00000000     0.00005293  -0.00000000    -0.00025245   0.00000000
   22   11
 -0.00016591   0.00000000     0.00001868  -0.00000000     0.00015120  -0.00000000
 -0.00032827   0.00000000    -0.00006949   0.00000000     0.00015293  -0.00000000
  0.00073909  -0.00000000     0.00014676  -0.00000000    -0.00011071   0.00000000
   22   12
 -0.00011441   0.00000000     0.00001860  -0.00000000     0.00007008  -0.00000000
 -0.00023765   0.00000000    -0.00055425   0.00000000     0.00076291  -0.00000000
  0.00022838  -0.00000000     0.00082358  -0.00000000    -0.00054650   0.00000000
   22   13
  0.00417363  -0.00000000     0.00696848  -0.00000000    -0.01321903   0.00000000
 -0.01130987   0.00000000    -0.01671300   0.00000000     0.02688752  -0.00000000
 -0.00087299   0.00000000     0.00007065  -0.00000000     0.00088809  -0.00000000
   22   14
 -0.00018105   0.00000000     0.00045929  -0.00000000    -0.00013374   0.00000000
 -0.00000398   0.00000000    -0.00007263   0.00000000     0.00000263  -0.00000000
 -0.00011287   0.00000000     0.00005071  -0.00000000    -0.00007070   0.00000000
   22   15
 -0.00000462   0.00000000     0.00013013  -0.00000000     0.00018773  -0.00000000
  0.00009350  -0.00000000     0.00001347  -0.00000000     0.00001138  -0.00000000
 -0.00026070   0.00000000     0.00001025  -0.00000000    -0.00004273   0.00000000
   22   16
  0.00000442  -0.00000000     0.00007733  -0.00000000    -0.00012236   0.00000000
 -0.00006180   0.00000000     0.00023202  -0.00000000    -0.00078318   0.00000000
  0.00014822  -0.00000000    -0.00063757   0.00000000     0.00069165  -0.00000000
   22   17
  0.00242203  -0.00000000     0.00710781  -0.00000000    -0.00866640   0.00000000
  0.00709348  -0.00000000     0.01104124  -0.00000000    -0.01583012   0.00000000
  0.00873655  -0.00000000     0.01579108  -0.00000000    -0.02082234   0.00000000
   22   18
 -0.00014027   0.00000000     0.00030232  -0.00000000     0.00001811  -0.00000000
  0.00034879  -0.00000000     0.00022941  -0.00000000     0.00002588  -0.00000000
  0.00001336  -0.00000000    -0.00000647   0.00000000    -0.00003230   0.00000000
   22   19
  0.00000000  -0.00000000     0.00007844  -0.00000000     0.00012701  -0.00000000
  0.00007844  -0.00000000     0.00000000  -0.00000000     0.00032782  -0.00000000
 -0.00012701   0.00000000     0.00032782  -0.00000000     0.00000000  -0.00000000
   22   20
  0.00016367  -0.00000000     0.00008490  -0.00000000    -0.00024031   0.00000000
 -0.00008490   0.00000000     0.00006435  -0.00000000    -0.00015447   0.00000000
  0.00024031  -0.00000000    -0.00015447   0.00000000     0.00059161  -0.00000000
   22   21
 -0.00011187   0.00000000     0.00030961  -0.00000000    -0.00015838   0.00000000
  0.00030961  -0.00000000     0.00032905  -0.00000000     0.00000668  -0.00000000
  0.00015838  -0.00000000    -0.00000668   0.00000000    -0.00041205   0.00000000
   22   22
  0.08111653   0.00000000     0.05211070   0.00000000    -0.07353336   0.00000000
  0.05211070   0.00000000     0.13714686   0.00000000    -0.13669834   0.00000000
 -0.07353336   0.00000000    -0.13669834   0.00000000     0.28594297   0.00000000

     Diagonalizing the dynamical matrix

     q = (    0.000000000  -0.505263609  -0.788044408 ) 

 **************************************************************************
     freq (    1) =       1.236951 [THz] =      41.260254 [cm-1]
 (  0.321932  0.000000 -0.022721  0.000000 -0.004253  0.000000 ) 
 ( -0.044611  0.000000 -0.003149  0.000000 -0.030691  0.000000 ) 
 (  0.020079  0.000000  0.004318  0.000000 -0.082894  0.000000 ) 
 ( -0.025650  0.000000 -0.024055  0.000000  0.081672  0.000000 ) 
 (  0.164616  0.000000 -0.101009  0.000000  0.015815  0.000000 ) 
 (  0.165388  0.000000 -0.103744  0.000000  0.006990  0.000000 ) 
 (  0.016535  0.000000 -0.036294  0.000000  0.007987  0.000000 ) 
 ( -0.022764  0.000000  0.000281  0.000000 -0.011019  0.000000 ) 
 (  0.141370  0.000000  0.134468  0.000000  0.009621  0.000000 ) 
 (  0.142233  0.000000  0.129478  0.000000 -0.012255  0.000000 ) 
 ( -0.015024  0.000000  0.020649  0.000000 -0.212155  0.000000 ) 
 (  0.001137  0.000000 -0.036422  0.000000  0.207014  0.000000 ) 
 ( -0.059276  0.000000 -0.204830  0.000000  0.047594  0.000000 ) 
 ( -0.057351  0.000000 -0.207015  0.000000  0.010491  0.000000 ) 
 (  0.026779  0.000000  0.081605  0.000000  0.042024  0.000000 ) 
 (  0.108613  0.000000  0.127105  0.000000 -0.043183  0.000000 ) 
 (  0.285897  0.000000 -0.149715  0.000000  0.001721  0.000000 ) 
 (  0.304659  0.000000 -0.178637  0.000000  0.010087  0.000000 ) 
 (  0.028799  0.000000  0.062145  0.000000  0.042804  0.000000 ) 
 (  0.108400  0.000000  0.115348  0.000000 -0.040954  0.000000 ) 
 (  0.277713  0.000000 -0.179672  0.000000  0.012478  0.000000 ) 
 (  0.296725  0.000000 -0.204267  0.000000 -0.000872  0.000000 ) 
     freq (    2) =       1.236951 [THz] =      41.260254 [cm-1]
 ( -0.044611  0.000000  0.003149  0.000000 -0.030691  0.000000 ) 
 ( -0.321932  0.000000 -0.022721  0.000000  0.004253  0.000000 ) 
 (  0.165388  0.000000  0.103744  0.000000  0.006990  0.000000 ) 
 ( -0.164616  0.000000 -0.101009  0.000000 -0.015815  0.000000 ) 
 ( -0.025650  0.000000  0.024055  0.000000  0.081672  0.000000 ) 
 ( -0.020079  0.000000  0.004318  0.000000  0.082894  0.000000 ) 
 (  0.142233  0.000000 -0.129478  0.000000 -0.012255  0.000000 ) 
 ( -0.141370  0.000000  0.134468  0.000000 -0.009621  0.000000 ) 
 ( -0.022764  0.000000 -0.000281  0.000000 -0.011019  0.000000 ) 
 ( -0.016535  0.000000 -0.036294  0.000000 -0.007987  0.000000 ) 
 ( -0.057351  0.000000  0.207015  0.000000  0.010491  0.000000 ) 
 (  0.059276  0.000000 -0.204830  0.000000 -0.047594  0.000000 ) 
 (  0.001137  0.000000  0.036422  0.000000  0.207014  0.000000 ) 
 (  0.015024  0.000000  0.020649  0.000000  0.212155  0.000000 ) 
 ( -0.304659  0.000000 -0.178637  0.000000 -0.010087  0.000000 ) 
 (  0.285897  0.000000  0.149715  0.000000  0.001721  0.000000 ) 
 ( -0.108613  0.000000  0.127105  0.000000  0.043183  0.000000 ) 
 (  0.026779  0.000000 -0.081605  0.000000  0.042024  0.000000 ) 
 ( -0.296725  0.000000 -0.204267  0.000000  0.000872  0.000000 ) 
 (  0.277713  0.000000  0.179672  0.000000  0.012478  0.000000 ) 
 ( -0.108400  0.000000  0.115348  0.000000  0.040954  0.000000 ) 
 (  0.028799  0.000000 -0.062145  0.000000  0.042804  0.000000 ) 
     freq (    3) =       1.532359 [THz] =      51.114002 [cm-1]
 ( -0.000187  0.000000 -0.005596  0.000000 -0.137249  0.000000 ) 
 ( -0.017157  0.000000  0.512612 -0.000000  0.001498  0.000000 ) 
 (  0.089907 -0.000000 -0.018771  0.000000 -0.008539  0.000000 ) 
 ( -0.089870  0.000000  0.018865 -0.000000 -0.004270  0.000000 ) 
 ( -0.002679  0.000000  0.004072  0.000000 -0.195582  0.000000 ) 
 (  0.000717  0.000000 -0.004483  0.000000 -0.195442  0.000000 ) 
 (  0.076347 -0.000000 -0.140053  0.000000 -0.017941  0.000000 ) 
 ( -0.076312  0.000000  0.140066 -0.000000 -0.011821  0.000000 ) 
 ( -0.002422  0.000000 -0.000928  0.000000 -0.280460  0.000000 ) 
 (  0.000755  0.000000 -0.002130  0.000000 -0.280135  0.000000 ) 
 ( -0.021459  0.000000  0.034585 -0.000000 -0.005738  0.000000 ) 
 (  0.021424  0.000000 -0.034463  0.000000 -0.006088  0.000000 ) 
 (  0.001801 -0.000000  0.005936 -0.000000  0.015954  0.000000 ) 
 ( -0.001333  0.000000 -0.005182  0.000000  0.016083 -0.000000 ) 
 ( -0.163710  0.000000 -0.027204  0.000000  0.008966 -0.000000 ) 
 (  0.161465  0.000000  0.024306  0.000000  0.003997  0.000000 ) 
 ( -0.104600  0.000000  0.133003 -0.000000 -0.227639  0.000000 ) 
 (  0.101050  0.000000 -0.132441  0.000000 -0.227497  0.000000 ) 
 ( -0.149366  0.000000 -0.031351  0.000000  0.003993  0.000000 ) 
 (  0.147282  0.000000  0.028686  0.000000 -0.000988  0.000000 ) 
 ( -0.097033  0.000000  0.122386 -0.000000 -0.228132  0.000000 ) 
 (  0.093794  0.000000 -0.121731  0.000000 -0.228099  0.000000 ) 
     freq (    4) =       1.532359 [THz] =      51.114002 [cm-1]
 (  0.017157 -0.000000  0.512612 -0.000000 -0.001498  0.000000 ) 
 ( -0.000187  0.000000  0.005596  0.000000 -0.137249  0.000000 ) 
 ( -0.000717  0.000000 -0.004483  0.000000  0.195442  0.000000 ) 
 ( -0.002679  0.000000 -0.004072  0.000000 -0.195582  0.000000 ) 
 (  0.089870  0.000000  0.018865 -0.000000  0.004270  0.000000 ) 
 (  0.089907 -0.000000  0.018771  0.000000 -0.008539  0.000000 ) 
 ( -0.000755  0.000000 -0.002130  0.000000  0.280135  0.000000 ) 
 ( -0.002422  0.000000  0.000928  0.000000 -0.280460  0.000000 ) 
 (  0.076312  0.000000  0.140066 -0.000000  0.011821  0.000000 ) 
 (  0.076347 -0.000000  0.140053 -0.000000 -0.017941  0.000000 ) 
 (  0.001333  0.000000 -0.005182  0.000000 -0.016083  0.000000 ) 
 (  0.001801 -0.000000 -0.005936  0.000000  0.015954  0.000000 ) 
 ( -0.021424  0.000000 -0.034463  0.000000  0.006088 -0.000000 ) 
 ( -0.021459  0.000000 -0.034585  0.000000 -0.005738  0.000000 ) 
 (  0.101050  0.000000  0.132441  0.000000 -0.227497  0.000000 ) 
 (  0.104600 -0.000000  0.133003 -0.000000  0.227639 -0.000000 ) 
 (  0.161465  0.000000 -0.024306  0.000000  0.003997  0.000000 ) 
 (  0.163710 -0.000000 -0.027204  0.000000 -0.008966  0.000000 ) 
 (  0.093794  0.000000  0.121731  0.000000 -0.228099  0.000000 ) 
 (  0.097033 -0.000000  0.122386 -0.000000  0.228132 -0.000000 ) 
 (  0.147282  0.000000 -0.028686  0.000000 -0.000988  0.000000 ) 
 (  0.149366 -0.000000 -0.031351  0.000000 -0.003993  0.000000 ) 
     freq (    5) =       3.289187 [THz] =     109.715474 [cm-1]
 (  0.002976 -0.000000 -0.039433  0.000000 -0.248101  0.000000 ) 
 ( -0.005005  0.000000 -0.066317  0.000000 -0.147524  0.000000 ) 
 ( -0.090930  0.000000 -0.211561  0.000000  0.038032 -0.000000 ) 
 (  0.099096  0.000000  0.208681  0.000000 -0.023373  0.000000 ) 
 ( -0.049630  0.000000  0.127362 -0.000000 -0.055993  0.000000 ) 
 ( -0.063363  0.000000  0.122519 -0.000000 -0.047276  0.000000 ) 
 ( -0.080431  0.000000 -0.071186  0.000000 -0.001457  0.000000 ) 
 (  0.088196  0.000000  0.061328  0.000000 -0.001270  0.000000 ) 
 ( -0.043604  0.000000  0.047687 -0.000000  0.000968 -0.000000 ) 
 ( -0.056663  0.000000  0.031108 -0.000000 -0.000653  0.000000 ) 
 (  0.032904  0.000000 -0.259836  0.000000  0.072453 -0.000000 ) 
 ( -0.028728  0.000000  0.258638  0.000000 -0.072297  0.000000 ) 
 (  0.021835 -0.000000  0.155153 -0.000000 -0.121764  0.000000 ) 
 (  0.014812 -0.000000  0.153138 -0.000000 -0.121671  0.000000 ) 
 (  0.126803  0.000000  0.225021  0.000000 -0.043583  0.000000 ) 
 ( -0.209453  0.000000 -0.259057  0.000000  0.026531 -0.000000 ) 
 ( -0.030472  0.000000  0.115299 -0.000000 -0.064028  0.000000 ) 
 ( -0.169470  0.000000  0.172540 -0.000000 -0.053888  0.000000 ) 
 (  0.147481  0.000000  0.205782  0.000000 -0.014670  0.000000 ) 
 ( -0.210478  0.000000 -0.241793  0.000000  0.056142 -0.000000 ) 
 ( -0.053450  0.000000  0.102786 -0.000000 -0.047215  0.000000 ) 
 ( -0.159397  0.000000  0.163348 -0.000000 -0.071875  0.000000 ) 
     freq (    6) =       3.289187 [THz] =     109.715474 [cm-1]
 ( -0.005005  0.000000  0.066317  0.000000 -0.147524  0.000000 ) 
 ( -0.002976  0.000000 -0.039433  0.000000  0.248101  0.000000 ) 
 ( -0.063363  0.000000 -0.122519  0.000000 -0.047276  0.000000 ) 
 (  0.049630 -0.000000  0.127362 -0.000000  0.055993  0.000000 ) 
 (  0.099096  0.000000 -0.208681  0.000000 -0.023373  0.000000 ) 
 (  0.090930  0.000000 -0.211561  0.000000 -0.038032  0.000000 ) 
 ( -0.056663  0.000000 -0.031108  0.000000 -0.000653  0.000000 ) 
 (  0.043604 -0.000000  0.047687 -0.000000 -0.000968  0.000000 ) 
 (  0.088196  0.000000 -0.061328  0.000000 -0.001270  0.000000 ) 
 (  0.080431  0.000000 -0.071186  0.000000  0.001457  0.000000 ) 
 (  0.014812 -0.000000 -0.153138  0.000000 -0.121671  0.000000 ) 
 ( -0.021835  0.000000  0.155153 -0.000000  0.121764  0.000000 ) 
 ( -0.028728  0.000000 -0.258638  0.000000 -0.072297  0.000000 ) 
 ( -0.032904  0.000000 -0.259836  0.000000 -0.072453  0.000000 ) 
 (  0.169470 -0.000000  0.172540 -0.000000  0.053888  0.000000 ) 
 ( -0.030472  0.000000 -0.115299  0.000000 -0.064028  0.000000 ) 
 (  0.209453 -0.000000 -0.259057  0.000000 -0.026531  0.000000 ) 
 (  0.126803  0.000000 -0.225021  0.000000 -0.043583  0.000000 ) 
 (  0.159397 -0.000000  0.163348 -0.000000  0.071875 -0.000000 ) 
 ( -0.053450  0.000000 -0.102786  0.000000 -0.047215  0.000000 ) 
 (  0.210478  0.000000 -0.241793  0.000000 -0.056142  0.000000 ) 
 (  0.147481  0.000000 -0.205782  0.000000 -0.014670  0.000000 ) 
     freq (    7) =       4.307176 [THz] =     143.671918 [cm-1]
 ( -0.008694  0.000000 -0.003584  0.000000 -0.051967  0.000000 ) 
 (  0.048756  0.000000 -0.020101  0.000000 -0.009266  0.000000 ) 
 (  0.187205  0.000000  0.193004  0.000000 -0.007754  0.000000 ) 
 ( -0.191754  0.000000 -0.195459  0.000000 -0.002792  0.000000 ) 
 (  0.021031 -0.000000 -0.027752  0.000000  0.014855 -0.000000 ) 
 (  0.046543 -0.000000 -0.041517  0.000000  0.012974  0.000000 ) 
 (  0.169335  0.000000 -0.013007  0.000000 -0.010730  0.000000 ) 
 ( -0.173843  0.000000  0.011201  0.000000 -0.008110  0.000000 ) 
 (  0.017955 -0.000000  0.007221 -0.000000  0.009025 -0.000000 ) 
 (  0.043238 -0.000000 -0.002905  0.000000  0.005666  0.000000 ) 
 (  0.011217  0.000000  0.267767  0.000000 -0.023534  0.000000 ) 
 ( -0.015206  0.000000 -0.270225  0.000000  0.008913 -0.000000 ) 
 ( -0.008830  0.000000 -0.041073  0.000000  0.092289  0.000000 ) 
 (  0.013541 -0.000000 -0.054859  0.000000  0.089682  0.000000 ) 
 ( -0.275974  0.000000 -0.237094  0.000000  0.002310  0.000000 ) 
 (  0.286998  0.000000  0.265888 -0.000000  0.010953 -0.000000 ) 
 (  0.019280 -0.000000  0.035895  0.000000 -0.023053  0.000000 ) 
 (  0.081106 -0.000000 -0.125584  0.000000 -0.025418  0.000000 ) 
 ( -0.272555  0.000000 -0.245336  0.000000 -0.001942  0.000000 ) 
 (  0.274616  0.000000  0.269326 -0.000000  0.006904 -0.000000 ) 
 (  0.043005 -0.000000  0.021382  0.000000 -0.024362  0.000000 ) 
 (  0.054563 -0.000000 -0.113154  0.000000 -0.025246  0.000000 ) 
     freq (    8) =       4.307176 [THz] =     143.671918 [cm-1]
 (  0.048756  0.000000  0.020101  0.000000 -0.009266  0.000000 ) 
 (  0.008694 -0.000000 -0.003584  0.000000  0.051967  0.000000 ) 
 (  0.046543 -0.000000  0.041517 -0.000000  0.012974  0.000000 ) 
 ( -0.021031  0.000000 -0.027752  0.000000 -0.014855  0.000000 ) 
 ( -0.191754  0.000000  0.195459  0.000000 -0.002792  0.000000 ) 
 ( -0.187205  0.000000  0.193004  0.000000  0.007754 -0.000000 ) 
 (  0.043238 -0.000000  0.002905  0.000000  0.005666  0.000000 ) 
 ( -0.017955  0.000000  0.007221 -0.000000 -0.009025  0.000000 ) 
 ( -0.173843  0.000000 -0.011201  0.000000 -0.008110  0.000000 ) 
 ( -0.169335  0.000000 -0.013007  0.000000  0.010730 -0.000000 ) 
 (  0.013541 -0.000000  0.054859 -0.000000  0.089682  0.000000 ) 
 (  0.008830  0.000000 -0.041073  0.000000 -0.092289  0.000000 ) 
 ( -0.015206  0.000000  0.270225  0.000000  0.008913 -0.000000 ) 
 ( -0.011217  0.000000  0.267767  0.000000  0.023534 -0.000000 ) 
 ( -0.081106  0.000000 -0.125584  0.000000  0.025418 -0.000000 ) 
 (  0.019280 -0.000000 -0.035895  0.000000 -0.023053  0.000000 ) 
 ( -0.286998  0.000000  0.265888 -0.000000 -0.010953  0.000000 ) 
 ( -0.275974  0.000000  0.237094  0.000000  0.002310  0.000000 ) 
 ( -0.054563  0.000000 -0.113154  0.000000  0.025246  0.000000 ) 
 (  0.043005 -0.000000 -0.021382  0.000000 -0.024362  0.000000 ) 
 ( -0.274616  0.000000  0.269326 -0.000000 -0.006904  0.000000 ) 
 ( -0.272555  0.000000  0.245336  0.000000 -0.001942  0.000000 ) 
     freq (    9) =       4.625422 [THz] =     154.287466 [cm-1]
 (  0.000146 -0.000000  0.000185 -0.000000 -0.000969  0.000000 ) 
 (  0.000106 -0.000000 -0.000135  0.000000  0.001331 -0.000000 ) 
 ( -0.129392  0.000000 -0.201133  0.000000  0.032485 -0.000000 ) 
 ( -0.137397  0.000000 -0.209553  0.000000  0.031450 -0.000000 ) 
 (  0.091600 -0.000000 -0.143687  0.000000  0.044293 -0.000000 ) 
 ( -0.102598  0.000000  0.155254 -0.000000 -0.043540  0.000000 ) 
 ( -0.118978  0.000000 -0.106421  0.000000  0.012530  0.000000 ) 
 ( -0.124375  0.000000 -0.090153  0.000000  0.023693 -0.000000 ) 
 (  0.084862 -0.000000 -0.082719  0.000000  0.020818 -0.000000 ) 
 ( -0.092277  0.000000  0.060369  0.000000 -0.028944  0.000000 ) 
 ( -0.042977  0.000000 -0.232898  0.000000  0.065320 -0.000000 ) 
 ( -0.029788  0.000000 -0.251165  0.000000  0.049635  0.000000 ) 
 (  0.035542 -0.000000 -0.163629  0.000000  0.084672 -0.000000 ) 
 ( -0.017424  0.000000  0.188724 -0.000000 -0.073254  0.000000 ) 
 (  0.144521 -0.000000  0.197155 -0.000000 -0.025436  0.000000 ) 
 (  0.193356 -0.000000  0.254984 -0.000000 -0.025519  0.000000 ) 
 (  0.089427  0.000000 -0.124834  0.000000  0.034971 -0.000000 ) 
 ( -0.156516  0.000000  0.204281 -0.000000 -0.035032  0.000000 ) 
 ( -0.176687  0.000000 -0.223924  0.000000  0.027132 -0.000000 ) 
 ( -0.182072  0.000000 -0.248912  0.000000  0.023834 -0.000000 ) 
 ( -0.126873  0.000000  0.154926  0.000000 -0.036209  0.000000 ) 
 (  0.134270 -0.000000 -0.189254  0.000000  0.033808 -0.000000 ) 
     freq (   10) =       4.625422 [THz] =     154.287466 [cm-1]
 ( -0.000106  0.000000 -0.000135  0.000000 -0.001331  0.000000 ) 
 (  0.000146  0.000000 -0.000185  0.000000 -0.000969  0.000000 ) 
 (  0.102598  0.000000  0.155254  0.000000  0.043540  0.000000 ) 
 (  0.091600  0.000000  0.143687  0.000000  0.044293  0.000000 ) 
 (  0.137397  0.000000 -0.209553  0.000000 -0.031450  0.000000 ) 
 ( -0.129392  0.000000  0.201133  0.000000  0.032485  0.000000 ) 
 (  0.092277  0.000000  0.060369  0.000000  0.028944  0.000000 ) 
 (  0.084862  0.000000  0.082719  0.000000  0.020818  0.000000 ) 
 (  0.124375  0.000000 -0.090153  0.000000 -0.023693  0.000000 ) 
 ( -0.118978  0.000000  0.106421  0.000000  0.012530  0.000000 ) 
 (  0.017424  0.000000  0.188724  0.000000  0.073254  0.000000 ) 
 (  0.035542  0.000000  0.163629  0.000000  0.084672  0.000000 ) 
 (  0.029788  0.000000 -0.251165  0.000000 -0.049635  0.000000 ) 
 ( -0.042977  0.000000  0.232898  0.000000  0.065320  0.000000 ) 
 ( -0.156516  0.000000 -0.204281  0.000000 -0.035032  0.000000 ) 
 ( -0.089427  0.000000 -0.124834  0.000000 -0.034971  0.000000 ) 
 (  0.193356  0.000000 -0.254984  0.000000 -0.025519  0.000000 ) 
 ( -0.144521  0.000000  0.197155  0.000000  0.025436  0.000000 ) 
 (  0.134270  0.000000  0.189254  0.000000  0.033808  0.000000 ) 
 (  0.126873  0.000000  0.154926  0.000000  0.036209  0.000000 ) 
 ( -0.182072  0.000000  0.248912  0.000000  0.023834  0.000000 ) 
 (  0.176687  0.000000 -0.223924  0.000000 -0.027132  0.000000 ) 
     freq (   11) =       6.613006 [THz] =     220.586139 [cm-1]
 ( -0.000051  0.000000  0.002880 -0.000000 -0.002002  0.000000 ) 
 (  0.000047  0.000000  0.002644  0.000000 -0.002180  0.000000 ) 
 ( -0.196066  0.000000  0.090987 -0.000000  0.028070  0.000000 ) 
 ( -0.179113  0.000000  0.094710 -0.000000  0.095582  0.000000 ) 
 ( -0.181493  0.000000 -0.083235  0.000000 -0.036330  0.000000 ) 
 (  0.163031  0.000000  0.087289  0.000000  0.098325 -0.000000 ) 
 ( -0.198609  0.000000  0.017222 -0.000000 -0.019999  0.000000 ) 
 ( -0.179797  0.000000  0.036254 -0.000000  0.047639 -0.000000 ) 
 ( -0.183987  0.000000 -0.014191  0.000000  0.016006  0.000000 ) 
 (  0.163500  0.000000  0.034916  0.000000  0.046106  0.000000 ) 
 ( -0.270353  0.000000  0.127868 -0.000000  0.120518  0.000000 ) 
 ( -0.237565  0.000000  0.123382 -0.000000  0.143933  0.000000 ) 
 ( -0.251061  0.000000 -0.117803  0.000000 -0.133240  0.000000 ) 
 (  0.215356  0.000000  0.112917  0.000000  0.154742 -0.000000 ) 
 (  0.077333 -0.000000 -0.195268  0.000000 -0.002034  0.000000 ) 
 (  0.164556 -0.000000 -0.083864  0.000000 -0.083096  0.000000 ) 
 ( -0.063570  0.000000 -0.188820  0.000000 -0.009133  0.000000 ) 
 (  0.158554  0.000000  0.067503  0.000000  0.083572 -0.000000 ) 
 ( -0.084389  0.000000  0.154515 -0.000000  0.086865 -0.000000 ) 
 ( -0.181477  0.000000  0.050189 -0.000000 -0.001659  0.000000 ) 
 (  0.069208  0.000000  0.150794  0.000000  0.087040 -0.000000 ) 
 ( -0.174934  0.000000 -0.037185  0.000000 -0.005748  0.000000 ) 
     freq (   12) =       6.613006 [THz] =     220.586139 [cm-1]
 (  0.000047  0.000000 -0.002644  0.000000 -0.002180  0.000000 ) 
 (  0.000051  0.000000  0.002880  0.000000  0.002002  0.000000 ) 
 (  0.163031  0.000000 -0.087289  0.000000  0.098325  0.000000 ) 
 (  0.181493  0.000000 -0.083235  0.000000  0.036330  0.000000 ) 
 ( -0.179113  0.000000 -0.094710  0.000000  0.095582  0.000000 ) 
 (  0.196066  0.000000  0.090987  0.000000 -0.028070  0.000000 ) 
 (  0.163500  0.000000 -0.034916  0.000000  0.046106  0.000000 ) 
 (  0.183987  0.000000 -0.014191  0.000000 -0.016006  0.000000 ) 
 ( -0.179797  0.000000 -0.036254  0.000000  0.047639  0.000000 ) 
 (  0.198609  0.000000  0.017222  0.000000  0.019999  0.000000 ) 
 (  0.215356  0.000000 -0.112917  0.000000  0.154742  0.000000 ) 
 (  0.251061  0.000000 -0.117803  0.000000  0.133240  0.000000 ) 
 ( -0.237565  0.000000 -0.123382  0.000000  0.143933  0.000000 ) 
 (  0.270353  0.000000  0.127868  0.000000 -0.120518  0.000000 ) 
 ( -0.158554  0.000000  0.067503  0.000000 -0.083572  0.000000 ) 
 ( -0.063570  0.000000  0.188820  0.000000 -0.009133  0.000000 ) 
 ( -0.164556  0.000000 -0.083864  0.000000  0.083096  0.000000 ) 
 (  0.077333  0.000000  0.195268  0.000000 -0.002034  0.000000 ) 
 (  0.174934  0.000000 -0.037185  0.000000  0.005748  0.000000 ) 
 (  0.069208  0.000000 -0.150794  0.000000  0.087040  0.000000 ) 
 (  0.181477  0.000000  0.050189  0.000000  0.001659  0.000000 ) 
 ( -0.084389  0.000000 -0.154515  0.000000  0.086865  0.000000 ) 
     freq (   13) =       6.698404 [THz] =     223.434709 [cm-1]
 ( -0.000497  0.000000  0.001199  0.000000 -0.018685  0.000000 ) 
 (  0.008269  0.000000  0.019969  0.000000 -0.001122  0.000000 ) 
 ( -0.102668  0.000000  0.037457  0.000000 -0.027646  0.000000 ) 
 (  0.107556  0.000000 -0.039987  0.000000  0.002995  0.000000 ) 
 (  0.034382  0.000000  0.018744  0.000000  0.255865  0.000000 ) 
 ( -0.047006  0.000000 -0.023395  0.000000  0.254385  0.000000 ) 
 ( -0.114240  0.000000 -0.108086  0.000000 -0.014868  0.000000 ) 
 (  0.119275  0.000000  0.109137  0.000000  0.013100  0.000000 ) 
 (  0.034907  0.000000 -0.002226  0.000000  0.232921  0.000000 ) 
 ( -0.048930  0.000000  0.015271  0.000000  0.232815  0.000000 ) 
 ( -0.242061  0.000000  0.104764  0.000000 -0.013550  0.000000 ) 
 (  0.250144  0.000000 -0.108820  0.000000  0.000985  0.000000 ) 
 (  0.052525  0.000000  0.027362  0.000000  0.121402  0.000000 ) 
 ( -0.082082  0.000000 -0.040187  0.000000  0.120647  0.000000 ) 
 (  0.011362  0.000000 -0.109429  0.000000  0.038585  0.000000 ) 
 ( -0.016367  0.000000  0.099641  0.000000  0.001126  0.000000 ) 
 (  0.040845  0.000000 -0.087773  0.000000  0.313086  0.000000 ) 
 ( -0.042510  0.000000  0.075218  0.000000  0.310702  0.000000 ) 
 ( -0.003103  0.000000 -0.098608  0.000000  0.000205  0.000000 ) 
 (  0.002909  0.000000  0.081179  0.000000 -0.037281  0.000000 ) 
 (  0.001798  0.000000 -0.150518  0.000000  0.311011  0.000000 ) 
 ( -0.001437  0.000000  0.139722  0.000000  0.313238  0.000000 ) 
     freq (   14) =       6.698404 [THz] =     223.434709 [cm-1]
 (  0.008269  0.000000 -0.019969  0.000000 -0.001122  0.000000 ) 
 (  0.000497  0.000000  0.001199  0.000000  0.018685  0.000000 ) 
 ( -0.047006  0.000000  0.023395  0.000000  0.254385  0.000000 ) 
 ( -0.034382  0.000000  0.018744  0.000000 -0.255865  0.000000 ) 
 (  0.107556  0.000000  0.039987  0.000000  0.002995  0.000000 ) 
 (  0.102668  0.000000  0.037457  0.000000  0.027646  0.000000 ) 
 ( -0.048930  0.000000 -0.015271  0.000000  0.232815  0.000000 ) 
 ( -0.034907  0.000000 -0.002226  0.000000 -0.232921  0.000000 ) 
 (  0.119275  0.000000 -0.109137  0.000000  0.013100  0.000000 ) 
 (  0.114240  0.000000 -0.108086  0.000000  0.014868  0.000000 ) 
 ( -0.082082  0.000000  0.040187  0.000000  0.120647  0.000000 ) 
 ( -0.052525  0.000000  0.027362  0.000000 -0.121402  0.000000 ) 
 (  0.250144  0.000000  0.108820  0.000000  0.000985  0.000000 ) 
 (  0.242061  0.000000  0.104764  0.000000  0.013550  0.000000 ) 
 (  0.042510  0.000000  0.075218  0.000000 -0.310702  0.000000 ) 
 (  0.040845  0.000000  0.087773  0.000000  0.313086  0.000000 ) 
 (  0.016367  0.000000  0.099641  0.000000 -0.001126  0.000000 ) 
 (  0.011362  0.000000  0.109429  0.000000  0.038585  0.000000 ) 
 (  0.001437  0.000000  0.139722  0.000000 -0.313238  0.000000 ) 
 (  0.001798  0.000000  0.150518  0.000000  0.311011  0.000000 ) 
 ( -0.002909  0.000000  0.081179  0.000000  0.037281  0.000000 ) 
 ( -0.003103  0.000000  0.098608  0.000000  0.000205  0.000000 ) 
     freq (   15) =       7.501618 [THz] =     250.227049 [cm-1]
 (  0.003945  0.000000 -0.003688  0.000000  0.003217 -0.000000 ) 
 (  0.005365 -0.000000  0.005015 -0.000000 -0.002366  0.000000 ) 
 (  0.122362 -0.000000 -0.079842  0.000000  0.058636  0.000000 ) 
 ( -0.129956  0.000000  0.075964 -0.000000 -0.080186  0.000000 ) 
 ( -0.087612  0.000000 -0.059926  0.000000  0.086464 -0.000000 ) 
 ( -0.097939  0.000000 -0.054652  0.000000  0.102311 -0.000000 ) 
 (  0.135126 -0.000000  0.154386 -0.000000  0.028613 -0.000000 ) 
 ( -0.143699  0.000000 -0.178962  0.000000 -0.019296  0.000000 ) 
 ( -0.096693  0.000000  0.105860  0.000000  0.036000 -0.000000 ) 
 ( -0.108351  0.000000  0.139280  0.000000  0.029148 -0.000000 ) 
 (  0.332239 -0.000000 -0.176768  0.000000  0.091046  0.000000 ) 
 ( -0.355695  0.000000  0.180601 -0.000000 -0.098742  0.000000 ) 
 ( -0.237001  0.000000 -0.128797  0.000000  0.126209 -0.000000 ) 
 ( -0.268897  0.000000 -0.134008  0.000000  0.131869 -0.000000 ) 
 (  0.004645 -0.000000  0.131670 -0.000000 -0.047916  0.000000 ) 
 ( -0.074884  0.000000 -0.170290  0.000000  0.088252 -0.000000 ) 
 ( -0.018514  0.000000 -0.084771  0.000000  0.077751 -0.000000 ) 
 (  0.076999 -0.000000 -0.137287  0.000000  0.107414 -0.000000 ) 
 ( -0.013512  0.000000  0.156151 -0.000000 -0.089572  0.000000 ) 
 ( -0.049297  0.000000 -0.187625  0.000000  0.047985  0.000000 ) 
 ( -0.029547  0.000000 -0.105005  0.000000  0.108818 -0.000000 ) 
 (  0.055863 -0.000000 -0.147804  0.000000  0.078235 -0.000000 ) 
     freq (   16) =       7.501618 [THz] =     250.227049 [cm-1]
 (  0.005365  0.000000 -0.005015  0.000000 -0.002366  0.000000 ) 
 ( -0.003945  0.000000 -0.003688  0.000000 -0.003217  0.000000 ) 
 ( -0.097939  0.000000  0.054652  0.000000  0.102311  0.000000 ) 
 (  0.087612  0.000000 -0.059926  0.000000 -0.086464  0.000000 ) 
 ( -0.129956  0.000000 -0.075964  0.000000 -0.080186  0.000000 ) 
 ( -0.122362  0.000000 -0.079842  0.000000 -0.058636  0.000000 ) 
 ( -0.108351  0.000000 -0.139280  0.000000  0.029148  0.000000 ) 
 (  0.096693  0.000000  0.105860  0.000000 -0.036000  0.000000 ) 
 ( -0.143699  0.000000  0.178962  0.000000 -0.019296  0.000000 ) 
 ( -0.135126  0.000000  0.154386  0.000000 -0.028613  0.000000 ) 
 ( -0.268897  0.000000  0.134008  0.000000  0.131869  0.000000 ) 
 (  0.237001  0.000000 -0.128797  0.000000 -0.126209  0.000000 ) 
 ( -0.355695  0.000000 -0.180601  0.000000 -0.098742  0.000000 ) 
 ( -0.332239  0.000000 -0.176768  0.000000 -0.091046  0.000000 ) 
 ( -0.076999  0.000000 -0.137287  0.000000 -0.107414  0.000000 ) 
 ( -0.018514  0.000000  0.084771  0.000000  0.077751  0.000000 ) 
 (  0.074884  0.000000 -0.170290  0.000000 -0.088252  0.000000 ) 
 (  0.004645  0.000000 -0.131670  0.000000 -0.047916  0.000000 ) 
 ( -0.055863  0.000000 -0.147804  0.000000 -0.078235  0.000000 ) 
 ( -0.029547  0.000000  0.105005  0.000000  0.108818  0.000000 ) 
 (  0.049297  0.000000 -0.187625  0.000000 -0.047985  0.000000 ) 
 ( -0.013512  0.000000 -0.156151  0.000000 -0.089572  0.000000 ) 
     freq (   17) =       8.042501 [THz] =     268.268952 [cm-1]
 (  0.000488 -0.000000 -0.000125  0.000000  0.007075 -0.000000 ) 
 (  0.002482 -0.000000  0.000637 -0.000000 -0.001392  0.000000 ) 
 (  0.062157 -0.000000 -0.071230  0.000000  0.108796 -0.000000 ) 
 ( -0.068377  0.000000  0.078783 -0.000000  0.112419 -0.000000 ) 
 (  0.002961  0.000000  0.004430  0.000000  0.012560 -0.000000 ) 
 ( -0.028648  0.000000 -0.033951  0.000000 -0.030972  0.000000 ) 
 (  0.042086  0.000000 -0.288838  0.000000  0.139382 -0.000000 ) 
 ( -0.052160  0.000000  0.254490  0.000000  0.090576  0.000000 ) 
 (  0.016324  0.000000 -0.140731  0.000000  0.146633 -0.000000 ) 
 ( -0.034870  0.000000  0.033812  0.000000  0.101381  0.000000 ) 
 ( -0.135764  0.000000  0.022323 -0.000000 -0.050292  0.000000 ) 
 (  0.092067  0.000000  0.002046 -0.000000  0.048339 -0.000000 ) 
 (  0.133442 -0.000000  0.063911 -0.000000 -0.250798  0.000000 ) 
 ( -0.088609  0.000000 -0.059921  0.000000 -0.250413  0.000000 ) 
 ( -0.121847  0.000000  0.118228 -0.000000 -0.154707  0.000000 ) 
 (  0.159183 -0.000000 -0.065740  0.000000 -0.132986  0.000000 ) 
 (  0.067215  0.000000 -0.151464  0.000000  0.083495 -0.000000 ) 
 ( -0.122517  0.000000  0.115262  0.000000  0.026881  0.000000 ) 
 ( -0.169044  0.000000 -0.042377  0.000000  0.147900  0.000000 ) 
 (  0.243788 -0.000000  0.138228 -0.000000  0.170636 -0.000000 ) 
 (  0.149292  0.000000 -0.225773  0.000000  0.026426  0.000000 ) 
 ( -0.230531  0.000000  0.261313 -0.000000  0.089109 -0.000000 ) 
     freq (   18) =       8.042501 [THz] =     268.268952 [cm-1]
 ( -0.002482  0.000000  0.000637  0.000000  0.001392  0.000000 ) 
 (  0.000488  0.000000  0.000125  0.000000  0.007075  0.000000 ) 
 (  0.028648  0.000000 -0.033951  0.000000  0.030972  0.000000 ) 
 (  0.002961  0.000000 -0.004430  0.000000  0.012560  0.000000 ) 
 (  0.068377  0.000000  0.078783  0.000000 -0.112419  0.000000 ) 
 (  0.062157  0.000000  0.071230  0.000000  0.108796  0.000000 ) 
 (  0.034870  0.000000  0.033812  0.000000 -0.101381  0.000000 ) 
 (  0.016324  0.000000  0.140731  0.000000  0.146633  0.000000 ) 
 (  0.052160  0.000000  0.254490  0.000000 -0.090576  0.000000 ) 
 (  0.042086  0.000000  0.288838  0.000000  0.139382  0.000000 ) 
 (  0.088609  0.000000 -0.059921  0.000000  0.250413  0.000000 ) 
 (  0.133442  0.000000 -0.063911  0.000000 -0.250798  0.000000 ) 
 ( -0.092067  0.000000  0.002046  0.000000 -0.048339  0.000000 ) 
 ( -0.135764  0.000000 -0.022323  0.000000 -0.050292  0.000000 ) 
 ( -0.122517  0.000000 -0.115262  0.000000  0.026881  0.000000 ) 
 ( -0.067215  0.000000 -0.151464  0.000000 -0.083495  0.000000 ) 
 (  0.159183  0.000000  0.065740  0.000000 -0.132986  0.000000 ) 
 (  0.121847  0.000000  0.118228  0.000000  0.154707  0.000000 ) 
 ( -0.230531  0.000000 -0.261313  0.000000  0.089109  0.000000 ) 
 ( -0.149292  0.000000 -0.225773  0.000000 -0.026426  0.000000 ) 
 (  0.243788  0.000000 -0.138228  0.000000  0.170636  0.000000 ) 
 (  0.169044  0.000000 -0.042377  0.000000 -0.147900  0.000000 ) 
     freq (   19) =       8.115461 [THz] =     270.702654 [cm-1]
 (  0.000713  0.000000  0.000343  0.000000 -0.004750  0.000000 ) 
 ( -0.001937  0.000000  0.000932 -0.000000 -0.001748  0.000000 ) 
 ( -0.033655  0.000000  0.054545 -0.000000  0.141243 -0.000000 ) 
 (  0.044365 -0.000000 -0.069392  0.000000  0.149293 -0.000000 ) 
 (  0.000200 -0.000000 -0.002626  0.000000 -0.042513  0.000000 ) 
 ( -0.028907  0.000000 -0.042977  0.000000  0.064391  0.000000 ) 
 ( -0.014874  0.000000  0.275283 -0.000000  0.189439 -0.000000 ) 
 (  0.033764  0.000000 -0.202035  0.000000  0.136180 -0.000000 ) 
 (  0.016721 -0.000000 -0.187350  0.000000 -0.132279  0.000000 ) 
 ( -0.034617  0.000000  0.011720 -0.000000 -0.012467  0.000000 ) 
 (  0.166089  0.000000 -0.039258  0.000000 -0.105686  0.000000 ) 
 ( -0.075715  0.000000 -0.011283  0.000000  0.016407  0.000000 ) 
 (  0.167293  0.000000  0.073827 -0.000000  0.182333 -0.000000 ) 
 ( -0.078320  0.000000 -0.063533  0.000000  0.149483 -0.000000 ) 
 (  0.251548 -0.000000  0.227490  0.000000 -0.233739  0.000000 ) 
 ( -0.143187  0.000000 -0.093105  0.000000 -0.209086  0.000000 ) 
 ( -0.219872  0.000000  0.241593  0.000000 -0.114970  0.000000 ) 
 (  0.074628 -0.000000 -0.123630  0.000000  0.047968  0.000000 ) 
 (  0.091575 -0.000000 -0.129102  0.000000  0.198454 -0.000000 ) 
 ( -0.067361  0.000000  0.174649 -0.000000  0.221435 -0.000000 ) 
 ( -0.062144  0.000000  0.006009 -0.000000  0.046021  0.000000 ) 
 (  0.003663 -0.000000 -0.117775  0.000000 -0.108478  0.000000 ) 
     freq (   20) =       8.115461 [THz] =     270.702654 [cm-1]
 (  0.001937  0.000000  0.000932  0.000000  0.001748  0.000000 ) 
 (  0.000713  0.000000 -0.000343  0.000000 -0.004750  0.000000 ) 
 (  0.028907  0.000000 -0.042977  0.000000 -0.064391  0.000000 ) 
 (  0.000200  0.000000  0.002626  0.000000 -0.042513  0.000000 ) 
 ( -0.044365  0.000000 -0.069392  0.000000 -0.149293  0.000000 ) 
 ( -0.033655  0.000000 -0.054545  0.000000  0.141243  0.000000 ) 
 (  0.034617  0.000000  0.011720  0.000000  0.012467  0.000000 ) 
 (  0.016721  0.000000  0.187350  0.000000 -0.132279  0.000000 ) 
 ( -0.033764  0.000000 -0.202035  0.000000 -0.136180  0.000000 ) 
 ( -0.014874  0.000000 -0.275283  0.000000  0.189439  0.000000 ) 
 (  0.078320  0.000000 -0.063533  0.000000 -0.149483  0.000000 ) 
 (  0.167293  0.000000 -0.073827  0.000000  0.182333  0.000000 ) 
 (  0.075715  0.000000 -0.011283  0.000000 -0.016407  0.000000 ) 
 (  0.166089  0.000000  0.039258  0.000000 -0.105686  0.000000 ) 
 (  0.074628  0.000000  0.123630  0.000000  0.047968  0.000000 ) 
 (  0.219872  0.000000  0.241593  0.000000  0.114970  0.000000 ) 
 ( -0.143187  0.000000  0.093105  0.000000 -0.209086  0.000000 ) 
 ( -0.251548  0.000000  0.227490  0.000000  0.233739  0.000000 ) 
 (  0.003663  0.000000  0.117775  0.000000 -0.108478  0.000000 ) 
 (  0.062144  0.000000  0.006009  0.000000 -0.046021  0.000000 ) 
 ( -0.067361  0.000000 -0.174649  0.000000  0.221435  0.000000 ) 
 ( -0.091575  0.000000 -0.129102  0.000000 -0.198454  0.000000 ) 
     freq (   21) =       8.783716 [THz] =     292.993241 [cm-1]
 ( -0.007428  0.000000 -0.004579  0.000000 -0.000601  0.000000 ) 
 ( -0.000911  0.000000  0.000561 -0.000000  0.004903 -0.000000 ) 
 (  0.012982 -0.000000 -0.013126  0.000000 -0.020891  0.000000 ) 
 (  0.012780 -0.000000 -0.030660  0.000000  0.010979  0.000000 ) 
 ( -0.002399  0.000000  0.068842  0.000000 -0.042389  0.000000 ) 
 (  0.000758 -0.000000  0.074209 -0.000000  0.038483  0.000000 ) 
 (  0.017338 -0.000000  0.052686 -0.000000  0.118768 -0.000000 ) 
 (  0.013852  0.000000 -0.013281  0.000000 -0.109108  0.000000 ) 
 ( -0.016130  0.000000  0.271504 -0.000000  0.053369 -0.000000 ) 
 ( -0.012307  0.000000  0.266674 -0.000000 -0.025437  0.000000 ) 
 (  0.071183 -0.000000 -0.039056  0.000000 -0.322781  0.000000 ) 
 (  0.026951  0.000000 -0.035062  0.000000  0.275921  0.000000 ) 
 ( -0.186443  0.000000 -0.020835  0.000000 -0.227844  0.000000 ) 
 ( -0.174414  0.000000 -0.011750  0.000000  0.154458  0.000000 ) 
 (  0.184214 -0.000000  0.281111 -0.000000 -0.075564  0.000000 ) 
 (  0.135764  0.000000  0.249986  0.000000  0.072512 -0.000000 ) 
 (  0.217245 -0.000000 -0.159515  0.000000  0.021524 -0.000000 ) 
 (  0.178024  0.000000 -0.094416  0.000000 -0.003374  0.000000 ) 
 (  0.140335 -0.000000  0.180998  0.000000 -0.073169  0.000000 ) 
 (  0.132619 -0.000000  0.210200 -0.000000  0.073467 -0.000000 ) 
 (  0.048202 -0.000000  0.095144  0.000000  0.007769 -0.000000 ) 
 (  0.014744  0.000000  0.143095 -0.000000  0.010205 -0.000000 ) 
     freq (   22) =       8.783716 [THz] =     292.993241 [cm-1]
 ( -0.000911  0.000000 -0.000561  0.000000  0.004903  0.000000 ) 
 (  0.007428  0.000000 -0.004579  0.000000  0.000601  0.000000 ) 
 (  0.000758  0.000000 -0.074209  0.000000  0.038483  0.000000 ) 
 (  0.002399  0.000000  0.068842  0.000000  0.042389  0.000000 ) 
 (  0.012780  0.000000  0.030660  0.000000  0.010979  0.000000 ) 
 ( -0.012982  0.000000 -0.013126  0.000000  0.020891  0.000000 ) 
 ( -0.012307  0.000000 -0.266674  0.000000 -0.025437  0.000000 ) 
 (  0.016130  0.000000  0.271504  0.000000 -0.053369  0.000000 ) 
 (  0.013852  0.000000  0.013281  0.000000 -0.109108  0.000000 ) 
 ( -0.017338  0.000000  0.052686  0.000000 -0.118768  0.000000 ) 
 ( -0.174414  0.000000  0.011750  0.000000  0.154458  0.000000 ) 
 (  0.186443  0.000000 -0.020835  0.000000  0.227844  0.000000 ) 
 (  0.026951  0.000000  0.035062  0.000000  0.275921  0.000000 ) 
 ( -0.071183  0.000000 -0.039056  0.000000  0.322781  0.000000 ) 
 ( -0.178024  0.000000 -0.094416  0.000000  0.003374  0.000000 ) 
 (  0.217245  0.000000  0.159515  0.000000  0.021524  0.000000 ) 
 ( -0.135764  0.000000  0.249986  0.000000 -0.072512  0.000000 ) 
 (  0.184214  0.000000 -0.281111  0.000000 -0.075564  0.000000 ) 
 ( -0.014744  0.000000  0.143095  0.000000 -0.010205  0.000000 ) 
 (  0.048202  0.000000 -0.095144  0.000000  0.007769  0.000000 ) 
 ( -0.132619  0.000000  0.210200  0.000000 -0.073467  0.000000 ) 
 (  0.140335  0.000000 -0.180998  0.000000 -0.073169  0.000000 ) 
     freq (   23) =       8.849330 [THz] =     295.181879 [cm-1]
 ( -0.003599  0.000000 -0.001603  0.000000 -0.001262  0.000000 ) 
 ( -0.002232  0.000000  0.000994  0.000000  0.002034  0.000000 ) 
 ( -0.026505  0.000000  0.059777  0.000000  0.024605  0.000000 ) 
 ( -0.028294  0.000000  0.017120  0.000000  0.044271  0.000000 ) 
 (  0.015554  0.000000  0.058233  0.000000  0.049418  0.000000 ) 
 ( -0.018439  0.000000  0.010533  0.000000 -0.061617  0.000000 ) 
 ( -0.020501  0.000000  0.118573  0.000000 -0.020892  0.000000 ) 
 ( -0.031173  0.000000 -0.047525  0.000000 -0.099650  0.000000 ) 
 (  0.007425  0.000000  0.155919  0.000000 -0.072735  0.000000 ) 
 ( -0.024629  0.000000  0.111847  0.000000  0.121590  0.000000 ) 
 (  0.027543  0.000000  0.031267  0.000000  0.097127  0.000000 ) 
 ( -0.085848  0.000000  0.042803  0.000000  0.320734  0.000000 ) 
 ( -0.073315  0.000000  0.013675  0.000000  0.267462  0.000000 ) 
 ( -0.109482  0.000000 -0.032272  0.000000 -0.406168  0.000000 ) 
 (  0.013304  0.000000 -0.092557  0.000000 -0.006835  0.000000 ) 
 (  0.142459  0.000000  0.183436  0.000000  0.038025  0.000000 ) 
 ( -0.055794  0.000000  0.194276  0.000000 -0.011227  0.000000 ) 
 ( -0.152416  0.000000  0.250650  0.000000  0.039054  0.000000 ) 
 (  0.166944  0.000000  0.262202  0.000000 -0.040528  0.000000 ) 
 ( -0.104495  0.000000 -0.022773  0.000000  0.002381  0.000000 ) 
 (  0.238161  0.000000 -0.303964  0.000000  0.044056  0.000000 ) 
 (  0.199424  0.000000 -0.155443  0.000000 -0.017440  0.000000 ) 
     freq (   24) =       8.849330 [THz] =     295.181879 [cm-1]
 ( -0.002232  0.000000 -0.000994  0.000000  0.002034  0.000000 ) 
 (  0.003599  0.000000 -0.001603  0.000000  0.001262  0.000000 ) 
 ( -0.018439  0.000000 -0.010533  0.000000 -0.061617  0.000000 ) 
 ( -0.015554  0.000000  0.058233  0.000000 -0.049418  0.000000 ) 
 ( -0.028294  0.000000 -0.017120  0.000000  0.044271  0.000000 ) 
 (  0.026505  0.000000  0.059777  0.000000 -0.024605  0.000000 ) 
 ( -0.024629  0.000000 -0.111847  0.000000  0.121590  0.000000 ) 
 ( -0.007425  0.000000  0.155919  0.000000  0.072735  0.000000 ) 
 ( -0.031173  0.000000  0.047525  0.000000 -0.099650  0.000000 ) 
 (  0.020501  0.000000  0.118573  0.000000  0.020892  0.000000 ) 
 ( -0.109482  0.000000  0.032272  0.000000 -0.406168  0.000000 ) 
 (  0.073315  0.000000  0.013675  0.000000 -0.267462  0.000000 ) 
 ( -0.085848  0.000000 -0.042803  0.000000  0.320734  0.000000 ) 
 ( -0.027543  0.000000  0.031267  0.000000 -0.097127  0.000000 ) 
 (  0.152416  0.000000  0.250650  0.000000 -0.039054  0.000000 ) 
 ( -0.055794  0.000000 -0.194276  0.000000 -0.011227  0.000000 ) 
 ( -0.142459  0.000000  0.183436  0.000000 -0.038025  0.000000 ) 
 (  0.013304  0.000000  0.092557  0.000000 -0.006835  0.000000 ) 
 ( -0.199424  0.000000 -0.155443  0.000000  0.017440  0.000000 ) 
 (  0.238161  0.000000  0.303964  0.000000  0.044056  0.000000 ) 
 (  0.104495  0.000000 -0.022773  0.000000 -0.002381  0.000000 ) 
 (  0.166944  0.000000 -0.262202  0.000000 -0.040528  0.000000 ) 
     freq (   25) =       9.499771 [THz] =     316.878253 [cm-1]
 (  0.001655  0.000000 -0.000539  0.000000 -0.000080  0.000000 ) 
 ( -0.000114  0.000000 -0.000037  0.000000 -0.001164  0.000000 ) 
 ( -0.012282  0.000000  0.058771  0.000000  0.006016  0.000000 ) 
 ( -0.011520  0.000000  0.057439  0.000000 -0.011721  0.000000 ) 
 ( -0.006354  0.000000 -0.013674  0.000000  0.040801  0.000000 ) 
 ( -0.004715  0.000000 -0.005670  0.000000 -0.042023  0.000000 ) 
 (  0.018995  0.000000  0.446739  0.000000  0.001274  0.000000 ) 
 (  0.019659  0.000000  0.443809  0.000000  0.000477  0.000000 ) 
 ( -0.003489  0.000000 -0.051940  0.000000 -0.012735  0.000000 ) 
 ( -0.006152  0.000000  0.009401  0.000000  0.012680  0.000000 ) 
 (  0.341191  0.000000 -0.106960  0.000000  0.022111  0.000000 ) 
 (  0.340346  0.000000 -0.107508  0.000000 -0.017545  0.000000 ) 
 (  0.029605  0.000000  0.003411  0.000000 -0.034513  0.000000 ) 
 ( -0.017340  0.000000 -0.011362  0.000000  0.031781  0.000000 ) 
 (  0.233897  0.000000  0.070621  0.000000 -0.007742  0.000000 ) 
 (  0.228802  0.000000  0.082509  0.000000  0.020862  0.000000 ) 
 ( -0.052914  0.000000 -0.081020  0.000000  0.094257  0.000000 ) 
 ( -0.021044  0.000000 -0.091568  0.000000 -0.096227  0.000000 ) 
 ( -0.248682  0.000000 -0.090868  0.000000 -0.003335  0.000000 ) 
 ( -0.246814  0.000000 -0.101593  0.000000 -0.010010  0.000000 ) 
 (  0.030626  0.000000  0.071225  0.000000 -0.096639  0.000000 ) 
 ( -0.003504  0.000000  0.084481  0.000000  0.097099  0.000000 ) 
     freq (   26) =       9.499771 [THz] =     316.878253 [cm-1]
 (  0.000114  0.000000 -0.000037  0.000000  0.001164  0.000000 ) 
 (  0.001655  0.000000  0.000539  0.000000 -0.000080  0.000000 ) 
 (  0.004715  0.000000 -0.005670  0.000000  0.042023  0.000000 ) 
 ( -0.006354  0.000000  0.013674  0.000000  0.040801  0.000000 ) 
 (  0.011520  0.000000  0.057439  0.000000  0.011721  0.000000 ) 
 ( -0.012282  0.000000 -0.058771  0.000000  0.006016  0.000000 ) 
 (  0.006152  0.000000  0.009401  0.000000 -0.012680  0.000000 ) 
 ( -0.003489  0.000000  0.051940  0.000000 -0.012735  0.000000 ) 
 ( -0.019659  0.000000  0.443809  0.000000 -0.000477  0.000000 ) 
 (  0.018995  0.000000 -0.446739  0.000000  0.001274  0.000000 ) 
 (  0.017340  0.000000 -0.011362  0.000000 -0.031781  0.000000 ) 
 (  0.029605  0.000000 -0.003411  0.000000 -0.034513  0.000000 ) 
 ( -0.340346  0.000000 -0.107508  0.000000  0.017545  0.000000 ) 
 (  0.341191  0.000000  0.106960  0.000000  0.022111  0.000000 ) 
 ( -0.021044  0.000000  0.091568  0.000000 -0.096227  0.000000 ) 
 (  0.052914  0.000000 -0.081020  0.000000 -0.094257  0.000000 ) 
 (  0.228802  0.000000 -0.082509  0.000000  0.020862  0.000000 ) 
 ( -0.233897  0.000000  0.070621  0.000000  0.007742  0.000000 ) 
 ( -0.003504  0.000000 -0.084481  0.000000  0.097099  0.000000 ) 
 ( -0.030626  0.000000  0.071225  0.000000  0.096639  0.000000 ) 
 ( -0.246814  0.000000  0.101593  0.000000 -0.010010  0.000000 ) 
 (  0.248682  0.000000 -0.090868  0.000000  0.003335  0.000000 ) 
     freq (   27) =      11.943279 [THz] =     398.384921 [cm-1]
 (  0.000941  0.000000  0.002463  0.000000 -0.000958  0.000000 ) 
 (  0.000560  0.000000 -0.001466  0.000000  0.001609  0.000000 ) 
 (  0.002599  0.000000  0.000892  0.000000 -0.015552  0.000000 ) 
 ( -0.001333  0.000000 -0.000426  0.000000  0.015486  0.000000 ) 
 ( -0.003679  0.000000  0.001246  0.000000 -0.009294  0.000000 ) 
 ( -0.002926  0.000000  0.000969  0.000000 -0.009184  0.000000 ) 
 (  0.001852  0.000000 -0.014648  0.000000 -0.360454  0.000000 ) 
 ( -0.001473  0.000000  0.005297  0.000000  0.332884  0.000000 ) 
 ( -0.002906  0.000000 -0.019534  0.000000 -0.229546  0.000000 ) 
 ( -0.002680  0.000000 -0.013967  0.000000 -0.183237  0.000000 ) 
 ( -0.011315  0.000000  0.007188  0.000000 -0.078665  0.000000 ) 
 (  0.003707  0.000000 -0.002726  0.000000  0.074698  0.000000 ) 
 (  0.014881  0.000000  0.009654  0.000000 -0.048984  0.000000 ) 
 (  0.010351  0.000000  0.006998  0.000000 -0.042322  0.000000 ) 
 ( -0.276775  0.000000  0.164193  0.000000 -0.174504  0.000000 ) 
 ( -0.240527  0.000000  0.160438  0.000000  0.160268  0.000000 ) 
 ( -0.184432  0.000000 -0.099789  0.000000  0.111610  0.000000 ) 
 (  0.123548  0.000000  0.093482  0.000000  0.087699  0.000000 ) 
 ( -0.248644  0.000000  0.155840  0.000000 -0.160298  0.000000 ) 
 ( -0.255045  0.000000  0.175896  0.000000  0.174345  0.000000 ) 
 ( -0.144562  0.000000 -0.081906  0.000000  0.087819  0.000000 ) 
 (  0.155313  0.000000  0.115595  0.000000  0.111413  0.000000 ) 
     freq (   28) =      11.943279 [THz] =     398.384921 [cm-1]
 ( -0.000560  0.000000 -0.001466  0.000000 -0.001609  0.000000 ) 
 (  0.000941  0.000000 -0.002463  0.000000 -0.000958  0.000000 ) 
 (  0.002926  0.000000  0.000969  0.000000  0.009184  0.000000 ) 
 ( -0.003679  0.000000 -0.001246  0.000000 -0.009294  0.000000 ) 
 (  0.001333  0.000000 -0.000426  0.000000 -0.015486  0.000000 ) 
 (  0.002599  0.000000 -0.000892  0.000000 -0.015552  0.000000 ) 
 (  0.002680  0.000000 -0.013967  0.000000  0.183237  0.000000 ) 
 ( -0.002906  0.000000  0.019534  0.000000 -0.229546  0.000000 ) 
 (  0.001473  0.000000  0.005297  0.000000 -0.332884  0.000000 ) 
 (  0.001852  0.000000  0.014648  0.000000 -0.360454  0.000000 ) 
 ( -0.010351  0.000000  0.006998  0.000000  0.042322  0.000000 ) 
 (  0.014881  0.000000 -0.009654  0.000000 -0.048984  0.000000 ) 
 ( -0.003707  0.000000 -0.002726  0.000000 -0.074698  0.000000 ) 
 ( -0.011315  0.000000 -0.007188  0.000000 -0.078665  0.000000 ) 
 (  0.123548  0.000000 -0.093482  0.000000  0.087699  0.000000 ) 
 (  0.184432  0.000000 -0.099789  0.000000 -0.111610  0.000000 ) 
 ( -0.240527  0.000000 -0.160438  0.000000  0.160268  0.000000 ) 
 (  0.276775  0.000000  0.164193  0.000000  0.174504  0.000000 ) 
 (  0.155313  0.000000 -0.115595  0.000000  0.111413  0.000000 ) 
 (  0.144562  0.000000 -0.081906  0.000000 -0.087819  0.000000 ) 
 ( -0.255045  0.000000 -0.175896  0.000000  0.174345  0.000000 ) 
 (  0.248644  0.000000  0.155840  0.000000  0.160298  0.000000 ) 
     freq (   29) =      12.262001 [THz] =     409.016320 [cm-1]
 (  0.000059  0.000000 -0.000044  0.000000  0.000925  0.000000 ) 
 (  0.000479  0.000000  0.000356  0.000000 -0.000114  0.000000 ) 
 (  0.000946  0.000000 -0.004719  0.000000 -0.027381  0.000000 ) 
 ( -0.000597  0.000000  0.001594  0.000000 -0.028692  0.000000 ) 
 ( -0.001506  0.000000 -0.013018  0.000000  0.001829  0.000000 ) 
 (  0.001315  0.000000  0.012237  0.000000  0.008767  0.000000 ) 
 (  0.000728  0.000000 -0.006704  0.000000 -0.409254  0.000000 ) 
 ( -0.001283  0.000000 -0.010115  0.000000 -0.416553  0.000000 ) 
 (  0.002121  0.000000 -0.067758  0.000000 -0.021592  0.000000 ) 
 ( -0.002370  0.000000  0.068180  0.000000  0.080585  0.000000 ) 
 ( -0.001271  0.000000 -0.003646  0.000000 -0.076435  0.000000 ) 
 ( -0.010822  0.000000  0.006414  0.000000 -0.078630  0.000000 ) 
 (  0.048279  0.000000  0.010567  0.000000 -0.000721  0.000000 ) 
 ( -0.049461  0.000000 -0.011812  0.000000  0.018465  0.000000 ) 
 ( -0.302935  0.000000  0.172474  0.000000 -0.174467  0.000000 ) 
 (  0.299683  0.000000 -0.177676  0.000000 -0.176938  0.000000 ) 
 ( -0.050422  0.000000 -0.000640  0.000000  0.011755  0.000000 ) 
 ( -0.024139  0.000000 -0.042684  0.000000 -0.031724  0.000000 ) 
 (  0.310815  0.000000 -0.166750  0.000000  0.176192  0.000000 ) 
 ( -0.297912  0.000000  0.165903  0.000000  0.174369  0.000000 ) 
 (  0.089802  0.000000  0.024004  0.000000 -0.029051  0.000000 ) 
 ( -0.014485  0.000000  0.017155  0.000000  0.014324  0.000000 ) 
     freq (   30) =      12.262001 [THz] =     409.016320 [cm-1]
 (  0.000479  0.000000 -0.000356  0.000000 -0.000114  0.000000 ) 
 ( -0.000059  0.000000 -0.000044  0.000000 -0.000925  0.000000 ) 
 (  0.001315  0.000000 -0.012237  0.000000  0.008767  0.000000 ) 
 (  0.001506  0.000000 -0.013018  0.000000 -0.001829  0.000000 ) 
 ( -0.000597  0.000000 -0.001594  0.000000 -0.028692  0.000000 ) 
 ( -0.000946  0.000000 -0.004719  0.000000  0.027381  0.000000 ) 
 ( -0.002370  0.000000 -0.068180  0.000000  0.080585  0.000000 ) 
 ( -0.002121  0.000000 -0.067758  0.000000  0.021592  0.000000 ) 
 ( -0.001283  0.000000  0.010115  0.000000 -0.416553  0.000000 ) 
 ( -0.000728  0.000000 -0.006704  0.000000  0.409254  0.000000 ) 
 ( -0.049461  0.000000  0.011812  0.000000  0.018465  0.000000 ) 
 ( -0.048279  0.000000  0.010567  0.000000  0.000721  0.000000 ) 
 ( -0.010822  0.000000 -0.006414  0.000000 -0.078630  0.000000 ) 
 (  0.001271  0.000000 -0.003646  0.000000  0.076435  0.000000 ) 
 (  0.024139  0.000000 -0.042684  0.000000  0.031724  0.000000 ) 
 ( -0.050422  0.000000  0.000640  0.000000  0.011755  0.000000 ) 
 ( -0.299683  0.000000 -0.177676  0.000000  0.176938  0.000000 ) 
 ( -0.302935  0.000000 -0.172474  0.000000 -0.174467  0.000000 ) 
 (  0.014485  0.000000  0.017155  0.000000 -0.014324  0.000000 ) 
 (  0.089802  0.000000 -0.024004  0.000000 -0.029051  0.000000 ) 
 (  0.297912  0.000000  0.165903  0.000000 -0.174369  0.000000 ) 
 (  0.310815  0.000000  0.166750  0.000000  0.176192  0.000000 ) 
     freq (   31) =      30.484501 [THz] =    1016.853512 [cm-1]
 ( -0.000147  0.000000 -0.000185  0.000000 -0.000021  0.000000 ) 
 ( -0.000043  0.000000  0.000054  0.000000  0.000070  0.000000 ) 
 (  0.017876  0.000000  0.018125  0.000000  0.005464  0.000000 ) 
 ( -0.017508  0.000000 -0.018497  0.000000 -0.005461  0.000000 ) 
 ( -0.060219  0.000000  0.062214  0.000000  0.001613  0.000000 ) 
 ( -0.060111  0.000000  0.062324  0.000000  0.001600  0.000000 ) 
 (  0.002923  0.000000 -0.097613  0.000000 -0.018421  0.000000 ) 
 ( -0.003118  0.000000  0.097971  0.000000  0.017531  0.000000 ) 
 ( -0.010243  0.000000 -0.332499  0.000000 -0.006799  0.000000 ) 
 ( -0.010301  0.000000 -0.332604  0.000000 -0.003773  0.000000 ) 
 ( -0.044423  0.000000  0.037101  0.000000 -0.026062  0.000000 ) 
 (  0.043261  0.000000 -0.036612  0.000000  0.026334  0.000000 ) 
 (  0.149259  0.000000  0.125407  0.000000 -0.007241  0.000000 ) 
 (  0.148918  0.000000  0.125263  0.000000 -0.008167  0.000000 ) 
 (  0.091543  0.000000  0.061980  0.000000 -0.014468  0.000000 ) 
 ( -0.079862  0.000000 -0.085427  0.000000 -0.024626  0.000000 ) 
 (  0.293159  0.000000 -0.247188  0.000000  0.064979  0.000000 ) 
 (  0.289724  0.000000 -0.254083  0.000000 -0.067966  0.000000 ) 
 (  0.089719  0.000000  0.061810  0.000000 -0.015331  0.000000 ) 
 ( -0.080635  0.000000 -0.084863  0.000000 -0.023659  0.000000 ) 
 (  0.290990  0.000000 -0.245999  0.000000  0.065071  0.000000 ) 
 (  0.288319  0.000000 -0.252778  0.000000 -0.067520  0.000000 ) 
     freq (   32) =      30.484501 [THz] =    1016.853512 [cm-1]
 ( -0.000043  0.000000 -0.000054  0.000000  0.000070  0.000000 ) 
 (  0.000147  0.000000 -0.000185  0.000000  0.000021  0.000000 ) 
 ( -0.060111  0.000000 -0.062324  0.000000  0.001600  0.000000 ) 
 (  0.060219  0.000000  0.062214  0.000000 -0.001613  0.000000 ) 
 ( -0.017508  0.000000  0.018497  0.000000 -0.005461  0.000000 ) 
 ( -0.017876  0.000000  0.018125  0.000000 -0.005464  0.000000 ) 
 ( -0.010301  0.000000  0.332604  0.000000 -0.003773  0.000000 ) 
 (  0.010243  0.000000 -0.332499  0.000000  0.006799  0.000000 ) 
 ( -0.003118  0.000000 -0.097971  0.000000  0.017531  0.000000 ) 
 ( -0.002923  0.000000 -0.097613  0.000000  0.018421  0.000000 ) 
 (  0.148918  0.000000 -0.125263  0.000000 -0.008167  0.000000 ) 
 ( -0.149259  0.000000  0.125407  0.000000  0.007241  0.000000 ) 
 (  0.043261  0.000000  0.036612  0.000000  0.026334  0.000000 ) 
 (  0.044423  0.000000  0.037101  0.000000  0.026062  0.000000 ) 
 ( -0.289724  0.000000 -0.254083  0.000000  0.067966  0.000000 ) 
 (  0.293159  0.000000  0.247188  0.000000  0.064979  0.000000 ) 
 (  0.079862  0.000000 -0.085427  0.000000  0.024626  0.000000 ) 
 (  0.091543  0.000000 -0.061980  0.000000 -0.014468  0.000000 ) 
 ( -0.288319  0.000000 -0.252778  0.000000  0.067520  0.000000 ) 
 (  0.290990  0.000000  0.245999  0.000000  0.065071  0.000000 ) 
 (  0.080635  0.000000 -0.084863  0.000000  0.023659  0.000000 ) 
 (  0.089719  0.000000 -0.061810  0.000000 -0.015331  0.000000 ) 
     freq (   33) =      30.705918 [THz] =    1024.239160 [cm-1]
 ( -0.000040  0.000000  0.000021 -0.000000 -0.000038  0.000000 ) 
 ( -0.000055  0.000000 -0.000029  0.000000  0.000027 -0.000000 ) 
 (  0.033189 -0.000000  0.040912 -0.000000 -0.004539  0.000000 ) 
 (  0.034128 -0.000000  0.039734 -0.000000 -0.003716  0.000000 ) 
 ( -0.046535  0.000000  0.056577 -0.000000 -0.003537  0.000000 ) 
 (  0.047209 -0.000000 -0.055731  0.000000  0.002391 -0.000000 ) 
 (  0.003145 -0.000000 -0.215361  0.000000  0.012215 -0.000000 ) 
 (  0.004897 -0.000000 -0.211996  0.000000  0.011547 -0.000000 ) 
 ( -0.004970  0.000000 -0.298774  0.000000  0.008997 -0.000000 ) 
 (  0.006228 -0.000000  0.296358 -0.000000 -0.008066  0.000000 ) 
 ( -0.074308  0.000000  0.070460 -0.000000  0.022396 -0.000000 ) 
 ( -0.079989  0.000000  0.072360 -0.000000  0.018964 -0.000000 ) 
 (  0.105396 -0.000000  0.098763 -0.000000  0.017239 -0.000000 ) 
 ( -0.109475  0.000000 -0.100127  0.000000 -0.012461  0.000000 ) 
 (  0.166213 -0.000000  0.166933 -0.000000 -0.052874  0.000000 ) 
 (  0.171301 -0.000000  0.147461 -0.000000  0.042606 -0.000000 ) 
 (  0.233182 -0.000000 -0.225901  0.000000  0.070169 -0.000000 ) 
 ( -0.236835  0.000000  0.211919 -0.000000  0.062796 -0.000000 ) 
 ( -0.168604  0.000000 -0.163291  0.000000  0.050033 -0.000000 ) 
 ( -0.167664  0.000000 -0.147872  0.000000 -0.045235  0.000000 ) 
 ( -0.234478  0.000000  0.222196 -0.000000 -0.068057  0.000000 ) 
 (  0.233804 -0.000000 -0.211124  0.000000 -0.064611  0.000000 ) 
     freq (   34) =      30.705918 [THz] =    1024.239160 [cm-1]
 ( -0.000055  0.000000  0.000029  0.000000  0.000027  0.000000 ) 
 (  0.000040  0.000000  0.000021  0.000000  0.000038  0.000000 ) 
 (  0.047209  0.000000  0.055731  0.000000  0.002391  0.000000 ) 
 (  0.046535  0.000000  0.056577  0.000000  0.003537  0.000000 ) 
 (  0.034128  0.000000 -0.039734  0.000000 -0.003716  0.000000 ) 
 ( -0.033189  0.000000  0.040912  0.000000  0.004539  0.000000 ) 
 (  0.006228  0.000000 -0.296358  0.000000 -0.008066  0.000000 ) 
 (  0.004970  0.000000 -0.298774  0.000000 -0.008997  0.000000 ) 
 (  0.004897  0.000000  0.211996  0.000000  0.011547  0.000000 ) 
 ( -0.003145  0.000000 -0.215361  0.000000 -0.012215  0.000000 ) 
 ( -0.109475  0.000000  0.100127  0.000000 -0.012461  0.000000 ) 
 ( -0.105396  0.000000  0.098763  0.000000 -0.017239  0.000000 ) 
 ( -0.079989  0.000000 -0.072360  0.000000  0.018964  0.000000 ) 
 (  0.074308  0.000000  0.070460  0.000000 -0.022396  0.000000 ) 
 (  0.236835  0.000000  0.211919  0.000000 -0.062796  0.000000 ) 
 (  0.233182  0.000000  0.225901  0.000000  0.070169  0.000000 ) 
 ( -0.171301  0.000000  0.147461  0.000000 -0.042606  0.000000 ) 
 (  0.166213  0.000000 -0.166933  0.000000 -0.052874  0.000000 ) 
 ( -0.233804  0.000000 -0.211124  0.000000  0.064611  0.000000 ) 
 ( -0.234478  0.000000 -0.222196  0.000000 -0.068057  0.000000 ) 
 (  0.167664  0.000000 -0.147872  0.000000  0.045235  0.000000 ) 
 ( -0.168604  0.000000  0.163291  0.000000  0.050033  0.000000 ) 
     freq (   35) =      31.834432 [THz] =    1061.882351 [cm-1]
 (  0.000056 -0.000000 -0.000025  0.000000  0.000029 -0.000000 ) 
 (  0.000020 -0.000000  0.000009 -0.000000 -0.000082  0.000000 ) 
 (  0.068608 -0.000000 -0.063445  0.000000  0.000922 -0.000000 ) 
 (  0.062700 -0.000000 -0.057318  0.000000  0.002278 -0.000000 ) 
 ( -0.031388  0.000000 -0.029860  0.000000  0.004345 -0.000000 ) 
 (  0.014471 -0.000000  0.012316 -0.000000 -0.004819  0.000000 ) 
 (  0.069312 -0.000000  0.283423 -0.000000  0.003086  0.000000 ) 
 (  0.062908 -0.000000  0.255570 -0.000000 -0.007673  0.000000 ) 
 ( -0.032257  0.000000  0.133997 -0.000000 -0.004688  0.000000 ) 
 (  0.013921 -0.000000 -0.054246  0.000000  0.008446 -0.000000 ) 
 ( -0.412370  0.000000  0.174523 -0.000000 -0.007919  0.000000 ) 
 ( -0.375993  0.000000  0.159507 -0.000000 -0.009238  0.000000 ) 
 (  0.189746 -0.000000  0.079827 -0.000000 -0.024331  0.000000 ) 
 ( -0.085588  0.000000 -0.036832  0.000000  0.024792 -0.000000 ) 
 (  0.209975 -0.000000 -0.118516  0.000000  0.183370 -0.000000 ) 
 (  0.193463 -0.000000 -0.097321  0.000000 -0.163863  0.000000 ) 
 (  0.094090 -0.000000  0.068035 -0.000000 -0.088562  0.000000 ) 
 ( -0.046810  0.000000 -0.007346  0.000000 -0.032709  0.000000 ) 
 ( -0.198269  0.000000  0.106262 -0.000000 -0.167698  0.000000 ) 
 ( -0.217237  0.000000  0.110497 -0.000000  0.183305 -0.000000 ) 
 ( -0.045402  0.000000 -0.031788  0.000000  0.038950 -0.000000 ) 
 (  0.099713 -0.000000  0.043914 -0.000000  0.083637 -0.000000 ) 
     freq (   36) =      31.834432 [THz] =    1061.882351 [cm-1]
 (  0.000020  0.000000 -0.000009  0.000000 -0.000082  0.000000 ) 
 ( -0.000056  0.000000 -0.000025  0.000000 -0.000029  0.000000 ) 
 (  0.014471  0.000000 -0.012316  0.000000 -0.004819  0.000000 ) 
 (  0.031388  0.000000 -0.029860  0.000000 -0.004345  0.000000 ) 
 (  0.062700  0.000000  0.057318  0.000000  0.002278  0.000000 ) 
 ( -0.068608  0.000000 -0.063445  0.000000 -0.000922  0.000000 ) 
 (  0.013921  0.000000  0.054246  0.000000  0.008446  0.000000 ) 
 (  0.032257  0.000000  0.133997  0.000000  0.004688  0.000000 ) 
 (  0.062908  0.000000 -0.255570  0.000000 -0.007673  0.000000 ) 
 ( -0.069312  0.000000  0.283423  0.000000 -0.003086  0.000000 ) 
 ( -0.085588  0.000000  0.036832  0.000000  0.024792  0.000000 ) 
 ( -0.189746  0.000000  0.079827  0.000000  0.024331  0.000000 ) 
 ( -0.375993  0.000000 -0.159507  0.000000 -0.009238  0.000000 ) 
 (  0.412370  0.000000  0.174523  0.000000  0.007919  0.000000 ) 
 (  0.046810  0.000000 -0.007346  0.000000  0.032709  0.000000 ) 
 (  0.094090  0.000000 -0.068035  0.000000 -0.088562  0.000000 ) 
 ( -0.193463  0.000000 -0.097321  0.000000  0.163863  0.000000 ) 
 (  0.209975  0.000000  0.118516  0.000000  0.183370  0.000000 ) 
 ( -0.099713  0.000000  0.043914  0.000000 -0.083637  0.000000 ) 
 ( -0.045402  0.000000  0.031788  0.000000  0.038950  0.000000 ) 
 (  0.217237  0.000000  0.110497  0.000000 -0.183305  0.000000 ) 
 ( -0.198269  0.000000 -0.106262  0.000000 -0.167698  0.000000 ) 
     freq (   37) =      31.934306 [THz] =    1065.213773 [cm-1]
 ( -0.000047  0.000000  0.000026  0.000000 -0.000018  0.000000 ) 
 (  0.000002  0.000000  0.000001  0.000000 -0.000416  0.000000 ) 
 ( -0.011828  0.000000  0.011622  0.000000 -0.016028  0.000000 ) 
 ( -0.006193  0.000000  0.005955  0.000000  0.016348  0.000000 ) 
 ( -0.064805  0.000000 -0.065158  0.000000 -0.002960  0.000000 ) 
 ( -0.064017  0.000000 -0.064389  0.000000  0.004376  0.000000 ) 
 ( -0.012331  0.000000 -0.053806  0.000000  0.069628  0.000000 ) 
 ( -0.006398  0.000000 -0.027399  0.000000 -0.070750  0.000000 ) 
 ( -0.068221  0.000000  0.303610  0.000000  0.009756  0.000000 ) 
 ( -0.067402  0.000000  0.300057  0.000000 -0.015897  0.000000 ) 
 (  0.072299  0.000000 -0.030128  0.000000  0.066397  0.000000 ) 
 (  0.037009  0.000000 -0.015412  0.000000 -0.067904  0.000000 ) 
 (  0.405750  0.000000  0.169208  0.000000  0.014283  0.000000 ) 
 (  0.400969  0.000000  0.167216  0.000000 -0.020157  0.000000 ) 
 ( -0.059291  0.000000  0.053444  0.000000 -0.049499  0.000000 ) 
 ( -0.042251  0.000000  0.042807  0.000000  0.033478  0.000000 ) 
 (  0.196990  0.000000  0.123684  0.000000 -0.184933  0.000000 ) 
 (  0.192548  0.000000  0.119474  0.000000  0.181304  0.000000 ) 
 ( -0.003754  0.000000  0.018229  0.000000  0.001398  0.000000 ) 
 (  0.013823  0.000000  0.006167  0.000000 -0.017982  0.000000 ) 
 (  0.200692  0.000000  0.138398  0.000000 -0.189123  0.000000 ) 
 (  0.201132  0.000000  0.137331  0.000000  0.189971  0.000000 ) 
     freq (   38) =      31.934306 [THz] =    1065.213773 [cm-1]
 ( -0.000002  0.000000  0.000001  0.000000  0.000416  0.000000 ) 
 ( -0.000047  0.000000 -0.000026  0.000000 -0.000018  0.000000 ) 
 (  0.064017  0.000000 -0.064389  0.000000 -0.004376  0.000000 ) 
 ( -0.064805  0.000000  0.065158  0.000000 -0.002960  0.000000 ) 
 (  0.006193  0.000000  0.005955  0.000000 -0.016348  0.000000 ) 
 ( -0.011828  0.000000 -0.011622  0.000000 -0.016028  0.000000 ) 
 (  0.067402  0.000000  0.300057  0.000000  0.015897  0.000000 ) 
 ( -0.068221  0.000000 -0.303610  0.000000  0.009756  0.000000 ) 
 (  0.006398  0.000000 -0.027399  0.000000  0.070750  0.000000 ) 
 ( -0.012331  0.000000  0.053806  0.000000  0.069628  0.000000 ) 
 ( -0.400969  0.000000  0.167216  0.000000  0.020157  0.000000 ) 
 (  0.405750  0.000000 -0.169208  0.000000  0.014283  0.000000 ) 
 ( -0.037009  0.000000 -0.015412  0.000000  0.067904  0.000000 ) 
 (  0.072299  0.000000  0.030128  0.000000  0.066397  0.000000 ) 
 (  0.192548  0.000000 -0.119474  0.000000  0.181304  0.000000 ) 
 ( -0.196990  0.000000  0.123684  0.000000  0.184933  0.000000 ) 
 ( -0.042251  0.000000 -0.042807  0.000000  0.033478  0.000000 ) 
 (  0.059291  0.000000  0.053444  0.000000  0.049499  0.000000 ) 
 (  0.201132  0.000000 -0.137331  0.000000  0.189971  0.000000 ) 
 ( -0.200692  0.000000  0.138398  0.000000  0.189123  0.000000 ) 
 (  0.013823  0.000000 -0.006167  0.000000 -0.017982  0.000000 ) 
 (  0.003754  0.000000  0.018229  0.000000 -0.001398  0.000000 ) 
     freq (   39) =      32.648694 [THz] =    1089.043212 [cm-1]
 ( -0.000042  0.000000  0.000153  0.000000  0.000797  0.000000 ) 
 (  0.000151  0.000000  0.000548  0.000000  0.000223  0.000000 ) 
 (  0.006756  0.000000 -0.013293  0.000000 -0.020498  0.000000 ) 
 ( -0.006435  0.000000  0.012454  0.000000  0.027071  0.000000 ) 
 (  0.002417  0.000000  0.005097  0.000000  0.084269  0.000000 ) 
 (  0.001266  0.000000  0.002091  0.000000  0.086105  0.000000 ) 
 (  0.010601  0.000000  0.070000  0.000000  0.088356  0.000000 ) 
 ( -0.010010  0.000000 -0.066342  0.000000 -0.112342  0.000000 ) 
 (  0.003935  0.000000 -0.025585  0.000000 -0.356066  0.000000 ) 
 (  0.001819  0.000000 -0.012482  0.000000 -0.362763  0.000000 ) 
 ( -0.059844  0.000000  0.021125  0.000000  0.105222  0.000000 ) 
 (  0.057424  0.000000 -0.020434  0.000000 -0.143289  0.000000 ) 
 ( -0.020704  0.000000 -0.007039  0.000000 -0.439727  0.000000 ) 
 ( -0.012038  0.000000 -0.004564  0.000000 -0.450355  0.000000 ) 
 ( -0.009899  0.000000  0.010995  0.000000  0.013668  0.000000 ) 
 ( -0.041653  0.000000  0.098078  0.000000  0.061201  0.000000 ) 
 (  0.087887  0.000000  0.183174  0.000000 -0.074672  0.000000 ) 
 ( -0.096753  0.000000 -0.207488  0.000000 -0.095576  0.000000 ) 
 ( -0.016577  0.000000  0.031920  0.000000  0.003348  0.000000 ) 
 ( -0.037891  0.000000  0.082922  0.000000  0.056293  0.000000 ) 
 (  0.094568  0.000000  0.198543  0.000000 -0.086491  0.000000 ) 
 ( -0.100518  0.000000 -0.212783  0.000000 -0.103142  0.000000 ) 
     freq (   40) =      32.648694 [THz] =    1089.043212 [cm-1]
 ( -0.000151  0.000000  0.000548  0.000000 -0.000223  0.000000 ) 
 ( -0.000042  0.000000 -0.000153  0.000000  0.000797  0.000000 ) 
 ( -0.001266  0.000000  0.002091  0.000000 -0.086105  0.000000 ) 
 (  0.002417  0.000000 -0.005097  0.000000  0.084269  0.000000 ) 
 (  0.006435  0.000000  0.012454  0.000000 -0.027071  0.000000 ) 
 (  0.006756  0.000000  0.013293  0.000000 -0.020498  0.000000 ) 
 ( -0.001819  0.000000 -0.012482  0.000000  0.362763  0.000000 ) 
 (  0.003935  0.000000  0.025585  0.000000 -0.356066  0.000000 ) 
 (  0.010010  0.000000 -0.066342  0.000000  0.112342  0.000000 ) 
 (  0.010601  0.000000 -0.070000  0.000000  0.088356  0.000000 ) 
 (  0.012038  0.000000 -0.004564  0.000000  0.450355  0.000000 ) 
 ( -0.020704  0.000000  0.007039  0.000000 -0.439727  0.000000 ) 
 ( -0.057424  0.000000 -0.020434  0.000000  0.143289  0.000000 ) 
 ( -0.059844  0.000000 -0.021125  0.000000  0.105222  0.000000 ) 
 ( -0.096753  0.000000  0.207488  0.000000 -0.095576  0.000000 ) 
 ( -0.087887  0.000000  0.183174  0.000000  0.074672  0.000000 ) 
 ( -0.041653  0.000000 -0.098078  0.000000  0.061201  0.000000 ) 
 (  0.009899  0.000000  0.010995  0.000000 -0.013668  0.000000 ) 
 ( -0.100518  0.000000  0.212783  0.000000 -0.103142  0.000000 ) 
 ( -0.094568  0.000000  0.198543  0.000000  0.086491  0.000000 ) 
 ( -0.037891  0.000000 -0.082922  0.000000  0.056293  0.000000 ) 
 (  0.016577  0.000000  0.031920  0.000000 -0.003348  0.000000 ) 
     freq (   41) =      32.675300 [THz] =    1089.930673 [cm-1]
 ( -0.000007  0.000000 -0.000029  0.000000  0.000003  0.000000 ) 
 ( -0.000001  0.000000  0.000002  0.000000 -0.000036  0.000000 ) 
 ( -0.000072  0.000000 -0.004637  0.000000 -0.003013  0.000000 ) 
 (  0.000158  0.000000 -0.004862  0.000000 -0.010903  0.000000 ) 
 (  0.001449  0.000000  0.001037  0.000000 -0.087293  0.000000 ) 
 (  0.001456  0.000000  0.001791  0.000000  0.087920  0.000000 ) 
 (  0.000375  0.000000  0.035889  0.000000  0.014480  0.000000 ) 
 (  0.000678  0.000000  0.036876  0.000000  0.044341  0.000000 ) 
 (  0.001869  0.000000 -0.003321  0.000000  0.369111  0.000000 ) 
 (  0.001953  0.000000 -0.009100  0.000000 -0.371483  0.000000 ) 
 ( -0.016333  0.000000  0.004440  0.000000  0.015139  0.000000 ) 
 ( -0.017960  0.000000  0.005027  0.000000  0.059641  0.000000 ) 
 ( -0.008882  0.000000 -0.003322  0.000000  0.469002  0.000000 ) 
 ( -0.011606  0.000000 -0.004074  0.000000 -0.472536  0.000000 ) 
 ( -0.011328  0.000000 -0.009189  0.000000  0.007650  0.000000 ) 
 (  0.004478  0.000000 -0.043442  0.000000 -0.023488  0.000000 ) 
 ( -0.099777  0.000000 -0.213546  0.000000  0.098468  0.000000 ) 
 ( -0.099233  0.000000 -0.217727  0.000000 -0.100941  0.000000 ) 
 (  0.015435  0.000000 -0.010900  0.000000  0.000002  0.000000 ) 
 (  0.001353  0.000000  0.022469  0.000000  0.014601  0.000000 ) 
 (  0.089318  0.000000  0.209613  0.000000 -0.091352  0.000000 ) 
 (  0.087985  0.000000  0.210532  0.000000  0.092511  0.000000 ) 
     freq (   42) =      32.675300 [THz] =    1089.930673 [cm-1]
 (  0.000001  0.000000  0.000002  0.000000  0.000036  0.000000 ) 
 ( -0.000007  0.000000  0.000029  0.000000  0.000003  0.000000 ) 
 ( -0.001456  0.000000  0.001791  0.000000 -0.087920  0.000000 ) 
 (  0.001449  0.000000 -0.001037  0.000000 -0.087293  0.000000 ) 
 ( -0.000158  0.000000 -0.004862  0.000000  0.010903  0.000000 ) 
 ( -0.000072  0.000000  0.004637  0.000000 -0.003013  0.000000 ) 
 ( -0.001953  0.000000 -0.009100  0.000000  0.371483  0.000000 ) 
 (  0.001869  0.000000  0.003321  0.000000  0.369111  0.000000 ) 
 ( -0.000678  0.000000  0.036876  0.000000 -0.044341  0.000000 ) 
 (  0.000375  0.000000 -0.035889  0.000000  0.014480  0.000000 ) 
 (  0.011606  0.000000 -0.004074  0.000000  0.472536  0.000000 ) 
 ( -0.008882  0.000000  0.003322  0.000000  0.469002  0.000000 ) 
 (  0.017960  0.000000  0.005027  0.000000 -0.059641  0.000000 ) 
 ( -0.016333  0.000000 -0.004440  0.000000  0.015139  0.000000 ) 
 ( -0.099233  0.000000  0.217727  0.000000 -0.100941  0.000000 ) 
 (  0.099777  0.000000 -0.213546  0.000000 -0.098468  0.000000 ) 
 (  0.004478  0.000000  0.043442  0.000000 -0.023488  0.000000 ) 
 (  0.011328  0.000000 -0.009189  0.000000 -0.007650  0.000000 ) 
 (  0.087985  0.000000 -0.210532  0.000000  0.092511  0.000000 ) 
 ( -0.089318  0.000000  0.209613  0.000000  0.091352  0.000000 ) 
 (  0.001353  0.000000 -0.022469  0.000000  0.014601  0.000000 ) 
 ( -0.015435  0.000000 -0.010900  0.000000 -0.000002  0.000000 ) 
     freq (   43) =      35.835776 [THz] =    1195.352830 [cm-1]
 (  0.000028  0.000000 -0.000008  0.000000 -0.000028  0.000000 ) 
 ( -0.000050  0.000000 -0.000015  0.000000 -0.000016  0.000000 ) 
 ( -0.000753  0.000000  0.001038  0.000000  0.005570  0.000000 ) 
 ( -0.000607  0.000000  0.001153  0.000000  0.005515  0.000000 ) 
 ( -0.001258  0.000000 -0.001929  0.000000 -0.003147  0.000000 ) 
 (  0.001177  0.000000  0.001993  0.000000  0.003048  0.000000 ) 
 (  0.000460  0.000000  0.014462  0.000000 -0.358937  0.000000 ) 
 ( -0.001227  0.000000  0.010450  0.000000 -0.351972  0.000000 ) 
 ( -0.000215  0.000000 -0.023411  0.000000  0.204861  0.000000 ) 
 (  0.001157  0.000000  0.021169  0.000000 -0.192396  0.000000 ) 
 ( -0.010424  0.000000  0.004917  0.000000  0.298352  0.000000 ) 
 ( -0.009512  0.000000  0.005439  0.000000  0.288743  0.000000 ) 
 ( -0.018093  0.000000 -0.009121  0.000000 -0.172632  0.000000 ) 
 (  0.017584  0.000000  0.009412  0.000000  0.155437  0.000000 ) 
 (  0.254417  0.000000  0.132580  0.000000 -0.000729  0.000000 ) 
 ( -0.267378  0.000000 -0.100016  0.000000  0.025187  0.000000 ) 
 ( -0.134192  0.000000  0.094125  0.000000 -0.016355  0.000000 ) 
 ( -0.157387  0.000000  0.035850  0.000000 -0.030023  0.000000 ) 
 ( -0.249117  0.000000 -0.130806  0.000000  0.000194  0.000000 ) 
 (  0.274309  0.000000  0.106037  0.000000 -0.025133  0.000000 ) 
 (  0.123704  0.000000 -0.088337  0.000000  0.015694  0.000000 ) 
 (  0.168787  0.000000 -0.044012  0.000000  0.029630  0.000000 ) 
     freq (   44) =      35.835776 [THz] =    1195.352830 [cm-1]
 ( -0.000050  0.000000  0.000015  0.000000 -0.000016  0.000000 ) 
 ( -0.000028  0.000000 -0.000008  0.000000  0.000028  0.000000 ) 
 (  0.001177  0.000000 -0.001993  0.000000  0.003048  0.000000 ) 
 (  0.001258  0.000000 -0.001929  0.000000  0.003147  0.000000 ) 
 ( -0.000607  0.000000 -0.001153  0.000000  0.005515  0.000000 ) 
 (  0.000753  0.000000  0.001038  0.000000 -0.005570  0.000000 ) 
 (  0.001157  0.000000 -0.021169  0.000000 -0.192396  0.000000 ) 
 (  0.000215  0.000000 -0.023411  0.000000 -0.204861  0.000000 ) 
 ( -0.001227  0.000000 -0.010450  0.000000 -0.351972  0.000000 ) 
 ( -0.000460  0.000000  0.014462  0.000000  0.358937  0.000000 ) 
 (  0.017584  0.000000 -0.009412  0.000000  0.155437  0.000000 ) 
 (  0.018093  0.000000 -0.009121  0.000000  0.172632  0.000000 ) 
 ( -0.009512  0.000000 -0.005439  0.000000  0.288743  0.000000 ) 
 (  0.010424  0.000000  0.004917  0.000000 -0.298352  0.000000 ) 
 (  0.157387  0.000000  0.035850  0.000000  0.030023  0.000000 ) 
 ( -0.134192  0.000000 -0.094125  0.000000 -0.016355  0.000000 ) 
 (  0.267378  0.000000 -0.100016  0.000000 -0.025187  0.000000 ) 
 (  0.254417  0.000000 -0.132580  0.000000 -0.000729  0.000000 ) 
 ( -0.168787  0.000000 -0.044012  0.000000 -0.029630  0.000000 ) 
 (  0.123704  0.000000  0.088337  0.000000  0.015694  0.000000 ) 
 ( -0.274309  0.000000  0.106037  0.000000  0.025133  0.000000 ) 
 ( -0.249117  0.000000  0.130806  0.000000  0.000194  0.000000 ) 
     freq (   45) =      35.877473 [THz] =    1196.743692 [cm-1]
 (  0.000196  0.000000  0.000152  0.000000  0.000195  0.000000 ) 
 (  0.000514  0.000000 -0.000397  0.000000 -0.000075  0.000000 ) 
 (  0.001260  0.000000 -0.001333  0.000000  0.001824  0.000000 ) 
 ( -0.001006  0.000000  0.001064  0.000000 -0.002035  0.000000 ) 
 ( -0.000765  0.000000 -0.000811  0.000000  0.005003  0.000000 ) 
 ( -0.000102  0.000000 -0.000106  0.000000  0.005084  0.000000 ) 
 (  0.002784  0.000000 -0.006122  0.000000 -0.148650  0.000000 ) 
 ( -0.002642  0.000000  0.001366  0.000000  0.137741  0.000000 ) 
 ( -0.001223  0.000000 -0.007649  0.000000 -0.376411  0.000000 ) 
 ( -0.000853  0.000000  0.004784  0.000000 -0.372238  0.000000 ) 
 (  0.000228  0.000000 -0.000191  0.000000  0.132146  0.000000 ) 
 (  0.004211  0.000000 -0.002396  0.000000 -0.114919  0.000000 ) 
 ( -0.005040  0.000000 -0.002959  0.000000  0.326220  0.000000 ) 
 (  0.006563  0.000000  0.003803  0.000000  0.319630  0.000000 ) 
 (  0.123329  0.000000  0.041248  0.000000  0.016008  0.000000 ) 
 (  0.094872  0.000000  0.051738  0.000000  0.001628  0.000000 ) 
 (  0.290641  0.000000 -0.119531  0.000000 -0.022168  0.000000 ) 
 ( -0.279755  0.000000  0.123544  0.000000 -0.015422  0.000000 ) 
 (  0.109308  0.000000  0.040643  0.000000  0.011801  0.000000 ) 
 (  0.100655  0.000000  0.065238  0.000000  0.007607  0.000000 ) 
 (  0.276085  0.000000 -0.133688  0.000000 -0.009195  0.000000 ) 
 ( -0.272775  0.000000  0.143096  0.000000 -0.001771  0.000000 ) 
     freq (   46) =      35.877473 [THz] =    1196.743692 [cm-1]
 (  0.000514  0.000000  0.000397  0.000000 -0.000075  0.000000 ) 
 ( -0.000196  0.000000  0.000152  0.000000 -0.000195  0.000000 ) 
 ( -0.000102  0.000000  0.000106  0.000000  0.005084  0.000000 ) 
 (  0.000765  0.000000 -0.000811  0.000000 -0.005003  0.000000 ) 
 ( -0.001006  0.000000 -0.001064  0.000000 -0.002035  0.000000 ) 
 ( -0.001260  0.000000 -0.001333  0.000000 -0.001824  0.000000 ) 
 ( -0.000853  0.000000 -0.004784  0.000000 -0.372238  0.000000 ) 
 (  0.001223  0.000000 -0.007649  0.000000  0.376411  0.000000 ) 
 ( -0.002642  0.000000 -0.001366  0.000000  0.137741  0.000000 ) 
 ( -0.002784  0.000000 -0.006122  0.000000  0.148650  0.000000 ) 
 (  0.006563  0.000000 -0.003803  0.000000  0.319630  0.000000 ) 
 (  0.005040  0.000000 -0.002959  0.000000 -0.326220  0.000000 ) 
 (  0.004211  0.000000  0.002396  0.000000 -0.114919  0.000000 ) 
 ( -0.000228  0.000000 -0.000191  0.000000 -0.132146  0.000000 ) 
 (  0.279755  0.000000  0.123544  0.000000  0.015422  0.000000 ) 
 (  0.290641  0.000000  0.119531  0.000000 -0.022168  0.000000 ) 
 ( -0.094872  0.000000  0.051738  0.000000 -0.001628  0.000000 ) 
 (  0.123329  0.000000 -0.041248  0.000000  0.016008  0.000000 ) 
 (  0.272775  0.000000  0.143096  0.000000  0.001771  0.000000 ) 
 (  0.276085  0.000000  0.133688  0.000000 -0.009195  0.000000 ) 
 ( -0.100655  0.000000  0.065238  0.000000 -0.007607  0.000000 ) 
 (  0.109308  0.000000 -0.040643  0.000000  0.011801  0.000000 ) 
     freq (   47) =      36.197151 [THz] =    1207.407000 [cm-1]
 (  0.000002 -0.000000 -0.000001  0.000000 -0.000062  0.000000 ) 
 ( -0.000068  0.000000 -0.000016  0.000000 -0.000002  0.000000 ) 
 ( -0.000279  0.000000  0.000247 -0.000000 -0.001087  0.000000 ) 
 ( -0.000168  0.000000  0.000009  0.000000 -0.001093  0.000000 ) 
 ( -0.006713  0.000000 -0.003834  0.000000 -0.000046  0.000000 ) 
 (  0.006709 -0.000000  0.003826 -0.000000 -0.000119  0.000000 ) 
 (  0.000160 -0.000000  0.011374 -0.000000  0.045245 -0.000000 ) 
 (  0.001024  0.000000  0.010083  0.000000  0.045831 -0.000000 ) 
 (  0.017769 -0.000000 -0.322224  0.000000  0.007271 -0.000000 ) 
 ( -0.017798  0.000000  0.322181 -0.000000  0.010304 -0.000000 ) 
 ( -0.009511  0.000000  0.004890 -0.000000 -0.028951  0.000000 ) 
 ( -0.008604  0.000000  0.003782  0.000000 -0.029709  0.000000 ) 
 ( -0.272038  0.000000 -0.130239  0.000000 -0.010416  0.000000 ) 
 (  0.272008 -0.000000  0.130202 -0.000000 -0.012369  0.000000 ) 
 ( -0.035927  0.000000 -0.003016  0.000000 -0.009416  0.000000 ) 
 (  0.024126 -0.000000  0.020400  0.000000  0.005417  0.000000 ) 
 (  0.178209 -0.000000  0.260651 -0.000000 -0.222803  0.000000 ) 
 ( -0.176210  0.000000 -0.261431  0.000000 -0.222669  0.000000 ) 
 (  0.036827  0.000000  0.002218 -0.000000  0.010656  0.000000 ) 
 ( -0.024002  0.000000 -0.018985  0.000000 -0.004149  0.000000 ) 
 ( -0.193601  0.000000 -0.251432  0.000000  0.222425 -0.000000 ) 
 (  0.191576 -0.000000  0.252138 -0.000000  0.222208 -0.000000 ) 
     freq (   48) =      36.197151 [THz] =    1207.407000 [cm-1]
 ( -0.000068  0.000000  0.000016  0.000000 -0.000002  0.000000 ) 
 ( -0.000002  0.000000 -0.000001  0.000000  0.000062  0.000000 ) 
 (  0.006709  0.000000 -0.003826  0.000000 -0.000119  0.000000 ) 
 (  0.006713  0.000000 -0.003834  0.000000  0.000046  0.000000 ) 
 ( -0.000168  0.000000 -0.000009  0.000000 -0.001093  0.000000 ) 
 (  0.000279  0.000000  0.000247  0.000000  0.001087  0.000000 ) 
 ( -0.017798  0.000000 -0.322181  0.000000  0.010304  0.000000 ) 
 ( -0.017769  0.000000 -0.322224  0.000000 -0.007271  0.000000 ) 
 (  0.001024  0.000000 -0.010083  0.000000  0.045831  0.000000 ) 
 ( -0.000160  0.000000  0.011374  0.000000 -0.045245  0.000000 ) 
 (  0.272008  0.000000 -0.130202  0.000000 -0.012369  0.000000 ) 
 (  0.272038  0.000000 -0.130239  0.000000  0.010416  0.000000 ) 
 ( -0.008604  0.000000 -0.003782  0.000000 -0.029709  0.000000 ) 
 (  0.009511  0.000000  0.004890  0.000000  0.028951  0.000000 ) 
 (  0.176210  0.000000 -0.261431  0.000000  0.222669  0.000000 ) 
 (  0.178209  0.000000 -0.260651  0.000000 -0.222803  0.000000 ) 
 ( -0.024126  0.000000  0.020400  0.000000 -0.005417  0.000000 ) 
 ( -0.035927  0.000000  0.003016  0.000000 -0.009416  0.000000 ) 
 ( -0.191576  0.000000  0.252138  0.000000 -0.222208  0.000000 ) 
 ( -0.193601  0.000000  0.251432  0.000000  0.222425  0.000000 ) 
 (  0.024002  0.000000 -0.018985  0.000000  0.004149  0.000000 ) 
 (  0.036827  0.000000 -0.002218  0.000000  0.010656  0.000000 ) 
     freq (   49) =      36.473782 [THz] =    1216.634424 [cm-1]
 ( -0.000003  0.000000 -0.000001  0.000000  0.000736  0.000000 ) 
 ( -0.000613  0.000000  0.000256  0.000000 -0.000003  0.000000 ) 
 (  0.005996  0.000000 -0.003391  0.000000 -0.000031  0.000000 ) 
 ( -0.005997  0.000000  0.003391  0.000000 -0.000036  0.000000 ) 
 (  0.000051  0.000000  0.000043  0.000000  0.000505  0.000000 ) 
 ( -0.000105  0.000000 -0.000074  0.000000  0.000505  0.000000 ) 
 ( -0.016605  0.000000 -0.322059  0.000000 -0.000421  0.000000 ) 
 (  0.016607  0.000000  0.322053  0.000000 -0.000506  0.000000 ) 
 ( -0.000169  0.000000 -0.002092  0.000000  0.009412  0.000000 ) 
 (  0.000319  0.000000 -0.000816  0.000000  0.009416  0.000000 ) 
 (  0.273252  0.000000 -0.132219  0.000000  0.000114  0.000000 ) 
 ( -0.273250  0.000000  0.132215  0.000000  0.000213  0.000000 ) 
 ( -0.001370  0.000000 -0.001071  0.000000 -0.010953  0.000000 ) 
 ( -0.001097  0.000000 -0.000123  0.000000 -0.010954  0.000000 ) 
 (  0.185394  0.000000 -0.258680  0.000000  0.224594  0.000000 ) 
 ( -0.185471  0.000000  0.258648  0.000000  0.224604  0.000000 ) 
 ( -0.007690  0.000000  0.004783  0.000000  0.000091  0.000000 ) 
 (  0.009364  0.000000 -0.002447  0.000000  0.002119  0.000000 ) 
 (  0.185388  0.000000 -0.258621  0.000000  0.224559  0.000000 ) 
 ( -0.185459  0.000000  0.258579  0.000000  0.224550  0.000000 ) 
 ( -0.006994  0.000000  0.005839  0.000000 -0.002027  0.000000 ) 
 (  0.008668  0.000000 -0.003505  0.000000  0.000000  0.000000 ) 
     freq (   50) =      36.473782 [THz] =    1216.634424 [cm-1]
 ( -0.000613  0.000000 -0.000256  0.000000 -0.000003  0.000000 ) 
 (  0.000003  0.000000 -0.000001  0.000000 -0.000736  0.000000 ) 
 ( -0.000105  0.000000  0.000074  0.000000  0.000505  0.000000 ) 
 ( -0.000051  0.000000  0.000043  0.000000 -0.000505  0.000000 ) 
 ( -0.005997  0.000000 -0.003391  0.000000 -0.000036  0.000000 ) 
 ( -0.005996  0.000000 -0.003391  0.000000  0.000031  0.000000 ) 
 (  0.000319  0.000000  0.000816  0.000000  0.009416  0.000000 ) 
 (  0.000169  0.000000 -0.002092  0.000000 -0.009412  0.000000 ) 
 (  0.016607  0.000000 -0.322053  0.000000 -0.000506  0.000000 ) 
 (  0.016605  0.000000 -0.322059  0.000000  0.000421  0.000000 ) 
 ( -0.001097  0.000000  0.000123  0.000000 -0.010954  0.000000 ) 
 (  0.001370  0.000000 -0.001071  0.000000  0.010953  0.000000 ) 
 ( -0.273250  0.000000 -0.132215  0.000000  0.000213  0.000000 ) 
 ( -0.273252  0.000000 -0.132219  0.000000 -0.000114  0.000000 ) 
 ( -0.009364  0.000000 -0.002447  0.000000 -0.002119  0.000000 ) 
 ( -0.007690  0.000000 -0.004783  0.000000  0.000091  0.000000 ) 
 (  0.185471  0.000000  0.258648  0.000000 -0.224604  0.000000 ) 
 (  0.185394  0.000000  0.258680  0.000000  0.224594  0.000000 ) 
 ( -0.008668  0.000000 -0.003505  0.000000  0.000000  0.000000 ) 
 ( -0.006994  0.000000 -0.005839  0.000000 -0.002027  0.000000 ) 
 (  0.185459  0.000000  0.258579  0.000000 -0.224550  0.000000 ) 
 (  0.185388  0.000000  0.258621  0.000000  0.224559  0.000000 ) 
     freq (   51) =      68.438225 [THz] =    2282.853460 [cm-1]
 ( -0.000003  0.000000 -0.000001  0.000000  0.000011 -0.000000 ) 
 ( -0.000025  0.000000  0.000005  0.000000 -0.000001  0.000000 ) 
 (  0.001065 -0.000000  0.004035 -0.000000 -0.000958  0.000000 ) 
 ( -0.000964  0.000000 -0.000899  0.000000 -0.000950  0.000000 ) 
 ( -0.000585  0.000000  0.015077  0.000000 -0.000136  0.000000 ) 
 (  0.000370  0.000000 -0.014555  0.000000  0.000066 -0.000000 ) 
 (  0.072607 -0.000000 -0.003285  0.000000  0.001965 -0.000000 ) 
 ( -0.000615  0.000000 -0.000655  0.000000  0.001845 -0.000000 ) 
 ( -0.344038  0.000000 -0.018759  0.000000  0.000771  0.000000 ) 
 (  0.336289 -0.000000  0.018480 -0.000000  0.000368  0.000000 ) 
 ( -0.051431  0.000000 -0.107514  0.000000  0.000135  0.000000 ) 
 (  0.008616 -0.000000  0.017286 -0.000000  0.000266  0.000000 ) 
 (  0.205479  0.000000 -0.432933  0.000000 -0.000597  0.000000 ) 
 ( -0.199125  0.000000  0.419727 -0.000000 -0.000640  0.000000 ) 
 (  0.018947 -0.000000 -0.034362  0.000000 -0.057187  0.000000 ) 
 ( -0.003237  0.000000  0.005033 -0.000000 -0.010363  0.000000 ) 
 (  0.075400  0.000000  0.140664  0.000000  0.224818  0.000000 ) 
 ( -0.073053  0.000000 -0.136496  0.000000  0.217670 -0.000000 ) 
 ( -0.000743  0.000000 -0.000653  0.000000  0.000000 -0.000000 ) 
 ( -0.015042  0.000000  0.029846 -0.000000 -0.046666  0.000000 ) 
 ( -0.073824  0.000000 -0.136327  0.000000 -0.218031  0.000000 ) 
 (  0.075337  0.000000  0.139555  0.000000 -0.222969  0.000000 ) 
     freq (   52) =      68.438225 [THz] =    2282.853460 [cm-1]
 ( -0.000025  0.000000 -0.000005  0.000000 -0.000001  0.000000 ) 
 (  0.000003  0.000000 -0.000001  0.000000 -0.000011  0.000000 ) 
 (  0.000370  0.000000  0.014555  0.000000  0.000066  0.000000 ) 
 (  0.000585  0.000000  0.015077  0.000000  0.000136  0.000000 ) 
 ( -0.000964  0.000000  0.000899  0.000000 -0.000950  0.000000 ) 
 ( -0.001065  0.000000  0.004035  0.000000  0.000958  0.000000 ) 
 (  0.336289  0.000000 -0.018480  0.000000  0.000368  0.000000 ) 
 (  0.344038  0.000000 -0.018759  0.000000 -0.000771  0.000000 ) 
 ( -0.000615  0.000000  0.000655  0.000000  0.001845  0.000000 ) 
 ( -0.072607  0.000000 -0.003285  0.000000 -0.001965  0.000000 ) 
 ( -0.199125  0.000000 -0.419727  0.000000 -0.000640  0.000000 ) 
 ( -0.205479  0.000000 -0.432933  0.000000  0.000597  0.000000 ) 
 (  0.008616  0.000000 -0.017286  0.000000  0.000266  0.000000 ) 
 (  0.051431  0.000000 -0.107514  0.000000 -0.000135  0.000000 ) 
 (  0.073053  0.000000 -0.136496  0.000000 -0.217670  0.000000 ) 
 (  0.075400  0.000000 -0.140664  0.000000  0.224818  0.000000 ) 
 (  0.003237  0.000000  0.005033  0.000000  0.010363  0.000000 ) 
 (  0.018947  0.000000  0.034362  0.000000 -0.057187  0.000000 ) 
 ( -0.075337  0.000000  0.139555  0.000000  0.222969  0.000000 ) 
 ( -0.073824  0.000000  0.136327  0.000000 -0.218031  0.000000 ) 
 (  0.015042  0.000000  0.029846  0.000000  0.046666  0.000000 ) 
 ( -0.000743  0.000000  0.000653  0.000000  0.000000  0.000000 ) 
     freq (   53) =      68.496344 [THz] =    2284.792100 [cm-1]
 ( -0.000097  0.000000 -0.000065  0.000000 -0.000011  0.000000 ) 
 (  0.000015  0.000000 -0.000010  0.000000 -0.000068  0.000000 ) 
 ( -0.000797  0.000000 -0.004402  0.000000 -0.000329  0.000000 ) 
 (  0.000283  0.000000  0.000933  0.000000  0.000300  0.000000 ) 
 ( -0.003426  0.000000  0.017008 -0.000000  0.000141  0.000000 ) 
 ( -0.003344  0.000000  0.016454  0.000000 -0.000040  0.000000 ) 
 ( -0.093267  0.000000  0.004306  0.000000  0.000579  0.000000 ) 
 (  0.006945 -0.000000 -0.000845  0.000000 -0.000950  0.000000 ) 
 ( -0.321185  0.000000 -0.016433  0.000000  0.001042 -0.000000 ) 
 ( -0.307424  0.000000 -0.015881  0.000000 -0.001286  0.000000 ) 
 (  0.059626  0.000000  0.126269  0.000000 -0.000348  0.000000 ) 
 ( -0.007430  0.000000 -0.015466  0.000000  0.000367 -0.000000 ) 
 (  0.214473 -0.000000 -0.453371  0.000000 -0.000003  0.000000 ) 
 (  0.206152  0.000000 -0.435707  0.000000  0.000117  0.000000 ) 
 ( -0.019857  0.000000  0.038189  0.000000  0.061379  0.000000 ) 
 (  0.002383  0.000000 -0.004471  0.000000  0.006856  0.000000 ) 
 (  0.071147 -0.000000  0.136487 -0.000000  0.218359 -0.000000 ) 
 (  0.068362  0.000000  0.131112  0.000000 -0.209667  0.000000 ) 
 (  0.000312  0.000000  0.000091  0.000000 -0.000000  0.000000 ) 
 (  0.023011 -0.000000 -0.042767  0.000000  0.068549  0.000000 ) 
 (  0.069333  0.000000  0.131019  0.000000  0.209533  0.000000 ) 
 (  0.073051 -0.000000  0.137822 -0.000000 -0.220461  0.000000 ) 
     freq (   54) =      68.496344 [THz] =    2284.792100 [cm-1]
 (  0.000015  0.000000  0.000010  0.000000 -0.000068  0.000000 ) 
 (  0.000097  0.000000 -0.000065  0.000000  0.000011  0.000000 ) 
 ( -0.003344  0.000000 -0.016454  0.000000 -0.000040  0.000000 ) 
 (  0.003426  0.000000  0.017008  0.000000 -0.000141  0.000000 ) 
 (  0.000283  0.000000 -0.000933  0.000000  0.000300  0.000000 ) 
 (  0.000797  0.000000 -0.004402  0.000000  0.000329  0.000000 ) 
 ( -0.307424  0.000000  0.015881  0.000000 -0.001286  0.000000 ) 
 (  0.321185  0.000000 -0.016433  0.000000 -0.001042  0.000000 ) 
 (  0.006945  0.000000  0.000845  0.000000 -0.000950  0.000000 ) 
 (  0.093267  0.000000  0.004306  0.000000 -0.000579  0.000000 ) 
 (  0.206152  0.000000  0.435707  0.000000  0.000117  0.000000 ) 
 ( -0.214473  0.000000 -0.453371  0.000000  0.000003  0.000000 ) 
 ( -0.007430  0.000000  0.015466  0.000000  0.000367  0.000000 ) 
 ( -0.059626  0.000000  0.126269  0.000000  0.000348  0.000000 ) 
 ( -0.068362  0.000000  0.131112  0.000000  0.209667  0.000000 ) 
 (  0.071147  0.000000 -0.136487  0.000000  0.218359  0.000000 ) 
 ( -0.002383  0.000000 -0.004471  0.000000 -0.006856  0.000000 ) 
 ( -0.019857  0.000000 -0.038189  0.000000  0.061379  0.000000 ) 
 ( -0.073051  0.000000  0.137822  0.000000  0.220461  0.000000 ) 
 (  0.069333  0.000000 -0.131019  0.000000  0.209533  0.000000 ) 
 ( -0.023011  0.000000 -0.042767  0.000000 -0.068549  0.000000 ) 
 (  0.000312  0.000000 -0.000091  0.000000  0.000000  0.000000 ) 
     freq (   55) =      70.026988 [THz] =    2335.848899 [cm-1]
 ( -0.000027  0.000000 -0.000071  0.000000 -0.000016  0.000000 ) 
 (  0.000004  0.000000 -0.000010  0.000000 -0.000117  0.000000 ) 
 (  0.009437  0.000000  0.010372  0.000000 -0.001535  0.000000 ) 
 ( -0.004026  0.000000 -0.001803  0.000000  0.001775  0.000000 ) 
 (  0.050455  0.000000 -0.045877  0.000000 -0.000673  0.000000 ) 
 (  0.049728  0.000000 -0.044726  0.000000  0.001118  0.000000 ) 
 ( -0.086080  0.000000  0.009349  0.000000  0.001391  0.000000 ) 
 (  0.042157  0.000000 -0.004148  0.000000 -0.001437  0.000000 ) 
 ( -0.480072  0.000000 -0.050569  0.000000 -0.000018  0.000000 ) 
 ( -0.474169  0.000000 -0.049870  0.000000 -0.000362  0.000000 ) 
 ( -0.042171  0.000000 -0.092822  0.000000 -0.003039  0.000000 ) 
 (  0.007595  0.000000  0.017934  0.000000  0.003219  0.000000 ) 
 ( -0.187482  0.000000  0.417115  0.000000 -0.000251  0.000000 ) 
 ( -0.182836  0.000000  0.407051  0.000000  0.001092  0.000000 ) 
 ( -0.008749  0.000000  0.009760  0.000000  0.019945  0.000000 ) 
 (  0.006942  0.000000 -0.008996  0.000000  0.016339  0.000000 ) 
 (  0.058501  0.000000  0.069837  0.000000  0.135243  0.000000 ) 
 (  0.058258  0.000000  0.069735  0.000000 -0.134758  0.000000 ) 
 (  0.001219  0.000000 -0.004341  0.000000 -0.006272  0.000000 ) 
 (  0.016065  0.000000 -0.021488  0.000000  0.039920  0.000000 ) 
 (  0.054072  0.000000  0.062062  0.000000  0.122086  0.000000 ) 
 (  0.056395  0.000000  0.065533  0.000000 -0.128293  0.000000 ) 
     freq (   56) =      70.026988 [THz] =    2335.848899 [cm-1]
 (  0.000004  0.000000  0.000010  0.000000 -0.000117  0.000000 ) 
 (  0.000027  0.000000 -0.000071  0.000000  0.000016  0.000000 ) 
 (  0.049728  0.000000  0.044726  0.000000  0.001118  0.000000 ) 
 ( -0.050455  0.000000 -0.045877  0.000000  0.000673  0.000000 ) 
 ( -0.004026  0.000000  0.001803  0.000000  0.001775  0.000000 ) 
 ( -0.009437  0.000000  0.010372  0.000000  0.001535  0.000000 ) 
 ( -0.474169  0.000000  0.049870  0.000000 -0.000362  0.000000 ) 
 (  0.480072  0.000000 -0.050569  0.000000  0.000018  0.000000 ) 
 (  0.042157  0.000000  0.004148  0.000000 -0.001437  0.000000 ) 
 (  0.086080  0.000000  0.009349  0.000000 -0.001391  0.000000 ) 
 ( -0.182836  0.000000 -0.407051  0.000000  0.001092  0.000000 ) 
 (  0.187482  0.000000  0.417115  0.000000  0.000251  0.000000 ) 
 (  0.007595  0.000000 -0.017934  0.000000  0.003219  0.000000 ) 
 (  0.042171  0.000000 -0.092822  0.000000  0.003039  0.000000 ) 
 ( -0.058258  0.000000  0.069735  0.000000  0.134758  0.000000 ) 
 (  0.058501  0.000000 -0.069837  0.000000  0.135243  0.000000 ) 
 ( -0.006942  0.000000 -0.008996  0.000000 -0.016339  0.000000 ) 
 ( -0.008749  0.000000 -0.009760  0.000000  0.019945  0.000000 ) 
 ( -0.056395  0.000000  0.065533  0.000000  0.128293  0.000000 ) 
 (  0.054072  0.000000 -0.062062  0.000000  0.122086  0.000000 ) 
 ( -0.016065  0.000000 -0.021488  0.000000 -0.039920  0.000000 ) 
 (  0.001219  0.000000  0.004341  0.000000 -0.006272  0.000000 ) 
     freq (   57) =      70.254202 [THz] =    2343.427917 [cm-1]
 ( -0.000000  0.000000  0.000000  0.000000  0.000009  0.000000 ) 
 ( -0.000002  0.000000 -0.000001  0.000000 -0.000002  0.000000 ) 
 ( -0.013904  0.000000 -0.018161  0.000000  0.009418  0.000000 ) 
 ( -0.007491  0.000000 -0.010861  0.000000  0.009546  0.000000 ) 
 (  0.039766  0.000000 -0.053749  0.000000  0.002376  0.000000 ) 
 ( -0.038002  0.000000  0.051741  0.000000 -0.002841  0.000000 ) 
 (  0.130881  0.000000 -0.015835  0.000000  0.004313  0.000000 ) 
 (  0.067758  0.000000 -0.008713  0.000000  0.004314  0.000000 ) 
 ( -0.369700  0.000000 -0.045595  0.000000  0.001184  0.000000 ) 
 (  0.352334  0.000000  0.043635  0.000000 -0.001190  0.000000 ) 
 (  0.068388  0.000000  0.150554  0.000000  0.003706  0.000000 ) 
 (  0.041252  0.000000  0.089939  0.000000  0.003935  0.000000 ) 
 ( -0.203000  0.000000  0.445422  0.000000  0.000636  0.000000 ) 
 (  0.195534  0.000000 -0.428746  0.000000 -0.001466  0.000000 ) 
 (  0.005607  0.000000 -0.000318  0.000000 -0.010444  0.000000 ) 
 (  0.031650  0.000000 -0.051450  0.000000  0.085924  0.000000 ) 
 (  0.064131  0.000000  0.087052  0.000000  0.164761  0.000000 ) 
 ( -0.071296  0.000000 -0.101119  0.000000  0.185526  0.000000 ) 
 (  0.004540  0.000000 -0.013093  0.000000 -0.015164  0.000000 ) 
 ( -0.041358  0.000000  0.063997  0.000000 -0.110233  0.000000 ) 
 ( -0.060603  0.000000 -0.081910  0.000000 -0.155534  0.000000 ) 
 (  0.073230  0.000000  0.103118  0.000000 -0.190032  0.000000 ) 
     freq (   58) =      70.254202 [THz] =    2343.427917 [cm-1]
 ( -0.000002  0.000000  0.000001  0.000000 -0.000002  0.000000 ) 
 (  0.000000  0.000000  0.000000  0.000000 -0.000009  0.000000 ) 
 ( -0.038002  0.000000 -0.051741  0.000000 -0.002841  0.000000 ) 
 ( -0.039766  0.000000 -0.053749  0.000000 -0.002376  0.000000 ) 
 ( -0.007491  0.000000  0.010861  0.000000  0.009546  0.000000 ) 
 (  0.013904  0.000000 -0.018161  0.000000 -0.009418  0.000000 ) 
 (  0.352334  0.000000 -0.043635  0.000000 -0.001190  0.000000 ) 
 (  0.369700  0.000000 -0.045595  0.000000 -0.001184  0.000000 ) 
 (  0.067758  0.000000  0.008713  0.000000  0.004314  0.000000 ) 
 ( -0.130881  0.000000 -0.015835  0.000000 -0.004313  0.000000 ) 
 (  0.195534  0.000000  0.428746  0.000000 -0.001466  0.000000 ) 
 (  0.203000  0.000000  0.445422  0.000000 -0.000636  0.000000 ) 
 (  0.041252  0.000000 -0.089939  0.000000  0.003935  0.000000 ) 
 ( -0.068388  0.000000  0.150554  0.000000 -0.003706  0.000000 ) 
 (  0.071296  0.000000 -0.101119  0.000000 -0.185526  0.000000 ) 
 (  0.064131  0.000000 -0.087052  0.000000  0.164761  0.000000 ) 
 ( -0.031650  0.000000 -0.051450  0.000000 -0.085924  0.000000 ) 
 (  0.005607  0.000000  0.000318  0.000000 -0.010444  0.000000 ) 
 ( -0.073230  0.000000  0.103118  0.000000  0.190032  0.000000 ) 
 ( -0.060603  0.000000  0.081910  0.000000 -0.155534  0.000000 ) 
 (  0.041358  0.000000  0.063997  0.000000  0.110233  0.000000 ) 
 (  0.004540  0.000000  0.013093  0.000000 -0.015164  0.000000 ) 
     freq (   59) =      70.554616 [THz] =    2353.448674 [cm-1]
 (  0.000012  0.000000  0.000001  0.000000  0.000001  0.000000 ) 
 (  0.000001  0.000000 -0.000000  0.000000 -0.000022  0.000000 ) 
 (  0.055963  0.000000 -0.038866  0.000000 -0.001586  0.000000 ) 
 (  0.055562  0.000000 -0.038430  0.000000  0.001285  0.000000 ) 
 ( -0.006997  0.000000 -0.006624  0.000000 -0.003458  0.000000 ) 
 ( -0.002048  0.000000 -0.003194  0.000000  0.003331  0.000000 ) 
 ( -0.476554  0.000000  0.027411  0.000000 -0.000289  0.000000 ) 
 ( -0.473355  0.000000  0.027256  0.000000  0.000147  0.000000 ) 
 (  0.057118  0.000000  0.002960  0.000000 -0.001616  0.000000 ) 
 (  0.014971  0.000000  0.000534  0.000000  0.001597  0.000000 ) 
 (  0.043622  0.000000  0.044054  0.000000 -0.000235  0.000000 ) 
 (  0.042925  0.000000  0.042945  0.000000  0.000359  0.000000 ) 
 ( -0.009764  0.000000  0.014429  0.000000  0.001388  0.000000 ) 
 ( -0.005924  0.000000  0.010569  0.000000 -0.001414  0.000000 ) 
 (  0.093561  0.000000 -0.180710  0.000000 -0.311367  0.000000 ) 
 (  0.091994  0.000000 -0.177763  0.000000  0.306524  0.000000 ) 
 (  0.021767  0.000000  0.041158  0.000000  0.068273  0.000000 ) 
 (  0.013534  0.000000  0.025253  0.000000 -0.040858  0.000000 ) 
 ( -0.087045  0.000000  0.168923  0.000000  0.292065  0.000000 ) 
 ( -0.087376  0.000000  0.169511  0.000000 -0.293318  0.000000 ) 
 ( -0.000139  0.000000 -0.000887  0.000000  0.001135  0.000000 ) 
 (  0.007600  0.000000  0.014130  0.000000 -0.027109  0.000000 ) 
     freq (   60) =      70.554616 [THz] =    2353.448674 [cm-1]
 ( -0.000001  0.000000 -0.000000  0.000000  0.000022  0.000000 ) 
 (  0.000012  0.000000 -0.000001  0.000000  0.000001  0.000000 ) 
 (  0.002048  0.000000 -0.003194  0.000000 -0.003331  0.000000 ) 
 ( -0.006997  0.000000  0.006624  0.000000 -0.003458  0.000000 ) 
 ( -0.055562  0.000000 -0.038430  0.000000 -0.001285  0.000000 ) 
 (  0.055963  0.000000  0.038866  0.000000 -0.001586  0.000000 ) 
 ( -0.014971  0.000000  0.000534  0.000000 -0.001597  0.000000 ) 
 (  0.057118  0.000000 -0.002960  0.000000 -0.001616  0.000000 ) 
 (  0.473355  0.000000  0.027256  0.000000 -0.000147  0.000000 ) 
 ( -0.476554  0.000000 -0.027411  0.000000 -0.000289  0.000000 ) 
 (  0.005924  0.000000  0.010569  0.000000  0.001414  0.000000 ) 
 ( -0.009764  0.000000 -0.014429  0.000000  0.001388  0.000000 ) 
 ( -0.042925  0.000000  0.042945  0.000000 -0.000359  0.000000 ) 
 (  0.043622  0.000000 -0.044054  0.000000 -0.000235  0.000000 ) 
 (  0.013534  0.000000 -0.025253  0.000000 -0.040858  0.000000 ) 
 ( -0.021767  0.000000  0.041158  0.000000 -0.068273  0.000000 ) 
 (  0.091994  0.000000  0.177763  0.000000  0.306524  0.000000 ) 
 ( -0.093561  0.000000 -0.180710  0.000000  0.311367  0.000000 ) 
 (  0.007600  0.000000 -0.014130  0.000000 -0.027109  0.000000 ) 
 (  0.000139  0.000000 -0.000887  0.000000 -0.001135  0.000000 ) 
 ( -0.087376  0.000000 -0.169511  0.000000 -0.293318  0.000000 ) 
 (  0.087045  0.000000  0.168923  0.000000 -0.292065  0.000000 ) 
     freq (   61) =      70.577510 [THz] =    2354.212327 [cm-1]
 (  0.000007  0.000000  0.000021  0.000000  0.000243  0.000000 ) 
 (  0.000023  0.000000 -0.000067  0.000000 -0.000074  0.000000 ) 
 (  0.043022  0.000000 -0.043999  0.000000 -0.003209  0.000000 ) 
 ( -0.046102  0.000000  0.046590  0.000000  0.004138  0.000000 ) 
 ( -0.008609  0.000000 -0.009631  0.000000 -0.011858  0.000000 ) 
 ( -0.018671  0.000000 -0.018097  0.000000 -0.012142  0.000000 ) 
 ( -0.363351  0.000000  0.014729  0.000000 -0.001150  0.000000 ) 
 (  0.389044  0.000000 -0.015971  0.000000  0.001647  0.000000 ) 
 (  0.073181  0.000000  0.002670  0.000000 -0.004493  0.000000 ) 
 (  0.157121  0.000000  0.006727  0.000000 -0.004645  0.000000 ) 
 (  0.075206  0.000000  0.119277  0.000000 -0.001121  0.000000 ) 
 ( -0.078511  0.000000 -0.123553  0.000000  0.000764  0.000000 ) 
 ( -0.018128  0.000000  0.030179  0.000000 -0.003134  0.000000 ) 
 ( -0.028924  0.000000  0.044149  0.000000 -0.003025  0.000000 ) 
 (  0.098396  0.000000 -0.184491  0.000000 -0.315896  0.000000 ) 
 ( -0.090123  0.000000  0.170449  0.000000 -0.295732  0.000000 ) 
 (  0.042367  0.000000  0.077259  0.000000  0.126545  0.000000 ) 
 (  0.015338  0.000000  0.031386  0.000000 -0.060669  0.000000 ) 
 (  0.106125  0.000000 -0.199168  0.000000 -0.341087  0.000000 ) 
 ( -0.086111  0.000000  0.163064  0.000000 -0.282425  0.000000 ) 
 (  0.062114  0.000000  0.114414  0.000000  0.191250  0.000000 ) 
 ( -0.003272  0.000000 -0.003537  0.000000  0.000398  0.000000 ) 
     freq (   62) =      70.577510 [THz] =    2354.212327 [cm-1]
 ( -0.000023  0.000000 -0.000067  0.000000  0.000074  0.000000 ) 
 (  0.000007  0.000000 -0.000021  0.000000  0.000243  0.000000 ) 
 (  0.018671  0.000000 -0.018097  0.000000  0.012142  0.000000 ) 
 ( -0.008609  0.000000  0.009631  0.000000 -0.011858  0.000000 ) 
 (  0.046102  0.000000  0.046590  0.000000 -0.004138  0.000000 ) 
 (  0.043022  0.000000  0.043999  0.000000 -0.003209  0.000000 ) 
 ( -0.157121  0.000000  0.006727  0.000000  0.004645  0.000000 ) 
 (  0.073181  0.000000 -0.002670  0.000000 -0.004493  0.000000 ) 
 ( -0.389044  0.000000 -0.015971  0.000000 -0.001647  0.000000 ) 
 ( -0.363351  0.000000 -0.014729  0.000000 -0.001150  0.000000 ) 
 (  0.028924  0.000000  0.044149  0.000000  0.003025  0.000000 ) 
 ( -0.018128  0.000000 -0.030179  0.000000 -0.003134  0.000000 ) 
 (  0.078511  0.000000 -0.123553  0.000000 -0.000764  0.000000 ) 
 (  0.075206  0.000000 -0.119277  0.000000 -0.001121  0.000000 ) 
 (  0.015338  0.000000 -0.031386  0.000000 -0.060669  0.000000 ) 
 ( -0.042367  0.000000  0.077259  0.000000 -0.126545  0.000000 ) 
 ( -0.090123  0.000000 -0.170449  0.000000 -0.295732  0.000000 ) 
 ( -0.098396  0.000000 -0.184491  0.000000  0.315896  0.000000 ) 
 ( -0.003272  0.000000  0.003537  0.000000  0.000398  0.000000 ) 
 ( -0.062114  0.000000  0.114414  0.000000 -0.191250  0.000000 ) 
 ( -0.086111  0.000000 -0.163064  0.000000 -0.282425  0.000000 ) 
 ( -0.106125  0.000000 -0.199168  0.000000  0.341087  0.000000 ) 
     freq (   63) =      71.469814 [THz] =    2383.976370 [cm-1]
 ( -0.000010  0.000000  0.000017  0.000000 -0.000057  0.000000 ) 
 ( -0.000029  0.000000 -0.000050  0.000000  0.000019  0.000000 ) 
 (  0.000631  0.000000  0.003676  0.000000  0.060006  0.000000 ) 
 (  0.004232  0.000000 -0.000586  0.000000  0.070345  0.000000 ) 
 ( -0.006733  0.000000  0.005365  0.000000  0.006031  0.000000 ) 
 (  0.007928  0.000000 -0.003951  0.000000 -0.037203  0.000000 ) 
 ( -0.007404  0.000000  0.000828  0.000000  0.010623  0.000000 ) 
 ( -0.035561  0.000000  0.002330  0.000000  0.012694  0.000000 ) 
 (  0.060101  0.000000  0.004511  0.000000  0.000746  0.000000 ) 
 ( -0.069440  0.000000 -0.005010  0.000000 -0.006988  0.000000 ) 
 ( -0.012469  0.000000 -0.025644  0.000000  0.011980  0.000000 ) 
 ( -0.005926  0.000000 -0.013623  0.000000  0.014064  0.000000 ) 
 (  0.028815  0.000000 -0.061188  0.000000  0.001178  0.000000 ) 
 ( -0.026645  0.000000  0.057201  0.000000 -0.007460  0.000000 ) 
 ( -0.122737  0.000000  0.220797  0.000000  0.357790  0.000000 ) 
 (  0.140977  0.000000 -0.255130  0.000000  0.412689  0.000000 ) 
 ( -0.016237  0.000000 -0.027169  0.000000 -0.045014  0.000000 ) 
 ( -0.071231  0.000000 -0.130684  0.000000  0.210534  0.000000 ) 
 (  0.133682  0.000000 -0.240204  0.000000 -0.387329  0.000000 ) 
 ( -0.111752  0.000000  0.202304  0.000000 -0.325719  0.000000 ) 
 (  0.073761  0.000000  0.130518  0.000000  0.211127  0.000000 ) 
 (  0.007644  0.000000  0.016250  0.000000 -0.025374  0.000000 ) 
     freq (   64) =      71.469814 [THz] =    2383.976370 [cm-1]
 (  0.000029  0.000000 -0.000050  0.000000 -0.000019  0.000000 ) 
 ( -0.000010  0.000000 -0.000017  0.000000 -0.000057  0.000000 ) 
 ( -0.007928  0.000000 -0.003951  0.000000  0.037203  0.000000 ) 
 ( -0.006733  0.000000 -0.005365  0.000000  0.006031  0.000000 ) 
 ( -0.004232  0.000000 -0.000586  0.000000 -0.070345  0.000000 ) 
 (  0.000631  0.000000 -0.003676  0.000000  0.060006  0.000000 ) 
 (  0.069440  0.000000 -0.005010  0.000000  0.006988  0.000000 ) 
 (  0.060101  0.000000 -0.004511  0.000000  0.000746  0.000000 ) 
 (  0.035561  0.000000  0.002330  0.000000 -0.012694  0.000000 ) 
 ( -0.007404  0.000000 -0.000828  0.000000  0.010623  0.000000 ) 
 (  0.026645  0.000000  0.057201  0.000000  0.007460  0.000000 ) 
 (  0.028815  0.000000  0.061188  0.000000  0.001178  0.000000 ) 
 (  0.005926  0.000000 -0.013623  0.000000 -0.014064  0.000000 ) 
 ( -0.012469  0.000000  0.025644  0.000000  0.011980  0.000000 ) 
 ( -0.071231  0.000000  0.130684  0.000000  0.210534  0.000000 ) 
 (  0.016237  0.000000 -0.027169  0.000000  0.045014  0.000000 ) 
 (  0.140977  0.000000  0.255130  0.000000  0.412689  0.000000 ) 
 (  0.122737  0.000000  0.220797  0.000000 -0.357790  0.000000 ) 
 (  0.007644  0.000000 -0.016250  0.000000 -0.025374  0.000000 ) 
 ( -0.073761  0.000000  0.130518  0.000000 -0.211127  0.000000 ) 
 ( -0.111752  0.000000 -0.202304  0.000000 -0.325719  0.000000 ) 
 ( -0.133682  0.000000 -0.240204  0.000000  0.387329  0.000000 ) 
     freq (   65) =      71.486738 [THz] =    2384.540895 [cm-1]
 ( -0.000041  0.000000  0.000088  0.000000 -0.000171  0.000000 ) 
 ( -0.000088  0.000000 -0.000188  0.000000  0.000080  0.000000 ) 
 ( -0.006922  0.000000  0.007706  0.000000 -0.044062  0.000000 ) 
 (  0.005201  0.000000 -0.008623  0.000000  0.014345  0.000000 ) 
 (  0.004678  0.000000  0.002855  0.000000 -0.069205  0.000000 ) 
 (  0.001011  0.000000  0.004808  0.000000 -0.055260  0.000000 ) 
 (  0.053333  0.000000 -0.003091  0.000000 -0.008494  0.000000 ) 
 ( -0.038040  0.000000  0.002066  0.000000  0.003047  0.000000 ) 
 ( -0.037733  0.000000 -0.002302  0.000000 -0.013574  0.000000 ) 
 ( -0.005145  0.000000 -0.000118  0.000000 -0.011018  0.000000 ) 
 ( -0.010656  0.000000 -0.020301  0.000000 -0.008806  0.000000 ) 
 (  0.016392  0.000000  0.032765  0.000000  0.002634  0.000000 ) 
 (  0.000234  0.000000  0.000830  0.000000 -0.013638  0.000000 ) 
 (  0.012459  0.000000 -0.025732  0.000000 -0.010742  0.000000 ) 
 (  0.068292  0.000000 -0.122741  0.000000 -0.195736  0.000000 ) 
 (  0.045818  0.000000 -0.081933  0.000000  0.135007  0.000000 ) 
 (  0.126858  0.000000  0.227656  0.000000  0.366656  0.000000 ) 
 ( -0.116312  0.000000 -0.208506  0.000000  0.338159  0.000000 ) 
 (  0.010057  0.000000 -0.017974  0.000000 -0.026159  0.000000 ) 
 (  0.103276  0.000000 -0.186314  0.000000  0.303458  0.000000 ) 
 (  0.098884  0.000000  0.178172  0.000000  0.286144  0.000000 ) 
 ( -0.142629  0.000000 -0.257167  0.000000  0.416270  0.000000 ) 
     freq (   66) =      71.486738 [THz] =    2384.540895 [cm-1]
 (  0.000088  0.000000 -0.000188  0.000000 -0.000080  0.000000 ) 
 ( -0.000041  0.000000 -0.000088  0.000000 -0.000171  0.000000 ) 
 ( -0.001011  0.000000  0.004808  0.000000  0.055260  0.000000 ) 
 (  0.004678  0.000000 -0.002855  0.000000 -0.069205  0.000000 ) 
 ( -0.005201  0.000000 -0.008623  0.000000 -0.014345  0.000000 ) 
 ( -0.006922  0.000000 -0.007706  0.000000 -0.044062  0.000000 ) 
 (  0.005145  0.000000 -0.000118  0.000000  0.011018  0.000000 ) 
 ( -0.037733  0.000000  0.002302  0.000000 -0.013574  0.000000 ) 
 (  0.038040  0.000000  0.002066  0.000000 -0.003047  0.000000 ) 
 (  0.053333  0.000000  0.003091  0.000000 -0.008494  0.000000 ) 
 ( -0.012459  0.000000 -0.025732  0.000000  0.010742  0.000000 ) 
 (  0.000234  0.000000 -0.000830  0.000000 -0.013638  0.000000 ) 
 ( -0.016392  0.000000  0.032765  0.000000 -0.002634  0.000000 ) 
 ( -0.010656  0.000000  0.020301  0.000000 -0.008806  0.000000 ) 
 ( -0.116312  0.000000  0.208506  0.000000  0.338159  0.000000 ) 
 ( -0.126858  0.000000  0.227656  0.000000 -0.366656  0.000000 ) 
 (  0.045818  0.000000  0.081933  0.000000  0.135007  0.000000 ) 
 ( -0.068292  0.000000 -0.122741  0.000000  0.195736  0.000000 ) 
 ( -0.142629  0.000000  0.257167  0.000000  0.416270  0.000000 ) 
 ( -0.098884  0.000000  0.178172  0.000000 -0.286144  0.000000 ) 
 (  0.103276  0.000000  0.186314  0.000000  0.303458  0.000000 ) 
 ( -0.010057  0.000000 -0.017974  0.000000  0.026159  0.000000 ) 
 **************************************************************************
