
     Program PHONON v.7.3.1 starts on 12Aug2024 at 11:17:56 

     This program is part of the open-source Quantum ESPRESSO suite
     for quantum simulation of materials; please cite
         "P. Giannozzi et al., J. Phys.:Condens. Matter 21 395502 (2009);
         "P. Giannozzi et al., J. Phys.:Condens. Matter 29 465901 (2017);
         "P. Giannozzi et al., J. Chem. Phys. 152 154105 (2020);
          URL http://www.quantum-espresso.org", 
     in publications or presentations arising from this work. More details at
     http://www.quantum-espresso.org/quote

     Parallel version (MPI), running on    24 processors

     MPI processes distributed on     1 nodes
     93385 MiB available memory on the printing compute node when the environment starts

     Waiting for input...
     Reading input from standard input

     Reading xml data from directory:

     ./pwscf.save/

     R & G space division:  proc/nbgrp/npool/nimage =      24
     Subspace diagonalization in iterative solution of the eigenvalue problem:
     a serial algorithm will be used


     IMPORTANT: XC functional enforced from input :
     Exchange-correlation= PBESOL
                           (   1   4  10   8   0   0   0)
     Any further DFT definition will be discarded
     Please, verify this is what you really want


     Parallelization info
     --------------------
     sticks:   dense  smooth     PW     G-vecs:    dense   smooth      PW
     Min         490     245     66                25554     9038    1267
     Max         491     247     68                25557     9040    1269
     Sum       11779    5897   1593               613353   216939   30429

     Using Slab Decomposition

     Reading collected, re-writing distributed wavefunctions in ./


     Dynamical matrices for ( 2, 2, 2)  uniform grid of q-points
     (   8 q-points):
       N         xq(1)         xq(2)         xq(3) 
       1   0.000000000   0.000000000   0.000000000
       2   0.000000000   0.000000000  -0.788044408
       3   0.000000000  -0.505263609   0.000000000
       4   0.000000000  -0.505263609  -0.788044408
       5  -0.500000000   0.000000000   0.000000000
       6  -0.500000000   0.000000000  -0.788044408
       7  -0.500000000  -0.505263609   0.000000000
       8  -0.500000000  -0.505263609  -0.788044408

     Number and degeneracy of irreps per q-point
       N         xq(1)         xq(2)         xq(3)   N irreps
       1   0.000000000   0.000000000   0.000000000      66
     No degeneracy
       2   0.000000000   0.000000000  -0.788044408      66
     No degeneracy
       3   0.000000000  -0.505263609   0.000000000      33
        2   2   2   2   2   2   2   2   2   2   2   2   2   2   2   2   2   2
   2   2   2   2   2   2   2   2   2   2   2   2   2   2   2
       4   0.000000000  -0.505263609  -0.788044408      33
        2   2   2   2   2   2   2   2   2   2   2   2   2   2   2   2   2   2
   2   2   2   2   2   2   2   2   2   2   2   2   2   2   2
       5  -0.500000000   0.000000000   0.000000000      33
        2   2   2   2   2   2   2   2   2   2   2   2   2   2   2   2   2   2
   2   2   2   2   2   2   2   2   2   2   2   2   2   2   2
       6  -0.500000000   0.000000000  -0.788044408      33
        2   2   2   2   2   2   2   2   2   2   2   2   2   2   2   2   2   2
   2   2   2   2   2   2   2   2   2   2   2   2   2   2   2
       7  -0.500000000  -0.505263609   0.000000000      33
        2   2   2   2   2   2   2   2   2   2   2   2   2   2   2   2   2   2
   2   2   2   2   2   2   2   2   2   2   2   2   2   2   2
       8  -0.500000000  -0.505263609  -0.788044408      33
        2   2   2   2   2   2   2   2   2   2   2   2   2   2   2   2   2   2
   2   2   2   2   2   2   2   2   2   2   2   2   2   2   2

     Saving dvscf to file. Distribute only q points, not irreducible representations.

     Calculation of q =    0.0000000   0.0000000   0.0000000

                                                                                

     bravais-lattice index     =            8
     lattice parameter (alat)  =      13.6741  a.u.
     unit-cell volume          =    1605.3416 (a.u.)^3
     number of atoms/cell      =           22
     number of atomic types    =            3
     kinetic-energy cut-off    =     100.0000  Ry
     charge density cut-off    =     800.0000  Ry
     convergence threshold     =      1.0E-14
     beta                      =       0.7000
     number of iterations used =            4
     Exchange-correlation= PBESOL
                           (   1   4  10   8   0   0   0)


     celldm(1)=   13.67410  celldm(2)=    0.98958  celldm(3)=    0.63448
     celldm(4)=    0.00000  celldm(5)=    0.00000  celldm(6)=    0.00000

     crystal axes: (cart. coord. in units of alat)
               a(1) = (  1.0000  0.0000  0.0000 )  
               a(2) = (  0.0000  0.9896  0.0000 )  
               a(3) = (  0.0000  0.0000  0.6345 )  

     reciprocal axes: (cart. coord. in units 2 pi/alat)
               b(1) = (  1.0000  0.0000  0.0000 )  
               b(2) = (  0.0000  1.0105  0.0000 )  
               b(3) = (  0.0000  0.0000  1.5761 )  


     Atoms inside the unit cell: 

     Cartesian axes

     site n.  atom      mass           positions (alat units)
        1  Ba    137.3270   tau(    1) = (    0.50000    0.49479    0.31725  )
        2  Ba    137.3270   tau(    2) = (    0.00000    0.00000    0.63447  )
        3  B      10.8110   tau(    3) = (    0.64136    0.26486    0.00001  )
        4  B      10.8110   tau(    4) = (    0.35864    0.72472    0.00001  )
        5  B      10.8110   tau(    5) = (    0.14136    0.22993    0.31723  )
        6  B      10.8110   tau(    6) = (    0.85864    0.75965    0.31723  )
        7  H       1.0079   tau(    7) = (    0.47146    0.27914    0.00001  )
        8  H       1.0079   tau(    8) = (    0.52854    0.71045    0.00001  )
        9  H       1.0079   tau(    9) = (    0.97146    0.21566    0.31723  )
       10  H       1.0079   tau(   10) = (    0.02854    0.77393    0.31723  )
       11  H       1.0079   tau(   11) = (    0.71284    0.42013    0.00001  )
       12  H       1.0079   tau(   12) = (    0.28716    0.56945    0.00001  )
       13  H       1.0079   tau(   13) = (    0.21284    0.07466    0.31723  )
       14  H       1.0079   tau(   14) = (    0.78716    0.91492    0.31723  )
       15  H       1.0079   tau(   15) = (    0.68722    0.18184    0.49342  )
       16  H       1.0079   tau(   16) = (    0.31278    0.80775    0.49342  )
       17  H       1.0079   tau(   17) = (    0.18722    0.31295    0.45830  )
       18  H       1.0079   tau(   18) = (    0.81278    0.67663    0.45830  )
       19  H       1.0079   tau(   19) = (    0.31278    0.80775    0.14108  )
       20  H       1.0079   tau(   20) = (    0.68722    0.18184    0.14108  )
       21  H       1.0079   tau(   21) = (    0.81278    0.67663    0.17616  )
       22  H       1.0079   tau(   22) = (    0.18722    0.31296    0.17616  )

     Computing dynamical matrix for 
                    q = (   0.0000000   0.0000000   0.0000000 )

      5 Sym.Ops. (with q -> -q+G )


     G cutoff = 3789.0269  (  25557 G-vectors)     FFT grid: (128,128, 80)
     G cutoff = 1894.5135  (   9039 G-vectors)  smooth grid: ( 90, 90, 60)
     number of k points=    27

     PseudoPot. # 1 for B  read from file:
     /home/mehlhorn/pseudos/b_pbesol_v1.4.uspp.F.UPF
     MD5 check sum: 369b69bef2c3aeed4453bd8b804fd6a8
     Pseudo is Ultrasoft + core correction, Zval =  3.0
     Generated by new atomic code, or converted to UPF format
     Using radial grid of  781 points,  4 beta functions with: 
                l(1) =   0
                l(2) =   0
                l(3) =   1
                l(4) =   1
     Q(r) pseudized with  8 coefficients,  rinner =    1.100   1.100   1.100


     PseudoPot. # 2 for Ba read from file:
     /home/mehlhorn/pseudos/Ba.nc.z_10.oncvpsp4.dojo.v4-sp.upf
     MD5 check sum: c10ed334bb677c0554edec7181ce9143
     Pseudo is Norm-conserving + core correction, Zval = 10.0
     Generated using ONCVPSP code by D. R. Hamann
     Using radial grid of 1938 points,  8 beta functions with: 
                l(1) =   0
                l(2) =   0
                l(3) =   1
                l(4) =   1
                l(5) =   2
                l(6) =   2
                l(7) =   3
                l(8) =   3

     PseudoPot. # 3 for H  read from file:
     /home/mehlhorn/pseudos/H_ONCV_PBEsol-1.0.upf
     MD5 check sum: 398ef8f67c0a7342c05c87c5e19ea467
     Pseudo is Norm-conserving, Zval =  1.0
     Generated using ONCVPSP code by D. R. Hamann
     Using radial grid of 1180 points,  2 beta functions with: 
                l(1) =   0
                l(2) =   0

     Mode symmetry, D_2  (222)  point group:


     Electric field:
     Dielectric constant
     Born effective charges in two ways 


     Atomic displacements:
     There are   66 irreducible representations

     Representation     1      1 modes -  To be done

     Representation     2      1 modes -  To be done

     Representation     3      1 modes -  To be done

     Representation     4      1 modes -  To be done

     Representation     5      1 modes -  To be done

     Representation     6      1 modes -  To be done

     Representation     7      1 modes -  To be done

     Representation     8      1 modes -  To be done

     Representation     9      1 modes -  To be done

     Representation    10      1 modes -  To be done

     Representation    11      1 modes -  To be done

     Representation    12      1 modes -  To be done

     Representation    13      1 modes -  To be done

     Representation    14      1 modes -  To be done

     Representation    15      1 modes -  To be done

     Representation    16      1 modes -  To be done

     Representation    17      1 modes -  To be done

     Representation    18      1 modes -  To be done

     Representation    19      1 modes -  To be done

     Representation    20      1 modes -  To be done

     Representation    21      1 modes -  To be done

     Representation    22      1 modes -  To be done

     Representation    23      1 modes -  To be done

     Representation    24      1 modes -  To be done

     Representation    25      1 modes -  To be done

     Representation    26      1 modes -  To be done

     Representation    27      1 modes -  To be done

     Representation    28      1 modes -  To be done

     Representation    29      1 modes -  To be done

     Representation    30      1 modes -  To be done

     Representation    31      1 modes -  To be done

     Representation    32      1 modes -  To be done

     Representation    33      1 modes -  To be done

     Representation    34      1 modes -  To be done

     Representation    35      1 modes -  To be done

     Representation    36      1 modes -  To be done

     Representation    37      1 modes -  To be done

     Representation    38      1 modes -  To be done

     Representation    39      1 modes -  To be done

     Representation    40      1 modes -  To be done

     Representation    41      1 modes -  To be done

     Representation    42      1 modes -  To be done

     Representation    43      1 modes -  To be done

     Representation    44      1 modes -  To be done

     Representation    45      1 modes -  To be done

     Representation    46      1 modes -  To be done

     Representation    47      1 modes -  To be done

     Representation    48      1 modes -  To be done

     Representation    49      1 modes -  To be done

     Representation    50      1 modes -  To be done

     Representation    51      1 modes -  To be done

     Representation    52      1 modes -  To be done

     Representation    53      1 modes -  To be done

     Representation    54      1 modes -  To be done

     Representation    55      1 modes -  To be done

     Representation    56      1 modes -  To be done

     Representation    57      1 modes -  To be done

     Representation    58      1 modes -  To be done

     Representation    59      1 modes -  To be done

     Representation    60      1 modes -  To be done

     Representation    61      1 modes -  To be done

     Representation    62      1 modes -  To be done

     Representation    63      1 modes -  To be done

     Representation    64      1 modes -  To be done

     Representation    65      1 modes -  To be done

     Representation    66      1 modes -  To be done



     Alpha used in Ewald sum =   2.8000
     PHONON       :   3m45.52s CPU   3m49.55s WALL


     Electric Fields Calculation

      iter #   1 total cpu time :   942.7 secs   av.it.:   7.5
      thresh= 1.000E-02 alpha_mix =  0.700 |ddv_scf|^2 =  6.099E-09

      iter #   2 total cpu time :  1256.0 secs   av.it.:  17.0
      thresh= 7.810E-06 alpha_mix =  0.700 |ddv_scf|^2 =  1.101E-09

      iter #   3 total cpu time :  1563.6 secs   av.it.:  16.1
      thresh= 3.318E-06 alpha_mix =  0.700 |ddv_scf|^2 =  8.173E-11

      iter #   4 total cpu time :  1868.6 secs   av.it.:  16.1
      thresh= 9.040E-07 alpha_mix =  0.700 |ddv_scf|^2 =  1.029E-11

      iter #   5 total cpu time :  2166.7 secs   av.it.:  15.7
      thresh= 3.207E-07 alpha_mix =  0.700 |ddv_scf|^2 =  9.192E-13

      iter #   6 total cpu time :  2462.2 secs   av.it.:  15.7
      thresh= 9.587E-08 alpha_mix =  0.700 |ddv_scf|^2 =  2.499E-14

      iter #   7 total cpu time :  2760.2 secs   av.it.:  15.9
      thresh= 1.581E-08 alpha_mix =  0.700 |ddv_scf|^2 =  3.062E-15

     End of electric fields calculation

          Dielectric constant in cartesian axis 

          (       2.836195373       0.000000000       0.000000000 )
          (       0.000000000       2.863538450       0.000000000 )
          (       0.000000000       0.000000000       3.080682526 )

          Effective charges (d Force / dE) in cartesian axis without acoustic sum rule applied (asr)

           atom    1  Ba    Mean Z*:        2.59005
      Ex  (        2.38401       -0.06180        0.00000 )
      Ey  (        0.22185        2.38764        0.00000 )
      Ez  (        0.00000        0.00000        2.99849 )
           atom    2  Ba    Mean Z*:        2.59005
      Ex  (        2.38401        0.06180        0.00000 )
      Ey  (       -0.22185        2.38764        0.00000 )
      Ez  (        0.00000        0.00000        2.99849 )
           atom    3  B     Mean Z*:       -0.07869
      Ex  (       -0.09038        0.00425        0.00000 )
      Ey  (        0.13814        0.03279       -0.00000 )
      Ez  (        0.00001       -0.00001       -0.17846 )
           atom    4  B     Mean Z*:       -0.07869
      Ex  (       -0.09038        0.00425       -0.00000 )
      Ey  (        0.13814        0.03279        0.00000 )
      Ez  (       -0.00001        0.00001       -0.17846 )
           atom    5  B     Mean Z*:       -0.07869
      Ex  (       -0.09038       -0.00425       -0.00000 )
      Ey  (       -0.13814        0.03279       -0.00000 )
      Ez  (       -0.00001       -0.00001       -0.17846 )
           atom    6  B     Mean Z*:       -0.07869
      Ex  (       -0.09038       -0.00425        0.00000 )
      Ey  (       -0.13814        0.03279        0.00000 )
      Ez  (        0.00001        0.00001       -0.17846 )
           atom    7  H     Mean Z*:       -0.31516
      Ex  (       -0.46149        0.11608       -0.00002 )
      Ey  (        0.12941       -0.22509        0.00001 )
      Ez  (       -0.00001        0.00001       -0.25890 )
           atom    8  H     Mean Z*:       -0.31516
      Ex  (       -0.46149        0.11608        0.00002 )
      Ey  (        0.12941       -0.22509       -0.00001 )
      Ez  (        0.00001       -0.00001       -0.25890 )
           atom    9  H     Mean Z*:       -0.31516
      Ex  (       -0.46149       -0.11608        0.00002 )
      Ey  (       -0.12941       -0.22509        0.00001 )
      Ez  (        0.00001        0.00001       -0.25890 )
           atom   10  H     Mean Z*:       -0.31516
      Ex  (       -0.46149       -0.11608       -0.00002 )
      Ey  (       -0.12941       -0.22509       -0.00001 )
      Ez  (       -0.00001       -0.00001       -0.25890 )
           atom   11  H     Mean Z*:       -0.31187
      Ex  (       -0.19966        0.03023       -0.00000 )
      Ey  (       -0.06876       -0.46895        0.00003 )
      Ez  (       -0.00000        0.00002       -0.26700 )
           atom   12  H     Mean Z*:       -0.31187
      Ex  (       -0.19966        0.03023        0.00000 )
      Ey  (       -0.06876       -0.46895       -0.00003 )
      Ez  (        0.00000       -0.00002       -0.26700 )
           atom   13  H     Mean Z*:       -0.31187
      Ex  (       -0.19966       -0.03023        0.00000 )
      Ey  (        0.06876       -0.46895        0.00003 )
      Ez  (        0.00000        0.00002       -0.26700 )
           atom   14  H     Mean Z*:       -0.31187
      Ex  (       -0.19966       -0.03023       -0.00000 )
      Ey  (        0.06876       -0.46895       -0.00003 )
      Ez  (       -0.00000       -0.00002       -0.26700 )
           atom   15  H     Mean Z*:       -0.29434
      Ex  (       -0.22023        0.17179        0.08609 )
      Ey  (        0.13711       -0.26546       -0.09980 )
      Ez  (        0.05358       -0.10397       -0.39734 )
           atom   16  H     Mean Z*:       -0.29434
      Ex  (       -0.22023        0.17179       -0.08609 )
      Ey  (        0.13711       -0.26546        0.09980 )
      Ez  (       -0.05358        0.10397       -0.39734 )
           atom   17  H     Mean Z*:       -0.29434
      Ex  (       -0.22023       -0.17179       -0.08609 )
      Ey  (       -0.13711       -0.26546       -0.09980 )
      Ez  (       -0.05358       -0.10397       -0.39734 )
           atom   18  H     Mean Z*:       -0.29434
      Ex  (       -0.22023       -0.17179        0.08609 )
      Ey  (       -0.13711       -0.26546        0.09980 )
      Ez  (        0.05358        0.10397       -0.39734 )
           atom   19  H     Mean Z*:       -0.29431
      Ex  (       -0.22021        0.17176        0.08607 )
      Ey  (        0.13709       -0.26543       -0.09977 )
      Ez  (        0.05357       -0.10394       -0.39730 )
           atom   20  H     Mean Z*:       -0.29431
      Ex  (       -0.22021        0.17176       -0.08607 )
      Ey  (        0.13709       -0.26543        0.09977 )
      Ez  (       -0.05357        0.10394       -0.39730 )
           atom   21  H     Mean Z*:       -0.29431
      Ex  (       -0.22021       -0.17176       -0.08607 )
      Ey  (       -0.13709       -0.26543       -0.09977 )
      Ez  (       -0.05357       -0.10394       -0.39730 )
           atom   22  H     Mean Z*:       -0.29431
      Ex  (       -0.22021       -0.17176        0.08607 )
      Ey  (       -0.13709       -0.26543        0.09977 )
      Ez  (        0.05357        0.10394       -0.39730 )

          Effective charges Sum: Mean:        0.00260
              0.00014        0.00000        0.00000
              0.00000        0.00671       -0.00000
             -0.00000        0.00000        0.00096

          Effective charges (d Force / dE) in cartesian axis with asr applied: 
           atom    1  Ba    Mean Z*:        2.58993
      E*x (        2.38401       -0.06180        0.00000 )
      E*y (        0.22185        2.38733       -0.00000 )
      E*z (        0.00000        0.00000        2.99845 )
           atom    2  Ba    Mean Z*:        2.58993
      E*x (        2.38401        0.06180        0.00000 )
      E*y (       -0.22185        2.38733       -0.00000 )
      E*z (        0.00000        0.00000        2.99845 )
           atom    3  B     Mean Z*:       -0.07880
      E*x (       -0.09039        0.00425        0.00000 )
      E*y (        0.13814        0.03248       -0.00000 )
      E*z (        0.00001       -0.00001       -0.17851 )
           atom    4  B     Mean Z*:       -0.07880
      E*x (       -0.09039        0.00425       -0.00000 )
      E*y (        0.13814        0.03248        0.00000 )
      E*z (       -0.00001        0.00001       -0.17851 )
           atom    5  B     Mean Z*:       -0.07880
      E*x (       -0.09039       -0.00425       -0.00000 )
      E*y (       -0.13814        0.03248       -0.00000 )
      E*z (       -0.00001       -0.00001       -0.17851 )
           atom    6  B     Mean Z*:       -0.07880
      E*x (       -0.09039       -0.00425        0.00000 )
      E*y (       -0.13814        0.03248        0.00000 )
      E*z (        0.00001        0.00001       -0.17851 )
           atom    7  H     Mean Z*:       -0.31528
      E*x (       -0.46150        0.11608       -0.00002 )
      E*y (        0.12941       -0.22540        0.00001 )
      E*z (       -0.00001        0.00001       -0.25894 )
           atom    8  H     Mean Z*:       -0.31528
      E*x (       -0.46150        0.11608        0.00002 )
      E*y (        0.12941       -0.22540       -0.00001 )
      E*z (        0.00001       -0.00001       -0.25894 )
           atom    9  H     Mean Z*:       -0.31528
      E*x (       -0.46150       -0.11608        0.00002 )
      E*y (       -0.12941       -0.22540        0.00001 )
      E*z (        0.00001        0.00001       -0.25894 )
           atom   10  H     Mean Z*:       -0.31528
      E*x (       -0.46150       -0.11608       -0.00002 )
      E*y (       -0.12941       -0.22540       -0.00001 )
      E*z (       -0.00001       -0.00001       -0.25894 )
           atom   11  H     Mean Z*:       -0.31199
      E*x (       -0.19967        0.03023       -0.00000 )
      E*y (       -0.06876       -0.46925        0.00003 )
      E*z (       -0.00000        0.00002       -0.26704 )
           atom   12  H     Mean Z*:       -0.31199
      E*x (       -0.19967        0.03023        0.00000 )
      E*y (       -0.06876       -0.46925       -0.00003 )
      E*z (        0.00000       -0.00002       -0.26704 )
           atom   13  H     Mean Z*:       -0.31199
      E*x (       -0.19967       -0.03023        0.00000 )
      E*y (        0.06876       -0.46925        0.00003 )
      E*z (        0.00000        0.00002       -0.26704 )
           atom   14  H     Mean Z*:       -0.31199
      E*x (       -0.19967       -0.03023       -0.00000 )
      E*y (        0.06876       -0.46925       -0.00003 )
      E*z (       -0.00000       -0.00002       -0.26704 )
           atom   15  H     Mean Z*:       -0.29446
      E*x (       -0.22023        0.17179        0.08609 )
      E*y (        0.13711       -0.26577       -0.09980 )
      E*z (        0.05358       -0.10397       -0.39739 )
           atom   16  H     Mean Z*:       -0.29446
      E*x (       -0.22023        0.17179       -0.08609 )
      E*y (        0.13711       -0.26577        0.09980 )
      E*z (       -0.05358        0.10397       -0.39739 )
           atom   17  H     Mean Z*:       -0.29446
      E*x (       -0.22023       -0.17179       -0.08609 )
      E*y (       -0.13711       -0.26577       -0.09980 )
      E*z (       -0.05358       -0.10397       -0.39739 )
           atom   18  H     Mean Z*:       -0.29446
      E*x (       -0.22023       -0.17179        0.08609 )
      E*y (       -0.13711       -0.26577        0.09980 )
      E*z (        0.05358        0.10397       -0.39739 )
           atom   19  H     Mean Z*:       -0.29443
      E*x (       -0.22022        0.17176        0.08607 )
      E*y (        0.13709       -0.26573       -0.09977 )
      E*z (        0.05357       -0.10394       -0.39735 )
           atom   20  H     Mean Z*:       -0.29443
      E*x (       -0.22022        0.17176       -0.08607 )
      E*y (        0.13709       -0.26573        0.09977 )
      E*z (       -0.05357        0.10394       -0.39735 )
           atom   21  H     Mean Z*:       -0.29443
      E*x (       -0.22022       -0.17176       -0.08607 )
      E*y (       -0.13709       -0.26573       -0.09977 )
      E*z (       -0.05357       -0.10394       -0.39735 )
           atom   22  H     Mean Z*:       -0.29443
      E*x (       -0.22022       -0.17176        0.08607 )
      E*y (       -0.13709       -0.26573        0.09977 )
      E*z (        0.05357        0.10394       -0.39735 )


     Representation #   1 mode #   1

     Self-consistent Calculation

      iter #   1 total cpu time :  5547.3 secs   av.it.:   3.0
      thresh= 1.000E-02 alpha_mix =  0.700 |ddv_scf|^2 =  1.135E-09

      iter #   2 total cpu time :  5647.0 secs   av.it.:  15.6
      thresh= 3.369E-06 alpha_mix =  0.700 |ddv_scf|^2 =  2.014E-10

      iter #   3 total cpu time :  5748.5 secs   av.it.:  15.5
      thresh= 1.419E-06 alpha_mix =  0.700 |ddv_scf|^2 =  2.145E-12

      iter #   4 total cpu time :  5852.9 secs   av.it.:  15.6
      thresh= 1.464E-07 alpha_mix =  0.700 |ddv_scf|^2 =  3.618E-14

      iter #   5 total cpu time :  5958.0 secs   av.it.:  16.0
      thresh= 1.902E-08 alpha_mix =  0.700 |ddv_scf|^2 =  1.633E-15

     End of self-consistent calculation

     Convergence has been achieved 


     Representation #   2 mode #   2

     Self-consistent Calculation

      iter #   1 total cpu time :  6030.1 secs   av.it.:   3.0
      thresh= 1.000E-02 alpha_mix =  0.700 |ddv_scf|^2 =  1.078E-09

      iter #   2 total cpu time :  6131.9 secs   av.it.:  16.0
      thresh= 3.283E-06 alpha_mix =  0.700 |ddv_scf|^2 =  3.244E-10

      iter #   3 total cpu time :  6230.4 secs   av.it.:  15.7
      thresh= 1.801E-06 alpha_mix =  0.700 |ddv_scf|^2 =  1.928E-12

      iter #   4 total cpu time :  6332.4 secs   av.it.:  16.0
      thresh= 1.388E-07 alpha_mix =  0.700 |ddv_scf|^2 =  5.740E-14

      iter #   5 total cpu time :  6433.2 secs   av.it.:  16.0
      thresh= 2.396E-08 alpha_mix =  0.700 |ddv_scf|^2 =  2.805E-15

     End of self-consistent calculation

     Convergence has been achieved 


     Representation #   3 mode #   3

     Self-consistent Calculation

      iter #   1 total cpu time :  6503.8 secs   av.it.:   3.0
      thresh= 1.000E-02 alpha_mix =  0.700 |ddv_scf|^2 =  4.037E-10

      iter #   2 total cpu time :  6606.3 secs   av.it.:  16.0
      thresh= 2.009E-06 alpha_mix =  0.700 |ddv_scf|^2 =  2.661E-11

      iter #   3 total cpu time :  6709.2 secs   av.it.:  16.0
      thresh= 5.159E-07 alpha_mix =  0.700 |ddv_scf|^2 =  3.326E-12

      iter #   4 total cpu time :  6810.5 secs   av.it.:  15.9
      thresh= 1.824E-07 alpha_mix =  0.700 |ddv_scf|^2 =  1.023E-13

      iter #   5 total cpu time :  6911.9 secs   av.it.:  15.9
      thresh= 3.198E-08 alpha_mix =  0.700 |ddv_scf|^2 =  4.174E-15

     End of self-consistent calculation

     Convergence has been achieved 


     Representation #   4 mode #   4

     Self-consistent Calculation

      iter #   1 total cpu time :  6990.3 secs   av.it.:   4.6
      thresh= 1.000E-02 alpha_mix =  0.700 |ddv_scf|^2 =  8.494E-09

      iter #   2 total cpu time :  7095.9 secs   av.it.:  16.0
      thresh= 9.216E-06 alpha_mix =  0.700 |ddv_scf|^2 =  1.546E-09

      iter #   3 total cpu time :  7195.6 secs   av.it.:  15.6
      thresh= 3.932E-06 alpha_mix =  0.700 |ddv_scf|^2 =  1.389E-11

      iter #   4 total cpu time :  7295.8 secs   av.it.:  15.9
      thresh= 3.727E-07 alpha_mix =  0.700 |ddv_scf|^2 =  1.027E-12

      iter #   5 total cpu time :  7398.1 secs   av.it.:  15.9
      thresh= 1.013E-07 alpha_mix =  0.700 |ddv_scf|^2 =  1.208E-14

      iter #   6 total cpu time :  7503.1 secs   av.it.:  16.0
      thresh= 1.099E-08 alpha_mix =  0.700 |ddv_scf|^2 =  1.695E-16

     End of self-consistent calculation

     Convergence has been achieved 


     Representation #   5 mode #   5

     Self-consistent Calculation

      iter #   1 total cpu time :  7610.4 secs   av.it.:   6.4
      thresh= 1.000E-02 alpha_mix =  0.700 |ddv_scf|^2 =  4.174E-08

      iter #   2 total cpu time :  7708.7 secs   av.it.:  15.4
      thresh= 2.043E-05 alpha_mix =  0.700 |ddv_scf|^2 =  1.021E-08

      iter #   3 total cpu time :  7804.2 secs   av.it.:  14.9
      thresh= 1.010E-05 alpha_mix =  0.700 |ddv_scf|^2 =  2.473E-11

      iter #   4 total cpu time :  7901.7 secs   av.it.:  15.3
      thresh= 4.973E-07 alpha_mix =  0.700 |ddv_scf|^2 =  6.874E-13

      iter #   5 total cpu time :  7998.6 secs   av.it.:  15.3
      thresh= 8.291E-08 alpha_mix =  0.700 |ddv_scf|^2 =  8.252E-15

     End of self-consistent calculation

     Convergence has been achieved 


     Representation #   6 mode #   6

     Self-consistent Calculation

      iter #   1 total cpu time :  8075.2 secs   av.it.:   3.0
      thresh= 1.000E-02 alpha_mix =  0.700 |ddv_scf|^2 =  1.305E-09

      iter #   2 total cpu time :  8177.8 secs   av.it.:  15.9
      thresh= 3.612E-06 alpha_mix =  0.700 |ddv_scf|^2 =  3.412E-10

      iter #   3 total cpu time :  8278.7 secs   av.it.:  15.9
      thresh= 1.847E-06 alpha_mix =  0.700 |ddv_scf|^2 =  4.086E-12

      iter #   4 total cpu time :  8379.6 secs   av.it.:  15.9
      thresh= 2.021E-07 alpha_mix =  0.700 |ddv_scf|^2 =  1.757E-13

      iter #   5 total cpu time :  8481.3 secs   av.it.:  15.9
      thresh= 4.191E-08 alpha_mix =  0.700 |ddv_scf|^2 =  5.206E-15

     End of self-consistent calculation

     Convergence has been achieved 


     Representation #   7 mode #   7

     Self-consistent Calculation

      iter #   1 total cpu time :  8552.7 secs   av.it.:   3.0
      thresh= 1.000E-02 alpha_mix =  0.700 |ddv_scf|^2 =  1.132E-09

      iter #   2 total cpu time :  8657.2 secs   av.it.:  15.8
      thresh= 3.365E-06 alpha_mix =  0.700 |ddv_scf|^2 =  9.300E-11

      iter #   3 total cpu time :  8764.3 secs   av.it.:  15.9
      thresh= 9.644E-07 alpha_mix =  0.700 |ddv_scf|^2 =  2.580E-12

      iter #   4 total cpu time :  8871.3 secs   av.it.:  16.0
      thresh= 1.606E-07 alpha_mix =  0.700 |ddv_scf|^2 =  3.484E-13

      iter #   5 total cpu time :  8976.3 secs   av.it.:  15.9
      thresh= 5.902E-08 alpha_mix =  0.700 |ddv_scf|^2 =  6.512E-15

     End of self-consistent calculation

     Convergence has been achieved 


     Representation #   8 mode #   8

     Self-consistent Calculation

      iter #   1 total cpu time :  9047.4 secs   av.it.:   3.0
      thresh= 1.000E-02 alpha_mix =  0.700 |ddv_scf|^2 =  4.628E-10

      iter #   2 total cpu time :  9152.8 secs   av.it.:  15.9
      thresh= 2.151E-06 alpha_mix =  0.700 |ddv_scf|^2 =  2.741E-11

      iter #   3 total cpu time :  9259.6 secs   av.it.:  16.0
      thresh= 5.235E-07 alpha_mix =  0.700 |ddv_scf|^2 =  1.266E-12

      iter #   4 total cpu time :  9366.7 secs   av.it.:  16.0
      thresh= 1.125E-07 alpha_mix =  0.700 |ddv_scf|^2 =  9.359E-14

      iter #   5 total cpu time :  9472.8 secs   av.it.:  16.0
      thresh= 3.059E-08 alpha_mix =  0.700 |ddv_scf|^2 =  4.966E-15

     End of self-consistent calculation

     Convergence has been achieved 


     Representation #   9 mode #   9

     Self-consistent Calculation

      iter #   1 total cpu time :  9552.7 secs   av.it.:   4.3
      thresh= 1.000E-02 alpha_mix =  0.700 |ddv_scf|^2 =  6.339E-09

      iter #   2 total cpu time :  9658.9 secs   av.it.:  16.0
      thresh= 7.962E-06 alpha_mix =  0.700 |ddv_scf|^2 =  7.930E-10

      iter #   3 total cpu time :  9760.3 secs   av.it.:  15.9
      thresh= 2.816E-06 alpha_mix =  0.700 |ddv_scf|^2 =  1.308E-11

      iter #   4 total cpu time :  9861.0 secs   av.it.:  15.9
      thresh= 3.617E-07 alpha_mix =  0.700 |ddv_scf|^2 =  1.267E-12

      iter #   5 total cpu time :  9962.1 secs   av.it.:  15.9
      thresh= 1.126E-07 alpha_mix =  0.700 |ddv_scf|^2 =  1.935E-14

      iter #   6 total cpu time : 10066.7 secs   av.it.:  16.0
      thresh= 1.391E-08 alpha_mix =  0.700 |ddv_scf|^2 =  2.346E-16

     End of self-consistent calculation

     Convergence has been achieved 


     Representation #  10 mode #  10

     Self-consistent Calculation

      iter #   1 total cpu time : 10156.9 secs   av.it.:   3.0
      thresh= 1.000E-02 alpha_mix =  0.700 |ddv_scf|^2 =  1.020E-09

      iter #   2 total cpu time : 10259.1 secs   av.it.:  16.0
      thresh= 3.193E-06 alpha_mix =  0.700 |ddv_scf|^2 =  1.375E-10

      iter #   3 total cpu time : 10362.4 secs   av.it.:  15.9
      thresh= 1.173E-06 alpha_mix =  0.700 |ddv_scf|^2 =  4.887E-12

      iter #   4 total cpu time : 10467.5 secs   av.it.:  15.9
      thresh= 2.211E-07 alpha_mix =  0.700 |ddv_scf|^2 =  1.416E-13

      iter #   5 total cpu time : 10572.0 secs   av.it.:  15.9
      thresh= 3.763E-08 alpha_mix =  0.700 |ddv_scf|^2 =  6.210E-15

     End of self-consistent calculation

     Convergence has been achieved 


     Representation #  11 mode #  11

     Self-consistent Calculation

      iter #   1 total cpu time : 10643.7 secs   av.it.:   3.0
      thresh= 1.000E-02 alpha_mix =  0.700 |ddv_scf|^2 =  5.566E-10

      iter #   2 total cpu time : 10750.5 secs   av.it.:  16.0
      thresh= 2.359E-06 alpha_mix =  0.700 |ddv_scf|^2 =  8.734E-11

      iter #   3 total cpu time : 10856.1 secs   av.it.:  15.9
      thresh= 9.346E-07 alpha_mix =  0.700 |ddv_scf|^2 =  4.987E-12

      iter #   4 total cpu time : 10961.3 secs   av.it.:  15.9
      thresh= 2.233E-07 alpha_mix =  0.700 |ddv_scf|^2 =  8.013E-14

      iter #   5 total cpu time : 11065.6 secs   av.it.:  15.9
      thresh= 2.831E-08 alpha_mix =  0.700 |ddv_scf|^2 =  4.235E-15

     End of self-consistent calculation

     Convergence has been achieved 


     Representation #  12 mode #  12

     Self-consistent Calculation

      iter #   1 total cpu time : 11137.1 secs   av.it.:   3.0
      thresh= 1.000E-02 alpha_mix =  0.700 |ddv_scf|^2 =  5.424E-10

      iter #   2 total cpu time : 11243.9 secs   av.it.:  16.0
      thresh= 2.329E-06 alpha_mix =  0.700 |ddv_scf|^2 =  8.152E-11

      iter #   3 total cpu time : 11349.7 secs   av.it.:  16.0
      thresh= 9.029E-07 alpha_mix =  0.700 |ddv_scf|^2 =  3.674E-12

      iter #   4 total cpu time : 11455.5 secs   av.it.:  15.9
      thresh= 1.917E-07 alpha_mix =  0.700 |ddv_scf|^2 =  1.824E-13

      iter #   5 total cpu time : 11559.5 secs   av.it.:  15.9
      thresh= 4.271E-08 alpha_mix =  0.700 |ddv_scf|^2 =  5.594E-15

     End of self-consistent calculation

     Convergence has been achieved 


     Representation #  13 mode #  13

     Self-consistent Calculation

      iter #   1 total cpu time : 11631.7 secs   av.it.:   3.3
      thresh= 1.000E-02 alpha_mix =  0.700 |ddv_scf|^2 =  1.432E-09

      iter #   2 total cpu time : 11731.4 secs   av.it.:  15.9
      thresh= 3.784E-06 alpha_mix =  0.700 |ddv_scf|^2 =  4.396E-10

      iter #   3 total cpu time : 11828.4 secs   av.it.:  15.6
      thresh= 2.097E-06 alpha_mix =  0.700 |ddv_scf|^2 =  1.879E-12

      iter #   4 total cpu time : 11930.2 secs   av.it.:  15.9
      thresh= 1.371E-07 alpha_mix =  0.700 |ddv_scf|^2 =  5.702E-14

      iter #   5 total cpu time : 12033.7 secs   av.it.:  15.8
      thresh= 2.388E-08 alpha_mix =  0.700 |ddv_scf|^2 =  2.786E-15

     End of self-consistent calculation

     Convergence has been achieved 


     Representation #  14 mode #  14

     Self-consistent Calculation

      iter #   1 total cpu time : 12111.4 secs   av.it.:   4.0
      thresh= 1.000E-02 alpha_mix =  0.700 |ddv_scf|^2 =  6.050E-09

      iter #   2 total cpu time : 12214.8 secs   av.it.:  15.8
      thresh= 7.778E-06 alpha_mix =  0.700 |ddv_scf|^2 =  5.702E-10

      iter #   3 total cpu time : 12315.4 secs   av.it.:  15.7
      thresh= 2.388E-06 alpha_mix =  0.700 |ddv_scf|^2 =  8.285E-12

      iter #   4 total cpu time : 12416.8 secs   av.it.:  15.9
      thresh= 2.878E-07 alpha_mix =  0.700 |ddv_scf|^2 =  1.166E-12

      iter #   5 total cpu time : 12517.4 secs   av.it.:  15.9
      thresh= 1.080E-07 alpha_mix =  0.700 |ddv_scf|^2 =  4.993E-14

      iter #   6 total cpu time : 12617.4 secs   av.it.:  15.8
      thresh= 2.235E-08 alpha_mix =  0.700 |ddv_scf|^2 =  1.853E-16

     End of self-consistent calculation

     Convergence has been achieved 


     Representation #  15 mode #  15

     Self-consistent Calculation

      iter #   1 total cpu time : 12707.5 secs   av.it.:   3.0
      thresh= 1.000E-02 alpha_mix =  0.700 |ddv_scf|^2 =  1.104E-09

      iter #   2 total cpu time : 12808.8 secs   av.it.:  16.0
      thresh= 3.323E-06 alpha_mix =  0.700 |ddv_scf|^2 =  1.752E-10

      iter #   3 total cpu time : 12909.0 secs   av.it.:  15.7
      thresh= 1.324E-06 alpha_mix =  0.700 |ddv_scf|^2 =  2.615E-12

      iter #   4 total cpu time : 13010.1 secs   av.it.:  15.9
      thresh= 1.617E-07 alpha_mix =  0.700 |ddv_scf|^2 =  9.453E-14

      iter #   5 total cpu time : 13110.5 secs   av.it.:  16.0
      thresh= 3.074E-08 alpha_mix =  0.700 |ddv_scf|^2 =  4.274E-15

     End of self-consistent calculation

     Convergence has been achieved 


     Representation #  16 mode #  16

     Self-consistent Calculation

      iter #   1 total cpu time : 13182.6 secs   av.it.:   3.0
      thresh= 1.000E-02 alpha_mix =  0.700 |ddv_scf|^2 =  1.313E-09

      iter #   2 total cpu time : 13284.9 secs   av.it.:  16.0
      thresh= 3.624E-06 alpha_mix =  0.700 |ddv_scf|^2 =  4.476E-10

      iter #   3 total cpu time : 13383.2 secs   av.it.:  15.6
      thresh= 2.116E-06 alpha_mix =  0.700 |ddv_scf|^2 =  1.356E-12

      iter #   4 total cpu time : 13483.7 secs   av.it.:  16.0
      thresh= 1.165E-07 alpha_mix =  0.700 |ddv_scf|^2 =  4.616E-14

      iter #   5 total cpu time : 13582.1 secs   av.it.:  15.9
      thresh= 2.148E-08 alpha_mix =  0.700 |ddv_scf|^2 =  3.105E-15

     End of self-consistent calculation

     Convergence has been achieved 


     Representation #  17 mode #  17

     Self-consistent Calculation

      iter #   1 total cpu time : 13660.7 secs   av.it.:   4.7
      thresh= 1.000E-02 alpha_mix =  0.700 |ddv_scf|^2 =  1.319E-08

      iter #   2 total cpu time : 13760.3 secs   av.it.:  16.0
      thresh= 1.148E-05 alpha_mix =  0.700 |ddv_scf|^2 =  6.744E-09

      iter #   3 total cpu time : 13859.5 secs   av.it.:  15.0
      thresh= 8.212E-06 alpha_mix =  0.700 |ddv_scf|^2 =  7.296E-11

      iter #   4 total cpu time : 13963.7 secs   av.it.:  15.6
      thresh= 8.542E-07 alpha_mix =  0.700 |ddv_scf|^2 =  4.669E-12

      iter #   5 total cpu time : 14068.1 secs   av.it.:  15.7
      thresh= 2.161E-07 alpha_mix =  0.700 |ddv_scf|^2 =  3.631E-13

      iter #   6 total cpu time : 14172.3 secs   av.it.:  15.6
      thresh= 6.026E-08 alpha_mix =  0.700 |ddv_scf|^2 =  5.985E-15

     End of self-consistent calculation

     Convergence has been achieved 


     Representation #  18 mode #  18

     Self-consistent Calculation

      iter #   1 total cpu time : 14264.4 secs   av.it.:   3.4
      thresh= 1.000E-02 alpha_mix =  0.700 |ddv_scf|^2 =  3.001E-09

      iter #   2 total cpu time : 14365.1 secs   av.it.:  15.9
      thresh= 5.479E-06 alpha_mix =  0.700 |ddv_scf|^2 =  1.576E-09

      iter #   3 total cpu time : 14461.0 secs   av.it.:  15.0
      thresh= 3.970E-06 alpha_mix =  0.700 |ddv_scf|^2 =  3.232E-12

      iter #   4 total cpu time : 14562.1 secs   av.it.:  15.9
      thresh= 1.798E-07 alpha_mix =  0.700 |ddv_scf|^2 =  7.214E-13

      iter #   5 total cpu time : 14662.9 secs   av.it.:  15.0
      thresh= 8.494E-08 alpha_mix =  0.700 |ddv_scf|^2 =  4.502E-14

      iter #   6 total cpu time : 14761.3 secs   av.it.:  15.0
      thresh= 2.122E-08 alpha_mix =  0.700 |ddv_scf|^2 =  3.848E-15

     End of self-consistent calculation

     Convergence has been achieved 


     Representation #  19 mode #  19

     Self-consistent Calculation

      iter #   1 total cpu time : 14832.6 secs   av.it.:   3.0
      thresh= 1.000E-02 alpha_mix =  0.700 |ddv_scf|^2 =  7.719E-10

      iter #   2 total cpu time : 14937.2 secs   av.it.:  16.0
      thresh= 2.778E-06 alpha_mix =  0.700 |ddv_scf|^2 =  1.607E-10

      iter #   3 total cpu time : 15041.0 secs   av.it.:  15.9
      thresh= 1.268E-06 alpha_mix =  0.700 |ddv_scf|^2 =  8.866E-12

      iter #   4 total cpu time : 15141.7 secs   av.it.:  15.0
      thresh= 2.978E-07 alpha_mix =  0.700 |ddv_scf|^2 =  5.690E-13

      iter #   5 total cpu time : 15243.8 secs   av.it.:  15.6
      thresh= 7.544E-08 alpha_mix =  0.700 |ddv_scf|^2 =  1.788E-14

      iter #   6 total cpu time : 15346.7 secs   av.it.:  15.8
      thresh= 1.337E-08 alpha_mix =  0.700 |ddv_scf|^2 =  2.712E-15

     End of self-consistent calculation

     Convergence has been achieved 


     Representation #  20 mode #  20

     Self-consistent Calculation

      iter #   1 total cpu time : 15420.7 secs   av.it.:   3.7
      thresh= 1.000E-02 alpha_mix =  0.700 |ddv_scf|^2 =  4.016E-09

      iter #   2 total cpu time : 15523.4 secs   av.it.:  15.7
      thresh= 6.337E-06 alpha_mix =  0.700 |ddv_scf|^2 =  2.006E-09

      iter #   3 total cpu time : 15622.6 secs   av.it.:  14.9
      thresh= 4.479E-06 alpha_mix =  0.700 |ddv_scf|^2 =  5.028E-12

      iter #   4 total cpu time : 15719.6 secs   av.it.:  15.1
      thresh= 2.242E-07 alpha_mix =  0.700 |ddv_scf|^2 =  3.427E-13

      iter #   5 total cpu time : 15815.9 secs   av.it.:  15.0
      thresh= 5.854E-08 alpha_mix =  0.700 |ddv_scf|^2 =  3.314E-14

      iter #   6 total cpu time : 15912.0 secs   av.it.:  14.9
      thresh= 1.820E-08 alpha_mix =  0.700 |ddv_scf|^2 =  2.871E-15

     End of self-consistent calculation

     Convergence has been achieved 


     Representation #  21 mode #  21

     Self-consistent Calculation

      iter #   1 total cpu time : 15985.9 secs   av.it.:   3.1
      thresh= 1.000E-02 alpha_mix =  0.700 |ddv_scf|^2 =  7.026E-09

      iter #   2 total cpu time : 16090.6 secs   av.it.:  15.6
      thresh= 8.382E-06 alpha_mix =  0.700 |ddv_scf|^2 =  4.961E-09

      iter #   3 total cpu time : 16190.5 secs   av.it.:  14.9
      thresh= 7.043E-06 alpha_mix =  0.700 |ddv_scf|^2 =  4.076E-12

      iter #   4 total cpu time : 16295.9 secs   av.it.:  16.0
      thresh= 2.019E-07 alpha_mix =  0.700 |ddv_scf|^2 =  5.473E-13

      iter #   5 total cpu time : 16396.5 secs   av.it.:  15.9
      thresh= 7.398E-08 alpha_mix =  0.700 |ddv_scf|^2 =  4.896E-14

      iter #   6 total cpu time : 16495.2 secs   av.it.:  15.7
      thresh= 2.213E-08 alpha_mix =  0.700 |ddv_scf|^2 =  3.591E-15

     End of self-consistent calculation

     Convergence has been achieved 


     Representation #  22 mode #  22

     Self-consistent Calculation

      iter #   1 total cpu time : 16582.5 secs   av.it.:   6.6
      thresh= 1.000E-02 alpha_mix =  0.700 |ddv_scf|^2 =  3.149E-08

      iter #   2 total cpu time : 16679.6 secs   av.it.:  15.3
      thresh= 1.775E-05 alpha_mix =  0.700 |ddv_scf|^2 =  5.161E-09

      iter #   3 total cpu time : 16775.9 secs   av.it.:  15.3
      thresh= 7.184E-06 alpha_mix =  0.700 |ddv_scf|^2 =  2.404E-11

      iter #   4 total cpu time : 16872.6 secs   av.it.:  15.3
      thresh= 4.903E-07 alpha_mix =  0.700 |ddv_scf|^2 =  1.821E-13

      iter #   5 total cpu time : 16970.5 secs   av.it.:  15.5
      thresh= 4.267E-08 alpha_mix =  0.700 |ddv_scf|^2 =  6.124E-15

     End of self-consistent calculation

     Convergence has been achieved 


     Representation #  23 mode #  23

     Self-consistent Calculation

      iter #   1 total cpu time : 17046.6 secs   av.it.:   3.0
      thresh= 1.000E-02 alpha_mix =  0.700 |ddv_scf|^2 =  5.289E-09

      iter #   2 total cpu time : 17144.5 secs   av.it.:  15.3
      thresh= 7.273E-06 alpha_mix =  0.700 |ddv_scf|^2 =  3.179E-09

      iter #   3 total cpu time : 17238.7 secs   av.it.:  14.9
      thresh= 5.638E-06 alpha_mix =  0.700 |ddv_scf|^2 =  1.155E-11

      iter #   4 total cpu time : 17336.8 secs   av.it.:  15.1
      thresh= 3.399E-07 alpha_mix =  0.700 |ddv_scf|^2 =  1.152E-12

      iter #   5 total cpu time : 17434.2 secs   av.it.:  15.0
      thresh= 1.073E-07 alpha_mix =  0.700 |ddv_scf|^2 =  2.355E-14

      iter #   6 total cpu time : 17533.2 secs   av.it.:  15.6
      thresh= 1.535E-08 alpha_mix =  0.700 |ddv_scf|^2 =  1.034E-15

     End of self-consistent calculation

     Convergence has been achieved 


     Representation #  24 mode #  24

     Self-consistent Calculation

      iter #   1 total cpu time : 17603.6 secs   av.it.:   3.0
      thresh= 1.000E-02 alpha_mix =  0.700 |ddv_scf|^2 =  6.538E-10

      iter #   2 total cpu time : 17704.7 secs   av.it.:  16.0
      thresh= 2.557E-06 alpha_mix =  0.700 |ddv_scf|^2 =  1.057E-10

      iter #   3 total cpu time : 17804.7 secs   av.it.:  15.7
      thresh= 1.028E-06 alpha_mix =  0.700 |ddv_scf|^2 =  7.917E-12

      iter #   4 total cpu time : 17901.3 secs   av.it.:  15.0
      thresh= 2.814E-07 alpha_mix =  0.700 |ddv_scf|^2 =  6.330E-13

      iter #   5 total cpu time : 18001.9 secs   av.it.:  15.3
      thresh= 7.956E-08 alpha_mix =  0.700 |ddv_scf|^2 =  9.456E-15

     End of self-consistent calculation

     Convergence has been achieved 


     Representation #  25 mode #  25

     Self-consistent Calculation

      iter #   1 total cpu time : 18074.6 secs   av.it.:   3.0
      thresh= 1.000E-02 alpha_mix =  0.700 |ddv_scf|^2 =  4.956E-09

      iter #   2 total cpu time : 18177.8 secs   av.it.:  15.8
      thresh= 7.040E-06 alpha_mix =  0.700 |ddv_scf|^2 =  2.644E-09

      iter #   3 total cpu time : 18276.6 secs   av.it.:  14.9
      thresh= 5.142E-06 alpha_mix =  0.700 |ddv_scf|^2 =  2.108E-11

      iter #   4 total cpu time : 18375.6 secs   av.it.:  15.0
      thresh= 4.591E-07 alpha_mix =  0.700 |ddv_scf|^2 =  1.169E-12

      iter #   5 total cpu time : 18476.8 secs   av.it.:  15.0
      thresh= 1.081E-07 alpha_mix =  0.700 |ddv_scf|^2 =  2.896E-14

      iter #   6 total cpu time : 18580.1 secs   av.it.:  15.9
      thresh= 1.702E-08 alpha_mix =  0.700 |ddv_scf|^2 =  5.178E-15

     End of self-consistent calculation

     Convergence has been achieved 


     Representation #  26 mode #  26

     Self-consistent Calculation

      iter #   1 total cpu time : 18650.7 secs   av.it.:   3.0
      thresh= 1.000E-02 alpha_mix =  0.700 |ddv_scf|^2 =  4.319E-09

      iter #   2 total cpu time : 18748.4 secs   av.it.:  15.0
      thresh= 6.572E-06 alpha_mix =  0.700 |ddv_scf|^2 =  1.434E-09

      iter #   3 total cpu time : 18843.2 secs   av.it.:  14.8
      thresh= 3.787E-06 alpha_mix =  0.700 |ddv_scf|^2 =  4.487E-12

      iter #   4 total cpu time : 18942.5 secs   av.it.:  15.6
      thresh= 2.118E-07 alpha_mix =  0.700 |ddv_scf|^2 =  1.191E-12

      iter #   5 total cpu time : 19038.6 secs   av.it.:  14.9
      thresh= 1.091E-07 alpha_mix =  0.700 |ddv_scf|^2 =  1.604E-14

      iter #   6 total cpu time : 19138.0 secs   av.it.:  15.7
      thresh= 1.267E-08 alpha_mix =  0.700 |ddv_scf|^2 =  3.422E-15

     End of self-consistent calculation

     Convergence has been achieved 


     Representation #  27 mode #  27

     Self-consistent Calculation

      iter #   1 total cpu time : 19217.3 secs   av.it.:   5.0
      thresh= 1.000E-02 alpha_mix =  0.700 |ddv_scf|^2 =  3.771E-08

      iter #   2 total cpu time : 19318.9 secs   av.it.:  15.0
      thresh= 1.942E-05 alpha_mix =  0.700 |ddv_scf|^2 =  1.735E-08

      iter #   3 total cpu time : 19416.1 secs   av.it.:  14.5
      thresh= 1.317E-05 alpha_mix =  0.700 |ddv_scf|^2 =  9.103E-11

      iter #   4 total cpu time : 19516.2 secs   av.it.:  14.9
      thresh= 9.541E-07 alpha_mix =  0.700 |ddv_scf|^2 =  5.567E-12

      iter #   5 total cpu time : 19616.9 secs   av.it.:  15.0
      thresh= 2.359E-07 alpha_mix =  0.700 |ddv_scf|^2 =  1.135E-13

      iter #   6 total cpu time : 19722.1 secs   av.it.:  15.9
      thresh= 3.369E-08 alpha_mix =  0.700 |ddv_scf|^2 =  1.885E-14

      iter #   7 total cpu time : 19824.0 secs   av.it.:  15.0
      thresh= 1.373E-08 alpha_mix =  0.700 |ddv_scf|^2 =  3.378E-16

     End of self-consistent calculation

     Convergence has been achieved 


     Representation #  28 mode #  28

     Self-consistent Calculation

      iter #   1 total cpu time : 19914.6 secs   av.it.:   3.0
      thresh= 1.000E-02 alpha_mix =  0.700 |ddv_scf|^2 =  6.143E-09

      iter #   2 total cpu time : 20012.9 secs   av.it.:  15.0
      thresh= 7.838E-06 alpha_mix =  0.700 |ddv_scf|^2 =  4.009E-09

      iter #   3 total cpu time : 20105.2 secs   av.it.:  14.1
      thresh= 6.332E-06 alpha_mix =  0.700 |ddv_scf|^2 =  8.986E-12

      iter #   4 total cpu time : 20202.6 secs   av.it.:  15.0
      thresh= 2.998E-07 alpha_mix =  0.700 |ddv_scf|^2 =  1.464E-12

      iter #   5 total cpu time : 20297.0 secs   av.it.:  14.8
      thresh= 1.210E-07 alpha_mix =  0.700 |ddv_scf|^2 =  1.735E-14

      iter #   6 total cpu time : 20396.3 secs   av.it.:  15.7
      thresh= 1.317E-08 alpha_mix =  0.700 |ddv_scf|^2 =  3.127E-15

     End of self-consistent calculation

     Convergence has been achieved 


     Representation #  29 mode #  29

     Self-consistent Calculation

      iter #   1 total cpu time : 20469.2 secs   av.it.:   3.9
      thresh= 1.000E-02 alpha_mix =  0.700 |ddv_scf|^2 =  3.344E-09

      iter #   2 total cpu time : 20572.3 secs   av.it.:  15.9
      thresh= 5.782E-06 alpha_mix =  0.700 |ddv_scf|^2 =  1.885E-09

      iter #   3 total cpu time : 20669.5 secs   av.it.:  15.0
      thresh= 4.341E-06 alpha_mix =  0.700 |ddv_scf|^2 =  1.182E-12

      iter #   4 total cpu time : 20771.6 secs   av.it.:  16.0
      thresh= 1.087E-07 alpha_mix =  0.700 |ddv_scf|^2 =  2.163E-13

      iter #   5 total cpu time : 20871.2 secs   av.it.:  15.0
      thresh= 4.650E-08 alpha_mix =  0.700 |ddv_scf|^2 =  2.713E-14

      iter #   6 total cpu time : 20970.1 secs   av.it.:  15.0
      thresh= 1.647E-08 alpha_mix =  0.700 |ddv_scf|^2 =  1.916E-15

     End of self-consistent calculation

     Convergence has been achieved 


     Representation #  30 mode #  30

     Self-consistent Calculation

      iter #   1 total cpu time : 21051.2 secs   av.it.:   5.0
      thresh= 1.000E-02 alpha_mix =  0.700 |ddv_scf|^2 =  4.630E-08

      iter #   2 total cpu time : 21154.4 secs   av.it.:  15.2
      thresh= 2.152E-05 alpha_mix =  0.700 |ddv_scf|^2 =  3.571E-08

      iter #   3 total cpu time : 21252.4 secs   av.it.:  14.5
      thresh= 1.890E-05 alpha_mix =  0.700 |ddv_scf|^2 =  2.948E-11

      iter #   4 total cpu time : 21359.2 secs   av.it.:  16.0
      thresh= 5.429E-07 alpha_mix =  0.700 |ddv_scf|^2 =  4.195E-12

      iter #   5 total cpu time : 21465.1 secs   av.it.:  15.9
      thresh= 2.048E-07 alpha_mix =  0.700 |ddv_scf|^2 =  2.749E-13

      iter #   6 total cpu time : 21571.1 secs   av.it.:  15.9
      thresh= 5.244E-08 alpha_mix =  0.700 |ddv_scf|^2 =  1.520E-14

      iter #   7 total cpu time : 21676.6 secs   av.it.:  15.9
      thresh= 1.233E-08 alpha_mix =  0.700 |ddv_scf|^2 =  1.606E-15

     End of self-consistent calculation

     Convergence has been achieved 


     Representation #  31 mode #  31

     Self-consistent Calculation

      iter #   1 total cpu time : 21767.3 secs   av.it.:   3.0
      thresh= 1.000E-02 alpha_mix =  0.700 |ddv_scf|^2 =  5.451E-09

      iter #   2 total cpu time : 21869.5 secs   av.it.:  15.0
      thresh= 7.383E-06 alpha_mix =  0.700 |ddv_scf|^2 =  3.166E-09

      iter #   3 total cpu time : 21967.6 secs   av.it.:  14.6
      thresh= 5.626E-06 alpha_mix =  0.700 |ddv_scf|^2 =  1.303E-11

      iter #   4 total cpu time : 22069.8 secs   av.it.:  15.0
      thresh= 3.610E-07 alpha_mix =  0.700 |ddv_scf|^2 =  1.490E-12

      iter #   5 total cpu time : 22169.4 secs   av.it.:  14.9
      thresh= 1.221E-07 alpha_mix =  0.700 |ddv_scf|^2 =  1.950E-14

      iter #   6 total cpu time : 22270.0 secs   av.it.:  15.2
      thresh= 1.396E-08 alpha_mix =  0.700 |ddv_scf|^2 =  1.483E-15

     End of self-consistent calculation

     Convergence has been achieved 


     Representation #  32 mode #  32

     Self-consistent Calculation

      iter #   1 total cpu time : 22342.9 secs   av.it.:   3.4
      thresh= 1.000E-02 alpha_mix =  0.700 |ddv_scf|^2 =  1.873E-09

      iter #   2 total cpu time : 22449.8 secs   av.it.:  16.0
      thresh= 4.328E-06 alpha_mix =  0.700 |ddv_scf|^2 =  9.913E-10

      iter #   3 total cpu time : 22551.1 secs   av.it.:  14.9
      thresh= 3.149E-06 alpha_mix =  0.700 |ddv_scf|^2 =  3.090E-12

      iter #   4 total cpu time : 22654.6 secs   av.it.:  15.7
      thresh= 1.758E-07 alpha_mix =  0.700 |ddv_scf|^2 =  3.739E-13

      iter #   5 total cpu time : 22752.6 secs   av.it.:  15.0
      thresh= 6.115E-08 alpha_mix =  0.700 |ddv_scf|^2 =  3.343E-14

      iter #   6 total cpu time : 22849.9 secs   av.it.:  15.0
      thresh= 1.828E-08 alpha_mix =  0.700 |ddv_scf|^2 =  3.474E-15

     End of self-consistent calculation

     Convergence has been achieved 


     Representation #  33 mode #  33

     Self-consistent Calculation

      iter #   1 total cpu time : 22921.7 secs   av.it.:   3.1
      thresh= 1.000E-02 alpha_mix =  0.700 |ddv_scf|^2 =  2.951E-09

      iter #   2 total cpu time : 23023.4 secs   av.it.:  15.9
      thresh= 5.432E-06 alpha_mix =  0.700 |ddv_scf|^2 =  2.104E-09

      iter #   3 total cpu time : 23119.9 secs   av.it.:  14.9
      thresh= 4.587E-06 alpha_mix =  0.700 |ddv_scf|^2 =  5.343E-12

      iter #   4 total cpu time : 23226.8 secs   av.it.:  16.0
      thresh= 2.311E-07 alpha_mix =  0.700 |ddv_scf|^2 =  5.034E-13

      iter #   5 total cpu time : 23332.9 secs   av.it.:  16.0
      thresh= 7.095E-08 alpha_mix =  0.700 |ddv_scf|^2 =  1.903E-14

      iter #   6 total cpu time : 23437.4 secs   av.it.:  15.9
      thresh= 1.379E-08 alpha_mix =  0.700 |ddv_scf|^2 =  2.360E-15

     End of self-consistent calculation

     Convergence has been achieved 


     Representation #  34 mode #  34

     Self-consistent Calculation

      iter #   1 total cpu time : 23508.3 secs   av.it.:   3.0
      thresh= 1.000E-02 alpha_mix =  0.700 |ddv_scf|^2 =  9.489E-10

      iter #   2 total cpu time : 23613.1 secs   av.it.:  15.9
      thresh= 3.080E-06 alpha_mix =  0.700 |ddv_scf|^2 =  2.275E-10

      iter #   3 total cpu time : 23714.7 secs   av.it.:  15.0
      thresh= 1.508E-06 alpha_mix =  0.700 |ddv_scf|^2 =  1.079E-11

      iter #   4 total cpu time : 23817.1 secs   av.it.:  15.3
      thresh= 3.285E-07 alpha_mix =  0.700 |ddv_scf|^2 =  4.391E-13

      iter #   5 total cpu time : 23919.9 secs   av.it.:  15.3
      thresh= 6.626E-08 alpha_mix =  0.700 |ddv_scf|^2 =  2.681E-14

      iter #   6 total cpu time : 24021.7 secs   av.it.:  15.0
      thresh= 1.637E-08 alpha_mix =  0.700 |ddv_scf|^2 =  8.931E-16

     End of self-consistent calculation

     Convergence has been achieved 


     Representation #  35 mode #  35

     Self-consistent Calculation

      iter #   1 total cpu time : 24094.1 secs   av.it.:   3.0
      thresh= 1.000E-02 alpha_mix =  0.700 |ddv_scf|^2 =  1.694E-09

      iter #   2 total cpu time : 24198.8 secs   av.it.:  15.9
      thresh= 4.116E-06 alpha_mix =  0.700 |ddv_scf|^2 =  4.656E-10

      iter #   3 total cpu time : 24300.6 secs   av.it.:  15.2
      thresh= 2.158E-06 alpha_mix =  0.700 |ddv_scf|^2 =  1.454E-11

      iter #   4 total cpu time : 24402.0 secs   av.it.:  15.0
      thresh= 3.813E-07 alpha_mix =  0.700 |ddv_scf|^2 =  8.738E-13

      iter #   5 total cpu time : 24504.1 secs   av.it.:  15.1
      thresh= 9.348E-08 alpha_mix =  0.700 |ddv_scf|^2 =  2.944E-14

      iter #   6 total cpu time : 24608.1 secs   av.it.:  15.9
      thresh= 1.716E-08 alpha_mix =  0.700 |ddv_scf|^2 =  1.433E-15

     End of self-consistent calculation

     Convergence has been achieved 


     Representation #  36 mode #  36

     Self-consistent Calculation

      iter #   1 total cpu time : 24686.6 secs   av.it.:   4.1
      thresh= 1.000E-02 alpha_mix =  0.700 |ddv_scf|^2 =  4.371E-09

      iter #   2 total cpu time : 24789.3 secs   av.it.:  16.0
      thresh= 6.611E-06 alpha_mix =  0.700 |ddv_scf|^2 =  2.592E-10

      iter #   3 total cpu time : 24891.7 secs   av.it.:  16.0
      thresh= 1.610E-06 alpha_mix =  0.700 |ddv_scf|^2 =  5.336E-12

      iter #   4 total cpu time : 24994.2 secs   av.it.:  16.0
      thresh= 2.310E-07 alpha_mix =  0.700 |ddv_scf|^2 =  1.598E-12

      iter #   5 total cpu time : 25093.0 secs   av.it.:  15.2
      thresh= 1.264E-07 alpha_mix =  0.700 |ddv_scf|^2 =  3.772E-14

      iter #   6 total cpu time : 25193.3 secs   av.it.:  15.9
      thresh= 1.942E-08 alpha_mix =  0.700 |ddv_scf|^2 =  1.113E-15

     End of self-consistent calculation

     Convergence has been achieved 


     Representation #  37 mode #  37

     Self-consistent Calculation

      iter #   1 total cpu time : 25282.8 secs   av.it.:   3.0
      thresh= 1.000E-02 alpha_mix =  0.700 |ddv_scf|^2 =  6.366E-10

      iter #   2 total cpu time : 25385.3 secs   av.it.:  16.0
      thresh= 2.523E-06 alpha_mix =  0.700 |ddv_scf|^2 =  9.320E-11

      iter #   3 total cpu time : 25487.7 secs   av.it.:  15.9
      thresh= 9.654E-07 alpha_mix =  0.700 |ddv_scf|^2 =  1.345E-11

      iter #   4 total cpu time : 25589.1 secs   av.it.:  15.0
      thresh= 3.667E-07 alpha_mix =  0.700 |ddv_scf|^2 =  2.315E-13

      iter #   5 total cpu time : 25692.6 secs   av.it.:  15.6
      thresh= 4.811E-08 alpha_mix =  0.700 |ddv_scf|^2 =  5.411E-15

     End of self-consistent calculation

     Convergence has been achieved 


     Representation #  38 mode #  38

     Self-consistent Calculation

      iter #   1 total cpu time : 25764.3 secs   av.it.:   3.0
      thresh= 1.000E-02 alpha_mix =  0.700 |ddv_scf|^2 =  1.271E-09

      iter #   2 total cpu time : 25866.1 secs   av.it.:  16.0
      thresh= 3.565E-06 alpha_mix =  0.700 |ddv_scf|^2 =  2.352E-10

      iter #   3 total cpu time : 25966.0 secs   av.it.:  15.6
      thresh= 1.534E-06 alpha_mix =  0.700 |ddv_scf|^2 =  6.505E-12

      iter #   4 total cpu time : 26066.3 secs   av.it.:  15.7
      thresh= 2.550E-07 alpha_mix =  0.700 |ddv_scf|^2 =  8.043E-13

      iter #   5 total cpu time : 26164.6 secs   av.it.:  15.0
      thresh= 8.968E-08 alpha_mix =  0.700 |ddv_scf|^2 =  1.811E-14

      iter #   6 total cpu time : 26265.4 secs   av.it.:  15.9
      thresh= 1.346E-08 alpha_mix =  0.700 |ddv_scf|^2 =  1.150E-15

     End of self-consistent calculation

     Convergence has been achieved 


     Representation #  39 mode #  39

     Self-consistent Calculation

      iter #   1 total cpu time : 26353.2 secs   av.it.:   6.0
      thresh= 1.000E-02 alpha_mix =  0.700 |ddv_scf|^2 =  1.698E-07

      iter #   2 total cpu time : 26456.1 secs   av.it.:  15.3
      thresh= 4.120E-05 alpha_mix =  0.700 |ddv_scf|^2 =  7.938E-08

      iter #   3 total cpu time : 26556.5 secs   av.it.:  14.8
      thresh= 2.817E-05 alpha_mix =  0.700 |ddv_scf|^2 =  3.671E-10

      iter #   4 total cpu time : 26660.5 secs   av.it.:  15.6
      thresh= 1.916E-06 alpha_mix =  0.700 |ddv_scf|^2 =  1.252E-11

      iter #   5 total cpu time : 26761.2 secs   av.it.:  15.7
      thresh= 3.539E-07 alpha_mix =  0.700 |ddv_scf|^2 =  5.733E-13

      iter #   6 total cpu time : 26859.6 secs   av.it.:  15.2
      thresh= 7.571E-08 alpha_mix =  0.700 |ddv_scf|^2 =  8.539E-14

      iter #   7 total cpu time : 26954.0 secs   av.it.:  14.6
      thresh= 2.922E-08 alpha_mix =  0.700 |ddv_scf|^2 =  6.964E-15

     End of self-consistent calculation

     Convergence has been achieved 


     Representation #  40 mode #  40

     Self-consistent Calculation

      iter #   1 total cpu time : 27037.7 secs   av.it.:   4.7
      thresh= 1.000E-02 alpha_mix =  0.700 |ddv_scf|^2 =  9.137E-09

      iter #   2 total cpu time : 27140.0 secs   av.it.:  15.9
      thresh= 9.559E-06 alpha_mix =  0.700 |ddv_scf|^2 =  2.133E-09

      iter #   3 total cpu time : 27239.2 secs   av.it.:  15.2
      thresh= 4.618E-06 alpha_mix =  0.700 |ddv_scf|^2 =  1.485E-11

      iter #   4 total cpu time : 27341.2 secs   av.it.:  15.9
      thresh= 3.854E-07 alpha_mix =  0.700 |ddv_scf|^2 =  1.597E-12

      iter #   5 total cpu time : 27441.8 secs   av.it.:  15.9
      thresh= 1.264E-07 alpha_mix =  0.700 |ddv_scf|^2 =  3.163E-13

      iter #   6 total cpu time : 27538.2 secs   av.it.:  15.0
      thresh= 5.624E-08 alpha_mix =  0.700 |ddv_scf|^2 =  3.760E-15

     End of self-consistent calculation

     Convergence has been achieved 


     Representation #  41 mode #  41

     Self-consistent Calculation

      iter #   1 total cpu time : 27630.2 secs   av.it.:   3.9
      thresh= 1.000E-02 alpha_mix =  0.700 |ddv_scf|^2 =  5.590E-09

      iter #   2 total cpu time : 27729.0 secs   av.it.:  15.7
      thresh= 7.476E-06 alpha_mix =  0.700 |ddv_scf|^2 =  3.536E-09

      iter #   3 total cpu time : 27824.8 secs   av.it.:  14.9
      thresh= 5.947E-06 alpha_mix =  0.700 |ddv_scf|^2 =  2.905E-12

      iter #   4 total cpu time : 27926.6 secs   av.it.:  16.0
      thresh= 1.704E-07 alpha_mix =  0.700 |ddv_scf|^2 =  5.079E-13

      iter #   5 total cpu time : 28025.1 secs   av.it.:  15.3
      thresh= 7.127E-08 alpha_mix =  0.700 |ddv_scf|^2 =  4.465E-14

      iter #   6 total cpu time : 28122.5 secs   av.it.:  15.0
      thresh= 2.113E-08 alpha_mix =  0.700 |ddv_scf|^2 =  8.683E-16

     End of self-consistent calculation

     Convergence has been achieved 


     Representation #  42 mode #  42

     Self-consistent Calculation

      iter #   1 total cpu time : 28192.0 secs   av.it.:   3.0
      thresh= 1.000E-02 alpha_mix =  0.700 |ddv_scf|^2 =  5.052E-10

      iter #   2 total cpu time : 28293.8 secs   av.it.:  15.9
      thresh= 2.248E-06 alpha_mix =  0.700 |ddv_scf|^2 =  2.699E-10

      iter #   3 total cpu time : 28390.8 secs   av.it.:  15.0
      thresh= 1.643E-06 alpha_mix =  0.700 |ddv_scf|^2 =  5.149E-12

      iter #   4 total cpu time : 28489.1 secs   av.it.:  15.2
      thresh= 2.269E-07 alpha_mix =  0.700 |ddv_scf|^2 =  4.148E-13

      iter #   5 total cpu time : 28588.1 secs   av.it.:  15.5
      thresh= 6.441E-08 alpha_mix =  0.700 |ddv_scf|^2 =  1.672E-14

      iter #   6 total cpu time : 28686.6 secs   av.it.:  15.4
      thresh= 1.293E-08 alpha_mix =  0.700 |ddv_scf|^2 =  1.019E-15

     End of self-consistent calculation

     Convergence has been achieved 


     Representation #  43 mode #  43

     Self-consistent Calculation

      iter #   1 total cpu time : 28764.5 secs   av.it.:   4.1
      thresh= 1.000E-02 alpha_mix =  0.700 |ddv_scf|^2 =  4.801E-09

      iter #   2 total cpu time : 28867.3 secs   av.it.:  16.0
      thresh= 6.929E-06 alpha_mix =  0.700 |ddv_scf|^2 =  3.582E-10

      iter #   3 total cpu time : 28968.0 secs   av.it.:  15.9
      thresh= 1.892E-06 alpha_mix =  0.700 |ddv_scf|^2 =  8.904E-12

      iter #   4 total cpu time : 29069.5 secs   av.it.:  15.9
      thresh= 2.984E-07 alpha_mix =  0.700 |ddv_scf|^2 =  2.058E-12

      iter #   5 total cpu time : 29169.2 secs   av.it.:  15.7
      thresh= 1.435E-07 alpha_mix =  0.700 |ddv_scf|^2 =  1.211E-13

      iter #   6 total cpu time : 29266.8 secs   av.it.:  15.0
      thresh= 3.480E-08 alpha_mix =  0.700 |ddv_scf|^2 =  3.245E-15

     End of self-consistent calculation

     Convergence has been achieved 


     Representation #  44 mode #  44

     Self-consistent Calculation

      iter #   1 total cpu time : 29374.3 secs   av.it.:   6.3
      thresh= 1.000E-02 alpha_mix =  0.700 |ddv_scf|^2 =  6.560E-08

      iter #   2 total cpu time : 29474.4 secs   av.it.:  15.6
      thresh= 2.561E-05 alpha_mix =  0.700 |ddv_scf|^2 =  2.072E-08

      iter #   3 total cpu time : 29572.3 secs   av.it.:  15.3
      thresh= 1.440E-05 alpha_mix =  0.700 |ddv_scf|^2 =  1.993E-10

      iter #   4 total cpu time : 29671.4 secs   av.it.:  15.3
      thresh= 1.412E-06 alpha_mix =  0.700 |ddv_scf|^2 =  1.984E-11

      iter #   5 total cpu time : 29770.8 secs   av.it.:  15.1
      thresh= 4.455E-07 alpha_mix =  0.700 |ddv_scf|^2 =  4.235E-13

      iter #   6 total cpu time : 29874.6 secs   av.it.:  15.9
      thresh= 6.508E-08 alpha_mix =  0.700 |ddv_scf|^2 =  1.868E-14

      iter #   7 total cpu time : 29976.1 secs   av.it.:  15.5
      thresh= 1.367E-08 alpha_mix =  0.700 |ddv_scf|^2 =  1.524E-15

     End of self-consistent calculation

     Convergence has been achieved 


     Representation #  45 mode #  45

     Self-consistent Calculation

      iter #   1 total cpu time : 30051.4 secs   av.it.:   3.0
      thresh= 1.000E-02 alpha_mix =  0.700 |ddv_scf|^2 =  1.160E-09

      iter #   2 total cpu time : 30156.1 secs   av.it.:  16.0
      thresh= 3.406E-06 alpha_mix =  0.700 |ddv_scf|^2 =  3.889E-10

      iter #   3 total cpu time : 30254.1 secs   av.it.:  15.0
      thresh= 1.972E-06 alpha_mix =  0.700 |ddv_scf|^2 =  1.109E-11

      iter #   4 total cpu time : 30355.6 secs   av.it.:  15.4
      thresh= 3.331E-07 alpha_mix =  0.700 |ddv_scf|^2 =  3.154E-13

      iter #   5 total cpu time : 30456.6 secs   av.it.:  15.8
      thresh= 5.616E-08 alpha_mix =  0.700 |ddv_scf|^2 =  2.072E-14

      iter #   6 total cpu time : 30555.7 secs   av.it.:  15.4
      thresh= 1.439E-08 alpha_mix =  0.700 |ddv_scf|^2 =  1.188E-15

     End of self-consistent calculation

     Convergence has been achieved 


     Representation #  46 mode #  46

     Self-consistent Calculation

      iter #   1 total cpu time : 30625.4 secs   av.it.:   3.0
      thresh= 1.000E-02 alpha_mix =  0.700 |ddv_scf|^2 =  3.678E-10

      iter #   2 total cpu time : 30729.3 secs   av.it.:  16.0
      thresh= 1.918E-06 alpha_mix =  0.700 |ddv_scf|^2 =  6.815E-11

      iter #   3 total cpu time : 30831.2 secs   av.it.:  15.8
      thresh= 8.255E-07 alpha_mix =  0.700 |ddv_scf|^2 =  1.440E-11

      iter #   4 total cpu time : 30928.6 secs   av.it.:  15.0
      thresh= 3.795E-07 alpha_mix =  0.700 |ddv_scf|^2 =  1.536E-13

      iter #   5 total cpu time : 31031.3 secs   av.it.:  16.0
      thresh= 3.920E-08 alpha_mix =  0.700 |ddv_scf|^2 =  1.018E-14

      iter #   6 total cpu time : 31132.4 secs   av.it.:  15.9
      thresh= 1.009E-08 alpha_mix =  0.700 |ddv_scf|^2 =  7.507E-16

     End of self-consistent calculation

     Convergence has been achieved 


     Representation #  47 mode #  47

     Self-consistent Calculation

      iter #   1 total cpu time : 31204.2 secs   av.it.:   3.0
      thresh= 1.000E-02 alpha_mix =  0.700 |ddv_scf|^2 =  1.854E-09

      iter #   2 total cpu time : 31306.4 secs   av.it.:  16.0
      thresh= 4.306E-06 alpha_mix =  0.700 |ddv_scf|^2 =  1.388E-09

      iter #   3 total cpu time : 31402.0 secs   av.it.:  14.9
      thresh= 3.726E-06 alpha_mix =  0.700 |ddv_scf|^2 =  4.076E-12

      iter #   4 total cpu time : 31506.1 secs   av.it.:  16.1
      thresh= 2.019E-07 alpha_mix =  0.700 |ddv_scf|^2 =  4.562E-13

      iter #   5 total cpu time : 31608.4 secs   av.it.:  16.0
      thresh= 6.754E-08 alpha_mix =  0.700 |ddv_scf|^2 =  1.060E-14

      iter #   6 total cpu time : 31709.0 secs   av.it.:  15.9
      thresh= 1.029E-08 alpha_mix =  0.700 |ddv_scf|^2 =  1.436E-15

     End of self-consistent calculation

     Convergence has been achieved 


     Representation #  48 mode #  48

     Self-consistent Calculation

      iter #   1 total cpu time : 31781.2 secs   av.it.:   3.3
      thresh= 1.000E-02 alpha_mix =  0.700 |ddv_scf|^2 =  1.978E-09

      iter #   2 total cpu time : 31887.2 secs   av.it.:  15.9
      thresh= 4.448E-06 alpha_mix =  0.700 |ddv_scf|^2 =  1.446E-09

      iter #   3 total cpu time : 31986.0 secs   av.it.:  14.9
      thresh= 3.802E-06 alpha_mix =  0.700 |ddv_scf|^2 =  4.303E-12

      iter #   4 total cpu time : 32089.8 secs   av.it.:  16.0
      thresh= 2.074E-07 alpha_mix =  0.700 |ddv_scf|^2 =  4.128E-13

      iter #   5 total cpu time : 32192.3 secs   av.it.:  15.9
      thresh= 6.425E-08 alpha_mix =  0.700 |ddv_scf|^2 =  1.249E-14

      iter #   6 total cpu time : 32296.0 secs   av.it.:  15.9
      thresh= 1.118E-08 alpha_mix =  0.700 |ddv_scf|^2 =  1.532E-15

     End of self-consistent calculation

     Convergence has been achieved 


     Representation #  49 mode #  49

     Self-consistent Calculation

      iter #   1 total cpu time : 32367.7 secs   av.it.:   3.0
      thresh= 1.000E-02 alpha_mix =  0.700 |ddv_scf|^2 =  1.037E-09

      iter #   2 total cpu time : 32470.0 secs   av.it.:  16.0
      thresh= 3.220E-06 alpha_mix =  0.700 |ddv_scf|^2 =  5.664E-10

      iter #   3 total cpu time : 32566.7 secs   av.it.:  14.9
      thresh= 2.380E-06 alpha_mix =  0.700 |ddv_scf|^2 =  6.085E-12

      iter #   4 total cpu time : 32666.2 secs   av.it.:  15.7
      thresh= 2.467E-07 alpha_mix =  0.700 |ddv_scf|^2 =  3.137E-13

      iter #   5 total cpu time : 32768.5 secs   av.it.:  16.0
      thresh= 5.601E-08 alpha_mix =  0.700 |ddv_scf|^2 =  1.599E-14

      iter #   6 total cpu time : 32869.3 secs   av.it.:  15.9
      thresh= 1.264E-08 alpha_mix =  0.700 |ddv_scf|^2 =  9.348E-16

     End of self-consistent calculation

     Convergence has been achieved 


     Representation #  50 mode #  50

     Self-consistent Calculation

      iter #   1 total cpu time : 32947.0 secs   av.it.:   4.1
      thresh= 1.000E-02 alpha_mix =  0.700 |ddv_scf|^2 =  7.402E-09

      iter #   2 total cpu time : 33050.0 secs   av.it.:  16.0
      thresh= 8.603E-06 alpha_mix =  0.700 |ddv_scf|^2 =  2.211E-09

      iter #   3 total cpu time : 33148.2 secs   av.it.:  15.0
      thresh= 4.702E-06 alpha_mix =  0.700 |ddv_scf|^2 =  9.561E-11

      iter #   4 total cpu time : 33247.5 secs   av.it.:  15.2
      thresh= 9.778E-07 alpha_mix =  0.700 |ddv_scf|^2 =  2.139E-12

      iter #   5 total cpu time : 33352.6 secs   av.it.:  15.7
      thresh= 1.462E-07 alpha_mix =  0.700 |ddv_scf|^2 =  3.180E-13

      iter #   6 total cpu time : 33456.3 secs   av.it.:  15.4
      thresh= 5.639E-08 alpha_mix =  0.700 |ddv_scf|^2 =  1.397E-15

     End of self-consistent calculation

     Convergence has been achieved 


     Representation #  51 mode #  51

     Self-consistent Calculation

      iter #   1 total cpu time : 33548.8 secs   av.it.:   3.3
      thresh= 1.000E-02 alpha_mix =  0.700 |ddv_scf|^2 =  1.980E-09

      iter #   2 total cpu time : 33655.7 secs   av.it.:  16.0
      thresh= 4.450E-06 alpha_mix =  0.700 |ddv_scf|^2 =  1.488E-09

      iter #   3 total cpu time : 33756.1 secs   av.it.:  14.9
      thresh= 3.857E-06 alpha_mix =  0.700 |ddv_scf|^2 =  3.098E-12

      iter #   4 total cpu time : 33862.2 secs   av.it.:  16.3
      thresh= 1.760E-07 alpha_mix =  0.700 |ddv_scf|^2 =  5.240E-13

      iter #   5 total cpu time : 33964.4 secs   av.it.:  16.0
      thresh= 7.239E-08 alpha_mix =  0.700 |ddv_scf|^2 =  2.953E-14

      iter #   6 total cpu time : 34064.3 secs   av.it.:  15.7
      thresh= 1.718E-08 alpha_mix =  0.700 |ddv_scf|^2 =  2.824E-15

     End of self-consistent calculation

     Convergence has been achieved 


     Representation #  52 mode #  52

     Self-consistent Calculation

      iter #   1 total cpu time : 34135.2 secs   av.it.:   3.0
      thresh= 1.000E-02 alpha_mix =  0.700 |ddv_scf|^2 =  1.850E-09

      iter #   2 total cpu time : 34236.8 secs   av.it.:  15.9
      thresh= 4.302E-06 alpha_mix =  0.700 |ddv_scf|^2 =  9.241E-10

      iter #   3 total cpu time : 34335.5 secs   av.it.:  15.0
      thresh= 3.040E-06 alpha_mix =  0.700 |ddv_scf|^2 =  8.521E-12

      iter #   4 total cpu time : 34436.0 secs   av.it.:  15.7
      thresh= 2.919E-07 alpha_mix =  0.700 |ddv_scf|^2 =  4.952E-13

      iter #   5 total cpu time : 34536.9 secs   av.it.:  15.9
      thresh= 7.037E-08 alpha_mix =  0.700 |ddv_scf|^2 =  5.363E-14

      iter #   6 total cpu time : 34636.4 secs   av.it.:  15.3
      thresh= 2.316E-08 alpha_mix =  0.700 |ddv_scf|^2 =  1.683E-15

     End of self-consistent calculation

     Convergence has been achieved 


     Representation #  53 mode #  53

     Self-consistent Calculation

      iter #   1 total cpu time : 34707.9 secs   av.it.:   3.0
      thresh= 1.000E-02 alpha_mix =  0.700 |ddv_scf|^2 =  1.148E-09

      iter #   2 total cpu time : 34811.5 secs   av.it.:  16.0
      thresh= 3.388E-06 alpha_mix =  0.700 |ddv_scf|^2 =  5.116E-10

      iter #   3 total cpu time : 34910.4 secs   av.it.:  15.1
      thresh= 2.262E-06 alpha_mix =  0.700 |ddv_scf|^2 =  6.762E-12

      iter #   4 total cpu time : 35011.0 secs   av.it.:  15.8
      thresh= 2.600E-07 alpha_mix =  0.700 |ddv_scf|^2 =  7.373E-13

      iter #   5 total cpu time : 35110.2 secs   av.it.:  15.1
      thresh= 8.587E-08 alpha_mix =  0.700 |ddv_scf|^2 =  5.241E-14

      iter #   6 total cpu time : 35210.2 secs   av.it.:  15.6
      thresh= 2.289E-08 alpha_mix =  0.700 |ddv_scf|^2 =  1.670E-15

     End of self-consistent calculation

     Convergence has been achieved 


     Representation #  54 mode #  54

     Self-consistent Calculation

      iter #   1 total cpu time : 35282.2 secs   av.it.:   3.0
      thresh= 1.000E-02 alpha_mix =  0.700 |ddv_scf|^2 =  2.356E-09

      iter #   2 total cpu time : 35383.0 secs   av.it.:  15.9
      thresh= 4.853E-06 alpha_mix =  0.700 |ddv_scf|^2 =  1.332E-09

      iter #   3 total cpu time : 35479.1 secs   av.it.:  14.9
      thresh= 3.650E-06 alpha_mix =  0.700 |ddv_scf|^2 =  6.425E-12

      iter #   4 total cpu time : 35579.4 secs   av.it.:  15.6
      thresh= 2.535E-07 alpha_mix =  0.700 |ddv_scf|^2 =  7.121E-13

      iter #   5 total cpu time : 35679.5 secs   av.it.:  15.7
      thresh= 8.439E-08 alpha_mix =  0.700 |ddv_scf|^2 =  2.341E-14

      iter #   6 total cpu time : 35782.5 secs   av.it.:  15.9
      thresh= 1.530E-08 alpha_mix =  0.700 |ddv_scf|^2 =  1.957E-15

     End of self-consistent calculation

     Convergence has been achieved 


     Representation #  55 mode #  55

     Self-consistent Calculation

      iter #   1 total cpu time : 35853.2 secs   av.it.:   3.0
      thresh= 1.000E-02 alpha_mix =  0.700 |ddv_scf|^2 =  4.470E-10

      iter #   2 total cpu time : 35956.7 secs   av.it.:  16.0
      thresh= 2.114E-06 alpha_mix =  0.700 |ddv_scf|^2 =  8.257E-11

      iter #   3 total cpu time : 36057.9 secs   av.it.:  15.9
      thresh= 9.087E-07 alpha_mix =  0.700 |ddv_scf|^2 =  6.856E-12

      iter #   4 total cpu time : 36159.8 secs   av.it.:  15.6
      thresh= 2.618E-07 alpha_mix =  0.700 |ddv_scf|^2 =  2.124E-13

      iter #   5 total cpu time : 36265.1 secs   av.it.:  15.9
      thresh= 4.608E-08 alpha_mix =  0.700 |ddv_scf|^2 =  3.315E-14

      iter #   6 total cpu time : 36366.6 secs   av.it.:  14.9
      thresh= 1.821E-08 alpha_mix =  0.700 |ddv_scf|^2 =  1.523E-15

     End of self-consistent calculation

     Convergence has been achieved 


     Representation #  56 mode #  56

     Self-consistent Calculation

      iter #   1 total cpu time : 36457.6 secs   av.it.:   6.6
      thresh= 1.000E-02 alpha_mix =  0.700 |ddv_scf|^2 =  1.812E-07

      iter #   2 total cpu time : 36556.7 secs   av.it.:  15.5
      thresh= 4.256E-05 alpha_mix =  0.700 |ddv_scf|^2 =  1.276E-07

      iter #   3 total cpu time : 36651.3 secs   av.it.:  14.8
      thresh= 3.572E-05 alpha_mix =  0.700 |ddv_scf|^2 =  9.237E-11

      iter #   4 total cpu time : 36753.0 secs   av.it.:  15.9
      thresh= 9.611E-07 alpha_mix =  0.700 |ddv_scf|^2 =  1.933E-11

      iter #   5 total cpu time : 36852.7 secs   av.it.:  15.7
      thresh= 4.397E-07 alpha_mix =  0.700 |ddv_scf|^2 =  6.973E-13

      iter #   6 total cpu time : 36952.8 secs   av.it.:  15.7
      thresh= 8.351E-08 alpha_mix =  0.700 |ddv_scf|^2 =  2.644E-14

      iter #   7 total cpu time : 37049.7 secs   av.it.:  15.0
      thresh= 1.626E-08 alpha_mix =  0.700 |ddv_scf|^2 =  1.195E-15

     End of self-consistent calculation

     Convergence has been achieved 


     Representation #  57 mode #  57

     Self-consistent Calculation

      iter #   1 total cpu time : 37133.5 secs   av.it.:   5.0
      thresh= 1.000E-02 alpha_mix =  0.700 |ddv_scf|^2 =  2.444E-08

      iter #   2 total cpu time : 37232.5 secs   av.it.:  15.8
      thresh= 1.563E-05 alpha_mix =  0.700 |ddv_scf|^2 =  1.455E-08

      iter #   3 total cpu time : 37327.0 secs   av.it.:  14.9
      thresh= 1.206E-05 alpha_mix =  0.700 |ddv_scf|^2 =  4.803E-11

      iter #   4 total cpu time : 37428.1 secs   av.it.:  15.9
      thresh= 6.931E-07 alpha_mix =  0.700 |ddv_scf|^2 =  4.133E-12

      iter #   5 total cpu time : 37528.9 secs   av.it.:  15.9
      thresh= 2.033E-07 alpha_mix =  0.700 |ddv_scf|^2 =  6.758E-13

      iter #   6 total cpu time : 37629.5 secs   av.it.:  15.8
      thresh= 8.220E-08 alpha_mix =  0.700 |ddv_scf|^2 =  5.528E-15

     End of self-consistent calculation

     Convergence has been achieved 


     Representation #  58 mode #  58

     Self-consistent Calculation

      iter #   1 total cpu time : 37717.7 secs   av.it.:   3.0
      thresh= 1.000E-02 alpha_mix =  0.700 |ddv_scf|^2 =  8.098E-10

      iter #   2 total cpu time : 37818.7 secs   av.it.:  15.9
      thresh= 2.846E-06 alpha_mix =  0.700 |ddv_scf|^2 =  3.917E-10

      iter #   3 total cpu time : 37915.1 secs   av.it.:  15.0
      thresh= 1.979E-06 alpha_mix =  0.700 |ddv_scf|^2 =  6.906E-12

      iter #   4 total cpu time : 38013.5 secs   av.it.:  15.3
      thresh= 2.628E-07 alpha_mix =  0.700 |ddv_scf|^2 =  1.769E-13

      iter #   5 total cpu time : 38115.5 secs   av.it.:  16.0
      thresh= 4.206E-08 alpha_mix =  0.700 |ddv_scf|^2 =  9.867E-15

     End of self-consistent calculation

     Convergence has been achieved 


     Representation #  59 mode #  59

     Self-consistent Calculation

      iter #   1 total cpu time : 38185.8 secs   av.it.:   3.0
      thresh= 1.000E-02 alpha_mix =  0.700 |ddv_scf|^2 =  1.184E-09

      iter #   2 total cpu time : 38286.9 secs   av.it.:  16.0
      thresh= 3.441E-06 alpha_mix =  0.700 |ddv_scf|^2 =  5.147E-10

      iter #   3 total cpu time : 38383.3 secs   av.it.:  15.0
      thresh= 2.269E-06 alpha_mix =  0.700 |ddv_scf|^2 =  8.861E-12

      iter #   4 total cpu time : 38483.4 secs   av.it.:  15.2
      thresh= 2.977E-07 alpha_mix =  0.700 |ddv_scf|^2 =  4.315E-13

      iter #   5 total cpu time : 38586.0 secs   av.it.:  15.9
      thresh= 6.569E-08 alpha_mix =  0.700 |ddv_scf|^2 =  4.466E-14

      iter #   6 total cpu time : 38689.8 secs   av.it.:  15.4
      thresh= 2.113E-08 alpha_mix =  0.700 |ddv_scf|^2 =  1.758E-15

     End of self-consistent calculation

     Convergence has been achieved 


     Representation #  60 mode #  60

     Self-consistent Calculation

      iter #   1 total cpu time : 38761.3 secs   av.it.:   3.0
      thresh= 1.000E-02 alpha_mix =  0.700 |ddv_scf|^2 =  1.542E-09

      iter #   2 total cpu time : 38862.5 secs   av.it.:  16.0
      thresh= 3.927E-06 alpha_mix =  0.700 |ddv_scf|^2 =  9.719E-10

      iter #   3 total cpu time : 38958.8 secs   av.it.:  14.9
      thresh= 3.117E-06 alpha_mix =  0.700 |ddv_scf|^2 =  4.180E-12

      iter #   4 total cpu time : 39060.3 secs   av.it.:  16.0
      thresh= 2.044E-07 alpha_mix =  0.700 |ddv_scf|^2 =  1.207E-12

      iter #   5 total cpu time : 39159.1 secs   av.it.:  15.3
      thresh= 1.099E-07 alpha_mix =  0.700 |ddv_scf|^2 =  3.688E-14

      iter #   6 total cpu time : 39258.2 secs   av.it.:  15.9
      thresh= 1.921E-08 alpha_mix =  0.700 |ddv_scf|^2 =  2.658E-15

     End of self-consistent calculation

     Convergence has been achieved 


     Representation #  61 mode #  61

     Self-consistent Calculation

      iter #   1 total cpu time : 39330.6 secs   av.it.:   3.4
      thresh= 1.000E-02 alpha_mix =  0.700 |ddv_scf|^2 =  5.646E-09

      iter #   2 total cpu time : 39433.7 secs   av.it.:  15.6
      thresh= 7.514E-06 alpha_mix =  0.700 |ddv_scf|^2 =  3.382E-09

      iter #   3 total cpu time : 39533.0 secs   av.it.:  14.9
      thresh= 5.816E-06 alpha_mix =  0.700 |ddv_scf|^2 =  9.292E-12

      iter #   4 total cpu time : 39634.9 secs   av.it.:  15.0
      thresh= 3.048E-07 alpha_mix =  0.700 |ddv_scf|^2 =  8.646E-13

      iter #   5 total cpu time : 39738.3 secs   av.it.:  15.7
      thresh= 9.298E-08 alpha_mix =  0.700 |ddv_scf|^2 =  8.874E-14

      iter #   6 total cpu time : 39838.2 secs   av.it.:  15.0
      thresh= 2.979E-08 alpha_mix =  0.700 |ddv_scf|^2 =  1.373E-15

     End of self-consistent calculation

     Convergence has been achieved 


     Representation #  62 mode #  62

     Self-consistent Calculation

      iter #   1 total cpu time : 39916.5 secs   av.it.:   4.3
      thresh= 1.000E-02 alpha_mix =  0.700 |ddv_scf|^2 =  6.485E-09

      iter #   2 total cpu time : 40020.9 secs   av.it.:  15.9
      thresh= 8.053E-06 alpha_mix =  0.700 |ddv_scf|^2 =  2.287E-09

      iter #   3 total cpu time : 40120.2 secs   av.it.:  15.0
      thresh= 4.782E-06 alpha_mix =  0.700 |ddv_scf|^2 =  7.491E-11

      iter #   4 total cpu time : 40220.1 secs   av.it.:  15.0
      thresh= 8.655E-07 alpha_mix =  0.700 |ddv_scf|^2 =  2.605E-12

      iter #   5 total cpu time : 40322.6 secs   av.it.:  15.8
      thresh= 1.614E-07 alpha_mix =  0.700 |ddv_scf|^2 =  4.727E-13

      iter #   6 total cpu time : 40422.7 secs   av.it.:  15.5
      thresh= 6.875E-08 alpha_mix =  0.700 |ddv_scf|^2 =  4.439E-15

     End of self-consistent calculation

     Convergence has been achieved 


     Representation #  63 mode #  63

     Self-consistent Calculation

      iter #   1 total cpu time : 40528.8 secs   av.it.:   6.0
      thresh= 1.000E-02 alpha_mix =  0.700 |ddv_scf|^2 =  9.624E-08

      iter #   2 total cpu time : 40627.7 secs   av.it.:  15.5
      thresh= 3.102E-05 alpha_mix =  0.700 |ddv_scf|^2 =  3.702E-08

      iter #   3 total cpu time : 40723.5 secs   av.it.:  14.9
      thresh= 1.924E-05 alpha_mix =  0.700 |ddv_scf|^2 =  5.052E-10

      iter #   4 total cpu time : 40820.7 secs   av.it.:  15.0
      thresh= 2.248E-06 alpha_mix =  0.700 |ddv_scf|^2 =  1.337E-11

      iter #   5 total cpu time : 40919.4 secs   av.it.:  15.6
      thresh= 3.656E-07 alpha_mix =  0.700 |ddv_scf|^2 =  9.550E-13

      iter #   6 total cpu time : 41017.5 secs   av.it.:  15.3
      thresh= 9.772E-08 alpha_mix =  0.700 |ddv_scf|^2 =  7.832E-14

      iter #   7 total cpu time : 41110.4 secs   av.it.:  14.5
      thresh= 2.799E-08 alpha_mix =  0.700 |ddv_scf|^2 =  5.606E-15

     End of self-consistent calculation

     Convergence has been achieved 


     Representation #  64 mode #  64

     Self-consistent Calculation

      iter #   1 total cpu time : 41188.3 secs   av.it.:   3.7
      thresh= 1.000E-02 alpha_mix =  0.700 |ddv_scf|^2 =  2.352E-09

      iter #   2 total cpu time : 41293.0 secs   av.it.:  16.0
      thresh= 4.849E-06 alpha_mix =  0.700 |ddv_scf|^2 =  9.787E-10

      iter #   3 total cpu time : 41394.7 secs   av.it.:  15.3
      thresh= 3.128E-06 alpha_mix =  0.700 |ddv_scf|^2 =  3.486E-12

      iter #   4 total cpu time : 41498.6 secs   av.it.:  15.9
      thresh= 1.867E-07 alpha_mix =  0.700 |ddv_scf|^2 =  1.612E-13

      iter #   5 total cpu time : 41601.5 secs   av.it.:  16.0
      thresh= 4.015E-08 alpha_mix =  0.700 |ddv_scf|^2 =  3.440E-14

      iter #   6 total cpu time : 41698.9 secs   av.it.:  15.0
      thresh= 1.855E-08 alpha_mix =  0.700 |ddv_scf|^2 =  2.191E-15

     End of self-consistent calculation

     Convergence has been achieved 


     Representation #  65 mode #  65

     Self-consistent Calculation

      iter #   1 total cpu time : 41770.4 secs   av.it.:   3.0
      thresh= 1.000E-02 alpha_mix =  0.700 |ddv_scf|^2 =  9.014E-10

      iter #   2 total cpu time : 41876.9 secs   av.it.:  16.0
      thresh= 3.002E-06 alpha_mix =  0.700 |ddv_scf|^2 =  2.837E-10

      iter #   3 total cpu time : 41979.8 secs   av.it.:  15.4
      thresh= 1.684E-06 alpha_mix =  0.700 |ddv_scf|^2 =  7.671E-12

      iter #   4 total cpu time : 42081.5 secs   av.it.:  15.6
      thresh= 2.770E-07 alpha_mix =  0.700 |ddv_scf|^2 =  5.203E-13

      iter #   5 total cpu time : 42179.7 secs   av.it.:  15.2
      thresh= 7.213E-08 alpha_mix =  0.700 |ddv_scf|^2 =  3.964E-14

      iter #   6 total cpu time : 42277.9 secs   av.it.:  15.1
      thresh= 1.991E-08 alpha_mix =  0.700 |ddv_scf|^2 =  2.592E-15

     End of self-consistent calculation

     Convergence has been achieved 


     Representation #  66 mode #  66

     Self-consistent Calculation

      iter #   1 total cpu time : 42349.2 secs   av.it.:   3.0
      thresh= 1.000E-02 alpha_mix =  0.700 |ddv_scf|^2 =  1.349E-09

      iter #   2 total cpu time : 42451.6 secs   av.it.:  16.0
      thresh= 3.673E-06 alpha_mix =  0.700 |ddv_scf|^2 =  6.264E-10

      iter #   3 total cpu time : 42549.4 secs   av.it.:  15.1
      thresh= 2.503E-06 alpha_mix =  0.700 |ddv_scf|^2 =  4.703E-12

      iter #   4 total cpu time : 42650.4 secs   av.it.:  15.9
      thresh= 2.169E-07 alpha_mix =  0.700 |ddv_scf|^2 =  7.906E-13

      iter #   5 total cpu time : 42751.5 secs   av.it.:  15.0
      thresh= 8.891E-08 alpha_mix =  0.700 |ddv_scf|^2 =  4.875E-14

      iter #   6 total cpu time : 42854.5 secs   av.it.:  15.4
      thresh= 2.208E-08 alpha_mix =  0.700 |ddv_scf|^2 =  1.952E-15

     End of self-consistent calculation

     Convergence has been achieved 

     Number of q in the star =    1
     List of q in the star:
          1   0.000000000   0.000000000   0.000000000

          Dielectric constant in cartesian axis 

          (       2.836195373       0.000000000       0.000000000 )
          (       0.000000000       2.863538450       0.000000000 )
          (       0.000000000       0.000000000       3.080682526 )

          Effective charges (d Force / dE) in cartesian axis without acoustic sum rule applied (asr)

           atom    1  Ba    Mean Z*:        2.59005
      Ex  (        2.38401       -0.06180        0.00000 )
      Ey  (        0.22185        2.38764        0.00000 )
      Ez  (        0.00000        0.00000        2.99849 )
           atom    2  Ba    Mean Z*:        2.59005
      Ex  (        2.38401        0.06180        0.00000 )
      Ey  (       -0.22185        2.38764        0.00000 )
      Ez  (        0.00000        0.00000        2.99849 )
           atom    3  B     Mean Z*:       -0.07869
      Ex  (       -0.09038        0.00425        0.00000 )
      Ey  (        0.13814        0.03279       -0.00000 )
      Ez  (        0.00001       -0.00001       -0.17846 )
           atom    4  B     Mean Z*:       -0.07869
      Ex  (       -0.09038        0.00425       -0.00000 )
      Ey  (        0.13814        0.03279        0.00000 )
      Ez  (       -0.00001        0.00001       -0.17846 )
           atom    5  B     Mean Z*:       -0.07869
      Ex  (       -0.09038       -0.00425       -0.00000 )
      Ey  (       -0.13814        0.03279       -0.00000 )
      Ez  (       -0.00001       -0.00001       -0.17846 )
           atom    6  B     Mean Z*:       -0.07869
      Ex  (       -0.09038       -0.00425        0.00000 )
      Ey  (       -0.13814        0.03279        0.00000 )
      Ez  (        0.00001        0.00001       -0.17846 )
           atom    7  H     Mean Z*:       -0.31516
      Ex  (       -0.46149        0.11608       -0.00002 )
      Ey  (        0.12941       -0.22509        0.00001 )
      Ez  (       -0.00001        0.00001       -0.25890 )
           atom    8  H     Mean Z*:       -0.31516
      Ex  (       -0.46149        0.11608        0.00002 )
      Ey  (        0.12941       -0.22509       -0.00001 )
      Ez  (        0.00001       -0.00001       -0.25890 )
           atom    9  H     Mean Z*:       -0.31516
      Ex  (       -0.46149       -0.11608        0.00002 )
      Ey  (       -0.12941       -0.22509        0.00001 )
      Ez  (        0.00001        0.00001       -0.25890 )
           atom   10  H     Mean Z*:       -0.31516
      Ex  (       -0.46149       -0.11608       -0.00002 )
      Ey  (       -0.12941       -0.22509       -0.00001 )
      Ez  (       -0.00001       -0.00001       -0.25890 )
           atom   11  H     Mean Z*:       -0.31187
      Ex  (       -0.19966        0.03023       -0.00000 )
      Ey  (       -0.06876       -0.46895        0.00003 )
      Ez  (       -0.00000        0.00002       -0.26700 )
           atom   12  H     Mean Z*:       -0.31187
      Ex  (       -0.19966        0.03023        0.00000 )
      Ey  (       -0.06876       -0.46895       -0.00003 )
      Ez  (        0.00000       -0.00002       -0.26700 )
           atom   13  H     Mean Z*:       -0.31187
      Ex  (       -0.19966       -0.03023        0.00000 )
      Ey  (        0.06876       -0.46895        0.00003 )
      Ez  (        0.00000        0.00002       -0.26700 )
           atom   14  H     Mean Z*:       -0.31187
      Ex  (       -0.19966       -0.03023       -0.00000 )
      Ey  (        0.06876       -0.46895       -0.00003 )
      Ez  (       -0.00000       -0.00002       -0.26700 )
           atom   15  H     Mean Z*:       -0.29434
      Ex  (       -0.22023        0.17179        0.08609 )
      Ey  (        0.13711       -0.26546       -0.09980 )
      Ez  (        0.05358       -0.10397       -0.39734 )
           atom   16  H     Mean Z*:       -0.29434
      Ex  (       -0.22023        0.17179       -0.08609 )
      Ey  (        0.13711       -0.26546        0.09980 )
      Ez  (       -0.05358        0.10397       -0.39734 )
           atom   17  H     Mean Z*:       -0.29434
      Ex  (       -0.22023       -0.17179       -0.08609 )
      Ey  (       -0.13711       -0.26546       -0.09980 )
      Ez  (       -0.05358       -0.10397       -0.39734 )
           atom   18  H     Mean Z*:       -0.29434
      Ex  (       -0.22023       -0.17179        0.08609 )
      Ey  (       -0.13711       -0.26546        0.09980 )
      Ez  (        0.05358        0.10397       -0.39734 )
           atom   19  H     Mean Z*:       -0.29431
      Ex  (       -0.22021        0.17176        0.08607 )
      Ey  (        0.13709       -0.26543       -0.09977 )
      Ez  (        0.05357       -0.10394       -0.39730 )
           atom   20  H     Mean Z*:       -0.29431
      Ex  (       -0.22021        0.17176       -0.08607 )
      Ey  (        0.13709       -0.26543        0.09977 )
      Ez  (       -0.05357        0.10394       -0.39730 )
           atom   21  H     Mean Z*:       -0.29431
      Ex  (       -0.22021       -0.17176       -0.08607 )
      Ey  (       -0.13709       -0.26543       -0.09977 )
      Ez  (       -0.05357       -0.10394       -0.39730 )
           atom   22  H     Mean Z*:       -0.29431
      Ex  (       -0.22021       -0.17176        0.08607 )
      Ey  (       -0.13709       -0.26543        0.09977 )
      Ez  (        0.05357        0.10394       -0.39730 )

          Effective charges Sum: Mean:        0.00260
              0.00014        0.00000        0.00000
              0.00000        0.00671       -0.00000
             -0.00000        0.00000        0.00096

          Effective charges (d Force / dE) in cartesian axis with asr applied: 
           atom    1  Ba    Mean Z*:        2.58993
      E*x (        2.38401       -0.06180        0.00000 )
      E*y (        0.22185        2.38733       -0.00000 )
      E*z (        0.00000        0.00000        2.99845 )
           atom    2  Ba    Mean Z*:        2.58993
      E*x (        2.38401        0.06180        0.00000 )
      E*y (       -0.22185        2.38733       -0.00000 )
      E*z (        0.00000        0.00000        2.99845 )
           atom    3  B     Mean Z*:       -0.07880
      E*x (       -0.09039        0.00425        0.00000 )
      E*y (        0.13814        0.03248       -0.00000 )
      E*z (        0.00001       -0.00001       -0.17851 )
           atom    4  B     Mean Z*:       -0.07880
      E*x (       -0.09039        0.00425       -0.00000 )
      E*y (        0.13814        0.03248        0.00000 )
      E*z (       -0.00001        0.00001       -0.17851 )
           atom    5  B     Mean Z*:       -0.07880
      E*x (       -0.09039       -0.00425       -0.00000 )
      E*y (       -0.13814        0.03248       -0.00000 )
      E*z (       -0.00001       -0.00001       -0.17851 )
           atom    6  B     Mean Z*:       -0.07880
      E*x (       -0.09039       -0.00425        0.00000 )
      E*y (       -0.13814        0.03248        0.00000 )
      E*z (        0.00001        0.00001       -0.17851 )
           atom    7  H     Mean Z*:       -0.31528
      E*x (       -0.46150        0.11608       -0.00002 )
      E*y (        0.12941       -0.22540        0.00001 )
      E*z (       -0.00001        0.00001       -0.25894 )
           atom    8  H     Mean Z*:       -0.31528
      E*x (       -0.46150        0.11608        0.00002 )
      E*y (        0.12941       -0.22540       -0.00001 )
      E*z (        0.00001       -0.00001       -0.25894 )
           atom    9  H     Mean Z*:       -0.31528
      E*x (       -0.46150       -0.11608        0.00002 )
      E*y (       -0.12941       -0.22540        0.00001 )
      E*z (        0.00001        0.00001       -0.25894 )
           atom   10  H     Mean Z*:       -0.31528
      E*x (       -0.46150       -0.11608       -0.00002 )
      E*y (       -0.12941       -0.22540       -0.00001 )
      E*z (       -0.00001       -0.00001       -0.25894 )
           atom   11  H     Mean Z*:       -0.31199
      E*x (       -0.19967        0.03023       -0.00000 )
      E*y (       -0.06876       -0.46925        0.00003 )
      E*z (       -0.00000        0.00002       -0.26704 )
           atom   12  H     Mean Z*:       -0.31199
      E*x (       -0.19967        0.03023        0.00000 )
      E*y (       -0.06876       -0.46925       -0.00003 )
      E*z (        0.00000       -0.00002       -0.26704 )
           atom   13  H     Mean Z*:       -0.31199
      E*x (       -0.19967       -0.03023        0.00000 )
      E*y (        0.06876       -0.46925        0.00003 )
      E*z (        0.00000        0.00002       -0.26704 )
           atom   14  H     Mean Z*:       -0.31199
      E*x (       -0.19967       -0.03023       -0.00000 )
      E*y (        0.06876       -0.46925       -0.00003 )
      E*z (       -0.00000       -0.00002       -0.26704 )
           atom   15  H     Mean Z*:       -0.29446
      E*x (       -0.22023        0.17179        0.08609 )
      E*y (        0.13711       -0.26577       -0.09980 )
      E*z (        0.05358       -0.10397       -0.39739 )
           atom   16  H     Mean Z*:       -0.29446
      E*x (       -0.22023        0.17179       -0.08609 )
      E*y (        0.13711       -0.26577        0.09980 )
      E*z (       -0.05358        0.10397       -0.39739 )
           atom   17  H     Mean Z*:       -0.29446
      E*x (       -0.22023       -0.17179       -0.08609 )
      E*y (       -0.13711       -0.26577       -0.09980 )
      E*z (       -0.05358       -0.10397       -0.39739 )
           atom   18  H     Mean Z*:       -0.29446
      E*x (       -0.22023       -0.17179        0.08609 )
      E*y (       -0.13711       -0.26577        0.09980 )
      E*z (        0.05358        0.10397       -0.39739 )
           atom   19  H     Mean Z*:       -0.29443
      E*x (       -0.22022        0.17176        0.08607 )
      E*y (        0.13709       -0.26573       -0.09977 )
      E*z (        0.05357       -0.10394       -0.39735 )
           atom   20  H     Mean Z*:       -0.29443
      E*x (       -0.22022        0.17176       -0.08607 )
      E*y (        0.13709       -0.26573        0.09977 )
      E*z (       -0.05357        0.10394       -0.39735 )
           atom   21  H     Mean Z*:       -0.29443
      E*x (       -0.22022       -0.17176       -0.08607 )
      E*y (       -0.13709       -0.26573       -0.09977 )
      E*z (       -0.05357       -0.10394       -0.39735 )
           atom   22  H     Mean Z*:       -0.29443
      E*x (       -0.22022       -0.17176        0.08607 )
      E*y (       -0.13709       -0.26573        0.09977 )
      E*z (        0.05357        0.10394       -0.39735 )

          Effective charges (d P / du) in cartesian axis 

           atom      1Ba    
      Px  (        2.38543       -0.06147        0.00000 )
      Py  (        0.21719        2.38611        0.00000 )
      Pz  (        0.00000        0.00000        2.99792 )
           atom      2Ba    
      Px  (        2.38543        0.06147        0.00000 )
      Py  (       -0.21719        2.38611        0.00000 )
      Pz  (        0.00000        0.00000        2.99792 )
           atom      3B     
      Px  (       -0.09040        0.00454        0.00050 )
      Py  (        0.13710        0.03279        0.00029 )
      Pz  (       -0.00035        0.00004       -0.17855 )
           atom      4B     
      Px  (       -0.09040        0.00454       -0.00050 )
      Py  (        0.13710        0.03279       -0.00029 )
      Pz  (        0.00035       -0.00004       -0.17855 )
           atom      5B     
      Px  (       -0.09040       -0.00454       -0.00050 )
      Py  (       -0.13710        0.03279        0.00029 )
      Pz  (        0.00035        0.00004       -0.17855 )
           atom      6B     
      Px  (       -0.09040       -0.00454        0.00050 )
      Py  (       -0.13710        0.03279       -0.00029 )
      Pz  (       -0.00035       -0.00004       -0.17855 )
           atom      7H     
      Px  (       -0.46212        0.11602       -0.00029 )
      Py  (        0.12989       -0.22548       -0.00002 )
      Pz  (        0.00003        0.00004       -0.25919 )
           atom      8H     
      Px  (       -0.46212        0.11602        0.00029 )
      Py  (        0.12989       -0.22548        0.00002 )
      Pz  (       -0.00003       -0.00004       -0.25919 )
           atom      9H     
      Px  (       -0.46212       -0.11602        0.00029 )
      Py  (       -0.12989       -0.22548       -0.00002 )
      Pz  (       -0.00003        0.00004       -0.25919 )
           atom     10H     
      Px  (       -0.46212       -0.11602       -0.00029 )
      Py  (       -0.12989       -0.22548        0.00002 )
      Pz  (        0.00003       -0.00004       -0.25919 )
           atom     11H     
      Px  (       -0.19976        0.03006        0.00011 )
      Py  (       -0.06877       -0.47031        0.00009 )
      Pz  (       -0.00027        0.00018       -0.26892 )
           atom     12H     
      Px  (       -0.19976        0.03006       -0.00011 )
      Py  (       -0.06877       -0.47031       -0.00009 )
      Pz  (        0.00027       -0.00018       -0.26892 )
           atom     13H     
      Px  (       -0.19976       -0.03006       -0.00011 )
      Py  (        0.06877       -0.47031        0.00009 )
      Pz  (        0.00027        0.00018       -0.26892 )
           atom     14H     
      Px  (       -0.19976       -0.03006        0.00011 )
      Py  (        0.06877       -0.47031       -0.00009 )
      Pz  (       -0.00027       -0.00018       -0.26892 )
           atom     15H     
      Px  (       -0.22023        0.17183        0.08592 )
      Py  (        0.13660       -0.26551       -0.09919 )
      Pz  (        0.05367       -0.10404       -0.39759 )
           atom     16H     
      Px  (       -0.22023        0.17183       -0.08592 )
      Py  (        0.13660       -0.26551        0.09919 )
      Pz  (       -0.05367        0.10404       -0.39759 )
           atom     17H     
      Px  (       -0.22023       -0.17183       -0.08592 )
      Py  (       -0.13660       -0.26551       -0.09919 )
      Pz  (       -0.05367       -0.10404       -0.39759 )
           atom     18H     
      Px  (       -0.22023       -0.17183        0.08592 )
      Py  (       -0.13660       -0.26551        0.09919 )
      Pz  (        0.05367        0.10404       -0.39759 )
           atom     19H     
      Px  (       -0.22008        0.17188        0.08612 )
      Py  (        0.13674       -0.26531       -0.09893 )
      Pz  (        0.05362       -0.10398       -0.39749 )
           atom     20H     
      Px  (       -0.22008        0.17188       -0.08612 )
      Py  (        0.13674       -0.26531        0.09893 )
      Pz  (       -0.05362        0.10398       -0.39749 )
           atom     21H     
      Px  (       -0.22008       -0.17188       -0.08612 )
      Py  (       -0.13674       -0.26531       -0.09893 )
      Pz  (       -0.05362       -0.10398       -0.39749 )
           atom     22H     
      Px  (       -0.22008       -0.17188        0.08612 )
      Py  (       -0.13674       -0.26531        0.09893 )
      Pz  (        0.05362        0.10398       -0.39749 )

     Diagonalizing the dynamical matrix

     q = (    0.000000000   0.000000000   0.000000000 ) 

 **************************************************************************
     freq (    1) =      -0.597700 [THz] =     -19.937139 [cm-1]
     freq (    2) =      -0.392395 [THz] =     -13.088901 [cm-1]
     freq (    3) =       0.402734 [THz] =      13.433776 [cm-1]
     freq (    4) =       1.837326 [THz] =      61.286596 [cm-1]
     freq (    5) =       2.069182 [THz] =      69.020467 [cm-1]
     freq (    6) =       2.222943 [THz] =      74.149391 [cm-1]
     freq (    7) =       2.861934 [THz] =      95.463831 [cm-1]
     freq (    8) =       4.355973 [THz] =     145.299628 [cm-1]
     freq (    9) =       4.439938 [THz] =     148.100385 [cm-1]
     freq (   10) =       5.731492 [THz] =     191.181986 [cm-1]
     freq (   11) =       5.749637 [THz] =     191.787233 [cm-1]
     freq (   12) =       6.184378 [THz] =     206.288644 [cm-1]
     freq (   13) =       6.193749 [THz] =     206.601241 [cm-1]
     freq (   14) =       6.446775 [THz] =     215.041264 [cm-1]
     freq (   15) =       6.447778 [THz] =     215.074715 [cm-1]
     freq (   16) =       6.947398 [THz] =     231.740257 [cm-1]
     freq (   17) =       7.419441 [THz] =     247.485919 [cm-1]
     freq (   18) =       7.791725 [THz] =     259.903971 [cm-1]
     freq (   19) =       7.925287 [THz] =     264.359126 [cm-1]
     freq (   20) =       8.621547 [THz] =     287.583856 [cm-1]
     freq (   21) =       8.800652 [THz] =     293.558139 [cm-1]
     freq (   22) =       9.014418 [THz] =     300.688607 [cm-1]
     freq (   23) =       9.050485 [THz] =     301.891692 [cm-1]
     freq (   24) =       9.227026 [THz] =     307.780449 [cm-1]
     freq (   25) =       9.568840 [THz] =     319.182136 [cm-1]
     freq (   26) =       9.671807 [THz] =     322.616749 [cm-1]
     freq (   27) =      11.916522 [THz] =     397.492381 [cm-1]
     freq (   28) =      12.106671 [THz] =     403.835080 [cm-1]
     freq (   29) =      12.317719 [THz] =     410.874873 [cm-1]
     freq (   30) =      12.576289 [THz] =     419.499862 [cm-1]
     freq (   31) =      30.400462 [THz] =    1014.050266 [cm-1]
     freq (   32) =      30.645563 [THz] =    1022.225944 [cm-1]
     freq (   33) =      30.701054 [THz] =    1024.076929 [cm-1]
     freq (   34) =      30.798554 [THz] =    1027.329193 [cm-1]
     freq (   35) =      31.885137 [THz] =    1063.573678 [cm-1]
     freq (   36) =      31.903586 [THz] =    1064.189095 [cm-1]
     freq (   37) =      32.008349 [THz] =    1067.683585 [cm-1]
     freq (   38) =      32.285002 [THz] =    1076.911736 [cm-1]
     freq (   39) =      32.400648 [THz] =    1080.769287 [cm-1]
     freq (   40) =      32.410014 [THz] =    1081.081691 [cm-1]
     freq (   41) =      32.458490 [THz] =    1082.698691 [cm-1]
     freq (   42) =      32.633136 [THz] =    1088.524241 [cm-1]
     freq (   43) =      35.711819 [THz] =    1191.218066 [cm-1]
     freq (   44) =      35.748434 [THz] =    1192.439388 [cm-1]
     freq (   45) =      35.926565 [THz] =    1198.381231 [cm-1]
     freq (   46) =      35.937314 [THz] =    1198.739765 [cm-1]
     freq (   47) =      36.234786 [THz] =    1208.662358 [cm-1]
     freq (   48) =      36.312634 [THz] =    1211.259105 [cm-1]
     freq (   49) =      36.456458 [THz] =    1216.056559 [cm-1]
     freq (   50) =      36.658990 [THz] =    1222.812281 [cm-1]
     freq (   51) =      68.397953 [THz] =    2281.510146 [cm-1]
     freq (   52) =      68.406434 [THz] =    2281.793026 [cm-1]
     freq (   53) =      68.427438 [THz] =    2282.493648 [cm-1]
     freq (   54) =      68.458573 [THz] =    2283.532192 [cm-1]
     freq (   55) =      70.066382 [THz] =    2337.162930 [cm-1]
     freq (   56) =      70.153803 [THz] =    2340.078987 [cm-1]
     freq (   57) =      70.185078 [THz] =    2341.122219 [cm-1]
     freq (   58) =      70.221973 [THz] =    2342.352889 [cm-1]
     freq (   59) =      70.447419 [THz] =    2349.872968 [cm-1]
     freq (   60) =      70.544904 [THz] =    2353.124712 [cm-1]
     freq (   61) =      70.754531 [THz] =    2360.117104 [cm-1]
     freq (   62) =      71.029325 [THz] =    2369.283268 [cm-1]
     freq (   63) =      71.247658 [THz] =    2376.566049 [cm-1]
     freq (   64) =      71.248111 [THz] =    2376.581181 [cm-1]
     freq (   65) =      71.254370 [THz] =    2376.789931 [cm-1]
     freq (   66) =      71.276505 [THz] =    2377.528302 [cm-1]
 **************************************************************************

     Mode symmetry, D_2  (222)  point group:

     freq (   1-   1) =        -19.9  [cm-1]   --> B_1             I+R
     freq (   2-   2) =        -13.1  [cm-1]   --> B_3             I+R
     freq (   3-   3) =         13.4  [cm-1]   --> B_2             I+R
     freq (   4-   4) =         61.3  [cm-1]   --> A               R  
     freq (   5-   5) =         69.0  [cm-1]   --> B_3             I+R
     freq (   6-   6) =         74.1  [cm-1]   --> B_2             I+R
     freq (   7-   7) =         95.5  [cm-1]   --> A               R  
     freq (   8-   8) =        145.3  [cm-1]   --> B_2             I+R
     freq (   9-   9) =        148.1  [cm-1]   --> B_3             I+R
     freq (  10-  10) =        191.2  [cm-1]   --> B_1             I+R
     freq (  11-  11) =        191.8  [cm-1]   --> B_1             I+R
     freq (  12-  12) =        206.3  [cm-1]   --> B_3             I+R
     freq (  13-  13) =        206.6  [cm-1]   --> B_2             I+R
     freq (  14-  14) =        215.0  [cm-1]   --> A               R  
     freq (  15-  15) =        215.1  [cm-1]   --> B_2             I+R
     freq (  16-  16) =        231.7  [cm-1]   --> B_3             I+R
     freq (  17-  17) =        247.5  [cm-1]   --> A               R  
     freq (  18-  18) =        259.9  [cm-1]   --> B_1             I+R
     freq (  19-  19) =        264.4  [cm-1]   --> B_1             I+R
     freq (  20-  20) =        287.6  [cm-1]   --> B_2             I+R
     freq (  21-  21) =        293.6  [cm-1]   --> A               R  
     freq (  22-  22) =        300.7  [cm-1]   --> B_3             I+R
     freq (  23-  23) =        301.9  [cm-1]   --> A               R  
     freq (  24-  24) =        307.8  [cm-1]   --> B_3             I+R
     freq (  25-  25) =        319.2  [cm-1]   --> B_2             I+R
     freq (  26-  26) =        322.6  [cm-1]   --> B_1             I+R
     freq (  27-  27) =        397.5  [cm-1]   --> B_1             I+R
     freq (  28-  28) =        403.8  [cm-1]   --> A               R  
     freq (  29-  29) =        410.9  [cm-1]   --> B_3             I+R
     freq (  30-  30) =        419.5  [cm-1]   --> B_2             I+R
     freq (  31-  31) =       1014.1  [cm-1]   --> B_1             I+R
     freq (  32-  32) =       1022.2  [cm-1]   --> A               R  
     freq (  33-  33) =       1024.1  [cm-1]   --> B_3             I+R
     freq (  34-  34) =       1027.3  [cm-1]   --> B_2             I+R
     freq (  35-  35) =       1063.6  [cm-1]   --> A               R  
     freq (  36-  36) =       1064.2  [cm-1]   --> B_2             I+R
     freq (  37-  37) =       1067.7  [cm-1]   --> B_3             I+R
     freq (  38-  38) =       1076.9  [cm-1]   --> B_1             I+R
     freq (  39-  39) =       1080.8  [cm-1]   --> B_3             I+R
     freq (  40-  40) =       1081.1  [cm-1]   --> A               R  
     freq (  41-  41) =       1082.7  [cm-1]   --> B_2             I+R
     freq (  42-  42) =       1088.5  [cm-1]   --> B_1             I+R
     freq (  43-  43) =       1191.2  [cm-1]   --> A               R  
     freq (  44-  44) =       1192.4  [cm-1]   --> B_2             I+R
     freq (  45-  45) =       1198.4  [cm-1]   --> B_3             I+R
     freq (  46-  46) =       1198.7  [cm-1]   --> B_1             I+R
     freq (  47-  47) =       1208.7  [cm-1]   --> B_3             I+R
     freq (  48-  48) =       1211.3  [cm-1]   --> B_2             I+R
     freq (  49-  49) =       1216.1  [cm-1]   --> B_1             I+R
     freq (  50-  50) =       1222.8  [cm-1]   --> A               R  
     freq (  51-  51) =       2281.5  [cm-1]   --> B_1             I+R
     freq (  52-  52) =       2281.8  [cm-1]   --> A               R  
     freq (  53-  53) =       2282.5  [cm-1]   --> B_3             I+R
     freq (  54-  54) =       2283.5  [cm-1]   --> B_2             I+R
     freq (  55-  55) =       2337.2  [cm-1]   --> A               R  
     freq (  56-  56) =       2340.1  [cm-1]   --> B_3             I+R
     freq (  57-  57) =       2341.1  [cm-1]   --> B_1             I+R
     freq (  58-  58) =       2342.4  [cm-1]   --> B_2             I+R
     freq (  59-  59) =       2349.9  [cm-1]   --> B_2             I+R
     freq (  60-  60) =       2353.1  [cm-1]   --> A               R  
     freq (  61-  61) =       2360.1  [cm-1]   --> B_3             I+R
     freq (  62-  62) =       2369.3  [cm-1]   --> B_1             I+R
     freq (  63-  63) =       2376.6  [cm-1]   --> B_1             I+R
     freq (  64-  64) =       2376.6  [cm-1]   --> B_3             I+R
     freq (  65-  65) =       2376.8  [cm-1]   --> B_2             I+R
     freq (  66-  66) =       2377.5  [cm-1]   --> A               R  

     Calculation of q =    0.0000000   0.0000000  -0.7880444

     Parallelization info
     --------------------
     sticks:   dense  smooth     PW     G-vecs:    dense   smooth      PW
     Min         490     245     66                25554     9038    1286
     Max         491     247     67                25557     9040    1289
     Sum       11779    5897   1601               613353   216939   30909

     Using Slab Decomposition



     bravais-lattice index     =            8
     lattice parameter (alat)  =      13.6741  a.u.
     unit-cell volume          =    1605.3416 (a.u.)^3
     number of atoms/cell      =           22
     number of atomic types    =            3
     number of electrons       =        48.00
     number of Kohn-Sham states=           24
     kinetic-energy cutoff     =     100.0000  Ry
     charge density cutoff     =     800.0000  Ry
     Exchange-correlation= PBESOL
                           (   1   4  10   8   0   0   0)

     celldm(1)=  13.674099  celldm(2)=   0.989582  celldm(3)=   0.634482
     celldm(4)=   0.000000  celldm(5)=   0.000000  celldm(6)=   0.000000

     crystal axes: (cart. coord. in units of alat)
               a(1) = (   1.000000   0.000000   0.000000 )  
               a(2) = (   0.000000   0.989582   0.000000 )  
               a(3) = (   0.000000   0.000000   0.634482 )  

     reciprocal axes: (cart. coord. in units 2 pi/alat)
               b(1) = (  1.000000  0.000000  0.000000 )  
               b(2) = (  0.000000  1.010527  0.000000 )  
               b(3) = (  0.000000  0.000000  1.576089 )  


     PseudoPot. # 1 for B  read from file:
     /home/mehlhorn/pseudos/b_pbesol_v1.4.uspp.F.UPF
     MD5 check sum: 369b69bef2c3aeed4453bd8b804fd6a8
     Pseudo is Ultrasoft + core correction, Zval =  3.0
     Generated by new atomic code, or converted to UPF format
     Using radial grid of  781 points,  4 beta functions with: 
                l(1) =   0
                l(2) =   0
                l(3) =   1
                l(4) =   1
     Q(r) pseudized with  8 coefficients,  rinner =    1.100   1.100   1.100


     PseudoPot. # 2 for Ba read from file:
     /home/mehlhorn/pseudos/Ba.nc.z_10.oncvpsp4.dojo.v4-sp.upf
     MD5 check sum: c10ed334bb677c0554edec7181ce9143
     Pseudo is Norm-conserving + core correction, Zval = 10.0
     Generated using ONCVPSP code by D. R. Hamann
     Using radial grid of 1938 points,  8 beta functions with: 
                l(1) =   0
                l(2) =   0
                l(3) =   1
                l(4) =   1
                l(5) =   2
                l(6) =   2
                l(7) =   3
                l(8) =   3

     PseudoPot. # 3 for H  read from file:
     /home/mehlhorn/pseudos/H_ONCV_PBEsol-1.0.upf
     MD5 check sum: 398ef8f67c0a7342c05c87c5e19ea467
     Pseudo is Norm-conserving, Zval =  1.0
     Generated using ONCVPSP code by D. R. Hamann
     Using radial grid of 1180 points,  2 beta functions with: 
                l(1) =   0
                l(2) =   0

     atomic species   valence    mass     pseudopotential
     B                 3.00    10.81100     B ( 1.00)
     Ba               10.00   137.32700     Ba( 1.00)
     H                 1.00     1.00794     H ( 1.00)

      4 Sym. Ops. (no inversion) found



   Cartesian axes

     site n.     atom                  positions (alat units)
         1        Ba     tau(   1) = (   0.5000000   0.4947912   0.3172522  )
         2        Ba     tau(   2) = (   0.0000000   0.0000000   0.6344709  )
         3        B      tau(   3) = (   0.6413579   0.2648610   0.0000111  )
         4        B      tau(   4) = (   0.3586421   0.7247215   0.0000111  )
         5        B      tau(   5) = (   0.1413579   0.2299303   0.3172299  )
         6        B      tau(   6) = (   0.8586421   0.7596522   0.3172299  )
         7        H      tau(   7) = (   0.4714554   0.2791357   0.0000081  )
         8        H      tau(   8) = (   0.5285446   0.7104468   0.0000081  )
         9        H      tau(   9) = (   0.9714554   0.2156555   0.3172329  )
        10        H      tau(  10) = (   0.0285446   0.7739269   0.3172329  )
        11        H      tau(  11) = (   0.7128420   0.4201314   0.0000064  )
        12        H      tau(  12) = (   0.2871580   0.5694510   0.0000064  )
        13        H      tau(  13) = (   0.2128420   0.0746598   0.3172346  )
        14        H      tau(  14) = (   0.7871580   0.9149226   0.3172346  )
        15        H      tau(  15) = (   0.6872173   0.1818371   0.4934203  )
        16        H      tau(  16) = (   0.3127827   0.8077454   0.4934203  )
        17        H      tau(  17) = (   0.1872173   0.3129541   0.4583027  )
        18        H      tau(  18) = (   0.8127827   0.6766283   0.4583027  )
        19        H      tau(  19) = (   0.3127767   0.8077467   0.1410819  )
        20        H      tau(  20) = (   0.6872233   0.1818357   0.1410819  )
        21        H      tau(  21) = (   0.8127767   0.6766270   0.1761591  )
        22        H      tau(  22) = (   0.1872233   0.3129555   0.1761591  )

     number of k points=    54
                       cart. coord. in units 2pi/alat
        k(    1) = (   0.0000000   0.0000000   0.0000000), wk =   0.0160000
        k(    2) = (   0.0000000   0.0000000  -0.7880444), wk =   0.0000000
        k(    3) = (   0.0000000   0.0000000   0.3152178), wk =   0.0320000
        k(    4) = (   0.0000000   0.0000000  -0.4728266), wk =   0.0000000
        k(    5) = (   0.0000000   0.0000000   0.6304355), wk =   0.0320000
        k(    6) = (   0.0000000   0.0000000  -0.1576089), wk =   0.0000000
        k(    7) = (   0.0000000   0.2021054   0.0000000), wk =   0.0320000
        k(    8) = (   0.0000000   0.2021054  -0.7880444), wk =   0.0000000
        k(    9) = (   0.0000000   0.2021054   0.3152178), wk =   0.0640000
        k(   10) = (   0.0000000   0.2021054  -0.4728266), wk =   0.0000000
        k(   11) = (   0.0000000   0.2021054   0.6304355), wk =   0.0640000
        k(   12) = (   0.0000000   0.2021054  -0.1576089), wk =   0.0000000
        k(   13) = (   0.0000000   0.4042109   0.0000000), wk =   0.0320000
        k(   14) = (   0.0000000   0.4042109  -0.7880444), wk =   0.0000000
        k(   15) = (   0.0000000   0.4042109   0.3152178), wk =   0.0640000
        k(   16) = (   0.0000000   0.4042109  -0.4728266), wk =   0.0000000
        k(   17) = (   0.0000000   0.4042109   0.6304355), wk =   0.0640000
        k(   18) = (   0.0000000   0.4042109  -0.1576089), wk =   0.0000000
        k(   19) = (   0.2000000   0.0000000   0.0000000), wk =   0.0320000
        k(   20) = (   0.2000000   0.0000000  -0.7880444), wk =   0.0000000
        k(   21) = (   0.2000000   0.0000000   0.3152178), wk =   0.0640000
        k(   22) = (   0.2000000   0.0000000  -0.4728266), wk =   0.0000000
        k(   23) = (   0.2000000   0.0000000   0.6304355), wk =   0.0640000
        k(   24) = (   0.2000000   0.0000000  -0.1576089), wk =   0.0000000
        k(   25) = (   0.2000000   0.2021054   0.0000000), wk =   0.0640000
        k(   26) = (   0.2000000   0.2021054  -0.7880444), wk =   0.0000000
        k(   27) = (   0.2000000   0.2021054   0.3152178), wk =   0.1280000
        k(   28) = (   0.2000000   0.2021054  -0.4728266), wk =   0.0000000
        k(   29) = (   0.2000000   0.2021054   0.6304355), wk =   0.1280000
        k(   30) = (   0.2000000   0.2021054  -0.1576089), wk =   0.0000000
        k(   31) = (   0.2000000   0.4042109   0.0000000), wk =   0.0640000
        k(   32) = (   0.2000000   0.4042109  -0.7880444), wk =   0.0000000
        k(   33) = (   0.2000000   0.4042109   0.3152178), wk =   0.1280000
        k(   34) = (   0.2000000   0.4042109  -0.4728266), wk =   0.0000000
        k(   35) = (   0.2000000   0.4042109   0.6304355), wk =   0.1280000
        k(   36) = (   0.2000000   0.4042109  -0.1576089), wk =   0.0000000
        k(   37) = (   0.4000000   0.0000000   0.0000000), wk =   0.0320000
        k(   38) = (   0.4000000   0.0000000  -0.7880444), wk =   0.0000000
        k(   39) = (   0.4000000   0.0000000   0.3152178), wk =   0.0640000
        k(   40) = (   0.4000000   0.0000000  -0.4728266), wk =   0.0000000
        k(   41) = (   0.4000000   0.0000000   0.6304355), wk =   0.0640000
        k(   42) = (   0.4000000   0.0000000  -0.1576089), wk =   0.0000000
        k(   43) = (   0.4000000   0.2021054   0.0000000), wk =   0.0640000
        k(   44) = (   0.4000000   0.2021054  -0.7880444), wk =   0.0000000
        k(   45) = (   0.4000000   0.2021054   0.3152178), wk =   0.1280000
        k(   46) = (   0.4000000   0.2021054  -0.4728266), wk =   0.0000000
        k(   47) = (   0.4000000   0.2021054   0.6304355), wk =   0.1280000
        k(   48) = (   0.4000000   0.2021054  -0.1576089), wk =   0.0000000
        k(   49) = (   0.4000000   0.4042109   0.0000000), wk =   0.0640000
        k(   50) = (   0.4000000   0.4042109  -0.7880444), wk =   0.0000000
        k(   51) = (   0.4000000   0.4042109   0.3152178), wk =   0.1280000
        k(   52) = (   0.4000000   0.4042109  -0.4728266), wk =   0.0000000
        k(   53) = (   0.4000000   0.4042109   0.6304355), wk =   0.1280000
        k(   54) = (   0.4000000   0.4042109  -0.1576089), wk =   0.0000000

     Dense  grid:   613353 G-vectors     FFT dimensions: ( 128, 128,  80)

     Smooth grid:   216939 G-vectors     FFT dimensions: (  90,  90,  60)

     Estimated max dynamical RAM per process >      55.01 MB

     Estimated total dynamical RAM >       1.29 GB

     The potential is recalculated from file :
     ./_ph0/pwscf.q_2/pwscf.save/charge-density

     Starting wfcs are   42 atomic wfcs

     Band Structure Calculation
     Davidson diagonalization with overlap

     ethr =  2.08E-11,  avg # of iterations = 22.0

     total cpu time spent up to now is      229.0 secs

     End of band structure calculation

          k = 0.0000 0.0000 0.0000 ( 27159 PWs)   bands (ev):

   -24.7583 -24.7534 -10.2441 -10.2125 -10.0149  -9.9894  -9.9206  -9.8767
    -6.6140  -5.8097  -5.2881  -5.2445  -2.3768  -1.3886  -1.2989  -1.1000
    -1.0597  -0.8583  -0.8225  -0.5873  -0.3461  -0.1589  -0.0673  -0.0550

          k = 0.0000 0.0000-0.7880 ( 27108 PWs)   bands (ev):

   -24.7413 -24.7413 -10.4212 -10.4212 -10.0181 -10.0181 -10.0088 -10.0088
    -5.6512  -5.6511  -5.4226  -5.4225  -1.9768  -1.9767  -1.7095  -1.7095
    -0.7211  -0.7210  -0.6484  -0.6483  -0.3754  -0.3753  -0.2502  -0.2502

          k = 0.0000 0.0000 0.3152 ( 27148 PWs)   bands (ev):

   -24.7529 -24.7488 -10.1842 -10.1587 -10.1107 -10.0879 -10.0009  -9.9812
    -6.2693  -5.5902  -5.4122  -5.3778  -2.0783  -1.7565  -1.5673  -1.1740
    -0.9579  -0.9061  -0.6645  -0.5250  -0.3907  -0.2294  -0.2130  -0.1384

          k = 0.0000 0.0000-0.4728 ( 27134 PWs)   bands (ev):

   -24.7478 -24.7449 -10.2645 -10.2535 -10.1239 -10.1048  -9.9924  -9.9781
    -5.9489  -5.5261  -5.5021  -5.4285  -1.9131  -1.8453  -1.7670  -1.1933
    -1.0820  -1.0110  -0.6477  -0.3995  -0.3314  -0.3270  -0.2533  -0.2094

          k = 0.0000 0.0000 0.6304 ( 27112 PWs)   bands (ev):

   -24.7435 -24.7419 -10.3799 -10.3759 -10.0635 -10.0507  -9.9951  -9.9851
    -5.6407  -5.6190  -5.6068  -5.3517  -1.9841  -1.9025  -1.7723  -1.5056
    -0.9505  -0.8406  -0.6104  -0.4692  -0.3869  -0.3426  -0.2723  -0.2233

          k = 0.0000 0.0000-0.1576 ( 27107 PWs)   bands (ev):

   -24.7568 -24.7521 -10.2281 -10.1981 -10.0108  -9.9869  -9.9753  -9.9385
    -6.5182  -5.7456  -5.3220  -5.2807  -2.2951  -1.5358  -1.3083  -1.2666
    -1.0145  -0.7196  -0.6842  -0.6201  -0.4517  -0.1754  -0.1020  -0.0867

          k = 0.0000 0.2021 0.0000 ( 27127 PWs)   bands (ev):

   -24.7579 -24.7538 -10.2297 -10.1979 -10.0353 -10.0078  -9.9164  -9.8809
    -6.5206  -5.8192  -5.3815  -5.2828  -2.2251  -1.5372  -1.3615  -0.9013
    -0.8903  -0.8550  -0.8226  -0.5724  -0.3740  -0.3131  -0.1362  -0.1171

          k = 0.0000 0.2021-0.7880 ( 27132 PWs)   bands (ev):

   -24.7413 -24.7413 -10.4260 -10.4260 -10.0144 -10.0143 -10.0056 -10.0055
    -5.7548  -5.7548  -5.3127  -5.3126  -2.0852  -2.0851  -1.5821  -1.5821
    -0.7094  -0.7093  -0.6007  -0.6006  -0.3870  -0.3869  -0.3130  -0.3129

          k = 0.0000 0.2021 0.3152 ( 27117 PWs)   bands (ev):

   -24.7525 -24.7492 -10.1818 -10.1458 -10.1043 -10.1007 -10.0023  -9.9927
    -6.1977  -5.5812  -5.4998  -5.4003  -1.9795  -1.7780  -1.5991  -1.0422
    -0.9296  -0.8769  -0.7992  -0.4852  -0.3825  -0.2528  -0.2349  -0.2116

          k = 0.0000 0.2021-0.4728 ( 27109 PWs)   bands (ev):

   -24.7475 -24.7452 -10.2725 -10.2616 -10.1056 -10.0940  -9.9967  -9.9869
    -5.9231  -5.6125  -5.4866  -5.3947  -1.9289  -1.8638  -1.7371  -1.1999
    -1.0173  -0.8696  -0.6845  -0.4390  -0.3704  -0.3284  -0.2667  -0.2487

          k = 0.0000 0.2021 0.6304 ( 27128 PWs)   bands (ev):

   -24.7433 -24.7421 -10.3850 -10.3814 -10.0522 -10.0440  -9.9953  -9.9891
    -5.7722  -5.7080  -5.4476  -5.2851  -2.0385  -2.0190  -1.6532  -1.4441
    -0.8876  -0.7354  -0.6229  -0.4670  -0.4162  -0.4024  -0.2857  -0.2741

          k = 0.0000 0.2021-0.1576 ( 27110 PWs)   bands (ev):

   -24.7564 -24.7526 -10.2150 -10.1838 -10.0349 -10.0078  -9.9672  -9.9370
    -6.4298  -5.7503  -5.4137  -5.3156  -2.1564  -1.6145  -1.4202  -1.0351
    -0.9376  -0.7419  -0.7340  -0.5470  -0.4776  -0.2772  -0.1501  -0.1476

          k = 0.0000 0.4042 0.0000 ( 27065 PWs)   bands (ev):

   -24.7566 -24.7551 -10.1931 -10.1722 -10.0702 -10.0507  -9.9054  -9.8918
    -6.2726  -5.9719  -5.4532  -5.3758  -1.9439  -1.7382  -1.2196  -0.8444
    -0.8301  -0.8041  -0.6196  -0.5984  -0.5215  -0.4438  -0.2662  -0.2572

          k = 0.0000 0.4042-0.7880 ( 27146 PWs)   bands (ev):

   -24.7413 -24.7413 -10.4335 -10.4335 -10.0124 -10.0124  -9.9965  -9.9965
    -5.8563  -5.8563  -5.2008  -5.2008  -2.2006  -2.2006  -1.4033  -1.4033
    -0.6925  -0.6924  -0.5699  -0.5698  -0.5009  -0.5009  -0.3013  -0.3013

          k = 0.0000 0.4042 0.3152 ( 27067 PWs)   bands (ev):

   -24.7515 -24.7502 -10.1678 -10.1391 -10.1133 -10.0909 -10.0127 -10.0104
    -6.0038  -5.7478  -5.5170  -5.4558  -1.8537  -1.8170  -1.4672  -1.1371
    -0.8611  -0.8191  -0.7377  -0.5349  -0.4150  -0.4078  -0.2429  -0.2315

          k = 0.0000 0.4042-0.4728 ( 27106 PWs)   bands (ev):

   -24.7468 -24.7459 -10.2808 -10.2757 -10.0739 -10.0720 -10.0084 -10.0063
    -5.8507  -5.7413  -5.4444  -5.3995  -1.9516  -1.9350  -1.5431  -1.3118
    -0.8653  -0.7323  -0.6007  -0.5273  -0.4666  -0.3719  -0.3128  -0.2925

          k = 0.0000 0.4042 0.6304 ( 27114 PWs)   bands (ev):

   -24.7429 -24.7425 -10.3923 -10.3907 -10.0320 -10.0309  -9.9984  -9.9978
    -5.8443  -5.8174  -5.3022  -5.2409  -2.1224  -2.1184  -1.4740  -1.3773
    -0.7653  -0.6406  -0.5889  -0.5846  -0.4478  -0.4367  -0.3551  -0.3082

          k = 0.0000 0.4042-0.1576 ( 27072 PWs)   bands (ev):

   -24.7552 -24.7537 -10.1806 -10.1587 -10.0721 -10.0507  -9.9543  -9.9420
    -6.1933  -5.8999  -5.4783  -5.4013  -1.9104  -1.7525  -1.2989  -0.9561
    -0.8202  -0.8087  -0.7093  -0.5254  -0.4924  -0.4775  -0.2363  -0.2211

          k = 0.2000 0.0000 0.0000 ( 27113 PWs)   bands (ev):

   -24.7579 -24.7538 -10.2270 -10.1997 -10.0331 -10.0113  -9.9164  -9.8809
    -6.5246  -5.8444  -5.3138  -5.3096  -2.2440  -1.3579  -1.3229  -1.1889
    -0.8323  -0.8286  -0.8124  -0.5938  -0.3903  -0.2982  -0.1733  -0.1175

          k = 0.2000 0.0000-0.7880 ( 27090 PWs)   bands (ev):

   -24.7413 -24.7413 -10.4268 -10.4268 -10.0170 -10.0170 -10.0030 -10.0030
    -5.7192  -5.7192  -5.3453  -5.3453  -2.1568  -2.1568  -1.5162  -1.5162
    -0.6803  -0.6802  -0.6304  -0.6304  -0.4097  -0.4097  -0.2738  -0.2737

          k = 0.2000 0.0000 0.3152 ( 27107 PWs)   bands (ev):

   -24.7525 -24.7492 -10.1700 -10.1617 -10.1020 -10.0988 -10.0105  -9.9854
    -6.1960  -5.6066  -5.4423  -5.4269  -1.9914  -1.7228  -1.6175  -1.0713
    -0.9434  -0.8789  -0.7626  -0.4865  -0.4804  -0.2415  -0.2204  -0.1816

          k = 0.2000 0.0000-0.4728 ( 27116 PWs)   bands (ev):

   -24.7475 -24.7452 -10.2727 -10.2622 -10.1114 -10.0883 -10.0007  -9.9830
    -5.9064  -5.5636  -5.5206  -5.4214  -1.9829  -1.8309  -1.7453  -1.1868
    -0.9646  -0.9267  -0.6767  -0.4565  -0.3792  -0.3125  -0.2691  -0.2274

          k = 0.2000 0.0000 0.6304 ( 27117 PWs)   bands (ev):

   -24.7433 -24.7421 -10.3858 -10.3822 -10.0558 -10.0404  -9.9987  -9.9858
    -5.7335  -5.6678  -5.4938  -5.3126  -2.1338  -2.0337  -1.6146  -1.3863
    -0.8459  -0.7733  -0.6357  -0.5044  -0.3752  -0.3691  -0.3140  -0.2469

          k = 0.2000 0.0000-0.1576 ( 27123 PWs)   bands (ev):

   -24.7564 -24.7526 -10.2116 -10.1865 -10.0310 -10.0139  -9.9677  -9.9354
    -6.4327  -5.7758  -5.3486  -5.3421  -2.1730  -1.4772  -1.4317  -1.1586
    -0.9241  -0.7538  -0.6311  -0.6235  -0.5505  -0.2576  -0.1741  -0.1304

          k = 0.2000 0.2021 0.0000 ( 27108 PWs)   bands (ev):

   -24.7575 -24.7542 -10.2372 -10.1746 -10.0669  -9.9971  -9.9130  -9.8842
    -6.4538  -5.8713  -5.4082  -5.2910  -2.1236  -1.5314  -1.3329  -1.0093
    -0.8645  -0.8042  -0.6777  -0.5693  -0.4753  -0.3935  -0.2508  -0.1023

          k = 0.2000 0.2021-0.7880 ( 27102 PWs)   bands (ev):

   -24.7413 -24.7413 -10.4327 -10.4225 -10.0176 -10.0156 -10.0085  -9.9954
    -5.8225  -5.6768  -5.3875  -5.2344  -2.2440  -2.0630  -1.6584  -1.4180
    -0.7263  -0.6646  -0.5441  -0.5325  -0.4355  -0.4177  -0.3606  -0.2396

          k = 0.2000 0.2021 0.3152 ( 27101 PWs)   bands (ev):

   -24.7522 -24.7495 -10.1794 -10.1431 -10.1218 -10.0871 -10.0132  -9.9862
    -6.1381  -5.6226  -5.5154  -5.4153  -1.9201  -1.7506  -1.6277  -1.0029
    -0.9724  -0.8726  -0.7406  -0.5051  -0.4576  -0.2734  -0.2560  -0.1839

          k = 0.2000 0.2021-0.4728 ( 27122 PWs)   bands (ev):

   -24.7473 -24.7454 -10.2766 -10.2611 -10.1197 -10.0700 -10.0096  -9.9821
    -5.8809  -5.6014  -5.5282  -5.4090  -1.9814  -1.8753  -1.6881  -1.2411
    -0.9129  -0.8392  -0.6640  -0.4776  -0.4283  -0.3361  -0.2795  -0.1984

          k = 0.2000 0.2021 0.6304 ( 27101 PWs)   bands (ev):

   -24.7432 -24.7422 -10.3905 -10.3793 -10.0607 -10.0295 -10.0002  -9.9879
    -5.8051  -5.6423  -5.4868  -5.2703  -2.1629  -2.0177  -1.6157  -1.4267
    -0.7657  -0.7153  -0.6234  -0.4820  -0.4599  -0.3728  -0.3419  -0.2161

          k = 0.2000 0.2021-0.1576 ( 27106 PWs)   bands (ev):

   -24.7560 -24.7529 -10.2216 -10.1615 -10.0685  -9.9943  -9.9650  -9.9391
    -6.3648  -5.7993  -5.4387  -5.3249  -2.0635  -1.5761  -1.4541  -1.0340
    -0.8654  -0.7849  -0.6827  -0.5609  -0.5332  -0.3293  -0.2454  -0.1268

          k = 0.2000 0.4042 0.0000 ( 27078 PWs)   bands (ev):

   -24.7565 -24.7552 -10.2246 -10.1869 -10.0574 -10.0145  -9.9040  -9.8931
    -6.2630  -6.0239  -5.4306  -5.3553  -1.8910  -1.7098  -1.2372  -0.8875
    -0.8731  -0.8416  -0.6999  -0.4959  -0.4906  -0.4253  -0.3461  -0.1975

          k = 0.2000 0.4042-0.7880 ( 27110 PWs)   bands (ev):

   -24.7413 -24.7413 -10.4322 -10.4260 -10.0145 -10.0131 -10.0079  -9.9972
    -5.8490  -5.7807  -5.2755  -5.2026  -2.2424  -2.1361  -1.6026  -1.4503
    -0.6909  -0.6112  -0.5842  -0.4761  -0.4462  -0.4298  -0.2996  -0.2849

          k = 0.2000 0.4042 0.3152 ( 27081 PWs)   bands (ev):

   -24.7513 -24.7503 -10.1761 -10.1537 -10.1133 -10.0873 -10.0097  -9.9944
    -5.9818  -5.7772  -5.5084  -5.4546  -1.8323  -1.7986  -1.5061  -1.2312
    -0.8462  -0.7665  -0.7182  -0.5411  -0.4116  -0.3335  -0.2789  -0.2417

          k = 0.2000 0.4042-0.4728 ( 27101 PWs)   bands (ev):

   -24.7467 -24.7460 -10.2765 -10.2682 -10.1055 -10.0758 -10.0052  -9.9889
    -5.8106  -5.7091  -5.4827  -5.4295  -1.9728  -1.9392  -1.5419  -1.3677
    -0.8673  -0.7512  -0.5992  -0.4963  -0.4301  -0.3428  -0.3036  -0.2505

          k = 0.2000 0.4042 0.6304 ( 27128 PWs)   bands (ev):

   -24.7429 -24.7425 -10.3901 -10.3834 -10.0519 -10.0334  -9.9971  -9.9912
    -5.8232  -5.7537  -5.3550  -5.2672  -2.1586  -2.0806  -1.5541  -1.4677
    -0.7515  -0.6705  -0.5512  -0.4688  -0.4524  -0.3846  -0.3483  -0.2580

          k = 0.2000 0.4042-0.1576 ( 27096 PWs)   bands (ev):

   -24.7550 -24.7539 -10.2100 -10.1738 -10.0589 -10.0142  -9.9544  -9.9450
    -6.1815  -5.9491  -5.4567  -5.3844  -1.8599  -1.7162  -1.3614  -1.0730
    -0.8339  -0.7490  -0.6641  -0.5260  -0.4971  -0.4359  -0.2913  -0.2027

          k = 0.4000 0.0000 0.0000 ( 27104 PWs)   bands (ev):

   -24.7566 -24.7551 -10.1866 -10.1726 -10.0698 -10.0583  -9.9054  -9.8919
    -6.2906  -6.0128  -5.3836  -5.3585  -1.9513  -1.6457  -1.0926  -0.9135
    -0.7897  -0.7879  -0.7693  -0.5972  -0.5805  -0.4937  -0.3575  -0.2494

          k = 0.4000 0.0000-0.7880 ( 27106 PWs)   bands (ev):

   -24.7413 -24.7413 -10.4355 -10.4355 -10.0160 -10.0160  -9.9931  -9.9931
    -5.7913  -5.7913  -5.2578  -5.2578  -2.3233  -2.3232  -1.2981  -1.2981
    -0.6929  -0.6928  -0.6102  -0.6102  -0.4131  -0.4130  -0.3050  -0.3050

          k = 0.4000 0.0000 0.3152 ( 27111 PWs)   bands (ev):

   -24.7515 -24.7502 -10.1551 -10.1342 -10.1314 -10.0986 -10.0170 -10.0000
    -6.0009  -5.7564  -5.4883  -5.4611  -1.8485  -1.7291  -1.5181  -1.1628
    -0.8682  -0.7896  -0.7878  -0.6460  -0.4204  -0.3354  -0.2492  -0.2403

          k = 0.4000 0.0000-0.4728 ( 27101 PWs)   bands (ev):

   -24.7468 -24.7459 -10.2818 -10.2771 -10.0834 -10.0663 -10.0129  -9.9987
    -5.7998  -5.6748  -5.4966  -5.4517  -2.0164  -1.9493  -1.5329  -1.2919
    -0.8240  -0.6718  -0.6643  -0.6388  -0.4043  -0.3514  -0.3147  -0.2618

          k = 0.4000 0.0000 0.6304 ( 27117 PWs)   bands (ev):

   -24.7429 -24.7425 -10.3941 -10.3926 -10.0390 -10.0273 -10.0018  -9.9912
    -5.7774  -5.7505  -5.3661  -5.2968  -2.2469  -2.2013  -1.4052  -1.2857
    -0.7327  -0.6826  -0.5857  -0.5398  -0.5190  -0.3352  -0.3333  -0.3169

          k = 0.4000 0.0000-0.1576 ( 27108 PWs)   bands (ev):

   -24.7552 -24.7537 -10.1723 -10.1604 -10.0705 -10.0628  -9.9536  -9.9403
    -6.2076  -5.9374  -5.4145  -5.3883  -1.9104  -1.6534  -1.2598  -0.8993
    -0.8947  -0.8161  -0.7784  -0.6759  -0.5307  -0.3800  -0.2999  -0.2316

          k = 0.4000 0.2021 0.0000 ( 27115 PWs)   bands (ev):

   -24.7565 -24.7552 -10.2231 -10.1853 -10.0593 -10.0163  -9.9041  -9.8931
    -6.2745  -6.0458  -5.3973  -5.3379  -1.8929  -1.6578  -1.1702  -0.8994
    -0.8506  -0.8157  -0.7826  -0.5859  -0.5260  -0.4512  -0.3523  -0.1978

          k = 0.4000 0.2021-0.7880 ( 27132 PWs)   bands (ev):

   -24.7413 -24.7413 -10.4335 -10.4272 -10.0177 -10.0166 -10.0033  -9.9952
    -5.8099  -5.7290  -5.3224  -5.2367  -2.3174  -2.2432  -1.4909  -1.3923
    -0.7073  -0.6072  -0.5916  -0.5553  -0.4032  -0.3753  -0.3176  -0.2191

          k = 0.4000 0.2021 0.3152 ( 27098 PWs)   bands (ev):

   -24.7513 -24.7503 -10.1722 -10.1511 -10.1204 -10.0916 -10.0090  -9.9917
    -5.9803  -5.7809  -5.4959  -5.4540  -1.8258  -1.7326  -1.5570  -1.2575
    -0.8118  -0.7884  -0.7231  -0.5792  -0.4265  -0.3418  -0.2727  -0.2342

          k = 0.4000 0.2021-0.4728 ( 27103 PWs)   bands (ev):

   -24.7467 -24.7460 -10.2772 -10.2690 -10.1070 -10.0766 -10.0047  -9.9876
    -5.7748  -5.6529  -5.5321  -5.4639  -2.0078  -1.9551  -1.5380  -1.3560
    -0.8006  -0.7524  -0.6508  -0.5402  -0.4196  -0.3261  -0.2953  -0.2278

          k = 0.4000 0.2021 0.6304 ( 27104 PWs)   bands (ev):

   -24.7429 -24.7425 -10.3913 -10.3846 -10.0531 -10.0342  -9.9968  -9.9896
    -5.7825  -5.6968  -5.4080  -5.3030  -2.2262  -2.1609  -1.4793  -1.4161
    -0.7220  -0.6735  -0.5718  -0.5435  -0.4396  -0.3634  -0.3050  -0.2223

          k = 0.4000 0.2021-0.1576 ( 27117 PWs)   bands (ev):

   -24.7550 -24.7539 -10.2083 -10.1721 -10.0618 -10.0174  -9.9538  -9.9438
    -6.1907  -5.9688  -5.4266  -5.3702  -1.8563  -1.6503  -1.3610  -1.0694
    -0.8470  -0.7283  -0.6993  -0.6109  -0.5163  -0.4371  -0.3093  -0.2005

          k = 0.4000 0.4042 0.0000 ( 27109 PWs)   bands (ev):

   -24.7561 -24.7556 -10.2444 -10.2285 -10.0125  -9.9931  -9.9006  -9.8964
    -6.2200  -6.1308  -5.3775  -5.3433  -1.7713  -1.6861  -1.2329  -1.0786
    -0.8950  -0.8790  -0.6754  -0.5324  -0.4427  -0.4131  -0.2988  -0.2049

          k = 0.4000 0.4042-0.7880 ( 27124 PWs)   bands (ev):

   -24.7413 -24.7413 -10.4239 -10.4198 -10.0195 -10.0176 -10.0118 -10.0078
    -5.7668  -5.7094  -5.3408  -5.2805  -2.2192  -2.1424  -1.7216  -1.6273
    -0.6530  -0.6147  -0.5018  -0.4687  -0.3796  -0.3591  -0.2315  -0.2000

          k = 0.4000 0.4042 0.3152 ( 27096 PWs)   bands (ev):

   -24.7510 -24.7506 -10.1852 -10.1769 -10.1045 -10.0929  -9.9917  -9.9838
    -5.9234  -5.8468  -5.4854  -5.4625  -1.7854  -1.7471  -1.5609  -1.4314
    -0.7538  -0.7264  -0.6238  -0.5300  -0.4075  -0.3749  -0.2994  -0.2367

          k = 0.4000 0.4042-0.4728 ( 27109 PWs)   bands (ev):

   -24.7465 -24.7462 -10.2647 -10.2586 -10.1252 -10.1089  -9.9871  -9.9805
    -5.7092  -5.6322  -5.5722  -5.5115  -1.9846  -1.9650  -1.5369  -1.4753
    -0.8207  -0.7790  -0.5587  -0.4835  -0.3857  -0.3449  -0.2532  -0.1982

          k = 0.4000 0.4042 0.6304 ( 27118 PWs)   bands (ev):

   -24.7428 -24.7426 -10.3810 -10.3766 -10.0642 -10.0543  -9.9905  -9.9886
    -5.7364  -5.6733  -5.4248  -5.3552  -2.1511  -2.0992  -1.6411  -1.5930
    -0.7202  -0.6825  -0.4974  -0.4753  -0.3790  -0.3685  -0.2335  -0.1868

          k = 0.4000 0.4042-0.1576 ( 27108 PWs)   bands (ev):

   -24.7547 -24.7542 -10.2286 -10.2136 -10.0134  -9.9903  -9.9559  -9.9511
    -6.1361  -6.0498  -5.4079  -5.3758  -1.7377  -1.6454  -1.4565  -1.3064
    -0.7318  -0.6784  -0.6324  -0.5376  -0.5122  -0.4639  -0.2964  -0.2160

     highest occupied level (ev):    -0.0550

     Writing config to output data dir ./_ph0/pwscf.q_2/pwscf.save/ :
     XML data file

                                                                                

     bravais-lattice index     =            8
     lattice parameter (alat)  =      13.6741  a.u.
     unit-cell volume          =    1605.3416 (a.u.)^3
     number of atoms/cell      =           22
     number of atomic types    =            3
     kinetic-energy cut-off    =     100.0000  Ry
     charge density cut-off    =     800.0000  Ry
     convergence threshold     =      1.0E-14
     beta                      =       0.7000
     number of iterations used =            4
     Exchange-correlation= PBESOL
                           (   1   4  10   8   0   0   0)


     celldm(1)=   13.67410  celldm(2)=    0.98958  celldm(3)=    0.63448
     celldm(4)=    0.00000  celldm(5)=    0.00000  celldm(6)=    0.00000

     crystal axes: (cart. coord. in units of alat)
               a(1) = (  1.0000  0.0000  0.0000 )  
               a(2) = (  0.0000  0.9896  0.0000 )  
               a(3) = (  0.0000  0.0000  0.6345 )  

     reciprocal axes: (cart. coord. in units 2 pi/alat)
               b(1) = (  1.0000  0.0000  0.0000 )  
               b(2) = (  0.0000  1.0105  0.0000 )  
               b(3) = (  0.0000  0.0000  1.5761 )  


     Atoms inside the unit cell: 

     Cartesian axes

     site n.  atom      mass           positions (alat units)
        1  Ba    137.3270   tau(    1) = (    0.50000    0.49479    0.31725  )
        2  Ba    137.3270   tau(    2) = (    0.00000    0.00000    0.63447  )
        3  B      10.8110   tau(    3) = (    0.64136    0.26486    0.00001  )
        4  B      10.8110   tau(    4) = (    0.35864    0.72472    0.00001  )
        5  B      10.8110   tau(    5) = (    0.14136    0.22993    0.31723  )
        6  B      10.8110   tau(    6) = (    0.85864    0.75965    0.31723  )
        7  H       1.0079   tau(    7) = (    0.47146    0.27914    0.00001  )
        8  H       1.0079   tau(    8) = (    0.52854    0.71045    0.00001  )
        9  H       1.0079   tau(    9) = (    0.97146    0.21566    0.31723  )
       10  H       1.0079   tau(   10) = (    0.02854    0.77393    0.31723  )
       11  H       1.0079   tau(   11) = (    0.71284    0.42013    0.00001  )
       12  H       1.0079   tau(   12) = (    0.28716    0.56945    0.00001  )
       13  H       1.0079   tau(   13) = (    0.21284    0.07466    0.31723  )
       14  H       1.0079   tau(   14) = (    0.78716    0.91492    0.31723  )
       15  H       1.0079   tau(   15) = (    0.68722    0.18184    0.49342  )
       16  H       1.0079   tau(   16) = (    0.31278    0.80775    0.49342  )
       17  H       1.0079   tau(   17) = (    0.18722    0.31295    0.45830  )
       18  H       1.0079   tau(   18) = (    0.81278    0.67663    0.45830  )
       19  H       1.0079   tau(   19) = (    0.31278    0.80775    0.14108  )
       20  H       1.0079   tau(   20) = (    0.68722    0.18184    0.14108  )
       21  H       1.0079   tau(   21) = (    0.81278    0.67663    0.17616  )
       22  H       1.0079   tau(   22) = (    0.18722    0.31296    0.17616  )

     Computing dynamical matrix for 
                    q = (   0.0000000   0.0000000  -0.7880444 )

      5 Sym.Ops. (with q -> -q+G )


     G cutoff = 3789.0269  (  25557 G-vectors)     FFT grid: (128,128, 80)
     G cutoff = 1894.5135  (   9039 G-vectors)  smooth grid: ( 90, 90, 60)
     number of k points=    54

     PseudoPot. # 1 for B  read from file:
     /home/mehlhorn/pseudos/b_pbesol_v1.4.uspp.F.UPF
     MD5 check sum: 369b69bef2c3aeed4453bd8b804fd6a8
     Pseudo is Ultrasoft + core correction, Zval =  3.0
     Generated by new atomic code, or converted to UPF format
     Using radial grid of  781 points,  4 beta functions with: 
                l(1) =   0
                l(2) =   0
                l(3) =   1
                l(4) =   1
     Q(r) pseudized with  8 coefficients,  rinner =    1.100   1.100   1.100


     PseudoPot. # 2 for Ba read from file:
     /home/mehlhorn/pseudos/Ba.nc.z_10.oncvpsp4.dojo.v4-sp.upf
     MD5 check sum: c10ed334bb677c0554edec7181ce9143
     Pseudo is Norm-conserving + core correction, Zval = 10.0
     Generated using ONCVPSP code by D. R. Hamann
     Using radial grid of 1938 points,  8 beta functions with: 
                l(1) =   0
                l(2) =   0
                l(3) =   1
                l(4) =   1
                l(5) =   2
                l(6) =   2
                l(7) =   3
                l(8) =   3

     PseudoPot. # 3 for H  read from file:
     /home/mehlhorn/pseudos/H_ONCV_PBEsol-1.0.upf
     MD5 check sum: 398ef8f67c0a7342c05c87c5e19ea467
     Pseudo is Norm-conserving, Zval =  1.0
     Generated using ONCVPSP code by D. R. Hamann
     Using radial grid of 1180 points,  2 beta functions with: 
                l(1) =   0
                l(2) =   0


     Atomic displacements:
     There are   66 irreducible representations

     Representation     1      1 modes -  To be done

     Representation     2      1 modes -  To be done

     Representation     3      1 modes -  To be done

     Representation     4      1 modes -  To be done

     Representation     5      1 modes -  To be done

     Representation     6      1 modes -  To be done

     Representation     7      1 modes -  To be done

     Representation     8      1 modes -  To be done

     Representation     9      1 modes -  To be done

     Representation    10      1 modes -  To be done

     Representation    11      1 modes -  To be done

     Representation    12      1 modes -  To be done

     Representation    13      1 modes -  To be done

     Representation    14      1 modes -  To be done

     Representation    15      1 modes -  To be done

     Representation    16      1 modes -  To be done

     Representation    17      1 modes -  To be done

     Representation    18      1 modes -  To be done

     Representation    19      1 modes -  To be done

     Representation    20      1 modes -  To be done

     Representation    21      1 modes -  To be done

     Representation    22      1 modes -  To be done

     Representation    23      1 modes -  To be done

     Representation    24      1 modes -  To be done

     Representation    25      1 modes -  To be done

     Representation    26      1 modes -  To be done

     Representation    27      1 modes -  To be done

     Representation    28      1 modes -  To be done

     Representation    29      1 modes -  To be done

     Representation    30      1 modes -  To be done

     Representation    31      1 modes -  To be done

     Representation    32      1 modes -  To be done

     Representation    33      1 modes -  To be done

     Representation    34      1 modes -  To be done

     Representation    35      1 modes -  To be done

     Representation    36      1 modes -  To be done

     Representation    37      1 modes -  To be done

     Representation    38      1 modes -  To be done

     Representation    39      1 modes -  To be done

     Representation    40      1 modes -  To be done

     Representation    41      1 modes -  To be done

     Representation    42      1 modes -  To be done

     Representation    43      1 modes -  To be done

     Representation    44      1 modes -  To be done

     Representation    45      1 modes -  To be done

     Representation    46      1 modes -  To be done

     Representation    47      1 modes -  To be done

     Representation    48      1 modes -  To be done

     Representation    49      1 modes -  To be done

     Representation    50      1 modes -  To be done

     Representation    51      1 modes -  To be done

     Representation    52      1 modes -  To be done

     Representation    53      1 modes -  To be done

     Representation    54      1 modes -  To be done

     Representation    55      1 modes -  To be done

     Representation    56      1 modes -  To be done

     Representation    57      1 modes -  To be done

     Representation    58      1 modes -  To be done

     Representation    59      1 modes -  To be done

     Representation    60      1 modes -  To be done

     Representation    61      1 modes -  To be done

     Representation    62      1 modes -  To be done

     Representation    63      1 modes -  To be done

     Representation    64      1 modes -  To be done

     Representation    65      1 modes -  To be done

     Representation    66      1 modes -  To be done


     Message from routine init_vloc:
     Interpolation table for Vloc re-allocated

     Alpha used in Ewald sum =   2.8000
     PHONON       :     11h55m CPU     12h 2m WALL



     Representation #   1 mode #   1

     Self-consistent Calculation

      iter #   1 total cpu time : 43386.3 secs   av.it.:   3.0
      thresh= 1.000E-02 alpha_mix =  0.700 |ddv_scf|^2 =  8.617E-09

      iter #   2 total cpu time : 43483.8 secs   av.it.:  15.0
      thresh= 9.283E-06 alpha_mix =  0.700 |ddv_scf|^2 =  7.574E-09

      iter #   3 total cpu time : 43576.7 secs   av.it.:  14.6
      thresh= 8.703E-06 alpha_mix =  0.700 |ddv_scf|^2 =  1.572E-11

      iter #   4 total cpu time : 43676.7 secs   av.it.:  15.7
      thresh= 3.965E-07 alpha_mix =  0.700 |ddv_scf|^2 =  1.789E-12

      iter #   5 total cpu time : 43775.5 secs   av.it.:  15.4
      thresh= 1.337E-07 alpha_mix =  0.700 |ddv_scf|^2 =  2.520E-14

      iter #   6 total cpu time : 43875.9 secs   av.it.:  16.0
      thresh= 1.587E-08 alpha_mix =  0.700 |ddv_scf|^2 =  2.922E-15

     End of self-consistent calculation

     Convergence has been achieved 


     Representation #   2 mode #   2

     Self-consistent Calculation

      iter #   1 total cpu time : 43931.7 secs   av.it.:   4.7
      thresh= 1.000E-02 alpha_mix =  0.700 |ddv_scf|^2 =  1.265E-08

      iter #   2 total cpu time : 44037.2 secs   av.it.:  16.0
      thresh= 1.125E-05 alpha_mix =  0.700 |ddv_scf|^2 =  4.185E-09

      iter #   3 total cpu time : 44139.6 secs   av.it.:  15.2
      thresh= 6.469E-06 alpha_mix =  0.700 |ddv_scf|^2 =  2.157E-11

      iter #   4 total cpu time : 44245.0 secs   av.it.:  16.0
      thresh= 4.644E-07 alpha_mix =  0.700 |ddv_scf|^2 =  1.598E-12

      iter #   5 total cpu time : 44350.8 secs   av.it.:  16.0
      thresh= 1.264E-07 alpha_mix =  0.700 |ddv_scf|^2 =  2.479E-13

      iter #   6 total cpu time : 44455.1 secs   av.it.:  15.9
      thresh= 4.979E-08 alpha_mix =  0.700 |ddv_scf|^2 =  3.622E-15

     End of self-consistent calculation

     Convergence has been achieved 


     Representation #   3 mode #   3

     Self-consistent Calculation

      iter #   1 total cpu time : 44503.9 secs   av.it.:   3.2
      thresh= 1.000E-02 alpha_mix =  0.700 |ddv_scf|^2 =  2.385E-09

      iter #   2 total cpu time : 44606.1 secs   av.it.:  16.0
      thresh= 4.884E-06 alpha_mix =  0.700 |ddv_scf|^2 =  1.186E-09

      iter #   3 total cpu time : 44705.2 secs   av.it.:  15.1
      thresh= 3.444E-06 alpha_mix =  0.700 |ddv_scf|^2 =  2.695E-12

      iter #   4 total cpu time : 44809.0 secs   av.it.:  16.0
      thresh= 1.642E-07 alpha_mix =  0.700 |ddv_scf|^2 =  2.798E-13

      iter #   5 total cpu time : 44911.3 secs   av.it.:  15.9
      thresh= 5.290E-08 alpha_mix =  0.700 |ddv_scf|^2 =  1.471E-14

      iter #   6 total cpu time : 45012.8 secs   av.it.:  16.0
      thresh= 1.213E-08 alpha_mix =  0.700 |ddv_scf|^2 =  1.686E-15

     End of self-consistent calculation

     Convergence has been achieved 


     Representation #   4 mode #   4

     Self-consistent Calculation

      iter #   1 total cpu time : 45061.4 secs   av.it.:   3.8
      thresh= 1.000E-02 alpha_mix =  0.700 |ddv_scf|^2 =  3.195E-09

      iter #   2 total cpu time : 45163.8 secs   av.it.:  16.0
      thresh= 5.652E-06 alpha_mix =  0.700 |ddv_scf|^2 =  1.670E-09

      iter #   3 total cpu time : 45262.3 secs   av.it.:  15.0
      thresh= 4.086E-06 alpha_mix =  0.700 |ddv_scf|^2 =  3.149E-12

      iter #   4 total cpu time : 45365.7 secs   av.it.:  16.0
      thresh= 1.774E-07 alpha_mix =  0.700 |ddv_scf|^2 =  3.395E-13

      iter #   5 total cpu time : 45466.7 secs   av.it.:  15.9
      thresh= 5.827E-08 alpha_mix =  0.700 |ddv_scf|^2 =  1.918E-14

      iter #   6 total cpu time : 45569.1 secs   av.it.:  15.8
      thresh= 1.385E-08 alpha_mix =  0.700 |ddv_scf|^2 =  2.387E-15

     End of self-consistent calculation

     Convergence has been achieved 


     Representation #   5 mode #   5

     Self-consistent Calculation

      iter #   1 total cpu time : 45625.8 secs   av.it.:   5.0
      thresh= 1.000E-02 alpha_mix =  0.700 |ddv_scf|^2 =  5.845E-08

      iter #   2 total cpu time : 45728.3 secs   av.it.:  15.5
      thresh= 2.418E-05 alpha_mix =  0.700 |ddv_scf|^2 =  5.941E-08

      iter #   3 total cpu time : 45825.3 secs   av.it.:  14.3
      thresh= 2.437E-05 alpha_mix =  0.700 |ddv_scf|^2 =  6.797E-11

      iter #   4 total cpu time : 45931.0 secs   av.it.:  16.0
      thresh= 8.244E-07 alpha_mix =  0.700 |ddv_scf|^2 =  1.076E-11

      iter #   5 total cpu time : 46031.7 secs   av.it.:  15.7
      thresh= 3.280E-07 alpha_mix =  0.700 |ddv_scf|^2 =  7.315E-13

      iter #   6 total cpu time : 46132.6 secs   av.it.:  15.9
      thresh= 8.553E-08 alpha_mix =  0.700 |ddv_scf|^2 =  3.410E-14

      iter #   7 total cpu time : 46231.4 secs   av.it.:  15.0
      thresh= 1.847E-08 alpha_mix =  0.700 |ddv_scf|^2 =  5.179E-16

     End of self-consistent calculation

     Convergence has been achieved 


     Representation #   6 mode #   6

     Self-consistent Calculation

      iter #   1 total cpu time : 46278.8 secs   av.it.:   3.0
      thresh= 1.000E-02 alpha_mix =  0.700 |ddv_scf|^2 =  1.683E-09

      iter #   2 total cpu time : 46383.0 secs   av.it.:  16.0
      thresh= 4.103E-06 alpha_mix =  0.700 |ddv_scf|^2 =  8.259E-10

      iter #   3 total cpu time : 46482.2 secs   av.it.:  15.1
      thresh= 2.874E-06 alpha_mix =  0.700 |ddv_scf|^2 =  1.185E-11

      iter #   4 total cpu time : 46581.3 secs   av.it.:  15.1
      thresh= 3.443E-07 alpha_mix =  0.700 |ddv_scf|^2 =  2.410E-12

      iter #   5 total cpu time : 46679.7 secs   av.it.:  15.0
      thresh= 1.552E-07 alpha_mix =  0.700 |ddv_scf|^2 =  8.613E-14

      iter #   6 total cpu time : 46780.4 secs   av.it.:  15.0
      thresh= 2.935E-08 alpha_mix =  0.700 |ddv_scf|^2 =  4.737E-15

     End of self-consistent calculation

     Convergence has been achieved 


     Representation #   7 mode #   7

     Self-consistent Calculation

      iter #   1 total cpu time : 46830.8 secs   av.it.:   4.0
      thresh= 1.000E-02 alpha_mix =  0.700 |ddv_scf|^2 =  1.260E-08

      iter #   2 total cpu time : 46929.7 secs   av.it.:  15.3
      thresh= 1.122E-05 alpha_mix =  0.700 |ddv_scf|^2 =  1.089E-08

      iter #   3 total cpu time : 47025.1 secs   av.it.:  14.9
      thresh= 1.044E-05 alpha_mix =  0.700 |ddv_scf|^2 =  2.530E-11

      iter #   4 total cpu time : 47129.3 secs   av.it.:  15.3
      thresh= 5.030E-07 alpha_mix =  0.700 |ddv_scf|^2 =  9.969E-13

      iter #   5 total cpu time : 47232.5 secs   av.it.:  16.0
      thresh= 9.984E-08 alpha_mix =  0.700 |ddv_scf|^2 =  1.880E-13

      iter #   6 total cpu time : 47330.6 secs   av.it.:  15.0
      thresh= 4.336E-08 alpha_mix =  0.700 |ddv_scf|^2 =  7.519E-15

     End of self-consistent calculation

     Convergence has been achieved 


     Representation #   8 mode #   8

     Self-consistent Calculation

      iter #   1 total cpu time : 47378.2 secs   av.it.:   3.1
      thresh= 1.000E-02 alpha_mix =  0.700 |ddv_scf|^2 =  1.332E-09

      iter #   2 total cpu time : 47480.1 secs   av.it.:  16.0
      thresh= 3.650E-06 alpha_mix =  0.700 |ddv_scf|^2 =  4.397E-10

      iter #   3 total cpu time : 47584.0 secs   av.it.:  15.9
      thresh= 2.097E-06 alpha_mix =  0.700 |ddv_scf|^2 =  4.772E-12

      iter #   4 total cpu time : 47691.3 secs   av.it.:  15.9
      thresh= 2.185E-07 alpha_mix =  0.700 |ddv_scf|^2 =  5.193E-13

      iter #   5 total cpu time : 47797.6 secs   av.it.:  15.9
      thresh= 7.206E-08 alpha_mix =  0.700 |ddv_scf|^2 =  1.813E-14

      iter #   6 total cpu time : 47903.1 secs   av.it.:  16.0
      thresh= 1.347E-08 alpha_mix =  0.700 |ddv_scf|^2 =  1.231E-15

     End of self-consistent calculation

     Convergence has been achieved 


     Representation #   9 mode #   9

     Self-consistent Calculation

      iter #   1 total cpu time : 47949.6 secs   av.it.:   3.0
      thresh= 1.000E-02 alpha_mix =  0.700 |ddv_scf|^2 =  8.266E-10

      iter #   2 total cpu time : 48054.8 secs   av.it.:  16.0
      thresh= 2.875E-06 alpha_mix =  0.700 |ddv_scf|^2 =  1.956E-10

      iter #   3 total cpu time : 48156.7 secs   av.it.:  15.8
      thresh= 1.398E-06 alpha_mix =  0.700 |ddv_scf|^2 =  6.015E-12

      iter #   4 total cpu time : 48257.8 secs   av.it.:  15.9
      thresh= 2.453E-07 alpha_mix =  0.700 |ddv_scf|^2 =  3.282E-13

      iter #   5 total cpu time : 48359.3 secs   av.it.:  15.9
      thresh= 5.729E-08 alpha_mix =  0.700 |ddv_scf|^2 =  1.320E-14

      iter #   6 total cpu time : 48462.0 secs   av.it.:  15.9
      thresh= 1.149E-08 alpha_mix =  0.700 |ddv_scf|^2 =  1.056E-15

     End of self-consistent calculation

     Convergence has been achieved 


     Representation #  10 mode #  10

     Self-consistent Calculation

      iter #   1 total cpu time : 48508.3 secs   av.it.:   3.0
      thresh= 1.000E-02 alpha_mix =  0.700 |ddv_scf|^2 =  6.618E-10

      iter #   2 total cpu time : 48611.3 secs   av.it.:  16.0
      thresh= 2.573E-06 alpha_mix =  0.700 |ddv_scf|^2 =  1.403E-10

      iter #   3 total cpu time : 48712.5 secs   av.it.:  15.9
      thresh= 1.185E-06 alpha_mix =  0.700 |ddv_scf|^2 =  1.217E-11

      iter #   4 total cpu time : 48813.8 secs   av.it.:  15.2
      thresh= 3.489E-07 alpha_mix =  0.700 |ddv_scf|^2 =  7.985E-13

      iter #   5 total cpu time : 48916.1 secs   av.it.:  15.0
      thresh= 8.936E-08 alpha_mix =  0.700 |ddv_scf|^2 =  6.681E-14

      iter #   6 total cpu time : 49018.6 secs   av.it.:  15.1
      thresh= 2.585E-08 alpha_mix =  0.700 |ddv_scf|^2 =  2.167E-15

     End of self-consistent calculation

     Convergence has been achieved 


     Representation #  11 mode #  11

     Self-consistent Calculation

      iter #   1 total cpu time : 49075.4 secs   av.it.:   5.0
      thresh= 1.000E-02 alpha_mix =  0.700 |ddv_scf|^2 =  6.295E-08

      iter #   2 total cpu time : 49178.9 secs   av.it.:  15.1
      thresh= 2.509E-05 alpha_mix =  0.700 |ddv_scf|^2 =  5.644E-08

      iter #   3 total cpu time : 49277.0 secs   av.it.:  14.3
      thresh= 2.376E-05 alpha_mix =  0.700 |ddv_scf|^2 =  1.602E-10

      iter #   4 total cpu time : 49381.7 secs   av.it.:  15.6
      thresh= 1.266E-06 alpha_mix =  0.700 |ddv_scf|^2 =  1.525E-11

      iter #   5 total cpu time : 49485.7 secs   av.it.:  15.3
      thresh= 3.905E-07 alpha_mix =  0.700 |ddv_scf|^2 =  3.519E-13

      iter #   6 total cpu time : 49591.5 secs   av.it.:  15.9
      thresh= 5.932E-08 alpha_mix =  0.700 |ddv_scf|^2 =  2.263E-14

      iter #   7 total cpu time : 49698.5 secs   av.it.:  16.0
      thresh= 1.504E-08 alpha_mix =  0.700 |ddv_scf|^2 =  1.725E-15

     End of self-consistent calculation

     Convergence has been achieved 


     Representation #  12 mode #  12

     Self-consistent Calculation

      iter #   1 total cpu time : 49747.4 secs   av.it.:   3.1
      thresh= 1.000E-02 alpha_mix =  0.700 |ddv_scf|^2 =  8.816E-09

      iter #   2 total cpu time : 49849.8 secs   av.it.:  15.1
      thresh= 9.389E-06 alpha_mix =  0.700 |ddv_scf|^2 =  8.124E-09

      iter #   3 total cpu time : 49947.3 secs   av.it.:  14.5
      thresh= 9.013E-06 alpha_mix =  0.700 |ddv_scf|^2 =  1.175E-11

      iter #   4 total cpu time : 50050.0 secs   av.it.:  15.9
      thresh= 3.427E-07 alpha_mix =  0.700 |ddv_scf|^2 =  1.907E-12

      iter #   5 total cpu time : 50151.5 secs   av.it.:  15.2
      thresh= 1.381E-07 alpha_mix =  0.700 |ddv_scf|^2 =  2.465E-14

      iter #   6 total cpu time : 50256.6 secs   av.it.:  15.9
      thresh= 1.570E-08 alpha_mix =  0.700 |ddv_scf|^2 =  3.628E-15

     End of self-consistent calculation

     Convergence has been achieved 


     Representation #  13 mode #  13

     Self-consistent Calculation

      iter #   1 total cpu time : 50304.9 secs   av.it.:   3.0
      thresh= 1.000E-02 alpha_mix =  0.700 |ddv_scf|^2 =  1.364E-09

      iter #   2 total cpu time : 50410.4 secs   av.it.:  16.0
      thresh= 3.693E-06 alpha_mix =  0.700 |ddv_scf|^2 =  3.046E-10

      iter #   3 total cpu time : 50511.5 secs   av.it.:  15.9
      thresh= 1.745E-06 alpha_mix =  0.700 |ddv_scf|^2 =  7.956E-12

      iter #   4 total cpu time : 50611.7 secs   av.it.:  15.7
      thresh= 2.821E-07 alpha_mix =  0.700 |ddv_scf|^2 =  2.710E-13

      iter #   5 total cpu time : 50712.8 secs   av.it.:  15.9
      thresh= 5.206E-08 alpha_mix =  0.700 |ddv_scf|^2 =  2.528E-14

      iter #   6 total cpu time : 50813.7 secs   av.it.:  15.9
      thresh= 1.590E-08 alpha_mix =  0.700 |ddv_scf|^2 =  2.781E-15

     End of self-consistent calculation

     Convergence has been achieved 


     Representation #  14 mode #  14

     Self-consistent Calculation

      iter #   1 total cpu time : 50867.7 secs   av.it.:   4.4
      thresh= 1.000E-02 alpha_mix =  0.700 |ddv_scf|^2 =  9.372E-09

      iter #   2 total cpu time : 50970.4 secs   av.it.:  16.0
      thresh= 9.681E-06 alpha_mix =  0.700 |ddv_scf|^2 =  2.440E-09

      iter #   3 total cpu time : 51070.1 secs   av.it.:  15.5
      thresh= 4.940E-06 alpha_mix =  0.700 |ddv_scf|^2 =  3.354E-11

      iter #   4 total cpu time : 51171.1 secs   av.it.:  15.9
      thresh= 5.791E-07 alpha_mix =  0.700 |ddv_scf|^2 =  2.205E-12

      iter #   5 total cpu time : 51273.9 secs   av.it.:  16.0
      thresh= 1.485E-07 alpha_mix =  0.700 |ddv_scf|^2 =  2.760E-13

      iter #   6 total cpu time : 51377.0 secs   av.it.:  16.0
      thresh= 5.254E-08 alpha_mix =  0.700 |ddv_scf|^2 =  7.413E-15

     End of self-consistent calculation

     Convergence has been achieved 


     Representation #  15 mode #  15

     Self-consistent Calculation

      iter #   1 total cpu time : 51424.0 secs   av.it.:   3.0
      thresh= 1.000E-02 alpha_mix =  0.700 |ddv_scf|^2 =  1.268E-09

      iter #   2 total cpu time : 51526.3 secs   av.it.:  16.0
      thresh= 3.561E-06 alpha_mix =  0.700 |ddv_scf|^2 =  3.281E-10

      iter #   3 total cpu time : 51626.3 secs   av.it.:  15.7
      thresh= 1.811E-06 alpha_mix =  0.700 |ddv_scf|^2 =  3.489E-12

      iter #   4 total cpu time : 51726.5 secs   av.it.:  15.9
      thresh= 1.868E-07 alpha_mix =  0.700 |ddv_scf|^2 =  1.968E-13

      iter #   5 total cpu time : 51827.7 secs   av.it.:  16.0
      thresh= 4.436E-08 alpha_mix =  0.700 |ddv_scf|^2 =  7.818E-15

     End of self-consistent calculation

     Convergence has been achieved 


     Representation #  16 mode #  16

     Self-consistent Calculation

      iter #   1 total cpu time : 51877.1 secs   av.it.:   3.3
      thresh= 1.000E-02 alpha_mix =  0.700 |ddv_scf|^2 =  2.389E-09

      iter #   2 total cpu time : 51983.4 secs   av.it.:  16.0
      thresh= 4.888E-06 alpha_mix =  0.700 |ddv_scf|^2 =  1.036E-09

      iter #   3 total cpu time : 52084.8 secs   av.it.:  15.4
      thresh= 3.219E-06 alpha_mix =  0.700 |ddv_scf|^2 =  4.126E-12

      iter #   4 total cpu time : 52187.7 secs   av.it.:  16.0
      thresh= 2.031E-07 alpha_mix =  0.700 |ddv_scf|^2 =  7.347E-13

      iter #   5 total cpu time : 52287.4 secs   av.it.:  15.6
      thresh= 8.571E-08 alpha_mix =  0.700 |ddv_scf|^2 =  1.753E-14

      iter #   6 total cpu time : 52388.7 secs   av.it.:  16.0
      thresh= 1.324E-08 alpha_mix =  0.700 |ddv_scf|^2 =  1.267E-15

     End of self-consistent calculation

     Convergence has been achieved 


     Representation #  17 mode #  17

     Self-consistent Calculation

      iter #   1 total cpu time : 52454.9 secs   av.it.:   6.9
      thresh= 1.000E-02 alpha_mix =  0.700 |ddv_scf|^2 =  3.329E-07

      iter #   2 total cpu time : 52554.4 secs   av.it.:  15.7
      thresh= 5.769E-05 alpha_mix =  0.700 |ddv_scf|^2 =  3.089E-07

      iter #   3 total cpu time : 52649.1 secs   av.it.:  14.9
      thresh= 5.558E-05 alpha_mix =  0.700 |ddv_scf|^2 =  8.647E-10

      iter #   4 total cpu time : 52747.8 secs   av.it.:  15.4
      thresh= 2.941E-06 alpha_mix =  0.700 |ddv_scf|^2 =  2.398E-11

      iter #   5 total cpu time : 52847.3 secs   av.it.:  15.7
      thresh= 4.897E-07 alpha_mix =  0.700 |ddv_scf|^2 =  5.642E-13

      iter #   6 total cpu time : 52949.7 secs   av.it.:  16.0
      thresh= 7.512E-08 alpha_mix =  0.700 |ddv_scf|^2 =  9.487E-14

      iter #   7 total cpu time : 53049.3 secs   av.it.:  15.7
      thresh= 3.080E-08 alpha_mix =  0.700 |ddv_scf|^2 =  1.328E-14

      iter #   8 total cpu time : 53147.6 secs   av.it.:  15.0
      thresh= 1.153E-08 alpha_mix =  0.700 |ddv_scf|^2 =  5.417E-16

     End of self-consistent calculation

     Convergence has been achieved 


     Representation #  18 mode #  18

     Self-consistent Calculation

      iter #   1 total cpu time : 53195.9 secs   av.it.:   3.4
      thresh= 1.000E-02 alpha_mix =  0.700 |ddv_scf|^2 =  2.527E-09

      iter #   2 total cpu time : 53298.7 secs   av.it.:  16.0
      thresh= 5.027E-06 alpha_mix =  0.700 |ddv_scf|^2 =  1.731E-09

      iter #   3 total cpu time : 53395.6 secs   av.it.:  15.0
      thresh= 4.161E-06 alpha_mix =  0.700 |ddv_scf|^2 =  2.280E-11

      iter #   4 total cpu time : 53497.0 secs   av.it.:  15.2
      thresh= 4.775E-07 alpha_mix =  0.700 |ddv_scf|^2 =  2.372E-12

      iter #   5 total cpu time : 53596.3 secs   av.it.:  15.1
      thresh= 1.540E-07 alpha_mix =  0.700 |ddv_scf|^2 =  4.389E-14

      iter #   6 total cpu time : 53697.2 secs   av.it.:  15.9
      thresh= 2.095E-08 alpha_mix =  0.700 |ddv_scf|^2 =  5.034E-15

     End of self-consistent calculation

     Convergence has been achieved 


     Representation #  19 mode #  19

     Self-consistent Calculation

      iter #   1 total cpu time : 53744.8 secs   av.it.:   3.0
      thresh= 1.000E-02 alpha_mix =  0.700 |ddv_scf|^2 =  1.324E-09

      iter #   2 total cpu time : 53846.8 secs   av.it.:  15.9
      thresh= 3.639E-06 alpha_mix =  0.700 |ddv_scf|^2 =  2.569E-10

      iter #   3 total cpu time : 53947.4 secs   av.it.:  15.9
      thresh= 1.603E-06 alpha_mix =  0.700 |ddv_scf|^2 =  5.650E-12

      iter #   4 total cpu time : 54048.9 secs   av.it.:  15.9
      thresh= 2.377E-07 alpha_mix =  0.700 |ddv_scf|^2 =  4.411E-13

      iter #   5 total cpu time : 54150.2 secs   av.it.:  15.9
      thresh= 6.642E-08 alpha_mix =  0.700 |ddv_scf|^2 =  1.321E-14

      iter #   6 total cpu time : 54253.0 secs   av.it.:  16.0
      thresh= 1.149E-08 alpha_mix =  0.700 |ddv_scf|^2 =  1.003E-15

     End of self-consistent calculation

     Convergence has been achieved 


     Representation #  20 mode #  20

     Self-consistent Calculation

      iter #   1 total cpu time : 54299.2 secs   av.it.:   3.0
      thresh= 1.000E-02 alpha_mix =  0.700 |ddv_scf|^2 =  5.310E-10

      iter #   2 total cpu time : 54402.7 secs   av.it.:  16.0
      thresh= 2.304E-06 alpha_mix =  0.700 |ddv_scf|^2 =  1.031E-10

      iter #   3 total cpu time : 54504.7 secs   av.it.:  16.0
      thresh= 1.015E-06 alpha_mix =  0.700 |ddv_scf|^2 =  4.124E-12

      iter #   4 total cpu time : 54606.9 secs   av.it.:  16.0
      thresh= 2.031E-07 alpha_mix =  0.700 |ddv_scf|^2 =  3.101E-13

      iter #   5 total cpu time : 54707.5 secs   av.it.:  15.8
      thresh= 5.569E-08 alpha_mix =  0.700 |ddv_scf|^2 =  1.409E-14

      iter #   6 total cpu time : 54806.9 secs   av.it.:  15.9
      thresh= 1.187E-08 alpha_mix =  0.700 |ddv_scf|^2 =  1.343E-15

     End of self-consistent calculation

     Convergence has been achieved 


     Representation #  21 mode #  21

     Self-consistent Calculation

      iter #   1 total cpu time : 54854.0 secs   av.it.:   3.1
      thresh= 1.000E-02 alpha_mix =  0.700 |ddv_scf|^2 =  2.401E-09

      iter #   2 total cpu time : 54955.2 secs   av.it.:  16.0
      thresh= 4.900E-06 alpha_mix =  0.700 |ddv_scf|^2 =  1.187E-09

      iter #   3 total cpu time : 55054.0 secs   av.it.:  15.2
      thresh= 3.445E-06 alpha_mix =  0.700 |ddv_scf|^2 =  9.824E-12

      iter #   4 total cpu time : 55153.0 secs   av.it.:  15.0
      thresh= 3.134E-07 alpha_mix =  0.700 |ddv_scf|^2 =  2.914E-12

      iter #   5 total cpu time : 55252.1 secs   av.it.:  15.0
      thresh= 1.707E-07 alpha_mix =  0.700 |ddv_scf|^2 =  3.665E-14

      iter #   6 total cpu time : 55358.2 secs   av.it.:  16.0
      thresh= 1.914E-08 alpha_mix =  0.700 |ddv_scf|^2 =  5.050E-15

     End of self-consistent calculation

     Convergence has been achieved 


     Representation #  22 mode #  22

     Self-consistent Calculation

      iter #   1 total cpu time : 55412.7 secs   av.it.:   3.1
      thresh= 1.000E-02 alpha_mix =  0.700 |ddv_scf|^2 =  1.554E-09

      iter #   2 total cpu time : 55516.0 secs   av.it.:  16.0
      thresh= 3.942E-06 alpha_mix =  0.700 |ddv_scf|^2 =  4.168E-10

      iter #   3 total cpu time : 55616.7 secs   av.it.:  15.5
      thresh= 2.042E-06 alpha_mix =  0.700 |ddv_scf|^2 =  5.201E-12

      iter #   4 total cpu time : 55718.2 secs   av.it.:  15.8
      thresh= 2.281E-07 alpha_mix =  0.700 |ddv_scf|^2 =  1.388E-13

      iter #   5 total cpu time : 55822.8 secs   av.it.:  16.0
      thresh= 3.726E-08 alpha_mix =  0.700 |ddv_scf|^2 =  1.349E-14

      iter #   6 total cpu time : 55926.3 secs   av.it.:  16.0
      thresh= 1.162E-08 alpha_mix =  0.700 |ddv_scf|^2 =  1.288E-15

     End of self-consistent calculation

     Convergence has been achieved 


     Representation #  23 mode #  23

     Self-consistent Calculation

      iter #   1 total cpu time : 55975.9 secs   av.it.:   3.9
      thresh= 1.000E-02 alpha_mix =  0.700 |ddv_scf|^2 =  3.504E-09

      iter #   2 total cpu time : 56079.5 secs   av.it.:  16.0
      thresh= 5.919E-06 alpha_mix =  0.700 |ddv_scf|^2 =  1.718E-09

      iter #   3 total cpu time : 56179.9 secs   av.it.:  15.1
      thresh= 4.145E-06 alpha_mix =  0.700 |ddv_scf|^2 =  2.879E-11

      iter #   4 total cpu time : 56278.1 secs   av.it.:  15.0
      thresh= 5.365E-07 alpha_mix =  0.700 |ddv_scf|^2 =  2.298E-12

      iter #   5 total cpu time : 56376.8 secs   av.it.:  15.0
      thresh= 1.516E-07 alpha_mix =  0.700 |ddv_scf|^2 =  5.107E-14

      iter #   6 total cpu time : 56477.6 secs   av.it.:  15.5
      thresh= 2.260E-08 alpha_mix =  0.700 |ddv_scf|^2 =  4.770E-15

     End of self-consistent calculation

     Convergence has been achieved 


     Representation #  24 mode #  24

     Self-consistent Calculation

      iter #   1 total cpu time : 56524.5 secs   av.it.:   3.0
      thresh= 1.000E-02 alpha_mix =  0.700 |ddv_scf|^2 =  2.019E-09

      iter #   2 total cpu time : 56628.2 secs   av.it.:  16.0
      thresh= 4.493E-06 alpha_mix =  0.700 |ddv_scf|^2 =  9.226E-10

      iter #   3 total cpu time : 56727.7 secs   av.it.:  15.1
      thresh= 3.037E-06 alpha_mix =  0.700 |ddv_scf|^2 =  2.649E-11

      iter #   4 total cpu time : 56825.8 secs   av.it.:  15.0
      thresh= 5.147E-07 alpha_mix =  0.700 |ddv_scf|^2 =  3.123E-12

      iter #   5 total cpu time : 56921.6 secs   av.it.:  14.9
      thresh= 1.767E-07 alpha_mix =  0.700 |ddv_scf|^2 =  6.909E-14

      iter #   6 total cpu time : 57021.3 secs   av.it.:  15.3
      thresh= 2.629E-08 alpha_mix =  0.700 |ddv_scf|^2 =  3.570E-15

     End of self-consistent calculation

     Convergence has been achieved 


     Representation #  25 mode #  25

     Self-consistent Calculation

      iter #   1 total cpu time : 57087.6 secs   av.it.:   6.9
      thresh= 1.000E-02 alpha_mix =  0.700 |ddv_scf|^2 =  3.329E-07

      iter #   2 total cpu time : 57188.3 secs   av.it.:  15.7
      thresh= 5.770E-05 alpha_mix =  0.700 |ddv_scf|^2 =  3.089E-07

      iter #   3 total cpu time : 57284.2 secs   av.it.:  14.9
      thresh= 5.558E-05 alpha_mix =  0.700 |ddv_scf|^2 =  8.647E-10

      iter #   4 total cpu time : 57386.5 secs   av.it.:  15.4
      thresh= 2.941E-06 alpha_mix =  0.700 |ddv_scf|^2 =  2.398E-11

      iter #   5 total cpu time : 57490.8 secs   av.it.:  15.7
      thresh= 4.897E-07 alpha_mix =  0.700 |ddv_scf|^2 =  5.642E-13

      iter #   6 total cpu time : 57598.2 secs   av.it.:  16.0
      thresh= 7.511E-08 alpha_mix =  0.700 |ddv_scf|^2 =  9.483E-14

      iter #   7 total cpu time : 57698.9 secs   av.it.:  15.7
      thresh= 3.079E-08 alpha_mix =  0.700 |ddv_scf|^2 =  1.328E-14

      iter #   8 total cpu time : 57798.2 secs   av.it.:  15.0
      thresh= 1.152E-08 alpha_mix =  0.700 |ddv_scf|^2 =  5.414E-16

     End of self-consistent calculation

     Convergence has been achieved 


     Representation #  26 mode #  26

     Self-consistent Calculation

      iter #   1 total cpu time : 57843.8 secs   av.it.:   3.0
      thresh= 1.000E-02 alpha_mix =  0.700 |ddv_scf|^2 =  6.949E-10

      iter #   2 total cpu time : 57944.9 secs   av.it.:  16.0
      thresh= 2.636E-06 alpha_mix =  0.700 |ddv_scf|^2 =  4.615E-10

      iter #   3 total cpu time : 58039.9 secs   av.it.:  15.0
      thresh= 2.148E-06 alpha_mix =  0.700 |ddv_scf|^2 =  1.017E-11

      iter #   4 total cpu time : 58137.6 secs   av.it.:  15.0
      thresh= 3.189E-07 alpha_mix =  0.700 |ddv_scf|^2 =  5.247E-13

      iter #   5 total cpu time : 58235.3 secs   av.it.:  15.1
      thresh= 7.244E-08 alpha_mix =  0.700 |ddv_scf|^2 =  1.947E-14

      iter #   6 total cpu time : 58336.9 secs   av.it.:  16.0
      thresh= 1.395E-08 alpha_mix =  0.700 |ddv_scf|^2 =  2.530E-15

     End of self-consistent calculation

     Convergence has been achieved 


     Representation #  27 mode #  27

     Self-consistent Calculation

      iter #   1 total cpu time : 58400.7 secs   av.it.:   6.2
      thresh= 1.000E-02 alpha_mix =  0.700 |ddv_scf|^2 =  6.755E-08

      iter #   2 total cpu time : 58501.9 secs   av.it.:  16.0
      thresh= 2.599E-05 alpha_mix =  0.700 |ddv_scf|^2 =  2.074E-08

      iter #   3 total cpu time : 58600.8 secs   av.it.:  15.6
      thresh= 1.440E-05 alpha_mix =  0.700 |ddv_scf|^2 =  1.706E-10

      iter #   4 total cpu time : 58701.5 secs   av.it.:  15.9
      thresh= 1.306E-06 alpha_mix =  0.700 |ddv_scf|^2 =  1.188E-11

      iter #   5 total cpu time : 58802.8 secs   av.it.:  16.0
      thresh= 3.447E-07 alpha_mix =  0.700 |ddv_scf|^2 =  1.896E-13

      iter #   6 total cpu time : 58907.2 secs   av.it.:  16.0
      thresh= 4.354E-08 alpha_mix =  0.700 |ddv_scf|^2 =  2.629E-14

      iter #   7 total cpu time : 59009.2 secs   av.it.:  15.0
      thresh= 1.621E-08 alpha_mix =  0.700 |ddv_scf|^2 =  1.756E-15

     End of self-consistent calculation

     Convergence has been achieved 


     Representation #  28 mode #  28

     Self-consistent Calculation

      iter #   1 total cpu time : 59065.6 secs   av.it.:   5.0
      thresh= 1.000E-02 alpha_mix =  0.700 |ddv_scf|^2 =  2.484E-08

      iter #   2 total cpu time : 59171.1 secs   av.it.:  16.0
      thresh= 1.576E-05 alpha_mix =  0.700 |ddv_scf|^2 =  2.186E-08

      iter #   3 total cpu time : 59270.3 secs   av.it.:  14.9
      thresh= 1.479E-05 alpha_mix =  0.700 |ddv_scf|^2 =  1.115E-10

      iter #   4 total cpu time : 59374.9 secs   av.it.:  15.8
      thresh= 1.056E-06 alpha_mix =  0.700 |ddv_scf|^2 =  6.461E-12

      iter #   5 total cpu time : 59480.8 secs   av.it.:  16.0
      thresh= 2.542E-07 alpha_mix =  0.700 |ddv_scf|^2 =  6.251E-13

      iter #   6 total cpu time : 59586.2 secs   av.it.:  16.0
      thresh= 7.906E-08 alpha_mix =  0.700 |ddv_scf|^2 =  1.692E-14

      iter #   7 total cpu time : 59686.4 secs   av.it.:  15.1
      thresh= 1.301E-08 alpha_mix =  0.700 |ddv_scf|^2 =  2.226E-16

     End of self-consistent calculation

     Convergence has been achieved 


     Representation #  29 mode #  29

     Self-consistent Calculation

      iter #   1 total cpu time : 59733.9 secs   av.it.:   3.0
      thresh= 1.000E-02 alpha_mix =  0.700 |ddv_scf|^2 =  4.258E-09

      iter #   2 total cpu time : 59836.1 secs   av.it.:  15.9
      thresh= 6.525E-06 alpha_mix =  0.700 |ddv_scf|^2 =  2.488E-09

      iter #   3 total cpu time : 59934.8 secs   av.it.:  14.9
      thresh= 4.988E-06 alpha_mix =  0.700 |ddv_scf|^2 =  1.913E-11

      iter #   4 total cpu time : 60036.6 secs   av.it.:  15.0
      thresh= 4.374E-07 alpha_mix =  0.700 |ddv_scf|^2 =  2.267E-12

      iter #   5 total cpu time : 60137.1 secs   av.it.:  15.1
      thresh= 1.506E-07 alpha_mix =  0.700 |ddv_scf|^2 =  5.582E-14

      iter #   6 total cpu time : 60239.2 secs   av.it.:  15.7
      thresh= 2.363E-08 alpha_mix =  0.700 |ddv_scf|^2 =  1.898E-15

     End of self-consistent calculation

     Convergence has been achieved 


     Representation #  30 mode #  30

     Self-consistent Calculation

      iter #   1 total cpu time : 60305.5 secs   av.it.:   6.4
      thresh= 1.000E-02 alpha_mix =  0.700 |ddv_scf|^2 =  7.017E-08

      iter #   2 total cpu time : 60408.3 secs   av.it.:  16.0
      thresh= 2.649E-05 alpha_mix =  0.700 |ddv_scf|^2 =  2.357E-08

      iter #   3 total cpu time : 60508.3 secs   av.it.:  15.7
      thresh= 1.535E-05 alpha_mix =  0.700 |ddv_scf|^2 =  1.391E-10

      iter #   4 total cpu time : 60610.6 secs   av.it.:  15.9
      thresh= 1.179E-06 alpha_mix =  0.700 |ddv_scf|^2 =  1.199E-11

      iter #   5 total cpu time : 60712.9 secs   av.it.:  16.0
      thresh= 3.462E-07 alpha_mix =  0.700 |ddv_scf|^2 =  3.199E-13

      iter #   6 total cpu time : 60815.3 secs   av.it.:  16.0
      thresh= 5.656E-08 alpha_mix =  0.700 |ddv_scf|^2 =  3.885E-14

      iter #   7 total cpu time : 60915.2 secs   av.it.:  15.3
      thresh= 1.971E-08 alpha_mix =  0.700 |ddv_scf|^2 =  1.469E-15

     End of self-consistent calculation

     Convergence has been achieved 


     Representation #  31 mode #  31

     Self-consistent Calculation

      iter #   1 total cpu time : 60962.3 secs   av.it.:   3.0
      thresh= 1.000E-02 alpha_mix =  0.700 |ddv_scf|^2 =  2.622E-09

      iter #   2 total cpu time : 61064.4 secs   av.it.:  16.0
      thresh= 5.120E-06 alpha_mix =  0.700 |ddv_scf|^2 =  1.237E-09

      iter #   3 total cpu time : 61162.9 secs   av.it.:  15.0
      thresh= 3.518E-06 alpha_mix =  0.700 |ddv_scf|^2 =  1.958E-11

      iter #   4 total cpu time : 61260.4 secs   av.it.:  15.0
      thresh= 4.425E-07 alpha_mix =  0.700 |ddv_scf|^2 =  1.663E-12

      iter #   5 total cpu time : 61359.1 secs   av.it.:  15.0
      thresh= 1.290E-07 alpha_mix =  0.700 |ddv_scf|^2 =  4.813E-14

      iter #   6 total cpu time : 61458.7 secs   av.it.:  15.2
      thresh= 2.194E-08 alpha_mix =  0.700 |ddv_scf|^2 =  1.555E-15

     End of self-consistent calculation

     Convergence has been achieved 


     Representation #  32 mode #  32

     Self-consistent Calculation

      iter #   1 total cpu time : 61511.9 secs   av.it.:   4.4
      thresh= 1.000E-02 alpha_mix =  0.700 |ddv_scf|^2 =  5.593E-09

      iter #   2 total cpu time : 61614.0 secs   av.it.:  16.0
      thresh= 7.478E-06 alpha_mix =  0.700 |ddv_scf|^2 =  7.969E-10

      iter #   3 total cpu time : 61713.4 secs   av.it.:  15.9
      thresh= 2.823E-06 alpha_mix =  0.700 |ddv_scf|^2 =  2.897E-11

      iter #   4 total cpu time : 61812.1 secs   av.it.:  15.9
      thresh= 5.382E-07 alpha_mix =  0.700 |ddv_scf|^2 =  1.967E-12

      iter #   5 total cpu time : 61912.8 secs   av.it.:  15.9
      thresh= 1.402E-07 alpha_mix =  0.700 |ddv_scf|^2 =  1.363E-13

      iter #   6 total cpu time : 62015.3 secs   av.it.:  16.0
      thresh= 3.692E-08 alpha_mix =  0.700 |ddv_scf|^2 =  5.020E-15

     End of self-consistent calculation

     Convergence has been achieved 


     Representation #  33 mode #  33

     Self-consistent Calculation

      iter #   1 total cpu time : 62070.1 secs   av.it.:   4.8
      thresh= 1.000E-02 alpha_mix =  0.700 |ddv_scf|^2 =  1.153E-08

      iter #   2 total cpu time : 62172.4 secs   av.it.:  16.0
      thresh= 1.074E-05 alpha_mix =  0.700 |ddv_scf|^2 =  3.106E-09

      iter #   3 total cpu time : 62271.5 secs   av.it.:  15.1
      thresh= 5.573E-06 alpha_mix =  0.700 |ddv_scf|^2 =  2.480E-11

      iter #   4 total cpu time : 62372.9 secs   av.it.:  15.9
      thresh= 4.980E-07 alpha_mix =  0.700 |ddv_scf|^2 =  2.330E-12

      iter #   5 total cpu time : 62475.0 secs   av.it.:  15.9
      thresh= 1.527E-07 alpha_mix =  0.700 |ddv_scf|^2 =  1.030E-13

      iter #   6 total cpu time : 62578.0 secs   av.it.:  16.0
      thresh= 3.210E-08 alpha_mix =  0.700 |ddv_scf|^2 =  1.115E-14

      iter #   7 total cpu time : 62678.1 secs   av.it.:  15.9
      thresh= 1.056E-08 alpha_mix =  0.700 |ddv_scf|^2 =  2.812E-16

     End of self-consistent calculation

     Convergence has been achieved 


     Representation #  34 mode #  34

     Self-consistent Calculation

      iter #   1 total cpu time : 62723.8 secs   av.it.:   3.0
      thresh= 1.000E-02 alpha_mix =  0.700 |ddv_scf|^2 =  8.086E-09

      iter #   2 total cpu time : 62822.3 secs   av.it.:  15.0
      thresh= 8.992E-06 alpha_mix =  0.700 |ddv_scf|^2 =  6.885E-09

      iter #   3 total cpu time : 62916.7 secs   av.it.:  14.5
      thresh= 8.298E-06 alpha_mix =  0.700 |ddv_scf|^2 =  1.515E-11

      iter #   4 total cpu time : 63017.4 secs   av.it.:  15.8
      thresh= 3.892E-07 alpha_mix =  0.700 |ddv_scf|^2 =  2.135E-12

      iter #   5 total cpu time : 63117.0 secs   av.it.:  15.3
      thresh= 1.461E-07 alpha_mix =  0.700 |ddv_scf|^2 =  4.221E-14

      iter #   6 total cpu time : 63217.8 secs   av.it.:  15.7
      thresh= 2.055E-08 alpha_mix =  0.700 |ddv_scf|^2 =  3.033E-15

     End of self-consistent calculation

     Convergence has been achieved 


     Representation #  35 mode #  35

     Self-consistent Calculation

      iter #   1 total cpu time : 63264.6 secs   av.it.:   3.0
      thresh= 1.000E-02 alpha_mix =  0.700 |ddv_scf|^2 =  9.134E-10

      iter #   2 total cpu time : 63367.7 secs   av.it.:  16.0
      thresh= 3.022E-06 alpha_mix =  0.700 |ddv_scf|^2 =  2.517E-10

      iter #   3 total cpu time : 63469.8 secs   av.it.:  16.0
      thresh= 1.587E-06 alpha_mix =  0.700 |ddv_scf|^2 =  7.529E-12

      iter #   4 total cpu time : 63573.2 secs   av.it.:  15.8
      thresh= 2.744E-07 alpha_mix =  0.700 |ddv_scf|^2 =  1.417E-12

      iter #   5 total cpu time : 63669.7 secs   av.it.:  15.0
      thresh= 1.190E-07 alpha_mix =  0.700 |ddv_scf|^2 =  5.257E-14

      iter #   6 total cpu time : 63769.2 secs   av.it.:  15.3
      thresh= 2.293E-08 alpha_mix =  0.700 |ddv_scf|^2 =  4.235E-15

     End of self-consistent calculation

     Convergence has been achieved 


     Representation #  36 mode #  36

     Self-consistent Calculation

      iter #   1 total cpu time : 63814.3 secs   av.it.:   3.0
      thresh= 1.000E-02 alpha_mix =  0.700 |ddv_scf|^2 =  8.571E-10

      iter #   2 total cpu time : 63914.7 secs   av.it.:  16.0
      thresh= 2.928E-06 alpha_mix =  0.700 |ddv_scf|^2 =  2.528E-10

      iter #   3 total cpu time : 64012.9 secs   av.it.:  15.8
      thresh= 1.590E-06 alpha_mix =  0.700 |ddv_scf|^2 =  7.014E-12

      iter #   4 total cpu time : 64111.5 secs   av.it.:  15.9
      thresh= 2.648E-07 alpha_mix =  0.700 |ddv_scf|^2 =  2.007E-13

      iter #   5 total cpu time : 64211.6 secs   av.it.:  16.0
      thresh= 4.480E-08 alpha_mix =  0.700 |ddv_scf|^2 =  1.013E-14

      iter #   6 total cpu time : 64315.0 secs   av.it.:  16.0
      thresh= 1.007E-08 alpha_mix =  0.700 |ddv_scf|^2 =  6.339E-16

     End of self-consistent calculation

     Convergence has been achieved 


     Representation #  37 mode #  37

     Self-consistent Calculation

      iter #   1 total cpu time : 64361.8 secs   av.it.:   3.0
      thresh= 1.000E-02 alpha_mix =  0.700 |ddv_scf|^2 =  1.280E-09

      iter #   2 total cpu time : 64466.5 secs   av.it.:  16.0
      thresh= 3.578E-06 alpha_mix =  0.700 |ddv_scf|^2 =  4.848E-10

      iter #   3 total cpu time : 64567.4 secs   av.it.:  15.5
      thresh= 2.202E-06 alpha_mix =  0.700 |ddv_scf|^2 =  5.562E-12

      iter #   4 total cpu time : 64667.1 secs   av.it.:  15.9
      thresh= 2.358E-07 alpha_mix =  0.700 |ddv_scf|^2 =  1.993E-13

      iter #   5 total cpu time : 64767.1 secs   av.it.:  15.9
      thresh= 4.464E-08 alpha_mix =  0.700 |ddv_scf|^2 =  1.490E-14

      iter #   6 total cpu time : 64865.5 secs   av.it.:  15.8
      thresh= 1.220E-08 alpha_mix =  0.700 |ddv_scf|^2 =  7.804E-16

     End of self-consistent calculation

     Convergence has been achieved 


     Representation #  38 mode #  38

     Self-consistent Calculation

      iter #   1 total cpu time : 64913.6 secs   av.it.:   3.9
      thresh= 1.000E-02 alpha_mix =  0.700 |ddv_scf|^2 =  4.416E-09

      iter #   2 total cpu time : 65014.4 secs   av.it.:  15.9
      thresh= 6.645E-06 alpha_mix =  0.700 |ddv_scf|^2 =  3.015E-09

      iter #   3 total cpu time : 65111.0 secs   av.it.:  15.0
      thresh= 5.491E-06 alpha_mix =  0.700 |ddv_scf|^2 =  4.677E-11

      iter #   4 total cpu time : 65208.6 secs   av.it.:  15.0
      thresh= 6.839E-07 alpha_mix =  0.700 |ddv_scf|^2 =  1.632E-12

      iter #   5 total cpu time : 65309.3 secs   av.it.:  15.9
      thresh= 1.278E-07 alpha_mix =  0.700 |ddv_scf|^2 =  1.371E-13

      iter #   6 total cpu time : 65410.0 secs   av.it.:  15.1
      thresh= 3.702E-08 alpha_mix =  0.700 |ddv_scf|^2 =  1.035E-14

      iter #   7 total cpu time : 65509.4 secs   av.it.:  15.0
      thresh= 1.017E-08 alpha_mix =  0.700 |ddv_scf|^2 =  1.587E-16

     End of self-consistent calculation

     Convergence has been achieved 


     Representation #  39 mode #  39

     Self-consistent Calculation

      iter #   1 total cpu time : 65555.8 secs   av.it.:   3.0
      thresh= 1.000E-02 alpha_mix =  0.700 |ddv_scf|^2 =  1.717E-09

      iter #   2 total cpu time : 65657.4 secs   av.it.:  15.8
      thresh= 4.143E-06 alpha_mix =  0.700 |ddv_scf|^2 =  1.805E-10

      iter #   3 total cpu time : 65759.3 secs   av.it.:  15.9
      thresh= 1.343E-06 alpha_mix =  0.700 |ddv_scf|^2 =  8.373E-12

      iter #   4 total cpu time : 65859.5 secs   av.it.:  15.0
      thresh= 2.894E-07 alpha_mix =  0.700 |ddv_scf|^2 =  3.975E-13

      iter #   5 total cpu time : 65958.8 secs   av.it.:  15.0
      thresh= 6.305E-08 alpha_mix =  0.700 |ddv_scf|^2 =  1.358E-14

      iter #   6 total cpu time : 66062.0 secs   av.it.:  15.6
      thresh= 1.165E-08 alpha_mix =  0.700 |ddv_scf|^2 =  7.693E-15

     End of self-consistent calculation

     Convergence has been achieved 


     Representation #  40 mode #  40

     Self-consistent Calculation

      iter #   1 total cpu time : 66111.0 secs   av.it.:   3.5
      thresh= 1.000E-02 alpha_mix =  0.700 |ddv_scf|^2 =  2.613E-09

      iter #   2 total cpu time : 66217.8 secs   av.it.:  16.0
      thresh= 5.112E-06 alpha_mix =  0.700 |ddv_scf|^2 =  1.457E-09

      iter #   3 total cpu time : 66320.6 secs   av.it.:  15.0
      thresh= 3.817E-06 alpha_mix =  0.700 |ddv_scf|^2 =  2.335E-12

      iter #   4 total cpu time : 66427.5 secs   av.it.:  16.0
      thresh= 1.528E-07 alpha_mix =  0.700 |ddv_scf|^2 =  3.683E-13

      iter #   5 total cpu time : 66532.2 secs   av.it.:  15.9
      thresh= 6.069E-08 alpha_mix =  0.700 |ddv_scf|^2 =  1.689E-14

      iter #   6 total cpu time : 66637.4 secs   av.it.:  15.9
      thresh= 1.299E-08 alpha_mix =  0.700 |ddv_scf|^2 =  9.476E-16

     End of self-consistent calculation

     Convergence has been achieved 


     Representation #  41 mode #  41

     Self-consistent Calculation

      iter #   1 total cpu time : 66692.3 secs   av.it.:   4.2
      thresh= 1.000E-02 alpha_mix =  0.700 |ddv_scf|^2 =  1.411E-08

      iter #   2 total cpu time : 66794.4 secs   av.it.:  15.9
      thresh= 1.188E-05 alpha_mix =  0.700 |ddv_scf|^2 =  6.535E-09

      iter #   3 total cpu time : 66892.4 secs   av.it.:  15.0
      thresh= 8.084E-06 alpha_mix =  0.700 |ddv_scf|^2 =  2.956E-10

      iter #   4 total cpu time : 66990.3 secs   av.it.:  15.0
      thresh= 1.719E-06 alpha_mix =  0.700 |ddv_scf|^2 =  3.594E-12

      iter #   5 total cpu time : 67092.5 secs   av.it.:  15.9
      thresh= 1.896E-07 alpha_mix =  0.700 |ddv_scf|^2 =  6.217E-13

      iter #   6 total cpu time : 67194.9 secs   av.it.:  16.0
      thresh= 7.885E-08 alpha_mix =  0.700 |ddv_scf|^2 =  5.380E-15

     End of self-consistent calculation

     Convergence has been achieved 


     Representation #  42 mode #  42

     Self-consistent Calculation

      iter #   1 total cpu time : 67241.8 secs   av.it.:   3.0
      thresh= 1.000E-02 alpha_mix =  0.700 |ddv_scf|^2 =  2.034E-09

      iter #   2 total cpu time : 67344.4 secs   av.it.:  16.0
      thresh= 4.510E-06 alpha_mix =  0.700 |ddv_scf|^2 =  6.905E-10

      iter #   3 total cpu time : 67444.5 secs   av.it.:  15.1
      thresh= 2.628E-06 alpha_mix =  0.700 |ddv_scf|^2 =  2.208E-11

      iter #   4 total cpu time : 67543.8 secs   av.it.:  15.0
      thresh= 4.699E-07 alpha_mix =  0.700 |ddv_scf|^2 =  2.594E-12

      iter #   5 total cpu time : 67641.2 secs   av.it.:  14.9
      thresh= 1.610E-07 alpha_mix =  0.700 |ddv_scf|^2 =  7.045E-14

      iter #   6 total cpu time : 67740.9 secs   av.it.:  15.1
      thresh= 2.654E-08 alpha_mix =  0.700 |ddv_scf|^2 =  2.947E-15

     End of self-consistent calculation

     Convergence has been achieved 


     Representation #  43 mode #  43

     Self-consistent Calculation

      iter #   1 total cpu time : 67787.2 secs   av.it.:   3.0
      thresh= 1.000E-02 alpha_mix =  0.700 |ddv_scf|^2 =  8.643E-10

      iter #   2 total cpu time : 67890.5 secs   av.it.:  16.0
      thresh= 2.940E-06 alpha_mix =  0.700 |ddv_scf|^2 =  9.647E-10

      iter #   3 total cpu time : 67985.8 secs   av.it.:  14.9
      thresh= 3.106E-06 alpha_mix =  0.700 |ddv_scf|^2 =  3.662E-12

      iter #   4 total cpu time : 68090.8 secs   av.it.:  16.1
      thresh= 1.914E-07 alpha_mix =  0.700 |ddv_scf|^2 =  7.207E-13

      iter #   5 total cpu time : 68192.8 secs   av.it.:  16.0
      thresh= 8.490E-08 alpha_mix =  0.700 |ddv_scf|^2 =  5.578E-14

      iter #   6 total cpu time : 68292.6 secs   av.it.:  15.2
      thresh= 2.362E-08 alpha_mix =  0.700 |ddv_scf|^2 =  2.452E-15

     End of self-consistent calculation

     Convergence has been achieved 


     Representation #  44 mode #  44

     Self-consistent Calculation

      iter #   1 total cpu time : 68338.3 secs   av.it.:   3.0
      thresh= 1.000E-02 alpha_mix =  0.700 |ddv_scf|^2 =  8.766E-10

      iter #   2 total cpu time : 68441.3 secs   av.it.:  16.0
      thresh= 2.961E-06 alpha_mix =  0.700 |ddv_scf|^2 =  3.084E-10

      iter #   3 total cpu time : 68544.5 secs   av.it.:  15.6
      thresh= 1.756E-06 alpha_mix =  0.700 |ddv_scf|^2 =  5.662E-12

      iter #   4 total cpu time : 68646.4 secs   av.it.:  15.9
      thresh= 2.379E-07 alpha_mix =  0.700 |ddv_scf|^2 =  3.671E-13

      iter #   5 total cpu time : 68746.6 secs   av.it.:  15.7
      thresh= 6.059E-08 alpha_mix =  0.700 |ddv_scf|^2 =  1.666E-14

      iter #   6 total cpu time : 68847.1 secs   av.it.:  15.8
      thresh= 1.291E-08 alpha_mix =  0.700 |ddv_scf|^2 =  2.214E-15

     End of self-consistent calculation

     Convergence has been achieved 


     Representation #  45 mode #  45

     Self-consistent Calculation

      iter #   1 total cpu time : 68895.5 secs   av.it.:   3.6
      thresh= 1.000E-02 alpha_mix =  0.700 |ddv_scf|^2 =  2.399E-09

      iter #   2 total cpu time : 68996.7 secs   av.it.:  16.0
      thresh= 4.898E-06 alpha_mix =  0.700 |ddv_scf|^2 =  1.363E-09

      iter #   3 total cpu time : 69094.5 secs   av.it.:  15.0
      thresh= 3.692E-06 alpha_mix =  0.700 |ddv_scf|^2 =  1.997E-11

      iter #   4 total cpu time : 69192.3 secs   av.it.:  15.0
      thresh= 4.468E-07 alpha_mix =  0.700 |ddv_scf|^2 =  2.320E-12

      iter #   5 total cpu time : 69291.1 secs   av.it.:  15.0
      thresh= 1.523E-07 alpha_mix =  0.700 |ddv_scf|^2 =  3.455E-14

      iter #   6 total cpu time : 69393.6 secs   av.it.:  15.9
      thresh= 1.859E-08 alpha_mix =  0.700 |ddv_scf|^2 =  4.189E-15

     End of self-consistent calculation

     Convergence has been achieved 


     Representation #  46 mode #  46

     Self-consistent Calculation

      iter #   1 total cpu time : 69442.4 secs   av.it.:   3.4
      thresh= 1.000E-02 alpha_mix =  0.700 |ddv_scf|^2 =  2.232E-09

      iter #   2 total cpu time : 69546.4 secs   av.it.:  16.0
      thresh= 4.724E-06 alpha_mix =  0.700 |ddv_scf|^2 =  1.141E-09

      iter #   3 total cpu time : 69646.3 secs   av.it.:  15.1
      thresh= 3.378E-06 alpha_mix =  0.700 |ddv_scf|^2 =  6.769E-12

      iter #   4 total cpu time : 69748.5 secs   av.it.:  15.3
      thresh= 2.602E-07 alpha_mix =  0.700 |ddv_scf|^2 =  2.597E-12

      iter #   5 total cpu time : 69848.2 secs   av.it.:  14.9
      thresh= 1.611E-07 alpha_mix =  0.700 |ddv_scf|^2 =  3.838E-14

      iter #   6 total cpu time : 69951.9 secs   av.it.:  15.9
      thresh= 1.959E-08 alpha_mix =  0.700 |ddv_scf|^2 =  4.526E-15

     End of self-consistent calculation

     Convergence has been achieved 


     Representation #  47 mode #  47

     Self-consistent Calculation

      iter #   1 total cpu time : 69999.9 secs   av.it.:   3.2
      thresh= 1.000E-02 alpha_mix =  0.700 |ddv_scf|^2 =  1.883E-09

      iter #   2 total cpu time : 70102.7 secs   av.it.:  16.0
      thresh= 4.340E-06 alpha_mix =  0.700 |ddv_scf|^2 =  1.071E-09

      iter #   3 total cpu time : 70200.5 secs   av.it.:  15.0
      thresh= 3.273E-06 alpha_mix =  0.700 |ddv_scf|^2 =  1.956E-12

      iter #   4 total cpu time : 70302.9 secs   av.it.:  16.0
      thresh= 1.399E-07 alpha_mix =  0.700 |ddv_scf|^2 =  3.468E-13

      iter #   5 total cpu time : 70404.8 secs   av.it.:  15.9
      thresh= 5.889E-08 alpha_mix =  0.700 |ddv_scf|^2 =  1.274E-14

      iter #   6 total cpu time : 70508.3 secs   av.it.:  15.9
      thresh= 1.129E-08 alpha_mix =  0.700 |ddv_scf|^2 =  7.681E-16

     End of self-consistent calculation

     Convergence has been achieved 


     Representation #  48 mode #  48

     Self-consistent Calculation

      iter #   1 total cpu time : 70557.3 secs   av.it.:   3.1
      thresh= 1.000E-02 alpha_mix =  0.700 |ddv_scf|^2 =  2.227E-09

      iter #   2 total cpu time : 70660.4 secs   av.it.:  16.0
      thresh= 4.719E-06 alpha_mix =  0.700 |ddv_scf|^2 =  1.094E-09

      iter #   3 total cpu time : 70759.7 secs   av.it.:  15.1
      thresh= 3.308E-06 alpha_mix =  0.700 |ddv_scf|^2 =  3.971E-12

      iter #   4 total cpu time : 70868.2 secs   av.it.:  16.0
      thresh= 1.993E-07 alpha_mix =  0.700 |ddv_scf|^2 =  3.756E-13

      iter #   5 total cpu time : 70968.5 secs   av.it.:  15.7
      thresh= 6.129E-08 alpha_mix =  0.700 |ddv_scf|^2 =  2.070E-14

      iter #   6 total cpu time : 71069.2 secs   av.it.:  15.9
      thresh= 1.439E-08 alpha_mix =  0.700 |ddv_scf|^2 =  2.580E-15

     End of self-consistent calculation

     Convergence has been achieved 


     Representation #  49 mode #  49

     Self-consistent Calculation

      iter #   1 total cpu time : 71123.8 secs   av.it.:   4.4
      thresh= 1.000E-02 alpha_mix =  0.700 |ddv_scf|^2 =  5.687E-09

      iter #   2 total cpu time : 71228.6 secs   av.it.:  16.0
      thresh= 7.541E-06 alpha_mix =  0.700 |ddv_scf|^2 =  8.472E-10

      iter #   3 total cpu time : 71329.8 secs   av.it.:  15.9
      thresh= 2.911E-06 alpha_mix =  0.700 |ddv_scf|^2 =  2.738E-11

      iter #   4 total cpu time : 71432.9 secs   av.it.:  15.9
      thresh= 5.233E-07 alpha_mix =  0.700 |ddv_scf|^2 =  2.345E-12

      iter #   5 total cpu time : 71537.3 secs   av.it.:  15.9
      thresh= 1.531E-07 alpha_mix =  0.700 |ddv_scf|^2 =  2.104E-13

      iter #   6 total cpu time : 71642.8 secs   av.it.:  16.0
      thresh= 4.587E-08 alpha_mix =  0.700 |ddv_scf|^2 =  1.857E-15

     End of self-consistent calculation

     Convergence has been achieved 


     Representation #  50 mode #  50

     Self-consistent Calculation

      iter #   1 total cpu time : 71698.3 secs   av.it.:   5.0
      thresh= 1.000E-02 alpha_mix =  0.700 |ddv_scf|^2 =  1.492E-08

      iter #   2 total cpu time : 71800.7 secs   av.it.:  16.0
      thresh= 1.221E-05 alpha_mix =  0.700 |ddv_scf|^2 =  4.909E-09

      iter #   3 total cpu time : 71900.2 secs   av.it.:  15.0
      thresh= 7.007E-06 alpha_mix =  0.700 |ddv_scf|^2 =  1.969E-11

      iter #   4 total cpu time : 72005.6 secs   av.it.:  15.9
      thresh= 4.437E-07 alpha_mix =  0.700 |ddv_scf|^2 =  1.997E-12

      iter #   5 total cpu time : 72110.9 secs   av.it.:  15.9
      thresh= 1.413E-07 alpha_mix =  0.700 |ddv_scf|^2 =  3.058E-14

      iter #   6 total cpu time : 72219.2 secs   av.it.:  16.0
      thresh= 1.749E-08 alpha_mix =  0.700 |ddv_scf|^2 =  2.988E-15

     End of self-consistent calculation

     Convergence has been achieved 


     Representation #  51 mode #  51

     Self-consistent Calculation

      iter #   1 total cpu time : 72285.9 secs   av.it.:   6.4
      thresh= 1.000E-02 alpha_mix =  0.700 |ddv_scf|^2 =  7.278E-08

      iter #   2 total cpu time : 72392.1 secs   av.it.:  16.0
      thresh= 2.698E-05 alpha_mix =  0.700 |ddv_scf|^2 =  2.636E-08

      iter #   3 total cpu time : 72495.6 secs   av.it.:  15.6
      thresh= 1.624E-05 alpha_mix =  0.700 |ddv_scf|^2 =  8.369E-11

      iter #   4 total cpu time : 72601.8 secs   av.it.:  16.0
      thresh= 9.148E-07 alpha_mix =  0.700 |ddv_scf|^2 =  7.868E-12

      iter #   5 total cpu time : 72708.0 secs   av.it.:  16.0
      thresh= 2.805E-07 alpha_mix =  0.700 |ddv_scf|^2 =  5.772E-13

      iter #   6 total cpu time : 72811.6 secs   av.it.:  15.9
      thresh= 7.597E-08 alpha_mix =  0.700 |ddv_scf|^2 =  3.055E-14

      iter #   7 total cpu time : 72913.6 secs   av.it.:  15.6
      thresh= 1.748E-08 alpha_mix =  0.700 |ddv_scf|^2 =  1.823E-15

     End of self-consistent calculation

     Convergence has been achieved 


     Representation #  52 mode #  52

     Self-consistent Calculation

      iter #   1 total cpu time : 72980.3 secs   av.it.:   6.4
      thresh= 1.000E-02 alpha_mix =  0.700 |ddv_scf|^2 =  7.543E-08

      iter #   2 total cpu time : 73082.5 secs   av.it.:  16.0
      thresh= 2.747E-05 alpha_mix =  0.700 |ddv_scf|^2 =  2.923E-08

      iter #   3 total cpu time : 73181.9 secs   av.it.:  15.0
      thresh= 1.710E-05 alpha_mix =  0.700 |ddv_scf|^2 =  5.512E-11

      iter #   4 total cpu time : 73284.5 secs   av.it.:  16.0
      thresh= 7.424E-07 alpha_mix =  0.700 |ddv_scf|^2 =  5.496E-12

      iter #   5 total cpu time : 73387.2 secs   av.it.:  16.0
      thresh= 2.344E-07 alpha_mix =  0.700 |ddv_scf|^2 =  3.652E-13

      iter #   6 total cpu time : 73490.2 secs   av.it.:  15.9
      thresh= 6.043E-08 alpha_mix =  0.700 |ddv_scf|^2 =  1.475E-14

      iter #   7 total cpu time : 73594.3 secs   av.it.:  15.8
      thresh= 1.215E-08 alpha_mix =  0.700 |ddv_scf|^2 =  9.361E-16

     End of self-consistent calculation

     Convergence has been achieved 


     Representation #  53 mode #  53

     Self-consistent Calculation

      iter #   1 total cpu time : 73642.9 secs   av.it.:   3.0
      thresh= 1.000E-02 alpha_mix =  0.700 |ddv_scf|^2 =  1.553E-09

      iter #   2 total cpu time : 73749.9 secs   av.it.:  16.0
      thresh= 3.941E-06 alpha_mix =  0.700 |ddv_scf|^2 =  5.212E-10

      iter #   3 total cpu time : 73853.9 secs   av.it.:  15.5
      thresh= 2.283E-06 alpha_mix =  0.700 |ddv_scf|^2 =  3.568E-12

      iter #   4 total cpu time : 73960.8 secs   av.it.:  16.0
      thresh= 1.889E-07 alpha_mix =  0.700 |ddv_scf|^2 =  4.026E-13

      iter #   5 total cpu time : 74065.8 secs   av.it.:  15.9
      thresh= 6.345E-08 alpha_mix =  0.700 |ddv_scf|^2 =  1.888E-14

      iter #   6 total cpu time : 74171.3 secs   av.it.:  15.9
      thresh= 1.374E-08 alpha_mix =  0.700 |ddv_scf|^2 =  5.554E-16

     End of self-consistent calculation

     Convergence has been achieved 


     Representation #  54 mode #  54

     Self-consistent Calculation

      iter #   1 total cpu time : 74217.4 secs   av.it.:   3.0
      thresh= 1.000E-02 alpha_mix =  0.700 |ddv_scf|^2 =  3.835E-10

      iter #   2 total cpu time : 74321.2 secs   av.it.:  16.0
      thresh= 1.958E-06 alpha_mix =  0.700 |ddv_scf|^2 =  7.508E-11

      iter #   3 total cpu time : 74423.3 secs   av.it.:  16.0
      thresh= 8.665E-07 alpha_mix =  0.700 |ddv_scf|^2 =  7.019E-12

      iter #   4 total cpu time : 74523.8 secs   av.it.:  15.7
      thresh= 2.649E-07 alpha_mix =  0.700 |ddv_scf|^2 =  2.449E-13

      iter #   5 total cpu time : 74624.8 secs   av.it.:  15.9
      thresh= 4.949E-08 alpha_mix =  0.700 |ddv_scf|^2 =  1.037E-14

      iter #   6 total cpu time : 74727.8 secs   av.it.:  15.9
      thresh= 1.019E-08 alpha_mix =  0.700 |ddv_scf|^2 =  5.794E-16

     End of self-consistent calculation

     Convergence has been achieved 


     Representation #  55 mode #  55

     Self-consistent Calculation

      iter #   1 total cpu time : 74776.5 secs   av.it.:   3.6
      thresh= 1.000E-02 alpha_mix =  0.700 |ddv_scf|^2 =  1.996E-09

      iter #   2 total cpu time : 74880.3 secs   av.it.:  16.0
      thresh= 4.467E-06 alpha_mix =  0.700 |ddv_scf|^2 =  1.093E-09

      iter #   3 total cpu time : 74979.0 secs   av.it.:  15.0
      thresh= 3.307E-06 alpha_mix =  0.700 |ddv_scf|^2 =  1.842E-12

      iter #   4 total cpu time : 75082.6 secs   av.it.:  16.0
      thresh= 1.357E-07 alpha_mix =  0.700 |ddv_scf|^2 =  3.099E-13

      iter #   5 total cpu time : 75184.0 secs   av.it.:  15.9
      thresh= 5.567E-08 alpha_mix =  0.700 |ddv_scf|^2 =  1.135E-14

      iter #   6 total cpu time : 75286.2 secs   av.it.:  16.0
      thresh= 1.065E-08 alpha_mix =  0.700 |ddv_scf|^2 =  5.110E-16

     End of self-consistent calculation

     Convergence has been achieved 


     Representation #  56 mode #  56

     Self-consistent Calculation

      iter #   1 total cpu time : 75335.0 secs   av.it.:   3.6
      thresh= 1.000E-02 alpha_mix =  0.700 |ddv_scf|^2 =  2.712E-09

      iter #   2 total cpu time : 75437.7 secs   av.it.:  16.0
      thresh= 5.208E-06 alpha_mix =  0.700 |ddv_scf|^2 =  1.410E-09

      iter #   3 total cpu time : 75536.5 secs   av.it.:  15.0
      thresh= 3.754E-06 alpha_mix =  0.700 |ddv_scf|^2 =  2.673E-12

      iter #   4 total cpu time : 75638.5 secs   av.it.:  16.0
      thresh= 1.635E-07 alpha_mix =  0.700 |ddv_scf|^2 =  2.030E-13

      iter #   5 total cpu time : 75740.0 secs   av.it.:  16.0
      thresh= 4.505E-08 alpha_mix =  0.700 |ddv_scf|^2 =  1.715E-14

      iter #   6 total cpu time : 75842.1 secs   av.it.:  15.9
      thresh= 1.310E-08 alpha_mix =  0.700 |ddv_scf|^2 =  1.072E-15

     End of self-consistent calculation

     Convergence has been achieved 


     Representation #  57 mode #  57

     Self-consistent Calculation

      iter #   1 total cpu time : 75897.1 secs   av.it.:   4.9
      thresh= 1.000E-02 alpha_mix =  0.700 |ddv_scf|^2 =  2.744E-08

      iter #   2 total cpu time : 75998.9 secs   av.it.:  15.9
      thresh= 1.656E-05 alpha_mix =  0.700 |ddv_scf|^2 =  1.564E-08

      iter #   3 total cpu time : 76095.5 secs   av.it.:  14.9
      thresh= 1.250E-05 alpha_mix =  0.700 |ddv_scf|^2 =  9.807E-11

      iter #   4 total cpu time : 76195.0 secs   av.it.:  15.1
      thresh= 9.903E-07 alpha_mix =  0.700 |ddv_scf|^2 =  1.243E-11

      iter #   5 total cpu time : 76294.7 secs   av.it.:  15.1
      thresh= 3.525E-07 alpha_mix =  0.700 |ddv_scf|^2 =  4.688E-13

      iter #   6 total cpu time : 76397.1 secs   av.it.:  15.9
      thresh= 6.847E-08 alpha_mix =  0.700 |ddv_scf|^2 =  2.121E-14

      iter #   7 total cpu time : 76506.8 secs   av.it.:  16.0
      thresh= 1.456E-08 alpha_mix =  0.700 |ddv_scf|^2 =  2.305E-15

     End of self-consistent calculation

     Convergence has been achieved 


     Representation #  58 mode #  58

     Self-consistent Calculation

      iter #   1 total cpu time : 76554.2 secs   av.it.:   3.0
      thresh= 1.000E-02 alpha_mix =  0.700 |ddv_scf|^2 =  2.000E-09

      iter #   2 total cpu time : 76660.0 secs   av.it.:  15.9
      thresh= 4.472E-06 alpha_mix =  0.700 |ddv_scf|^2 =  7.238E-10

      iter #   3 total cpu time : 76763.4 secs   av.it.:  15.2
      thresh= 2.690E-06 alpha_mix =  0.700 |ddv_scf|^2 =  1.145E-11

      iter #   4 total cpu time : 76866.8 secs   av.it.:  15.2
      thresh= 3.384E-07 alpha_mix =  0.700 |ddv_scf|^2 =  2.955E-12

      iter #   5 total cpu time : 76964.4 secs   av.it.:  14.9
      thresh= 1.719E-07 alpha_mix =  0.700 |ddv_scf|^2 =  4.247E-14

      iter #   6 total cpu time : 77065.3 secs   av.it.:  15.7
      thresh= 2.061E-08 alpha_mix =  0.700 |ddv_scf|^2 =  3.260E-15

     End of self-consistent calculation

     Convergence has been achieved 


     Representation #  59 mode #  59

     Self-consistent Calculation

      iter #   1 total cpu time : 77119.6 secs   av.it.:   4.4
      thresh= 1.000E-02 alpha_mix =  0.700 |ddv_scf|^2 =  1.237E-08

      iter #   2 total cpu time : 77221.2 secs   av.it.:  15.9
      thresh= 1.112E-05 alpha_mix =  0.700 |ddv_scf|^2 =  3.599E-09

      iter #   3 total cpu time : 77321.6 secs   av.it.:  15.0
      thresh= 6.000E-06 alpha_mix =  0.700 |ddv_scf|^2 =  2.235E-10

      iter #   4 total cpu time : 77420.9 secs   av.it.:  14.9
      thresh= 1.495E-06 alpha_mix =  0.700 |ddv_scf|^2 =  5.485E-12

      iter #   5 total cpu time : 77524.8 secs   av.it.:  15.9
      thresh= 2.342E-07 alpha_mix =  0.700 |ddv_scf|^2 =  9.133E-13

      iter #   6 total cpu time : 77628.4 secs   av.it.:  15.8
      thresh= 9.556E-08 alpha_mix =  0.700 |ddv_scf|^2 =  2.571E-15

     End of self-consistent calculation

     Convergence has been achieved 


     Representation #  60 mode #  60

     Self-consistent Calculation

      iter #   1 total cpu time : 77678.2 secs   av.it.:   3.7
      thresh= 1.000E-02 alpha_mix =  0.700 |ddv_scf|^2 =  2.038E-09

      iter #   2 total cpu time : 77785.9 secs   av.it.:  16.0
      thresh= 4.515E-06 alpha_mix =  0.700 |ddv_scf|^2 =  7.106E-10

      iter #   3 total cpu time : 77890.2 secs   av.it.:  15.6
      thresh= 2.666E-06 alpha_mix =  0.700 |ddv_scf|^2 =  1.196E-11

      iter #   4 total cpu time : 77995.2 secs   av.it.:  15.8
      thresh= 3.458E-07 alpha_mix =  0.700 |ddv_scf|^2 =  4.566E-13

      iter #   5 total cpu time : 78096.9 secs   av.it.:  15.9
      thresh= 6.757E-08 alpha_mix =  0.700 |ddv_scf|^2 =  1.662E-14

      iter #   6 total cpu time : 78197.8 secs   av.it.:  15.9
      thresh= 1.289E-08 alpha_mix =  0.700 |ddv_scf|^2 =  1.254E-15

     End of self-consistent calculation

     Convergence has been achieved 


     Representation #  61 mode #  61

     Self-consistent Calculation

      iter #   1 total cpu time : 78244.6 secs   av.it.:   3.1
      thresh= 1.000E-02 alpha_mix =  0.700 |ddv_scf|^2 =  7.610E-09

      iter #   2 total cpu time : 78343.6 secs   av.it.:  15.3
      thresh= 8.723E-06 alpha_mix =  0.700 |ddv_scf|^2 =  6.926E-09

      iter #   3 total cpu time : 78438.5 secs   av.it.:  14.7
      thresh= 8.322E-06 alpha_mix =  0.700 |ddv_scf|^2 =  7.799E-12

      iter #   4 total cpu time : 78541.2 secs   av.it.:  16.0
      thresh= 2.793E-07 alpha_mix =  0.700 |ddv_scf|^2 =  1.436E-12

      iter #   5 total cpu time : 78640.8 secs   av.it.:  15.3
      thresh= 1.198E-07 alpha_mix =  0.700 |ddv_scf|^2 =  5.868E-14

      iter #   6 total cpu time : 78740.8 secs   av.it.:  15.3
      thresh= 2.422E-08 alpha_mix =  0.700 |ddv_scf|^2 =  4.030E-15

     End of self-consistent calculation

     Convergence has been achieved 


     Representation #  62 mode #  62

     Self-consistent Calculation

      iter #   1 total cpu time : 78787.6 secs   av.it.:   3.0
      thresh= 1.000E-02 alpha_mix =  0.700 |ddv_scf|^2 =  1.738E-09

      iter #   2 total cpu time : 78890.8 secs   av.it.:  16.0
      thresh= 4.169E-06 alpha_mix =  0.700 |ddv_scf|^2 =  6.496E-10

      iter #   3 total cpu time : 78993.1 secs   av.it.:  15.4
      thresh= 2.549E-06 alpha_mix =  0.700 |ddv_scf|^2 =  7.989E-12

      iter #   4 total cpu time : 79097.8 secs   av.it.:  15.9
      thresh= 2.826E-07 alpha_mix =  0.700 |ddv_scf|^2 =  3.685E-13

      iter #   5 total cpu time : 79199.1 secs   av.it.:  15.5
      thresh= 6.071E-08 alpha_mix =  0.700 |ddv_scf|^2 =  1.872E-14

      iter #   6 total cpu time : 79300.6 secs   av.it.:  15.8
      thresh= 1.368E-08 alpha_mix =  0.700 |ddv_scf|^2 =  1.893E-15

     End of self-consistent calculation

     Convergence has been achieved 


     Representation #  63 mode #  63

     Self-consistent Calculation

      iter #   1 total cpu time : 79347.5 secs   av.it.:   3.0
      thresh= 1.000E-02 alpha_mix =  0.700 |ddv_scf|^2 =  1.741E-09

      iter #   2 total cpu time : 79450.6 secs   av.it.:  16.0
      thresh= 4.173E-06 alpha_mix =  0.700 |ddv_scf|^2 =  7.348E-10

      iter #   3 total cpu time : 79550.5 secs   av.it.:  15.3
      thresh= 2.711E-06 alpha_mix =  0.700 |ddv_scf|^2 =  4.554E-12

      iter #   4 total cpu time : 79653.3 secs   av.it.:  16.0
      thresh= 2.134E-07 alpha_mix =  0.700 |ddv_scf|^2 =  4.759E-13

      iter #   5 total cpu time : 79753.7 secs   av.it.:  15.4
      thresh= 6.899E-08 alpha_mix =  0.700 |ddv_scf|^2 =  1.761E-14

      iter #   6 total cpu time : 79854.9 secs   av.it.:  15.9
      thresh= 1.327E-08 alpha_mix =  0.700 |ddv_scf|^2 =  2.230E-15

     End of self-consistent calculation

     Convergence has been achieved 


     Representation #  64 mode #  64

     Self-consistent Calculation

      iter #   1 total cpu time : 79903.1 secs   av.it.:   3.2
      thresh= 1.000E-02 alpha_mix =  0.700 |ddv_scf|^2 =  2.101E-09

      iter #   2 total cpu time : 80005.8 secs   av.it.:  16.0
      thresh= 4.584E-06 alpha_mix =  0.700 |ddv_scf|^2 =  1.432E-09

      iter #   3 total cpu time : 80102.5 secs   av.it.:  15.0
      thresh= 3.785E-06 alpha_mix =  0.700 |ddv_scf|^2 =  1.731E-11

      iter #   4 total cpu time : 80202.1 secs   av.it.:  15.5
      thresh= 4.160E-07 alpha_mix =  0.700 |ddv_scf|^2 =  3.380E-12

      iter #   5 total cpu time : 80300.3 secs   av.it.:  14.9
      thresh= 1.838E-07 alpha_mix =  0.700 |ddv_scf|^2 =  8.289E-14

      iter #   6 total cpu time : 80402.3 secs   av.it.:  15.0
      thresh= 2.879E-08 alpha_mix =  0.700 |ddv_scf|^2 =  6.140E-15

     End of self-consistent calculation

     Convergence has been achieved 


     Representation #  65 mode #  65

     Self-consistent Calculation

      iter #   1 total cpu time : 80450.8 secs   av.it.:   3.0
      thresh= 1.000E-02 alpha_mix =  0.700 |ddv_scf|^2 =  1.734E-09

      iter #   2 total cpu time : 80556.9 secs   av.it.:  16.0
      thresh= 4.164E-06 alpha_mix =  0.700 |ddv_scf|^2 =  8.643E-10

      iter #   3 total cpu time : 80656.8 secs   av.it.:  15.2
      thresh= 2.940E-06 alpha_mix =  0.700 |ddv_scf|^2 =  2.857E-12

      iter #   4 total cpu time : 80759.8 secs   av.it.:  16.0
      thresh= 1.690E-07 alpha_mix =  0.700 |ddv_scf|^2 =  3.083E-13

      iter #   5 total cpu time : 80861.0 secs   av.it.:  15.8
      thresh= 5.553E-08 alpha_mix =  0.700 |ddv_scf|^2 =  2.092E-14

      iter #   6 total cpu time : 80961.1 secs   av.it.:  15.6
      thresh= 1.446E-08 alpha_mix =  0.700 |ddv_scf|^2 =  1.634E-15

     End of self-consistent calculation

     Convergence has been achieved 


     Representation #  66 mode #  66

     Self-consistent Calculation

      iter #   1 total cpu time : 81010.9 secs   av.it.:   4.0
      thresh= 1.000E-02 alpha_mix =  0.700 |ddv_scf|^2 =  1.606E-08

      iter #   2 total cpu time : 81110.7 secs   av.it.:  15.2
      thresh= 1.267E-05 alpha_mix =  0.700 |ddv_scf|^2 =  1.452E-08

      iter #   3 total cpu time : 81206.7 secs   av.it.:  14.8
      thresh= 1.205E-05 alpha_mix =  0.700 |ddv_scf|^2 =  1.946E-11

      iter #   4 total cpu time : 81308.5 secs   av.it.:  15.9
      thresh= 4.411E-07 alpha_mix =  0.700 |ddv_scf|^2 =  1.289E-12

      iter #   5 total cpu time : 81410.6 secs   av.it.:  16.0
      thresh= 1.135E-07 alpha_mix =  0.700 |ddv_scf|^2 =  1.750E-13

      iter #   6 total cpu time : 81505.8 secs   av.it.:  15.0
      thresh= 4.183E-08 alpha_mix =  0.700 |ddv_scf|^2 =  1.031E-15

     End of self-consistent calculation

     Convergence has been achieved 

     Number of q in the star =    1
     List of q in the star:
          1   0.000000000   0.000000000  -0.788044408

     Diagonalizing the dynamical matrix

     q = (    0.000000000   0.000000000  -0.788044408 ) 

 **************************************************************************
     freq (    1) =       1.608324 [THz] =      53.647924 [cm-1]
     freq (    2) =       1.678859 [THz] =      56.000724 [cm-1]
     freq (    3) =       1.805486 [THz] =      60.224514 [cm-1]
     freq (    4) =       1.809157 [THz] =      60.346992 [cm-1]
     freq (    5) =       3.254134 [THz] =     108.546239 [cm-1]
     freq (    6) =       3.311931 [THz] =     110.474139 [cm-1]
     freq (    7) =       4.483904 [THz] =     149.566948 [cm-1]
     freq (    8) =       4.543211 [THz] =     151.545201 [cm-1]
     freq (    9) =       4.563612 [THz] =     152.225710 [cm-1]
     freq (   10) =       4.574893 [THz] =     152.602014 [cm-1]
     freq (   11) =       6.306257 [THz] =     210.354105 [cm-1]
     freq (   12) =       6.369103 [THz] =     212.450394 [cm-1]
     freq (   13) =       6.633505 [THz] =     221.269917 [cm-1]
     freq (   14) =       6.652706 [THz] =     221.910394 [cm-1]
     freq (   15) =       7.085722 [THz] =     236.354255 [cm-1]
     freq (   16) =       7.203993 [THz] =     240.299336 [cm-1]
     freq (   17) =       7.789159 [THz] =     259.818394 [cm-1]
     freq (   18) =       7.935252 [THz] =     264.691500 [cm-1]
     freq (   19) =       8.443210 [THz] =     281.635173 [cm-1]
     freq (   20) =       8.456332 [THz] =     282.072862 [cm-1]
     freq (   21) =       8.945803 [THz] =     298.399869 [cm-1]
     freq (   22) =       8.980101 [THz] =     299.543914 [cm-1]
     freq (   23) =       9.103901 [THz] =     303.673448 [cm-1]
     freq (   24) =       9.114648 [THz] =     304.031920 [cm-1]
     freq (   25) =       9.457343 [THz] =     315.463013 [cm-1]
     freq (   26) =       9.467546 [THz] =     315.803327 [cm-1]
     freq (   27) =      12.172694 [THz] =     406.037358 [cm-1]
     freq (   28) =      12.202440 [THz] =     407.029600 [cm-1]
     freq (   29) =      12.344951 [THz] =     411.783238 [cm-1]
     freq (   30) =      12.362121 [THz] =     412.355987 [cm-1]
     freq (   31) =      30.507465 [THz] =    1017.619491 [cm-1]
     freq (   32) =      30.507546 [THz] =    1017.622194 [cm-1]
     freq (   33) =      30.698280 [THz] =    1023.984399 [cm-1]
     freq (   34) =      30.700419 [THz] =    1024.055738 [cm-1]
     freq (   35) =      31.809713 [THz] =    1061.057809 [cm-1]
     freq (   36) =      31.811309 [THz] =    1061.111045 [cm-1]
     freq (   37) =      31.908956 [THz] =    1064.368214 [cm-1]
     freq (   38) =      31.913839 [THz] =    1064.531076 [cm-1]
     freq (   39) =      32.514668 [THz] =    1084.572579 [cm-1]
     freq (   40) =      32.532376 [THz] =    1085.163243 [cm-1]
     freq (   41) =      32.714838 [THz] =    1091.249518 [cm-1]
     freq (   42) =      32.721519 [THz] =    1091.472398 [cm-1]
     freq (   43) =      35.833585 [THz] =    1195.279721 [cm-1]
     freq (   44) =      35.855316 [THz] =    1196.004598 [cm-1]
     freq (   45) =      35.856342 [THz] =    1196.038815 [cm-1]
     freq (   46) =      35.865541 [THz] =    1196.345663 [cm-1]
     freq (   47) =      36.207416 [THz] =    1207.749390 [cm-1]
     freq (   48) =      36.213168 [THz] =    1207.941260 [cm-1]
     freq (   49) =      36.456601 [THz] =    1216.061319 [cm-1]
     freq (   50) =      36.458359 [THz] =    1216.119941 [cm-1]
     freq (   51) =      68.392780 [THz] =    2281.337592 [cm-1]
     freq (   52) =      68.408245 [THz] =    2281.853418 [cm-1]
     freq (   53) =      68.437705 [THz] =    2282.836121 [cm-1]
     freq (   54) =      68.449681 [THz] =    2283.235584 [cm-1]
     freq (   55) =      70.058575 [THz] =    2336.902509 [cm-1]
     freq (   56) =      70.065810 [THz] =    2337.143858 [cm-1]
     freq (   57) =      70.228238 [THz] =    2342.561869 [cm-1]
     freq (   58) =      70.232696 [THz] =    2342.710585 [cm-1]
     freq (   59) =      70.539304 [THz] =    2352.937905 [cm-1]
     freq (   60) =      70.542097 [THz] =    2353.031069 [cm-1]
     freq (   61) =      70.627644 [THz] =    2355.884602 [cm-1]
     freq (   62) =      70.630580 [THz] =    2355.982540 [cm-1]
     freq (   63) =      71.407009 [THz] =    2381.881427 [cm-1]
     freq (   64) =      71.409383 [THz] =    2381.960637 [cm-1]
     freq (   65) =      71.548713 [THz] =    2386.608177 [cm-1]
     freq (   66) =      71.552653 [THz] =    2386.739602 [cm-1]
 **************************************************************************

     Calculation of q =    0.0000000  -0.5052636   0.0000000

     Parallelization info
     --------------------
     sticks:   dense  smooth     PW     G-vecs:    dense   smooth      PW
     Min         490     245     66                25554     9038    1276
     Max         491     247     67                25557     9040    1279
     Sum       11779    5897   1597               613353   216939   30669

     Using Slab Decomposition



     bravais-lattice index     =            8
     lattice parameter (alat)  =      13.6741  a.u.
     unit-cell volume          =    1605.3416 (a.u.)^3
     number of atoms/cell      =           22
     number of atomic types    =            3
     number of electrons       =        48.00
     number of Kohn-Sham states=           24
     kinetic-energy cutoff     =     100.0000  Ry
     charge density cutoff     =     800.0000  Ry
     Exchange-correlation= PBESOL
                           (   1   4  10   8   0   0   0)

     celldm(1)=  13.674099  celldm(2)=   0.989582  celldm(3)=   0.634482
     celldm(4)=   0.000000  celldm(5)=   0.000000  celldm(6)=   0.000000

     crystal axes: (cart. coord. in units of alat)
               a(1) = (   1.000000   0.000000   0.000000 )  
               a(2) = (   0.000000   0.989582   0.000000 )  
               a(3) = (   0.000000   0.000000   0.634482 )  

     reciprocal axes: (cart. coord. in units 2 pi/alat)
               b(1) = (  1.000000  0.000000  0.000000 )  
               b(2) = (  0.000000  1.010527  0.000000 )  
               b(3) = (  0.000000  0.000000  1.576089 )  


     PseudoPot. # 1 for B  read from file:
     /home/mehlhorn/pseudos/b_pbesol_v1.4.uspp.F.UPF
     MD5 check sum: 369b69bef2c3aeed4453bd8b804fd6a8
     Pseudo is Ultrasoft + core correction, Zval =  3.0
     Generated by new atomic code, or converted to UPF format
     Using radial grid of  781 points,  4 beta functions with: 
                l(1) =   0
                l(2) =   0
                l(3) =   1
                l(4) =   1
     Q(r) pseudized with  8 coefficients,  rinner =    1.100   1.100   1.100


     PseudoPot. # 2 for Ba read from file:
     /home/mehlhorn/pseudos/Ba.nc.z_10.oncvpsp4.dojo.v4-sp.upf
     MD5 check sum: c10ed334bb677c0554edec7181ce9143
     Pseudo is Norm-conserving + core correction, Zval = 10.0
     Generated using ONCVPSP code by D. R. Hamann
     Using radial grid of 1938 points,  8 beta functions with: 
                l(1) =   0
                l(2) =   0
                l(3) =   1
                l(4) =   1
                l(5) =   2
                l(6) =   2
                l(7) =   3
                l(8) =   3

     PseudoPot. # 3 for H  read from file:
     /home/mehlhorn/pseudos/H_ONCV_PBEsol-1.0.upf
     MD5 check sum: 398ef8f67c0a7342c05c87c5e19ea467
     Pseudo is Norm-conserving, Zval =  1.0
     Generated using ONCVPSP code by D. R. Hamann
     Using radial grid of 1180 points,  2 beta functions with: 
                l(1) =   0
                l(2) =   0

     atomic species   valence    mass     pseudopotential
     B                 3.00    10.81100     B ( 1.00)
     Ba               10.00   137.32700     Ba( 1.00)
     H                 1.00     1.00794     H ( 1.00)

      4 Sym. Ops. (no inversion) found



   Cartesian axes

     site n.     atom                  positions (alat units)
         1        Ba     tau(   1) = (   0.5000000   0.4947912   0.3172522  )
         2        Ba     tau(   2) = (   0.0000000   0.0000000   0.6344709  )
         3        B      tau(   3) = (   0.6413579   0.2648610   0.0000111  )
         4        B      tau(   4) = (   0.3586421   0.7247215   0.0000111  )
         5        B      tau(   5) = (   0.1413579   0.2299303   0.3172299  )
         6        B      tau(   6) = (   0.8586421   0.7596522   0.3172299  )
         7        H      tau(   7) = (   0.4714554   0.2791357   0.0000081  )
         8        H      tau(   8) = (   0.5285446   0.7104468   0.0000081  )
         9        H      tau(   9) = (   0.9714554   0.2156555   0.3172329  )
        10        H      tau(  10) = (   0.0285446   0.7739269   0.3172329  )
        11        H      tau(  11) = (   0.7128420   0.4201314   0.0000064  )
        12        H      tau(  12) = (   0.2871580   0.5694510   0.0000064  )
        13        H      tau(  13) = (   0.2128420   0.0746598   0.3172346  )
        14        H      tau(  14) = (   0.7871580   0.9149226   0.3172346  )
        15        H      tau(  15) = (   0.6872173   0.1818371   0.4934203  )
        16        H      tau(  16) = (   0.3127827   0.8077454   0.4934203  )
        17        H      tau(  17) = (   0.1872173   0.3129541   0.4583027  )
        18        H      tau(  18) = (   0.8127827   0.6766283   0.4583027  )
        19        H      tau(  19) = (   0.3127767   0.8077467   0.1410819  )
        20        H      tau(  20) = (   0.6872233   0.1818357   0.1410819  )
        21        H      tau(  21) = (   0.8127767   0.6766270   0.1761591  )
        22        H      tau(  22) = (   0.1872233   0.3129555   0.1761591  )

     number of k points=    54
                       cart. coord. in units 2pi/alat
        k(    1) = (   0.0000000   0.0000000   0.0000000), wk =   0.0160000
        k(    2) = (   0.0000000  -0.5052636   0.0000000), wk =   0.0000000
        k(    3) = (   0.0000000   0.0000000   0.3152178), wk =   0.0320000
        k(    4) = (   0.0000000  -0.5052636   0.3152178), wk =   0.0000000
        k(    5) = (   0.0000000   0.0000000   0.6304355), wk =   0.0320000
        k(    6) = (   0.0000000  -0.5052636   0.6304355), wk =   0.0000000
        k(    7) = (   0.0000000   0.2021054   0.0000000), wk =   0.0320000
        k(    8) = (   0.0000000  -0.3031582   0.0000000), wk =   0.0000000
        k(    9) = (   0.0000000   0.2021054   0.3152178), wk =   0.0640000
        k(   10) = (   0.0000000  -0.3031582   0.3152178), wk =   0.0000000
        k(   11) = (   0.0000000   0.2021054   0.6304355), wk =   0.0640000
        k(   12) = (   0.0000000  -0.3031582   0.6304355), wk =   0.0000000
        k(   13) = (   0.0000000   0.4042109   0.0000000), wk =   0.0320000
        k(   14) = (   0.0000000  -0.1010527   0.0000000), wk =   0.0000000
        k(   15) = (   0.0000000   0.4042109   0.3152178), wk =   0.0640000
        k(   16) = (   0.0000000  -0.1010527   0.3152178), wk =   0.0000000
        k(   17) = (   0.0000000   0.4042109   0.6304355), wk =   0.0640000
        k(   18) = (   0.0000000  -0.1010527   0.6304355), wk =   0.0000000
        k(   19) = (   0.2000000   0.0000000   0.0000000), wk =   0.0320000
        k(   20) = (   0.2000000  -0.5052636   0.0000000), wk =   0.0000000
        k(   21) = (   0.2000000   0.0000000   0.3152178), wk =   0.0640000
        k(   22) = (   0.2000000  -0.5052636   0.3152178), wk =   0.0000000
        k(   23) = (   0.2000000   0.0000000   0.6304355), wk =   0.0640000
        k(   24) = (   0.2000000  -0.5052636   0.6304355), wk =   0.0000000
        k(   25) = (   0.2000000   0.2021054   0.0000000), wk =   0.0640000
        k(   26) = (   0.2000000  -0.3031582   0.0000000), wk =   0.0000000
        k(   27) = (   0.2000000   0.2021054   0.3152178), wk =   0.1280000
        k(   28) = (   0.2000000  -0.3031582   0.3152178), wk =   0.0000000
        k(   29) = (   0.2000000   0.2021054   0.6304355), wk =   0.1280000
        k(   30) = (   0.2000000  -0.3031582   0.6304355), wk =   0.0000000
        k(   31) = (   0.2000000   0.4042109   0.0000000), wk =   0.0640000
        k(   32) = (   0.2000000  -0.1010527   0.0000000), wk =   0.0000000
        k(   33) = (   0.2000000   0.4042109   0.3152178), wk =   0.1280000
        k(   34) = (   0.2000000  -0.1010527   0.3152178), wk =   0.0000000
        k(   35) = (   0.2000000   0.4042109   0.6304355), wk =   0.1280000
        k(   36) = (   0.2000000  -0.1010527   0.6304355), wk =   0.0000000
        k(   37) = (   0.4000000   0.0000000   0.0000000), wk =   0.0320000
        k(   38) = (   0.4000000  -0.5052636   0.0000000), wk =   0.0000000
        k(   39) = (   0.4000000   0.0000000   0.3152178), wk =   0.0640000
        k(   40) = (   0.4000000  -0.5052636   0.3152178), wk =   0.0000000
        k(   41) = (   0.4000000   0.0000000   0.6304355), wk =   0.0640000
        k(   42) = (   0.4000000  -0.5052636   0.6304355), wk =   0.0000000
        k(   43) = (   0.4000000   0.2021054   0.0000000), wk =   0.0640000
        k(   44) = (   0.4000000  -0.3031582   0.0000000), wk =   0.0000000
        k(   45) = (   0.4000000   0.2021054   0.3152178), wk =   0.1280000
        k(   46) = (   0.4000000  -0.3031582   0.3152178), wk =   0.0000000
        k(   47) = (   0.4000000   0.2021054   0.6304355), wk =   0.1280000
        k(   48) = (   0.4000000  -0.3031582   0.6304355), wk =   0.0000000
        k(   49) = (   0.4000000   0.4042109   0.0000000), wk =   0.0640000
        k(   50) = (   0.4000000  -0.1010527   0.0000000), wk =   0.0000000
        k(   51) = (   0.4000000   0.4042109   0.3152178), wk =   0.1280000
        k(   52) = (   0.4000000  -0.1010527   0.3152178), wk =   0.0000000
        k(   53) = (   0.4000000   0.4042109   0.6304355), wk =   0.1280000
        k(   54) = (   0.4000000  -0.1010527   0.6304355), wk =   0.0000000

     Dense  grid:   613353 G-vectors     FFT dimensions: ( 128, 128,  80)

     Smooth grid:   216939 G-vectors     FFT dimensions: (  90,  90,  60)

     Estimated max dynamical RAM per process >      54.94 MB

     Estimated total dynamical RAM >       1.29 GB

     The potential is recalculated from file :
     ./_ph0/pwscf.q_3/pwscf.save/charge-density

     Starting wfcs are   42 atomic wfcs

     Band Structure Calculation
     Davidson diagonalization with overlap

     ethr =  2.08E-11,  avg # of iterations = 22.1

     total cpu time spent up to now is      453.4 secs

     End of band structure calculation

          k = 0.0000 0.0000 0.0000 ( 27159 PWs)   bands (ev):

   -24.7583 -24.7534 -10.2441 -10.2125 -10.0149  -9.9894  -9.9206  -9.8767
    -6.6140  -5.8097  -5.2881  -5.2445  -2.3768  -1.3886  -1.2989  -1.1000
    -1.0597  -0.8583  -0.8225  -0.5873  -0.3461  -0.1589  -0.0673  -0.0550

          k = 0.0000-0.5053 0.0000 ( 27056 PWs)   bands (ev):

   -24.7558 -24.7558 -10.1759 -10.1759 -10.0685 -10.0685  -9.8986  -9.8986
    -6.1186  -6.1186  -5.4237  -5.4237  -1.8341  -1.8341  -1.0259  -1.0259
    -0.8371  -0.8371  -0.5552  -0.5552  -0.4841  -0.4841  -0.3056  -0.3056

          k = 0.0000 0.0000 0.3152 ( 27148 PWs)   bands (ev):

   -24.7529 -24.7488 -10.1842 -10.1587 -10.1107 -10.0879 -10.0009  -9.9812
    -6.2693  -5.5902  -5.4122  -5.3778  -2.0783  -1.7565  -1.5673  -1.1740
    -0.9579  -0.9061  -0.6645  -0.5250  -0.3907  -0.2294  -0.2130  -0.1384

          k = 0.0000-0.5053 0.3152 ( 27070 PWs)   bands (ev):

   -24.7508 -24.7508 -10.1549 -10.1549 -10.0984 -10.0984 -10.0143 -10.0143
    -5.8783  -5.8783  -5.4877  -5.4877  -1.8334  -1.8334  -1.3076  -1.3076
    -0.8243  -0.8243  -0.6232  -0.6232  -0.4344  -0.4344  -0.2356  -0.2356

          k = 0.0000 0.0000 0.6304 ( 27112 PWs)   bands (ev):

   -24.7435 -24.7419 -10.3799 -10.3759 -10.0635 -10.0507  -9.9951  -9.9851
    -5.6407  -5.6190  -5.6068  -5.3517  -1.9841  -1.9025  -1.7723  -1.5056
    -0.9505  -0.8406  -0.6104  -0.4692  -0.3869  -0.3426  -0.2723  -0.2233

          k = 0.0000-0.5053 0.6304 ( 27104 PWs)   bands (ev):

   -24.7427 -24.7427 -10.3928 -10.3928 -10.0279 -10.0279  -9.9998  -9.9998
    -5.8434  -5.8434  -5.2584  -5.2584  -2.1338  -2.1338  -1.4042  -1.4042
    -0.6855  -0.6855  -0.6124  -0.6124  -0.4246  -0.4246  -0.3466  -0.3466

          k = 0.0000 0.2021 0.0000 ( 27127 PWs)   bands (ev):

   -24.7579 -24.7538 -10.2297 -10.1979 -10.0353 -10.0078  -9.9164  -9.8809
    -6.5206  -5.8192  -5.3815  -5.2828  -2.2251  -1.5372  -1.3615  -0.9013
    -0.8903  -0.8550  -0.8226  -0.5724  -0.3740  -0.3131  -0.1362  -0.1171

          k = 0.0000-0.3032 0.0000 ( 27097 PWs)   bands (ev):

   -24.7573 -24.7544 -10.2131 -10.1833 -10.0550 -10.0280  -9.9115  -9.8857
    -6.4114  -5.8654  -5.4412  -5.3255  -2.0804  -1.6406  -1.3331  -0.8506
    -0.8249  -0.7738  -0.7534  -0.5517  -0.5042  -0.4054  -0.1895  -0.1871

          k = 0.0000 0.2021 0.3152 ( 27117 PWs)   bands (ev):

   -24.7525 -24.7492 -10.1818 -10.1458 -10.1043 -10.1007 -10.0023  -9.9927
    -6.1977  -5.5812  -5.4998  -5.4003  -1.9795  -1.7780  -1.5991  -1.0422
    -0.9296  -0.8769  -0.7992  -0.4852  -0.3825  -0.2528  -0.2349  -0.2116

          k = 0.0000-0.3032 0.3152 ( 27107 PWs)   bands (ev):

   -24.7520 -24.7497 -10.1768 -10.1321 -10.1197 -10.0932 -10.0055 -10.0039
    -6.1132  -5.6292  -5.5366  -5.4255  -1.8999  -1.7979  -1.5727  -0.9885
    -0.9350  -0.8358  -0.8305  -0.4936  -0.3901  -0.3274  -0.2454  -0.2289

          k = 0.0000 0.2021 0.6304 ( 27128 PWs)   bands (ev):

   -24.7433 -24.7421 -10.3850 -10.3814 -10.0522 -10.0440  -9.9953  -9.9891
    -5.7722  -5.7080  -5.4476  -5.2851  -2.0385  -2.0190  -1.6532  -1.4441
    -0.8876  -0.7354  -0.6229  -0.4670  -0.4162  -0.4024  -0.2857  -0.2741

          k = 0.0000-0.3032 0.6304 ( 27096 PWs)   bands (ev):

   -24.7432 -24.7423 -10.3893 -10.3865 -10.0416 -10.0373  -9.9963  -9.9934
    -5.8198  -5.7698  -5.3676  -5.2512  -2.0830  -2.0825  -1.5638  -1.3978
    -0.8328  -0.6362  -0.6337  -0.5010  -0.4480  -0.4439  -0.3197  -0.2897

          k = 0.0000 0.4042 0.0000 ( 27065 PWs)   bands (ev):

   -24.7566 -24.7551 -10.1931 -10.1722 -10.0702 -10.0507  -9.9054  -9.8918
    -6.2726  -5.9719  -5.4532  -5.3758  -1.9439  -1.7382  -1.2196  -0.8444
    -0.8301  -0.8041  -0.6196  -0.5984  -0.5215  -0.4438  -0.2662  -0.2572

          k = 0.0000-0.1011 0.0000 ( 27143 PWs)   bands (ev):

   -24.7582 -24.7535 -10.2404 -10.2086 -10.0204  -9.9942  -9.9195  -9.8778
    -6.5901  -5.8099  -5.3155  -5.2544  -2.3356  -1.4386  -1.3316  -1.0337
    -1.0041  -0.8575  -0.8223  -0.5838  -0.3533  -0.1916  -0.0924  -0.0710

          k = 0.0000 0.4042 0.3152 ( 27067 PWs)   bands (ev):

   -24.7515 -24.7502 -10.1678 -10.1391 -10.1133 -10.0909 -10.0127 -10.0104
    -6.0038  -5.7478  -5.5170  -5.4558  -1.8537  -1.8170  -1.4672  -1.1371
    -0.8611  -0.8191  -0.7377  -0.5349  -0.4150  -0.4078  -0.2429  -0.2315

          k = 0.0000-0.1011 0.3152 ( 27144 PWs)   bands (ev):

   -24.7528 -24.7489 -10.1838 -10.1553 -10.1078 -10.0924 -10.0011  -9.9842
    -6.2511  -5.5869  -5.4361  -5.3836  -2.0509  -1.7624  -1.5814  -1.1354
    -0.9476  -0.8991  -0.7098  -0.5049  -0.3873  -0.2332  -0.2196  -0.1610

          k = 0.0000 0.4042 0.6304 ( 27114 PWs)   bands (ev):

   -24.7429 -24.7425 -10.3923 -10.3907 -10.0320 -10.0309  -9.9984  -9.9978
    -5.8443  -5.8174  -5.3022  -5.2409  -2.1224  -2.1184  -1.4740  -1.3773
    -0.7653  -0.6406  -0.5889  -0.5846  -0.4478  -0.4367  -0.3551  -0.3082

          k = 0.0000-0.1011 0.6304 ( 27118 PWs)   bands (ev):

   -24.7434 -24.7420 -10.3814 -10.3774 -10.0604 -10.0489  -9.9951  -9.9862
    -5.7060  -5.6476  -5.5344  -5.3287  -1.9999  -1.9460  -1.7306  -1.4877
    -0.9308  -0.8141  -0.6134  -0.4679  -0.3942  -0.3555  -0.2793  -0.2372

          k = 0.2000 0.0000 0.0000 ( 27113 PWs)   bands (ev):

   -24.7579 -24.7538 -10.2270 -10.1997 -10.0331 -10.0113  -9.9164  -9.8809
    -6.5246  -5.8444  -5.3138  -5.3096  -2.2440  -1.3579  -1.3229  -1.1889
    -0.8323  -0.8286  -0.8124  -0.5938  -0.3903  -0.2982  -0.1733  -0.1175

          k = 0.2000-0.5053 0.0000 ( 27064 PWs)   bands (ev):

   -24.7558 -24.7558 -10.2073 -10.2073 -10.0349 -10.0349  -9.8985  -9.8985
    -6.1424  -6.1424  -5.3979  -5.3979  -1.7952  -1.7952  -1.0808  -1.0808
    -0.8614  -0.8614  -0.5722  -0.5722  -0.4570  -0.4570  -0.2781  -0.2781

          k = 0.2000 0.0000 0.3152 ( 27107 PWs)   bands (ev):

   -24.7525 -24.7492 -10.1700 -10.1617 -10.1020 -10.0988 -10.0105  -9.9854
    -6.1960  -5.6066  -5.4423  -5.4269  -1.9914  -1.7228  -1.6175  -1.0713
    -0.9434  -0.8789  -0.7626  -0.4865  -0.4804  -0.2415  -0.2204  -0.1816

          k = 0.2000-0.5053 0.3152 ( 27074 PWs)   bands (ev):

   -24.7508 -24.7508 -10.1670 -10.1670 -10.0984 -10.0984 -10.0021 -10.0021
    -5.8812  -5.8812  -5.4824  -5.4824  -1.8157  -1.8157  -1.3742  -1.3742
    -0.8019  -0.8019  -0.6184  -0.6184  -0.3699  -0.3699  -0.2680  -0.2680

          k = 0.2000 0.0000 0.6304 ( 27117 PWs)   bands (ev):

   -24.7433 -24.7421 -10.3858 -10.3822 -10.0558 -10.0404  -9.9987  -9.9858
    -5.7335  -5.6678  -5.4938  -5.3126  -2.1338  -2.0337  -1.6146  -1.3863
    -0.8459  -0.7733  -0.6357  -0.5044  -0.3752  -0.3691  -0.3140  -0.2469

          k = 0.2000-0.5053 0.6304 ( 27102 PWs)   bands (ev):

   -24.7427 -24.7427 -10.3871 -10.3871 -10.0427 -10.0427  -9.9937  -9.9937
    -5.7983  -5.7983  -5.3008  -5.3008  -2.1265  -2.1265  -1.5050  -1.5050
    -0.7232  -0.7232  -0.4958  -0.4958  -0.4101  -0.4101  -0.3078  -0.3078

          k = 0.2000 0.2021 0.0000 ( 27108 PWs)   bands (ev):

   -24.7575 -24.7542 -10.2372 -10.1746 -10.0669  -9.9971  -9.9130  -9.8842
    -6.4538  -5.8713  -5.4082  -5.2910  -2.1236  -1.5314  -1.3329  -1.0093
    -0.8645  -0.8042  -0.6777  -0.5693  -0.4753  -0.3935  -0.2508  -0.1023

          k = 0.2000-0.3032 0.0000 ( 27104 PWs)   bands (ev):

   -24.7570 -24.7547 -10.2349 -10.1719 -10.0721 -10.0010  -9.9090  -9.8881
    -6.3703  -5.9280  -5.4372  -5.3160  -2.0059  -1.6232  -1.3212  -0.8742
    -0.8702  -0.8196  -0.6564  -0.5574  -0.5360  -0.4041  -0.3076  -0.1370

          k = 0.2000 0.2021 0.3152 ( 27101 PWs)   bands (ev):

   -24.7522 -24.7495 -10.1794 -10.1431 -10.1218 -10.0871 -10.0132  -9.9862
    -6.1381  -5.6226  -5.5154  -5.4153  -1.9201  -1.7506  -1.6277  -1.0029
    -0.9724  -0.8726  -0.7406  -0.5051  -0.4576  -0.2734  -0.2560  -0.1839

          k = 0.2000-0.3032 0.3152 ( 27089 PWs)   bands (ev):

   -24.7518 -24.7499 -10.1802 -10.1377 -10.1289 -10.0834 -10.0137  -9.9889
    -6.0699  -5.6831  -5.5251  -5.4304  -1.8645  -1.7759  -1.5966  -1.0999
    -0.9006  -0.8196  -0.7369  -0.5131  -0.4394  -0.3017  -0.2741  -0.2089

          k = 0.2000 0.2021 0.6304 ( 27101 PWs)   bands (ev):

   -24.7432 -24.7422 -10.3905 -10.3793 -10.0607 -10.0295 -10.0002  -9.9879
    -5.8051  -5.6423  -5.4868  -5.2703  -2.1629  -2.0177  -1.6157  -1.4267
    -0.7657  -0.7153  -0.6234  -0.4820  -0.4599  -0.3728  -0.3419  -0.2161

          k = 0.2000-0.3032 0.6304 ( 27122 PWs)   bands (ev):

   -24.7431 -24.7423 -10.3914 -10.3804 -10.0585 -10.0278 -10.0000  -9.9894
    -5.8254  -5.6964  -5.4222  -5.2575  -2.1703  -2.0373  -1.5968  -1.4455
    -0.7611  -0.6299  -0.6057  -0.5124  -0.4620  -0.3782  -0.3450  -0.2265

          k = 0.2000 0.4042 0.0000 ( 27078 PWs)   bands (ev):

   -24.7565 -24.7552 -10.2246 -10.1869 -10.0574 -10.0145  -9.9040  -9.8931
    -6.2630  -6.0239  -5.4306  -5.3553  -1.8910  -1.7098  -1.2372  -0.8875
    -0.8731  -0.8416  -0.6999  -0.4959  -0.4906  -0.4253  -0.3461  -0.1975

          k = 0.2000-0.1011 0.0000 ( 27110 PWs)   bands (ev):

   -24.7578 -24.7539 -10.2324 -10.1897 -10.0474 -10.0029  -9.9155  -9.8817
    -6.5066  -5.8492  -5.3575  -5.2881  -2.2116  -1.4353  -1.3093  -1.1341
    -0.8467  -0.8039  -0.7828  -0.5884  -0.3905  -0.3437  -0.2069  -0.0998

          k = 0.2000 0.4042 0.3152 ( 27081 PWs)   bands (ev):

   -24.7513 -24.7503 -10.1761 -10.1537 -10.1133 -10.0873 -10.0097  -9.9944
    -5.9818  -5.7772  -5.5084  -5.4546  -1.8323  -1.7986  -1.5061  -1.2312
    -0.8462  -0.7665  -0.7182  -0.5411  -0.4116  -0.3335  -0.2789  -0.2417

          k = 0.2000-0.1011 0.3152 ( 27095 PWs)   bands (ev):

   -24.7524 -24.7493 -10.1748 -10.1549 -10.1089 -10.0938 -10.0113  -9.9855
    -6.1813  -5.6076  -5.4739  -5.4146  -1.9715  -1.7305  -1.6236  -1.0453
    -0.9473  -0.8867  -0.7552  -0.4932  -0.4733  -0.2466  -0.2389  -0.1765

          k = 0.2000 0.4042 0.6304 ( 27128 PWs)   bands (ev):

   -24.7429 -24.7425 -10.3901 -10.3834 -10.0519 -10.0334  -9.9971  -9.9912
    -5.8232  -5.7537  -5.3550  -5.2672  -2.1586  -2.0806  -1.5541  -1.4677
    -0.7515  -0.6705  -0.5512  -0.4688  -0.4524  -0.3846  -0.3483  -0.2580

          k = 0.2000-0.1011 0.6304 ( 27116 PWs)   bands (ev):

   -24.7433 -24.7421 -10.3880 -10.3804 -10.0585 -10.0360  -9.9991  -9.9864
    -5.7663  -5.6374  -5.5064  -5.2966  -2.1449  -2.0247  -1.6161  -1.4014
    -0.8071  -0.7708  -0.6334  -0.4980  -0.3978  -0.3540  -0.3479  -0.2278

          k = 0.4000 0.0000 0.0000 ( 27104 PWs)   bands (ev):

   -24.7566 -24.7551 -10.1866 -10.1726 -10.0698 -10.0583  -9.9054  -9.8919
    -6.2906  -6.0128  -5.3836  -5.3585  -1.9513  -1.6457  -1.0926  -0.9135
    -0.7897  -0.7879  -0.7693  -0.5972  -0.5805  -0.4937  -0.3575  -0.2494

          k = 0.4000-0.5053 0.0000 ( 27120 PWs)   bands (ev):

   -24.7558 -24.7558 -10.2411 -10.2411  -9.9977  -9.9977  -9.8984  -9.8984
    -6.1781  -6.1781  -5.3590  -5.3590  -1.7201  -1.7201  -1.1801  -1.1801
    -0.8949  -0.8949  -0.5886  -0.5886  -0.4188  -0.4188  -0.2464  -0.2464

          k = 0.4000 0.0000 0.3152 ( 27111 PWs)   bands (ev):

   -24.7515 -24.7502 -10.1551 -10.1342 -10.1314 -10.0986 -10.0170 -10.0000
    -6.0009  -5.7564  -5.4883  -5.4611  -1.8485  -1.7291  -1.5181  -1.1628
    -0.8682  -0.7896  -0.7878  -0.6460  -0.4204  -0.3354  -0.2492  -0.2403

          k = 0.4000-0.5053 0.3152 ( 27068 PWs)   bands (ev):

   -24.7508 -24.7508 -10.1838 -10.1838 -10.0979 -10.0979  -9.9857  -9.9857
    -5.8860  -5.8860  -5.4736  -5.4736  -1.7658  -1.7658  -1.5082  -1.5082
    -0.7317  -0.7317  -0.5652  -0.5652  -0.3960  -0.3960  -0.2654  -0.2654

          k = 0.4000 0.0000 0.6304 ( 27117 PWs)   bands (ev):

   -24.7429 -24.7425 -10.3941 -10.3926 -10.0390 -10.0273 -10.0018  -9.9912
    -5.7774  -5.7505  -5.3661  -5.2968  -2.2469  -2.2013  -1.4052  -1.2857
    -0.7327  -0.6826  -0.5857  -0.5398  -0.5190  -0.3352  -0.3333  -0.3169

          k = 0.4000-0.5053 0.6304 ( 27116 PWs)   bands (ev):

   -24.7427 -24.7427 -10.3772 -10.3772 -10.0618 -10.0618  -9.9891  -9.9891
    -5.7011  -5.7011  -5.3937  -5.3937  -2.1102  -2.1102  -1.6482  -1.6482
    -0.7039  -0.7039  -0.4644  -0.4644  -0.3754  -0.3754  -0.2036  -0.2036

          k = 0.4000 0.2021 0.0000 ( 27115 PWs)   bands (ev):

   -24.7565 -24.7552 -10.2231 -10.1853 -10.0593 -10.0163  -9.9041  -9.8931
    -6.2745  -6.0458  -5.3973  -5.3379  -1.8929  -1.6578  -1.1702  -0.8994
    -0.8506  -0.8157  -0.7826  -0.5859  -0.5260  -0.4512  -0.3523  -0.1978

          k = 0.4000-0.3032 0.0000 ( 27118 PWs)   bands (ev):

   -24.7563 -24.7554 -10.2381 -10.2083 -10.0349  -9.9997  -9.9025  -9.8945
    -6.2525  -6.0842  -5.3922  -5.3355  -1.8331  -1.6683  -1.2238  -0.9591
    -0.8794  -0.8503  -0.7637  -0.5337  -0.4810  -0.4253  -0.3371  -0.1874

          k = 0.4000 0.2021 0.3152 ( 27098 PWs)   bands (ev):

   -24.7513 -24.7503 -10.1722 -10.1511 -10.1204 -10.0916 -10.0090  -9.9917
    -5.9803  -5.7809  -5.4959  -5.4540  -1.8258  -1.7326  -1.5570  -1.2575
    -0.8118  -0.7884  -0.7231  -0.5792  -0.4265  -0.3418  -0.2727  -0.2342

          k = 0.4000-0.3032 0.3152 ( 27094 PWs)   bands (ev):

   -24.7512 -24.7505 -10.1810 -10.1652 -10.1121 -10.0905 -10.0003  -9.9862
    -5.9557  -5.8101  -5.4938  -5.4553  -1.8052  -1.7360  -1.5757  -1.3436
    -0.7780  -0.7553  -0.6766  -0.5398  -0.4132  -0.3594  -0.3004  -0.2269

          k = 0.4000 0.2021 0.6304 ( 27104 PWs)   bands (ev):

   -24.7429 -24.7425 -10.3913 -10.3846 -10.0531 -10.0342  -9.9968  -9.9896
    -5.7825  -5.6968  -5.4080  -5.3030  -2.2262  -2.1609  -1.4793  -1.4161
    -0.7220  -0.6735  -0.5718  -0.5435  -0.4396  -0.3634  -0.3050  -0.2223

          k = 0.4000-0.3032 0.6304 ( 27131 PWs)   bands (ev):

   -24.7428 -24.7426 -10.3864 -10.3795 -10.0609 -10.0441  -9.9931  -9.9888
    -5.7659  -5.6713  -5.4300  -5.3228  -2.1948  -2.1241  -1.5692  -1.5092
    -0.7275  -0.6643  -0.5399  -0.5198  -0.3995  -0.3604  -0.2698  -0.1920

          k = 0.4000 0.4042 0.0000 ( 27109 PWs)   bands (ev):

   -24.7561 -24.7556 -10.2444 -10.2285 -10.0125  -9.9931  -9.9006  -9.8964
    -6.2200  -6.1308  -5.3775  -5.3433  -1.7713  -1.6861  -1.2329  -1.0786
    -0.8950  -0.8790  -0.6754  -0.5324  -0.4427  -0.4131  -0.2988  -0.2049

          k = 0.4000-0.1011 0.0000 ( 27108 PWs)   bands (ev):

   -24.7566 -24.7551 -10.2024 -10.1703 -10.0742 -10.0395  -9.9051  -9.8922
    -6.2867  -6.0211  -5.3914  -5.3490  -1.9358  -1.6494  -1.1128  -0.9189
    -0.8157  -0.7890  -0.7476  -0.6151  -0.5649  -0.4800  -0.3577  -0.2287

          k = 0.4000 0.4042 0.3152 ( 27096 PWs)   bands (ev):

   -24.7510 -24.7506 -10.1852 -10.1769 -10.1045 -10.0929  -9.9917  -9.9838
    -5.9234  -5.8468  -5.4854  -5.4625  -1.7854  -1.7471  -1.5609  -1.4314
    -0.7538  -0.7264  -0.6238  -0.5300  -0.4075  -0.3749  -0.2994  -0.2367

          k = 0.4000-0.1011 0.3152 ( 27116 PWs)   bands (ev):

   -24.7514 -24.7502 -10.1615 -10.1378 -10.1289 -10.0956 -10.0150  -9.9975
    -5.9957  -5.7626  -5.4920  -5.4577  -1.8423  -1.7303  -1.5301  -1.1898
    -0.8519  -0.7966  -0.7633  -0.6250  -0.4258  -0.3329  -0.2528  -0.2422

          k = 0.4000 0.4042 0.6304 ( 27118 PWs)   bands (ev):

   -24.7428 -24.7426 -10.3810 -10.3766 -10.0642 -10.0543  -9.9905  -9.9886
    -5.7364  -5.6733  -5.4248  -5.3552  -2.1511  -2.0992  -1.6411  -1.5930
    -0.7202  -0.6825  -0.4974  -0.4753  -0.3790  -0.3685  -0.2335  -0.1868

          k = 0.4000-0.1011 0.6304 ( 27115 PWs)   bands (ev):

   -24.7429 -24.7425 -10.3940 -10.3898 -10.0440 -10.0283 -10.0004  -9.9906
    -5.7840  -5.7306  -5.3796  -5.2965  -2.2425  -2.1901  -1.4227  -1.3257
    -0.7185  -0.6928  -0.5873  -0.5349  -0.4938  -0.3608  -0.3266  -0.2715

     highest occupied level (ev):    -0.0550

     Writing config to output data dir ./_ph0/pwscf.q_3/pwscf.save/ :
     XML data file

                                                                                

     bravais-lattice index     =            8
     lattice parameter (alat)  =      13.6741  a.u.
     unit-cell volume          =    1605.3416 (a.u.)^3
     number of atoms/cell      =           22
     number of atomic types    =            3
     kinetic-energy cut-off    =     100.0000  Ry
     charge density cut-off    =     800.0000  Ry
     convergence threshold     =      1.0E-14
     beta                      =       0.7000
     number of iterations used =            4
     Exchange-correlation= PBESOL
                           (   1   4  10   8   0   0   0)


     celldm(1)=   13.67410  celldm(2)=    0.98958  celldm(3)=    0.63448
     celldm(4)=    0.00000  celldm(5)=    0.00000  celldm(6)=    0.00000

     crystal axes: (cart. coord. in units of alat)
               a(1) = (  1.0000  0.0000  0.0000 )  
               a(2) = (  0.0000  0.9896  0.0000 )  
               a(3) = (  0.0000  0.0000  0.6345 )  

     reciprocal axes: (cart. coord. in units 2 pi/alat)
               b(1) = (  1.0000  0.0000  0.0000 )  
               b(2) = (  0.0000  1.0105  0.0000 )  
               b(3) = (  0.0000  0.0000  1.5761 )  


     Atoms inside the unit cell: 

     Cartesian axes

     site n.  atom      mass           positions (alat units)
        1  Ba    137.3270   tau(    1) = (    0.50000    0.49479    0.31725  )
        2  Ba    137.3270   tau(    2) = (    0.00000    0.00000    0.63447  )
        3  B      10.8110   tau(    3) = (    0.64136    0.26486    0.00001  )
        4  B      10.8110   tau(    4) = (    0.35864    0.72472    0.00001  )
        5  B      10.8110   tau(    5) = (    0.14136    0.22993    0.31723  )
        6  B      10.8110   tau(    6) = (    0.85864    0.75965    0.31723  )
        7  H       1.0079   tau(    7) = (    0.47146    0.27914    0.00001  )
        8  H       1.0079   tau(    8) = (    0.52854    0.71045    0.00001  )
        9  H       1.0079   tau(    9) = (    0.97146    0.21566    0.31723  )
       10  H       1.0079   tau(   10) = (    0.02854    0.77393    0.31723  )
       11  H       1.0079   tau(   11) = (    0.71284    0.42013    0.00001  )
       12  H       1.0079   tau(   12) = (    0.28716    0.56945    0.00001  )
       13  H       1.0079   tau(   13) = (    0.21284    0.07466    0.31723  )
       14  H       1.0079   tau(   14) = (    0.78716    0.91492    0.31723  )
       15  H       1.0079   tau(   15) = (    0.68722    0.18184    0.49342  )
       16  H       1.0079   tau(   16) = (    0.31278    0.80775    0.49342  )
       17  H       1.0079   tau(   17) = (    0.18722    0.31295    0.45830  )
       18  H       1.0079   tau(   18) = (    0.81278    0.67663    0.45830  )
       19  H       1.0079   tau(   19) = (    0.31278    0.80775    0.14108  )
       20  H       1.0079   tau(   20) = (    0.68722    0.18184    0.14108  )
       21  H       1.0079   tau(   21) = (    0.81278    0.67663    0.17616  )
       22  H       1.0079   tau(   22) = (    0.18722    0.31296    0.17616  )

     Computing dynamical matrix for 
                    q = (   0.0000000  -0.5052636   0.0000000 )

      5 Sym.Ops. (with q -> -q+G )


     G cutoff = 3789.0269  (  25557 G-vectors)     FFT grid: (128,128, 80)
     G cutoff = 1894.5135  (   9039 G-vectors)  smooth grid: ( 90, 90, 60)
     number of k points=    54

     PseudoPot. # 1 for B  read from file:
     /home/mehlhorn/pseudos/b_pbesol_v1.4.uspp.F.UPF
     MD5 check sum: 369b69bef2c3aeed4453bd8b804fd6a8
     Pseudo is Ultrasoft + core correction, Zval =  3.0
     Generated by new atomic code, or converted to UPF format
     Using radial grid of  781 points,  4 beta functions with: 
                l(1) =   0
                l(2) =   0
                l(3) =   1
                l(4) =   1
     Q(r) pseudized with  8 coefficients,  rinner =    1.100   1.100   1.100


     PseudoPot. # 2 for Ba read from file:
     /home/mehlhorn/pseudos/Ba.nc.z_10.oncvpsp4.dojo.v4-sp.upf
     MD5 check sum: c10ed334bb677c0554edec7181ce9143
     Pseudo is Norm-conserving + core correction, Zval = 10.0
     Generated using ONCVPSP code by D. R. Hamann
     Using radial grid of 1938 points,  8 beta functions with: 
                l(1) =   0
                l(2) =   0
                l(3) =   1
                l(4) =   1
                l(5) =   2
                l(6) =   2
                l(7) =   3
                l(8) =   3

     PseudoPot. # 3 for H  read from file:
     /home/mehlhorn/pseudos/H_ONCV_PBEsol-1.0.upf
     MD5 check sum: 398ef8f67c0a7342c05c87c5e19ea467
     Pseudo is Norm-conserving, Zval =  1.0
     Generated using ONCVPSP code by D. R. Hamann
     Using radial grid of 1180 points,  2 beta functions with: 
                l(1) =   0
                l(2) =   0


     Atomic displacements:
     There are   33 irreducible representations

     Representation     1      2 modes -  To be done

     Representation     2      2 modes -  To be done

     Representation     3      2 modes -  To be done

     Representation     4      2 modes -  To be done

     Representation     5      2 modes -  To be done

     Representation     6      2 modes -  To be done

     Representation     7      2 modes -  To be done

     Representation     8      2 modes -  To be done

     Representation     9      2 modes -  To be done

     Representation    10      2 modes -  To be done

     Representation    11      2 modes -  To be done

     Representation    12      2 modes -  To be done

     Representation    13      2 modes -  To be done

     Representation    14      2 modes -  To be done

     Representation    15      2 modes -  To be done

     Representation    16      2 modes -  To be done

     Representation    17      2 modes -  To be done

     Representation    18      2 modes -  To be done

     Representation    19      2 modes -  To be done

     Representation    20      2 modes -  To be done

     Representation    21      2 modes -  To be done

     Representation    22      2 modes -  To be done

     Representation    23      2 modes -  To be done

     Representation    24      2 modes -  To be done

     Representation    25      2 modes -  To be done

     Representation    26      2 modes -  To be done

     Representation    27      2 modes -  To be done

     Representation    28      2 modes -  To be done

     Representation    29      2 modes -  To be done

     Representation    30      2 modes -  To be done

     Representation    31      2 modes -  To be done

     Representation    32      2 modes -  To be done

     Representation    33      2 modes -  To be done



     Alpha used in Ewald sum =   2.8000
     PHONON       :     22h31m CPU     22h45m WALL



     Representation #   1 modes #   1   2

     Self-consistent Calculation

      iter #   1 total cpu time : 82024.3 secs   av.it.:   4.0
      thresh= 1.000E-02 alpha_mix =  0.700 |ddv_scf|^2 =  2.105E-09

      iter #   2 total cpu time : 82243.9 secs   av.it.:  16.9
      thresh= 4.588E-06 alpha_mix =  0.700 |ddv_scf|^2 =  1.237E-09

      iter #   3 total cpu time : 82445.6 secs   av.it.:  15.0
      thresh= 3.516E-06 alpha_mix =  0.700 |ddv_scf|^2 =  6.685E-11

      iter #   4 total cpu time : 82652.5 secs   av.it.:  15.9
      thresh= 8.176E-07 alpha_mix =  0.700 |ddv_scf|^2 =  8.192E-13

      iter #   5 total cpu time : 82871.1 secs   av.it.:  17.0
      thresh= 9.051E-08 alpha_mix =  0.700 |ddv_scf|^2 =  1.502E-13

      iter #   6 total cpu time : 83087.1 secs   av.it.:  16.8
      thresh= 3.875E-08 alpha_mix =  0.700 |ddv_scf|^2 =  1.736E-15

     End of self-consistent calculation

     Convergence has been achieved 


     Representation #   2 modes #   3   4

     Self-consistent Calculation

      iter #   1 total cpu time : 83176.1 secs   av.it.:   3.0
      thresh= 1.000E-02 alpha_mix =  0.700 |ddv_scf|^2 =  2.486E-10

      iter #   2 total cpu time : 83395.7 secs   av.it.:  17.0
      thresh= 1.577E-06 alpha_mix =  0.700 |ddv_scf|^2 =  1.098E-10

      iter #   3 total cpu time : 83608.6 secs   av.it.:  16.0
      thresh= 1.048E-06 alpha_mix =  0.700 |ddv_scf|^2 =  9.370E-12

      iter #   4 total cpu time : 83813.9 secs   av.it.:  15.7
      thresh= 3.061E-07 alpha_mix =  0.700 |ddv_scf|^2 =  2.458E-13

      iter #   5 total cpu time : 84032.8 secs   av.it.:  17.0
      thresh= 4.958E-08 alpha_mix =  0.700 |ddv_scf|^2 =  1.831E-14

      iter #   6 total cpu time : 84249.6 secs   av.it.:  16.9
      thresh= 1.353E-08 alpha_mix =  0.700 |ddv_scf|^2 =  9.546E-16

     End of self-consistent calculation

     Convergence has been achieved 


     Representation #   3 modes #   5   6

     Self-consistent Calculation

      iter #   1 total cpu time : 84341.1 secs   av.it.:   3.1
      thresh= 1.000E-02 alpha_mix =  0.700 |ddv_scf|^2 =  5.666E-10

      iter #   2 total cpu time : 84554.2 secs   av.it.:  17.0
      thresh= 2.380E-06 alpha_mix =  0.700 |ddv_scf|^2 =  5.218E-10

      iter #   3 total cpu time : 84753.2 secs   av.it.:  15.7
      thresh= 2.284E-06 alpha_mix =  0.700 |ddv_scf|^2 =  9.721E-12

      iter #   4 total cpu time : 84962.2 secs   av.it.:  16.5
      thresh= 3.118E-07 alpha_mix =  0.700 |ddv_scf|^2 =  1.041E-12

      iter #   5 total cpu time : 85165.8 secs   av.it.:  16.0
      thresh= 1.020E-07 alpha_mix =  0.700 |ddv_scf|^2 =  2.759E-14

      iter #   6 total cpu time : 85377.8 secs   av.it.:  17.0
      thresh= 1.661E-08 alpha_mix =  0.700 |ddv_scf|^2 =  1.821E-15

     End of self-consistent calculation

     Convergence has been achieved 


     Representation #   4 modes #   7   8

     Self-consistent Calculation

      iter #   1 total cpu time : 85469.6 secs   av.it.:   3.0
      thresh= 1.000E-02 alpha_mix =  0.700 |ddv_scf|^2 =  1.382E-09

      iter #   2 total cpu time : 85675.5 secs   av.it.:  16.0
      thresh= 3.718E-06 alpha_mix =  0.700 |ddv_scf|^2 =  1.336E-09

      iter #   3 total cpu time : 85865.8 secs   av.it.:  15.0
      thresh= 3.656E-06 alpha_mix =  0.700 |ddv_scf|^2 =  9.035E-12

      iter #   4 total cpu time : 86069.9 secs   av.it.:  16.0
      thresh= 3.006E-07 alpha_mix =  0.700 |ddv_scf|^2 =  5.422E-13

      iter #   5 total cpu time : 86279.7 secs   av.it.:  16.8
      thresh= 7.364E-08 alpha_mix =  0.700 |ddv_scf|^2 =  3.071E-14

      iter #   6 total cpu time : 86489.0 secs   av.it.:  16.9
      thresh= 1.752E-08 alpha_mix =  0.700 |ddv_scf|^2 =  4.582E-15

     End of self-consistent calculation

     Convergence has been achieved 


     Representation #   5 modes #   9  10

     Self-consistent Calculation

      iter #   1 total cpu time : 86579.8 secs   av.it.:   3.0
      thresh= 1.000E-02 alpha_mix =  0.700 |ddv_scf|^2 =  2.189E-10

      iter #   2 total cpu time : 86797.8 secs   av.it.:  17.0
      thresh= 1.479E-06 alpha_mix =  0.700 |ddv_scf|^2 =  4.458E-11

      iter #   3 total cpu time : 87013.6 secs   av.it.:  17.0
      thresh= 6.677E-07 alpha_mix =  0.700 |ddv_scf|^2 =  1.000E-12

      iter #   4 total cpu time : 87227.2 secs   av.it.:  17.0
      thresh= 1.000E-07 alpha_mix =  0.700 |ddv_scf|^2 =  1.278E-13

      iter #   5 total cpu time : 87435.8 secs   av.it.:  16.6
      thresh= 3.574E-08 alpha_mix =  0.700 |ddv_scf|^2 =  1.908E-14

      iter #   6 total cpu time : 87634.2 secs   av.it.:  15.6
      thresh= 1.381E-08 alpha_mix =  0.700 |ddv_scf|^2 =  1.313E-15

     End of self-consistent calculation

     Convergence has been achieved 


     Representation #   6 modes #  11  12

     Self-consistent Calculation

      iter #   1 total cpu time : 87728.4 secs   av.it.:   4.0
      thresh= 1.000E-02 alpha_mix =  0.700 |ddv_scf|^2 =  3.951E-09

      iter #   2 total cpu time : 87933.7 secs   av.it.:  16.0
      thresh= 6.285E-06 alpha_mix =  0.700 |ddv_scf|^2 =  4.643E-09

      iter #   3 total cpu time : 88126.2 secs   av.it.:  15.0
      thresh= 6.814E-06 alpha_mix =  0.700 |ddv_scf|^2 =  1.657E-11

      iter #   4 total cpu time : 88332.6 secs   av.it.:  16.0
      thresh= 4.071E-07 alpha_mix =  0.700 |ddv_scf|^2 =  1.009E-12

      iter #   5 total cpu time : 88542.3 secs   av.it.:  16.2
      thresh= 1.004E-07 alpha_mix =  0.700 |ddv_scf|^2 =  9.703E-14

      iter #   6 total cpu time : 88750.8 secs   av.it.:  16.0
      thresh= 3.115E-08 alpha_mix =  0.700 |ddv_scf|^2 =  8.724E-15

     End of self-consistent calculation

     Convergence has been achieved 


     Representation #   7 modes #  13  14

     Self-consistent Calculation

      iter #   1 total cpu time : 88845.3 secs   av.it.:   3.1
      thresh= 1.000E-02 alpha_mix =  0.700 |ddv_scf|^2 =  2.448E-09

      iter #   2 total cpu time : 89058.9 secs   av.it.:  16.0
      thresh= 4.948E-06 alpha_mix =  0.700 |ddv_scf|^2 =  2.470E-09

      iter #   3 total cpu time : 89260.3 secs   av.it.:  15.0
      thresh= 4.970E-06 alpha_mix =  0.700 |ddv_scf|^2 =  1.219E-11

      iter #   4 total cpu time : 89470.7 secs   av.it.:  16.0
      thresh= 3.491E-07 alpha_mix =  0.700 |ddv_scf|^2 =  1.112E-12

      iter #   5 total cpu time : 89673.5 secs   av.it.:  16.0
      thresh= 1.054E-07 alpha_mix =  0.700 |ddv_scf|^2 =  6.368E-14

      iter #   6 total cpu time : 89880.8 secs   av.it.:  16.1
      thresh= 2.524E-08 alpha_mix =  0.700 |ddv_scf|^2 =  6.065E-15

     End of self-consistent calculation

     Convergence has been achieved 


     Representation #   8 modes #  15  16

     Self-consistent Calculation

      iter #   1 total cpu time : 90010.1 secs   av.it.:   6.7
      thresh= 1.000E-02 alpha_mix =  0.700 |ddv_scf|^2 =  4.072E-08

      iter #   2 total cpu time : 90225.1 secs   av.it.:  16.2
      thresh= 2.018E-05 alpha_mix =  0.700 |ddv_scf|^2 =  4.179E-08

      iter #   3 total cpu time : 90427.2 secs   av.it.:  15.0
      thresh= 2.044E-05 alpha_mix =  0.700 |ddv_scf|^2 =  3.481E-10

      iter #   4 total cpu time : 90643.6 secs   av.it.:  16.0
      thresh= 1.866E-06 alpha_mix =  0.700 |ddv_scf|^2 =  1.084E-11

      iter #   5 total cpu time : 90863.5 secs   av.it.:  16.5
      thresh= 3.292E-07 alpha_mix =  0.700 |ddv_scf|^2 =  9.034E-13

      iter #   6 total cpu time : 91085.8 secs   av.it.:  16.9
      thresh= 9.505E-08 alpha_mix =  0.700 |ddv_scf|^2 =  2.877E-14

      iter #   7 total cpu time : 91305.8 secs   av.it.:  16.6
      thresh= 1.696E-08 alpha_mix =  0.700 |ddv_scf|^2 =  2.142E-15

     End of self-consistent calculation

     Convergence has been achieved 


     Representation #   9 modes #  17  18

     Self-consistent Calculation

      iter #   1 total cpu time : 91398.2 secs   av.it.:   3.4
      thresh= 1.000E-02 alpha_mix =  0.700 |ddv_scf|^2 =  4.543E-10

      iter #   2 total cpu time : 91619.4 secs   av.it.:  17.0
      thresh= 2.132E-06 alpha_mix =  0.700 |ddv_scf|^2 =  1.803E-10

      iter #   3 total cpu time : 91834.8 secs   av.it.:  16.3
      thresh= 1.343E-06 alpha_mix =  0.700 |ddv_scf|^2 =  1.030E-11

      iter #   4 total cpu time : 92034.9 secs   av.it.:  15.6
      thresh= 3.209E-07 alpha_mix =  0.700 |ddv_scf|^2 =  7.595E-13

      iter #   5 total cpu time : 92238.1 secs   av.it.:  16.0
      thresh= 8.715E-08 alpha_mix =  0.700 |ddv_scf|^2 =  3.101E-14

      iter #   6 total cpu time : 92447.8 secs   av.it.:  16.3
      thresh= 1.761E-08 alpha_mix =  0.700 |ddv_scf|^2 =  1.693E-15

     End of self-consistent calculation

     Convergence has been achieved 


     Representation #  10 modes #  19  20

     Self-consistent Calculation

      iter #   1 total cpu time : 92553.1 secs   av.it.:   4.5
      thresh= 1.000E-02 alpha_mix =  0.700 |ddv_scf|^2 =  6.164E-09

      iter #   2 total cpu time : 92764.4 secs   av.it.:  16.3
      thresh= 7.851E-06 alpha_mix =  0.700 |ddv_scf|^2 =  7.614E-09

      iter #   3 total cpu time : 92957.9 secs   av.it.:  15.0
      thresh= 8.726E-06 alpha_mix =  0.700 |ddv_scf|^2 =  3.723E-11

      iter #   4 total cpu time : 93169.4 secs   av.it.:  16.2
      thresh= 6.102E-07 alpha_mix =  0.700 |ddv_scf|^2 =  3.071E-12

      iter #   5 total cpu time : 93383.8 secs   av.it.:  16.5
      thresh= 1.753E-07 alpha_mix =  0.700 |ddv_scf|^2 =  3.083E-13

      iter #   6 total cpu time : 93603.5 secs   av.it.:  16.4
      thresh= 5.552E-08 alpha_mix =  0.700 |ddv_scf|^2 =  7.620E-15

     End of self-consistent calculation

     Convergence has been achieved 


     Representation #  11 modes #  21  22

     Self-consistent Calculation

      iter #   1 total cpu time : 93696.7 secs   av.it.:   3.0
      thresh= 1.000E-02 alpha_mix =  0.700 |ddv_scf|^2 =  1.757E-09

      iter #   2 total cpu time : 93914.1 secs   av.it.:  16.0
      thresh= 4.192E-06 alpha_mix =  0.700 |ddv_scf|^2 =  2.027E-09

      iter #   3 total cpu time : 94116.8 secs   av.it.:  15.0
      thresh= 4.503E-06 alpha_mix =  0.700 |ddv_scf|^2 =  7.030E-12

      iter #   4 total cpu time : 94328.9 secs   av.it.:  16.5
      thresh= 2.651E-07 alpha_mix =  0.700 |ddv_scf|^2 =  9.646E-13

      iter #   5 total cpu time : 94541.2 secs   av.it.:  16.0
      thresh= 9.821E-08 alpha_mix =  0.700 |ddv_scf|^2 =  5.189E-14

      iter #   6 total cpu time : 94755.5 secs   av.it.:  16.0
      thresh= 2.278E-08 alpha_mix =  0.700 |ddv_scf|^2 =  4.890E-15

     End of self-consistent calculation

     Convergence has been achieved 


     Representation #  12 modes #  23  24

     Self-consistent Calculation

      iter #   1 total cpu time : 94847.2 secs   av.it.:   3.0
      thresh= 1.000E-02 alpha_mix =  0.700 |ddv_scf|^2 =  2.628E-09

      iter #   2 total cpu time : 95049.7 secs   av.it.:  16.0
      thresh= 5.127E-06 alpha_mix =  0.700 |ddv_scf|^2 =  3.048E-09

      iter #   3 total cpu time : 95247.1 secs   av.it.:  15.0
      thresh= 5.521E-06 alpha_mix =  0.700 |ddv_scf|^2 =  4.915E-12

      iter #   4 total cpu time : 95467.8 secs   av.it.:  16.9
      thresh= 2.217E-07 alpha_mix =  0.700 |ddv_scf|^2 =  9.177E-13

      iter #   5 total cpu time : 95674.5 secs   av.it.:  16.0
      thresh= 9.580E-08 alpha_mix =  0.700 |ddv_scf|^2 =  3.061E-14

      iter #   6 total cpu time : 95885.6 secs   av.it.:  17.0
      thresh= 1.750E-08 alpha_mix =  0.700 |ddv_scf|^2 =  1.460E-15

     End of self-consistent calculation

     Convergence has been achieved 


     Representation #  13 modes #  25  26

     Self-consistent Calculation

      iter #   1 total cpu time : 95977.4 secs   av.it.:   3.0
      thresh= 1.000E-02 alpha_mix =  0.700 |ddv_scf|^2 =  2.249E-09

      iter #   2 total cpu time : 96190.0 secs   av.it.:  16.0
      thresh= 4.743E-06 alpha_mix =  0.700 |ddv_scf|^2 =  2.599E-09

      iter #   3 total cpu time : 96389.7 secs   av.it.:  15.0
      thresh= 5.098E-06 alpha_mix =  0.700 |ddv_scf|^2 =  1.261E-11

      iter #   4 total cpu time : 96601.8 secs   av.it.:  16.0
      thresh= 3.551E-07 alpha_mix =  0.700 |ddv_scf|^2 =  5.585E-13

      iter #   5 total cpu time : 96820.6 secs   av.it.:  16.8
      thresh= 7.473E-08 alpha_mix =  0.700 |ddv_scf|^2 =  4.665E-14

      iter #   6 total cpu time : 97037.0 secs   av.it.:  16.0
      thresh= 2.160E-08 alpha_mix =  0.700 |ddv_scf|^2 =  2.895E-15

     End of self-consistent calculation

     Convergence has been achieved 


     Representation #  14 modes #  27  28

     Self-consistent Calculation

      iter #   1 total cpu time : 97131.1 secs   av.it.:   3.0
      thresh= 1.000E-02 alpha_mix =  0.700 |ddv_scf|^2 =  7.330E-10

      iter #   2 total cpu time : 97344.1 secs   av.it.:  17.0
      thresh= 2.707E-06 alpha_mix =  0.700 |ddv_scf|^2 =  6.375E-10

      iter #   3 total cpu time : 97543.5 secs   av.it.:  15.8
      thresh= 2.525E-06 alpha_mix =  0.700 |ddv_scf|^2 =  1.209E-11

      iter #   4 total cpu time : 97758.7 secs   av.it.:  16.0
      thresh= 3.477E-07 alpha_mix =  0.700 |ddv_scf|^2 =  4.845E-13

      iter #   5 total cpu time : 97979.9 secs   av.it.:  16.9
      thresh= 6.961E-08 alpha_mix =  0.700 |ddv_scf|^2 =  3.862E-14

      iter #   6 total cpu time : 98188.6 secs   av.it.:  16.2
      thresh= 1.965E-08 alpha_mix =  0.700 |ddv_scf|^2 =  3.446E-15

     End of self-consistent calculation

     Convergence has been achieved 


     Representation #  15 modes #  29  30

     Self-consistent Calculation

      iter #   1 total cpu time : 98282.6 secs   av.it.:   3.5
      thresh= 1.000E-02 alpha_mix =  0.700 |ddv_scf|^2 =  6.802E-10

      iter #   2 total cpu time : 98510.2 secs   av.it.:  17.0
      thresh= 2.608E-06 alpha_mix =  0.700 |ddv_scf|^2 =  3.957E-10

      iter #   3 total cpu time : 98727.5 secs   av.it.:  16.1
      thresh= 1.989E-06 alpha_mix =  0.700 |ddv_scf|^2 =  1.652E-11

      iter #   4 total cpu time : 98934.1 secs   av.it.:  15.0
      thresh= 4.064E-07 alpha_mix =  0.700 |ddv_scf|^2 =  1.078E-12

      iter #   5 total cpu time : 99144.7 secs   av.it.:  15.9
      thresh= 1.038E-07 alpha_mix =  0.700 |ddv_scf|^2 =  4.212E-14

      iter #   6 total cpu time : 99356.8 secs   av.it.:  16.1
      thresh= 2.052E-08 alpha_mix =  0.700 |ddv_scf|^2 =  5.765E-15

     End of self-consistent calculation

     Convergence has been achieved 


     Representation #  16 modes #  31  32

     Self-consistent Calculation

      iter #   1 total cpu time : 99446.2 secs   av.it.:   3.0
      thresh= 1.000E-02 alpha_mix =  0.700 |ddv_scf|^2 =  1.255E-09

      iter #   2 total cpu time : 99650.5 secs   av.it.:  16.0
      thresh= 3.543E-06 alpha_mix =  0.700 |ddv_scf|^2 =  1.227E-09

      iter #   3 total cpu time : 99842.8 secs   av.it.:  15.0
      thresh= 3.503E-06 alpha_mix =  0.700 |ddv_scf|^2 =  6.790E-12

      iter #   4 total cpu time :100049.3 secs   av.it.:  16.0
      thresh= 2.606E-07 alpha_mix =  0.700 |ddv_scf|^2 =  8.123E-13

      iter #   5 total cpu time :100257.4 secs   av.it.:  16.0
      thresh= 9.013E-08 alpha_mix =  0.700 |ddv_scf|^2 =  3.313E-14

      iter #   6 total cpu time :100467.3 secs   av.it.:  16.0
      thresh= 1.820E-08 alpha_mix =  0.700 |ddv_scf|^2 =  2.843E-15

     End of self-consistent calculation

     Convergence has been achieved 


     Representation #  17 modes #  33  34

     Self-consistent Calculation

      iter #   1 total cpu time :100577.3 secs   av.it.:   5.0
      thresh= 1.000E-02 alpha_mix =  0.700 |ddv_scf|^2 =  8.043E-09

      iter #   2 total cpu time :100794.8 secs   av.it.:  16.9
      thresh= 8.968E-06 alpha_mix =  0.700 |ddv_scf|^2 =  6.368E-09

      iter #   3 total cpu time :100996.3 secs   av.it.:  15.9
      thresh= 7.980E-06 alpha_mix =  0.700 |ddv_scf|^2 =  9.844E-11

      iter #   4 total cpu time :101197.8 secs   av.it.:  15.9
      thresh= 9.922E-07 alpha_mix =  0.700 |ddv_scf|^2 =  4.800E-12

      iter #   5 total cpu time :101403.3 secs   av.it.:  16.0
      thresh= 2.191E-07 alpha_mix =  0.700 |ddv_scf|^2 =  2.560E-13

      iter #   6 total cpu time :101612.6 secs   av.it.:  17.0
      thresh= 5.060E-08 alpha_mix =  0.700 |ddv_scf|^2 =  8.994E-15

     End of self-consistent calculation

     Convergence has been achieved 


     Representation #  18 modes #  35  36

     Self-consistent Calculation

      iter #   1 total cpu time :101702.6 secs   av.it.:   3.0
      thresh= 1.000E-02 alpha_mix =  0.700 |ddv_scf|^2 =  3.923E-09

      iter #   2 total cpu time :101905.0 secs   av.it.:  16.0
      thresh= 6.264E-06 alpha_mix =  0.700 |ddv_scf|^2 =  5.780E-09

      iter #   3 total cpu time :102092.3 secs   av.it.:  15.0
      thresh= 7.603E-06 alpha_mix =  0.700 |ddv_scf|^2 =  6.787E-12

      iter #   4 total cpu time :102307.1 secs   av.it.:  17.0
      thresh= 2.605E-07 alpha_mix =  0.700 |ddv_scf|^2 =  1.004E-12

      iter #   5 total cpu time :102509.8 secs   av.it.:  16.0
      thresh= 1.002E-07 alpha_mix =  0.700 |ddv_scf|^2 =  2.684E-14

      iter #   6 total cpu time :102717.6 secs   av.it.:  16.8
      thresh= 1.638E-08 alpha_mix =  0.700 |ddv_scf|^2 =  1.575E-15

     End of self-consistent calculation

     Convergence has been achieved 


     Representation #  19 modes #  37  38

     Self-consistent Calculation

      iter #   1 total cpu time :102845.2 secs   av.it.:   6.8
      thresh= 1.000E-02 alpha_mix =  0.700 |ddv_scf|^2 =  1.501E-07

      iter #   2 total cpu time :103054.5 secs   av.it.:  16.0
      thresh= 3.874E-05 alpha_mix =  0.700 |ddv_scf|^2 =  1.901E-07

      iter #   3 total cpu time :103244.7 secs   av.it.:  15.0
      thresh= 4.360E-05 alpha_mix =  0.700 |ddv_scf|^2 =  3.227E-10

      iter #   4 total cpu time :103452.2 secs   av.it.:  16.7
      thresh= 1.797E-06 alpha_mix =  0.700 |ddv_scf|^2 =  1.702E-11

      iter #   5 total cpu time :103663.0 secs   av.it.:  16.1
      thresh= 4.126E-07 alpha_mix =  0.700 |ddv_scf|^2 =  6.877E-13

      iter #   6 total cpu time :103873.7 secs   av.it.:  17.0
      thresh= 8.292E-08 alpha_mix =  0.700 |ddv_scf|^2 =  9.806E-14

      iter #   7 total cpu time :104081.5 secs   av.it.:  16.0
      thresh= 3.132E-08 alpha_mix =  0.700 |ddv_scf|^2 =  5.440E-15

     End of self-consistent calculation

     Convergence has been achieved 


     Representation #  20 modes #  39  40

     Self-consistent Calculation

      iter #   1 total cpu time :104173.9 secs   av.it.:   3.2
      thresh= 1.000E-02 alpha_mix =  0.700 |ddv_scf|^2 =  7.183E-10

      iter #   2 total cpu time :104388.7 secs   av.it.:  17.0
      thresh= 2.680E-06 alpha_mix =  0.700 |ddv_scf|^2 =  3.871E-10

      iter #   3 total cpu time :104594.3 secs   av.it.:  16.0
      thresh= 1.967E-06 alpha_mix =  0.700 |ddv_scf|^2 =  1.442E-11

      iter #   4 total cpu time :104789.9 secs   av.it.:  15.0
      thresh= 3.797E-07 alpha_mix =  0.700 |ddv_scf|^2 =  5.230E-13

      iter #   5 total cpu time :105003.6 secs   av.it.:  16.5
      thresh= 7.232E-08 alpha_mix =  0.700 |ddv_scf|^2 =  4.325E-14

      iter #   6 total cpu time :105210.5 secs   av.it.:  16.7
      thresh= 2.080E-08 alpha_mix =  0.700 |ddv_scf|^2 =  5.497E-15

     End of self-consistent calculation

     Convergence has been achieved 


     Representation #  21 modes #  41  42

     Self-consistent Calculation

      iter #   1 total cpu time :105318.1 secs   av.it.:   5.0
      thresh= 1.000E-02 alpha_mix =  0.700 |ddv_scf|^2 =  2.145E-08

      iter #   2 total cpu time :105526.8 secs   av.it.:  16.0
      thresh= 1.465E-05 alpha_mix =  0.700 |ddv_scf|^2 =  2.763E-08

      iter #   3 total cpu time :105716.2 secs   av.it.:  14.9
      thresh= 1.662E-05 alpha_mix =  0.700 |ddv_scf|^2 =  3.157E-11

      iter #   4 total cpu time :105928.4 secs   av.it.:  17.0
      thresh= 5.619E-07 alpha_mix =  0.700 |ddv_scf|^2 =  5.072E-12

      iter #   5 total cpu time :106133.2 secs   av.it.:  16.0
      thresh= 2.252E-07 alpha_mix =  0.700 |ddv_scf|^2 =  1.968E-13

      iter #   6 total cpu time :106347.2 secs   av.it.:  17.0
      thresh= 4.437E-08 alpha_mix =  0.700 |ddv_scf|^2 =  2.907E-14

      iter #   7 total cpu time :106555.5 secs   av.it.:  16.3
      thresh= 1.705E-08 alpha_mix =  0.700 |ddv_scf|^2 =  8.794E-16

     End of self-consistent calculation

     Convergence has been achieved 


     Representation #  22 modes #  43  44

     Self-consistent Calculation

      iter #   1 total cpu time :106646.6 secs   av.it.:   3.2
      thresh= 1.000E-02 alpha_mix =  0.700 |ddv_scf|^2 =  1.839E-09

      iter #   2 total cpu time :106854.6 secs   av.it.:  16.3
      thresh= 4.288E-06 alpha_mix =  0.700 |ddv_scf|^2 =  1.304E-09

      iter #   3 total cpu time :107053.3 secs   av.it.:  15.2
      thresh= 3.612E-06 alpha_mix =  0.700 |ddv_scf|^2 =  8.615E-12

      iter #   4 total cpu time :107258.8 secs   av.it.:  16.0
      thresh= 2.935E-07 alpha_mix =  0.700 |ddv_scf|^2 =  1.182E-12

      iter #   5 total cpu time :107466.7 secs   av.it.:  16.0
      thresh= 1.087E-07 alpha_mix =  0.700 |ddv_scf|^2 =  2.664E-14

      iter #   6 total cpu time :107677.8 secs   av.it.:  16.6
      thresh= 1.632E-08 alpha_mix =  0.700 |ddv_scf|^2 =  3.065E-15

     End of self-consistent calculation

     Convergence has been achieved 


     Representation #  23 modes #  45  46

     Self-consistent Calculation

      iter #   1 total cpu time :107768.9 secs   av.it.:   3.0
      thresh= 1.000E-02 alpha_mix =  0.700 |ddv_scf|^2 =  4.660E-09

      iter #   2 total cpu time :107999.5 secs   av.it.:  16.0
      thresh= 6.826E-06 alpha_mix =  0.700 |ddv_scf|^2 =  5.346E-09

      iter #   3 total cpu time :108195.7 secs   av.it.:  15.0
      thresh= 7.312E-06 alpha_mix =  0.700 |ddv_scf|^2 =  8.700E-12

      iter #   4 total cpu time :108408.7 secs   av.it.:  16.7
      thresh= 2.950E-07 alpha_mix =  0.700 |ddv_scf|^2 =  9.901E-13

      iter #   5 total cpu time :108616.2 secs   av.it.:  16.0
      thresh= 9.950E-08 alpha_mix =  0.700 |ddv_scf|^2 =  4.766E-14

      iter #   6 total cpu time :108822.4 secs   av.it.:  16.0
      thresh= 2.183E-08 alpha_mix =  0.700 |ddv_scf|^2 =  3.944E-15

     End of self-consistent calculation

     Convergence has been achieved 


     Representation #  24 modes #  47  48

     Self-consistent Calculation

      iter #   1 total cpu time :108915.8 secs   av.it.:   3.0
      thresh= 1.000E-02 alpha_mix =  0.700 |ddv_scf|^2 =  6.496E-10

      iter #   2 total cpu time :109138.3 secs   av.it.:  16.9
      thresh= 2.549E-06 alpha_mix =  0.700 |ddv_scf|^2 =  4.543E-10

      iter #   3 total cpu time :109347.1 secs   av.it.:  15.6
      thresh= 2.131E-06 alpha_mix =  0.700 |ddv_scf|^2 =  4.237E-12

      iter #   4 total cpu time :109558.0 secs   av.it.:  16.0
      thresh= 2.059E-07 alpha_mix =  0.700 |ddv_scf|^2 =  1.095E-12

      iter #   5 total cpu time :109762.5 secs   av.it.:  16.0
      thresh= 1.046E-07 alpha_mix =  0.700 |ddv_scf|^2 =  1.882E-14

      iter #   6 total cpu time :109971.3 secs   av.it.:  16.5
      thresh= 1.372E-08 alpha_mix =  0.700 |ddv_scf|^2 =  1.880E-15

     End of self-consistent calculation

     Convergence has been achieved 


     Representation #  25 modes #  49  50

     Self-consistent Calculation

      iter #   1 total cpu time :110057.9 secs   av.it.:   3.0
      thresh= 1.000E-02 alpha_mix =  0.700 |ddv_scf|^2 =  1.054E-09

      iter #   2 total cpu time :110261.0 secs   av.it.:  16.0
      thresh= 3.247E-06 alpha_mix =  0.700 |ddv_scf|^2 =  9.955E-10

      iter #   3 total cpu time :110452.4 secs   av.it.:  15.0
      thresh= 3.155E-06 alpha_mix =  0.700 |ddv_scf|^2 =  6.291E-12

      iter #   4 total cpu time :110658.5 secs   av.it.:  16.0
      thresh= 2.508E-07 alpha_mix =  0.700 |ddv_scf|^2 =  8.207E-13

      iter #   5 total cpu time :110863.6 secs   av.it.:  16.0
      thresh= 9.059E-08 alpha_mix =  0.700 |ddv_scf|^2 =  3.909E-14

      iter #   6 total cpu time :111067.9 secs   av.it.:  16.1
      thresh= 1.977E-08 alpha_mix =  0.700 |ddv_scf|^2 =  1.799E-15

     End of self-consistent calculation

     Convergence has been achieved 


     Representation #  26 modes #  51  52

     Self-consistent Calculation

      iter #   1 total cpu time :111192.3 secs   av.it.:   6.4
      thresh= 1.000E-02 alpha_mix =  0.700 |ddv_scf|^2 =  7.663E-08

      iter #   2 total cpu time :111399.0 secs   av.it.:  16.0
      thresh= 2.768E-05 alpha_mix =  0.700 |ddv_scf|^2 =  9.186E-08

      iter #   3 total cpu time :111593.7 secs   av.it.:  15.0
      thresh= 3.031E-05 alpha_mix =  0.700 |ddv_scf|^2 =  4.764E-10

      iter #   4 total cpu time :111800.1 secs   av.it.:  16.0
      thresh= 2.183E-06 alpha_mix =  0.700 |ddv_scf|^2 =  1.366E-11

      iter #   5 total cpu time :112011.0 secs   av.it.:  16.4
      thresh= 3.695E-07 alpha_mix =  0.700 |ddv_scf|^2 =  9.282E-13

      iter #   6 total cpu time :112226.8 secs   av.it.:  17.0
      thresh= 9.634E-08 alpha_mix =  0.700 |ddv_scf|^2 =  6.237E-14

      iter #   7 total cpu time :112434.3 secs   av.it.:  16.0
      thresh= 2.497E-08 alpha_mix =  0.700 |ddv_scf|^2 =  2.414E-15

     End of self-consistent calculation

     Convergence has been achieved 


     Representation #  27 modes #  53  54

     Self-consistent Calculation

      iter #   1 total cpu time :112543.1 secs   av.it.:   5.0
      thresh= 1.000E-02 alpha_mix =  0.700 |ddv_scf|^2 =  2.092E-08

      iter #   2 total cpu time :112753.1 secs   av.it.:  16.0
      thresh= 1.447E-05 alpha_mix =  0.700 |ddv_scf|^2 =  2.873E-08

      iter #   3 total cpu time :112947.8 secs   av.it.:  15.0
      thresh= 1.695E-05 alpha_mix =  0.700 |ddv_scf|^2 =  4.827E-11

      iter #   4 total cpu time :113158.8 secs   av.it.:  16.6
      thresh= 6.947E-07 alpha_mix =  0.700 |ddv_scf|^2 =  7.963E-12

      iter #   5 total cpu time :113363.9 secs   av.it.:  16.0
      thresh= 2.822E-07 alpha_mix =  0.700 |ddv_scf|^2 =  2.077E-13

      iter #   6 total cpu time :113573.2 secs   av.it.:  16.5
      thresh= 4.558E-08 alpha_mix =  0.700 |ddv_scf|^2 =  2.193E-14

      iter #   7 total cpu time :113788.7 secs   av.it.:  16.5
      thresh= 1.481E-08 alpha_mix =  0.700 |ddv_scf|^2 =  2.794E-15

     End of self-consistent calculation

     Convergence has been achieved 


     Representation #  28 modes #  55  56

     Self-consistent Calculation

      iter #   1 total cpu time :113880.2 secs   av.it.:   3.2
      thresh= 1.000E-02 alpha_mix =  0.700 |ddv_scf|^2 =  5.171E-10

      iter #   2 total cpu time :114092.1 secs   av.it.:  16.9
      thresh= 2.274E-06 alpha_mix =  0.700 |ddv_scf|^2 =  3.950E-10

      iter #   3 total cpu time :114291.5 secs   av.it.:  15.9
      thresh= 1.987E-06 alpha_mix =  0.700 |ddv_scf|^2 =  5.700E-12

      iter #   4 total cpu time :114495.3 secs   av.it.:  16.0
      thresh= 2.387E-07 alpha_mix =  0.700 |ddv_scf|^2 =  1.095E-12

      iter #   5 total cpu time :114704.5 secs   av.it.:  16.0
      thresh= 1.046E-07 alpha_mix =  0.700 |ddv_scf|^2 =  1.403E-14

      iter #   6 total cpu time :114916.0 secs   av.it.:  17.0
      thresh= 1.184E-08 alpha_mix =  0.700 |ddv_scf|^2 =  1.216E-15

     End of self-consistent calculation

     Convergence has been achieved 


     Representation #  29 modes #  57  58

     Self-consistent Calculation

      iter #   1 total cpu time :115023.3 secs   av.it.:   4.9
      thresh= 1.000E-02 alpha_mix =  0.700 |ddv_scf|^2 =  1.049E-08

      iter #   2 total cpu time :115228.2 secs   av.it.:  16.1
      thresh= 1.024E-05 alpha_mix =  0.700 |ddv_scf|^2 =  1.199E-08

      iter #   3 total cpu time :115418.8 secs   av.it.:  15.0
      thresh= 1.095E-05 alpha_mix =  0.700 |ddv_scf|^2 =  4.294E-11

      iter #   4 total cpu time :115629.9 secs   av.it.:  16.9
      thresh= 6.553E-07 alpha_mix =  0.700 |ddv_scf|^2 =  5.167E-12

      iter #   5 total cpu time :115838.0 secs   av.it.:  16.0
      thresh= 2.273E-07 alpha_mix =  0.700 |ddv_scf|^2 =  3.024E-13

      iter #   6 total cpu time :116050.9 secs   av.it.:  16.9
      thresh= 5.499E-08 alpha_mix =  0.700 |ddv_scf|^2 =  2.776E-14

      iter #   7 total cpu time :116263.8 secs   av.it.:  16.6
      thresh= 1.666E-08 alpha_mix =  0.700 |ddv_scf|^2 =  1.003E-15

     End of self-consistent calculation

     Convergence has been achieved 


     Representation #  30 modes #  59  60

     Self-consistent Calculation

      iter #   1 total cpu time :116356.7 secs   av.it.:   3.3
      thresh= 1.000E-02 alpha_mix =  0.700 |ddv_scf|^2 =  3.414E-10

      iter #   2 total cpu time :116581.0 secs   av.it.:  17.0
      thresh= 1.848E-06 alpha_mix =  0.700 |ddv_scf|^2 =  1.632E-10

      iter #   3 total cpu time :116786.6 secs   av.it.:  16.4
      thresh= 1.277E-06 alpha_mix =  0.700 |ddv_scf|^2 =  8.008E-12

      iter #   4 total cpu time :116983.1 secs   av.it.:  15.8
      thresh= 2.830E-07 alpha_mix =  0.700 |ddv_scf|^2 =  7.769E-13

      iter #   5 total cpu time :117185.6 secs   av.it.:  16.0
      thresh= 8.814E-08 alpha_mix =  0.700 |ddv_scf|^2 =  1.280E-14

      iter #   6 total cpu time :117399.9 secs   av.it.:  17.0
      thresh= 1.131E-08 alpha_mix =  0.700 |ddv_scf|^2 =  2.444E-15

     End of self-consistent calculation

     Convergence has been achieved 


     Representation #  31 modes #  61  62

     Self-consistent Calculation

      iter #   1 total cpu time :117491.5 secs   av.it.:   3.0
      thresh= 1.000E-02 alpha_mix =  0.700 |ddv_scf|^2 =  6.613E-10

      iter #   2 total cpu time :117708.5 secs   av.it.:  17.0
      thresh= 2.572E-06 alpha_mix =  0.700 |ddv_scf|^2 =  6.878E-10

      iter #   3 total cpu time :117908.1 secs   av.it.:  15.9
      thresh= 2.623E-06 alpha_mix =  0.700 |ddv_scf|^2 =  1.514E-11

      iter #   4 total cpu time :118111.8 secs   av.it.:  16.0
      thresh= 3.891E-07 alpha_mix =  0.700 |ddv_scf|^2 =  8.888E-13

      iter #   5 total cpu time :118317.6 secs   av.it.:  16.0
      thresh= 9.428E-08 alpha_mix =  0.700 |ddv_scf|^2 =  2.509E-14

      iter #   6 total cpu time :118533.8 secs   av.it.:  16.9
      thresh= 1.584E-08 alpha_mix =  0.700 |ddv_scf|^2 =  2.988E-15

     End of self-consistent calculation

     Convergence has been achieved 


     Representation #  32 modes #  63  64

     Self-consistent Calculation

      iter #   1 total cpu time :118624.9 secs   av.it.:   3.0
      thresh= 1.000E-02 alpha_mix =  0.700 |ddv_scf|^2 =  6.007E-10

      iter #   2 total cpu time :118843.2 secs   av.it.:  17.0
      thresh= 2.451E-06 alpha_mix =  0.700 |ddv_scf|^2 =  4.291E-10

      iter #   3 total cpu time :119049.6 secs   av.it.:  16.0
      thresh= 2.072E-06 alpha_mix =  0.700 |ddv_scf|^2 =  1.778E-11

      iter #   4 total cpu time :119246.7 secs   av.it.:  15.0
      thresh= 4.217E-07 alpha_mix =  0.700 |ddv_scf|^2 =  7.378E-13

      iter #   5 total cpu time :119459.6 secs   av.it.:  16.5
      thresh= 8.589E-08 alpha_mix =  0.700 |ddv_scf|^2 =  2.466E-14

      iter #   6 total cpu time :119668.4 secs   av.it.:  16.0
      thresh= 1.570E-08 alpha_mix =  0.700 |ddv_scf|^2 =  3.564E-15

     End of self-consistent calculation

     Convergence has been achieved 


     Representation #  33 modes #  65  66

     Self-consistent Calculation

      iter #   1 total cpu time :119760.9 secs   av.it.:   3.2
      thresh= 1.000E-02 alpha_mix =  0.700 |ddv_scf|^2 =  4.454E-10

      iter #   2 total cpu time :119977.1 secs   av.it.:  17.0
      thresh= 2.110E-06 alpha_mix =  0.700 |ddv_scf|^2 =  2.486E-10

      iter #   3 total cpu time :120190.4 secs   av.it.:  16.3
      thresh= 1.577E-06 alpha_mix =  0.700 |ddv_scf|^2 =  1.001E-11

      iter #   4 total cpu time :120395.7 secs   av.it.:  15.9
      thresh= 3.163E-07 alpha_mix =  0.700 |ddv_scf|^2 =  8.881E-13

      iter #   5 total cpu time :120602.8 secs   av.it.:  16.0
      thresh= 9.424E-08 alpha_mix =  0.700 |ddv_scf|^2 =  2.469E-14

      iter #   6 total cpu time :120813.5 secs   av.it.:  17.0
      thresh= 1.571E-08 alpha_mix =  0.700 |ddv_scf|^2 =  2.813E-15

     End of self-consistent calculation

     Convergence has been achieved 

     Number of q in the star =    1
     List of q in the star:
          1   0.000000000  -0.505263609   0.000000000

     Diagonalizing the dynamical matrix

     q = (    0.000000000  -0.505263609   0.000000000 ) 

 **************************************************************************
     freq (    1) =       1.246594 [THz] =      41.581891 [cm-1]
     freq (    2) =       1.246594 [THz] =      41.581891 [cm-1]
     freq (    3) =       1.328383 [THz] =      44.310075 [cm-1]
     freq (    4) =       1.328383 [THz] =      44.310075 [cm-1]
     freq (    5) =       1.791447 [THz] =      59.756245 [cm-1]
     freq (    6) =       1.791447 [THz] =      59.756245 [cm-1]
     freq (    7) =       3.895480 [THz] =     129.939241 [cm-1]
     freq (    8) =       3.895480 [THz] =     129.939241 [cm-1]
     freq (    9) =       5.372929 [THz] =     179.221610 [cm-1]
     freq (   10) =       5.372929 [THz] =     179.221610 [cm-1]
     freq (   11) =       5.873198 [THz] =     195.908797 [cm-1]
     freq (   12) =       5.873198 [THz] =     195.908797 [cm-1]
     freq (   13) =       6.560774 [THz] =     218.843851 [cm-1]
     freq (   14) =       6.560774 [THz] =     218.843851 [cm-1]
     freq (   15) =       6.794838 [THz] =     226.651391 [cm-1]
     freq (   16) =       6.794838 [THz] =     226.651391 [cm-1]
     freq (   17) =       7.850259 [THz] =     261.856460 [cm-1]
     freq (   18) =       7.850259 [THz] =     261.856460 [cm-1]
     freq (   19) =       8.387481 [THz] =     279.776260 [cm-1]
     freq (   20) =       8.387481 [THz] =     279.776260 [cm-1]
     freq (   21) =       8.796331 [THz] =     293.414018 [cm-1]
     freq (   22) =       8.796331 [THz] =     293.414018 [cm-1]
     freq (   23) =       9.129503 [THz] =     304.527441 [cm-1]
     freq (   24) =       9.129503 [THz] =     304.527441 [cm-1]
     freq (   25) =       9.543958 [THz] =     318.352159 [cm-1]
     freq (   26) =       9.543958 [THz] =     318.352159 [cm-1]
     freq (   27) =      11.973948 [THz] =     399.407918 [cm-1]
     freq (   28) =      11.973948 [THz] =     399.407918 [cm-1]
     freq (   29) =      12.426748 [THz] =     414.511702 [cm-1]
     freq (   30) =      12.426748 [THz] =     414.511702 [cm-1]
     freq (   31) =      30.488715 [THz] =    1016.994051 [cm-1]
     freq (   32) =      30.488715 [THz] =    1016.994051 [cm-1]
     freq (   33) =      30.795158 [THz] =    1027.215918 [cm-1]
     freq (   34) =      30.795158 [THz] =    1027.215918 [cm-1]
     freq (   35) =      31.860922 [THz] =    1062.765953 [cm-1]
     freq (   36) =      31.860922 [THz] =    1062.765953 [cm-1]
     freq (   37) =      32.283514 [THz] =    1076.862112 [cm-1]
     freq (   38) =      32.283514 [THz] =    1076.862112 [cm-1]
     freq (   39) =      32.417814 [THz] =    1081.341881 [cm-1]
     freq (   40) =      32.417814 [THz] =    1081.341881 [cm-1]
     freq (   41) =      32.543483 [THz] =    1085.533747 [cm-1]
     freq (   42) =      32.543483 [THz] =    1085.533747 [cm-1]
     freq (   43) =      35.717934 [THz] =    1191.422043 [cm-1]
     freq (   44) =      35.717934 [THz] =    1191.422043 [cm-1]
     freq (   45) =      35.947768 [THz] =    1199.088480 [cm-1]
     freq (   46) =      35.947768 [THz] =    1199.088480 [cm-1]
     freq (   47) =      36.265116 [THz] =    1209.674051 [cm-1]
     freq (   48) =      36.265116 [THz] =    1209.674051 [cm-1]
     freq (   49) =      36.596641 [THz] =    1220.732539 [cm-1]
     freq (   50) =      36.596641 [THz] =    1220.732539 [cm-1]
     freq (   51) =      68.512820 [THz] =    2285.341687 [cm-1]
     freq (   52) =      68.512820 [THz] =    2285.341687 [cm-1]
     freq (   53) =      68.596615 [THz] =    2288.136796 [cm-1]
     freq (   54) =      68.596615 [THz] =    2288.136796 [cm-1]
     freq (   55) =      70.083916 [THz] =    2337.747818 [cm-1]
     freq (   56) =      70.083916 [THz] =    2337.747818 [cm-1]
     freq (   57) =      70.334139 [THz] =    2346.094355 [cm-1]
     freq (   58) =      70.334139 [THz] =    2346.094355 [cm-1]
     freq (   59) =      70.506412 [THz] =    2351.840751 [cm-1]
     freq (   60) =      70.506412 [THz] =    2351.840751 [cm-1]
     freq (   61) =      71.025775 [THz] =    2369.164838 [cm-1]
     freq (   62) =      71.025775 [THz] =    2369.164838 [cm-1]
     freq (   63) =      71.231456 [THz] =    2376.025620 [cm-1]
     freq (   64) =      71.231456 [THz] =    2376.025620 [cm-1]
     freq (   65) =      71.259483 [THz] =    2376.960505 [cm-1]
     freq (   66) =      71.259483 [THz] =    2376.960505 [cm-1]
 **************************************************************************

     Calculation of q =    0.0000000  -0.5052636  -0.7880444

     Parallelization info
     --------------------
     sticks:   dense  smooth     PW     G-vecs:    dense   smooth      PW
     Min         490     245     67                25554     9038    1293
     Max         491     247     68                25557     9040    1295
     Sum       11779    5897   1609               613353   216939   31061

     Using Slab Decomposition



     bravais-lattice index     =            8
     lattice parameter (alat)  =      13.6741  a.u.
     unit-cell volume          =    1605.3416 (a.u.)^3
     number of atoms/cell      =           22
     number of atomic types    =            3
     number of electrons       =        48.00
     number of Kohn-Sham states=           24
     kinetic-energy cutoff     =     100.0000  Ry
     charge density cutoff     =     800.0000  Ry
     Exchange-correlation= PBESOL
                           (   1   4  10   8   0   0   0)

     celldm(1)=  13.674099  celldm(2)=   0.989582  celldm(3)=   0.634482
     celldm(4)=   0.000000  celldm(5)=   0.000000  celldm(6)=   0.000000

     crystal axes: (cart. coord. in units of alat)
               a(1) = (   1.000000   0.000000   0.000000 )  
               a(2) = (   0.000000   0.989582   0.000000 )  
               a(3) = (   0.000000   0.000000   0.634482 )  

     reciprocal axes: (cart. coord. in units 2 pi/alat)
               b(1) = (  1.000000  0.000000  0.000000 )  
               b(2) = (  0.000000  1.010527  0.000000 )  
               b(3) = (  0.000000  0.000000  1.576089 )  


     PseudoPot. # 1 for B  read from file:
     /home/mehlhorn/pseudos/b_pbesol_v1.4.uspp.F.UPF
     MD5 check sum: 369b69bef2c3aeed4453bd8b804fd6a8
     Pseudo is Ultrasoft + core correction, Zval =  3.0
     Generated by new atomic code, or converted to UPF format
     Using radial grid of  781 points,  4 beta functions with: 
                l(1) =   0
                l(2) =   0
                l(3) =   1
                l(4) =   1
     Q(r) pseudized with  8 coefficients,  rinner =    1.100   1.100   1.100


     PseudoPot. # 2 for Ba read from file:
     /home/mehlhorn/pseudos/Ba.nc.z_10.oncvpsp4.dojo.v4-sp.upf
     MD5 check sum: c10ed334bb677c0554edec7181ce9143
     Pseudo is Norm-conserving + core correction, Zval = 10.0
     Generated using ONCVPSP code by D. R. Hamann
     Using radial grid of 1938 points,  8 beta functions with: 
                l(1) =   0
                l(2) =   0
                l(3) =   1
                l(4) =   1
                l(5) =   2
                l(6) =   2
                l(7) =   3
                l(8) =   3

     PseudoPot. # 3 for H  read from file:
     /home/mehlhorn/pseudos/H_ONCV_PBEsol-1.0.upf
     MD5 check sum: 398ef8f67c0a7342c05c87c5e19ea467
     Pseudo is Norm-conserving, Zval =  1.0
     Generated using ONCVPSP code by D. R. Hamann
     Using radial grid of 1180 points,  2 beta functions with: 
                l(1) =   0
                l(2) =   0

     atomic species   valence    mass     pseudopotential
     B                 3.00    10.81100     B ( 1.00)
     Ba               10.00   137.32700     Ba( 1.00)
     H                 1.00     1.00794     H ( 1.00)

      4 Sym. Ops. (no inversion) found



   Cartesian axes

     site n.     atom                  positions (alat units)
         1        Ba     tau(   1) = (   0.5000000   0.4947912   0.3172522  )
         2        Ba     tau(   2) = (   0.0000000   0.0000000   0.6344709  )
         3        B      tau(   3) = (   0.6413579   0.2648610   0.0000111  )
         4        B      tau(   4) = (   0.3586421   0.7247215   0.0000111  )
         5        B      tau(   5) = (   0.1413579   0.2299303   0.3172299  )
         6        B      tau(   6) = (   0.8586421   0.7596522   0.3172299  )
         7        H      tau(   7) = (   0.4714554   0.2791357   0.0000081  )
         8        H      tau(   8) = (   0.5285446   0.7104468   0.0000081  )
         9        H      tau(   9) = (   0.9714554   0.2156555   0.3172329  )
        10        H      tau(  10) = (   0.0285446   0.7739269   0.3172329  )
        11        H      tau(  11) = (   0.7128420   0.4201314   0.0000064  )
        12        H      tau(  12) = (   0.2871580   0.5694510   0.0000064  )
        13        H      tau(  13) = (   0.2128420   0.0746598   0.3172346  )
        14        H      tau(  14) = (   0.7871580   0.9149226   0.3172346  )
        15        H      tau(  15) = (   0.6872173   0.1818371   0.4934203  )
        16        H      tau(  16) = (   0.3127827   0.8077454   0.4934203  )
        17        H      tau(  17) = (   0.1872173   0.3129541   0.4583027  )
        18        H      tau(  18) = (   0.8127827   0.6766283   0.4583027  )
        19        H      tau(  19) = (   0.3127767   0.8077467   0.1410819  )
        20        H      tau(  20) = (   0.6872233   0.1818357   0.1410819  )
        21        H      tau(  21) = (   0.8127767   0.6766270   0.1761591  )
        22        H      tau(  22) = (   0.1872233   0.3129555   0.1761591  )

     number of k points=    54
                       cart. coord. in units 2pi/alat
        k(    1) = (   0.0000000   0.0000000   0.0000000), wk =   0.0160000
        k(    2) = (   0.0000000  -0.5052636  -0.7880444), wk =   0.0000000
        k(    3) = (   0.0000000   0.0000000   0.3152178), wk =   0.0320000
        k(    4) = (   0.0000000  -0.5052636  -0.4728266), wk =   0.0000000
        k(    5) = (   0.0000000   0.0000000   0.6304355), wk =   0.0320000
        k(    6) = (   0.0000000  -0.5052636  -0.1576089), wk =   0.0000000
        k(    7) = (   0.0000000   0.2021054   0.0000000), wk =   0.0320000
        k(    8) = (   0.0000000  -0.3031582  -0.7880444), wk =   0.0000000
        k(    9) = (   0.0000000   0.2021054   0.3152178), wk =   0.0640000
        k(   10) = (   0.0000000  -0.3031582  -0.4728266), wk =   0.0000000
        k(   11) = (   0.0000000   0.2021054   0.6304355), wk =   0.0640000
        k(   12) = (   0.0000000  -0.3031582  -0.1576089), wk =   0.0000000
        k(   13) = (   0.0000000   0.4042109   0.0000000), wk =   0.0320000
        k(   14) = (   0.0000000  -0.1010527  -0.7880444), wk =   0.0000000
        k(   15) = (   0.0000000   0.4042109   0.3152178), wk =   0.0640000
        k(   16) = (   0.0000000  -0.1010527  -0.4728266), wk =   0.0000000
        k(   17) = (   0.0000000   0.4042109   0.6304355), wk =   0.0640000
        k(   18) = (   0.0000000  -0.1010527  -0.1576089), wk =   0.0000000
        k(   19) = (   0.2000000   0.0000000   0.0000000), wk =   0.0320000
        k(   20) = (   0.2000000  -0.5052636  -0.7880444), wk =   0.0000000
        k(   21) = (   0.2000000   0.0000000   0.3152178), wk =   0.0640000
        k(   22) = (   0.2000000  -0.5052636  -0.4728266), wk =   0.0000000
        k(   23) = (   0.2000000   0.0000000   0.6304355), wk =   0.0640000
        k(   24) = (   0.2000000  -0.5052636  -0.1576089), wk =   0.0000000
        k(   25) = (   0.2000000   0.2021054   0.0000000), wk =   0.0640000
        k(   26) = (   0.2000000  -0.3031582  -0.7880444), wk =   0.0000000
        k(   27) = (   0.2000000   0.2021054   0.3152178), wk =   0.1280000
        k(   28) = (   0.2000000  -0.3031582  -0.4728266), wk =   0.0000000
        k(   29) = (   0.2000000   0.2021054   0.6304355), wk =   0.1280000
        k(   30) = (   0.2000000  -0.3031582  -0.1576089), wk =   0.0000000
        k(   31) = (   0.2000000   0.4042109   0.0000000), wk =   0.0640000
        k(   32) = (   0.2000000  -0.1010527  -0.7880444), wk =   0.0000000
        k(   33) = (   0.2000000   0.4042109   0.3152178), wk =   0.1280000
        k(   34) = (   0.2000000  -0.1010527  -0.4728266), wk =   0.0000000
        k(   35) = (   0.2000000   0.4042109   0.6304355), wk =   0.1280000
        k(   36) = (   0.2000000  -0.1010527  -0.1576089), wk =   0.0000000
        k(   37) = (   0.4000000   0.0000000   0.0000000), wk =   0.0320000
        k(   38) = (   0.4000000  -0.5052636  -0.7880444), wk =   0.0000000
        k(   39) = (   0.4000000   0.0000000   0.3152178), wk =   0.0640000
        k(   40) = (   0.4000000  -0.5052636  -0.4728266), wk =   0.0000000
        k(   41) = (   0.4000000   0.0000000   0.6304355), wk =   0.0640000
        k(   42) = (   0.4000000  -0.5052636  -0.1576089), wk =   0.0000000
        k(   43) = (   0.4000000   0.2021054   0.0000000), wk =   0.0640000
        k(   44) = (   0.4000000  -0.3031582  -0.7880444), wk =   0.0000000
        k(   45) = (   0.4000000   0.2021054   0.3152178), wk =   0.1280000
        k(   46) = (   0.4000000  -0.3031582  -0.4728266), wk =   0.0000000
        k(   47) = (   0.4000000   0.2021054   0.6304355), wk =   0.1280000
        k(   48) = (   0.4000000  -0.3031582  -0.1576089), wk =   0.0000000
        k(   49) = (   0.4000000   0.4042109   0.0000000), wk =   0.0640000
        k(   50) = (   0.4000000  -0.1010527  -0.7880444), wk =   0.0000000
        k(   51) = (   0.4000000   0.4042109   0.3152178), wk =   0.1280000
        k(   52) = (   0.4000000  -0.1010527  -0.4728266), wk =   0.0000000
        k(   53) = (   0.4000000   0.4042109   0.6304355), wk =   0.1280000
        k(   54) = (   0.4000000  -0.1010527  -0.1576089), wk =   0.0000000

     Dense  grid:   613353 G-vectors     FFT dimensions: ( 128, 128,  80)

     Smooth grid:   216939 G-vectors     FFT dimensions: (  90,  90,  60)

     Estimated max dynamical RAM per process >      55.04 MB

     Estimated total dynamical RAM >       1.29 GB

     The potential is recalculated from file :
     ./_ph0/pwscf.q_4/pwscf.save/charge-density

     Starting wfcs are   42 atomic wfcs

     Band Structure Calculation
     Davidson diagonalization with overlap

     ethr =  2.08E-11,  avg # of iterations = 21.8

     total cpu time spent up to now is      684.0 secs

     End of band structure calculation

          k = 0.0000 0.0000 0.0000 ( 27159 PWs)   bands (ev):

   -24.7583 -24.7534 -10.2441 -10.2125 -10.0149  -9.9894  -9.9206  -9.8767
    -6.6140  -5.8097  -5.2881  -5.2445  -2.3768  -1.3886  -1.2989  -1.1000
    -1.0597  -0.8583  -0.8225  -0.5873  -0.3461  -0.1589  -0.0673  -0.0550

          k = 0.0000-0.5053-0.7880 ( 27140 PWs)   bands (ev):

   -24.7413 -24.7413 -10.4348 -10.4348 -10.0123 -10.0123  -9.9948  -9.9948
    -5.8704  -5.8704  -5.1849  -5.1849  -2.2173  -2.2173  -1.3697  -1.3697
    -0.6909  -0.6909  -0.5750  -0.5750  -0.5238  -0.5238  -0.2900  -0.2900

          k = 0.0000 0.0000 0.3152 ( 27148 PWs)   bands (ev):

   -24.7529 -24.7488 -10.1842 -10.1587 -10.1107 -10.0879 -10.0009  -9.9812
    -6.2693  -5.5902  -5.4122  -5.3778  -2.0783  -1.7565  -1.5673  -1.1740
    -0.9579  -0.9061  -0.6645  -0.5250  -0.3907  -0.2294  -0.2130  -0.1384

          k = 0.0000-0.5053-0.4728 ( 27078 PWs)   bands (ev):

   -24.7463 -24.7463 -10.2800 -10.2800 -10.0672 -10.0672 -10.0114 -10.0114
    -5.7999  -5.7999  -5.4197  -5.4197  -1.9506  -1.9506  -1.4221  -1.4221
    -0.7848  -0.7848  -0.5308  -0.5308  -0.4587  -0.4587  -0.3046  -0.3046

          k = 0.0000 0.0000 0.6304 ( 27112 PWs)   bands (ev):

   -24.7435 -24.7419 -10.3799 -10.3759 -10.0635 -10.0507  -9.9951  -9.9851
    -5.6407  -5.6190  -5.6068  -5.3517  -1.9841  -1.9025  -1.7723  -1.5056
    -0.9505  -0.8406  -0.6104  -0.4692  -0.3869  -0.3426  -0.2723  -0.2233

          k = 0.0000-0.5053-0.1576 ( 27072 PWs)   bands (ev):

   -24.7545 -24.7545 -10.1633 -10.1633 -10.0693 -10.0693  -9.9476  -9.9476
    -6.0445  -6.0445  -5.4470  -5.4470  -1.8240  -1.8240  -1.1292  -1.1292
    -0.8098  -0.8098  -0.6066  -0.6066  -0.4869  -0.4869  -0.2453  -0.2453

          k = 0.0000 0.2021 0.0000 ( 27127 PWs)   bands (ev):

   -24.7579 -24.7538 -10.2297 -10.1979 -10.0353 -10.0078  -9.9164  -9.8809
    -6.5206  -5.8192  -5.3815  -5.2828  -2.2251  -1.5372  -1.3615  -0.9013
    -0.8903  -0.8550  -0.8226  -0.5724  -0.3740  -0.3131  -0.1362  -0.1171

          k = 0.0000-0.3032-0.7880 ( 27146 PWs)   bands (ev):

   -24.7413 -24.7413 -10.4302 -10.4302 -10.0129 -10.0129 -10.0009 -10.0009
    -5.8157  -5.8157  -5.2461  -5.2460  -2.1536  -2.1535  -1.4850  -1.4849
    -0.6995  -0.6994  -0.5745  -0.5745  -0.4381  -0.4380  -0.3221  -0.3221

          k = 0.0000 0.2021 0.3152 ( 27117 PWs)   bands (ev):

   -24.7525 -24.7492 -10.1818 -10.1458 -10.1043 -10.1007 -10.0023  -9.9927
    -6.1977  -5.5812  -5.4998  -5.4003  -1.9795  -1.7780  -1.5991  -1.0422
    -0.9296  -0.8769  -0.7992  -0.4852  -0.3825  -0.2528  -0.2349  -0.2116

          k = 0.0000-0.3032-0.4728 ( 27105 PWs)   bands (ev):

   -24.7472 -24.7455 -10.2779 -10.2689 -10.0889 -10.0829 -10.0021  -9.9964
    -5.8922  -5.6775  -5.4680  -5.3898  -1.9423  -1.9039  -1.6537  -1.2346
    -0.9481  -0.7354  -0.7093  -0.4859  -0.4158  -0.3294  -0.2928  -0.2792

          k = 0.0000 0.2021 0.6304 ( 27128 PWs)   bands (ev):

   -24.7433 -24.7421 -10.3850 -10.3814 -10.0522 -10.0440  -9.9953  -9.9891
    -5.7722  -5.7080  -5.4476  -5.2851  -2.0385  -2.0190  -1.6532  -1.4441
    -0.8876  -0.7354  -0.6229  -0.4670  -0.4162  -0.4024  -0.2857  -0.2741

          k = 0.0000-0.3032-0.1576 ( 27110 PWs)   bands (ev):

   -24.7559 -24.7531 -10.1996 -10.1694 -10.0564 -10.0280  -9.9611  -9.9382
    -6.3260  -5.7932  -5.4712  -5.3547  -2.0266  -1.6828  -1.4007  -0.9019
    -0.8953  -0.7776  -0.7491  -0.5098  -0.5031  -0.3948  -0.1946  -0.1856

          k = 0.0000 0.4042 0.0000 ( 27065 PWs)   bands (ev):

   -24.7566 -24.7551 -10.1931 -10.1722 -10.0702 -10.0507  -9.9054  -9.8918
    -6.2726  -5.9719  -5.4532  -5.3758  -1.9439  -1.7382  -1.2196  -0.8444
    -0.8301  -0.8041  -0.6196  -0.5984  -0.5215  -0.4438  -0.2662  -0.2572

          k = 0.0000-0.1011-0.7880 ( 27086 PWs)   bands (ev):

   -24.7413 -24.7413 -10.4226 -10.4226 -10.0168 -10.0168 -10.0081 -10.0081
    -5.6874  -5.6874  -5.3846  -5.3845  -2.0133  -2.0132  -1.6689  -1.6689
    -0.7176  -0.7175  -0.6338  -0.6337  -0.3770  -0.3769  -0.2697  -0.2696

          k = 0.0000 0.4042 0.3152 ( 27067 PWs)   bands (ev):

   -24.7515 -24.7502 -10.1678 -10.1391 -10.1133 -10.0909 -10.0127 -10.0104
    -6.0038  -5.7478  -5.5170  -5.4558  -1.8537  -1.8170  -1.4672  -1.1371
    -0.8611  -0.8191  -0.7377  -0.5349  -0.4150  -0.4078  -0.2429  -0.2315

          k = 0.0000-0.1011-0.4728 ( 27116 PWs)   bands (ev):

   -24.7477 -24.7450 -10.2669 -10.2558 -10.1188 -10.1019  -9.9934  -9.9804
    -5.9424  -5.5548  -5.4982  -5.4134  -1.9175  -1.8416  -1.7712  -1.1929
    -1.0641  -0.9724  -0.6585  -0.4092  -0.3412  -0.3276  -0.2571  -0.2197

          k = 0.0000 0.4042 0.6304 ( 27114 PWs)   bands (ev):

   -24.7429 -24.7425 -10.3923 -10.3907 -10.0320 -10.0309  -9.9984  -9.9978
    -5.8443  -5.8174  -5.3022  -5.2409  -2.1224  -2.1184  -1.4740  -1.3773
    -0.7653  -0.6406  -0.5889  -0.5846  -0.4478  -0.4367  -0.3551  -0.3082

          k = 0.0000-0.1011-0.1576 ( 27124 PWs)   bands (ev):

   -24.7567 -24.7522 -10.2248 -10.1943 -10.0175  -9.9931  -9.9724  -9.9377
    -6.4956  -5.7446  -5.3486  -5.2898  -2.2574  -1.5586  -1.3772  -1.1682
    -0.9910  -0.7250  -0.7052  -0.5931  -0.4576  -0.1962  -0.1140  -0.1106

          k = 0.2000 0.0000 0.0000 ( 27113 PWs)   bands (ev):

   -24.7579 -24.7538 -10.2270 -10.1997 -10.0331 -10.0113  -9.9164  -9.8809
    -6.5246  -5.8444  -5.3138  -5.3096  -2.2440  -1.3579  -1.3229  -1.1889
    -0.8323  -0.8286  -0.8124  -0.5938  -0.3903  -0.2982  -0.1733  -0.1175

          k = 0.2000-0.5053-0.7880 ( 27136 PWs)   bands (ev):

   -24.7413 -24.7413 -10.4294 -10.4294 -10.0136 -10.0136 -10.0022 -10.0022
    -5.8253  -5.8253  -5.2275  -5.2275  -2.1994  -2.1994  -1.5203  -1.5203
    -0.6567  -0.6567  -0.5201  -0.5201  -0.4402  -0.4402  -0.2861  -0.2861

          k = 0.2000 0.0000 0.3152 ( 27107 PWs)   bands (ev):

   -24.7525 -24.7492 -10.1700 -10.1617 -10.1020 -10.0988 -10.0105  -9.9854
    -6.1960  -5.6066  -5.4423  -5.4269  -1.9914  -1.7228  -1.6175  -1.0713
    -0.9434  -0.8789  -0.7626  -0.4865  -0.4804  -0.2415  -0.2204  -0.1816

          k = 0.2000-0.5053-0.4728 ( 27104 PWs)   bands (ev):

   -24.7463 -24.7463 -10.2731 -10.2731 -10.0906 -10.0906  -9.9964  -9.9964
    -5.7627  -5.7627  -5.4543  -5.4543  -1.9602  -1.9602  -1.4531  -1.4531
    -0.8141  -0.8141  -0.5293  -0.5293  -0.3797  -0.3797  -0.2898  -0.2898

          k = 0.2000 0.0000 0.6304 ( 27117 PWs)   bands (ev):

   -24.7433 -24.7421 -10.3858 -10.3822 -10.0558 -10.0404  -9.9987  -9.9858
    -5.7335  -5.6678  -5.4938  -5.3126  -2.1338  -2.0337  -1.6146  -1.3863
    -0.8459  -0.7733  -0.6357  -0.5044  -0.3752  -0.3691  -0.3140  -0.2469

          k = 0.2000-0.5053-0.1576 ( 27072 PWs)   bands (ev):

   -24.7545 -24.7545 -10.1937 -10.1937 -10.0358 -10.0358  -9.9492  -9.9492
    -6.0649  -6.0649  -5.4246  -5.4246  -1.7832  -1.7832  -1.2270  -1.2270
    -0.7795  -0.7795  -0.5901  -0.5901  -0.4661  -0.4661  -0.2554  -0.2554

          k = 0.2000 0.2021 0.0000 ( 27108 PWs)   bands (ev):

   -24.7575 -24.7542 -10.2372 -10.1746 -10.0669  -9.9971  -9.9130  -9.8842
    -6.4538  -5.8713  -5.4082  -5.2910  -2.1236  -1.5314  -1.3329  -1.0093
    -0.8645  -0.8042  -0.6777  -0.5693  -0.4753  -0.3935  -0.2508  -0.1023

          k = 0.2000-0.3032-0.7880 ( 27112 PWs)   bands (ev):

   -24.7413 -24.7413 -10.4335 -10.4233 -10.0152 -10.0152 -10.0097  -9.9947
    -5.8481  -5.7244  -5.3363  -5.2051  -2.2571  -2.0768  -1.6625  -1.4143
    -0.7143  -0.6415  -0.5438  -0.4993  -0.4353  -0.4344  -0.3320  -0.2654

          k = 0.2000 0.2021 0.3152 ( 27101 PWs)   bands (ev):

   -24.7522 -24.7495 -10.1794 -10.1431 -10.1218 -10.0871 -10.0132  -9.9862
    -6.1381  -5.6226  -5.5154  -5.4153  -1.9201  -1.7506  -1.6277  -1.0029
    -0.9724  -0.8726  -0.7406  -0.5051  -0.4576  -0.2734  -0.2560  -0.1839

          k = 0.2000-0.3032-0.4728 ( 27108 PWs)   bands (ev):

   -24.7470 -24.7457 -10.2776 -10.2636 -10.1161 -10.0670 -10.0113  -9.9840
    -5.8506  -5.6534  -5.5091  -5.4132  -1.9789  -1.9098  -1.6233  -1.2956
    -0.8981  -0.7461  -0.6526  -0.5091  -0.4310  -0.3417  -0.2909  -0.2120

          k = 0.2000 0.2021 0.6304 ( 27101 PWs)   bands (ev):

   -24.7432 -24.7422 -10.3905 -10.3793 -10.0607 -10.0295 -10.0002  -9.9879
    -5.8051  -5.6423  -5.4868  -5.2703  -2.1629  -2.0177  -1.6157  -1.4267
    -0.7657  -0.7153  -0.6234  -0.4820  -0.4599  -0.3728  -0.3419  -0.2161

          k = 0.2000-0.3032-0.1576 ( 27100 PWs)   bands (ev):

   -24.7556 -24.7533 -10.2196 -10.1587 -10.0742  -9.9989  -9.9602  -9.9419
    -6.2847  -5.8543  -5.4653  -5.3480  -1.9580  -1.6475  -1.4383  -0.9512
    -0.9153  -0.7480  -0.6937  -0.5541  -0.4919  -0.3958  -0.2802  -0.1568

          k = 0.2000 0.4042 0.0000 ( 27078 PWs)   bands (ev):

   -24.7565 -24.7552 -10.2246 -10.1869 -10.0574 -10.0145  -9.9040  -9.8931
    -6.2630  -6.0239  -5.4306  -5.3553  -1.8910  -1.7098  -1.2372  -0.8875
    -0.8731  -0.8416  -0.6999  -0.4959  -0.4906  -0.4253  -0.3461  -0.1975

          k = 0.2000-0.1011-0.7880 ( 27120 PWs)   bands (ev):

   -24.7413 -24.7413 -10.4302 -10.4238 -10.0179 -10.0162 -10.0064  -9.9988
    -5.7762  -5.6740  -5.3918  -5.2849  -2.2081  -2.1010  -1.5939  -1.4544
    -0.7181  -0.6634  -0.6006  -0.5933  -0.4266  -0.3915  -0.3361  -0.2391

          k = 0.2000 0.4042 0.3152 ( 27081 PWs)   bands (ev):

   -24.7513 -24.7503 -10.1761 -10.1537 -10.1133 -10.0873 -10.0097  -9.9944
    -5.9818  -5.7772  -5.5084  -5.4546  -1.8323  -1.7986  -1.5061  -1.2312
    -0.8462  -0.7665  -0.7182  -0.5411  -0.4116  -0.3335  -0.2789  -0.2417

          k = 0.2000-0.1011-0.4728 ( 27119 PWs)   bands (ev):

   -24.7475 -24.7452 -10.2742 -10.2614 -10.1160 -10.0809 -10.0037  -9.9823
    -5.8999  -5.5684  -5.5304  -5.4153  -1.9825  -1.8443  -1.7302  -1.2029
    -0.9295  -0.9203  -0.6741  -0.4562  -0.4004  -0.3240  -0.2726  -0.2113

          k = 0.2000 0.4042 0.6304 ( 27128 PWs)   bands (ev):

   -24.7429 -24.7425 -10.3901 -10.3834 -10.0519 -10.0334  -9.9971  -9.9912
    -5.8232  -5.7537  -5.3550  -5.2672  -2.1586  -2.0806  -1.5541  -1.4677
    -0.7515  -0.6705  -0.5512  -0.4688  -0.4524  -0.3846  -0.3483  -0.2580

          k = 0.2000-0.1011-0.1576 ( 27110 PWs)   bands (ev):

   -24.7563 -24.7526 -10.2169 -10.1767 -10.0477 -10.0023  -9.9672  -9.9365
    -6.4154  -5.7796  -5.3896  -5.3226  -2.1435  -1.5107  -1.4391  -1.1217
    -0.8971  -0.7680  -0.6602  -0.5867  -0.5504  -0.2746  -0.2054  -0.1201

          k = 0.4000 0.0000 0.0000 ( 27104 PWs)   bands (ev):

   -24.7566 -24.7551 -10.1866 -10.1726 -10.0698 -10.0583  -9.9054  -9.8919
    -6.2906  -6.0128  -5.3836  -5.3585  -1.9513  -1.6457  -1.0926  -0.9135
    -0.7897  -0.7879  -0.7693  -0.5972  -0.5805  -0.4937  -0.3575  -0.2494

          k = 0.4000-0.5053-0.7880 ( 27108 PWs)   bands (ev):

   -24.7413 -24.7413 -10.4203 -10.4203 -10.0184 -10.0184 -10.0120 -10.0120
    -5.7340  -5.7340  -5.3147  -5.3147  -2.1590  -2.1590  -1.7167  -1.7167
    -0.6330  -0.6330  -0.4614  -0.4614  -0.3697  -0.3697  -0.2110  -0.2110

          k = 0.4000 0.0000 0.3152 ( 27111 PWs)   bands (ev):

   -24.7515 -24.7502 -10.1551 -10.1342 -10.1314 -10.0986 -10.0170 -10.0000
    -6.0009  -5.7564  -5.4883  -5.4611  -1.8485  -1.7291  -1.5181  -1.1628
    -0.8682  -0.7896  -0.7878  -0.6460  -0.4204  -0.3354  -0.2492  -0.2403

          k = 0.4000-0.5053-0.4728 ( 27098 PWs)   bands (ev):

   -24.7463 -24.7463 -10.2596 -10.2596 -10.1212 -10.1212  -9.9820  -9.9820
    -5.6684  -5.6684  -5.5441  -5.5441  -1.9731  -1.9731  -1.5167  -1.5167
    -0.8057  -0.8057  -0.5032  -0.5032  -0.3692  -0.3692  -0.2178  -0.2178

          k = 0.4000 0.0000 0.6304 ( 27117 PWs)   bands (ev):

   -24.7429 -24.7425 -10.3941 -10.3926 -10.0390 -10.0273 -10.0018  -9.9912
    -5.7774  -5.7505  -5.3661  -5.2968  -2.2469  -2.2013  -1.4052  -1.2857
    -0.7327  -0.6826  -0.5857  -0.5398  -0.5190  -0.3352  -0.3333  -0.3169

          k = 0.4000-0.5053-0.1576 ( 27114 PWs)   bands (ev):

   -24.7544 -24.7544 -10.2255 -10.2255  -9.9962  -9.9962  -9.9544  -9.9544
    -6.0953  -6.0953  -5.3906  -5.3906  -1.6823  -1.6823  -1.4054  -1.4054
    -0.6945  -0.6945  -0.5827  -0.5827  -0.4821  -0.4821  -0.2544  -0.2544

          k = 0.4000 0.2021 0.0000 ( 27115 PWs)   bands (ev):

   -24.7565 -24.7552 -10.2231 -10.1853 -10.0593 -10.0163  -9.9041  -9.8931
    -6.2745  -6.0458  -5.3973  -5.3379  -1.8929  -1.6578  -1.1702  -0.8994
    -0.8506  -0.8157  -0.7826  -0.5859  -0.5260  -0.4512  -0.3523  -0.1978

          k = 0.4000-0.3032-0.7880 ( 27122 PWs)   bands (ev):

   -24.7413 -24.7413 -10.4289 -10.4225 -10.0190 -10.0171 -10.0086 -10.0011
    -5.7947  -5.7072  -5.3441  -5.2518  -2.2783  -2.1844  -1.6282  -1.5069
    -0.6781  -0.5983  -0.5587  -0.5116  -0.3895  -0.3599  -0.2706  -0.1993

          k = 0.4000 0.2021 0.3152 ( 27098 PWs)   bands (ev):

   -24.7513 -24.7503 -10.1722 -10.1511 -10.1204 -10.0916 -10.0090  -9.9917
    -5.9803  -5.7809  -5.4959  -5.4540  -1.8258  -1.7326  -1.5570  -1.2575
    -0.8118  -0.7884  -0.7231  -0.5792  -0.4265  -0.3418  -0.2727  -0.2342

          k = 0.4000-0.3032-0.4728 ( 27113 PWs)   bands (ev):

   -24.7466 -24.7461 -10.2714 -10.2626 -10.1197 -10.0924  -9.9952  -9.9825
    -5.7459  -5.6314  -5.5637  -5.4834  -1.9973  -1.9597  -1.5410  -1.4173
    -0.8173  -0.7547  -0.6189  -0.5064  -0.3930  -0.3319  -0.2834  -0.2024

          k = 0.4000 0.2021 0.6304 ( 27104 PWs)   bands (ev):

   -24.7429 -24.7425 -10.3913 -10.3846 -10.0531 -10.0342  -9.9968  -9.9896
    -5.7825  -5.6968  -5.4080  -5.3030  -2.2262  -2.1609  -1.4793  -1.4161
    -0.7220  -0.6735  -0.5718  -0.5435  -0.4396  -0.3634  -0.3050  -0.2223

          k = 0.4000-0.3032-0.1576 ( 27117 PWs)   bands (ev):

   -24.7549 -24.7540 -10.2226 -10.1945 -10.0370  -9.9986  -9.9548  -9.9475
    -6.1683  -6.0054  -5.4217  -5.3682  -1.7992  -1.6425  -1.4311  -1.1890
    -0.7885  -0.6877  -0.6721  -0.5495  -0.5133  -0.4625  -0.3139  -0.1971

          k = 0.4000 0.4042 0.0000 ( 27109 PWs)   bands (ev):

   -24.7561 -24.7556 -10.2444 -10.2285 -10.0125  -9.9931  -9.9006  -9.8964
    -6.2200  -6.1308  -5.3775  -5.3433  -1.7713  -1.6861  -1.2329  -1.0786
    -0.8950  -0.8790  -0.6754  -0.5324  -0.4427  -0.4131  -0.2988  -0.2049

          k = 0.4000-0.1011-0.7880 ( 27124 PWs)   bands (ev):

   -24.7413 -24.7413 -10.4359 -10.4322 -10.0165 -10.0161  -9.9974  -9.9922
    -5.8087  -5.7618  -5.2888  -5.2389  -2.3322  -2.2925  -1.3646  -1.3132
    -0.7211  -0.6411  -0.6096  -0.5884  -0.4128  -0.4012  -0.3311  -0.2594

          k = 0.4000 0.4042 0.3152 ( 27096 PWs)   bands (ev):

   -24.7510 -24.7506 -10.1852 -10.1769 -10.1045 -10.0929  -9.9917  -9.9838
    -5.9234  -5.8468  -5.4854  -5.4625  -1.7854  -1.7471  -1.5609  -1.4314
    -0.7538  -0.7264  -0.6238  -0.5300  -0.4075  -0.3749  -0.2994  -0.2367

          k = 0.4000-0.1011-0.4728 ( 27113 PWs)   bands (ev):

   -24.7468 -24.7459 -10.2808 -10.2748 -10.0920 -10.0671 -10.0117  -9.9945
    -5.7934  -5.6691  -5.5066  -5.4541  -2.0142  -1.9510  -1.5343  -1.3093
    -0.8117  -0.7234  -0.6573  -0.5883  -0.4238  -0.3292  -0.3103  -0.2542

          k = 0.4000 0.4042 0.6304 ( 27118 PWs)   bands (ev):

   -24.7428 -24.7426 -10.3810 -10.3766 -10.0642 -10.0543  -9.9905  -9.9886
    -5.7364  -5.6733  -5.4248  -5.3552  -2.1511  -2.0992  -1.6411  -1.5930
    -0.7202  -0.6825  -0.4974  -0.4753  -0.3790  -0.3685  -0.2335  -0.1868

          k = 0.4000-0.1011-0.1576 ( 27119 PWs)   bands (ev):

   -24.7552 -24.7538 -10.1884 -10.1571 -10.0769 -10.0420  -9.9536  -9.9412
    -6.2035  -5.9454  -5.4213  -5.3801  -1.8962  -1.6532  -1.2908  -0.9605
    -0.8853  -0.7872  -0.7323  -0.6660  -0.5253  -0.3997  -0.3024  -0.2189

     highest occupied level (ev):    -0.0550

     Writing config to output data dir ./_ph0/pwscf.q_4/pwscf.save/ :
     XML data file

                                                                                

     bravais-lattice index     =            8
     lattice parameter (alat)  =      13.6741  a.u.
     unit-cell volume          =    1605.3416 (a.u.)^3
     number of atoms/cell      =           22
     number of atomic types    =            3
     kinetic-energy cut-off    =     100.0000  Ry
     charge density cut-off    =     800.0000  Ry
     convergence threshold     =      1.0E-14
     beta                      =       0.7000
     number of iterations used =            4
     Exchange-correlation= PBESOL
                           (   1   4  10   8   0   0   0)


     celldm(1)=   13.67410  celldm(2)=    0.98958  celldm(3)=    0.63448
     celldm(4)=    0.00000  celldm(5)=    0.00000  celldm(6)=    0.00000

     crystal axes: (cart. coord. in units of alat)
               a(1) = (  1.0000  0.0000  0.0000 )  
               a(2) = (  0.0000  0.9896  0.0000 )  
               a(3) = (  0.0000  0.0000  0.6345 )  

     reciprocal axes: (cart. coord. in units 2 pi/alat)
               b(1) = (  1.0000  0.0000  0.0000 )  
               b(2) = (  0.0000  1.0105  0.0000 )  
               b(3) = (  0.0000  0.0000  1.5761 )  


     Atoms inside the unit cell: 

     Cartesian axes

     site n.  atom      mass           positions (alat units)
        1  Ba    137.3270   tau(    1) = (    0.50000    0.49479    0.31725  )
        2  Ba    137.3270   tau(    2) = (    0.00000    0.00000    0.63447  )
        3  B      10.8110   tau(    3) = (    0.64136    0.26486    0.00001  )
        4  B      10.8110   tau(    4) = (    0.35864    0.72472    0.00001  )
        5  B      10.8110   tau(    5) = (    0.14136    0.22993    0.31723  )
        6  B      10.8110   tau(    6) = (    0.85864    0.75965    0.31723  )
        7  H       1.0079   tau(    7) = (    0.47146    0.27914    0.00001  )
        8  H       1.0079   tau(    8) = (    0.52854    0.71045    0.00001  )
        9  H       1.0079   tau(    9) = (    0.97146    0.21566    0.31723  )
       10  H       1.0079   tau(   10) = (    0.02854    0.77393    0.31723  )
       11  H       1.0079   tau(   11) = (    0.71284    0.42013    0.00001  )
       12  H       1.0079   tau(   12) = (    0.28716    0.56945    0.00001  )
       13  H       1.0079   tau(   13) = (    0.21284    0.07466    0.31723  )
       14  H       1.0079   tau(   14) = (    0.78716    0.91492    0.31723  )
       15  H       1.0079   tau(   15) = (    0.68722    0.18184    0.49342  )
       16  H       1.0079   tau(   16) = (    0.31278    0.80775    0.49342  )
       17  H       1.0079   tau(   17) = (    0.18722    0.31295    0.45830  )
       18  H       1.0079   tau(   18) = (    0.81278    0.67663    0.45830  )
       19  H       1.0079   tau(   19) = (    0.31278    0.80775    0.14108  )
       20  H       1.0079   tau(   20) = (    0.68722    0.18184    0.14108  )
       21  H       1.0079   tau(   21) = (    0.81278    0.67663    0.17616  )
       22  H       1.0079   tau(   22) = (    0.18722    0.31296    0.17616  )

     Computing dynamical matrix for 
                    q = (   0.0000000  -0.5052636  -0.7880444 )

      5 Sym.Ops. (with q -> -q+G )


     G cutoff = 3789.0269  (  25557 G-vectors)     FFT grid: (128,128, 80)
     G cutoff = 1894.5135  (   9039 G-vectors)  smooth grid: ( 90, 90, 60)
     number of k points=    54

     PseudoPot. # 1 for B  read from file:
     /home/mehlhorn/pseudos/b_pbesol_v1.4.uspp.F.UPF
     MD5 check sum: 369b69bef2c3aeed4453bd8b804fd6a8
     Pseudo is Ultrasoft + core correction, Zval =  3.0
     Generated by new atomic code, or converted to UPF format
     Using radial grid of  781 points,  4 beta functions with: 
                l(1) =   0
                l(2) =   0
                l(3) =   1
                l(4) =   1
     Q(r) pseudized with  8 coefficients,  rinner =    1.100   1.100   1.100


     PseudoPot. # 2 for Ba read from file:
     /home/mehlhorn/pseudos/Ba.nc.z_10.oncvpsp4.dojo.v4-sp.upf
     MD5 check sum: c10ed334bb677c0554edec7181ce9143
     Pseudo is Norm-conserving + core correction, Zval = 10.0
     Generated using ONCVPSP code by D. R. Hamann
     Using radial grid of 1938 points,  8 beta functions with: 
                l(1) =   0
                l(2) =   0
                l(3) =   1
                l(4) =   1
                l(5) =   2
                l(6) =   2
                l(7) =   3
                l(8) =   3

     PseudoPot. # 3 for H  read from file:
     /home/mehlhorn/pseudos/H_ONCV_PBEsol-1.0.upf
     MD5 check sum: 398ef8f67c0a7342c05c87c5e19ea467
     Pseudo is Norm-conserving, Zval =  1.0
     Generated using ONCVPSP code by D. R. Hamann
     Using radial grid of 1180 points,  2 beta functions with: 
                l(1) =   0
                l(2) =   0


     Atomic displacements:
     There are   33 irreducible representations

     Representation     1      2 modes -  To be done

     Representation     2      2 modes -  To be done

     Representation     3      2 modes -  To be done

     Representation     4      2 modes -  To be done

     Representation     5      2 modes -  To be done

     Representation     6      2 modes -  To be done

     Representation     7      2 modes -  To be done

     Representation     8      2 modes -  To be done

     Representation     9      2 modes -  To be done

     Representation    10      2 modes -  To be done

     Representation    11      2 modes -  To be done

     Representation    12      2 modes -  To be done

     Representation    13      2 modes -  To be done

     Representation    14      2 modes -  To be done

     Representation    15      2 modes -  To be done

     Representation    16      2 modes -  To be done

     Representation    17      2 modes -  To be done

     Representation    18      2 modes -  To be done

     Representation    19      2 modes -  To be done

     Representation    20      2 modes -  To be done

     Representation    21      2 modes -  To be done

     Representation    22      2 modes -  To be done

     Representation    23      2 modes -  To be done

     Representation    24      2 modes -  To be done

     Representation    25      2 modes -  To be done

     Representation    26      2 modes -  To be done

     Representation    27      2 modes -  To be done

     Representation    28      2 modes -  To be done

     Representation    29      2 modes -  To be done

     Representation    30      2 modes -  To be done

     Representation    31      2 modes -  To be done

     Representation    32      2 modes -  To be done

     Representation    33      2 modes -  To be done



     Alpha used in Ewald sum =   2.8000
     PHONON       :   1d 9h21m CPU   1d 9h41m WALL



     Representation #   1 modes #   1   2

     Self-consistent Calculation

      iter #   1 total cpu time :121368.8 secs   av.it.:   4.8
      thresh= 1.000E-02 alpha_mix =  0.700 |ddv_scf|^2 =  7.317E-09

      iter #   2 total cpu time :121582.6 secs   av.it.:  16.8
      thresh= 8.554E-06 alpha_mix =  0.700 |ddv_scf|^2 =  4.965E-09

      iter #   3 total cpu time :121792.8 secs   av.it.:  15.9
      thresh= 7.047E-06 alpha_mix =  0.700 |ddv_scf|^2 =  2.375E-11

      iter #   4 total cpu time :122011.7 secs   av.it.:  16.6
      thresh= 4.874E-07 alpha_mix =  0.700 |ddv_scf|^2 =  1.778E-12

      iter #   5 total cpu time :122229.3 secs   av.it.:  16.9
      thresh= 1.333E-07 alpha_mix =  0.700 |ddv_scf|^2 =  1.250E-13

      iter #   6 total cpu time :122453.4 secs   av.it.:  17.0
      thresh= 3.535E-08 alpha_mix =  0.700 |ddv_scf|^2 =  6.395E-15

     End of self-consistent calculation

     Convergence has been achieved 


     Representation #   2 modes #   3   4

     Self-consistent Calculation

      iter #   1 total cpu time :122546.2 secs   av.it.:   3.0
      thresh= 1.000E-02 alpha_mix =  0.700 |ddv_scf|^2 =  8.036E-10

      iter #   2 total cpu time :122759.0 secs   av.it.:  16.9
      thresh= 2.835E-06 alpha_mix =  0.700 |ddv_scf|^2 =  4.571E-10

      iter #   3 total cpu time :122967.1 secs   av.it.:  16.0
      thresh= 2.138E-06 alpha_mix =  0.700 |ddv_scf|^2 =  3.563E-12

      iter #   4 total cpu time :123185.6 secs   av.it.:  16.6
      thresh= 1.888E-07 alpha_mix =  0.700 |ddv_scf|^2 =  3.340E-13

      iter #   5 total cpu time :123405.5 secs   av.it.:  16.8
      thresh= 5.779E-08 alpha_mix =  0.700 |ddv_scf|^2 =  8.696E-15

     End of self-consistent calculation

     Convergence has been achieved 


     Representation #   3 modes #   5   6

     Self-consistent Calculation

      iter #   1 total cpu time :123501.5 secs   av.it.:   3.6
      thresh= 1.000E-02 alpha_mix =  0.700 |ddv_scf|^2 =  8.629E-10

      iter #   2 total cpu time :123723.7 secs   av.it.:  17.0
      thresh= 2.937E-06 alpha_mix =  0.700 |ddv_scf|^2 =  4.849E-10

      iter #   3 total cpu time :123935.8 secs   av.it.:  16.0
      thresh= 2.202E-06 alpha_mix =  0.700 |ddv_scf|^2 =  2.275E-12

      iter #   4 total cpu time :124153.6 secs   av.it.:  16.9
      thresh= 1.508E-07 alpha_mix =  0.700 |ddv_scf|^2 =  2.861E-13

      iter #   5 total cpu time :124367.9 secs   av.it.:  16.1
      thresh= 5.349E-08 alpha_mix =  0.700 |ddv_scf|^2 =  1.447E-14

      iter #   6 total cpu time :124585.8 secs   av.it.:  17.0
      thresh= 1.203E-08 alpha_mix =  0.700 |ddv_scf|^2 =  8.512E-16

     End of self-consistent calculation

     Convergence has been achieved 


     Representation #   4 modes #   7   8

     Self-consistent Calculation

      iter #   1 total cpu time :124677.8 secs   av.it.:   3.1
      thresh= 1.000E-02 alpha_mix =  0.700 |ddv_scf|^2 =  7.047E-10

      iter #   2 total cpu time :124892.1 secs   av.it.:  17.0
      thresh= 2.655E-06 alpha_mix =  0.700 |ddv_scf|^2 =  4.222E-10

      iter #   3 total cpu time :125097.2 secs   av.it.:  16.0
      thresh= 2.055E-06 alpha_mix =  0.700 |ddv_scf|^2 =  3.786E-12

      iter #   4 total cpu time :125305.7 secs   av.it.:  16.6
      thresh= 1.946E-07 alpha_mix =  0.700 |ddv_scf|^2 =  2.494E-13

      iter #   5 total cpu time :125515.7 secs   av.it.:  17.0
      thresh= 4.994E-08 alpha_mix =  0.700 |ddv_scf|^2 =  1.549E-14

      iter #   6 total cpu time :125725.8 secs   av.it.:  17.0
      thresh= 1.244E-08 alpha_mix =  0.700 |ddv_scf|^2 =  1.396E-15

     End of self-consistent calculation

     Convergence has been achieved 


     Representation #   5 modes #   9  10

     Self-consistent Calculation

      iter #   1 total cpu time :125816.7 secs   av.it.:   3.0
      thresh= 1.000E-02 alpha_mix =  0.700 |ddv_scf|^2 =  1.039E-09

      iter #   2 total cpu time :126028.0 secs   av.it.:  16.9
      thresh= 3.224E-06 alpha_mix =  0.700 |ddv_scf|^2 =  6.155E-10

      iter #   3 total cpu time :126230.2 secs   av.it.:  16.0
      thresh= 2.481E-06 alpha_mix =  0.700 |ddv_scf|^2 =  1.368E-12

      iter #   4 total cpu time :126442.6 secs   av.it.:  17.0
      thresh= 1.170E-07 alpha_mix =  0.700 |ddv_scf|^2 =  1.415E-13

      iter #   5 total cpu time :126658.7 secs   av.it.:  17.0
      thresh= 3.761E-08 alpha_mix =  0.700 |ddv_scf|^2 =  9.398E-15

     End of self-consistent calculation

     Convergence has been achieved 


     Representation #   6 modes #  11  12

     Self-consistent Calculation

      iter #   1 total cpu time :126753.5 secs   av.it.:   3.7
      thresh= 1.000E-02 alpha_mix =  0.700 |ddv_scf|^2 =  1.594E-09

      iter #   2 total cpu time :126975.5 secs   av.it.:  17.0
      thresh= 3.992E-06 alpha_mix =  0.700 |ddv_scf|^2 =  1.117E-09

      iter #   3 total cpu time :127187.8 secs   av.it.:  16.0
      thresh= 3.343E-06 alpha_mix =  0.700 |ddv_scf|^2 =  8.726E-13

      iter #   4 total cpu time :127413.0 secs   av.it.:  17.0
      thresh= 9.341E-08 alpha_mix =  0.700 |ddv_scf|^2 =  2.465E-13

      iter #   5 total cpu time :127631.6 secs   av.it.:  16.2
      thresh= 4.965E-08 alpha_mix =  0.700 |ddv_scf|^2 =  1.837E-14

      iter #   6 total cpu time :127848.7 secs   av.it.:  16.0
      thresh= 1.355E-08 alpha_mix =  0.700 |ddv_scf|^2 =  1.269E-15

     End of self-consistent calculation

     Convergence has been achieved 


     Representation #   7 modes #  13  14

     Self-consistent Calculation

      iter #   1 total cpu time :127943.5 secs   av.it.:   3.4
      thresh= 1.000E-02 alpha_mix =  0.700 |ddv_scf|^2 =  6.622E-10

      iter #   2 total cpu time :128166.1 secs   av.it.:  17.0
      thresh= 2.573E-06 alpha_mix =  0.700 |ddv_scf|^2 =  3.720E-10

      iter #   3 total cpu time :128377.4 secs   av.it.:  16.0
      thresh= 1.929E-06 alpha_mix =  0.700 |ddv_scf|^2 =  4.052E-12

      iter #   4 total cpu time :128589.5 secs   av.it.:  16.5
      thresh= 2.013E-07 alpha_mix =  0.700 |ddv_scf|^2 =  3.190E-13

      iter #   5 total cpu time :128797.7 secs   av.it.:  16.0
      thresh= 5.648E-08 alpha_mix =  0.700 |ddv_scf|^2 =  2.507E-14

      iter #   6 total cpu time :129005.6 secs   av.it.:  16.0
      thresh= 1.583E-08 alpha_mix =  0.700 |ddv_scf|^2 =  1.156E-15

     End of self-consistent calculation

     Convergence has been achieved 


     Representation #   8 modes #  15  16

     Self-consistent Calculation

      iter #   1 total cpu time :129133.8 secs   av.it.:   6.6
      thresh= 1.000E-02 alpha_mix =  0.700 |ddv_scf|^2 =  6.641E-08

      iter #   2 total cpu time :129341.6 secs   av.it.:  16.4
      thresh= 2.577E-05 alpha_mix =  0.700 |ddv_scf|^2 =  5.138E-08

      iter #   3 total cpu time :129540.2 secs   av.it.:  15.9
      thresh= 2.267E-05 alpha_mix =  0.700 |ddv_scf|^2 =  9.239E-11

      iter #   4 total cpu time :129750.3 secs   av.it.:  16.9
      thresh= 9.612E-07 alpha_mix =  0.700 |ddv_scf|^2 =  2.670E-12

      iter #   5 total cpu time :129958.0 secs   av.it.:  16.5
      thresh= 1.634E-07 alpha_mix =  0.700 |ddv_scf|^2 =  7.248E-14

      iter #   6 total cpu time :130174.0 secs   av.it.:  16.9
      thresh= 2.692E-08 alpha_mix =  0.700 |ddv_scf|^2 =  1.585E-14

      iter #   7 total cpu time :130382.2 secs   av.it.:  16.1
      thresh= 1.259E-08 alpha_mix =  0.700 |ddv_scf|^2 =  2.085E-15

     End of self-consistent calculation

     Convergence has been achieved 


     Representation #   9 modes #  17  18

     Self-consistent Calculation

      iter #   1 total cpu time :130476.6 secs   av.it.:   3.4
      thresh= 1.000E-02 alpha_mix =  0.700 |ddv_scf|^2 =  3.401E-10

      iter #   2 total cpu time :130703.5 secs   av.it.:  17.0
      thresh= 1.844E-06 alpha_mix =  0.700 |ddv_scf|^2 =  1.275E-10

      iter #   3 total cpu time :130923.7 secs   av.it.:  17.0
      thresh= 1.129E-06 alpha_mix =  0.700 |ddv_scf|^2 =  2.567E-12

      iter #   4 total cpu time :131137.3 secs   av.it.:  16.6
      thresh= 1.602E-07 alpha_mix =  0.700 |ddv_scf|^2 =  2.878E-13

      iter #   5 total cpu time :131345.4 secs   av.it.:  16.1
      thresh= 5.364E-08 alpha_mix =  0.700 |ddv_scf|^2 =  1.433E-14

      iter #   6 total cpu time :131554.0 secs   av.it.:  16.4
      thresh= 1.197E-08 alpha_mix =  0.700 |ddv_scf|^2 =  7.963E-16

     End of self-consistent calculation

     Convergence has been achieved 


     Representation #  10 modes #  19  20

     Self-consistent Calculation

      iter #   1 total cpu time :131658.5 secs   av.it.:   4.6
      thresh= 1.000E-02 alpha_mix =  0.700 |ddv_scf|^2 =  3.305E-09

      iter #   2 total cpu time :131873.3 secs   av.it.:  17.0
      thresh= 5.749E-06 alpha_mix =  0.700 |ddv_scf|^2 =  1.456E-09

      iter #   3 total cpu time :132083.1 secs   av.it.:  16.0
      thresh= 3.815E-06 alpha_mix =  0.700 |ddv_scf|^2 =  3.847E-11

      iter #   4 total cpu time :132300.7 secs   av.it.:  16.0
      thresh= 6.203E-07 alpha_mix =  0.700 |ddv_scf|^2 =  1.117E-12

      iter #   5 total cpu time :132524.2 secs   av.it.:  17.0
      thresh= 1.057E-07 alpha_mix =  0.700 |ddv_scf|^2 =  1.590E-13

      iter #   6 total cpu time :132743.6 secs   av.it.:  16.9
      thresh= 3.987E-08 alpha_mix =  0.700 |ddv_scf|^2 =  7.678E-15

     End of self-consistent calculation

     Convergence has been achieved 


     Representation #  11 modes #  21  22

     Self-consistent Calculation

      iter #   1 total cpu time :132837.0 secs   av.it.:   3.0
      thresh= 1.000E-02 alpha_mix =  0.700 |ddv_scf|^2 =  5.230E-10

      iter #   2 total cpu time :133061.5 secs   av.it.:  17.0
      thresh= 2.287E-06 alpha_mix =  0.700 |ddv_scf|^2 =  2.843E-10

      iter #   3 total cpu time :133277.5 secs   av.it.:  16.0
      thresh= 1.686E-06 alpha_mix =  0.700 |ddv_scf|^2 =  3.369E-12

      iter #   4 total cpu time :133495.4 secs   av.it.:  16.1
      thresh= 1.835E-07 alpha_mix =  0.700 |ddv_scf|^2 =  3.338E-13

      iter #   5 total cpu time :133706.1 secs   av.it.:  16.8
      thresh= 5.778E-08 alpha_mix =  0.700 |ddv_scf|^2 =  1.586E-14

      iter #   6 total cpu time :133920.3 secs   av.it.:  16.4
      thresh= 1.259E-08 alpha_mix =  0.700 |ddv_scf|^2 =  1.693E-15

     End of self-consistent calculation

     Convergence has been achieved 


     Representation #  12 modes #  23  24

     Self-consistent Calculation

      iter #   1 total cpu time :134010.7 secs   av.it.:   3.0
      thresh= 1.000E-02 alpha_mix =  0.700 |ddv_scf|^2 =  3.785E-10

      iter #   2 total cpu time :134229.3 secs   av.it.:  17.0
      thresh= 1.946E-06 alpha_mix =  0.700 |ddv_scf|^2 =  1.408E-10

      iter #   3 total cpu time :134440.9 secs   av.it.:  16.0
      thresh= 1.186E-06 alpha_mix =  0.700 |ddv_scf|^2 =  2.203E-12

      iter #   4 total cpu time :134654.7 secs   av.it.:  16.9
      thresh= 1.484E-07 alpha_mix =  0.700 |ddv_scf|^2 =  1.668E-13

      iter #   5 total cpu time :134864.7 secs   av.it.:  16.7
      thresh= 4.084E-08 alpha_mix =  0.700 |ddv_scf|^2 =  1.398E-14

      iter #   6 total cpu time :135075.1 secs   av.it.:  16.9
      thresh= 1.182E-08 alpha_mix =  0.700 |ddv_scf|^2 =  7.946E-16

     End of self-consistent calculation

     Convergence has been achieved 


     Representation #  13 modes #  25  26

     Self-consistent Calculation

      iter #   1 total cpu time :135166.3 secs   av.it.:   3.0
      thresh= 1.000E-02 alpha_mix =  0.700 |ddv_scf|^2 =  6.197E-10

      iter #   2 total cpu time :135389.0 secs   av.it.:  17.0
      thresh= 2.489E-06 alpha_mix =  0.700 |ddv_scf|^2 =  3.453E-10

      iter #   3 total cpu time :135603.5 secs   av.it.:  16.0
      thresh= 1.858E-06 alpha_mix =  0.700 |ddv_scf|^2 =  2.375E-12

      iter #   4 total cpu time :135813.7 secs   av.it.:  16.9
      thresh= 1.541E-07 alpha_mix =  0.700 |ddv_scf|^2 =  3.142E-13

      iter #   5 total cpu time :136024.1 secs   av.it.:  16.4
      thresh= 5.606E-08 alpha_mix =  0.700 |ddv_scf|^2 =  1.604E-14

      iter #   6 total cpu time :136235.9 secs   av.it.:  16.7
      thresh= 1.267E-08 alpha_mix =  0.700 |ddv_scf|^2 =  1.412E-15

     End of self-consistent calculation

     Convergence has been achieved 


     Representation #  14 modes #  27  28

     Self-consistent Calculation

      iter #   1 total cpu time :136327.4 secs   av.it.:   3.0
      thresh= 1.000E-02 alpha_mix =  0.700 |ddv_scf|^2 =  6.852E-10

      iter #   2 total cpu time :136541.4 secs   av.it.:  17.0
      thresh= 2.618E-06 alpha_mix =  0.700 |ddv_scf|^2 =  3.230E-10

      iter #   3 total cpu time :136755.5 secs   av.it.:  16.0
      thresh= 1.797E-06 alpha_mix =  0.700 |ddv_scf|^2 =  6.985E-13

      iter #   4 total cpu time :136973.7 secs   av.it.:  17.0
      thresh= 8.358E-08 alpha_mix =  0.700 |ddv_scf|^2 =  1.918E-13

      iter #   5 total cpu time :137183.1 secs   av.it.:  16.4
      thresh= 4.380E-08 alpha_mix =  0.700 |ddv_scf|^2 =  6.538E-15

     End of self-consistent calculation

     Convergence has been achieved 


     Representation #  15 modes #  29  30

     Self-consistent Calculation

      iter #   1 total cpu time :137278.5 secs   av.it.:   4.0
      thresh= 1.000E-02 alpha_mix =  0.700 |ddv_scf|^2 =  1.330E-09

      iter #   2 total cpu time :137501.5 secs   av.it.:  17.0
      thresh= 3.647E-06 alpha_mix =  0.700 |ddv_scf|^2 =  8.987E-10

      iter #   3 total cpu time :137715.3 secs   av.it.:  16.0
      thresh= 2.998E-06 alpha_mix =  0.700 |ddv_scf|^2 =  4.194E-12

      iter #   4 total cpu time :137935.8 secs   av.it.:  16.9
      thresh= 2.048E-07 alpha_mix =  0.700 |ddv_scf|^2 =  2.940E-13

      iter #   5 total cpu time :138158.6 secs   av.it.:  17.0
      thresh= 5.423E-08 alpha_mix =  0.700 |ddv_scf|^2 =  3.711E-14

      iter #   6 total cpu time :138375.6 secs   av.it.:  16.0
      thresh= 1.926E-08 alpha_mix =  0.700 |ddv_scf|^2 =  2.356E-15

     End of self-consistent calculation

     Convergence has been achieved 


     Representation #  16 modes #  31  32

     Self-consistent Calculation

      iter #   1 total cpu time :138466.0 secs   av.it.:   3.0
      thresh= 1.000E-02 alpha_mix =  0.700 |ddv_scf|^2 =  2.979E-10

      iter #   2 total cpu time :138678.1 secs   av.it.:  17.0
      thresh= 1.726E-06 alpha_mix =  0.700 |ddv_scf|^2 =  1.376E-10

      iter #   3 total cpu time :138882.3 secs   av.it.:  16.0
      thresh= 1.173E-06 alpha_mix =  0.700 |ddv_scf|^2 =  3.363E-12

      iter #   4 total cpu time :139090.5 secs   av.it.:  16.3
      thresh= 1.834E-07 alpha_mix =  0.700 |ddv_scf|^2 =  2.041E-13

      iter #   5 total cpu time :139299.5 secs   av.it.:  16.4
      thresh= 4.517E-08 alpha_mix =  0.700 |ddv_scf|^2 =  1.413E-14

      iter #   6 total cpu time :139503.6 secs   av.it.:  16.0
      thresh= 1.189E-08 alpha_mix =  0.700 |ddv_scf|^2 =  9.549E-16

     End of self-consistent calculation

     Convergence has been achieved 


     Representation #  17 modes #  33  34

     Self-consistent Calculation

      iter #   1 total cpu time :139609.9 secs   av.it.:   5.0
      thresh= 1.000E-02 alpha_mix =  0.700 |ddv_scf|^2 =  5.409E-09

      iter #   2 total cpu time :139822.9 secs   av.it.:  17.0
      thresh= 7.355E-06 alpha_mix =  0.700 |ddv_scf|^2 =  2.996E-09

      iter #   3 total cpu time :140023.0 secs   av.it.:  16.0
      thresh= 5.474E-06 alpha_mix =  0.700 |ddv_scf|^2 =  2.258E-11

      iter #   4 total cpu time :140230.1 secs   av.it.:  16.8
      thresh= 4.752E-07 alpha_mix =  0.700 |ddv_scf|^2 =  1.771E-12

      iter #   5 total cpu time :140437.6 secs   av.it.:  17.0
      thresh= 1.331E-07 alpha_mix =  0.700 |ddv_scf|^2 =  2.128E-13

      iter #   6 total cpu time :140644.0 secs   av.it.:  16.7
      thresh= 4.613E-08 alpha_mix =  0.700 |ddv_scf|^2 =  1.016E-14

      iter #   7 total cpu time :140857.0 secs   av.it.:  17.0
      thresh= 1.008E-08 alpha_mix =  0.700 |ddv_scf|^2 =  1.704E-15

     End of self-consistent calculation

     Convergence has been achieved 


     Representation #  18 modes #  35  36

     Self-consistent Calculation

      iter #   1 total cpu time :140948.1 secs   av.it.:   3.0
      thresh= 1.000E-02 alpha_mix =  0.700 |ddv_scf|^2 =  5.194E-10

      iter #   2 total cpu time :141162.3 secs   av.it.:  17.0
      thresh= 2.279E-06 alpha_mix =  0.700 |ddv_scf|^2 =  2.891E-10

      iter #   3 total cpu time :141371.3 secs   av.it.:  16.0
      thresh= 1.700E-06 alpha_mix =  0.700 |ddv_scf|^2 =  3.366E-12

      iter #   4 total cpu time :141582.3 secs   av.it.:  16.7
      thresh= 1.835E-07 alpha_mix =  0.700 |ddv_scf|^2 =  3.723E-13

      iter #   5 total cpu time :141791.8 secs   av.it.:  16.9
      thresh= 6.102E-08 alpha_mix =  0.700 |ddv_scf|^2 =  1.212E-14

      iter #   6 total cpu time :142000.5 secs   av.it.:  16.9
      thresh= 1.101E-08 alpha_mix =  0.700 |ddv_scf|^2 =  1.370E-15

     End of self-consistent calculation

     Convergence has been achieved 


     Representation #  19 modes #  37  38

     Self-consistent Calculation

      iter #   1 total cpu time :142127.6 secs   av.it.:   6.6
      thresh= 1.000E-02 alpha_mix =  0.700 |ddv_scf|^2 =  1.764E-08

      iter #   2 total cpu time :142337.7 secs   av.it.:  16.9
      thresh= 1.328E-05 alpha_mix =  0.700 |ddv_scf|^2 =  6.433E-09

      iter #   3 total cpu time :142544.0 secs   av.it.:  15.9
      thresh= 8.021E-06 alpha_mix =  0.700 |ddv_scf|^2 =  5.452E-11

      iter #   4 total cpu time :142749.9 secs   av.it.:  15.9
      thresh= 7.384E-07 alpha_mix =  0.700 |ddv_scf|^2 =  5.581E-12

      iter #   5 total cpu time :142959.1 secs   av.it.:  16.2
      thresh= 2.362E-07 alpha_mix =  0.700 |ddv_scf|^2 =  6.567E-14

      iter #   6 total cpu time :143175.9 secs   av.it.:  16.9
      thresh= 2.563E-08 alpha_mix =  0.700 |ddv_scf|^2 =  2.980E-15

     End of self-consistent calculation

     Convergence has been achieved 


     Representation #  20 modes #  39  40

     Self-consistent Calculation

      iter #   1 total cpu time :143268.2 secs   av.it.:   3.1
      thresh= 1.000E-02 alpha_mix =  0.700 |ddv_scf|^2 =  6.533E-10

      iter #   2 total cpu time :143482.7 secs   av.it.:  17.0
      thresh= 2.556E-06 alpha_mix =  0.700 |ddv_scf|^2 =  4.237E-10

      iter #   3 total cpu time :143684.8 secs   av.it.:  16.0
      thresh= 2.058E-06 alpha_mix =  0.700 |ddv_scf|^2 =  2.061E-12

      iter #   4 total cpu time :143893.7 secs   av.it.:  17.0
      thresh= 1.436E-07 alpha_mix =  0.700 |ddv_scf|^2 =  5.532E-13

      iter #   5 total cpu time :144095.8 secs   av.it.:  16.0
      thresh= 7.438E-08 alpha_mix =  0.700 |ddv_scf|^2 =  1.149E-14

      iter #   6 total cpu time :144307.1 secs   av.it.:  17.0
      thresh= 1.072E-08 alpha_mix =  0.700 |ddv_scf|^2 =  1.218E-15

     End of self-consistent calculation

     Convergence has been achieved 


     Representation #  21 modes #  41  42

     Self-consistent Calculation

      iter #   1 total cpu time :144411.0 secs   av.it.:   4.3
      thresh= 1.000E-02 alpha_mix =  0.700 |ddv_scf|^2 =  1.566E-09

      iter #   2 total cpu time :144627.6 secs   av.it.:  17.0
      thresh= 3.957E-06 alpha_mix =  0.700 |ddv_scf|^2 =  2.032E-10

      iter #   3 total cpu time :144839.2 secs   av.it.:  17.0
      thresh= 1.426E-06 alpha_mix =  0.700 |ddv_scf|^2 =  1.243E-11

      iter #   4 total cpu time :145047.7 secs   av.it.:  16.1
      thresh= 3.525E-07 alpha_mix =  0.700 |ddv_scf|^2 =  9.161E-13

      iter #   5 total cpu time :145257.6 secs   av.it.:  16.7
      thresh= 9.571E-08 alpha_mix =  0.700 |ddv_scf|^2 =  1.134E-13

      iter #   6 total cpu time :145467.9 secs   av.it.:  17.0
      thresh= 3.368E-08 alpha_mix =  0.700 |ddv_scf|^2 =  1.328E-15

     End of self-consistent calculation

     Convergence has been achieved 


     Representation #  22 modes #  43  44

     Self-consistent Calculation

      iter #   1 total cpu time :145559.3 secs   av.it.:   3.0
      thresh= 1.000E-02 alpha_mix =  0.700 |ddv_scf|^2 =  5.116E-10

      iter #   2 total cpu time :145774.3 secs   av.it.:  17.0
      thresh= 2.262E-06 alpha_mix =  0.700 |ddv_scf|^2 =  2.583E-10

      iter #   3 total cpu time :145981.7 secs   av.it.:  16.2
      thresh= 1.607E-06 alpha_mix =  0.700 |ddv_scf|^2 =  2.391E-12

      iter #   4 total cpu time :146191.0 secs   av.it.:  16.9
      thresh= 1.546E-07 alpha_mix =  0.700 |ddv_scf|^2 =  5.809E-13

      iter #   5 total cpu time :146396.3 secs   av.it.:  16.0
      thresh= 7.622E-08 alpha_mix =  0.700 |ddv_scf|^2 =  9.726E-15

     End of self-consistent calculation

     Convergence has been achieved 


     Representation #  23 modes #  45  46

     Self-consistent Calculation

      iter #   1 total cpu time :146486.0 secs   av.it.:   3.0
      thresh= 1.000E-02 alpha_mix =  0.700 |ddv_scf|^2 =  5.816E-10

      iter #   2 total cpu time :146695.7 secs   av.it.:  17.0
      thresh= 2.412E-06 alpha_mix =  0.700 |ddv_scf|^2 =  3.031E-10

      iter #   3 total cpu time :146902.0 secs   av.it.:  16.0
      thresh= 1.741E-06 alpha_mix =  0.700 |ddv_scf|^2 =  4.113E-12

      iter #   4 total cpu time :147112.7 secs   av.it.:  16.4
      thresh= 2.028E-07 alpha_mix =  0.700 |ddv_scf|^2 =  4.394E-13

      iter #   5 total cpu time :147324.4 secs   av.it.:  16.9
      thresh= 6.629E-08 alpha_mix =  0.700 |ddv_scf|^2 =  1.701E-14

      iter #   6 total cpu time :147533.7 secs   av.it.:  16.4
      thresh= 1.304E-08 alpha_mix =  0.700 |ddv_scf|^2 =  9.984E-16

     End of self-consistent calculation

     Convergence has been achieved 


     Representation #  24 modes #  47  48

     Self-consistent Calculation

      iter #   1 total cpu time :147624.6 secs   av.it.:   3.0
      thresh= 1.000E-02 alpha_mix =  0.700 |ddv_scf|^2 =  4.353E-10

      iter #   2 total cpu time :147839.5 secs   av.it.:  17.0
      thresh= 2.086E-06 alpha_mix =  0.700 |ddv_scf|^2 =  2.288E-10

      iter #   3 total cpu time :148047.4 secs   av.it.:  16.0
      thresh= 1.513E-06 alpha_mix =  0.700 |ddv_scf|^2 =  2.346E-12

      iter #   4 total cpu time :148262.8 secs   av.it.:  16.9
      thresh= 1.532E-07 alpha_mix =  0.700 |ddv_scf|^2 =  2.759E-13

      iter #   5 total cpu time :148473.6 secs   av.it.:  17.0
      thresh= 5.252E-08 alpha_mix =  0.700 |ddv_scf|^2 =  1.767E-14

      iter #   6 total cpu time :148681.8 secs   av.it.:  16.8
      thresh= 1.329E-08 alpha_mix =  0.700 |ddv_scf|^2 =  1.576E-15

     End of self-consistent calculation

     Convergence has been achieved 


     Representation #  25 modes #  49  50

     Self-consistent Calculation

      iter #   1 total cpu time :148768.4 secs   av.it.:   3.0
      thresh= 1.000E-02 alpha_mix =  0.700 |ddv_scf|^2 =  2.304E-10

      iter #   2 total cpu time :148999.2 secs   av.it.:  17.0
      thresh= 1.518E-06 alpha_mix =  0.700 |ddv_scf|^2 =  9.747E-11

      iter #   3 total cpu time :149205.9 secs   av.it.:  16.0
      thresh= 9.873E-07 alpha_mix =  0.700 |ddv_scf|^2 =  3.164E-12

      iter #   4 total cpu time :149419.0 secs   av.it.:  16.1
      thresh= 1.779E-07 alpha_mix =  0.700 |ddv_scf|^2 =  1.822E-13

      iter #   5 total cpu time :149629.0 secs   av.it.:  16.6
      thresh= 4.268E-08 alpha_mix =  0.700 |ddv_scf|^2 =  1.037E-14

      iter #   6 total cpu time :149845.1 secs   av.it.:  17.0
      thresh= 1.019E-08 alpha_mix =  0.700 |ddv_scf|^2 =  6.302E-16

     End of self-consistent calculation

     Convergence has been achieved 


     Representation #  26 modes #  51  52

     Self-consistent Calculation

      iter #   1 total cpu time :149973.7 secs   av.it.:   6.5
      thresh= 1.000E-02 alpha_mix =  0.700 |ddv_scf|^2 =  2.848E-08

      iter #   2 total cpu time :150180.6 secs   av.it.:  16.7
      thresh= 1.687E-05 alpha_mix =  0.700 |ddv_scf|^2 =  2.069E-08

      iter #   3 total cpu time :150379.0 secs   av.it.:  15.9
      thresh= 1.438E-05 alpha_mix =  0.700 |ddv_scf|^2 =  1.177E-10

      iter #   4 total cpu time :150584.3 secs   av.it.:  16.2
      thresh= 1.085E-06 alpha_mix =  0.700 |ddv_scf|^2 =  5.433E-12

      iter #   5 total cpu time :150793.3 secs   av.it.:  16.9
      thresh= 2.331E-07 alpha_mix =  0.700 |ddv_scf|^2 =  4.410E-13

      iter #   6 total cpu time :151007.3 secs   av.it.:  16.9
      thresh= 6.641E-08 alpha_mix =  0.700 |ddv_scf|^2 =  7.363E-15

     End of self-consistent calculation

     Convergence has been achieved 


     Representation #  27 modes #  53  54

     Self-consistent Calculation

      iter #   1 total cpu time :151111.8 secs   av.it.:   4.5
      thresh= 1.000E-02 alpha_mix =  0.700 |ddv_scf|^2 =  2.444E-09

      iter #   2 total cpu time :151325.6 secs   av.it.:  17.0
      thresh= 4.944E-06 alpha_mix =  0.700 |ddv_scf|^2 =  1.110E-09

      iter #   3 total cpu time :151528.4 secs   av.it.:  16.0
      thresh= 3.332E-06 alpha_mix =  0.700 |ddv_scf|^2 =  3.270E-11

      iter #   4 total cpu time :151734.9 secs   av.it.:  16.0
      thresh= 5.718E-07 alpha_mix =  0.700 |ddv_scf|^2 =  8.947E-13

      iter #   5 total cpu time :151948.0 secs   av.it.:  17.0
      thresh= 9.459E-08 alpha_mix =  0.700 |ddv_scf|^2 =  1.434E-13

      iter #   6 total cpu time :152159.0 secs   av.it.:  17.0
      thresh= 3.787E-08 alpha_mix =  0.700 |ddv_scf|^2 =  3.781E-15

     End of self-consistent calculation

     Convergence has been achieved 


     Representation #  28 modes #  55  56

     Self-consistent Calculation

      iter #   1 total cpu time :152250.0 secs   av.it.:   3.2
      thresh= 1.000E-02 alpha_mix =  0.700 |ddv_scf|^2 =  5.852E-10

      iter #   2 total cpu time :152472.6 secs   av.it.:  17.0
      thresh= 2.419E-06 alpha_mix =  0.700 |ddv_scf|^2 =  2.770E-10

      iter #   3 total cpu time :152682.9 secs   av.it.:  16.0
      thresh= 1.664E-06 alpha_mix =  0.700 |ddv_scf|^2 =  1.540E-12

      iter #   4 total cpu time :152896.7 secs   av.it.:  17.0
      thresh= 1.241E-07 alpha_mix =  0.700 |ddv_scf|^2 =  2.548E-13

      iter #   5 total cpu time :153108.2 secs   av.it.:  16.8
      thresh= 5.048E-08 alpha_mix =  0.700 |ddv_scf|^2 =  8.611E-15

     End of self-consistent calculation

     Convergence has been achieved 


     Representation #  29 modes #  57  58

     Self-consistent Calculation

      iter #   1 total cpu time :153216.3 secs   av.it.:   5.0
      thresh= 1.000E-02 alpha_mix =  0.700 |ddv_scf|^2 =  9.709E-09

      iter #   2 total cpu time :153430.6 secs   av.it.:  16.8
      thresh= 9.853E-06 alpha_mix =  0.700 |ddv_scf|^2 =  6.504E-09

      iter #   3 total cpu time :153640.1 secs   av.it.:  16.0
      thresh= 8.065E-06 alpha_mix =  0.700 |ddv_scf|^2 =  1.391E-11

      iter #   4 total cpu time :153862.6 secs   av.it.:  17.0
      thresh= 3.729E-07 alpha_mix =  0.700 |ddv_scf|^2 =  2.462E-12

      iter #   5 total cpu time :154079.9 secs   av.it.:  16.8
      thresh= 1.569E-07 alpha_mix =  0.700 |ddv_scf|^2 =  1.346E-13

      iter #   6 total cpu time :154291.8 secs   av.it.:  16.9
      thresh= 3.668E-08 alpha_mix =  0.700 |ddv_scf|^2 =  1.556E-14

      iter #   7 total cpu time :154504.2 secs   av.it.:  16.9
      thresh= 1.247E-08 alpha_mix =  0.700 |ddv_scf|^2 =  8.694E-16

     End of self-consistent calculation

     Convergence has been achieved 


     Representation #  30 modes #  59  60

     Self-consistent Calculation

      iter #   1 total cpu time :154599.2 secs   av.it.:   3.6
      thresh= 1.000E-02 alpha_mix =  0.700 |ddv_scf|^2 =  5.485E-10

      iter #   2 total cpu time :154823.9 secs   av.it.:  17.0
      thresh= 2.342E-06 alpha_mix =  0.700 |ddv_scf|^2 =  2.561E-10

      iter #   3 total cpu time :155035.7 secs   av.it.:  16.6
      thresh= 1.600E-06 alpha_mix =  0.700 |ddv_scf|^2 =  2.095E-12

      iter #   4 total cpu time :155264.4 secs   av.it.:  16.7
      thresh= 1.447E-07 alpha_mix =  0.700 |ddv_scf|^2 =  3.978E-13

      iter #   5 total cpu time :155473.9 secs   av.it.:  16.0
      thresh= 6.307E-08 alpha_mix =  0.700 |ddv_scf|^2 =  9.763E-15

     End of self-consistent calculation

     Convergence has been achieved 


     Representation #  31 modes #  61  62

     Self-consistent Calculation

      iter #   1 total cpu time :155565.9 secs   av.it.:   3.7
      thresh= 1.000E-02 alpha_mix =  0.700 |ddv_scf|^2 =  1.202E-09

      iter #   2 total cpu time :155775.5 secs   av.it.:  17.0
      thresh= 3.467E-06 alpha_mix =  0.700 |ddv_scf|^2 =  7.673E-10

      iter #   3 total cpu time :155976.4 secs   av.it.:  16.0
      thresh= 2.770E-06 alpha_mix =  0.700 |ddv_scf|^2 =  3.406E-12

      iter #   4 total cpu time :156183.8 secs   av.it.:  16.8
      thresh= 1.846E-07 alpha_mix =  0.700 |ddv_scf|^2 =  3.593E-13

      iter #   5 total cpu time :156393.9 secs   av.it.:  17.0
      thresh= 5.994E-08 alpha_mix =  0.700 |ddv_scf|^2 =  3.213E-14

      iter #   6 total cpu time :156601.7 secs   av.it.:  16.0
      thresh= 1.792E-08 alpha_mix =  0.700 |ddv_scf|^2 =  2.522E-15

     End of self-consistent calculation

     Convergence has been achieved 


     Representation #  32 modes #  63  64

     Self-consistent Calculation

      iter #   1 total cpu time :156693.7 secs   av.it.:   3.0
      thresh= 1.000E-02 alpha_mix =  0.700 |ddv_scf|^2 =  4.891E-10

      iter #   2 total cpu time :156914.5 secs   av.it.:  17.0
      thresh= 2.212E-06 alpha_mix =  0.700 |ddv_scf|^2 =  2.203E-10

      iter #   3 total cpu time :157127.8 secs   av.it.:  16.0
      thresh= 1.484E-06 alpha_mix =  0.700 |ddv_scf|^2 =  2.640E-12

      iter #   4 total cpu time :157342.1 secs   av.it.:  16.4
      thresh= 1.625E-07 alpha_mix =  0.700 |ddv_scf|^2 =  2.323E-13

      iter #   5 total cpu time :157554.2 secs   av.it.:  16.8
      thresh= 4.820E-08 alpha_mix =  0.700 |ddv_scf|^2 =  1.284E-14

      iter #   6 total cpu time :157763.0 secs   av.it.:  16.6
      thresh= 1.133E-08 alpha_mix =  0.700 |ddv_scf|^2 =  9.788E-16

     End of self-consistent calculation

     Convergence has been achieved 


     Representation #  33 modes #  65  66

     Self-consistent Calculation

      iter #   1 total cpu time :157856.4 secs   av.it.:   3.4
      thresh= 1.000E-02 alpha_mix =  0.700 |ddv_scf|^2 =  6.175E-10

      iter #   2 total cpu time :158078.9 secs   av.it.:  17.0
      thresh= 2.485E-06 alpha_mix =  0.700 |ddv_scf|^2 =  3.000E-10

      iter #   3 total cpu time :158294.4 secs   av.it.:  16.6
      thresh= 1.732E-06 alpha_mix =  0.700 |ddv_scf|^2 =  2.016E-12

      iter #   4 total cpu time :158509.7 secs   av.it.:  17.0
      thresh= 1.420E-07 alpha_mix =  0.700 |ddv_scf|^2 =  4.419E-13

      iter #   5 total cpu time :158715.4 secs   av.it.:  16.0
      thresh= 6.647E-08 alpha_mix =  0.700 |ddv_scf|^2 =  1.064E-14

      iter #   6 total cpu time :158925.5 secs   av.it.:  17.0
      thresh= 1.032E-08 alpha_mix =  0.700 |ddv_scf|^2 =  1.331E-15

     End of self-consistent calculation

     Convergence has been achieved 

     Number of q in the star =    1
     List of q in the star:
          1   0.000000000  -0.505263609  -0.788044408

     Diagonalizing the dynamical matrix

     q = (    0.000000000  -0.505263609  -0.788044408 ) 

 **************************************************************************
     freq (    1) =       1.236951 [THz] =      41.260254 [cm-1]
     freq (    2) =       1.236951 [THz] =      41.260254 [cm-1]
     freq (    3) =       1.532359 [THz] =      51.114002 [cm-1]
     freq (    4) =       1.532359 [THz] =      51.114002 [cm-1]
     freq (    5) =       3.289187 [THz] =     109.715474 [cm-1]
     freq (    6) =       3.289187 [THz] =     109.715474 [cm-1]
     freq (    7) =       4.307176 [THz] =     143.671918 [cm-1]
     freq (    8) =       4.307176 [THz] =     143.671918 [cm-1]
     freq (    9) =       4.625422 [THz] =     154.287466 [cm-1]
     freq (   10) =       4.625422 [THz] =     154.287466 [cm-1]
     freq (   11) =       6.613006 [THz] =     220.586139 [cm-1]
     freq (   12) =       6.613006 [THz] =     220.586139 [cm-1]
     freq (   13) =       6.698404 [THz] =     223.434709 [cm-1]
     freq (   14) =       6.698404 [THz] =     223.434709 [cm-1]
     freq (   15) =       7.501618 [THz] =     250.227049 [cm-1]
     freq (   16) =       7.501618 [THz] =     250.227049 [cm-1]
     freq (   17) =       8.042501 [THz] =     268.268952 [cm-1]
     freq (   18) =       8.042501 [THz] =     268.268952 [cm-1]
     freq (   19) =       8.115461 [THz] =     270.702654 [cm-1]
     freq (   20) =       8.115461 [THz] =     270.702654 [cm-1]
     freq (   21) =       8.783716 [THz] =     292.993241 [cm-1]
     freq (   22) =       8.783716 [THz] =     292.993241 [cm-1]
     freq (   23) =       8.849330 [THz] =     295.181879 [cm-1]
     freq (   24) =       8.849330 [THz] =     295.181879 [cm-1]
     freq (   25) =       9.499771 [THz] =     316.878253 [cm-1]
     freq (   26) =       9.499771 [THz] =     316.878253 [cm-1]
     freq (   27) =      11.943279 [THz] =     398.384921 [cm-1]
     freq (   28) =      11.943279 [THz] =     398.384921 [cm-1]
     freq (   29) =      12.262001 [THz] =     409.016320 [cm-1]
     freq (   30) =      12.262001 [THz] =     409.016320 [cm-1]
     freq (   31) =      30.484501 [THz] =    1016.853512 [cm-1]
     freq (   32) =      30.484501 [THz] =    1016.853512 [cm-1]
     freq (   33) =      30.705918 [THz] =    1024.239160 [cm-1]
     freq (   34) =      30.705918 [THz] =    1024.239160 [cm-1]
     freq (   35) =      31.834432 [THz] =    1061.882351 [cm-1]
     freq (   36) =      31.834432 [THz] =    1061.882351 [cm-1]
     freq (   37) =      31.934306 [THz] =    1065.213773 [cm-1]
     freq (   38) =      31.934306 [THz] =    1065.213773 [cm-1]
     freq (   39) =      32.648694 [THz] =    1089.043212 [cm-1]
     freq (   40) =      32.648694 [THz] =    1089.043212 [cm-1]
     freq (   41) =      32.675300 [THz] =    1089.930673 [cm-1]
     freq (   42) =      32.675300 [THz] =    1089.930673 [cm-1]
     freq (   43) =      35.835776 [THz] =    1195.352830 [cm-1]
     freq (   44) =      35.835776 [THz] =    1195.352830 [cm-1]
     freq (   45) =      35.877473 [THz] =    1196.743692 [cm-1]
     freq (   46) =      35.877473 [THz] =    1196.743692 [cm-1]
     freq (   47) =      36.197151 [THz] =    1207.407000 [cm-1]
     freq (   48) =      36.197151 [THz] =    1207.407000 [cm-1]
     freq (   49) =      36.473782 [THz] =    1216.634424 [cm-1]
     freq (   50) =      36.473782 [THz] =    1216.634424 [cm-1]
     freq (   51) =      68.438225 [THz] =    2282.853460 [cm-1]
     freq (   52) =      68.438225 [THz] =    2282.853460 [cm-1]
     freq (   53) =      68.496344 [THz] =    2284.792100 [cm-1]
     freq (   54) =      68.496344 [THz] =    2284.792100 [cm-1]
     freq (   55) =      70.026988 [THz] =    2335.848899 [cm-1]
     freq (   56) =      70.026988 [THz] =    2335.848899 [cm-1]
     freq (   57) =      70.254202 [THz] =    2343.427917 [cm-1]
     freq (   58) =      70.254202 [THz] =    2343.427917 [cm-1]
     freq (   59) =      70.554616 [THz] =    2353.448674 [cm-1]
     freq (   60) =      70.554616 [THz] =    2353.448674 [cm-1]
     freq (   61) =      70.577510 [THz] =    2354.212327 [cm-1]
     freq (   62) =      70.577510 [THz] =    2354.212327 [cm-1]
     freq (   63) =      71.469814 [THz] =    2383.976370 [cm-1]
     freq (   64) =      71.469814 [THz] =    2383.976370 [cm-1]
     freq (   65) =      71.486738 [THz] =    2384.540895 [cm-1]
     freq (   66) =      71.486738 [THz] =    2384.540895 [cm-1]
 **************************************************************************

     Calculation of q =   -0.5000000   0.0000000   0.0000000

     Parallelization info
     --------------------
     sticks:   dense  smooth     PW     G-vecs:    dense   smooth      PW
     Min         490     245     66                25554     9038    1276
     Max         491     247     67                25557     9040    1279
     Sum       11779    5897   1597               613353   216939   30669

     Using Slab Decomposition



     bravais-lattice index     =            8
     lattice parameter (alat)  =      13.6741  a.u.
     unit-cell volume          =    1605.3416 (a.u.)^3
     number of atoms/cell      =           22
     number of atomic types    =            3
     number of electrons       =        48.00
     number of Kohn-Sham states=           24
     kinetic-energy cutoff     =     100.0000  Ry
     charge density cutoff     =     800.0000  Ry
     Exchange-correlation= PBESOL
                           (   1   4  10   8   0   0   0)

     celldm(1)=  13.674099  celldm(2)=   0.989582  celldm(3)=   0.634482
     celldm(4)=   0.000000  celldm(5)=   0.000000  celldm(6)=   0.000000

     crystal axes: (cart. coord. in units of alat)
               a(1) = (   1.000000   0.000000   0.000000 )  
               a(2) = (   0.000000   0.989582   0.000000 )  
               a(3) = (   0.000000   0.000000   0.634482 )  

     reciprocal axes: (cart. coord. in units 2 pi/alat)
               b(1) = (  1.000000  0.000000  0.000000 )  
               b(2) = (  0.000000  1.010527  0.000000 )  
               b(3) = (  0.000000  0.000000  1.576089 )  


     PseudoPot. # 1 for B  read from file:
     /home/mehlhorn/pseudos/b_pbesol_v1.4.uspp.F.UPF
     MD5 check sum: 369b69bef2c3aeed4453bd8b804fd6a8
     Pseudo is Ultrasoft + core correction, Zval =  3.0
     Generated by new atomic code, or converted to UPF format
     Using radial grid of  781 points,  4 beta functions with: 
                l(1) =   0
                l(2) =   0
                l(3) =   1
                l(4) =   1
     Q(r) pseudized with  8 coefficients,  rinner =    1.100   1.100   1.100


     PseudoPot. # 2 for Ba read from file:
     /home/mehlhorn/pseudos/Ba.nc.z_10.oncvpsp4.dojo.v4-sp.upf
     MD5 check sum: c10ed334bb677c0554edec7181ce9143
     Pseudo is Norm-conserving + core correction, Zval = 10.0
     Generated using ONCVPSP code by D. R. Hamann
     Using radial grid of 1938 points,  8 beta functions with: 
                l(1) =   0
                l(2) =   0
                l(3) =   1
                l(4) =   1
                l(5) =   2
                l(6) =   2
                l(7) =   3
                l(8) =   3

     PseudoPot. # 3 for H  read from file:
     /home/mehlhorn/pseudos/H_ONCV_PBEsol-1.0.upf
     MD5 check sum: 398ef8f67c0a7342c05c87c5e19ea467
     Pseudo is Norm-conserving, Zval =  1.0
     Generated using ONCVPSP code by D. R. Hamann
     Using radial grid of 1180 points,  2 beta functions with: 
                l(1) =   0
                l(2) =   0

     atomic species   valence    mass     pseudopotential
     B                 3.00    10.81100     B ( 1.00)
     Ba               10.00   137.32700     Ba( 1.00)
     H                 1.00     1.00794     H ( 1.00)

      4 Sym. Ops. (no inversion) found



   Cartesian axes

     site n.     atom                  positions (alat units)
         1        Ba     tau(   1) = (   0.5000000   0.4947912   0.3172522  )
         2        Ba     tau(   2) = (   0.0000000   0.0000000   0.6344709  )
         3        B      tau(   3) = (   0.6413579   0.2648610   0.0000111  )
         4        B      tau(   4) = (   0.3586421   0.7247215   0.0000111  )
         5        B      tau(   5) = (   0.1413579   0.2299303   0.3172299  )
         6        B      tau(   6) = (   0.8586421   0.7596522   0.3172299  )
         7        H      tau(   7) = (   0.4714554   0.2791357   0.0000081  )
         8        H      tau(   8) = (   0.5285446   0.7104468   0.0000081  )
         9        H      tau(   9) = (   0.9714554   0.2156555   0.3172329  )
        10        H      tau(  10) = (   0.0285446   0.7739269   0.3172329  )
        11        H      tau(  11) = (   0.7128420   0.4201314   0.0000064  )
        12        H      tau(  12) = (   0.2871580   0.5694510   0.0000064  )
        13        H      tau(  13) = (   0.2128420   0.0746598   0.3172346  )
        14        H      tau(  14) = (   0.7871580   0.9149226   0.3172346  )
        15        H      tau(  15) = (   0.6872173   0.1818371   0.4934203  )
        16        H      tau(  16) = (   0.3127827   0.8077454   0.4934203  )
        17        H      tau(  17) = (   0.1872173   0.3129541   0.4583027  )
        18        H      tau(  18) = (   0.8127827   0.6766283   0.4583027  )
        19        H      tau(  19) = (   0.3127767   0.8077467   0.1410819  )
        20        H      tau(  20) = (   0.6872233   0.1818357   0.1410819  )
        21        H      tau(  21) = (   0.8127767   0.6766270   0.1761591  )
        22        H      tau(  22) = (   0.1872233   0.3129555   0.1761591  )

     number of k points=    54
                       cart. coord. in units 2pi/alat
        k(    1) = (   0.0000000   0.0000000   0.0000000), wk =   0.0160000
        k(    2) = (  -0.5000000   0.0000000   0.0000000), wk =   0.0000000
        k(    3) = (   0.0000000   0.0000000   0.3152178), wk =   0.0320000
        k(    4) = (  -0.5000000   0.0000000   0.3152178), wk =   0.0000000
        k(    5) = (   0.0000000   0.0000000   0.6304355), wk =   0.0320000
        k(    6) = (  -0.5000000   0.0000000   0.6304355), wk =   0.0000000
        k(    7) = (   0.0000000   0.2021054   0.0000000), wk =   0.0320000
        k(    8) = (  -0.5000000   0.2021054   0.0000000), wk =   0.0000000
        k(    9) = (   0.0000000   0.2021054   0.3152178), wk =   0.0640000
        k(   10) = (  -0.5000000   0.2021054   0.3152178), wk =   0.0000000
        k(   11) = (   0.0000000   0.2021054   0.6304355), wk =   0.0640000
        k(   12) = (  -0.5000000   0.2021054   0.6304355), wk =   0.0000000
        k(   13) = (   0.0000000   0.4042109   0.0000000), wk =   0.0320000
        k(   14) = (  -0.5000000   0.4042109   0.0000000), wk =   0.0000000
        k(   15) = (   0.0000000   0.4042109   0.3152178), wk =   0.0640000
        k(   16) = (  -0.5000000   0.4042109   0.3152178), wk =   0.0000000
        k(   17) = (   0.0000000   0.4042109   0.6304355), wk =   0.0640000
        k(   18) = (  -0.5000000   0.4042109   0.6304355), wk =   0.0000000
        k(   19) = (   0.2000000   0.0000000   0.0000000), wk =   0.0320000
        k(   20) = (  -0.3000000   0.0000000   0.0000000), wk =   0.0000000
        k(   21) = (   0.2000000   0.0000000   0.3152178), wk =   0.0640000
        k(   22) = (  -0.3000000   0.0000000   0.3152178), wk =   0.0000000
        k(   23) = (   0.2000000   0.0000000   0.6304355), wk =   0.0640000
        k(   24) = (  -0.3000000   0.0000000   0.6304355), wk =   0.0000000
        k(   25) = (   0.2000000   0.2021054   0.0000000), wk =   0.0640000
        k(   26) = (  -0.3000000   0.2021054   0.0000000), wk =   0.0000000
        k(   27) = (   0.2000000   0.2021054   0.3152178), wk =   0.1280000
        k(   28) = (  -0.3000000   0.2021054   0.3152178), wk =   0.0000000
        k(   29) = (   0.2000000   0.2021054   0.6304355), wk =   0.1280000
        k(   30) = (  -0.3000000   0.2021054   0.6304355), wk =   0.0000000
        k(   31) = (   0.2000000   0.4042109   0.0000000), wk =   0.0640000
        k(   32) = (  -0.3000000   0.4042109   0.0000000), wk =   0.0000000
        k(   33) = (   0.2000000   0.4042109   0.3152178), wk =   0.1280000
        k(   34) = (  -0.3000000   0.4042109   0.3152178), wk =   0.0000000
        k(   35) = (   0.2000000   0.4042109   0.6304355), wk =   0.1280000
        k(   36) = (  -0.3000000   0.4042109   0.6304355), wk =   0.0000000
        k(   37) = (   0.4000000   0.0000000   0.0000000), wk =   0.0320000
        k(   38) = (  -0.1000000   0.0000000   0.0000000), wk =   0.0000000
        k(   39) = (   0.4000000   0.0000000   0.3152178), wk =   0.0640000
        k(   40) = (  -0.1000000   0.0000000   0.3152178), wk =   0.0000000
        k(   41) = (   0.4000000   0.0000000   0.6304355), wk =   0.0640000
        k(   42) = (  -0.1000000   0.0000000   0.6304355), wk =   0.0000000
        k(   43) = (   0.4000000   0.2021054   0.0000000), wk =   0.0640000
        k(   44) = (  -0.1000000   0.2021054   0.0000000), wk =   0.0000000
        k(   45) = (   0.4000000   0.2021054   0.3152178), wk =   0.1280000
        k(   46) = (  -0.1000000   0.2021054   0.3152178), wk =   0.0000000
        k(   47) = (   0.4000000   0.2021054   0.6304355), wk =   0.1280000
        k(   48) = (  -0.1000000   0.2021054   0.6304355), wk =   0.0000000
        k(   49) = (   0.4000000   0.4042109   0.0000000), wk =   0.0640000
        k(   50) = (  -0.1000000   0.4042109   0.0000000), wk =   0.0000000
        k(   51) = (   0.4000000   0.4042109   0.3152178), wk =   0.1280000
        k(   52) = (  -0.1000000   0.4042109   0.3152178), wk =   0.0000000
        k(   53) = (   0.4000000   0.4042109   0.6304355), wk =   0.1280000
        k(   54) = (  -0.1000000   0.4042109   0.6304355), wk =   0.0000000

     Dense  grid:   613353 G-vectors     FFT dimensions: ( 128, 128,  80)

     Smooth grid:   216939 G-vectors     FFT dimensions: (  90,  90,  60)

     Estimated max dynamical RAM per process >      54.93 MB

     Estimated total dynamical RAM >       1.29 GB

     The potential is recalculated from file :
     ./_ph0/pwscf.q_5/pwscf.save/charge-density

     Starting wfcs are   42 atomic wfcs

     Band Structure Calculation
     Davidson diagonalization with overlap

     ethr =  2.08E-11,  avg # of iterations = 22.1

     total cpu time spent up to now is      905.8 secs

     End of band structure calculation

          k = 0.0000 0.0000 0.0000 ( 27159 PWs)   bands (ev):

   -24.7583 -24.7534 -10.2441 -10.2125 -10.0149  -9.9894  -9.9206  -9.8767
    -6.6140  -5.8097  -5.2881  -5.2445  -2.3768  -1.3886  -1.2989  -1.1000
    -1.0597  -0.8583  -0.8225  -0.5873  -0.3461  -0.1589  -0.0673  -0.0550

          k =-0.5000 0.0000 0.0000 ( 27136 PWs)   bands (ev):

   -24.7558 -24.7558 -10.1713 -10.1713 -10.0737 -10.0737  -9.8986  -9.8986
    -6.1480  -6.1480  -5.3789  -5.3789  -1.7959  -1.7959  -0.9239  -0.9239
    -0.7828  -0.7828  -0.7483  -0.7483  -0.5452  -0.5452  -0.3241  -0.3241

          k = 0.0000 0.0000 0.3152 ( 27148 PWs)   bands (ev):

   -24.7529 -24.7488 -10.1842 -10.1587 -10.1107 -10.0879 -10.0009  -9.9812
    -6.2693  -5.5902  -5.4122  -5.3778  -2.0783  -1.7565  -1.5673  -1.1740
    -0.9579  -0.9061  -0.6645  -0.5250  -0.3907  -0.2294  -0.2130  -0.1384

          k =-0.5000 0.0000 0.3152 ( 27136 PWs)   bands (ev):

   -24.7508 -24.7508 -10.1451 -10.1451 -10.1141 -10.1141 -10.0097 -10.0097
    -5.8782  -5.8782  -5.4780  -5.4780  -1.7890  -1.7890  -1.3452  -1.3452
    -0.8059  -0.8059  -0.7167  -0.7167  -0.3900  -0.3900  -0.2509  -0.2509

          k = 0.0000 0.0000 0.6304 ( 27112 PWs)   bands (ev):

   -24.7435 -24.7419 -10.3799 -10.3759 -10.0635 -10.0507  -9.9951  -9.9851
    -5.6407  -5.6190  -5.6068  -5.3517  -1.9841  -1.9025  -1.7723  -1.5056
    -0.9505  -0.8406  -0.6104  -0.4692  -0.3869  -0.3426  -0.2723  -0.2233

          k =-0.5000 0.0000 0.6304 ( 27132 PWs)   bands (ev):

   -24.7427 -24.7427 -10.3949 -10.3949 -10.0311 -10.0311  -9.9968  -9.9968
    -5.7727  -5.7727  -5.3213  -5.3213  -2.2438  -2.2438  -1.3219  -1.3219
    -0.6885  -0.6885  -0.5947  -0.5947  -0.4181  -0.4181  -0.3207  -0.3207

          k = 0.0000 0.2021 0.0000 ( 27127 PWs)   bands (ev):

   -24.7579 -24.7538 -10.2297 -10.1979 -10.0353 -10.0078  -9.9164  -9.8809
    -6.5206  -5.8192  -5.3815  -5.2828  -2.2251  -1.5372  -1.3615  -0.9013
    -0.8903  -0.8550  -0.8226  -0.5724  -0.3740  -0.3131  -0.1362  -0.1171

          k =-0.5000 0.2021 0.0000 ( 27146 PWs)   bands (ev):

   -24.7558 -24.7558 -10.2056 -10.2056 -10.0371 -10.0371  -9.8986  -9.8986
    -6.1606  -6.1606  -5.3696  -5.3696  -1.7699  -1.7699  -1.0227  -1.0227
    -0.8337  -0.8337  -0.7025  -0.7025  -0.4891  -0.4891  -0.2775  -0.2775

          k = 0.0000 0.2021 0.3152 ( 27117 PWs)   bands (ev):

   -24.7525 -24.7492 -10.1818 -10.1458 -10.1043 -10.1007 -10.0023  -9.9927
    -6.1977  -5.5812  -5.4998  -5.4003  -1.9795  -1.7780  -1.5991  -1.0422
    -0.9296  -0.8769  -0.7992  -0.4852  -0.3825  -0.2528  -0.2349  -0.2116

          k =-0.5000 0.2021 0.3152 ( 27084 PWs)   bands (ev):

   -24.7508 -24.7508 -10.1635 -10.1635 -10.1050 -10.1050  -9.9999  -9.9999
    -5.8812  -5.8812  -5.4760  -5.4760  -1.7801  -1.7801  -1.4142  -1.4142
    -0.7696  -0.7696  -0.6701  -0.6701  -0.3707  -0.3707  -0.2697  -0.2697

          k = 0.0000 0.2021 0.6304 ( 27128 PWs)   bands (ev):

   -24.7433 -24.7421 -10.3850 -10.3814 -10.0522 -10.0440  -9.9953  -9.9891
    -5.7722  -5.7080  -5.4476  -5.2851  -2.0385  -2.0190  -1.6532  -1.4441
    -0.8876  -0.7354  -0.6229  -0.4670  -0.4162  -0.4024  -0.2857  -0.2741

          k =-0.5000 0.2021 0.6304 ( 27128 PWs)   bands (ev):

   -24.7427 -24.7427 -10.3885 -10.3885 -10.0439 -10.0439  -9.9925  -9.9925
    -5.7450  -5.7450  -5.3490  -5.3490  -2.2097  -2.2097  -1.4343  -1.4343
    -0.6948  -0.6948  -0.5716  -0.5716  -0.3830  -0.3830  -0.2617  -0.2617

          k = 0.0000 0.4042 0.0000 ( 27065 PWs)   bands (ev):

   -24.7566 -24.7551 -10.1931 -10.1722 -10.0702 -10.0507  -9.9054  -9.8918
    -6.2726  -5.9719  -5.4532  -5.3758  -1.9439  -1.7382  -1.2196  -0.8444
    -0.8301  -0.8041  -0.6196  -0.5984  -0.5215  -0.4438  -0.2662  -0.2572

          k =-0.5000 0.4042 0.0000 ( 27096 PWs)   bands (ev):

   -24.7558 -24.7558 -10.2409 -10.2409  -9.9979  -9.9979  -9.8984  -9.8984
    -6.1806  -6.1806  -5.3551  -5.3551  -1.7164  -1.7164  -1.1731  -1.1731
    -0.8917  -0.8917  -0.6092  -0.6092  -0.4226  -0.4226  -0.2433  -0.2433

          k = 0.0000 0.4042 0.3152 ( 27067 PWs)   bands (ev):

   -24.7515 -24.7502 -10.1678 -10.1391 -10.1133 -10.0909 -10.0127 -10.0104
    -6.0038  -5.7478  -5.5170  -5.4558  -1.8537  -1.8170  -1.4672  -1.1371
    -0.8611  -0.8191  -0.7377  -0.5349  -0.4150  -0.4078  -0.2429  -0.2315

          k =-0.5000 0.4042 0.3152 ( 27078 PWs)   bands (ev):

   -24.7508 -24.7508 -10.1836 -10.1836 -10.0985 -10.0985  -9.9855  -9.9855
    -5.8860  -5.8860  -5.4727  -5.4727  -1.7570  -1.7570  -1.5186  -1.5186
    -0.7299  -0.7299  -0.5529  -0.5529  -0.4195  -0.4195  -0.2585  -0.2585

          k = 0.0000 0.4042 0.6304 ( 27114 PWs)   bands (ev):

   -24.7429 -24.7425 -10.3923 -10.3907 -10.0320 -10.0309  -9.9984  -9.9978
    -5.8443  -5.8174  -5.3022  -5.2409  -2.1224  -2.1184  -1.4740  -1.3773
    -0.7653  -0.6406  -0.5889  -0.5846  -0.4478  -0.4367  -0.3551  -0.3082

          k =-0.5000 0.4042 0.6304 ( 27124 PWs)   bands (ev):

   -24.7427 -24.7427 -10.3774 -10.3774 -10.0619 -10.0619  -9.9890  -9.9890
    -5.6895  -5.6895  -5.4045  -5.4045  -2.1274  -2.1274  -1.6321  -1.6321
    -0.6981  -0.6981  -0.4847  -0.4847  -0.3695  -0.3695  -0.1918  -0.1918

          k = 0.2000 0.0000 0.0000 ( 27113 PWs)   bands (ev):

   -24.7579 -24.7538 -10.2270 -10.1997 -10.0331 -10.0113  -9.9164  -9.8809
    -6.5246  -5.8444  -5.3138  -5.3096  -2.2440  -1.3579  -1.3229  -1.1889
    -0.8323  -0.8286  -0.8124  -0.5938  -0.3903  -0.2982  -0.1733  -0.1175

          k =-0.3000 0.0000 0.0000 ( 27102 PWs)   bands (ev):

   -24.7573 -24.7544 -10.2080 -10.1858 -10.0520 -10.0343  -9.9115  -9.8857
    -6.4209  -5.9072  -5.3615  -5.3329  -2.1061  -1.5002  -1.2295  -1.0662
    -0.8074  -0.8014  -0.7435  -0.5943  -0.4483  -0.4384  -0.2861  -0.1760

          k = 0.2000 0.0000 0.3152 ( 27107 PWs)   bands (ev):

   -24.7525 -24.7492 -10.1700 -10.1617 -10.1020 -10.0988 -10.0105  -9.9854
    -6.1960  -5.6066  -5.4423  -5.4269  -1.9914  -1.7228  -1.6175  -1.0713
    -0.9434  -0.8789  -0.7626  -0.4865  -0.4804  -0.2415  -0.2204  -0.1816

          k =-0.3000 0.0000 0.3152 ( 27119 PWs)   bands (ev):

   -24.7520 -24.7497 -10.1606 -10.1539 -10.1163 -10.0936 -10.0170  -9.9914
    -6.1103  -5.6574  -5.4808  -5.4428  -1.9150  -1.6699  -1.6502  -1.0082
    -0.9680  -0.8432  -0.7986  -0.5658  -0.4509  -0.2705  -0.2347  -0.2214

          k = 0.2000 0.0000 0.6304 ( 27117 PWs)   bands (ev):

   -24.7433 -24.7421 -10.3858 -10.3822 -10.0558 -10.0404  -9.9987  -9.9858
    -5.7335  -5.6678  -5.4938  -5.3126  -2.1338  -2.0337  -1.6146  -1.3863
    -0.8459  -0.7733  -0.6357  -0.5044  -0.3752  -0.3691  -0.3140  -0.2469

          k =-0.3000 0.0000 0.6304 ( 27122 PWs)   bands (ev):

   -24.7432 -24.7423 -10.3906 -10.3878 -10.0479 -10.0316 -10.0018  -9.9875
    -5.7640  -5.7134  -5.4259  -5.2950  -2.2083  -2.1268  -1.5080  -1.3136
    -0.7866  -0.6673  -0.6602  -0.5429  -0.4403  -0.3545  -0.3178  -0.2803

          k = 0.2000 0.2021 0.0000 ( 27108 PWs)   bands (ev):

   -24.7575 -24.7542 -10.2372 -10.1746 -10.0669  -9.9971  -9.9130  -9.8842
    -6.4538  -5.8713  -5.4082  -5.2910  -2.1236  -1.5314  -1.3329  -1.0093
    -0.8645  -0.8042  -0.6777  -0.5693  -0.4753  -0.3935  -0.2508  -0.1023

          k =-0.3000 0.2021 0.0000 ( 27105 PWs)   bands (ev):

   -24.7570 -24.7547 -10.2340 -10.1712 -10.0731 -10.0021  -9.9090  -9.8881
    -6.3753  -5.9447  -5.4121  -5.3097  -2.0159  -1.5709  -1.2780  -0.9649
    -0.8616  -0.8039  -0.6520  -0.5660  -0.5545  -0.4181  -0.3388  -0.1364

          k = 0.2000 0.2021 0.3152 ( 27101 PWs)   bands (ev):

   -24.7522 -24.7495 -10.1794 -10.1431 -10.1218 -10.0871 -10.0132  -9.9862
    -6.1381  -5.6226  -5.5154  -5.4153  -1.9201  -1.7506  -1.6277  -1.0029
    -0.9724  -0.8726  -0.7406  -0.5051  -0.4576  -0.2734  -0.2560  -0.1839

          k =-0.3000 0.2021 0.3152 ( 27103 PWs)   bands (ev):

   -24.7518 -24.7499 -10.1771 -10.1368 -10.1336 -10.0847 -10.0146  -9.9868
    -6.0686  -5.6904  -5.5105  -5.4327  -1.8708  -1.7078  -1.6457  -1.1103
    -0.8966  -0.8425  -0.7166  -0.5180  -0.4751  -0.3145  -0.2610  -0.1968

          k = 0.2000 0.2021 0.6304 ( 27101 PWs)   bands (ev):

   -24.7432 -24.7422 -10.3905 -10.3793 -10.0607 -10.0295 -10.0002  -9.9879
    -5.8051  -5.6423  -5.4868  -5.2703  -2.1629  -2.0177  -1.6157  -1.4267
    -0.7657  -0.7153  -0.6234  -0.4820  -0.4599  -0.3728  -0.3419  -0.2161

          k =-0.3000 0.2021 0.6304 ( 27105 PWs)   bands (ev):

   -24.7431 -24.7423 -10.3920 -10.3811 -10.0593 -10.0279 -10.0005  -9.9881
    -5.8034  -5.6513  -5.4655  -5.2765  -2.2091  -2.0892  -1.5468  -1.4172
    -0.7425  -0.6633  -0.5936  -0.5089  -0.4835  -0.3569  -0.3406  -0.2067

          k = 0.2000 0.4042 0.0000 ( 27078 PWs)   bands (ev):

   -24.7565 -24.7552 -10.2246 -10.1869 -10.0574 -10.0145  -9.9040  -9.8931
    -6.2630  -6.0239  -5.4306  -5.3553  -1.8910  -1.7098  -1.2372  -0.8875
    -0.8731  -0.8416  -0.6999  -0.4959  -0.4906  -0.4253  -0.3461  -0.1975

          k =-0.3000 0.4042 0.0000 ( 27107 PWs)   bands (ev):

   -24.7563 -24.7554 -10.2386 -10.2089 -10.0342  -9.9990  -9.9025  -9.8945
    -6.2471  -6.0757  -5.4051  -5.3442  -1.8343  -1.6884  -1.2483  -0.9741
    -0.8882  -0.8602  -0.7115  -0.4717  -0.4693  -0.4149  -0.3534  -0.1894

          k = 0.2000 0.4042 0.3152 ( 27081 PWs)   bands (ev):

   -24.7513 -24.7503 -10.1761 -10.1537 -10.1133 -10.0873 -10.0097  -9.9944
    -5.9818  -5.7772  -5.5084  -5.4546  -1.8323  -1.7986  -1.5061  -1.2312
    -0.8462  -0.7665  -0.7182  -0.5411  -0.4116  -0.3335  -0.2789  -0.2417

          k =-0.3000 0.4042 0.3152 ( 27101 PWs)   bands (ev):

   -24.7512 -24.7505 -10.1821 -10.1661 -10.1098 -10.0888 -10.0008  -9.9871
    -5.9562  -5.8091  -5.4981  -5.4565  -1.8118  -1.7703  -1.5445  -1.3281
    -0.8006  -0.7400  -0.6818  -0.5439  -0.3658  -0.3433  -0.3244  -0.2352

          k = 0.2000 0.4042 0.6304 ( 27128 PWs)   bands (ev):

   -24.7429 -24.7425 -10.3901 -10.3834 -10.0519 -10.0334  -9.9971  -9.9912
    -5.8232  -5.7537  -5.3550  -5.2672  -2.1586  -2.0806  -1.5541  -1.4677
    -0.7515  -0.6705  -0.5512  -0.4688  -0.4524  -0.3846  -0.3483  -0.2580

          k =-0.3000 0.4042 0.6304 ( 27121 PWs)   bands (ev):

   -24.7428 -24.7426 -10.3859 -10.3790 -10.0605 -10.0437  -9.9933  -9.9893
    -5.7859  -5.7036  -5.3996  -5.3049  -2.1620  -2.0805  -1.6127  -1.5345
    -0.7414  -0.6746  -0.5107  -0.4743  -0.4114  -0.3664  -0.2965  -0.2156

          k = 0.4000 0.0000 0.0000 ( 27104 PWs)   bands (ev):

   -24.7566 -24.7551 -10.1866 -10.1726 -10.0698 -10.0583  -9.9054  -9.8919
    -6.2906  -6.0128  -5.3836  -5.3585  -1.9513  -1.6457  -1.0926  -0.9135
    -0.7897  -0.7879  -0.7693  -0.5972  -0.5805  -0.4937  -0.3575  -0.2494

          k =-0.1000 0.0000 0.0000 ( 27153 PWs)   bands (ev):

   -24.7582 -24.7535 -10.2397 -10.2092 -10.0197  -9.9952  -9.9195  -9.8778
    -6.5911  -5.8168  -5.2938  -5.2649  -2.3414  -1.3735  -1.2699  -1.2184
    -0.9471  -0.8513  -0.8198  -0.5893  -0.3577  -0.1948  -0.0870  -0.0802

          k = 0.4000 0.0000 0.3152 ( 27111 PWs)   bands (ev):

   -24.7515 -24.7502 -10.1551 -10.1342 -10.1314 -10.0986 -10.0170 -10.0000
    -6.0009  -5.7564  -5.4883  -5.4611  -1.8485  -1.7291  -1.5181  -1.1628
    -0.8682  -0.7896  -0.7878  -0.6460  -0.4204  -0.3354  -0.2492  -0.2403

          k =-0.1000 0.0000 0.3152 ( 27133 PWs)   bands (ev):

   -24.7528 -24.7489 -10.1805 -10.1600 -10.1068 -10.0917 -10.0036  -9.9821
    -6.2506  -5.5926  -5.4160  -5.3965  -2.0544  -1.7503  -1.5807  -1.1465
    -0.9504  -0.8994  -0.6939  -0.5145  -0.4134  -0.2409  -0.2057  -0.1501

          k = 0.4000 0.0000 0.6304 ( 27117 PWs)   bands (ev):

   -24.7429 -24.7425 -10.3941 -10.3926 -10.0390 -10.0273 -10.0018  -9.9912
    -5.7774  -5.7505  -5.3661  -5.2968  -2.2469  -2.2013  -1.4052  -1.2857
    -0.7327  -0.6826  -0.5857  -0.5398  -0.5190  -0.3352  -0.3333  -0.3169

          k =-0.1000 0.0000 0.6304 ( 27125 PWs)   bands (ev):

   -24.7434 -24.7420 -10.3816 -10.3776 -10.0614 -10.0478  -9.9961  -9.9852
    -5.6884  -5.6255  -5.5630  -5.3384  -2.0408  -1.9444  -1.7156  -1.4665
    -0.9177  -0.8270  -0.6154  -0.4784  -0.3853  -0.3447  -0.2880  -0.2290

          k = 0.4000 0.2021 0.0000 ( 27115 PWs)   bands (ev):

   -24.7565 -24.7552 -10.2231 -10.1853 -10.0593 -10.0163  -9.9041  -9.8931
    -6.2745  -6.0458  -5.3973  -5.3379  -1.8929  -1.6578  -1.1702  -0.8994
    -0.8506  -0.8157  -0.7826  -0.5859  -0.5260  -0.4512  -0.3523  -0.1978

          k =-0.1000 0.2021 0.0000 ( 27124 PWs)   bands (ev):

   -24.7578 -24.7539 -10.2337 -10.1891 -10.0479 -10.0014  -9.9155  -9.8817
    -6.5036  -5.8312  -5.3915  -5.2835  -2.1983  -1.5324  -1.3540  -0.9801
    -0.8599  -0.8147  -0.7878  -0.5726  -0.3788  -0.3591  -0.1765  -0.0994

          k = 0.4000 0.2021 0.3152 ( 27098 PWs)   bands (ev):

   -24.7513 -24.7503 -10.1722 -10.1511 -10.1204 -10.0916 -10.0090  -9.9917
    -5.9803  -5.7809  -5.4959  -5.4540  -1.8258  -1.7326  -1.5570  -1.2575
    -0.8118  -0.7884  -0.7231  -0.5792  -0.4265  -0.3418  -0.2727  -0.2342

          k =-0.1000 0.2021 0.3152 ( 27126 PWs)   bands (ev):

   -24.7524 -24.7493 -10.1810 -10.1459 -10.1104 -10.0949 -10.0070  -9.9893
    -6.1825  -5.5887  -5.5071  -5.4041  -1.9629  -1.7731  -1.6060  -1.0285
    -0.9369  -0.8846  -0.7784  -0.4957  -0.4068  -0.2627  -0.2341  -0.1995

          k = 0.4000 0.2021 0.6304 ( 27104 PWs)   bands (ev):

   -24.7429 -24.7425 -10.3913 -10.3846 -10.0531 -10.0342  -9.9968  -9.9896
    -5.7825  -5.6968  -5.4080  -5.3030  -2.2262  -2.1609  -1.4793  -1.4161
    -0.7220  -0.6735  -0.5718  -0.5435  -0.4396  -0.3634  -0.3050  -0.2223

          k =-0.1000 0.2021 0.6304 ( 27107 PWs)   bands (ev):

   -24.7433 -24.7421 -10.3875 -10.3799 -10.0571 -10.0374  -9.9970  -9.9885
    -5.7890  -5.6796  -5.4636  -5.2783  -2.0977  -1.9897  -1.6515  -1.4380
    -0.8459  -0.7367  -0.6207  -0.4703  -0.4305  -0.3939  -0.3155  -0.2432

          k = 0.4000 0.4042 0.0000 ( 27109 PWs)   bands (ev):

   -24.7561 -24.7556 -10.2444 -10.2285 -10.0125  -9.9931  -9.9006  -9.8964
    -6.2200  -6.1308  -5.3775  -5.3433  -1.7713  -1.6861  -1.2329  -1.0786
    -0.8950  -0.8790  -0.6754  -0.5324  -0.4427  -0.4131  -0.2988  -0.2049

          k =-0.1000 0.4042 0.0000 ( 27081 PWs)   bands (ev):

   -24.7566 -24.7551 -10.2057 -10.1724 -10.0715 -10.0358  -9.9050  -9.8921
    -6.2705  -5.9860  -5.4476  -5.3692  -1.9300  -1.7303  -1.2242  -0.8549
    -0.8309  -0.8296  -0.6539  -0.5554  -0.5149  -0.4379  -0.3027  -0.2245

          k = 0.4000 0.4042 0.3152 ( 27096 PWs)   bands (ev):

   -24.7510 -24.7506 -10.1852 -10.1769 -10.1045 -10.0929  -9.9917  -9.9838
    -5.9234  -5.8468  -5.4854  -5.4625  -1.7854  -1.7471  -1.5609  -1.4314
    -0.7538  -0.7264  -0.6238  -0.5300  -0.4075  -0.3749  -0.2994  -0.2367

          k =-0.1000 0.4042 0.3152 ( 27083 PWs)   bands (ev):

   -24.7514 -24.7502 -10.1703 -10.1432 -10.1140 -10.0890 -10.0141 -10.0036
    -5.9982  -5.7555  -5.5148  -5.4552  -1.8477  -1.8133  -1.4770  -1.1621
    -0.8640  -0.7998  -0.7333  -0.5361  -0.4318  -0.3679  -0.2445  -0.2421

          k = 0.4000 0.4042 0.6304 ( 27118 PWs)   bands (ev):

   -24.7428 -24.7426 -10.3810 -10.3766 -10.0642 -10.0543  -9.9905  -9.9886
    -5.7364  -5.6733  -5.4248  -5.3552  -2.1511  -2.0992  -1.6411  -1.5930
    -0.7202  -0.6825  -0.4974  -0.4753  -0.3790  -0.3685  -0.2335  -0.1868

          k =-0.1000 0.4042 0.6304 ( 27117 PWs)   bands (ev):

   -24.7429 -24.7425 -10.3923 -10.3881 -10.0411 -10.0279  -9.9998  -9.9943
    -5.8417  -5.7976  -5.3173  -5.2466  -2.1433  -2.0967  -1.4966  -1.4060
    -0.7570  -0.6495  -0.6137  -0.5030  -0.4564  -0.4288  -0.3550  -0.2930

     highest occupied level (ev):    -0.0550

     Writing config to output data dir ./_ph0/pwscf.q_5/pwscf.save/ :
     XML data file

                                                                                

     bravais-lattice index     =            8
     lattice parameter (alat)  =      13.6741  a.u.
     unit-cell volume          =    1605.3416 (a.u.)^3
     number of atoms/cell      =           22
     number of atomic types    =            3
     kinetic-energy cut-off    =     100.0000  Ry
     charge density cut-off    =     800.0000  Ry
     convergence threshold     =      1.0E-14
     beta                      =       0.7000
     number of iterations used =            4
     Exchange-correlation= PBESOL
                           (   1   4  10   8   0   0   0)


     celldm(1)=   13.67410  celldm(2)=    0.98958  celldm(3)=    0.63448
     celldm(4)=    0.00000  celldm(5)=    0.00000  celldm(6)=    0.00000

     crystal axes: (cart. coord. in units of alat)
               a(1) = (  1.0000  0.0000  0.0000 )  
               a(2) = (  0.0000  0.9896  0.0000 )  
               a(3) = (  0.0000  0.0000  0.6345 )  

     reciprocal axes: (cart. coord. in units 2 pi/alat)
               b(1) = (  1.0000  0.0000  0.0000 )  
               b(2) = (  0.0000  1.0105  0.0000 )  
               b(3) = (  0.0000  0.0000  1.5761 )  


     Atoms inside the unit cell: 

     Cartesian axes

     site n.  atom      mass           positions (alat units)
        1  Ba    137.3270   tau(    1) = (    0.50000    0.49479    0.31725  )
        2  Ba    137.3270   tau(    2) = (    0.00000    0.00000    0.63447  )
        3  B      10.8110   tau(    3) = (    0.64136    0.26486    0.00001  )
        4  B      10.8110   tau(    4) = (    0.35864    0.72472    0.00001  )
        5  B      10.8110   tau(    5) = (    0.14136    0.22993    0.31723  )
        6  B      10.8110   tau(    6) = (    0.85864    0.75965    0.31723  )
        7  H       1.0079   tau(    7) = (    0.47146    0.27914    0.00001  )
        8  H       1.0079   tau(    8) = (    0.52854    0.71045    0.00001  )
        9  H       1.0079   tau(    9) = (    0.97146    0.21566    0.31723  )
       10  H       1.0079   tau(   10) = (    0.02854    0.77393    0.31723  )
       11  H       1.0079   tau(   11) = (    0.71284    0.42013    0.00001  )
       12  H       1.0079   tau(   12) = (    0.28716    0.56945    0.00001  )
       13  H       1.0079   tau(   13) = (    0.21284    0.07466    0.31723  )
       14  H       1.0079   tau(   14) = (    0.78716    0.91492    0.31723  )
       15  H       1.0079   tau(   15) = (    0.68722    0.18184    0.49342  )
       16  H       1.0079   tau(   16) = (    0.31278    0.80775    0.49342  )
       17  H       1.0079   tau(   17) = (    0.18722    0.31295    0.45830  )
       18  H       1.0079   tau(   18) = (    0.81278    0.67663    0.45830  )
       19  H       1.0079   tau(   19) = (    0.31278    0.80775    0.14108  )
       20  H       1.0079   tau(   20) = (    0.68722    0.18184    0.14108  )
       21  H       1.0079   tau(   21) = (    0.81278    0.67663    0.17616  )
       22  H       1.0079   tau(   22) = (    0.18722    0.31296    0.17616  )

     Computing dynamical matrix for 
                    q = (  -0.5000000   0.0000000   0.0000000 )

      5 Sym.Ops. (with q -> -q+G )


     G cutoff = 3789.0269  (  25557 G-vectors)     FFT grid: (128,128, 80)
     G cutoff = 1894.5135  (   9039 G-vectors)  smooth grid: ( 90, 90, 60)
     number of k points=    54

     PseudoPot. # 1 for B  read from file:
     /home/mehlhorn/pseudos/b_pbesol_v1.4.uspp.F.UPF
     MD5 check sum: 369b69bef2c3aeed4453bd8b804fd6a8
     Pseudo is Ultrasoft + core correction, Zval =  3.0
     Generated by new atomic code, or converted to UPF format
     Using radial grid of  781 points,  4 beta functions with: 
                l(1) =   0
                l(2) =   0
                l(3) =   1
                l(4) =   1
     Q(r) pseudized with  8 coefficients,  rinner =    1.100   1.100   1.100


     PseudoPot. # 2 for Ba read from file:
     /home/mehlhorn/pseudos/Ba.nc.z_10.oncvpsp4.dojo.v4-sp.upf
     MD5 check sum: c10ed334bb677c0554edec7181ce9143
     Pseudo is Norm-conserving + core correction, Zval = 10.0
     Generated using ONCVPSP code by D. R. Hamann
     Using radial grid of 1938 points,  8 beta functions with: 
                l(1) =   0
                l(2) =   0
                l(3) =   1
                l(4) =   1
                l(5) =   2
                l(6) =   2
                l(7) =   3
                l(8) =   3

     PseudoPot. # 3 for H  read from file:
     /home/mehlhorn/pseudos/H_ONCV_PBEsol-1.0.upf
     MD5 check sum: 398ef8f67c0a7342c05c87c5e19ea467
     Pseudo is Norm-conserving, Zval =  1.0
     Generated using ONCVPSP code by D. R. Hamann
     Using radial grid of 1180 points,  2 beta functions with: 
                l(1) =   0
                l(2) =   0


     Atomic displacements:
     There are   33 irreducible representations

     Representation     1      2 modes -  To be done

     Representation     2      2 modes -  To be done

     Representation     3      2 modes -  To be done

     Representation     4      2 modes -  To be done

     Representation     5      2 modes -  To be done

     Representation     6      2 modes -  To be done

     Representation     7      2 modes -  To be done

     Representation     8      2 modes -  To be done

     Representation     9      2 modes -  To be done

     Representation    10      2 modes -  To be done

     Representation    11      2 modes -  To be done

     Representation    12      2 modes -  To be done

     Representation    13      2 modes -  To be done

     Representation    14      2 modes -  To be done

     Representation    15      2 modes -  To be done

     Representation    16      2 modes -  To be done

     Representation    17      2 modes -  To be done

     Representation    18      2 modes -  To be done

     Representation    19      2 modes -  To be done

     Representation    20      2 modes -  To be done

     Representation    21      2 modes -  To be done

     Representation    22      2 modes -  To be done

     Representation    23      2 modes -  To be done

     Representation    24      2 modes -  To be done

     Representation    25      2 modes -  To be done

     Representation    26      2 modes -  To be done

     Representation    27      2 modes -  To be done

     Representation    28      2 modes -  To be done

     Representation    29      2 modes -  To be done

     Representation    30      2 modes -  To be done

     Representation    31      2 modes -  To be done

     Representation    32      2 modes -  To be done

     Representation    33      2 modes -  To be done



     Alpha used in Ewald sum =   2.8000
     PHONON       :   1d19h50m CPU   1d20h16m WALL



     Representation #   1 modes #   1   2

     Self-consistent Calculation

      iter #   1 total cpu time :159458.8 secs   av.it.:   4.1
      thresh= 1.000E-02 alpha_mix =  0.700 |ddv_scf|^2 =  3.678E-09

      iter #   2 total cpu time :159667.6 secs   av.it.:  16.6
      thresh= 6.065E-06 alpha_mix =  0.700 |ddv_scf|^2 =  3.408E-09

      iter #   3 total cpu time :159858.4 secs   av.it.:  15.0
      thresh= 5.837E-06 alpha_mix =  0.700 |ddv_scf|^2 =  3.906E-11

      iter #   4 total cpu time :160066.2 secs   av.it.:  16.1
      thresh= 6.250E-07 alpha_mix =  0.700 |ddv_scf|^2 =  1.100E-12

      iter #   5 total cpu time :160286.6 secs   av.it.:  16.9
      thresh= 1.049E-07 alpha_mix =  0.700 |ddv_scf|^2 =  1.963E-13

      iter #   6 total cpu time :160503.6 secs   av.it.:  16.8
      thresh= 4.431E-08 alpha_mix =  0.700 |ddv_scf|^2 =  3.502E-15

     End of self-consistent calculation

     Convergence has been achieved 


     Representation #   2 modes #   3   4

     Self-consistent Calculation

      iter #   1 total cpu time :160594.4 secs   av.it.:   3.0
      thresh= 1.000E-02 alpha_mix =  0.700 |ddv_scf|^2 =  2.107E-10

      iter #   2 total cpu time :160805.0 secs   av.it.:  17.0
      thresh= 1.452E-06 alpha_mix =  0.700 |ddv_scf|^2 =  1.036E-10

      iter #   3 total cpu time :161006.1 secs   av.it.:  15.9
      thresh= 1.018E-06 alpha_mix =  0.700 |ddv_scf|^2 =  7.998E-12

      iter #   4 total cpu time :161212.6 secs   av.it.:  15.9
      thresh= 2.828E-07 alpha_mix =  0.700 |ddv_scf|^2 =  1.657E-13

      iter #   5 total cpu time :161425.9 secs   av.it.:  17.0
      thresh= 4.071E-08 alpha_mix =  0.700 |ddv_scf|^2 =  1.004E-14

      iter #   6 total cpu time :161636.3 secs   av.it.:  17.0
      thresh= 1.002E-08 alpha_mix =  0.700 |ddv_scf|^2 =  4.365E-16

     End of self-consistent calculation

     Convergence has been achieved 


     Representation #   3 modes #   5   6

     Self-consistent Calculation

      iter #   1 total cpu time :161726.3 secs   av.it.:   3.0
      thresh= 1.000E-02 alpha_mix =  0.700 |ddv_scf|^2 =  1.738E-09

      iter #   2 total cpu time :161932.0 secs   av.it.:  16.0
      thresh= 4.169E-06 alpha_mix =  0.700 |ddv_scf|^2 =  2.323E-09

      iter #   3 total cpu time :162118.7 secs   av.it.:  14.9
      thresh= 4.819E-06 alpha_mix =  0.700 |ddv_scf|^2 =  4.011E-12

      iter #   4 total cpu time :162329.5 secs   av.it.:  17.0
      thresh= 2.003E-07 alpha_mix =  0.700 |ddv_scf|^2 =  8.842E-13

      iter #   5 total cpu time :162534.6 secs   av.it.:  16.0
      thresh= 9.403E-08 alpha_mix =  0.700 |ddv_scf|^2 =  1.145E-14

      iter #   6 total cpu time :162745.0 secs   av.it.:  17.0
      thresh= 1.070E-08 alpha_mix =  0.700 |ddv_scf|^2 =  1.197E-15

     End of self-consistent calculation

     Convergence has been achieved 


     Representation #   4 modes #   7   8

     Self-consistent Calculation

      iter #   1 total cpu time :162837.3 secs   av.it.:   3.1
      thresh= 1.000E-02 alpha_mix =  0.700 |ddv_scf|^2 =  4.190E-10

      iter #   2 total cpu time :163055.0 secs   av.it.:  17.0
      thresh= 2.047E-06 alpha_mix =  0.700 |ddv_scf|^2 =  3.157E-10

      iter #   3 total cpu time :163258.9 secs   av.it.:  16.0
      thresh= 1.777E-06 alpha_mix =  0.700 |ddv_scf|^2 =  5.371E-12

      iter #   4 total cpu time :163468.0 secs   av.it.:  16.2
      thresh= 2.317E-07 alpha_mix =  0.700 |ddv_scf|^2 =  1.114E-12

      iter #   5 total cpu time :163672.4 secs   av.it.:  15.9
      thresh= 1.056E-07 alpha_mix =  0.700 |ddv_scf|^2 =  5.685E-14

      iter #   6 total cpu time :163878.7 secs   av.it.:  16.0
      thresh= 2.384E-08 alpha_mix =  0.700 |ddv_scf|^2 =  3.068E-15

     End of self-consistent calculation

     Convergence has been achieved 


     Representation #   5 modes #   9  10

     Self-consistent Calculation

      iter #   1 total cpu time :163972.9 secs   av.it.:   3.8
      thresh= 1.000E-02 alpha_mix =  0.700 |ddv_scf|^2 =  8.749E-10

      iter #   2 total cpu time :164185.9 secs   av.it.:  17.0
      thresh= 2.958E-06 alpha_mix =  0.700 |ddv_scf|^2 =  4.536E-10

      iter #   3 total cpu time :164391.0 secs   av.it.:  16.0
      thresh= 2.130E-06 alpha_mix =  0.700 |ddv_scf|^2 =  4.753E-12

      iter #   4 total cpu time :164595.6 secs   av.it.:  16.0
      thresh= 2.180E-07 alpha_mix =  0.700 |ddv_scf|^2 =  1.104E-12

      iter #   5 total cpu time :164791.9 secs   av.it.:  15.4
      thresh= 1.051E-07 alpha_mix =  0.700 |ddv_scf|^2 =  3.732E-14

      iter #   6 total cpu time :164999.5 secs   av.it.:  16.5
      thresh= 1.932E-08 alpha_mix =  0.700 |ddv_scf|^2 =  5.613E-15

     End of self-consistent calculation

     Convergence has been achieved 


     Representation #   6 modes #  11  12

     Self-consistent Calculation

      iter #   1 total cpu time :165089.9 secs   av.it.:   3.1
      thresh= 1.000E-02 alpha_mix =  0.700 |ddv_scf|^2 =  5.661E-10

      iter #   2 total cpu time :165301.1 secs   av.it.:  17.0
      thresh= 2.379E-06 alpha_mix =  0.700 |ddv_scf|^2 =  3.450E-10

      iter #   3 total cpu time :165500.2 secs   av.it.:  15.9
      thresh= 1.857E-06 alpha_mix =  0.700 |ddv_scf|^2 =  1.069E-11

      iter #   4 total cpu time :165705.2 secs   av.it.:  16.0
      thresh= 3.269E-07 alpha_mix =  0.700 |ddv_scf|^2 =  4.808E-13

      iter #   5 total cpu time :165924.9 secs   av.it.:  16.8
      thresh= 6.934E-08 alpha_mix =  0.700 |ddv_scf|^2 =  4.448E-14

      iter #   6 total cpu time :166141.8 secs   av.it.:  16.1
      thresh= 2.109E-08 alpha_mix =  0.700 |ddv_scf|^2 =  6.317E-15

     End of self-consistent calculation

     Convergence has been achieved 


     Representation #   7 modes #  13  14

     Self-consistent Calculation

      iter #   1 total cpu time :166235.8 secs   av.it.:   3.2
      thresh= 1.000E-02 alpha_mix =  0.700 |ddv_scf|^2 =  7.638E-10

      iter #   2 total cpu time :166452.8 secs   av.it.:  17.0
      thresh= 2.764E-06 alpha_mix =  0.700 |ddv_scf|^2 =  3.644E-10

      iter #   3 total cpu time :166660.4 secs   av.it.:  16.0
      thresh= 1.909E-06 alpha_mix =  0.700 |ddv_scf|^2 =  1.906E-12

      iter #   4 total cpu time :166875.3 secs   av.it.:  16.9
      thresh= 1.381E-07 alpha_mix =  0.700 |ddv_scf|^2 =  7.492E-13

      iter #   5 total cpu time :167078.6 secs   av.it.:  15.8
      thresh= 8.656E-08 alpha_mix =  0.700 |ddv_scf|^2 =  1.980E-14

      iter #   6 total cpu time :167290.3 secs   av.it.:  17.0
      thresh= 1.407E-08 alpha_mix =  0.700 |ddv_scf|^2 =  4.920E-15

     End of self-consistent calculation

     Convergence has been achieved 


     Representation #   8 modes #  15  16

     Self-consistent Calculation

      iter #   1 total cpu time :167383.1 secs   av.it.:   3.5
      thresh= 1.000E-02 alpha_mix =  0.700 |ddv_scf|^2 =  1.417E-09

      iter #   2 total cpu time :167592.5 secs   av.it.:  16.9
      thresh= 3.764E-06 alpha_mix =  0.700 |ddv_scf|^2 =  8.802E-10

      iter #   3 total cpu time :167796.7 secs   av.it.:  16.0
      thresh= 2.967E-06 alpha_mix =  0.700 |ddv_scf|^2 =  7.099E-12

      iter #   4 total cpu time :168001.4 secs   av.it.:  16.0
      thresh= 2.664E-07 alpha_mix =  0.700 |ddv_scf|^2 =  1.149E-12

      iter #   5 total cpu time :168211.7 secs   av.it.:  16.0
      thresh= 1.072E-07 alpha_mix =  0.700 |ddv_scf|^2 =  3.772E-14

      iter #   6 total cpu time :168430.8 secs   av.it.:  16.9
      thresh= 1.942E-08 alpha_mix =  0.700 |ddv_scf|^2 =  4.117E-15

     End of self-consistent calculation

     Convergence has been achieved 


     Representation #   9 modes #  17  18

     Self-consistent Calculation

      iter #   1 total cpu time :168541.8 secs   av.it.:   5.0
      thresh= 1.000E-02 alpha_mix =  0.700 |ddv_scf|^2 =  3.756E-08

      iter #   2 total cpu time :168751.1 secs   av.it.:  16.0
      thresh= 1.938E-05 alpha_mix =  0.700 |ddv_scf|^2 =  5.392E-08

      iter #   3 total cpu time :168946.8 secs   av.it.:  14.9
      thresh= 2.322E-05 alpha_mix =  0.700 |ddv_scf|^2 =  5.047E-11

      iter #   4 total cpu time :169164.3 secs   av.it.:  16.7
      thresh= 7.104E-07 alpha_mix =  0.700 |ddv_scf|^2 =  5.025E-12

      iter #   5 total cpu time :169376.2 secs   av.it.:  16.0
      thresh= 2.242E-07 alpha_mix =  0.700 |ddv_scf|^2 =  1.916E-13

      iter #   6 total cpu time :169585.2 secs   av.it.:  17.0
      thresh= 4.377E-08 alpha_mix =  0.700 |ddv_scf|^2 =  3.544E-14

      iter #   7 total cpu time :169786.9 secs   av.it.:  16.0
      thresh= 1.883E-08 alpha_mix =  0.700 |ddv_scf|^2 =  8.182E-16

     End of self-consistent calculation

     Convergence has been achieved 


     Representation #  10 modes #  19  20

     Self-consistent Calculation

      iter #   1 total cpu time :169913.0 secs   av.it.:   6.6
      thresh= 1.000E-02 alpha_mix =  0.700 |ddv_scf|^2 =  2.796E-08

      iter #   2 total cpu time :170123.7 secs   av.it.:  16.6
      thresh= 1.672E-05 alpha_mix =  0.700 |ddv_scf|^2 =  2.792E-08

      iter #   3 total cpu time :170320.6 secs   av.it.:  15.0
      thresh= 1.671E-05 alpha_mix =  0.700 |ddv_scf|^2 =  3.185E-10

      iter #   4 total cpu time :170527.2 secs   av.it.:  16.0
      thresh= 1.785E-06 alpha_mix =  0.700 |ddv_scf|^2 =  3.840E-12

      iter #   5 total cpu time :170741.7 secs   av.it.:  17.0
      thresh= 1.960E-07 alpha_mix =  0.700 |ddv_scf|^2 =  4.514E-13

      iter #   6 total cpu time :170955.7 secs   av.it.:  16.9
      thresh= 6.718E-08 alpha_mix =  0.700 |ddv_scf|^2 =  1.844E-14

      iter #   7 total cpu time :171171.1 secs   av.it.:  16.8
      thresh= 1.358E-08 alpha_mix =  0.700 |ddv_scf|^2 =  1.450E-15

     End of self-consistent calculation

     Convergence has been achieved 


     Representation #  11 modes #  21  22

     Self-consistent Calculation

      iter #   1 total cpu time :171262.1 secs   av.it.:   3.0
      thresh= 1.000E-02 alpha_mix =  0.700 |ddv_scf|^2 =  1.888E-09

      iter #   2 total cpu time :171468.5 secs   av.it.:  16.0
      thresh= 4.345E-06 alpha_mix =  0.700 |ddv_scf|^2 =  1.865E-09

      iter #   3 total cpu time :171662.0 secs   av.it.:  15.0
      thresh= 4.318E-06 alpha_mix =  0.700 |ddv_scf|^2 =  7.846E-12

      iter #   4 total cpu time :171872.9 secs   av.it.:  16.8
      thresh= 2.801E-07 alpha_mix =  0.700 |ddv_scf|^2 =  9.863E-13

      iter #   5 total cpu time :172076.6 secs   av.it.:  16.0
      thresh= 9.931E-08 alpha_mix =  0.700 |ddv_scf|^2 =  2.015E-14

      iter #   6 total cpu time :172285.8 secs   av.it.:  17.0
      thresh= 1.419E-08 alpha_mix =  0.700 |ddv_scf|^2 =  1.437E-15

     End of self-consistent calculation

     Convergence has been achieved 


     Representation #  12 modes #  23  24

     Self-consistent Calculation

      iter #   1 total cpu time :172374.8 secs   av.it.:   3.0
      thresh= 1.000E-02 alpha_mix =  0.700 |ddv_scf|^2 =  1.006E-09

      iter #   2 total cpu time :172585.4 secs   av.it.:  16.0
      thresh= 3.172E-06 alpha_mix =  0.700 |ddv_scf|^2 =  1.233E-09

      iter #   3 total cpu time :172781.6 secs   av.it.:  15.0
      thresh= 3.512E-06 alpha_mix =  0.700 |ddv_scf|^2 =  3.611E-12

      iter #   4 total cpu time :172999.7 secs   av.it.:  16.8
      thresh= 1.900E-07 alpha_mix =  0.700 |ddv_scf|^2 =  3.809E-13

      iter #   5 total cpu time :173216.9 secs   av.it.:  16.5
      thresh= 6.172E-08 alpha_mix =  0.700 |ddv_scf|^2 =  2.468E-14

      iter #   6 total cpu time :173432.1 secs   av.it.:  16.7
      thresh= 1.571E-08 alpha_mix =  0.700 |ddv_scf|^2 =  1.190E-15

     End of self-consistent calculation

     Convergence has been achieved 


     Representation #  13 modes #  25  26

     Self-consistent Calculation

      iter #   1 total cpu time :173521.5 secs   av.it.:   3.0
      thresh= 1.000E-02 alpha_mix =  0.700 |ddv_scf|^2 =  7.075E-10

      iter #   2 total cpu time :173730.1 secs   av.it.:  16.7
      thresh= 2.660E-06 alpha_mix =  0.700 |ddv_scf|^2 =  5.219E-10

      iter #   3 total cpu time :173925.9 secs   av.it.:  15.0
      thresh= 2.285E-06 alpha_mix =  0.700 |ddv_scf|^2 =  5.470E-12

      iter #   4 total cpu time :174133.0 secs   av.it.:  16.0
      thresh= 2.339E-07 alpha_mix =  0.700 |ddv_scf|^2 =  9.413E-13

      iter #   5 total cpu time :174337.2 secs   av.it.:  16.0
      thresh= 9.702E-08 alpha_mix =  0.700 |ddv_scf|^2 =  3.131E-14

      iter #   6 total cpu time :174544.4 secs   av.it.:  16.1
      thresh= 1.769E-08 alpha_mix =  0.700 |ddv_scf|^2 =  2.171E-15

     End of self-consistent calculation

     Convergence has been achieved 


     Representation #  14 modes #  27  28

     Self-consistent Calculation

      iter #   1 total cpu time :174637.1 secs   av.it.:   3.2
      thresh= 1.000E-02 alpha_mix =  0.700 |ddv_scf|^2 =  8.738E-10

      iter #   2 total cpu time :174848.4 secs   av.it.:  16.9
      thresh= 2.956E-06 alpha_mix =  0.700 |ddv_scf|^2 =  5.878E-10

      iter #   3 total cpu time :175047.3 secs   av.it.:  15.5
      thresh= 2.424E-06 alpha_mix =  0.700 |ddv_scf|^2 =  7.701E-12

      iter #   4 total cpu time :175253.2 secs   av.it.:  16.0
      thresh= 2.775E-07 alpha_mix =  0.700 |ddv_scf|^2 =  9.587E-13

      iter #   5 total cpu time :175455.4 secs   av.it.:  16.0
      thresh= 9.791E-08 alpha_mix =  0.700 |ddv_scf|^2 =  1.530E-14

      iter #   6 total cpu time :175665.8 secs   av.it.:  17.0
      thresh= 1.237E-08 alpha_mix =  0.700 |ddv_scf|^2 =  2.606E-15

     End of self-consistent calculation

     Convergence has been achieved 


     Representation #  15 modes #  29  30

     Self-consistent Calculation

      iter #   1 total cpu time :175793.8 secs   av.it.:   6.7
      thresh= 1.000E-02 alpha_mix =  0.700 |ddv_scf|^2 =  1.004E-07

      iter #   2 total cpu time :175998.7 secs   av.it.:  16.0
      thresh= 3.169E-05 alpha_mix =  0.700 |ddv_scf|^2 =  1.314E-07

      iter #   3 total cpu time :176199.4 secs   av.it.:  15.0
      thresh= 3.625E-05 alpha_mix =  0.700 |ddv_scf|^2 =  4.370E-10

      iter #   4 total cpu time :176416.1 secs   av.it.:  16.0
      thresh= 2.090E-06 alpha_mix =  0.700 |ddv_scf|^2 =  9.407E-12

      iter #   5 total cpu time :176636.6 secs   av.it.:  16.7
      thresh= 3.067E-07 alpha_mix =  0.700 |ddv_scf|^2 =  6.523E-13

      iter #   6 total cpu time :176851.3 secs   av.it.:  17.0
      thresh= 8.076E-08 alpha_mix =  0.700 |ddv_scf|^2 =  4.153E-14

      iter #   7 total cpu time :177067.0 secs   av.it.:  16.9
      thresh= 2.038E-08 alpha_mix =  0.700 |ddv_scf|^2 =  8.777E-15

     End of self-consistent calculation

     Convergence has been achieved 


     Representation #  16 modes #  31  32

     Self-consistent Calculation

      iter #   1 total cpu time :177156.6 secs   av.it.:   3.0
      thresh= 1.000E-02 alpha_mix =  0.700 |ddv_scf|^2 =  4.756E-10

      iter #   2 total cpu time :177369.1 secs   av.it.:  17.0
      thresh= 2.181E-06 alpha_mix =  0.700 |ddv_scf|^2 =  2.701E-10

      iter #   3 total cpu time :177570.8 secs   av.it.:  16.0
      thresh= 1.643E-06 alpha_mix =  0.700 |ddv_scf|^2 =  1.789E-11

      iter #   4 total cpu time :177765.0 secs   av.it.:  15.0
      thresh= 4.229E-07 alpha_mix =  0.700 |ddv_scf|^2 =  4.146E-13

      iter #   5 total cpu time :177974.6 secs   av.it.:  16.8
      thresh= 6.439E-08 alpha_mix =  0.700 |ddv_scf|^2 =  2.001E-14

      iter #   6 total cpu time :178186.5 secs   av.it.:  17.0
      thresh= 1.414E-08 alpha_mix =  0.700 |ddv_scf|^2 =  1.408E-15

     End of self-consistent calculation

     Convergence has been achieved 


     Representation #  17 modes #  33  34

     Self-consistent Calculation

      iter #   1 total cpu time :178278.2 secs   av.it.:   3.0
      thresh= 1.000E-02 alpha_mix =  0.700 |ddv_scf|^2 =  4.541E-09

      iter #   2 total cpu time :178483.7 secs   av.it.:  15.9
      thresh= 6.739E-06 alpha_mix =  0.700 |ddv_scf|^2 =  6.013E-09

      iter #   3 total cpu time :178674.0 secs   av.it.:  14.9
      thresh= 7.754E-06 alpha_mix =  0.700 |ddv_scf|^2 =  1.558E-12

      iter #   4 total cpu time :178891.7 secs   av.it.:  17.0
      thresh= 1.248E-07 alpha_mix =  0.700 |ddv_scf|^2 =  4.661E-13

      iter #   5 total cpu time :179101.7 secs   av.it.:  16.7
      thresh= 6.827E-08 alpha_mix =  0.700 |ddv_scf|^2 =  3.206E-14

      iter #   6 total cpu time :179308.3 secs   av.it.:  16.0
      thresh= 1.790E-08 alpha_mix =  0.700 |ddv_scf|^2 =  2.976E-15

     End of self-consistent calculation

     Convergence has been achieved 


     Representation #  18 modes #  35  36

     Self-consistent Calculation

      iter #   1 total cpu time :179415.2 secs   av.it.:   5.0
      thresh= 1.000E-02 alpha_mix =  0.700 |ddv_scf|^2 =  6.845E-09

      iter #   2 total cpu time :179624.4 secs   av.it.:  16.9
      thresh= 8.273E-06 alpha_mix =  0.700 |ddv_scf|^2 =  3.354E-09

      iter #   3 total cpu time :179830.8 secs   av.it.:  16.0
      thresh= 5.792E-06 alpha_mix =  0.700 |ddv_scf|^2 =  4.493E-12

      iter #   4 total cpu time :180048.9 secs   av.it.:  17.0
      thresh= 2.120E-07 alpha_mix =  0.700 |ddv_scf|^2 =  1.111E-12

      iter #   5 total cpu time :180256.6 secs   av.it.:  16.3
      thresh= 1.054E-07 alpha_mix =  0.700 |ddv_scf|^2 =  3.998E-13

      iter #   6 total cpu time :180459.1 secs   av.it.:  15.6
      thresh= 6.323E-08 alpha_mix =  0.700 |ddv_scf|^2 =  8.374E-15

     End of self-consistent calculation

     Convergence has been achieved 


     Representation #  19 modes #  37  38

     Self-consistent Calculation

      iter #   1 total cpu time :180554.8 secs   av.it.:   4.0
      thresh= 1.000E-02 alpha_mix =  0.700 |ddv_scf|^2 =  1.467E-09

      iter #   2 total cpu time :180765.7 secs   av.it.:  16.9
      thresh= 3.830E-06 alpha_mix =  0.700 |ddv_scf|^2 =  9.991E-10

      iter #   3 total cpu time :180966.1 secs   av.it.:  16.0
      thresh= 3.161E-06 alpha_mix =  0.700 |ddv_scf|^2 =  1.833E-11

      iter #   4 total cpu time :181173.4 secs   av.it.:  15.4
      thresh= 4.281E-07 alpha_mix =  0.700 |ddv_scf|^2 =  8.056E-13

      iter #   5 total cpu time :181392.9 secs   av.it.:  16.6
      thresh= 8.976E-08 alpha_mix =  0.700 |ddv_scf|^2 =  7.863E-14

      iter #   6 total cpu time :181607.7 secs   av.it.:  16.0
      thresh= 2.804E-08 alpha_mix =  0.700 |ddv_scf|^2 =  2.339E-14

      iter #   7 total cpu time :181813.5 secs   av.it.:  15.4
      thresh= 1.529E-08 alpha_mix =  0.700 |ddv_scf|^2 =  1.955E-16

     End of self-consistent calculation

     Convergence has been achieved 


     Representation #  20 modes #  39  40

     Self-consistent Calculation

      iter #   1 total cpu time :181922.0 secs   av.it.:   4.9
      thresh= 1.000E-02 alpha_mix =  0.700 |ddv_scf|^2 =  4.927E-09

      iter #   2 total cpu time :182141.6 secs   av.it.:  16.9
      thresh= 7.019E-06 alpha_mix =  0.700 |ddv_scf|^2 =  4.084E-09

      iter #   3 total cpu time :182347.8 secs   av.it.:  15.1
      thresh= 6.391E-06 alpha_mix =  0.700 |ddv_scf|^2 =  1.101E-10

      iter #   4 total cpu time :182558.2 secs   av.it.:  16.0
      thresh= 1.049E-06 alpha_mix =  0.700 |ddv_scf|^2 =  2.105E-12

      iter #   5 total cpu time :182777.8 secs   av.it.:  16.8
      thresh= 1.451E-07 alpha_mix =  0.700 |ddv_scf|^2 =  2.606E-13

      iter #   6 total cpu time :182998.2 secs   av.it.:  17.0
      thresh= 5.105E-08 alpha_mix =  0.700 |ddv_scf|^2 =  1.644E-14

      iter #   7 total cpu time :183219.4 secs   av.it.:  17.0
      thresh= 1.282E-08 alpha_mix =  0.700 |ddv_scf|^2 =  1.334E-15

     End of self-consistent calculation

     Convergence has been achieved 


     Representation #  21 modes #  41  42

     Self-consistent Calculation

      iter #   1 total cpu time :183308.1 secs   av.it.:   3.0
      thresh= 1.000E-02 alpha_mix =  0.700 |ddv_scf|^2 =  1.179E-09

      iter #   2 total cpu time :183510.5 secs   av.it.:  16.0
      thresh= 3.434E-06 alpha_mix =  0.700 |ddv_scf|^2 =  8.771E-10

      iter #   3 total cpu time :183702.1 secs   av.it.:  15.0
      thresh= 2.962E-06 alpha_mix =  0.700 |ddv_scf|^2 =  1.303E-11

      iter #   4 total cpu time :183901.0 secs   av.it.:  16.0
      thresh= 3.610E-07 alpha_mix =  0.700 |ddv_scf|^2 =  6.302E-13

      iter #   5 total cpu time :184105.1 secs   av.it.:  16.0
      thresh= 7.938E-08 alpha_mix =  0.700 |ddv_scf|^2 =  2.624E-14

      iter #   6 total cpu time :184310.8 secs   av.it.:  16.1
      thresh= 1.620E-08 alpha_mix =  0.700 |ddv_scf|^2 =  5.120E-15

     End of self-consistent calculation

     Convergence has been achieved 


     Representation #  22 modes #  43  44

     Self-consistent Calculation

      iter #   1 total cpu time :184404.1 secs   av.it.:   3.4
      thresh= 1.000E-02 alpha_mix =  0.700 |ddv_scf|^2 =  2.649E-09

      iter #   2 total cpu time :184610.9 secs   av.it.:  16.0
      thresh= 5.147E-06 alpha_mix =  0.700 |ddv_scf|^2 =  3.194E-09

      iter #   3 total cpu time :184803.9 secs   av.it.:  15.0
      thresh= 5.651E-06 alpha_mix =  0.700 |ddv_scf|^2 =  8.229E-12

      iter #   4 total cpu time :185016.2 secs   av.it.:  16.9
      thresh= 2.869E-07 alpha_mix =  0.700 |ddv_scf|^2 =  5.479E-13

      iter #   5 total cpu time :185227.4 secs   av.it.:  16.6
      thresh= 7.402E-08 alpha_mix =  0.700 |ddv_scf|^2 =  3.163E-14

      iter #   6 total cpu time :185445.9 secs   av.it.:  16.7
      thresh= 1.779E-08 alpha_mix =  0.700 |ddv_scf|^2 =  4.485E-15

     End of self-consistent calculation

     Convergence has been achieved 


     Representation #  23 modes #  45  46

     Self-consistent Calculation

      iter #   1 total cpu time :185534.8 secs   av.it.:   3.0
      thresh= 1.000E-02 alpha_mix =  0.700 |ddv_scf|^2 =  2.752E-10

      iter #   2 total cpu time :185752.5 secs   av.it.:  17.0
      thresh= 1.659E-06 alpha_mix =  0.700 |ddv_scf|^2 =  9.369E-11

      iter #   3 total cpu time :185958.3 secs   av.it.:  16.0
      thresh= 9.679E-07 alpha_mix =  0.700 |ddv_scf|^2 =  6.974E-12

      iter #   4 total cpu time :186154.6 secs   av.it.:  15.5
      thresh= 2.641E-07 alpha_mix =  0.700 |ddv_scf|^2 =  4.295E-13

      iter #   5 total cpu time :186362.7 secs   av.it.:  16.6
      thresh= 6.553E-08 alpha_mix =  0.700 |ddv_scf|^2 =  1.942E-14

      iter #   6 total cpu time :186571.5 secs   av.it.:  16.8
      thresh= 1.394E-08 alpha_mix =  0.700 |ddv_scf|^2 =  1.405E-15

     End of self-consistent calculation

     Convergence has been achieved 


     Representation #  24 modes #  47  48

     Self-consistent Calculation

      iter #   1 total cpu time :186661.5 secs   av.it.:   3.0
      thresh= 1.000E-02 alpha_mix =  0.700 |ddv_scf|^2 =  1.658E-09

      iter #   2 total cpu time :186866.7 secs   av.it.:  16.0
      thresh= 4.072E-06 alpha_mix =  0.700 |ddv_scf|^2 =  1.675E-09

      iter #   3 total cpu time :187056.7 secs   av.it.:  15.0
      thresh= 4.093E-06 alpha_mix =  0.700 |ddv_scf|^2 =  6.806E-12

      iter #   4 total cpu time :187265.0 secs   av.it.:  16.7
      thresh= 2.609E-07 alpha_mix =  0.700 |ddv_scf|^2 =  4.847E-13

      iter #   5 total cpu time :187483.4 secs   av.it.:  16.8
      thresh= 6.962E-08 alpha_mix =  0.700 |ddv_scf|^2 =  1.867E-14

      iter #   6 total cpu time :187701.0 secs   av.it.:  16.4
      thresh= 1.366E-08 alpha_mix =  0.700 |ddv_scf|^2 =  1.415E-15

     End of self-consistent calculation

     Convergence has been achieved 


     Representation #  25 modes #  49  50

     Self-consistent Calculation

      iter #   1 total cpu time :187805.6 secs   av.it.:   4.1
      thresh= 1.000E-02 alpha_mix =  0.700 |ddv_scf|^2 =  3.403E-09

      iter #   2 total cpu time :188023.9 secs   av.it.:  17.0
      thresh= 5.834E-06 alpha_mix =  0.700 |ddv_scf|^2 =  2.577E-09

      iter #   3 total cpu time :188218.1 secs   av.it.:  15.0
      thresh= 5.077E-06 alpha_mix =  0.700 |ddv_scf|^2 =  7.666E-11

      iter #   4 total cpu time :188421.9 secs   av.it.:  16.0
      thresh= 8.756E-07 alpha_mix =  0.700 |ddv_scf|^2 =  1.414E-12

      iter #   5 total cpu time :188634.5 secs   av.it.:  16.8
      thresh= 1.189E-07 alpha_mix =  0.700 |ddv_scf|^2 =  2.034E-13

      iter #   6 total cpu time :188845.1 secs   av.it.:  16.9
      thresh= 4.510E-08 alpha_mix =  0.700 |ddv_scf|^2 =  9.983E-15

     End of self-consistent calculation

     Convergence has been achieved 


     Representation #  26 modes #  51  52

     Self-consistent Calculation

      iter #   1 total cpu time :188940.2 secs   av.it.:   4.0
      thresh= 1.000E-02 alpha_mix =  0.700 |ddv_scf|^2 =  4.592E-09

      iter #   2 total cpu time :189145.0 secs   av.it.:  16.0
      thresh= 6.776E-06 alpha_mix =  0.700 |ddv_scf|^2 =  5.411E-09

      iter #   3 total cpu time :189337.1 secs   av.it.:  15.0
      thresh= 7.356E-06 alpha_mix =  0.700 |ddv_scf|^2 =  1.444E-11

      iter #   4 total cpu time :189543.8 secs   av.it.:  16.1
      thresh= 3.799E-07 alpha_mix =  0.700 |ddv_scf|^2 =  6.170E-13

      iter #   5 total cpu time :189762.5 secs   av.it.:  16.8
      thresh= 7.855E-08 alpha_mix =  0.700 |ddv_scf|^2 =  1.089E-13

      iter #   6 total cpu time :189970.0 secs   av.it.:  16.0
      thresh= 3.300E-08 alpha_mix =  0.700 |ddv_scf|^2 =  1.376E-14

      iter #   7 total cpu time :190177.3 secs   av.it.:  16.0
      thresh= 1.173E-08 alpha_mix =  0.700 |ddv_scf|^2 =  1.684E-16

     End of self-consistent calculation

     Convergence has been achieved 


     Representation #  27 modes #  53  54

     Self-consistent Calculation

      iter #   1 total cpu time :190301.7 secs   av.it.:   6.5
      thresh= 1.000E-02 alpha_mix =  0.700 |ddv_scf|^2 =  1.525E-07

      iter #   2 total cpu time :190504.0 secs   av.it.:  16.0
      thresh= 3.905E-05 alpha_mix =  0.700 |ddv_scf|^2 =  1.953E-07

      iter #   3 total cpu time :190694.6 secs   av.it.:  15.0
      thresh= 4.419E-05 alpha_mix =  0.700 |ddv_scf|^2 =  2.902E-10

      iter #   4 total cpu time :190902.5 secs   av.it.:  16.3
      thresh= 1.704E-06 alpha_mix =  0.700 |ddv_scf|^2 =  1.196E-11

      iter #   5 total cpu time :191112.0 secs   av.it.:  16.8
      thresh= 3.458E-07 alpha_mix =  0.700 |ddv_scf|^2 =  7.650E-13

      iter #   6 total cpu time :191330.9 secs   av.it.:  17.0
      thresh= 8.746E-08 alpha_mix =  0.700 |ddv_scf|^2 =  9.149E-14

      iter #   7 total cpu time :191540.7 secs   av.it.:  16.0
      thresh= 3.025E-08 alpha_mix =  0.700 |ddv_scf|^2 =  8.677E-15

     End of self-consistent calculation

     Convergence has been achieved 


     Representation #  28 modes #  55  56

     Self-consistent Calculation

      iter #   1 total cpu time :191631.7 secs   av.it.:   3.0
      thresh= 1.000E-02 alpha_mix =  0.700 |ddv_scf|^2 =  2.634E-09

      iter #   2 total cpu time :191839.7 secs   av.it.:  16.0
      thresh= 5.133E-06 alpha_mix =  0.700 |ddv_scf|^2 =  2.811E-09

      iter #   3 total cpu time :192035.0 secs   av.it.:  15.0
      thresh= 5.302E-06 alpha_mix =  0.700 |ddv_scf|^2 =  8.331E-12

      iter #   4 total cpu time :192250.0 secs   av.it.:  16.6
      thresh= 2.886E-07 alpha_mix =  0.700 |ddv_scf|^2 =  4.768E-13

      iter #   5 total cpu time :192468.8 secs   av.it.:  16.9
      thresh= 6.905E-08 alpha_mix =  0.700 |ddv_scf|^2 =  3.941E-14

      iter #   6 total cpu time :192680.9 secs   av.it.:  16.0
      thresh= 1.985E-08 alpha_mix =  0.700 |ddv_scf|^2 =  4.020E-15

     End of self-consistent calculation

     Convergence has been achieved 


     Representation #  29 modes #  57  58

     Self-consistent Calculation

      iter #   1 total cpu time :192772.8 secs   av.it.:   3.1
      thresh= 1.000E-02 alpha_mix =  0.700 |ddv_scf|^2 =  8.603E-10

      iter #   2 total cpu time :192979.9 secs   av.it.:  16.3
      thresh= 2.933E-06 alpha_mix =  0.700 |ddv_scf|^2 =  6.784E-10

      iter #   3 total cpu time :193183.1 secs   av.it.:  15.0
      thresh= 2.605E-06 alpha_mix =  0.700 |ddv_scf|^2 =  6.569E-12

      iter #   4 total cpu time :193399.8 secs   av.it.:  16.0
      thresh= 2.563E-07 alpha_mix =  0.700 |ddv_scf|^2 =  8.214E-13

      iter #   5 total cpu time :193614.9 secs   av.it.:  16.1
      thresh= 9.063E-08 alpha_mix =  0.700 |ddv_scf|^2 =  1.491E-14

      iter #   6 total cpu time :193825.6 secs   av.it.:  16.9
      thresh= 1.221E-08 alpha_mix =  0.700 |ddv_scf|^2 =  1.029E-15

     End of self-consistent calculation

     Convergence has been achieved 


     Representation #  30 modes #  59  60

     Self-consistent Calculation

      iter #   1 total cpu time :193930.1 secs   av.it.:   5.0
      thresh= 1.000E-02 alpha_mix =  0.700 |ddv_scf|^2 =  1.399E-08

      iter #   2 total cpu time :194133.6 secs   av.it.:  16.0
      thresh= 1.183E-05 alpha_mix =  0.700 |ddv_scf|^2 =  1.702E-08

      iter #   3 total cpu time :194321.5 secs   av.it.:  15.0
      thresh= 1.305E-05 alpha_mix =  0.700 |ddv_scf|^2 =  3.902E-11

      iter #   4 total cpu time :194530.0 secs   av.it.:  17.0
      thresh= 6.246E-07 alpha_mix =  0.700 |ddv_scf|^2 =  6.522E-12

      iter #   5 total cpu time :194733.2 secs   av.it.:  16.0
      thresh= 2.554E-07 alpha_mix =  0.700 |ddv_scf|^2 =  1.824E-13

      iter #   6 total cpu time :194939.7 secs   av.it.:  17.0
      thresh= 4.271E-08 alpha_mix =  0.700 |ddv_scf|^2 =  1.950E-14

      iter #   7 total cpu time :195144.8 secs   av.it.:  16.4
      thresh= 1.396E-08 alpha_mix =  0.700 |ddv_scf|^2 =  5.004E-16

     End of self-consistent calculation

     Convergence has been achieved 


     Representation #  31 modes #  61  62

     Self-consistent Calculation

      iter #   1 total cpu time :195237.5 secs   av.it.:   3.5
      thresh= 1.000E-02 alpha_mix =  0.700 |ddv_scf|^2 =  1.514E-09

      iter #   2 total cpu time :195449.2 secs   av.it.:  16.9
      thresh= 3.891E-06 alpha_mix =  0.700 |ddv_scf|^2 =  1.207E-09

      iter #   3 total cpu time :195651.7 secs   av.it.:  15.5
      thresh= 3.474E-06 alpha_mix =  0.700 |ddv_scf|^2 =  9.875E-12

      iter #   4 total cpu time :195864.7 secs   av.it.:  16.0
      thresh= 3.142E-07 alpha_mix =  0.700 |ddv_scf|^2 =  6.790E-13

      iter #   5 total cpu time :196081.3 secs   av.it.:  16.2
      thresh= 8.240E-08 alpha_mix =  0.700 |ddv_scf|^2 =  4.029E-14

      iter #   6 total cpu time :196300.9 secs   av.it.:  17.0
      thresh= 2.007E-08 alpha_mix =  0.700 |ddv_scf|^2 =  5.115E-15

     End of self-consistent calculation

     Convergence has been achieved 


     Representation #  32 modes #  63  64

     Self-consistent Calculation

      iter #   1 total cpu time :196393.0 secs   av.it.:   3.0
      thresh= 1.000E-02 alpha_mix =  0.700 |ddv_scf|^2 =  3.274E-10

      iter #   2 total cpu time :196617.5 secs   av.it.:  17.0
      thresh= 1.810E-06 alpha_mix =  0.700 |ddv_scf|^2 =  1.051E-10

      iter #   3 total cpu time :196836.2 secs   av.it.:  16.8
      thresh= 1.025E-06 alpha_mix =  0.700 |ddv_scf|^2 =  3.870E-12

      iter #   4 total cpu time :197051.6 secs   av.it.:  16.0
      thresh= 1.967E-07 alpha_mix =  0.700 |ddv_scf|^2 =  5.817E-13

      iter #   5 total cpu time :197259.1 secs   av.it.:  15.9
      thresh= 7.627E-08 alpha_mix =  0.700 |ddv_scf|^2 =  3.313E-14

      iter #   6 total cpu time :197472.3 secs   av.it.:  16.0
      thresh= 1.820E-08 alpha_mix =  0.700 |ddv_scf|^2 =  2.333E-15

     End of self-consistent calculation

     Convergence has been achieved 


     Representation #  33 modes #  65  66

     Self-consistent Calculation

      iter #   1 total cpu time :197566.3 secs   av.it.:   3.1
      thresh= 1.000E-02 alpha_mix =  0.700 |ddv_scf|^2 =  6.981E-10

      iter #   2 total cpu time :197778.8 secs   av.it.:  16.9
      thresh= 2.642E-06 alpha_mix =  0.700 |ddv_scf|^2 =  5.422E-10

      iter #   3 total cpu time :197978.9 secs   av.it.:  15.9
      thresh= 2.329E-06 alpha_mix =  0.700 |ddv_scf|^2 =  6.045E-12

      iter #   4 total cpu time :198187.1 secs   av.it.:  16.5
      thresh= 2.459E-07 alpha_mix =  0.700 |ddv_scf|^2 =  1.031E-12

      iter #   5 total cpu time :198391.8 secs   av.it.:  16.0
      thresh= 1.016E-07 alpha_mix =  0.700 |ddv_scf|^2 =  3.052E-14

      iter #   6 total cpu time :198599.7 secs   av.it.:  16.7
      thresh= 1.747E-08 alpha_mix =  0.700 |ddv_scf|^2 =  2.334E-15

     End of self-consistent calculation

     Convergence has been achieved 

     Number of q in the star =    1
     List of q in the star:
          1  -0.500000000   0.000000000   0.000000000

     Diagonalizing the dynamical matrix

     q = (   -0.500000000   0.000000000   0.000000000 ) 

 **************************************************************************
     freq (    1) =       1.214263 [THz] =      40.503453 [cm-1]
     freq (    2) =       1.214263 [THz] =      40.503453 [cm-1]
     freq (    3) =       1.333534 [THz] =      44.481918 [cm-1]
     freq (    4) =       1.333534 [THz] =      44.481918 [cm-1]
     freq (    5) =       1.777403 [THz] =      59.287792 [cm-1]
     freq (    6) =       1.777403 [THz] =      59.287792 [cm-1]
     freq (    7) =       4.206833 [THz] =     140.324859 [cm-1]
     freq (    8) =       4.206833 [THz] =     140.324859 [cm-1]
     freq (    9) =       5.532575 [THz] =     184.546844 [cm-1]
     freq (   10) =       5.532575 [THz] =     184.546844 [cm-1]
     freq (   11) =       5.997351 [THz] =     200.050102 [cm-1]
     freq (   12) =       5.997351 [THz] =     200.050102 [cm-1]
     freq (   13) =       6.434063 [THz] =     214.617230 [cm-1]
     freq (   14) =       6.434063 [THz] =     214.617230 [cm-1]
     freq (   15) =       7.047120 [THz] =     235.066627 [cm-1]
     freq (   16) =       7.047120 [THz] =     235.066627 [cm-1]
     freq (   17) =       8.065296 [THz] =     269.029329 [cm-1]
     freq (   18) =       8.065296 [THz] =     269.029329 [cm-1]
     freq (   19) =       8.219213 [THz] =     274.163436 [cm-1]
     freq (   20) =       8.219213 [THz] =     274.163436 [cm-1]
     freq (   21) =       8.721809 [THz] =     290.928227 [cm-1]
     freq (   22) =       8.721809 [THz] =     290.928227 [cm-1]
     freq (   23) =       8.982735 [THz] =     299.631784 [cm-1]
     freq (   24) =       8.982735 [THz] =     299.631784 [cm-1]
     freq (   25) =       9.678488 [THz] =     322.839615 [cm-1]
     freq (   26) =       9.678488 [THz] =     322.839615 [cm-1]
     freq (   27) =      12.034502 [THz] =     401.427780 [cm-1]
     freq (   28) =      12.034502 [THz] =     401.427780 [cm-1]
     freq (   29) =      12.355075 [THz] =     412.120937 [cm-1]
     freq (   30) =      12.355075 [THz] =     412.120937 [cm-1]
     freq (   31) =      30.561945 [THz] =    1019.436767 [cm-1]
     freq (   32) =      30.561945 [THz] =    1019.436767 [cm-1]
     freq (   33) =      30.755703 [THz] =    1025.899827 [cm-1]
     freq (   34) =      30.755703 [THz] =    1025.899827 [cm-1]
     freq (   35) =      31.931983 [THz] =    1065.136308 [cm-1]
     freq (   36) =      31.931983 [THz] =    1065.136308 [cm-1]
     freq (   37) =      32.248131 [THz] =    1075.681855 [cm-1]
     freq (   38) =      32.248131 [THz] =    1075.681855 [cm-1]
     freq (   39) =      32.382266 [THz] =    1080.156135 [cm-1]
     freq (   40) =      32.382266 [THz] =    1080.156135 [cm-1]
     freq (   41) =      32.568803 [THz] =    1086.378343 [cm-1]
     freq (   42) =      32.568803 [THz] =    1086.378343 [cm-1]
     freq (   43) =      35.813198 [THz] =    1194.599701 [cm-1]
     freq (   44) =      35.813198 [THz] =    1194.599701 [cm-1]
     freq (   45) =      35.853049 [THz] =    1195.928981 [cm-1]
     freq (   46) =      35.853049 [THz] =    1195.928981 [cm-1]
     freq (   47) =      36.292725 [THz] =    1210.594992 [cm-1]
     freq (   48) =      36.292725 [THz] =    1210.594992 [cm-1]
     freq (   49) =      36.561623 [THz] =    1219.564468 [cm-1]
     freq (   50) =      36.561623 [THz] =    1219.564468 [cm-1]
     freq (   51) =      68.367892 [THz] =    2280.507410 [cm-1]
     freq (   52) =      68.367892 [THz] =    2280.507410 [cm-1]
     freq (   53) =      68.533580 [THz] =    2286.034166 [cm-1]
     freq (   54) =      68.533580 [THz] =    2286.034166 [cm-1]
     freq (   55) =      70.087148 [THz] =    2337.855610 [cm-1]
     freq (   56) =      70.087148 [THz] =    2337.855610 [cm-1]
     freq (   57) =      70.242671 [THz] =    2343.043295 [cm-1]
     freq (   58) =      70.242671 [THz] =    2343.043295 [cm-1]
     freq (   59) =      70.687003 [THz] =    2357.864619 [cm-1]
     freq (   60) =      70.687003 [THz] =    2357.864619 [cm-1]
     freq (   61) =      70.925103 [THz] =    2365.806781 [cm-1]
     freq (   62) =      70.925103 [THz] =    2365.806781 [cm-1]
     freq (   63) =      71.230368 [THz] =    2375.989328 [cm-1]
     freq (   64) =      71.230368 [THz] =    2375.989328 [cm-1]
     freq (   65) =      71.252433 [THz] =    2376.725329 [cm-1]
     freq (   66) =      71.252433 [THz] =    2376.725329 [cm-1]
 **************************************************************************

     Calculation of q =   -0.5000000   0.0000000  -0.7880444

     Parallelization info
     --------------------
     sticks:   dense  smooth     PW     G-vecs:    dense   smooth      PW
     Min         490     245     67                25554     9038    1293
     Max         491     247     68                25557     9040    1295
     Sum       11779    5897   1609               613353   216939   31053

     Using Slab Decomposition



     bravais-lattice index     =            8
     lattice parameter (alat)  =      13.6741  a.u.
     unit-cell volume          =    1605.3416 (a.u.)^3
     number of atoms/cell      =           22
     number of atomic types    =            3
     number of electrons       =        48.00
     number of Kohn-Sham states=           24
     kinetic-energy cutoff     =     100.0000  Ry
     charge density cutoff     =     800.0000  Ry
     Exchange-correlation= PBESOL
                           (   1   4  10   8   0   0   0)

     celldm(1)=  13.674099  celldm(2)=   0.989582  celldm(3)=   0.634482
     celldm(4)=   0.000000  celldm(5)=   0.000000  celldm(6)=   0.000000

     crystal axes: (cart. coord. in units of alat)
               a(1) = (   1.000000   0.000000   0.000000 )  
               a(2) = (   0.000000   0.989582   0.000000 )  
               a(3) = (   0.000000   0.000000   0.634482 )  

     reciprocal axes: (cart. coord. in units 2 pi/alat)
               b(1) = (  1.000000  0.000000  0.000000 )  
               b(2) = (  0.000000  1.010527  0.000000 )  
               b(3) = (  0.000000  0.000000  1.576089 )  


     PseudoPot. # 1 for B  read from file:
     /home/mehlhorn/pseudos/b_pbesol_v1.4.uspp.F.UPF
     MD5 check sum: 369b69bef2c3aeed4453bd8b804fd6a8
     Pseudo is Ultrasoft + core correction, Zval =  3.0
     Generated by new atomic code, or converted to UPF format
     Using radial grid of  781 points,  4 beta functions with: 
                l(1) =   0
                l(2) =   0
                l(3) =   1
                l(4) =   1
     Q(r) pseudized with  8 coefficients,  rinner =    1.100   1.100   1.100


     PseudoPot. # 2 for Ba read from file:
     /home/mehlhorn/pseudos/Ba.nc.z_10.oncvpsp4.dojo.v4-sp.upf
     MD5 check sum: c10ed334bb677c0554edec7181ce9143
     Pseudo is Norm-conserving + core correction, Zval = 10.0
     Generated using ONCVPSP code by D. R. Hamann
     Using radial grid of 1938 points,  8 beta functions with: 
                l(1) =   0
                l(2) =   0
                l(3) =   1
                l(4) =   1
                l(5) =   2
                l(6) =   2
                l(7) =   3
                l(8) =   3

     PseudoPot. # 3 for H  read from file:
     /home/mehlhorn/pseudos/H_ONCV_PBEsol-1.0.upf
     MD5 check sum: 398ef8f67c0a7342c05c87c5e19ea467
     Pseudo is Norm-conserving, Zval =  1.0
     Generated using ONCVPSP code by D. R. Hamann
     Using radial grid of 1180 points,  2 beta functions with: 
                l(1) =   0
                l(2) =   0

     atomic species   valence    mass     pseudopotential
     B                 3.00    10.81100     B ( 1.00)
     Ba               10.00   137.32700     Ba( 1.00)
     H                 1.00     1.00794     H ( 1.00)

      4 Sym. Ops. (no inversion) found



   Cartesian axes

     site n.     atom                  positions (alat units)
         1        Ba     tau(   1) = (   0.5000000   0.4947912   0.3172522  )
         2        Ba     tau(   2) = (   0.0000000   0.0000000   0.6344709  )
         3        B      tau(   3) = (   0.6413579   0.2648610   0.0000111  )
         4        B      tau(   4) = (   0.3586421   0.7247215   0.0000111  )
         5        B      tau(   5) = (   0.1413579   0.2299303   0.3172299  )
         6        B      tau(   6) = (   0.8586421   0.7596522   0.3172299  )
         7        H      tau(   7) = (   0.4714554   0.2791357   0.0000081  )
         8        H      tau(   8) = (   0.5285446   0.7104468   0.0000081  )
         9        H      tau(   9) = (   0.9714554   0.2156555   0.3172329  )
        10        H      tau(  10) = (   0.0285446   0.7739269   0.3172329  )
        11        H      tau(  11) = (   0.7128420   0.4201314   0.0000064  )
        12        H      tau(  12) = (   0.2871580   0.5694510   0.0000064  )
        13        H      tau(  13) = (   0.2128420   0.0746598   0.3172346  )
        14        H      tau(  14) = (   0.7871580   0.9149226   0.3172346  )
        15        H      tau(  15) = (   0.6872173   0.1818371   0.4934203  )
        16        H      tau(  16) = (   0.3127827   0.8077454   0.4934203  )
        17        H      tau(  17) = (   0.1872173   0.3129541   0.4583027  )
        18        H      tau(  18) = (   0.8127827   0.6766283   0.4583027  )
        19        H      tau(  19) = (   0.3127767   0.8077467   0.1410819  )
        20        H      tau(  20) = (   0.6872233   0.1818357   0.1410819  )
        21        H      tau(  21) = (   0.8127767   0.6766270   0.1761591  )
        22        H      tau(  22) = (   0.1872233   0.3129555   0.1761591  )

     number of k points=    54
                       cart. coord. in units 2pi/alat
        k(    1) = (   0.0000000   0.0000000   0.0000000), wk =   0.0160000
        k(    2) = (  -0.5000000   0.0000000  -0.7880444), wk =   0.0000000
        k(    3) = (   0.0000000   0.0000000   0.3152178), wk =   0.0320000
        k(    4) = (  -0.5000000   0.0000000  -0.4728266), wk =   0.0000000
        k(    5) = (   0.0000000   0.0000000   0.6304355), wk =   0.0320000
        k(    6) = (  -0.5000000   0.0000000  -0.1576089), wk =   0.0000000
        k(    7) = (   0.0000000   0.2021054   0.0000000), wk =   0.0320000
        k(    8) = (  -0.5000000   0.2021054  -0.7880444), wk =   0.0000000
        k(    9) = (   0.0000000   0.2021054   0.3152178), wk =   0.0640000
        k(   10) = (  -0.5000000   0.2021054  -0.4728266), wk =   0.0000000
        k(   11) = (   0.0000000   0.2021054   0.6304355), wk =   0.0640000
        k(   12) = (  -0.5000000   0.2021054  -0.1576089), wk =   0.0000000
        k(   13) = (   0.0000000   0.4042109   0.0000000), wk =   0.0320000
        k(   14) = (  -0.5000000   0.4042109  -0.7880444), wk =   0.0000000
        k(   15) = (   0.0000000   0.4042109   0.3152178), wk =   0.0640000
        k(   16) = (  -0.5000000   0.4042109  -0.4728266), wk =   0.0000000
        k(   17) = (   0.0000000   0.4042109   0.6304355), wk =   0.0640000
        k(   18) = (  -0.5000000   0.4042109  -0.1576089), wk =   0.0000000
        k(   19) = (   0.2000000   0.0000000   0.0000000), wk =   0.0320000
        k(   20) = (  -0.3000000   0.0000000  -0.7880444), wk =   0.0000000
        k(   21) = (   0.2000000   0.0000000   0.3152178), wk =   0.0640000
        k(   22) = (  -0.3000000   0.0000000  -0.4728266), wk =   0.0000000
        k(   23) = (   0.2000000   0.0000000   0.6304355), wk =   0.0640000
        k(   24) = (  -0.3000000   0.0000000  -0.1576089), wk =   0.0000000
        k(   25) = (   0.2000000   0.2021054   0.0000000), wk =   0.0640000
        k(   26) = (  -0.3000000   0.2021054  -0.7880444), wk =   0.0000000
        k(   27) = (   0.2000000   0.2021054   0.3152178), wk =   0.1280000
        k(   28) = (  -0.3000000   0.2021054  -0.4728266), wk =   0.0000000
        k(   29) = (   0.2000000   0.2021054   0.6304355), wk =   0.1280000
        k(   30) = (  -0.3000000   0.2021054  -0.1576089), wk =   0.0000000
        k(   31) = (   0.2000000   0.4042109   0.0000000), wk =   0.0640000
        k(   32) = (  -0.3000000   0.4042109  -0.7880444), wk =   0.0000000
        k(   33) = (   0.2000000   0.4042109   0.3152178), wk =   0.1280000
        k(   34) = (  -0.3000000   0.4042109  -0.4728266), wk =   0.0000000
        k(   35) = (   0.2000000   0.4042109   0.6304355), wk =   0.1280000
        k(   36) = (  -0.3000000   0.4042109  -0.1576089), wk =   0.0000000
        k(   37) = (   0.4000000   0.0000000   0.0000000), wk =   0.0320000
        k(   38) = (  -0.1000000   0.0000000  -0.7880444), wk =   0.0000000
        k(   39) = (   0.4000000   0.0000000   0.3152178), wk =   0.0640000
        k(   40) = (  -0.1000000   0.0000000  -0.4728266), wk =   0.0000000
        k(   41) = (   0.4000000   0.0000000   0.6304355), wk =   0.0640000
        k(   42) = (  -0.1000000   0.0000000  -0.1576089), wk =   0.0000000
        k(   43) = (   0.4000000   0.2021054   0.0000000), wk =   0.0640000
        k(   44) = (  -0.1000000   0.2021054  -0.7880444), wk =   0.0000000
        k(   45) = (   0.4000000   0.2021054   0.3152178), wk =   0.1280000
        k(   46) = (  -0.1000000   0.2021054  -0.4728266), wk =   0.0000000
        k(   47) = (   0.4000000   0.2021054   0.6304355), wk =   0.1280000
        k(   48) = (  -0.1000000   0.2021054  -0.1576089), wk =   0.0000000
        k(   49) = (   0.4000000   0.4042109   0.0000000), wk =   0.0640000
        k(   50) = (  -0.1000000   0.4042109  -0.7880444), wk =   0.0000000
        k(   51) = (   0.4000000   0.4042109   0.3152178), wk =   0.1280000
        k(   52) = (  -0.1000000   0.4042109  -0.4728266), wk =   0.0000000
        k(   53) = (   0.4000000   0.4042109   0.6304355), wk =   0.1280000
        k(   54) = (  -0.1000000   0.4042109  -0.1576089), wk =   0.0000000

     Dense  grid:   613353 G-vectors     FFT dimensions: ( 128, 128,  80)

     Smooth grid:   216939 G-vectors     FFT dimensions: (  90,  90,  60)

     Estimated max dynamical RAM per process >      55.04 MB

     Estimated total dynamical RAM >       1.29 GB

     The potential is recalculated from file :
     ./_ph0/pwscf.q_6/pwscf.save/charge-density

     Starting wfcs are   42 atomic wfcs

     Band Structure Calculation
     Davidson diagonalization with overlap

     ethr =  2.08E-11,  avg # of iterations = 21.8

     total cpu time spent up to now is     1127.4 secs

     End of band structure calculation

          k = 0.0000 0.0000 0.0000 ( 27159 PWs)   bands (ev):

   -24.7583 -24.7534 -10.2441 -10.2125 -10.0149  -9.9894  -9.9206  -9.8767
    -6.6140  -5.8097  -5.2881  -5.2445  -2.3768  -1.3886  -1.2989  -1.1000
    -1.0597  -0.8583  -0.8225  -0.5873  -0.3461  -0.1589  -0.0673  -0.0550

          k =-0.5000 0.0000-0.7880 ( 27140 PWs)   bands (ev):

   -24.7413 -24.7413 -10.4369 -10.4369 -10.0159 -10.0159  -9.9914  -9.9914
    -5.8015  -5.8015  -5.2449  -5.2449  -2.3465  -2.3465  -1.2592  -1.2592
    -0.7098  -0.7098  -0.6103  -0.6103  -0.4010  -0.4010  -0.3113  -0.3113

          k = 0.0000 0.0000 0.3152 ( 27148 PWs)   bands (ev):

   -24.7529 -24.7488 -10.1842 -10.1587 -10.1107 -10.0879 -10.0009  -9.9812
    -6.2693  -5.5902  -5.4122  -5.3778  -2.0783  -1.7565  -1.5673  -1.1740
    -0.9579  -0.9061  -0.6645  -0.5250  -0.3907  -0.2294  -0.2130  -0.1384

          k =-0.5000 0.0000-0.4728 ( 27122 PWs)   bands (ev):

   -24.7463 -24.7463 -10.2814 -10.2814 -10.0706 -10.0706 -10.0083 -10.0083
    -5.7369  -5.7369  -5.4755  -5.4755  -1.9940  -1.9940  -1.4066  -1.4066
    -0.7359  -0.7359  -0.6303  -0.6303  -0.4020  -0.4020  -0.2886  -0.2886

          k = 0.0000 0.0000 0.6304 ( 27112 PWs)   bands (ev):

   -24.7435 -24.7419 -10.3799 -10.3759 -10.0635 -10.0507  -9.9951  -9.9851
    -5.6407  -5.6190  -5.6068  -5.3517  -1.9841  -1.9025  -1.7723  -1.5056
    -0.9505  -0.8406  -0.6104  -0.4692  -0.3869  -0.3426  -0.2723  -0.2233

          k =-0.5000 0.0000-0.1576 ( 27130 PWs)   bands (ev):

   -24.7545 -24.7545 -10.1577 -10.1577 -10.0770 -10.0770  -9.9464  -9.9464
    -6.0694  -6.0694  -5.4085  -5.4085  -1.7775  -1.7775  -1.0867  -1.0867
    -0.7966  -0.7966  -0.7614  -0.7614  -0.4695  -0.4695  -0.2772  -0.2772

          k = 0.0000 0.2021 0.0000 ( 27127 PWs)   bands (ev):

   -24.7579 -24.7538 -10.2297 -10.1979 -10.0353 -10.0078  -9.9164  -9.8809
    -6.5206  -5.8192  -5.3815  -5.2828  -2.2251  -1.5372  -1.3615  -0.9013
    -0.8903  -0.8550  -0.8226  -0.5724  -0.3740  -0.3131  -0.1362  -0.1171

          k =-0.5000 0.2021-0.7880 ( 27132 PWs)   bands (ev):

   -24.7413 -24.7413 -10.4308 -10.4308 -10.0170 -10.0170  -9.9990  -9.9990
    -5.7748  -5.7748  -5.2722  -5.2722  -2.2998  -2.2998  -1.4257  -1.4257
    -0.6610  -0.6610  -0.5815  -0.5815  -0.3823  -0.3823  -0.2527  -0.2527

          k = 0.0000 0.2021 0.3152 ( 27117 PWs)   bands (ev):

   -24.7525 -24.7492 -10.1818 -10.1458 -10.1043 -10.1007 -10.0023  -9.9927
    -6.1977  -5.5812  -5.4998  -5.4003  -1.9795  -1.7780  -1.5991  -1.0422
    -0.9296  -0.8769  -0.7992  -0.4852  -0.3825  -0.2528  -0.2349  -0.2116

          k =-0.5000 0.2021-0.4728 ( 27106 PWs)   bands (ev):

   -24.7463 -24.7463 -10.2740 -10.2740 -10.0920 -10.0920  -9.9953  -9.9953
    -5.7125  -5.7125  -5.4997  -5.4997  -1.9900  -1.9900  -1.4451  -1.4451
    -0.7589  -0.7589  -0.6105  -0.6105  -0.3539  -0.3539  -0.2720  -0.2720

          k = 0.0000 0.2021 0.6304 ( 27128 PWs)   bands (ev):

   -24.7433 -24.7421 -10.3850 -10.3814 -10.0522 -10.0440  -9.9953  -9.9891
    -5.7722  -5.7080  -5.4476  -5.2851  -2.0385  -2.0190  -1.6532  -1.4441
    -0.8876  -0.7354  -0.6229  -0.4670  -0.4162  -0.4024  -0.2857  -0.2741

          k =-0.5000 0.2021-0.1576 ( 27136 PWs)   bands (ev):

   -24.7545 -24.7545 -10.1918 -10.1918 -10.0393 -10.0393  -9.9482  -9.9482
    -6.0803  -6.0803  -5.4002  -5.4002  -1.7488  -1.7488  -1.2230  -1.2230
    -0.7467  -0.7467  -0.6772  -0.6772  -0.4899  -0.4899  -0.2598  -0.2598

          k = 0.0000 0.4042 0.0000 ( 27065 PWs)   bands (ev):

   -24.7566 -24.7551 -10.1931 -10.1722 -10.0702 -10.0507  -9.9054  -9.8918
    -6.2726  -5.9719  -5.4532  -5.3758  -1.9439  -1.7382  -1.2196  -0.8444
    -0.8301  -0.8041  -0.6196  -0.5984  -0.5215  -0.4438  -0.2662  -0.2572

          k =-0.5000 0.4042-0.7880 ( 27132 PWs)   bands (ev):

   -24.7413 -24.7413 -10.4206 -10.4206 -10.0194 -10.0194 -10.0110 -10.0110
    -5.7242  -5.7242  -5.3236  -5.3236  -2.1823  -2.1823  -1.6936  -1.6936
    -0.6300  -0.6300  -0.4812  -0.4812  -0.3659  -0.3659  -0.1947  -0.1947

          k = 0.0000 0.4042 0.3152 ( 27067 PWs)   bands (ev):

   -24.7515 -24.7502 -10.1678 -10.1391 -10.1133 -10.0909 -10.0127 -10.0104
    -6.0038  -5.7478  -5.5170  -5.4558  -1.8537  -1.8170  -1.4672  -1.1371
    -0.8611  -0.8191  -0.7377  -0.5349  -0.4150  -0.4078  -0.2429  -0.2315

          k =-0.5000 0.4042-0.4728 ( 27100 PWs)   bands (ev):

   -24.7463 -24.7463 -10.2597 -10.2597 -10.1213 -10.1213  -9.9819  -9.9819
    -5.6513  -5.6513  -5.5606  -5.5606  -1.9779  -1.9779  -1.5153  -1.5153
    -0.7970  -0.7970  -0.5143  -0.5143  -0.3694  -0.3694  -0.2126  -0.2126

          k = 0.0000 0.4042 0.6304 ( 27114 PWs)   bands (ev):

   -24.7429 -24.7425 -10.3923 -10.3907 -10.0320 -10.0309  -9.9984  -9.9978
    -5.8443  -5.8174  -5.3022  -5.2409  -2.1224  -2.1184  -1.4740  -1.3773
    -0.7653  -0.6406  -0.5889  -0.5846  -0.4478  -0.4367  -0.3551  -0.3082

          k =-0.5000 0.4042-0.1576 ( 27098 PWs)   bands (ev):

   -24.7544 -24.7544 -10.2254 -10.2254  -9.9968  -9.9968  -9.9541  -9.9541
    -6.0974  -6.0974  -5.3872  -5.3872  -1.6743  -1.6743  -1.4095  -1.4095
    -0.6848  -0.6848  -0.5853  -0.5853  -0.5037  -0.5037  -0.2503  -0.2503

          k = 0.2000 0.0000 0.0000 ( 27113 PWs)   bands (ev):

   -24.7579 -24.7538 -10.2270 -10.1997 -10.0331 -10.0113  -9.9164  -9.8809
    -6.5246  -5.8444  -5.3138  -5.3096  -2.2440  -1.3579  -1.3229  -1.1889
    -0.8323  -0.8286  -0.8124  -0.5938  -0.3903  -0.2982  -0.1733  -0.1175

          k =-0.3000 0.0000-0.7880 ( 27100 PWs)   bands (ev):

   -24.7413 -24.7413 -10.4316 -10.4316 -10.0164 -10.0164  -9.9975  -9.9975
    -5.7623  -5.7622  -5.2939  -5.2938  -2.2568  -2.2568  -1.3942  -1.3941
    -0.6729  -0.6728  -0.6130  -0.6130  -0.4261  -0.4260  -0.2911  -0.2910

          k = 0.2000 0.0000 0.3152 ( 27107 PWs)   bands (ev):

   -24.7525 -24.7492 -10.1700 -10.1617 -10.1020 -10.0988 -10.0105  -9.9854
    -6.1960  -5.6066  -5.4423  -5.4269  -1.9914  -1.7228  -1.6175  -1.0713
    -0.9434  -0.8789  -0.7626  -0.4865  -0.4804  -0.2415  -0.2204  -0.1816

          k =-0.3000 0.0000-0.4728 ( 27138 PWs)   bands (ev):

   -24.7472 -24.7455 -10.2785 -10.2701 -10.0982 -10.0745 -10.0085  -9.9896
    -5.8584  -5.6164  -5.5116  -5.4315  -2.0119  -1.8908  -1.6500  -1.2146
    -0.9016  -0.7927  -0.6850  -0.5463  -0.3676  -0.3205  -0.3202  -0.2372

          k = 0.2000 0.0000 0.6304 ( 27117 PWs)   bands (ev):

   -24.7433 -24.7421 -10.3858 -10.3822 -10.0558 -10.0404  -9.9987  -9.9858
    -5.7335  -5.6678  -5.4938  -5.3126  -2.1338  -2.0337  -1.6146  -1.3863
    -0.8459  -0.7733  -0.6357  -0.5044  -0.3752  -0.3691  -0.3140  -0.2469

          k =-0.3000 0.0000-0.1576 ( 27092 PWs)   bands (ev):

   -24.7559 -24.7531 -10.1931 -10.1736 -10.0510 -10.0386  -9.9610  -9.9364
    -6.3332  -5.8348  -5.3947  -5.3640  -2.0476  -1.5375  -1.3918  -1.0395
    -0.8655  -0.7677  -0.7038  -0.6362  -0.5796  -0.2950  -0.2676  -0.1780

          k = 0.2000 0.2021 0.0000 ( 27108 PWs)   bands (ev):

   -24.7575 -24.7542 -10.2372 -10.1746 -10.0669  -9.9971  -9.9130  -9.8842
    -6.4538  -5.8713  -5.4082  -5.2910  -2.1236  -1.5314  -1.3329  -1.0093
    -0.8645  -0.8042  -0.6777  -0.5693  -0.4753  -0.3935  -0.2508  -0.1023

          k =-0.3000 0.2021-0.7880 ( 27122 PWs)   bands (ev):

   -24.7413 -24.7413 -10.4342 -10.4240 -10.0183 -10.0162 -10.0066  -9.9937
    -5.8269  -5.6878  -5.3703  -5.2236  -2.2968  -2.1556  -1.5788  -1.3895
    -0.7272  -0.6306  -0.5315  -0.5299  -0.4327  -0.4052  -0.3627  -0.2179

          k = 0.2000 0.2021 0.3152 ( 27101 PWs)   bands (ev):

   -24.7522 -24.7495 -10.1794 -10.1431 -10.1218 -10.0871 -10.0132  -9.9862
    -6.1381  -5.6226  -5.5154  -5.4153  -1.9201  -1.7506  -1.6277  -1.0029
    -0.9724  -0.8726  -0.7406  -0.5051  -0.4576  -0.2734  -0.2560  -0.1839

          k =-0.3000 0.2021-0.4728 ( 27118 PWs)   bands (ev):

   -24.7470 -24.7457 -10.2780 -10.2641 -10.1172 -10.0669 -10.0115  -9.9831
    -5.8332  -5.6076  -5.5493  -5.4318  -2.0043  -1.9123  -1.6221  -1.2859
    -0.8453  -0.8049  -0.6423  -0.5011  -0.4550  -0.3355  -0.2855  -0.1989

          k = 0.2000 0.2021 0.6304 ( 27101 PWs)   bands (ev):

   -24.7432 -24.7422 -10.3905 -10.3793 -10.0607 -10.0295 -10.0002  -9.9879
    -5.8051  -5.6423  -5.4868  -5.2703  -2.1629  -2.0177  -1.6157  -1.4267
    -0.7657  -0.7153  -0.6234  -0.4820  -0.4599  -0.3728  -0.3419  -0.2161

          k =-0.3000 0.2021-0.1576 ( 27107 PWs)   bands (ev):

   -24.7556 -24.7533 -10.2186 -10.1580 -10.0756 -10.0010  -9.9600  -9.9409
    -6.2885  -5.8704  -5.4415  -5.3434  -1.9656  -1.5753  -1.4539  -0.9689
    -0.9219  -0.7607  -0.6748  -0.5978  -0.5249  -0.3586  -0.3179  -0.1518

          k = 0.2000 0.4042 0.0000 ( 27078 PWs)   bands (ev):

   -24.7565 -24.7552 -10.2246 -10.1869 -10.0574 -10.0145  -9.9040  -9.8931
    -6.2630  -6.0239  -5.4306  -5.3553  -1.8910  -1.7098  -1.2372  -0.8875
    -0.8731  -0.8416  -0.6999  -0.4959  -0.4906  -0.4253  -0.3461  -0.1975

          k =-0.3000 0.4042-0.7880 ( 27104 PWs)   bands (ev):

   -24.7413 -24.7413 -10.4283 -10.4219 -10.0165 -10.0159 -10.0111 -10.0023
    -5.8137  -5.7341  -5.3193  -5.2351  -2.2402  -2.1235  -1.6911  -1.5400
    -0.6763  -0.6065  -0.5389  -0.4637  -0.4038  -0.3710  -0.2837  -0.2410

          k = 0.2000 0.4042 0.3152 ( 27081 PWs)   bands (ev):

   -24.7513 -24.7503 -10.1761 -10.1537 -10.1133 -10.0873 -10.0097  -9.9944
    -5.9818  -5.7772  -5.5084  -5.4546  -1.8323  -1.7986  -1.5061  -1.2312
    -0.8462  -0.7665  -0.7182  -0.5411  -0.4116  -0.3335  -0.2789  -0.2417

          k =-0.3000 0.4042-0.4728 ( 27103 PWs)   bands (ev):

   -24.7466 -24.7461 -10.2711 -10.2622 -10.1192 -10.0921  -9.9954  -9.9829
    -5.7650  -5.6725  -5.5252  -5.4654  -1.9827  -1.9505  -1.5427  -1.4221
    -0.8477  -0.7653  -0.5893  -0.4838  -0.3886  -0.3444  -0.2876  -0.2151

          k = 0.2000 0.4042 0.6304 ( 27128 PWs)   bands (ev):

   -24.7429 -24.7425 -10.3901 -10.3834 -10.0519 -10.0334  -9.9971  -9.9912
    -5.8232  -5.7537  -5.3550  -5.2672  -2.1586  -2.0806  -1.5541  -1.4677
    -0.7515  -0.6705  -0.5512  -0.4688  -0.4524  -0.3846  -0.3483  -0.2580

          k =-0.3000 0.4042-0.1576 ( 27101 PWs)   bands (ev):

   -24.7549 -24.7540 -10.2231 -10.1951 -10.0358  -9.9971  -9.9553  -9.9481
    -6.1639  -5.9979  -5.4332  -5.3755  -1.8038  -1.6755  -1.4216  -1.1867
    -0.7923  -0.7132  -0.6439  -0.5310  -0.5016  -0.4157  -0.3270  -0.2003

          k = 0.4000 0.0000 0.0000 ( 27104 PWs)   bands (ev):

   -24.7566 -24.7551 -10.1866 -10.1726 -10.0698 -10.0583  -9.9054  -9.8919
    -6.2906  -6.0128  -5.3836  -5.3585  -1.9513  -1.6457  -1.0926  -0.9135
    -0.7897  -0.7879  -0.7693  -0.5972  -0.5805  -0.4937  -0.3575  -0.2494

          k =-0.1000 0.0000-0.7880 ( 27098 PWs)   bands (ev):

   -24.7413 -24.7413 -10.4228 -10.4228 -10.0177 -10.0177 -10.0072 -10.0072
    -5.6737  -5.6737  -5.3975  -5.3974  -2.0433  -2.0433  -1.6402  -1.6402
    -0.7070  -0.7069  -0.6445  -0.6444  -0.3850  -0.3850  -0.2574  -0.2574

          k = 0.4000 0.0000 0.3152 ( 27111 PWs)   bands (ev):

   -24.7515 -24.7502 -10.1551 -10.1342 -10.1314 -10.0986 -10.0170 -10.0000
    -6.0009  -5.7564  -5.4883  -5.4611  -1.8485  -1.7291  -1.5181  -1.1628
    -0.8682  -0.7896  -0.7878  -0.6460  -0.4204  -0.3354  -0.2492  -0.2403

          k =-0.1000 0.0000-0.4728 ( 27118 PWs)   bands (ev):

   -24.7477 -24.7450 -10.2670 -10.2560 -10.1206 -10.1002  -9.9946  -9.9793
    -5.9379  -5.5249  -5.5211  -5.4234  -1.9406  -1.8134  -1.7846  -1.1889
    -1.0413  -0.9965  -0.6566  -0.3940  -0.3793  -0.3147  -0.2390  -0.2253

          k = 0.4000 0.0000 0.6304 ( 27117 PWs)   bands (ev):

   -24.7429 -24.7425 -10.3941 -10.3926 -10.0390 -10.0273 -10.0018  -9.9912
    -5.7774  -5.7505  -5.3661  -5.2968  -2.2469  -2.2013  -1.4052  -1.2857
    -0.7327  -0.6826  -0.5857  -0.5398  -0.5190  -0.3352  -0.3333  -0.3169

          k =-0.1000 0.0000-0.1576 ( 27119 PWs)   bands (ev):

   -24.7567 -24.7522 -10.2239 -10.1951 -10.0164  -9.9946  -9.9731  -9.9370
    -6.4963  -5.7515  -5.3273  -5.3007  -2.2625  -1.5222  -1.3459  -1.2384
    -0.9848  -0.7349  -0.6620  -0.6226  -0.4737  -0.2039  -0.1179  -0.0981

          k = 0.4000 0.2021 0.0000 ( 27115 PWs)   bands (ev):

   -24.7565 -24.7552 -10.2231 -10.1853 -10.0593 -10.0163  -9.9041  -9.8931
    -6.2745  -6.0458  -5.3973  -5.3379  -1.8929  -1.6578  -1.1702  -0.8994
    -0.8506  -0.8157  -0.7826  -0.5859  -0.5260  -0.4512  -0.3523  -0.1978

          k =-0.1000 0.2021-0.7880 ( 27108 PWs)   bands (ev):

   -24.7413 -24.7413 -10.4296 -10.4233 -10.0154 -10.0149 -10.0088 -10.0000
    -5.7969  -5.7071  -5.3607  -5.2663  -2.1684  -2.0301  -1.6657  -1.4843
    -0.7161  -0.6968  -0.5850  -0.5773  -0.4088  -0.3872  -0.3471  -0.2738

          k = 0.4000 0.2021 0.3152 ( 27098 PWs)   bands (ev):

   -24.7513 -24.7503 -10.1722 -10.1511 -10.1204 -10.0916 -10.0090  -9.9917
    -5.9803  -5.7809  -5.4959  -5.4540  -1.8258  -1.7326  -1.5570  -1.2575
    -0.8118  -0.7884  -0.7231  -0.5792  -0.4265  -0.3418  -0.2727  -0.2342

          k =-0.1000 0.2021-0.4728 ( 27114 PWs)   bands (ev):

   -24.7475 -24.7452 -10.2740 -10.2609 -10.1138 -10.0829 -10.0018  -9.9842
    -5.9122  -5.6092  -5.4986  -5.3976  -1.9486  -1.8602  -1.7268  -1.2131
    -0.9836  -0.8612  -0.6807  -0.4503  -0.3894  -0.3336  -0.2753  -0.2227

          k = 0.4000 0.2021 0.6304 ( 27104 PWs)   bands (ev):

   -24.7429 -24.7425 -10.3913 -10.3846 -10.0531 -10.0342  -9.9968  -9.9896
    -5.7825  -5.6968  -5.4080  -5.3030  -2.2262  -2.1609  -1.4793  -1.4161
    -0.7220  -0.6735  -0.5718  -0.5435  -0.4396  -0.3634  -0.3050  -0.2223

          k =-0.1000 0.2021-0.1576 ( 27106 PWs)   bands (ev):

   -24.7563 -24.7526 -10.2185 -10.1756 -10.0484  -9.9997  -9.9669  -9.9376
    -6.4132  -5.7613  -5.4231  -5.3169  -2.1319  -1.6043  -1.4273  -1.0493
    -0.9019  -0.7649  -0.7100  -0.5458  -0.4988  -0.2982  -0.1823  -0.1293

          k = 0.4000 0.4042 0.0000 ( 27109 PWs)   bands (ev):

   -24.7561 -24.7556 -10.2444 -10.2285 -10.0125  -9.9931  -9.9006  -9.8964
    -6.2200  -6.1308  -5.3775  -5.3433  -1.7713  -1.6861  -1.2329  -1.0786
    -0.8950  -0.8790  -0.6754  -0.5324  -0.4427  -0.4131  -0.2988  -0.2049

          k =-0.1000 0.4042-0.7880 ( 27148 PWs)   bands (ev):

   -24.7413 -24.7413 -10.4342 -10.4304 -10.0133 -10.0122 -10.0016  -9.9949
    -5.8644  -5.8262  -5.2315  -5.1905  -2.2278  -2.1668  -1.4900  -1.3907
    -0.6950  -0.6642  -0.5829  -0.5261  -0.4856  -0.4839  -0.3014  -0.2997

          k = 0.4000 0.4042 0.3152 ( 27096 PWs)   bands (ev):

   -24.7510 -24.7506 -10.1852 -10.1769 -10.1045 -10.0929  -9.9917  -9.9838
    -5.9234  -5.8468  -5.4854  -5.4625  -1.7854  -1.7471  -1.5609  -1.4314
    -0.7538  -0.7264  -0.6238  -0.5300  -0.4075  -0.3749  -0.2994  -0.2367

          k =-0.1000 0.4042-0.4728 ( 27094 PWs)   bands (ev):

   -24.7468 -24.7459 -10.2798 -10.2735 -10.0884 -10.0671 -10.0113  -9.9978
    -5.8404  -5.7331  -5.4544  -5.4070  -1.9593  -1.9345  -1.5422  -1.3269
    -0.8698  -0.7364  -0.5988  -0.5247  -0.4520  -0.3586  -0.3155  -0.2788

          k = 0.4000 0.4042 0.6304 ( 27118 PWs)   bands (ev):

   -24.7428 -24.7426 -10.3810 -10.3766 -10.0642 -10.0543  -9.9905  -9.9886
    -5.7364  -5.6733  -5.4248  -5.3552  -2.1511  -2.0992  -1.6411  -1.5930
    -0.7202  -0.6825  -0.4974  -0.4753  -0.3790  -0.3685  -0.2335  -0.1868

          k =-0.1000 0.4042-0.1576 ( 27085 PWs)   bands (ev):

   -24.7552 -24.7538 -10.1923 -10.1593 -10.0731 -10.0361  -9.9543  -9.9428
    -6.1906  -5.9132  -5.4728  -5.3959  -1.8973  -1.7433  -1.3153  -0.9881
    -0.8399  -0.7816  -0.6926  -0.5249  -0.4957  -0.4648  -0.2513  -0.2144

     highest occupied level (ev):    -0.0550

     Writing config to output data dir ./_ph0/pwscf.q_6/pwscf.save/ :
     XML data file

                                                                                

     bravais-lattice index     =            8
     lattice parameter (alat)  =      13.6741  a.u.
     unit-cell volume          =    1605.3416 (a.u.)^3
     number of atoms/cell      =           22
     number of atomic types    =            3
     kinetic-energy cut-off    =     100.0000  Ry
     charge density cut-off    =     800.0000  Ry
     convergence threshold     =      1.0E-14
     beta                      =       0.7000
     number of iterations used =            4
     Exchange-correlation= PBESOL
                           (   1   4  10   8   0   0   0)


     celldm(1)=   13.67410  celldm(2)=    0.98958  celldm(3)=    0.63448
     celldm(4)=    0.00000  celldm(5)=    0.00000  celldm(6)=    0.00000

     crystal axes: (cart. coord. in units of alat)
               a(1) = (  1.0000  0.0000  0.0000 )  
               a(2) = (  0.0000  0.9896  0.0000 )  
               a(3) = (  0.0000  0.0000  0.6345 )  

     reciprocal axes: (cart. coord. in units 2 pi/alat)
               b(1) = (  1.0000  0.0000  0.0000 )  
               b(2) = (  0.0000  1.0105  0.0000 )  
               b(3) = (  0.0000  0.0000  1.5761 )  


     Atoms inside the unit cell: 

     Cartesian axes

     site n.  atom      mass           positions (alat units)
        1  Ba    137.3270   tau(    1) = (    0.50000    0.49479    0.31725  )
        2  Ba    137.3270   tau(    2) = (    0.00000    0.00000    0.63447  )
        3  B      10.8110   tau(    3) = (    0.64136    0.26486    0.00001  )
        4  B      10.8110   tau(    4) = (    0.35864    0.72472    0.00001  )
        5  B      10.8110   tau(    5) = (    0.14136    0.22993    0.31723  )
        6  B      10.8110   tau(    6) = (    0.85864    0.75965    0.31723  )
        7  H       1.0079   tau(    7) = (    0.47146    0.27914    0.00001  )
        8  H       1.0079   tau(    8) = (    0.52854    0.71045    0.00001  )
        9  H       1.0079   tau(    9) = (    0.97146    0.21566    0.31723  )
       10  H       1.0079   tau(   10) = (    0.02854    0.77393    0.31723  )
       11  H       1.0079   tau(   11) = (    0.71284    0.42013    0.00001  )
       12  H       1.0079   tau(   12) = (    0.28716    0.56945    0.00001  )
       13  H       1.0079   tau(   13) = (    0.21284    0.07466    0.31723  )
       14  H       1.0079   tau(   14) = (    0.78716    0.91492    0.31723  )
       15  H       1.0079   tau(   15) = (    0.68722    0.18184    0.49342  )
       16  H       1.0079   tau(   16) = (    0.31278    0.80775    0.49342  )
       17  H       1.0079   tau(   17) = (    0.18722    0.31295    0.45830  )
       18  H       1.0079   tau(   18) = (    0.81278    0.67663    0.45830  )
       19  H       1.0079   tau(   19) = (    0.31278    0.80775    0.14108  )
       20  H       1.0079   tau(   20) = (    0.68722    0.18184    0.14108  )
       21  H       1.0079   tau(   21) = (    0.81278    0.67663    0.17616  )
       22  H       1.0079   tau(   22) = (    0.18722    0.31296    0.17616  )

     Computing dynamical matrix for 
                    q = (  -0.5000000   0.0000000  -0.7880444 )

      5 Sym.Ops. (with q -> -q+G )


     G cutoff = 3789.0269  (  25557 G-vectors)     FFT grid: (128,128, 80)
     G cutoff = 1894.5135  (   9039 G-vectors)  smooth grid: ( 90, 90, 60)
     number of k points=    54

     PseudoPot. # 1 for B  read from file:
     /home/mehlhorn/pseudos/b_pbesol_v1.4.uspp.F.UPF
     MD5 check sum: 369b69bef2c3aeed4453bd8b804fd6a8
     Pseudo is Ultrasoft + core correction, Zval =  3.0
     Generated by new atomic code, or converted to UPF format
     Using radial grid of  781 points,  4 beta functions with: 
                l(1) =   0
                l(2) =   0
                l(3) =   1
                l(4) =   1
     Q(r) pseudized with  8 coefficients,  rinner =    1.100   1.100   1.100


     PseudoPot. # 2 for Ba read from file:
     /home/mehlhorn/pseudos/Ba.nc.z_10.oncvpsp4.dojo.v4-sp.upf
     MD5 check sum: c10ed334bb677c0554edec7181ce9143
     Pseudo is Norm-conserving + core correction, Zval = 10.0
     Generated using ONCVPSP code by D. R. Hamann
     Using radial grid of 1938 points,  8 beta functions with: 
                l(1) =   0
                l(2) =   0
                l(3) =   1
                l(4) =   1
                l(5) =   2
                l(6) =   2
                l(7) =   3
                l(8) =   3

     PseudoPot. # 3 for H  read from file:
     /home/mehlhorn/pseudos/H_ONCV_PBEsol-1.0.upf
     MD5 check sum: 398ef8f67c0a7342c05c87c5e19ea467
     Pseudo is Norm-conserving, Zval =  1.0
     Generated using ONCVPSP code by D. R. Hamann
     Using radial grid of 1180 points,  2 beta functions with: 
                l(1) =   0
                l(2) =   0


     Atomic displacements:
     There are   33 irreducible representations

     Representation     1      2 modes -  To be done

     Representation     2      2 modes -  To be done

     Representation     3      2 modes -  To be done

     Representation     4      2 modes -  To be done

     Representation     5      2 modes -  To be done

     Representation     6      2 modes -  To be done

     Representation     7      2 modes -  To be done

     Representation     8      2 modes -  To be done

     Representation     9      2 modes -  To be done

     Representation    10      2 modes -  To be done

     Representation    11      2 modes -  To be done

     Representation    12      2 modes -  To be done

     Representation    13      2 modes -  To be done

     Representation    14      2 modes -  To be done

     Representation    15      2 modes -  To be done

     Representation    16      2 modes -  To be done

     Representation    17      2 modes -  To be done

     Representation    18      2 modes -  To be done

     Representation    19      2 modes -  To be done

     Representation    20      2 modes -  To be done

     Representation    21      2 modes -  To be done

     Representation    22      2 modes -  To be done

     Representation    23      2 modes -  To be done

     Representation    24      2 modes -  To be done

     Representation    25      2 modes -  To be done

     Representation    26      2 modes -  To be done

     Representation    27      2 modes -  To be done

     Representation    28      2 modes -  To be done

     Representation    29      2 modes -  To be done

     Representation    30      2 modes -  To be done

     Representation    31      2 modes -  To be done

     Representation    32      2 modes -  To be done

     Representation    33      2 modes -  To be done



     Alpha used in Ewald sum =   2.8000
     PHONON       :   2d 6h45m CPU   2d 7h17m WALL



     Representation #   1 modes #   1   2

     Self-consistent Calculation

      iter #   1 total cpu time :199140.8 secs   av.it.:   4.7
      thresh= 1.000E-02 alpha_mix =  0.700 |ddv_scf|^2 =  5.636E-09

      iter #   2 total cpu time :199351.3 secs   av.it.:  16.9
      thresh= 7.507E-06 alpha_mix =  0.700 |ddv_scf|^2 =  3.097E-09

      iter #   3 total cpu time :199552.2 secs   av.it.:  16.0
      thresh= 5.565E-06 alpha_mix =  0.700 |ddv_scf|^2 =  1.697E-11

      iter #   4 total cpu time :199760.4 secs   av.it.:  16.8
      thresh= 4.120E-07 alpha_mix =  0.700 |ddv_scf|^2 =  1.725E-12

      iter #   5 total cpu time :199969.9 secs   av.it.:  16.9
      thresh= 1.313E-07 alpha_mix =  0.700 |ddv_scf|^2 =  1.294E-13

      iter #   6 total cpu time :200180.5 secs   av.it.:  17.0
      thresh= 3.598E-08 alpha_mix =  0.700 |ddv_scf|^2 =  6.029E-15

     End of self-consistent calculation

     Convergence has been achieved 


     Representation #   2 modes #   3   4

     Self-consistent Calculation

      iter #   1 total cpu time :200271.0 secs   av.it.:   3.0
      thresh= 1.000E-02 alpha_mix =  0.700 |ddv_scf|^2 =  5.944E-10

      iter #   2 total cpu time :200484.3 secs   av.it.:  17.0
      thresh= 2.438E-06 alpha_mix =  0.700 |ddv_scf|^2 =  3.072E-10

      iter #   3 total cpu time :200689.2 secs   av.it.:  16.0
      thresh= 1.753E-06 alpha_mix =  0.700 |ddv_scf|^2 =  3.087E-12

      iter #   4 total cpu time :200896.0 secs   av.it.:  16.0
      thresh= 1.757E-07 alpha_mix =  0.700 |ddv_scf|^2 =  3.172E-13

      iter #   5 total cpu time :201107.0 secs   av.it.:  16.3
      thresh= 5.632E-08 alpha_mix =  0.700 |ddv_scf|^2 =  6.857E-15

     End of self-consistent calculation

     Convergence has been achieved 


     Representation #   3 modes #   5   6

     Self-consistent Calculation

      iter #   1 total cpu time :201198.8 secs   av.it.:   3.2
      thresh= 1.000E-02 alpha_mix =  0.700 |ddv_scf|^2 =  4.733E-10

      iter #   2 total cpu time :201416.2 secs   av.it.:  17.0
      thresh= 2.176E-06 alpha_mix =  0.700 |ddv_scf|^2 =  2.651E-10

      iter #   3 total cpu time :201627.3 secs   av.it.:  16.0
      thresh= 1.628E-06 alpha_mix =  0.700 |ddv_scf|^2 =  2.161E-12

      iter #   4 total cpu time :201839.5 secs   av.it.:  16.4
      thresh= 1.470E-07 alpha_mix =  0.700 |ddv_scf|^2 =  3.555E-13

      iter #   5 total cpu time :202047.3 secs   av.it.:  16.4
      thresh= 5.963E-08 alpha_mix =  0.700 |ddv_scf|^2 =  1.172E-14

      iter #   6 total cpu time :202259.4 secs   av.it.:  17.0
      thresh= 1.083E-08 alpha_mix =  0.700 |ddv_scf|^2 =  5.477E-16

     End of self-consistent calculation

     Convergence has been achieved 


     Representation #   4 modes #   7   8

     Self-consistent Calculation

      iter #   1 total cpu time :202353.6 secs   av.it.:   3.6
      thresh= 1.000E-02 alpha_mix =  0.700 |ddv_scf|^2 =  1.446E-09

      iter #   2 total cpu time :202566.1 secs   av.it.:  17.0
      thresh= 3.802E-06 alpha_mix =  0.700 |ddv_scf|^2 =  1.020E-09

      iter #   3 total cpu time :202766.1 secs   av.it.:  16.0
      thresh= 3.194E-06 alpha_mix =  0.700 |ddv_scf|^2 =  2.399E-12

      iter #   4 total cpu time :202977.6 secs   av.it.:  17.0
      thresh= 1.549E-07 alpha_mix =  0.700 |ddv_scf|^2 =  3.047E-13

      iter #   5 total cpu time :203190.2 secs   av.it.:  17.0
      thresh= 5.520E-08 alpha_mix =  0.700 |ddv_scf|^2 =  1.767E-14

      iter #   6 total cpu time :203400.1 secs   av.it.:  16.9
      thresh= 1.329E-08 alpha_mix =  0.700 |ddv_scf|^2 =  1.197E-15

     End of self-consistent calculation

     Convergence has been achieved 


     Representation #   5 modes #   9  10

     Self-consistent Calculation

      iter #   1 total cpu time :203493.1 secs   av.it.:   3.5
      thresh= 1.000E-02 alpha_mix =  0.700 |ddv_scf|^2 =  8.985E-10

      iter #   2 total cpu time :203703.1 secs   av.it.:  17.0
      thresh= 2.997E-06 alpha_mix =  0.700 |ddv_scf|^2 =  4.936E-10

      iter #   3 total cpu time :203912.2 secs   av.it.:  16.0
      thresh= 2.222E-06 alpha_mix =  0.700 |ddv_scf|^2 =  2.096E-12

      iter #   4 total cpu time :204126.4 secs   av.it.:  16.5
      thresh= 1.448E-07 alpha_mix =  0.700 |ddv_scf|^2 =  3.593E-13

      iter #   5 total cpu time :204339.6 secs   av.it.:  16.2
      thresh= 5.994E-08 alpha_mix =  0.700 |ddv_scf|^2 =  1.262E-14

      iter #   6 total cpu time :204551.5 secs   av.it.:  16.0
      thresh= 1.123E-08 alpha_mix =  0.700 |ddv_scf|^2 =  3.864E-16

     End of self-consistent calculation

     Convergence has been achieved 


     Representation #   6 modes #  11  12

     Self-consistent Calculation

      iter #   1 total cpu time :204643.2 secs   av.it.:   3.0
      thresh= 1.000E-02 alpha_mix =  0.700 |ddv_scf|^2 =  7.859E-10

      iter #   2 total cpu time :204859.6 secs   av.it.:  16.9
      thresh= 2.803E-06 alpha_mix =  0.700 |ddv_scf|^2 =  5.401E-10

      iter #   3 total cpu time :205065.8 secs   av.it.:  16.0
      thresh= 2.324E-06 alpha_mix =  0.700 |ddv_scf|^2 =  1.448E-12

      iter #   4 total cpu time :205285.4 secs   av.it.:  17.0
      thresh= 1.203E-07 alpha_mix =  0.700 |ddv_scf|^2 =  2.756E-13

      iter #   5 total cpu time :205496.1 secs   av.it.:  16.9
      thresh= 5.250E-08 alpha_mix =  0.700 |ddv_scf|^2 =  7.455E-15

     End of self-consistent calculation

     Convergence has been achieved 


     Representation #   7 modes #  13  14

     Self-consistent Calculation

      iter #   1 total cpu time :205588.6 secs   av.it.:   3.2
      thresh= 1.000E-02 alpha_mix =  0.700 |ddv_scf|^2 =  4.534E-10

      iter #   2 total cpu time :205811.4 secs   av.it.:  17.0
      thresh= 2.129E-06 alpha_mix =  0.700 |ddv_scf|^2 =  2.568E-10

      iter #   3 total cpu time :206023.7 secs   av.it.:  16.0
      thresh= 1.602E-06 alpha_mix =  0.700 |ddv_scf|^2 =  2.866E-12

      iter #   4 total cpu time :206231.7 secs   av.it.:  16.9
      thresh= 1.693E-07 alpha_mix =  0.700 |ddv_scf|^2 =  2.306E-13

      iter #   5 total cpu time :206441.2 secs   av.it.:  17.0
      thresh= 4.802E-08 alpha_mix =  0.700 |ddv_scf|^2 =  1.087E-14

      iter #   6 total cpu time :206652.3 secs   av.it.:  17.0
      thresh= 1.043E-08 alpha_mix =  0.700 |ddv_scf|^2 =  6.423E-16

     End of self-consistent calculation

     Convergence has been achieved 


     Representation #   8 modes #  15  16

     Self-consistent Calculation

      iter #   1 total cpu time :206747.2 secs   av.it.:   4.0
      thresh= 1.000E-02 alpha_mix =  0.700 |ddv_scf|^2 =  6.265E-10

      iter #   2 total cpu time :206968.1 secs   av.it.:  17.0
      thresh= 2.503E-06 alpha_mix =  0.700 |ddv_scf|^2 =  2.448E-10

      iter #   3 total cpu time :207174.6 secs   av.it.:  16.9
      thresh= 1.565E-06 alpha_mix =  0.700 |ddv_scf|^2 =  2.018E-12

      iter #   4 total cpu time :207382.5 secs   av.it.:  17.0
      thresh= 1.421E-07 alpha_mix =  0.700 |ddv_scf|^2 =  2.736E-13

      iter #   5 total cpu time :207585.8 secs   av.it.:  16.0
      thresh= 5.231E-08 alpha_mix =  0.700 |ddv_scf|^2 =  1.347E-14

      iter #   6 total cpu time :207792.3 secs   av.it.:  16.8
      thresh= 1.160E-08 alpha_mix =  0.700 |ddv_scf|^2 =  1.046E-15

     End of self-consistent calculation

     Convergence has been achieved 


     Representation #   9 modes #  17  18

     Self-consistent Calculation

      iter #   1 total cpu time :207894.5 secs   av.it.:   4.1
      thresh= 1.000E-02 alpha_mix =  0.700 |ddv_scf|^2 =  1.306E-09

      iter #   2 total cpu time :208108.6 secs   av.it.:  17.0
      thresh= 3.614E-06 alpha_mix =  0.700 |ddv_scf|^2 =  2.332E-10

      iter #   3 total cpu time :208317.0 secs   av.it.:  16.4
      thresh= 1.527E-06 alpha_mix =  0.700 |ddv_scf|^2 =  2.508E-11

      iter #   4 total cpu time :208520.8 secs   av.it.:  16.0
      thresh= 5.008E-07 alpha_mix =  0.700 |ddv_scf|^2 =  5.682E-13

      iter #   5 total cpu time :208730.5 secs   av.it.:  16.8
      thresh= 7.538E-08 alpha_mix =  0.700 |ddv_scf|^2 =  5.499E-14

      iter #   6 total cpu time :208946.2 secs   av.it.:  17.0
      thresh= 2.345E-08 alpha_mix =  0.700 |ddv_scf|^2 =  1.322E-15

     End of self-consistent calculation

     Convergence has been achieved 


     Representation #  10 modes #  19  20

     Self-consistent Calculation

      iter #   1 total cpu time :209076.6 secs   av.it.:   6.7
      thresh= 1.000E-02 alpha_mix =  0.700 |ddv_scf|^2 =  6.911E-08

      iter #   2 total cpu time :209284.4 secs   av.it.:  16.5
      thresh= 2.629E-05 alpha_mix =  0.700 |ddv_scf|^2 =  4.908E-08

      iter #   3 total cpu time :209487.2 secs   av.it.:  15.9
      thresh= 2.215E-05 alpha_mix =  0.700 |ddv_scf|^2 =  4.566E-11

      iter #   4 total cpu time :209699.8 secs   av.it.:  16.9
      thresh= 6.757E-07 alpha_mix =  0.700 |ddv_scf|^2 =  4.423E-12

      iter #   5 total cpu time :209909.4 secs   av.it.:  16.9
      thresh= 2.103E-07 alpha_mix =  0.700 |ddv_scf|^2 =  1.877E-13

      iter #   6 total cpu time :210117.8 secs   av.it.:  16.9
      thresh= 4.333E-08 alpha_mix =  0.700 |ddv_scf|^2 =  2.907E-14

      iter #   7 total cpu time :210318.4 secs   av.it.:  15.9
      thresh= 1.705E-08 alpha_mix =  0.700 |ddv_scf|^2 =  2.056E-15

     End of self-consistent calculation

     Convergence has been achieved 


     Representation #  11 modes #  21  22

     Self-consistent Calculation

      iter #   1 total cpu time :210407.4 secs   av.it.:   3.0
      thresh= 1.000E-02 alpha_mix =  0.700 |ddv_scf|^2 =  9.203E-10

      iter #   2 total cpu time :210617.6 secs   av.it.:  17.0
      thresh= 3.034E-06 alpha_mix =  0.700 |ddv_scf|^2 =  6.373E-10

      iter #   3 total cpu time :210819.5 secs   av.it.:  16.0
      thresh= 2.525E-06 alpha_mix =  0.700 |ddv_scf|^2 =  2.091E-12

      iter #   4 total cpu time :211028.8 secs   av.it.:  17.0
      thresh= 1.446E-07 alpha_mix =  0.700 |ddv_scf|^2 =  2.207E-13

      iter #   5 total cpu time :211237.1 secs   av.it.:  17.0
      thresh= 4.698E-08 alpha_mix =  0.700 |ddv_scf|^2 =  9.601E-15

     End of self-consistent calculation

     Convergence has been achieved 


     Representation #  12 modes #  23  24

     Self-consistent Calculation

      iter #   1 total cpu time :211325.9 secs   av.it.:   3.0
      thresh= 1.000E-02 alpha_mix =  0.700 |ddv_scf|^2 =  2.651E-10

      iter #   2 total cpu time :211539.3 secs   av.it.:  17.0
      thresh= 1.628E-06 alpha_mix =  0.700 |ddv_scf|^2 =  6.712E-11

      iter #   3 total cpu time :211742.5 secs   av.it.:  16.2
      thresh= 8.193E-07 alpha_mix =  0.700 |ddv_scf|^2 =  3.193E-12

      iter #   4 total cpu time :211945.6 secs   av.it.:  16.1
      thresh= 1.787E-07 alpha_mix =  0.700 |ddv_scf|^2 =  1.680E-13

      iter #   5 total cpu time :212151.8 secs   av.it.:  16.6
      thresh= 4.099E-08 alpha_mix =  0.700 |ddv_scf|^2 =  1.244E-14

      iter #   6 total cpu time :212360.6 secs   av.it.:  17.0
      thresh= 1.115E-08 alpha_mix =  0.700 |ddv_scf|^2 =  7.223E-16

     End of self-consistent calculation

     Convergence has been achieved 


     Representation #  13 modes #  25  26

     Self-consistent Calculation

      iter #   1 total cpu time :212449.2 secs   av.it.:   3.0
      thresh= 1.000E-02 alpha_mix =  0.700 |ddv_scf|^2 =  7.516E-10

      iter #   2 total cpu time :212666.3 secs   av.it.:  17.0
      thresh= 2.742E-06 alpha_mix =  0.700 |ddv_scf|^2 =  5.100E-10

      iter #   3 total cpu time :212867.1 secs   av.it.:  16.0
      thresh= 2.258E-06 alpha_mix =  0.700 |ddv_scf|^2 =  1.778E-12

      iter #   4 total cpu time :213075.1 secs   av.it.:  17.0
      thresh= 1.334E-07 alpha_mix =  0.700 |ddv_scf|^2 =  2.134E-13

      iter #   5 total cpu time :213283.9 secs   av.it.:  17.0
      thresh= 4.620E-08 alpha_mix =  0.700 |ddv_scf|^2 =  1.303E-14

      iter #   6 total cpu time :213493.1 secs   av.it.:  16.9
      thresh= 1.141E-08 alpha_mix =  0.700 |ddv_scf|^2 =  6.581E-16

     End of self-consistent calculation

     Convergence has been achieved 


     Representation #  14 modes #  27  28

     Self-consistent Calculation

      iter #   1 total cpu time :213585.6 secs   av.it.:   3.9
      thresh= 1.000E-02 alpha_mix =  0.700 |ddv_scf|^2 =  5.310E-10

      iter #   2 total cpu time :213794.9 secs   av.it.:  17.0
      thresh= 2.304E-06 alpha_mix =  0.700 |ddv_scf|^2 =  3.341E-10

      iter #   3 total cpu time :214004.5 secs   av.it.:  16.0
      thresh= 1.828E-06 alpha_mix =  0.700 |ddv_scf|^2 =  2.704E-12

      iter #   4 total cpu time :214221.9 secs   av.it.:  16.9
      thresh= 1.644E-07 alpha_mix =  0.700 |ddv_scf|^2 =  2.529E-13

      iter #   5 total cpu time :214439.8 secs   av.it.:  17.0
      thresh= 5.029E-08 alpha_mix =  0.700 |ddv_scf|^2 =  1.637E-14

      iter #   6 total cpu time :214658.4 secs   av.it.:  16.9
      thresh= 1.279E-08 alpha_mix =  0.700 |ddv_scf|^2 =  6.343E-16

     End of self-consistent calculation

     Convergence has been achieved 


     Representation #  15 modes #  29  30

     Self-consistent Calculation

      iter #   1 total cpu time :214786.2 secs   av.it.:   6.2
      thresh= 1.000E-02 alpha_mix =  0.700 |ddv_scf|^2 =  1.799E-08

      iter #   2 total cpu time :215004.6 secs   av.it.:  16.9
      thresh= 1.341E-05 alpha_mix =  0.700 |ddv_scf|^2 =  5.778E-09

      iter #   3 total cpu time :215217.5 secs   av.it.:  16.5
      thresh= 7.601E-06 alpha_mix =  0.700 |ddv_scf|^2 =  4.132E-11

      iter #   4 total cpu time :215434.8 secs   av.it.:  16.9
      thresh= 6.428E-07 alpha_mix =  0.700 |ddv_scf|^2 =  2.210E-12

      iter #   5 total cpu time :215649.0 secs   av.it.:  16.9
      thresh= 1.487E-07 alpha_mix =  0.700 |ddv_scf|^2 =  1.671E-13

      iter #   6 total cpu time :215855.7 secs   av.it.:  16.2
      thresh= 4.088E-08 alpha_mix =  0.700 |ddv_scf|^2 =  2.077E-14

      iter #   7 total cpu time :216056.2 secs   av.it.:  15.9
      thresh= 1.441E-08 alpha_mix =  0.700 |ddv_scf|^2 =  5.257E-16

     End of self-consistent calculation

     Convergence has been achieved 


     Representation #  16 modes #  31  32

     Self-consistent Calculation

      iter #   1 total cpu time :216145.1 secs   av.it.:   3.0
      thresh= 1.000E-02 alpha_mix =  0.700 |ddv_scf|^2 =  3.253E-10

      iter #   2 total cpu time :216358.7 secs   av.it.:  17.0
      thresh= 1.804E-06 alpha_mix =  0.700 |ddv_scf|^2 =  1.406E-10

      iter #   3 total cpu time :216564.3 secs   av.it.:  16.0
      thresh= 1.186E-06 alpha_mix =  0.700 |ddv_scf|^2 =  3.388E-12

      iter #   4 total cpu time :216771.4 secs   av.it.:  16.0
      thresh= 1.841E-07 alpha_mix =  0.700 |ddv_scf|^2 =  2.203E-13

      iter #   5 total cpu time :216981.1 secs   av.it.:  16.9
      thresh= 4.693E-08 alpha_mix =  0.700 |ddv_scf|^2 =  9.371E-15

     End of self-consistent calculation

     Convergence has been achieved 


     Representation #  17 modes #  33  34

     Self-consistent Calculation

      iter #   1 total cpu time :217069.1 secs   av.it.:   3.0
      thresh= 1.000E-02 alpha_mix =  0.700 |ddv_scf|^2 =  5.048E-10

      iter #   2 total cpu time :217281.1 secs   av.it.:  16.9
      thresh= 2.247E-06 alpha_mix =  0.700 |ddv_scf|^2 =  2.203E-10

      iter #   3 total cpu time :217483.7 secs   av.it.:  16.0
      thresh= 1.484E-06 alpha_mix =  0.700 |ddv_scf|^2 =  4.058E-12

      iter #   4 total cpu time :217690.7 secs   av.it.:  16.5
      thresh= 2.014E-07 alpha_mix =  0.700 |ddv_scf|^2 =  1.573E-13

      iter #   5 total cpu time :217895.9 secs   av.it.:  16.8
      thresh= 3.966E-08 alpha_mix =  0.700 |ddv_scf|^2 =  1.501E-14

      iter #   6 total cpu time :218100.9 secs   av.it.:  17.0
      thresh= 1.225E-08 alpha_mix =  0.700 |ddv_scf|^2 =  9.101E-16

     End of self-consistent calculation

     Convergence has been achieved 


     Representation #  18 modes #  35  36

     Self-consistent Calculation

      iter #   1 total cpu time :218204.5 secs   av.it.:   5.0
      thresh= 1.000E-02 alpha_mix =  0.700 |ddv_scf|^2 =  4.981E-09

      iter #   2 total cpu time :218413.3 secs   av.it.:  17.0
      thresh= 7.057E-06 alpha_mix =  0.700 |ddv_scf|^2 =  3.175E-09

      iter #   3 total cpu time :218612.8 secs   av.it.:  16.0
      thresh= 5.635E-06 alpha_mix =  0.700 |ddv_scf|^2 =  2.053E-11

      iter #   4 total cpu time :218819.1 secs   av.it.:  17.0
      thresh= 4.531E-07 alpha_mix =  0.700 |ddv_scf|^2 =  1.447E-12

      iter #   5 total cpu time :219026.5 secs   av.it.:  17.0
      thresh= 1.203E-07 alpha_mix =  0.700 |ddv_scf|^2 =  1.441E-13

      iter #   6 total cpu time :219236.6 secs   av.it.:  17.0
      thresh= 3.796E-08 alpha_mix =  0.700 |ddv_scf|^2 =  5.247E-15

     End of self-consistent calculation

     Convergence has been achieved 


     Representation #  19 modes #  37  38

     Self-consistent Calculation

      iter #   1 total cpu time :219330.1 secs   av.it.:   3.8
      thresh= 1.000E-02 alpha_mix =  0.700 |ddv_scf|^2 =  1.218E-09

      iter #   2 total cpu time :219540.5 secs   av.it.:  17.0
      thresh= 3.490E-06 alpha_mix =  0.700 |ddv_scf|^2 =  9.392E-10

      iter #   3 total cpu time :219742.8 secs   av.it.:  16.0
      thresh= 3.065E-06 alpha_mix =  0.700 |ddv_scf|^2 =  2.059E-12

      iter #   4 total cpu time :219957.9 secs   av.it.:  17.0
      thresh= 1.435E-07 alpha_mix =  0.700 |ddv_scf|^2 =  3.467E-13

      iter #   5 total cpu time :220168.2 secs   av.it.:  17.0
      thresh= 5.888E-08 alpha_mix =  0.700 |ddv_scf|^2 =  1.312E-14

      iter #   6 total cpu time :220376.6 secs   av.it.:  17.0
      thresh= 1.145E-08 alpha_mix =  0.700 |ddv_scf|^2 =  9.814E-16

     End of self-consistent calculation

     Convergence has been achieved 


     Representation #  20 modes #  39  40

     Self-consistent Calculation

      iter #   1 total cpu time :220482.0 secs   av.it.:   4.3
      thresh= 1.000E-02 alpha_mix =  0.700 |ddv_scf|^2 =  2.684E-09

      iter #   2 total cpu time :220702.0 secs   av.it.:  17.0
      thresh= 5.180E-06 alpha_mix =  0.700 |ddv_scf|^2 =  1.059E-09

      iter #   3 total cpu time :220912.9 secs   av.it.:  16.0
      thresh= 3.254E-06 alpha_mix =  0.700 |ddv_scf|^2 =  3.443E-11

      iter #   4 total cpu time :221125.7 secs   av.it.:  16.0
      thresh= 5.867E-07 alpha_mix =  0.700 |ddv_scf|^2 =  7.791E-13

      iter #   5 total cpu time :221343.1 secs   av.it.:  17.0
      thresh= 8.827E-08 alpha_mix =  0.700 |ddv_scf|^2 =  1.220E-13

      iter #   6 total cpu time :221559.4 secs   av.it.:  17.0
      thresh= 3.493E-08 alpha_mix =  0.700 |ddv_scf|^2 =  2.302E-15

     End of self-consistent calculation

     Convergence has been achieved 


     Representation #  21 modes #  41  42

     Self-consistent Calculation

      iter #   1 total cpu time :221649.4 secs   av.it.:   3.0
      thresh= 1.000E-02 alpha_mix =  0.700 |ddv_scf|^2 =  3.315E-10

      iter #   2 total cpu time :221865.0 secs   av.it.:  17.0
      thresh= 1.821E-06 alpha_mix =  0.700 |ddv_scf|^2 =  1.411E-10

      iter #   3 total cpu time :222072.6 secs   av.it.:  16.1
      thresh= 1.188E-06 alpha_mix =  0.700 |ddv_scf|^2 =  3.513E-12

      iter #   4 total cpu time :222279.3 secs   av.it.:  16.1
      thresh= 1.874E-07 alpha_mix =  0.700 |ddv_scf|^2 =  2.492E-13

      iter #   5 total cpu time :222489.6 secs   av.it.:  16.9
      thresh= 4.992E-08 alpha_mix =  0.700 |ddv_scf|^2 =  1.161E-14

      iter #   6 total cpu time :222702.2 secs   av.it.:  17.0
      thresh= 1.077E-08 alpha_mix =  0.700 |ddv_scf|^2 =  7.226E-16

     End of self-consistent calculation

     Convergence has been achieved 


     Representation #  22 modes #  43  44

     Self-consistent Calculation

      iter #   1 total cpu time :222795.3 secs   av.it.:   3.2
      thresh= 1.000E-02 alpha_mix =  0.700 |ddv_scf|^2 =  6.336E-10

      iter #   2 total cpu time :223007.4 secs   av.it.:  17.0
      thresh= 2.517E-06 alpha_mix =  0.700 |ddv_scf|^2 =  4.537E-10

      iter #   3 total cpu time :223209.8 secs   av.it.:  16.0
      thresh= 2.130E-06 alpha_mix =  0.700 |ddv_scf|^2 =  1.920E-12

      iter #   4 total cpu time :223422.7 secs   av.it.:  17.0
      thresh= 1.386E-07 alpha_mix =  0.700 |ddv_scf|^2 =  3.098E-13

      iter #   5 total cpu time :223633.2 secs   av.it.:  16.9
      thresh= 5.566E-08 alpha_mix =  0.700 |ddv_scf|^2 =  1.204E-14

      iter #   6 total cpu time :223867.4 secs   av.it.:  17.0
      thresh= 1.097E-08 alpha_mix =  0.700 |ddv_scf|^2 =  1.144E-15

     End of self-consistent calculation

     Convergence has been achieved 


     Representation #  23 modes #  45  46

     Self-consistent Calculation

      iter #   1 total cpu time :223954.8 secs   av.it.:   3.0
      thresh= 1.000E-02 alpha_mix =  0.700 |ddv_scf|^2 =  1.893E-10

      iter #   2 total cpu time :224168.5 secs   av.it.:  17.0
      thresh= 1.376E-06 alpha_mix =  0.700 |ddv_scf|^2 =  8.236E-11

      iter #   3 total cpu time :224375.6 secs   av.it.:  16.1
      thresh= 9.075E-07 alpha_mix =  0.700 |ddv_scf|^2 =  2.125E-12

      iter #   4 total cpu time :224584.2 secs   av.it.:  16.6
      thresh= 1.458E-07 alpha_mix =  0.700 |ddv_scf|^2 =  1.645E-13

      iter #   5 total cpu time :224797.0 secs   av.it.:  16.9
      thresh= 4.056E-08 alpha_mix =  0.700 |ddv_scf|^2 =  1.275E-14

      iter #   6 total cpu time :225019.3 secs   av.it.:  16.9
      thresh= 1.129E-08 alpha_mix =  0.700 |ddv_scf|^2 =  7.003E-16

     End of self-consistent calculation

     Convergence has been achieved 


     Representation #  24 modes #  47  48

     Self-consistent Calculation

      iter #   1 total cpu time :225109.2 secs   av.it.:   3.0
      thresh= 1.000E-02 alpha_mix =  0.700 |ddv_scf|^2 =  2.311E-10

      iter #   2 total cpu time :225323.6 secs   av.it.:  17.0
      thresh= 1.520E-06 alpha_mix =  0.700 |ddv_scf|^2 =  6.821E-11

      iter #   3 total cpu time :225533.9 secs   av.it.:  17.0
      thresh= 8.259E-07 alpha_mix =  0.700 |ddv_scf|^2 =  2.522E-12

      iter #   4 total cpu time :225742.1 secs   av.it.:  16.7
      thresh= 1.588E-07 alpha_mix =  0.700 |ddv_scf|^2 =  1.838E-13

      iter #   5 total cpu time :225955.2 secs   av.it.:  16.0
      thresh= 4.288E-08 alpha_mix =  0.700 |ddv_scf|^2 =  1.268E-14

      iter #   6 total cpu time :226170.9 secs   av.it.:  17.0
      thresh= 1.126E-08 alpha_mix =  0.700 |ddv_scf|^2 =  7.081E-16

     End of self-consistent calculation

     Convergence has been achieved 


     Representation #  25 modes #  49  50

     Self-consistent Calculation

      iter #   1 total cpu time :226277.1 secs   av.it.:   4.5
      thresh= 1.000E-02 alpha_mix =  0.700 |ddv_scf|^2 =  2.807E-09

      iter #   2 total cpu time :226488.3 secs   av.it.:  17.0
      thresh= 5.298E-06 alpha_mix =  0.700 |ddv_scf|^2 =  1.106E-09

      iter #   3 total cpu time :226692.6 secs   av.it.:  16.0
      thresh= 3.326E-06 alpha_mix =  0.700 |ddv_scf|^2 =  3.502E-11

      iter #   4 total cpu time :226894.5 secs   av.it.:  16.0
      thresh= 5.918E-07 alpha_mix =  0.700 |ddv_scf|^2 =  9.197E-13

      iter #   5 total cpu time :227107.8 secs   av.it.:  17.0
      thresh= 9.590E-08 alpha_mix =  0.700 |ddv_scf|^2 =  1.524E-13

      iter #   6 total cpu time :227319.4 secs   av.it.:  17.0
      thresh= 3.903E-08 alpha_mix =  0.700 |ddv_scf|^2 =  2.053E-15

     End of self-consistent calculation

     Convergence has been achieved 


     Representation #  26 modes #  51  52

     Self-consistent Calculation

      iter #   1 total cpu time :227413.5 secs   av.it.:   3.9
      thresh= 1.000E-02 alpha_mix =  0.700 |ddv_scf|^2 =  1.080E-09

      iter #   2 total cpu time :227632.0 secs   av.it.:  17.0
      thresh= 3.287E-06 alpha_mix =  0.700 |ddv_scf|^2 =  7.810E-10

      iter #   3 total cpu time :227843.4 secs   av.it.:  16.0
      thresh= 2.795E-06 alpha_mix =  0.700 |ddv_scf|^2 =  2.643E-12

      iter #   4 total cpu time :228062.6 secs   av.it.:  17.0
      thresh= 1.626E-07 alpha_mix =  0.700 |ddv_scf|^2 =  3.354E-13

      iter #   5 total cpu time :228280.4 secs   av.it.:  17.0
      thresh= 5.791E-08 alpha_mix =  0.700 |ddv_scf|^2 =  1.307E-14

      iter #   6 total cpu time :228492.8 secs   av.it.:  17.0
      thresh= 1.143E-08 alpha_mix =  0.700 |ddv_scf|^2 =  8.910E-16

     End of self-consistent calculation

     Convergence has been achieved 


     Representation #  27 modes #  53  54

     Self-consistent Calculation

      iter #   1 total cpu time :228617.3 secs   av.it.:   6.4
      thresh= 1.000E-02 alpha_mix =  0.700 |ddv_scf|^2 =  1.767E-08

      iter #   2 total cpu time :228823.7 secs   av.it.:  16.9
      thresh= 1.329E-05 alpha_mix =  0.700 |ddv_scf|^2 =  6.456E-09

      iter #   3 total cpu time :229025.5 secs   av.it.:  16.0
      thresh= 8.035E-06 alpha_mix =  0.700 |ddv_scf|^2 =  1.679E-11

      iter #   4 total cpu time :229230.1 secs   av.it.:  16.7
      thresh= 4.097E-07 alpha_mix =  0.700 |ddv_scf|^2 =  3.247E-12

      iter #   5 total cpu time :229432.2 secs   av.it.:  16.0
      thresh= 1.802E-07 alpha_mix =  0.700 |ddv_scf|^2 =  1.557E-13

      iter #   6 total cpu time :229637.4 secs   av.it.:  16.3
      thresh= 3.946E-08 alpha_mix =  0.700 |ddv_scf|^2 =  5.802E-15

     End of self-consistent calculation

     Convergence has been achieved 


     Representation #  28 modes #  55  56

     Self-consistent Calculation

      iter #   1 total cpu time :229725.7 secs   av.it.:   3.0
      thresh= 1.000E-02 alpha_mix =  0.700 |ddv_scf|^2 =  4.785E-10

      iter #   2 total cpu time :229937.4 secs   av.it.:  17.0
      thresh= 2.187E-06 alpha_mix =  0.700 |ddv_scf|^2 =  2.261E-10

      iter #   3 total cpu time :230140.4 secs   av.it.:  16.0
      thresh= 1.504E-06 alpha_mix =  0.700 |ddv_scf|^2 =  4.170E-12

      iter #   4 total cpu time :230346.4 secs   av.it.:  16.1
      thresh= 2.042E-07 alpha_mix =  0.700 |ddv_scf|^2 =  1.154E-13

      iter #   5 total cpu time :230557.7 secs   av.it.:  17.0
      thresh= 3.398E-08 alpha_mix =  0.700 |ddv_scf|^2 =  9.450E-15

     End of self-consistent calculation

     Convergence has been achieved 


     Representation #  29 modes #  57  58

     Self-consistent Calculation

      iter #   1 total cpu time :230648.8 secs   av.it.:   3.2
      thresh= 1.000E-02 alpha_mix =  0.700 |ddv_scf|^2 =  7.477E-10

      iter #   2 total cpu time :230861.2 secs   av.it.:  17.0
      thresh= 2.734E-06 alpha_mix =  0.700 |ddv_scf|^2 =  4.457E-10

      iter #   3 total cpu time :231064.6 secs   av.it.:  16.0
      thresh= 2.111E-06 alpha_mix =  0.700 |ddv_scf|^2 =  2.761E-12

      iter #   4 total cpu time :231274.4 secs   av.it.:  16.6
      thresh= 1.662E-07 alpha_mix =  0.700 |ddv_scf|^2 =  3.087E-13

      iter #   5 total cpu time :231490.4 secs   av.it.:  17.0
      thresh= 5.556E-08 alpha_mix =  0.700 |ddv_scf|^2 =  9.108E-15

     End of self-consistent calculation

     Convergence has been achieved 


     Representation #  30 modes #  59  60

     Self-consistent Calculation

      iter #   1 total cpu time :231600.6 secs   av.it.:   5.0
      thresh= 1.000E-02 alpha_mix =  0.700 |ddv_scf|^2 =  1.366E-08

      iter #   2 total cpu time :231809.1 secs   av.it.:  16.4
      thresh= 1.169E-05 alpha_mix =  0.700 |ddv_scf|^2 =  1.159E-08

      iter #   3 total cpu time :232007.2 secs   av.it.:  15.5
      thresh= 1.076E-05 alpha_mix =  0.700 |ddv_scf|^2 =  9.996E-12

      iter #   4 total cpu time :232221.1 secs   av.it.:  17.0
      thresh= 3.162E-07 alpha_mix =  0.700 |ddv_scf|^2 =  1.464E-12

      iter #   5 total cpu time :232433.4 secs   av.it.:  17.0
      thresh= 1.210E-07 alpha_mix =  0.700 |ddv_scf|^2 =  9.777E-14

      iter #   6 total cpu time :232645.6 secs   av.it.:  17.0
      thresh= 3.127E-08 alpha_mix =  0.700 |ddv_scf|^2 =  3.497E-15

     End of self-consistent calculation

     Convergence has been achieved 


     Representation #  31 modes #  61  62

     Self-consistent Calculation

      iter #   1 total cpu time :232739.3 secs   av.it.:   3.8
      thresh= 1.000E-02 alpha_mix =  0.700 |ddv_scf|^2 =  6.606E-10

      iter #   2 total cpu time :232954.5 secs   av.it.:  17.0
      thresh= 2.570E-06 alpha_mix =  0.700 |ddv_scf|^2 =  3.006E-10

      iter #   3 total cpu time :233162.0 secs   av.it.:  16.5
      thresh= 1.734E-06 alpha_mix =  0.700 |ddv_scf|^2 =  1.096E-12

      iter #   4 total cpu time :233376.4 secs   av.it.:  17.0
      thresh= 1.047E-07 alpha_mix =  0.700 |ddv_scf|^2 =  2.962E-13

      iter #   5 total cpu time :233579.4 secs   av.it.:  16.0
      thresh= 5.443E-08 alpha_mix =  0.700 |ddv_scf|^2 =  9.762E-15

     End of self-consistent calculation

     Convergence has been achieved 


     Representation #  32 modes #  63  64

     Self-consistent Calculation

      iter #   1 total cpu time :233670.7 secs   av.it.:   3.0
      thresh= 1.000E-02 alpha_mix =  0.700 |ddv_scf|^2 =  7.487E-10

      iter #   2 total cpu time :233884.0 secs   av.it.:  17.0
      thresh= 2.736E-06 alpha_mix =  0.700 |ddv_scf|^2 =  4.109E-10

      iter #   3 total cpu time :234088.7 secs   av.it.:  16.0
      thresh= 2.027E-06 alpha_mix =  0.700 |ddv_scf|^2 =  2.508E-12

      iter #   4 total cpu time :234298.9 secs   av.it.:  17.0
      thresh= 1.584E-07 alpha_mix =  0.700 |ddv_scf|^2 =  3.569E-13

      iter #   5 total cpu time :234507.9 secs   av.it.:  16.7
      thresh= 5.974E-08 alpha_mix =  0.700 |ddv_scf|^2 =  9.028E-15

     End of self-consistent calculation

     Convergence has been achieved 


     Representation #  33 modes #  65  66

     Self-consistent Calculation

      iter #   1 total cpu time :234600.7 secs   av.it.:   3.7
      thresh= 1.000E-02 alpha_mix =  0.700 |ddv_scf|^2 =  1.715E-09

      iter #   2 total cpu time :234812.6 secs   av.it.:  17.0
      thresh= 4.141E-06 alpha_mix =  0.700 |ddv_scf|^2 =  1.237E-09

      iter #   3 total cpu time :235017.7 secs   av.it.:  16.0
      thresh= 3.517E-06 alpha_mix =  0.700 |ddv_scf|^2 =  2.259E-12

      iter #   4 total cpu time :235232.1 secs   av.it.:  17.0
      thresh= 1.503E-07 alpha_mix =  0.700 |ddv_scf|^2 =  2.831E-13

      iter #   5 total cpu time :235445.7 secs   av.it.:  17.0
      thresh= 5.321E-08 alpha_mix =  0.700 |ddv_scf|^2 =  1.888E-14

      iter #   6 total cpu time :235653.9 secs   av.it.:  16.2
      thresh= 1.374E-08 alpha_mix =  0.700 |ddv_scf|^2 =  1.509E-15

     End of self-consistent calculation

     Convergence has been achieved 

     Number of q in the star =    1
     List of q in the star:
          1  -0.500000000   0.000000000  -0.788044408

     Diagonalizing the dynamical matrix

     q = (   -0.500000000   0.000000000  -0.788044408 ) 

 **************************************************************************
     freq (    1) =       1.335992 [THz] =      44.563908 [cm-1]
     freq (    2) =       1.335992 [THz] =      44.563908 [cm-1]
     freq (    3) =       1.570169 [THz] =      52.375186 [cm-1]
     freq (    4) =       1.570169 [THz] =      52.375186 [cm-1]
     freq (    5) =       3.366137 [THz] =     112.282237 [cm-1]
     freq (    6) =       3.366137 [THz] =     112.282237 [cm-1]
     freq (    7) =       4.252686 [THz] =     141.854329 [cm-1]
     freq (    8) =       4.252686 [THz] =     141.854329 [cm-1]
     freq (    9) =       4.428755 [THz] =     147.727369 [cm-1]
     freq (   10) =       4.428755 [THz] =     147.727369 [cm-1]
     freq (   11) =       6.161158 [THz] =     205.514101 [cm-1]
     freq (   12) =       6.161158 [THz] =     205.514101 [cm-1]
     freq (   13) =       6.830884 [THz] =     227.853764 [cm-1]
     freq (   14) =       6.830884 [THz] =     227.853764 [cm-1]
     freq (   15) =       7.011433 [THz] =     233.876235 [cm-1]
     freq (   16) =       7.011433 [THz] =     233.876235 [cm-1]
     freq (   17) =       8.220174 [THz] =     274.195494 [cm-1]
     freq (   18) =       8.220174 [THz] =     274.195494 [cm-1]
     freq (   19) =       8.460972 [THz] =     282.227633 [cm-1]
     freq (   20) =       8.460972 [THz] =     282.227633 [cm-1]
     freq (   21) =       8.587655 [THz] =     286.453346 [cm-1]
     freq (   22) =       8.587655 [THz] =     286.453346 [cm-1]
     freq (   23) =       8.760431 [THz] =     292.216524 [cm-1]
     freq (   24) =       8.760431 [THz] =     292.216524 [cm-1]
     freq (   25) =       9.498662 [THz] =     316.841261 [cm-1]
     freq (   26) =       9.498662 [THz] =     316.841261 [cm-1]
     freq (   27) =      11.958759 [THz] =     398.901265 [cm-1]
     freq (   28) =      11.958759 [THz] =     398.901265 [cm-1]
     freq (   29) =      12.166956 [THz] =     405.845967 [cm-1]
     freq (   30) =      12.166956 [THz] =     405.845967 [cm-1]
     freq (   31) =      30.506784 [THz] =    1017.596766 [cm-1]
     freq (   32) =      30.506784 [THz] =    1017.596766 [cm-1]
     freq (   33) =      30.691756 [THz] =    1023.766777 [cm-1]
     freq (   34) =      30.691756 [THz] =    1023.766777 [cm-1]
     freq (   35) =      31.852545 [THz] =    1062.486523 [cm-1]
     freq (   36) =      31.852545 [THz] =    1062.486523 [cm-1]
     freq (   37) =      31.918892 [THz] =    1064.699623 [cm-1]
     freq (   38) =      31.918892 [THz] =    1064.699623 [cm-1]
     freq (   39) =      32.620111 [THz] =    1088.089797 [cm-1]
     freq (   40) =      32.620111 [THz] =    1088.089797 [cm-1]
     freq (   41) =      32.698900 [THz] =    1090.717899 [cm-1]
     freq (   42) =      32.698900 [THz] =    1090.717899 [cm-1]
     freq (   43) =      35.843251 [THz] =    1195.602144 [cm-1]
     freq (   44) =      35.843251 [THz] =    1195.602144 [cm-1]
     freq (   45) =      35.877725 [THz] =    1196.752101 [cm-1]
     freq (   46) =      35.877725 [THz] =    1196.752101 [cm-1]
     freq (   47) =      36.239867 [THz] =    1208.831840 [cm-1]
     freq (   48) =      36.239867 [THz] =    1208.831840 [cm-1]
     freq (   49) =      36.457821 [THz] =    1216.102005 [cm-1]
     freq (   50) =      36.457821 [THz] =    1216.102005 [cm-1]
     freq (   51) =      68.481901 [THz] =    2284.310343 [cm-1]
     freq (   52) =      68.481901 [THz] =    2284.310343 [cm-1]
     freq (   53) =      68.488094 [THz] =    2284.516927 [cm-1]
     freq (   54) =      68.488094 [THz] =    2284.516927 [cm-1]
     freq (   55) =      70.062247 [THz] =    2337.024990 [cm-1]
     freq (   56) =      70.062247 [THz] =    2337.024990 [cm-1]
     freq (   57) =      70.238625 [THz] =    2342.908324 [cm-1]
     freq (   58) =      70.238625 [THz] =    2342.908324 [cm-1]
     freq (   59) =      70.565689 [THz] =    2353.818012 [cm-1]
     freq (   60) =      70.565689 [THz] =    2353.818012 [cm-1]
     freq (   61) =      70.573818 [THz] =    2354.089178 [cm-1]
     freq (   62) =      70.573818 [THz] =    2354.089178 [cm-1]
     freq (   63) =      71.403604 [THz] =    2381.767847 [cm-1]
     freq (   64) =      71.403604 [THz] =    2381.767847 [cm-1]
     freq (   65) =      71.520399 [THz] =    2385.663713 [cm-1]
     freq (   66) =      71.520399 [THz] =    2385.663713 [cm-1]
 **************************************************************************

     Calculation of q =   -0.5000000  -0.5052636   0.0000000

     Parallelization info
     --------------------
     sticks:   dense  smooth     PW     G-vecs:    dense   smooth      PW
     Min         490     245     66                25554     9038    1282
     Max         491     247     67                25557     9040    1285
     Sum       11779    5897   1601               613353   216939   30817

     Using Slab Decomposition



     bravais-lattice index     =            8
     lattice parameter (alat)  =      13.6741  a.u.
     unit-cell volume          =    1605.3416 (a.u.)^3
     number of atoms/cell      =           22
     number of atomic types    =            3
     number of electrons       =        48.00
     number of Kohn-Sham states=           24
     kinetic-energy cutoff     =     100.0000  Ry
     charge density cutoff     =     800.0000  Ry
     Exchange-correlation= PBESOL
                           (   1   4  10   8   0   0   0)

     celldm(1)=  13.674099  celldm(2)=   0.989582  celldm(3)=   0.634482
     celldm(4)=   0.000000  celldm(5)=   0.000000  celldm(6)=   0.000000

     crystal axes: (cart. coord. in units of alat)
               a(1) = (   1.000000   0.000000   0.000000 )  
               a(2) = (   0.000000   0.989582   0.000000 )  
               a(3) = (   0.000000   0.000000   0.634482 )  

     reciprocal axes: (cart. coord. in units 2 pi/alat)
               b(1) = (  1.000000  0.000000  0.000000 )  
               b(2) = (  0.000000  1.010527  0.000000 )  
               b(3) = (  0.000000  0.000000  1.576089 )  


     PseudoPot. # 1 for B  read from file:
     /home/mehlhorn/pseudos/b_pbesol_v1.4.uspp.F.UPF
     MD5 check sum: 369b69bef2c3aeed4453bd8b804fd6a8
     Pseudo is Ultrasoft + core correction, Zval =  3.0
     Generated by new atomic code, or converted to UPF format
     Using radial grid of  781 points,  4 beta functions with: 
                l(1) =   0
                l(2) =   0
                l(3) =   1
                l(4) =   1
     Q(r) pseudized with  8 coefficients,  rinner =    1.100   1.100   1.100


     PseudoPot. # 2 for Ba read from file:
     /home/mehlhorn/pseudos/Ba.nc.z_10.oncvpsp4.dojo.v4-sp.upf
     MD5 check sum: c10ed334bb677c0554edec7181ce9143
     Pseudo is Norm-conserving + core correction, Zval = 10.0
     Generated using ONCVPSP code by D. R. Hamann
     Using radial grid of 1938 points,  8 beta functions with: 
                l(1) =   0
                l(2) =   0
                l(3) =   1
                l(4) =   1
                l(5) =   2
                l(6) =   2
                l(7) =   3
                l(8) =   3

     PseudoPot. # 3 for H  read from file:
     /home/mehlhorn/pseudos/H_ONCV_PBEsol-1.0.upf
     MD5 check sum: 398ef8f67c0a7342c05c87c5e19ea467
     Pseudo is Norm-conserving, Zval =  1.0
     Generated using ONCVPSP code by D. R. Hamann
     Using radial grid of 1180 points,  2 beta functions with: 
                l(1) =   0
                l(2) =   0

     atomic species   valence    mass     pseudopotential
     B                 3.00    10.81100     B ( 1.00)
     Ba               10.00   137.32700     Ba( 1.00)
     H                 1.00     1.00794     H ( 1.00)

      4 Sym. Ops. (no inversion) found



   Cartesian axes

     site n.     atom                  positions (alat units)
         1        Ba     tau(   1) = (   0.5000000   0.4947912   0.3172522  )
         2        Ba     tau(   2) = (   0.0000000   0.0000000   0.6344709  )
         3        B      tau(   3) = (   0.6413579   0.2648610   0.0000111  )
         4        B      tau(   4) = (   0.3586421   0.7247215   0.0000111  )
         5        B      tau(   5) = (   0.1413579   0.2299303   0.3172299  )
         6        B      tau(   6) = (   0.8586421   0.7596522   0.3172299  )
         7        H      tau(   7) = (   0.4714554   0.2791357   0.0000081  )
         8        H      tau(   8) = (   0.5285446   0.7104468   0.0000081  )
         9        H      tau(   9) = (   0.9714554   0.2156555   0.3172329  )
        10        H      tau(  10) = (   0.0285446   0.7739269   0.3172329  )
        11        H      tau(  11) = (   0.7128420   0.4201314   0.0000064  )
        12        H      tau(  12) = (   0.2871580   0.5694510   0.0000064  )
        13        H      tau(  13) = (   0.2128420   0.0746598   0.3172346  )
        14        H      tau(  14) = (   0.7871580   0.9149226   0.3172346  )
        15        H      tau(  15) = (   0.6872173   0.1818371   0.4934203  )
        16        H      tau(  16) = (   0.3127827   0.8077454   0.4934203  )
        17        H      tau(  17) = (   0.1872173   0.3129541   0.4583027  )
        18        H      tau(  18) = (   0.8127827   0.6766283   0.4583027  )
        19        H      tau(  19) = (   0.3127767   0.8077467   0.1410819  )
        20        H      tau(  20) = (   0.6872233   0.1818357   0.1410819  )
        21        H      tau(  21) = (   0.8127767   0.6766270   0.1761591  )
        22        H      tau(  22) = (   0.1872233   0.3129555   0.1761591  )

     number of k points=    54
                       cart. coord. in units 2pi/alat
        k(    1) = (   0.0000000   0.0000000   0.0000000), wk =   0.0160000
        k(    2) = (  -0.5000000  -0.5052636   0.0000000), wk =   0.0000000
        k(    3) = (   0.0000000   0.0000000   0.3152178), wk =   0.0320000
        k(    4) = (  -0.5000000  -0.5052636   0.3152178), wk =   0.0000000
        k(    5) = (   0.0000000   0.0000000   0.6304355), wk =   0.0320000
        k(    6) = (  -0.5000000  -0.5052636   0.6304355), wk =   0.0000000
        k(    7) = (   0.0000000   0.2021054   0.0000000), wk =   0.0320000
        k(    8) = (  -0.5000000  -0.3031582   0.0000000), wk =   0.0000000
        k(    9) = (   0.0000000   0.2021054   0.3152178), wk =   0.0640000
        k(   10) = (  -0.5000000  -0.3031582   0.3152178), wk =   0.0000000
        k(   11) = (   0.0000000   0.2021054   0.6304355), wk =   0.0640000
        k(   12) = (  -0.5000000  -0.3031582   0.6304355), wk =   0.0000000
        k(   13) = (   0.0000000   0.4042109   0.0000000), wk =   0.0320000
        k(   14) = (  -0.5000000  -0.1010527   0.0000000), wk =   0.0000000
        k(   15) = (   0.0000000   0.4042109   0.3152178), wk =   0.0640000
        k(   16) = (  -0.5000000  -0.1010527   0.3152178), wk =   0.0000000
        k(   17) = (   0.0000000   0.4042109   0.6304355), wk =   0.0640000
        k(   18) = (  -0.5000000  -0.1010527   0.6304355), wk =   0.0000000
        k(   19) = (   0.2000000   0.0000000   0.0000000), wk =   0.0320000
        k(   20) = (  -0.3000000  -0.5052636   0.0000000), wk =   0.0000000
        k(   21) = (   0.2000000   0.0000000   0.3152178), wk =   0.0640000
        k(   22) = (  -0.3000000  -0.5052636   0.3152178), wk =   0.0000000
        k(   23) = (   0.2000000   0.0000000   0.6304355), wk =   0.0640000
        k(   24) = (  -0.3000000  -0.5052636   0.6304355), wk =   0.0000000
        k(   25) = (   0.2000000   0.2021054   0.0000000), wk =   0.0640000
        k(   26) = (  -0.3000000  -0.3031582   0.0000000), wk =   0.0000000
        k(   27) = (   0.2000000   0.2021054   0.3152178), wk =   0.1280000
        k(   28) = (  -0.3000000  -0.3031582   0.3152178), wk =   0.0000000
        k(   29) = (   0.2000000   0.2021054   0.6304355), wk =   0.1280000
        k(   30) = (  -0.3000000  -0.3031582   0.6304355), wk =   0.0000000
        k(   31) = (   0.2000000   0.4042109   0.0000000), wk =   0.0640000
        k(   32) = (  -0.3000000  -0.1010527   0.0000000), wk =   0.0000000
        k(   33) = (   0.2000000   0.4042109   0.3152178), wk =   0.1280000
        k(   34) = (  -0.3000000  -0.1010527   0.3152178), wk =   0.0000000
        k(   35) = (   0.2000000   0.4042109   0.6304355), wk =   0.1280000
        k(   36) = (  -0.3000000  -0.1010527   0.6304355), wk =   0.0000000
        k(   37) = (   0.4000000   0.0000000   0.0000000), wk =   0.0320000
        k(   38) = (  -0.1000000  -0.5052636   0.0000000), wk =   0.0000000
        k(   39) = (   0.4000000   0.0000000   0.3152178), wk =   0.0640000
        k(   40) = (  -0.1000000  -0.5052636   0.3152178), wk =   0.0000000
        k(   41) = (   0.4000000   0.0000000   0.6304355), wk =   0.0640000
        k(   42) = (  -0.1000000  -0.5052636   0.6304355), wk =   0.0000000
        k(   43) = (   0.4000000   0.2021054   0.0000000), wk =   0.0640000
        k(   44) = (  -0.1000000  -0.3031582   0.0000000), wk =   0.0000000
        k(   45) = (   0.4000000   0.2021054   0.3152178), wk =   0.1280000
        k(   46) = (  -0.1000000  -0.3031582   0.3152178), wk =   0.0000000
        k(   47) = (   0.4000000   0.2021054   0.6304355), wk =   0.1280000
        k(   48) = (  -0.1000000  -0.3031582   0.6304355), wk =   0.0000000
        k(   49) = (   0.4000000   0.4042109   0.0000000), wk =   0.0640000
        k(   50) = (  -0.1000000  -0.1010527   0.0000000), wk =   0.0000000
        k(   51) = (   0.4000000   0.4042109   0.3152178), wk =   0.1280000
        k(   52) = (  -0.1000000  -0.1010527   0.3152178), wk =   0.0000000
        k(   53) = (   0.4000000   0.4042109   0.6304355), wk =   0.1280000
        k(   54) = (  -0.1000000  -0.1010527   0.6304355), wk =   0.0000000

     Dense  grid:   613353 G-vectors     FFT dimensions: ( 128, 128,  80)

     Smooth grid:   216939 G-vectors     FFT dimensions: (  90,  90,  60)

     Estimated max dynamical RAM per process >      54.99 MB

     Estimated total dynamical RAM >       1.29 GB

     The potential is recalculated from file :
     ./_ph0/pwscf.q_7/pwscf.save/charge-density

     Starting wfcs are   42 atomic wfcs

     Band Structure Calculation
     Davidson diagonalization with overlap

     ethr =  2.08E-11,  avg # of iterations = 22.0

     total cpu time spent up to now is     1353.9 secs

     End of band structure calculation

          k = 0.0000 0.0000 0.0000 ( 27159 PWs)   bands (ev):

   -24.7583 -24.7534 -10.2441 -10.2125 -10.0149  -9.9894  -9.9206  -9.8767
    -6.6140  -5.8097  -5.2881  -5.2445  -2.3768  -1.3886  -1.2989  -1.1000
    -1.0597  -0.8583  -0.8225  -0.5873  -0.3461  -0.1589  -0.0673  -0.0550

          k =-0.5000-0.5053 0.0000 ( 27096 PWs)   bands (ev):

   -24.7558 -24.7558 -10.2459 -10.2459  -9.9923  -9.9923  -9.8984  -9.8984
    -6.1839  -6.1839  -5.3527  -5.3527  -1.7050  -1.7050  -1.1992  -1.1992
    -0.9001  -0.9001  -0.5906  -0.5906  -0.4128  -0.4128  -0.2421  -0.2421

          k = 0.0000 0.0000 0.3152 ( 27148 PWs)   bands (ev):

   -24.7529 -24.7488 -10.1842 -10.1587 -10.1107 -10.0879 -10.0009  -9.9812
    -6.2693  -5.5902  -5.4122  -5.3778  -2.0783  -1.7565  -1.5673  -1.1740
    -0.9579  -0.9061  -0.6645  -0.5250  -0.3907  -0.2294  -0.2130  -0.1384

          k =-0.5000-0.5053 0.3152 ( 27072 PWs)   bands (ev):

   -24.7508 -24.7508 -10.1865 -10.1865 -10.0977 -10.0977  -9.9832  -9.9832
    -5.8868  -5.8868  -5.4721  -5.4721  -1.7510  -1.7510  -1.5372  -1.5372
    -0.7219  -0.7219  -0.5227  -0.5227  -0.4426  -0.4426  -0.2544  -0.2544

          k = 0.0000 0.0000 0.6304 ( 27112 PWs)   bands (ev):

   -24.7435 -24.7419 -10.3799 -10.3759 -10.0635 -10.0507  -9.9951  -9.9851
    -5.6407  -5.6190  -5.6068  -5.3517  -1.9841  -1.9025  -1.7723  -1.5056
    -0.9505  -0.8406  -0.6104  -0.4692  -0.3869  -0.3426  -0.2723  -0.2233

          k =-0.5000-0.5053 0.6304 ( 27128 PWs)   bands (ev):

   -24.7427 -24.7427 -10.3755 -10.3755 -10.0649 -10.0649  -9.9886  -9.9886
    -5.6778  -5.6778  -5.4162  -5.4162  -2.1066  -2.1066  -1.6713  -1.6713
    -0.6991  -0.6991  -0.4583  -0.4583  -0.3765  -0.3765  -0.1830  -0.1830

          k = 0.0000 0.2021 0.0000 ( 27127 PWs)   bands (ev):

   -24.7579 -24.7538 -10.2297 -10.1979 -10.0353 -10.0078  -9.9164  -9.8809
    -6.5206  -5.8192  -5.3815  -5.2828  -2.2251  -1.5372  -1.3615  -0.9013
    -0.8903  -0.8550  -0.8226  -0.5724  -0.3740  -0.3131  -0.1362  -0.1171

          k =-0.5000-0.3032 0.0000 ( 27138 PWs)   bands (ev):

   -24.7558 -24.7558 -10.2267 -10.2267 -10.0138 -10.0138  -9.8985  -9.8985
    -6.1717  -6.1717  -5.3615  -5.3615  -1.7426  -1.7426  -1.1061  -1.1061
    -0.8680  -0.8680  -0.6538  -0.6538  -0.4501  -0.4501  -0.2530  -0.2530

          k = 0.0000 0.2021 0.3152 ( 27117 PWs)   bands (ev):

   -24.7525 -24.7492 -10.1818 -10.1458 -10.1043 -10.1007 -10.0023  -9.9927
    -6.1977  -5.5812  -5.4998  -5.4003  -1.9795  -1.7780  -1.5991  -1.0422
    -0.9296  -0.8769  -0.7992  -0.4852  -0.3825  -0.2528  -0.2349  -0.2116

          k =-0.5000-0.3032 0.3152 ( 27088 PWs)   bands (ev):

   -24.7508 -24.7508 -10.1754 -10.1754 -10.1009 -10.1009  -9.9917  -9.9917
    -5.8838  -5.8838  -5.4742  -5.4742  -1.7693  -1.7693  -1.4718  -1.4718
    -0.7482  -0.7482  -0.6112  -0.6112  -0.3847  -0.3847  -0.2682  -0.2682

          k = 0.0000 0.2021 0.6304 ( 27128 PWs)   bands (ev):

   -24.7433 -24.7421 -10.3850 -10.3814 -10.0522 -10.0440  -9.9953  -9.9891
    -5.7722  -5.7080  -5.4476  -5.2851  -2.0385  -2.0190  -1.6532  -1.4441
    -0.8876  -0.7354  -0.6229  -0.4670  -0.4162  -0.4024  -0.2857  -0.2741

          k =-0.5000-0.3032 0.6304 ( 27138 PWs)   bands (ev):

   -24.7427 -24.7427 -10.3825 -10.3825 -10.0541 -10.0541  -9.9903  -9.9903
    -5.7166  -5.7166  -5.3774  -5.3774  -2.1702  -2.1702  -1.5393  -1.5393
    -0.6961  -0.6961  -0.5330  -0.5330  -0.3688  -0.3688  -0.2190  -0.2190

          k = 0.0000 0.4042 0.0000 ( 27065 PWs)   bands (ev):

   -24.7566 -24.7551 -10.1931 -10.1722 -10.0702 -10.0507  -9.9054  -9.8918
    -6.2726  -5.9719  -5.4532  -5.3758  -1.9439  -1.7382  -1.2196  -0.8444
    -0.8301  -0.8041  -0.6196  -0.5984  -0.5215  -0.4438  -0.2662  -0.2572

          k =-0.5000-0.1011 0.0000 ( 27106 PWs)   bands (ev):

   -24.7558 -24.7558 -10.1829 -10.1829 -10.0615 -10.0615  -9.8986  -9.8986
    -6.1515  -6.1515  -5.3763  -5.3763  -1.7891  -1.7891  -0.9520  -0.9520
    -0.7989  -0.7989  -0.7370  -0.7370  -0.5276  -0.5276  -0.3087  -0.3087

          k = 0.0000 0.4042 0.3152 ( 27067 PWs)   bands (ev):

   -24.7515 -24.7502 -10.1678 -10.1391 -10.1133 -10.0909 -10.0127 -10.0104
    -6.0038  -5.7478  -5.5170  -5.4558  -1.8537  -1.8170  -1.4672  -1.1371
    -0.8611  -0.8191  -0.7377  -0.5349  -0.4150  -0.4078  -0.2429  -0.2315

          k =-0.5000-0.1011 0.3152 ( 27120 PWs)   bands (ev):

   -24.7508 -24.7508 -10.1513 -10.1513 -10.1106 -10.1106 -10.0069 -10.0069
    -5.8790  -5.8790  -5.4775  -5.4775  -1.7868  -1.7868  -1.3651  -1.3651
    -0.7931  -0.7931  -0.7068  -0.7068  -0.3817  -0.3817  -0.2576  -0.2576

          k = 0.0000 0.4042 0.6304 ( 27114 PWs)   bands (ev):

   -24.7429 -24.7425 -10.3923 -10.3907 -10.0320 -10.0309  -9.9984  -9.9978
    -5.8443  -5.8174  -5.3022  -5.2409  -2.1224  -2.1184  -1.4740  -1.3773
    -0.7653  -0.6406  -0.5889  -0.5846  -0.4478  -0.4367  -0.3551  -0.3082

          k =-0.5000-0.1011 0.6304 ( 27112 PWs)   bands (ev):

   -24.7427 -24.7427 -10.3931 -10.3931 -10.0349 -10.0349  -9.9953  -9.9953
    -5.7654  -5.7654  -5.3286  -5.3286  -2.2352  -2.2352  -1.3526  -1.3526
    -0.6919  -0.6919  -0.5900  -0.5900  -0.4053  -0.4053  -0.3035  -0.3035

          k = 0.2000 0.0000 0.0000 ( 27113 PWs)   bands (ev):

   -24.7579 -24.7538 -10.2270 -10.1997 -10.0331 -10.0113  -9.9164  -9.8809
    -6.5246  -5.8444  -5.3138  -5.3096  -2.2440  -1.3579  -1.3229  -1.1889
    -0.8323  -0.8286  -0.8124  -0.5938  -0.3903  -0.2982  -0.1733  -0.1175

          k =-0.3000-0.5053 0.0000 ( 27102 PWs)   bands (ev):

   -24.7558 -24.7558 -10.2275 -10.2275 -10.0129 -10.0129  -9.8985  -9.8985
    -6.1625  -6.1625  -5.3760  -5.3760  -1.7561  -1.7561  -1.1336  -1.1336
    -0.8806  -0.8806  -0.5824  -0.5824  -0.4352  -0.4352  -0.2591  -0.2591

          k = 0.2000 0.0000 0.3152 ( 27107 PWs)   bands (ev):

   -24.7525 -24.7492 -10.1700 -10.1617 -10.1020 -10.0988 -10.0105  -9.9854
    -6.1960  -5.6066  -5.4423  -5.4269  -1.9914  -1.7228  -1.6175  -1.0713
    -0.9434  -0.8789  -0.7626  -0.4865  -0.4804  -0.2415  -0.2204  -0.1816

          k =-0.3000-0.5053 0.3152 ( 27082 PWs)   bands (ev):

   -24.7508 -24.7508 -10.1767 -10.1767 -10.0982 -10.0982  -9.9927  -9.9927
    -5.8838  -5.8838  -5.4776  -5.4776  -1.7931  -1.7931  -1.4434  -1.4434
    -0.7636  -0.7636  -0.6049  -0.6049  -0.3475  -0.3475  -0.2867  -0.2867

          k = 0.2000 0.0000 0.6304 ( 27117 PWs)   bands (ev):

   -24.7433 -24.7421 -10.3858 -10.3822 -10.0558 -10.0404  -9.9987  -9.9858
    -5.7335  -5.6678  -5.4938  -5.3126  -2.1338  -2.0337  -1.6146  -1.3863
    -0.8459  -0.7733  -0.6357  -0.5044  -0.3752  -0.3691  -0.3140  -0.2469

          k =-0.3000-0.5053 0.6304 ( 27108 PWs)   bands (ev):

   -24.7427 -24.7427 -10.3817 -10.3817 -10.0536 -10.0536  -9.9908  -9.9908
    -5.7501  -5.7501  -5.3466  -5.3466  -2.1184  -2.1184  -1.5862  -1.5862
    -0.7154  -0.7154  -0.4756  -0.4756  -0.3824  -0.3824  -0.2558  -0.2558

          k = 0.2000 0.2021 0.0000 ( 27108 PWs)   bands (ev):

   -24.7575 -24.7542 -10.2372 -10.1746 -10.0669  -9.9971  -9.9130  -9.8842
    -6.4538  -5.8713  -5.4082  -5.2910  -2.1236  -1.5314  -1.3329  -1.0093
    -0.8645  -0.8042  -0.6777  -0.5693  -0.4753  -0.3935  -0.2508  -0.1023

          k =-0.3000-0.3032 0.0000 ( 27095 PWs)   bands (ev):

   -24.7567 -24.7550 -10.2407 -10.1869 -10.0577  -9.9952  -9.9061  -9.8909
    -6.3201  -5.9992  -5.4198  -5.3196  -1.9255  -1.6270  -1.2945  -0.8814
    -0.8448  -0.8316  -0.7999  -0.5120  -0.4647  -0.4100  -0.3900  -0.1477

          k = 0.2000 0.2021 0.3152 ( 27101 PWs)   bands (ev):

   -24.7522 -24.7495 -10.1794 -10.1431 -10.1218 -10.0871 -10.0132  -9.9862
    -6.1381  -5.6226  -5.5154  -5.4153  -1.9201  -1.7506  -1.6277  -1.0029
    -0.9724  -0.8726  -0.7406  -0.5051  -0.4576  -0.2734  -0.2560  -0.1839

          k =-0.3000-0.3032 0.3152 ( 27086 PWs)   bands (ev):

   -24.7515 -24.7501 -10.1821 -10.1519 -10.1221 -10.0838 -10.0091  -9.9852
    -6.0196  -5.7410  -5.5114  -5.4401  -1.8360  -1.7407  -1.6148  -1.2129
    -0.8399  -0.7949  -0.6964  -0.5200  -0.4285  -0.3383  -0.2925  -0.2045

          k = 0.2000 0.2021 0.6304 ( 27101 PWs)   bands (ev):

   -24.7432 -24.7422 -10.3905 -10.3793 -10.0607 -10.0295 -10.0002  -9.9879
    -5.8051  -5.6423  -5.4868  -5.2703  -2.1629  -2.0177  -1.6157  -1.4267
    -0.7657  -0.7153  -0.6234  -0.4820  -0.4599  -0.3728  -0.3419  -0.2161

          k =-0.3000-0.3032 0.6304 ( 27122 PWs)   bands (ev):

   -24.7430 -24.7424 -10.3898 -10.3787 -10.0625 -10.0339  -9.9970  -9.9886
    -5.8044  -5.6606  -5.4491  -5.2810  -2.1940  -2.0708  -1.5932  -1.4782
    -0.7491  -0.6374  -0.5393  -0.5291  -0.4481  -0.3553  -0.3234  -0.1974

          k = 0.2000 0.4042 0.0000 ( 27078 PWs)   bands (ev):

   -24.7565 -24.7552 -10.2246 -10.1869 -10.0574 -10.0145  -9.9040  -9.8931
    -6.2630  -6.0239  -5.4306  -5.3553  -1.8910  -1.7098  -1.2372  -0.8875
    -0.8731  -0.8416  -0.6999  -0.4959  -0.4906  -0.4253  -0.3461  -0.1975

          k =-0.3000-0.1011 0.0000 ( 27112 PWs)   bands (ev):

   -24.7572 -24.7545 -10.2200 -10.1748 -10.0670 -10.0183  -9.9109  -9.8864
    -6.4094  -5.9157  -5.3851  -5.3177  -2.0820  -1.5226  -1.2408  -1.0459
    -0.8330  -0.7914  -0.6995  -0.5846  -0.4952  -0.4316  -0.3059  -0.1548

          k = 0.2000 0.4042 0.3152 ( 27081 PWs)   bands (ev):

   -24.7513 -24.7503 -10.1761 -10.1537 -10.1133 -10.0873 -10.0097  -9.9944
    -5.9818  -5.7772  -5.5084  -5.4546  -1.8323  -1.7986  -1.5061  -1.2312
    -0.8462  -0.7665  -0.7182  -0.5411  -0.4116  -0.3335  -0.2789  -0.2417

          k =-0.3000-0.1011 0.3152 ( 27102 PWs)   bands (ev):

   -24.7520 -24.7497 -10.1685 -10.1455 -10.1226 -10.0899 -10.0167  -9.9899
    -6.0997  -5.6643  -5.4941  -5.4362  -1.9026  -1.6807  -1.6510  -1.0356
    -0.9483  -0.8548  -0.7625  -0.5509  -0.4621  -0.2867  -0.2423  -0.2079

          k = 0.2000 0.4042 0.6304 ( 27128 PWs)   bands (ev):

   -24.7429 -24.7425 -10.3901 -10.3834 -10.0519 -10.0334  -9.9971  -9.9912
    -5.8232  -5.7537  -5.3550  -5.2672  -2.1586  -2.0806  -1.5541  -1.4677
    -0.7515  -0.6705  -0.5512  -0.4688  -0.4524  -0.3846  -0.3483  -0.2580

          k =-0.3000-0.1011 0.6304 ( 27111 PWs)   bands (ev):

   -24.7431 -24.7423 -10.3920 -10.3849 -10.0525 -10.0286 -10.0018  -9.9877
    -5.7843  -5.6844  -5.4427  -5.2865  -2.2105  -2.1148  -1.5163  -1.3483
    -0.7592  -0.6913  -0.6297  -0.5283  -0.4527  -0.3550  -0.3460  -0.2414

          k = 0.4000 0.0000 0.0000 ( 27104 PWs)   bands (ev):

   -24.7566 -24.7551 -10.1866 -10.1726 -10.0698 -10.0583  -9.9054  -9.8919
    -6.2906  -6.0128  -5.3836  -5.3585  -1.9513  -1.6457  -1.0926  -0.9135
    -0.7897  -0.7879  -0.7693  -0.5972  -0.5805  -0.4937  -0.3575  -0.2494

          k =-0.1000-0.5053 0.0000 ( 27064 PWs)   bands (ev):

   -24.7558 -24.7558 -10.1863 -10.1863 -10.0576 -10.0576  -9.8986  -9.8986
    -6.1254  -6.1254  -5.4164  -5.4164  -1.8238  -1.8238  -1.0407  -1.0407
    -0.8442  -0.8442  -0.5607  -0.5607  -0.4763  -0.4763  -0.2971  -0.2971

          k = 0.4000 0.0000 0.3152 ( 27111 PWs)   bands (ev):

   -24.7515 -24.7502 -10.1551 -10.1342 -10.1314 -10.0986 -10.0170 -10.0000
    -6.0009  -5.7564  -5.4883  -5.4611  -1.8485  -1.7291  -1.5181  -1.1628
    -0.8682  -0.7896  -0.7878  -0.6460  -0.4204  -0.3354  -0.2492  -0.2403

          k =-0.1000-0.5053 0.3152 ( 27082 PWs)   bands (ev):

   -24.7508 -24.7508 -10.1584 -10.1584 -10.0985 -10.0985 -10.0107 -10.0107
    -5.8791  -5.8791  -5.4862  -5.4862  -1.8291  -1.8291  -1.3248  -1.3248
    -0.8215  -0.8215  -0.6219  -0.6219  -0.4145  -0.4145  -0.2440  -0.2440

          k = 0.4000 0.0000 0.6304 ( 27117 PWs)   bands (ev):

   -24.7429 -24.7425 -10.3941 -10.3926 -10.0390 -10.0273 -10.0018  -9.9912
    -5.7774  -5.7505  -5.3661  -5.2968  -2.2469  -2.2013  -1.4052  -1.2857
    -0.7327  -0.6826  -0.5857  -0.5398  -0.5190  -0.3352  -0.3333  -0.3169

          k =-0.1000-0.5053 0.6304 ( 27120 PWs)   bands (ev):

   -24.7427 -24.7427 -10.3913 -10.3913 -10.0325 -10.0325  -9.9976  -9.9976
    -5.8316  -5.8316  -5.2694  -5.2694  -2.1319  -2.1319  -1.4334  -1.4334
    -0.7111  -0.7111  -0.5579  -0.5579  -0.4255  -0.4255  -0.3366  -0.3366

          k = 0.4000 0.2021 0.0000 ( 27115 PWs)   bands (ev):

   -24.7565 -24.7552 -10.2231 -10.1853 -10.0593 -10.0163  -9.9041  -9.8931
    -6.2745  -6.0458  -5.3973  -5.3379  -1.8929  -1.6578  -1.1702  -0.8994
    -0.8506  -0.8157  -0.7826  -0.5859  -0.5260  -0.4512  -0.3523  -0.1978

          k =-0.1000-0.3032 0.0000 ( 27088 PWs)   bands (ev):

   -24.7572 -24.7545 -10.2226 -10.1748 -10.0667 -10.0155  -9.9109  -9.8863
    -6.4011  -5.8814  -5.4419  -5.3213  -2.0609  -1.6347  -1.3300  -0.8604
    -0.8392  -0.8197  -0.6644  -0.5486  -0.5468  -0.4044  -0.2374  -0.1533

          k = 0.4000 0.2021 0.3152 ( 27098 PWs)   bands (ev):

   -24.7513 -24.7503 -10.1722 -10.1511 -10.1204 -10.0916 -10.0090  -9.9917
    -5.9803  -5.7809  -5.4959  -5.4540  -1.8258  -1.7326  -1.5570  -1.2575
    -0.8118  -0.7884  -0.7231  -0.5792  -0.4265  -0.3418  -0.2727  -0.2342

          k =-0.1000-0.3032 0.3152 ( 27109 PWs)   bands (ev):

   -24.7520 -24.7497 -10.1778 -10.1320 -10.1252 -10.0890 -10.0117  -9.9961
    -6.1021  -5.6435  -5.5337  -5.4263  -1.8897  -1.7939  -1.5784  -1.0211
    -0.9288  -0.8360  -0.7931  -0.5023  -0.4154  -0.3090  -0.2428  -0.2311

          k = 0.4000 0.2021 0.6304 ( 27104 PWs)   bands (ev):

   -24.7429 -24.7425 -10.3913 -10.3846 -10.0531 -10.0342  -9.9968  -9.9896
    -5.7825  -5.6968  -5.4080  -5.3030  -2.2262  -2.1609  -1.4793  -1.4161
    -0.7220  -0.6735  -0.5718  -0.5435  -0.4396  -0.3634  -0.3050  -0.2223

          k =-0.1000-0.3032 0.6304 ( 27116 PWs)   bands (ev):

   -24.7431 -24.7423 -10.3908 -10.3838 -10.0501 -10.0303  -9.9989  -9.9913
    -5.8270  -5.7441  -5.3847  -5.2507  -2.1300  -2.0445  -1.5771  -1.4137
    -0.7996  -0.6582  -0.6136  -0.5003  -0.4554  -0.4256  -0.3326  -0.2645

          k = 0.4000 0.4042 0.0000 ( 27109 PWs)   bands (ev):

   -24.7561 -24.7556 -10.2444 -10.2285 -10.0125  -9.9931  -9.9006  -9.8964
    -6.2200  -6.1308  -5.3775  -5.3433  -1.7713  -1.6861  -1.2329  -1.0786
    -0.8950  -0.8790  -0.6754  -0.5324  -0.4427  -0.4131  -0.2988  -0.2049

          k =-0.1000-0.1011 0.0000 ( 27140 PWs)   bands (ev):

   -24.7581 -24.7536 -10.2387 -10.2032 -10.0286  -9.9955  -9.9185  -9.8788
    -6.5687  -5.8182  -5.3275  -5.2645  -2.3026  -1.4303  -1.3218  -1.1200
    -0.8981  -0.8549  -0.8169  -0.5856  -0.3630  -0.2322  -0.1284  -0.0719

          k = 0.4000 0.4042 0.3152 ( 27096 PWs)   bands (ev):

   -24.7510 -24.7506 -10.1852 -10.1769 -10.1045 -10.0929  -9.9917  -9.9838
    -5.9234  -5.8468  -5.4854  -5.4625  -1.7854  -1.7471  -1.5609  -1.4314
    -0.7538  -0.7264  -0.6238  -0.5300  -0.4075  -0.3749  -0.2994  -0.2367

          k =-0.1000-0.1011 0.3152 ( 27133 PWs)   bands (ev):

   -24.7527 -24.7490 -10.1811 -10.1561 -10.1050 -10.0952 -10.0043  -9.9841
    -6.2332  -5.5900  -5.4462  -5.3938  -2.0290  -1.7566  -1.5922  -1.1121
    -0.9413  -0.8963  -0.7238  -0.5054  -0.4103  -0.2448  -0.2156  -0.1640

          k = 0.4000 0.4042 0.6304 ( 27118 PWs)   bands (ev):

   -24.7428 -24.7426 -10.3810 -10.3766 -10.0642 -10.0543  -9.9905  -9.9886
    -5.7364  -5.6733  -5.4248  -5.3552  -2.1511  -2.0992  -1.6411  -1.5930
    -0.7202  -0.6825  -0.4974  -0.4753  -0.3790  -0.3685  -0.2335  -0.1868

          k =-0.1000-0.1011 0.6304 ( 27116 PWs)   bands (ev):

   -24.7434 -24.7420 -10.3836 -10.3779 -10.0607 -10.0446  -9.9962  -9.9861
    -5.7335  -5.6238  -5.5396  -5.3171  -2.0599  -1.9534  -1.7003  -1.4591
    -0.8930  -0.8058  -0.6173  -0.4755  -0.3951  -0.3546  -0.3038  -0.2300

     highest occupied level (ev):    -0.0550

     Writing config to output data dir ./_ph0/pwscf.q_7/pwscf.save/ :
     XML data file

                                                                                

     bravais-lattice index     =            8
     lattice parameter (alat)  =      13.6741  a.u.
     unit-cell volume          =    1605.3416 (a.u.)^3
     number of atoms/cell      =           22
     number of atomic types    =            3
     kinetic-energy cut-off    =     100.0000  Ry
     charge density cut-off    =     800.0000  Ry
     convergence threshold     =      1.0E-14
     beta                      =       0.7000
     number of iterations used =            4
     Exchange-correlation= PBESOL
                           (   1   4  10   8   0   0   0)


     celldm(1)=   13.67410  celldm(2)=    0.98958  celldm(3)=    0.63448
     celldm(4)=    0.00000  celldm(5)=    0.00000  celldm(6)=    0.00000

     crystal axes: (cart. coord. in units of alat)
               a(1) = (  1.0000  0.0000  0.0000 )  
               a(2) = (  0.0000  0.9896  0.0000 )  
               a(3) = (  0.0000  0.0000  0.6345 )  

     reciprocal axes: (cart. coord. in units 2 pi/alat)
               b(1) = (  1.0000  0.0000  0.0000 )  
               b(2) = (  0.0000  1.0105  0.0000 )  
               b(3) = (  0.0000  0.0000  1.5761 )  


     Atoms inside the unit cell: 

     Cartesian axes

     site n.  atom      mass           positions (alat units)
        1  Ba    137.3270   tau(    1) = (    0.50000    0.49479    0.31725  )
        2  Ba    137.3270   tau(    2) = (    0.00000    0.00000    0.63447  )
        3  B      10.8110   tau(    3) = (    0.64136    0.26486    0.00001  )
        4  B      10.8110   tau(    4) = (    0.35864    0.72472    0.00001  )
        5  B      10.8110   tau(    5) = (    0.14136    0.22993    0.31723  )
        6  B      10.8110   tau(    6) = (    0.85864    0.75965    0.31723  )
        7  H       1.0079   tau(    7) = (    0.47146    0.27914    0.00001  )
        8  H       1.0079   tau(    8) = (    0.52854    0.71045    0.00001  )
        9  H       1.0079   tau(    9) = (    0.97146    0.21566    0.31723  )
       10  H       1.0079   tau(   10) = (    0.02854    0.77393    0.31723  )
       11  H       1.0079   tau(   11) = (    0.71284    0.42013    0.00001  )
       12  H       1.0079   tau(   12) = (    0.28716    0.56945    0.00001  )
       13  H       1.0079   tau(   13) = (    0.21284    0.07466    0.31723  )
       14  H       1.0079   tau(   14) = (    0.78716    0.91492    0.31723  )
       15  H       1.0079   tau(   15) = (    0.68722    0.18184    0.49342  )
       16  H       1.0079   tau(   16) = (    0.31278    0.80775    0.49342  )
       17  H       1.0079   tau(   17) = (    0.18722    0.31295    0.45830  )
       18  H       1.0079   tau(   18) = (    0.81278    0.67663    0.45830  )
       19  H       1.0079   tau(   19) = (    0.31278    0.80775    0.14108  )
       20  H       1.0079   tau(   20) = (    0.68722    0.18184    0.14108  )
       21  H       1.0079   tau(   21) = (    0.81278    0.67663    0.17616  )
       22  H       1.0079   tau(   22) = (    0.18722    0.31296    0.17616  )

     Computing dynamical matrix for 
                    q = (  -0.5000000  -0.5052636   0.0000000 )

      5 Sym.Ops. (with q -> -q+G )


     G cutoff = 3789.0269  (  25557 G-vectors)     FFT grid: (128,128, 80)
     G cutoff = 1894.5135  (   9039 G-vectors)  smooth grid: ( 90, 90, 60)
     number of k points=    54

     PseudoPot. # 1 for B  read from file:
     /home/mehlhorn/pseudos/b_pbesol_v1.4.uspp.F.UPF
     MD5 check sum: 369b69bef2c3aeed4453bd8b804fd6a8
     Pseudo is Ultrasoft + core correction, Zval =  3.0
     Generated by new atomic code, or converted to UPF format
     Using radial grid of  781 points,  4 beta functions with: 
                l(1) =   0
                l(2) =   0
                l(3) =   1
                l(4) =   1
     Q(r) pseudized with  8 coefficients,  rinner =    1.100   1.100   1.100


     PseudoPot. # 2 for Ba read from file:
     /home/mehlhorn/pseudos/Ba.nc.z_10.oncvpsp4.dojo.v4-sp.upf
     MD5 check sum: c10ed334bb677c0554edec7181ce9143
     Pseudo is Norm-conserving + core correction, Zval = 10.0
     Generated using ONCVPSP code by D. R. Hamann
     Using radial grid of 1938 points,  8 beta functions with: 
                l(1) =   0
                l(2) =   0
                l(3) =   1
                l(4) =   1
                l(5) =   2
                l(6) =   2
                l(7) =   3
                l(8) =   3

     PseudoPot. # 3 for H  read from file:
     /home/mehlhorn/pseudos/H_ONCV_PBEsol-1.0.upf
     MD5 check sum: 398ef8f67c0a7342c05c87c5e19ea467
     Pseudo is Norm-conserving, Zval =  1.0
     Generated using ONCVPSP code by D. R. Hamann
     Using radial grid of 1180 points,  2 beta functions with: 
                l(1) =   0
                l(2) =   0


     Atomic displacements:
     There are   33 irreducible representations

     Representation     1      2 modes -  To be done

     Representation     2      2 modes -  To be done

     Representation     3      2 modes -  To be done

     Representation     4      2 modes -  To be done

     Representation     5      2 modes -  To be done

     Representation     6      2 modes -  To be done

     Representation     7      2 modes -  To be done

     Representation     8      2 modes -  To be done

     Representation     9      2 modes -  To be done

     Representation    10      2 modes -  To be done

     Representation    11      2 modes -  To be done

     Representation    12      2 modes -  To be done

     Representation    13      2 modes -  To be done

     Representation    14      2 modes -  To be done

     Representation    15      2 modes -  To be done

     Representation    16      2 modes -  To be done

     Representation    17      2 modes -  To be done

     Representation    18      2 modes -  To be done

     Representation    19      2 modes -  To be done

     Representation    20      2 modes -  To be done

     Representation    21      2 modes -  To be done

     Representation    22      2 modes -  To be done

     Representation    23      2 modes -  To be done

     Representation    24      2 modes -  To be done

     Representation    25      2 modes -  To be done

     Representation    26      2 modes -  To be done

     Representation    27      2 modes -  To be done

     Representation    28      2 modes -  To be done

     Representation    29      2 modes -  To be done

     Representation    30      2 modes -  To be done

     Representation    31      2 modes -  To be done

     Representation    32      2 modes -  To be done

     Representation    33      2 modes -  To be done



     Alpha used in Ewald sum =   2.8000
     PHONON       :   2d16h57m CPU   2d17h35m WALL



     Representation #   1 modes #   1   2

     Self-consistent Calculation

      iter #   1 total cpu time :236183.4 secs   av.it.:   3.0
      thresh= 1.000E-02 alpha_mix =  0.700 |ddv_scf|^2 =  2.706E-10

      iter #   2 total cpu time :236403.8 secs   av.it.:  16.9
      thresh= 1.645E-06 alpha_mix =  0.700 |ddv_scf|^2 =  6.775E-11

      iter #   3 total cpu time :236619.8 secs   av.it.:  16.5
      thresh= 8.231E-07 alpha_mix =  0.700 |ddv_scf|^2 =  1.798E-12

      iter #   4 total cpu time :236831.0 secs   av.it.:  16.0
      thresh= 1.341E-07 alpha_mix =  0.700 |ddv_scf|^2 =  1.394E-13

      iter #   5 total cpu time :237043.5 secs   av.it.:  16.2
      thresh= 3.733E-08 alpha_mix =  0.700 |ddv_scf|^2 =  2.608E-15

     End of self-consistent calculation

     Convergence has been achieved 


     Representation #   2 modes #   3   4

     Self-consistent Calculation

      iter #   1 total cpu time :237151.2 secs   av.it.:   4.8
      thresh= 1.000E-02 alpha_mix =  0.700 |ddv_scf|^2 =  4.628E-09

      iter #   2 total cpu time :237362.4 secs   av.it.:  16.9
      thresh= 6.803E-06 alpha_mix =  0.700 |ddv_scf|^2 =  2.595E-09

      iter #   3 total cpu time :237563.3 secs   av.it.:  15.6
      thresh= 5.094E-06 alpha_mix =  0.700 |ddv_scf|^2 =  9.881E-12

      iter #   4 total cpu time :237780.1 secs   av.it.:  16.9
      thresh= 3.143E-07 alpha_mix =  0.700 |ddv_scf|^2 =  7.835E-13

      iter #   5 total cpu time :237996.7 secs   av.it.:  16.8
      thresh= 8.851E-08 alpha_mix =  0.700 |ddv_scf|^2 =  5.939E-14

      iter #   6 total cpu time :238214.5 secs   av.it.:  16.9
      thresh= 2.437E-08 alpha_mix =  0.700 |ddv_scf|^2 =  1.250E-15

     End of self-consistent calculation

     Convergence has been achieved 


     Representation #   3 modes #   5   6

     Self-consistent Calculation

      iter #   1 total cpu time :238305.8 secs   av.it.:   3.0
      thresh= 1.000E-02 alpha_mix =  0.700 |ddv_scf|^2 =  7.284E-10

      iter #   2 total cpu time :238514.7 secs   av.it.:  16.9
      thresh= 2.699E-06 alpha_mix =  0.700 |ddv_scf|^2 =  3.192E-10

      iter #   3 total cpu time :238716.9 secs   av.it.:  15.9
      thresh= 1.787E-06 alpha_mix =  0.700 |ddv_scf|^2 =  1.718E-12

      iter #   4 total cpu time :238923.1 secs   av.it.:  16.0
      thresh= 1.311E-07 alpha_mix =  0.700 |ddv_scf|^2 =  2.327E-13

      iter #   5 total cpu time :239125.3 secs   av.it.:  16.0
      thresh= 4.824E-08 alpha_mix =  0.700 |ddv_scf|^2 =  1.172E-14

      iter #   6 total cpu time :239329.4 secs   av.it.:  16.7
      thresh= 1.082E-08 alpha_mix =  0.700 |ddv_scf|^2 =  7.165E-16

     End of self-consistent calculation

     Convergence has been achieved 


     Representation #   4 modes #   7   8

     Self-consistent Calculation

      iter #   1 total cpu time :239418.7 secs   av.it.:   3.0
      thresh= 1.000E-02 alpha_mix =  0.700 |ddv_scf|^2 =  6.633E-10

      iter #   2 total cpu time :239635.9 secs   av.it.:  16.9
      thresh= 2.575E-06 alpha_mix =  0.700 |ddv_scf|^2 =  7.216E-10

      iter #   3 total cpu time :239839.3 secs   av.it.:  15.1
      thresh= 2.686E-06 alpha_mix =  0.700 |ddv_scf|^2 =  7.217E-12

      iter #   4 total cpu time :240054.0 secs   av.it.:  16.4
      thresh= 2.686E-07 alpha_mix =  0.700 |ddv_scf|^2 =  3.045E-13

      iter #   5 total cpu time :240273.9 secs   av.it.:  16.9
      thresh= 5.518E-08 alpha_mix =  0.700 |ddv_scf|^2 =  2.162E-14

      iter #   6 total cpu time :240492.0 secs   av.it.:  16.9
      thresh= 1.470E-08 alpha_mix =  0.700 |ddv_scf|^2 =  7.393E-16

     End of self-consistent calculation

     Convergence has been achieved 


     Representation #   5 modes #   9  10

     Self-consistent Calculation

      iter #   1 total cpu time :240598.0 secs   av.it.:   4.4
      thresh= 1.000E-02 alpha_mix =  0.700 |ddv_scf|^2 =  2.657E-09

      iter #   2 total cpu time :240812.2 secs   av.it.:  16.9
      thresh= 5.155E-06 alpha_mix =  0.700 |ddv_scf|^2 =  2.048E-09

      iter #   3 total cpu time :241006.8 secs   av.it.:  15.7
      thresh= 4.525E-06 alpha_mix =  0.700 |ddv_scf|^2 =  7.676E-11

      iter #   4 total cpu time :241207.7 secs   av.it.:  16.0
      thresh= 8.762E-07 alpha_mix =  0.700 |ddv_scf|^2 =  8.415E-13

      iter #   5 total cpu time :241427.5 secs   av.it.:  16.9
      thresh= 9.173E-08 alpha_mix =  0.700 |ddv_scf|^2 =  1.579E-13

      iter #   6 total cpu time :241639.9 secs   av.it.:  16.9
      thresh= 3.973E-08 alpha_mix =  0.700 |ddv_scf|^2 =  1.168E-15

     End of self-consistent calculation

     Convergence has been achieved 


     Representation #   6 modes #  11  12

     Self-consistent Calculation

      iter #   1 total cpu time :241730.1 secs   av.it.:   3.0
      thresh= 1.000E-02 alpha_mix =  0.700 |ddv_scf|^2 =  9.141E-10

      iter #   2 total cpu time :241937.7 secs   av.it.:  16.2
      thresh= 3.023E-06 alpha_mix =  0.700 |ddv_scf|^2 =  8.448E-10

      iter #   3 total cpu time :242131.7 secs   av.it.:  15.1
      thresh= 2.906E-06 alpha_mix =  0.700 |ddv_scf|^2 =  1.298E-11

      iter #   4 total cpu time :242336.3 secs   av.it.:  16.0
      thresh= 3.603E-07 alpha_mix =  0.700 |ddv_scf|^2 =  3.118E-13

      iter #   5 total cpu time :242546.3 secs   av.it.:  16.9
      thresh= 5.584E-08 alpha_mix =  0.700 |ddv_scf|^2 =  1.660E-14

      iter #   6 total cpu time :242756.1 secs   av.it.:  16.9
      thresh= 1.288E-08 alpha_mix =  0.700 |ddv_scf|^2 =  1.017E-15

     End of self-consistent calculation

     Convergence has been achieved 


     Representation #   7 modes #  13  14

     Self-consistent Calculation

      iter #   1 total cpu time :242846.3 secs   av.it.:   3.0
      thresh= 1.000E-02 alpha_mix =  0.700 |ddv_scf|^2 =  1.289E-09

      iter #   2 total cpu time :243055.3 secs   av.it.:  16.5
      thresh= 3.591E-06 alpha_mix =  0.700 |ddv_scf|^2 =  1.688E-09

      iter #   3 total cpu time :243254.3 secs   av.it.:  15.0
      thresh= 4.109E-06 alpha_mix =  0.700 |ddv_scf|^2 =  4.571E-12

      iter #   4 total cpu time :243491.9 secs   av.it.:  16.9
      thresh= 2.138E-07 alpha_mix =  0.700 |ddv_scf|^2 =  2.603E-13

      iter #   5 total cpu time :243750.2 secs   av.it.:  16.9
      thresh= 5.102E-08 alpha_mix =  0.700 |ddv_scf|^2 =  2.274E-14

      iter #   6 total cpu time :243966.6 secs   av.it.:  16.6
      thresh= 1.508E-08 alpha_mix =  0.700 |ddv_scf|^2 =  1.558E-15

     End of self-consistent calculation

     Convergence has been achieved 


     Representation #   8 modes #  15  16

     Self-consistent Calculation

      iter #   1 total cpu time :244059.7 secs   av.it.:   3.4
      thresh= 1.000E-02 alpha_mix =  0.700 |ddv_scf|^2 =  6.443E-10

      iter #   2 total cpu time :244273.7 secs   av.it.:  16.9
      thresh= 2.538E-06 alpha_mix =  0.700 |ddv_scf|^2 =  5.417E-10

      iter #   3 total cpu time :244474.3 secs   av.it.:  15.9
      thresh= 2.327E-06 alpha_mix =  0.700 |ddv_scf|^2 =  1.599E-11

      iter #   4 total cpu time :244682.7 secs   av.it.:  16.0
      thresh= 3.999E-07 alpha_mix =  0.700 |ddv_scf|^2 =  5.798E-13

      iter #   5 total cpu time :244897.3 secs   av.it.:  16.8
      thresh= 7.615E-08 alpha_mix =  0.700 |ddv_scf|^2 =  1.247E-14

      iter #   6 total cpu time :245109.6 secs   av.it.:  16.9
      thresh= 1.117E-08 alpha_mix =  0.700 |ddv_scf|^2 =  1.118E-15

     End of self-consistent calculation

     Convergence has been achieved 


     Representation #   9 modes #  17  18

     Self-consistent Calculation

      iter #   1 total cpu time :245200.9 secs   av.it.:   3.0
      thresh= 1.000E-02 alpha_mix =  0.700 |ddv_scf|^2 =  2.152E-09

      iter #   2 total cpu time :245402.4 secs   av.it.:  16.0
      thresh= 4.639E-06 alpha_mix =  0.700 |ddv_scf|^2 =  1.310E-09

      iter #   3 total cpu time :245594.0 secs   av.it.:  15.0
      thresh= 3.620E-06 alpha_mix =  0.700 |ddv_scf|^2 =  4.923E-13

      iter #   4 total cpu time :245805.2 secs   av.it.:  16.9
      thresh= 7.016E-08 alpha_mix =  0.700 |ddv_scf|^2 =  1.146E-13

      iter #   5 total cpu time :246009.7 secs   av.it.:  16.7
      thresh= 3.386E-08 alpha_mix =  0.700 |ddv_scf|^2 =  1.112E-14

      iter #   6 total cpu time :246213.7 secs   av.it.:  16.6
      thresh= 1.054E-08 alpha_mix =  0.700 |ddv_scf|^2 =  5.649E-16

     End of self-consistent calculation

     Convergence has been achieved 


     Representation #  10 modes #  19  20

     Self-consistent Calculation

      iter #   1 total cpu time :246304.6 secs   av.it.:   3.3
      thresh= 1.000E-02 alpha_mix =  0.700 |ddv_scf|^2 =  9.714E-10

      iter #   2 total cpu time :246513.9 secs   av.it.:  16.8
      thresh= 3.117E-06 alpha_mix =  0.700 |ddv_scf|^2 =  4.836E-10

      iter #   3 total cpu time :246714.7 secs   av.it.:  15.9
      thresh= 2.199E-06 alpha_mix =  0.700 |ddv_scf|^2 =  7.609E-13

      iter #   4 total cpu time :246925.2 secs   av.it.:  16.9
      thresh= 8.723E-08 alpha_mix =  0.700 |ddv_scf|^2 =  2.089E-13

      iter #   5 total cpu time :247131.8 secs   av.it.:  16.2
      thresh= 4.571E-08 alpha_mix =  0.700 |ddv_scf|^2 =  8.705E-15

     End of self-consistent calculation

     Convergence has been achieved 


     Representation #  11 modes #  21  22

     Self-consistent Calculation

      iter #   1 total cpu time :247257.2 secs   av.it.:   6.6
      thresh= 1.000E-02 alpha_mix =  0.700 |ddv_scf|^2 =  8.917E-09

      iter #   2 total cpu time :247464.7 secs   av.it.:  16.4
      thresh= 9.443E-06 alpha_mix =  0.700 |ddv_scf|^2 =  1.756E-09

      iter #   3 total cpu time :247667.6 secs   av.it.:  16.3
      thresh= 4.190E-06 alpha_mix =  0.700 |ddv_scf|^2 =  6.198E-12

      iter #   4 total cpu time :247872.5 secs   av.it.:  16.4
      thresh= 2.490E-07 alpha_mix =  0.700 |ddv_scf|^2 =  9.172E-14

      iter #   5 total cpu time :248079.5 secs   av.it.:  16.6
      thresh= 3.029E-08 alpha_mix =  0.700 |ddv_scf|^2 =  1.710E-15

     End of self-consistent calculation

     Convergence has been achieved 


     Representation #  12 modes #  23  24

     Self-consistent Calculation

      iter #   1 total cpu time :248170.1 secs   av.it.:   3.4
      thresh= 1.000E-02 alpha_mix =  0.700 |ddv_scf|^2 =  8.977E-10

      iter #   2 total cpu time :248376.9 secs   av.it.:  16.9
      thresh= 2.996E-06 alpha_mix =  0.700 |ddv_scf|^2 =  1.069E-09

      iter #   3 total cpu time :248573.1 secs   av.it.:  15.2
      thresh= 3.270E-06 alpha_mix =  0.700 |ddv_scf|^2 =  9.235E-12

      iter #   4 total cpu time :248785.7 secs   av.it.:  16.8
      thresh= 3.039E-07 alpha_mix =  0.700 |ddv_scf|^2 =  5.825E-13

      iter #   5 total cpu time :248997.8 secs   av.it.:  16.7
      thresh= 7.632E-08 alpha_mix =  0.700 |ddv_scf|^2 =  1.464E-14

      iter #   6 total cpu time :249213.0 secs   av.it.:  16.9
      thresh= 1.210E-08 alpha_mix =  0.700 |ddv_scf|^2 =  1.232E-15

     End of self-consistent calculation

     Convergence has been achieved 


     Representation #  13 modes #  25  26

     Self-consistent Calculation

      iter #   1 total cpu time :249320.0 secs   av.it.:   5.0
      thresh= 1.000E-02 alpha_mix =  0.700 |ddv_scf|^2 =  1.819E-08

      iter #   2 total cpu time :249523.5 secs   av.it.:  16.0
      thresh= 1.349E-05 alpha_mix =  0.700 |ddv_scf|^2 =  2.565E-08

      iter #   3 total cpu time :249714.2 secs   av.it.:  15.0
      thresh= 1.601E-05 alpha_mix =  0.700 |ddv_scf|^2 =  2.776E-11

      iter #   4 total cpu time :249926.5 secs   av.it.:  16.9
      thresh= 5.269E-07 alpha_mix =  0.700 |ddv_scf|^2 =  3.082E-12

      iter #   5 total cpu time :250137.0 secs   av.it.:  16.6
      thresh= 1.756E-07 alpha_mix =  0.700 |ddv_scf|^2 =  1.912E-13

      iter #   6 total cpu time :250351.1 secs   av.it.:  16.9
      thresh= 4.373E-08 alpha_mix =  0.700 |ddv_scf|^2 =  1.492E-14

      iter #   7 total cpu time :250554.8 secs   av.it.:  15.9
      thresh= 1.221E-08 alpha_mix =  0.700 |ddv_scf|^2 =  2.437E-16

     End of self-consistent calculation

     Convergence has been achieved 


     Representation #  14 modes #  27  28

     Self-consistent Calculation

      iter #   1 total cpu time :250646.2 secs   av.it.:   3.2
      thresh= 1.000E-02 alpha_mix =  0.700 |ddv_scf|^2 =  5.894E-10

      iter #   2 total cpu time :250866.8 secs   av.it.:  16.9
      thresh= 2.428E-06 alpha_mix =  0.700 |ddv_scf|^2 =  5.118E-10

      iter #   3 total cpu time :251073.8 secs   av.it.:  15.5
      thresh= 2.262E-06 alpha_mix =  0.700 |ddv_scf|^2 =  1.263E-11

      iter #   4 total cpu time :251282.6 secs   av.it.:  16.0
      thresh= 3.554E-07 alpha_mix =  0.700 |ddv_scf|^2 =  3.455E-13

      iter #   5 total cpu time :251495.2 secs   av.it.:  16.9
      thresh= 5.878E-08 alpha_mix =  0.700 |ddv_scf|^2 =  1.814E-14

      iter #   6 total cpu time :251709.2 secs   av.it.:  16.9
      thresh= 1.347E-08 alpha_mix =  0.700 |ddv_scf|^2 =  8.030E-16

     End of self-consistent calculation

     Convergence has been achieved 


     Representation #  15 modes #  29  30

     Self-consistent Calculation

      iter #   1 total cpu time :251800.5 secs   av.it.:   3.1
      thresh= 1.000E-02 alpha_mix =  0.700 |ddv_scf|^2 =  1.677E-09

      iter #   2 total cpu time :252006.9 secs   av.it.:  16.0
      thresh= 4.095E-06 alpha_mix =  0.700 |ddv_scf|^2 =  1.052E-09

      iter #   3 total cpu time :252203.4 secs   av.it.:  15.0
      thresh= 3.244E-06 alpha_mix =  0.700 |ddv_scf|^2 =  4.461E-13

      iter #   4 total cpu time :252422.5 secs   av.it.:  16.9
      thresh= 6.679E-08 alpha_mix =  0.700 |ddv_scf|^2 =  8.599E-14

      iter #   5 total cpu time :252638.2 secs   av.it.:  16.9
      thresh= 2.932E-08 alpha_mix =  0.700 |ddv_scf|^2 =  7.463E-15

     End of self-consistent calculation

     Convergence has been achieved 


     Representation #  16 modes #  31  32

     Self-consistent Calculation

      iter #   1 total cpu time :252768.7 secs   av.it.:   6.7
      thresh= 1.000E-02 alpha_mix =  0.700 |ddv_scf|^2 =  7.287E-08

      iter #   2 total cpu time :252977.1 secs   av.it.:  16.3
      thresh= 2.699E-05 alpha_mix =  0.700 |ddv_scf|^2 =  1.044E-07

      iter #   3 total cpu time :253171.8 secs   av.it.:  14.9
      thresh= 3.232E-05 alpha_mix =  0.700 |ddv_scf|^2 =  2.084E-10

      iter #   4 total cpu time :253380.9 secs   av.it.:  16.7
      thresh= 1.443E-06 alpha_mix =  0.700 |ddv_scf|^2 =  5.908E-12

      iter #   5 total cpu time :253597.7 secs   av.it.:  16.7
      thresh= 2.431E-07 alpha_mix =  0.700 |ddv_scf|^2 =  5.166E-13

      iter #   6 total cpu time :253814.7 secs   av.it.:  16.7
      thresh= 7.188E-08 alpha_mix =  0.700 |ddv_scf|^2 =  1.333E-14

      iter #   7 total cpu time :254032.2 secs   av.it.:  16.7
      thresh= 1.155E-08 alpha_mix =  0.700 |ddv_scf|^2 =  1.834E-15

     End of self-consistent calculation

     Convergence has been achieved 


     Representation #  17 modes #  33  34

     Self-consistent Calculation

      iter #   1 total cpu time :254121.6 secs   av.it.:   3.0
      thresh= 1.000E-02 alpha_mix =  0.700 |ddv_scf|^2 =  1.344E-09

      iter #   2 total cpu time :254325.9 secs   av.it.:  16.0
      thresh= 3.666E-06 alpha_mix =  0.700 |ddv_scf|^2 =  7.369E-10

      iter #   3 total cpu time :254525.1 secs   av.it.:  15.0
      thresh= 2.715E-06 alpha_mix =  0.700 |ddv_scf|^2 =  8.632E-13

      iter #   4 total cpu time :254740.4 secs   av.it.:  16.9
      thresh= 9.291E-08 alpha_mix =  0.700 |ddv_scf|^2 =  1.315E-13

      iter #   5 total cpu time :254956.5 secs   av.it.:  16.4
      thresh= 3.626E-08 alpha_mix =  0.700 |ddv_scf|^2 =  1.639E-14

      iter #   6 total cpu time :255172.3 secs   av.it.:  16.4
      thresh= 1.280E-08 alpha_mix =  0.700 |ddv_scf|^2 =  6.713E-16

     End of self-consistent calculation

     Convergence has been achieved 


     Representation #  18 modes #  35  36

     Self-consistent Calculation

      iter #   1 total cpu time :255263.0 secs   av.it.:   3.0
      thresh= 1.000E-02 alpha_mix =  0.700 |ddv_scf|^2 =  4.117E-10

      iter #   2 total cpu time :255478.2 secs   av.it.:  16.2
      thresh= 2.029E-06 alpha_mix =  0.700 |ddv_scf|^2 =  1.792E-10

      iter #   3 total cpu time :255684.1 secs   av.it.:  15.8
      thresh= 1.339E-06 alpha_mix =  0.700 |ddv_scf|^2 =  1.521E-12

      iter #   4 total cpu time :255898.0 secs   av.it.:  16.0
      thresh= 1.233E-07 alpha_mix =  0.700 |ddv_scf|^2 =  6.275E-14

      iter #   5 total cpu time :256116.7 secs   av.it.:  16.9
      thresh= 2.505E-08 alpha_mix =  0.700 |ddv_scf|^2 =  4.657E-15

     End of self-consistent calculation

     Convergence has been achieved 


     Representation #  19 modes #  37  38

     Self-consistent Calculation

      iter #   1 total cpu time :256209.4 secs   av.it.:   3.0
      thresh= 1.000E-02 alpha_mix =  0.700 |ddv_scf|^2 =  7.469E-10

      iter #   2 total cpu time :256430.1 secs   av.it.:  16.8
      thresh= 2.733E-06 alpha_mix =  0.700 |ddv_scf|^2 =  6.124E-10

      iter #   3 total cpu time :256628.3 secs   av.it.:  15.6
      thresh= 2.475E-06 alpha_mix =  0.700 |ddv_scf|^2 =  1.563E-11

      iter #   4 total cpu time :256834.8 secs   av.it.:  15.9
      thresh= 3.954E-07 alpha_mix =  0.700 |ddv_scf|^2 =  5.595E-13

      iter #   5 total cpu time :257052.1 secs   av.it.:  16.9
      thresh= 7.480E-08 alpha_mix =  0.700 |ddv_scf|^2 =  1.814E-14

      iter #   6 total cpu time :257268.3 secs   av.it.:  16.9
      thresh= 1.347E-08 alpha_mix =  0.700 |ddv_scf|^2 =  8.867E-16

     End of self-consistent calculation

     Convergence has been achieved 


     Representation #  20 modes #  39  40

     Self-consistent Calculation

      iter #   1 total cpu time :257360.1 secs   av.it.:   3.0
      thresh= 1.000E-02 alpha_mix =  0.700 |ddv_scf|^2 =  1.008E-09

      iter #   2 total cpu time :257573.7 secs   av.it.:  16.5
      thresh= 3.175E-06 alpha_mix =  0.700 |ddv_scf|^2 =  5.917E-10

      iter #   3 total cpu time :257776.9 secs   av.it.:  15.7
      thresh= 2.433E-06 alpha_mix =  0.700 |ddv_scf|^2 =  6.732E-13

      iter #   4 total cpu time :257998.9 secs   av.it.:  17.0
      thresh= 8.205E-08 alpha_mix =  0.700 |ddv_scf|^2 =  1.157E-13

      iter #   5 total cpu time :258217.2 secs   av.it.:  16.9
      thresh= 3.402E-08 alpha_mix =  0.700 |ddv_scf|^2 =  5.422E-15

     End of self-consistent calculation

     Convergence has been achieved 


     Representation #  21 modes #  41  42

     Self-consistent Calculation

      iter #   1 total cpu time :258306.2 secs   av.it.:   3.0
      thresh= 1.000E-02 alpha_mix =  0.700 |ddv_scf|^2 =  1.686E-09

      iter #   2 total cpu time :258511.5 secs   av.it.:  16.0
      thresh= 4.107E-06 alpha_mix =  0.700 |ddv_scf|^2 =  1.993E-09

      iter #   3 total cpu time :258703.1 secs   av.it.:  15.0
      thresh= 4.464E-06 alpha_mix =  0.700 |ddv_scf|^2 =  7.938E-12

      iter #   4 total cpu time :258910.4 secs   av.it.:  16.0
      thresh= 2.817E-07 alpha_mix =  0.700 |ddv_scf|^2 =  1.500E-13

      iter #   5 total cpu time :259131.3 secs   av.it.:  16.8
      thresh= 3.872E-08 alpha_mix =  0.700 |ddv_scf|^2 =  1.119E-14

      iter #   6 total cpu time :259350.1 secs   av.it.:  16.7
      thresh= 1.058E-08 alpha_mix =  0.700 |ddv_scf|^2 =  4.997E-16

     End of self-consistent calculation

     Convergence has been achieved 


     Representation #  22 modes #  43  44

     Self-consistent Calculation

      iter #   1 total cpu time :259457.2 secs   av.it.:   4.7
      thresh= 1.000E-02 alpha_mix =  0.700 |ddv_scf|^2 =  5.551E-09

      iter #   2 total cpu time :259672.1 secs   av.it.:  16.6
      thresh= 7.451E-06 alpha_mix =  0.700 |ddv_scf|^2 =  3.276E-09

      iter #   3 total cpu time :259875.3 secs   av.it.:  15.1
      thresh= 5.723E-06 alpha_mix =  0.700 |ddv_scf|^2 =  9.259E-12

      iter #   4 total cpu time :260098.5 secs   av.it.:  16.9
      thresh= 3.043E-07 alpha_mix =  0.700 |ddv_scf|^2 =  6.316E-13

      iter #   5 total cpu time :260310.1 secs   av.it.:  16.9
      thresh= 7.947E-08 alpha_mix =  0.700 |ddv_scf|^2 =  6.263E-14

      iter #   6 total cpu time :260520.2 secs   av.it.:  16.9
      thresh= 2.503E-08 alpha_mix =  0.700 |ddv_scf|^2 =  2.388E-15

     End of self-consistent calculation

     Convergence has been achieved 


     Representation #  23 modes #  45  46

     Self-consistent Calculation

      iter #   1 total cpu time :260608.7 secs   av.it.:   3.0
      thresh= 1.000E-02 alpha_mix =  0.700 |ddv_scf|^2 =  7.107E-10

      iter #   2 total cpu time :260816.4 secs   av.it.:  16.6
      thresh= 2.666E-06 alpha_mix =  0.700 |ddv_scf|^2 =  3.383E-10

      iter #   3 total cpu time :261016.9 secs   av.it.:  15.9
      thresh= 1.839E-06 alpha_mix =  0.700 |ddv_scf|^2 =  1.332E-12

      iter #   4 total cpu time :261225.3 secs   av.it.:  16.7
      thresh= 1.154E-07 alpha_mix =  0.700 |ddv_scf|^2 =  1.731E-13

      iter #   5 total cpu time :261435.8 secs   av.it.:  16.9
      thresh= 4.160E-08 alpha_mix =  0.700 |ddv_scf|^2 =  1.459E-14

      iter #   6 total cpu time :261643.6 secs   av.it.:  16.2
      thresh= 1.208E-08 alpha_mix =  0.700 |ddv_scf|^2 =  8.799E-16

     End of self-consistent calculation

     Convergence has been achieved 


     Representation #  24 modes #  47  48

     Self-consistent Calculation

      iter #   1 total cpu time :261748.8 secs   av.it.:   4.8
      thresh= 1.000E-02 alpha_mix =  0.700 |ddv_scf|^2 =  7.591E-09

      iter #   2 total cpu time :261954.4 secs   av.it.:  16.4
      thresh= 8.712E-06 alpha_mix =  0.700 |ddv_scf|^2 =  9.073E-09

      iter #   3 total cpu time :262146.2 secs   av.it.:  15.0
      thresh= 9.525E-06 alpha_mix =  0.700 |ddv_scf|^2 =  4.533E-11

      iter #   4 total cpu time :262353.0 secs   av.it.:  16.6
      thresh= 6.733E-07 alpha_mix =  0.700 |ddv_scf|^2 =  2.149E-12

      iter #   5 total cpu time :262560.5 secs   av.it.:  16.8
      thresh= 1.466E-07 alpha_mix =  0.700 |ddv_scf|^2 =  1.654E-13

      iter #   6 total cpu time :262771.5 secs   av.it.:  16.9
      thresh= 4.067E-08 alpha_mix =  0.700 |ddv_scf|^2 =  9.616E-15

     End of self-consistent calculation

     Convergence has been achieved 


     Representation #  25 modes #  49  50

     Self-consistent Calculation

      iter #   1 total cpu time :262865.7 secs   av.it.:   3.5
      thresh= 1.000E-02 alpha_mix =  0.700 |ddv_scf|^2 =  7.587E-10

      iter #   2 total cpu time :263088.2 secs   av.it.:  16.9
      thresh= 2.755E-06 alpha_mix =  0.700 |ddv_scf|^2 =  3.025E-10

      iter #   3 total cpu time :263295.3 secs   av.it.:  16.0
      thresh= 1.739E-06 alpha_mix =  0.700 |ddv_scf|^2 =  1.261E-12

      iter #   4 total cpu time :263501.5 secs   av.it.:  16.1
      thresh= 1.123E-07 alpha_mix =  0.700 |ddv_scf|^2 =  1.629E-13

      iter #   5 total cpu time :263705.1 secs   av.it.:  16.0
      thresh= 4.036E-08 alpha_mix =  0.700 |ddv_scf|^2 =  8.862E-15

     End of self-consistent calculation

     Convergence has been achieved 


     Representation #  26 modes #  51  52

     Self-consistent Calculation

      iter #   1 total cpu time :263834.8 secs   av.it.:   6.8
      thresh= 1.000E-02 alpha_mix =  0.700 |ddv_scf|^2 =  1.501E-07

      iter #   2 total cpu time :264046.9 secs   av.it.:  15.9
      thresh= 3.875E-05 alpha_mix =  0.700 |ddv_scf|^2 =  2.132E-07

      iter #   3 total cpu time :264248.4 secs   av.it.:  14.9
      thresh= 4.617E-05 alpha_mix =  0.700 |ddv_scf|^2 =  1.556E-10

      iter #   4 total cpu time :264467.1 secs   av.it.:  16.8
      thresh= 1.247E-06 alpha_mix =  0.700 |ddv_scf|^2 =  5.212E-12

      iter #   5 total cpu time :264677.7 secs   av.it.:  16.7
      thresh= 2.283E-07 alpha_mix =  0.700 |ddv_scf|^2 =  2.903E-13

      iter #   6 total cpu time :264888.9 secs   av.it.:  16.7
      thresh= 5.388E-08 alpha_mix =  0.700 |ddv_scf|^2 =  4.076E-14

      iter #   7 total cpu time :265094.2 secs   av.it.:  16.0
      thresh= 2.019E-08 alpha_mix =  0.700 |ddv_scf|^2 =  5.399E-15

     End of self-consistent calculation

     Convergence has been achieved 


     Representation #  27 modes #  53  54

     Self-consistent Calculation

      iter #   1 total cpu time :265189.0 secs   av.it.:   3.9
      thresh= 1.000E-02 alpha_mix =  0.700 |ddv_scf|^2 =  1.649E-09

      iter #   2 total cpu time :265397.8 secs   av.it.:  16.8
      thresh= 4.061E-06 alpha_mix =  0.700 |ddv_scf|^2 =  2.081E-09

      iter #   3 total cpu time :265591.6 secs   av.it.:  15.1
      thresh= 4.562E-06 alpha_mix =  0.700 |ddv_scf|^2 =  1.203E-11

      iter #   4 total cpu time :265798.9 secs   av.it.:  16.4
      thresh= 3.469E-07 alpha_mix =  0.700 |ddv_scf|^2 =  4.408E-13

      iter #   5 total cpu time :266015.5 secs   av.it.:  16.9
      thresh= 6.639E-08 alpha_mix =  0.700 |ddv_scf|^2 =  1.983E-14

      iter #   6 total cpu time :266228.3 secs   av.it.:  16.0
      thresh= 1.408E-08 alpha_mix =  0.700 |ddv_scf|^2 =  1.059E-15

     End of self-consistent calculation

     Convergence has been achieved 


     Representation #  28 modes #  55  56

     Self-consistent Calculation

      iter #   1 total cpu time :266333.9 secs   av.it.:   5.0
      thresh= 1.000E-02 alpha_mix =  0.700 |ddv_scf|^2 =  1.180E-08

      iter #   2 total cpu time :266538.0 secs   av.it.:  16.0
      thresh= 1.086E-05 alpha_mix =  0.700 |ddv_scf|^2 =  8.282E-09

      iter #   3 total cpu time :266736.6 secs   av.it.:  15.0
      thresh= 9.100E-06 alpha_mix =  0.700 |ddv_scf|^2 =  1.221E-11

      iter #   4 total cpu time :266953.5 secs   av.it.:  16.6
      thresh= 3.494E-07 alpha_mix =  0.700 |ddv_scf|^2 =  6.595E-13

      iter #   5 total cpu time :267168.2 secs   av.it.:  16.9
      thresh= 8.121E-08 alpha_mix =  0.700 |ddv_scf|^2 =  7.416E-14

      iter #   6 total cpu time :267378.6 secs   av.it.:  16.8
      thresh= 2.723E-08 alpha_mix =  0.700 |ddv_scf|^2 =  3.925E-15

     End of self-consistent calculation

     Convergence has been achieved 


     Representation #  29 modes #  57  58

     Self-consistent Calculation

      iter #   1 total cpu time :267469.8 secs   av.it.:   3.0
      thresh= 1.000E-02 alpha_mix =  0.700 |ddv_scf|^2 =  1.701E-09

      iter #   2 total cpu time :267676.5 secs   av.it.:  16.1
      thresh= 4.125E-06 alpha_mix =  0.700 |ddv_scf|^2 =  2.258E-09

      iter #   3 total cpu time :267869.4 secs   av.it.:  15.0
      thresh= 4.751E-06 alpha_mix =  0.700 |ddv_scf|^2 =  4.088E-12

      iter #   4 total cpu time :268082.0 secs   av.it.:  16.9
      thresh= 2.022E-07 alpha_mix =  0.700 |ddv_scf|^2 =  5.269E-13

      iter #   5 total cpu time :268291.5 secs   av.it.:  16.8
      thresh= 7.259E-08 alpha_mix =  0.700 |ddv_scf|^2 =  1.687E-14

      iter #   6 total cpu time :268502.0 secs   av.it.:  16.9
      thresh= 1.299E-08 alpha_mix =  0.700 |ddv_scf|^2 =  6.513E-16

     End of self-consistent calculation

     Convergence has been achieved 


     Representation #  30 modes #  59  60

     Self-consistent Calculation

      iter #   1 total cpu time :268591.4 secs   av.it.:   3.0
      thresh= 1.000E-02 alpha_mix =  0.700 |ddv_scf|^2 =  6.971E-10

      iter #   2 total cpu time :268800.7 secs   av.it.:  16.9
      thresh= 2.640E-06 alpha_mix =  0.700 |ddv_scf|^2 =  4.178E-10

      iter #   3 total cpu time :268998.5 secs   av.it.:  15.6
      thresh= 2.044E-06 alpha_mix =  0.700 |ddv_scf|^2 =  6.734E-13

      iter #   4 total cpu time :269215.3 secs   av.it.:  16.9
      thresh= 8.206E-08 alpha_mix =  0.700 |ddv_scf|^2 =  9.936E-14

      iter #   5 total cpu time :269428.3 secs   av.it.:  16.8
      thresh= 3.152E-08 alpha_mix =  0.700 |ddv_scf|^2 =  3.163E-15

     End of self-consistent calculation

     Convergence has been achieved 


     Representation #  31 modes #  61  62

     Self-consistent Calculation

      iter #   1 total cpu time :269521.4 secs   av.it.:   3.4
      thresh= 1.000E-02 alpha_mix =  0.700 |ddv_scf|^2 =  1.127E-09

      iter #   2 total cpu time :269732.3 secs   av.it.:  16.9
      thresh= 3.357E-06 alpha_mix =  0.700 |ddv_scf|^2 =  1.413E-09

      iter #   3 total cpu time :269926.4 secs   av.it.:  15.1
      thresh= 3.759E-06 alpha_mix =  0.700 |ddv_scf|^2 =  7.712E-12

      iter #   4 total cpu time :270136.8 secs   av.it.:  16.9
      thresh= 2.777E-07 alpha_mix =  0.700 |ddv_scf|^2 =  6.261E-13

      iter #   5 total cpu time :270344.2 secs   av.it.:  16.5
      thresh= 7.912E-08 alpha_mix =  0.700 |ddv_scf|^2 =  1.004E-14

      iter #   6 total cpu time :270554.9 secs   av.it.:  16.9
      thresh= 1.002E-08 alpha_mix =  0.700 |ddv_scf|^2 =  3.407E-16

     End of self-consistent calculation

     Convergence has been achieved 


     Representation #  32 modes #  63  64

     Self-consistent Calculation

      iter #   1 total cpu time :270649.7 secs   av.it.:   3.9
      thresh= 1.000E-02 alpha_mix =  0.700 |ddv_scf|^2 =  1.930E-09

      iter #   2 total cpu time :270869.1 secs   av.it.:  16.6
      thresh= 4.393E-06 alpha_mix =  0.700 |ddv_scf|^2 =  2.467E-09

      iter #   3 total cpu time :271073.0 secs   av.it.:  15.0
      thresh= 4.967E-06 alpha_mix =  0.700 |ddv_scf|^2 =  9.446E-12

      iter #   4 total cpu time :271292.5 secs   av.it.:  16.9
      thresh= 3.073E-07 alpha_mix =  0.700 |ddv_scf|^2 =  4.846E-13

      iter #   5 total cpu time :271503.8 secs   av.it.:  16.9
      thresh= 6.961E-08 alpha_mix =  0.700 |ddv_scf|^2 =  1.885E-14

      iter #   6 total cpu time :271713.4 secs   av.it.:  16.6
      thresh= 1.373E-08 alpha_mix =  0.700 |ddv_scf|^2 =  2.450E-15

     End of self-consistent calculation

     Convergence has been achieved 


     Representation #  33 modes #  65  66

     Self-consistent Calculation

      iter #   1 total cpu time :271806.0 secs   av.it.:   3.1
      thresh= 1.000E-02 alpha_mix =  0.700 |ddv_scf|^2 =  5.536E-10

      iter #   2 total cpu time :272020.5 secs   av.it.:  16.9
      thresh= 2.353E-06 alpha_mix =  0.700 |ddv_scf|^2 =  2.227E-10

      iter #   3 total cpu time :272229.3 secs   av.it.:  16.2
      thresh= 1.492E-06 alpha_mix =  0.700 |ddv_scf|^2 =  1.101E-12

      iter #   4 total cpu time :272439.9 secs   av.it.:  16.6
      thresh= 1.049E-07 alpha_mix =  0.700 |ddv_scf|^2 =  2.691E-13

      iter #   5 total cpu time :272643.4 secs   av.it.:  15.9
      thresh= 5.187E-08 alpha_mix =  0.700 |ddv_scf|^2 =  7.276E-15

     End of self-consistent calculation

     Convergence has been achieved 

     Number of q in the star =    1
     List of q in the star:
          1  -0.500000000  -0.505263609   0.000000000

     Diagonalizing the dynamical matrix

     q = (   -0.500000000  -0.505263609   0.000000000 ) 

 **************************************************************************
     freq (    1) =       0.843159 [THz] =      28.124753 [cm-1]
     freq (    2) =       0.843159 [THz] =      28.124753 [cm-1]
     freq (    3) =       1.168931 [THz] =      38.991344 [cm-1]
     freq (    4) =       1.168931 [THz] =      38.991344 [cm-1]
     freq (    5) =       2.069402 [THz] =      69.027813 [cm-1]
     freq (    6) =       2.069402 [THz] =      69.027813 [cm-1]
     freq (    7) =       4.225806 [THz] =     140.957716 [cm-1]
     freq (    8) =       4.225806 [THz] =     140.957716 [cm-1]
     freq (    9) =       5.112740 [THz] =     170.542650 [cm-1]
     freq (   10) =       5.112740 [THz] =     170.542650 [cm-1]
     freq (   11) =       6.135154 [THz] =     204.646714 [cm-1]
     freq (   12) =       6.135154 [THz] =     204.646714 [cm-1]
     freq (   13) =       6.455056 [THz] =     215.317498 [cm-1]
     freq (   14) =       6.455056 [THz] =     215.317498 [cm-1]
     freq (   15) =       6.522080 [THz] =     217.553174 [cm-1]
     freq (   16) =       6.522080 [THz] =     217.553174 [cm-1]
     freq (   17) =       7.816463 [THz] =     260.729143 [cm-1]
     freq (   18) =       7.816463 [THz] =     260.729143 [cm-1]
     freq (   19) =       8.341124 [THz] =     278.229938 [cm-1]
     freq (   20) =       8.341124 [THz] =     278.229938 [cm-1]
     freq (   21) =       8.711673 [THz] =     290.590123 [cm-1]
     freq (   22) =       8.711673 [THz] =     290.590123 [cm-1]
     freq (   23) =       9.284269 [THz] =     309.689883 [cm-1]
     freq (   24) =       9.284269 [THz] =     309.689883 [cm-1]
     freq (   25) =       9.414157 [THz] =     314.022462 [cm-1]
     freq (   26) =       9.414157 [THz] =     314.022462 [cm-1]
     freq (   27) =      11.877654 [THz] =     396.195879 [cm-1]
     freq (   28) =      11.877654 [THz] =     396.195879 [cm-1]
     freq (   29) =      12.425162 [THz] =     414.458801 [cm-1]
     freq (   30) =      12.425162 [THz] =     414.458801 [cm-1]
     freq (   31) =      30.515362 [THz] =    1017.882913 [cm-1]
     freq (   32) =      30.515362 [THz] =    1017.882913 [cm-1]
     freq (   33) =      30.727606 [THz] =    1024.962615 [cm-1]
     freq (   34) =      30.727606 [THz] =    1024.962615 [cm-1]
     freq (   35) =      31.975012 [THz] =    1066.571601 [cm-1]
     freq (   36) =      31.975012 [THz] =    1066.571601 [cm-1]
     freq (   37) =      32.286476 [THz] =    1076.960932 [cm-1]
     freq (   38) =      32.286476 [THz] =    1076.960932 [cm-1]
     freq (   39) =      32.440218 [THz] =    1082.089181 [cm-1]
     freq (   40) =      32.440218 [THz] =    1082.089181 [cm-1]
     freq (   41) =      32.556424 [THz] =    1085.965418 [cm-1]
     freq (   42) =      32.556424 [THz] =    1085.965418 [cm-1]
     freq (   43) =      35.816685 [THz] =    1194.716024 [cm-1]
     freq (   44) =      35.816685 [THz] =    1194.716024 [cm-1]
     freq (   45) =      35.857605 [THz] =    1196.080971 [cm-1]
     freq (   46) =      35.857605 [THz] =    1196.080971 [cm-1]
     freq (   47) =      36.295900 [THz] =    1210.700912 [cm-1]
     freq (   48) =      36.295900 [THz] =    1210.700912 [cm-1]
     freq (   49) =      36.568277 [THz] =    1219.786410 [cm-1]
     freq (   50) =      36.568277 [THz] =    1219.786410 [cm-1]
     freq (   51) =      68.434100 [THz] =    2282.715864 [cm-1]
     freq (   52) =      68.434100 [THz] =    2282.715864 [cm-1]
     freq (   53) =      68.671302 [THz] =    2290.628057 [cm-1]
     freq (   54) =      68.671302 [THz] =    2290.628057 [cm-1]
     freq (   55) =      70.040405 [THz] =    2336.296431 [cm-1]
     freq (   56) =      70.040405 [THz] =    2336.296431 [cm-1]
     freq (   57) =      70.247838 [THz] =    2343.215653 [cm-1]
     freq (   58) =      70.247838 [THz] =    2343.215653 [cm-1]
     freq (   59) =      70.641350 [THz] =    2356.341796 [cm-1]
     freq (   60) =      70.641350 [THz] =    2356.341796 [cm-1]
     freq (   61) =      70.937096 [THz] =    2366.206809 [cm-1]
     freq (   62) =      70.937096 [THz] =    2366.206809 [cm-1]
     freq (   63) =      71.206151 [THz] =    2375.181547 [cm-1]
     freq (   64) =      71.206151 [THz] =    2375.181547 [cm-1]
     freq (   65) =      71.263475 [THz] =    2377.093659 [cm-1]
     freq (   66) =      71.263475 [THz] =    2377.093659 [cm-1]
 **************************************************************************

     Calculation of q =   -0.5000000  -0.5052636  -0.7880444

     Parallelization info
     --------------------
     sticks:   dense  smooth     PW     G-vecs:    dense   smooth      PW
     Min         490     245     67                25554     9038    1301
     Max         491     247     68                25557     9040    1303
     Sum       11779    5897   1621               613353   216939   31257

     Using Slab Decomposition



     bravais-lattice index     =            8
     lattice parameter (alat)  =      13.6741  a.u.
     unit-cell volume          =    1605.3416 (a.u.)^3
     number of atoms/cell      =           22
     number of atomic types    =            3
     number of electrons       =        48.00
     number of Kohn-Sham states=           24
     kinetic-energy cutoff     =     100.0000  Ry
     charge density cutoff     =     800.0000  Ry
     Exchange-correlation= PBESOL
                           (   1   4  10   8   0   0   0)

     celldm(1)=  13.674099  celldm(2)=   0.989582  celldm(3)=   0.634482
     celldm(4)=   0.000000  celldm(5)=   0.000000  celldm(6)=   0.000000

     crystal axes: (cart. coord. in units of alat)
               a(1) = (   1.000000   0.000000   0.000000 )  
               a(2) = (   0.000000   0.989582   0.000000 )  
               a(3) = (   0.000000   0.000000   0.634482 )  

     reciprocal axes: (cart. coord. in units 2 pi/alat)
               b(1) = (  1.000000  0.000000  0.000000 )  
               b(2) = (  0.000000  1.010527  0.000000 )  
               b(3) = (  0.000000  0.000000  1.576089 )  


     PseudoPot. # 1 for B  read from file:
     /home/mehlhorn/pseudos/b_pbesol_v1.4.uspp.F.UPF
     MD5 check sum: 369b69bef2c3aeed4453bd8b804fd6a8
     Pseudo is Ultrasoft + core correction, Zval =  3.0
     Generated by new atomic code, or converted to UPF format
     Using radial grid of  781 points,  4 beta functions with: 
                l(1) =   0
                l(2) =   0
                l(3) =   1
                l(4) =   1
     Q(r) pseudized with  8 coefficients,  rinner =    1.100   1.100   1.100


     PseudoPot. # 2 for Ba read from file:
     /home/mehlhorn/pseudos/Ba.nc.z_10.oncvpsp4.dojo.v4-sp.upf
     MD5 check sum: c10ed334bb677c0554edec7181ce9143
     Pseudo is Norm-conserving + core correction, Zval = 10.0
     Generated using ONCVPSP code by D. R. Hamann
     Using radial grid of 1938 points,  8 beta functions with: 
                l(1) =   0
                l(2) =   0
                l(3) =   1
                l(4) =   1
                l(5) =   2
                l(6) =   2
                l(7) =   3
                l(8) =   3

     PseudoPot. # 3 for H  read from file:
     /home/mehlhorn/pseudos/H_ONCV_PBEsol-1.0.upf
     MD5 check sum: 398ef8f67c0a7342c05c87c5e19ea467
     Pseudo is Norm-conserving, Zval =  1.0
     Generated using ONCVPSP code by D. R. Hamann
     Using radial grid of 1180 points,  2 beta functions with: 
                l(1) =   0
                l(2) =   0

     atomic species   valence    mass     pseudopotential
     B                 3.00    10.81100     B ( 1.00)
     Ba               10.00   137.32700     Ba( 1.00)
     H                 1.00     1.00794     H ( 1.00)

      4 Sym. Ops. (no inversion) found



   Cartesian axes

     site n.     atom                  positions (alat units)
         1        Ba     tau(   1) = (   0.5000000   0.4947912   0.3172522  )
         2        Ba     tau(   2) = (   0.0000000   0.0000000   0.6344709  )
         3        B      tau(   3) = (   0.6413579   0.2648610   0.0000111  )
         4        B      tau(   4) = (   0.3586421   0.7247215   0.0000111  )
         5        B      tau(   5) = (   0.1413579   0.2299303   0.3172299  )
         6        B      tau(   6) = (   0.8586421   0.7596522   0.3172299  )
         7        H      tau(   7) = (   0.4714554   0.2791357   0.0000081  )
         8        H      tau(   8) = (   0.5285446   0.7104468   0.0000081  )
         9        H      tau(   9) = (   0.9714554   0.2156555   0.3172329  )
        10        H      tau(  10) = (   0.0285446   0.7739269   0.3172329  )
        11        H      tau(  11) = (   0.7128420   0.4201314   0.0000064  )
        12        H      tau(  12) = (   0.2871580   0.5694510   0.0000064  )
        13        H      tau(  13) = (   0.2128420   0.0746598   0.3172346  )
        14        H      tau(  14) = (   0.7871580   0.9149226   0.3172346  )
        15        H      tau(  15) = (   0.6872173   0.1818371   0.4934203  )
        16        H      tau(  16) = (   0.3127827   0.8077454   0.4934203  )
        17        H      tau(  17) = (   0.1872173   0.3129541   0.4583027  )
        18        H      tau(  18) = (   0.8127827   0.6766283   0.4583027  )
        19        H      tau(  19) = (   0.3127767   0.8077467   0.1410819  )
        20        H      tau(  20) = (   0.6872233   0.1818357   0.1410819  )
        21        H      tau(  21) = (   0.8127767   0.6766270   0.1761591  )
        22        H      tau(  22) = (   0.1872233   0.3129555   0.1761591  )

     number of k points=    54
                       cart. coord. in units 2pi/alat
        k(    1) = (   0.0000000   0.0000000   0.0000000), wk =   0.0160000
        k(    2) = (  -0.5000000  -0.5052636  -0.7880444), wk =   0.0000000
        k(    3) = (   0.0000000   0.0000000   0.3152178), wk =   0.0320000
        k(    4) = (  -0.5000000  -0.5052636  -0.4728266), wk =   0.0000000
        k(    5) = (   0.0000000   0.0000000   0.6304355), wk =   0.0320000
        k(    6) = (  -0.5000000  -0.5052636  -0.1576089), wk =   0.0000000
        k(    7) = (   0.0000000   0.2021054   0.0000000), wk =   0.0320000
        k(    8) = (  -0.5000000  -0.3031582  -0.7880444), wk =   0.0000000
        k(    9) = (   0.0000000   0.2021054   0.3152178), wk =   0.0640000
        k(   10) = (  -0.5000000  -0.3031582  -0.4728266), wk =   0.0000000
        k(   11) = (   0.0000000   0.2021054   0.6304355), wk =   0.0640000
        k(   12) = (  -0.5000000  -0.3031582  -0.1576089), wk =   0.0000000
        k(   13) = (   0.0000000   0.4042109   0.0000000), wk =   0.0320000
        k(   14) = (  -0.5000000  -0.1010527  -0.7880444), wk =   0.0000000
        k(   15) = (   0.0000000   0.4042109   0.3152178), wk =   0.0640000
        k(   16) = (  -0.5000000  -0.1010527  -0.4728266), wk =   0.0000000
        k(   17) = (   0.0000000   0.4042109   0.6304355), wk =   0.0640000
        k(   18) = (  -0.5000000  -0.1010527  -0.1576089), wk =   0.0000000
        k(   19) = (   0.2000000   0.0000000   0.0000000), wk =   0.0320000
        k(   20) = (  -0.3000000  -0.5052636  -0.7880444), wk =   0.0000000
        k(   21) = (   0.2000000   0.0000000   0.3152178), wk =   0.0640000
        k(   22) = (  -0.3000000  -0.5052636  -0.4728266), wk =   0.0000000
        k(   23) = (   0.2000000   0.0000000   0.6304355), wk =   0.0640000
        k(   24) = (  -0.3000000  -0.5052636  -0.1576089), wk =   0.0000000
        k(   25) = (   0.2000000   0.2021054   0.0000000), wk =   0.0640000
        k(   26) = (  -0.3000000  -0.3031582  -0.7880444), wk =   0.0000000
        k(   27) = (   0.2000000   0.2021054   0.3152178), wk =   0.1280000
        k(   28) = (  -0.3000000  -0.3031582  -0.4728266), wk =   0.0000000
        k(   29) = (   0.2000000   0.2021054   0.6304355), wk =   0.1280000
        k(   30) = (  -0.3000000  -0.3031582  -0.1576089), wk =   0.0000000
        k(   31) = (   0.2000000   0.4042109   0.0000000), wk =   0.0640000
        k(   32) = (  -0.3000000  -0.1010527  -0.7880444), wk =   0.0000000
        k(   33) = (   0.2000000   0.4042109   0.3152178), wk =   0.1280000
        k(   34) = (  -0.3000000  -0.1010527  -0.4728266), wk =   0.0000000
        k(   35) = (   0.2000000   0.4042109   0.6304355), wk =   0.1280000
        k(   36) = (  -0.3000000  -0.1010527  -0.1576089), wk =   0.0000000
        k(   37) = (   0.4000000   0.0000000   0.0000000), wk =   0.0320000
        k(   38) = (  -0.1000000  -0.5052636  -0.7880444), wk =   0.0000000
        k(   39) = (   0.4000000   0.0000000   0.3152178), wk =   0.0640000
        k(   40) = (  -0.1000000  -0.5052636  -0.4728266), wk =   0.0000000
        k(   41) = (   0.4000000   0.0000000   0.6304355), wk =   0.0640000
        k(   42) = (  -0.1000000  -0.5052636  -0.1576089), wk =   0.0000000
        k(   43) = (   0.4000000   0.2021054   0.0000000), wk =   0.0640000
        k(   44) = (  -0.1000000  -0.3031582  -0.7880444), wk =   0.0000000
        k(   45) = (   0.4000000   0.2021054   0.3152178), wk =   0.1280000
        k(   46) = (  -0.1000000  -0.3031582  -0.4728266), wk =   0.0000000
        k(   47) = (   0.4000000   0.2021054   0.6304355), wk =   0.1280000
        k(   48) = (  -0.1000000  -0.3031582  -0.1576089), wk =   0.0000000
        k(   49) = (   0.4000000   0.4042109   0.0000000), wk =   0.0640000
        k(   50) = (  -0.1000000  -0.1010527  -0.7880444), wk =   0.0000000
        k(   51) = (   0.4000000   0.4042109   0.3152178), wk =   0.1280000
        k(   52) = (  -0.1000000  -0.1010527  -0.4728266), wk =   0.0000000
        k(   53) = (   0.4000000   0.4042109   0.6304355), wk =   0.1280000
        k(   54) = (  -0.1000000  -0.1010527  -0.1576089), wk =   0.0000000

     Dense  grid:   613353 G-vectors     FFT dimensions: ( 128, 128,  80)

     Smooth grid:   216939 G-vectors     FFT dimensions: (  90,  90,  60)

     Estimated max dynamical RAM per process >      55.08 MB

     Estimated total dynamical RAM >       1.29 GB

     The potential is recalculated from file :
     ./_ph0/pwscf.q_8/pwscf.save/charge-density

     Starting wfcs are   42 atomic wfcs

     Band Structure Calculation
     Davidson diagonalization with overlap

     ethr =  2.08E-11,  avg # of iterations = 21.8

     total cpu time spent up to now is     1578.7 secs

     End of band structure calculation

          k = 0.0000 0.0000 0.0000 ( 27159 PWs)   bands (ev):

   -24.7583 -24.7534 -10.2441 -10.2125 -10.0149  -9.9894  -9.9206  -9.8767
    -6.6140  -5.8097  -5.2881  -5.2445  -2.3768  -1.3886  -1.2989  -1.1000
    -1.0597  -0.8583  -0.8225  -0.5873  -0.3461  -0.1589  -0.0673  -0.0550

          k =-0.5000-0.5053-0.7880 ( 27104 PWs)   bands (ev):

   -24.7413 -24.7413 -10.4187 -10.4187 -10.0201 -10.0201 -10.0128 -10.0128
    -5.7143  -5.7143  -5.3337  -5.3337  -2.1495  -2.1495  -1.7490  -1.7490
    -0.6287  -0.6287  -0.4528  -0.4528  -0.3688  -0.3688  -0.1898  -0.1898

          k = 0.0000 0.0000 0.3152 ( 27148 PWs)   bands (ev):

   -24.7529 -24.7488 -10.1842 -10.1587 -10.1107 -10.0879 -10.0009  -9.9812
    -6.2693  -5.5902  -5.4122  -5.3778  -2.0783  -1.7565  -1.5673  -1.1740
    -0.9579  -0.9061  -0.6645  -0.5250  -0.3907  -0.2294  -0.2130  -0.1384

          k =-0.5000-0.5053-0.4728 ( 27108 PWs)   bands (ev):

   -24.7463 -24.7463 -10.2569 -10.2569 -10.1263 -10.1263  -9.9801  -9.9801
    -5.6278  -5.6278  -5.5840  -5.5840  -1.9750  -1.9750  -1.5284  -1.5284
    -0.8023  -0.8023  -0.4858  -0.4858  -0.3855  -0.3855  -0.2019  -0.2019

          k = 0.0000 0.0000 0.6304 ( 27112 PWs)   bands (ev):

   -24.7435 -24.7419 -10.3799 -10.3759 -10.0635 -10.0507  -9.9951  -9.9851
    -5.6407  -5.6190  -5.6068  -5.3517  -1.9841  -1.9025  -1.7723  -1.5056
    -0.9505  -0.8406  -0.6104  -0.4692  -0.3869  -0.3426  -0.2723  -0.2233

          k =-0.5000-0.5053-0.1576 ( 27108 PWs)   bands (ev):

   -24.7544 -24.7544 -10.2300 -10.2300  -9.9895  -9.9895  -9.9562  -9.9562
    -6.1003  -6.1003  -5.3850  -5.3850  -1.6516  -1.6516  -1.4480  -1.4480
    -0.6682  -0.6682  -0.5906  -0.5906  -0.4908  -0.4908  -0.2522  -0.2522

          k = 0.0000 0.2021 0.0000 ( 27127 PWs)   bands (ev):

   -24.7579 -24.7538 -10.2297 -10.1979 -10.0353 -10.0078  -9.9164  -9.8809
    -6.5206  -5.8192  -5.3815  -5.2828  -2.2251  -1.5372  -1.3615  -0.9013
    -0.8903  -0.8550  -0.8226  -0.5724  -0.3740  -0.3131  -0.1362  -0.1171

          k =-0.5000-0.3032-0.7880 ( 27140 PWs)   bands (ev):

   -24.7413 -24.7413 -10.4252 -10.4252 -10.0181 -10.0181 -10.0058 -10.0058
    -5.7482  -5.7482  -5.2992  -5.2992  -2.2448  -2.2448  -1.5683  -1.5683
    -0.6372  -0.6372  -0.5373  -0.5373  -0.3697  -0.3697  -0.2148  -0.2148

          k = 0.0000 0.2021 0.3152 ( 27117 PWs)   bands (ev):

   -24.7525 -24.7492 -10.1818 -10.1458 -10.1043 -10.1007 -10.0023  -9.9927
    -6.1977  -5.5812  -5.4998  -5.4003  -1.9795  -1.7780  -1.5991  -1.0422
    -0.9296  -0.8769  -0.7992  -0.4852  -0.3825  -0.2528  -0.2349  -0.2116

          k =-0.5000-0.3032-0.4728 ( 27102 PWs)   bands (ev):

   -24.7463 -24.7463 -10.2666 -10.2666 -10.1084 -10.1084  -9.9872  -9.9872
    -5.6847  -5.6847  -5.5273  -5.5273  -1.9843  -1.9843  -1.4827  -1.4827
    -0.7813  -0.7813  -0.5662  -0.5662  -0.3506  -0.3506  -0.2411  -0.2411

          k = 0.0000 0.2021 0.6304 ( 27128 PWs)   bands (ev):

   -24.7433 -24.7421 -10.3850 -10.3814 -10.0522 -10.0440  -9.9953  -9.9891
    -5.7722  -5.7080  -5.4476  -5.2851  -2.0385  -2.0190  -1.6532  -1.4441
    -0.8876  -0.7354  -0.6229  -0.4670  -0.4162  -0.4024  -0.2857  -0.2741

          k =-0.5000-0.3032-0.1576 ( 27102 PWs)   bands (ev):

   -24.7545 -24.7545 -10.2119 -10.2119 -10.0150 -10.0150  -9.9506  -9.9506
    -6.0898  -6.0898  -5.3930  -5.3930  -1.7146  -1.7146  -1.3239  -1.3239
    -0.7162  -0.7162  -0.6117  -0.6117  -0.5073  -0.5073  -0.2509  -0.2509

          k = 0.0000 0.4042 0.0000 ( 27065 PWs)   bands (ev):

   -24.7566 -24.7551 -10.1931 -10.1722 -10.0702 -10.0507  -9.9054  -9.8918
    -6.2726  -5.9719  -5.4532  -5.3758  -1.9439  -1.7382  -1.2196  -0.8444
    -0.8301  -0.8041  -0.6196  -0.5984  -0.5215  -0.4438  -0.2662  -0.2572

          k =-0.5000-0.1011-0.7880 ( 27120 PWs)   bands (ev):

   -24.7413 -24.7413 -10.4352 -10.4352 -10.0162 -10.0162  -9.9935  -9.9935
    -5.7944  -5.7944  -5.2522  -5.2522  -2.3347  -2.3347  -1.3073  -1.3073
    -0.6948  -0.6948  -0.6026  -0.6026  -0.3955  -0.3955  -0.2934  -0.2934

          k = 0.0000 0.4042 0.3152 ( 27067 PWs)   bands (ev):

   -24.7515 -24.7502 -10.1678 -10.1391 -10.1133 -10.0909 -10.0127 -10.0104
    -6.0038  -5.7478  -5.5170  -5.4558  -1.8537  -1.8170  -1.4672  -1.1371
    -0.8611  -0.8191  -0.7377  -0.5349  -0.4150  -0.4078  -0.2429  -0.2315

          k =-0.5000-0.1011-0.4728 ( 27102 PWs)   bands (ev):

   -24.7463 -24.7463 -10.2794 -10.2794 -10.0772 -10.0772 -10.0040 -10.0040
    -5.7306  -5.7306  -5.4817  -5.4817  -1.9931  -1.9931  -1.4169  -1.4169
    -0.7409  -0.7409  -0.6300  -0.6300  -0.3832  -0.3832  -0.2859  -0.2859

          k = 0.0000 0.4042 0.6304 ( 27114 PWs)   bands (ev):

   -24.7429 -24.7425 -10.3923 -10.3907 -10.0320 -10.0309  -9.9984  -9.9978
    -5.8443  -5.8174  -5.3022  -5.2409  -2.1224  -2.1184  -1.4740  -1.3773
    -0.7653  -0.6406  -0.5889  -0.5846  -0.4478  -0.4367  -0.3551  -0.3082

          k =-0.5000-0.1011-0.1576 ( 27118 PWs)   bands (ev):

   -24.7545 -24.7545 -10.1695 -10.1695 -10.0643 -10.0643  -9.9468  -9.9468
    -6.0724  -6.0724  -5.4062  -5.4062  -1.7703  -1.7703  -1.1303  -1.1303
    -0.7741  -0.7741  -0.7411  -0.7411  -0.4750  -0.4750  -0.2718  -0.2718

          k = 0.2000 0.0000 0.0000 ( 27113 PWs)   bands (ev):

   -24.7579 -24.7538 -10.2270 -10.1997 -10.0331 -10.0113  -9.9164  -9.8809
    -6.5246  -5.8444  -5.3138  -5.3096  -2.2440  -1.3579  -1.3229  -1.1889
    -0.8323  -0.8286  -0.8124  -0.5938  -0.3903  -0.2982  -0.1733  -0.1175

          k =-0.3000-0.5053-0.7880 ( 27100 PWs)   bands (ev):

   -24.7413 -24.7413 -10.4245 -10.4245 -10.0155 -10.0155 -10.0084 -10.0084
    -5.7787  -5.7787  -5.2718  -5.2718  -2.1795  -2.1795  -1.6321  -1.6321
    -0.6435  -0.6435  -0.4854  -0.4854  -0.3844  -0.3844  -0.2583  -0.2583

          k = 0.2000 0.0000 0.3152 ( 27107 PWs)   bands (ev):

   -24.7525 -24.7492 -10.1700 -10.1617 -10.1020 -10.0988 -10.0105  -9.9854
    -6.1960  -5.6066  -5.4423  -5.4269  -1.9914  -1.7228  -1.6175  -1.0713
    -0.9434  -0.8789  -0.7626  -0.4865  -0.4804  -0.2415  -0.2204  -0.1816

          k =-0.3000-0.5053-0.4728 ( 27090 PWs)   bands (ev):

   -24.7463 -24.7463 -10.2660 -10.2660 -10.1079 -10.1079  -9.9877  -9.9877
    -5.7202  -5.7202  -5.4944  -5.4944  -1.9677  -1.9677  -1.4869  -1.4869
    -0.8133  -0.8133  -0.5245  -0.5245  -0.3535  -0.3535  -0.2578  -0.2578

          k = 0.2000 0.0000 0.6304 ( 27117 PWs)   bands (ev):

   -24.7433 -24.7421 -10.3858 -10.3822 -10.0558 -10.0404  -9.9987  -9.9858
    -5.7335  -5.6678  -5.4938  -5.3126  -2.1338  -2.0337  -1.6146  -1.3863
    -0.8459  -0.7733  -0.6357  -0.5044  -0.3752  -0.3691  -0.3140  -0.2469

          k =-0.3000-0.5053-0.1576 ( 27092 PWs)   bands (ev):

   -24.7545 -24.7545 -10.2127 -10.2127 -10.0132 -10.0132  -9.9514  -9.9514
    -6.0820  -6.0820  -5.4055  -5.4055  -1.7365  -1.7365  -1.3185  -1.3185
    -0.7403  -0.7403  -0.5815  -0.5815  -0.4671  -0.4671  -0.2575  -0.2575

          k = 0.2000 0.2021 0.0000 ( 27108 PWs)   bands (ev):

   -24.7575 -24.7542 -10.2372 -10.1746 -10.0669  -9.9971  -9.9130  -9.8842
    -6.4538  -5.8713  -5.4082  -5.2910  -2.1236  -1.5314  -1.3329  -1.0093
    -0.8645  -0.8042  -0.6777  -0.5693  -0.4753  -0.3935  -0.2508  -0.1023

          k =-0.3000-0.3032-0.7880 ( 27142 PWs)   bands (ev):

   -24.7413 -24.7413 -10.4320 -10.4217 -10.0184 -10.0162 -10.0097  -9.9967
    -5.8308  -5.6958  -5.3605  -5.2179  -2.2814  -2.1147  -1.6712  -1.4513
    -0.7060  -0.5996  -0.5569  -0.4871  -0.4216  -0.3687  -0.3344  -0.2219

          k = 0.2000 0.2021 0.3152 ( 27101 PWs)   bands (ev):

   -24.7522 -24.7495 -10.1794 -10.1431 -10.1218 -10.0871 -10.0132  -9.9862
    -6.1381  -5.6226  -5.5154  -5.4153  -1.9201  -1.7506  -1.6277  -1.0029
    -0.9724  -0.8726  -0.7406  -0.5051  -0.4576  -0.2734  -0.2560  -0.1839

          k =-0.3000-0.3032-0.4728 ( 27113 PWs)   bands (ev):

   -24.7468 -24.7458 -10.2754 -10.2614 -10.1226 -10.0764 -10.0047  -9.9814
    -5.8035  -5.6284  -5.5499  -5.4435  -1.9951  -1.9316  -1.5882  -1.3524
    -0.8577  -0.7463  -0.6403  -0.4722  -0.4453  -0.3434  -0.2876  -0.1926

          k = 0.2000 0.2021 0.6304 ( 27101 PWs)   bands (ev):

   -24.7432 -24.7422 -10.3905 -10.3793 -10.0607 -10.0295 -10.0002  -9.9879
    -5.8051  -5.6423  -5.4868  -5.2703  -2.1629  -2.0177  -1.6157  -1.4267
    -0.7657  -0.7153  -0.6234  -0.4820  -0.4599  -0.3728  -0.3419  -0.2161

          k =-0.3000-0.3032-0.1576 ( 27095 PWs)   bands (ev):

   -24.7553 -24.7536 -10.2251 -10.1737 -10.0598  -9.9923  -9.9585  -9.9448
    -6.2347  -5.9234  -5.4480  -5.3526  -1.8840  -1.6182  -1.4689  -1.0532
    -0.8726  -0.7166  -0.6706  -0.5642  -0.4888  -0.3768  -0.3612  -0.1641

          k = 0.2000 0.4042 0.0000 ( 27078 PWs)   bands (ev):

   -24.7565 -24.7552 -10.2246 -10.1869 -10.0574 -10.0145  -9.9040  -9.8931
    -6.2630  -6.0239  -5.4306  -5.3553  -1.8910  -1.7098  -1.2372  -0.8875
    -0.8731  -0.8416  -0.6999  -0.4959  -0.4906  -0.4253  -0.3461  -0.1975

          k =-0.3000-0.1011-0.7880 ( 27112 PWs)   bands (ev):

   -24.7413 -24.7413 -10.4340 -10.4278 -10.0172 -10.0161 -10.0023  -9.9942
    -5.8024  -5.7172  -5.3408  -5.2508  -2.2874  -2.2099  -1.4708  -1.3679
    -0.7226  -0.6348  -0.5853  -0.5767  -0.4336  -0.4194  -0.3436  -0.2421

          k = 0.2000 0.4042 0.3152 ( 27081 PWs)   bands (ev):

   -24.7513 -24.7503 -10.1761 -10.1537 -10.1133 -10.0873 -10.0097  -9.9944
    -5.9818  -5.7772  -5.5084  -5.4546  -1.8323  -1.7986  -1.5061  -1.2312
    -0.8462  -0.7665  -0.7182  -0.5411  -0.4116  -0.3335  -0.2789  -0.2417

          k =-0.3000-0.1011-0.4728 ( 27130 PWs)   bands (ev):

   -24.7472 -24.7455 -10.2787 -10.2680 -10.1061 -10.0689 -10.0111  -9.9869
    -5.8519  -5.6127  -5.5244  -5.4299  -2.0100  -1.8969  -1.6430  -1.2348
    -0.8752  -0.8117  -0.6643  -0.5358  -0.4072  -0.3293  -0.2942  -0.2237

          k = 0.2000 0.4042 0.6304 ( 27128 PWs)   bands (ev):

   -24.7429 -24.7425 -10.3901 -10.3834 -10.0519 -10.0334  -9.9971  -9.9912
    -5.8232  -5.7537  -5.3550  -5.2672  -2.1586  -2.0806  -1.5541  -1.4677
    -0.7515  -0.6705  -0.5512  -0.4688  -0.4524  -0.3846  -0.3483  -0.2580

          k =-0.3000-0.1011-0.1576 ( 27113 PWs)   bands (ev):

   -24.7558 -24.7531 -10.2052 -10.1621 -10.0686 -10.0197  -9.9607  -9.9376
    -6.3219  -5.8427  -5.4162  -5.3506  -2.0257  -1.5484  -1.4120  -1.0205
    -0.8520  -0.8032  -0.6796  -0.6307  -0.5627  -0.3122  -0.2895  -0.1628

          k = 0.4000 0.0000 0.0000 ( 27104 PWs)   bands (ev):

   -24.7566 -24.7551 -10.1866 -10.1726 -10.0698 -10.0583  -9.9054  -9.8919
    -6.2906  -6.0128  -5.3836  -5.3585  -1.9513  -1.6457  -1.0926  -0.9135
    -0.7897  -0.7879  -0.7693  -0.5972  -0.5805  -0.4937  -0.3575  -0.2494

          k =-0.1000-0.5053-0.7880 ( 27160 PWs)   bands (ev):

   -24.7413 -24.7413 -10.4333 -10.4333 -10.0126 -10.0126  -9.9969  -9.9969
    -5.8585  -5.8585  -5.1961  -5.1961  -2.2127  -2.2127  -1.4158  -1.4158
    -0.6755  -0.6755  -0.5581  -0.5581  -0.5022  -0.5022  -0.2902  -0.2902

          k = 0.4000 0.0000 0.3152 ( 27111 PWs)   bands (ev):

   -24.7515 -24.7502 -10.1551 -10.1342 -10.1314 -10.0986 -10.0170 -10.0000
    -6.0009  -5.7564  -5.4883  -5.4611  -1.8485  -1.7291  -1.5181  -1.1628
    -0.8682  -0.7896  -0.7878  -0.6460  -0.4204  -0.3354  -0.2492  -0.2403

          k =-0.1000-0.5053-0.4728 ( 27094 PWs)   bands (ev):

   -24.7463 -24.7463 -10.2782 -10.2782 -10.0746 -10.0746 -10.0063 -10.0063
    -5.7903  -5.7903  -5.4286  -5.4286  -1.9534  -1.9534  -1.4297  -1.4297
    -0.7983  -0.7983  -0.5273  -0.5273  -0.4350  -0.4350  -0.3008  -0.3008

          k = 0.4000 0.0000 0.6304 ( 27117 PWs)   bands (ev):

   -24.7429 -24.7425 -10.3941 -10.3926 -10.0390 -10.0273 -10.0018  -9.9912
    -5.7774  -5.7505  -5.3661  -5.2968  -2.2469  -2.2013  -1.4052  -1.2857
    -0.7327  -0.6826  -0.5857  -0.5398  -0.5190  -0.3352  -0.3333  -0.3169

          k =-0.1000-0.5053-0.1576 ( 27070 PWs)   bands (ev):

   -24.7545 -24.7545 -10.1734 -10.1734 -10.0584 -10.0584  -9.9480  -9.9480
    -6.0503  -6.0503  -5.4407  -5.4407  -1.8136  -1.8136  -1.1563  -1.1563
    -0.8029  -0.8029  -0.6011  -0.6011  -0.4790  -0.4790  -0.2488  -0.2488

          k = 0.4000 0.2021 0.0000 ( 27115 PWs)   bands (ev):

   -24.7565 -24.7552 -10.2231 -10.1853 -10.0593 -10.0163  -9.9041  -9.8931
    -6.2745  -6.0458  -5.3973  -5.3379  -1.8929  -1.6578  -1.1702  -0.8994
    -0.8506  -0.8157  -0.7826  -0.5859  -0.5260  -0.4512  -0.3523  -0.1978

          k =-0.1000-0.3032-0.7880 ( 27144 PWs)   bands (ev):

   -24.7413 -24.7413 -10.4328 -10.4266 -10.0140 -10.0126 -10.0068  -9.9962
    -5.8429  -5.7721  -5.2907  -5.2153  -2.2115  -2.0987  -1.5848  -1.4200
    -0.7076  -0.6834  -0.5573  -0.5496  -0.4558  -0.4268  -0.3257  -0.3053

          k = 0.4000 0.2021 0.3152 ( 27098 PWs)   bands (ev):

   -24.7513 -24.7503 -10.1722 -10.1511 -10.1204 -10.0916 -10.0090  -9.9917
    -5.9803  -5.7809  -5.4959  -5.4540  -1.8258  -1.7326  -1.5570  -1.2575
    -0.8118  -0.7884  -0.7231  -0.5792  -0.4265  -0.3418  -0.2727  -0.2342

          k =-0.1000-0.3032-0.4728 ( 27107 PWs)   bands (ev):

   -24.7472 -24.7455 -10.2782 -10.2671 -10.1027 -10.0712 -10.0086  -9.9900
    -5.8815  -5.6712  -5.4790  -5.3954  -1.9559  -1.9020  -1.6458  -1.2526
    -0.9324  -0.7417  -0.6870  -0.5043  -0.4146  -0.3342  -0.2998  -0.2486

          k = 0.4000 0.2021 0.6304 ( 27104 PWs)   bands (ev):

   -24.7429 -24.7425 -10.3913 -10.3846 -10.0531 -10.0342  -9.9968  -9.9896
    -5.7825  -5.6968  -5.4080  -5.3030  -2.2262  -2.1609  -1.4793  -1.4161
    -0.7220  -0.6735  -0.5718  -0.5435  -0.4396  -0.3634  -0.3050  -0.2223

          k =-0.1000-0.3032-0.1576 ( 27091 PWs)   bands (ev):

   -24.7558 -24.7531 -10.2082 -10.1614 -10.0683 -10.0149  -9.9608  -9.9393
    -6.3156  -5.8088  -5.4712  -5.3515  -2.0086  -1.6737  -1.4096  -0.9345
    -0.8778  -0.7766  -0.7290  -0.5255  -0.5003  -0.3980  -0.2205  -0.1702

          k = 0.4000 0.4042 0.0000 ( 27109 PWs)   bands (ev):

   -24.7561 -24.7556 -10.2444 -10.2285 -10.0125  -9.9931  -9.9006  -9.8964
    -6.2200  -6.1308  -5.3775  -5.3433  -1.7713  -1.6861  -1.2329  -1.0786
    -0.8950  -0.8790  -0.6754  -0.5324  -0.4427  -0.4131  -0.2988  -0.2049

          k =-0.1000-0.1011-0.7880 ( 27108 PWs)   bands (ev):

   -24.7413 -24.7413 -10.4258 -10.4218 -10.0178 -10.0162 -10.0086 -10.0043
    -5.7344  -5.6589  -5.4122  -5.3339  -2.1075  -2.0046  -1.6889  -1.5628
    -0.7172  -0.7004  -0.6236  -0.6235  -0.3988  -0.3712  -0.3045  -0.2481

          k = 0.4000 0.4042 0.3152 ( 27096 PWs)   bands (ev):

   -24.7510 -24.7506 -10.1852 -10.1769 -10.1045 -10.0929  -9.9917  -9.9838
    -5.9234  -5.8468  -5.4854  -5.4625  -1.7854  -1.7471  -1.5609  -1.4314
    -0.7538  -0.7264  -0.6238  -0.5300  -0.4075  -0.3749  -0.2994  -0.2367

          k =-0.1000-0.1011-0.4728 ( 27115 PWs)   bands (ev):

   -24.7477 -24.7450 -10.2693 -10.2570 -10.1195 -10.0948  -9.9965  -9.9806
    -5.9314  -5.5550  -5.5117  -5.4120  -1.9426  -1.8233  -1.7749  -1.1954
    -1.0227  -0.9601  -0.6644  -0.4080  -0.3806  -0.3223  -0.2552  -0.2168

          k = 0.4000 0.4042 0.6304 ( 27118 PWs)   bands (ev):

   -24.7428 -24.7426 -10.3810 -10.3766 -10.0642 -10.0543  -9.9905  -9.9886
    -5.7364  -5.6733  -5.4248  -5.3552  -2.1511  -2.0992  -1.6411  -1.5930
    -0.7202  -0.6825  -0.4974  -0.4753  -0.3790  -0.3685  -0.2335  -0.1868

          k =-0.1000-0.1011-0.1576 ( 27128 PWs)   bands (ev):

   -24.7566 -24.7523 -10.2231 -10.1894 -10.0273  -9.9936  -9.9715  -9.9371
    -6.4751  -5.7517  -5.3602  -5.2997  -2.2270  -1.5464  -1.3899  -1.1675
    -0.9589  -0.7433  -0.6841  -0.5924  -0.4795  -0.2248  -0.1438  -0.1027

     highest occupied level (ev):    -0.0550

     Writing config to output data dir ./_ph0/pwscf.q_8/pwscf.save/ :
     XML data file

                                                                                

     bravais-lattice index     =            8
     lattice parameter (alat)  =      13.6741  a.u.
     unit-cell volume          =    1605.3416 (a.u.)^3
     number of atoms/cell      =           22
     number of atomic types    =            3
     kinetic-energy cut-off    =     100.0000  Ry
     charge density cut-off    =     800.0000  Ry
     convergence threshold     =      1.0E-14
     beta                      =       0.7000
     number of iterations used =            4
     Exchange-correlation= PBESOL
                           (   1   4  10   8   0   0   0)


     celldm(1)=   13.67410  celldm(2)=    0.98958  celldm(3)=    0.63448
     celldm(4)=    0.00000  celldm(5)=    0.00000  celldm(6)=    0.00000

     crystal axes: (cart. coord. in units of alat)
               a(1) = (  1.0000  0.0000  0.0000 )  
               a(2) = (  0.0000  0.9896  0.0000 )  
               a(3) = (  0.0000  0.0000  0.6345 )  

     reciprocal axes: (cart. coord. in units 2 pi/alat)
               b(1) = (  1.0000  0.0000  0.0000 )  
               b(2) = (  0.0000  1.0105  0.0000 )  
               b(3) = (  0.0000  0.0000  1.5761 )  


     Atoms inside the unit cell: 

     Cartesian axes

     site n.  atom      mass           positions (alat units)
        1  Ba    137.3270   tau(    1) = (    0.50000    0.49479    0.31725  )
        2  Ba    137.3270   tau(    2) = (    0.00000    0.00000    0.63447  )
        3  B      10.8110   tau(    3) = (    0.64136    0.26486    0.00001  )
        4  B      10.8110   tau(    4) = (    0.35864    0.72472    0.00001  )
        5  B      10.8110   tau(    5) = (    0.14136    0.22993    0.31723  )
        6  B      10.8110   tau(    6) = (    0.85864    0.75965    0.31723  )
        7  H       1.0079   tau(    7) = (    0.47146    0.27914    0.00001  )
        8  H       1.0079   tau(    8) = (    0.52854    0.71045    0.00001  )
        9  H       1.0079   tau(    9) = (    0.97146    0.21566    0.31723  )
       10  H       1.0079   tau(   10) = (    0.02854    0.77393    0.31723  )
       11  H       1.0079   tau(   11) = (    0.71284    0.42013    0.00001  )
       12  H       1.0079   tau(   12) = (    0.28716    0.56945    0.00001  )
       13  H       1.0079   tau(   13) = (    0.21284    0.07466    0.31723  )
       14  H       1.0079   tau(   14) = (    0.78716    0.91492    0.31723  )
       15  H       1.0079   tau(   15) = (    0.68722    0.18184    0.49342  )
       16  H       1.0079   tau(   16) = (    0.31278    0.80775    0.49342  )
       17  H       1.0079   tau(   17) = (    0.18722    0.31295    0.45830  )
       18  H       1.0079   tau(   18) = (    0.81278    0.67663    0.45830  )
       19  H       1.0079   tau(   19) = (    0.31278    0.80775    0.14108  )
       20  H       1.0079   tau(   20) = (    0.68722    0.18184    0.14108  )
       21  H       1.0079   tau(   21) = (    0.81278    0.67663    0.17616  )
       22  H       1.0079   tau(   22) = (    0.18722    0.31296    0.17616  )

     Computing dynamical matrix for 
                    q = (  -0.5000000  -0.5052636  -0.7880444 )

      5 Sym.Ops. (with q -> -q+G )


     G cutoff = 3789.0269  (  25557 G-vectors)     FFT grid: (128,128, 80)
     G cutoff = 1894.5135  (   9039 G-vectors)  smooth grid: ( 90, 90, 60)
     number of k points=    54

     PseudoPot. # 1 for B  read from file:
     /home/mehlhorn/pseudos/b_pbesol_v1.4.uspp.F.UPF
     MD5 check sum: 369b69bef2c3aeed4453bd8b804fd6a8
     Pseudo is Ultrasoft + core correction, Zval =  3.0
     Generated by new atomic code, or converted to UPF format
     Using radial grid of  781 points,  4 beta functions with: 
                l(1) =   0
                l(2) =   0
                l(3) =   1
                l(4) =   1
     Q(r) pseudized with  8 coefficients,  rinner =    1.100   1.100   1.100


     PseudoPot. # 2 for Ba read from file:
     /home/mehlhorn/pseudos/Ba.nc.z_10.oncvpsp4.dojo.v4-sp.upf
     MD5 check sum: c10ed334bb677c0554edec7181ce9143
     Pseudo is Norm-conserving + core correction, Zval = 10.0
     Generated using ONCVPSP code by D. R. Hamann
     Using radial grid of 1938 points,  8 beta functions with: 
                l(1) =   0
                l(2) =   0
                l(3) =   1
                l(4) =   1
                l(5) =   2
                l(6) =   2
                l(7) =   3
                l(8) =   3

     PseudoPot. # 3 for H  read from file:
     /home/mehlhorn/pseudos/H_ONCV_PBEsol-1.0.upf
     MD5 check sum: 398ef8f67c0a7342c05c87c5e19ea467
     Pseudo is Norm-conserving, Zval =  1.0
     Generated using ONCVPSP code by D. R. Hamann
     Using radial grid of 1180 points,  2 beta functions with: 
                l(1) =   0
                l(2) =   0


     Atomic displacements:
     There are   33 irreducible representations

     Representation     1      2 modes -  To be done

     Representation     2      2 modes -  To be done

     Representation     3      2 modes -  To be done

     Representation     4      2 modes -  To be done

     Representation     5      2 modes -  To be done

     Representation     6      2 modes -  To be done

     Representation     7      2 modes -  To be done

     Representation     8      2 modes -  To be done

     Representation     9      2 modes -  To be done

     Representation    10      2 modes -  To be done

     Representation    11      2 modes -  To be done

     Representation    12      2 modes -  To be done

     Representation    13      2 modes -  To be done

     Representation    14      2 modes -  To be done

     Representation    15      2 modes -  To be done

     Representation    16      2 modes -  To be done

     Representation    17      2 modes -  To be done

     Representation    18      2 modes -  To be done

     Representation    19      2 modes -  To be done

     Representation    20      2 modes -  To be done

     Representation    21      2 modes -  To be done

     Representation    22      2 modes -  To be done

     Representation    23      2 modes -  To be done

     Representation    24      2 modes -  To be done

     Representation    25      2 modes -  To be done

     Representation    26      2 modes -  To be done

     Representation    27      2 modes -  To be done

     Representation    28      2 modes -  To be done

     Representation    29      2 modes -  To be done

     Representation    30      2 modes -  To be done

     Representation    31      2 modes -  To be done

     Representation    32      2 modes -  To be done

     Representation    33      2 modes -  To be done



     Alpha used in Ewald sum =   2.8000
     PHONON       :   3d 3h 8m CPU   3d 3h51m WALL



     Representation #   1 modes #   1   2

     Self-consistent Calculation

      iter #   1 total cpu time :273175.0 secs   av.it.:   3.0
      thresh= 1.000E-02 alpha_mix =  0.700 |ddv_scf|^2 =  7.610E-10

      iter #   2 total cpu time :273381.8 secs   av.it.:  16.3
      thresh= 2.759E-06 alpha_mix =  0.700 |ddv_scf|^2 =  3.705E-10

      iter #   3 total cpu time :273581.9 secs   av.it.:  15.9
      thresh= 1.925E-06 alpha_mix =  0.700 |ddv_scf|^2 =  3.831E-12

      iter #   4 total cpu time :273786.2 secs   av.it.:  16.0
      thresh= 1.957E-07 alpha_mix =  0.700 |ddv_scf|^2 =  2.618E-13

      iter #   5 total cpu time :273991.0 secs   av.it.:  16.1
      thresh= 5.116E-08 alpha_mix =  0.700 |ddv_scf|^2 =  1.327E-14

      iter #   6 total cpu time :274198.0 secs   av.it.:  16.3
      thresh= 1.152E-08 alpha_mix =  0.700 |ddv_scf|^2 =  1.213E-15

     End of self-consistent calculation

     Convergence has been achieved 


     Representation #   2 modes #   3   4

     Self-consistent Calculation

      iter #   1 total cpu time :274304.4 secs   av.it.:   5.0
      thresh= 1.000E-02 alpha_mix =  0.700 |ddv_scf|^2 =  6.270E-09

      iter #   2 total cpu time :274514.6 secs   av.it.:  16.9
      thresh= 7.918E-06 alpha_mix =  0.700 |ddv_scf|^2 =  4.095E-09

      iter #   3 total cpu time :274718.6 secs   av.it.:  15.9
      thresh= 6.399E-06 alpha_mix =  0.700 |ddv_scf|^2 =  1.800E-11

      iter #   4 total cpu time :274930.4 secs   av.it.:  16.9
      thresh= 4.243E-07 alpha_mix =  0.700 |ddv_scf|^2 =  1.759E-12

      iter #   5 total cpu time :275137.8 secs   av.it.:  16.6
      thresh= 1.326E-07 alpha_mix =  0.700 |ddv_scf|^2 =  1.569E-13

      iter #   6 total cpu time :275344.1 secs   av.it.:  16.8
      thresh= 3.961E-08 alpha_mix =  0.700 |ddv_scf|^2 =  7.675E-15

     End of self-consistent calculation

     Convergence has been achieved 


     Representation #   3 modes #   5   6

     Self-consistent Calculation

      iter #   1 total cpu time :275435.7 secs   av.it.:   3.2
      thresh= 1.000E-02 alpha_mix =  0.700 |ddv_scf|^2 =  8.081E-10

      iter #   2 total cpu time :275648.2 secs   av.it.:  16.9
      thresh= 2.843E-06 alpha_mix =  0.700 |ddv_scf|^2 =  4.635E-10

      iter #   3 total cpu time :275850.0 secs   av.it.:  16.0
      thresh= 2.153E-06 alpha_mix =  0.700 |ddv_scf|^2 =  3.056E-12

      iter #   4 total cpu time :276056.8 secs   av.it.:  16.9
      thresh= 1.748E-07 alpha_mix =  0.700 |ddv_scf|^2 =  2.717E-13

      iter #   5 total cpu time :276268.3 secs   av.it.:  16.9
      thresh= 5.213E-08 alpha_mix =  0.700 |ddv_scf|^2 =  2.686E-14

      iter #   6 total cpu time :276479.4 secs   av.it.:  16.0
      thresh= 1.639E-08 alpha_mix =  0.700 |ddv_scf|^2 =  1.907E-15

     End of self-consistent calculation

     Convergence has been achieved 


     Representation #   4 modes #   7   8

     Self-consistent Calculation

      iter #   1 total cpu time :276571.6 secs   av.it.:   3.1
      thresh= 1.000E-02 alpha_mix =  0.700 |ddv_scf|^2 =  9.685E-10

      iter #   2 total cpu time :276782.4 secs   av.it.:  16.9
      thresh= 3.112E-06 alpha_mix =  0.700 |ddv_scf|^2 =  5.255E-10

      iter #   3 total cpu time :276986.3 secs   av.it.:  16.0
      thresh= 2.292E-06 alpha_mix =  0.700 |ddv_scf|^2 =  1.307E-12

      iter #   4 total cpu time :277197.0 secs   av.it.:  16.9
      thresh= 1.143E-07 alpha_mix =  0.700 |ddv_scf|^2 =  4.073E-14

      iter #   5 total cpu time :277406.3 secs   av.it.:  16.9
      thresh= 2.018E-08 alpha_mix =  0.700 |ddv_scf|^2 =  6.820E-15

     End of self-consistent calculation

     Convergence has been achieved 


     Representation #   5 modes #   9  10

     Self-consistent Calculation

      iter #   1 total cpu time :277511.6 secs   av.it.:   5.0
      thresh= 1.000E-02 alpha_mix =  0.700 |ddv_scf|^2 =  8.140E-09

      iter #   2 total cpu time :277722.4 secs   av.it.:  16.8
      thresh= 9.022E-06 alpha_mix =  0.700 |ddv_scf|^2 =  5.187E-09

      iter #   3 total cpu time :277923.5 secs   av.it.:  15.9
      thresh= 7.202E-06 alpha_mix =  0.700 |ddv_scf|^2 =  3.738E-12

      iter #   4 total cpu time :278142.2 secs   av.it.:  16.9
      thresh= 1.933E-07 alpha_mix =  0.700 |ddv_scf|^2 =  3.700E-13

      iter #   5 total cpu time :278353.1 secs   av.it.:  16.8
      thresh= 6.083E-08 alpha_mix =  0.700 |ddv_scf|^2 =  1.248E-14

      iter #   6 total cpu time :278566.5 secs   av.it.:  16.9
      thresh= 1.117E-08 alpha_mix =  0.700 |ddv_scf|^2 =  6.431E-16

     End of self-consistent calculation

     Convergence has been achieved 


     Representation #   6 modes #  11  12

     Self-consistent Calculation

      iter #   1 total cpu time :278656.7 secs   av.it.:   3.0
      thresh= 1.000E-02 alpha_mix =  0.700 |ddv_scf|^2 =  5.078E-10

      iter #   2 total cpu time :278869.3 secs   av.it.:  16.9
      thresh= 2.253E-06 alpha_mix =  0.700 |ddv_scf|^2 =  2.450E-10

      iter #   3 total cpu time :279074.2 secs   av.it.:  16.0
      thresh= 1.565E-06 alpha_mix =  0.700 |ddv_scf|^2 =  1.883E-12

      iter #   4 total cpu time :279284.3 secs   av.it.:  16.8
      thresh= 1.372E-07 alpha_mix =  0.700 |ddv_scf|^2 =  8.356E-14

      iter #   5 total cpu time :279496.9 secs   av.it.:  16.9
      thresh= 2.891E-08 alpha_mix =  0.700 |ddv_scf|^2 =  3.706E-15

     End of self-consistent calculation

     Convergence has been achieved 


     Representation #   7 modes #  13  14

     Self-consistent Calculation

      iter #   1 total cpu time :279589.4 secs   av.it.:   3.1
      thresh= 1.000E-02 alpha_mix =  0.700 |ddv_scf|^2 =  6.344E-10

      iter #   2 total cpu time :279806.4 secs   av.it.:  16.9
      thresh= 2.519E-06 alpha_mix =  0.700 |ddv_scf|^2 =  3.112E-10

      iter #   3 total cpu time :280009.0 secs   av.it.:  16.0
      thresh= 1.764E-06 alpha_mix =  0.700 |ddv_scf|^2 =  1.602E-12

      iter #   4 total cpu time :280218.2 secs   av.it.:  16.9
      thresh= 1.266E-07 alpha_mix =  0.700 |ddv_scf|^2 =  5.656E-14

      iter #   5 total cpu time :280436.3 secs   av.it.:  16.9
      thresh= 2.378E-08 alpha_mix =  0.700 |ddv_scf|^2 =  5.626E-15

     End of self-consistent calculation

     Convergence has been achieved 


     Representation #   8 modes #  15  16

     Self-consistent Calculation

      iter #   1 total cpu time :280529.8 secs   av.it.:   3.8
      thresh= 1.000E-02 alpha_mix =  0.700 |ddv_scf|^2 =  8.648E-10

      iter #   2 total cpu time :280744.0 secs   av.it.:  16.9
      thresh= 2.941E-06 alpha_mix =  0.700 |ddv_scf|^2 =  4.995E-10

      iter #   3 total cpu time :280951.0 secs   av.it.:  16.0
      thresh= 2.235E-06 alpha_mix =  0.700 |ddv_scf|^2 =  1.084E-12

      iter #   4 total cpu time :281167.5 secs   av.it.:  16.9
      thresh= 1.041E-07 alpha_mix =  0.700 |ddv_scf|^2 =  9.240E-14

      iter #   5 total cpu time :281382.1 secs   av.it.:  16.9
      thresh= 3.040E-08 alpha_mix =  0.700 |ddv_scf|^2 =  5.411E-15

     End of self-consistent calculation

     Convergence has been achieved 


     Representation #   9 modes #  17  18

     Self-consistent Calculation

      iter #   1 total cpu time :281473.7 secs   av.it.:   3.1
      thresh= 1.000E-02 alpha_mix =  0.700 |ddv_scf|^2 =  6.823E-10

      iter #   2 total cpu time :281686.7 secs   av.it.:  16.9
      thresh= 2.612E-06 alpha_mix =  0.700 |ddv_scf|^2 =  3.516E-10

      iter #   3 total cpu time :281893.3 secs   av.it.:  16.0
      thresh= 1.875E-06 alpha_mix =  0.700 |ddv_scf|^2 =  2.973E-12

      iter #   4 total cpu time :282098.2 secs   av.it.:  16.8
      thresh= 1.724E-07 alpha_mix =  0.700 |ddv_scf|^2 =  2.727E-13

      iter #   5 total cpu time :282302.9 secs   av.it.:  16.4
      thresh= 5.222E-08 alpha_mix =  0.700 |ddv_scf|^2 =  2.015E-14

      iter #   6 total cpu time :282507.2 secs   av.it.:  16.0
      thresh= 1.420E-08 alpha_mix =  0.700 |ddv_scf|^2 =  7.552E-16

     End of self-consistent calculation

     Convergence has been achieved 


     Representation #  10 modes #  19  20

     Self-consistent Calculation

      iter #   1 total cpu time :282599.6 secs   av.it.:   3.1
      thresh= 1.000E-02 alpha_mix =  0.700 |ddv_scf|^2 =  5.480E-10

      iter #   2 total cpu time :282818.7 secs   av.it.:  16.9
      thresh= 2.341E-06 alpha_mix =  0.700 |ddv_scf|^2 =  3.791E-10

      iter #   3 total cpu time :283027.7 secs   av.it.:  15.9
      thresh= 1.947E-06 alpha_mix =  0.700 |ddv_scf|^2 =  9.730E-13

      iter #   4 total cpu time :283243.2 secs   av.it.:  16.9
      thresh= 9.864E-08 alpha_mix =  0.700 |ddv_scf|^2 =  2.500E-13

      iter #   5 total cpu time :283450.9 secs   av.it.:  16.8
      thresh= 5.000E-08 alpha_mix =  0.700 |ddv_scf|^2 =  2.349E-14

      iter #   6 total cpu time :283658.5 secs   av.it.:  16.0
      thresh= 1.533E-08 alpha_mix =  0.700 |ddv_scf|^2 =  1.315E-15

     End of self-consistent calculation

     Convergence has been achieved 


     Representation #  11 modes #  21  22

     Self-consistent Calculation

      iter #   1 total cpu time :283787.2 secs   av.it.:   6.8
      thresh= 1.000E-02 alpha_mix =  0.700 |ddv_scf|^2 =  5.258E-08

      iter #   2 total cpu time :283995.3 secs   av.it.:  16.9
      thresh= 2.293E-05 alpha_mix =  0.700 |ddv_scf|^2 =  3.705E-08

      iter #   3 total cpu time :284202.1 secs   av.it.:  16.0
      thresh= 1.925E-05 alpha_mix =  0.700 |ddv_scf|^2 =  1.353E-10

      iter #   4 total cpu time :284415.4 secs   av.it.:  16.1
      thresh= 1.163E-06 alpha_mix =  0.700 |ddv_scf|^2 =  3.408E-12

      iter #   5 total cpu time :284632.4 secs   av.it.:  16.9
      thresh= 1.846E-07 alpha_mix =  0.700 |ddv_scf|^2 =  2.386E-13

      iter #   6 total cpu time :284849.4 secs   av.it.:  16.5
      thresh= 4.885E-08 alpha_mix =  0.700 |ddv_scf|^2 =  1.668E-14

      iter #   7 total cpu time :285066.6 secs   av.it.:  16.8
      thresh= 1.292E-08 alpha_mix =  0.700 |ddv_scf|^2 =  1.679E-15

     End of self-consistent calculation

     Convergence has been achieved 


     Representation #  12 modes #  23  24

     Self-consistent Calculation

      iter #   1 total cpu time :285161.6 secs   av.it.:   3.4
      thresh= 1.000E-02 alpha_mix =  0.700 |ddv_scf|^2 =  8.152E-10

      iter #   2 total cpu time :285380.5 secs   av.it.:  16.9
      thresh= 2.855E-06 alpha_mix =  0.700 |ddv_scf|^2 =  4.485E-10

      iter #   3 total cpu time :285588.2 secs   av.it.:  16.0
      thresh= 2.118E-06 alpha_mix =  0.700 |ddv_scf|^2 =  1.178E-12

      iter #   4 total cpu time :285810.5 secs   av.it.:  16.9
      thresh= 1.085E-07 alpha_mix =  0.700 |ddv_scf|^2 =  7.302E-14

      iter #   5 total cpu time :286031.3 secs   av.it.:  16.9
      thresh= 2.702E-08 alpha_mix =  0.700 |ddv_scf|^2 =  5.547E-15

     End of self-consistent calculation

     Convergence has been achieved 


     Representation #  13 modes #  25  26

     Self-consistent Calculation

      iter #   1 total cpu time :286135.1 secs   av.it.:   4.2
      thresh= 1.000E-02 alpha_mix =  0.700 |ddv_scf|^2 =  2.788E-09

      iter #   2 total cpu time :286345.2 secs   av.it.:  16.9
      thresh= 5.280E-06 alpha_mix =  0.700 |ddv_scf|^2 =  1.033E-09

      iter #   3 total cpu time :286550.8 secs   av.it.:  16.0
      thresh= 3.214E-06 alpha_mix =  0.700 |ddv_scf|^2 =  1.781E-11

      iter #   4 total cpu time :286755.0 secs   av.it.:  16.2
      thresh= 4.220E-07 alpha_mix =  0.700 |ddv_scf|^2 =  6.542E-13

      iter #   5 total cpu time :286969.3 secs   av.it.:  16.9
      thresh= 8.088E-08 alpha_mix =  0.700 |ddv_scf|^2 =  4.042E-14

      iter #   6 total cpu time :287190.0 secs   av.it.:  16.9
      thresh= 2.010E-08 alpha_mix =  0.700 |ddv_scf|^2 =  8.483E-16

     End of self-consistent calculation

     Convergence has been achieved 


     Representation #  14 modes #  27  28

     Self-consistent Calculation

      iter #   1 total cpu time :287282.9 secs   av.it.:   3.3
      thresh= 1.000E-02 alpha_mix =  0.700 |ddv_scf|^2 =  4.224E-10

      iter #   2 total cpu time :287508.3 secs   av.it.:  16.9
      thresh= 2.055E-06 alpha_mix =  0.700 |ddv_scf|^2 =  2.066E-10

      iter #   3 total cpu time :287720.9 secs   av.it.:  16.0
      thresh= 1.437E-06 alpha_mix =  0.700 |ddv_scf|^2 =  1.650E-12

      iter #   4 total cpu time :287935.2 secs   av.it.:  16.9
      thresh= 1.284E-07 alpha_mix =  0.700 |ddv_scf|^2 =  1.054E-13

      iter #   5 total cpu time :288146.1 secs   av.it.:  16.9
      thresh= 3.246E-08 alpha_mix =  0.700 |ddv_scf|^2 =  3.291E-15

     End of self-consistent calculation

     Convergence has been achieved 


     Representation #  15 modes #  29  30

     Self-consistent Calculation

      iter #   1 total cpu time :288236.3 secs   av.it.:   3.0
      thresh= 1.000E-02 alpha_mix =  0.700 |ddv_scf|^2 =  7.014E-10

      iter #   2 total cpu time :288446.9 secs   av.it.:  16.8
      thresh= 2.648E-06 alpha_mix =  0.700 |ddv_scf|^2 =  3.647E-10

      iter #   3 total cpu time :288659.4 secs   av.it.:  16.0
      thresh= 1.910E-06 alpha_mix =  0.700 |ddv_scf|^2 =  2.607E-12

      iter #   4 total cpu time :288878.0 secs   av.it.:  16.6
      thresh= 1.615E-07 alpha_mix =  0.700 |ddv_scf|^2 =  2.551E-13

      iter #   5 total cpu time :289096.3 secs   av.it.:  16.6
      thresh= 5.050E-08 alpha_mix =  0.700 |ddv_scf|^2 =  2.015E-14

      iter #   6 total cpu time :289312.3 secs   av.it.:  16.0
      thresh= 1.419E-08 alpha_mix =  0.700 |ddv_scf|^2 =  5.210E-16

     End of self-consistent calculation

     Convergence has been achieved 


     Representation #  16 modes #  31  32

     Self-consistent Calculation

      iter #   1 total cpu time :289439.0 secs   av.it.:   6.4
      thresh= 1.000E-02 alpha_mix =  0.700 |ddv_scf|^2 =  2.398E-08

      iter #   2 total cpu time :289649.3 secs   av.it.:  16.9
      thresh= 1.549E-05 alpha_mix =  0.700 |ddv_scf|^2 =  1.088E-08

      iter #   3 total cpu time :289854.9 secs   av.it.:  16.0
      thresh= 1.043E-05 alpha_mix =  0.700 |ddv_scf|^2 =  7.382E-11

      iter #   4 total cpu time :290068.9 secs   av.it.:  16.9
      thresh= 8.592E-07 alpha_mix =  0.700 |ddv_scf|^2 =  2.692E-12

      iter #   5 total cpu time :290286.7 secs   av.it.:  16.9
      thresh= 1.641E-07 alpha_mix =  0.700 |ddv_scf|^2 =  5.412E-14

      iter #   6 total cpu time :290504.0 secs   av.it.:  16.9
      thresh= 2.326E-08 alpha_mix =  0.700 |ddv_scf|^2 =  6.383E-15

     End of self-consistent calculation

     Convergence has been achieved 


     Representation #  17 modes #  33  34

     Self-consistent Calculation

      iter #   1 total cpu time :290596.0 secs   av.it.:   3.0
      thresh= 1.000E-02 alpha_mix =  0.700 |ddv_scf|^2 =  5.775E-10

      iter #   2 total cpu time :290815.9 secs   av.it.:  16.9
      thresh= 2.403E-06 alpha_mix =  0.700 |ddv_scf|^2 =  3.713E-10

      iter #   3 total cpu time :291027.3 secs   av.it.:  15.9
      thresh= 1.927E-06 alpha_mix =  0.700 |ddv_scf|^2 =  1.263E-12

      iter #   4 total cpu time :291246.2 secs   av.it.:  16.9
      thresh= 1.124E-07 alpha_mix =  0.700 |ddv_scf|^2 =  4.036E-13

      iter #   5 total cpu time :291457.4 secs   av.it.:  16.0
      thresh= 6.353E-08 alpha_mix =  0.700 |ddv_scf|^2 =  1.108E-14

      iter #   6 total cpu time :291663.9 secs   av.it.:  16.0
      thresh= 1.052E-08 alpha_mix =  0.700 |ddv_scf|^2 =  8.281E-16

     End of self-consistent calculation

     Convergence has been achieved 


     Representation #  18 modes #  35  36

     Self-consistent Calculation

      iter #   1 total cpu time :291752.8 secs   av.it.:   3.0
      thresh= 1.000E-02 alpha_mix =  0.700 |ddv_scf|^2 =  2.459E-10

      iter #   2 total cpu time :291965.6 secs   av.it.:  16.9
      thresh= 1.568E-06 alpha_mix =  0.700 |ddv_scf|^2 =  1.149E-10

      iter #   3 total cpu time :292170.2 secs   av.it.:  16.0
      thresh= 1.072E-06 alpha_mix =  0.700 |ddv_scf|^2 =  2.476E-12

      iter #   4 total cpu time :292378.3 secs   av.it.:  16.5
      thresh= 1.574E-07 alpha_mix =  0.700 |ddv_scf|^2 =  1.147E-13

      iter #   5 total cpu time :292587.1 secs   av.it.:  16.8
      thresh= 3.387E-08 alpha_mix =  0.700 |ddv_scf|^2 =  8.512E-15

     End of self-consistent calculation

     Convergence has been achieved 


     Representation #  19 modes #  37  38

     Self-consistent Calculation

      iter #   1 total cpu time :292676.9 secs   av.it.:   3.0
      thresh= 1.000E-02 alpha_mix =  0.700 |ddv_scf|^2 =  4.739E-10

      iter #   2 total cpu time :292890.2 secs   av.it.:  16.9
      thresh= 2.177E-06 alpha_mix =  0.700 |ddv_scf|^2 =  2.365E-10

      iter #   3 total cpu time :293093.8 secs   av.it.:  16.1
      thresh= 1.538E-06 alpha_mix =  0.700 |ddv_scf|^2 =  1.865E-12

      iter #   4 total cpu time :293299.5 secs   av.it.:  16.6
      thresh= 1.366E-07 alpha_mix =  0.700 |ddv_scf|^2 =  8.975E-14

      iter #   5 total cpu time :293510.4 secs   av.it.:  16.9
      thresh= 2.996E-08 alpha_mix =  0.700 |ddv_scf|^2 =  4.714E-15

     End of self-consistent calculation

     Convergence has been achieved 


     Representation #  20 modes #  39  40

     Self-consistent Calculation

      iter #   1 total cpu time :293599.4 secs   av.it.:   3.0
      thresh= 1.000E-02 alpha_mix =  0.700 |ddv_scf|^2 =  1.222E-09

      iter #   2 total cpu time :293807.0 secs   av.it.:  16.8
      thresh= 3.496E-06 alpha_mix =  0.700 |ddv_scf|^2 =  8.796E-10

      iter #   3 total cpu time :294007.5 secs   av.it.:  15.9
      thresh= 2.966E-06 alpha_mix =  0.700 |ddv_scf|^2 =  1.518E-12

      iter #   4 total cpu time :294218.0 secs   av.it.:  16.9
      thresh= 1.232E-07 alpha_mix =  0.700 |ddv_scf|^2 =  3.255E-13

      iter #   5 total cpu time :294423.6 secs   av.it.:  16.1
      thresh= 5.705E-08 alpha_mix =  0.700 |ddv_scf|^2 =  7.219E-15

     End of self-consistent calculation

     Convergence has been achieved 


     Representation #  21 modes #  41  42

     Self-consistent Calculation

      iter #   1 total cpu time :294511.7 secs   av.it.:   3.0
      thresh= 1.000E-02 alpha_mix =  0.700 |ddv_scf|^2 =  3.352E-10

      iter #   2 total cpu time :294732.1 secs   av.it.:  16.8
      thresh= 1.831E-06 alpha_mix =  0.700 |ddv_scf|^2 =  1.172E-10

      iter #   3 total cpu time :294947.5 secs   av.it.:  16.0
      thresh= 1.083E-06 alpha_mix =  0.700 |ddv_scf|^2 =  2.641E-12

      iter #   4 total cpu time :295166.0 secs   av.it.:  16.6
      thresh= 1.625E-07 alpha_mix =  0.700 |ddv_scf|^2 =  4.511E-14

      iter #   5 total cpu time :295387.1 secs   av.it.:  16.9
      thresh= 2.124E-08 alpha_mix =  0.700 |ddv_scf|^2 =  2.795E-15

     End of self-consistent calculation

     Convergence has been achieved 


     Representation #  22 modes #  43  44

     Self-consistent Calculation

      iter #   1 total cpu time :295491.5 secs   av.it.:   5.0
      thresh= 1.000E-02 alpha_mix =  0.700 |ddv_scf|^2 =  6.364E-09

      iter #   2 total cpu time :295703.8 secs   av.it.:  16.9
      thresh= 7.977E-06 alpha_mix =  0.700 |ddv_scf|^2 =  4.659E-09

      iter #   3 total cpu time :295902.0 secs   av.it.:  15.9
      thresh= 6.826E-06 alpha_mix =  0.700 |ddv_scf|^2 =  1.176E-11

      iter #   4 total cpu time :296110.5 secs   av.it.:  16.9
      thresh= 3.430E-07 alpha_mix =  0.700 |ddv_scf|^2 =  9.171E-13

      iter #   5 total cpu time :296317.2 secs   av.it.:  16.9
      thresh= 9.576E-08 alpha_mix =  0.700 |ddv_scf|^2 =  2.102E-13

      iter #   6 total cpu time :296522.7 secs   av.it.:  16.1
      thresh= 4.585E-08 alpha_mix =  0.700 |ddv_scf|^2 =  1.051E-15

     End of self-consistent calculation

     Convergence has been achieved 


     Representation #  23 modes #  45  46

     Self-consistent Calculation

      iter #   1 total cpu time :296614.4 secs   av.it.:   3.0
      thresh= 1.000E-02 alpha_mix =  0.700 |ddv_scf|^2 =  4.581E-10

      iter #   2 total cpu time :296833.8 secs   av.it.:  16.9
      thresh= 2.140E-06 alpha_mix =  0.700 |ddv_scf|^2 =  2.677E-10

      iter #   3 total cpu time :297044.3 secs   av.it.:  15.9
      thresh= 1.636E-06 alpha_mix =  0.700 |ddv_scf|^2 =  1.662E-12

      iter #   4 total cpu time :297262.0 secs   av.it.:  16.9
      thresh= 1.289E-07 alpha_mix =  0.700 |ddv_scf|^2 =  2.607E-13

      iter #   5 total cpu time :297479.0 secs   av.it.:  16.9
      thresh= 5.106E-08 alpha_mix =  0.700 |ddv_scf|^2 =  1.998E-14

      iter #   6 total cpu time :297689.3 secs   av.it.:  16.0
      thresh= 1.413E-08 alpha_mix =  0.700 |ddv_scf|^2 =  1.194E-15

     End of self-consistent calculation

     Convergence has been achieved 


     Representation #  24 modes #  47  48

     Self-consistent Calculation

      iter #   1 total cpu time :297795.9 secs   av.it.:   4.6
      thresh= 1.000E-02 alpha_mix =  0.700 |ddv_scf|^2 =  2.444E-09

      iter #   2 total cpu time :298007.3 secs   av.it.:  16.9
      thresh= 4.944E-06 alpha_mix =  0.700 |ddv_scf|^2 =  7.716E-10

      iter #   3 total cpu time :298213.3 secs   av.it.:  16.0
      thresh= 2.778E-06 alpha_mix =  0.700 |ddv_scf|^2 =  1.551E-11

      iter #   4 total cpu time :298422.4 secs   av.it.:  16.9
      thresh= 3.939E-07 alpha_mix =  0.700 |ddv_scf|^2 =  7.825E-13

      iter #   5 total cpu time :298633.0 secs   av.it.:  16.9
      thresh= 8.846E-08 alpha_mix =  0.700 |ddv_scf|^2 =  6.686E-14

      iter #   6 total cpu time :298841.1 secs   av.it.:  16.9
      thresh= 2.586E-08 alpha_mix =  0.700 |ddv_scf|^2 =  7.804E-16

     End of self-consistent calculation

     Convergence has been achieved 


     Representation #  25 modes #  49  50

     Self-consistent Calculation

      iter #   1 total cpu time :298933.3 secs   av.it.:   3.5
      thresh= 1.000E-02 alpha_mix =  0.700 |ddv_scf|^2 =  7.902E-10

      iter #   2 total cpu time :299145.5 secs   av.it.:  16.9
      thresh= 2.811E-06 alpha_mix =  0.700 |ddv_scf|^2 =  4.846E-10

      iter #   3 total cpu time :299349.2 secs   av.it.:  16.0
      thresh= 2.201E-06 alpha_mix =  0.700 |ddv_scf|^2 =  1.423E-12

      iter #   4 total cpu time :299562.1 secs   av.it.:  16.9
      thresh= 1.193E-07 alpha_mix =  0.700 |ddv_scf|^2 =  2.288E-13

      iter #   5 total cpu time :299770.1 secs   av.it.:  16.6
      thresh= 4.783E-08 alpha_mix =  0.700 |ddv_scf|^2 =  2.267E-14

      iter #   6 total cpu time :299976.0 secs   av.it.:  16.1
      thresh= 1.506E-08 alpha_mix =  0.700 |ddv_scf|^2 =  7.473E-16

     End of self-consistent calculation

     Convergence has been achieved 


     Representation #  26 modes #  51  52

     Self-consistent Calculation

      iter #   1 total cpu time :300103.9 secs   av.it.:   6.5
      thresh= 1.000E-02 alpha_mix =  0.700 |ddv_scf|^2 =  2.767E-08

      iter #   2 total cpu time :300321.9 secs   av.it.:  16.9
      thresh= 1.664E-05 alpha_mix =  0.700 |ddv_scf|^2 =  1.694E-08

      iter #   3 total cpu time :300533.9 secs   av.it.:  16.0
      thresh= 1.301E-05 alpha_mix =  0.700 |ddv_scf|^2 =  4.285E-11

      iter #   4 total cpu time :300746.3 secs   av.it.:  16.9
      thresh= 6.546E-07 alpha_mix =  0.700 |ddv_scf|^2 =  2.389E-12

      iter #   5 total cpu time :300953.4 secs   av.it.:  16.9
      thresh= 1.546E-07 alpha_mix =  0.700 |ddv_scf|^2 =  9.625E-14

      iter #   6 total cpu time :301162.7 secs   av.it.:  16.9
      thresh= 3.102E-08 alpha_mix =  0.700 |ddv_scf|^2 =  3.401E-15

     End of self-consistent calculation

     Convergence has been achieved 


     Representation #  27 modes #  53  54

     Self-consistent Calculation

      iter #   1 total cpu time :301254.2 secs   av.it.:   3.3
      thresh= 1.000E-02 alpha_mix =  0.700 |ddv_scf|^2 =  5.195E-10

      iter #   2 total cpu time :301467.7 secs   av.it.:  16.9
      thresh= 2.279E-06 alpha_mix =  0.700 |ddv_scf|^2 =  3.208E-10

      iter #   3 total cpu time :301674.9 secs   av.it.:  16.0
      thresh= 1.791E-06 alpha_mix =  0.700 |ddv_scf|^2 =  1.015E-12

      iter #   4 total cpu time :301894.2 secs   av.it.:  16.9
      thresh= 1.007E-07 alpha_mix =  0.700 |ddv_scf|^2 =  1.313E-13

      iter #   5 total cpu time :302110.2 secs   av.it.:  16.9
      thresh= 3.623E-08 alpha_mix =  0.700 |ddv_scf|^2 =  3.893E-15

     End of self-consistent calculation

     Convergence has been achieved 


     Representation #  28 modes #  55  56

     Self-consistent Calculation

      iter #   1 total cpu time :302215.0 secs   av.it.:   4.7
      thresh= 1.000E-02 alpha_mix =  0.700 |ddv_scf|^2 =  3.557E-09

      iter #   2 total cpu time :302431.4 secs   av.it.:  16.9
      thresh= 5.964E-06 alpha_mix =  0.700 |ddv_scf|^2 =  2.006E-09

      iter #   3 total cpu time :302634.1 secs   av.it.:  16.0
      thresh= 4.479E-06 alpha_mix =  0.700 |ddv_scf|^2 =  2.355E-11

      iter #   4 total cpu time :302840.1 secs   av.it.:  16.8
      thresh= 4.853E-07 alpha_mix =  0.700 |ddv_scf|^2 =  1.139E-12

      iter #   5 total cpu time :303047.6 secs   av.it.:  16.9
      thresh= 1.067E-07 alpha_mix =  0.700 |ddv_scf|^2 =  1.217E-13

      iter #   6 total cpu time :303263.9 secs   av.it.:  16.9
      thresh= 3.489E-08 alpha_mix =  0.700 |ddv_scf|^2 =  4.882E-15

     End of self-consistent calculation

     Convergence has been achieved 


     Representation #  29 modes #  57  58

     Self-consistent Calculation

      iter #   1 total cpu time :303355.1 secs   av.it.:   3.0
      thresh= 1.000E-02 alpha_mix =  0.700 |ddv_scf|^2 =  5.891E-10

      iter #   2 total cpu time :303563.8 secs   av.it.:  16.9
      thresh= 2.427E-06 alpha_mix =  0.700 |ddv_scf|^2 =  2.491E-10

      iter #   3 total cpu time :303766.3 secs   av.it.:  16.0
      thresh= 1.578E-06 alpha_mix =  0.700 |ddv_scf|^2 =  2.467E-12

      iter #   4 total cpu time :303974.5 secs   av.it.:  16.9
      thresh= 1.571E-07 alpha_mix =  0.700 |ddv_scf|^2 =  7.720E-14

      iter #   5 total cpu time :304187.6 secs   av.it.:  16.9
      thresh= 2.779E-08 alpha_mix =  0.700 |ddv_scf|^2 =  4.684E-15

     End of self-consistent calculation

     Convergence has been achieved 


     Representation #  30 modes #  59  60

     Self-consistent Calculation

      iter #   1 total cpu time :304277.2 secs   av.it.:   3.0
      thresh= 1.000E-02 alpha_mix =  0.700 |ddv_scf|^2 =  5.334E-10

      iter #   2 total cpu time :304486.1 secs   av.it.:  16.9
      thresh= 2.310E-06 alpha_mix =  0.700 |ddv_scf|^2 =  2.326E-10

      iter #   3 total cpu time :304689.8 secs   av.it.:  16.0
      thresh= 1.525E-06 alpha_mix =  0.700 |ddv_scf|^2 =  2.644E-12

      iter #   4 total cpu time :304899.2 secs   av.it.:  16.9
      thresh= 1.626E-07 alpha_mix =  0.700 |ddv_scf|^2 =  2.833E-13

      iter #   5 total cpu time :305102.9 secs   av.it.:  16.1
      thresh= 5.322E-08 alpha_mix =  0.700 |ddv_scf|^2 =  1.512E-14

      iter #   6 total cpu time :305308.0 secs   av.it.:  16.2
      thresh= 1.229E-08 alpha_mix =  0.700 |ddv_scf|^2 =  7.772E-16

     End of self-consistent calculation

     Convergence has been achieved 


     Representation #  31 modes #  61  62

     Self-consistent Calculation

      iter #   1 total cpu time :305399.9 secs   av.it.:   3.4
      thresh= 1.000E-02 alpha_mix =  0.700 |ddv_scf|^2 =  5.652E-10

      iter #   2 total cpu time :305610.5 secs   av.it.:  16.9
      thresh= 2.377E-06 alpha_mix =  0.700 |ddv_scf|^2 =  2.773E-10

      iter #   3 total cpu time :305814.2 secs   av.it.:  16.0
      thresh= 1.665E-06 alpha_mix =  0.700 |ddv_scf|^2 =  1.676E-12

      iter #   4 total cpu time :306022.6 secs   av.it.:  16.9
      thresh= 1.295E-07 alpha_mix =  0.700 |ddv_scf|^2 =  1.024E-13

      iter #   5 total cpu time :306229.6 secs   av.it.:  16.9
      thresh= 3.200E-08 alpha_mix =  0.700 |ddv_scf|^2 =  4.684E-15

     End of self-consistent calculation

     Convergence has been achieved 


     Representation #  32 modes #  63  64

     Self-consistent Calculation

      iter #   1 total cpu time :306321.6 secs   av.it.:   3.4
      thresh= 1.000E-02 alpha_mix =  0.700 |ddv_scf|^2 =  6.693E-10

      iter #   2 total cpu time :306530.5 secs   av.it.:  16.9
      thresh= 2.587E-06 alpha_mix =  0.700 |ddv_scf|^2 =  3.937E-10

      iter #   3 total cpu time :306734.9 secs   av.it.:  16.0
      thresh= 1.984E-06 alpha_mix =  0.700 |ddv_scf|^2 =  8.992E-13

      iter #   4 total cpu time :306946.5 secs   av.it.:  16.9
      thresh= 9.482E-08 alpha_mix =  0.700 |ddv_scf|^2 =  7.327E-14

      iter #   5 total cpu time :307161.3 secs   av.it.:  16.9
      thresh= 2.707E-08 alpha_mix =  0.700 |ddv_scf|^2 =  5.096E-15

     End of self-consistent calculation

     Convergence has been achieved 


     Representation #  33 modes #  65  66

     Self-consistent Calculation

      iter #   1 total cpu time :307252.3 secs   av.it.:   3.4
      thresh= 1.000E-02 alpha_mix =  0.700 |ddv_scf|^2 =  1.042E-09

      iter #   2 total cpu time :307463.2 secs   av.it.:  16.9
      thresh= 3.228E-06 alpha_mix =  0.700 |ddv_scf|^2 =  6.342E-10

      iter #   3 total cpu time :307666.8 secs   av.it.:  16.0
      thresh= 2.518E-06 alpha_mix =  0.700 |ddv_scf|^2 =  2.535E-12

      iter #   4 total cpu time :307877.8 secs   av.it.:  16.9
      thresh= 1.592E-07 alpha_mix =  0.700 |ddv_scf|^2 =  3.532E-13

      iter #   5 total cpu time :308086.4 secs   av.it.:  16.9
      thresh= 5.943E-08 alpha_mix =  0.700 |ddv_scf|^2 =  2.775E-14

      iter #   6 total cpu time :308290.4 secs   av.it.:  16.0
      thresh= 1.666E-08 alpha_mix =  0.700 |ddv_scf|^2 =  2.009E-15

     End of self-consistent calculation

     Convergence has been achieved 

     Number of q in the star =    1
     List of q in the star:
          1  -0.500000000  -0.505263609  -0.788044408

     Diagonalizing the dynamical matrix

     q = (   -0.500000000  -0.505263609  -0.788044408 ) 

 **************************************************************************
     freq (    1) =       1.381201 [THz] =      46.071912 [cm-1]
     freq (    2) =       1.381201 [THz] =      46.071912 [cm-1]
     freq (    3) =       1.780204 [THz] =      59.381210 [cm-1]
     freq (    4) =       1.780204 [THz] =      59.381210 [cm-1]
     freq (    5) =       3.314592 [THz] =     110.562874 [cm-1]
     freq (    6) =       3.314592 [THz] =     110.562874 [cm-1]
     freq (    7) =       3.964164 [THz] =     132.230288 [cm-1]
     freq (    8) =       3.964164 [THz] =     132.230288 [cm-1]
     freq (    9) =       4.234536 [THz] =     141.248910 [cm-1]
     freq (   10) =       4.234536 [THz] =     141.248910 [cm-1]
     freq (   11) =       6.210438 [THz] =     207.157912 [cm-1]
     freq (   12) =       6.210438 [THz] =     207.157912 [cm-1]
     freq (   13) =       6.654323 [THz] =     221.964307 [cm-1]
     freq (   14) =       6.654323 [THz] =     221.964307 [cm-1]
     freq (   15) =       6.734264 [THz] =     224.630855 [cm-1]
     freq (   16) =       6.734264 [THz] =     224.630855 [cm-1]
     freq (   17) =       8.050386 [THz] =     268.531986 [cm-1]
     freq (   18) =       8.050386 [THz] =     268.531986 [cm-1]
     freq (   19) =       8.356636 [THz] =     278.747375 [cm-1]
     freq (   20) =       8.356636 [THz] =     278.747375 [cm-1]
     freq (   21) =       8.797600 [THz] =     293.456333 [cm-1]
     freq (   22) =       8.797600 [THz] =     293.456333 [cm-1]
     freq (   23) =       9.089775 [THz] =     303.202265 [cm-1]
     freq (   24) =       9.089775 [THz] =     303.202265 [cm-1]
     freq (   25) =       9.243792 [THz] =     308.339719 [cm-1]
     freq (   26) =       9.243792 [THz] =     308.339719 [cm-1]
     freq (   27) =      11.987436 [THz] =     399.857825 [cm-1]
     freq (   28) =      11.987436 [THz] =     399.857825 [cm-1]
     freq (   29) =      12.302101 [THz] =     410.353921 [cm-1]
     freq (   30) =      12.302101 [THz] =     410.353921 [cm-1]
     freq (   31) =      30.477297 [THz] =    1016.613216 [cm-1]
     freq (   32) =      30.477297 [THz] =    1016.613216 [cm-1]
     freq (   33) =      30.688992 [THz] =    1023.674598 [cm-1]
     freq (   34) =      30.688992 [THz] =    1023.674598 [cm-1]
     freq (   35) =      31.867230 [THz] =    1062.976384 [cm-1]
     freq (   36) =      31.867230 [THz] =    1062.976384 [cm-1]
     freq (   37) =      31.906373 [THz] =    1064.282034 [cm-1]
     freq (   38) =      31.906373 [THz] =    1064.282034 [cm-1]
     freq (   39) =      32.543171 [THz] =    1085.523332 [cm-1]
     freq (   40) =      32.543171 [THz] =    1085.523332 [cm-1]
     freq (   41) =      32.739660 [THz] =    1092.077505 [cm-1]
     freq (   42) =      32.739660 [THz] =    1092.077505 [cm-1]
     freq (   43) =      35.832869 [THz] =    1195.255852 [cm-1]
     freq (   44) =      35.832869 [THz] =    1195.255852 [cm-1]
     freq (   45) =      36.020292 [THz] =    1201.507607 [cm-1]
     freq (   46) =      36.020292 [THz] =    1201.507607 [cm-1]
     freq (   47) =      36.226797 [THz] =    1208.395864 [cm-1]
     freq (   48) =      36.226797 [THz] =    1208.395864 [cm-1]
     freq (   49) =      36.463776 [THz] =    1216.300659 [cm-1]
     freq (   50) =      36.463776 [THz] =    1216.300659 [cm-1]
     freq (   51) =      68.455964 [THz] =    2283.445169 [cm-1]
     freq (   52) =      68.455964 [THz] =    2283.445169 [cm-1]
     freq (   53) =      68.613172 [THz] =    2288.689064 [cm-1]
     freq (   54) =      68.613172 [THz] =    2288.689064 [cm-1]
     freq (   55) =      70.030440 [THz] =    2335.964047 [cm-1]
     freq (   56) =      70.030440 [THz] =    2335.964047 [cm-1]
     freq (   57) =      70.240447 [THz] =    2342.969121 [cm-1]
     freq (   58) =      70.240447 [THz] =    2342.969121 [cm-1]
     freq (   59) =      70.490813 [THz] =    2351.320415 [cm-1]
     freq (   60) =      70.490813 [THz] =    2351.320415 [cm-1]
     freq (   61) =      70.630142 [THz] =    2355.967927 [cm-1]
     freq (   62) =      70.630142 [THz] =    2355.967927 [cm-1]
     freq (   63) =      71.452335 [THz] =    2383.393364 [cm-1]
     freq (   64) =      71.452335 [THz] =    2383.393364 [cm-1]
     freq (   65) =      71.488271 [THz] =    2384.592041 [cm-1]
     freq (   66) =      71.488271 [THz] =    2384.592041 [cm-1]
 **************************************************************************

     init_run     :      9.09s CPU      9.38s WALL (       7 calls)
     electrons    :   1558.79s CPU   1569.24s WALL (       7 calls)

     Called by init_run:
     wfcinit      :      0.00s CPU      0.01s WALL (       7 calls)
     potinit      :      1.18s CPU      1.26s WALL (       7 calls)
     hinit0       :      0.90s CPU      0.94s WALL (       7 calls)

     Called by electrons:
     c_bands      :   1558.77s CPU   1569.07s WALL (       7 calls)
     v_of_rho     :      1.08s CPU      1.13s WALL (       8 calls)
     newd         :      1.65s CPU      1.69s WALL (       8 calls)

     Called by c_bands:
     init_us_2    :    405.80s CPU    445.70s WALL (   76086 calls)
     cegterg      :   1426.84s CPU   1435.54s WALL (     740 calls)

     Called by *egterg:
     cdiaghg      :     38.05s CPU     38.22s WALL (    8667 calls)
     h_psi        : 156975.46s CPU 158217.81s WALL ( 1462352 calls)
     s_psi        :  64589.72s CPU  64822.09s WALL ( 3000860 calls)
     g_psi        :      3.74s CPU      3.76s WALL (    8289 calls)

     Called by h_psi:
     h_psi:calbec :  28400.06s CPU  28521.46s WALL ( 1462352 calls)
     vloc_psi     :  96540.08s CPU  97547.67s WALL ( 1462352 calls)
     add_vuspsi   :  31371.10s CPU  31485.04s WALL ( 1462352 calls)

     General routines
     calbec       :  63880.55s CPU  64144.59s WALL ( 3246155 calls)
     fft          :   1423.45s CPU   1488.46s WALL (   93279 calls)
     ffts         :   1010.71s CPU   1027.29s WALL (   45218 calls)
     fftw         :  97742.10s CPU  98826.05s WALL (68972918 calls)
     interpolate  :     62.42s CPU     72.10s WALL (    6872 calls)
     davcio       :    208.11s CPU    400.32s WALL (  458988 calls)

     Parallel routines

     PHONON       :   3d12h49m CPU   3d13h38m WALL

     INITIALIZATION: 
     phq_setup    :      3.10s CPU      3.77s WALL (       8 calls)
     phq_init     :   1697.57s CPU   1714.25s WALL (       8 calls)

     phq_init     :   1697.57s CPU   1714.25s WALL (       8 calls)
     set_drhoc    :      0.12s CPU      0.12s WALL (      24 calls)
     init_vloc    :      0.11s CPU      0.11s WALL (       8 calls)
     init_us_1    :      0.17s CPU      0.22s WALL (       8 calls)
     init_us_2    :    405.80s CPU    445.70s WALL (   76086 calls)
     newd         :      1.65s CPU      1.69s WALL (       8 calls)
     dvanqq       :    191.69s CPU    193.51s WALL (       8 calls)
     drho         :   1374.01s CPU   1388.23s WALL (       8 calls)
     drhous       :   1171.05s CPU   1180.38s WALL (       8 calls)
     nldyntot     :     25.28s CPU     25.34s WALL (       8 calls)

     DYNAMICAL MATRIX:
     dynmat0      :    110.34s CPU    110.74s WALL (       8 calls)
     dynmat_us    :     57.76s CPU     58.05s WALL (       8 calls)
     addusdynmat  :      0.01s CPU      0.05s WALL (       8 calls)
     d2ionq       :     49.86s CPU     49.91s WALL (       8 calls)
     dynmatcc     :      2.55s CPU      2.61s WALL (       8 calls)
     phqscf       : 296876.95s CPU 299719.40s WALL (       8 calls)
     dynmatrix    :      0.36s CPU      0.45s WALL (       8 calls)

     phqscf       : 296876.95s CPU 299719.40s WALL (       8 calls)
     solve_linter : 293435.62s CPU 296188.05s WALL (     330 calls)
     sth_kernel   : 281086.88s CPU 283189.79s WALL (    1975 calls)
     h_prec       :    145.26s CPU    146.33s WALL (   53406 calls)
     apply_dpot_b :   5365.56s CPU   5469.96s WALL (   71064 calls)
     ortho        :   4593.52s CPU   4618.07s WALL (   85482 calls)
     cgsolve      : 261305.91s CPU 262995.05s WALL (   85482 calls)
     incdrhoscf   :   9441.81s CPU   9599.13s WALL (   85482 calls)
                                        0.00s GPU  (   85482 calls)
     addusddens   :    882.64s CPU    895.07s WALL (    2298 calls)
     dv_of_drho   :    349.79s CPU    381.68s WALL (    3166 calls)
     mix_pot      :     37.83s CPU    100.04s WALL (    1975 calls)
     drhodv       :   1597.72s CPU   1615.14s WALL (     330 calls)
     psymdvscf    :   3735.18s CPU   3879.92s WALL (    1968 calls)
     newdq        :   1426.71s CPU   1434.68s WALL (    1975 calls)
     adddvscf     :    283.06s CPU    286.82s WALL (   71064 calls)
     drhodvus     :     29.89s CPU     46.65s WALL (     330 calls)

     dvqpsi_us    :   7843.99s CPU   7879.69s WALL (   16038 calls)
                                        0.00s GPU  (   16038 calls)
     dvqpsi_us_on :   5700.49s CPU   5712.24s WALL (   16038 calls)

     add_vuspsi   :  31371.10s CPU  31485.04s WALL ( 1462352 calls)
     addusdbec    :   2230.19s CPU   2238.33s WALL (   99738 calls)

     drhodvus     :     29.89s CPU     46.65s WALL (     330 calls)

      General routines
     calbec       :  63880.55s CPU  64144.59s WALL ( 3246155 calls)
     fft          :   1423.45s CPU   1488.46s WALL (   93279 calls)
     ffts         :   1010.71s CPU   1027.29s WALL (   45218 calls)
     fftw         :  97742.10s CPU  98826.05s WALL (68972918 calls)
     davcio       :    208.11s CPU    400.32s WALL (  458988 calls)
     write_rec    :     37.86s CPU    373.68s WALL (    2305 calls)

      Additional routines
     ch_psi       : 257812.07s CPU 259453.40s WALL ( 1452945 calls)
     last         :  69431.97s CPU  69724.21s WALL ( 1452945 calls)
     Hesh         :    444.03s CPU    448.79s WALL ( 1452945 calls)
     ch_psi_all_k :  68963.69s CPU  69253.97s WALL ( 1452945 calls)
                                        0.00s GPU  ( 1452945 calls)
     ch_psi_calbe :  28161.37s CPU  28253.32s WALL ( 1452945 calls)
                                        0.00s GPU  ( 1452945 calls)
     h_psi_bgrp   : 156988.73s CPU 158227.99s WALL ( 1462352 calls)
     h_psi        : 156975.46s CPU 158217.81s WALL ( 1462352 calls)
     h_psi:pot    : 156346.41s CPU 157578.36s WALL ( 1462352 calls)
     h_psi:calbec :  28400.06s CPU  28521.46s WALL ( 1462352 calls)
     s_psi_bgrp   :  65312.14s CPU  65534.65s WALL ( 3000860 calls)
     s_psi        :  64589.72s CPU  64822.09s WALL ( 3000860 calls)


     PHONON       :   3d12h49m CPU   3d13h38m WALL


   This run was terminated on:   0:56:14  16Aug2024            

=------------------------------------------------------------------------------=
   JOB DONE.
=------------------------------------------------------------------------------=
