Dynamical matrix file
                                                                           
  3   22   8  13.5925330   0.9910610   0.6392758   0.0000000   0.0000000   0.0000000
           1  'B      '    9853.6237122476850     
           2  'Ba     '    125165.90357338246     
           3  'H      '    918.68111039893927     
    1    2      0.5000000000      0.4955304800      0.3196405083
    2    2      0.0000000000      0.0000000000      0.6392731317
    3    1      0.6373762304      0.2613155236      0.0000101064
    4    1      0.3626237696      0.7297454364      0.0000101064
    5    1      0.1373762304      0.2342149564      0.3196277736
    6    1      0.8626237696      0.7568460036      0.3196277736
    7    3      0.4669089705      0.2801534422      0.0000017505
    8    3      0.5330910295      0.7109075178      0.0000017505
    9    3      0.9669089705      0.2153770378      0.3196361295
   10    3      0.0330910295      0.7756839222      0.3196361295
   11    3      0.7133542723      0.4156186737      0.0000096439
   12    3      0.2866457277      0.5754422863      0.0000096439
   13    3      0.2133542723      0.0799118063      0.3196282361
   14    3      0.7866457277      0.9111491537      0.3196282361
   15    3      0.6812530223      0.1764206101      0.4974552471
   16    3      0.3187469777      0.8146403499      0.4974552471
   17    3      0.1812530223      0.3191098699      0.4614583929
   18    3      0.8187469777      0.6719510901      0.4614583929
   19    3      0.3187475809      0.8146407194      0.1418418369
   20    3      0.6812524191      0.1764202406      0.1418418369
   21    3      0.8187475809      0.6719507206      0.1777960431
   22    3      0.1812524191      0.3191102394      0.1777960431

     Dynamical  Matrix in cartesian axes

     q = (    0.000000000   0.000000000   0.000000000 ) 

    1    1
  0.06690330   0.00000000    -0.00426621   0.00000000     0.00000000   0.00000000
 -0.00426621   0.00000000     0.07553179   0.00000000     0.00000000   0.00000000
  0.00000000   0.00000000     0.00000000   0.00000000     0.06884237   0.00000000
    1    2
 -0.01941323   0.00000000    -0.00650329   0.00000000     0.00000000   0.00000000
  0.00650329   0.00000000    -0.02518880   0.00000000     0.00000000   0.00000000
  0.00000000   0.00000000     0.00000000   0.00000000    -0.00242505   0.00000000
    1    3
  0.00399585   0.00000000     0.01207557   0.00000000     0.00024435   0.00000000
  0.01025536   0.00000000    -0.01079157   0.00000000     0.00004801   0.00000000
 -0.00022080   0.00000000     0.00014322   0.00000000    -0.02672225   0.00000000
    1    4
  0.00399585   0.00000000     0.01207557   0.00000000    -0.00024435   0.00000000
  0.01025536   0.00000000    -0.01079157   0.00000000    -0.00004801   0.00000000
  0.00022080   0.00000000    -0.00014322   0.00000000    -0.02672225   0.00000000
    1    5
 -0.01215194   0.00000000    -0.00637009   0.00000000    -0.00028159   0.00000000
 -0.00310877   0.00000000    -0.00430045   0.00000000     0.00006268   0.00000000
  0.00024435   0.00000000     0.00010617   0.00000000     0.00445179   0.00000000
    1    6
 -0.01215194   0.00000000    -0.00637009   0.00000000     0.00028159   0.00000000
 -0.00310877   0.00000000    -0.00430045   0.00000000    -0.00006268   0.00000000
 -0.00024435   0.00000000    -0.00010617   0.00000000     0.00445179   0.00000000
    1    7
 -0.00753968   0.00000000    -0.00385855   0.00000000    -0.00009921   0.00000000
  0.00103201   0.00000000    -0.00525818   0.00000000    -0.00022237   0.00000000
 -0.00005628   0.00000000     0.00008522   0.00000000    -0.00546370   0.00000000
    1    8
 -0.00753968   0.00000000    -0.00385855   0.00000000     0.00009921   0.00000000
  0.00103201   0.00000000    -0.00525818   0.00000000     0.00022237   0.00000000
  0.00005628   0.00000000    -0.00008522   0.00000000    -0.00546370   0.00000000
    1    9
  0.00592617   0.00000000     0.00188675   0.00000000     0.00012145   0.00000000
  0.00202374   0.00000000     0.00064817   0.00000000     0.00025538   0.00000000
  0.00002266   0.00000000    -0.00011441   0.00000000    -0.00190051   0.00000000
    1   10
  0.00592617   0.00000000     0.00188675   0.00000000    -0.00012145   0.00000000
  0.00202374   0.00000000     0.00064817   0.00000000    -0.00025538   0.00000000
 -0.00002266   0.00000000     0.00011441   0.00000000    -0.00190051   0.00000000
    1   11
 -0.00674361   0.00000000    -0.00008761   0.00000000     0.00003366   0.00000000
 -0.00461043   0.00000000    -0.00544255   0.00000000     0.00002616   0.00000000
 -0.00022015   0.00000000    -0.00003210   0.00000000    -0.00296254   0.00000000
    1   12
 -0.00674361   0.00000000    -0.00008761   0.00000000    -0.00003366   0.00000000
 -0.00461043   0.00000000    -0.00544255   0.00000000    -0.00002616   0.00000000
  0.00022015   0.00000000     0.00003210   0.00000000    -0.00296254   0.00000000
    1   13
  0.00394213   0.00000000     0.00443631   0.00000000    -0.00010480   0.00000000
 -0.00016463   0.00000000     0.00163432   0.00000000     0.00008138   0.00000000
 -0.00021140   0.00000000     0.00005123   0.00000000    -0.00110680   0.00000000
    1   14
  0.00394213   0.00000000     0.00443631   0.00000000     0.00010480   0.00000000
 -0.00016463   0.00000000     0.00163432   0.00000000    -0.00008138   0.00000000
  0.00021140   0.00000000    -0.00005123   0.00000000    -0.00110680   0.00000000
    1   15
 -0.00241749   0.00000000    -0.00088432   0.00000000    -0.00120322   0.00000000
 -0.00118813   0.00000000    -0.00250625   0.00000000     0.00259471   0.00000000
  0.00092252   0.00000000    -0.00052901   0.00000000     0.00246428   0.00000000
    1   16
 -0.00241749   0.00000000    -0.00088432   0.00000000     0.00120322   0.00000000
 -0.00118813   0.00000000    -0.00250625   0.00000000    -0.00259471   0.00000000
 -0.00092252   0.00000000     0.00052901   0.00000000     0.00246428   0.00000000
    1   17
 -0.00300422   0.00000000    -0.00070583   0.00000000     0.00129557   0.00000000
 -0.00206910   0.00000000     0.00092394   0.00000000    -0.00004756   0.00000000
  0.00203556   0.00000000     0.00022529   0.00000000    -0.00317186   0.00000000
    1   18
 -0.00300422   0.00000000    -0.00070583   0.00000000    -0.00129557   0.00000000
 -0.00206910   0.00000000     0.00092394   0.00000000     0.00004756   0.00000000
 -0.00203556   0.00000000    -0.00022529   0.00000000    -0.00317186   0.00000000
    1   19
 -0.00242359   0.00000000    -0.00061878   0.00000000    -0.00094628   0.00000000
 -0.00152957   0.00000000    -0.00236210   0.00000000     0.00281826   0.00000000
  0.00076568   0.00000000    -0.00074590   0.00000000     0.00259916   0.00000000
    1   20
 -0.00242359   0.00000000    -0.00061878   0.00000000     0.00094628   0.00000000
 -0.00152957   0.00000000    -0.00236210   0.00000000    -0.00281826   0.00000000
 -0.00076568   0.00000000     0.00074590   0.00000000     0.00259916   0.00000000
    1   21
 -0.00344418   0.00000000    -0.00070566   0.00000000     0.00080644   0.00000000
 -0.00252892   0.00000000     0.00084766   0.00000000    -0.00027357   0.00000000
  0.00190558   0.00000000     0.00049941   0.00000000    -0.00330394   0.00000000
    1   22
 -0.00344418   0.00000000    -0.00070566   0.00000000    -0.00080644   0.00000000
 -0.00252892   0.00000000     0.00084766   0.00000000     0.00027357   0.00000000
 -0.00190558   0.00000000    -0.00049941   0.00000000    -0.00330394   0.00000000
    2    1
 -0.01941323   0.00000000     0.00650329   0.00000000     0.00000000   0.00000000
 -0.00650329   0.00000000    -0.02518880   0.00000000     0.00000000   0.00000000
  0.00000000   0.00000000     0.00000000   0.00000000    -0.00242505   0.00000000
    2    2
  0.06690330   0.00000000     0.00426621   0.00000000     0.00000000   0.00000000
  0.00426621   0.00000000     0.07553179   0.00000000     0.00000000   0.00000000
  0.00000000   0.00000000     0.00000000   0.00000000     0.06884237   0.00000000
    2    3
 -0.01215194   0.00000000     0.00637009   0.00000000     0.00028159   0.00000000
  0.00310877   0.00000000    -0.00430045   0.00000000     0.00006268   0.00000000
 -0.00024435   0.00000000     0.00010617   0.00000000     0.00445179   0.00000000
    2    4
 -0.01215194   0.00000000     0.00637009   0.00000000    -0.00028159   0.00000000
  0.00310877   0.00000000    -0.00430045   0.00000000    -0.00006268   0.00000000
  0.00024435   0.00000000    -0.00010617   0.00000000     0.00445179   0.00000000
    2    5
  0.00399585   0.00000000    -0.01207557   0.00000000    -0.00024435   0.00000000
 -0.01025536   0.00000000    -0.01079157   0.00000000     0.00004801   0.00000000
  0.00022080   0.00000000     0.00014322   0.00000000    -0.02672225   0.00000000
    2    6
  0.00399585   0.00000000    -0.01207557   0.00000000     0.00024435   0.00000000
 -0.01025536   0.00000000    -0.01079157   0.00000000    -0.00004801   0.00000000
 -0.00022080   0.00000000    -0.00014322   0.00000000    -0.02672225   0.00000000
    2    7
  0.00592617   0.00000000    -0.00188675   0.00000000    -0.00012145   0.00000000
 -0.00202374   0.00000000     0.00064817   0.00000000     0.00025538   0.00000000
 -0.00002266   0.00000000    -0.00011441   0.00000000    -0.00190051   0.00000000
    2    8
  0.00592617   0.00000000    -0.00188675   0.00000000     0.00012145   0.00000000
 -0.00202374   0.00000000     0.00064817   0.00000000    -0.00025538   0.00000000
  0.00002266   0.00000000     0.00011441   0.00000000    -0.00190051   0.00000000
    2    9
 -0.00753968   0.00000000     0.00385855   0.00000000     0.00009921   0.00000000
 -0.00103201   0.00000000    -0.00525818   0.00000000    -0.00022237   0.00000000
  0.00005628   0.00000000     0.00008522   0.00000000    -0.00546370   0.00000000
    2   10
 -0.00753968   0.00000000     0.00385855   0.00000000    -0.00009921   0.00000000
 -0.00103201   0.00000000    -0.00525818   0.00000000     0.00022237   0.00000000
 -0.00005628   0.00000000    -0.00008522   0.00000000    -0.00546370   0.00000000
    2   11
  0.00394213   0.00000000    -0.00443631   0.00000000     0.00010480   0.00000000
  0.00016463   0.00000000     0.00163432   0.00000000     0.00008138   0.00000000
  0.00021140   0.00000000     0.00005123   0.00000000    -0.00110680   0.00000000
    2   12
  0.00394213   0.00000000    -0.00443631   0.00000000    -0.00010480   0.00000000
  0.00016463   0.00000000     0.00163432   0.00000000    -0.00008138   0.00000000
 -0.00021140   0.00000000    -0.00005123   0.00000000    -0.00110680   0.00000000
    2   13
 -0.00674361   0.00000000     0.00008761   0.00000000    -0.00003366   0.00000000
  0.00461043   0.00000000    -0.00544255   0.00000000     0.00002616   0.00000000
  0.00022015   0.00000000    -0.00003210   0.00000000    -0.00296254   0.00000000
    2   14
 -0.00674361   0.00000000     0.00008761   0.00000000     0.00003366   0.00000000
  0.00461043   0.00000000    -0.00544255   0.00000000    -0.00002616   0.00000000
 -0.00022015   0.00000000     0.00003210   0.00000000    -0.00296254   0.00000000
    2   15
 -0.00300422   0.00000000     0.00070583   0.00000000    -0.00129557   0.00000000
  0.00206910   0.00000000     0.00092394   0.00000000    -0.00004756   0.00000000
 -0.00203556   0.00000000     0.00022529   0.00000000    -0.00317186   0.00000000
    2   16
 -0.00300422   0.00000000     0.00070583   0.00000000     0.00129557   0.00000000
  0.00206910   0.00000000     0.00092394   0.00000000     0.00004756   0.00000000
  0.00203556   0.00000000    -0.00022529   0.00000000    -0.00317186   0.00000000
    2   17
 -0.00241749   0.00000000     0.00088432   0.00000000     0.00120322   0.00000000
  0.00118813   0.00000000    -0.00250625   0.00000000     0.00259471   0.00000000
 -0.00092252   0.00000000    -0.00052901   0.00000000     0.00246428   0.00000000
    2   18
 -0.00241749   0.00000000     0.00088432   0.00000000    -0.00120322   0.00000000
  0.00118813   0.00000000    -0.00250625   0.00000000    -0.00259471   0.00000000
  0.00092252   0.00000000     0.00052901   0.00000000     0.00246428   0.00000000
    2   19
 -0.00344418   0.00000000     0.00070566   0.00000000    -0.00080644   0.00000000
  0.00252892   0.00000000     0.00084766   0.00000000    -0.00027357   0.00000000
 -0.00190558   0.00000000     0.00049941   0.00000000    -0.00330394   0.00000000
    2   20
 -0.00344418   0.00000000     0.00070566   0.00000000     0.00080644   0.00000000
  0.00252892   0.00000000     0.00084766   0.00000000     0.00027357   0.00000000
  0.00190558   0.00000000    -0.00049941   0.00000000    -0.00330394   0.00000000
    2   21
 -0.00242359   0.00000000     0.00061878   0.00000000     0.00094628   0.00000000
  0.00152957   0.00000000    -0.00236210   0.00000000     0.00281826   0.00000000
 -0.00076568   0.00000000    -0.00074590   0.00000000     0.00259916   0.00000000
    2   22
 -0.00242359   0.00000000     0.00061878   0.00000000    -0.00094628   0.00000000
  0.00152957   0.00000000    -0.00236210   0.00000000    -0.00281826   0.00000000
  0.00076568   0.00000000     0.00074590   0.00000000     0.00259916   0.00000000
    3    1
  0.00399585   0.00000000     0.01025536   0.00000000    -0.00022080   0.00000000
  0.01207557   0.00000000    -0.01079157   0.00000000     0.00014322   0.00000000
  0.00024435   0.00000000     0.00004801   0.00000000    -0.02672225   0.00000000
    3    2
 -0.01215194   0.00000000     0.00310877   0.00000000    -0.00024435   0.00000000
  0.00637009   0.00000000    -0.00430045   0.00000000     0.00010617   0.00000000
  0.00028159   0.00000000     0.00006268   0.00000000     0.00445179   0.00000000
    3    3
  0.59297753   0.00000000    -0.01899444   0.00000000    -0.00003316   0.00000000
 -0.01899444   0.00000000     0.59632217   0.00000000     0.00007716   0.00000000
 -0.00003316   0.00000000     0.00007716   0.00000000     0.64801559   0.00000000
    3    4
  0.00018671   0.00000000     0.00134304   0.00000000    -0.00008681   0.00000000
  0.00134304   0.00000000    -0.00115656   0.00000000    -0.00011253   0.00000000
  0.00008681   0.00000000     0.00011253   0.00000000    -0.00145565   0.00000000
    3    5
  0.00170848   0.00000000    -0.00027762   0.00000000    -0.00001046   0.00000000
  0.00027762   0.00000000     0.00151349   0.00000000    -0.00004916   0.00000000
  0.00001046   0.00000000    -0.00004916   0.00000000     0.00104779   0.00000000
    3    6
  0.00066944   0.00000000     0.00087734   0.00000000    -0.00009293   0.00000000
 -0.00087734   0.00000000     0.00218498   0.00000000     0.00001540   0.00000000
 -0.00009293   0.00000000    -0.00001540   0.00000000     0.00233654   0.00000000
    3    7
 -0.33821756   0.00000000     0.03071170   0.00000000     0.00000600   0.00000000
  0.02725944   0.00000000    -0.05021263   0.00000000    -0.00006421   0.00000000
 -0.00002913   0.00000000    -0.00001645   0.00000000    -0.04950583   0.00000000
    3    8
 -0.00167482   0.00000000     0.00051994   0.00000000     0.00004220   0.00000000
  0.00082062   0.00000000    -0.00083602   0.00000000    -0.00001758   0.00000000
 -0.00000831   0.00000000     0.00000420   0.00000000    -0.00067414   0.00000000
    3    9
 -0.00223984   0.00000000     0.00033435   0.00000000     0.00006070   0.00000000
 -0.00122723   0.00000000    -0.00007316   0.00000000    -0.00003791   0.00000000
  0.00004612   0.00000000     0.00003318   0.00000000    -0.00190561   0.00000000
    3   10
  0.00092433   0.00000000    -0.00015604   0.00000000     0.00001928   0.00000000
  0.00043627   0.00000000     0.00008266   0.00000000    -0.00008108   0.00000000
 -0.00000319   0.00000000    -0.00001787   0.00000000    -0.00003966   0.00000000
    3   11
 -0.10786255   0.00000000    -0.11280088   0.00000000     0.00005910   0.00000000
 -0.11128349   0.00000000    -0.27385424   0.00000000     0.00010429   0.00000000
  0.00001661   0.00000000     0.00006928   0.00000000    -0.05341797   0.00000000
    3   12
 -0.00087459   0.00000000     0.00014557   0.00000000     0.00007532   0.00000000
 -0.00023305   0.00000000    -0.00160948   0.00000000     0.00006352   0.00000000
 -0.00002653   0.00000000     0.00000162   0.00000000    -0.00077752   0.00000000
    3   13
 -0.00068867   0.00000000     0.00018386   0.00000000     0.00006025   0.00000000
 -0.00092500   0.00000000     0.00021065   0.00000000     0.00004679   0.00000000
  0.00006854   0.00000000     0.00001944   0.00000000     0.00015538   0.00000000
    3   14
  0.00005945   0.00000000     0.00008207   0.00000000     0.00004734   0.00000000
  0.00122811   0.00000000    -0.00102918   0.00000000     0.00007627   0.00000000
 -0.00006455   0.00000000    -0.00004451   0.00000000    -0.00169673   0.00000000
    3   15
 -0.06646597   0.00000000     0.04241526   0.00000000     0.06137722   0.00000000
  0.04253391   0.00000000    -0.12622713   0.00000000    -0.12381210   0.00000000
  0.06133278   0.00000000    -0.12348326   0.00000000    -0.25808643   0.00000000
    3   16
 -0.00108594   0.00000000     0.00026302   0.00000000    -0.00023865   0.00000000
  0.00023702   0.00000000    -0.00088257   0.00000000    -0.00010706   0.00000000
 -0.00018657   0.00000000     0.00023238   0.00000000    -0.00040775   0.00000000
    3   17
 -0.00072942   0.00000000     0.00013133   0.00000000    -0.00069087   0.00000000
 -0.00070738   0.00000000    -0.00037054   0.00000000    -0.00040886   0.00000000
 -0.00003862   0.00000000    -0.00021392   0.00000000    -0.00072696   0.00000000
    3   18
 -0.00008164   0.00000000    -0.00061057   0.00000000     0.00044053   0.00000000
 -0.00023963   0.00000000    -0.00071551   0.00000000     0.00077555   0.00000000
  0.00029843   0.00000000     0.00013960   0.00000000    -0.00071531   0.00000000
    3   19
 -0.00105461   0.00000000     0.00028638   0.00000000     0.00022354   0.00000000
  0.00026248   0.00000000    -0.00079674   0.00000000     0.00018719   0.00000000
  0.00035333   0.00000000    -0.00017850   0.00000000    -0.00053223   0.00000000
    3   20
 -0.06645886   0.00000000     0.04247621   0.00000000    -0.06138372   0.00000000
  0.04239144   0.00000000    -0.12621301   0.00000000     0.12372284   0.00000000
 -0.06131312   0.00000000     0.12342269   0.00000000    -0.25799429   0.00000000
    3   21
 -0.00016861   0.00000000    -0.00061114   0.00000000    -0.00052854   0.00000000
 -0.00032668   0.00000000    -0.00068432   0.00000000    -0.00083360   0.00000000
 -0.00023435   0.00000000    -0.00015267   0.00000000    -0.00057206   0.00000000
    3   22
 -0.00079616   0.00000000     0.00019943   0.00000000     0.00068390   0.00000000
 -0.00073773   0.00000000    -0.00045331   0.00000000     0.00050067   0.00000000
  0.00005631   0.00000000     0.00021688   0.00000000    -0.00071975   0.00000000
    4    1
  0.00399585   0.00000000     0.01025536   0.00000000     0.00022080   0.00000000
  0.01207557   0.00000000    -0.01079157   0.00000000    -0.00014322   0.00000000
 -0.00024435   0.00000000    -0.00004801   0.00000000    -0.02672225   0.00000000
    4    2
 -0.01215194   0.00000000     0.00310877   0.00000000     0.00024435   0.00000000
  0.00637009   0.00000000    -0.00430045   0.00000000    -0.00010617   0.00000000
 -0.00028159   0.00000000    -0.00006268   0.00000000     0.00445179   0.00000000
    4    3
  0.00018671   0.00000000     0.00134304   0.00000000     0.00008681   0.00000000
  0.00134304   0.00000000    -0.00115656   0.00000000     0.00011253   0.00000000
 -0.00008681   0.00000000    -0.00011253   0.00000000    -0.00145565   0.00000000
    4    4
  0.59297753   0.00000000    -0.01899444   0.00000000     0.00003316   0.00000000
 -0.01899444   0.00000000     0.59632217   0.00000000    -0.00007716   0.00000000
  0.00003316   0.00000000    -0.00007716   0.00000000     0.64801559   0.00000000
    4    5
  0.00066944   0.00000000     0.00087734   0.00000000     0.00009293   0.00000000
 -0.00087734   0.00000000     0.00218498   0.00000000    -0.00001540   0.00000000
  0.00009293   0.00000000     0.00001540   0.00000000     0.00233654   0.00000000
    4    6
  0.00170848   0.00000000    -0.00027762   0.00000000     0.00001046   0.00000000
  0.00027762   0.00000000     0.00151349   0.00000000     0.00004916   0.00000000
 -0.00001046   0.00000000     0.00004916   0.00000000     0.00104779   0.00000000
    4    7
 -0.00167482   0.00000000     0.00051994   0.00000000    -0.00004220   0.00000000
  0.00082062   0.00000000    -0.00083602   0.00000000     0.00001758   0.00000000
  0.00000831   0.00000000    -0.00000420   0.00000000    -0.00067414   0.00000000
    4    8
 -0.33821756   0.00000000     0.03071170   0.00000000    -0.00000600   0.00000000
  0.02725944   0.00000000    -0.05021263   0.00000000     0.00006421   0.00000000
  0.00002913   0.00000000     0.00001645   0.00000000    -0.04950583   0.00000000
    4    9
  0.00092433   0.00000000    -0.00015604   0.00000000    -0.00001928   0.00000000
  0.00043627   0.00000000     0.00008266   0.00000000     0.00008108   0.00000000
  0.00000319   0.00000000     0.00001787   0.00000000    -0.00003966   0.00000000
    4   10
 -0.00223984   0.00000000     0.00033435   0.00000000    -0.00006070   0.00000000
 -0.00122723   0.00000000    -0.00007316   0.00000000     0.00003791   0.00000000
 -0.00004612   0.00000000    -0.00003318   0.00000000    -0.00190561   0.00000000
    4   11
 -0.00087459   0.00000000     0.00014557   0.00000000    -0.00007532   0.00000000
 -0.00023305   0.00000000    -0.00160948   0.00000000    -0.00006352   0.00000000
  0.00002653   0.00000000    -0.00000162   0.00000000    -0.00077752   0.00000000
    4   12
 -0.10786255   0.00000000    -0.11280088   0.00000000    -0.00005910   0.00000000
 -0.11128349   0.00000000    -0.27385424   0.00000000    -0.00010429   0.00000000
 -0.00001661   0.00000000    -0.00006928   0.00000000    -0.05341797   0.00000000
    4   13
  0.00005945   0.00000000     0.00008207   0.00000000    -0.00004734   0.00000000
  0.00122811   0.00000000    -0.00102918   0.00000000    -0.00007627   0.00000000
  0.00006455   0.00000000     0.00004451   0.00000000    -0.00169673   0.00000000
    4   14
 -0.00068867   0.00000000     0.00018386   0.00000000    -0.00006025   0.00000000
 -0.00092500   0.00000000     0.00021065   0.00000000    -0.00004679   0.00000000
 -0.00006854   0.00000000    -0.00001944   0.00000000     0.00015538   0.00000000
    4   15
 -0.00108594   0.00000000     0.00026302   0.00000000     0.00023865   0.00000000
  0.00023702   0.00000000    -0.00088257   0.00000000     0.00010706   0.00000000
  0.00018657   0.00000000    -0.00023238   0.00000000    -0.00040775   0.00000000
    4   16
 -0.06646597   0.00000000     0.04241526   0.00000000    -0.06137722   0.00000000
  0.04253391   0.00000000    -0.12622713   0.00000000     0.12381210   0.00000000
 -0.06133278   0.00000000     0.12348326   0.00000000    -0.25808643   0.00000000
    4   17
 -0.00008164   0.00000000    -0.00061057   0.00000000    -0.00044053   0.00000000
 -0.00023963   0.00000000    -0.00071551   0.00000000    -0.00077555   0.00000000
 -0.00029843   0.00000000    -0.00013960   0.00000000    -0.00071531   0.00000000
    4   18
 -0.00072942   0.00000000     0.00013133   0.00000000     0.00069087   0.00000000
 -0.00070738   0.00000000    -0.00037054   0.00000000     0.00040886   0.00000000
  0.00003862   0.00000000     0.00021392   0.00000000    -0.00072696   0.00000000
    4   19
 -0.06645886   0.00000000     0.04247621   0.00000000     0.06138372   0.00000000
  0.04239144   0.00000000    -0.12621301   0.00000000    -0.12372284   0.00000000
  0.06131312   0.00000000    -0.12342269   0.00000000    -0.25799429   0.00000000
    4   20
 -0.00105461   0.00000000     0.00028638   0.00000000    -0.00022354   0.00000000
  0.00026248   0.00000000    -0.00079674   0.00000000    -0.00018719   0.00000000
 -0.00035333   0.00000000     0.00017850   0.00000000    -0.00053223   0.00000000
    4   21
 -0.00079616   0.00000000     0.00019943   0.00000000    -0.00068390   0.00000000
 -0.00073773   0.00000000    -0.00045331   0.00000000    -0.00050067   0.00000000
 -0.00005631   0.00000000    -0.00021688   0.00000000    -0.00071975   0.00000000
    4   22
 -0.00016861   0.00000000    -0.00061114   0.00000000     0.00052854   0.00000000
 -0.00032668   0.00000000    -0.00068432   0.00000000     0.00083360   0.00000000
  0.00023435   0.00000000     0.00015267   0.00000000    -0.00057206   0.00000000
    5    1
 -0.01215194   0.00000000    -0.00310877   0.00000000     0.00024435   0.00000000
 -0.00637009   0.00000000    -0.00430045   0.00000000     0.00010617   0.00000000
 -0.00028159   0.00000000     0.00006268   0.00000000     0.00445179   0.00000000
    5    2
  0.00399585   0.00000000    -0.01025536   0.00000000     0.00022080   0.00000000
 -0.01207557   0.00000000    -0.01079157   0.00000000     0.00014322   0.00000000
 -0.00024435   0.00000000     0.00004801   0.00000000    -0.02672225   0.00000000
    5    3
  0.00170848   0.00000000     0.00027762   0.00000000     0.00001046   0.00000000
 -0.00027762   0.00000000     0.00151349   0.00000000    -0.00004916   0.00000000
 -0.00001046   0.00000000    -0.00004916   0.00000000     0.00104779   0.00000000
    5    4
  0.00066944   0.00000000    -0.00087734   0.00000000     0.00009293   0.00000000
  0.00087734   0.00000000     0.00218498   0.00000000     0.00001540   0.00000000
  0.00009293   0.00000000    -0.00001540   0.00000000     0.00233654   0.00000000
    5    5
  0.59297753   0.00000000     0.01899444   0.00000000     0.00003316   0.00000000
  0.01899444   0.00000000     0.59632217   0.00000000     0.00007716   0.00000000
  0.00003316   0.00000000     0.00007716   0.00000000     0.64801559   0.00000000
    5    6
  0.00018671   0.00000000    -0.00134304   0.00000000     0.00008681   0.00000000
 -0.00134304   0.00000000    -0.00115656   0.00000000    -0.00011253   0.00000000
 -0.00008681   0.00000000     0.00011253   0.00000000    -0.00145565   0.00000000
    5    7
 -0.00223984   0.00000000    -0.00033435   0.00000000    -0.00006070   0.00000000
  0.00122723   0.00000000    -0.00007316   0.00000000    -0.00003791   0.00000000
 -0.00004612   0.00000000     0.00003318   0.00000000    -0.00190561   0.00000000
    5    8
  0.00092433   0.00000000     0.00015604   0.00000000    -0.00001928   0.00000000
 -0.00043627   0.00000000     0.00008266   0.00000000    -0.00008108   0.00000000
  0.00000319   0.00000000    -0.00001787   0.00000000    -0.00003966   0.00000000
    5    9
 -0.33821756   0.00000000    -0.03071170   0.00000000    -0.00000600   0.00000000
 -0.02725944   0.00000000    -0.05021263   0.00000000    -0.00006421   0.00000000
  0.00002913   0.00000000    -0.00001645   0.00000000    -0.04950583   0.00000000
    5   10
 -0.00167482   0.00000000    -0.00051994   0.00000000    -0.00004220   0.00000000
 -0.00082062   0.00000000    -0.00083602   0.00000000    -0.00001758   0.00000000
  0.00000831   0.00000000     0.00000420   0.00000000    -0.00067414   0.00000000
    5   11
 -0.00068867   0.00000000    -0.00018386   0.00000000    -0.00006025   0.00000000
  0.00092500   0.00000000     0.00021065   0.00000000     0.00004679   0.00000000
 -0.00006854   0.00000000     0.00001944   0.00000000     0.00015538   0.00000000
    5   12
  0.00005945   0.00000000    -0.00008207   0.00000000    -0.00004734   0.00000000
 -0.00122811   0.00000000    -0.00102918   0.00000000     0.00007627   0.00000000
  0.00006455   0.00000000    -0.00004451   0.00000000    -0.00169673   0.00000000
    5   13
 -0.10786255   0.00000000     0.11280088   0.00000000    -0.00005910   0.00000000
  0.11128349   0.00000000    -0.27385424   0.00000000     0.00010429   0.00000000
 -0.00001661   0.00000000     0.00006928   0.00000000    -0.05341797   0.00000000
    5   14
 -0.00087459   0.00000000    -0.00014557   0.00000000    -0.00007532   0.00000000
  0.00023305   0.00000000    -0.00160948   0.00000000     0.00006352   0.00000000
  0.00002653   0.00000000     0.00000162   0.00000000    -0.00077752   0.00000000
    5   15
 -0.00072942   0.00000000    -0.00013133   0.00000000     0.00069087   0.00000000
  0.00070738   0.00000000    -0.00037054   0.00000000    -0.00040886   0.00000000
  0.00003862   0.00000000    -0.00021392   0.00000000    -0.00072696   0.00000000
    5   16
 -0.00008164   0.00000000     0.00061057   0.00000000    -0.00044053   0.00000000
  0.00023963   0.00000000    -0.00071551   0.00000000     0.00077555   0.00000000
 -0.00029843   0.00000000     0.00013960   0.00000000    -0.00071531   0.00000000
    5   17
 -0.06646597   0.00000000    -0.04241526   0.00000000    -0.06137722   0.00000000
 -0.04253391   0.00000000    -0.12622713   0.00000000    -0.12381210   0.00000000
 -0.06133278   0.00000000    -0.12348326   0.00000000    -0.25808643   0.00000000
    5   18
 -0.00108594   0.00000000    -0.00026302   0.00000000     0.00023865   0.00000000
 -0.00023702   0.00000000    -0.00088257   0.00000000    -0.00010706   0.00000000
  0.00018657   0.00000000     0.00023238   0.00000000    -0.00040775   0.00000000
    5   19
 -0.00016861   0.00000000     0.00061114   0.00000000     0.00052854   0.00000000
  0.00032668   0.00000000    -0.00068432   0.00000000    -0.00083360   0.00000000
  0.00023435   0.00000000    -0.00015267   0.00000000    -0.00057206   0.00000000
    5   20
 -0.00079616   0.00000000    -0.00019943   0.00000000    -0.00068390   0.00000000
  0.00073773   0.00000000    -0.00045331   0.00000000     0.00050067   0.00000000
 -0.00005631   0.00000000     0.00021688   0.00000000    -0.00071975   0.00000000
    5   21
 -0.00105461   0.00000000    -0.00028638   0.00000000    -0.00022354   0.00000000
 -0.00026248   0.00000000    -0.00079674   0.00000000     0.00018719   0.00000000
 -0.00035333   0.00000000    -0.00017850   0.00000000    -0.00053223   0.00000000
    5   22
 -0.06645886   0.00000000    -0.04247621   0.00000000     0.06138372   0.00000000
 -0.04239144   0.00000000    -0.12621301   0.00000000     0.12372284   0.00000000
  0.06131312   0.00000000     0.12342269   0.00000000    -0.25799429   0.00000000
    6    1
 -0.01215194   0.00000000    -0.00310877   0.00000000    -0.00024435   0.00000000
 -0.00637009   0.00000000    -0.00430045   0.00000000    -0.00010617   0.00000000
  0.00028159   0.00000000    -0.00006268   0.00000000     0.00445179   0.00000000
    6    2
  0.00399585   0.00000000    -0.01025536   0.00000000    -0.00022080   0.00000000
 -0.01207557   0.00000000    -0.01079157   0.00000000    -0.00014322   0.00000000
  0.00024435   0.00000000    -0.00004801   0.00000000    -0.02672225   0.00000000
    6    3
  0.00066944   0.00000000    -0.00087734   0.00000000    -0.00009293   0.00000000
  0.00087734   0.00000000     0.00218498   0.00000000    -0.00001540   0.00000000
 -0.00009293   0.00000000     0.00001540   0.00000000     0.00233654   0.00000000
    6    4
  0.00170848   0.00000000     0.00027762   0.00000000    -0.00001046   0.00000000
 -0.00027762   0.00000000     0.00151349   0.00000000     0.00004916   0.00000000
  0.00001046   0.00000000     0.00004916   0.00000000     0.00104779   0.00000000
    6    5
  0.00018671   0.00000000    -0.00134304   0.00000000    -0.00008681   0.00000000
 -0.00134304   0.00000000    -0.00115656   0.00000000     0.00011253   0.00000000
  0.00008681   0.00000000    -0.00011253   0.00000000    -0.00145565   0.00000000
    6    6
  0.59297753   0.00000000     0.01899444   0.00000000    -0.00003316   0.00000000
  0.01899444   0.00000000     0.59632217   0.00000000    -0.00007716   0.00000000
 -0.00003316   0.00000000    -0.00007716   0.00000000     0.64801559   0.00000000
    6    7
  0.00092433   0.00000000     0.00015604   0.00000000     0.00001928   0.00000000
 -0.00043627   0.00000000     0.00008266   0.00000000     0.00008108   0.00000000
 -0.00000319   0.00000000     0.00001787   0.00000000    -0.00003966   0.00000000
    6    8
 -0.00223984   0.00000000    -0.00033435   0.00000000     0.00006070   0.00000000
  0.00122723   0.00000000    -0.00007316   0.00000000     0.00003791   0.00000000
  0.00004612   0.00000000    -0.00003318   0.00000000    -0.00190561   0.00000000
    6    9
 -0.00167482   0.00000000    -0.00051994   0.00000000     0.00004220   0.00000000
 -0.00082062   0.00000000    -0.00083602   0.00000000     0.00001758   0.00000000
 -0.00000831   0.00000000    -0.00000420   0.00000000    -0.00067414   0.00000000
    6   10
 -0.33821756   0.00000000    -0.03071170   0.00000000     0.00000600   0.00000000
 -0.02725944   0.00000000    -0.05021263   0.00000000     0.00006421   0.00000000
 -0.00002913   0.00000000     0.00001645   0.00000000    -0.04950583   0.00000000
    6   11
  0.00005945   0.00000000    -0.00008207   0.00000000     0.00004734   0.00000000
 -0.00122811   0.00000000    -0.00102918   0.00000000    -0.00007627   0.00000000
 -0.00006455   0.00000000     0.00004451   0.00000000    -0.00169673   0.00000000
    6   12
 -0.00068867   0.00000000    -0.00018386   0.00000000     0.00006025   0.00000000
  0.00092500   0.00000000     0.00021065   0.00000000    -0.00004679   0.00000000
  0.00006854   0.00000000    -0.00001944   0.00000000     0.00015538   0.00000000
    6   13
 -0.00087459   0.00000000    -0.00014557   0.00000000     0.00007532   0.00000000
  0.00023305   0.00000000    -0.00160948   0.00000000    -0.00006352   0.00000000
 -0.00002653   0.00000000    -0.00000162   0.00000000    -0.00077752   0.00000000
    6   14
 -0.10786255   0.00000000     0.11280088   0.00000000     0.00005910   0.00000000
  0.11128349   0.00000000    -0.27385424   0.00000000    -0.00010429   0.00000000
  0.00001661   0.00000000    -0.00006928   0.00000000    -0.05341797   0.00000000
    6   15
 -0.00008164   0.00000000     0.00061057   0.00000000     0.00044053   0.00000000
  0.00023963   0.00000000    -0.00071551   0.00000000    -0.00077555   0.00000000
  0.00029843   0.00000000    -0.00013960   0.00000000    -0.00071531   0.00000000
    6   16
 -0.00072942   0.00000000    -0.00013133   0.00000000    -0.00069087   0.00000000
  0.00070738   0.00000000    -0.00037054   0.00000000     0.00040886   0.00000000
 -0.00003862   0.00000000     0.00021392   0.00000000    -0.00072696   0.00000000
    6   17
 -0.00108594   0.00000000    -0.00026302   0.00000000    -0.00023865   0.00000000
 -0.00023702   0.00000000    -0.00088257   0.00000000     0.00010706   0.00000000
 -0.00018657   0.00000000    -0.00023238   0.00000000    -0.00040775   0.00000000
    6   18
 -0.06646597   0.00000000    -0.04241526   0.00000000     0.06137722   0.00000000
 -0.04253391   0.00000000    -0.12622713   0.00000000     0.12381210   0.00000000
  0.06133278   0.00000000     0.12348326   0.00000000    -0.25808643   0.00000000
    6   19
 -0.00079616   0.00000000    -0.00019943   0.00000000     0.00068390   0.00000000
  0.00073773   0.00000000    -0.00045331   0.00000000    -0.00050067   0.00000000
  0.00005631   0.00000000    -0.00021688   0.00000000    -0.00071975   0.00000000
    6   20
 -0.00016861   0.00000000     0.00061114   0.00000000    -0.00052854   0.00000000
  0.00032668   0.00000000    -0.00068432   0.00000000     0.00083360   0.00000000
 -0.00023435   0.00000000     0.00015267   0.00000000    -0.00057206   0.00000000
    6   21
 -0.06645886   0.00000000    -0.04247621   0.00000000    -0.06138372   0.00000000
 -0.04239144   0.00000000    -0.12621301   0.00000000    -0.12372284   0.00000000
 -0.06131312   0.00000000    -0.12342269   0.00000000    -0.25799429   0.00000000
    6   22
 -0.00105461   0.00000000    -0.00028638   0.00000000     0.00022354   0.00000000
 -0.00026248   0.00000000    -0.00079674   0.00000000    -0.00018719   0.00000000
  0.00035333   0.00000000     0.00017850   0.00000000    -0.00053223   0.00000000
    7    1
 -0.00753968   0.00000000     0.00103201   0.00000000    -0.00005628   0.00000000
 -0.00385855   0.00000000    -0.00525818   0.00000000     0.00008522   0.00000000
 -0.00009921   0.00000000    -0.00022237   0.00000000    -0.00546370   0.00000000
    7    2
  0.00592617   0.00000000    -0.00202374   0.00000000    -0.00002266   0.00000000
 -0.00188675   0.00000000     0.00064817   0.00000000    -0.00011441   0.00000000
 -0.00012145   0.00000000     0.00025538   0.00000000    -0.00190051   0.00000000
    7    3
 -0.33821756   0.00000000     0.02725944   0.00000000    -0.00002913   0.00000000
  0.03071170   0.00000000    -0.05021263   0.00000000    -0.00001645   0.00000000
  0.00000600   0.00000000    -0.00006421   0.00000000    -0.04950583   0.00000000
    7    4
 -0.00167482   0.00000000     0.00082062   0.00000000     0.00000831   0.00000000
  0.00051994   0.00000000    -0.00083602   0.00000000    -0.00000420   0.00000000
 -0.00004220   0.00000000     0.00001758   0.00000000    -0.00067414   0.00000000
    7    5
 -0.00223984   0.00000000     0.00122723   0.00000000    -0.00004612   0.00000000
 -0.00033435   0.00000000    -0.00007316   0.00000000     0.00003318   0.00000000
 -0.00006070   0.00000000    -0.00003791   0.00000000    -0.00190561   0.00000000
    7    6
  0.00092433   0.00000000    -0.00043627   0.00000000    -0.00000319   0.00000000
  0.00015604   0.00000000     0.00008266   0.00000000     0.00001787   0.00000000
  0.00001928   0.00000000     0.00008108   0.00000000    -0.00003966   0.00000000
    7    7
  0.38266301   0.00000000    -0.03297873   0.00000000     0.00001379   0.00000000
 -0.03297873   0.00000000     0.06113155   0.00000000    -0.00001950   0.00000000
  0.00001379   0.00000000    -0.00001950   0.00000000     0.06254974   0.00000000
    7    8
 -0.00005692   0.00000000    -0.00003196   0.00000000     0.00008661   0.00000000
 -0.00003196   0.00000000    -0.00002561   0.00000000    -0.00002730   0.00000000
 -0.00008661   0.00000000     0.00002730   0.00000000    -0.00021361   0.00000000
    7    9
 -0.00199772   0.00000000    -0.00041284   0.00000000     0.00005657   0.00000000
  0.00041284   0.00000000    -0.00004105   0.00000000    -0.00001679   0.00000000
 -0.00005657   0.00000000    -0.00001679   0.00000000    -0.00017259   0.00000000
    7   10
 -0.00029112   0.00000000     0.00011489   0.00000000    -0.00002894   0.00000000
 -0.00011489   0.00000000    -0.00024419   0.00000000     0.00000168   0.00000000
 -0.00002894   0.00000000    -0.00000168   0.00000000     0.00004888   0.00000000
    7   11
 -0.01655733   0.00000000     0.00171028   0.00000000    -0.00001436   0.00000000
 -0.03218214   0.00000000     0.00267760   0.00000000     0.00001937   0.00000000
  0.00001501   0.00000000    -0.00002153   0.00000000    -0.00264602   0.00000000
    7   12
  0.00030762   0.00000000     0.00079041   0.00000000    -0.00003928   0.00000000
  0.00066084   0.00000000    -0.00074739   0.00000000     0.00003454   0.00000000
  0.00000535   0.00000000     0.00006282   0.00000000    -0.00015078   0.00000000
    7   13
 -0.00062508   0.00000000     0.00004793   0.00000000     0.00006170   0.00000000
  0.00010520   0.00000000     0.00003955   0.00000000     0.00000972   0.00000000
  0.00003045   0.00000000    -0.00003971   0.00000000     0.00005596   0.00000000
    7   14
 -0.00033808   0.00000000     0.00010500   0.00000000     0.00006438   0.00000000
  0.00006407   0.00000000    -0.00055546   0.00000000     0.00001570   0.00000000
  0.00000225   0.00000000    -0.00000521   0.00000000     0.00008136   0.00000000
    7   15
 -0.00860890   0.00000000     0.00057316   0.00000000     0.00054582   0.00000000
  0.01919366   0.00000000    -0.00270890   0.00000000     0.00066358   0.00000000
  0.03019462   0.00000000    -0.00286978   0.00000000     0.00015577   0.00000000
    7   16
 -0.00012537   0.00000000     0.00086367   0.00000000    -0.00021014   0.00000000
  0.00012570   0.00000000    -0.00026910   0.00000000     0.00015717   0.00000000
 -0.00008594   0.00000000     0.00014501   0.00000000     0.00011750   0.00000000
    7   17
 -0.00134843   0.00000000    -0.00034733   0.00000000    -0.00055907   0.00000000
  0.00025827   0.00000000     0.00024932   0.00000000     0.00004886   0.00000000
 -0.00043582   0.00000000     0.00035676   0.00000000    -0.00006377   0.00000000
    7   18
 -0.00004214   0.00000000     0.00020449   0.00000000     0.00000826   0.00000000
 -0.00027675   0.00000000    -0.00054055   0.00000000     0.00027326   0.00000000
  0.00001161   0.00000000     0.00012864   0.00000000    -0.00013234   0.00000000
    7   19
 -0.00014955   0.00000000     0.00086290   0.00000000     0.00015679   0.00000000
  0.00017143   0.00000000    -0.00026115   0.00000000    -0.00016544   0.00000000
  0.00014821   0.00000000    -0.00019476   0.00000000    -0.00003667   0.00000000
    7   20
 -0.00867392   0.00000000     0.00059660   0.00000000    -0.00056384   0.00000000
  0.01918274   0.00000000    -0.00272323   0.00000000    -0.00065504   0.00000000
 -0.03016173   0.00000000     0.00282095   0.00000000     0.00016586   0.00000000
    7   21
  0.00000928   0.00000000     0.00014655   0.00000000    -0.00009731   0.00000000
 -0.00029777   0.00000000    -0.00050987   0.00000000    -0.00024326   0.00000000
  0.00006708   0.00000000    -0.00008692   0.00000000    -0.00004977   0.00000000
    7   22
 -0.00143966   0.00000000    -0.00030627   0.00000000     0.00060603   0.00000000
  0.00029435   0.00000000     0.00023498   0.00000000    -0.00005549   0.00000000
  0.00045502   0.00000000    -0.00029020   0.00000000    -0.00017184   0.00000000
    8    1
 -0.00753968   0.00000000     0.00103201   0.00000000     0.00005628   0.00000000
 -0.00385855   0.00000000    -0.00525818   0.00000000    -0.00008522   0.00000000
  0.00009921   0.00000000     0.00022237   0.00000000    -0.00546370   0.00000000
    8    2
  0.00592617   0.00000000    -0.00202374   0.00000000     0.00002266   0.00000000
 -0.00188675   0.00000000     0.00064817   0.00000000     0.00011441   0.00000000
  0.00012145   0.00000000    -0.00025538   0.00000000    -0.00190051   0.00000000
    8    3
 -0.00167482   0.00000000     0.00082062   0.00000000    -0.00000831   0.00000000
  0.00051994   0.00000000    -0.00083602   0.00000000     0.00000420   0.00000000
  0.00004220   0.00000000    -0.00001758   0.00000000    -0.00067414   0.00000000
    8    4
 -0.33821756   0.00000000     0.02725944   0.00000000     0.00002913   0.00000000
  0.03071170   0.00000000    -0.05021263   0.00000000     0.00001645   0.00000000
 -0.00000600   0.00000000     0.00006421   0.00000000    -0.04950583   0.00000000
    8    5
  0.00092433   0.00000000    -0.00043627   0.00000000     0.00000319   0.00000000
  0.00015604   0.00000000     0.00008266   0.00000000    -0.00001787   0.00000000
 -0.00001928   0.00000000    -0.00008108   0.00000000    -0.00003966   0.00000000
    8    6
 -0.00223984   0.00000000     0.00122723   0.00000000     0.00004612   0.00000000
 -0.00033435   0.00000000    -0.00007316   0.00000000    -0.00003318   0.00000000
  0.00006070   0.00000000     0.00003791   0.00000000    -0.00190561   0.00000000
    8    7
 -0.00005692   0.00000000    -0.00003196   0.00000000    -0.00008661   0.00000000
 -0.00003196   0.00000000    -0.00002561   0.00000000     0.00002730   0.00000000
  0.00008661   0.00000000    -0.00002730   0.00000000    -0.00021361   0.00000000
    8    8
  0.38266301   0.00000000    -0.03297873   0.00000000    -0.00001379   0.00000000
 -0.03297873   0.00000000     0.06113155   0.00000000     0.00001950   0.00000000
 -0.00001379   0.00000000     0.00001950   0.00000000     0.06254974   0.00000000
    8    9
 -0.00029112   0.00000000     0.00011489   0.00000000     0.00002894   0.00000000
 -0.00011489   0.00000000    -0.00024419   0.00000000    -0.00000168   0.00000000
  0.00002894   0.00000000     0.00000168   0.00000000     0.00004888   0.00000000
    8   10
 -0.00199772   0.00000000    -0.00041284   0.00000000    -0.00005657   0.00000000
  0.00041284   0.00000000    -0.00004105   0.00000000     0.00001679   0.00000000
  0.00005657   0.00000000     0.00001679   0.00000000    -0.00017259   0.00000000
    8   11
  0.00030762   0.00000000     0.00079041   0.00000000     0.00003928   0.00000000
  0.00066084   0.00000000    -0.00074739   0.00000000    -0.00003454   0.00000000
 -0.00000535   0.00000000    -0.00006282   0.00000000    -0.00015078   0.00000000
    8   12
 -0.01655733   0.00000000     0.00171028   0.00000000     0.00001436   0.00000000
 -0.03218214   0.00000000     0.00267760   0.00000000    -0.00001937   0.00000000
 -0.00001501   0.00000000     0.00002153   0.00000000    -0.00264602   0.00000000
    8   13
 -0.00033808   0.00000000     0.00010500   0.00000000    -0.00006438   0.00000000
  0.00006407   0.00000000    -0.00055546   0.00000000    -0.00001570   0.00000000
 -0.00000225   0.00000000     0.00000521   0.00000000     0.00008136   0.00000000
    8   14
 -0.00062508   0.00000000     0.00004793   0.00000000    -0.00006170   0.00000000
  0.00010520   0.00000000     0.00003955   0.00000000    -0.00000972   0.00000000
 -0.00003045   0.00000000     0.00003971   0.00000000     0.00005596   0.00000000
    8   15
 -0.00012537   0.00000000     0.00086367   0.00000000     0.00021014   0.00000000
  0.00012570   0.00000000    -0.00026910   0.00000000    -0.00015717   0.00000000
  0.00008594   0.00000000    -0.00014501   0.00000000     0.00011750   0.00000000
    8   16
 -0.00860890   0.00000000     0.00057316   0.00000000    -0.00054582   0.00000000
  0.01919366   0.00000000    -0.00270890   0.00000000    -0.00066358   0.00000000
 -0.03019462   0.00000000     0.00286978   0.00000000     0.00015577   0.00000000
    8   17
 -0.00004214   0.00000000     0.00020449   0.00000000    -0.00000826   0.00000000
 -0.00027675   0.00000000    -0.00054055   0.00000000    -0.00027326   0.00000000
 -0.00001161   0.00000000    -0.00012864   0.00000000    -0.00013234   0.00000000
    8   18
 -0.00134843   0.00000000    -0.00034733   0.00000000     0.00055907   0.00000000
  0.00025827   0.00000000     0.00024932   0.00000000    -0.00004886   0.00000000
  0.00043582   0.00000000    -0.00035676   0.00000000    -0.00006377   0.00000000
    8   19
 -0.00867392   0.00000000     0.00059660   0.00000000     0.00056384   0.00000000
  0.01918274   0.00000000    -0.00272323   0.00000000     0.00065504   0.00000000
  0.03016173   0.00000000    -0.00282095   0.00000000     0.00016586   0.00000000
    8   20
 -0.00014955   0.00000000     0.00086290   0.00000000    -0.00015679   0.00000000
  0.00017143   0.00000000    -0.00026115   0.00000000     0.00016544   0.00000000
 -0.00014821   0.00000000     0.00019476   0.00000000    -0.00003667   0.00000000
    8   21
 -0.00143966   0.00000000    -0.00030627   0.00000000    -0.00060603   0.00000000
  0.00029435   0.00000000     0.00023498   0.00000000     0.00005549   0.00000000
 -0.00045502   0.00000000     0.00029020   0.00000000    -0.00017184   0.00000000
    8   22
  0.00000928   0.00000000     0.00014655   0.00000000     0.00009731   0.00000000
 -0.00029777   0.00000000    -0.00050987   0.00000000     0.00024326   0.00000000
 -0.00006708   0.00000000     0.00008692   0.00000000    -0.00004977   0.00000000
    9    1
  0.00592617   0.00000000     0.00202374   0.00000000     0.00002266   0.00000000
  0.00188675   0.00000000     0.00064817   0.00000000    -0.00011441   0.00000000
  0.00012145   0.00000000     0.00025538   0.00000000    -0.00190051   0.00000000
    9    2
 -0.00753968   0.00000000    -0.00103201   0.00000000     0.00005628   0.00000000
  0.00385855   0.00000000    -0.00525818   0.00000000     0.00008522   0.00000000
  0.00009921   0.00000000    -0.00022237   0.00000000    -0.00546370   0.00000000
    9    3
 -0.00223984   0.00000000    -0.00122723   0.00000000     0.00004612   0.00000000
  0.00033435   0.00000000    -0.00007316   0.00000000     0.00003318   0.00000000
  0.00006070   0.00000000    -0.00003791   0.00000000    -0.00190561   0.00000000
    9    4
  0.00092433   0.00000000     0.00043627   0.00000000     0.00000319   0.00000000
 -0.00015604   0.00000000     0.00008266   0.00000000     0.00001787   0.00000000
 -0.00001928   0.00000000     0.00008108   0.00000000    -0.00003966   0.00000000
    9    5
 -0.33821756   0.00000000    -0.02725944   0.00000000     0.00002913   0.00000000
 -0.03071170   0.00000000    -0.05021263   0.00000000    -0.00001645   0.00000000
 -0.00000600   0.00000000    -0.00006421   0.00000000    -0.04950583   0.00000000
    9    6
 -0.00167482   0.00000000    -0.00082062   0.00000000    -0.00000831   0.00000000
 -0.00051994   0.00000000    -0.00083602   0.00000000    -0.00000420   0.00000000
  0.00004220   0.00000000     0.00001758   0.00000000    -0.00067414   0.00000000
    9    7
 -0.00199772   0.00000000     0.00041284   0.00000000    -0.00005657   0.00000000
 -0.00041284   0.00000000    -0.00004105   0.00000000    -0.00001679   0.00000000
  0.00005657   0.00000000    -0.00001679   0.00000000    -0.00017259   0.00000000
    9    8
 -0.00029112   0.00000000    -0.00011489   0.00000000     0.00002894   0.00000000
  0.00011489   0.00000000    -0.00024419   0.00000000     0.00000168   0.00000000
  0.00002894   0.00000000    -0.00000168   0.00000000     0.00004888   0.00000000
    9    9
  0.38266301   0.00000000     0.03297873   0.00000000    -0.00001379   0.00000000
  0.03297873   0.00000000     0.06113155   0.00000000    -0.00001950   0.00000000
 -0.00001379   0.00000000    -0.00001950   0.00000000     0.06254974   0.00000000
    9   10
 -0.00005692   0.00000000     0.00003196   0.00000000    -0.00008661   0.00000000
  0.00003196   0.00000000    -0.00002561   0.00000000    -0.00002730   0.00000000
  0.00008661   0.00000000     0.00002730   0.00000000    -0.00021361   0.00000000
    9   11
 -0.00062508   0.00000000    -0.00004793   0.00000000    -0.00006170   0.00000000
 -0.00010520   0.00000000     0.00003955   0.00000000     0.00000972   0.00000000
 -0.00003045   0.00000000    -0.00003971   0.00000000     0.00005596   0.00000000
    9   12
 -0.00033808   0.00000000    -0.00010500   0.00000000    -0.00006438   0.00000000
 -0.00006407   0.00000000    -0.00055546   0.00000000     0.00001570   0.00000000
 -0.00000225   0.00000000    -0.00000521   0.00000000     0.00008136   0.00000000
    9   13
 -0.01655733   0.00000000    -0.00171028   0.00000000     0.00001436   0.00000000
  0.03218214   0.00000000     0.00267760   0.00000000     0.00001937   0.00000000
 -0.00001501   0.00000000    -0.00002153   0.00000000    -0.00264602   0.00000000
    9   14
  0.00030762   0.00000000    -0.00079041   0.00000000     0.00003928   0.00000000
 -0.00066084   0.00000000    -0.00074739   0.00000000     0.00003454   0.00000000
 -0.00000535   0.00000000     0.00006282   0.00000000    -0.00015078   0.00000000
    9   15
 -0.00134843   0.00000000     0.00034733   0.00000000     0.00055907   0.00000000
 -0.00025827   0.00000000     0.00024932   0.00000000     0.00004886   0.00000000
  0.00043582   0.00000000     0.00035676   0.00000000    -0.00006377   0.00000000
    9   16
 -0.00004214   0.00000000    -0.00020449   0.00000000    -0.00000826   0.00000000
  0.00027675   0.00000000    -0.00054055   0.00000000     0.00027326   0.00000000
 -0.00001161   0.00000000     0.00012864   0.00000000    -0.00013234   0.00000000
    9   17
 -0.00860890   0.00000000    -0.00057316   0.00000000    -0.00054582   0.00000000
 -0.01919366   0.00000000    -0.00270890   0.00000000     0.00066358   0.00000000
 -0.03019462   0.00000000    -0.00286978   0.00000000     0.00015577   0.00000000
    9   18
 -0.00012537   0.00000000    -0.00086367   0.00000000     0.00021014   0.00000000
 -0.00012570   0.00000000    -0.00026910   0.00000000     0.00015717   0.00000000
  0.00008594   0.00000000     0.00014501   0.00000000     0.00011750   0.00000000
    9   19
  0.00000928   0.00000000    -0.00014655   0.00000000     0.00009731   0.00000000
  0.00029777   0.00000000    -0.00050987   0.00000000    -0.00024326   0.00000000
 -0.00006708   0.00000000    -0.00008692   0.00000000    -0.00004977   0.00000000
    9   20
 -0.00143966   0.00000000     0.00030627   0.00000000    -0.00060603   0.00000000
 -0.00029435   0.00000000     0.00023498   0.00000000    -0.00005549   0.00000000
 -0.00045502   0.00000000    -0.00029020   0.00000000    -0.00017184   0.00000000
    9   21
 -0.00014955   0.00000000    -0.00086290   0.00000000    -0.00015679   0.00000000
 -0.00017143   0.00000000    -0.00026115   0.00000000    -0.00016544   0.00000000
 -0.00014821   0.00000000    -0.00019476   0.00000000    -0.00003667   0.00000000
    9   22
 -0.00867392   0.00000000    -0.00059660   0.00000000     0.00056384   0.00000000
 -0.01918274   0.00000000    -0.00272323   0.00000000    -0.00065504   0.00000000
  0.03016173   0.00000000     0.00282095   0.00000000     0.00016586   0.00000000
   10    1
  0.00592617   0.00000000     0.00202374   0.00000000    -0.00002266   0.00000000
  0.00188675   0.00000000     0.00064817   0.00000000     0.00011441   0.00000000
 -0.00012145   0.00000000    -0.00025538   0.00000000    -0.00190051   0.00000000
   10    2
 -0.00753968   0.00000000    -0.00103201   0.00000000    -0.00005628   0.00000000
  0.00385855   0.00000000    -0.00525818   0.00000000    -0.00008522   0.00000000
 -0.00009921   0.00000000     0.00022237   0.00000000    -0.00546370   0.00000000
   10    3
  0.00092433   0.00000000     0.00043627   0.00000000    -0.00000319   0.00000000
 -0.00015604   0.00000000     0.00008266   0.00000000    -0.00001787   0.00000000
  0.00001928   0.00000000    -0.00008108   0.00000000    -0.00003966   0.00000000
   10    4
 -0.00223984   0.00000000    -0.00122723   0.00000000    -0.00004612   0.00000000
  0.00033435   0.00000000    -0.00007316   0.00000000    -0.00003318   0.00000000
 -0.00006070   0.00000000     0.00003791   0.00000000    -0.00190561   0.00000000
   10    5
 -0.00167482   0.00000000    -0.00082062   0.00000000     0.00000831   0.00000000
 -0.00051994   0.00000000    -0.00083602   0.00000000     0.00000420   0.00000000
 -0.00004220   0.00000000    -0.00001758   0.00000000    -0.00067414   0.00000000
   10    6
 -0.33821756   0.00000000    -0.02725944   0.00000000    -0.00002913   0.00000000
 -0.03071170   0.00000000    -0.05021263   0.00000000     0.00001645   0.00000000
  0.00000600   0.00000000     0.00006421   0.00000000    -0.04950583   0.00000000
   10    7
 -0.00029112   0.00000000    -0.00011489   0.00000000    -0.00002894   0.00000000
  0.00011489   0.00000000    -0.00024419   0.00000000    -0.00000168   0.00000000
 -0.00002894   0.00000000     0.00000168   0.00000000     0.00004888   0.00000000
   10    8
 -0.00199772   0.00000000     0.00041284   0.00000000     0.00005657   0.00000000
 -0.00041284   0.00000000    -0.00004105   0.00000000     0.00001679   0.00000000
 -0.00005657   0.00000000     0.00001679   0.00000000    -0.00017259   0.00000000
   10    9
 -0.00005692   0.00000000     0.00003196   0.00000000     0.00008661   0.00000000
  0.00003196   0.00000000    -0.00002561   0.00000000     0.00002730   0.00000000
 -0.00008661   0.00000000    -0.00002730   0.00000000    -0.00021361   0.00000000
   10   10
  0.38266301   0.00000000     0.03297873   0.00000000     0.00001379   0.00000000
  0.03297873   0.00000000     0.06113155   0.00000000     0.00001950   0.00000000
  0.00001379   0.00000000     0.00001950   0.00000000     0.06254974   0.00000000
   10   11
 -0.00033808   0.00000000    -0.00010500   0.00000000     0.00006438   0.00000000
 -0.00006407   0.00000000    -0.00055546   0.00000000    -0.00001570   0.00000000
  0.00000225   0.00000000     0.00000521   0.00000000     0.00008136   0.00000000
   10   12
 -0.00062508   0.00000000    -0.00004793   0.00000000     0.00006170   0.00000000
 -0.00010520   0.00000000     0.00003955   0.00000000    -0.00000972   0.00000000
  0.00003045   0.00000000     0.00003971   0.00000000     0.00005596   0.00000000
   10   13
  0.00030762   0.00000000    -0.00079041   0.00000000    -0.00003928   0.00000000
 -0.00066084   0.00000000    -0.00074739   0.00000000    -0.00003454   0.00000000
  0.00000535   0.00000000    -0.00006282   0.00000000    -0.00015078   0.00000000
   10   14
 -0.01655733   0.00000000    -0.00171028   0.00000000    -0.00001436   0.00000000
  0.03218214   0.00000000     0.00267760   0.00000000    -0.00001937   0.00000000
  0.00001501   0.00000000     0.00002153   0.00000000    -0.00264602   0.00000000
   10   15
 -0.00004214   0.00000000    -0.00020449   0.00000000     0.00000826   0.00000000
  0.00027675   0.00000000    -0.00054055   0.00000000    -0.00027326   0.00000000
  0.00001161   0.00000000    -0.00012864   0.00000000    -0.00013234   0.00000000
   10   16
 -0.00134843   0.00000000     0.00034733   0.00000000    -0.00055907   0.00000000
 -0.00025827   0.00000000     0.00024932   0.00000000    -0.00004886   0.00000000
 -0.00043582   0.00000000    -0.00035676   0.00000000    -0.00006377   0.00000000
   10   17
 -0.00012537   0.00000000    -0.00086367   0.00000000    -0.00021014   0.00000000
 -0.00012570   0.00000000    -0.00026910   0.00000000    -0.00015717   0.00000000
 -0.00008594   0.00000000    -0.00014501   0.00000000     0.00011750   0.00000000
   10   18
 -0.00860890   0.00000000    -0.00057316   0.00000000     0.00054582   0.00000000
 -0.01919366   0.00000000    -0.00270890   0.00000000    -0.00066358   0.00000000
  0.03019462   0.00000000     0.00286978   0.00000000     0.00015577   0.00000000
   10   19
 -0.00143966   0.00000000     0.00030627   0.00000000     0.00060603   0.00000000
 -0.00029435   0.00000000     0.00023498   0.00000000     0.00005549   0.00000000
  0.00045502   0.00000000     0.00029020   0.00000000    -0.00017184   0.00000000
   10   20
  0.00000928   0.00000000    -0.00014655   0.00000000    -0.00009731   0.00000000
  0.00029777   0.00000000    -0.00050987   0.00000000     0.00024326   0.00000000
  0.00006708   0.00000000     0.00008692   0.00000000    -0.00004977   0.00000000
   10   21
 -0.00867392   0.00000000    -0.00059660   0.00000000    -0.00056384   0.00000000
 -0.01918274   0.00000000    -0.00272323   0.00000000     0.00065504   0.00000000
 -0.03016173   0.00000000    -0.00282095   0.00000000     0.00016586   0.00000000
   10   22
 -0.00014955   0.00000000    -0.00086290   0.00000000     0.00015679   0.00000000
 -0.00017143   0.00000000    -0.00026115   0.00000000     0.00016544   0.00000000
  0.00014821   0.00000000     0.00019476   0.00000000    -0.00003667   0.00000000
   11    1
 -0.00674361   0.00000000    -0.00461043   0.00000000    -0.00022015   0.00000000
 -0.00008761   0.00000000    -0.00544255   0.00000000    -0.00003210   0.00000000
  0.00003366   0.00000000     0.00002616   0.00000000    -0.00296254   0.00000000
   11    2
  0.00394213   0.00000000     0.00016463   0.00000000     0.00021140   0.00000000
 -0.00443631   0.00000000     0.00163432   0.00000000     0.00005123   0.00000000
  0.00010480   0.00000000     0.00008138   0.00000000    -0.00110680   0.00000000
   11    3
 -0.10786255   0.00000000    -0.11128349   0.00000000     0.00001661   0.00000000
 -0.11280088   0.00000000    -0.27385424   0.00000000     0.00006928   0.00000000
  0.00005910   0.00000000     0.00010429   0.00000000    -0.05341797   0.00000000
   11    4
 -0.00087459   0.00000000    -0.00023305   0.00000000     0.00002653   0.00000000
  0.00014557   0.00000000    -0.00160948   0.00000000    -0.00000162   0.00000000
 -0.00007532   0.00000000    -0.00006352   0.00000000    -0.00077752   0.00000000
   11    5
 -0.00068867   0.00000000     0.00092500   0.00000000    -0.00006854   0.00000000
 -0.00018386   0.00000000     0.00021065   0.00000000     0.00001944   0.00000000
 -0.00006025   0.00000000     0.00004679   0.00000000     0.00015538   0.00000000
   11    6
  0.00005945   0.00000000    -0.00122811   0.00000000    -0.00006455   0.00000000
 -0.00008207   0.00000000    -0.00102918   0.00000000     0.00004451   0.00000000
  0.00004734   0.00000000    -0.00007627   0.00000000    -0.00169673   0.00000000
   11    7
 -0.01655733   0.00000000    -0.03218214   0.00000000     0.00001501   0.00000000
  0.00171028   0.00000000     0.00267760   0.00000000    -0.00002153   0.00000000
 -0.00001436   0.00000000     0.00001937   0.00000000    -0.00264602   0.00000000
   11    8
  0.00030762   0.00000000     0.00066084   0.00000000    -0.00000535   0.00000000
  0.00079041   0.00000000    -0.00074739   0.00000000    -0.00006282   0.00000000
  0.00003928   0.00000000    -0.00003454   0.00000000    -0.00015078   0.00000000
   11    9
 -0.00062508   0.00000000    -0.00010520   0.00000000    -0.00003045   0.00000000
 -0.00004793   0.00000000     0.00003955   0.00000000    -0.00003971   0.00000000
 -0.00006170   0.00000000     0.00000972   0.00000000     0.00005596   0.00000000
   11   10
 -0.00033808   0.00000000    -0.00006407   0.00000000     0.00000225   0.00000000
 -0.00010500   0.00000000    -0.00055546   0.00000000     0.00000521   0.00000000
  0.00006438   0.00000000    -0.00001570   0.00000000     0.00008136   0.00000000
   11   11
  0.12191072   0.00000000     0.12841279   0.00000000     0.00002303   0.00000000
  0.12841279   0.00000000     0.31509089   0.00000000     0.00004193   0.00000000
  0.00002303   0.00000000     0.00004193   0.00000000     0.06218952   0.00000000
   11   12
  0.00016720   0.00000000    -0.00013897   0.00000000     0.00004525   0.00000000
 -0.00013897   0.00000000    -0.00023386   0.00000000     0.00006541   0.00000000
 -0.00004525   0.00000000    -0.00006541   0.00000000    -0.00001561   0.00000000
   11   13
 -0.00005033   0.00000000    -0.00013792   0.00000000    -0.00004531   0.00000000
  0.00013792   0.00000000     0.00052726   0.00000000    -0.00008339   0.00000000
  0.00004531   0.00000000    -0.00008339   0.00000000     0.00018641   0.00000000
   11   14
 -0.00031676   0.00000000    -0.00003389   0.00000000    -0.00003928   0.00000000
  0.00003389   0.00000000    -0.00175620   0.00000000    -0.00005516   0.00000000
 -0.00003928   0.00000000     0.00005516   0.00000000    -0.00035434   0.00000000
   11   15
  0.00410870   0.00000000     0.01085506   0.00000000    -0.00079086   0.00000000
 -0.00787739   0.00000000    -0.01642768   0.00000000     0.00008019   0.00000000
 -0.01380644   0.00000000    -0.02657587   0.00000000    -0.00013080   0.00000000
   11   16
  0.00026490   0.00000000    -0.00012040   0.00000000     0.00005212   0.00000000
  0.00068484   0.00000000    -0.00047148   0.00000000     0.00032527   0.00000000
 -0.00007874   0.00000000     0.00012157   0.00000000     0.00008985   0.00000000
   11   17
 -0.00040280   0.00000000    -0.00039270   0.00000000    -0.00016315   0.00000000
  0.00036063   0.00000000     0.00023200   0.00000000     0.00000833   0.00000000
  0.00007608   0.00000000    -0.00002472   0.00000000    -0.00003262   0.00000000
   11   18
 -0.00007946   0.00000000    -0.00022378   0.00000000     0.00009127   0.00000000
 -0.00004836   0.00000000    -0.00089444   0.00000000     0.00039729   0.00000000
 -0.00017975   0.00000000     0.00022643   0.00000000    -0.00002601   0.00000000
   11   19
  0.00027044   0.00000000    -0.00012108   0.00000000    -0.00003106   0.00000000
  0.00068806   0.00000000    -0.00043749   0.00000000    -0.00023419   0.00000000
  0.00004041   0.00000000    -0.00010492   0.00000000     0.00015339   0.00000000
   11   20
  0.00415265   0.00000000     0.01086823   0.00000000     0.00079838   0.00000000
 -0.00785571   0.00000000    -0.01642840   0.00000000    -0.00009900   0.00000000
  0.01385328   0.00000000     0.02660709   0.00000000    -0.00009975   0.00000000
   11   21
 -0.00013301   0.00000000    -0.00020528   0.00000000    -0.00008936   0.00000000
 -0.00016592   0.00000000    -0.00084384   0.00000000    -0.00035632   0.00000000
  0.00018642   0.00000000    -0.00034693   0.00000000    -0.00008712   0.00000000
   11   22
 -0.00038671   0.00000000    -0.00039358   0.00000000     0.00014563   0.00000000
  0.00039937   0.00000000     0.00017112   0.00000000     0.00000099   0.00000000
 -0.00006341   0.00000000     0.00015529   0.00000000    -0.00015952   0.00000000
   12    1
 -0.00674361   0.00000000    -0.00461043   0.00000000     0.00022015   0.00000000
 -0.00008761   0.00000000    -0.00544255   0.00000000     0.00003210   0.00000000
 -0.00003366   0.00000000    -0.00002616   0.00000000    -0.00296254   0.00000000
   12    2
  0.00394213   0.00000000     0.00016463   0.00000000    -0.00021140   0.00000000
 -0.00443631   0.00000000     0.00163432   0.00000000    -0.00005123   0.00000000
 -0.00010480   0.00000000    -0.00008138   0.00000000    -0.00110680   0.00000000
   12    3
 -0.00087459   0.00000000    -0.00023305   0.00000000    -0.00002653   0.00000000
  0.00014557   0.00000000    -0.00160948   0.00000000     0.00000162   0.00000000
  0.00007532   0.00000000     0.00006352   0.00000000    -0.00077752   0.00000000
   12    4
 -0.10786255   0.00000000    -0.11128349   0.00000000    -0.00001661   0.00000000
 -0.11280088   0.00000000    -0.27385424   0.00000000    -0.00006928   0.00000000
 -0.00005910   0.00000000    -0.00010429   0.00000000    -0.05341797   0.00000000
   12    5
  0.00005945   0.00000000    -0.00122811   0.00000000     0.00006455   0.00000000
 -0.00008207   0.00000000    -0.00102918   0.00000000    -0.00004451   0.00000000
 -0.00004734   0.00000000     0.00007627   0.00000000    -0.00169673   0.00000000
   12    6
 -0.00068867   0.00000000     0.00092500   0.00000000     0.00006854   0.00000000
 -0.00018386   0.00000000     0.00021065   0.00000000    -0.00001944   0.00000000
  0.00006025   0.00000000    -0.00004679   0.00000000     0.00015538   0.00000000
   12    7
  0.00030762   0.00000000     0.00066084   0.00000000     0.00000535   0.00000000
  0.00079041   0.00000000    -0.00074739   0.00000000     0.00006282   0.00000000
 -0.00003928   0.00000000     0.00003454   0.00000000    -0.00015078   0.00000000
   12    8
 -0.01655733   0.00000000    -0.03218214   0.00000000    -0.00001501   0.00000000
  0.00171028   0.00000000     0.00267760   0.00000000     0.00002153   0.00000000
  0.00001436   0.00000000    -0.00001937   0.00000000    -0.00264602   0.00000000
   12    9
 -0.00033808   0.00000000    -0.00006407   0.00000000    -0.00000225   0.00000000
 -0.00010500   0.00000000    -0.00055546   0.00000000    -0.00000521   0.00000000
 -0.00006438   0.00000000     0.00001570   0.00000000     0.00008136   0.00000000
   12   10
 -0.00062508   0.00000000    -0.00010520   0.00000000     0.00003045   0.00000000
 -0.00004793   0.00000000     0.00003955   0.00000000     0.00003971   0.00000000
  0.00006170   0.00000000    -0.00000972   0.00000000     0.00005596   0.00000000
   12   11
  0.00016720   0.00000000    -0.00013897   0.00000000    -0.00004525   0.00000000
 -0.00013897   0.00000000    -0.00023386   0.00000000    -0.00006541   0.00000000
  0.00004525   0.00000000     0.00006541   0.00000000    -0.00001561   0.00000000
   12   12
  0.12191072   0.00000000     0.12841279   0.00000000    -0.00002303   0.00000000
  0.12841279   0.00000000     0.31509089   0.00000000    -0.00004193   0.00000000
 -0.00002303   0.00000000    -0.00004193   0.00000000     0.06218952   0.00000000
   12   13
 -0.00031676   0.00000000    -0.00003389   0.00000000     0.00003928   0.00000000
  0.00003389   0.00000000    -0.00175620   0.00000000     0.00005516   0.00000000
  0.00003928   0.00000000    -0.00005516   0.00000000    -0.00035434   0.00000000
   12   14
 -0.00005033   0.00000000    -0.00013792   0.00000000     0.00004531   0.00000000
  0.00013792   0.00000000     0.00052726   0.00000000     0.00008339   0.00000000
 -0.00004531   0.00000000     0.00008339   0.00000000     0.00018641   0.00000000
   12   15
  0.00026490   0.00000000    -0.00012040   0.00000000    -0.00005212   0.00000000
  0.00068484   0.00000000    -0.00047148   0.00000000    -0.00032527   0.00000000
  0.00007874   0.00000000    -0.00012157   0.00000000     0.00008985   0.00000000
   12   16
  0.00410870   0.00000000     0.01085506   0.00000000     0.00079086   0.00000000
 -0.00787739   0.00000000    -0.01642768   0.00000000    -0.00008019   0.00000000
  0.01380644   0.00000000     0.02657587   0.00000000    -0.00013080   0.00000000
   12   17
 -0.00007946   0.00000000    -0.00022378   0.00000000    -0.00009127   0.00000000
 -0.00004836   0.00000000    -0.00089444   0.00000000    -0.00039729   0.00000000
  0.00017975   0.00000000    -0.00022643   0.00000000    -0.00002601   0.00000000
   12   18
 -0.00040280   0.00000000    -0.00039270   0.00000000     0.00016315   0.00000000
  0.00036063   0.00000000     0.00023200   0.00000000    -0.00000833   0.00000000
 -0.00007608   0.00000000     0.00002472   0.00000000    -0.00003262   0.00000000
   12   19
  0.00415265   0.00000000     0.01086823   0.00000000    -0.00079838   0.00000000
 -0.00785571   0.00000000    -0.01642840   0.00000000     0.00009900   0.00000000
 -0.01385328   0.00000000    -0.02660709   0.00000000    -0.00009975   0.00000000
   12   20
  0.00027044   0.00000000    -0.00012108   0.00000000     0.00003106   0.00000000
  0.00068806   0.00000000    -0.00043749   0.00000000     0.00023419   0.00000000
 -0.00004041   0.00000000     0.00010492   0.00000000     0.00015339   0.00000000
   12   21
 -0.00038671   0.00000000    -0.00039358   0.00000000    -0.00014563   0.00000000
  0.00039937   0.00000000     0.00017112   0.00000000    -0.00000099   0.00000000
  0.00006341   0.00000000    -0.00015529   0.00000000    -0.00015952   0.00000000
   12   22
 -0.00013301   0.00000000    -0.00020528   0.00000000     0.00008936   0.00000000
 -0.00016592   0.00000000    -0.00084384   0.00000000     0.00035632   0.00000000
 -0.00018642   0.00000000     0.00034693   0.00000000    -0.00008712   0.00000000
   13    1
  0.00394213   0.00000000    -0.00016463   0.00000000    -0.00021140   0.00000000
  0.00443631   0.00000000     0.00163432   0.00000000     0.00005123   0.00000000
 -0.00010480   0.00000000     0.00008138   0.00000000    -0.00110680   0.00000000
   13    2
 -0.00674361   0.00000000     0.00461043   0.00000000     0.00022015   0.00000000
  0.00008761   0.00000000    -0.00544255   0.00000000    -0.00003210   0.00000000
 -0.00003366   0.00000000     0.00002616   0.00000000    -0.00296254   0.00000000
   13    3
 -0.00068867   0.00000000    -0.00092500   0.00000000     0.00006854   0.00000000
  0.00018386   0.00000000     0.00021065   0.00000000     0.00001944   0.00000000
  0.00006025   0.00000000     0.00004679   0.00000000     0.00015538   0.00000000
   13    4
  0.00005945   0.00000000     0.00122811   0.00000000     0.00006455   0.00000000
  0.00008207   0.00000000    -0.00102918   0.00000000     0.00004451   0.00000000
 -0.00004734   0.00000000    -0.00007627   0.00000000    -0.00169673   0.00000000
   13    5
 -0.10786255   0.00000000     0.11128349   0.00000000    -0.00001661   0.00000000
  0.11280088   0.00000000    -0.27385424   0.00000000     0.00006928   0.00000000
 -0.00005910   0.00000000     0.00010429   0.00000000    -0.05341797   0.00000000
   13    6
 -0.00087459   0.00000000     0.00023305   0.00000000    -0.00002653   0.00000000
 -0.00014557   0.00000000    -0.00160948   0.00000000    -0.00000162   0.00000000
  0.00007532   0.00000000    -0.00006352   0.00000000    -0.00077752   0.00000000
   13    7
 -0.00062508   0.00000000     0.00010520   0.00000000     0.00003045   0.00000000
  0.00004793   0.00000000     0.00003955   0.00000000    -0.00003971   0.00000000
  0.00006170   0.00000000     0.00000972   0.00000000     0.00005596   0.00000000
   13    8
 -0.00033808   0.00000000     0.00006407   0.00000000    -0.00000225   0.00000000
  0.00010500   0.00000000    -0.00055546   0.00000000     0.00000521   0.00000000
 -0.00006438   0.00000000    -0.00001570   0.00000000     0.00008136   0.00000000
   13    9
 -0.01655733   0.00000000     0.03218214   0.00000000    -0.00001501   0.00000000
 -0.00171028   0.00000000     0.00267760   0.00000000    -0.00002153   0.00000000
  0.00001436   0.00000000     0.00001937   0.00000000    -0.00264602   0.00000000
   13   10
  0.00030762   0.00000000    -0.00066084   0.00000000     0.00000535   0.00000000
 -0.00079041   0.00000000    -0.00074739   0.00000000    -0.00006282   0.00000000
 -0.00003928   0.00000000    -0.00003454   0.00000000    -0.00015078   0.00000000
   13   11
 -0.00005033   0.00000000     0.00013792   0.00000000     0.00004531   0.00000000
 -0.00013792   0.00000000     0.00052726   0.00000000    -0.00008339   0.00000000
 -0.00004531   0.00000000    -0.00008339   0.00000000     0.00018641   0.00000000
   13   12
 -0.00031676   0.00000000     0.00003389   0.00000000     0.00003928   0.00000000
 -0.00003389   0.00000000    -0.00175620   0.00000000    -0.00005516   0.00000000
  0.00003928   0.00000000     0.00005516   0.00000000    -0.00035434   0.00000000
   13   13
  0.12191072   0.00000000    -0.12841279   0.00000000    -0.00002303   0.00000000
 -0.12841279   0.00000000     0.31509089   0.00000000     0.00004193   0.00000000
 -0.00002303   0.00000000     0.00004193   0.00000000     0.06218952   0.00000000
   13   14
  0.00016720   0.00000000     0.00013897   0.00000000    -0.00004525   0.00000000
  0.00013897   0.00000000    -0.00023386   0.00000000     0.00006541   0.00000000
  0.00004525   0.00000000    -0.00006541   0.00000000    -0.00001561   0.00000000
   13   15
 -0.00040280   0.00000000     0.00039270   0.00000000     0.00016315   0.00000000
 -0.00036063   0.00000000     0.00023200   0.00000000     0.00000833   0.00000000
 -0.00007608   0.00000000    -0.00002472   0.00000000    -0.00003262   0.00000000
   13   16
 -0.00007946   0.00000000     0.00022378   0.00000000    -0.00009127   0.00000000
  0.00004836   0.00000000    -0.00089444   0.00000000     0.00039729   0.00000000
  0.00017975   0.00000000     0.00022643   0.00000000    -0.00002601   0.00000000
   13   17
  0.00410870   0.00000000    -0.01085506   0.00000000     0.00079086   0.00000000
  0.00787739   0.00000000    -0.01642768   0.00000000     0.00008019   0.00000000
  0.01380644   0.00000000    -0.02657587   0.00000000    -0.00013080   0.00000000
   13   18
  0.00026490   0.00000000     0.00012040   0.00000000    -0.00005212   0.00000000
 -0.00068484   0.00000000    -0.00047148   0.00000000     0.00032527   0.00000000
  0.00007874   0.00000000     0.00012157   0.00000000     0.00008985   0.00000000
   13   19
 -0.00013301   0.00000000     0.00020528   0.00000000     0.00008936   0.00000000
  0.00016592   0.00000000    -0.00084384   0.00000000    -0.00035632   0.00000000
 -0.00018642   0.00000000    -0.00034693   0.00000000    -0.00008712   0.00000000
   13   20
 -0.00038671   0.00000000     0.00039358   0.00000000    -0.00014563   0.00000000
 -0.00039937   0.00000000     0.00017112   0.00000000     0.00000099   0.00000000
  0.00006341   0.00000000     0.00015529   0.00000000    -0.00015952   0.00000000
   13   21
  0.00027044   0.00000000     0.00012108   0.00000000     0.00003106   0.00000000
 -0.00068806   0.00000000    -0.00043749   0.00000000    -0.00023419   0.00000000
 -0.00004041   0.00000000    -0.00010492   0.00000000     0.00015339   0.00000000
   13   22
  0.00415265   0.00000000    -0.01086823   0.00000000    -0.00079838   0.00000000
  0.00785571   0.00000000    -0.01642840   0.00000000    -0.00009900   0.00000000
 -0.01385328   0.00000000     0.02660709   0.00000000    -0.00009975   0.00000000
   14    1
  0.00394213   0.00000000    -0.00016463   0.00000000     0.00021140   0.00000000
  0.00443631   0.00000000     0.00163432   0.00000000    -0.00005123   0.00000000
  0.00010480   0.00000000    -0.00008138   0.00000000    -0.00110680   0.00000000
   14    2
 -0.00674361   0.00000000     0.00461043   0.00000000    -0.00022015   0.00000000
  0.00008761   0.00000000    -0.00544255   0.00000000     0.00003210   0.00000000
  0.00003366   0.00000000    -0.00002616   0.00000000    -0.00296254   0.00000000
   14    3
  0.00005945   0.00000000     0.00122811   0.00000000    -0.00006455   0.00000000
  0.00008207   0.00000000    -0.00102918   0.00000000    -0.00004451   0.00000000
  0.00004734   0.00000000     0.00007627   0.00000000    -0.00169673   0.00000000
   14    4
 -0.00068867   0.00000000    -0.00092500   0.00000000    -0.00006854   0.00000000
  0.00018386   0.00000000     0.00021065   0.00000000    -0.00001944   0.00000000
 -0.00006025   0.00000000    -0.00004679   0.00000000     0.00015538   0.00000000
   14    5
 -0.00087459   0.00000000     0.00023305   0.00000000     0.00002653   0.00000000
 -0.00014557   0.00000000    -0.00160948   0.00000000     0.00000162   0.00000000
 -0.00007532   0.00000000     0.00006352   0.00000000    -0.00077752   0.00000000
   14    6
 -0.10786255   0.00000000     0.11128349   0.00000000     0.00001661   0.00000000
  0.11280088   0.00000000    -0.27385424   0.00000000    -0.00006928   0.00000000
  0.00005910   0.00000000    -0.00010429   0.00000000    -0.05341797   0.00000000
   14    7
 -0.00033808   0.00000000     0.00006407   0.00000000     0.00000225   0.00000000
  0.00010500   0.00000000    -0.00055546   0.00000000    -0.00000521   0.00000000
  0.00006438   0.00000000     0.00001570   0.00000000     0.00008136   0.00000000
   14    8
 -0.00062508   0.00000000     0.00010520   0.00000000    -0.00003045   0.00000000
  0.00004793   0.00000000     0.00003955   0.00000000     0.00003971   0.00000000
 -0.00006170   0.00000000    -0.00000972   0.00000000     0.00005596   0.00000000
   14    9
  0.00030762   0.00000000    -0.00066084   0.00000000    -0.00000535   0.00000000
 -0.00079041   0.00000000    -0.00074739   0.00000000     0.00006282   0.00000000
  0.00003928   0.00000000     0.00003454   0.00000000    -0.00015078   0.00000000
   14   10
 -0.01655733   0.00000000     0.03218214   0.00000000     0.00001501   0.00000000
 -0.00171028   0.00000000     0.00267760   0.00000000     0.00002153   0.00000000
 -0.00001436   0.00000000    -0.00001937   0.00000000    -0.00264602   0.00000000
   14   11
 -0.00031676   0.00000000     0.00003389   0.00000000    -0.00003928   0.00000000
 -0.00003389   0.00000000    -0.00175620   0.00000000     0.00005516   0.00000000
 -0.00003928   0.00000000    -0.00005516   0.00000000    -0.00035434   0.00000000
   14   12
 -0.00005033   0.00000000     0.00013792   0.00000000    -0.00004531   0.00000000
 -0.00013792   0.00000000     0.00052726   0.00000000     0.00008339   0.00000000
  0.00004531   0.00000000     0.00008339   0.00000000     0.00018641   0.00000000
   14   13
  0.00016720   0.00000000     0.00013897   0.00000000     0.00004525   0.00000000
  0.00013897   0.00000000    -0.00023386   0.00000000    -0.00006541   0.00000000
 -0.00004525   0.00000000     0.00006541   0.00000000    -0.00001561   0.00000000
   14   14
  0.12191072   0.00000000    -0.12841279   0.00000000     0.00002303   0.00000000
 -0.12841279   0.00000000     0.31509089   0.00000000    -0.00004193   0.00000000
  0.00002303   0.00000000    -0.00004193   0.00000000     0.06218952   0.00000000
   14   15
 -0.00007946   0.00000000     0.00022378   0.00000000     0.00009127   0.00000000
  0.00004836   0.00000000    -0.00089444   0.00000000    -0.00039729   0.00000000
 -0.00017975   0.00000000    -0.00022643   0.00000000    -0.00002601   0.00000000
   14   16
 -0.00040280   0.00000000     0.00039270   0.00000000    -0.00016315   0.00000000
 -0.00036063   0.00000000     0.00023200   0.00000000    -0.00000833   0.00000000
  0.00007608   0.00000000     0.00002472   0.00000000    -0.00003262   0.00000000
   14   17
  0.00026490   0.00000000     0.00012040   0.00000000     0.00005212   0.00000000
 -0.00068484   0.00000000    -0.00047148   0.00000000    -0.00032527   0.00000000
 -0.00007874   0.00000000    -0.00012157   0.00000000     0.00008985   0.00000000
   14   18
  0.00410870   0.00000000    -0.01085506   0.00000000    -0.00079086   0.00000000
  0.00787739   0.00000000    -0.01642768   0.00000000    -0.00008019   0.00000000
 -0.01380644   0.00000000     0.02657587   0.00000000    -0.00013080   0.00000000
   14   19
 -0.00038671   0.00000000     0.00039358   0.00000000     0.00014563   0.00000000
 -0.00039937   0.00000000     0.00017112   0.00000000    -0.00000099   0.00000000
 -0.00006341   0.00000000    -0.00015529   0.00000000    -0.00015952   0.00000000
   14   20
 -0.00013301   0.00000000     0.00020528   0.00000000    -0.00008936   0.00000000
  0.00016592   0.00000000    -0.00084384   0.00000000     0.00035632   0.00000000
  0.00018642   0.00000000     0.00034693   0.00000000    -0.00008712   0.00000000
   14   21
  0.00415265   0.00000000    -0.01086823   0.00000000     0.00079838   0.00000000
  0.00785571   0.00000000    -0.01642840   0.00000000     0.00009900   0.00000000
  0.01385328   0.00000000    -0.02660709   0.00000000    -0.00009975   0.00000000
   14   22
  0.00027044   0.00000000     0.00012108   0.00000000    -0.00003106   0.00000000
 -0.00068806   0.00000000    -0.00043749   0.00000000     0.00023419   0.00000000
  0.00004041   0.00000000     0.00010492   0.00000000     0.00015339   0.00000000
   15    1
 -0.00241749   0.00000000    -0.00118813   0.00000000     0.00092252   0.00000000
 -0.00088432   0.00000000    -0.00250625   0.00000000    -0.00052901   0.00000000
 -0.00120322   0.00000000     0.00259471   0.00000000     0.00246428   0.00000000
   15    2
 -0.00300422   0.00000000     0.00206910   0.00000000    -0.00203556   0.00000000
  0.00070583   0.00000000     0.00092394   0.00000000     0.00022529   0.00000000
 -0.00129557   0.00000000    -0.00004756   0.00000000    -0.00317186   0.00000000
   15    3
 -0.06646597   0.00000000     0.04253391   0.00000000     0.06133278   0.00000000
  0.04241526   0.00000000    -0.12622713   0.00000000    -0.12348326   0.00000000
  0.06137722   0.00000000    -0.12381210   0.00000000    -0.25808643   0.00000000
   15    4
 -0.00108594   0.00000000     0.00023702   0.00000000     0.00018657   0.00000000
  0.00026302   0.00000000    -0.00088257   0.00000000    -0.00023238   0.00000000
  0.00023865   0.00000000     0.00010706   0.00000000    -0.00040775   0.00000000
   15    5
 -0.00072942   0.00000000     0.00070738   0.00000000     0.00003862   0.00000000
 -0.00013133   0.00000000    -0.00037054   0.00000000    -0.00021392   0.00000000
  0.00069087   0.00000000    -0.00040886   0.00000000    -0.00072696   0.00000000
   15    6
 -0.00008164   0.00000000     0.00023963   0.00000000     0.00029843   0.00000000
  0.00061057   0.00000000    -0.00071551   0.00000000    -0.00013960   0.00000000
  0.00044053   0.00000000    -0.00077555   0.00000000    -0.00071531   0.00000000
   15    7
 -0.00860890   0.00000000     0.01919366   0.00000000     0.03019462   0.00000000
  0.00057316   0.00000000    -0.00270890   0.00000000    -0.00286978   0.00000000
  0.00054582   0.00000000     0.00066358   0.00000000     0.00015577   0.00000000
   15    8
 -0.00012537   0.00000000     0.00012570   0.00000000     0.00008594   0.00000000
  0.00086367   0.00000000    -0.00026910   0.00000000    -0.00014501   0.00000000
  0.00021014   0.00000000    -0.00015717   0.00000000     0.00011750   0.00000000
   15    9
 -0.00134843   0.00000000    -0.00025827   0.00000000     0.00043582   0.00000000
  0.00034733   0.00000000     0.00024932   0.00000000     0.00035676   0.00000000
  0.00055907   0.00000000     0.00004886   0.00000000    -0.00006377   0.00000000
   15   10
 -0.00004214   0.00000000     0.00027675   0.00000000     0.00001161   0.00000000
 -0.00020449   0.00000000    -0.00054055   0.00000000    -0.00012864   0.00000000
  0.00000826   0.00000000    -0.00027326   0.00000000    -0.00013234   0.00000000
   15   11
  0.00410870   0.00000000    -0.00787739   0.00000000    -0.01380644   0.00000000
  0.01085506   0.00000000    -0.01642768   0.00000000    -0.02657587   0.00000000
 -0.00079086   0.00000000     0.00008019   0.00000000    -0.00013080   0.00000000
   15   12
  0.00026490   0.00000000     0.00068484   0.00000000     0.00007874   0.00000000
 -0.00012040   0.00000000    -0.00047148   0.00000000    -0.00012157   0.00000000
 -0.00005212   0.00000000    -0.00032527   0.00000000     0.00008985   0.00000000
   15   13
 -0.00040280   0.00000000    -0.00036063   0.00000000    -0.00007608   0.00000000
  0.00039270   0.00000000     0.00023200   0.00000000    -0.00002472   0.00000000
  0.00016315   0.00000000     0.00000833   0.00000000    -0.00003262   0.00000000
   15   14
 -0.00007946   0.00000000     0.00004836   0.00000000    -0.00017975   0.00000000
  0.00022378   0.00000000    -0.00089444   0.00000000    -0.00022643   0.00000000
  0.00009127   0.00000000    -0.00039729   0.00000000    -0.00002601   0.00000000
   15   15
  0.07861200   0.00000000    -0.05031496   0.00000000    -0.06941958   0.00000000
 -0.05031496   0.00000000     0.14005070   0.00000000     0.13844221   0.00000000
 -0.06941958   0.00000000     0.13844221   0.00000000     0.28393056   0.00000000
   15   16
 -0.00020637   0.00000000     0.00056516   0.00000000    -0.00012523   0.00000000
  0.00056516   0.00000000    -0.00046211   0.00000000     0.00002031   0.00000000
  0.00012523   0.00000000    -0.00002031   0.00000000     0.00004413   0.00000000
   15   17
 -0.00002898   0.00000000    -0.00021051   0.00000000     0.00003827   0.00000000
  0.00021051   0.00000000     0.00020781   0.00000000     0.00016020   0.00000000
 -0.00003827   0.00000000     0.00016020   0.00000000     0.00013063   0.00000000
   15   18
  0.00016317   0.00000000     0.00016889   0.00000000    -0.00024370   0.00000000
 -0.00016889   0.00000000    -0.00008154   0.00000000    -0.00005368   0.00000000
 -0.00024370   0.00000000     0.00005368   0.00000000     0.00001916   0.00000000
   15   19
 -0.00030108   0.00000000     0.00053454   0.00000000     0.00009142   0.00000000
  0.00051011   0.00000000    -0.00055223   0.00000000    -0.00002685   0.00000000
  0.00005457   0.00000000    -0.00003728   0.00000000    -0.00014295   0.00000000
   15   20
  0.00210591   0.00000000    -0.00686130   0.00000000    -0.00830385   0.00000000
 -0.00694836   0.00000000     0.01163541   0.00000000     0.01593212   0.00000000
  0.00824016   0.00000000    -0.01595794   0.00000000    -0.02297055   0.00000000
   15   21
  0.00004550   0.00000000     0.00015200   0.00000000     0.00008951   0.00000000
 -0.00012461   0.00000000    -0.00037147   0.00000000    -0.00034449   0.00000000
 -0.00003448   0.00000000    -0.00033875   0.00000000    -0.00013157   0.00000000
   15   22
 -0.00018406   0.00000000    -0.00038025   0.00000000     0.00034590   0.00000000
  0.00035967   0.00000000     0.00017674   0.00000000    -0.00018959   0.00000000
  0.00030518   0.00000000     0.00026179   0.00000000    -0.00014843   0.00000000
   16    1
 -0.00241749   0.00000000    -0.00118813   0.00000000    -0.00092252   0.00000000
 -0.00088432   0.00000000    -0.00250625   0.00000000     0.00052901   0.00000000
  0.00120322   0.00000000    -0.00259471   0.00000000     0.00246428   0.00000000
   16    2
 -0.00300422   0.00000000     0.00206910   0.00000000     0.00203556   0.00000000
  0.00070583   0.00000000     0.00092394   0.00000000    -0.00022529   0.00000000
  0.00129557   0.00000000     0.00004756   0.00000000    -0.00317186   0.00000000
   16    3
 -0.00108594   0.00000000     0.00023702   0.00000000    -0.00018657   0.00000000
  0.00026302   0.00000000    -0.00088257   0.00000000     0.00023238   0.00000000
 -0.00023865   0.00000000    -0.00010706   0.00000000    -0.00040775   0.00000000
   16    4
 -0.06646597   0.00000000     0.04253391   0.00000000    -0.06133278   0.00000000
  0.04241526   0.00000000    -0.12622713   0.00000000     0.12348326   0.00000000
 -0.06137722   0.00000000     0.12381210   0.00000000    -0.25808643   0.00000000
   16    5
 -0.00008164   0.00000000     0.00023963   0.00000000    -0.00029843   0.00000000
  0.00061057   0.00000000    -0.00071551   0.00000000     0.00013960   0.00000000
 -0.00044053   0.00000000     0.00077555   0.00000000    -0.00071531   0.00000000
   16    6
 -0.00072942   0.00000000     0.00070738   0.00000000    -0.00003862   0.00000000
 -0.00013133   0.00000000    -0.00037054   0.00000000     0.00021392   0.00000000
 -0.00069087   0.00000000     0.00040886   0.00000000    -0.00072696   0.00000000
   16    7
 -0.00012537   0.00000000     0.00012570   0.00000000    -0.00008594   0.00000000
  0.00086367   0.00000000    -0.00026910   0.00000000     0.00014501   0.00000000
 -0.00021014   0.00000000     0.00015717   0.00000000     0.00011750   0.00000000
   16    8
 -0.00860890   0.00000000     0.01919366   0.00000000    -0.03019462   0.00000000
  0.00057316   0.00000000    -0.00270890   0.00000000     0.00286978   0.00000000
 -0.00054582   0.00000000    -0.00066358   0.00000000     0.00015577   0.00000000
   16    9
 -0.00004214   0.00000000     0.00027675   0.00000000    -0.00001161   0.00000000
 -0.00020449   0.00000000    -0.00054055   0.00000000     0.00012864   0.00000000
 -0.00000826   0.00000000     0.00027326   0.00000000    -0.00013234   0.00000000
   16   10
 -0.00134843   0.00000000    -0.00025827   0.00000000    -0.00043582   0.00000000
  0.00034733   0.00000000     0.00024932   0.00000000    -0.00035676   0.00000000
 -0.00055907   0.00000000    -0.00004886   0.00000000    -0.00006377   0.00000000
   16   11
  0.00026490   0.00000000     0.00068484   0.00000000    -0.00007874   0.00000000
 -0.00012040   0.00000000    -0.00047148   0.00000000     0.00012157   0.00000000
  0.00005212   0.00000000     0.00032527   0.00000000     0.00008985   0.00000000
   16   12
  0.00410870   0.00000000    -0.00787739   0.00000000     0.01380644   0.00000000
  0.01085506   0.00000000    -0.01642768   0.00000000     0.02657587   0.00000000
  0.00079086   0.00000000    -0.00008019   0.00000000    -0.00013080   0.00000000
   16   13
 -0.00007946   0.00000000     0.00004836   0.00000000     0.00017975   0.00000000
  0.00022378   0.00000000    -0.00089444   0.00000000     0.00022643   0.00000000
 -0.00009127   0.00000000     0.00039729   0.00000000    -0.00002601   0.00000000
   16   14
 -0.00040280   0.00000000    -0.00036063   0.00000000     0.00007608   0.00000000
  0.00039270   0.00000000     0.00023200   0.00000000     0.00002472   0.00000000
 -0.00016315   0.00000000    -0.00000833   0.00000000    -0.00003262   0.00000000
   16   15
 -0.00020637   0.00000000     0.00056516   0.00000000     0.00012523   0.00000000
  0.00056516   0.00000000    -0.00046211   0.00000000    -0.00002031   0.00000000
 -0.00012523   0.00000000     0.00002031   0.00000000     0.00004413   0.00000000
   16   16
  0.07861200   0.00000000    -0.05031496   0.00000000     0.06941958   0.00000000
 -0.05031496   0.00000000     0.14005070   0.00000000    -0.13844221   0.00000000
  0.06941958   0.00000000    -0.13844221   0.00000000     0.28393056   0.00000000
   16   17
  0.00016317   0.00000000     0.00016889   0.00000000     0.00024370   0.00000000
 -0.00016889   0.00000000    -0.00008154   0.00000000     0.00005368   0.00000000
  0.00024370   0.00000000    -0.00005368   0.00000000     0.00001916   0.00000000
   16   18
 -0.00002898   0.00000000    -0.00021051   0.00000000    -0.00003827   0.00000000
  0.00021051   0.00000000     0.00020781   0.00000000    -0.00016020   0.00000000
  0.00003827   0.00000000    -0.00016020   0.00000000     0.00013063   0.00000000
   16   19
  0.00210591   0.00000000    -0.00686130   0.00000000     0.00830385   0.00000000
 -0.00694836   0.00000000     0.01163541   0.00000000    -0.01593212   0.00000000
 -0.00824016   0.00000000     0.01595794   0.00000000    -0.02297055   0.00000000
   16   20
 -0.00030108   0.00000000     0.00053454   0.00000000    -0.00009142   0.00000000
  0.00051011   0.00000000    -0.00055223   0.00000000     0.00002685   0.00000000
 -0.00005457   0.00000000     0.00003728   0.00000000    -0.00014295   0.00000000
   16   21
 -0.00018406   0.00000000    -0.00038025   0.00000000    -0.00034590   0.00000000
  0.00035967   0.00000000     0.00017674   0.00000000     0.00018959   0.00000000
 -0.00030518   0.00000000    -0.00026179   0.00000000    -0.00014843   0.00000000
   16   22
  0.00004550   0.00000000     0.00015200   0.00000000    -0.00008951   0.00000000
 -0.00012461   0.00000000    -0.00037147   0.00000000     0.00034449   0.00000000
  0.00003448   0.00000000     0.00033875   0.00000000    -0.00013157   0.00000000
   17    1
 -0.00300422   0.00000000    -0.00206910   0.00000000     0.00203556   0.00000000
 -0.00070583   0.00000000     0.00092394   0.00000000     0.00022529   0.00000000
  0.00129557   0.00000000    -0.00004756   0.00000000    -0.00317186   0.00000000
   17    2
 -0.00241749   0.00000000     0.00118813   0.00000000    -0.00092252   0.00000000
  0.00088432   0.00000000    -0.00250625   0.00000000    -0.00052901   0.00000000
  0.00120322   0.00000000     0.00259471   0.00000000     0.00246428   0.00000000
   17    3
 -0.00072942   0.00000000    -0.00070738   0.00000000    -0.00003862   0.00000000
  0.00013133   0.00000000    -0.00037054   0.00000000    -0.00021392   0.00000000
 -0.00069087   0.00000000    -0.00040886   0.00000000    -0.00072696   0.00000000
   17    4
 -0.00008164   0.00000000    -0.00023963   0.00000000    -0.00029843   0.00000000
 -0.00061057   0.00000000    -0.00071551   0.00000000    -0.00013960   0.00000000
 -0.00044053   0.00000000    -0.00077555   0.00000000    -0.00071531   0.00000000
   17    5
 -0.06646597   0.00000000    -0.04253391   0.00000000    -0.06133278   0.00000000
 -0.04241526   0.00000000    -0.12622713   0.00000000    -0.12348326   0.00000000
 -0.06137722   0.00000000    -0.12381210   0.00000000    -0.25808643   0.00000000
   17    6
 -0.00108594   0.00000000    -0.00023702   0.00000000    -0.00018657   0.00000000
 -0.00026302   0.00000000    -0.00088257   0.00000000    -0.00023238   0.00000000
 -0.00023865   0.00000000     0.00010706   0.00000000    -0.00040775   0.00000000
   17    7
 -0.00134843   0.00000000     0.00025827   0.00000000    -0.00043582   0.00000000
 -0.00034733   0.00000000     0.00024932   0.00000000     0.00035676   0.00000000
 -0.00055907   0.00000000     0.00004886   0.00000000    -0.00006377   0.00000000
   17    8
 -0.00004214   0.00000000    -0.00027675   0.00000000    -0.00001161   0.00000000
  0.00020449   0.00000000    -0.00054055   0.00000000    -0.00012864   0.00000000
 -0.00000826   0.00000000    -0.00027326   0.00000000    -0.00013234   0.00000000
   17    9
 -0.00860890   0.00000000    -0.01919366   0.00000000    -0.03019462   0.00000000
 -0.00057316   0.00000000    -0.00270890   0.00000000    -0.00286978   0.00000000
 -0.00054582   0.00000000     0.00066358   0.00000000     0.00015577   0.00000000
   17   10
 -0.00012537   0.00000000    -0.00012570   0.00000000    -0.00008594   0.00000000
 -0.00086367   0.00000000    -0.00026910   0.00000000    -0.00014501   0.00000000
 -0.00021014   0.00000000    -0.00015717   0.00000000     0.00011750   0.00000000
   17   11
 -0.00040280   0.00000000     0.00036063   0.00000000     0.00007608   0.00000000
 -0.00039270   0.00000000     0.00023200   0.00000000    -0.00002472   0.00000000
 -0.00016315   0.00000000     0.00000833   0.00000000    -0.00003262   0.00000000
   17   12
 -0.00007946   0.00000000    -0.00004836   0.00000000     0.00017975   0.00000000
 -0.00022378   0.00000000    -0.00089444   0.00000000    -0.00022643   0.00000000
 -0.00009127   0.00000000    -0.00039729   0.00000000    -0.00002601   0.00000000
   17   13
  0.00410870   0.00000000     0.00787739   0.00000000     0.01380644   0.00000000
 -0.01085506   0.00000000    -0.01642768   0.00000000    -0.02657587   0.00000000
  0.00079086   0.00000000     0.00008019   0.00000000    -0.00013080   0.00000000
   17   14
  0.00026490   0.00000000    -0.00068484   0.00000000    -0.00007874   0.00000000
  0.00012040   0.00000000    -0.00047148   0.00000000    -0.00012157   0.00000000
  0.00005212   0.00000000    -0.00032527   0.00000000     0.00008985   0.00000000
   17   15
 -0.00002898   0.00000000     0.00021051   0.00000000    -0.00003827   0.00000000
 -0.00021051   0.00000000     0.00020781   0.00000000     0.00016020   0.00000000
  0.00003827   0.00000000     0.00016020   0.00000000     0.00013063   0.00000000
   17   16
  0.00016317   0.00000000    -0.00016889   0.00000000     0.00024370   0.00000000
  0.00016889   0.00000000    -0.00008154   0.00000000    -0.00005368   0.00000000
  0.00024370   0.00000000     0.00005368   0.00000000     0.00001916   0.00000000
   17   17
  0.07861200   0.00000000     0.05031496   0.00000000     0.06941958   0.00000000
  0.05031496   0.00000000     0.14005070   0.00000000     0.13844221   0.00000000
  0.06941958   0.00000000     0.13844221   0.00000000     0.28393056   0.00000000
   17   18
 -0.00020637   0.00000000    -0.00056516   0.00000000     0.00012523   0.00000000
 -0.00056516   0.00000000    -0.00046211   0.00000000     0.00002031   0.00000000
 -0.00012523   0.00000000    -0.00002031   0.00000000     0.00004413   0.00000000
   17   19
  0.00004550   0.00000000    -0.00015200   0.00000000    -0.00008951   0.00000000
  0.00012461   0.00000000    -0.00037147   0.00000000    -0.00034449   0.00000000
  0.00003448   0.00000000    -0.00033875   0.00000000    -0.00013157   0.00000000
   17   20
 -0.00018406   0.00000000     0.00038025   0.00000000    -0.00034590   0.00000000
 -0.00035967   0.00000000     0.00017674   0.00000000    -0.00018959   0.00000000
 -0.00030518   0.00000000     0.00026179   0.00000000    -0.00014843   0.00000000
   17   21
 -0.00030108   0.00000000    -0.00053454   0.00000000    -0.00009142   0.00000000
 -0.00051011   0.00000000    -0.00055223   0.00000000    -0.00002685   0.00000000
 -0.00005457   0.00000000    -0.00003728   0.00000000    -0.00014295   0.00000000
   17   22
  0.00210591   0.00000000     0.00686130   0.00000000     0.00830385   0.00000000
  0.00694836   0.00000000     0.01163541   0.00000000     0.01593212   0.00000000
 -0.00824016   0.00000000    -0.01595794   0.00000000    -0.02297055   0.00000000
   18    1
 -0.00300422   0.00000000    -0.00206910   0.00000000    -0.00203556   0.00000000
 -0.00070583   0.00000000     0.00092394   0.00000000    -0.00022529   0.00000000
 -0.00129557   0.00000000     0.00004756   0.00000000    -0.00317186   0.00000000
   18    2
 -0.00241749   0.00000000     0.00118813   0.00000000     0.00092252   0.00000000
  0.00088432   0.00000000    -0.00250625   0.00000000     0.00052901   0.00000000
 -0.00120322   0.00000000    -0.00259471   0.00000000     0.00246428   0.00000000
   18    3
 -0.00008164   0.00000000    -0.00023963   0.00000000     0.00029843   0.00000000
 -0.00061057   0.00000000    -0.00071551   0.00000000     0.00013960   0.00000000
  0.00044053   0.00000000     0.00077555   0.00000000    -0.00071531   0.00000000
   18    4
 -0.00072942   0.00000000    -0.00070738   0.00000000     0.00003862   0.00000000
  0.00013133   0.00000000    -0.00037054   0.00000000     0.00021392   0.00000000
  0.00069087   0.00000000     0.00040886   0.00000000    -0.00072696   0.00000000
   18    5
 -0.00108594   0.00000000    -0.00023702   0.00000000     0.00018657   0.00000000
 -0.00026302   0.00000000    -0.00088257   0.00000000     0.00023238   0.00000000
  0.00023865   0.00000000    -0.00010706   0.00000000    -0.00040775   0.00000000
   18    6
 -0.06646597   0.00000000    -0.04253391   0.00000000     0.06133278   0.00000000
 -0.04241526   0.00000000    -0.12622713   0.00000000     0.12348326   0.00000000
  0.06137722   0.00000000     0.12381210   0.00000000    -0.25808643   0.00000000
   18    7
 -0.00004214   0.00000000    -0.00027675   0.00000000     0.00001161   0.00000000
  0.00020449   0.00000000    -0.00054055   0.00000000     0.00012864   0.00000000
  0.00000826   0.00000000     0.00027326   0.00000000    -0.00013234   0.00000000
   18    8
 -0.00134843   0.00000000     0.00025827   0.00000000     0.00043582   0.00000000
 -0.00034733   0.00000000     0.00024932   0.00000000    -0.00035676   0.00000000
  0.00055907   0.00000000    -0.00004886   0.00000000    -0.00006377   0.00000000
   18    9
 -0.00012537   0.00000000    -0.00012570   0.00000000     0.00008594   0.00000000
 -0.00086367   0.00000000    -0.00026910   0.00000000     0.00014501   0.00000000
  0.00021014   0.00000000     0.00015717   0.00000000     0.00011750   0.00000000
   18   10
 -0.00860890   0.00000000    -0.01919366   0.00000000     0.03019462   0.00000000
 -0.00057316   0.00000000    -0.00270890   0.00000000     0.00286978   0.00000000
  0.00054582   0.00000000    -0.00066358   0.00000000     0.00015577   0.00000000
   18   11
 -0.00007946   0.00000000    -0.00004836   0.00000000    -0.00017975   0.00000000
 -0.00022378   0.00000000    -0.00089444   0.00000000     0.00022643   0.00000000
  0.00009127   0.00000000     0.00039729   0.00000000    -0.00002601   0.00000000
   18   12
 -0.00040280   0.00000000     0.00036063   0.00000000    -0.00007608   0.00000000
 -0.00039270   0.00000000     0.00023200   0.00000000     0.00002472   0.00000000
  0.00016315   0.00000000    -0.00000833   0.00000000    -0.00003262   0.00000000
   18   13
  0.00026490   0.00000000    -0.00068484   0.00000000     0.00007874   0.00000000
  0.00012040   0.00000000    -0.00047148   0.00000000     0.00012157   0.00000000
 -0.00005212   0.00000000     0.00032527   0.00000000     0.00008985   0.00000000
   18   14
  0.00410870   0.00000000     0.00787739   0.00000000    -0.01380644   0.00000000
 -0.01085506   0.00000000    -0.01642768   0.00000000     0.02657587   0.00000000
 -0.00079086   0.00000000    -0.00008019   0.00000000    -0.00013080   0.00000000
   18   15
  0.00016317   0.00000000    -0.00016889   0.00000000    -0.00024370   0.00000000
  0.00016889   0.00000000    -0.00008154   0.00000000     0.00005368   0.00000000
 -0.00024370   0.00000000    -0.00005368   0.00000000     0.00001916   0.00000000
   18   16
 -0.00002898   0.00000000     0.00021051   0.00000000     0.00003827   0.00000000
 -0.00021051   0.00000000     0.00020781   0.00000000    -0.00016020   0.00000000
 -0.00003827   0.00000000    -0.00016020   0.00000000     0.00013063   0.00000000
   18   17
 -0.00020637   0.00000000    -0.00056516   0.00000000    -0.00012523   0.00000000
 -0.00056516   0.00000000    -0.00046211   0.00000000    -0.00002031   0.00000000
  0.00012523   0.00000000     0.00002031   0.00000000     0.00004413   0.00000000
   18   18
  0.07861200   0.00000000     0.05031496   0.00000000    -0.06941958   0.00000000
  0.05031496   0.00000000     0.14005070   0.00000000    -0.13844221   0.00000000
 -0.06941958   0.00000000    -0.13844221   0.00000000     0.28393056   0.00000000
   18   19
 -0.00018406   0.00000000     0.00038025   0.00000000     0.00034590   0.00000000
 -0.00035967   0.00000000     0.00017674   0.00000000     0.00018959   0.00000000
  0.00030518   0.00000000    -0.00026179   0.00000000    -0.00014843   0.00000000
   18   20
  0.00004550   0.00000000    -0.00015200   0.00000000     0.00008951   0.00000000
  0.00012461   0.00000000    -0.00037147   0.00000000     0.00034449   0.00000000
 -0.00003448   0.00000000     0.00033875   0.00000000    -0.00013157   0.00000000
   18   21
  0.00210591   0.00000000     0.00686130   0.00000000    -0.00830385   0.00000000
  0.00694836   0.00000000     0.01163541   0.00000000    -0.01593212   0.00000000
  0.00824016   0.00000000     0.01595794   0.00000000    -0.02297055   0.00000000
   18   22
 -0.00030108   0.00000000    -0.00053454   0.00000000     0.00009142   0.00000000
 -0.00051011   0.00000000    -0.00055223   0.00000000     0.00002685   0.00000000
  0.00005457   0.00000000     0.00003728   0.00000000    -0.00014295   0.00000000
   19    1
 -0.00242359   0.00000000    -0.00152957   0.00000000     0.00076568   0.00000000
 -0.00061878   0.00000000    -0.00236210   0.00000000    -0.00074590   0.00000000
 -0.00094628   0.00000000     0.00281826   0.00000000     0.00259916   0.00000000
   19    2
 -0.00344418   0.00000000     0.00252892   0.00000000    -0.00190558   0.00000000
  0.00070566   0.00000000     0.00084766   0.00000000     0.00049941   0.00000000
 -0.00080644   0.00000000    -0.00027357   0.00000000    -0.00330394   0.00000000
   19    3
 -0.00105461   0.00000000     0.00026248   0.00000000     0.00035333   0.00000000
  0.00028638   0.00000000    -0.00079674   0.00000000    -0.00017850   0.00000000
  0.00022354   0.00000000     0.00018719   0.00000000    -0.00053223   0.00000000
   19    4
 -0.06645886   0.00000000     0.04239144   0.00000000     0.06131312   0.00000000
  0.04247621   0.00000000    -0.12621301   0.00000000    -0.12342269   0.00000000
  0.06138372   0.00000000    -0.12372284   0.00000000    -0.25799429   0.00000000
   19    5
 -0.00016861   0.00000000     0.00032668   0.00000000     0.00023435   0.00000000
  0.00061114   0.00000000    -0.00068432   0.00000000    -0.00015267   0.00000000
  0.00052854   0.00000000    -0.00083360   0.00000000    -0.00057206   0.00000000
   19    6
 -0.00079616   0.00000000     0.00073773   0.00000000     0.00005631   0.00000000
 -0.00019943   0.00000000    -0.00045331   0.00000000    -0.00021688   0.00000000
  0.00068390   0.00000000    -0.00050067   0.00000000    -0.00071975   0.00000000
   19    7
 -0.00014955   0.00000000     0.00017143   0.00000000     0.00014821   0.00000000
  0.00086290   0.00000000    -0.00026115   0.00000000    -0.00019476   0.00000000
  0.00015679   0.00000000    -0.00016544   0.00000000    -0.00003667   0.00000000
   19    8
 -0.00867392   0.00000000     0.01918274   0.00000000     0.03016173   0.00000000
  0.00059660   0.00000000    -0.00272323   0.00000000    -0.00282095   0.00000000
  0.00056384   0.00000000     0.00065504   0.00000000     0.00016586   0.00000000
   19    9
  0.00000928   0.00000000     0.00029777   0.00000000    -0.00006708   0.00000000
 -0.00014655   0.00000000    -0.00050987   0.00000000    -0.00008692   0.00000000
  0.00009731   0.00000000    -0.00024326   0.00000000    -0.00004977   0.00000000
   19   10
 -0.00143966   0.00000000    -0.00029435   0.00000000     0.00045502   0.00000000
  0.00030627   0.00000000     0.00023498   0.00000000     0.00029020   0.00000000
  0.00060603   0.00000000     0.00005549   0.00000000    -0.00017184   0.00000000
   19   11
  0.00027044   0.00000000     0.00068806   0.00000000     0.00004041   0.00000000
 -0.00012108   0.00000000    -0.00043749   0.00000000    -0.00010492   0.00000000
 -0.00003106   0.00000000    -0.00023419   0.00000000     0.00015339   0.00000000
   19   12
  0.00415265   0.00000000    -0.00785571   0.00000000    -0.01385328   0.00000000
  0.01086823   0.00000000    -0.01642840   0.00000000    -0.02660709   0.00000000
 -0.00079838   0.00000000     0.00009900   0.00000000    -0.00009975   0.00000000
   19   13
 -0.00013301   0.00000000     0.00016592   0.00000000    -0.00018642   0.00000000
  0.00020528   0.00000000    -0.00084384   0.00000000    -0.00034693   0.00000000
  0.00008936   0.00000000    -0.00035632   0.00000000    -0.00008712   0.00000000
   19   14
 -0.00038671   0.00000000    -0.00039937   0.00000000    -0.00006341   0.00000000
  0.00039358   0.00000000     0.00017112   0.00000000    -0.00015529   0.00000000
  0.00014563   0.00000000    -0.00000099   0.00000000    -0.00015952   0.00000000
   19   15
 -0.00030108   0.00000000     0.00051011   0.00000000     0.00005457   0.00000000
  0.00053454   0.00000000    -0.00055223   0.00000000    -0.00003728   0.00000000
  0.00009142   0.00000000    -0.00002685   0.00000000    -0.00014295   0.00000000
   19   16
  0.00210591   0.00000000    -0.00694836   0.00000000    -0.00824016   0.00000000
 -0.00686130   0.00000000     0.01163541   0.00000000     0.01595794   0.00000000
  0.00830385   0.00000000    -0.01593212   0.00000000    -0.02297055   0.00000000
   19   17
  0.00004550   0.00000000     0.00012461   0.00000000     0.00003448   0.00000000
 -0.00015200   0.00000000    -0.00037147   0.00000000    -0.00033875   0.00000000
 -0.00008951   0.00000000    -0.00034449   0.00000000    -0.00013157   0.00000000
   19   18
 -0.00018406   0.00000000    -0.00035967   0.00000000     0.00030518   0.00000000
  0.00038025   0.00000000     0.00017674   0.00000000    -0.00026179   0.00000000
  0.00034590   0.00000000     0.00018959   0.00000000    -0.00014843   0.00000000
   19   19
  0.07864249   0.00000000    -0.05035985   0.00000000    -0.06946658   0.00000000
 -0.05035985   0.00000000     0.14004623   0.00000000     0.13846015   0.00000000
 -0.06946658   0.00000000     0.13846015   0.00000000     0.28391100   0.00000000
   19   20
 -0.00015620   0.00000000     0.00059728   0.00000000    -0.00012293   0.00000000
  0.00059728   0.00000000    -0.00045607   0.00000000     0.00006487   0.00000000
  0.00012293   0.00000000    -0.00006487   0.00000000     0.00018101   0.00000000
   19   21
 -0.00004434   0.00000000    -0.00018881   0.00000000     0.00010666   0.00000000
  0.00018881   0.00000000     0.00019732   0.00000000     0.00016185   0.00000000
 -0.00010666   0.00000000     0.00016185   0.00000000     0.00011952   0.00000000
   19   22
  0.00007780   0.00000000     0.00015717   0.00000000    -0.00015940   0.00000000
 -0.00015717   0.00000000    -0.00011238   0.00000000     0.00001817   0.00000000
 -0.00015940   0.00000000    -0.00001817   0.00000000     0.00011154   0.00000000
   20    1
 -0.00242359   0.00000000    -0.00152957   0.00000000    -0.00076568   0.00000000
 -0.00061878   0.00000000    -0.00236210   0.00000000     0.00074590   0.00000000
  0.00094628   0.00000000    -0.00281826   0.00000000     0.00259916   0.00000000
   20    2
 -0.00344418   0.00000000     0.00252892   0.00000000     0.00190558   0.00000000
  0.00070566   0.00000000     0.00084766   0.00000000    -0.00049941   0.00000000
  0.00080644   0.00000000     0.00027357   0.00000000    -0.00330394   0.00000000
   20    3
 -0.06645886   0.00000000     0.04239144   0.00000000    -0.06131312   0.00000000
  0.04247621   0.00000000    -0.12621301   0.00000000     0.12342269   0.00000000
 -0.06138372   0.00000000     0.12372284   0.00000000    -0.25799429   0.00000000
   20    4
 -0.00105461   0.00000000     0.00026248   0.00000000    -0.00035333   0.00000000
  0.00028638   0.00000000    -0.00079674   0.00000000     0.00017850   0.00000000
 -0.00022354   0.00000000    -0.00018719   0.00000000    -0.00053223   0.00000000
   20    5
 -0.00079616   0.00000000     0.00073773   0.00000000    -0.00005631   0.00000000
 -0.00019943   0.00000000    -0.00045331   0.00000000     0.00021688   0.00000000
 -0.00068390   0.00000000     0.00050067   0.00000000    -0.00071975   0.00000000
   20    6
 -0.00016861   0.00000000     0.00032668   0.00000000    -0.00023435   0.00000000
  0.00061114   0.00000000    -0.00068432   0.00000000     0.00015267   0.00000000
 -0.00052854   0.00000000     0.00083360   0.00000000    -0.00057206   0.00000000
   20    7
 -0.00867392   0.00000000     0.01918274   0.00000000    -0.03016173   0.00000000
  0.00059660   0.00000000    -0.00272323   0.00000000     0.00282095   0.00000000
 -0.00056384   0.00000000    -0.00065504   0.00000000     0.00016586   0.00000000
   20    8
 -0.00014955   0.00000000     0.00017143   0.00000000    -0.00014821   0.00000000
  0.00086290   0.00000000    -0.00026115   0.00000000     0.00019476   0.00000000
 -0.00015679   0.00000000     0.00016544   0.00000000    -0.00003667   0.00000000
   20    9
 -0.00143966   0.00000000    -0.00029435   0.00000000    -0.00045502   0.00000000
  0.00030627   0.00000000     0.00023498   0.00000000    -0.00029020   0.00000000
 -0.00060603   0.00000000    -0.00005549   0.00000000    -0.00017184   0.00000000
   20   10
  0.00000928   0.00000000     0.00029777   0.00000000     0.00006708   0.00000000
 -0.00014655   0.00000000    -0.00050987   0.00000000     0.00008692   0.00000000
 -0.00009731   0.00000000     0.00024326   0.00000000    -0.00004977   0.00000000
   20   11
  0.00415265   0.00000000    -0.00785571   0.00000000     0.01385328   0.00000000
  0.01086823   0.00000000    -0.01642840   0.00000000     0.02660709   0.00000000
  0.00079838   0.00000000    -0.00009900   0.00000000    -0.00009975   0.00000000
   20   12
  0.00027044   0.00000000     0.00068806   0.00000000    -0.00004041   0.00000000
 -0.00012108   0.00000000    -0.00043749   0.00000000     0.00010492   0.00000000
  0.00003106   0.00000000     0.00023419   0.00000000     0.00015339   0.00000000
   20   13
 -0.00038671   0.00000000    -0.00039937   0.00000000     0.00006341   0.00000000
  0.00039358   0.00000000     0.00017112   0.00000000     0.00015529   0.00000000
 -0.00014563   0.00000000     0.00000099   0.00000000    -0.00015952   0.00000000
   20   14
 -0.00013301   0.00000000     0.00016592   0.00000000     0.00018642   0.00000000
  0.00020528   0.00000000    -0.00084384   0.00000000     0.00034693   0.00000000
 -0.00008936   0.00000000     0.00035632   0.00000000    -0.00008712   0.00000000
   20   15
  0.00210591   0.00000000    -0.00694836   0.00000000     0.00824016   0.00000000
 -0.00686130   0.00000000     0.01163541   0.00000000    -0.01595794   0.00000000
 -0.00830385   0.00000000     0.01593212   0.00000000    -0.02297055   0.00000000
   20   16
 -0.00030108   0.00000000     0.00051011   0.00000000    -0.00005457   0.00000000
  0.00053454   0.00000000    -0.00055223   0.00000000     0.00003728   0.00000000
 -0.00009142   0.00000000     0.00002685   0.00000000    -0.00014295   0.00000000
   20   17
 -0.00018406   0.00000000    -0.00035967   0.00000000    -0.00030518   0.00000000
  0.00038025   0.00000000     0.00017674   0.00000000     0.00026179   0.00000000
 -0.00034590   0.00000000    -0.00018959   0.00000000    -0.00014843   0.00000000
   20   18
  0.00004550   0.00000000     0.00012461   0.00000000    -0.00003448   0.00000000
 -0.00015200   0.00000000    -0.00037147   0.00000000     0.00033875   0.00000000
  0.00008951   0.00000000     0.00034449   0.00000000    -0.00013157   0.00000000
   20   19
 -0.00015620   0.00000000     0.00059728   0.00000000     0.00012293   0.00000000
  0.00059728   0.00000000    -0.00045607   0.00000000    -0.00006487   0.00000000
 -0.00012293   0.00000000     0.00006487   0.00000000     0.00018101   0.00000000
   20   20
  0.07864249   0.00000000    -0.05035985   0.00000000     0.06946658   0.00000000
 -0.05035985   0.00000000     0.14004623   0.00000000    -0.13846015   0.00000000
  0.06946658   0.00000000    -0.13846015   0.00000000     0.28391100   0.00000000
   20   21
  0.00007780   0.00000000     0.00015717   0.00000000     0.00015940   0.00000000
 -0.00015717   0.00000000    -0.00011238   0.00000000    -0.00001817   0.00000000
  0.00015940   0.00000000     0.00001817   0.00000000     0.00011154   0.00000000
   20   22
 -0.00004434   0.00000000    -0.00018881   0.00000000    -0.00010666   0.00000000
  0.00018881   0.00000000     0.00019732   0.00000000    -0.00016185   0.00000000
  0.00010666   0.00000000    -0.00016185   0.00000000     0.00011952   0.00000000
   21    1
 -0.00344418   0.00000000    -0.00252892   0.00000000     0.00190558   0.00000000
 -0.00070566   0.00000000     0.00084766   0.00000000     0.00049941   0.00000000
  0.00080644   0.00000000    -0.00027357   0.00000000    -0.00330394   0.00000000
   21    2
 -0.00242359   0.00000000     0.00152957   0.00000000    -0.00076568   0.00000000
  0.00061878   0.00000000    -0.00236210   0.00000000    -0.00074590   0.00000000
  0.00094628   0.00000000     0.00281826   0.00000000     0.00259916   0.00000000
   21    3
 -0.00016861   0.00000000    -0.00032668   0.00000000    -0.00023435   0.00000000
 -0.00061114   0.00000000    -0.00068432   0.00000000    -0.00015267   0.00000000
 -0.00052854   0.00000000    -0.00083360   0.00000000    -0.00057206   0.00000000
   21    4
 -0.00079616   0.00000000    -0.00073773   0.00000000    -0.00005631   0.00000000
  0.00019943   0.00000000    -0.00045331   0.00000000    -0.00021688   0.00000000
 -0.00068390   0.00000000    -0.00050067   0.00000000    -0.00071975   0.00000000
   21    5
 -0.00105461   0.00000000    -0.00026248   0.00000000    -0.00035333   0.00000000
 -0.00028638   0.00000000    -0.00079674   0.00000000    -0.00017850   0.00000000
 -0.00022354   0.00000000     0.00018719   0.00000000    -0.00053223   0.00000000
   21    6
 -0.06645886   0.00000000    -0.04239144   0.00000000    -0.06131312   0.00000000
 -0.04247621   0.00000000    -0.12621301   0.00000000    -0.12342269   0.00000000
 -0.06138372   0.00000000    -0.12372284   0.00000000    -0.25799429   0.00000000
   21    7
  0.00000928   0.00000000    -0.00029777   0.00000000     0.00006708   0.00000000
  0.00014655   0.00000000    -0.00050987   0.00000000    -0.00008692   0.00000000
 -0.00009731   0.00000000    -0.00024326   0.00000000    -0.00004977   0.00000000
   21    8
 -0.00143966   0.00000000     0.00029435   0.00000000    -0.00045502   0.00000000
 -0.00030627   0.00000000     0.00023498   0.00000000     0.00029020   0.00000000
 -0.00060603   0.00000000     0.00005549   0.00000000    -0.00017184   0.00000000
   21    9
 -0.00014955   0.00000000    -0.00017143   0.00000000    -0.00014821   0.00000000
 -0.00086290   0.00000000    -0.00026115   0.00000000    -0.00019476   0.00000000
 -0.00015679   0.00000000    -0.00016544   0.00000000    -0.00003667   0.00000000
   21   10
 -0.00867392   0.00000000    -0.01918274   0.00000000    -0.03016173   0.00000000
 -0.00059660   0.00000000    -0.00272323   0.00000000    -0.00282095   0.00000000
 -0.00056384   0.00000000     0.00065504   0.00000000     0.00016586   0.00000000
   21   11
 -0.00013301   0.00000000    -0.00016592   0.00000000     0.00018642   0.00000000
 -0.00020528   0.00000000    -0.00084384   0.00000000    -0.00034693   0.00000000
 -0.00008936   0.00000000    -0.00035632   0.00000000    -0.00008712   0.00000000
   21   12
 -0.00038671   0.00000000     0.00039937   0.00000000     0.00006341   0.00000000
 -0.00039358   0.00000000     0.00017112   0.00000000    -0.00015529   0.00000000
 -0.00014563   0.00000000    -0.00000099   0.00000000    -0.00015952   0.00000000
   21   13
  0.00027044   0.00000000    -0.00068806   0.00000000    -0.00004041   0.00000000
  0.00012108   0.00000000    -0.00043749   0.00000000    -0.00010492   0.00000000
  0.00003106   0.00000000    -0.00023419   0.00000000     0.00015339   0.00000000
   21   14
  0.00415265   0.00000000     0.00785571   0.00000000     0.01385328   0.00000000
 -0.01086823   0.00000000    -0.01642840   0.00000000    -0.02660709   0.00000000
  0.00079838   0.00000000     0.00009900   0.00000000    -0.00009975   0.00000000
   21   15
  0.00004550   0.00000000    -0.00012461   0.00000000    -0.00003448   0.00000000
  0.00015200   0.00000000    -0.00037147   0.00000000    -0.00033875   0.00000000
  0.00008951   0.00000000    -0.00034449   0.00000000    -0.00013157   0.00000000
   21   16
 -0.00018406   0.00000000     0.00035967   0.00000000    -0.00030518   0.00000000
 -0.00038025   0.00000000     0.00017674   0.00000000    -0.00026179   0.00000000
 -0.00034590   0.00000000     0.00018959   0.00000000    -0.00014843   0.00000000
   21   17
 -0.00030108   0.00000000    -0.00051011   0.00000000    -0.00005457   0.00000000
 -0.00053454   0.00000000    -0.00055223   0.00000000    -0.00003728   0.00000000
 -0.00009142   0.00000000    -0.00002685   0.00000000    -0.00014295   0.00000000
   21   18
  0.00210591   0.00000000     0.00694836   0.00000000     0.00824016   0.00000000
  0.00686130   0.00000000     0.01163541   0.00000000     0.01595794   0.00000000
 -0.00830385   0.00000000    -0.01593212   0.00000000    -0.02297055   0.00000000
   21   19
 -0.00004434   0.00000000     0.00018881   0.00000000    -0.00010666   0.00000000
 -0.00018881   0.00000000     0.00019732   0.00000000     0.00016185   0.00000000
  0.00010666   0.00000000     0.00016185   0.00000000     0.00011952   0.00000000
   21   20
  0.00007780   0.00000000    -0.00015717   0.00000000     0.00015940   0.00000000
  0.00015717   0.00000000    -0.00011238   0.00000000     0.00001817   0.00000000
  0.00015940   0.00000000    -0.00001817   0.00000000     0.00011154   0.00000000
   21   21
  0.07864249   0.00000000     0.05035985   0.00000000     0.06946658   0.00000000
  0.05035985   0.00000000     0.14004623   0.00000000     0.13846015   0.00000000
  0.06946658   0.00000000     0.13846015   0.00000000     0.28391100   0.00000000
   21   22
 -0.00015620   0.00000000    -0.00059728   0.00000000     0.00012293   0.00000000
 -0.00059728   0.00000000    -0.00045607   0.00000000     0.00006487   0.00000000
 -0.00012293   0.00000000    -0.00006487   0.00000000     0.00018101   0.00000000
   22    1
 -0.00344418   0.00000000    -0.00252892   0.00000000    -0.00190558   0.00000000
 -0.00070566   0.00000000     0.00084766   0.00000000    -0.00049941   0.00000000
 -0.00080644   0.00000000     0.00027357   0.00000000    -0.00330394   0.00000000
   22    2
 -0.00242359   0.00000000     0.00152957   0.00000000     0.00076568   0.00000000
  0.00061878   0.00000000    -0.00236210   0.00000000     0.00074590   0.00000000
 -0.00094628   0.00000000    -0.00281826   0.00000000     0.00259916   0.00000000
   22    3
 -0.00079616   0.00000000    -0.00073773   0.00000000     0.00005631   0.00000000
  0.00019943   0.00000000    -0.00045331   0.00000000     0.00021688   0.00000000
  0.00068390   0.00000000     0.00050067   0.00000000    -0.00071975   0.00000000
   22    4
 -0.00016861   0.00000000    -0.00032668   0.00000000     0.00023435   0.00000000
 -0.00061114   0.00000000    -0.00068432   0.00000000     0.00015267   0.00000000
  0.00052854   0.00000000     0.00083360   0.00000000    -0.00057206   0.00000000
   22    5
 -0.06645886   0.00000000    -0.04239144   0.00000000     0.06131312   0.00000000
 -0.04247621   0.00000000    -0.12621301   0.00000000     0.12342269   0.00000000
  0.06138372   0.00000000     0.12372284   0.00000000    -0.25799429   0.00000000
   22    6
 -0.00105461   0.00000000    -0.00026248   0.00000000     0.00035333   0.00000000
 -0.00028638   0.00000000    -0.00079674   0.00000000     0.00017850   0.00000000
  0.00022354   0.00000000    -0.00018719   0.00000000    -0.00053223   0.00000000
   22    7
 -0.00143966   0.00000000     0.00029435   0.00000000     0.00045502   0.00000000
 -0.00030627   0.00000000     0.00023498   0.00000000    -0.00029020   0.00000000
  0.00060603   0.00000000    -0.00005549   0.00000000    -0.00017184   0.00000000
   22    8
  0.00000928   0.00000000    -0.00029777   0.00000000    -0.00006708   0.00000000
  0.00014655   0.00000000    -0.00050987   0.00000000     0.00008692   0.00000000
  0.00009731   0.00000000     0.00024326   0.00000000    -0.00004977   0.00000000
   22    9
 -0.00867392   0.00000000    -0.01918274   0.00000000     0.03016173   0.00000000
 -0.00059660   0.00000000    -0.00272323   0.00000000     0.00282095   0.00000000
  0.00056384   0.00000000    -0.00065504   0.00000000     0.00016586   0.00000000
   22   10
 -0.00014955   0.00000000    -0.00017143   0.00000000     0.00014821   0.00000000
 -0.00086290   0.00000000    -0.00026115   0.00000000     0.00019476   0.00000000
  0.00015679   0.00000000     0.00016544   0.00000000    -0.00003667   0.00000000
   22   11
 -0.00038671   0.00000000     0.00039937   0.00000000    -0.00006341   0.00000000
 -0.00039358   0.00000000     0.00017112   0.00000000     0.00015529   0.00000000
  0.00014563   0.00000000     0.00000099   0.00000000    -0.00015952   0.00000000
   22   12
 -0.00013301   0.00000000    -0.00016592   0.00000000    -0.00018642   0.00000000
 -0.00020528   0.00000000    -0.00084384   0.00000000     0.00034693   0.00000000
  0.00008936   0.00000000     0.00035632   0.00000000    -0.00008712   0.00000000
   22   13
  0.00415265   0.00000000     0.00785571   0.00000000    -0.01385328   0.00000000
 -0.01086823   0.00000000    -0.01642840   0.00000000     0.02660709   0.00000000
 -0.00079838   0.00000000    -0.00009900   0.00000000    -0.00009975   0.00000000
   22   14
  0.00027044   0.00000000    -0.00068806   0.00000000     0.00004041   0.00000000
  0.00012108   0.00000000    -0.00043749   0.00000000     0.00010492   0.00000000
 -0.00003106   0.00000000     0.00023419   0.00000000     0.00015339   0.00000000
   22   15
 -0.00018406   0.00000000     0.00035967   0.00000000     0.00030518   0.00000000
 -0.00038025   0.00000000     0.00017674   0.00000000     0.00026179   0.00000000
  0.00034590   0.00000000    -0.00018959   0.00000000    -0.00014843   0.00000000
   22   16
  0.00004550   0.00000000    -0.00012461   0.00000000     0.00003448   0.00000000
  0.00015200   0.00000000    -0.00037147   0.00000000     0.00033875   0.00000000
 -0.00008951   0.00000000     0.00034449   0.00000000    -0.00013157   0.00000000
   22   17
  0.00210591   0.00000000     0.00694836   0.00000000    -0.00824016   0.00000000
  0.00686130   0.00000000     0.01163541   0.00000000    -0.01595794   0.00000000
  0.00830385   0.00000000     0.01593212   0.00000000    -0.02297055   0.00000000
   22   18
 -0.00030108   0.00000000    -0.00051011   0.00000000     0.00005457   0.00000000
 -0.00053454   0.00000000    -0.00055223   0.00000000     0.00003728   0.00000000
  0.00009142   0.00000000     0.00002685   0.00000000    -0.00014295   0.00000000
   22   19
  0.00007780   0.00000000    -0.00015717   0.00000000    -0.00015940   0.00000000
  0.00015717   0.00000000    -0.00011238   0.00000000    -0.00001817   0.00000000
 -0.00015940   0.00000000     0.00001817   0.00000000     0.00011154   0.00000000
   22   20
 -0.00004434   0.00000000     0.00018881   0.00000000     0.00010666   0.00000000
 -0.00018881   0.00000000     0.00019732   0.00000000    -0.00016185   0.00000000
 -0.00010666   0.00000000    -0.00016185   0.00000000     0.00011952   0.00000000
   22   21
 -0.00015620   0.00000000    -0.00059728   0.00000000    -0.00012293   0.00000000
 -0.00059728   0.00000000    -0.00045607   0.00000000    -0.00006487   0.00000000
  0.00012293   0.00000000     0.00006487   0.00000000     0.00018101   0.00000000
   22   22
  0.07864249   0.00000000     0.05035985   0.00000000    -0.06946658   0.00000000
  0.05035985   0.00000000     0.14004623   0.00000000    -0.13846015   0.00000000
 -0.06946658   0.00000000    -0.13846015   0.00000000     0.28391100   0.00000000

     Dielectric Tensor:

          2.855821889493          0.000000000000          0.000000000000
          0.000000000000          2.886889842391          0.000000000000
          0.000000000000          0.000000000000          3.097670304647

     Effective Charges E-U: Z_{alpha}{s,beta}

     atom #    1
          2.391915785373         -0.067136273624          0.000000000000
          0.231747703044          2.398341720963          0.000000000000
          0.000000000000          0.000000000000          2.994934796493
     atom #    2
          2.391915785373          0.067136273624          0.000000000000
         -0.231747703044          2.398341720963          0.000000000000
          0.000000000000          0.000000000000          2.994934796493
     atom #    3
         -0.100452329013          0.005682479031          0.000000094823
          0.145711458989          0.026899634566          0.000002944724
          0.000017591722          0.000006859805         -0.180802839230
     atom #    4
         -0.100452329013          0.005682479031         -0.000000094823
          0.145711458989          0.026899634566         -0.000002944724
         -0.000017591722         -0.000006859805         -0.180802839230
     atom #    5
         -0.100452329013         -0.005682479031         -0.000000094823
         -0.145711458989          0.026899634566          0.000002944724
         -0.000017591722          0.000006859805         -0.180802839230
     atom #    6
         -0.100452329013         -0.005682479031          0.000000094823
         -0.145711458989          0.026899634566         -0.000002944724
          0.000017591722         -0.000006859805         -0.180802839230
     atom #    7
         -0.458406775722          0.121421741858         -0.000023203735
          0.131662314092         -0.227142314371          0.000007835729
         -0.000019527794          0.000007935935         -0.257410676734
     atom #    8
         -0.458406775722          0.121421741858          0.000023203735
          0.131662314092         -0.227142314371         -0.000007835729
          0.000019527794         -0.000007935935         -0.257410676734
     atom #    9
         -0.458406775722         -0.121421741858          0.000023203735
         -0.131662314092         -0.227142314371          0.000007835729
          0.000019527794          0.000007935935         -0.257410676734
     atom #   10
         -0.458406775722         -0.121421741858         -0.000023203735
         -0.131662314092         -0.227142314371         -0.000007835729
         -0.000019527794         -0.000007935935         -0.257410676734
     atom #   11
         -0.203476036593          0.021004881725          0.000005178259
         -0.077049937136         -0.464818485158          0.000005492296
          0.000002725649         -0.000001682219         -0.264659677939
     atom #   12
         -0.203476036593          0.021004881725         -0.000005178259
         -0.077049937136         -0.464818485158         -0.000005492296
         -0.000002725649          0.000001682219         -0.264659677939
     atom #   13
         -0.203476036593         -0.021004881725         -0.000005178259
          0.077049937136         -0.464818485158          0.000005492296
         -0.000002725649         -0.000001682219         -0.264659677939
     atom #   14
         -0.203476036593         -0.021004881725          0.000005178259
          0.077049937136         -0.464818485158         -0.000005492296
          0.000002725649          0.000001682219         -0.264659677939
     atom #   15
         -0.216820574647          0.169208648360          0.083859484367
          0.132007880300         -0.266216295373         -0.100032893189
          0.050061411633         -0.106029587080         -0.397166220690
     atom #   16
         -0.216820574647          0.169208648360         -0.083859484367
          0.132007880300         -0.266216295373          0.100032893189
         -0.050061411633          0.106029587080         -0.397166220690
     atom #   17
         -0.216820574647         -0.169208648360         -0.083859484367
         -0.132007880300         -0.266216295373         -0.100032893189
         -0.050061411633         -0.106029587080         -0.397166220690
     atom #   18
         -0.216820574647         -0.169208648360          0.083859484367
         -0.132007880300         -0.266216295373          0.100032893189
          0.050061411633          0.106029587080         -0.397166220690
     atom #   19
         -0.216808240611          0.169184904059          0.083824864643
          0.131987239583         -0.266192201331         -0.100000910686
          0.050038685146         -0.106001324506         -0.397147241508
     atom #   20
         -0.216808240611          0.169184904059         -0.083824864643
          0.131987239583         -0.266192201331          0.100000910686
         -0.050038685146          0.106001324506         -0.397147241508
     atom #   21
         -0.216808240611         -0.169184904059         -0.083824864643
         -0.131987239583         -0.266192201331         -0.100000910686
         -0.050038685146         -0.106001324506         -0.397147241508
     atom #   22
         -0.216808240611         -0.169184904059          0.083824864643
         -0.131987239583         -0.266192201331          0.100000910686
          0.050038685146          0.106001324506         -0.397147241508

     Effective Charges U-E: Z_{s,alpha}{beta}

     atom #    1
      0.239351698588E+01      0.227218004746E+00      0.000000000000E+00
     -0.665843976530E-01      0.239676058095E+01      0.000000000000E+00
      0.000000000000E+00      0.000000000000E+00      0.299436545474E+01
     atom #    2
      0.239351698588E+01     -0.227218004746E+00      0.000000000000E+00
      0.665843976530E-01      0.239676058095E+01      0.000000000000E+00
      0.000000000000E+00      0.000000000000E+00      0.299436545474E+01
     atom #    3
     -0.100493847891E+00      0.144665886760E+00     -0.327691777783E-03
      0.596042655861E-02      0.268692883413E-01      0.369579948137E-04
      0.549127266654E-03      0.298212066387E-03     -0.180916339339E+00
     atom #    4
     -0.100493847891E+00      0.144665886760E+00      0.327691777783E-03
      0.596042655861E-02      0.268692883413E-01     -0.369579948137E-04
     -0.549127266654E-03     -0.298212066387E-03     -0.180916339339E+00
     atom #    5
     -0.100493847891E+00     -0.144665886760E+00      0.327691777783E-03
     -0.596042655861E-02      0.268692883413E-01      0.369579948137E-04
     -0.549127266654E-03      0.298212066387E-03     -0.180916339339E+00
     atom #    6
     -0.100493847891E+00     -0.144665886760E+00     -0.327691777783E-03
     -0.596042655861E-02      0.268692883413E-01     -0.369579948137E-04
      0.549127266654E-03     -0.298212066387E-03     -0.180916339339E+00
     atom #    7
     -0.458985468674E+00      0.132132085983E+00      0.185719504030E-04
      0.121365432804E+00     -0.227553135548E+00      0.349701696328E-04
     -0.287178255542E-03     -0.214298044258E-04     -0.257679568110E+00
     atom #    8
     -0.458985468674E+00      0.132132085983E+00     -0.185719504030E-04
      0.121365432804E+00     -0.227553135548E+00     -0.349701696328E-04
      0.287178255542E-03      0.214298044258E-04     -0.257679568110E+00
     atom #    9
     -0.458985468674E+00     -0.132132085983E+00     -0.185719504030E-04
     -0.121365432804E+00     -0.227553135548E+00      0.349701696328E-04
      0.287178255542E-03     -0.214298044258E-04     -0.257679568110E+00
     atom #   10
     -0.458985468674E+00     -0.132132085983E+00      0.185719504030E-04
     -0.121365432804E+00     -0.227553135548E+00     -0.349701696328E-04
     -0.287178255542E-03      0.214298044258E-04     -0.257679568110E+00
     atom #   11
     -0.203595214011E+00     -0.769652921208E-01     -0.260656332019E-03
      0.208756588525E-01     -0.466308881800E+00      0.149868730024E-03
      0.108462128643E-03      0.967332911974E-04     -0.266574910130E+00
     atom #   12
     -0.203595214011E+00     -0.769652921208E-01      0.260656332019E-03
      0.208756588525E-01     -0.466308881800E+00     -0.149868730024E-03
     -0.108462128643E-03     -0.967332911974E-04     -0.266574910130E+00
     atom #   13
     -0.203595214011E+00      0.769652921208E-01      0.260656332019E-03
     -0.208756588525E-01     -0.466308881800E+00      0.149868730024E-03
     -0.108462128643E-03      0.967332911974E-04     -0.266574910130E+00
     atom #   14
     -0.203595214011E+00      0.769652921208E-01     -0.260656332019E-03
     -0.208756588525E-01     -0.466308881800E+00     -0.149868730024E-03
      0.108462128643E-03     -0.967332911974E-04     -0.266574910130E+00
     atom #   15
     -0.216825965655E+00      0.131486199961E+00      0.501464987282E-01
      0.169269596803E+00     -0.266235739293E+00     -0.106104886180E+00
      0.837247636952E-01     -0.994244644956E-01     -0.397401614054E+00
     atom #   16
     -0.216825965655E+00      0.131486199961E+00     -0.501464987282E-01
      0.169269596803E+00     -0.266235739293E+00      0.106104886180E+00
     -0.837247636952E-01      0.994244644956E-01     -0.397401614054E+00
     atom #   17
     -0.216825965655E+00     -0.131486199961E+00     -0.501464987282E-01
     -0.169269596803E+00     -0.266235739293E+00     -0.106104886180E+00
     -0.837247636952E-01     -0.994244644956E-01     -0.397401614054E+00
     atom #   18
     -0.216825965655E+00     -0.131486199961E+00      0.501464987282E-01
     -0.169269596803E+00     -0.266235739293E+00      0.106104886180E+00
      0.837247636952E-01      0.994244644956E-01     -0.397401614054E+00
     atom #   19
     -0.218172243638E+00      0.131627692238E+00      0.500763660160E-01
      0.169799426034E+00     -0.266081487510E+00     -0.106040450069E+00
      0.851229603018E-01     -0.991497807409E-01     -0.397318989855E+00
     atom #   20
     -0.218172243638E+00      0.131627692238E+00     -0.500763660160E-01
      0.169799426034E+00     -0.266081487510E+00      0.106040450069E+00
     -0.851229603018E-01      0.991497807409E-01     -0.397318989855E+00
     atom #   21
     -0.218172243638E+00     -0.131627692238E+00     -0.500763660160E-01
     -0.169799426034E+00     -0.266081487510E+00     -0.106040450069E+00
     -0.851229603018E-01     -0.991497807409E-01     -0.397318989855E+00
     atom #   22
     -0.218172243638E+00     -0.131627692238E+00      0.500763660160E-01
     -0.169799426034E+00     -0.266081487510E+00      0.106040450069E+00
      0.851229603018E-01      0.991497807409E-01     -0.397318989855E+00

     Diagonalizing the dynamical matrix

     q = (    0.000000000   0.000000000   0.000000000 ) 

 **************************************************************************
     freq (    1) =      -0.592081 [THz] =     -19.749704 [cm-1]
 (  0.000000  0.000000 -0.000000  0.000000  0.213314  0.000000 ) 
 (  0.000000  0.000000 -0.000000  0.000000  0.213314  0.000000 ) 
 (  0.001212  0.000000 -0.001534  0.000000  0.212771  0.000000 ) 
 ( -0.001212  0.000000  0.001534  0.000000  0.212771  0.000000 ) 
 ( -0.001212  0.000000 -0.001534  0.000000  0.212771  0.000000 ) 
 (  0.001212  0.000000  0.001534  0.000000  0.212771  0.000000 ) 
 (  0.001473  0.000000  0.001486  0.000000  0.208001  0.000000 ) 
 ( -0.001473  0.000000 -0.001486  0.000000  0.208001  0.000000 ) 
 ( -0.001473  0.000000  0.001486  0.000000  0.208001  0.000000 ) 
 (  0.001473  0.000000 -0.001486  0.000000  0.208001  0.000000 ) 
 (  0.004095  0.000000 -0.002928  0.000000  0.228752  0.000000 ) 
 ( -0.004095  0.000000  0.002928  0.000000  0.228752  0.000000 ) 
 ( -0.004095  0.000000 -0.002928  0.000000  0.228752  0.000000 ) 
 (  0.004095  0.000000  0.002928  0.000000  0.228752  0.000000 ) 
 (  0.005642  0.000000  0.009832  0.000000  0.207332  0.000000 ) 
 ( -0.005642  0.000000 -0.009832  0.000000  0.207332  0.000000 ) 
 ( -0.005642  0.000000  0.009832  0.000000  0.207332  0.000000 ) 
 (  0.005642  0.000000 -0.009832  0.000000  0.207332  0.000000 ) 
 (  0.007221  0.000000  0.014863  0.000000  0.207276  0.000000 ) 
 ( -0.007221  0.000000 -0.014863  0.000000  0.207276  0.000000 ) 
 ( -0.007221  0.000000  0.014863  0.000000  0.207276  0.000000 ) 
 (  0.007221  0.000000 -0.014863  0.000000  0.207276  0.000000 ) 
     freq (    2) =      -0.435894 [THz] =     -14.539850 [cm-1]
 (  0.000844  0.000000  0.216190  0.000000  0.000000  0.000000 ) 
 ( -0.000844  0.000000  0.216190  0.000000  0.000000  0.000000 ) 
 ( -0.001834  0.000000  0.212805  0.000000 -0.001459  0.000000 ) 
 ( -0.001834  0.000000  0.212805  0.000000  0.001459  0.000000 ) 
 (  0.001834  0.000000  0.212805  0.000000 -0.001459  0.000000 ) 
 (  0.001834  0.000000  0.212805  0.000000  0.001459  0.000000 ) 
 ( -0.001714  0.000000  0.212236  0.000000 -0.002002  0.000000 ) 
 ( -0.001714  0.000000  0.212236  0.000000  0.002002  0.000000 ) 
 (  0.001714  0.000000  0.212236  0.000000 -0.002002  0.000000 ) 
 (  0.001714  0.000000  0.212236  0.000000  0.002002  0.000000 ) 
 ( -0.003116  0.000000  0.213495  0.000000 -0.000655  0.000000 ) 
 ( -0.003116  0.000000  0.213495  0.000000  0.000655  0.000000 ) 
 (  0.003116  0.000000  0.213495  0.000000 -0.000655  0.000000 ) 
 (  0.003116  0.000000  0.213495  0.000000  0.000655  0.000000 ) 
 ( -0.000822  0.000000  0.213697  0.000000 -0.001612  0.000000 ) 
 ( -0.000822  0.000000  0.213697  0.000000  0.001612  0.000000 ) 
 (  0.000822  0.000000  0.213697  0.000000 -0.001612  0.000000 ) 
 (  0.000822  0.000000  0.213697  0.000000  0.001612  0.000000 ) 
 ( -0.002389  0.000000  0.212179  0.000000  0.001672  0.000000 ) 
 ( -0.002389  0.000000  0.212179  0.000000 -0.001672  0.000000 ) 
 (  0.002389  0.000000  0.212179  0.000000  0.001672  0.000000 ) 
 (  0.002389  0.000000  0.212179  0.000000 -0.001672  0.000000 ) 
     freq (    3) =      -0.276015 [THz] =      -9.206871 [cm-1]
 ( -0.206893  0.000000 -0.008504  0.000000  0.000000  0.000000 ) 
 ( -0.206893  0.000000  0.008504  0.000000  0.000000  0.000000 ) 
 ( -0.213449  0.000000 -0.009833  0.000000 -0.000217  0.000000 ) 
 ( -0.213449  0.000000 -0.009833  0.000000  0.000217  0.000000 ) 
 ( -0.213449  0.000000  0.009833  0.000000  0.000217  0.000000 ) 
 ( -0.213449  0.000000  0.009833  0.000000 -0.000217  0.000000 ) 
 ( -0.212743  0.000000 -0.003598  0.000000 -0.004853  0.000000 ) 
 ( -0.212743  0.000000 -0.003598  0.000000  0.004853  0.000000 ) 
 ( -0.212743  0.000000  0.003598  0.000000  0.004853  0.000000 ) 
 ( -0.212743  0.000000  0.003598  0.000000 -0.004853  0.000000 ) 
 ( -0.207299  0.000000 -0.012787  0.000000  0.005841  0.000000 ) 
 ( -0.207299  0.000000 -0.012787  0.000000 -0.005841  0.000000 ) 
 ( -0.207299  0.000000  0.012787  0.000000 -0.005841  0.000000 ) 
 ( -0.207299  0.000000  0.012787  0.000000  0.005841  0.000000 ) 
 ( -0.212039  0.000000 -0.007678  0.000000 -0.001020  0.000000 ) 
 ( -0.212039  0.000000 -0.007678  0.000000  0.001020  0.000000 ) 
 ( -0.212039  0.000000  0.007678  0.000000  0.001020  0.000000 ) 
 ( -0.212039  0.000000  0.007678  0.000000 -0.001020  0.000000 ) 
 ( -0.221726  0.000000 -0.015824  0.000000  0.002111  0.000000 ) 
 ( -0.221726  0.000000 -0.015824  0.000000 -0.002111  0.000000 ) 
 ( -0.221726  0.000000  0.015824  0.000000 -0.002111  0.000000 ) 
 ( -0.221726  0.000000  0.015824  0.000000  0.002111  0.000000 ) 
     freq (    4) =       1.838938 [THz] =      61.340371 [cm-1]
 (  0.000000  0.000000  0.000000  0.000000  0.384579  0.000000 ) 
 ( -0.000000  0.000000 -0.000000  0.000000 -0.384579  0.000000 ) 
 ( -0.011628  0.000000 -0.013841  0.000000  0.169886  0.000000 ) 
 (  0.011628  0.000000  0.013841  0.000000  0.169886  0.000000 ) 
 ( -0.011628  0.000000  0.013841  0.000000 -0.169886  0.000000 ) 
 (  0.011628  0.000000 -0.013841  0.000000 -0.169886  0.000000 ) 
 ( -0.010019  0.000000  0.002007  0.000000  0.236248  0.000000 ) 
 (  0.010019  0.000000 -0.002007  0.000000  0.236248  0.000000 ) 
 ( -0.010019  0.000000 -0.002007  0.000000 -0.236248  0.000000 ) 
 (  0.010019  0.000000  0.002007  0.000000 -0.236248  0.000000 ) 
 (  0.003551  0.000000 -0.020953  0.000000  0.219861  0.000000 ) 
 ( -0.003551  0.000000  0.020953  0.000000  0.219861  0.000000 ) 
 (  0.003551  0.000000  0.020953  0.000000 -0.219861  0.000000 ) 
 ( -0.003551  0.000000 -0.020953  0.000000 -0.219861  0.000000 ) 
 ( -0.085825  0.000000  0.077372  0.000000  0.082096  0.000000 ) 
 (  0.085825  0.000000 -0.077372  0.000000  0.082096  0.000000 ) 
 ( -0.085825  0.000000 -0.077372  0.000000 -0.082096  0.000000 ) 
 (  0.085825  0.000000  0.077372  0.000000 -0.082096  0.000000 ) 
 ( -0.045477  0.000000  0.115997  0.000000  0.080855  0.000000 ) 
 (  0.045477  0.000000 -0.115997  0.000000  0.080855  0.000000 ) 
 ( -0.045477  0.000000 -0.115997  0.000000 -0.080855  0.000000 ) 
 (  0.045477  0.000000  0.115997  0.000000 -0.080855  0.000000 ) 
     freq (    5) =       2.012022 [THz] =      67.113834 [cm-1]
 ( -0.223241  0.000000 -0.023341  0.000000  0.000000  0.000000 ) 
 (  0.223241  0.000000 -0.023341  0.000000 -0.000000  0.000000 ) 
 (  0.014310  0.000000  0.112731  0.000000  0.000851  0.000000 ) 
 (  0.014310  0.000000  0.112731  0.000000 -0.000851  0.000000 ) 
 ( -0.014310  0.000000  0.112731  0.000000  0.000851  0.000000 ) 
 ( -0.014310  0.000000  0.112731  0.000000 -0.000851  0.000000 ) 
 ( -0.019683  0.000000 -0.117350  0.000000  0.003919  0.000000 ) 
 ( -0.019683  0.000000 -0.117350  0.000000 -0.003919  0.000000 ) 
 (  0.019683  0.000000 -0.117350  0.000000  0.003919  0.000000 ) 
 (  0.019683  0.000000 -0.117350  0.000000 -0.003919  0.000000 ) 
 ( -0.210595  0.000000  0.221074  0.000000 -0.005616  0.000000 ) 
 ( -0.210595  0.000000  0.221074  0.000000  0.005616  0.000000 ) 
 (  0.210595  0.000000  0.221074  0.000000 -0.005616  0.000000 ) 
 (  0.210595  0.000000  0.221074  0.000000  0.005616  0.000000 ) 
 (  0.135500  0.000000  0.175680  0.000000  0.001406  0.000000 ) 
 (  0.135500  0.000000  0.175680  0.000000 -0.001406  0.000000 ) 
 ( -0.135500  0.000000  0.175680  0.000000  0.001406  0.000000 ) 
 ( -0.135500  0.000000  0.175680  0.000000 -0.001406  0.000000 ) 
 (  0.143268  0.000000  0.186265  0.000000 -0.004476  0.000000 ) 
 (  0.143268  0.000000  0.186265  0.000000  0.004476  0.000000 ) 
 ( -0.143268  0.000000  0.186265  0.000000 -0.004476  0.000000 ) 
 ( -0.143268  0.000000  0.186265  0.000000  0.004476  0.000000 ) 
     freq (    6) =       2.161539 [THz] =      72.101170 [cm-1]
 (  0.028712  0.000000 -0.217167  0.000000  0.000000  0.000000 ) 
 (  0.028712  0.000000  0.217167  0.000000 -0.000000  0.000000 ) 
 ( -0.078746  0.000000 -0.187649  0.000000 -0.002487  0.000000 ) 
 ( -0.078746  0.000000 -0.187649  0.000000  0.002487  0.000000 ) 
 ( -0.078746  0.000000  0.187649  0.000000  0.002487  0.000000 ) 
 ( -0.078746  0.000000  0.187649  0.000000 -0.002487  0.000000 ) 
 ( -0.069029  0.000000 -0.111458  0.000000 -0.011487  0.000000 ) 
 ( -0.069029  0.000000 -0.111458  0.000000  0.011487  0.000000 ) 
 ( -0.069029  0.000000  0.111458  0.000000  0.011487  0.000000 ) 
 ( -0.069029  0.000000  0.111458  0.000000 -0.011487  0.000000 ) 
 ( -0.012680  0.000000 -0.216491  0.000000  0.005263  0.000000 ) 
 ( -0.012680  0.000000 -0.216491  0.000000 -0.005263  0.000000 ) 
 ( -0.012680  0.000000  0.216491  0.000000 -0.005263  0.000000 ) 
 ( -0.012680  0.000000  0.216491  0.000000  0.005263  0.000000 ) 
 ( -0.113696  0.000000 -0.207719  0.000000  0.001625  0.000000 ) 
 ( -0.113696  0.000000 -0.207719  0.000000 -0.001625  0.000000 ) 
 ( -0.113696  0.000000  0.207719  0.000000 -0.001625  0.000000 ) 
 ( -0.113696  0.000000  0.207719  0.000000  0.001625  0.000000 ) 
 ( -0.131124  0.000000 -0.216537  0.000000  0.007272  0.000000 ) 
 ( -0.131124  0.000000 -0.216537  0.000000 -0.007272  0.000000 ) 
 ( -0.131124  0.000000  0.216537  0.000000 -0.007272  0.000000 ) 
 ( -0.131124  0.000000  0.216537  0.000000  0.007272  0.000000 ) 
     freq (    7) =       3.091492 [THz] =     103.121058 [cm-1]
 ( -0.000000  0.000000 -0.000000  0.000000  0.002134  0.000000 ) 
 (  0.000000  0.000000  0.000000  0.000000 -0.002134  0.000000 ) 
 (  0.159593  0.000000  0.141234  0.000000  0.001962  0.000000 ) 
 ( -0.159593  0.000000 -0.141234  0.000000  0.001962  0.000000 ) 
 (  0.159593  0.000000 -0.141234  0.000000 -0.001962  0.000000 ) 
 ( -0.159593  0.000000  0.141234  0.000000 -0.001962  0.000000 ) 
 (  0.148443  0.000000  0.025210  0.000000  0.003927  0.000000 ) 
 ( -0.148443  0.000000 -0.025210  0.000000  0.003927  0.000000 ) 
 (  0.148443  0.000000 -0.025210  0.000000 -0.003927  0.000000 ) 
 ( -0.148443  0.000000  0.025210  0.000000 -0.003927  0.000000 ) 
 (  0.062081  0.000000  0.184536  0.000000  0.000274  0.000000 ) 
 ( -0.062081  0.000000 -0.184536  0.000000  0.000274  0.000000 ) 
 (  0.062081  0.000000 -0.184536  0.000000 -0.000274  0.000000 ) 
 ( -0.062081  0.000000  0.184536  0.000000 -0.000274  0.000000 ) 
 (  0.205056  0.000000  0.170012  0.000000 -0.000154  0.000000 ) 
 ( -0.205056  0.000000 -0.170012  0.000000 -0.000154  0.000000 ) 
 (  0.205056  0.000000 -0.170012  0.000000  0.000154  0.000000 ) 
 ( -0.205056  0.000000  0.170012  0.000000  0.000154  0.000000 ) 
 ( -0.209214  0.000000 -0.171026  0.000000  0.003241  0.000000 ) 
 (  0.209214  0.000000  0.171026  0.000000  0.003241  0.000000 ) 
 ( -0.209214  0.000000  0.171026  0.000000 -0.003241  0.000000 ) 
 (  0.209214  0.000000 -0.171026  0.000000 -0.003241  0.000000 ) 
     freq (    8) =       4.364579 [THz] =     145.586682 [cm-1]
 ( -0.046107  0.000000 -0.039404  0.000000 -0.000000  0.000000 ) 
 ( -0.046107  0.000000  0.039404  0.000000  0.000000  0.000000 ) 
 (  0.212370  0.000000  0.088935  0.000000 -0.001490  0.000000 ) 
 (  0.212370  0.000000  0.088935  0.000000  0.001490  0.000000 ) 
 (  0.212370  0.000000 -0.088935  0.000000  0.001490  0.000000 ) 
 (  0.212370  0.000000 -0.088935  0.000000 -0.001490  0.000000 ) 
 (  0.204504  0.000000  0.017204  0.000000 -0.000438  0.000000 ) 
 (  0.204504  0.000000  0.017204  0.000000  0.000438  0.000000 ) 
 (  0.204504  0.000000 -0.017204  0.000000  0.000438  0.000000 ) 
 (  0.204504  0.000000 -0.017204  0.000000 -0.000438  0.000000 ) 
 (  0.164807  0.000000  0.102816  0.000000 -0.002583  0.000000 ) 
 (  0.164807  0.000000  0.102816  0.000000  0.002583  0.000000 ) 
 (  0.164807  0.000000 -0.102816  0.000000  0.002583  0.000000 ) 
 (  0.164807  0.000000 -0.102816  0.000000 -0.002583  0.000000 ) 
 (  0.219728  0.000000  0.093524  0.000000 -0.003674  0.000000 ) 
 (  0.219728  0.000000  0.093524  0.000000  0.003674  0.000000 ) 
 (  0.219728  0.000000 -0.093524  0.000000  0.003674  0.000000 ) 
 (  0.219728  0.000000 -0.093524  0.000000 -0.003674  0.000000 ) 
 (  0.221990  0.000000  0.094712  0.000000 -0.000910  0.000000 ) 
 (  0.221990  0.000000  0.094712  0.000000  0.000910  0.000000 ) 
 (  0.221990  0.000000 -0.094712  0.000000  0.000910  0.000000 ) 
 (  0.221990  0.000000 -0.094712  0.000000 -0.000910  0.000000 ) 
     freq (    9) =       4.457212 [THz] =     148.676578 [cm-1]
 (  0.031033  0.000000 -0.041061  0.000000 -0.000000  0.000000 ) 
 ( -0.031033  0.000000 -0.041061  0.000000  0.000000  0.000000 ) 
 (  0.089006  0.000000  0.193675  0.000000 -0.003499  0.000000 ) 
 (  0.089006  0.000000  0.193675  0.000000  0.003499  0.000000 ) 
 ( -0.089006  0.000000  0.193675  0.000000 -0.003499  0.000000 ) 
 ( -0.089006  0.000000  0.193675  0.000000  0.003499  0.000000 ) 
 (  0.074536  0.000000  0.087634  0.000000 -0.005332  0.000000 ) 
 (  0.074536  0.000000  0.087634  0.000000  0.005332  0.000000 ) 
 ( -0.074536  0.000000  0.087634  0.000000 -0.005332  0.000000 ) 
 ( -0.074536  0.000000  0.087634  0.000000  0.005332  0.000000 ) 
 ( -0.004647  0.000000  0.234924  0.000000  0.002685  0.000000 ) 
 ( -0.004647  0.000000  0.234924  0.000000 -0.002685  0.000000 ) 
 (  0.004647  0.000000  0.234924  0.000000  0.002685  0.000000 ) 
 (  0.004647  0.000000  0.234924  0.000000 -0.002685  0.000000 ) 
 (  0.138019  0.000000  0.226662  0.000000 -0.005353  0.000000 ) 
 (  0.138019  0.000000  0.226662  0.000000  0.005353  0.000000 ) 
 ( -0.138019  0.000000  0.226662  0.000000 -0.005353  0.000000 ) 
 ( -0.138019  0.000000  0.226662  0.000000  0.005353  0.000000 ) 
 (  0.132188  0.000000  0.216297  0.000000  0.006090  0.000000 ) 
 (  0.132188  0.000000  0.216297  0.000000 -0.006090  0.000000 ) 
 ( -0.132188  0.000000  0.216297  0.000000  0.006090  0.000000 ) 
 ( -0.132188  0.000000  0.216297  0.000000 -0.006090  0.000000 ) 
     freq (   10) =       5.696583 [THz] =     190.017549 [cm-1]
 ( -0.000000  0.000000  0.000000  0.000000 -0.047127  0.000000 ) 
 ( -0.000000  0.000000 -0.000000  0.000000 -0.047127  0.000000 ) 
 ( -0.009402  0.000000 -0.012424  0.000000  0.220418  0.000000 ) 
 (  0.009402  0.000000  0.012424  0.000000  0.220418  0.000000 ) 
 (  0.009402  0.000000 -0.012424  0.000000  0.220418  0.000000 ) 
 ( -0.009402  0.000000  0.012424  0.000000  0.220418  0.000000 ) 
 ( -0.007164  0.000000  0.006264  0.000000  0.177675  0.000000 ) 
 (  0.007164  0.000000 -0.006264  0.000000  0.177675  0.000000 ) 
 (  0.007164  0.000000  0.006264  0.000000  0.177675  0.000000 ) 
 ( -0.007164  0.000000 -0.006264  0.000000  0.177675  0.000000 ) 
 (  0.007166  0.000000 -0.019888  0.000000  0.172362  0.000000 ) 
 ( -0.007166  0.000000  0.019888  0.000000  0.172362  0.000000 ) 
 ( -0.007166  0.000000 -0.019888  0.000000  0.172362  0.000000 ) 
 (  0.007166  0.000000  0.019888  0.000000  0.172362  0.000000 ) 
 ( -0.006526  0.000000 -0.069085  0.000000  0.256534  0.000000 ) 
 (  0.006526  0.000000  0.069085  0.000000  0.256534  0.000000 ) 
 (  0.006526  0.000000 -0.069085  0.000000  0.256534  0.000000 ) 
 ( -0.006526  0.000000  0.069085  0.000000  0.256534  0.000000 ) 
 (  0.030992  0.000000 -0.033682  0.000000  0.255985  0.000000 ) 
 ( -0.030992  0.000000  0.033682  0.000000  0.255985  0.000000 ) 
 ( -0.030992  0.000000 -0.033682  0.000000  0.255985  0.000000 ) 
 (  0.030992  0.000000  0.033682  0.000000  0.255985  0.000000 ) 
     freq (   11) =       5.783051 [THz] =     192.901802 [cm-1]
 ( -0.000000  0.000000  0.000000  0.000000 -0.002286  0.000000 ) 
 ( -0.000000  0.000000 -0.000000  0.000000 -0.002286  0.000000 ) 
 (  0.114141  0.000000  0.135929  0.000000  0.011961  0.000000 ) 
 ( -0.114141  0.000000 -0.135929  0.000000  0.011961  0.000000 ) 
 ( -0.114141  0.000000  0.135929  0.000000  0.011961  0.000000 ) 
 (  0.114141  0.000000 -0.135929  0.000000  0.011961  0.000000 ) 
 (  0.090569  0.000000 -0.056743  0.000000  0.021804  0.000000 ) 
 ( -0.090569  0.000000  0.056743  0.000000  0.021804  0.000000 ) 
 ( -0.090569  0.000000 -0.056743  0.000000  0.021804  0.000000 ) 
 (  0.090569  0.000000  0.056743  0.000000  0.021804  0.000000 ) 
 ( -0.051324  0.000000  0.209139  0.000000 -0.017898  0.000000 ) 
 (  0.051324  0.000000 -0.209139  0.000000 -0.017898  0.000000 ) 
 (  0.051324  0.000000  0.209139  0.000000 -0.017898  0.000000 ) 
 ( -0.051324  0.000000 -0.209139  0.000000 -0.017898  0.000000 ) 
 (  0.194361  0.000000  0.164571  0.000000  0.019969  0.000000 ) 
 ( -0.194361  0.000000 -0.164571  0.000000  0.019969  0.000000 ) 
 ( -0.194361  0.000000  0.164571  0.000000  0.019969  0.000000 ) 
 (  0.194361  0.000000 -0.164571  0.000000  0.019969  0.000000 ) 
 ( -0.222196  0.000000 -0.211120  0.000000  0.023596  0.000000 ) 
 (  0.222196  0.000000  0.211120  0.000000  0.023596  0.000000 ) 
 (  0.222196  0.000000 -0.211120  0.000000  0.023596  0.000000 ) 
 ( -0.222196  0.000000  0.211120  0.000000  0.023596  0.000000 ) 
     freq (   12) =       6.131700 [THz] =     204.531503 [cm-1]
 (  0.018207  0.000000 -0.027111  0.000000 -0.000000  0.000000 ) 
 (  0.018207  0.000000  0.027111  0.000000  0.000000  0.000000 ) 
 ( -0.087112  0.000000  0.184764  0.000000 -0.002728  0.000000 ) 
 ( -0.087112  0.000000  0.184764  0.000000  0.002728  0.000000 ) 
 ( -0.087112  0.000000 -0.184764  0.000000  0.002728  0.000000 ) 
 ( -0.087112  0.000000 -0.184764  0.000000 -0.002728  0.000000 ) 
 ( -0.099816  0.000000  0.062629  0.000000  0.001905  0.000000 ) 
 ( -0.099816  0.000000  0.062629  0.000000 -0.001905  0.000000 ) 
 ( -0.099816  0.000000 -0.062629  0.000000 -0.001905  0.000000 ) 
 ( -0.099816  0.000000 -0.062629  0.000000  0.001905  0.000000 ) 
 ( -0.202345  0.000000  0.235855  0.000000 -0.009441  0.000000 ) 
 ( -0.202345  0.000000  0.235855  0.000000  0.009441  0.000000 ) 
 ( -0.202345  0.000000 -0.235855  0.000000  0.009441  0.000000 ) 
 ( -0.202345  0.000000 -0.235855  0.000000 -0.009441  0.000000 ) 
 ( -0.019164  0.000000  0.215151  0.000000 -0.000039  0.000000 ) 
 ( -0.019164  0.000000  0.215151  0.000000  0.000039  0.000000 ) 
 ( -0.019164  0.000000 -0.215151  0.000000  0.000039  0.000000 ) 
 ( -0.019164  0.000000 -0.215151  0.000000 -0.000039  0.000000 ) 
 ( -0.009982  0.000000  0.224547  0.000000  0.002231  0.000000 ) 
 ( -0.009982  0.000000  0.224547  0.000000 -0.002231  0.000000 ) 
 ( -0.009982  0.000000 -0.224547  0.000000 -0.002231  0.000000 ) 
 ( -0.009982  0.000000 -0.224547  0.000000  0.002231  0.000000 ) 
     freq (   13) =       6.152666 [THz] =     205.230860 [cm-1]
 (  0.001009  0.000000 -0.000955  0.000000 -0.000000  0.000000 ) 
 ( -0.001009  0.000000 -0.000955  0.000000 -0.000000  0.000000 ) 
 ( -0.006819  0.000000  0.005817  0.000000  0.190494  0.000000 ) 
 ( -0.006819  0.000000  0.005817  0.000000 -0.190494  0.000000 ) 
 (  0.006819  0.000000  0.005817  0.000000  0.190494  0.000000 ) 
 (  0.006819  0.000000  0.005817  0.000000 -0.190494  0.000000 ) 
 ( -0.006564  0.000000  0.006389  0.000000  0.189723  0.000000 ) 
 ( -0.006564  0.000000  0.006389  0.000000 -0.189723  0.000000 ) 
 (  0.006564  0.000000  0.006389  0.000000  0.189723  0.000000 ) 
 (  0.006564  0.000000  0.006389  0.000000 -0.189723  0.000000 ) 
 ( -0.006420  0.000000  0.005783  0.000000  0.036571  0.000000 ) 
 ( -0.006420  0.000000  0.005783  0.000000 -0.036571  0.000000 ) 
 (  0.006420  0.000000  0.005783  0.000000  0.036571  0.000000 ) 
 (  0.006420  0.000000  0.005783  0.000000 -0.036571  0.000000 ) 
 ( -0.041830  0.000000 -0.130143  0.000000  0.261342  0.000000 ) 
 ( -0.041830  0.000000 -0.130143  0.000000 -0.261342  0.000000 ) 
 (  0.041830  0.000000 -0.130143  0.000000  0.261342  0.000000 ) 
 (  0.041830  0.000000 -0.130143  0.000000 -0.261342  0.000000 ) 
 (  0.029078  0.000000  0.141669  0.000000 -0.261224  0.000000 ) 
 (  0.029078  0.000000  0.141669  0.000000  0.261224  0.000000 ) 
 ( -0.029078  0.000000  0.141669  0.000000 -0.261224  0.000000 ) 
 ( -0.029078  0.000000  0.141669  0.000000  0.261224  0.000000 ) 
     freq (   14) =       6.435993 [THz] =     214.681619 [cm-1]
 ( -0.000000  0.000000  0.000000  0.000000 -0.017385  0.000000 ) 
 ( -0.000000  0.000000 -0.000000  0.000000  0.017385  0.000000 ) 
 ( -0.007501  0.000000  0.004075  0.000000  0.207843  0.000000 ) 
 (  0.007501  0.000000 -0.004075  0.000000  0.207843  0.000000 ) 
 ( -0.007501  0.000000 -0.004075  0.000000 -0.207843  0.000000 ) 
 (  0.007501  0.000000  0.004075  0.000000 -0.207843  0.000000 ) 
 ( -0.008848  0.000000 -0.011067  0.000000  0.126229  0.000000 ) 
 (  0.008848  0.000000  0.011067  0.000000  0.126229  0.000000 ) 
 ( -0.008848  0.000000  0.011067  0.000000 -0.126229  0.000000 ) 
 (  0.008848  0.000000 -0.011067  0.000000 -0.126229  0.000000 ) 
 ( -0.022220  0.000000  0.011324  0.000000  0.116807  0.000000 ) 
 (  0.022220  0.000000 -0.011324  0.000000  0.116807  0.000000 ) 
 ( -0.022220  0.000000 -0.011324  0.000000 -0.116807  0.000000 ) 
 (  0.022220  0.000000  0.011324  0.000000 -0.116807  0.000000 ) 
 (  0.035928  0.000000 -0.089535  0.000000  0.277249  0.000000 ) 
 ( -0.035928  0.000000  0.089535  0.000000  0.277249  0.000000 ) 
 (  0.035928  0.000000  0.089535  0.000000 -0.277249  0.000000 ) 
 ( -0.035928  0.000000 -0.089535  0.000000 -0.277249  0.000000 ) 
 (  0.030953  0.000000 -0.109029  0.000000  0.277773  0.000000 ) 
 ( -0.030953  0.000000  0.109029  0.000000  0.277773  0.000000 ) 
 (  0.030953  0.000000  0.109029  0.000000 -0.277773  0.000000 ) 
 ( -0.030953  0.000000 -0.109029  0.000000 -0.277773  0.000000 ) 
     freq (   15) =       6.449574 [THz] =     215.134633 [cm-1]
 (  0.000107  0.000000 -0.000862  0.000000 -0.000000  0.000000 ) 
 (  0.000107  0.000000  0.000862  0.000000 -0.000000  0.000000 ) 
 ( -0.000156  0.000000  0.003095  0.000000  0.213473  0.000000 ) 
 ( -0.000156  0.000000  0.003095  0.000000 -0.213473  0.000000 ) 
 ( -0.000156  0.000000 -0.003095  0.000000 -0.213473  0.000000 ) 
 ( -0.000156  0.000000 -0.003095  0.000000  0.213473  0.000000 ) 
 ( -0.000048  0.000000  0.003846  0.000000  0.085071  0.000000 ) 
 ( -0.000048  0.000000  0.003846  0.000000 -0.085071  0.000000 ) 
 ( -0.000048  0.000000 -0.003846  0.000000 -0.085071  0.000000 ) 
 ( -0.000048  0.000000 -0.003846  0.000000  0.085071  0.000000 ) 
 (  0.000586  0.000000  0.002538  0.000000  0.251051  0.000000 ) 
 (  0.000586  0.000000  0.002538  0.000000 -0.251051  0.000000 ) 
 (  0.000586  0.000000 -0.002538  0.000000 -0.251051  0.000000 ) 
 (  0.000586  0.000000 -0.002538  0.000000  0.251051  0.000000 ) 
 (  0.092221  0.000000  0.003323  0.000000  0.241750  0.000000 ) 
 (  0.092221  0.000000  0.003323  0.000000 -0.241750  0.000000 ) 
 (  0.092221  0.000000 -0.003323  0.000000 -0.241750  0.000000 ) 
 (  0.092221  0.000000 -0.003323  0.000000  0.241750  0.000000 ) 
 ( -0.094423  0.000000  0.001708  0.000000 -0.241364  0.000000 ) 
 ( -0.094423  0.000000  0.001708  0.000000  0.241364  0.000000 ) 
 ( -0.094423  0.000000 -0.001708  0.000000  0.241364  0.000000 ) 
 ( -0.094423  0.000000 -0.001708  0.000000 -0.241364  0.000000 ) 
     freq (   16) =       6.937360 [THz] =     231.405405 [cm-1]
 (  0.007617  0.000000 -0.016621  0.000000  0.000000  0.000000 ) 
 ( -0.007617  0.000000 -0.016621  0.000000 -0.000000  0.000000 ) 
 ( -0.221722  0.000000  0.074583  0.000000 -0.011038  0.000000 ) 
 ( -0.221722  0.000000  0.074583  0.000000  0.011038  0.000000 ) 
 (  0.221722  0.000000  0.074583  0.000000 -0.011038  0.000000 ) 
 (  0.221722  0.000000  0.074583  0.000000  0.011038  0.000000 ) 
 ( -0.212965  0.000000  0.080298  0.000000 -0.004856  0.000000 ) 
 ( -0.212965  0.000000  0.080298  0.000000  0.004856  0.000000 ) 
 (  0.212965  0.000000  0.080298  0.000000 -0.004856  0.000000 ) 
 (  0.212965  0.000000  0.080298  0.000000  0.004856  0.000000 ) 
 ( -0.220113  0.000000  0.078061  0.000000 -0.013029  0.000000 ) 
 ( -0.220113  0.000000  0.078061  0.000000  0.013029  0.000000 ) 
 (  0.220113  0.000000  0.078061  0.000000 -0.013029  0.000000 ) 
 (  0.220113  0.000000  0.078061  0.000000  0.013029  0.000000 ) 
 ( -0.199000  0.000000  0.079353  0.000000 -0.008985  0.000000 ) 
 ( -0.199000  0.000000  0.079353  0.000000  0.008985  0.000000 ) 
 (  0.199000  0.000000  0.079353  0.000000 -0.008985  0.000000 ) 
 (  0.199000  0.000000  0.079353  0.000000  0.008985  0.000000 ) 
 ( -0.188896  0.000000  0.081010  0.000000  0.015055  0.000000 ) 
 ( -0.188896  0.000000  0.081010  0.000000 -0.015055  0.000000 ) 
 (  0.188896  0.000000  0.081010  0.000000  0.015055  0.000000 ) 
 (  0.188896  0.000000  0.081010  0.000000 -0.015055  0.000000 ) 
     freq (   17) =       7.285414 [THz] =     243.015264 [cm-1]
 (  0.000000  0.000000 -0.000000  0.000000 -0.001060  0.000000 ) 
 ( -0.000000  0.000000 -0.000000  0.000000  0.001060  0.000000 ) 
 (  0.121571  0.000000 -0.100640  0.000000  0.008305  0.000000 ) 
 ( -0.121571  0.000000  0.100640  0.000000  0.008305  0.000000 ) 
 (  0.121571  0.000000  0.100640  0.000000 -0.008305  0.000000 ) 
 ( -0.121571  0.000000 -0.100640  0.000000 -0.008305  0.000000 ) 
 (  0.140032  0.000000  0.109423  0.000000  0.003274  0.000000 ) 
 ( -0.140032  0.000000 -0.109423  0.000000  0.003274  0.000000 ) 
 (  0.140032  0.000000 -0.109423  0.000000 -0.003274  0.000000 ) 
 ( -0.140032  0.000000  0.109423  0.000000 -0.003274  0.000000 ) 
 (  0.312446  0.000000 -0.195658  0.000000  0.002364  0.000000 ) 
 ( -0.312446  0.000000  0.195658  0.000000  0.002364  0.000000 ) 
 (  0.312446  0.000000  0.195658  0.000000 -0.002364  0.000000 ) 
 ( -0.312446  0.000000 -0.195658  0.000000 -0.002364  0.000000 ) 
 ( -0.010040  0.000000 -0.175138  0.000000  0.012496  0.000000 ) 
 (  0.010040  0.000000  0.175138  0.000000  0.012496  0.000000 ) 
 ( -0.010040  0.000000  0.175138  0.000000 -0.012496  0.000000 ) 
 (  0.010040  0.000000 -0.175138  0.000000 -0.012496  0.000000 ) 
 (  0.014547  0.000000  0.161853  0.000000  0.013473  0.000000 ) 
 ( -0.014547  0.000000 -0.161853  0.000000  0.013473  0.000000 ) 
 (  0.014547  0.000000 -0.161853  0.000000 -0.013473  0.000000 ) 
 ( -0.014547  0.000000  0.161853  0.000000 -0.013473  0.000000 ) 
     freq (   18) =       7.733630 [THz] =     257.966120 [cm-1]
 (  0.000000  0.000000 -0.000000  0.000000  0.000196  0.000000 ) 
 ( -0.000000  0.000000 -0.000000  0.000000  0.000196  0.000000 ) 
 ( -0.101622  0.000000  0.007841  0.000000  0.000532  0.000000 ) 
 (  0.101622  0.000000 -0.007841  0.000000  0.000532  0.000000 ) 
 (  0.101622  0.000000  0.007841  0.000000  0.000532  0.000000 ) 
 ( -0.101622  0.000000 -0.007841  0.000000  0.000532  0.000000 ) 
 ( -0.124576  0.000000 -0.255805  0.000000  0.005747  0.000000 ) 
 (  0.124576  0.000000  0.255805  0.000000  0.005747  0.000000 ) 
 (  0.124576  0.000000 -0.255805  0.000000  0.005747  0.000000 ) 
 ( -0.124576  0.000000  0.255805  0.000000  0.005747  0.000000 ) 
 ( -0.337457  0.000000  0.125785  0.000000 -0.008667  0.000000 ) 
 (  0.337457  0.000000 -0.125785  0.000000 -0.008667  0.000000 ) 
 (  0.337457  0.000000  0.125785  0.000000 -0.008667  0.000000 ) 
 ( -0.337457  0.000000 -0.125785  0.000000 -0.008667  0.000000 ) 
 (  0.061368  0.000000  0.091733  0.000000 -0.000105  0.000000 ) 
 ( -0.061368  0.000000 -0.091733  0.000000 -0.000105  0.000000 ) 
 ( -0.061368  0.000000  0.091733  0.000000 -0.000105  0.000000 ) 
 (  0.061368  0.000000 -0.091733  0.000000 -0.000105  0.000000 ) 
 ( -0.072580  0.000000 -0.106562  0.000000  0.006626  0.000000 ) 
 (  0.072580  0.000000  0.106562  0.000000  0.006626  0.000000 ) 
 (  0.072580  0.000000 -0.106562  0.000000  0.006626  0.000000 ) 
 ( -0.072580  0.000000  0.106562  0.000000  0.006626  0.000000 ) 
     freq (   19) =       7.902013 [THz] =     263.582787 [cm-1]
 (  0.000000  0.000000 -0.000000  0.000000 -0.002702  0.000000 ) 
 ( -0.000000  0.000000 -0.000000  0.000000 -0.002702  0.000000 ) 
 (  0.005267  0.000000  0.002057  0.000000  0.009926  0.000000 ) 
 ( -0.005267  0.000000 -0.002057  0.000000  0.009926  0.000000 ) 
 ( -0.005267  0.000000  0.002057  0.000000  0.009926  0.000000 ) 
 (  0.005267  0.000000 -0.002057  0.000000  0.009926  0.000000 ) 
 (  0.002927  0.000000 -0.019025  0.000000 -0.115179  0.000000 ) 
 ( -0.002927  0.000000  0.019025  0.000000 -0.115179  0.000000 ) 
 ( -0.002927  0.000000 -0.019025  0.000000 -0.115179  0.000000 ) 
 (  0.002927  0.000000  0.019025  0.000000 -0.115179  0.000000 ) 
 ( -0.013004  0.000000  0.010872  0.000000  0.287168  0.000000 ) 
 (  0.013004  0.000000 -0.010872  0.000000  0.287168  0.000000 ) 
 (  0.013004  0.000000  0.010872  0.000000  0.287168  0.000000 ) 
 ( -0.013004  0.000000 -0.010872  0.000000  0.287168  0.000000 ) 
 (  0.163613  0.000000  0.229004  0.000000 -0.078208  0.000000 ) 
 ( -0.163613  0.000000 -0.229004  0.000000 -0.078208  0.000000 ) 
 ( -0.163613  0.000000  0.229004  0.000000 -0.078208  0.000000 ) 
 (  0.163613  0.000000 -0.229004  0.000000 -0.078208  0.000000 ) 
 (  0.130997  0.000000  0.212020  0.000000 -0.077688  0.000000 ) 
 ( -0.130997  0.000000 -0.212020  0.000000 -0.077688  0.000000 ) 
 ( -0.130997  0.000000  0.212020  0.000000 -0.077688  0.000000 ) 
 (  0.130997  0.000000 -0.212020  0.000000 -0.077688  0.000000 ) 
     freq (   20) =       8.527370 [THz] =     284.442446 [cm-1]
 ( -0.000368  0.000000 -0.000198  0.000000 -0.000000  0.000000 ) 
 ( -0.000368  0.000000  0.000198  0.000000  0.000000  0.000000 ) 
 (  0.000033  0.000000 -0.001997  0.000000  0.011196  0.000000 ) 
 (  0.000033  0.000000 -0.001997  0.000000 -0.011196  0.000000 ) 
 (  0.000033  0.000000  0.001997  0.000000 -0.011196  0.000000 ) 
 (  0.000033  0.000000  0.001997  0.000000  0.011196  0.000000 ) 
 (  0.000108  0.000000 -0.002266  0.000000  0.094107  0.000000 ) 
 (  0.000108  0.000000 -0.002266  0.000000 -0.094107  0.000000 ) 
 (  0.000108  0.000000  0.002266  0.000000 -0.094107  0.000000 ) 
 (  0.000108  0.000000  0.002266  0.000000  0.094107  0.000000 ) 
 ( -0.000139  0.000000 -0.001890  0.000000 -0.270994  0.000000 ) 
 ( -0.000139  0.000000 -0.001890  0.000000  0.270994  0.000000 ) 
 ( -0.000139  0.000000  0.001890  0.000000  0.270994  0.000000 ) 
 ( -0.000139  0.000000  0.001890  0.000000 -0.270994  0.000000 ) 
 ( -0.118164  0.000000 -0.238315  0.000000  0.117829  0.000000 ) 
 ( -0.118164  0.000000 -0.238315  0.000000 -0.117829  0.000000 ) 
 ( -0.118164  0.000000  0.238315  0.000000 -0.117829  0.000000 ) 
 ( -0.118164  0.000000  0.238315  0.000000  0.117829  0.000000 ) 
 (  0.118234  0.000000  0.234678  0.000000 -0.117788  0.000000 ) 
 (  0.118234  0.000000  0.234678  0.000000  0.117788  0.000000 ) 
 (  0.118234  0.000000 -0.234678  0.000000  0.117788  0.000000 ) 
 (  0.118234  0.000000 -0.234678  0.000000 -0.117788  0.000000 ) 
     freq (   21) =       8.792063 [THz] =     293.271647 [cm-1]
 ( -0.000000  0.000000 -0.000000  0.000000 -0.000093  0.000000 ) 
 (  0.000000  0.000000 -0.000000  0.000000  0.000093  0.000000 ) 
 (  0.029903  0.000000 -0.079578  0.000000  0.000277  0.000000 ) 
 ( -0.029903  0.000000  0.079578  0.000000  0.000277  0.000000 ) 
 (  0.029903  0.000000  0.079578  0.000000 -0.000277  0.000000 ) 
 ( -0.029903  0.000000 -0.079578  0.000000 -0.000277  0.000000 ) 
 (  0.001865  0.000000 -0.351243  0.000000 -0.003078  0.000000 ) 
 ( -0.001865  0.000000  0.351243  0.000000 -0.003078  0.000000 ) 
 (  0.001865  0.000000  0.351243  0.000000  0.003078  0.000000 ) 
 ( -0.001865  0.000000 -0.351243  0.000000  0.003078  0.000000 ) 
 ( -0.215004  0.000000  0.045219  0.000000  0.018807  0.000000 ) 
 (  0.215004  0.000000 -0.045219  0.000000  0.018807  0.000000 ) 
 ( -0.215004  0.000000 -0.045219  0.000000 -0.018807  0.000000 ) 
 (  0.215004  0.000000  0.045219  0.000000 -0.018807  0.000000 ) 
 (  0.192393  0.000000  0.033426  0.000000 -0.015916  0.000000 ) 
 ( -0.192393  0.000000 -0.033426  0.000000 -0.015916  0.000000 ) 
 (  0.192393  0.000000 -0.033426  0.000000  0.015916  0.000000 ) 
 ( -0.192393  0.000000  0.033426  0.000000  0.015916  0.000000 ) 
 ( -0.179934  0.000000 -0.001020  0.000000  0.000498  0.000000 ) 
 (  0.179934  0.000000  0.001020  0.000000  0.000498  0.000000 ) 
 ( -0.179934  0.000000  0.001020  0.000000 -0.000498  0.000000 ) 
 (  0.179934  0.000000 -0.001020  0.000000 -0.000498  0.000000 ) 
     freq (   22) =       8.951486 [THz] =     298.589442 [cm-1]
 ( -0.000398  0.000000 -0.000132  0.000000  0.000000  0.000000 ) 
 (  0.000398  0.000000 -0.000132  0.000000 -0.000000  0.000000 ) 
 ( -0.003034  0.000000  0.000600  0.000000  0.044719  0.000000 ) 
 ( -0.003034  0.000000  0.000600  0.000000 -0.044719  0.000000 ) 
 (  0.003034  0.000000  0.000600  0.000000  0.044719  0.000000 ) 
 (  0.003034  0.000000  0.000600  0.000000 -0.044719  0.000000 ) 
 ( -0.002730  0.000000  0.002820  0.000000 -0.110888  0.000000 ) 
 ( -0.002730  0.000000  0.002820  0.000000  0.110888  0.000000 ) 
 (  0.002730  0.000000  0.002820  0.000000 -0.110888  0.000000 ) 
 (  0.002730  0.000000  0.002820  0.000000  0.110888  0.000000 ) 
 ( -0.001131  0.000000 -0.000170  0.000000  0.308988  0.000000 ) 
 ( -0.001131  0.000000 -0.000170  0.000000 -0.308988  0.000000 ) 
 (  0.001131  0.000000 -0.000170  0.000000  0.308988  0.000000 ) 
 (  0.001131  0.000000 -0.000170  0.000000 -0.308988  0.000000 ) 
 (  0.162444  0.000000  0.204100  0.000000 -0.028079  0.000000 ) 
 (  0.162444  0.000000  0.204100  0.000000  0.028079  0.000000 ) 
 ( -0.162444  0.000000  0.204100  0.000000 -0.028079  0.000000 ) 
 ( -0.162444  0.000000  0.204100  0.000000  0.028079  0.000000 ) 
 ( -0.169925  0.000000 -0.204218  0.000000  0.028126  0.000000 ) 
 ( -0.169925  0.000000 -0.204218  0.000000 -0.028126  0.000000 ) 
 (  0.169925  0.000000 -0.204218  0.000000  0.028126  0.000000 ) 
 (  0.169925  0.000000 -0.204218  0.000000 -0.028126  0.000000 ) 
     freq (   23) =       8.955025 [THz] =     298.707485 [cm-1]
 ( -0.000000  0.000000 -0.000000  0.000000 -0.004189  0.000000 ) 
 (  0.000000  0.000000 -0.000000  0.000000  0.004189  0.000000 ) 
 ( -0.000778  0.000000  0.003958  0.000000  0.023576  0.000000 ) 
 (  0.000778  0.000000 -0.003958  0.000000  0.023576  0.000000 ) 
 ( -0.000778  0.000000 -0.003958  0.000000 -0.023576  0.000000 ) 
 (  0.000778  0.000000  0.003958  0.000000 -0.023576  0.000000 ) 
 (  0.000756  0.000000  0.018501  0.000000 -0.066178  0.000000 ) 
 ( -0.000756  0.000000 -0.018501  0.000000 -0.066178  0.000000 ) 
 (  0.000756  0.000000 -0.018501  0.000000  0.066178  0.000000 ) 
 ( -0.000756  0.000000  0.018501  0.000000  0.066178  0.000000 ) 
 (  0.012232  0.000000 -0.002792  0.000000  0.301308  0.000000 ) 
 ( -0.012232  0.000000  0.002792  0.000000  0.301308  0.000000 ) 
 (  0.012232  0.000000  0.002792  0.000000 -0.301308  0.000000 ) 
 ( -0.012232  0.000000 -0.002792  0.000000 -0.301308  0.000000 ) 
 (  0.112498  0.000000  0.233978  0.000000 -0.081544  0.000000 ) 
 ( -0.112498  0.000000 -0.233978  0.000000 -0.081544  0.000000 ) 
 (  0.112498  0.000000 -0.233978  0.000000  0.081544  0.000000 ) 
 ( -0.112498  0.000000  0.233978  0.000000  0.081544  0.000000 ) 
 (  0.130975  0.000000  0.236149  0.000000 -0.082344  0.000000 ) 
 ( -0.130975  0.000000 -0.236149  0.000000 -0.082344  0.000000 ) 
 (  0.130975  0.000000 -0.236149  0.000000  0.082344  0.000000 ) 
 ( -0.130975  0.000000  0.236149  0.000000  0.082344  0.000000 ) 
     freq (   24) =       9.205747 [THz] =     307.070660 [cm-1]
 (  0.009283  0.000000  0.005645  0.000000  0.000000  0.000000 ) 
 ( -0.009283  0.000000  0.005645  0.000000 -0.000000  0.000000 ) 
 ( -0.011784  0.000000 -0.029891  0.000000  0.000729  0.000000 ) 
 ( -0.011784  0.000000 -0.029891  0.000000 -0.000729  0.000000 ) 
 (  0.011784  0.000000 -0.029891  0.000000  0.000729  0.000000 ) 
 (  0.011784  0.000000 -0.029891  0.000000 -0.000729  0.000000 ) 
 ( -0.041571  0.000000 -0.317784  0.000000 -0.001120  0.000000 ) 
 ( -0.041571  0.000000 -0.317784  0.000000  0.001120  0.000000 ) 
 (  0.041571  0.000000 -0.317784  0.000000 -0.001120  0.000000 ) 
 (  0.041571  0.000000 -0.317784  0.000000  0.001120  0.000000 ) 
 ( -0.268307  0.000000  0.098795  0.000000  0.001918  0.000000 ) 
 ( -0.268307  0.000000  0.098795  0.000000 -0.001918  0.000000 ) 
 (  0.268307  0.000000  0.098795  0.000000  0.001918  0.000000 ) 
 (  0.268307  0.000000  0.098795  0.000000 -0.001918  0.000000 ) 
 (  0.166308  0.000000  0.071846  0.000000 -0.005348  0.000000 ) 
 (  0.166308  0.000000  0.071846  0.000000  0.005348  0.000000 ) 
 ( -0.166308  0.000000  0.071846  0.000000 -0.005348  0.000000 ) 
 ( -0.166308  0.000000  0.071846  0.000000  0.005348  0.000000 ) 
 (  0.163020  0.000000  0.070467  0.000000 -0.007007  0.000000 ) 
 (  0.163020  0.000000  0.070467  0.000000  0.007007  0.000000 ) 
 ( -0.163020  0.000000  0.070467  0.000000 -0.007007  0.000000 ) 
 ( -0.163020  0.000000  0.070467  0.000000  0.007007  0.000000 ) 
     freq (   25) =       9.564005 [THz] =     319.020868 [cm-1]
 ( -0.000703  0.000000  0.002013  0.000000  0.000000  0.000000 ) 
 ( -0.000703  0.000000 -0.002013  0.000000 -0.000000  0.000000 ) 
 ( -0.000982  0.000000 -0.038235  0.000000  0.000726  0.000000 ) 
 ( -0.000982  0.000000 -0.038235  0.000000 -0.000726  0.000000 ) 
 ( -0.000982  0.000000  0.038235  0.000000 -0.000726  0.000000 ) 
 ( -0.000982  0.000000  0.038235  0.000000  0.000726  0.000000 ) 
 ( -0.030473  0.000000 -0.325870  0.000000 -0.000721  0.000000 ) 
 ( -0.030473  0.000000 -0.325870  0.000000  0.000721  0.000000 ) 
 ( -0.030473  0.000000  0.325870  0.000000  0.000721  0.000000 ) 
 ( -0.030473  0.000000  0.325870  0.000000 -0.000721  0.000000 ) 
 ( -0.259102  0.000000  0.090706  0.000000  0.002120  0.000000 ) 
 ( -0.259102  0.000000  0.090706  0.000000 -0.002120  0.000000 ) 
 ( -0.259102  0.000000 -0.090706  0.000000 -0.002120  0.000000 ) 
 ( -0.259102  0.000000 -0.090706  0.000000  0.002120  0.000000 ) 
 (  0.171236  0.000000  0.064753  0.000000 -0.005984  0.000000 ) 
 (  0.171236  0.000000  0.064753  0.000000  0.005984  0.000000 ) 
 (  0.171236  0.000000 -0.064753  0.000000  0.005984  0.000000 ) 
 (  0.171236  0.000000 -0.064753  0.000000 -0.005984  0.000000 ) 
 (  0.168861  0.000000  0.062717  0.000000 -0.007079  0.000000 ) 
 (  0.168861  0.000000  0.062717  0.000000  0.007079  0.000000 ) 
 (  0.168861  0.000000 -0.062717  0.000000  0.007079  0.000000 ) 
 (  0.168861  0.000000 -0.062717  0.000000 -0.007079  0.000000 ) 
     freq (   26) =       9.687952 [THz] =     323.155279 [cm-1]
 (  0.000000  0.000000 -0.000000  0.000000  0.000120  0.000000 ) 
 (  0.000000  0.000000  0.000000  0.000000  0.000120  0.000000 ) 
 (  0.098153  0.000000 -0.141054  0.000000 -0.001233  0.000000 ) 
 ( -0.098153  0.000000  0.141054  0.000000 -0.001233  0.000000 ) 
 ( -0.098153  0.000000 -0.141054  0.000000 -0.001233  0.000000 ) 
 (  0.098153  0.000000  0.141054  0.000000 -0.001233  0.000000 ) 
 (  0.070930  0.000000 -0.338695  0.000000 -0.002466  0.000000 ) 
 ( -0.070930  0.000000  0.338695  0.000000 -0.002466  0.000000 ) 
 ( -0.070930  0.000000 -0.338695  0.000000 -0.002466  0.000000 ) 
 (  0.070930  0.000000  0.338695  0.000000 -0.002466  0.000000 ) 
 ( -0.089336  0.000000 -0.040247  0.000000 -0.019682  0.000000 ) 
 (  0.089336  0.000000  0.040247  0.000000 -0.019682  0.000000 ) 
 (  0.089336  0.000000 -0.040247  0.000000 -0.019682  0.000000 ) 
 ( -0.089336  0.000000  0.040247  0.000000 -0.019682  0.000000 ) 
 (  0.200611  0.000000 -0.077295  0.000000 -0.001705  0.000000 ) 
 ( -0.200611  0.000000  0.077295  0.000000 -0.001705  0.000000 ) 
 ( -0.200611  0.000000 -0.077295  0.000000 -0.001705  0.000000 ) 
 (  0.200611  0.000000  0.077295  0.000000 -0.001705  0.000000 ) 
 ( -0.205845  0.000000  0.042031  0.000000  0.019167  0.000000 ) 
 (  0.205845  0.000000 -0.042031  0.000000  0.019167  0.000000 ) 
 (  0.205845  0.000000  0.042031  0.000000  0.019167  0.000000 ) 
 ( -0.205845  0.000000 -0.042031  0.000000  0.019167  0.000000 ) 
     freq (   27) =      11.878078 [THz] =     396.210049 [cm-1]
 (  0.000000  0.000000  0.000000  0.000000 -0.002462  0.000000 ) 
 (  0.000000  0.000000  0.000000  0.000000 -0.002462  0.000000 ) 
 (  0.001529  0.000000 -0.002277  0.000000  0.009479  0.000000 ) 
 ( -0.001529  0.000000  0.002277  0.000000  0.009479  0.000000 ) 
 ( -0.001529  0.000000 -0.002277  0.000000  0.009479  0.000000 ) 
 (  0.001529  0.000000  0.002277  0.000000  0.009479  0.000000 ) 
 (  0.001073  0.000000 -0.004137  0.000000  0.287591  0.000000 ) 
 ( -0.001073  0.000000  0.004137  0.000000  0.287591  0.000000 ) 
 ( -0.001073  0.000000 -0.004137  0.000000  0.287591  0.000000 ) 
 (  0.001073  0.000000  0.004137  0.000000  0.287591  0.000000 ) 
 ( -0.000582  0.000000 -0.000930  0.000000  0.049117  0.000000 ) 
 (  0.000582  0.000000  0.000930  0.000000  0.049117  0.000000 ) 
 (  0.000582  0.000000 -0.000930  0.000000  0.049117  0.000000 ) 
 ( -0.000582  0.000000  0.000930  0.000000  0.049117  0.000000 ) 
 ( -0.210735  0.000000  0.131576  0.000000 -0.139042  0.000000 ) 
 (  0.210735  0.000000 -0.131576  0.000000 -0.139042  0.000000 ) 
 (  0.210735  0.000000  0.131576  0.000000 -0.139042  0.000000 ) 
 ( -0.210735  0.000000 -0.131576  0.000000 -0.139042  0.000000 ) 
 ( -0.215809  0.000000  0.134125  0.000000 -0.138354  0.000000 ) 
 (  0.215809  0.000000 -0.134125  0.000000 -0.138354  0.000000 ) 
 (  0.215809  0.000000  0.134125  0.000000 -0.138354  0.000000 ) 
 ( -0.215809  0.000000 -0.134125  0.000000 -0.138354  0.000000 ) 
     freq (   28) =      12.102294 [THz] =     403.689075 [cm-1]
 ( -0.000000  0.000000  0.000000  0.000000 -0.005687  0.000000 ) 
 (  0.000000  0.000000  0.000000  0.000000  0.005687  0.000000 ) 
 ( -0.000020  0.000000 -0.000337  0.000000  0.021703  0.000000 ) 
 (  0.000020  0.000000  0.000337  0.000000  0.021703  0.000000 ) 
 ( -0.000020  0.000000  0.000337  0.000000 -0.021703  0.000000 ) 
 (  0.000020  0.000000 -0.000337  0.000000 -0.021703  0.000000 ) 
 (  0.000270  0.000000  0.002329  0.000000  0.312837  0.000000 ) 
 ( -0.000270  0.000000 -0.002329  0.000000  0.312837  0.000000 ) 
 (  0.000270  0.000000 -0.002329  0.000000 -0.312837  0.000000 ) 
 ( -0.000270  0.000000  0.002329  0.000000 -0.312837  0.000000 ) 
 (  0.001909  0.000000 -0.001385  0.000000  0.019215  0.000000 ) 
 ( -0.001909  0.000000  0.001385  0.000000  0.019215  0.000000 ) 
 (  0.001909  0.000000  0.001385  0.000000 -0.019215  0.000000 ) 
 ( -0.001909  0.000000 -0.001385  0.000000 -0.019215  0.000000 ) 
 ( -0.232927  0.000000  0.096702  0.000000 -0.111439  0.000000 ) 
 (  0.232927  0.000000 -0.096702  0.000000 -0.111439  0.000000 ) 
 ( -0.232927  0.000000 -0.096702  0.000000  0.111439  0.000000 ) 
 (  0.232927  0.000000  0.096702  0.000000  0.111439  0.000000 ) 
 ( -0.230491  0.000000  0.098442  0.000000 -0.111460  0.000000 ) 
 (  0.230491  0.000000 -0.098442  0.000000 -0.111460  0.000000 ) 
 ( -0.230491  0.000000 -0.098442  0.000000  0.111460  0.000000 ) 
 (  0.230491  0.000000  0.098442  0.000000  0.111460  0.000000 ) 
     freq (   29) =      12.263295 [THz] =     409.059505 [cm-1]
 ( -0.000034  0.000000 -0.000050  0.000000  0.000000  0.000000 ) 
 (  0.000034  0.000000 -0.000050  0.000000  0.000000  0.000000 ) 
 ( -0.000112  0.000000  0.000055  0.000000 -0.018988  0.000000 ) 
 ( -0.000112  0.000000  0.000055  0.000000  0.018988  0.000000 ) 
 (  0.000112  0.000000  0.000055  0.000000 -0.018988  0.000000 ) 
 (  0.000112  0.000000  0.000055  0.000000  0.018988  0.000000 ) 
 ( -0.000101  0.000000  0.000882  0.000000 -0.286458  0.000000 ) 
 ( -0.000101  0.000000  0.000882  0.000000  0.286458  0.000000 ) 
 (  0.000101  0.000000  0.000882  0.000000 -0.286458  0.000000 ) 
 (  0.000101  0.000000  0.000882  0.000000  0.286458  0.000000 ) 
 (  0.000630  0.000000 -0.000211  0.000000 -0.074139  0.000000 ) 
 (  0.000630  0.000000 -0.000211  0.000000  0.074139  0.000000 ) 
 ( -0.000630  0.000000 -0.000211  0.000000 -0.074139  0.000000 ) 
 ( -0.000630  0.000000 -0.000211  0.000000  0.074139  0.000000 ) 
 (  0.202957  0.000000 -0.146754  0.000000  0.134772  0.000000 ) 
 (  0.202957  0.000000 -0.146754  0.000000 -0.134772  0.000000 ) 
 ( -0.202957  0.000000 -0.146754  0.000000  0.134772  0.000000 ) 
 ( -0.202957  0.000000 -0.146754  0.000000 -0.134772  0.000000 ) 
 ( -0.204017  0.000000  0.146233  0.000000 -0.134851  0.000000 ) 
 ( -0.204017  0.000000  0.146233  0.000000  0.134851  0.000000 ) 
 (  0.204017  0.000000  0.146233  0.000000 -0.134851  0.000000 ) 
 (  0.204017  0.000000  0.146233  0.000000  0.134851  0.000000 ) 
     freq (   30) =      12.562463 [THz] =     419.038657 [cm-1]
 ( -0.000107  0.000000 -0.000331  0.000000 -0.000000  0.000000 ) 
 ( -0.000107  0.000000  0.000331  0.000000 -0.000000  0.000000 ) 
 ( -0.000152  0.000000 -0.000562  0.000000  0.026700  0.000000 ) 
 ( -0.000152  0.000000 -0.000562  0.000000 -0.026700  0.000000 ) 
 ( -0.000152  0.000000  0.000562  0.000000 -0.026700  0.000000 ) 
 ( -0.000152  0.000000  0.000562  0.000000  0.026700  0.000000 ) 
 ( -0.000020  0.000000 -0.000953  0.000000  0.311804  0.000000 ) 
 ( -0.000020  0.000000 -0.000953  0.000000 -0.311804  0.000000 ) 
 ( -0.000020  0.000000  0.000953  0.000000 -0.311804  0.000000 ) 
 ( -0.000020  0.000000  0.000953  0.000000  0.311804  0.000000 ) 
 ( -0.000428  0.000000 -0.000531  0.000000  0.032906  0.000000 ) 
 ( -0.000428  0.000000 -0.000531  0.000000 -0.032906  0.000000 ) 
 ( -0.000428  0.000000  0.000531  0.000000 -0.032906  0.000000 ) 
 ( -0.000428  0.000000  0.000531  0.000000  0.032906  0.000000 ) 
 ( -0.227146  0.000000  0.107411  0.000000 -0.111036  0.000000 ) 
 ( -0.227146  0.000000  0.107411  0.000000  0.111036  0.000000 ) 
 ( -0.227146  0.000000 -0.107411  0.000000  0.111036  0.000000 ) 
 ( -0.227146  0.000000 -0.107411  0.000000 -0.111036  0.000000 ) 
 (  0.226532  0.000000 -0.108519  0.000000  0.111475  0.000000 ) 
 (  0.226532  0.000000 -0.108519  0.000000 -0.111475  0.000000 ) 
 (  0.226532  0.000000  0.108519  0.000000 -0.111475  0.000000 ) 
 (  0.226532  0.000000  0.108519  0.000000  0.111475  0.000000 ) 
     freq (   31) =      30.448083 [THz] =    1015.638732 [cm-1]
 (  0.000000  0.000000 -0.000000  0.000000  0.000002  0.000000 ) 
 ( -0.000000  0.000000  0.000000  0.000000  0.000002  0.000000 ) 
 ( -0.046694  0.000000 -0.042531  0.000000  0.000427  0.000000 ) 
 (  0.046694  0.000000  0.042531  0.000000  0.000427  0.000000 ) 
 (  0.046694  0.000000 -0.042531  0.000000  0.000427  0.000000 ) 
 ( -0.046694  0.000000  0.042531  0.000000  0.000427  0.000000 ) 
 ( -0.003171  0.000000  0.235248  0.000000 -0.001834  0.000000 ) 
 (  0.003171  0.000000 -0.235248  0.000000 -0.001834  0.000000 ) 
 (  0.003171  0.000000  0.235248  0.000000 -0.001834  0.000000 ) 
 ( -0.003171  0.000000 -0.235248  0.000000 -0.001834  0.000000 ) 
 (  0.119239  0.000000 -0.099181  0.000000 -0.001829  0.000000 ) 
 ( -0.119239  0.000000  0.099181  0.000000 -0.001829  0.000000 ) 
 ( -0.119239  0.000000 -0.099181  0.000000 -0.001829  0.000000 ) 
 (  0.119239  0.000000  0.099181  0.000000 -0.001829  0.000000 ) 
 (  0.224737  0.000000  0.176674  0.000000 -0.045104  0.000000 ) 
 ( -0.224737  0.000000 -0.176674  0.000000 -0.045104  0.000000 ) 
 ( -0.224737  0.000000  0.176674  0.000000 -0.045104  0.000000 ) 
 (  0.224737  0.000000 -0.176674  0.000000 -0.045104  0.000000 ) 
 ( -0.224946  0.000000 -0.174059  0.000000  0.044103  0.000000 ) 
 (  0.224946  0.000000  0.174059  0.000000  0.044103  0.000000 ) 
 (  0.224946  0.000000 -0.174059  0.000000  0.044103  0.000000 ) 
 ( -0.224946  0.000000  0.174059  0.000000  0.044103  0.000000 ) 
     freq (   32) =      30.669816 [THz] =    1023.034953 [cm-1]
 (  0.000000  0.000000  0.000000  0.000000  0.000035  0.000000 ) 
 ( -0.000000  0.000000  0.000000  0.000000 -0.000035  0.000000 ) 
 ( -0.045440  0.000000 -0.045995  0.000000 -0.000254  0.000000 ) 
 (  0.045440  0.000000  0.045995  0.000000 -0.000254  0.000000 ) 
 ( -0.045440  0.000000  0.045995  0.000000  0.000254  0.000000 ) 
 (  0.045440  0.000000 -0.045995  0.000000  0.000254  0.000000 ) 
 ( -0.000558  0.000000  0.247565  0.000000  0.000415  0.000000 ) 
 (  0.000558  0.000000 -0.247565  0.000000  0.000415  0.000000 ) 
 ( -0.000558  0.000000 -0.247565  0.000000 -0.000415  0.000000 ) 
 (  0.000558  0.000000  0.247565  0.000000 -0.000415  0.000000 ) 
 (  0.099793  0.000000 -0.092404  0.000000  0.000575  0.000000 ) 
 ( -0.099793  0.000000  0.092404  0.000000  0.000575  0.000000 ) 
 (  0.099793  0.000000  0.092404  0.000000 -0.000575  0.000000 ) 
 ( -0.099793  0.000000 -0.092404  0.000000 -0.000575  0.000000 ) 
 (  0.217324  0.000000  0.181733  0.000000 -0.052677  0.000000 ) 
 ( -0.217324  0.000000 -0.181733  0.000000 -0.052677  0.000000 ) 
 (  0.217324  0.000000 -0.181733  0.000000  0.052677  0.000000 ) 
 ( -0.217324  0.000000  0.181733  0.000000  0.052677  0.000000 ) 
 ( -0.216528  0.000000 -0.182517  0.000000  0.052961  0.000000 ) 
 (  0.216528  0.000000  0.182517  0.000000  0.052961  0.000000 ) 
 ( -0.216528  0.000000  0.182517  0.000000 -0.052961  0.000000 ) 
 (  0.216528  0.000000 -0.182517  0.000000 -0.052961  0.000000 ) 
     freq (   33) =      30.724651 [THz] =    1024.864042 [cm-1]
 (  0.000549  0.000000  0.000287  0.000000  0.000000  0.000000 ) 
 ( -0.000549  0.000000  0.000287  0.000000  0.000000  0.000000 ) 
 (  0.040152  0.000000  0.049019  0.000000  0.000031  0.000000 ) 
 (  0.040152  0.000000  0.049019  0.000000 -0.000031  0.000000 ) 
 ( -0.040152  0.000000  0.049019  0.000000  0.000031  0.000000 ) 
 ( -0.040152  0.000000  0.049019  0.000000 -0.000031  0.000000 ) 
 ( -0.002477  0.000000 -0.264275  0.000000 -0.000446  0.000000 ) 
 ( -0.002477  0.000000 -0.264275  0.000000  0.000446  0.000000 ) 
 (  0.002477  0.000000 -0.264275  0.000000 -0.000446  0.000000 ) 
 (  0.002477  0.000000 -0.264275  0.000000  0.000446  0.000000 ) 
 ( -0.086223  0.000000  0.085589  0.000000  0.000169  0.000000 ) 
 ( -0.086223  0.000000  0.085589  0.000000 -0.000169  0.000000 ) 
 (  0.086223  0.000000  0.085589  0.000000  0.000169  0.000000 ) 
 (  0.086223  0.000000  0.085589  0.000000 -0.000169  0.000000 ) 
 ( -0.207773  0.000000 -0.184234  0.000000  0.060151  0.000000 ) 
 ( -0.207773  0.000000 -0.184234  0.000000 -0.060151  0.000000 ) 
 (  0.207773  0.000000 -0.184234  0.000000  0.060151  0.000000 ) 
 (  0.207773  0.000000 -0.184234  0.000000 -0.060151  0.000000 ) 
 ( -0.207458  0.000000 -0.184326  0.000000  0.060270  0.000000 ) 
 ( -0.207458  0.000000 -0.184326  0.000000 -0.060270  0.000000 ) 
 (  0.207458  0.000000 -0.184326  0.000000  0.060270  0.000000 ) 
 (  0.207458  0.000000 -0.184326  0.000000 -0.060270  0.000000 ) 
     freq (   34) =      30.833431 [THz] =    1028.492561 [cm-1]
 (  0.000728  0.000000  0.000810  0.000000 -0.000000  0.000000 ) 
 (  0.000728  0.000000 -0.000810  0.000000 -0.000000  0.000000 ) 
 (  0.044057  0.000000  0.045926  0.000000 -0.000330  0.000000 ) 
 (  0.044057  0.000000  0.045926  0.000000  0.000330  0.000000 ) 
 (  0.044057  0.000000 -0.045926  0.000000  0.000330  0.000000 ) 
 (  0.044057  0.000000 -0.045926  0.000000 -0.000330  0.000000 ) 
 ( -0.000936  0.000000 -0.253663  0.000000  0.000868  0.000000 ) 
 ( -0.000936  0.000000 -0.253663  0.000000 -0.000868  0.000000 ) 
 ( -0.000936  0.000000  0.253663  0.000000 -0.000868  0.000000 ) 
 ( -0.000936  0.000000  0.253663  0.000000  0.000868  0.000000 ) 
 ( -0.095469  0.000000  0.091629  0.000000  0.001122  0.000000 ) 
 ( -0.095469  0.000000  0.091629  0.000000 -0.001122  0.000000 ) 
 ( -0.095469  0.000000 -0.091629  0.000000 -0.001122  0.000000 ) 
 ( -0.095469  0.000000 -0.091629  0.000000  0.001122  0.000000 ) 
 ( -0.212297  0.000000 -0.184134  0.000000  0.055331  0.000000 ) 
 ( -0.212297  0.000000 -0.184134  0.000000 -0.055331  0.000000 ) 
 ( -0.212297  0.000000  0.184134  0.000000 -0.055331  0.000000 ) 
 ( -0.212297  0.000000  0.184134  0.000000  0.055331  0.000000 ) 
 ( -0.213431  0.000000 -0.183013  0.000000  0.054840  0.000000 ) 
 ( -0.213431  0.000000 -0.183013  0.000000 -0.054840  0.000000 ) 
 ( -0.213431  0.000000  0.183013  0.000000 -0.054840  0.000000 ) 
 ( -0.213431  0.000000  0.183013  0.000000  0.054840  0.000000 ) 
     freq (   35) =      31.855046 [THz] =    1062.569952 [cm-1]
 (  0.000000  0.000000  0.000000  0.000000 -0.000038  0.000000 ) 
 (  0.000000  0.000000 -0.000000  0.000000  0.000038  0.000000 ) 
 ( -0.046586  0.000000  0.048033  0.000000  0.000794  0.000000 ) 
 (  0.046586  0.000000 -0.048033  0.000000  0.000794  0.000000 ) 
 ( -0.046586  0.000000 -0.048033  0.000000 -0.000794  0.000000 ) 
 (  0.046586  0.000000  0.048033  0.000000 -0.000794  0.000000 ) 
 ( -0.055400  0.000000 -0.217489  0.000000 -0.002852  0.000000 ) 
 (  0.055400  0.000000  0.217489  0.000000 -0.002852  0.000000 ) 
 ( -0.055400  0.000000  0.217489  0.000000  0.002852  0.000000 ) 
 (  0.055400  0.000000 -0.217489  0.000000  0.002852  0.000000 ) 
 (  0.289840  0.000000 -0.130629  0.000000 -0.003084  0.000000 ) 
 ( -0.289840  0.000000  0.130629  0.000000 -0.003084  0.000000 ) 
 (  0.289840  0.000000  0.130629  0.000000  0.003084  0.000000 ) 
 ( -0.289840  0.000000 -0.130629  0.000000  0.003084  0.000000 ) 
 (  0.142188  0.000000 -0.092449  0.000000  0.132412  0.000000 ) 
 ( -0.142188  0.000000  0.092449  0.000000  0.132412  0.000000 ) 
 (  0.142188  0.000000  0.092449  0.000000 -0.132412  0.000000 ) 
 ( -0.142188  0.000000 -0.092449  0.000000 -0.132412  0.000000 ) 
 ( -0.144094  0.000000  0.095489  0.000000 -0.133732  0.000000 ) 
 (  0.144094  0.000000 -0.095489  0.000000 -0.133732  0.000000 ) 
 ( -0.144094  0.000000 -0.095489  0.000000  0.133732  0.000000 ) 
 (  0.144094  0.000000  0.095489  0.000000  0.133732  0.000000 ) 
     freq (   36) =      31.872527 [THz] =    1063.153073 [cm-1]
 ( -0.000024  0.000000 -0.000041  0.000000 -0.000000  0.000000 ) 
 ( -0.000024  0.000000  0.000041  0.000000  0.000000  0.000000 ) 
 (  0.049228  0.000000 -0.048269  0.000000 -0.000147  0.000000 ) 
 (  0.049228  0.000000 -0.048269  0.000000  0.000147  0.000000 ) 
 (  0.049228  0.000000  0.048269  0.000000  0.000147  0.000000 ) 
 (  0.049228  0.000000  0.048269  0.000000 -0.000147  0.000000 ) 
 (  0.056886  0.000000  0.209420  0.000000  0.000780  0.000000 ) 
 (  0.056886  0.000000  0.209420  0.000000 -0.000780  0.000000 ) 
 (  0.056886  0.000000 -0.209420  0.000000 -0.000780  0.000000 ) 
 (  0.056886  0.000000 -0.209420  0.000000  0.000780  0.000000 ) 
 ( -0.290889  0.000000  0.130622  0.000000  0.000529  0.000000 ) 
 ( -0.290889  0.000000  0.130622  0.000000 -0.000529  0.000000 ) 
 ( -0.290889  0.000000 -0.130622  0.000000 -0.000529  0.000000 ) 
 ( -0.290889  0.000000 -0.130622  0.000000  0.000529  0.000000 ) 
 ( -0.146757  0.000000  0.091916  0.000000 -0.134486  0.000000 ) 
 ( -0.146757  0.000000  0.091916  0.000000  0.134486  0.000000 ) 
 ( -0.146757  0.000000 -0.091916  0.000000  0.134486  0.000000 ) 
 ( -0.146757  0.000000 -0.091916  0.000000 -0.134486  0.000000 ) 
 ( -0.147365  0.000000  0.092345  0.000000 -0.134751  0.000000 ) 
 ( -0.147365  0.000000  0.092345  0.000000  0.134751  0.000000 ) 
 ( -0.147365  0.000000 -0.092345  0.000000  0.134751  0.000000 ) 
 ( -0.147365  0.000000 -0.092345  0.000000 -0.134751  0.000000 ) 
     freq (   37) =      31.991358 [THz] =    1067.116827 [cm-1]
 (  0.000459  0.000000 -0.000000  0.000000  0.000000  0.000000 ) 
 ( -0.000459  0.000000 -0.000000  0.000000  0.000000  0.000000 ) 
 (  0.048538  0.000000 -0.046501  0.000000 -0.000556  0.000000 ) 
 (  0.048538  0.000000 -0.046501  0.000000  0.000556  0.000000 ) 
 ( -0.048538  0.000000 -0.046501  0.000000 -0.000556  0.000000 ) 
 ( -0.048538  0.000000 -0.046501  0.000000  0.000556  0.000000 ) 
 (  0.057166  0.000000  0.200065  0.000000  0.001813  0.000000 ) 
 (  0.057166  0.000000  0.200065  0.000000 -0.001813  0.000000 ) 
 ( -0.057166  0.000000  0.200065  0.000000  0.001813  0.000000 ) 
 ( -0.057166  0.000000  0.200065  0.000000 -0.001813  0.000000 ) 
 ( -0.301337  0.000000  0.137346  0.000000  0.003145  0.000000 ) 
 ( -0.301337  0.000000  0.137346  0.000000 -0.003145  0.000000 ) 
 (  0.301337  0.000000  0.137346  0.000000  0.003145  0.000000 ) 
 (  0.301337  0.000000  0.137346  0.000000 -0.003145  0.000000 ) 
 ( -0.152937  0.000000  0.078435  0.000000 -0.127594  0.000000 ) 
 ( -0.152937  0.000000  0.078435  0.000000  0.127594  0.000000 ) 
 (  0.152937  0.000000  0.078435  0.000000 -0.127594  0.000000 ) 
 (  0.152937  0.000000  0.078435  0.000000  0.127594  0.000000 ) 
 ( -0.153520  0.000000  0.081065  0.000000 -0.128626  0.000000 ) 
 ( -0.153520  0.000000  0.081065  0.000000  0.128626  0.000000 ) 
 (  0.153520  0.000000  0.081065  0.000000 -0.128626  0.000000 ) 
 (  0.153520  0.000000  0.081065  0.000000  0.128626  0.000000 ) 
     freq (   38) =      32.258455 [THz] =    1076.026236 [cm-1]
 (  0.000000  0.000000 -0.000000  0.000000  0.000010  0.000000 ) 
 ( -0.000000  0.000000 -0.000000  0.000000  0.000010  0.000000 ) 
 ( -0.041807  0.000000  0.047745  0.000000  0.000355  0.000000 ) 
 (  0.041807  0.000000 -0.047745  0.000000  0.000355  0.000000 ) 
 (  0.041807  0.000000  0.047745  0.000000  0.000355  0.000000 ) 
 ( -0.041807  0.000000 -0.047745  0.000000  0.000355  0.000000 ) 
 ( -0.055951  0.000000 -0.234420  0.000000 -0.001557  0.000000 ) 
 (  0.055951  0.000000  0.234420  0.000000 -0.001557  0.000000 ) 
 (  0.055951  0.000000 -0.234420  0.000000 -0.001557  0.000000 ) 
 ( -0.055951  0.000000  0.234420  0.000000 -0.001557  0.000000 ) 
 (  0.286446  0.000000 -0.124485  0.000000 -0.002372  0.000000 ) 
 ( -0.286446  0.000000  0.124485  0.000000 -0.002372  0.000000 ) 
 ( -0.286446  0.000000 -0.124485  0.000000 -0.002372  0.000000 ) 
 (  0.286446  0.000000  0.124485  0.000000 -0.002372  0.000000 ) 
 (  0.126942  0.000000 -0.102082  0.000000  0.134605  0.000000 ) 
 ( -0.126942  0.000000  0.102082  0.000000  0.134605  0.000000 ) 
 ( -0.126942  0.000000 -0.102082  0.000000  0.134605  0.000000 ) 
 (  0.126942  0.000000  0.102082  0.000000  0.134605  0.000000 ) 
 ( -0.128560  0.000000  0.103755  0.000000 -0.135599  0.000000 ) 
 (  0.128560  0.000000 -0.103755  0.000000 -0.135599  0.000000 ) 
 (  0.128560  0.000000  0.103755  0.000000 -0.135599  0.000000 ) 
 ( -0.128560  0.000000 -0.103755  0.000000 -0.135599  0.000000 ) 
     freq (   39) =      32.342011 [THz] =    1078.813372 [cm-1]
 (  0.000001  0.000000 -0.000007  0.000000 -0.000000  0.000000 ) 
 ( -0.000001  0.000000 -0.000007  0.000000  0.000000  0.000000 ) 
 (  0.000372  0.000000 -0.000397  0.000000  0.065114  0.000000 ) 
 (  0.000372  0.000000 -0.000397  0.000000 -0.065114  0.000000 ) 
 ( -0.000372  0.000000 -0.000397  0.000000  0.065114  0.000000 ) 
 ( -0.000372  0.000000 -0.000397  0.000000 -0.065114  0.000000 ) 
 (  0.000571  0.000000  0.001839  0.000000 -0.260804  0.000000 ) 
 (  0.000571  0.000000  0.001839  0.000000  0.260804  0.000000 ) 
 ( -0.000571  0.000000  0.001839  0.000000 -0.260804  0.000000 ) 
 ( -0.000571  0.000000  0.001839  0.000000  0.260804  0.000000 ) 
 ( -0.002504  0.000000  0.000990  0.000000 -0.340733  0.000000 ) 
 ( -0.002504  0.000000  0.000990  0.000000  0.340733  0.000000 ) 
 (  0.002504  0.000000  0.000990  0.000000 -0.340733  0.000000 ) 
 (  0.002504  0.000000  0.000990  0.000000  0.340733  0.000000 ) 
 ( -0.062032  0.000000  0.151724  0.000000 -0.066764  0.000000 ) 
 ( -0.062032  0.000000  0.151724  0.000000  0.066764  0.000000 ) 
 (  0.062032  0.000000  0.151724  0.000000 -0.066764  0.000000 ) 
 (  0.062032  0.000000  0.151724  0.000000  0.066764  0.000000 ) 
 (  0.059558  0.000000 -0.150189  0.000000  0.064823  0.000000 ) 
 (  0.059558  0.000000 -0.150189  0.000000 -0.064823  0.000000 ) 
 ( -0.059558  0.000000 -0.150189  0.000000  0.064823  0.000000 ) 
 ( -0.059558  0.000000 -0.150189  0.000000 -0.064823  0.000000 ) 
     freq (   40) =      32.360044 [THz] =    1079.414888 [cm-1]
 ( -0.000000  0.000000  0.000000  0.000000  0.000315  0.000000 ) 
 (  0.000000  0.000000  0.000000  0.000000 -0.000315  0.000000 ) 
 ( -0.000343  0.000000  0.000639  0.000000 -0.064707  0.000000 ) 
 (  0.000343  0.000000 -0.000639  0.000000 -0.064707  0.000000 ) 
 ( -0.000343  0.000000 -0.000639  0.000000  0.064707  0.000000 ) 
 (  0.000343  0.000000  0.000639  0.000000  0.064707  0.000000 ) 
 ( -0.000392  0.000000 -0.002783  0.000000  0.266745  0.000000 ) 
 (  0.000392  0.000000  0.002783  0.000000  0.266745  0.000000 ) 
 ( -0.000392  0.000000  0.002783  0.000000 -0.266745  0.000000 ) 
 (  0.000392  0.000000 -0.002783  0.000000 -0.266745  0.000000 ) 
 (  0.002856  0.000000 -0.001435  0.000000  0.333605  0.000000 ) 
 ( -0.002856  0.000000  0.001435  0.000000  0.333605  0.000000 ) 
 (  0.002856  0.000000  0.001435  0.000000 -0.333605  0.000000 ) 
 ( -0.002856  0.000000 -0.001435  0.000000 -0.333605  0.000000 ) 
 (  0.065657  0.000000 -0.152433  0.000000  0.069345  0.000000 ) 
 ( -0.065657  0.000000  0.152433  0.000000  0.069345  0.000000 ) 
 (  0.065657  0.000000  0.152433  0.000000 -0.069345  0.000000 ) 
 ( -0.065657  0.000000 -0.152433  0.000000 -0.069345  0.000000 ) 
 (  0.064027  0.000000 -0.150014  0.000000  0.066256  0.000000 ) 
 ( -0.064027  0.000000  0.150014  0.000000  0.066256  0.000000 ) 
 (  0.064027  0.000000  0.150014  0.000000 -0.066256  0.000000 ) 
 ( -0.064027  0.000000 -0.150014  0.000000 -0.066256  0.000000 ) 
     freq (   41) =      32.403700 [THz] =    1080.871103 [cm-1]
 ( -0.000007  0.000000 -0.000018  0.000000  0.000000  0.000000 ) 
 ( -0.000007  0.000000  0.000018  0.000000 -0.000000  0.000000 ) 
 ( -0.000259  0.000000 -0.000098  0.000000 -0.065584  0.000000 ) 
 ( -0.000259  0.000000 -0.000098  0.000000  0.065584  0.000000 ) 
 ( -0.000259  0.000000  0.000098  0.000000  0.065584  0.000000 ) 
 ( -0.000259  0.000000  0.000098  0.000000 -0.065584  0.000000 ) 
 ( -0.000035  0.000000  0.000339  0.000000  0.274298  0.000000 ) 
 ( -0.000035  0.000000  0.000339  0.000000 -0.274298  0.000000 ) 
 ( -0.000035  0.000000 -0.000339  0.000000 -0.274298  0.000000 ) 
 ( -0.000035  0.000000 -0.000339  0.000000  0.274298  0.000000 ) 
 (  0.000923  0.000000 -0.000715  0.000000  0.328002  0.000000 ) 
 (  0.000923  0.000000 -0.000715  0.000000 -0.328002  0.000000 ) 
 (  0.000923  0.000000  0.000715  0.000000 -0.328002  0.000000 ) 
 (  0.000923  0.000000  0.000715  0.000000  0.328002  0.000000 ) 
 (  0.067819  0.000000 -0.149382  0.000000  0.066948  0.000000 ) 
 (  0.067819  0.000000 -0.149382  0.000000 -0.066948  0.000000 ) 
 (  0.067819  0.000000  0.149382  0.000000 -0.066948  0.000000 ) 
 (  0.067819  0.000000  0.149382  0.000000  0.066948  0.000000 ) 
 ( -0.065621  0.000000  0.150749  0.000000 -0.066669  0.000000 ) 
 ( -0.065621  0.000000  0.150749  0.000000  0.066669  0.000000 ) 
 ( -0.065621  0.000000 -0.150749  0.000000  0.066669  0.000000 ) 
 ( -0.065621  0.000000 -0.150749  0.000000 -0.066669  0.000000 ) 
     freq (   42) =      32.576557 [THz] =    1086.636983 [cm-1]
 (  0.000000  0.000000 -0.000000  0.000000 -0.000328  0.000000 ) 
 ( -0.000000  0.000000  0.000000  0.000000 -0.000328  0.000000 ) 
 ( -0.000385  0.000000  0.000102  0.000000 -0.066338  0.000000 ) 
 (  0.000385  0.000000 -0.000102  0.000000 -0.066338  0.000000 ) 
 (  0.000385  0.000000  0.000102  0.000000 -0.066338  0.000000 ) 
 ( -0.000385  0.000000 -0.000102  0.000000 -0.066338  0.000000 ) 
 ( -0.000373  0.000000  0.000116  0.000000  0.267184  0.000000 ) 
 (  0.000373  0.000000 -0.000116  0.000000  0.267184  0.000000 ) 
 (  0.000373  0.000000  0.000116  0.000000  0.267184  0.000000 ) 
 ( -0.000373  0.000000 -0.000116  0.000000  0.267184  0.000000 ) 
 (  0.002770  0.000000 -0.001134  0.000000  0.333030  0.000000 ) 
 ( -0.002770  0.000000  0.001134  0.000000  0.333030  0.000000 ) 
 ( -0.002770  0.000000 -0.001134  0.000000  0.333030  0.000000 ) 
 (  0.002770  0.000000  0.001134  0.000000  0.333030  0.000000 ) 
 (  0.068103  0.000000 -0.151331  0.000000  0.066373  0.000000 ) 
 ( -0.068103  0.000000  0.151331  0.000000  0.066373  0.000000 ) 
 ( -0.068103  0.000000 -0.151331  0.000000  0.066373  0.000000 ) 
 (  0.068103  0.000000  0.151331  0.000000  0.066373  0.000000 ) 
 (  0.062866  0.000000 -0.152073  0.000000  0.065350  0.000000 ) 
 ( -0.062866  0.000000  0.152073  0.000000  0.065350  0.000000 ) 
 ( -0.062866  0.000000 -0.152073  0.000000  0.065350  0.000000 ) 
 (  0.062866  0.000000  0.152073  0.000000  0.065350  0.000000 ) 
     freq (   43) =      35.735865 [THz] =    1192.020159 [cm-1]
 ( -0.000000  0.000000  0.000000  0.000000 -0.000096  0.000000 ) 
 ( -0.000000  0.000000  0.000000  0.000000  0.000096  0.000000 ) 
 (  0.000035  0.000000 -0.000045  0.000000  0.004253  0.000000 ) 
 ( -0.000035  0.000000  0.000045  0.000000  0.004253  0.000000 ) 
 (  0.000035  0.000000  0.000045  0.000000 -0.004253  0.000000 ) 
 ( -0.000035  0.000000 -0.000045  0.000000 -0.004253  0.000000 ) 
 (  0.000422  0.000000  0.000036  0.000000 -0.286527  0.000000 ) 
 ( -0.000422  0.000000 -0.000036  0.000000 -0.286527  0.000000 ) 
 (  0.000422  0.000000 -0.000036  0.000000  0.286527  0.000000 ) 
 ( -0.000422  0.000000  0.000036  0.000000  0.286527  0.000000 ) 
 ( -0.000252  0.000000 -0.000401  0.000000  0.243095  0.000000 ) 
 (  0.000252  0.000000  0.000401  0.000000  0.243095  0.000000 ) 
 ( -0.000252  0.000000  0.000401  0.000000 -0.243095  0.000000 ) 
 (  0.000252  0.000000 -0.000401  0.000000 -0.243095  0.000000 ) 
 ( -0.214849  0.000000 -0.090304  0.000000 -0.009882  0.000000 ) 
 (  0.214849  0.000000  0.090304  0.000000 -0.009882  0.000000 ) 
 ( -0.214849  0.000000  0.090304  0.000000  0.009882  0.000000 ) 
 (  0.214849  0.000000 -0.090304  0.000000  0.009882  0.000000 ) 
 ( -0.214344  0.000000 -0.091293  0.000000 -0.009936  0.000000 ) 
 (  0.214344  0.000000  0.091293  0.000000 -0.009936  0.000000 ) 
 ( -0.214344  0.000000  0.091293  0.000000  0.009936  0.000000 ) 
 (  0.214344  0.000000 -0.091293  0.000000  0.009936  0.000000 ) 
     freq (   44) =      35.761353 [THz] =    1192.870339 [cm-1]
 (  0.000002  0.000000 -0.000004  0.000000 -0.000000  0.000000 ) 
 (  0.000002  0.000000  0.000004  0.000000  0.000000  0.000000 ) 
 ( -0.000003  0.000000  0.000024  0.000000  0.002904  0.000000 ) 
 ( -0.000003  0.000000  0.000024  0.000000 -0.002904  0.000000 ) 
 ( -0.000003  0.000000 -0.000024  0.000000 -0.002904  0.000000 ) 
 ( -0.000003  0.000000 -0.000024  0.000000  0.002904  0.000000 ) 
 (  0.000012  0.000000  0.001347  0.000000 -0.281818  0.000000 ) 
 (  0.000012  0.000000  0.001347  0.000000  0.281818  0.000000 ) 
 (  0.000012  0.000000 -0.001347  0.000000  0.281818  0.000000 ) 
 (  0.000012  0.000000 -0.001347  0.000000 -0.281818  0.000000 ) 
 ( -0.001224  0.000000  0.000776  0.000000  0.246664  0.000000 ) 
 ( -0.001224  0.000000  0.000776  0.000000 -0.246664  0.000000 ) 
 ( -0.001224  0.000000 -0.000776  0.000000 -0.246664  0.000000 ) 
 ( -0.001224  0.000000 -0.000776  0.000000  0.246664  0.000000 ) 
 ( -0.213747  0.000000 -0.095270  0.000000 -0.008533  0.000000 ) 
 ( -0.213747  0.000000 -0.095270  0.000000  0.008533  0.000000 ) 
 ( -0.213747  0.000000  0.095270  0.000000  0.008533  0.000000 ) 
 ( -0.213747  0.000000  0.095270  0.000000 -0.008533  0.000000 ) 
 (  0.214768  0.000000  0.093072  0.000000  0.009927  0.000000 ) 
 (  0.214768  0.000000  0.093072  0.000000 -0.009927  0.000000 ) 
 (  0.214768  0.000000 -0.093072  0.000000 -0.009927  0.000000 ) 
 (  0.214768  0.000000 -0.093072  0.000000  0.009927  0.000000 ) 
     freq (   45) =      35.961447 [THz] =    1199.544736 [cm-1]
 ( -0.000008  0.000000 -0.000005  0.000000  0.000000  0.000000 ) 
 (  0.000008  0.000000 -0.000005  0.000000  0.000000  0.000000 ) 
 ( -0.000047  0.000000  0.000037  0.000000 -0.005712  0.000000 ) 
 ( -0.000047  0.000000  0.000037  0.000000  0.005712  0.000000 ) 
 (  0.000047  0.000000  0.000037  0.000000 -0.005712  0.000000 ) 
 (  0.000047  0.000000  0.000037  0.000000  0.005712  0.000000 ) 
 (  0.000115  0.000000  0.002368  0.000000  0.290449  0.000000 ) 
 (  0.000115  0.000000  0.002368  0.000000 -0.290449  0.000000 ) 
 ( -0.000115  0.000000  0.002368  0.000000  0.290449  0.000000 ) 
 ( -0.000115  0.000000  0.002368  0.000000 -0.290449  0.000000 ) 
 ( -0.002304  0.000000  0.001247  0.000000 -0.235960  0.000000 ) 
 ( -0.002304  0.000000  0.001247  0.000000  0.235960  0.000000 ) 
 (  0.002304  0.000000  0.001247  0.000000 -0.235960  0.000000 ) 
 (  0.002304  0.000000  0.001247  0.000000  0.235960  0.000000 ) 
 (  0.217625  0.000000  0.086942  0.000000  0.010635  0.000000 ) 
 (  0.217625  0.000000  0.086942  0.000000 -0.010635  0.000000 ) 
 ( -0.217625  0.000000  0.086942  0.000000  0.010635  0.000000 ) 
 ( -0.217625  0.000000  0.086942  0.000000 -0.010635  0.000000 ) 
 ( -0.215699  0.000000 -0.091113  0.000000 -0.007552  0.000000 ) 
 ( -0.215699  0.000000 -0.091113  0.000000  0.007552  0.000000 ) 
 (  0.215699  0.000000 -0.091113  0.000000 -0.007552  0.000000 ) 
 (  0.215699  0.000000 -0.091113  0.000000  0.007552  0.000000 ) 
     freq (   46) =      35.964776 [THz] =    1199.655811 [cm-1]
 (  0.000000  0.000000  0.000000  0.000000  0.000211  0.000000 ) 
 ( -0.000000  0.000000  0.000000  0.000000  0.000211  0.000000 ) 
 ( -0.000019  0.000000  0.000054  0.000000  0.004228  0.000000 ) 
 (  0.000019  0.000000 -0.000054  0.000000  0.004228  0.000000 ) 
 (  0.000019  0.000000  0.000054  0.000000  0.004228  0.000000 ) 
 ( -0.000019  0.000000 -0.000054  0.000000  0.004228  0.000000 ) 
 (  0.000072  0.000000  0.001524  0.000000 -0.285348  0.000000 ) 
 ( -0.000072  0.000000 -0.001524  0.000000 -0.285348  0.000000 ) 
 ( -0.000072  0.000000  0.001524  0.000000 -0.285348  0.000000 ) 
 (  0.000072  0.000000 -0.001524  0.000000 -0.285348  0.000000 ) 
 ( -0.001079  0.000000  0.000702  0.000000  0.242045  0.000000 ) 
 (  0.001079  0.000000 -0.000702  0.000000  0.242045  0.000000 ) 
 (  0.001079  0.000000  0.000702  0.000000  0.242045  0.000000 ) 
 ( -0.001079  0.000000 -0.000702  0.000000  0.242045  0.000000 ) 
 ( -0.214542  0.000000 -0.093336  0.000000 -0.008054  0.000000 ) 
 (  0.214542  0.000000  0.093336  0.000000 -0.008054  0.000000 ) 
 (  0.214542  0.000000 -0.093336  0.000000 -0.008054  0.000000 ) 
 ( -0.214542  0.000000  0.093336  0.000000 -0.008054  0.000000 ) 
 ( -0.216161  0.000000 -0.091349  0.000000 -0.009690  0.000000 ) 
 (  0.216161  0.000000  0.091349  0.000000 -0.009690  0.000000 ) 
 (  0.216161  0.000000 -0.091349  0.000000 -0.009690  0.000000 ) 
 ( -0.216161  0.000000  0.091349  0.000000 -0.009690  0.000000 ) 
     freq (   47) =      36.174296 [THz] =    1206.644641 [cm-1]
 (  0.000320  0.000000  0.000120  0.000000 -0.000000  0.000000 ) 
 ( -0.000320  0.000000  0.000120  0.000000 -0.000000  0.000000 ) 
 ( -0.005340  0.000000  0.004207  0.000000  0.000059  0.000000 ) 
 ( -0.005340  0.000000  0.004207  0.000000 -0.000059  0.000000 ) 
 (  0.005340  0.000000  0.004207  0.000000  0.000059  0.000000 ) 
 (  0.005340  0.000000  0.004207  0.000000 -0.000059  0.000000 ) 
 (  0.017635  0.000000  0.225371  0.000000 -0.002958  0.000000 ) 
 (  0.017635  0.000000  0.225371  0.000000  0.002958  0.000000 ) 
 ( -0.017635  0.000000  0.225371  0.000000 -0.002958  0.000000 ) 
 ( -0.017635  0.000000  0.225371  0.000000  0.002958  0.000000 ) 
 ( -0.185711  0.000000  0.096177  0.000000  0.002454  0.000000 ) 
 ( -0.185711  0.000000  0.096177  0.000000 -0.002454  0.000000 ) 
 (  0.185711  0.000000  0.096177  0.000000  0.002454  0.000000 ) 
 (  0.185711  0.000000  0.096177  0.000000 -0.002454  0.000000 ) 
 (  0.125753  0.000000 -0.188846  0.000000  0.160704  0.000000 ) 
 (  0.125753  0.000000 -0.188846  0.000000 -0.160704  0.000000 ) 
 ( -0.125753  0.000000 -0.188846  0.000000  0.160704  0.000000 ) 
 ( -0.125753  0.000000 -0.188846  0.000000 -0.160704  0.000000 ) 
 (  0.130356  0.000000 -0.186898  0.000000  0.160847  0.000000 ) 
 (  0.130356  0.000000 -0.186898  0.000000 -0.160847  0.000000 ) 
 ( -0.130356  0.000000 -0.186898  0.000000  0.160847  0.000000 ) 
 ( -0.130356  0.000000 -0.186898  0.000000 -0.160847  0.000000 ) 
     freq (   48) =      36.263291 [THz] =    1209.613189 [cm-1]
 ( -0.000427  0.000000  0.000010  0.000000  0.000000  0.000000 ) 
 ( -0.000427  0.000000 -0.000010  0.000000  0.000000  0.000000 ) 
 ( -0.004732  0.000000  0.003089  0.000000 -0.000020  0.000000 ) 
 ( -0.004732  0.000000  0.003089  0.000000  0.000020  0.000000 ) 
 ( -0.004732  0.000000 -0.003089  0.000000  0.000020  0.000000 ) 
 ( -0.004732  0.000000 -0.003089  0.000000 -0.000020  0.000000 ) 
 (  0.018533  0.000000  0.228858  0.000000  0.001661  0.000000 ) 
 (  0.018533  0.000000  0.228858  0.000000 -0.001661  0.000000 ) 
 (  0.018533  0.000000 -0.228858  0.000000 -0.001661  0.000000 ) 
 (  0.018533  0.000000 -0.228858  0.000000  0.001661  0.000000 ) 
 ( -0.192756  0.000000  0.098589  0.000000 -0.001293  0.000000 ) 
 ( -0.192756  0.000000  0.098589  0.000000  0.001293  0.000000 ) 
 ( -0.192756  0.000000 -0.098589  0.000000  0.001293  0.000000 ) 
 ( -0.192756  0.000000 -0.098589  0.000000 -0.001293  0.000000 ) 
 (  0.127942  0.000000 -0.184690  0.000000  0.157730  0.000000 ) 
 (  0.127942  0.000000 -0.184690  0.000000 -0.157730  0.000000 ) 
 (  0.127942  0.000000  0.184690  0.000000 -0.157730  0.000000 ) 
 (  0.127942  0.000000  0.184690  0.000000  0.157730  0.000000 ) 
 (  0.125549  0.000000 -0.185500  0.000000  0.157602  0.000000 ) 
 (  0.125549  0.000000 -0.185500  0.000000 -0.157602  0.000000 ) 
 (  0.125549  0.000000  0.185500  0.000000 -0.157602  0.000000 ) 
 (  0.125549  0.000000  0.185500  0.000000  0.157602  0.000000 ) 
     freq (   49) =      36.399813 [THz] =    1214.167081 [cm-1]
 ( -0.000000  0.000000 -0.000000  0.000000 -0.000000  0.000000 ) 
 ( -0.000000  0.000000 -0.000000  0.000000 -0.000000  0.000000 ) 
 (  0.004689  0.000000 -0.003056  0.000000 -0.000010  0.000000 ) 
 ( -0.004689  0.000000  0.003056  0.000000 -0.000010  0.000000 ) 
 ( -0.004689  0.000000 -0.003056  0.000000 -0.000010  0.000000 ) 
 (  0.004689  0.000000  0.003056  0.000000 -0.000010  0.000000 ) 
 ( -0.015789  0.000000 -0.224268  0.000000 -0.001584  0.000000 ) 
 (  0.015789  0.000000  0.224268  0.000000 -0.001584  0.000000 ) 
 (  0.015789  0.000000 -0.224268  0.000000 -0.001584  0.000000 ) 
 ( -0.015789  0.000000  0.224268  0.000000 -0.001584  0.000000 ) 
 (  0.186041  0.000000 -0.096458  0.000000  0.001542  0.000000 ) 
 ( -0.186041  0.000000  0.096458  0.000000  0.001542  0.000000 ) 
 ( -0.186041  0.000000 -0.096458  0.000000  0.001542  0.000000 ) 
 (  0.186041  0.000000  0.096458  0.000000  0.001542  0.000000 ) 
 ( -0.130677  0.000000  0.187022  0.000000 -0.160596  0.000000 ) 
 (  0.130677  0.000000 -0.187022  0.000000 -0.160596  0.000000 ) 
 (  0.130677  0.000000  0.187022  0.000000 -0.160596  0.000000 ) 
 ( -0.130677  0.000000 -0.187022  0.000000 -0.160596  0.000000 ) 
 (  0.128261  0.000000 -0.188251  0.000000  0.160528  0.000000 ) 
 ( -0.128261  0.000000  0.188251  0.000000  0.160528  0.000000 ) 
 ( -0.128261  0.000000 -0.188251  0.000000  0.160528  0.000000 ) 
 (  0.128261  0.000000  0.188251  0.000000  0.160528  0.000000 ) 
     freq (   50) =      36.603495 [THz] =    1220.961168 [cm-1]
 (  0.000000  0.000000  0.000000  0.000000  0.000003  0.000000 ) 
 (  0.000000  0.000000 -0.000000  0.000000 -0.000003  0.000000 ) 
 ( -0.004515  0.000000  0.002693  0.000000 -0.000031  0.000000 ) 
 (  0.004515  0.000000 -0.002693  0.000000 -0.000031  0.000000 ) 
 ( -0.004515  0.000000 -0.002693  0.000000  0.000031  0.000000 ) 
 (  0.004515  0.000000  0.002693  0.000000  0.000031  0.000000 ) 
 (  0.017798  0.000000  0.227077  0.000000 -0.000201  0.000000 ) 
 ( -0.017798  0.000000 -0.227077  0.000000 -0.000201  0.000000 ) 
 (  0.017798  0.000000 -0.227077  0.000000  0.000201  0.000000 ) 
 ( -0.017798  0.000000  0.227077  0.000000  0.000201  0.000000 ) 
 ( -0.188314  0.000000  0.097894  0.000000  0.000403  0.000000 ) 
 (  0.188314  0.000000 -0.097894  0.000000  0.000403  0.000000 ) 
 ( -0.188314  0.000000 -0.097894  0.000000 -0.000403  0.000000 ) 
 (  0.188314  0.000000  0.097894  0.000000 -0.000403  0.000000 ) 
 (  0.127723  0.000000 -0.186324  0.000000  0.159748  0.000000 ) 
 ( -0.127723  0.000000  0.186324  0.000000  0.159748  0.000000 ) 
 (  0.127723  0.000000  0.186324  0.000000 -0.159748  0.000000 ) 
 ( -0.127723  0.000000 -0.186324  0.000000 -0.159748  0.000000 ) 
 ( -0.127919  0.000000  0.186069  0.000000 -0.159724  0.000000 ) 
 (  0.127919  0.000000 -0.186069  0.000000 -0.159724  0.000000 ) 
 ( -0.127919  0.000000 -0.186069  0.000000  0.159724  0.000000 ) 
 (  0.127919  0.000000  0.186069  0.000000  0.159724  0.000000 ) 
     freq (   51) =      68.376218 [THz] =    2280.785126 [cm-1]
 (  0.000000  0.000000  0.000000  0.000000  0.000001  0.000000 ) 
 ( -0.000000  0.000000 -0.000000  0.000000  0.000001  0.000000 ) 
 ( -0.002244  0.000000 -0.008760  0.000000  0.000257  0.000000 ) 
 (  0.002244  0.000000  0.008760  0.000000  0.000257  0.000000 ) 
 (  0.002244  0.000000 -0.008760  0.000000  0.000257  0.000000 ) 
 ( -0.002244  0.000000  0.008760  0.000000  0.000257  0.000000 ) 
 ( -0.230902  0.000000  0.018679  0.000000 -0.000216  0.000000 ) 
 (  0.230902  0.000000 -0.018679  0.000000 -0.000216  0.000000 ) 
 (  0.230902  0.000000  0.018679  0.000000 -0.000216  0.000000 ) 
 ( -0.230902  0.000000 -0.018679  0.000000 -0.000216  0.000000 ) 
 (  0.149610  0.000000  0.298630  0.000000 -0.000189  0.000000 ) 
 ( -0.149610  0.000000 -0.298630  0.000000 -0.000189  0.000000 ) 
 ( -0.149610  0.000000  0.298630  0.000000 -0.000189  0.000000 ) 
 (  0.149610  0.000000 -0.298630  0.000000 -0.000189  0.000000 ) 
 (  0.052505  0.000000 -0.105882  0.000000 -0.170197  0.000000 ) 
 ( -0.052505  0.000000  0.105882  0.000000 -0.170197  0.000000 ) 
 ( -0.052505  0.000000 -0.105882  0.000000 -0.170197  0.000000 ) 
 (  0.052505  0.000000  0.105882  0.000000 -0.170197  0.000000 ) 
 ( -0.051385  0.000000  0.104571  0.000000  0.167869  0.000000 ) 
 (  0.051385  0.000000 -0.104571  0.000000  0.167869  0.000000 ) 
 (  0.051385  0.000000  0.104571  0.000000  0.167869  0.000000 ) 
 ( -0.051385  0.000000 -0.104571  0.000000  0.167869  0.000000 ) 
     freq (   52) =      68.378146 [THz] =    2280.849436 [cm-1]
 (  0.000000  0.000000  0.000000  0.000000  0.000003  0.000000 ) 
 (  0.000000  0.000000 -0.000000  0.000000 -0.000003  0.000000 ) 
 (  0.003187  0.000000  0.011555  0.000000 -0.000081  0.000000 ) 
 ( -0.003187  0.000000 -0.011555  0.000000 -0.000081  0.000000 ) 
 (  0.003187  0.000000 -0.011555  0.000000  0.000081  0.000000 ) 
 ( -0.003187  0.000000  0.011555  0.000000  0.000081  0.000000 ) 
 (  0.220455  0.000000 -0.016957  0.000000  0.000180  0.000000 ) 
 ( -0.220455  0.000000  0.016957  0.000000  0.000180  0.000000 ) 
 (  0.220455  0.000000  0.016957  0.000000 -0.000180  0.000000 ) 
 ( -0.220455  0.000000 -0.016957  0.000000 -0.000180  0.000000 ) 
 ( -0.159913  0.000000 -0.316665  0.000000 -0.000715  0.000000 ) 
 (  0.159913  0.000000  0.316665  0.000000 -0.000715  0.000000 ) 
 ( -0.159913  0.000000  0.316665  0.000000  0.000715  0.000000 ) 
 (  0.159913  0.000000 -0.316665  0.000000  0.000715  0.000000 ) 
 ( -0.049358  0.000000  0.100614  0.000000  0.158801  0.000000 ) 
 (  0.049358  0.000000 -0.100614  0.000000  0.158801  0.000000 ) 
 ( -0.049358  0.000000 -0.100614  0.000000 -0.158801  0.000000 ) 
 (  0.049358  0.000000  0.100614  0.000000 -0.158801  0.000000 ) 
 (  0.049671  0.000000 -0.099700  0.000000 -0.157907  0.000000 ) 
 ( -0.049671  0.000000  0.099700  0.000000 -0.157907  0.000000 ) 
 (  0.049671  0.000000  0.099700  0.000000  0.157907  0.000000 ) 
 ( -0.049671  0.000000 -0.099700  0.000000  0.157907  0.000000 ) 
     freq (   53) =      68.405786 [THz] =    2281.771404 [cm-1]
 ( -0.000110  0.000000  0.000074  0.000000  0.000000  0.000000 ) 
 (  0.000110  0.000000  0.000074  0.000000  0.000000  0.000000 ) 
 (  0.002121  0.000000  0.012353  0.000000  0.000214  0.000000 ) 
 (  0.002121  0.000000  0.012353  0.000000 -0.000214  0.000000 ) 
 ( -0.002121  0.000000  0.012353  0.000000  0.000214  0.000000 ) 
 ( -0.002121  0.000000  0.012353  0.000000 -0.000214  0.000000 ) 
 (  0.229043  0.000000 -0.017695  0.000000  0.000116  0.000000 ) 
 (  0.229043  0.000000 -0.017695  0.000000 -0.000116  0.000000 ) 
 ( -0.229043  0.000000 -0.017695  0.000000  0.000116  0.000000 ) 
 ( -0.229043  0.000000 -0.017695  0.000000 -0.000116  0.000000 ) 
 ( -0.159984  0.000000 -0.316976  0.000000  0.000189  0.000000 ) 
 ( -0.159984  0.000000 -0.316976  0.000000 -0.000189  0.000000 ) 
 (  0.159984  0.000000 -0.316976  0.000000  0.000189  0.000000 ) 
 (  0.159984  0.000000 -0.316976  0.000000 -0.000189  0.000000 ) 
 ( -0.046647  0.000000  0.097643  0.000000  0.152444  0.000000 ) 
 ( -0.046647  0.000000  0.097643  0.000000 -0.152444  0.000000 ) 
 (  0.046647  0.000000  0.097643  0.000000  0.152444  0.000000 ) 
 (  0.046647  0.000000  0.097643  0.000000 -0.152444  0.000000 ) 
 ( -0.047811  0.000000  0.099235  0.000000  0.154653  0.000000 ) 
 ( -0.047811  0.000000  0.099235  0.000000 -0.154653  0.000000 ) 
 (  0.047811  0.000000  0.099235  0.000000  0.154653  0.000000 ) 
 (  0.047811  0.000000  0.099235  0.000000 -0.154653  0.000000 ) 
     freq (   54) =      68.437370 [THz] =    2282.824950 [cm-1]
 ( -0.000060  0.000000 -0.000159  0.000000 -0.000000  0.000000 ) 
 ( -0.000060  0.000000  0.000159  0.000000  0.000000  0.000000 ) 
 ( -0.001836  0.000000 -0.010836  0.000000  0.000009  0.000000 ) 
 ( -0.001836  0.000000 -0.010836  0.000000 -0.000009  0.000000 ) 
 ( -0.001836  0.000000  0.010836  0.000000 -0.000009  0.000000 ) 
 ( -0.001836  0.000000  0.010836  0.000000  0.000009  0.000000 ) 
 ( -0.233957  0.000000  0.018952  0.000000  0.000471  0.000000 ) 
 ( -0.233957  0.000000  0.018952  0.000000 -0.000471  0.000000 ) 
 ( -0.233957  0.000000 -0.018952  0.000000 -0.000471  0.000000 ) 
 ( -0.233957  0.000000 -0.018952  0.000000  0.000471  0.000000 ) 
 (  0.154188  0.000000  0.306651  0.000000 -0.000019  0.000000 ) 
 (  0.154188  0.000000  0.306651  0.000000  0.000019  0.000000 ) 
 (  0.154188  0.000000 -0.306651  0.000000  0.000019  0.000000 ) 
 (  0.154188  0.000000 -0.306651  0.000000 -0.000019  0.000000 ) 
 (  0.051348  0.000000 -0.100689  0.000000 -0.160269  0.000000 ) 
 (  0.051348  0.000000 -0.100689  0.000000  0.160269  0.000000 ) 
 (  0.051348  0.000000  0.100689  0.000000  0.160269  0.000000 ) 
 (  0.051348  0.000000  0.100689  0.000000 -0.160269  0.000000 ) 
 (  0.051445  0.000000 -0.100711  0.000000 -0.160388  0.000000 ) 
 (  0.051445  0.000000 -0.100711  0.000000  0.160388  0.000000 ) 
 (  0.051445  0.000000  0.100711  0.000000  0.160388  0.000000 ) 
 (  0.051445  0.000000  0.100711  0.000000 -0.160388  0.000000 ) 
     freq (   55) =      70.058343 [THz] =    2336.894765 [cm-1]
 ( -0.000000  0.000000 -0.000000  0.000000  0.000004  0.000000 ) 
 (  0.000000  0.000000 -0.000000  0.000000 -0.000004  0.000000 ) 
 (  0.036981  0.000000  0.031792  0.000000  0.000079  0.000000 ) 
 ( -0.036981  0.000000 -0.031792  0.000000  0.000079  0.000000 ) 
 (  0.036981  0.000000 -0.031792  0.000000 -0.000079  0.000000 ) 
 ( -0.036981  0.000000  0.031792  0.000000 -0.000079  0.000000 ) 
 ( -0.340354  0.000000  0.045393  0.000000 -0.000074  0.000000 ) 
 (  0.340354  0.000000 -0.045393  0.000000 -0.000074  0.000000 ) 
 ( -0.340354  0.000000 -0.045393  0.000000  0.000074  0.000000 ) 
 (  0.340354  0.000000  0.045393  0.000000  0.000074  0.000000 ) 
 ( -0.140057  0.000000 -0.290244  0.000000  0.000071  0.000000 ) 
 (  0.140057  0.000000  0.290244  0.000000  0.000071  0.000000 ) 
 ( -0.140057  0.000000  0.290244  0.000000 -0.000071  0.000000 ) 
 (  0.140057  0.000000 -0.290244  0.000000 -0.000071  0.000000 ) 
 (  0.040462  0.000000 -0.049792  0.000000 -0.094622  0.000000 ) 
 ( -0.040462  0.000000  0.049792  0.000000 -0.094622  0.000000 ) 
 (  0.040462  0.000000  0.049792  0.000000  0.094622  0.000000 ) 
 ( -0.040462  0.000000 -0.049792  0.000000  0.094622  0.000000 ) 
 ( -0.040237  0.000000  0.049101  0.000000  0.093610  0.000000 ) 
 (  0.040237  0.000000 -0.049101  0.000000  0.093610  0.000000 ) 
 ( -0.040237  0.000000 -0.049101  0.000000 -0.093610  0.000000 ) 
 (  0.040237  0.000000  0.049101  0.000000 -0.093610  0.000000 ) 
     freq (   56) =      70.145615 [THz] =    2339.805848 [cm-1]
 ( -0.000136  0.000000 -0.000035  0.000000  0.000000  0.000000 ) 
 (  0.000136  0.000000 -0.000035  0.000000 -0.000000  0.000000 ) 
 ( -0.020246  0.000000 -0.043610  0.000000  0.000224  0.000000 ) 
 ( -0.020246  0.000000 -0.043610  0.000000 -0.000224  0.000000 ) 
 (  0.020246  0.000000 -0.043610  0.000000  0.000224  0.000000 ) 
 (  0.020246  0.000000 -0.043610  0.000000 -0.000224  0.000000 ) 
 (  0.196223  0.000000 -0.034452  0.000000  0.000074  0.000000 ) 
 (  0.196223  0.000000 -0.034452  0.000000 -0.000074  0.000000 ) 
 ( -0.196223  0.000000 -0.034452  0.000000  0.000074  0.000000 ) 
 ( -0.196223  0.000000 -0.034452  0.000000 -0.000074  0.000000 ) 
 (  0.152447  0.000000  0.302870  0.000000  0.000079  0.000000 ) 
 (  0.152447  0.000000  0.302870  0.000000 -0.000079  0.000000 ) 
 ( -0.152447  0.000000  0.302870  0.000000  0.000079  0.000000 ) 
 ( -0.152447  0.000000  0.302870  0.000000 -0.000079  0.000000 ) 
 ( -0.061370  0.000000  0.099952  0.000000  0.179122  0.000000 ) 
 ( -0.061370  0.000000  0.099952  0.000000 -0.179122  0.000000 ) 
 (  0.061370  0.000000  0.099952  0.000000  0.179122  0.000000 ) 
 (  0.061370  0.000000  0.099952  0.000000 -0.179122  0.000000 ) 
 ( -0.062302  0.000000  0.101587  0.000000  0.181617  0.000000 ) 
 ( -0.062302  0.000000  0.101587  0.000000 -0.181617  0.000000 ) 
 (  0.062302  0.000000  0.101587  0.000000  0.181617  0.000000 ) 
 (  0.062302  0.000000  0.101587  0.000000 -0.181617  0.000000 ) 
     freq (   57) =      70.176451 [THz] =    2340.834451 [cm-1]
 ( -0.000000  0.000000 -0.000000  0.000000 -0.000000  0.000000 ) 
 (  0.000000  0.000000 -0.000000  0.000000 -0.000000  0.000000 ) 
 ( -0.037108  0.000000 -0.030818  0.000000 -0.000091  0.000000 ) 
 (  0.037108  0.000000  0.030818  0.000000 -0.000091  0.000000 ) 
 (  0.037108  0.000000 -0.030818  0.000000 -0.000091  0.000000 ) 
 ( -0.037108  0.000000  0.030818  0.000000 -0.000091  0.000000 ) 
 (  0.334168  0.000000 -0.043701  0.000000  0.000037  0.000000 ) 
 ( -0.334168  0.000000  0.043701  0.000000  0.000037  0.000000 ) 
 ( -0.334168  0.000000 -0.043701  0.000000  0.000037  0.000000 ) 
 (  0.334168  0.000000  0.043701  0.000000  0.000037  0.000000 ) 
 (  0.145442  0.000000  0.307185  0.000000  0.000001  0.000000 ) 
 ( -0.145442  0.000000 -0.307185  0.000000  0.000001  0.000000 ) 
 ( -0.145442  0.000000  0.307185  0.000000  0.000001  0.000000 ) 
 (  0.145442  0.000000 -0.307185  0.000000  0.000001  0.000000 ) 
 ( -0.034863  0.000000  0.041739  0.000000  0.080296  0.000000 ) 
 (  0.034863  0.000000 -0.041739  0.000000  0.080296  0.000000 ) 
 (  0.034863  0.000000  0.041739  0.000000  0.080296  0.000000 ) 
 ( -0.034863  0.000000 -0.041739  0.000000  0.080296  0.000000 ) 
 (  0.034494  0.000000 -0.041145  0.000000 -0.079319  0.000000 ) 
 ( -0.034494  0.000000  0.041145  0.000000 -0.079319  0.000000 ) 
 ( -0.034494  0.000000 -0.041145  0.000000 -0.079319  0.000000 ) 
 (  0.034494  0.000000  0.041145  0.000000 -0.079319  0.000000 ) 
     freq (   58) =      70.216165 [THz] =    2342.159167 [cm-1]
 (  0.000073  0.000000  0.000037  0.000000 -0.000000  0.000000 ) 
 (  0.000073  0.000000 -0.000037  0.000000 -0.000000  0.000000 ) 
 (  0.041580  0.000000  0.026137  0.000000  0.000361  0.000000 ) 
 (  0.041580  0.000000  0.026137  0.000000 -0.000361  0.000000 ) 
 (  0.041580  0.000000 -0.026137  0.000000 -0.000361  0.000000 ) 
 (  0.041580  0.000000 -0.026137  0.000000  0.000361  0.000000 ) 
 ( -0.370464  0.000000  0.046656  0.000000  0.000218  0.000000 ) 
 ( -0.370464  0.000000  0.046656  0.000000 -0.000218  0.000000 ) 
 ( -0.370464  0.000000 -0.046656  0.000000 -0.000218  0.000000 ) 
 ( -0.370464  0.000000 -0.046656  0.000000  0.000218  0.000000 ) 
 ( -0.133621  0.000000 -0.286459  0.000000  0.000066  0.000000 ) 
 ( -0.133621  0.000000 -0.286459  0.000000 -0.000066  0.000000 ) 
 ( -0.133621  0.000000  0.286459  0.000000 -0.000066  0.000000 ) 
 ( -0.133621  0.000000  0.286459  0.000000  0.000066  0.000000 ) 
 (  0.027269  0.000000 -0.027308  0.000000 -0.054233  0.000000 ) 
 (  0.027269  0.000000 -0.027308  0.000000  0.054233  0.000000 ) 
 (  0.027269  0.000000  0.027308  0.000000  0.054233  0.000000 ) 
 (  0.027269  0.000000  0.027308  0.000000 -0.054233  0.000000 ) 
 (  0.026067  0.000000 -0.024779  0.000000 -0.050301  0.000000 ) 
 (  0.026067  0.000000 -0.024779  0.000000  0.050301  0.000000 ) 
 (  0.026067  0.000000  0.024779  0.000000  0.050301  0.000000 ) 
 (  0.026067  0.000000  0.024779  0.000000 -0.050301  0.000000 ) 
     freq (   59) =      70.444003 [THz] =    2349.759011 [cm-1]
 (  0.000062  0.000000  0.000026  0.000000 -0.000000  0.000000 ) 
 (  0.000062  0.000000 -0.000026  0.000000 -0.000000  0.000000 ) 
 ( -0.027435  0.000000  0.039663  0.000000 -0.000284  0.000000 ) 
 ( -0.027435  0.000000  0.039663  0.000000  0.000284  0.000000 ) 
 ( -0.027435  0.000000 -0.039663  0.000000  0.000284  0.000000 ) 
 ( -0.027435  0.000000 -0.039663  0.000000 -0.000284  0.000000 ) 
 (  0.230926  0.000000 -0.013834  0.000000  0.000133  0.000000 ) 
 (  0.230926  0.000000 -0.013834  0.000000 -0.000133  0.000000 ) 
 (  0.230926  0.000000  0.013834  0.000000 -0.000133  0.000000 ) 
 (  0.230926  0.000000  0.013834  0.000000  0.000133  0.000000 ) 
 ( -0.083701  0.000000 -0.138221  0.000000 -0.000027  0.000000 ) 
 ( -0.083701  0.000000 -0.138221  0.000000  0.000027  0.000000 ) 
 ( -0.083701  0.000000  0.138221  0.000000  0.000027  0.000000 ) 
 ( -0.083701  0.000000  0.138221  0.000000 -0.000027  0.000000 ) 
 (  0.070517  0.000000 -0.140140  0.000000 -0.241273  0.000000 ) 
 (  0.070517  0.000000 -0.140140  0.000000  0.241273  0.000000 ) 
 (  0.070517  0.000000  0.140140  0.000000  0.241273  0.000000 ) 
 (  0.070517  0.000000  0.140140  0.000000 -0.241273  0.000000 ) 
 (  0.071669  0.000000 -0.142237  0.000000 -0.244648  0.000000 ) 
 (  0.071669  0.000000 -0.142237  0.000000  0.244648  0.000000 ) 
 (  0.071669  0.000000  0.142237  0.000000  0.244648  0.000000 ) 
 (  0.071669  0.000000  0.142237  0.000000 -0.244648  0.000000 ) 
     freq (   60) =      70.546388 [THz] =    2353.174217 [cm-1]
 ( -0.000000  0.000000 -0.000000  0.000000  0.000001  0.000000 ) 
 ( -0.000000  0.000000  0.000000  0.000000 -0.000001  0.000000 ) 
 ( -0.032759  0.000000  0.035375  0.000000  0.000139  0.000000 ) 
 (  0.032759  0.000000 -0.035375  0.000000  0.000139  0.000000 ) 
 ( -0.032759  0.000000 -0.035375  0.000000 -0.000139  0.000000 ) 
 (  0.032759  0.000000  0.035375  0.000000 -0.000139  0.000000 ) 
 (  0.285538  0.000000 -0.019024  0.000000  0.000016  0.000000 ) 
 ( -0.285538  0.000000  0.019024  0.000000  0.000016  0.000000 ) 
 (  0.285538  0.000000  0.019024  0.000000 -0.000016  0.000000 ) 
 ( -0.285538  0.000000 -0.019024  0.000000 -0.000016  0.000000 ) 
 ( -0.064101  0.000000 -0.095394  0.000000  0.000092  0.000000 ) 
 (  0.064101  0.000000  0.095394  0.000000  0.000092  0.000000 ) 
 ( -0.064101  0.000000  0.095394  0.000000 -0.000092  0.000000 ) 
 (  0.064101  0.000000 -0.095394  0.000000 -0.000092  0.000000 ) 
 (  0.067127  0.000000 -0.136385  0.000000 -0.231813  0.000000 ) 
 ( -0.067127  0.000000  0.136385  0.000000 -0.231813  0.000000 ) 
 (  0.067127  0.000000  0.136385  0.000000  0.231813  0.000000 ) 
 ( -0.067127  0.000000 -0.136385  0.000000  0.231813  0.000000 ) 
 ( -0.066655  0.000000  0.135322  0.000000  0.230161  0.000000 ) 
 (  0.066655  0.000000 -0.135322  0.000000  0.230161  0.000000 ) 
 ( -0.066655  0.000000 -0.135322  0.000000 -0.230161  0.000000 ) 
 (  0.066655  0.000000  0.135322  0.000000 -0.230161  0.000000 ) 
     freq (   61) =      70.767654 [THz] =    2360.554849 [cm-1]
 (  0.000184  0.000000  0.000061  0.000000  0.000000  0.000000 ) 
 ( -0.000184  0.000000  0.000061  0.000000  0.000000  0.000000 ) 
 (  0.044444  0.000000 -0.019803  0.000000  0.000030  0.000000 ) 
 (  0.044444  0.000000 -0.019803  0.000000 -0.000030  0.000000 ) 
 ( -0.044444  0.000000 -0.019803  0.000000  0.000030  0.000000 ) 
 ( -0.044444  0.000000 -0.019803  0.000000 -0.000030  0.000000 ) 
 ( -0.393954  0.000000  0.036114  0.000000  0.000014  0.000000 ) 
 ( -0.393954  0.000000  0.036114  0.000000 -0.000014  0.000000 ) 
 (  0.393954  0.000000  0.036114  0.000000  0.000014  0.000000 ) 
 (  0.393954  0.000000  0.036114  0.000000 -0.000014  0.000000 ) 
 ( -0.004360  0.000000 -0.038076  0.000000  0.000046  0.000000 ) 
 ( -0.004360  0.000000 -0.038076  0.000000 -0.000046  0.000000 ) 
 (  0.004360  0.000000 -0.038076  0.000000  0.000046  0.000000 ) 
 (  0.004360  0.000000 -0.038076  0.000000 -0.000046  0.000000 ) 
 ( -0.048351  0.000000  0.105055  0.000000  0.177133  0.000000 ) 
 ( -0.048351  0.000000  0.105055  0.000000 -0.177133  0.000000 ) 
 (  0.048351  0.000000  0.105055  0.000000  0.177133  0.000000 ) 
 (  0.048351  0.000000  0.105055  0.000000 -0.177133  0.000000 ) 
 ( -0.048531  0.000000  0.105216  0.000000  0.177436  0.000000 ) 
 ( -0.048531  0.000000  0.105216  0.000000 -0.177436  0.000000 ) 
 (  0.048531  0.000000  0.105216  0.000000  0.177436  0.000000 ) 
 (  0.048531  0.000000  0.105216  0.000000 -0.177436  0.000000 ) 
     freq (   62) =      71.026034 [THz] =    2369.173484 [cm-1]
 (  0.000000  0.000000  0.000000  0.000000 -0.000000  0.000000 ) 
 ( -0.000000  0.000000  0.000000  0.000000 -0.000000  0.000000 ) 
 (  0.031141  0.000000 -0.035869  0.000000 -0.000293  0.000000 ) 
 ( -0.031141  0.000000  0.035869  0.000000 -0.000293  0.000000 ) 
 ( -0.031141  0.000000 -0.035869  0.000000 -0.000293  0.000000 ) 
 (  0.031141  0.000000  0.035869  0.000000 -0.000293  0.000000 ) 
 ( -0.284480  0.000000  0.021720  0.000000 -0.000066  0.000000 ) 
 (  0.284480  0.000000 -0.021720  0.000000 -0.000066  0.000000 ) 
 (  0.284480  0.000000  0.021720  0.000000 -0.000066  0.000000 ) 
 ( -0.284480  0.000000 -0.021720  0.000000 -0.000066  0.000000 ) 
 (  0.068329  0.000000  0.111951  0.000000  0.000003  0.000000 ) 
 ( -0.068329  0.000000 -0.111951  0.000000  0.000003  0.000000 ) 
 ( -0.068329  0.000000  0.111951  0.000000  0.000003  0.000000 ) 
 (  0.068329  0.000000 -0.111951  0.000000  0.000003  0.000000 ) 
 ( -0.069490  0.000000  0.136264  0.000000  0.228578  0.000000 ) 
 (  0.069490  0.000000 -0.136264  0.000000  0.228578  0.000000 ) 
 (  0.069490  0.000000  0.136264  0.000000  0.228578  0.000000 ) 
 ( -0.069490  0.000000 -0.136264  0.000000  0.228578  0.000000 ) 
 (  0.068431  0.000000 -0.134234  0.000000 -0.225377  0.000000 ) 
 ( -0.068431  0.000000  0.134234  0.000000 -0.225377  0.000000 ) 
 ( -0.068431  0.000000 -0.134234  0.000000 -0.225377  0.000000 ) 
 (  0.068431  0.000000  0.134234  0.000000 -0.225377  0.000000 ) 
     freq (   63) =      71.220647 [THz] =    2375.665057 [cm-1]
 (  0.000011  0.000000  0.000008  0.000000 -0.000000  0.000000 ) 
 (  0.000011  0.000000 -0.000008  0.000000  0.000000  0.000000 ) 
 ( -0.000432  0.000000  0.000084  0.000000  0.050992  0.000000 ) 
 ( -0.000432  0.000000  0.000084  0.000000 -0.050992  0.000000 ) 
 ( -0.000432  0.000000 -0.000084  0.000000 -0.050992  0.000000 ) 
 ( -0.000432  0.000000 -0.000084  0.000000  0.050992  0.000000 ) 
 (  0.003907  0.000000 -0.000457  0.000000  0.011513  0.000000 ) 
 (  0.003907  0.000000 -0.000457  0.000000 -0.011513  0.000000 ) 
 (  0.003907  0.000000  0.000457  0.000000 -0.011513  0.000000 ) 
 (  0.003907  0.000000  0.000457  0.000000  0.011513  0.000000 ) 
 (  0.000437  0.000000  0.001268  0.000000  0.011711  0.000000 ) 
 (  0.000437  0.000000  0.001268  0.000000 -0.011711  0.000000 ) 
 (  0.000437  0.000000 -0.001268  0.000000 -0.011711  0.000000 ) 
 (  0.000437  0.000000 -0.001268  0.000000  0.011711  0.000000 ) 
 (  0.095151  0.000000 -0.181839  0.000000 -0.286953  0.000000 ) 
 (  0.095151  0.000000 -0.181839  0.000000  0.286953  0.000000 ) 
 (  0.095151  0.000000  0.181839  0.000000  0.286953  0.000000 ) 
 (  0.095151  0.000000  0.181839  0.000000 -0.286953  0.000000 ) 
 ( -0.094570  0.000000  0.180698  0.000000  0.284704  0.000000 ) 
 ( -0.094570  0.000000  0.180698  0.000000 -0.284704  0.000000 ) 
 ( -0.094570  0.000000 -0.180698  0.000000 -0.284704  0.000000 ) 
 ( -0.094570  0.000000 -0.180698  0.000000  0.284704  0.000000 ) 
     freq (   64) =      71.227154 [THz] =    2375.882105 [cm-1]
 ( -0.000001  0.000000  0.000000  0.000000 -0.000000  0.000000 ) 
 (  0.000001  0.000000  0.000000  0.000000 -0.000000  0.000000 ) 
 (  0.000053  0.000000  0.000153  0.000000  0.050974  0.000000 ) 
 (  0.000053  0.000000  0.000153  0.000000 -0.050974  0.000000 ) 
 ( -0.000053  0.000000  0.000153  0.000000  0.050974  0.000000 ) 
 ( -0.000053  0.000000  0.000153  0.000000 -0.050974  0.000000 ) 
 ( -0.001715  0.000000  0.000220  0.000000  0.010496  0.000000 ) 
 ( -0.001715  0.000000  0.000220  0.000000 -0.010496  0.000000 ) 
 (  0.001715  0.000000  0.000220  0.000000  0.010496  0.000000 ) 
 (  0.001715  0.000000  0.000220  0.000000 -0.010496  0.000000 ) 
 (  0.000025  0.000000  0.000127  0.000000  0.012296  0.000000 ) 
 (  0.000025  0.000000  0.000127  0.000000 -0.012296  0.000000 ) 
 ( -0.000025  0.000000  0.000127  0.000000  0.012296  0.000000 ) 
 ( -0.000025  0.000000  0.000127  0.000000 -0.012296  0.000000 ) 
 (  0.094119  0.000000 -0.182825  0.000000 -0.287488  0.000000 ) 
 (  0.094119  0.000000 -0.182825  0.000000  0.287488  0.000000 ) 
 ( -0.094119  0.000000 -0.182825  0.000000 -0.287488  0.000000 ) 
 ( -0.094119  0.000000 -0.182825  0.000000  0.287488  0.000000 ) 
 ( -0.093076  0.000000  0.180921  0.000000  0.284268  0.000000 ) 
 ( -0.093076  0.000000  0.180921  0.000000 -0.284268  0.000000 ) 
 (  0.093076  0.000000  0.180921  0.000000  0.284268  0.000000 ) 
 (  0.093076  0.000000  0.180921  0.000000 -0.284268  0.000000 ) 
     freq (   65) =      71.230201 [THz] =    2375.983745 [cm-1]
 (  0.000000  0.000000 -0.000000  0.000000 -0.000034  0.000000 ) 
 ( -0.000000  0.000000  0.000000  0.000000 -0.000034  0.000000 ) 
 (  0.000133  0.000000 -0.000222  0.000000  0.051406  0.000000 ) 
 ( -0.000133  0.000000  0.000222  0.000000  0.051406  0.000000 ) 
 ( -0.000133  0.000000 -0.000222  0.000000  0.051406  0.000000 ) 
 (  0.000133  0.000000  0.000222  0.000000  0.051406  0.000000 ) 
 (  0.000028  0.000000 -0.000044  0.000000  0.011117  0.000000 ) 
 ( -0.000028  0.000000  0.000044  0.000000  0.011117  0.000000 ) 
 ( -0.000028  0.000000 -0.000044  0.000000  0.011117  0.000000 ) 
 (  0.000028  0.000000  0.000044  0.000000  0.011117  0.000000 ) 
 ( -0.000012  0.000000 -0.000212  0.000000  0.011841  0.000000 ) 
 (  0.000012  0.000000  0.000212  0.000000  0.011841  0.000000 ) 
 (  0.000012  0.000000 -0.000212  0.000000  0.011841  0.000000 ) 
 ( -0.000012  0.000000  0.000212  0.000000  0.011841  0.000000 ) 
 (  0.093564  0.000000 -0.179962  0.000000 -0.283800  0.000000 ) 
 ( -0.093564  0.000000  0.179962  0.000000 -0.283800  0.000000 ) 
 ( -0.093564  0.000000 -0.179962  0.000000 -0.283800  0.000000 ) 
 (  0.093564  0.000000  0.179962  0.000000 -0.283800  0.000000 ) 
 (  0.094862  0.000000 -0.182582  0.000000 -0.288229  0.000000 ) 
 ( -0.094862  0.000000  0.182582  0.000000 -0.288229  0.000000 ) 
 ( -0.094862  0.000000 -0.182582  0.000000 -0.288229  0.000000 ) 
 (  0.094862  0.000000  0.182582  0.000000 -0.288229  0.000000 ) 
     freq (   66) =      71.258692 [THz] =    2376.934110 [cm-1]
 (  0.000000  0.000000  0.000000  0.000000 -0.000138  0.000000 ) 
 ( -0.000000  0.000000  0.000000  0.000000  0.000138  0.000000 ) 
 (  0.000030  0.000000 -0.000128  0.000000  0.050804  0.000000 ) 
 ( -0.000030  0.000000  0.000128  0.000000  0.050804  0.000000 ) 
 (  0.000030  0.000000  0.000128  0.000000 -0.050804  0.000000 ) 
 ( -0.000030  0.000000 -0.000128  0.000000 -0.050804  0.000000 ) 
 (  0.000155  0.000000 -0.000035  0.000000  0.011138  0.000000 ) 
 ( -0.000155  0.000000  0.000035  0.000000  0.011138  0.000000 ) 
 (  0.000155  0.000000  0.000035  0.000000 -0.011138  0.000000 ) 
 ( -0.000155  0.000000 -0.000035  0.000000 -0.011138  0.000000 ) 
 (  0.000146  0.000000  0.000235  0.000000  0.011431  0.000000 ) 
 ( -0.000146  0.000000 -0.000235  0.000000  0.011431  0.000000 ) 
 (  0.000146  0.000000 -0.000235  0.000000 -0.011431  0.000000 ) 
 ( -0.000146  0.000000  0.000235  0.000000 -0.011431  0.000000 ) 
 (  0.094141  0.000000 -0.181059  0.000000 -0.284594  0.000000 ) 
 ( -0.094141  0.000000  0.181059  0.000000 -0.284594  0.000000 ) 
 (  0.094141  0.000000  0.181059  0.000000  0.284594  0.000000 ) 
 ( -0.094141  0.000000 -0.181059  0.000000  0.284594  0.000000 ) 
 (  0.094907  0.000000 -0.182382  0.000000 -0.286801  0.000000 ) 
 ( -0.094907  0.000000  0.182382  0.000000 -0.286801  0.000000 ) 
 (  0.094907  0.000000  0.182382  0.000000  0.286801  0.000000 ) 
 ( -0.094907  0.000000 -0.182382  0.000000  0.286801  0.000000 ) 
 **************************************************************************
