Dynamical matrix file
                                                                           
  3   22   8  13.3293716   0.9985550   0.6547020   0.0000000   0.0000000   0.0000000
           1  'B      '    9853.6237122476850     
           2  'Ba     '    125165.90357338246     
           3  'H      '    918.68111039893927     
    1    2      0.5000000000      0.4992775050      0.3273501678
    2    2      0.0000000000      0.0000000000      0.6547027722
    3    1      0.6273963679      0.2536205198      0.0000055049
    4    1      0.3726036321      0.7449344902      0.0000055049
    5    1      0.1273963679      0.2456569852      0.3273454751
    6    1      0.8726036321      0.7528980248      0.3273454751
    7    3      0.4554096088      0.2849999904     -0.0000079582
    8    3      0.5445903912      0.7135550196     -0.0000079582
    9    3      0.9554096088      0.2142775146      0.3273589382
   10    3      0.0445903912      0.7842774954      0.3273589382
   11    3      0.7157589785      0.4052330828      0.0000060162
   12    3      0.2842410215      0.5933219272      0.0000060162
   13    3      0.2157589785      0.0940444222      0.3273449638
   14    3      0.7842410215      0.9045105878      0.3273449638
   15    3      0.6658168521      0.1636329336      0.5103326023
   16    3      0.3341831479      0.8349220764      0.5103326023
   17    3      0.1658168521      0.3356445714      0.4717203377
   18    3      0.8341831479      0.6629104386      0.4717203377
   19    3      0.3341889191      0.8349213756      0.1443837417
   20    3      0.6658110809      0.1636336344      0.1443837417
   21    3      0.8341889191      0.6629111394      0.1829672383
   22    3      0.1658110809      0.3356438706      0.1829672383

     Dynamical  Matrix in cartesian axes

     q = (    0.000000000   0.000000000   0.000000000 ) 

    1    1
  0.06370083   0.00000000    -0.00152020   0.00000000     0.00000000   0.00000000
 -0.00152020   0.00000000     0.07391588   0.00000000     0.00000000   0.00000000
  0.00000000   0.00000000     0.00000000   0.00000000     0.06713481   0.00000000
    1    2
 -0.01801449   0.00000000    -0.00696448   0.00000000     0.00000000   0.00000000
  0.00696448   0.00000000    -0.02557748   0.00000000     0.00000000   0.00000000
  0.00000000   0.00000000     0.00000000   0.00000000    -0.00238727   0.00000000
    1    3
  0.00544829   0.00000000     0.01088574   0.00000000     0.00027602   0.00000000
  0.00890564   0.00000000    -0.01172998   0.00000000     0.00000464   0.00000000
 -0.00001002   0.00000000    -0.00008241   0.00000000    -0.02618886   0.00000000
    1    4
  0.00544829   0.00000000     0.01088574   0.00000000    -0.00027602   0.00000000
  0.00890564   0.00000000    -0.01172998   0.00000000    -0.00000464   0.00000000
  0.00001002   0.00000000     0.00008241   0.00000000    -0.02618886   0.00000000
    1    5
 -0.01329399   0.00000000    -0.00756356   0.00000000    -0.00031003   0.00000000
 -0.00399064   0.00000000    -0.00289107   0.00000000     0.00010506   0.00000000
  0.00003867   0.00000000    -0.00011371   0.00000000     0.00424093   0.00000000
    1    6
 -0.01329399   0.00000000    -0.00756356   0.00000000     0.00031003   0.00000000
 -0.00399064   0.00000000    -0.00289107   0.00000000    -0.00010506   0.00000000
 -0.00003867   0.00000000     0.00011371   0.00000000     0.00424093   0.00000000
    1    7
 -0.00736380   0.00000000    -0.00340841   0.00000000    -0.00011599   0.00000000
  0.00094743   0.00000000    -0.00501531   0.00000000    -0.00022332   0.00000000
 -0.00005759   0.00000000     0.00005979   0.00000000    -0.00610022   0.00000000
    1    8
 -0.00736380   0.00000000    -0.00340841   0.00000000     0.00011599   0.00000000
  0.00094743   0.00000000    -0.00501531   0.00000000     0.00022332   0.00000000
  0.00005759   0.00000000    -0.00005979   0.00000000    -0.00610022   0.00000000
    1    9
  0.00625325   0.00000000     0.00230515   0.00000000     0.00011771   0.00000000
  0.00187953   0.00000000     0.00005702   0.00000000     0.00025259   0.00000000
 -0.00000088   0.00000000    -0.00009801   0.00000000    -0.00189221   0.00000000
    1   10
  0.00625325   0.00000000     0.00230515   0.00000000    -0.00011771   0.00000000
  0.00187953   0.00000000     0.00005702   0.00000000    -0.00025259   0.00000000
  0.00000088   0.00000000     0.00009801   0.00000000    -0.00189221   0.00000000
    1   11
 -0.00651173   0.00000000    -0.00052924   0.00000000     0.00004168   0.00000000
 -0.00449129   0.00000000    -0.00473949   0.00000000     0.00005524   0.00000000
 -0.00013544   0.00000000    -0.00007994   0.00000000    -0.00161927   0.00000000
    1   12
 -0.00651173   0.00000000    -0.00052924   0.00000000    -0.00004168   0.00000000
 -0.00449129   0.00000000    -0.00473949   0.00000000    -0.00005524   0.00000000
  0.00013544   0.00000000     0.00007994   0.00000000    -0.00161927   0.00000000
    1   13
  0.00427082   0.00000000     0.00456375   0.00000000    -0.00008253   0.00000000
  0.00008640   0.00000000     0.00108572   0.00000000     0.00011986   0.00000000
 -0.00021126   0.00000000     0.00002916   0.00000000    -0.00063392   0.00000000
    1   14
  0.00427082   0.00000000     0.00456375   0.00000000     0.00008253   0.00000000
  0.00008640   0.00000000     0.00108572   0.00000000    -0.00011986   0.00000000
  0.00021126   0.00000000    -0.00002916   0.00000000    -0.00063392   0.00000000
    1   15
 -0.00245016   0.00000000    -0.00089848   0.00000000    -0.00091643   0.00000000
 -0.00129713   0.00000000    -0.00238200   0.00000000     0.00256499   0.00000000
  0.00098607   0.00000000    -0.00041075   0.00000000     0.00244483   0.00000000
    1   16
 -0.00245016   0.00000000    -0.00089848   0.00000000     0.00091643   0.00000000
 -0.00129713   0.00000000    -0.00238200   0.00000000    -0.00256499   0.00000000
 -0.00098607   0.00000000     0.00041075   0.00000000     0.00244483   0.00000000
    1   17
 -0.00317897   0.00000000    -0.00040519   0.00000000     0.00111152   0.00000000
 -0.00178360   0.00000000     0.00103380   0.00000000    -0.00043527   0.00000000
  0.00214693   0.00000000     0.00006883   0.00000000    -0.00316394   0.00000000
    1   18
 -0.00317897   0.00000000    -0.00040519   0.00000000    -0.00111152   0.00000000
 -0.00178360   0.00000000     0.00103380   0.00000000     0.00043527   0.00000000
 -0.00214693   0.00000000    -0.00006883   0.00000000    -0.00316394   0.00000000
    1   19
 -0.00241936   0.00000000    -0.00065381   0.00000000    -0.00081171   0.00000000
 -0.00161149   0.00000000    -0.00225037   0.00000000     0.00288299   0.00000000
  0.00081245   0.00000000    -0.00055783   0.00000000     0.00258091   0.00000000
    1   20
 -0.00241936   0.00000000    -0.00065381   0.00000000     0.00081171   0.00000000
 -0.00161149   0.00000000    -0.00225037   0.00000000    -0.00288299   0.00000000
 -0.00081245   0.00000000     0.00055783   0.00000000     0.00258091   0.00000000
    1   21
 -0.00351351   0.00000000    -0.00030366   0.00000000     0.00072434   0.00000000
 -0.00211890   0.00000000     0.00092211   0.00000000    -0.00062202   0.00000000
  0.00203596   0.00000000     0.00036055   0.00000000    -0.00325595   0.00000000
    1   22
 -0.00351351   0.00000000    -0.00030366   0.00000000    -0.00072434   0.00000000
 -0.00211890   0.00000000     0.00092211   0.00000000     0.00062202   0.00000000
 -0.00203596   0.00000000    -0.00036055   0.00000000    -0.00325595   0.00000000
    2    1
 -0.01801449   0.00000000     0.00696448   0.00000000     0.00000000   0.00000000
 -0.00696448   0.00000000    -0.02557748   0.00000000     0.00000000   0.00000000
  0.00000000   0.00000000     0.00000000   0.00000000    -0.00238727   0.00000000
    2    2
  0.06370083   0.00000000     0.00152020   0.00000000     0.00000000   0.00000000
  0.00152020   0.00000000     0.07391588   0.00000000     0.00000000   0.00000000
  0.00000000   0.00000000     0.00000000   0.00000000     0.06713481   0.00000000
    2    3
 -0.01329399   0.00000000     0.00756356   0.00000000     0.00031003   0.00000000
  0.00399064   0.00000000    -0.00289107   0.00000000     0.00010506   0.00000000
 -0.00003867   0.00000000    -0.00011371   0.00000000     0.00424093   0.00000000
    2    4
 -0.01329399   0.00000000     0.00756356   0.00000000    -0.00031003   0.00000000
  0.00399064   0.00000000    -0.00289107   0.00000000    -0.00010506   0.00000000
  0.00003867   0.00000000     0.00011371   0.00000000     0.00424093   0.00000000
    2    5
  0.00544829   0.00000000    -0.01088574   0.00000000    -0.00027602   0.00000000
 -0.00890564   0.00000000    -0.01172998   0.00000000     0.00000464   0.00000000
  0.00001002   0.00000000    -0.00008241   0.00000000    -0.02618886   0.00000000
    2    6
  0.00544829   0.00000000    -0.01088574   0.00000000     0.00027602   0.00000000
 -0.00890564   0.00000000    -0.01172998   0.00000000    -0.00000464   0.00000000
 -0.00001002   0.00000000     0.00008241   0.00000000    -0.02618886   0.00000000
    2    7
  0.00625325   0.00000000    -0.00230515   0.00000000    -0.00011771   0.00000000
 -0.00187953   0.00000000     0.00005702   0.00000000     0.00025259   0.00000000
  0.00000088   0.00000000    -0.00009801   0.00000000    -0.00189221   0.00000000
    2    8
  0.00625325   0.00000000    -0.00230515   0.00000000     0.00011771   0.00000000
 -0.00187953   0.00000000     0.00005702   0.00000000    -0.00025259   0.00000000
 -0.00000088   0.00000000     0.00009801   0.00000000    -0.00189221   0.00000000
    2    9
 -0.00736380   0.00000000     0.00340841   0.00000000     0.00011599   0.00000000
 -0.00094743   0.00000000    -0.00501531   0.00000000    -0.00022332   0.00000000
  0.00005759   0.00000000     0.00005979   0.00000000    -0.00610022   0.00000000
    2   10
 -0.00736380   0.00000000     0.00340841   0.00000000    -0.00011599   0.00000000
 -0.00094743   0.00000000    -0.00501531   0.00000000     0.00022332   0.00000000
 -0.00005759   0.00000000    -0.00005979   0.00000000    -0.00610022   0.00000000
    2   11
  0.00427082   0.00000000    -0.00456375   0.00000000     0.00008253   0.00000000
 -0.00008640   0.00000000     0.00108572   0.00000000     0.00011986   0.00000000
  0.00021126   0.00000000     0.00002916   0.00000000    -0.00063392   0.00000000
    2   12
  0.00427082   0.00000000    -0.00456375   0.00000000    -0.00008253   0.00000000
 -0.00008640   0.00000000     0.00108572   0.00000000    -0.00011986   0.00000000
 -0.00021126   0.00000000    -0.00002916   0.00000000    -0.00063392   0.00000000
    2   13
 -0.00651173   0.00000000     0.00052924   0.00000000    -0.00004168   0.00000000
  0.00449129   0.00000000    -0.00473949   0.00000000     0.00005524   0.00000000
  0.00013544   0.00000000    -0.00007994   0.00000000    -0.00161927   0.00000000
    2   14
 -0.00651173   0.00000000     0.00052924   0.00000000     0.00004168   0.00000000
  0.00449129   0.00000000    -0.00473949   0.00000000    -0.00005524   0.00000000
 -0.00013544   0.00000000     0.00007994   0.00000000    -0.00161927   0.00000000
    2   15
 -0.00317897   0.00000000     0.00040519   0.00000000    -0.00111152   0.00000000
  0.00178360   0.00000000     0.00103380   0.00000000    -0.00043527   0.00000000
 -0.00214693   0.00000000     0.00006883   0.00000000    -0.00316394   0.00000000
    2   16
 -0.00317897   0.00000000     0.00040519   0.00000000     0.00111152   0.00000000
  0.00178360   0.00000000     0.00103380   0.00000000     0.00043527   0.00000000
  0.00214693   0.00000000    -0.00006883   0.00000000    -0.00316394   0.00000000
    2   17
 -0.00245016   0.00000000     0.00089848   0.00000000     0.00091643   0.00000000
  0.00129713   0.00000000    -0.00238200   0.00000000     0.00256499   0.00000000
 -0.00098607   0.00000000    -0.00041075   0.00000000     0.00244483   0.00000000
    2   18
 -0.00245016   0.00000000     0.00089848   0.00000000    -0.00091643   0.00000000
  0.00129713   0.00000000    -0.00238200   0.00000000    -0.00256499   0.00000000
  0.00098607   0.00000000     0.00041075   0.00000000     0.00244483   0.00000000
    2   19
 -0.00351351   0.00000000     0.00030366   0.00000000    -0.00072434   0.00000000
  0.00211890   0.00000000     0.00092211   0.00000000    -0.00062202   0.00000000
 -0.00203596   0.00000000     0.00036055   0.00000000    -0.00325595   0.00000000
    2   20
 -0.00351351   0.00000000     0.00030366   0.00000000     0.00072434   0.00000000
  0.00211890   0.00000000     0.00092211   0.00000000     0.00062202   0.00000000
  0.00203596   0.00000000    -0.00036055   0.00000000    -0.00325595   0.00000000
    2   21
 -0.00241936   0.00000000     0.00065381   0.00000000     0.00081171   0.00000000
  0.00161149   0.00000000    -0.00225037   0.00000000     0.00288299   0.00000000
 -0.00081245   0.00000000    -0.00055783   0.00000000     0.00258091   0.00000000
    2   22
 -0.00241936   0.00000000     0.00065381   0.00000000    -0.00081171   0.00000000
  0.00161149   0.00000000    -0.00225037   0.00000000    -0.00288299   0.00000000
  0.00081245   0.00000000     0.00055783   0.00000000     0.00258091   0.00000000
    3    1
  0.00544829   0.00000000     0.00890564   0.00000000    -0.00001002   0.00000000
  0.01088574   0.00000000    -0.01172998   0.00000000    -0.00008241   0.00000000
  0.00027602   0.00000000     0.00000464   0.00000000    -0.02618886   0.00000000
    3    2
 -0.01329399   0.00000000     0.00399064   0.00000000    -0.00003867   0.00000000
  0.00756356   0.00000000    -0.00289107   0.00000000    -0.00011371   0.00000000
  0.00031003   0.00000000     0.00010506   0.00000000     0.00424093   0.00000000
    3    3
  0.59443197   0.00000000    -0.01999219   0.00000000    -0.00004729   0.00000000
 -0.01999219   0.00000000     0.59692564   0.00000000     0.00009266   0.00000000
 -0.00004729   0.00000000     0.00009266   0.00000000     0.64551713   0.00000000
    3    4
  0.00009214   0.00000000     0.00105826   0.00000000    -0.00009581   0.00000000
  0.00105826   0.00000000    -0.00154319   0.00000000    -0.00012179   0.00000000
  0.00009581   0.00000000     0.00012179   0.00000000    -0.00123716   0.00000000
    3    5
  0.00149238   0.00000000    -0.00020439   0.00000000    -0.00001992   0.00000000
  0.00020439   0.00000000     0.00169921   0.00000000    -0.00006365   0.00000000
  0.00001992   0.00000000    -0.00006365   0.00000000     0.00074314   0.00000000
    3    6
  0.00048121   0.00000000     0.00086998   0.00000000    -0.00011004   0.00000000
 -0.00086998   0.00000000     0.00199677   0.00000000     0.00003186   0.00000000
 -0.00011004   0.00000000    -0.00003186   0.00000000     0.00236920   0.00000000
    3    7
 -0.33379719   0.00000000     0.05123516   0.00000000    -0.00001404   0.00000000
  0.04742390   0.00000000    -0.05526166   0.00000000    -0.00004870   0.00000000
  0.00003031   0.00000000    -0.00002930   0.00000000    -0.04896747   0.00000000
    3    8
 -0.00158987   0.00000000     0.00063630   0.00000000     0.00002366   0.00000000
  0.00096610   0.00000000    -0.00096154   0.00000000    -0.00001714   0.00000000
 -0.00003445   0.00000000     0.00001402   0.00000000    -0.00063565   0.00000000
    3    9
 -0.00243131   0.00000000     0.00025185   0.00000000     0.00004013   0.00000000
 -0.00121274   0.00000000    -0.00015128   0.00000000    -0.00004112   0.00000000
  0.00002374   0.00000000     0.00001741   0.00000000    -0.00199982   0.00000000
    3   10
  0.00088349   0.00000000     0.00002893   0.00000000     0.00001150   0.00000000
  0.00030713   0.00000000     0.00016130   0.00000000    -0.00007503   0.00000000
  0.00005368   0.00000000     0.00001305   0.00000000    -0.00008444   0.00000000
    3   11
 -0.12406124   0.00000000    -0.12209225   0.00000000    -0.00002749   0.00000000
 -0.12070440   0.00000000    -0.25675718   0.00000000     0.00002360   0.00000000
 -0.00001249   0.00000000     0.00001503   0.00000000    -0.05357515   0.00000000
    3   12
 -0.00089481   0.00000000    -0.00016389   0.00000000    -0.00003208   0.00000000
 -0.00022233   0.00000000    -0.00152126   0.00000000    -0.00001524   0.00000000
 -0.00001683   0.00000000     0.00004225   0.00000000    -0.00081715   0.00000000
    3   13
 -0.00086332   0.00000000     0.00006635   0.00000000    -0.00003637   0.00000000
 -0.00092821   0.00000000    -0.00002547   0.00000000    -0.00003461   0.00000000
  0.00006074   0.00000000    -0.00002066   0.00000000     0.00009236   0.00000000
    3   14
  0.00002956   0.00000000     0.00025527   0.00000000    -0.00006246   0.00000000
  0.00114800   0.00000000    -0.00091419   0.00000000    -0.00000504   0.00000000
 -0.00007112   0.00000000     0.00001939   0.00000000    -0.00159532   0.00000000
    3   15
 -0.06103439   0.00000000     0.03764823   0.00000000     0.05197547   0.00000000
  0.03790018   0.00000000    -0.13243534   0.00000000    -0.12871901   0.00000000
  0.05207419   0.00000000    -0.12852393   0.00000000    -0.25694411   0.00000000
    3   16
 -0.00103992   0.00000000     0.00018273   0.00000000    -0.00021765   0.00000000
  0.00022953   0.00000000    -0.00092720   0.00000000    -0.00009111   0.00000000
 -0.00021043   0.00000000     0.00026259   0.00000000    -0.00043233   0.00000000
    3   17
 -0.00070292   0.00000000     0.00009857   0.00000000    -0.00062376   0.00000000
 -0.00068573   0.00000000    -0.00048605   0.00000000    -0.00041033   0.00000000
 -0.00005201   0.00000000    -0.00021276   0.00000000    -0.00074594   0.00000000
    3   18
 -0.00013793   0.00000000    -0.00052444   0.00000000     0.00045871   0.00000000
 -0.00028631   0.00000000    -0.00066316   0.00000000     0.00069944   0.00000000
  0.00028851   0.00000000     0.00012865   0.00000000    -0.00065213   0.00000000
    3   19
 -0.00102023   0.00000000     0.00023668   0.00000000     0.00023900   0.00000000
  0.00023181   0.00000000    -0.00089629   0.00000000     0.00020216   0.00000000
  0.00036776   0.00000000    -0.00023367   0.00000000    -0.00060917   0.00000000
    3   20
 -0.06103092   0.00000000     0.03768672   0.00000000    -0.05194184   0.00000000
  0.03782380   0.00000000    -0.13239817   0.00000000     0.12872587   0.00000000
 -0.05208323   0.00000000     0.12851282   0.00000000    -0.25694821   0.00000000
    3   21
 -0.00022094   0.00000000    -0.00051010   0.00000000    -0.00050602   0.00000000
 -0.00030008   0.00000000    -0.00066813   0.00000000    -0.00068448   0.00000000
 -0.00024639   0.00000000    -0.00018783   0.00000000    -0.00061089   0.00000000
    3   22
 -0.00074321   0.00000000     0.00015403   0.00000000     0.00065120   0.00000000
 -0.00074871   0.00000000    -0.00050539   0.00000000     0.00052088   0.00000000
  0.00005784   0.00000000     0.00022272   0.00000000    -0.00079256   0.00000000
    4    1
  0.00544829   0.00000000     0.00890564   0.00000000     0.00001002   0.00000000
  0.01088574   0.00000000    -0.01172998   0.00000000     0.00008241   0.00000000
 -0.00027602   0.00000000    -0.00000464   0.00000000    -0.02618886   0.00000000
    4    2
 -0.01329399   0.00000000     0.00399064   0.00000000     0.00003867   0.00000000
  0.00756356   0.00000000    -0.00289107   0.00000000     0.00011371   0.00000000
 -0.00031003   0.00000000    -0.00010506   0.00000000     0.00424093   0.00000000
    4    3
  0.00009214   0.00000000     0.00105826   0.00000000     0.00009581   0.00000000
  0.00105826   0.00000000    -0.00154319   0.00000000     0.00012179   0.00000000
 -0.00009581   0.00000000    -0.00012179   0.00000000    -0.00123716   0.00000000
    4    4
  0.59443197   0.00000000    -0.01999219   0.00000000     0.00004729   0.00000000
 -0.01999219   0.00000000     0.59692564   0.00000000    -0.00009266   0.00000000
  0.00004729   0.00000000    -0.00009266   0.00000000     0.64551713   0.00000000
    4    5
  0.00048121   0.00000000     0.00086998   0.00000000     0.00011004   0.00000000
 -0.00086998   0.00000000     0.00199677   0.00000000    -0.00003186   0.00000000
  0.00011004   0.00000000     0.00003186   0.00000000     0.00236920   0.00000000
    4    6
  0.00149238   0.00000000    -0.00020439   0.00000000     0.00001992   0.00000000
  0.00020439   0.00000000     0.00169921   0.00000000     0.00006365   0.00000000
 -0.00001992   0.00000000     0.00006365   0.00000000     0.00074314   0.00000000
    4    7
 -0.00158987   0.00000000     0.00063630   0.00000000    -0.00002366   0.00000000
  0.00096610   0.00000000    -0.00096154   0.00000000     0.00001714   0.00000000
  0.00003445   0.00000000    -0.00001402   0.00000000    -0.00063565   0.00000000
    4    8
 -0.33379719   0.00000000     0.05123516   0.00000000     0.00001404   0.00000000
  0.04742390   0.00000000    -0.05526166   0.00000000     0.00004870   0.00000000
 -0.00003031   0.00000000     0.00002930   0.00000000    -0.04896747   0.00000000
    4    9
  0.00088349   0.00000000     0.00002893   0.00000000    -0.00001150   0.00000000
  0.00030713   0.00000000     0.00016130   0.00000000     0.00007503   0.00000000
 -0.00005368   0.00000000    -0.00001305   0.00000000    -0.00008444   0.00000000
    4   10
 -0.00243131   0.00000000     0.00025185   0.00000000    -0.00004013   0.00000000
 -0.00121274   0.00000000    -0.00015128   0.00000000     0.00004112   0.00000000
 -0.00002374   0.00000000    -0.00001741   0.00000000    -0.00199982   0.00000000
    4   11
 -0.00089481   0.00000000    -0.00016389   0.00000000     0.00003208   0.00000000
 -0.00022233   0.00000000    -0.00152126   0.00000000     0.00001524   0.00000000
  0.00001683   0.00000000    -0.00004225   0.00000000    -0.00081715   0.00000000
    4   12
 -0.12406124   0.00000000    -0.12209225   0.00000000     0.00002749   0.00000000
 -0.12070440   0.00000000    -0.25675718   0.00000000    -0.00002360   0.00000000
  0.00001249   0.00000000    -0.00001503   0.00000000    -0.05357515   0.00000000
    4   13
  0.00002956   0.00000000     0.00025527   0.00000000     0.00006246   0.00000000
  0.00114800   0.00000000    -0.00091419   0.00000000     0.00000504   0.00000000
  0.00007112   0.00000000    -0.00001939   0.00000000    -0.00159532   0.00000000
    4   14
 -0.00086332   0.00000000     0.00006635   0.00000000     0.00003637   0.00000000
 -0.00092821   0.00000000    -0.00002547   0.00000000     0.00003461   0.00000000
 -0.00006074   0.00000000     0.00002066   0.00000000     0.00009236   0.00000000
    4   15
 -0.00103992   0.00000000     0.00018273   0.00000000     0.00021765   0.00000000
  0.00022953   0.00000000    -0.00092720   0.00000000     0.00009111   0.00000000
  0.00021043   0.00000000    -0.00026259   0.00000000    -0.00043233   0.00000000
    4   16
 -0.06103439   0.00000000     0.03764823   0.00000000    -0.05197547   0.00000000
  0.03790018   0.00000000    -0.13243534   0.00000000     0.12871901   0.00000000
 -0.05207419   0.00000000     0.12852393   0.00000000    -0.25694411   0.00000000
    4   17
 -0.00013793   0.00000000    -0.00052444   0.00000000    -0.00045871   0.00000000
 -0.00028631   0.00000000    -0.00066316   0.00000000    -0.00069944   0.00000000
 -0.00028851   0.00000000    -0.00012865   0.00000000    -0.00065213   0.00000000
    4   18
 -0.00070292   0.00000000     0.00009857   0.00000000     0.00062376   0.00000000
 -0.00068573   0.00000000    -0.00048605   0.00000000     0.00041033   0.00000000
  0.00005201   0.00000000     0.00021276   0.00000000    -0.00074594   0.00000000
    4   19
 -0.06103092   0.00000000     0.03768672   0.00000000     0.05194184   0.00000000
  0.03782380   0.00000000    -0.13239817   0.00000000    -0.12872587   0.00000000
  0.05208323   0.00000000    -0.12851282   0.00000000    -0.25694821   0.00000000
    4   20
 -0.00102023   0.00000000     0.00023668   0.00000000    -0.00023900   0.00000000
  0.00023181   0.00000000    -0.00089629   0.00000000    -0.00020216   0.00000000
 -0.00036776   0.00000000     0.00023367   0.00000000    -0.00060917   0.00000000
    4   21
 -0.00074321   0.00000000     0.00015403   0.00000000    -0.00065120   0.00000000
 -0.00074871   0.00000000    -0.00050539   0.00000000    -0.00052088   0.00000000
 -0.00005784   0.00000000    -0.00022272   0.00000000    -0.00079256   0.00000000
    4   22
 -0.00022094   0.00000000    -0.00051010   0.00000000     0.00050602   0.00000000
 -0.00030008   0.00000000    -0.00066813   0.00000000     0.00068448   0.00000000
  0.00024639   0.00000000     0.00018783   0.00000000    -0.00061089   0.00000000
    5    1
 -0.01329399   0.00000000    -0.00399064   0.00000000     0.00003867   0.00000000
 -0.00756356   0.00000000    -0.00289107   0.00000000    -0.00011371   0.00000000
 -0.00031003   0.00000000     0.00010506   0.00000000     0.00424093   0.00000000
    5    2
  0.00544829   0.00000000    -0.00890564   0.00000000     0.00001002   0.00000000
 -0.01088574   0.00000000    -0.01172998   0.00000000    -0.00008241   0.00000000
 -0.00027602   0.00000000     0.00000464   0.00000000    -0.02618886   0.00000000
    5    3
  0.00149238   0.00000000     0.00020439   0.00000000     0.00001992   0.00000000
 -0.00020439   0.00000000     0.00169921   0.00000000    -0.00006365   0.00000000
 -0.00001992   0.00000000    -0.00006365   0.00000000     0.00074314   0.00000000
    5    4
  0.00048121   0.00000000    -0.00086998   0.00000000     0.00011004   0.00000000
  0.00086998   0.00000000     0.00199677   0.00000000     0.00003186   0.00000000
  0.00011004   0.00000000    -0.00003186   0.00000000     0.00236920   0.00000000
    5    5
  0.59443197   0.00000000     0.01999219   0.00000000     0.00004729   0.00000000
  0.01999219   0.00000000     0.59692564   0.00000000     0.00009266   0.00000000
  0.00004729   0.00000000     0.00009266   0.00000000     0.64551713   0.00000000
    5    6
  0.00009214   0.00000000    -0.00105826   0.00000000     0.00009581   0.00000000
 -0.00105826   0.00000000    -0.00154319   0.00000000    -0.00012179   0.00000000
 -0.00009581   0.00000000     0.00012179   0.00000000    -0.00123716   0.00000000
    5    7
 -0.00243131   0.00000000    -0.00025185   0.00000000    -0.00004013   0.00000000
  0.00121274   0.00000000    -0.00015128   0.00000000    -0.00004112   0.00000000
 -0.00002374   0.00000000     0.00001741   0.00000000    -0.00199982   0.00000000
    5    8
  0.00088349   0.00000000    -0.00002893   0.00000000    -0.00001150   0.00000000
 -0.00030713   0.00000000     0.00016130   0.00000000    -0.00007503   0.00000000
 -0.00005368   0.00000000     0.00001305   0.00000000    -0.00008444   0.00000000
    5    9
 -0.33379719   0.00000000    -0.05123516   0.00000000     0.00001404   0.00000000
 -0.04742390   0.00000000    -0.05526166   0.00000000    -0.00004870   0.00000000
 -0.00003031   0.00000000    -0.00002930   0.00000000    -0.04896747   0.00000000
    5   10
 -0.00158987   0.00000000    -0.00063630   0.00000000    -0.00002366   0.00000000
 -0.00096610   0.00000000    -0.00096154   0.00000000    -0.00001714   0.00000000
  0.00003445   0.00000000     0.00001402   0.00000000    -0.00063565   0.00000000
    5   11
 -0.00086332   0.00000000    -0.00006635   0.00000000     0.00003637   0.00000000
  0.00092821   0.00000000    -0.00002547   0.00000000    -0.00003461   0.00000000
 -0.00006074   0.00000000    -0.00002066   0.00000000     0.00009236   0.00000000
    5   12
  0.00002956   0.00000000    -0.00025527   0.00000000     0.00006246   0.00000000
 -0.00114800   0.00000000    -0.00091419   0.00000000    -0.00000504   0.00000000
  0.00007112   0.00000000     0.00001939   0.00000000    -0.00159532   0.00000000
    5   13
 -0.12406124   0.00000000     0.12209225   0.00000000     0.00002749   0.00000000
  0.12070440   0.00000000    -0.25675718   0.00000000     0.00002360   0.00000000
  0.00001249   0.00000000     0.00001503   0.00000000    -0.05357515   0.00000000
    5   14
 -0.00089481   0.00000000     0.00016389   0.00000000     0.00003208   0.00000000
  0.00022233   0.00000000    -0.00152126   0.00000000    -0.00001524   0.00000000
  0.00001683   0.00000000     0.00004225   0.00000000    -0.00081715   0.00000000
    5   15
 -0.00070292   0.00000000    -0.00009857   0.00000000     0.00062376   0.00000000
  0.00068573   0.00000000    -0.00048605   0.00000000    -0.00041033   0.00000000
  0.00005201   0.00000000    -0.00021276   0.00000000    -0.00074594   0.00000000
    5   16
 -0.00013793   0.00000000     0.00052444   0.00000000    -0.00045871   0.00000000
  0.00028631   0.00000000    -0.00066316   0.00000000     0.00069944   0.00000000
 -0.00028851   0.00000000     0.00012865   0.00000000    -0.00065213   0.00000000
    5   17
 -0.06103439   0.00000000    -0.03764823   0.00000000    -0.05197547   0.00000000
 -0.03790018   0.00000000    -0.13243534   0.00000000    -0.12871901   0.00000000
 -0.05207419   0.00000000    -0.12852393   0.00000000    -0.25694411   0.00000000
    5   18
 -0.00103992   0.00000000    -0.00018273   0.00000000     0.00021765   0.00000000
 -0.00022953   0.00000000    -0.00092720   0.00000000    -0.00009111   0.00000000
  0.00021043   0.00000000     0.00026259   0.00000000    -0.00043233   0.00000000
    5   19
 -0.00022094   0.00000000     0.00051010   0.00000000     0.00050602   0.00000000
  0.00030008   0.00000000    -0.00066813   0.00000000    -0.00068448   0.00000000
  0.00024639   0.00000000    -0.00018783   0.00000000    -0.00061089   0.00000000
    5   20
 -0.00074321   0.00000000    -0.00015403   0.00000000    -0.00065120   0.00000000
  0.00074871   0.00000000    -0.00050539   0.00000000     0.00052088   0.00000000
 -0.00005784   0.00000000     0.00022272   0.00000000    -0.00079256   0.00000000
    5   21
 -0.00102023   0.00000000    -0.00023668   0.00000000    -0.00023900   0.00000000
 -0.00023181   0.00000000    -0.00089629   0.00000000     0.00020216   0.00000000
 -0.00036776   0.00000000    -0.00023367   0.00000000    -0.00060917   0.00000000
    5   22
 -0.06103092   0.00000000    -0.03768672   0.00000000     0.05194184   0.00000000
 -0.03782380   0.00000000    -0.13239817   0.00000000     0.12872587   0.00000000
  0.05208323   0.00000000     0.12851282   0.00000000    -0.25694821   0.00000000
    6    1
 -0.01329399   0.00000000    -0.00399064   0.00000000    -0.00003867   0.00000000
 -0.00756356   0.00000000    -0.00289107   0.00000000     0.00011371   0.00000000
  0.00031003   0.00000000    -0.00010506   0.00000000     0.00424093   0.00000000
    6    2
  0.00544829   0.00000000    -0.00890564   0.00000000    -0.00001002   0.00000000
 -0.01088574   0.00000000    -0.01172998   0.00000000     0.00008241   0.00000000
  0.00027602   0.00000000    -0.00000464   0.00000000    -0.02618886   0.00000000
    6    3
  0.00048121   0.00000000    -0.00086998   0.00000000    -0.00011004   0.00000000
  0.00086998   0.00000000     0.00199677   0.00000000    -0.00003186   0.00000000
 -0.00011004   0.00000000     0.00003186   0.00000000     0.00236920   0.00000000
    6    4
  0.00149238   0.00000000     0.00020439   0.00000000    -0.00001992   0.00000000
 -0.00020439   0.00000000     0.00169921   0.00000000     0.00006365   0.00000000
  0.00001992   0.00000000     0.00006365   0.00000000     0.00074314   0.00000000
    6    5
  0.00009214   0.00000000    -0.00105826   0.00000000    -0.00009581   0.00000000
 -0.00105826   0.00000000    -0.00154319   0.00000000     0.00012179   0.00000000
  0.00009581   0.00000000    -0.00012179   0.00000000    -0.00123716   0.00000000
    6    6
  0.59443197   0.00000000     0.01999219   0.00000000    -0.00004729   0.00000000
  0.01999219   0.00000000     0.59692564   0.00000000    -0.00009266   0.00000000
 -0.00004729   0.00000000    -0.00009266   0.00000000     0.64551713   0.00000000
    6    7
  0.00088349   0.00000000    -0.00002893   0.00000000     0.00001150   0.00000000
 -0.00030713   0.00000000     0.00016130   0.00000000     0.00007503   0.00000000
  0.00005368   0.00000000    -0.00001305   0.00000000    -0.00008444   0.00000000
    6    8
 -0.00243131   0.00000000    -0.00025185   0.00000000     0.00004013   0.00000000
  0.00121274   0.00000000    -0.00015128   0.00000000     0.00004112   0.00000000
  0.00002374   0.00000000    -0.00001741   0.00000000    -0.00199982   0.00000000
    6    9
 -0.00158987   0.00000000    -0.00063630   0.00000000     0.00002366   0.00000000
 -0.00096610   0.00000000    -0.00096154   0.00000000     0.00001714   0.00000000
 -0.00003445   0.00000000    -0.00001402   0.00000000    -0.00063565   0.00000000
    6   10
 -0.33379719   0.00000000    -0.05123516   0.00000000    -0.00001404   0.00000000
 -0.04742390   0.00000000    -0.05526166   0.00000000     0.00004870   0.00000000
  0.00003031   0.00000000     0.00002930   0.00000000    -0.04896747   0.00000000
    6   11
  0.00002956   0.00000000    -0.00025527   0.00000000    -0.00006246   0.00000000
 -0.00114800   0.00000000    -0.00091419   0.00000000     0.00000504   0.00000000
 -0.00007112   0.00000000    -0.00001939   0.00000000    -0.00159532   0.00000000
    6   12
 -0.00086332   0.00000000    -0.00006635   0.00000000    -0.00003637   0.00000000
  0.00092821   0.00000000    -0.00002547   0.00000000     0.00003461   0.00000000
  0.00006074   0.00000000     0.00002066   0.00000000     0.00009236   0.00000000
    6   13
 -0.00089481   0.00000000     0.00016389   0.00000000    -0.00003208   0.00000000
  0.00022233   0.00000000    -0.00152126   0.00000000     0.00001524   0.00000000
 -0.00001683   0.00000000    -0.00004225   0.00000000    -0.00081715   0.00000000
    6   14
 -0.12406124   0.00000000     0.12209225   0.00000000    -0.00002749   0.00000000
  0.12070440   0.00000000    -0.25675718   0.00000000    -0.00002360   0.00000000
 -0.00001249   0.00000000    -0.00001503   0.00000000    -0.05357515   0.00000000
    6   15
 -0.00013793   0.00000000     0.00052444   0.00000000     0.00045871   0.00000000
  0.00028631   0.00000000    -0.00066316   0.00000000    -0.00069944   0.00000000
  0.00028851   0.00000000    -0.00012865   0.00000000    -0.00065213   0.00000000
    6   16
 -0.00070292   0.00000000    -0.00009857   0.00000000    -0.00062376   0.00000000
  0.00068573   0.00000000    -0.00048605   0.00000000     0.00041033   0.00000000
 -0.00005201   0.00000000     0.00021276   0.00000000    -0.00074594   0.00000000
    6   17
 -0.00103992   0.00000000    -0.00018273   0.00000000    -0.00021765   0.00000000
 -0.00022953   0.00000000    -0.00092720   0.00000000     0.00009111   0.00000000
 -0.00021043   0.00000000    -0.00026259   0.00000000    -0.00043233   0.00000000
    6   18
 -0.06103439   0.00000000    -0.03764823   0.00000000     0.05197547   0.00000000
 -0.03790018   0.00000000    -0.13243534   0.00000000     0.12871901   0.00000000
  0.05207419   0.00000000     0.12852393   0.00000000    -0.25694411   0.00000000
    6   19
 -0.00074321   0.00000000    -0.00015403   0.00000000     0.00065120   0.00000000
  0.00074871   0.00000000    -0.00050539   0.00000000    -0.00052088   0.00000000
  0.00005784   0.00000000    -0.00022272   0.00000000    -0.00079256   0.00000000
    6   20
 -0.00022094   0.00000000     0.00051010   0.00000000    -0.00050602   0.00000000
  0.00030008   0.00000000    -0.00066813   0.00000000     0.00068448   0.00000000
 -0.00024639   0.00000000     0.00018783   0.00000000    -0.00061089   0.00000000
    6   21
 -0.06103092   0.00000000    -0.03768672   0.00000000    -0.05194184   0.00000000
 -0.03782380   0.00000000    -0.13239817   0.00000000    -0.12872587   0.00000000
 -0.05208323   0.00000000    -0.12851282   0.00000000    -0.25694821   0.00000000
    6   22
 -0.00102023   0.00000000    -0.00023668   0.00000000     0.00023900   0.00000000
 -0.00023181   0.00000000    -0.00089629   0.00000000    -0.00020216   0.00000000
  0.00036776   0.00000000     0.00023367   0.00000000    -0.00060917   0.00000000
    7    1
 -0.00736380   0.00000000     0.00094743   0.00000000    -0.00005759   0.00000000
 -0.00340841   0.00000000    -0.00501531   0.00000000     0.00005979   0.00000000
 -0.00011599   0.00000000    -0.00022332   0.00000000    -0.00610022   0.00000000
    7    2
  0.00625325   0.00000000    -0.00187953   0.00000000     0.00000088   0.00000000
 -0.00230515   0.00000000     0.00005702   0.00000000    -0.00009801   0.00000000
 -0.00011771   0.00000000     0.00025259   0.00000000    -0.00189221   0.00000000
    7    3
 -0.33379719   0.00000000     0.04742390   0.00000000     0.00003031   0.00000000
  0.05123516   0.00000000    -0.05526166   0.00000000    -0.00002930   0.00000000
 -0.00001404   0.00000000    -0.00004870   0.00000000    -0.04896747   0.00000000
    7    4
 -0.00158987   0.00000000     0.00096610   0.00000000     0.00003445   0.00000000
  0.00063630   0.00000000    -0.00096154   0.00000000    -0.00001402   0.00000000
 -0.00002366   0.00000000     0.00001714   0.00000000    -0.00063565   0.00000000
    7    5
 -0.00243131   0.00000000     0.00121274   0.00000000    -0.00002374   0.00000000
 -0.00025185   0.00000000    -0.00015128   0.00000000     0.00001741   0.00000000
 -0.00004013   0.00000000    -0.00004112   0.00000000    -0.00199982   0.00000000
    7    6
  0.00088349   0.00000000    -0.00030713   0.00000000     0.00005368   0.00000000
 -0.00002893   0.00000000     0.00016130   0.00000000    -0.00001305   0.00000000
  0.00001150   0.00000000     0.00007503   0.00000000    -0.00008444   0.00000000
    7    7
  0.37710782   0.00000000    -0.05570144   0.00000000     0.00002215   0.00000000
 -0.05570144   0.00000000     0.06724238   0.00000000    -0.00002357   0.00000000
  0.00002215   0.00000000    -0.00002357   0.00000000     0.06281650   0.00000000
    7    8
 -0.00004913   0.00000000    -0.00002457   0.00000000     0.00008766   0.00000000
 -0.00002457   0.00000000    -0.00002748   0.00000000    -0.00003370   0.00000000
 -0.00008766   0.00000000     0.00003370   0.00000000    -0.00022708   0.00000000
    7    9
 -0.00194479   0.00000000    -0.00044370   0.00000000     0.00004560   0.00000000
  0.00044370   0.00000000     0.00002517   0.00000000    -0.00002517   0.00000000
 -0.00004560   0.00000000    -0.00002517   0.00000000    -0.00016558   0.00000000
    7   10
 -0.00031625   0.00000000     0.00005911   0.00000000    -0.00003880   0.00000000
 -0.00005911   0.00000000    -0.00028280   0.00000000    -0.00000159   0.00000000
 -0.00003880   0.00000000     0.00000159   0.00000000     0.00003411   0.00000000
    7   11
 -0.01854344   0.00000000     0.00332581   0.00000000    -0.00004762   0.00000000
 -0.03084888   0.00000000     0.00494253   0.00000000     0.00000219   0.00000000
  0.00001306   0.00000000    -0.00002134   0.00000000    -0.00258143   0.00000000
    7   12
  0.00033763   0.00000000     0.00078497   0.00000000    -0.00005859   0.00000000
  0.00060999   0.00000000    -0.00085364   0.00000000     0.00001710   0.00000000
  0.00001410   0.00000000     0.00006317   0.00000000    -0.00015761   0.00000000
    7   13
 -0.00070322   0.00000000     0.00010462   0.00000000     0.00002632   0.00000000
  0.00009533   0.00000000     0.00005798   0.00000000    -0.00001512   0.00000000
  0.00002807   0.00000000    -0.00003583   0.00000000    -0.00000951   0.00000000
    7   14
 -0.00028511   0.00000000     0.00012299   0.00000000     0.00004344   0.00000000
  0.00011934   0.00000000    -0.00055755   0.00000000    -0.00001339   0.00000000
  0.00001432   0.00000000    -0.00000749   0.00000000     0.00006270   0.00000000
    7   15
 -0.00718819   0.00000000     0.00084240   0.00000000     0.00057476   0.00000000
  0.01948783   0.00000000    -0.00407940   0.00000000     0.00064534   0.00000000
  0.02983284   0.00000000    -0.00489801   0.00000000     0.00020783   0.00000000
    7   16
 -0.00013673   0.00000000     0.00090196   0.00000000    -0.00017410   0.00000000
  0.00011371   0.00000000    -0.00034064   0.00000000     0.00013267   0.00000000
 -0.00007447   0.00000000     0.00017397   0.00000000     0.00010829   0.00000000
    7   17
 -0.00138305   0.00000000    -0.00035104   0.00000000    -0.00053686   0.00000000
  0.00031759   0.00000000     0.00031660   0.00000000     0.00005286   0.00000000
 -0.00045860   0.00000000     0.00036215   0.00000000    -0.00009662   0.00000000
    7   18
 -0.00004610   0.00000000     0.00020831   0.00000000     0.00002785   0.00000000
 -0.00023919   0.00000000    -0.00056077   0.00000000     0.00026413   0.00000000
 -0.00000451   0.00000000     0.00013199   0.00000000    -0.00013154   0.00000000
    7   19
 -0.00014204   0.00000000     0.00090659   0.00000000     0.00016200   0.00000000
  0.00014217   0.00000000    -0.00034184   0.00000000    -0.00012852   0.00000000
  0.00012976   0.00000000    -0.00022536   0.00000000    -0.00005063   0.00000000
    7   20
 -0.00725963   0.00000000     0.00088821   0.00000000    -0.00057617   0.00000000
  0.01950197   0.00000000    -0.00409247   0.00000000    -0.00061198   0.00000000
 -0.02980072   0.00000000     0.00485150   0.00000000     0.00021687   0.00000000
    7   21
  0.00000317   0.00000000     0.00014151   0.00000000    -0.00008862   0.00000000
 -0.00024298   0.00000000    -0.00053064   0.00000000    -0.00021655   0.00000000
  0.00008847   0.00000000    -0.00008098   0.00000000    -0.00004103   0.00000000
    7   22
 -0.00144246   0.00000000    -0.00030094   0.00000000     0.00061859   0.00000000
  0.00033093   0.00000000     0.00031022   0.00000000    -0.00005558   0.00000000
  0.00047371   0.00000000    -0.00030548   0.00000000    -0.00020025   0.00000000
    8    1
 -0.00736380   0.00000000     0.00094743   0.00000000     0.00005759   0.00000000
 -0.00340841   0.00000000    -0.00501531   0.00000000    -0.00005979   0.00000000
  0.00011599   0.00000000     0.00022332   0.00000000    -0.00610022   0.00000000
    8    2
  0.00625325   0.00000000    -0.00187953   0.00000000    -0.00000088   0.00000000
 -0.00230515   0.00000000     0.00005702   0.00000000     0.00009801   0.00000000
  0.00011771   0.00000000    -0.00025259   0.00000000    -0.00189221   0.00000000
    8    3
 -0.00158987   0.00000000     0.00096610   0.00000000    -0.00003445   0.00000000
  0.00063630   0.00000000    -0.00096154   0.00000000     0.00001402   0.00000000
  0.00002366   0.00000000    -0.00001714   0.00000000    -0.00063565   0.00000000
    8    4
 -0.33379719   0.00000000     0.04742390   0.00000000    -0.00003031   0.00000000
  0.05123516   0.00000000    -0.05526166   0.00000000     0.00002930   0.00000000
  0.00001404   0.00000000     0.00004870   0.00000000    -0.04896747   0.00000000
    8    5
  0.00088349   0.00000000    -0.00030713   0.00000000    -0.00005368   0.00000000
 -0.00002893   0.00000000     0.00016130   0.00000000     0.00001305   0.00000000
 -0.00001150   0.00000000    -0.00007503   0.00000000    -0.00008444   0.00000000
    8    6
 -0.00243131   0.00000000     0.00121274   0.00000000     0.00002374   0.00000000
 -0.00025185   0.00000000    -0.00015128   0.00000000    -0.00001741   0.00000000
  0.00004013   0.00000000     0.00004112   0.00000000    -0.00199982   0.00000000
    8    7
 -0.00004913   0.00000000    -0.00002457   0.00000000    -0.00008766   0.00000000
 -0.00002457   0.00000000    -0.00002748   0.00000000     0.00003370   0.00000000
  0.00008766   0.00000000    -0.00003370   0.00000000    -0.00022708   0.00000000
    8    8
  0.37710782   0.00000000    -0.05570144   0.00000000    -0.00002215   0.00000000
 -0.05570144   0.00000000     0.06724238   0.00000000     0.00002357   0.00000000
 -0.00002215   0.00000000     0.00002357   0.00000000     0.06281650   0.00000000
    8    9
 -0.00031625   0.00000000     0.00005911   0.00000000     0.00003880   0.00000000
 -0.00005911   0.00000000    -0.00028280   0.00000000     0.00000159   0.00000000
  0.00003880   0.00000000    -0.00000159   0.00000000     0.00003411   0.00000000
    8   10
 -0.00194479   0.00000000    -0.00044370   0.00000000    -0.00004560   0.00000000
  0.00044370   0.00000000     0.00002517   0.00000000     0.00002517   0.00000000
  0.00004560   0.00000000     0.00002517   0.00000000    -0.00016558   0.00000000
    8   11
  0.00033763   0.00000000     0.00078497   0.00000000     0.00005859   0.00000000
  0.00060999   0.00000000    -0.00085364   0.00000000    -0.00001710   0.00000000
 -0.00001410   0.00000000    -0.00006317   0.00000000    -0.00015761   0.00000000
    8   12
 -0.01854344   0.00000000     0.00332581   0.00000000     0.00004762   0.00000000
 -0.03084888   0.00000000     0.00494253   0.00000000    -0.00000219   0.00000000
 -0.00001306   0.00000000     0.00002134   0.00000000    -0.00258143   0.00000000
    8   13
 -0.00028511   0.00000000     0.00012299   0.00000000    -0.00004344   0.00000000
  0.00011934   0.00000000    -0.00055755   0.00000000     0.00001339   0.00000000
 -0.00001432   0.00000000     0.00000749   0.00000000     0.00006270   0.00000000
    8   14
 -0.00070322   0.00000000     0.00010462   0.00000000    -0.00002632   0.00000000
  0.00009533   0.00000000     0.00005798   0.00000000     0.00001512   0.00000000
 -0.00002807   0.00000000     0.00003583   0.00000000    -0.00000951   0.00000000
    8   15
 -0.00013673   0.00000000     0.00090196   0.00000000     0.00017410   0.00000000
  0.00011371   0.00000000    -0.00034064   0.00000000    -0.00013267   0.00000000
  0.00007447   0.00000000    -0.00017397   0.00000000     0.00010829   0.00000000
    8   16
 -0.00718819   0.00000000     0.00084240   0.00000000    -0.00057476   0.00000000
  0.01948783   0.00000000    -0.00407940   0.00000000    -0.00064534   0.00000000
 -0.02983284   0.00000000     0.00489801   0.00000000     0.00020783   0.00000000
    8   17
 -0.00004610   0.00000000     0.00020831   0.00000000    -0.00002785   0.00000000
 -0.00023919   0.00000000    -0.00056077   0.00000000    -0.00026413   0.00000000
  0.00000451   0.00000000    -0.00013199   0.00000000    -0.00013154   0.00000000
    8   18
 -0.00138305   0.00000000    -0.00035104   0.00000000     0.00053686   0.00000000
  0.00031759   0.00000000     0.00031660   0.00000000    -0.00005286   0.00000000
  0.00045860   0.00000000    -0.00036215   0.00000000    -0.00009662   0.00000000
    8   19
 -0.00725963   0.00000000     0.00088821   0.00000000     0.00057617   0.00000000
  0.01950197   0.00000000    -0.00409247   0.00000000     0.00061198   0.00000000
  0.02980072   0.00000000    -0.00485150   0.00000000     0.00021687   0.00000000
    8   20
 -0.00014204   0.00000000     0.00090659   0.00000000    -0.00016200   0.00000000
  0.00014217   0.00000000    -0.00034184   0.00000000     0.00012852   0.00000000
 -0.00012976   0.00000000     0.00022536   0.00000000    -0.00005063   0.00000000
    8   21
 -0.00144246   0.00000000    -0.00030094   0.00000000    -0.00061859   0.00000000
  0.00033093   0.00000000     0.00031022   0.00000000     0.00005558   0.00000000
 -0.00047371   0.00000000     0.00030548   0.00000000    -0.00020025   0.00000000
    8   22
  0.00000317   0.00000000     0.00014151   0.00000000     0.00008862   0.00000000
 -0.00024298   0.00000000    -0.00053064   0.00000000     0.00021655   0.00000000
 -0.00008847   0.00000000     0.00008098   0.00000000    -0.00004103   0.00000000
    9    1
  0.00625325   0.00000000     0.00187953   0.00000000    -0.00000088   0.00000000
  0.00230515   0.00000000     0.00005702   0.00000000    -0.00009801   0.00000000
  0.00011771   0.00000000     0.00025259   0.00000000    -0.00189221   0.00000000
    9    2
 -0.00736380   0.00000000    -0.00094743   0.00000000     0.00005759   0.00000000
  0.00340841   0.00000000    -0.00501531   0.00000000     0.00005979   0.00000000
  0.00011599   0.00000000    -0.00022332   0.00000000    -0.00610022   0.00000000
    9    3
 -0.00243131   0.00000000    -0.00121274   0.00000000     0.00002374   0.00000000
  0.00025185   0.00000000    -0.00015128   0.00000000     0.00001741   0.00000000
  0.00004013   0.00000000    -0.00004112   0.00000000    -0.00199982   0.00000000
    9    4
  0.00088349   0.00000000     0.00030713   0.00000000    -0.00005368   0.00000000
  0.00002893   0.00000000     0.00016130   0.00000000    -0.00001305   0.00000000
 -0.00001150   0.00000000     0.00007503   0.00000000    -0.00008444   0.00000000
    9    5
 -0.33379719   0.00000000    -0.04742390   0.00000000    -0.00003031   0.00000000
 -0.05123516   0.00000000    -0.05526166   0.00000000    -0.00002930   0.00000000
  0.00001404   0.00000000    -0.00004870   0.00000000    -0.04896747   0.00000000
    9    6
 -0.00158987   0.00000000    -0.00096610   0.00000000    -0.00003445   0.00000000
 -0.00063630   0.00000000    -0.00096154   0.00000000    -0.00001402   0.00000000
  0.00002366   0.00000000     0.00001714   0.00000000    -0.00063565   0.00000000
    9    7
 -0.00194479   0.00000000     0.00044370   0.00000000    -0.00004560   0.00000000
 -0.00044370   0.00000000     0.00002517   0.00000000    -0.00002517   0.00000000
  0.00004560   0.00000000    -0.00002517   0.00000000    -0.00016558   0.00000000
    9    8
 -0.00031625   0.00000000    -0.00005911   0.00000000     0.00003880   0.00000000
  0.00005911   0.00000000    -0.00028280   0.00000000    -0.00000159   0.00000000
  0.00003880   0.00000000     0.00000159   0.00000000     0.00003411   0.00000000
    9    9
  0.37710782   0.00000000     0.05570144   0.00000000    -0.00002215   0.00000000
  0.05570144   0.00000000     0.06724238   0.00000000    -0.00002357   0.00000000
 -0.00002215   0.00000000    -0.00002357   0.00000000     0.06281650   0.00000000
    9   10
 -0.00004913   0.00000000     0.00002457   0.00000000    -0.00008766   0.00000000
  0.00002457   0.00000000    -0.00002748   0.00000000    -0.00003370   0.00000000
  0.00008766   0.00000000     0.00003370   0.00000000    -0.00022708   0.00000000
    9   11
 -0.00070322   0.00000000    -0.00010462   0.00000000    -0.00002632   0.00000000
 -0.00009533   0.00000000     0.00005798   0.00000000    -0.00001512   0.00000000
 -0.00002807   0.00000000    -0.00003583   0.00000000    -0.00000951   0.00000000
    9   12
 -0.00028511   0.00000000    -0.00012299   0.00000000    -0.00004344   0.00000000
 -0.00011934   0.00000000    -0.00055755   0.00000000    -0.00001339   0.00000000
 -0.00001432   0.00000000    -0.00000749   0.00000000     0.00006270   0.00000000
    9   13
 -0.01854344   0.00000000    -0.00332581   0.00000000     0.00004762   0.00000000
  0.03084888   0.00000000     0.00494253   0.00000000     0.00000219   0.00000000
 -0.00001306   0.00000000    -0.00002134   0.00000000    -0.00258143   0.00000000
    9   14
  0.00033763   0.00000000    -0.00078497   0.00000000     0.00005859   0.00000000
 -0.00060999   0.00000000    -0.00085364   0.00000000     0.00001710   0.00000000
 -0.00001410   0.00000000     0.00006317   0.00000000    -0.00015761   0.00000000
    9   15
 -0.00138305   0.00000000     0.00035104   0.00000000     0.00053686   0.00000000
 -0.00031759   0.00000000     0.00031660   0.00000000     0.00005286   0.00000000
  0.00045860   0.00000000     0.00036215   0.00000000    -0.00009662   0.00000000
    9   16
 -0.00004610   0.00000000    -0.00020831   0.00000000    -0.00002785   0.00000000
  0.00023919   0.00000000    -0.00056077   0.00000000     0.00026413   0.00000000
  0.00000451   0.00000000     0.00013199   0.00000000    -0.00013154   0.00000000
    9   17
 -0.00718819   0.00000000    -0.00084240   0.00000000    -0.00057476   0.00000000
 -0.01948783   0.00000000    -0.00407940   0.00000000     0.00064534   0.00000000
 -0.02983284   0.00000000    -0.00489801   0.00000000     0.00020783   0.00000000
    9   18
 -0.00013673   0.00000000    -0.00090196   0.00000000     0.00017410   0.00000000
 -0.00011371   0.00000000    -0.00034064   0.00000000     0.00013267   0.00000000
  0.00007447   0.00000000     0.00017397   0.00000000     0.00010829   0.00000000
    9   19
  0.00000317   0.00000000    -0.00014151   0.00000000     0.00008862   0.00000000
  0.00024298   0.00000000    -0.00053064   0.00000000    -0.00021655   0.00000000
 -0.00008847   0.00000000    -0.00008098   0.00000000    -0.00004103   0.00000000
    9   20
 -0.00144246   0.00000000     0.00030094   0.00000000    -0.00061859   0.00000000
 -0.00033093   0.00000000     0.00031022   0.00000000    -0.00005558   0.00000000
 -0.00047371   0.00000000    -0.00030548   0.00000000    -0.00020025   0.00000000
    9   21
 -0.00014204   0.00000000    -0.00090659   0.00000000    -0.00016200   0.00000000
 -0.00014217   0.00000000    -0.00034184   0.00000000    -0.00012852   0.00000000
 -0.00012976   0.00000000    -0.00022536   0.00000000    -0.00005063   0.00000000
    9   22
 -0.00725963   0.00000000    -0.00088821   0.00000000     0.00057617   0.00000000
 -0.01950197   0.00000000    -0.00409247   0.00000000    -0.00061198   0.00000000
  0.02980072   0.00000000     0.00485150   0.00000000     0.00021687   0.00000000
   10    1
  0.00625325   0.00000000     0.00187953   0.00000000     0.00000088   0.00000000
  0.00230515   0.00000000     0.00005702   0.00000000     0.00009801   0.00000000
 -0.00011771   0.00000000    -0.00025259   0.00000000    -0.00189221   0.00000000
   10    2
 -0.00736380   0.00000000    -0.00094743   0.00000000    -0.00005759   0.00000000
  0.00340841   0.00000000    -0.00501531   0.00000000    -0.00005979   0.00000000
 -0.00011599   0.00000000     0.00022332   0.00000000    -0.00610022   0.00000000
   10    3
  0.00088349   0.00000000     0.00030713   0.00000000     0.00005368   0.00000000
  0.00002893   0.00000000     0.00016130   0.00000000     0.00001305   0.00000000
  0.00001150   0.00000000    -0.00007503   0.00000000    -0.00008444   0.00000000
   10    4
 -0.00243131   0.00000000    -0.00121274   0.00000000    -0.00002374   0.00000000
  0.00025185   0.00000000    -0.00015128   0.00000000    -0.00001741   0.00000000
 -0.00004013   0.00000000     0.00004112   0.00000000    -0.00199982   0.00000000
   10    5
 -0.00158987   0.00000000    -0.00096610   0.00000000     0.00003445   0.00000000
 -0.00063630   0.00000000    -0.00096154   0.00000000     0.00001402   0.00000000
 -0.00002366   0.00000000    -0.00001714   0.00000000    -0.00063565   0.00000000
   10    6
 -0.33379719   0.00000000    -0.04742390   0.00000000     0.00003031   0.00000000
 -0.05123516   0.00000000    -0.05526166   0.00000000     0.00002930   0.00000000
 -0.00001404   0.00000000     0.00004870   0.00000000    -0.04896747   0.00000000
   10    7
 -0.00031625   0.00000000    -0.00005911   0.00000000    -0.00003880   0.00000000
  0.00005911   0.00000000    -0.00028280   0.00000000     0.00000159   0.00000000
 -0.00003880   0.00000000    -0.00000159   0.00000000     0.00003411   0.00000000
   10    8
 -0.00194479   0.00000000     0.00044370   0.00000000     0.00004560   0.00000000
 -0.00044370   0.00000000     0.00002517   0.00000000     0.00002517   0.00000000
 -0.00004560   0.00000000     0.00002517   0.00000000    -0.00016558   0.00000000
   10    9
 -0.00004913   0.00000000     0.00002457   0.00000000     0.00008766   0.00000000
  0.00002457   0.00000000    -0.00002748   0.00000000     0.00003370   0.00000000
 -0.00008766   0.00000000    -0.00003370   0.00000000    -0.00022708   0.00000000
   10   10
  0.37710782   0.00000000     0.05570144   0.00000000     0.00002215   0.00000000
  0.05570144   0.00000000     0.06724238   0.00000000     0.00002357   0.00000000
  0.00002215   0.00000000     0.00002357   0.00000000     0.06281650   0.00000000
   10   11
 -0.00028511   0.00000000    -0.00012299   0.00000000     0.00004344   0.00000000
 -0.00011934   0.00000000    -0.00055755   0.00000000     0.00001339   0.00000000
  0.00001432   0.00000000     0.00000749   0.00000000     0.00006270   0.00000000
   10   12
 -0.00070322   0.00000000    -0.00010462   0.00000000     0.00002632   0.00000000
 -0.00009533   0.00000000     0.00005798   0.00000000     0.00001512   0.00000000
  0.00002807   0.00000000     0.00003583   0.00000000    -0.00000951   0.00000000
   10   13
  0.00033763   0.00000000    -0.00078497   0.00000000    -0.00005859   0.00000000
 -0.00060999   0.00000000    -0.00085364   0.00000000    -0.00001710   0.00000000
  0.00001410   0.00000000    -0.00006317   0.00000000    -0.00015761   0.00000000
   10   14
 -0.01854344   0.00000000    -0.00332581   0.00000000    -0.00004762   0.00000000
  0.03084888   0.00000000     0.00494253   0.00000000    -0.00000219   0.00000000
  0.00001306   0.00000000     0.00002134   0.00000000    -0.00258143   0.00000000
   10   15
 -0.00004610   0.00000000    -0.00020831   0.00000000     0.00002785   0.00000000
  0.00023919   0.00000000    -0.00056077   0.00000000    -0.00026413   0.00000000
 -0.00000451   0.00000000    -0.00013199   0.00000000    -0.00013154   0.00000000
   10   16
 -0.00138305   0.00000000     0.00035104   0.00000000    -0.00053686   0.00000000
 -0.00031759   0.00000000     0.00031660   0.00000000    -0.00005286   0.00000000
 -0.00045860   0.00000000    -0.00036215   0.00000000    -0.00009662   0.00000000
   10   17
 -0.00013673   0.00000000    -0.00090196   0.00000000    -0.00017410   0.00000000
 -0.00011371   0.00000000    -0.00034064   0.00000000    -0.00013267   0.00000000
 -0.00007447   0.00000000    -0.00017397   0.00000000     0.00010829   0.00000000
   10   18
 -0.00718819   0.00000000    -0.00084240   0.00000000     0.00057476   0.00000000
 -0.01948783   0.00000000    -0.00407940   0.00000000    -0.00064534   0.00000000
  0.02983284   0.00000000     0.00489801   0.00000000     0.00020783   0.00000000
   10   19
 -0.00144246   0.00000000     0.00030094   0.00000000     0.00061859   0.00000000
 -0.00033093   0.00000000     0.00031022   0.00000000     0.00005558   0.00000000
  0.00047371   0.00000000     0.00030548   0.00000000    -0.00020025   0.00000000
   10   20
  0.00000317   0.00000000    -0.00014151   0.00000000    -0.00008862   0.00000000
  0.00024298   0.00000000    -0.00053064   0.00000000     0.00021655   0.00000000
  0.00008847   0.00000000     0.00008098   0.00000000    -0.00004103   0.00000000
   10   21
 -0.00725963   0.00000000    -0.00088821   0.00000000    -0.00057617   0.00000000
 -0.01950197   0.00000000    -0.00409247   0.00000000     0.00061198   0.00000000
 -0.02980072   0.00000000    -0.00485150   0.00000000     0.00021687   0.00000000
   10   22
 -0.00014204   0.00000000    -0.00090659   0.00000000     0.00016200   0.00000000
 -0.00014217   0.00000000    -0.00034184   0.00000000     0.00012852   0.00000000
  0.00012976   0.00000000     0.00022536   0.00000000    -0.00005063   0.00000000
   11    1
 -0.00651173   0.00000000    -0.00449129   0.00000000    -0.00013544   0.00000000
 -0.00052924   0.00000000    -0.00473949   0.00000000    -0.00007994   0.00000000
  0.00004168   0.00000000     0.00005524   0.00000000    -0.00161927   0.00000000
   11    2
  0.00427082   0.00000000    -0.00008640   0.00000000     0.00021126   0.00000000
 -0.00456375   0.00000000     0.00108572   0.00000000     0.00002916   0.00000000
  0.00008253   0.00000000     0.00011986   0.00000000    -0.00063392   0.00000000
   11    3
 -0.12406124   0.00000000    -0.12070440   0.00000000    -0.00001249   0.00000000
 -0.12209225   0.00000000    -0.25675718   0.00000000     0.00001503   0.00000000
 -0.00002749   0.00000000     0.00002360   0.00000000    -0.05357515   0.00000000
   11    4
 -0.00089481   0.00000000    -0.00022233   0.00000000     0.00001683   0.00000000
 -0.00016389   0.00000000    -0.00152126   0.00000000    -0.00004225   0.00000000
  0.00003208   0.00000000     0.00001524   0.00000000    -0.00081715   0.00000000
   11    5
 -0.00086332   0.00000000     0.00092821   0.00000000    -0.00006074   0.00000000
 -0.00006635   0.00000000    -0.00002547   0.00000000    -0.00002066   0.00000000
  0.00003637   0.00000000    -0.00003461   0.00000000     0.00009236   0.00000000
   11    6
  0.00002956   0.00000000    -0.00114800   0.00000000    -0.00007112   0.00000000
 -0.00025527   0.00000000    -0.00091419   0.00000000    -0.00001939   0.00000000
 -0.00006246   0.00000000     0.00000504   0.00000000    -0.00159532   0.00000000
   11    7
 -0.01854344   0.00000000    -0.03084888   0.00000000     0.00001306   0.00000000
  0.00332581   0.00000000     0.00494253   0.00000000    -0.00002134   0.00000000
 -0.00004762   0.00000000     0.00000219   0.00000000    -0.00258143   0.00000000
   11    8
  0.00033763   0.00000000     0.00060999   0.00000000    -0.00001410   0.00000000
  0.00078497   0.00000000    -0.00085364   0.00000000    -0.00006317   0.00000000
  0.00005859   0.00000000    -0.00001710   0.00000000    -0.00015761   0.00000000
   11    9
 -0.00070322   0.00000000    -0.00009533   0.00000000    -0.00002807   0.00000000
 -0.00010462   0.00000000     0.00005798   0.00000000    -0.00003583   0.00000000
 -0.00002632   0.00000000    -0.00001512   0.00000000    -0.00000951   0.00000000
   11   10
 -0.00028511   0.00000000    -0.00011934   0.00000000     0.00001432   0.00000000
 -0.00012299   0.00000000    -0.00055755   0.00000000     0.00000749   0.00000000
  0.00004344   0.00000000     0.00001339   0.00000000     0.00006270   0.00000000
   11   11
  0.13969142   0.00000000     0.14010995   0.00000000     0.00002435   0.00000000
  0.14010995   0.00000000     0.29545401   0.00000000     0.00007421   0.00000000
  0.00002435   0.00000000     0.00007421   0.00000000     0.06133628   0.00000000
   11   12
  0.00024653   0.00000000    -0.00011771   0.00000000     0.00003838   0.00000000
 -0.00011771   0.00000000    -0.00038056   0.00000000     0.00007951   0.00000000
 -0.00003838   0.00000000    -0.00007951   0.00000000     0.00008416   0.00000000
   11   13
 -0.00019321   0.00000000    -0.00004014   0.00000000    -0.00004418   0.00000000
  0.00004014   0.00000000     0.00057674   0.00000000    -0.00005196   0.00000000
  0.00004418   0.00000000    -0.00005196   0.00000000     0.00019453   0.00000000
   11   14
 -0.00034998   0.00000000    -0.00006220   0.00000000    -0.00004511   0.00000000
  0.00006220   0.00000000    -0.00170201   0.00000000    -0.00003898   0.00000000
 -0.00004511   0.00000000     0.00003898   0.00000000    -0.00036856   0.00000000
   11   15
  0.00414402   0.00000000     0.00930464   0.00000000    -0.00080603   0.00000000
 -0.00935374   0.00000000    -0.01656660   0.00000000     0.00020538   0.00000000
 -0.01567200   0.00000000    -0.02549542   0.00000000    -0.00016525   0.00000000
   11   16
  0.00032259   0.00000000    -0.00019205   0.00000000     0.00013743   0.00000000
  0.00062089   0.00000000    -0.00045926   0.00000000     0.00027901   0.00000000
 -0.00004264   0.00000000     0.00006505   0.00000000     0.00011901   0.00000000
   11   17
 -0.00041296   0.00000000    -0.00040056   0.00000000    -0.00017897   0.00000000
  0.00038453   0.00000000     0.00028766   0.00000000    -0.00001814   0.00000000
  0.00012905   0.00000000    -0.00002950   0.00000000    -0.00006018   0.00000000
   11   18
 -0.00008553   0.00000000    -0.00025914   0.00000000     0.00014218   0.00000000
  0.00002541   0.00000000    -0.00081867   0.00000000     0.00029828   0.00000000
 -0.00016134   0.00000000     0.00020442   0.00000000    -0.00004525   0.00000000
   11   19
  0.00033153   0.00000000    -0.00017879   0.00000000    -0.00012748   0.00000000
  0.00060303   0.00000000    -0.00043909   0.00000000    -0.00022688   0.00000000
  0.00006312   0.00000000     0.00002854   0.00000000     0.00021252   0.00000000
   11   20
  0.00418573   0.00000000     0.00929418   0.00000000     0.00080863   0.00000000
 -0.00930965   0.00000000    -0.01657619   0.00000000    -0.00022918   0.00000000
  0.01568054   0.00000000     0.02543275   0.00000000    -0.00007718   0.00000000
   11   21
 -0.00015432   0.00000000    -0.00021594   0.00000000    -0.00014090   0.00000000
 -0.00006129   0.00000000    -0.00076331   0.00000000    -0.00028010   0.00000000
  0.00011263   0.00000000    -0.00024331   0.00000000    -0.00008086   0.00000000
   11   22
 -0.00038851   0.00000000    -0.00042229   0.00000000     0.00015205   0.00000000
  0.00039045   0.00000000     0.00023323   0.00000000    -0.00000126   0.00000000
 -0.00008171   0.00000000     0.00006132   0.00000000    -0.00013296   0.00000000
   12    1
 -0.00651173   0.00000000    -0.00449129   0.00000000     0.00013544   0.00000000
 -0.00052924   0.00000000    -0.00473949   0.00000000     0.00007994   0.00000000
 -0.00004168   0.00000000    -0.00005524   0.00000000    -0.00161927   0.00000000
   12    2
  0.00427082   0.00000000    -0.00008640   0.00000000    -0.00021126   0.00000000
 -0.00456375   0.00000000     0.00108572   0.00000000    -0.00002916   0.00000000
 -0.00008253   0.00000000    -0.00011986   0.00000000    -0.00063392   0.00000000
   12    3
 -0.00089481   0.00000000    -0.00022233   0.00000000    -0.00001683   0.00000000
 -0.00016389   0.00000000    -0.00152126   0.00000000     0.00004225   0.00000000
 -0.00003208   0.00000000    -0.00001524   0.00000000    -0.00081715   0.00000000
   12    4
 -0.12406124   0.00000000    -0.12070440   0.00000000     0.00001249   0.00000000
 -0.12209225   0.00000000    -0.25675718   0.00000000    -0.00001503   0.00000000
  0.00002749   0.00000000    -0.00002360   0.00000000    -0.05357515   0.00000000
   12    5
  0.00002956   0.00000000    -0.00114800   0.00000000     0.00007112   0.00000000
 -0.00025527   0.00000000    -0.00091419   0.00000000     0.00001939   0.00000000
  0.00006246   0.00000000    -0.00000504   0.00000000    -0.00159532   0.00000000
   12    6
 -0.00086332   0.00000000     0.00092821   0.00000000     0.00006074   0.00000000
 -0.00006635   0.00000000    -0.00002547   0.00000000     0.00002066   0.00000000
 -0.00003637   0.00000000     0.00003461   0.00000000     0.00009236   0.00000000
   12    7
  0.00033763   0.00000000     0.00060999   0.00000000     0.00001410   0.00000000
  0.00078497   0.00000000    -0.00085364   0.00000000     0.00006317   0.00000000
 -0.00005859   0.00000000     0.00001710   0.00000000    -0.00015761   0.00000000
   12    8
 -0.01854344   0.00000000    -0.03084888   0.00000000    -0.00001306   0.00000000
  0.00332581   0.00000000     0.00494253   0.00000000     0.00002134   0.00000000
  0.00004762   0.00000000    -0.00000219   0.00000000    -0.00258143   0.00000000
   12    9
 -0.00028511   0.00000000    -0.00011934   0.00000000    -0.00001432   0.00000000
 -0.00012299   0.00000000    -0.00055755   0.00000000    -0.00000749   0.00000000
 -0.00004344   0.00000000    -0.00001339   0.00000000     0.00006270   0.00000000
   12   10
 -0.00070322   0.00000000    -0.00009533   0.00000000     0.00002807   0.00000000
 -0.00010462   0.00000000     0.00005798   0.00000000     0.00003583   0.00000000
  0.00002632   0.00000000     0.00001512   0.00000000    -0.00000951   0.00000000
   12   11
  0.00024653   0.00000000    -0.00011771   0.00000000    -0.00003838   0.00000000
 -0.00011771   0.00000000    -0.00038056   0.00000000    -0.00007951   0.00000000
  0.00003838   0.00000000     0.00007951   0.00000000     0.00008416   0.00000000
   12   12
  0.13969142   0.00000000     0.14010995   0.00000000    -0.00002435   0.00000000
  0.14010995   0.00000000     0.29545401   0.00000000    -0.00007421   0.00000000
 -0.00002435   0.00000000    -0.00007421   0.00000000     0.06133628   0.00000000
   12   13
 -0.00034998   0.00000000    -0.00006220   0.00000000     0.00004511   0.00000000
  0.00006220   0.00000000    -0.00170201   0.00000000     0.00003898   0.00000000
  0.00004511   0.00000000    -0.00003898   0.00000000    -0.00036856   0.00000000
   12   14
 -0.00019321   0.00000000    -0.00004014   0.00000000     0.00004418   0.00000000
  0.00004014   0.00000000     0.00057674   0.00000000     0.00005196   0.00000000
 -0.00004418   0.00000000     0.00005196   0.00000000     0.00019453   0.00000000
   12   15
  0.00032259   0.00000000    -0.00019205   0.00000000    -0.00013743   0.00000000
  0.00062089   0.00000000    -0.00045926   0.00000000    -0.00027901   0.00000000
  0.00004264   0.00000000    -0.00006505   0.00000000     0.00011901   0.00000000
   12   16
  0.00414402   0.00000000     0.00930464   0.00000000     0.00080603   0.00000000
 -0.00935374   0.00000000    -0.01656660   0.00000000    -0.00020538   0.00000000
  0.01567200   0.00000000     0.02549542   0.00000000    -0.00016525   0.00000000
   12   17
 -0.00008553   0.00000000    -0.00025914   0.00000000    -0.00014218   0.00000000
  0.00002541   0.00000000    -0.00081867   0.00000000    -0.00029828   0.00000000
  0.00016134   0.00000000    -0.00020442   0.00000000    -0.00004525   0.00000000
   12   18
 -0.00041296   0.00000000    -0.00040056   0.00000000     0.00017897   0.00000000
  0.00038453   0.00000000     0.00028766   0.00000000     0.00001814   0.00000000
 -0.00012905   0.00000000     0.00002950   0.00000000    -0.00006018   0.00000000
   12   19
  0.00418573   0.00000000     0.00929418   0.00000000    -0.00080863   0.00000000
 -0.00930965   0.00000000    -0.01657619   0.00000000     0.00022918   0.00000000
 -0.01568054   0.00000000    -0.02543275   0.00000000    -0.00007718   0.00000000
   12   20
  0.00033153   0.00000000    -0.00017879   0.00000000     0.00012748   0.00000000
  0.00060303   0.00000000    -0.00043909   0.00000000     0.00022688   0.00000000
 -0.00006312   0.00000000    -0.00002854   0.00000000     0.00021252   0.00000000
   12   21
 -0.00038851   0.00000000    -0.00042229   0.00000000    -0.00015205   0.00000000
  0.00039045   0.00000000     0.00023323   0.00000000     0.00000126   0.00000000
  0.00008171   0.00000000    -0.00006132   0.00000000    -0.00013296   0.00000000
   12   22
 -0.00015432   0.00000000    -0.00021594   0.00000000     0.00014090   0.00000000
 -0.00006129   0.00000000    -0.00076331   0.00000000     0.00028010   0.00000000
 -0.00011263   0.00000000     0.00024331   0.00000000    -0.00008086   0.00000000
   13    1
  0.00427082   0.00000000     0.00008640   0.00000000    -0.00021126   0.00000000
  0.00456375   0.00000000     0.00108572   0.00000000     0.00002916   0.00000000
 -0.00008253   0.00000000     0.00011986   0.00000000    -0.00063392   0.00000000
   13    2
 -0.00651173   0.00000000     0.00449129   0.00000000     0.00013544   0.00000000
  0.00052924   0.00000000    -0.00473949   0.00000000    -0.00007994   0.00000000
 -0.00004168   0.00000000     0.00005524   0.00000000    -0.00161927   0.00000000
   13    3
 -0.00086332   0.00000000    -0.00092821   0.00000000     0.00006074   0.00000000
  0.00006635   0.00000000    -0.00002547   0.00000000    -0.00002066   0.00000000
 -0.00003637   0.00000000    -0.00003461   0.00000000     0.00009236   0.00000000
   13    4
  0.00002956   0.00000000     0.00114800   0.00000000     0.00007112   0.00000000
  0.00025527   0.00000000    -0.00091419   0.00000000    -0.00001939   0.00000000
  0.00006246   0.00000000     0.00000504   0.00000000    -0.00159532   0.00000000
   13    5
 -0.12406124   0.00000000     0.12070440   0.00000000     0.00001249   0.00000000
  0.12209225   0.00000000    -0.25675718   0.00000000     0.00001503   0.00000000
  0.00002749   0.00000000     0.00002360   0.00000000    -0.05357515   0.00000000
   13    6
 -0.00089481   0.00000000     0.00022233   0.00000000    -0.00001683   0.00000000
  0.00016389   0.00000000    -0.00152126   0.00000000    -0.00004225   0.00000000
 -0.00003208   0.00000000     0.00001524   0.00000000    -0.00081715   0.00000000
   13    7
 -0.00070322   0.00000000     0.00009533   0.00000000     0.00002807   0.00000000
  0.00010462   0.00000000     0.00005798   0.00000000    -0.00003583   0.00000000
  0.00002632   0.00000000    -0.00001512   0.00000000    -0.00000951   0.00000000
   13    8
 -0.00028511   0.00000000     0.00011934   0.00000000    -0.00001432   0.00000000
  0.00012299   0.00000000    -0.00055755   0.00000000     0.00000749   0.00000000
 -0.00004344   0.00000000     0.00001339   0.00000000     0.00006270   0.00000000
   13    9
 -0.01854344   0.00000000     0.03084888   0.00000000    -0.00001306   0.00000000
 -0.00332581   0.00000000     0.00494253   0.00000000    -0.00002134   0.00000000
  0.00004762   0.00000000     0.00000219   0.00000000    -0.00258143   0.00000000
   13   10
  0.00033763   0.00000000    -0.00060999   0.00000000     0.00001410   0.00000000
 -0.00078497   0.00000000    -0.00085364   0.00000000    -0.00006317   0.00000000
 -0.00005859   0.00000000    -0.00001710   0.00000000    -0.00015761   0.00000000
   13   11
 -0.00019321   0.00000000     0.00004014   0.00000000     0.00004418   0.00000000
 -0.00004014   0.00000000     0.00057674   0.00000000    -0.00005196   0.00000000
 -0.00004418   0.00000000    -0.00005196   0.00000000     0.00019453   0.00000000
   13   12
 -0.00034998   0.00000000     0.00006220   0.00000000     0.00004511   0.00000000
 -0.00006220   0.00000000    -0.00170201   0.00000000    -0.00003898   0.00000000
  0.00004511   0.00000000     0.00003898   0.00000000    -0.00036856   0.00000000
   13   13
  0.13969142   0.00000000    -0.14010995   0.00000000    -0.00002435   0.00000000
 -0.14010995   0.00000000     0.29545401   0.00000000     0.00007421   0.00000000
 -0.00002435   0.00000000     0.00007421   0.00000000     0.06133628   0.00000000
   13   14
  0.00024653   0.00000000     0.00011771   0.00000000    -0.00003838   0.00000000
  0.00011771   0.00000000    -0.00038056   0.00000000     0.00007951   0.00000000
  0.00003838   0.00000000    -0.00007951   0.00000000     0.00008416   0.00000000
   13   15
 -0.00041296   0.00000000     0.00040056   0.00000000     0.00017897   0.00000000
 -0.00038453   0.00000000     0.00028766   0.00000000    -0.00001814   0.00000000
 -0.00012905   0.00000000    -0.00002950   0.00000000    -0.00006018   0.00000000
   13   16
 -0.00008553   0.00000000     0.00025914   0.00000000    -0.00014218   0.00000000
 -0.00002541   0.00000000    -0.00081867   0.00000000     0.00029828   0.00000000
  0.00016134   0.00000000     0.00020442   0.00000000    -0.00004525   0.00000000
   13   17
  0.00414402   0.00000000    -0.00930464   0.00000000     0.00080603   0.00000000
  0.00935374   0.00000000    -0.01656660   0.00000000     0.00020538   0.00000000
  0.01567200   0.00000000    -0.02549542   0.00000000    -0.00016525   0.00000000
   13   18
  0.00032259   0.00000000     0.00019205   0.00000000    -0.00013743   0.00000000
 -0.00062089   0.00000000    -0.00045926   0.00000000     0.00027901   0.00000000
  0.00004264   0.00000000     0.00006505   0.00000000     0.00011901   0.00000000
   13   19
 -0.00015432   0.00000000     0.00021594   0.00000000     0.00014090   0.00000000
  0.00006129   0.00000000    -0.00076331   0.00000000    -0.00028010   0.00000000
 -0.00011263   0.00000000    -0.00024331   0.00000000    -0.00008086   0.00000000
   13   20
 -0.00038851   0.00000000     0.00042229   0.00000000    -0.00015205   0.00000000
 -0.00039045   0.00000000     0.00023323   0.00000000    -0.00000126   0.00000000
  0.00008171   0.00000000     0.00006132   0.00000000    -0.00013296   0.00000000
   13   21
  0.00033153   0.00000000     0.00017879   0.00000000     0.00012748   0.00000000
 -0.00060303   0.00000000    -0.00043909   0.00000000    -0.00022688   0.00000000
 -0.00006312   0.00000000     0.00002854   0.00000000     0.00021252   0.00000000
   13   22
  0.00418573   0.00000000    -0.00929418   0.00000000    -0.00080863   0.00000000
  0.00930965   0.00000000    -0.01657619   0.00000000    -0.00022918   0.00000000
 -0.01568054   0.00000000     0.02543275   0.00000000    -0.00007718   0.00000000
   14    1
  0.00427082   0.00000000     0.00008640   0.00000000     0.00021126   0.00000000
  0.00456375   0.00000000     0.00108572   0.00000000    -0.00002916   0.00000000
  0.00008253   0.00000000    -0.00011986   0.00000000    -0.00063392   0.00000000
   14    2
 -0.00651173   0.00000000     0.00449129   0.00000000    -0.00013544   0.00000000
  0.00052924   0.00000000    -0.00473949   0.00000000     0.00007994   0.00000000
  0.00004168   0.00000000    -0.00005524   0.00000000    -0.00161927   0.00000000
   14    3
  0.00002956   0.00000000     0.00114800   0.00000000    -0.00007112   0.00000000
  0.00025527   0.00000000    -0.00091419   0.00000000     0.00001939   0.00000000
 -0.00006246   0.00000000    -0.00000504   0.00000000    -0.00159532   0.00000000
   14    4
 -0.00086332   0.00000000    -0.00092821   0.00000000    -0.00006074   0.00000000
  0.00006635   0.00000000    -0.00002547   0.00000000     0.00002066   0.00000000
  0.00003637   0.00000000     0.00003461   0.00000000     0.00009236   0.00000000
   14    5
 -0.00089481   0.00000000     0.00022233   0.00000000     0.00001683   0.00000000
  0.00016389   0.00000000    -0.00152126   0.00000000     0.00004225   0.00000000
  0.00003208   0.00000000    -0.00001524   0.00000000    -0.00081715   0.00000000
   14    6
 -0.12406124   0.00000000     0.12070440   0.00000000    -0.00001249   0.00000000
  0.12209225   0.00000000    -0.25675718   0.00000000    -0.00001503   0.00000000
 -0.00002749   0.00000000    -0.00002360   0.00000000    -0.05357515   0.00000000
   14    7
 -0.00028511   0.00000000     0.00011934   0.00000000     0.00001432   0.00000000
  0.00012299   0.00000000    -0.00055755   0.00000000    -0.00000749   0.00000000
  0.00004344   0.00000000    -0.00001339   0.00000000     0.00006270   0.00000000
   14    8
 -0.00070322   0.00000000     0.00009533   0.00000000    -0.00002807   0.00000000
  0.00010462   0.00000000     0.00005798   0.00000000     0.00003583   0.00000000
 -0.00002632   0.00000000     0.00001512   0.00000000    -0.00000951   0.00000000
   14    9
  0.00033763   0.00000000    -0.00060999   0.00000000    -0.00001410   0.00000000
 -0.00078497   0.00000000    -0.00085364   0.00000000     0.00006317   0.00000000
  0.00005859   0.00000000     0.00001710   0.00000000    -0.00015761   0.00000000
   14   10
 -0.01854344   0.00000000     0.03084888   0.00000000     0.00001306   0.00000000
 -0.00332581   0.00000000     0.00494253   0.00000000     0.00002134   0.00000000
 -0.00004762   0.00000000    -0.00000219   0.00000000    -0.00258143   0.00000000
   14   11
 -0.00034998   0.00000000     0.00006220   0.00000000    -0.00004511   0.00000000
 -0.00006220   0.00000000    -0.00170201   0.00000000     0.00003898   0.00000000
 -0.00004511   0.00000000    -0.00003898   0.00000000    -0.00036856   0.00000000
   14   12
 -0.00019321   0.00000000     0.00004014   0.00000000    -0.00004418   0.00000000
 -0.00004014   0.00000000     0.00057674   0.00000000     0.00005196   0.00000000
  0.00004418   0.00000000     0.00005196   0.00000000     0.00019453   0.00000000
   14   13
  0.00024653   0.00000000     0.00011771   0.00000000     0.00003838   0.00000000
  0.00011771   0.00000000    -0.00038056   0.00000000    -0.00007951   0.00000000
 -0.00003838   0.00000000     0.00007951   0.00000000     0.00008416   0.00000000
   14   14
  0.13969142   0.00000000    -0.14010995   0.00000000     0.00002435   0.00000000
 -0.14010995   0.00000000     0.29545401   0.00000000    -0.00007421   0.00000000
  0.00002435   0.00000000    -0.00007421   0.00000000     0.06133628   0.00000000
   14   15
 -0.00008553   0.00000000     0.00025914   0.00000000     0.00014218   0.00000000
 -0.00002541   0.00000000    -0.00081867   0.00000000    -0.00029828   0.00000000
 -0.00016134   0.00000000    -0.00020442   0.00000000    -0.00004525   0.00000000
   14   16
 -0.00041296   0.00000000     0.00040056   0.00000000    -0.00017897   0.00000000
 -0.00038453   0.00000000     0.00028766   0.00000000     0.00001814   0.00000000
  0.00012905   0.00000000     0.00002950   0.00000000    -0.00006018   0.00000000
   14   17
  0.00032259   0.00000000     0.00019205   0.00000000     0.00013743   0.00000000
 -0.00062089   0.00000000    -0.00045926   0.00000000    -0.00027901   0.00000000
 -0.00004264   0.00000000    -0.00006505   0.00000000     0.00011901   0.00000000
   14   18
  0.00414402   0.00000000    -0.00930464   0.00000000    -0.00080603   0.00000000
  0.00935374   0.00000000    -0.01656660   0.00000000    -0.00020538   0.00000000
 -0.01567200   0.00000000     0.02549542   0.00000000    -0.00016525   0.00000000
   14   19
 -0.00038851   0.00000000     0.00042229   0.00000000     0.00015205   0.00000000
 -0.00039045   0.00000000     0.00023323   0.00000000     0.00000126   0.00000000
 -0.00008171   0.00000000    -0.00006132   0.00000000    -0.00013296   0.00000000
   14   20
 -0.00015432   0.00000000     0.00021594   0.00000000    -0.00014090   0.00000000
  0.00006129   0.00000000    -0.00076331   0.00000000     0.00028010   0.00000000
  0.00011263   0.00000000     0.00024331   0.00000000    -0.00008086   0.00000000
   14   21
  0.00418573   0.00000000    -0.00929418   0.00000000     0.00080863   0.00000000
  0.00930965   0.00000000    -0.01657619   0.00000000     0.00022918   0.00000000
  0.01568054   0.00000000    -0.02543275   0.00000000    -0.00007718   0.00000000
   14   22
  0.00033153   0.00000000     0.00017879   0.00000000    -0.00012748   0.00000000
 -0.00060303   0.00000000    -0.00043909   0.00000000     0.00022688   0.00000000
  0.00006312   0.00000000    -0.00002854   0.00000000     0.00021252   0.00000000
   15    1
 -0.00245016   0.00000000    -0.00129713   0.00000000     0.00098607   0.00000000
 -0.00089848   0.00000000    -0.00238200   0.00000000    -0.00041075   0.00000000
 -0.00091643   0.00000000     0.00256499   0.00000000     0.00244483   0.00000000
   15    2
 -0.00317897   0.00000000     0.00178360   0.00000000    -0.00214693   0.00000000
  0.00040519   0.00000000     0.00103380   0.00000000     0.00006883   0.00000000
 -0.00111152   0.00000000    -0.00043527   0.00000000    -0.00316394   0.00000000
   15    3
 -0.06103439   0.00000000     0.03790018   0.00000000     0.05207419   0.00000000
  0.03764823   0.00000000    -0.13243534   0.00000000    -0.12852393   0.00000000
  0.05197547   0.00000000    -0.12871901   0.00000000    -0.25694411   0.00000000
   15    4
 -0.00103992   0.00000000     0.00022953   0.00000000     0.00021043   0.00000000
  0.00018273   0.00000000    -0.00092720   0.00000000    -0.00026259   0.00000000
  0.00021765   0.00000000     0.00009111   0.00000000    -0.00043233   0.00000000
   15    5
 -0.00070292   0.00000000     0.00068573   0.00000000     0.00005201   0.00000000
 -0.00009857   0.00000000    -0.00048605   0.00000000    -0.00021276   0.00000000
  0.00062376   0.00000000    -0.00041033   0.00000000    -0.00074594   0.00000000
   15    6
 -0.00013793   0.00000000     0.00028631   0.00000000     0.00028851   0.00000000
  0.00052444   0.00000000    -0.00066316   0.00000000    -0.00012865   0.00000000
  0.00045871   0.00000000    -0.00069944   0.00000000    -0.00065213   0.00000000
   15    7
 -0.00718819   0.00000000     0.01948783   0.00000000     0.02983284   0.00000000
  0.00084240   0.00000000    -0.00407940   0.00000000    -0.00489801   0.00000000
  0.00057476   0.00000000     0.00064534   0.00000000     0.00020783   0.00000000
   15    8
 -0.00013673   0.00000000     0.00011371   0.00000000     0.00007447   0.00000000
  0.00090196   0.00000000    -0.00034064   0.00000000    -0.00017397   0.00000000
  0.00017410   0.00000000    -0.00013267   0.00000000     0.00010829   0.00000000
   15    9
 -0.00138305   0.00000000    -0.00031759   0.00000000     0.00045860   0.00000000
  0.00035104   0.00000000     0.00031660   0.00000000     0.00036215   0.00000000
  0.00053686   0.00000000     0.00005286   0.00000000    -0.00009662   0.00000000
   15   10
 -0.00004610   0.00000000     0.00023919   0.00000000    -0.00000451   0.00000000
 -0.00020831   0.00000000    -0.00056077   0.00000000    -0.00013199   0.00000000
  0.00002785   0.00000000    -0.00026413   0.00000000    -0.00013154   0.00000000
   15   11
  0.00414402   0.00000000    -0.00935374   0.00000000    -0.01567200   0.00000000
  0.00930464   0.00000000    -0.01656660   0.00000000    -0.02549542   0.00000000
 -0.00080603   0.00000000     0.00020538   0.00000000    -0.00016525   0.00000000
   15   12
  0.00032259   0.00000000     0.00062089   0.00000000     0.00004264   0.00000000
 -0.00019205   0.00000000    -0.00045926   0.00000000    -0.00006505   0.00000000
 -0.00013743   0.00000000    -0.00027901   0.00000000     0.00011901   0.00000000
   15   13
 -0.00041296   0.00000000    -0.00038453   0.00000000    -0.00012905   0.00000000
  0.00040056   0.00000000     0.00028766   0.00000000    -0.00002950   0.00000000
  0.00017897   0.00000000    -0.00001814   0.00000000    -0.00006018   0.00000000
   15   14
 -0.00008553   0.00000000    -0.00002541   0.00000000    -0.00016134   0.00000000
  0.00025914   0.00000000    -0.00081867   0.00000000    -0.00020442   0.00000000
  0.00014218   0.00000000    -0.00029828   0.00000000    -0.00004525   0.00000000
   15   15
  0.07273140   0.00000000    -0.04461589   0.00000000    -0.05905639   0.00000000
 -0.04461589   0.00000000     0.14686778   0.00000000     0.14389334   0.00000000
 -0.05905639   0.00000000     0.14389334   0.00000000     0.28284660   0.00000000
   15   16
 -0.00015930   0.00000000     0.00051725   0.00000000    -0.00009920   0.00000000
  0.00051725   0.00000000    -0.00052606   0.00000000     0.00001190   0.00000000
  0.00009920   0.00000000    -0.00001190   0.00000000     0.00011428   0.00000000
   15   17
 -0.00005036   0.00000000    -0.00020194   0.00000000     0.00005515   0.00000000
  0.00020194   0.00000000     0.00020445   0.00000000     0.00014080   0.00000000
 -0.00005515   0.00000000     0.00014080   0.00000000     0.00017419   0.00000000
   15   18
  0.00013146   0.00000000     0.00015497   0.00000000    -0.00022686   0.00000000
 -0.00015497   0.00000000    -0.00012693   0.00000000    -0.00004531   0.00000000
 -0.00022686   0.00000000     0.00004531   0.00000000     0.00004437   0.00000000
   15   19
 -0.00023191   0.00000000     0.00052207   0.00000000     0.00005310   0.00000000
  0.00049516   0.00000000    -0.00054518   0.00000000     0.00002373   0.00000000
  0.00002880   0.00000000    -0.00000392   0.00000000    -0.00011791   0.00000000
   15   20
  0.00117061   0.00000000    -0.00601957   0.00000000    -0.00709340   0.00000000
 -0.00608371   0.00000000     0.01243442   0.00000000     0.01650263   0.00000000
  0.00702277   0.00000000    -0.01647318   0.00000000    -0.02303072   0.00000000
   15   21
  0.00004694   0.00000000     0.00011709   0.00000000     0.00005953   0.00000000
 -0.00006591   0.00000000    -0.00040086   0.00000000    -0.00029188   0.00000000
 -0.00001323   0.00000000    -0.00034093   0.00000000    -0.00014102   0.00000000
   15   22
 -0.00010605   0.00000000    -0.00038993   0.00000000     0.00032067   0.00000000
  0.00037050   0.00000000     0.00022706   0.00000000    -0.00019265   0.00000000
  0.00030287   0.00000000     0.00029065   0.00000000    -0.00015366   0.00000000
   16    1
 -0.00245016   0.00000000    -0.00129713   0.00000000    -0.00098607   0.00000000
 -0.00089848   0.00000000    -0.00238200   0.00000000     0.00041075   0.00000000
  0.00091643   0.00000000    -0.00256499   0.00000000     0.00244483   0.00000000
   16    2
 -0.00317897   0.00000000     0.00178360   0.00000000     0.00214693   0.00000000
  0.00040519   0.00000000     0.00103380   0.00000000    -0.00006883   0.00000000
  0.00111152   0.00000000     0.00043527   0.00000000    -0.00316394   0.00000000
   16    3
 -0.00103992   0.00000000     0.00022953   0.00000000    -0.00021043   0.00000000
  0.00018273   0.00000000    -0.00092720   0.00000000     0.00026259   0.00000000
 -0.00021765   0.00000000    -0.00009111   0.00000000    -0.00043233   0.00000000
   16    4
 -0.06103439   0.00000000     0.03790018   0.00000000    -0.05207419   0.00000000
  0.03764823   0.00000000    -0.13243534   0.00000000     0.12852393   0.00000000
 -0.05197547   0.00000000     0.12871901   0.00000000    -0.25694411   0.00000000
   16    5
 -0.00013793   0.00000000     0.00028631   0.00000000    -0.00028851   0.00000000
  0.00052444   0.00000000    -0.00066316   0.00000000     0.00012865   0.00000000
 -0.00045871   0.00000000     0.00069944   0.00000000    -0.00065213   0.00000000
   16    6
 -0.00070292   0.00000000     0.00068573   0.00000000    -0.00005201   0.00000000
 -0.00009857   0.00000000    -0.00048605   0.00000000     0.00021276   0.00000000
 -0.00062376   0.00000000     0.00041033   0.00000000    -0.00074594   0.00000000
   16    7
 -0.00013673   0.00000000     0.00011371   0.00000000    -0.00007447   0.00000000
  0.00090196   0.00000000    -0.00034064   0.00000000     0.00017397   0.00000000
 -0.00017410   0.00000000     0.00013267   0.00000000     0.00010829   0.00000000
   16    8
 -0.00718819   0.00000000     0.01948783   0.00000000    -0.02983284   0.00000000
  0.00084240   0.00000000    -0.00407940   0.00000000     0.00489801   0.00000000
 -0.00057476   0.00000000    -0.00064534   0.00000000     0.00020783   0.00000000
   16    9
 -0.00004610   0.00000000     0.00023919   0.00000000     0.00000451   0.00000000
 -0.00020831   0.00000000    -0.00056077   0.00000000     0.00013199   0.00000000
 -0.00002785   0.00000000     0.00026413   0.00000000    -0.00013154   0.00000000
   16   10
 -0.00138305   0.00000000    -0.00031759   0.00000000    -0.00045860   0.00000000
  0.00035104   0.00000000     0.00031660   0.00000000    -0.00036215   0.00000000
 -0.00053686   0.00000000    -0.00005286   0.00000000    -0.00009662   0.00000000
   16   11
  0.00032259   0.00000000     0.00062089   0.00000000    -0.00004264   0.00000000
 -0.00019205   0.00000000    -0.00045926   0.00000000     0.00006505   0.00000000
  0.00013743   0.00000000     0.00027901   0.00000000     0.00011901   0.00000000
   16   12
  0.00414402   0.00000000    -0.00935374   0.00000000     0.01567200   0.00000000
  0.00930464   0.00000000    -0.01656660   0.00000000     0.02549542   0.00000000
  0.00080603   0.00000000    -0.00020538   0.00000000    -0.00016525   0.00000000
   16   13
 -0.00008553   0.00000000    -0.00002541   0.00000000     0.00016134   0.00000000
  0.00025914   0.00000000    -0.00081867   0.00000000     0.00020442   0.00000000
 -0.00014218   0.00000000     0.00029828   0.00000000    -0.00004525   0.00000000
   16   14
 -0.00041296   0.00000000    -0.00038453   0.00000000     0.00012905   0.00000000
  0.00040056   0.00000000     0.00028766   0.00000000     0.00002950   0.00000000
 -0.00017897   0.00000000     0.00001814   0.00000000    -0.00006018   0.00000000
   16   15
 -0.00015930   0.00000000     0.00051725   0.00000000     0.00009920   0.00000000
  0.00051725   0.00000000    -0.00052606   0.00000000    -0.00001190   0.00000000
 -0.00009920   0.00000000     0.00001190   0.00000000     0.00011428   0.00000000
   16   16
  0.07273140   0.00000000    -0.04461589   0.00000000     0.05905639   0.00000000
 -0.04461589   0.00000000     0.14686778   0.00000000    -0.14389334   0.00000000
  0.05905639   0.00000000    -0.14389334   0.00000000     0.28284660   0.00000000
   16   17
  0.00013146   0.00000000     0.00015497   0.00000000     0.00022686   0.00000000
 -0.00015497   0.00000000    -0.00012693   0.00000000     0.00004531   0.00000000
  0.00022686   0.00000000    -0.00004531   0.00000000     0.00004437   0.00000000
   16   18
 -0.00005036   0.00000000    -0.00020194   0.00000000    -0.00005515   0.00000000
  0.00020194   0.00000000     0.00020445   0.00000000    -0.00014080   0.00000000
  0.00005515   0.00000000    -0.00014080   0.00000000     0.00017419   0.00000000
   16   19
  0.00117061   0.00000000    -0.00601957   0.00000000     0.00709340   0.00000000
 -0.00608371   0.00000000     0.01243442   0.00000000    -0.01650263   0.00000000
 -0.00702277   0.00000000     0.01647318   0.00000000    -0.02303072   0.00000000
   16   20
 -0.00023191   0.00000000     0.00052207   0.00000000    -0.00005310   0.00000000
  0.00049516   0.00000000    -0.00054518   0.00000000    -0.00002373   0.00000000
 -0.00002880   0.00000000     0.00000392   0.00000000    -0.00011791   0.00000000
   16   21
 -0.00010605   0.00000000    -0.00038993   0.00000000    -0.00032067   0.00000000
  0.00037050   0.00000000     0.00022706   0.00000000     0.00019265   0.00000000
 -0.00030287   0.00000000    -0.00029065   0.00000000    -0.00015366   0.00000000
   16   22
  0.00004694   0.00000000     0.00011709   0.00000000    -0.00005953   0.00000000
 -0.00006591   0.00000000    -0.00040086   0.00000000     0.00029188   0.00000000
  0.00001323   0.00000000     0.00034093   0.00000000    -0.00014102   0.00000000
   17    1
 -0.00317897   0.00000000    -0.00178360   0.00000000     0.00214693   0.00000000
 -0.00040519   0.00000000     0.00103380   0.00000000     0.00006883   0.00000000
  0.00111152   0.00000000    -0.00043527   0.00000000    -0.00316394   0.00000000
   17    2
 -0.00245016   0.00000000     0.00129713   0.00000000    -0.00098607   0.00000000
  0.00089848   0.00000000    -0.00238200   0.00000000    -0.00041075   0.00000000
  0.00091643   0.00000000     0.00256499   0.00000000     0.00244483   0.00000000
   17    3
 -0.00070292   0.00000000    -0.00068573   0.00000000    -0.00005201   0.00000000
  0.00009857   0.00000000    -0.00048605   0.00000000    -0.00021276   0.00000000
 -0.00062376   0.00000000    -0.00041033   0.00000000    -0.00074594   0.00000000
   17    4
 -0.00013793   0.00000000    -0.00028631   0.00000000    -0.00028851   0.00000000
 -0.00052444   0.00000000    -0.00066316   0.00000000    -0.00012865   0.00000000
 -0.00045871   0.00000000    -0.00069944   0.00000000    -0.00065213   0.00000000
   17    5
 -0.06103439   0.00000000    -0.03790018   0.00000000    -0.05207419   0.00000000
 -0.03764823   0.00000000    -0.13243534   0.00000000    -0.12852393   0.00000000
 -0.05197547   0.00000000    -0.12871901   0.00000000    -0.25694411   0.00000000
   17    6
 -0.00103992   0.00000000    -0.00022953   0.00000000    -0.00021043   0.00000000
 -0.00018273   0.00000000    -0.00092720   0.00000000    -0.00026259   0.00000000
 -0.00021765   0.00000000     0.00009111   0.00000000    -0.00043233   0.00000000
   17    7
 -0.00138305   0.00000000     0.00031759   0.00000000    -0.00045860   0.00000000
 -0.00035104   0.00000000     0.00031660   0.00000000     0.00036215   0.00000000
 -0.00053686   0.00000000     0.00005286   0.00000000    -0.00009662   0.00000000
   17    8
 -0.00004610   0.00000000    -0.00023919   0.00000000     0.00000451   0.00000000
  0.00020831   0.00000000    -0.00056077   0.00000000    -0.00013199   0.00000000
 -0.00002785   0.00000000    -0.00026413   0.00000000    -0.00013154   0.00000000
   17    9
 -0.00718819   0.00000000    -0.01948783   0.00000000    -0.02983284   0.00000000
 -0.00084240   0.00000000    -0.00407940   0.00000000    -0.00489801   0.00000000
 -0.00057476   0.00000000     0.00064534   0.00000000     0.00020783   0.00000000
   17   10
 -0.00013673   0.00000000    -0.00011371   0.00000000    -0.00007447   0.00000000
 -0.00090196   0.00000000    -0.00034064   0.00000000    -0.00017397   0.00000000
 -0.00017410   0.00000000    -0.00013267   0.00000000     0.00010829   0.00000000
   17   11
 -0.00041296   0.00000000     0.00038453   0.00000000     0.00012905   0.00000000
 -0.00040056   0.00000000     0.00028766   0.00000000    -0.00002950   0.00000000
 -0.00017897   0.00000000    -0.00001814   0.00000000    -0.00006018   0.00000000
   17   12
 -0.00008553   0.00000000     0.00002541   0.00000000     0.00016134   0.00000000
 -0.00025914   0.00000000    -0.00081867   0.00000000    -0.00020442   0.00000000
 -0.00014218   0.00000000    -0.00029828   0.00000000    -0.00004525   0.00000000
   17   13
  0.00414402   0.00000000     0.00935374   0.00000000     0.01567200   0.00000000
 -0.00930464   0.00000000    -0.01656660   0.00000000    -0.02549542   0.00000000
  0.00080603   0.00000000     0.00020538   0.00000000    -0.00016525   0.00000000
   17   14
  0.00032259   0.00000000    -0.00062089   0.00000000    -0.00004264   0.00000000
  0.00019205   0.00000000    -0.00045926   0.00000000    -0.00006505   0.00000000
  0.00013743   0.00000000    -0.00027901   0.00000000     0.00011901   0.00000000
   17   15
 -0.00005036   0.00000000     0.00020194   0.00000000    -0.00005515   0.00000000
 -0.00020194   0.00000000     0.00020445   0.00000000     0.00014080   0.00000000
  0.00005515   0.00000000     0.00014080   0.00000000     0.00017419   0.00000000
   17   16
  0.00013146   0.00000000    -0.00015497   0.00000000     0.00022686   0.00000000
  0.00015497   0.00000000    -0.00012693   0.00000000    -0.00004531   0.00000000
  0.00022686   0.00000000     0.00004531   0.00000000     0.00004437   0.00000000
   17   17
  0.07273140   0.00000000     0.04461589   0.00000000     0.05905639   0.00000000
  0.04461589   0.00000000     0.14686778   0.00000000     0.14389334   0.00000000
  0.05905639   0.00000000     0.14389334   0.00000000     0.28284660   0.00000000
   17   18
 -0.00015930   0.00000000    -0.00051725   0.00000000     0.00009920   0.00000000
 -0.00051725   0.00000000    -0.00052606   0.00000000     0.00001190   0.00000000
 -0.00009920   0.00000000    -0.00001190   0.00000000     0.00011428   0.00000000
   17   19
  0.00004694   0.00000000    -0.00011709   0.00000000    -0.00005953   0.00000000
  0.00006591   0.00000000    -0.00040086   0.00000000    -0.00029188   0.00000000
  0.00001323   0.00000000    -0.00034093   0.00000000    -0.00014102   0.00000000
   17   20
 -0.00010605   0.00000000     0.00038993   0.00000000    -0.00032067   0.00000000
 -0.00037050   0.00000000     0.00022706   0.00000000    -0.00019265   0.00000000
 -0.00030287   0.00000000     0.00029065   0.00000000    -0.00015366   0.00000000
   17   21
 -0.00023191   0.00000000    -0.00052207   0.00000000    -0.00005310   0.00000000
 -0.00049516   0.00000000    -0.00054518   0.00000000     0.00002373   0.00000000
 -0.00002880   0.00000000    -0.00000392   0.00000000    -0.00011791   0.00000000
   17   22
  0.00117061   0.00000000     0.00601957   0.00000000     0.00709340   0.00000000
  0.00608371   0.00000000     0.01243442   0.00000000     0.01650263   0.00000000
 -0.00702277   0.00000000    -0.01647318   0.00000000    -0.02303072   0.00000000
   18    1
 -0.00317897   0.00000000    -0.00178360   0.00000000    -0.00214693   0.00000000
 -0.00040519   0.00000000     0.00103380   0.00000000    -0.00006883   0.00000000
 -0.00111152   0.00000000     0.00043527   0.00000000    -0.00316394   0.00000000
   18    2
 -0.00245016   0.00000000     0.00129713   0.00000000     0.00098607   0.00000000
  0.00089848   0.00000000    -0.00238200   0.00000000     0.00041075   0.00000000
 -0.00091643   0.00000000    -0.00256499   0.00000000     0.00244483   0.00000000
   18    3
 -0.00013793   0.00000000    -0.00028631   0.00000000     0.00028851   0.00000000
 -0.00052444   0.00000000    -0.00066316   0.00000000     0.00012865   0.00000000
  0.00045871   0.00000000     0.00069944   0.00000000    -0.00065213   0.00000000
   18    4
 -0.00070292   0.00000000    -0.00068573   0.00000000     0.00005201   0.00000000
  0.00009857   0.00000000    -0.00048605   0.00000000     0.00021276   0.00000000
  0.00062376   0.00000000     0.00041033   0.00000000    -0.00074594   0.00000000
   18    5
 -0.00103992   0.00000000    -0.00022953   0.00000000     0.00021043   0.00000000
 -0.00018273   0.00000000    -0.00092720   0.00000000     0.00026259   0.00000000
  0.00021765   0.00000000    -0.00009111   0.00000000    -0.00043233   0.00000000
   18    6
 -0.06103439   0.00000000    -0.03790018   0.00000000     0.05207419   0.00000000
 -0.03764823   0.00000000    -0.13243534   0.00000000     0.12852393   0.00000000
  0.05197547   0.00000000     0.12871901   0.00000000    -0.25694411   0.00000000
   18    7
 -0.00004610   0.00000000    -0.00023919   0.00000000    -0.00000451   0.00000000
  0.00020831   0.00000000    -0.00056077   0.00000000     0.00013199   0.00000000
  0.00002785   0.00000000     0.00026413   0.00000000    -0.00013154   0.00000000
   18    8
 -0.00138305   0.00000000     0.00031759   0.00000000     0.00045860   0.00000000
 -0.00035104   0.00000000     0.00031660   0.00000000    -0.00036215   0.00000000
  0.00053686   0.00000000    -0.00005286   0.00000000    -0.00009662   0.00000000
   18    9
 -0.00013673   0.00000000    -0.00011371   0.00000000     0.00007447   0.00000000
 -0.00090196   0.00000000    -0.00034064   0.00000000     0.00017397   0.00000000
  0.00017410   0.00000000     0.00013267   0.00000000     0.00010829   0.00000000
   18   10
 -0.00718819   0.00000000    -0.01948783   0.00000000     0.02983284   0.00000000
 -0.00084240   0.00000000    -0.00407940   0.00000000     0.00489801   0.00000000
  0.00057476   0.00000000    -0.00064534   0.00000000     0.00020783   0.00000000
   18   11
 -0.00008553   0.00000000     0.00002541   0.00000000    -0.00016134   0.00000000
 -0.00025914   0.00000000    -0.00081867   0.00000000     0.00020442   0.00000000
  0.00014218   0.00000000     0.00029828   0.00000000    -0.00004525   0.00000000
   18   12
 -0.00041296   0.00000000     0.00038453   0.00000000    -0.00012905   0.00000000
 -0.00040056   0.00000000     0.00028766   0.00000000     0.00002950   0.00000000
  0.00017897   0.00000000     0.00001814   0.00000000    -0.00006018   0.00000000
   18   13
  0.00032259   0.00000000    -0.00062089   0.00000000     0.00004264   0.00000000
  0.00019205   0.00000000    -0.00045926   0.00000000     0.00006505   0.00000000
 -0.00013743   0.00000000     0.00027901   0.00000000     0.00011901   0.00000000
   18   14
  0.00414402   0.00000000     0.00935374   0.00000000    -0.01567200   0.00000000
 -0.00930464   0.00000000    -0.01656660   0.00000000     0.02549542   0.00000000
 -0.00080603   0.00000000    -0.00020538   0.00000000    -0.00016525   0.00000000
   18   15
  0.00013146   0.00000000    -0.00015497   0.00000000    -0.00022686   0.00000000
  0.00015497   0.00000000    -0.00012693   0.00000000     0.00004531   0.00000000
 -0.00022686   0.00000000    -0.00004531   0.00000000     0.00004437   0.00000000
   18   16
 -0.00005036   0.00000000     0.00020194   0.00000000     0.00005515   0.00000000
 -0.00020194   0.00000000     0.00020445   0.00000000    -0.00014080   0.00000000
 -0.00005515   0.00000000    -0.00014080   0.00000000     0.00017419   0.00000000
   18   17
 -0.00015930   0.00000000    -0.00051725   0.00000000    -0.00009920   0.00000000
 -0.00051725   0.00000000    -0.00052606   0.00000000    -0.00001190   0.00000000
  0.00009920   0.00000000     0.00001190   0.00000000     0.00011428   0.00000000
   18   18
  0.07273140   0.00000000     0.04461589   0.00000000    -0.05905639   0.00000000
  0.04461589   0.00000000     0.14686778   0.00000000    -0.14389334   0.00000000
 -0.05905639   0.00000000    -0.14389334   0.00000000     0.28284660   0.00000000
   18   19
 -0.00010605   0.00000000     0.00038993   0.00000000     0.00032067   0.00000000
 -0.00037050   0.00000000     0.00022706   0.00000000     0.00019265   0.00000000
  0.00030287   0.00000000    -0.00029065   0.00000000    -0.00015366   0.00000000
   18   20
  0.00004694   0.00000000    -0.00011709   0.00000000     0.00005953   0.00000000
  0.00006591   0.00000000    -0.00040086   0.00000000     0.00029188   0.00000000
 -0.00001323   0.00000000     0.00034093   0.00000000    -0.00014102   0.00000000
   18   21
  0.00117061   0.00000000     0.00601957   0.00000000    -0.00709340   0.00000000
  0.00608371   0.00000000     0.01243442   0.00000000    -0.01650263   0.00000000
  0.00702277   0.00000000     0.01647318   0.00000000    -0.02303072   0.00000000
   18   22
 -0.00023191   0.00000000    -0.00052207   0.00000000     0.00005310   0.00000000
 -0.00049516   0.00000000    -0.00054518   0.00000000    -0.00002373   0.00000000
  0.00002880   0.00000000     0.00000392   0.00000000    -0.00011791   0.00000000
   19    1
 -0.00241936   0.00000000    -0.00161149   0.00000000     0.00081245   0.00000000
 -0.00065381   0.00000000    -0.00225037   0.00000000    -0.00055783   0.00000000
 -0.00081171   0.00000000     0.00288299   0.00000000     0.00258091   0.00000000
   19    2
 -0.00351351   0.00000000     0.00211890   0.00000000    -0.00203596   0.00000000
  0.00030366   0.00000000     0.00092211   0.00000000     0.00036055   0.00000000
 -0.00072434   0.00000000    -0.00062202   0.00000000    -0.00325595   0.00000000
   19    3
 -0.00102023   0.00000000     0.00023181   0.00000000     0.00036776   0.00000000
  0.00023668   0.00000000    -0.00089629   0.00000000    -0.00023367   0.00000000
  0.00023900   0.00000000     0.00020216   0.00000000    -0.00060917   0.00000000
   19    4
 -0.06103092   0.00000000     0.03782380   0.00000000     0.05208323   0.00000000
  0.03768672   0.00000000    -0.13239817   0.00000000    -0.12851282   0.00000000
  0.05194184   0.00000000    -0.12872587   0.00000000    -0.25694821   0.00000000
   19    5
 -0.00022094   0.00000000     0.00030008   0.00000000     0.00024639   0.00000000
  0.00051010   0.00000000    -0.00066813   0.00000000    -0.00018783   0.00000000
  0.00050602   0.00000000    -0.00068448   0.00000000    -0.00061089   0.00000000
   19    6
 -0.00074321   0.00000000     0.00074871   0.00000000     0.00005784   0.00000000
 -0.00015403   0.00000000    -0.00050539   0.00000000    -0.00022272   0.00000000
  0.00065120   0.00000000    -0.00052088   0.00000000    -0.00079256   0.00000000
   19    7
 -0.00014204   0.00000000     0.00014217   0.00000000     0.00012976   0.00000000
  0.00090659   0.00000000    -0.00034184   0.00000000    -0.00022536   0.00000000
  0.00016200   0.00000000    -0.00012852   0.00000000    -0.00005063   0.00000000
   19    8
 -0.00725963   0.00000000     0.01950197   0.00000000     0.02980072   0.00000000
  0.00088821   0.00000000    -0.00409247   0.00000000    -0.00485150   0.00000000
  0.00057617   0.00000000     0.00061198   0.00000000     0.00021687   0.00000000
   19    9
  0.00000317   0.00000000     0.00024298   0.00000000    -0.00008847   0.00000000
 -0.00014151   0.00000000    -0.00053064   0.00000000    -0.00008098   0.00000000
  0.00008862   0.00000000    -0.00021655   0.00000000    -0.00004103   0.00000000
   19   10
 -0.00144246   0.00000000    -0.00033093   0.00000000     0.00047371   0.00000000
  0.00030094   0.00000000     0.00031022   0.00000000     0.00030548   0.00000000
  0.00061859   0.00000000     0.00005558   0.00000000    -0.00020025   0.00000000
   19   11
  0.00033153   0.00000000     0.00060303   0.00000000     0.00006312   0.00000000
 -0.00017879   0.00000000    -0.00043909   0.00000000     0.00002854   0.00000000
 -0.00012748   0.00000000    -0.00022688   0.00000000     0.00021252   0.00000000
   19   12
  0.00418573   0.00000000    -0.00930965   0.00000000    -0.01568054   0.00000000
  0.00929418   0.00000000    -0.01657619   0.00000000    -0.02543275   0.00000000
 -0.00080863   0.00000000     0.00022918   0.00000000    -0.00007718   0.00000000
   19   13
 -0.00015432   0.00000000     0.00006129   0.00000000    -0.00011263   0.00000000
  0.00021594   0.00000000    -0.00076331   0.00000000    -0.00024331   0.00000000
  0.00014090   0.00000000    -0.00028010   0.00000000    -0.00008086   0.00000000
   19   14
 -0.00038851   0.00000000    -0.00039045   0.00000000    -0.00008171   0.00000000
  0.00042229   0.00000000     0.00023323   0.00000000    -0.00006132   0.00000000
  0.00015205   0.00000000     0.00000126   0.00000000    -0.00013296   0.00000000
   19   15
 -0.00023191   0.00000000     0.00049516   0.00000000     0.00002880   0.00000000
  0.00052207   0.00000000    -0.00054518   0.00000000    -0.00000392   0.00000000
  0.00005310   0.00000000     0.00002373   0.00000000    -0.00011791   0.00000000
   19   16
  0.00117061   0.00000000    -0.00608371   0.00000000    -0.00702277   0.00000000
 -0.00601957   0.00000000     0.01243442   0.00000000     0.01647318   0.00000000
  0.00709340   0.00000000    -0.01650263   0.00000000    -0.02303072   0.00000000
   19   17
  0.00004694   0.00000000     0.00006591   0.00000000     0.00001323   0.00000000
 -0.00011709   0.00000000    -0.00040086   0.00000000    -0.00034093   0.00000000
 -0.00005953   0.00000000    -0.00029188   0.00000000    -0.00014102   0.00000000
   19   18
 -0.00010605   0.00000000    -0.00037050   0.00000000     0.00030287   0.00000000
  0.00038993   0.00000000     0.00022706   0.00000000    -0.00029065   0.00000000
  0.00032067   0.00000000     0.00019265   0.00000000    -0.00015366   0.00000000
   19   19
  0.07274510   0.00000000    -0.04464806   0.00000000    -0.05911555   0.00000000
 -0.04464806   0.00000000     0.14688416   0.00000000     0.14389324   0.00000000
 -0.05911555   0.00000000     0.14389324   0.00000000     0.28282871   0.00000000
   19   20
 -0.00011625   0.00000000     0.00055567   0.00000000    -0.00011437   0.00000000
  0.00055567   0.00000000    -0.00054805   0.00000000     0.00002982   0.00000000
  0.00011437   0.00000000    -0.00002982   0.00000000     0.00016643   0.00000000
   19   21
 -0.00005882   0.00000000    -0.00017939   0.00000000     0.00009481   0.00000000
  0.00017939   0.00000000     0.00023556   0.00000000     0.00012321   0.00000000
 -0.00009481   0.00000000     0.00012321   0.00000000     0.00009504   0.00000000
   19   22
  0.00005046   0.00000000     0.00012792   0.00000000    -0.00015447   0.00000000
 -0.00012792   0.00000000    -0.00018596   0.00000000     0.00000722   0.00000000
 -0.00015447   0.00000000    -0.00000722   0.00000000     0.00008562   0.00000000
   20    1
 -0.00241936   0.00000000    -0.00161149   0.00000000    -0.00081245   0.00000000
 -0.00065381   0.00000000    -0.00225037   0.00000000     0.00055783   0.00000000
  0.00081171   0.00000000    -0.00288299   0.00000000     0.00258091   0.00000000
   20    2
 -0.00351351   0.00000000     0.00211890   0.00000000     0.00203596   0.00000000
  0.00030366   0.00000000     0.00092211   0.00000000    -0.00036055   0.00000000
  0.00072434   0.00000000     0.00062202   0.00000000    -0.00325595   0.00000000
   20    3
 -0.06103092   0.00000000     0.03782380   0.00000000    -0.05208323   0.00000000
  0.03768672   0.00000000    -0.13239817   0.00000000     0.12851282   0.00000000
 -0.05194184   0.00000000     0.12872587   0.00000000    -0.25694821   0.00000000
   20    4
 -0.00102023   0.00000000     0.00023181   0.00000000    -0.00036776   0.00000000
  0.00023668   0.00000000    -0.00089629   0.00000000     0.00023367   0.00000000
 -0.00023900   0.00000000    -0.00020216   0.00000000    -0.00060917   0.00000000
   20    5
 -0.00074321   0.00000000     0.00074871   0.00000000    -0.00005784   0.00000000
 -0.00015403   0.00000000    -0.00050539   0.00000000     0.00022272   0.00000000
 -0.00065120   0.00000000     0.00052088   0.00000000    -0.00079256   0.00000000
   20    6
 -0.00022094   0.00000000     0.00030008   0.00000000    -0.00024639   0.00000000
  0.00051010   0.00000000    -0.00066813   0.00000000     0.00018783   0.00000000
 -0.00050602   0.00000000     0.00068448   0.00000000    -0.00061089   0.00000000
   20    7
 -0.00725963   0.00000000     0.01950197   0.00000000    -0.02980072   0.00000000
  0.00088821   0.00000000    -0.00409247   0.00000000     0.00485150   0.00000000
 -0.00057617   0.00000000    -0.00061198   0.00000000     0.00021687   0.00000000
   20    8
 -0.00014204   0.00000000     0.00014217   0.00000000    -0.00012976   0.00000000
  0.00090659   0.00000000    -0.00034184   0.00000000     0.00022536   0.00000000
 -0.00016200   0.00000000     0.00012852   0.00000000    -0.00005063   0.00000000
   20    9
 -0.00144246   0.00000000    -0.00033093   0.00000000    -0.00047371   0.00000000
  0.00030094   0.00000000     0.00031022   0.00000000    -0.00030548   0.00000000
 -0.00061859   0.00000000    -0.00005558   0.00000000    -0.00020025   0.00000000
   20   10
  0.00000317   0.00000000     0.00024298   0.00000000     0.00008847   0.00000000
 -0.00014151   0.00000000    -0.00053064   0.00000000     0.00008098   0.00000000
 -0.00008862   0.00000000     0.00021655   0.00000000    -0.00004103   0.00000000
   20   11
  0.00418573   0.00000000    -0.00930965   0.00000000     0.01568054   0.00000000
  0.00929418   0.00000000    -0.01657619   0.00000000     0.02543275   0.00000000
  0.00080863   0.00000000    -0.00022918   0.00000000    -0.00007718   0.00000000
   20   12
  0.00033153   0.00000000     0.00060303   0.00000000    -0.00006312   0.00000000
 -0.00017879   0.00000000    -0.00043909   0.00000000    -0.00002854   0.00000000
  0.00012748   0.00000000     0.00022688   0.00000000     0.00021252   0.00000000
   20   13
 -0.00038851   0.00000000    -0.00039045   0.00000000     0.00008171   0.00000000
  0.00042229   0.00000000     0.00023323   0.00000000     0.00006132   0.00000000
 -0.00015205   0.00000000    -0.00000126   0.00000000    -0.00013296   0.00000000
   20   14
 -0.00015432   0.00000000     0.00006129   0.00000000     0.00011263   0.00000000
  0.00021594   0.00000000    -0.00076331   0.00000000     0.00024331   0.00000000
 -0.00014090   0.00000000     0.00028010   0.00000000    -0.00008086   0.00000000
   20   15
  0.00117061   0.00000000    -0.00608371   0.00000000     0.00702277   0.00000000
 -0.00601957   0.00000000     0.01243442   0.00000000    -0.01647318   0.00000000
 -0.00709340   0.00000000     0.01650263   0.00000000    -0.02303072   0.00000000
   20   16
 -0.00023191   0.00000000     0.00049516   0.00000000    -0.00002880   0.00000000
  0.00052207   0.00000000    -0.00054518   0.00000000     0.00000392   0.00000000
 -0.00005310   0.00000000    -0.00002373   0.00000000    -0.00011791   0.00000000
   20   17
 -0.00010605   0.00000000    -0.00037050   0.00000000    -0.00030287   0.00000000
  0.00038993   0.00000000     0.00022706   0.00000000     0.00029065   0.00000000
 -0.00032067   0.00000000    -0.00019265   0.00000000    -0.00015366   0.00000000
   20   18
  0.00004694   0.00000000     0.00006591   0.00000000    -0.00001323   0.00000000
 -0.00011709   0.00000000    -0.00040086   0.00000000     0.00034093   0.00000000
  0.00005953   0.00000000     0.00029188   0.00000000    -0.00014102   0.00000000
   20   19
 -0.00011625   0.00000000     0.00055567   0.00000000     0.00011437   0.00000000
  0.00055567   0.00000000    -0.00054805   0.00000000    -0.00002982   0.00000000
 -0.00011437   0.00000000     0.00002982   0.00000000     0.00016643   0.00000000
   20   20
  0.07274510   0.00000000    -0.04464806   0.00000000     0.05911555   0.00000000
 -0.04464806   0.00000000     0.14688416   0.00000000    -0.14389324   0.00000000
  0.05911555   0.00000000    -0.14389324   0.00000000     0.28282871   0.00000000
   20   21
  0.00005046   0.00000000     0.00012792   0.00000000     0.00015447   0.00000000
 -0.00012792   0.00000000    -0.00018596   0.00000000    -0.00000722   0.00000000
  0.00015447   0.00000000     0.00000722   0.00000000     0.00008562   0.00000000
   20   22
 -0.00005882   0.00000000    -0.00017939   0.00000000    -0.00009481   0.00000000
  0.00017939   0.00000000     0.00023556   0.00000000    -0.00012321   0.00000000
  0.00009481   0.00000000    -0.00012321   0.00000000     0.00009504   0.00000000
   21    1
 -0.00351351   0.00000000    -0.00211890   0.00000000     0.00203596   0.00000000
 -0.00030366   0.00000000     0.00092211   0.00000000     0.00036055   0.00000000
  0.00072434   0.00000000    -0.00062202   0.00000000    -0.00325595   0.00000000
   21    2
 -0.00241936   0.00000000     0.00161149   0.00000000    -0.00081245   0.00000000
  0.00065381   0.00000000    -0.00225037   0.00000000    -0.00055783   0.00000000
  0.00081171   0.00000000     0.00288299   0.00000000     0.00258091   0.00000000
   21    3
 -0.00022094   0.00000000    -0.00030008   0.00000000    -0.00024639   0.00000000
 -0.00051010   0.00000000    -0.00066813   0.00000000    -0.00018783   0.00000000
 -0.00050602   0.00000000    -0.00068448   0.00000000    -0.00061089   0.00000000
   21    4
 -0.00074321   0.00000000    -0.00074871   0.00000000    -0.00005784   0.00000000
  0.00015403   0.00000000    -0.00050539   0.00000000    -0.00022272   0.00000000
 -0.00065120   0.00000000    -0.00052088   0.00000000    -0.00079256   0.00000000
   21    5
 -0.00102023   0.00000000    -0.00023181   0.00000000    -0.00036776   0.00000000
 -0.00023668   0.00000000    -0.00089629   0.00000000    -0.00023367   0.00000000
 -0.00023900   0.00000000     0.00020216   0.00000000    -0.00060917   0.00000000
   21    6
 -0.06103092   0.00000000    -0.03782380   0.00000000    -0.05208323   0.00000000
 -0.03768672   0.00000000    -0.13239817   0.00000000    -0.12851282   0.00000000
 -0.05194184   0.00000000    -0.12872587   0.00000000    -0.25694821   0.00000000
   21    7
  0.00000317   0.00000000    -0.00024298   0.00000000     0.00008847   0.00000000
  0.00014151   0.00000000    -0.00053064   0.00000000    -0.00008098   0.00000000
 -0.00008862   0.00000000    -0.00021655   0.00000000    -0.00004103   0.00000000
   21    8
 -0.00144246   0.00000000     0.00033093   0.00000000    -0.00047371   0.00000000
 -0.00030094   0.00000000     0.00031022   0.00000000     0.00030548   0.00000000
 -0.00061859   0.00000000     0.00005558   0.00000000    -0.00020025   0.00000000
   21    9
 -0.00014204   0.00000000    -0.00014217   0.00000000    -0.00012976   0.00000000
 -0.00090659   0.00000000    -0.00034184   0.00000000    -0.00022536   0.00000000
 -0.00016200   0.00000000    -0.00012852   0.00000000    -0.00005063   0.00000000
   21   10
 -0.00725963   0.00000000    -0.01950197   0.00000000    -0.02980072   0.00000000
 -0.00088821   0.00000000    -0.00409247   0.00000000    -0.00485150   0.00000000
 -0.00057617   0.00000000     0.00061198   0.00000000     0.00021687   0.00000000
   21   11
 -0.00015432   0.00000000    -0.00006129   0.00000000     0.00011263   0.00000000
 -0.00021594   0.00000000    -0.00076331   0.00000000    -0.00024331   0.00000000
 -0.00014090   0.00000000    -0.00028010   0.00000000    -0.00008086   0.00000000
   21   12
 -0.00038851   0.00000000     0.00039045   0.00000000     0.00008171   0.00000000
 -0.00042229   0.00000000     0.00023323   0.00000000    -0.00006132   0.00000000
 -0.00015205   0.00000000     0.00000126   0.00000000    -0.00013296   0.00000000
   21   13
  0.00033153   0.00000000    -0.00060303   0.00000000    -0.00006312   0.00000000
  0.00017879   0.00000000    -0.00043909   0.00000000     0.00002854   0.00000000
  0.00012748   0.00000000    -0.00022688   0.00000000     0.00021252   0.00000000
   21   14
  0.00418573   0.00000000     0.00930965   0.00000000     0.01568054   0.00000000
 -0.00929418   0.00000000    -0.01657619   0.00000000    -0.02543275   0.00000000
  0.00080863   0.00000000     0.00022918   0.00000000    -0.00007718   0.00000000
   21   15
  0.00004694   0.00000000    -0.00006591   0.00000000    -0.00001323   0.00000000
  0.00011709   0.00000000    -0.00040086   0.00000000    -0.00034093   0.00000000
  0.00005953   0.00000000    -0.00029188   0.00000000    -0.00014102   0.00000000
   21   16
 -0.00010605   0.00000000     0.00037050   0.00000000    -0.00030287   0.00000000
 -0.00038993   0.00000000     0.00022706   0.00000000    -0.00029065   0.00000000
 -0.00032067   0.00000000     0.00019265   0.00000000    -0.00015366   0.00000000
   21   17
 -0.00023191   0.00000000    -0.00049516   0.00000000    -0.00002880   0.00000000
 -0.00052207   0.00000000    -0.00054518   0.00000000    -0.00000392   0.00000000
 -0.00005310   0.00000000     0.00002373   0.00000000    -0.00011791   0.00000000
   21   18
  0.00117061   0.00000000     0.00608371   0.00000000     0.00702277   0.00000000
  0.00601957   0.00000000     0.01243442   0.00000000     0.01647318   0.00000000
 -0.00709340   0.00000000    -0.01650263   0.00000000    -0.02303072   0.00000000
   21   19
 -0.00005882   0.00000000     0.00017939   0.00000000    -0.00009481   0.00000000
 -0.00017939   0.00000000     0.00023556   0.00000000     0.00012321   0.00000000
  0.00009481   0.00000000     0.00012321   0.00000000     0.00009504   0.00000000
   21   20
  0.00005046   0.00000000    -0.00012792   0.00000000     0.00015447   0.00000000
  0.00012792   0.00000000    -0.00018596   0.00000000     0.00000722   0.00000000
  0.00015447   0.00000000    -0.00000722   0.00000000     0.00008562   0.00000000
   21   21
  0.07274510   0.00000000     0.04464806   0.00000000     0.05911555   0.00000000
  0.04464806   0.00000000     0.14688416   0.00000000     0.14389324   0.00000000
  0.05911555   0.00000000     0.14389324   0.00000000     0.28282871   0.00000000
   21   22
 -0.00011625   0.00000000    -0.00055567   0.00000000     0.00011437   0.00000000
 -0.00055567   0.00000000    -0.00054805   0.00000000     0.00002982   0.00000000
 -0.00011437   0.00000000    -0.00002982   0.00000000     0.00016643   0.00000000
   22    1
 -0.00351351   0.00000000    -0.00211890   0.00000000    -0.00203596   0.00000000
 -0.00030366   0.00000000     0.00092211   0.00000000    -0.00036055   0.00000000
 -0.00072434   0.00000000     0.00062202   0.00000000    -0.00325595   0.00000000
   22    2
 -0.00241936   0.00000000     0.00161149   0.00000000     0.00081245   0.00000000
  0.00065381   0.00000000    -0.00225037   0.00000000     0.00055783   0.00000000
 -0.00081171   0.00000000    -0.00288299   0.00000000     0.00258091   0.00000000
   22    3
 -0.00074321   0.00000000    -0.00074871   0.00000000     0.00005784   0.00000000
  0.00015403   0.00000000    -0.00050539   0.00000000     0.00022272   0.00000000
  0.00065120   0.00000000     0.00052088   0.00000000    -0.00079256   0.00000000
   22    4
 -0.00022094   0.00000000    -0.00030008   0.00000000     0.00024639   0.00000000
 -0.00051010   0.00000000    -0.00066813   0.00000000     0.00018783   0.00000000
  0.00050602   0.00000000     0.00068448   0.00000000    -0.00061089   0.00000000
   22    5
 -0.06103092   0.00000000    -0.03782380   0.00000000     0.05208323   0.00000000
 -0.03768672   0.00000000    -0.13239817   0.00000000     0.12851282   0.00000000
  0.05194184   0.00000000     0.12872587   0.00000000    -0.25694821   0.00000000
   22    6
 -0.00102023   0.00000000    -0.00023181   0.00000000     0.00036776   0.00000000
 -0.00023668   0.00000000    -0.00089629   0.00000000     0.00023367   0.00000000
  0.00023900   0.00000000    -0.00020216   0.00000000    -0.00060917   0.00000000
   22    7
 -0.00144246   0.00000000     0.00033093   0.00000000     0.00047371   0.00000000
 -0.00030094   0.00000000     0.00031022   0.00000000    -0.00030548   0.00000000
  0.00061859   0.00000000    -0.00005558   0.00000000    -0.00020025   0.00000000
   22    8
  0.00000317   0.00000000    -0.00024298   0.00000000    -0.00008847   0.00000000
  0.00014151   0.00000000    -0.00053064   0.00000000     0.00008098   0.00000000
  0.00008862   0.00000000     0.00021655   0.00000000    -0.00004103   0.00000000
   22    9
 -0.00725963   0.00000000    -0.01950197   0.00000000     0.02980072   0.00000000
 -0.00088821   0.00000000    -0.00409247   0.00000000     0.00485150   0.00000000
  0.00057617   0.00000000    -0.00061198   0.00000000     0.00021687   0.00000000
   22   10
 -0.00014204   0.00000000    -0.00014217   0.00000000     0.00012976   0.00000000
 -0.00090659   0.00000000    -0.00034184   0.00000000     0.00022536   0.00000000
  0.00016200   0.00000000     0.00012852   0.00000000    -0.00005063   0.00000000
   22   11
 -0.00038851   0.00000000     0.00039045   0.00000000    -0.00008171   0.00000000
 -0.00042229   0.00000000     0.00023323   0.00000000     0.00006132   0.00000000
  0.00015205   0.00000000    -0.00000126   0.00000000    -0.00013296   0.00000000
   22   12
 -0.00015432   0.00000000    -0.00006129   0.00000000    -0.00011263   0.00000000
 -0.00021594   0.00000000    -0.00076331   0.00000000     0.00024331   0.00000000
  0.00014090   0.00000000     0.00028010   0.00000000    -0.00008086   0.00000000
   22   13
  0.00418573   0.00000000     0.00930965   0.00000000    -0.01568054   0.00000000
 -0.00929418   0.00000000    -0.01657619   0.00000000     0.02543275   0.00000000
 -0.00080863   0.00000000    -0.00022918   0.00000000    -0.00007718   0.00000000
   22   14
  0.00033153   0.00000000    -0.00060303   0.00000000     0.00006312   0.00000000
  0.00017879   0.00000000    -0.00043909   0.00000000    -0.00002854   0.00000000
 -0.00012748   0.00000000     0.00022688   0.00000000     0.00021252   0.00000000
   22   15
 -0.00010605   0.00000000     0.00037050   0.00000000     0.00030287   0.00000000
 -0.00038993   0.00000000     0.00022706   0.00000000     0.00029065   0.00000000
  0.00032067   0.00000000    -0.00019265   0.00000000    -0.00015366   0.00000000
   22   16
  0.00004694   0.00000000    -0.00006591   0.00000000     0.00001323   0.00000000
  0.00011709   0.00000000    -0.00040086   0.00000000     0.00034093   0.00000000
 -0.00005953   0.00000000     0.00029188   0.00000000    -0.00014102   0.00000000
   22   17
  0.00117061   0.00000000     0.00608371   0.00000000    -0.00702277   0.00000000
  0.00601957   0.00000000     0.01243442   0.00000000    -0.01647318   0.00000000
  0.00709340   0.00000000     0.01650263   0.00000000    -0.02303072   0.00000000
   22   18
 -0.00023191   0.00000000    -0.00049516   0.00000000     0.00002880   0.00000000
 -0.00052207   0.00000000    -0.00054518   0.00000000     0.00000392   0.00000000
  0.00005310   0.00000000    -0.00002373   0.00000000    -0.00011791   0.00000000
   22   19
  0.00005046   0.00000000    -0.00012792   0.00000000    -0.00015447   0.00000000
  0.00012792   0.00000000    -0.00018596   0.00000000    -0.00000722   0.00000000
 -0.00015447   0.00000000     0.00000722   0.00000000     0.00008562   0.00000000
   22   20
 -0.00005882   0.00000000     0.00017939   0.00000000     0.00009481   0.00000000
 -0.00017939   0.00000000     0.00023556   0.00000000    -0.00012321   0.00000000
 -0.00009481   0.00000000    -0.00012321   0.00000000     0.00009504   0.00000000
   22   21
 -0.00011625   0.00000000    -0.00055567   0.00000000    -0.00011437   0.00000000
 -0.00055567   0.00000000    -0.00054805   0.00000000    -0.00002982   0.00000000
  0.00011437   0.00000000     0.00002982   0.00000000     0.00016643   0.00000000
   22   22
  0.07274510   0.00000000     0.04464806   0.00000000    -0.05911555   0.00000000
  0.04464806   0.00000000     0.14688416   0.00000000    -0.14389324   0.00000000
 -0.05911555   0.00000000    -0.14389324   0.00000000     0.28282871   0.00000000

     Dielectric Tensor:

          2.918416175041          0.000000000000          0.000000000000
          0.000000000000          2.960032698966          0.000000000000
          0.000000000000          0.000000000000          3.149729845361

     Effective Charges E-U: Z_{alpha}{s,beta}

     atom #    1
          2.417856831528         -0.070931253477          0.000000000000
          0.255244179723          2.432932774340          0.000000000000
          0.000000000000          0.000000000000          2.983071647010
     atom #    2
          2.417856831528          0.070931253477          0.000000000000
         -0.255244179723          2.432932774340          0.000000000000
          0.000000000000          0.000000000000          2.983071647010
     atom #    3
         -0.123280075430          0.013690372523          0.000001489891
          0.162150203349          0.006092864697          0.000000078669
          0.000026653542         -0.000000571601         -0.187690226877
     atom #    4
         -0.123280075430          0.013690372523         -0.000001489891
          0.162150203349          0.006092864697         -0.000000078669
         -0.000026653542          0.000000571601         -0.187690226877
     atom #    5
         -0.123280075430         -0.013690372523         -0.000001489891
         -0.162150203349          0.006092864697          0.000000078669
         -0.000026653542         -0.000000571601         -0.187690226877
     atom #    6
         -0.123280075430         -0.013690372523          0.000001489891
         -0.162150203349          0.006092864697         -0.000000078669
          0.000026653542          0.000000571601         -0.187690226877
     atom #    7
         -0.449641533300          0.132870419515         -0.000026556570
          0.138089975618         -0.233436416831          0.000021512897
         -0.000023859177          0.000021332331         -0.253831194300
     atom #    8
         -0.449641533300          0.132870419515          0.000026556570
          0.138089975618         -0.233436416831         -0.000021512897
          0.000023859177         -0.000021332331         -0.253831194300
     atom #    9
         -0.449641533300         -0.132870419515          0.000026556570
         -0.138089975618         -0.233436416831          0.000021512897
          0.000023859177          0.000021332331         -0.253831194300
     atom #   10
         -0.449641533300         -0.132870419515         -0.000026556570
         -0.138089975618         -0.233436416831         -0.000021512897
         -0.000023859177         -0.000021332331         -0.253831194300
     atom #   11
         -0.219066372220         -0.003824522692          0.000001955799
         -0.095745616876         -0.451997859086          0.000002206656
         -0.000002919173         -0.000005476587         -0.256746140884
     atom #   12
         -0.219066372220         -0.003824522692         -0.000001955799
         -0.095745616876         -0.451997859086         -0.000002206656
          0.000002919173          0.000005476587         -0.256746140884
     atom #   13
         -0.219066372220          0.003824522692         -0.000001955799
          0.095745616876         -0.451997859086          0.000002206656
          0.000002919173         -0.000005476587         -0.256746140884
     atom #   14
         -0.219066372220          0.003824522692          0.000001955799
          0.095745616876         -0.451997859086         -0.000002206656
         -0.000002919173          0.000005476587         -0.256746140884
     atom #   15
         -0.208540759273          0.161281624651          0.076647027201
          0.118502835629         -0.267753800909         -0.100398126804
          0.040016926109         -0.110955722502         -0.396440037616
     atom #   16
         -0.208540759273          0.161281624651         -0.076647027201
          0.118502835629         -0.267753800909          0.100398126804
         -0.040016926109          0.110955722502         -0.396440037616
     atom #   17
         -0.208540759273         -0.161281624651         -0.076647027201
         -0.118502835629         -0.267753800909         -0.100398126804
         -0.040016926109         -0.110955722502         -0.396440037616
     atom #   18
         -0.208540759273         -0.161281624651          0.076647027201
         -0.118502835629         -0.267753800909          0.100398126804
          0.040016926109          0.110955722502         -0.396440037616
     atom #   19
         -0.208527209831          0.161253866132          0.076608174229
          0.118480190171         -0.267734317627         -0.100373272884
          0.039995259910         -0.110936947685         -0.396436134698
     atom #   20
         -0.208527209831          0.161253866132         -0.076608174229
          0.118480190171         -0.267734317627          0.100373272884
         -0.039995259910          0.110936947685         -0.396436134698
     atom #   21
         -0.208527209831         -0.161253866132         -0.076608174229
         -0.118480190171         -0.267734317627         -0.100373272884
         -0.039995259910         -0.110936947685         -0.396436134698
     atom #   22
         -0.208527209831         -0.161253866132          0.076608174229
         -0.118480190171         -0.267734317627          0.100373272884
          0.039995259910          0.110936947685         -0.396436134698

     Effective Charges U-E: Z_{s,alpha}{beta}

     atom #    1
      0.241995228995E+01      0.251284207726E+00      0.000000000000E+00
     -0.701767626546E-01      0.243146147299E+01      0.000000000000E+00
      0.000000000000E+00      0.000000000000E+00      0.298253004667E+01
     atom #    2
      0.241995228995E+01     -0.251284207726E+00      0.000000000000E+00
      0.701767626546E-01      0.243146147299E+01      0.000000000000E+00
      0.000000000000E+00      0.000000000000E+00      0.298253004667E+01
     atom #    3
     -0.123391064096E+00      0.161201419810E+00     -0.314566630773E-03
      0.140166628043E-01      0.597877998791E-02      0.206854324413E-04
      0.497948206014E-03      0.284680565166E-03     -0.187867820845E+00
     atom #    4
     -0.123391064096E+00      0.161201419810E+00      0.314566630773E-03
      0.140166628043E-01      0.597877998791E-02     -0.206854324413E-04
     -0.497948206014E-03     -0.284680565166E-03     -0.187867820845E+00
     atom #    5
     -0.123391064096E+00     -0.161201419810E+00      0.314566630773E-03
     -0.140166628043E-01      0.597877998791E-02      0.206854324413E-04
     -0.497948206014E-03      0.284680565166E-03     -0.187867820845E+00
     atom #    6
     -0.123391064096E+00     -0.161201419810E+00     -0.314566630773E-03
     -0.140166628043E-01      0.597877998791E-02     -0.206854324413E-04
      0.497948206014E-03     -0.284680565166E-03     -0.187867820845E+00
     atom #    7
     -0.450068951063E+00      0.138549913704E+00      0.471637746467E-05
      0.132830836859E+00     -0.233918747338E+00      0.405206913587E-04
     -0.279216952596E-03      0.328111023071E-05     -0.254026132726E+00
     atom #    8
     -0.450068951063E+00      0.138549913704E+00     -0.471637746467E-05
      0.132830836859E+00     -0.233918747338E+00     -0.405206913587E-04
      0.279216952596E-03     -0.328111023071E-05     -0.254026132726E+00
     atom #    9
     -0.450068951063E+00     -0.138549913704E+00     -0.471637746467E-05
     -0.132830836859E+00     -0.233918747338E+00      0.405206913587E-04
      0.279216952596E-03      0.328111023071E-05     -0.254026132726E+00
     atom #   10
     -0.450068951063E+00     -0.138549913704E+00      0.471637746467E-05
     -0.132830836859E+00     -0.233918747338E+00     -0.405206913587E-04
     -0.279216952596E-03     -0.328111023071E-05     -0.254026132726E+00
     atom #   11
     -0.219237984193E+00     -0.953493549635E-01     -0.404797465795E-04
     -0.391510532951E-02     -0.453841359974E+00     -0.143732439681E-04
      0.812019234459E-04      0.182208830033E-03     -0.256844433943E+00
     atom #   12
     -0.219237984193E+00     -0.953493549635E-01      0.404797465795E-04
     -0.391510532951E-02     -0.453841359974E+00      0.143732439681E-04
     -0.812019234459E-04     -0.182208830033E-03     -0.256844433943E+00
     atom #   13
     -0.219237984193E+00      0.953493549635E-01      0.404797465795E-04
      0.391510532951E-02     -0.453841359974E+00     -0.143732439681E-04
     -0.812019234459E-04      0.182208830033E-03     -0.256844433943E+00
     atom #   14
     -0.219237984193E+00      0.953493549635E-01     -0.404797465795E-04
      0.391510532951E-02     -0.453841359974E+00      0.143732439681E-04
      0.812019234459E-04     -0.182208830033E-03     -0.256844433943E+00
     atom #   15
     -0.208569623557E+00      0.118035426505E+00      0.400805649134E-01
      0.161412155713E+00     -0.267653747739E+00     -0.111016356273E+00
      0.766153252107E-01     -0.998417999600E-01     -0.396644640466E+00
     atom #   16
     -0.208569623557E+00      0.118035426505E+00     -0.400805649134E-01
      0.161412155713E+00     -0.267653747739E+00      0.111016356273E+00
     -0.766153252107E-01      0.998417999600E-01     -0.396644640466E+00
     atom #   17
     -0.208569623557E+00     -0.118035426505E+00     -0.400805649134E-01
     -0.161412155713E+00     -0.267653747739E+00     -0.111016356273E+00
     -0.766153252107E-01     -0.998417999600E-01     -0.396644640466E+00
     atom #   18
     -0.208569623557E+00     -0.118035426505E+00      0.400805649134E-01
     -0.161412155713E+00     -0.267653747739E+00      0.111016356273E+00
      0.766153252107E-01      0.998417999600E-01     -0.396644640466E+00
     atom #   19
     -0.209669617775E+00      0.118126553237E+00      0.400013800981E-01
      0.161806321301E+00     -0.267630370155E+00     -0.110967756442E+00
      0.777502565143E-01     -0.994846392129E-01     -0.396666664208E+00
     atom #   20
     -0.209669617775E+00      0.118126553237E+00     -0.400013800981E-01
      0.161806321301E+00     -0.267630370155E+00      0.110967756442E+00
     -0.777502565143E-01      0.994846392129E-01     -0.396666664208E+00
     atom #   21
     -0.209669617775E+00     -0.118126553237E+00     -0.400013800981E-01
     -0.161806321301E+00     -0.267630370155E+00     -0.110967756442E+00
     -0.777502565143E-01     -0.994846392129E-01     -0.396666664208E+00
     atom #   22
     -0.209669617775E+00     -0.118126553237E+00      0.400013800981E-01
     -0.161806321301E+00     -0.267630370155E+00      0.110967756442E+00
      0.777502565143E-01      0.994846392129E-01     -0.396666664208E+00

     Diagonalizing the dynamical matrix

     q = (    0.000000000   0.000000000   0.000000000 ) 

 **************************************************************************
     freq (    1) =      -0.527161 [THz] =     -17.584213 [cm-1]
 ( -0.003127  0.000000  0.211075  0.000000  0.000000  0.000000 ) 
 (  0.003127  0.000000  0.211075  0.000000 -0.000000  0.000000 ) 
 ( -0.000997  0.000000  0.212973  0.000000 -0.001054  0.000000 ) 
 ( -0.000997  0.000000  0.212973  0.000000  0.001054  0.000000 ) 
 (  0.000997  0.000000  0.212973  0.000000 -0.001054  0.000000 ) 
 (  0.000997  0.000000  0.212973  0.000000  0.001054  0.000000 ) 
 ( -0.002792  0.000000  0.203254  0.000000 -0.000850  0.000000 ) 
 ( -0.002792  0.000000  0.203254  0.000000  0.000850  0.000000 ) 
 (  0.002792  0.000000  0.203254  0.000000 -0.000850  0.000000 ) 
 (  0.002792  0.000000  0.203254  0.000000  0.000850  0.000000 ) 
 ( -0.011198  0.000000  0.218954  0.000000 -0.002666  0.000000 ) 
 ( -0.011198  0.000000  0.218954  0.000000  0.002666  0.000000 ) 
 (  0.011198  0.000000  0.218954  0.000000 -0.002666  0.000000 ) 
 (  0.011198  0.000000  0.218954  0.000000  0.002666  0.000000 ) 
 (  0.004189  0.000000  0.214355  0.000000 -0.000428  0.000000 ) 
 (  0.004189  0.000000  0.214355  0.000000  0.000428  0.000000 ) 
 ( -0.004189  0.000000  0.214355  0.000000 -0.000428  0.000000 ) 
 ( -0.004189  0.000000  0.214355  0.000000  0.000428  0.000000 ) 
 (  0.004917  0.000000  0.216737  0.000000  0.000256  0.000000 ) 
 (  0.004917  0.000000  0.216737  0.000000 -0.000256  0.000000 ) 
 ( -0.004917  0.000000  0.216737  0.000000  0.000256  0.000000 ) 
 ( -0.004917  0.000000  0.216737  0.000000 -0.000256  0.000000 ) 
     freq (    2) =      -0.315909 [THz] =     -10.537606 [cm-1]
 (  0.000000  0.000000  0.000000  0.000000  0.217101  0.000000 ) 
 (  0.000000  0.000000  0.000000  0.000000  0.217101  0.000000 ) 
 (  0.002212  0.000000  0.002151  0.000000  0.212887  0.000000 ) 
 ( -0.002212  0.000000 -0.002151  0.000000  0.212887  0.000000 ) 
 ( -0.002212  0.000000  0.002151  0.000000  0.212887  0.000000 ) 
 (  0.002212  0.000000 -0.002151  0.000000  0.212887  0.000000 ) 
 (  0.001812  0.000000  0.000735  0.000000  0.213453  0.000000 ) 
 ( -0.001812  0.000000 -0.000735  0.000000  0.213453  0.000000 ) 
 ( -0.001812  0.000000  0.000735  0.000000  0.213453  0.000000 ) 
 (  0.001812  0.000000 -0.000735  0.000000  0.213453  0.000000 ) 
 (  0.001055  0.000000  0.002762  0.000000  0.212480  0.000000 ) 
 ( -0.001055  0.000000 -0.002762  0.000000  0.212480  0.000000 ) 
 ( -0.001055  0.000000  0.002762  0.000000  0.212480  0.000000 ) 
 (  0.001055  0.000000 -0.002762  0.000000  0.212480  0.000000 ) 
 (  0.002434  0.000000  0.002791  0.000000  0.212439  0.000000 ) 
 ( -0.002434  0.000000 -0.002791  0.000000  0.212439  0.000000 ) 
 ( -0.002434  0.000000  0.002791  0.000000  0.212439  0.000000 ) 
 (  0.002434  0.000000 -0.002791  0.000000  0.212439  0.000000 ) 
 ( -0.003213  0.000000 -0.002162  0.000000  0.212653  0.000000 ) 
 (  0.003213  0.000000  0.002162  0.000000  0.212653  0.000000 ) 
 (  0.003213  0.000000 -0.002162  0.000000  0.212653  0.000000 ) 
 ( -0.003213  0.000000  0.002162  0.000000  0.212653  0.000000 ) 
     freq (    3) =      -0.043676 [THz] =      -1.456860 [cm-1]
 ( -0.209892  0.000000 -0.007190  0.000000  0.000000  0.000000 ) 
 ( -0.209892  0.000000  0.007190  0.000000  0.000000  0.000000 ) 
 ( -0.213436  0.000000 -0.006929  0.000000  0.000805  0.000000 ) 
 ( -0.213436  0.000000 -0.006929  0.000000 -0.000805  0.000000 ) 
 ( -0.213436  0.000000  0.006929  0.000000 -0.000805  0.000000 ) 
 ( -0.213436  0.000000  0.006929  0.000000  0.000805  0.000000 ) 
 ( -0.212693  0.000000 -0.003073  0.000000 -0.003343  0.000000 ) 
 ( -0.212693  0.000000 -0.003073  0.000000  0.003343  0.000000 ) 
 ( -0.212693  0.000000  0.003073  0.000000  0.003343  0.000000 ) 
 ( -0.212693  0.000000  0.003073  0.000000 -0.003343  0.000000 ) 
 ( -0.209522  0.000000 -0.009194  0.000000  0.006507  0.000000 ) 
 ( -0.209522  0.000000 -0.009194  0.000000 -0.006507  0.000000 ) 
 ( -0.209522  0.000000  0.009194  0.000000 -0.006507  0.000000 ) 
 ( -0.209522  0.000000  0.009194  0.000000  0.006507  0.000000 ) 
 ( -0.211073  0.000000 -0.004209  0.000000 -0.000196  0.000000 ) 
 ( -0.211073  0.000000 -0.004209  0.000000  0.000196  0.000000 ) 
 ( -0.211073  0.000000  0.004209  0.000000  0.000196  0.000000 ) 
 ( -0.211073  0.000000  0.004209  0.000000 -0.000196  0.000000 ) 
 ( -0.219892  0.000000 -0.011610  0.000000  0.001105  0.000000 ) 
 ( -0.219892  0.000000 -0.011610  0.000000 -0.001105  0.000000 ) 
 ( -0.219892  0.000000  0.011610  0.000000 -0.001105  0.000000 ) 
 ( -0.219892  0.000000  0.011610  0.000000  0.001105  0.000000 ) 
     freq (    4) =       1.850191 [THz] =      61.715743 [cm-1]
 (  0.000000  0.000000  0.000000  0.000000 -0.399685  0.000000 ) 
 ( -0.000000  0.000000  0.000000  0.000000  0.399685  0.000000 ) 
 (  0.005361  0.000000  0.007794  0.000000 -0.163908  0.000000 ) 
 ( -0.005361  0.000000 -0.007794  0.000000 -0.163908  0.000000 ) 
 (  0.005361  0.000000 -0.007794  0.000000  0.163908  0.000000 ) 
 ( -0.005361  0.000000  0.007794  0.000000  0.163908  0.000000 ) 
 (  0.003696  0.000000 -0.001755  0.000000 -0.245814  0.000000 ) 
 ( -0.003696  0.000000  0.001755  0.000000 -0.245814  0.000000 ) 
 (  0.003696  0.000000  0.001755  0.000000  0.245814  0.000000 ) 
 ( -0.003696  0.000000 -0.001755  0.000000  0.245814  0.000000 ) 
 ( -0.003844  0.000000  0.012878  0.000000 -0.203195  0.000000 ) 
 (  0.003844  0.000000 -0.012878  0.000000 -0.203195  0.000000 ) 
 ( -0.003844  0.000000 -0.012878  0.000000  0.203195  0.000000 ) 
 (  0.003844  0.000000  0.012878  0.000000  0.203195  0.000000 ) 
 (  0.084413  0.000000 -0.087999  0.000000 -0.072630  0.000000 ) 
 ( -0.084413  0.000000  0.087999  0.000000 -0.072630  0.000000 ) 
 (  0.084413  0.000000  0.087999  0.000000  0.072630  0.000000 ) 
 ( -0.084413  0.000000 -0.087999  0.000000  0.072630  0.000000 ) 
 (  0.062314  0.000000 -0.110023  0.000000 -0.071609  0.000000 ) 
 ( -0.062314  0.000000  0.110023  0.000000 -0.071609  0.000000 ) 
 (  0.062314  0.000000  0.110023  0.000000  0.071609  0.000000 ) 
 ( -0.062314  0.000000 -0.110023  0.000000  0.071609  0.000000 ) 
     freq (    5) =       1.897643 [THz] =      63.298557 [cm-1]
 (  0.222876  0.000000  0.026959  0.000000  0.000000  0.000000 ) 
 ( -0.222876  0.000000  0.026959  0.000000 -0.000000  0.000000 ) 
 ( -0.017248  0.000000 -0.105273  0.000000 -0.001001  0.000000 ) 
 ( -0.017248  0.000000 -0.105273  0.000000  0.001001  0.000000 ) 
 (  0.017248  0.000000 -0.105273  0.000000 -0.001001  0.000000 ) 
 (  0.017248  0.000000 -0.105273  0.000000  0.001001  0.000000 ) 
 (  0.034623  0.000000  0.129630  0.000000 -0.002966  0.000000 ) 
 (  0.034623  0.000000  0.129630  0.000000  0.002966  0.000000 ) 
 ( -0.034623  0.000000  0.129630  0.000000 -0.002966  0.000000 ) 
 ( -0.034623  0.000000  0.129630  0.000000  0.002966  0.000000 ) 
 (  0.206694  0.000000 -0.232345  0.000000  0.005842  0.000000 ) 
 (  0.206694  0.000000 -0.232345  0.000000 -0.005842  0.000000 ) 
 ( -0.206694  0.000000 -0.232345  0.000000  0.005842  0.000000 ) 
 ( -0.206694  0.000000 -0.232345  0.000000 -0.005842  0.000000 ) 
 ( -0.143928  0.000000 -0.160109  0.000000 -0.001272  0.000000 ) 
 ( -0.143928  0.000000 -0.160109  0.000000  0.001272  0.000000 ) 
 (  0.143928  0.000000 -0.160109  0.000000 -0.001272  0.000000 ) 
 (  0.143928  0.000000 -0.160109  0.000000  0.001272  0.000000 ) 
 ( -0.150664  0.000000 -0.171965  0.000000  0.006574  0.000000 ) 
 ( -0.150664  0.000000 -0.171965  0.000000 -0.006574  0.000000 ) 
 (  0.150664  0.000000 -0.171965  0.000000  0.006574  0.000000 ) 
 (  0.150664  0.000000 -0.171965  0.000000 -0.006574  0.000000 ) 
     freq (    6) =       2.073494 [THz] =      69.164308 [cm-1]
 (  0.027248  0.000000 -0.215241  0.000000  0.000000  0.000000 ) 
 (  0.027248  0.000000  0.215241  0.000000  0.000000  0.000000 ) 
 ( -0.083874  0.000000 -0.189608  0.000000 -0.002261  0.000000 ) 
 ( -0.083874  0.000000 -0.189608  0.000000  0.002261  0.000000 ) 
 ( -0.083874  0.000000  0.189608  0.000000  0.002261  0.000000 ) 
 ( -0.083874  0.000000  0.189608  0.000000 -0.002261  0.000000 ) 
 ( -0.069544  0.000000 -0.116509  0.000000 -0.009121  0.000000 ) 
 ( -0.069544  0.000000 -0.116509  0.000000  0.009121  0.000000 ) 
 ( -0.069544  0.000000  0.116509  0.000000  0.009121  0.000000 ) 
 ( -0.069544  0.000000  0.116509  0.000000 -0.009121  0.000000 ) 
 ( -0.024593  0.000000 -0.219158  0.000000  0.004312  0.000000 ) 
 ( -0.024593  0.000000 -0.219158  0.000000 -0.004312  0.000000 ) 
 ( -0.024593  0.000000  0.219158  0.000000 -0.004312  0.000000 ) 
 ( -0.024593  0.000000  0.219158  0.000000  0.004312  0.000000 ) 
 ( -0.114617  0.000000 -0.204550  0.000000  0.001819  0.000000 ) 
 ( -0.114617  0.000000 -0.204550  0.000000 -0.001819  0.000000 ) 
 ( -0.114617  0.000000  0.204550  0.000000 -0.001819  0.000000 ) 
 ( -0.114617  0.000000  0.204550  0.000000  0.001819  0.000000 ) 
 ( -0.128260  0.000000 -0.211736  0.000000  0.007861  0.000000 ) 
 ( -0.128260  0.000000 -0.211736  0.000000 -0.007861  0.000000 ) 
 ( -0.128260  0.000000  0.211736  0.000000 -0.007861  0.000000 ) 
 ( -0.128260  0.000000  0.211736  0.000000  0.007861  0.000000 ) 
     freq (    7) =       3.715007 [THz] =     123.919294 [cm-1]
 ( -0.000000  0.000000 -0.000000  0.000000  0.001116  0.000000 ) 
 ( -0.000000  0.000000  0.000000  0.000000 -0.001116  0.000000 ) 
 (  0.172785  0.000000  0.140417  0.000000  0.000672  0.000000 ) 
 ( -0.172785  0.000000 -0.140417  0.000000  0.000672  0.000000 ) 
 (  0.172785  0.000000 -0.140417  0.000000 -0.000672  0.000000 ) 
 ( -0.172785  0.000000  0.140417  0.000000 -0.000672  0.000000 ) 
 (  0.158370  0.000000  0.050263  0.000000  0.002490  0.000000 ) 
 ( -0.158370  0.000000 -0.050263  0.000000  0.002490  0.000000 ) 
 (  0.158370  0.000000 -0.050263  0.000000 -0.002490  0.000000 ) 
 ( -0.158370  0.000000  0.050263  0.000000 -0.002490  0.000000 ) 
 (  0.103424  0.000000  0.174719  0.000000 -0.001940  0.000000 ) 
 ( -0.103424  0.000000 -0.174719  0.000000 -0.001940  0.000000 ) 
 (  0.103424  0.000000 -0.174719  0.000000  0.001940  0.000000 ) 
 ( -0.103424  0.000000  0.174719  0.000000  0.001940  0.000000 ) 
 (  0.201097  0.000000  0.155172  0.000000 -0.000104  0.000000 ) 
 ( -0.201097  0.000000 -0.155172  0.000000 -0.000104  0.000000 ) 
 (  0.201097  0.000000 -0.155172  0.000000  0.000104  0.000000 ) 
 ( -0.201097  0.000000  0.155172  0.000000  0.000104  0.000000 ) 
 ( -0.205306  0.000000 -0.157843  0.000000  0.001883  0.000000 ) 
 (  0.205306  0.000000  0.157843  0.000000  0.001883  0.000000 ) 
 ( -0.205306  0.000000  0.157843  0.000000 -0.001883  0.000000 ) 
 (  0.205306  0.000000 -0.157843  0.000000 -0.001883  0.000000 ) 
     freq (    8) =       4.421622 [THz] =     147.489431 [cm-1]
 ( -0.047696  0.000000 -0.037154  0.000000 -0.000000  0.000000 ) 
 ( -0.047696  0.000000  0.037154  0.000000  0.000000  0.000000 ) 
 (  0.223735  0.000000  0.069015  0.000000 -0.001468  0.000000 ) 
 (  0.223735  0.000000  0.069015  0.000000  0.001468  0.000000 ) 
 (  0.223735  0.000000 -0.069015  0.000000  0.001468  0.000000 ) 
 (  0.223735  0.000000 -0.069015  0.000000 -0.001468  0.000000 ) 
 (  0.218438  0.000000  0.036929  0.000000 -0.001133  0.000000 ) 
 (  0.218438  0.000000  0.036929  0.000000  0.001133  0.000000 ) 
 (  0.218438  0.000000 -0.036929  0.000000  0.001133  0.000000 ) 
 (  0.218438  0.000000 -0.036929  0.000000 -0.001133  0.000000 ) 
 (  0.214945  0.000000  0.064720  0.000000 -0.002075  0.000000 ) 
 (  0.214945  0.000000  0.064720  0.000000  0.002075  0.000000 ) 
 (  0.214945  0.000000 -0.064720  0.000000  0.002075  0.000000 ) 
 (  0.214945  0.000000 -0.064720  0.000000 -0.002075  0.000000 ) 
 (  0.207529  0.000000  0.060102  0.000000 -0.002025  0.000000 ) 
 (  0.207529  0.000000  0.060102  0.000000  0.002025  0.000000 ) 
 (  0.207529  0.000000 -0.060102  0.000000  0.002025  0.000000 ) 
 (  0.207529  0.000000 -0.060102  0.000000 -0.002025  0.000000 ) 
 (  0.208581  0.000000  0.060699  0.000000  0.000688  0.000000 ) 
 (  0.208581  0.000000  0.060699  0.000000 -0.000688  0.000000 ) 
 (  0.208581  0.000000 -0.060699  0.000000 -0.000688  0.000000 ) 
 (  0.208581  0.000000 -0.060699  0.000000  0.000688  0.000000 ) 
     freq (    9) =       4.467279 [THz] =     149.012399 [cm-1]
 (  0.031425  0.000000 -0.043258  0.000000 -0.000000  0.000000 ) 
 ( -0.031425  0.000000 -0.043258  0.000000 -0.000000  0.000000 ) 
 (  0.071372  0.000000  0.200528  0.000000 -0.004063  0.000000 ) 
 (  0.071372  0.000000  0.200528  0.000000  0.004063  0.000000 ) 
 ( -0.071372  0.000000  0.200528  0.000000 -0.004063  0.000000 ) 
 ( -0.071372  0.000000  0.200528  0.000000  0.004063  0.000000 ) 
 (  0.049747  0.000000  0.092691  0.000000 -0.004785  0.000000 ) 
 (  0.049747  0.000000  0.092691  0.000000  0.004785  0.000000 ) 
 ( -0.049747  0.000000  0.092691  0.000000 -0.004785  0.000000 ) 
 ( -0.049747  0.000000  0.092691  0.000000  0.004785  0.000000 ) 
 ( -0.020747  0.000000  0.249131  0.000000  0.002279  0.000000 ) 
 ( -0.020747  0.000000  0.249131  0.000000 -0.002279  0.000000 ) 
 (  0.020747  0.000000  0.249131  0.000000  0.002279  0.000000 ) 
 (  0.020747  0.000000  0.249131  0.000000 -0.002279  0.000000 ) 
 (  0.122104  0.000000  0.230144  0.000000 -0.006709  0.000000 ) 
 (  0.122104  0.000000  0.230144  0.000000  0.006709  0.000000 ) 
 ( -0.122104  0.000000  0.230144  0.000000 -0.006709  0.000000 ) 
 ( -0.122104  0.000000  0.230144  0.000000  0.006709  0.000000 ) 
 (  0.117329  0.000000  0.218903  0.000000  0.007226  0.000000 ) 
 (  0.117329  0.000000  0.218903  0.000000 -0.007226  0.000000 ) 
 ( -0.117329  0.000000  0.218903  0.000000  0.007226  0.000000 ) 
 ( -0.117329  0.000000  0.218903  0.000000 -0.007226  0.000000 ) 
     freq (   10) =       5.610979 [THz] =     187.162108 [cm-1]
 (  0.000000  0.000000 -0.000000  0.000000  0.046673  0.000000 ) 
 ( -0.000000  0.000000 -0.000000  0.000000  0.046673  0.000000 ) 
 ( -0.004992  0.000000 -0.002200  0.000000 -0.221409  0.000000 ) 
 (  0.004992  0.000000  0.002200  0.000000 -0.221409  0.000000 ) 
 (  0.004992  0.000000 -0.002200  0.000000 -0.221409  0.000000 ) 
 ( -0.004992  0.000000  0.002200  0.000000 -0.221409  0.000000 ) 
 ( -0.004501  0.000000 -0.001133  0.000000 -0.163631  0.000000 ) 
 (  0.004501  0.000000  0.001133  0.000000 -0.163631  0.000000 ) 
 (  0.004501  0.000000 -0.001133  0.000000 -0.163631  0.000000 ) 
 ( -0.004501  0.000000  0.001133  0.000000 -0.163631  0.000000 ) 
 ( -0.004522  0.000000 -0.002385  0.000000 -0.191069  0.000000 ) 
 (  0.004522  0.000000  0.002385  0.000000 -0.191069  0.000000 ) 
 (  0.004522  0.000000 -0.002385  0.000000 -0.191069  0.000000 ) 
 ( -0.004522  0.000000  0.002385  0.000000 -0.191069  0.000000 ) 
 ( -0.027523  0.000000  0.042317  0.000000 -0.256317  0.000000 ) 
 (  0.027523  0.000000 -0.042317  0.000000 -0.256317  0.000000 ) 
 (  0.027523  0.000000  0.042317  0.000000 -0.256317  0.000000 ) 
 ( -0.027523  0.000000 -0.042317  0.000000 -0.256317  0.000000 ) 
 ( -0.017506  0.000000  0.046746  0.000000 -0.256497  0.000000 ) 
 (  0.017506  0.000000 -0.046746  0.000000 -0.256497  0.000000 ) 
 (  0.017506  0.000000  0.046746  0.000000 -0.256497  0.000000 ) 
 ( -0.017506  0.000000 -0.046746  0.000000 -0.256497  0.000000 ) 
     freq (   11) =       5.946173 [THz] =     198.342969 [cm-1]
 ( -0.014332  0.000000  0.030667  0.000000  0.000000  0.000000 ) 
 ( -0.014332  0.000000 -0.030667  0.000000 -0.000000  0.000000 ) 
 (  0.067629  0.000000 -0.192645  0.000000  0.011139  0.000000 ) 
 (  0.067629  0.000000 -0.192645  0.000000 -0.011139  0.000000 ) 
 (  0.067629  0.000000  0.192645  0.000000 -0.011139  0.000000 ) 
 (  0.067629  0.000000  0.192645  0.000000  0.011139  0.000000 ) 
 (  0.089344  0.000000 -0.069760  0.000000  0.002426  0.000000 ) 
 (  0.089344  0.000000 -0.069760  0.000000 -0.002426  0.000000 ) 
 (  0.089344  0.000000  0.069760  0.000000 -0.002426  0.000000 ) 
 (  0.089344  0.000000  0.069760  0.000000  0.002426  0.000000 ) 
 (  0.180288  0.000000 -0.251747  0.000000  0.018868  0.000000 ) 
 (  0.180288  0.000000 -0.251747  0.000000 -0.018868  0.000000 ) 
 (  0.180288  0.000000  0.251747  0.000000 -0.018868  0.000000 ) 
 (  0.180288  0.000000  0.251747  0.000000  0.018868  0.000000 ) 
 (  0.004990  0.000000 -0.217463  0.000000  0.010139  0.000000 ) 
 (  0.004990  0.000000 -0.217463  0.000000 -0.010139  0.000000 ) 
 (  0.004990  0.000000  0.217463  0.000000 -0.010139  0.000000 ) 
 (  0.004990  0.000000  0.217463  0.000000  0.010139  0.000000 ) 
 ( -0.009884  0.000000 -0.225599  0.000000 -0.010748  0.000000 ) 
 ( -0.009884  0.000000 -0.225599  0.000000  0.010748  0.000000 ) 
 ( -0.009884  0.000000  0.225599  0.000000  0.010748  0.000000 ) 
 ( -0.009884  0.000000  0.225599  0.000000 -0.010748  0.000000 ) 
     freq (   12) =       6.070201 [THz] =     202.480121 [cm-1]
 (  0.000000  0.000000 -0.000000  0.000000 -0.000152  0.000000 ) 
 (  0.000000  0.000000  0.000000  0.000000 -0.000152  0.000000 ) 
 ( -0.118074  0.000000 -0.140070  0.000000  0.003532  0.000000 ) 
 (  0.118074  0.000000  0.140070  0.000000  0.003532  0.000000 ) 
 (  0.118074  0.000000 -0.140070  0.000000  0.003532  0.000000 ) 
 ( -0.118074  0.000000  0.140070  0.000000  0.003532  0.000000 ) 
 ( -0.081059  0.000000  0.052674  0.000000  0.002362  0.000000 ) 
 (  0.081059  0.000000 -0.052674  0.000000  0.002362  0.000000 ) 
 (  0.081059  0.000000  0.052674  0.000000  0.002362  0.000000 ) 
 ( -0.081059  0.000000 -0.052674  0.000000  0.002362  0.000000 ) 
 (  0.040470  0.000000 -0.222764  0.000000 -0.004680  0.000000 ) 
 ( -0.040470  0.000000  0.222764  0.000000 -0.004680  0.000000 ) 
 ( -0.040470  0.000000 -0.222764  0.000000 -0.004680  0.000000 ) 
 (  0.040470  0.000000  0.222764  0.000000 -0.004680  0.000000 ) 
 ( -0.212444  0.000000 -0.189549  0.000000  0.009413  0.000000 ) 
 (  0.212444  0.000000  0.189549  0.000000  0.009413  0.000000 ) 
 (  0.212444  0.000000 -0.189549  0.000000  0.009413  0.000000 ) 
 ( -0.212444  0.000000  0.189549  0.000000  0.009413  0.000000 ) 
 (  0.210353  0.000000  0.174199  0.000000  0.006989  0.000000 ) 
 ( -0.210353  0.000000 -0.174199  0.000000  0.006989  0.000000 ) 
 ( -0.210353  0.000000  0.174199  0.000000  0.006989  0.000000 ) 
 (  0.210353  0.000000 -0.174199  0.000000  0.006989  0.000000 ) 
     freq (   13) =       6.099433 [THz] =     203.455193 [cm-1]
 (  0.000983  0.000000 -0.000968  0.000000 -0.000000  0.000000 ) 
 ( -0.000983  0.000000 -0.000968  0.000000 -0.000000  0.000000 ) 
 ( -0.005797  0.000000  0.005173  0.000000  0.191119  0.000000 ) 
 ( -0.005797  0.000000  0.005173  0.000000 -0.191119  0.000000 ) 
 (  0.005797  0.000000  0.005173  0.000000  0.191119  0.000000 ) 
 (  0.005797  0.000000  0.005173  0.000000 -0.191119  0.000000 ) 
 ( -0.005637  0.000000  0.005177  0.000000  0.169838  0.000000 ) 
 ( -0.005637  0.000000  0.005177  0.000000 -0.169838  0.000000 ) 
 (  0.005637  0.000000  0.005177  0.000000  0.169838  0.000000 ) 
 (  0.005637  0.000000  0.005177  0.000000 -0.169838  0.000000 ) 
 ( -0.005835  0.000000  0.005352  0.000000  0.045799  0.000000 ) 
 ( -0.005835  0.000000  0.005352  0.000000 -0.045799  0.000000 ) 
 (  0.005835  0.000000  0.005352  0.000000  0.045799  0.000000 ) 
 (  0.005835  0.000000  0.005352  0.000000 -0.045799  0.000000 ) 
 ( -0.032093  0.000000 -0.129797  0.000000  0.268649  0.000000 ) 
 ( -0.032093  0.000000 -0.129797  0.000000 -0.268649  0.000000 ) 
 (  0.032093  0.000000 -0.129797  0.000000  0.268649  0.000000 ) 
 (  0.032093  0.000000 -0.129797  0.000000 -0.268649  0.000000 ) 
 (  0.021783  0.000000  0.140310  0.000000 -0.268584  0.000000 ) 
 (  0.021783  0.000000  0.140310  0.000000  0.268584  0.000000 ) 
 ( -0.021783  0.000000  0.140310  0.000000 -0.268584  0.000000 ) 
 ( -0.021783  0.000000  0.140310  0.000000  0.268584  0.000000 ) 
     freq (   14) =       6.438841 [THz] =     214.776605 [cm-1]
 (  0.000768  0.000000 -0.001984  0.000000  0.000000  0.000000 ) 
 (  0.000768  0.000000  0.001984  0.000000 -0.000000  0.000000 ) 
 ( -0.002269  0.000000  0.010075  0.000000  0.211520  0.000000 ) 
 ( -0.002269  0.000000  0.010075  0.000000 -0.211520  0.000000 ) 
 ( -0.002269  0.000000 -0.010075  0.000000 -0.211520  0.000000 ) 
 ( -0.002269  0.000000 -0.010075  0.000000  0.211520  0.000000 ) 
 ( -0.002948  0.000000  0.006105  0.000000  0.078074  0.000000 ) 
 ( -0.002948  0.000000  0.006105  0.000000 -0.078074  0.000000 ) 
 ( -0.002948  0.000000 -0.006105  0.000000 -0.078074  0.000000 ) 
 ( -0.002948  0.000000 -0.006105  0.000000  0.078074  0.000000 ) 
 ( -0.005835  0.000000  0.011727  0.000000  0.259724  0.000000 ) 
 ( -0.005835  0.000000  0.011727  0.000000 -0.259724  0.000000 ) 
 ( -0.005835  0.000000 -0.011727  0.000000 -0.259724  0.000000 ) 
 ( -0.005835  0.000000 -0.011727  0.000000  0.259724  0.000000 ) 
 (  0.096192  0.000000  0.010259  0.000000  0.237386  0.000000 ) 
 (  0.096192  0.000000  0.010259  0.000000 -0.237386  0.000000 ) 
 (  0.096192  0.000000 -0.010259  0.000000 -0.237386  0.000000 ) 
 (  0.096192  0.000000 -0.010259  0.000000  0.237386  0.000000 ) 
 ( -0.097172  0.000000  0.010958  0.000000 -0.236872  0.000000 ) 
 ( -0.097172  0.000000  0.010958  0.000000  0.236872  0.000000 ) 
 ( -0.097172  0.000000 -0.010958  0.000000  0.236872  0.000000 ) 
 ( -0.097172  0.000000 -0.010958  0.000000 -0.236872  0.000000 ) 
     freq (   15) =       6.446834 [THz] =     215.043232 [cm-1]
 ( -0.000000  0.000000  0.000000  0.000000  0.015491  0.000000 ) 
 ( -0.000000  0.000000 -0.000000  0.000000 -0.015491  0.000000 ) 
 (  0.007850  0.000000 -0.006518  0.000000 -0.203916  0.000000 ) 
 ( -0.007850  0.000000  0.006518  0.000000 -0.203916  0.000000 ) 
 (  0.007850  0.000000  0.006518  0.000000  0.203916  0.000000 ) 
 ( -0.007850  0.000000 -0.006518  0.000000  0.203916  0.000000 ) 
 (  0.011053  0.000000  0.013148  0.000000 -0.106996  0.000000 ) 
 ( -0.011053  0.000000 -0.013148  0.000000 -0.106996  0.000000 ) 
 (  0.011053  0.000000 -0.013148  0.000000  0.106996  0.000000 ) 
 ( -0.011053  0.000000  0.013148  0.000000  0.106996  0.000000 ) 
 (  0.025903  0.000000 -0.016992  0.000000 -0.117369  0.000000 ) 
 ( -0.025903  0.000000  0.016992  0.000000 -0.117369  0.000000 ) 
 (  0.025903  0.000000  0.016992  0.000000  0.117369  0.000000 ) 
 ( -0.025903  0.000000 -0.016992  0.000000  0.117369  0.000000 ) 
 ( -0.042796  0.000000  0.092687  0.000000 -0.279254  0.000000 ) 
 (  0.042796  0.000000 -0.092687  0.000000 -0.279254  0.000000 ) 
 ( -0.042796  0.000000 -0.092687  0.000000  0.279254  0.000000 ) 
 (  0.042796  0.000000  0.092687  0.000000  0.279254  0.000000 ) 
 ( -0.033096  0.000000  0.117806  0.000000 -0.279888  0.000000 ) 
 (  0.033096  0.000000 -0.117806  0.000000 -0.279888  0.000000 ) 
 ( -0.033096  0.000000 -0.117806  0.000000  0.279888  0.000000 ) 
 (  0.033096  0.000000  0.117806  0.000000  0.279888  0.000000 ) 
     freq (   16) =       6.951848 [THz] =     231.888696 [cm-1]
 (  0.000000  0.000000 -0.000000  0.000000 -0.001132  0.000000 ) 
 ( -0.000000  0.000000 -0.000000  0.000000  0.001132  0.000000 ) 
 (  0.106501  0.000000 -0.102681  0.000000  0.010341  0.000000 ) 
 ( -0.106501  0.000000  0.102681  0.000000  0.010341  0.000000 ) 
 (  0.106501  0.000000  0.102681  0.000000 -0.010341  0.000000 ) 
 ( -0.106501  0.000000 -0.102681  0.000000 -0.010341  0.000000 ) 
 (  0.142040  0.000000  0.116642  0.000000  0.003181  0.000000 ) 
 ( -0.142040  0.000000 -0.116642  0.000000  0.003181  0.000000 ) 
 (  0.142040  0.000000 -0.116642  0.000000 -0.003181  0.000000 ) 
 ( -0.142040  0.000000  0.116642  0.000000 -0.003181  0.000000 ) 
 (  0.301512  0.000000 -0.217005  0.000000  0.005308  0.000000 ) 
 ( -0.301512  0.000000  0.217005  0.000000  0.005308  0.000000 ) 
 (  0.301512  0.000000  0.217005  0.000000 -0.005308  0.000000 ) 
 ( -0.301512  0.000000 -0.217005  0.000000 -0.005308  0.000000 ) 
 ( -0.028930  0.000000 -0.170355  0.000000  0.016595  0.000000 ) 
 (  0.028930  0.000000  0.170355  0.000000  0.016595  0.000000 ) 
 ( -0.028930  0.000000  0.170355  0.000000 -0.016595  0.000000 ) 
 (  0.028930  0.000000 -0.170355  0.000000 -0.016595  0.000000 ) 
 (  0.035950  0.000000  0.156691  0.000000  0.014484  0.000000 ) 
 ( -0.035950  0.000000 -0.156691  0.000000  0.014484  0.000000 ) 
 (  0.035950  0.000000 -0.156691  0.000000 -0.014484  0.000000 ) 
 ( -0.035950  0.000000  0.156691  0.000000 -0.014484  0.000000 ) 
     freq (   17) =       6.984195 [THz] =     232.967680 [cm-1]
 (  0.005151  0.000000 -0.013162  0.000000  0.000000  0.000000 ) 
 ( -0.005151  0.000000 -0.013162  0.000000 -0.000000  0.000000 ) 
 ( -0.227644  0.000000  0.057552  0.000000 -0.009315  0.000000 ) 
 ( -0.227644  0.000000  0.057552  0.000000  0.009315  0.000000 ) 
 (  0.227644  0.000000  0.057552  0.000000 -0.009315  0.000000 ) 
 (  0.227644  0.000000  0.057552  0.000000  0.009315  0.000000 ) 
 ( -0.220223  0.000000  0.053558  0.000000 -0.004231  0.000000 ) 
 ( -0.220223  0.000000  0.053558  0.000000  0.004231  0.000000 ) 
 (  0.220223  0.000000  0.053558  0.000000 -0.004231  0.000000 ) 
 (  0.220223  0.000000  0.053558  0.000000  0.004231  0.000000 ) 
 ( -0.236242  0.000000  0.068241  0.000000 -0.012579  0.000000 ) 
 ( -0.236242  0.000000  0.068241  0.000000  0.012579  0.000000 ) 
 (  0.236242  0.000000  0.068241  0.000000 -0.012579  0.000000 ) 
 (  0.236242  0.000000  0.068241  0.000000  0.012579  0.000000 ) 
 ( -0.196073  0.000000  0.065097  0.000000 -0.007974  0.000000 ) 
 ( -0.196073  0.000000  0.065097  0.000000  0.007974  0.000000 ) 
 (  0.196073  0.000000  0.065097  0.000000 -0.007974  0.000000 ) 
 (  0.196073  0.000000  0.065097  0.000000  0.007974  0.000000 ) 
 ( -0.187153  0.000000  0.069220  0.000000  0.010315  0.000000 ) 
 ( -0.187153  0.000000  0.069220  0.000000 -0.010315  0.000000 ) 
 (  0.187153  0.000000  0.069220  0.000000  0.010315  0.000000 ) 
 (  0.187153  0.000000  0.069220  0.000000 -0.010315  0.000000 ) 
     freq (   18) =       7.657102 [THz] =     255.413416 [cm-1]
 ( -0.000000  0.000000 -0.000000  0.000000 -0.000170  0.000000 ) 
 ( -0.000000  0.000000 -0.000000  0.000000 -0.000170  0.000000 ) 
 ( -0.103362  0.000000  0.014742  0.000000  0.001253  0.000000 ) 
 (  0.103362  0.000000 -0.014742  0.000000  0.001253  0.000000 ) 
 (  0.103362  0.000000  0.014742  0.000000  0.001253  0.000000 ) 
 ( -0.103362  0.000000 -0.014742  0.000000  0.001253  0.000000 ) 
 ( -0.144810  0.000000 -0.245634  0.000000  0.005573  0.000000 ) 
 (  0.144810  0.000000  0.245634  0.000000  0.005573  0.000000 ) 
 (  0.144810  0.000000 -0.245634  0.000000  0.005573  0.000000 ) 
 ( -0.144810  0.000000  0.245634  0.000000  0.005573  0.000000 ) 
 ( -0.330606  0.000000  0.148692  0.000000 -0.013244  0.000000 ) 
 (  0.330606  0.000000 -0.148692  0.000000 -0.013244  0.000000 ) 
 (  0.330606  0.000000  0.148692  0.000000 -0.013244  0.000000 ) 
 ( -0.330606  0.000000 -0.148692  0.000000 -0.013244  0.000000 ) 
 (  0.059844  0.000000  0.080291  0.000000  0.003058  0.000000 ) 
 ( -0.059844  0.000000 -0.080291  0.000000  0.003058  0.000000 ) 
 ( -0.059844  0.000000  0.080291  0.000000  0.003058  0.000000 ) 
 (  0.059844  0.000000 -0.080291  0.000000  0.003058  0.000000 ) 
 ( -0.072754  0.000000 -0.103581  0.000000  0.010758  0.000000 ) 
 (  0.072754  0.000000  0.103581  0.000000  0.010758  0.000000 ) 
 (  0.072754  0.000000 -0.103581  0.000000  0.010758  0.000000 ) 
 ( -0.072754  0.000000  0.103581  0.000000  0.010758  0.000000 ) 
     freq (   19) =       8.056241 [THz] =     268.727278 [cm-1]
 (  0.000000  0.000000 -0.000000  0.000000 -0.001349  0.000000 ) 
 (  0.000000  0.000000  0.000000  0.000000 -0.001349  0.000000 ) 
 ( -0.004327  0.000000 -0.002146  0.000000  0.008155  0.000000 ) 
 (  0.004327  0.000000  0.002146  0.000000  0.008155  0.000000 ) 
 (  0.004327  0.000000 -0.002146  0.000000  0.008155  0.000000 ) 
 ( -0.004327  0.000000  0.002146  0.000000  0.008155  0.000000 ) 
 ( -0.005545  0.000000 -0.010745  0.000000 -0.084431  0.000000 ) 
 (  0.005545  0.000000  0.010745  0.000000 -0.084431  0.000000 ) 
 (  0.005545  0.000000 -0.010745  0.000000 -0.084431  0.000000 ) 
 ( -0.005545  0.000000  0.010745  0.000000 -0.084431  0.000000 ) 
 ( -0.011971  0.000000  0.002340  0.000000  0.289685  0.000000 ) 
 (  0.011971  0.000000 -0.002340  0.000000  0.289685  0.000000 ) 
 (  0.011971  0.000000  0.002340  0.000000  0.289685  0.000000 ) 
 ( -0.011971  0.000000 -0.002340  0.000000  0.289685  0.000000 ) 
 (  0.136625  0.000000  0.227189  0.000000 -0.099044  0.000000 ) 
 ( -0.136625  0.000000 -0.227189  0.000000 -0.099044  0.000000 ) 
 ( -0.136625  0.000000  0.227189  0.000000 -0.099044  0.000000 ) 
 (  0.136625  0.000000 -0.227189  0.000000 -0.099044  0.000000 ) 
 (  0.133416  0.000000  0.225597  0.000000 -0.098910  0.000000 ) 
 ( -0.133416  0.000000 -0.225597  0.000000 -0.098910  0.000000 ) 
 ( -0.133416  0.000000  0.225597  0.000000 -0.098910  0.000000 ) 
 (  0.133416  0.000000 -0.225597  0.000000 -0.098910  0.000000 ) 
     freq (   20) =       8.270155 [THz] =     275.862682 [cm-1]
 (  0.000317  0.000000  0.000138  0.000000  0.000000  0.000000 ) 
 (  0.000317  0.000000 -0.000138  0.000000 -0.000000  0.000000 ) 
 (  0.000004  0.000000  0.001696  0.000000 -0.010195  0.000000 ) 
 (  0.000004  0.000000  0.001696  0.000000  0.010195  0.000000 ) 
 (  0.000004  0.000000 -0.001696  0.000000  0.010195  0.000000 ) 
 (  0.000004  0.000000 -0.001696  0.000000 -0.010195  0.000000 ) 
 (  0.000082  0.000000  0.002540  0.000000 -0.061756  0.000000 ) 
 (  0.000082  0.000000  0.002540  0.000000  0.061756  0.000000 ) 
 (  0.000082  0.000000 -0.002540  0.000000  0.061756  0.000000 ) 
 (  0.000082  0.000000 -0.002540  0.000000 -0.061756  0.000000 ) 
 (  0.000682  0.000000  0.001260  0.000000  0.270798  0.000000 ) 
 (  0.000682  0.000000  0.001260  0.000000 -0.270798  0.000000 ) 
 (  0.000682  0.000000 -0.001260  0.000000 -0.270798  0.000000 ) 
 (  0.000682  0.000000 -0.001260  0.000000  0.270798  0.000000 ) 
 (  0.106196  0.000000  0.240802  0.000000 -0.132964  0.000000 ) 
 (  0.106196  0.000000  0.240802  0.000000  0.132964  0.000000 ) 
 (  0.106196  0.000000 -0.240802  0.000000  0.132964  0.000000 ) 
 (  0.106196  0.000000 -0.240802  0.000000 -0.132964  0.000000 ) 
 ( -0.107004  0.000000 -0.238040  0.000000  0.132980  0.000000 ) 
 ( -0.107004  0.000000 -0.238040  0.000000 -0.132980  0.000000 ) 
 ( -0.107004  0.000000  0.238040  0.000000 -0.132980  0.000000 ) 
 ( -0.107004  0.000000  0.238040  0.000000  0.132980  0.000000 ) 
     freq (   21) =       8.753116 [THz] =     291.972511 [cm-1]
 (  0.000000  0.000000  0.000000  0.000000 -0.004369  0.000000 ) 
 ( -0.000000  0.000000  0.000000  0.000000  0.004369  0.000000 ) 
 (  0.003742  0.000000 -0.006428  0.000000  0.026745  0.000000 ) 
 ( -0.003742  0.000000  0.006428  0.000000  0.026745  0.000000 ) 
 (  0.003742  0.000000  0.006428  0.000000 -0.026745  0.000000 ) 
 ( -0.003742  0.000000 -0.006428  0.000000 -0.026745  0.000000 ) 
 ( -0.000206  0.000000 -0.028971  0.000000 -0.028282  0.000000 ) 
 (  0.000206  0.000000  0.028971  0.000000 -0.028282  0.000000 ) 
 ( -0.000206  0.000000  0.028971  0.000000  0.028282  0.000000 ) 
 (  0.000206  0.000000 -0.028971  0.000000  0.028282  0.000000 ) 
 ( -0.016033  0.000000  0.005266  0.000000  0.302779  0.000000 ) 
 (  0.016033  0.000000 -0.005266  0.000000  0.302779  0.000000 ) 
 ( -0.016033  0.000000 -0.005266  0.000000 -0.302779  0.000000 ) 
 (  0.016033  0.000000  0.005266  0.000000 -0.302779  0.000000 ) 
 (  0.123759  0.000000  0.238953  0.000000 -0.097053  0.000000 ) 
 ( -0.123759  0.000000 -0.238953  0.000000 -0.097053  0.000000 ) 
 (  0.123759  0.000000 -0.238953  0.000000  0.097053  0.000000 ) 
 ( -0.123759  0.000000  0.238953  0.000000  0.097053  0.000000 ) 
 (  0.090102  0.000000  0.237756  0.000000 -0.095606  0.000000 ) 
 ( -0.090102  0.000000 -0.237756  0.000000 -0.095606  0.000000 ) 
 (  0.090102  0.000000 -0.237756  0.000000  0.095606  0.000000 ) 
 ( -0.090102  0.000000  0.237756  0.000000  0.095606  0.000000 ) 
     freq (   22) =       8.753316 [THz] =     291.979188 [cm-1]
 (  0.000488  0.000000  0.000012  0.000000  0.000000  0.000000 ) 
 ( -0.000488  0.000000  0.000012  0.000000 -0.000000  0.000000 ) 
 (  0.002836  0.000000 -0.000626  0.000000 -0.044255  0.000000 ) 
 (  0.002836  0.000000 -0.000626  0.000000  0.044255  0.000000 ) 
 ( -0.002836  0.000000 -0.000626  0.000000 -0.044255  0.000000 ) 
 ( -0.002836  0.000000 -0.000626  0.000000  0.044255  0.000000 ) 
 (  0.002114  0.000000 -0.004106  0.000000  0.077811  0.000000 ) 
 (  0.002114  0.000000 -0.004106  0.000000 -0.077811  0.000000 ) 
 ( -0.002114  0.000000 -0.004106  0.000000  0.077811  0.000000 ) 
 ( -0.002114  0.000000 -0.004106  0.000000 -0.077811  0.000000 ) 
 ( -0.000070  0.000000  0.000941  0.000000 -0.317068  0.000000 ) 
 ( -0.000070  0.000000  0.000941  0.000000  0.317068  0.000000 ) 
 (  0.000070  0.000000  0.000941  0.000000 -0.317068  0.000000 ) 
 (  0.000070  0.000000  0.000941  0.000000  0.317068  0.000000 ) 
 ( -0.147914  0.000000 -0.211880  0.000000  0.049769  0.000000 ) 
 ( -0.147914  0.000000 -0.211880  0.000000 -0.049769  0.000000 ) 
 (  0.147914  0.000000 -0.211880  0.000000  0.049769  0.000000 ) 
 (  0.147914  0.000000 -0.211880  0.000000 -0.049769  0.000000 ) 
 (  0.156712  0.000000  0.212439  0.000000 -0.049862  0.000000 ) 
 (  0.156712  0.000000  0.212439  0.000000  0.049862  0.000000 ) 
 ( -0.156712  0.000000  0.212439  0.000000 -0.049862  0.000000 ) 
 ( -0.156712  0.000000  0.212439  0.000000  0.049862  0.000000 ) 
     freq (   23) =       8.845191 [THz] =     295.043810 [cm-1]
 ( -0.000000  0.000000 -0.000000  0.000000  0.000607  0.000000 ) 
 (  0.000000  0.000000 -0.000000  0.000000 -0.000607  0.000000 ) 
 (  0.036779  0.000000 -0.079218  0.000000 -0.004011  0.000000 ) 
 ( -0.036779  0.000000  0.079218  0.000000 -0.004011  0.000000 ) 
 (  0.036779  0.000000  0.079218  0.000000  0.004011  0.000000 ) 
 ( -0.036779  0.000000 -0.079218  0.000000  0.004011  0.000000 ) 
 ( -0.010805  0.000000 -0.347857  0.000000  0.003855  0.000000 ) 
 (  0.010805  0.000000  0.347857  0.000000  0.003855  0.000000 ) 
 ( -0.010805  0.000000  0.347857  0.000000 -0.003855  0.000000 ) 
 (  0.010805  0.000000 -0.347857  0.000000 -0.003855  0.000000 ) 
 ( -0.198575  0.000000  0.061636  0.000000 -0.032645  0.000000 ) 
 (  0.198575  0.000000 -0.061636  0.000000 -0.032645  0.000000 ) 
 ( -0.198575  0.000000 -0.061636  0.000000  0.032645  0.000000 ) 
 (  0.198575  0.000000  0.061636  0.000000  0.032645  0.000000 ) 
 (  0.181322  0.000000 -0.020675  0.000000 -0.000455  0.000000 ) 
 ( -0.181322  0.000000  0.020675  0.000000 -0.000455  0.000000 ) 
 (  0.181322  0.000000  0.020675  0.000000  0.000455  0.000000 ) 
 ( -0.181322  0.000000 -0.020675  0.000000  0.000455  0.000000 ) 
 ( -0.206351  0.000000 -0.027681  0.000000  0.016440  0.000000 ) 
 (  0.206351  0.000000  0.027681  0.000000  0.016440  0.000000 ) 
 ( -0.206351  0.000000  0.027681  0.000000 -0.016440  0.000000 ) 
 (  0.206351  0.000000 -0.027681  0.000000 -0.016440  0.000000 ) 
     freq (   24) =       9.198751 [THz] =     306.837318 [cm-1]
 (  0.009579  0.000000  0.005798  0.000000 -0.000000  0.000000 ) 
 ( -0.009579  0.000000  0.005798  0.000000  0.000000  0.000000 ) 
 ( -0.006472  0.000000 -0.030992  0.000000  0.000965  0.000000 ) 
 ( -0.006472  0.000000 -0.030992  0.000000 -0.000965  0.000000 ) 
 (  0.006472  0.000000 -0.030992  0.000000  0.000965  0.000000 ) 
 (  0.006472  0.000000 -0.030992  0.000000 -0.000965  0.000000 ) 
 ( -0.057436  0.000000 -0.317898  0.000000 -0.001104  0.000000 ) 
 ( -0.057436  0.000000 -0.317898  0.000000  0.001104  0.000000 ) 
 (  0.057436  0.000000 -0.317898  0.000000 -0.001104  0.000000 ) 
 (  0.057436  0.000000 -0.317898  0.000000  0.001104  0.000000 ) 
 ( -0.255568  0.000000  0.116404  0.000000  0.003701  0.000000 ) 
 ( -0.255568  0.000000  0.116404  0.000000 -0.003701  0.000000 ) 
 (  0.255568  0.000000  0.116404  0.000000  0.003701  0.000000 ) 
 (  0.255568  0.000000  0.116404  0.000000 -0.003701  0.000000 ) 
 (  0.174516  0.000000  0.057559  0.000000 -0.006469  0.000000 ) 
 (  0.174516  0.000000  0.057559  0.000000  0.006469  0.000000 ) 
 ( -0.174516  0.000000  0.057559  0.000000 -0.006469  0.000000 ) 
 ( -0.174516  0.000000  0.057559  0.000000  0.006469  0.000000 ) 
 (  0.170196  0.000000  0.053563  0.000000 -0.007045  0.000000 ) 
 (  0.170196  0.000000  0.053563  0.000000  0.007045  0.000000 ) 
 ( -0.170196  0.000000  0.053563  0.000000 -0.007045  0.000000 ) 
 ( -0.170196  0.000000  0.053563  0.000000  0.007045  0.000000 ) 
     freq (   25) =       9.634918 [THz] =     321.386267 [cm-1]
 ( -0.001696  0.000000  0.001338  0.000000  0.000000  0.000000 ) 
 ( -0.001696  0.000000 -0.001338  0.000000 -0.000000  0.000000 ) 
 (  0.004464  0.000000 -0.034390  0.000000  0.000597  0.000000 ) 
 (  0.004464  0.000000 -0.034390  0.000000 -0.000597  0.000000 ) 
 (  0.004464  0.000000  0.034390  0.000000 -0.000597  0.000000 ) 
 (  0.004464  0.000000  0.034390  0.000000  0.000597  0.000000 ) 
 ( -0.046184  0.000000 -0.322410  0.000000 -0.000678  0.000000 ) 
 ( -0.046184  0.000000 -0.322410  0.000000  0.000678  0.000000 ) 
 ( -0.046184  0.000000  0.322410  0.000000  0.000678  0.000000 ) 
 ( -0.046184  0.000000  0.322410  0.000000 -0.000678  0.000000 ) 
 ( -0.246920  0.000000  0.113276  0.000000  0.002395  0.000000 ) 
 ( -0.246920  0.000000  0.113276  0.000000 -0.002395  0.000000 ) 
 ( -0.246920  0.000000 -0.113276  0.000000 -0.002395  0.000000 ) 
 ( -0.246920  0.000000 -0.113276  0.000000  0.002395  0.000000 ) 
 (  0.179026  0.000000  0.054084  0.000000 -0.006643  0.000000 ) 
 (  0.179026  0.000000  0.054084  0.000000  0.006643  0.000000 ) 
 (  0.179026  0.000000 -0.054084  0.000000  0.006643  0.000000 ) 
 (  0.179026  0.000000 -0.054084  0.000000 -0.006643  0.000000 ) 
 (  0.176639  0.000000  0.051359  0.000000 -0.006910  0.000000 ) 
 (  0.176639  0.000000  0.051359  0.000000  0.006910  0.000000 ) 
 (  0.176639  0.000000 -0.051359  0.000000  0.006910  0.000000 ) 
 (  0.176639  0.000000 -0.051359  0.000000 -0.006910  0.000000 ) 
     freq (   26) =       9.679200 [THz] =     322.863354 [cm-1]
 (  0.000000  0.000000 -0.000000  0.000000  0.000267  0.000000 ) 
 (  0.000000  0.000000  0.000000  0.000000  0.000267  0.000000 ) 
 (  0.091883  0.000000 -0.135516  0.000000 -0.001101  0.000000 ) 
 ( -0.091883  0.000000  0.135516  0.000000 -0.001101  0.000000 ) 
 ( -0.091883  0.000000 -0.135516  0.000000 -0.001101  0.000000 ) 
 (  0.091883  0.000000  0.135516  0.000000 -0.001101  0.000000 ) 
 (  0.048559  0.000000 -0.342497  0.000000 -0.007754  0.000000 ) 
 ( -0.048559  0.000000  0.342497  0.000000 -0.007754  0.000000 ) 
 ( -0.048559  0.000000 -0.342497  0.000000 -0.007754  0.000000 ) 
 (  0.048559  0.000000  0.342497  0.000000 -0.007754  0.000000 ) 
 ( -0.097751  0.000000 -0.017267  0.000000 -0.005459  0.000000 ) 
 (  0.097751  0.000000  0.017267  0.000000 -0.005459  0.000000 ) 
 (  0.097751  0.000000 -0.017267  0.000000 -0.005459  0.000000 ) 
 ( -0.097751  0.000000  0.017267  0.000000 -0.005459  0.000000 ) 
 (  0.210529  0.000000 -0.067962  0.000000 -0.006253  0.000000 ) 
 ( -0.210529  0.000000  0.067962  0.000000 -0.006253  0.000000 ) 
 ( -0.210529  0.000000 -0.067962  0.000000 -0.006253  0.000000 ) 
 (  0.210529  0.000000  0.067962  0.000000 -0.006253  0.000000 ) 
 ( -0.203510  0.000000  0.054554  0.000000  0.014623  0.000000 ) 
 (  0.203510  0.000000 -0.054554  0.000000  0.014623  0.000000 ) 
 (  0.203510  0.000000  0.054554  0.000000  0.014623  0.000000 ) 
 ( -0.203510  0.000000 -0.054554  0.000000  0.014623  0.000000 ) 
     freq (   27) =      11.906975 [THz] =     397.173949 [cm-1]
 ( -0.000000  0.000000  0.000000  0.000000 -0.002580  0.000000 ) 
 ( -0.000000  0.000000 -0.000000  0.000000 -0.002580  0.000000 ) 
 (  0.000723  0.000000 -0.002436  0.000000  0.010805  0.000000 ) 
 ( -0.000723  0.000000  0.002436  0.000000  0.010805  0.000000 ) 
 ( -0.000723  0.000000 -0.002436  0.000000  0.010805  0.000000 ) 
 (  0.000723  0.000000  0.002436  0.000000  0.010805  0.000000 ) 
 (  0.000263  0.000000 -0.004157  0.000000  0.300764  0.000000 ) 
 ( -0.000263  0.000000  0.004157  0.000000  0.300764  0.000000 ) 
 ( -0.000263  0.000000 -0.004157  0.000000  0.300764  0.000000 ) 
 (  0.000263  0.000000  0.004157  0.000000  0.300764  0.000000 ) 
 ( -0.001240  0.000000 -0.001073  0.000000  0.012847  0.000000 ) 
 (  0.001240  0.000000  0.001073  0.000000  0.012847  0.000000 ) 
 (  0.001240  0.000000 -0.001073  0.000000  0.012847  0.000000 ) 
 ( -0.001240  0.000000  0.001073  0.000000  0.012847  0.000000 ) 
 ( -0.219101  0.000000  0.120295  0.000000 -0.126463  0.000000 ) 
 (  0.219101  0.000000 -0.120295  0.000000 -0.126463  0.000000 ) 
 (  0.219101  0.000000  0.120295  0.000000 -0.126463  0.000000 ) 
 ( -0.219101  0.000000 -0.120295  0.000000 -0.126463  0.000000 ) 
 ( -0.222997  0.000000  0.123163  0.000000 -0.125950  0.000000 ) 
 (  0.222997  0.000000 -0.123163  0.000000 -0.125950  0.000000 ) 
 (  0.222997  0.000000  0.123163  0.000000 -0.125950  0.000000 ) 
 ( -0.222997  0.000000 -0.123163  0.000000 -0.125950  0.000000 ) 
     freq (   28) =      12.208741 [THz] =     407.239755 [cm-1]
 ( -0.000000  0.000000  0.000000  0.000000 -0.005645  0.000000 ) 
 ( -0.000000  0.000000  0.000000  0.000000  0.005645  0.000000 ) 
 (  0.000002  0.000000 -0.000418  0.000000  0.023238  0.000000 ) 
 ( -0.000002  0.000000  0.000418  0.000000  0.023238  0.000000 ) 
 (  0.000002  0.000000  0.000418  0.000000 -0.023238  0.000000 ) 
 ( -0.000002  0.000000 -0.000418  0.000000 -0.023238  0.000000 ) 
 (  0.000374  0.000000  0.001874  0.000000  0.321227  0.000000 ) 
 ( -0.000374  0.000000 -0.001874  0.000000  0.321227  0.000000 ) 
 (  0.000374  0.000000 -0.001874  0.000000 -0.321227  0.000000 ) 
 ( -0.000374  0.000000  0.001874  0.000000 -0.321227  0.000000 ) 
 (  0.001602  0.000000 -0.001397  0.000000 -0.020099  0.000000 ) 
 ( -0.001602  0.000000  0.001397  0.000000 -0.020099  0.000000 ) 
 (  0.001602  0.000000  0.001397  0.000000  0.020099  0.000000 ) 
 ( -0.001602  0.000000 -0.001397  0.000000  0.020099  0.000000 ) 
 ( -0.239739  0.000000  0.082567  0.000000 -0.094793  0.000000 ) 
 (  0.239739  0.000000 -0.082567  0.000000 -0.094793  0.000000 ) 
 ( -0.239739  0.000000 -0.082567  0.000000  0.094793  0.000000 ) 
 (  0.239739  0.000000  0.082567  0.000000  0.094793  0.000000 ) 
 ( -0.237752  0.000000  0.084073  0.000000 -0.094725  0.000000 ) 
 (  0.237752  0.000000 -0.084073  0.000000 -0.094725  0.000000 ) 
 ( -0.237752  0.000000 -0.084073  0.000000  0.094725  0.000000 ) 
 (  0.237752  0.000000  0.084073  0.000000  0.094725  0.000000 ) 
     freq (   29) =      12.258936 [THz] =     408.914098 [cm-1]
 ( -0.000002  0.000000 -0.000047  0.000000 -0.000000  0.000000 ) 
 (  0.000002  0.000000 -0.000047  0.000000  0.000000  0.000000 ) 
 ( -0.000003  0.000000  0.000021  0.000000 -0.018719  0.000000 ) 
 ( -0.000003  0.000000  0.000021  0.000000  0.018719  0.000000 ) 
 (  0.000003  0.000000  0.000021  0.000000 -0.018719  0.000000 ) 
 (  0.000003  0.000000  0.000021  0.000000  0.018719  0.000000 ) 
 (  0.000007  0.000000  0.000572  0.000000 -0.301488  0.000000 ) 
 (  0.000007  0.000000  0.000572  0.000000  0.301488  0.000000 ) 
 ( -0.000007  0.000000  0.000572  0.000000 -0.301488  0.000000 ) 
 ( -0.000007  0.000000  0.000572  0.000000  0.301488  0.000000 ) 
 (  0.000492  0.000000 -0.000152  0.000000 -0.033836  0.000000 ) 
 (  0.000492  0.000000 -0.000152  0.000000  0.033836  0.000000 ) 
 ( -0.000492  0.000000 -0.000152  0.000000 -0.033836  0.000000 ) 
 ( -0.000492  0.000000 -0.000152  0.000000  0.033836  0.000000 ) 
 (  0.213356  0.000000 -0.133536  0.000000  0.123946  0.000000 ) 
 (  0.213356  0.000000 -0.133536  0.000000 -0.123946  0.000000 ) 
 ( -0.213356  0.000000 -0.133536  0.000000  0.123946  0.000000 ) 
 ( -0.213356  0.000000 -0.133536  0.000000 -0.123946  0.000000 ) 
 ( -0.213952  0.000000  0.133158  0.000000 -0.124047  0.000000 ) 
 ( -0.213952  0.000000  0.133158  0.000000  0.124047  0.000000 ) 
 (  0.213952  0.000000  0.133158  0.000000 -0.124047  0.000000 ) 
 (  0.213952  0.000000  0.133158  0.000000  0.124047  0.000000 ) 
     freq (   30) =      12.619328 [THz] =     420.935469 [cm-1]
 ( -0.000104  0.000000 -0.000305  0.000000  0.000000  0.000000 ) 
 ( -0.000104  0.000000  0.000305  0.000000 -0.000000  0.000000 ) 
 ( -0.000072  0.000000 -0.000385  0.000000  0.029049  0.000000 ) 
 ( -0.000072  0.000000 -0.000385  0.000000 -0.029049  0.000000 ) 
 ( -0.000072  0.000000  0.000385  0.000000 -0.029049  0.000000 ) 
 ( -0.000072  0.000000  0.000385  0.000000  0.029049  0.000000 ) 
 ( -0.000004  0.000000 -0.000833  0.000000  0.321213  0.000000 ) 
 ( -0.000004  0.000000 -0.000833  0.000000 -0.321213  0.000000 ) 
 ( -0.000004  0.000000  0.000833  0.000000 -0.321213  0.000000 ) 
 ( -0.000004  0.000000  0.000833  0.000000  0.321213  0.000000 ) 
 ( -0.000434  0.000000 -0.000288  0.000000 -0.000307  0.000000 ) 
 ( -0.000434  0.000000 -0.000288  0.000000  0.000307  0.000000 ) 
 ( -0.000434  0.000000  0.000288  0.000000  0.000307  0.000000 ) 
 ( -0.000434  0.000000  0.000288  0.000000 -0.000307  0.000000 ) 
 ( -0.232636  0.000000  0.097633  0.000000 -0.096507  0.000000 ) 
 ( -0.232636  0.000000  0.097633  0.000000  0.096507  0.000000 ) 
 ( -0.232636  0.000000 -0.097633  0.000000  0.096507  0.000000 ) 
 ( -0.232636  0.000000 -0.097633  0.000000 -0.096507  0.000000 ) 
 (  0.232216  0.000000 -0.098429  0.000000  0.096949  0.000000 ) 
 (  0.232216  0.000000 -0.098429  0.000000 -0.096949  0.000000 ) 
 (  0.232216  0.000000  0.098429  0.000000 -0.096949  0.000000 ) 
 (  0.232216  0.000000  0.098429  0.000000  0.096949  0.000000 ) 
     freq (   31) =      30.581811 [THz] =    1020.099395 [cm-1]
 (  0.000000  0.000000  0.000000  0.000000  0.000001  0.000000 ) 
 (  0.000000  0.000000 -0.000000  0.000000  0.000001  0.000000 ) 
 ( -0.047603  0.000000 -0.040820  0.000000 -0.000243  0.000000 ) 
 (  0.047603  0.000000  0.040820  0.000000 -0.000243  0.000000 ) 
 (  0.047603  0.000000 -0.040820  0.000000 -0.000243  0.000000 ) 
 ( -0.047603  0.000000  0.040820  0.000000 -0.000243  0.000000 ) 
 (  0.015247  0.000000  0.238030  0.000000  0.000062  0.000000 ) 
 ( -0.015247  0.000000 -0.238030  0.000000  0.000062  0.000000 ) 
 ( -0.015247  0.000000  0.238030  0.000000  0.000062  0.000000 ) 
 (  0.015247  0.000000 -0.238030  0.000000  0.000062  0.000000 ) 
 (  0.099376  0.000000 -0.099492  0.000000  0.001448  0.000000 ) 
 ( -0.099376  0.000000  0.099492  0.000000  0.001448  0.000000 ) 
 ( -0.099376  0.000000 -0.099492  0.000000  0.001448  0.000000 ) 
 (  0.099376  0.000000  0.099492  0.000000  0.001448  0.000000 ) 
 (  0.231171  0.000000  0.167208  0.000000 -0.053646  0.000000 ) 
 ( -0.231171  0.000000 -0.167208  0.000000 -0.053646  0.000000 ) 
 ( -0.231171  0.000000  0.167208  0.000000 -0.053646  0.000000 ) 
 (  0.231171  0.000000 -0.167208  0.000000 -0.053646  0.000000 ) 
 ( -0.231676  0.000000 -0.168883  0.000000  0.054115  0.000000 ) 
 (  0.231676  0.000000  0.168883  0.000000  0.054115  0.000000 ) 
 (  0.231676  0.000000 -0.168883  0.000000  0.054115  0.000000 ) 
 ( -0.231676  0.000000  0.168883  0.000000  0.054115  0.000000 ) 
     freq (   32) =      30.734726 [THz] =    1025.200091 [cm-1]
 (  0.000000  0.000000  0.000000  0.000000  0.000035  0.000000 ) 
 ( -0.000000  0.000000  0.000000  0.000000 -0.000035  0.000000 ) 
 ( -0.044524  0.000000 -0.046774  0.000000 -0.000246  0.000000 ) 
 (  0.044524  0.000000  0.046774  0.000000 -0.000246  0.000000 ) 
 ( -0.044524  0.000000  0.046774  0.000000  0.000246  0.000000 ) 
 (  0.044524  0.000000 -0.046774  0.000000  0.000246  0.000000 ) 
 (  0.022155  0.000000  0.257637  0.000000  0.000384  0.000000 ) 
 ( -0.022155  0.000000 -0.257637  0.000000  0.000384  0.000000 ) 
 (  0.022155  0.000000 -0.257637  0.000000 -0.000384  0.000000 ) 
 ( -0.022155  0.000000  0.257637  0.000000 -0.000384  0.000000 ) 
 (  0.068137  0.000000 -0.084540  0.000000  0.000591  0.000000 ) 
 ( -0.068137  0.000000  0.084540  0.000000  0.000591  0.000000 ) 
 (  0.068137  0.000000  0.084540  0.000000 -0.000591  0.000000 ) 
 ( -0.068137  0.000000 -0.084540  0.000000 -0.000591  0.000000 ) 
 (  0.217106  0.000000  0.178561  0.000000 -0.067657  0.000000 ) 
 ( -0.217106  0.000000 -0.178561  0.000000 -0.067657  0.000000 ) 
 (  0.217106  0.000000 -0.178561  0.000000  0.067657  0.000000 ) 
 ( -0.217106  0.000000  0.178561  0.000000  0.067657  0.000000 ) 
 ( -0.216346  0.000000 -0.179329  0.000000  0.067904  0.000000 ) 
 (  0.216346  0.000000  0.179329  0.000000  0.067904  0.000000 ) 
 ( -0.216346  0.000000  0.179329  0.000000 -0.067904  0.000000 ) 
 (  0.216346  0.000000 -0.179329  0.000000 -0.067904  0.000000 ) 
     freq (   33) =      30.788202 [THz] =    1026.983871 [cm-1]
 ( -0.000460  0.000000 -0.000317  0.000000 -0.000000  0.000000 ) 
 (  0.000460  0.000000 -0.000317  0.000000  0.000000  0.000000 ) 
 ( -0.039050  0.000000 -0.049718  0.000000  0.000011  0.000000 ) 
 ( -0.039050  0.000000 -0.049718  0.000000 -0.000011  0.000000 ) 
 (  0.039050  0.000000 -0.049718  0.000000  0.000011  0.000000 ) 
 (  0.039050  0.000000 -0.049718  0.000000 -0.000011  0.000000 ) 
 (  0.026335  0.000000  0.272485  0.000000  0.000309  0.000000 ) 
 (  0.026335  0.000000  0.272485  0.000000 -0.000309  0.000000 ) 
 ( -0.026335  0.000000  0.272485  0.000000  0.000309  0.000000 ) 
 ( -0.026335  0.000000  0.272485  0.000000 -0.000309  0.000000 ) 
 (  0.055375  0.000000 -0.076975  0.000000 -0.000423  0.000000 ) 
 (  0.055375  0.000000 -0.076975  0.000000  0.000423  0.000000 ) 
 ( -0.055375  0.000000 -0.076975  0.000000 -0.000423  0.000000 ) 
 ( -0.055375  0.000000 -0.076975  0.000000  0.000423  0.000000 ) 
 (  0.207190  0.000000  0.180689  0.000000 -0.074489  0.000000 ) 
 (  0.207190  0.000000  0.180689  0.000000  0.074489  0.000000 ) 
 ( -0.207190  0.000000  0.180689  0.000000 -0.074489  0.000000 ) 
 ( -0.207190  0.000000  0.180689  0.000000  0.074489  0.000000 ) 
 (  0.206806  0.000000  0.180601  0.000000 -0.074562  0.000000 ) 
 (  0.206806  0.000000  0.180601  0.000000  0.074562  0.000000 ) 
 ( -0.206806  0.000000  0.180601  0.000000 -0.074562  0.000000 ) 
 ( -0.206806  0.000000  0.180601  0.000000  0.074562  0.000000 ) 
     freq (   34) =      30.916856 [THz] =    1031.275322 [cm-1]
 ( -0.000751  0.000000 -0.000721  0.000000 -0.000000  0.000000 ) 
 ( -0.000751  0.000000  0.000721  0.000000 -0.000000  0.000000 ) 
 ( -0.042285  0.000000 -0.047445  0.000000  0.000400  0.000000 ) 
 ( -0.042285  0.000000 -0.047445  0.000000 -0.000400  0.000000 ) 
 ( -0.042285  0.000000  0.047445  0.000000 -0.000400  0.000000 ) 
 ( -0.042285  0.000000  0.047445  0.000000  0.000400  0.000000 ) 
 (  0.024934  0.000000  0.264836  0.000000 -0.001123  0.000000 ) 
 (  0.024934  0.000000  0.264836  0.000000  0.001123  0.000000 ) 
 (  0.024934  0.000000 -0.264836  0.000000  0.001123  0.000000 ) 
 (  0.024934  0.000000 -0.264836  0.000000 -0.001123  0.000000 ) 
 (  0.059515  0.000000 -0.081380  0.000000 -0.001433  0.000000 ) 
 (  0.059515  0.000000 -0.081380  0.000000  0.001433  0.000000 ) 
 (  0.059515  0.000000  0.081380  0.000000  0.001433  0.000000 ) 
 (  0.059515  0.000000  0.081380  0.000000 -0.001433  0.000000 ) 
 (  0.209721  0.000000  0.182598  0.000000 -0.072488  0.000000 ) 
 (  0.209721  0.000000  0.182598  0.000000  0.072488  0.000000 ) 
 (  0.209721  0.000000 -0.182598  0.000000  0.072488  0.000000 ) 
 (  0.209721  0.000000 -0.182598  0.000000 -0.072488  0.000000 ) 
 (  0.210890  0.000000  0.181151  0.000000 -0.071851  0.000000 ) 
 (  0.210890  0.000000  0.181151  0.000000  0.071851  0.000000 ) 
 (  0.210890  0.000000 -0.181151  0.000000  0.071851  0.000000 ) 
 (  0.210890  0.000000 -0.181151  0.000000 -0.071851  0.000000 ) 
     freq (   35) =      31.791569 [THz] =    1060.452605 [cm-1]
 ( -0.000000  0.000000  0.000000  0.000000 -0.000025  0.000000 ) 
 ( -0.000000  0.000000 -0.000000  0.000000  0.000025  0.000000 ) 
 ( -0.047880  0.000000  0.047408  0.000000  0.000368  0.000000 ) 
 (  0.047880  0.000000 -0.047408  0.000000  0.000368  0.000000 ) 
 ( -0.047880  0.000000 -0.047408  0.000000 -0.000368  0.000000 ) 
 (  0.047880  0.000000  0.047408  0.000000 -0.000368  0.000000 ) 
 ( -0.069667  0.000000 -0.188053  0.000000 -0.001233  0.000000 ) 
 (  0.069667  0.000000  0.188053  0.000000 -0.001233  0.000000 ) 
 ( -0.069667  0.000000  0.188053  0.000000  0.001233  0.000000 ) 
 (  0.069667  0.000000 -0.188053  0.000000  0.001233  0.000000 ) 
 (  0.282624  0.000000 -0.155505  0.000000 -0.001322  0.000000 ) 
 ( -0.282624  0.000000  0.155505  0.000000 -0.001322  0.000000 ) 
 (  0.282624  0.000000  0.155505  0.000000  0.001322  0.000000 ) 
 ( -0.282624  0.000000 -0.155505  0.000000  0.001322  0.000000 ) 
 (  0.158353  0.000000 -0.090422  0.000000  0.130384  0.000000 ) 
 ( -0.158353  0.000000  0.090422  0.000000  0.130384  0.000000 ) 
 (  0.158353  0.000000  0.090422  0.000000 -0.130384  0.000000 ) 
 ( -0.158353  0.000000 -0.090422  0.000000 -0.130384  0.000000 ) 
 ( -0.159231  0.000000  0.091776  0.000000 -0.130963  0.000000 ) 
 (  0.159231  0.000000 -0.091776  0.000000 -0.130963  0.000000 ) 
 ( -0.159231  0.000000 -0.091776  0.000000  0.130963  0.000000 ) 
 (  0.159231  0.000000  0.091776  0.000000  0.130963  0.000000 ) 
     freq (   36) =      31.797704 [THz] =    1060.657241 [cm-1]
 (  0.000033  0.000000 -0.000003  0.000000 -0.000000  0.000000 ) 
 (  0.000033  0.000000  0.000003  0.000000  0.000000  0.000000 ) 
 ( -0.050962  0.000000  0.047070  0.000000  0.000343  0.000000 ) 
 ( -0.050962  0.000000  0.047070  0.000000 -0.000343  0.000000 ) 
 ( -0.050962  0.000000 -0.047070  0.000000 -0.000343  0.000000 ) 
 ( -0.050962  0.000000 -0.047070  0.000000  0.000343  0.000000 ) 
 ( -0.069640  0.000000 -0.174647  0.000000 -0.001647  0.000000 ) 
 ( -0.069640  0.000000 -0.174647  0.000000  0.001647  0.000000 ) 
 ( -0.069640  0.000000  0.174647  0.000000  0.001647  0.000000 ) 
 ( -0.069640  0.000000  0.174647  0.000000 -0.001647  0.000000 ) 
 (  0.283676  0.000000 -0.156732  0.000000 -0.001596  0.000000 ) 
 (  0.283676  0.000000 -0.156732  0.000000  0.001596  0.000000 ) 
 (  0.283676  0.000000  0.156732  0.000000  0.001596  0.000000 ) 
 (  0.283676  0.000000  0.156732  0.000000 -0.001596  0.000000 ) 
 (  0.165505  0.000000 -0.086373  0.000000  0.130970  0.000000 ) 
 (  0.165505  0.000000 -0.086373  0.000000 -0.130970  0.000000 ) 
 (  0.165505  0.000000  0.086373  0.000000 -0.130970  0.000000 ) 
 (  0.165505  0.000000  0.086373  0.000000  0.130970  0.000000 ) 
 (  0.166526  0.000000 -0.087853  0.000000  0.131677  0.000000 ) 
 (  0.166526  0.000000 -0.087853  0.000000 -0.131677  0.000000 ) 
 (  0.166526  0.000000  0.087853  0.000000 -0.131677  0.000000 ) 
 (  0.166526  0.000000  0.087853  0.000000  0.131677  0.000000 ) 
     freq (   37) =      31.956816 [THz] =    1065.964653 [cm-1]
 ( -0.000503  0.000000 -0.000037  0.000000  0.000000  0.000000 ) 
 (  0.000503  0.000000 -0.000037  0.000000 -0.000000  0.000000 ) 
 ( -0.049319  0.000000  0.045886  0.000000  0.000852  0.000000 ) 
 ( -0.049319  0.000000  0.045886  0.000000 -0.000852  0.000000 ) 
 (  0.049319  0.000000  0.045886  0.000000  0.000852  0.000000 ) 
 (  0.049319  0.000000  0.045886  0.000000 -0.000852  0.000000 ) 
 ( -0.069309  0.000000 -0.169365  0.000000 -0.003080  0.000000 ) 
 ( -0.069309  0.000000 -0.169365  0.000000  0.003080  0.000000 ) 
 (  0.069309  0.000000 -0.169365  0.000000 -0.003080  0.000000 ) 
 (  0.069309  0.000000 -0.169365  0.000000  0.003080  0.000000 ) 
 (  0.291917  0.000000 -0.162192  0.000000 -0.004780  0.000000 ) 
 (  0.291917  0.000000 -0.162192  0.000000  0.004780  0.000000 ) 
 ( -0.291917  0.000000 -0.162192  0.000000 -0.004780  0.000000 ) 
 ( -0.291917  0.000000 -0.162192  0.000000  0.004780  0.000000 ) 
 (  0.168305  0.000000 -0.075448  0.000000  0.124644  0.000000 ) 
 (  0.168305  0.000000 -0.075448  0.000000 -0.124644  0.000000 ) 
 ( -0.168305  0.000000 -0.075448  0.000000  0.124644  0.000000 ) 
 ( -0.168305  0.000000 -0.075448  0.000000 -0.124644  0.000000 ) 
 (  0.169052  0.000000 -0.079612  0.000000  0.126284  0.000000 ) 
 (  0.169052  0.000000 -0.079612  0.000000 -0.126284  0.000000 ) 
 ( -0.169052  0.000000 -0.079612  0.000000  0.126284  0.000000 ) 
 ( -0.169052  0.000000 -0.079612  0.000000 -0.126284  0.000000 ) 
     freq (   38) =      32.191508 [THz] =    1073.793138 [cm-1]
 ( -0.000001  0.000000 -0.000009  0.000000  0.000000  0.000000 ) 
 (  0.000001  0.000000 -0.000009  0.000000 -0.000000  0.000000 ) 
 (  0.000608  0.000000 -0.000577  0.000000  0.065231  0.000000 ) 
 (  0.000608  0.000000 -0.000577  0.000000 -0.065231  0.000000 ) 
 ( -0.000608  0.000000 -0.000577  0.000000  0.065231  0.000000 ) 
 ( -0.000608  0.000000 -0.000577  0.000000 -0.065231  0.000000 ) 
 (  0.000958  0.000000  0.002264  0.000000 -0.259542  0.000000 ) 
 (  0.000958  0.000000  0.002264  0.000000  0.259542  0.000000 ) 
 ( -0.000958  0.000000  0.002264  0.000000 -0.259542  0.000000 ) 
 ( -0.000958  0.000000  0.002264  0.000000  0.259542  0.000000 ) 
 ( -0.003871  0.000000  0.002055  0.000000 -0.343833  0.000000 ) 
 ( -0.003871  0.000000  0.002055  0.000000  0.343833  0.000000 ) 
 (  0.003871  0.000000  0.002055  0.000000 -0.343833  0.000000 ) 
 (  0.003871  0.000000  0.002055  0.000000  0.343833  0.000000 ) 
 ( -0.048263  0.000000  0.155114  0.000000 -0.066156  0.000000 ) 
 ( -0.048263  0.000000  0.155114  0.000000  0.066156  0.000000 ) 
 (  0.048263  0.000000  0.155114  0.000000 -0.066156  0.000000 ) 
 (  0.048263  0.000000  0.155114  0.000000  0.066156  0.000000 ) 
 (  0.043656  0.000000 -0.153225  0.000000  0.063131  0.000000 ) 
 (  0.043656  0.000000 -0.153225  0.000000 -0.063131  0.000000 ) 
 ( -0.043656  0.000000 -0.153225  0.000000  0.063131  0.000000 ) 
 ( -0.043656  0.000000 -0.153225  0.000000 -0.063131  0.000000 ) 
     freq (   39) =      32.214103 [THz] =    1074.546797 [cm-1]
 ( -0.000000  0.000000  0.000000  0.000000  0.000012  0.000000 ) 
 ( -0.000000  0.000000 -0.000000  0.000000  0.000012  0.000000 ) 
 ( -0.040993  0.000000  0.048803  0.000000  0.000604  0.000000 ) 
 (  0.040993  0.000000 -0.048803  0.000000  0.000604  0.000000 ) 
 (  0.040993  0.000000  0.048803  0.000000  0.000604  0.000000 ) 
 ( -0.040993  0.000000 -0.048803  0.000000  0.000604  0.000000 ) 
 ( -0.072319  0.000000 -0.215815  0.000000 -0.003255  0.000000 ) 
 (  0.072319  0.000000  0.215815  0.000000 -0.003255  0.000000 ) 
 (  0.072319  0.000000 -0.215815  0.000000 -0.003255  0.000000 ) 
 ( -0.072319  0.000000  0.215815  0.000000 -0.003255  0.000000 ) 
 (  0.277566  0.000000 -0.145928  0.000000 -0.002464  0.000000 ) 
 ( -0.277566  0.000000  0.145928  0.000000 -0.002464  0.000000 ) 
 ( -0.277566  0.000000 -0.145928  0.000000 -0.002464  0.000000 ) 
 (  0.277566  0.000000  0.145928  0.000000 -0.002464  0.000000 ) 
 (  0.131889  0.000000 -0.106515  0.000000  0.135378  0.000000 ) 
 ( -0.131889  0.000000  0.106515  0.000000  0.135378  0.000000 ) 
 ( -0.131889  0.000000 -0.106515  0.000000  0.135378  0.000000 ) 
 (  0.131889  0.000000  0.106515  0.000000  0.135378  0.000000 ) 
 ( -0.134677  0.000000  0.108978  0.000000 -0.136729  0.000000 ) 
 (  0.134677  0.000000 -0.108978  0.000000 -0.136729  0.000000 ) 
 (  0.134677  0.000000  0.108978  0.000000 -0.136729  0.000000 ) 
 ( -0.134677  0.000000 -0.108978  0.000000 -0.136729  0.000000 ) 
     freq (   40) =      32.238584 [THz] =    1075.363423 [cm-1]
 ( -0.000000  0.000000 -0.000000  0.000000  0.000300  0.000000 ) 
 (  0.000000  0.000000  0.000000  0.000000 -0.000300  0.000000 ) 
 ( -0.000088  0.000000  0.000365  0.000000 -0.064599  0.000000 ) 
 (  0.000088  0.000000 -0.000365  0.000000 -0.064599  0.000000 ) 
 ( -0.000088  0.000000 -0.000365  0.000000  0.064599  0.000000 ) 
 (  0.000088  0.000000  0.000365  0.000000  0.064599  0.000000 ) 
 ( -0.000215  0.000000 -0.001474  0.000000  0.264964  0.000000 ) 
 (  0.000215  0.000000  0.001474  0.000000  0.264964  0.000000 ) 
 ( -0.000215  0.000000  0.001474  0.000000 -0.264964  0.000000 ) 
 (  0.000215  0.000000 -0.001474  0.000000 -0.264964  0.000000 ) 
 (  0.001206  0.000000 -0.000826  0.000000  0.337443  0.000000 ) 
 ( -0.001206  0.000000  0.000826  0.000000  0.337443  0.000000 ) 
 (  0.001206  0.000000  0.000826  0.000000 -0.337443  0.000000 ) 
 ( -0.001206  0.000000 -0.000826  0.000000 -0.337443  0.000000 ) 
 (  0.049652  0.000000 -0.155360  0.000000  0.067496  0.000000 ) 
 ( -0.049652  0.000000  0.155360  0.000000  0.067496  0.000000 ) 
 (  0.049652  0.000000  0.155360  0.000000 -0.067496  0.000000 ) 
 ( -0.049652  0.000000 -0.155360  0.000000 -0.067496  0.000000 ) 
 (  0.049501  0.000000 -0.154244  0.000000  0.065950  0.000000 ) 
 ( -0.049501  0.000000  0.154244  0.000000  0.065950  0.000000 ) 
 (  0.049501  0.000000  0.154244  0.000000 -0.065950  0.000000 ) 
 ( -0.049501  0.000000 -0.154244  0.000000 -0.065950  0.000000 ) 
     freq (   41) =      32.268808 [THz] =    1076.371576 [cm-1]
 (  0.000012  0.000000  0.000021  0.000000 -0.000000  0.000000 ) 
 (  0.000012  0.000000 -0.000021  0.000000  0.000000  0.000000 ) 
 (  0.000449  0.000000  0.000013  0.000000  0.065562  0.000000 ) 
 (  0.000449  0.000000  0.000013  0.000000 -0.065562  0.000000 ) 
 (  0.000449  0.000000 -0.000013  0.000000 -0.065562  0.000000 ) 
 (  0.000449  0.000000 -0.000013  0.000000  0.065562  0.000000 ) 
 (  0.000154  0.000000 -0.000170  0.000000 -0.270315  0.000000 ) 
 (  0.000154  0.000000 -0.000170  0.000000  0.270315  0.000000 ) 
 (  0.000154  0.000000  0.000170  0.000000  0.270315  0.000000 ) 
 (  0.000154  0.000000  0.000170  0.000000 -0.270315  0.000000 ) 
 ( -0.001696  0.000000  0.001301  0.000000 -0.333506  0.000000 ) 
 ( -0.001696  0.000000  0.001301  0.000000  0.333506  0.000000 ) 
 ( -0.001696  0.000000 -0.001301  0.000000  0.333506  0.000000 ) 
 ( -0.001696  0.000000 -0.001301  0.000000 -0.333506  0.000000 ) 
 ( -0.051953  0.000000  0.153887  0.000000 -0.066283  0.000000 ) 
 ( -0.051953  0.000000  0.153887  0.000000  0.066283  0.000000 ) 
 ( -0.051953  0.000000 -0.153887  0.000000  0.066283  0.000000 ) 
 ( -0.051953  0.000000 -0.153887  0.000000 -0.066283  0.000000 ) 
 (  0.048207  0.000000 -0.154999  0.000000  0.065406  0.000000 ) 
 (  0.048207  0.000000 -0.154999  0.000000 -0.065406  0.000000 ) 
 (  0.048207  0.000000  0.154999  0.000000 -0.065406  0.000000 ) 
 (  0.048207  0.000000  0.154999  0.000000  0.065406  0.000000 ) 
     freq (   42) =      32.407854 [THz] =    1081.009648 [cm-1]
 (  0.000000  0.000000 -0.000000  0.000000 -0.000254  0.000000 ) 
 ( -0.000000  0.000000  0.000000  0.000000 -0.000254  0.000000 ) 
 ( -0.000234  0.000000  0.000526  0.000000 -0.066425  0.000000 ) 
 (  0.000234  0.000000 -0.000526  0.000000 -0.066425  0.000000 ) 
 (  0.000234  0.000000  0.000526  0.000000 -0.066425  0.000000 ) 
 ( -0.000234  0.000000 -0.000526  0.000000 -0.066425  0.000000 ) 
 ( -0.000866  0.000000 -0.002909  0.000000  0.263977  0.000000 ) 
 (  0.000866  0.000000  0.002909  0.000000  0.263977  0.000000 ) 
 (  0.000866  0.000000 -0.002909  0.000000  0.263977  0.000000 ) 
 ( -0.000866  0.000000  0.002909  0.000000  0.263977  0.000000 ) 
 (  0.002313  0.000000 -0.001037  0.000000  0.337963  0.000000 ) 
 ( -0.002313  0.000000  0.001037  0.000000  0.337963  0.000000 ) 
 ( -0.002313  0.000000 -0.001037  0.000000  0.337963  0.000000 ) 
 (  0.002313  0.000000  0.001037  0.000000  0.337963  0.000000 ) 
 (  0.050102  0.000000 -0.157239  0.000000  0.065889  0.000000 ) 
 ( -0.050102  0.000000  0.157239  0.000000  0.065889  0.000000 ) 
 ( -0.050102  0.000000 -0.157239  0.000000  0.065889  0.000000 ) 
 (  0.050102  0.000000  0.157239  0.000000  0.065889  0.000000 ) 
 (  0.049063  0.000000 -0.153955  0.000000  0.063120  0.000000 ) 
 ( -0.049063  0.000000  0.153955  0.000000  0.063120  0.000000 ) 
 ( -0.049063  0.000000 -0.153955  0.000000  0.063120  0.000000 ) 
 (  0.049063  0.000000  0.153955  0.000000  0.063120  0.000000 ) 
     freq (   43) =      35.793303 [THz] =    1193.936071 [cm-1]
 ( -0.000004  0.000000 -0.000000  0.000000 -0.000000  0.000000 ) 
 ( -0.000004  0.000000  0.000000  0.000000  0.000000  0.000000 ) 
 ( -0.000003  0.000000 -0.000031  0.000000 -0.003589  0.000000 ) 
 ( -0.000003  0.000000 -0.000031  0.000000  0.003589  0.000000 ) 
 ( -0.000003  0.000000  0.000031  0.000000  0.003589  0.000000 ) 
 ( -0.000003  0.000000  0.000031  0.000000 -0.003589  0.000000 ) 
 ( -0.000145  0.000000 -0.001735  0.000000  0.285296  0.000000 ) 
 ( -0.000145  0.000000 -0.001735  0.000000 -0.285296  0.000000 ) 
 ( -0.000145  0.000000  0.001735  0.000000 -0.285296  0.000000 ) 
 ( -0.000145  0.000000  0.001735  0.000000  0.285296  0.000000 ) 
 (  0.001510  0.000000 -0.001099  0.000000 -0.238487  0.000000 ) 
 (  0.001510  0.000000 -0.001099  0.000000  0.238487  0.000000 ) 
 (  0.001510  0.000000  0.001099  0.000000  0.238487  0.000000 ) 
 (  0.001510  0.000000  0.001099  0.000000 -0.238487  0.000000 ) 
 (  0.222657  0.000000  0.078413  0.000000  0.009021  0.000000 ) 
 (  0.222657  0.000000  0.078413  0.000000 -0.009021  0.000000 ) 
 (  0.222657  0.000000 -0.078413  0.000000 -0.009021  0.000000 ) 
 (  0.222657  0.000000 -0.078413  0.000000  0.009021  0.000000 ) 
 ( -0.223797  0.000000 -0.075516  0.000000 -0.010810  0.000000 ) 
 ( -0.223797  0.000000 -0.075516  0.000000  0.010810  0.000000 ) 
 ( -0.223797  0.000000  0.075516  0.000000  0.010810  0.000000 ) 
 ( -0.223797  0.000000  0.075516  0.000000 -0.010810  0.000000 ) 
     freq (   44) =      35.797528 [THz] =    1194.077016 [cm-1]
 ( -0.000000  0.000000 -0.000000  0.000000  0.000069  0.000000 ) 
 ( -0.000000  0.000000 -0.000000  0.000000 -0.000069  0.000000 ) 
 ( -0.000025  0.000000  0.000041  0.000000 -0.004586  0.000000 ) 
 (  0.000025  0.000000 -0.000041  0.000000 -0.004586  0.000000 ) 
 ( -0.000025  0.000000 -0.000041  0.000000  0.004586  0.000000 ) 
 (  0.000025  0.000000  0.000041  0.000000  0.004586  0.000000 ) 
 ( -0.000450  0.000000 -0.000032  0.000000  0.288014  0.000000 ) 
 (  0.000450  0.000000  0.000032  0.000000  0.288014  0.000000 ) 
 ( -0.000450  0.000000  0.000032  0.000000 -0.288014  0.000000 ) 
 (  0.000450  0.000000 -0.000032  0.000000 -0.288014  0.000000 ) 
 (  0.000312  0.000000  0.000374  0.000000 -0.236922  0.000000 ) 
 ( -0.000312  0.000000 -0.000374  0.000000 -0.236922  0.000000 ) 
 (  0.000312  0.000000 -0.000374  0.000000  0.236922  0.000000 ) 
 ( -0.000312  0.000000  0.000374  0.000000  0.236922  0.000000 ) 
 (  0.223244  0.000000  0.074131  0.000000  0.010287  0.000000 ) 
 ( -0.223244  0.000000 -0.074131  0.000000  0.010287  0.000000 ) 
 (  0.223244  0.000000 -0.074131  0.000000 -0.010287  0.000000 ) 
 ( -0.223244  0.000000  0.074131  0.000000 -0.010287  0.000000 ) 
 (  0.223023  0.000000  0.074859  0.000000  0.010605  0.000000 ) 
 ( -0.223023  0.000000 -0.074859  0.000000  0.010605  0.000000 ) 
 (  0.223023  0.000000 -0.074859  0.000000 -0.010605  0.000000 ) 
 ( -0.223023  0.000000  0.074859  0.000000 -0.010605  0.000000 ) 
     freq (   45) =      36.014724 [THz] =    1201.321882 [cm-1]
 ( -0.000303  0.000000 -0.000062  0.000000 -0.000000  0.000000 ) 
 (  0.000303  0.000000 -0.000062  0.000000 -0.000000  0.000000 ) 
 (  0.004948  0.000000 -0.003483  0.000000  0.000302  0.000000 ) 
 (  0.004948  0.000000 -0.003483  0.000000 -0.000302  0.000000 ) 
 ( -0.004948  0.000000 -0.003483  0.000000  0.000302  0.000000 ) 
 ( -0.004948  0.000000 -0.003483  0.000000 -0.000302  0.000000 ) 
 ( -0.034955  0.000000 -0.229867  0.000000 -0.014376  0.000000 ) 
 ( -0.034955  0.000000 -0.229867  0.000000  0.014376  0.000000 ) 
 (  0.034955  0.000000 -0.229867  0.000000 -0.014376  0.000000 ) 
 (  0.034955  0.000000 -0.229867  0.000000  0.014376  0.000000 ) 
 (  0.182351  0.000000 -0.110391  0.000000  0.011241  0.000000 ) 
 (  0.182351  0.000000 -0.110391  0.000000 -0.011241  0.000000 ) 
 ( -0.182351  0.000000 -0.110391  0.000000  0.011241  0.000000 ) 
 ( -0.182351  0.000000 -0.110391  0.000000 -0.011241  0.000000 ) 
 ( -0.126073  0.000000  0.188290  0.000000 -0.158273  0.000000 ) 
 ( -0.126073  0.000000  0.188290  0.000000  0.158273  0.000000 ) 
 (  0.126073  0.000000  0.188290  0.000000 -0.158273  0.000000 ) 
 (  0.126073  0.000000  0.188290  0.000000  0.158273  0.000000 ) 
 ( -0.104081  0.000000  0.195357  0.000000 -0.157279  0.000000 ) 
 ( -0.104081  0.000000  0.195357  0.000000  0.157279  0.000000 ) 
 (  0.104081  0.000000  0.195357  0.000000 -0.157279  0.000000 ) 
 (  0.104081  0.000000  0.195357  0.000000  0.157279  0.000000 ) 
     freq (   46) =      36.030457 [THz] =    1201.846669 [cm-1]
 (  0.000000  0.000000  0.000000  0.000000 -0.000302  0.000000 ) 
 ( -0.000000  0.000000 -0.000000  0.000000 -0.000302  0.000000 ) 
 ( -0.000084  0.000000  0.000015  0.000000 -0.004821  0.000000 ) 
 (  0.000084  0.000000 -0.000015  0.000000 -0.004821  0.000000 ) 
 (  0.000084  0.000000  0.000015  0.000000 -0.004821  0.000000 ) 
 ( -0.000084  0.000000 -0.000015  0.000000 -0.004821  0.000000 ) 
 ( -0.000220  0.000000 -0.000886  0.000000  0.287875  0.000000 ) 
 (  0.000220  0.000000  0.000886  0.000000  0.287875  0.000000 ) 
 (  0.000220  0.000000 -0.000886  0.000000  0.287875  0.000000 ) 
 ( -0.000220  0.000000  0.000886  0.000000  0.287875  0.000000 ) 
 (  0.001589  0.000000 -0.000883  0.000000 -0.234933  0.000000 ) 
 ( -0.001589  0.000000  0.000883  0.000000 -0.234933  0.000000 ) 
 ( -0.001589  0.000000 -0.000883  0.000000 -0.234933  0.000000 ) 
 (  0.001589  0.000000  0.000883  0.000000 -0.234933  0.000000 ) 
 (  0.224620  0.000000  0.075943  0.000000  0.009380  0.000000 ) 
 ( -0.224620  0.000000 -0.075943  0.000000  0.009380  0.000000 ) 
 ( -0.224620  0.000000  0.075943  0.000000  0.009380  0.000000 ) 
 (  0.224620  0.000000 -0.075943  0.000000  0.009380  0.000000 ) 
 (  0.223339  0.000000  0.074982  0.000000  0.009732  0.000000 ) 
 ( -0.223339  0.000000 -0.074982  0.000000  0.009732  0.000000 ) 
 ( -0.223339  0.000000  0.074982  0.000000  0.009732  0.000000 ) 
 (  0.223339  0.000000 -0.074982  0.000000  0.009732  0.000000 ) 
     freq (   47) =      36.055135 [THz] =    1202.669833 [cm-1]
 ( -0.000027  0.000000 -0.000008  0.000000 -0.000000  0.000000 ) 
 (  0.000027  0.000000 -0.000008  0.000000 -0.000000  0.000000 ) 
 (  0.000256  0.000000 -0.000168  0.000000 -0.005919  0.000000 ) 
 (  0.000256  0.000000 -0.000168  0.000000  0.005919  0.000000 ) 
 ( -0.000256  0.000000 -0.000168  0.000000 -0.005919  0.000000 ) 
 ( -0.000256  0.000000 -0.000168  0.000000  0.005919  0.000000 ) 
 ( -0.001834  0.000000 -0.011339  0.000000  0.291206  0.000000 ) 
 ( -0.001834  0.000000 -0.011339  0.000000 -0.291206  0.000000 ) 
 (  0.001834  0.000000 -0.011339  0.000000  0.291206  0.000000 ) 
 (  0.001834  0.000000 -0.011339  0.000000 -0.291206  0.000000 ) 
 (  0.008638  0.000000 -0.005123  0.000000 -0.230034  0.000000 ) 
 (  0.008638  0.000000 -0.005123  0.000000  0.230034  0.000000 ) 
 ( -0.008638  0.000000 -0.005123  0.000000 -0.230034  0.000000 ) 
 ( -0.008638  0.000000 -0.005123  0.000000  0.230034  0.000000 ) 
 (  0.218501  0.000000  0.082109  0.000000  0.001410  0.000000 ) 
 (  0.218501  0.000000  0.082109  0.000000 -0.001410  0.000000 ) 
 ( -0.218501  0.000000  0.082109  0.000000  0.001410  0.000000 ) 
 ( -0.218501  0.000000  0.082109  0.000000 -0.001410  0.000000 ) 
 ( -0.230620  0.000000 -0.063635  0.000000 -0.017154  0.000000 ) 
 ( -0.230620  0.000000 -0.063635  0.000000  0.017154  0.000000 ) 
 (  0.230620  0.000000 -0.063635  0.000000 -0.017154  0.000000 ) 
 (  0.230620  0.000000 -0.063635  0.000000  0.017154  0.000000 ) 
     freq (   48) =      36.127278 [THz] =    1205.076272 [cm-1]
 ( -0.000420  0.000000  0.000070  0.000000  0.000000  0.000000 ) 
 ( -0.000420  0.000000 -0.000070  0.000000 -0.000000  0.000000 ) 
 ( -0.004334  0.000000  0.002299  0.000000 -0.000049  0.000000 ) 
 ( -0.004334  0.000000  0.002299  0.000000  0.000049  0.000000 ) 
 ( -0.004334  0.000000 -0.002299  0.000000  0.000049  0.000000 ) 
 ( -0.004334  0.000000 -0.002299  0.000000 -0.000049  0.000000 ) 
 (  0.036361  0.000000  0.233899  0.000000  0.002061  0.000000 ) 
 (  0.036361  0.000000  0.233899  0.000000 -0.002061  0.000000 ) 
 (  0.036361  0.000000 -0.233899  0.000000 -0.002061  0.000000 ) 
 (  0.036361  0.000000 -0.233899  0.000000  0.002061  0.000000 ) 
 ( -0.189527  0.000000  0.113175  0.000000 -0.001670  0.000000 ) 
 ( -0.189527  0.000000  0.113175  0.000000  0.001670  0.000000 ) 
 ( -0.189527  0.000000 -0.113175  0.000000  0.001670  0.000000 ) 
 ( -0.189527  0.000000 -0.113175  0.000000 -0.001670  0.000000 ) 
 (  0.115455  0.000000 -0.188491  0.000000  0.154789  0.000000 ) 
 (  0.115455  0.000000 -0.188491  0.000000 -0.154789  0.000000 ) 
 (  0.115455  0.000000  0.188491  0.000000 -0.154789  0.000000 ) 
 (  0.115455  0.000000  0.188491  0.000000  0.154789  0.000000 ) 
 (  0.112258  0.000000 -0.189427  0.000000  0.154616  0.000000 ) 
 (  0.112258  0.000000 -0.189427  0.000000 -0.154616  0.000000 ) 
 (  0.112258  0.000000  0.189427  0.000000 -0.154616  0.000000 ) 
 (  0.112258  0.000000  0.189427  0.000000  0.154616  0.000000 ) 
     freq (   49) =      36.254751 [THz] =    1209.328322 [cm-1]
 (  0.000000  0.000000 -0.000000  0.000000  0.000001  0.000000 ) 
 (  0.000000  0.000000  0.000000  0.000000  0.000001  0.000000 ) 
 (  0.004383  0.000000 -0.002359  0.000000  0.000009  0.000000 ) 
 ( -0.004383  0.000000  0.002359  0.000000  0.000009  0.000000 ) 
 ( -0.004383  0.000000 -0.002359  0.000000  0.000009  0.000000 ) 
 (  0.004383  0.000000  0.002359  0.000000  0.000009  0.000000 ) 
 ( -0.033075  0.000000 -0.229285  0.000000 -0.000819  0.000000 ) 
 (  0.033075  0.000000  0.229285  0.000000 -0.000819  0.000000 ) 
 (  0.033075  0.000000 -0.229285  0.000000 -0.000819  0.000000 ) 
 ( -0.033075  0.000000  0.229285  0.000000 -0.000819  0.000000 ) 
 (  0.182713  0.000000 -0.110160  0.000000  0.000606  0.000000 ) 
 ( -0.182713  0.000000  0.110160  0.000000  0.000606  0.000000 ) 
 ( -0.182713  0.000000 -0.110160  0.000000  0.000606  0.000000 ) 
 (  0.182713  0.000000  0.110160  0.000000  0.000606  0.000000 ) 
 ( -0.117826  0.000000  0.191427  0.000000 -0.157945  0.000000 ) 
 (  0.117826  0.000000 -0.191427  0.000000 -0.157945  0.000000 ) 
 (  0.117826  0.000000  0.191427  0.000000 -0.157945  0.000000 ) 
 ( -0.117826  0.000000 -0.191427  0.000000 -0.157945  0.000000 ) 
 (  0.116609  0.000000 -0.191842  0.000000  0.157842  0.000000 ) 
 ( -0.116609  0.000000  0.191842  0.000000  0.157842  0.000000 ) 
 ( -0.116609  0.000000 -0.191842  0.000000  0.157842  0.000000 ) 
 (  0.116609  0.000000  0.191842  0.000000  0.157842  0.000000 ) 
     freq (   50) =      36.463980 [THz] =    1216.307438 [cm-1]
 ( -0.000000  0.000000  0.000000  0.000000  0.000000  0.000000 ) 
 ( -0.000000  0.000000 -0.000000  0.000000 -0.000000  0.000000 ) 
 ( -0.004222  0.000000  0.002063  0.000000 -0.000034  0.000000 ) 
 (  0.004222  0.000000 -0.002063  0.000000 -0.000034  0.000000 ) 
 ( -0.004222  0.000000 -0.002063  0.000000  0.000034  0.000000 ) 
 (  0.004222  0.000000  0.002063  0.000000  0.000034  0.000000 ) 
 (  0.035239  0.000000  0.231548  0.000000  0.000031  0.000000 ) 
 ( -0.035239  0.000000 -0.231548  0.000000  0.000031  0.000000 ) 
 (  0.035239  0.000000 -0.231548  0.000000 -0.000031  0.000000 ) 
 ( -0.035239  0.000000  0.231548  0.000000 -0.000031  0.000000 ) 
 ( -0.184728  0.000000  0.111964  0.000000  0.000339  0.000000 ) 
 (  0.184728  0.000000 -0.111964  0.000000  0.000339  0.000000 ) 
 ( -0.184728  0.000000 -0.111964  0.000000 -0.000339  0.000000 ) 
 (  0.184728  0.000000  0.111964  0.000000 -0.000339  0.000000 ) 
 (  0.115456  0.000000 -0.190381  0.000000  0.157170  0.000000 ) 
 ( -0.115456  0.000000  0.190381  0.000000  0.157170  0.000000 ) 
 (  0.115456  0.000000  0.190381  0.000000 -0.157170  0.000000 ) 
 ( -0.115456  0.000000 -0.190381  0.000000 -0.157170  0.000000 ) 
 ( -0.115432  0.000000  0.190200  0.000000 -0.157108  0.000000 ) 
 (  0.115432  0.000000 -0.190200  0.000000 -0.157108  0.000000 ) 
 ( -0.115432  0.000000 -0.190200  0.000000  0.157108  0.000000 ) 
 (  0.115432  0.000000  0.190200  0.000000  0.157108  0.000000 ) 
     freq (   51) =      68.301679 [THz] =    2278.298763 [cm-1]
 (  0.000000  0.000000 -0.000000  0.000000  0.000003 -0.000000 ) 
 ( -0.000000  0.000000 -0.000000  0.000000 -0.000003  0.000000 ) 
 (  0.005715  0.000000  0.012181  0.000000 -0.000064  0.000000 ) 
 ( -0.005715  0.000000 -0.012181  0.000000 -0.000064  0.000000 ) 
 (  0.005715  0.000000 -0.012181  0.000000  0.000064  0.000000 ) 
 ( -0.005715  0.000000  0.012181 -0.000000  0.000064 -0.000000 ) 
 (  0.202133  0.000000 -0.029421  0.000000  0.000226 -0.000000 ) 
 ( -0.202133  0.000000  0.029421 -0.000000  0.000226  0.000000 ) 
 (  0.202133  0.000000  0.029421  0.000000 -0.000226  0.000000 ) 
 ( -0.202133  0.000000 -0.029421  0.000000 -0.000226  0.000000 ) 
 ( -0.187514  0.000000 -0.316580  0.000000 -0.000712  0.000000 ) 
 (  0.187514 -0.000000  0.316580 -0.000000 -0.000712  0.000000 ) 
 ( -0.187514  0.000000  0.316580  0.000000  0.000712 -0.000000 ) 
 (  0.187514 -0.000000 -0.316580  0.000000  0.000712 -0.000000 ) 
 ( -0.040488  0.000000  0.102899  0.000000  0.155891  0.000000 ) 
 (  0.040488 -0.000000 -0.102899  0.000000  0.155891 -0.000000 ) 
 ( -0.040488  0.000000 -0.102899  0.000000 -0.155891  0.000000 ) 
 (  0.040488 -0.000000  0.102899 -0.000000 -0.155891  0.000000 ) 
 (  0.040895 -0.000000 -0.102077  0.000000 -0.155205  0.000000 ) 
 ( -0.040895  0.000000  0.102077  0.000000 -0.155205  0.000000 ) 
 (  0.040895 -0.000000  0.102077 -0.000000  0.155205 -0.000000 ) 
 ( -0.040895  0.000000 -0.102077  0.000000  0.155205  0.000000 ) 
     freq (   52) =      68.318264 [THz] =    2278.851980 [cm-1]
 (  0.000000  0.000000 -0.000000  0.000000 -0.000001  0.000000 ) 
 ( -0.000000  0.000000  0.000000  0.000000 -0.000001  0.000000 ) 
 (  0.004069  0.000000  0.009472  0.000000 -0.000140  0.000000 ) 
 ( -0.004069  0.000000 -0.009472  0.000000 -0.000140  0.000000 ) 
 ( -0.004069  0.000000  0.009472  0.000000 -0.000140  0.000000 ) 
 (  0.004069  0.000000 -0.009472  0.000000 -0.000140  0.000000 ) 
 (  0.217388  0.000000 -0.032885  0.000000  0.000225  0.000000 ) 
 ( -0.217388  0.000000  0.032885  0.000000  0.000225  0.000000 ) 
 ( -0.217388  0.000000 -0.032885  0.000000  0.000225  0.000000 ) 
 (  0.217388  0.000000  0.032885  0.000000  0.000225  0.000000 ) 
 ( -0.175260  0.000000 -0.298338  0.000000 -0.000128  0.000000 ) 
 (  0.175260  0.000000  0.298338  0.000000 -0.000128  0.000000 ) 
 (  0.175260  0.000000 -0.298338  0.000000 -0.000128  0.000000 ) 
 ( -0.175260  0.000000  0.298338  0.000000 -0.000128  0.000000 ) 
 ( -0.043061  0.000000  0.107929  0.000000  0.166805  0.000000 ) 
 (  0.043061  0.000000 -0.107929  0.000000  0.166805  0.000000 ) 
 (  0.043061  0.000000  0.107929  0.000000  0.166805  0.000000 ) 
 ( -0.043061  0.000000 -0.107929  0.000000  0.166805  0.000000 ) 
 (  0.042472  0.000000 -0.107155  0.000000 -0.164984  0.000000 ) 
 ( -0.042472  0.000000  0.107155  0.000000 -0.164984  0.000000 ) 
 ( -0.042472  0.000000 -0.107155  0.000000 -0.164984  0.000000 ) 
 (  0.042472  0.000000  0.107155  0.000000 -0.164984  0.000000 ) 
     freq (   53) =      68.339069 [THz] =    2279.545980 [cm-1]
 (  0.000085  0.000000 -0.000081  0.000000  0.000000  0.000000 ) 
 ( -0.000085  0.000000 -0.000081  0.000000  0.000000  0.000000 ) 
 ( -0.004259  0.000000 -0.013398  0.000000 -0.000163  0.000000 ) 
 ( -0.004259  0.000000 -0.013398  0.000000  0.000163  0.000000 ) 
 (  0.004259  0.000000 -0.013398  0.000000 -0.000163  0.000000 ) 
 (  0.004259  0.000000 -0.013398  0.000000  0.000163  0.000000 ) 
 ( -0.215168  0.000000  0.031348  0.000000 -0.000112  0.000000 ) 
 ( -0.215168  0.000000  0.031348  0.000000  0.000112  0.000000 ) 
 (  0.215168  0.000000  0.031348  0.000000 -0.000112  0.000000 ) 
 (  0.215168  0.000000  0.031348  0.000000  0.000112  0.000000 ) 
 (  0.188542  0.000000  0.316536  0.000000 -0.000077  0.000000 ) 
 (  0.188542  0.000000  0.316536  0.000000  0.000077  0.000000 ) 
 ( -0.188542  0.000000  0.316536  0.000000 -0.000077  0.000000 ) 
 ( -0.188542  0.000000  0.316536  0.000000  0.000077  0.000000 ) 
 (  0.037837  0.000000 -0.098639  0.000000 -0.147697  0.000000 ) 
 (  0.037837  0.000000 -0.098639  0.000000  0.147697  0.000000 ) 
 ( -0.037837  0.000000 -0.098639  0.000000 -0.147697  0.000000 ) 
 ( -0.037837  0.000000 -0.098639  0.000000  0.147697  0.000000 ) 
 (  0.038746  0.000000 -0.099933  0.000000 -0.149384  0.000000 ) 
 (  0.038746  0.000000 -0.099933  0.000000  0.149384  0.000000 ) 
 ( -0.038746  0.000000 -0.099933  0.000000 -0.149384  0.000000 ) 
 ( -0.038746  0.000000 -0.099933  0.000000  0.149384  0.000000 ) 
     freq (   54) =      68.371033 [THz] =    2280.612176 [cm-1]
 (  0.000073  0.000000  0.000145  0.000000  0.000000  0.000000 ) 
 (  0.000073  0.000000 -0.000145  0.000000 -0.000000  0.000000 ) 
 (  0.004397  0.000000  0.011969  0.000000 -0.000083  0.000000 ) 
 (  0.004397  0.000000  0.011969  0.000000  0.000083  0.000000 ) 
 (  0.004397  0.000000 -0.011969  0.000000  0.000083  0.000000 ) 
 (  0.004397  0.000000 -0.011969  0.000000 -0.000083  0.000000 ) 
 (  0.215760  0.000000 -0.032258  0.000000 -0.000497  0.000000 ) 
 (  0.215760  0.000000 -0.032258  0.000000  0.000497  0.000000 ) 
 (  0.215760  0.000000  0.032258  0.000000  0.000497  0.000000 ) 
 (  0.215760  0.000000  0.032258  0.000000 -0.000497  0.000000 ) 
 ( -0.182878  0.000000 -0.309531  0.000000  0.000002  0.000000 ) 
 ( -0.182878  0.000000 -0.309531  0.000000 -0.000002  0.000000 ) 
 ( -0.182878  0.000000  0.309531  0.000000 -0.000002  0.000000 ) 
 ( -0.182878  0.000000  0.309531  0.000000  0.000002  0.000000 ) 
 ( -0.042299  0.000000  0.102478  0.000000  0.156199  0.000000 ) 
 ( -0.042299  0.000000  0.102478  0.000000 -0.156199  0.000000 ) 
 ( -0.042299  0.000000 -0.102478  0.000000 -0.156199  0.000000 ) 
 ( -0.042299  0.000000 -0.102478  0.000000  0.156199  0.000000 ) 
 ( -0.042021  0.000000  0.101915  0.000000  0.155398  0.000000 ) 
 ( -0.042021  0.000000  0.101915  0.000000 -0.155398  0.000000 ) 
 ( -0.042021  0.000000 -0.101915  0.000000 -0.155398  0.000000 ) 
 ( -0.042021  0.000000 -0.101915  0.000000  0.155398  0.000000 ) 
     freq (   55) =      70.045012 [THz] =    2336.450105 [cm-1]
 (  0.000000  0.000000  0.000000  0.000000 -0.000004  0.000000 ) 
 (  0.000000  0.000000  0.000000  0.000000  0.000004  0.000000 ) 
 ( -0.035977  0.000000 -0.031832  0.000000 -0.000109  0.000000 ) 
 (  0.035977  0.000000  0.031832  0.000000 -0.000109  0.000000 ) 
 ( -0.035977  0.000000  0.031832  0.000000  0.000109  0.000000 ) 
 (  0.035977  0.000000 -0.031832  0.000000  0.000109  0.000000 ) 
 (  0.318707  0.000000 -0.067119  0.000000  0.000102  0.000000 ) 
 ( -0.318707  0.000000  0.067119  0.000000  0.000102  0.000000 ) 
 (  0.318707  0.000000  0.067119  0.000000 -0.000102  0.000000 ) 
 ( -0.318707  0.000000 -0.067119  0.000000 -0.000102  0.000000 ) 
 (  0.156663  0.000000  0.272294  0.000000 -0.000116  0.000000 ) 
 ( -0.156663  0.000000 -0.272294  0.000000 -0.000116  0.000000 ) 
 (  0.156663  0.000000 -0.272294  0.000000  0.000116  0.000000 ) 
 ( -0.156663  0.000000  0.272294  0.000000  0.000116  0.000000 ) 
 ( -0.043617  0.000000  0.069669  0.000000  0.122262  0.000000 ) 
 (  0.043617  0.000000 -0.069669  0.000000  0.122262  0.000000 ) 
 ( -0.043617  0.000000 -0.069669  0.000000 -0.122262  0.000000 ) 
 (  0.043617  0.000000  0.069669  0.000000 -0.122262  0.000000 ) 
 (  0.043373  0.000000 -0.068705  0.000000 -0.120914  0.000000 ) 
 ( -0.043373  0.000000  0.068705  0.000000 -0.120914  0.000000 ) 
 (  0.043373  0.000000  0.068705  0.000000  0.120914  0.000000 ) 
 ( -0.043373  0.000000 -0.068705  0.000000  0.120914  0.000000 ) 
     freq (   56) =      70.130125 [THz] =    2339.289169 [cm-1]
 ( -0.000142  0.000000 -0.000031  0.000000 -0.000000  0.000000 ) 
 (  0.000142  0.000000 -0.000031  0.000000  0.000000  0.000000 ) 
 ( -0.021347  0.000000 -0.042453  0.000000  0.000204  0.000000 ) 
 ( -0.021347  0.000000 -0.042453  0.000000 -0.000204  0.000000 ) 
 (  0.021347  0.000000 -0.042453  0.000000  0.000204  0.000000 ) 
 (  0.021347  0.000000 -0.042453  0.000000 -0.000204  0.000000 ) 
 (  0.186519  0.000000 -0.046779  0.000000  0.000077  0.000000 ) 
 (  0.186519  0.000000 -0.046779  0.000000 -0.000077  0.000000 ) 
 ( -0.186519  0.000000 -0.046779  0.000000  0.000077  0.000000 ) 
 ( -0.186519  0.000000 -0.046779  0.000000 -0.000077  0.000000 ) 
 (  0.164765  0.000000  0.277119  0.000000  0.000051  0.000000 ) 
 (  0.164765  0.000000  0.277119  0.000000 -0.000051  0.000000 ) 
 ( -0.164765  0.000000  0.277119  0.000000  0.000051  0.000000 ) 
 ( -0.164765  0.000000  0.277119  0.000000 -0.000051  0.000000 ) 
 ( -0.057046  0.000000  0.112686  0.000000  0.191821  0.000000 ) 
 ( -0.057046  0.000000  0.112686  0.000000 -0.191821  0.000000 ) 
 (  0.057046  0.000000  0.112686  0.000000  0.191821  0.000000 ) 
 (  0.057046  0.000000  0.112686  0.000000 -0.191821  0.000000 ) 
 ( -0.057817  0.000000  0.114249  0.000000  0.194109  0.000000 ) 
 ( -0.057817  0.000000  0.114249  0.000000 -0.194109  0.000000 ) 
 (  0.057817  0.000000  0.114249  0.000000  0.194109  0.000000 ) 
 (  0.057817  0.000000  0.114249  0.000000 -0.194109  0.000000 ) 
     freq (   57) =      70.156726 [THz] =    2340.176477 [cm-1]
 (  0.000000  0.000000 -0.000000  0.000000 -0.000001  0.000000 ) 
 ( -0.000000  0.000000  0.000000  0.000000 -0.000001  0.000000 ) 
 ( -0.036950  0.000000 -0.030447  0.000000 -0.000088  0.000000 ) 
 (  0.036950  0.000000  0.030447  0.000000 -0.000088  0.000000 ) 
 (  0.036950  0.000000 -0.030447  0.000000 -0.000088  0.000000 ) 
 ( -0.036950  0.000000  0.030447  0.000000 -0.000088  0.000000 ) 
 (  0.317881  0.000000 -0.065361  0.000000  0.000051  0.000000 ) 
 ( -0.317881  0.000000  0.065361  0.000000  0.000051  0.000000 ) 
 ( -0.317881  0.000000 -0.065361  0.000000  0.000051  0.000000 ) 
 (  0.317881  0.000000  0.065361  0.000000  0.000051  0.000000 ) 
 (  0.164649  0.000000  0.291782  0.000000 -0.000012  0.000000 ) 
 ( -0.164649  0.000000 -0.291782  0.000000 -0.000012  0.000000 ) 
 ( -0.164649  0.000000  0.291782  0.000000 -0.000012  0.000000 ) 
 (  0.164649  0.000000 -0.291782  0.000000 -0.000012  0.000000 ) 
 ( -0.037242  0.000000  0.057814  0.000000  0.102443  0.000000 ) 
 (  0.037242  0.000000 -0.057814  0.000000  0.102443  0.000000 ) 
 (  0.037242  0.000000  0.057814  0.000000  0.102443  0.000000 ) 
 ( -0.037242  0.000000 -0.057814  0.000000  0.102443  0.000000 ) 
 (  0.036929  0.000000 -0.057214  0.000000 -0.101391  0.000000 ) 
 ( -0.036929  0.000000  0.057214  0.000000 -0.101391  0.000000 ) 
 ( -0.036929  0.000000 -0.057214  0.000000 -0.101391  0.000000 ) 
 (  0.036929  0.000000  0.057214  0.000000 -0.101391  0.000000 ) 
     freq (   58) =      70.192865 [THz] =    2341.381938 [cm-1]
 ( -0.000073  0.000000 -0.000016  0.000000 -0.000000  0.000000 ) 
 ( -0.000073  0.000000  0.000016  0.000000  0.000000  0.000000 ) 
 ( -0.035955  0.000000 -0.031882  0.000000 -0.000353  0.000000 ) 
 ( -0.035955  0.000000 -0.031882  0.000000  0.000353  0.000000 ) 
 ( -0.035955  0.000000  0.031882  0.000000  0.000353  0.000000 ) 
 ( -0.035955  0.000000  0.031882  0.000000 -0.000353  0.000000 ) 
 (  0.311270  0.000000 -0.065129  0.000000 -0.000279  0.000000 ) 
 (  0.311270  0.000000 -0.065129  0.000000  0.000279  0.000000 ) 
 (  0.311270  0.000000  0.065129  0.000000  0.000279  0.000000 ) 
 (  0.311270  0.000000  0.065129  0.000000 -0.000279  0.000000 ) 
 (  0.161219  0.000000  0.283755  0.000000 -0.000070  0.000000 ) 
 (  0.161219  0.000000  0.283755  0.000000  0.000070  0.000000 ) 
 (  0.161219  0.000000 -0.283755  0.000000  0.000070  0.000000 ) 
 (  0.161219  0.000000 -0.283755  0.000000 -0.000070  0.000000 ) 
 ( -0.041394  0.000000  0.068877  0.000000  0.119305  0.000000 ) 
 ( -0.041394  0.000000  0.068877  0.000000 -0.119305  0.000000 ) 
 ( -0.041394  0.000000 -0.068877  0.000000 -0.119305  0.000000 ) 
 ( -0.041394  0.000000 -0.068877  0.000000  0.119305  0.000000 ) 
 ( -0.040361  0.000000  0.066303  0.000000  0.115479  0.000000 ) 
 ( -0.040361  0.000000  0.066303  0.000000 -0.115479  0.000000 ) 
 ( -0.040361  0.000000 -0.066303  0.000000 -0.115479  0.000000 ) 
 ( -0.040361  0.000000 -0.066303  0.000000  0.115479  0.000000 ) 
     freq (   59) =      70.462288 [THz] =    2350.368928 [cm-1]
 ( -0.000055  0.000000 -0.000012  0.000000  0.000000  0.000000 ) 
 ( -0.000055  0.000000  0.000012  0.000000  0.000000  0.000000 ) 
 (  0.034245  0.000000 -0.034952  0.000000  0.000386  0.000000 ) 
 (  0.034245  0.000000 -0.034952  0.000000 -0.000386  0.000000 ) 
 (  0.034245  0.000000  0.034952  0.000000 -0.000386  0.000000 ) 
 (  0.034245  0.000000  0.034952  0.000000  0.000386  0.000000 ) 
 ( -0.312177  0.000000  0.047381  0.000000 -0.000078  0.000000 ) 
 ( -0.312177  0.000000  0.047381  0.000000  0.000078  0.000000 ) 
 ( -0.312177  0.000000 -0.047381  0.000000  0.000078  0.000000 ) 
 ( -0.312177  0.000000 -0.047381  0.000000 -0.000078  0.000000 ) 
 (  0.054282  0.000000  0.063465  0.000000  0.000054  0.000000 ) 
 (  0.054282  0.000000  0.063465  0.000000 -0.000054  0.000000 ) 
 (  0.054282  0.000000 -0.063465  0.000000 -0.000054  0.000000 ) 
 (  0.054282  0.000000 -0.063465  0.000000  0.000054  0.000000 ) 
 ( -0.051910  0.000000  0.133552  0.000000  0.220172  0.000000 ) 
 ( -0.051910  0.000000  0.133552  0.000000 -0.220172  0.000000 ) 
 ( -0.051910  0.000000 -0.133552  0.000000 -0.220172  0.000000 ) 
 ( -0.051910  0.000000 -0.133552  0.000000  0.220172  0.000000 ) 
 ( -0.053169  0.000000  0.136486  0.000000  0.224655  0.000000 ) 
 ( -0.053169  0.000000  0.136486  0.000000 -0.224655  0.000000 ) 
 ( -0.053169  0.000000 -0.136486  0.000000 -0.224655  0.000000 ) 
 ( -0.053169  0.000000 -0.136486  0.000000  0.224655  0.000000 ) 
     freq (   60) =      70.576215 [THz] =    2354.169124 [cm-1]
 ( -0.000000  0.000000 -0.000000  0.000000  0.000000  0.000000 ) 
 (  0.000000  0.000000  0.000000  0.000000 -0.000000  0.000000 ) 
 (  0.033562  0.000000 -0.035083  0.000000 -0.000144  0.000000 ) 
 ( -0.033562  0.000000  0.035083  0.000000 -0.000144  0.000000 ) 
 (  0.033562  0.000000  0.035083  0.000000  0.000144  0.000000 ) 
 ( -0.033562  0.000000 -0.035083  0.000000  0.000144  0.000000 ) 
 ( -0.314953  0.000000  0.045983  0.000000 -0.000045  0.000000 ) 
 (  0.314953  0.000000 -0.045983  0.000000 -0.000045  0.000000 ) 
 ( -0.314953  0.000000 -0.045983  0.000000  0.000045  0.000000 ) 
 (  0.314953  0.000000  0.045983  0.000000  0.000045  0.000000 ) 
 (  0.057786  0.000000  0.068919  0.000000 -0.000082  0.000000 ) 
 ( -0.057786  0.000000 -0.068919  0.000000 -0.000082  0.000000 ) 
 (  0.057786  0.000000 -0.068919  0.000000  0.000082  0.000000 ) 
 ( -0.057786  0.000000  0.068919  0.000000  0.000082  0.000000 ) 
 ( -0.052991  0.000000  0.134983  0.000000  0.220537  0.000000 ) 
 (  0.052991  0.000000 -0.134983  0.000000  0.220537  0.000000 ) 
 ( -0.052991  0.000000 -0.134983  0.000000 -0.220537  0.000000 ) 
 (  0.052991  0.000000  0.134983  0.000000 -0.220537  0.000000 ) 
 (  0.052562  0.000000 -0.133847  0.000000 -0.218863  0.000000 ) 
 ( -0.052562  0.000000  0.133847  0.000000 -0.218863  0.000000 ) 
 (  0.052562  0.000000  0.133847  0.000000  0.218863  0.000000 ) 
 ( -0.052562  0.000000 -0.133847  0.000000  0.218863  0.000000 ) 
     freq (   61) =      70.818365 [THz] =    2362.246376 [cm-1]
 (  0.000200  0.000000  0.000054  0.000000  0.000000  0.000000 ) 
 ( -0.000200  0.000000  0.000054  0.000000  0.000000  0.000000 ) 
 (  0.043811  0.000000 -0.021544  0.000000  0.000005  0.000000 ) 
 (  0.043811  0.000000 -0.021544  0.000000 -0.000005  0.000000 ) 
 ( -0.043811  0.000000 -0.021544  0.000000  0.000005  0.000000 ) 
 ( -0.043811  0.000000 -0.021544  0.000000 -0.000005  0.000000 ) 
 ( -0.400996  0.000000  0.066479  0.000000 -0.000004  0.000000 ) 
 ( -0.400996  0.000000  0.066479  0.000000  0.000004  0.000000 ) 
 (  0.400996  0.000000  0.066479  0.000000 -0.000004  0.000000 ) 
 (  0.400996  0.000000  0.066479  0.000000  0.000004  0.000000 ) 
 ( -0.011445  0.000000 -0.044734  0.000000  0.000027  0.000000 ) 
 ( -0.011445  0.000000 -0.044734  0.000000 -0.000027  0.000000 ) 
 (  0.011445  0.000000 -0.044734  0.000000  0.000027  0.000000 ) 
 (  0.011445  0.000000 -0.044734  0.000000 -0.000027  0.000000 ) 
 ( -0.037847  0.000000  0.102920  0.000000  0.167648  0.000000 ) 
 ( -0.037847  0.000000  0.102920  0.000000 -0.167648  0.000000 ) 
 (  0.037847  0.000000  0.102920  0.000000  0.167648  0.000000 ) 
 (  0.037847  0.000000  0.102920  0.000000 -0.167648  0.000000 ) 
 ( -0.037909  0.000000  0.102878  0.000000  0.167678  0.000000 ) 
 ( -0.037909  0.000000  0.102878  0.000000 -0.167678  0.000000 ) 
 (  0.037909  0.000000  0.102878  0.000000  0.167678  0.000000 ) 
 (  0.037909  0.000000  0.102878  0.000000 -0.167678  0.000000 ) 
     freq (   62) =      71.041053 [THz] =    2369.674451 [cm-1]
 (  0.000000  0.000000 -0.000000  0.000000 -0.000001  0.000000 ) 
 ( -0.000000  0.000000  0.000000  0.000000 -0.000001  0.000000 ) 
 (  0.031234  0.000000 -0.036122  0.000000  0.000303  0.000000 ) 
 ( -0.031234  0.000000  0.036122  0.000000  0.000303  0.000000 ) 
 ( -0.031234  0.000000 -0.036122  0.000000  0.000303  0.000000 ) 
 (  0.031234  0.000000  0.036122  0.000000  0.000303  0.000000 ) 
 ( -0.305238  0.000000  0.046549  0.000000  0.000047  0.000000 ) 
 (  0.305238  0.000000 -0.046549  0.000000  0.000047  0.000000 ) 
 (  0.305238  0.000000  0.046549  0.000000  0.000047  0.000000 ) 
 ( -0.305238  0.000000 -0.046549  0.000000  0.000047  0.000000 ) 
 (  0.064173  0.000000  0.086659  0.000000  0.000040  0.000000 ) 
 ( -0.064173  0.000000 -0.086659  0.000000  0.000040  0.000000 ) 
 ( -0.064173  0.000000  0.086659  0.000000  0.000040  0.000000 ) 
 (  0.064173  0.000000 -0.086659  0.000000  0.000040  0.000000 ) 
 ( -0.056106  0.000000  0.135394  0.000000  0.218648  0.000000 ) 
 (  0.056106  0.000000 -0.135394  0.000000  0.218648  0.000000 ) 
 (  0.056106  0.000000  0.135394  0.000000  0.218648  0.000000 ) 
 ( -0.056106  0.000000 -0.135394  0.000000  0.218648  0.000000 ) 
 (  0.057061  0.000000 -0.137632  0.000000 -0.221968  0.000000 ) 
 ( -0.057061  0.000000  0.137632  0.000000 -0.221968  0.000000 ) 
 ( -0.057061  0.000000 -0.137632  0.000000 -0.221968  0.000000 ) 
 (  0.057061  0.000000  0.137632  0.000000 -0.221968  0.000000 ) 
     freq (   63) =      71.183888 [THz] =    2374.438906 [cm-1]
 (  0.000008  0.000000  0.000008  0.000000  0.000000  0.000000 ) 
 (  0.000008  0.000000 -0.000008  0.000000 -0.000000  0.000000 ) 
 ( -0.000490  0.000000  0.000098  0.000000  0.050916  0.000000 ) 
 ( -0.000490  0.000000  0.000098  0.000000 -0.050916  0.000000 ) 
 ( -0.000490  0.000000 -0.000098  0.000000 -0.050916  0.000000 ) 
 ( -0.000490  0.000000 -0.000098  0.000000  0.050916  0.000000 ) 
 (  0.004926  0.000000 -0.000934  0.000000  0.011284  0.000000 ) 
 (  0.004926  0.000000 -0.000934  0.000000 -0.011284  0.000000 ) 
 (  0.004926  0.000000  0.000934  0.000000 -0.011284  0.000000 ) 
 (  0.004926  0.000000  0.000934  0.000000  0.011284  0.000000 ) 
 (  0.000354  0.000000  0.000978  0.000000  0.012021  0.000000 ) 
 (  0.000354  0.000000  0.000978  0.000000 -0.012021  0.000000 ) 
 (  0.000354  0.000000 -0.000978  0.000000 -0.012021  0.000000 ) 
 (  0.000354  0.000000 -0.000978  0.000000  0.012021  0.000000 ) 
 (  0.081356  0.000000 -0.188792  0.000000 -0.286109  0.000000 ) 
 (  0.081356  0.000000 -0.188792  0.000000  0.286109  0.000000 ) 
 (  0.081356  0.000000  0.188792  0.000000  0.286109  0.000000 ) 
 (  0.081356  0.000000  0.188792  0.000000 -0.286109  0.000000 ) 
 ( -0.081113  0.000000  0.188008  0.000000  0.284717  0.000000 ) 
 ( -0.081113  0.000000  0.188008  0.000000 -0.284717  0.000000 ) 
 ( -0.081113  0.000000 -0.188008  0.000000 -0.284717  0.000000 ) 
 ( -0.081113  0.000000 -0.188008  0.000000  0.284717  0.000000 ) 
     freq (   64) =      71.189695 [THz] =    2374.632628 [cm-1]
 (  0.000001  0.000000 -0.000001  0.000000  0.000000  0.000000 ) 
 ( -0.000001  0.000000 -0.000001  0.000000 -0.000000  0.000000 ) 
 ( -0.000070  0.000000 -0.000131  0.000000 -0.050912  0.000000 ) 
 ( -0.000070  0.000000 -0.000131  0.000000  0.050912  0.000000 ) 
 (  0.000070  0.000000 -0.000131  0.000000 -0.050912  0.000000 ) 
 (  0.000070  0.000000 -0.000131  0.000000  0.050912  0.000000 ) 
 (  0.001519  0.000000 -0.000304  0.000000 -0.010281  0.000000 ) 
 (  0.001519  0.000000 -0.000304  0.000000  0.010281  0.000000 ) 
 ( -0.001519  0.000000 -0.000304  0.000000 -0.010281  0.000000 ) 
 ( -0.001519  0.000000 -0.000304  0.000000  0.010281  0.000000 ) 
 (  0.000035  0.000000  0.000012  0.000000 -0.012457  0.000000 ) 
 (  0.000035  0.000000  0.000012  0.000000  0.012457  0.000000 ) 
 ( -0.000035  0.000000  0.000012  0.000000 -0.012457  0.000000 ) 
 ( -0.000035  0.000000  0.000012  0.000000  0.012457  0.000000 ) 
 ( -0.080388  0.000000  0.189669  0.000000  0.286815  0.000000 ) 
 ( -0.080388  0.000000  0.189669  0.000000 -0.286815  0.000000 ) 
 (  0.080388  0.000000  0.189669  0.000000  0.286815  0.000000 ) 
 (  0.080388  0.000000  0.189669  0.000000 -0.286815  0.000000 ) 
 (  0.079599  0.000000 -0.188014  0.000000 -0.284183  0.000000 ) 
 (  0.079599  0.000000 -0.188014  0.000000  0.284183  0.000000 ) 
 ( -0.079599  0.000000 -0.188014  0.000000 -0.284183  0.000000 ) 
 ( -0.079599  0.000000 -0.188014  0.000000  0.284183  0.000000 ) 
     freq (   65) =      71.205887 [THz] =    2375.172737 [cm-1]
 (  0.000000  0.000000  0.000000  0.000000 -0.000032  0.000000 ) 
 (  0.000000  0.000000 -0.000000  0.000000 -0.000032  0.000000 ) 
 ( -0.000240  0.000000  0.000173  0.000000  0.051351  0.000000 ) 
 (  0.000240  0.000000 -0.000173  0.000000  0.051351  0.000000 ) 
 (  0.000240  0.000000  0.000173  0.000000  0.051351  0.000000 ) 
 ( -0.000240  0.000000 -0.000173  0.000000  0.051351  0.000000 ) 
 (  0.003051  0.000000 -0.000567  0.000000  0.010953  0.000000 ) 
 ( -0.003051  0.000000  0.000567  0.000000  0.010953  0.000000 ) 
 ( -0.003051  0.000000 -0.000567  0.000000  0.010953  0.000000 ) 
 (  0.003051  0.000000  0.000567  0.000000  0.010953  0.000000 ) 
 ( -0.000633  0.000000 -0.000952  0.000000  0.011666  0.000000 ) 
 (  0.000633  0.000000  0.000952  0.000000  0.011666  0.000000 ) 
 (  0.000633  0.000000 -0.000952  0.000000  0.011666  0.000000 ) 
 ( -0.000633  0.000000  0.000952  0.000000  0.011666  0.000000 ) 
 (  0.080782  0.000000 -0.188742  0.000000 -0.286201  0.000000 ) 
 ( -0.080782  0.000000  0.188742  0.000000 -0.286201  0.000000 ) 
 ( -0.080782  0.000000 -0.188742  0.000000 -0.286201  0.000000 ) 
 (  0.080782  0.000000  0.188742  0.000000 -0.286201  0.000000 ) 
 (  0.080496  0.000000 -0.187891  0.000000 -0.285049  0.000000 ) 
 ( -0.080496  0.000000  0.187891  0.000000 -0.285049  0.000000 ) 
 ( -0.080496  0.000000 -0.187891  0.000000 -0.285049  0.000000 ) 
 (  0.080496  0.000000  0.187891  0.000000 -0.285049  0.000000 ) 
     freq (   66) =      71.234715 [THz] =    2376.134318 [cm-1]
 ( -0.000000  0.000000 -0.000000  0.000000  0.000141  0.000000 ) 
 (  0.000000  0.000000  0.000000  0.000000 -0.000141  0.000000 ) 
 ( -0.000015  0.000000  0.000155  0.000000 -0.050743  0.000000 ) 
 (  0.000015  0.000000 -0.000155  0.000000 -0.050743  0.000000 ) 
 ( -0.000015  0.000000 -0.000155  0.000000  0.050743  0.000000 ) 
 (  0.000015  0.000000  0.000155  0.000000  0.050743  0.000000 ) 
 ( -0.000106  0.000000  0.000051  0.000000 -0.011035  0.000000 ) 
 (  0.000106  0.000000 -0.000051  0.000000 -0.011035  0.000000 ) 
 ( -0.000106  0.000000 -0.000051  0.000000  0.011035  0.000000 ) 
 (  0.000106  0.000000  0.000051  0.000000  0.011035  0.000000 ) 
 ( -0.000269  0.000000 -0.000404  0.000000 -0.011378  0.000000 ) 
 (  0.000269  0.000000  0.000404  0.000000 -0.011378  0.000000 ) 
 ( -0.000269  0.000000  0.000404  0.000000  0.011378  0.000000 ) 
 (  0.000269  0.000000 -0.000404  0.000000  0.011378  0.000000 ) 
 ( -0.080546  0.000000  0.188080  0.000000  0.284151  0.000000 ) 
 (  0.080546  0.000000 -0.188080  0.000000  0.284151  0.000000 ) 
 ( -0.080546  0.000000 -0.188080  0.000000 -0.284151  0.000000 ) 
 (  0.080546  0.000000  0.188080  0.000000 -0.284151  0.000000 ) 
 ( -0.081254  0.000000  0.189495  0.000000  0.286461  0.000000 ) 
 (  0.081254  0.000000 -0.189495  0.000000  0.286461  0.000000 ) 
 ( -0.081254  0.000000 -0.189495  0.000000 -0.286461  0.000000 ) 
 (  0.081254  0.000000  0.189495  0.000000 -0.286461  0.000000 ) 
 **************************************************************************
