Dynamical matrix file
                                                                           
  3   22   8  13.3293716   0.9985550   0.6547020   0.0000000   0.0000000   0.0000000
           1  'B      '    9853.6237122476850     
           2  'Ba     '    125165.90357338246     
           3  'H      '    918.68111039893927     
    1    2      0.5000000000      0.4992775050      0.3273501678
    2    2      0.0000000000      0.0000000000      0.6547027722
    3    1      0.6273963679      0.2536205198      0.0000055049
    4    1      0.3726036321      0.7449344902      0.0000055049
    5    1      0.1273963679      0.2456569852      0.3273454751
    6    1      0.8726036321      0.7528980248      0.3273454751
    7    3      0.4554096088      0.2849999904     -0.0000079582
    8    3      0.5445903912      0.7135550196     -0.0000079582
    9    3      0.9554096088      0.2142775146      0.3273589382
   10    3      0.0445903912      0.7842774954      0.3273589382
   11    3      0.7157589785      0.4052330828      0.0000060162
   12    3      0.2842410215      0.5933219272      0.0000060162
   13    3      0.2157589785      0.0940444222      0.3273449638
   14    3      0.7842410215      0.9045105878      0.3273449638
   15    3      0.6658168521      0.1636329336      0.5103326023
   16    3      0.3341831479      0.8349220764      0.5103326023
   17    3      0.1658168521      0.3356445714      0.4717203377
   18    3      0.8341831479      0.6629104386      0.4717203377
   19    3      0.3341889191      0.8349213756      0.1443837417
   20    3      0.6658110809      0.1636336344      0.1443837417
   21    3      0.8341889191      0.6629111394      0.1829672383
   22    3      0.1658110809      0.3356438706      0.1829672383

     Dynamical  Matrix in cartesian axes

     q = (   -0.500000000  -0.500723541   0.000000000 ) 

    1    1
  0.07565252   0.00000000    -0.00155762   0.00000000     0.00000000   0.00000000
 -0.00155762   0.00000000     0.08087283   0.00000000     0.00000000   0.00000000
  0.00000000   0.00000000     0.00000000   0.00000000     0.06726182   0.00000000
    1    2
 -0.00000000  -0.00000000    -0.03502222  -0.00000000     0.00000000   0.00000000
 -0.03502222  -0.00000000    -0.00000000  -0.00000000     0.00000000   0.00000000
  0.00000000  -0.00000000     0.00000000   0.00000000     0.00000000   0.00000000
    1    3
  0.00568586   0.00000000     0.01158642   0.00000000    -0.00016705  -0.00000000
  0.00609400   0.00000000    -0.01172299  -0.00000000     0.00035653   0.00000000
  0.00025360   0.00000000    -0.00013377  -0.00000000    -0.02593466  -0.00000000
    1    4
  0.00568586  -0.00000000     0.01158642  -0.00000000     0.00016705  -0.00000000
  0.00609400  -0.00000000    -0.01172299   0.00000000    -0.00035653   0.00000000
 -0.00025360   0.00000000     0.00013377  -0.00000000    -0.02593466   0.00000000
    1    5
 -0.01045048  -0.00000000    -0.00456839  -0.00000000    -0.00034239  -0.00000000
 -0.00805302  -0.00000000    -0.00266042  -0.00000000    -0.00009864  -0.00000000
 -0.00005894  -0.00000000     0.00006180   0.00000000     0.00518620   0.00000000
    1    6
 -0.01045048   0.00000000    -0.00456839   0.00000000     0.00034239  -0.00000000
 -0.00805302   0.00000000    -0.00266042   0.00000000     0.00009864  -0.00000000
  0.00005894  -0.00000000    -0.00006180   0.00000000     0.00518620  -0.00000000
    1    7
 -0.00849775  -0.00000000    -0.00384741  -0.00000000    -0.00003027  -0.00000000
  0.00122020   0.00000000    -0.00550801  -0.00000000    -0.00003702  -0.00000000
  0.00004591   0.00000000    -0.00001839  -0.00000000    -0.00696799  -0.00000000
    1    8
 -0.00849775   0.00000000    -0.00384741   0.00000000     0.00003027  -0.00000000
  0.00122020  -0.00000000    -0.00550801   0.00000000     0.00003702  -0.00000000
 -0.00004591   0.00000000     0.00001839  -0.00000000    -0.00696799   0.00000000
    1    9
 -0.00196494  -0.00000000    -0.00212634  -0.00000000    -0.00010058  -0.00000000
 -0.00680027  -0.00000000     0.00027496   0.00000000     0.00005650   0.00000000
 -0.00006773  -0.00000000    -0.00013668  -0.00000000     0.00200157   0.00000000
    1   10
 -0.00196494   0.00000000    -0.00212634   0.00000000     0.00010058  -0.00000000
 -0.00680027   0.00000000     0.00027496  -0.00000000    -0.00005650   0.00000000
  0.00006773  -0.00000000     0.00013668  -0.00000000     0.00200157  -0.00000000
    1   11
 -0.00672319  -0.00000000    -0.00109300  -0.00000000    -0.00006494  -0.00000000
 -0.00494315  -0.00000000    -0.00699944  -0.00000000    -0.00007268  -0.00000000
  0.00029120   0.00000000     0.00009512   0.00000000    -0.00268377  -0.00000000
    1   12
 -0.00672319   0.00000000    -0.00109300   0.00000000     0.00006494  -0.00000000
 -0.00494315   0.00000000    -0.00699944   0.00000000     0.00007268  -0.00000000
 -0.00029120   0.00000000    -0.00009512   0.00000000    -0.00268377   0.00000000
    1   13
 -0.00005262  -0.00000000     0.00698231   0.00000000    -0.00005785  -0.00000000
  0.00427159   0.00000000    -0.00077041  -0.00000000     0.00000591   0.00000000
  0.00048944   0.00000000    -0.00033146  -0.00000000    -0.00072818  -0.00000000
    1   14
 -0.00005262   0.00000000     0.00698231  -0.00000000     0.00005785  -0.00000000
  0.00427159  -0.00000000    -0.00077041   0.00000000    -0.00000591   0.00000000
 -0.00048944   0.00000000     0.00033146  -0.00000000    -0.00072818   0.00000000
    1   15
 -0.00295363   0.00000000    -0.00067233   0.00000000    -0.00115878   0.00000000
 -0.00123886   0.00000000    -0.00290594   0.00000000     0.00267307  -0.00000000
  0.00085931  -0.00000000    -0.00034427   0.00000000     0.00237020  -0.00000000
    1   16
 -0.00295363   0.00000000    -0.00067233   0.00000000     0.00115878  -0.00000000
 -0.00123886   0.00000000    -0.00290594   0.00000000    -0.00267307   0.00000000
 -0.00085931   0.00000000     0.00034427  -0.00000000     0.00237020  -0.00000000
    1   17
 -0.00436009  -0.00000000     0.00048778   0.00000000     0.00098277   0.00000000
 -0.00036158  -0.00000000     0.00019944   0.00000000    -0.00019400  -0.00000000
  0.00243634   0.00000000     0.00025090   0.00000000    -0.00324786  -0.00000000
    1   18
 -0.00436009   0.00000000     0.00048778  -0.00000000    -0.00098277   0.00000000
 -0.00036158   0.00000000     0.00019944  -0.00000000     0.00019400  -0.00000000
 -0.00243634   0.00000000    -0.00025090   0.00000000    -0.00324786   0.00000000
    1   19
 -0.00246453   0.00000000    -0.00078939   0.00000000    -0.00141191   0.00000000
 -0.00026462   0.00000000    -0.00286577   0.00000000     0.00197608  -0.00000000
  0.00131561  -0.00000000    -0.00006965   0.00000000     0.00218314  -0.00000000
    1   20
 -0.00246453  -0.00000000    -0.00078939  -0.00000000     0.00141191   0.00000000
 -0.00026462  -0.00000000    -0.00286577  -0.00000000    -0.00197608  -0.00000000
 -0.00131561  -0.00000000     0.00006965   0.00000000     0.00218314   0.00000000
    1   21
 -0.00426271   0.00000000     0.00047032  -0.00000000     0.00121215  -0.00000000
 -0.00126366   0.00000000     0.00004459  -0.00000000    -0.00036811   0.00000000
  0.00186684  -0.00000000     0.00032375  -0.00000000    -0.00329213   0.00000000
    1   22
 -0.00426271  -0.00000000     0.00047032   0.00000000    -0.00121215  -0.00000000
 -0.00126366  -0.00000000     0.00004459   0.00000000     0.00036811   0.00000000
 -0.00186684  -0.00000000    -0.00032375  -0.00000000    -0.00329213  -0.00000000
    2    1
  0.00000000  -0.00000000    -0.03502222   0.00000000     0.00000000  -0.00000000
 -0.03502222   0.00000000     0.00000000  -0.00000000     0.00000000   0.00000000
  0.00000000   0.00000000     0.00000000   0.00000000    -0.00000000   0.00000000
    2    2
  0.07565252   0.00000000     0.00155762   0.00000000     0.00000000   0.00000000
  0.00155762   0.00000000     0.08087283   0.00000000     0.00000000   0.00000000
  0.00000000   0.00000000     0.00000000   0.00000000     0.06726182   0.00000000
    2    3
  0.01045048  -0.00000000    -0.00456839   0.00000000    -0.00034239   0.00000000
 -0.00805302   0.00000000     0.00266042  -0.00000000     0.00009864  -0.00000000
 -0.00005894   0.00000000    -0.00006180   0.00000000    -0.00518620   0.00000000
    2    4
  0.01045048  -0.00000000    -0.00456839   0.00000000     0.00034239  -0.00000000
 -0.00805302   0.00000000     0.00266042  -0.00000000    -0.00009864   0.00000000
  0.00005894  -0.00000000     0.00006180  -0.00000000    -0.00518620   0.00000000
    2    5
  0.00568586  -0.00000000    -0.01158642   0.00000000     0.00016705  -0.00000000
 -0.00609400   0.00000000    -0.01172299   0.00000000     0.00035653  -0.00000000
 -0.00025360   0.00000000    -0.00013377   0.00000000    -0.02593466   0.00000000
    2    6
  0.00568586  -0.00000000    -0.01158642   0.00000000    -0.00016705   0.00000000
 -0.00609400   0.00000000    -0.01172299   0.00000000    -0.00035653   0.00000000
  0.00025360  -0.00000000     0.00013377  -0.00000000    -0.02593466   0.00000000
    2    7
 -0.00196494   0.00000000     0.00212634  -0.00000000     0.00010058  -0.00000000
  0.00680027  -0.00000000     0.00027496  -0.00000000     0.00005650  -0.00000000
  0.00006773  -0.00000000    -0.00013668   0.00000000     0.00200157  -0.00000000
    2    8
 -0.00196494   0.00000000     0.00212634  -0.00000000    -0.00010058   0.00000000
  0.00680027  -0.00000000     0.00027496  -0.00000000    -0.00005650   0.00000000
 -0.00006773   0.00000000     0.00013668  -0.00000000     0.00200157  -0.00000000
    2    9
  0.00849775  -0.00000000    -0.00384741   0.00000000    -0.00003027   0.00000000
  0.00122020  -0.00000000     0.00550801  -0.00000000     0.00003702  -0.00000000
  0.00004591  -0.00000000     0.00001839  -0.00000000     0.00696799  -0.00000000
    2   10
  0.00849775  -0.00000000    -0.00384741   0.00000000     0.00003027  -0.00000000
  0.00122020  -0.00000000     0.00550801  -0.00000000    -0.00003702   0.00000000
 -0.00004591   0.00000000    -0.00001839   0.00000000     0.00696799  -0.00000000
    2   11
  0.00005262  -0.00000000     0.00698231  -0.00000000    -0.00005785   0.00000000
  0.00427159  -0.00000000     0.00077041  -0.00000000    -0.00000591   0.00000000
  0.00048944  -0.00000000     0.00033146  -0.00000000     0.00072818  -0.00000000
    2   12
  0.00005262  -0.00000000     0.00698231  -0.00000000     0.00005785  -0.00000000
  0.00427159  -0.00000000     0.00077041  -0.00000000     0.00000591  -0.00000000
 -0.00048944   0.00000000    -0.00033146   0.00000000     0.00072818  -0.00000000
    2   13
 -0.00672319   0.00000000     0.00109300  -0.00000000     0.00006494  -0.00000000
  0.00494315  -0.00000000    -0.00699944   0.00000000    -0.00007268   0.00000000
 -0.00029120   0.00000000     0.00009512  -0.00000000    -0.00268377   0.00000000
    2   14
 -0.00672319   0.00000000     0.00109300  -0.00000000    -0.00006494   0.00000000
  0.00494315  -0.00000000    -0.00699944   0.00000000     0.00007268  -0.00000000
  0.00029120  -0.00000000    -0.00009512   0.00000000    -0.00268377   0.00000000
    2   15
  0.00436009  -0.00000000     0.00048778  -0.00000000     0.00098277  -0.00000000
 -0.00036158   0.00000000    -0.00019944   0.00000000     0.00019400  -0.00000000
  0.00243634  -0.00000000    -0.00025090   0.00000000     0.00324786  -0.00000000
    2   16
  0.00436009  -0.00000000     0.00048778  -0.00000000    -0.00098277   0.00000000
 -0.00036158   0.00000000    -0.00019944   0.00000000    -0.00019400   0.00000000
 -0.00243634   0.00000000     0.00025090  -0.00000000     0.00324786  -0.00000000
    2   17
 -0.00295363   0.00000000     0.00067233  -0.00000000     0.00115878  -0.00000000
  0.00123886  -0.00000000    -0.00290594   0.00000000     0.00267307  -0.00000000
 -0.00085931   0.00000000    -0.00034427   0.00000000     0.00237020  -0.00000000
    2   18
 -0.00295363   0.00000000     0.00067233  -0.00000000    -0.00115878   0.00000000
  0.00123886  -0.00000000    -0.00290594   0.00000000    -0.00267307   0.00000000
  0.00085931  -0.00000000     0.00034427  -0.00000000     0.00237020  -0.00000000
    2   19
  0.00426271  -0.00000000     0.00047032  -0.00000000     0.00121215  -0.00000000
 -0.00126366   0.00000000    -0.00004459   0.00000000     0.00036811  -0.00000000
  0.00186684  -0.00000000    -0.00032375   0.00000000     0.00329213  -0.00000000
    2   20
  0.00426271  -0.00000000     0.00047032  -0.00000000    -0.00121215   0.00000000
 -0.00126366   0.00000000    -0.00004459   0.00000000    -0.00036811   0.00000000
 -0.00186684   0.00000000     0.00032375  -0.00000000     0.00329213  -0.00000000
    2   21
 -0.00246453   0.00000000     0.00078939  -0.00000000     0.00141191  -0.00000000
  0.00026462  -0.00000000    -0.00286577   0.00000000     0.00197608  -0.00000000
 -0.00131561   0.00000000    -0.00006965   0.00000000     0.00218314  -0.00000000
    2   22
 -0.00246453   0.00000000     0.00078939  -0.00000000    -0.00141191   0.00000000
  0.00026462  -0.00000000    -0.00286577   0.00000000    -0.00197608   0.00000000
  0.00131561  -0.00000000     0.00006965  -0.00000000     0.00218314  -0.00000000
    3    1
  0.00568586  -0.00000000     0.00609400  -0.00000000     0.00025360  -0.00000000
  0.01158642  -0.00000000    -0.01172299   0.00000000    -0.00013377   0.00000000
 -0.00016705   0.00000000     0.00035653  -0.00000000    -0.02593466   0.00000000
    3    2
  0.01045048   0.00000000    -0.00805302  -0.00000000    -0.00005894  -0.00000000
 -0.00456839  -0.00000000     0.00266042   0.00000000    -0.00006180  -0.00000000
 -0.00034239  -0.00000000     0.00009864   0.00000000    -0.00518620  -0.00000000
    3    3
  0.59402353   0.00000000    -0.01934623   0.00000000     0.00001080   0.00000000
 -0.01934623   0.00000000     0.59691189   0.00000000     0.00012067   0.00000000
  0.00001080   0.00000000     0.00012067   0.00000000     0.64537179   0.00000000
    3    4
  0.00078017  -0.00000000     0.00061702  -0.00000000     0.00006792  -0.00000000
  0.00061702  -0.00000000    -0.00071811   0.00000000    -0.00002871   0.00000000
 -0.00006792   0.00000000     0.00002871  -0.00000000    -0.00177669   0.00000000
    3    5
 -0.00000000  -0.00000000    -0.00194493  -0.00000000    -0.00009826  -0.00000000
 -0.00194493  -0.00000000    -0.00000000  -0.00000000    -0.00002706  -0.00000000
 -0.00009826  -0.00000000     0.00002706   0.00000000     0.00000000   0.00000000
    3    6
  0.00000000  -0.00000000     0.00010704  -0.00000000     0.00013421  -0.00000000
  0.00010704  -0.00000000    -0.00000000   0.00000000     0.00012313  -0.00000000
 -0.00013421   0.00000000     0.00012313  -0.00000000     0.00000000  -0.00000000
    3    7
 -0.33357161  -0.00000000     0.05113665   0.00000000    -0.00010192  -0.00000000
  0.04799092   0.00000000    -0.05555501  -0.00000000     0.00002212   0.00000000
 -0.00006573  -0.00000000     0.00003324   0.00000000    -0.04897458  -0.00000000
    3    8
 -0.00152245   0.00000000     0.00071773  -0.00000000    -0.00005928   0.00000000
  0.00038117  -0.00000000    -0.00069382   0.00000000     0.00004439  -0.00000000
  0.00004275  -0.00000000    -0.00002352   0.00000000    -0.00093198   0.00000000
    3    9
 -0.00314882   0.00000000    -0.00043021   0.00000000     0.00001815  -0.00000000
 -0.00089272   0.00000000    -0.00025703   0.00000000     0.00003305  -0.00000000
  0.00012851  -0.00000000    -0.00000704   0.00000000    -0.00066285   0.00000000
    3   10
  0.00037150  -0.00000000    -0.00038843   0.00000000     0.00002994  -0.00000000
  0.00012429  -0.00000000    -0.00019909   0.00000000     0.00001570  -0.00000000
  0.00002174  -0.00000000    -0.00003318   0.00000000     0.00032903  -0.00000000
    3   11
 -0.12383969   0.00000000    -0.12188173   0.00000000     0.00005445  -0.00000000
 -0.12032041   0.00000000    -0.25673389   0.00000000    -0.00004916   0.00000000
 -0.00008198   0.00000000    -0.00002145   0.00000000    -0.05356933   0.00000000
    3   12
 -0.00023768   0.00000000     0.00044897  -0.00000000     0.00006955  -0.00000000
 -0.00047983   0.00000000    -0.00097280   0.00000000    -0.00005710   0.00000000
  0.00007326  -0.00000000     0.00001195  -0.00000000    -0.00035836   0.00000000
    3   13
  0.00059162  -0.00000000     0.00041382  -0.00000000     0.00000077  -0.00000000
  0.00060960  -0.00000000     0.00085450  -0.00000000    -0.00000600   0.00000000
 -0.00011195   0.00000000     0.00009236  -0.00000000     0.00032619  -0.00000000
    3   14
  0.00007765  -0.00000000     0.00043871  -0.00000000    -0.00001095   0.00000000
 -0.00112491   0.00000000     0.00235667  -0.00000000     0.00003611  -0.00000000
  0.00008766  -0.00000000    -0.00002175   0.00000000     0.00050676  -0.00000000
    3   15
 -0.06086599   0.00000000     0.03768200  -0.00000000     0.05174490  -0.00000000
  0.03788250  -0.00000000    -0.13252602   0.00000000    -0.12878471   0.00000000
  0.05205089  -0.00000000    -0.12850188   0.00000000    -0.25696237   0.00000000
    3   16
 -0.00113213   0.00000000     0.00039172  -0.00000000    -0.00029600   0.00000000
  0.00026169  -0.00000000    -0.00055674   0.00000000    -0.00029834   0.00000000
 -0.00004237   0.00000000     0.00019688  -0.00000000    -0.00029429   0.00000000
    3   17
 -0.00022928  -0.00000000     0.00050726   0.00000000    -0.00011068  -0.00000000
  0.00011360   0.00000000     0.00021566   0.00000000     0.00020609   0.00000000
 -0.00025342  -0.00000000    -0.00020782  -0.00000000    -0.00075977  -0.00000000
    3   18
 -0.00056896   0.00000000    -0.00051564   0.00000000     0.00041903  -0.00000000
 -0.00038614   0.00000000    -0.00082805   0.00000000     0.00064561  -0.00000000
 -0.00011086   0.00000000     0.00069875  -0.00000000    -0.00077120   0.00000000
    3   19
 -0.00119999   0.00000000     0.00052696  -0.00000000     0.00024892  -0.00000000
  0.00000220  -0.00000000    -0.00050047   0.00000000     0.00018604  -0.00000000
  0.00014899  -0.00000000    -0.00015527   0.00000000    -0.00011707   0.00000000
    3   20
 -0.06095388   0.00000000     0.03755452  -0.00000000    -0.05181826   0.00000000
  0.03759095  -0.00000000    -0.13253309   0.00000000     0.12854439  -0.00000000
 -0.05172763   0.00000000     0.12847463  -0.00000000    -0.25667577   0.00000000
    3   21
 -0.00057236   0.00000000    -0.00042641   0.00000000    -0.00050074   0.00000000
 -0.00064235   0.00000000    -0.00105991   0.00000000    -0.00093845   0.00000000
  0.00004152  -0.00000000    -0.00072001   0.00000000    -0.00068861   0.00000000
    3   22
 -0.00031195  -0.00000000     0.00043982   0.00000000     0.00007871   0.00000000
 -0.00001076  -0.00000000     0.00044526   0.00000000    -0.00018697  -0.00000000
  0.00014474   0.00000000     0.00026602   0.00000000    -0.00072699  -0.00000000
    4    1
  0.00568586   0.00000000     0.00609400   0.00000000    -0.00025360  -0.00000000
  0.01158642   0.00000000    -0.01172299  -0.00000000     0.00013377   0.00000000
  0.00016705   0.00000000    -0.00035653  -0.00000000    -0.02593466  -0.00000000
    4    2
  0.01045048   0.00000000    -0.00805302  -0.00000000     0.00005894   0.00000000
 -0.00456839  -0.00000000     0.00266042   0.00000000     0.00006180   0.00000000
  0.00034239   0.00000000    -0.00009864  -0.00000000    -0.00518620  -0.00000000
    4    3
  0.00078017   0.00000000     0.00061702   0.00000000    -0.00006792  -0.00000000
  0.00061702   0.00000000    -0.00071811  -0.00000000     0.00002871   0.00000000
  0.00006792   0.00000000    -0.00002871  -0.00000000    -0.00177669  -0.00000000
    4    4
  0.59402353   0.00000000    -0.01934623   0.00000000    -0.00001080   0.00000000
 -0.01934623   0.00000000     0.59691189   0.00000000    -0.00012067   0.00000000
 -0.00001080   0.00000000    -0.00012067   0.00000000     0.64537179   0.00000000
    4    5
  0.00000000   0.00000000     0.00010704   0.00000000    -0.00013421  -0.00000000
  0.00010704   0.00000000    -0.00000000  -0.00000000    -0.00012313  -0.00000000
  0.00013421   0.00000000    -0.00012313  -0.00000000     0.00000000   0.00000000
    4    6
 -0.00000000   0.00000000    -0.00194493  -0.00000000     0.00009826   0.00000000
 -0.00194493  -0.00000000    -0.00000000   0.00000000     0.00002706   0.00000000
  0.00009826   0.00000000    -0.00002706  -0.00000000     0.00000000  -0.00000000
    4    7
 -0.00152245  -0.00000000     0.00071773   0.00000000     0.00005928   0.00000000
  0.00038117   0.00000000    -0.00069382  -0.00000000    -0.00004439  -0.00000000
 -0.00004275  -0.00000000     0.00002352   0.00000000    -0.00093198  -0.00000000
    4    8
 -0.33357161   0.00000000     0.05113665  -0.00000000     0.00010192  -0.00000000
  0.04799092  -0.00000000    -0.05555501   0.00000000    -0.00002212   0.00000000
  0.00006573  -0.00000000    -0.00003324   0.00000000    -0.04897458   0.00000000
    4    9
  0.00037150   0.00000000    -0.00038843  -0.00000000    -0.00002994  -0.00000000
  0.00012429   0.00000000    -0.00019909  -0.00000000    -0.00001570  -0.00000000
 -0.00002174  -0.00000000     0.00003318   0.00000000     0.00032903   0.00000000
    4   10
 -0.00314882  -0.00000000    -0.00043021  -0.00000000    -0.00001815  -0.00000000
 -0.00089272  -0.00000000    -0.00025703  -0.00000000    -0.00003305  -0.00000000
 -0.00012851  -0.00000000     0.00000704   0.00000000    -0.00066285  -0.00000000
    4   11
 -0.00023768  -0.00000000     0.00044897   0.00000000    -0.00006955  -0.00000000
 -0.00047983  -0.00000000    -0.00097280  -0.00000000     0.00005710   0.00000000
 -0.00007326  -0.00000000    -0.00001195  -0.00000000    -0.00035836  -0.00000000
    4   12
 -0.12383969  -0.00000000    -0.12188173  -0.00000000    -0.00005445  -0.00000000
 -0.12032041  -0.00000000    -0.25673389  -0.00000000     0.00004916   0.00000000
  0.00008198   0.00000000     0.00002145   0.00000000    -0.05356933  -0.00000000
    4   13
  0.00007765   0.00000000     0.00043871   0.00000000     0.00001095   0.00000000
 -0.00112491  -0.00000000     0.00235667   0.00000000    -0.00003611  -0.00000000
 -0.00008766  -0.00000000     0.00002175   0.00000000     0.00050676   0.00000000
    4   14
  0.00059162  -0.00000000     0.00041382  -0.00000000    -0.00000077   0.00000000
  0.00060960  -0.00000000     0.00085450  -0.00000000     0.00000600  -0.00000000
  0.00011195  -0.00000000    -0.00009236   0.00000000     0.00032619  -0.00000000
    4   15
 -0.00113213  -0.00000000     0.00039172   0.00000000     0.00029600   0.00000000
  0.00026169   0.00000000    -0.00055674  -0.00000000     0.00029834   0.00000000
  0.00004237   0.00000000    -0.00019688  -0.00000000    -0.00029429  -0.00000000
    4   16
 -0.06086599   0.00000000     0.03768200  -0.00000000    -0.05174490   0.00000000
  0.03788250  -0.00000000    -0.13252602   0.00000000     0.12878471  -0.00000000
 -0.05205089   0.00000000     0.12850188  -0.00000000    -0.25696237   0.00000000
    4   17
 -0.00056896  -0.00000000    -0.00051564  -0.00000000    -0.00041903  -0.00000000
 -0.00038614  -0.00000000    -0.00082805  -0.00000000    -0.00064561  -0.00000000
  0.00011086   0.00000000    -0.00069875  -0.00000000    -0.00077120  -0.00000000
    4   18
 -0.00022928   0.00000000     0.00050726  -0.00000000     0.00011068  -0.00000000
  0.00011360  -0.00000000     0.00021566  -0.00000000    -0.00020609   0.00000000
  0.00025342  -0.00000000     0.00020782  -0.00000000    -0.00075977   0.00000000
    4   19
 -0.06095388   0.00000000     0.03755452  -0.00000000     0.05181826  -0.00000000
  0.03759095  -0.00000000    -0.13253309   0.00000000    -0.12854439   0.00000000
  0.05172763  -0.00000000    -0.12847463   0.00000000    -0.25667577   0.00000000
    4   20
 -0.00119999  -0.00000000     0.00052696   0.00000000    -0.00024892  -0.00000000
  0.00000220   0.00000000    -0.00050047  -0.00000000    -0.00018604  -0.00000000
 -0.00014899  -0.00000000     0.00015527   0.00000000    -0.00011707  -0.00000000
    4   21
 -0.00031195  -0.00000000     0.00043982   0.00000000    -0.00007871  -0.00000000
 -0.00001076  -0.00000000     0.00044526   0.00000000     0.00018697   0.00000000
 -0.00014474  -0.00000000    -0.00026602  -0.00000000    -0.00072699  -0.00000000
    4   22
 -0.00057236  -0.00000000    -0.00042641  -0.00000000     0.00050074   0.00000000
 -0.00064235  -0.00000000    -0.00105991  -0.00000000     0.00093845   0.00000000
 -0.00004152  -0.00000000     0.00072001   0.00000000    -0.00068861  -0.00000000
    5    1
 -0.01045048   0.00000000    -0.00805302   0.00000000    -0.00005894   0.00000000
 -0.00456839   0.00000000    -0.00266042   0.00000000     0.00006180  -0.00000000
 -0.00034239   0.00000000    -0.00009864   0.00000000     0.00518620  -0.00000000
    5    2
  0.00568586   0.00000000    -0.00609400  -0.00000000    -0.00025360  -0.00000000
 -0.01158642  -0.00000000    -0.01172299  -0.00000000    -0.00013377  -0.00000000
  0.00016705   0.00000000     0.00035653   0.00000000    -0.02593466  -0.00000000
    5    3
  0.00000000  -0.00000000    -0.00194493   0.00000000    -0.00009826   0.00000000
 -0.00194493   0.00000000     0.00000000  -0.00000000     0.00002706  -0.00000000
 -0.00009826   0.00000000    -0.00002706   0.00000000    -0.00000000   0.00000000
    5    4
 -0.00000000   0.00000000     0.00010704  -0.00000000     0.00013421  -0.00000000
  0.00010704  -0.00000000     0.00000000  -0.00000000    -0.00012313   0.00000000
 -0.00013421   0.00000000    -0.00012313   0.00000000    -0.00000000   0.00000000
    5    5
  0.59402353   0.00000000     0.01934623   0.00000000    -0.00001080   0.00000000
  0.01934623   0.00000000     0.59691189   0.00000000     0.00012067   0.00000000
 -0.00001080   0.00000000     0.00012067   0.00000000     0.64537179   0.00000000
    5    6
  0.00078017  -0.00000000    -0.00061702   0.00000000    -0.00006792   0.00000000
 -0.00061702   0.00000000    -0.00071811   0.00000000    -0.00002871   0.00000000
  0.00006792  -0.00000000     0.00002871  -0.00000000    -0.00177669   0.00000000
    5    7
 -0.00314882  -0.00000000     0.00043021   0.00000000    -0.00001815  -0.00000000
  0.00089272   0.00000000    -0.00025703  -0.00000000     0.00003305   0.00000000
 -0.00012851  -0.00000000    -0.00000704  -0.00000000    -0.00066285  -0.00000000
    5    8
  0.00037150  -0.00000000     0.00038843  -0.00000000    -0.00002994   0.00000000
 -0.00012429   0.00000000    -0.00019909   0.00000000     0.00001570  -0.00000000
 -0.00002174   0.00000000    -0.00003318   0.00000000     0.00032903  -0.00000000
    5    9
  0.33357161  -0.00000000     0.05113665  -0.00000000    -0.00010192   0.00000000
  0.04799092  -0.00000000     0.05555501  -0.00000000    -0.00002212   0.00000000
 -0.00006573   0.00000000    -0.00003324   0.00000000     0.04897458  -0.00000000
    5   10
  0.00152245  -0.00000000     0.00071773  -0.00000000    -0.00005928   0.00000000
  0.00038117  -0.00000000     0.00069382  -0.00000000    -0.00004439   0.00000000
  0.00004275  -0.00000000     0.00002352  -0.00000000     0.00093198  -0.00000000
    5   11
 -0.00059162   0.00000000     0.00041382  -0.00000000     0.00000077  -0.00000000
  0.00060960  -0.00000000    -0.00085450   0.00000000     0.00000600  -0.00000000
 -0.00011195   0.00000000    -0.00009236   0.00000000    -0.00032619   0.00000000
    5   12
 -0.00007765   0.00000000     0.00043871  -0.00000000    -0.00001095   0.00000000
 -0.00112491   0.00000000    -0.00235667   0.00000000    -0.00003611   0.00000000
  0.00008766  -0.00000000     0.00002175  -0.00000000    -0.00050676   0.00000000
    5   13
 -0.12383969   0.00000000     0.12188173  -0.00000000    -0.00005445   0.00000000
  0.12032041  -0.00000000    -0.25673389   0.00000000    -0.00004916   0.00000000
  0.00008198  -0.00000000    -0.00002145   0.00000000    -0.05356933   0.00000000
    5   14
 -0.00023768   0.00000000    -0.00044897   0.00000000    -0.00006955   0.00000000
  0.00047983  -0.00000000    -0.00097280   0.00000000    -0.00005710   0.00000000
 -0.00007326   0.00000000     0.00001195  -0.00000000    -0.00035836   0.00000000
    5   15
  0.00022928  -0.00000000     0.00050726  -0.00000000    -0.00011068   0.00000000
  0.00011360  -0.00000000    -0.00021566   0.00000000    -0.00020609   0.00000000
 -0.00025342   0.00000000     0.00020782  -0.00000000     0.00075977  -0.00000000
    5   16
  0.00056896  -0.00000000    -0.00051564   0.00000000     0.00041903  -0.00000000
 -0.00038614   0.00000000     0.00082805  -0.00000000    -0.00064561   0.00000000
 -0.00011086   0.00000000    -0.00069875   0.00000000     0.00077120  -0.00000000
    5   17
 -0.06086599  -0.00000000    -0.03768200  -0.00000000    -0.05174490  -0.00000000
 -0.03788250  -0.00000000    -0.13252602  -0.00000000    -0.12878471  -0.00000000
 -0.05205089  -0.00000000    -0.12850188  -0.00000000    -0.25696237  -0.00000000
    5   18
 -0.00113213   0.00000000    -0.00039172   0.00000000     0.00029600  -0.00000000
 -0.00026169   0.00000000    -0.00055674   0.00000000    -0.00029834   0.00000000
  0.00004237  -0.00000000     0.00019688  -0.00000000    -0.00029429   0.00000000
    5   19
  0.00057236  -0.00000000    -0.00042641   0.00000000    -0.00050074   0.00000000
 -0.00064235   0.00000000     0.00105991  -0.00000000     0.00093845  -0.00000000
  0.00004152  -0.00000000     0.00072001  -0.00000000     0.00068861  -0.00000000
    5   20
  0.00031195  -0.00000000     0.00043982  -0.00000000     0.00007871  -0.00000000
 -0.00001076   0.00000000    -0.00044526   0.00000000     0.00018697  -0.00000000
  0.00014474  -0.00000000    -0.00026602   0.00000000     0.00072699  -0.00000000
    5   21
 -0.00119999   0.00000000    -0.00052696   0.00000000    -0.00024892   0.00000000
 -0.00000220   0.00000000    -0.00050047   0.00000000     0.00018604  -0.00000000
 -0.00014899   0.00000000    -0.00015527   0.00000000    -0.00011707   0.00000000
    5   22
 -0.06095388   0.00000000    -0.03755452   0.00000000     0.05181826  -0.00000000
 -0.03759095   0.00000000    -0.13253309   0.00000000     0.12854439  -0.00000000
  0.05172763  -0.00000000     0.12847463  -0.00000000    -0.25667577   0.00000000
    6    1
 -0.01045048  -0.00000000    -0.00805302  -0.00000000     0.00005894   0.00000000
 -0.00456839  -0.00000000    -0.00266042  -0.00000000    -0.00006180  -0.00000000
  0.00034239   0.00000000     0.00009864   0.00000000     0.00518620   0.00000000
    6    2
  0.00568586   0.00000000    -0.00609400  -0.00000000     0.00025360   0.00000000
 -0.01158642  -0.00000000    -0.01172299  -0.00000000     0.00013377   0.00000000
 -0.00016705  -0.00000000    -0.00035653  -0.00000000    -0.02593466  -0.00000000
    6    3
 -0.00000000  -0.00000000     0.00010704   0.00000000    -0.00013421  -0.00000000
  0.00010704   0.00000000     0.00000000   0.00000000     0.00012313   0.00000000
  0.00013421   0.00000000     0.00012313   0.00000000    -0.00000000  -0.00000000
    6    4
  0.00000000   0.00000000    -0.00194493   0.00000000     0.00009826  -0.00000000
 -0.00194493   0.00000000     0.00000000   0.00000000    -0.00002706   0.00000000
  0.00009826  -0.00000000     0.00002706  -0.00000000    -0.00000000  -0.00000000
    6    5
  0.00078017   0.00000000    -0.00061702  -0.00000000     0.00006792   0.00000000
 -0.00061702  -0.00000000    -0.00071811  -0.00000000     0.00002871   0.00000000
 -0.00006792  -0.00000000    -0.00002871  -0.00000000    -0.00177669  -0.00000000
    6    6
  0.59402353   0.00000000     0.01934623   0.00000000     0.00001080   0.00000000
  0.01934623   0.00000000     0.59691189   0.00000000    -0.00012067   0.00000000
  0.00001080   0.00000000    -0.00012067   0.00000000     0.64537179   0.00000000
    6    7
  0.00037150   0.00000000     0.00038843   0.00000000     0.00002994   0.00000000
 -0.00012429  -0.00000000    -0.00019909  -0.00000000    -0.00001570  -0.00000000
  0.00002174   0.00000000     0.00003318   0.00000000     0.00032903   0.00000000
    6    8
 -0.00314882   0.00000000     0.00043021  -0.00000000     0.00001815  -0.00000000
  0.00089272  -0.00000000    -0.00025703   0.00000000    -0.00003305   0.00000000
  0.00012851  -0.00000000     0.00000704  -0.00000000    -0.00066285   0.00000000
    6    9
  0.00152245   0.00000000     0.00071773   0.00000000     0.00005928   0.00000000
  0.00038117   0.00000000     0.00069382   0.00000000     0.00004439   0.00000000
 -0.00004275  -0.00000000    -0.00002352  -0.00000000     0.00093198   0.00000000
    6   10
  0.33357161  -0.00000000     0.05113665  -0.00000000     0.00010192  -0.00000000
  0.04799092  -0.00000000     0.05555501  -0.00000000     0.00002212  -0.00000000
  0.00006573  -0.00000000     0.00003324  -0.00000000     0.04897458  -0.00000000
    6   11
 -0.00007765  -0.00000000     0.00043871   0.00000000     0.00001095   0.00000000
 -0.00112491  -0.00000000    -0.00235667  -0.00000000     0.00003611   0.00000000
 -0.00008766  -0.00000000    -0.00002175  -0.00000000    -0.00050676  -0.00000000
    6   12
 -0.00059162   0.00000000     0.00041382  -0.00000000    -0.00000077   0.00000000
  0.00060960  -0.00000000    -0.00085450   0.00000000    -0.00000600   0.00000000
  0.00011195  -0.00000000     0.00009236  -0.00000000    -0.00032619   0.00000000
    6   13
 -0.00023768  -0.00000000    -0.00044897  -0.00000000     0.00006955   0.00000000
  0.00047983   0.00000000    -0.00097280  -0.00000000     0.00005710   0.00000000
  0.00007326   0.00000000    -0.00001195  -0.00000000    -0.00035836  -0.00000000
    6   14
 -0.12383969   0.00000000     0.12188173  -0.00000000     0.00005445  -0.00000000
  0.12032041  -0.00000000    -0.25673389   0.00000000     0.00004916  -0.00000000
 -0.00008198   0.00000000     0.00002145  -0.00000000    -0.05356933   0.00000000
    6   15
  0.00056896  -0.00000000    -0.00051564   0.00000000    -0.00041903   0.00000000
 -0.00038614   0.00000000     0.00082805  -0.00000000     0.00064561  -0.00000000
  0.00011086  -0.00000000     0.00069875  -0.00000000     0.00077120  -0.00000000
    6   16
  0.00022928  -0.00000000     0.00050726  -0.00000000     0.00011068  -0.00000000
  0.00011360  -0.00000000    -0.00021566   0.00000000     0.00020609  -0.00000000
  0.00025342  -0.00000000    -0.00020782   0.00000000     0.00075977  -0.00000000
    6   17
 -0.00113213  -0.00000000    -0.00039172  -0.00000000    -0.00029600  -0.00000000
 -0.00026169  -0.00000000    -0.00055674  -0.00000000     0.00029834   0.00000000
 -0.00004237  -0.00000000    -0.00019688  -0.00000000    -0.00029429  -0.00000000
    6   18
 -0.06086599   0.00000000    -0.03768200   0.00000000     0.05174490  -0.00000000
 -0.03788250   0.00000000    -0.13252602   0.00000000     0.12878471  -0.00000000
  0.05205089  -0.00000000     0.12850188  -0.00000000    -0.25696237   0.00000000
    6   19
  0.00031195  -0.00000000     0.00043982  -0.00000000    -0.00007871   0.00000000
 -0.00001076   0.00000000    -0.00044526   0.00000000    -0.00018697   0.00000000
 -0.00014474   0.00000000     0.00026602  -0.00000000     0.00072699  -0.00000000
    6   20
  0.00057236   0.00000000    -0.00042641  -0.00000000     0.00050074   0.00000000
 -0.00064235  -0.00000000     0.00105991   0.00000000    -0.00093845  -0.00000000
 -0.00004152  -0.00000000    -0.00072001  -0.00000000     0.00068861   0.00000000
    6   21
 -0.06095388   0.00000000    -0.03755452   0.00000000    -0.05181826   0.00000000
 -0.03759095   0.00000000    -0.13253309   0.00000000    -0.12854439   0.00000000
 -0.05172763   0.00000000    -0.12847463   0.00000000    -0.25667577   0.00000000
    6   22
 -0.00119999  -0.00000000    -0.00052696  -0.00000000     0.00024892   0.00000000
 -0.00000220  -0.00000000    -0.00050047  -0.00000000    -0.00018604  -0.00000000
  0.00014899   0.00000000     0.00015527   0.00000000    -0.00011707  -0.00000000
    7    1
 -0.00849775   0.00000000     0.00122020  -0.00000000     0.00004591  -0.00000000
 -0.00384741   0.00000000    -0.00550801   0.00000000    -0.00001839   0.00000000
 -0.00003027   0.00000000    -0.00003702   0.00000000    -0.00696799   0.00000000
    7    2
 -0.00196494  -0.00000000     0.00680027   0.00000000     0.00006773   0.00000000
  0.00212634   0.00000000     0.00027496   0.00000000    -0.00013668  -0.00000000
  0.00010058   0.00000000     0.00005650   0.00000000     0.00200157   0.00000000
    7    3
 -0.33357161   0.00000000     0.04799092  -0.00000000    -0.00006573   0.00000000
  0.05113665  -0.00000000    -0.05555501   0.00000000     0.00003324  -0.00000000
 -0.00010192   0.00000000     0.00002212  -0.00000000    -0.04897458   0.00000000
    7    4
 -0.00152245   0.00000000     0.00038117  -0.00000000    -0.00004275   0.00000000
  0.00071773  -0.00000000    -0.00069382   0.00000000     0.00002352  -0.00000000
  0.00005928  -0.00000000    -0.00004439   0.00000000    -0.00093198   0.00000000
    7    5
 -0.00314882   0.00000000     0.00089272  -0.00000000    -0.00012851   0.00000000
  0.00043021  -0.00000000    -0.00025703   0.00000000    -0.00000704   0.00000000
 -0.00001815   0.00000000     0.00003305  -0.00000000    -0.00066285   0.00000000
    7    6
  0.00037150  -0.00000000    -0.00012429   0.00000000     0.00002174  -0.00000000
  0.00038843  -0.00000000    -0.00019909   0.00000000     0.00003318  -0.00000000
  0.00002994  -0.00000000    -0.00001570   0.00000000     0.00032903  -0.00000000
    7    7
  0.37790691   0.00000000    -0.05601358   0.00000000    -0.00000200   0.00000000
 -0.05601358   0.00000000     0.06749257   0.00000000     0.00001069   0.00000000
 -0.00000200   0.00000000     0.00001069   0.00000000     0.06281940   0.00000000
    7    8
 -0.00067852   0.00000000     0.00061081  -0.00000000    -0.00003612   0.00000000
  0.00061081  -0.00000000    -0.00027387   0.00000000     0.00003674  -0.00000000
  0.00003612  -0.00000000    -0.00003674   0.00000000    -0.00020959   0.00000000
    7    9
  0.00000000   0.00000000     0.00040538  -0.00000000     0.00011341  -0.00000000
  0.00040538  -0.00000000    -0.00000000  -0.00000000    -0.00001776   0.00000000
  0.00011341  -0.00000000     0.00001776  -0.00000000    -0.00000000  -0.00000000
    7   10
 -0.00000000   0.00000000     0.00030346  -0.00000000     0.00008698  -0.00000000
  0.00030346  -0.00000000    -0.00000000   0.00000000    -0.00003098   0.00000000
 -0.00008698   0.00000000    -0.00003098   0.00000000     0.00000000  -0.00000000
    7   11
 -0.01845149   0.00000000     0.00260455  -0.00000000     0.00007630  -0.00000000
 -0.03084374   0.00000000     0.00555054  -0.00000000    -0.00004100   0.00000000
 -0.00002293   0.00000000     0.00001457  -0.00000000    -0.00250482   0.00000000
    7   12
  0.00028384  -0.00000000     0.00198754  -0.00000000     0.00004810  -0.00000000
  0.00075445  -0.00000000    -0.00128619   0.00000000    -0.00003208   0.00000000
  0.00000948  -0.00000000    -0.00005043   0.00000000    -0.00004515   0.00000000
    7   13
  0.00031867  -0.00000000    -0.00039428   0.00000000     0.00010543  -0.00000000
  0.00001762  -0.00000000    -0.00029828   0.00000000    -0.00003616   0.00000000
 -0.00002386   0.00000000    -0.00001769   0.00000000     0.00032330  -0.00000000
    7   14
  0.00059235  -0.00000000    -0.00112966   0.00000000     0.00011639  -0.00000000
 -0.00051385   0.00000000    -0.00007297   0.00000000    -0.00002776   0.00000000
  0.00002715  -0.00000000     0.00002888  -0.00000000    -0.00030621   0.00000000
    7   15
 -0.00686641   0.00000000     0.00064734  -0.00000000     0.00071454  -0.00000000
  0.01937430  -0.00000000    -0.00390778   0.00000000     0.00059451  -0.00000000
  0.02988398  -0.00000000    -0.00491664   0.00000000     0.00022950  -0.00000000
    7   16
 -0.00030163   0.00000000     0.00103054  -0.00000000    -0.00006872   0.00000000
  0.00031687  -0.00000000    -0.00036952   0.00000000     0.00001113  -0.00000000
 -0.00016074   0.00000000     0.00017001  -0.00000000     0.00009703  -0.00000000
    7   17
 -0.00085893  -0.00000000    -0.00021980  -0.00000000    -0.00032702  -0.00000000
 -0.00015676  -0.00000000    -0.00001389  -0.00000000    -0.00010518  -0.00000000
 -0.00006966  -0.00000000     0.00037691   0.00000000    -0.00001430  -0.00000000
    7   18
  0.00003303  -0.00000000    -0.00050316   0.00000000     0.00015187  -0.00000000
 -0.00024714   0.00000000    -0.00007563   0.00000000     0.00008152  -0.00000000
  0.00010705  -0.00000000    -0.00005554   0.00000000    -0.00002002   0.00000000
    7   19
 -0.00030850   0.00000000     0.00080285  -0.00000000     0.00020769  -0.00000000
  0.00030178  -0.00000000    -0.00029992   0.00000000    -0.00004833   0.00000000
  0.00009366  -0.00000000    -0.00014057   0.00000000     0.00018338  -0.00000000
    7   20
 -0.00713343   0.00000000     0.00086943  -0.00000000    -0.00063708   0.00000000
  0.01941422  -0.00000000    -0.00398871   0.00000000    -0.00061280   0.00000000
 -0.02988880   0.00000000     0.00489385  -0.00000000     0.00022633  -0.00000000
    7   21
  0.00012142  -0.00000000    -0.00039664   0.00000000    -0.00026374   0.00000000
 -0.00032399   0.00000000    -0.00014904   0.00000000    -0.00012637   0.00000000
 -0.00004046   0.00000000    -0.00002568   0.00000000    -0.00013051   0.00000000
    7   22
 -0.00096490   0.00000000    -0.00037271   0.00000000     0.00030517  -0.00000000
 -0.00014498   0.00000000     0.00005759  -0.00000000     0.00008459  -0.00000000
  0.00005750  -0.00000000    -0.00029827   0.00000000    -0.00012353   0.00000000
    8    1
 -0.00849775  -0.00000000     0.00122020   0.00000000    -0.00004591  -0.00000000
 -0.00384741  -0.00000000    -0.00550801  -0.00000000     0.00001839   0.00000000
  0.00003027   0.00000000     0.00003702   0.00000000    -0.00696799  -0.00000000
    8    2
 -0.00196494  -0.00000000     0.00680027   0.00000000    -0.00006773  -0.00000000
  0.00212634   0.00000000     0.00027496   0.00000000     0.00013668   0.00000000
 -0.00010058  -0.00000000    -0.00005650  -0.00000000     0.00200157   0.00000000
    8    3
 -0.00152245  -0.00000000     0.00038117   0.00000000     0.00004275   0.00000000
  0.00071773   0.00000000    -0.00069382  -0.00000000    -0.00002352  -0.00000000
 -0.00005928  -0.00000000     0.00004439   0.00000000    -0.00093198  -0.00000000
    8    4
 -0.33357161  -0.00000000     0.04799092   0.00000000     0.00006573   0.00000000
  0.05113665   0.00000000    -0.05555501  -0.00000000    -0.00003324  -0.00000000
  0.00010192   0.00000000    -0.00002212  -0.00000000    -0.04897458  -0.00000000
    8    5
  0.00037150   0.00000000    -0.00012429  -0.00000000    -0.00002174  -0.00000000
  0.00038843   0.00000000    -0.00019909  -0.00000000    -0.00003318  -0.00000000
 -0.00002994  -0.00000000     0.00001570   0.00000000     0.00032903   0.00000000
    8    6
 -0.00314882  -0.00000000     0.00089272   0.00000000     0.00012851   0.00000000
  0.00043021   0.00000000    -0.00025703  -0.00000000     0.00000704   0.00000000
  0.00001815   0.00000000    -0.00003305  -0.00000000    -0.00066285  -0.00000000
    8    7
 -0.00067852  -0.00000000     0.00061081   0.00000000     0.00003612   0.00000000
  0.00061081   0.00000000    -0.00027387  -0.00000000    -0.00003674  -0.00000000
 -0.00003612  -0.00000000     0.00003674   0.00000000    -0.00020959  -0.00000000
    8    8
  0.37790691   0.00000000    -0.05601358   0.00000000     0.00000200   0.00000000
 -0.05601358   0.00000000     0.06749257   0.00000000    -0.00001069   0.00000000
  0.00000200   0.00000000    -0.00001069   0.00000000     0.06281940   0.00000000
    8    9
 -0.00000000  -0.00000000     0.00030346   0.00000000    -0.00008698  -0.00000000
  0.00030346   0.00000000    -0.00000000  -0.00000000     0.00003098   0.00000000
  0.00008698   0.00000000     0.00003098   0.00000000     0.00000000   0.00000000
    8   10
  0.00000000  -0.00000000     0.00040538   0.00000000    -0.00011341  -0.00000000
  0.00040538   0.00000000    -0.00000000   0.00000000     0.00001776   0.00000000
 -0.00011341  -0.00000000    -0.00001776  -0.00000000    -0.00000000   0.00000000
    8   11
  0.00028384   0.00000000     0.00198754   0.00000000    -0.00004810  -0.00000000
  0.00075445   0.00000000    -0.00128619  -0.00000000     0.00003208   0.00000000
 -0.00000948  -0.00000000     0.00005043   0.00000000    -0.00004515  -0.00000000
    8   12
 -0.01845149  -0.00000000     0.00260455   0.00000000    -0.00007630  -0.00000000
 -0.03084374  -0.00000000     0.00555054   0.00000000     0.00004100   0.00000000
  0.00002293   0.00000000    -0.00001457  -0.00000000    -0.00250482  -0.00000000
    8   13
  0.00059235   0.00000000    -0.00112966  -0.00000000    -0.00011639  -0.00000000
 -0.00051385  -0.00000000    -0.00007297  -0.00000000     0.00002776   0.00000000
 -0.00002715  -0.00000000    -0.00002888  -0.00000000    -0.00030621  -0.00000000
    8   14
  0.00031867  -0.00000000    -0.00039428   0.00000000    -0.00010543   0.00000000
  0.00001762  -0.00000000    -0.00029828   0.00000000     0.00003616  -0.00000000
  0.00002386  -0.00000000     0.00001769  -0.00000000     0.00032330  -0.00000000
    8   15
 -0.00030163  -0.00000000     0.00103054   0.00000000     0.00006872   0.00000000
  0.00031687   0.00000000    -0.00036952  -0.00000000    -0.00001113  -0.00000000
  0.00016074   0.00000000    -0.00017001  -0.00000000     0.00009703   0.00000000
    8   16
 -0.00686641   0.00000000     0.00064734  -0.00000000    -0.00071454   0.00000000
  0.01937430  -0.00000000    -0.00390778   0.00000000    -0.00059451   0.00000000
 -0.02988398   0.00000000     0.00491664  -0.00000000     0.00022950  -0.00000000
    8   17
  0.00003303   0.00000000    -0.00050316  -0.00000000    -0.00015187  -0.00000000
 -0.00024714  -0.00000000    -0.00007563  -0.00000000    -0.00008152  -0.00000000
 -0.00010705  -0.00000000     0.00005554   0.00000000    -0.00002002  -0.00000000
    8   18
 -0.00085893   0.00000000    -0.00021980   0.00000000     0.00032702  -0.00000000
 -0.00015676   0.00000000    -0.00001389   0.00000000     0.00010518  -0.00000000
  0.00006966  -0.00000000    -0.00037691   0.00000000    -0.00001430   0.00000000
    8   19
 -0.00713343  -0.00000000     0.00086943   0.00000000     0.00063708   0.00000000
  0.01941422   0.00000000    -0.00398871  -0.00000000     0.00061280   0.00000000
  0.02988880   0.00000000    -0.00489385  -0.00000000     0.00022633   0.00000000
    8   20
 -0.00030850  -0.00000000     0.00080285   0.00000000    -0.00020769  -0.00000000
  0.00030178   0.00000000    -0.00029992  -0.00000000     0.00004833   0.00000000
 -0.00009366  -0.00000000     0.00014057   0.00000000     0.00018338   0.00000000
    8   21
 -0.00096490  -0.00000000    -0.00037271  -0.00000000    -0.00030517  -0.00000000
 -0.00014498  -0.00000000     0.00005759   0.00000000    -0.00008459  -0.00000000
 -0.00005750  -0.00000000     0.00029827   0.00000000    -0.00012353  -0.00000000
    8   22
  0.00012142   0.00000000    -0.00039664  -0.00000000     0.00026374   0.00000000
 -0.00032399  -0.00000000    -0.00014904  -0.00000000     0.00012637   0.00000000
  0.00004046   0.00000000     0.00002568   0.00000000    -0.00013051  -0.00000000
    9    1
 -0.00196494   0.00000000    -0.00680027   0.00000000    -0.00006773   0.00000000
 -0.00212634   0.00000000     0.00027496  -0.00000000    -0.00013668   0.00000000
 -0.00010058   0.00000000     0.00005650  -0.00000000     0.00200157  -0.00000000
    9    2
  0.00849775   0.00000000     0.00122020   0.00000000     0.00004591   0.00000000
 -0.00384741  -0.00000000     0.00550801   0.00000000     0.00001839   0.00000000
 -0.00003027  -0.00000000     0.00003702   0.00000000     0.00696799   0.00000000
    9    3
 -0.00314882  -0.00000000    -0.00089272  -0.00000000     0.00012851   0.00000000
 -0.00043021  -0.00000000    -0.00025703  -0.00000000    -0.00000704  -0.00000000
  0.00001815   0.00000000     0.00003305   0.00000000    -0.00066285  -0.00000000
    9    4
  0.00037150  -0.00000000     0.00012429  -0.00000000    -0.00002174   0.00000000
 -0.00038843   0.00000000    -0.00019909   0.00000000     0.00003318  -0.00000000
 -0.00002994   0.00000000    -0.00001570   0.00000000     0.00032903  -0.00000000
    9    5
  0.33357161   0.00000000     0.04799092   0.00000000    -0.00006573  -0.00000000
  0.05113665   0.00000000     0.05555501   0.00000000    -0.00003324  -0.00000000
 -0.00010192  -0.00000000    -0.00002212  -0.00000000     0.04897458   0.00000000
    9    6
  0.00152245  -0.00000000     0.00038117  -0.00000000    -0.00004275   0.00000000
  0.00071773  -0.00000000     0.00069382  -0.00000000    -0.00002352   0.00000000
  0.00005928  -0.00000000     0.00004439  -0.00000000     0.00093198  -0.00000000
    9    7
 -0.00000000  -0.00000000     0.00040538   0.00000000     0.00011341   0.00000000
  0.00040538   0.00000000     0.00000000   0.00000000     0.00001776   0.00000000
  0.00011341   0.00000000    -0.00001776  -0.00000000     0.00000000   0.00000000
    9    8
  0.00000000  -0.00000000     0.00030346  -0.00000000     0.00008698  -0.00000000
  0.00030346  -0.00000000     0.00000000  -0.00000000     0.00003098  -0.00000000
 -0.00008698   0.00000000     0.00003098  -0.00000000    -0.00000000   0.00000000
    9    9
  0.37790691   0.00000000     0.05601358   0.00000000     0.00000200   0.00000000
  0.05601358   0.00000000     0.06749257   0.00000000     0.00001069   0.00000000
  0.00000200   0.00000000     0.00001069   0.00000000     0.06281940   0.00000000
    9   10
 -0.00067852   0.00000000    -0.00061081   0.00000000     0.00003612  -0.00000000
 -0.00061081   0.00000000    -0.00027387   0.00000000     0.00003674  -0.00000000
 -0.00003612   0.00000000    -0.00003674   0.00000000    -0.00020959   0.00000000
    9   11
  0.00031867   0.00000000     0.00039428   0.00000000    -0.00010543  -0.00000000
 -0.00001762  -0.00000000    -0.00029828  -0.00000000    -0.00003616  -0.00000000
  0.00002386   0.00000000    -0.00001769  -0.00000000     0.00032330   0.00000000
    9   12
  0.00059235  -0.00000000     0.00112966  -0.00000000    -0.00011639   0.00000000
  0.00051385  -0.00000000    -0.00007297   0.00000000    -0.00002776   0.00000000
 -0.00002715   0.00000000     0.00002888  -0.00000000    -0.00030621   0.00000000
    9   13
  0.01845149   0.00000000     0.00260455   0.00000000     0.00007630   0.00000000
 -0.03084374  -0.00000000    -0.00555054  -0.00000000     0.00004100   0.00000000
 -0.00002293  -0.00000000    -0.00001457  -0.00000000     0.00250482   0.00000000
    9   14
 -0.00028384   0.00000000     0.00198754  -0.00000000     0.00004810  -0.00000000
  0.00075445  -0.00000000     0.00128619  -0.00000000     0.00003208  -0.00000000
  0.00000948  -0.00000000     0.00005043  -0.00000000     0.00004515  -0.00000000
    9   15
 -0.00085893   0.00000000     0.00021980  -0.00000000     0.00032702  -0.00000000
  0.00015676  -0.00000000    -0.00001389   0.00000000    -0.00010518   0.00000000
  0.00006966  -0.00000000     0.00037691  -0.00000000    -0.00001430   0.00000000
    9   16
  0.00003303  -0.00000000     0.00050316  -0.00000000    -0.00015187   0.00000000
  0.00024714  -0.00000000    -0.00007563   0.00000000     0.00008152  -0.00000000
 -0.00010705   0.00000000    -0.00005554   0.00000000    -0.00002002   0.00000000
    9   17
  0.00686641   0.00000000     0.00064734   0.00000000     0.00071454   0.00000000
  0.01937430   0.00000000     0.00390778   0.00000000    -0.00059451  -0.00000000
  0.02988398   0.00000000     0.00491664   0.00000000    -0.00022950  -0.00000000
    9   18
  0.00030163  -0.00000000     0.00103054  -0.00000000    -0.00006872   0.00000000
  0.00031687  -0.00000000     0.00036952  -0.00000000    -0.00001113   0.00000000
 -0.00016074   0.00000000    -0.00017001   0.00000000    -0.00009703   0.00000000
    9   19
  0.00012142  -0.00000000     0.00039664  -0.00000000     0.00026374  -0.00000000
  0.00032399  -0.00000000    -0.00014904   0.00000000    -0.00012637   0.00000000
  0.00004046  -0.00000000    -0.00002568   0.00000000    -0.00013051   0.00000000
    9   20
 -0.00096490  -0.00000000     0.00037271   0.00000000    -0.00030517  -0.00000000
  0.00014498   0.00000000     0.00005759   0.00000000     0.00008459   0.00000000
 -0.00005750  -0.00000000    -0.00029827  -0.00000000    -0.00012353  -0.00000000
    9   21
  0.00030850  -0.00000000     0.00080285  -0.00000000     0.00020769  -0.00000000
  0.00030178  -0.00000000     0.00029992  -0.00000000     0.00004833  -0.00000000
  0.00009366  -0.00000000     0.00014057  -0.00000000    -0.00018338   0.00000000
    9   22
  0.00713343   0.00000000     0.00086943   0.00000000    -0.00063708  -0.00000000
  0.01941422   0.00000000     0.00398871   0.00000000     0.00061280   0.00000000
 -0.02988880  -0.00000000    -0.00489385  -0.00000000    -0.00022633  -0.00000000
   10    1
 -0.00196494  -0.00000000    -0.00680027  -0.00000000     0.00006773   0.00000000
 -0.00212634  -0.00000000     0.00027496   0.00000000     0.00013668   0.00000000
  0.00010058   0.00000000    -0.00005650  -0.00000000     0.00200157   0.00000000
   10    2
  0.00849775   0.00000000     0.00122020   0.00000000    -0.00004591  -0.00000000
 -0.00384741  -0.00000000     0.00550801   0.00000000    -0.00001839  -0.00000000
  0.00003027   0.00000000    -0.00003702  -0.00000000     0.00696799   0.00000000
   10    3
  0.00037150   0.00000000     0.00012429   0.00000000     0.00002174   0.00000000
 -0.00038843  -0.00000000    -0.00019909  -0.00000000    -0.00003318  -0.00000000
  0.00002994   0.00000000     0.00001570   0.00000000     0.00032903   0.00000000
   10    4
 -0.00314882   0.00000000    -0.00089272   0.00000000    -0.00012851   0.00000000
 -0.00043021   0.00000000    -0.00025703   0.00000000     0.00000704  -0.00000000
 -0.00001815   0.00000000    -0.00003305   0.00000000    -0.00066285   0.00000000
   10    5
  0.00152245   0.00000000     0.00038117   0.00000000     0.00004275   0.00000000
  0.00071773   0.00000000     0.00069382   0.00000000     0.00002352   0.00000000
 -0.00005928  -0.00000000    -0.00004439  -0.00000000     0.00093198   0.00000000
   10    6
  0.33357161   0.00000000     0.04799092   0.00000000     0.00006573   0.00000000
  0.05113665   0.00000000     0.05555501   0.00000000     0.00003324   0.00000000
  0.00010192   0.00000000     0.00002212   0.00000000     0.04897458   0.00000000
   10    7
  0.00000000   0.00000000     0.00030346   0.00000000    -0.00008698  -0.00000000
  0.00030346   0.00000000     0.00000000   0.00000000    -0.00003098  -0.00000000
  0.00008698   0.00000000    -0.00003098  -0.00000000    -0.00000000  -0.00000000
   10    8
 -0.00000000   0.00000000     0.00040538  -0.00000000    -0.00011341   0.00000000
  0.00040538  -0.00000000     0.00000000  -0.00000000    -0.00001776   0.00000000
 -0.00011341   0.00000000     0.00001776  -0.00000000     0.00000000  -0.00000000
   10    9
 -0.00067852  -0.00000000    -0.00061081  -0.00000000    -0.00003612  -0.00000000
 -0.00061081  -0.00000000    -0.00027387  -0.00000000    -0.00003674  -0.00000000
  0.00003612   0.00000000     0.00003674   0.00000000    -0.00020959  -0.00000000
   10   10
  0.37790691   0.00000000     0.05601358   0.00000000    -0.00000200   0.00000000
  0.05601358   0.00000000     0.06749257   0.00000000    -0.00001069   0.00000000
 -0.00000200   0.00000000    -0.00001069   0.00000000     0.06281940   0.00000000
   10   11
  0.00059235   0.00000000     0.00112966   0.00000000     0.00011639   0.00000000
  0.00051385   0.00000000    -0.00007297  -0.00000000     0.00002776   0.00000000
  0.00002715   0.00000000    -0.00002888  -0.00000000    -0.00030621  -0.00000000
   10   12
  0.00031867  -0.00000000     0.00039428  -0.00000000     0.00010543  -0.00000000
 -0.00001762   0.00000000    -0.00029828   0.00000000     0.00003616  -0.00000000
 -0.00002386   0.00000000     0.00001769  -0.00000000     0.00032330  -0.00000000
   10   13
 -0.00028384  -0.00000000     0.00198754   0.00000000    -0.00004810  -0.00000000
  0.00075445   0.00000000     0.00128619   0.00000000    -0.00003208  -0.00000000
 -0.00000948  -0.00000000    -0.00005043  -0.00000000     0.00004515   0.00000000
   10   14
  0.01845149  -0.00000000     0.00260455  -0.00000000    -0.00007630   0.00000000
 -0.03084374   0.00000000    -0.00555054   0.00000000    -0.00004100   0.00000000
  0.00002293  -0.00000000     0.00001457  -0.00000000     0.00250482  -0.00000000
   10   15
  0.00003303  -0.00000000     0.00050316  -0.00000000     0.00015187  -0.00000000
  0.00024714  -0.00000000    -0.00007563   0.00000000    -0.00008152   0.00000000
  0.00010705  -0.00000000     0.00005554  -0.00000000    -0.00002002   0.00000000
   10   16
 -0.00085893   0.00000000     0.00021980  -0.00000000    -0.00032702   0.00000000
  0.00015676  -0.00000000    -0.00001389   0.00000000     0.00010518  -0.00000000
 -0.00006966   0.00000000    -0.00037691   0.00000000    -0.00001430   0.00000000
   10   17
  0.00030163   0.00000000     0.00103054   0.00000000     0.00006872   0.00000000
  0.00031687   0.00000000     0.00036952   0.00000000     0.00001113   0.00000000
  0.00016074   0.00000000     0.00017001   0.00000000    -0.00009703  -0.00000000
   10   18
  0.00686641  -0.00000000     0.00064734  -0.00000000    -0.00071454   0.00000000
  0.01937430  -0.00000000     0.00390778  -0.00000000     0.00059451  -0.00000000
 -0.02988398   0.00000000    -0.00491664   0.00000000    -0.00022950   0.00000000
   10   19
 -0.00096490   0.00000000     0.00037271  -0.00000000     0.00030517  -0.00000000
  0.00014498  -0.00000000     0.00005759  -0.00000000    -0.00008459   0.00000000
  0.00005750  -0.00000000     0.00029827  -0.00000000    -0.00012353   0.00000000
   10   20
  0.00012142   0.00000000     0.00039664   0.00000000    -0.00026374  -0.00000000
  0.00032399   0.00000000    -0.00014904  -0.00000000     0.00012637   0.00000000
 -0.00004046  -0.00000000     0.00002568   0.00000000    -0.00013051  -0.00000000
   10   21
  0.00713343  -0.00000000     0.00086943  -0.00000000     0.00063708  -0.00000000
  0.01941422  -0.00000000     0.00398871  -0.00000000    -0.00061280   0.00000000
  0.02988880  -0.00000000     0.00489385  -0.00000000    -0.00022633   0.00000000
   10   22
  0.00030850   0.00000000     0.00080285   0.00000000    -0.00020769  -0.00000000
  0.00030178   0.00000000     0.00029992   0.00000000    -0.00004833  -0.00000000
 -0.00009366  -0.00000000    -0.00014057  -0.00000000    -0.00018338  -0.00000000
   11    1
 -0.00672319   0.00000000    -0.00494315   0.00000000     0.00029120  -0.00000000
 -0.00109300   0.00000000    -0.00699944   0.00000000     0.00009512  -0.00000000
 -0.00006494   0.00000000    -0.00007268   0.00000000    -0.00268377   0.00000000
   11    2
  0.00005262   0.00000000     0.00427159   0.00000000     0.00048944   0.00000000
  0.00698231   0.00000000     0.00077041   0.00000000     0.00033146   0.00000000
 -0.00005785  -0.00000000    -0.00000591  -0.00000000     0.00072818   0.00000000
   11    3
 -0.12383969  -0.00000000    -0.12032041  -0.00000000    -0.00008198  -0.00000000
 -0.12188173  -0.00000000    -0.25673389  -0.00000000    -0.00002145  -0.00000000
  0.00005445   0.00000000    -0.00004916  -0.00000000    -0.05356933  -0.00000000
   11    4
 -0.00023768   0.00000000    -0.00047983   0.00000000    -0.00007326   0.00000000
  0.00044897  -0.00000000    -0.00097280   0.00000000    -0.00001195   0.00000000
 -0.00006955   0.00000000     0.00005710  -0.00000000    -0.00035836   0.00000000
   11    5
 -0.00059162  -0.00000000     0.00060960   0.00000000    -0.00011195  -0.00000000
  0.00041382   0.00000000    -0.00085450  -0.00000000    -0.00009236  -0.00000000
  0.00000077   0.00000000     0.00000600   0.00000000    -0.00032619  -0.00000000
   11    6
 -0.00007765   0.00000000    -0.00112491   0.00000000    -0.00008766   0.00000000
  0.00043871  -0.00000000    -0.00235667   0.00000000    -0.00002175   0.00000000
  0.00001095  -0.00000000     0.00003611  -0.00000000    -0.00050676   0.00000000
   11    7
 -0.01845149  -0.00000000    -0.03084374  -0.00000000    -0.00002293  -0.00000000
  0.00260455   0.00000000     0.00555054   0.00000000     0.00001457   0.00000000
  0.00007630   0.00000000    -0.00004100  -0.00000000    -0.00250482  -0.00000000
   11    8
  0.00028384  -0.00000000     0.00075445  -0.00000000    -0.00000948   0.00000000
  0.00198754  -0.00000000    -0.00128619   0.00000000     0.00005043  -0.00000000
 -0.00004810   0.00000000     0.00003208  -0.00000000    -0.00004515   0.00000000
   11    9
  0.00031867  -0.00000000    -0.00001762   0.00000000     0.00002386  -0.00000000
  0.00039428  -0.00000000    -0.00029828   0.00000000    -0.00001769   0.00000000
 -0.00010543   0.00000000    -0.00003616   0.00000000     0.00032330  -0.00000000
   11   10
  0.00059235  -0.00000000     0.00051385  -0.00000000     0.00002715  -0.00000000
  0.00112966  -0.00000000    -0.00007297   0.00000000    -0.00002888   0.00000000
  0.00011639  -0.00000000     0.00002776  -0.00000000    -0.00030621   0.00000000
   11   11
  0.13970855   0.00000000     0.14032620   0.00000000    -0.00006131   0.00000000
  0.14032620   0.00000000     0.29641809   0.00000000    -0.00011828   0.00000000
 -0.00006131   0.00000000    -0.00011828   0.00000000     0.06132250   0.00000000
   11   12
  0.00010742  -0.00000000     0.00033473  -0.00000000    -0.00006360   0.00000000
  0.00033473  -0.00000000     0.00029330  -0.00000000    -0.00007758   0.00000000
  0.00006360  -0.00000000     0.00007758  -0.00000000    -0.00026941   0.00000000
   11   13
  0.00000000   0.00000000     0.00015440   0.00000000    -0.00011543  -0.00000000
  0.00015440   0.00000000     0.00000000   0.00000000    -0.00015404  -0.00000000
 -0.00011543  -0.00000000     0.00015404   0.00000000    -0.00000000  -0.00000000
   11   14
  0.00000000  -0.00000000    -0.00112467   0.00000000    -0.00012408   0.00000000
 -0.00112467   0.00000000     0.00000000  -0.00000000    -0.00012270   0.00000000
  0.00012408  -0.00000000    -0.00012270   0.00000000    -0.00000000   0.00000000
   11   15
  0.00430279  -0.00000000     0.00922162  -0.00000000    -0.00097220   0.00000000
 -0.00958888   0.00000000    -0.01630541   0.00000000     0.00001538  -0.00000000
 -0.01571190   0.00000000    -0.02550585   0.00000000    -0.00004354   0.00000000
   11   16
  0.00022679  -0.00000000     0.00012322  -0.00000000    -0.00024534   0.00000000
  0.00084108  -0.00000000    -0.00021397   0.00000000    -0.00015745   0.00000000
 -0.00011725   0.00000000     0.00019822  -0.00000000     0.00000820  -0.00000000
   11   17
 -0.00035357  -0.00000000    -0.00038176  -0.00000000    -0.00023891  -0.00000000
 -0.00001891  -0.00000000     0.00005802   0.00000000     0.00019947   0.00000000
 -0.00012854  -0.00000000    -0.00013551  -0.00000000    -0.00019448  -0.00000000
   11   18
 -0.00010922   0.00000000    -0.00041026   0.00000000     0.00008710  -0.00000000
 -0.00036870   0.00000000    -0.00017552   0.00000000     0.00007896  -0.00000000
  0.00009530  -0.00000000     0.00014027  -0.00000000    -0.00010730   0.00000000
   11   19
  0.00031581  -0.00000000     0.00023144  -0.00000000     0.00018139  -0.00000000
  0.00090442  -0.00000000     0.00000504  -0.00000000    -0.00000770   0.00000000
  0.00012248  -0.00000000    -0.00026640   0.00000000    -0.00006694   0.00000000
   11   20
  0.00448149  -0.00000000     0.00909510  -0.00000000     0.00101815  -0.00000000
 -0.00931785   0.00000000    -0.01653578   0.00000000    -0.00003085   0.00000000
  0.01578731  -0.00000000     0.02561727  -0.00000000    -0.00011810   0.00000000
   11   21
 -0.00012155   0.00000000    -0.00040047   0.00000000     0.00001502  -0.00000000
 -0.00054929   0.00000000    -0.00033850   0.00000000    -0.00001554   0.00000000
 -0.00000483   0.00000000    -0.00003296   0.00000000     0.00008069  -0.00000000
   11   22
 -0.00036957  -0.00000000    -0.00038894  -0.00000000     0.00027446   0.00000000
  0.00001634   0.00000000     0.00021356   0.00000000    -0.00016539  -0.00000000
 -0.00004250  -0.00000000     0.00001033   0.00000000     0.00003685   0.00000000
   12    1
 -0.00672319  -0.00000000    -0.00494315  -0.00000000    -0.00029120  -0.00000000
 -0.00109300  -0.00000000    -0.00699944  -0.00000000    -0.00009512  -0.00000000
  0.00006494   0.00000000     0.00007268   0.00000000    -0.00268377  -0.00000000
   12    2
  0.00005262   0.00000000     0.00427159   0.00000000    -0.00048944  -0.00000000
  0.00698231   0.00000000     0.00077041   0.00000000    -0.00033146  -0.00000000
  0.00005785   0.00000000     0.00000591   0.00000000     0.00072818   0.00000000
   12    3
 -0.00023768  -0.00000000    -0.00047983  -0.00000000     0.00007326   0.00000000
  0.00044897   0.00000000    -0.00097280  -0.00000000     0.00001195   0.00000000
  0.00006955   0.00000000    -0.00005710  -0.00000000    -0.00035836  -0.00000000
   12    4
 -0.12383969   0.00000000    -0.12032041   0.00000000     0.00008198  -0.00000000
 -0.12188173   0.00000000    -0.25673389   0.00000000     0.00002145  -0.00000000
 -0.00005445   0.00000000     0.00004916  -0.00000000    -0.05356933   0.00000000
   12    5
 -0.00007765  -0.00000000    -0.00112491  -0.00000000     0.00008766   0.00000000
  0.00043871   0.00000000    -0.00235667  -0.00000000     0.00002175   0.00000000
 -0.00001095  -0.00000000    -0.00003611  -0.00000000    -0.00050676  -0.00000000
   12    6
 -0.00059162  -0.00000000     0.00060960   0.00000000     0.00011195   0.00000000
  0.00041382   0.00000000    -0.00085450  -0.00000000     0.00009236   0.00000000
 -0.00000077  -0.00000000    -0.00000600  -0.00000000    -0.00032619  -0.00000000
   12    7
  0.00028384   0.00000000     0.00075445   0.00000000     0.00000948   0.00000000
  0.00198754   0.00000000    -0.00128619  -0.00000000    -0.00005043  -0.00000000
  0.00004810   0.00000000    -0.00003208  -0.00000000    -0.00004515  -0.00000000
   12    8
 -0.01845149   0.00000000    -0.03084374   0.00000000     0.00002293  -0.00000000
  0.00260455  -0.00000000     0.00555054  -0.00000000    -0.00001457   0.00000000
 -0.00007630   0.00000000     0.00004100  -0.00000000    -0.00250482   0.00000000
   12    9
  0.00059235   0.00000000     0.00051385   0.00000000    -0.00002715  -0.00000000
  0.00112966   0.00000000    -0.00007297  -0.00000000     0.00002888   0.00000000
 -0.00011639  -0.00000000    -0.00002776  -0.00000000    -0.00030621  -0.00000000
   12   10
  0.00031867   0.00000000    -0.00001762  -0.00000000    -0.00002386  -0.00000000
  0.00039428   0.00000000    -0.00029828  -0.00000000     0.00001769   0.00000000
  0.00010543   0.00000000     0.00003616   0.00000000     0.00032330   0.00000000
   12   11
  0.00010742   0.00000000     0.00033473   0.00000000     0.00006360   0.00000000
  0.00033473   0.00000000     0.00029330   0.00000000     0.00007758   0.00000000
 -0.00006360  -0.00000000    -0.00007758  -0.00000000    -0.00026941  -0.00000000
   12   12
  0.13970855   0.00000000     0.14032620   0.00000000     0.00006131   0.00000000
  0.14032620   0.00000000     0.29641809   0.00000000     0.00011828   0.00000000
  0.00006131   0.00000000     0.00011828   0.00000000     0.06132250   0.00000000
   12   13
  0.00000000   0.00000000    -0.00112467  -0.00000000     0.00012408   0.00000000
 -0.00112467  -0.00000000     0.00000000   0.00000000     0.00012270   0.00000000
 -0.00012408  -0.00000000     0.00012270   0.00000000    -0.00000000  -0.00000000
   12   14
  0.00000000  -0.00000000     0.00015440  -0.00000000     0.00011543  -0.00000000
  0.00015440  -0.00000000     0.00000000  -0.00000000     0.00015404  -0.00000000
  0.00011543  -0.00000000    -0.00015404   0.00000000    -0.00000000   0.00000000
   12   15
  0.00022679   0.00000000     0.00012322   0.00000000     0.00024534   0.00000000
  0.00084108   0.00000000    -0.00021397  -0.00000000     0.00015745   0.00000000
  0.00011725   0.00000000    -0.00019822  -0.00000000     0.00000820   0.00000000
   12   16
  0.00430279  -0.00000000     0.00922162  -0.00000000     0.00097220  -0.00000000
 -0.00958888   0.00000000    -0.01630541   0.00000000    -0.00001538   0.00000000
  0.01571190  -0.00000000     0.02550585  -0.00000000    -0.00004354   0.00000000
   12   17
 -0.00010922  -0.00000000    -0.00041026  -0.00000000    -0.00008710  -0.00000000
 -0.00036870  -0.00000000    -0.00017552  -0.00000000    -0.00007896  -0.00000000
 -0.00009530  -0.00000000    -0.00014027  -0.00000000    -0.00010730  -0.00000000
   12   18
 -0.00035357   0.00000000    -0.00038176   0.00000000     0.00023891  -0.00000000
 -0.00001891   0.00000000     0.00005802  -0.00000000    -0.00019947   0.00000000
  0.00012854  -0.00000000     0.00013551  -0.00000000    -0.00019448   0.00000000
   12   19
  0.00448149  -0.00000000     0.00909510  -0.00000000    -0.00101815   0.00000000
 -0.00931785   0.00000000    -0.01653578   0.00000000     0.00003085  -0.00000000
 -0.01578731   0.00000000    -0.02561727   0.00000000    -0.00011810   0.00000000
   12   20
  0.00031581   0.00000000     0.00023144   0.00000000    -0.00018139  -0.00000000
  0.00090442   0.00000000     0.00000504   0.00000000     0.00000770   0.00000000
 -0.00012248  -0.00000000     0.00026640   0.00000000    -0.00006694  -0.00000000
   12   21
 -0.00036957   0.00000000    -0.00038894   0.00000000    -0.00027446   0.00000000
  0.00001634  -0.00000000     0.00021356  -0.00000000     0.00016539  -0.00000000
  0.00004250  -0.00000000    -0.00001033   0.00000000     0.00003685  -0.00000000
   12   22
 -0.00012155  -0.00000000    -0.00040047  -0.00000000    -0.00001502  -0.00000000
 -0.00054929  -0.00000000    -0.00033850  -0.00000000     0.00001554   0.00000000
  0.00000483   0.00000000     0.00003296   0.00000000     0.00008069   0.00000000
   13    1
 -0.00005262   0.00000000     0.00427159  -0.00000000     0.00048944  -0.00000000
  0.00698231  -0.00000000    -0.00077041   0.00000000    -0.00033146   0.00000000
 -0.00005785   0.00000000     0.00000591  -0.00000000    -0.00072818   0.00000000
   13    2
 -0.00672319  -0.00000000     0.00494315   0.00000000    -0.00029120  -0.00000000
  0.00109300   0.00000000    -0.00699944  -0.00000000     0.00009512   0.00000000
  0.00006494   0.00000000    -0.00007268  -0.00000000    -0.00268377  -0.00000000
   13    3
  0.00059162   0.00000000     0.00060960   0.00000000    -0.00011195  -0.00000000
  0.00041382   0.00000000     0.00085450   0.00000000     0.00009236   0.00000000
  0.00000077   0.00000000    -0.00000600  -0.00000000     0.00032619   0.00000000
   13    4
  0.00007765  -0.00000000    -0.00112491   0.00000000    -0.00008766   0.00000000
  0.00043871  -0.00000000     0.00235667  -0.00000000     0.00002175  -0.00000000
  0.00001095  -0.00000000    -0.00003611   0.00000000     0.00050676  -0.00000000
   13    5
 -0.12383969  -0.00000000     0.12032041   0.00000000     0.00008198   0.00000000
  0.12188173   0.00000000    -0.25673389  -0.00000000    -0.00002145  -0.00000000
 -0.00005445  -0.00000000    -0.00004916  -0.00000000    -0.05356933  -0.00000000
   13    6
 -0.00023768   0.00000000     0.00047983  -0.00000000     0.00007326  -0.00000000
 -0.00044897   0.00000000    -0.00097280   0.00000000    -0.00001195   0.00000000
  0.00006955  -0.00000000     0.00005710  -0.00000000    -0.00035836   0.00000000
   13    7
  0.00031867   0.00000000     0.00001762   0.00000000    -0.00002386  -0.00000000
 -0.00039428  -0.00000000    -0.00029828  -0.00000000    -0.00001769  -0.00000000
  0.00010543   0.00000000    -0.00003616  -0.00000000     0.00032330   0.00000000
   13    8
  0.00059235  -0.00000000    -0.00051385   0.00000000    -0.00002715   0.00000000
 -0.00112966   0.00000000    -0.00007297   0.00000000    -0.00002888   0.00000000
 -0.00011639   0.00000000     0.00002776  -0.00000000    -0.00030621   0.00000000
   13    9
  0.01845149  -0.00000000    -0.03084374   0.00000000    -0.00002293   0.00000000
  0.00260455  -0.00000000    -0.00555054   0.00000000    -0.00001457   0.00000000
  0.00007630  -0.00000000     0.00004100  -0.00000000     0.00250482  -0.00000000
   13   10
 -0.00028384   0.00000000     0.00075445  -0.00000000    -0.00000948   0.00000000
  0.00198754  -0.00000000     0.00128619  -0.00000000    -0.00005043   0.00000000
 -0.00004810   0.00000000    -0.00003208   0.00000000     0.00004515  -0.00000000
   13   11
 -0.00000000  -0.00000000     0.00015440  -0.00000000    -0.00011543   0.00000000
  0.00015440  -0.00000000    -0.00000000   0.00000000     0.00015404  -0.00000000
 -0.00011543   0.00000000    -0.00015404   0.00000000     0.00000000  -0.00000000
   13   12
 -0.00000000  -0.00000000    -0.00112467   0.00000000    -0.00012408   0.00000000
 -0.00112467   0.00000000    -0.00000000  -0.00000000     0.00012270  -0.00000000
  0.00012408  -0.00000000     0.00012270  -0.00000000     0.00000000   0.00000000
   13   13
  0.13970855   0.00000000    -0.14032620   0.00000000     0.00006131   0.00000000
 -0.14032620   0.00000000     0.29641809   0.00000000    -0.00011828   0.00000000
  0.00006131   0.00000000    -0.00011828   0.00000000     0.06132250   0.00000000
   13   14
  0.00010742  -0.00000000    -0.00033473   0.00000000     0.00006360  -0.00000000
 -0.00033473   0.00000000     0.00029330  -0.00000000    -0.00007758   0.00000000
 -0.00006360   0.00000000     0.00007758  -0.00000000    -0.00026941   0.00000000
   13   15
  0.00035357  -0.00000000    -0.00038176   0.00000000    -0.00023891   0.00000000
 -0.00001891   0.00000000    -0.00005802   0.00000000    -0.00019947   0.00000000
 -0.00012854   0.00000000     0.00013551  -0.00000000     0.00019448  -0.00000000
   13   16
  0.00010922  -0.00000000    -0.00041026   0.00000000     0.00008710  -0.00000000
 -0.00036870   0.00000000     0.00017552  -0.00000000    -0.00007896   0.00000000
  0.00009530  -0.00000000    -0.00014027   0.00000000     0.00010730  -0.00000000
   13   17
  0.00430279   0.00000000    -0.00922162  -0.00000000     0.00097220   0.00000000
  0.00958888   0.00000000    -0.01630541  -0.00000000     0.00001538   0.00000000
  0.01571190   0.00000000    -0.02550585  -0.00000000    -0.00004354  -0.00000000
   13   18
  0.00022679  -0.00000000    -0.00012322   0.00000000     0.00024534  -0.00000000
 -0.00084108   0.00000000    -0.00021397   0.00000000    -0.00015745   0.00000000
  0.00011725  -0.00000000     0.00019822  -0.00000000     0.00000820  -0.00000000
   13   19
  0.00012155  -0.00000000    -0.00040047   0.00000000     0.00001502  -0.00000000
 -0.00054929   0.00000000     0.00033850  -0.00000000     0.00001554  -0.00000000
 -0.00000483   0.00000000     0.00003296  -0.00000000    -0.00008069   0.00000000
   13   20
  0.00036957  -0.00000000    -0.00038894   0.00000000     0.00027446  -0.00000000
  0.00001634  -0.00000000    -0.00021356   0.00000000     0.00016539  -0.00000000
 -0.00004250   0.00000000    -0.00001033   0.00000000    -0.00003685   0.00000000
   13   21
  0.00031581  -0.00000000    -0.00023144   0.00000000    -0.00018139   0.00000000
 -0.00090442   0.00000000     0.00000504  -0.00000000    -0.00000770   0.00000000
 -0.00012248   0.00000000    -0.00026640   0.00000000    -0.00006694   0.00000000
   13   22
  0.00448149   0.00000000    -0.00909510  -0.00000000    -0.00101815  -0.00000000
  0.00931785   0.00000000    -0.01653578  -0.00000000    -0.00003085  -0.00000000
 -0.01578731  -0.00000000     0.02561727   0.00000000    -0.00011810  -0.00000000
   14    1
 -0.00005262  -0.00000000     0.00427159   0.00000000    -0.00048944  -0.00000000
  0.00698231   0.00000000    -0.00077041  -0.00000000     0.00033146   0.00000000
  0.00005785   0.00000000    -0.00000591  -0.00000000    -0.00072818  -0.00000000
   14    2
 -0.00672319  -0.00000000     0.00494315   0.00000000     0.00029120   0.00000000
  0.00109300   0.00000000    -0.00699944  -0.00000000    -0.00009512  -0.00000000
 -0.00006494  -0.00000000     0.00007268   0.00000000    -0.00268377  -0.00000000
   14    3
  0.00007765   0.00000000    -0.00112491  -0.00000000     0.00008766   0.00000000
  0.00043871   0.00000000     0.00235667   0.00000000    -0.00002175  -0.00000000
 -0.00001095  -0.00000000     0.00003611   0.00000000     0.00050676   0.00000000
   14    4
  0.00059162   0.00000000     0.00060960   0.00000000     0.00011195   0.00000000
  0.00041382   0.00000000     0.00085450   0.00000000    -0.00009236  -0.00000000
 -0.00000077  -0.00000000     0.00000600   0.00000000     0.00032619   0.00000000
   14    5
 -0.00023768  -0.00000000     0.00047983   0.00000000    -0.00007326  -0.00000000
 -0.00044897  -0.00000000    -0.00097280  -0.00000000     0.00001195   0.00000000
 -0.00006955  -0.00000000    -0.00005710  -0.00000000    -0.00035836  -0.00000000
   14    6
 -0.12383969  -0.00000000     0.12032041   0.00000000    -0.00008198  -0.00000000
  0.12188173   0.00000000    -0.25673389  -0.00000000     0.00002145   0.00000000
  0.00005445   0.00000000     0.00004916   0.00000000    -0.05356933  -0.00000000
   14    7
  0.00059235   0.00000000    -0.00051385  -0.00000000     0.00002715   0.00000000
 -0.00112966  -0.00000000    -0.00007297  -0.00000000     0.00002888   0.00000000
  0.00011639   0.00000000    -0.00002776  -0.00000000    -0.00030621  -0.00000000
   14    8
  0.00031867   0.00000000     0.00001762   0.00000000     0.00002386   0.00000000
 -0.00039428  -0.00000000    -0.00029828  -0.00000000     0.00001769   0.00000000
 -0.00010543  -0.00000000     0.00003616   0.00000000     0.00032330   0.00000000
   14    9
 -0.00028384  -0.00000000     0.00075445   0.00000000     0.00000948   0.00000000
  0.00198754   0.00000000     0.00128619   0.00000000     0.00005043   0.00000000
  0.00004810   0.00000000     0.00003208   0.00000000     0.00004515   0.00000000
   14   10
  0.01845149   0.00000000    -0.03084374  -0.00000000     0.00002293   0.00000000
  0.00260455   0.00000000    -0.00555054  -0.00000000     0.00001457   0.00000000
 -0.00007630  -0.00000000    -0.00004100  -0.00000000     0.00250482   0.00000000
   14   11
 -0.00000000   0.00000000    -0.00112467  -0.00000000     0.00012408   0.00000000
 -0.00112467  -0.00000000    -0.00000000   0.00000000    -0.00012270  -0.00000000
 -0.00012408  -0.00000000    -0.00012270  -0.00000000     0.00000000  -0.00000000
   14   12
 -0.00000000   0.00000000     0.00015440   0.00000000     0.00011543   0.00000000
  0.00015440   0.00000000    -0.00000000  -0.00000000    -0.00015404  -0.00000000
  0.00011543   0.00000000     0.00015404   0.00000000     0.00000000   0.00000000
   14   13
  0.00010742   0.00000000    -0.00033473  -0.00000000    -0.00006360  -0.00000000
 -0.00033473  -0.00000000     0.00029330   0.00000000     0.00007758   0.00000000
  0.00006360   0.00000000    -0.00007758  -0.00000000    -0.00026941  -0.00000000
   14   14
  0.13970855   0.00000000    -0.14032620   0.00000000    -0.00006131   0.00000000
 -0.14032620   0.00000000     0.29641809   0.00000000     0.00011828   0.00000000
 -0.00006131   0.00000000     0.00011828   0.00000000     0.06132250   0.00000000
   14   15
  0.00010922   0.00000000    -0.00041026  -0.00000000    -0.00008710  -0.00000000
 -0.00036870  -0.00000000     0.00017552   0.00000000     0.00007896   0.00000000
 -0.00009530  -0.00000000     0.00014027   0.00000000     0.00010730   0.00000000
   14   16
  0.00035357   0.00000000    -0.00038176  -0.00000000     0.00023891   0.00000000
 -0.00001891  -0.00000000    -0.00005802  -0.00000000     0.00019947   0.00000000
  0.00012854   0.00000000    -0.00013551  -0.00000000     0.00019448   0.00000000
   14   17
  0.00022679   0.00000000    -0.00012322  -0.00000000    -0.00024534  -0.00000000
 -0.00084108  -0.00000000    -0.00021397  -0.00000000     0.00015745   0.00000000
 -0.00011725  -0.00000000    -0.00019822  -0.00000000     0.00000820   0.00000000
   14   18
  0.00430279   0.00000000    -0.00922162  -0.00000000    -0.00097220  -0.00000000
  0.00958888   0.00000000    -0.01630541  -0.00000000    -0.00001538  -0.00000000
 -0.01571190  -0.00000000     0.02550585   0.00000000    -0.00004354  -0.00000000
   14   19
  0.00036957   0.00000000    -0.00038894  -0.00000000    -0.00027446  -0.00000000
  0.00001634   0.00000000    -0.00021356  -0.00000000    -0.00016539  -0.00000000
  0.00004250   0.00000000     0.00001033   0.00000000    -0.00003685  -0.00000000
   14   20
  0.00012155   0.00000000    -0.00040047  -0.00000000    -0.00001502  -0.00000000
 -0.00054929  -0.00000000     0.00033850   0.00000000    -0.00001554  -0.00000000
  0.00000483   0.00000000    -0.00003296  -0.00000000    -0.00008069  -0.00000000
   14   21
  0.00448149   0.00000000    -0.00909510  -0.00000000     0.00101815   0.00000000
  0.00931785   0.00000000    -0.01653578  -0.00000000     0.00003085   0.00000000
  0.01578731   0.00000000    -0.02561727  -0.00000000    -0.00011810  -0.00000000
   14   22
  0.00031581   0.00000000    -0.00023144  -0.00000000     0.00018139   0.00000000
 -0.00090442  -0.00000000     0.00000504   0.00000000     0.00000770   0.00000000
  0.00012248   0.00000000     0.00026640   0.00000000    -0.00006694  -0.00000000
   15    1
 -0.00295363  -0.00000000    -0.00123886  -0.00000000     0.00085931   0.00000000
 -0.00067233  -0.00000000    -0.00290594  -0.00000000    -0.00034427  -0.00000000
 -0.00115878  -0.00000000     0.00267307   0.00000000     0.00237020   0.00000000
   15    2
  0.00436009   0.00000000    -0.00036158  -0.00000000     0.00243634   0.00000000
  0.00048778   0.00000000    -0.00019944  -0.00000000    -0.00025090  -0.00000000
  0.00098277   0.00000000     0.00019400   0.00000000     0.00324786   0.00000000
   15    3
 -0.06086599  -0.00000000     0.03788250   0.00000000     0.05205089   0.00000000
  0.03768200   0.00000000    -0.13252602  -0.00000000    -0.12850188  -0.00000000
  0.05174490   0.00000000    -0.12878471  -0.00000000    -0.25696237  -0.00000000
   15    4
 -0.00113213   0.00000000     0.00026169  -0.00000000     0.00004237  -0.00000000
  0.00039172  -0.00000000    -0.00055674   0.00000000    -0.00019688   0.00000000
  0.00029600  -0.00000000     0.00029834  -0.00000000    -0.00029429   0.00000000
   15    5
  0.00022928   0.00000000     0.00011360   0.00000000    -0.00025342  -0.00000000
  0.00050726   0.00000000    -0.00021566  -0.00000000     0.00020782   0.00000000
 -0.00011068  -0.00000000    -0.00020609  -0.00000000     0.00075977   0.00000000
   15    6
  0.00056896   0.00000000    -0.00038614  -0.00000000     0.00011086   0.00000000
 -0.00051564  -0.00000000     0.00082805   0.00000000     0.00069875   0.00000000
 -0.00041903  -0.00000000     0.00064561   0.00000000     0.00077120   0.00000000
   15    7
 -0.00686641  -0.00000000     0.01937430   0.00000000     0.02988398   0.00000000
  0.00064734   0.00000000    -0.00390778  -0.00000000    -0.00491664  -0.00000000
  0.00071454   0.00000000     0.00059451   0.00000000     0.00022950   0.00000000
   15    8
 -0.00030163   0.00000000     0.00031687  -0.00000000     0.00016074  -0.00000000
  0.00103054  -0.00000000    -0.00036952   0.00000000    -0.00017001   0.00000000
  0.00006872  -0.00000000    -0.00001113   0.00000000     0.00009703  -0.00000000
   15    9
 -0.00085893  -0.00000000     0.00015676   0.00000000     0.00006966   0.00000000
  0.00021980   0.00000000    -0.00001389  -0.00000000     0.00037691   0.00000000
  0.00032702   0.00000000    -0.00010518  -0.00000000    -0.00001430  -0.00000000
   15   10
  0.00003303   0.00000000     0.00024714   0.00000000     0.00010705   0.00000000
  0.00050316   0.00000000    -0.00007563  -0.00000000     0.00005554   0.00000000
  0.00015187   0.00000000    -0.00008152  -0.00000000    -0.00002002  -0.00000000
   15   11
  0.00430279   0.00000000    -0.00958888  -0.00000000    -0.01571190  -0.00000000
  0.00922162   0.00000000    -0.01630541  -0.00000000    -0.02550585  -0.00000000
 -0.00097220  -0.00000000     0.00001538   0.00000000    -0.00004354  -0.00000000
   15   12
  0.00022679  -0.00000000     0.00084108  -0.00000000     0.00011725  -0.00000000
  0.00012322  -0.00000000    -0.00021397   0.00000000    -0.00019822   0.00000000
  0.00024534  -0.00000000     0.00015745  -0.00000000     0.00000820  -0.00000000
   15   13
  0.00035357   0.00000000    -0.00001891  -0.00000000    -0.00012854  -0.00000000
 -0.00038176  -0.00000000    -0.00005802  -0.00000000     0.00013551   0.00000000
 -0.00023891  -0.00000000    -0.00019947  -0.00000000     0.00019448   0.00000000
   15   14
  0.00010922  -0.00000000    -0.00036870   0.00000000    -0.00009530   0.00000000
 -0.00041026   0.00000000     0.00017552  -0.00000000     0.00014027  -0.00000000
 -0.00008710   0.00000000     0.00007896  -0.00000000     0.00010730  -0.00000000
   15   15
  0.07278965   0.00000000    -0.04467621   0.00000000    -0.05906379   0.00000000
 -0.04467621   0.00000000     0.14701194   0.00000000     0.14398314   0.00000000
 -0.05906379   0.00000000     0.14398314   0.00000000     0.28302908   0.00000000
   15   16
 -0.00002717   0.00000000     0.00055617  -0.00000000    -0.00008039   0.00000000
  0.00055617  -0.00000000    -0.00059066   0.00000000     0.00019639  -0.00000000
  0.00008039  -0.00000000    -0.00019639   0.00000000     0.00022139  -0.00000000
   15   17
  0.00000000   0.00000000    -0.00006032  -0.00000000     0.00019884   0.00000000
 -0.00006032  -0.00000000     0.00000000   0.00000000    -0.00000949  -0.00000000
  0.00019884   0.00000000     0.00000949   0.00000000     0.00000000   0.00000000
   15   18
  0.00000000   0.00000000     0.00005246  -0.00000000    -0.00009571   0.00000000
  0.00005246  -0.00000000    -0.00000000  -0.00000000    -0.00021108   0.00000000
  0.00009571  -0.00000000    -0.00021108   0.00000000     0.00000000   0.00000000
   15   19
 -0.00029882   0.00000000     0.00066395  -0.00000000     0.00008005  -0.00000000
  0.00049996  -0.00000000    -0.00091756   0.00000000    -0.00022387   0.00000000
  0.00014899  -0.00000000    -0.00047055   0.00000000    -0.00050128   0.00000000
   15   20
  0.00137715   0.00000000    -0.00622772  -0.00000000    -0.00717625  -0.00000000
 -0.00631857  -0.00000000     0.01273780   0.00000000     0.01639857   0.00000000
  0.00689643   0.00000000    -0.01621511  -0.00000000    -0.02337741  -0.00000000
   15   21
 -0.00003297   0.00000000    -0.00006668   0.00000000    -0.00013211   0.00000000
 -0.00003358   0.00000000     0.00001057  -0.00000000    -0.00010733   0.00000000
  0.00002434  -0.00000000     0.00015040  -0.00000000    -0.00004708   0.00000000
   15   22
  0.00000569   0.00000000    -0.00023235  -0.00000000     0.00022167   0.00000000
 -0.00030183  -0.00000000    -0.00001614  -0.00000000     0.00005887   0.00000000
 -0.00030231  -0.00000000    -0.00007282  -0.00000000    -0.00001857  -0.00000000
   16    1
 -0.00295363  -0.00000000    -0.00123886  -0.00000000    -0.00085931  -0.00000000
 -0.00067233  -0.00000000    -0.00290594  -0.00000000     0.00034427   0.00000000
  0.00115878   0.00000000    -0.00267307  -0.00000000     0.00237020   0.00000000
   16    2
  0.00436009   0.00000000    -0.00036158  -0.00000000    -0.00243634  -0.00000000
  0.00048778   0.00000000    -0.00019944  -0.00000000     0.00025090   0.00000000
 -0.00098277  -0.00000000    -0.00019400  -0.00000000     0.00324786   0.00000000
   16    3
 -0.00113213  -0.00000000     0.00026169   0.00000000    -0.00004237  -0.00000000
  0.00039172   0.00000000    -0.00055674  -0.00000000     0.00019688   0.00000000
 -0.00029600  -0.00000000    -0.00029834  -0.00000000    -0.00029429  -0.00000000
   16    4
 -0.06086599  -0.00000000     0.03788250   0.00000000    -0.05205089  -0.00000000
  0.03768200   0.00000000    -0.13252602  -0.00000000     0.12850188   0.00000000
 -0.05174490  -0.00000000     0.12878471   0.00000000    -0.25696237  -0.00000000
   16    5
  0.00056896   0.00000000    -0.00038614  -0.00000000    -0.00011086  -0.00000000
 -0.00051564  -0.00000000     0.00082805   0.00000000    -0.00069875  -0.00000000
  0.00041903   0.00000000    -0.00064561  -0.00000000     0.00077120   0.00000000
   16    6
  0.00022928   0.00000000     0.00011360   0.00000000     0.00025342   0.00000000
  0.00050726   0.00000000    -0.00021566  -0.00000000    -0.00020782  -0.00000000
  0.00011068   0.00000000     0.00020609   0.00000000     0.00075977   0.00000000
   16    7
 -0.00030163  -0.00000000     0.00031687   0.00000000    -0.00016074  -0.00000000
  0.00103054   0.00000000    -0.00036952  -0.00000000     0.00017001   0.00000000
 -0.00006872  -0.00000000     0.00001113   0.00000000     0.00009703   0.00000000
   16    8
 -0.00686641  -0.00000000     0.01937430   0.00000000    -0.02988398  -0.00000000
  0.00064734   0.00000000    -0.00390778  -0.00000000     0.00491664   0.00000000
 -0.00071454  -0.00000000    -0.00059451  -0.00000000     0.00022950   0.00000000
   16    9
  0.00003303   0.00000000     0.00024714   0.00000000    -0.00010705  -0.00000000
  0.00050316   0.00000000    -0.00007563  -0.00000000    -0.00005554  -0.00000000
 -0.00015187  -0.00000000     0.00008152   0.00000000    -0.00002002  -0.00000000
   16   10
 -0.00085893  -0.00000000     0.00015676   0.00000000    -0.00006966  -0.00000000
  0.00021980   0.00000000    -0.00001389  -0.00000000    -0.00037691  -0.00000000
 -0.00032702  -0.00000000     0.00010518   0.00000000    -0.00001430  -0.00000000
   16   11
  0.00022679   0.00000000     0.00084108   0.00000000    -0.00011725  -0.00000000
  0.00012322   0.00000000    -0.00021397  -0.00000000     0.00019822   0.00000000
 -0.00024534  -0.00000000    -0.00015745  -0.00000000     0.00000820   0.00000000
   16   12
  0.00430279   0.00000000    -0.00958888  -0.00000000     0.01571190   0.00000000
  0.00922162   0.00000000    -0.01630541  -0.00000000     0.02550585   0.00000000
  0.00097220   0.00000000    -0.00001538  -0.00000000    -0.00004354  -0.00000000
   16   13
  0.00010922   0.00000000    -0.00036870  -0.00000000     0.00009530   0.00000000
 -0.00041026  -0.00000000     0.00017552   0.00000000    -0.00014027  -0.00000000
  0.00008710   0.00000000    -0.00007896  -0.00000000     0.00010730   0.00000000
   16   14
  0.00035357  -0.00000000    -0.00001891   0.00000000     0.00012854  -0.00000000
 -0.00038176   0.00000000    -0.00005802   0.00000000    -0.00013551   0.00000000
  0.00023891  -0.00000000     0.00019947  -0.00000000     0.00019448  -0.00000000
   16   15
 -0.00002717  -0.00000000     0.00055617   0.00000000     0.00008039   0.00000000
  0.00055617   0.00000000    -0.00059066  -0.00000000    -0.00019639  -0.00000000
 -0.00008039  -0.00000000     0.00019639   0.00000000     0.00022139   0.00000000
   16   16
  0.07278965   0.00000000    -0.04467621   0.00000000     0.05906379   0.00000000
 -0.04467621   0.00000000     0.14701194   0.00000000    -0.14398314   0.00000000
  0.05906379   0.00000000    -0.14398314   0.00000000     0.28302908   0.00000000
   16   17
  0.00000000  -0.00000000     0.00005246   0.00000000     0.00009571   0.00000000
  0.00005246   0.00000000    -0.00000000   0.00000000     0.00021108   0.00000000
 -0.00009571  -0.00000000     0.00021108   0.00000000     0.00000000  -0.00000000
   16   18
  0.00000000   0.00000000    -0.00006032  -0.00000000    -0.00019884  -0.00000000
 -0.00006032  -0.00000000     0.00000000   0.00000000     0.00000949   0.00000000
 -0.00019884  -0.00000000    -0.00000949  -0.00000000     0.00000000  -0.00000000
   16   19
  0.00137715   0.00000000    -0.00622772  -0.00000000     0.00717625   0.00000000
 -0.00631857  -0.00000000     0.01273780   0.00000000    -0.01639857  -0.00000000
 -0.00689643  -0.00000000     0.01621511   0.00000000    -0.02337741  -0.00000000
   16   20
 -0.00029882  -0.00000000     0.00066395   0.00000000    -0.00008005  -0.00000000
  0.00049996   0.00000000    -0.00091756  -0.00000000     0.00022387   0.00000000
 -0.00014899  -0.00000000     0.00047055   0.00000000    -0.00050128  -0.00000000
   16   21
  0.00000569   0.00000000    -0.00023235  -0.00000000    -0.00022167  -0.00000000
 -0.00030183  -0.00000000    -0.00001614  -0.00000000    -0.00005887  -0.00000000
  0.00030231   0.00000000     0.00007282   0.00000000    -0.00001857  -0.00000000
   16   22
 -0.00003297  -0.00000000    -0.00006668  -0.00000000     0.00013211   0.00000000
 -0.00003358  -0.00000000     0.00001057   0.00000000     0.00010733   0.00000000
 -0.00002434  -0.00000000    -0.00015040  -0.00000000    -0.00004708  -0.00000000
   17    1
 -0.00436009   0.00000000    -0.00036158   0.00000000     0.00243634  -0.00000000
  0.00048778  -0.00000000     0.00019944  -0.00000000     0.00025090  -0.00000000
  0.00098277  -0.00000000    -0.00019400   0.00000000    -0.00324786   0.00000000
   17    2
 -0.00295363  -0.00000000     0.00123886   0.00000000    -0.00085931  -0.00000000
  0.00067233   0.00000000    -0.00290594  -0.00000000    -0.00034427  -0.00000000
  0.00115878   0.00000000     0.00267307   0.00000000     0.00237020   0.00000000
   17    3
 -0.00022928   0.00000000     0.00011360  -0.00000000    -0.00025342   0.00000000
  0.00050726  -0.00000000     0.00021566  -0.00000000    -0.00020782   0.00000000
 -0.00011068   0.00000000     0.00020609  -0.00000000    -0.00075977   0.00000000
   17    4
 -0.00056896   0.00000000    -0.00038614   0.00000000     0.00011086  -0.00000000
 -0.00051564   0.00000000    -0.00082805   0.00000000    -0.00069875   0.00000000
 -0.00041903   0.00000000    -0.00064561   0.00000000    -0.00077120   0.00000000
   17    5
 -0.06086599   0.00000000    -0.03788250   0.00000000    -0.05205089   0.00000000
 -0.03768200   0.00000000    -0.13252602   0.00000000    -0.12850188   0.00000000
 -0.05174490   0.00000000    -0.12878471   0.00000000    -0.25696237   0.00000000
   17    6
 -0.00113213   0.00000000    -0.00026169   0.00000000    -0.00004237   0.00000000
 -0.00039172   0.00000000    -0.00055674   0.00000000    -0.00019688   0.00000000
 -0.00029600   0.00000000     0.00029834  -0.00000000    -0.00029429   0.00000000
   17    7
 -0.00085893   0.00000000    -0.00015676   0.00000000    -0.00006966   0.00000000
 -0.00021980   0.00000000    -0.00001389   0.00000000     0.00037691  -0.00000000
 -0.00032702   0.00000000    -0.00010518   0.00000000    -0.00001430   0.00000000
   17    8
  0.00003303  -0.00000000    -0.00024714   0.00000000    -0.00010705   0.00000000
 -0.00050316   0.00000000    -0.00007563   0.00000000     0.00005554  -0.00000000
 -0.00015187   0.00000000    -0.00008152   0.00000000    -0.00002002   0.00000000
   17    9
  0.00686641  -0.00000000     0.01937430  -0.00000000     0.02988398  -0.00000000
  0.00064734  -0.00000000     0.00390778  -0.00000000     0.00491664  -0.00000000
  0.00071454  -0.00000000    -0.00059451   0.00000000    -0.00022950   0.00000000
   17   10
  0.00030163  -0.00000000     0.00031687  -0.00000000     0.00016074  -0.00000000
  0.00103054  -0.00000000     0.00036952  -0.00000000     0.00017001  -0.00000000
  0.00006872  -0.00000000     0.00001113  -0.00000000    -0.00009703   0.00000000
   17   11
 -0.00035357   0.00000000    -0.00001891   0.00000000    -0.00012854   0.00000000
 -0.00038176   0.00000000     0.00005802  -0.00000000    -0.00013551   0.00000000
 -0.00023891   0.00000000     0.00019947  -0.00000000    -0.00019448   0.00000000
   17   12
 -0.00010922   0.00000000    -0.00036870   0.00000000    -0.00009530   0.00000000
 -0.00041026   0.00000000    -0.00017552   0.00000000    -0.00014027   0.00000000
 -0.00008710   0.00000000    -0.00007896   0.00000000    -0.00010730   0.00000000
   17   13
  0.00430279  -0.00000000     0.00958888  -0.00000000     0.01571190  -0.00000000
 -0.00922162   0.00000000    -0.01630541   0.00000000    -0.02550585   0.00000000
  0.00097220  -0.00000000     0.00001538  -0.00000000    -0.00004354   0.00000000
   17   14
  0.00022679  -0.00000000    -0.00084108   0.00000000    -0.00011725   0.00000000
 -0.00012322   0.00000000    -0.00021397   0.00000000    -0.00019822   0.00000000
 -0.00024534   0.00000000     0.00015745  -0.00000000     0.00000820  -0.00000000
   17   15
 -0.00000000   0.00000000    -0.00006032   0.00000000     0.00019884  -0.00000000
 -0.00006032   0.00000000    -0.00000000   0.00000000     0.00000949  -0.00000000
  0.00019884  -0.00000000    -0.00000949   0.00000000    -0.00000000   0.00000000
   17   16
 -0.00000000   0.00000000     0.00005246  -0.00000000    -0.00009571   0.00000000
  0.00005246  -0.00000000     0.00000000  -0.00000000     0.00021108  -0.00000000
  0.00009571  -0.00000000     0.00021108  -0.00000000    -0.00000000   0.00000000
   17   17
  0.07278965   0.00000000     0.04467621   0.00000000     0.05906379   0.00000000
  0.04467621   0.00000000     0.14701194   0.00000000     0.14398314   0.00000000
  0.05906379   0.00000000     0.14398314   0.00000000     0.28302908   0.00000000
   17   18
 -0.00002717   0.00000000    -0.00055617   0.00000000     0.00008039  -0.00000000
 -0.00055617   0.00000000    -0.00059066   0.00000000     0.00019639  -0.00000000
 -0.00008039   0.00000000    -0.00019639   0.00000000     0.00022139  -0.00000000
   17   19
  0.00003297  -0.00000000    -0.00006668   0.00000000    -0.00013211   0.00000000
 -0.00003358   0.00000000    -0.00001057   0.00000000     0.00010733  -0.00000000
  0.00002434  -0.00000000    -0.00015040   0.00000000     0.00004708  -0.00000000
   17   20
 -0.00000569   0.00000000    -0.00023235   0.00000000     0.00022167  -0.00000000
 -0.00030183   0.00000000     0.00001614  -0.00000000    -0.00005887   0.00000000
 -0.00030231   0.00000000     0.00007282  -0.00000000     0.00001857  -0.00000000
   17   21
 -0.00029882   0.00000000    -0.00066395   0.00000000    -0.00008005   0.00000000
 -0.00049996   0.00000000    -0.00091756   0.00000000    -0.00022387   0.00000000
 -0.00014899   0.00000000    -0.00047055   0.00000000    -0.00050128   0.00000000
   17   22
  0.00137715  -0.00000000     0.00622772  -0.00000000     0.00717625  -0.00000000
  0.00631857  -0.00000000     0.01273780  -0.00000000     0.01639857  -0.00000000
 -0.00689643   0.00000000    -0.01621511   0.00000000    -0.02337741   0.00000000
   18    1
 -0.00436009  -0.00000000    -0.00036158  -0.00000000    -0.00243634  -0.00000000
  0.00048778   0.00000000     0.00019944   0.00000000    -0.00025090  -0.00000000
 -0.00098277  -0.00000000     0.00019400   0.00000000    -0.00324786  -0.00000000
   18    2
 -0.00295363  -0.00000000     0.00123886   0.00000000     0.00085931   0.00000000
  0.00067233   0.00000000    -0.00290594  -0.00000000     0.00034427   0.00000000
 -0.00115878  -0.00000000    -0.00267307  -0.00000000     0.00237020   0.00000000
   18    3
 -0.00056896  -0.00000000    -0.00038614  -0.00000000    -0.00011086  -0.00000000
 -0.00051564  -0.00000000    -0.00082805  -0.00000000     0.00069875   0.00000000
  0.00041903   0.00000000     0.00064561   0.00000000    -0.00077120  -0.00000000
   18    4
 -0.00022928  -0.00000000     0.00011360   0.00000000     0.00025342   0.00000000
  0.00050726   0.00000000     0.00021566   0.00000000     0.00020782   0.00000000
  0.00011068   0.00000000    -0.00020609  -0.00000000    -0.00075977  -0.00000000
   18    5
 -0.00113213  -0.00000000    -0.00026169  -0.00000000     0.00004237   0.00000000
 -0.00039172  -0.00000000    -0.00055674  -0.00000000     0.00019688   0.00000000
  0.00029600   0.00000000    -0.00029834  -0.00000000    -0.00029429  -0.00000000
   18    6
 -0.06086599  -0.00000000    -0.03788250  -0.00000000     0.05205089   0.00000000
 -0.03768200  -0.00000000    -0.13252602  -0.00000000     0.12850188   0.00000000
  0.05174490   0.00000000     0.12878471   0.00000000    -0.25696237  -0.00000000
   18    7
  0.00003303   0.00000000    -0.00024714  -0.00000000     0.00010705   0.00000000
 -0.00050316  -0.00000000    -0.00007563  -0.00000000    -0.00005554  -0.00000000
  0.00015187   0.00000000     0.00008152   0.00000000    -0.00002002  -0.00000000
   18    8
 -0.00085893  -0.00000000    -0.00015676  -0.00000000     0.00006966   0.00000000
 -0.00021980  -0.00000000    -0.00001389  -0.00000000    -0.00037691  -0.00000000
  0.00032702   0.00000000     0.00010518   0.00000000    -0.00001430  -0.00000000
   18    9
  0.00030163   0.00000000     0.00031687   0.00000000    -0.00016074  -0.00000000
  0.00103054   0.00000000     0.00036952   0.00000000    -0.00017001  -0.00000000
 -0.00006872  -0.00000000    -0.00001113  -0.00000000    -0.00009703  -0.00000000
   18   10
  0.00686641   0.00000000     0.01937430   0.00000000    -0.02988398  -0.00000000
  0.00064734   0.00000000     0.00390778   0.00000000    -0.00491664  -0.00000000
 -0.00071454  -0.00000000     0.00059451   0.00000000    -0.00022950  -0.00000000
   18   11
 -0.00010922  -0.00000000    -0.00036870  -0.00000000     0.00009530   0.00000000
 -0.00041026  -0.00000000    -0.00017552  -0.00000000     0.00014027   0.00000000
  0.00008710   0.00000000     0.00007896   0.00000000    -0.00010730  -0.00000000
   18   12
 -0.00035357  -0.00000000    -0.00001891  -0.00000000     0.00012854   0.00000000
 -0.00038176  -0.00000000     0.00005802   0.00000000     0.00013551   0.00000000
  0.00023891   0.00000000    -0.00019947  -0.00000000    -0.00019448  -0.00000000
   18   13
  0.00022679   0.00000000    -0.00084108  -0.00000000     0.00011725   0.00000000
 -0.00012322  -0.00000000    -0.00021397  -0.00000000     0.00019822   0.00000000
  0.00024534   0.00000000    -0.00015745  -0.00000000     0.00000820   0.00000000
   18   14
  0.00430279  -0.00000000     0.00958888  -0.00000000    -0.01571190   0.00000000
 -0.00922162   0.00000000    -0.01630541   0.00000000     0.02550585  -0.00000000
 -0.00097220   0.00000000    -0.00001538   0.00000000    -0.00004354   0.00000000
   18   15
 -0.00000000  -0.00000000     0.00005246   0.00000000     0.00009571   0.00000000
  0.00005246   0.00000000     0.00000000   0.00000000    -0.00021108  -0.00000000
 -0.00009571  -0.00000000    -0.00021108  -0.00000000    -0.00000000  -0.00000000
   18   16
 -0.00000000  -0.00000000    -0.00006032   0.00000000    -0.00019884   0.00000000
 -0.00006032   0.00000000    -0.00000000  -0.00000000    -0.00000949   0.00000000
 -0.00019884   0.00000000     0.00000949  -0.00000000    -0.00000000  -0.00000000
   18   17
 -0.00002717  -0.00000000    -0.00055617  -0.00000000    -0.00008039  -0.00000000
 -0.00055617  -0.00000000    -0.00059066  -0.00000000    -0.00019639  -0.00000000
  0.00008039   0.00000000     0.00019639   0.00000000     0.00022139   0.00000000
   18   18
  0.07278965   0.00000000     0.04467621   0.00000000    -0.05906379   0.00000000
  0.04467621   0.00000000     0.14701194   0.00000000    -0.14398314   0.00000000
 -0.05906379   0.00000000    -0.14398314   0.00000000     0.28302908   0.00000000
   18   19
 -0.00000569  -0.00000000    -0.00023235  -0.00000000    -0.00022167  -0.00000000
 -0.00030183  -0.00000000     0.00001614   0.00000000     0.00005887   0.00000000
  0.00030231   0.00000000    -0.00007282  -0.00000000     0.00001857   0.00000000
   18   20
  0.00003297   0.00000000    -0.00006668  -0.00000000     0.00013211   0.00000000
 -0.00003358  -0.00000000    -0.00001057  -0.00000000    -0.00010733  -0.00000000
 -0.00002434  -0.00000000     0.00015040   0.00000000     0.00004708   0.00000000
   18   21
  0.00137715   0.00000000     0.00622772   0.00000000    -0.00717625  -0.00000000
  0.00631857   0.00000000     0.01273780   0.00000000    -0.01639857  -0.00000000
  0.00689643   0.00000000     0.01621511   0.00000000    -0.02337741  -0.00000000
   18   22
 -0.00029882  -0.00000000    -0.00066395  -0.00000000     0.00008005   0.00000000
 -0.00049996  -0.00000000    -0.00091756  -0.00000000     0.00022387   0.00000000
  0.00014899   0.00000000     0.00047055   0.00000000    -0.00050128  -0.00000000
   19    1
 -0.00246453  -0.00000000    -0.00026462  -0.00000000     0.00131561   0.00000000
 -0.00078939  -0.00000000    -0.00286577  -0.00000000    -0.00006965  -0.00000000
 -0.00141191  -0.00000000     0.00197608   0.00000000     0.00218314   0.00000000
   19    2
  0.00426271   0.00000000    -0.00126366  -0.00000000     0.00186684   0.00000000
  0.00047032   0.00000000    -0.00004459  -0.00000000    -0.00032375  -0.00000000
  0.00121215   0.00000000     0.00036811   0.00000000     0.00329213   0.00000000
   19    3
 -0.00119999  -0.00000000     0.00000220   0.00000000     0.00014899   0.00000000
  0.00052696   0.00000000    -0.00050047  -0.00000000    -0.00015527  -0.00000000
  0.00024892   0.00000000     0.00018604   0.00000000    -0.00011707  -0.00000000
   19    4
 -0.06095388  -0.00000000     0.03759095   0.00000000     0.05172763   0.00000000
  0.03755452   0.00000000    -0.13253309  -0.00000000    -0.12847463  -0.00000000
  0.05181826   0.00000000    -0.12854439  -0.00000000    -0.25667577  -0.00000000
   19    5
  0.00057236   0.00000000    -0.00064235  -0.00000000     0.00004152   0.00000000
 -0.00042641  -0.00000000     0.00105991   0.00000000     0.00072001   0.00000000
 -0.00050074  -0.00000000     0.00093845   0.00000000     0.00068861   0.00000000
   19    6
  0.00031195   0.00000000    -0.00001076  -0.00000000    -0.00014474  -0.00000000
  0.00043982   0.00000000    -0.00044526  -0.00000000     0.00026602   0.00000000
 -0.00007871  -0.00000000    -0.00018697  -0.00000000     0.00072699   0.00000000
   19    7
 -0.00030850  -0.00000000     0.00030178   0.00000000     0.00009366   0.00000000
  0.00080285   0.00000000    -0.00029992  -0.00000000    -0.00014057  -0.00000000
  0.00020769   0.00000000    -0.00004833  -0.00000000     0.00018338   0.00000000
   19    8
 -0.00713343   0.00000000     0.01941422  -0.00000000     0.02988880  -0.00000000
  0.00086943  -0.00000000    -0.00398871   0.00000000    -0.00489385   0.00000000
  0.00063708  -0.00000000     0.00061280  -0.00000000     0.00022633  -0.00000000
   19    9
  0.00012142   0.00000000     0.00032399   0.00000000     0.00004046   0.00000000
  0.00039664   0.00000000    -0.00014904  -0.00000000    -0.00002568  -0.00000000
  0.00026374   0.00000000    -0.00012637  -0.00000000    -0.00013051  -0.00000000
   19   10
 -0.00096490  -0.00000000     0.00014498   0.00000000     0.00005750   0.00000000
  0.00037271   0.00000000     0.00005759   0.00000000     0.00029827   0.00000000
  0.00030517   0.00000000    -0.00008459  -0.00000000    -0.00012353  -0.00000000
   19   11
  0.00031581   0.00000000     0.00090442   0.00000000     0.00012248   0.00000000
  0.00023144   0.00000000     0.00000504   0.00000000    -0.00026640  -0.00000000
  0.00018139   0.00000000    -0.00000770  -0.00000000    -0.00006694  -0.00000000
   19   12
  0.00448149   0.00000000    -0.00931785  -0.00000000    -0.01578731  -0.00000000
  0.00909510   0.00000000    -0.01653578  -0.00000000    -0.02561727  -0.00000000
 -0.00101815  -0.00000000     0.00003085   0.00000000    -0.00011810  -0.00000000
   19   13
  0.00012155   0.00000000    -0.00054929  -0.00000000    -0.00000483  -0.00000000
 -0.00040047  -0.00000000     0.00033850   0.00000000     0.00003296   0.00000000
  0.00001502   0.00000000     0.00001554   0.00000000    -0.00008069  -0.00000000
   19   14
  0.00036957  -0.00000000     0.00001634  -0.00000000     0.00004250  -0.00000000
 -0.00038894   0.00000000    -0.00021356   0.00000000     0.00001033  -0.00000000
 -0.00027446   0.00000000    -0.00016539   0.00000000    -0.00003685   0.00000000
   19   15
 -0.00029882  -0.00000000     0.00049996   0.00000000     0.00014899   0.00000000
  0.00066395   0.00000000    -0.00091756  -0.00000000    -0.00047055  -0.00000000
  0.00008005   0.00000000    -0.00022387  -0.00000000    -0.00050128  -0.00000000
   19   16
  0.00137715  -0.00000000    -0.00631857   0.00000000    -0.00689643   0.00000000
 -0.00622772   0.00000000     0.01273780  -0.00000000     0.01621511  -0.00000000
  0.00717625  -0.00000000    -0.01639857   0.00000000    -0.02337741   0.00000000
   19   17
  0.00003297   0.00000000    -0.00003358  -0.00000000     0.00002434   0.00000000
 -0.00006668  -0.00000000    -0.00001057  -0.00000000    -0.00015040  -0.00000000
 -0.00013211  -0.00000000     0.00010733   0.00000000     0.00004708   0.00000000
   19   18
 -0.00000569   0.00000000    -0.00030183   0.00000000     0.00030231  -0.00000000
 -0.00023235   0.00000000     0.00001614  -0.00000000    -0.00007282   0.00000000
 -0.00022167   0.00000000     0.00005887  -0.00000000     0.00001857  -0.00000000
   19   19
  0.07262271   0.00000000    -0.04489437   0.00000000    -0.05901706   0.00000000
 -0.04489437   0.00000000     0.14721194   0.00000000     0.14412566   0.00000000
 -0.05901706   0.00000000     0.14412566   0.00000000     0.28264841   0.00000000
   19   20
 -0.00025741  -0.00000000     0.00066617   0.00000000    -0.00005662  -0.00000000
  0.00066617   0.00000000    -0.00079671  -0.00000000     0.00032547   0.00000000
  0.00005662   0.00000000    -0.00032547  -0.00000000    -0.00012079  -0.00000000
   19   21
 -0.00000000   0.00000000    -0.00006276  -0.00000000     0.00012311   0.00000000
 -0.00006276  -0.00000000    -0.00000000   0.00000000     0.00011115   0.00000000
  0.00012311   0.00000000    -0.00011115  -0.00000000     0.00000000   0.00000000
   19   22
  0.00000000   0.00000000     0.00002054   0.00000000    -0.00006675  -0.00000000
  0.00002054   0.00000000    -0.00000000  -0.00000000    -0.00005897  -0.00000000
  0.00006675   0.00000000    -0.00005897  -0.00000000     0.00000000   0.00000000
   20    1
 -0.00246453   0.00000000    -0.00026462   0.00000000    -0.00131561   0.00000000
 -0.00078939   0.00000000    -0.00286577   0.00000000     0.00006965  -0.00000000
  0.00141191  -0.00000000    -0.00197608   0.00000000     0.00218314  -0.00000000
   20    2
  0.00426271   0.00000000    -0.00126366  -0.00000000    -0.00186684  -0.00000000
  0.00047032   0.00000000    -0.00004459  -0.00000000     0.00032375   0.00000000
 -0.00121215  -0.00000000    -0.00036811  -0.00000000     0.00329213   0.00000000
   20    3
 -0.06095388  -0.00000000     0.03759095   0.00000000    -0.05172763  -0.00000000
  0.03755452   0.00000000    -0.13253309  -0.00000000     0.12847463   0.00000000
 -0.05181826  -0.00000000     0.12854439   0.00000000    -0.25667577  -0.00000000
   20    4
 -0.00119999   0.00000000     0.00000220  -0.00000000    -0.00014899   0.00000000
  0.00052696  -0.00000000    -0.00050047   0.00000000     0.00015527  -0.00000000
 -0.00024892   0.00000000    -0.00018604   0.00000000    -0.00011707   0.00000000
   20    5
  0.00031195   0.00000000    -0.00001076  -0.00000000     0.00014474   0.00000000
  0.00043982   0.00000000    -0.00044526  -0.00000000    -0.00026602  -0.00000000
  0.00007871   0.00000000     0.00018697   0.00000000     0.00072699   0.00000000
   20    6
  0.00057236  -0.00000000    -0.00064235   0.00000000    -0.00004152   0.00000000
 -0.00042641   0.00000000     0.00105991  -0.00000000    -0.00072001   0.00000000
  0.00050074  -0.00000000    -0.00093845   0.00000000     0.00068861  -0.00000000
   20    7
 -0.00713343  -0.00000000     0.01941422   0.00000000    -0.02988880  -0.00000000
  0.00086943   0.00000000    -0.00398871  -0.00000000     0.00489385   0.00000000
 -0.00063708  -0.00000000    -0.00061280  -0.00000000     0.00022633   0.00000000
   20    8
 -0.00030850   0.00000000     0.00030178  -0.00000000    -0.00009366   0.00000000
  0.00080285  -0.00000000    -0.00029992   0.00000000     0.00014057  -0.00000000
 -0.00020769   0.00000000     0.00004833  -0.00000000     0.00018338  -0.00000000
   20    9
 -0.00096490   0.00000000     0.00014498  -0.00000000    -0.00005750   0.00000000
  0.00037271  -0.00000000     0.00005759  -0.00000000    -0.00029827   0.00000000
 -0.00030517   0.00000000     0.00008459  -0.00000000    -0.00012353   0.00000000
   20   10
  0.00012142  -0.00000000     0.00032399  -0.00000000    -0.00004046   0.00000000
  0.00039664  -0.00000000    -0.00014904   0.00000000     0.00002568  -0.00000000
 -0.00026374   0.00000000     0.00012637  -0.00000000    -0.00013051   0.00000000
   20   11
  0.00448149   0.00000000    -0.00931785  -0.00000000     0.01578731   0.00000000
  0.00909510   0.00000000    -0.01653578  -0.00000000     0.02561727   0.00000000
  0.00101815   0.00000000    -0.00003085  -0.00000000    -0.00011810  -0.00000000
   20   12
  0.00031581  -0.00000000     0.00090442  -0.00000000    -0.00012248   0.00000000
  0.00023144  -0.00000000     0.00000504  -0.00000000     0.00026640  -0.00000000
 -0.00018139   0.00000000     0.00000770  -0.00000000    -0.00006694   0.00000000
   20   13
  0.00036957   0.00000000     0.00001634   0.00000000    -0.00004250  -0.00000000
 -0.00038894  -0.00000000    -0.00021356  -0.00000000    -0.00001033  -0.00000000
  0.00027446   0.00000000     0.00016539   0.00000000    -0.00003685  -0.00000000
   20   14
  0.00012155  -0.00000000    -0.00054929   0.00000000     0.00000483  -0.00000000
 -0.00040047   0.00000000     0.00033850  -0.00000000    -0.00003296   0.00000000
 -0.00001502   0.00000000    -0.00001554   0.00000000    -0.00008069   0.00000000
   20   15
  0.00137715  -0.00000000    -0.00631857   0.00000000     0.00689643  -0.00000000
 -0.00622772   0.00000000     0.01273780  -0.00000000    -0.01621511   0.00000000
 -0.00717625   0.00000000     0.01639857  -0.00000000    -0.02337741   0.00000000
   20   16
 -0.00029882   0.00000000     0.00049996  -0.00000000    -0.00014899   0.00000000
  0.00066395  -0.00000000    -0.00091756   0.00000000     0.00047055  -0.00000000
 -0.00008005   0.00000000     0.00022387  -0.00000000    -0.00050128   0.00000000
   20   17
 -0.00000569  -0.00000000    -0.00030183  -0.00000000    -0.00030231  -0.00000000
 -0.00023235  -0.00000000     0.00001614   0.00000000     0.00007282   0.00000000
  0.00022167   0.00000000    -0.00005887  -0.00000000     0.00001857   0.00000000
   20   18
  0.00003297  -0.00000000    -0.00003358   0.00000000    -0.00002434   0.00000000
 -0.00006668   0.00000000    -0.00001057   0.00000000     0.00015040  -0.00000000
  0.00013211  -0.00000000    -0.00010733   0.00000000     0.00004708  -0.00000000
   20   19
 -0.00025741   0.00000000     0.00066617  -0.00000000     0.00005662  -0.00000000
  0.00066617  -0.00000000    -0.00079671   0.00000000    -0.00032547   0.00000000
 -0.00005662   0.00000000     0.00032547  -0.00000000    -0.00012079   0.00000000
   20   20
  0.07262271   0.00000000    -0.04489437   0.00000000     0.05901706   0.00000000
 -0.04489437   0.00000000     0.14721194   0.00000000    -0.14412566   0.00000000
  0.05901706   0.00000000    -0.14412566   0.00000000     0.28264841   0.00000000
   20   21
  0.00000000  -0.00000000     0.00002054  -0.00000000     0.00006675  -0.00000000
  0.00002054  -0.00000000    -0.00000000   0.00000000     0.00005897  -0.00000000
 -0.00006675   0.00000000     0.00005897  -0.00000000     0.00000000  -0.00000000
   20   22
 -0.00000000  -0.00000000    -0.00006276  -0.00000000    -0.00012311  -0.00000000
 -0.00006276  -0.00000000    -0.00000000  -0.00000000    -0.00011115  -0.00000000
 -0.00012311  -0.00000000     0.00011115   0.00000000     0.00000000   0.00000000
   21    1
 -0.00426271  -0.00000000    -0.00126366  -0.00000000     0.00186684   0.00000000
  0.00047032   0.00000000     0.00004459   0.00000000     0.00032375   0.00000000
  0.00121215   0.00000000    -0.00036811  -0.00000000    -0.00329213  -0.00000000
   21    2
 -0.00246453  -0.00000000     0.00026462   0.00000000    -0.00131561  -0.00000000
  0.00078939   0.00000000    -0.00286577  -0.00000000    -0.00006965  -0.00000000
  0.00141191   0.00000000     0.00197608   0.00000000     0.00218314   0.00000000
   21    3
 -0.00057236  -0.00000000    -0.00064235  -0.00000000     0.00004152   0.00000000
 -0.00042641  -0.00000000    -0.00105991  -0.00000000    -0.00072001  -0.00000000
 -0.00050074  -0.00000000    -0.00093845  -0.00000000    -0.00068861  -0.00000000
   21    4
 -0.00031195   0.00000000    -0.00001076   0.00000000    -0.00014474   0.00000000
  0.00043982  -0.00000000     0.00044526  -0.00000000    -0.00026602   0.00000000
 -0.00007871   0.00000000     0.00018697  -0.00000000    -0.00072699   0.00000000
   21    5
 -0.00119999  -0.00000000    -0.00000220  -0.00000000    -0.00014899  -0.00000000
 -0.00052696  -0.00000000    -0.00050047  -0.00000000    -0.00015527  -0.00000000
 -0.00024892  -0.00000000     0.00018604   0.00000000    -0.00011707  -0.00000000
   21    6
 -0.06095388  -0.00000000    -0.03759095  -0.00000000    -0.05172763  -0.00000000
 -0.03755452  -0.00000000    -0.13253309  -0.00000000    -0.12847463  -0.00000000
 -0.05181826  -0.00000000    -0.12854439  -0.00000000    -0.25667577  -0.00000000
   21    7
  0.00012142   0.00000000    -0.00032399  -0.00000000    -0.00004046  -0.00000000
 -0.00039664  -0.00000000    -0.00014904  -0.00000000    -0.00002568  -0.00000000
 -0.00026374  -0.00000000    -0.00012637  -0.00000000    -0.00013051  -0.00000000
   21    8
 -0.00096490   0.00000000    -0.00014498   0.00000000    -0.00005750   0.00000000
 -0.00037271   0.00000000     0.00005759  -0.00000000     0.00029827  -0.00000000
 -0.00030517   0.00000000    -0.00008459   0.00000000    -0.00012353   0.00000000
   21    9
  0.00030850   0.00000000     0.00030178   0.00000000     0.00009366   0.00000000
  0.00080285   0.00000000     0.00029992   0.00000000     0.00014057   0.00000000
  0.00020769   0.00000000     0.00004833   0.00000000    -0.00018338  -0.00000000
   21   10
  0.00713343   0.00000000     0.01941422   0.00000000     0.02988880   0.00000000
  0.00086943   0.00000000     0.00398871   0.00000000     0.00489385   0.00000000
  0.00063708   0.00000000    -0.00061280  -0.00000000    -0.00022633  -0.00000000
   21   11
 -0.00012155  -0.00000000    -0.00054929  -0.00000000    -0.00000483  -0.00000000
 -0.00040047  -0.00000000    -0.00033850  -0.00000000    -0.00003296  -0.00000000
  0.00001502   0.00000000    -0.00001554  -0.00000000     0.00008069   0.00000000
   21   12
 -0.00036957  -0.00000000     0.00001634   0.00000000     0.00004250   0.00000000
 -0.00038894  -0.00000000     0.00021356   0.00000000    -0.00001033  -0.00000000
 -0.00027446  -0.00000000     0.00016539   0.00000000     0.00003685   0.00000000
   21   13
  0.00031581   0.00000000    -0.00090442  -0.00000000    -0.00012248  -0.00000000
 -0.00023144  -0.00000000     0.00000504   0.00000000    -0.00026640  -0.00000000
 -0.00018139  -0.00000000    -0.00000770  -0.00000000    -0.00006694  -0.00000000
   21   14
  0.00448149  -0.00000000     0.00931785  -0.00000000     0.01578731  -0.00000000
 -0.00909510   0.00000000    -0.01653578   0.00000000    -0.02561727   0.00000000
  0.00101815  -0.00000000     0.00003085  -0.00000000    -0.00011810   0.00000000
   21   15
 -0.00003297  -0.00000000    -0.00003358  -0.00000000     0.00002434   0.00000000
 -0.00006668  -0.00000000     0.00001057   0.00000000     0.00015040   0.00000000
 -0.00013211  -0.00000000    -0.00010733  -0.00000000    -0.00004708  -0.00000000
   21   16
  0.00000569  -0.00000000    -0.00030183   0.00000000     0.00030231  -0.00000000
 -0.00023235   0.00000000    -0.00001614   0.00000000     0.00007282  -0.00000000
 -0.00022167   0.00000000    -0.00005887   0.00000000    -0.00001857   0.00000000
   21   17
 -0.00029882  -0.00000000    -0.00049996  -0.00000000    -0.00014899  -0.00000000
 -0.00066395  -0.00000000    -0.00091756  -0.00000000    -0.00047055  -0.00000000
 -0.00008005  -0.00000000    -0.00022387  -0.00000000    -0.00050128  -0.00000000
   21   18
  0.00137715  -0.00000000     0.00631857  -0.00000000     0.00689643  -0.00000000
  0.00622772  -0.00000000     0.01273780  -0.00000000     0.01621511  -0.00000000
 -0.00717625   0.00000000    -0.01639857   0.00000000    -0.02337741   0.00000000
   21   19
  0.00000000  -0.00000000    -0.00006276   0.00000000     0.00012311  -0.00000000
 -0.00006276   0.00000000     0.00000000  -0.00000000    -0.00011115   0.00000000
  0.00012311  -0.00000000     0.00011115  -0.00000000    -0.00000000   0.00000000
   21   20
 -0.00000000   0.00000000     0.00002054   0.00000000    -0.00006675  -0.00000000
  0.00002054   0.00000000     0.00000000  -0.00000000     0.00005897   0.00000000
  0.00006675   0.00000000     0.00005897   0.00000000    -0.00000000   0.00000000
   21   21
  0.07262271   0.00000000     0.04489437   0.00000000     0.05901706   0.00000000
  0.04489437   0.00000000     0.14721194   0.00000000     0.14412566   0.00000000
  0.05901706   0.00000000     0.14412566   0.00000000     0.28264841   0.00000000
   21   22
 -0.00025741  -0.00000000    -0.00066617  -0.00000000     0.00005662   0.00000000
 -0.00066617  -0.00000000    -0.00079671  -0.00000000     0.00032547   0.00000000
 -0.00005662  -0.00000000    -0.00032547  -0.00000000    -0.00012079  -0.00000000
   22    1
 -0.00426271   0.00000000    -0.00126366   0.00000000    -0.00186684   0.00000000
  0.00047032  -0.00000000     0.00004459  -0.00000000    -0.00032375   0.00000000
 -0.00121215   0.00000000     0.00036811  -0.00000000    -0.00329213   0.00000000
   22    2
 -0.00246453  -0.00000000     0.00026462   0.00000000     0.00131561   0.00000000
  0.00078939   0.00000000    -0.00286577  -0.00000000     0.00006965   0.00000000
 -0.00141191  -0.00000000    -0.00197608  -0.00000000     0.00218314   0.00000000
   22    3
 -0.00031195   0.00000000    -0.00001076   0.00000000     0.00014474  -0.00000000
  0.00043982  -0.00000000     0.00044526  -0.00000000     0.00026602  -0.00000000
  0.00007871  -0.00000000    -0.00018697   0.00000000    -0.00072699   0.00000000
   22    4
 -0.00057236   0.00000000    -0.00064235   0.00000000    -0.00004152   0.00000000
 -0.00042641   0.00000000    -0.00105991   0.00000000     0.00072001  -0.00000000
  0.00050074  -0.00000000     0.00093845  -0.00000000    -0.00068861   0.00000000
   22    5
 -0.06095388  -0.00000000    -0.03759095  -0.00000000     0.05172763   0.00000000
 -0.03755452  -0.00000000    -0.13253309  -0.00000000     0.12847463   0.00000000
  0.05181826   0.00000000     0.12854439   0.00000000    -0.25667577  -0.00000000
   22    6
 -0.00119999   0.00000000    -0.00000220   0.00000000     0.00014899  -0.00000000
 -0.00052696   0.00000000    -0.00050047   0.00000000     0.00015527  -0.00000000
  0.00024892  -0.00000000    -0.00018604   0.00000000    -0.00011707   0.00000000
   22    7
 -0.00096490  -0.00000000    -0.00014498  -0.00000000     0.00005750   0.00000000
 -0.00037271  -0.00000000     0.00005759   0.00000000    -0.00029827  -0.00000000
  0.00030517   0.00000000     0.00008459   0.00000000    -0.00012353  -0.00000000
   22    8
  0.00012142  -0.00000000    -0.00032399   0.00000000     0.00004046  -0.00000000
 -0.00039664   0.00000000    -0.00014904   0.00000000     0.00002568  -0.00000000
  0.00026374  -0.00000000     0.00012637  -0.00000000    -0.00013051   0.00000000
   22    9
  0.00713343  -0.00000000     0.01941422  -0.00000000    -0.02988880   0.00000000
  0.00086943  -0.00000000     0.00398871  -0.00000000    -0.00489385   0.00000000
 -0.00063708   0.00000000     0.00061280  -0.00000000    -0.00022633   0.00000000
   22   10
  0.00030850  -0.00000000     0.00030178  -0.00000000    -0.00009366   0.00000000
  0.00080285  -0.00000000     0.00029992  -0.00000000    -0.00014057   0.00000000
 -0.00020769   0.00000000    -0.00004833   0.00000000    -0.00018338   0.00000000
   22   11
 -0.00036957   0.00000000     0.00001634  -0.00000000    -0.00004250   0.00000000
 -0.00038894   0.00000000     0.00021356  -0.00000000     0.00001033  -0.00000000
  0.00027446  -0.00000000    -0.00016539   0.00000000     0.00003685  -0.00000000
   22   12
 -0.00012155   0.00000000    -0.00054929   0.00000000     0.00000483  -0.00000000
 -0.00040047   0.00000000    -0.00033850   0.00000000     0.00003296  -0.00000000
 -0.00001502   0.00000000     0.00001554  -0.00000000     0.00008069  -0.00000000
   22   13
  0.00448149  -0.00000000     0.00931785  -0.00000000    -0.01578731   0.00000000
 -0.00909510   0.00000000    -0.01653578   0.00000000     0.02561727  -0.00000000
 -0.00101815   0.00000000    -0.00003085   0.00000000    -0.00011810   0.00000000
   22   14
  0.00031581  -0.00000000    -0.00090442   0.00000000     0.00012248  -0.00000000
 -0.00023144   0.00000000     0.00000504  -0.00000000     0.00026640  -0.00000000
  0.00018139  -0.00000000     0.00000770  -0.00000000    -0.00006694   0.00000000
   22   15
  0.00000569  -0.00000000    -0.00030183   0.00000000    -0.00030231   0.00000000
 -0.00023235   0.00000000    -0.00001614   0.00000000    -0.00007282   0.00000000
  0.00022167  -0.00000000     0.00005887  -0.00000000    -0.00001857   0.00000000
   22   16
 -0.00003297   0.00000000    -0.00003358   0.00000000    -0.00002434   0.00000000
 -0.00006668   0.00000000     0.00001057  -0.00000000    -0.00015040   0.00000000
  0.00013211  -0.00000000     0.00010733  -0.00000000    -0.00004708   0.00000000
   22   17
  0.00137715   0.00000000     0.00631857   0.00000000    -0.00689643  -0.00000000
  0.00622772   0.00000000     0.01273780   0.00000000    -0.01621511  -0.00000000
  0.00717625   0.00000000     0.01639857   0.00000000    -0.02337741  -0.00000000
   22   18
 -0.00029882   0.00000000    -0.00049996   0.00000000     0.00014899  -0.00000000
 -0.00066395   0.00000000    -0.00091756   0.00000000     0.00047055  -0.00000000
  0.00008005  -0.00000000     0.00022387  -0.00000000    -0.00050128   0.00000000
   22   19
 -0.00000000  -0.00000000     0.00002054  -0.00000000     0.00006675  -0.00000000
  0.00002054  -0.00000000     0.00000000   0.00000000    -0.00005897   0.00000000
 -0.00006675   0.00000000    -0.00005897   0.00000000    -0.00000000  -0.00000000
   22   20
  0.00000000   0.00000000    -0.00006276   0.00000000    -0.00012311   0.00000000
 -0.00006276   0.00000000     0.00000000   0.00000000     0.00011115  -0.00000000
 -0.00012311   0.00000000    -0.00011115   0.00000000    -0.00000000   0.00000000
   22   21
 -0.00025741   0.00000000    -0.00066617   0.00000000    -0.00005662   0.00000000
 -0.00066617   0.00000000    -0.00079671   0.00000000    -0.00032547   0.00000000
  0.00005662  -0.00000000     0.00032547  -0.00000000    -0.00012079   0.00000000
   22   22
  0.07262271   0.00000000     0.04489437   0.00000000    -0.05901706   0.00000000
  0.04489437   0.00000000     0.14721194   0.00000000    -0.14412566   0.00000000
 -0.05901706   0.00000000    -0.14412566   0.00000000     0.28264841   0.00000000

     Diagonalizing the dynamical matrix

     q = (   -0.500000000  -0.500723541   0.000000000 ) 

 **************************************************************************
     freq (    1) =       0.909176 [THz] =      30.326843 [cm-1]
 ( -0.284143  0.000000  0.064209  0.000000 -0.000000  0.000000 ) 
 (  0.093391  0.000000 -0.307110  0.000000  0.000000 -0.000000 ) 
 ( -0.167538  0.000000  0.076360  0.000000  0.000536 -0.000000 ) 
 ( -0.167538  0.000000  0.076360  0.000000 -0.000536  0.000000 ) 
 ( -0.055606  0.000000 -0.178839  0.000000  0.001138  0.000000 ) 
 ( -0.055606  0.000000 -0.178839  0.000000 -0.001138  0.000000 ) 
 ( -0.171069  0.000000  0.051038  0.000000 -0.006939  0.000000 ) 
 ( -0.171069  0.000000  0.051038  0.000000  0.006939  0.000000 ) 
 (  0.025868 -0.000000  0.321575 -0.000000 -0.007193  0.000000 ) 
 (  0.025868 -0.000000  0.321575 -0.000000  0.007193 -0.000000 ) 
 ( -0.186789  0.000000  0.084941  0.000000  0.008905  0.000000 ) 
 ( -0.186789  0.000000  0.084941  0.000000 -0.008905  0.000000 ) 
 (  0.073571  0.000000 -0.104825  0.000000 -0.011089  0.000000 ) 
 (  0.073571  0.000000 -0.104825  0.000000  0.011089 -0.000000 ) 
 ( -0.150458  0.000000  0.082435  0.000000 -0.000478  0.000000 ) 
 ( -0.150458  0.000000  0.082435  0.000000  0.000478  0.000000 ) 
 ( -0.127728  0.000000 -0.153365  0.000000  0.006136 -0.000000 ) 
 ( -0.127728  0.000000 -0.153365  0.000000 -0.006136  0.000000 ) 
 ( -0.168913  0.000000  0.073222  0.000000 -0.000203  0.000000 ) 
 ( -0.168913  0.000000  0.073222  0.000000  0.000203  0.000000 ) 
 ( -0.143856  0.000000 -0.135681  0.000000 -0.003642  0.000000 ) 
 ( -0.143856  0.000000 -0.135681  0.000000  0.003642 -0.000000 ) 
     freq (    2) =       0.909176 [THz] =      30.326843 [cm-1]
 (  0.093391  0.000000  0.307110 -0.000000 -0.000000  0.000000 ) 
 (  0.284143 -0.000000  0.064209  0.000000 -0.000000  0.000000 ) 
 ( -0.055606  0.000000  0.178839 -0.000000 -0.001138  0.000000 ) 
 ( -0.055606  0.000000  0.178839 -0.000000  0.001138  0.000000 ) 
 (  0.167538  0.000000  0.076360  0.000000  0.000536 -0.000000 ) 
 (  0.167538  0.000000  0.076360  0.000000 -0.000536  0.000000 ) 
 ( -0.025868  0.000000  0.321575 -0.000000 -0.007193  0.000000 ) 
 ( -0.025868  0.000000  0.321575 -0.000000  0.007193 -0.000000 ) 
 ( -0.171069  0.000000 -0.051038  0.000000  0.006939  0.000000 ) 
 ( -0.171069  0.000000 -0.051038  0.000000 -0.006939  0.000000 ) 
 (  0.073571  0.000000  0.104825 -0.000000  0.011089 -0.000000 ) 
 (  0.073571  0.000000  0.104825 -0.000000 -0.011089  0.000000 ) 
 (  0.186789 -0.000000  0.084941  0.000000  0.008905  0.000000 ) 
 (  0.186789 -0.000000  0.084941  0.000000 -0.008905  0.000000 ) 
 ( -0.127728  0.000000  0.153365 -0.000000 -0.006136  0.000000 ) 
 ( -0.127728  0.000000  0.153365 -0.000000  0.006136 -0.000000 ) 
 (  0.150458  0.000000  0.082435  0.000000 -0.000478  0.000000 ) 
 (  0.150458  0.000000  0.082435  0.000000  0.000478  0.000000 ) 
 ( -0.143856  0.000000  0.135681 -0.000000  0.003642 -0.000000 ) 
 ( -0.143856  0.000000  0.135681 -0.000000 -0.003642  0.000000 ) 
 (  0.168913  0.000000  0.073222  0.000000 -0.000203  0.000000 ) 
 (  0.168913  0.000000  0.073222  0.000000  0.000203  0.000000 ) 
     freq (    3) =       1.200416 [THz] =      40.041576 [cm-1]
 (  0.000000  0.000000 -0.000000  0.000000 -0.311635  0.000000 ) 
 ( -0.000000  0.000000 -0.000000  0.000000 -0.236287  0.000000 ) 
 (  0.000061  0.000000 -0.004808  0.000000 -0.185462  0.000000 ) 
 ( -0.000061  0.000000  0.004808  0.000000 -0.185462  0.000000 ) 
 (  0.007102 -0.000000 -0.007011  0.000000 -0.208639  0.000000 ) 
 ( -0.007102  0.000000  0.007011 -0.000000 -0.208639  0.000000 ) 
 (  0.001829  0.000000  0.005754 -0.000000 -0.250342  0.000000 ) 
 ( -0.001829  0.000000 -0.005754  0.000000 -0.250342  0.000000 ) 
 ( -0.004494  0.000000 -0.007466  0.000000  0.191172  0.000000 ) 
 (  0.004494 -0.000000  0.007466  0.000000  0.191172  0.000000 ) 
 (  0.010089 -0.000000 -0.010146  0.000000 -0.235666  0.000000 ) 
 ( -0.010089  0.000000  0.010146 -0.000000 -0.235666  0.000000 ) 
 ( -0.004199  0.000000 -0.013714  0.000000 -0.180960  0.000000 ) 
 (  0.004199  0.000000  0.013714  0.000000 -0.180960  0.000000 ) 
 (  0.045669 -0.000000 -0.094742  0.000000 -0.109666  0.000000 ) 
 ( -0.045669  0.000000  0.094742 -0.000000 -0.109666  0.000000 ) 
 (  0.026196  0.000000  0.022927  0.000000 -0.233583  0.000000 ) 
 ( -0.026196  0.000000 -0.022927  0.000000 -0.233583  0.000000 ) 
 (  0.059061 -0.000000 -0.078326  0.000000 -0.110132  0.000000 ) 
 ( -0.059061  0.000000  0.078326 -0.000000 -0.110132  0.000000 ) 
 ( -0.004802  0.000000  0.044597  0.000000 -0.234149  0.000000 ) 
 (  0.004802  0.000000 -0.044597  0.000000 -0.234149  0.000000 ) 
     freq (    4) =       1.200416 [THz] =      40.041576 [cm-1]
 ( -0.000000  0.000000 -0.000000  0.000000  0.236287  0.000000 ) 
 (  0.000000  0.000000 -0.000000  0.000000 -0.311635  0.000000 ) 
 (  0.007102 -0.000000  0.007011 -0.000000  0.208639  0.000000 ) 
 ( -0.007102  0.000000 -0.007011  0.000000  0.208639  0.000000 ) 
 ( -0.000061  0.000000 -0.004808  0.000000 -0.185462  0.000000 ) 
 (  0.000061  0.000000  0.004808  0.000000 -0.185462  0.000000 ) 
 (  0.004494 -0.000000 -0.007466  0.000000  0.191172  0.000000 ) 
 ( -0.004494  0.000000  0.007466  0.000000  0.191172  0.000000 ) 
 (  0.001829  0.000000 -0.005754  0.000000  0.250342 -0.000000 ) 
 ( -0.001829  0.000000  0.005754 -0.000000  0.250342 -0.000000 ) 
 ( -0.004199  0.000000  0.013714  0.000000  0.180960  0.000000 ) 
 (  0.004199  0.000000 -0.013714  0.000000  0.180960  0.000000 ) 
 ( -0.010089  0.000000 -0.010146  0.000000 -0.235666  0.000000 ) 
 (  0.010089 -0.000000  0.010146 -0.000000 -0.235666  0.000000 ) 
 (  0.026196  0.000000 -0.022927  0.000000  0.233583 -0.000000 ) 
 ( -0.026196  0.000000  0.022927  0.000000  0.233583 -0.000000 ) 
 ( -0.045669  0.000000 -0.094742  0.000000 -0.109666  0.000000 ) 
 (  0.045669 -0.000000  0.094742 -0.000000 -0.109666  0.000000 ) 
 ( -0.004802  0.000000 -0.044597  0.000000  0.234149 -0.000000 ) 
 (  0.004802  0.000000  0.044597  0.000000  0.234149 -0.000000 ) 
 ( -0.059061  0.000000 -0.078326  0.000000 -0.110132  0.000000 ) 
 (  0.059061 -0.000000  0.078326 -0.000000 -0.110132  0.000000 ) 
     freq (    5) =       2.037157 [THz] =      67.952248 [cm-1]
 ( -0.067805  0.000000 -0.171948  0.000000 -0.000000  0.000000 ) 
 (  0.202394  0.000000  0.084195  0.000000  0.000000  0.000000 ) 
 ( -0.131214  0.000000 -0.195503  0.000000  0.007550  0.000000 ) 
 ( -0.131214  0.000000 -0.195503  0.000000 -0.007550  0.000000 ) 
 ( -0.002767  0.000000  0.102436  0.000000 -0.004925  0.000000 ) 
 ( -0.002767  0.000000  0.102436  0.000000  0.004925  0.000000 ) 
 ( -0.114885  0.000000 -0.116562  0.000000  0.005859  0.000000 ) 
 ( -0.114885  0.000000 -0.116562  0.000000 -0.005859  0.000000 ) 
 ( -0.039849  0.000000  0.088713  0.000000 -0.007672  0.000000 ) 
 ( -0.039849  0.000000  0.088713  0.000000  0.007672  0.000000 ) 
 ( -0.058831  0.000000 -0.234117  0.000000 -0.002044  0.000000 ) 
 ( -0.058831  0.000000 -0.234117  0.000000  0.002044  0.000000 ) 
 (  0.174029  0.000000  0.201781  0.000000 -0.017781  0.000000 ) 
 (  0.174029  0.000000  0.201781  0.000000  0.017781  0.000000 ) 
 ( -0.177123  0.000000 -0.225097  0.000000  0.014149  0.000000 ) 
 ( -0.177123  0.000000 -0.225097  0.000000 -0.014149  0.000000 ) 
 ( -0.097674  0.000000  0.145748  0.000000 -0.008289  0.000000 ) 
 ( -0.097674  0.000000  0.145748  0.000000  0.008289  0.000000 ) 
 ( -0.172184  0.000000 -0.206810  0.000000 -0.011598  0.000000 ) 
 ( -0.172184  0.000000 -0.206810  0.000000  0.011598  0.000000 ) 
 ( -0.125642  0.000000  0.159718  0.000000 -0.000749  0.000000 ) 
 ( -0.125642  0.000000  0.159718  0.000000  0.000749  0.000000 ) 
     freq (    6) =       2.037157 [THz] =      67.952248 [cm-1]
 (  0.202394  0.000000 -0.084195  0.000000  0.000000  0.000000 ) 
 (  0.067805  0.000000 -0.171948  0.000000 -0.000000  0.000000 ) 
 ( -0.002767  0.000000 -0.102436  0.000000  0.004925  0.000000 ) 
 ( -0.002767  0.000000 -0.102436  0.000000 -0.004925  0.000000 ) 
 (  0.131214  0.000000 -0.195503  0.000000  0.007550  0.000000 ) 
 (  0.131214  0.000000 -0.195503  0.000000 -0.007550  0.000000 ) 
 (  0.039849  0.000000  0.088713  0.000000 -0.007672  0.000000 ) 
 (  0.039849  0.000000  0.088713  0.000000  0.007672  0.000000 ) 
 ( -0.114885  0.000000  0.116562  0.000000 -0.005859  0.000000 ) 
 ( -0.114885  0.000000  0.116562  0.000000  0.005859  0.000000 ) 
 (  0.174029  0.000000 -0.201781  0.000000  0.017781  0.000000 ) 
 (  0.174029  0.000000 -0.201781  0.000000 -0.017781  0.000000 ) 
 (  0.058831  0.000000 -0.234117  0.000000 -0.002044  0.000000 ) 
 (  0.058831  0.000000 -0.234117  0.000000  0.002044  0.000000 ) 
 ( -0.097674  0.000000 -0.145748  0.000000  0.008289  0.000000 ) 
 ( -0.097674  0.000000 -0.145748  0.000000 -0.008289  0.000000 ) 
 (  0.177123  0.000000 -0.225097  0.000000  0.014149  0.000000 ) 
 (  0.177123  0.000000 -0.225097  0.000000 -0.014149  0.000000 ) 
 ( -0.125642  0.000000 -0.159718  0.000000  0.000749  0.000000 ) 
 ( -0.125642  0.000000 -0.159718  0.000000 -0.000749  0.000000 ) 
 (  0.172184  0.000000 -0.206810  0.000000 -0.011598  0.000000 ) 
 (  0.172184  0.000000 -0.206810  0.000000  0.011598  0.000000 ) 
     freq (    7) =       4.483308 [THz] =     149.547069 [cm-1]
 (  0.000000  0.000000 -0.000000  0.000000 -0.002485  0.000000 ) 
 (  0.000000  0.000000  0.000000 -0.000000  0.000919 -0.000000 ) 
 (  0.173244  0.000000  0.142442  0.000000  0.011647 -0.000000 ) 
 ( -0.173244  0.000000 -0.142442  0.000000  0.011647 -0.000000 ) 
 (  0.076420 -0.000000 -0.134323  0.000000  0.009727  0.000000 ) 
 ( -0.076420  0.000000  0.134323 -0.000000  0.009727  0.000000 ) 
 (  0.159576 -0.000000  0.064998 -0.000000  0.010249 -0.000000 ) 
 ( -0.159576  0.000000 -0.064998  0.000000  0.010249 -0.000000 ) 
 ( -0.034645  0.000000 -0.087550  0.000000 -0.008420  0.000000 ) 
 (  0.034645 -0.000000  0.087550  0.000000 -0.008420  0.000000 ) 
 (  0.116005 -0.000000  0.170244  0.000000  0.001673 -0.000000 ) 
 ( -0.116005  0.000000 -0.170244  0.000000  0.001673 -0.000000 ) 
 ( -0.115560  0.000000 -0.240510  0.000000  0.024780 -0.000000 ) 
 (  0.115560  0.000000  0.240510 -0.000000  0.024780 -0.000000 ) 
 (  0.192573  0.000000  0.142243  0.000000  0.017175 -0.000000 ) 
 ( -0.192573  0.000000 -0.142243  0.000000  0.017175 -0.000000 ) 
 (  0.191154 -0.000000 -0.176832  0.000000  0.004747  0.000000 ) 
 ( -0.191154  0.000000  0.176832 -0.000000  0.004747  0.000000 ) 
 ( -0.196582  0.000000 -0.162278  0.000000  0.018251 -0.000000 ) 
 (  0.196582  0.000000  0.162278  0.000000  0.018251 -0.000000 ) 
 ( -0.199669  0.000000  0.204864 -0.000000 -0.000677  0.000000 ) 
 (  0.199669 -0.000000 -0.204864  0.000000 -0.000677  0.000000 ) 
     freq (    8) =       4.483308 [THz] =     149.547069 [cm-1]
 (  0.000000  0.000000 -0.000000  0.000000 -0.000919  0.000000 ) 
 (  0.000000  0.000000 -0.000000  0.000000 -0.002485  0.000000 ) 
 (  0.076420  0.000000  0.134323  0.000000 -0.009727  0.000000 ) 
 ( -0.076420  0.000000 -0.134323  0.000000 -0.009727  0.000000 ) 
 ( -0.173244  0.000000  0.142442  0.000000  0.011647  0.000000 ) 
 (  0.173244  0.000000 -0.142442  0.000000  0.011647  0.000000 ) 
 (  0.034645  0.000000 -0.087550  0.000000 -0.008420  0.000000 ) 
 ( -0.034645  0.000000  0.087550  0.000000 -0.008420  0.000000 ) 
 (  0.159576  0.000000 -0.064998  0.000000 -0.010249  0.000000 ) 
 ( -0.159576  0.000000  0.064998  0.000000 -0.010249  0.000000 ) 
 ( -0.115560  0.000000  0.240510  0.000000 -0.024780  0.000000 ) 
 (  0.115560  0.000000 -0.240510  0.000000 -0.024780  0.000000 ) 
 ( -0.116005  0.000000  0.170244  0.000000  0.001673  0.000000 ) 
 (  0.116005  0.000000 -0.170244  0.000000  0.001673  0.000000 ) 
 (  0.191154  0.000000  0.176832  0.000000 -0.004747  0.000000 ) 
 ( -0.191154  0.000000 -0.176832  0.000000 -0.004747  0.000000 ) 
 ( -0.192573  0.000000  0.142243  0.000000  0.017175  0.000000 ) 
 (  0.192573  0.000000 -0.142243  0.000000  0.017175  0.000000 ) 
 ( -0.199669  0.000000 -0.204864  0.000000  0.000677  0.000000 ) 
 (  0.199669  0.000000  0.204864  0.000000  0.000677  0.000000 ) 
 (  0.196582  0.000000 -0.162278  0.000000  0.018251  0.000000 ) 
 ( -0.196582  0.000000  0.162278  0.000000  0.018251  0.000000 ) 
     freq (    9) =       5.246502 [THz] =     175.004480 [cm-1]
 ( -0.009619  0.000000 -0.045872  0.000000  0.000000  0.000000 ) 
 (  0.017641  0.000000 -0.023939  0.000000 -0.000000  0.000000 ) 
 (  0.176083  0.000000  0.200344  0.000000  0.001786  0.000000 ) 
 (  0.176083  0.000000  0.200344  0.000000 -0.001786  0.000000 ) 
 (  0.117309  0.000000  0.124315  0.000000  0.003056  0.000000 ) 
 (  0.117309  0.000000  0.124315  0.000000 -0.003056  0.000000 ) 
 (  0.159802  0.000000  0.118468  0.000000  0.012404  0.000000 ) 
 (  0.159802  0.000000  0.118468  0.000000 -0.012404  0.000000 ) 
 ( -0.129402  0.000000 -0.051331  0.000000  0.001242  0.000000 ) 
 ( -0.129402  0.000000 -0.051331  0.000000 -0.001242  0.000000 ) 
 (  0.115392  0.000000  0.224234  0.000000 -0.015464  0.000000 ) 
 (  0.115392  0.000000  0.224234  0.000000  0.015464  0.000000 ) 
 (  0.189182  0.000000  0.162907  0.000000  0.009753  0.000000 ) 
 (  0.189182  0.000000  0.162907  0.000000 -0.009753  0.000000 ) 
 (  0.178655  0.000000  0.195629  0.000000  0.006672  0.000000 ) 
 (  0.178655  0.000000  0.195629  0.000000 -0.006672  0.000000 ) 
 (  0.065895  0.000000  0.150357  0.000000  0.001626  0.000000 ) 
 (  0.065895  0.000000  0.150357  0.000000 -0.001626  0.000000 ) 
 (  0.205549  0.000000  0.218892  0.000000 -0.004959  0.000000 ) 
 (  0.205549  0.000000  0.218892  0.000000  0.004959  0.000000 ) 
 (  0.074983  0.000000  0.140452  0.000000 -0.000275  0.000000 ) 
 (  0.074983  0.000000  0.140452  0.000000  0.000275  0.000000 ) 
     freq (   10) =       5.246502 [THz] =     175.004480 [cm-1]
 (  0.017641  0.000000  0.023939  0.000000  0.000000  0.000000 ) 
 (  0.009619  0.000000 -0.045872  0.000000  0.000000  0.000000 ) 
 (  0.117309  0.000000 -0.124315  0.000000 -0.003056  0.000000 ) 
 (  0.117309  0.000000 -0.124315  0.000000  0.003056  0.000000 ) 
 ( -0.176083  0.000000  0.200344  0.000000  0.001786  0.000000 ) 
 ( -0.176083  0.000000  0.200344  0.000000 -0.001786  0.000000 ) 
 (  0.129402  0.000000 -0.051331  0.000000  0.001242  0.000000 ) 
 (  0.129402  0.000000 -0.051331  0.000000 -0.001242  0.000000 ) 
 (  0.159802  0.000000 -0.118468  0.000000 -0.012404  0.000000 ) 
 (  0.159802  0.000000 -0.118468  0.000000  0.012404  0.000000 ) 
 (  0.189182  0.000000 -0.162907  0.000000 -0.009753  0.000000 ) 
 (  0.189182  0.000000 -0.162907  0.000000  0.009753  0.000000 ) 
 ( -0.115392  0.000000  0.224234  0.000000 -0.015464  0.000000 ) 
 ( -0.115392  0.000000  0.224234  0.000000  0.015464  0.000000 ) 
 (  0.065895  0.000000 -0.150357  0.000000 -0.001626  0.000000 ) 
 (  0.065895  0.000000 -0.150357  0.000000  0.001626  0.000000 ) 
 ( -0.178655  0.000000  0.195629  0.000000  0.006672  0.000000 ) 
 ( -0.178655  0.000000  0.195629  0.000000 -0.006672  0.000000 ) 
 (  0.074983  0.000000 -0.140452  0.000000  0.000275  0.000000 ) 
 (  0.074983  0.000000 -0.140452  0.000000 -0.000275  0.000000 ) 
 ( -0.205549  0.000000  0.218892  0.000000 -0.004959  0.000000 ) 
 ( -0.205549  0.000000  0.218892  0.000000  0.004959  0.000000 ) 
     freq (   11) =       6.040886 [THz] =     201.502276 [cm-1]
 (  0.000000  0.000000 -0.000000  0.000000 -0.043208  0.000000 ) 
 ( -0.000000  0.000000 -0.000000  0.000000  0.013616  0.000000 ) 
 ( -0.005357  0.000000  0.000182  0.000000  0.299045  0.000000 ) 
 (  0.005357  0.000000 -0.000182  0.000000  0.299045  0.000000 ) 
 ( -0.002416  0.000000  0.014546  0.000000 -0.018528  0.000000 ) 
 (  0.002416  0.000000 -0.014546  0.000000 -0.018528  0.000000 ) 
 ( -0.006609  0.000000 -0.005043  0.000000  0.181386  0.000000 ) 
 (  0.006609  0.000000  0.005043  0.000000  0.181386  0.000000 ) 
 ( -0.002383  0.000000  0.012153  0.000000  0.016396  0.000000 ) 
 (  0.002383  0.000000 -0.012153  0.000000  0.016396  0.000000 ) 
 ( -0.009751  0.000000  0.003111  0.000000  0.210969  0.000000 ) 
 (  0.009751  0.000000 -0.003111  0.000000  0.210969  0.000000 ) 
 (  0.020902  0.000000  0.027508  0.000000 -0.048263  0.000000 ) 
 ( -0.020902  0.000000 -0.027508  0.000000 -0.048263  0.000000 ) 
 (  0.047016  0.000000 -0.111277  0.000000  0.383490  0.000000 ) 
 ( -0.047016  0.000000  0.111277  0.000000  0.383490  0.000000 ) 
 ( -0.007329  0.000000 -0.001932  0.000000 -0.005939  0.000000 ) 
 (  0.007329  0.000000  0.001932  0.000000 -0.005939  0.000000 ) 
 (  0.050352  0.000000 -0.114338  0.000000  0.383954  0.000000 ) 
 ( -0.050352  0.000000  0.114338  0.000000  0.383954  0.000000 ) 
 (  0.026289  0.000000 -0.043941  0.000000 -0.005233  0.000000 ) 
 ( -0.026289  0.000000  0.043941  0.000000 -0.005233  0.000000 ) 
     freq (   12) =       6.040886 [THz] =     201.502276 [cm-1]
 (  0.000000  0.000000 -0.000000  0.000000  0.013616  0.000000 ) 
 ( -0.000000  0.000000 -0.000000  0.000000  0.043208  0.000000 ) 
 (  0.002416  0.000000  0.014546  0.000000 -0.018528  0.000000 ) 
 ( -0.002416  0.000000 -0.014546  0.000000 -0.018528  0.000000 ) 
 ( -0.005357  0.000000 -0.000182  0.000000 -0.299045  0.000000 ) 
 (  0.005357  0.000000  0.000182  0.000000 -0.299045  0.000000 ) 
 ( -0.002383  0.000000 -0.012153  0.000000 -0.016396  0.000000 ) 
 (  0.002383  0.000000  0.012153  0.000000 -0.016396  0.000000 ) 
 (  0.006609  0.000000 -0.005043  0.000000  0.181386  0.000000 ) 
 ( -0.006609  0.000000  0.005043  0.000000  0.181386  0.000000 ) 
 ( -0.020902  0.000000  0.027508  0.000000 -0.048263  0.000000 ) 
 (  0.020902  0.000000 -0.027508  0.000000 -0.048263  0.000000 ) 
 ( -0.009751  0.000000 -0.003111  0.000000 -0.210969  0.000000 ) 
 (  0.009751  0.000000  0.003111  0.000000 -0.210969  0.000000 ) 
 (  0.007329  0.000000 -0.001932  0.000000 -0.005939  0.000000 ) 
 ( -0.007329  0.000000  0.001932  0.000000 -0.005939  0.000000 ) 
 (  0.047016  0.000000  0.111277  0.000000 -0.383490  0.000000 ) 
 ( -0.047016  0.000000 -0.111277  0.000000 -0.383490  0.000000 ) 
 ( -0.026289  0.000000 -0.043941  0.000000 -0.005233  0.000000 ) 
 (  0.026289  0.000000  0.043941  0.000000 -0.005233  0.000000 ) 
 (  0.050352  0.000000  0.114338  0.000000 -0.383954  0.000000 ) 
 ( -0.050352  0.000000 -0.114338  0.000000 -0.383954  0.000000 ) 
     freq (   13) =       6.394636 [THz] =     213.302082 [cm-1]
 ( -0.016565  0.000000  0.008102 -0.000000 -0.000000  0.000000 ) 
 ( -0.000688  0.000000  0.005827  0.000000 -0.000000  0.000000 ) 
 (  0.063745  0.000000 -0.061703  0.000000  0.045363 -0.000000 ) 
 (  0.063745  0.000000 -0.061703  0.000000 -0.045363  0.000000 ) 
 (  0.057512 -0.000000 -0.022393  0.000000  0.270013  0.000000 ) 
 (  0.057512 -0.000000 -0.022393  0.000000 -0.270013  0.000000 ) 
 (  0.072311  0.000000 -0.007965  0.000000  0.039483 -0.000000 ) 
 (  0.072311  0.000000 -0.007965  0.000000 -0.039483  0.000000 ) 
 ( -0.045080  0.000000 -0.036924  0.000000 -0.160499  0.000000 ) 
 ( -0.045080  0.000000 -0.036924  0.000000  0.160499  0.000000 ) 
 (  0.113854  0.000000 -0.090635  0.000000  0.048256 -0.000000 ) 
 (  0.113854  0.000000 -0.090635  0.000000 -0.048256  0.000000 ) 
 (  0.008991 -0.000000 -0.045999  0.000000  0.173033  0.000000 ) 
 (  0.008991 -0.000000 -0.045999  0.000000 -0.173033  0.000000 ) 
 (  0.025866  0.000000 -0.076615  0.000000  0.044814 -0.000000 ) 
 (  0.025866  0.000000 -0.076615  0.000000 -0.044814  0.000000 ) 
 (  0.039486 -0.000000 -0.155619  0.000000  0.358128  0.000000 ) 
 (  0.039486 -0.000000 -0.155619  0.000000 -0.358128  0.000000 ) 
 (  0.019732  0.000000 -0.079948  0.000000 -0.045128  0.000000 ) 
 (  0.019732  0.000000 -0.079948  0.000000  0.045128 -0.000000 ) 
 (  0.127132 -0.000000  0.085769 -0.000000 -0.355812  0.000000 ) 
 (  0.127132 -0.000000  0.085769 -0.000000  0.355812  0.000000 ) 
     freq (   14) =       6.394636 [THz] =     213.302082 [cm-1]
 ( -0.000688  0.000000 -0.005827  0.000000  0.000000  0.000000 ) 
 (  0.016565  0.000000  0.008102 -0.000000 -0.000000  0.000000 ) 
 (  0.057512 -0.000000  0.022393  0.000000 -0.270013  0.000000 ) 
 (  0.057512 -0.000000  0.022393  0.000000  0.270013  0.000000 ) 
 ( -0.063745  0.000000 -0.061703  0.000000  0.045363 -0.000000 ) 
 ( -0.063745  0.000000 -0.061703  0.000000 -0.045363  0.000000 ) 
 (  0.045080 -0.000000 -0.036924  0.000000 -0.160499  0.000000 ) 
 (  0.045080 -0.000000 -0.036924  0.000000  0.160499  0.000000 ) 
 (  0.072311  0.000000  0.007965  0.000000 -0.039483  0.000000 ) 
 (  0.072311  0.000000  0.007965  0.000000  0.039483 -0.000000 ) 
 (  0.008991 -0.000000  0.045999  0.000000 -0.173033  0.000000 ) 
 (  0.008991 -0.000000  0.045999  0.000000  0.173033  0.000000 ) 
 ( -0.113854  0.000000 -0.090635  0.000000  0.048256 -0.000000 ) 
 ( -0.113854  0.000000 -0.090635  0.000000 -0.048256  0.000000 ) 
 (  0.039486 -0.000000  0.155619  0.000000 -0.358128  0.000000 ) 
 (  0.039486 -0.000000  0.155619  0.000000  0.358128  0.000000 ) 
 ( -0.025866  0.000000 -0.076615  0.000000  0.044814 -0.000000 ) 
 ( -0.025866  0.000000 -0.076615  0.000000 -0.044814  0.000000 ) 
 (  0.127132 -0.000000 -0.085769  0.000000  0.355812  0.000000 ) 
 (  0.127132 -0.000000 -0.085769  0.000000 -0.355812  0.000000 ) 
 ( -0.019732  0.000000 -0.079948  0.000000 -0.045128  0.000000 ) 
 ( -0.019732  0.000000 -0.079948  0.000000  0.045128 -0.000000 ) 
     freq (   15) =       6.450894 [THz] =     215.178674 [cm-1]
 ( -0.005952  0.000000 -0.006482  0.000000 -0.000000  0.000000 ) 
 (  0.035596 -0.000000  0.019679 -0.000000  0.000000 -0.000000 ) 
 (  0.158817 -0.000000  0.031909  0.000000  0.113684  0.000000 ) 
 (  0.158817 -0.000000  0.031909  0.000000 -0.113684  0.000000 ) 
 ( -0.136544  0.000000 -0.151179  0.000000 -0.034707  0.000000 ) 
 ( -0.136544  0.000000 -0.151179  0.000000  0.034707 -0.000000 ) 
 (  0.132969 -0.000000 -0.086007  0.000000  0.071525  0.000000 ) 
 (  0.132969 -0.000000 -0.086007  0.000000 -0.071525  0.000000 ) 
 (  0.160166  0.000000  0.008727  0.000000  0.033316 -0.000000 ) 
 (  0.160166  0.000000  0.008727  0.000000 -0.033316  0.000000 ) 
 (  0.064131 -0.000000  0.075922  0.000000  0.065533  0.000000 ) 
 (  0.064131 -0.000000  0.075922  0.000000 -0.065533  0.000000 ) 
 ( -0.268240  0.000000 -0.226237  0.000000 -0.016672  0.000000 ) 
 ( -0.268240  0.000000 -0.226237  0.000000  0.016672 -0.000000 ) 
 (  0.216103 -0.000000 -0.001021  0.000000  0.149339  0.000000 ) 
 (  0.216103 -0.000000 -0.001021  0.000000 -0.149339  0.000000 ) 
 ( -0.038990  0.000000 -0.176896  0.000000 -0.043720  0.000000 ) 
 ( -0.038990  0.000000 -0.176896  0.000000  0.043720 -0.000000 ) 
 (  0.189410 -0.000000  0.110768  0.000000 -0.155187  0.000000 ) 
 (  0.189410 -0.000000  0.110768  0.000000  0.155187  0.000000 ) 
 ( -0.028313  0.000000 -0.209711  0.000000  0.043707 -0.000000 ) 
 ( -0.028313  0.000000 -0.209711  0.000000 -0.043707  0.000000 ) 
     freq (   16) =       6.450894 [THz] =     215.178674 [cm-1]
 (  0.035596  0.000000 -0.019679  0.000000  0.000000  0.000000 ) 
 (  0.005952  0.000000 -0.006482  0.000000 -0.000000  0.000000 ) 
 ( -0.136544  0.000000  0.151179  0.000000  0.034707  0.000000 ) 
 ( -0.136544  0.000000  0.151179  0.000000 -0.034707  0.000000 ) 
 ( -0.158817  0.000000  0.031909  0.000000  0.113684  0.000000 ) 
 ( -0.158817  0.000000  0.031909  0.000000 -0.113684  0.000000 ) 
 ( -0.160166  0.000000  0.008727  0.000000  0.033316  0.000000 ) 
 ( -0.160166  0.000000  0.008727  0.000000 -0.033316  0.000000 ) 
 (  0.132969  0.000000  0.086007  0.000000 -0.071525  0.000000 ) 
 (  0.132969  0.000000  0.086007  0.000000  0.071525  0.000000 ) 
 ( -0.268240  0.000000  0.226237  0.000000  0.016672  0.000000 ) 
 ( -0.268240  0.000000  0.226237  0.000000 -0.016672  0.000000 ) 
 ( -0.064131  0.000000  0.075922  0.000000  0.065533  0.000000 ) 
 ( -0.064131  0.000000  0.075922  0.000000 -0.065533  0.000000 ) 
 ( -0.038990  0.000000  0.176896  0.000000  0.043720  0.000000 ) 
 ( -0.038990  0.000000  0.176896  0.000000 -0.043720  0.000000 ) 
 ( -0.216103  0.000000 -0.001021  0.000000  0.149339  0.000000 ) 
 ( -0.216103  0.000000 -0.001021  0.000000 -0.149339  0.000000 ) 
 ( -0.028313  0.000000  0.209711  0.000000 -0.043707  0.000000 ) 
 ( -0.028313  0.000000  0.209711  0.000000  0.043707  0.000000 ) 
 ( -0.189410  0.000000  0.110768  0.000000 -0.155187  0.000000 ) 
 ( -0.189410  0.000000  0.110768  0.000000  0.155187  0.000000 ) 
     freq (   17) =       7.568042 [THz] =     252.442706 [cm-1]
 (  0.000000 -0.000000 -0.000000  0.000000  0.001205 -0.000000 ) 
 ( -0.000000  0.000000 -0.000000  0.000000  0.000741 -0.000000 ) 
 (  0.124393 -0.000000 -0.007443  0.000000 -0.007084  0.000000 ) 
 ( -0.124393  0.000000  0.007443 -0.000000 -0.007084  0.000000 ) 
 (  0.065112 -0.000000  0.068044 -0.000000 -0.006955  0.000000 ) 
 ( -0.065112  0.000000 -0.068044  0.000000 -0.006955  0.000000 ) 
 (  0.161664 -0.000000  0.231516 -0.000000  0.005673 -0.000000 ) 
 ( -0.161664  0.000000 -0.231516  0.000000  0.005673 -0.000000 ) 
 ( -0.108423  0.000000  0.205757 -0.000000  0.001497 -0.000000 ) 
 (  0.108423 -0.000000 -0.205757  0.000000  0.001497 -0.000000 ) 
 (  0.332669 -0.000000 -0.133090  0.000000 -0.039226  0.000000 ) 
 ( -0.332669  0.000000  0.133090 -0.000000 -0.039226  0.000000 ) 
 (  0.298100 -0.000000  0.202123 -0.000000 -0.042391  0.000000 ) 
 ( -0.298100  0.000000 -0.202123  0.000000 -0.042391  0.000000 ) 
 ( -0.051635  0.000000 -0.103957  0.000000  0.008630 -0.000000 ) 
 (  0.051635 -0.000000  0.103957 -0.000000  0.008630 -0.000000 ) 
 ( -0.090427  0.000000  0.109369 -0.000000  0.007597 -0.000000 ) 
 (  0.090427 -0.000000 -0.109369  0.000000  0.007597 -0.000000 ) 
 (  0.019157 -0.000000  0.051809 -0.000000  0.001263 -0.000000 ) 
 ( -0.019157  0.000000 -0.051809  0.000000  0.001263 -0.000000 ) 
 (  0.114190 -0.000000 -0.173784  0.000000  0.012985 -0.000000 ) 
 ( -0.114190  0.000000  0.173784 -0.000000  0.012985 -0.000000 ) 
     freq (   18) =       7.568042 [THz] =     252.442706 [cm-1]
 (  0.000000  0.000000  0.000000  0.000000  0.000741  0.000000 ) 
 ( -0.000000  0.000000 -0.000000  0.000000 -0.001205  0.000000 ) 
 ( -0.065112  0.000000  0.068044  0.000000 -0.006955  0.000000 ) 
 (  0.065112  0.000000 -0.068044  0.000000 -0.006955  0.000000 ) 
 (  0.124393  0.000000  0.007443  0.000000  0.007084  0.000000 ) 
 ( -0.124393  0.000000 -0.007443  0.000000  0.007084  0.000000 ) 
 ( -0.108423  0.000000 -0.205757  0.000000 -0.001497  0.000000 ) 
 (  0.108423  0.000000  0.205757  0.000000 -0.001497  0.000000 ) 
 ( -0.161664  0.000000  0.231516  0.000000  0.005673  0.000000 ) 
 (  0.161664  0.000000 -0.231516  0.000000  0.005673  0.000000 ) 
 ( -0.298100  0.000000  0.202123  0.000000 -0.042391  0.000000 ) 
 (  0.298100  0.000000 -0.202123  0.000000 -0.042391  0.000000 ) 
 (  0.332669  0.000000  0.133090  0.000000  0.039226  0.000000 ) 
 ( -0.332669  0.000000 -0.133090  0.000000  0.039226  0.000000 ) 
 (  0.090427  0.000000  0.109369  0.000000  0.007597  0.000000 ) 
 ( -0.090427  0.000000 -0.109369  0.000000  0.007597  0.000000 ) 
 ( -0.051635  0.000000  0.103957  0.000000 -0.008630  0.000000 ) 
 (  0.051635  0.000000 -0.103957  0.000000 -0.008630  0.000000 ) 
 ( -0.114190  0.000000 -0.173784  0.000000  0.012985  0.000000 ) 
 (  0.114190  0.000000  0.173784  0.000000  0.012985  0.000000 ) 
 (  0.019157  0.000000 -0.051809  0.000000 -0.001263  0.000000 ) 
 ( -0.019157  0.000000  0.051809  0.000000 -0.001263  0.000000 ) 
     freq (   19) =       7.989841 [THz] =     266.512401 [cm-1]
 (  0.000000  0.000000  0.000000  0.000000  0.004194  0.000000 ) 
 (  0.000000  0.000000  0.000000  0.000000 -0.000904  0.000000 ) 
 (  0.002030  0.000000 -0.014633  0.000000 -0.016547  0.000000 ) 
 ( -0.002030  0.000000  0.014633  0.000000 -0.016547  0.000000 ) 
 ( -0.007246  0.000000  0.003431  0.000000  0.018102  0.000000 ) 
 (  0.007246  0.000000 -0.003431  0.000000  0.018102  0.000000 ) 
 (  0.003715  0.000000 -0.000375  0.000000  0.065177  0.000000 ) 
 ( -0.003715  0.000000  0.000375  0.000000  0.065177  0.000000 ) 
 (  0.012594  0.000000 -0.037312  0.000000  0.054606  0.000000 ) 
 ( -0.012594  0.000000  0.037312  0.000000  0.054606  0.000000 ) 
 (  0.013094  0.000000 -0.019975  0.000000 -0.367336  0.000000 ) 
 ( -0.013094  0.000000  0.019975  0.000000 -0.367336  0.000000 ) 
 ( -0.037075  0.000000 -0.014020  0.000000  0.198599  0.000000 ) 
 (  0.037075  0.000000  0.014020  0.000000  0.198599  0.000000 ) 
 ( -0.149630  0.000000 -0.312650  0.000000  0.131212  0.000000 ) 
 (  0.149630  0.000000  0.312650  0.000000  0.131212  0.000000 ) 
 ( -0.080892  0.000000  0.132628  0.000000 -0.044675  0.000000 ) 
 (  0.080892  0.000000 -0.132628  0.000000 -0.044675  0.000000 ) 
 ( -0.139699  0.000000 -0.278909  0.000000  0.132880  0.000000 ) 
 (  0.139699  0.000000  0.278909  0.000000  0.132880  0.000000 ) 
 ( -0.108809  0.000000  0.146342  0.000000 -0.045710  0.000000 ) 
 (  0.108809  0.000000 -0.146342  0.000000 -0.045710  0.000000 ) 
     freq (   20) =       7.989841 [THz] =     266.512401 [cm-1]
 (  0.000000  0.000000 -0.000000  0.000000 -0.000904  0.000000 ) 
 (  0.000000  0.000000 -0.000000  0.000000 -0.004194  0.000000 ) 
 (  0.007246  0.000000  0.003431  0.000000  0.018102  0.000000 ) 
 ( -0.007246  0.000000 -0.003431  0.000000  0.018102  0.000000 ) 
 (  0.002030  0.000000  0.014633  0.000000  0.016547  0.000000 ) 
 ( -0.002030  0.000000 -0.014633  0.000000  0.016547  0.000000 ) 
 (  0.012594  0.000000  0.037312  0.000000 -0.054606  0.000000 ) 
 ( -0.012594  0.000000 -0.037312  0.000000 -0.054606  0.000000 ) 
 ( -0.003715  0.000000 -0.000375  0.000000  0.065177  0.000000 ) 
 (  0.003715  0.000000  0.000375  0.000000  0.065177  0.000000 ) 
 (  0.037075  0.000000 -0.014020  0.000000  0.198599  0.000000 ) 
 ( -0.037075  0.000000  0.014020  0.000000  0.198599  0.000000 ) 
 (  0.013094  0.000000  0.019975  0.000000  0.367336  0.000000 ) 
 ( -0.013094  0.000000 -0.019975  0.000000  0.367336  0.000000 ) 
 (  0.080892  0.000000  0.132628  0.000000 -0.044675  0.000000 ) 
 ( -0.080892  0.000000 -0.132628  0.000000 -0.044675  0.000000 ) 
 ( -0.149630  0.000000  0.312650  0.000000 -0.131212  0.000000 ) 
 (  0.149630  0.000000 -0.312650  0.000000 -0.131212  0.000000 ) 
 (  0.108809  0.000000  0.146342  0.000000 -0.045710  0.000000 ) 
 ( -0.108809  0.000000 -0.146342  0.000000 -0.045710  0.000000 ) 
 ( -0.139699  0.000000  0.278909  0.000000 -0.132880  0.000000 ) 
 (  0.139699  0.000000 -0.278909  0.000000 -0.132880  0.000000 ) 
     freq (   21) =       8.502973 [THz] =     283.628648 [cm-1]
 ( -0.000367  0.000000 -0.001224  0.000000  0.000000  0.000000 ) 
 (  0.000057  0.000000  0.000757  0.000000 -0.000000  0.000000 ) 
 (  0.003009  0.000000  0.006626  0.000000  0.029090  0.000000 ) 
 (  0.003009  0.000000  0.006626  0.000000 -0.029090  0.000000 ) 
 ( -0.003305  0.000000  0.001422  0.000000 -0.011409  0.000000 ) 
 ( -0.003305  0.000000  0.001422  0.000000  0.011409  0.000000 ) 
 (  0.004605  0.000000  0.017266  0.000000 -0.089895  0.000000 ) 
 (  0.004605  0.000000  0.017266  0.000000  0.089895  0.000000 ) 
 (  0.003213  0.000000 -0.001437  0.000000 -0.057200  0.000000 ) 
 (  0.003213  0.000000 -0.001437  0.000000  0.057200  0.000000 ) 
 (  0.012665  0.000000  0.000871  0.000000  0.406532  0.000000 ) 
 (  0.012665  0.000000  0.000871  0.000000 -0.406532  0.000000 ) 
 ( -0.003511  0.000000  0.000955  0.000000 -0.126257  0.000000 ) 
 ( -0.003511  0.000000  0.000955  0.000000  0.126257  0.000000 ) 
 (  0.172581  0.000000  0.309472  0.000000 -0.118193  0.000000 ) 
 (  0.172581  0.000000  0.309472  0.000000  0.118193  0.000000 ) 
 (  0.072955  0.000000 -0.082140  0.000000  0.020870  0.000000 ) 
 (  0.072955  0.000000 -0.082140  0.000000 -0.020870  0.000000 ) 
 ( -0.182584  0.000000 -0.304495  0.000000  0.118848  0.000000 ) 
 ( -0.182584  0.000000 -0.304495  0.000000 -0.118848  0.000000 ) 
 ( -0.077861  0.000000  0.084739  0.000000 -0.020865  0.000000 ) 
 ( -0.077861  0.000000  0.084739  0.000000  0.020865  0.000000 ) 
     freq (   22) =       8.502973 [THz] =     283.628648 [cm-1]
 ( -0.000057  0.000000  0.000757  0.000000 -0.000000  0.000000 ) 
 ( -0.000367  0.000000  0.001224  0.000000 -0.000000  0.000000 ) 
 (  0.003305  0.000000  0.001422  0.000000 -0.011409  0.000000 ) 
 (  0.003305  0.000000  0.001422  0.000000  0.011409  0.000000 ) 
 (  0.003009  0.000000 -0.006626  0.000000 -0.029090  0.000000 ) 
 (  0.003009  0.000000 -0.006626  0.000000  0.029090  0.000000 ) 
 (  0.003213  0.000000  0.001437  0.000000  0.057200  0.000000 ) 
 (  0.003213  0.000000  0.001437  0.000000 -0.057200  0.000000 ) 
 ( -0.004605  0.000000  0.017266  0.000000 -0.089895  0.000000 ) 
 ( -0.004605  0.000000  0.017266  0.000000  0.089895  0.000000 ) 
 (  0.003511  0.000000  0.000955  0.000000 -0.126257  0.000000 ) 
 (  0.003511  0.000000  0.000955  0.000000  0.126257  0.000000 ) 
 (  0.012665  0.000000 -0.000871  0.000000 -0.406532  0.000000 ) 
 (  0.012665  0.000000 -0.000871  0.000000  0.406532  0.000000 ) 
 ( -0.072955  0.000000 -0.082140  0.000000  0.020870  0.000000 ) 
 ( -0.072955  0.000000 -0.082140  0.000000 -0.020870  0.000000 ) 
 (  0.172581  0.000000 -0.309472  0.000000  0.118193  0.000000 ) 
 (  0.172581  0.000000 -0.309472  0.000000 -0.118193  0.000000 ) 
 (  0.077861  0.000000  0.084739  0.000000 -0.020865  0.000000 ) 
 (  0.077861  0.000000  0.084739  0.000000  0.020865  0.000000 ) 
 ( -0.182584  0.000000  0.304495  0.000000 -0.118848  0.000000 ) 
 ( -0.182584  0.000000  0.304495  0.000000  0.118848  0.000000 ) 
     freq (   23) =       9.364547 [THz] =     312.367653 [cm-1]
 (  0.000000  0.000000  0.000000  0.000000 -0.000547  0.000000 ) 
 (  0.000000  0.000000 -0.000000  0.000000 -0.000046  0.000000 ) 
 (  0.086198  0.000000 -0.124976  0.000000  0.002728  0.000000 ) 
 ( -0.086198  0.000000  0.124976  0.000000  0.002728  0.000000 ) 
 ( -0.075765  0.000000 -0.116123  0.000000  0.000419  0.000000 ) 
 (  0.075765  0.000000  0.116123  0.000000  0.000419  0.000000 ) 
 (  0.039848  0.000000 -0.350652  0.000000 -0.001695  0.000000 ) 
 ( -0.039848  0.000000  0.350652  0.000000 -0.001695  0.000000 ) 
 (  0.032870  0.000000  0.341393  0.000000  0.007898  0.000000 ) 
 ( -0.032870  0.000000 -0.341393  0.000000  0.007898  0.000000 ) 
 ( -0.117994  0.000000  0.002055  0.000000  0.014272  0.000000 ) 
 (  0.117994  0.000000 -0.002055  0.000000  0.014272  0.000000 ) 
 (  0.131930  0.000000  0.010154  0.000000  0.027563  0.000000 ) 
 ( -0.131930  0.000000 -0.010154  0.000000  0.027563  0.000000 ) 
 (  0.218329  0.000000 -0.038963  0.000000 -0.012792  0.000000 ) 
 ( -0.218329  0.000000  0.038963  0.000000 -0.012792  0.000000 ) 
 ( -0.216772  0.000000 -0.015995  0.000000 -0.020653  0.000000 ) 
 (  0.216772  0.000000  0.015995  0.000000 -0.020653  0.000000 ) 
 ( -0.206879  0.000000  0.059461  0.000000  0.008442  0.000000 ) 
 (  0.206879  0.000000 -0.059461  0.000000  0.008442  0.000000 ) 
 (  0.190073  0.000000  0.059359  0.000000  0.001163  0.000000 ) 
 ( -0.190073  0.000000 -0.059359  0.000000  0.001163  0.000000 ) 
     freq (   24) =       9.364547 [THz] =     312.367653 [cm-1]
 ( -0.000000  0.000000 -0.000000  0.000000  0.000046  0.000000 ) 
 (  0.000000  0.000000 -0.000000  0.000000 -0.000547  0.000000 ) 
 ( -0.075765  0.000000  0.116123  0.000000 -0.000419  0.000000 ) 
 (  0.075765  0.000000 -0.116123  0.000000 -0.000419  0.000000 ) 
 ( -0.086198  0.000000 -0.124976  0.000000  0.002728  0.000000 ) 
 (  0.086198  0.000000  0.124976  0.000000  0.002728  0.000000 ) 
 ( -0.032870  0.000000  0.341393  0.000000  0.007898  0.000000 ) 
 (  0.032870  0.000000 -0.341393  0.000000  0.007898  0.000000 ) 
 (  0.039848  0.000000  0.350652  0.000000  0.001695  0.000000 ) 
 ( -0.039848  0.000000 -0.350652  0.000000  0.001695  0.000000 ) 
 (  0.131930  0.000000 -0.010154  0.000000 -0.027563  0.000000 ) 
 ( -0.131930  0.000000  0.010154  0.000000 -0.027563  0.000000 ) 
 (  0.117994  0.000000  0.002055  0.000000  0.014272  0.000000 ) 
 ( -0.117994  0.000000 -0.002055  0.000000  0.014272  0.000000 ) 
 ( -0.216772  0.000000  0.015995  0.000000  0.020653  0.000000 ) 
 (  0.216772  0.000000 -0.015995  0.000000  0.020653  0.000000 ) 
 ( -0.218329  0.000000 -0.038963  0.000000 -0.012792  0.000000 ) 
 (  0.218329  0.000000  0.038963  0.000000 -0.012792  0.000000 ) 
 (  0.190073  0.000000 -0.059359  0.000000 -0.001163  0.000000 ) 
 ( -0.190073  0.000000  0.059359  0.000000 -0.001163  0.000000 ) 
 (  0.206879  0.000000  0.059461  0.000000  0.008442  0.000000 ) 
 ( -0.206879  0.000000 -0.059461  0.000000  0.008442  0.000000 ) 
     freq (   25) =       9.383592 [THz] =     313.002953 [cm-1]
 ( -0.001315  0.000000 -0.001040  0.000000 -0.000000  0.000000 ) 
 ( -0.006050  0.000000  0.008879  0.000000 -0.000000  0.000000 ) 
 (  0.022827  0.000000  0.036495  0.000000 -0.001646  0.000000 ) 
 (  0.022827  0.000000  0.036495  0.000000  0.001646  0.000000 ) 
 ( -0.025837  0.000000 -0.043723  0.000000  0.001361  0.000000 ) 
 ( -0.025837  0.000000 -0.043723  0.000000 -0.001361  0.000000 ) 
 (  0.078361  0.000000  0.360324  0.000000 -0.003234  0.000000 ) 
 (  0.078361  0.000000  0.360324  0.000000  0.003234  0.000000 ) 
 ( -0.017506  0.000000  0.279853  0.000000  0.001585  0.000000 ) 
 ( -0.017506  0.000000  0.279853  0.000000 -0.001585  0.000000 ) 
 (  0.306243  0.000000 -0.130962  0.000000 -0.010201  0.000000 ) 
 (  0.306243  0.000000 -0.130962  0.000000  0.010201  0.000000 ) 
 (  0.181332  0.000000  0.078890  0.000000  0.014884  0.000000 ) 
 (  0.181332  0.000000  0.078890  0.000000 -0.014884  0.000000 ) 
 ( -0.180348  0.000000 -0.071168  0.000000  0.011218  0.000000 ) 
 ( -0.180348  0.000000 -0.071168  0.000000 -0.011218  0.000000 ) 
 ( -0.171784  0.000000  0.040921  0.000000 -0.010534  0.000000 ) 
 ( -0.171784  0.000000  0.040921  0.000000  0.010534  0.000000 ) 
 ( -0.179794  0.000000 -0.053588  0.000000  0.003631  0.000000 ) 
 ( -0.179794  0.000000 -0.053588  0.000000 -0.003631  0.000000 ) 
 ( -0.161246  0.000000  0.017396  0.000000 -0.001406  0.000000 ) 
 ( -0.161246  0.000000  0.017396  0.000000  0.001406  0.000000 ) 
     freq (   26) =       9.383592 [THz] =     313.002953 [cm-1]
 (  0.006050  0.000000  0.008879  0.000000 -0.000000  0.000000 ) 
 ( -0.001315  0.000000  0.001040  0.000000 -0.000000  0.000000 ) 
 (  0.025837  0.000000 -0.043723  0.000000  0.001361  0.000000 ) 
 (  0.025837  0.000000 -0.043723  0.000000 -0.001361  0.000000 ) 
 (  0.022827  0.000000 -0.036495  0.000000  0.001646  0.000000 ) 
 (  0.022827  0.000000 -0.036495  0.000000 -0.001646  0.000000 ) 
 ( -0.017506  0.000000 -0.279853  0.000000 -0.001585  0.000000 ) 
 ( -0.017506  0.000000 -0.279853  0.000000  0.001585  0.000000 ) 
 ( -0.078361  0.000000  0.360324  0.000000 -0.003234  0.000000 ) 
 ( -0.078361  0.000000  0.360324  0.000000  0.003234  0.000000 ) 
 ( -0.181332  0.000000  0.078890  0.000000  0.014884  0.000000 ) 
 ( -0.181332  0.000000  0.078890  0.000000 -0.014884  0.000000 ) 
 (  0.306243  0.000000  0.130962  0.000000  0.010201  0.000000 ) 
 (  0.306243  0.000000  0.130962  0.000000 -0.010201  0.000000 ) 
 (  0.171784  0.000000  0.040921  0.000000 -0.010534  0.000000 ) 
 (  0.171784  0.000000  0.040921  0.000000  0.010534  0.000000 ) 
 ( -0.180348  0.000000  0.071168  0.000000 -0.011218  0.000000 ) 
 ( -0.180348  0.000000  0.071168  0.000000  0.011218  0.000000 ) 
 (  0.161246  0.000000  0.017396  0.000000 -0.001406  0.000000 ) 
 (  0.161246  0.000000  0.017396  0.000000  0.001406  0.000000 ) 
 ( -0.179794  0.000000  0.053588  0.000000 -0.003631  0.000000 ) 
 ( -0.179794  0.000000  0.053588  0.000000  0.003631  0.000000 ) 
     freq (   27) =      11.888116 [THz] =     396.544858 [cm-1]
 (  0.000000  0.000000 -0.000000  0.000000 -0.006774  0.000000 ) 
 (  0.000000  0.000000 -0.000000  0.000000 -0.001704  0.000000 ) 
 ( -0.000067  0.000000  0.001210  0.000000  0.026593  0.000000 ) 
 (  0.000067  0.000000 -0.001210  0.000000  0.026593  0.000000 ) 
 (  0.000268  0.000000  0.002077  0.000000 -0.005610  0.000000 ) 
 ( -0.000268  0.000000 -0.002077  0.000000 -0.005610  0.000000 ) 
 ( -0.000298  0.000000 -0.003167  0.000000  0.440425  0.000000 ) 
 (  0.000298  0.000000  0.003167  0.000000  0.440425  0.000000 ) 
 ( -0.000481  0.000000 -0.000196  0.000000  0.038642  0.000000 ) 
 (  0.000481  0.000000  0.000196  0.000000  0.038642  0.000000 ) 
 ( -0.003201  0.000000  0.002406  0.000000  0.000499  0.000000 ) 
 (  0.003201  0.000000 -0.002406  0.000000  0.000499  0.000000 ) 
 (  0.001801  0.000000  0.002555  0.000000  0.018944  0.000000 ) 
 ( -0.001801  0.000000 -0.002555  0.000000  0.018944  0.000000 ) 
 ( -0.321897  0.000000  0.150294  0.000000 -0.154914  0.000000 ) 
 (  0.321897  0.000000 -0.150294  0.000000 -0.154914  0.000000 ) 
 ( -0.031258  0.000000  0.011578  0.000000 -0.002589  0.000000 ) 
 (  0.031258  0.000000 -0.011578  0.000000 -0.002589  0.000000 ) 
 ( -0.324901  0.000000  0.145775  0.000000 -0.155738  0.000000 ) 
 (  0.324901  0.000000 -0.145775  0.000000 -0.155738  0.000000 ) 
 ( -0.030312  0.000000  0.007308  0.000000 -0.003041  0.000000 ) 
 (  0.030312  0.000000 -0.007308  0.000000 -0.003041  0.000000 ) 
     freq (   28) =      11.888116 [THz] =     396.544858 [cm-1]
 ( -0.000000  0.000000  0.000000  0.000000 -0.001704  0.000000 ) 
 ( -0.000000  0.000000  0.000000  0.000000  0.006774  0.000000 ) 
 ( -0.000268  0.000000  0.002077  0.000000 -0.005610  0.000000 ) 
 (  0.000268  0.000000 -0.002077  0.000000 -0.005610  0.000000 ) 
 ( -0.000067  0.000000 -0.001210  0.000000 -0.026593  0.000000 ) 
 (  0.000067  0.000000  0.001210  0.000000 -0.026593  0.000000 ) 
 ( -0.000481  0.000000  0.000196  0.000000 -0.038642  0.000000 ) 
 (  0.000481  0.000000 -0.000196  0.000000 -0.038642  0.000000 ) 
 (  0.000298  0.000000 -0.003167  0.000000  0.440425  0.000000 ) 
 ( -0.000298  0.000000  0.003167  0.000000  0.440425  0.000000 ) 
 ( -0.001801  0.000000  0.002555  0.000000  0.018944  0.000000 ) 
 (  0.001801  0.000000 -0.002555  0.000000  0.018944  0.000000 ) 
 ( -0.003201  0.000000 -0.002406  0.000000 -0.000499  0.000000 ) 
 (  0.003201  0.000000  0.002406  0.000000 -0.000499  0.000000 ) 
 (  0.031258  0.000000  0.011578  0.000000 -0.002589  0.000000 ) 
 ( -0.031258  0.000000 -0.011578  0.000000 -0.002589  0.000000 ) 
 ( -0.321897  0.000000 -0.150294  0.000000  0.154914  0.000000 ) 
 (  0.321897  0.000000  0.150294  0.000000  0.154914  0.000000 ) 
 (  0.030312  0.000000  0.007308  0.000000 -0.003041  0.000000 ) 
 ( -0.030312  0.000000 -0.007308  0.000000 -0.003041  0.000000 ) 
 ( -0.324901  0.000000 -0.145775  0.000000  0.155738  0.000000 ) 
 (  0.324901  0.000000  0.145775  0.000000  0.155738  0.000000 ) 
     freq (   29) =      12.371263 [THz] =     412.660898 [cm-1]
 ( -0.000100  0.000000 -0.000219  0.000000 -0.000000  0.000000 ) 
 (  0.000021  0.000000  0.000279  0.000000  0.000000  0.000000 ) 
 (  0.001245  0.000000  0.001196  0.000000 -0.034443  0.000000 ) 
 (  0.001245  0.000000  0.001196  0.000000  0.034443  0.000000 ) 
 (  0.000082  0.000000  0.000653  0.000000  0.003999  0.000000 ) 
 (  0.000082  0.000000  0.000653  0.000000 -0.003999  0.000000 ) 
 ( -0.000069  0.000000 -0.005132  0.000000 -0.439726  0.000000 ) 
 ( -0.000069  0.000000 -0.005132  0.000000  0.439726  0.000000 ) 
 (  0.000102  0.000000 -0.001230  0.000000 -0.022170  0.000000 ) 
 (  0.000102  0.000000 -0.001230  0.000000  0.022170  0.000000 ) 
 ( -0.003866  0.000000  0.004364  0.000000 -0.027608  0.000000 ) 
 ( -0.003866  0.000000  0.004364  0.000000  0.027608  0.000000 ) 
 ( -0.000358  0.000000  0.000201  0.000000 -0.021985  0.000000 ) 
 ( -0.000358  0.000000  0.000201  0.000000  0.021985  0.000000 ) 
 (  0.318174  0.000000 -0.163953  0.000000  0.156471  0.000000 ) 
 (  0.318174  0.000000 -0.163953  0.000000 -0.156471  0.000000 ) 
 (  0.021231  0.000000 -0.017544  0.000000  0.009791  0.000000 ) 
 (  0.021231  0.000000 -0.017544  0.000000 -0.009791  0.000000 ) 
 ( -0.310240  0.000000  0.168887  0.000000 -0.156678  0.000000 ) 
 ( -0.310240  0.000000  0.168887  0.000000  0.156678  0.000000 ) 
 ( -0.020444  0.000000  0.018660  0.000000 -0.009853  0.000000 ) 
 ( -0.020444  0.000000  0.018660  0.000000  0.009853  0.000000 ) 
     freq (   30) =      12.371263 [THz] =     412.660898 [cm-1]
 (  0.000021  0.000000 -0.000279  0.000000 -0.000000  0.000000 ) 
 (  0.000100  0.000000 -0.000219  0.000000  0.000000  0.000000 ) 
 (  0.000082  0.000000 -0.000653  0.000000 -0.003999  0.000000 ) 
 (  0.000082  0.000000 -0.000653  0.000000  0.003999  0.000000 ) 
 ( -0.001245  0.000000  0.001196  0.000000 -0.034443  0.000000 ) 
 ( -0.001245  0.000000  0.001196  0.000000  0.034443  0.000000 ) 
 ( -0.000102  0.000000 -0.001230  0.000000 -0.022170  0.000000 ) 
 ( -0.000102  0.000000 -0.001230  0.000000  0.022170  0.000000 ) 
 ( -0.000069  0.000000  0.005132  0.000000  0.439726  0.000000 ) 
 ( -0.000069  0.000000  0.005132  0.000000 -0.439726  0.000000 ) 
 ( -0.000358  0.000000 -0.000201  0.000000  0.021985  0.000000 ) 
 ( -0.000358  0.000000 -0.000201  0.000000 -0.021985  0.000000 ) 
 (  0.003866  0.000000  0.004364  0.000000 -0.027608  0.000000 ) 
 (  0.003866  0.000000  0.004364  0.000000  0.027608  0.000000 ) 
 (  0.021231  0.000000  0.017544  0.000000 -0.009791  0.000000 ) 
 (  0.021231  0.000000  0.017544  0.000000  0.009791  0.000000 ) 
 ( -0.318174  0.000000 -0.163953  0.000000  0.156471  0.000000 ) 
 ( -0.318174  0.000000 -0.163953  0.000000 -0.156471  0.000000 ) 
 ( -0.020444  0.000000 -0.018660  0.000000  0.009853  0.000000 ) 
 ( -0.020444  0.000000 -0.018660  0.000000 -0.009853  0.000000 ) 
 (  0.310240  0.000000  0.168887  0.000000 -0.156678  0.000000 ) 
 (  0.310240  0.000000  0.168887  0.000000  0.156678  0.000000 ) 
     freq (   31) =      30.647998 [THz] =    1022.307186 [cm-1]
 ( -0.000000  0.000000 -0.000000  0.000000 -0.000053  0.000000 ) 
 (  0.000000 -0.000000 -0.000000  0.000000  0.000021  0.000000 ) 
 ( -0.063612  0.000000 -0.058645  0.000000  0.000154 -0.000000 ) 
 (  0.063612  0.000000  0.058645  0.000000  0.000154 -0.000000 ) 
 (  0.018117 -0.000000 -0.017147  0.000000 -0.000889  0.000000 ) 
 ( -0.018117  0.000000  0.017147 -0.000000 -0.000889  0.000000 ) 
 (  0.023918  0.000000  0.335080  0.000000 -0.000009  0.000000 ) 
 ( -0.023918  0.000000 -0.335080  0.000000 -0.000009  0.000000 ) 
 (  0.007150 -0.000000 -0.091311  0.000000 -0.002147  0.000000 ) 
 ( -0.007150  0.000000  0.091311 -0.000000 -0.002147  0.000000 ) 
 (  0.118702  0.000000 -0.127819  0.000000  0.000509  0.000000 ) 
 ( -0.118702  0.000000  0.127819  0.000000  0.000509  0.000000 ) 
 ( -0.033292  0.000000 -0.037487  0.000000  0.003493 -0.000000 ) 
 (  0.033292 -0.000000  0.037487 -0.000000  0.003493 -0.000000 ) 
 (  0.308169  0.000000  0.233709  0.000000 -0.080600  0.000000 ) 
 ( -0.308169  0.000000 -0.233709  0.000000 -0.080600  0.000000 ) 
 ( -0.086163  0.000000  0.069568 -0.000000 -0.024920  0.000000 ) 
 (  0.086163 -0.000000 -0.069568  0.000000 -0.024920  0.000000 ) 
 ( -0.308664  0.000000 -0.231822  0.000000  0.079717  0.000000 ) 
 (  0.308664  0.000000  0.231822  0.000000  0.079717  0.000000 ) 
 (  0.085618 -0.000000 -0.073039  0.000000  0.026239 -0.000000 ) 
 ( -0.085618  0.000000  0.073039 -0.000000  0.026239 -0.000000 ) 
     freq (   32) =      30.647998 [THz] =    1022.307186 [cm-1]
 ( -0.000000  0.000000  0.000000  0.000000  0.000021  0.000000 ) 
 ( -0.000000  0.000000  0.000000  0.000000  0.000053  0.000000 ) 
 ( -0.018117  0.000000 -0.017147  0.000000 -0.000889  0.000000 ) 
 (  0.018117  0.000000  0.017147  0.000000 -0.000889  0.000000 ) 
 ( -0.063612  0.000000  0.058645  0.000000 -0.000154  0.000000 ) 
 (  0.063612  0.000000 -0.058645  0.000000 -0.000154  0.000000 ) 
 (  0.007150  0.000000  0.091311  0.000000  0.002147  0.000000 ) 
 ( -0.007150  0.000000 -0.091311  0.000000  0.002147  0.000000 ) 
 ( -0.023918  0.000000  0.335080  0.000000 -0.000009  0.000000 ) 
 (  0.023918  0.000000 -0.335080  0.000000 -0.000009  0.000000 ) 
 (  0.033292  0.000000 -0.037487  0.000000  0.003493  0.000000 ) 
 ( -0.033292  0.000000  0.037487  0.000000  0.003493  0.000000 ) 
 (  0.118702  0.000000  0.127819  0.000000 -0.000509  0.000000 ) 
 ( -0.118702  0.000000 -0.127819  0.000000 -0.000509  0.000000 ) 
 (  0.086163  0.000000  0.069568  0.000000 -0.024920  0.000000 ) 
 ( -0.086163  0.000000 -0.069568  0.000000 -0.024920  0.000000 ) 
 (  0.308169  0.000000 -0.233709  0.000000  0.080600  0.000000 ) 
 ( -0.308169  0.000000  0.233709  0.000000  0.080600  0.000000 ) 
 ( -0.085618  0.000000 -0.073039  0.000000  0.026239  0.000000 ) 
 (  0.085618  0.000000  0.073039  0.000000  0.026239  0.000000 ) 
 ( -0.308664  0.000000  0.231822  0.000000 -0.079717  0.000000 ) 
 (  0.308664  0.000000 -0.231822  0.000000 -0.079717  0.000000 ) 
     freq (   33) =      30.837712 [THz] =    1028.635340 [cm-1]
 (  0.000164  0.000000 -0.000172  0.000000 -0.000000  0.000000 ) 
 (  0.000945  0.000000 -0.000595  0.000000 -0.000000  0.000000 ) 
 ( -0.021535  0.000000 -0.003628  0.000000 -0.000020  0.000000 ) 
 ( -0.021535  0.000000 -0.003628  0.000000  0.000020  0.000000 ) 
 (  0.054223  0.000000 -0.068106  0.000000  0.000193  0.000000 ) 
 (  0.054223  0.000000 -0.068106  0.000000 -0.000193  0.000000 ) 
 ( -0.005966  0.000000  0.040360  0.000000 -0.000034  0.000000 ) 
 ( -0.005966  0.000000  0.040360  0.000000  0.000034  0.000000 ) 
 (  0.036960  0.000000 -0.371943  0.000000  0.001984  0.000000 ) 
 (  0.036960  0.000000 -0.371943  0.000000 -0.001984  0.000000 ) 
 (  0.076896  0.000000 -0.057059  0.000000  0.000386  0.000000 ) 
 (  0.076896  0.000000 -0.057059  0.000000 -0.000386  0.000000 ) 
 ( -0.071799  0.000000 -0.105010  0.000000  0.000239  0.000000 ) 
 ( -0.071799  0.000000 -0.105010  0.000000 -0.000239  0.000000 ) 
 (  0.091825  0.000000  0.040327  0.000000  0.001352  0.000000 ) 
 (  0.091825  0.000000  0.040327  0.000000 -0.001352  0.000000 ) 
 ( -0.280859  0.000000  0.251273  0.000000 -0.103990  0.000000 ) 
 ( -0.280859  0.000000  0.251273  0.000000  0.103990  0.000000 ) 
 (  0.091172  0.000000  0.039695  0.000000  0.001263  0.000000 ) 
 (  0.091172  0.000000  0.039695  0.000000 -0.001263  0.000000 ) 
 ( -0.280756  0.000000  0.250485  0.000000 -0.104244  0.000000 ) 
 ( -0.280756  0.000000  0.250485  0.000000  0.104244  0.000000 ) 
     freq (   34) =      30.837712 [THz] =    1028.635340 [cm-1]
 (  0.000945  0.000000  0.000595  0.000000  0.000000  0.000000 ) 
 ( -0.000164  0.000000 -0.000172  0.000000  0.000000  0.000000 ) 
 (  0.054223  0.000000  0.068106  0.000000 -0.000193  0.000000 ) 
 (  0.054223  0.000000  0.068106  0.000000  0.000193  0.000000 ) 
 (  0.021535  0.000000 -0.003628  0.000000 -0.000020  0.000000 ) 
 (  0.021535  0.000000 -0.003628  0.000000  0.000020  0.000000 ) 
 ( -0.036960  0.000000 -0.371943  0.000000  0.001984  0.000000 ) 
 ( -0.036960  0.000000 -0.371943  0.000000 -0.001984  0.000000 ) 
 ( -0.005966  0.000000 -0.040360  0.000000  0.000034  0.000000 ) 
 ( -0.005966  0.000000 -0.040360  0.000000 -0.000034  0.000000 ) 
 ( -0.071799  0.000000  0.105010  0.000000 -0.000239  0.000000 ) 
 ( -0.071799  0.000000  0.105010  0.000000  0.000239  0.000000 ) 
 ( -0.076896  0.000000 -0.057059  0.000000  0.000386  0.000000 ) 
 ( -0.076896  0.000000 -0.057059  0.000000 -0.000386  0.000000 ) 
 ( -0.280859  0.000000 -0.251273  0.000000  0.103990  0.000000 ) 
 ( -0.280859  0.000000 -0.251273  0.000000 -0.103990  0.000000 ) 
 ( -0.091825  0.000000  0.040327  0.000000  0.001352  0.000000 ) 
 ( -0.091825  0.000000  0.040327  0.000000 -0.001352  0.000000 ) 
 ( -0.280756  0.000000 -0.250485  0.000000  0.104244  0.000000 ) 
 ( -0.280756  0.000000 -0.250485  0.000000 -0.104244  0.000000 ) 
 ( -0.091172  0.000000  0.039695  0.000000  0.001263  0.000000 ) 
 ( -0.091172  0.000000  0.039695  0.000000 -0.001263  0.000000 ) 
     freq (   35) =      31.914180 [THz] =    1064.542449 [cm-1]
 ( -0.000267  0.000000 -0.000303  0.000000 -0.000000  0.000000 ) 
 (  0.000352  0.000000  0.000169  0.000000 -0.000000  0.000000 ) 
 ( -0.013632  0.000000 -0.003417  0.000000 -0.000616  0.000000 ) 
 ( -0.013632  0.000000 -0.003417  0.000000  0.000616  0.000000 ) 
 (  0.068738  0.000000  0.065501  0.000000  0.001237  0.000000 ) 
 (  0.068738  0.000000  0.065501  0.000000 -0.001237  0.000000 ) 
 ( -0.003203  0.000000  0.035702  0.000000  0.002641  0.000000 ) 
 ( -0.003203  0.000000  0.035702  0.000000 -0.002641  0.000000 ) 
 ( -0.098110  0.000000  0.253157  0.000000  0.005188  0.000000 ) 
 ( -0.098110  0.000000  0.253157  0.000000 -0.005188  0.000000 ) 
 (  0.048103  0.000000 -0.036983  0.000000  0.002854  0.000000 ) 
 (  0.048103  0.000000 -0.036983  0.000000 -0.002854  0.000000 ) 
 ( -0.401593  0.000000 -0.220605  0.000000 -0.005598  0.000000 ) 
 ( -0.401593  0.000000 -0.220605  0.000000  0.005598  0.000000 ) 
 (  0.063521  0.000000  0.025222  0.000000  0.001138  0.000000 ) 
 (  0.063521  0.000000  0.025222  0.000000 -0.001138  0.000000 ) 
 ( -0.223546  0.000000 -0.115464  0.000000  0.177944  0.000000 ) 
 ( -0.223546  0.000000 -0.115464  0.000000 -0.177944  0.000000 ) 
 (  0.061683  0.000000  0.027596  0.000000 -0.000137  0.000000 ) 
 (  0.061683  0.000000  0.027596  0.000000  0.000137  0.000000 ) 
 ( -0.225487  0.000000 -0.120972  0.000000  0.180004  0.000000 ) 
 ( -0.225487  0.000000 -0.120972  0.000000 -0.180004  0.000000 ) 
     freq (   36) =      31.914180 [THz] =    1064.542449 [cm-1]
 ( -0.000352  0.000000  0.000169  0.000000  0.000000  0.000000 ) 
 ( -0.000267  0.000000  0.000303  0.000000 -0.000000  0.000000 ) 
 ( -0.068738  0.000000  0.065501  0.000000  0.001237  0.000000 ) 
 ( -0.068738  0.000000  0.065501  0.000000 -0.001237  0.000000 ) 
 ( -0.013632  0.000000  0.003417  0.000000  0.000616  0.000000 ) 
 ( -0.013632  0.000000  0.003417  0.000000 -0.000616  0.000000 ) 
 ( -0.098110  0.000000 -0.253157  0.000000 -0.005188  0.000000 ) 
 ( -0.098110  0.000000 -0.253157  0.000000  0.005188  0.000000 ) 
 (  0.003203  0.000000  0.035702  0.000000  0.002641  0.000000 ) 
 (  0.003203  0.000000  0.035702  0.000000 -0.002641  0.000000 ) 
 (  0.401593  0.000000 -0.220605  0.000000 -0.005598  0.000000 ) 
 (  0.401593  0.000000 -0.220605  0.000000  0.005598  0.000000 ) 
 (  0.048103  0.000000  0.036983  0.000000 -0.002854  0.000000 ) 
 (  0.048103  0.000000  0.036983  0.000000  0.002854  0.000000 ) 
 (  0.223546  0.000000 -0.115464  0.000000  0.177944  0.000000 ) 
 (  0.223546  0.000000 -0.115464  0.000000 -0.177944  0.000000 ) 
 (  0.063521  0.000000 -0.025222  0.000000 -0.001138  0.000000 ) 
 (  0.063521  0.000000 -0.025222  0.000000  0.001138  0.000000 ) 
 (  0.225487  0.000000 -0.120972  0.000000  0.180004  0.000000 ) 
 (  0.225487  0.000000 -0.120972  0.000000 -0.180004  0.000000 ) 
 (  0.061683  0.000000 -0.027596  0.000000  0.000137  0.000000 ) 
 (  0.061683  0.000000 -0.027596  0.000000 -0.000137  0.000000 ) 
     freq (   37) =      32.154192 [THz] =    1072.548391 [cm-1]
 ( -0.000000  0.000000 -0.000000  0.000000  0.000033 -0.000000 ) 
 (  0.000000 -0.000000  0.000000 -0.000000  0.000029 -0.000000 ) 
 (  0.019912 -0.000000 -0.020390  0.000000 -0.010296  0.000000 ) 
 ( -0.019912  0.000000  0.020390 -0.000000 -0.010296  0.000000 ) 
 ( -0.056102  0.000000 -0.063947  0.000000  0.002220  0.000000 ) 
 (  0.056102 -0.000000  0.063947 -0.000000  0.002220  0.000000 ) 
 (  0.032736 -0.000000  0.088071 -0.000000  0.041539 -0.000000 ) 
 ( -0.032736  0.000000 -0.088071  0.000000  0.041539 -0.000000 ) 
 (  0.095212 -0.000000 -0.273303  0.000000  0.009764  0.000000 ) 
 ( -0.095212  0.000000  0.273303 -0.000000  0.009764  0.000000 ) 
 ( -0.122659  0.000000  0.064427 -0.000000  0.052595 -0.000000 ) 
 (  0.122659 -0.000000 -0.064427  0.000000  0.052595 -0.000000 ) 
 (  0.371679 -0.000000  0.198110 -0.000000 -0.010091  0.000000 ) 
 ( -0.371679  0.000000 -0.198110  0.000000 -0.010091  0.000000 ) 
 ( -0.061064  0.000000  0.025872  0.000000 -0.052925  0.000000 ) 
 (  0.061064 -0.000000 -0.025872  0.000000 -0.052925  0.000000 ) 
 (  0.193478 -0.000000  0.140905 -0.000000 -0.181436  0.000000 ) 
 ( -0.193478  0.000000 -0.140905  0.000000 -0.181436  0.000000 ) 
 (  0.076455 -0.000000 -0.074080  0.000000  0.072964 -0.000000 ) 
 ( -0.076455  0.000000  0.074080 -0.000000  0.072964 -0.000000 ) 
 ( -0.188242  0.000000 -0.131027  0.000000  0.176940 -0.000000 ) 
 (  0.188242 -0.000000  0.131027 -0.000000  0.176940 -0.000000 ) 
     freq (   38) =      32.154192 [THz] =    1072.548391 [cm-1]
 (  0.000000  0.000000  0.000000  0.000000  0.000029  0.000000 ) 
 ( -0.000000  0.000000 -0.000000  0.000000 -0.000033  0.000000 ) 
 (  0.056102  0.000000 -0.063947  0.000000  0.002220  0.000000 ) 
 ( -0.056102  0.000000  0.063947  0.000000  0.002220  0.000000 ) 
 (  0.019912  0.000000  0.020390  0.000000  0.010296  0.000000 ) 
 ( -0.019912  0.000000 -0.020390  0.000000  0.010296  0.000000 ) 
 (  0.095212  0.000000  0.273303  0.000000 -0.009764  0.000000 ) 
 ( -0.095212  0.000000 -0.273303  0.000000 -0.009764  0.000000 ) 
 ( -0.032736  0.000000  0.088071  0.000000  0.041539  0.000000 ) 
 (  0.032736  0.000000 -0.088071  0.000000  0.041539  0.000000 ) 
 ( -0.371679  0.000000  0.198110  0.000000 -0.010091  0.000000 ) 
 (  0.371679  0.000000 -0.198110  0.000000 -0.010091  0.000000 ) 
 ( -0.122659  0.000000 -0.064427  0.000000 -0.052595  0.000000 ) 
 (  0.122659  0.000000  0.064427  0.000000 -0.052595  0.000000 ) 
 ( -0.193478  0.000000  0.140905  0.000000 -0.181436  0.000000 ) 
 (  0.193478  0.000000 -0.140905  0.000000 -0.181436  0.000000 ) 
 ( -0.061064  0.000000 -0.025872  0.000000  0.052925  0.000000 ) 
 (  0.061064  0.000000  0.025872  0.000000  0.052925  0.000000 ) 
 (  0.188242  0.000000 -0.131027  0.000000  0.176940  0.000000 ) 
 ( -0.188242  0.000000  0.131027  0.000000  0.176940  0.000000 ) 
 (  0.076455  0.000000  0.074080  0.000000 -0.072964  0.000000 ) 
 ( -0.076455  0.000000 -0.074080  0.000000 -0.072964  0.000000 ) 
     freq (   39) =      32.254840 [THz] =    1075.905661 [cm-1]
 ( -0.000013  0.000000 -0.000018  0.000000  0.000000  0.000000 ) 
 (  0.000007  0.000000  0.000009  0.000000 -0.000000  0.000000 ) 
 ( -0.001040  0.000000  0.000789  0.000000 -0.081315  0.000000 ) 
 ( -0.001040  0.000000  0.000789  0.000000  0.081315  0.000000 ) 
 ( -0.000154  0.000000  0.000049  0.000000 -0.043881  0.000000 ) 
 ( -0.000154  0.000000  0.000049  0.000000  0.043881  0.000000 ) 
 ( -0.001386  0.000000 -0.002812  0.000000  0.330920  0.000000 ) 
 ( -0.001386  0.000000 -0.002812  0.000000 -0.330920  0.000000 ) 
 ( -0.000074  0.000000  0.000498  0.000000 -0.184239  0.000000 ) 
 ( -0.000074  0.000000  0.000498  0.000000  0.184239  0.000000 ) 
 (  0.005708  0.000000 -0.003052  0.000000  0.421408  0.000000 ) 
 (  0.005708  0.000000 -0.003052  0.000000 -0.421408  0.000000 ) 
 (  0.000549  0.000000  0.000457  0.000000  0.221148  0.000000 ) 
 (  0.000549  0.000000  0.000457  0.000000 -0.221148  0.000000 ) 
 (  0.063196  0.000000 -0.194297  0.000000  0.083814  0.000000 ) 
 (  0.063196  0.000000 -0.194297  0.000000 -0.083814  0.000000 ) 
 ( -0.038831  0.000000 -0.099893  0.000000  0.043027  0.000000 ) 
 ( -0.038831  0.000000 -0.099893  0.000000 -0.043027  0.000000 ) 
 ( -0.055456  0.000000  0.191409  0.000000 -0.079010  0.000000 ) 
 ( -0.055456  0.000000  0.191409  0.000000  0.079010  0.000000 ) 
 (  0.040463  0.000000  0.099476  0.000000 -0.043229  0.000000 ) 
 (  0.040463  0.000000  0.099476  0.000000  0.043229  0.000000 ) 
     freq (   40) =      32.254840 [THz] =    1075.905661 [cm-1]
 (  0.000007  0.000000 -0.000009  0.000000  0.000000  0.000000 ) 
 (  0.000013  0.000000 -0.000018  0.000000 -0.000000  0.000000 ) 
 ( -0.000154  0.000000 -0.000049  0.000000  0.043881  0.000000 ) 
 ( -0.000154  0.000000 -0.000049  0.000000 -0.043881  0.000000 ) 
 (  0.001040  0.000000  0.000789  0.000000 -0.081315  0.000000 ) 
 (  0.001040  0.000000  0.000789  0.000000  0.081315  0.000000 ) 
 (  0.000074  0.000000  0.000498  0.000000 -0.184239  0.000000 ) 
 (  0.000074  0.000000  0.000498  0.000000  0.184239  0.000000 ) 
 ( -0.001386  0.000000  0.002812  0.000000 -0.330920  0.000000 ) 
 ( -0.001386  0.000000  0.002812  0.000000  0.330920  0.000000 ) 
 (  0.000549  0.000000 -0.000457  0.000000 -0.221148  0.000000 ) 
 (  0.000549  0.000000 -0.000457  0.000000  0.221148  0.000000 ) 
 ( -0.005708  0.000000 -0.003052  0.000000  0.421408  0.000000 ) 
 ( -0.005708  0.000000 -0.003052  0.000000 -0.421408  0.000000 ) 
 ( -0.038831  0.000000  0.099893  0.000000 -0.043027  0.000000 ) 
 ( -0.038831  0.000000  0.099893  0.000000  0.043027  0.000000 ) 
 ( -0.063196  0.000000 -0.194297  0.000000  0.083814  0.000000 ) 
 ( -0.063196  0.000000 -0.194297  0.000000 -0.083814  0.000000 ) 
 (  0.040463  0.000000 -0.099476  0.000000  0.043229  0.000000 ) 
 (  0.040463  0.000000 -0.099476  0.000000 -0.043229  0.000000 ) 
 (  0.055456  0.000000  0.191409  0.000000 -0.079010  0.000000 ) 
 (  0.055456  0.000000  0.191409  0.000000  0.079010  0.000000 ) 
     freq (   41) =      32.341535 [THz] =    1078.797482 [cm-1]
 (  0.000000 -0.000000  0.000000 -0.000000 -0.000360  0.000000 ) 
 ( -0.000000  0.000000 -0.000000  0.000000 -0.000277  0.000000 ) 
 (  0.006798 -0.000000 -0.006903  0.000000  0.032738 -0.000000 ) 
 ( -0.006798  0.000000  0.006903 -0.000000  0.032738 -0.000000 ) 
 ( -0.001620  0.000000 -0.001822  0.000000 -0.085951  0.000000 ) 
 (  0.001620 -0.000000  0.001822 -0.000000 -0.085951  0.000000 ) 
 (  0.011116 -0.000000  0.029634 -0.000000 -0.123109  0.000000 ) 
 ( -0.011116  0.000000 -0.029634  0.000000 -0.123109  0.000000 ) 
 (  0.001891 -0.000000 -0.007287  0.000000 -0.347632  0.000000 ) 
 ( -0.001891  0.000000  0.007287 -0.000000 -0.347632  0.000000 ) 
 ( -0.044451  0.000000  0.023960 -0.000000 -0.174414  0.000000 ) 
 (  0.044451 -0.000000 -0.023960  0.000000 -0.174414  0.000000 ) 
 (  0.011710 -0.000000  0.007318 -0.000000  0.443639 -0.000000 ) 
 ( -0.011710  0.000000 -0.007318  0.000000  0.443639 -0.000000 ) 
 ( -0.043148  0.000000  0.094059 -0.000000 -0.051903  0.000000 ) 
 (  0.043148 -0.000000 -0.094059  0.000000 -0.051903  0.000000 ) 
 ( -0.057931  0.000000 -0.201959  0.000000  0.081935 -0.000000 ) 
 (  0.057931  0.000000  0.201959 -0.000000  0.081935 -0.000000 ) 
 (  0.006681  0.000000  0.064441 -0.000000 -0.011105  0.000000 ) 
 ( -0.006681  0.000000 -0.064441  0.000000 -0.011105  0.000000 ) 
 ( -0.070290  0.000000 -0.206009  0.000000  0.091876 -0.000000 ) 
 (  0.070290 -0.000000  0.206009 -0.000000  0.091876 -0.000000 ) 
     freq (   42) =      32.341535 [THz] =    1078.797482 [cm-1]
 ( -0.000000  0.000000  0.000000  0.000000 -0.000277  0.000000 ) 
 (  0.000000  0.000000  0.000000  0.000000  0.000360  0.000000 ) 
 (  0.001620  0.000000 -0.001822  0.000000 -0.085951  0.000000 ) 
 ( -0.001620  0.000000  0.001822  0.000000 -0.085951  0.000000 ) 
 (  0.006798  0.000000  0.006903  0.000000 -0.032738  0.000000 ) 
 ( -0.006798  0.000000 -0.006903  0.000000 -0.032738  0.000000 ) 
 (  0.001891  0.000000  0.007287  0.000000  0.347632  0.000000 ) 
 ( -0.001891  0.000000 -0.007287  0.000000  0.347632  0.000000 ) 
 ( -0.011116  0.000000  0.029634  0.000000 -0.123109  0.000000 ) 
 (  0.011116  0.000000 -0.029634  0.000000 -0.123109  0.000000 ) 
 ( -0.011710  0.000000  0.007318  0.000000  0.443639  0.000000 ) 
 (  0.011710  0.000000 -0.007318  0.000000  0.443639  0.000000 ) 
 ( -0.044451  0.000000 -0.023960  0.000000  0.174414  0.000000 ) 
 (  0.044451  0.000000  0.023960  0.000000  0.174414  0.000000 ) 
 (  0.057931  0.000000 -0.201959  0.000000  0.081935  0.000000 ) 
 ( -0.057931  0.000000  0.201959  0.000000  0.081935  0.000000 ) 
 ( -0.043148  0.000000 -0.094059  0.000000  0.051903  0.000000 ) 
 (  0.043148  0.000000  0.094059  0.000000  0.051903  0.000000 ) 
 (  0.070290  0.000000 -0.206009  0.000000  0.091876  0.000000 ) 
 ( -0.070290  0.000000  0.206009  0.000000  0.091876  0.000000 ) 
 (  0.006681  0.000000 -0.064441  0.000000  0.011105  0.000000 ) 
 ( -0.006681  0.000000  0.064441  0.000000  0.011105  0.000000 ) 
     freq (   43) =      35.903909 [THz] =    1197.625507 [cm-1]
 (  0.000000  0.000000 -0.000000  0.000000 -0.000239  0.000000 ) 
 ( -0.000000  0.000000 -0.000000  0.000000 -0.000189  0.000000 ) 
 (  0.000026  0.000000 -0.000158  0.000000 -0.000231  0.000000 ) 
 ( -0.000026  0.000000  0.000158  0.000000 -0.000231  0.000000 ) 
 ( -0.000044  0.000000 -0.000033  0.000000 -0.007463  0.000000 ) 
 (  0.000044  0.000000  0.000033  0.000000 -0.007463  0.000000 ) 
 (  0.000602  0.000000 -0.000403  0.000000 -0.074908  0.000000 ) 
 ( -0.000602  0.000000  0.000403  0.000000 -0.074908  0.000000 ) 
 ( -0.000460  0.000000  0.004055  0.000000 -0.402840  0.000000 ) 
 (  0.000460  0.000000 -0.004055  0.000000 -0.402840  0.000000 ) 
 ( -0.000280  0.000000 -0.000531  0.000000  0.071416  0.000000 ) 
 (  0.000280  0.000000  0.000531  0.000000  0.071416  0.000000 ) 
 ( -0.003380  0.000000 -0.002435  0.000000 -0.322124  0.000000 ) 
 (  0.003380  0.000000  0.002435  0.000000 -0.322124  0.000000 ) 
 ( -0.063099  0.000000 -0.023597  0.000000 -0.001197  0.000000 ) 
 (  0.063099  0.000000  0.023597  0.000000 -0.001197  0.000000 ) 
 ( -0.308303  0.000000  0.105923  0.000000  0.011073  0.000000 ) 
 (  0.308303  0.000000 -0.105923  0.000000  0.011073  0.000000 ) 
 ( -0.061446  0.000000 -0.026078  0.000000 -0.000192  0.000000 ) 
 (  0.061446  0.000000  0.026078  0.000000 -0.000192  0.000000 ) 
 ( -0.313007  0.000000  0.097431  0.000000  0.017300  0.000000 ) 
 (  0.313007  0.000000 -0.097431  0.000000  0.017300  0.000000 ) 
     freq (   44) =      35.903909 [THz] =    1197.625507 [cm-1]
 ( -0.000000  0.000000  0.000000  0.000000 -0.000189  0.000000 ) 
 (  0.000000  0.000000 -0.000000  0.000000  0.000239  0.000000 ) 
 (  0.000044  0.000000 -0.000033  0.000000 -0.007463  0.000000 ) 
 ( -0.000044  0.000000  0.000033  0.000000 -0.007463  0.000000 ) 
 (  0.000026  0.000000  0.000158  0.000000  0.000231  0.000000 ) 
 ( -0.000026  0.000000 -0.000158  0.000000  0.000231  0.000000 ) 
 ( -0.000460  0.000000 -0.004055  0.000000  0.402840  0.000000 ) 
 (  0.000460  0.000000  0.004055  0.000000  0.402840  0.000000 ) 
 ( -0.000602  0.000000 -0.000403  0.000000 -0.074908  0.000000 ) 
 (  0.000602  0.000000  0.000403  0.000000 -0.074908  0.000000 ) 
 (  0.003380  0.000000 -0.002435  0.000000 -0.322124  0.000000 ) 
 ( -0.003380  0.000000  0.002435  0.000000 -0.322124  0.000000 ) 
 ( -0.000280  0.000000  0.000531  0.000000 -0.071416  0.000000 ) 
 (  0.000280  0.000000 -0.000531  0.000000 -0.071416  0.000000 ) 
 (  0.308303  0.000000  0.105923  0.000000  0.011073  0.000000 ) 
 ( -0.308303  0.000000 -0.105923  0.000000  0.011073  0.000000 ) 
 ( -0.063099  0.000000  0.023597  0.000000  0.001197  0.000000 ) 
 (  0.063099  0.000000 -0.023597  0.000000  0.001197  0.000000 ) 
 (  0.313007  0.000000  0.097431  0.000000  0.017300  0.000000 ) 
 ( -0.313007  0.000000 -0.097431  0.000000  0.017300  0.000000 ) 
 ( -0.061446  0.000000  0.026078  0.000000  0.000192  0.000000 ) 
 (  0.061446  0.000000 -0.026078  0.000000  0.000192  0.000000 ) 
     freq (   45) =      35.945986 [THz] =    1199.029037 [cm-1]
 ( -0.000002  0.000000  0.000043 -0.000000 -0.000000  0.000000 ) 
 ( -0.000017  0.000000  0.000041 -0.000000 -0.000000  0.000000 ) 
 (  0.000151 -0.000000  0.000124 -0.000000 -0.000751  0.000000 ) 
 (  0.000151 -0.000000  0.000124 -0.000000  0.000751  0.000000 ) 
 (  0.000105 -0.000000  0.000069 -0.000000  0.006175 -0.000000 ) 
 (  0.000105 -0.000000  0.000069 -0.000000 -0.006175  0.000000 ) 
 ( -0.000051  0.000000 -0.000819  0.000000 -0.022500  0.000000 ) 
 ( -0.000051  0.000000 -0.000819  0.000000  0.022500 -0.000000 ) 
 (  0.001388 -0.000000 -0.007008  0.000000  0.404329 -0.000000 ) 
 (  0.001388 -0.000000 -0.007008  0.000000 -0.404329  0.000000 ) 
 (  0.000389  0.000000 -0.000222  0.000000  0.032169 -0.000000 ) 
 (  0.000389  0.000000 -0.000222  0.000000 -0.032169  0.000000 ) 
 (  0.006065 -0.000000  0.003014 -0.000000  0.334477 -0.000000 ) 
 (  0.006065 -0.000000  0.003014 -0.000000 -0.334477  0.000000 ) 
 ( -0.021954  0.000000 -0.009644  0.000000 -0.001655  0.000000 ) 
 ( -0.021954  0.000000 -0.009644  0.000000  0.001655 -0.000000 ) 
 (  0.311975 -0.000000 -0.113507  0.000000 -0.007916  0.000000 ) 
 (  0.311975 -0.000000 -0.113507  0.000000  0.007916 -0.000000 ) 
 (  0.019942 -0.000000  0.011180 -0.000000  0.000163 -0.000000 ) 
 (  0.019942 -0.000000  0.011180 -0.000000 -0.000163  0.000000 ) 
 ( -0.317881  0.000000  0.101062 -0.000000  0.018120 -0.000000 ) 
 ( -0.317881  0.000000  0.101062 -0.000000 -0.018120  0.000000 ) 
     freq (   46) =      35.945986 [THz] =    1199.029037 [cm-1]
 ( -0.000017  0.000000 -0.000041  0.000000 -0.000000  0.000000 ) 
 (  0.000002  0.000000  0.000043  0.000000  0.000000  0.000000 ) 
 (  0.000105  0.000000 -0.000069  0.000000 -0.006175  0.000000 ) 
 (  0.000105  0.000000 -0.000069  0.000000  0.006175  0.000000 ) 
 ( -0.000151  0.000000  0.000124  0.000000 -0.000751  0.000000 ) 
 ( -0.000151  0.000000  0.000124  0.000000  0.000751  0.000000 ) 
 ( -0.001388  0.000000 -0.007008  0.000000  0.404329  0.000000 ) 
 ( -0.001388  0.000000 -0.007008  0.000000 -0.404329  0.000000 ) 
 ( -0.000051  0.000000  0.000819  0.000000  0.022500  0.000000 ) 
 ( -0.000051  0.000000  0.000819  0.000000 -0.022500  0.000000 ) 
 (  0.006065  0.000000 -0.003014  0.000000 -0.334477  0.000000 ) 
 (  0.006065  0.000000 -0.003014  0.000000  0.334477  0.000000 ) 
 ( -0.000389  0.000000 -0.000222  0.000000  0.032169  0.000000 ) 
 ( -0.000389  0.000000 -0.000222  0.000000 -0.032169  0.000000 ) 
 (  0.311975  0.000000  0.113507  0.000000  0.007916  0.000000 ) 
 (  0.311975  0.000000  0.113507  0.000000 -0.007916  0.000000 ) 
 (  0.021954  0.000000 -0.009644  0.000000 -0.001655  0.000000 ) 
 (  0.021954  0.000000 -0.009644  0.000000  0.001655  0.000000 ) 
 ( -0.317881  0.000000 -0.101062  0.000000 -0.018120  0.000000 ) 
 ( -0.317881  0.000000 -0.101062  0.000000  0.018120  0.000000 ) 
 ( -0.019942  0.000000  0.011180  0.000000  0.000163  0.000000 ) 
 ( -0.019942  0.000000  0.011180  0.000000 -0.000163  0.000000 ) 
     freq (   47) =      36.089535 [THz] =    1203.817312 [cm-1]
 (  0.000435 -0.000000  0.000078 -0.000000 -0.000000  0.000000 ) 
 (  0.000158 -0.000000  0.000091 -0.000000 -0.000000  0.000000 ) 
 (  0.000895 -0.000000  0.001272  0.000000 -0.000035  0.000000 ) 
 (  0.000895  0.000000  0.001272 -0.000000  0.000035 -0.000000 ) 
 (  0.007196 -0.000000  0.004421 -0.000000 -0.000098  0.000000 ) 
 (  0.007196  0.000000  0.004421  0.000000  0.000098 -0.000000 ) 
 (  0.000014  0.000000 -0.000026  0.000000  0.001897  0.000000 ) 
 (  0.000014  0.000000 -0.000026  0.000000 -0.001897  0.000000 ) 
 (  0.049022  0.000000 -0.327350  0.000000 -0.008617  0.000000 ) 
 (  0.049022 -0.000000 -0.327350  0.000000  0.008617 -0.000000 ) 
 ( -0.001690  0.000000  0.001634  0.000000 -0.001402  0.000000 ) 
 ( -0.001690  0.000000  0.001634 -0.000000  0.001402 -0.000000 ) 
 (  0.258163  0.000000  0.154864  0.000000 -0.007395  0.000000 ) 
 (  0.258163 -0.000000  0.154864 -0.000000  0.007395 -0.000000 ) 
 (  0.000836  0.000000 -0.003728  0.000000  0.003255  0.000000 ) 
 (  0.000836 -0.000000 -0.003728  0.000000 -0.003255  0.000000 ) 
 ( -0.172451  0.000000 -0.267516  0.000000  0.222736 -0.000000 ) 
 ( -0.172451  0.000000 -0.267516  0.000000 -0.222736  0.000000 ) 
 ( -0.002311  0.000000 -0.004879  0.000000  0.002915  0.000000 ) 
 ( -0.002311  0.000000 -0.004879  0.000000 -0.002915  0.000000 ) 
 ( -0.158629  0.000000 -0.272301  0.000000  0.222046 -0.000000 ) 
 ( -0.158629  0.000000 -0.272301  0.000000 -0.222046  0.000000 ) 
     freq (   48) =      36.089535 [THz] =    1203.817312 [cm-1]
 ( -0.000158  0.000000  0.000091  0.000000  0.000000  0.000000 ) 
 (  0.000435  0.000000 -0.000078  0.000000 -0.000000  0.000000 ) 
 ( -0.007196  0.000000  0.004421  0.000000 -0.000098  0.000000 ) 
 ( -0.007196  0.000000  0.004421  0.000000  0.000098  0.000000 ) 
 (  0.000895  0.000000 -0.001272  0.000000  0.000035  0.000000 ) 
 (  0.000895  0.000000 -0.001272  0.000000 -0.000035  0.000000 ) 
 (  0.049022  0.000000  0.327350  0.000000  0.008617  0.000000 ) 
 (  0.049022  0.000000  0.327350  0.000000 -0.008617  0.000000 ) 
 ( -0.000014  0.000000 -0.000026  0.000000  0.001897  0.000000 ) 
 ( -0.000014  0.000000 -0.000026  0.000000 -0.001897  0.000000 ) 
 ( -0.258163  0.000000  0.154864  0.000000 -0.007395  0.000000 ) 
 ( -0.258163  0.000000  0.154864  0.000000  0.007395  0.000000 ) 
 ( -0.001690  0.000000 -0.001634  0.000000  0.001402  0.000000 ) 
 ( -0.001690  0.000000 -0.001634  0.000000 -0.001402  0.000000 ) 
 (  0.172451  0.000000 -0.267516  0.000000  0.222736  0.000000 ) 
 (  0.172451  0.000000 -0.267516  0.000000 -0.222736  0.000000 ) 
 (  0.000836  0.000000  0.003728  0.000000 -0.003255  0.000000 ) 
 (  0.000836  0.000000  0.003728  0.000000  0.003255  0.000000 ) 
 (  0.158629  0.000000 -0.272301  0.000000  0.222046  0.000000 ) 
 (  0.158629  0.000000 -0.272301  0.000000 -0.222046  0.000000 ) 
 ( -0.002311  0.000000  0.004879  0.000000 -0.002915  0.000000 ) 
 ( -0.002311  0.000000  0.004879  0.000000  0.002915  0.000000 ) 
     freq (   49) =      36.357794 [THz] =    1212.765460 [cm-1]
 (  0.000000  0.000000  0.000000  0.000000 -0.000004  0.000000 ) 
 (  0.000000  0.000000  0.000000  0.000000  0.000006  0.000000 ) 
 (  0.000977  0.000000 -0.000056  0.000000  0.000000  0.000000 ) 
 ( -0.000977  0.000000  0.000056  0.000000  0.000000  0.000000 ) 
 ( -0.005968  0.000000 -0.002829  0.000000  0.000016  0.000000 ) 
 (  0.005968  0.000000  0.002829  0.000000  0.000016  0.000000 ) 
 (  0.001655  0.000000  0.002522  0.000000  0.002035  0.000000 ) 
 ( -0.001655  0.000000 -0.002522  0.000000  0.002035  0.000000 ) 
 ( -0.049808  0.000000  0.327116  0.000000  0.005533  0.000000 ) 
 (  0.049808  0.000000 -0.327116  0.000000  0.005533  0.000000 ) 
 ( -0.007964  0.000000  0.006187  0.000000 -0.002021  0.000000 ) 
 (  0.007964  0.000000 -0.006187  0.000000 -0.002021  0.000000 ) 
 ( -0.261931  0.000000 -0.157624  0.000000  0.004668  0.000000 ) 
 (  0.261931  0.000000  0.157624  0.000000  0.004668  0.000000 ) 
 ( -0.002676  0.000000 -0.002030  0.000000  0.000164  0.000000 ) 
 (  0.002676  0.000000  0.002030  0.000000  0.000164  0.000000 ) 
 (  0.167132  0.000000  0.267623  0.000000 -0.222022  0.000000 ) 
 ( -0.167132  0.000000 -0.267623  0.000000 -0.222022  0.000000 ) 
 (  0.005931  0.000000  0.003716  0.000000 -0.000000  0.000000 ) 
 ( -0.005931  0.000000 -0.003716  0.000000 -0.000000  0.000000 ) 
 ( -0.159190  0.000000 -0.270723  0.000000  0.222044  0.000000 ) 
 (  0.159190  0.000000  0.270723  0.000000  0.222044  0.000000 ) 
     freq (   50) =      36.357794 [THz] =    1212.765460 [cm-1]
 ( -0.000000  0.000000 -0.000000  0.000000 -0.000006  0.000000 ) 
 ( -0.000000  0.000000  0.000000  0.000000 -0.000004  0.000000 ) 
 ( -0.005968  0.000000  0.002829  0.000000 -0.000016  0.000000 ) 
 (  0.005968  0.000000 -0.002829  0.000000 -0.000016  0.000000 ) 
 ( -0.000977  0.000000 -0.000056  0.000000  0.000000  0.000000 ) 
 (  0.000977  0.000000  0.000056  0.000000  0.000000  0.000000 ) 
 (  0.049808  0.000000  0.327116  0.000000  0.005533  0.000000 ) 
 ( -0.049808  0.000000 -0.327116  0.000000  0.005533  0.000000 ) 
 (  0.001655  0.000000 -0.002522  0.000000 -0.002035  0.000000 ) 
 ( -0.001655  0.000000  0.002522  0.000000 -0.002035  0.000000 ) 
 ( -0.261931  0.000000  0.157624  0.000000 -0.004668  0.000000 ) 
 (  0.261931  0.000000 -0.157624  0.000000 -0.004668  0.000000 ) 
 (  0.007964  0.000000  0.006187  0.000000 -0.002021  0.000000 ) 
 ( -0.007964  0.000000 -0.006187  0.000000 -0.002021  0.000000 ) 
 (  0.167132  0.000000 -0.267623  0.000000  0.222022  0.000000 ) 
 ( -0.167132  0.000000  0.267623  0.000000  0.222022  0.000000 ) 
 (  0.002676  0.000000 -0.002030  0.000000  0.000164  0.000000 ) 
 ( -0.002676  0.000000  0.002030  0.000000  0.000164  0.000000 ) 
 ( -0.159190  0.000000  0.270723  0.000000 -0.222044  0.000000 ) 
 (  0.159190  0.000000 -0.270723  0.000000 -0.222044  0.000000 ) 
 ( -0.005931  0.000000  0.003716  0.000000 -0.000000  0.000000 ) 
 (  0.005931  0.000000 -0.003716  0.000000 -0.000000  0.000000 ) 
     freq (   51) =      68.364722 [THz] =    2280.401679 [cm-1]
 (  0.000014 -0.000000 -0.000180  0.000000 -0.000000  0.000000 ) 
 (  0.000126  0.000000 -0.000023  0.000000 -0.000000  0.000000 ) 
 ( -0.004651  0.000000 -0.015657  0.000000  0.000352  0.000000 ) 
 ( -0.004651  0.000000 -0.015657  0.000000 -0.000352  0.000000 ) 
 ( -0.001937  0.000000  0.002008 -0.000000 -0.000166  0.000000 ) 
 ( -0.001937  0.000000  0.002008  0.000000  0.000166  0.000000 ) 
 ( -0.314608  0.000000  0.047475  0.000000 -0.000190  0.000000 ) 
 ( -0.314608  0.000000  0.047475 -0.000000  0.000190 -0.000000 ) 
 ( -0.006565  0.000000 -0.002580  0.000000  0.000022 -0.000000 ) 
 ( -0.006565  0.000000 -0.002580  0.000000 -0.000022  0.000000 ) 
 (  0.253001  0.000000  0.426900 -0.000000  0.000056  0.000000 ) 
 (  0.253001 -0.000000  0.426900  0.000000 -0.000056  0.000000 ) 
 (  0.018175 -0.000000 -0.032336  0.000000 -0.000108  0.000000 ) 
 (  0.018175  0.000000 -0.032336  0.000000  0.000108 -0.000000 ) 
 (  0.060032  0.000000 -0.148131  0.000000 -0.225853  0.000000 ) 
 (  0.060032 -0.000000 -0.148131  0.000000  0.225853 -0.000000 ) 
 ( -0.000169  0.000000  0.001517 -0.000000  0.001709 -0.000000 ) 
 ( -0.000169  0.000000  0.001517  0.000000 -0.001709  0.000000 ) 
 (  0.060120 -0.000000 -0.145607  0.000000 -0.222343  0.000000 ) 
 (  0.060120  0.000000 -0.145607  0.000000  0.222343  0.000000 ) 
 ( -0.000793  0.000000  0.000295  0.000000  0.000000  0.000000 ) 
 ( -0.000793  0.000000  0.000295 -0.000000  0.000000  0.000000 ) 
     freq (   52) =      68.364722 [THz] =    2280.401679 [cm-1]
 ( -0.000126  0.000000 -0.000023  0.000000 -0.000000  0.000000 ) 
 (  0.000014  0.000000  0.000180  0.000000 -0.000000  0.000000 ) 
 (  0.001937  0.000000  0.002008  0.000000 -0.000166  0.000000 ) 
 (  0.001937  0.000000  0.002008  0.000000  0.000166  0.000000 ) 
 ( -0.004651  0.000000  0.015657  0.000000 -0.000352  0.000000 ) 
 ( -0.004651  0.000000  0.015657  0.000000  0.000352  0.000000 ) 
 ( -0.006565  0.000000  0.002580  0.000000 -0.000022  0.000000 ) 
 ( -0.006565  0.000000  0.002580  0.000000  0.000022  0.000000 ) 
 (  0.314608  0.000000  0.047475  0.000000 -0.000190  0.000000 ) 
 (  0.314608  0.000000  0.047475  0.000000  0.000190  0.000000 ) 
 ( -0.018175  0.000000 -0.032336  0.000000 -0.000108  0.000000 ) 
 ( -0.018175  0.000000 -0.032336  0.000000  0.000108  0.000000 ) 
 (  0.253001  0.000000 -0.426900  0.000000 -0.000056  0.000000 ) 
 (  0.253001  0.000000 -0.426900  0.000000  0.000056  0.000000 ) 
 (  0.000169  0.000000  0.001517  0.000000  0.001709  0.000000 ) 
 (  0.000169  0.000000  0.001517  0.000000 -0.001709  0.000000 ) 
 (  0.060032  0.000000  0.148131  0.000000  0.225853  0.000000 ) 
 (  0.060032  0.000000  0.148131  0.000000 -0.225853  0.000000 ) 
 (  0.000793  0.000000  0.000295  0.000000 -0.000000  0.000000 ) 
 (  0.000793  0.000000  0.000295  0.000000  0.000000  0.000000 ) 
 (  0.060120  0.000000  0.145607  0.000000  0.222343  0.000000 ) 
 (  0.060120  0.000000  0.145607  0.000000 -0.222343  0.000000 ) 
     freq (   53) =      68.541770 [THz] =    2286.307363 [cm-1]
 ( -0.000000  0.000000  0.000000  0.000000 -0.000005  0.000000 ) 
 (  0.000000  0.000000  0.000000  0.000000 -0.000010  0.000000 ) 
 (  0.010065  0.000000  0.016402  0.000000 -0.000238  0.000000 ) 
 ( -0.010065  0.000000 -0.016402  0.000000 -0.000238  0.000000 ) 
 (  0.000847  0.000000 -0.005016  0.000000  0.000285  0.000000 ) 
 ( -0.000847  0.000000  0.005016  0.000000  0.000285  0.000000 ) 
 (  0.255497  0.000000 -0.038162  0.000000 -0.000280  0.000000 ) 
 ( -0.255497  0.000000  0.038162  0.000000 -0.000280  0.000000 ) 
 ( -0.092198  0.000000 -0.013607  0.000000  0.000389  0.000000 ) 
 (  0.092198  0.000000  0.013607  0.000000  0.000389  0.000000 ) 
 ( -0.256040  0.000000 -0.438177  0.000000  0.000988  0.000000 ) 
 (  0.256040  0.000000  0.438177  0.000000  0.000988  0.000000 ) 
 ( -0.073109  0.000000  0.118894  0.000000  0.000961  0.000000 ) 
 (  0.073109  0.000000 -0.118894  0.000000  0.000961  0.000000 ) 
 ( -0.053319  0.000000  0.140220  0.000000  0.214716  0.000000 ) 
 (  0.053319  0.000000 -0.140220  0.000000  0.214716  0.000000 ) 
 ( -0.016944  0.000000 -0.040325  0.000000 -0.062547  0.000000 ) 
 (  0.016944  0.000000  0.040325  0.000000 -0.062547  0.000000 ) 
 (  0.053165  0.000000 -0.140275  0.000000 -0.211756  0.000000 ) 
 ( -0.053165  0.000000  0.140275  0.000000 -0.211756  0.000000 ) 
 (  0.017187  0.000000  0.039697  0.000000  0.059133  0.000000 ) 
 ( -0.017187  0.000000 -0.039697  0.000000  0.059133  0.000000 ) 
     freq (   54) =      68.541770 [THz] =    2286.307363 [cm-1]
 ( -0.000000  0.000000  0.000000  0.000000 -0.000010  0.000000 ) 
 ( -0.000000  0.000000  0.000000  0.000000  0.000005  0.000000 ) 
 ( -0.000847  0.000000 -0.005016  0.000000  0.000285 -0.000000 ) 
 (  0.000847  0.000000  0.005016  0.000000  0.000285  0.000000 ) 
 (  0.010065  0.000000 -0.016402  0.000000  0.000238  0.000000 ) 
 ( -0.010065  0.000000  0.016402  0.000000  0.000238  0.000000 ) 
 ( -0.092198  0.000000  0.013607 -0.000000 -0.000389  0.000000 ) 
 (  0.092198  0.000000 -0.013607  0.000000 -0.000389  0.000000 ) 
 ( -0.255497  0.000000 -0.038162  0.000000 -0.000280  0.000000 ) 
 (  0.255497  0.000000  0.038162  0.000000 -0.000280  0.000000 ) 
 (  0.073109 -0.000000  0.118894  0.000000  0.000961  0.000000 ) 
 ( -0.073109  0.000000 -0.118894  0.000000  0.000961  0.000000 ) 
 ( -0.256040  0.000000  0.438177  0.000000 -0.000988  0.000000 ) 
 (  0.256040  0.000000 -0.438177  0.000000 -0.000988  0.000000 ) 
 (  0.016944 -0.000000 -0.040325  0.000000 -0.062547  0.000000 ) 
 ( -0.016944  0.000000  0.040325  0.000000 -0.062547  0.000000 ) 
 ( -0.053319  0.000000 -0.140220  0.000000 -0.214716  0.000000 ) 
 (  0.053319  0.000000  0.140220  0.000000 -0.214716  0.000000 ) 
 ( -0.017187  0.000000  0.039697  0.000000  0.059133  0.000000 ) 
 (  0.017187 -0.000000 -0.039697  0.000000  0.059133 -0.000000 ) 
 (  0.053165  0.000000  0.140275  0.000000  0.211756  0.000000 ) 
 ( -0.053165  0.000000 -0.140275  0.000000  0.211756  0.000000 ) 
     freq (   55) =      70.023081 [THz] =    2335.718560 [cm-1]
 (  0.000000  0.000000  0.000000  0.000000 -0.000002  0.000000 ) 
 ( -0.000000  0.000000  0.000000  0.000000  0.000009  0.000000 ) 
 ( -0.032933  0.000000 -0.029118  0.000000 -0.000173  0.000000 ) 
 (  0.032933  0.000000  0.029118  0.000000 -0.000173  0.000000 ) 
 (  0.037776  0.000000 -0.033667  0.000000  0.000625  0.000000 ) 
 ( -0.037776  0.000000  0.033667  0.000000  0.000625  0.000000 ) 
 (  0.302225  0.000000 -0.062984  0.000000  0.000244  0.000000 ) 
 ( -0.302225  0.000000  0.062984  0.000000  0.000244  0.000000 ) 
 (  0.338113  0.000000  0.070325  0.000000  0.000145  0.000000 ) 
 ( -0.338113  0.000000 -0.070325  0.000000  0.000145  0.000000 ) 
 (  0.137664  0.000000  0.239230  0.000000 -0.000115  0.000000 ) 
 ( -0.137664  0.000000 -0.239230  0.000000 -0.000115  0.000000 ) 
 ( -0.166540  0.000000  0.291887  0.000000  0.000327  0.000000 ) 
 (  0.166540  0.000000 -0.291887  0.000000  0.000327  0.000000 ) 
 ( -0.042565  0.000000  0.070040  0.000000  0.121844  0.000000 ) 
 (  0.042565  0.000000 -0.070040  0.000000  0.121844  0.000000 ) 
 (  0.043907  0.000000  0.072449  0.000000  0.126671  0.000000 ) 
 ( -0.043907  0.000000 -0.072449  0.000000  0.126671  0.000000 ) 
 (  0.042459  0.000000 -0.069456  0.000000 -0.119711  0.000000 ) 
 ( -0.042459  0.000000  0.069456  0.000000 -0.119711  0.000000 ) 
 ( -0.046045  0.000000 -0.077665  0.000000 -0.133874  0.000000 ) 
 (  0.046045  0.000000  0.077665  0.000000 -0.133874  0.000000 ) 
     freq (   56) =      70.023081 [THz] =    2335.718560 [cm-1]
 (  0.000000  0.000000  0.000000  0.000000 -0.000009  0.000000 ) 
 ( -0.000000  0.000000 -0.000000  0.000000 -0.000002  0.000000 ) 
 (  0.037776  0.000000  0.033667  0.000000 -0.000625  0.000000 ) 
 ( -0.037776  0.000000 -0.033667  0.000000 -0.000625  0.000000 ) 
 (  0.032933  0.000000 -0.029118  0.000000 -0.000173  0.000000 ) 
 ( -0.032933  0.000000  0.029118  0.000000 -0.000173  0.000000 ) 
 ( -0.338113  0.000000  0.070325  0.000000  0.000145  0.000000 ) 
 (  0.338113  0.000000 -0.070325  0.000000  0.000145  0.000000 ) 
 (  0.302225  0.000000  0.062984  0.000000 -0.000244  0.000000 ) 
 ( -0.302225  0.000000 -0.062984  0.000000 -0.000244  0.000000 ) 
 ( -0.166540  0.000000 -0.291887  0.000000 -0.000327  0.000000 ) 
 (  0.166540  0.000000  0.291887  0.000000 -0.000327  0.000000 ) 
 ( -0.137664  0.000000  0.239230  0.000000 -0.000115  0.000000 ) 
 (  0.137664  0.000000 -0.239230  0.000000 -0.000115  0.000000 ) 
 (  0.043907  0.000000 -0.072449  0.000000 -0.126671  0.000000 ) 
 ( -0.043907  0.000000  0.072449  0.000000 -0.126671  0.000000 ) 
 (  0.042565  0.000000  0.070040  0.000000  0.121844  0.000000 ) 
 ( -0.042565  0.000000 -0.070040  0.000000  0.121844  0.000000 ) 
 ( -0.046045  0.000000  0.077665  0.000000  0.133874  0.000000 ) 
 (  0.046045  0.000000 -0.077665  0.000000  0.133874  0.000000 ) 
 ( -0.042459  0.000000 -0.069456  0.000000 -0.119711  0.000000 ) 
 (  0.042459  0.000000  0.069456  0.000000 -0.119711  0.000000 ) 
     freq (   57) =      70.214880 [THz] =    2342.116278 [cm-1]
 (  0.000002  0.000000 -0.000136  0.000000 -0.000000  0.000000 ) 
 (  0.000169  0.000000 -0.000015  0.000000 -0.000000  0.000000 ) 
 ( -0.025994  0.000000  0.003456  0.000000 -0.000159  0.000000 ) 
 ( -0.025994  0.000000  0.003456  0.000000  0.000159  0.000000 ) 
 (  0.029748  0.000000 -0.055019  0.000000  0.000750  0.000000 ) 
 (  0.029748  0.000000 -0.055019  0.000000 -0.000750  0.000000 ) 
 (  0.214619  0.000000 -0.038707  0.000000 -0.000005  0.000000 ) 
 (  0.214619  0.000000 -0.038707  0.000000  0.000005  0.000000 ) 
 (  0.249871  0.000000  0.060899  0.000000 -0.000201  0.000000 ) 
 (  0.249871  0.000000  0.060899  0.000000  0.000201  0.000000 ) 
 (  0.040464  0.000000  0.087208  0.000000 -0.000056  0.000000 ) 
 (  0.040464  0.000000  0.087208  0.000000  0.000056  0.000000 ) 
 ( -0.226207  0.000000  0.384322  0.000000  0.000144  0.000000 ) 
 ( -0.226207  0.000000  0.384322  0.000000 -0.000144  0.000000 ) 
 (  0.010103  0.000000 -0.038245  0.000000 -0.061701  0.000000 ) 
 (  0.010103  0.000000 -0.038245  0.000000  0.061701  0.000000 ) 
 (  0.070268  0.000000  0.136529  0.000000  0.233918  0.000000 ) 
 (  0.070268  0.000000  0.136529  0.000000 -0.233918  0.000000 ) 
 (  0.010530  0.000000 -0.039431  0.000000 -0.063650  0.000000 ) 
 (  0.010530  0.000000 -0.039431  0.000000  0.063650  0.000000 ) 
 (  0.072461  0.000000  0.142160  0.000000  0.242356  0.000000 ) 
 (  0.072461  0.000000  0.142160  0.000000 -0.242356  0.000000 ) 
     freq (   58) =      70.214880 [THz] =    2342.116278 [cm-1]
 ( -0.000169  0.000000 -0.000015  0.000000  0.000000  0.000000 ) 
 (  0.000002  0.000000  0.000136  0.000000  0.000000  0.000000 ) 
 ( -0.029748  0.000000 -0.055019  0.000000  0.000750  0.000000 ) 
 ( -0.029748  0.000000 -0.055019  0.000000 -0.000750  0.000000 ) 
 ( -0.025994  0.000000 -0.003456  0.000000  0.000159  0.000000 ) 
 ( -0.025994  0.000000 -0.003456  0.000000 -0.000159  0.000000 ) 
 (  0.249871  0.000000 -0.060899  0.000000  0.000201  0.000000 ) 
 (  0.249871  0.000000 -0.060899  0.000000 -0.000201  0.000000 ) 
 ( -0.214619  0.000000 -0.038707  0.000000 -0.000005  0.000000 ) 
 ( -0.214619  0.000000 -0.038707  0.000000  0.000005  0.000000 ) 
 (  0.226207  0.000000  0.384322  0.000000  0.000144  0.000000 ) 
 (  0.226207  0.000000  0.384322  0.000000 -0.000144  0.000000 ) 
 (  0.040464  0.000000 -0.087208  0.000000  0.000056  0.000000 ) 
 (  0.040464  0.000000 -0.087208  0.000000 -0.000056  0.000000 ) 
 ( -0.070268  0.000000  0.136529  0.000000  0.233918  0.000000 ) 
 ( -0.070268  0.000000  0.136529  0.000000 -0.233918  0.000000 ) 
 (  0.010103  0.000000  0.038245  0.000000  0.061701  0.000000 ) 
 (  0.010103  0.000000  0.038245  0.000000 -0.061701  0.000000 ) 
 ( -0.072461  0.000000  0.142160  0.000000  0.242356  0.000000 ) 
 ( -0.072461  0.000000  0.142160  0.000000 -0.242356  0.000000 ) 
 (  0.010530  0.000000  0.039431  0.000000  0.063650  0.000000 ) 
 (  0.010530  0.000000  0.039431  0.000000 -0.063650  0.000000 ) 
     freq (   59) =      70.678570 [THz] =    2357.583311 [cm-1]
 (  0.000079  0.000000 -0.000104  0.000000  0.000000  0.000000 ) 
 (  0.000183  0.000000 -0.000134  0.000000  0.000000  0.000000 ) 
 (  0.046441  0.000000 -0.038516  0.000000  0.000597  0.000000 ) 
 (  0.046441  0.000000 -0.038516  0.000000 -0.000597  0.000000 ) 
 (  0.033352  0.000000 -0.005013  0.000000 -0.000180  0.000000 ) 
 (  0.033352  0.000000 -0.005013  0.000000  0.000180  0.000000 ) 
 ( -0.434624  0.000000  0.068153  0.000000  0.000168  0.000000 ) 
 ( -0.434624  0.000000  0.068153  0.000000 -0.000168  0.000000 ) 
 (  0.293264  0.000000  0.052872  0.000000  0.000001  0.000000 ) 
 (  0.293264  0.000000  0.052872  0.000000 -0.000001  0.000000 ) 
 (  0.045411  0.000000  0.043273  0.000000  0.000127  0.000000 ) 
 (  0.045411  0.000000  0.043273  0.000000 -0.000127  0.000000 ) 
 ( -0.076902  0.000000  0.143790  0.000000  0.000029  0.000000 ) 
 ( -0.076902  0.000000  0.143790  0.000000 -0.000029  0.000000 ) 
 ( -0.058998  0.000000  0.151500  0.000000  0.248369  0.000000 ) 
 ( -0.058998  0.000000  0.151500  0.000000 -0.248369  0.000000 ) 
 (  0.002090  0.000000 -0.013343  0.000000 -0.019278  0.000000 ) 
 (  0.002090  0.000000 -0.013343  0.000000  0.019278  0.000000 ) 
 ( -0.060733  0.000000  0.155911  0.000000  0.254971  0.000000 ) 
 ( -0.060733  0.000000  0.155911  0.000000 -0.254971  0.000000 ) 
 (  0.001474  0.000000 -0.014731  0.000000 -0.021342  0.000000 ) 
 (  0.001474  0.000000 -0.014731  0.000000  0.021342  0.000000 ) 
     freq (   60) =      70.678570 [THz] =    2357.583311 [cm-1]
 (  0.000183  0.000000  0.000134  0.000000 -0.000000  0.000000 ) 
 ( -0.000079  0.000000 -0.000104  0.000000 -0.000000  0.000000 ) 
 (  0.033352  0.000000  0.005013  0.000000  0.000180  0.000000 ) 
 (  0.033352  0.000000  0.005013  0.000000 -0.000180  0.000000 ) 
 ( -0.046441  0.000000 -0.038516  0.000000  0.000597  0.000000 ) 
 ( -0.046441  0.000000 -0.038516  0.000000 -0.000597  0.000000 ) 
 ( -0.293264  0.000000  0.052872  0.000000  0.000001  0.000000 ) 
 ( -0.293264  0.000000  0.052872  0.000000 -0.000001  0.000000 ) 
 ( -0.434624  0.000000 -0.068153  0.000000 -0.000168  0.000000 ) 
 ( -0.434624  0.000000 -0.068153  0.000000  0.000168  0.000000 ) 
 ( -0.076902  0.000000 -0.143790  0.000000 -0.000029  0.000000 ) 
 ( -0.076902  0.000000 -0.143790  0.000000  0.000029  0.000000 ) 
 ( -0.045411  0.000000  0.043273  0.000000  0.000127  0.000000 ) 
 ( -0.045411  0.000000  0.043273  0.000000 -0.000127  0.000000 ) 
 (  0.002090  0.000000  0.013343  0.000000  0.019278  0.000000 ) 
 (  0.002090  0.000000  0.013343  0.000000 -0.019278  0.000000 ) 
 (  0.058998  0.000000  0.151500  0.000000  0.248369  0.000000 ) 
 (  0.058998  0.000000  0.151500  0.000000 -0.248369  0.000000 ) 
 (  0.001474  0.000000  0.014731  0.000000  0.021342  0.000000 ) 
 (  0.001474  0.000000  0.014731  0.000000 -0.021342  0.000000 ) 
 (  0.060733  0.000000  0.155911  0.000000  0.254971  0.000000 ) 
 (  0.060733  0.000000  0.155911  0.000000 -0.254971  0.000000 ) 
     freq (   61) =      70.939640 [THz] =    2366.291695 [cm-1]
 (  0.000000  0.000000  0.000000  0.000000 -0.000004  0.000000 ) 
 ( -0.000000  0.000000  0.000000  0.000000 -0.000006  0.000000 ) 
 (  0.045842  0.000000 -0.048516  0.000000  0.003856  0.000000 ) 
 ( -0.045842  0.000000  0.048516  0.000000  0.003856  0.000000 ) 
 (  0.008715  0.000000  0.008888  0.000000  0.000309  0.000000 ) 
 ( -0.008715  0.000000 -0.008888  0.000000  0.000309  0.000000 ) 
 ( -0.443466  0.000000  0.068154  0.000000  0.000766  0.000000 ) 
 (  0.443466  0.000000 -0.068154  0.000000  0.000766  0.000000 ) 
 (  0.085446  0.000000  0.013093  0.000000 -0.000102  0.000000 ) 
 ( -0.085446  0.000000 -0.013093  0.000000 -0.000102  0.000000 ) 
 (  0.078126  0.000000  0.101434  0.000000  0.000931  0.000000 ) 
 ( -0.078126  0.000000 -0.101434  0.000000  0.000931  0.000000 ) 
 (  0.019031  0.000000 -0.027785  0.000000  0.000171  0.000000 ) 
 ( -0.019031  0.000000  0.027785  0.000000  0.000171  0.000000 ) 
 ( -0.068882  0.000000  0.171434  0.000000  0.278307  0.000000 ) 
 (  0.068882  0.000000 -0.171434  0.000000  0.278307  0.000000 ) 
 ( -0.012462  0.000000 -0.032851  0.000000 -0.053059  0.000000 ) 
 (  0.012462  0.000000  0.032851  0.000000 -0.053059  0.000000 ) 
 (  0.081122  0.000000 -0.200249  0.000000 -0.321298  0.000000 ) 
 ( -0.081122  0.000000  0.200249  0.000000 -0.321298  0.000000 ) 
 (  0.011397  0.000000  0.030506  0.000000  0.049543  0.000000 ) 
 ( -0.011397  0.000000 -0.030506  0.000000  0.049543  0.000000 ) 
     freq (   62) =      70.939640 [THz] =    2366.291695 [cm-1]
 (  0.000000  0.000000  0.000000  0.000000 -0.000006  0.000000 ) 
 ( -0.000000  0.000000 -0.000000  0.000000  0.000004  0.000000 ) 
 ( -0.008715  0.000000  0.008888  0.000000  0.000309  0.000000 ) 
 (  0.008715  0.000000 -0.008888  0.000000  0.000309  0.000000 ) 
 (  0.045842  0.000000  0.048516  0.000000 -0.003856  0.000000 ) 
 ( -0.045842  0.000000 -0.048516  0.000000 -0.003856  0.000000 ) 
 (  0.085446  0.000000 -0.013093  0.000000  0.000102  0.000000 ) 
 ( -0.085446  0.000000  0.013093  0.000000  0.000102  0.000000 ) 
 (  0.443466  0.000000  0.068154  0.000000  0.000766  0.000000 ) 
 ( -0.443466  0.000000 -0.068154  0.000000  0.000766  0.000000 ) 
 ( -0.019031  0.000000 -0.027785  0.000000  0.000171  0.000000 ) 
 (  0.019031  0.000000  0.027785  0.000000  0.000171  0.000000 ) 
 (  0.078126  0.000000 -0.101434  0.000000 -0.000931  0.000000 ) 
 ( -0.078126  0.000000  0.101434  0.000000 -0.000931  0.000000 ) 
 (  0.012462  0.000000 -0.032851  0.000000 -0.053059  0.000000 ) 
 ( -0.012462  0.000000  0.032851  0.000000 -0.053059  0.000000 ) 
 ( -0.068882  0.000000 -0.171434  0.000000 -0.278307  0.000000 ) 
 (  0.068882  0.000000  0.171434  0.000000 -0.278307  0.000000 ) 
 ( -0.011397  0.000000  0.030506  0.000000  0.049543  0.000000 ) 
 (  0.011397  0.000000 -0.030506  0.000000  0.049543  0.000000 ) 
 (  0.081122  0.000000  0.200249  0.000000  0.321298  0.000000 ) 
 ( -0.081122  0.000000 -0.200249  0.000000  0.321298  0.000000 ) 
     freq (   63) =      71.148422 [THz] =    2373.255898 [cm-1]
 (  0.000000  0.000000  0.000000  0.000000 -0.000019  0.000000 ) 
 (  0.000000  0.000000 -0.000000  0.000000 -0.000142  0.000000 ) 
 ( -0.001651  0.000000  0.002685 -0.000000  0.047750 -0.000000 ) 
 (  0.001651 -0.000000 -0.002685  0.000000  0.047750 -0.000000 ) 
 (  0.001390  0.000000  0.001500  0.000000  0.054024  0.000000 ) 
 ( -0.001390  0.000000 -0.001500  0.000000  0.054024  0.000000 ) 
 (  0.016422 -0.000000 -0.002149  0.000000  0.009793  0.000000 ) 
 ( -0.016422  0.000000  0.002149 -0.000000  0.009793  0.000000 ) 
 (  0.015066  0.000000  0.002496  0.000000 -0.011689  0.000000 ) 
 ( -0.015066  0.000000 -0.002496  0.000000 -0.011689  0.000000 ) 
 ( -0.006109  0.000000 -0.008589  0.000000  0.011537 -0.000000 ) 
 (  0.006109 -0.000000  0.008589 -0.000000  0.011537 -0.000000 ) 
 (  0.003150  0.000000 -0.004620  0.000000  0.012806  0.000000 ) 
 ( -0.003150  0.000000  0.004620  0.000000  0.012806  0.000000 ) 
 (  0.078626 -0.000000 -0.184326  0.000000 -0.280401  0.000000 ) 
 ( -0.078626  0.000000  0.184326 -0.000000 -0.280401  0.000000 ) 
 ( -0.088059  0.000000 -0.205909  0.000000 -0.311643  0.000000 ) 
 (  0.088059  0.000000  0.205909  0.000000 -0.311643  0.000000 ) 
 (  0.070512  0.000000 -0.165934  0.000000 -0.249913  0.000000 ) 
 ( -0.070512  0.000000  0.165934 -0.000000 -0.249913  0.000000 ) 
 ( -0.084011  0.000000 -0.195951  0.000000 -0.295184  0.000000 ) 
 (  0.084011 -0.000000  0.195951  0.000000 -0.295184  0.000000 ) 
     freq (   64) =      71.148422 [THz] =    2373.255898 [cm-1]
 (  0.000000  0.000000  0.000000  0.000000  0.000142  0.000000 ) 
 ( -0.000000  0.000000  0.000000  0.000000 -0.000019  0.000000 ) 
 (  0.001390  0.000000 -0.001500  0.000000 -0.054024  0.000000 ) 
 ( -0.001390  0.000000  0.001500  0.000000 -0.054024  0.000000 ) 
 (  0.001651  0.000000  0.002685  0.000000  0.047750  0.000000 ) 
 ( -0.001651  0.000000 -0.002685  0.000000  0.047750  0.000000 ) 
 ( -0.015066  0.000000  0.002496  0.000000 -0.011689  0.000000 ) 
 (  0.015066  0.000000 -0.002496  0.000000 -0.011689  0.000000 ) 
 (  0.016422  0.000000  0.002149  0.000000 -0.009793  0.000000 ) 
 ( -0.016422  0.000000 -0.002149  0.000000 -0.009793  0.000000 ) 
 (  0.003150  0.000000  0.004620  0.000000 -0.012806  0.000000 ) 
 ( -0.003150  0.000000 -0.004620  0.000000 -0.012806  0.000000 ) 
 (  0.006109  0.000000 -0.008589  0.000000  0.011537  0.000000 ) 
 ( -0.006109  0.000000  0.008589  0.000000  0.011537  0.000000 ) 
 ( -0.088059  0.000000  0.205909  0.000000  0.311643  0.000000 ) 
 (  0.088059  0.000000 -0.205909  0.000000  0.311643  0.000000 ) 
 ( -0.078626  0.000000 -0.184326  0.000000 -0.280401  0.000000 ) 
 (  0.078626  0.000000  0.184326  0.000000 -0.280401  0.000000 ) 
 ( -0.084011  0.000000  0.195951  0.000000  0.295184  0.000000 ) 
 (  0.084011  0.000000 -0.195951  0.000000  0.295184  0.000000 ) 
 ( -0.070512  0.000000 -0.165934  0.000000 -0.249913  0.000000 ) 
 (  0.070512  0.000000  0.165934  0.000000 -0.249913  0.000000 ) 
     freq (   65) =      71.205175 [THz] =    2375.148975 [cm-1]
 ( -0.000007  0.000000 -0.000008  0.000000  0.000000  0.000000 ) 
 ( -0.000001  0.000000  0.000011  0.000000  0.000000  0.000000 ) 
 ( -0.000234  0.000000  0.000964  0.000000  0.069044  0.000000 ) 
 ( -0.000234  0.000000  0.000964  0.000000 -0.069044  0.000000 ) 
 (  0.000111  0.000000 -0.000168  0.000000 -0.020468  0.000000 ) 
 (  0.000111  0.000000 -0.000168  0.000000  0.020468  0.000000 ) 
 (  0.004194  0.000000 -0.000436  0.000000  0.015218  0.000000 ) 
 (  0.004194  0.000000 -0.000436  0.000000 -0.015218  0.000000 ) 
 (  0.001228  0.000000  0.000211  0.000000  0.003693  0.000000 ) 
 (  0.001228  0.000000  0.000211  0.000000 -0.003693  0.000000 ) 
 ( -0.003655  0.000000 -0.005730  0.000000  0.015687  0.000000 ) 
 ( -0.003655  0.000000 -0.005730  0.000000 -0.015687  0.000000 ) 
 ( -0.000715  0.000000  0.001397  0.000000 -0.004961  0.000000 ) 
 ( -0.000715  0.000000  0.001397  0.000000  0.004961  0.000000 ) 
 (  0.110733  0.000000 -0.257522  0.000000 -0.390579  0.000000 ) 
 (  0.110733  0.000000 -0.257522  0.000000  0.390579  0.000000 ) 
 (  0.031801  0.000000  0.077044  0.000000  0.115915  0.000000 ) 
 (  0.031801  0.000000  0.077044  0.000000 -0.115915  0.000000 ) 
 ( -0.108268  0.000000  0.253563  0.000000  0.383427  0.000000 ) 
 ( -0.108268  0.000000  0.253563  0.000000 -0.383427  0.000000 ) 
 ( -0.031275  0.000000 -0.075800  0.000000 -0.113832  0.000000 ) 
 ( -0.031275  0.000000 -0.075800  0.000000  0.113832  0.000000 ) 
     freq (   66) =      71.205175 [THz] =    2375.148975 [cm-1]
 ( -0.000001  0.000000 -0.000011  0.000000  0.000000  0.000000 ) 
 (  0.000007  0.000000 -0.000008  0.000000  0.000000  0.000000 ) 
 (  0.000111  0.000000  0.000168  0.000000  0.020468  0.000000 ) 
 (  0.000111  0.000000  0.000168  0.000000 -0.020468  0.000000 ) 
 (  0.000234  0.000000  0.000964  0.000000  0.069044  0.000000 ) 
 (  0.000234  0.000000  0.000964  0.000000 -0.069044  0.000000 ) 
 ( -0.001228  0.000000  0.000211  0.000000  0.003693  0.000000 ) 
 ( -0.001228  0.000000  0.000211  0.000000 -0.003693  0.000000 ) 
 (  0.004194  0.000000  0.000436  0.000000 -0.015218  0.000000 ) 
 (  0.004194  0.000000  0.000436  0.000000  0.015218  0.000000 ) 
 ( -0.000715  0.000000 -0.001397  0.000000  0.004961  0.000000 ) 
 ( -0.000715  0.000000 -0.001397  0.000000 -0.004961  0.000000 ) 
 (  0.003655  0.000000 -0.005730  0.000000  0.015687  0.000000 ) 
 (  0.003655  0.000000 -0.005730  0.000000 -0.015687  0.000000 ) 
 (  0.031801  0.000000 -0.077044  0.000000 -0.115915  0.000000 ) 
 (  0.031801  0.000000 -0.077044  0.000000  0.115915  0.000000 ) 
 ( -0.110733  0.000000 -0.257522  0.000000 -0.390579  0.000000 ) 
 ( -0.110733  0.000000 -0.257522  0.000000  0.390579  0.000000 ) 
 ( -0.031275  0.000000  0.075800  0.000000  0.113832  0.000000 ) 
 ( -0.031275  0.000000  0.075800  0.000000 -0.113832  0.000000 ) 
 (  0.108268  0.000000  0.253563  0.000000  0.383427  0.000000 ) 
 (  0.108268  0.000000  0.253563  0.000000 -0.383427  0.000000 ) 
 **************************************************************************
