
     Program PHONON v.7.3.1 starts on 12Aug2024 at 11:17:17 

     This program is part of the open-source Quantum ESPRESSO suite
     for quantum simulation of materials; please cite
         "P. Giannozzi et al., J. Phys.:Condens. Matter 21 395502 (2009);
         "P. Giannozzi et al., J. Phys.:Condens. Matter 29 465901 (2017);
         "P. Giannozzi et al., J. Chem. Phys. 152 154105 (2020);
          URL http://www.quantum-espresso.org", 
     in publications or presentations arising from this work. More details at
     http://www.quantum-espresso.org/quote

     Parallel version (MPI), running on    24 processors

     MPI processes distributed on     1 nodes
     93327 MiB available memory on the printing compute node when the environment starts

     Waiting for input...
     Reading input from standard input

     Reading xml data from directory:

     ./pwscf.save/

     R & G space division:  proc/nbgrp/npool/nimage =      24
     Subspace diagonalization in iterative solution of the eigenvalue problem:
     a serial algorithm will be used


     IMPORTANT: XC functional enforced from input :
     Exchange-correlation= PBESOL
                           (   1   4  10   8   0   0   0)
     Any further DFT definition will be discarded
     Please, verify this is what you really want


     Parallelization info
     --------------------
     sticks:   dense  smooth     PW     G-vecs:    dense   smooth      PW
     Min         469     234     63                24647     8708    1225
     Max         470     236     65                24650     8711    1226
     Sum       11271    5637   1529               591573   209027   29405

     Using Slab Decomposition

     Reading collected, re-writing distributed wavefunctions in ./


     Dynamical matrices for ( 2, 2, 2)  uniform grid of q-points
     (   8 q-points):
       N         xq(1)         xq(2)         xq(3) 
       1   0.000000000   0.000000000   0.000000000
       2   0.000000000   0.000000000  -0.763706282
       3   0.000000000  -0.500723541   0.000000000
       4   0.000000000  -0.500723541  -0.763706282
       5  -0.500000000   0.000000000   0.000000000
       6  -0.500000000   0.000000000  -0.763706282
       7  -0.500000000  -0.500723541   0.000000000
       8  -0.500000000  -0.500723541  -0.763706282

     Number and degeneracy of irreps per q-point
       N         xq(1)         xq(2)         xq(3)   N irreps
       1   0.000000000   0.000000000   0.000000000      66
     No degeneracy
       2   0.000000000   0.000000000  -0.763706282      66
     No degeneracy
       3   0.000000000  -0.500723541   0.000000000      33
        2   2   2   2   2   2   2   2   2   2   2   2   2   2   2   2   2   2
   2   2   2   2   2   2   2   2   2   2   2   2   2   2   2
       4   0.000000000  -0.500723541  -0.763706282      33
        2   2   2   2   2   2   2   2   2   2   2   2   2   2   2   2   2   2
   2   2   2   2   2   2   2   2   2   2   2   2   2   2   2
       5  -0.500000000   0.000000000   0.000000000      33
        2   2   2   2   2   2   2   2   2   2   2   2   2   2   2   2   2   2
   2   2   2   2   2   2   2   2   2   2   2   2   2   2   2
       6  -0.500000000   0.000000000  -0.763706282      33
        2   2   2   2   2   2   2   2   2   2   2   2   2   2   2   2   2   2
   2   2   2   2   2   2   2   2   2   2   2   2   2   2   2
       7  -0.500000000  -0.500723541   0.000000000      33
        2   2   2   2   2   2   2   2   2   2   2   2   2   2   2   2   2   2
   2   2   2   2   2   2   2   2   2   2   2   2   2   2   2
       8  -0.500000000  -0.500723541  -0.763706282      33
        2   2   2   2   2   2   2   2   2   2   2   2   2   2   2   2   2   2
   2   2   2   2   2   2   2   2   2   2   2   2   2   2   2

     Saving dvscf to file. Distribute only q points, not irreducible representations.

     Calculation of q =    0.0000000   0.0000000   0.0000000

                                                                                

     bravais-lattice index     =            8
     lattice parameter (alat)  =      13.3294  a.u.
     unit-cell volume          =    1548.2628 (a.u.)^3
     number of atoms/cell      =           22
     number of atomic types    =            3
     kinetic-energy cut-off    =     100.0000  Ry
     charge density cut-off    =     800.0000  Ry
     convergence threshold     =      1.0E-14
     beta                      =       0.7000
     number of iterations used =            4
     Exchange-correlation= PBESOL
                           (   1   4  10   8   0   0   0)


     celldm(1)=   13.32937  celldm(2)=    0.99856  celldm(3)=    0.65470
     celldm(4)=    0.00000  celldm(5)=    0.00000  celldm(6)=    0.00000

     crystal axes: (cart. coord. in units of alat)
               a(1) = (  1.0000  0.0000  0.0000 )  
               a(2) = (  0.0000  0.9986  0.0000 )  
               a(3) = (  0.0000  0.0000  0.6547 )  

     reciprocal axes: (cart. coord. in units 2 pi/alat)
               b(1) = (  1.0000  0.0000  0.0000 )  
               b(2) = (  0.0000  1.0014  0.0000 )  
               b(3) = (  0.0000  0.0000  1.5274 )  


     Atoms inside the unit cell: 

     Cartesian axes

     site n.  atom      mass           positions (alat units)
        1  Ba    137.3270   tau(    1) = (    0.50000    0.49928    0.32735  )
        2  Ba    137.3270   tau(    2) = (    0.00000    0.00000    0.65470  )
        3  B      10.8110   tau(    3) = (    0.62740    0.25362    0.00001  )
        4  B      10.8110   tau(    4) = (    0.37260    0.74493    0.00001  )
        5  B      10.8110   tau(    5) = (    0.12740    0.24566    0.32735  )
        6  B      10.8110   tau(    6) = (    0.87260    0.75290    0.32735  )
        7  H       1.0079   tau(    7) = (    0.45541    0.28500   -0.00001  )
        8  H       1.0079   tau(    8) = (    0.54459    0.71356   -0.00001  )
        9  H       1.0079   tau(    9) = (    0.95541    0.21428    0.32736  )
       10  H       1.0079   tau(   10) = (    0.04459    0.78428    0.32736  )
       11  H       1.0079   tau(   11) = (    0.71576    0.40523    0.00001  )
       12  H       1.0079   tau(   12) = (    0.28424    0.59332    0.00001  )
       13  H       1.0079   tau(   13) = (    0.21576    0.09404    0.32734  )
       14  H       1.0079   tau(   14) = (    0.78424    0.90451    0.32734  )
       15  H       1.0079   tau(   15) = (    0.66582    0.16363    0.51033  )
       16  H       1.0079   tau(   16) = (    0.33418    0.83492    0.51033  )
       17  H       1.0079   tau(   17) = (    0.16582    0.33564    0.47172  )
       18  H       1.0079   tau(   18) = (    0.83418    0.66291    0.47172  )
       19  H       1.0079   tau(   19) = (    0.33419    0.83492    0.14438  )
       20  H       1.0079   tau(   20) = (    0.66581    0.16363    0.14438  )
       21  H       1.0079   tau(   21) = (    0.83419    0.66291    0.18297  )
       22  H       1.0079   tau(   22) = (    0.16581    0.33564    0.18297  )

     Computing dynamical matrix for 
                    q = (   0.0000000   0.0000000   0.0000000 )

      5 Sym.Ops. (with q -> -q+G )


     G cutoff = 3600.3905  (  24649 G-vectors)     FFT grid: (128,120, 80)
     G cutoff = 1800.1952  (   8708 G-vectors)  smooth grid: ( 90, 90, 60)
     number of k points=    27

     PseudoPot. # 1 for B  read from file:
     /home/mehlhorn/pseudos/b_pbesol_v1.4.uspp.F.UPF
     MD5 check sum: 369b69bef2c3aeed4453bd8b804fd6a8
     Pseudo is Ultrasoft + core correction, Zval =  3.0
     Generated by new atomic code, or converted to UPF format
     Using radial grid of  781 points,  4 beta functions with: 
                l(1) =   0
                l(2) =   0
                l(3) =   1
                l(4) =   1
     Q(r) pseudized with  8 coefficients,  rinner =    1.100   1.100   1.100


     PseudoPot. # 2 for Ba read from file:
     /home/mehlhorn/pseudos/Ba.nc.z_10.oncvpsp4.dojo.v4-sp.upf
     MD5 check sum: c10ed334bb677c0554edec7181ce9143
     Pseudo is Norm-conserving + core correction, Zval = 10.0
     Generated using ONCVPSP code by D. R. Hamann
     Using radial grid of 1938 points,  8 beta functions with: 
                l(1) =   0
                l(2) =   0
                l(3) =   1
                l(4) =   1
                l(5) =   2
                l(6) =   2
                l(7) =   3
                l(8) =   3

     PseudoPot. # 3 for H  read from file:
     /home/mehlhorn/pseudos/H_ONCV_PBEsol-1.0.upf
     MD5 check sum: 398ef8f67c0a7342c05c87c5e19ea467
     Pseudo is Norm-conserving, Zval =  1.0
     Generated using ONCVPSP code by D. R. Hamann
     Using radial grid of 1180 points,  2 beta functions with: 
                l(1) =   0
                l(2) =   0

     Mode symmetry, D_2  (222)  point group:


     Electric field:
     Dielectric constant
     Born effective charges in two ways 


     Atomic displacements:
     There are   66 irreducible representations

     Representation     1      1 modes -  To be done

     Representation     2      1 modes -  To be done

     Representation     3      1 modes -  To be done

     Representation     4      1 modes -  To be done

     Representation     5      1 modes -  To be done

     Representation     6      1 modes -  To be done

     Representation     7      1 modes -  To be done

     Representation     8      1 modes -  To be done

     Representation     9      1 modes -  To be done

     Representation    10      1 modes -  To be done

     Representation    11      1 modes -  To be done

     Representation    12      1 modes -  To be done

     Representation    13      1 modes -  To be done

     Representation    14      1 modes -  To be done

     Representation    15      1 modes -  To be done

     Representation    16      1 modes -  To be done

     Representation    17      1 modes -  To be done

     Representation    18      1 modes -  To be done

     Representation    19      1 modes -  To be done

     Representation    20      1 modes -  To be done

     Representation    21      1 modes -  To be done

     Representation    22      1 modes -  To be done

     Representation    23      1 modes -  To be done

     Representation    24      1 modes -  To be done

     Representation    25      1 modes -  To be done

     Representation    26      1 modes -  To be done

     Representation    27      1 modes -  To be done

     Representation    28      1 modes -  To be done

     Representation    29      1 modes -  To be done

     Representation    30      1 modes -  To be done

     Representation    31      1 modes -  To be done

     Representation    32      1 modes -  To be done

     Representation    33      1 modes -  To be done

     Representation    34      1 modes -  To be done

     Representation    35      1 modes -  To be done

     Representation    36      1 modes -  To be done

     Representation    37      1 modes -  To be done

     Representation    38      1 modes -  To be done

     Representation    39      1 modes -  To be done

     Representation    40      1 modes -  To be done

     Representation    41      1 modes -  To be done

     Representation    42      1 modes -  To be done

     Representation    43      1 modes -  To be done

     Representation    44      1 modes -  To be done

     Representation    45      1 modes -  To be done

     Representation    46      1 modes -  To be done

     Representation    47      1 modes -  To be done

     Representation    48      1 modes -  To be done

     Representation    49      1 modes -  To be done

     Representation    50      1 modes -  To be done

     Representation    51      1 modes -  To be done

     Representation    52      1 modes -  To be done

     Representation    53      1 modes -  To be done

     Representation    54      1 modes -  To be done

     Representation    55      1 modes -  To be done

     Representation    56      1 modes -  To be done

     Representation    57      1 modes -  To be done

     Representation    58      1 modes -  To be done

     Representation    59      1 modes -  To be done

     Representation    60      1 modes -  To be done

     Representation    61      1 modes -  To be done

     Representation    62      1 modes -  To be done

     Representation    63      1 modes -  To be done

     Representation    64      1 modes -  To be done

     Representation    65      1 modes -  To be done

     Representation    66      1 modes -  To be done



     Alpha used in Ewald sum =   2.8000
     PHONON       :   3m42.41s CPU   3m46.67s WALL


     Electric Fields Calculation

      iter #   1 total cpu time :   917.9 secs   av.it.:   7.6
      thresh= 1.000E-02 alpha_mix =  0.700 |ddv_scf|^2 =  6.031E-09

      iter #   2 total cpu time :  1216.5 secs   av.it.:  17.0
      thresh= 7.766E-06 alpha_mix =  0.700 |ddv_scf|^2 =  1.048E-09

      iter #   3 total cpu time :  1503.4 secs   av.it.:  16.1
      thresh= 3.237E-06 alpha_mix =  0.700 |ddv_scf|^2 =  7.161E-11

      iter #   4 total cpu time :  1787.9 secs   av.it.:  15.9
      thresh= 8.462E-07 alpha_mix =  0.700 |ddv_scf|^2 =  1.124E-11

      iter #   5 total cpu time :  2071.5 secs   av.it.:  15.7
      thresh= 3.352E-07 alpha_mix =  0.700 |ddv_scf|^2 =  1.015E-12

      iter #   6 total cpu time :  2349.6 secs   av.it.:  15.7
      thresh= 1.007E-07 alpha_mix =  0.700 |ddv_scf|^2 =  2.518E-14

      iter #   7 total cpu time :  2632.0 secs   av.it.:  15.9
      thresh= 1.587E-08 alpha_mix =  0.700 |ddv_scf|^2 =  3.319E-15

     End of electric fields calculation

          Dielectric constant in cartesian axis 

          (       2.918416175       0.000000000       0.000000000 )
          (       0.000000000       2.960032699       0.000000000 )
          (       0.000000000       0.000000000       3.149729845 )

          Effective charges (d Force / dE) in cartesian axis without acoustic sum rule applied (asr)

           atom    1  Ba    Mean Z*:        2.61129
      Ex  (        2.41786       -0.07093        0.00000 )
      Ey  (        0.25524        2.43293        0.00000 )
      Ez  (        0.00000        0.00000        2.98307 )
           atom    2  Ba    Mean Z*:        2.61129
      Ex  (        2.41786        0.07093        0.00000 )
      Ey  (       -0.25524        2.43293        0.00000 )
      Ez  (        0.00000        0.00000        2.98307 )
           atom    3  B     Mean Z*:       -0.10163
      Ex  (       -0.12328        0.01369        0.00000 )
      Ey  (        0.16215        0.00609        0.00000 )
      Ez  (        0.00003       -0.00000       -0.18769 )
           atom    4  B     Mean Z*:       -0.10163
      Ex  (       -0.12328        0.01369       -0.00000 )
      Ey  (        0.16215        0.00609       -0.00000 )
      Ez  (       -0.00003        0.00000       -0.18769 )
           atom    5  B     Mean Z*:       -0.10163
      Ex  (       -0.12328       -0.01369       -0.00000 )
      Ey  (       -0.16215        0.00609        0.00000 )
      Ez  (       -0.00003       -0.00000       -0.18769 )
           atom    6  B     Mean Z*:       -0.10163
      Ex  (       -0.12328       -0.01369        0.00000 )
      Ey  (       -0.16215        0.00609       -0.00000 )
      Ez  (        0.00003        0.00000       -0.18769 )
           atom    7  H     Mean Z*:       -0.31230
      Ex  (       -0.44964        0.13287       -0.00003 )
      Ey  (        0.13809       -0.23344        0.00002 )
      Ez  (       -0.00002        0.00002       -0.25383 )
           atom    8  H     Mean Z*:       -0.31230
      Ex  (       -0.44964        0.13287        0.00003 )
      Ey  (        0.13809       -0.23344       -0.00002 )
      Ez  (        0.00002       -0.00002       -0.25383 )
           atom    9  H     Mean Z*:       -0.31230
      Ex  (       -0.44964       -0.13287        0.00003 )
      Ey  (       -0.13809       -0.23344        0.00002 )
      Ez  (        0.00002        0.00002       -0.25383 )
           atom   10  H     Mean Z*:       -0.31230
      Ex  (       -0.44964       -0.13287       -0.00003 )
      Ey  (       -0.13809       -0.23344       -0.00002 )
      Ez  (       -0.00002       -0.00002       -0.25383 )
           atom   11  H     Mean Z*:       -0.30927
      Ex  (       -0.21907       -0.00382        0.00000 )
      Ey  (       -0.09575       -0.45200        0.00000 )
      Ez  (       -0.00000       -0.00001       -0.25675 )
           atom   12  H     Mean Z*:       -0.30927
      Ex  (       -0.21907       -0.00382       -0.00000 )
      Ey  (       -0.09575       -0.45200       -0.00000 )
      Ez  (        0.00000        0.00001       -0.25675 )
           atom   13  H     Mean Z*:       -0.30927
      Ex  (       -0.21907        0.00382       -0.00000 )
      Ey  (        0.09575       -0.45200        0.00000 )
      Ez  (        0.00000       -0.00001       -0.25675 )
           atom   14  H     Mean Z*:       -0.30927
      Ex  (       -0.21907        0.00382        0.00000 )
      Ey  (        0.09575       -0.45200       -0.00000 )
      Ez  (       -0.00000        0.00001       -0.25675 )
           atom   15  H     Mean Z*:       -0.29091
      Ex  (       -0.20854        0.16128        0.07665 )
      Ey  (        0.11850       -0.26775       -0.10040 )
      Ez  (        0.04002       -0.11096       -0.39644 )
           atom   16  H     Mean Z*:       -0.29091
      Ex  (       -0.20854        0.16128       -0.07665 )
      Ey  (        0.11850       -0.26775        0.10040 )
      Ez  (       -0.04002        0.11096       -0.39644 )
           atom   17  H     Mean Z*:       -0.29091
      Ex  (       -0.20854       -0.16128       -0.07665 )
      Ey  (       -0.11850       -0.26775       -0.10040 )
      Ez  (       -0.04002       -0.11096       -0.39644 )
           atom   18  H     Mean Z*:       -0.29091
      Ex  (       -0.20854       -0.16128        0.07665 )
      Ey  (       -0.11850       -0.26775        0.10040 )
      Ez  (        0.04002        0.11096       -0.39644 )
           atom   19  H     Mean Z*:       -0.29090
      Ex  (       -0.20853        0.16125        0.07661 )
      Ey  (        0.11848       -0.26773       -0.10037 )
      Ez  (        0.04000       -0.11094       -0.39644 )
           atom   20  H     Mean Z*:       -0.29090
      Ex  (       -0.20853        0.16125       -0.07661 )
      Ey  (        0.11848       -0.26773        0.10037 )
      Ez  (       -0.04000        0.11094       -0.39644 )
           atom   21  H     Mean Z*:       -0.29090
      Ex  (       -0.20853       -0.16125       -0.07661 )
      Ey  (       -0.11848       -0.26773       -0.10037 )
      Ez  (       -0.04000       -0.11094       -0.39644 )
           atom   22  H     Mean Z*:       -0.29090
      Ex  (       -0.20853       -0.16125        0.07661 )
      Ey  (       -0.11848       -0.26773        0.10037 )
      Ez  (        0.04000        0.11094       -0.39644 )

          Effective charges Sum: Mean:        0.00254
             -0.00051        0.00000       -0.00000
              0.00000        0.00655        0.00000
             -0.00000        0.00000        0.00157

          Effective charges (d Force / dE) in cartesian axis with asr applied: 
           atom    1  Ba    Mean Z*:        2.61117
      E*x (        2.41788       -0.07093        0.00000 )
      E*y (        0.25524        2.43264        0.00000 )
      E*z (        0.00000        0.00000        2.98300 )
           atom    2  Ba    Mean Z*:        2.61117
      E*x (        2.41788        0.07093        0.00000 )
      E*y (       -0.25524        2.43264        0.00000 )
      E*z (        0.00000        0.00000        2.98300 )
           atom    3  B     Mean Z*:       -0.10174
      E*x (       -0.12326        0.01369        0.00000 )
      E*y (        0.16215        0.00580        0.00000 )
      E*z (        0.00003       -0.00000       -0.18776 )
           atom    4  B     Mean Z*:       -0.10174
      E*x (       -0.12326        0.01369       -0.00000 )
      E*y (        0.16215        0.00580       -0.00000 )
      E*z (       -0.00003        0.00000       -0.18776 )
           atom    5  B     Mean Z*:       -0.10174
      E*x (       -0.12326       -0.01369       -0.00000 )
      E*y (       -0.16215        0.00580        0.00000 )
      E*z (       -0.00003       -0.00000       -0.18776 )
           atom    6  B     Mean Z*:       -0.10174
      E*x (       -0.12326       -0.01369        0.00000 )
      E*y (       -0.16215        0.00580       -0.00000 )
      E*z (        0.00003        0.00000       -0.18776 )
           atom    7  H     Mean Z*:       -0.31242
      E*x (       -0.44962        0.13287       -0.00003 )
      E*y (        0.13809       -0.23373        0.00002 )
      E*z (       -0.00002        0.00002       -0.25390 )
           atom    8  H     Mean Z*:       -0.31242
      E*x (       -0.44962        0.13287        0.00003 )
      E*y (        0.13809       -0.23373       -0.00002 )
      E*z (        0.00002       -0.00002       -0.25390 )
           atom    9  H     Mean Z*:       -0.31242
      E*x (       -0.44962       -0.13287        0.00003 )
      E*y (       -0.13809       -0.23373        0.00002 )
      E*z (        0.00002        0.00002       -0.25390 )
           atom   10  H     Mean Z*:       -0.31242
      E*x (       -0.44962       -0.13287       -0.00003 )
      E*y (       -0.13809       -0.23373       -0.00002 )
      E*z (       -0.00002       -0.00002       -0.25390 )
           atom   11  H     Mean Z*:       -0.30939
      E*x (       -0.21904       -0.00382        0.00000 )
      E*y (       -0.09575       -0.45230        0.00000 )
      E*z (       -0.00000       -0.00001       -0.25682 )
           atom   12  H     Mean Z*:       -0.30939
      E*x (       -0.21904       -0.00382       -0.00000 )
      E*y (       -0.09575       -0.45230       -0.00000 )
      E*z (        0.00000        0.00001       -0.25682 )
           atom   13  H     Mean Z*:       -0.30939
      E*x (       -0.21904        0.00382       -0.00000 )
      E*y (        0.09575       -0.45230        0.00000 )
      E*z (        0.00000       -0.00001       -0.25682 )
           atom   14  H     Mean Z*:       -0.30939
      E*x (       -0.21904        0.00382        0.00000 )
      E*y (        0.09575       -0.45230       -0.00000 )
      E*z (       -0.00000        0.00001       -0.25682 )
           atom   15  H     Mean Z*:       -0.29103
      E*x (       -0.20852        0.16128        0.07665 )
      E*y (        0.11850       -0.26805       -0.10040 )
      E*z (        0.04002       -0.11096       -0.39651 )
           atom   16  H     Mean Z*:       -0.29103
      E*x (       -0.20852        0.16128       -0.07665 )
      E*y (        0.11850       -0.26805        0.10040 )
      E*z (       -0.04002        0.11096       -0.39651 )
           atom   17  H     Mean Z*:       -0.29103
      E*x (       -0.20852       -0.16128       -0.07665 )
      E*y (       -0.11850       -0.26805       -0.10040 )
      E*z (       -0.04002       -0.11096       -0.39651 )
           atom   18  H     Mean Z*:       -0.29103
      E*x (       -0.20852       -0.16128        0.07665 )
      E*y (       -0.11850       -0.26805        0.10040 )
      E*z (        0.04002        0.11096       -0.39651 )
           atom   19  H     Mean Z*:       -0.29101
      E*x (       -0.20850        0.16125        0.07661 )
      E*y (        0.11848       -0.26803       -0.10037 )
      E*z (        0.04000       -0.11094       -0.39651 )
           atom   20  H     Mean Z*:       -0.29101
      E*x (       -0.20850        0.16125       -0.07661 )
      E*y (        0.11848       -0.26803        0.10037 )
      E*z (       -0.04000        0.11094       -0.39651 )
           atom   21  H     Mean Z*:       -0.29101
      E*x (       -0.20850       -0.16125       -0.07661 )
      E*y (       -0.11848       -0.26803       -0.10037 )
      E*z (       -0.04000       -0.11094       -0.39651 )
           atom   22  H     Mean Z*:       -0.29101
      E*x (       -0.20850       -0.16125        0.07661 )
      E*y (       -0.11848       -0.26803        0.10037 )
      E*z (        0.04000        0.11094       -0.39651 )


     Representation #   1 mode #   1

     Self-consistent Calculation

      iter #   1 total cpu time :  5286.3 secs   av.it.:   3.0
      thresh= 1.000E-02 alpha_mix =  0.700 |ddv_scf|^2 =  1.350E-09

      iter #   2 total cpu time :  5382.7 secs   av.it.:  15.6
      thresh= 3.674E-06 alpha_mix =  0.700 |ddv_scf|^2 =  2.565E-10

      iter #   3 total cpu time :  5477.5 secs   av.it.:  15.3
      thresh= 1.602E-06 alpha_mix =  0.700 |ddv_scf|^2 =  2.346E-12

      iter #   4 total cpu time :  5573.4 secs   av.it.:  15.6
      thresh= 1.532E-07 alpha_mix =  0.700 |ddv_scf|^2 =  4.112E-14

      iter #   5 total cpu time :  5671.0 secs   av.it.:  16.0
      thresh= 2.028E-08 alpha_mix =  0.700 |ddv_scf|^2 =  1.839E-15

     End of self-consistent calculation

     Convergence has been achieved 


     Representation #   2 mode #   2

     Self-consistent Calculation

      iter #   1 total cpu time :  5739.8 secs   av.it.:   3.0
      thresh= 1.000E-02 alpha_mix =  0.700 |ddv_scf|^2 =  1.216E-09

      iter #   2 total cpu time :  5839.0 secs   av.it.:  15.9
      thresh= 3.487E-06 alpha_mix =  0.700 |ddv_scf|^2 =  3.470E-10

      iter #   3 total cpu time :  5935.2 secs   av.it.:  15.6
      thresh= 1.863E-06 alpha_mix =  0.700 |ddv_scf|^2 =  2.438E-12

      iter #   4 total cpu time :  6033.6 secs   av.it.:  15.9
      thresh= 1.561E-07 alpha_mix =  0.700 |ddv_scf|^2 =  7.889E-14

      iter #   5 total cpu time :  6131.0 secs   av.it.:  15.9
      thresh= 2.809E-08 alpha_mix =  0.700 |ddv_scf|^2 =  3.752E-15

     End of self-consistent calculation

     Convergence has been achieved 


     Representation #   3 mode #   3

     Self-consistent Calculation

      iter #   1 total cpu time :  6198.8 secs   av.it.:   3.0
      thresh= 1.000E-02 alpha_mix =  0.700 |ddv_scf|^2 =  4.712E-10

      iter #   2 total cpu time :  6296.2 secs   av.it.:  16.0
      thresh= 2.171E-06 alpha_mix =  0.700 |ddv_scf|^2 =  3.300E-11

      iter #   3 total cpu time :  6393.9 secs   av.it.:  16.0
      thresh= 5.745E-07 alpha_mix =  0.700 |ddv_scf|^2 =  4.368E-12

      iter #   4 total cpu time :  6489.9 secs   av.it.:  15.9
      thresh= 2.090E-07 alpha_mix =  0.700 |ddv_scf|^2 =  1.049E-13

      iter #   5 total cpu time :  6587.0 secs   av.it.:  15.9
      thresh= 3.240E-08 alpha_mix =  0.700 |ddv_scf|^2 =  4.056E-15

     End of self-consistent calculation

     Convergence has been achieved 


     Representation #   4 mode #   4

     Self-consistent Calculation

      iter #   1 total cpu time :  6663.0 secs   av.it.:   4.9
      thresh= 1.000E-02 alpha_mix =  0.700 |ddv_scf|^2 =  9.686E-09

      iter #   2 total cpu time :  6761.6 secs   av.it.:  16.0
      thresh= 9.842E-06 alpha_mix =  0.700 |ddv_scf|^2 =  1.851E-09

      iter #   3 total cpu time :  6856.9 secs   av.it.:  15.3
      thresh= 4.302E-06 alpha_mix =  0.700 |ddv_scf|^2 =  1.594E-11

      iter #   4 total cpu time :  6953.0 secs   av.it.:  15.7
      thresh= 3.992E-07 alpha_mix =  0.700 |ddv_scf|^2 =  1.150E-12

      iter #   5 total cpu time :  7049.6 secs   av.it.:  15.7
      thresh= 1.072E-07 alpha_mix =  0.700 |ddv_scf|^2 =  1.377E-14

      iter #   6 total cpu time :  7147.9 secs   av.it.:  15.9
      thresh= 1.173E-08 alpha_mix =  0.700 |ddv_scf|^2 =  1.640E-16

     End of self-consistent calculation

     Convergence has been achieved 


     Representation #   5 mode #   5

     Self-consistent Calculation

      iter #   1 total cpu time :  7252.1 secs   av.it.:   6.4
      thresh= 1.000E-02 alpha_mix =  0.700 |ddv_scf|^2 =  4.807E-08

      iter #   2 total cpu time :  7346.1 secs   av.it.:  15.3
      thresh= 2.192E-05 alpha_mix =  0.700 |ddv_scf|^2 =  1.223E-08

      iter #   3 total cpu time :  7437.9 secs   av.it.:  14.7
      thresh= 1.106E-05 alpha_mix =  0.700 |ddv_scf|^2 =  2.786E-11

      iter #   4 total cpu time :  7531.3 secs   av.it.:  15.3
      thresh= 5.279E-07 alpha_mix =  0.700 |ddv_scf|^2 =  8.516E-13

      iter #   5 total cpu time :  7624.0 secs   av.it.:  15.1
      thresh= 9.228E-08 alpha_mix =  0.700 |ddv_scf|^2 =  9.426E-15

     End of self-consistent calculation

     Convergence has been achieved 


     Representation #   6 mode #   6

     Self-consistent Calculation

      iter #   1 total cpu time :  7698.0 secs   av.it.:   3.0
      thresh= 1.000E-02 alpha_mix =  0.700 |ddv_scf|^2 =  1.465E-09

      iter #   2 total cpu time :  7796.4 secs   av.it.:  15.9
      thresh= 3.827E-06 alpha_mix =  0.700 |ddv_scf|^2 =  3.968E-10

      iter #   3 total cpu time :  7893.3 secs   av.it.:  15.7
      thresh= 1.992E-06 alpha_mix =  0.700 |ddv_scf|^2 =  4.202E-12

      iter #   4 total cpu time :  7990.4 secs   av.it.:  15.7
      thresh= 2.050E-07 alpha_mix =  0.700 |ddv_scf|^2 =  1.917E-13

      iter #   5 total cpu time :  8087.3 secs   av.it.:  15.8
      thresh= 4.379E-08 alpha_mix =  0.700 |ddv_scf|^2 =  5.062E-15

     End of self-consistent calculation

     Convergence has been achieved 


     Representation #   7 mode #   7

     Self-consistent Calculation

      iter #   1 total cpu time :  8155.2 secs   av.it.:   3.0
      thresh= 1.000E-02 alpha_mix =  0.700 |ddv_scf|^2 =  1.226E-09

      iter #   2 total cpu time :  8251.8 secs   av.it.:  15.8
      thresh= 3.501E-06 alpha_mix =  0.700 |ddv_scf|^2 =  9.993E-11

      iter #   3 total cpu time :  8348.8 secs   av.it.:  15.9
      thresh= 9.996E-07 alpha_mix =  0.700 |ddv_scf|^2 =  1.624E-12

      iter #   4 total cpu time :  8447.4 secs   av.it.:  16.0
      thresh= 1.274E-07 alpha_mix =  0.700 |ddv_scf|^2 =  2.782E-13

      iter #   5 total cpu time :  8544.0 secs   av.it.:  15.7
      thresh= 5.274E-08 alpha_mix =  0.700 |ddv_scf|^2 =  5.513E-15

     End of self-consistent calculation

     Convergence has been achieved 


     Representation #   8 mode #   8

     Self-consistent Calculation

      iter #   1 total cpu time :  8611.0 secs   av.it.:   3.0
      thresh= 1.000E-02 alpha_mix =  0.700 |ddv_scf|^2 =  6.181E-10

      iter #   2 total cpu time :  8708.0 secs   av.it.:  15.9
      thresh= 2.486E-06 alpha_mix =  0.700 |ddv_scf|^2 =  4.258E-11

      iter #   3 total cpu time :  8805.9 secs   av.it.:  16.0
      thresh= 6.525E-07 alpha_mix =  0.700 |ddv_scf|^2 =  1.645E-12

      iter #   4 total cpu time :  8904.3 secs   av.it.:  16.0
      thresh= 1.283E-07 alpha_mix =  0.700 |ddv_scf|^2 =  1.328E-13

      iter #   5 total cpu time :  9001.8 secs   av.it.:  15.9
      thresh= 3.644E-08 alpha_mix =  0.700 |ddv_scf|^2 =  5.557E-15

     End of self-consistent calculation

     Convergence has been achieved 


     Representation #   9 mode #   9

     Self-consistent Calculation

      iter #   1 total cpu time :  9076.6 secs   av.it.:   4.4
      thresh= 1.000E-02 alpha_mix =  0.700 |ddv_scf|^2 =  6.877E-09

      iter #   2 total cpu time :  9174.2 secs   av.it.:  16.0
      thresh= 8.293E-06 alpha_mix =  0.700 |ddv_scf|^2 =  9.040E-10

      iter #   3 total cpu time :  9269.2 secs   av.it.:  15.9
      thresh= 3.007E-06 alpha_mix =  0.700 |ddv_scf|^2 =  1.601E-11

      iter #   4 total cpu time :  9364.3 secs   av.it.:  15.9
      thresh= 4.002E-07 alpha_mix =  0.700 |ddv_scf|^2 =  1.393E-12

      iter #   5 total cpu time :  9459.8 secs   av.it.:  15.9
      thresh= 1.180E-07 alpha_mix =  0.700 |ddv_scf|^2 =  2.274E-14

      iter #   6 total cpu time :  9555.9 secs   av.it.:  15.9
      thresh= 1.508E-08 alpha_mix =  0.700 |ddv_scf|^2 =  1.908E-16

     End of self-consistent calculation

     Convergence has been achieved 


     Representation #  10 mode #  10

     Self-consistent Calculation

      iter #   1 total cpu time :  9642.1 secs   av.it.:   3.0
      thresh= 1.000E-02 alpha_mix =  0.700 |ddv_scf|^2 =  1.034E-09

      iter #   2 total cpu time :  9738.8 secs   av.it.:  15.9
      thresh= 3.215E-06 alpha_mix =  0.700 |ddv_scf|^2 =  1.205E-10

      iter #   3 total cpu time :  9835.8 secs   av.it.:  15.9
      thresh= 1.098E-06 alpha_mix =  0.700 |ddv_scf|^2 =  4.567E-12

      iter #   4 total cpu time :  9932.0 secs   av.it.:  15.9
      thresh= 2.137E-07 alpha_mix =  0.700 |ddv_scf|^2 =  1.655E-13

      iter #   5 total cpu time : 10027.8 secs   av.it.:  15.9
      thresh= 4.068E-08 alpha_mix =  0.700 |ddv_scf|^2 =  6.311E-15

     End of self-consistent calculation

     Convergence has been achieved 


     Representation #  11 mode #  11

     Self-consistent Calculation

      iter #   1 total cpu time : 10096.1 secs   av.it.:   3.0
      thresh= 1.000E-02 alpha_mix =  0.700 |ddv_scf|^2 =  6.722E-10

      iter #   2 total cpu time : 10193.7 secs   av.it.:  16.0
      thresh= 2.593E-06 alpha_mix =  0.700 |ddv_scf|^2 =  1.106E-10

      iter #   3 total cpu time : 10289.7 secs   av.it.:  15.9
      thresh= 1.052E-06 alpha_mix =  0.700 |ddv_scf|^2 =  5.788E-12

      iter #   4 total cpu time : 10385.6 secs   av.it.:  15.9
      thresh= 2.406E-07 alpha_mix =  0.700 |ddv_scf|^2 =  9.090E-14

      iter #   5 total cpu time : 10481.7 secs   av.it.:  15.6
      thresh= 3.015E-08 alpha_mix =  0.700 |ddv_scf|^2 =  4.343E-15

     End of self-consistent calculation

     Convergence has been achieved 


     Representation #  12 mode #  12

     Self-consistent Calculation

      iter #   1 total cpu time : 10550.1 secs   av.it.:   3.0
      thresh= 1.000E-02 alpha_mix =  0.700 |ddv_scf|^2 =  6.523E-10

      iter #   2 total cpu time : 10651.0 secs   av.it.:  16.0
      thresh= 2.554E-06 alpha_mix =  0.700 |ddv_scf|^2 =  9.793E-11

      iter #   3 total cpu time : 10751.0 secs   av.it.:  16.0
      thresh= 9.896E-07 alpha_mix =  0.700 |ddv_scf|^2 =  4.060E-12

      iter #   4 total cpu time : 10850.9 secs   av.it.:  15.9
      thresh= 2.015E-07 alpha_mix =  0.700 |ddv_scf|^2 =  2.292E-13

      iter #   5 total cpu time : 10949.0 secs   av.it.:  15.8
      thresh= 4.788E-08 alpha_mix =  0.700 |ddv_scf|^2 =  5.873E-15

     End of self-consistent calculation

     Convergence has been achieved 


     Representation #  13 mode #  13

     Self-consistent Calculation

      iter #   1 total cpu time : 11019.0 secs   av.it.:   3.5
      thresh= 1.000E-02 alpha_mix =  0.700 |ddv_scf|^2 =  1.595E-09

      iter #   2 total cpu time : 11115.7 secs   av.it.:  15.9
      thresh= 3.994E-06 alpha_mix =  0.700 |ddv_scf|^2 =  5.060E-10

      iter #   3 total cpu time : 11209.6 secs   av.it.:  15.4
      thresh= 2.249E-06 alpha_mix =  0.700 |ddv_scf|^2 =  1.777E-12

      iter #   4 total cpu time : 11305.2 secs   av.it.:  15.8
      thresh= 1.333E-07 alpha_mix =  0.700 |ddv_scf|^2 =  5.895E-14

      iter #   5 total cpu time : 11400.7 secs   av.it.:  15.9
      thresh= 2.428E-08 alpha_mix =  0.700 |ddv_scf|^2 =  2.837E-15

     End of self-consistent calculation

     Convergence has been achieved 


     Representation #  14 mode #  14

     Self-consistent Calculation

      iter #   1 total cpu time : 11474.6 secs   av.it.:   4.0
      thresh= 1.000E-02 alpha_mix =  0.700 |ddv_scf|^2 =  7.674E-09

      iter #   2 total cpu time : 11569.1 secs   av.it.:  15.8
      thresh= 8.760E-06 alpha_mix =  0.700 |ddv_scf|^2 =  8.438E-10

      iter #   3 total cpu time : 11662.7 secs   av.it.:  15.3
      thresh= 2.905E-06 alpha_mix =  0.700 |ddv_scf|^2 =  9.536E-12

      iter #   4 total cpu time : 11758.3 secs   av.it.:  15.9
      thresh= 3.088E-07 alpha_mix =  0.700 |ddv_scf|^2 =  1.367E-12

      iter #   5 total cpu time : 11853.3 secs   av.it.:  15.7
      thresh= 1.169E-07 alpha_mix =  0.700 |ddv_scf|^2 =  6.082E-14

      iter #   6 total cpu time : 11947.6 secs   av.it.:  15.7
      thresh= 2.466E-08 alpha_mix =  0.700 |ddv_scf|^2 =  1.889E-16

     End of self-consistent calculation

     Convergence has been achieved 


     Representation #  15 mode #  15

     Self-consistent Calculation

      iter #   1 total cpu time : 12033.9 secs   av.it.:   3.0
      thresh= 1.000E-02 alpha_mix =  0.700 |ddv_scf|^2 =  1.269E-09

      iter #   2 total cpu time : 12129.9 secs   av.it.:  15.9
      thresh= 3.562E-06 alpha_mix =  0.700 |ddv_scf|^2 =  2.147E-10

      iter #   3 total cpu time : 12224.7 secs   av.it.:  15.6
      thresh= 1.465E-06 alpha_mix =  0.700 |ddv_scf|^2 =  3.002E-12

      iter #   4 total cpu time : 12321.0 secs   av.it.:  15.9
      thresh= 1.733E-07 alpha_mix =  0.700 |ddv_scf|^2 =  1.153E-13

      iter #   5 total cpu time : 12417.9 secs   av.it.:  15.9
      thresh= 3.396E-08 alpha_mix =  0.700 |ddv_scf|^2 =  5.008E-15

     End of self-consistent calculation

     Convergence has been achieved 


     Representation #  16 mode #  16

     Self-consistent Calculation

      iter #   1 total cpu time : 12487.1 secs   av.it.:   3.0
      thresh= 1.000E-02 alpha_mix =  0.700 |ddv_scf|^2 =  1.455E-09

      iter #   2 total cpu time : 12586.1 secs   av.it.:  15.9
      thresh= 3.814E-06 alpha_mix =  0.700 |ddv_scf|^2 =  4.900E-10

      iter #   3 total cpu time : 12679.8 secs   av.it.:  15.4
      thresh= 2.214E-06 alpha_mix =  0.700 |ddv_scf|^2 =  1.509E-12

      iter #   4 total cpu time : 12776.5 secs   av.it.:  16.0
      thresh= 1.228E-07 alpha_mix =  0.700 |ddv_scf|^2 =  4.617E-14

      iter #   5 total cpu time : 12871.4 secs   av.it.:  15.9
      thresh= 2.149E-08 alpha_mix =  0.700 |ddv_scf|^2 =  3.026E-15

     End of self-consistent calculation

     Convergence has been achieved 


     Representation #  17 mode #  17

     Self-consistent Calculation

      iter #   1 total cpu time : 12945.9 secs   av.it.:   4.7
      thresh= 1.000E-02 alpha_mix =  0.700 |ddv_scf|^2 =  1.341E-08

      iter #   2 total cpu time : 13045.3 secs   av.it.:  16.0
      thresh= 1.158E-05 alpha_mix =  0.700 |ddv_scf|^2 =  6.222E-09

      iter #   3 total cpu time : 13137.9 secs   av.it.:  15.0
      thresh= 7.888E-06 alpha_mix =  0.700 |ddv_scf|^2 =  8.124E-11

      iter #   4 total cpu time : 13233.9 secs   av.it.:  15.6
      thresh= 9.014E-07 alpha_mix =  0.700 |ddv_scf|^2 =  5.327E-12

      iter #   5 total cpu time : 13331.1 secs   av.it.:  15.5
      thresh= 2.308E-07 alpha_mix =  0.700 |ddv_scf|^2 =  4.090E-13

      iter #   6 total cpu time : 13427.5 secs   av.it.:  15.3
      thresh= 6.396E-08 alpha_mix =  0.700 |ddv_scf|^2 =  6.655E-15

     End of self-consistent calculation

     Convergence has been achieved 


     Representation #  18 mode #  18

     Self-consistent Calculation

      iter #   1 total cpu time : 13516.3 secs   av.it.:   3.3
      thresh= 1.000E-02 alpha_mix =  0.700 |ddv_scf|^2 =  3.303E-09

      iter #   2 total cpu time : 13615.1 secs   av.it.:  15.8
      thresh= 5.748E-06 alpha_mix =  0.700 |ddv_scf|^2 =  1.796E-09

      iter #   3 total cpu time : 13709.0 secs   av.it.:  14.9
      thresh= 4.238E-06 alpha_mix =  0.700 |ddv_scf|^2 =  2.482E-12

      iter #   4 total cpu time : 13807.0 secs   av.it.:  16.0
      thresh= 1.575E-07 alpha_mix =  0.700 |ddv_scf|^2 =  3.207E-13

      iter #   5 total cpu time : 13903.6 secs   av.it.:  15.7
      thresh= 5.663E-08 alpha_mix =  0.700 |ddv_scf|^2 =  2.496E-14

      iter #   6 total cpu time : 13998.4 secs   av.it.:  15.7
      thresh= 1.580E-08 alpha_mix =  0.700 |ddv_scf|^2 =  1.378E-15

     End of self-consistent calculation

     Convergence has been achieved 


     Representation #  19 mode #  19

     Self-consistent Calculation

      iter #   1 total cpu time : 14066.6 secs   av.it.:   3.0
      thresh= 1.000E-02 alpha_mix =  0.700 |ddv_scf|^2 =  8.652E-10

      iter #   2 total cpu time : 14163.7 secs   av.it.:  16.0
      thresh= 2.941E-06 alpha_mix =  0.700 |ddv_scf|^2 =  1.845E-10

      iter #   3 total cpu time : 14262.0 secs   av.it.:  15.9
      thresh= 1.358E-06 alpha_mix =  0.700 |ddv_scf|^2 =  1.005E-11

      iter #   4 total cpu time : 14358.0 secs   av.it.:  15.0
      thresh= 3.170E-07 alpha_mix =  0.700 |ddv_scf|^2 =  5.642E-13

      iter #   5 total cpu time : 14455.5 secs   av.it.:  15.6
      thresh= 7.511E-08 alpha_mix =  0.700 |ddv_scf|^2 =  1.415E-14

      iter #   6 total cpu time : 14554.1 secs   av.it.:  15.8
      thresh= 1.190E-08 alpha_mix =  0.700 |ddv_scf|^2 =  2.543E-15

     End of self-consistent calculation

     Convergence has been achieved 


     Representation #  20 mode #  20

     Self-consistent Calculation

      iter #   1 total cpu time : 14624.5 secs   av.it.:   3.7
      thresh= 1.000E-02 alpha_mix =  0.700 |ddv_scf|^2 =  4.946E-09

      iter #   2 total cpu time : 14722.2 secs   av.it.:  15.5
      thresh= 7.033E-06 alpha_mix =  0.700 |ddv_scf|^2 =  2.704E-09

      iter #   3 total cpu time : 14814.5 secs   av.it.:  14.9
      thresh= 5.200E-06 alpha_mix =  0.700 |ddv_scf|^2 =  7.753E-12

      iter #   4 total cpu time : 14907.2 secs   av.it.:  14.9
      thresh= 2.784E-07 alpha_mix =  0.700 |ddv_scf|^2 =  7.154E-13

      iter #   5 total cpu time : 15003.5 secs   av.it.:  15.0
      thresh= 8.458E-08 alpha_mix =  0.700 |ddv_scf|^2 =  5.984E-14

      iter #   6 total cpu time : 15097.6 secs   av.it.:  14.9
      thresh= 2.446E-08 alpha_mix =  0.700 |ddv_scf|^2 =  5.632E-15

     End of self-consistent calculation

     Convergence has been achieved 


     Representation #  21 mode #  21

     Self-consistent Calculation

      iter #   1 total cpu time : 15165.9 secs   av.it.:   3.1
      thresh= 1.000E-02 alpha_mix =  0.700 |ddv_scf|^2 =  6.766E-09

      iter #   2 total cpu time : 15259.3 secs   av.it.:  15.5
      thresh= 8.225E-06 alpha_mix =  0.700 |ddv_scf|^2 =  4.627E-09

      iter #   3 total cpu time : 15349.1 secs   av.it.:  14.9
      thresh= 6.802E-06 alpha_mix =  0.700 |ddv_scf|^2 =  4.090E-12

      iter #   4 total cpu time : 15445.6 secs   av.it.:  15.9
      thresh= 2.022E-07 alpha_mix =  0.700 |ddv_scf|^2 =  5.885E-13

      iter #   5 total cpu time : 15541.5 secs   av.it.:  15.9
      thresh= 7.672E-08 alpha_mix =  0.700 |ddv_scf|^2 =  6.184E-14

      iter #   6 total cpu time : 15635.5 secs   av.it.:  15.3
      thresh= 2.487E-08 alpha_mix =  0.700 |ddv_scf|^2 =  3.399E-15

     End of self-consistent calculation

     Convergence has been achieved 


     Representation #  22 mode #  22

     Self-consistent Calculation

      iter #   1 total cpu time : 15719.8 secs   av.it.:   6.6
      thresh= 1.000E-02 alpha_mix =  0.700 |ddv_scf|^2 =  3.472E-08

      iter #   2 total cpu time : 15812.8 secs   av.it.:  15.3
      thresh= 1.863E-05 alpha_mix =  0.700 |ddv_scf|^2 =  5.614E-09

      iter #   3 total cpu time : 15904.9 secs   av.it.:  15.2
      thresh= 7.493E-06 alpha_mix =  0.700 |ddv_scf|^2 =  2.675E-11

      iter #   4 total cpu time : 15997.2 secs   av.it.:  15.2
      thresh= 5.172E-07 alpha_mix =  0.700 |ddv_scf|^2 =  2.058E-13

      iter #   5 total cpu time : 16091.1 secs   av.it.:  15.5
      thresh= 4.536E-08 alpha_mix =  0.700 |ddv_scf|^2 =  7.024E-15

     End of self-consistent calculation

     Convergence has been achieved 


     Representation #  23 mode #  23

     Self-consistent Calculation

      iter #   1 total cpu time : 16164.0 secs   av.it.:   3.0
      thresh= 1.000E-02 alpha_mix =  0.700 |ddv_scf|^2 =  4.900E-09

      iter #   2 total cpu time : 16255.6 secs   av.it.:  15.0
      thresh= 7.000E-06 alpha_mix =  0.700 |ddv_scf|^2 =  2.722E-09

      iter #   3 total cpu time : 16343.7 secs   av.it.:  14.8
      thresh= 5.218E-06 alpha_mix =  0.700 |ddv_scf|^2 =  1.317E-11

      iter #   4 total cpu time : 16435.2 secs   av.it.:  15.0
      thresh= 3.629E-07 alpha_mix =  0.700 |ddv_scf|^2 =  1.283E-12

      iter #   5 total cpu time : 16526.9 secs   av.it.:  15.0
      thresh= 1.133E-07 alpha_mix =  0.700 |ddv_scf|^2 =  2.267E-14

      iter #   6 total cpu time : 16621.4 secs   av.it.:  15.8
      thresh= 1.506E-08 alpha_mix =  0.700 |ddv_scf|^2 =  1.760E-15

     End of self-consistent calculation

     Convergence has been achieved 


     Representation #  24 mode #  24

     Self-consistent Calculation

      iter #   1 total cpu time : 16688.4 secs   av.it.:   3.0
      thresh= 1.000E-02 alpha_mix =  0.700 |ddv_scf|^2 =  6.788E-10

      iter #   2 total cpu time : 16787.4 secs   av.it.:  15.8
      thresh= 2.605E-06 alpha_mix =  0.700 |ddv_scf|^2 =  1.027E-10

      iter #   3 total cpu time : 16885.2 secs   av.it.:  15.6
      thresh= 1.013E-06 alpha_mix =  0.700 |ddv_scf|^2 =  8.358E-12

      iter #   4 total cpu time : 16980.2 secs   av.it.:  15.0
      thresh= 2.891E-07 alpha_mix =  0.700 |ddv_scf|^2 =  6.583E-13

      iter #   5 total cpu time : 17076.5 secs   av.it.:  15.0
      thresh= 8.113E-08 alpha_mix =  0.700 |ddv_scf|^2 =  1.004E-14

      iter #   6 total cpu time : 17172.4 secs   av.it.:  15.7
      thresh= 1.002E-08 alpha_mix =  0.700 |ddv_scf|^2 =  9.035E-16

     End of self-consistent calculation

     Convergence has been achieved 


     Representation #  25 mode #  25

     Self-consistent Calculation

      iter #   1 total cpu time : 17241.2 secs   av.it.:   3.1
      thresh= 1.000E-02 alpha_mix =  0.700 |ddv_scf|^2 =  5.023E-09

      iter #   2 total cpu time : 17336.0 secs   av.it.:  15.7
      thresh= 7.087E-06 alpha_mix =  0.700 |ddv_scf|^2 =  2.702E-09

      iter #   3 total cpu time : 17427.1 secs   av.it.:  14.9
      thresh= 5.198E-06 alpha_mix =  0.700 |ddv_scf|^2 =  1.945E-11

      iter #   4 total cpu time : 17518.4 secs   av.it.:  15.0
      thresh= 4.410E-07 alpha_mix =  0.700 |ddv_scf|^2 =  1.209E-12

      iter #   5 total cpu time : 17611.8 secs   av.it.:  15.1
      thresh= 1.099E-07 alpha_mix =  0.700 |ddv_scf|^2 =  3.263E-14

      iter #   6 total cpu time : 17706.9 secs   av.it.:  15.8
      thresh= 1.806E-08 alpha_mix =  0.700 |ddv_scf|^2 =  6.135E-15

     End of self-consistent calculation

     Convergence has been achieved 


     Representation #  26 mode #  26

     Self-consistent Calculation

      iter #   1 total cpu time : 17774.9 secs   av.it.:   3.0
      thresh= 1.000E-02 alpha_mix =  0.700 |ddv_scf|^2 =  4.267E-09

      iter #   2 total cpu time : 17867.7 secs   av.it.:  15.0
      thresh= 6.532E-06 alpha_mix =  0.700 |ddv_scf|^2 =  1.378E-09

      iter #   3 total cpu time : 17957.4 secs   av.it.:  14.8
      thresh= 3.712E-06 alpha_mix =  0.700 |ddv_scf|^2 =  4.499E-12

      iter #   4 total cpu time : 18051.6 secs   av.it.:  15.6
      thresh= 2.121E-07 alpha_mix =  0.700 |ddv_scf|^2 =  9.100E-13

      iter #   5 total cpu time : 18144.3 secs   av.it.:  15.0
      thresh= 9.539E-08 alpha_mix =  0.700 |ddv_scf|^2 =  1.236E-14

      iter #   6 total cpu time : 18238.4 secs   av.it.:  15.5
      thresh= 1.112E-08 alpha_mix =  0.700 |ddv_scf|^2 =  8.296E-16

     End of self-consistent calculation

     Convergence has been achieved 


     Representation #  27 mode #  27

     Self-consistent Calculation

      iter #   1 total cpu time : 18314.1 secs   av.it.:   5.0
      thresh= 1.000E-02 alpha_mix =  0.700 |ddv_scf|^2 =  4.208E-08

      iter #   2 total cpu time : 18406.9 secs   av.it.:  15.0
      thresh= 2.051E-05 alpha_mix =  0.700 |ddv_scf|^2 =  2.166E-08

      iter #   3 total cpu time : 18496.0 secs   av.it.:  14.5
      thresh= 1.472E-05 alpha_mix =  0.700 |ddv_scf|^2 =  1.242E-10

      iter #   4 total cpu time : 18587.7 secs   av.it.:  14.9
      thresh= 1.115E-06 alpha_mix =  0.700 |ddv_scf|^2 =  5.607E-12

      iter #   5 total cpu time : 18680.0 secs   av.it.:  15.0
      thresh= 2.368E-07 alpha_mix =  0.700 |ddv_scf|^2 =  1.301E-13

      iter #   6 total cpu time : 18775.2 secs   av.it.:  15.9
      thresh= 3.606E-08 alpha_mix =  0.700 |ddv_scf|^2 =  2.179E-14

      iter #   7 total cpu time : 18867.5 secs   av.it.:  15.0
      thresh= 1.476E-08 alpha_mix =  0.700 |ddv_scf|^2 =  4.479E-16

     End of self-consistent calculation

     Convergence has been achieved 


     Representation #  28 mode #  28

     Self-consistent Calculation

      iter #   1 total cpu time : 18954.0 secs   av.it.:   3.0
      thresh= 1.000E-02 alpha_mix =  0.700 |ddv_scf|^2 =  7.010E-09

      iter #   2 total cpu time : 19045.4 secs   av.it.:  14.9
      thresh= 8.372E-06 alpha_mix =  0.700 |ddv_scf|^2 =  4.723E-09

      iter #   3 total cpu time : 19133.1 secs   av.it.:  14.0
      thresh= 6.872E-06 alpha_mix =  0.700 |ddv_scf|^2 =  6.424E-12

      iter #   4 total cpu time : 19226.7 secs   av.it.:  15.1
      thresh= 2.535E-07 alpha_mix =  0.700 |ddv_scf|^2 =  1.303E-12

      iter #   5 total cpu time : 19316.0 secs   av.it.:  14.7
      thresh= 1.141E-07 alpha_mix =  0.700 |ddv_scf|^2 =  1.475E-14

      iter #   6 total cpu time : 19410.8 secs   av.it.:  15.8
      thresh= 1.214E-08 alpha_mix =  0.700 |ddv_scf|^2 =  2.843E-15

     End of self-consistent calculation

     Convergence has been achieved 


     Representation #  29 mode #  29

     Self-consistent Calculation

      iter #   1 total cpu time : 19480.4 secs   av.it.:   3.8
      thresh= 1.000E-02 alpha_mix =  0.700 |ddv_scf|^2 =  3.833E-09

      iter #   2 total cpu time : 19578.4 secs   av.it.:  15.9
      thresh= 6.191E-06 alpha_mix =  0.700 |ddv_scf|^2 =  2.281E-09

      iter #   3 total cpu time : 19673.4 secs   av.it.:  14.9
      thresh= 4.776E-06 alpha_mix =  0.700 |ddv_scf|^2 =  1.475E-12

      iter #   4 total cpu time : 19773.8 secs   av.it.:  15.9
      thresh= 1.215E-07 alpha_mix =  0.700 |ddv_scf|^2 =  2.904E-13

      iter #   5 total cpu time : 19869.9 secs   av.it.:  15.1
      thresh= 5.389E-08 alpha_mix =  0.700 |ddv_scf|^2 =  1.719E-14

      iter #   6 total cpu time : 19965.2 secs   av.it.:  15.2
      thresh= 1.311E-08 alpha_mix =  0.700 |ddv_scf|^2 =  9.954E-16

     End of self-consistent calculation

     Convergence has been achieved 


     Representation #  30 mode #  30

     Self-consistent Calculation

      iter #   1 total cpu time : 20042.1 secs   av.it.:   5.0
      thresh= 1.000E-02 alpha_mix =  0.700 |ddv_scf|^2 =  4.769E-08

      iter #   2 total cpu time : 20137.3 secs   av.it.:  15.1
      thresh= 2.184E-05 alpha_mix =  0.700 |ddv_scf|^2 =  3.572E-08

      iter #   3 total cpu time : 20227.6 secs   av.it.:  14.5
      thresh= 1.890E-05 alpha_mix =  0.700 |ddv_scf|^2 =  4.040E-11

      iter #   4 total cpu time : 20325.0 secs   av.it.:  15.9
      thresh= 6.356E-07 alpha_mix =  0.700 |ddv_scf|^2 =  5.152E-12

      iter #   5 total cpu time : 20421.2 secs   av.it.:  15.7
      thresh= 2.270E-07 alpha_mix =  0.700 |ddv_scf|^2 =  2.244E-13

      iter #   6 total cpu time : 20518.2 secs   av.it.:  15.9
      thresh= 4.738E-08 alpha_mix =  0.700 |ddv_scf|^2 =  3.592E-15

     End of self-consistent calculation

     Convergence has been achieved 


     Representation #  31 mode #  31

     Self-consistent Calculation

      iter #   1 total cpu time : 20605.3 secs   av.it.:   3.0
      thresh= 1.000E-02 alpha_mix =  0.700 |ddv_scf|^2 =  5.832E-09

      iter #   2 total cpu time : 20699.9 secs   av.it.:  15.0
      thresh= 7.637E-06 alpha_mix =  0.700 |ddv_scf|^2 =  3.203E-09

      iter #   3 total cpu time : 20790.9 secs   av.it.:  14.5
      thresh= 5.660E-06 alpha_mix =  0.700 |ddv_scf|^2 =  1.309E-11

      iter #   4 total cpu time : 20885.4 secs   av.it.:  15.0
      thresh= 3.617E-07 alpha_mix =  0.700 |ddv_scf|^2 =  1.625E-12

      iter #   5 total cpu time : 20974.9 secs   av.it.:  14.7
      thresh= 1.275E-07 alpha_mix =  0.700 |ddv_scf|^2 =  2.964E-14

      iter #   6 total cpu time : 21068.3 secs   av.it.:  15.4
      thresh= 1.722E-08 alpha_mix =  0.700 |ddv_scf|^2 =  5.896E-15

     End of self-consistent calculation

     Convergence has been achieved 


     Representation #  32 mode #  32

     Self-consistent Calculation

      iter #   1 total cpu time : 21137.0 secs   av.it.:   3.4
      thresh= 1.000E-02 alpha_mix =  0.700 |ddv_scf|^2 =  2.157E-09

      iter #   2 total cpu time : 21233.8 secs   av.it.:  15.9
      thresh= 4.645E-06 alpha_mix =  0.700 |ddv_scf|^2 =  1.198E-09

      iter #   3 total cpu time : 21325.6 secs   av.it.:  14.9
      thresh= 3.461E-06 alpha_mix =  0.700 |ddv_scf|^2 =  3.876E-12

      iter #   4 total cpu time : 21418.8 secs   av.it.:  15.2
      thresh= 1.969E-07 alpha_mix =  0.700 |ddv_scf|^2 =  4.390E-13

      iter #   5 total cpu time : 21511.7 secs   av.it.:  15.0
      thresh= 6.625E-08 alpha_mix =  0.700 |ddv_scf|^2 =  2.586E-14

      iter #   6 total cpu time : 21605.2 secs   av.it.:  15.2
      thresh= 1.608E-08 alpha_mix =  0.700 |ddv_scf|^2 =  1.873E-15

     End of self-consistent calculation

     Convergence has been achieved 


     Representation #  33 mode #  33

     Self-consistent Calculation

      iter #   1 total cpu time : 21674.2 secs   av.it.:   3.3
      thresh= 1.000E-02 alpha_mix =  0.700 |ddv_scf|^2 =  3.542E-09

      iter #   2 total cpu time : 21769.9 secs   av.it.:  15.9
      thresh= 5.951E-06 alpha_mix =  0.700 |ddv_scf|^2 =  2.579E-09

      iter #   3 total cpu time : 21860.5 secs   av.it.:  14.9
      thresh= 5.079E-06 alpha_mix =  0.700 |ddv_scf|^2 =  5.206E-12

      iter #   4 total cpu time : 21957.8 secs   av.it.:  16.0
      thresh= 2.282E-07 alpha_mix =  0.700 |ddv_scf|^2 =  4.736E-13

      iter #   5 total cpu time : 22053.5 secs   av.it.:  16.0
      thresh= 6.882E-08 alpha_mix =  0.700 |ddv_scf|^2 =  1.675E-14

      iter #   6 total cpu time : 22147.3 secs   av.it.:  15.9
      thresh= 1.294E-08 alpha_mix =  0.700 |ddv_scf|^2 =  1.404E-15

     End of self-consistent calculation

     Convergence has been achieved 


     Representation #  34 mode #  34

     Self-consistent Calculation

      iter #   1 total cpu time : 22213.0 secs   av.it.:   3.0
      thresh= 1.000E-02 alpha_mix =  0.700 |ddv_scf|^2 =  8.387E-10

      iter #   2 total cpu time : 22307.9 secs   av.it.:  15.9
      thresh= 2.896E-06 alpha_mix =  0.700 |ddv_scf|^2 =  1.361E-10

      iter #   3 total cpu time : 22400.7 secs   av.it.:  15.0
      thresh= 1.167E-06 alpha_mix =  0.700 |ddv_scf|^2 =  9.872E-12

      iter #   4 total cpu time : 22493.1 secs   av.it.:  15.1
      thresh= 3.142E-07 alpha_mix =  0.700 |ddv_scf|^2 =  5.595E-13

      iter #   5 total cpu time : 22585.8 secs   av.it.:  15.0
      thresh= 7.480E-08 alpha_mix =  0.700 |ddv_scf|^2 =  2.337E-14

      iter #   6 total cpu time : 22678.8 secs   av.it.:  15.0
      thresh= 1.529E-08 alpha_mix =  0.700 |ddv_scf|^2 =  8.196E-16

     End of self-consistent calculation

     Convergence has been achieved 


     Representation #  35 mode #  35

     Self-consistent Calculation

      iter #   1 total cpu time : 22746.5 secs   av.it.:   3.0
      thresh= 1.000E-02 alpha_mix =  0.700 |ddv_scf|^2 =  2.105E-09

      iter #   2 total cpu time : 22841.6 secs   av.it.:  15.8
      thresh= 4.588E-06 alpha_mix =  0.700 |ddv_scf|^2 =  6.966E-10

      iter #   3 total cpu time : 22934.1 secs   av.it.:  15.0
      thresh= 2.639E-06 alpha_mix =  0.700 |ddv_scf|^2 =  1.762E-11

      iter #   4 total cpu time : 23027.0 secs   av.it.:  15.0
      thresh= 4.197E-07 alpha_mix =  0.700 |ddv_scf|^2 =  7.122E-13

      iter #   5 total cpu time : 23121.3 secs   av.it.:  15.6
      thresh= 8.439E-08 alpha_mix =  0.700 |ddv_scf|^2 =  3.144E-14

      iter #   6 total cpu time : 23215.6 secs   av.it.:  15.7
      thresh= 1.773E-08 alpha_mix =  0.700 |ddv_scf|^2 =  1.317E-15

     End of self-consistent calculation

     Convergence has been achieved 


     Representation #  36 mode #  36

     Self-consistent Calculation

      iter #   1 total cpu time : 23289.6 secs   av.it.:   4.1
      thresh= 1.000E-02 alpha_mix =  0.700 |ddv_scf|^2 =  4.816E-09

      iter #   2 total cpu time : 23389.7 secs   av.it.:  16.0
      thresh= 6.940E-06 alpha_mix =  0.700 |ddv_scf|^2 =  2.966E-10

      iter #   3 total cpu time : 23488.5 secs   av.it.:  16.0
      thresh= 1.722E-06 alpha_mix =  0.700 |ddv_scf|^2 =  8.232E-12

      iter #   4 total cpu time : 23584.5 secs   av.it.:  15.9
      thresh= 2.869E-07 alpha_mix =  0.700 |ddv_scf|^2 =  3.048E-12

      iter #   5 total cpu time : 23677.2 secs   av.it.:  15.0
      thresh= 1.746E-07 alpha_mix =  0.700 |ddv_scf|^2 =  4.741E-14

      iter #   6 total cpu time : 23772.2 secs   av.it.:  15.9
      thresh= 2.177E-08 alpha_mix =  0.700 |ddv_scf|^2 =  2.772E-15

     End of self-consistent calculation

     Convergence has been achieved 


     Representation #  37 mode #  37

     Self-consistent Calculation

      iter #   1 total cpu time : 23857.8 secs   av.it.:   3.0
      thresh= 1.000E-02 alpha_mix =  0.700 |ddv_scf|^2 =  7.294E-10

      iter #   2 total cpu time : 23954.3 secs   av.it.:  16.0
      thresh= 2.701E-06 alpha_mix =  0.700 |ddv_scf|^2 =  1.160E-10

      iter #   3 total cpu time : 24049.3 secs   av.it.:  15.8
      thresh= 1.077E-06 alpha_mix =  0.700 |ddv_scf|^2 =  1.577E-11

      iter #   4 total cpu time : 24141.8 secs   av.it.:  15.0
      thresh= 3.971E-07 alpha_mix =  0.700 |ddv_scf|^2 =  2.565E-13

      iter #   5 total cpu time : 24236.0 secs   av.it.:  15.6
      thresh= 5.065E-08 alpha_mix =  0.700 |ddv_scf|^2 =  5.811E-15

     End of self-consistent calculation

     Convergence has been achieved 


     Representation #  38 mode #  38

     Self-consistent Calculation

      iter #   1 total cpu time : 24304.3 secs   av.it.:   3.0
      thresh= 1.000E-02 alpha_mix =  0.700 |ddv_scf|^2 =  1.465E-09

      iter #   2 total cpu time : 24400.7 secs   av.it.:  15.9
      thresh= 3.828E-06 alpha_mix =  0.700 |ddv_scf|^2 =  2.862E-10

      iter #   3 total cpu time : 24495.9 secs   av.it.:  15.5
      thresh= 1.692E-06 alpha_mix =  0.700 |ddv_scf|^2 =  1.002E-11

      iter #   4 total cpu time : 24590.4 secs   av.it.:  15.1
      thresh= 3.166E-07 alpha_mix =  0.700 |ddv_scf|^2 =  9.329E-13

      iter #   5 total cpu time : 24684.8 secs   av.it.:  15.0
      thresh= 9.659E-08 alpha_mix =  0.700 |ddv_scf|^2 =  1.965E-14

      iter #   6 total cpu time : 24780.7 secs   av.it.:  15.8
      thresh= 1.402E-08 alpha_mix =  0.700 |ddv_scf|^2 =  1.005E-15

     End of self-consistent calculation

     Convergence has been achieved 


     Representation #  39 mode #  39

     Self-consistent Calculation

      iter #   1 total cpu time : 24864.6 secs   av.it.:   6.1
      thresh= 1.000E-02 alpha_mix =  0.700 |ddv_scf|^2 =  1.845E-07

      iter #   2 total cpu time : 24959.3 secs   av.it.:  15.3
      thresh= 4.295E-05 alpha_mix =  0.700 |ddv_scf|^2 =  8.701E-08

      iter #   3 total cpu time : 25049.3 secs   av.it.:  14.8
      thresh= 2.950E-05 alpha_mix =  0.700 |ddv_scf|^2 =  4.450E-10

      iter #   4 total cpu time : 25142.7 secs   av.it.:  15.4
      thresh= 2.110E-06 alpha_mix =  0.700 |ddv_scf|^2 =  1.187E-11

      iter #   5 total cpu time : 25238.5 secs   av.it.:  15.6
      thresh= 3.446E-07 alpha_mix =  0.700 |ddv_scf|^2 =  5.509E-13

      iter #   6 total cpu time : 25331.7 secs   av.it.:  14.9
      thresh= 7.423E-08 alpha_mix =  0.700 |ddv_scf|^2 =  7.523E-14

      iter #   7 total cpu time : 25421.5 secs   av.it.:  14.5
      thresh= 2.743E-08 alpha_mix =  0.700 |ddv_scf|^2 =  6.162E-15

     End of self-consistent calculation

     Convergence has been achieved 


     Representation #  40 mode #  40

     Self-consistent Calculation

      iter #   1 total cpu time : 25502.2 secs   av.it.:   4.6
      thresh= 1.000E-02 alpha_mix =  0.700 |ddv_scf|^2 =  8.598E-09

      iter #   2 total cpu time : 25599.4 secs   av.it.:  15.9
      thresh= 9.273E-06 alpha_mix =  0.700 |ddv_scf|^2 =  1.836E-09

      iter #   3 total cpu time : 25693.0 secs   av.it.:  15.3
      thresh= 4.285E-06 alpha_mix =  0.700 |ddv_scf|^2 =  2.486E-11

      iter #   4 total cpu time : 25787.9 secs   av.it.:  15.7
      thresh= 4.986E-07 alpha_mix =  0.700 |ddv_scf|^2 =  4.408E-12

      iter #   5 total cpu time : 25880.8 secs   av.it.:  15.0
      thresh= 2.100E-07 alpha_mix =  0.700 |ddv_scf|^2 =  4.154E-13

      iter #   6 total cpu time : 25974.7 secs   av.it.:  15.4
      thresh= 6.445E-08 alpha_mix =  0.700 |ddv_scf|^2 =  1.698E-15

     End of self-consistent calculation

     Convergence has been achieved 


     Representation #  41 mode #  41

     Self-consistent Calculation

      iter #   1 total cpu time : 26063.4 secs   av.it.:   3.9
      thresh= 1.000E-02 alpha_mix =  0.700 |ddv_scf|^2 =  5.828E-09

      iter #   2 total cpu time : 26157.8 secs   av.it.:  15.6
      thresh= 7.634E-06 alpha_mix =  0.700 |ddv_scf|^2 =  3.768E-09

      iter #   3 total cpu time : 26248.5 secs   av.it.:  14.9
      thresh= 6.139E-06 alpha_mix =  0.700 |ddv_scf|^2 =  3.370E-12

      iter #   4 total cpu time : 26344.6 secs   av.it.:  15.9
      thresh= 1.836E-07 alpha_mix =  0.700 |ddv_scf|^2 =  6.161E-13

      iter #   5 total cpu time : 26438.2 secs   av.it.:  15.3
      thresh= 7.849E-08 alpha_mix =  0.700 |ddv_scf|^2 =  4.967E-14

      iter #   6 total cpu time : 26530.4 secs   av.it.:  15.0
      thresh= 2.229E-08 alpha_mix =  0.700 |ddv_scf|^2 =  7.535E-16

     End of self-consistent calculation

     Convergence has been achieved 


     Representation #  42 mode #  42

     Self-consistent Calculation

      iter #   1 total cpu time : 26596.9 secs   av.it.:   3.0
      thresh= 1.000E-02 alpha_mix =  0.700 |ddv_scf|^2 =  4.065E-10

      iter #   2 total cpu time : 26693.0 secs   av.it.:  15.9
      thresh= 2.016E-06 alpha_mix =  0.700 |ddv_scf|^2 =  1.625E-10

      iter #   3 total cpu time : 26785.2 secs   av.it.:  15.0
      thresh= 1.275E-06 alpha_mix =  0.700 |ddv_scf|^2 =  9.691E-12

      iter #   4 total cpu time : 26877.6 secs   av.it.:  14.9
      thresh= 3.113E-07 alpha_mix =  0.700 |ddv_scf|^2 =  2.795E-13

      iter #   5 total cpu time : 26972.4 secs   av.it.:  15.7
      thresh= 5.287E-08 alpha_mix =  0.700 |ddv_scf|^2 =  1.439E-14

      iter #   6 total cpu time : 27066.2 secs   av.it.:  15.4
      thresh= 1.200E-08 alpha_mix =  0.700 |ddv_scf|^2 =  6.879E-16

     End of self-consistent calculation

     Convergence has been achieved 


     Representation #  43 mode #  43

     Self-consistent Calculation

      iter #   1 total cpu time : 27140.6 secs   av.it.:   4.1
      thresh= 1.000E-02 alpha_mix =  0.700 |ddv_scf|^2 =  5.099E-09

      iter #   2 total cpu time : 27237.7 secs   av.it.:  16.0
      thresh= 7.141E-06 alpha_mix =  0.700 |ddv_scf|^2 =  3.552E-10

      iter #   3 total cpu time : 27333.0 secs   av.it.:  15.9
      thresh= 1.885E-06 alpha_mix =  0.700 |ddv_scf|^2 =  1.261E-11

      iter #   4 total cpu time : 27428.3 secs   av.it.:  15.9
      thresh= 3.551E-07 alpha_mix =  0.700 |ddv_scf|^2 =  4.354E-12

      iter #   5 total cpu time : 27522.5 secs   av.it.:  15.0
      thresh= 2.087E-07 alpha_mix =  0.700 |ddv_scf|^2 =  4.348E-14

      iter #   6 total cpu time : 27619.8 secs   av.it.:  15.9
      thresh= 2.085E-08 alpha_mix =  0.700 |ddv_scf|^2 =  2.207E-15

     End of self-consistent calculation

     Convergence has been achieved 


     Representation #  44 mode #  44

     Self-consistent Calculation

      iter #   1 total cpu time : 27723.9 secs   av.it.:   6.3
      thresh= 1.000E-02 alpha_mix =  0.700 |ddv_scf|^2 =  6.931E-08

      iter #   2 total cpu time : 27820.7 secs   av.it.:  15.6
      thresh= 2.633E-05 alpha_mix =  0.700 |ddv_scf|^2 =  2.146E-08

      iter #   3 total cpu time : 27915.6 secs   av.it.:  15.1
      thresh= 1.465E-05 alpha_mix =  0.700 |ddv_scf|^2 =  2.443E-10

      iter #   4 total cpu time : 28009.9 secs   av.it.:  14.9
      thresh= 1.563E-06 alpha_mix =  0.700 |ddv_scf|^2 =  1.934E-11

      iter #   5 total cpu time : 28105.0 secs   av.it.:  15.1
      thresh= 4.397E-07 alpha_mix =  0.700 |ddv_scf|^2 =  3.019E-13

      iter #   6 total cpu time : 28201.8 secs   av.it.:  15.7
      thresh= 5.494E-08 alpha_mix =  0.700 |ddv_scf|^2 =  1.181E-14

      iter #   7 total cpu time : 28294.7 secs   av.it.:  15.7
      thresh= 1.087E-08 alpha_mix =  0.700 |ddv_scf|^2 =  1.255E-15

     End of self-consistent calculation

     Convergence has been achieved 


     Representation #  45 mode #  45

     Self-consistent Calculation

      iter #   1 total cpu time : 28366.9 secs   av.it.:   3.0
      thresh= 1.000E-02 alpha_mix =  0.700 |ddv_scf|^2 =  1.133E-09

      iter #   2 total cpu time : 28461.5 secs   av.it.:  16.0
      thresh= 3.367E-06 alpha_mix =  0.700 |ddv_scf|^2 =  3.297E-10

      iter #   3 total cpu time : 28552.5 secs   av.it.:  15.0
      thresh= 1.816E-06 alpha_mix =  0.700 |ddv_scf|^2 =  1.339E-11

      iter #   4 total cpu time : 28644.7 secs   av.it.:  15.1
      thresh= 3.660E-07 alpha_mix =  0.700 |ddv_scf|^2 =  3.692E-13

      iter #   5 total cpu time : 28737.4 secs   av.it.:  15.6
      thresh= 6.076E-08 alpha_mix =  0.700 |ddv_scf|^2 =  2.159E-14

      iter #   6 total cpu time : 28829.9 secs   av.it.:  15.4
      thresh= 1.469E-08 alpha_mix =  0.700 |ddv_scf|^2 =  1.188E-15

     End of self-consistent calculation

     Convergence has been achieved 


     Representation #  46 mode #  46

     Self-consistent Calculation

      iter #   1 total cpu time : 28898.3 secs   av.it.:   3.0
      thresh= 1.000E-02 alpha_mix =  0.700 |ddv_scf|^2 =  2.113E-09

      iter #   2 total cpu time : 28995.2 secs   av.it.:  15.9
      thresh= 4.597E-06 alpha_mix =  0.700 |ddv_scf|^2 =  1.581E-09

      iter #   3 total cpu time : 29086.1 secs   av.it.:  14.9
      thresh= 3.976E-06 alpha_mix =  0.700 |ddv_scf|^2 =  4.411E-12

      iter #   4 total cpu time : 29183.9 secs   av.it.:  16.0
      thresh= 2.100E-07 alpha_mix =  0.700 |ddv_scf|^2 =  4.668E-13

      iter #   5 total cpu time : 29280.6 secs   av.it.:  16.0
      thresh= 6.832E-08 alpha_mix =  0.700 |ddv_scf|^2 =  8.518E-15

     End of self-consistent calculation

     Convergence has been achieved 


     Representation #  47 mode #  47

     Self-consistent Calculation

      iter #   1 total cpu time : 29347.1 secs   av.it.:   3.0
      thresh= 1.000E-02 alpha_mix =  0.700 |ddv_scf|^2 =  3.488E-10

      iter #   2 total cpu time : 29445.1 secs   av.it.:  16.0
      thresh= 1.868E-06 alpha_mix =  0.700 |ddv_scf|^2 =  3.447E-11

      iter #   3 total cpu time : 29542.6 secs   av.it.:  15.9
      thresh= 5.871E-07 alpha_mix =  0.700 |ddv_scf|^2 =  1.232E-11

      iter #   4 total cpu time : 29635.3 secs   av.it.:  14.9
      thresh= 3.510E-07 alpha_mix =  0.700 |ddv_scf|^2 =  1.837E-13

      iter #   5 total cpu time : 29732.2 secs   av.it.:  15.9
      thresh= 4.286E-08 alpha_mix =  0.700 |ddv_scf|^2 =  1.190E-14

      iter #   6 total cpu time : 29828.1 secs   av.it.:  15.8
      thresh= 1.091E-08 alpha_mix =  0.700 |ddv_scf|^2 =  6.311E-16

     End of self-consistent calculation

     Convergence has been achieved 


     Representation #  48 mode #  48

     Self-consistent Calculation

      iter #   1 total cpu time : 29897.7 secs   av.it.:   3.5
      thresh= 1.000E-02 alpha_mix =  0.700 |ddv_scf|^2 =  2.335E-09

      iter #   2 total cpu time : 29995.0 secs   av.it.:  15.9
      thresh= 4.832E-06 alpha_mix =  0.700 |ddv_scf|^2 =  1.759E-09

      iter #   3 total cpu time : 30086.6 secs   av.it.:  14.9
      thresh= 4.195E-06 alpha_mix =  0.700 |ddv_scf|^2 =  5.014E-12

      iter #   4 total cpu time : 30185.0 secs   av.it.:  16.0
      thresh= 2.239E-07 alpha_mix =  0.700 |ddv_scf|^2 =  4.554E-13

      iter #   5 total cpu time : 30282.1 secs   av.it.:  15.9
      thresh= 6.748E-08 alpha_mix =  0.700 |ddv_scf|^2 =  1.106E-14

      iter #   6 total cpu time : 30378.8 secs   av.it.:  15.9
      thresh= 1.052E-08 alpha_mix =  0.700 |ddv_scf|^2 =  1.243E-15

     End of self-consistent calculation

     Convergence has been achieved 


     Representation #  49 mode #  49

     Self-consistent Calculation

      iter #   1 total cpu time : 30446.8 secs   av.it.:   3.0
      thresh= 1.000E-02 alpha_mix =  0.700 |ddv_scf|^2 =  1.133E-09

      iter #   2 total cpu time : 30544.1 secs   av.it.:  15.9
      thresh= 3.366E-06 alpha_mix =  0.700 |ddv_scf|^2 =  6.331E-10

      iter #   3 total cpu time : 30636.3 secs   av.it.:  14.9
      thresh= 2.516E-06 alpha_mix =  0.700 |ddv_scf|^2 =  6.204E-12

      iter #   4 total cpu time : 30731.8 secs   av.it.:  15.7
      thresh= 2.491E-07 alpha_mix =  0.700 |ddv_scf|^2 =  3.742E-13

      iter #   5 total cpu time : 30829.0 secs   av.it.:  15.9
      thresh= 6.118E-08 alpha_mix =  0.700 |ddv_scf|^2 =  1.639E-14

      iter #   6 total cpu time : 30925.5 secs   av.it.:  15.9
      thresh= 1.280E-08 alpha_mix =  0.700 |ddv_scf|^2 =  9.484E-16

     End of self-consistent calculation

     Convergence has been achieved 


     Representation #  50 mode #  50

     Self-consistent Calculation

      iter #   1 total cpu time : 31000.3 secs   av.it.:   4.2
      thresh= 1.000E-02 alpha_mix =  0.700 |ddv_scf|^2 =  8.481E-09

      iter #   2 total cpu time : 31100.4 secs   av.it.:  16.0
      thresh= 9.209E-06 alpha_mix =  0.700 |ddv_scf|^2 =  2.922E-09

      iter #   3 total cpu time : 31195.6 secs   av.it.:  15.0
      thresh= 5.406E-06 alpha_mix =  0.700 |ddv_scf|^2 =  1.119E-10

      iter #   4 total cpu time : 31292.4 secs   av.it.:  15.1
      thresh= 1.058E-06 alpha_mix =  0.700 |ddv_scf|^2 =  2.350E-12

      iter #   5 total cpu time : 31390.7 secs   av.it.:  15.7
      thresh= 1.533E-07 alpha_mix =  0.700 |ddv_scf|^2 =  3.522E-13

      iter #   6 total cpu time : 31487.6 secs   av.it.:  15.1
      thresh= 5.934E-08 alpha_mix =  0.700 |ddv_scf|^2 =  1.606E-15

     End of self-consistent calculation

     Convergence has been achieved 


     Representation #  51 mode #  51

     Self-consistent Calculation

      iter #   1 total cpu time : 31576.2 secs   av.it.:   3.1
      thresh= 1.000E-02 alpha_mix =  0.700 |ddv_scf|^2 =  2.418E-09

      iter #   2 total cpu time : 31676.0 secs   av.it.:  15.9
      thresh= 4.918E-06 alpha_mix =  0.700 |ddv_scf|^2 =  1.852E-09

      iter #   3 total cpu time : 31770.1 secs   av.it.:  14.8
      thresh= 4.303E-06 alpha_mix =  0.700 |ddv_scf|^2 =  3.730E-12

      iter #   4 total cpu time : 31872.0 secs   av.it.:  16.0
      thresh= 1.931E-07 alpha_mix =  0.700 |ddv_scf|^2 =  7.407E-13

      iter #   5 total cpu time : 31971.3 secs   av.it.:  15.9
      thresh= 8.606E-08 alpha_mix =  0.700 |ddv_scf|^2 =  4.227E-14

      iter #   6 total cpu time : 32069.0 secs   av.it.:  15.4
      thresh= 2.056E-08 alpha_mix =  0.700 |ddv_scf|^2 =  2.692E-15

     End of self-consistent calculation

     Convergence has been achieved 


     Representation #  52 mode #  52

     Self-consistent Calculation

      iter #   1 total cpu time : 32137.9 secs   av.it.:   3.0
      thresh= 1.000E-02 alpha_mix =  0.700 |ddv_scf|^2 =  2.069E-09

      iter #   2 total cpu time : 32237.2 secs   av.it.:  15.9
      thresh= 4.549E-06 alpha_mix =  0.700 |ddv_scf|^2 =  1.056E-09

      iter #   3 total cpu time : 32332.1 secs   av.it.:  15.0
      thresh= 3.250E-06 alpha_mix =  0.700 |ddv_scf|^2 =  1.026E-11

      iter #   4 total cpu time : 32429.3 secs   av.it.:  15.3
      thresh= 3.202E-07 alpha_mix =  0.700 |ddv_scf|^2 =  7.754E-13

      iter #   5 total cpu time : 32527.2 secs   av.it.:  15.6
      thresh= 8.805E-08 alpha_mix =  0.700 |ddv_scf|^2 =  5.782E-14

      iter #   6 total cpu time : 32624.2 secs   av.it.:  15.1
      thresh= 2.405E-08 alpha_mix =  0.700 |ddv_scf|^2 =  1.644E-15

     End of self-consistent calculation

     Convergence has been achieved 


     Representation #  53 mode #  53

     Self-consistent Calculation

      iter #   1 total cpu time : 32693.3 secs   av.it.:   3.0
      thresh= 1.000E-02 alpha_mix =  0.700 |ddv_scf|^2 =  1.241E-09

      iter #   2 total cpu time : 32793.9 secs   av.it.:  16.0
      thresh= 3.523E-06 alpha_mix =  0.700 |ddv_scf|^2 =  5.431E-10

      iter #   3 total cpu time : 32890.0 secs   av.it.:  15.0
      thresh= 2.331E-06 alpha_mix =  0.700 |ddv_scf|^2 =  7.254E-12

      iter #   4 total cpu time : 32987.8 secs   av.it.:  15.7
      thresh= 2.693E-07 alpha_mix =  0.700 |ddv_scf|^2 =  8.633E-13

      iter #   5 total cpu time : 33084.2 secs   av.it.:  15.1
      thresh= 9.291E-08 alpha_mix =  0.700 |ddv_scf|^2 =  5.739E-14

      iter #   6 total cpu time : 33181.4 secs   av.it.:  15.3
      thresh= 2.396E-08 alpha_mix =  0.700 |ddv_scf|^2 =  1.694E-15

     End of self-consistent calculation

     Convergence has been achieved 


     Representation #  54 mode #  54

     Self-consistent Calculation

      iter #   1 total cpu time : 33250.9 secs   av.it.:   3.0
      thresh= 1.000E-02 alpha_mix =  0.700 |ddv_scf|^2 =  3.036E-09

      iter #   2 total cpu time : 33348.6 secs   av.it.:  15.6
      thresh= 5.510E-06 alpha_mix =  0.700 |ddv_scf|^2 =  1.929E-09

      iter #   3 total cpu time : 33441.6 secs   av.it.:  14.8
      thresh= 4.392E-06 alpha_mix =  0.700 |ddv_scf|^2 =  6.126E-12

      iter #   4 total cpu time : 33539.7 secs   av.it.:  15.7
      thresh= 2.475E-07 alpha_mix =  0.700 |ddv_scf|^2 =  7.284E-13

      iter #   5 total cpu time : 33637.2 secs   av.it.:  15.4
      thresh= 8.535E-08 alpha_mix =  0.700 |ddv_scf|^2 =  2.296E-14

      iter #   6 total cpu time : 33737.3 secs   av.it.:  15.9
      thresh= 1.515E-08 alpha_mix =  0.700 |ddv_scf|^2 =  1.990E-15

     End of self-consistent calculation

     Convergence has been achieved 


     Representation #  55 mode #  55

     Self-consistent Calculation

      iter #   1 total cpu time : 33804.5 secs   av.it.:   3.0
      thresh= 1.000E-02 alpha_mix =  0.700 |ddv_scf|^2 =  5.271E-10

      iter #   2 total cpu time : 33901.5 secs   av.it.:  16.0
      thresh= 2.296E-06 alpha_mix =  0.700 |ddv_scf|^2 =  1.079E-10

      iter #   3 total cpu time : 33995.6 secs   av.it.:  15.7
      thresh= 1.039E-06 alpha_mix =  0.700 |ddv_scf|^2 =  6.767E-12

      iter #   4 total cpu time : 34089.3 secs   av.it.:  15.4
      thresh= 2.601E-07 alpha_mix =  0.700 |ddv_scf|^2 =  1.956E-13

      iter #   5 total cpu time : 34184.4 secs   av.it.:  15.9
      thresh= 4.423E-08 alpha_mix =  0.700 |ddv_scf|^2 =  3.302E-14

      iter #   6 total cpu time : 34276.1 secs   av.it.:  15.0
      thresh= 1.817E-08 alpha_mix =  0.700 |ddv_scf|^2 =  1.518E-15

     End of self-consistent calculation

     Convergence has been achieved 


     Representation #  56 mode #  56

     Self-consistent Calculation

      iter #   1 total cpu time : 34361.6 secs   av.it.:   6.6
      thresh= 1.000E-02 alpha_mix =  0.700 |ddv_scf|^2 =  1.979E-07

      iter #   2 total cpu time : 34454.0 secs   av.it.:  15.3
      thresh= 4.449E-05 alpha_mix =  0.700 |ddv_scf|^2 =  1.479E-07

      iter #   3 total cpu time : 34542.3 secs   av.it.:  14.6
      thresh= 3.845E-05 alpha_mix =  0.700 |ddv_scf|^2 =  1.058E-10

      iter #   4 total cpu time : 34637.3 secs   av.it.:  15.9
      thresh= 1.029E-06 alpha_mix =  0.700 |ddv_scf|^2 =  2.017E-11

      iter #   5 total cpu time : 34733.4 secs   av.it.:  15.6
      thresh= 4.491E-07 alpha_mix =  0.700 |ddv_scf|^2 =  8.736E-13

      iter #   6 total cpu time : 34830.8 secs   av.it.:  15.6
      thresh= 9.347E-08 alpha_mix =  0.700 |ddv_scf|^2 =  2.617E-14

      iter #   7 total cpu time : 34927.0 secs   av.it.:  15.3
      thresh= 1.618E-08 alpha_mix =  0.700 |ddv_scf|^2 =  1.681E-15

     End of self-consistent calculation

     Convergence has been achieved 


     Representation #  57 mode #  57

     Self-consistent Calculation

      iter #   1 total cpu time : 35008.5 secs   av.it.:   5.0
      thresh= 1.000E-02 alpha_mix =  0.700 |ddv_scf|^2 =  2.921E-08

      iter #   2 total cpu time : 35105.6 secs   av.it.:  15.5
      thresh= 1.709E-05 alpha_mix =  0.700 |ddv_scf|^2 =  1.884E-08

      iter #   3 total cpu time : 35197.9 secs   av.it.:  14.8
      thresh= 1.373E-05 alpha_mix =  0.700 |ddv_scf|^2 =  5.085E-11

      iter #   4 total cpu time : 35296.2 secs   av.it.:  15.9
      thresh= 7.131E-07 alpha_mix =  0.700 |ddv_scf|^2 =  4.577E-12

      iter #   5 total cpu time : 35391.6 secs   av.it.:  15.8
      thresh= 2.139E-07 alpha_mix =  0.700 |ddv_scf|^2 =  7.494E-13

      iter #   6 total cpu time : 35486.6 secs   av.it.:  15.7
      thresh= 8.657E-08 alpha_mix =  0.700 |ddv_scf|^2 =  6.091E-15

     End of self-consistent calculation

     Convergence has been achieved 


     Representation #  58 mode #  58

     Self-consistent Calculation

      iter #   1 total cpu time : 35571.5 secs   av.it.:   3.0
      thresh= 1.000E-02 alpha_mix =  0.700 |ddv_scf|^2 =  8.153E-10

      iter #   2 total cpu time : 35669.1 secs   av.it.:  15.9
      thresh= 2.855E-06 alpha_mix =  0.700 |ddv_scf|^2 =  3.806E-10

      iter #   3 total cpu time : 35762.8 secs   av.it.:  14.9
      thresh= 1.951E-06 alpha_mix =  0.700 |ddv_scf|^2 =  8.548E-12

      iter #   4 total cpu time : 35858.1 secs   av.it.:  15.1
      thresh= 2.924E-07 alpha_mix =  0.700 |ddv_scf|^2 =  2.110E-13

      iter #   5 total cpu time : 35955.5 secs   av.it.:  15.9
      thresh= 4.593E-08 alpha_mix =  0.700 |ddv_scf|^2 =  8.169E-15

     End of self-consistent calculation

     Convergence has been achieved 


     Representation #  59 mode #  59

     Self-consistent Calculation

      iter #   1 total cpu time : 36024.1 secs   av.it.:   3.0
      thresh= 1.000E-02 alpha_mix =  0.700 |ddv_scf|^2 =  1.368E-09

      iter #   2 total cpu time : 36122.6 secs   av.it.:  15.9
      thresh= 3.698E-06 alpha_mix =  0.700 |ddv_scf|^2 =  6.242E-10

      iter #   3 total cpu time : 36216.5 secs   av.it.:  15.0
      thresh= 2.498E-06 alpha_mix =  0.700 |ddv_scf|^2 =  9.837E-12

      iter #   4 total cpu time : 36312.3 secs   av.it.:  15.1
      thresh= 3.136E-07 alpha_mix =  0.700 |ddv_scf|^2 =  7.057E-13

      iter #   5 total cpu time : 36408.7 secs   av.it.:  15.4
      thresh= 8.400E-08 alpha_mix =  0.700 |ddv_scf|^2 =  5.183E-14

      iter #   6 total cpu time : 36504.7 secs   av.it.:  15.1
      thresh= 2.277E-08 alpha_mix =  0.700 |ddv_scf|^2 =  1.754E-15

     End of self-consistent calculation

     Convergence has been achieved 


     Representation #  60 mode #  60

     Self-consistent Calculation

      iter #   1 total cpu time : 36573.0 secs   av.it.:   3.0
      thresh= 1.000E-02 alpha_mix =  0.700 |ddv_scf|^2 =  1.804E-09

      iter #   2 total cpu time : 36670.5 secs   av.it.:  15.9
      thresh= 4.247E-06 alpha_mix =  0.700 |ddv_scf|^2 =  1.066E-09

      iter #   3 total cpu time : 36764.0 secs   av.it.:  14.9
      thresh= 3.265E-06 alpha_mix =  0.700 |ddv_scf|^2 =  4.697E-12

      iter #   4 total cpu time : 36862.1 secs   av.it.:  15.9
      thresh= 2.167E-07 alpha_mix =  0.700 |ddv_scf|^2 =  1.444E-12

      iter #   5 total cpu time : 36956.7 secs   av.it.:  15.0
      thresh= 1.201E-07 alpha_mix =  0.700 |ddv_scf|^2 =  3.994E-14

      iter #   6 total cpu time : 37052.0 secs   av.it.:  15.9
      thresh= 1.998E-08 alpha_mix =  0.700 |ddv_scf|^2 =  2.362E-15

     End of self-consistent calculation

     Convergence has been achieved 


     Representation #  61 mode #  61

     Self-consistent Calculation

      iter #   1 total cpu time : 37121.3 secs   av.it.:   3.3
      thresh= 1.000E-02 alpha_mix =  0.700 |ddv_scf|^2 =  5.599E-09

      iter #   2 total cpu time : 37214.5 secs   av.it.:  15.3
      thresh= 7.483E-06 alpha_mix =  0.700 |ddv_scf|^2 =  3.401E-09

      iter #   3 total cpu time : 37304.9 secs   av.it.:  14.9
      thresh= 5.832E-06 alpha_mix =  0.700 |ddv_scf|^2 =  1.161E-11

      iter #   4 total cpu time : 37396.7 secs   av.it.:  15.0
      thresh= 3.407E-07 alpha_mix =  0.700 |ddv_scf|^2 =  1.040E-12

      iter #   5 total cpu time : 37491.0 secs   av.it.:  15.4
      thresh= 1.020E-07 alpha_mix =  0.700 |ddv_scf|^2 =  8.415E-14

      iter #   6 total cpu time : 37583.5 secs   av.it.:  15.0
      thresh= 2.901E-08 alpha_mix =  0.700 |ddv_scf|^2 =  1.501E-15

     End of self-consistent calculation

     Convergence has been achieved 


     Representation #  62 mode #  62

     Self-consistent Calculation

      iter #   1 total cpu time : 37658.3 secs   av.it.:   4.3
      thresh= 1.000E-02 alpha_mix =  0.700 |ddv_scf|^2 =  7.907E-09

      iter #   2 total cpu time : 37754.6 secs   av.it.:  15.9
      thresh= 8.892E-06 alpha_mix =  0.700 |ddv_scf|^2 =  3.342E-09

      iter #   3 total cpu time : 37846.3 secs   av.it.:  15.0
      thresh= 5.781E-06 alpha_mix =  0.700 |ddv_scf|^2 =  8.036E-11

      iter #   4 total cpu time : 37938.9 secs   av.it.:  15.0
      thresh= 8.964E-07 alpha_mix =  0.700 |ddv_scf|^2 =  3.129E-12

      iter #   5 total cpu time : 38033.7 secs   av.it.:  15.7
      thresh= 1.769E-07 alpha_mix =  0.700 |ddv_scf|^2 =  5.513E-13

      iter #   6 total cpu time : 38127.9 secs   av.it.:  15.5
      thresh= 7.425E-08 alpha_mix =  0.700 |ddv_scf|^2 =  6.014E-15

     End of self-consistent calculation

     Convergence has been achieved 


     Representation #  63 mode #  63

     Self-consistent Calculation

      iter #   1 total cpu time : 38229.7 secs   av.it.:   6.0
      thresh= 1.000E-02 alpha_mix =  0.700 |ddv_scf|^2 =  1.043E-07

      iter #   2 total cpu time : 38323.6 secs   av.it.:  15.4
      thresh= 3.229E-05 alpha_mix =  0.700 |ddv_scf|^2 =  4.297E-08

      iter #   3 total cpu time : 38414.7 secs   av.it.:  14.9
      thresh= 2.073E-05 alpha_mix =  0.700 |ddv_scf|^2 =  6.251E-10

      iter #   4 total cpu time : 38507.2 secs   av.it.:  14.9
      thresh= 2.500E-06 alpha_mix =  0.700 |ddv_scf|^2 =  1.476E-11

      iter #   5 total cpu time : 38601.5 secs   av.it.:  15.4
      thresh= 3.841E-07 alpha_mix =  0.700 |ddv_scf|^2 =  1.004E-12

      iter #   6 total cpu time : 38695.0 secs   av.it.:  15.2
      thresh= 1.002E-07 alpha_mix =  0.700 |ddv_scf|^2 =  6.519E-14

      iter #   7 total cpu time : 38783.9 secs   av.it.:  14.5
      thresh= 2.553E-08 alpha_mix =  0.700 |ddv_scf|^2 =  5.400E-15

     End of self-consistent calculation

     Convergence has been achieved 


     Representation #  64 mode #  64

     Self-consistent Calculation

      iter #   1 total cpu time : 38858.2 secs   av.it.:   3.6
      thresh= 1.000E-02 alpha_mix =  0.700 |ddv_scf|^2 =  2.764E-09

      iter #   2 total cpu time : 38955.2 secs   av.it.:  15.9
      thresh= 5.258E-06 alpha_mix =  0.700 |ddv_scf|^2 =  1.245E-09

      iter #   3 total cpu time : 39048.6 secs   av.it.:  15.0
      thresh= 3.529E-06 alpha_mix =  0.700 |ddv_scf|^2 =  5.517E-12

      iter #   4 total cpu time : 39145.0 secs   av.it.:  15.9
      thresh= 2.349E-07 alpha_mix =  0.700 |ddv_scf|^2 =  9.106E-13

      iter #   5 total cpu time : 39241.0 secs   av.it.:  15.2
      thresh= 9.543E-08 alpha_mix =  0.700 |ddv_scf|^2 =  4.934E-14

      iter #   6 total cpu time : 39337.0 secs   av.it.:  15.2
      thresh= 2.221E-08 alpha_mix =  0.700 |ddv_scf|^2 =  1.480E-15

     End of self-consistent calculation

     Convergence has been achieved 


     Representation #  65 mode #  65

     Self-consistent Calculation

      iter #   1 total cpu time : 39405.6 secs   av.it.:   3.0
      thresh= 1.000E-02 alpha_mix =  0.700 |ddv_scf|^2 =  8.859E-10

      iter #   2 total cpu time : 39504.7 secs   av.it.:  15.9
      thresh= 2.976E-06 alpha_mix =  0.700 |ddv_scf|^2 =  2.479E-10

      iter #   3 total cpu time : 39601.0 secs   av.it.:  15.4
      thresh= 1.575E-06 alpha_mix =  0.700 |ddv_scf|^2 =  6.864E-12

      iter #   4 total cpu time : 39696.4 secs   av.it.:  15.8
      thresh= 2.620E-07 alpha_mix =  0.700 |ddv_scf|^2 =  3.210E-13

      iter #   5 total cpu time : 39790.6 secs   av.it.:  15.5
      thresh= 5.666E-08 alpha_mix =  0.700 |ddv_scf|^2 =  2.545E-14

      iter #   6 total cpu time : 39883.9 secs   av.it.:  15.0
      thresh= 1.595E-08 alpha_mix =  0.700 |ddv_scf|^2 =  2.794E-15

     End of self-consistent calculation

     Convergence has been achieved 


     Representation #  66 mode #  66

     Self-consistent Calculation

      iter #   1 total cpu time : 39951.9 secs   av.it.:   3.1
      thresh= 1.000E-02 alpha_mix =  0.700 |ddv_scf|^2 =  1.586E-09

      iter #   2 total cpu time : 40049.4 secs   av.it.:  16.0
      thresh= 3.982E-06 alpha_mix =  0.700 |ddv_scf|^2 =  7.418E-10

      iter #   3 total cpu time : 40142.7 secs   av.it.:  15.0
      thresh= 2.724E-06 alpha_mix =  0.700 |ddv_scf|^2 =  4.588E-12

      iter #   4 total cpu time : 40238.3 secs   av.it.:  15.9
      thresh= 2.142E-07 alpha_mix =  0.700 |ddv_scf|^2 =  8.819E-13

      iter #   5 total cpu time : 40330.3 secs   av.it.:  15.0
      thresh= 9.391E-08 alpha_mix =  0.700 |ddv_scf|^2 =  5.393E-14

      iter #   6 total cpu time : 40424.4 secs   av.it.:  15.1
      thresh= 2.322E-08 alpha_mix =  0.700 |ddv_scf|^2 =  1.977E-15

     End of self-consistent calculation

     Convergence has been achieved 

     Number of q in the star =    1
     List of q in the star:
          1   0.000000000   0.000000000   0.000000000

          Dielectric constant in cartesian axis 

          (       2.918416175       0.000000000       0.000000000 )
          (       0.000000000       2.960032699       0.000000000 )
          (       0.000000000       0.000000000       3.149729845 )

          Effective charges (d Force / dE) in cartesian axis without acoustic sum rule applied (asr)

           atom    1  Ba    Mean Z*:        2.61129
      Ex  (        2.41786       -0.07093        0.00000 )
      Ey  (        0.25524        2.43293        0.00000 )
      Ez  (        0.00000        0.00000        2.98307 )
           atom    2  Ba    Mean Z*:        2.61129
      Ex  (        2.41786        0.07093        0.00000 )
      Ey  (       -0.25524        2.43293        0.00000 )
      Ez  (        0.00000        0.00000        2.98307 )
           atom    3  B     Mean Z*:       -0.10163
      Ex  (       -0.12328        0.01369        0.00000 )
      Ey  (        0.16215        0.00609        0.00000 )
      Ez  (        0.00003       -0.00000       -0.18769 )
           atom    4  B     Mean Z*:       -0.10163
      Ex  (       -0.12328        0.01369       -0.00000 )
      Ey  (        0.16215        0.00609       -0.00000 )
      Ez  (       -0.00003        0.00000       -0.18769 )
           atom    5  B     Mean Z*:       -0.10163
      Ex  (       -0.12328       -0.01369       -0.00000 )
      Ey  (       -0.16215        0.00609        0.00000 )
      Ez  (       -0.00003       -0.00000       -0.18769 )
           atom    6  B     Mean Z*:       -0.10163
      Ex  (       -0.12328       -0.01369        0.00000 )
      Ey  (       -0.16215        0.00609       -0.00000 )
      Ez  (        0.00003        0.00000       -0.18769 )
           atom    7  H     Mean Z*:       -0.31230
      Ex  (       -0.44964        0.13287       -0.00003 )
      Ey  (        0.13809       -0.23344        0.00002 )
      Ez  (       -0.00002        0.00002       -0.25383 )
           atom    8  H     Mean Z*:       -0.31230
      Ex  (       -0.44964        0.13287        0.00003 )
      Ey  (        0.13809       -0.23344       -0.00002 )
      Ez  (        0.00002       -0.00002       -0.25383 )
           atom    9  H     Mean Z*:       -0.31230
      Ex  (       -0.44964       -0.13287        0.00003 )
      Ey  (       -0.13809       -0.23344        0.00002 )
      Ez  (        0.00002        0.00002       -0.25383 )
           atom   10  H     Mean Z*:       -0.31230
      Ex  (       -0.44964       -0.13287       -0.00003 )
      Ey  (       -0.13809       -0.23344       -0.00002 )
      Ez  (       -0.00002       -0.00002       -0.25383 )
           atom   11  H     Mean Z*:       -0.30927
      Ex  (       -0.21907       -0.00382        0.00000 )
      Ey  (       -0.09575       -0.45200        0.00000 )
      Ez  (       -0.00000       -0.00001       -0.25675 )
           atom   12  H     Mean Z*:       -0.30927
      Ex  (       -0.21907       -0.00382       -0.00000 )
      Ey  (       -0.09575       -0.45200       -0.00000 )
      Ez  (        0.00000        0.00001       -0.25675 )
           atom   13  H     Mean Z*:       -0.30927
      Ex  (       -0.21907        0.00382       -0.00000 )
      Ey  (        0.09575       -0.45200        0.00000 )
      Ez  (        0.00000       -0.00001       -0.25675 )
           atom   14  H     Mean Z*:       -0.30927
      Ex  (       -0.21907        0.00382        0.00000 )
      Ey  (        0.09575       -0.45200       -0.00000 )
      Ez  (       -0.00000        0.00001       -0.25675 )
           atom   15  H     Mean Z*:       -0.29091
      Ex  (       -0.20854        0.16128        0.07665 )
      Ey  (        0.11850       -0.26775       -0.10040 )
      Ez  (        0.04002       -0.11096       -0.39644 )
           atom   16  H     Mean Z*:       -0.29091
      Ex  (       -0.20854        0.16128       -0.07665 )
      Ey  (        0.11850       -0.26775        0.10040 )
      Ez  (       -0.04002        0.11096       -0.39644 )
           atom   17  H     Mean Z*:       -0.29091
      Ex  (       -0.20854       -0.16128       -0.07665 )
      Ey  (       -0.11850       -0.26775       -0.10040 )
      Ez  (       -0.04002       -0.11096       -0.39644 )
           atom   18  H     Mean Z*:       -0.29091
      Ex  (       -0.20854       -0.16128        0.07665 )
      Ey  (       -0.11850       -0.26775        0.10040 )
      Ez  (        0.04002        0.11096       -0.39644 )
           atom   19  H     Mean Z*:       -0.29090
      Ex  (       -0.20853        0.16125        0.07661 )
      Ey  (        0.11848       -0.26773       -0.10037 )
      Ez  (        0.04000       -0.11094       -0.39644 )
           atom   20  H     Mean Z*:       -0.29090
      Ex  (       -0.20853        0.16125       -0.07661 )
      Ey  (        0.11848       -0.26773        0.10037 )
      Ez  (       -0.04000        0.11094       -0.39644 )
           atom   21  H     Mean Z*:       -0.29090
      Ex  (       -0.20853       -0.16125       -0.07661 )
      Ey  (       -0.11848       -0.26773       -0.10037 )
      Ez  (       -0.04000       -0.11094       -0.39644 )
           atom   22  H     Mean Z*:       -0.29090
      Ex  (       -0.20853       -0.16125        0.07661 )
      Ey  (       -0.11848       -0.26773        0.10037 )
      Ez  (        0.04000        0.11094       -0.39644 )

          Effective charges Sum: Mean:        0.00254
             -0.00051        0.00000       -0.00000
              0.00000        0.00655        0.00000
             -0.00000        0.00000        0.00157

          Effective charges (d Force / dE) in cartesian axis with asr applied: 
           atom    1  Ba    Mean Z*:        2.61117
      E*x (        2.41788       -0.07093        0.00000 )
      E*y (        0.25524        2.43264        0.00000 )
      E*z (        0.00000        0.00000        2.98300 )
           atom    2  Ba    Mean Z*:        2.61117
      E*x (        2.41788        0.07093        0.00000 )
      E*y (       -0.25524        2.43264        0.00000 )
      E*z (        0.00000        0.00000        2.98300 )
           atom    3  B     Mean Z*:       -0.10174
      E*x (       -0.12326        0.01369        0.00000 )
      E*y (        0.16215        0.00580        0.00000 )
      E*z (        0.00003       -0.00000       -0.18776 )
           atom    4  B     Mean Z*:       -0.10174
      E*x (       -0.12326        0.01369       -0.00000 )
      E*y (        0.16215        0.00580       -0.00000 )
      E*z (       -0.00003        0.00000       -0.18776 )
           atom    5  B     Mean Z*:       -0.10174
      E*x (       -0.12326       -0.01369       -0.00000 )
      E*y (       -0.16215        0.00580        0.00000 )
      E*z (       -0.00003       -0.00000       -0.18776 )
           atom    6  B     Mean Z*:       -0.10174
      E*x (       -0.12326       -0.01369        0.00000 )
      E*y (       -0.16215        0.00580       -0.00000 )
      E*z (        0.00003        0.00000       -0.18776 )
           atom    7  H     Mean Z*:       -0.31242
      E*x (       -0.44962        0.13287       -0.00003 )
      E*y (        0.13809       -0.23373        0.00002 )
      E*z (       -0.00002        0.00002       -0.25390 )
           atom    8  H     Mean Z*:       -0.31242
      E*x (       -0.44962        0.13287        0.00003 )
      E*y (        0.13809       -0.23373       -0.00002 )
      E*z (        0.00002       -0.00002       -0.25390 )
           atom    9  H     Mean Z*:       -0.31242
      E*x (       -0.44962       -0.13287        0.00003 )
      E*y (       -0.13809       -0.23373        0.00002 )
      E*z (        0.00002        0.00002       -0.25390 )
           atom   10  H     Mean Z*:       -0.31242
      E*x (       -0.44962       -0.13287       -0.00003 )
      E*y (       -0.13809       -0.23373       -0.00002 )
      E*z (       -0.00002       -0.00002       -0.25390 )
           atom   11  H     Mean Z*:       -0.30939
      E*x (       -0.21904       -0.00382        0.00000 )
      E*y (       -0.09575       -0.45230        0.00000 )
      E*z (       -0.00000       -0.00001       -0.25682 )
           atom   12  H     Mean Z*:       -0.30939
      E*x (       -0.21904       -0.00382       -0.00000 )
      E*y (       -0.09575       -0.45230       -0.00000 )
      E*z (        0.00000        0.00001       -0.25682 )
           atom   13  H     Mean Z*:       -0.30939
      E*x (       -0.21904        0.00382       -0.00000 )
      E*y (        0.09575       -0.45230        0.00000 )
      E*z (        0.00000       -0.00001       -0.25682 )
           atom   14  H     Mean Z*:       -0.30939
      E*x (       -0.21904        0.00382        0.00000 )
      E*y (        0.09575       -0.45230       -0.00000 )
      E*z (       -0.00000        0.00001       -0.25682 )
           atom   15  H     Mean Z*:       -0.29103
      E*x (       -0.20852        0.16128        0.07665 )
      E*y (        0.11850       -0.26805       -0.10040 )
      E*z (        0.04002       -0.11096       -0.39651 )
           atom   16  H     Mean Z*:       -0.29103
      E*x (       -0.20852        0.16128       -0.07665 )
      E*y (        0.11850       -0.26805        0.10040 )
      E*z (       -0.04002        0.11096       -0.39651 )
           atom   17  H     Mean Z*:       -0.29103
      E*x (       -0.20852       -0.16128       -0.07665 )
      E*y (       -0.11850       -0.26805       -0.10040 )
      E*z (       -0.04002       -0.11096       -0.39651 )
           atom   18  H     Mean Z*:       -0.29103
      E*x (       -0.20852       -0.16128        0.07665 )
      E*y (       -0.11850       -0.26805        0.10040 )
      E*z (        0.04002        0.11096       -0.39651 )
           atom   19  H     Mean Z*:       -0.29101
      E*x (       -0.20850        0.16125        0.07661 )
      E*y (        0.11848       -0.26803       -0.10037 )
      E*z (        0.04000       -0.11094       -0.39651 )
           atom   20  H     Mean Z*:       -0.29101
      E*x (       -0.20850        0.16125       -0.07661 )
      E*y (        0.11848       -0.26803        0.10037 )
      E*z (       -0.04000        0.11094       -0.39651 )
           atom   21  H     Mean Z*:       -0.29101
      E*x (       -0.20850       -0.16125       -0.07661 )
      E*y (       -0.11848       -0.26803       -0.10037 )
      E*z (       -0.04000       -0.11094       -0.39651 )
           atom   22  H     Mean Z*:       -0.29101
      E*x (       -0.20850       -0.16125        0.07661 )
      E*y (       -0.11848       -0.26803        0.10037 )
      E*z (        0.04000        0.11094       -0.39651 )

          Effective charges (d P / du) in cartesian axis 

           atom      1Ba    
      Px  (        2.41995       -0.07018        0.00000 )
      Py  (        0.25128        2.43146        0.00000 )
      Pz  (        0.00000        0.00000        2.98253 )
           atom      2Ba    
      Px  (        2.41995        0.07018        0.00000 )
      Py  (       -0.25128        2.43146        0.00000 )
      Pz  (        0.00000        0.00000        2.98253 )
           atom      3B     
      Px  (       -0.12339        0.01402        0.00050 )
      Py  (        0.16120        0.00598        0.00028 )
      Pz  (       -0.00031        0.00002       -0.18787 )
           atom      4B     
      Px  (       -0.12339        0.01402       -0.00050 )
      Py  (        0.16120        0.00598       -0.00028 )
      Pz  (        0.00031       -0.00002       -0.18787 )
           atom      5B     
      Px  (       -0.12339       -0.01402       -0.00050 )
      Py  (       -0.16120        0.00598        0.00028 )
      Pz  (        0.00031        0.00002       -0.18787 )
           atom      6B     
      Px  (       -0.12339       -0.01402        0.00050 )
      Py  (       -0.16120        0.00598       -0.00028 )
      Pz  (       -0.00031       -0.00002       -0.18787 )
           atom      7H     
      Px  (       -0.45007        0.13283       -0.00028 )
      Py  (        0.13855       -0.23392        0.00000 )
      Pz  (        0.00000        0.00004       -0.25403 )
           atom      8H     
      Px  (       -0.45007        0.13283        0.00028 )
      Py  (        0.13855       -0.23392       -0.00000 )
      Pz  (       -0.00000       -0.00004       -0.25403 )
           atom      9H     
      Px  (       -0.45007       -0.13283        0.00028 )
      Py  (       -0.13855       -0.23392        0.00000 )
      Pz  (       -0.00000        0.00004       -0.25403 )
           atom     10H     
      Px  (       -0.45007       -0.13283       -0.00028 )
      Py  (       -0.13855       -0.23392       -0.00000 )
      Pz  (        0.00000       -0.00004       -0.25403 )
           atom     11H     
      Px  (       -0.21924       -0.00392        0.00008 )
      Py  (       -0.09535       -0.45384        0.00018 )
      Pz  (       -0.00004       -0.00001       -0.25684 )
           atom     12H     
      Px  (       -0.21924       -0.00392       -0.00008 )
      Py  (       -0.09535       -0.45384       -0.00018 )
      Pz  (        0.00004        0.00001       -0.25684 )
           atom     13H     
      Px  (       -0.21924        0.00392       -0.00008 )
      Py  (        0.09535       -0.45384        0.00018 )
      Pz  (        0.00004       -0.00001       -0.25684 )
           atom     14H     
      Px  (       -0.21924        0.00392        0.00008 )
      Py  (        0.09535       -0.45384       -0.00018 )
      Pz  (       -0.00004        0.00001       -0.25684 )
           atom     15H     
      Px  (       -0.20857        0.16141        0.07662 )
      Py  (        0.11804       -0.26765       -0.09984 )
      Pz  (        0.04008       -0.11102       -0.39664 )
           atom     16H     
      Px  (       -0.20857        0.16141       -0.07662 )
      Py  (        0.11804       -0.26765        0.09984 )
      Pz  (       -0.04008        0.11102       -0.39664 )
           atom     17H     
      Px  (       -0.20857       -0.16141       -0.07662 )
      Py  (       -0.11804       -0.26765       -0.09984 )
      Pz  (       -0.04008       -0.11102       -0.39664 )
           atom     18H     
      Px  (       -0.20857       -0.16141        0.07662 )
      Py  (       -0.11804       -0.26765        0.09984 )
      Pz  (        0.04008        0.11102       -0.39664 )
           atom     19H     
      Px  (       -0.20967        0.16181        0.07775 )
      Py  (        0.11813       -0.26763       -0.09948 )
      Pz  (        0.04000       -0.11097       -0.39667 )
           atom     20H     
      Px  (       -0.20967        0.16181       -0.07775 )
      Py  (        0.11813       -0.26763        0.09948 )
      Pz  (       -0.04000        0.11097       -0.39667 )
           atom     21H     
      Px  (       -0.20967       -0.16181       -0.07775 )
      Py  (       -0.11813       -0.26763       -0.09948 )
      Pz  (       -0.04000       -0.11097       -0.39667 )
           atom     22H     
      Px  (       -0.20967       -0.16181        0.07775 )
      Py  (       -0.11813       -0.26763        0.09948 )
      Pz  (        0.04000        0.11097       -0.39667 )

     Diagonalizing the dynamical matrix

     q = (    0.000000000   0.000000000   0.000000000 ) 

 **************************************************************************
     freq (    1) =      -0.527161 [THz] =     -17.584213 [cm-1]
     freq (    2) =      -0.315909 [THz] =     -10.537606 [cm-1]
     freq (    3) =      -0.043676 [THz] =      -1.456860 [cm-1]
     freq (    4) =       1.850191 [THz] =      61.715743 [cm-1]
     freq (    5) =       1.897643 [THz] =      63.298557 [cm-1]
     freq (    6) =       2.073494 [THz] =      69.164308 [cm-1]
     freq (    7) =       3.715007 [THz] =     123.919294 [cm-1]
     freq (    8) =       4.421622 [THz] =     147.489431 [cm-1]
     freq (    9) =       4.467279 [THz] =     149.012399 [cm-1]
     freq (   10) =       5.610979 [THz] =     187.162108 [cm-1]
     freq (   11) =       5.946173 [THz] =     198.342969 [cm-1]
     freq (   12) =       6.070201 [THz] =     202.480121 [cm-1]
     freq (   13) =       6.099433 [THz] =     203.455193 [cm-1]
     freq (   14) =       6.438841 [THz] =     214.776605 [cm-1]
     freq (   15) =       6.446834 [THz] =     215.043232 [cm-1]
     freq (   16) =       6.951848 [THz] =     231.888696 [cm-1]
     freq (   17) =       6.984195 [THz] =     232.967680 [cm-1]
     freq (   18) =       7.657102 [THz] =     255.413416 [cm-1]
     freq (   19) =       8.056241 [THz] =     268.727278 [cm-1]
     freq (   20) =       8.270155 [THz] =     275.862682 [cm-1]
     freq (   21) =       8.753116 [THz] =     291.972511 [cm-1]
     freq (   22) =       8.753316 [THz] =     291.979188 [cm-1]
     freq (   23) =       8.845191 [THz] =     295.043810 [cm-1]
     freq (   24) =       9.198751 [THz] =     306.837318 [cm-1]
     freq (   25) =       9.634918 [THz] =     321.386267 [cm-1]
     freq (   26) =       9.679200 [THz] =     322.863354 [cm-1]
     freq (   27) =      11.906975 [THz] =     397.173949 [cm-1]
     freq (   28) =      12.208741 [THz] =     407.239755 [cm-1]
     freq (   29) =      12.258936 [THz] =     408.914098 [cm-1]
     freq (   30) =      12.619328 [THz] =     420.935469 [cm-1]
     freq (   31) =      30.581811 [THz] =    1020.099395 [cm-1]
     freq (   32) =      30.734726 [THz] =    1025.200091 [cm-1]
     freq (   33) =      30.788202 [THz] =    1026.983871 [cm-1]
     freq (   34) =      30.916856 [THz] =    1031.275322 [cm-1]
     freq (   35) =      31.791569 [THz] =    1060.452605 [cm-1]
     freq (   36) =      31.797704 [THz] =    1060.657241 [cm-1]
     freq (   37) =      31.956816 [THz] =    1065.964653 [cm-1]
     freq (   38) =      32.191508 [THz] =    1073.793138 [cm-1]
     freq (   39) =      32.214103 [THz] =    1074.546797 [cm-1]
     freq (   40) =      32.238584 [THz] =    1075.363423 [cm-1]
     freq (   41) =      32.268808 [THz] =    1076.371576 [cm-1]
     freq (   42) =      32.407854 [THz] =    1081.009648 [cm-1]
     freq (   43) =      35.793303 [THz] =    1193.936071 [cm-1]
     freq (   44) =      35.797528 [THz] =    1194.077016 [cm-1]
     freq (   45) =      36.014724 [THz] =    1201.321882 [cm-1]
     freq (   46) =      36.030457 [THz] =    1201.846669 [cm-1]
     freq (   47) =      36.055135 [THz] =    1202.669833 [cm-1]
     freq (   48) =      36.127278 [THz] =    1205.076272 [cm-1]
     freq (   49) =      36.254751 [THz] =    1209.328322 [cm-1]
     freq (   50) =      36.463980 [THz] =    1216.307438 [cm-1]
     freq (   51) =      68.301679 [THz] =    2278.298763 [cm-1]
     freq (   52) =      68.318264 [THz] =    2278.851980 [cm-1]
     freq (   53) =      68.339069 [THz] =    2279.545980 [cm-1]
     freq (   54) =      68.371033 [THz] =    2280.612176 [cm-1]
     freq (   55) =      70.045012 [THz] =    2336.450105 [cm-1]
     freq (   56) =      70.130125 [THz] =    2339.289169 [cm-1]
     freq (   57) =      70.156726 [THz] =    2340.176477 [cm-1]
     freq (   58) =      70.192865 [THz] =    2341.381938 [cm-1]
     freq (   59) =      70.462288 [THz] =    2350.368928 [cm-1]
     freq (   60) =      70.576215 [THz] =    2354.169124 [cm-1]
     freq (   61) =      70.818365 [THz] =    2362.246376 [cm-1]
     freq (   62) =      71.041053 [THz] =    2369.674451 [cm-1]
     freq (   63) =      71.183888 [THz] =    2374.438906 [cm-1]
     freq (   64) =      71.189695 [THz] =    2374.632628 [cm-1]
     freq (   65) =      71.205887 [THz] =    2375.172737 [cm-1]
     freq (   66) =      71.234715 [THz] =    2376.134318 [cm-1]
 **************************************************************************

     Mode symmetry, D_2  (222)  point group:

     freq (   1-   1) =        -17.6  [cm-1]   --> B_3             I+R
     freq (   2-   2) =        -10.5  [cm-1]   --> B_1             I+R
     freq (   3-   3) =         -1.5  [cm-1]   --> B_2             I+R
     freq (   4-   4) =         61.7  [cm-1]   --> A               R  
     freq (   5-   5) =         63.3  [cm-1]   --> B_3             I+R
     freq (   6-   6) =         69.2  [cm-1]   --> B_2             I+R
     freq (   7-   7) =        123.9  [cm-1]   --> A               R  
     freq (   8-   8) =        147.5  [cm-1]   --> B_2             I+R
     freq (   9-   9) =        149.0  [cm-1]   --> B_3             I+R
     freq (  10-  10) =        187.2  [cm-1]   --> B_1             I+R
     freq (  11-  11) =        198.3  [cm-1]   --> B_2             I+R
     freq (  12-  12) =        202.5  [cm-1]   --> B_1             I+R
     freq (  13-  13) =        203.5  [cm-1]   --> B_3             I+R
     freq (  14-  14) =        214.8  [cm-1]   --> B_2             I+R
     freq (  15-  15) =        215.0  [cm-1]   --> A               R  
     freq (  16-  16) =        231.9  [cm-1]   --> A               R  
     freq (  17-  17) =        233.0  [cm-1]   --> B_3             I+R
     freq (  18-  18) =        255.4  [cm-1]   --> B_1             I+R
     freq (  19-  19) =        268.7  [cm-1]   --> B_1             I+R
     freq (  20-  20) =        275.9  [cm-1]   --> B_2             I+R
     freq (  21-  21) =        292.0  [cm-1]   --> A               R  
     freq (  22-  22) =        292.0  [cm-1]   --> B_3             I+R
     freq (  23-  23) =        295.0  [cm-1]   --> A               R  
     freq (  24-  24) =        306.8  [cm-1]   --> B_3             I+R
     freq (  25-  25) =        321.4  [cm-1]   --> B_2             I+R
     freq (  26-  26) =        322.9  [cm-1]   --> B_1             I+R
     freq (  27-  27) =        397.2  [cm-1]   --> B_1             I+R
     freq (  28-  28) =        407.2  [cm-1]   --> A               R  
     freq (  29-  29) =        408.9  [cm-1]   --> B_3             I+R
     freq (  30-  30) =        420.9  [cm-1]   --> B_2             I+R
     freq (  31-  31) =       1020.1  [cm-1]   --> B_1             I+R
     freq (  32-  32) =       1025.2  [cm-1]   --> A               R  
     freq (  33-  33) =       1027.0  [cm-1]   --> B_3             I+R
     freq (  34-  34) =       1031.3  [cm-1]   --> B_2             I+R
     freq (  35-  35) =       1060.5  [cm-1]   --> A               R  
     freq (  36-  36) =       1060.7  [cm-1]   --> B_2             I+R
     freq (  37-  37) =       1066.0  [cm-1]   --> B_3             I+R
     freq (  38-  38) =       1073.8  [cm-1]   --> B_3             I+R
     freq (  39-  39) =       1074.5  [cm-1]   --> B_1             I+R
     freq (  40-  40) =       1075.4  [cm-1]   --> A               R  
     freq (  41-  41) =       1076.4  [cm-1]   --> B_2             I+R
     freq (  42-  42) =       1081.0  [cm-1]   --> B_1             I+R
     freq (  43-  43) =       1193.9  [cm-1]   --> B_2             I+R
     freq (  44-  44) =       1194.1  [cm-1]   --> A               R  
     freq (  45-  45) =       1201.3  [cm-1]   --> B_3             I+R
     freq (  46-  46) =       1201.8  [cm-1]   --> B_1             I+R
     freq (  47-  47) =       1202.7  [cm-1]   --> B_3             I+R
     freq (  48-  48) =       1205.1  [cm-1]   --> B_2             I+R
     freq (  49-  49) =       1209.3  [cm-1]   --> B_1             I+R
     freq (  50-  50) =       1216.3  [cm-1]   --> A               R  
     freq (  51-  51) =       2278.3  [cm-1]   --> A               R  
     freq (  52-  52) =       2278.9  [cm-1]   --> B_1             I+R
     freq (  53-  53) =       2279.5  [cm-1]   --> B_3             I+R
     freq (  54-  54) =       2280.6  [cm-1]   --> B_2             I+R
     freq (  55-  55) =       2336.5  [cm-1]   --> A               R  
     freq (  56-  56) =       2339.3  [cm-1]   --> B_3             I+R
     freq (  57-  57) =       2340.2  [cm-1]   --> B_1             I+R
     freq (  58-  58) =       2341.4  [cm-1]   --> B_2             I+R
     freq (  59-  59) =       2350.4  [cm-1]   --> B_2             I+R
     freq (  60-  60) =       2354.2  [cm-1]   --> A               R  
     freq (  61-  61) =       2362.2  [cm-1]   --> B_3             I+R
     freq (  62-  62) =       2369.7  [cm-1]   --> B_1             I+R
     freq (  63-  63) =       2374.4  [cm-1]   --> B_2             I+R
     freq (  64-  64) =       2374.6  [cm-1]   --> B_3             I+R
     freq (  65-  65) =       2375.2  [cm-1]   --> B_1             I+R
     freq (  66-  66) =       2376.1  [cm-1]   --> A               R  

     Calculation of q =    0.0000000   0.0000000  -0.7637063

     Parallelization info
     --------------------
     sticks:   dense  smooth     PW     G-vecs:    dense   smooth      PW
     Min         469     234     64                24647     8708    1244
     Max         470     236     66                24650     8711    1245
     Sum       11271    5637   1549               591573   209027   29865

     Using Slab Decomposition



     bravais-lattice index     =            8
     lattice parameter (alat)  =      13.3294  a.u.
     unit-cell volume          =    1548.2628 (a.u.)^3
     number of atoms/cell      =           22
     number of atomic types    =            3
     number of electrons       =        48.00
     number of Kohn-Sham states=           24
     kinetic-energy cutoff     =     100.0000  Ry
     charge density cutoff     =     800.0000  Ry
     Exchange-correlation= PBESOL
                           (   1   4  10   8   0   0   0)

     celldm(1)=  13.329372  celldm(2)=   0.998555  celldm(3)=   0.654702
     celldm(4)=   0.000000  celldm(5)=   0.000000  celldm(6)=   0.000000

     crystal axes: (cart. coord. in units of alat)
               a(1) = (   1.000000   0.000000   0.000000 )  
               a(2) = (   0.000000   0.998555   0.000000 )  
               a(3) = (   0.000000   0.000000   0.654702 )  

     reciprocal axes: (cart. coord. in units 2 pi/alat)
               b(1) = (  1.000000  0.000000  0.000000 )  
               b(2) = (  0.000000  1.001447  0.000000 )  
               b(3) = (  0.000000  0.000000  1.527413 )  


     PseudoPot. # 1 for B  read from file:
     /home/mehlhorn/pseudos/b_pbesol_v1.4.uspp.F.UPF
     MD5 check sum: 369b69bef2c3aeed4453bd8b804fd6a8
     Pseudo is Ultrasoft + core correction, Zval =  3.0
     Generated by new atomic code, or converted to UPF format
     Using radial grid of  781 points,  4 beta functions with: 
                l(1) =   0
                l(2) =   0
                l(3) =   1
                l(4) =   1
     Q(r) pseudized with  8 coefficients,  rinner =    1.100   1.100   1.100


     PseudoPot. # 2 for Ba read from file:
     /home/mehlhorn/pseudos/Ba.nc.z_10.oncvpsp4.dojo.v4-sp.upf
     MD5 check sum: c10ed334bb677c0554edec7181ce9143
     Pseudo is Norm-conserving + core correction, Zval = 10.0
     Generated using ONCVPSP code by D. R. Hamann
     Using radial grid of 1938 points,  8 beta functions with: 
                l(1) =   0
                l(2) =   0
                l(3) =   1
                l(4) =   1
                l(5) =   2
                l(6) =   2
                l(7) =   3
                l(8) =   3

     PseudoPot. # 3 for H  read from file:
     /home/mehlhorn/pseudos/H_ONCV_PBEsol-1.0.upf
     MD5 check sum: 398ef8f67c0a7342c05c87c5e19ea467
     Pseudo is Norm-conserving, Zval =  1.0
     Generated using ONCVPSP code by D. R. Hamann
     Using radial grid of 1180 points,  2 beta functions with: 
                l(1) =   0
                l(2) =   0

     atomic species   valence    mass     pseudopotential
     B                 3.00    10.81100     B ( 1.00)
     Ba               10.00   137.32700     Ba( 1.00)
     H                 1.00     1.00794     H ( 1.00)

      4 Sym. Ops. (no inversion) found



   Cartesian axes

     site n.     atom                  positions (alat units)
         1        Ba     tau(   1) = (   0.5000000   0.4992775   0.3273502  )
         2        Ba     tau(   2) = (   0.0000000   0.0000000   0.6547028  )
         3        B      tau(   3) = (   0.6273964   0.2536205   0.0000055  )
         4        B      tau(   4) = (   0.3726036   0.7449345   0.0000055  )
         5        B      tau(   5) = (   0.1273964   0.2456570   0.3273455  )
         6        B      tau(   6) = (   0.8726036   0.7528980   0.3273455  )
         7        H      tau(   7) = (   0.4554096   0.2850000  -0.0000080  )
         8        H      tau(   8) = (   0.5445904   0.7135550  -0.0000080  )
         9        H      tau(   9) = (   0.9554096   0.2142775   0.3273589  )
        10        H      tau(  10) = (   0.0445904   0.7842775   0.3273589  )
        11        H      tau(  11) = (   0.7157590   0.4052331   0.0000060  )
        12        H      tau(  12) = (   0.2842410   0.5933219   0.0000060  )
        13        H      tau(  13) = (   0.2157590   0.0940444   0.3273450  )
        14        H      tau(  14) = (   0.7842410   0.9045106   0.3273450  )
        15        H      tau(  15) = (   0.6658169   0.1636329   0.5103326  )
        16        H      tau(  16) = (   0.3341831   0.8349221   0.5103326  )
        17        H      tau(  17) = (   0.1658169   0.3356446   0.4717203  )
        18        H      tau(  18) = (   0.8341831   0.6629104   0.4717203  )
        19        H      tau(  19) = (   0.3341889   0.8349214   0.1443837  )
        20        H      tau(  20) = (   0.6658111   0.1636336   0.1443837  )
        21        H      tau(  21) = (   0.8341889   0.6629111   0.1829672  )
        22        H      tau(  22) = (   0.1658111   0.3356439   0.1829672  )

     number of k points=    54
                       cart. coord. in units 2pi/alat
        k(    1) = (   0.0000000   0.0000000   0.0000000), wk =   0.0160000
        k(    2) = (   0.0000000   0.0000000  -0.7637063), wk =   0.0000000
        k(    3) = (   0.0000000   0.0000000   0.3054825), wk =   0.0320000
        k(    4) = (   0.0000000   0.0000000  -0.4582238), wk =   0.0000000
        k(    5) = (   0.0000000   0.0000000   0.6109650), wk =   0.0320000
        k(    6) = (   0.0000000   0.0000000  -0.1527413), wk =   0.0000000
        k(    7) = (   0.0000000   0.2002894   0.0000000), wk =   0.0320000
        k(    8) = (   0.0000000   0.2002894  -0.7637063), wk =   0.0000000
        k(    9) = (   0.0000000   0.2002894   0.3054825), wk =   0.0640000
        k(   10) = (   0.0000000   0.2002894  -0.4582238), wk =   0.0000000
        k(   11) = (   0.0000000   0.2002894   0.6109650), wk =   0.0640000
        k(   12) = (   0.0000000   0.2002894  -0.1527413), wk =   0.0000000
        k(   13) = (   0.0000000   0.4005788   0.0000000), wk =   0.0320000
        k(   14) = (   0.0000000   0.4005788  -0.7637063), wk =   0.0000000
        k(   15) = (   0.0000000   0.4005788   0.3054825), wk =   0.0640000
        k(   16) = (   0.0000000   0.4005788  -0.4582238), wk =   0.0000000
        k(   17) = (   0.0000000   0.4005788   0.6109650), wk =   0.0640000
        k(   18) = (   0.0000000   0.4005788  -0.1527413), wk =   0.0000000
        k(   19) = (   0.2000000   0.0000000   0.0000000), wk =   0.0320000
        k(   20) = (   0.2000000   0.0000000  -0.7637063), wk =   0.0000000
        k(   21) = (   0.2000000   0.0000000   0.3054825), wk =   0.0640000
        k(   22) = (   0.2000000   0.0000000  -0.4582238), wk =   0.0000000
        k(   23) = (   0.2000000   0.0000000   0.6109650), wk =   0.0640000
        k(   24) = (   0.2000000   0.0000000  -0.1527413), wk =   0.0000000
        k(   25) = (   0.2000000   0.2002894   0.0000000), wk =   0.0640000
        k(   26) = (   0.2000000   0.2002894  -0.7637063), wk =   0.0000000
        k(   27) = (   0.2000000   0.2002894   0.3054825), wk =   0.1280000
        k(   28) = (   0.2000000   0.2002894  -0.4582238), wk =   0.0000000
        k(   29) = (   0.2000000   0.2002894   0.6109650), wk =   0.1280000
        k(   30) = (   0.2000000   0.2002894  -0.1527413), wk =   0.0000000
        k(   31) = (   0.2000000   0.4005788   0.0000000), wk =   0.0640000
        k(   32) = (   0.2000000   0.4005788  -0.7637063), wk =   0.0000000
        k(   33) = (   0.2000000   0.4005788   0.3054825), wk =   0.1280000
        k(   34) = (   0.2000000   0.4005788  -0.4582238), wk =   0.0000000
        k(   35) = (   0.2000000   0.4005788   0.6109650), wk =   0.1280000
        k(   36) = (   0.2000000   0.4005788  -0.1527413), wk =   0.0000000
        k(   37) = (   0.4000000   0.0000000   0.0000000), wk =   0.0320000
        k(   38) = (   0.4000000   0.0000000  -0.7637063), wk =   0.0000000
        k(   39) = (   0.4000000   0.0000000   0.3054825), wk =   0.0640000
        k(   40) = (   0.4000000   0.0000000  -0.4582238), wk =   0.0000000
        k(   41) = (   0.4000000   0.0000000   0.6109650), wk =   0.0640000
        k(   42) = (   0.4000000   0.0000000  -0.1527413), wk =   0.0000000
        k(   43) = (   0.4000000   0.2002894   0.0000000), wk =   0.0640000
        k(   44) = (   0.4000000   0.2002894  -0.7637063), wk =   0.0000000
        k(   45) = (   0.4000000   0.2002894   0.3054825), wk =   0.1280000
        k(   46) = (   0.4000000   0.2002894  -0.4582238), wk =   0.0000000
        k(   47) = (   0.4000000   0.2002894   0.6109650), wk =   0.1280000
        k(   48) = (   0.4000000   0.2002894  -0.1527413), wk =   0.0000000
        k(   49) = (   0.4000000   0.4005788   0.0000000), wk =   0.0640000
        k(   50) = (   0.4000000   0.4005788  -0.7637063), wk =   0.0000000
        k(   51) = (   0.4000000   0.4005788   0.3054825), wk =   0.1280000
        k(   52) = (   0.4000000   0.4005788  -0.4582238), wk =   0.0000000
        k(   53) = (   0.4000000   0.4005788   0.6109650), wk =   0.1280000
        k(   54) = (   0.4000000   0.4005788  -0.1527413), wk =   0.0000000

     Dense  grid:   591573 G-vectors     FFT dimensions: ( 128, 120,  80)

     Smooth grid:   209027 G-vectors     FFT dimensions: (  90,  90,  60)

     Estimated max dynamical RAM per process >      53.53 MB

     Estimated total dynamical RAM >       1.25 GB

     The potential is recalculated from file :
     ./_ph0/pwscf.q_2/pwscf.save/charge-density

     Starting wfcs are   42 atomic wfcs

     Band Structure Calculation
     Davidson diagonalization with overlap

     ethr =  2.08E-11,  avg # of iterations = 22.0

     total cpu time spent up to now is      211.4 secs

     End of band structure calculation

          k = 0.0000 0.0000 0.0000 ( 26119 PWs)   bands (ev):

   -24.4973 -24.4914  -9.9882  -9.9375  -9.7519  -9.7184  -9.6644  -9.6158
    -6.3979  -5.5522  -4.9998  -4.9223  -2.1154  -1.1774  -1.1395  -0.8197
    -0.7239  -0.5719  -0.4932  -0.3592  -0.0997   0.1566   0.1938   0.2103

          k = 0.0000 0.0000-0.7637 ( 26084 PWs)   bands (ev):

   -24.4808 -24.4808 -10.1436 -10.1436  -9.7620  -9.7620  -9.7440  -9.7440
    -5.3422  -5.3422  -5.2155  -5.2155  -1.6582  -1.6581  -1.4713  -1.4712
    -0.4552  -0.4550  -0.4383  -0.4382  -0.0689  -0.0689   0.0403   0.0404

          k = 0.0000 0.0000 0.3055 ( 26180 PWs)   bands (ev):

   -24.4921 -24.4873  -9.9284  -9.8881  -9.8459  -9.8202  -9.7381  -9.7131
    -6.0592  -5.3474  -5.1196  -5.0593  -1.8280  -1.5020  -1.1918  -1.0071
    -0.7310  -0.6613  -0.4034  -0.2669  -0.0752   0.0445   0.0617   0.1663

          k = 0.0000 0.0000-0.4582 ( 26142 PWs)   bands (ev):

   -24.4873 -24.4837  -9.9934  -9.9806  -9.8678  -9.8385  -9.7301  -9.7127
    -5.7430  -5.2283  -5.1992  -5.1865  -1.6391  -1.6122  -1.4016  -0.9580
    -0.8592  -0.7901  -0.3909  -0.1345  -0.0672  -0.0625   0.0596   0.1064

          k = 0.0000 0.0000 0.6110 ( 26130 PWs)   bands (ev):

   -24.4830 -24.4812 -10.1042 -10.0993  -9.8066  -9.7883  -9.7336  -9.7220
    -5.4366  -5.3151  -5.2942  -5.1356  -1.6894  -1.5584  -1.5421  -1.2651
    -0.6786  -0.6475  -0.3516  -0.2341  -0.1026  -0.0476   0.0273   0.0809

          k = 0.0000 0.0000-0.1527 ( 26109 PWs)   bands (ev):

   -24.4959 -24.4902  -9.9723  -9.9243  -9.7478  -9.7166  -9.7166  -9.6755
    -6.3039  -5.4922  -5.0326  -4.9596  -2.0360  -1.3038  -1.1055  -0.9341
    -0.7773  -0.4520  -0.4507  -0.2916  -0.2023   0.1338   0.1476   0.1995

          k = 0.0000 0.2003 0.0000 ( 26152 PWs)   bands (ev):

   -24.4968 -24.4919  -9.9726  -9.9216  -9.7760  -9.7381  -9.6597  -9.6204
    -6.2929  -5.5357  -5.1270  -4.9748  -1.9375  -1.3211  -1.2019  -0.6350
    -0.5842  -0.5422  -0.5368  -0.3012  -0.1067  -0.0249   0.1376   0.1586

          k = 0.0000 0.2003-0.7637 ( 26144 PWs)   bands (ev):

   -24.4808 -24.4808 -10.1496 -10.1496  -9.7535  -9.7535  -9.7440  -9.7440
    -5.4987  -5.4987  -5.0525  -5.0525  -1.7622  -1.7622  -1.3482  -1.3482
    -0.4356  -0.4355  -0.3863  -0.3862  -0.0773  -0.0772  -0.0383  -0.0381

          k = 0.0000 0.2003 0.3055 ( 26154 PWs)   bands (ev):

   -24.4916 -24.4877  -9.9263  -9.8745  -9.8400  -9.8337  -9.7385  -9.7259
    -5.9805  -5.3229  -5.2265  -5.0905  -1.7081  -1.5259  -1.3125  -0.8086
    -0.6773  -0.6226  -0.5562  -0.2037  -0.0806   0.0372   0.0500   0.0629

          k = 0.0000 0.2003-0.4582 ( 26143 PWs)   bands (ev):

   -24.4869 -24.4841 -10.0040  -9.9906  -9.8452  -9.8263  -9.7346  -9.7224
    -5.7142  -5.3567  -5.1745  -5.1249  -1.6536  -1.5620  -1.4665  -0.9440
    -0.7900  -0.6162  -0.4448  -0.1606  -0.1010  -0.0774   0.0347   0.0677

          k = 0.0000 0.2003 0.6110 ( 26154 PWs)   bands (ev):

   -24.4829 -24.4814 -10.1106 -10.1063  -9.7925  -9.7802  -9.7340  -9.7267
    -5.5435  -5.4468  -5.1594  -5.0265  -1.7369  -1.6880  -1.4213  -1.1988
    -0.6300  -0.5068  -0.3650  -0.2327  -0.1278  -0.1233   0.0122   0.0255

          k = 0.0000 0.2003-0.1527 ( 26115 PWs)   bands (ev):

   -24.4954 -24.4907  -9.9582  -9.9088  -9.7762  -9.7395  -9.7070  -9.6736
    -6.2050  -5.4712  -5.1567  -5.0074  -1.8729  -1.3854  -1.2201  -0.7205
    -0.6803  -0.4954  -0.4944  -0.2241  -0.1915   0.0170   0.1099   0.1332

          k = 0.0000 0.4006 0.0000 ( 26150 PWs)   bands (ev):

   -24.4953 -24.4934  -9.9300  -9.8950  -9.8167  -9.7862  -9.6475  -9.6325
    -6.0133  -5.6696  -5.2262  -5.1050  -1.6417  -1.4920  -1.0604  -0.5995
    -0.5859  -0.5630  -0.3279  -0.2712  -0.2108  -0.1405   0.0044   0.0601

          k = 0.0000 0.4006-0.7637 ( 26194 PWs)   bands (ev):

   -24.4808 -24.4808 -10.1588 -10.1588  -9.7444  -9.7444  -9.7399  -9.7399
    -5.6232  -5.6232  -4.9173  -4.9173  -1.8743  -1.8743  -1.1574  -1.1574
    -0.4047  -0.4047  -0.3569  -0.3567  -0.2523  -0.2521   0.0059   0.0060

          k = 0.0000 0.4006 0.3055 ( 26144 PWs)   bands (ev):

   -24.4904 -24.4889  -9.9116  -9.8792  -9.8410  -9.8183  -9.7499  -9.7473
    -5.7670  -5.4826  -5.2563  -5.1679  -1.5649  -1.5577  -1.2289  -0.8804
    -0.6100  -0.5594  -0.4499  -0.2288  -0.1529  -0.1441   0.0523   0.0568

          k = 0.0000 0.4006-0.4582 ( 26159 PWs)   bands (ev):

   -24.4860 -24.4849 -10.0143 -10.0080  -9.8058  -9.8009  -9.7489  -9.7454
    -5.6325  -5.5075  -5.1417  -5.1105  -1.6688  -1.6341  -1.2855  -1.0354
    -0.6354  -0.5151  -0.3128  -0.2332  -0.1925  -0.1073  -0.0215  -0.0132

          k = 0.0000 0.4006 0.6110 ( 26160 PWs)   bands (ev):

   -24.4824 -24.4818 -10.1196 -10.1176  -9.7658  -9.7634  -9.7393  -9.7386
    -5.6185  -5.5832  -5.0103  -4.9559  -1.8067  -1.8005  -1.2273  -1.1156
    -0.5237  -0.4225  -0.3403  -0.3071  -0.1961  -0.1343  -0.0939   0.0057

          k = 0.0000 0.4006-0.1527 ( 26151 PWs)   bands (ev):

   -24.4939 -24.4922  -9.9189  -9.8826  -9.8190  -9.7861  -9.6933  -9.6794
    -5.9394  -5.6034  -5.2466  -5.1267  -1.6125  -1.5037  -1.1141  -0.7307
    -0.5642  -0.5253  -0.4015  -0.2497  -0.2055  -0.1762   0.0504   0.0823

          k = 0.2000 0.0000 0.0000 ( 26143 PWs)   bands (ev):

   -24.4968 -24.4919  -9.9687  -9.9245  -9.7729  -9.7436  -9.6597  -9.6204
    -6.2989  -5.5819  -5.0221  -5.0030  -1.9865  -1.1137  -1.0688  -1.0050
    -0.5414  -0.5137  -0.4891  -0.3652  -0.1446  -0.0616   0.1401   0.1667

          k = 0.2000 0.0000-0.7637 ( 26146 PWs)   bands (ev):

   -24.4808 -24.4808 -10.1510 -10.1510  -9.7573  -9.7573  -9.7406  -9.7406
    -5.4244  -5.4244  -5.1212  -5.1212  -1.8993  -1.8992  -1.2285  -1.2284
    -0.4362  -0.4361  -0.3627  -0.3626  -0.1350  -0.1349   0.0318   0.0319

          k = 0.2000 0.0000 0.3055 ( 26134 PWs)   bands (ev):

   -24.4916 -24.4877  -9.9130  -9.8966  -9.8364  -9.8285  -9.7495  -9.7171
    -5.9763  -5.3577  -5.1367  -5.1338  -1.7415  -1.4844  -1.2776  -0.8819
    -0.7177  -0.6188  -0.4755  -0.2260  -0.2093   0.0316   0.0900   0.1245

          k = 0.2000 0.0000-0.4582 ( 26143 PWs)   bands (ev):

   -24.4869 -24.4841 -10.0043  -9.9921  -9.8529  -9.8190  -9.7399  -9.7177
    -5.6864  -5.2602  -5.2311  -5.1813  -1.7486  -1.5145  -1.4865  -0.9201
    -0.7563  -0.6617  -0.4036  -0.2158  -0.1075  -0.0436   0.0443   0.0969

          k = 0.2000 0.0000 0.6110 ( 26147 PWs)   bands (ev):

   -24.4829 -24.4814 -10.1120 -10.1077  -9.7972  -9.7755  -9.7384  -9.7226
    -5.4718  -5.3658  -5.2432  -5.0848  -1.8906  -1.7526  -1.3436  -1.0945
    -0.6152  -0.5120  -0.3474  -0.2826  -0.1132  -0.0626  -0.0283   0.0755

          k = 0.2000 0.0000-0.1527 ( 26105 PWs)   bands (ev):

   -24.4954 -24.4907  -9.9535  -9.9130  -9.7708  -9.7484  -9.7080  -9.6710
    -6.2089  -5.5170  -5.0539  -5.0385  -1.9169  -1.2522  -1.1133  -0.9733
    -0.6454  -0.4884  -0.3783  -0.3228  -0.3007   0.0039   0.1282   0.1607

          k = 0.2000 0.2003 0.0000 ( 26120 PWs)   bands (ev):

   -24.4963 -24.4924  -9.9781  -9.8972  -9.8131  -9.7276  -9.6559  -9.6241
    -6.2166  -5.5842  -5.1483  -4.9989  -1.8403  -1.3080  -1.1230  -0.7602
    -0.5916  -0.5284  -0.3633  -0.2945  -0.2052  -0.1235   0.0578   0.1466

          k = 0.2000 0.2003-0.7637 ( 26158 PWs)   bands (ev):

   -24.4808 -24.4808 -10.1583 -10.1451  -9.7636  -9.7497  -9.7423  -9.7374
    -5.5612  -5.3989  -5.1450  -4.9766  -1.9622  -1.8106  -1.3454  -1.1479
    -0.4890  -0.4574  -0.2742  -0.2600  -0.1664  -0.1163  -0.0455   0.0399

          k = 0.2000 0.2003 0.3055 ( 26149 PWs)   bands (ev):

   -24.4913 -24.4881  -9.9218  -9.8795  -9.8572  -9.8161  -9.7510  -9.7187
    -5.9107  -5.3433  -5.2552  -5.1197  -1.6548  -1.5029  -1.3410  -0.7847
    -0.7210  -0.5999  -0.4687  -0.2394  -0.1787  -0.0066   0.0510   0.1096

          k = 0.2000 0.2003-0.4582 ( 26155 PWs)   bands (ev):

   -24.4866 -24.4843 -10.0093  -9.9898  -9.8616  -9.7982  -9.7508  -9.7171
    -5.6587  -5.3396  -5.2254  -5.1439  -1.7388  -1.5742  -1.4245  -0.9536
    -0.6917  -0.5799  -0.4083  -0.2058  -0.1735  -0.0588   0.0198   0.1135

          k = 0.2000 0.2003 0.6110 ( 26142 PWs)   bands (ev):

   -24.4827 -24.4815 -10.1179 -10.1035  -9.8030  -9.7610  -9.7421  -9.7254
    -5.5541  -5.3747  -5.2205  -5.0120  -1.8934  -1.7493  -1.3301  -1.1383
    -0.5640  -0.4524  -0.3494  -0.2356  -0.1891  -0.0787  -0.0382   0.0811

          k = 0.2000 0.2003-0.1527 ( 26122 PWs)   bands (ev):

   -24.4949 -24.4912  -9.9628  -9.8855  -9.8153  -9.7257  -9.7049  -9.6758
    -6.1304  -5.5150  -5.1781  -5.0322  -1.7835  -1.3510  -1.2011  -0.8047
    -0.5920  -0.5185  -0.4281  -0.2727  -0.2330  -0.0511   0.0513   0.1361

          k = 0.2000 0.4006 0.0000 ( 26127 PWs)   bands (ev):

   -24.4951 -24.4936  -9.9646  -9.9198  -9.7959  -9.7461  -9.6460  -9.6338
    -5.9953  -5.7217  -5.1991  -5.0950  -1.5872  -1.4579  -1.0453  -0.6338
    -0.6274  -0.6000  -0.4217  -0.1857  -0.1809  -0.1217  -0.0476   0.0521

          k = 0.2000 0.4006-0.7637 ( 26168 PWs)   bands (ev):

   -24.4808 -24.4808 -10.1572 -10.1491  -9.7552  -9.7473  -9.7447  -9.7411
    -5.6082  -5.5402  -4.9944  -4.9227  -1.9450  -1.8434  -1.3177  -1.1681
    -0.4576  -0.3869  -0.3692  -0.2116  -0.1620  -0.1335  -0.0144   0.0150

          k = 0.2000 0.4006 0.3055 ( 26132 PWs)   bands (ev):

   -24.4903 -24.4891  -9.9194  -9.8954  -9.8452  -9.8157  -9.7458  -9.7279
    -5.7330  -5.4976  -5.2579  -5.1786  -1.5677  -1.5330  -1.2485  -0.9601
    -0.5919  -0.5063  -0.4413  -0.2512  -0.1488  -0.0787   0.0173   0.0524

          k = 0.2000 0.4006-0.4582 ( 26140 PWs)   bands (ev):

   -24.4859 -24.4850 -10.0091  -9.9986  -9.8446  -9.8081  -9.7436  -9.7245
    -5.5815  -5.4680  -5.1862  -5.1461  -1.7127  -1.6609  -1.2598  -1.0678
    -0.6417  -0.5198  -0.3129  -0.2127  -0.1570  -0.0992  -0.0058   0.0418

          k = 0.2000 0.4006 0.6110 ( 26167 PWs)   bands (ev):

   -24.4823 -24.4819 -10.1169 -10.1083  -9.7924  -9.7682  -9.7370  -9.7291
    -5.5858  -5.5162  -5.0669  -4.9852  -1.8702  -1.7962  -1.2668  -1.1784
    -0.5412  -0.4412  -0.2994  -0.1943  -0.1724  -0.0960  -0.0664   0.0344

          k = 0.2000 0.4006-0.1527 ( 26149 PWs)   bands (ev):

   -24.4937 -24.4923  -9.9506  -9.9081  -9.7977  -9.7467  -9.6929  -9.6826
    -5.9182  -5.6508  -5.2223  -5.1207  -1.5615  -1.4663  -1.1424  -0.8262
    -0.5861  -0.4905  -0.3739  -0.2375  -0.2177  -0.1372   0.0076   0.0629

          k = 0.4000 0.0000 0.0000 ( 26166 PWs)   bands (ev):

   -24.4953 -24.4934  -9.9198  -9.8949  -9.8176  -9.7991  -9.6475  -9.6325
    -6.0427  -5.7472  -5.0924  -5.0720  -1.6946  -1.3750  -0.8947  -0.6649
    -0.5464  -0.4849  -0.4785  -0.3501  -0.3169  -0.2526  -0.0461   0.0488

          k = 0.4000 0.0000-0.7637 ( 26182 PWs)   bands (ev):

   -24.4808 -24.4808 -10.1624 -10.1624  -9.7528  -9.7528  -9.7323  -9.7322
    -5.4967  -5.4967  -5.0285  -5.0285  -2.0989  -2.0989  -0.9810  -0.9809
    -0.4307  -0.4307  -0.3788  -0.3788  -0.1065  -0.1064   0.0045   0.0045

          k = 0.4000 0.0000 0.3055 ( 26144 PWs)   bands (ev):

   -24.4904 -24.4889  -9.8948  -9.8789  -9.8631  -9.8281  -9.7549  -9.7330
    -5.7580  -5.4941  -5.2052  -5.1768  -1.5956  -1.4462  -1.2863  -0.9228
    -0.6433  -0.5139  -0.5092  -0.3981  -0.1507  -0.0463   0.0634   0.0738

          k = 0.4000 0.0000-0.4582 ( 26157 PWs)   bands (ev):

   -24.4860 -24.4849 -10.0163 -10.0109  -9.8194  -9.7937  -9.7553  -9.7349
    -5.5434  -5.3808  -5.2298  -5.2092  -1.7947  -1.6983  -1.2524  -0.9932
    -0.6076  -0.4229  -0.3978  -0.3951  -0.1095  -0.0539  -0.0024   0.0663

          k = 0.4000 0.0000 0.6110 ( 26164 PWs)   bands (ev):

   -24.4824 -24.4818 -10.1230 -10.1211  -9.7764  -9.7580  -9.7450  -9.7291
    -5.4907  -5.4536  -5.1309  -5.0645  -2.0272  -1.9688  -1.1034  -0.9605
    -0.5217  -0.4208  -0.3769  -0.2667  -0.2000  -0.0477  -0.0100   0.0103

          k = 0.4000 0.0000-0.1527 ( 26148 PWs)   bands (ev):

   -24.4939 -24.4922  -9.9060  -9.8845  -9.8185  -9.8054  -9.6920  -9.6768
    -5.9618  -5.6741  -5.1245  -5.1022  -1.6517  -1.3737  -1.0450  -0.6735
    -0.6650  -0.5288  -0.4964  -0.4031  -0.2771  -0.1057   0.0062   0.0701

          k = 0.4000 0.2003 0.0000 ( 26129 PWs)   bands (ev):

   -24.4951 -24.4936  -9.9623  -9.9173  -9.7995  -9.7494  -9.6460  -9.6339
    -6.0147  -5.7644  -5.1321  -5.0629  -1.6183  -1.3970  -0.9229  -0.6830
    -0.5813  -0.5481  -0.5246  -0.3188  -0.2476  -0.1759  -0.0525   0.0736

          k = 0.4000 0.2003-0.7637 ( 26162 PWs)   bands (ev):

   -24.4808 -24.4808 -10.1594 -10.1515  -9.7599  -9.7524  -9.7404  -9.7364
    -5.5336  -5.4394  -5.0859  -4.9878  -2.0787  -2.0231  -1.1419  -1.0794
    -0.4770  -0.4162  -0.3132  -0.3104  -0.1067  -0.0654  -0.0082   0.0877

          k = 0.4000 0.2003 0.3055 ( 26128 PWs)   bands (ev):

   -24.4903 -24.4891  -9.9142  -9.8932  -9.8549  -9.8220  -9.7443  -9.7242
    -5.7280  -5.5032  -5.2337  -5.1777  -1.5750  -1.4610  -1.3085  -0.9953
    -0.5853  -0.5025  -0.4403  -0.3340  -0.1608  -0.0641   0.0314   0.0698

          k = 0.4000 0.2003-0.4582 ( 26144 PWs)   bands (ev):

   -24.4859 -24.4850 -10.0106 -10.0004  -9.8469  -9.8096  -9.7426  -9.7228
    -5.5186  -5.3605  -5.2774  -5.2073  -1.7819  -1.7066  -1.2492  -1.0489
    -0.5441  -0.5165  -0.4002  -0.2955  -0.1272  -0.0224  -0.0056   0.0845

          k = 0.4000 0.2003 0.6110 ( 26176 PWs)   bands (ev):

   -24.4823 -24.4819 -10.1191 -10.1105  -9.7942  -9.7699  -9.7362  -9.7272
    -5.5090  -5.4069  -5.1680  -5.0527  -1.9934  -1.9331  -1.1569  -1.0914
    -0.5104  -0.4157  -0.3618  -0.2761  -0.1312  -0.0643   0.0046   0.0854

          k = 0.4000 0.2003-0.1527 ( 26138 PWs)   bands (ev):

   -24.4937 -24.4923  -9.9481  -9.9054  -9.8030  -9.7523  -9.6918  -9.6806
    -5.9333  -5.6893  -5.1615  -5.0949  -1.5832  -1.3860  -1.1152  -0.8230
    -0.6271  -0.4541  -0.4091  -0.3446  -0.2542  -0.1673  -0.0051   0.0805

          k = 0.4000 0.4006 0.0000 ( 26138 PWs)   bands (ev):

   -24.4946 -24.4940  -9.9878  -9.9701  -9.7438  -9.7224  -9.6421  -9.6374
    -5.9353  -5.8331  -5.1401  -5.0973  -1.4748  -1.4144  -0.9852  -0.8143
    -0.6517  -0.6376  -0.4164  -0.2466  -0.1347  -0.1076  -0.0470   0.0267

          k = 0.4000 0.4006-0.7637 ( 26180 PWs)   bands (ev):

   -24.4808 -24.4808 -10.1464 -10.1411  -9.7669  -9.7587  -9.7479  -9.7472
    -5.5108  -5.4517  -5.0697  -5.0082  -1.9678  -1.9093  -1.3888  -1.3170
    -0.4028  -0.3509  -0.2691  -0.2017  -0.1142  -0.0878   0.0698   0.0831

          k = 0.4000 0.4006 0.3055 ( 26113 PWs)   bands (ev):

   -24.4899 -24.4894  -9.9294  -9.9208  -9.8380  -9.8247  -9.7243  -9.7156
    -5.6490  -5.5564  -5.2425  -5.2081  -1.5392  -1.4928  -1.2879  -1.1526
    -0.4642  -0.4446  -0.3565  -0.2515  -0.1623  -0.0902  -0.0345   0.0312

          k = 0.4000 0.4006-0.4582 ( 26158 PWs)   bands (ev):

   -24.4856 -24.4853  -9.9945  -9.9860  -9.8698  -9.8495  -9.7221  -9.7151
    -5.4528  -5.3671  -5.3017  -5.2430  -1.7464  -1.7183  -1.2443  -1.1744
    -0.5462  -0.4997  -0.2996  -0.2111  -0.1328  -0.0710   0.0246   0.0824

          k = 0.4000 0.4006 0.6110 ( 26172 PWs)   bands (ev):

   -24.4822 -24.4820 -10.1053 -10.0995  -9.8086  -9.7961  -9.7283  -9.7263
    -5.4818  -5.4185  -5.1496  -5.0815  -1.9037  -1.8631  -1.3169  -1.2853
    -0.4729  -0.4120  -0.2372  -0.2241  -0.1072  -0.1013   0.0587   0.0966

          k = 0.4000 0.4006-0.1527 ( 26123 PWs)   bands (ev):

   -24.4933 -24.4928  -9.9722  -9.9557  -9.7463  -9.7202  -9.6943  -9.6889
    -5.8540  -5.7542  -5.1691  -5.1279  -1.4481  -1.3784  -1.2065  -1.0495
    -0.4956  -0.4136  -0.3682  -0.2578  -0.2137  -0.1579  -0.0426   0.0317

     highest occupied level (ev):     0.2103

     Writing config to output data dir ./_ph0/pwscf.q_2/pwscf.save/ :
     XML data file

                                                                                

     bravais-lattice index     =            8
     lattice parameter (alat)  =      13.3294  a.u.
     unit-cell volume          =    1548.2628 (a.u.)^3
     number of atoms/cell      =           22
     number of atomic types    =            3
     kinetic-energy cut-off    =     100.0000  Ry
     charge density cut-off    =     800.0000  Ry
     convergence threshold     =      1.0E-14
     beta                      =       0.7000
     number of iterations used =            4
     Exchange-correlation= PBESOL
                           (   1   4  10   8   0   0   0)


     celldm(1)=   13.32937  celldm(2)=    0.99856  celldm(3)=    0.65470
     celldm(4)=    0.00000  celldm(5)=    0.00000  celldm(6)=    0.00000

     crystal axes: (cart. coord. in units of alat)
               a(1) = (  1.0000  0.0000  0.0000 )  
               a(2) = (  0.0000  0.9986  0.0000 )  
               a(3) = (  0.0000  0.0000  0.6547 )  

     reciprocal axes: (cart. coord. in units 2 pi/alat)
               b(1) = (  1.0000  0.0000  0.0000 )  
               b(2) = (  0.0000  1.0014  0.0000 )  
               b(3) = (  0.0000  0.0000  1.5274 )  


     Atoms inside the unit cell: 

     Cartesian axes

     site n.  atom      mass           positions (alat units)
        1  Ba    137.3270   tau(    1) = (    0.50000    0.49928    0.32735  )
        2  Ba    137.3270   tau(    2) = (    0.00000    0.00000    0.65470  )
        3  B      10.8110   tau(    3) = (    0.62740    0.25362    0.00001  )
        4  B      10.8110   tau(    4) = (    0.37260    0.74493    0.00001  )
        5  B      10.8110   tau(    5) = (    0.12740    0.24566    0.32735  )
        6  B      10.8110   tau(    6) = (    0.87260    0.75290    0.32735  )
        7  H       1.0079   tau(    7) = (    0.45541    0.28500   -0.00001  )
        8  H       1.0079   tau(    8) = (    0.54459    0.71356   -0.00001  )
        9  H       1.0079   tau(    9) = (    0.95541    0.21428    0.32736  )
       10  H       1.0079   tau(   10) = (    0.04459    0.78428    0.32736  )
       11  H       1.0079   tau(   11) = (    0.71576    0.40523    0.00001  )
       12  H       1.0079   tau(   12) = (    0.28424    0.59332    0.00001  )
       13  H       1.0079   tau(   13) = (    0.21576    0.09404    0.32734  )
       14  H       1.0079   tau(   14) = (    0.78424    0.90451    0.32734  )
       15  H       1.0079   tau(   15) = (    0.66582    0.16363    0.51033  )
       16  H       1.0079   tau(   16) = (    0.33418    0.83492    0.51033  )
       17  H       1.0079   tau(   17) = (    0.16582    0.33564    0.47172  )
       18  H       1.0079   tau(   18) = (    0.83418    0.66291    0.47172  )
       19  H       1.0079   tau(   19) = (    0.33419    0.83492    0.14438  )
       20  H       1.0079   tau(   20) = (    0.66581    0.16363    0.14438  )
       21  H       1.0079   tau(   21) = (    0.83419    0.66291    0.18297  )
       22  H       1.0079   tau(   22) = (    0.16581    0.33564    0.18297  )

     Computing dynamical matrix for 
                    q = (   0.0000000   0.0000000  -0.7637063 )

      5 Sym.Ops. (with q -> -q+G )


     G cutoff = 3600.3905  (  24649 G-vectors)     FFT grid: (128,120, 80)
     G cutoff = 1800.1952  (   8708 G-vectors)  smooth grid: ( 90, 90, 60)
     number of k points=    54

     PseudoPot. # 1 for B  read from file:
     /home/mehlhorn/pseudos/b_pbesol_v1.4.uspp.F.UPF
     MD5 check sum: 369b69bef2c3aeed4453bd8b804fd6a8
     Pseudo is Ultrasoft + core correction, Zval =  3.0
     Generated by new atomic code, or converted to UPF format
     Using radial grid of  781 points,  4 beta functions with: 
                l(1) =   0
                l(2) =   0
                l(3) =   1
                l(4) =   1
     Q(r) pseudized with  8 coefficients,  rinner =    1.100   1.100   1.100


     PseudoPot. # 2 for Ba read from file:
     /home/mehlhorn/pseudos/Ba.nc.z_10.oncvpsp4.dojo.v4-sp.upf
     MD5 check sum: c10ed334bb677c0554edec7181ce9143
     Pseudo is Norm-conserving + core correction, Zval = 10.0
     Generated using ONCVPSP code by D. R. Hamann
     Using radial grid of 1938 points,  8 beta functions with: 
                l(1) =   0
                l(2) =   0
                l(3) =   1
                l(4) =   1
                l(5) =   2
                l(6) =   2
                l(7) =   3
                l(8) =   3

     PseudoPot. # 3 for H  read from file:
     /home/mehlhorn/pseudos/H_ONCV_PBEsol-1.0.upf
     MD5 check sum: 398ef8f67c0a7342c05c87c5e19ea467
     Pseudo is Norm-conserving, Zval =  1.0
     Generated using ONCVPSP code by D. R. Hamann
     Using radial grid of 1180 points,  2 beta functions with: 
                l(1) =   0
                l(2) =   0


     Atomic displacements:
     There are   66 irreducible representations

     Representation     1      1 modes -  To be done

     Representation     2      1 modes -  To be done

     Representation     3      1 modes -  To be done

     Representation     4      1 modes -  To be done

     Representation     5      1 modes -  To be done

     Representation     6      1 modes -  To be done

     Representation     7      1 modes -  To be done

     Representation     8      1 modes -  To be done

     Representation     9      1 modes -  To be done

     Representation    10      1 modes -  To be done

     Representation    11      1 modes -  To be done

     Representation    12      1 modes -  To be done

     Representation    13      1 modes -  To be done

     Representation    14      1 modes -  To be done

     Representation    15      1 modes -  To be done

     Representation    16      1 modes -  To be done

     Representation    17      1 modes -  To be done

     Representation    18      1 modes -  To be done

     Representation    19      1 modes -  To be done

     Representation    20      1 modes -  To be done

     Representation    21      1 modes -  To be done

     Representation    22      1 modes -  To be done

     Representation    23      1 modes -  To be done

     Representation    24      1 modes -  To be done

     Representation    25      1 modes -  To be done

     Representation    26      1 modes -  To be done

     Representation    27      1 modes -  To be done

     Representation    28      1 modes -  To be done

     Representation    29      1 modes -  To be done

     Representation    30      1 modes -  To be done

     Representation    31      1 modes -  To be done

     Representation    32      1 modes -  To be done

     Representation    33      1 modes -  To be done

     Representation    34      1 modes -  To be done

     Representation    35      1 modes -  To be done

     Representation    36      1 modes -  To be done

     Representation    37      1 modes -  To be done

     Representation    38      1 modes -  To be done

     Representation    39      1 modes -  To be done

     Representation    40      1 modes -  To be done

     Representation    41      1 modes -  To be done

     Representation    42      1 modes -  To be done

     Representation    43      1 modes -  To be done

     Representation    44      1 modes -  To be done

     Representation    45      1 modes -  To be done

     Representation    46      1 modes -  To be done

     Representation    47      1 modes -  To be done

     Representation    48      1 modes -  To be done

     Representation    49      1 modes -  To be done

     Representation    50      1 modes -  To be done

     Representation    51      1 modes -  To be done

     Representation    52      1 modes -  To be done

     Representation    53      1 modes -  To be done

     Representation    54      1 modes -  To be done

     Representation    55      1 modes -  To be done

     Representation    56      1 modes -  To be done

     Representation    57      1 modes -  To be done

     Representation    58      1 modes -  To be done

     Representation    59      1 modes -  To be done

     Representation    60      1 modes -  To be done

     Representation    61      1 modes -  To be done

     Representation    62      1 modes -  To be done

     Representation    63      1 modes -  To be done

     Representation    64      1 modes -  To be done

     Representation    65      1 modes -  To be done

     Representation    66      1 modes -  To be done


     Message from routine init_vloc:
     Interpolation table for Vloc re-allocated

     Alpha used in Ewald sum =   2.8000
     PHONON       :     11h14m CPU     11h21m WALL



     Representation #   1 mode #   1

     Self-consistent Calculation

      iter #   1 total cpu time : 40920.1 secs   av.it.:   3.0
      thresh= 1.000E-02 alpha_mix =  0.700 |ddv_scf|^2 =  1.017E-08

      iter #   2 total cpu time : 41013.7 secs   av.it.:  15.0
      thresh= 1.008E-05 alpha_mix =  0.700 |ddv_scf|^2 =  9.595E-09

      iter #   3 total cpu time : 41102.3 secs   av.it.:  14.1
      thresh= 9.796E-06 alpha_mix =  0.700 |ddv_scf|^2 =  1.894E-11

      iter #   4 total cpu time : 41197.4 secs   av.it.:  15.5
      thresh= 4.351E-07 alpha_mix =  0.700 |ddv_scf|^2 =  1.852E-12

      iter #   5 total cpu time : 41291.9 secs   av.it.:  15.2
      thresh= 1.361E-07 alpha_mix =  0.700 |ddv_scf|^2 =  2.720E-14

      iter #   6 total cpu time : 41388.3 secs   av.it.:  16.0
      thresh= 1.649E-08 alpha_mix =  0.700 |ddv_scf|^2 =  3.403E-15

     End of self-consistent calculation

     Convergence has been achieved 


     Representation #   2 mode #   2

     Self-consistent Calculation

      iter #   1 total cpu time : 41440.5 secs   av.it.:   4.9
      thresh= 1.000E-02 alpha_mix =  0.700 |ddv_scf|^2 =  1.327E-08

      iter #   2 total cpu time : 41537.2 secs   av.it.:  16.0
      thresh= 1.152E-05 alpha_mix =  0.700 |ddv_scf|^2 =  4.245E-09

      iter #   3 total cpu time : 41632.0 secs   av.it.:  15.0
      thresh= 6.515E-06 alpha_mix =  0.700 |ddv_scf|^2 =  2.500E-11

      iter #   4 total cpu time : 41728.5 secs   av.it.:  16.0
      thresh= 5.000E-07 alpha_mix =  0.700 |ddv_scf|^2 =  2.078E-12

      iter #   5 total cpu time : 41825.8 secs   av.it.:  16.0
      thresh= 1.442E-07 alpha_mix =  0.700 |ddv_scf|^2 =  3.648E-13

      iter #   6 total cpu time : 41921.9 secs   av.it.:  15.9
      thresh= 6.040E-08 alpha_mix =  0.700 |ddv_scf|^2 =  4.402E-15

     End of self-consistent calculation

     Convergence has been achieved 


     Representation #   3 mode #   3

     Self-consistent Calculation

      iter #   1 total cpu time : 41968.7 secs   av.it.:   3.3
      thresh= 1.000E-02 alpha_mix =  0.700 |ddv_scf|^2 =  2.651E-09

      iter #   2 total cpu time : 42067.7 secs   av.it.:  15.9
      thresh= 5.148E-06 alpha_mix =  0.700 |ddv_scf|^2 =  1.357E-09

      iter #   3 total cpu time : 42163.2 secs   av.it.:  15.0
      thresh= 3.684E-06 alpha_mix =  0.700 |ddv_scf|^2 =  2.609E-12

      iter #   4 total cpu time : 42262.3 secs   av.it.:  16.0
      thresh= 1.615E-07 alpha_mix =  0.700 |ddv_scf|^2 =  2.273E-13

      iter #   5 total cpu time : 42360.4 secs   av.it.:  16.0
      thresh= 4.768E-08 alpha_mix =  0.700 |ddv_scf|^2 =  1.225E-14

      iter #   6 total cpu time : 42457.7 secs   av.it.:  16.0
      thresh= 1.107E-08 alpha_mix =  0.700 |ddv_scf|^2 =  1.152E-15

     End of self-consistent calculation

     Convergence has been achieved 


     Representation #   4 mode #   4

     Self-consistent Calculation

      iter #   1 total cpu time : 42504.8 secs   av.it.:   3.4
      thresh= 1.000E-02 alpha_mix =  0.700 |ddv_scf|^2 =  3.462E-09

      iter #   2 total cpu time : 42603.0 secs   av.it.:  16.0
      thresh= 5.884E-06 alpha_mix =  0.700 |ddv_scf|^2 =  1.847E-09

      iter #   3 total cpu time : 42697.5 secs   av.it.:  15.0
      thresh= 4.298E-06 alpha_mix =  0.700 |ddv_scf|^2 =  2.777E-12

      iter #   4 total cpu time : 42796.1 secs   av.it.:  16.0
      thresh= 1.666E-07 alpha_mix =  0.700 |ddv_scf|^2 =  3.058E-13

      iter #   5 total cpu time : 42893.2 secs   av.it.:  15.9
      thresh= 5.530E-08 alpha_mix =  0.700 |ddv_scf|^2 =  1.728E-14

      iter #   6 total cpu time : 42990.0 secs   av.it.:  15.9
      thresh= 1.315E-08 alpha_mix =  0.700 |ddv_scf|^2 =  1.716E-15

     End of self-consistent calculation

     Convergence has been achieved 


     Representation #   5 mode #   5

     Self-consistent Calculation

      iter #   1 total cpu time : 43044.2 secs   av.it.:   5.0
      thresh= 1.000E-02 alpha_mix =  0.700 |ddv_scf|^2 =  6.881E-08

      iter #   2 total cpu time : 43139.1 secs   av.it.:  15.0
      thresh= 2.623E-05 alpha_mix =  0.700 |ddv_scf|^2 =  7.404E-08

      iter #   3 total cpu time : 43228.7 secs   av.it.:  14.0
      thresh= 2.721E-05 alpha_mix =  0.700 |ddv_scf|^2 =  7.799E-11

      iter #   4 total cpu time : 43326.8 secs   av.it.:  16.0
      thresh= 8.831E-07 alpha_mix =  0.700 |ddv_scf|^2 =  1.216E-11

      iter #   5 total cpu time : 43422.6 secs   av.it.:  15.4
      thresh= 3.486E-07 alpha_mix =  0.700 |ddv_scf|^2 =  8.414E-13

      iter #   6 total cpu time : 43518.6 secs   av.it.:  15.5
      thresh= 9.173E-08 alpha_mix =  0.700 |ddv_scf|^2 =  4.168E-14

      iter #   7 total cpu time : 43611.8 secs   av.it.:  15.0
      thresh= 2.042E-08 alpha_mix =  0.700 |ddv_scf|^2 =  3.592E-16

     End of self-consistent calculation

     Convergence has been achieved 


     Representation #   6 mode #   6

     Self-consistent Calculation

      iter #   1 total cpu time : 43657.2 secs   av.it.:   3.0
      thresh= 1.000E-02 alpha_mix =  0.700 |ddv_scf|^2 =  1.956E-09

      iter #   2 total cpu time : 43754.7 secs   av.it.:  16.0
      thresh= 4.423E-06 alpha_mix =  0.700 |ddv_scf|^2 =  8.875E-10

      iter #   3 total cpu time : 43848.2 secs   av.it.:  15.1
      thresh= 2.979E-06 alpha_mix =  0.700 |ddv_scf|^2 =  9.641E-12

      iter #   4 total cpu time : 43941.5 secs   av.it.:  15.2
      thresh= 3.105E-07 alpha_mix =  0.700 |ddv_scf|^2 =  2.647E-12

      iter #   5 total cpu time : 44031.8 secs   av.it.:  14.9
      thresh= 1.627E-07 alpha_mix =  0.700 |ddv_scf|^2 =  1.027E-13

      iter #   6 total cpu time : 44125.1 secs   av.it.:  15.0
      thresh= 3.204E-08 alpha_mix =  0.700 |ddv_scf|^2 =  5.058E-15

     End of self-consistent calculation

     Convergence has been achieved 


     Representation #   7 mode #   7

     Self-consistent Calculation

      iter #   1 total cpu time : 44172.5 secs   av.it.:   3.9
      thresh= 1.000E-02 alpha_mix =  0.700 |ddv_scf|^2 =  1.457E-08

      iter #   2 total cpu time : 44266.4 secs   av.it.:  15.0
      thresh= 1.207E-05 alpha_mix =  0.700 |ddv_scf|^2 =  1.327E-08

      iter #   3 total cpu time : 44355.8 secs   av.it.:  14.5
      thresh= 1.152E-05 alpha_mix =  0.700 |ddv_scf|^2 =  3.183E-11

      iter #   4 total cpu time : 44450.4 secs   av.it.:  15.3
      thresh= 5.642E-07 alpha_mix =  0.700 |ddv_scf|^2 =  1.164E-12

      iter #   5 total cpu time : 44547.0 secs   av.it.:  16.0
      thresh= 1.079E-07 alpha_mix =  0.700 |ddv_scf|^2 =  2.129E-13

      iter #   6 total cpu time : 44639.4 secs   av.it.:  15.0
      thresh= 4.615E-08 alpha_mix =  0.700 |ddv_scf|^2 =  8.886E-15

     End of self-consistent calculation

     Convergence has been achieved 


     Representation #   8 mode #   8

     Self-consistent Calculation

      iter #   1 total cpu time : 44685.5 secs   av.it.:   3.1
      thresh= 1.000E-02 alpha_mix =  0.700 |ddv_scf|^2 =  1.435E-09

      iter #   2 total cpu time : 44783.6 secs   av.it.:  16.0
      thresh= 3.788E-06 alpha_mix =  0.700 |ddv_scf|^2 =  4.616E-10

      iter #   3 total cpu time : 44879.5 secs   av.it.:  15.9
      thresh= 2.148E-06 alpha_mix =  0.700 |ddv_scf|^2 =  5.775E-12

      iter #   4 total cpu time : 44976.0 secs   av.it.:  15.9
      thresh= 2.403E-07 alpha_mix =  0.700 |ddv_scf|^2 =  6.082E-13

      iter #   5 total cpu time : 45071.9 secs   av.it.:  15.9
      thresh= 7.798E-08 alpha_mix =  0.700 |ddv_scf|^2 =  1.856E-14

      iter #   6 total cpu time : 45168.0 secs   av.it.:  16.0
      thresh= 1.362E-08 alpha_mix =  0.700 |ddv_scf|^2 =  1.320E-15

     End of self-consistent calculation

     Convergence has been achieved 


     Representation #   9 mode #   9

     Self-consistent Calculation

      iter #   1 total cpu time : 45212.3 secs   av.it.:   3.0
      thresh= 1.000E-02 alpha_mix =  0.700 |ddv_scf|^2 =  8.316E-10

      iter #   2 total cpu time : 45307.7 secs   av.it.:  16.0
      thresh= 2.884E-06 alpha_mix =  0.700 |ddv_scf|^2 =  1.710E-10

      iter #   3 total cpu time : 45401.8 secs   av.it.:  15.7
      thresh= 1.307E-06 alpha_mix =  0.700 |ddv_scf|^2 =  5.241E-12

      iter #   4 total cpu time : 45496.9 secs   av.it.:  15.9
      thresh= 2.289E-07 alpha_mix =  0.700 |ddv_scf|^2 =  2.960E-13

      iter #   5 total cpu time : 45594.4 secs   av.it.:  15.9
      thresh= 5.440E-08 alpha_mix =  0.700 |ddv_scf|^2 =  1.456E-14

      iter #   6 total cpu time : 45693.7 secs   av.it.:  15.9
      thresh= 1.206E-08 alpha_mix =  0.700 |ddv_scf|^2 =  1.085E-15

     End of self-consistent calculation

     Convergence has been achieved 


     Representation #  10 mode #  10

     Self-consistent Calculation

      iter #   1 total cpu time : 45739.2 secs   av.it.:   3.0
      thresh= 1.000E-02 alpha_mix =  0.700 |ddv_scf|^2 =  7.791E-10

      iter #   2 total cpu time : 45839.5 secs   av.it.:  16.0
      thresh= 2.791E-06 alpha_mix =  0.700 |ddv_scf|^2 =  1.597E-10

      iter #   3 total cpu time : 45937.9 secs   av.it.:  15.9
      thresh= 1.264E-06 alpha_mix =  0.700 |ddv_scf|^2 =  1.233E-11

      iter #   4 total cpu time : 46033.5 secs   av.it.:  15.3
      thresh= 3.511E-07 alpha_mix =  0.700 |ddv_scf|^2 =  9.634E-13

      iter #   5 total cpu time : 46126.2 secs   av.it.:  15.0
      thresh= 9.815E-08 alpha_mix =  0.700 |ddv_scf|^2 =  8.423E-14

      iter #   6 total cpu time : 46219.3 secs   av.it.:  15.0
      thresh= 2.902E-08 alpha_mix =  0.700 |ddv_scf|^2 =  2.510E-15

     End of self-consistent calculation

     Convergence has been achieved 


     Representation #  11 mode #  11

     Self-consistent Calculation

      iter #   1 total cpu time : 46272.4 secs   av.it.:   5.0
      thresh= 1.000E-02 alpha_mix =  0.700 |ddv_scf|^2 =  7.336E-08

      iter #   2 total cpu time : 46365.4 secs   av.it.:  15.0
      thresh= 2.708E-05 alpha_mix =  0.700 |ddv_scf|^2 =  7.044E-08

      iter #   3 total cpu time : 46453.9 secs   av.it.:  14.1
      thresh= 2.654E-05 alpha_mix =  0.700 |ddv_scf|^2 =  2.017E-10

      iter #   4 total cpu time : 46548.4 secs   av.it.:  15.4
      thresh= 1.420E-06 alpha_mix =  0.700 |ddv_scf|^2 =  1.730E-11

      iter #   5 total cpu time : 46642.3 secs   av.it.:  15.1
      thresh= 4.159E-07 alpha_mix =  0.700 |ddv_scf|^2 =  4.105E-13

      iter #   6 total cpu time : 46738.0 secs   av.it.:  15.8
      thresh= 6.407E-08 alpha_mix =  0.700 |ddv_scf|^2 =  2.894E-14

      iter #   7 total cpu time : 46835.2 secs   av.it.:  16.0
      thresh= 1.701E-08 alpha_mix =  0.700 |ddv_scf|^2 =  2.118E-15

     End of self-consistent calculation

     Convergence has been achieved 


     Representation #  12 mode #  12

     Self-consistent Calculation

      iter #   1 total cpu time : 46881.1 secs   av.it.:   3.0
      thresh= 1.000E-02 alpha_mix =  0.700 |ddv_scf|^2 =  1.620E-09

      iter #   2 total cpu time : 46978.3 secs   av.it.:  15.9
      thresh= 4.025E-06 alpha_mix =  0.700 |ddv_scf|^2 =  4.086E-10

      iter #   3 total cpu time : 47073.2 secs   av.it.:  15.6
      thresh= 2.021E-06 alpha_mix =  0.700 |ddv_scf|^2 =  8.287E-12

      iter #   4 total cpu time : 47168.5 secs   av.it.:  15.7
      thresh= 2.879E-07 alpha_mix =  0.700 |ddv_scf|^2 =  3.534E-13

      iter #   5 total cpu time : 47264.4 secs   av.it.:  15.9
      thresh= 5.945E-08 alpha_mix =  0.700 |ddv_scf|^2 =  3.046E-14

      iter #   6 total cpu time : 47360.0 secs   av.it.:  15.9
      thresh= 1.745E-08 alpha_mix =  0.700 |ddv_scf|^2 =  2.131E-15

     End of self-consistent calculation

     Convergence has been achieved 


     Representation #  13 mode #  13

     Self-consistent Calculation

      iter #   1 total cpu time : 47405.7 secs   av.it.:   3.0
      thresh= 1.000E-02 alpha_mix =  0.700 |ddv_scf|^2 =  1.035E-08

      iter #   2 total cpu time : 47499.7 secs   av.it.:  15.0
      thresh= 1.018E-05 alpha_mix =  0.700 |ddv_scf|^2 =  1.022E-08

      iter #   3 total cpu time : 47588.6 secs   av.it.:  14.2
      thresh= 1.011E-05 alpha_mix =  0.700 |ddv_scf|^2 =  1.303E-11

      iter #   4 total cpu time : 47684.6 secs   av.it.:  15.9
      thresh= 3.610E-07 alpha_mix =  0.700 |ddv_scf|^2 =  1.991E-12

      iter #   5 total cpu time : 47778.9 secs   av.it.:  15.2
      thresh= 1.411E-07 alpha_mix =  0.700 |ddv_scf|^2 =  2.783E-14

      iter #   6 total cpu time : 47874.9 secs   av.it.:  15.9
      thresh= 1.668E-08 alpha_mix =  0.700 |ddv_scf|^2 =  3.992E-15

     End of self-consistent calculation

     Convergence has been achieved 


     Representation #  14 mode #  14

     Self-consistent Calculation

      iter #   1 total cpu time : 47926.9 secs   av.it.:   4.5
      thresh= 1.000E-02 alpha_mix =  0.700 |ddv_scf|^2 =  1.028E-08

      iter #   2 total cpu time : 48024.2 secs   av.it.:  16.0
      thresh= 1.014E-05 alpha_mix =  0.700 |ddv_scf|^2 =  2.641E-09

      iter #   3 total cpu time : 48118.8 secs   av.it.:  15.4
      thresh= 5.139E-06 alpha_mix =  0.700 |ddv_scf|^2 =  3.651E-11

      iter #   4 total cpu time : 48214.7 secs   av.it.:  15.9
      thresh= 6.042E-07 alpha_mix =  0.700 |ddv_scf|^2 =  2.761E-12

      iter #   5 total cpu time : 48311.9 secs   av.it.:  15.9
      thresh= 1.662E-07 alpha_mix =  0.700 |ddv_scf|^2 =  3.304E-13

      iter #   6 total cpu time : 48408.5 secs   av.it.:  16.0
      thresh= 5.748E-08 alpha_mix =  0.700 |ddv_scf|^2 =  6.842E-15

     End of self-consistent calculation

     Convergence has been achieved 


     Representation #  15 mode #  15

     Self-consistent Calculation

      iter #   1 total cpu time : 48453.8 secs   av.it.:   3.0
      thresh= 1.000E-02 alpha_mix =  0.700 |ddv_scf|^2 =  1.339E-09

      iter #   2 total cpu time : 48551.8 secs   av.it.:  16.0
      thresh= 3.659E-06 alpha_mix =  0.700 |ddv_scf|^2 =  3.240E-10

      iter #   3 total cpu time : 48647.5 secs   av.it.:  15.6
      thresh= 1.800E-06 alpha_mix =  0.700 |ddv_scf|^2 =  3.681E-12

      iter #   4 total cpu time : 48743.6 secs   av.it.:  15.7
      thresh= 1.919E-07 alpha_mix =  0.700 |ddv_scf|^2 =  2.155E-13

      iter #   5 total cpu time : 48840.9 secs   av.it.:  16.0
      thresh= 4.642E-08 alpha_mix =  0.700 |ddv_scf|^2 =  8.518E-15

     End of self-consistent calculation

     Convergence has been achieved 


     Representation #  16 mode #  16

     Self-consistent Calculation

      iter #   1 total cpu time : 48887.6 secs   av.it.:   3.3
      thresh= 1.000E-02 alpha_mix =  0.700 |ddv_scf|^2 =  2.643E-09

      iter #   2 total cpu time : 48987.9 secs   av.it.:  16.0
      thresh= 5.141E-06 alpha_mix =  0.700 |ddv_scf|^2 =  1.153E-09

      iter #   3 total cpu time : 49085.2 secs   av.it.:  15.1
      thresh= 3.396E-06 alpha_mix =  0.700 |ddv_scf|^2 =  4.450E-12

      iter #   4 total cpu time : 49186.1 secs   av.it.:  16.0
      thresh= 2.109E-07 alpha_mix =  0.700 |ddv_scf|^2 =  8.023E-13

      iter #   5 total cpu time : 49284.0 secs   av.it.:  15.4
      thresh= 8.957E-08 alpha_mix =  0.700 |ddv_scf|^2 =  1.821E-14

      iter #   6 total cpu time : 49383.1 secs   av.it.:  16.0
      thresh= 1.349E-08 alpha_mix =  0.700 |ddv_scf|^2 =  1.075E-15

     End of self-consistent calculation

     Convergence has been achieved 


     Representation #  17 mode #  17

     Self-consistent Calculation

      iter #   1 total cpu time : 49448.3 secs   av.it.:   6.9
      thresh= 1.000E-02 alpha_mix =  0.700 |ddv_scf|^2 =  3.864E-07

      iter #   2 total cpu time : 49545.3 secs   av.it.:  15.6
      thresh= 6.216E-05 alpha_mix =  0.700 |ddv_scf|^2 =  3.795E-07

      iter #   3 total cpu time : 49636.9 secs   av.it.:  14.6
      thresh= 6.160E-05 alpha_mix =  0.700 |ddv_scf|^2 =  1.076E-09

      iter #   4 total cpu time : 49731.9 secs   av.it.:  15.1
      thresh= 3.280E-06 alpha_mix =  0.700 |ddv_scf|^2 =  2.800E-11

      iter #   5 total cpu time : 49827.2 secs   av.it.:  15.5
      thresh= 5.291E-07 alpha_mix =  0.700 |ddv_scf|^2 =  6.374E-13

      iter #   6 total cpu time : 49925.6 secs   av.it.:  16.0
      thresh= 7.984E-08 alpha_mix =  0.700 |ddv_scf|^2 =  9.997E-14

      iter #   7 total cpu time : 50021.3 secs   av.it.:  15.4
      thresh= 3.162E-08 alpha_mix =  0.700 |ddv_scf|^2 =  1.500E-14

      iter #   8 total cpu time : 50115.6 secs   av.it.:  15.0
      thresh= 1.225E-08 alpha_mix =  0.700 |ddv_scf|^2 =  7.049E-16

     End of self-consistent calculation

     Convergence has been achieved 


     Representation #  18 mode #  18

     Self-consistent Calculation

      iter #   1 total cpu time : 50162.2 secs   av.it.:   3.5
      thresh= 1.000E-02 alpha_mix =  0.700 |ddv_scf|^2 =  2.816E-09

      iter #   2 total cpu time : 50259.2 secs   av.it.:  16.0
      thresh= 5.307E-06 alpha_mix =  0.700 |ddv_scf|^2 =  1.864E-09

      iter #   3 total cpu time : 50351.2 secs   av.it.:  15.0
      thresh= 4.317E-06 alpha_mix =  0.700 |ddv_scf|^2 =  2.882E-11

      iter #   4 total cpu time : 50445.0 secs   av.it.:  15.0
      thresh= 5.369E-07 alpha_mix =  0.700 |ddv_scf|^2 =  2.711E-12

      iter #   5 total cpu time : 50538.4 secs   av.it.:  15.0
      thresh= 1.646E-07 alpha_mix =  0.700 |ddv_scf|^2 =  5.358E-14

      iter #   6 total cpu time : 50633.5 secs   av.it.:  15.9
      thresh= 2.315E-08 alpha_mix =  0.700 |ddv_scf|^2 =  4.996E-15

     End of self-consistent calculation

     Convergence has been achieved 


     Representation #  19 mode #  19

     Self-consistent Calculation

      iter #   1 total cpu time : 50679.4 secs   av.it.:   3.0
      thresh= 1.000E-02 alpha_mix =  0.700 |ddv_scf|^2 =  1.581E-09

      iter #   2 total cpu time : 50775.5 secs   av.it.:  15.9
      thresh= 3.977E-06 alpha_mix =  0.700 |ddv_scf|^2 =  3.518E-10

      iter #   3 total cpu time : 50869.9 secs   av.it.:  15.6
      thresh= 1.876E-06 alpha_mix =  0.700 |ddv_scf|^2 =  6.811E-12

      iter #   4 total cpu time : 50965.4 secs   av.it.:  15.9
      thresh= 2.610E-07 alpha_mix =  0.700 |ddv_scf|^2 =  5.326E-13

      iter #   5 total cpu time : 51061.2 secs   av.it.:  15.9
      thresh= 7.298E-08 alpha_mix =  0.700 |ddv_scf|^2 =  1.293E-14

      iter #   6 total cpu time : 51158.7 secs   av.it.:  16.0
      thresh= 1.137E-08 alpha_mix =  0.700 |ddv_scf|^2 =  6.938E-16

     End of self-consistent calculation

     Convergence has been achieved 


     Representation #  20 mode #  20

     Self-consistent Calculation

      iter #   1 total cpu time : 51202.8 secs   av.it.:   3.0
      thresh= 1.000E-02 alpha_mix =  0.700 |ddv_scf|^2 =  5.922E-10

      iter #   2 total cpu time : 51300.7 secs   av.it.:  16.0
      thresh= 2.433E-06 alpha_mix =  0.700 |ddv_scf|^2 =  1.160E-10

      iter #   3 total cpu time : 51397.0 secs   av.it.:  15.9
      thresh= 1.077E-06 alpha_mix =  0.700 |ddv_scf|^2 =  4.717E-12

      iter #   4 total cpu time : 51493.2 secs   av.it.:  15.9
      thresh= 2.172E-07 alpha_mix =  0.700 |ddv_scf|^2 =  3.796E-13

      iter #   5 total cpu time : 51588.2 secs   av.it.:  15.6
      thresh= 6.162E-08 alpha_mix =  0.700 |ddv_scf|^2 =  1.453E-14

      iter #   6 total cpu time : 51683.8 secs   av.it.:  15.9
      thresh= 1.205E-08 alpha_mix =  0.700 |ddv_scf|^2 =  1.162E-15

     End of self-consistent calculation

     Convergence has been achieved 


     Representation #  21 mode #  21

     Self-consistent Calculation

      iter #   1 total cpu time : 51730.0 secs   av.it.:   3.2
      thresh= 1.000E-02 alpha_mix =  0.700 |ddv_scf|^2 =  2.716E-09

      iter #   2 total cpu time : 51827.6 secs   av.it.:  16.0
      thresh= 5.212E-06 alpha_mix =  0.700 |ddv_scf|^2 =  1.294E-09

      iter #   3 total cpu time : 51921.6 secs   av.it.:  15.1
      thresh= 3.598E-06 alpha_mix =  0.700 |ddv_scf|^2 =  8.568E-12

      iter #   4 total cpu time : 52015.4 secs   av.it.:  15.1
      thresh= 2.927E-07 alpha_mix =  0.700 |ddv_scf|^2 =  2.733E-12

      iter #   5 total cpu time : 52106.1 secs   av.it.:  14.9
      thresh= 1.653E-07 alpha_mix =  0.700 |ddv_scf|^2 =  5.909E-14

      iter #   6 total cpu time : 52201.4 secs   av.it.:  15.9
      thresh= 2.431E-08 alpha_mix =  0.700 |ddv_scf|^2 =  5.349E-15

     End of self-consistent calculation

     Convergence has been achieved 


     Representation #  22 mode #  22

     Self-consistent Calculation

      iter #   1 total cpu time : 52246.8 secs   av.it.:   3.0
      thresh= 1.000E-02 alpha_mix =  0.700 |ddv_scf|^2 =  1.715E-09

      iter #   2 total cpu time : 52342.2 secs   av.it.:  15.9
      thresh= 4.142E-06 alpha_mix =  0.700 |ddv_scf|^2 =  4.611E-10

      iter #   3 total cpu time : 52435.3 secs   av.it.:  15.1
      thresh= 2.147E-06 alpha_mix =  0.700 |ddv_scf|^2 =  5.301E-12

      iter #   4 total cpu time : 52529.5 secs   av.it.:  15.5
      thresh= 2.302E-07 alpha_mix =  0.700 |ddv_scf|^2 =  1.077E-13

      iter #   5 total cpu time : 52625.9 secs   av.it.:  16.0
      thresh= 3.281E-08 alpha_mix =  0.700 |ddv_scf|^2 =  8.648E-15

     End of self-consistent calculation

     Convergence has been achieved 


     Representation #  23 mode #  23

     Self-consistent Calculation

      iter #   1 total cpu time : 52672.9 secs   av.it.:   3.9
      thresh= 1.000E-02 alpha_mix =  0.700 |ddv_scf|^2 =  3.545E-09

      iter #   2 total cpu time : 52768.9 secs   av.it.:  15.9
      thresh= 5.954E-06 alpha_mix =  0.700 |ddv_scf|^2 =  1.751E-09

      iter #   3 total cpu time : 52862.1 secs   av.it.:  15.0
      thresh= 4.185E-06 alpha_mix =  0.700 |ddv_scf|^2 =  3.579E-11

      iter #   4 total cpu time : 52952.9 secs   av.it.:  15.0
      thresh= 5.982E-07 alpha_mix =  0.700 |ddv_scf|^2 =  2.442E-12

      iter #   5 total cpu time : 53045.0 secs   av.it.:  15.0
      thresh= 1.563E-07 alpha_mix =  0.700 |ddv_scf|^2 =  5.851E-14

      iter #   6 total cpu time : 53138.7 secs   av.it.:  15.2
      thresh= 2.419E-08 alpha_mix =  0.700 |ddv_scf|^2 =  5.541E-15

     End of self-consistent calculation

     Convergence has been achieved 


     Representation #  24 mode #  24

     Self-consistent Calculation

      iter #   1 total cpu time : 53183.8 secs   av.it.:   3.0
      thresh= 1.000E-02 alpha_mix =  0.700 |ddv_scf|^2 =  2.212E-09

      iter #   2 total cpu time : 53283.2 secs   av.it.:  16.0
      thresh= 4.703E-06 alpha_mix =  0.700 |ddv_scf|^2 =  8.747E-10

      iter #   3 total cpu time : 53380.2 secs   av.it.:  15.1
      thresh= 2.957E-06 alpha_mix =  0.700 |ddv_scf|^2 =  3.041E-11

      iter #   4 total cpu time : 53475.2 secs   av.it.:  15.0
      thresh= 5.514E-07 alpha_mix =  0.700 |ddv_scf|^2 =  2.987E-12

      iter #   5 total cpu time : 53569.0 secs   av.it.:  14.9
      thresh= 1.728E-07 alpha_mix =  0.700 |ddv_scf|^2 =  7.664E-14

      iter #   6 total cpu time : 53666.1 secs   av.it.:  15.0
      thresh= 2.768E-08 alpha_mix =  0.700 |ddv_scf|^2 =  3.361E-15

     End of self-consistent calculation

     Convergence has been achieved 


     Representation #  25 mode #  25

     Self-consistent Calculation

      iter #   1 total cpu time : 53731.4 secs   av.it.:   6.9
      thresh= 1.000E-02 alpha_mix =  0.700 |ddv_scf|^2 =  3.863E-07

      iter #   2 total cpu time : 53829.6 secs   av.it.:  15.6
      thresh= 6.216E-05 alpha_mix =  0.700 |ddv_scf|^2 =  3.794E-07

      iter #   3 total cpu time : 53922.2 secs   av.it.:  14.6
      thresh= 6.160E-05 alpha_mix =  0.700 |ddv_scf|^2 =  1.076E-09

      iter #   4 total cpu time : 54019.2 secs   av.it.:  15.1
      thresh= 3.280E-06 alpha_mix =  0.700 |ddv_scf|^2 =  2.800E-11

      iter #   5 total cpu time : 54117.0 secs   av.it.:  15.5
      thresh= 5.291E-07 alpha_mix =  0.700 |ddv_scf|^2 =  6.374E-13

      iter #   6 total cpu time : 54217.6 secs   av.it.:  16.0
      thresh= 7.984E-08 alpha_mix =  0.700 |ddv_scf|^2 =  9.995E-14

      iter #   7 total cpu time : 54315.9 secs   av.it.:  15.4
      thresh= 3.161E-08 alpha_mix =  0.700 |ddv_scf|^2 =  1.499E-14

      iter #   8 total cpu time : 54413.2 secs   av.it.:  15.0
      thresh= 1.224E-08 alpha_mix =  0.700 |ddv_scf|^2 =  7.047E-16

     End of self-consistent calculation

     Convergence has been achieved 


     Representation #  26 mode #  26

     Self-consistent Calculation

      iter #   1 total cpu time : 54458.0 secs   av.it.:   3.0
      thresh= 1.000E-02 alpha_mix =  0.700 |ddv_scf|^2 =  9.412E-10

      iter #   2 total cpu time : 54557.2 secs   av.it.:  15.9
      thresh= 3.068E-06 alpha_mix =  0.700 |ddv_scf|^2 =  7.152E-10

      iter #   3 total cpu time : 54650.7 secs   av.it.:  14.9
      thresh= 2.674E-06 alpha_mix =  0.700 |ddv_scf|^2 =  1.154E-11

      iter #   4 total cpu time : 54746.8 secs   av.it.:  15.0
      thresh= 3.397E-07 alpha_mix =  0.700 |ddv_scf|^2 =  7.004E-13

      iter #   5 total cpu time : 54842.6 secs   av.it.:  15.0
      thresh= 8.369E-08 alpha_mix =  0.700 |ddv_scf|^2 =  2.599E-14

      iter #   6 total cpu time : 54941.6 secs   av.it.:  16.0
      thresh= 1.612E-08 alpha_mix =  0.700 |ddv_scf|^2 =  2.847E-15

     End of self-consistent calculation

     Convergence has been achieved 


     Representation #  27 mode #  27

     Self-consistent Calculation

      iter #   1 total cpu time : 55004.5 secs   av.it.:   6.3
      thresh= 1.000E-02 alpha_mix =  0.700 |ddv_scf|^2 =  7.544E-08

      iter #   2 total cpu time : 55103.4 secs   av.it.:  15.9
      thresh= 2.747E-05 alpha_mix =  0.700 |ddv_scf|^2 =  2.410E-08

      iter #   3 total cpu time : 55200.7 secs   av.it.:  15.4
      thresh= 1.553E-05 alpha_mix =  0.700 |ddv_scf|^2 =  1.872E-10

      iter #   4 total cpu time : 55299.2 secs   av.it.:  15.9
      thresh= 1.368E-06 alpha_mix =  0.700 |ddv_scf|^2 =  1.324E-11

      iter #   5 total cpu time : 55398.3 secs   av.it.:  16.0
      thresh= 3.638E-07 alpha_mix =  0.700 |ddv_scf|^2 =  2.145E-13

      iter #   6 total cpu time : 55497.4 secs   av.it.:  16.0
      thresh= 4.631E-08 alpha_mix =  0.700 |ddv_scf|^2 =  2.707E-14

      iter #   7 total cpu time : 55593.9 secs   av.it.:  15.0
      thresh= 1.645E-08 alpha_mix =  0.700 |ddv_scf|^2 =  1.839E-15

     End of self-consistent calculation

     Convergence has been achieved 


     Representation #  28 mode #  28

     Self-consistent Calculation

      iter #   1 total cpu time : 55648.3 secs   av.it.:   5.0
      thresh= 1.000E-02 alpha_mix =  0.700 |ddv_scf|^2 =  2.902E-08

      iter #   2 total cpu time : 55746.5 secs   av.it.:  15.8
      thresh= 1.704E-05 alpha_mix =  0.700 |ddv_scf|^2 =  2.729E-08

      iter #   3 total cpu time : 55838.7 secs   av.it.:  14.6
      thresh= 1.652E-05 alpha_mix =  0.700 |ddv_scf|^2 =  1.276E-10

      iter #   4 total cpu time : 55936.4 secs   av.it.:  15.6
      thresh= 1.130E-06 alpha_mix =  0.700 |ddv_scf|^2 =  7.239E-12

      iter #   5 total cpu time : 56035.6 secs   av.it.:  15.9
      thresh= 2.690E-07 alpha_mix =  0.700 |ddv_scf|^2 =  7.321E-13

      iter #   6 total cpu time : 56134.5 secs   av.it.:  15.9
      thresh= 8.556E-08 alpha_mix =  0.700 |ddv_scf|^2 =  2.166E-14

      iter #   7 total cpu time : 56231.1 secs   av.it.:  15.1
      thresh= 1.472E-08 alpha_mix =  0.700 |ddv_scf|^2 =  4.058E-16

     End of self-consistent calculation

     Convergence has been achieved 


     Representation #  29 mode #  29

     Self-consistent Calculation

      iter #   1 total cpu time : 56277.2 secs   av.it.:   3.0
      thresh= 1.000E-02 alpha_mix =  0.700 |ddv_scf|^2 =  4.761E-09

      iter #   2 total cpu time : 56372.4 secs   av.it.:  15.5
      thresh= 6.900E-06 alpha_mix =  0.700 |ddv_scf|^2 =  3.110E-09

      iter #   3 total cpu time : 56462.2 secs   av.it.:  14.7
      thresh= 5.576E-06 alpha_mix =  0.700 |ddv_scf|^2 =  2.795E-11

      iter #   4 total cpu time : 56556.0 secs   av.it.:  15.0
      thresh= 5.286E-07 alpha_mix =  0.700 |ddv_scf|^2 =  2.500E-12

      iter #   5 total cpu time : 56650.0 secs   av.it.:  15.0
      thresh= 1.581E-07 alpha_mix =  0.700 |ddv_scf|^2 =  5.855E-14

      iter #   6 total cpu time : 56747.7 secs   av.it.:  15.8
      thresh= 2.420E-08 alpha_mix =  0.700 |ddv_scf|^2 =  2.198E-15

     End of self-consistent calculation

     Convergence has been achieved 


     Representation #  30 mode #  30

     Self-consistent Calculation

      iter #   1 total cpu time : 56811.8 secs   av.it.:   6.5
      thresh= 1.000E-02 alpha_mix =  0.700 |ddv_scf|^2 =  7.824E-08

      iter #   2 total cpu time : 56911.5 secs   av.it.:  15.9
      thresh= 2.797E-05 alpha_mix =  0.700 |ddv_scf|^2 =  2.680E-08

      iter #   3 total cpu time : 57006.7 secs   av.it.:  15.4
      thresh= 1.637E-05 alpha_mix =  0.700 |ddv_scf|^2 =  1.518E-10

      iter #   4 total cpu time : 57103.1 secs   av.it.:  15.9
      thresh= 1.232E-06 alpha_mix =  0.700 |ddv_scf|^2 =  1.352E-11

      iter #   5 total cpu time : 57200.6 secs   av.it.:  15.9
      thresh= 3.676E-07 alpha_mix =  0.700 |ddv_scf|^2 =  3.130E-13

      iter #   6 total cpu time : 57297.9 secs   av.it.:  15.9
      thresh= 5.595E-08 alpha_mix =  0.700 |ddv_scf|^2 =  3.797E-14

      iter #   7 total cpu time : 57393.2 secs   av.it.:  15.1
      thresh= 1.949E-08 alpha_mix =  0.700 |ddv_scf|^2 =  1.525E-15

     End of self-consistent calculation

     Convergence has been achieved 


     Representation #  31 mode #  31

     Self-consistent Calculation

      iter #   1 total cpu time : 57438.9 secs   av.it.:   3.0
      thresh= 1.000E-02 alpha_mix =  0.700 |ddv_scf|^2 =  2.958E-09

      iter #   2 total cpu time : 57536.0 secs   av.it.:  15.9
      thresh= 5.439E-06 alpha_mix =  0.700 |ddv_scf|^2 =  1.459E-09

      iter #   3 total cpu time : 57629.4 secs   av.it.:  14.9
      thresh= 3.819E-06 alpha_mix =  0.700 |ddv_scf|^2 =  2.348E-11

      iter #   4 total cpu time : 57722.5 secs   av.it.:  15.0
      thresh= 4.846E-07 alpha_mix =  0.700 |ddv_scf|^2 =  1.992E-12

      iter #   5 total cpu time : 57816.6 secs   av.it.:  15.0
      thresh= 1.411E-07 alpha_mix =  0.700 |ddv_scf|^2 =  5.201E-14

      iter #   6 total cpu time : 57911.9 secs   av.it.:  15.2
      thresh= 2.281E-08 alpha_mix =  0.700 |ddv_scf|^2 =  1.646E-15

     End of self-consistent calculation

     Convergence has been achieved 


     Representation #  32 mode #  32

     Self-consistent Calculation

      iter #   1 total cpu time : 57963.8 secs   av.it.:   4.3
      thresh= 1.000E-02 alpha_mix =  0.700 |ddv_scf|^2 =  5.910E-09

      iter #   2 total cpu time : 58062.8 secs   av.it.:  16.0
      thresh= 7.687E-06 alpha_mix =  0.700 |ddv_scf|^2 =  8.743E-10

      iter #   3 total cpu time : 58159.3 secs   av.it.:  15.9
      thresh= 2.957E-06 alpha_mix =  0.700 |ddv_scf|^2 =  3.149E-11

      iter #   4 total cpu time : 58255.7 secs   av.it.:  15.8
      thresh= 5.612E-07 alpha_mix =  0.700 |ddv_scf|^2 =  1.886E-12

      iter #   5 total cpu time : 58352.8 secs   av.it.:  15.9
      thresh= 1.373E-07 alpha_mix =  0.700 |ddv_scf|^2 =  1.156E-13

      iter #   6 total cpu time : 58450.7 secs   av.it.:  16.0
      thresh= 3.399E-08 alpha_mix =  0.700 |ddv_scf|^2 =  4.424E-15

     End of self-consistent calculation

     Convergence has been achieved 


     Representation #  33 mode #  33

     Self-consistent Calculation

      iter #   1 total cpu time : 58503.4 secs   av.it.:   4.9
      thresh= 1.000E-02 alpha_mix =  0.700 |ddv_scf|^2 =  1.301E-08

      iter #   2 total cpu time : 58601.8 secs   av.it.:  16.0
      thresh= 1.141E-05 alpha_mix =  0.700 |ddv_scf|^2 =  3.630E-09

      iter #   3 total cpu time : 58697.0 secs   av.it.:  15.0
      thresh= 6.025E-06 alpha_mix =  0.700 |ddv_scf|^2 =  2.583E-11

      iter #   4 total cpu time : 58794.1 secs   av.it.:  15.9
      thresh= 5.082E-07 alpha_mix =  0.700 |ddv_scf|^2 =  2.470E-12

      iter #   5 total cpu time : 58891.5 secs   av.it.:  15.9
      thresh= 1.572E-07 alpha_mix =  0.700 |ddv_scf|^2 =  1.333E-13

      iter #   6 total cpu time : 58989.5 secs   av.it.:  16.0
      thresh= 3.651E-08 alpha_mix =  0.700 |ddv_scf|^2 =  1.247E-14

      iter #   7 total cpu time : 59085.5 secs   av.it.:  15.6
      thresh= 1.117E-08 alpha_mix =  0.700 |ddv_scf|^2 =  3.157E-16

     End of self-consistent calculation

     Convergence has been achieved 


     Representation #  34 mode #  34

     Self-consistent Calculation

      iter #   1 total cpu time : 59130.6 secs   av.it.:   3.0
      thresh= 1.000E-02 alpha_mix =  0.700 |ddv_scf|^2 =  9.434E-09

      iter #   2 total cpu time : 59224.5 secs   av.it.:  15.0
      thresh= 9.713E-06 alpha_mix =  0.700 |ddv_scf|^2 =  8.603E-09

      iter #   3 total cpu time : 59314.0 secs   av.it.:  14.1
      thresh= 9.275E-06 alpha_mix =  0.700 |ddv_scf|^2 =  1.739E-11

      iter #   4 total cpu time : 59410.1 secs   av.it.:  15.6
      thresh= 4.171E-07 alpha_mix =  0.700 |ddv_scf|^2 =  2.330E-12

      iter #   5 total cpu time : 59505.3 secs   av.it.:  15.1
      thresh= 1.526E-07 alpha_mix =  0.700 |ddv_scf|^2 =  5.281E-14

      iter #   6 total cpu time : 59599.9 secs   av.it.:  15.4
      thresh= 2.298E-08 alpha_mix =  0.700 |ddv_scf|^2 =  3.693E-15

     End of self-consistent calculation

     Convergence has been achieved 


     Representation #  35 mode #  35

     Self-consistent Calculation

      iter #   1 total cpu time : 59645.6 secs   av.it.:   3.0
      thresh= 1.000E-02 alpha_mix =  0.700 |ddv_scf|^2 =  1.131E-09

      iter #   2 total cpu time : 59744.8 secs   av.it.:  16.0
      thresh= 3.364E-06 alpha_mix =  0.700 |ddv_scf|^2 =  3.460E-10

      iter #   3 total cpu time : 59841.7 secs   av.it.:  15.6
      thresh= 1.860E-06 alpha_mix =  0.700 |ddv_scf|^2 =  9.567E-12

      iter #   4 total cpu time : 59936.7 secs   av.it.:  15.2
      thresh= 3.093E-07 alpha_mix =  0.700 |ddv_scf|^2 =  2.016E-12

      iter #   5 total cpu time : 60027.4 secs   av.it.:  14.9
      thresh= 1.420E-07 alpha_mix =  0.700 |ddv_scf|^2 =  6.217E-14

      iter #   6 total cpu time : 60121.6 secs   av.it.:  15.1
      thresh= 2.493E-08 alpha_mix =  0.700 |ddv_scf|^2 =  4.511E-15

     End of self-consistent calculation

     Convergence has been achieved 


     Representation #  36 mode #  36

     Self-consistent Calculation

      iter #   1 total cpu time : 60164.9 secs   av.it.:   3.0
      thresh= 1.000E-02 alpha_mix =  0.700 |ddv_scf|^2 =  8.101E-10

      iter #   2 total cpu time : 60260.8 secs   av.it.:  16.0
      thresh= 2.846E-06 alpha_mix =  0.700 |ddv_scf|^2 =  1.914E-10

      iter #   3 total cpu time : 60355.2 secs   av.it.:  15.8
      thresh= 1.384E-06 alpha_mix =  0.700 |ddv_scf|^2 =  7.986E-12

      iter #   4 total cpu time : 60449.8 secs   av.it.:  15.7
      thresh= 2.826E-07 alpha_mix =  0.700 |ddv_scf|^2 =  2.870E-13

      iter #   5 total cpu time : 60544.1 secs   av.it.:  15.9
      thresh= 5.357E-08 alpha_mix =  0.700 |ddv_scf|^2 =  1.169E-14

      iter #   6 total cpu time : 60638.7 secs   av.it.:  16.0
      thresh= 1.081E-08 alpha_mix =  0.700 |ddv_scf|^2 =  6.793E-16

     End of self-consistent calculation

     Convergence has been achieved 


     Representation #  37 mode #  37

     Self-consistent Calculation

      iter #   1 total cpu time : 60683.4 secs   av.it.:   3.0
      thresh= 1.000E-02 alpha_mix =  0.700 |ddv_scf|^2 =  1.565E-09

      iter #   2 total cpu time : 60783.8 secs   av.it.:  16.0
      thresh= 3.956E-06 alpha_mix =  0.700 |ddv_scf|^2 =  6.373E-10

      iter #   3 total cpu time : 60880.9 secs   av.it.:  15.2
      thresh= 2.524E-06 alpha_mix =  0.700 |ddv_scf|^2 =  5.452E-12

      iter #   4 total cpu time : 60975.9 secs   av.it.:  15.9
      thresh= 2.335E-07 alpha_mix =  0.700 |ddv_scf|^2 =  1.741E-13

      iter #   5 total cpu time : 61072.5 secs   av.it.:  15.9
      thresh= 4.172E-08 alpha_mix =  0.700 |ddv_scf|^2 =  1.650E-14

      iter #   6 total cpu time : 61168.8 secs   av.it.:  15.4
      thresh= 1.285E-08 alpha_mix =  0.700 |ddv_scf|^2 =  5.832E-16

     End of self-consistent calculation

     Convergence has been achieved 


     Representation #  38 mode #  38

     Self-consistent Calculation

      iter #   1 total cpu time : 61216.3 secs   av.it.:   3.9
      thresh= 1.000E-02 alpha_mix =  0.700 |ddv_scf|^2 =  5.141E-09

      iter #   2 total cpu time : 61313.7 secs   av.it.:  15.9
      thresh= 7.170E-06 alpha_mix =  0.700 |ddv_scf|^2 =  3.893E-09

      iter #   3 total cpu time : 61406.5 secs   av.it.:  14.9
      thresh= 6.240E-06 alpha_mix =  0.700 |ddv_scf|^2 =  5.150E-11

      iter #   4 total cpu time : 61501.3 secs   av.it.:  15.0
      thresh= 7.176E-07 alpha_mix =  0.700 |ddv_scf|^2 =  1.872E-12

      iter #   5 total cpu time : 61598.6 secs   av.it.:  15.8
      thresh= 1.368E-07 alpha_mix =  0.700 |ddv_scf|^2 =  1.572E-13

      iter #   6 total cpu time : 61694.3 secs   av.it.:  15.0
      thresh= 3.965E-08 alpha_mix =  0.700 |ddv_scf|^2 =  1.146E-14

      iter #   7 total cpu time : 61788.5 secs   av.it.:  15.0
      thresh= 1.071E-08 alpha_mix =  0.700 |ddv_scf|^2 =  1.616E-16

     End of self-consistent calculation

     Convergence has been achieved 


     Representation #  39 mode #  39

     Self-consistent Calculation

      iter #   1 total cpu time : 61833.1 secs   av.it.:   3.0
      thresh= 1.000E-02 alpha_mix =  0.700 |ddv_scf|^2 =  1.833E-09

      iter #   2 total cpu time : 61928.7 secs   av.it.:  15.6
      thresh= 4.281E-06 alpha_mix =  0.700 |ddv_scf|^2 =  1.999E-10

      iter #   3 total cpu time : 62023.9 secs   av.it.:  15.5
      thresh= 1.414E-06 alpha_mix =  0.700 |ddv_scf|^2 =  1.238E-11

      iter #   4 total cpu time : 62115.2 secs   av.it.:  15.0
      thresh= 3.518E-07 alpha_mix =  0.700 |ddv_scf|^2 =  7.432E-13

      iter #   5 total cpu time : 62207.3 secs   av.it.:  15.0
      thresh= 8.621E-08 alpha_mix =  0.700 |ddv_scf|^2 =  7.369E-14

      iter #   6 total cpu time : 62299.6 secs   av.it.:  15.0
      thresh= 2.715E-08 alpha_mix =  0.700 |ddv_scf|^2 =  3.417E-15

     End of self-consistent calculation

     Convergence has been achieved 


     Representation #  40 mode #  40

     Self-consistent Calculation

      iter #   1 total cpu time : 62345.7 secs   av.it.:   3.5
      thresh= 1.000E-02 alpha_mix =  0.700 |ddv_scf|^2 =  2.872E-09

      iter #   2 total cpu time : 62442.2 secs   av.it.:  16.0
      thresh= 5.359E-06 alpha_mix =  0.700 |ddv_scf|^2 =  1.632E-09

      iter #   3 total cpu time : 62534.9 secs   av.it.:  15.0
      thresh= 4.040E-06 alpha_mix =  0.700 |ddv_scf|^2 =  2.125E-12

      iter #   4 total cpu time : 62631.7 secs   av.it.:  16.0
      thresh= 1.458E-07 alpha_mix =  0.700 |ddv_scf|^2 =  3.802E-13

      iter #   5 total cpu time : 62729.5 secs   av.it.:  15.9
      thresh= 6.166E-08 alpha_mix =  0.700 |ddv_scf|^2 =  1.675E-14

      iter #   6 total cpu time : 62825.3 secs   av.it.:  15.9
      thresh= 1.294E-08 alpha_mix =  0.700 |ddv_scf|^2 =  6.990E-16

     End of self-consistent calculation

     Convergence has been achieved 


     Representation #  41 mode #  41

     Self-consistent Calculation

      iter #   1 total cpu time : 62877.5 secs   av.it.:   4.6
      thresh= 1.000E-02 alpha_mix =  0.700 |ddv_scf|^2 =  1.715E-08

      iter #   2 total cpu time : 62972.8 secs   av.it.:  15.8
      thresh= 1.310E-05 alpha_mix =  0.700 |ddv_scf|^2 =  9.138E-09

      iter #   3 total cpu time : 63064.1 secs   av.it.:  14.9
      thresh= 9.559E-06 alpha_mix =  0.700 |ddv_scf|^2 =  3.653E-10

      iter #   4 total cpu time : 63155.3 secs   av.it.:  14.9
      thresh= 1.911E-06 alpha_mix =  0.700 |ddv_scf|^2 =  4.504E-12

      iter #   5 total cpu time : 63251.1 secs   av.it.:  15.9
      thresh= 2.122E-07 alpha_mix =  0.700 |ddv_scf|^2 =  8.510E-13

      iter #   6 total cpu time : 63347.0 secs   av.it.:  15.9
      thresh= 9.225E-08 alpha_mix =  0.700 |ddv_scf|^2 =  6.806E-15

     End of self-consistent calculation

     Convergence has been achieved 


     Representation #  42 mode #  42

     Self-consistent Calculation

      iter #   1 total cpu time : 63392.7 secs   av.it.:   3.0
      thresh= 1.000E-02 alpha_mix =  0.700 |ddv_scf|^2 =  2.321E-09

      iter #   2 total cpu time : 63488.5 secs   av.it.:  15.9
      thresh= 4.817E-06 alpha_mix =  0.700 |ddv_scf|^2 =  7.065E-10

      iter #   3 total cpu time : 63582.5 secs   av.it.:  15.0
      thresh= 2.658E-06 alpha_mix =  0.700 |ddv_scf|^2 =  1.759E-11

      iter #   4 total cpu time : 63678.3 secs   av.it.:  15.0
      thresh= 4.194E-07 alpha_mix =  0.700 |ddv_scf|^2 =  2.486E-12

      iter #   5 total cpu time : 63772.0 secs   av.it.:  14.9
      thresh= 1.577E-07 alpha_mix =  0.700 |ddv_scf|^2 =  7.481E-14

      iter #   6 total cpu time : 63868.5 secs   av.it.:  15.1
      thresh= 2.735E-08 alpha_mix =  0.700 |ddv_scf|^2 =  2.384E-15

     End of self-consistent calculation

     Convergence has been achieved 


     Representation #  43 mode #  43

     Self-consistent Calculation

      iter #   1 total cpu time : 63914.3 secs   av.it.:   3.0
      thresh= 1.000E-02 alpha_mix =  0.700 |ddv_scf|^2 =  1.051E-09

      iter #   2 total cpu time : 64014.4 secs   av.it.:  16.0
      thresh= 3.243E-06 alpha_mix =  0.700 |ddv_scf|^2 =  1.247E-09

      iter #   3 total cpu time : 64106.6 secs   av.it.:  14.6
      thresh= 3.531E-06 alpha_mix =  0.700 |ddv_scf|^2 =  4.791E-12

      iter #   4 total cpu time : 64207.7 secs   av.it.:  16.0
      thresh= 2.189E-07 alpha_mix =  0.700 |ddv_scf|^2 =  9.870E-13

      iter #   5 total cpu time : 64305.6 secs   av.it.:  15.7
      thresh= 9.935E-08 alpha_mix =  0.700 |ddv_scf|^2 =  6.243E-14

      iter #   6 total cpu time : 64402.3 secs   av.it.:  15.0
      thresh= 2.499E-08 alpha_mix =  0.700 |ddv_scf|^2 =  2.851E-15

     End of self-consistent calculation

     Convergence has been achieved 


     Representation #  44 mode #  44

     Self-consistent Calculation

      iter #   1 total cpu time : 64447.1 secs   av.it.:   3.0
      thresh= 1.000E-02 alpha_mix =  0.700 |ddv_scf|^2 =  7.767E-10

      iter #   2 total cpu time : 64547.0 secs   av.it.:  16.0
      thresh= 2.787E-06 alpha_mix =  0.700 |ddv_scf|^2 =  2.289E-10

      iter #   3 total cpu time : 64644.4 secs   av.it.:  15.6
      thresh= 1.513E-06 alpha_mix =  0.700 |ddv_scf|^2 =  6.682E-12

      iter #   4 total cpu time : 64742.5 secs   av.it.:  15.9
      thresh= 2.585E-07 alpha_mix =  0.700 |ddv_scf|^2 =  3.724E-13

      iter #   5 total cpu time : 64840.3 secs   av.it.:  15.7
      thresh= 6.103E-08 alpha_mix =  0.700 |ddv_scf|^2 =  1.627E-14

      iter #   6 total cpu time : 64937.9 secs   av.it.:  15.7
      thresh= 1.275E-08 alpha_mix =  0.700 |ddv_scf|^2 =  1.898E-15

     End of self-consistent calculation

     Convergence has been achieved 


     Representation #  45 mode #  45

     Self-consistent Calculation

      iter #   1 total cpu time : 64986.0 secs   av.it.:   3.7
      thresh= 1.000E-02 alpha_mix =  0.700 |ddv_scf|^2 =  2.825E-09

      iter #   2 total cpu time : 65086.1 secs   av.it.:  16.0
      thresh= 5.315E-06 alpha_mix =  0.700 |ddv_scf|^2 =  1.753E-09

      iter #   3 total cpu time : 65181.1 secs   av.it.:  15.0
      thresh= 4.187E-06 alpha_mix =  0.700 |ddv_scf|^2 =  2.378E-11

      iter #   4 total cpu time : 65277.3 secs   av.it.:  15.0
      thresh= 4.876E-07 alpha_mix =  0.700 |ddv_scf|^2 =  3.023E-12

      iter #   5 total cpu time : 65372.8 secs   av.it.:  15.0
      thresh= 1.739E-07 alpha_mix =  0.700 |ddv_scf|^2 =  3.445E-14

      iter #   6 total cpu time : 65471.6 secs   av.it.:  15.9
      thresh= 1.856E-08 alpha_mix =  0.700 |ddv_scf|^2 =  5.114E-15

     End of self-consistent calculation

     Convergence has been achieved 


     Representation #  46 mode #  46

     Self-consistent Calculation

      iter #   1 total cpu time : 65519.3 secs   av.it.:   3.7
      thresh= 1.000E-02 alpha_mix =  0.700 |ddv_scf|^2 =  2.565E-09

      iter #   2 total cpu time : 65619.9 secs   av.it.:  16.0
      thresh= 5.064E-06 alpha_mix =  0.700 |ddv_scf|^2 =  1.350E-09

      iter #   3 total cpu time : 65716.2 secs   av.it.:  15.0
      thresh= 3.674E-06 alpha_mix =  0.700 |ddv_scf|^2 =  6.126E-12

      iter #   4 total cpu time : 65813.3 secs   av.it.:  15.2
      thresh= 2.475E-07 alpha_mix =  0.700 |ddv_scf|^2 =  3.049E-12

      iter #   5 total cpu time : 65907.0 secs   av.it.:  14.9
      thresh= 1.746E-07 alpha_mix =  0.700 |ddv_scf|^2 =  3.254E-14

      iter #   6 total cpu time : 66006.2 secs   av.it.:  16.0
      thresh= 1.804E-08 alpha_mix =  0.700 |ddv_scf|^2 =  4.723E-15

     End of self-consistent calculation

     Convergence has been achieved 


     Representation #  47 mode #  47

     Self-consistent Calculation

      iter #   1 total cpu time : 66053.2 secs   av.it.:   3.0
      thresh= 1.000E-02 alpha_mix =  0.700 |ddv_scf|^2 =  2.180E-09

      iter #   2 total cpu time : 66153.7 secs   av.it.:  16.0
      thresh= 4.669E-06 alpha_mix =  0.700 |ddv_scf|^2 =  1.218E-09

      iter #   3 total cpu time : 66249.6 secs   av.it.:  15.0
      thresh= 3.491E-06 alpha_mix =  0.700 |ddv_scf|^2 =  2.660E-12

      iter #   4 total cpu time : 66349.3 secs   av.it.:  16.0
      thresh= 1.631E-07 alpha_mix =  0.700 |ddv_scf|^2 =  4.342E-13

      iter #   5 total cpu time : 66448.0 secs   av.it.:  15.9
      thresh= 6.589E-08 alpha_mix =  0.700 |ddv_scf|^2 =  1.212E-14

      iter #   6 total cpu time : 66546.3 secs   av.it.:  15.9
      thresh= 1.101E-08 alpha_mix =  0.700 |ddv_scf|^2 =  8.178E-16

     End of self-consistent calculation

     Convergence has been achieved 


     Representation #  48 mode #  48

     Self-consistent Calculation

      iter #   1 total cpu time : 66593.0 secs   av.it.:   3.0
      thresh= 1.000E-02 alpha_mix =  0.700 |ddv_scf|^2 =  2.206E-09

      iter #   2 total cpu time : 66692.8 secs   av.it.:  16.0
      thresh= 4.697E-06 alpha_mix =  0.700 |ddv_scf|^2 =  1.039E-09

      iter #   3 total cpu time : 66789.4 secs   av.it.:  15.0
      thresh= 3.224E-06 alpha_mix =  0.700 |ddv_scf|^2 =  4.817E-12

      iter #   4 total cpu time : 66885.9 secs   av.it.:  16.0
      thresh= 2.195E-07 alpha_mix =  0.700 |ddv_scf|^2 =  4.138E-13

      iter #   5 total cpu time : 66980.0 secs   av.it.:  15.3
      thresh= 6.433E-08 alpha_mix =  0.700 |ddv_scf|^2 =  2.120E-14

      iter #   6 total cpu time : 67074.2 secs   av.it.:  15.7
      thresh= 1.456E-08 alpha_mix =  0.700 |ddv_scf|^2 =  2.447E-15

     End of self-consistent calculation

     Convergence has been achieved 


     Representation #  49 mode #  49

     Self-consistent Calculation

      iter #   1 total cpu time : 67125.8 secs   av.it.:   4.4
      thresh= 1.000E-02 alpha_mix =  0.700 |ddv_scf|^2 =  5.975E-09

      iter #   2 total cpu time : 67223.5 secs   av.it.:  16.0
      thresh= 7.730E-06 alpha_mix =  0.700 |ddv_scf|^2 =  8.890E-10

      iter #   3 total cpu time : 67320.5 secs   av.it.:  15.9
      thresh= 2.982E-06 alpha_mix =  0.700 |ddv_scf|^2 =  2.945E-11

      iter #   4 total cpu time : 67419.0 secs   av.it.:  15.9
      thresh= 5.427E-07 alpha_mix =  0.700 |ddv_scf|^2 =  2.360E-12

      iter #   5 total cpu time : 67518.0 secs   av.it.:  15.9
      thresh= 1.536E-07 alpha_mix =  0.700 |ddv_scf|^2 =  2.411E-13

      iter #   6 total cpu time : 67616.9 secs   av.it.:  15.9
      thresh= 4.910E-08 alpha_mix =  0.700 |ddv_scf|^2 =  2.206E-15

     End of self-consistent calculation

     Convergence has been achieved 


     Representation #  50 mode #  50

     Self-consistent Calculation

      iter #   1 total cpu time : 67669.7 secs   av.it.:   4.9
      thresh= 1.000E-02 alpha_mix =  0.700 |ddv_scf|^2 =  1.607E-08

      iter #   2 total cpu time : 67767.3 secs   av.it.:  16.0
      thresh= 1.268E-05 alpha_mix =  0.700 |ddv_scf|^2 =  5.256E-09

      iter #   3 total cpu time : 67861.8 secs   av.it.:  15.0
      thresh= 7.250E-06 alpha_mix =  0.700 |ddv_scf|^2 =  2.062E-11

      iter #   4 total cpu time : 67958.5 secs   av.it.:  15.9
      thresh= 4.541E-07 alpha_mix =  0.700 |ddv_scf|^2 =  2.044E-12

      iter #   5 total cpu time : 68054.9 secs   av.it.:  15.9
      thresh= 1.430E-07 alpha_mix =  0.700 |ddv_scf|^2 =  2.986E-14

      iter #   6 total cpu time : 68155.1 secs   av.it.:  16.0
      thresh= 1.728E-08 alpha_mix =  0.700 |ddv_scf|^2 =  2.981E-15

     End of self-consistent calculation

     Convergence has been achieved 


     Representation #  51 mode #  51

     Self-consistent Calculation

      iter #   1 total cpu time : 68217.9 secs   av.it.:   6.4
      thresh= 1.000E-02 alpha_mix =  0.700 |ddv_scf|^2 =  8.240E-08

      iter #   2 total cpu time : 68313.9 secs   av.it.:  15.9
      thresh= 2.870E-05 alpha_mix =  0.700 |ddv_scf|^2 =  3.139E-08

      iter #   3 total cpu time : 68407.6 secs   av.it.:  15.0
      thresh= 1.772E-05 alpha_mix =  0.700 |ddv_scf|^2 =  5.934E-11

      iter #   4 total cpu time : 68504.0 secs   av.it.:  16.0
      thresh= 7.703E-07 alpha_mix =  0.700 |ddv_scf|^2 =  6.172E-12

      iter #   5 total cpu time : 68600.2 secs   av.it.:  16.0
      thresh= 2.484E-07 alpha_mix =  0.700 |ddv_scf|^2 =  4.961E-13

      iter #   6 total cpu time : 68694.9 secs   av.it.:  15.8
      thresh= 7.044E-08 alpha_mix =  0.700 |ddv_scf|^2 =  1.401E-14

      iter #   7 total cpu time : 68789.6 secs   av.it.:  15.6
      thresh= 1.184E-08 alpha_mix =  0.700 |ddv_scf|^2 =  1.064E-15

     End of self-consistent calculation

     Convergence has been achieved 


     Representation #  52 mode #  52

     Self-consistent Calculation

      iter #   1 total cpu time : 68851.3 secs   av.it.:   6.4
      thresh= 1.000E-02 alpha_mix =  0.700 |ddv_scf|^2 =  7.953E-08

      iter #   2 total cpu time : 68947.4 secs   av.it.:  15.9
      thresh= 2.820E-05 alpha_mix =  0.700 |ddv_scf|^2 =  2.862E-08

      iter #   3 total cpu time : 69041.6 secs   av.it.:  15.5
      thresh= 1.692E-05 alpha_mix =  0.700 |ddv_scf|^2 =  8.808E-11

      iter #   4 total cpu time : 69138.1 secs   av.it.:  16.0
      thresh= 9.385E-07 alpha_mix =  0.700 |ddv_scf|^2 =  8.852E-12

      iter #   5 total cpu time : 69234.8 secs   av.it.:  16.0
      thresh= 2.975E-07 alpha_mix =  0.700 |ddv_scf|^2 =  6.954E-13

      iter #   6 total cpu time : 69330.0 secs   av.it.:  15.9
      thresh= 8.339E-08 alpha_mix =  0.700 |ddv_scf|^2 =  3.079E-14

      iter #   7 total cpu time : 69424.2 secs   av.it.:  15.3
      thresh= 1.755E-08 alpha_mix =  0.700 |ddv_scf|^2 =  1.997E-15

     End of self-consistent calculation

     Convergence has been achieved 


     Representation #  53 mode #  53

     Self-consistent Calculation

      iter #   1 total cpu time : 69469.4 secs   av.it.:   3.0
      thresh= 1.000E-02 alpha_mix =  0.700 |ddv_scf|^2 =  1.697E-09

      iter #   2 total cpu time : 69565.4 secs   av.it.:  16.0
      thresh= 4.119E-06 alpha_mix =  0.700 |ddv_scf|^2 =  5.533E-10

      iter #   3 total cpu time : 69659.7 secs   av.it.:  15.1
      thresh= 2.352E-06 alpha_mix =  0.700 |ddv_scf|^2 =  3.985E-12

      iter #   4 total cpu time : 69756.7 secs   av.it.:  15.9
      thresh= 1.996E-07 alpha_mix =  0.700 |ddv_scf|^2 =  4.339E-13

      iter #   5 total cpu time : 69851.5 secs   av.it.:  15.6
      thresh= 6.587E-08 alpha_mix =  0.700 |ddv_scf|^2 =  1.955E-14

      iter #   6 total cpu time : 69946.6 secs   av.it.:  15.9
      thresh= 1.398E-08 alpha_mix =  0.700 |ddv_scf|^2 =  5.301E-16

     End of self-consistent calculation

     Convergence has been achieved 


     Representation #  54 mode #  54

     Self-consistent Calculation

      iter #   1 total cpu time : 69992.6 secs   av.it.:   3.5
      thresh= 1.000E-02 alpha_mix =  0.700 |ddv_scf|^2 =  2.159E-09

      iter #   2 total cpu time : 70089.8 secs   av.it.:  16.0
      thresh= 4.646E-06 alpha_mix =  0.700 |ddv_scf|^2 =  1.168E-09

      iter #   3 total cpu time : 70183.0 secs   av.it.:  15.0
      thresh= 3.418E-06 alpha_mix =  0.700 |ddv_scf|^2 =  2.198E-12

      iter #   4 total cpu time : 70281.0 secs   av.it.:  16.0
      thresh= 1.482E-07 alpha_mix =  0.700 |ddv_scf|^2 =  3.502E-13

      iter #   5 total cpu time : 70379.0 secs   av.it.:  15.9
      thresh= 5.918E-08 alpha_mix =  0.700 |ddv_scf|^2 =  1.183E-14

      iter #   6 total cpu time : 70477.4 secs   av.it.:  15.9
      thresh= 1.088E-08 alpha_mix =  0.700 |ddv_scf|^2 =  5.050E-16

     End of self-consistent calculation

     Convergence has been achieved 


     Representation #  55 mode #  55

     Self-consistent Calculation

      iter #   1 total cpu time : 70522.4 secs   av.it.:   3.0
      thresh= 1.000E-02 alpha_mix =  0.700 |ddv_scf|^2 =  3.675E-10

      iter #   2 total cpu time : 70622.3 secs   av.it.:  16.0
      thresh= 1.917E-06 alpha_mix =  0.700 |ddv_scf|^2 =  4.955E-11

      iter #   3 total cpu time : 70721.4 secs   av.it.:  16.0
      thresh= 7.039E-07 alpha_mix =  0.700 |ddv_scf|^2 =  6.063E-12

      iter #   4 total cpu time : 70818.6 secs   av.it.:  15.8
      thresh= 2.462E-07 alpha_mix =  0.700 |ddv_scf|^2 =  2.840E-13

      iter #   5 total cpu time : 70922.0 secs   av.it.:  15.8
      thresh= 5.330E-08 alpha_mix =  0.700 |ddv_scf|^2 =  1.204E-14

      iter #   6 total cpu time : 71019.2 secs   av.it.:  15.8
      thresh= 1.097E-08 alpha_mix =  0.700 |ddv_scf|^2 =  4.630E-16

     End of self-consistent calculation

     Convergence has been achieved 


     Representation #  56 mode #  56

     Self-consistent Calculation

      iter #   1 total cpu time : 71073.2 secs   av.it.:   5.0
      thresh= 1.000E-02 alpha_mix =  0.700 |ddv_scf|^2 =  3.113E-08

      iter #   2 total cpu time : 71171.8 secs   av.it.:  15.8
      thresh= 1.764E-05 alpha_mix =  0.700 |ddv_scf|^2 =  1.901E-08

      iter #   3 total cpu time : 71265.3 secs   av.it.:  14.9
      thresh= 1.379E-05 alpha_mix =  0.700 |ddv_scf|^2 =  1.556E-10

      iter #   4 total cpu time : 71361.1 secs   av.it.:  15.0
      thresh= 1.247E-06 alpha_mix =  0.700 |ddv_scf|^2 =  1.412E-11

      iter #   5 total cpu time : 71457.6 secs   av.it.:  15.0
      thresh= 3.758E-07 alpha_mix =  0.700 |ddv_scf|^2 =  4.891E-13

      iter #   6 total cpu time : 71556.2 secs   av.it.:  15.9
      thresh= 6.993E-08 alpha_mix =  0.700 |ddv_scf|^2 =  2.413E-14

      iter #   7 total cpu time : 71656.3 secs   av.it.:  16.0
      thresh= 1.553E-08 alpha_mix =  0.700 |ddv_scf|^2 =  2.816E-15

     End of self-consistent calculation

     Convergence has been achieved 


     Representation #  57 mode #  57

     Self-consistent Calculation

      iter #   1 total cpu time : 71704.4 secs   av.it.:   3.9
      thresh= 1.000E-02 alpha_mix =  0.700 |ddv_scf|^2 =  3.126E-09

      iter #   2 total cpu time : 71804.5 secs   av.it.:  16.0
      thresh= 5.591E-06 alpha_mix =  0.700 |ddv_scf|^2 =  1.636E-09

      iter #   3 total cpu time : 71900.8 secs   av.it.:  15.0
      thresh= 4.045E-06 alpha_mix =  0.700 |ddv_scf|^2 =  3.131E-12

      iter #   4 total cpu time : 72000.5 secs   av.it.:  15.9
      thresh= 1.769E-07 alpha_mix =  0.700 |ddv_scf|^2 =  2.835E-13

      iter #   5 total cpu time : 72099.7 secs   av.it.:  15.9
      thresh= 5.324E-08 alpha_mix =  0.700 |ddv_scf|^2 =  1.834E-14

      iter #   6 total cpu time : 72198.1 secs   av.it.:  15.9
      thresh= 1.354E-08 alpha_mix =  0.700 |ddv_scf|^2 =  1.231E-15

     End of self-consistent calculation

     Convergence has been achieved 


     Representation #  58 mode #  58

     Self-consistent Calculation

      iter #   1 total cpu time : 72243.6 secs   av.it.:   3.0
      thresh= 1.000E-02 alpha_mix =  0.700 |ddv_scf|^2 =  2.263E-09

      iter #   2 total cpu time : 72342.6 secs   av.it.:  15.9
      thresh= 4.758E-06 alpha_mix =  0.700 |ddv_scf|^2 =  8.417E-10

      iter #   3 total cpu time : 72439.8 secs   av.it.:  15.1
      thresh= 2.901E-06 alpha_mix =  0.700 |ddv_scf|^2 =  1.305E-11

      iter #   4 total cpu time : 72536.8 secs   av.it.:  15.0
      thresh= 3.612E-07 alpha_mix =  0.700 |ddv_scf|^2 =  3.720E-12

      iter #   5 total cpu time : 72629.6 secs   av.it.:  14.7
      thresh= 1.929E-07 alpha_mix =  0.700 |ddv_scf|^2 =  3.979E-14

      iter #   6 total cpu time : 72727.8 secs   av.it.:  15.8
      thresh= 1.995E-08 alpha_mix =  0.700 |ddv_scf|^2 =  3.833E-15

     End of self-consistent calculation

     Convergence has been achieved 


     Representation #  59 mode #  59

     Self-consistent Calculation

      iter #   1 total cpu time : 72781.0 secs   av.it.:   4.6
      thresh= 1.000E-02 alpha_mix =  0.700 |ddv_scf|^2 =  1.491E-08

      iter #   2 total cpu time : 72880.0 secs   av.it.:  15.9
      thresh= 1.221E-05 alpha_mix =  0.700 |ddv_scf|^2 =  4.843E-09

      iter #   3 total cpu time : 72975.8 secs   av.it.:  15.0
      thresh= 6.959E-06 alpha_mix =  0.700 |ddv_scf|^2 =  2.868E-10

      iter #   4 total cpu time : 73068.9 secs   av.it.:  14.8
      thresh= 1.693E-06 alpha_mix =  0.700 |ddv_scf|^2 =  6.721E-12

      iter #   5 total cpu time : 73166.7 secs   av.it.:  15.8
      thresh= 2.592E-07 alpha_mix =  0.700 |ddv_scf|^2 =  1.010E-12

      iter #   6 total cpu time : 73264.6 secs   av.it.:  15.8
      thresh= 1.005E-07 alpha_mix =  0.700 |ddv_scf|^2 =  2.901E-15

     End of self-consistent calculation

     Convergence has been achieved 


     Representation #  60 mode #  60

     Self-consistent Calculation

      iter #   1 total cpu time : 73321.5 secs   av.it.:   3.7
      thresh= 1.000E-02 alpha_mix =  0.700 |ddv_scf|^2 =  2.195E-09

      iter #   2 total cpu time : 73419.3 secs   av.it.:  16.0
      thresh= 4.685E-06 alpha_mix =  0.700 |ddv_scf|^2 =  7.117E-10

      iter #   3 total cpu time : 73514.5 secs   av.it.:  15.5
      thresh= 2.668E-06 alpha_mix =  0.700 |ddv_scf|^2 =  1.319E-11

      iter #   4 total cpu time : 73609.8 secs   av.it.:  15.7
      thresh= 3.632E-07 alpha_mix =  0.700 |ddv_scf|^2 =  5.233E-13

      iter #   5 total cpu time : 73705.0 secs   av.it.:  15.8
      thresh= 7.234E-08 alpha_mix =  0.700 |ddv_scf|^2 =  2.050E-14

      iter #   6 total cpu time : 73800.6 secs   av.it.:  15.9
      thresh= 1.432E-08 alpha_mix =  0.700 |ddv_scf|^2 =  1.331E-15

     End of self-consistent calculation

     Convergence has been achieved 


     Representation #  61 mode #  61

     Self-consistent Calculation

      iter #   1 total cpu time : 73846.1 secs   av.it.:   3.1
      thresh= 1.000E-02 alpha_mix =  0.700 |ddv_scf|^2 =  8.899E-09

      iter #   2 total cpu time : 73940.1 secs   av.it.:  15.0
      thresh= 9.433E-06 alpha_mix =  0.700 |ddv_scf|^2 =  8.640E-09

      iter #   3 total cpu time : 74030.8 secs   av.it.:  14.3
      thresh= 9.295E-06 alpha_mix =  0.700 |ddv_scf|^2 =  8.052E-12

      iter #   4 total cpu time : 74129.0 secs   av.it.:  16.0
      thresh= 2.838E-07 alpha_mix =  0.700 |ddv_scf|^2 =  1.370E-12

      iter #   5 total cpu time : 74224.7 secs   av.it.:  15.2
      thresh= 1.170E-07 alpha_mix =  0.700 |ddv_scf|^2 =  6.411E-14

      iter #   6 total cpu time : 74320.5 secs   av.it.:  15.0
      thresh= 2.532E-08 alpha_mix =  0.700 |ddv_scf|^2 =  4.546E-15

     End of self-consistent calculation

     Convergence has been achieved 


     Representation #  62 mode #  62

     Self-consistent Calculation

      iter #   1 total cpu time : 74365.7 secs   av.it.:   3.0
      thresh= 1.000E-02 alpha_mix =  0.700 |ddv_scf|^2 =  1.662E-09

      iter #   2 total cpu time : 74462.2 secs   av.it.:  16.0
      thresh= 4.077E-06 alpha_mix =  0.700 |ddv_scf|^2 =  5.878E-10

      iter #   3 total cpu time : 74556.6 secs   av.it.:  15.2
      thresh= 2.424E-06 alpha_mix =  0.700 |ddv_scf|^2 =  8.742E-12

      iter #   4 total cpu time : 74651.9 secs   av.it.:  15.8
      thresh= 2.957E-07 alpha_mix =  0.700 |ddv_scf|^2 =  3.945E-13

      iter #   5 total cpu time : 74746.5 secs   av.it.:  15.3
      thresh= 6.281E-08 alpha_mix =  0.700 |ddv_scf|^2 =  2.134E-14

      iter #   6 total cpu time : 74841.7 secs   av.it.:  15.8
      thresh= 1.461E-08 alpha_mix =  0.700 |ddv_scf|^2 =  1.696E-15

     End of self-consistent calculation

     Convergence has been achieved 


     Representation #  63 mode #  63

     Self-consistent Calculation

      iter #   1 total cpu time : 74886.6 secs   av.it.:   3.0
      thresh= 1.000E-02 alpha_mix =  0.700 |ddv_scf|^2 =  1.735E-09

      iter #   2 total cpu time : 74982.2 secs   av.it.:  15.9
      thresh= 4.166E-06 alpha_mix =  0.700 |ddv_scf|^2 =  7.498E-10

      iter #   3 total cpu time : 75075.5 secs   av.it.:  15.1
      thresh= 2.738E-06 alpha_mix =  0.700 |ddv_scf|^2 =  4.404E-12

      iter #   4 total cpu time : 75172.1 secs   av.it.:  16.0
      thresh= 2.099E-07 alpha_mix =  0.700 |ddv_scf|^2 =  4.810E-13

      iter #   5 total cpu time : 75266.2 secs   av.it.:  15.3
      thresh= 6.935E-08 alpha_mix =  0.700 |ddv_scf|^2 =  1.562E-14

      iter #   6 total cpu time : 75361.0 secs   av.it.:  15.8
      thresh= 1.250E-08 alpha_mix =  0.700 |ddv_scf|^2 =  1.512E-15

     End of self-consistent calculation

     Convergence has been achieved 


     Representation #  64 mode #  64

     Self-consistent Calculation

      iter #   1 total cpu time : 75406.8 secs   av.it.:   3.2
      thresh= 1.000E-02 alpha_mix =  0.700 |ddv_scf|^2 =  2.408E-09

      iter #   2 total cpu time : 75504.0 secs   av.it.:  16.0
      thresh= 4.907E-06 alpha_mix =  0.700 |ddv_scf|^2 =  1.576E-09

      iter #   3 total cpu time : 75596.0 secs   av.it.:  15.0
      thresh= 3.970E-06 alpha_mix =  0.700 |ddv_scf|^2 =  1.993E-11

      iter #   4 total cpu time : 75689.7 secs   av.it.:  15.1
      thresh= 4.465E-07 alpha_mix =  0.700 |ddv_scf|^2 =  4.061E-12

      iter #   5 total cpu time : 75780.1 secs   av.it.:  15.0
      thresh= 2.015E-07 alpha_mix =  0.700 |ddv_scf|^2 =  9.307E-14

      iter #   6 total cpu time : 75872.3 secs   av.it.:  15.0
      thresh= 3.051E-08 alpha_mix =  0.700 |ddv_scf|^2 =  6.540E-15

     End of self-consistent calculation

     Convergence has been achieved 


     Representation #  65 mode #  65

     Self-consistent Calculation

      iter #   1 total cpu time : 75917.7 secs   av.it.:   3.0
      thresh= 1.000E-02 alpha_mix =  0.700 |ddv_scf|^2 =  1.925E-09

      iter #   2 total cpu time : 76014.8 secs   av.it.:  16.0
      thresh= 4.388E-06 alpha_mix =  0.700 |ddv_scf|^2 =  9.819E-10

      iter #   3 total cpu time : 76108.2 secs   av.it.:  15.1
      thresh= 3.134E-06 alpha_mix =  0.700 |ddv_scf|^2 =  2.853E-12

      iter #   4 total cpu time : 76204.7 secs   av.it.:  16.0
      thresh= 1.689E-07 alpha_mix =  0.700 |ddv_scf|^2 =  4.031E-13

      iter #   5 total cpu time : 76299.6 secs   av.it.:  15.8
      thresh= 6.349E-08 alpha_mix =  0.700 |ddv_scf|^2 =  1.927E-14

      iter #   6 total cpu time : 76393.6 secs   av.it.:  15.1
      thresh= 1.388E-08 alpha_mix =  0.700 |ddv_scf|^2 =  1.447E-15

     End of self-consistent calculation

     Convergence has been achieved 


     Representation #  66 mode #  66

     Self-consistent Calculation

      iter #   1 total cpu time : 76441.5 secs   av.it.:   4.0
      thresh= 1.000E-02 alpha_mix =  0.700 |ddv_scf|^2 =  1.911E-08

      iter #   2 total cpu time : 76534.8 secs   av.it.:  15.0
      thresh= 1.382E-05 alpha_mix =  0.700 |ddv_scf|^2 =  1.835E-08

      iter #   3 total cpu time : 76623.7 secs   av.it.:  14.4
      thresh= 1.355E-05 alpha_mix =  0.700 |ddv_scf|^2 =  2.352E-11

      iter #   4 total cpu time : 76718.5 secs   av.it.:  15.8
      thresh= 4.850E-07 alpha_mix =  0.700 |ddv_scf|^2 =  1.456E-12

      iter #   5 total cpu time : 76813.8 secs   av.it.:  15.9
      thresh= 1.207E-07 alpha_mix =  0.700 |ddv_scf|^2 =  1.950E-13

      iter #   6 total cpu time : 76905.0 secs   av.it.:  14.9
      thresh= 4.416E-08 alpha_mix =  0.700 |ddv_scf|^2 =  2.154E-15

     End of self-consistent calculation

     Convergence has been achieved 

     Number of q in the star =    1
     List of q in the star:
          1   0.000000000   0.000000000  -0.763706282

     Diagonalizing the dynamical matrix

     q = (    0.000000000   0.000000000  -0.763706282 ) 

 **************************************************************************
     freq (    1) =       1.557546 [THz] =      51.954156 [cm-1]
     freq (    2) =       1.613782 [THz] =      53.829970 [cm-1]
     freq (    3) =       1.753170 [THz] =      58.479442 [cm-1]
     freq (    4) =       1.755381 [THz] =      58.553204 [cm-1]
     freq (    5) =       3.220266 [THz] =     107.416525 [cm-1]
     freq (    6) =       3.247711 [THz] =     108.331989 [cm-1]
     freq (    7) =       4.689138 [THz] =     156.412814 [cm-1]
     freq (    8) =       4.715809 [THz] =     157.302440 [cm-1]
     freq (    9) =       4.990250 [THz] =     166.456839 [cm-1]
     freq (   10) =       5.083681 [THz] =     169.573352 [cm-1]
     freq (   11) =       6.079850 [THz] =     202.801969 [cm-1]
     freq (   12) =       6.124871 [THz] =     204.303696 [cm-1]
     freq (   13) =       6.560083 [THz] =     218.820801 [cm-1]
     freq (   14) =       6.584767 [THz] =     219.644201 [cm-1]
     freq (   15) =       6.779434 [THz] =     226.137578 [cm-1]
     freq (   16) =       6.864107 [THz] =     228.961971 [cm-1]
     freq (   17) =       7.741524 [THz] =     258.229452 [cm-1]
     freq (   18) =       7.851452 [THz] =     261.896264 [cm-1]
     freq (   19) =       8.153428 [THz] =     271.969094 [cm-1]
     freq (   20) =       8.175890 [THz] =     272.718324 [cm-1]
     freq (   21) =       8.795693 [THz] =     293.392730 [cm-1]
     freq (   22) =       8.823633 [THz] =     294.324710 [cm-1]
     freq (   23) =       9.051459 [THz] =     301.924157 [cm-1]
     freq (   24) =       9.076211 [THz] =     302.749796 [cm-1]
     freq (   25) =       9.502780 [THz] =     316.978629 [cm-1]
     freq (   26) =       9.514630 [THz] =     317.373900 [cm-1]
     freq (   27) =      12.151378 [THz] =     405.326346 [cm-1]
     freq (   28) =      12.179892 [THz] =     406.277452 [cm-1]
     freq (   29) =      12.351437 [THz] =     411.999576 [cm-1]
     freq (   30) =      12.366803 [THz] =     412.512157 [cm-1]
     freq (   31) =      30.626962 [THz] =    1021.605482 [cm-1]
     freq (   32) =      30.635861 [THz] =    1021.902333 [cm-1]
     freq (   33) =      30.789129 [THz] =    1027.014802 [cm-1]
     freq (   34) =      30.792280 [THz] =    1027.119911 [cm-1]
     freq (   35) =      31.755547 [THz] =    1059.251028 [cm-1]
     freq (   36) =      31.757207 [THz] =    1059.306402 [cm-1]
     freq (   37) =      31.836420 [THz] =    1061.948658 [cm-1]
     freq (   38) =      31.841674 [THz] =    1062.123929 [cm-1]
     freq (   39) =      32.313880 [THz] =    1077.875022 [cm-1]
     freq (   40) =      32.325623 [THz] =    1078.266733 [cm-1]
     freq (   41) =      32.525065 [THz] =    1084.919393 [cm-1]
     freq (   42) =      32.530035 [THz] =    1085.085173 [cm-1]
     freq (   43) =      35.889604 [THz] =    1197.148330 [cm-1]
     freq (   44) =      35.900689 [THz] =    1197.518094 [cm-1]
     freq (   45) =      35.954803 [THz] =    1199.323133 [cm-1]
     freq (   46) =      35.955227 [THz] =    1199.337288 [cm-1]
     freq (   47) =      36.052674 [THz] =    1202.587773 [cm-1]
     freq (   48) =      36.058117 [THz] =    1202.769322 [cm-1]
     freq (   49) =      36.264860 [THz] =    1209.665525 [cm-1]
     freq (   50) =      36.268915 [THz] =    1209.800767 [cm-1]
     freq (   51) =      68.309633 [THz] =    2278.564078 [cm-1]
     freq (   52) =      68.326064 [THz] =    2279.112186 [cm-1]
     freq (   53) =      68.352172 [THz] =    2279.983057 [cm-1]
     freq (   54) =      68.364554 [THz] =    2280.396064 [cm-1]
     freq (   55) =      70.045921 [THz] =    2336.480423 [cm-1]
     freq (   56) =      70.055873 [THz] =    2336.812389 [cm-1]
     freq (   57) =      70.174967 [THz] =    2340.784927 [cm-1]
     freq (   58) =      70.182085 [THz] =    2341.022380 [cm-1]
     freq (   59) =      70.602469 [THz] =    2355.044864 [cm-1]
     freq (   60) =      70.604843 [THz] =    2355.124071 [cm-1]
     freq (   61) =      70.663881 [THz] =    2357.093360 [cm-1]
     freq (   62) =      70.665989 [THz] =    2357.163682 [cm-1]
     freq (   63) =      71.332541 [THz] =    2379.397453 [cm-1]
     freq (   64) =      71.334053 [THz] =    2379.447884 [cm-1]
     freq (   65) =      71.496138 [THz] =    2384.854443 [cm-1]
     freq (   66) =      71.500554 [THz] =    2385.001754 [cm-1]
 **************************************************************************

     Calculation of q =    0.0000000  -0.5007235   0.0000000

     Parallelization info
     --------------------
     sticks:   dense  smooth     PW     G-vecs:    dense   smooth      PW
     Min         469     234     63                24647     8708    1234
     Max         470     236     65                24650     8711    1236
     Sum       11271    5637   1537               591573   209027   29653

     Using Slab Decomposition



     bravais-lattice index     =            8
     lattice parameter (alat)  =      13.3294  a.u.
     unit-cell volume          =    1548.2628 (a.u.)^3
     number of atoms/cell      =           22
     number of atomic types    =            3
     number of electrons       =        48.00
     number of Kohn-Sham states=           24
     kinetic-energy cutoff     =     100.0000  Ry
     charge density cutoff     =     800.0000  Ry
     Exchange-correlation= PBESOL
                           (   1   4  10   8   0   0   0)

     celldm(1)=  13.329372  celldm(2)=   0.998555  celldm(3)=   0.654702
     celldm(4)=   0.000000  celldm(5)=   0.000000  celldm(6)=   0.000000

     crystal axes: (cart. coord. in units of alat)
               a(1) = (   1.000000   0.000000   0.000000 )  
               a(2) = (   0.000000   0.998555   0.000000 )  
               a(3) = (   0.000000   0.000000   0.654702 )  

     reciprocal axes: (cart. coord. in units 2 pi/alat)
               b(1) = (  1.000000  0.000000  0.000000 )  
               b(2) = (  0.000000  1.001447  0.000000 )  
               b(3) = (  0.000000  0.000000  1.527413 )  


     PseudoPot. # 1 for B  read from file:
     /home/mehlhorn/pseudos/b_pbesol_v1.4.uspp.F.UPF
     MD5 check sum: 369b69bef2c3aeed4453bd8b804fd6a8
     Pseudo is Ultrasoft + core correction, Zval =  3.0
     Generated by new atomic code, or converted to UPF format
     Using radial grid of  781 points,  4 beta functions with: 
                l(1) =   0
                l(2) =   0
                l(3) =   1
                l(4) =   1
     Q(r) pseudized with  8 coefficients,  rinner =    1.100   1.100   1.100


     PseudoPot. # 2 for Ba read from file:
     /home/mehlhorn/pseudos/Ba.nc.z_10.oncvpsp4.dojo.v4-sp.upf
     MD5 check sum: c10ed334bb677c0554edec7181ce9143
     Pseudo is Norm-conserving + core correction, Zval = 10.0
     Generated using ONCVPSP code by D. R. Hamann
     Using radial grid of 1938 points,  8 beta functions with: 
                l(1) =   0
                l(2) =   0
                l(3) =   1
                l(4) =   1
                l(5) =   2
                l(6) =   2
                l(7) =   3
                l(8) =   3

     PseudoPot. # 3 for H  read from file:
     /home/mehlhorn/pseudos/H_ONCV_PBEsol-1.0.upf
     MD5 check sum: 398ef8f67c0a7342c05c87c5e19ea467
     Pseudo is Norm-conserving, Zval =  1.0
     Generated using ONCVPSP code by D. R. Hamann
     Using radial grid of 1180 points,  2 beta functions with: 
                l(1) =   0
                l(2) =   0

     atomic species   valence    mass     pseudopotential
     B                 3.00    10.81100     B ( 1.00)
     Ba               10.00   137.32700     Ba( 1.00)
     H                 1.00     1.00794     H ( 1.00)

      4 Sym. Ops. (no inversion) found



   Cartesian axes

     site n.     atom                  positions (alat units)
         1        Ba     tau(   1) = (   0.5000000   0.4992775   0.3273502  )
         2        Ba     tau(   2) = (   0.0000000   0.0000000   0.6547028  )
         3        B      tau(   3) = (   0.6273964   0.2536205   0.0000055  )
         4        B      tau(   4) = (   0.3726036   0.7449345   0.0000055  )
         5        B      tau(   5) = (   0.1273964   0.2456570   0.3273455  )
         6        B      tau(   6) = (   0.8726036   0.7528980   0.3273455  )
         7        H      tau(   7) = (   0.4554096   0.2850000  -0.0000080  )
         8        H      tau(   8) = (   0.5445904   0.7135550  -0.0000080  )
         9        H      tau(   9) = (   0.9554096   0.2142775   0.3273589  )
        10        H      tau(  10) = (   0.0445904   0.7842775   0.3273589  )
        11        H      tau(  11) = (   0.7157590   0.4052331   0.0000060  )
        12        H      tau(  12) = (   0.2842410   0.5933219   0.0000060  )
        13        H      tau(  13) = (   0.2157590   0.0940444   0.3273450  )
        14        H      tau(  14) = (   0.7842410   0.9045106   0.3273450  )
        15        H      tau(  15) = (   0.6658169   0.1636329   0.5103326  )
        16        H      tau(  16) = (   0.3341831   0.8349221   0.5103326  )
        17        H      tau(  17) = (   0.1658169   0.3356446   0.4717203  )
        18        H      tau(  18) = (   0.8341831   0.6629104   0.4717203  )
        19        H      tau(  19) = (   0.3341889   0.8349214   0.1443837  )
        20        H      tau(  20) = (   0.6658111   0.1636336   0.1443837  )
        21        H      tau(  21) = (   0.8341889   0.6629111   0.1829672  )
        22        H      tau(  22) = (   0.1658111   0.3356439   0.1829672  )

     number of k points=    54
                       cart. coord. in units 2pi/alat
        k(    1) = (   0.0000000   0.0000000   0.0000000), wk =   0.0160000
        k(    2) = (   0.0000000  -0.5007235   0.0000000), wk =   0.0000000
        k(    3) = (   0.0000000   0.0000000   0.3054825), wk =   0.0320000
        k(    4) = (   0.0000000  -0.5007235   0.3054825), wk =   0.0000000
        k(    5) = (   0.0000000   0.0000000   0.6109650), wk =   0.0320000
        k(    6) = (   0.0000000  -0.5007235   0.6109650), wk =   0.0000000
        k(    7) = (   0.0000000   0.2002894   0.0000000), wk =   0.0320000
        k(    8) = (   0.0000000  -0.3004341   0.0000000), wk =   0.0000000
        k(    9) = (   0.0000000   0.2002894   0.3054825), wk =   0.0640000
        k(   10) = (   0.0000000  -0.3004341   0.3054825), wk =   0.0000000
        k(   11) = (   0.0000000   0.2002894   0.6109650), wk =   0.0640000
        k(   12) = (   0.0000000  -0.3004341   0.6109650), wk =   0.0000000
        k(   13) = (   0.0000000   0.4005788   0.0000000), wk =   0.0320000
        k(   14) = (   0.0000000  -0.1001447   0.0000000), wk =   0.0000000
        k(   15) = (   0.0000000   0.4005788   0.3054825), wk =   0.0640000
        k(   16) = (   0.0000000  -0.1001447   0.3054825), wk =   0.0000000
        k(   17) = (   0.0000000   0.4005788   0.6109650), wk =   0.0640000
        k(   18) = (   0.0000000  -0.1001447   0.6109650), wk =   0.0000000
        k(   19) = (   0.2000000   0.0000000   0.0000000), wk =   0.0320000
        k(   20) = (   0.2000000  -0.5007235   0.0000000), wk =   0.0000000
        k(   21) = (   0.2000000   0.0000000   0.3054825), wk =   0.0640000
        k(   22) = (   0.2000000  -0.5007235   0.3054825), wk =   0.0000000
        k(   23) = (   0.2000000   0.0000000   0.6109650), wk =   0.0640000
        k(   24) = (   0.2000000  -0.5007235   0.6109650), wk =   0.0000000
        k(   25) = (   0.2000000   0.2002894   0.0000000), wk =   0.0640000
        k(   26) = (   0.2000000  -0.3004341   0.0000000), wk =   0.0000000
        k(   27) = (   0.2000000   0.2002894   0.3054825), wk =   0.1280000
        k(   28) = (   0.2000000  -0.3004341   0.3054825), wk =   0.0000000
        k(   29) = (   0.2000000   0.2002894   0.6109650), wk =   0.1280000
        k(   30) = (   0.2000000  -0.3004341   0.6109650), wk =   0.0000000
        k(   31) = (   0.2000000   0.4005788   0.0000000), wk =   0.0640000
        k(   32) = (   0.2000000  -0.1001447   0.0000000), wk =   0.0000000
        k(   33) = (   0.2000000   0.4005788   0.3054825), wk =   0.1280000
        k(   34) = (   0.2000000  -0.1001447   0.3054825), wk =   0.0000000
        k(   35) = (   0.2000000   0.4005788   0.6109650), wk =   0.1280000
        k(   36) = (   0.2000000  -0.1001447   0.6109650), wk =   0.0000000
        k(   37) = (   0.4000000   0.0000000   0.0000000), wk =   0.0320000
        k(   38) = (   0.4000000  -0.5007235   0.0000000), wk =   0.0000000
        k(   39) = (   0.4000000   0.0000000   0.3054825), wk =   0.0640000
        k(   40) = (   0.4000000  -0.5007235   0.3054825), wk =   0.0000000
        k(   41) = (   0.4000000   0.0000000   0.6109650), wk =   0.0640000
        k(   42) = (   0.4000000  -0.5007235   0.6109650), wk =   0.0000000
        k(   43) = (   0.4000000   0.2002894   0.0000000), wk =   0.0640000
        k(   44) = (   0.4000000  -0.3004341   0.0000000), wk =   0.0000000
        k(   45) = (   0.4000000   0.2002894   0.3054825), wk =   0.1280000
        k(   46) = (   0.4000000  -0.3004341   0.3054825), wk =   0.0000000
        k(   47) = (   0.4000000   0.2002894   0.6109650), wk =   0.1280000
        k(   48) = (   0.4000000  -0.3004341   0.6109650), wk =   0.0000000
        k(   49) = (   0.4000000   0.4005788   0.0000000), wk =   0.0640000
        k(   50) = (   0.4000000  -0.1001447   0.0000000), wk =   0.0000000
        k(   51) = (   0.4000000   0.4005788   0.3054825), wk =   0.1280000
        k(   52) = (   0.4000000  -0.1001447   0.3054825), wk =   0.0000000
        k(   53) = (   0.4000000   0.4005788   0.6109650), wk =   0.1280000
        k(   54) = (   0.4000000  -0.1001447   0.6109650), wk =   0.0000000

     Dense  grid:   591573 G-vectors     FFT dimensions: ( 128, 120,  80)

     Smooth grid:   209027 G-vectors     FFT dimensions: (  90,  90,  60)

     Estimated max dynamical RAM per process >      53.46 MB

     Estimated total dynamical RAM >       1.25 GB

     The potential is recalculated from file :
     ./_ph0/pwscf.q_3/pwscf.save/charge-density

     Starting wfcs are   42 atomic wfcs

     Band Structure Calculation
     Davidson diagonalization with overlap

     ethr =  2.08E-11,  avg # of iterations = 22.1

     total cpu time spent up to now is      421.9 secs

     End of band structure calculation

          k = 0.0000 0.0000 0.0000 ( 26119 PWs)   bands (ev):

   -24.4973 -24.4914  -9.9882  -9.9375  -9.7519  -9.7184  -9.6644  -9.6158
    -6.3979  -5.5522  -4.9998  -4.9223  -2.1154  -1.1774  -1.1395  -0.8197
    -0.7239  -0.5719  -0.4932  -0.3592  -0.0997   0.1566   0.1938   0.2103

          k = 0.0000-0.5007 0.0000 ( 26162 PWs)   bands (ev):

   -24.4943 -24.4943  -9.9059  -9.9059  -9.8097  -9.8097  -9.6400  -9.6400
    -5.8378  -5.8378  -5.1759  -5.1759  -1.5601  -1.5601  -0.8297  -0.8297
    -0.5975  -0.5975  -0.2460  -0.2460  -0.1715  -0.1715  -0.0040  -0.0040

          k = 0.0000 0.0000 0.3055 ( 26180 PWs)   bands (ev):

   -24.4921 -24.4873  -9.9284  -9.8881  -9.8459  -9.8202  -9.7381  -9.7131
    -6.0592  -5.3474  -5.1196  -5.0593  -1.8280  -1.5020  -1.1918  -1.0071
    -0.7310  -0.6613  -0.4034  -0.2669  -0.0752   0.0445   0.0617   0.1663

          k = 0.0000-0.5007 0.3055 ( 26158 PWs)   bands (ev):

   -24.4897 -24.4897  -9.8973  -9.8973  -9.8249  -9.8249  -9.7521  -9.7521
    -5.6283  -5.6283  -5.2130  -5.2130  -1.5617  -1.5617  -1.0590  -1.0590
    -0.5647  -0.5647  -0.3246  -0.3246  -0.1757  -0.1757   0.0583   0.0583

          k = 0.0000 0.0000 0.6110 ( 26130 PWs)   bands (ev):

   -24.4830 -24.4812 -10.1042 -10.0993  -9.8066  -9.7883  -9.7336  -9.7220
    -5.4366  -5.3151  -5.2942  -5.1356  -1.6894  -1.5584  -1.5421  -1.2651
    -0.6786  -0.6475  -0.3516  -0.2341  -0.1026  -0.0476   0.0273   0.0809

          k = 0.0000-0.5007 0.6110 ( 26152 PWs)   bands (ev):

   -24.4821 -24.4821 -10.1202 -10.1202  -9.7588  -9.7588  -9.7425  -9.7425
    -5.6154  -5.6154  -4.9679  -4.9679  -1.8171  -1.8171  -1.1452  -1.1452
    -0.4635  -0.4635  -0.3430  -0.3430  -0.1678  -0.1678  -0.0416  -0.0416

          k = 0.0000 0.2003 0.0000 ( 26152 PWs)   bands (ev):

   -24.4968 -24.4919  -9.9726  -9.9216  -9.7760  -9.7381  -9.6597  -9.6204
    -6.2929  -5.5357  -5.1270  -4.9748  -1.9375  -1.3211  -1.2019  -0.6350
    -0.5842  -0.5422  -0.5368  -0.3012  -0.1067  -0.0249   0.1376   0.1586

          k = 0.0000-0.3004 0.0000 ( 26120 PWs)   bands (ev):

   -24.4961 -24.4926  -9.9539  -9.9056  -9.7996  -9.7602  -9.6543  -9.6257
    -6.1701  -5.5590  -5.2150  -5.0340  -1.7737  -1.4137  -1.1852  -0.5938
    -0.5649  -0.5044  -0.3959  -0.2554  -0.2448  -0.1191   0.0735   0.1197

          k = 0.0000 0.2003 0.3055 ( 26154 PWs)   bands (ev):

   -24.4916 -24.4877  -9.9263  -9.8745  -9.8400  -9.8337  -9.7385  -9.7259
    -5.9805  -5.3229  -5.2265  -5.0905  -1.7081  -1.5259  -1.3125  -0.8086
    -0.6773  -0.6226  -0.5562  -0.2037  -0.0806   0.0372   0.0500   0.0629

          k = 0.0000-0.3004 0.3055 ( 26139 PWs)   bands (ev):

   -24.4911 -24.4882  -9.9212  -9.8601  -9.8581  -9.8235  -9.7417  -9.7389
    -5.8875  -5.3435  -5.2939  -5.1254  -1.6080  -1.5447  -1.3264  -0.7249
    -0.6892  -0.5908  -0.5597  -0.1993  -0.1049  -0.0498   0.0421   0.0533

          k = 0.0000 0.2003 0.6110 ( 26154 PWs)   bands (ev):

   -24.4829 -24.4814 -10.1106 -10.1063  -9.7925  -9.7802  -9.7340  -9.7267
    -5.5435  -5.4468  -5.1594  -5.0265  -1.7369  -1.6880  -1.4213  -1.1988
    -0.6300  -0.5068  -0.3650  -0.2327  -0.1278  -0.1233   0.0122   0.0255

          k = 0.0000-0.3004 0.6110 ( 26158 PWs)   bands (ev):

   -24.4826 -24.4816 -10.1159 -10.1124  -9.7790  -9.7720  -9.7356  -9.7321
    -5.5932  -5.5248  -5.0770  -4.9766  -1.7762  -1.7554  -1.3287  -1.1439
    -0.5830  -0.3930  -0.3898  -0.2425  -0.1973  -0.1380  -0.0535   0.0245

          k = 0.0000 0.4006 0.0000 ( 26150 PWs)   bands (ev):

   -24.4953 -24.4934  -9.9300  -9.8950  -9.8167  -9.7862  -9.6475  -9.6325
    -6.0133  -5.6696  -5.2262  -5.1050  -1.6417  -1.4920  -1.0604  -0.5995
    -0.5859  -0.5630  -0.3279  -0.2712  -0.2108  -0.1405   0.0044   0.0601

          k = 0.0000-0.1001 0.0000 ( 26107 PWs)   bands (ev):

   -24.4972 -24.4915  -9.9843  -9.9333  -9.7584  -9.7235  -9.6632  -9.6170
    -6.3711  -5.5460  -5.0360  -4.9358  -2.0669  -1.2266  -1.1656  -0.7597
    -0.6687  -0.5754  -0.5078  -0.3410  -0.1012   0.1205   0.1794   0.1860

          k = 0.0000 0.4006 0.3055 ( 26144 PWs)   bands (ev):

   -24.4904 -24.4889  -9.9116  -9.8792  -9.8410  -9.8183  -9.7499  -9.7473
    -5.7670  -5.4826  -5.2563  -5.1679  -1.5649  -1.5577  -1.2289  -0.8804
    -0.6100  -0.5594  -0.4499  -0.2288  -0.1529  -0.1441   0.0523   0.0568

          k = 0.0000-0.1001 0.3055 ( 26159 PWs)   bands (ev):

   -24.4920 -24.4874  -9.9281  -9.8846  -9.8425  -9.8256  -9.7379  -9.7165
    -6.0392  -5.3411  -5.1476  -5.0673  -1.7954  -1.5089  -1.2442  -0.9355
    -0.7146  -0.6523  -0.4556  -0.2375  -0.0748   0.0412   0.0590   0.1377

          k = 0.0000 0.4006 0.6110 ( 26160 PWs)   bands (ev):

   -24.4824 -24.4818 -10.1196 -10.1176  -9.7658  -9.7634  -9.7393  -9.7386
    -5.6185  -5.5832  -5.0103  -4.9559  -1.8067  -1.8005  -1.2273  -1.1156
    -0.5237  -0.4225  -0.3403  -0.3071  -0.1961  -0.1343  -0.0939   0.0057

          k = 0.0000-0.1001 0.6110 ( 26135 PWs)   bands (ev):

   -24.4830 -24.4812 -10.1060 -10.1013  -9.8028  -9.7861  -9.7336  -9.7232
    -5.4791  -5.3629  -5.2446  -5.0934  -1.7030  -1.6141  -1.4927  -1.2465
    -0.6621  -0.6103  -0.3541  -0.2334  -0.1082  -0.0678   0.0251   0.0625

          k = 0.2000 0.0000 0.0000 ( 26143 PWs)   bands (ev):

   -24.4968 -24.4919  -9.9687  -9.9245  -9.7729  -9.7436  -9.6597  -9.6204
    -6.2989  -5.5819  -5.0221  -5.0030  -1.9865  -1.1137  -1.0688  -1.0050
    -0.5414  -0.5137  -0.4891  -0.3652  -0.1446  -0.0616   0.1401   0.1667

          k = 0.2000-0.5007 0.0000 ( 26132 PWs)   bands (ev):

   -24.4943 -24.4943  -9.9450  -9.9450  -9.7691  -9.7691  -9.6399  -9.6399
    -5.8560  -5.8560  -5.1547  -5.1547  -1.5156  -1.5156  -0.8612  -0.8612
    -0.6215  -0.6215  -0.2741  -0.2741  -0.1456  -0.1456  -0.0041  -0.0041

          k = 0.2000 0.0000 0.3055 ( 26134 PWs)   bands (ev):

   -24.4916 -24.4877  -9.9130  -9.8966  -9.8364  -9.8285  -9.7495  -9.7171
    -5.9763  -5.3577  -5.1367  -5.1338  -1.7415  -1.4844  -1.2776  -0.8819
    -0.7177  -0.6188  -0.4755  -0.2260  -0.2093   0.0316   0.0900   0.1245

          k = 0.2000-0.5007 0.3055 ( 26160 PWs)   bands (ev):

   -24.4897 -24.4897  -9.9098  -9.9098  -9.8286  -9.8286  -9.7367  -9.7367
    -5.6179  -5.6179  -5.2189  -5.2189  -1.5529  -1.5529  -1.1062  -1.1062
    -0.5440  -0.5440  -0.3332  -0.3332  -0.1147  -0.1147   0.0290   0.0290

          k = 0.2000 0.0000 0.6110 ( 26147 PWs)   bands (ev):

   -24.4829 -24.4814 -10.1120 -10.1077  -9.7972  -9.7755  -9.7384  -9.7226
    -5.4718  -5.3658  -5.2432  -5.0848  -1.8906  -1.7526  -1.3436  -1.0945
    -0.6152  -0.5120  -0.3474  -0.2826  -0.1132  -0.0626  -0.0283   0.0755

          k = 0.2000-0.5007 0.6110 ( 26182 PWs)   bands (ev):

   -24.4821 -24.4821 -10.1130 -10.1130  -9.7807  -9.7807  -9.7322  -9.7322
    -5.5631  -5.5631  -5.0134  -5.0134  -1.8371  -1.8371  -1.2167  -1.2167
    -0.5039  -0.5039  -0.2353  -0.2353  -0.1293  -0.1293  -0.0175  -0.0175

          k = 0.2000 0.2003 0.0000 ( 26120 PWs)   bands (ev):

   -24.4963 -24.4924  -9.9781  -9.8972  -9.8131  -9.7276  -9.6559  -9.6241
    -6.2166  -5.5842  -5.1483  -4.9989  -1.8403  -1.3080  -1.1230  -0.7602
    -0.5916  -0.5284  -0.3633  -0.2945  -0.2052  -0.1235   0.0578   0.1466

          k = 0.2000-0.3004 0.0000 ( 26120 PWs)   bands (ev):

   -24.4958 -24.4929  -9.9758  -9.8974  -9.8170  -9.7315  -9.6515  -9.6284
    -6.1197  -5.6239  -5.2015  -5.0384  -1.7023  -1.3913  -1.1309  -0.6166
    -0.5998  -0.5664  -0.3912  -0.2462  -0.2378  -0.1153   0.0087   0.0981

          k = 0.2000 0.2003 0.3055 ( 26149 PWs)   bands (ev):

   -24.4913 -24.4881  -9.9218  -9.8795  -9.8572  -9.8161  -9.7510  -9.7187
    -5.9107  -5.3433  -5.2552  -5.1197  -1.6548  -1.5029  -1.3410  -0.7847
    -0.7210  -0.5999  -0.4687  -0.2394  -0.1787  -0.0066   0.0510   0.1096

          k = 0.2000-0.3004 0.3055 ( 26144 PWs)   bands (ev):

   -24.4908 -24.4885  -9.9232  -9.8786  -9.8612  -9.8113  -9.7510  -9.7218
    -5.8332  -5.3875  -5.2863  -5.1433  -1.5930  -1.5148  -1.3401  -0.8385
    -0.6588  -0.5386  -0.4775  -0.2369  -0.1582  -0.0497   0.0354   0.0776

          k = 0.2000 0.2003 0.6110 ( 26142 PWs)   bands (ev):

   -24.4827 -24.4815 -10.1179 -10.1035  -9.8030  -9.7610  -9.7421  -9.7254
    -5.5541  -5.3747  -5.2205  -5.0120  -1.8934  -1.7493  -1.3301  -1.1383
    -0.5640  -0.4524  -0.3494  -0.2356  -0.1891  -0.0787  -0.0382   0.0811

          k = 0.2000-0.3004 0.6110 ( 26151 PWs)   bands (ev):

   -24.4825 -24.4817 -10.1187 -10.1046  -9.8005  -9.7591  -9.7424  -9.7271
    -5.5824  -5.4503  -5.1393  -4.9853  -1.8885  -1.7628  -1.3083  -1.1573
    -0.5573  -0.3781  -0.3607  -0.2340  -0.1891  -0.0827  -0.0578   0.0664

          k = 0.2000 0.4006 0.0000 ( 26127 PWs)   bands (ev):

   -24.4951 -24.4936  -9.9646  -9.9198  -9.7959  -9.7461  -9.6460  -9.6338
    -5.9953  -5.7217  -5.1991  -5.0950  -1.5872  -1.4579  -1.0453  -0.6338
    -0.6274  -0.6000  -0.4217  -0.1857  -0.1809  -0.1217  -0.0476   0.0521

          k = 0.2000-0.1001 0.0000 ( 26113 PWs)   bands (ev):

   -24.4966 -24.4920  -9.9733  -9.9144  -9.7892  -9.7345  -9.6587  -9.6214
    -6.2779  -5.5800  -5.0726  -4.9871  -1.9470  -1.2061  -1.0770  -0.9134
    -0.5596  -0.4985  -0.4682  -0.3439  -0.1375  -0.0924   0.1011   0.1736

          k = 0.2000 0.4006 0.3055 ( 26132 PWs)   bands (ev):

   -24.4903 -24.4891  -9.9194  -9.8954  -9.8452  -9.8157  -9.7458  -9.7279
    -5.7330  -5.4976  -5.2579  -5.1786  -1.5677  -1.5330  -1.2485  -0.9601
    -0.5919  -0.5063  -0.4413  -0.2512  -0.1488  -0.0787   0.0173   0.0524

          k = 0.2000-0.1001 0.3055 ( 26130 PWs)   bands (ev):

   -24.4915 -24.4878  -9.9168  -9.8909  -9.8430  -9.8240  -9.7498  -9.7174
    -5.9596  -5.3528  -5.1840  -5.1149  -1.7172  -1.4903  -1.3005  -0.8478
    -0.7127  -0.6224  -0.4714  -0.2317  -0.2008   0.0282   0.0663   0.1275

          k = 0.2000 0.4006 0.6110 ( 26167 PWs)   bands (ev):

   -24.4823 -24.4819 -10.1169 -10.1083  -9.7924  -9.7682  -9.7370  -9.7291
    -5.5858  -5.5162  -5.0669  -4.9852  -1.8702  -1.7962  -1.2668  -1.1784
    -0.5412  -0.4412  -0.2994  -0.1943  -0.1724  -0.0960  -0.0664   0.0344

          k = 0.2000-0.1001 0.6110 ( 26157 PWs)   bands (ev):

   -24.4828 -24.4814 -10.1148 -10.1052  -9.8003  -9.7701  -9.7394  -9.7235
    -5.5071  -5.3321  -5.2692  -5.0560  -1.8919  -1.7504  -1.3400  -1.1106
    -0.5890  -0.5071  -0.3464  -0.2694  -0.1347  -0.0548  -0.0465   0.0817

          k = 0.4000 0.0000 0.0000 ( 26166 PWs)   bands (ev):

   -24.4953 -24.4934  -9.9198  -9.8949  -9.8176  -9.7991  -9.6475  -9.6325
    -6.0427  -5.7472  -5.0924  -5.0720  -1.6946  -1.3750  -0.8947  -0.6649
    -0.5464  -0.4849  -0.4785  -0.3501  -0.3169  -0.2526  -0.0461   0.0488

          k = 0.4000-0.5007 0.0000 ( 26110 PWs)   bands (ev):

   -24.4943 -24.4943  -9.9844  -9.9844  -9.7272  -9.7272  -9.6397  -9.6397
    -5.8837  -5.8837  -5.1219  -5.1219  -1.4323  -1.4323  -0.9258  -0.9258
    -0.6557  -0.6557  -0.3072  -0.3072  -0.1083  -0.1083  -0.0148  -0.0148

          k = 0.4000 0.0000 0.3055 ( 26144 PWs)   bands (ev):

   -24.4904 -24.4889  -9.8948  -9.8789  -9.8631  -9.8281  -9.7549  -9.7330
    -5.7580  -5.4941  -5.2052  -5.1768  -1.5956  -1.4462  -1.2863  -0.9228
    -0.6433  -0.5139  -0.5092  -0.3981  -0.1507  -0.0463   0.0634   0.0738

          k = 0.4000-0.5007 0.3055 ( 26124 PWs)   bands (ev):

   -24.4896 -24.4896  -9.9283  -9.9283  -9.8305  -9.8305  -9.7177  -9.7177
    -5.6011  -5.6011  -5.2280  -5.2280  -1.5174  -1.5174  -1.2295  -1.2295
    -0.4394  -0.4394  -0.2949  -0.2949  -0.1258  -0.1258  -0.0087  -0.0087

          k = 0.4000 0.0000 0.6110 ( 26164 PWs)   bands (ev):

   -24.4824 -24.4818 -10.1230 -10.1211  -9.7764  -9.7580  -9.7450  -9.7291
    -5.4907  -5.4536  -5.1309  -5.0645  -2.0272  -1.9688  -1.1034  -0.9605
    -0.5217  -0.4208  -0.3769  -0.2667  -0.2000  -0.0477  -0.0100   0.0103

          k = 0.4000-0.5007 0.6110 ( 26186 PWs)   bands (ev):

   -24.4821 -24.4821 -10.1002 -10.1002  -9.8057  -9.8057  -9.7268  -9.7268
    -5.4511  -5.4511  -5.1141  -5.1141  -1.8651  -1.8651  -1.3361  -1.3361
    -0.4421  -0.4421  -0.1829  -0.1829  -0.1307  -0.1307   0.0790   0.0790

          k = 0.4000 0.2003 0.0000 ( 26129 PWs)   bands (ev):

   -24.4951 -24.4936  -9.9623  -9.9173  -9.7995  -9.7494  -9.6460  -9.6339
    -6.0147  -5.7644  -5.1321  -5.0629  -1.6183  -1.3970  -0.9229  -0.6830
    -0.5813  -0.5481  -0.5246  -0.3188  -0.2476  -0.1759  -0.0525   0.0736

          k = 0.4000-0.3004 0.0000 ( 26117 PWs)   bands (ev):

   -24.4949 -24.4938  -9.9800  -9.9464  -9.7695  -9.7301  -9.6442  -9.6354
    -5.9805  -5.7916  -5.1444  -5.0753  -1.5432  -1.4076  -0.9742  -0.6991
    -0.6259  -0.5998  -0.5209  -0.2673  -0.1835  -0.1319  -0.0506   0.0594

          k = 0.4000 0.2003 0.3055 ( 26128 PWs)   bands (ev):

   -24.4903 -24.4891  -9.9142  -9.8932  -9.8549  -9.8220  -9.7443  -9.7242
    -5.7280  -5.5032  -5.2337  -5.1777  -1.5750  -1.4610  -1.3085  -0.9953
    -0.5853  -0.5025  -0.4403  -0.3340  -0.1608  -0.0641   0.0314   0.0698

          k = 0.4000-0.3004 0.3055 ( 26143 PWs)   bands (ev):

   -24.4901 -24.4892  -9.9243  -9.9083  -9.8464  -9.8215  -9.7340  -9.7183
    -5.6930  -5.5224  -5.2451  -5.1896  -1.5574  -1.4731  -1.3142  -1.0703
    -0.5188  -0.4770  -0.3961  -0.2833  -0.1557  -0.0910  -0.0015   0.0572

          k = 0.4000 0.2003 0.6110 ( 26176 PWs)   bands (ev):

   -24.4823 -24.4819 -10.1191 -10.1105  -9.7942  -9.7699  -9.7362  -9.7272
    -5.5090  -5.4069  -5.1680  -5.0527  -1.9934  -1.9331  -1.1569  -1.0914
    -0.5104  -0.4157  -0.3618  -0.2761  -0.1312  -0.0643   0.0046   0.0854

          k = 0.4000-0.3004 0.6110 ( 26161 PWs)   bands (ev):

   -24.4823 -24.4819 -10.1125 -10.1036  -9.8042  -9.7830  -9.7313  -9.7264
    -5.5024  -5.3990  -5.1724  -5.0600  -1.9529  -1.8949  -1.2366  -1.1973
    -0.4986  -0.3942  -0.3100  -0.2755  -0.1039  -0.0746   0.0348   0.1021

          k = 0.4000 0.4006 0.0000 ( 26138 PWs)   bands (ev):

   -24.4946 -24.4940  -9.9878  -9.9701  -9.7438  -9.7224  -9.6421  -9.6374
    -5.9353  -5.8331  -5.1401  -5.0973  -1.4748  -1.4144  -0.9852  -0.8143
    -0.6517  -0.6376  -0.4164  -0.2466  -0.1347  -0.1076  -0.0470   0.0267

          k = 0.4000-0.1001 0.0000 ( 26160 PWs)   bands (ev):

   -24.4952 -24.4934  -9.9379  -9.8944  -9.8216  -9.7768  -9.6471  -9.6329
    -6.0357  -5.7510  -5.1093  -5.0639  -1.6742  -1.3823  -0.8923  -0.6929
    -0.5256  -0.5159  -0.4963  -0.3295  -0.3143  -0.2262  -0.0527   0.0630

          k = 0.4000 0.4006 0.3055 ( 26113 PWs)   bands (ev):

   -24.4899 -24.4894  -9.9294  -9.9208  -9.8380  -9.8247  -9.7243  -9.7156
    -5.6490  -5.5564  -5.2425  -5.2081  -1.5392  -1.4928  -1.2879  -1.1526
    -0.4642  -0.4446  -0.3565  -0.2515  -0.1623  -0.0902  -0.0345   0.0312

          k = 0.4000-0.1001 0.3055 ( 26144 PWs)   bands (ev):

   -24.4904 -24.4890  -9.9021  -9.8810  -9.8619  -9.8255  -9.7521  -9.7303
    -5.7503  -5.4957  -5.2156  -5.1748  -1.5897  -1.4510  -1.2931  -0.9421
    -0.6287  -0.5219  -0.4785  -0.3798  -0.1566  -0.0470   0.0509   0.0760

          k = 0.4000 0.4006 0.6110 ( 26172 PWs)   bands (ev):

   -24.4822 -24.4820 -10.1053 -10.0995  -9.8086  -9.7961  -9.7283  -9.7263
    -5.4818  -5.4185  -5.1496  -5.0815  -1.9037  -1.8631  -1.3169  -1.2853
    -0.4729  -0.4120  -0.2372  -0.2241  -0.1072  -0.1013   0.0587   0.0966

          k = 0.4000-0.1001 0.6110 ( 26155 PWs)   bands (ev):

   -24.4824 -24.4818 -10.1227 -10.1175  -9.7826  -9.7606  -9.7421  -9.7284
    -5.5014  -5.4342  -5.1452  -5.0580  -2.0187  -1.9596  -1.1150  -0.9974
    -0.5163  -0.4305  -0.3755  -0.2672  -0.1725  -0.0562  -0.0183   0.0477

     highest occupied level (ev):     0.2103

     Writing config to output data dir ./_ph0/pwscf.q_3/pwscf.save/ :
     XML data file

                                                                                

     bravais-lattice index     =            8
     lattice parameter (alat)  =      13.3294  a.u.
     unit-cell volume          =    1548.2628 (a.u.)^3
     number of atoms/cell      =           22
     number of atomic types    =            3
     kinetic-energy cut-off    =     100.0000  Ry
     charge density cut-off    =     800.0000  Ry
     convergence threshold     =      1.0E-14
     beta                      =       0.7000
     number of iterations used =            4
     Exchange-correlation= PBESOL
                           (   1   4  10   8   0   0   0)


     celldm(1)=   13.32937  celldm(2)=    0.99856  celldm(3)=    0.65470
     celldm(4)=    0.00000  celldm(5)=    0.00000  celldm(6)=    0.00000

     crystal axes: (cart. coord. in units of alat)
               a(1) = (  1.0000  0.0000  0.0000 )  
               a(2) = (  0.0000  0.9986  0.0000 )  
               a(3) = (  0.0000  0.0000  0.6547 )  

     reciprocal axes: (cart. coord. in units 2 pi/alat)
               b(1) = (  1.0000  0.0000  0.0000 )  
               b(2) = (  0.0000  1.0014  0.0000 )  
               b(3) = (  0.0000  0.0000  1.5274 )  


     Atoms inside the unit cell: 

     Cartesian axes

     site n.  atom      mass           positions (alat units)
        1  Ba    137.3270   tau(    1) = (    0.50000    0.49928    0.32735  )
        2  Ba    137.3270   tau(    2) = (    0.00000    0.00000    0.65470  )
        3  B      10.8110   tau(    3) = (    0.62740    0.25362    0.00001  )
        4  B      10.8110   tau(    4) = (    0.37260    0.74493    0.00001  )
        5  B      10.8110   tau(    5) = (    0.12740    0.24566    0.32735  )
        6  B      10.8110   tau(    6) = (    0.87260    0.75290    0.32735  )
        7  H       1.0079   tau(    7) = (    0.45541    0.28500   -0.00001  )
        8  H       1.0079   tau(    8) = (    0.54459    0.71356   -0.00001  )
        9  H       1.0079   tau(    9) = (    0.95541    0.21428    0.32736  )
       10  H       1.0079   tau(   10) = (    0.04459    0.78428    0.32736  )
       11  H       1.0079   tau(   11) = (    0.71576    0.40523    0.00001  )
       12  H       1.0079   tau(   12) = (    0.28424    0.59332    0.00001  )
       13  H       1.0079   tau(   13) = (    0.21576    0.09404    0.32734  )
       14  H       1.0079   tau(   14) = (    0.78424    0.90451    0.32734  )
       15  H       1.0079   tau(   15) = (    0.66582    0.16363    0.51033  )
       16  H       1.0079   tau(   16) = (    0.33418    0.83492    0.51033  )
       17  H       1.0079   tau(   17) = (    0.16582    0.33564    0.47172  )
       18  H       1.0079   tau(   18) = (    0.83418    0.66291    0.47172  )
       19  H       1.0079   tau(   19) = (    0.33419    0.83492    0.14438  )
       20  H       1.0079   tau(   20) = (    0.66581    0.16363    0.14438  )
       21  H       1.0079   tau(   21) = (    0.83419    0.66291    0.18297  )
       22  H       1.0079   tau(   22) = (    0.16581    0.33564    0.18297  )

     Computing dynamical matrix for 
                    q = (   0.0000000  -0.5007235   0.0000000 )

      5 Sym.Ops. (with q -> -q+G )


     G cutoff = 3600.3905  (  24649 G-vectors)     FFT grid: (128,120, 80)
     G cutoff = 1800.1952  (   8708 G-vectors)  smooth grid: ( 90, 90, 60)
     number of k points=    54

     PseudoPot. # 1 for B  read from file:
     /home/mehlhorn/pseudos/b_pbesol_v1.4.uspp.F.UPF
     MD5 check sum: 369b69bef2c3aeed4453bd8b804fd6a8
     Pseudo is Ultrasoft + core correction, Zval =  3.0
     Generated by new atomic code, or converted to UPF format
     Using radial grid of  781 points,  4 beta functions with: 
                l(1) =   0
                l(2) =   0
                l(3) =   1
                l(4) =   1
     Q(r) pseudized with  8 coefficients,  rinner =    1.100   1.100   1.100


     PseudoPot. # 2 for Ba read from file:
     /home/mehlhorn/pseudos/Ba.nc.z_10.oncvpsp4.dojo.v4-sp.upf
     MD5 check sum: c10ed334bb677c0554edec7181ce9143
     Pseudo is Norm-conserving + core correction, Zval = 10.0
     Generated using ONCVPSP code by D. R. Hamann
     Using radial grid of 1938 points,  8 beta functions with: 
                l(1) =   0
                l(2) =   0
                l(3) =   1
                l(4) =   1
                l(5) =   2
                l(6) =   2
                l(7) =   3
                l(8) =   3

     PseudoPot. # 3 for H  read from file:
     /home/mehlhorn/pseudos/H_ONCV_PBEsol-1.0.upf
     MD5 check sum: 398ef8f67c0a7342c05c87c5e19ea467
     Pseudo is Norm-conserving, Zval =  1.0
     Generated using ONCVPSP code by D. R. Hamann
     Using radial grid of 1180 points,  2 beta functions with: 
                l(1) =   0
                l(2) =   0


     Atomic displacements:
     There are   33 irreducible representations

     Representation     1      2 modes -  To be done

     Representation     2      2 modes -  To be done

     Representation     3      2 modes -  To be done

     Representation     4      2 modes -  To be done

     Representation     5      2 modes -  To be done

     Representation     6      2 modes -  To be done

     Representation     7      2 modes -  To be done

     Representation     8      2 modes -  To be done

     Representation     9      2 modes -  To be done

     Representation    10      2 modes -  To be done

     Representation    11      2 modes -  To be done

     Representation    12      2 modes -  To be done

     Representation    13      2 modes -  To be done

     Representation    14      2 modes -  To be done

     Representation    15      2 modes -  To be done

     Representation    16      2 modes -  To be done

     Representation    17      2 modes -  To be done

     Representation    18      2 modes -  To be done

     Representation    19      2 modes -  To be done

     Representation    20      2 modes -  To be done

     Representation    21      2 modes -  To be done

     Representation    22      2 modes -  To be done

     Representation    23      2 modes -  To be done

     Representation    24      2 modes -  To be done

     Representation    25      2 modes -  To be done

     Representation    26      2 modes -  To be done

     Representation    27      2 modes -  To be done

     Representation    28      2 modes -  To be done

     Representation    29      2 modes -  To be done

     Representation    30      2 modes -  To be done

     Representation    31      2 modes -  To be done

     Representation    32      2 modes -  To be done

     Representation    33      2 modes -  To be done



     Alpha used in Ewald sum =   2.8000
     PHONON       :     21h15m CPU     21h28m WALL



     Representation #   1 modes #   1   2

     Self-consistent Calculation

      iter #   1 total cpu time : 77413.2 secs   av.it.:   4.0
      thresh= 1.000E-02 alpha_mix =  0.700 |ddv_scf|^2 =  2.401E-09

      iter #   2 total cpu time : 77613.2 secs   av.it.:  16.9
      thresh= 4.900E-06 alpha_mix =  0.700 |ddv_scf|^2 =  1.518E-09

      iter #   3 total cpu time : 77796.9 secs   av.it.:  15.0
      thresh= 3.897E-06 alpha_mix =  0.700 |ddv_scf|^2 =  8.362E-11

      iter #   4 total cpu time : 77985.5 secs   av.it.:  15.9
      thresh= 9.145E-07 alpha_mix =  0.700 |ddv_scf|^2 =  9.710E-13

      iter #   5 total cpu time : 78185.3 secs   av.it.:  16.9
      thresh= 9.854E-08 alpha_mix =  0.700 |ddv_scf|^2 =  1.708E-13

      iter #   6 total cpu time : 78383.0 secs   av.it.:  16.6
      thresh= 4.133E-08 alpha_mix =  0.700 |ddv_scf|^2 =  2.264E-15

     End of self-consistent calculation

     Convergence has been achieved 


     Representation #   2 modes #   3   4

     Self-consistent Calculation

      iter #   1 total cpu time : 78468.6 secs   av.it.:   3.0
      thresh= 1.000E-02 alpha_mix =  0.700 |ddv_scf|^2 =  2.829E-10

      iter #   2 total cpu time : 78669.8 secs   av.it.:  17.0
      thresh= 1.682E-06 alpha_mix =  0.700 |ddv_scf|^2 =  1.308E-10

      iter #   3 total cpu time : 78859.5 secs   av.it.:  16.0
      thresh= 1.144E-06 alpha_mix =  0.700 |ddv_scf|^2 =  1.253E-11

      iter #   4 total cpu time : 79049.2 secs   av.it.:  15.1
      thresh= 3.540E-07 alpha_mix =  0.700 |ddv_scf|^2 =  2.801E-13

      iter #   5 total cpu time : 79253.8 secs   av.it.:  17.0
      thresh= 5.292E-08 alpha_mix =  0.700 |ddv_scf|^2 =  1.816E-14

      iter #   6 total cpu time : 79457.5 secs   av.it.:  16.9
      thresh= 1.348E-08 alpha_mix =  0.700 |ddv_scf|^2 =  1.028E-15

     End of self-consistent calculation

     Convergence has been achieved 


     Representation #   3 modes #   5   6

     Self-consistent Calculation

      iter #   1 total cpu time : 79547.3 secs   av.it.:   3.1
      thresh= 1.000E-02 alpha_mix =  0.700 |ddv_scf|^2 =  6.804E-10

      iter #   2 total cpu time : 79753.3 secs   av.it.:  17.0
      thresh= 2.608E-06 alpha_mix =  0.700 |ddv_scf|^2 =  7.202E-10

      iter #   3 total cpu time : 79943.0 secs   av.it.:  15.2
      thresh= 2.684E-06 alpha_mix =  0.700 |ddv_scf|^2 =  1.207E-11

      iter #   4 total cpu time : 80140.3 secs   av.it.:  16.4
      thresh= 3.474E-07 alpha_mix =  0.700 |ddv_scf|^2 =  1.153E-12

      iter #   5 total cpu time : 80331.3 secs   av.it.:  16.0
      thresh= 1.074E-07 alpha_mix =  0.700 |ddv_scf|^2 =  3.061E-14

      iter #   6 total cpu time : 80530.4 secs   av.it.:  16.9
      thresh= 1.749E-08 alpha_mix =  0.700 |ddv_scf|^2 =  2.010E-15

     End of self-consistent calculation

     Convergence has been achieved 


     Representation #   4 modes #   7   8

     Self-consistent Calculation

      iter #   1 total cpu time : 80620.3 secs   av.it.:   3.1
      thresh= 1.000E-02 alpha_mix =  0.700 |ddv_scf|^2 =  1.666E-09

      iter #   2 total cpu time : 80814.2 secs   av.it.:  16.0
      thresh= 4.082E-06 alpha_mix =  0.700 |ddv_scf|^2 =  1.671E-09

      iter #   3 total cpu time : 80995.6 secs   av.it.:  15.0
      thresh= 4.088E-06 alpha_mix =  0.700 |ddv_scf|^2 =  1.270E-11

      iter #   4 total cpu time : 81191.5 secs   av.it.:  16.0
      thresh= 3.564E-07 alpha_mix =  0.700 |ddv_scf|^2 =  7.220E-13

      iter #   5 total cpu time : 81389.4 secs   av.it.:  16.5
      thresh= 8.497E-08 alpha_mix =  0.700 |ddv_scf|^2 =  2.949E-14

      iter #   6 total cpu time : 81586.9 secs   av.it.:  16.8
      thresh= 1.717E-08 alpha_mix =  0.700 |ddv_scf|^2 =  5.526E-15

     End of self-consistent calculation

     Convergence has been achieved 


     Representation #   5 modes #   9  10

     Self-consistent Calculation

      iter #   1 total cpu time : 81674.3 secs   av.it.:   3.0
      thresh= 1.000E-02 alpha_mix =  0.700 |ddv_scf|^2 =  2.441E-10

      iter #   2 total cpu time : 81882.6 secs   av.it.:  17.0
      thresh= 1.563E-06 alpha_mix =  0.700 |ddv_scf|^2 =  4.909E-11

      iter #   3 total cpu time : 82087.0 secs   av.it.:  17.0
      thresh= 7.006E-07 alpha_mix =  0.700 |ddv_scf|^2 =  9.966E-13

      iter #   4 total cpu time : 82287.8 secs   av.it.:  17.0
      thresh= 9.983E-08 alpha_mix =  0.700 |ddv_scf|^2 =  7.356E-14

      iter #   5 total cpu time : 82488.1 secs   av.it.:  17.0
      thresh= 2.712E-08 alpha_mix =  0.700 |ddv_scf|^2 =  5.806E-15

     End of self-consistent calculation

     Convergence has been achieved 


     Representation #   6 modes #  11  12

     Self-consistent Calculation

      iter #   1 total cpu time : 82578.6 secs   av.it.:   4.0
      thresh= 1.000E-02 alpha_mix =  0.700 |ddv_scf|^2 =  4.278E-09

      iter #   2 total cpu time : 82770.7 secs   av.it.:  16.0
      thresh= 6.541E-06 alpha_mix =  0.700 |ddv_scf|^2 =  5.391E-09

      iter #   3 total cpu time : 82951.3 secs   av.it.:  15.0
      thresh= 7.342E-06 alpha_mix =  0.700 |ddv_scf|^2 =  1.825E-11

      iter #   4 total cpu time : 83145.6 secs   av.it.:  16.0
      thresh= 4.272E-07 alpha_mix =  0.700 |ddv_scf|^2 =  1.105E-12

      iter #   5 total cpu time : 83341.0 secs   av.it.:  16.1
      thresh= 1.051E-07 alpha_mix =  0.700 |ddv_scf|^2 =  1.045E-13

      iter #   6 total cpu time : 83529.6 secs   av.it.:  15.9
      thresh= 3.232E-08 alpha_mix =  0.700 |ddv_scf|^2 =  9.377E-15

     End of self-consistent calculation

     Convergence has been achieved 


     Representation #   7 modes #  13  14

     Self-consistent Calculation

      iter #   1 total cpu time : 83618.5 secs   av.it.:   3.1
      thresh= 1.000E-02 alpha_mix =  0.700 |ddv_scf|^2 =  3.028E-09

      iter #   2 total cpu time : 83811.9 secs   av.it.:  16.0
      thresh= 5.502E-06 alpha_mix =  0.700 |ddv_scf|^2 =  3.441E-09

      iter #   3 total cpu time : 83996.8 secs   av.it.:  15.0
      thresh= 5.866E-06 alpha_mix =  0.700 |ddv_scf|^2 =  1.647E-11

      iter #   4 total cpu time : 84194.0 secs   av.it.:  16.0
      thresh= 4.059E-07 alpha_mix =  0.700 |ddv_scf|^2 =  1.190E-12

      iter #   5 total cpu time : 84386.9 secs   av.it.:  16.0
      thresh= 1.091E-07 alpha_mix =  0.700 |ddv_scf|^2 =  8.003E-14

      iter #   6 total cpu time : 84580.1 secs   av.it.:  16.0
      thresh= 2.829E-08 alpha_mix =  0.700 |ddv_scf|^2 =  7.218E-15

     End of self-consistent calculation

     Convergence has been achieved 


     Representation #   8 modes #  15  16

     Self-consistent Calculation

      iter #   1 total cpu time : 84701.3 secs   av.it.:   6.7
      thresh= 1.000E-02 alpha_mix =  0.700 |ddv_scf|^2 =  4.599E-08

      iter #   2 total cpu time : 84896.0 secs   av.it.:  16.1
      thresh= 2.144E-05 alpha_mix =  0.700 |ddv_scf|^2 =  4.927E-08

      iter #   3 total cpu time : 85077.2 secs   av.it.:  15.0
      thresh= 2.220E-05 alpha_mix =  0.700 |ddv_scf|^2 =  4.517E-10

      iter #   4 total cpu time : 85269.5 secs   av.it.:  16.0
      thresh= 2.125E-06 alpha_mix =  0.700 |ddv_scf|^2 =  1.274E-11

      iter #   5 total cpu time : 85464.6 secs   av.it.:  16.2
      thresh= 3.570E-07 alpha_mix =  0.700 |ddv_scf|^2 =  1.031E-12

      iter #   6 total cpu time : 85661.7 secs   av.it.:  16.9
      thresh= 1.015E-07 alpha_mix =  0.700 |ddv_scf|^2 =  3.540E-14

      iter #   7 total cpu time : 85855.9 secs   av.it.:  16.0
      thresh= 1.881E-08 alpha_mix =  0.700 |ddv_scf|^2 =  2.177E-15

     End of self-consistent calculation

     Convergence has been achieved 


     Representation #   9 modes #  17  18

     Self-consistent Calculation

      iter #   1 total cpu time : 85955.8 secs   av.it.:   4.6
      thresh= 1.000E-02 alpha_mix =  0.700 |ddv_scf|^2 =  7.155E-09

      iter #   2 total cpu time : 86151.0 secs   av.it.:  16.1
      thresh= 8.459E-06 alpha_mix =  0.700 |ddv_scf|^2 =  9.187E-09

      iter #   3 total cpu time : 86330.2 secs   av.it.:  15.0
      thresh= 9.585E-06 alpha_mix =  0.700 |ddv_scf|^2 =  4.792E-11

      iter #   4 total cpu time : 86525.0 secs   av.it.:  16.2
      thresh= 6.923E-07 alpha_mix =  0.700 |ddv_scf|^2 =  4.260E-12

      iter #   5 total cpu time : 86719.9 secs   av.it.:  16.1
      thresh= 2.064E-07 alpha_mix =  0.700 |ddv_scf|^2 =  3.228E-13

      iter #   6 total cpu time : 86915.2 secs   av.it.:  16.3
      thresh= 5.682E-08 alpha_mix =  0.700 |ddv_scf|^2 =  9.417E-15

     End of self-consistent calculation

     Convergence has been achieved 


     Representation #  10 modes #  19  20

     Self-consistent Calculation

      iter #   1 total cpu time : 87003.6 secs   av.it.:   3.3
      thresh= 1.000E-02 alpha_mix =  0.700 |ddv_scf|^2 =  4.344E-10

      iter #   2 total cpu time : 87205.2 secs   av.it.:  17.0
      thresh= 2.084E-06 alpha_mix =  0.700 |ddv_scf|^2 =  1.875E-10

      iter #   3 total cpu time : 87400.2 secs   av.it.:  16.1
      thresh= 1.369E-06 alpha_mix =  0.700 |ddv_scf|^2 =  1.245E-11

      iter #   4 total cpu time : 87584.9 secs   av.it.:  15.0
      thresh= 3.529E-07 alpha_mix =  0.700 |ddv_scf|^2 =  8.442E-13

      iter #   5 total cpu time : 87774.2 secs   av.it.:  16.0
      thresh= 9.188E-08 alpha_mix =  0.700 |ddv_scf|^2 =  3.107E-14

      iter #   6 total cpu time : 87970.0 secs   av.it.:  16.4
      thresh= 1.763E-08 alpha_mix =  0.700 |ddv_scf|^2 =  2.020E-15

     End of self-consistent calculation

     Convergence has been achieved 


     Representation #  11 modes #  21  22

     Self-consistent Calculation

      iter #   1 total cpu time : 88056.8 secs   av.it.:   3.0
      thresh= 1.000E-02 alpha_mix =  0.700 |ddv_scf|^2 =  2.177E-09

      iter #   2 total cpu time : 88249.2 secs   av.it.:  16.0
      thresh= 4.666E-06 alpha_mix =  0.700 |ddv_scf|^2 =  2.863E-09

      iter #   3 total cpu time : 88427.7 secs   av.it.:  15.0
      thresh= 5.351E-06 alpha_mix =  0.700 |ddv_scf|^2 =  6.935E-12

      iter #   4 total cpu time : 88624.8 secs   av.it.:  16.7
      thresh= 2.633E-07 alpha_mix =  0.700 |ddv_scf|^2 =  9.979E-13

      iter #   5 total cpu time : 88818.0 secs   av.it.:  16.0
      thresh= 9.989E-08 alpha_mix =  0.700 |ddv_scf|^2 =  5.695E-14

      iter #   6 total cpu time : 89009.2 secs   av.it.:  16.0
      thresh= 2.386E-08 alpha_mix =  0.700 |ddv_scf|^2 =  5.083E-15

     End of self-consistent calculation

     Convergence has been achieved 


     Representation #  12 modes #  23  24

     Self-consistent Calculation

      iter #   1 total cpu time : 89094.8 secs   av.it.:   3.0
      thresh= 1.000E-02 alpha_mix =  0.700 |ddv_scf|^2 =  2.610E-09

      iter #   2 total cpu time : 89284.4 secs   av.it.:  16.0
      thresh= 5.109E-06 alpha_mix =  0.700 |ddv_scf|^2 =  3.197E-09

      iter #   3 total cpu time : 89462.4 secs   av.it.:  14.9
      thresh= 5.655E-06 alpha_mix =  0.700 |ddv_scf|^2 =  6.278E-12

      iter #   4 total cpu time : 89660.4 secs   av.it.:  16.8
      thresh= 2.506E-07 alpha_mix =  0.700 |ddv_scf|^2 =  1.015E-12

      iter #   5 total cpu time : 89852.6 secs   av.it.:  16.0
      thresh= 1.007E-07 alpha_mix =  0.700 |ddv_scf|^2 =  3.137E-14

      iter #   6 total cpu time : 90050.6 secs   av.it.:  16.9
      thresh= 1.771E-08 alpha_mix =  0.700 |ddv_scf|^2 =  1.510E-15

     End of self-consistent calculation

     Convergence has been achieved 


     Representation #  13 modes #  25  26

     Self-consistent Calculation

      iter #   1 total cpu time : 90138.6 secs   av.it.:   3.2
      thresh= 1.000E-02 alpha_mix =  0.700 |ddv_scf|^2 =  2.771E-09

      iter #   2 total cpu time : 90331.2 secs   av.it.:  16.0
      thresh= 5.264E-06 alpha_mix =  0.700 |ddv_scf|^2 =  3.534E-09

      iter #   3 total cpu time : 90511.7 secs   av.it.:  15.0
      thresh= 5.944E-06 alpha_mix =  0.700 |ddv_scf|^2 =  1.577E-11

      iter #   4 total cpu time : 90704.2 secs   av.it.:  16.0
      thresh= 3.971E-07 alpha_mix =  0.700 |ddv_scf|^2 =  6.283E-13

      iter #   5 total cpu time : 90899.1 secs   av.it.:  16.7
      thresh= 7.927E-08 alpha_mix =  0.700 |ddv_scf|^2 =  5.600E-14

      iter #   6 total cpu time : 91088.8 secs   av.it.:  16.0
      thresh= 2.366E-08 alpha_mix =  0.700 |ddv_scf|^2 =  3.110E-15

     End of self-consistent calculation

     Convergence has been achieved 


     Representation #  14 modes #  27  28

     Self-consistent Calculation

      iter #   1 total cpu time : 91176.5 secs   av.it.:   3.0
      thresh= 1.000E-02 alpha_mix =  0.700 |ddv_scf|^2 =  6.933E-10

      iter #   2 total cpu time : 91381.3 secs   av.it.:  17.0
      thresh= 2.633E-06 alpha_mix =  0.700 |ddv_scf|^2 =  5.790E-10

      iter #   3 total cpu time : 91573.1 secs   av.it.:  15.8
      thresh= 2.406E-06 alpha_mix =  0.700 |ddv_scf|^2 =  1.511E-11

      iter #   4 total cpu time : 91767.7 secs   av.it.:  16.0
      thresh= 3.887E-07 alpha_mix =  0.700 |ddv_scf|^2 =  5.705E-13

      iter #   5 total cpu time : 91969.5 secs   av.it.:  16.5
      thresh= 7.553E-08 alpha_mix =  0.700 |ddv_scf|^2 =  4.203E-14

      iter #   6 total cpu time : 92169.9 secs   av.it.:  16.1
      thresh= 2.050E-08 alpha_mix =  0.700 |ddv_scf|^2 =  3.598E-15

     End of self-consistent calculation

     Convergence has been achieved 


     Representation #  15 modes #  29  30

     Self-consistent Calculation

      iter #   1 total cpu time : 92260.2 secs   av.it.:   3.3
      thresh= 1.000E-02 alpha_mix =  0.700 |ddv_scf|^2 =  7.371E-10

      iter #   2 total cpu time : 92467.7 secs   av.it.:  17.0
      thresh= 2.715E-06 alpha_mix =  0.700 |ddv_scf|^2 =  4.082E-10

      iter #   3 total cpu time : 92661.7 secs   av.it.:  16.0
      thresh= 2.021E-06 alpha_mix =  0.700 |ddv_scf|^2 =  1.488E-11

      iter #   4 total cpu time : 92846.1 secs   av.it.:  15.0
      thresh= 3.858E-07 alpha_mix =  0.700 |ddv_scf|^2 =  1.424E-12

      iter #   5 total cpu time : 93032.3 secs   av.it.:  15.2
      thresh= 1.194E-07 alpha_mix =  0.700 |ddv_scf|^2 =  4.799E-14

      iter #   6 total cpu time : 93225.4 secs   av.it.:  16.0
      thresh= 2.191E-08 alpha_mix =  0.700 |ddv_scf|^2 =  6.180E-15

     End of self-consistent calculation

     Convergence has been achieved 


     Representation #  16 modes #  31  32

     Self-consistent Calculation

      iter #   1 total cpu time : 93309.3 secs   av.it.:   3.0
      thresh= 1.000E-02 alpha_mix =  0.700 |ddv_scf|^2 =  1.650E-09

      iter #   2 total cpu time : 93499.1 secs   av.it.:  16.0
      thresh= 4.062E-06 alpha_mix =  0.700 |ddv_scf|^2 =  1.772E-09

      iter #   3 total cpu time : 93678.2 secs   av.it.:  15.0
      thresh= 4.209E-06 alpha_mix =  0.700 |ddv_scf|^2 =  9.522E-12

      iter #   4 total cpu time : 93870.3 secs   av.it.:  16.0
      thresh= 3.086E-07 alpha_mix =  0.700 |ddv_scf|^2 =  8.455E-13

      iter #   5 total cpu time : 94064.9 secs   av.it.:  16.0
      thresh= 9.195E-08 alpha_mix =  0.700 |ddv_scf|^2 =  4.684E-14

      iter #   6 total cpu time : 94257.1 secs   av.it.:  16.0
      thresh= 2.164E-08 alpha_mix =  0.700 |ddv_scf|^2 =  3.865E-15

     End of self-consistent calculation

     Convergence has been achieved 


     Representation #  17 modes #  33  34

     Self-consistent Calculation

      iter #   1 total cpu time : 94359.3 secs   av.it.:   5.0
      thresh= 1.000E-02 alpha_mix =  0.700 |ddv_scf|^2 =  8.328E-09

      iter #   2 total cpu time : 94557.9 secs   av.it.:  16.9
      thresh= 9.126E-06 alpha_mix =  0.700 |ddv_scf|^2 =  6.277E-09

      iter #   3 total cpu time : 94746.1 secs   av.it.:  15.9
      thresh= 7.923E-06 alpha_mix =  0.700 |ddv_scf|^2 =  9.987E-11

      iter #   4 total cpu time : 94933.2 secs   av.it.:  15.7
      thresh= 9.993E-07 alpha_mix =  0.700 |ddv_scf|^2 =  6.034E-12

      iter #   5 total cpu time : 95126.4 secs   av.it.:  16.0
      thresh= 2.457E-07 alpha_mix =  0.700 |ddv_scf|^2 =  2.809E-13

      iter #   6 total cpu time : 95326.2 secs   av.it.:  16.9
      thresh= 5.300E-08 alpha_mix =  0.700 |ddv_scf|^2 =  1.066E-14

      iter #   7 total cpu time : 95535.0 secs   av.it.:  17.0
      thresh= 1.033E-08 alpha_mix =  0.700 |ddv_scf|^2 =  1.123E-15

     End of self-consistent calculation

     Convergence has been achieved 


     Representation #  18 modes #  35  36

     Self-consistent Calculation

      iter #   1 total cpu time : 95624.2 secs   av.it.:   3.0
      thresh= 1.000E-02 alpha_mix =  0.700 |ddv_scf|^2 =  4.383E-09

      iter #   2 total cpu time : 95821.3 secs   av.it.:  16.0
      thresh= 6.620E-06 alpha_mix =  0.700 |ddv_scf|^2 =  6.926E-09

      iter #   3 total cpu time : 96002.4 secs   av.it.:  14.9
      thresh= 8.322E-06 alpha_mix =  0.700 |ddv_scf|^2 =  6.448E-12

      iter #   4 total cpu time : 96202.0 secs   av.it.:  17.0
      thresh= 2.539E-07 alpha_mix =  0.700 |ddv_scf|^2 =  8.398E-13

      iter #   5 total cpu time : 96395.7 secs   av.it.:  16.0
      thresh= 9.164E-08 alpha_mix =  0.700 |ddv_scf|^2 =  3.066E-14

      iter #   6 total cpu time : 96592.2 secs   av.it.:  16.3
      thresh= 1.751E-08 alpha_mix =  0.700 |ddv_scf|^2 =  1.747E-15

     End of self-consistent calculation

     Convergence has been achieved 


     Representation #  19 modes #  37  38

     Self-consistent Calculation

      iter #   1 total cpu time : 96714.8 secs   av.it.:   6.8
      thresh= 1.000E-02 alpha_mix =  0.700 |ddv_scf|^2 =  1.681E-07

      iter #   2 total cpu time : 96934.5 secs   av.it.:  16.0
      thresh= 4.100E-05 alpha_mix =  0.700 |ddv_scf|^2 =  2.239E-07

      iter #   3 total cpu time : 97118.1 secs   av.it.:  15.0
      thresh= 4.732E-05 alpha_mix =  0.700 |ddv_scf|^2 =  4.317E-10

      iter #   4 total cpu time : 97319.9 secs   av.it.:  16.3
      thresh= 2.078E-06 alpha_mix =  0.700 |ddv_scf|^2 =  1.901E-11

      iter #   5 total cpu time : 97521.2 secs   av.it.:  16.1
      thresh= 4.360E-07 alpha_mix =  0.700 |ddv_scf|^2 =  8.114E-13

      iter #   6 total cpu time : 97727.0 secs   av.it.:  17.0
      thresh= 9.008E-08 alpha_mix =  0.700 |ddv_scf|^2 =  1.128E-13

      iter #   7 total cpu time : 97922.1 secs   av.it.:  16.0
      thresh= 3.358E-08 alpha_mix =  0.700 |ddv_scf|^2 =  5.268E-15

     End of self-consistent calculation

     Convergence has been achieved 


     Representation #  20 modes #  39  40

     Self-consistent Calculation

      iter #   1 total cpu time : 98012.6 secs   av.it.:   3.3
      thresh= 1.000E-02 alpha_mix =  0.700 |ddv_scf|^2 =  9.283E-10

      iter #   2 total cpu time : 98214.6 secs   av.it.:  17.0
      thresh= 3.047E-06 alpha_mix =  0.700 |ddv_scf|^2 =  6.330E-10

      iter #   3 total cpu time : 98405.0 secs   av.it.:  16.0
      thresh= 2.516E-06 alpha_mix =  0.700 |ddv_scf|^2 =  2.370E-11

      iter #   4 total cpu time : 98588.6 secs   av.it.:  15.0
      thresh= 4.868E-07 alpha_mix =  0.700 |ddv_scf|^2 =  4.861E-13

      iter #   5 total cpu time : 98786.3 secs   av.it.:  16.9
      thresh= 6.972E-08 alpha_mix =  0.700 |ddv_scf|^2 =  5.095E-14

      iter #   6 total cpu time : 98980.9 secs   av.it.:  16.1
      thresh= 2.257E-08 alpha_mix =  0.700 |ddv_scf|^2 =  5.515E-15

     End of self-consistent calculation

     Convergence has been achieved 


     Representation #  21 modes #  41  42

     Self-consistent Calculation

      iter #   1 total cpu time : 99082.3 secs   av.it.:   5.0
      thresh= 1.000E-02 alpha_mix =  0.700 |ddv_scf|^2 =  2.298E-08

      iter #   2 total cpu time : 99272.6 secs   av.it.:  16.0
      thresh= 1.516E-05 alpha_mix =  0.700 |ddv_scf|^2 =  3.182E-08

      iter #   3 total cpu time : 99449.6 secs   av.it.:  14.8
      thresh= 1.784E-05 alpha_mix =  0.700 |ddv_scf|^2 =  3.707E-11

      iter #   4 total cpu time : 99649.9 secs   av.it.:  17.0
      thresh= 6.089E-07 alpha_mix =  0.700 |ddv_scf|^2 =  5.362E-12

      iter #   5 total cpu time : 99843.2 secs   av.it.:  16.0
      thresh= 2.316E-07 alpha_mix =  0.700 |ddv_scf|^2 =  2.204E-13

      iter #   6 total cpu time :100043.6 secs   av.it.:  17.0
      thresh= 4.694E-08 alpha_mix =  0.700 |ddv_scf|^2 =  3.156E-14

      iter #   7 total cpu time :100238.6 secs   av.it.:  16.1
      thresh= 1.776E-08 alpha_mix =  0.700 |ddv_scf|^2 =  1.149E-15

     End of self-consistent calculation

     Convergence has been achieved 


     Representation #  22 modes #  43  44

     Self-consistent Calculation

      iter #   1 total cpu time :100328.4 secs   av.it.:   3.1
      thresh= 1.000E-02 alpha_mix =  0.700 |ddv_scf|^2 =  2.002E-09

      iter #   2 total cpu time :100529.7 secs   av.it.:  16.1
      thresh= 4.475E-06 alpha_mix =  0.700 |ddv_scf|^2 =  1.580E-09

      iter #   3 total cpu time :100719.3 secs   av.it.:  15.0
      thresh= 3.975E-06 alpha_mix =  0.700 |ddv_scf|^2 =  1.318E-11

      iter #   4 total cpu time :100915.3 secs   av.it.:  16.0
      thresh= 3.630E-07 alpha_mix =  0.700 |ddv_scf|^2 =  1.236E-12

      iter #   5 total cpu time :101113.0 secs   av.it.:  16.0
      thresh= 1.112E-07 alpha_mix =  0.700 |ddv_scf|^2 =  2.622E-14

      iter #   6 total cpu time :101317.1 secs   av.it.:  16.8
      thresh= 1.619E-08 alpha_mix =  0.700 |ddv_scf|^2 =  2.522E-15

     End of self-consistent calculation

     Convergence has been achieved 


     Representation #  23 modes #  45  46

     Self-consistent Calculation

      iter #   1 total cpu time :101406.3 secs   av.it.:   3.0
      thresh= 1.000E-02 alpha_mix =  0.700 |ddv_scf|^2 =  4.919E-09

      iter #   2 total cpu time :101596.4 secs   av.it.:  16.0
      thresh= 7.013E-06 alpha_mix =  0.700 |ddv_scf|^2 =  5.864E-09

      iter #   3 total cpu time :101775.1 secs   av.it.:  15.0
      thresh= 7.658E-06 alpha_mix =  0.700 |ddv_scf|^2 =  1.303E-11

      iter #   4 total cpu time :101970.4 secs   av.it.:  16.1
      thresh= 3.610E-07 alpha_mix =  0.700 |ddv_scf|^2 =  9.500E-13

      iter #   5 total cpu time :102165.6 secs   av.it.:  16.0
      thresh= 9.747E-08 alpha_mix =  0.700 |ddv_scf|^2 =  5.132E-14

      iter #   6 total cpu time :102358.0 secs   av.it.:  16.0
      thresh= 2.265E-08 alpha_mix =  0.700 |ddv_scf|^2 =  4.598E-15

     End of self-consistent calculation

     Convergence has been achieved 


     Representation #  24 modes #  47  48

     Self-consistent Calculation

      iter #   1 total cpu time :102445.9 secs   av.it.:   3.0
      thresh= 1.000E-02 alpha_mix =  0.700 |ddv_scf|^2 =  7.057E-10

      iter #   2 total cpu time :102643.1 secs   av.it.:  16.8
      thresh= 2.657E-06 alpha_mix =  0.700 |ddv_scf|^2 =  4.696E-10

      iter #   3 total cpu time :102829.0 secs   av.it.:  15.5
      thresh= 2.167E-06 alpha_mix =  0.700 |ddv_scf|^2 =  5.481E-12

      iter #   4 total cpu time :103018.7 secs   av.it.:  16.0
      thresh= 2.341E-07 alpha_mix =  0.700 |ddv_scf|^2 =  1.325E-12

      iter #   5 total cpu time :103207.1 secs   av.it.:  16.0
      thresh= 1.151E-07 alpha_mix =  0.700 |ddv_scf|^2 =  2.139E-14

      iter #   6 total cpu time :103402.2 secs   av.it.:  16.1
      thresh= 1.463E-08 alpha_mix =  0.700 |ddv_scf|^2 =  1.918E-15

     End of self-consistent calculation

     Convergence has been achieved 


     Representation #  25 modes #  49  50

     Self-consistent Calculation

      iter #   1 total cpu time :103486.2 secs   av.it.:   3.0
      thresh= 1.000E-02 alpha_mix =  0.700 |ddv_scf|^2 =  1.175E-09

      iter #   2 total cpu time :103673.4 secs   av.it.:  16.0
      thresh= 3.428E-06 alpha_mix =  0.700 |ddv_scf|^2 =  1.190E-09

      iter #   3 total cpu time :103849.0 secs   av.it.:  15.0
      thresh= 3.449E-06 alpha_mix =  0.700 |ddv_scf|^2 =  8.002E-12

      iter #   4 total cpu time :104040.8 secs   av.it.:  16.0
      thresh= 2.829E-07 alpha_mix =  0.700 |ddv_scf|^2 =  9.545E-13

      iter #   5 total cpu time :104233.6 secs   av.it.:  16.0
      thresh= 9.770E-08 alpha_mix =  0.700 |ddv_scf|^2 =  3.745E-14

      iter #   6 total cpu time :104428.0 secs   av.it.:  16.1
      thresh= 1.935E-08 alpha_mix =  0.700 |ddv_scf|^2 =  1.569E-15

     End of self-consistent calculation

     Convergence has been achieved 


     Representation #  26 modes #  51  52

     Self-consistent Calculation

      iter #   1 total cpu time :104548.2 secs   av.it.:   6.4
      thresh= 1.000E-02 alpha_mix =  0.700 |ddv_scf|^2 =  8.698E-08

      iter #   2 total cpu time :104741.5 secs   av.it.:  16.0
      thresh= 2.949E-05 alpha_mix =  0.700 |ddv_scf|^2 =  1.140E-07

      iter #   3 total cpu time :104926.2 secs   av.it.:  15.0
      thresh= 3.376E-05 alpha_mix =  0.700 |ddv_scf|^2 =  5.546E-10

      iter #   4 total cpu time :105123.6 secs   av.it.:  16.0
      thresh= 2.355E-06 alpha_mix =  0.700 |ddv_scf|^2 =  1.643E-11

      iter #   5 total cpu time :105324.3 secs   av.it.:  16.1
      thresh= 4.054E-07 alpha_mix =  0.700 |ddv_scf|^2 =  1.013E-12

      iter #   6 total cpu time :105527.8 secs   av.it.:  16.9
      thresh= 1.006E-07 alpha_mix =  0.700 |ddv_scf|^2 =  5.547E-14

      iter #   7 total cpu time :105725.7 secs   av.it.:  16.0
      thresh= 2.355E-08 alpha_mix =  0.700 |ddv_scf|^2 =  2.649E-15

     End of self-consistent calculation

     Convergence has been achieved 


     Representation #  27 modes #  53  54

     Self-consistent Calculation

      iter #   1 total cpu time :105830.6 secs   av.it.:   5.0
      thresh= 1.000E-02 alpha_mix =  0.700 |ddv_scf|^2 =  2.501E-08

      iter #   2 total cpu time :106026.4 secs   av.it.:  16.0
      thresh= 1.581E-05 alpha_mix =  0.700 |ddv_scf|^2 =  3.693E-08

      iter #   3 total cpu time :106207.9 secs   av.it.:  14.8
      thresh= 1.922E-05 alpha_mix =  0.700 |ddv_scf|^2 =  5.685E-11

      iter #   4 total cpu time :106409.3 secs   av.it.:  16.2
      thresh= 7.540E-07 alpha_mix =  0.700 |ddv_scf|^2 =  8.887E-12

      iter #   5 total cpu time :106605.7 secs   av.it.:  16.0
      thresh= 2.981E-07 alpha_mix =  0.700 |ddv_scf|^2 =  2.292E-13

      iter #   6 total cpu time :106804.8 secs   av.it.:  16.6
      thresh= 4.787E-08 alpha_mix =  0.700 |ddv_scf|^2 =  2.687E-14

      iter #   7 total cpu time :106999.9 secs   av.it.:  16.1
      thresh= 1.639E-08 alpha_mix =  0.700 |ddv_scf|^2 =  2.930E-15

     End of self-consistent calculation

     Convergence has been achieved 


     Representation #  28 modes #  55  56

     Self-consistent Calculation

      iter #   1 total cpu time :107086.9 secs   av.it.:   3.1
      thresh= 1.000E-02 alpha_mix =  0.700 |ddv_scf|^2 =  6.453E-10

      iter #   2 total cpu time :107283.6 secs   av.it.:  16.7
      thresh= 2.540E-06 alpha_mix =  0.700 |ddv_scf|^2 =  5.830E-10

      iter #   3 total cpu time :107469.0 secs   av.it.:  15.1
      thresh= 2.414E-06 alpha_mix =  0.700 |ddv_scf|^2 =  8.616E-12

      iter #   4 total cpu time :107659.8 secs   av.it.:  16.0
      thresh= 2.935E-07 alpha_mix =  0.700 |ddv_scf|^2 =  1.134E-12

      iter #   5 total cpu time :107851.8 secs   av.it.:  16.0
      thresh= 1.065E-07 alpha_mix =  0.700 |ddv_scf|^2 =  1.502E-14

      iter #   6 total cpu time :108054.2 secs   av.it.:  17.0
      thresh= 1.226E-08 alpha_mix =  0.700 |ddv_scf|^2 =  1.447E-15

     End of self-consistent calculation

     Convergence has been achieved 


     Representation #  29 modes #  57  58

     Self-consistent Calculation

      iter #   1 total cpu time :108157.8 secs   av.it.:   5.0
      thresh= 1.000E-02 alpha_mix =  0.700 |ddv_scf|^2 =  1.278E-08

      iter #   2 total cpu time :108356.6 secs   av.it.:  16.0
      thresh= 1.130E-05 alpha_mix =  0.700 |ddv_scf|^2 =  1.622E-08

      iter #   3 total cpu time :108539.4 secs   av.it.:  15.0
      thresh= 1.274E-05 alpha_mix =  0.700 |ddv_scf|^2 =  5.309E-11

      iter #   4 total cpu time :108741.6 secs   av.it.:  16.9
      thresh= 7.286E-07 alpha_mix =  0.700 |ddv_scf|^2 =  5.941E-12

      iter #   5 total cpu time :108938.9 secs   av.it.:  16.0
      thresh= 2.438E-07 alpha_mix =  0.700 |ddv_scf|^2 =  3.335E-13

      iter #   6 total cpu time :109141.7 secs   av.it.:  16.9
      thresh= 5.775E-08 alpha_mix =  0.700 |ddv_scf|^2 =  3.257E-14

      iter #   7 total cpu time :109342.4 secs   av.it.:  16.4
      thresh= 1.805E-08 alpha_mix =  0.700 |ddv_scf|^2 =  1.052E-15

     End of self-consistent calculation

     Convergence has been achieved 


     Representation #  30 modes #  59  60

     Self-consistent Calculation

      iter #   1 total cpu time :109433.0 secs   av.it.:   3.4
      thresh= 1.000E-02 alpha_mix =  0.700 |ddv_scf|^2 =  3.822E-10

      iter #   2 total cpu time :109642.0 secs   av.it.:  17.0
      thresh= 1.955E-06 alpha_mix =  0.700 |ddv_scf|^2 =  2.031E-10

      iter #   3 total cpu time :109841.2 secs   av.it.:  16.0
      thresh= 1.425E-06 alpha_mix =  0.700 |ddv_scf|^2 =  1.143E-11

      iter #   4 total cpu time :110032.3 secs   av.it.:  15.6
      thresh= 3.381E-07 alpha_mix =  0.700 |ddv_scf|^2 =  8.197E-13

      iter #   5 total cpu time :110226.9 secs   av.it.:  16.0
      thresh= 9.054E-08 alpha_mix =  0.700 |ddv_scf|^2 =  1.248E-14

      iter #   6 total cpu time :110427.8 secs   av.it.:  17.0
      thresh= 1.117E-08 alpha_mix =  0.700 |ddv_scf|^2 =  2.394E-15

     End of self-consistent calculation

     Convergence has been achieved 


     Representation #  31 modes #  61  62

     Self-consistent Calculation

      iter #   1 total cpu time :110515.0 secs   av.it.:   3.0
      thresh= 1.000E-02 alpha_mix =  0.700 |ddv_scf|^2 =  6.980E-10

      iter #   2 total cpu time :110718.9 secs   av.it.:  17.0
      thresh= 2.642E-06 alpha_mix =  0.700 |ddv_scf|^2 =  7.656E-10

      iter #   3 total cpu time :110909.5 secs   av.it.:  15.5
      thresh= 2.767E-06 alpha_mix =  0.700 |ddv_scf|^2 =  1.606E-11

      iter #   4 total cpu time :111105.0 secs   av.it.:  16.0
      thresh= 4.008E-07 alpha_mix =  0.700 |ddv_scf|^2 =  1.060E-12

      iter #   5 total cpu time :111300.3 secs   av.it.:  16.0
      thresh= 1.030E-07 alpha_mix =  0.700 |ddv_scf|^2 =  2.387E-14

      iter #   6 total cpu time :111503.6 secs   av.it.:  16.9
      thresh= 1.545E-08 alpha_mix =  0.700 |ddv_scf|^2 =  2.930E-15

     End of self-consistent calculation

     Convergence has been achieved 


     Representation #  32 modes #  63  64

     Self-consistent Calculation

      iter #   1 total cpu time :111590.7 secs   av.it.:   3.0
      thresh= 1.000E-02 alpha_mix =  0.700 |ddv_scf|^2 =  6.808E-10

      iter #   2 total cpu time :111795.0 secs   av.it.:  17.0
      thresh= 2.609E-06 alpha_mix =  0.700 |ddv_scf|^2 =  4.975E-10

      iter #   3 total cpu time :111987.6 secs   av.it.:  16.0
      thresh= 2.231E-06 alpha_mix =  0.700 |ddv_scf|^2 =  2.244E-11

      iter #   4 total cpu time :112176.0 secs   av.it.:  15.0
      thresh= 4.737E-07 alpha_mix =  0.700 |ddv_scf|^2 =  8.313E-13

      iter #   5 total cpu time :112376.9 secs   av.it.:  16.3
      thresh= 9.117E-08 alpha_mix =  0.700 |ddv_scf|^2 =  2.850E-14

      iter #   6 total cpu time :112572.6 secs   av.it.:  16.0
      thresh= 1.688E-08 alpha_mix =  0.700 |ddv_scf|^2 =  4.429E-15

     End of self-consistent calculation

     Convergence has been achieved 


     Representation #  33 modes #  65  66

     Self-consistent Calculation

      iter #   1 total cpu time :112662.4 secs   av.it.:   3.2
      thresh= 1.000E-02 alpha_mix =  0.700 |ddv_scf|^2 =  4.829E-10

      iter #   2 total cpu time :112871.9 secs   av.it.:  17.0
      thresh= 2.197E-06 alpha_mix =  0.700 |ddv_scf|^2 =  2.874E-10

      iter #   3 total cpu time :113068.8 secs   av.it.:  16.0
      thresh= 1.695E-06 alpha_mix =  0.700 |ddv_scf|^2 =  1.196E-11

      iter #   4 total cpu time :113256.5 secs   av.it.:  15.7
      thresh= 3.459E-07 alpha_mix =  0.700 |ddv_scf|^2 =  9.667E-13

      iter #   5 total cpu time :113445.8 secs   av.it.:  16.0
      thresh= 9.832E-08 alpha_mix =  0.700 |ddv_scf|^2 =  2.899E-14

      iter #   6 total cpu time :113644.5 secs   av.it.:  17.0
      thresh= 1.703E-08 alpha_mix =  0.700 |ddv_scf|^2 =  2.939E-15

     End of self-consistent calculation

     Convergence has been achieved 

     Number of q in the star =    1
     List of q in the star:
          1   0.000000000  -0.500723541   0.000000000

     Diagonalizing the dynamical matrix

     q = (    0.000000000  -0.500723541   0.000000000 ) 

 **************************************************************************
     freq (    1) =       1.284029 [THz] =      42.830603 [cm-1]
     freq (    2) =       1.284029 [THz] =      42.830603 [cm-1]
     freq (    3) =       1.302158 [THz] =      43.435311 [cm-1]
     freq (    4) =       1.302158 [THz] =      43.435311 [cm-1]
     freq (    5) =       1.693036 [THz] =      56.473587 [cm-1]
     freq (    6) =       1.693036 [THz] =      56.473587 [cm-1]
     freq (    7) =       4.224346 [THz] =     140.909007 [cm-1]
     freq (    8) =       4.224346 [THz] =     140.909007 [cm-1]
     freq (    9) =       5.660080 [THz] =     188.799940 [cm-1]
     freq (   10) =       5.660080 [THz] =     188.799940 [cm-1]
     freq (   11) =       5.769324 [THz] =     192.443923 [cm-1]
     freq (   12) =       5.769324 [THz] =     192.443923 [cm-1]
     freq (   13) =       6.467672 [THz] =     215.738325 [cm-1]
     freq (   14) =       6.467672 [THz] =     215.738325 [cm-1]
     freq (   15) =       6.563947 [THz] =     218.949702 [cm-1]
     freq (   16) =       6.563947 [THz] =     218.949702 [cm-1]
     freq (   17) =       7.680575 [THz] =     256.196415 [cm-1]
     freq (   18) =       7.680575 [THz] =     256.196415 [cm-1]
     freq (   19) =       8.124732 [THz] =     271.011881 [cm-1]
     freq (   20) =       8.124732 [THz] =     271.011881 [cm-1]
     freq (   21) =       8.556345 [THz] =     285.408953 [cm-1]
     freq (   22) =       8.556345 [THz] =     285.408953 [cm-1]
     freq (   23) =       9.178612 [THz] =     306.165536 [cm-1]
     freq (   24) =       9.178612 [THz] =     306.165536 [cm-1]
     freq (   25) =       9.611379 [THz] =     320.601102 [cm-1]
     freq (   26) =       9.611379 [THz] =     320.601102 [cm-1]
     freq (   27) =      11.926587 [THz] =     397.828110 [cm-1]
     freq (   28) =      11.926587 [THz] =     397.828110 [cm-1]
     freq (   29) =      12.463146 [THz] =     415.725799 [cm-1]
     freq (   30) =      12.463146 [THz] =     415.725799 [cm-1]
     freq (   31) =      30.622981 [THz] =    1021.472696 [cm-1]
     freq (   32) =      30.622981 [THz] =    1021.472696 [cm-1]
     freq (   33) =      30.899528 [THz] =    1030.697294 [cm-1]
     freq (   34) =      30.899528 [THz] =    1030.697294 [cm-1]
     freq (   35) =      31.760975 [THz] =    1059.432102 [cm-1]
     freq (   36) =      31.760975 [THz] =    1059.432102 [cm-1]
     freq (   37) =      32.183289 [THz] =    1073.518972 [cm-1]
     freq (   38) =      32.183289 [THz] =    1073.518972 [cm-1]
     freq (   39) =      32.239050 [THz] =    1075.378965 [cm-1]
     freq (   40) =      32.239050 [THz] =    1075.378965 [cm-1]
     freq (   41) =      32.349084 [THz] =    1079.049305 [cm-1]
     freq (   42) =      32.349084 [THz] =    1079.049305 [cm-1]
     freq (   43) =      35.782766 [THz] =    1193.584599 [cm-1]
     freq (   44) =      35.782766 [THz] =    1193.584599 [cm-1]
     freq (   45) =      36.061256 [THz] =    1202.874009 [cm-1]
     freq (   46) =      36.061256 [THz] =    1202.874009 [cm-1]
     freq (   47) =      36.074795 [THz] =    1203.325644 [cm-1]
     freq (   48) =      36.074795 [THz] =    1203.325644 [cm-1]
     freq (   49) =      36.399197 [THz] =    1214.146531 [cm-1]
     freq (   50) =      36.399197 [THz] =    1214.146531 [cm-1]
     freq (   51) =      68.440040 [THz] =    2282.914018 [cm-1]
     freq (   52) =      68.440040 [THz] =    2282.914018 [cm-1]
     freq (   53) =      68.491098 [THz] =    2284.617098 [cm-1]
     freq (   54) =      68.491098 [THz] =    2284.617098 [cm-1]
     freq (   55) =      70.054900 [THz] =    2336.779930 [cm-1]
     freq (   56) =      70.054900 [THz] =    2336.779930 [cm-1]
     freq (   57) =      70.314094 [THz] =    2345.425717 [cm-1]
     freq (   58) =      70.314094 [THz] =    2345.425717 [cm-1]
     freq (   59) =      70.517457 [THz] =    2352.209159 [cm-1]
     freq (   60) =      70.517457 [THz] =    2352.209159 [cm-1]
     freq (   61) =      71.051209 [THz] =    2370.013229 [cm-1]
     freq (   62) =      71.051209 [THz] =    2370.013229 [cm-1]
     freq (   63) =      71.172141 [THz] =    2374.047084 [cm-1]
     freq (   64) =      71.172141 [THz] =    2374.047084 [cm-1]
     freq (   65) =      71.217976 [THz] =    2375.575978 [cm-1]
     freq (   66) =      71.217976 [THz] =    2375.575978 [cm-1]
 **************************************************************************

     Calculation of q =    0.0000000  -0.5007235  -0.7637063

     Parallelization info
     --------------------
     sticks:   dense  smooth     PW     G-vecs:    dense   smooth      PW
     Min         469     234     64                24647     8708    1250
     Max         470     236     65                24650     8711    1253
     Sum       11271    5637   1553               591573   209027   30037

     Using Slab Decomposition



     bravais-lattice index     =            8
     lattice parameter (alat)  =      13.3294  a.u.
     unit-cell volume          =    1548.2628 (a.u.)^3
     number of atoms/cell      =           22
     number of atomic types    =            3
     number of electrons       =        48.00
     number of Kohn-Sham states=           24
     kinetic-energy cutoff     =     100.0000  Ry
     charge density cutoff     =     800.0000  Ry
     Exchange-correlation= PBESOL
                           (   1   4  10   8   0   0   0)

     celldm(1)=  13.329372  celldm(2)=   0.998555  celldm(3)=   0.654702
     celldm(4)=   0.000000  celldm(5)=   0.000000  celldm(6)=   0.000000

     crystal axes: (cart. coord. in units of alat)
               a(1) = (   1.000000   0.000000   0.000000 )  
               a(2) = (   0.000000   0.998555   0.000000 )  
               a(3) = (   0.000000   0.000000   0.654702 )  

     reciprocal axes: (cart. coord. in units 2 pi/alat)
               b(1) = (  1.000000  0.000000  0.000000 )  
               b(2) = (  0.000000  1.001447  0.000000 )  
               b(3) = (  0.000000  0.000000  1.527413 )  


     PseudoPot. # 1 for B  read from file:
     /home/mehlhorn/pseudos/b_pbesol_v1.4.uspp.F.UPF
     MD5 check sum: 369b69bef2c3aeed4453bd8b804fd6a8
     Pseudo is Ultrasoft + core correction, Zval =  3.0
     Generated by new atomic code, or converted to UPF format
     Using radial grid of  781 points,  4 beta functions with: 
                l(1) =   0
                l(2) =   0
                l(3) =   1
                l(4) =   1
     Q(r) pseudized with  8 coefficients,  rinner =    1.100   1.100   1.100


     PseudoPot. # 2 for Ba read from file:
     /home/mehlhorn/pseudos/Ba.nc.z_10.oncvpsp4.dojo.v4-sp.upf
     MD5 check sum: c10ed334bb677c0554edec7181ce9143
     Pseudo is Norm-conserving + core correction, Zval = 10.0
     Generated using ONCVPSP code by D. R. Hamann
     Using radial grid of 1938 points,  8 beta functions with: 
                l(1) =   0
                l(2) =   0
                l(3) =   1
                l(4) =   1
                l(5) =   2
                l(6) =   2
                l(7) =   3
                l(8) =   3

     PseudoPot. # 3 for H  read from file:
     /home/mehlhorn/pseudos/H_ONCV_PBEsol-1.0.upf
     MD5 check sum: 398ef8f67c0a7342c05c87c5e19ea467
     Pseudo is Norm-conserving, Zval =  1.0
     Generated using ONCVPSP code by D. R. Hamann
     Using radial grid of 1180 points,  2 beta functions with: 
                l(1) =   0
                l(2) =   0

     atomic species   valence    mass     pseudopotential
     B                 3.00    10.81100     B ( 1.00)
     Ba               10.00   137.32700     Ba( 1.00)
     H                 1.00     1.00794     H ( 1.00)

      4 Sym. Ops. (no inversion) found



   Cartesian axes

     site n.     atom                  positions (alat units)
         1        Ba     tau(   1) = (   0.5000000   0.4992775   0.3273502  )
         2        Ba     tau(   2) = (   0.0000000   0.0000000   0.6547028  )
         3        B      tau(   3) = (   0.6273964   0.2536205   0.0000055  )
         4        B      tau(   4) = (   0.3726036   0.7449345   0.0000055  )
         5        B      tau(   5) = (   0.1273964   0.2456570   0.3273455  )
         6        B      tau(   6) = (   0.8726036   0.7528980   0.3273455  )
         7        H      tau(   7) = (   0.4554096   0.2850000  -0.0000080  )
         8        H      tau(   8) = (   0.5445904   0.7135550  -0.0000080  )
         9        H      tau(   9) = (   0.9554096   0.2142775   0.3273589  )
        10        H      tau(  10) = (   0.0445904   0.7842775   0.3273589  )
        11        H      tau(  11) = (   0.7157590   0.4052331   0.0000060  )
        12        H      tau(  12) = (   0.2842410   0.5933219   0.0000060  )
        13        H      tau(  13) = (   0.2157590   0.0940444   0.3273450  )
        14        H      tau(  14) = (   0.7842410   0.9045106   0.3273450  )
        15        H      tau(  15) = (   0.6658169   0.1636329   0.5103326  )
        16        H      tau(  16) = (   0.3341831   0.8349221   0.5103326  )
        17        H      tau(  17) = (   0.1658169   0.3356446   0.4717203  )
        18        H      tau(  18) = (   0.8341831   0.6629104   0.4717203  )
        19        H      tau(  19) = (   0.3341889   0.8349214   0.1443837  )
        20        H      tau(  20) = (   0.6658111   0.1636336   0.1443837  )
        21        H      tau(  21) = (   0.8341889   0.6629111   0.1829672  )
        22        H      tau(  22) = (   0.1658111   0.3356439   0.1829672  )

     number of k points=    54
                       cart. coord. in units 2pi/alat
        k(    1) = (   0.0000000   0.0000000   0.0000000), wk =   0.0160000
        k(    2) = (   0.0000000  -0.5007235  -0.7637063), wk =   0.0000000
        k(    3) = (   0.0000000   0.0000000   0.3054825), wk =   0.0320000
        k(    4) = (   0.0000000  -0.5007235  -0.4582238), wk =   0.0000000
        k(    5) = (   0.0000000   0.0000000   0.6109650), wk =   0.0320000
        k(    6) = (   0.0000000  -0.5007235  -0.1527413), wk =   0.0000000
        k(    7) = (   0.0000000   0.2002894   0.0000000), wk =   0.0320000
        k(    8) = (   0.0000000  -0.3004341  -0.7637063), wk =   0.0000000
        k(    9) = (   0.0000000   0.2002894   0.3054825), wk =   0.0640000
        k(   10) = (   0.0000000  -0.3004341  -0.4582238), wk =   0.0000000
        k(   11) = (   0.0000000   0.2002894   0.6109650), wk =   0.0640000
        k(   12) = (   0.0000000  -0.3004341  -0.1527413), wk =   0.0000000
        k(   13) = (   0.0000000   0.4005788   0.0000000), wk =   0.0320000
        k(   14) = (   0.0000000  -0.1001447  -0.7637063), wk =   0.0000000
        k(   15) = (   0.0000000   0.4005788   0.3054825), wk =   0.0640000
        k(   16) = (   0.0000000  -0.1001447  -0.4582238), wk =   0.0000000
        k(   17) = (   0.0000000   0.4005788   0.6109650), wk =   0.0640000
        k(   18) = (   0.0000000  -0.1001447  -0.1527413), wk =   0.0000000
        k(   19) = (   0.2000000   0.0000000   0.0000000), wk =   0.0320000
        k(   20) = (   0.2000000  -0.5007235  -0.7637063), wk =   0.0000000
        k(   21) = (   0.2000000   0.0000000   0.3054825), wk =   0.0640000
        k(   22) = (   0.2000000  -0.5007235  -0.4582238), wk =   0.0000000
        k(   23) = (   0.2000000   0.0000000   0.6109650), wk =   0.0640000
        k(   24) = (   0.2000000  -0.5007235  -0.1527413), wk =   0.0000000
        k(   25) = (   0.2000000   0.2002894   0.0000000), wk =   0.0640000
        k(   26) = (   0.2000000  -0.3004341  -0.7637063), wk =   0.0000000
        k(   27) = (   0.2000000   0.2002894   0.3054825), wk =   0.1280000
        k(   28) = (   0.2000000  -0.3004341  -0.4582238), wk =   0.0000000
        k(   29) = (   0.2000000   0.2002894   0.6109650), wk =   0.1280000
        k(   30) = (   0.2000000  -0.3004341  -0.1527413), wk =   0.0000000
        k(   31) = (   0.2000000   0.4005788   0.0000000), wk =   0.0640000
        k(   32) = (   0.2000000  -0.1001447  -0.7637063), wk =   0.0000000
        k(   33) = (   0.2000000   0.4005788   0.3054825), wk =   0.1280000
        k(   34) = (   0.2000000  -0.1001447  -0.4582238), wk =   0.0000000
        k(   35) = (   0.2000000   0.4005788   0.6109650), wk =   0.1280000
        k(   36) = (   0.2000000  -0.1001447  -0.1527413), wk =   0.0000000
        k(   37) = (   0.4000000   0.0000000   0.0000000), wk =   0.0320000
        k(   38) = (   0.4000000  -0.5007235  -0.7637063), wk =   0.0000000
        k(   39) = (   0.4000000   0.0000000   0.3054825), wk =   0.0640000
        k(   40) = (   0.4000000  -0.5007235  -0.4582238), wk =   0.0000000
        k(   41) = (   0.4000000   0.0000000   0.6109650), wk =   0.0640000
        k(   42) = (   0.4000000  -0.5007235  -0.1527413), wk =   0.0000000
        k(   43) = (   0.4000000   0.2002894   0.0000000), wk =   0.0640000
        k(   44) = (   0.4000000  -0.3004341  -0.7637063), wk =   0.0000000
        k(   45) = (   0.4000000   0.2002894   0.3054825), wk =   0.1280000
        k(   46) = (   0.4000000  -0.3004341  -0.4582238), wk =   0.0000000
        k(   47) = (   0.4000000   0.2002894   0.6109650), wk =   0.1280000
        k(   48) = (   0.4000000  -0.3004341  -0.1527413), wk =   0.0000000
        k(   49) = (   0.4000000   0.4005788   0.0000000), wk =   0.0640000
        k(   50) = (   0.4000000  -0.1001447  -0.7637063), wk =   0.0000000
        k(   51) = (   0.4000000   0.4005788   0.3054825), wk =   0.1280000
        k(   52) = (   0.4000000  -0.1001447  -0.4582238), wk =   0.0000000
        k(   53) = (   0.4000000   0.4005788   0.6109650), wk =   0.1280000
        k(   54) = (   0.4000000  -0.1001447  -0.1527413), wk =   0.0000000

     Dense  grid:   591573 G-vectors     FFT dimensions: ( 128, 120,  80)

     Smooth grid:   209027 G-vectors     FFT dimensions: (  90,  90,  60)

     Estimated max dynamical RAM per process >      53.56 MB

     Estimated total dynamical RAM >       1.26 GB

     The potential is recalculated from file :
     ./_ph0/pwscf.q_4/pwscf.save/charge-density

     Starting wfcs are   42 atomic wfcs

     Band Structure Calculation
     Davidson diagonalization with overlap

     ethr =  2.08E-11,  avg # of iterations = 21.8

     total cpu time spent up to now is      632.3 secs

     End of band structure calculation

          k = 0.0000 0.0000 0.0000 ( 26119 PWs)   bands (ev):

   -24.4973 -24.4914  -9.9882  -9.9375  -9.7519  -9.7184  -9.6644  -9.6158
    -6.3979  -5.5522  -4.9998  -4.9223  -2.1154  -1.1774  -1.1395  -0.8197
    -0.7239  -0.5719  -0.4932  -0.3592  -0.0997   0.1566   0.1938   0.2103

          k = 0.0000-0.5007-0.7637 ( 26136 PWs)   bands (ev):

   -24.4808 -24.4808 -10.1603 -10.1603  -9.7443  -9.7443  -9.7377  -9.7377
    -5.6400  -5.6400  -4.8985  -4.8985  -1.8907  -1.8907  -1.1181  -1.1181
    -0.4125  -0.4125  -0.3401  -0.3401  -0.2961  -0.2961   0.0200   0.0200

          k = 0.0000 0.0000 0.3055 ( 26180 PWs)   bands (ev):

   -24.4921 -24.4873  -9.9284  -9.8881  -9.8459  -9.8202  -9.7381  -9.7131
    -6.0592  -5.3474  -5.1196  -5.0593  -1.8280  -1.5020  -1.1918  -1.0071
    -0.7310  -0.6613  -0.4034  -0.2669  -0.0752   0.0445   0.0617   0.1663

          k = 0.0000-0.5007-0.4582 ( 26180 PWs)   bands (ev):

   -24.4855 -24.4855 -10.0133 -10.0133  -9.7956  -9.7956  -9.7528  -9.7528
    -5.5746  -5.5746  -5.1234  -5.1234  -1.6601  -1.6601  -1.1532  -1.1532
    -0.5605  -0.5605  -0.2332  -0.2332  -0.1855  -0.1855  -0.0296  -0.0296

          k = 0.0000 0.0000 0.6110 ( 26130 PWs)   bands (ev):

   -24.4830 -24.4812 -10.1042 -10.0993  -9.8066  -9.7883  -9.7336  -9.7220
    -5.4366  -5.3151  -5.2942  -5.1356  -1.6894  -1.5584  -1.5421  -1.2651
    -0.6786  -0.6475  -0.3516  -0.2341  -0.1026  -0.0476   0.0273   0.0809

          k = 0.0000-0.5007-0.1527 ( 26174 PWs)   bands (ev):

   -24.4930 -24.4930  -9.8951  -9.8951  -9.8100  -9.8100  -9.6858  -9.6858
    -5.7703  -5.7703  -5.1938  -5.1938  -1.5518  -1.5518  -0.9191  -0.9191
    -0.5499  -0.5499  -0.2969  -0.2969  -0.2091  -0.2091   0.0575   0.0575

          k = 0.0000 0.2003 0.0000 ( 26152 PWs)   bands (ev):

   -24.4968 -24.4919  -9.9726  -9.9216  -9.7760  -9.7381  -9.6597  -9.6204
    -6.2929  -5.5357  -5.1270  -4.9748  -1.9375  -1.3211  -1.2019  -0.6350
    -0.5842  -0.5422  -0.5368  -0.3012  -0.1067  -0.0249   0.1376   0.1586

          k = 0.0000-0.3004-0.7637 ( 26174 PWs)   bands (ev):

   -24.4808 -24.4808 -10.1547 -10.1547  -9.7463  -9.7463  -9.7438  -9.7438
    -5.5744  -5.5743  -4.9710  -4.9710  -1.8282  -1.8282  -1.2480  -1.2480
    -0.4156  -0.4155  -0.3638  -0.3637  -0.1636  -0.1635  -0.0246  -0.0245

          k = 0.0000 0.2003 0.3055 ( 26154 PWs)   bands (ev):

   -24.4916 -24.4877  -9.9263  -9.8745  -9.8400  -9.8337  -9.7385  -9.7259
    -5.9805  -5.3229  -5.2265  -5.0905  -1.7081  -1.5259  -1.3125  -0.8086
    -0.6773  -0.6226  -0.5562  -0.2037  -0.0806   0.0372   0.0500   0.0629

          k = 0.0000-0.3004-0.4582 ( 26160 PWs)   bands (ev):

   -24.4865 -24.4845 -10.0108  -9.9997  -9.8248  -9.8137  -9.7408  -9.7333
    -5.6795  -5.4335  -5.1600  -5.1094  -1.6644  -1.5916  -1.4041  -0.9626
    -0.7183  -0.4857  -0.4630  -0.1972  -0.1423  -0.0866   0.0105   0.0240

          k = 0.0000 0.2003 0.6110 ( 26154 PWs)   bands (ev):

   -24.4829 -24.4814 -10.1106 -10.1063  -9.7925  -9.7802  -9.7340  -9.7267
    -5.5435  -5.4468  -5.1594  -5.0265  -1.7369  -1.6880  -1.4213  -1.1988
    -0.6300  -0.5068  -0.3650  -0.2327  -0.1278  -0.1233   0.0122   0.0255

          k = 0.0000-0.3004-0.1527 ( 26140 PWs)   bands (ev):

   -24.4947 -24.4914  -9.9411  -9.8928  -9.8016  -9.7608  -9.7006  -9.6751
    -6.0888  -5.4891  -5.2441  -5.0613  -1.7243  -1.4482  -1.2204  -0.6460
    -0.5997  -0.5159  -0.4923  -0.2109  -0.1843  -0.1241   0.0737   0.1095

          k = 0.0000 0.4006 0.0000 ( 26150 PWs)   bands (ev):

   -24.4953 -24.4934  -9.9300  -9.8950  -9.8167  -9.7862  -9.6475  -9.6325
    -6.0133  -5.6696  -5.2262  -5.1050  -1.6417  -1.4920  -1.0604  -0.5995
    -0.5859  -0.5630  -0.3279  -0.2712  -0.2108  -0.1405   0.0044   0.0601

          k = 0.0000-0.1001-0.7637 ( 26102 PWs)   bands (ev):

   -24.4808 -24.4808 -10.1453 -10.1453  -9.7596  -9.7596  -9.7440  -9.7440
    -5.4069  -5.4069  -5.1490  -5.1490  -1.6937  -1.6936  -1.4323  -1.4322
    -0.4498  -0.4497  -0.4217  -0.4216  -0.0681  -0.0681   0.0149   0.0151

          k = 0.0000 0.4006 0.3055 ( 26144 PWs)   bands (ev):

   -24.4904 -24.4889  -9.9116  -9.8792  -9.8410  -9.8183  -9.7499  -9.7473
    -5.7670  -5.4826  -5.2563  -5.1679  -1.5649  -1.5577  -1.2289  -0.8804
    -0.6100  -0.5594  -0.4499  -0.2288  -0.1529  -0.1441   0.0523   0.0568

          k = 0.0000-0.1001-0.4582 ( 26159 PWs)   bands (ev):

   -24.4872 -24.4838  -9.9967  -9.9834  -9.8614  -9.8352  -9.7311  -9.7152
    -5.7357  -5.2824  -5.1835  -5.1590  -1.6433  -1.5944  -1.4296  -0.9520
    -0.8395  -0.7406  -0.4060  -0.1406  -0.0756  -0.0669   0.0528   0.0962

          k = 0.0000 0.4006 0.6110 ( 26160 PWs)   bands (ev):

   -24.4824 -24.4818 -10.1196 -10.1176  -9.7658  -9.7634  -9.7393  -9.7386
    -5.6185  -5.5832  -5.0103  -4.9559  -1.8067  -1.8005  -1.2273  -1.1156
    -0.5237  -0.4225  -0.3403  -0.3071  -0.1961  -0.1343  -0.0939   0.0057

          k = 0.0000-0.1001-0.1527 ( 26135 PWs)   bands (ev):

   -24.4958 -24.4903  -9.9687  -9.9202  -9.7558  -9.7247  -9.7120  -9.6745
    -6.2787  -5.4852  -5.0673  -4.9719  -1.9917  -1.3285  -1.1592  -0.8559
    -0.7468  -0.4680  -0.4644  -0.2693  -0.1969   0.1179   0.1376   0.1662

          k = 0.2000 0.0000 0.0000 ( 26143 PWs)   bands (ev):

   -24.4968 -24.4919  -9.9687  -9.9245  -9.7729  -9.7436  -9.6597  -9.6204
    -6.2989  -5.5819  -5.0221  -5.0030  -1.9865  -1.1137  -1.0688  -1.0050
    -0.5414  -0.5137  -0.4891  -0.3652  -0.1446  -0.0616   0.1401   0.1667

          k = 0.2000-0.5007-0.7637 ( 26144 PWs)   bands (ev):

   -24.4808 -24.4808 -10.1534 -10.1534  -9.7477  -9.7477  -9.7459  -9.7459
    -5.5878  -5.5878  -4.9436  -4.9436  -1.9003  -1.9003  -1.2380  -1.2380
    -0.4226  -0.4226  -0.2955  -0.2955  -0.1482  -0.1482   0.0109   0.0109

          k = 0.2000 0.0000 0.3055 ( 26134 PWs)   bands (ev):

   -24.4916 -24.4877  -9.9130  -9.8966  -9.8364  -9.8285  -9.7495  -9.7171
    -5.9763  -5.3577  -5.1367  -5.1338  -1.7415  -1.4844  -1.2776  -0.8819
    -0.7177  -0.6188  -0.4755  -0.2260  -0.2093   0.0316   0.0900   0.1245

          k = 0.2000-0.5007-0.4582 ( 26146 PWs)   bands (ev):

   -24.4855 -24.4855 -10.0048 -10.0048  -9.8267  -9.8267  -9.7329  -9.7329
    -5.5283  -5.5283  -5.1638  -5.1638  -1.6912  -1.6912  -1.1602  -1.1602
    -0.5866  -0.5866  -0.2320  -0.2320  -0.1278  -0.1278  -0.0006  -0.0006

          k = 0.2000 0.0000 0.6110 ( 26147 PWs)   bands (ev):

   -24.4829 -24.4814 -10.1120 -10.1077  -9.7972  -9.7755  -9.7384  -9.7226
    -5.4718  -5.3658  -5.2432  -5.0848  -1.8906  -1.7526  -1.3436  -1.0945
    -0.6152  -0.5120  -0.3474  -0.2826  -0.1132  -0.0626  -0.0283   0.0755

          k = 0.2000-0.5007-0.1527 ( 26158 PWs)   bands (ev):

   -24.4930 -24.4930  -9.9322  -9.9322  -9.7707  -9.7707  -9.6871  -9.6871
    -5.7833  -5.7833  -5.1774  -5.1774  -1.5087  -1.5087  -0.9906  -0.9906
    -0.5330  -0.5330  -0.2950  -0.2950  -0.1812  -0.1812   0.0308   0.0308

          k = 0.2000 0.2003 0.0000 ( 26120 PWs)   bands (ev):

   -24.4963 -24.4924  -9.9781  -9.8972  -9.8131  -9.7276  -9.6559  -9.6241
    -6.2166  -5.5842  -5.1483  -4.9989  -1.8403  -1.3080  -1.1230  -0.7602
    -0.5916  -0.5284  -0.3633  -0.2945  -0.2052  -0.1235   0.0578   0.1466

          k = 0.2000-0.3004-0.7637 ( 26168 PWs)   bands (ev):

   -24.4808 -24.4808 -10.1590 -10.1459  -9.7612  -9.7483  -9.7434  -9.7375
    -5.5990  -5.4722  -5.0672  -4.9344  -1.9659  -1.8034  -1.3636  -1.1373
    -0.4798  -0.4437  -0.3027  -0.2174  -0.1506  -0.1319  -0.0103  -0.0061

          k = 0.2000 0.2003 0.3055 ( 26149 PWs)   bands (ev):

   -24.4913 -24.4881  -9.9218  -9.8795  -9.8572  -9.8161  -9.7510  -9.7187
    -5.9107  -5.3433  -5.2552  -5.1197  -1.6548  -1.5029  -1.3410  -0.7847
    -0.7210  -0.5999  -0.4687  -0.2394  -0.1787  -0.0066   0.0510   0.1096

          k = 0.2000-0.3004-0.4582 ( 26147 PWs)   bands (ev):

   -24.4863 -24.4846 -10.0106  -9.9927  -9.8574  -9.7954  -9.7524  -9.7193
    -5.6256  -5.4036  -5.2081  -5.1382  -1.7279  -1.6208  -1.3518  -0.9970
    -0.6738  -0.4910  -0.4014  -0.2307  -0.1594  -0.0813   0.0058   0.0907

          k = 0.2000 0.2003 0.6110 ( 26142 PWs)   bands (ev):

   -24.4827 -24.4815 -10.1179 -10.1035  -9.8030  -9.7610  -9.7421  -9.7254
    -5.5541  -5.3747  -5.2205  -5.0120  -1.8934  -1.7493  -1.3301  -1.1383
    -0.5640  -0.4524  -0.3494  -0.2356  -0.1891  -0.0787  -0.0382   0.0811

          k = 0.2000-0.3004-0.1527 ( 26131 PWs)   bands (ev):

   -24.4944 -24.4917  -9.9609  -9.8855  -9.8197  -9.7302  -9.6994  -9.6792
    -6.0377  -5.5523  -5.2290  -5.0684  -1.6588  -1.4146  -1.2145  -0.7190
    -0.6517  -0.4701  -0.4224  -0.2655  -0.1996  -0.1062   0.0218   0.0963

          k = 0.2000 0.4006 0.0000 ( 26127 PWs)   bands (ev):

   -24.4951 -24.4936  -9.9646  -9.9198  -9.7959  -9.7461  -9.6460  -9.6338
    -5.9953  -5.7217  -5.1991  -5.0950  -1.5872  -1.4579  -1.0453  -0.6338
    -0.6274  -0.6000  -0.4217  -0.1857  -0.1809  -0.1217  -0.0476   0.0521

          k = 0.2000-0.1001-0.7637 ( 26140 PWs)   bands (ev):

   -24.4808 -24.4808 -10.1553 -10.1471  -9.7619  -9.7526  -9.7415  -9.7391
    -5.4993  -5.3693  -5.1768  -5.0431  -1.9382  -1.8520  -1.2871  -1.1820
    -0.4746  -0.4407  -0.3253  -0.3188  -0.1600  -0.1049  -0.0269   0.0579

          k = 0.2000 0.4006 0.3055 ( 26132 PWs)   bands (ev):

   -24.4903 -24.4891  -9.9194  -9.8954  -9.8452  -9.8157  -9.7458  -9.7279
    -5.7330  -5.4976  -5.2579  -5.1786  -1.5677  -1.5330  -1.2485  -0.9601
    -0.5919  -0.5063  -0.4413  -0.2512  -0.1488  -0.0787   0.0173   0.0524

          k = 0.2000-0.1001-0.4582 ( 26157 PWs)   bands (ev):

   -24.4868 -24.4841 -10.0063  -9.9906  -9.8575  -9.8111  -9.7435  -9.7172
    -5.6794  -5.2841  -5.2345  -5.1635  -1.7460  -1.5326  -1.4704  -0.9299
    -0.7253  -0.6498  -0.4044  -0.2109  -0.1323  -0.0470   0.0348   0.1081

          k = 0.2000 0.4006 0.6110 ( 26167 PWs)   bands (ev):

   -24.4823 -24.4819 -10.1169 -10.1083  -9.7924  -9.7682  -9.7370  -9.7291
    -5.5858  -5.5162  -5.0669  -4.9852  -1.8702  -1.7962  -1.2668  -1.1784
    -0.5412  -0.4412  -0.2994  -0.1943  -0.1724  -0.0960  -0.0664   0.0344

          k = 0.2000-0.1001-0.1527 ( 26108 PWs)   bands (ev):

   -24.4952 -24.4909  -9.9581  -9.9031  -9.7898  -9.7355  -9.7073  -9.6725
    -6.1889  -5.5142  -5.1038  -5.0220  -1.8809  -1.2854  -1.1494  -0.9146
    -0.6101  -0.5159  -0.4000  -0.2995  -0.2781  -0.0057   0.0935   0.1616

          k = 0.4000 0.0000 0.0000 ( 26166 PWs)   bands (ev):

   -24.4953 -24.4934  -9.9198  -9.8949  -9.8176  -9.7991  -9.6475  -9.6325
    -6.0427  -5.7472  -5.0924  -5.0720  -1.6946  -1.3750  -0.8947  -0.6649
    -0.5464  -0.4849  -0.4785  -0.3501  -0.3169  -0.2526  -0.0461   0.0488

          k = 0.4000-0.5007-0.7637 ( 26184 PWs)   bands (ev):

   -24.4808 -24.4808 -10.1417 -10.1417  -9.7645  -9.7645  -9.7486  -9.7486
    -5.4819  -5.4819  -5.0378  -5.0378  -1.9120  -1.9120  -1.4005  -1.4005
    -0.3739  -0.3739  -0.1908  -0.1908  -0.1211  -0.1211   0.0762   0.0762

          k = 0.4000 0.0000 0.3055 ( 26144 PWs)   bands (ev):

   -24.4904 -24.4889  -9.8948  -9.8789  -9.8631  -9.8281  -9.7549  -9.7330
    -5.7580  -5.4941  -5.2052  -5.1768  -1.5956  -1.4462  -1.2863  -0.9228
    -0.6433  -0.5139  -0.5092  -0.3981  -0.1507  -0.0463   0.0634   0.0738

          k = 0.4000-0.5007-0.4582 ( 26140 PWs)   bands (ev):

   -24.4855 -24.4855  -9.9874  -9.9874  -9.8648  -9.8648  -9.7167  -9.7167
    -5.4108  -5.4108  -5.2717  -5.2717  -1.7292  -1.7292  -1.2215  -1.2215
    -0.5258  -0.5258  -0.2230  -0.2230  -0.1195  -0.1195   0.0572   0.0572

          k = 0.4000 0.0000 0.6110 ( 26164 PWs)   bands (ev):

   -24.4824 -24.4818 -10.1230 -10.1211  -9.7764  -9.7580  -9.7450  -9.7291
    -5.4907  -5.4536  -5.1309  -5.0645  -2.0272  -1.9688  -1.1034  -0.9605
    -0.5217  -0.4208  -0.3769  -0.2667  -0.2000  -0.0477  -0.0100   0.0103

          k = 0.4000-0.5007-0.1527 ( 26110 PWs)   bands (ev):

   -24.4930 -24.4930  -9.9691  -9.9691  -9.7269  -9.7269  -9.6925  -9.6925
    -5.8034  -5.8034  -5.1514  -5.1514  -1.4010  -1.4010  -1.1528  -1.1528
    -0.4493  -0.4493  -0.3041  -0.3041  -0.1709  -0.1709  -0.0147  -0.0147

          k = 0.4000 0.2003 0.0000 ( 26129 PWs)   bands (ev):

   -24.4951 -24.4936  -9.9623  -9.9173  -9.7995  -9.7494  -9.6460  -9.6339
    -6.0147  -5.7644  -5.1321  -5.0629  -1.6183  -1.3970  -0.9229  -0.6830
    -0.5813  -0.5481  -0.5246  -0.3188  -0.2476  -0.1759  -0.0525   0.0736

          k = 0.4000-0.3004-0.7637 ( 26198 PWs)   bands (ev):

   -24.4808 -24.4808 -10.1532 -10.1449  -9.7647  -9.7541  -9.7444  -9.7432
    -5.5295  -5.4337  -5.0898  -4.9901  -2.0317  -1.9607  -1.2827  -1.1945
    -0.4396  -0.3678  -0.3131  -0.2646  -0.0991  -0.0737   0.0445   0.0934

          k = 0.4000 0.2003 0.3055 ( 26128 PWs)   bands (ev):

   -24.4903 -24.4891  -9.9142  -9.8932  -9.8549  -9.8220  -9.7443  -9.7242
    -5.7280  -5.5032  -5.2337  -5.1777  -1.5750  -1.4610  -1.3085  -0.9953
    -0.5853  -0.5025  -0.4403  -0.3340  -0.1608  -0.0641   0.0314   0.0698

          k = 0.4000-0.3004-0.4582 ( 26170 PWs)   bands (ev):

   -24.4858 -24.4852 -10.0032  -9.9915  -9.8626  -9.8294  -9.7311  -9.7173
    -5.4897  -5.3419  -5.3122  -5.2205  -1.7659  -1.7122  -1.2492  -1.1108
    -0.5473  -0.4958  -0.3683  -0.2626  -0.1110  -0.0431   0.0029   0.0921

          k = 0.4000 0.2003 0.6110 ( 26176 PWs)   bands (ev):

   -24.4823 -24.4819 -10.1191 -10.1105  -9.7942  -9.7699  -9.7362  -9.7272
    -5.5090  -5.4069  -5.1680  -5.0527  -1.9934  -1.9331  -1.1569  -1.0914
    -0.5104  -0.4157  -0.3618  -0.2761  -0.1312  -0.0643   0.0046   0.0854

          k = 0.4000-0.3004-0.1527 ( 26126 PWs)   bands (ev):

   -24.4935 -24.4925  -9.9649  -9.9334  -9.7730  -9.7306  -9.6926  -9.6848
    -5.8989  -5.7146  -5.1733  -5.1068  -1.5137  -1.3849  -1.1782  -0.9344
    -0.5609  -0.4178  -0.3963  -0.2588  -0.2492  -0.1880  -0.0218   0.0646

          k = 0.4000 0.4006 0.0000 ( 26138 PWs)   bands (ev):

   -24.4946 -24.4940  -9.9878  -9.9701  -9.7438  -9.7224  -9.6421  -9.6374
    -5.9353  -5.8331  -5.1401  -5.0973  -1.4748  -1.4144  -0.9852  -0.8143
    -0.6517  -0.6376  -0.4164  -0.2466  -0.1347  -0.1076  -0.0470   0.0267

          k = 0.4000-0.1001-0.7637 ( 26160 PWs)   bands (ev):

   -24.4808 -24.4808 -10.1629 -10.1581  -9.7554  -9.7520  -9.7357  -9.7322
    -5.5218  -5.4651  -5.0607  -5.0016  -2.1014  -2.0720  -1.0268  -1.0030
    -0.4795  -0.4253  -0.3501  -0.3397  -0.1152  -0.0691  -0.0410   0.0548

          k = 0.4000 0.4006 0.3055 ( 26113 PWs)   bands (ev):

   -24.4899 -24.4894  -9.9294  -9.9208  -9.8380  -9.8247  -9.7243  -9.7156
    -5.6490  -5.5564  -5.2425  -5.2081  -1.5392  -1.4928  -1.2879  -1.1526
    -0.4642  -0.4446  -0.3565  -0.2515  -0.1623  -0.0902  -0.0345   0.0312

          k = 0.4000-0.1001-0.4582 ( 26138 PWs)   bands (ev):

   -24.4860 -24.4850 -10.0150 -10.0079  -9.8291  -9.7961  -9.7526  -9.7303
    -5.5370  -5.3755  -5.2457  -5.2051  -1.7916  -1.7009  -1.2510  -1.0071
    -0.5898  -0.4657  -0.4156  -0.3337  -0.1277  -0.0302  -0.0063   0.0714

          k = 0.4000 0.4006 0.6110 ( 26172 PWs)   bands (ev):

   -24.4822 -24.4820 -10.1053 -10.0995  -9.8086  -9.7961  -9.7283  -9.7263
    -5.4818  -5.4185  -5.1496  -5.0815  -1.9037  -1.8631  -1.3169  -1.2853
    -0.4729  -0.4120  -0.2372  -0.2241  -0.1072  -0.1013   0.0587   0.0966

          k = 0.4000-0.1001-0.1527 ( 26146 PWs)   bands (ev):

   -24.4939 -24.4922  -9.9246  -9.8822  -9.8255  -9.7807  -9.6919  -9.6778
    -5.9546  -5.6773  -5.1398  -5.0954  -1.6336  -1.3784  -1.0632  -0.7264
    -0.6600  -0.5034  -0.4458  -0.4029  -0.2688  -0.1253   0.0016   0.0777

     highest occupied level (ev):     0.2103

     Writing config to output data dir ./_ph0/pwscf.q_4/pwscf.save/ :
     XML data file

                                                                                

     bravais-lattice index     =            8
     lattice parameter (alat)  =      13.3294  a.u.
     unit-cell volume          =    1548.2628 (a.u.)^3
     number of atoms/cell      =           22
     number of atomic types    =            3
     kinetic-energy cut-off    =     100.0000  Ry
     charge density cut-off    =     800.0000  Ry
     convergence threshold     =      1.0E-14
     beta                      =       0.7000
     number of iterations used =            4
     Exchange-correlation= PBESOL
                           (   1   4  10   8   0   0   0)


     celldm(1)=   13.32937  celldm(2)=    0.99856  celldm(3)=    0.65470
     celldm(4)=    0.00000  celldm(5)=    0.00000  celldm(6)=    0.00000

     crystal axes: (cart. coord. in units of alat)
               a(1) = (  1.0000  0.0000  0.0000 )  
               a(2) = (  0.0000  0.9986  0.0000 )  
               a(3) = (  0.0000  0.0000  0.6547 )  

     reciprocal axes: (cart. coord. in units 2 pi/alat)
               b(1) = (  1.0000  0.0000  0.0000 )  
               b(2) = (  0.0000  1.0014  0.0000 )  
               b(3) = (  0.0000  0.0000  1.5274 )  


     Atoms inside the unit cell: 

     Cartesian axes

     site n.  atom      mass           positions (alat units)
        1  Ba    137.3270   tau(    1) = (    0.50000    0.49928    0.32735  )
        2  Ba    137.3270   tau(    2) = (    0.00000    0.00000    0.65470  )
        3  B      10.8110   tau(    3) = (    0.62740    0.25362    0.00001  )
        4  B      10.8110   tau(    4) = (    0.37260    0.74493    0.00001  )
        5  B      10.8110   tau(    5) = (    0.12740    0.24566    0.32735  )
        6  B      10.8110   tau(    6) = (    0.87260    0.75290    0.32735  )
        7  H       1.0079   tau(    7) = (    0.45541    0.28500   -0.00001  )
        8  H       1.0079   tau(    8) = (    0.54459    0.71356   -0.00001  )
        9  H       1.0079   tau(    9) = (    0.95541    0.21428    0.32736  )
       10  H       1.0079   tau(   10) = (    0.04459    0.78428    0.32736  )
       11  H       1.0079   tau(   11) = (    0.71576    0.40523    0.00001  )
       12  H       1.0079   tau(   12) = (    0.28424    0.59332    0.00001  )
       13  H       1.0079   tau(   13) = (    0.21576    0.09404    0.32734  )
       14  H       1.0079   tau(   14) = (    0.78424    0.90451    0.32734  )
       15  H       1.0079   tau(   15) = (    0.66582    0.16363    0.51033  )
       16  H       1.0079   tau(   16) = (    0.33418    0.83492    0.51033  )
       17  H       1.0079   tau(   17) = (    0.16582    0.33564    0.47172  )
       18  H       1.0079   tau(   18) = (    0.83418    0.66291    0.47172  )
       19  H       1.0079   tau(   19) = (    0.33419    0.83492    0.14438  )
       20  H       1.0079   tau(   20) = (    0.66581    0.16363    0.14438  )
       21  H       1.0079   tau(   21) = (    0.83419    0.66291    0.18297  )
       22  H       1.0079   tau(   22) = (    0.16581    0.33564    0.18297  )

     Computing dynamical matrix for 
                    q = (   0.0000000  -0.5007235  -0.7637063 )

      5 Sym.Ops. (with q -> -q+G )


     G cutoff = 3600.3905  (  24649 G-vectors)     FFT grid: (128,120, 80)
     G cutoff = 1800.1952  (   8708 G-vectors)  smooth grid: ( 90, 90, 60)
     number of k points=    54

     PseudoPot. # 1 for B  read from file:
     /home/mehlhorn/pseudos/b_pbesol_v1.4.uspp.F.UPF
     MD5 check sum: 369b69bef2c3aeed4453bd8b804fd6a8
     Pseudo is Ultrasoft + core correction, Zval =  3.0
     Generated by new atomic code, or converted to UPF format
     Using radial grid of  781 points,  4 beta functions with: 
                l(1) =   0
                l(2) =   0
                l(3) =   1
                l(4) =   1
     Q(r) pseudized with  8 coefficients,  rinner =    1.100   1.100   1.100


     PseudoPot. # 2 for Ba read from file:
     /home/mehlhorn/pseudos/Ba.nc.z_10.oncvpsp4.dojo.v4-sp.upf
     MD5 check sum: c10ed334bb677c0554edec7181ce9143
     Pseudo is Norm-conserving + core correction, Zval = 10.0
     Generated using ONCVPSP code by D. R. Hamann
     Using radial grid of 1938 points,  8 beta functions with: 
                l(1) =   0
                l(2) =   0
                l(3) =   1
                l(4) =   1
                l(5) =   2
                l(6) =   2
                l(7) =   3
                l(8) =   3

     PseudoPot. # 3 for H  read from file:
     /home/mehlhorn/pseudos/H_ONCV_PBEsol-1.0.upf
     MD5 check sum: 398ef8f67c0a7342c05c87c5e19ea467
     Pseudo is Norm-conserving, Zval =  1.0
     Generated using ONCVPSP code by D. R. Hamann
     Using radial grid of 1180 points,  2 beta functions with: 
                l(1) =   0
                l(2) =   0


     Atomic displacements:
     There are   33 irreducible representations

     Representation     1      2 modes -  To be done

     Representation     2      2 modes -  To be done

     Representation     3      2 modes -  To be done

     Representation     4      2 modes -  To be done

     Representation     5      2 modes -  To be done

     Representation     6      2 modes -  To be done

     Representation     7      2 modes -  To be done

     Representation     8      2 modes -  To be done

     Representation     9      2 modes -  To be done

     Representation    10      2 modes -  To be done

     Representation    11      2 modes -  To be done

     Representation    12      2 modes -  To be done

     Representation    13      2 modes -  To be done

     Representation    14      2 modes -  To be done

     Representation    15      2 modes -  To be done

     Representation    16      2 modes -  To be done

     Representation    17      2 modes -  To be done

     Representation    18      2 modes -  To be done

     Representation    19      2 modes -  To be done

     Representation    20      2 modes -  To be done

     Representation    21      2 modes -  To be done

     Representation    22      2 modes -  To be done

     Representation    23      2 modes -  To be done

     Representation    24      2 modes -  To be done

     Representation    25      2 modes -  To be done

     Representation    26      2 modes -  To be done

     Representation    27      2 modes -  To be done

     Representation    28      2 modes -  To be done

     Representation    29      2 modes -  To be done

     Representation    30      2 modes -  To be done

     Representation    31      2 modes -  To be done

     Representation    32      2 modes -  To be done

     Representation    33      2 modes -  To be done



     Alpha used in Ewald sum =   2.8000
     PHONON       :   1d 7h21m CPU   1d 7h41m WALL



     Representation #   1 modes #   1   2

     Self-consistent Calculation

      iter #   1 total cpu time :114156.7 secs   av.it.:   4.9
      thresh= 1.000E-02 alpha_mix =  0.700 |ddv_scf|^2 =  8.823E-09

      iter #   2 total cpu time :114351.0 secs   av.it.:  16.6
      thresh= 9.393E-06 alpha_mix =  0.700 |ddv_scf|^2 =  6.559E-09

      iter #   3 total cpu time :114534.6 secs   av.it.:  15.6
      thresh= 8.099E-06 alpha_mix =  0.700 |ddv_scf|^2 =  2.864E-11

      iter #   4 total cpu time :114730.3 secs   av.it.:  16.4
      thresh= 5.351E-07 alpha_mix =  0.700 |ddv_scf|^2 =  2.005E-12

      iter #   5 total cpu time :114928.0 secs   av.it.:  16.8
      thresh= 1.416E-07 alpha_mix =  0.700 |ddv_scf|^2 =  1.386E-13

      iter #   6 total cpu time :115129.3 secs   av.it.:  17.0
      thresh= 3.723E-08 alpha_mix =  0.700 |ddv_scf|^2 =  7.354E-15

     End of self-consistent calculation

     Convergence has been achieved 


     Representation #   2 modes #   3   4

     Self-consistent Calculation

      iter #   1 total cpu time :115216.6 secs   av.it.:   3.0
      thresh= 1.000E-02 alpha_mix =  0.700 |ddv_scf|^2 =  9.188E-10

      iter #   2 total cpu time :115412.9 secs   av.it.:  16.5
      thresh= 3.031E-06 alpha_mix =  0.700 |ddv_scf|^2 =  5.662E-10

      iter #   3 total cpu time :115600.7 secs   av.it.:  16.0
      thresh= 2.380E-06 alpha_mix =  0.700 |ddv_scf|^2 =  4.473E-12

      iter #   4 total cpu time :115796.6 secs   av.it.:  16.1
      thresh= 2.115E-07 alpha_mix =  0.700 |ddv_scf|^2 =  3.682E-13

      iter #   5 total cpu time :115993.4 secs   av.it.:  16.6
      thresh= 6.068E-08 alpha_mix =  0.700 |ddv_scf|^2 =  9.697E-15

     End of self-consistent calculation

     Convergence has been achieved 


     Representation #   3 modes #   5   6

     Self-consistent Calculation

      iter #   1 total cpu time :116082.1 secs   av.it.:   3.6
      thresh= 1.000E-02 alpha_mix =  0.700 |ddv_scf|^2 =  1.017E-09

      iter #   2 total cpu time :116282.5 secs   av.it.:  17.0
      thresh= 3.189E-06 alpha_mix =  0.700 |ddv_scf|^2 =  5.957E-10

      iter #   3 total cpu time :116474.0 secs   av.it.:  16.0
      thresh= 2.441E-06 alpha_mix =  0.700 |ddv_scf|^2 =  2.643E-12

      iter #   4 total cpu time :116671.5 secs   av.it.:  16.9
      thresh= 1.626E-07 alpha_mix =  0.700 |ddv_scf|^2 =  3.346E-13

      iter #   5 total cpu time :116866.4 secs   av.it.:  16.1
      thresh= 5.784E-08 alpha_mix =  0.700 |ddv_scf|^2 =  2.021E-14

      iter #   6 total cpu time :117062.3 secs   av.it.:  16.3
      thresh= 1.422E-08 alpha_mix =  0.700 |ddv_scf|^2 =  1.602E-15

     End of self-consistent calculation

     Convergence has been achieved 


     Representation #   4 modes #   7   8

     Self-consistent Calculation

      iter #   1 total cpu time :117150.0 secs   av.it.:   3.1
      thresh= 1.000E-02 alpha_mix =  0.700 |ddv_scf|^2 =  8.660E-10

      iter #   2 total cpu time :117349.5 secs   av.it.:  17.0
      thresh= 2.943E-06 alpha_mix =  0.700 |ddv_scf|^2 =  5.728E-10

      iter #   3 total cpu time :117538.8 secs   av.it.:  16.0
      thresh= 2.393E-06 alpha_mix =  0.700 |ddv_scf|^2 =  4.346E-12

      iter #   4 total cpu time :117734.9 secs   av.it.:  16.4
      thresh= 2.085E-07 alpha_mix =  0.700 |ddv_scf|^2 =  3.011E-13

      iter #   5 total cpu time :117932.4 secs   av.it.:  16.9
      thresh= 5.487E-08 alpha_mix =  0.700 |ddv_scf|^2 =  1.982E-14

      iter #   6 total cpu time :118127.8 secs   av.it.:  16.4
      thresh= 1.408E-08 alpha_mix =  0.700 |ddv_scf|^2 =  1.783E-15

     End of self-consistent calculation

     Convergence has been achieved 


     Representation #   5 modes #   9  10

     Self-consistent Calculation

      iter #   1 total cpu time :118215.2 secs   av.it.:   3.1
      thresh= 1.000E-02 alpha_mix =  0.700 |ddv_scf|^2 =  1.145E-09

      iter #   2 total cpu time :118412.0 secs   av.it.:  16.8
      thresh= 3.383E-06 alpha_mix =  0.700 |ddv_scf|^2 =  6.678E-10

      iter #   3 total cpu time :118601.3 secs   av.it.:  15.9
      thresh= 2.584E-06 alpha_mix =  0.700 |ddv_scf|^2 =  1.700E-12

      iter #   4 total cpu time :118801.2 secs   av.it.:  17.0
      thresh= 1.304E-07 alpha_mix =  0.700 |ddv_scf|^2 =  1.749E-13

      iter #   5 total cpu time :119000.9 secs   av.it.:  17.0
      thresh= 4.182E-08 alpha_mix =  0.700 |ddv_scf|^2 =  1.073E-14

      iter #   6 total cpu time :119200.5 secs   av.it.:  17.0
      thresh= 1.036E-08 alpha_mix =  0.700 |ddv_scf|^2 =  9.052E-16

     End of self-consistent calculation

     Convergence has been achieved 


     Representation #   6 modes #  11  12

     Self-consistent Calculation

      iter #   1 total cpu time :119291.1 secs   av.it.:   3.6
      thresh= 1.000E-02 alpha_mix =  0.700 |ddv_scf|^2 =  1.759E-09

      iter #   2 total cpu time :119493.8 secs   av.it.:  16.8
      thresh= 4.194E-06 alpha_mix =  0.700 |ddv_scf|^2 =  1.251E-09

      iter #   3 total cpu time :119686.9 secs   av.it.:  16.0
      thresh= 3.538E-06 alpha_mix =  0.700 |ddv_scf|^2 =  1.193E-12

      iter #   4 total cpu time :119890.6 secs   av.it.:  17.0
      thresh= 1.092E-07 alpha_mix =  0.700 |ddv_scf|^2 =  4.140E-13

      iter #   5 total cpu time :120087.2 secs   av.it.:  16.0
      thresh= 6.434E-08 alpha_mix =  0.700 |ddv_scf|^2 =  1.914E-14

      iter #   6 total cpu time :120285.8 secs   av.it.:  16.0
      thresh= 1.383E-08 alpha_mix =  0.700 |ddv_scf|^2 =  1.298E-15

     End of self-consistent calculation

     Convergence has been achieved 


     Representation #   7 modes #  13  14

     Self-consistent Calculation

      iter #   1 total cpu time :120375.4 secs   av.it.:   3.2
      thresh= 1.000E-02 alpha_mix =  0.700 |ddv_scf|^2 =  7.901E-10

      iter #   2 total cpu time :120580.0 secs   av.it.:  17.0
      thresh= 2.811E-06 alpha_mix =  0.700 |ddv_scf|^2 =  4.583E-10

      iter #   3 total cpu time :120776.5 secs   av.it.:  16.0
      thresh= 2.141E-06 alpha_mix =  0.700 |ddv_scf|^2 =  4.995E-12

      iter #   4 total cpu time :120976.0 secs   av.it.:  16.1
      thresh= 2.235E-07 alpha_mix =  0.700 |ddv_scf|^2 =  4.355E-13

      iter #   5 total cpu time :121173.8 secs   av.it.:  16.0
      thresh= 6.599E-08 alpha_mix =  0.700 |ddv_scf|^2 =  3.223E-14

      iter #   6 total cpu time :121366.8 secs   av.it.:  16.0
      thresh= 1.795E-08 alpha_mix =  0.700 |ddv_scf|^2 =  1.292E-15

     End of self-consistent calculation

     Convergence has been achieved 


     Representation #   8 modes #  15  16

     Self-consistent Calculation

      iter #   1 total cpu time :121488.8 secs   av.it.:   6.6
      thresh= 1.000E-02 alpha_mix =  0.700 |ddv_scf|^2 =  7.771E-08

      iter #   2 total cpu time :121683.2 secs   av.it.:  16.1
      thresh= 2.788E-05 alpha_mix =  0.700 |ddv_scf|^2 =  6.471E-08

      iter #   3 total cpu time :121868.7 secs   av.it.:  15.8
      thresh= 2.544E-05 alpha_mix =  0.700 |ddv_scf|^2 =  1.021E-10

      iter #   4 total cpu time :122065.4 secs   av.it.:  16.8
      thresh= 1.010E-06 alpha_mix =  0.700 |ddv_scf|^2 =  3.058E-12

      iter #   5 total cpu time :122259.4 secs   av.it.:  16.0
      thresh= 1.749E-07 alpha_mix =  0.700 |ddv_scf|^2 =  8.429E-14

      iter #   6 total cpu time :122458.7 secs   av.it.:  16.9
      thresh= 2.903E-08 alpha_mix =  0.700 |ddv_scf|^2 =  1.831E-14

      iter #   7 total cpu time :122653.6 secs   av.it.:  16.0
      thresh= 1.353E-08 alpha_mix =  0.700 |ddv_scf|^2 =  2.597E-15

     End of self-consistent calculation

     Convergence has been achieved 


     Representation #   9 modes #  17  18

     Self-consistent Calculation

      iter #   1 total cpu time :122754.4 secs   av.it.:   4.7
      thresh= 1.000E-02 alpha_mix =  0.700 |ddv_scf|^2 =  3.853E-09

      iter #   2 total cpu time :122954.8 secs   av.it.:  17.0
      thresh= 6.208E-06 alpha_mix =  0.700 |ddv_scf|^2 =  1.839E-09

      iter #   3 total cpu time :123146.1 secs   av.it.:  16.0
      thresh= 4.288E-06 alpha_mix =  0.700 |ddv_scf|^2 =  4.851E-11

      iter #   4 total cpu time :123338.9 secs   av.it.:  16.0
      thresh= 6.965E-07 alpha_mix =  0.700 |ddv_scf|^2 =  1.320E-12

      iter #   5 total cpu time :123537.2 secs   av.it.:  17.0
      thresh= 1.149E-07 alpha_mix =  0.700 |ddv_scf|^2 =  1.849E-13

      iter #   6 total cpu time :123734.4 secs   av.it.:  16.7
      thresh= 4.299E-08 alpha_mix =  0.700 |ddv_scf|^2 =  8.747E-15

     End of self-consistent calculation

     Convergence has been achieved 


     Representation #  10 modes #  19  20

     Self-consistent Calculation

      iter #   1 total cpu time :123822.7 secs   av.it.:   3.2
      thresh= 1.000E-02 alpha_mix =  0.700 |ddv_scf|^2 =  3.475E-10

      iter #   2 total cpu time :124027.9 secs   av.it.:  17.0
      thresh= 1.864E-06 alpha_mix =  0.700 |ddv_scf|^2 =  1.370E-10

      iter #   3 total cpu time :124225.1 secs   av.it.:  16.6
      thresh= 1.170E-06 alpha_mix =  0.700 |ddv_scf|^2 =  3.420E-12

      iter #   4 total cpu time :124420.2 secs   av.it.:  16.0
      thresh= 1.849E-07 alpha_mix =  0.700 |ddv_scf|^2 =  3.456E-13

      iter #   5 total cpu time :124619.4 secs   av.it.:  16.0
      thresh= 5.879E-08 alpha_mix =  0.700 |ddv_scf|^2 =  1.671E-14

      iter #   6 total cpu time :124818.9 secs   av.it.:  16.3
      thresh= 1.293E-08 alpha_mix =  0.700 |ddv_scf|^2 =  1.265E-15

     End of self-consistent calculation

     Convergence has been achieved 


     Representation #  11 modes #  21  22

     Self-consistent Calculation

      iter #   1 total cpu time :124904.8 secs   av.it.:   3.0
      thresh= 1.000E-02 alpha_mix =  0.700 |ddv_scf|^2 =  6.200E-10

      iter #   2 total cpu time :125105.9 secs   av.it.:  17.0
      thresh= 2.490E-06 alpha_mix =  0.700 |ddv_scf|^2 =  3.647E-10

      iter #   3 total cpu time :125298.8 secs   av.it.:  16.0
      thresh= 1.910E-06 alpha_mix =  0.700 |ddv_scf|^2 =  4.033E-12

      iter #   4 total cpu time :125491.9 secs   av.it.:  16.0
      thresh= 2.008E-07 alpha_mix =  0.700 |ddv_scf|^2 =  4.257E-13

      iter #   5 total cpu time :125686.9 secs   av.it.:  16.3
      thresh= 6.525E-08 alpha_mix =  0.700 |ddv_scf|^2 =  2.150E-14

      iter #   6 total cpu time :125880.8 secs   av.it.:  16.0
      thresh= 1.466E-08 alpha_mix =  0.700 |ddv_scf|^2 =  2.266E-15

     End of self-consistent calculation

     Convergence has been achieved 


     Representation #  12 modes #  23  24

     Self-consistent Calculation

      iter #   1 total cpu time :125966.6 secs   av.it.:   3.0
      thresh= 1.000E-02 alpha_mix =  0.700 |ddv_scf|^2 =  4.085E-10

      iter #   2 total cpu time :126171.9 secs   av.it.:  17.0
      thresh= 2.021E-06 alpha_mix =  0.700 |ddv_scf|^2 =  1.439E-10

      iter #   3 total cpu time :126370.9 secs   av.it.:  16.0
      thresh= 1.200E-06 alpha_mix =  0.700 |ddv_scf|^2 =  2.403E-12

      iter #   4 total cpu time :126574.0 secs   av.it.:  16.7
      thresh= 1.550E-07 alpha_mix =  0.700 |ddv_scf|^2 =  1.657E-13

      iter #   5 total cpu time :126778.4 secs   av.it.:  16.5
      thresh= 4.070E-08 alpha_mix =  0.700 |ddv_scf|^2 =  1.422E-14

      iter #   6 total cpu time :126982.4 secs   av.it.:  16.6
      thresh= 1.192E-08 alpha_mix =  0.700 |ddv_scf|^2 =  7.609E-16

     End of self-consistent calculation

     Convergence has been achieved 


     Representation #  13 modes #  25  26

     Self-consistent Calculation

      iter #   1 total cpu time :127071.0 secs   av.it.:   3.0
      thresh= 1.000E-02 alpha_mix =  0.700 |ddv_scf|^2 =  7.779E-10

      iter #   2 total cpu time :127275.4 secs   av.it.:  17.0
      thresh= 2.789E-06 alpha_mix =  0.700 |ddv_scf|^2 =  4.554E-10

      iter #   3 total cpu time :127471.3 secs   av.it.:  16.0
      thresh= 2.134E-06 alpha_mix =  0.700 |ddv_scf|^2 =  2.593E-12

      iter #   4 total cpu time :127668.6 secs   av.it.:  16.3
      thresh= 1.610E-07 alpha_mix =  0.700 |ddv_scf|^2 =  4.117E-13

      iter #   5 total cpu time :127866.6 secs   av.it.:  16.0
      thresh= 6.417E-08 alpha_mix =  0.700 |ddv_scf|^2 =  2.026E-14

      iter #   6 total cpu time :128068.4 secs   av.it.:  16.0
      thresh= 1.424E-08 alpha_mix =  0.700 |ddv_scf|^2 =  1.935E-15

     End of self-consistent calculation

     Convergence has been achieved 


     Representation #  14 modes #  27  28

     Self-consistent Calculation

      iter #   1 total cpu time :128155.9 secs   av.it.:   3.0
      thresh= 1.000E-02 alpha_mix =  0.700 |ddv_scf|^2 =  7.246E-10

      iter #   2 total cpu time :128355.2 secs   av.it.:  17.0
      thresh= 2.692E-06 alpha_mix =  0.700 |ddv_scf|^2 =  3.263E-10

      iter #   3 total cpu time :128548.1 secs   av.it.:  16.0
      thresh= 1.806E-06 alpha_mix =  0.700 |ddv_scf|^2 =  7.753E-13

      iter #   4 total cpu time :128749.4 secs   av.it.:  17.0
      thresh= 8.805E-08 alpha_mix =  0.700 |ddv_scf|^2 =  2.291E-13

      iter #   5 total cpu time :128948.4 secs   av.it.:  16.0
      thresh= 4.787E-08 alpha_mix =  0.700 |ddv_scf|^2 =  5.972E-15

     End of self-consistent calculation

     Convergence has been achieved 


     Representation #  15 modes #  29  30

     Self-consistent Calculation

      iter #   1 total cpu time :129041.6 secs   av.it.:   4.0
      thresh= 1.000E-02 alpha_mix =  0.700 |ddv_scf|^2 =  1.506E-09

      iter #   2 total cpu time :129242.4 secs   av.it.:  17.0
      thresh= 3.881E-06 alpha_mix =  0.700 |ddv_scf|^2 =  1.068E-09

      iter #   3 total cpu time :129433.4 secs   av.it.:  16.0
      thresh= 3.268E-06 alpha_mix =  0.700 |ddv_scf|^2 =  5.262E-12

      iter #   4 total cpu time :129630.5 secs   av.it.:  16.4
      thresh= 2.294E-07 alpha_mix =  0.700 |ddv_scf|^2 =  3.869E-13

      iter #   5 total cpu time :129827.2 secs   av.it.:  16.4
      thresh= 6.220E-08 alpha_mix =  0.700 |ddv_scf|^2 =  4.369E-14

      iter #   6 total cpu time :130026.5 secs   av.it.:  16.0
      thresh= 2.090E-08 alpha_mix =  0.700 |ddv_scf|^2 =  2.495E-15

     End of self-consistent calculation

     Convergence has been achieved 


     Representation #  16 modes #  31  32

     Self-consistent Calculation

      iter #   1 total cpu time :130111.1 secs   av.it.:   3.0
      thresh= 1.000E-02 alpha_mix =  0.700 |ddv_scf|^2 =  3.863E-10

      iter #   2 total cpu time :130309.7 secs   av.it.:  16.8
      thresh= 1.966E-06 alpha_mix =  0.700 |ddv_scf|^2 =  2.038E-10

      iter #   3 total cpu time :130500.6 secs   av.it.:  16.0
      thresh= 1.428E-06 alpha_mix =  0.700 |ddv_scf|^2 =  3.888E-12

      iter #   4 total cpu time :130695.7 secs   av.it.:  16.1
      thresh= 1.972E-07 alpha_mix =  0.700 |ddv_scf|^2 =  2.879E-13

      iter #   5 total cpu time :130890.1 secs   av.it.:  16.0
      thresh= 5.366E-08 alpha_mix =  0.700 |ddv_scf|^2 =  1.753E-14

      iter #   6 total cpu time :131080.3 secs   av.it.:  16.0
      thresh= 1.324E-08 alpha_mix =  0.700 |ddv_scf|^2 =  1.057E-15

     End of self-consistent calculation

     Convergence has been achieved 


     Representation #  17 modes #  33  34

     Self-consistent Calculation

      iter #   1 total cpu time :131183.5 secs   av.it.:   4.9
      thresh= 1.000E-02 alpha_mix =  0.700 |ddv_scf|^2 =  5.990E-09

      iter #   2 total cpu time :131389.2 secs   av.it.:  17.0
      thresh= 7.739E-06 alpha_mix =  0.700 |ddv_scf|^2 =  3.316E-09

      iter #   3 total cpu time :131585.3 secs   av.it.:  16.0
      thresh= 5.758E-06 alpha_mix =  0.700 |ddv_scf|^2 =  2.732E-11

      iter #   4 total cpu time :131787.1 secs   av.it.:  16.3
      thresh= 5.227E-07 alpha_mix =  0.700 |ddv_scf|^2 =  2.258E-12

      iter #   5 total cpu time :131990.0 secs   av.it.:  16.6
      thresh= 1.503E-07 alpha_mix =  0.700 |ddv_scf|^2 =  2.488E-13

      iter #   6 total cpu time :132190.1 secs   av.it.:  16.0
      thresh= 4.988E-08 alpha_mix =  0.700 |ddv_scf|^2 =  1.475E-14

      iter #   7 total cpu time :132389.7 secs   av.it.:  17.0
      thresh= 1.214E-08 alpha_mix =  0.700 |ddv_scf|^2 =  2.113E-15

     End of self-consistent calculation

     Convergence has been achieved 


     Representation #  18 modes #  35  36

     Self-consistent Calculation

      iter #   1 total cpu time :132479.0 secs   av.it.:   3.0
      thresh= 1.000E-02 alpha_mix =  0.700 |ddv_scf|^2 =  5.541E-10

      iter #   2 total cpu time :132687.1 secs   av.it.:  17.0
      thresh= 2.354E-06 alpha_mix =  0.700 |ddv_scf|^2 =  2.985E-10

      iter #   3 total cpu time :132886.5 secs   av.it.:  16.0
      thresh= 1.728E-06 alpha_mix =  0.700 |ddv_scf|^2 =  4.635E-12

      iter #   4 total cpu time :133087.2 secs   av.it.:  16.1
      thresh= 2.153E-07 alpha_mix =  0.700 |ddv_scf|^2 =  4.272E-13

      iter #   5 total cpu time :133290.2 secs   av.it.:  16.7
      thresh= 6.536E-08 alpha_mix =  0.700 |ddv_scf|^2 =  1.559E-14

      iter #   6 total cpu time :133494.7 secs   av.it.:  16.7
      thresh= 1.249E-08 alpha_mix =  0.700 |ddv_scf|^2 =  1.858E-15

     End of self-consistent calculation

     Convergence has been achieved 


     Representation #  19 modes #  37  38

     Self-consistent Calculation

      iter #   1 total cpu time :133616.8 secs   av.it.:   6.7
      thresh= 1.000E-02 alpha_mix =  0.700 |ddv_scf|^2 =  1.896E-08

      iter #   2 total cpu time :133815.0 secs   av.it.:  16.9
      thresh= 1.377E-05 alpha_mix =  0.700 |ddv_scf|^2 =  6.745E-09

      iter #   3 total cpu time :134007.7 secs   av.it.:  15.9
      thresh= 8.213E-06 alpha_mix =  0.700 |ddv_scf|^2 =  3.935E-11

      iter #   4 total cpu time :134207.0 secs   av.it.:  15.9
      thresh= 6.273E-07 alpha_mix =  0.700 |ddv_scf|^2 =  7.837E-12

      iter #   5 total cpu time :134402.7 secs   av.it.:  15.9
      thresh= 2.799E-07 alpha_mix =  0.700 |ddv_scf|^2 =  7.265E-14

      iter #   6 total cpu time :134601.7 secs   av.it.:  16.9
      thresh= 2.695E-08 alpha_mix =  0.700 |ddv_scf|^2 =  2.135E-15

     End of self-consistent calculation

     Convergence has been achieved 


     Representation #  20 modes #  39  40

     Self-consistent Calculation

      iter #   1 total cpu time :134690.5 secs   av.it.:   3.2
      thresh= 1.000E-02 alpha_mix =  0.700 |ddv_scf|^2 =  7.031E-10

      iter #   2 total cpu time :134890.4 secs   av.it.:  17.0
      thresh= 2.652E-06 alpha_mix =  0.700 |ddv_scf|^2 =  4.300E-10

      iter #   3 total cpu time :135081.4 secs   av.it.:  16.0
      thresh= 2.074E-06 alpha_mix =  0.700 |ddv_scf|^2 =  2.470E-12

      iter #   4 total cpu time :135279.0 secs   av.it.:  16.8
      thresh= 1.572E-07 alpha_mix =  0.700 |ddv_scf|^2 =  6.472E-13

      iter #   5 total cpu time :135471.1 secs   av.it.:  16.0
      thresh= 8.045E-08 alpha_mix =  0.700 |ddv_scf|^2 =  1.259E-14

      iter #   6 total cpu time :135672.4 secs   av.it.:  17.0
      thresh= 1.122E-08 alpha_mix =  0.700 |ddv_scf|^2 =  1.385E-15

     End of self-consistent calculation

     Convergence has been achieved 


     Representation #  21 modes #  41  42

     Self-consistent Calculation

      iter #   1 total cpu time :135773.6 secs   av.it.:   4.4
      thresh= 1.000E-02 alpha_mix =  0.700 |ddv_scf|^2 =  1.851E-09

      iter #   2 total cpu time :135981.2 secs   av.it.:  17.0
      thresh= 4.302E-06 alpha_mix =  0.700 |ddv_scf|^2 =  2.792E-10

      iter #   3 total cpu time :136178.8 secs   av.it.:  16.8
      thresh= 1.671E-06 alpha_mix =  0.700 |ddv_scf|^2 =  2.002E-11

      iter #   4 total cpu time :136371.9 secs   av.it.:  16.0
      thresh= 4.474E-07 alpha_mix =  0.700 |ddv_scf|^2 =  1.099E-12

      iter #   5 total cpu time :136569.3 secs   av.it.:  16.7
      thresh= 1.048E-07 alpha_mix =  0.700 |ddv_scf|^2 =  1.286E-13

      iter #   6 total cpu time :136771.5 secs   av.it.:  17.0
      thresh= 3.586E-08 alpha_mix =  0.700 |ddv_scf|^2 =  1.850E-15

     End of self-consistent calculation

     Convergence has been achieved 


     Representation #  22 modes #  43  44

     Self-consistent Calculation

      iter #   1 total cpu time :136859.9 secs   av.it.:   3.0
      thresh= 1.000E-02 alpha_mix =  0.700 |ddv_scf|^2 =  5.275E-10

      iter #   2 total cpu time :137066.4 secs   av.it.:  17.0
      thresh= 2.297E-06 alpha_mix =  0.700 |ddv_scf|^2 =  2.570E-10

      iter #   3 total cpu time :137263.8 secs   av.it.:  16.0
      thresh= 1.603E-06 alpha_mix =  0.700 |ddv_scf|^2 =  3.154E-12

      iter #   4 total cpu time :137459.9 secs   av.it.:  16.0
      thresh= 1.776E-07 alpha_mix =  0.700 |ddv_scf|^2 =  6.411E-13

      iter #   5 total cpu time :137653.2 secs   av.it.:  16.0
      thresh= 8.007E-08 alpha_mix =  0.700 |ddv_scf|^2 =  1.125E-14

      iter #   6 total cpu time :137853.3 secs   av.it.:  17.0
      thresh= 1.061E-08 alpha_mix =  0.700 |ddv_scf|^2 =  1.336E-15

     End of self-consistent calculation

     Convergence has been achieved 


     Representation #  23 modes #  45  46

     Self-consistent Calculation

      iter #   1 total cpu time :137941.4 secs   av.it.:   3.0
      thresh= 1.000E-02 alpha_mix =  0.700 |ddv_scf|^2 =  6.591E-10

      iter #   2 total cpu time :138145.3 secs   av.it.:  16.9
      thresh= 2.567E-06 alpha_mix =  0.700 |ddv_scf|^2 =  3.544E-10

      iter #   3 total cpu time :138341.8 secs   av.it.:  16.0
      thresh= 1.883E-06 alpha_mix =  0.700 |ddv_scf|^2 =  5.309E-12

      iter #   4 total cpu time :138541.6 secs   av.it.:  16.0
      thresh= 2.304E-07 alpha_mix =  0.700 |ddv_scf|^2 =  5.598E-13

      iter #   5 total cpu time :138743.1 secs   av.it.:  16.4
      thresh= 7.482E-08 alpha_mix =  0.700 |ddv_scf|^2 =  1.771E-14

      iter #   6 total cpu time :138944.6 secs   av.it.:  16.4
      thresh= 1.331E-08 alpha_mix =  0.700 |ddv_scf|^2 =  1.062E-15

     End of self-consistent calculation

     Convergence has been achieved 


     Representation #  24 modes #  47  48

     Self-consistent Calculation

      iter #   1 total cpu time :139032.9 secs   av.it.:   3.1
      thresh= 1.000E-02 alpha_mix =  0.700 |ddv_scf|^2 =  5.314E-10

      iter #   2 total cpu time :139234.7 secs   av.it.:  17.0
      thresh= 2.305E-06 alpha_mix =  0.700 |ddv_scf|^2 =  2.946E-10

      iter #   3 total cpu time :139431.6 secs   av.it.:  16.0
      thresh= 1.716E-06 alpha_mix =  0.700 |ddv_scf|^2 =  3.015E-12

      iter #   4 total cpu time :139631.5 secs   av.it.:  16.6
      thresh= 1.736E-07 alpha_mix =  0.700 |ddv_scf|^2 =  3.959E-13

      iter #   5 total cpu time :139828.8 secs   av.it.:  16.6
      thresh= 6.292E-08 alpha_mix =  0.700 |ddv_scf|^2 =  2.140E-14

      iter #   6 total cpu time :140023.9 secs   av.it.:  16.0
      thresh= 1.463E-08 alpha_mix =  0.700 |ddv_scf|^2 =  1.959E-15

     End of self-consistent calculation

     Convergence has been achieved 


     Representation #  25 modes #  49  50

     Self-consistent Calculation

      iter #   1 total cpu time :140109.9 secs   av.it.:   3.0
      thresh= 1.000E-02 alpha_mix =  0.700 |ddv_scf|^2 =  2.739E-10

      iter #   2 total cpu time :140315.7 secs   av.it.:  17.0
      thresh= 1.655E-06 alpha_mix =  0.700 |ddv_scf|^2 =  1.297E-10

      iter #   3 total cpu time :140508.8 secs   av.it.:  16.0
      thresh= 1.139E-06 alpha_mix =  0.700 |ddv_scf|^2 =  3.833E-12

      iter #   4 total cpu time :140703.5 secs   av.it.:  16.0
      thresh= 1.958E-07 alpha_mix =  0.700 |ddv_scf|^2 =  2.448E-13

      iter #   5 total cpu time :140897.5 secs   av.it.:  16.1
      thresh= 4.947E-08 alpha_mix =  0.700 |ddv_scf|^2 =  1.085E-14

      iter #   6 total cpu time :141094.1 secs   av.it.:  16.8
      thresh= 1.041E-08 alpha_mix =  0.700 |ddv_scf|^2 =  6.456E-16

     End of self-consistent calculation

     Convergence has been achieved 


     Representation #  26 modes #  51  52

     Self-consistent Calculation

      iter #   1 total cpu time :141214.8 secs   av.it.:   6.4
      thresh= 1.000E-02 alpha_mix =  0.700 |ddv_scf|^2 =  3.236E-08

      iter #   2 total cpu time :141411.4 secs   av.it.:  16.6
      thresh= 1.799E-05 alpha_mix =  0.700 |ddv_scf|^2 =  2.500E-08

      iter #   3 total cpu time :141599.1 secs   av.it.:  15.7
      thresh= 1.581E-05 alpha_mix =  0.700 |ddv_scf|^2 =  1.506E-10

      iter #   4 total cpu time :141794.1 secs   av.it.:  16.0
      thresh= 1.227E-06 alpha_mix =  0.700 |ddv_scf|^2 =  6.208E-12

      iter #   5 total cpu time :141991.9 secs   av.it.:  16.9
      thresh= 2.491E-07 alpha_mix =  0.700 |ddv_scf|^2 =  5.188E-13

      iter #   6 total cpu time :142191.0 secs   av.it.:  16.9
      thresh= 7.203E-08 alpha_mix =  0.700 |ddv_scf|^2 =  8.317E-15

     End of self-consistent calculation

     Convergence has been achieved 


     Representation #  27 modes #  53  54

     Self-consistent Calculation

      iter #   1 total cpu time :142291.5 secs   av.it.:   4.5
      thresh= 1.000E-02 alpha_mix =  0.700 |ddv_scf|^2 =  2.818E-09

      iter #   2 total cpu time :142491.8 secs   av.it.:  17.0
      thresh= 5.309E-06 alpha_mix =  0.700 |ddv_scf|^2 =  1.454E-09

      iter #   3 total cpu time :142682.3 secs   av.it.:  16.0
      thresh= 3.813E-06 alpha_mix =  0.700 |ddv_scf|^2 =  3.639E-11

      iter #   4 total cpu time :142876.3 secs   av.it.:  16.0
      thresh= 6.032E-07 alpha_mix =  0.700 |ddv_scf|^2 =  1.094E-12

      iter #   5 total cpu time :143076.8 secs   av.it.:  17.0
      thresh= 1.046E-07 alpha_mix =  0.700 |ddv_scf|^2 =  1.564E-13

      iter #   6 total cpu time :143275.6 secs   av.it.:  16.9
      thresh= 3.954E-08 alpha_mix =  0.700 |ddv_scf|^2 =  5.451E-15

     End of self-consistent calculation

     Convergence has been achieved 


     Representation #  28 modes #  55  56

     Self-consistent Calculation

      iter #   1 total cpu time :143363.1 secs   av.it.:   3.3
      thresh= 1.000E-02 alpha_mix =  0.700 |ddv_scf|^2 =  5.879E-10

      iter #   2 total cpu time :143563.8 secs   av.it.:  17.0
      thresh= 2.425E-06 alpha_mix =  0.700 |ddv_scf|^2 =  2.651E-10

      iter #   3 total cpu time :143757.3 secs   av.it.:  16.0
      thresh= 1.628E-06 alpha_mix =  0.700 |ddv_scf|^2 =  1.659E-12

      iter #   4 total cpu time :143960.3 secs   av.it.:  16.8
      thresh= 1.288E-07 alpha_mix =  0.700 |ddv_scf|^2 =  2.961E-13

      iter #   5 total cpu time :144159.7 secs   av.it.:  16.4
      thresh= 5.442E-08 alpha_mix =  0.700 |ddv_scf|^2 =  9.105E-15

     End of self-consistent calculation

     Convergence has been achieved 


     Representation #  29 modes #  57  58

     Self-consistent Calculation

      iter #   1 total cpu time :144264.3 secs   av.it.:   5.0
      thresh= 1.000E-02 alpha_mix =  0.700 |ddv_scf|^2 =  1.029E-08

      iter #   2 total cpu time :144465.8 secs   av.it.:  16.6
      thresh= 1.014E-05 alpha_mix =  0.700 |ddv_scf|^2 =  6.826E-09

      iter #   3 total cpu time :144658.9 secs   av.it.:  16.0
      thresh= 8.262E-06 alpha_mix =  0.700 |ddv_scf|^2 =  1.964E-11

      iter #   4 total cpu time :144862.4 secs   av.it.:  17.0
      thresh= 4.431E-07 alpha_mix =  0.700 |ddv_scf|^2 =  3.104E-12

      iter #   5 total cpu time :145058.6 secs   av.it.:  16.1
      thresh= 1.762E-07 alpha_mix =  0.700 |ddv_scf|^2 =  1.688E-13

      iter #   6 total cpu time :145256.4 secs   av.it.:  16.8
      thresh= 4.108E-08 alpha_mix =  0.700 |ddv_scf|^2 =  2.332E-14

      iter #   7 total cpu time :145455.6 secs   av.it.:  16.6
      thresh= 1.527E-08 alpha_mix =  0.700 |ddv_scf|^2 =  9.270E-16

     End of self-consistent calculation

     Convergence has been achieved 


     Representation #  30 modes #  59  60

     Self-consistent Calculation

      iter #   1 total cpu time :145545.2 secs   av.it.:   3.8
      thresh= 1.000E-02 alpha_mix =  0.700 |ddv_scf|^2 =  6.131E-10

      iter #   2 total cpu time :145747.5 secs   av.it.:  17.0
      thresh= 2.476E-06 alpha_mix =  0.700 |ddv_scf|^2 =  2.985E-10

      iter #   3 total cpu time :145943.1 secs   av.it.:  16.2
      thresh= 1.728E-06 alpha_mix =  0.700 |ddv_scf|^2 =  3.002E-12

      iter #   4 total cpu time :146138.3 secs   av.it.:  16.0
      thresh= 1.733E-07 alpha_mix =  0.700 |ddv_scf|^2 =  5.145E-13

      iter #   5 total cpu time :146331.8 secs   av.it.:  16.0
      thresh= 7.173E-08 alpha_mix =  0.700 |ddv_scf|^2 =  1.197E-14

      iter #   6 total cpu time :146530.4 secs   av.it.:  16.9
      thresh= 1.094E-08 alpha_mix =  0.700 |ddv_scf|^2 =  1.792E-15

     End of self-consistent calculation

     Convergence has been achieved 


     Representation #  31 modes #  61  62

     Self-consistent Calculation

      iter #   1 total cpu time :146619.2 secs   av.it.:   3.4
      thresh= 1.000E-02 alpha_mix =  0.700 |ddv_scf|^2 =  1.287E-09

      iter #   2 total cpu time :146818.9 secs   av.it.:  17.0
      thresh= 3.587E-06 alpha_mix =  0.700 |ddv_scf|^2 =  8.563E-10

      iter #   3 total cpu time :147008.7 secs   av.it.:  16.0
      thresh= 2.926E-06 alpha_mix =  0.700 |ddv_scf|^2 =  3.921E-12

      iter #   4 total cpu time :147204.6 secs   av.it.:  16.4
      thresh= 1.980E-07 alpha_mix =  0.700 |ddv_scf|^2 =  4.805E-13

      iter #   5 total cpu time :147399.0 secs   av.it.:  16.0
      thresh= 6.932E-08 alpha_mix =  0.700 |ddv_scf|^2 =  3.680E-14

      iter #   6 total cpu time :147590.7 secs   av.it.:  16.0
      thresh= 1.918E-08 alpha_mix =  0.700 |ddv_scf|^2 =  2.536E-15

     End of self-consistent calculation

     Convergence has been achieved 


     Representation #  32 modes #  63  64

     Self-consistent Calculation

      iter #   1 total cpu time :147677.2 secs   av.it.:   3.0
      thresh= 1.000E-02 alpha_mix =  0.700 |ddv_scf|^2 =  5.725E-10

      iter #   2 total cpu time :147878.4 secs   av.it.:  17.0
      thresh= 2.393E-06 alpha_mix =  0.700 |ddv_scf|^2 =  2.770E-10

      iter #   3 total cpu time :148071.0 secs   av.it.:  16.0
      thresh= 1.664E-06 alpha_mix =  0.700 |ddv_scf|^2 =  3.202E-12

      iter #   4 total cpu time :148265.0 secs   av.it.:  16.0
      thresh= 1.789E-07 alpha_mix =  0.700 |ddv_scf|^2 =  3.098E-13

      iter #   5 total cpu time :148461.1 secs   av.it.:  16.4
      thresh= 5.566E-08 alpha_mix =  0.700 |ddv_scf|^2 =  1.962E-14

      iter #   6 total cpu time :148653.6 secs   av.it.:  16.0
      thresh= 1.401E-08 alpha_mix =  0.700 |ddv_scf|^2 =  1.229E-15

     End of self-consistent calculation

     Convergence has been achieved 


     Representation #  33 modes #  65  66

     Self-consistent Calculation

      iter #   1 total cpu time :148743.7 secs   av.it.:   3.3
      thresh= 1.000E-02 alpha_mix =  0.700 |ddv_scf|^2 =  6.237E-10

      iter #   2 total cpu time :148952.0 secs   av.it.:  17.0
      thresh= 2.497E-06 alpha_mix =  0.700 |ddv_scf|^2 =  3.016E-10

      iter #   3 total cpu time :149149.0 secs   av.it.:  16.3
      thresh= 1.737E-06 alpha_mix =  0.700 |ddv_scf|^2 =  2.585E-12

      iter #   4 total cpu time :149345.4 secs   av.it.:  16.3
      thresh= 1.608E-07 alpha_mix =  0.700 |ddv_scf|^2 =  4.747E-13

      iter #   5 total cpu time :149538.2 secs   av.it.:  16.0
      thresh= 6.890E-08 alpha_mix =  0.700 |ddv_scf|^2 =  1.451E-14

      iter #   6 total cpu time :149733.2 secs   av.it.:  16.2
      thresh= 1.205E-08 alpha_mix =  0.700 |ddv_scf|^2 =  1.953E-15

     End of self-consistent calculation

     Convergence has been achieved 

     Number of q in the star =    1
     List of q in the star:
          1   0.000000000  -0.500723541  -0.763706282

     Diagonalizing the dynamical matrix

     q = (    0.000000000  -0.500723541  -0.763706282 ) 

 **************************************************************************
     freq (    1) =       1.272465 [THz] =      42.444873 [cm-1]
     freq (    2) =       1.272465 [THz] =      42.444873 [cm-1]
     freq (    3) =       1.481839 [THz] =      49.428814 [cm-1]
     freq (    4) =       1.481839 [THz] =      49.428814 [cm-1]
     freq (    5) =       3.236149 [THz] =     107.946297 [cm-1]
     freq (    6) =       3.236149 [THz] =     107.946297 [cm-1]
     freq (    7) =       4.601783 [THz] =     153.498947 [cm-1]
     freq (    8) =       4.601783 [THz] =     153.498947 [cm-1]
     freq (    9) =       5.052055 [THz] =     168.518426 [cm-1]
     freq (   10) =       5.052055 [THz] =     168.518426 [cm-1]
     freq (   11) =       6.377629 [THz] =     212.734811 [cm-1]
     freq (   12) =       6.377629 [THz] =     212.734811 [cm-1]
     freq (   13) =       6.572672 [THz] =     219.240741 [cm-1]
     freq (   14) =       6.572672 [THz] =     219.240741 [cm-1]
     freq (   15) =       7.180890 [THz] =     239.528709 [cm-1]
     freq (   16) =       7.180890 [THz] =     239.528709 [cm-1]
     freq (   17) =       7.920335 [THz] =     264.193925 [cm-1]
     freq (   18) =       7.920335 [THz] =     264.193925 [cm-1]
     freq (   19) =       8.170096 [THz] =     272.525055 [cm-1]
     freq (   20) =       8.170096 [THz] =     272.525055 [cm-1]
     freq (   21) =       8.520826 [THz] =     284.224175 [cm-1]
     freq (   22) =       8.520826 [THz] =     284.224175 [cm-1]
     freq (   23) =       8.713280 [THz] =     290.643722 [cm-1]
     freq (   24) =       8.713280 [THz] =     290.643722 [cm-1]
     freq (   25) =       9.621775 [THz] =     320.947871 [cm-1]
     freq (   26) =       9.621775 [THz] =     320.947871 [cm-1]
     freq (   27) =      11.924097 [THz] =     397.745070 [cm-1]
     freq (   28) =      11.924097 [THz] =     397.745070 [cm-1]
     freq (   29) =      12.349796 [THz] =     411.944861 [cm-1]
     freq (   30) =      12.349796 [THz] =     411.944861 [cm-1]
     freq (   31) =      30.604623 [THz] =    1020.860333 [cm-1]
     freq (   32) =      30.604623 [THz] =    1020.860333 [cm-1]
     freq (   33) =      30.829538 [THz] =    1028.362704 [cm-1]
     freq (   34) =      30.829538 [THz] =    1028.362704 [cm-1]
     freq (   35) =      31.774318 [THz] =    1059.877163 [cm-1]
     freq (   36) =      31.774318 [THz] =    1059.877163 [cm-1]
     freq (   37) =      31.864990 [THz] =    1062.901645 [cm-1]
     freq (   38) =      31.864990 [THz] =    1062.901645 [cm-1]
     freq (   39) =      32.454765 [THz] =    1082.574431 [cm-1]
     freq (   40) =      32.454765 [THz] =    1082.574431 [cm-1]
     freq (   41) =      32.483284 [THz] =    1083.525735 [cm-1]
     freq (   42) =      32.483284 [THz] =    1083.525735 [cm-1]
     freq (   43) =      35.916032 [THz] =    1198.029862 [cm-1]
     freq (   44) =      35.916032 [THz] =    1198.029862 [cm-1]
     freq (   45) =      35.959127 [THz] =    1199.467359 [cm-1]
     freq (   46) =      35.959127 [THz] =    1199.467359 [cm-1]
     freq (   47) =      36.015339 [THz] =    1201.342391 [cm-1]
     freq (   48) =      36.015339 [THz] =    1201.342391 [cm-1]
     freq (   49) =      36.282438 [THz] =    1210.251846 [cm-1]
     freq (   50) =      36.282438 [THz] =    1210.251846 [cm-1]
     freq (   51) =      68.344474 [THz] =    2279.726254 [cm-1]
     freq (   52) =      68.344474 [THz] =    2279.726254 [cm-1]
     freq (   53) =      68.390982 [THz] =    2281.277589 [cm-1]
     freq (   54) =      68.390982 [THz] =    2281.277589 [cm-1]
     freq (   55) =      70.024545 [THz] =    2335.767383 [cm-1]
     freq (   56) =      70.024545 [THz] =    2335.767383 [cm-1]
     freq (   57) =      70.210586 [THz] =    2341.973052 [cm-1]
     freq (   58) =      70.210586 [THz] =    2341.973052 [cm-1]
     freq (   59) =      70.618045 [THz] =    2355.564426 [cm-1]
     freq (   60) =      70.618045 [THz] =    2355.564426 [cm-1]
     freq (   61) =      70.629445 [THz] =    2355.944692 [cm-1]
     freq (   62) =      70.629445 [THz] =    2355.944692 [cm-1]
     freq (   63) =      71.389459 [THz] =    2381.296022 [cm-1]
     freq (   64) =      71.389459 [THz] =    2381.296022 [cm-1]
     freq (   65) =      71.436078 [THz] =    2382.851075 [cm-1]
     freq (   66) =      71.436078 [THz] =    2382.851075 [cm-1]
 **************************************************************************

     Calculation of q =   -0.5000000   0.0000000   0.0000000

     Parallelization info
     --------------------
     sticks:   dense  smooth     PW     G-vecs:    dense   smooth      PW
     Min         469     234     63                24647     8708    1234
     Max         470     236     65                24650     8711    1236
     Sum       11271    5637   1537               591573   209027   29653

     Using Slab Decomposition



     bravais-lattice index     =            8
     lattice parameter (alat)  =      13.3294  a.u.
     unit-cell volume          =    1548.2628 (a.u.)^3
     number of atoms/cell      =           22
     number of atomic types    =            3
     number of electrons       =        48.00
     number of Kohn-Sham states=           24
     kinetic-energy cutoff     =     100.0000  Ry
     charge density cutoff     =     800.0000  Ry
     Exchange-correlation= PBESOL
                           (   1   4  10   8   0   0   0)

     celldm(1)=  13.329372  celldm(2)=   0.998555  celldm(3)=   0.654702
     celldm(4)=   0.000000  celldm(5)=   0.000000  celldm(6)=   0.000000

     crystal axes: (cart. coord. in units of alat)
               a(1) = (   1.000000   0.000000   0.000000 )  
               a(2) = (   0.000000   0.998555   0.000000 )  
               a(3) = (   0.000000   0.000000   0.654702 )  

     reciprocal axes: (cart. coord. in units 2 pi/alat)
               b(1) = (  1.000000  0.000000  0.000000 )  
               b(2) = (  0.000000  1.001447  0.000000 )  
               b(3) = (  0.000000  0.000000  1.527413 )  


     PseudoPot. # 1 for B  read from file:
     /home/mehlhorn/pseudos/b_pbesol_v1.4.uspp.F.UPF
     MD5 check sum: 369b69bef2c3aeed4453bd8b804fd6a8
     Pseudo is Ultrasoft + core correction, Zval =  3.0
     Generated by new atomic code, or converted to UPF format
     Using radial grid of  781 points,  4 beta functions with: 
                l(1) =   0
                l(2) =   0
                l(3) =   1
                l(4) =   1
     Q(r) pseudized with  8 coefficients,  rinner =    1.100   1.100   1.100


     PseudoPot. # 2 for Ba read from file:
     /home/mehlhorn/pseudos/Ba.nc.z_10.oncvpsp4.dojo.v4-sp.upf
     MD5 check sum: c10ed334bb677c0554edec7181ce9143
     Pseudo is Norm-conserving + core correction, Zval = 10.0
     Generated using ONCVPSP code by D. R. Hamann
     Using radial grid of 1938 points,  8 beta functions with: 
                l(1) =   0
                l(2) =   0
                l(3) =   1
                l(4) =   1
                l(5) =   2
                l(6) =   2
                l(7) =   3
                l(8) =   3

     PseudoPot. # 3 for H  read from file:
     /home/mehlhorn/pseudos/H_ONCV_PBEsol-1.0.upf
     MD5 check sum: 398ef8f67c0a7342c05c87c5e19ea467
     Pseudo is Norm-conserving, Zval =  1.0
     Generated using ONCVPSP code by D. R. Hamann
     Using radial grid of 1180 points,  2 beta functions with: 
                l(1) =   0
                l(2) =   0

     atomic species   valence    mass     pseudopotential
     B                 3.00    10.81100     B ( 1.00)
     Ba               10.00   137.32700     Ba( 1.00)
     H                 1.00     1.00794     H ( 1.00)

      4 Sym. Ops. (no inversion) found



   Cartesian axes

     site n.     atom                  positions (alat units)
         1        Ba     tau(   1) = (   0.5000000   0.4992775   0.3273502  )
         2        Ba     tau(   2) = (   0.0000000   0.0000000   0.6547028  )
         3        B      tau(   3) = (   0.6273964   0.2536205   0.0000055  )
         4        B      tau(   4) = (   0.3726036   0.7449345   0.0000055  )
         5        B      tau(   5) = (   0.1273964   0.2456570   0.3273455  )
         6        B      tau(   6) = (   0.8726036   0.7528980   0.3273455  )
         7        H      tau(   7) = (   0.4554096   0.2850000  -0.0000080  )
         8        H      tau(   8) = (   0.5445904   0.7135550  -0.0000080  )
         9        H      tau(   9) = (   0.9554096   0.2142775   0.3273589  )
        10        H      tau(  10) = (   0.0445904   0.7842775   0.3273589  )
        11        H      tau(  11) = (   0.7157590   0.4052331   0.0000060  )
        12        H      tau(  12) = (   0.2842410   0.5933219   0.0000060  )
        13        H      tau(  13) = (   0.2157590   0.0940444   0.3273450  )
        14        H      tau(  14) = (   0.7842410   0.9045106   0.3273450  )
        15        H      tau(  15) = (   0.6658169   0.1636329   0.5103326  )
        16        H      tau(  16) = (   0.3341831   0.8349221   0.5103326  )
        17        H      tau(  17) = (   0.1658169   0.3356446   0.4717203  )
        18        H      tau(  18) = (   0.8341831   0.6629104   0.4717203  )
        19        H      tau(  19) = (   0.3341889   0.8349214   0.1443837  )
        20        H      tau(  20) = (   0.6658111   0.1636336   0.1443837  )
        21        H      tau(  21) = (   0.8341889   0.6629111   0.1829672  )
        22        H      tau(  22) = (   0.1658111   0.3356439   0.1829672  )

     number of k points=    54
                       cart. coord. in units 2pi/alat
        k(    1) = (   0.0000000   0.0000000   0.0000000), wk =   0.0160000
        k(    2) = (  -0.5000000   0.0000000   0.0000000), wk =   0.0000000
        k(    3) = (   0.0000000   0.0000000   0.3054825), wk =   0.0320000
        k(    4) = (  -0.5000000   0.0000000   0.3054825), wk =   0.0000000
        k(    5) = (   0.0000000   0.0000000   0.6109650), wk =   0.0320000
        k(    6) = (  -0.5000000   0.0000000   0.6109650), wk =   0.0000000
        k(    7) = (   0.0000000   0.2002894   0.0000000), wk =   0.0320000
        k(    8) = (  -0.5000000   0.2002894   0.0000000), wk =   0.0000000
        k(    9) = (   0.0000000   0.2002894   0.3054825), wk =   0.0640000
        k(   10) = (  -0.5000000   0.2002894   0.3054825), wk =   0.0000000
        k(   11) = (   0.0000000   0.2002894   0.6109650), wk =   0.0640000
        k(   12) = (  -0.5000000   0.2002894   0.6109650), wk =   0.0000000
        k(   13) = (   0.0000000   0.4005788   0.0000000), wk =   0.0320000
        k(   14) = (  -0.5000000   0.4005788   0.0000000), wk =   0.0000000
        k(   15) = (   0.0000000   0.4005788   0.3054825), wk =   0.0640000
        k(   16) = (  -0.5000000   0.4005788   0.3054825), wk =   0.0000000
        k(   17) = (   0.0000000   0.4005788   0.6109650), wk =   0.0640000
        k(   18) = (  -0.5000000   0.4005788   0.6109650), wk =   0.0000000
        k(   19) = (   0.2000000   0.0000000   0.0000000), wk =   0.0320000
        k(   20) = (  -0.3000000   0.0000000   0.0000000), wk =   0.0000000
        k(   21) = (   0.2000000   0.0000000   0.3054825), wk =   0.0640000
        k(   22) = (  -0.3000000   0.0000000   0.3054825), wk =   0.0000000
        k(   23) = (   0.2000000   0.0000000   0.6109650), wk =   0.0640000
        k(   24) = (  -0.3000000   0.0000000   0.6109650), wk =   0.0000000
        k(   25) = (   0.2000000   0.2002894   0.0000000), wk =   0.0640000
        k(   26) = (  -0.3000000   0.2002894   0.0000000), wk =   0.0000000
        k(   27) = (   0.2000000   0.2002894   0.3054825), wk =   0.1280000
        k(   28) = (  -0.3000000   0.2002894   0.3054825), wk =   0.0000000
        k(   29) = (   0.2000000   0.2002894   0.6109650), wk =   0.1280000
        k(   30) = (  -0.3000000   0.2002894   0.6109650), wk =   0.0000000
        k(   31) = (   0.2000000   0.4005788   0.0000000), wk =   0.0640000
        k(   32) = (  -0.3000000   0.4005788   0.0000000), wk =   0.0000000
        k(   33) = (   0.2000000   0.4005788   0.3054825), wk =   0.1280000
        k(   34) = (  -0.3000000   0.4005788   0.3054825), wk =   0.0000000
        k(   35) = (   0.2000000   0.4005788   0.6109650), wk =   0.1280000
        k(   36) = (  -0.3000000   0.4005788   0.6109650), wk =   0.0000000
        k(   37) = (   0.4000000   0.0000000   0.0000000), wk =   0.0320000
        k(   38) = (  -0.1000000   0.0000000   0.0000000), wk =   0.0000000
        k(   39) = (   0.4000000   0.0000000   0.3054825), wk =   0.0640000
        k(   40) = (  -0.1000000   0.0000000   0.3054825), wk =   0.0000000
        k(   41) = (   0.4000000   0.0000000   0.6109650), wk =   0.0640000
        k(   42) = (  -0.1000000   0.0000000   0.6109650), wk =   0.0000000
        k(   43) = (   0.4000000   0.2002894   0.0000000), wk =   0.0640000
        k(   44) = (  -0.1000000   0.2002894   0.0000000), wk =   0.0000000
        k(   45) = (   0.4000000   0.2002894   0.3054825), wk =   0.1280000
        k(   46) = (  -0.1000000   0.2002894   0.3054825), wk =   0.0000000
        k(   47) = (   0.4000000   0.2002894   0.6109650), wk =   0.1280000
        k(   48) = (  -0.1000000   0.2002894   0.6109650), wk =   0.0000000
        k(   49) = (   0.4000000   0.4005788   0.0000000), wk =   0.0640000
        k(   50) = (  -0.1000000   0.4005788   0.0000000), wk =   0.0000000
        k(   51) = (   0.4000000   0.4005788   0.3054825), wk =   0.1280000
        k(   52) = (  -0.1000000   0.4005788   0.3054825), wk =   0.0000000
        k(   53) = (   0.4000000   0.4005788   0.6109650), wk =   0.1280000
        k(   54) = (  -0.1000000   0.4005788   0.6109650), wk =   0.0000000

     Dense  grid:   591573 G-vectors     FFT dimensions: ( 128, 120,  80)

     Smooth grid:   209027 G-vectors     FFT dimensions: (  90,  90,  60)

     Estimated max dynamical RAM per process >      53.46 MB

     Estimated total dynamical RAM >       1.25 GB

     The potential is recalculated from file :
     ./_ph0/pwscf.q_5/pwscf.save/charge-density

     Starting wfcs are   42 atomic wfcs

     Band Structure Calculation
     Davidson diagonalization with overlap

     ethr =  2.08E-11,  avg # of iterations = 22.0

     total cpu time spent up to now is      840.9 secs

     End of band structure calculation

          k = 0.0000 0.0000 0.0000 ( 26119 PWs)   bands (ev):

   -24.4973 -24.4914  -9.9882  -9.9375  -9.7519  -9.7184  -9.6644  -9.6158
    -6.3979  -5.5522  -4.9998  -4.9223  -2.1154  -1.1774  -1.1395  -0.8197
    -0.7239  -0.5719  -0.4932  -0.3592  -0.0997   0.1566   0.1938   0.2103

          k =-0.5000 0.0000 0.0000 ( 26122 PWs)   bands (ev):

   -24.4943 -24.4943  -9.8968  -9.8968  -9.8207  -9.8207  -9.6400  -9.6400
    -5.8894  -5.8894  -5.0916  -5.0916  -1.5337  -1.5337  -0.7276  -0.7276
    -0.4759  -0.4759  -0.4683  -0.4683  -0.3093  -0.3093  -0.0196  -0.0196

          k = 0.0000 0.0000 0.3055 ( 26180 PWs)   bands (ev):

   -24.4921 -24.4873  -9.9284  -9.8881  -9.8459  -9.8202  -9.7381  -9.7131
    -6.0592  -5.3474  -5.1196  -5.0593  -1.8280  -1.5020  -1.1918  -1.0071
    -0.7310  -0.6613  -0.4034  -0.2669  -0.0752   0.0445   0.0617   0.1663

          k =-0.5000 0.0000 0.3055 ( 26170 PWs)   bands (ev):

   -24.4897 -24.4897  -9.8861  -9.8861  -9.8467  -9.8467  -9.7446  -9.7446
    -5.6234  -5.6234  -5.1961  -5.1961  -1.5256  -1.5256  -1.1090  -1.1090
    -0.5507  -0.5507  -0.4566  -0.4566  -0.1076  -0.1076   0.0628   0.0628

          k = 0.0000 0.0000 0.6110 ( 26130 PWs)   bands (ev):

   -24.4830 -24.4812 -10.1042 -10.0993  -9.8066  -9.7883  -9.7336  -9.7220
    -5.4366  -5.3151  -5.2942  -5.1356  -1.6894  -1.5584  -1.5421  -1.2651
    -0.6786  -0.6475  -0.3516  -0.2341  -0.1026  -0.0476   0.0273   0.0809

          k =-0.5000 0.0000 0.6110 ( 26152 PWs)   bands (ev):

   -24.4821 -24.4821 -10.1241 -10.1241  -9.7657  -9.7657  -9.7365  -9.7365
    -5.4796  -5.4796  -5.0881  -5.0881  -2.0225  -2.0225  -1.0031  -1.0031
    -0.4664  -0.4664  -0.3510  -0.3510  -0.0835  -0.0835  -0.0134  -0.0134

          k = 0.0000 0.2003 0.0000 ( 26152 PWs)   bands (ev):

   -24.4968 -24.4919  -9.9726  -9.9216  -9.7760  -9.7381  -9.6597  -9.6204
    -6.2929  -5.5357  -5.1270  -4.9748  -1.9375  -1.3211  -1.2019  -0.6350
    -0.5842  -0.5422  -0.5368  -0.3012  -0.1067  -0.0249   0.1376   0.1586

          k =-0.5000 0.2003 0.0000 ( 26138 PWs)   bands (ev):

   -24.4943 -24.4943  -9.9423  -9.9423  -9.7730  -9.7730  -9.6399  -9.6399
    -5.8889  -5.8889  -5.1003  -5.1003  -1.5002  -1.5002  -0.7784  -0.7784
    -0.5660  -0.5660  -0.4564  -0.4564  -0.2117  -0.2117   0.0092   0.0092

          k = 0.0000 0.2003 0.3055 ( 26154 PWs)   bands (ev):

   -24.4916 -24.4877  -9.9263  -9.8745  -9.8400  -9.8337  -9.7385  -9.7259
    -5.9805  -5.3229  -5.2265  -5.0905  -1.7081  -1.5259  -1.3125  -0.8086
    -0.6773  -0.6226  -0.5562  -0.2037  -0.0806   0.0372   0.0500   0.0629

          k =-0.5000 0.2003 0.3055 ( 26156 PWs)   bands (ev):

   -24.4897 -24.4897  -9.9057  -9.9057  -9.8380  -9.8380  -9.7334  -9.7334
    -5.6151  -5.6151  -5.2073  -5.2073  -1.5235  -1.5235  -1.1570  -1.1570
    -0.4977  -0.4977  -0.4212  -0.4212  -0.0991  -0.0991   0.0367   0.0367

          k = 0.0000 0.2003 0.6110 ( 26154 PWs)   bands (ev):

   -24.4829 -24.4814 -10.1106 -10.1063  -9.7925  -9.7802  -9.7340  -9.7267
    -5.5435  -5.4468  -5.1594  -5.0265  -1.7369  -1.6880  -1.4213  -1.1988
    -0.6300  -0.5068  -0.3650  -0.2327  -0.1278  -0.1233   0.0122   0.0255

          k =-0.5000 0.2003 0.6110 ( 26176 PWs)   bands (ev):

   -24.4821 -24.4821 -10.1156 -10.1156  -9.7827  -9.7827  -9.7306  -9.7306
    -5.4621  -5.4621  -5.1041  -5.1041  -1.9839  -1.9839  -1.1069  -1.1069
    -0.4602  -0.4602  -0.3369  -0.3369  -0.0732  -0.0732   0.0473   0.0473

          k = 0.0000 0.4006 0.0000 ( 26150 PWs)   bands (ev):

   -24.4953 -24.4934  -9.9300  -9.8950  -9.8167  -9.7862  -9.6475  -9.6325
    -6.0133  -5.6696  -5.2262  -5.1050  -1.6417  -1.4920  -1.0604  -0.5995
    -0.5859  -0.5630  -0.3279  -0.2712  -0.2108  -0.1405   0.0044   0.0601

          k =-0.5000 0.4006 0.0000 ( 26112 PWs)   bands (ev):

   -24.4943 -24.4943  -9.9842  -9.9842  -9.7276  -9.7276  -9.6397  -9.6397
    -5.8883  -5.8883  -5.1141  -5.1141  -1.4310  -1.4310  -0.9124  -0.9124
    -0.6496  -0.6496  -0.3420  -0.3420  -0.1159  -0.1159  -0.0049  -0.0049

          k = 0.0000 0.4006 0.3055 ( 26144 PWs)   bands (ev):

   -24.4904 -24.4889  -9.9116  -9.8792  -9.8410  -9.8183  -9.7499  -9.7473
    -5.7670  -5.4826  -5.2563  -5.1679  -1.5649  -1.5577  -1.2289  -0.8804
    -0.6100  -0.5594  -0.4499  -0.2288  -0.1529  -0.1441   0.0523   0.0568

          k =-0.5000 0.4006 0.3055 ( 26126 PWs)   bands (ev):

   -24.4896 -24.4896  -9.9280  -9.9280  -9.8314  -9.8314  -9.7174  -9.7174
    -5.6008  -5.6008  -5.2262  -5.2262  -1.5102  -1.5102  -1.2411  -1.2411
    -0.4366  -0.4366  -0.2808  -0.2808  -0.1569  -0.1569   0.0039   0.0039

          k = 0.0000 0.4006 0.6110 ( 26160 PWs)   bands (ev):

   -24.4824 -24.4818 -10.1196 -10.1176  -9.7658  -9.7634  -9.7393  -9.7386
    -5.6185  -5.5832  -5.0103  -4.9559  -1.8067  -1.8005  -1.2273  -1.1156
    -0.5237  -0.4225  -0.3403  -0.3071  -0.1961  -0.1343  -0.0939   0.0057

          k =-0.5000 0.4006 0.6110 ( 26166 PWs)   bands (ev):

   -24.4821 -24.4821 -10.1006 -10.1006  -9.8058  -9.8058  -9.7267  -9.7267
    -5.4303  -5.4303  -5.1334  -5.1334  -1.8921  -1.8921  -1.3139  -1.3139
    -0.4278  -0.4278  -0.2346  -0.2346  -0.0984  -0.0984   0.0929   0.0929

          k = 0.2000 0.0000 0.0000 ( 26143 PWs)   bands (ev):

   -24.4968 -24.4919  -9.9687  -9.9245  -9.7729  -9.7436  -9.6597  -9.6204
    -6.2989  -5.5819  -5.0221  -5.0030  -1.9865  -1.1137  -1.0688  -1.0050
    -0.5414  -0.5137  -0.4891  -0.3652  -0.1446  -0.0616   0.1401   0.1667

          k =-0.3000 0.0000 0.0000 ( 26140 PWs)   bands (ev):

   -24.4961 -24.4926  -9.9465  -9.9097  -9.7954  -9.7701  -9.6543  -9.6258
    -6.1848  -5.6409  -5.0616  -5.0460  -1.8507  -1.2200  -1.0249  -0.8531
    -0.5106  -0.4841  -0.4494  -0.3656  -0.2207  -0.1942   0.0357   0.1150

          k = 0.2000 0.0000 0.3055 ( 26134 PWs)   bands (ev):

   -24.4916 -24.4877  -9.9130  -9.8966  -9.8364  -9.8285  -9.7495  -9.7171
    -5.9763  -5.3577  -5.1367  -5.1338  -1.7415  -1.4844  -1.2776  -0.8819
    -0.7177  -0.6188  -0.4755  -0.2260  -0.2093   0.0316   0.0900   0.1245

          k =-0.3000 0.0000 0.3055 ( 26143 PWs)   bands (ev):

   -24.4911 -24.4882  -9.8984  -9.8956  -9.8520  -9.8212  -9.7570  -9.7234
    -5.8799  -5.3984  -5.1873  -5.1555  -1.6648  -1.4189  -1.3599  -0.7740
    -0.7621  -0.5692  -0.5129  -0.3106  -0.1876   0.0093   0.0832   0.0875

          k = 0.2000 0.0000 0.6110 ( 26147 PWs)   bands (ev):

   -24.4829 -24.4814 -10.1120 -10.1077  -9.7972  -9.7755  -9.7384  -9.7226
    -5.4718  -5.3658  -5.2432  -5.0848  -1.8906  -1.7526  -1.3436  -1.0945
    -0.6152  -0.5120  -0.3474  -0.2826  -0.1132  -0.0626  -0.0283   0.0755

          k =-0.3000 0.0000 0.6110 ( 26162 PWs)   bands (ev):

   -24.4826 -24.4816 -10.1184 -10.1150  -9.7874  -9.7638  -9.7438  -9.7246
    -5.4873  -5.4143  -5.1857  -5.0640  -1.9811  -1.8743  -1.2228  -1.0005
    -0.5732  -0.3823  -0.3602  -0.3338  -0.1524  -0.0843  -0.0179   0.0554

          k = 0.2000 0.2003 0.0000 ( 26120 PWs)   bands (ev):

   -24.4963 -24.4924  -9.9781  -9.8972  -9.8131  -9.7276  -9.6559  -9.6241
    -6.2166  -5.5842  -5.1483  -4.9989  -1.8403  -1.3080  -1.1230  -0.7602
    -0.5916  -0.5284  -0.3633  -0.2945  -0.2052  -0.1235   0.0578   0.1466

          k =-0.3000 0.2003 0.0000 ( 26127 PWs)   bands (ev):

   -24.4958 -24.4929  -9.9744  -9.8961  -9.8191  -9.7334  -9.6515  -9.6284
    -6.1277  -5.6579  -5.1499  -5.0273  -1.7368  -1.3282  -1.0379  -0.7484
    -0.5902  -0.5335  -0.3812  -0.2771  -0.2752  -0.1455  -0.0361   0.1217

          k = 0.2000 0.2003 0.3055 ( 26149 PWs)   bands (ev):

   -24.4913 -24.4881  -9.9218  -9.8795  -9.8572  -9.8161  -9.7510  -9.7187
    -5.9107  -5.3433  -5.2552  -5.1197  -1.6548  -1.5029  -1.3410  -0.7847
    -0.7210  -0.5999  -0.4687  -0.2394  -0.1787  -0.0066   0.0510   0.1096

          k =-0.3000 0.2003 0.3055 ( 26141 PWs)   bands (ev):

   -24.4908 -24.4885  -9.9188  -9.8804  -9.8657  -9.8128  -9.7521  -9.7191
    -5.8299  -5.4063  -5.2528  -5.1475  -1.6153  -1.4351  -1.3902  -0.8500
    -0.6840  -0.5585  -0.4306  -0.2608  -0.2119  -0.0411   0.0457   0.1014

          k = 0.2000 0.2003 0.6110 ( 26142 PWs)   bands (ev):

   -24.4827 -24.4815 -10.1179 -10.1035  -9.8030  -9.7610  -9.7421  -9.7254
    -5.5541  -5.3747  -5.2205  -5.0120  -1.8934  -1.7493  -1.3301  -1.1383
    -0.5640  -0.4524  -0.3494  -0.2356  -0.1891  -0.0787  -0.0382   0.0811

          k =-0.3000 0.2003 0.6110 ( 26143 PWs)   bands (ev):

   -24.4825 -24.4817 -10.1199 -10.1059  -9.8016  -9.7594  -9.7428  -9.7256
    -5.5407  -5.3618  -5.2237  -5.0215  -1.9609  -1.8487  -1.2357  -1.1066
    -0.5463  -0.3887  -0.3641  -0.2209  -0.2124  -0.0666  -0.0318   0.0961

          k = 0.2000 0.4006 0.0000 ( 26127 PWs)   bands (ev):

   -24.4951 -24.4936  -9.9646  -9.9198  -9.7959  -9.7461  -9.6460  -9.6338
    -5.9953  -5.7217  -5.1991  -5.0950  -1.5872  -1.4579  -1.0453  -0.6338
    -0.6274  -0.6000  -0.4217  -0.1857  -0.1809  -0.1217  -0.0476   0.0521

          k =-0.3000 0.4006 0.0000 ( 26124 PWs)   bands (ev):

   -24.4949 -24.4938  -9.9808  -9.9472  -9.7682  -9.7289  -9.6442  -9.6354
    -5.9711  -5.7749  -5.1706  -5.0917  -1.5318  -1.4286  -1.0254  -0.7136
    -0.6434  -0.6190  -0.4462  -0.1652  -0.1601  -0.1104  -0.0839   0.0450

          k = 0.2000 0.4006 0.3055 ( 26132 PWs)   bands (ev):

   -24.4903 -24.4891  -9.9194  -9.8954  -9.8452  -9.8157  -9.7458  -9.7279
    -5.7330  -5.4976  -5.2579  -5.1786  -1.5677  -1.5330  -1.2485  -0.9601
    -0.5919  -0.5063  -0.4413  -0.2512  -0.1488  -0.0787   0.0173   0.0524

          k =-0.3000 0.4006 0.3055 ( 26147 PWs)   bands (ev):

   -24.4901 -24.4892  -9.9257  -9.9091  -9.8432  -9.8190  -9.7349  -9.7194
    -5.6950  -5.5209  -5.2537  -5.1915  -1.5600  -1.5068  -1.2784  -1.0506
    -0.5364  -0.4632  -0.4129  -0.2668  -0.1132  -0.0825  -0.0252   0.0461

          k = 0.2000 0.4006 0.6110 ( 26167 PWs)   bands (ev):

   -24.4823 -24.4819 -10.1169 -10.1083  -9.7924  -9.7682  -9.7370  -9.7291
    -5.5858  -5.5162  -5.0669  -4.9852  -1.8702  -1.7962  -1.2668  -1.1784
    -0.5412  -0.4412  -0.2994  -0.1943  -0.1724  -0.0960  -0.0664   0.0344

          k =-0.3000 0.4006 0.6110 ( 26164 PWs)   bands (ev):

   -24.4823 -24.4819 -10.1115 -10.1025  -9.8036  -9.7824  -9.7316  -9.7270
    -5.5397  -5.4585  -5.1167  -5.0268  -1.8954  -1.8261  -1.2977  -1.2357
    -0.5204  -0.4235  -0.2579  -0.2008  -0.1397  -0.0991   0.0053   0.0691

          k = 0.4000 0.0000 0.0000 ( 26166 PWs)   bands (ev):

   -24.4953 -24.4934  -9.9198  -9.8949  -9.8176  -9.7991  -9.6475  -9.6325
    -6.0427  -5.7472  -5.0924  -5.0720  -1.6946  -1.3750  -0.8947  -0.6649
    -0.5464  -0.4849  -0.4785  -0.3501  -0.3169  -0.2526  -0.0461   0.0488

          k =-0.1000 0.0000 0.0000 ( 26099 PWs)   bands (ev):

   -24.4972 -24.4915  -9.9832  -9.9342  -9.7574  -9.7251  -9.6632  -9.6170
    -6.3724  -5.5580  -5.0056  -4.9457  -2.0812  -1.1629  -1.1040  -0.9237
    -0.6283  -0.5639  -0.4922  -0.3611  -0.1114   0.0830   0.1954   0.1992

          k = 0.4000 0.0000 0.3055 ( 26144 PWs)   bands (ev):

   -24.4904 -24.4889  -9.8948  -9.8789  -9.8631  -9.8281  -9.7549  -9.7330
    -5.7580  -5.4941  -5.2052  -5.1768  -1.5956  -1.4462  -1.2863  -0.9228
    -0.6433  -0.5139  -0.5092  -0.3981  -0.1507  -0.0463   0.0634   0.0738

          k =-0.1000 0.0000 0.3055 ( 26157 PWs)   bands (ev):

   -24.4920 -24.4874  -9.9244  -9.8914  -9.8401  -9.8246  -9.7413  -9.7139
    -6.0380  -5.3485  -5.1241  -5.0802  -1.8043  -1.5012  -1.2155  -0.9726
    -0.7235  -0.6504  -0.4237  -0.2558  -0.1161   0.0338   0.0824   0.1549

          k = 0.4000 0.0000 0.6110 ( 26164 PWs)   bands (ev):

   -24.4824 -24.4818 -10.1230 -10.1211  -9.7764  -9.7580  -9.7450  -9.7291
    -5.4907  -5.4536  -5.1309  -5.0645  -2.0272  -1.9688  -1.1034  -0.9605
    -0.5217  -0.4208  -0.3769  -0.2667  -0.2000  -0.0477  -0.0100   0.0103

          k =-0.1000 0.0000 0.6110 ( 26125 PWs)   bands (ev):

   -24.4830 -24.4812 -10.1064 -10.1017  -9.8041  -9.7848  -9.7348  -9.7221
    -5.4496  -5.3179  -5.2927  -5.1169  -1.7733  -1.6268  -1.4620  -1.2032
    -0.6469  -0.6250  -0.3454  -0.2466  -0.1105  -0.0443   0.0057   0.0806

          k = 0.4000 0.2003 0.0000 ( 26129 PWs)   bands (ev):

   -24.4951 -24.4936  -9.9623  -9.9173  -9.7995  -9.7494  -9.6460  -9.6339
    -6.0147  -5.7644  -5.1321  -5.0629  -1.6183  -1.3970  -0.9229  -0.6830
    -0.5813  -0.5481  -0.5246  -0.3188  -0.2476  -0.1759  -0.0525   0.0736

          k =-0.1000 0.2003 0.0000 ( 26123 PWs)   bands (ev):

   -24.4966 -24.4920  -9.9755  -9.9131  -9.7900  -9.7319  -9.6587  -9.6214
    -6.2734  -5.5464  -5.1347  -4.9809  -1.9118  -1.3155  -1.1808  -0.7000
    -0.5875  -0.5327  -0.4660  -0.3004  -0.1108  -0.0790   0.1319   0.1466

          k = 0.4000 0.2003 0.3055 ( 26128 PWs)   bands (ev):

   -24.4903 -24.4891  -9.9142  -9.8932  -9.8549  -9.8220  -9.7443  -9.7242
    -5.7280  -5.5032  -5.2337  -5.1777  -1.5750  -1.4610  -1.3085  -0.9953
    -0.5853  -0.5025  -0.4403  -0.3340  -0.1608  -0.0641   0.0314   0.0698

          k =-0.1000 0.2003 0.3055 ( 26140 PWs)   bands (ev):

   -24.4915 -24.4878  -9.9249  -9.8773  -9.8455  -9.8268  -9.7437  -9.7223
    -5.9626  -5.3246  -5.2370  -5.0986  -1.6925  -1.5242  -1.3166  -0.8064
    -0.6831  -0.6229  -0.5253  -0.2188  -0.1133   0.0217   0.0496   0.0889

          k = 0.4000 0.2003 0.6110 ( 26176 PWs)   bands (ev):

   -24.4823 -24.4819 -10.1191 -10.1105  -9.7942  -9.7699  -9.7362  -9.7272
    -5.5090  -5.4069  -5.1680  -5.0527  -1.9934  -1.9331  -1.1569  -1.0914
    -0.5104  -0.4157  -0.3618  -0.2761  -0.1312  -0.0643   0.0046   0.0854

          k =-0.1000 0.2003 0.6110 ( 26151 PWs)   bands (ev):

   -24.4828 -24.4814 -10.1139 -10.1042  -9.7983  -9.7720  -9.7365  -9.7260
    -5.5505  -5.4222  -5.1803  -5.0191  -1.8050  -1.6795  -1.4048  -1.1762
    -0.5996  -0.5055  -0.3531  -0.2358  -0.1507  -0.1087  -0.0107   0.0520

          k = 0.4000 0.4006 0.0000 ( 26138 PWs)   bands (ev):

   -24.4946 -24.4940  -9.9878  -9.9701  -9.7438  -9.7224  -9.6421  -9.6374
    -5.9353  -5.8331  -5.1401  -5.0973  -1.4748  -1.4144  -0.9852  -0.8143
    -0.6517  -0.6376  -0.4164  -0.2466  -0.1347  -0.1076  -0.0470   0.0267

          k =-0.1000 0.4006 0.0000 ( 26159 PWs)   bands (ev):

   -24.4952 -24.4935  -9.9433  -9.8984  -9.8157  -9.7700  -9.6471  -9.6328
    -6.0090  -5.6836  -5.2191  -5.1017  -1.6272  -1.4827  -1.0565  -0.6092
    -0.5881  -0.5824  -0.3667  -0.2345  -0.2042  -0.1346  -0.0063   0.0561

          k = 0.4000 0.4006 0.3055 ( 26113 PWs)   bands (ev):

   -24.4899 -24.4894  -9.9294  -9.9208  -9.8380  -9.8247  -9.7243  -9.7156
    -5.6490  -5.5564  -5.2425  -5.2081  -1.5392  -1.4928  -1.2879  -1.1526
    -0.4642  -0.4446  -0.3565  -0.2515  -0.1623  -0.0902  -0.0345   0.0312

          k =-0.1000 0.4006 0.3055 ( 26150 PWs)   bands (ev):

   -24.4904 -24.4890  -9.9138  -9.8838  -9.8433  -9.8163  -9.7518  -9.7389
    -5.7582  -5.4859  -5.2572  -5.1706  -1.5665  -1.5516  -1.2318  -0.9008
    -0.6104  -0.5446  -0.4481  -0.2346  -0.1689  -0.1074   0.0468   0.0531

          k = 0.4000 0.4006 0.6110 ( 26172 PWs)   bands (ev):

   -24.4822 -24.4820 -10.1053 -10.0995  -9.8086  -9.7961  -9.7283  -9.7263
    -5.4818  -5.4185  -5.1496  -5.0815  -1.9037  -1.8631  -1.3169  -1.2853
    -0.4729  -0.4120  -0.2372  -0.2241  -0.1072  -0.1013   0.0587   0.0966

          k =-0.1000 0.4006 0.6110 ( 26158 PWs)   bands (ev):

   -24.4824 -24.4818 -10.1196 -10.1143  -9.7782  -9.7589  -9.7424  -9.7330
    -5.6119  -5.5637  -5.0263  -4.9623  -1.8359  -1.7873  -1.2388  -1.1327
    -0.5337  -0.4323  -0.3495  -0.2437  -0.1736  -0.1361  -0.0907   0.0128

     highest occupied level (ev):     0.2103

     Writing config to output data dir ./_ph0/pwscf.q_5/pwscf.save/ :
     XML data file

                                                                                

     bravais-lattice index     =            8
     lattice parameter (alat)  =      13.3294  a.u.
     unit-cell volume          =    1548.2628 (a.u.)^3
     number of atoms/cell      =           22
     number of atomic types    =            3
     kinetic-energy cut-off    =     100.0000  Ry
     charge density cut-off    =     800.0000  Ry
     convergence threshold     =      1.0E-14
     beta                      =       0.7000
     number of iterations used =            4
     Exchange-correlation= PBESOL
                           (   1   4  10   8   0   0   0)


     celldm(1)=   13.32937  celldm(2)=    0.99856  celldm(3)=    0.65470
     celldm(4)=    0.00000  celldm(5)=    0.00000  celldm(6)=    0.00000

     crystal axes: (cart. coord. in units of alat)
               a(1) = (  1.0000  0.0000  0.0000 )  
               a(2) = (  0.0000  0.9986  0.0000 )  
               a(3) = (  0.0000  0.0000  0.6547 )  

     reciprocal axes: (cart. coord. in units 2 pi/alat)
               b(1) = (  1.0000  0.0000  0.0000 )  
               b(2) = (  0.0000  1.0014  0.0000 )  
               b(3) = (  0.0000  0.0000  1.5274 )  


     Atoms inside the unit cell: 

     Cartesian axes

     site n.  atom      mass           positions (alat units)
        1  Ba    137.3270   tau(    1) = (    0.50000    0.49928    0.32735  )
        2  Ba    137.3270   tau(    2) = (    0.00000    0.00000    0.65470  )
        3  B      10.8110   tau(    3) = (    0.62740    0.25362    0.00001  )
        4  B      10.8110   tau(    4) = (    0.37260    0.74493    0.00001  )
        5  B      10.8110   tau(    5) = (    0.12740    0.24566    0.32735  )
        6  B      10.8110   tau(    6) = (    0.87260    0.75290    0.32735  )
        7  H       1.0079   tau(    7) = (    0.45541    0.28500   -0.00001  )
        8  H       1.0079   tau(    8) = (    0.54459    0.71356   -0.00001  )
        9  H       1.0079   tau(    9) = (    0.95541    0.21428    0.32736  )
       10  H       1.0079   tau(   10) = (    0.04459    0.78428    0.32736  )
       11  H       1.0079   tau(   11) = (    0.71576    0.40523    0.00001  )
       12  H       1.0079   tau(   12) = (    0.28424    0.59332    0.00001  )
       13  H       1.0079   tau(   13) = (    0.21576    0.09404    0.32734  )
       14  H       1.0079   tau(   14) = (    0.78424    0.90451    0.32734  )
       15  H       1.0079   tau(   15) = (    0.66582    0.16363    0.51033  )
       16  H       1.0079   tau(   16) = (    0.33418    0.83492    0.51033  )
       17  H       1.0079   tau(   17) = (    0.16582    0.33564    0.47172  )
       18  H       1.0079   tau(   18) = (    0.83418    0.66291    0.47172  )
       19  H       1.0079   tau(   19) = (    0.33419    0.83492    0.14438  )
       20  H       1.0079   tau(   20) = (    0.66581    0.16363    0.14438  )
       21  H       1.0079   tau(   21) = (    0.83419    0.66291    0.18297  )
       22  H       1.0079   tau(   22) = (    0.16581    0.33564    0.18297  )

     Computing dynamical matrix for 
                    q = (  -0.5000000   0.0000000   0.0000000 )

      5 Sym.Ops. (with q -> -q+G )


     G cutoff = 3600.3905  (  24649 G-vectors)     FFT grid: (128,120, 80)
     G cutoff = 1800.1952  (   8708 G-vectors)  smooth grid: ( 90, 90, 60)
     number of k points=    54

     PseudoPot. # 1 for B  read from file:
     /home/mehlhorn/pseudos/b_pbesol_v1.4.uspp.F.UPF
     MD5 check sum: 369b69bef2c3aeed4453bd8b804fd6a8
     Pseudo is Ultrasoft + core correction, Zval =  3.0
     Generated by new atomic code, or converted to UPF format
     Using radial grid of  781 points,  4 beta functions with: 
                l(1) =   0
                l(2) =   0
                l(3) =   1
                l(4) =   1
     Q(r) pseudized with  8 coefficients,  rinner =    1.100   1.100   1.100


     PseudoPot. # 2 for Ba read from file:
     /home/mehlhorn/pseudos/Ba.nc.z_10.oncvpsp4.dojo.v4-sp.upf
     MD5 check sum: c10ed334bb677c0554edec7181ce9143
     Pseudo is Norm-conserving + core correction, Zval = 10.0
     Generated using ONCVPSP code by D. R. Hamann
     Using radial grid of 1938 points,  8 beta functions with: 
                l(1) =   0
                l(2) =   0
                l(3) =   1
                l(4) =   1
                l(5) =   2
                l(6) =   2
                l(7) =   3
                l(8) =   3

     PseudoPot. # 3 for H  read from file:
     /home/mehlhorn/pseudos/H_ONCV_PBEsol-1.0.upf
     MD5 check sum: 398ef8f67c0a7342c05c87c5e19ea467
     Pseudo is Norm-conserving, Zval =  1.0
     Generated using ONCVPSP code by D. R. Hamann
     Using radial grid of 1180 points,  2 beta functions with: 
                l(1) =   0
                l(2) =   0


     Atomic displacements:
     There are   33 irreducible representations

     Representation     1      2 modes -  To be done

     Representation     2      2 modes -  To be done

     Representation     3      2 modes -  To be done

     Representation     4      2 modes -  To be done

     Representation     5      2 modes -  To be done

     Representation     6      2 modes -  To be done

     Representation     7      2 modes -  To be done

     Representation     8      2 modes -  To be done

     Representation     9      2 modes -  To be done

     Representation    10      2 modes -  To be done

     Representation    11      2 modes -  To be done

     Representation    12      2 modes -  To be done

     Representation    13      2 modes -  To be done

     Representation    14      2 modes -  To be done

     Representation    15      2 modes -  To be done

     Representation    16      2 modes -  To be done

     Representation    17      2 modes -  To be done

     Representation    18      2 modes -  To be done

     Representation    19      2 modes -  To be done

     Representation    20      2 modes -  To be done

     Representation    21      2 modes -  To be done

     Representation    22      2 modes -  To be done

     Representation    23      2 modes -  To be done

     Representation    24      2 modes -  To be done

     Representation    25      2 modes -  To be done

     Representation    26      2 modes -  To be done

     Representation    27      2 modes -  To be done

     Representation    28      2 modes -  To be done

     Representation    29      2 modes -  To be done

     Representation    30      2 modes -  To be done

     Representation    31      2 modes -  To be done

     Representation    32      2 modes -  To be done

     Representation    33      2 modes -  To be done



     Alpha used in Ewald sum =   2.8000
     PHONON       :   1d17h17m CPU   1d17h42m WALL



     Representation #   1 modes #   1   2

     Self-consistent Calculation

      iter #   1 total cpu time :150252.4 secs   av.it.:   4.1
      thresh= 1.000E-02 alpha_mix =  0.700 |ddv_scf|^2 =  4.264E-09

      iter #   2 total cpu time :150454.3 secs   av.it.:  16.5
      thresh= 6.530E-06 alpha_mix =  0.700 |ddv_scf|^2 =  4.306E-09

      iter #   3 total cpu time :150639.1 secs   av.it.:  15.0
      thresh= 6.562E-06 alpha_mix =  0.700 |ddv_scf|^2 =  4.413E-11

      iter #   4 total cpu time :150838.9 secs   av.it.:  16.1
      thresh= 6.643E-07 alpha_mix =  0.700 |ddv_scf|^2 =  1.244E-12

      iter #   5 total cpu time :151042.4 secs   av.it.:  16.9
      thresh= 1.115E-07 alpha_mix =  0.700 |ddv_scf|^2 =  2.077E-13

      iter #   6 total cpu time :151243.8 secs   av.it.:  16.6
      thresh= 4.557E-08 alpha_mix =  0.700 |ddv_scf|^2 =  4.192E-15

     End of self-consistent calculation

     Convergence has been achieved 


     Representation #   2 modes #   3   4

     Self-consistent Calculation

      iter #   1 total cpu time :151330.9 secs   av.it.:   3.0
      thresh= 1.000E-02 alpha_mix =  0.700 |ddv_scf|^2 =  2.483E-10

      iter #   2 total cpu time :151534.8 secs   av.it.:  17.0
      thresh= 1.576E-06 alpha_mix =  0.700 |ddv_scf|^2 =  1.347E-10

      iter #   3 total cpu time :151719.2 secs   av.it.:  15.2
      thresh= 1.161E-06 alpha_mix =  0.700 |ddv_scf|^2 =  9.677E-12

      iter #   4 total cpu time :151904.7 secs   av.it.:  15.6
      thresh= 3.111E-07 alpha_mix =  0.700 |ddv_scf|^2 =  1.962E-13

      iter #   5 total cpu time :152107.2 secs   av.it.:  17.0
      thresh= 4.429E-08 alpha_mix =  0.700 |ddv_scf|^2 =  1.091E-14

      iter #   6 total cpu time :152309.7 secs   av.it.:  17.0
      thresh= 1.045E-08 alpha_mix =  0.700 |ddv_scf|^2 =  4.663E-16

     End of self-consistent calculation

     Convergence has been achieved 


     Representation #   3 modes #   5   6

     Self-consistent Calculation

      iter #   1 total cpu time :152397.5 secs   av.it.:   3.0
      thresh= 1.000E-02 alpha_mix =  0.700 |ddv_scf|^2 =  2.198E-09

      iter #   2 total cpu time :152590.9 secs   av.it.:  16.0
      thresh= 4.688E-06 alpha_mix =  0.700 |ddv_scf|^2 =  3.094E-09

      iter #   3 total cpu time :152769.4 secs   av.it.:  15.0
      thresh= 5.563E-06 alpha_mix =  0.700 |ddv_scf|^2 =  5.000E-12

      iter #   4 total cpu time :152989.4 secs   av.it.:  17.0
      thresh= 2.236E-07 alpha_mix =  0.700 |ddv_scf|^2 =  9.905E-13

      iter #   5 total cpu time :153185.7 secs   av.it.:  16.0
      thresh= 9.953E-08 alpha_mix =  0.700 |ddv_scf|^2 =  1.245E-14

      iter #   6 total cpu time :153388.1 secs   av.it.:  17.0
      thresh= 1.116E-08 alpha_mix =  0.700 |ddv_scf|^2 =  1.255E-15

     End of self-consistent calculation

     Convergence has been achieved 


     Representation #   4 modes #   7   8

     Self-consistent Calculation

      iter #   1 total cpu time :153478.1 secs   av.it.:   3.1
      thresh= 1.000E-02 alpha_mix =  0.700 |ddv_scf|^2 =  4.821E-10

      iter #   2 total cpu time :153685.0 secs   av.it.:  17.0
      thresh= 2.196E-06 alpha_mix =  0.700 |ddv_scf|^2 =  3.615E-10

      iter #   3 total cpu time :153879.0 secs   av.it.:  16.0
      thresh= 1.901E-06 alpha_mix =  0.700 |ddv_scf|^2 =  6.257E-12

      iter #   4 total cpu time :154077.4 secs   av.it.:  16.0
      thresh= 2.501E-07 alpha_mix =  0.700 |ddv_scf|^2 =  1.249E-12

      iter #   5 total cpu time :154268.9 secs   av.it.:  16.0
      thresh= 1.117E-07 alpha_mix =  0.700 |ddv_scf|^2 =  6.744E-14

      iter #   6 total cpu time :154467.7 secs   av.it.:  16.0
      thresh= 2.597E-08 alpha_mix =  0.700 |ddv_scf|^2 =  2.823E-15

     End of self-consistent calculation

     Convergence has been achieved 


     Representation #   5 modes #   9  10

     Self-consistent Calculation

      iter #   1 total cpu time :154558.4 secs   av.it.:   3.8
      thresh= 1.000E-02 alpha_mix =  0.700 |ddv_scf|^2 =  9.602E-10

      iter #   2 total cpu time :154759.5 secs   av.it.:  17.0
      thresh= 3.099E-06 alpha_mix =  0.700 |ddv_scf|^2 =  5.086E-10

      iter #   3 total cpu time :154958.5 secs   av.it.:  16.0
      thresh= 2.255E-06 alpha_mix =  0.700 |ddv_scf|^2 =  9.568E-12

      iter #   4 total cpu time :155152.2 secs   av.it.:  15.9
      thresh= 3.093E-07 alpha_mix =  0.700 |ddv_scf|^2 =  1.107E-12

      iter #   5 total cpu time :155343.4 secs   av.it.:  15.9
      thresh= 1.052E-07 alpha_mix =  0.700 |ddv_scf|^2 =  4.571E-14

      iter #   6 total cpu time :155535.8 secs   av.it.:  16.2
      thresh= 2.138E-08 alpha_mix =  0.700 |ddv_scf|^2 =  7.061E-15

     End of self-consistent calculation

     Convergence has been achieved 


     Representation #   6 modes #  11  12

     Self-consistent Calculation

      iter #   1 total cpu time :155623.3 secs   av.it.:   3.1
      thresh= 1.000E-02 alpha_mix =  0.700 |ddv_scf|^2 =  7.750E-10

      iter #   2 total cpu time :155828.9 secs   av.it.:  17.0
      thresh= 2.784E-06 alpha_mix =  0.700 |ddv_scf|^2 =  3.954E-10

      iter #   3 total cpu time :156025.1 secs   av.it.:  16.0
      thresh= 1.988E-06 alpha_mix =  0.700 |ddv_scf|^2 =  3.592E-12

      iter #   4 total cpu time :156224.4 secs   av.it.:  16.0
      thresh= 1.895E-07 alpha_mix =  0.700 |ddv_scf|^2 =  1.219E-12

      iter #   5 total cpu time :156433.8 secs   av.it.:  15.7
      thresh= 1.104E-07 alpha_mix =  0.700 |ddv_scf|^2 =  2.749E-14

      iter #   6 total cpu time :156638.3 secs   av.it.:  16.9
      thresh= 1.658E-08 alpha_mix =  0.700 |ddv_scf|^2 =  4.453E-15

     End of self-consistent calculation

     Convergence has been achieved 


     Representation #   7 modes #  13  14

     Self-consistent Calculation

      iter #   1 total cpu time :156727.2 secs   av.it.:   3.1
      thresh= 1.000E-02 alpha_mix =  0.700 |ddv_scf|^2 =  6.046E-10

      iter #   2 total cpu time :156926.8 secs   av.it.:  17.0
      thresh= 2.459E-06 alpha_mix =  0.700 |ddv_scf|^2 =  3.578E-10

      iter #   3 total cpu time :157114.7 secs   av.it.:  16.0
      thresh= 1.892E-06 alpha_mix =  0.700 |ddv_scf|^2 =  1.321E-11

      iter #   4 total cpu time :157301.4 secs   av.it.:  15.9
      thresh= 3.634E-07 alpha_mix =  0.700 |ddv_scf|^2 =  6.006E-13

      iter #   5 total cpu time :157494.8 secs   av.it.:  16.4
      thresh= 7.750E-08 alpha_mix =  0.700 |ddv_scf|^2 =  4.996E-14

      iter #   6 total cpu time :157689.0 secs   av.it.:  16.0
      thresh= 2.235E-08 alpha_mix =  0.700 |ddv_scf|^2 =  8.230E-15

     End of self-consistent calculation

     Convergence has been achieved 


     Representation #   8 modes #  15  16

     Self-consistent Calculation

      iter #   1 total cpu time :157778.5 secs   av.it.:   3.6
      thresh= 1.000E-02 alpha_mix =  0.700 |ddv_scf|^2 =  1.832E-09

      iter #   2 total cpu time :157977.1 secs   av.it.:  16.6
      thresh= 4.280E-06 alpha_mix =  0.700 |ddv_scf|^2 =  1.416E-09

      iter #   3 total cpu time :158163.4 secs   av.it.:  15.2
      thresh= 3.763E-06 alpha_mix =  0.700 |ddv_scf|^2 =  1.524E-11

      iter #   4 total cpu time :158352.6 secs   av.it.:  16.0
      thresh= 3.904E-07 alpha_mix =  0.700 |ddv_scf|^2 =  1.200E-12

      iter #   5 total cpu time :158544.2 secs   av.it.:  16.0
      thresh= 1.095E-07 alpha_mix =  0.700 |ddv_scf|^2 =  4.357E-14

      iter #   6 total cpu time :158740.8 secs   av.it.:  16.6
      thresh= 2.087E-08 alpha_mix =  0.700 |ddv_scf|^2 =  4.046E-15

     End of self-consistent calculation

     Convergence has been achieved 


     Representation #   9 modes #  17  18

     Self-consistent Calculation

      iter #   1 total cpu time :158844.0 secs   av.it.:   5.0
      thresh= 1.000E-02 alpha_mix =  0.700 |ddv_scf|^2 =  4.342E-08

      iter #   2 total cpu time :159032.5 secs   av.it.:  16.0
      thresh= 2.084E-05 alpha_mix =  0.700 |ddv_scf|^2 =  6.604E-08

      iter #   3 total cpu time :159208.4 secs   av.it.:  14.7
      thresh= 2.570E-05 alpha_mix =  0.700 |ddv_scf|^2 =  5.914E-11

      iter #   4 total cpu time :159404.9 secs   av.it.:  16.3
      thresh= 7.690E-07 alpha_mix =  0.700 |ddv_scf|^2 =  5.793E-12

      iter #   5 total cpu time :159598.6 secs   av.it.:  16.0
      thresh= 2.407E-07 alpha_mix =  0.700 |ddv_scf|^2 =  2.130E-13

      iter #   6 total cpu time :159800.1 secs   av.it.:  16.9
      thresh= 4.615E-08 alpha_mix =  0.700 |ddv_scf|^2 =  3.570E-14

      iter #   7 total cpu time :159994.0 secs   av.it.:  16.0
      thresh= 1.889E-08 alpha_mix =  0.700 |ddv_scf|^2 =  6.714E-16

     End of self-consistent calculation

     Convergence has been achieved 


     Representation #  10 modes #  19  20

     Self-consistent Calculation

      iter #   1 total cpu time :160115.5 secs   av.it.:   6.6
      thresh= 1.000E-02 alpha_mix =  0.700 |ddv_scf|^2 =  3.148E-08

      iter #   2 total cpu time :160314.7 secs   av.it.:  16.3
      thresh= 1.774E-05 alpha_mix =  0.700 |ddv_scf|^2 =  3.336E-08

      iter #   3 total cpu time :160499.3 secs   av.it.:  15.0
      thresh= 1.826E-05 alpha_mix =  0.700 |ddv_scf|^2 =  3.837E-10

      iter #   4 total cpu time :160693.9 secs   av.it.:  16.0
      thresh= 1.959E-06 alpha_mix =  0.700 |ddv_scf|^2 =  4.541E-12

      iter #   5 total cpu time :160895.5 secs   av.it.:  17.0
      thresh= 2.131E-07 alpha_mix =  0.700 |ddv_scf|^2 =  5.674E-13

      iter #   6 total cpu time :161095.4 secs   av.it.:  16.8
      thresh= 7.532E-08 alpha_mix =  0.700 |ddv_scf|^2 =  2.079E-14

      iter #   7 total cpu time :161293.6 secs   av.it.:  16.9
      thresh= 1.442E-08 alpha_mix =  0.700 |ddv_scf|^2 =  1.775E-15

     End of self-consistent calculation

     Convergence has been achieved 


     Representation #  11 modes #  21  22

     Self-consistent Calculation

      iter #   1 total cpu time :161379.9 secs   av.it.:   3.0
      thresh= 1.000E-02 alpha_mix =  0.700 |ddv_scf|^2 =  2.015E-09

      iter #   2 total cpu time :161576.1 secs   av.it.:  16.0
      thresh= 4.488E-06 alpha_mix =  0.700 |ddv_scf|^2 =  2.008E-09

      iter #   3 total cpu time :161759.8 secs   av.it.:  15.0
      thresh= 4.481E-06 alpha_mix =  0.700 |ddv_scf|^2 =  1.082E-11

      iter #   4 total cpu time :161958.3 secs   av.it.:  16.0
      thresh= 3.289E-07 alpha_mix =  0.700 |ddv_scf|^2 =  1.039E-12

      iter #   5 total cpu time :162151.7 secs   av.it.:  16.0
      thresh= 1.020E-07 alpha_mix =  0.700 |ddv_scf|^2 =  2.306E-14

      iter #   6 total cpu time :162349.4 secs   av.it.:  16.9
      thresh= 1.519E-08 alpha_mix =  0.700 |ddv_scf|^2 =  1.546E-15

     End of self-consistent calculation

     Convergence has been achieved 


     Representation #  12 modes #  23  24

     Self-consistent Calculation

      iter #   1 total cpu time :162435.4 secs   av.it.:   3.0
      thresh= 1.000E-02 alpha_mix =  0.700 |ddv_scf|^2 =  1.072E-09

      iter #   2 total cpu time :162627.5 secs   av.it.:  16.0
      thresh= 3.274E-06 alpha_mix =  0.700 |ddv_scf|^2 =  1.299E-09

      iter #   3 total cpu time :162806.5 secs   av.it.:  15.0
      thresh= 3.604E-06 alpha_mix =  0.700 |ddv_scf|^2 =  5.078E-12

      iter #   4 total cpu time :163004.3 secs   av.it.:  16.1
      thresh= 2.253E-07 alpha_mix =  0.700 |ddv_scf|^2 =  5.755E-13

      iter #   5 total cpu time :163198.5 secs   av.it.:  16.0
      thresh= 7.586E-08 alpha_mix =  0.700 |ddv_scf|^2 =  2.730E-14

      iter #   6 total cpu time :163393.7 secs   av.it.:  16.5
      thresh= 1.652E-08 alpha_mix =  0.700 |ddv_scf|^2 =  1.083E-15

     End of self-consistent calculation

     Convergence has been achieved 


     Representation #  13 modes #  25  26

     Self-consistent Calculation

      iter #   1 total cpu time :163480.3 secs   av.it.:   3.0
      thresh= 1.000E-02 alpha_mix =  0.700 |ddv_scf|^2 =  7.585E-10

      iter #   2 total cpu time :163679.7 secs   av.it.:  16.4
      thresh= 2.754E-06 alpha_mix =  0.700 |ddv_scf|^2 =  5.802E-10

      iter #   3 total cpu time :163863.1 secs   av.it.:  15.0
      thresh= 2.409E-06 alpha_mix =  0.700 |ddv_scf|^2 =  8.397E-12

      iter #   4 total cpu time :164053.4 secs   av.it.:  16.0
      thresh= 2.898E-07 alpha_mix =  0.700 |ddv_scf|^2 =  9.567E-13

      iter #   5 total cpu time :164244.4 secs   av.it.:  16.0
      thresh= 9.781E-08 alpha_mix =  0.700 |ddv_scf|^2 =  4.145E-14

      iter #   6 total cpu time :164435.9 secs   av.it.:  16.0
      thresh= 2.036E-08 alpha_mix =  0.700 |ddv_scf|^2 =  3.016E-15

     End of self-consistent calculation

     Convergence has been achieved 


     Representation #  14 modes #  27  28

     Self-consistent Calculation

      iter #   1 total cpu time :164523.4 secs   av.it.:   3.1
      thresh= 1.000E-02 alpha_mix =  0.700 |ddv_scf|^2 =  8.015E-10

      iter #   2 total cpu time :164722.7 secs   av.it.:  16.9
      thresh= 2.831E-06 alpha_mix =  0.700 |ddv_scf|^2 =  5.646E-10

      iter #   3 total cpu time :164912.3 secs   av.it.:  15.3
      thresh= 2.376E-06 alpha_mix =  0.700 |ddv_scf|^2 =  9.642E-12

      iter #   4 total cpu time :165109.0 secs   av.it.:  16.0
      thresh= 3.105E-07 alpha_mix =  0.700 |ddv_scf|^2 =  1.065E-12

      iter #   5 total cpu time :165304.0 secs   av.it.:  16.0
      thresh= 1.032E-07 alpha_mix =  0.700 |ddv_scf|^2 =  1.592E-14

      iter #   6 total cpu time :165506.8 secs   av.it.:  16.9
      thresh= 1.262E-08 alpha_mix =  0.700 |ddv_scf|^2 =  2.693E-15

     End of self-consistent calculation

     Convergence has been achieved 


     Representation #  15 modes #  29  30

     Self-consistent Calculation

      iter #   1 total cpu time :165630.1 secs   av.it.:   6.7
      thresh= 1.000E-02 alpha_mix =  0.700 |ddv_scf|^2 =  1.108E-07

      iter #   2 total cpu time :165823.2 secs   av.it.:  16.0
      thresh= 3.328E-05 alpha_mix =  0.700 |ddv_scf|^2 =  1.546E-07

      iter #   3 total cpu time :166001.9 secs   av.it.:  15.0
      thresh= 3.932E-05 alpha_mix =  0.700 |ddv_scf|^2 =  5.124E-10

      iter #   4 total cpu time :166195.2 secs   av.it.:  16.0
      thresh= 2.264E-06 alpha_mix =  0.700 |ddv_scf|^2 =  1.014E-11

      iter #   5 total cpu time :166392.6 secs   av.it.:  16.7
      thresh= 3.185E-07 alpha_mix =  0.700 |ddv_scf|^2 =  8.412E-13

      iter #   6 total cpu time :166596.8 secs   av.it.:  17.0
      thresh= 9.172E-08 alpha_mix =  0.700 |ddv_scf|^2 =  4.656E-14

      iter #   7 total cpu time :166797.8 secs   av.it.:  16.6
      thresh= 2.158E-08 alpha_mix =  0.700 |ddv_scf|^2 =  8.343E-15

     End of self-consistent calculation

     Convergence has been achieved 


     Representation #  16 modes #  31  32

     Self-consistent Calculation

      iter #   1 total cpu time :166883.2 secs   av.it.:   3.0
      thresh= 1.000E-02 alpha_mix =  0.700 |ddv_scf|^2 =  5.051E-10

      iter #   2 total cpu time :167082.6 secs   av.it.:  16.6
      thresh= 2.247E-06 alpha_mix =  0.700 |ddv_scf|^2 =  3.349E-10

      iter #   3 total cpu time :167272.8 secs   av.it.:  15.9
      thresh= 1.830E-06 alpha_mix =  0.700 |ddv_scf|^2 =  1.950E-11

      iter #   4 total cpu time :167457.5 secs   av.it.:  15.0
      thresh= 4.416E-07 alpha_mix =  0.700 |ddv_scf|^2 =  4.166E-13

      iter #   5 total cpu time :167654.6 secs   av.it.:  16.1
      thresh= 6.455E-08 alpha_mix =  0.700 |ddv_scf|^2 =  1.658E-14

      iter #   6 total cpu time :167858.0 secs   av.it.:  17.0
      thresh= 1.288E-08 alpha_mix =  0.700 |ddv_scf|^2 =  9.997E-16

     End of self-consistent calculation

     Convergence has been achieved 


     Representation #  17 modes #  33  34

     Self-consistent Calculation

      iter #   1 total cpu time :167946.6 secs   av.it.:   3.0
      thresh= 1.000E-02 alpha_mix =  0.700 |ddv_scf|^2 =  4.977E-09

      iter #   2 total cpu time :168135.4 secs   av.it.:  15.9
      thresh= 7.055E-06 alpha_mix =  0.700 |ddv_scf|^2 =  6.924E-09

      iter #   3 total cpu time :168313.5 secs   av.it.:  14.9
      thresh= 8.321E-06 alpha_mix =  0.700 |ddv_scf|^2 =  1.650E-12

      iter #   4 total cpu time :168518.7 secs   av.it.:  17.0
      thresh= 1.285E-07 alpha_mix =  0.700 |ddv_scf|^2 =  4.730E-13

      iter #   5 total cpu time :168716.0 secs   av.it.:  16.4
      thresh= 6.877E-08 alpha_mix =  0.700 |ddv_scf|^2 =  2.017E-14

      iter #   6 total cpu time :168913.5 secs   av.it.:  16.0
      thresh= 1.420E-08 alpha_mix =  0.700 |ddv_scf|^2 =  1.765E-15

     End of self-consistent calculation

     Convergence has been achieved 


     Representation #  18 modes #  35  36

     Self-consistent Calculation

      iter #   1 total cpu time :169018.6 secs   av.it.:   5.0
      thresh= 1.000E-02 alpha_mix =  0.700 |ddv_scf|^2 =  6.504E-09

      iter #   2 total cpu time :169223.8 secs   av.it.:  16.9
      thresh= 8.065E-06 alpha_mix =  0.700 |ddv_scf|^2 =  2.947E-09

      iter #   3 total cpu time :169420.5 secs   av.it.:  16.0
      thresh= 5.429E-06 alpha_mix =  0.700 |ddv_scf|^2 =  8.111E-12

      iter #   4 total cpu time :169626.6 secs   av.it.:  17.0
      thresh= 2.848E-07 alpha_mix =  0.700 |ddv_scf|^2 =  4.144E-12

      iter #   5 total cpu time :169819.9 secs   av.it.:  15.8
      thresh= 2.036E-07 alpha_mix =  0.700 |ddv_scf|^2 =  3.175E-13

      iter #   6 total cpu time :170017.9 secs   av.it.:  16.0
      thresh= 5.634E-08 alpha_mix =  0.700 |ddv_scf|^2 =  9.332E-15

     End of self-consistent calculation

     Convergence has been achieved 


     Representation #  19 modes #  37  38

     Self-consistent Calculation

      iter #   1 total cpu time :170110.6 secs   av.it.:   4.0
      thresh= 1.000E-02 alpha_mix =  0.700 |ddv_scf|^2 =  1.389E-09

      iter #   2 total cpu time :170316.3 secs   av.it.:  16.9
      thresh= 3.727E-06 alpha_mix =  0.700 |ddv_scf|^2 =  9.161E-10

      iter #   3 total cpu time :170512.5 secs   av.it.:  16.0
      thresh= 3.027E-06 alpha_mix =  0.700 |ddv_scf|^2 =  1.894E-11

      iter #   4 total cpu time :170703.3 secs   av.it.:  15.1
      thresh= 4.353E-07 alpha_mix =  0.700 |ddv_scf|^2 =  8.869E-13

      iter #   5 total cpu time :170905.4 secs   av.it.:  16.2
      thresh= 9.417E-08 alpha_mix =  0.700 |ddv_scf|^2 =  8.029E-14

      iter #   6 total cpu time :171105.5 secs   av.it.:  16.0
      thresh= 2.834E-08 alpha_mix =  0.700 |ddv_scf|^2 =  2.575E-14

      iter #   7 total cpu time :171297.3 secs   av.it.:  15.2
      thresh= 1.605E-08 alpha_mix =  0.700 |ddv_scf|^2 =  1.884E-16

     End of self-consistent calculation

     Convergence has been achieved 


     Representation #  20 modes #  39  40

     Self-consistent Calculation

      iter #   1 total cpu time :171400.5 secs   av.it.:   4.9
      thresh= 1.000E-02 alpha_mix =  0.700 |ddv_scf|^2 =  4.880E-09

      iter #   2 total cpu time :171605.2 secs   av.it.:  16.9
      thresh= 6.985E-06 alpha_mix =  0.700 |ddv_scf|^2 =  3.290E-09

      iter #   3 total cpu time :171798.2 secs   av.it.:  15.7
      thresh= 5.736E-06 alpha_mix =  0.700 |ddv_scf|^2 =  1.359E-10

      iter #   4 total cpu time :171990.6 secs   av.it.:  15.4
      thresh= 1.166E-06 alpha_mix =  0.700 |ddv_scf|^2 =  3.047E-12

      iter #   5 total cpu time :172192.6 secs   av.it.:  16.1
      thresh= 1.746E-07 alpha_mix =  0.700 |ddv_scf|^2 =  3.147E-13

      iter #   6 total cpu time :172397.5 secs   av.it.:  16.9
      thresh= 5.610E-08 alpha_mix =  0.700 |ddv_scf|^2 =  2.067E-14

      iter #   7 total cpu time :172603.8 secs   av.it.:  17.0
      thresh= 1.438E-08 alpha_mix =  0.700 |ddv_scf|^2 =  1.795E-15

     End of self-consistent calculation

     Convergence has been achieved 


     Representation #  21 modes #  41  42

     Self-consistent Calculation

      iter #   1 total cpu time :172691.0 secs   av.it.:   3.0
      thresh= 1.000E-02 alpha_mix =  0.700 |ddv_scf|^2 =  1.275E-09

      iter #   2 total cpu time :172889.1 secs   av.it.:  16.0
      thresh= 3.571E-06 alpha_mix =  0.700 |ddv_scf|^2 =  9.422E-10

      iter #   3 total cpu time :173076.6 secs   av.it.:  15.0
      thresh= 3.070E-06 alpha_mix =  0.700 |ddv_scf|^2 =  1.678E-11

      iter #   4 total cpu time :173270.3 secs   av.it.:  15.8
      thresh= 4.096E-07 alpha_mix =  0.700 |ddv_scf|^2 =  6.611E-13

      iter #   5 total cpu time :173465.6 secs   av.it.:  16.0
      thresh= 8.131E-08 alpha_mix =  0.700 |ddv_scf|^2 =  2.352E-14

      iter #   6 total cpu time :173662.4 secs   av.it.:  16.4
      thresh= 1.534E-08 alpha_mix =  0.700 |ddv_scf|^2 =  5.606E-15

     End of self-consistent calculation

     Convergence has been achieved 


     Representation #  22 modes #  43  44

     Self-consistent Calculation

      iter #   1 total cpu time :173751.9 secs   av.it.:   3.3
      thresh= 1.000E-02 alpha_mix =  0.700 |ddv_scf|^2 =  2.990E-09

      iter #   2 total cpu time :173945.2 secs   av.it.:  16.0
      thresh= 5.468E-06 alpha_mix =  0.700 |ddv_scf|^2 =  3.847E-09

      iter #   3 total cpu time :174128.4 secs   av.it.:  15.0
      thresh= 6.203E-06 alpha_mix =  0.700 |ddv_scf|^2 =  1.063E-11

      iter #   4 total cpu time :174326.6 secs   av.it.:  16.7
      thresh= 3.261E-07 alpha_mix =  0.700 |ddv_scf|^2 =  5.642E-13

      iter #   5 total cpu time :174524.0 secs   av.it.:  16.7
      thresh= 7.511E-08 alpha_mix =  0.700 |ddv_scf|^2 =  4.174E-14

      iter #   6 total cpu time :174719.7 secs   av.it.:  16.4
      thresh= 2.043E-08 alpha_mix =  0.700 |ddv_scf|^2 =  5.408E-15

     End of self-consistent calculation

     Convergence has been achieved 


     Representation #  23 modes #  45  46

     Self-consistent Calculation

      iter #   1 total cpu time :174804.6 secs   av.it.:   3.0
      thresh= 1.000E-02 alpha_mix =  0.700 |ddv_scf|^2 =  2.843E-10

      iter #   2 total cpu time :175007.8 secs   av.it.:  17.0
      thresh= 1.686E-06 alpha_mix =  0.700 |ddv_scf|^2 =  8.821E-11

      iter #   3 total cpu time :175205.2 secs   av.it.:  16.0
      thresh= 9.392E-07 alpha_mix =  0.700 |ddv_scf|^2 =  7.954E-12

      iter #   4 total cpu time :175393.3 secs   av.it.:  15.2
      thresh= 2.820E-07 alpha_mix =  0.700 |ddv_scf|^2 =  5.612E-13

      iter #   5 total cpu time :175587.7 secs   av.it.:  16.1
      thresh= 7.491E-08 alpha_mix =  0.700 |ddv_scf|^2 =  2.137E-14

      iter #   6 total cpu time :175782.4 secs   av.it.:  16.9
      thresh= 1.462E-08 alpha_mix =  0.700 |ddv_scf|^2 =  1.439E-15

     End of self-consistent calculation

     Convergence has been achieved 


     Representation #  24 modes #  47  48

     Self-consistent Calculation

      iter #   1 total cpu time :175867.3 secs   av.it.:   3.0
      thresh= 1.000E-02 alpha_mix =  0.700 |ddv_scf|^2 =  1.831E-09

      iter #   2 total cpu time :176058.6 secs   av.it.:  16.0
      thresh= 4.279E-06 alpha_mix =  0.700 |ddv_scf|^2 =  1.944E-09

      iter #   3 total cpu time :176238.2 secs   av.it.:  15.0
      thresh= 4.410E-06 alpha_mix =  0.700 |ddv_scf|^2 =  8.502E-12

      iter #   4 total cpu time :176434.2 secs   av.it.:  16.2
      thresh= 2.916E-07 alpha_mix =  0.700 |ddv_scf|^2 =  6.024E-13

      iter #   5 total cpu time :176632.4 secs   av.it.:  16.5
      thresh= 7.761E-08 alpha_mix =  0.700 |ddv_scf|^2 =  2.379E-14

      iter #   6 total cpu time :176830.0 secs   av.it.:  16.1
      thresh= 1.542E-08 alpha_mix =  0.700 |ddv_scf|^2 =  1.699E-15

     End of self-consistent calculation

     Convergence has been achieved 


     Representation #  25 modes #  49  50

     Self-consistent Calculation

      iter #   1 total cpu time :176929.4 secs   av.it.:   4.2
      thresh= 1.000E-02 alpha_mix =  0.700 |ddv_scf|^2 =  3.869E-09

      iter #   2 total cpu time :177129.5 secs   av.it.:  16.8
      thresh= 6.220E-06 alpha_mix =  0.700 |ddv_scf|^2 =  3.062E-09

      iter #   3 total cpu time :177314.8 secs   av.it.:  15.0
      thresh= 5.534E-06 alpha_mix =  0.700 |ddv_scf|^2 =  9.819E-11

      iter #   4 total cpu time :177505.5 secs   av.it.:  15.9
      thresh= 9.909E-07 alpha_mix =  0.700 |ddv_scf|^2 =  2.160E-12

      iter #   5 total cpu time :177703.6 secs   av.it.:  16.2
      thresh= 1.470E-07 alpha_mix =  0.700 |ddv_scf|^2 =  2.453E-13

      iter #   6 total cpu time :177903.3 secs   av.it.:  16.9
      thresh= 4.952E-08 alpha_mix =  0.700 |ddv_scf|^2 =  1.324E-14

      iter #   7 total cpu time :178105.2 secs   av.it.:  17.0
      thresh= 1.151E-08 alpha_mix =  0.700 |ddv_scf|^2 =  1.367E-15

     End of self-consistent calculation

     Convergence has been achieved 


     Representation #  26 modes #  51  52

     Self-consistent Calculation

      iter #   1 total cpu time :178198.0 secs   av.it.:   4.0
      thresh= 1.000E-02 alpha_mix =  0.700 |ddv_scf|^2 =  5.388E-09

      iter #   2 total cpu time :178391.7 secs   av.it.:  16.0
      thresh= 7.340E-06 alpha_mix =  0.700 |ddv_scf|^2 =  6.755E-09

      iter #   3 total cpu time :178577.0 secs   av.it.:  15.0
      thresh= 8.219E-06 alpha_mix =  0.700 |ddv_scf|^2 =  1.676E-11

      iter #   4 total cpu time :178776.9 secs   av.it.:  16.0
      thresh= 4.093E-07 alpha_mix =  0.700 |ddv_scf|^2 =  6.791E-13

      iter #   5 total cpu time :178979.7 secs   av.it.:  16.6
      thresh= 8.241E-08 alpha_mix =  0.700 |ddv_scf|^2 =  1.165E-13

      iter #   6 total cpu time :179173.4 secs   av.it.:  16.0
      thresh= 3.413E-08 alpha_mix =  0.700 |ddv_scf|^2 =  1.769E-14

      iter #   7 total cpu time :179365.8 secs   av.it.:  15.8
      thresh= 1.330E-08 alpha_mix =  0.700 |ddv_scf|^2 =  2.044E-16

     End of self-consistent calculation

     Convergence has been achieved 


     Representation #  27 modes #  53  54

     Self-consistent Calculation

      iter #   1 total cpu time :179490.1 secs   av.it.:   6.7
      thresh= 1.000E-02 alpha_mix =  0.700 |ddv_scf|^2 =  1.720E-07

      iter #   2 total cpu time :179686.1 secs   av.it.:  16.0
      thresh= 4.147E-05 alpha_mix =  0.700 |ddv_scf|^2 =  2.344E-07

      iter #   3 total cpu time :179869.7 secs   av.it.:  14.9
      thresh= 4.841E-05 alpha_mix =  0.700 |ddv_scf|^2 =  3.425E-10

      iter #   4 total cpu time :180070.7 secs   av.it.:  16.2
      thresh= 1.851E-06 alpha_mix =  0.700 |ddv_scf|^2 =  1.438E-11

      iter #   5 total cpu time :180273.1 secs   av.it.:  16.6
      thresh= 3.792E-07 alpha_mix =  0.700 |ddv_scf|^2 =  8.191E-13

      iter #   6 total cpu time :180479.9 secs   av.it.:  17.0
      thresh= 9.050E-08 alpha_mix =  0.700 |ddv_scf|^2 =  9.087E-14

      iter #   7 total cpu time :180678.4 secs   av.it.:  16.0
      thresh= 3.015E-08 alpha_mix =  0.700 |ddv_scf|^2 =  1.067E-14

      iter #   8 total cpu time :180873.5 secs   av.it.:  16.1
      thresh= 1.033E-08 alpha_mix =  0.700 |ddv_scf|^2 =  1.932E-15

     End of self-consistent calculation

     Convergence has been achieved 


     Representation #  28 modes #  55  56

     Self-consistent Calculation

      iter #   1 total cpu time :180959.2 secs   av.it.:   3.0
      thresh= 1.000E-02 alpha_mix =  0.700 |ddv_scf|^2 =  2.509E-09

      iter #   2 total cpu time :181149.2 secs   av.it.:  16.0
      thresh= 5.009E-06 alpha_mix =  0.700 |ddv_scf|^2 =  2.784E-09

      iter #   3 total cpu time :181327.6 secs   av.it.:  15.0
      thresh= 5.277E-06 alpha_mix =  0.700 |ddv_scf|^2 =  1.071E-11

      iter #   4 total cpu time :181522.9 secs   av.it.:  16.0
      thresh= 3.273E-07 alpha_mix =  0.700 |ddv_scf|^2 =  4.407E-13

      iter #   5 total cpu time :181721.5 secs   av.it.:  17.0
      thresh= 6.638E-08 alpha_mix =  0.700 |ddv_scf|^2 =  3.485E-14

      iter #   6 total cpu time :181915.1 secs   av.it.:  16.0
      thresh= 1.867E-08 alpha_mix =  0.700 |ddv_scf|^2 =  3.004E-15

     End of self-consistent calculation

     Convergence has been achieved 


     Representation #  29 modes #  57  58

     Self-consistent Calculation

      iter #   1 total cpu time :182002.9 secs   av.it.:   3.1
      thresh= 1.000E-02 alpha_mix =  0.700 |ddv_scf|^2 =  9.017E-10

      iter #   2 total cpu time :182197.8 secs   av.it.:  16.2
      thresh= 3.003E-06 alpha_mix =  0.700 |ddv_scf|^2 =  7.050E-10

      iter #   3 total cpu time :182380.9 secs   av.it.:  15.0
      thresh= 2.655E-06 alpha_mix =  0.700 |ddv_scf|^2 =  8.501E-12

      iter #   4 total cpu time :182573.4 secs   av.it.:  16.0
      thresh= 2.916E-07 alpha_mix =  0.700 |ddv_scf|^2 =  9.932E-13

      iter #   5 total cpu time :182766.6 secs   av.it.:  16.0
      thresh= 9.966E-08 alpha_mix =  0.700 |ddv_scf|^2 =  1.696E-14

      iter #   6 total cpu time :182965.7 secs   av.it.:  17.0
      thresh= 1.302E-08 alpha_mix =  0.700 |ddv_scf|^2 =  1.146E-15

     End of self-consistent calculation

     Convergence has been achieved 


     Representation #  30 modes #  59  60

     Self-consistent Calculation

      iter #   1 total cpu time :183068.7 secs   av.it.:   5.0
      thresh= 1.000E-02 alpha_mix =  0.700 |ddv_scf|^2 =  1.555E-08

      iter #   2 total cpu time :183263.9 secs   av.it.:  16.0
      thresh= 1.247E-05 alpha_mix =  0.700 |ddv_scf|^2 =  1.970E-08

      iter #   3 total cpu time :183445.6 secs   av.it.:  14.9
      thresh= 1.404E-05 alpha_mix =  0.700 |ddv_scf|^2 =  4.994E-11

      iter #   4 total cpu time :183646.4 secs   av.it.:  16.9
      thresh= 7.067E-07 alpha_mix =  0.700 |ddv_scf|^2 =  7.733E-12

      iter #   5 total cpu time :183833.8 secs   av.it.:  16.0
      thresh= 2.781E-07 alpha_mix =  0.700 |ddv_scf|^2 =  1.945E-13

      iter #   6 total cpu time :184029.0 secs   av.it.:  17.0
      thresh= 4.411E-08 alpha_mix =  0.700 |ddv_scf|^2 =  2.242E-14

      iter #   7 total cpu time :184221.0 secs   av.it.:  16.1
      thresh= 1.497E-08 alpha_mix =  0.700 |ddv_scf|^2 =  5.540E-16

     End of self-consistent calculation

     Convergence has been achieved 


     Representation #  31 modes #  61  62

     Self-consistent Calculation

      iter #   1 total cpu time :184309.6 secs   av.it.:   3.4
      thresh= 1.000E-02 alpha_mix =  0.700 |ddv_scf|^2 =  1.872E-09

      iter #   2 total cpu time :184505.0 secs   av.it.:  16.3
      thresh= 4.326E-06 alpha_mix =  0.700 |ddv_scf|^2 =  1.750E-09

      iter #   3 total cpu time :184693.1 secs   av.it.:  15.0
      thresh= 4.183E-06 alpha_mix =  0.700 |ddv_scf|^2 =  1.455E-11

      iter #   4 total cpu time :184889.0 secs   av.it.:  16.0
      thresh= 3.815E-07 alpha_mix =  0.700 |ddv_scf|^2 =  6.601E-13

      iter #   5 total cpu time :185089.2 secs   av.it.:  16.2
      thresh= 8.125E-08 alpha_mix =  0.700 |ddv_scf|^2 =  4.506E-14

      iter #   6 total cpu time :185291.9 secs   av.it.:  16.9
      thresh= 2.123E-08 alpha_mix =  0.700 |ddv_scf|^2 =  4.590E-15

     End of self-consistent calculation

     Convergence has been achieved 


     Representation #  32 modes #  63  64

     Self-consistent Calculation

      iter #   1 total cpu time :185379.7 secs   av.it.:   3.0
      thresh= 1.000E-02 alpha_mix =  0.700 |ddv_scf|^2 =  3.827E-10

      iter #   2 total cpu time :185586.4 secs   av.it.:  17.0
      thresh= 1.956E-06 alpha_mix =  0.700 |ddv_scf|^2 =  1.294E-10

      iter #   3 total cpu time :185786.9 secs   av.it.:  16.2
      thresh= 1.138E-06 alpha_mix =  0.700 |ddv_scf|^2 =  6.190E-12

      iter #   4 total cpu time :185981.6 secs   av.it.:  16.0
      thresh= 2.488E-07 alpha_mix =  0.700 |ddv_scf|^2 =  8.867E-13

      iter #   5 total cpu time :186170.7 secs   av.it.:  15.8
      thresh= 9.417E-08 alpha_mix =  0.700 |ddv_scf|^2 =  3.619E-14

      iter #   6 total cpu time :186365.8 secs   av.it.:  16.0
      thresh= 1.902E-08 alpha_mix =  0.700 |ddv_scf|^2 =  2.848E-15

     End of self-consistent calculation

     Convergence has been achieved 


     Representation #  33 modes #  65  66

     Self-consistent Calculation

      iter #   1 total cpu time :186455.0 secs   av.it.:   3.1
      thresh= 1.000E-02 alpha_mix =  0.700 |ddv_scf|^2 =  8.109E-10

      iter #   2 total cpu time :186658.0 secs   av.it.:  17.0
      thresh= 2.848E-06 alpha_mix =  0.700 |ddv_scf|^2 =  6.250E-10

      iter #   3 total cpu time :186846.5 secs   av.it.:  15.7
      thresh= 2.500E-06 alpha_mix =  0.700 |ddv_scf|^2 =  7.843E-12

      iter #   4 total cpu time :187043.4 secs   av.it.:  16.1
      thresh= 2.800E-07 alpha_mix =  0.700 |ddv_scf|^2 =  1.232E-12

      iter #   5 total cpu time :187241.7 secs   av.it.:  16.0
      thresh= 1.110E-07 alpha_mix =  0.700 |ddv_scf|^2 =  3.295E-14

      iter #   6 total cpu time :187445.2 secs   av.it.:  16.6
      thresh= 1.815E-08 alpha_mix =  0.700 |ddv_scf|^2 =  2.737E-15

     End of self-consistent calculation

     Convergence has been achieved 

     Number of q in the star =    1
     List of q in the star:
          1  -0.500000000   0.000000000   0.000000000

     Diagonalizing the dynamical matrix

     q = (   -0.500000000   0.000000000   0.000000000 ) 

 **************************************************************************
     freq (    1) =       1.190754 [THz] =      39.719265 [cm-1]
     freq (    2) =       1.190754 [THz] =      39.719265 [cm-1]
     freq (    3) =       1.367634 [THz] =      45.619350 [cm-1]
     freq (    4) =       1.367634 [THz] =      45.619350 [cm-1]
     freq (    5) =       1.677104 [THz] =      55.942183 [cm-1]
     freq (    6) =       1.677104 [THz] =      55.942183 [cm-1]
     freq (    7) =       4.504030 [THz] =     150.238255 [cm-1]
     freq (    8) =       4.504030 [THz] =     150.238255 [cm-1]
     freq (    9) =       5.762525 [THz] =     192.217155 [cm-1]
     freq (   10) =       5.762525 [THz] =     192.217155 [cm-1]
     freq (   11) =       5.917258 [THz] =     197.378492 [cm-1]
     freq (   12) =       5.917258 [THz] =     197.378492 [cm-1]
     freq (   13) =       6.369692 [THz] =     212.470058 [cm-1]
     freq (   14) =       6.369692 [THz] =     212.470058 [cm-1]
     freq (   15) =       6.852442 [THz] =     228.572863 [cm-1]
     freq (   16) =       6.852442 [THz] =     228.572863 [cm-1]
     freq (   17) =       7.852276 [THz] =     261.923730 [cm-1]
     freq (   18) =       7.852276 [THz] =     261.923730 [cm-1]
     freq (   19) =       8.031785 [THz] =     267.911514 [cm-1]
     freq (   20) =       8.031785 [THz] =     267.911514 [cm-1]
     freq (   21) =       8.691234 [THz] =     289.908366 [cm-1]
     freq (   22) =       8.691234 [THz] =     289.908366 [cm-1]
     freq (   23) =       8.765158 [THz] =     292.374213 [cm-1]
     freq (   24) =       8.765158 [THz] =     292.374213 [cm-1]
     freq (   25) =       9.770515 [THz] =     325.909300 [cm-1]
     freq (   26) =       9.770515 [THz] =     325.909300 [cm-1]
     freq (   27) =      12.067402 [THz] =     402.525217 [cm-1]
     freq (   28) =      12.067402 [THz] =     402.525217 [cm-1]
     freq (   29) =      12.346037 [THz] =     411.819451 [cm-1]
     freq (   30) =      12.346037 [THz] =     411.819451 [cm-1]
     freq (   31) =      30.690904 [THz] =    1023.738361 [cm-1]
     freq (   32) =      30.690904 [THz] =    1023.738361 [cm-1]
     freq (   33) =      30.856585 [THz] =    1029.264869 [cm-1]
     freq (   34) =      30.856585 [THz] =    1029.264869 [cm-1]
     freq (   35) =      31.869580 [THz] =    1063.054760 [cm-1]
     freq (   36) =      31.869580 [THz] =    1063.054760 [cm-1]
     freq (   37) =      32.128462 [THz] =    1071.690130 [cm-1]
     freq (   38) =      32.128462 [THz] =    1071.690130 [cm-1]
     freq (   39) =      32.183009 [THz] =    1073.509632 [cm-1]
     freq (   40) =      32.183009 [THz] =    1073.509632 [cm-1]
     freq (   41) =      32.379753 [THz] =    1080.072286 [cm-1]
     freq (   42) =      32.379753 [THz] =    1080.072286 [cm-1]
     freq (   43) =      35.918141 [THz] =    1198.100235 [cm-1]
     freq (   44) =      35.918141 [THz] =    1198.100235 [cm-1]
     freq (   45) =      35.929410 [THz] =    1198.476102 [cm-1]
     freq (   46) =      35.929410 [THz] =    1198.476102 [cm-1]
     freq (   47) =      36.099039 [THz] =    1204.134334 [cm-1]
     freq (   48) =      36.099039 [THz] =    1204.134334 [cm-1]
     freq (   49) =      36.359801 [THz] =    1212.832429 [cm-1]
     freq (   50) =      36.359801 [THz] =    1212.832429 [cm-1]
     freq (   51) =      68.291518 [THz] =    2277.959849 [cm-1]
     freq (   52) =      68.291518 [THz] =    2277.959849 [cm-1]
     freq (   53) =      68.424941 [THz] =    2282.410348 [cm-1]
     freq (   54) =      68.424941 [THz] =    2282.410348 [cm-1]
     freq (   55) =      70.059217 [THz] =    2336.923919 [cm-1]
     freq (   56) =      70.059217 [THz] =    2336.923919 [cm-1]
     freq (   57) =      70.203317 [THz] =    2341.730593 [cm-1]
     freq (   58) =      70.203317 [THz] =    2341.730593 [cm-1]
     freq (   59) =      70.728526 [THz] =    2359.249689 [cm-1]
     freq (   60) =      70.728526 [THz] =    2359.249689 [cm-1]
     freq (   61) =      70.935823 [THz] =    2366.164346 [cm-1]
     freq (   62) =      70.935823 [THz] =    2366.164346 [cm-1]
     freq (   63) =      71.173012 [THz] =    2374.076126 [cm-1]
     freq (   64) =      71.173012 [THz] =    2374.076126 [cm-1]
     freq (   65) =      71.210109 [THz] =    2375.313547 [cm-1]
     freq (   66) =      71.210109 [THz] =    2375.313547 [cm-1]
 **************************************************************************

     Calculation of q =   -0.5000000   0.0000000  -0.7637063

     Parallelization info
     --------------------
     sticks:   dense  smooth     PW     G-vecs:    dense   smooth      PW
     Min         469     234     64                24647     8708    1250
     Max         470     236     65                24650     8711    1253
     Sum       11271    5637   1553               591573   209027   30037

     Using Slab Decomposition



     bravais-lattice index     =            8
     lattice parameter (alat)  =      13.3294  a.u.
     unit-cell volume          =    1548.2628 (a.u.)^3
     number of atoms/cell      =           22
     number of atomic types    =            3
     number of electrons       =        48.00
     number of Kohn-Sham states=           24
     kinetic-energy cutoff     =     100.0000  Ry
     charge density cutoff     =     800.0000  Ry
     Exchange-correlation= PBESOL
                           (   1   4  10   8   0   0   0)

     celldm(1)=  13.329372  celldm(2)=   0.998555  celldm(3)=   0.654702
     celldm(4)=   0.000000  celldm(5)=   0.000000  celldm(6)=   0.000000

     crystal axes: (cart. coord. in units of alat)
               a(1) = (   1.000000   0.000000   0.000000 )  
               a(2) = (   0.000000   0.998555   0.000000 )  
               a(3) = (   0.000000   0.000000   0.654702 )  

     reciprocal axes: (cart. coord. in units 2 pi/alat)
               b(1) = (  1.000000  0.000000  0.000000 )  
               b(2) = (  0.000000  1.001447  0.000000 )  
               b(3) = (  0.000000  0.000000  1.527413 )  


     PseudoPot. # 1 for B  read from file:
     /home/mehlhorn/pseudos/b_pbesol_v1.4.uspp.F.UPF
     MD5 check sum: 369b69bef2c3aeed4453bd8b804fd6a8
     Pseudo is Ultrasoft + core correction, Zval =  3.0
     Generated by new atomic code, or converted to UPF format
     Using radial grid of  781 points,  4 beta functions with: 
                l(1) =   0
                l(2) =   0
                l(3) =   1
                l(4) =   1
     Q(r) pseudized with  8 coefficients,  rinner =    1.100   1.100   1.100


     PseudoPot. # 2 for Ba read from file:
     /home/mehlhorn/pseudos/Ba.nc.z_10.oncvpsp4.dojo.v4-sp.upf
     MD5 check sum: c10ed334bb677c0554edec7181ce9143
     Pseudo is Norm-conserving + core correction, Zval = 10.0
     Generated using ONCVPSP code by D. R. Hamann
     Using radial grid of 1938 points,  8 beta functions with: 
                l(1) =   0
                l(2) =   0
                l(3) =   1
                l(4) =   1
                l(5) =   2
                l(6) =   2
                l(7) =   3
                l(8) =   3

     PseudoPot. # 3 for H  read from file:
     /home/mehlhorn/pseudos/H_ONCV_PBEsol-1.0.upf
     MD5 check sum: 398ef8f67c0a7342c05c87c5e19ea467
     Pseudo is Norm-conserving, Zval =  1.0
     Generated using ONCVPSP code by D. R. Hamann
     Using radial grid of 1180 points,  2 beta functions with: 
                l(1) =   0
                l(2) =   0

     atomic species   valence    mass     pseudopotential
     B                 3.00    10.81100     B ( 1.00)
     Ba               10.00   137.32700     Ba( 1.00)
     H                 1.00     1.00794     H ( 1.00)

      4 Sym. Ops. (no inversion) found



   Cartesian axes

     site n.     atom                  positions (alat units)
         1        Ba     tau(   1) = (   0.5000000   0.4992775   0.3273502  )
         2        Ba     tau(   2) = (   0.0000000   0.0000000   0.6547028  )
         3        B      tau(   3) = (   0.6273964   0.2536205   0.0000055  )
         4        B      tau(   4) = (   0.3726036   0.7449345   0.0000055  )
         5        B      tau(   5) = (   0.1273964   0.2456570   0.3273455  )
         6        B      tau(   6) = (   0.8726036   0.7528980   0.3273455  )
         7        H      tau(   7) = (   0.4554096   0.2850000  -0.0000080  )
         8        H      tau(   8) = (   0.5445904   0.7135550  -0.0000080  )
         9        H      tau(   9) = (   0.9554096   0.2142775   0.3273589  )
        10        H      tau(  10) = (   0.0445904   0.7842775   0.3273589  )
        11        H      tau(  11) = (   0.7157590   0.4052331   0.0000060  )
        12        H      tau(  12) = (   0.2842410   0.5933219   0.0000060  )
        13        H      tau(  13) = (   0.2157590   0.0940444   0.3273450  )
        14        H      tau(  14) = (   0.7842410   0.9045106   0.3273450  )
        15        H      tau(  15) = (   0.6658169   0.1636329   0.5103326  )
        16        H      tau(  16) = (   0.3341831   0.8349221   0.5103326  )
        17        H      tau(  17) = (   0.1658169   0.3356446   0.4717203  )
        18        H      tau(  18) = (   0.8341831   0.6629104   0.4717203  )
        19        H      tau(  19) = (   0.3341889   0.8349214   0.1443837  )
        20        H      tau(  20) = (   0.6658111   0.1636336   0.1443837  )
        21        H      tau(  21) = (   0.8341889   0.6629111   0.1829672  )
        22        H      tau(  22) = (   0.1658111   0.3356439   0.1829672  )

     number of k points=    54
                       cart. coord. in units 2pi/alat
        k(    1) = (   0.0000000   0.0000000   0.0000000), wk =   0.0160000
        k(    2) = (  -0.5000000   0.0000000  -0.7637063), wk =   0.0000000
        k(    3) = (   0.0000000   0.0000000   0.3054825), wk =   0.0320000
        k(    4) = (  -0.5000000   0.0000000  -0.4582238), wk =   0.0000000
        k(    5) = (   0.0000000   0.0000000   0.6109650), wk =   0.0320000
        k(    6) = (  -0.5000000   0.0000000  -0.1527413), wk =   0.0000000
        k(    7) = (   0.0000000   0.2002894   0.0000000), wk =   0.0320000
        k(    8) = (  -0.5000000   0.2002894  -0.7637063), wk =   0.0000000
        k(    9) = (   0.0000000   0.2002894   0.3054825), wk =   0.0640000
        k(   10) = (  -0.5000000   0.2002894  -0.4582238), wk =   0.0000000
        k(   11) = (   0.0000000   0.2002894   0.6109650), wk =   0.0640000
        k(   12) = (  -0.5000000   0.2002894  -0.1527413), wk =   0.0000000
        k(   13) = (   0.0000000   0.4005788   0.0000000), wk =   0.0320000
        k(   14) = (  -0.5000000   0.4005788  -0.7637063), wk =   0.0000000
        k(   15) = (   0.0000000   0.4005788   0.3054825), wk =   0.0640000
        k(   16) = (  -0.5000000   0.4005788  -0.4582238), wk =   0.0000000
        k(   17) = (   0.0000000   0.4005788   0.6109650), wk =   0.0640000
        k(   18) = (  -0.5000000   0.4005788  -0.1527413), wk =   0.0000000
        k(   19) = (   0.2000000   0.0000000   0.0000000), wk =   0.0320000
        k(   20) = (  -0.3000000   0.0000000  -0.7637063), wk =   0.0000000
        k(   21) = (   0.2000000   0.0000000   0.3054825), wk =   0.0640000
        k(   22) = (  -0.3000000   0.0000000  -0.4582238), wk =   0.0000000
        k(   23) = (   0.2000000   0.0000000   0.6109650), wk =   0.0640000
        k(   24) = (  -0.3000000   0.0000000  -0.1527413), wk =   0.0000000
        k(   25) = (   0.2000000   0.2002894   0.0000000), wk =   0.0640000
        k(   26) = (  -0.3000000   0.2002894  -0.7637063), wk =   0.0000000
        k(   27) = (   0.2000000   0.2002894   0.3054825), wk =   0.1280000
        k(   28) = (  -0.3000000   0.2002894  -0.4582238), wk =   0.0000000
        k(   29) = (   0.2000000   0.2002894   0.6109650), wk =   0.1280000
        k(   30) = (  -0.3000000   0.2002894  -0.1527413), wk =   0.0000000
        k(   31) = (   0.2000000   0.4005788   0.0000000), wk =   0.0640000
        k(   32) = (  -0.3000000   0.4005788  -0.7637063), wk =   0.0000000
        k(   33) = (   0.2000000   0.4005788   0.3054825), wk =   0.1280000
        k(   34) = (  -0.3000000   0.4005788  -0.4582238), wk =   0.0000000
        k(   35) = (   0.2000000   0.4005788   0.6109650), wk =   0.1280000
        k(   36) = (  -0.3000000   0.4005788  -0.1527413), wk =   0.0000000
        k(   37) = (   0.4000000   0.0000000   0.0000000), wk =   0.0320000
        k(   38) = (  -0.1000000   0.0000000  -0.7637063), wk =   0.0000000
        k(   39) = (   0.4000000   0.0000000   0.3054825), wk =   0.0640000
        k(   40) = (  -0.1000000   0.0000000  -0.4582238), wk =   0.0000000
        k(   41) = (   0.4000000   0.0000000   0.6109650), wk =   0.0640000
        k(   42) = (  -0.1000000   0.0000000  -0.1527413), wk =   0.0000000
        k(   43) = (   0.4000000   0.2002894   0.0000000), wk =   0.0640000
        k(   44) = (  -0.1000000   0.2002894  -0.7637063), wk =   0.0000000
        k(   45) = (   0.4000000   0.2002894   0.3054825), wk =   0.1280000
        k(   46) = (  -0.1000000   0.2002894  -0.4582238), wk =   0.0000000
        k(   47) = (   0.4000000   0.2002894   0.6109650), wk =   0.1280000
        k(   48) = (  -0.1000000   0.2002894  -0.1527413), wk =   0.0000000
        k(   49) = (   0.4000000   0.4005788   0.0000000), wk =   0.0640000
        k(   50) = (  -0.1000000   0.4005788  -0.7637063), wk =   0.0000000
        k(   51) = (   0.4000000   0.4005788   0.3054825), wk =   0.1280000
        k(   52) = (  -0.1000000   0.4005788  -0.4582238), wk =   0.0000000
        k(   53) = (   0.4000000   0.4005788   0.6109650), wk =   0.1280000
        k(   54) = (  -0.1000000   0.4005788  -0.1527413), wk =   0.0000000

     Dense  grid:   591573 G-vectors     FFT dimensions: ( 128, 120,  80)

     Smooth grid:   209027 G-vectors     FFT dimensions: (  90,  90,  60)

     Estimated max dynamical RAM per process >      53.56 MB

     Estimated total dynamical RAM >       1.26 GB

     The potential is recalculated from file :
     ./_ph0/pwscf.q_6/pwscf.save/charge-density

     Starting wfcs are   42 atomic wfcs

     Band Structure Calculation
     Davidson diagonalization with overlap

     ethr =  2.08E-11,  avg # of iterations = 21.8

     total cpu time spent up to now is     1057.7 secs

     End of band structure calculation

          k = 0.0000 0.0000 0.0000 ( 26119 PWs)   bands (ev):

   -24.4973 -24.4914  -9.9882  -9.9375  -9.7519  -9.7184  -9.6644  -9.6158
    -6.3979  -5.5522  -4.9998  -4.9223  -2.1154  -1.1774  -1.1395  -0.8197
    -0.7239  -0.5719  -0.4932  -0.3592  -0.0997   0.1566   0.1938   0.2103

          k =-0.5000 0.0000-0.7637 ( 26152 PWs)   bands (ev):

   -24.4808 -24.4808 -10.1643 -10.1643  -9.7524  -9.7524  -9.7306  -9.7306
    -5.5065  -5.5065  -5.0150  -5.0150  -2.1266  -2.1266  -0.9334  -0.9334
    -0.4280  -0.4280  -0.4169  -0.4169  -0.0601  -0.0601  -0.0191  -0.0191

          k = 0.0000 0.0000 0.3055 ( 26180 PWs)   bands (ev):

   -24.4921 -24.4873  -9.9284  -9.8881  -9.8459  -9.8202  -9.7381  -9.7131
    -6.0592  -5.3474  -5.1196  -5.0593  -1.8280  -1.5020  -1.1918  -1.0071
    -0.7310  -0.6613  -0.4034  -0.2669  -0.0752   0.0445   0.0617   0.1663

          k =-0.5000 0.0000-0.4582 ( 26172 PWs)   bands (ev):

   -24.4855 -24.4855 -10.0160 -10.0160  -9.8024  -9.8024  -9.7472  -9.7472
    -5.4598  -5.4598  -5.2222  -5.2222  -1.7631  -1.7631  -1.1140  -1.1140
    -0.5165  -0.5165  -0.3690  -0.3690  -0.0929  -0.0929   0.0297   0.0297

          k = 0.0000 0.0000 0.6110 ( 26130 PWs)   bands (ev):

   -24.4830 -24.4812 -10.1042 -10.0993  -9.8066  -9.7883  -9.7336  -9.7220
    -5.4366  -5.3151  -5.2942  -5.1356  -1.6894  -1.5584  -1.5421  -1.2651
    -0.6786  -0.6475  -0.3516  -0.2341  -0.1026  -0.0476   0.0273   0.0809

          k =-0.5000 0.0000-0.1527 ( 26178 PWs)   bands (ev):

   -24.4930 -24.4930  -9.8837  -9.8837  -9.8257  -9.8257  -9.6838  -9.6838
    -5.8128  -5.8128  -5.1220  -5.1220  -1.5106  -1.5106  -0.8731  -0.8731
    -0.5208  -0.5208  -0.4945  -0.4945  -0.2044  -0.2044   0.0273   0.0273

          k = 0.0000 0.2003 0.0000 ( 26152 PWs)   bands (ev):

   -24.4968 -24.4919  -9.9726  -9.9216  -9.7760  -9.7381  -9.6597  -9.6204
    -6.2929  -5.5357  -5.1270  -4.9748  -1.9375  -1.3211  -1.2019  -0.6350
    -0.5842  -0.5422  -0.5368  -0.3012  -0.1067  -0.0249   0.1376   0.1586

          k =-0.5000 0.2003-0.7637 ( 26140 PWs)   bands (ev):

   -24.4808 -24.4808 -10.1561 -10.1561  -9.7555  -9.7555  -9.7387  -9.7387
    -5.4909  -5.4909  -5.0293  -5.0293  -2.0746  -2.0746  -1.0902  -1.0902
    -0.4209  -0.4209  -0.3567  -0.3567  -0.0721  -0.0721   0.0572   0.0572

          k = 0.0000 0.2003 0.3055 ( 26154 PWs)   bands (ev):

   -24.4916 -24.4877  -9.9263  -9.8745  -9.8400  -9.8337  -9.7385  -9.7259
    -5.9805  -5.3229  -5.2265  -5.0905  -1.7081  -1.5259  -1.3125  -0.8086
    -0.6773  -0.6226  -0.5562  -0.2037  -0.0806   0.0372   0.0500   0.0629

          k =-0.5000 0.2003-0.4582 ( 26154 PWs)   bands (ev):

   -24.4855 -24.4855 -10.0067 -10.0067  -9.8290  -9.8290  -9.7313  -9.7313
    -5.4367  -5.4367  -5.2449  -5.2449  -1.7577  -1.7577  -1.1450  -1.1450
    -0.5058  -0.5058  -0.3696  -0.3696  -0.0563  -0.0563   0.0329   0.0329

          k = 0.0000 0.2003 0.6110 ( 26154 PWs)   bands (ev):

   -24.4829 -24.4814 -10.1106 -10.1063  -9.7925  -9.7802  -9.7340  -9.7267
    -5.5435  -5.4468  -5.1594  -5.0265  -1.7369  -1.6880  -1.4213  -1.1988
    -0.6300  -0.5068  -0.3650  -0.2327  -0.1278  -0.1233   0.0122   0.0255

          k =-0.5000 0.2003-0.1527 ( 26154 PWs)   bands (ev):

   -24.4930 -24.4930  -9.9294  -9.9294  -9.7767  -9.7767  -9.6855  -9.6855
    -5.8107  -5.8107  -5.1307  -5.1307  -1.4786  -1.4786  -0.9785  -0.9785
    -0.5054  -0.5054  -0.3942  -0.3942  -0.2243  -0.2243   0.0334   0.0334

          k = 0.0000 0.4006 0.0000 ( 26150 PWs)   bands (ev):

   -24.4953 -24.4934  -9.9300  -9.8950  -9.8167  -9.7862  -9.6475  -9.6325
    -6.0133  -5.6696  -5.2262  -5.1050  -1.6417  -1.4920  -1.0604  -0.5995
    -0.5859  -0.5630  -0.3279  -0.2712  -0.2108  -0.1405   0.0044   0.0601

          k =-0.5000 0.4006-0.7637 ( 26184 PWs)   bands (ev):

   -24.4808 -24.4808 -10.1421 -10.1421  -9.7651  -9.7651  -9.7480  -9.7480
    -5.4638  -5.4638  -5.0542  -5.0542  -1.9474  -1.9474  -1.3684  -1.3684
    -0.3621  -0.3621  -0.2377  -0.2377  -0.0952  -0.0952   0.0944   0.0944

          k = 0.0000 0.4006 0.3055 ( 26144 PWs)   bands (ev):

   -24.4904 -24.4889  -9.9116  -9.8792  -9.8410  -9.8183  -9.7499  -9.7473
    -5.7670  -5.4826  -5.2563  -5.1679  -1.5649  -1.5577  -1.2289  -0.8804
    -0.6100  -0.5594  -0.4499  -0.2288  -0.1529  -0.1441   0.0523   0.0568

          k =-0.5000 0.4006-0.4582 ( 26134 PWs)   bands (ev):

   -24.4855 -24.4855  -9.9877  -9.9877  -9.8649  -9.8649  -9.7166  -9.7166
    -5.3772  -5.3772  -5.3037  -5.3037  -1.7392  -1.7392  -1.2198  -1.2198
    -0.5087  -0.5087  -0.2554  -0.2554  -0.1026  -0.1026   0.0633   0.0633

          k = 0.0000 0.4006 0.6110 ( 26160 PWs)   bands (ev):

   -24.4824 -24.4818 -10.1196 -10.1176  -9.7658  -9.7634  -9.7393  -9.7386
    -5.6185  -5.5832  -5.0103  -4.9559  -1.8067  -1.8005  -1.2273  -1.1156
    -0.5237  -0.4225  -0.3403  -0.3071  -0.1961  -0.1343  -0.0939   0.0057

          k =-0.5000 0.4006-0.1527 ( 26110 PWs)   bands (ev):

   -24.4930 -24.4930  -9.9689  -9.9689  -9.7279  -9.7279  -9.6919  -9.6919
    -5.8073  -5.8073  -5.1447  -5.1447  -1.3939  -1.3939  -1.1557  -1.1557
    -0.4347  -0.4347  -0.3175  -0.3175  -0.1984  -0.1984  -0.0028  -0.0028

          k = 0.2000 0.0000 0.0000 ( 26143 PWs)   bands (ev):

   -24.4968 -24.4919  -9.9687  -9.9245  -9.7729  -9.7436  -9.6597  -9.6204
    -6.2989  -5.5819  -5.0221  -5.0030  -1.9865  -1.1137  -1.0688  -1.0050
    -0.5414  -0.5137  -0.4891  -0.3652  -0.1446  -0.0616   0.1401   0.1667

          k =-0.3000 0.0000-0.7637 ( 26186 PWs)   bands (ev):

   -24.4808 -24.4808 -10.1574 -10.1574  -9.7544  -9.7544  -9.7363  -9.7363
    -5.4682  -5.4682  -5.0663  -5.0663  -2.0197  -2.0197  -1.0917  -1.0916
    -0.4333  -0.4332  -0.3263  -0.3262  -0.1612  -0.1611   0.0230   0.0231

          k = 0.2000 0.0000 0.3055 ( 26134 PWs)   bands (ev):

   -24.4916 -24.4877  -9.9130  -9.8966  -9.8364  -9.8285  -9.7495  -9.7171
    -5.9763  -5.3577  -5.1367  -5.1338  -1.7415  -1.4844  -1.2776  -0.8819
    -0.7177  -0.6188  -0.4755  -0.2260  -0.2093   0.0316   0.0900   0.1245

          k =-0.3000 0.0000-0.4582 ( 26160 PWs)   bands (ev):

   -24.4865 -24.4845 -10.0119 -10.0022  -9.8373  -9.8025  -9.7499  -9.7246
    -5.6221  -5.3135  -5.2321  -5.1935  -1.7887  -1.6103  -1.3815  -0.9254
    -0.6887  -0.5148  -0.4176  -0.3163  -0.0918  -0.0412  -0.0046   0.0938

          k = 0.2000 0.0000 0.6110 ( 26147 PWs)   bands (ev):

   -24.4829 -24.4814 -10.1120 -10.1077  -9.7972  -9.7755  -9.7384  -9.7226
    -5.4718  -5.3658  -5.2432  -5.0848  -1.8906  -1.7526  -1.3436  -1.0945
    -0.6152  -0.5120  -0.3474  -0.2826  -0.1132  -0.0626  -0.0283   0.0755

          k =-0.3000 0.0000-0.1527 ( 26124 PWs)   bands (ev):

   -24.4947 -24.4914  -9.9320  -9.8996  -9.7941  -9.7767  -9.7004  -9.6722
    -6.0992  -5.5714  -5.0959  -5.0769  -1.7922  -1.2408  -1.1721  -0.8303
    -0.5801  -0.4941  -0.4673  -0.3462  -0.3317  -0.0360   0.0497   0.1182

          k = 0.2000 0.2003 0.0000 ( 26120 PWs)   bands (ev):

   -24.4963 -24.4924  -9.9781  -9.8972  -9.8131  -9.7276  -9.6559  -9.6241
    -6.2166  -5.5842  -5.1483  -4.9989  -1.8403  -1.3080  -1.1230  -0.7602
    -0.5916  -0.5284  -0.3633  -0.2945  -0.2052  -0.1235   0.0578   0.1466

          k =-0.3000 0.2003-0.7637 ( 26172 PWs)   bands (ev):

   -24.4808 -24.4808 -10.1602 -10.1472  -9.7634  -9.7508  -9.7414  -9.7354
    -5.5585  -5.3976  -5.1367  -4.9696  -2.0384  -1.9291  -1.2351  -1.0988
    -0.5003  -0.4390  -0.2515  -0.2456  -0.1641  -0.1100  -0.0443   0.0773

          k = 0.2000 0.2003 0.3055 ( 26149 PWs)   bands (ev):

   -24.4913 -24.4881  -9.9218  -9.8795  -9.8572  -9.8161  -9.7510  -9.7187
    -5.9107  -5.3433  -5.2552  -5.1197  -1.6548  -1.5029  -1.3410  -0.7847
    -0.7210  -0.5999  -0.4687  -0.2394  -0.1787  -0.0066   0.0510   0.1096

          k =-0.3000 0.2003-0.4582 ( 26148 PWs)   bands (ev):

   -24.4863 -24.4846 -10.0113  -9.9937  -9.8590  -9.7954  -9.7527  -9.7181
    -5.5957  -5.3244  -5.2739  -5.1715  -1.7746  -1.6394  -1.3456  -0.9821
    -0.6140  -0.5512  -0.3877  -0.2404  -0.1856  -0.0441   0.0092   0.1142

          k = 0.2000 0.2003 0.6110 ( 26142 PWs)   bands (ev):

   -24.4827 -24.4815 -10.1179 -10.1035  -9.8030  -9.7610  -9.7421  -9.7254
    -5.5541  -5.3747  -5.2205  -5.0120  -1.8934  -1.7493  -1.3301  -1.1383
    -0.5640  -0.4524  -0.3494  -0.2356  -0.1891  -0.0787  -0.0382   0.0811

          k =-0.3000 0.2003-0.1527 ( 26130 PWs)   bands (ev):

   -24.4944 -24.4917  -9.9593  -9.8841  -9.8225  -9.7339  -9.6989  -9.6776
    -6.0435  -5.5857  -5.1793  -5.0604  -1.6893  -1.3334  -1.1940  -0.7577
    -0.6668  -0.4773  -0.4017  -0.3215  -0.2480  -0.0906  -0.0089   0.1189

          k = 0.2000 0.4006 0.0000 ( 26127 PWs)   bands (ev):

   -24.4951 -24.4936  -9.9646  -9.9198  -9.7959  -9.7461  -9.6460  -9.6338
    -5.9953  -5.7217  -5.1991  -5.0950  -1.5872  -1.4579  -1.0453  -0.6338
    -0.6274  -0.6000  -0.4217  -0.1857  -0.1809  -0.1217  -0.0476   0.0521

          k =-0.3000 0.4006-0.7637 ( 26188 PWs)   bands (ev):

   -24.4808 -24.4808 -10.1522 -10.1438  -9.7631  -9.7510  -9.7461  -9.7459
    -5.5653  -5.4850  -5.0427  -4.9587  -1.9661  -1.8678  -1.3726  -1.2435
    -0.4430  -0.3638  -0.3177  -0.1787  -0.1401  -0.0900   0.0310   0.0340

          k = 0.2000 0.4006 0.3055 ( 26132 PWs)   bands (ev):

   -24.4903 -24.4891  -9.9194  -9.8954  -9.8452  -9.8157  -9.7458  -9.7279
    -5.7330  -5.4976  -5.2579  -5.1786  -1.5677  -1.5330  -1.2485  -0.9601
    -0.5919  -0.5063  -0.4413  -0.2512  -0.1488  -0.0787   0.0173   0.0524

          k =-0.3000 0.4006-0.4582 ( 26160 PWs)   bands (ev):

   -24.4858 -24.4852 -10.0025  -9.9907  -9.8619  -9.8288  -9.7315  -9.7178
    -5.5237  -5.4229  -5.2373  -5.1885  -1.7368  -1.6898  -1.2523  -1.1173
    -0.6022  -0.5096  -0.3168  -0.2060  -0.1174  -0.0992   0.0077   0.0713

          k = 0.2000 0.4006 0.6110 ( 26167 PWs)   bands (ev):

   -24.4823 -24.4819 -10.1169 -10.1083  -9.7924  -9.7682  -9.7370  -9.7291
    -5.5858  -5.5162  -5.0669  -4.9852  -1.8702  -1.7962  -1.2668  -1.1784
    -0.5412  -0.4412  -0.2994  -0.1943  -0.1724  -0.0960  -0.0664   0.0344

          k =-0.3000 0.4006-0.1527 ( 26123 PWs)   bands (ev):

   -24.4935 -24.4925  -9.9656  -9.9342  -9.7709  -9.7279  -9.6935  -9.6860
    -5.8914  -5.6997  -5.1968  -5.1204  -1.5079  -1.4209  -1.1811  -0.9313
    -0.5571  -0.4516  -0.3689  -0.2330  -0.2237  -0.1081  -0.0568   0.0543

          k = 0.4000 0.0000 0.0000 ( 26166 PWs)   bands (ev):

   -24.4953 -24.4934  -9.9198  -9.8949  -9.8176  -9.7991  -9.6475  -9.6325
    -6.0427  -5.7472  -5.0924  -5.0720  -1.6946  -1.3750  -0.8947  -0.6649
    -0.5464  -0.4849  -0.4785  -0.3501  -0.3169  -0.2526  -0.0461   0.0488

          k =-0.1000 0.0000-0.7637 ( 26098 PWs)   bands (ev):

   -24.4808 -24.4808 -10.1457 -10.1457  -9.7605  -9.7605  -9.7432  -9.7432
    -5.3731  -5.3731  -5.1813  -5.1813  -1.7566  -1.7565  -1.3737  -1.3736
    -0.4394  -0.4392  -0.4266  -0.4264  -0.0869  -0.0869   0.0374   0.0375

          k = 0.4000 0.0000 0.3055 ( 26144 PWs)   bands (ev):

   -24.4904 -24.4889  -9.8948  -9.8789  -9.8631  -9.8281  -9.7549  -9.7330
    -5.7580  -5.4941  -5.2052  -5.1768  -1.5956  -1.4462  -1.2863  -0.9228
    -0.6433  -0.5139  -0.5092  -0.3981  -0.1507  -0.0463   0.0634   0.0738

          k =-0.1000 0.0000-0.4582 ( 26162 PWs)   bands (ev):

   -24.4872 -24.4838  -9.9967  -9.9839  -9.8638  -9.8329  -9.7326  -9.7139
    -5.7284  -5.2291  -5.2206  -5.1793  -1.6886  -1.5635  -1.4345  -0.9440
    -0.8196  -0.7651  -0.3925  -0.1270  -0.1254  -0.0467   0.0768   0.0895

          k = 0.4000 0.0000 0.6110 ( 26164 PWs)   bands (ev):

   -24.4824 -24.4818 -10.1230 -10.1211  -9.7764  -9.7580  -9.7450  -9.7291
    -5.4907  -5.4536  -5.1309  -5.0645  -2.0272  -1.9688  -1.1034  -0.9605
    -0.5217  -0.4208  -0.3769  -0.2667  -0.2000  -0.0477  -0.0100   0.0103

          k =-0.1000 0.0000-0.1527 ( 26133 PWs)   bands (ev):

   -24.4958 -24.4903  -9.9675  -9.9215  -9.7542  -9.7260  -9.7140  -9.6733
    -6.2796  -5.4968  -5.0382  -4.9824  -2.0044  -1.2925  -1.0705  -0.9983
    -0.7250  -0.4748  -0.4186  -0.2982  -0.2233   0.0731   0.1635   0.1894

          k = 0.4000 0.2003 0.0000 ( 26129 PWs)   bands (ev):

   -24.4951 -24.4936  -9.9623  -9.9173  -9.7995  -9.7494  -9.6460  -9.6339
    -6.0147  -5.7644  -5.1321  -5.0629  -1.6183  -1.3970  -0.9229  -0.6830
    -0.5813  -0.5481  -0.5246  -0.3188  -0.2476  -0.1759  -0.0525   0.0736

          k =-0.1000 0.2003-0.7637 ( 26144 PWs)   bands (ev):

   -24.4808 -24.4808 -10.1542 -10.1461  -9.7598  -9.7495  -9.7433  -9.7419
    -5.5404  -5.4445  -5.1057  -5.0061  -1.8629  -1.7244  -1.4111  -1.2350
    -0.4599  -0.4563  -0.3423  -0.3398  -0.1083  -0.0932  -0.0397  -0.0059

          k = 0.4000 0.2003 0.3055 ( 26128 PWs)   bands (ev):

   -24.4903 -24.4891  -9.9142  -9.8932  -9.8549  -9.8220  -9.7443  -9.7242
    -5.7280  -5.5032  -5.2337  -5.1777  -1.5750  -1.4610  -1.3085  -0.9953
    -0.5853  -0.5025  -0.4403  -0.3340  -0.1608  -0.0641   0.0314   0.0698

          k =-0.1000 0.2003-0.4582 ( 26157 PWs)   bands (ev):

   -24.4868 -24.4841 -10.0059  -9.9897  -9.8543  -9.8140  -9.7407  -9.7196
    -5.6999  -5.3523  -5.1886  -5.1288  -1.6871  -1.5457  -1.4672  -0.9465
    -0.7593  -0.6067  -0.4342  -0.1766  -0.1233  -0.0740   0.0279   0.0893

          k = 0.4000 0.2003 0.6110 ( 26176 PWs)   bands (ev):

   -24.4823 -24.4819 -10.1191 -10.1105  -9.7942  -9.7699  -9.7362  -9.7272
    -5.5090  -5.4069  -5.1680  -5.0527  -1.9934  -1.9331  -1.1569  -1.0914
    -0.5104  -0.4157  -0.3618  -0.2761  -0.1312  -0.0643   0.0046   0.0854

          k =-0.1000 0.2003-0.1527 ( 26102 PWs)   bands (ev):

   -24.4952 -24.4909  -9.9606  -9.9009  -9.7910  -9.7314  -9.7068  -9.6743
    -6.1859  -5.4804  -5.1644  -5.0138  -1.8493  -1.3767  -1.2108  -0.7774
    -0.6172  -0.5207  -0.4640  -0.2305  -0.2088  -0.0133   0.1108   0.1271

          k = 0.4000 0.4006 0.0000 ( 26138 PWs)   bands (ev):

   -24.4946 -24.4940  -9.9878  -9.9701  -9.7438  -9.7224  -9.6421  -9.6374
    -5.9353  -5.8331  -5.1401  -5.0973  -1.4748  -1.4144  -0.9852  -0.8143
    -0.6517  -0.6376  -0.4164  -0.2466  -0.1347  -0.1076  -0.0470   0.0267

          k =-0.1000 0.4006-0.7637 ( 26156 PWs)   bands (ev):

   -24.4808 -24.4808 -10.1596 -10.1548  -9.7464  -9.7455  -9.7441  -9.7380
    -5.6291  -5.5913  -4.9482  -4.9082  -1.9111  -1.8473  -1.2352  -1.1286
    -0.4381  -0.4135  -0.3765  -0.2688  -0.2333  -0.2064  -0.0110   0.0143

          k = 0.4000 0.4006 0.3055 ( 26113 PWs)   bands (ev):

   -24.4899 -24.4894  -9.9294  -9.9208  -9.8380  -9.8247  -9.7243  -9.7156
    -5.6490  -5.5564  -5.2425  -5.2081  -1.5392  -1.4928  -1.2879  -1.1526
    -0.4642  -0.4446  -0.3565  -0.2515  -0.1623  -0.0902  -0.0345   0.0312

          k =-0.1000 0.4006-0.4582 ( 26145 PWs)   bands (ev):

   -24.4860 -24.4850 -10.0131 -10.0054  -9.8233  -9.7955  -9.7527  -9.7349
    -5.6193  -5.4973  -5.1532  -5.1195  -1.6836  -1.6405  -1.2757  -1.0416
    -0.6452  -0.5161  -0.3090  -0.2384  -0.1729  -0.1032  -0.0276   0.0120

          k = 0.4000 0.4006 0.6110 ( 26172 PWs)   bands (ev):

   -24.4822 -24.4820 -10.1053 -10.0995  -9.8086  -9.7961  -9.7283  -9.7263
    -5.4818  -5.4185  -5.1496  -5.0815  -1.9037  -1.8631  -1.3169  -1.2853
    -0.4729  -0.4120  -0.2372  -0.2241  -0.1072  -0.1013   0.0587   0.0966

          k =-0.1000 0.4006-0.1527 ( 26148 PWs)   bands (ev):

   -24.4939 -24.4922  -9.9310  -9.8866  -9.8175  -9.7707  -9.6931  -9.6802
    -5.9342  -5.6161  -5.2402  -5.1246  -1.5990  -1.4944  -1.1201  -0.7553
    -0.5771  -0.5168  -0.3893  -0.2478  -0.2085  -0.1652   0.0480   0.0700

     highest occupied level (ev):     0.2103

     Writing config to output data dir ./_ph0/pwscf.q_6/pwscf.save/ :
     XML data file

                                                                                

     bravais-lattice index     =            8
     lattice parameter (alat)  =      13.3294  a.u.
     unit-cell volume          =    1548.2628 (a.u.)^3
     number of atoms/cell      =           22
     number of atomic types    =            3
     kinetic-energy cut-off    =     100.0000  Ry
     charge density cut-off    =     800.0000  Ry
     convergence threshold     =      1.0E-14
     beta                      =       0.7000
     number of iterations used =            4
     Exchange-correlation= PBESOL
                           (   1   4  10   8   0   0   0)


     celldm(1)=   13.32937  celldm(2)=    0.99856  celldm(3)=    0.65470
     celldm(4)=    0.00000  celldm(5)=    0.00000  celldm(6)=    0.00000

     crystal axes: (cart. coord. in units of alat)
               a(1) = (  1.0000  0.0000  0.0000 )  
               a(2) = (  0.0000  0.9986  0.0000 )  
               a(3) = (  0.0000  0.0000  0.6547 )  

     reciprocal axes: (cart. coord. in units 2 pi/alat)
               b(1) = (  1.0000  0.0000  0.0000 )  
               b(2) = (  0.0000  1.0014  0.0000 )  
               b(3) = (  0.0000  0.0000  1.5274 )  


     Atoms inside the unit cell: 

     Cartesian axes

     site n.  atom      mass           positions (alat units)
        1  Ba    137.3270   tau(    1) = (    0.50000    0.49928    0.32735  )
        2  Ba    137.3270   tau(    2) = (    0.00000    0.00000    0.65470  )
        3  B      10.8110   tau(    3) = (    0.62740    0.25362    0.00001  )
        4  B      10.8110   tau(    4) = (    0.37260    0.74493    0.00001  )
        5  B      10.8110   tau(    5) = (    0.12740    0.24566    0.32735  )
        6  B      10.8110   tau(    6) = (    0.87260    0.75290    0.32735  )
        7  H       1.0079   tau(    7) = (    0.45541    0.28500   -0.00001  )
        8  H       1.0079   tau(    8) = (    0.54459    0.71356   -0.00001  )
        9  H       1.0079   tau(    9) = (    0.95541    0.21428    0.32736  )
       10  H       1.0079   tau(   10) = (    0.04459    0.78428    0.32736  )
       11  H       1.0079   tau(   11) = (    0.71576    0.40523    0.00001  )
       12  H       1.0079   tau(   12) = (    0.28424    0.59332    0.00001  )
       13  H       1.0079   tau(   13) = (    0.21576    0.09404    0.32734  )
       14  H       1.0079   tau(   14) = (    0.78424    0.90451    0.32734  )
       15  H       1.0079   tau(   15) = (    0.66582    0.16363    0.51033  )
       16  H       1.0079   tau(   16) = (    0.33418    0.83492    0.51033  )
       17  H       1.0079   tau(   17) = (    0.16582    0.33564    0.47172  )
       18  H       1.0079   tau(   18) = (    0.83418    0.66291    0.47172  )
       19  H       1.0079   tau(   19) = (    0.33419    0.83492    0.14438  )
       20  H       1.0079   tau(   20) = (    0.66581    0.16363    0.14438  )
       21  H       1.0079   tau(   21) = (    0.83419    0.66291    0.18297  )
       22  H       1.0079   tau(   22) = (    0.16581    0.33564    0.18297  )

     Computing dynamical matrix for 
                    q = (  -0.5000000   0.0000000  -0.7637063 )

      5 Sym.Ops. (with q -> -q+G )


     G cutoff = 3600.3905  (  24649 G-vectors)     FFT grid: (128,120, 80)
     G cutoff = 1800.1952  (   8708 G-vectors)  smooth grid: ( 90, 90, 60)
     number of k points=    54

     PseudoPot. # 1 for B  read from file:
     /home/mehlhorn/pseudos/b_pbesol_v1.4.uspp.F.UPF
     MD5 check sum: 369b69bef2c3aeed4453bd8b804fd6a8
     Pseudo is Ultrasoft + core correction, Zval =  3.0
     Generated by new atomic code, or converted to UPF format
     Using radial grid of  781 points,  4 beta functions with: 
                l(1) =   0
                l(2) =   0
                l(3) =   1
                l(4) =   1
     Q(r) pseudized with  8 coefficients,  rinner =    1.100   1.100   1.100


     PseudoPot. # 2 for Ba read from file:
     /home/mehlhorn/pseudos/Ba.nc.z_10.oncvpsp4.dojo.v4-sp.upf
     MD5 check sum: c10ed334bb677c0554edec7181ce9143
     Pseudo is Norm-conserving + core correction, Zval = 10.0
     Generated using ONCVPSP code by D. R. Hamann
     Using radial grid of 1938 points,  8 beta functions with: 
                l(1) =   0
                l(2) =   0
                l(3) =   1
                l(4) =   1
                l(5) =   2
                l(6) =   2
                l(7) =   3
                l(8) =   3

     PseudoPot. # 3 for H  read from file:
     /home/mehlhorn/pseudos/H_ONCV_PBEsol-1.0.upf
     MD5 check sum: 398ef8f67c0a7342c05c87c5e19ea467
     Pseudo is Norm-conserving, Zval =  1.0
     Generated using ONCVPSP code by D. R. Hamann
     Using radial grid of 1180 points,  2 beta functions with: 
                l(1) =   0
                l(2) =   0


     Atomic displacements:
     There are   33 irreducible representations

     Representation     1      2 modes -  To be done

     Representation     2      2 modes -  To be done

     Representation     3      2 modes -  To be done

     Representation     4      2 modes -  To be done

     Representation     5      2 modes -  To be done

     Representation     6      2 modes -  To be done

     Representation     7      2 modes -  To be done

     Representation     8      2 modes -  To be done

     Representation     9      2 modes -  To be done

     Representation    10      2 modes -  To be done

     Representation    11      2 modes -  To be done

     Representation    12      2 modes -  To be done

     Representation    13      2 modes -  To be done

     Representation    14      2 modes -  To be done

     Representation    15      2 modes -  To be done

     Representation    16      2 modes -  To be done

     Representation    17      2 modes -  To be done

     Representation    18      2 modes -  To be done

     Representation    19      2 modes -  To be done

     Representation    20      2 modes -  To be done

     Representation    21      2 modes -  To be done

     Representation    22      2 modes -  To be done

     Representation    23      2 modes -  To be done

     Representation    24      2 modes -  To be done

     Representation    25      2 modes -  To be done

     Representation    26      2 modes -  To be done

     Representation    27      2 modes -  To be done

     Representation    28      2 modes -  To be done

     Representation    29      2 modes -  To be done

     Representation    30      2 modes -  To be done

     Representation    31      2 modes -  To be done

     Representation    32      2 modes -  To be done

     Representation    33      2 modes -  To be done



     Alpha used in Ewald sum =   2.8000
     PHONON       :   2d 3h39m CPU   2d 4h11m WALL



     Representation #   1 modes #   1   2

     Self-consistent Calculation

      iter #   1 total cpu time :187962.8 secs   av.it.:   4.7
      thresh= 1.000E-02 alpha_mix =  0.700 |ddv_scf|^2 =  5.918E-09

      iter #   2 total cpu time :188162.0 secs   av.it.:  16.9
      thresh= 7.693E-06 alpha_mix =  0.700 |ddv_scf|^2 =  3.248E-09

      iter #   3 total cpu time :188356.2 secs   av.it.:  16.0
      thresh= 5.699E-06 alpha_mix =  0.700 |ddv_scf|^2 =  2.122E-11

      iter #   4 total cpu time :188555.9 secs   av.it.:  16.4
      thresh= 4.607E-07 alpha_mix =  0.700 |ddv_scf|^2 =  2.067E-12

      iter #   5 total cpu time :188753.5 secs   av.it.:  16.7
      thresh= 1.438E-07 alpha_mix =  0.700 |ddv_scf|^2 =  1.558E-13

      iter #   6 total cpu time :188952.4 secs   av.it.:  16.9
      thresh= 3.947E-08 alpha_mix =  0.700 |ddv_scf|^2 =  1.105E-14

      iter #   7 total cpu time :189148.6 secs   av.it.:  16.3
      thresh= 1.051E-08 alpha_mix =  0.700 |ddv_scf|^2 =  1.473E-15

     End of self-consistent calculation

     Convergence has been achieved 


     Representation #   2 modes #   3   4

     Self-consistent Calculation

      iter #   1 total cpu time :189235.9 secs   av.it.:   3.0
      thresh= 1.000E-02 alpha_mix =  0.700 |ddv_scf|^2 =  6.656E-10

      iter #   2 total cpu time :189436.5 secs   av.it.:  17.0
      thresh= 2.580E-06 alpha_mix =  0.700 |ddv_scf|^2 =  3.617E-10

      iter #   3 total cpu time :189629.4 secs   av.it.:  16.0
      thresh= 1.902E-06 alpha_mix =  0.700 |ddv_scf|^2 =  4.271E-12

      iter #   4 total cpu time :189823.8 secs   av.it.:  16.0
      thresh= 2.067E-07 alpha_mix =  0.700 |ddv_scf|^2 =  3.821E-13

      iter #   5 total cpu time :190019.7 secs   av.it.:  16.1
      thresh= 6.182E-08 alpha_mix =  0.700 |ddv_scf|^2 =  7.804E-15

     End of self-consistent calculation

     Convergence has been achieved 


     Representation #   3 modes #   5   6

     Self-consistent Calculation

      iter #   1 total cpu time :190107.3 secs   av.it.:   3.3
      thresh= 1.000E-02 alpha_mix =  0.700 |ddv_scf|^2 =  5.514E-10

      iter #   2 total cpu time :190305.4 secs   av.it.:  17.0
      thresh= 2.348E-06 alpha_mix =  0.700 |ddv_scf|^2 =  3.331E-10

      iter #   3 total cpu time :190499.8 secs   av.it.:  16.0
      thresh= 1.825E-06 alpha_mix =  0.700 |ddv_scf|^2 =  2.715E-12

      iter #   4 total cpu time :190694.6 secs   av.it.:  16.1
      thresh= 1.648E-07 alpha_mix =  0.700 |ddv_scf|^2 =  4.436E-13

      iter #   5 total cpu time :190889.9 secs   av.it.:  16.1
      thresh= 6.660E-08 alpha_mix =  0.700 |ddv_scf|^2 =  1.545E-14

      iter #   6 total cpu time :191088.1 secs   av.it.:  17.0
      thresh= 1.243E-08 alpha_mix =  0.700 |ddv_scf|^2 =  8.225E-16

     End of self-consistent calculation

     Convergence has been achieved 


     Representation #   4 modes #   7   8

     Self-consistent Calculation

      iter #   1 total cpu time :191177.3 secs   av.it.:   3.6
      thresh= 1.000E-02 alpha_mix =  0.700 |ddv_scf|^2 =  1.534E-09

      iter #   2 total cpu time :191380.3 secs   av.it.:  17.0
      thresh= 3.916E-06 alpha_mix =  0.700 |ddv_scf|^2 =  1.125E-09

      iter #   3 total cpu time :191574.3 secs   av.it.:  16.0
      thresh= 3.354E-06 alpha_mix =  0.700 |ddv_scf|^2 =  3.214E-12

      iter #   4 total cpu time :191777.2 secs   av.it.:  17.0
      thresh= 1.793E-07 alpha_mix =  0.700 |ddv_scf|^2 =  3.936E-13

      iter #   5 total cpu time :191979.6 secs   av.it.:  16.8
      thresh= 6.274E-08 alpha_mix =  0.700 |ddv_scf|^2 =  2.141E-14

      iter #   6 total cpu time :192178.6 secs   av.it.:  16.3
      thresh= 1.463E-08 alpha_mix =  0.700 |ddv_scf|^2 =  2.141E-15

     End of self-consistent calculation

     Convergence has been achieved 


     Representation #   5 modes #   9  10

     Self-consistent Calculation

      iter #   1 total cpu time :192267.4 secs   av.it.:   3.5
      thresh= 1.000E-02 alpha_mix =  0.700 |ddv_scf|^2 =  9.993E-10

      iter #   2 total cpu time :192467.7 secs   av.it.:  17.0
      thresh= 3.161E-06 alpha_mix =  0.700 |ddv_scf|^2 =  5.747E-10

      iter #   3 total cpu time :192659.9 secs   av.it.:  16.0
      thresh= 2.397E-06 alpha_mix =  0.700 |ddv_scf|^2 =  3.445E-12

      iter #   4 total cpu time :192854.4 secs   av.it.:  16.0
      thresh= 1.856E-07 alpha_mix =  0.700 |ddv_scf|^2 =  4.377E-13

      iter #   5 total cpu time :193049.6 secs   av.it.:  16.1
      thresh= 6.616E-08 alpha_mix =  0.700 |ddv_scf|^2 =  1.331E-14

      iter #   6 total cpu time :193244.8 secs   av.it.:  16.1
      thresh= 1.154E-08 alpha_mix =  0.700 |ddv_scf|^2 =  4.262E-16

     End of self-consistent calculation

     Convergence has been achieved 


     Representation #   6 modes #  11  12

     Self-consistent Calculation

      iter #   1 total cpu time :193333.3 secs   av.it.:   3.1
      thresh= 1.000E-02 alpha_mix =  0.700 |ddv_scf|^2 =  4.816E-10

      iter #   2 total cpu time :193535.5 secs   av.it.:  17.0
      thresh= 2.195E-06 alpha_mix =  0.700 |ddv_scf|^2 =  2.787E-10

      iter #   3 total cpu time :193726.6 secs   av.it.:  16.0
      thresh= 1.670E-06 alpha_mix =  0.700 |ddv_scf|^2 =  3.254E-12

      iter #   4 total cpu time :193921.7 secs   av.it.:  16.1
      thresh= 1.804E-07 alpha_mix =  0.700 |ddv_scf|^2 =  2.787E-13

      iter #   5 total cpu time :194119.0 secs   av.it.:  16.8
      thresh= 5.279E-08 alpha_mix =  0.700 |ddv_scf|^2 =  1.481E-14

      iter #   6 total cpu time :194318.6 secs   av.it.:  16.9
      thresh= 1.217E-08 alpha_mix =  0.700 |ddv_scf|^2 =  1.121E-15

     End of self-consistent calculation

     Convergence has been achieved 


     Representation #   7 modes #  13  14

     Self-consistent Calculation

      iter #   1 total cpu time :194406.8 secs   av.it.:   3.0
      thresh= 1.000E-02 alpha_mix =  0.700 |ddv_scf|^2 =  8.940E-10

      iter #   2 total cpu time :194609.5 secs   av.it.:  16.9
      thresh= 2.990E-06 alpha_mix =  0.700 |ddv_scf|^2 =  6.719E-10

      iter #   3 total cpu time :194798.2 secs   av.it.:  15.9
      thresh= 2.592E-06 alpha_mix =  0.700 |ddv_scf|^2 =  1.770E-12

      iter #   4 total cpu time :195004.8 secs   av.it.:  17.0
      thresh= 1.330E-07 alpha_mix =  0.700 |ddv_scf|^2 =  3.657E-13

      iter #   5 total cpu time :195209.4 secs   av.it.:  16.8
      thresh= 6.047E-08 alpha_mix =  0.700 |ddv_scf|^2 =  8.685E-15

     End of self-consistent calculation

     Convergence has been achieved 


     Representation #   8 modes #  15  16

     Self-consistent Calculation

      iter #   1 total cpu time :195302.3 secs   av.it.:   3.9
      thresh= 1.000E-02 alpha_mix =  0.700 |ddv_scf|^2 =  7.404E-10

      iter #   2 total cpu time :195505.2 secs   av.it.:  17.0
      thresh= 2.721E-06 alpha_mix =  0.700 |ddv_scf|^2 =  3.098E-10

      iter #   3 total cpu time :195701.3 secs   av.it.:  16.3
      thresh= 1.760E-06 alpha_mix =  0.700 |ddv_scf|^2 =  3.116E-12

      iter #   4 total cpu time :195896.7 secs   av.it.:  16.1
      thresh= 1.765E-07 alpha_mix =  0.700 |ddv_scf|^2 =  4.477E-13

      iter #   5 total cpu time :196090.3 secs   av.it.:  16.0
      thresh= 6.691E-08 alpha_mix =  0.700 |ddv_scf|^2 =  1.631E-14

      iter #   6 total cpu time :196286.9 secs   av.it.:  16.8
      thresh= 1.277E-08 alpha_mix =  0.700 |ddv_scf|^2 =  1.210E-15

     End of self-consistent calculation

     Convergence has been achieved 


     Representation #   9 modes #  17  18

     Self-consistent Calculation

      iter #   1 total cpu time :196385.6 secs   av.it.:   4.2
      thresh= 1.000E-02 alpha_mix =  0.700 |ddv_scf|^2 =  1.498E-09

      iter #   2 total cpu time :196587.5 secs   av.it.:  17.0
      thresh= 3.870E-06 alpha_mix =  0.700 |ddv_scf|^2 =  3.620E-10

      iter #   3 total cpu time :196785.6 secs   av.it.:  16.0
      thresh= 1.903E-06 alpha_mix =  0.700 |ddv_scf|^2 =  3.583E-11

      iter #   4 total cpu time :196976.5 secs   av.it.:  16.0
      thresh= 5.986E-07 alpha_mix =  0.700 |ddv_scf|^2 =  6.190E-13

      iter #   5 total cpu time :197174.7 secs   av.it.:  17.0
      thresh= 7.868E-08 alpha_mix =  0.700 |ddv_scf|^2 =  1.020E-13

      iter #   6 total cpu time :197371.0 secs   av.it.:  16.4
      thresh= 3.194E-08 alpha_mix =  0.700 |ddv_scf|^2 =  9.597E-16

     End of self-consistent calculation

     Convergence has been achieved 


     Representation #  10 modes #  19  20

     Self-consistent Calculation

      iter #   1 total cpu time :197495.2 secs   av.it.:   6.7
      thresh= 1.000E-02 alpha_mix =  0.700 |ddv_scf|^2 =  7.644E-08

      iter #   2 total cpu time :197694.5 secs   av.it.:  16.2
      thresh= 2.765E-05 alpha_mix =  0.700 |ddv_scf|^2 =  5.377E-08

      iter #   3 total cpu time :197885.8 secs   av.it.:  15.8
      thresh= 2.319E-05 alpha_mix =  0.700 |ddv_scf|^2 =  5.789E-11

      iter #   4 total cpu time :198086.9 secs   av.it.:  16.9
      thresh= 7.608E-07 alpha_mix =  0.700 |ddv_scf|^2 =  5.207E-12

      iter #   5 total cpu time :198285.2 secs   av.it.:  16.9
      thresh= 2.282E-07 alpha_mix =  0.700 |ddv_scf|^2 =  2.117E-13

      iter #   6 total cpu time :198484.7 secs   av.it.:  16.7
      thresh= 4.602E-08 alpha_mix =  0.700 |ddv_scf|^2 =  3.250E-14

      iter #   7 total cpu time :198674.8 secs   av.it.:  15.9
      thresh= 1.803E-08 alpha_mix =  0.700 |ddv_scf|^2 =  2.111E-15

     End of self-consistent calculation

     Convergence has been achieved 


     Representation #  11 modes #  21  22

     Self-consistent Calculation

      iter #   1 total cpu time :198760.1 secs   av.it.:   3.0
      thresh= 1.000E-02 alpha_mix =  0.700 |ddv_scf|^2 =  1.039E-09

      iter #   2 total cpu time :198956.1 secs   av.it.:  16.6
      thresh= 3.223E-06 alpha_mix =  0.700 |ddv_scf|^2 =  7.795E-10

      iter #   3 total cpu time :199144.1 secs   av.it.:  16.0
      thresh= 2.792E-06 alpha_mix =  0.700 |ddv_scf|^2 =  2.483E-12

      iter #   4 total cpu time :199341.7 secs   av.it.:  16.9
      thresh= 1.576E-07 alpha_mix =  0.700 |ddv_scf|^2 =  2.709E-13

      iter #   5 total cpu time :199538.4 secs   av.it.:  17.0
      thresh= 5.204E-08 alpha_mix =  0.700 |ddv_scf|^2 =  1.038E-14

      iter #   6 total cpu time :199736.2 secs   av.it.:  17.0
      thresh= 1.019E-08 alpha_mix =  0.700 |ddv_scf|^2 =  5.158E-16

     End of self-consistent calculation

     Convergence has been achieved 


     Representation #  12 modes #  23  24

     Self-consistent Calculation

      iter #   1 total cpu time :199820.0 secs   av.it.:   3.0
      thresh= 1.000E-02 alpha_mix =  0.700 |ddv_scf|^2 =  3.020E-10

      iter #   2 total cpu time :200019.4 secs   av.it.:  17.0
      thresh= 1.738E-06 alpha_mix =  0.700 |ddv_scf|^2 =  9.067E-11

      iter #   3 total cpu time :200214.6 secs   av.it.:  16.0
      thresh= 9.522E-07 alpha_mix =  0.700 |ddv_scf|^2 =  3.453E-12

      iter #   4 total cpu time :200409.4 secs   av.it.:  16.0
      thresh= 1.858E-07 alpha_mix =  0.700 |ddv_scf|^2 =  2.302E-13

      iter #   5 total cpu time :200604.2 secs   av.it.:  16.0
      thresh= 4.798E-08 alpha_mix =  0.700 |ddv_scf|^2 =  1.459E-14

      iter #   6 total cpu time :200800.2 secs   av.it.:  16.6
      thresh= 1.208E-08 alpha_mix =  0.700 |ddv_scf|^2 =  6.715E-16

     End of self-consistent calculation

     Convergence has been achieved 


     Representation #  13 modes #  25  26

     Self-consistent Calculation

      iter #   1 total cpu time :200886.3 secs   av.it.:   3.0
      thresh= 1.000E-02 alpha_mix =  0.700 |ddv_scf|^2 =  8.669E-10

      iter #   2 total cpu time :201093.7 secs   av.it.:  17.0
      thresh= 2.944E-06 alpha_mix =  0.700 |ddv_scf|^2 =  6.318E-10

      iter #   3 total cpu time :201291.3 secs   av.it.:  16.0
      thresh= 2.513E-06 alpha_mix =  0.700 |ddv_scf|^2 =  2.011E-12

      iter #   4 total cpu time :201496.8 secs   av.it.:  16.8
      thresh= 1.418E-07 alpha_mix =  0.700 |ddv_scf|^2 =  2.772E-13

      iter #   5 total cpu time :201701.8 secs   av.it.:  16.9
      thresh= 5.265E-08 alpha_mix =  0.700 |ddv_scf|^2 =  1.983E-14

      iter #   6 total cpu time :201903.7 secs   av.it.:  16.0
      thresh= 1.408E-08 alpha_mix =  0.700 |ddv_scf|^2 =  1.207E-15

     End of self-consistent calculation

     Convergence has been achieved 


     Representation #  14 modes #  27  28

     Self-consistent Calculation

      iter #   1 total cpu time :201993.3 secs   av.it.:   3.6
      thresh= 1.000E-02 alpha_mix =  0.700 |ddv_scf|^2 =  5.455E-10

      iter #   2 total cpu time :202194.7 secs   av.it.:  17.0
      thresh= 2.336E-06 alpha_mix =  0.700 |ddv_scf|^2 =  3.464E-10

      iter #   3 total cpu time :202386.7 secs   av.it.:  16.0
      thresh= 1.861E-06 alpha_mix =  0.700 |ddv_scf|^2 =  2.878E-12

      iter #   4 total cpu time :202583.3 secs   av.it.:  16.7
      thresh= 1.697E-07 alpha_mix =  0.700 |ddv_scf|^2 =  2.718E-13

      iter #   5 total cpu time :202780.5 secs   av.it.:  16.9
      thresh= 5.214E-08 alpha_mix =  0.700 |ddv_scf|^2 =  1.690E-14

      iter #   6 total cpu time :202978.6 secs   av.it.:  16.9
      thresh= 1.300E-08 alpha_mix =  0.700 |ddv_scf|^2 =  7.800E-16

     End of self-consistent calculation

     Convergence has been achieved 


     Representation #  15 modes #  29  30

     Self-consistent Calculation

      iter #   1 total cpu time :203098.5 secs   av.it.:   6.3
      thresh= 1.000E-02 alpha_mix =  0.700 |ddv_scf|^2 =  2.033E-08

      iter #   2 total cpu time :203297.7 secs   av.it.:  16.9
      thresh= 1.426E-05 alpha_mix =  0.700 |ddv_scf|^2 =  6.856E-09

      iter #   3 total cpu time :203492.4 secs   av.it.:  16.1
      thresh= 8.280E-06 alpha_mix =  0.700 |ddv_scf|^2 =  4.643E-11

      iter #   4 total cpu time :203692.3 secs   av.it.:  16.9
      thresh= 6.814E-07 alpha_mix =  0.700 |ddv_scf|^2 =  3.064E-12

      iter #   5 total cpu time :203891.1 secs   av.it.:  16.9
      thresh= 1.750E-07 alpha_mix =  0.700 |ddv_scf|^2 =  3.405E-13

      iter #   6 total cpu time :204083.3 secs   av.it.:  15.9
      thresh= 5.835E-08 alpha_mix =  0.700 |ddv_scf|^2 =  2.321E-14

      iter #   7 total cpu time :204271.7 secs   av.it.:  15.9
      thresh= 1.523E-08 alpha_mix =  0.700 |ddv_scf|^2 =  5.524E-16

     End of self-consistent calculation

     Convergence has been achieved 


     Representation #  16 modes #  31  32

     Self-consistent Calculation

      iter #   1 total cpu time :204356.0 secs   av.it.:   3.0
      thresh= 1.000E-02 alpha_mix =  0.700 |ddv_scf|^2 =  3.626E-10

      iter #   2 total cpu time :204555.3 secs   av.it.:  17.0
      thresh= 1.904E-06 alpha_mix =  0.700 |ddv_scf|^2 =  1.514E-10

      iter #   3 total cpu time :204748.1 secs   av.it.:  16.0
      thresh= 1.230E-06 alpha_mix =  0.700 |ddv_scf|^2 =  4.238E-12

      iter #   4 total cpu time :204940.8 secs   av.it.:  16.0
      thresh= 2.059E-07 alpha_mix =  0.700 |ddv_scf|^2 =  2.925E-13

      iter #   5 total cpu time :205137.6 secs   av.it.:  16.5
      thresh= 5.408E-08 alpha_mix =  0.700 |ddv_scf|^2 =  1.140E-14

      iter #   6 total cpu time :205341.1 secs   av.it.:  16.9
      thresh= 1.068E-08 alpha_mix =  0.700 |ddv_scf|^2 =  9.583E-16

     End of self-consistent calculation

     Convergence has been achieved 


     Representation #  17 modes #  33  34

     Self-consistent Calculation

      iter #   1 total cpu time :205428.6 secs   av.it.:   3.0
      thresh= 1.000E-02 alpha_mix =  0.700 |ddv_scf|^2 =  5.923E-10

      iter #   2 total cpu time :205633.6 secs   av.it.:  16.9
      thresh= 2.434E-06 alpha_mix =  0.700 |ddv_scf|^2 =  2.775E-10

      iter #   3 total cpu time :205831.5 secs   av.it.:  16.0
      thresh= 1.666E-06 alpha_mix =  0.700 |ddv_scf|^2 =  4.268E-12

      iter #   4 total cpu time :206034.1 secs   av.it.:  16.1
      thresh= 2.066E-07 alpha_mix =  0.700 |ddv_scf|^2 =  1.847E-13

      iter #   5 total cpu time :206237.2 secs   av.it.:  16.3
      thresh= 4.298E-08 alpha_mix =  0.700 |ddv_scf|^2 =  1.806E-14

      iter #   6 total cpu time :206439.6 secs   av.it.:  16.1
      thresh= 1.344E-08 alpha_mix =  0.700 |ddv_scf|^2 =  1.302E-15

     End of self-consistent calculation

     Convergence has been achieved 


     Representation #  18 modes #  35  36

     Self-consistent Calculation

      iter #   1 total cpu time :206543.6 secs   av.it.:   5.0
      thresh= 1.000E-02 alpha_mix =  0.700 |ddv_scf|^2 =  5.624E-09

      iter #   2 total cpu time :206751.2 secs   av.it.:  17.0
      thresh= 7.499E-06 alpha_mix =  0.700 |ddv_scf|^2 =  3.786E-09

      iter #   3 total cpu time :206948.2 secs   av.it.:  16.0
      thresh= 6.153E-06 alpha_mix =  0.700 |ddv_scf|^2 =  2.550E-11

      iter #   4 total cpu time :207152.6 secs   av.it.:  16.6
      thresh= 5.050E-07 alpha_mix =  0.700 |ddv_scf|^2 =  1.859E-12

      iter #   5 total cpu time :207358.9 secs   av.it.:  17.0
      thresh= 1.363E-07 alpha_mix =  0.700 |ddv_scf|^2 =  1.840E-13

      iter #   6 total cpu time :207563.8 secs   av.it.:  16.8
      thresh= 4.289E-08 alpha_mix =  0.700 |ddv_scf|^2 =  1.058E-14

      iter #   7 total cpu time :207767.3 secs   av.it.:  16.4
      thresh= 1.029E-08 alpha_mix =  0.700 |ddv_scf|^2 =  1.746E-15

     End of self-consistent calculation

     Convergence has been achieved 


     Representation #  19 modes #  37  38

     Self-consistent Calculation

      iter #   1 total cpu time :207859.1 secs   av.it.:   3.8
      thresh= 1.000E-02 alpha_mix =  0.700 |ddv_scf|^2 =  1.398E-09

      iter #   2 total cpu time :208057.7 secs   av.it.:  17.0
      thresh= 3.739E-06 alpha_mix =  0.700 |ddv_scf|^2 =  1.139E-09

      iter #   3 total cpu time :208247.1 secs   av.it.:  16.0
      thresh= 3.374E-06 alpha_mix =  0.700 |ddv_scf|^2 =  2.598E-12

      iter #   4 total cpu time :208448.8 secs   av.it.:  17.0
      thresh= 1.612E-07 alpha_mix =  0.700 |ddv_scf|^2 =  4.247E-13

      iter #   5 total cpu time :208648.9 secs   av.it.:  17.0
      thresh= 6.517E-08 alpha_mix =  0.700 |ddv_scf|^2 =  1.977E-14

      iter #   6 total cpu time :208851.7 secs   av.it.:  16.3
      thresh= 1.406E-08 alpha_mix =  0.700 |ddv_scf|^2 =  1.541E-15

     End of self-consistent calculation

     Convergence has been achieved 


     Representation #  20 modes #  39  40

     Self-consistent Calculation

      iter #   1 total cpu time :208954.6 secs   av.it.:   4.6
      thresh= 1.000E-02 alpha_mix =  0.700 |ddv_scf|^2 =  3.146E-09

      iter #   2 total cpu time :209160.7 secs   av.it.:  17.0
      thresh= 5.608E-06 alpha_mix =  0.700 |ddv_scf|^2 =  1.414E-09

      iter #   3 total cpu time :209357.6 secs   av.it.:  16.0
      thresh= 3.760E-06 alpha_mix =  0.700 |ddv_scf|^2 =  4.130E-11

      iter #   4 total cpu time :209556.3 secs   av.it.:  16.0
      thresh= 6.427E-07 alpha_mix =  0.700 |ddv_scf|^2 =  1.012E-12

      iter #   5 total cpu time :209761.1 secs   av.it.:  17.0
      thresh= 1.006E-07 alpha_mix =  0.700 |ddv_scf|^2 =  1.709E-13

      iter #   6 total cpu time :209960.3 secs   av.it.:  16.3
      thresh= 4.134E-08 alpha_mix =  0.700 |ddv_scf|^2 =  3.997E-15

     End of self-consistent calculation

     Convergence has been achieved 


     Representation #  21 modes #  41  42

     Self-consistent Calculation

      iter #   1 total cpu time :210045.8 secs   av.it.:   3.0
      thresh= 1.000E-02 alpha_mix =  0.700 |ddv_scf|^2 =  3.532E-10

      iter #   2 total cpu time :210246.6 secs   av.it.:  17.0
      thresh= 1.879E-06 alpha_mix =  0.700 |ddv_scf|^2 =  1.321E-10

      iter #   3 total cpu time :210442.2 secs   av.it.:  16.0
      thresh= 1.149E-06 alpha_mix =  0.700 |ddv_scf|^2 =  4.065E-12

      iter #   4 total cpu time :210642.8 secs   av.it.:  16.0
      thresh= 2.016E-07 alpha_mix =  0.700 |ddv_scf|^2 =  2.992E-13

      iter #   5 total cpu time :210846.7 secs   av.it.:  16.3
      thresh= 5.469E-08 alpha_mix =  0.700 |ddv_scf|^2 =  1.336E-14

      iter #   6 total cpu time :211050.2 secs   av.it.:  16.9
      thresh= 1.156E-08 alpha_mix =  0.700 |ddv_scf|^2 =  8.600E-16

     End of self-consistent calculation

     Convergence has been achieved 


     Representation #  22 modes #  43  44

     Self-consistent Calculation

      iter #   1 total cpu time :211139.0 secs   av.it.:   3.2
      thresh= 1.000E-02 alpha_mix =  0.700 |ddv_scf|^2 =  7.071E-10

      iter #   2 total cpu time :211342.8 secs   av.it.:  17.0
      thresh= 2.659E-06 alpha_mix =  0.700 |ddv_scf|^2 =  5.185E-10

      iter #   3 total cpu time :211537.1 secs   av.it.:  16.0
      thresh= 2.277E-06 alpha_mix =  0.700 |ddv_scf|^2 =  2.264E-12

      iter #   4 total cpu time :211741.3 secs   av.it.:  17.0
      thresh= 1.505E-07 alpha_mix =  0.700 |ddv_scf|^2 =  3.377E-13

      iter #   5 total cpu time :211943.4 secs   av.it.:  16.8
      thresh= 5.811E-08 alpha_mix =  0.700 |ddv_scf|^2 =  1.569E-14

      iter #   6 total cpu time :212146.7 secs   av.it.:  16.9
      thresh= 1.252E-08 alpha_mix =  0.700 |ddv_scf|^2 =  1.186E-15

     End of self-consistent calculation

     Convergence has been achieved 


     Representation #  23 modes #  45  46

     Self-consistent Calculation

      iter #   1 total cpu time :212232.3 secs   av.it.:   3.0
      thresh= 1.000E-02 alpha_mix =  0.700 |ddv_scf|^2 =  2.333E-10

      iter #   2 total cpu time :212434.2 secs   av.it.:  17.0
      thresh= 1.527E-06 alpha_mix =  0.700 |ddv_scf|^2 =  1.143E-10

      iter #   3 total cpu time :212624.8 secs   av.it.:  16.0
      thresh= 1.069E-06 alpha_mix =  0.700 |ddv_scf|^2 =  2.252E-12

      iter #   4 total cpu time :212820.3 secs   av.it.:  16.2
      thresh= 1.501E-07 alpha_mix =  0.700 |ddv_scf|^2 =  1.963E-13

      iter #   5 total cpu time :213019.1 secs   av.it.:  17.0
      thresh= 4.430E-08 alpha_mix =  0.700 |ddv_scf|^2 =  1.409E-14

      iter #   6 total cpu time :213218.1 secs   av.it.:  16.8
      thresh= 1.187E-08 alpha_mix =  0.700 |ddv_scf|^2 =  7.119E-16

     End of self-consistent calculation

     Convergence has been achieved 


     Representation #  24 modes #  47  48

     Self-consistent Calculation

      iter #   1 total cpu time :213303.1 secs   av.it.:   3.0
      thresh= 1.000E-02 alpha_mix =  0.700 |ddv_scf|^2 =  2.537E-10

      iter #   2 total cpu time :213504.9 secs   av.it.:  17.0
      thresh= 1.593E-06 alpha_mix =  0.700 |ddv_scf|^2 =  7.486E-11

      iter #   3 total cpu time :213702.5 secs   av.it.:  16.9
      thresh= 8.652E-07 alpha_mix =  0.700 |ddv_scf|^2 =  2.593E-12

      iter #   4 total cpu time :213900.4 secs   av.it.:  16.4
      thresh= 1.610E-07 alpha_mix =  0.700 |ddv_scf|^2 =  2.250E-13

      iter #   5 total cpu time :214093.6 secs   av.it.:  16.0
      thresh= 4.744E-08 alpha_mix =  0.700 |ddv_scf|^2 =  1.356E-14

      iter #   6 total cpu time :214290.7 secs   av.it.:  16.6
      thresh= 1.164E-08 alpha_mix =  0.700 |ddv_scf|^2 =  7.171E-16

     End of self-consistent calculation

     Convergence has been achieved 


     Representation #  25 modes #  49  50

     Self-consistent Calculation

      iter #   1 total cpu time :214391.1 secs   av.it.:   4.6
      thresh= 1.000E-02 alpha_mix =  0.700 |ddv_scf|^2 =  3.310E-09

      iter #   2 total cpu time :214591.3 secs   av.it.:  17.0
      thresh= 5.754E-06 alpha_mix =  0.700 |ddv_scf|^2 =  1.444E-09

      iter #   3 total cpu time :214782.9 secs   av.it.:  16.0
      thresh= 3.799E-06 alpha_mix =  0.700 |ddv_scf|^2 =  4.210E-11

      iter #   4 total cpu time :214974.2 secs   av.it.:  16.0
      thresh= 6.489E-07 alpha_mix =  0.700 |ddv_scf|^2 =  1.229E-12

      iter #   5 total cpu time :215174.0 secs   av.it.:  17.0
      thresh= 1.109E-07 alpha_mix =  0.700 |ddv_scf|^2 =  1.984E-13

      iter #   6 total cpu time :215371.5 secs   av.it.:  16.9
      thresh= 4.454E-08 alpha_mix =  0.700 |ddv_scf|^2 =  3.284E-15

     End of self-consistent calculation

     Convergence has been achieved 


     Representation #  26 modes #  51  52

     Self-consistent Calculation

      iter #   1 total cpu time :215462.9 secs   av.it.:   3.9
      thresh= 1.000E-02 alpha_mix =  0.700 |ddv_scf|^2 =  1.245E-09

      iter #   2 total cpu time :215667.6 secs   av.it.:  17.0
      thresh= 3.528E-06 alpha_mix =  0.700 |ddv_scf|^2 =  9.464E-10

      iter #   3 total cpu time :215862.6 secs   av.it.:  16.0
      thresh= 3.076E-06 alpha_mix =  0.700 |ddv_scf|^2 =  3.560E-12

      iter #   4 total cpu time :216063.5 secs   av.it.:  17.0
      thresh= 1.887E-07 alpha_mix =  0.700 |ddv_scf|^2 =  4.246E-13

      iter #   5 total cpu time :216261.7 secs   av.it.:  17.0
      thresh= 6.516E-08 alpha_mix =  0.700 |ddv_scf|^2 =  1.690E-14

      iter #   6 total cpu time :216460.0 secs   av.it.:  17.0
      thresh= 1.300E-08 alpha_mix =  0.700 |ddv_scf|^2 =  1.337E-15

     End of self-consistent calculation

     Convergence has been achieved 


     Representation #  27 modes #  53  54

     Self-consistent Calculation

      iter #   1 total cpu time :216580.6 secs   av.it.:   6.5
      thresh= 1.000E-02 alpha_mix =  0.700 |ddv_scf|^2 =  1.940E-08

      iter #   2 total cpu time :216778.8 secs   av.it.:  16.9
      thresh= 1.393E-05 alpha_mix =  0.700 |ddv_scf|^2 =  7.112E-09

      iter #   3 total cpu time :216971.3 secs   av.it.:  15.9
      thresh= 8.434E-06 alpha_mix =  0.700 |ddv_scf|^2 =  2.041E-11

      iter #   4 total cpu time :217167.5 secs   av.it.:  16.6
      thresh= 4.518E-07 alpha_mix =  0.700 |ddv_scf|^2 =  4.302E-12

      iter #   5 total cpu time :217361.1 secs   av.it.:  16.0
      thresh= 2.074E-07 alpha_mix =  0.700 |ddv_scf|^2 =  1.974E-13

      iter #   6 total cpu time :217555.9 secs   av.it.:  16.0
      thresh= 4.444E-08 alpha_mix =  0.700 |ddv_scf|^2 =  4.852E-15

     End of self-consistent calculation

     Convergence has been achieved 


     Representation #  28 modes #  55  56

     Self-consistent Calculation

      iter #   1 total cpu time :217641.1 secs   av.it.:   3.0
      thresh= 1.000E-02 alpha_mix =  0.700 |ddv_scf|^2 =  5.234E-10

      iter #   2 total cpu time :217839.4 secs   av.it.:  16.9
      thresh= 2.288E-06 alpha_mix =  0.700 |ddv_scf|^2 =  2.382E-10

      iter #   3 total cpu time :218029.3 secs   av.it.:  16.0
      thresh= 1.543E-06 alpha_mix =  0.700 |ddv_scf|^2 =  4.974E-12

      iter #   4 total cpu time :218223.5 secs   av.it.:  16.0
      thresh= 2.230E-07 alpha_mix =  0.700 |ddv_scf|^2 =  1.358E-13

      iter #   5 total cpu time :218420.9 secs   av.it.:  17.0
      thresh= 3.686E-08 alpha_mix =  0.700 |ddv_scf|^2 =  9.432E-15

     End of self-consistent calculation

     Convergence has been achieved 


     Representation #  29 modes #  57  58

     Self-consistent Calculation

      iter #   1 total cpu time :218508.8 secs   av.it.:   3.2
      thresh= 1.000E-02 alpha_mix =  0.700 |ddv_scf|^2 =  8.978E-10

      iter #   2 total cpu time :218708.1 secs   av.it.:  16.9
      thresh= 2.996E-06 alpha_mix =  0.700 |ddv_scf|^2 =  5.874E-10

      iter #   3 total cpu time :218899.2 secs   av.it.:  16.0
      thresh= 2.424E-06 alpha_mix =  0.700 |ddv_scf|^2 =  3.558E-12

      iter #   4 total cpu time :219095.6 secs   av.it.:  16.2
      thresh= 1.886E-07 alpha_mix =  0.700 |ddv_scf|^2 =  3.816E-13

      iter #   5 total cpu time :219294.0 secs   av.it.:  16.9
      thresh= 6.178E-08 alpha_mix =  0.700 |ddv_scf|^2 =  1.036E-14

      iter #   6 total cpu time :219495.0 secs   av.it.:  17.0
      thresh= 1.018E-08 alpha_mix =  0.700 |ddv_scf|^2 =  6.315E-16

     End of self-consistent calculation

     Convergence has been achieved 


     Representation #  30 modes #  59  60

     Self-consistent Calculation

      iter #   1 total cpu time :219598.3 secs   av.it.:   5.0
      thresh= 1.000E-02 alpha_mix =  0.700 |ddv_scf|^2 =  1.602E-08

      iter #   2 total cpu time :219793.6 secs   av.it.:  16.3
      thresh= 1.266E-05 alpha_mix =  0.700 |ddv_scf|^2 =  1.458E-08

      iter #   3 total cpu time :219978.7 secs   av.it.:  15.2
      thresh= 1.207E-05 alpha_mix =  0.700 |ddv_scf|^2 =  1.183E-11

      iter #   4 total cpu time :220180.5 secs   av.it.:  17.0
      thresh= 3.439E-07 alpha_mix =  0.700 |ddv_scf|^2 =  1.692E-12

      iter #   5 total cpu time :220381.2 secs   av.it.:  17.0
      thresh= 1.301E-07 alpha_mix =  0.700 |ddv_scf|^2 =  1.130E-13

      iter #   6 total cpu time :220581.4 secs   av.it.:  17.0
      thresh= 3.361E-08 alpha_mix =  0.700 |ddv_scf|^2 =  5.460E-15

     End of self-consistent calculation

     Convergence has been achieved 


     Representation #  31 modes #  61  62

     Self-consistent Calculation

      iter #   1 total cpu time :220671.5 secs   av.it.:   3.6
      thresh= 1.000E-02 alpha_mix =  0.700 |ddv_scf|^2 =  7.215E-10

      iter #   2 total cpu time :220878.6 secs   av.it.:  17.0
      thresh= 2.686E-06 alpha_mix =  0.700 |ddv_scf|^2 =  3.206E-10

      iter #   3 total cpu time :221078.5 secs   av.it.:  16.1
      thresh= 1.791E-06 alpha_mix =  0.700 |ddv_scf|^2 =  1.043E-12

      iter #   4 total cpu time :221285.8 secs   av.it.:  17.0
      thresh= 1.021E-07 alpha_mix =  0.700 |ddv_scf|^2 =  2.177E-13

      iter #   5 total cpu time :221484.5 secs   av.it.:  16.0
      thresh= 4.665E-08 alpha_mix =  0.700 |ddv_scf|^2 =  1.183E-14

      iter #   6 total cpu time :221681.6 secs   av.it.:  16.4
      thresh= 1.088E-08 alpha_mix =  0.700 |ddv_scf|^2 =  7.663E-16

     End of self-consistent calculation

     Convergence has been achieved 


     Representation #  32 modes #  63  64

     Self-consistent Calculation

      iter #   1 total cpu time :221769.3 secs   av.it.:   3.0
      thresh= 1.000E-02 alpha_mix =  0.700 |ddv_scf|^2 =  8.607E-10

      iter #   2 total cpu time :221974.8 secs   av.it.:  17.0
      thresh= 2.934E-06 alpha_mix =  0.700 |ddv_scf|^2 =  4.849E-10

      iter #   3 total cpu time :222173.0 secs   av.it.:  16.0
      thresh= 2.202E-06 alpha_mix =  0.700 |ddv_scf|^2 =  2.834E-12

      iter #   4 total cpu time :222369.6 secs   av.it.:  16.6
      thresh= 1.683E-07 alpha_mix =  0.700 |ddv_scf|^2 =  4.269E-13

      iter #   5 total cpu time :222565.3 secs   av.it.:  16.1
      thresh= 6.534E-08 alpha_mix =  0.700 |ddv_scf|^2 =  1.096E-14

      iter #   6 total cpu time :222763.1 secs   av.it.:  16.9
      thresh= 1.047E-08 alpha_mix =  0.700 |ddv_scf|^2 =  1.579E-15

     End of self-consistent calculation

     Convergence has been achieved 


     Representation #  33 modes #  65  66

     Self-consistent Calculation

      iter #   1 total cpu time :222852.9 secs   av.it.:   3.6
      thresh= 1.000E-02 alpha_mix =  0.700 |ddv_scf|^2 =  1.965E-09

      iter #   2 total cpu time :223050.7 secs   av.it.:  16.9
      thresh= 4.432E-06 alpha_mix =  0.700 |ddv_scf|^2 =  1.507E-09

      iter #   3 total cpu time :223236.8 secs   av.it.:  16.0
      thresh= 3.882E-06 alpha_mix =  0.700 |ddv_scf|^2 =  2.821E-12

      iter #   4 total cpu time :223434.8 secs   av.it.:  17.0
      thresh= 1.680E-07 alpha_mix =  0.700 |ddv_scf|^2 =  3.871E-13

      iter #   5 total cpu time :223633.2 secs   av.it.:  16.9
      thresh= 6.222E-08 alpha_mix =  0.700 |ddv_scf|^2 =  2.613E-14

      iter #   6 total cpu time :223826.6 secs   av.it.:  16.0
      thresh= 1.616E-08 alpha_mix =  0.700 |ddv_scf|^2 =  2.558E-15

     End of self-consistent calculation

     Convergence has been achieved 

     Number of q in the star =    1
     List of q in the star:
          1  -0.500000000   0.000000000  -0.763706282

     Diagonalizing the dynamical matrix

     q = (   -0.500000000   0.000000000  -0.763706282 ) 

 **************************************************************************
     freq (    1) =       1.364179 [THz] =      45.504103 [cm-1]
     freq (    2) =       1.364179 [THz] =      45.504103 [cm-1]
     freq (    3) =       1.550881 [THz] =      51.731838 [cm-1]
     freq (    4) =       1.550881 [THz] =      51.731838 [cm-1]
     freq (    5) =       3.377398 [THz] =     112.657860 [cm-1]
     freq (    6) =       3.377398 [THz] =     112.657860 [cm-1]
     freq (    7) =       4.458944 [THz] =     148.734358 [cm-1]
     freq (    8) =       4.458944 [THz] =     148.734358 [cm-1]
     freq (    9) =       4.933835 [THz] =     164.575020 [cm-1]
     freq (   10) =       4.933835 [THz] =     164.575020 [cm-1]
     freq (   11) =       5.936694 [THz] =     198.026788 [cm-1]
     freq (   12) =       5.936694 [THz] =     198.026788 [cm-1]
     freq (   13) =       6.583410 [THz] =     219.598908 [cm-1]
     freq (   14) =       6.583410 [THz] =     219.598908 [cm-1]
     freq (   15) =       6.994029 [THz] =     233.295691 [cm-1]
     freq (   16) =       6.994029 [THz] =     233.295691 [cm-1]
     freq (   17) =       8.210764 [THz] =     273.881608 [cm-1]
     freq (   18) =       8.210764 [THz] =     273.881608 [cm-1]
     freq (   19) =       8.365409 [THz] =     279.040014 [cm-1]
     freq (   20) =       8.365409 [THz] =     279.040014 [cm-1]
     freq (   21) =       8.464417 [THz] =     282.342552 [cm-1]
     freq (   22) =       8.464417 [THz] =     282.342552 [cm-1]
     freq (   23) =       8.632441 [THz] =     287.947248 [cm-1]
     freq (   24) =       8.632441 [THz] =     287.947248 [cm-1]
     freq (   25) =       9.673491 [THz] =     322.672915 [cm-1]
     freq (   26) =       9.673491 [THz] =     322.672915 [cm-1]
     freq (   27) =      11.959228 [THz] =     398.916906 [cm-1]
     freq (   28) =      11.959228 [THz] =     398.916906 [cm-1]
     freq (   29) =      12.226631 [THz] =     407.836501 [cm-1]
     freq (   30) =      12.226631 [THz] =     407.836501 [cm-1]
     freq (   31) =      30.655162 [THz] =    1022.546133 [cm-1]
     freq (   32) =      30.655162 [THz] =    1022.546133 [cm-1]
     freq (   33) =      30.790243 [THz] =    1027.051957 [cm-1]
     freq (   34) =      30.790243 [THz] =    1027.051957 [cm-1]
     freq (   35) =      31.777501 [THz] =    1059.983346 [cm-1]
     freq (   36) =      31.777501 [THz] =    1059.983346 [cm-1]
     freq (   37) =      31.797473 [THz] =    1060.649521 [cm-1]
     freq (   38) =      31.797473 [THz] =    1060.649521 [cm-1]
     freq (   39) =      32.389294 [THz] =    1080.390549 [cm-1]
     freq (   40) =      32.389294 [THz] =    1080.390549 [cm-1]
     freq (   41) =      32.562640 [THz] =    1086.172743 [cm-1]
     freq (   42) =      32.562640 [THz] =    1086.172743 [cm-1]
     freq (   43) =      35.865102 [THz] =    1196.331042 [cm-1]
     freq (   44) =      35.865102 [THz] =    1196.331042 [cm-1]
     freq (   45) =      35.957670 [THz] =    1199.418782 [cm-1]
     freq (   46) =      35.957670 [THz] =    1199.418782 [cm-1]
     freq (   47) =      36.108042 [THz] =    1204.434651 [cm-1]
     freq (   48) =      36.108042 [THz] =    1204.434651 [cm-1]
     freq (   49) =      36.259406 [THz] =    1209.483601 [cm-1]
     freq (   50) =      36.259406 [THz] =    1209.483601 [cm-1]
     freq (   51) =      68.348064 [THz] =    2279.846006 [cm-1]
     freq (   52) =      68.348064 [THz] =    2279.846006 [cm-1]
     freq (   53) =      68.364514 [THz] =    2280.394741 [cm-1]
     freq (   54) =      68.364514 [THz] =    2280.394741 [cm-1]
     freq (   55) =      70.056042 [THz] =    2336.818025 [cm-1]
     freq (   56) =      70.056042 [THz] =    2336.818025 [cm-1]
     freq (   57) =      70.195136 [THz] =    2341.457709 [cm-1]
     freq (   58) =      70.195136 [THz] =    2341.457709 [cm-1]
     freq (   59) =      70.611574 [THz] =    2355.348582 [cm-1]
     freq (   60) =      70.611574 [THz] =    2355.348582 [cm-1]
     freq (   61) =      70.626183 [THz] =    2355.835881 [cm-1]
     freq (   62) =      70.626183 [THz] =    2355.835881 [cm-1]
     freq (   63) =      71.342020 [THz] =    2379.713633 [cm-1]
     freq (   64) =      71.342020 [THz] =    2379.713633 [cm-1]
     freq (   65) =      71.476047 [THz] =    2384.184302 [cm-1]
     freq (   66) =      71.476047 [THz] =    2384.184302 [cm-1]
 **************************************************************************

     Calculation of q =   -0.5000000  -0.5007235   0.0000000

     Parallelization info
     --------------------
     sticks:   dense  smooth     PW     G-vecs:    dense   smooth      PW
     Min         469     234     64                24647     8708    1242
     Max         470     236     65                24650     8711    1245
     Sum       11271    5637   1545               591573   209027   29829

     Using Slab Decomposition



     bravais-lattice index     =            8
     lattice parameter (alat)  =      13.3294  a.u.
     unit-cell volume          =    1548.2628 (a.u.)^3
     number of atoms/cell      =           22
     number of atomic types    =            3
     number of electrons       =        48.00
     number of Kohn-Sham states=           24
     kinetic-energy cutoff     =     100.0000  Ry
     charge density cutoff     =     800.0000  Ry
     Exchange-correlation= PBESOL
                           (   1   4  10   8   0   0   0)

     celldm(1)=  13.329372  celldm(2)=   0.998555  celldm(3)=   0.654702
     celldm(4)=   0.000000  celldm(5)=   0.000000  celldm(6)=   0.000000

     crystal axes: (cart. coord. in units of alat)
               a(1) = (   1.000000   0.000000   0.000000 )  
               a(2) = (   0.000000   0.998555   0.000000 )  
               a(3) = (   0.000000   0.000000   0.654702 )  

     reciprocal axes: (cart. coord. in units 2 pi/alat)
               b(1) = (  1.000000  0.000000  0.000000 )  
               b(2) = (  0.000000  1.001447  0.000000 )  
               b(3) = (  0.000000  0.000000  1.527413 )  


     PseudoPot. # 1 for B  read from file:
     /home/mehlhorn/pseudos/b_pbesol_v1.4.uspp.F.UPF
     MD5 check sum: 369b69bef2c3aeed4453bd8b804fd6a8
     Pseudo is Ultrasoft + core correction, Zval =  3.0
     Generated by new atomic code, or converted to UPF format
     Using radial grid of  781 points,  4 beta functions with: 
                l(1) =   0
                l(2) =   0
                l(3) =   1
                l(4) =   1
     Q(r) pseudized with  8 coefficients,  rinner =    1.100   1.100   1.100


     PseudoPot. # 2 for Ba read from file:
     /home/mehlhorn/pseudos/Ba.nc.z_10.oncvpsp4.dojo.v4-sp.upf
     MD5 check sum: c10ed334bb677c0554edec7181ce9143
     Pseudo is Norm-conserving + core correction, Zval = 10.0
     Generated using ONCVPSP code by D. R. Hamann
     Using radial grid of 1938 points,  8 beta functions with: 
                l(1) =   0
                l(2) =   0
                l(3) =   1
                l(4) =   1
                l(5) =   2
                l(6) =   2
                l(7) =   3
                l(8) =   3

     PseudoPot. # 3 for H  read from file:
     /home/mehlhorn/pseudos/H_ONCV_PBEsol-1.0.upf
     MD5 check sum: 398ef8f67c0a7342c05c87c5e19ea467
     Pseudo is Norm-conserving, Zval =  1.0
     Generated using ONCVPSP code by D. R. Hamann
     Using radial grid of 1180 points,  2 beta functions with: 
                l(1) =   0
                l(2) =   0

     atomic species   valence    mass     pseudopotential
     B                 3.00    10.81100     B ( 1.00)
     Ba               10.00   137.32700     Ba( 1.00)
     H                 1.00     1.00794     H ( 1.00)

      4 Sym. Ops. (no inversion) found



   Cartesian axes

     site n.     atom                  positions (alat units)
         1        Ba     tau(   1) = (   0.5000000   0.4992775   0.3273502  )
         2        Ba     tau(   2) = (   0.0000000   0.0000000   0.6547028  )
         3        B      tau(   3) = (   0.6273964   0.2536205   0.0000055  )
         4        B      tau(   4) = (   0.3726036   0.7449345   0.0000055  )
         5        B      tau(   5) = (   0.1273964   0.2456570   0.3273455  )
         6        B      tau(   6) = (   0.8726036   0.7528980   0.3273455  )
         7        H      tau(   7) = (   0.4554096   0.2850000  -0.0000080  )
         8        H      tau(   8) = (   0.5445904   0.7135550  -0.0000080  )
         9        H      tau(   9) = (   0.9554096   0.2142775   0.3273589  )
        10        H      tau(  10) = (   0.0445904   0.7842775   0.3273589  )
        11        H      tau(  11) = (   0.7157590   0.4052331   0.0000060  )
        12        H      tau(  12) = (   0.2842410   0.5933219   0.0000060  )
        13        H      tau(  13) = (   0.2157590   0.0940444   0.3273450  )
        14        H      tau(  14) = (   0.7842410   0.9045106   0.3273450  )
        15        H      tau(  15) = (   0.6658169   0.1636329   0.5103326  )
        16        H      tau(  16) = (   0.3341831   0.8349221   0.5103326  )
        17        H      tau(  17) = (   0.1658169   0.3356446   0.4717203  )
        18        H      tau(  18) = (   0.8341831   0.6629104   0.4717203  )
        19        H      tau(  19) = (   0.3341889   0.8349214   0.1443837  )
        20        H      tau(  20) = (   0.6658111   0.1636336   0.1443837  )
        21        H      tau(  21) = (   0.8341889   0.6629111   0.1829672  )
        22        H      tau(  22) = (   0.1658111   0.3356439   0.1829672  )

     number of k points=    54
                       cart. coord. in units 2pi/alat
        k(    1) = (   0.0000000   0.0000000   0.0000000), wk =   0.0160000
        k(    2) = (  -0.5000000  -0.5007235   0.0000000), wk =   0.0000000
        k(    3) = (   0.0000000   0.0000000   0.3054825), wk =   0.0320000
        k(    4) = (  -0.5000000  -0.5007235   0.3054825), wk =   0.0000000
        k(    5) = (   0.0000000   0.0000000   0.6109650), wk =   0.0320000
        k(    6) = (  -0.5000000  -0.5007235   0.6109650), wk =   0.0000000
        k(    7) = (   0.0000000   0.2002894   0.0000000), wk =   0.0320000
        k(    8) = (  -0.5000000  -0.3004341   0.0000000), wk =   0.0000000
        k(    9) = (   0.0000000   0.2002894   0.3054825), wk =   0.0640000
        k(   10) = (  -0.5000000  -0.3004341   0.3054825), wk =   0.0000000
        k(   11) = (   0.0000000   0.2002894   0.6109650), wk =   0.0640000
        k(   12) = (  -0.5000000  -0.3004341   0.6109650), wk =   0.0000000
        k(   13) = (   0.0000000   0.4005788   0.0000000), wk =   0.0320000
        k(   14) = (  -0.5000000  -0.1001447   0.0000000), wk =   0.0000000
        k(   15) = (   0.0000000   0.4005788   0.3054825), wk =   0.0640000
        k(   16) = (  -0.5000000  -0.1001447   0.3054825), wk =   0.0000000
        k(   17) = (   0.0000000   0.4005788   0.6109650), wk =   0.0640000
        k(   18) = (  -0.5000000  -0.1001447   0.6109650), wk =   0.0000000
        k(   19) = (   0.2000000   0.0000000   0.0000000), wk =   0.0320000
        k(   20) = (  -0.3000000  -0.5007235   0.0000000), wk =   0.0000000
        k(   21) = (   0.2000000   0.0000000   0.3054825), wk =   0.0640000
        k(   22) = (  -0.3000000  -0.5007235   0.3054825), wk =   0.0000000
        k(   23) = (   0.2000000   0.0000000   0.6109650), wk =   0.0640000
        k(   24) = (  -0.3000000  -0.5007235   0.6109650), wk =   0.0000000
        k(   25) = (   0.2000000   0.2002894   0.0000000), wk =   0.0640000
        k(   26) = (  -0.3000000  -0.3004341   0.0000000), wk =   0.0000000
        k(   27) = (   0.2000000   0.2002894   0.3054825), wk =   0.1280000
        k(   28) = (  -0.3000000  -0.3004341   0.3054825), wk =   0.0000000
        k(   29) = (   0.2000000   0.2002894   0.6109650), wk =   0.1280000
        k(   30) = (  -0.3000000  -0.3004341   0.6109650), wk =   0.0000000
        k(   31) = (   0.2000000   0.4005788   0.0000000), wk =   0.0640000
        k(   32) = (  -0.3000000  -0.1001447   0.0000000), wk =   0.0000000
        k(   33) = (   0.2000000   0.4005788   0.3054825), wk =   0.1280000
        k(   34) = (  -0.3000000  -0.1001447   0.3054825), wk =   0.0000000
        k(   35) = (   0.2000000   0.4005788   0.6109650), wk =   0.1280000
        k(   36) = (  -0.3000000  -0.1001447   0.6109650), wk =   0.0000000
        k(   37) = (   0.4000000   0.0000000   0.0000000), wk =   0.0320000
        k(   38) = (  -0.1000000  -0.5007235   0.0000000), wk =   0.0000000
        k(   39) = (   0.4000000   0.0000000   0.3054825), wk =   0.0640000
        k(   40) = (  -0.1000000  -0.5007235   0.3054825), wk =   0.0000000
        k(   41) = (   0.4000000   0.0000000   0.6109650), wk =   0.0640000
        k(   42) = (  -0.1000000  -0.5007235   0.6109650), wk =   0.0000000
        k(   43) = (   0.4000000   0.2002894   0.0000000), wk =   0.0640000
        k(   44) = (  -0.1000000  -0.3004341   0.0000000), wk =   0.0000000
        k(   45) = (   0.4000000   0.2002894   0.3054825), wk =   0.1280000
        k(   46) = (  -0.1000000  -0.3004341   0.3054825), wk =   0.0000000
        k(   47) = (   0.4000000   0.2002894   0.6109650), wk =   0.1280000
        k(   48) = (  -0.1000000  -0.3004341   0.6109650), wk =   0.0000000
        k(   49) = (   0.4000000   0.4005788   0.0000000), wk =   0.0640000
        k(   50) = (  -0.1000000  -0.1001447   0.0000000), wk =   0.0000000
        k(   51) = (   0.4000000   0.4005788   0.3054825), wk =   0.1280000
        k(   52) = (  -0.1000000  -0.1001447   0.3054825), wk =   0.0000000
        k(   53) = (   0.4000000   0.4005788   0.6109650), wk =   0.1280000
        k(   54) = (  -0.1000000  -0.1001447   0.6109650), wk =   0.0000000

     Dense  grid:   591573 G-vectors     FFT dimensions: ( 128, 120,  80)

     Smooth grid:   209027 G-vectors     FFT dimensions: (  90,  90,  60)

     Estimated max dynamical RAM per process >      53.52 MB

     Estimated total dynamical RAM >       1.25 GB

     The potential is recalculated from file :
     ./_ph0/pwscf.q_7/pwscf.save/charge-density

     Starting wfcs are   42 atomic wfcs

     Band Structure Calculation
     Davidson diagonalization with overlap

     ethr =  2.08E-11,  avg # of iterations = 21.9

     total cpu time spent up to now is     1268.7 secs

     End of band structure calculation

          k = 0.0000 0.0000 0.0000 ( 26119 PWs)   bands (ev):

   -24.4973 -24.4914  -9.9882  -9.9375  -9.7519  -9.7184  -9.6644  -9.6158
    -6.3979  -5.5522  -4.9998  -4.9223  -2.1154  -1.1774  -1.1395  -0.8197
    -0.7239  -0.5719  -0.4932  -0.3592  -0.0997   0.1566   0.1938   0.2103

          k =-0.5000-0.5007 0.0000 ( 26092 PWs)   bands (ev):

   -24.4943 -24.4943  -9.9899  -9.9899  -9.7213  -9.7213  -9.6397  -9.6397
    -5.8883  -5.8883  -5.1164  -5.1164  -1.4159  -1.4159  -0.9392  -0.9392
    -0.6611  -0.6611  -0.3118  -0.3118  -0.1023  -0.1023  -0.0176  -0.0176

          k = 0.0000 0.0000 0.3055 ( 26180 PWs)   bands (ev):

   -24.4921 -24.4873  -9.9284  -9.8881  -9.8459  -9.8202  -9.7381  -9.7131
    -6.0592  -5.3474  -5.1196  -5.0593  -1.8280  -1.5020  -1.1918  -1.0071
    -0.7310  -0.6613  -0.4034  -0.2669  -0.0752   0.0445   0.0617   0.1663

          k =-0.5000-0.5007 0.3055 ( 26088 PWs)   bands (ev):

   -24.4896 -24.4896  -9.9312  -9.9312  -9.8306  -9.8306  -9.7148  -9.7148
    -5.5983  -5.5983  -5.2295  -5.2295  -1.5061  -1.5061  -1.2568  -1.2568
    -0.4251  -0.4251  -0.2200  -0.2200  -0.2034  -0.2034  -0.0034  -0.0034

          k = 0.0000 0.0000 0.6110 ( 26130 PWs)   bands (ev):

   -24.4830 -24.4812 -10.1042 -10.0993  -9.8066  -9.7883  -9.7336  -9.7220
    -5.4366  -5.3151  -5.2942  -5.1356  -1.6894  -1.5584  -1.5421  -1.2651
    -0.6786  -0.6475  -0.3516  -0.2341  -0.1026  -0.0476   0.0273   0.0809

          k =-0.5000-0.5007 0.6110 ( 26184 PWs)   bands (ev):

   -24.4821 -24.4821 -10.0978 -10.0978  -9.8097  -9.8097  -9.7263  -9.7263
    -5.4243  -5.4243  -5.1390  -5.1390  -1.8694  -1.8694  -1.3560  -1.3560
    -0.4257  -0.4257  -0.1713  -0.1713  -0.1416  -0.1416   0.0965   0.0965

          k = 0.0000 0.2003 0.0000 ( 26152 PWs)   bands (ev):

   -24.4968 -24.4919  -9.9726  -9.9216  -9.7760  -9.7381  -9.6597  -9.6204
    -6.2929  -5.5357  -5.1270  -4.9748  -1.9375  -1.3211  -1.2019  -0.6350
    -0.5842  -0.5422  -0.5368  -0.3012  -0.1067  -0.0249   0.1376   0.1586

          k =-0.5000-0.3004 0.0000 ( 26120 PWs)   bands (ev):

   -24.4943 -24.4943  -9.9676  -9.9676  -9.7458  -9.7458  -9.6398  -9.6398
    -5.8886  -5.8886  -5.1080  -5.1080  -1.4651  -1.4651  -0.8477  -0.8477
    -0.6165  -0.6165  -0.4047  -0.4047  -0.1545  -0.1545   0.0116   0.0116

          k = 0.0000 0.2003 0.3055 ( 26154 PWs)   bands (ev):

   -24.4916 -24.4877  -9.9263  -9.8745  -9.8400  -9.8337  -9.7385  -9.7259
    -5.9805  -5.3229  -5.2265  -5.0905  -1.7081  -1.5259  -1.3125  -0.8086
    -0.6773  -0.6226  -0.5562  -0.2037  -0.0806   0.0372   0.0500   0.0629

          k =-0.5000-0.3004 0.3055 ( 26132 PWs)   bands (ev):

   -24.4897 -24.4897  -9.9188  -9.9188  -9.8338  -9.8338  -9.7242  -9.7242
    -5.6073  -5.6073  -5.2176  -5.2176  -1.5180  -1.5180  -1.2022  -1.2022
    -0.4635  -0.4635  -0.3580  -0.3580  -0.1167  -0.1167   0.0187   0.0187

          k = 0.0000 0.2003 0.6110 ( 26154 PWs)   bands (ev):

   -24.4829 -24.4814 -10.1106 -10.1063  -9.7925  -9.7802  -9.7340  -9.7267
    -5.5435  -5.4468  -5.1594  -5.0265  -1.7369  -1.6880  -1.4213  -1.1988
    -0.6300  -0.5068  -0.3650  -0.2327  -0.1278  -0.1233   0.0122   0.0255

          k =-0.5000-0.3004 0.6110 ( 26190 PWs)   bands (ev):

   -24.4821 -24.4821 -10.1075 -10.1075  -9.7957  -9.7957  -9.7280  -9.7280
    -5.4452  -5.4452  -5.1196  -5.1196  -1.9396  -1.9396  -1.2150  -1.2150
    -0.4387  -0.4387  -0.3024  -0.3024  -0.0741  -0.0741   0.0785   0.0785

          k = 0.0000 0.4006 0.0000 ( 26150 PWs)   bands (ev):

   -24.4953 -24.4934  -9.9300  -9.8950  -9.8167  -9.7862  -9.6475  -9.6325
    -6.0133  -5.6696  -5.2262  -5.1050  -1.6417  -1.4920  -1.0604  -0.5995
    -0.5859  -0.5630  -0.3279  -0.2712  -0.2108  -0.1405   0.0044   0.0601

          k =-0.5000-0.1001 0.0000 ( 26168 PWs)   bands (ev):

   -24.4943 -24.4943  -9.9135  -9.9135  -9.8034  -9.8034  -9.6400  -9.6400
    -5.8892  -5.8892  -5.0940  -5.0940  -1.5249  -1.5249  -0.7373  -0.7373
    -0.5086  -0.5086  -0.4717  -0.4717  -0.2746  -0.2746  -0.0086  -0.0086

          k = 0.0000 0.4006 0.3055 ( 26144 PWs)   bands (ev):

   -24.4904 -24.4889  -9.9116  -9.8792  -9.8410  -9.8183  -9.7499  -9.7473
    -5.7670  -5.4826  -5.2563  -5.1679  -1.5649  -1.5577  -1.2289  -0.8804
    -0.6100  -0.5594  -0.4499  -0.2288  -0.1529  -0.1441   0.0523   0.0568

          k =-0.5000-0.1001 0.3055 ( 26148 PWs)   bands (ev):

   -24.4897 -24.4897  -9.8925  -9.8925  -9.8435  -9.8435  -9.7414  -9.7414
    -5.6212  -5.6212  -5.1992  -5.1992  -1.5254  -1.5254  -1.1221  -1.1221
    -0.5344  -0.5344  -0.4502  -0.4502  -0.1027  -0.1027   0.0550   0.0550

          k = 0.0000 0.4006 0.6110 ( 26160 PWs)   bands (ev):

   -24.4824 -24.4818 -10.1196 -10.1176  -9.7658  -9.7634  -9.7393  -9.7386
    -5.6185  -5.5832  -5.0103  -4.9559  -1.8067  -1.8005  -1.2273  -1.1156
    -0.5237  -0.4225  -0.3403  -0.3071  -0.1961  -0.1343  -0.0939   0.0057

          k =-0.5000-0.1001 0.6110 ( 26150 PWs)   bands (ev):

   -24.4821 -24.4821 -10.1218 -10.1218  -9.7709  -9.7709  -9.7343  -9.7343
    -5.4749  -5.4749  -5.0923  -5.0923  -2.0127  -2.0127  -1.0295  -1.0295
    -0.4695  -0.4695  -0.3476  -0.3476  -0.0803  -0.0803   0.0071   0.0071

          k = 0.2000 0.0000 0.0000 ( 26143 PWs)   bands (ev):

   -24.4968 -24.4919  -9.9687  -9.9245  -9.7729  -9.7436  -9.6597  -9.6204
    -6.2989  -5.5819  -5.0221  -5.0030  -1.9865  -1.1137  -1.0688  -1.0050
    -0.5414  -0.5137  -0.4891  -0.3652  -0.1446  -0.0616   0.1401   0.1667

          k =-0.3000-0.5007 0.0000 ( 26142 PWs)   bands (ev):

   -24.4943 -24.4943  -9.9686  -9.9686  -9.7441  -9.7441  -9.6398  -9.6398
    -5.8715  -5.8715  -5.1364  -5.1364  -1.4718  -1.4718  -0.8943  -0.8943
    -0.6410  -0.6410  -0.2940  -0.2940  -0.1243  -0.1243  -0.0087  -0.0087

          k = 0.2000 0.0000 0.3055 ( 26134 PWs)   bands (ev):

   -24.4916 -24.4877  -9.9130  -9.8966  -9.8364  -9.8285  -9.7495  -9.7171
    -5.9763  -5.3577  -5.1367  -5.1338  -1.7415  -1.4844  -1.2776  -0.8819
    -0.7177  -0.6188  -0.4755  -0.2260  -0.2093   0.0316   0.0900   0.1245

          k =-0.3000-0.5007 0.3055 ( 26130 PWs)   bands (ev):

   -24.4897 -24.4897  -9.9203  -9.9203  -9.8300  -9.8300  -9.7256  -9.7256
    -5.6086  -5.6086  -5.2240  -5.2240  -1.5379  -1.5379  -1.1678  -1.1678
    -0.4905  -0.4905  -0.3315  -0.3315  -0.0871  -0.0871  -0.0034  -0.0034

          k = 0.2000 0.0000 0.6110 ( 26147 PWs)   bands (ev):

   -24.4829 -24.4814 -10.1120 -10.1077  -9.7972  -9.7755  -9.7384  -9.7226
    -5.4718  -5.3658  -5.2432  -5.0848  -1.8906  -1.7526  -1.3436  -1.0945
    -0.6152  -0.5120  -0.3474  -0.2826  -0.1132  -0.0626  -0.0283   0.0755

          k =-0.3000-0.5007 0.6110 ( 26178 PWs)   bands (ev):

   -24.4821 -24.4821 -10.1061 -10.1061  -9.7950  -9.7950  -9.7286  -9.7286
    -5.5075  -5.5075  -5.0628  -5.0628  -1.8532  -1.8532  -1.2831  -1.2831
    -0.4782  -0.4782  -0.2037  -0.2037  -0.1197  -0.1197   0.0323   0.0323

          k = 0.2000 0.2003 0.0000 ( 26120 PWs)   bands (ev):

   -24.4963 -24.4924  -9.9781  -9.8972  -9.8131  -9.7276  -9.6559  -9.6241
    -6.2166  -5.5842  -5.1483  -4.9989  -1.8403  -1.3080  -1.1230  -0.7602
    -0.5916  -0.5284  -0.3633  -0.2945  -0.2052  -0.1235   0.0578   0.1466

          k =-0.3000-0.3004 0.0000 ( 26103 PWs)   bands (ev):

   -24.4954 -24.4933  -9.9825  -9.9198  -9.7967  -9.7251  -9.6483  -9.6315
    -6.0595  -5.6995  -5.1778  -5.0515  -1.6271  -1.3843  -1.0673  -0.6257
    -0.6042  -0.5807  -0.5268  -0.2135  -0.1804  -0.1190  -0.0797   0.0880

          k = 0.2000 0.2003 0.3055 ( 26149 PWs)   bands (ev):

   -24.4913 -24.4881  -9.9218  -9.8795  -9.8572  -9.8161  -9.7510  -9.7187
    -5.9107  -5.3433  -5.2552  -5.1197  -1.6548  -1.5029  -1.3410  -0.7847
    -0.7210  -0.5999  -0.4687  -0.2394  -0.1787  -0.0066   0.0510   0.1096

          k =-0.3000-0.3004 0.3055 ( 26144 PWs)   bands (ev):

   -24.4905 -24.4888  -9.9250  -9.8939  -9.8564  -9.8126  -9.7448  -9.7175
    -5.7709  -5.4464  -5.2690  -5.1639  -1.5818  -1.4679  -1.3615  -0.9411
    -0.6041  -0.5122  -0.4158  -0.2568  -0.1562  -0.0868   0.0176   0.0805

          k = 0.2000 0.2003 0.6110 ( 26142 PWs)   bands (ev):

   -24.4827 -24.4815 -10.1179 -10.1035  -9.8030  -9.7610  -9.7421  -9.7254
    -5.5541  -5.3747  -5.2205  -5.0120  -1.8934  -1.7493  -1.3301  -1.1383
    -0.5640  -0.4524  -0.3494  -0.2356  -0.1891  -0.0787  -0.0382   0.0811

          k =-0.3000-0.3004 0.6110 ( 26162 PWs)   bands (ev):

   -24.4824 -24.4818 -10.1167 -10.1024  -9.8059  -9.7693  -9.7366  -9.7262
    -5.5511  -5.4015  -5.1789  -5.0129  -1.9340  -1.8284  -1.2696  -1.1774
    -0.5424  -0.3770  -0.3110  -0.2543  -0.1625  -0.0737  -0.0143   0.0942

          k = 0.2000 0.4006 0.0000 ( 26127 PWs)   bands (ev):

   -24.4951 -24.4936  -9.9646  -9.9198  -9.7959  -9.7461  -9.6460  -9.6338
    -5.9953  -5.7217  -5.1991  -5.0950  -1.5872  -1.4579  -1.0453  -0.6338
    -0.6274  -0.6000  -0.4217  -0.1857  -0.1809  -0.1217  -0.0476   0.0521

          k =-0.3000-0.1001 0.0000 ( 26147 PWs)   bands (ev):

   -24.4960 -24.4927  -9.9586  -9.8978  -9.8134  -9.7522  -9.6536  -9.6265
    -6.1703  -5.6435  -5.1009  -5.0269  -1.8201  -1.2612  -1.0080  -0.8423
    -0.5435  -0.4932  -0.4079  -0.3374  -0.2471  -0.1780   0.0037   0.1275

          k = 0.2000 0.4006 0.3055 ( 26132 PWs)   bands (ev):

   -24.4903 -24.4891  -9.9194  -9.8954  -9.8452  -9.8157  -9.7458  -9.7279
    -5.7330  -5.4976  -5.2579  -5.1786  -1.5677  -1.5330  -1.2485  -0.9601
    -0.5919  -0.5063  -0.4413  -0.2512  -0.1488  -0.0787   0.0173   0.0524

          k =-0.3000-0.1001 0.3055 ( 26133 PWs)   bands (ev):

   -24.4910 -24.4883  -9.9088  -9.8855  -9.8579  -9.8179  -9.7558  -9.7220
    -5.8672  -5.3983  -5.2131  -5.1468  -1.6504  -1.4235  -1.3714  -0.7909
    -0.7420  -0.5797  -0.4754  -0.2952  -0.2003  -0.0021   0.0601   0.1046

          k = 0.2000 0.4006 0.6110 ( 26167 PWs)   bands (ev):

   -24.4823 -24.4819 -10.1169 -10.1083  -9.7924  -9.7682  -9.7370  -9.7291
    -5.5858  -5.5162  -5.0669  -4.9852  -1.8702  -1.7962  -1.2668  -1.1784
    -0.5412  -0.4412  -0.2994  -0.1943  -0.1724  -0.0960  -0.0664   0.0344

          k =-0.3000-0.1001 0.6110 ( 26151 PWs)   bands (ev):

   -24.4826 -24.4816 -10.1201 -10.1112  -9.7931  -9.7595  -9.7448  -9.7250
    -5.5121  -5.3834  -5.2086  -5.0462  -1.9762  -1.8674  -1.2240  -1.0331
    -0.5588  -0.4079  -0.3656  -0.2814  -0.1671  -0.0774  -0.0337   0.0762

          k = 0.4000 0.0000 0.0000 ( 26166 PWs)   bands (ev):

   -24.4953 -24.4934  -9.9198  -9.8949  -9.8176  -9.7991  -9.6475  -9.6325
    -6.0427  -5.7472  -5.0924  -5.0720  -1.6946  -1.3750  -0.8947  -0.6649
    -0.5464  -0.4849  -0.4785  -0.3501  -0.3169  -0.2526  -0.0461   0.0488

          k =-0.1000-0.5007 0.0000 ( 26162 PWs)   bands (ev):

   -24.4943 -24.4943  -9.9193  -9.9193  -9.7959  -9.7959  -9.6399  -9.6399
    -5.8429  -5.8429  -5.1699  -5.1699  -1.5482  -1.5482  -0.8379  -0.8379
    -0.6044  -0.6044  -0.2545  -0.2545  -0.1641  -0.1641  -0.0034  -0.0034

          k = 0.4000 0.0000 0.3055 ( 26144 PWs)   bands (ev):

   -24.4904 -24.4889  -9.8948  -9.8789  -9.8631  -9.8281  -9.7549  -9.7330
    -5.7580  -5.4941  -5.2052  -5.1768  -1.5956  -1.4462  -1.2863  -0.9228
    -0.6433  -0.5139  -0.5092  -0.3981  -0.1507  -0.0463   0.0634   0.0738

          k =-0.1000-0.5007 0.3055 ( 26166 PWs)   bands (ev):

   -24.4897 -24.4897  -9.9009  -9.9009  -9.8263  -9.8263  -9.7474  -9.7474
    -5.6254  -5.6254  -5.2146  -5.2146  -1.5599  -1.5599  -1.0692  -1.0692
    -0.5644  -0.5644  -0.3274  -0.3274  -0.1562  -0.1562   0.0513   0.0513

          k = 0.4000 0.0000 0.6110 ( 26164 PWs)   bands (ev):

   -24.4824 -24.4818 -10.1230 -10.1211  -9.7764  -9.7580  -9.7450  -9.7291
    -5.4907  -5.4536  -5.1309  -5.0645  -2.0272  -1.9688  -1.1034  -0.9605
    -0.5217  -0.4208  -0.3769  -0.2667  -0.2000  -0.0477  -0.0100   0.0103

          k =-0.1000-0.5007 0.6110 ( 26146 PWs)   bands (ev):

   -24.4821 -24.4821 -10.1183 -10.1183  -9.7666  -9.7666  -9.7379  -9.7379
    -5.6017  -5.6017  -4.9797  -4.9797  -1.8229  -1.8229  -1.1642  -1.1642
    -0.4922  -0.4922  -0.2935  -0.2935  -0.1567  -0.1567  -0.0382  -0.0382

          k = 0.4000 0.2003 0.0000 ( 26129 PWs)   bands (ev):

   -24.4951 -24.4936  -9.9623  -9.9173  -9.7995  -9.7494  -9.6460  -9.6339
    -6.0147  -5.7644  -5.1321  -5.0629  -1.6183  -1.3970  -0.9229  -0.6830
    -0.5813  -0.5481  -0.5246  -0.3188  -0.2476  -0.1759  -0.0525   0.0736

          k =-0.1000-0.3004 0.0000 ( 26146 PWs)   bands (ev):

   -24.4960 -24.4927  -9.9628  -9.8973  -9.8126  -9.7473  -9.6536  -9.6264
    -6.1574  -5.5754  -5.2126  -5.0343  -1.7548  -1.4068  -1.1710  -0.6025
    -0.5626  -0.5509  -0.3382  -0.2847  -0.2515  -0.1174   0.0688   0.1046

          k = 0.4000 0.2003 0.3055 ( 26128 PWs)   bands (ev):

   -24.4903 -24.4891  -9.9142  -9.8932  -9.8549  -9.8220  -9.7443  -9.7242
    -5.7280  -5.5032  -5.2337  -5.1777  -1.5750  -1.4610  -1.3085  -0.9953
    -0.5853  -0.5025  -0.4403  -0.3340  -0.1608  -0.0641   0.0314   0.0698

          k =-0.1000-0.3004 0.3055 ( 26150 PWs)   bands (ev):

   -24.4910 -24.4883  -9.9217  -9.8659  -9.8600  -9.8181  -9.7487  -9.7302
    -5.8735  -5.3530  -5.2937  -5.1300  -1.6020  -1.5409  -1.3273  -0.7689
    -0.6749  -0.5615  -0.5446  -0.2143  -0.1309  -0.0374   0.0473   0.0557

          k = 0.4000 0.2003 0.6110 ( 26176 PWs)   bands (ev):

   -24.4823 -24.4819 -10.1191 -10.1105  -9.7942  -9.7699  -9.7362  -9.7272
    -5.5090  -5.4069  -5.1680  -5.0527  -1.9934  -1.9331  -1.1569  -1.0914
    -0.5104  -0.4157  -0.3618  -0.2761  -0.1312  -0.0643   0.0046   0.0854

          k =-0.1000-0.3004 0.6110 ( 26155 PWs)   bands (ev):

   -24.4826 -24.4816 -10.1179 -10.1089  -9.7896  -9.7625  -9.7402  -9.7293
    -5.5938  -5.5015  -5.0960  -4.9764  -1.8273  -1.7351  -1.3287  -1.1456
    -0.5690  -0.4066  -0.3757  -0.2388  -0.1741  -0.1412  -0.0539   0.0376

          k = 0.4000 0.4006 0.0000 ( 26138 PWs)   bands (ev):

   -24.4946 -24.4940  -9.9878  -9.9701  -9.7438  -9.7224  -9.6421  -9.6374
    -5.9353  -5.8331  -5.1401  -5.0973  -1.4748  -1.4144  -0.9852  -0.8143
    -0.6517  -0.6376  -0.4164  -0.2466  -0.1347  -0.1076  -0.0470   0.0267

          k =-0.1000-0.1001 0.0000 ( 26120 PWs)   bands (ev):

   -24.4970 -24.4916  -9.9817  -9.9282  -9.7674  -9.7255  -9.6621  -9.6181
    -6.3472  -5.5528  -5.0458  -4.9512  -2.0352  -1.2174  -1.1390  -0.8440
    -0.5795  -0.5712  -0.5051  -0.3424  -0.1106   0.0500   0.1654   0.1906

          k = 0.4000 0.4006 0.3055 ( 26113 PWs)   bands (ev):

   -24.4899 -24.4894  -9.9294  -9.9208  -9.8380  -9.8247  -9.7243  -9.7156
    -5.6490  -5.5564  -5.2425  -5.2081  -1.5392  -1.4928  -1.2879  -1.1526
    -0.4642  -0.4446  -0.3565  -0.2515  -0.1623  -0.0902  -0.0345   0.0312

          k =-0.1000-0.1001 0.3055 ( 26156 PWs)   bands (ev):

   -24.4919 -24.4875  -9.9249  -9.8876  -9.8373  -9.8293  -9.7415  -9.7163
    -6.0188  -5.3423  -5.1565  -5.0821  -1.7738  -1.5079  -1.2563  -0.9152
    -0.7079  -0.6450  -0.4587  -0.2400  -0.1139   0.0344   0.0702   0.1357

          k = 0.4000 0.4006 0.6110 ( 26172 PWs)   bands (ev):

   -24.4822 -24.4820 -10.1053 -10.0995  -9.8086  -9.7961  -9.7283  -9.7263
    -5.4818  -5.4185  -5.1496  -5.0815  -1.9037  -1.8631  -1.3169  -1.2853
    -0.4729  -0.4120  -0.2372  -0.2241  -0.1072  -0.1013   0.0587   0.0966

          k =-0.1000-0.1001 0.6110 ( 26138 PWs)   bands (ev):

   -24.4829 -24.4813 -10.1090 -10.1018  -9.8030  -9.7809  -9.7351  -9.7232
    -5.4907  -5.3401  -5.2659  -5.0790  -1.7825  -1.6396  -1.4494  -1.1977
    -0.6194  -0.6043  -0.3464  -0.2433  -0.1203  -0.0631   0.0016   0.0722

     highest occupied level (ev):     0.2103

     Writing config to output data dir ./_ph0/pwscf.q_7/pwscf.save/ :
     XML data file

                                                                                

     bravais-lattice index     =            8
     lattice parameter (alat)  =      13.3294  a.u.
     unit-cell volume          =    1548.2628 (a.u.)^3
     number of atoms/cell      =           22
     number of atomic types    =            3
     kinetic-energy cut-off    =     100.0000  Ry
     charge density cut-off    =     800.0000  Ry
     convergence threshold     =      1.0E-14
     beta                      =       0.7000
     number of iterations used =            4
     Exchange-correlation= PBESOL
                           (   1   4  10   8   0   0   0)


     celldm(1)=   13.32937  celldm(2)=    0.99856  celldm(3)=    0.65470
     celldm(4)=    0.00000  celldm(5)=    0.00000  celldm(6)=    0.00000

     crystal axes: (cart. coord. in units of alat)
               a(1) = (  1.0000  0.0000  0.0000 )  
               a(2) = (  0.0000  0.9986  0.0000 )  
               a(3) = (  0.0000  0.0000  0.6547 )  

     reciprocal axes: (cart. coord. in units 2 pi/alat)
               b(1) = (  1.0000  0.0000  0.0000 )  
               b(2) = (  0.0000  1.0014  0.0000 )  
               b(3) = (  0.0000  0.0000  1.5274 )  


     Atoms inside the unit cell: 

     Cartesian axes

     site n.  atom      mass           positions (alat units)
        1  Ba    137.3270   tau(    1) = (    0.50000    0.49928    0.32735  )
        2  Ba    137.3270   tau(    2) = (    0.00000    0.00000    0.65470  )
        3  B      10.8110   tau(    3) = (    0.62740    0.25362    0.00001  )
        4  B      10.8110   tau(    4) = (    0.37260    0.74493    0.00001  )
        5  B      10.8110   tau(    5) = (    0.12740    0.24566    0.32735  )
        6  B      10.8110   tau(    6) = (    0.87260    0.75290    0.32735  )
        7  H       1.0079   tau(    7) = (    0.45541    0.28500   -0.00001  )
        8  H       1.0079   tau(    8) = (    0.54459    0.71356   -0.00001  )
        9  H       1.0079   tau(    9) = (    0.95541    0.21428    0.32736  )
       10  H       1.0079   tau(   10) = (    0.04459    0.78428    0.32736  )
       11  H       1.0079   tau(   11) = (    0.71576    0.40523    0.00001  )
       12  H       1.0079   tau(   12) = (    0.28424    0.59332    0.00001  )
       13  H       1.0079   tau(   13) = (    0.21576    0.09404    0.32734  )
       14  H       1.0079   tau(   14) = (    0.78424    0.90451    0.32734  )
       15  H       1.0079   tau(   15) = (    0.66582    0.16363    0.51033  )
       16  H       1.0079   tau(   16) = (    0.33418    0.83492    0.51033  )
       17  H       1.0079   tau(   17) = (    0.16582    0.33564    0.47172  )
       18  H       1.0079   tau(   18) = (    0.83418    0.66291    0.47172  )
       19  H       1.0079   tau(   19) = (    0.33419    0.83492    0.14438  )
       20  H       1.0079   tau(   20) = (    0.66581    0.16363    0.14438  )
       21  H       1.0079   tau(   21) = (    0.83419    0.66291    0.18297  )
       22  H       1.0079   tau(   22) = (    0.16581    0.33564    0.18297  )

     Computing dynamical matrix for 
                    q = (  -0.5000000  -0.5007235   0.0000000 )

      5 Sym.Ops. (with q -> -q+G )


     G cutoff = 3600.3905  (  24649 G-vectors)     FFT grid: (128,120, 80)
     G cutoff = 1800.1952  (   8708 G-vectors)  smooth grid: ( 90, 90, 60)
     number of k points=    54

     PseudoPot. # 1 for B  read from file:
     /home/mehlhorn/pseudos/b_pbesol_v1.4.uspp.F.UPF
     MD5 check sum: 369b69bef2c3aeed4453bd8b804fd6a8
     Pseudo is Ultrasoft + core correction, Zval =  3.0
     Generated by new atomic code, or converted to UPF format
     Using radial grid of  781 points,  4 beta functions with: 
                l(1) =   0
                l(2) =   0
                l(3) =   1
                l(4) =   1
     Q(r) pseudized with  8 coefficients,  rinner =    1.100   1.100   1.100


     PseudoPot. # 2 for Ba read from file:
     /home/mehlhorn/pseudos/Ba.nc.z_10.oncvpsp4.dojo.v4-sp.upf
     MD5 check sum: c10ed334bb677c0554edec7181ce9143
     Pseudo is Norm-conserving + core correction, Zval = 10.0
     Generated using ONCVPSP code by D. R. Hamann
     Using radial grid of 1938 points,  8 beta functions with: 
                l(1) =   0
                l(2) =   0
                l(3) =   1
                l(4) =   1
                l(5) =   2
                l(6) =   2
                l(7) =   3
                l(8) =   3

     PseudoPot. # 3 for H  read from file:
     /home/mehlhorn/pseudos/H_ONCV_PBEsol-1.0.upf
     MD5 check sum: 398ef8f67c0a7342c05c87c5e19ea467
     Pseudo is Norm-conserving, Zval =  1.0
     Generated using ONCVPSP code by D. R. Hamann
     Using radial grid of 1180 points,  2 beta functions with: 
                l(1) =   0
                l(2) =   0


     Atomic displacements:
     There are   33 irreducible representations

     Representation     1      2 modes -  To be done

     Representation     2      2 modes -  To be done

     Representation     3      2 modes -  To be done

     Representation     4      2 modes -  To be done

     Representation     5      2 modes -  To be done

     Representation     6      2 modes -  To be done

     Representation     7      2 modes -  To be done

     Representation     8      2 modes -  To be done

     Representation     9      2 modes -  To be done

     Representation    10      2 modes -  To be done

     Representation    11      2 modes -  To be done

     Representation    12      2 modes -  To be done

     Representation    13      2 modes -  To be done

     Representation    14      2 modes -  To be done

     Representation    15      2 modes -  To be done

     Representation    16      2 modes -  To be done

     Representation    17      2 modes -  To be done

     Representation    18      2 modes -  To be done

     Representation    19      2 modes -  To be done

     Representation    20      2 modes -  To be done

     Representation    21      2 modes -  To be done

     Representation    22      2 modes -  To be done

     Representation    23      2 modes -  To be done

     Representation    24      2 modes -  To be done

     Representation    25      2 modes -  To be done

     Representation    26      2 modes -  To be done

     Representation    27      2 modes -  To be done

     Representation    28      2 modes -  To be done

     Representation    29      2 modes -  To be done

     Representation    30      2 modes -  To be done

     Representation    31      2 modes -  To be done

     Representation    32      2 modes -  To be done

     Representation    33      2 modes -  To be done



     Alpha used in Ewald sum =   2.8000
     PHONON       :   2d13h40m CPU   2d14h17m WALL



     Representation #   1 modes #   1   2

     Self-consistent Calculation

      iter #   1 total cpu time :224328.3 secs   av.it.:   3.0
      thresh= 1.000E-02 alpha_mix =  0.700 |ddv_scf|^2 =  2.958E-10

      iter #   2 total cpu time :224528.5 secs   av.it.:  16.9
      thresh= 1.720E-06 alpha_mix =  0.700 |ddv_scf|^2 =  7.005E-11

      iter #   3 total cpu time :224723.6 secs   av.it.:  16.4
      thresh= 8.370E-07 alpha_mix =  0.700 |ddv_scf|^2 =  2.140E-12

      iter #   4 total cpu time :224913.9 secs   av.it.:  15.9
      thresh= 1.463E-07 alpha_mix =  0.700 |ddv_scf|^2 =  1.782E-13

      iter #   5 total cpu time :225106.5 secs   av.it.:  16.0
      thresh= 4.221E-08 alpha_mix =  0.700 |ddv_scf|^2 =  3.297E-15

     End of self-consistent calculation

     Convergence has been achieved 


     Representation #   2 modes #   3   4

     Self-consistent Calculation

      iter #   1 total cpu time :225207.5 secs   av.it.:   4.8
      thresh= 1.000E-02 alpha_mix =  0.700 |ddv_scf|^2 =  5.335E-09

      iter #   2 total cpu time :225405.7 secs   av.it.:  16.7
      thresh= 7.304E-06 alpha_mix =  0.700 |ddv_scf|^2 =  3.252E-09

      iter #   3 total cpu time :225590.6 secs   av.it.:  15.1
      thresh= 5.702E-06 alpha_mix =  0.700 |ddv_scf|^2 =  1.254E-11

      iter #   4 total cpu time :225788.3 secs   av.it.:  16.8
      thresh= 3.541E-07 alpha_mix =  0.700 |ddv_scf|^2 =  9.521E-13

      iter #   5 total cpu time :225985.8 secs   av.it.:  16.8
      thresh= 9.758E-08 alpha_mix =  0.700 |ddv_scf|^2 =  7.317E-14

      iter #   6 total cpu time :226184.4 secs   av.it.:  16.9
      thresh= 2.705E-08 alpha_mix =  0.700 |ddv_scf|^2 =  1.867E-15

     End of self-consistent calculation

     Convergence has been achieved 


     Representation #   3 modes #   5   6

     Self-consistent Calculation

      iter #   1 total cpu time :226272.8 secs   av.it.:   3.0
      thresh= 1.000E-02 alpha_mix =  0.700 |ddv_scf|^2 =  8.940E-10

      iter #   2 total cpu time :226475.3 secs   av.it.:  16.7
      thresh= 2.990E-06 alpha_mix =  0.700 |ddv_scf|^2 =  4.517E-10

      iter #   3 total cpu time :226670.5 secs   av.it.:  15.9
      thresh= 2.125E-06 alpha_mix =  0.700 |ddv_scf|^2 =  2.311E-12

      iter #   4 total cpu time :226871.7 secs   av.it.:  16.1
      thresh= 1.520E-07 alpha_mix =  0.700 |ddv_scf|^2 =  3.256E-13

      iter #   5 total cpu time :227073.3 secs   av.it.:  16.1
      thresh= 5.706E-08 alpha_mix =  0.700 |ddv_scf|^2 =  1.305E-14

      iter #   6 total cpu time :227275.7 secs   av.it.:  16.1
      thresh= 1.143E-08 alpha_mix =  0.700 |ddv_scf|^2 =  7.169E-16

     End of self-consistent calculation

     Convergence has been achieved 


     Representation #   4 modes #   7   8

     Self-consistent Calculation

      iter #   1 total cpu time :227364.2 secs   av.it.:   3.0
      thresh= 1.000E-02 alpha_mix =  0.700 |ddv_scf|^2 =  7.591E-10

      iter #   2 total cpu time :227569.0 secs   av.it.:  16.9
      thresh= 2.755E-06 alpha_mix =  0.700 |ddv_scf|^2 =  8.331E-10

      iter #   3 total cpu time :227758.6 secs   av.it.:  15.0
      thresh= 2.886E-06 alpha_mix =  0.700 |ddv_scf|^2 =  8.194E-12

      iter #   4 total cpu time :227960.6 secs   av.it.:  16.1
      thresh= 2.863E-07 alpha_mix =  0.700 |ddv_scf|^2 =  3.300E-13

      iter #   5 total cpu time :228164.6 secs   av.it.:  16.9
      thresh= 5.744E-08 alpha_mix =  0.700 |ddv_scf|^2 =  2.359E-14

      iter #   6 total cpu time :228363.8 secs   av.it.:  16.7
      thresh= 1.536E-08 alpha_mix =  0.700 |ddv_scf|^2 =  7.497E-16

     End of self-consistent calculation

     Convergence has been achieved 


     Representation #   5 modes #   9  10

     Self-consistent Calculation

      iter #   1 total cpu time :228464.1 secs   av.it.:   4.4
      thresh= 1.000E-02 alpha_mix =  0.700 |ddv_scf|^2 =  2.995E-09

      iter #   2 total cpu time :228662.6 secs   av.it.:  16.9
      thresh= 5.473E-06 alpha_mix =  0.700 |ddv_scf|^2 =  2.324E-09

      iter #   3 total cpu time :228847.4 secs   av.it.:  15.4
      thresh= 4.820E-06 alpha_mix =  0.700 |ddv_scf|^2 =  8.722E-11

      iter #   4 total cpu time :229037.2 secs   av.it.:  15.9
      thresh= 9.339E-07 alpha_mix =  0.700 |ddv_scf|^2 =  9.346E-13

      iter #   5 total cpu time :229236.1 secs   av.it.:  16.9
      thresh= 9.668E-08 alpha_mix =  0.700 |ddv_scf|^2 =  1.694E-13

      iter #   6 total cpu time :229436.0 secs   av.it.:  16.9
      thresh= 4.116E-08 alpha_mix =  0.700 |ddv_scf|^2 =  1.401E-15

     End of self-consistent calculation

     Convergence has been achieved 


     Representation #   6 modes #  11  12

     Self-consistent Calculation

      iter #   1 total cpu time :229523.5 secs   av.it.:   3.0
      thresh= 1.000E-02 alpha_mix =  0.700 |ddv_scf|^2 =  9.151E-10

      iter #   2 total cpu time :229718.1 secs   av.it.:  16.1
      thresh= 3.025E-06 alpha_mix =  0.700 |ddv_scf|^2 =  8.282E-10

      iter #   3 total cpu time :229900.9 secs   av.it.:  15.0
      thresh= 2.878E-06 alpha_mix =  0.700 |ddv_scf|^2 =  1.439E-11

      iter #   4 total cpu time :230092.1 secs   av.it.:  16.0
      thresh= 3.793E-07 alpha_mix =  0.700 |ddv_scf|^2 =  3.582E-13

      iter #   5 total cpu time :230295.8 secs   av.it.:  16.9
      thresh= 5.985E-08 alpha_mix =  0.700 |ddv_scf|^2 =  1.638E-14

      iter #   6 total cpu time :230503.3 secs   av.it.:  16.9
      thresh= 1.280E-08 alpha_mix =  0.700 |ddv_scf|^2 =  9.715E-16

     End of self-consistent calculation

     Convergence has been achieved 


     Representation #   7 modes #  13  14

     Self-consistent Calculation

      iter #   1 total cpu time :230590.6 secs   av.it.:   3.0
      thresh= 1.000E-02 alpha_mix =  0.700 |ddv_scf|^2 =  1.219E-09

      iter #   2 total cpu time :230787.2 secs   av.it.:  16.3
      thresh= 3.491E-06 alpha_mix =  0.700 |ddv_scf|^2 =  1.578E-09

      iter #   3 total cpu time :230967.6 secs   av.it.:  15.0
      thresh= 3.973E-06 alpha_mix =  0.700 |ddv_scf|^2 =  4.793E-12

      iter #   4 total cpu time :231163.5 secs   av.it.:  16.8
      thresh= 2.189E-07 alpha_mix =  0.700 |ddv_scf|^2 =  2.207E-13

      iter #   5 total cpu time :231362.8 secs   av.it.:  16.9
      thresh= 4.698E-08 alpha_mix =  0.700 |ddv_scf|^2 =  2.295E-14

      iter #   6 total cpu time :231557.9 secs   av.it.:  16.2
      thresh= 1.515E-08 alpha_mix =  0.700 |ddv_scf|^2 =  1.370E-15

     End of self-consistent calculation

     Convergence has been achieved 


     Representation #   8 modes #  15  16

     Self-consistent Calculation

      iter #   1 total cpu time :231647.2 secs   av.it.:   3.2
      thresh= 1.000E-02 alpha_mix =  0.700 |ddv_scf|^2 =  6.427E-10

      iter #   2 total cpu time :231852.3 secs   av.it.:  16.9
      thresh= 2.535E-06 alpha_mix =  0.700 |ddv_scf|^2 =  4.998E-10

      iter #   3 total cpu time :232045.3 secs   av.it.:  15.9
      thresh= 2.236E-06 alpha_mix =  0.700 |ddv_scf|^2 =  1.823E-11

      iter #   4 total cpu time :232239.4 secs   av.it.:  15.9
      thresh= 4.269E-07 alpha_mix =  0.700 |ddv_scf|^2 =  6.721E-13

      iter #   5 total cpu time :232437.0 secs   av.it.:  16.3
      thresh= 8.198E-08 alpha_mix =  0.700 |ddv_scf|^2 =  1.205E-14

      iter #   6 total cpu time :232639.0 secs   av.it.:  16.9
      thresh= 1.098E-08 alpha_mix =  0.700 |ddv_scf|^2 =  1.150E-15

     End of self-consistent calculation

     Convergence has been achieved 


     Representation #   9 modes #  17  18

     Self-consistent Calculation

      iter #   1 total cpu time :232726.7 secs   av.it.:   3.0
      thresh= 1.000E-02 alpha_mix =  0.700 |ddv_scf|^2 =  2.657E-09

      iter #   2 total cpu time :232917.6 secs   av.it.:  16.0
      thresh= 5.155E-06 alpha_mix =  0.700 |ddv_scf|^2 =  1.789E-09

      iter #   3 total cpu time :233099.2 secs   av.it.:  15.0
      thresh= 4.229E-06 alpha_mix =  0.700 |ddv_scf|^2 =  5.650E-13

      iter #   4 total cpu time :233301.2 secs   av.it.:  16.9
      thresh= 7.516E-08 alpha_mix =  0.700 |ddv_scf|^2 =  1.239E-13

      iter #   5 total cpu time :233498.0 secs   av.it.:  16.7
      thresh= 3.519E-08 alpha_mix =  0.700 |ddv_scf|^2 =  1.185E-14

      iter #   6 total cpu time :233693.7 secs   av.it.:  16.1
      thresh= 1.089E-08 alpha_mix =  0.700 |ddv_scf|^2 =  5.643E-16

     End of self-consistent calculation

     Convergence has been achieved 


     Representation #  10 modes #  19  20

     Self-consistent Calculation

      iter #   1 total cpu time :233782.4 secs   av.it.:   3.4
      thresh= 1.000E-02 alpha_mix =  0.700 |ddv_scf|^2 =  1.037E-09

      iter #   2 total cpu time :233979.9 secs   av.it.:  16.7
      thresh= 3.219E-06 alpha_mix =  0.700 |ddv_scf|^2 =  5.624E-10

      iter #   3 total cpu time :234170.7 secs   av.it.:  15.9
      thresh= 2.371E-06 alpha_mix =  0.700 |ddv_scf|^2 =  1.207E-12

      iter #   4 total cpu time :234375.3 secs   av.it.:  16.9
      thresh= 1.099E-07 alpha_mix =  0.700 |ddv_scf|^2 =  3.480E-13

      iter #   5 total cpu time :234574.4 secs   av.it.:  16.0
      thresh= 5.899E-08 alpha_mix =  0.700 |ddv_scf|^2 =  6.747E-15

     End of self-consistent calculation

     Convergence has been achieved 


     Representation #  11 modes #  21  22

     Self-consistent Calculation

      iter #   1 total cpu time :234694.4 secs   av.it.:   6.6
      thresh= 1.000E-02 alpha_mix =  0.700 |ddv_scf|^2 =  1.001E-08

      iter #   2 total cpu time :234889.8 secs   av.it.:  16.4
      thresh= 1.000E-05 alpha_mix =  0.700 |ddv_scf|^2 =  1.984E-09

      iter #   3 total cpu time :235082.1 secs   av.it.:  16.3
      thresh= 4.454E-06 alpha_mix =  0.700 |ddv_scf|^2 =  6.934E-12

      iter #   4 total cpu time :235275.1 secs   av.it.:  16.3
      thresh= 2.633E-07 alpha_mix =  0.700 |ddv_scf|^2 =  1.004E-13

      iter #   5 total cpu time :235469.8 secs   av.it.:  16.4
      thresh= 3.169E-08 alpha_mix =  0.700 |ddv_scf|^2 =  1.921E-15

     End of self-consistent calculation

     Convergence has been achieved 


     Representation #  12 modes #  23  24

     Self-consistent Calculation

      iter #   1 total cpu time :235558.7 secs   av.it.:   3.2
      thresh= 1.000E-02 alpha_mix =  0.700 |ddv_scf|^2 =  8.789E-10

      iter #   2 total cpu time :235758.6 secs   av.it.:  16.9
      thresh= 2.965E-06 alpha_mix =  0.700 |ddv_scf|^2 =  1.010E-09

      iter #   3 total cpu time :235943.1 secs   av.it.:  15.1
      thresh= 3.178E-06 alpha_mix =  0.700 |ddv_scf|^2 =  1.126E-11

      iter #   4 total cpu time :236140.2 secs   av.it.:  16.7
      thresh= 3.356E-07 alpha_mix =  0.700 |ddv_scf|^2 =  6.681E-13

      iter #   5 total cpu time :236337.7 secs   av.it.:  16.6
      thresh= 8.174E-08 alpha_mix =  0.700 |ddv_scf|^2 =  1.455E-14

      iter #   6 total cpu time :236538.9 secs   av.it.:  16.9
      thresh= 1.206E-08 alpha_mix =  0.700 |ddv_scf|^2 =  1.252E-15

     End of self-consistent calculation

     Convergence has been achieved 


     Representation #  13 modes #  25  26

     Self-consistent Calculation

      iter #   1 total cpu time :236640.5 secs   av.it.:   5.0
      thresh= 1.000E-02 alpha_mix =  0.700 |ddv_scf|^2 =  1.912E-08

      iter #   2 total cpu time :236833.6 secs   av.it.:  16.0
      thresh= 1.383E-05 alpha_mix =  0.700 |ddv_scf|^2 =  2.720E-08

      iter #   3 total cpu time :237014.9 secs   av.it.:  15.0
      thresh= 1.649E-05 alpha_mix =  0.700 |ddv_scf|^2 =  3.089E-11

      iter #   4 total cpu time :237214.9 secs   av.it.:  16.9
      thresh= 5.558E-07 alpha_mix =  0.700 |ddv_scf|^2 =  3.285E-12

      iter #   5 total cpu time :237416.7 secs   av.it.:  16.5
      thresh= 1.812E-07 alpha_mix =  0.700 |ddv_scf|^2 =  2.064E-13

      iter #   6 total cpu time :237622.3 secs   av.it.:  16.9
      thresh= 4.543E-08 alpha_mix =  0.700 |ddv_scf|^2 =  1.542E-14

      iter #   7 total cpu time :237818.4 secs   av.it.:  15.9
      thresh= 1.242E-08 alpha_mix =  0.700 |ddv_scf|^2 =  2.582E-16

     End of self-consistent calculation

     Convergence has been achieved 


     Representation #  14 modes #  27  28

     Self-consistent Calculation

      iter #   1 total cpu time :237908.2 secs   av.it.:   3.1
      thresh= 1.000E-02 alpha_mix =  0.700 |ddv_scf|^2 =  5.781E-10

      iter #   2 total cpu time :238113.0 secs   av.it.:  16.9
      thresh= 2.404E-06 alpha_mix =  0.700 |ddv_scf|^2 =  4.885E-10

      iter #   3 total cpu time :238302.9 secs   av.it.:  15.5
      thresh= 2.210E-06 alpha_mix =  0.700 |ddv_scf|^2 =  1.390E-11

      iter #   4 total cpu time :238497.9 secs   av.it.:  15.9
      thresh= 3.728E-07 alpha_mix =  0.700 |ddv_scf|^2 =  3.680E-13

      iter #   5 total cpu time :238702.1 secs   av.it.:  16.9
      thresh= 6.066E-08 alpha_mix =  0.700 |ddv_scf|^2 =  1.799E-14

      iter #   6 total cpu time :238906.3 secs   av.it.:  16.9
      thresh= 1.341E-08 alpha_mix =  0.700 |ddv_scf|^2 =  8.029E-16

     End of self-consistent calculation

     Convergence has been achieved 


     Representation #  15 modes #  29  30

     Self-consistent Calculation

      iter #   1 total cpu time :239019.9 secs   av.it.:   3.1
      thresh= 1.000E-02 alpha_mix =  0.700 |ddv_scf|^2 =  1.985E-09

      iter #   2 total cpu time :239216.7 secs   av.it.:  16.0
      thresh= 4.455E-06 alpha_mix =  0.700 |ddv_scf|^2 =  1.357E-09

      iter #   3 total cpu time :239404.1 secs   av.it.:  15.0
      thresh= 3.684E-06 alpha_mix =  0.700 |ddv_scf|^2 =  5.620E-13

      iter #   4 total cpu time :239613.5 secs   av.it.:  16.9
      thresh= 7.497E-08 alpha_mix =  0.700 |ddv_scf|^2 =  1.239E-13

      iter #   5 total cpu time :239817.9 secs   av.it.:  16.9
      thresh= 3.520E-08 alpha_mix =  0.700 |ddv_scf|^2 =  8.835E-15

     End of self-consistent calculation

     Convergence has been achieved 


     Representation #  16 modes #  31  32

     Self-consistent Calculation

      iter #   1 total cpu time :239943.2 secs   av.it.:   6.7
      thresh= 1.000E-02 alpha_mix =  0.700 |ddv_scf|^2 =  7.758E-08

      iter #   2 total cpu time :240139.4 secs   av.it.:  16.0
      thresh= 2.785E-05 alpha_mix =  0.700 |ddv_scf|^2 =  1.106E-07

      iter #   3 total cpu time :240320.6 secs   av.it.:  14.9
      thresh= 3.326E-05 alpha_mix =  0.700 |ddv_scf|^2 =  2.317E-10

      iter #   4 total cpu time :240517.6 secs   av.it.:  16.6
      thresh= 1.522E-06 alpha_mix =  0.700 |ddv_scf|^2 =  5.673E-12

      iter #   5 total cpu time :240716.2 secs   av.it.:  16.7
      thresh= 2.382E-07 alpha_mix =  0.700 |ddv_scf|^2 =  4.773E-13

      iter #   6 total cpu time :240914.3 secs   av.it.:  16.7
      thresh= 6.909E-08 alpha_mix =  0.700 |ddv_scf|^2 =  1.583E-14

      iter #   7 total cpu time :241114.6 secs   av.it.:  16.7
      thresh= 1.258E-08 alpha_mix =  0.700 |ddv_scf|^2 =  1.823E-15

     End of self-consistent calculation

     Convergence has been achieved 


     Representation #  17 modes #  33  34

     Self-consistent Calculation

      iter #   1 total cpu time :241202.7 secs   av.it.:   3.0
      thresh= 1.000E-02 alpha_mix =  0.700 |ddv_scf|^2 =  1.503E-09

      iter #   2 total cpu time :241398.5 secs   av.it.:  16.0
      thresh= 3.877E-06 alpha_mix =  0.700 |ddv_scf|^2 =  8.747E-10

      iter #   3 total cpu time :241642.6 secs   av.it.:  15.0
      thresh= 2.958E-06 alpha_mix =  0.700 |ddv_scf|^2 =  1.419E-12

      iter #   4 total cpu time :241839.2 secs   av.it.:  16.3
      thresh= 1.191E-07 alpha_mix =  0.700 |ddv_scf|^2 =  1.408E-13

      iter #   5 total cpu time :242035.6 secs   av.it.:  16.4
      thresh= 3.753E-08 alpha_mix =  0.700 |ddv_scf|^2 =  1.752E-14

      iter #   6 total cpu time :242230.5 secs   av.it.:  16.2
      thresh= 1.324E-08 alpha_mix =  0.700 |ddv_scf|^2 =  7.384E-16

     End of self-consistent calculation

     Convergence has been achieved 


     Representation #  18 modes #  35  36

     Self-consistent Calculation

      iter #   1 total cpu time :242316.4 secs   av.it.:   3.0
      thresh= 1.000E-02 alpha_mix =  0.700 |ddv_scf|^2 =  4.391E-10

      iter #   2 total cpu time :242511.1 secs   av.it.:  16.1
      thresh= 2.096E-06 alpha_mix =  0.700 |ddv_scf|^2 =  2.159E-10

      iter #   3 total cpu time :242698.4 secs   av.it.:  15.6
      thresh= 1.469E-06 alpha_mix =  0.700 |ddv_scf|^2 =  1.672E-12

      iter #   4 total cpu time :242893.4 secs   av.it.:  16.0
      thresh= 1.293E-07 alpha_mix =  0.700 |ddv_scf|^2 =  7.587E-14

      iter #   5 total cpu time :243096.6 secs   av.it.:  16.9
      thresh= 2.754E-08 alpha_mix =  0.700 |ddv_scf|^2 =  6.420E-15

     End of self-consistent calculation

     Convergence has been achieved 


     Representation #  19 modes #  37  38

     Self-consistent Calculation

      iter #   1 total cpu time :243184.9 secs   av.it.:   3.0
      thresh= 1.000E-02 alpha_mix =  0.700 |ddv_scf|^2 =  9.471E-10

      iter #   2 total cpu time :243387.6 secs   av.it.:  16.7
      thresh= 3.077E-06 alpha_mix =  0.700 |ddv_scf|^2 =  8.408E-10

      iter #   3 total cpu time :243578.0 secs   av.it.:  15.2
      thresh= 2.900E-06 alpha_mix =  0.700 |ddv_scf|^2 =  1.781E-11

      iter #   4 total cpu time :243773.8 secs   av.it.:  15.9
      thresh= 4.221E-07 alpha_mix =  0.700 |ddv_scf|^2 =  5.921E-13

      iter #   5 total cpu time :243978.4 secs   av.it.:  16.9
      thresh= 7.695E-08 alpha_mix =  0.700 |ddv_scf|^2 =  2.199E-14

      iter #   6 total cpu time :244180.1 secs   av.it.:  16.4
      thresh= 1.483E-08 alpha_mix =  0.700 |ddv_scf|^2 =  1.128E-15

     End of self-consistent calculation

     Convergence has been achieved 


     Representation #  20 modes #  39  40

     Self-consistent Calculation

      iter #   1 total cpu time :244267.6 secs   av.it.:   3.0
      thresh= 1.000E-02 alpha_mix =  0.700 |ddv_scf|^2 =  1.159E-09

      iter #   2 total cpu time :244467.3 secs   av.it.:  16.0
      thresh= 3.404E-06 alpha_mix =  0.700 |ddv_scf|^2 =  7.309E-10

      iter #   3 total cpu time :244653.9 secs   av.it.:  15.1
      thresh= 2.704E-06 alpha_mix =  0.700 |ddv_scf|^2 =  9.379E-13

      iter #   4 total cpu time :244856.9 secs   av.it.:  16.9
      thresh= 9.684E-08 alpha_mix =  0.700 |ddv_scf|^2 =  1.486E-13

      iter #   5 total cpu time :245055.5 secs   av.it.:  16.9
      thresh= 3.855E-08 alpha_mix =  0.700 |ddv_scf|^2 =  6.687E-15

     End of self-consistent calculation

     Convergence has been achieved 


     Representation #  21 modes #  41  42

     Self-consistent Calculation

      iter #   1 total cpu time :245141.9 secs   av.it.:   3.0
      thresh= 1.000E-02 alpha_mix =  0.700 |ddv_scf|^2 =  2.060E-09

      iter #   2 total cpu time :245335.3 secs   av.it.:  16.0
      thresh= 4.539E-06 alpha_mix =  0.700 |ddv_scf|^2 =  2.581E-09

      iter #   3 total cpu time :245515.7 secs   av.it.:  15.0
      thresh= 5.080E-06 alpha_mix =  0.700 |ddv_scf|^2 =  6.708E-12

      iter #   4 total cpu time :245707.8 secs   av.it.:  16.0
      thresh= 2.590E-07 alpha_mix =  0.700 |ddv_scf|^2 =  1.847E-13

      iter #   5 total cpu time :245906.4 secs   av.it.:  16.8
      thresh= 4.298E-08 alpha_mix =  0.700 |ddv_scf|^2 =  2.050E-14

      iter #   6 total cpu time :246100.5 secs   av.it.:  16.1
      thresh= 1.432E-08 alpha_mix =  0.700 |ddv_scf|^2 =  7.208E-16

     End of self-consistent calculation

     Convergence has been achieved 


     Representation #  22 modes #  43  44

     Self-consistent Calculation

      iter #   1 total cpu time :246201.4 secs   av.it.:   4.9
      thresh= 1.000E-02 alpha_mix =  0.700 |ddv_scf|^2 =  5.483E-09

      iter #   2 total cpu time :246401.8 secs   av.it.:  16.5
      thresh= 7.405E-06 alpha_mix =  0.700 |ddv_scf|^2 =  3.398E-09

      iter #   3 total cpu time :246589.5 secs   av.it.:  15.0
      thresh= 5.829E-06 alpha_mix =  0.700 |ddv_scf|^2 =  1.200E-11

      iter #   4 total cpu time :246792.9 secs   av.it.:  16.9
      thresh= 3.464E-07 alpha_mix =  0.700 |ddv_scf|^2 =  7.223E-13

      iter #   5 total cpu time :246992.8 secs   av.it.:  16.9
      thresh= 8.499E-08 alpha_mix =  0.700 |ddv_scf|^2 =  9.121E-14

      iter #   6 total cpu time :247191.2 secs   av.it.:  16.9
      thresh= 3.020E-08 alpha_mix =  0.700 |ddv_scf|^2 =  2.383E-15

     End of self-consistent calculation

     Convergence has been achieved 


     Representation #  23 modes #  45  46

     Self-consistent Calculation

      iter #   1 total cpu time :247276.3 secs   av.it.:   3.0
      thresh= 1.000E-02 alpha_mix =  0.700 |ddv_scf|^2 =  8.061E-10

      iter #   2 total cpu time :247475.4 secs   av.it.:  16.6
      thresh= 2.839E-06 alpha_mix =  0.700 |ddv_scf|^2 =  4.355E-10

      iter #   3 total cpu time :247666.7 secs   av.it.:  15.8
      thresh= 2.087E-06 alpha_mix =  0.700 |ddv_scf|^2 =  1.634E-12

      iter #   4 total cpu time :247864.5 secs   av.it.:  16.8
      thresh= 1.278E-07 alpha_mix =  0.700 |ddv_scf|^2 =  2.578E-13

      iter #   5 total cpu time :248065.5 secs   av.it.:  16.8
      thresh= 5.078E-08 alpha_mix =  0.700 |ddv_scf|^2 =  1.486E-14

      iter #   6 total cpu time :248260.6 secs   av.it.:  16.1
      thresh= 1.219E-08 alpha_mix =  0.700 |ddv_scf|^2 =  8.046E-16

     End of self-consistent calculation

     Convergence has been achieved 


     Representation #  24 modes #  47  48

     Self-consistent Calculation

      iter #   1 total cpu time :248361.6 secs   av.it.:   4.9
      thresh= 1.000E-02 alpha_mix =  0.700 |ddv_scf|^2 =  8.049E-09

      iter #   2 total cpu time :248562.5 secs   av.it.:  16.3
      thresh= 8.972E-06 alpha_mix =  0.700 |ddv_scf|^2 =  9.578E-09

      iter #   3 total cpu time :248749.1 secs   av.it.:  15.0
      thresh= 9.787E-06 alpha_mix =  0.700 |ddv_scf|^2 =  5.227E-11

      iter #   4 total cpu time :248947.6 secs   av.it.:  16.2
      thresh= 7.230E-07 alpha_mix =  0.700 |ddv_scf|^2 =  2.317E-12

      iter #   5 total cpu time :249146.3 secs   av.it.:  16.8
      thresh= 1.522E-07 alpha_mix =  0.700 |ddv_scf|^2 =  1.737E-13

      iter #   6 total cpu time :249347.6 secs   av.it.:  16.9
      thresh= 4.168E-08 alpha_mix =  0.700 |ddv_scf|^2 =  1.070E-14

      iter #   7 total cpu time :249546.6 secs   av.it.:  16.7
      thresh= 1.034E-08 alpha_mix =  0.700 |ddv_scf|^2 =  5.353E-16

     End of self-consistent calculation

     Convergence has been achieved 


     Representation #  25 modes #  49  50

     Self-consistent Calculation

      iter #   1 total cpu time :249635.9 secs   av.it.:   3.6
      thresh= 1.000E-02 alpha_mix =  0.700 |ddv_scf|^2 =  7.274E-10

      iter #   2 total cpu time :249835.2 secs   av.it.:  16.9
      thresh= 2.697E-06 alpha_mix =  0.700 |ddv_scf|^2 =  2.669E-10

      iter #   3 total cpu time :250028.3 secs   av.it.:  16.0
      thresh= 1.634E-06 alpha_mix =  0.700 |ddv_scf|^2 =  1.336E-12

      iter #   4 total cpu time :250223.2 secs   av.it.:  16.2
      thresh= 1.156E-07 alpha_mix =  0.700 |ddv_scf|^2 =  1.759E-13

      iter #   5 total cpu time :250413.0 secs   av.it.:  15.9
      thresh= 4.194E-08 alpha_mix =  0.700 |ddv_scf|^2 =  8.386E-15

     End of self-consistent calculation

     Convergence has been achieved 


     Representation #  26 modes #  51  52

     Self-consistent Calculation

      iter #   1 total cpu time :250536.3 secs   av.it.:   6.9
      thresh= 1.000E-02 alpha_mix =  0.700 |ddv_scf|^2 =  1.641E-07

      iter #   2 total cpu time :250727.3 secs   av.it.:  15.9
      thresh= 4.051E-05 alpha_mix =  0.700 |ddv_scf|^2 =  2.353E-07

      iter #   3 total cpu time :250908.0 secs   av.it.:  14.9
      thresh= 4.851E-05 alpha_mix =  0.700 |ddv_scf|^2 =  1.615E-10

      iter #   4 total cpu time :251106.6 secs   av.it.:  16.8
      thresh= 1.271E-06 alpha_mix =  0.700 |ddv_scf|^2 =  6.109E-12

      iter #   5 total cpu time :251304.7 secs   av.it.:  16.7
      thresh= 2.472E-07 alpha_mix =  0.700 |ddv_scf|^2 =  3.423E-13

      iter #   6 total cpu time :251502.3 secs   av.it.:  16.7
      thresh= 5.851E-08 alpha_mix =  0.700 |ddv_scf|^2 =  4.249E-14

      iter #   7 total cpu time :251698.0 secs   av.it.:  15.9
      thresh= 2.061E-08 alpha_mix =  0.700 |ddv_scf|^2 =  5.375E-15

     End of self-consistent calculation

     Convergence has been achieved 


     Representation #  27 modes #  53  54

     Self-consistent Calculation

      iter #   1 total cpu time :251789.8 secs   av.it.:   3.9
      thresh= 1.000E-02 alpha_mix =  0.700 |ddv_scf|^2 =  1.717E-09

      iter #   2 total cpu time :251987.2 secs   av.it.:  16.7
      thresh= 4.144E-06 alpha_mix =  0.700 |ddv_scf|^2 =  2.141E-09

      iter #   3 total cpu time :252170.6 secs   av.it.:  15.0
      thresh= 4.627E-06 alpha_mix =  0.700 |ddv_scf|^2 =  1.347E-11

      iter #   4 total cpu time :252366.1 secs   av.it.:  16.1
      thresh= 3.670E-07 alpha_mix =  0.700 |ddv_scf|^2 =  4.411E-13

      iter #   5 total cpu time :252565.5 secs   av.it.:  16.9
      thresh= 6.642E-08 alpha_mix =  0.700 |ddv_scf|^2 =  1.995E-14

      iter #   6 total cpu time :252759.7 secs   av.it.:  16.0
      thresh= 1.412E-08 alpha_mix =  0.700 |ddv_scf|^2 =  7.372E-16

     End of self-consistent calculation

     Convergence has been achieved 


     Representation #  28 modes #  55  56

     Self-consistent Calculation

      iter #   1 total cpu time :252861.5 secs   av.it.:   5.0
      thresh= 1.000E-02 alpha_mix =  0.700 |ddv_scf|^2 =  1.485E-08

      iter #   2 total cpu time :253054.4 secs   av.it.:  15.9
      thresh= 1.219E-05 alpha_mix =  0.700 |ddv_scf|^2 =  1.131E-08

      iter #   3 total cpu time :253234.7 secs   av.it.:  14.9
      thresh= 1.064E-05 alpha_mix =  0.700 |ddv_scf|^2 =  1.466E-11

      iter #   4 total cpu time :253430.4 secs   av.it.:  16.1
      thresh= 3.829E-07 alpha_mix =  0.700 |ddv_scf|^2 =  8.562E-13

      iter #   5 total cpu time :253629.1 secs   av.it.:  16.9
      thresh= 9.253E-08 alpha_mix =  0.700 |ddv_scf|^2 =  1.147E-13

      iter #   6 total cpu time :253826.4 secs   av.it.:  16.7
      thresh= 3.387E-08 alpha_mix =  0.700 |ddv_scf|^2 =  5.128E-15

     End of self-consistent calculation

     Convergence has been achieved 


     Representation #  29 modes #  57  58

     Self-consistent Calculation

      iter #   1 total cpu time :253913.3 secs   av.it.:   3.0
      thresh= 1.000E-02 alpha_mix =  0.700 |ddv_scf|^2 =  1.749E-09

      iter #   2 total cpu time :254107.7 secs   av.it.:  16.1
      thresh= 4.182E-06 alpha_mix =  0.700 |ddv_scf|^2 =  2.347E-09

      iter #   3 total cpu time :254288.9 secs   av.it.:  15.0
      thresh= 4.845E-06 alpha_mix =  0.700 |ddv_scf|^2 =  3.999E-12

      iter #   4 total cpu time :254489.4 secs   av.it.:  16.9
      thresh= 2.000E-07 alpha_mix =  0.700 |ddv_scf|^2 =  5.301E-13

      iter #   5 total cpu time :254686.7 secs   av.it.:  16.8
      thresh= 7.281E-08 alpha_mix =  0.700 |ddv_scf|^2 =  1.590E-14

      iter #   6 total cpu time :254885.3 secs   av.it.:  16.9
      thresh= 1.261E-08 alpha_mix =  0.700 |ddv_scf|^2 =  6.146E-16

     End of self-consistent calculation

     Convergence has been achieved 


     Representation #  30 modes #  59  60

     Self-consistent Calculation

      iter #   1 total cpu time :254972.2 secs   av.it.:   3.0
      thresh= 1.000E-02 alpha_mix =  0.700 |ddv_scf|^2 =  8.309E-10

      iter #   2 total cpu time :255173.1 secs   av.it.:  16.2
      thresh= 2.883E-06 alpha_mix =  0.700 |ddv_scf|^2 =  5.404E-10

      iter #   3 total cpu time :255363.9 secs   av.it.:  15.3
      thresh= 2.325E-06 alpha_mix =  0.700 |ddv_scf|^2 =  8.694E-13

      iter #   4 total cpu time :255571.5 secs   av.it.:  16.9
      thresh= 9.324E-08 alpha_mix =  0.700 |ddv_scf|^2 =  1.215E-13

      iter #   5 total cpu time :255768.8 secs   av.it.:  16.9
      thresh= 3.486E-08 alpha_mix =  0.700 |ddv_scf|^2 =  4.518E-15

     End of self-consistent calculation

     Convergence has been achieved 


     Representation #  31 modes #  61  62

     Self-consistent Calculation

      iter #   1 total cpu time :255858.3 secs   av.it.:   3.9
      thresh= 1.000E-02 alpha_mix =  0.700 |ddv_scf|^2 =  2.131E-09

      iter #   2 total cpu time :256054.7 secs   av.it.:  16.5
      thresh= 4.617E-06 alpha_mix =  0.700 |ddv_scf|^2 =  2.742E-09

      iter #   3 total cpu time :256237.5 secs   av.it.:  15.0
      thresh= 5.237E-06 alpha_mix =  0.700 |ddv_scf|^2 =  1.034E-11

      iter #   4 total cpu time :256434.4 secs   av.it.:  16.7
      thresh= 3.216E-07 alpha_mix =  0.700 |ddv_scf|^2 =  5.092E-13

      iter #   5 total cpu time :256633.3 secs   av.it.:  16.9
      thresh= 7.136E-08 alpha_mix =  0.700 |ddv_scf|^2 =  2.179E-14

      iter #   6 total cpu time :256828.5 secs   av.it.:  16.2
      thresh= 1.476E-08 alpha_mix =  0.700 |ddv_scf|^2 =  2.679E-15

     End of self-consistent calculation

     Convergence has been achieved 


     Representation #  32 modes #  63  64

     Self-consistent Calculation

      iter #   1 total cpu time :256917.0 secs   av.it.:   3.3
      thresh= 1.000E-02 alpha_mix =  0.700 |ddv_scf|^2 =  1.187E-09

      iter #   2 total cpu time :257116.6 secs   av.it.:  16.9
      thresh= 3.446E-06 alpha_mix =  0.700 |ddv_scf|^2 =  1.530E-09

      iter #   3 total cpu time :257299.4 secs   av.it.:  15.0
      thresh= 3.912E-06 alpha_mix =  0.700 |ddv_scf|^2 =  7.274E-12

      iter #   4 total cpu time :257498.0 secs   av.it.:  16.9
      thresh= 2.697E-07 alpha_mix =  0.700 |ddv_scf|^2 =  7.084E-13

      iter #   5 total cpu time :257699.3 secs   av.it.:  16.3
      thresh= 8.416E-08 alpha_mix =  0.700 |ddv_scf|^2 =  9.982E-15

     End of self-consistent calculation

     Convergence has been achieved 


     Representation #  33 modes #  65  66

     Self-consistent Calculation

      iter #   1 total cpu time :257789.3 secs   av.it.:   3.1
      thresh= 1.000E-02 alpha_mix =  0.700 |ddv_scf|^2 =  6.004E-10

      iter #   2 total cpu time :257992.2 secs   av.it.:  16.9
      thresh= 2.450E-06 alpha_mix =  0.700 |ddv_scf|^2 =  2.565E-10

      iter #   3 total cpu time :258185.4 secs   av.it.:  16.0
      thresh= 1.601E-06 alpha_mix =  0.700 |ddv_scf|^2 =  1.688E-12

      iter #   4 total cpu time :258378.2 secs   av.it.:  16.0
      thresh= 1.299E-07 alpha_mix =  0.700 |ddv_scf|^2 =  5.006E-13

      iter #   5 total cpu time :258568.3 secs   av.it.:  15.9
      thresh= 7.075E-08 alpha_mix =  0.700 |ddv_scf|^2 =  9.215E-15

     End of self-consistent calculation

     Convergence has been achieved 

     Number of q in the star =    1
     List of q in the star:
          1  -0.500000000  -0.500723541   0.000000000

     Diagonalizing the dynamical matrix

     q = (   -0.500000000  -0.500723541   0.000000000 ) 

 **************************************************************************
     freq (    1) =       0.909176 [THz] =      30.326843 [cm-1]
     freq (    2) =       0.909176 [THz] =      30.326843 [cm-1]
     freq (    3) =       1.200416 [THz] =      40.041576 [cm-1]
     freq (    4) =       1.200416 [THz] =      40.041576 [cm-1]
     freq (    5) =       2.037157 [THz] =      67.952248 [cm-1]
     freq (    6) =       2.037157 [THz] =      67.952248 [cm-1]
     freq (    7) =       4.483308 [THz] =     149.547069 [cm-1]
     freq (    8) =       4.483308 [THz] =     149.547069 [cm-1]
     freq (    9) =       5.246502 [THz] =     175.004480 [cm-1]
     freq (   10) =       5.246502 [THz] =     175.004480 [cm-1]
     freq (   11) =       6.040886 [THz] =     201.502276 [cm-1]
     freq (   12) =       6.040886 [THz] =     201.502276 [cm-1]
     freq (   13) =       6.394636 [THz] =     213.302082 [cm-1]
     freq (   14) =       6.394636 [THz] =     213.302082 [cm-1]
     freq (   15) =       6.450894 [THz] =     215.178674 [cm-1]
     freq (   16) =       6.450894 [THz] =     215.178674 [cm-1]
     freq (   17) =       7.568042 [THz] =     252.442706 [cm-1]
     freq (   18) =       7.568042 [THz] =     252.442706 [cm-1]
     freq (   19) =       7.989841 [THz] =     266.512401 [cm-1]
     freq (   20) =       7.989841 [THz] =     266.512401 [cm-1]
     freq (   21) =       8.502973 [THz] =     283.628648 [cm-1]
     freq (   22) =       8.502973 [THz] =     283.628648 [cm-1]
     freq (   23) =       9.364547 [THz] =     312.367653 [cm-1]
     freq (   24) =       9.364547 [THz] =     312.367653 [cm-1]
     freq (   25) =       9.383592 [THz] =     313.002953 [cm-1]
     freq (   26) =       9.383592 [THz] =     313.002953 [cm-1]
     freq (   27) =      11.888116 [THz] =     396.544858 [cm-1]
     freq (   28) =      11.888116 [THz] =     396.544858 [cm-1]
     freq (   29) =      12.371263 [THz] =     412.660898 [cm-1]
     freq (   30) =      12.371263 [THz] =     412.660898 [cm-1]
     freq (   31) =      30.647998 [THz] =    1022.307186 [cm-1]
     freq (   32) =      30.647998 [THz] =    1022.307186 [cm-1]
     freq (   33) =      30.837712 [THz] =    1028.635340 [cm-1]
     freq (   34) =      30.837712 [THz] =    1028.635340 [cm-1]
     freq (   35) =      31.914180 [THz] =    1064.542449 [cm-1]
     freq (   36) =      31.914180 [THz] =    1064.542449 [cm-1]
     freq (   37) =      32.154192 [THz] =    1072.548391 [cm-1]
     freq (   38) =      32.154192 [THz] =    1072.548391 [cm-1]
     freq (   39) =      32.254840 [THz] =    1075.905661 [cm-1]
     freq (   40) =      32.254840 [THz] =    1075.905661 [cm-1]
     freq (   41) =      32.341535 [THz] =    1078.797482 [cm-1]
     freq (   42) =      32.341535 [THz] =    1078.797482 [cm-1]
     freq (   43) =      35.903909 [THz] =    1197.625507 [cm-1]
     freq (   44) =      35.903909 [THz] =    1197.625507 [cm-1]
     freq (   45) =      35.945986 [THz] =    1199.029037 [cm-1]
     freq (   46) =      35.945986 [THz] =    1199.029037 [cm-1]
     freq (   47) =      36.089535 [THz] =    1203.817312 [cm-1]
     freq (   48) =      36.089535 [THz] =    1203.817312 [cm-1]
     freq (   49) =      36.357794 [THz] =    1212.765460 [cm-1]
     freq (   50) =      36.357794 [THz] =    1212.765460 [cm-1]
     freq (   51) =      68.364722 [THz] =    2280.401679 [cm-1]
     freq (   52) =      68.364722 [THz] =    2280.401679 [cm-1]
     freq (   53) =      68.541770 [THz] =    2286.307363 [cm-1]
     freq (   54) =      68.541770 [THz] =    2286.307363 [cm-1]
     freq (   55) =      70.023081 [THz] =    2335.718560 [cm-1]
     freq (   56) =      70.023081 [THz] =    2335.718560 [cm-1]
     freq (   57) =      70.214880 [THz] =    2342.116278 [cm-1]
     freq (   58) =      70.214880 [THz] =    2342.116278 [cm-1]
     freq (   59) =      70.678570 [THz] =    2357.583311 [cm-1]
     freq (   60) =      70.678570 [THz] =    2357.583311 [cm-1]
     freq (   61) =      70.939640 [THz] =    2366.291695 [cm-1]
     freq (   62) =      70.939640 [THz] =    2366.291695 [cm-1]
     freq (   63) =      71.148422 [THz] =    2373.255898 [cm-1]
     freq (   64) =      71.148422 [THz] =    2373.255898 [cm-1]
     freq (   65) =      71.205175 [THz] =    2375.148975 [cm-1]
     freq (   66) =      71.205175 [THz] =    2375.148975 [cm-1]
 **************************************************************************

     Calculation of q =   -0.5000000  -0.5007235  -0.7637063

     Parallelization info
     --------------------
     sticks:   dense  smooth     PW     G-vecs:    dense   smooth      PW
     Min         469     234     65                24647     8708    1261
     Max         470     236     66                24650     8711    1263
     Sum       11271    5637   1565               591573   209027   30289

     Using Slab Decomposition



     bravais-lattice index     =            8
     lattice parameter (alat)  =      13.3294  a.u.
     unit-cell volume          =    1548.2628 (a.u.)^3
     number of atoms/cell      =           22
     number of atomic types    =            3
     number of electrons       =        48.00
     number of Kohn-Sham states=           24
     kinetic-energy cutoff     =     100.0000  Ry
     charge density cutoff     =     800.0000  Ry
     Exchange-correlation= PBESOL
                           (   1   4  10   8   0   0   0)

     celldm(1)=  13.329372  celldm(2)=   0.998555  celldm(3)=   0.654702
     celldm(4)=   0.000000  celldm(5)=   0.000000  celldm(6)=   0.000000

     crystal axes: (cart. coord. in units of alat)
               a(1) = (   1.000000   0.000000   0.000000 )  
               a(2) = (   0.000000   0.998555   0.000000 )  
               a(3) = (   0.000000   0.000000   0.654702 )  

     reciprocal axes: (cart. coord. in units 2 pi/alat)
               b(1) = (  1.000000  0.000000  0.000000 )  
               b(2) = (  0.000000  1.001447  0.000000 )  
               b(3) = (  0.000000  0.000000  1.527413 )  


     PseudoPot. # 1 for B  read from file:
     /home/mehlhorn/pseudos/b_pbesol_v1.4.uspp.F.UPF
     MD5 check sum: 369b69bef2c3aeed4453bd8b804fd6a8
     Pseudo is Ultrasoft + core correction, Zval =  3.0
     Generated by new atomic code, or converted to UPF format
     Using radial grid of  781 points,  4 beta functions with: 
                l(1) =   0
                l(2) =   0
                l(3) =   1
                l(4) =   1
     Q(r) pseudized with  8 coefficients,  rinner =    1.100   1.100   1.100


     PseudoPot. # 2 for Ba read from file:
     /home/mehlhorn/pseudos/Ba.nc.z_10.oncvpsp4.dojo.v4-sp.upf
     MD5 check sum: c10ed334bb677c0554edec7181ce9143
     Pseudo is Norm-conserving + core correction, Zval = 10.0
     Generated using ONCVPSP code by D. R. Hamann
     Using radial grid of 1938 points,  8 beta functions with: 
                l(1) =   0
                l(2) =   0
                l(3) =   1
                l(4) =   1
                l(5) =   2
                l(6) =   2
                l(7) =   3
                l(8) =   3

     PseudoPot. # 3 for H  read from file:
     /home/mehlhorn/pseudos/H_ONCV_PBEsol-1.0.upf
     MD5 check sum: 398ef8f67c0a7342c05c87c5e19ea467
     Pseudo is Norm-conserving, Zval =  1.0
     Generated using ONCVPSP code by D. R. Hamann
     Using radial grid of 1180 points,  2 beta functions with: 
                l(1) =   0
                l(2) =   0

     atomic species   valence    mass     pseudopotential
     B                 3.00    10.81100     B ( 1.00)
     Ba               10.00   137.32700     Ba( 1.00)
     H                 1.00     1.00794     H ( 1.00)

      4 Sym. Ops. (no inversion) found



   Cartesian axes

     site n.     atom                  positions (alat units)
         1        Ba     tau(   1) = (   0.5000000   0.4992775   0.3273502  )
         2        Ba     tau(   2) = (   0.0000000   0.0000000   0.6547028  )
         3        B      tau(   3) = (   0.6273964   0.2536205   0.0000055  )
         4        B      tau(   4) = (   0.3726036   0.7449345   0.0000055  )
         5        B      tau(   5) = (   0.1273964   0.2456570   0.3273455  )
         6        B      tau(   6) = (   0.8726036   0.7528980   0.3273455  )
         7        H      tau(   7) = (   0.4554096   0.2850000  -0.0000080  )
         8        H      tau(   8) = (   0.5445904   0.7135550  -0.0000080  )
         9        H      tau(   9) = (   0.9554096   0.2142775   0.3273589  )
        10        H      tau(  10) = (   0.0445904   0.7842775   0.3273589  )
        11        H      tau(  11) = (   0.7157590   0.4052331   0.0000060  )
        12        H      tau(  12) = (   0.2842410   0.5933219   0.0000060  )
        13        H      tau(  13) = (   0.2157590   0.0940444   0.3273450  )
        14        H      tau(  14) = (   0.7842410   0.9045106   0.3273450  )
        15        H      tau(  15) = (   0.6658169   0.1636329   0.5103326  )
        16        H      tau(  16) = (   0.3341831   0.8349221   0.5103326  )
        17        H      tau(  17) = (   0.1658169   0.3356446   0.4717203  )
        18        H      tau(  18) = (   0.8341831   0.6629104   0.4717203  )
        19        H      tau(  19) = (   0.3341889   0.8349214   0.1443837  )
        20        H      tau(  20) = (   0.6658111   0.1636336   0.1443837  )
        21        H      tau(  21) = (   0.8341889   0.6629111   0.1829672  )
        22        H      tau(  22) = (   0.1658111   0.3356439   0.1829672  )

     number of k points=    54
                       cart. coord. in units 2pi/alat
        k(    1) = (   0.0000000   0.0000000   0.0000000), wk =   0.0160000
        k(    2) = (  -0.5000000  -0.5007235  -0.7637063), wk =   0.0000000
        k(    3) = (   0.0000000   0.0000000   0.3054825), wk =   0.0320000
        k(    4) = (  -0.5000000  -0.5007235  -0.4582238), wk =   0.0000000
        k(    5) = (   0.0000000   0.0000000   0.6109650), wk =   0.0320000
        k(    6) = (  -0.5000000  -0.5007235  -0.1527413), wk =   0.0000000
        k(    7) = (   0.0000000   0.2002894   0.0000000), wk =   0.0320000
        k(    8) = (  -0.5000000  -0.3004341  -0.7637063), wk =   0.0000000
        k(    9) = (   0.0000000   0.2002894   0.3054825), wk =   0.0640000
        k(   10) = (  -0.5000000  -0.3004341  -0.4582238), wk =   0.0000000
        k(   11) = (   0.0000000   0.2002894   0.6109650), wk =   0.0640000
        k(   12) = (  -0.5000000  -0.3004341  -0.1527413), wk =   0.0000000
        k(   13) = (   0.0000000   0.4005788   0.0000000), wk =   0.0320000
        k(   14) = (  -0.5000000  -0.1001447  -0.7637063), wk =   0.0000000
        k(   15) = (   0.0000000   0.4005788   0.3054825), wk =   0.0640000
        k(   16) = (  -0.5000000  -0.1001447  -0.4582238), wk =   0.0000000
        k(   17) = (   0.0000000   0.4005788   0.6109650), wk =   0.0640000
        k(   18) = (  -0.5000000  -0.1001447  -0.1527413), wk =   0.0000000
        k(   19) = (   0.2000000   0.0000000   0.0000000), wk =   0.0320000
        k(   20) = (  -0.3000000  -0.5007235  -0.7637063), wk =   0.0000000
        k(   21) = (   0.2000000   0.0000000   0.3054825), wk =   0.0640000
        k(   22) = (  -0.3000000  -0.5007235  -0.4582238), wk =   0.0000000
        k(   23) = (   0.2000000   0.0000000   0.6109650), wk =   0.0640000
        k(   24) = (  -0.3000000  -0.5007235  -0.1527413), wk =   0.0000000
        k(   25) = (   0.2000000   0.2002894   0.0000000), wk =   0.0640000
        k(   26) = (  -0.3000000  -0.3004341  -0.7637063), wk =   0.0000000
        k(   27) = (   0.2000000   0.2002894   0.3054825), wk =   0.1280000
        k(   28) = (  -0.3000000  -0.3004341  -0.4582238), wk =   0.0000000
        k(   29) = (   0.2000000   0.2002894   0.6109650), wk =   0.1280000
        k(   30) = (  -0.3000000  -0.3004341  -0.1527413), wk =   0.0000000
        k(   31) = (   0.2000000   0.4005788   0.0000000), wk =   0.0640000
        k(   32) = (  -0.3000000  -0.1001447  -0.7637063), wk =   0.0000000
        k(   33) = (   0.2000000   0.4005788   0.3054825), wk =   0.1280000
        k(   34) = (  -0.3000000  -0.1001447  -0.4582238), wk =   0.0000000
        k(   35) = (   0.2000000   0.4005788   0.6109650), wk =   0.1280000
        k(   36) = (  -0.3000000  -0.1001447  -0.1527413), wk =   0.0000000
        k(   37) = (   0.4000000   0.0000000   0.0000000), wk =   0.0320000
        k(   38) = (  -0.1000000  -0.5007235  -0.7637063), wk =   0.0000000
        k(   39) = (   0.4000000   0.0000000   0.3054825), wk =   0.0640000
        k(   40) = (  -0.1000000  -0.5007235  -0.4582238), wk =   0.0000000
        k(   41) = (   0.4000000   0.0000000   0.6109650), wk =   0.0640000
        k(   42) = (  -0.1000000  -0.5007235  -0.1527413), wk =   0.0000000
        k(   43) = (   0.4000000   0.2002894   0.0000000), wk =   0.0640000
        k(   44) = (  -0.1000000  -0.3004341  -0.7637063), wk =   0.0000000
        k(   45) = (   0.4000000   0.2002894   0.3054825), wk =   0.1280000
        k(   46) = (  -0.1000000  -0.3004341  -0.4582238), wk =   0.0000000
        k(   47) = (   0.4000000   0.2002894   0.6109650), wk =   0.1280000
        k(   48) = (  -0.1000000  -0.3004341  -0.1527413), wk =   0.0000000
        k(   49) = (   0.4000000   0.4005788   0.0000000), wk =   0.0640000
        k(   50) = (  -0.1000000  -0.1001447  -0.7637063), wk =   0.0000000
        k(   51) = (   0.4000000   0.4005788   0.3054825), wk =   0.1280000
        k(   52) = (  -0.1000000  -0.1001447  -0.4582238), wk =   0.0000000
        k(   53) = (   0.4000000   0.4005788   0.6109650), wk =   0.1280000
        k(   54) = (  -0.1000000  -0.1001447  -0.1527413), wk =   0.0000000

     Dense  grid:   591573 G-vectors     FFT dimensions: ( 128, 120,  80)

     Smooth grid:   209027 G-vectors     FFT dimensions: (  90,  90,  60)

     Estimated max dynamical RAM per process >      53.61 MB

     Estimated total dynamical RAM >       1.26 GB

     The potential is recalculated from file :
     ./_ph0/pwscf.q_8/pwscf.save/charge-density

     Starting wfcs are   42 atomic wfcs

     Band Structure Calculation
     Davidson diagonalization with overlap

     ethr =  2.08E-11,  avg # of iterations = 21.8

     total cpu time spent up to now is     1480.3 secs

     End of band structure calculation

          k = 0.0000 0.0000 0.0000 ( 26119 PWs)   bands (ev):

   -24.4973 -24.4914  -9.9882  -9.9375  -9.7519  -9.7184  -9.6644  -9.6158
    -6.3979  -5.5522  -4.9998  -4.9223  -2.1154  -1.1774  -1.1395  -0.8197
    -0.7239  -0.5719  -0.4932  -0.3592  -0.0997   0.1566   0.1938   0.2103

          k =-0.5000-0.5007-0.7637 ( 26160 PWs)   bands (ev):

   -24.4808 -24.4808 -10.1396 -10.1396  -9.7675  -9.7675  -9.7490  -9.7490
    -5.4589  -5.4589  -5.0587  -5.0587  -1.9134  -1.9134  -1.4258  -1.4258
    -0.3605  -0.3605  -0.1697  -0.1697  -0.1340  -0.1340   0.0935   0.0935

          k = 0.0000 0.0000 0.3055 ( 26180 PWs)   bands (ev):

   -24.4921 -24.4873  -9.9284  -9.8881  -9.8459  -9.8202  -9.7381  -9.7131
    -6.0592  -5.3474  -5.1196  -5.0593  -1.8280  -1.5020  -1.1918  -1.0071
    -0.7310  -0.6613  -0.4034  -0.2669  -0.0752   0.0445   0.0617   0.1663

          k =-0.5000-0.5007-0.4582 ( 26148 PWs)   bands (ev):

   -24.4855 -24.4855  -9.9836  -9.9836  -9.8714  -9.8714  -9.7146  -9.7146
    -5.3452  -5.3452  -5.3355  -5.3355  -1.7346  -1.7346  -1.2353  -1.2353
    -0.5104  -0.5104  -0.1925  -0.1925  -0.1528  -0.1528   0.0696   0.0696

          k = 0.0000 0.0000 0.6110 ( 26130 PWs)   bands (ev):

   -24.4830 -24.4812 -10.1042 -10.0993  -9.8066  -9.7883  -9.7336  -9.7220
    -5.4366  -5.3151  -5.2942  -5.1356  -1.6894  -1.5584  -1.5421  -1.2651
    -0.6786  -0.6475  -0.3516  -0.2341  -0.1026  -0.0476   0.0273   0.0809

          k =-0.5000-0.5007-0.1527 ( 26072 PWs)   bands (ev):

   -24.4930 -24.4930  -9.9743  -9.9743  -9.7191  -9.7191  -9.6949  -9.6949
    -5.8067  -5.8067  -5.1470  -5.1470  -1.3658  -1.3658  -1.1975  -1.1975
    -0.4216  -0.4216  -0.3165  -0.3165  -0.1715  -0.1715  -0.0226  -0.0226

          k = 0.0000 0.2003 0.0000 ( 26152 PWs)   bands (ev):

   -24.4968 -24.4919  -9.9726  -9.9216  -9.7760  -9.7381  -9.6597  -9.6204
    -6.2929  -5.5357  -5.1270  -4.9748  -1.9375  -1.3211  -1.2019  -0.6350
    -0.5842  -0.5422  -0.5368  -0.3012  -0.1067  -0.0249   0.1376   0.1586

          k =-0.5000-0.3004-0.7637 ( 26184 PWs)   bands (ev):

   -24.4808 -24.4808 -10.1485 -10.1485  -9.7599  -9.7599  -9.7446  -9.7446
    -5.4762  -5.4762  -5.0428  -5.0428  -2.0143  -2.0143  -1.2371  -1.2371
    -0.3747  -0.3747  -0.3200  -0.3200  -0.0751  -0.0751   0.0871   0.0871

          k = 0.0000 0.2003 0.3055 ( 26154 PWs)   bands (ev):

   -24.4916 -24.4877  -9.9263  -9.8745  -9.8400  -9.8337  -9.7385  -9.7259
    -5.9805  -5.3229  -5.2265  -5.0905  -1.7081  -1.5259  -1.3125  -0.8086
    -0.6773  -0.6226  -0.5562  -0.2037  -0.0806   0.0372   0.0500   0.0629

          k =-0.5000-0.3004-0.4582 ( 26168 PWs)   bands (ev):

   -24.4855 -24.4855  -9.9970  -9.9970  -9.8489  -9.8489  -9.7223  -9.7223
    -5.4102  -5.4102  -5.2710  -5.2710  -1.7492  -1.7492  -1.1830  -1.1830
    -0.5052  -0.5052  -0.3274  -0.3274  -0.0622  -0.0622   0.0471   0.0471

          k = 0.0000 0.2003 0.6110 ( 26154 PWs)   bands (ev):

   -24.4829 -24.4814 -10.1106 -10.1063  -9.7925  -9.7802  -9.7340  -9.7267
    -5.5435  -5.4468  -5.1594  -5.0265  -1.7369  -1.6880  -1.4213  -1.1988
    -0.6300  -0.5068  -0.3650  -0.2327  -0.1278  -0.1233   0.0122   0.0255

          k =-0.5000-0.3004-0.1527 ( 26138 PWs)   bands (ev):

   -24.4930 -24.4930  -9.9533  -9.9533  -9.7487  -9.7487  -9.6879  -9.6879
    -5.8088  -5.8088  -5.1385  -5.1385  -1.4404  -1.4404  -1.0707  -1.0707
    -0.4677  -0.4677  -0.3397  -0.3397  -0.2278  -0.2278   0.0235   0.0235

          k = 0.0000 0.4006 0.0000 ( 26150 PWs)   bands (ev):

   -24.4953 -24.4934  -9.9300  -9.8950  -9.8167  -9.7862  -9.6475  -9.6325
    -6.0133  -5.6696  -5.2262  -5.1050  -1.6417  -1.4920  -1.0604  -0.5995
    -0.5859  -0.5630  -0.3279  -0.2712  -0.2108  -0.1405   0.0044   0.0601

          k =-0.5000-0.1001-0.7637 ( 26156 PWs)   bands (ev):

   -24.4808 -24.4808 -10.1621 -10.1621  -9.7531  -9.7531  -9.7329  -9.7329
    -5.5023  -5.5023  -5.0189  -5.0189  -2.1134  -2.1134  -0.9759  -0.9759
    -0.4457  -0.4457  -0.3836  -0.3836  -0.0688  -0.0688   0.0107   0.0107

          k = 0.0000 0.4006 0.3055 ( 26144 PWs)   bands (ev):

   -24.4904 -24.4889  -9.9116  -9.8792  -9.8410  -9.8183  -9.7499  -9.7473
    -5.7670  -5.4826  -5.2563  -5.1679  -1.5649  -1.5577  -1.2289  -0.8804
    -0.6100  -0.5594  -0.4499  -0.2288  -0.1529  -0.1441   0.0523   0.0568

          k =-0.5000-0.1001-0.4582 ( 26152 PWs)   bands (ev):

   -24.4855 -24.4855 -10.0136 -10.0136  -9.8108  -9.8108  -9.7416  -9.7416
    -5.4538  -5.4538  -5.2281  -5.2281  -1.7620  -1.7620  -1.1212  -1.1212
    -0.5127  -0.5127  -0.3744  -0.3744  -0.0784  -0.0784   0.0296   0.0296

          k = 0.0000 0.4006 0.6110 ( 26160 PWs)   bands (ev):

   -24.4824 -24.4818 -10.1196 -10.1176  -9.7658  -9.7634  -9.7393  -9.7386
    -5.6185  -5.5832  -5.0103  -4.9559  -1.8067  -1.8005  -1.2273  -1.1156
    -0.5237  -0.4225  -0.3403  -0.3071  -0.1961  -0.1343  -0.0939   0.0057

          k =-0.5000-0.1001-0.1527 ( 26152 PWs)   bands (ev):

   -24.4930 -24.4930  -9.9013  -9.9013  -9.8073  -9.8073  -9.6842  -9.6842
    -5.8122  -5.8122  -5.1244  -5.1244  -1.5025  -1.5025  -0.9033  -0.9033
    -0.5266  -0.5266  -0.4555  -0.4555  -0.2109  -0.2109   0.0306   0.0306

          k = 0.2000 0.0000 0.0000 ( 26143 PWs)   bands (ev):

   -24.4968 -24.4919  -9.9687  -9.9245  -9.7729  -9.7436  -9.6597  -9.6204
    -6.2989  -5.5819  -5.0221  -5.0030  -1.9865  -1.1137  -1.0688  -1.0050
    -0.5414  -0.5137  -0.4891  -0.3652  -0.1446  -0.0616   0.1401   0.1667

          k =-0.3000-0.5007-0.7637 ( 26180 PWs)   bands (ev):

   -24.4808 -24.4808 -10.1471 -10.1471  -9.7569  -9.7569  -9.7474  -9.7474
    -5.5338  -5.5338  -4.9911  -4.9911  -1.9074  -1.9074  -1.3312  -1.3312
    -0.4017  -0.4017  -0.2392  -0.2392  -0.1091  -0.1091   0.0345   0.0345

          k = 0.2000 0.0000 0.3055 ( 26134 PWs)   bands (ev):

   -24.4916 -24.4877  -9.9130  -9.8966  -9.8364  -9.8285  -9.7495  -9.7171
    -5.9763  -5.3577  -5.1367  -5.1338  -1.7415  -1.4844  -1.2776  -0.8819
    -0.7177  -0.6188  -0.4755  -0.2260  -0.2093   0.0316   0.0900   0.1245

          k =-0.3000-0.5007-0.4582 ( 26172 PWs)   bands (ev):

   -24.4855 -24.4855  -9.9959  -9.9959  -9.8480  -9.8480  -9.7229  -9.7229
    -5.4756  -5.4756  -5.2112  -5.2112  -1.7137  -1.7137  -1.1890  -1.1890
    -0.5621  -0.5621  -0.2404  -0.2404  -0.0999  -0.0999   0.0272   0.0272

          k = 0.2000 0.0000 0.6110 ( 26147 PWs)   bands (ev):

   -24.4829 -24.4814 -10.1120 -10.1077  -9.7972  -9.7755  -9.7384  -9.7226
    -5.4718  -5.3658  -5.2432  -5.0848  -1.8906  -1.7526  -1.3436  -1.0945
    -0.6152  -0.5120  -0.3474  -0.2826  -0.1132  -0.0626  -0.0283   0.0755

          k =-0.3000-0.5007-0.1527 ( 26132 PWs)   bands (ev):

   -24.4930 -24.4930  -9.9544  -9.9544  -9.7456  -9.7456  -9.6892  -9.6892
    -5.7945  -5.7945  -5.1630  -5.1630  -1.4593  -1.4593  -1.0696  -1.0696
    -0.4970  -0.4970  -0.2942  -0.2942  -0.1716  -0.1716   0.0059   0.0059

          k = 0.2000 0.2003 0.0000 ( 26120 PWs)   bands (ev):

   -24.4963 -24.4924  -9.9781  -9.8972  -9.8131  -9.7276  -9.6559  -9.6241
    -6.2166  -5.5842  -5.1483  -4.9989  -1.8403  -1.3080  -1.1230  -0.7602
    -0.5916  -0.5284  -0.3633  -0.2945  -0.2052  -0.1235   0.0578   0.1466

          k =-0.3000-0.3004-0.7637 ( 26172 PWs)   bands (ev):

   -24.4808 -24.4808 -10.1572 -10.1439  -9.7654  -9.7504  -9.7438  -9.7398
    -5.5740  -5.4308  -5.1005  -4.9512  -2.0134  -1.8804  -1.3312  -1.1562
    -0.4791  -0.4091  -0.2886  -0.2053  -0.1469  -0.0908  -0.0003   0.0563

          k = 0.2000 0.2003 0.3055 ( 26149 PWs)   bands (ev):

   -24.4913 -24.4881  -9.9218  -9.8795  -9.8572  -9.8161  -9.7510  -9.7187
    -5.9107  -5.3433  -5.2552  -5.1197  -1.6548  -1.5029  -1.3410  -0.7847
    -0.7210  -0.5999  -0.4687  -0.2394  -0.1787  -0.0066   0.0510   0.1096

          k =-0.3000-0.3004-0.4582 ( 26160 PWs)   bands (ev):

   -24.4861 -24.4849 -10.0080  -9.9898  -9.8658  -9.8092  -9.7427  -9.7163
    -5.5645  -5.3694  -5.2613  -5.1742  -1.7579  -1.6647  -1.3049  -1.0444
    -0.6161  -0.4936  -0.3800  -0.2189  -0.1624  -0.0736   0.0094   0.1061

          k = 0.2000 0.2003 0.6110 ( 26142 PWs)   bands (ev):

   -24.4827 -24.4815 -10.1179 -10.1035  -9.8030  -9.7610  -9.7421  -9.7254
    -5.5541  -5.3747  -5.2205  -5.0120  -1.8934  -1.7493  -1.3301  -1.1383
    -0.5640  -0.4524  -0.3494  -0.2356  -0.1891  -0.0787  -0.0382   0.0811

          k =-0.3000-0.3004-0.1527 ( 26109 PWs)   bands (ev):

   -24.4940 -24.4921  -9.9671  -9.9080  -9.7995  -9.7230  -9.6973  -9.6824
    -5.9772  -5.6255  -5.2054  -5.0828  -1.5900  -1.3809  -1.2184  -0.8022
    -0.6424  -0.4378  -0.4004  -0.2750  -0.2122  -0.1093  -0.0456   0.0908

          k = 0.2000 0.4006 0.0000 ( 26127 PWs)   bands (ev):

   -24.4951 -24.4936  -9.9646  -9.9198  -9.7959  -9.7461  -9.6460  -9.6338
    -5.9953  -5.7217  -5.1991  -5.0950  -1.5872  -1.4579  -1.0453  -0.6338
    -0.6274  -0.6000  -0.4217  -0.1857  -0.1809  -0.1217  -0.0476   0.0521

          k =-0.3000-0.1001-0.7637 ( 26160 PWs)   bands (ev):

   -24.4808 -24.4808 -10.1603 -10.1524  -9.7588  -9.7518  -9.7389  -9.7345
    -5.5209  -5.4162  -5.1193  -5.0107  -2.0398  -1.9808  -1.1434  -1.0788
    -0.4839  -0.4310  -0.2985  -0.2746  -0.1717  -0.1392  -0.0322   0.0668

          k = 0.2000 0.4006 0.3055 ( 26132 PWs)   bands (ev):

   -24.4903 -24.4891  -9.9194  -9.8954  -9.8452  -9.8157  -9.7458  -9.7279
    -5.7330  -5.4976  -5.2579  -5.1786  -1.5677  -1.5330  -1.2485  -0.9601
    -0.5919  -0.5063  -0.4413  -0.2512  -0.1488  -0.0787   0.0173   0.0524

          k =-0.3000-0.1001-0.4582 ( 26144 PWs)   bands (ev):

   -24.4865 -24.4845 -10.0122  -9.9993  -9.8459  -9.7964  -9.7531  -9.7220
    -5.6154  -5.3121  -5.2535  -5.1814  -1.7851  -1.6187  -1.3721  -0.9405
    -0.6602  -0.5416  -0.3995  -0.2958  -0.1321  -0.0323   0.0013   0.1022

          k = 0.2000 0.4006 0.6110 ( 26167 PWs)   bands (ev):

   -24.4823 -24.4819 -10.1169 -10.1083  -9.7924  -9.7682  -9.7370  -9.7291
    -5.5858  -5.5162  -5.0669  -4.9852  -1.8702  -1.7962  -1.2668  -1.1784
    -0.5412  -0.4412  -0.2994  -0.1943  -0.1724  -0.0960  -0.0664   0.0344

          k =-0.3000-0.1001-0.1527 ( 26143 PWs)   bands (ev):

   -24.4946 -24.4915  -9.9442  -9.8867  -9.8155  -9.7554  -9.6999  -9.6737
    -6.0850  -5.5732  -5.1321  -5.0601  -1.7646  -1.2772  -1.1687  -0.8145
    -0.5734  -0.5445  -0.3985  -0.3736  -0.2941  -0.0473   0.0214   0.1266

          k = 0.4000 0.0000 0.0000 ( 26166 PWs)   bands (ev):

   -24.4953 -24.4934  -9.9198  -9.8949  -9.8176  -9.7991  -9.6475  -9.6325
    -6.0427  -5.7472  -5.0924  -5.0720  -1.6946  -1.3750  -0.8947  -0.6649
    -0.5464  -0.4849  -0.4785  -0.3501  -0.3169  -0.2526  -0.0461   0.0488

          k =-0.1000-0.5007-0.7637 ( 26156 PWs)   bands (ev):

   -24.4808 -24.4808 -10.1584 -10.1584  -9.7447  -9.7447  -9.7405  -9.7405
    -5.6263  -5.6263  -4.9103  -4.9103  -1.8935  -1.8935  -1.1534  -1.1534
    -0.4223  -0.4223  -0.3362  -0.3362  -0.2358  -0.2358   0.0158   0.0158

          k = 0.4000 0.0000 0.3055 ( 26144 PWs)   bands (ev):

   -24.4904 -24.4889  -9.8948  -9.8789  -9.8631  -9.8281  -9.7549  -9.7330
    -5.7580  -5.4941  -5.2052  -5.1768  -1.5956  -1.4462  -1.2863  -0.9228
    -0.6433  -0.5139  -0.5092  -0.3981  -0.1507  -0.0463   0.0634   0.0738

          k =-0.1000-0.5007-0.4582 ( 26152 PWs)   bands (ev):

   -24.4855 -24.4855 -10.0111 -10.0111  -9.8061  -9.8061  -9.7453  -9.7453
    -5.5627  -5.5627  -5.1337  -5.1337  -1.6695  -1.6695  -1.1518  -1.1518
    -0.5761  -0.5761  -0.2204  -0.2204  -0.1773  -0.1773  -0.0204  -0.0204

          k = 0.4000 0.0000 0.6110 ( 26164 PWs)   bands (ev):

   -24.4824 -24.4818 -10.1230 -10.1211  -9.7764  -9.7580  -9.7450  -9.7291
    -5.4907  -5.4536  -5.1309  -5.0645  -2.0272  -1.9688  -1.1034  -0.9605
    -0.5217  -0.4208  -0.3769  -0.2667  -0.2000  -0.0477  -0.0100   0.0103

          k =-0.1000-0.5007-0.1527 ( 26156 PWs)   bands (ev):

   -24.4930 -24.4930  -9.9080  -9.9080  -9.7966  -9.7966  -9.6861  -9.6861
    -5.7739  -5.7739  -5.1892  -5.1892  -1.5407  -1.5407  -0.9372  -0.9372
    -0.5479  -0.5479  -0.2969  -0.2969  -0.1990  -0.1990   0.0503   0.0503

          k = 0.4000 0.2003 0.0000 ( 26129 PWs)   bands (ev):

   -24.4951 -24.4936  -9.9623  -9.9173  -9.7995  -9.7494  -9.6460  -9.6339
    -6.0147  -5.7644  -5.1321  -5.0629  -1.6183  -1.3970  -0.9229  -0.6830
    -0.5813  -0.5481  -0.5246  -0.3188  -0.2476  -0.1759  -0.0525   0.0736

          k =-0.1000-0.3004-0.7637 ( 26162 PWs)   bands (ev):

   -24.4808 -24.4808 -10.1581 -10.1501  -9.7537  -9.7466  -9.7436  -9.7392
    -5.5994  -5.5280  -5.0166  -4.9416  -1.8991  -1.7824  -1.3354  -1.1663
    -0.4488  -0.4464  -0.3315  -0.3022  -0.1679  -0.1344  -0.0419  -0.0104

          k = 0.4000 0.2003 0.3055 ( 26128 PWs)   bands (ev):

   -24.4903 -24.4891  -9.9142  -9.8932  -9.8549  -9.8220  -9.7443  -9.7242
    -5.7280  -5.5032  -5.2337  -5.1777  -1.5750  -1.4610  -1.3085  -0.9953
    -0.5853  -0.5025  -0.4403  -0.3340  -0.1608  -0.0641   0.0314   0.0698

          k =-0.1000-0.3004-0.4582 ( 26156 PWs)   bands (ev):

   -24.4865 -24.4845 -10.0111  -9.9974  -9.8406  -9.8002  -9.7492  -9.7260
    -5.6656  -5.4259  -5.1727  -5.1164  -1.6874  -1.5954  -1.3889  -0.9711
    -0.7075  -0.4866  -0.4431  -0.2207  -0.1365  -0.0868  -0.0021   0.0566

          k = 0.4000 0.2003 0.6110 ( 26176 PWs)   bands (ev):

   -24.4823 -24.4819 -10.1191 -10.1105  -9.7942  -9.7699  -9.7362  -9.7272
    -5.5090  -5.4069  -5.1680  -5.0527  -1.9934  -1.9331  -1.1569  -1.0914
    -0.5104  -0.4157  -0.3618  -0.2761  -0.1312  -0.0643   0.0046   0.0854

          k =-0.1000-0.3004-0.1527 ( 26144 PWs)   bands (ev):

   -24.4946 -24.4915  -9.9490  -9.8850  -9.8147  -9.7476  -9.7003  -9.6762
    -6.0758  -5.5050  -5.2411  -5.0625  -1.7070  -1.4399  -1.2167  -0.6794
    -0.6086  -0.4997  -0.4676  -0.2312  -0.1895  -0.1193   0.0790   0.0909

          k = 0.4000 0.4006 0.0000 ( 26138 PWs)   bands (ev):

   -24.4946 -24.4940  -9.9878  -9.9701  -9.7438  -9.7224  -9.6421  -9.6374
    -5.9353  -5.8331  -5.1401  -5.0973  -1.4748  -1.4144  -0.9852  -0.8143
    -0.6517  -0.6376  -0.4164  -0.2466  -0.1347  -0.1076  -0.0470   0.0267

          k =-0.1000-0.1001-0.7637 ( 26116 PWs)   bands (ev):

   -24.4808 -24.4808 -10.1495 -10.1443  -9.7624  -9.7552  -9.7432  -9.7430
    -5.4591  -5.3625  -5.1914  -5.0925  -1.8118  -1.7155  -1.4211  -1.3074
    -0.4591  -0.4521  -0.3906  -0.3882  -0.1039  -0.0647  -0.0119   0.0387

          k = 0.4000 0.4006 0.3055 ( 26113 PWs)   bands (ev):

   -24.4899 -24.4894  -9.9294  -9.9208  -9.8380  -9.8247  -9.7243  -9.7156
    -5.6490  -5.5564  -5.2425  -5.2081  -1.5392  -1.4928  -1.2879  -1.1526
    -0.4642  -0.4446  -0.3565  -0.2515  -0.1623  -0.0902  -0.0345   0.0312

          k =-0.1000-0.1001-0.4582 ( 26154 PWs)   bands (ev):

   -24.4871 -24.4839  -9.9998  -9.9850  -9.8619  -9.8272  -9.7347  -9.7154
    -5.7212  -5.2822  -5.2005  -5.1569  -1.6876  -1.5504  -1.4572  -0.9441
    -0.7994  -0.7220  -0.4043  -0.1422  -0.1216  -0.0557   0.0565   0.0978

          k = 0.4000 0.4006 0.6110 ( 26172 PWs)   bands (ev):

   -24.4822 -24.4820 -10.1053 -10.0995  -9.8086  -9.7961  -9.7283  -9.7263
    -5.4818  -5.4185  -5.1496  -5.0815  -1.9037  -1.8631  -1.3169  -1.2853
    -0.4729  -0.4120  -0.2372  -0.2241  -0.1072  -0.1013   0.0587   0.0966

          k =-0.1000-0.1001-0.1527 ( 26124 PWs)   bands (ev):

   -24.4956 -24.4905  -9.9661  -9.9157  -9.7664  -9.7249  -9.7121  -9.6736
    -6.2557  -5.4907  -5.0770  -4.9870  -1.9623  -1.3183  -1.1443  -0.9044
    -0.6902  -0.4913  -0.4349  -0.2749  -0.2166   0.0588   0.1445   0.1681

     highest occupied level (ev):     0.2103

     Writing config to output data dir ./_ph0/pwscf.q_8/pwscf.save/ :
     XML data file

                                                                                

     bravais-lattice index     =            8
     lattice parameter (alat)  =      13.3294  a.u.
     unit-cell volume          =    1548.2628 (a.u.)^3
     number of atoms/cell      =           22
     number of atomic types    =            3
     kinetic-energy cut-off    =     100.0000  Ry
     charge density cut-off    =     800.0000  Ry
     convergence threshold     =      1.0E-14
     beta                      =       0.7000
     number of iterations used =            4
     Exchange-correlation= PBESOL
                           (   1   4  10   8   0   0   0)


     celldm(1)=   13.32937  celldm(2)=    0.99856  celldm(3)=    0.65470
     celldm(4)=    0.00000  celldm(5)=    0.00000  celldm(6)=    0.00000

     crystal axes: (cart. coord. in units of alat)
               a(1) = (  1.0000  0.0000  0.0000 )  
               a(2) = (  0.0000  0.9986  0.0000 )  
               a(3) = (  0.0000  0.0000  0.6547 )  

     reciprocal axes: (cart. coord. in units 2 pi/alat)
               b(1) = (  1.0000  0.0000  0.0000 )  
               b(2) = (  0.0000  1.0014  0.0000 )  
               b(3) = (  0.0000  0.0000  1.5274 )  


     Atoms inside the unit cell: 

     Cartesian axes

     site n.  atom      mass           positions (alat units)
        1  Ba    137.3270   tau(    1) = (    0.50000    0.49928    0.32735  )
        2  Ba    137.3270   tau(    2) = (    0.00000    0.00000    0.65470  )
        3  B      10.8110   tau(    3) = (    0.62740    0.25362    0.00001  )
        4  B      10.8110   tau(    4) = (    0.37260    0.74493    0.00001  )
        5  B      10.8110   tau(    5) = (    0.12740    0.24566    0.32735  )
        6  B      10.8110   tau(    6) = (    0.87260    0.75290    0.32735  )
        7  H       1.0079   tau(    7) = (    0.45541    0.28500   -0.00001  )
        8  H       1.0079   tau(    8) = (    0.54459    0.71356   -0.00001  )
        9  H       1.0079   tau(    9) = (    0.95541    0.21428    0.32736  )
       10  H       1.0079   tau(   10) = (    0.04459    0.78428    0.32736  )
       11  H       1.0079   tau(   11) = (    0.71576    0.40523    0.00001  )
       12  H       1.0079   tau(   12) = (    0.28424    0.59332    0.00001  )
       13  H       1.0079   tau(   13) = (    0.21576    0.09404    0.32734  )
       14  H       1.0079   tau(   14) = (    0.78424    0.90451    0.32734  )
       15  H       1.0079   tau(   15) = (    0.66582    0.16363    0.51033  )
       16  H       1.0079   tau(   16) = (    0.33418    0.83492    0.51033  )
       17  H       1.0079   tau(   17) = (    0.16582    0.33564    0.47172  )
       18  H       1.0079   tau(   18) = (    0.83418    0.66291    0.47172  )
       19  H       1.0079   tau(   19) = (    0.33419    0.83492    0.14438  )
       20  H       1.0079   tau(   20) = (    0.66581    0.16363    0.14438  )
       21  H       1.0079   tau(   21) = (    0.83419    0.66291    0.18297  )
       22  H       1.0079   tau(   22) = (    0.16581    0.33564    0.18297  )

     Computing dynamical matrix for 
                    q = (  -0.5000000  -0.5007235  -0.7637063 )

      5 Sym.Ops. (with q -> -q+G )


     G cutoff = 3600.3905  (  24649 G-vectors)     FFT grid: (128,120, 80)
     G cutoff = 1800.1952  (   8708 G-vectors)  smooth grid: ( 90, 90, 60)
     number of k points=    54

     PseudoPot. # 1 for B  read from file:
     /home/mehlhorn/pseudos/b_pbesol_v1.4.uspp.F.UPF
     MD5 check sum: 369b69bef2c3aeed4453bd8b804fd6a8
     Pseudo is Ultrasoft + core correction, Zval =  3.0
     Generated by new atomic code, or converted to UPF format
     Using radial grid of  781 points,  4 beta functions with: 
                l(1) =   0
                l(2) =   0
                l(3) =   1
                l(4) =   1
     Q(r) pseudized with  8 coefficients,  rinner =    1.100   1.100   1.100


     PseudoPot. # 2 for Ba read from file:
     /home/mehlhorn/pseudos/Ba.nc.z_10.oncvpsp4.dojo.v4-sp.upf
     MD5 check sum: c10ed334bb677c0554edec7181ce9143
     Pseudo is Norm-conserving + core correction, Zval = 10.0
     Generated using ONCVPSP code by D. R. Hamann
     Using radial grid of 1938 points,  8 beta functions with: 
                l(1) =   0
                l(2) =   0
                l(3) =   1
                l(4) =   1
                l(5) =   2
                l(6) =   2
                l(7) =   3
                l(8) =   3

     PseudoPot. # 3 for H  read from file:
     /home/mehlhorn/pseudos/H_ONCV_PBEsol-1.0.upf
     MD5 check sum: 398ef8f67c0a7342c05c87c5e19ea467
     Pseudo is Norm-conserving, Zval =  1.0
     Generated using ONCVPSP code by D. R. Hamann
     Using radial grid of 1180 points,  2 beta functions with: 
                l(1) =   0
                l(2) =   0


     Atomic displacements:
     There are   33 irreducible representations

     Representation     1      2 modes -  To be done

     Representation     2      2 modes -  To be done

     Representation     3      2 modes -  To be done

     Representation     4      2 modes -  To be done

     Representation     5      2 modes -  To be done

     Representation     6      2 modes -  To be done

     Representation     7      2 modes -  To be done

     Representation     8      2 modes -  To be done

     Representation     9      2 modes -  To be done

     Representation    10      2 modes -  To be done

     Representation    11      2 modes -  To be done

     Representation    12      2 modes -  To be done

     Representation    13      2 modes -  To be done

     Representation    14      2 modes -  To be done

     Representation    15      2 modes -  To be done

     Representation    16      2 modes -  To be done

     Representation    17      2 modes -  To be done

     Representation    18      2 modes -  To be done

     Representation    19      2 modes -  To be done

     Representation    20      2 modes -  To be done

     Representation    21      2 modes -  To be done

     Representation    22      2 modes -  To be done

     Representation    23      2 modes -  To be done

     Representation    24      2 modes -  To be done

     Representation    25      2 modes -  To be done

     Representation    26      2 modes -  To be done

     Representation    27      2 modes -  To be done

     Representation    28      2 modes -  To be done

     Representation    29      2 modes -  To be done

     Representation    30      2 modes -  To be done

     Representation    31      2 modes -  To be done

     Representation    32      2 modes -  To be done

     Representation    33      2 modes -  To be done



     Alpha used in Ewald sum =   2.8000
     PHONON       :   2d23h13m CPU   2d23h56m WALL



     Representation #   1 modes #   1   2

     Self-consistent Calculation

      iter #   1 total cpu time :259063.7 secs   av.it.:   3.0
      thresh= 1.000E-02 alpha_mix =  0.700 |ddv_scf|^2 =  8.449E-10

      iter #   2 total cpu time :259257.1 secs   av.it.:  16.1
      thresh= 2.907E-06 alpha_mix =  0.700 |ddv_scf|^2 =  4.082E-10

      iter #   3 total cpu time :259449.7 secs   av.it.:  15.9
      thresh= 2.020E-06 alpha_mix =  0.700 |ddv_scf|^2 =  4.341E-12

      iter #   4 total cpu time :259646.8 secs   av.it.:  16.0
      thresh= 2.083E-07 alpha_mix =  0.700 |ddv_scf|^2 =  2.948E-13

      iter #   5 total cpu time :259845.5 secs   av.it.:  16.0
      thresh= 5.430E-08 alpha_mix =  0.700 |ddv_scf|^2 =  1.512E-14

      iter #   6 total cpu time :260044.2 secs   av.it.:  16.0
      thresh= 1.230E-08 alpha_mix =  0.700 |ddv_scf|^2 =  1.236E-15

     End of self-consistent calculation

     Convergence has been achieved 


     Representation #   2 modes #   3   4

     Self-consistent Calculation

      iter #   1 total cpu time :260148.0 secs   av.it.:   5.0
      thresh= 1.000E-02 alpha_mix =  0.700 |ddv_scf|^2 =  6.572E-09

      iter #   2 total cpu time :260348.4 secs   av.it.:  16.8
      thresh= 8.107E-06 alpha_mix =  0.700 |ddv_scf|^2 =  4.278E-09

      iter #   3 total cpu time :260534.9 secs   av.it.:  15.9
      thresh= 6.540E-06 alpha_mix =  0.700 |ddv_scf|^2 =  1.954E-11

      iter #   4 total cpu time :260730.9 secs   av.it.:  16.9
      thresh= 4.420E-07 alpha_mix =  0.700 |ddv_scf|^2 =  1.954E-12

      iter #   5 total cpu time :260924.5 secs   av.it.:  16.3
      thresh= 1.398E-07 alpha_mix =  0.700 |ddv_scf|^2 =  1.788E-13

      iter #   6 total cpu time :261119.1 secs   av.it.:  16.6
      thresh= 4.228E-08 alpha_mix =  0.700 |ddv_scf|^2 =  7.550E-15

     End of self-consistent calculation

     Convergence has been achieved 


     Representation #   3 modes #   5   6

     Self-consistent Calculation

      iter #   1 total cpu time :261206.1 secs   av.it.:   3.1
      thresh= 1.000E-02 alpha_mix =  0.700 |ddv_scf|^2 =  8.364E-10

      iter #   2 total cpu time :261405.3 secs   av.it.:  16.9
      thresh= 2.892E-06 alpha_mix =  0.700 |ddv_scf|^2 =  4.840E-10

      iter #   3 total cpu time :261596.3 secs   av.it.:  16.0
      thresh= 2.200E-06 alpha_mix =  0.700 |ddv_scf|^2 =  3.590E-12

      iter #   4 total cpu time :261792.3 secs   av.it.:  16.7
      thresh= 1.895E-07 alpha_mix =  0.700 |ddv_scf|^2 =  2.642E-13

      iter #   5 total cpu time :261991.2 secs   av.it.:  16.9
      thresh= 5.140E-08 alpha_mix =  0.700 |ddv_scf|^2 =  2.719E-14

      iter #   6 total cpu time :262182.5 secs   av.it.:  16.0
      thresh= 1.649E-08 alpha_mix =  0.700 |ddv_scf|^2 =  1.964E-15

     End of self-consistent calculation

     Convergence has been achieved 


     Representation #   4 modes #   7   8

     Self-consistent Calculation

      iter #   1 total cpu time :262271.1 secs   av.it.:   3.4
      thresh= 1.000E-02 alpha_mix =  0.700 |ddv_scf|^2 =  1.118E-09

      iter #   2 total cpu time :262468.2 secs   av.it.:  16.9
      thresh= 3.344E-06 alpha_mix =  0.700 |ddv_scf|^2 =  6.408E-10

      iter #   3 total cpu time :262657.7 secs   av.it.:  16.0
      thresh= 2.531E-06 alpha_mix =  0.700 |ddv_scf|^2 =  1.365E-12

      iter #   4 total cpu time :262852.8 secs   av.it.:  16.6
      thresh= 1.168E-07 alpha_mix =  0.700 |ddv_scf|^2 =  6.137E-14

      iter #   5 total cpu time :263047.5 secs   av.it.:  16.8
      thresh= 2.477E-08 alpha_mix =  0.700 |ddv_scf|^2 =  1.197E-14

      iter #   6 total cpu time :263235.5 secs   av.it.:  16.0
      thresh= 1.094E-08 alpha_mix =  0.700 |ddv_scf|^2 =  2.638E-16

     End of self-consistent calculation

     Convergence has been achieved 


     Representation #   5 modes #   9  10

     Self-consistent Calculation

      iter #   1 total cpu time :263336.1 secs   av.it.:   5.0
      thresh= 1.000E-02 alpha_mix =  0.700 |ddv_scf|^2 =  9.453E-09

      iter #   2 total cpu time :263528.8 secs   av.it.:  16.7
      thresh= 9.723E-06 alpha_mix =  0.700 |ddv_scf|^2 =  6.352E-09

      iter #   3 total cpu time :263718.5 secs   av.it.:  15.6
      thresh= 7.970E-06 alpha_mix =  0.700 |ddv_scf|^2 =  4.310E-12

      iter #   4 total cpu time :263920.7 secs   av.it.:  16.9
      thresh= 2.076E-07 alpha_mix =  0.700 |ddv_scf|^2 =  4.549E-13

      iter #   5 total cpu time :264117.2 secs   av.it.:  16.8
      thresh= 6.745E-08 alpha_mix =  0.700 |ddv_scf|^2 =  2.431E-14

      iter #   6 total cpu time :264316.5 secs   av.it.:  16.9
      thresh= 1.559E-08 alpha_mix =  0.700 |ddv_scf|^2 =  1.925E-15

     End of self-consistent calculation

     Convergence has been achieved 


     Representation #   6 modes #  11  12

     Self-consistent Calculation

      iter #   1 total cpu time :264402.6 secs   av.it.:   3.0
      thresh= 1.000E-02 alpha_mix =  0.700 |ddv_scf|^2 =  5.667E-10

      iter #   2 total cpu time :264601.3 secs   av.it.:  16.9
      thresh= 2.381E-06 alpha_mix =  0.700 |ddv_scf|^2 =  2.892E-10

      iter #   3 total cpu time :264792.4 secs   av.it.:  15.9
      thresh= 1.701E-06 alpha_mix =  0.700 |ddv_scf|^2 =  2.199E-12

      iter #   4 total cpu time :264989.2 secs   av.it.:  16.6
      thresh= 1.483E-07 alpha_mix =  0.700 |ddv_scf|^2 =  9.731E-14

      iter #   5 total cpu time :265188.8 secs   av.it.:  16.9
      thresh= 3.119E-08 alpha_mix =  0.700 |ddv_scf|^2 =  4.586E-15

     End of self-consistent calculation

     Convergence has been achieved 


     Representation #   7 modes #  13  14

     Self-consistent Calculation

      iter #   1 total cpu time :265275.8 secs   av.it.:   3.0
      thresh= 1.000E-02 alpha_mix =  0.700 |ddv_scf|^2 =  6.426E-10

      iter #   2 total cpu time :265475.3 secs   av.it.:  16.9
      thresh= 2.535E-06 alpha_mix =  0.700 |ddv_scf|^2 =  3.162E-10

      iter #   3 total cpu time :265672.8 secs   av.it.:  16.0
      thresh= 1.778E-06 alpha_mix =  0.700 |ddv_scf|^2 =  1.976E-12

      iter #   4 total cpu time :265875.3 secs   av.it.:  16.8
      thresh= 1.406E-07 alpha_mix =  0.700 |ddv_scf|^2 =  8.021E-14

      iter #   5 total cpu time :266079.6 secs   av.it.:  16.9
      thresh= 2.832E-08 alpha_mix =  0.700 |ddv_scf|^2 =  7.906E-15

     End of self-consistent calculation

     Convergence has been achieved 


     Representation #   8 modes #  15  16

     Self-consistent Calculation

      iter #   1 total cpu time :266170.6 secs   av.it.:   3.6
      thresh= 1.000E-02 alpha_mix =  0.700 |ddv_scf|^2 =  9.888E-10

      iter #   2 total cpu time :266376.1 secs   av.it.:  16.9
      thresh= 3.145E-06 alpha_mix =  0.700 |ddv_scf|^2 =  5.949E-10

      iter #   3 total cpu time :266573.1 secs   av.it.:  16.0
      thresh= 2.439E-06 alpha_mix =  0.700 |ddv_scf|^2 =  1.236E-12

      iter #   4 total cpu time :266779.2 secs   av.it.:  16.9
      thresh= 1.112E-07 alpha_mix =  0.700 |ddv_scf|^2 =  1.104E-13

      iter #   5 total cpu time :266984.7 secs   av.it.:  16.9
      thresh= 3.323E-08 alpha_mix =  0.700 |ddv_scf|^2 =  8.739E-15

     End of self-consistent calculation

     Convergence has been achieved 


     Representation #   9 modes #  17  18

     Self-consistent Calculation

      iter #   1 total cpu time :267074.5 secs   av.it.:   3.1
      thresh= 1.000E-02 alpha_mix =  0.700 |ddv_scf|^2 =  8.331E-10

      iter #   2 total cpu time :267280.3 secs   av.it.:  16.9
      thresh= 2.886E-06 alpha_mix =  0.700 |ddv_scf|^2 =  4.394E-10

      iter #   3 total cpu time :267477.7 secs   av.it.:  16.0
      thresh= 2.096E-06 alpha_mix =  0.700 |ddv_scf|^2 =  3.387E-12

      iter #   4 total cpu time :267679.4 secs   av.it.:  16.3
      thresh= 1.840E-07 alpha_mix =  0.700 |ddv_scf|^2 =  3.232E-13

      iter #   5 total cpu time :267880.6 secs   av.it.:  16.0
      thresh= 5.685E-08 alpha_mix =  0.700 |ddv_scf|^2 =  2.064E-14

      iter #   6 total cpu time :268079.6 secs   av.it.:  16.0
      thresh= 1.437E-08 alpha_mix =  0.700 |ddv_scf|^2 =  7.538E-16

     End of self-consistent calculation

     Convergence has been achieved 


     Representation #  10 modes #  19  20

     Self-consistent Calculation

      iter #   1 total cpu time :268169.5 secs   av.it.:   3.2
      thresh= 1.000E-02 alpha_mix =  0.700 |ddv_scf|^2 =  5.813E-10

      iter #   2 total cpu time :268375.7 secs   av.it.:  16.9
      thresh= 2.411E-06 alpha_mix =  0.700 |ddv_scf|^2 =  3.963E-10

      iter #   3 total cpu time :268571.3 secs   av.it.:  15.9
      thresh= 1.991E-06 alpha_mix =  0.700 |ddv_scf|^2 =  1.089E-12

      iter #   4 total cpu time :268780.3 secs   av.it.:  16.9
      thresh= 1.044E-07 alpha_mix =  0.700 |ddv_scf|^2 =  2.821E-13

      iter #   5 total cpu time :268981.2 secs   av.it.:  16.3
      thresh= 5.311E-08 alpha_mix =  0.700 |ddv_scf|^2 =  2.476E-14

      iter #   6 total cpu time :269174.4 secs   av.it.:  16.0
      thresh= 1.573E-08 alpha_mix =  0.700 |ddv_scf|^2 =  1.252E-15

     End of self-consistent calculation

     Convergence has been achieved 


     Representation #  11 modes #  21  22

     Self-consistent Calculation

      iter #   1 total cpu time :269297.6 secs   av.it.:   6.9
      thresh= 1.000E-02 alpha_mix =  0.700 |ddv_scf|^2 =  5.757E-08

      iter #   2 total cpu time :269495.9 secs   av.it.:  16.8
      thresh= 2.399E-05 alpha_mix =  0.700 |ddv_scf|^2 =  4.075E-08

      iter #   3 total cpu time :269686.6 secs   av.it.:  15.9
      thresh= 2.019E-05 alpha_mix =  0.700 |ddv_scf|^2 =  1.476E-10

      iter #   4 total cpu time :269880.8 secs   av.it.:  16.0
      thresh= 1.215E-06 alpha_mix =  0.700 |ddv_scf|^2 =  3.653E-12

      iter #   5 total cpu time :270078.3 secs   av.it.:  16.7
      thresh= 1.911E-07 alpha_mix =  0.700 |ddv_scf|^2 =  2.300E-13

      iter #   6 total cpu time :270275.7 secs   av.it.:  16.5
      thresh= 4.795E-08 alpha_mix =  0.700 |ddv_scf|^2 =  1.660E-14

      iter #   7 total cpu time :270474.3 secs   av.it.:  16.7
      thresh= 1.288E-08 alpha_mix =  0.700 |ddv_scf|^2 =  1.719E-15

     End of self-consistent calculation

     Convergence has been achieved 


     Representation #  12 modes #  23  24

     Self-consistent Calculation

      iter #   1 total cpu time :270564.4 secs   av.it.:   3.6
      thresh= 1.000E-02 alpha_mix =  0.700 |ddv_scf|^2 =  9.535E-10

      iter #   2 total cpu time :270763.4 secs   av.it.:  16.9
      thresh= 3.088E-06 alpha_mix =  0.700 |ddv_scf|^2 =  5.511E-10

      iter #   3 total cpu time :270954.7 secs   av.it.:  16.0
      thresh= 2.347E-06 alpha_mix =  0.700 |ddv_scf|^2 =  1.292E-12

      iter #   4 total cpu time :271154.1 secs   av.it.:  16.9
      thresh= 1.137E-07 alpha_mix =  0.700 |ddv_scf|^2 =  8.832E-14

      iter #   5 total cpu time :271353.4 secs   av.it.:  16.9
      thresh= 2.972E-08 alpha_mix =  0.700 |ddv_scf|^2 =  9.295E-15

     End of self-consistent calculation

     Convergence has been achieved 


     Representation #  13 modes #  25  26

     Self-consistent Calculation

      iter #   1 total cpu time :271452.1 secs   av.it.:   4.4
      thresh= 1.000E-02 alpha_mix =  0.700 |ddv_scf|^2 =  3.127E-09

      iter #   2 total cpu time :271650.1 secs   av.it.:  16.8
      thresh= 5.592E-06 alpha_mix =  0.700 |ddv_scf|^2 =  1.273E-09

      iter #   3 total cpu time :271839.9 secs   av.it.:  15.9
      thresh= 3.568E-06 alpha_mix =  0.700 |ddv_scf|^2 =  2.120E-11

      iter #   4 total cpu time :272034.2 secs   av.it.:  16.0
      thresh= 4.604E-07 alpha_mix =  0.700 |ddv_scf|^2 =  7.097E-13

      iter #   5 total cpu time :272230.6 secs   av.it.:  16.6
      thresh= 8.425E-08 alpha_mix =  0.700 |ddv_scf|^2 =  4.738E-14

      iter #   6 total cpu time :272426.6 secs   av.it.:  16.7
      thresh= 2.177E-08 alpha_mix =  0.700 |ddv_scf|^2 =  1.082E-15

     End of self-consistent calculation

     Convergence has been achieved 


     Representation #  14 modes #  27  28

     Self-consistent Calculation

      iter #   1 total cpu time :272515.1 secs   av.it.:   3.2
      thresh= 1.000E-02 alpha_mix =  0.700 |ddv_scf|^2 =  4.677E-10

      iter #   2 total cpu time :272717.6 secs   av.it.:  16.9
      thresh= 2.163E-06 alpha_mix =  0.700 |ddv_scf|^2 =  2.421E-10

      iter #   3 total cpu time :272910.4 secs   av.it.:  16.0
      thresh= 1.556E-06 alpha_mix =  0.700 |ddv_scf|^2 =  1.788E-12

      iter #   4 total cpu time :273108.0 secs   av.it.:  16.9
      thresh= 1.337E-07 alpha_mix =  0.700 |ddv_scf|^2 =  1.192E-13

      iter #   5 total cpu time :273306.7 secs   av.it.:  16.9
      thresh= 3.453E-08 alpha_mix =  0.700 |ddv_scf|^2 =  4.644E-15

     End of self-consistent calculation

     Convergence has been achieved 


     Representation #  15 modes #  29  30

     Self-consistent Calculation

      iter #   1 total cpu time :273393.4 secs   av.it.:   3.0
      thresh= 1.000E-02 alpha_mix =  0.700 |ddv_scf|^2 =  8.058E-10

      iter #   2 total cpu time :273589.2 secs   av.it.:  16.8
      thresh= 2.839E-06 alpha_mix =  0.700 |ddv_scf|^2 =  4.208E-10

      iter #   3 total cpu time :273777.7 secs   av.it.:  15.9
      thresh= 2.051E-06 alpha_mix =  0.700 |ddv_scf|^2 =  2.734E-12

      iter #   4 total cpu time :273970.3 secs   av.it.:  16.2
      thresh= 1.653E-07 alpha_mix =  0.700 |ddv_scf|^2 =  3.007E-13

      iter #   5 total cpu time :274162.4 secs   av.it.:  16.1
      thresh= 5.484E-08 alpha_mix =  0.700 |ddv_scf|^2 =  2.107E-14

      iter #   6 total cpu time :274355.7 secs   av.it.:  16.0
      thresh= 1.451E-08 alpha_mix =  0.700 |ddv_scf|^2 =  5.154E-16

     End of self-consistent calculation

     Convergence has been achieved 


     Representation #  16 modes #  31  32

     Self-consistent Calculation

      iter #   1 total cpu time :274476.5 secs   av.it.:   6.5
      thresh= 1.000E-02 alpha_mix =  0.700 |ddv_scf|^2 =  2.798E-08

      iter #   2 total cpu time :274674.3 secs   av.it.:  16.9
      thresh= 1.673E-05 alpha_mix =  0.700 |ddv_scf|^2 =  1.399E-08

      iter #   3 total cpu time :274865.8 secs   av.it.:  16.0
      thresh= 1.183E-05 alpha_mix =  0.700 |ddv_scf|^2 =  8.454E-11

      iter #   4 total cpu time :275063.8 secs   av.it.:  16.9
      thresh= 9.195E-07 alpha_mix =  0.700 |ddv_scf|^2 =  3.038E-12

      iter #   5 total cpu time :275262.4 secs   av.it.:  16.8
      thresh= 1.743E-07 alpha_mix =  0.700 |ddv_scf|^2 =  1.044E-13

      iter #   6 total cpu time :275460.8 secs   av.it.:  16.8
      thresh= 3.231E-08 alpha_mix =  0.700 |ddv_scf|^2 =  1.075E-14

      iter #   7 total cpu time :275659.6 secs   av.it.:  16.9
      thresh= 1.037E-08 alpha_mix =  0.700 |ddv_scf|^2 =  1.785E-15

     End of self-consistent calculation

     Convergence has been achieved 


     Representation #  17 modes #  33  34

     Self-consistent Calculation

      iter #   1 total cpu time :275746.9 secs   av.it.:   3.0
      thresh= 1.000E-02 alpha_mix =  0.700 |ddv_scf|^2 =  6.069E-10

      iter #   2 total cpu time :275946.7 secs   av.it.:  16.9
      thresh= 2.464E-06 alpha_mix =  0.700 |ddv_scf|^2 =  3.733E-10

      iter #   3 total cpu time :276138.0 secs   av.it.:  15.9
      thresh= 1.932E-06 alpha_mix =  0.700 |ddv_scf|^2 =  1.758E-12

      iter #   4 total cpu time :276335.8 secs   av.it.:  16.8
      thresh= 1.326E-07 alpha_mix =  0.700 |ddv_scf|^2 =  4.477E-13

      iter #   5 total cpu time :276527.5 secs   av.it.:  15.9
      thresh= 6.691E-08 alpha_mix =  0.700 |ddv_scf|^2 =  1.142E-14

      iter #   6 total cpu time :276723.0 secs   av.it.:  16.1
      thresh= 1.068E-08 alpha_mix =  0.700 |ddv_scf|^2 =  8.303E-16

     End of self-consistent calculation

     Convergence has been achieved 


     Representation #  18 modes #  35  36

     Self-consistent Calculation

      iter #   1 total cpu time :276808.6 secs   av.it.:   3.0
      thresh= 1.000E-02 alpha_mix =  0.700 |ddv_scf|^2 =  2.683E-10

      iter #   2 total cpu time :277007.8 secs   av.it.:  16.9
      thresh= 1.638E-06 alpha_mix =  0.700 |ddv_scf|^2 =  1.317E-10

      iter #   3 total cpu time :277198.5 secs   av.it.:  16.0
      thresh= 1.148E-06 alpha_mix =  0.700 |ddv_scf|^2 =  2.397E-12

      iter #   4 total cpu time :277396.5 secs   av.it.:  16.3
      thresh= 1.548E-07 alpha_mix =  0.700 |ddv_scf|^2 =  1.375E-13

      iter #   5 total cpu time :277596.8 secs   av.it.:  16.6
      thresh= 3.708E-08 alpha_mix =  0.700 |ddv_scf|^2 =  9.246E-15

     End of self-consistent calculation

     Convergence has been achieved 


     Representation #  19 modes #  37  38

     Self-consistent Calculation

      iter #   1 total cpu time :277683.7 secs   av.it.:   3.0
      thresh= 1.000E-02 alpha_mix =  0.700 |ddv_scf|^2 =  6.170E-10

      iter #   2 total cpu time :277889.9 secs   av.it.:  16.9
      thresh= 2.484E-06 alpha_mix =  0.700 |ddv_scf|^2 =  3.388E-10

      iter #   3 total cpu time :278087.5 secs   av.it.:  16.0
      thresh= 1.841E-06 alpha_mix =  0.700 |ddv_scf|^2 =  2.058E-12

      iter #   4 total cpu time :278282.6 secs   av.it.:  16.2
      thresh= 1.435E-07 alpha_mix =  0.700 |ddv_scf|^2 =  1.063E-13

      iter #   5 total cpu time :278484.0 secs   av.it.:  16.9
      thresh= 3.261E-08 alpha_mix =  0.700 |ddv_scf|^2 =  7.352E-15

     End of self-consistent calculation

     Convergence has been achieved 


     Representation #  20 modes #  39  40

     Self-consistent Calculation

      iter #   1 total cpu time :278570.3 secs   av.it.:   3.0
      thresh= 1.000E-02 alpha_mix =  0.700 |ddv_scf|^2 =  1.416E-09

      iter #   2 total cpu time :278764.4 secs   av.it.:  16.4
      thresh= 3.763E-06 alpha_mix =  0.700 |ddv_scf|^2 =  1.033E-09

      iter #   3 total cpu time :278952.5 secs   av.it.:  15.9
      thresh= 3.214E-06 alpha_mix =  0.700 |ddv_scf|^2 =  1.676E-12

      iter #   4 total cpu time :279149.2 secs   av.it.:  16.9
      thresh= 1.295E-07 alpha_mix =  0.700 |ddv_scf|^2 =  3.679E-13

      iter #   5 total cpu time :279341.1 secs   av.it.:  16.0
      thresh= 6.065E-08 alpha_mix =  0.700 |ddv_scf|^2 =  6.349E-15

     End of self-consistent calculation

     Convergence has been achieved 


     Representation #  21 modes #  41  42

     Self-consistent Calculation

      iter #   1 total cpu time :279425.1 secs   av.it.:   3.0
      thresh= 1.000E-02 alpha_mix =  0.700 |ddv_scf|^2 =  4.461E-10

      iter #   2 total cpu time :279622.0 secs   av.it.:  16.8
      thresh= 2.112E-06 alpha_mix =  0.700 |ddv_scf|^2 =  1.893E-10

      iter #   3 total cpu time :279813.0 secs   av.it.:  16.0
      thresh= 1.376E-06 alpha_mix =  0.700 |ddv_scf|^2 =  2.402E-12

      iter #   4 total cpu time :280008.1 secs   av.it.:  16.5
      thresh= 1.550E-07 alpha_mix =  0.700 |ddv_scf|^2 =  5.239E-14

      iter #   5 total cpu time :280205.1 secs   av.it.:  16.9
      thresh= 2.289E-08 alpha_mix =  0.700 |ddv_scf|^2 =  5.148E-15

     End of self-consistent calculation

     Convergence has been achieved 


     Representation #  22 modes #  43  44

     Self-consistent Calculation

      iter #   1 total cpu time :280306.2 secs   av.it.:   5.0
      thresh= 1.000E-02 alpha_mix =  0.700 |ddv_scf|^2 =  7.156E-09

      iter #   2 total cpu time :280502.8 secs   av.it.:  16.8
      thresh= 8.459E-06 alpha_mix =  0.700 |ddv_scf|^2 =  5.273E-09

      iter #   3 total cpu time :280689.9 secs   av.it.:  15.9
      thresh= 7.261E-06 alpha_mix =  0.700 |ddv_scf|^2 =  1.300E-11

      iter #   4 total cpu time :280892.4 secs   av.it.:  16.9
      thresh= 3.605E-07 alpha_mix =  0.700 |ddv_scf|^2 =  1.179E-12

      iter #   5 total cpu time :281094.4 secs   av.it.:  16.8
      thresh= 1.086E-07 alpha_mix =  0.700 |ddv_scf|^2 =  2.258E-13

      iter #   6 total cpu time :281293.5 secs   av.it.:  16.1
      thresh= 4.752E-08 alpha_mix =  0.700 |ddv_scf|^2 =  1.543E-15

     End of self-consistent calculation

     Convergence has been achieved 


     Representation #  23 modes #  45  46

     Self-consistent Calculation

      iter #   1 total cpu time :281379.6 secs   av.it.:   3.0
      thresh= 1.000E-02 alpha_mix =  0.700 |ddv_scf|^2 =  5.244E-10

      iter #   2 total cpu time :281579.5 secs   av.it.:  16.9
      thresh= 2.290E-06 alpha_mix =  0.700 |ddv_scf|^2 =  3.147E-10

      iter #   3 total cpu time :281771.5 secs   av.it.:  15.9
      thresh= 1.774E-06 alpha_mix =  0.700 |ddv_scf|^2 =  1.686E-12

      iter #   4 total cpu time :281970.5 secs   av.it.:  16.9
      thresh= 1.299E-07 alpha_mix =  0.700 |ddv_scf|^2 =  3.266E-13

      iter #   5 total cpu time :282165.9 secs   av.it.:  16.7
      thresh= 5.715E-08 alpha_mix =  0.700 |ddv_scf|^2 =  1.877E-14

      iter #   6 total cpu time :282357.9 secs   av.it.:  16.0
      thresh= 1.370E-08 alpha_mix =  0.700 |ddv_scf|^2 =  1.086E-15

     End of self-consistent calculation

     Convergence has been achieved 


     Representation #  24 modes #  47  48

     Self-consistent Calculation

      iter #   1 total cpu time :282458.1 secs   av.it.:   4.7
      thresh= 1.000E-02 alpha_mix =  0.700 |ddv_scf|^2 =  2.834E-09

      iter #   2 total cpu time :282658.9 secs   av.it.:  16.9
      thresh= 5.324E-06 alpha_mix =  0.700 |ddv_scf|^2 =  9.522E-10

      iter #   3 total cpu time :282851.9 secs   av.it.:  16.0
      thresh= 3.086E-06 alpha_mix =  0.700 |ddv_scf|^2 =  1.864E-11

      iter #   4 total cpu time :283048.2 secs   av.it.:  16.6
      thresh= 4.317E-07 alpha_mix =  0.700 |ddv_scf|^2 =  9.271E-13

      iter #   5 total cpu time :283246.2 secs   av.it.:  16.9
      thresh= 9.629E-08 alpha_mix =  0.700 |ddv_scf|^2 =  8.189E-14

      iter #   6 total cpu time :283442.2 secs   av.it.:  16.8
      thresh= 2.862E-08 alpha_mix =  0.700 |ddv_scf|^2 =  1.604E-15

     End of self-consistent calculation

     Convergence has been achieved 


     Representation #  25 modes #  49  50

     Self-consistent Calculation

      iter #   1 total cpu time :283530.1 secs   av.it.:   3.4
      thresh= 1.000E-02 alpha_mix =  0.700 |ddv_scf|^2 =  8.443E-10

      iter #   2 total cpu time :283728.4 secs   av.it.:  16.9
      thresh= 2.906E-06 alpha_mix =  0.700 |ddv_scf|^2 =  5.006E-10

      iter #   3 total cpu time :283918.4 secs   av.it.:  15.9
      thresh= 2.237E-06 alpha_mix =  0.700 |ddv_scf|^2 =  1.381E-12

      iter #   4 total cpu time :284116.7 secs   av.it.:  16.9
      thresh= 1.175E-07 alpha_mix =  0.700 |ddv_scf|^2 =  1.987E-13

      iter #   5 total cpu time :284312.1 secs   av.it.:  16.7
      thresh= 4.457E-08 alpha_mix =  0.700 |ddv_scf|^2 =  2.344E-14

      iter #   6 total cpu time :284503.6 secs   av.it.:  16.0
      thresh= 1.531E-08 alpha_mix =  0.700 |ddv_scf|^2 =  9.603E-16

     End of self-consistent calculation

     Convergence has been achieved 


     Representation #  26 modes #  51  52

     Self-consistent Calculation

      iter #   1 total cpu time :284623.7 secs   av.it.:   6.5
      thresh= 1.000E-02 alpha_mix =  0.700 |ddv_scf|^2 =  3.126E-08

      iter #   2 total cpu time :284820.8 secs   av.it.:  16.8
      thresh= 1.768E-05 alpha_mix =  0.700 |ddv_scf|^2 =  1.970E-08

      iter #   3 total cpu time :285010.3 secs   av.it.:  16.0
      thresh= 1.404E-05 alpha_mix =  0.700 |ddv_scf|^2 =  5.690E-11

      iter #   4 total cpu time :285209.0 secs   av.it.:  16.9
      thresh= 7.543E-07 alpha_mix =  0.700 |ddv_scf|^2 =  2.797E-12

      iter #   5 total cpu time :285405.8 secs   av.it.:  16.7
      thresh= 1.672E-07 alpha_mix =  0.700 |ddv_scf|^2 =  1.211E-13

      iter #   6 total cpu time :285602.9 secs   av.it.:  16.8
      thresh= 3.480E-08 alpha_mix =  0.700 |ddv_scf|^2 =  4.655E-15

     End of self-consistent calculation

     Convergence has been achieved 


     Representation #  27 modes #  53  54

     Self-consistent Calculation

      iter #   1 total cpu time :285690.9 secs   av.it.:   3.1
      thresh= 1.000E-02 alpha_mix =  0.700 |ddv_scf|^2 =  5.390E-10

      iter #   2 total cpu time :285891.0 secs   av.it.:  16.9
      thresh= 2.322E-06 alpha_mix =  0.700 |ddv_scf|^2 =  3.296E-10

      iter #   3 total cpu time :286082.1 secs   av.it.:  16.0
      thresh= 1.815E-06 alpha_mix =  0.700 |ddv_scf|^2 =  1.344E-12

      iter #   4 total cpu time :286279.8 secs   av.it.:  16.9
      thresh= 1.159E-07 alpha_mix =  0.700 |ddv_scf|^2 =  1.444E-13

      iter #   5 total cpu time :286476.9 secs   av.it.:  16.8
      thresh= 3.800E-08 alpha_mix =  0.700 |ddv_scf|^2 =  3.933E-15

     End of self-consistent calculation

     Convergence has been achieved 


     Representation #  28 modes #  55  56

     Self-consistent Calculation

      iter #   1 total cpu time :286577.5 secs   av.it.:   4.8
      thresh= 1.000E-02 alpha_mix =  0.700 |ddv_scf|^2 =  4.111E-09

      iter #   2 total cpu time :286782.7 secs   av.it.:  16.8
      thresh= 6.412E-06 alpha_mix =  0.700 |ddv_scf|^2 =  2.358E-09

      iter #   3 total cpu time :286979.4 secs   av.it.:  16.0
      thresh= 4.856E-06 alpha_mix =  0.700 |ddv_scf|^2 =  2.493E-11

      iter #   4 total cpu time :287181.7 secs   av.it.:  16.5
      thresh= 4.993E-07 alpha_mix =  0.700 |ddv_scf|^2 =  1.428E-12

      iter #   5 total cpu time :287384.4 secs   av.it.:  16.6
      thresh= 1.195E-07 alpha_mix =  0.700 |ddv_scf|^2 =  1.337E-13

      iter #   6 total cpu time :287585.4 secs   av.it.:  16.3
      thresh= 3.657E-08 alpha_mix =  0.700 |ddv_scf|^2 =  6.532E-15

     End of self-consistent calculation

     Convergence has been achieved 


     Representation #  29 modes #  57  58

     Self-consistent Calculation

      iter #   1 total cpu time :287673.1 secs   av.it.:   3.0
      thresh= 1.000E-02 alpha_mix =  0.700 |ddv_scf|^2 =  6.683E-10

      iter #   2 total cpu time :287874.8 secs   av.it.:  16.9
      thresh= 2.585E-06 alpha_mix =  0.700 |ddv_scf|^2 =  2.945E-10

      iter #   3 total cpu time :288066.8 secs   av.it.:  16.0
      thresh= 1.716E-06 alpha_mix =  0.700 |ddv_scf|^2 =  2.952E-12

      iter #   4 total cpu time :288263.8 secs   av.it.:  16.8
      thresh= 1.718E-07 alpha_mix =  0.700 |ddv_scf|^2 =  9.256E-14

      iter #   5 total cpu time :288462.4 secs   av.it.:  16.9
      thresh= 3.042E-08 alpha_mix =  0.700 |ddv_scf|^2 =  7.060E-15

     End of self-consistent calculation

     Convergence has been achieved 


     Representation #  30 modes #  59  60

     Self-consistent Calculation

      iter #   1 total cpu time :288547.4 secs   av.it.:   3.0
      thresh= 1.000E-02 alpha_mix =  0.700 |ddv_scf|^2 =  5.531E-10

      iter #   2 total cpu time :288745.6 secs   av.it.:  16.9
      thresh= 2.352E-06 alpha_mix =  0.700 |ddv_scf|^2 =  2.562E-10

      iter #   3 total cpu time :288937.4 secs   av.it.:  16.0
      thresh= 1.601E-06 alpha_mix =  0.700 |ddv_scf|^2 =  2.575E-12

      iter #   4 total cpu time :289134.5 secs   av.it.:  16.8
      thresh= 1.605E-07 alpha_mix =  0.700 |ddv_scf|^2 =  3.295E-13

      iter #   5 total cpu time :289328.2 secs   av.it.:  16.0
      thresh= 5.740E-08 alpha_mix =  0.700 |ddv_scf|^2 =  1.602E-14

      iter #   6 total cpu time :289521.7 secs   av.it.:  16.0
      thresh= 1.266E-08 alpha_mix =  0.700 |ddv_scf|^2 =  7.741E-16

     End of self-consistent calculation

     Convergence has been achieved 


     Representation #  31 modes #  61  62

     Self-consistent Calculation

      iter #   1 total cpu time :289611.8 secs   av.it.:   3.4
      thresh= 1.000E-02 alpha_mix =  0.700 |ddv_scf|^2 =  7.737E-10

      iter #   2 total cpu time :289819.0 secs   av.it.:  16.9
      thresh= 2.782E-06 alpha_mix =  0.700 |ddv_scf|^2 =  4.749E-10

      iter #   3 total cpu time :290017.6 secs   av.it.:  16.0
      thresh= 2.179E-06 alpha_mix =  0.700 |ddv_scf|^2 =  1.025E-12

      iter #   4 total cpu time :290223.2 secs   av.it.:  16.9
      thresh= 1.013E-07 alpha_mix =  0.700 |ddv_scf|^2 =  8.204E-14

      iter #   5 total cpu time :290432.1 secs   av.it.:  16.9
      thresh= 2.864E-08 alpha_mix =  0.700 |ddv_scf|^2 =  8.889E-15

     End of self-consistent calculation

     Convergence has been achieved 


     Representation #  32 modes #  63  64

     Self-consistent Calculation

      iter #   1 total cpu time :290521.7 secs   av.it.:   3.2
      thresh= 1.000E-02 alpha_mix =  0.700 |ddv_scf|^2 =  6.202E-10

      iter #   2 total cpu time :290726.7 secs   av.it.:  16.9
      thresh= 2.490E-06 alpha_mix =  0.700 |ddv_scf|^2 =  3.121E-10

      iter #   3 total cpu time :290922.7 secs   av.it.:  16.0
      thresh= 1.767E-06 alpha_mix =  0.700 |ddv_scf|^2 =  1.913E-12

      iter #   4 total cpu time :291125.7 secs   av.it.:  16.9
      thresh= 1.383E-07 alpha_mix =  0.700 |ddv_scf|^2 =  1.174E-13

      iter #   5 total cpu time :291329.0 secs   av.it.:  16.9
      thresh= 3.426E-08 alpha_mix =  0.700 |ddv_scf|^2 =  6.366E-15

     End of self-consistent calculation

     Convergence has been achieved 


     Representation #  33 modes #  65  66

     Self-consistent Calculation

      iter #   1 total cpu time :291418.4 secs   av.it.:   3.2
      thresh= 1.000E-02 alpha_mix =  0.700 |ddv_scf|^2 =  1.069E-09

      iter #   2 total cpu time :291619.0 secs   av.it.:  16.9
      thresh= 3.270E-06 alpha_mix =  0.700 |ddv_scf|^2 =  6.536E-10

      iter #   3 total cpu time :291811.5 secs   av.it.:  15.9
      thresh= 2.557E-06 alpha_mix =  0.700 |ddv_scf|^2 =  2.815E-12

      iter #   4 total cpu time :292010.6 secs   av.it.:  16.9
      thresh= 1.678E-07 alpha_mix =  0.700 |ddv_scf|^2 =  3.829E-13

      iter #   5 total cpu time :292208.7 secs   av.it.:  16.9
      thresh= 6.188E-08 alpha_mix =  0.700 |ddv_scf|^2 =  2.841E-14

      iter #   6 total cpu time :292401.8 secs   av.it.:  16.0
      thresh= 1.685E-08 alpha_mix =  0.700 |ddv_scf|^2 =  2.026E-15

     End of self-consistent calculation

     Convergence has been achieved 

     Number of q in the star =    1
     List of q in the star:
          1  -0.500000000  -0.500723541  -0.763706282

     Diagonalizing the dynamical matrix

     q = (   -0.500000000  -0.500723541  -0.763706282 ) 

 **************************************************************************
     freq (    1) =       1.319179 [THz] =      44.003080 [cm-1]
     freq (    2) =       1.319179 [THz] =      44.003080 [cm-1]
     freq (    3) =       1.789048 [THz] =      59.676207 [cm-1]
     freq (    4) =       1.789048 [THz] =      59.676207 [cm-1]
     freq (    5) =       3.242052 [THz] =     108.143212 [cm-1]
     freq (    6) =       3.242052 [THz] =     108.143212 [cm-1]
     freq (    7) =       4.346443 [THz] =     144.981734 [cm-1]
     freq (    8) =       4.346443 [THz] =     144.981734 [cm-1]
     freq (    9) =       4.573700 [THz] =     152.562220 [cm-1]
     freq (   10) =       4.573700 [THz] =     152.562220 [cm-1]
     freq (   11) =       5.901595 [THz] =     196.856024 [cm-1]
     freq (   12) =       5.901595 [THz] =     196.856024 [cm-1]
     freq (   13) =       6.288722 [THz] =     209.769202 [cm-1]
     freq (   14) =       6.288722 [THz] =     209.769202 [cm-1]
     freq (   15) =       6.447344 [THz] =     215.060242 [cm-1]
     freq (   16) =       6.447344 [THz] =     215.060242 [cm-1]
     freq (   17) =       7.956510 [THz] =     265.400607 [cm-1]
     freq (   18) =       7.956510 [THz] =     265.400607 [cm-1]
     freq (   19) =       8.146696 [THz] =     271.744515 [cm-1]
     freq (   20) =       8.146696 [THz] =     271.744515 [cm-1]
     freq (   21) =       8.505309 [THz] =     283.706554 [cm-1]
     freq (   22) =       8.505309 [THz] =     283.706554 [cm-1]
     freq (   23) =       9.082118 [THz] =     302.946844 [cm-1]
     freq (   24) =       9.082118 [THz] =     302.946844 [cm-1]
     freq (   25) =       9.226737 [THz] =     307.770807 [cm-1]
     freq (   26) =       9.226737 [THz] =     307.770807 [cm-1]
     freq (   27) =      11.992621 [THz] =     400.030789 [cm-1]
     freq (   28) =      11.992621 [THz] =     400.030789 [cm-1]
     freq (   29) =      12.316185 [THz] =     410.823718 [cm-1]
     freq (   30) =      12.316185 [THz] =     410.823718 [cm-1]
     freq (   31) =      30.602072 [THz] =    1020.775258 [cm-1]
     freq (   32) =      30.602072 [THz] =    1020.775258 [cm-1]
     freq (   33) =      30.775897 [THz] =    1026.573420 [cm-1]
     freq (   34) =      30.775897 [THz] =    1026.573420 [cm-1]
     freq (   35) =      31.811014 [THz] =    1061.101222 [cm-1]
     freq (   36) =      31.811014 [THz] =    1061.101222 [cm-1]
     freq (   37) =      31.823903 [THz] =    1061.531147 [cm-1]
     freq (   38) =      31.823903 [THz] =    1061.531147 [cm-1]
     freq (   39) =      32.357988 [THz] =    1079.346287 [cm-1]
     freq (   40) =      32.357988 [THz] =    1079.346287 [cm-1]
     freq (   41) =      32.515191 [THz] =    1084.590018 [cm-1]
     freq (   42) =      32.515191 [THz] =    1084.590018 [cm-1]
     freq (   43) =      35.910773 [THz] =    1197.854457 [cm-1]
     freq (   44) =      35.910773 [THz] =    1197.854457 [cm-1]
     freq (   45) =      35.984829 [THz] =    1200.324683 [cm-1]
     freq (   46) =      35.984829 [THz] =    1200.324683 [cm-1]
     freq (   47) =      36.113203 [THz] =    1204.606802 [cm-1]
     freq (   48) =      36.113203 [THz] =    1204.606802 [cm-1]
     freq (   49) =      36.275075 [THz] =    1210.006240 [cm-1]
     freq (   50) =      36.275075 [THz] =    1210.006240 [cm-1]
     freq (   51) =      68.354772 [THz] =    2280.069765 [cm-1]
     freq (   52) =      68.354772 [THz] =    2280.069765 [cm-1]
     freq (   53) =      68.567046 [THz] =    2287.150481 [cm-1]
     freq (   54) =      68.567046 [THz] =    2287.150481 [cm-1]
     freq (   55) =      70.022843 [THz] =    2335.710634 [cm-1]
     freq (   56) =      70.022843 [THz] =    2335.710634 [cm-1]
     freq (   57) =      70.192070 [THz] =    2341.355429 [cm-1]
     freq (   58) =      70.192070 [THz] =    2341.355429 [cm-1]
     freq (   59) =      70.554366 [THz] =    2353.440329 [cm-1]
     freq (   60) =      70.554366 [THz] =    2353.440329 [cm-1]
     freq (   61) =      70.661539 [THz] =    2357.015233 [cm-1]
     freq (   62) =      70.661539 [THz] =    2357.015233 [cm-1]
     freq (   63) =      71.393408 [THz] =    2381.427765 [cm-1]
     freq (   64) =      71.393408 [THz] =    2381.427765 [cm-1]
     freq (   65) =      71.410882 [THz] =    2382.010634 [cm-1]
     freq (   66) =      71.410882 [THz] =    2382.010634 [cm-1]
 **************************************************************************

     init_run     :      8.69s CPU      8.98s WALL (       7 calls)
     electrons    :   1460.69s CPU   1471.17s WALL (       7 calls)

     Called by init_run:
     wfcinit      :      0.00s CPU      0.01s WALL (       7 calls)
     potinit      :      1.11s CPU      1.21s WALL (       7 calls)
     hinit0       :      0.85s CPU      0.88s WALL (       7 calls)

     Called by electrons:
     c_bands      :   1460.67s CPU   1471.01s WALL (       7 calls)
     v_of_rho     :      1.03s CPU      1.09s WALL (       8 calls)
     newd         :      1.57s CPU      1.61s WALL (       8 calls)

     Called by c_bands:
     init_us_2    :    429.17s CPU    470.56s WALL (   76410 calls)
     cegterg      :   1336.23s CPU   1344.67s WALL (     739 calls)

     Called by *egterg:
     cdiaghg      :     37.80s CPU     38.01s WALL (    8664 calls)
     h_psi        : 149537.56s CPU 150764.27s WALL ( 1467647 calls)
     s_psi        :  61477.15s CPU  61707.85s WALL ( 3012156 calls)
     g_psi        :      3.52s CPU      3.54s WALL (    8286 calls)

     Called by h_psi:
     h_psi:calbec :  26229.47s CPU  26347.12s WALL ( 1467647 calls)
     vloc_psi     :  92793.71s CPU  93788.59s WALL ( 1467647 calls)
     add_vuspsi   :  29799.68s CPU  29911.49s WALL ( 1467647 calls)

     General routines
     calbec       :  58949.37s CPU  59208.00s WALL ( 3258153 calls)
     fft          :    822.96s CPU    886.28s WALL (   93695 calls)
     ffts         :    286.58s CPU    300.51s WALL (   45270 calls)
     fftw         :  92825.67s CPU  93877.35s WALL (69315968 calls)
     interpolate  :     60.78s CPU     70.10s WALL (    6924 calls)
     davcio       :    205.86s CPU    403.42s WALL (  461939 calls)

     Parallel routines

     PHONON       :   3d 8h25m CPU   3d 9h13m WALL

     INITIALIZATION: 
     phq_setup    :      3.03s CPU      3.63s WALL (       8 calls)
     phq_init     :   1630.24s CPU   1646.52s WALL (       8 calls)

     phq_init     :   1630.24s CPU   1646.52s WALL (       8 calls)
     set_drhoc    :      0.10s CPU      0.11s WALL (      24 calls)
     init_vloc    :      0.10s CPU      0.10s WALL (       8 calls)
     init_us_1    :      0.17s CPU      0.23s WALL (       8 calls)
     init_us_2    :    429.17s CPU    470.56s WALL (   76410 calls)
     newd         :      1.57s CPU      1.61s WALL (       8 calls)
     dvanqq       :    185.08s CPU    187.33s WALL (       8 calls)
     drho         :   1319.45s CPU   1332.73s WALL (       8 calls)
     drhous       :   1129.02s CPU   1137.70s WALL (       8 calls)
     nldyntot     :     24.73s CPU     24.77s WALL (       8 calls)

     DYNAMICAL MATRIX:
     dynmat0      :    105.62s CPU    106.16s WALL (       8 calls)
     dynmat_us    :     55.12s CPU     55.40s WALL (       8 calls)
     addusdynmat  :      0.02s CPU      0.08s WALL (       8 calls)
     d2ionq       :     47.93s CPU     47.98s WALL (       8 calls)
     dynmatcc     :      2.42s CPU      2.51s WALL (       8 calls)
     phqscf       : 281426.56s CPU 284252.83s WALL (       8 calls)
     dynmatrix    :      0.35s CPU      0.44s WALL (       8 calls)

     phqscf       : 281426.56s CPU 284252.83s WALL (       8 calls)
     solve_linter : 278197.76s CPU 280926.69s WALL (     330 calls)
     sth_kernel   : 266078.10s CPU 268162.07s WALL (    1987 calls)
     h_prec       :     93.75s CPU     94.39s WALL (   53730 calls)
     apply_dpot_b :   5184.95s CPU   5289.87s WALL (   71766 calls)
     ortho        :   4333.50s CPU   4358.46s WALL (   86184 calls)
     cgsolve      : 246910.30s CPU 248570.69s WALL (   86184 calls)
     incdrhoscf   :   9300.52s CPU   9457.52s WALL (   86184 calls)
                                        0.00s GPU  (   86184 calls)
     addusddens   :    832.37s CPU    843.77s WALL (    2310 calls)
     dv_of_drho   :    329.89s CPU    360.76s WALL (    3192 calls)
     mix_pot      :     37.77s CPU     95.31s WALL (    1987 calls)
     drhodv       :   1486.89s CPU   1504.01s WALL (     330 calls)
     psymdvscf    :   3927.49s CPU   4072.07s WALL (    1980 calls)
     newdq        :   1385.17s CPU   1393.31s WALL (    1987 calls)
     adddvscf     :    272.94s CPU    276.87s WALL (   71766 calls)
     drhodvus     :     25.68s CPU     41.34s WALL (     330 calls)

     dvqpsi_us    :   7849.81s CPU   7881.69s WALL (   16038 calls)
                                        0.00s GPU  (   16038 calls)
     dvqpsi_us_on :   6456.61s CPU   6467.34s WALL (   16038 calls)

     add_vuspsi   :  29799.68s CPU  29911.49s WALL ( 1467647 calls)
     addusdbec    :   2064.73s CPU   2072.41s WALL (  100440 calls)

     drhodvus     :     25.68s CPU     41.34s WALL (     330 calls)

      General routines
     calbec       :  58949.37s CPU  59208.00s WALL ( 3258153 calls)
     fft          :    822.96s CPU    886.28s WALL (   93695 calls)
     ffts         :    286.58s CPU    300.51s WALL (   45270 calls)
     fftw         :  92825.67s CPU  93877.35s WALL (69315968 calls)
     davcio       :    205.86s CPU    403.42s WALL (  461939 calls)
     write_rec    :     37.02s CPU    386.18s WALL (    2317 calls)

      Additional routines
     ch_psi       : 244045.01s CPU 245664.90s WALL ( 1458244 calls)
     last         :  64590.82s CPU  64878.11s WALL ( 1458244 calls)
     Hesh         :    434.32s CPU    438.81s WALL ( 1458244 calls)
     ch_psi_all_k :  64134.33s CPU  64419.92s WALL ( 1458244 calls)
                                        0.00s GPU  ( 1458244 calls)
     ch_psi_calbe :  25999.10s CPU  26088.63s WALL ( 1458244 calls)
                                        0.00s GPU  ( 1458244 calls)
     h_psi_bgrp   : 149550.69s CPU 150774.72s WALL ( 1467647 calls)
     h_psi        : 149537.56s CPU 150764.27s WALL ( 1467647 calls)
     h_psi:pot    : 148857.97s CPU 150071.98s WALL ( 1467647 calls)
     h_psi:calbec :  26229.47s CPU  26347.12s WALL ( 1467647 calls)
     s_psi_bgrp   :  62177.10s CPU  62398.68s WALL ( 3012156 calls)
     s_psi        :  61477.15s CPU  61707.85s WALL ( 3012156 calls)


     PHONON       :   3d 8h25m CPU   3d 9h13m WALL


   This run was terminated on:  20:30:46  15Aug2024            

=------------------------------------------------------------------------------=
   JOB DONE.
=------------------------------------------------------------------------------=
