Dynamical matrix file
                                                                           
  3   22   8  13.4191655   0.9956421   0.6494553   0.0000000   0.0000000   0.0000000
           1  'B      '    9853.6237122476850     
           2  'Ba     '    125165.90357338246     
           3  'H      '    918.68111039893927     
    1    2      0.5000000000      0.4978210450      0.3247278345
    2    2      0.0000000000      0.0000000000      0.6494551305
    3    1      0.6304291863      0.2557629833      0.0000070530
    4    1      0.3695708137      0.7398791067      0.0000070530
    5    1      0.1304291863      0.2420580617      0.3247206020
    6    1      0.8695708137      0.7535840283      0.3247206020
    7    3      0.4589234318      0.2831460845     -0.0000062539
    8    3      0.5410765682      0.7124960055     -0.0000062539
    9    3      0.9589234318      0.2146749605      0.3247339089
   10    3      0.0410765682      0.7809671295      0.3247339089
   11    3      0.7148392306      0.4082360049      0.0000081946
   12    3      0.2851607694      0.5874060851      0.0000081946
   13    3      0.2148392306      0.0895850401      0.3247194604
   14    3      0.7851607694      0.9060570499      0.3247194604
   15    3      0.6705874956      0.1673910636      0.5059714565
   16    3      0.3294125044      0.8282510264      0.5059714565
   17    3      0.1705874956      0.3304299814      0.4682115085
   18    3      0.8294125044      0.6652121086      0.4682115085
   19    3      0.3294167455      0.8282497401      0.1435012547
   20    3      0.6705832545      0.1673923499      0.1435012547
   21    3      0.8294167455      0.6652133949      0.1812264003
   22    3      0.1705832545      0.3304286951      0.1812264003

     Dynamical  Matrix in cartesian axes

     q = (    0.000000000   0.000000000   0.000000000 ) 

    1    1
  0.06454686   0.00000000    -0.00249619   0.00000000     0.00000000   0.00000000
 -0.00249619   0.00000000     0.07431266   0.00000000     0.00000000   0.00000000
  0.00000000   0.00000000     0.00000000   0.00000000     0.06750934   0.00000000
    1    2
 -0.01844998   0.00000000    -0.00685887   0.00000000     0.00000000   0.00000000
  0.00685887   0.00000000    -0.02541740   0.00000000     0.00000000   0.00000000
  0.00000000   0.00000000     0.00000000   0.00000000    -0.00239608   0.00000000
    1    3
  0.00501942   0.00000000     0.01126469   0.00000000     0.00027695   0.00000000
  0.00932880   0.00000000    -0.01144786   0.00000000     0.00001969   0.00000000
 -0.00001068   0.00000000    -0.00007892   0.00000000    -0.02637405   0.00000000
    1    4
  0.00501942   0.00000000     0.01126469   0.00000000    -0.00027695   0.00000000
  0.00932880   0.00000000    -0.01144786   0.00000000    -0.00001969   0.00000000
  0.00001068   0.00000000     0.00007892   0.00000000    -0.02637405   0.00000000
    1    5
 -0.01288740   0.00000000    -0.00715022   0.00000000    -0.00031141   0.00000000
 -0.00365425   0.00000000    -0.00333100   0.00000000     0.00009044   0.00000000
  0.00003877   0.00000000    -0.00011175   0.00000000     0.00426636   0.00000000
    1    6
 -0.01288740   0.00000000    -0.00715022   0.00000000     0.00031141   0.00000000
 -0.00365425   0.00000000    -0.00333100   0.00000000    -0.00009044   0.00000000
 -0.00003877   0.00000000     0.00011175   0.00000000     0.00426636   0.00000000
    1    7
 -0.00742796   0.00000000    -0.00355164   0.00000000    -0.00011060   0.00000000
  0.00097744   0.00000000    -0.00508203   0.00000000    -0.00022336   0.00000000
 -0.00004655   0.00000000     0.00006881   0.00000000    -0.00586495   0.00000000
    1    8
 -0.00742796   0.00000000    -0.00355164   0.00000000     0.00011060   0.00000000
  0.00097744   0.00000000    -0.00508203   0.00000000     0.00022336   0.00000000
  0.00004655   0.00000000    -0.00006881   0.00000000    -0.00586495   0.00000000
    1    9
  0.00615939   0.00000000     0.00218299   0.00000000     0.00011762   0.00000000
  0.00191994   0.00000000     0.00024307   0.00000000     0.00025421   0.00000000
 -0.00000153   0.00000000    -0.00010747   0.00000000    -0.00189659   0.00000000
    1   10
  0.00615939   0.00000000     0.00218299   0.00000000    -0.00011762   0.00000000
  0.00191994   0.00000000     0.00024307   0.00000000    -0.00025421   0.00000000
  0.00000153   0.00000000     0.00010747   0.00000000    -0.00189659   0.00000000
    1   11
 -0.00658909   0.00000000    -0.00038877   0.00000000     0.00003922   0.00000000
 -0.00452553   0.00000000    -0.00497486   0.00000000     0.00004611   0.00000000
 -0.00019518   0.00000000    -0.00004120   0.00000000    -0.00235278   0.00000000
    1   12
 -0.00658909   0.00000000    -0.00038877   0.00000000    -0.00003922   0.00000000
 -0.00452553   0.00000000    -0.00497486   0.00000000    -0.00004611   0.00000000
  0.00019518   0.00000000     0.00004120   0.00000000    -0.00235278   0.00000000
    1   13
  0.00416324   0.00000000     0.00452303   0.00000000    -0.00008963   0.00000000
 -0.00000230   0.00000000     0.00125524   0.00000000     0.00010848   0.00000000
 -0.00017914   0.00000000     0.00005836   0.00000000    -0.00108118   0.00000000
    1   14
  0.00416324   0.00000000     0.00452303   0.00000000     0.00008963   0.00000000
 -0.00000230   0.00000000     0.00125524   0.00000000    -0.00010848   0.00000000
  0.00017914   0.00000000    -0.00005836   0.00000000    -0.00108118   0.00000000
    1   15
 -0.00243380   0.00000000    -0.00089518   0.00000000    -0.00100533   0.00000000
 -0.00126933   0.00000000    -0.00242392   0.00000000     0.00258000   0.00000000
  0.00096332   0.00000000    -0.00044761   0.00000000     0.00245255   0.00000000
    1   16
 -0.00243380   0.00000000    -0.00089518   0.00000000     0.00100533   0.00000000
 -0.00126933   0.00000000    -0.00242392   0.00000000    -0.00258000   0.00000000
 -0.00096332   0.00000000     0.00044761   0.00000000     0.00245255   0.00000000
    1   17
 -0.00312672   0.00000000    -0.00048094   0.00000000     0.00117190   0.00000000
 -0.00187474   0.00000000     0.00100878   0.00000000    -0.00030775   0.00000000
  0.00210732   0.00000000     0.00010738   0.00000000    -0.00316430   0.00000000
    1   18
 -0.00312672   0.00000000    -0.00048094   0.00000000    -0.00117190   0.00000000
 -0.00187474   0.00000000     0.00100878   0.00000000     0.00030775   0.00000000
 -0.00210732   0.00000000    -0.00010738   0.00000000    -0.00316430   0.00000000
    1   19
 -0.00242095   0.00000000    -0.00064523   0.00000000    -0.00084593   0.00000000
 -0.00159248   0.00000000    -0.00228228   0.00000000     0.00286684   0.00000000
  0.00079559   0.00000000    -0.00061593   0.00000000     0.00258747   0.00000000
    1   20
 -0.00242095   0.00000000    -0.00064523   0.00000000     0.00084593   0.00000000
 -0.00159248   0.00000000    -0.00228228   0.00000000    -0.00286684   0.00000000
 -0.00079559   0.00000000     0.00061593   0.00000000     0.00258747   0.00000000
    1   21
 -0.00348267   0.00000000    -0.00041296   0.00000000     0.00075759   0.00000000
 -0.00224890   0.00000000     0.00091282   0.00000000    -0.00051318   0.00000000
  0.00198892   0.00000000     0.00039192   0.00000000    -0.00326829   0.00000000
    1   22
 -0.00348267   0.00000000    -0.00041296   0.00000000    -0.00075759   0.00000000
 -0.00224890   0.00000000     0.00091282   0.00000000     0.00051318   0.00000000
 -0.00198892   0.00000000    -0.00039192   0.00000000    -0.00326829   0.00000000
    2    1
 -0.01844998   0.00000000     0.00685887   0.00000000     0.00000000   0.00000000
 -0.00685887   0.00000000    -0.02541740   0.00000000     0.00000000   0.00000000
  0.00000000   0.00000000     0.00000000   0.00000000    -0.00239608   0.00000000
    2    2
  0.06454686   0.00000000     0.00249619   0.00000000     0.00000000   0.00000000
  0.00249619   0.00000000     0.07431266   0.00000000     0.00000000   0.00000000
  0.00000000   0.00000000     0.00000000   0.00000000     0.06750934   0.00000000
    2    3
 -0.01288740   0.00000000     0.00715022   0.00000000     0.00031141   0.00000000
  0.00365425   0.00000000    -0.00333100   0.00000000     0.00009044   0.00000000
 -0.00003877   0.00000000    -0.00011175   0.00000000     0.00426636   0.00000000
    2    4
 -0.01288740   0.00000000     0.00715022   0.00000000    -0.00031141   0.00000000
  0.00365425   0.00000000    -0.00333100   0.00000000    -0.00009044   0.00000000
  0.00003877   0.00000000     0.00011175   0.00000000     0.00426636   0.00000000
    2    5
  0.00501942   0.00000000    -0.01126469   0.00000000    -0.00027695   0.00000000
 -0.00932880   0.00000000    -0.01144786   0.00000000     0.00001969   0.00000000
  0.00001068   0.00000000    -0.00007892   0.00000000    -0.02637405   0.00000000
    2    6
  0.00501942   0.00000000    -0.01126469   0.00000000     0.00027695   0.00000000
 -0.00932880   0.00000000    -0.01144786   0.00000000    -0.00001969   0.00000000
 -0.00001068   0.00000000     0.00007892   0.00000000    -0.02637405   0.00000000
    2    7
  0.00615939   0.00000000    -0.00218299   0.00000000    -0.00011762   0.00000000
 -0.00191994   0.00000000     0.00024307   0.00000000     0.00025421   0.00000000
  0.00000153   0.00000000    -0.00010747   0.00000000    -0.00189659   0.00000000
    2    8
  0.00615939   0.00000000    -0.00218299   0.00000000     0.00011762   0.00000000
 -0.00191994   0.00000000     0.00024307   0.00000000    -0.00025421   0.00000000
 -0.00000153   0.00000000     0.00010747   0.00000000    -0.00189659   0.00000000
    2    9
 -0.00742796   0.00000000     0.00355164   0.00000000     0.00011060   0.00000000
 -0.00097744   0.00000000    -0.00508203   0.00000000    -0.00022336   0.00000000
  0.00004655   0.00000000     0.00006881   0.00000000    -0.00586495   0.00000000
    2   10
 -0.00742796   0.00000000     0.00355164   0.00000000    -0.00011060   0.00000000
 -0.00097744   0.00000000    -0.00508203   0.00000000     0.00022336   0.00000000
 -0.00004655   0.00000000    -0.00006881   0.00000000    -0.00586495   0.00000000
    2   11
  0.00416324   0.00000000    -0.00452303   0.00000000     0.00008963   0.00000000
  0.00000230   0.00000000     0.00125524   0.00000000     0.00010848   0.00000000
  0.00017914   0.00000000     0.00005836   0.00000000    -0.00108118   0.00000000
    2   12
  0.00416324   0.00000000    -0.00452303   0.00000000    -0.00008963   0.00000000
  0.00000230   0.00000000     0.00125524   0.00000000    -0.00010848   0.00000000
 -0.00017914   0.00000000    -0.00005836   0.00000000    -0.00108118   0.00000000
    2   13
 -0.00658909   0.00000000     0.00038877   0.00000000    -0.00003922   0.00000000
  0.00452553   0.00000000    -0.00497486   0.00000000     0.00004611   0.00000000
  0.00019518   0.00000000    -0.00004120   0.00000000    -0.00235278   0.00000000
    2   14
 -0.00658909   0.00000000     0.00038877   0.00000000     0.00003922   0.00000000
  0.00452553   0.00000000    -0.00497486   0.00000000    -0.00004611   0.00000000
 -0.00019518   0.00000000     0.00004120   0.00000000    -0.00235278   0.00000000
    2   15
 -0.00312672   0.00000000     0.00048094   0.00000000    -0.00117190   0.00000000
  0.00187474   0.00000000     0.00100878   0.00000000    -0.00030775   0.00000000
 -0.00210732   0.00000000     0.00010738   0.00000000    -0.00316430   0.00000000
    2   16
 -0.00312672   0.00000000     0.00048094   0.00000000     0.00117190   0.00000000
  0.00187474   0.00000000     0.00100878   0.00000000     0.00030775   0.00000000
  0.00210732   0.00000000    -0.00010738   0.00000000    -0.00316430   0.00000000
    2   17
 -0.00243380   0.00000000     0.00089518   0.00000000     0.00100533   0.00000000
  0.00126933   0.00000000    -0.00242392   0.00000000     0.00258000   0.00000000
 -0.00096332   0.00000000    -0.00044761   0.00000000     0.00245255   0.00000000
    2   18
 -0.00243380   0.00000000     0.00089518   0.00000000    -0.00100533   0.00000000
  0.00126933   0.00000000    -0.00242392   0.00000000    -0.00258000   0.00000000
  0.00096332   0.00000000     0.00044761   0.00000000     0.00245255   0.00000000
    2   19
 -0.00348267   0.00000000     0.00041296   0.00000000    -0.00075759   0.00000000
  0.00224890   0.00000000     0.00091282   0.00000000    -0.00051318   0.00000000
 -0.00198892   0.00000000     0.00039192   0.00000000    -0.00326829   0.00000000
    2   20
 -0.00348267   0.00000000     0.00041296   0.00000000     0.00075759   0.00000000
  0.00224890   0.00000000     0.00091282   0.00000000     0.00051318   0.00000000
  0.00198892   0.00000000    -0.00039192   0.00000000    -0.00326829   0.00000000
    2   21
 -0.00242095   0.00000000     0.00064523   0.00000000     0.00084593   0.00000000
  0.00159248   0.00000000    -0.00228228   0.00000000     0.00286684   0.00000000
 -0.00079559   0.00000000    -0.00061593   0.00000000     0.00258747   0.00000000
    2   22
 -0.00242095   0.00000000     0.00064523   0.00000000    -0.00084593   0.00000000
  0.00159248   0.00000000    -0.00228228   0.00000000    -0.00286684   0.00000000
  0.00079559   0.00000000     0.00061593   0.00000000     0.00258747   0.00000000
    3    1
  0.00501942   0.00000000     0.00932880   0.00000000    -0.00001068   0.00000000
  0.01126469   0.00000000    -0.01144786   0.00000000    -0.00007892   0.00000000
  0.00027695   0.00000000     0.00001969   0.00000000    -0.02637405   0.00000000
    3    2
 -0.01288740   0.00000000     0.00365425   0.00000000    -0.00003877   0.00000000
  0.00715022   0.00000000    -0.00333100   0.00000000    -0.00011175   0.00000000
  0.00031141   0.00000000     0.00009044   0.00000000     0.00426636   0.00000000
    3    3
  0.59386204   0.00000000    -0.01958093   0.00000000    -0.00004818   0.00000000
 -0.01958093   0.00000000     0.59662545   0.00000000     0.00008681   0.00000000
 -0.00004818   0.00000000     0.00008681   0.00000000     0.64623348   0.00000000
    3    4
  0.00014469   0.00000000     0.00113472   0.00000000    -0.00010020   0.00000000
  0.00113472   0.00000000    -0.00136660   0.00000000    -0.00012495   0.00000000
  0.00010020   0.00000000     0.00012495   0.00000000    -0.00130619   0.00000000
    3    5
  0.00156218   0.00000000    -0.00020516   0.00000000    -0.00002362   0.00000000
  0.00020516   0.00000000     0.00158748   0.00000000    -0.00006501   0.00000000
  0.00002362   0.00000000    -0.00006501   0.00000000     0.00085663   0.00000000
    3    6
  0.00053771   0.00000000     0.00085446   0.00000000    -0.00011265   0.00000000
 -0.00085446   0.00000000     0.00210491   0.00000000     0.00002400   0.00000000
 -0.00011265   0.00000000    -0.00002400   0.00000000     0.00237658   0.00000000
    3    7
 -0.33552533   0.00000000     0.04485298   0.00000000    -0.00001754   0.00000000
  0.04117306   0.00000000    -0.05335965   0.00000000    -0.00004744   0.00000000
  0.00002427   0.00000000    -0.00003170   0.00000000    -0.04912903   0.00000000
    3    8
 -0.00159066   0.00000000     0.00058876   0.00000000     0.00002283   0.00000000
  0.00088753   0.00000000    -0.00090407   0.00000000    -0.00001164   0.00000000
 -0.00003990   0.00000000     0.00001807   0.00000000    -0.00064555   0.00000000
    3    9
 -0.00233212   0.00000000     0.00028904   0.00000000     0.00004006   0.00000000
 -0.00125195   0.00000000    -0.00013468   0.00000000    -0.00003450   0.00000000
  0.00001645   0.00000000     0.00001640   0.00000000    -0.00196198   0.00000000
    3   10
  0.00086672   0.00000000    -0.00004228   0.00000000     0.00000657   0.00000000
  0.00038087   0.00000000     0.00015047   0.00000000    -0.00007101   0.00000000
  0.00005137   0.00000000     0.00000894   0.00000000    -0.00006825   0.00000000
    3   11
 -0.11882223   0.00000000    -0.11942303   0.00000000     0.00005396   0.00000000
 -0.11801123   0.00000000    -0.26229124   0.00000000     0.00011950   0.00000000
 -0.00001087   0.00000000     0.00001528   0.00000000    -0.05354763   0.00000000
    3   12
 -0.00090094   0.00000000    -0.00007444   0.00000000     0.00005673   0.00000000
 -0.00022206   0.00000000    -0.00151997   0.00000000     0.00008151   0.00000000
 -0.00001224   0.00000000     0.00004380   0.00000000    -0.00080821   0.00000000
    3   13
 -0.00081789   0.00000000     0.00012149   0.00000000     0.00004926   0.00000000
 -0.00092168   0.00000000     0.00001688   0.00000000     0.00006300   0.00000000
  0.00007033   0.00000000    -0.00002269   0.00000000     0.00010769   0.00000000
    3   14
  0.00005302   0.00000000     0.00018619   0.00000000     0.00002643   0.00000000
  0.00117549   0.00000000    -0.00091655   0.00000000     0.00009229   0.00000000
 -0.00007730   0.00000000     0.00001369   0.00000000    -0.00163757   0.00000000
    3   15
 -0.06264987   0.00000000     0.03922067   0.00000000     0.05492500   0.00000000
  0.03941686   0.00000000    -0.13057086   0.00000000    -0.12720874   0.00000000
  0.05499951   0.00000000    -0.12700028   0.00000000    -0.25727554   0.00000000
    3   16
 -0.00105915   0.00000000     0.00021861   0.00000000    -0.00025455   0.00000000
  0.00024739   0.00000000    -0.00090428   0.00000000    -0.00006000   0.00000000
 -0.00020086   0.00000000     0.00024820   0.00000000    -0.00040888   0.00000000
    3   17
 -0.00071354   0.00000000     0.00010574   0.00000000    -0.00066920   0.00000000
 -0.00067985   0.00000000    -0.00044830   0.00000000    -0.00037051   0.00000000
 -0.00004548   0.00000000    -0.00021095   0.00000000    -0.00072472   0.00000000
    3   18
 -0.00011404   0.00000000    -0.00055064   0.00000000     0.00042933   0.00000000
 -0.00028568   0.00000000    -0.00067487   0.00000000     0.00076161   0.00000000
  0.00029100   0.00000000     0.00013122   0.00000000    -0.00066063   0.00000000
    3   19
 -0.00103527   0.00000000     0.00026860   0.00000000     0.00026635   0.00000000
  0.00026067   0.00000000    -0.00086327   0.00000000     0.00017864   0.00000000
  0.00036723   0.00000000    -0.00021602   0.00000000    -0.00059344   0.00000000
    3   20
 -0.06264848   0.00000000     0.03926017   0.00000000    -0.05490206   0.00000000
  0.03931822   0.00000000    -0.13053343   0.00000000     0.12720269   0.00000000
 -0.05500723   0.00000000     0.12698058   0.00000000    -0.25727675   0.00000000
    3   21
 -0.00019871   0.00000000    -0.00053477   0.00000000    -0.00048726   0.00000000
 -0.00032282   0.00000000    -0.00067432   0.00000000    -0.00075109   0.00000000
 -0.00024924   0.00000000    -0.00018250   0.00000000    -0.00061265   0.00000000
    3   22
 -0.00075845   0.00000000     0.00016087   0.00000000     0.00068713   0.00000000
 -0.00073008   0.00000000    -0.00048142   0.00000000     0.00049323   0.00000000
  0.00006057   0.00000000     0.00022282   0.00000000    -0.00077876   0.00000000
    4    1
  0.00501942   0.00000000     0.00932880   0.00000000     0.00001068   0.00000000
  0.01126469   0.00000000    -0.01144786   0.00000000     0.00007892   0.00000000
 -0.00027695   0.00000000    -0.00001969   0.00000000    -0.02637405   0.00000000
    4    2
 -0.01288740   0.00000000     0.00365425   0.00000000     0.00003877   0.00000000
  0.00715022   0.00000000    -0.00333100   0.00000000     0.00011175   0.00000000
 -0.00031141   0.00000000    -0.00009044   0.00000000     0.00426636   0.00000000
    4    3
  0.00014469   0.00000000     0.00113472   0.00000000     0.00010020   0.00000000
  0.00113472   0.00000000    -0.00136660   0.00000000     0.00012495   0.00000000
 -0.00010020   0.00000000    -0.00012495   0.00000000    -0.00130619   0.00000000
    4    4
  0.59386204   0.00000000    -0.01958093   0.00000000     0.00004818   0.00000000
 -0.01958093   0.00000000     0.59662545   0.00000000    -0.00008681   0.00000000
  0.00004818   0.00000000    -0.00008681   0.00000000     0.64623348   0.00000000
    4    5
  0.00053771   0.00000000     0.00085446   0.00000000     0.00011265   0.00000000
 -0.00085446   0.00000000     0.00210491   0.00000000    -0.00002400   0.00000000
  0.00011265   0.00000000     0.00002400   0.00000000     0.00237658   0.00000000
    4    6
  0.00156218   0.00000000    -0.00020516   0.00000000     0.00002362   0.00000000
  0.00020516   0.00000000     0.00158748   0.00000000     0.00006501   0.00000000
 -0.00002362   0.00000000     0.00006501   0.00000000     0.00085663   0.00000000
    4    7
 -0.00159066   0.00000000     0.00058876   0.00000000    -0.00002283   0.00000000
  0.00088753   0.00000000    -0.00090407   0.00000000     0.00001164   0.00000000
  0.00003990   0.00000000    -0.00001807   0.00000000    -0.00064555   0.00000000
    4    8
 -0.33552533   0.00000000     0.04485298   0.00000000     0.00001754   0.00000000
  0.04117306   0.00000000    -0.05335965   0.00000000     0.00004744   0.00000000
 -0.00002427   0.00000000     0.00003170   0.00000000    -0.04912903   0.00000000
    4    9
  0.00086672   0.00000000    -0.00004228   0.00000000    -0.00000657   0.00000000
  0.00038087   0.00000000     0.00015047   0.00000000     0.00007101   0.00000000
 -0.00005137   0.00000000    -0.00000894   0.00000000    -0.00006825   0.00000000
    4   10
 -0.00233212   0.00000000     0.00028904   0.00000000    -0.00004006   0.00000000
 -0.00125195   0.00000000    -0.00013468   0.00000000     0.00003450   0.00000000
 -0.00001645   0.00000000    -0.00001640   0.00000000    -0.00196198   0.00000000
    4   11
 -0.00090094   0.00000000    -0.00007444   0.00000000    -0.00005673   0.00000000
 -0.00022206   0.00000000    -0.00151997   0.00000000    -0.00008151   0.00000000
  0.00001224   0.00000000    -0.00004380   0.00000000    -0.00080821   0.00000000
    4   12
 -0.11882223   0.00000000    -0.11942303   0.00000000    -0.00005396   0.00000000
 -0.11801123   0.00000000    -0.26229124   0.00000000    -0.00011950   0.00000000
  0.00001087   0.00000000    -0.00001528   0.00000000    -0.05354763   0.00000000
    4   13
  0.00005302   0.00000000     0.00018619   0.00000000    -0.00002643   0.00000000
  0.00117549   0.00000000    -0.00091655   0.00000000    -0.00009229   0.00000000
  0.00007730   0.00000000    -0.00001369   0.00000000    -0.00163757   0.00000000
    4   14
 -0.00081789   0.00000000     0.00012149   0.00000000    -0.00004926   0.00000000
 -0.00092168   0.00000000     0.00001688   0.00000000    -0.00006300   0.00000000
 -0.00007033   0.00000000     0.00002269   0.00000000     0.00010769   0.00000000
    4   15
 -0.00105915   0.00000000     0.00021861   0.00000000     0.00025455   0.00000000
  0.00024739   0.00000000    -0.00090428   0.00000000     0.00006000   0.00000000
  0.00020086   0.00000000    -0.00024820   0.00000000    -0.00040888   0.00000000
    4   16
 -0.06264987   0.00000000     0.03922067   0.00000000    -0.05492500   0.00000000
  0.03941686   0.00000000    -0.13057086   0.00000000     0.12720874   0.00000000
 -0.05499951   0.00000000     0.12700028   0.00000000    -0.25727554   0.00000000
    4   17
 -0.00011404   0.00000000    -0.00055064   0.00000000    -0.00042933   0.00000000
 -0.00028568   0.00000000    -0.00067487   0.00000000    -0.00076161   0.00000000
 -0.00029100   0.00000000    -0.00013122   0.00000000    -0.00066063   0.00000000
    4   18
 -0.00071354   0.00000000     0.00010574   0.00000000     0.00066920   0.00000000
 -0.00067985   0.00000000    -0.00044830   0.00000000     0.00037051   0.00000000
  0.00004548   0.00000000     0.00021095   0.00000000    -0.00072472   0.00000000
    4   19
 -0.06264848   0.00000000     0.03926017   0.00000000     0.05490206   0.00000000
  0.03931822   0.00000000    -0.13053343   0.00000000    -0.12720269   0.00000000
  0.05500723   0.00000000    -0.12698058   0.00000000    -0.25727675   0.00000000
    4   20
 -0.00103527   0.00000000     0.00026860   0.00000000    -0.00026635   0.00000000
  0.00026067   0.00000000    -0.00086327   0.00000000    -0.00017864   0.00000000
 -0.00036723   0.00000000     0.00021602   0.00000000    -0.00059344   0.00000000
    4   21
 -0.00075845   0.00000000     0.00016087   0.00000000    -0.00068713   0.00000000
 -0.00073008   0.00000000    -0.00048142   0.00000000    -0.00049323   0.00000000
 -0.00006057   0.00000000    -0.00022282   0.00000000    -0.00077876   0.00000000
    4   22
 -0.00019871   0.00000000    -0.00053477   0.00000000     0.00048726   0.00000000
 -0.00032282   0.00000000    -0.00067432   0.00000000     0.00075109   0.00000000
  0.00024924   0.00000000     0.00018250   0.00000000    -0.00061265   0.00000000
    5    1
 -0.01288740   0.00000000    -0.00365425   0.00000000     0.00003877   0.00000000
 -0.00715022   0.00000000    -0.00333100   0.00000000    -0.00011175   0.00000000
 -0.00031141   0.00000000     0.00009044   0.00000000     0.00426636   0.00000000
    5    2
  0.00501942   0.00000000    -0.00932880   0.00000000     0.00001068   0.00000000
 -0.01126469   0.00000000    -0.01144786   0.00000000    -0.00007892   0.00000000
 -0.00027695   0.00000000     0.00001969   0.00000000    -0.02637405   0.00000000
    5    3
  0.00156218   0.00000000     0.00020516   0.00000000     0.00002362   0.00000000
 -0.00020516   0.00000000     0.00158748   0.00000000    -0.00006501   0.00000000
 -0.00002362   0.00000000    -0.00006501   0.00000000     0.00085663   0.00000000
    5    4
  0.00053771   0.00000000    -0.00085446   0.00000000     0.00011265   0.00000000
  0.00085446   0.00000000     0.00210491   0.00000000     0.00002400   0.00000000
  0.00011265   0.00000000    -0.00002400   0.00000000     0.00237658   0.00000000
    5    5
  0.59386204   0.00000000     0.01958093   0.00000000     0.00004818   0.00000000
  0.01958093   0.00000000     0.59662545   0.00000000     0.00008681   0.00000000
  0.00004818   0.00000000     0.00008681   0.00000000     0.64623348   0.00000000
    5    6
  0.00014469   0.00000000    -0.00113472   0.00000000     0.00010020   0.00000000
 -0.00113472   0.00000000    -0.00136660   0.00000000    -0.00012495   0.00000000
 -0.00010020   0.00000000     0.00012495   0.00000000    -0.00130619   0.00000000
    5    7
 -0.00233212   0.00000000    -0.00028904   0.00000000    -0.00004006   0.00000000
  0.00125195   0.00000000    -0.00013468   0.00000000    -0.00003450   0.00000000
 -0.00001645   0.00000000     0.00001640   0.00000000    -0.00196198   0.00000000
    5    8
  0.00086672   0.00000000     0.00004228   0.00000000    -0.00000657   0.00000000
 -0.00038087   0.00000000     0.00015047   0.00000000    -0.00007101   0.00000000
 -0.00005137   0.00000000     0.00000894   0.00000000    -0.00006825   0.00000000
    5    9
 -0.33552533   0.00000000    -0.04485298   0.00000000     0.00001754   0.00000000
 -0.04117306   0.00000000    -0.05335965   0.00000000    -0.00004744   0.00000000
 -0.00002427   0.00000000    -0.00003170   0.00000000    -0.04912903   0.00000000
    5   10
 -0.00159066   0.00000000    -0.00058876   0.00000000    -0.00002283   0.00000000
 -0.00088753   0.00000000    -0.00090407   0.00000000    -0.00001164   0.00000000
  0.00003990   0.00000000     0.00001807   0.00000000    -0.00064555   0.00000000
    5   11
 -0.00081789   0.00000000    -0.00012149   0.00000000    -0.00004926   0.00000000
  0.00092168   0.00000000     0.00001688   0.00000000     0.00006300   0.00000000
 -0.00007033   0.00000000    -0.00002269   0.00000000     0.00010769   0.00000000
    5   12
  0.00005302   0.00000000    -0.00018619   0.00000000    -0.00002643   0.00000000
 -0.00117549   0.00000000    -0.00091655   0.00000000     0.00009229   0.00000000
  0.00007730   0.00000000     0.00001369   0.00000000    -0.00163757   0.00000000
    5   13
 -0.11882223   0.00000000     0.11942303   0.00000000    -0.00005396   0.00000000
  0.11801123   0.00000000    -0.26229124   0.00000000     0.00011950   0.00000000
  0.00001087   0.00000000     0.00001528   0.00000000    -0.05354763   0.00000000
    5   14
 -0.00090094   0.00000000     0.00007444   0.00000000    -0.00005673   0.00000000
  0.00022206   0.00000000    -0.00151997   0.00000000     0.00008151   0.00000000
  0.00001224   0.00000000     0.00004380   0.00000000    -0.00080821   0.00000000
    5   15
 -0.00071354   0.00000000    -0.00010574   0.00000000     0.00066920   0.00000000
  0.00067985   0.00000000    -0.00044830   0.00000000    -0.00037051   0.00000000
  0.00004548   0.00000000    -0.00021095   0.00000000    -0.00072472   0.00000000
    5   16
 -0.00011404   0.00000000     0.00055064   0.00000000    -0.00042933   0.00000000
  0.00028568   0.00000000    -0.00067487   0.00000000     0.00076161   0.00000000
 -0.00029100   0.00000000     0.00013122   0.00000000    -0.00066063   0.00000000
    5   17
 -0.06264987   0.00000000    -0.03922067   0.00000000    -0.05492500   0.00000000
 -0.03941686   0.00000000    -0.13057086   0.00000000    -0.12720874   0.00000000
 -0.05499951   0.00000000    -0.12700028   0.00000000    -0.25727554   0.00000000
    5   18
 -0.00105915   0.00000000    -0.00021861   0.00000000     0.00025455   0.00000000
 -0.00024739   0.00000000    -0.00090428   0.00000000    -0.00006000   0.00000000
  0.00020086   0.00000000     0.00024820   0.00000000    -0.00040888   0.00000000
    5   19
 -0.00019871   0.00000000     0.00053477   0.00000000     0.00048726   0.00000000
  0.00032282   0.00000000    -0.00067432   0.00000000    -0.00075109   0.00000000
  0.00024924   0.00000000    -0.00018250   0.00000000    -0.00061265   0.00000000
    5   20
 -0.00075845   0.00000000    -0.00016087   0.00000000    -0.00068713   0.00000000
  0.00073008   0.00000000    -0.00048142   0.00000000     0.00049323   0.00000000
 -0.00006057   0.00000000     0.00022282   0.00000000    -0.00077876   0.00000000
    5   21
 -0.00103527   0.00000000    -0.00026860   0.00000000    -0.00026635   0.00000000
 -0.00026067   0.00000000    -0.00086327   0.00000000     0.00017864   0.00000000
 -0.00036723   0.00000000    -0.00021602   0.00000000    -0.00059344   0.00000000
    5   22
 -0.06264848   0.00000000    -0.03926017   0.00000000     0.05490206   0.00000000
 -0.03931822   0.00000000    -0.13053343   0.00000000     0.12720269   0.00000000
  0.05500723   0.00000000     0.12698058   0.00000000    -0.25727675   0.00000000
    6    1
 -0.01288740   0.00000000    -0.00365425   0.00000000    -0.00003877   0.00000000
 -0.00715022   0.00000000    -0.00333100   0.00000000     0.00011175   0.00000000
  0.00031141   0.00000000    -0.00009044   0.00000000     0.00426636   0.00000000
    6    2
  0.00501942   0.00000000    -0.00932880   0.00000000    -0.00001068   0.00000000
 -0.01126469   0.00000000    -0.01144786   0.00000000     0.00007892   0.00000000
  0.00027695   0.00000000    -0.00001969   0.00000000    -0.02637405   0.00000000
    6    3
  0.00053771   0.00000000    -0.00085446   0.00000000    -0.00011265   0.00000000
  0.00085446   0.00000000     0.00210491   0.00000000    -0.00002400   0.00000000
 -0.00011265   0.00000000     0.00002400   0.00000000     0.00237658   0.00000000
    6    4
  0.00156218   0.00000000     0.00020516   0.00000000    -0.00002362   0.00000000
 -0.00020516   0.00000000     0.00158748   0.00000000     0.00006501   0.00000000
  0.00002362   0.00000000     0.00006501   0.00000000     0.00085663   0.00000000
    6    5
  0.00014469   0.00000000    -0.00113472   0.00000000    -0.00010020   0.00000000
 -0.00113472   0.00000000    -0.00136660   0.00000000     0.00012495   0.00000000
  0.00010020   0.00000000    -0.00012495   0.00000000    -0.00130619   0.00000000
    6    6
  0.59386204   0.00000000     0.01958093   0.00000000    -0.00004818   0.00000000
  0.01958093   0.00000000     0.59662545   0.00000000    -0.00008681   0.00000000
 -0.00004818   0.00000000    -0.00008681   0.00000000     0.64623348   0.00000000
    6    7
  0.00086672   0.00000000     0.00004228   0.00000000     0.00000657   0.00000000
 -0.00038087   0.00000000     0.00015047   0.00000000     0.00007101   0.00000000
  0.00005137   0.00000000    -0.00000894   0.00000000    -0.00006825   0.00000000
    6    8
 -0.00233212   0.00000000    -0.00028904   0.00000000     0.00004006   0.00000000
  0.00125195   0.00000000    -0.00013468   0.00000000     0.00003450   0.00000000
  0.00001645   0.00000000    -0.00001640   0.00000000    -0.00196198   0.00000000
    6    9
 -0.00159066   0.00000000    -0.00058876   0.00000000     0.00002283   0.00000000
 -0.00088753   0.00000000    -0.00090407   0.00000000     0.00001164   0.00000000
 -0.00003990   0.00000000    -0.00001807   0.00000000    -0.00064555   0.00000000
    6   10
 -0.33552533   0.00000000    -0.04485298   0.00000000    -0.00001754   0.00000000
 -0.04117306   0.00000000    -0.05335965   0.00000000     0.00004744   0.00000000
  0.00002427   0.00000000     0.00003170   0.00000000    -0.04912903   0.00000000
    6   11
  0.00005302   0.00000000    -0.00018619   0.00000000     0.00002643   0.00000000
 -0.00117549   0.00000000    -0.00091655   0.00000000    -0.00009229   0.00000000
 -0.00007730   0.00000000    -0.00001369   0.00000000    -0.00163757   0.00000000
    6   12
 -0.00081789   0.00000000    -0.00012149   0.00000000     0.00004926   0.00000000
  0.00092168   0.00000000     0.00001688   0.00000000    -0.00006300   0.00000000
  0.00007033   0.00000000     0.00002269   0.00000000     0.00010769   0.00000000
    6   13
 -0.00090094   0.00000000     0.00007444   0.00000000     0.00005673   0.00000000
  0.00022206   0.00000000    -0.00151997   0.00000000    -0.00008151   0.00000000
 -0.00001224   0.00000000    -0.00004380   0.00000000    -0.00080821   0.00000000
    6   14
 -0.11882223   0.00000000     0.11942303   0.00000000     0.00005396   0.00000000
  0.11801123   0.00000000    -0.26229124   0.00000000    -0.00011950   0.00000000
 -0.00001087   0.00000000    -0.00001528   0.00000000    -0.05354763   0.00000000
    6   15
 -0.00011404   0.00000000     0.00055064   0.00000000     0.00042933   0.00000000
  0.00028568   0.00000000    -0.00067487   0.00000000    -0.00076161   0.00000000
  0.00029100   0.00000000    -0.00013122   0.00000000    -0.00066063   0.00000000
    6   16
 -0.00071354   0.00000000    -0.00010574   0.00000000    -0.00066920   0.00000000
  0.00067985   0.00000000    -0.00044830   0.00000000     0.00037051   0.00000000
 -0.00004548   0.00000000     0.00021095   0.00000000    -0.00072472   0.00000000
    6   17
 -0.00105915   0.00000000    -0.00021861   0.00000000    -0.00025455   0.00000000
 -0.00024739   0.00000000    -0.00090428   0.00000000     0.00006000   0.00000000
 -0.00020086   0.00000000    -0.00024820   0.00000000    -0.00040888   0.00000000
    6   18
 -0.06264987   0.00000000    -0.03922067   0.00000000     0.05492500   0.00000000
 -0.03941686   0.00000000    -0.13057086   0.00000000     0.12720874   0.00000000
  0.05499951   0.00000000     0.12700028   0.00000000    -0.25727554   0.00000000
    6   19
 -0.00075845   0.00000000    -0.00016087   0.00000000     0.00068713   0.00000000
  0.00073008   0.00000000    -0.00048142   0.00000000    -0.00049323   0.00000000
  0.00006057   0.00000000    -0.00022282   0.00000000    -0.00077876   0.00000000
    6   20
 -0.00019871   0.00000000     0.00053477   0.00000000    -0.00048726   0.00000000
  0.00032282   0.00000000    -0.00067432   0.00000000     0.00075109   0.00000000
 -0.00024924   0.00000000     0.00018250   0.00000000    -0.00061265   0.00000000
    6   21
 -0.06264848   0.00000000    -0.03926017   0.00000000    -0.05490206   0.00000000
 -0.03931822   0.00000000    -0.13053343   0.00000000    -0.12720269   0.00000000
 -0.05500723   0.00000000    -0.12698058   0.00000000    -0.25727675   0.00000000
    6   22
 -0.00103527   0.00000000    -0.00026860   0.00000000     0.00026635   0.00000000
 -0.00026067   0.00000000    -0.00086327   0.00000000    -0.00017864   0.00000000
  0.00036723   0.00000000     0.00021602   0.00000000    -0.00059344   0.00000000
    7    1
 -0.00742796   0.00000000     0.00097744   0.00000000    -0.00004655   0.00000000
 -0.00355164   0.00000000    -0.00508203   0.00000000     0.00006881   0.00000000
 -0.00011060   0.00000000    -0.00022336   0.00000000    -0.00586495   0.00000000
    7    2
  0.00615939   0.00000000    -0.00191994   0.00000000     0.00000153   0.00000000
 -0.00218299   0.00000000     0.00024307   0.00000000    -0.00010747   0.00000000
 -0.00011762   0.00000000     0.00025421   0.00000000    -0.00189659   0.00000000
    7    3
 -0.33552533   0.00000000     0.04117306   0.00000000     0.00002427   0.00000000
  0.04485298   0.00000000    -0.05335965   0.00000000    -0.00003170   0.00000000
 -0.00001754   0.00000000    -0.00004744   0.00000000    -0.04912903   0.00000000
    7    4
 -0.00159066   0.00000000     0.00088753   0.00000000     0.00003990   0.00000000
  0.00058876   0.00000000    -0.00090407   0.00000000    -0.00001807   0.00000000
 -0.00002283   0.00000000     0.00001164   0.00000000    -0.00064555   0.00000000
    7    5
 -0.00233212   0.00000000     0.00125195   0.00000000    -0.00001645   0.00000000
 -0.00028904   0.00000000    -0.00013468   0.00000000     0.00001640   0.00000000
 -0.00004006   0.00000000    -0.00003450   0.00000000    -0.00196198   0.00000000
    7    6
  0.00086672   0.00000000    -0.00038087   0.00000000     0.00005137   0.00000000
  0.00004228   0.00000000     0.00015047   0.00000000    -0.00000894   0.00000000
  0.00000657   0.00000000     0.00007101   0.00000000    -0.00006825   0.00000000
    7    7
  0.37918412   0.00000000    -0.04862070   0.00000000     0.00002088   0.00000000
 -0.04862070   0.00000000     0.06494274   0.00000000    -0.00002252   0.00000000
  0.00002088   0.00000000    -0.00002252   0.00000000     0.06268431   0.00000000
    7    8
 -0.00004376   0.00000000    -0.00003044   0.00000000     0.00008637   0.00000000
 -0.00003044   0.00000000    -0.00002036   0.00000000    -0.00003145   0.00000000
 -0.00008637   0.00000000     0.00003145   0.00000000    -0.00022211   0.00000000
    7    9
 -0.00196049   0.00000000    -0.00043252   0.00000000     0.00004804   0.00000000
  0.00043252   0.00000000     0.00000350   0.00000000    -0.00002190   0.00000000
 -0.00004804   0.00000000    -0.00002190   0.00000000    -0.00016827   0.00000000
    7   10
 -0.00031639   0.00000000     0.00007321   0.00000000    -0.00003647   0.00000000
 -0.00007321   0.00000000    -0.00027174   0.00000000     0.00000005   0.00000000
 -0.00003647   0.00000000    -0.00000005   0.00000000     0.00003780   0.00000000
    7   11
 -0.01794473   0.00000000     0.00277995   0.00000000    -0.00002758   0.00000000
 -0.03130364   0.00000000     0.00424675   0.00000000     0.00002445   0.00000000
  0.00001339   0.00000000    -0.00002135   0.00000000    -0.00259765   0.00000000
    7   12
  0.00033379   0.00000000     0.00078193   0.00000000    -0.00004376   0.00000000
  0.00062353   0.00000000    -0.00081643   0.00000000     0.00004007   0.00000000
  0.00001157   0.00000000     0.00006290   0.00000000    -0.00015020   0.00000000
    7   13
 -0.00067751   0.00000000     0.00008684   0.00000000     0.00004766   0.00000000
  0.00009653   0.00000000     0.00005149   0.00000000     0.00001017   0.00000000
  0.00002907   0.00000000    -0.00003656   0.00000000     0.00001831   0.00000000
    7   14
 -0.00030641   0.00000000     0.00011424   0.00000000     0.00005955   0.00000000
  0.00010538   0.00000000    -0.00055578   0.00000000     0.00001362   0.00000000
  0.00000991   0.00000000    -0.00000728   0.00000000     0.00007316   0.00000000
    7   15
 -0.00764184   0.00000000     0.00078041   0.00000000     0.00056856   0.00000000
  0.01941773   0.00000000    -0.00364480   0.00000000     0.00065712   0.00000000
  0.02996967   0.00000000    -0.00426291   0.00000000     0.00019388   0.00000000
    7   16
 -0.00012725   0.00000000     0.00088815   0.00000000    -0.00018421   0.00000000
  0.00011894   0.00000000    -0.00031673   0.00000000     0.00014837   0.00000000
 -0.00007763   0.00000000     0.00016288   0.00000000     0.00011192   0.00000000
    7   17
 -0.00136656   0.00000000    -0.00034935   0.00000000    -0.00054360   0.00000000
  0.00030189   0.00000000     0.00029317   0.00000000     0.00005721   0.00000000
 -0.00045068   0.00000000     0.00036028   0.00000000    -0.00008522   0.00000000
    7   18
 -0.00004992   0.00000000     0.00020632   0.00000000     0.00002177   0.00000000
 -0.00025290   0.00000000    -0.00055290   0.00000000     0.00027380   0.00000000
 -0.00000060   0.00000000     0.00013118   0.00000000    -0.00013197   0.00000000
    7   19
 -0.00013157   0.00000000     0.00089770   0.00000000     0.00016259   0.00000000
  0.00015217   0.00000000    -0.00031672   0.00000000    -0.00014248   0.00000000
  0.00013571   0.00000000    -0.00021439   0.00000000    -0.00004535   0.00000000
    7   20
 -0.00771988   0.00000000     0.00081361   0.00000000    -0.00057518   0.00000000
  0.01942529   0.00000000    -0.00365699   0.00000000    -0.00062552   0.00000000
 -0.02993824   0.00000000     0.00421654   0.00000000     0.00020346   0.00000000
    7   21
 -0.00000590   0.00000000     0.00014717   0.00000000    -0.00008919   0.00000000
 -0.00026075   0.00000000    -0.00052384   0.00000000    -0.00022540   0.00000000
  0.00008263   0.00000000    -0.00008380   0.00000000    -0.00004364   0.00000000
    7   22
 -0.00142716   0.00000000    -0.00030775   0.00000000     0.00061574   0.00000000
  0.00032124   0.00000000     0.00028568   0.00000000    -0.00005507   0.00000000
  0.00046750   0.00000000    -0.00030006   0.00000000    -0.00018989   0.00000000
    8    1
 -0.00742796   0.00000000     0.00097744   0.00000000     0.00004655   0.00000000
 -0.00355164   0.00000000    -0.00508203   0.00000000    -0.00006881   0.00000000
  0.00011060   0.00000000     0.00022336   0.00000000    -0.00586495   0.00000000
    8    2
  0.00615939   0.00000000    -0.00191994   0.00000000    -0.00000153   0.00000000
 -0.00218299   0.00000000     0.00024307   0.00000000     0.00010747   0.00000000
  0.00011762   0.00000000    -0.00025421   0.00000000    -0.00189659   0.00000000
    8    3
 -0.00159066   0.00000000     0.00088753   0.00000000    -0.00003990   0.00000000
  0.00058876   0.00000000    -0.00090407   0.00000000     0.00001807   0.00000000
  0.00002283   0.00000000    -0.00001164   0.00000000    -0.00064555   0.00000000
    8    4
 -0.33552533   0.00000000     0.04117306   0.00000000    -0.00002427   0.00000000
  0.04485298   0.00000000    -0.05335965   0.00000000     0.00003170   0.00000000
  0.00001754   0.00000000     0.00004744   0.00000000    -0.04912903   0.00000000
    8    5
  0.00086672   0.00000000    -0.00038087   0.00000000    -0.00005137   0.00000000
  0.00004228   0.00000000     0.00015047   0.00000000     0.00000894   0.00000000
 -0.00000657   0.00000000    -0.00007101   0.00000000    -0.00006825   0.00000000
    8    6
 -0.00233212   0.00000000     0.00125195   0.00000000     0.00001645   0.00000000
 -0.00028904   0.00000000    -0.00013468   0.00000000    -0.00001640   0.00000000
  0.00004006   0.00000000     0.00003450   0.00000000    -0.00196198   0.00000000
    8    7
 -0.00004376   0.00000000    -0.00003044   0.00000000    -0.00008637   0.00000000
 -0.00003044   0.00000000    -0.00002036   0.00000000     0.00003145   0.00000000
  0.00008637   0.00000000    -0.00003145   0.00000000    -0.00022211   0.00000000
    8    8
  0.37918412   0.00000000    -0.04862070   0.00000000    -0.00002088   0.00000000
 -0.04862070   0.00000000     0.06494274   0.00000000     0.00002252   0.00000000
 -0.00002088   0.00000000     0.00002252   0.00000000     0.06268431   0.00000000
    8    9
 -0.00031639   0.00000000     0.00007321   0.00000000     0.00003647   0.00000000
 -0.00007321   0.00000000    -0.00027174   0.00000000    -0.00000005   0.00000000
  0.00003647   0.00000000     0.00000005   0.00000000     0.00003780   0.00000000
    8   10
 -0.00196049   0.00000000    -0.00043252   0.00000000    -0.00004804   0.00000000
  0.00043252   0.00000000     0.00000350   0.00000000     0.00002190   0.00000000
  0.00004804   0.00000000     0.00002190   0.00000000    -0.00016827   0.00000000
    8   11
  0.00033379   0.00000000     0.00078193   0.00000000     0.00004376   0.00000000
  0.00062353   0.00000000    -0.00081643   0.00000000    -0.00004007   0.00000000
 -0.00001157   0.00000000    -0.00006290   0.00000000    -0.00015020   0.00000000
    8   12
 -0.01794473   0.00000000     0.00277995   0.00000000     0.00002758   0.00000000
 -0.03130364   0.00000000     0.00424675   0.00000000    -0.00002445   0.00000000
 -0.00001339   0.00000000     0.00002135   0.00000000    -0.00259765   0.00000000
    8   13
 -0.00030641   0.00000000     0.00011424   0.00000000    -0.00005955   0.00000000
  0.00010538   0.00000000    -0.00055578   0.00000000    -0.00001362   0.00000000
 -0.00000991   0.00000000     0.00000728   0.00000000     0.00007316   0.00000000
    8   14
 -0.00067751   0.00000000     0.00008684   0.00000000    -0.00004766   0.00000000
  0.00009653   0.00000000     0.00005149   0.00000000    -0.00001017   0.00000000
 -0.00002907   0.00000000     0.00003656   0.00000000     0.00001831   0.00000000
    8   15
 -0.00012725   0.00000000     0.00088815   0.00000000     0.00018421   0.00000000
  0.00011894   0.00000000    -0.00031673   0.00000000    -0.00014837   0.00000000
  0.00007763   0.00000000    -0.00016288   0.00000000     0.00011192   0.00000000
    8   16
 -0.00764184   0.00000000     0.00078041   0.00000000    -0.00056856   0.00000000
  0.01941773   0.00000000    -0.00364480   0.00000000    -0.00065712   0.00000000
 -0.02996967   0.00000000     0.00426291   0.00000000     0.00019388   0.00000000
    8   17
 -0.00004992   0.00000000     0.00020632   0.00000000    -0.00002177   0.00000000
 -0.00025290   0.00000000    -0.00055290   0.00000000    -0.00027380   0.00000000
  0.00000060   0.00000000    -0.00013118   0.00000000    -0.00013197   0.00000000
    8   18
 -0.00136656   0.00000000    -0.00034935   0.00000000     0.00054360   0.00000000
  0.00030189   0.00000000     0.00029317   0.00000000    -0.00005721   0.00000000
  0.00045068   0.00000000    -0.00036028   0.00000000    -0.00008522   0.00000000
    8   19
 -0.00771988   0.00000000     0.00081361   0.00000000     0.00057518   0.00000000
  0.01942529   0.00000000    -0.00365699   0.00000000     0.00062552   0.00000000
  0.02993824   0.00000000    -0.00421654   0.00000000     0.00020346   0.00000000
    8   20
 -0.00013157   0.00000000     0.00089770   0.00000000    -0.00016259   0.00000000
  0.00015217   0.00000000    -0.00031672   0.00000000     0.00014248   0.00000000
 -0.00013571   0.00000000     0.00021439   0.00000000    -0.00004535   0.00000000
    8   21
 -0.00142716   0.00000000    -0.00030775   0.00000000    -0.00061574   0.00000000
  0.00032124   0.00000000     0.00028568   0.00000000     0.00005507   0.00000000
 -0.00046750   0.00000000     0.00030006   0.00000000    -0.00018989   0.00000000
    8   22
 -0.00000590   0.00000000     0.00014717   0.00000000     0.00008919   0.00000000
 -0.00026075   0.00000000    -0.00052384   0.00000000     0.00022540   0.00000000
 -0.00008263   0.00000000     0.00008380   0.00000000    -0.00004364   0.00000000
    9    1
  0.00615939   0.00000000     0.00191994   0.00000000    -0.00000153   0.00000000
  0.00218299   0.00000000     0.00024307   0.00000000    -0.00010747   0.00000000
  0.00011762   0.00000000     0.00025421   0.00000000    -0.00189659   0.00000000
    9    2
 -0.00742796   0.00000000    -0.00097744   0.00000000     0.00004655   0.00000000
  0.00355164   0.00000000    -0.00508203   0.00000000     0.00006881   0.00000000
  0.00011060   0.00000000    -0.00022336   0.00000000    -0.00586495   0.00000000
    9    3
 -0.00233212   0.00000000    -0.00125195   0.00000000     0.00001645   0.00000000
  0.00028904   0.00000000    -0.00013468   0.00000000     0.00001640   0.00000000
  0.00004006   0.00000000    -0.00003450   0.00000000    -0.00196198   0.00000000
    9    4
  0.00086672   0.00000000     0.00038087   0.00000000    -0.00005137   0.00000000
 -0.00004228   0.00000000     0.00015047   0.00000000    -0.00000894   0.00000000
 -0.00000657   0.00000000     0.00007101   0.00000000    -0.00006825   0.00000000
    9    5
 -0.33552533   0.00000000    -0.04117306   0.00000000    -0.00002427   0.00000000
 -0.04485298   0.00000000    -0.05335965   0.00000000    -0.00003170   0.00000000
  0.00001754   0.00000000    -0.00004744   0.00000000    -0.04912903   0.00000000
    9    6
 -0.00159066   0.00000000    -0.00088753   0.00000000    -0.00003990   0.00000000
 -0.00058876   0.00000000    -0.00090407   0.00000000    -0.00001807   0.00000000
  0.00002283   0.00000000     0.00001164   0.00000000    -0.00064555   0.00000000
    9    7
 -0.00196049   0.00000000     0.00043252   0.00000000    -0.00004804   0.00000000
 -0.00043252   0.00000000     0.00000350   0.00000000    -0.00002190   0.00000000
  0.00004804   0.00000000    -0.00002190   0.00000000    -0.00016827   0.00000000
    9    8
 -0.00031639   0.00000000    -0.00007321   0.00000000     0.00003647   0.00000000
  0.00007321   0.00000000    -0.00027174   0.00000000     0.00000005   0.00000000
  0.00003647   0.00000000    -0.00000005   0.00000000     0.00003780   0.00000000
    9    9
  0.37918412   0.00000000     0.04862070   0.00000000    -0.00002088   0.00000000
  0.04862070   0.00000000     0.06494274   0.00000000    -0.00002252   0.00000000
 -0.00002088   0.00000000    -0.00002252   0.00000000     0.06268431   0.00000000
    9   10
 -0.00004376   0.00000000     0.00003044   0.00000000    -0.00008637   0.00000000
  0.00003044   0.00000000    -0.00002036   0.00000000    -0.00003145   0.00000000
  0.00008637   0.00000000     0.00003145   0.00000000    -0.00022211   0.00000000
    9   11
 -0.00067751   0.00000000    -0.00008684   0.00000000    -0.00004766   0.00000000
 -0.00009653   0.00000000     0.00005149   0.00000000     0.00001017   0.00000000
 -0.00002907   0.00000000    -0.00003656   0.00000000     0.00001831   0.00000000
    9   12
 -0.00030641   0.00000000    -0.00011424   0.00000000    -0.00005955   0.00000000
 -0.00010538   0.00000000    -0.00055578   0.00000000     0.00001362   0.00000000
 -0.00000991   0.00000000    -0.00000728   0.00000000     0.00007316   0.00000000
    9   13
 -0.01794473   0.00000000    -0.00277995   0.00000000     0.00002758   0.00000000
  0.03130364   0.00000000     0.00424675   0.00000000     0.00002445   0.00000000
 -0.00001339   0.00000000    -0.00002135   0.00000000    -0.00259765   0.00000000
    9   14
  0.00033379   0.00000000    -0.00078193   0.00000000     0.00004376   0.00000000
 -0.00062353   0.00000000    -0.00081643   0.00000000     0.00004007   0.00000000
 -0.00001157   0.00000000     0.00006290   0.00000000    -0.00015020   0.00000000
    9   15
 -0.00136656   0.00000000     0.00034935   0.00000000     0.00054360   0.00000000
 -0.00030189   0.00000000     0.00029317   0.00000000     0.00005721   0.00000000
  0.00045068   0.00000000     0.00036028   0.00000000    -0.00008522   0.00000000
    9   16
 -0.00004992   0.00000000    -0.00020632   0.00000000    -0.00002177   0.00000000
  0.00025290   0.00000000    -0.00055290   0.00000000     0.00027380   0.00000000
  0.00000060   0.00000000     0.00013118   0.00000000    -0.00013197   0.00000000
    9   17
 -0.00764184   0.00000000    -0.00078041   0.00000000    -0.00056856   0.00000000
 -0.01941773   0.00000000    -0.00364480   0.00000000     0.00065712   0.00000000
 -0.02996967   0.00000000    -0.00426291   0.00000000     0.00019388   0.00000000
    9   18
 -0.00012725   0.00000000    -0.00088815   0.00000000     0.00018421   0.00000000
 -0.00011894   0.00000000    -0.00031673   0.00000000     0.00014837   0.00000000
  0.00007763   0.00000000     0.00016288   0.00000000     0.00011192   0.00000000
    9   19
 -0.00000590   0.00000000    -0.00014717   0.00000000     0.00008919   0.00000000
  0.00026075   0.00000000    -0.00052384   0.00000000    -0.00022540   0.00000000
 -0.00008263   0.00000000    -0.00008380   0.00000000    -0.00004364   0.00000000
    9   20
 -0.00142716   0.00000000     0.00030775   0.00000000    -0.00061574   0.00000000
 -0.00032124   0.00000000     0.00028568   0.00000000    -0.00005507   0.00000000
 -0.00046750   0.00000000    -0.00030006   0.00000000    -0.00018989   0.00000000
    9   21
 -0.00013157   0.00000000    -0.00089770   0.00000000    -0.00016259   0.00000000
 -0.00015217   0.00000000    -0.00031672   0.00000000    -0.00014248   0.00000000
 -0.00013571   0.00000000    -0.00021439   0.00000000    -0.00004535   0.00000000
    9   22
 -0.00771988   0.00000000    -0.00081361   0.00000000     0.00057518   0.00000000
 -0.01942529   0.00000000    -0.00365699   0.00000000    -0.00062552   0.00000000
  0.02993824   0.00000000     0.00421654   0.00000000     0.00020346   0.00000000
   10    1
  0.00615939   0.00000000     0.00191994   0.00000000     0.00000153   0.00000000
  0.00218299   0.00000000     0.00024307   0.00000000     0.00010747   0.00000000
 -0.00011762   0.00000000    -0.00025421   0.00000000    -0.00189659   0.00000000
   10    2
 -0.00742796   0.00000000    -0.00097744   0.00000000    -0.00004655   0.00000000
  0.00355164   0.00000000    -0.00508203   0.00000000    -0.00006881   0.00000000
 -0.00011060   0.00000000     0.00022336   0.00000000    -0.00586495   0.00000000
   10    3
  0.00086672   0.00000000     0.00038087   0.00000000     0.00005137   0.00000000
 -0.00004228   0.00000000     0.00015047   0.00000000     0.00000894   0.00000000
  0.00000657   0.00000000    -0.00007101   0.00000000    -0.00006825   0.00000000
   10    4
 -0.00233212   0.00000000    -0.00125195   0.00000000    -0.00001645   0.00000000
  0.00028904   0.00000000    -0.00013468   0.00000000    -0.00001640   0.00000000
 -0.00004006   0.00000000     0.00003450   0.00000000    -0.00196198   0.00000000
   10    5
 -0.00159066   0.00000000    -0.00088753   0.00000000     0.00003990   0.00000000
 -0.00058876   0.00000000    -0.00090407   0.00000000     0.00001807   0.00000000
 -0.00002283   0.00000000    -0.00001164   0.00000000    -0.00064555   0.00000000
   10    6
 -0.33552533   0.00000000    -0.04117306   0.00000000     0.00002427   0.00000000
 -0.04485298   0.00000000    -0.05335965   0.00000000     0.00003170   0.00000000
 -0.00001754   0.00000000     0.00004744   0.00000000    -0.04912903   0.00000000
   10    7
 -0.00031639   0.00000000    -0.00007321   0.00000000    -0.00003647   0.00000000
  0.00007321   0.00000000    -0.00027174   0.00000000    -0.00000005   0.00000000
 -0.00003647   0.00000000     0.00000005   0.00000000     0.00003780   0.00000000
   10    8
 -0.00196049   0.00000000     0.00043252   0.00000000     0.00004804   0.00000000
 -0.00043252   0.00000000     0.00000350   0.00000000     0.00002190   0.00000000
 -0.00004804   0.00000000     0.00002190   0.00000000    -0.00016827   0.00000000
   10    9
 -0.00004376   0.00000000     0.00003044   0.00000000     0.00008637   0.00000000
  0.00003044   0.00000000    -0.00002036   0.00000000     0.00003145   0.00000000
 -0.00008637   0.00000000    -0.00003145   0.00000000    -0.00022211   0.00000000
   10   10
  0.37918412   0.00000000     0.04862070   0.00000000     0.00002088   0.00000000
  0.04862070   0.00000000     0.06494274   0.00000000     0.00002252   0.00000000
  0.00002088   0.00000000     0.00002252   0.00000000     0.06268431   0.00000000
   10   11
 -0.00030641   0.00000000    -0.00011424   0.00000000     0.00005955   0.00000000
 -0.00010538   0.00000000    -0.00055578   0.00000000    -0.00001362   0.00000000
  0.00000991   0.00000000     0.00000728   0.00000000     0.00007316   0.00000000
   10   12
 -0.00067751   0.00000000    -0.00008684   0.00000000     0.00004766   0.00000000
 -0.00009653   0.00000000     0.00005149   0.00000000    -0.00001017   0.00000000
  0.00002907   0.00000000     0.00003656   0.00000000     0.00001831   0.00000000
   10   13
  0.00033379   0.00000000    -0.00078193   0.00000000    -0.00004376   0.00000000
 -0.00062353   0.00000000    -0.00081643   0.00000000    -0.00004007   0.00000000
  0.00001157   0.00000000    -0.00006290   0.00000000    -0.00015020   0.00000000
   10   14
 -0.01794473   0.00000000    -0.00277995   0.00000000    -0.00002758   0.00000000
  0.03130364   0.00000000     0.00424675   0.00000000    -0.00002445   0.00000000
  0.00001339   0.00000000     0.00002135   0.00000000    -0.00259765   0.00000000
   10   15
 -0.00004992   0.00000000    -0.00020632   0.00000000     0.00002177   0.00000000
  0.00025290   0.00000000    -0.00055290   0.00000000    -0.00027380   0.00000000
 -0.00000060   0.00000000    -0.00013118   0.00000000    -0.00013197   0.00000000
   10   16
 -0.00136656   0.00000000     0.00034935   0.00000000    -0.00054360   0.00000000
 -0.00030189   0.00000000     0.00029317   0.00000000    -0.00005721   0.00000000
 -0.00045068   0.00000000    -0.00036028   0.00000000    -0.00008522   0.00000000
   10   17
 -0.00012725   0.00000000    -0.00088815   0.00000000    -0.00018421   0.00000000
 -0.00011894   0.00000000    -0.00031673   0.00000000    -0.00014837   0.00000000
 -0.00007763   0.00000000    -0.00016288   0.00000000     0.00011192   0.00000000
   10   18
 -0.00764184   0.00000000    -0.00078041   0.00000000     0.00056856   0.00000000
 -0.01941773   0.00000000    -0.00364480   0.00000000    -0.00065712   0.00000000
  0.02996967   0.00000000     0.00426291   0.00000000     0.00019388   0.00000000
   10   19
 -0.00142716   0.00000000     0.00030775   0.00000000     0.00061574   0.00000000
 -0.00032124   0.00000000     0.00028568   0.00000000     0.00005507   0.00000000
  0.00046750   0.00000000     0.00030006   0.00000000    -0.00018989   0.00000000
   10   20
 -0.00000590   0.00000000    -0.00014717   0.00000000    -0.00008919   0.00000000
  0.00026075   0.00000000    -0.00052384   0.00000000     0.00022540   0.00000000
  0.00008263   0.00000000     0.00008380   0.00000000    -0.00004364   0.00000000
   10   21
 -0.00771988   0.00000000    -0.00081361   0.00000000    -0.00057518   0.00000000
 -0.01942529   0.00000000    -0.00365699   0.00000000     0.00062552   0.00000000
 -0.02993824   0.00000000    -0.00421654   0.00000000     0.00020346   0.00000000
   10   22
 -0.00013157   0.00000000    -0.00089770   0.00000000     0.00016259   0.00000000
 -0.00015217   0.00000000    -0.00031672   0.00000000     0.00014248   0.00000000
  0.00013571   0.00000000     0.00021439   0.00000000    -0.00004535   0.00000000
   11    1
 -0.00658909   0.00000000    -0.00452553   0.00000000    -0.00019518   0.00000000
 -0.00038877   0.00000000    -0.00497486   0.00000000    -0.00004120   0.00000000
  0.00003922   0.00000000     0.00004611   0.00000000    -0.00235278   0.00000000
   11    2
  0.00416324   0.00000000     0.00000230   0.00000000     0.00017914   0.00000000
 -0.00452303   0.00000000     0.00125524   0.00000000     0.00005836   0.00000000
  0.00008963   0.00000000     0.00010848   0.00000000    -0.00108118   0.00000000
   11    3
 -0.11882223   0.00000000    -0.11801123   0.00000000    -0.00001087   0.00000000
 -0.11942303   0.00000000    -0.26229124   0.00000000     0.00001528   0.00000000
  0.00005396   0.00000000     0.00011950   0.00000000    -0.05354763   0.00000000
   11    4
 -0.00090094   0.00000000    -0.00022206   0.00000000     0.00001224   0.00000000
 -0.00007444   0.00000000    -0.00151997   0.00000000    -0.00004380   0.00000000
 -0.00005673   0.00000000    -0.00008151   0.00000000    -0.00080821   0.00000000
   11    5
 -0.00081789   0.00000000     0.00092168   0.00000000    -0.00007033   0.00000000
 -0.00012149   0.00000000     0.00001688   0.00000000    -0.00002269   0.00000000
 -0.00004926   0.00000000     0.00006300   0.00000000     0.00010769   0.00000000
   11    6
  0.00005302   0.00000000    -0.00117549   0.00000000    -0.00007730   0.00000000
 -0.00018619   0.00000000    -0.00091655   0.00000000    -0.00001369   0.00000000
  0.00002643   0.00000000    -0.00009229   0.00000000    -0.00163757   0.00000000
   11    7
 -0.01794473   0.00000000    -0.03130364   0.00000000     0.00001339   0.00000000
  0.00277995   0.00000000     0.00424675   0.00000000    -0.00002135   0.00000000
 -0.00002758   0.00000000     0.00002445   0.00000000    -0.00259765   0.00000000
   11    8
  0.00033379   0.00000000     0.00062353   0.00000000    -0.00001157   0.00000000
  0.00078193   0.00000000    -0.00081643   0.00000000    -0.00006290   0.00000000
  0.00004376   0.00000000    -0.00004007   0.00000000    -0.00015020   0.00000000
   11    9
 -0.00067751   0.00000000    -0.00009653   0.00000000    -0.00002907   0.00000000
 -0.00008684   0.00000000     0.00005149   0.00000000    -0.00003656   0.00000000
 -0.00004766   0.00000000     0.00001017   0.00000000     0.00001831   0.00000000
   11   10
 -0.00030641   0.00000000    -0.00010538   0.00000000     0.00000991   0.00000000
 -0.00011424   0.00000000    -0.00055578   0.00000000     0.00000728   0.00000000
  0.00005955   0.00000000    -0.00001362   0.00000000     0.00007316   0.00000000
   11   11
  0.13392771   0.00000000     0.13672376   0.00000000     0.00002991   0.00000000
  0.13672376   0.00000000     0.30180729   0.00000000     0.00005746   0.00000000
  0.00002991   0.00000000     0.00005746   0.00000000     0.06160980   0.00000000
   11   12
  0.00022125   0.00000000    -0.00012336   0.00000000     0.00004632   0.00000000
 -0.00012336   0.00000000    -0.00033110   0.00000000     0.00006836   0.00000000
 -0.00004632   0.00000000    -0.00006836   0.00000000     0.00005209   0.00000000
   11   13
 -0.00014243   0.00000000    -0.00007451   0.00000000    -0.00003947   0.00000000
  0.00007451   0.00000000     0.00056753   0.00000000    -0.00006974   0.00000000
  0.00003947   0.00000000    -0.00006974   0.00000000     0.00019573   0.00000000
   11   14
 -0.00033866   0.00000000    -0.00005271   0.00000000    -0.00003795   0.00000000
  0.00005271   0.00000000    -0.00172280   0.00000000    -0.00005119   0.00000000
 -0.00003795   0.00000000     0.00005119   0.00000000    -0.00036161   0.00000000
   11   15
  0.00416256   0.00000000     0.00980316   0.00000000    -0.00080428   0.00000000
 -0.00889211   0.00000000    -0.01655098   0.00000000     0.00016349   0.00000000
 -0.01508970   0.00000000    -0.02585231   0.00000000    -0.00014447   0.00000000
   11   16
  0.00030463   0.00000000    -0.00017062   0.00000000     0.00010938   0.00000000
  0.00064517   0.00000000    -0.00046063   0.00000000     0.00029213   0.00000000
 -0.00006344   0.00000000     0.00008709   0.00000000     0.00011581   0.00000000
   11   17
 -0.00041036   0.00000000    -0.00039649   0.00000000    -0.00017287   0.00000000
  0.00037943   0.00000000     0.00026751   0.00000000    -0.00000950   0.00000000
  0.00010086   0.00000000    -0.00002772   0.00000000    -0.00004171   0.00000000
   11   18
 -0.00008310   0.00000000    -0.00025014   0.00000000     0.00012493   0.00000000
  0.00000113   0.00000000    -0.00084211   0.00000000     0.00033197   0.00000000
 -0.00015681   0.00000000     0.00021164   0.00000000    -0.00003050   0.00000000
   11   19
  0.00030906   0.00000000    -0.00016939   0.00000000    -0.00009664   0.00000000
  0.00062714   0.00000000    -0.00043781   0.00000000    -0.00022879   0.00000000
  0.00003086   0.00000000    -0.00007033   0.00000000     0.00018601   0.00000000
   11   20
  0.00420854   0.00000000     0.00980748   0.00000000     0.00080810   0.00000000
 -0.00884695   0.00000000    -0.01655807   0.00000000    -0.00018468   0.00000000
  0.01514452   0.00000000     0.02587312   0.00000000    -0.00009022   0.00000000
   11   21
 -0.00014445   0.00000000    -0.00022203   0.00000000    -0.00012409   0.00000000
 -0.00008896   0.00000000    -0.00078858   0.00000000    -0.00030687   0.00000000
  0.00015976   0.00000000    -0.00032893   0.00000000    -0.00008887   0.00000000
   11   22
 -0.00039113   0.00000000    -0.00040387   0.00000000     0.00014838   0.00000000
  0.00038825   0.00000000     0.00021143   0.00000000    -0.00000069   0.00000000
 -0.00009850   0.00000000     0.00014408   0.00000000    -0.00014773   0.00000000
   12    1
 -0.00658909   0.00000000    -0.00452553   0.00000000     0.00019518   0.00000000
 -0.00038877   0.00000000    -0.00497486   0.00000000     0.00004120   0.00000000
 -0.00003922   0.00000000    -0.00004611   0.00000000    -0.00235278   0.00000000
   12    2
  0.00416324   0.00000000     0.00000230   0.00000000    -0.00017914   0.00000000
 -0.00452303   0.00000000     0.00125524   0.00000000    -0.00005836   0.00000000
 -0.00008963   0.00000000    -0.00010848   0.00000000    -0.00108118   0.00000000
   12    3
 -0.00090094   0.00000000    -0.00022206   0.00000000    -0.00001224   0.00000000
 -0.00007444   0.00000000    -0.00151997   0.00000000     0.00004380   0.00000000
  0.00005673   0.00000000     0.00008151   0.00000000    -0.00080821   0.00000000
   12    4
 -0.11882223   0.00000000    -0.11801123   0.00000000     0.00001087   0.00000000
 -0.11942303   0.00000000    -0.26229124   0.00000000    -0.00001528   0.00000000
 -0.00005396   0.00000000    -0.00011950   0.00000000    -0.05354763   0.00000000
   12    5
  0.00005302   0.00000000    -0.00117549   0.00000000     0.00007730   0.00000000
 -0.00018619   0.00000000    -0.00091655   0.00000000     0.00001369   0.00000000
 -0.00002643   0.00000000     0.00009229   0.00000000    -0.00163757   0.00000000
   12    6
 -0.00081789   0.00000000     0.00092168   0.00000000     0.00007033   0.00000000
 -0.00012149   0.00000000     0.00001688   0.00000000     0.00002269   0.00000000
  0.00004926   0.00000000    -0.00006300   0.00000000     0.00010769   0.00000000
   12    7
  0.00033379   0.00000000     0.00062353   0.00000000     0.00001157   0.00000000
  0.00078193   0.00000000    -0.00081643   0.00000000     0.00006290   0.00000000
 -0.00004376   0.00000000     0.00004007   0.00000000    -0.00015020   0.00000000
   12    8
 -0.01794473   0.00000000    -0.03130364   0.00000000    -0.00001339   0.00000000
  0.00277995   0.00000000     0.00424675   0.00000000     0.00002135   0.00000000
  0.00002758   0.00000000    -0.00002445   0.00000000    -0.00259765   0.00000000
   12    9
 -0.00030641   0.00000000    -0.00010538   0.00000000    -0.00000991   0.00000000
 -0.00011424   0.00000000    -0.00055578   0.00000000    -0.00000728   0.00000000
 -0.00005955   0.00000000     0.00001362   0.00000000     0.00007316   0.00000000
   12   10
 -0.00067751   0.00000000    -0.00009653   0.00000000     0.00002907   0.00000000
 -0.00008684   0.00000000     0.00005149   0.00000000     0.00003656   0.00000000
  0.00004766   0.00000000    -0.00001017   0.00000000     0.00001831   0.00000000
   12   11
  0.00022125   0.00000000    -0.00012336   0.00000000    -0.00004632   0.00000000
 -0.00012336   0.00000000    -0.00033110   0.00000000    -0.00006836   0.00000000
  0.00004632   0.00000000     0.00006836   0.00000000     0.00005209   0.00000000
   12   12
  0.13392771   0.00000000     0.13672376   0.00000000    -0.00002991   0.00000000
  0.13672376   0.00000000     0.30180729   0.00000000    -0.00005746   0.00000000
 -0.00002991   0.00000000    -0.00005746   0.00000000     0.06160980   0.00000000
   12   13
 -0.00033866   0.00000000    -0.00005271   0.00000000     0.00003795   0.00000000
  0.00005271   0.00000000    -0.00172280   0.00000000     0.00005119   0.00000000
  0.00003795   0.00000000    -0.00005119   0.00000000    -0.00036161   0.00000000
   12   14
 -0.00014243   0.00000000    -0.00007451   0.00000000     0.00003947   0.00000000
  0.00007451   0.00000000     0.00056753   0.00000000     0.00006974   0.00000000
 -0.00003947   0.00000000     0.00006974   0.00000000     0.00019573   0.00000000
   12   15
  0.00030463   0.00000000    -0.00017062   0.00000000    -0.00010938   0.00000000
  0.00064517   0.00000000    -0.00046063   0.00000000    -0.00029213   0.00000000
  0.00006344   0.00000000    -0.00008709   0.00000000     0.00011581   0.00000000
   12   16
  0.00416256   0.00000000     0.00980316   0.00000000     0.00080428   0.00000000
 -0.00889211   0.00000000    -0.01655098   0.00000000    -0.00016349   0.00000000
  0.01508970   0.00000000     0.02585231   0.00000000    -0.00014447   0.00000000
   12   17
 -0.00008310   0.00000000    -0.00025014   0.00000000    -0.00012493   0.00000000
  0.00000113   0.00000000    -0.00084211   0.00000000    -0.00033197   0.00000000
  0.00015681   0.00000000    -0.00021164   0.00000000    -0.00003050   0.00000000
   12   18
 -0.00041036   0.00000000    -0.00039649   0.00000000     0.00017287   0.00000000
  0.00037943   0.00000000     0.00026751   0.00000000     0.00000950   0.00000000
 -0.00010086   0.00000000     0.00002772   0.00000000    -0.00004171   0.00000000
   12   19
  0.00420854   0.00000000     0.00980748   0.00000000    -0.00080810   0.00000000
 -0.00884695   0.00000000    -0.01655807   0.00000000     0.00018468   0.00000000
 -0.01514452   0.00000000    -0.02587312   0.00000000    -0.00009022   0.00000000
   12   20
  0.00030906   0.00000000    -0.00016939   0.00000000     0.00009664   0.00000000
  0.00062714   0.00000000    -0.00043781   0.00000000     0.00022879   0.00000000
 -0.00003086   0.00000000     0.00007033   0.00000000     0.00018601   0.00000000
   12   21
 -0.00039113   0.00000000    -0.00040387   0.00000000    -0.00014838   0.00000000
  0.00038825   0.00000000     0.00021143   0.00000000     0.00000069   0.00000000
  0.00009850   0.00000000    -0.00014408   0.00000000    -0.00014773   0.00000000
   12   22
 -0.00014445   0.00000000    -0.00022203   0.00000000     0.00012409   0.00000000
 -0.00008896   0.00000000    -0.00078858   0.00000000     0.00030687   0.00000000
 -0.00015976   0.00000000     0.00032893   0.00000000    -0.00008887   0.00000000
   13    1
  0.00416324   0.00000000    -0.00000230   0.00000000    -0.00017914   0.00000000
  0.00452303   0.00000000     0.00125524   0.00000000     0.00005836   0.00000000
 -0.00008963   0.00000000     0.00010848   0.00000000    -0.00108118   0.00000000
   13    2
 -0.00658909   0.00000000     0.00452553   0.00000000     0.00019518   0.00000000
  0.00038877   0.00000000    -0.00497486   0.00000000    -0.00004120   0.00000000
 -0.00003922   0.00000000     0.00004611   0.00000000    -0.00235278   0.00000000
   13    3
 -0.00081789   0.00000000    -0.00092168   0.00000000     0.00007033   0.00000000
  0.00012149   0.00000000     0.00001688   0.00000000    -0.00002269   0.00000000
  0.00004926   0.00000000     0.00006300   0.00000000     0.00010769   0.00000000
   13    4
  0.00005302   0.00000000     0.00117549   0.00000000     0.00007730   0.00000000
  0.00018619   0.00000000    -0.00091655   0.00000000    -0.00001369   0.00000000
 -0.00002643   0.00000000    -0.00009229   0.00000000    -0.00163757   0.00000000
   13    5
 -0.11882223   0.00000000     0.11801123   0.00000000     0.00001087   0.00000000
  0.11942303   0.00000000    -0.26229124   0.00000000     0.00001528   0.00000000
 -0.00005396   0.00000000     0.00011950   0.00000000    -0.05354763   0.00000000
   13    6
 -0.00090094   0.00000000     0.00022206   0.00000000    -0.00001224   0.00000000
  0.00007444   0.00000000    -0.00151997   0.00000000    -0.00004380   0.00000000
  0.00005673   0.00000000    -0.00008151   0.00000000    -0.00080821   0.00000000
   13    7
 -0.00067751   0.00000000     0.00009653   0.00000000     0.00002907   0.00000000
  0.00008684   0.00000000     0.00005149   0.00000000    -0.00003656   0.00000000
  0.00004766   0.00000000     0.00001017   0.00000000     0.00001831   0.00000000
   13    8
 -0.00030641   0.00000000     0.00010538   0.00000000    -0.00000991   0.00000000
  0.00011424   0.00000000    -0.00055578   0.00000000     0.00000728   0.00000000
 -0.00005955   0.00000000    -0.00001362   0.00000000     0.00007316   0.00000000
   13    9
 -0.01794473   0.00000000     0.03130364   0.00000000    -0.00001339   0.00000000
 -0.00277995   0.00000000     0.00424675   0.00000000    -0.00002135   0.00000000
  0.00002758   0.00000000     0.00002445   0.00000000    -0.00259765   0.00000000
   13   10
  0.00033379   0.00000000    -0.00062353   0.00000000     0.00001157   0.00000000
 -0.00078193   0.00000000    -0.00081643   0.00000000    -0.00006290   0.00000000
 -0.00004376   0.00000000    -0.00004007   0.00000000    -0.00015020   0.00000000
   13   11
 -0.00014243   0.00000000     0.00007451   0.00000000     0.00003947   0.00000000
 -0.00007451   0.00000000     0.00056753   0.00000000    -0.00006974   0.00000000
 -0.00003947   0.00000000    -0.00006974   0.00000000     0.00019573   0.00000000
   13   12
 -0.00033866   0.00000000     0.00005271   0.00000000     0.00003795   0.00000000
 -0.00005271   0.00000000    -0.00172280   0.00000000    -0.00005119   0.00000000
  0.00003795   0.00000000     0.00005119   0.00000000    -0.00036161   0.00000000
   13   13
  0.13392771   0.00000000    -0.13672376   0.00000000    -0.00002991   0.00000000
 -0.13672376   0.00000000     0.30180729   0.00000000     0.00005746   0.00000000
 -0.00002991   0.00000000     0.00005746   0.00000000     0.06160980   0.00000000
   13   14
  0.00022125   0.00000000     0.00012336   0.00000000    -0.00004632   0.00000000
  0.00012336   0.00000000    -0.00033110   0.00000000     0.00006836   0.00000000
  0.00004632   0.00000000    -0.00006836   0.00000000     0.00005209   0.00000000
   13   15
 -0.00041036   0.00000000     0.00039649   0.00000000     0.00017287   0.00000000
 -0.00037943   0.00000000     0.00026751   0.00000000    -0.00000950   0.00000000
 -0.00010086   0.00000000    -0.00002772   0.00000000    -0.00004171   0.00000000
   13   16
 -0.00008310   0.00000000     0.00025014   0.00000000    -0.00012493   0.00000000
 -0.00000113   0.00000000    -0.00084211   0.00000000     0.00033197   0.00000000
  0.00015681   0.00000000     0.00021164   0.00000000    -0.00003050   0.00000000
   13   17
  0.00416256   0.00000000    -0.00980316   0.00000000     0.00080428   0.00000000
  0.00889211   0.00000000    -0.01655098   0.00000000     0.00016349   0.00000000
  0.01508970   0.00000000    -0.02585231   0.00000000    -0.00014447   0.00000000
   13   18
  0.00030463   0.00000000     0.00017062   0.00000000    -0.00010938   0.00000000
 -0.00064517   0.00000000    -0.00046063   0.00000000     0.00029213   0.00000000
  0.00006344   0.00000000     0.00008709   0.00000000     0.00011581   0.00000000
   13   19
 -0.00014445   0.00000000     0.00022203   0.00000000     0.00012409   0.00000000
  0.00008896   0.00000000    -0.00078858   0.00000000    -0.00030687   0.00000000
 -0.00015976   0.00000000    -0.00032893   0.00000000    -0.00008887   0.00000000
   13   20
 -0.00039113   0.00000000     0.00040387   0.00000000    -0.00014838   0.00000000
 -0.00038825   0.00000000     0.00021143   0.00000000    -0.00000069   0.00000000
  0.00009850   0.00000000     0.00014408   0.00000000    -0.00014773   0.00000000
   13   21
  0.00030906   0.00000000     0.00016939   0.00000000     0.00009664   0.00000000
 -0.00062714   0.00000000    -0.00043781   0.00000000    -0.00022879   0.00000000
 -0.00003086   0.00000000    -0.00007033   0.00000000     0.00018601   0.00000000
   13   22
  0.00420854   0.00000000    -0.00980748   0.00000000    -0.00080810   0.00000000
  0.00884695   0.00000000    -0.01655807   0.00000000    -0.00018468   0.00000000
 -0.01514452   0.00000000     0.02587312   0.00000000    -0.00009022   0.00000000
   14    1
  0.00416324   0.00000000    -0.00000230   0.00000000     0.00017914   0.00000000
  0.00452303   0.00000000     0.00125524   0.00000000    -0.00005836   0.00000000
  0.00008963   0.00000000    -0.00010848   0.00000000    -0.00108118   0.00000000
   14    2
 -0.00658909   0.00000000     0.00452553   0.00000000    -0.00019518   0.00000000
  0.00038877   0.00000000    -0.00497486   0.00000000     0.00004120   0.00000000
  0.00003922   0.00000000    -0.00004611   0.00000000    -0.00235278   0.00000000
   14    3
  0.00005302   0.00000000     0.00117549   0.00000000    -0.00007730   0.00000000
  0.00018619   0.00000000    -0.00091655   0.00000000     0.00001369   0.00000000
  0.00002643   0.00000000     0.00009229   0.00000000    -0.00163757   0.00000000
   14    4
 -0.00081789   0.00000000    -0.00092168   0.00000000    -0.00007033   0.00000000
  0.00012149   0.00000000     0.00001688   0.00000000     0.00002269   0.00000000
 -0.00004926   0.00000000    -0.00006300   0.00000000     0.00010769   0.00000000
   14    5
 -0.00090094   0.00000000     0.00022206   0.00000000     0.00001224   0.00000000
  0.00007444   0.00000000    -0.00151997   0.00000000     0.00004380   0.00000000
 -0.00005673   0.00000000     0.00008151   0.00000000    -0.00080821   0.00000000
   14    6
 -0.11882223   0.00000000     0.11801123   0.00000000    -0.00001087   0.00000000
  0.11942303   0.00000000    -0.26229124   0.00000000    -0.00001528   0.00000000
  0.00005396   0.00000000    -0.00011950   0.00000000    -0.05354763   0.00000000
   14    7
 -0.00030641   0.00000000     0.00010538   0.00000000     0.00000991   0.00000000
  0.00011424   0.00000000    -0.00055578   0.00000000    -0.00000728   0.00000000
  0.00005955   0.00000000     0.00001362   0.00000000     0.00007316   0.00000000
   14    8
 -0.00067751   0.00000000     0.00009653   0.00000000    -0.00002907   0.00000000
  0.00008684   0.00000000     0.00005149   0.00000000     0.00003656   0.00000000
 -0.00004766   0.00000000    -0.00001017   0.00000000     0.00001831   0.00000000
   14    9
  0.00033379   0.00000000    -0.00062353   0.00000000    -0.00001157   0.00000000
 -0.00078193   0.00000000    -0.00081643   0.00000000     0.00006290   0.00000000
  0.00004376   0.00000000     0.00004007   0.00000000    -0.00015020   0.00000000
   14   10
 -0.01794473   0.00000000     0.03130364   0.00000000     0.00001339   0.00000000
 -0.00277995   0.00000000     0.00424675   0.00000000     0.00002135   0.00000000
 -0.00002758   0.00000000    -0.00002445   0.00000000    -0.00259765   0.00000000
   14   11
 -0.00033866   0.00000000     0.00005271   0.00000000    -0.00003795   0.00000000
 -0.00005271   0.00000000    -0.00172280   0.00000000     0.00005119   0.00000000
 -0.00003795   0.00000000    -0.00005119   0.00000000    -0.00036161   0.00000000
   14   12
 -0.00014243   0.00000000     0.00007451   0.00000000    -0.00003947   0.00000000
 -0.00007451   0.00000000     0.00056753   0.00000000     0.00006974   0.00000000
  0.00003947   0.00000000     0.00006974   0.00000000     0.00019573   0.00000000
   14   13
  0.00022125   0.00000000     0.00012336   0.00000000     0.00004632   0.00000000
  0.00012336   0.00000000    -0.00033110   0.00000000    -0.00006836   0.00000000
 -0.00004632   0.00000000     0.00006836   0.00000000     0.00005209   0.00000000
   14   14
  0.13392771   0.00000000    -0.13672376   0.00000000     0.00002991   0.00000000
 -0.13672376   0.00000000     0.30180729   0.00000000    -0.00005746   0.00000000
  0.00002991   0.00000000    -0.00005746   0.00000000     0.06160980   0.00000000
   14   15
 -0.00008310   0.00000000     0.00025014   0.00000000     0.00012493   0.00000000
 -0.00000113   0.00000000    -0.00084211   0.00000000    -0.00033197   0.00000000
 -0.00015681   0.00000000    -0.00021164   0.00000000    -0.00003050   0.00000000
   14   16
 -0.00041036   0.00000000     0.00039649   0.00000000    -0.00017287   0.00000000
 -0.00037943   0.00000000     0.00026751   0.00000000     0.00000950   0.00000000
  0.00010086   0.00000000     0.00002772   0.00000000    -0.00004171   0.00000000
   14   17
  0.00030463   0.00000000     0.00017062   0.00000000     0.00010938   0.00000000
 -0.00064517   0.00000000    -0.00046063   0.00000000    -0.00029213   0.00000000
 -0.00006344   0.00000000    -0.00008709   0.00000000     0.00011581   0.00000000
   14   18
  0.00416256   0.00000000    -0.00980316   0.00000000    -0.00080428   0.00000000
  0.00889211   0.00000000    -0.01655098   0.00000000    -0.00016349   0.00000000
 -0.01508970   0.00000000     0.02585231   0.00000000    -0.00014447   0.00000000
   14   19
 -0.00039113   0.00000000     0.00040387   0.00000000     0.00014838   0.00000000
 -0.00038825   0.00000000     0.00021143   0.00000000     0.00000069   0.00000000
 -0.00009850   0.00000000    -0.00014408   0.00000000    -0.00014773   0.00000000
   14   20
 -0.00014445   0.00000000     0.00022203   0.00000000    -0.00012409   0.00000000
  0.00008896   0.00000000    -0.00078858   0.00000000     0.00030687   0.00000000
  0.00015976   0.00000000     0.00032893   0.00000000    -0.00008887   0.00000000
   14   21
  0.00420854   0.00000000    -0.00980748   0.00000000     0.00080810   0.00000000
  0.00884695   0.00000000    -0.01655807   0.00000000     0.00018468   0.00000000
  0.01514452   0.00000000    -0.02587312   0.00000000    -0.00009022   0.00000000
   14   22
  0.00030906   0.00000000     0.00016939   0.00000000    -0.00009664   0.00000000
 -0.00062714   0.00000000    -0.00043781   0.00000000     0.00022879   0.00000000
  0.00003086   0.00000000     0.00007033   0.00000000     0.00018601   0.00000000
   15    1
 -0.00243380   0.00000000    -0.00126933   0.00000000     0.00096332   0.00000000
 -0.00089518   0.00000000    -0.00242392   0.00000000    -0.00044761   0.00000000
 -0.00100533   0.00000000     0.00258000   0.00000000     0.00245255   0.00000000
   15    2
 -0.00312672   0.00000000     0.00187474   0.00000000    -0.00210732   0.00000000
  0.00048094   0.00000000     0.00100878   0.00000000     0.00010738   0.00000000
 -0.00117190   0.00000000    -0.00030775   0.00000000    -0.00316430   0.00000000
   15    3
 -0.06264987   0.00000000     0.03941686   0.00000000     0.05499951   0.00000000
  0.03922067   0.00000000    -0.13057086   0.00000000    -0.12700028   0.00000000
  0.05492500   0.00000000    -0.12720874   0.00000000    -0.25727554   0.00000000
   15    4
 -0.00105915   0.00000000     0.00024739   0.00000000     0.00020086   0.00000000
  0.00021861   0.00000000    -0.00090428   0.00000000    -0.00024820   0.00000000
  0.00025455   0.00000000     0.00006000   0.00000000    -0.00040888   0.00000000
   15    5
 -0.00071354   0.00000000     0.00067985   0.00000000     0.00004548   0.00000000
 -0.00010574   0.00000000    -0.00044830   0.00000000    -0.00021095   0.00000000
  0.00066920   0.00000000    -0.00037051   0.00000000    -0.00072472   0.00000000
   15    6
 -0.00011404   0.00000000     0.00028568   0.00000000     0.00029100   0.00000000
  0.00055064   0.00000000    -0.00067487   0.00000000    -0.00013122   0.00000000
  0.00042933   0.00000000    -0.00076161   0.00000000    -0.00066063   0.00000000
   15    7
 -0.00764184   0.00000000     0.01941773   0.00000000     0.02996967   0.00000000
  0.00078041   0.00000000    -0.00364480   0.00000000    -0.00426291   0.00000000
  0.00056856   0.00000000     0.00065712   0.00000000     0.00019388   0.00000000
   15    8
 -0.00012725   0.00000000     0.00011894   0.00000000     0.00007763   0.00000000
  0.00088815   0.00000000    -0.00031673   0.00000000    -0.00016288   0.00000000
  0.00018421   0.00000000    -0.00014837   0.00000000     0.00011192   0.00000000
   15    9
 -0.00136656   0.00000000    -0.00030189   0.00000000     0.00045068   0.00000000
  0.00034935   0.00000000     0.00029317   0.00000000     0.00036028   0.00000000
  0.00054360   0.00000000     0.00005721   0.00000000    -0.00008522   0.00000000
   15   10
 -0.00004992   0.00000000     0.00025290   0.00000000    -0.00000060   0.00000000
 -0.00020632   0.00000000    -0.00055290   0.00000000    -0.00013118   0.00000000
  0.00002177   0.00000000    -0.00027380   0.00000000    -0.00013197   0.00000000
   15   11
  0.00416256   0.00000000    -0.00889211   0.00000000    -0.01508970   0.00000000
  0.00980316   0.00000000    -0.01655098   0.00000000    -0.02585231   0.00000000
 -0.00080428   0.00000000     0.00016349   0.00000000    -0.00014447   0.00000000
   15   12
  0.00030463   0.00000000     0.00064517   0.00000000     0.00006344   0.00000000
 -0.00017062   0.00000000    -0.00046063   0.00000000    -0.00008709   0.00000000
 -0.00010938   0.00000000    -0.00029213   0.00000000     0.00011581   0.00000000
   15   13
 -0.00041036   0.00000000    -0.00037943   0.00000000    -0.00010086   0.00000000
  0.00039649   0.00000000     0.00026751   0.00000000    -0.00002772   0.00000000
  0.00017287   0.00000000    -0.00000950   0.00000000    -0.00004171   0.00000000
   15   14
 -0.00008310   0.00000000    -0.00000113   0.00000000    -0.00015681   0.00000000
  0.00025014   0.00000000    -0.00084211   0.00000000    -0.00021164   0.00000000
  0.00012493   0.00000000    -0.00033197   0.00000000    -0.00003050   0.00000000
   15   15
  0.07447445   0.00000000    -0.04649641   0.00000000    -0.06234190   0.00000000
 -0.04649641   0.00000000     0.14477217   0.00000000     0.14226668   0.00000000
 -0.06234190   0.00000000     0.14226668   0.00000000     0.28317253   0.00000000
   15   16
 -0.00017269   0.00000000     0.00053919   0.00000000    -0.00011143   0.00000000
  0.00053919   0.00000000    -0.00049552   0.00000000     0.00001866   0.00000000
  0.00011143   0.00000000    -0.00001866   0.00000000     0.00009167   0.00000000
   15   17
 -0.00004526   0.00000000    -0.00020738   0.00000000     0.00004609   0.00000000
  0.00020738   0.00000000     0.00020254   0.00000000     0.00015153   0.00000000
 -0.00004609   0.00000000     0.00015153   0.00000000     0.00016301   0.00000000
   15   18
  0.00014432   0.00000000     0.00016183   0.00000000    -0.00023615   0.00000000
 -0.00016183   0.00000000    -0.00010958   0.00000000    -0.00004295   0.00000000
 -0.00023615   0.00000000     0.00004295   0.00000000     0.00003705   0.00000000
   15   19
 -0.00025607   0.00000000     0.00052550   0.00000000     0.00006799   0.00000000
  0.00050394   0.00000000    -0.00054624   0.00000000     0.00000665   0.00000000
  0.00004677   0.00000000    -0.00001643   0.00000000    -0.00012438   0.00000000
   15   20
  0.00145101   0.00000000    -0.00629981   0.00000000    -0.00747478   0.00000000
 -0.00637555   0.00000000     0.01220358   0.00000000     0.01633683   0.00000000
  0.00739910   0.00000000    -0.01632324   0.00000000    -0.02301741   0.00000000
   15   21
  0.00004843   0.00000000     0.00012950   0.00000000     0.00007125   0.00000000
 -0.00008858   0.00000000    -0.00038831   0.00000000    -0.00030839   0.00000000
 -0.00002828   0.00000000    -0.00034241   0.00000000    -0.00013565   0.00000000
   15   22
 -0.00013547   0.00000000    -0.00038961   0.00000000     0.00033204   0.00000000
  0.00037445   0.00000000     0.00020617   0.00000000    -0.00019036   0.00000000
  0.00031451   0.00000000     0.00028201   0.00000000    -0.00015219   0.00000000
   16    1
 -0.00243380   0.00000000    -0.00126933   0.00000000    -0.00096332   0.00000000
 -0.00089518   0.00000000    -0.00242392   0.00000000     0.00044761   0.00000000
  0.00100533   0.00000000    -0.00258000   0.00000000     0.00245255   0.00000000
   16    2
 -0.00312672   0.00000000     0.00187474   0.00000000     0.00210732   0.00000000
  0.00048094   0.00000000     0.00100878   0.00000000    -0.00010738   0.00000000
  0.00117190   0.00000000     0.00030775   0.00000000    -0.00316430   0.00000000
   16    3
 -0.00105915   0.00000000     0.00024739   0.00000000    -0.00020086   0.00000000
  0.00021861   0.00000000    -0.00090428   0.00000000     0.00024820   0.00000000
 -0.00025455   0.00000000    -0.00006000   0.00000000    -0.00040888   0.00000000
   16    4
 -0.06264987   0.00000000     0.03941686   0.00000000    -0.05499951   0.00000000
  0.03922067   0.00000000    -0.13057086   0.00000000     0.12700028   0.00000000
 -0.05492500   0.00000000     0.12720874   0.00000000    -0.25727554   0.00000000
   16    5
 -0.00011404   0.00000000     0.00028568   0.00000000    -0.00029100   0.00000000
  0.00055064   0.00000000    -0.00067487   0.00000000     0.00013122   0.00000000
 -0.00042933   0.00000000     0.00076161   0.00000000    -0.00066063   0.00000000
   16    6
 -0.00071354   0.00000000     0.00067985   0.00000000    -0.00004548   0.00000000
 -0.00010574   0.00000000    -0.00044830   0.00000000     0.00021095   0.00000000
 -0.00066920   0.00000000     0.00037051   0.00000000    -0.00072472   0.00000000
   16    7
 -0.00012725   0.00000000     0.00011894   0.00000000    -0.00007763   0.00000000
  0.00088815   0.00000000    -0.00031673   0.00000000     0.00016288   0.00000000
 -0.00018421   0.00000000     0.00014837   0.00000000     0.00011192   0.00000000
   16    8
 -0.00764184   0.00000000     0.01941773   0.00000000    -0.02996967   0.00000000
  0.00078041   0.00000000    -0.00364480   0.00000000     0.00426291   0.00000000
 -0.00056856   0.00000000    -0.00065712   0.00000000     0.00019388   0.00000000
   16    9
 -0.00004992   0.00000000     0.00025290   0.00000000     0.00000060   0.00000000
 -0.00020632   0.00000000    -0.00055290   0.00000000     0.00013118   0.00000000
 -0.00002177   0.00000000     0.00027380   0.00000000    -0.00013197   0.00000000
   16   10
 -0.00136656   0.00000000    -0.00030189   0.00000000    -0.00045068   0.00000000
  0.00034935   0.00000000     0.00029317   0.00000000    -0.00036028   0.00000000
 -0.00054360   0.00000000    -0.00005721   0.00000000    -0.00008522   0.00000000
   16   11
  0.00030463   0.00000000     0.00064517   0.00000000    -0.00006344   0.00000000
 -0.00017062   0.00000000    -0.00046063   0.00000000     0.00008709   0.00000000
  0.00010938   0.00000000     0.00029213   0.00000000     0.00011581   0.00000000
   16   12
  0.00416256   0.00000000    -0.00889211   0.00000000     0.01508970   0.00000000
  0.00980316   0.00000000    -0.01655098   0.00000000     0.02585231   0.00000000
  0.00080428   0.00000000    -0.00016349   0.00000000    -0.00014447   0.00000000
   16   13
 -0.00008310   0.00000000    -0.00000113   0.00000000     0.00015681   0.00000000
  0.00025014   0.00000000    -0.00084211   0.00000000     0.00021164   0.00000000
 -0.00012493   0.00000000     0.00033197   0.00000000    -0.00003050   0.00000000
   16   14
 -0.00041036   0.00000000    -0.00037943   0.00000000     0.00010086   0.00000000
  0.00039649   0.00000000     0.00026751   0.00000000     0.00002772   0.00000000
 -0.00017287   0.00000000     0.00000950   0.00000000    -0.00004171   0.00000000
   16   15
 -0.00017269   0.00000000     0.00053919   0.00000000     0.00011143   0.00000000
  0.00053919   0.00000000    -0.00049552   0.00000000    -0.00001866   0.00000000
 -0.00011143   0.00000000     0.00001866   0.00000000     0.00009167   0.00000000
   16   16
  0.07447445   0.00000000    -0.04649641   0.00000000     0.06234190   0.00000000
 -0.04649641   0.00000000     0.14477217   0.00000000    -0.14226668   0.00000000
  0.06234190   0.00000000    -0.14226668   0.00000000     0.28317253   0.00000000
   16   17
  0.00014432   0.00000000     0.00016183   0.00000000     0.00023615   0.00000000
 -0.00016183   0.00000000    -0.00010958   0.00000000     0.00004295   0.00000000
  0.00023615   0.00000000    -0.00004295   0.00000000     0.00003705   0.00000000
   16   18
 -0.00004526   0.00000000    -0.00020738   0.00000000    -0.00004609   0.00000000
  0.00020738   0.00000000     0.00020254   0.00000000    -0.00015153   0.00000000
  0.00004609   0.00000000    -0.00015153   0.00000000     0.00016301   0.00000000
   16   19
  0.00145101   0.00000000    -0.00629981   0.00000000     0.00747478   0.00000000
 -0.00637555   0.00000000     0.01220358   0.00000000    -0.01633683   0.00000000
 -0.00739910   0.00000000     0.01632324   0.00000000    -0.02301741   0.00000000
   16   20
 -0.00025607   0.00000000     0.00052550   0.00000000    -0.00006799   0.00000000
  0.00050394   0.00000000    -0.00054624   0.00000000    -0.00000665   0.00000000
 -0.00004677   0.00000000     0.00001643   0.00000000    -0.00012438   0.00000000
   16   21
 -0.00013547   0.00000000    -0.00038961   0.00000000    -0.00033204   0.00000000
  0.00037445   0.00000000     0.00020617   0.00000000     0.00019036   0.00000000
 -0.00031451   0.00000000    -0.00028201   0.00000000    -0.00015219   0.00000000
   16   22
  0.00004843   0.00000000     0.00012950   0.00000000    -0.00007125   0.00000000
 -0.00008858   0.00000000    -0.00038831   0.00000000     0.00030839   0.00000000
  0.00002828   0.00000000     0.00034241   0.00000000    -0.00013565   0.00000000
   17    1
 -0.00312672   0.00000000    -0.00187474   0.00000000     0.00210732   0.00000000
 -0.00048094   0.00000000     0.00100878   0.00000000     0.00010738   0.00000000
  0.00117190   0.00000000    -0.00030775   0.00000000    -0.00316430   0.00000000
   17    2
 -0.00243380   0.00000000     0.00126933   0.00000000    -0.00096332   0.00000000
  0.00089518   0.00000000    -0.00242392   0.00000000    -0.00044761   0.00000000
  0.00100533   0.00000000     0.00258000   0.00000000     0.00245255   0.00000000
   17    3
 -0.00071354   0.00000000    -0.00067985   0.00000000    -0.00004548   0.00000000
  0.00010574   0.00000000    -0.00044830   0.00000000    -0.00021095   0.00000000
 -0.00066920   0.00000000    -0.00037051   0.00000000    -0.00072472   0.00000000
   17    4
 -0.00011404   0.00000000    -0.00028568   0.00000000    -0.00029100   0.00000000
 -0.00055064   0.00000000    -0.00067487   0.00000000    -0.00013122   0.00000000
 -0.00042933   0.00000000    -0.00076161   0.00000000    -0.00066063   0.00000000
   17    5
 -0.06264987   0.00000000    -0.03941686   0.00000000    -0.05499951   0.00000000
 -0.03922067   0.00000000    -0.13057086   0.00000000    -0.12700028   0.00000000
 -0.05492500   0.00000000    -0.12720874   0.00000000    -0.25727554   0.00000000
   17    6
 -0.00105915   0.00000000    -0.00024739   0.00000000    -0.00020086   0.00000000
 -0.00021861   0.00000000    -0.00090428   0.00000000    -0.00024820   0.00000000
 -0.00025455   0.00000000     0.00006000   0.00000000    -0.00040888   0.00000000
   17    7
 -0.00136656   0.00000000     0.00030189   0.00000000    -0.00045068   0.00000000
 -0.00034935   0.00000000     0.00029317   0.00000000     0.00036028   0.00000000
 -0.00054360   0.00000000     0.00005721   0.00000000    -0.00008522   0.00000000
   17    8
 -0.00004992   0.00000000    -0.00025290   0.00000000     0.00000060   0.00000000
  0.00020632   0.00000000    -0.00055290   0.00000000    -0.00013118   0.00000000
 -0.00002177   0.00000000    -0.00027380   0.00000000    -0.00013197   0.00000000
   17    9
 -0.00764184   0.00000000    -0.01941773   0.00000000    -0.02996967   0.00000000
 -0.00078041   0.00000000    -0.00364480   0.00000000    -0.00426291   0.00000000
 -0.00056856   0.00000000     0.00065712   0.00000000     0.00019388   0.00000000
   17   10
 -0.00012725   0.00000000    -0.00011894   0.00000000    -0.00007763   0.00000000
 -0.00088815   0.00000000    -0.00031673   0.00000000    -0.00016288   0.00000000
 -0.00018421   0.00000000    -0.00014837   0.00000000     0.00011192   0.00000000
   17   11
 -0.00041036   0.00000000     0.00037943   0.00000000     0.00010086   0.00000000
 -0.00039649   0.00000000     0.00026751   0.00000000    -0.00002772   0.00000000
 -0.00017287   0.00000000    -0.00000950   0.00000000    -0.00004171   0.00000000
   17   12
 -0.00008310   0.00000000     0.00000113   0.00000000     0.00015681   0.00000000
 -0.00025014   0.00000000    -0.00084211   0.00000000    -0.00021164   0.00000000
 -0.00012493   0.00000000    -0.00033197   0.00000000    -0.00003050   0.00000000
   17   13
  0.00416256   0.00000000     0.00889211   0.00000000     0.01508970   0.00000000
 -0.00980316   0.00000000    -0.01655098   0.00000000    -0.02585231   0.00000000
  0.00080428   0.00000000     0.00016349   0.00000000    -0.00014447   0.00000000
   17   14
  0.00030463   0.00000000    -0.00064517   0.00000000    -0.00006344   0.00000000
  0.00017062   0.00000000    -0.00046063   0.00000000    -0.00008709   0.00000000
  0.00010938   0.00000000    -0.00029213   0.00000000     0.00011581   0.00000000
   17   15
 -0.00004526   0.00000000     0.00020738   0.00000000    -0.00004609   0.00000000
 -0.00020738   0.00000000     0.00020254   0.00000000     0.00015153   0.00000000
  0.00004609   0.00000000     0.00015153   0.00000000     0.00016301   0.00000000
   17   16
  0.00014432   0.00000000    -0.00016183   0.00000000     0.00023615   0.00000000
  0.00016183   0.00000000    -0.00010958   0.00000000    -0.00004295   0.00000000
  0.00023615   0.00000000     0.00004295   0.00000000     0.00003705   0.00000000
   17   17
  0.07447445   0.00000000     0.04649641   0.00000000     0.06234190   0.00000000
  0.04649641   0.00000000     0.14477217   0.00000000     0.14226668   0.00000000
  0.06234190   0.00000000     0.14226668   0.00000000     0.28317253   0.00000000
   17   18
 -0.00017269   0.00000000    -0.00053919   0.00000000     0.00011143   0.00000000
 -0.00053919   0.00000000    -0.00049552   0.00000000     0.00001866   0.00000000
 -0.00011143   0.00000000    -0.00001866   0.00000000     0.00009167   0.00000000
   17   19
  0.00004843   0.00000000    -0.00012950   0.00000000    -0.00007125   0.00000000
  0.00008858   0.00000000    -0.00038831   0.00000000    -0.00030839   0.00000000
  0.00002828   0.00000000    -0.00034241   0.00000000    -0.00013565   0.00000000
   17   20
 -0.00013547   0.00000000     0.00038961   0.00000000    -0.00033204   0.00000000
 -0.00037445   0.00000000     0.00020617   0.00000000    -0.00019036   0.00000000
 -0.00031451   0.00000000     0.00028201   0.00000000    -0.00015219   0.00000000
   17   21
 -0.00025607   0.00000000    -0.00052550   0.00000000    -0.00006799   0.00000000
 -0.00050394   0.00000000    -0.00054624   0.00000000     0.00000665   0.00000000
 -0.00004677   0.00000000    -0.00001643   0.00000000    -0.00012438   0.00000000
   17   22
  0.00145101   0.00000000     0.00629981   0.00000000     0.00747478   0.00000000
  0.00637555   0.00000000     0.01220358   0.00000000     0.01633683   0.00000000
 -0.00739910   0.00000000    -0.01632324   0.00000000    -0.02301741   0.00000000
   18    1
 -0.00312672   0.00000000    -0.00187474   0.00000000    -0.00210732   0.00000000
 -0.00048094   0.00000000     0.00100878   0.00000000    -0.00010738   0.00000000
 -0.00117190   0.00000000     0.00030775   0.00000000    -0.00316430   0.00000000
   18    2
 -0.00243380   0.00000000     0.00126933   0.00000000     0.00096332   0.00000000
  0.00089518   0.00000000    -0.00242392   0.00000000     0.00044761   0.00000000
 -0.00100533   0.00000000    -0.00258000   0.00000000     0.00245255   0.00000000
   18    3
 -0.00011404   0.00000000    -0.00028568   0.00000000     0.00029100   0.00000000
 -0.00055064   0.00000000    -0.00067487   0.00000000     0.00013122   0.00000000
  0.00042933   0.00000000     0.00076161   0.00000000    -0.00066063   0.00000000
   18    4
 -0.00071354   0.00000000    -0.00067985   0.00000000     0.00004548   0.00000000
  0.00010574   0.00000000    -0.00044830   0.00000000     0.00021095   0.00000000
  0.00066920   0.00000000     0.00037051   0.00000000    -0.00072472   0.00000000
   18    5
 -0.00105915   0.00000000    -0.00024739   0.00000000     0.00020086   0.00000000
 -0.00021861   0.00000000    -0.00090428   0.00000000     0.00024820   0.00000000
  0.00025455   0.00000000    -0.00006000   0.00000000    -0.00040888   0.00000000
   18    6
 -0.06264987   0.00000000    -0.03941686   0.00000000     0.05499951   0.00000000
 -0.03922067   0.00000000    -0.13057086   0.00000000     0.12700028   0.00000000
  0.05492500   0.00000000     0.12720874   0.00000000    -0.25727554   0.00000000
   18    7
 -0.00004992   0.00000000    -0.00025290   0.00000000    -0.00000060   0.00000000
  0.00020632   0.00000000    -0.00055290   0.00000000     0.00013118   0.00000000
  0.00002177   0.00000000     0.00027380   0.00000000    -0.00013197   0.00000000
   18    8
 -0.00136656   0.00000000     0.00030189   0.00000000     0.00045068   0.00000000
 -0.00034935   0.00000000     0.00029317   0.00000000    -0.00036028   0.00000000
  0.00054360   0.00000000    -0.00005721   0.00000000    -0.00008522   0.00000000
   18    9
 -0.00012725   0.00000000    -0.00011894   0.00000000     0.00007763   0.00000000
 -0.00088815   0.00000000    -0.00031673   0.00000000     0.00016288   0.00000000
  0.00018421   0.00000000     0.00014837   0.00000000     0.00011192   0.00000000
   18   10
 -0.00764184   0.00000000    -0.01941773   0.00000000     0.02996967   0.00000000
 -0.00078041   0.00000000    -0.00364480   0.00000000     0.00426291   0.00000000
  0.00056856   0.00000000    -0.00065712   0.00000000     0.00019388   0.00000000
   18   11
 -0.00008310   0.00000000     0.00000113   0.00000000    -0.00015681   0.00000000
 -0.00025014   0.00000000    -0.00084211   0.00000000     0.00021164   0.00000000
  0.00012493   0.00000000     0.00033197   0.00000000    -0.00003050   0.00000000
   18   12
 -0.00041036   0.00000000     0.00037943   0.00000000    -0.00010086   0.00000000
 -0.00039649   0.00000000     0.00026751   0.00000000     0.00002772   0.00000000
  0.00017287   0.00000000     0.00000950   0.00000000    -0.00004171   0.00000000
   18   13
  0.00030463   0.00000000    -0.00064517   0.00000000     0.00006344   0.00000000
  0.00017062   0.00000000    -0.00046063   0.00000000     0.00008709   0.00000000
 -0.00010938   0.00000000     0.00029213   0.00000000     0.00011581   0.00000000
   18   14
  0.00416256   0.00000000     0.00889211   0.00000000    -0.01508970   0.00000000
 -0.00980316   0.00000000    -0.01655098   0.00000000     0.02585231   0.00000000
 -0.00080428   0.00000000    -0.00016349   0.00000000    -0.00014447   0.00000000
   18   15
  0.00014432   0.00000000    -0.00016183   0.00000000    -0.00023615   0.00000000
  0.00016183   0.00000000    -0.00010958   0.00000000     0.00004295   0.00000000
 -0.00023615   0.00000000    -0.00004295   0.00000000     0.00003705   0.00000000
   18   16
 -0.00004526   0.00000000     0.00020738   0.00000000     0.00004609   0.00000000
 -0.00020738   0.00000000     0.00020254   0.00000000    -0.00015153   0.00000000
 -0.00004609   0.00000000    -0.00015153   0.00000000     0.00016301   0.00000000
   18   17
 -0.00017269   0.00000000    -0.00053919   0.00000000    -0.00011143   0.00000000
 -0.00053919   0.00000000    -0.00049552   0.00000000    -0.00001866   0.00000000
  0.00011143   0.00000000     0.00001866   0.00000000     0.00009167   0.00000000
   18   18
  0.07447445   0.00000000     0.04649641   0.00000000    -0.06234190   0.00000000
  0.04649641   0.00000000     0.14477217   0.00000000    -0.14226668   0.00000000
 -0.06234190   0.00000000    -0.14226668   0.00000000     0.28317253   0.00000000
   18   19
 -0.00013547   0.00000000     0.00038961   0.00000000     0.00033204   0.00000000
 -0.00037445   0.00000000     0.00020617   0.00000000     0.00019036   0.00000000
  0.00031451   0.00000000    -0.00028201   0.00000000    -0.00015219   0.00000000
   18   20
  0.00004843   0.00000000    -0.00012950   0.00000000     0.00007125   0.00000000
  0.00008858   0.00000000    -0.00038831   0.00000000     0.00030839   0.00000000
 -0.00002828   0.00000000     0.00034241   0.00000000    -0.00013565   0.00000000
   18   21
  0.00145101   0.00000000     0.00629981   0.00000000    -0.00747478   0.00000000
  0.00637555   0.00000000     0.01220358   0.00000000    -0.01633683   0.00000000
  0.00739910   0.00000000     0.01632324   0.00000000    -0.02301741   0.00000000
   18   22
 -0.00025607   0.00000000    -0.00052550   0.00000000     0.00006799   0.00000000
 -0.00050394   0.00000000    -0.00054624   0.00000000    -0.00000665   0.00000000
  0.00004677   0.00000000     0.00001643   0.00000000    -0.00012438   0.00000000
   19    1
 -0.00242095   0.00000000    -0.00159248   0.00000000     0.00079559   0.00000000
 -0.00064523   0.00000000    -0.00228228   0.00000000    -0.00061593   0.00000000
 -0.00084593   0.00000000     0.00286684   0.00000000     0.00258747   0.00000000
   19    2
 -0.00348267   0.00000000     0.00224890   0.00000000    -0.00198892   0.00000000
  0.00041296   0.00000000     0.00091282   0.00000000     0.00039192   0.00000000
 -0.00075759   0.00000000    -0.00051318   0.00000000    -0.00326829   0.00000000
   19    3
 -0.00103527   0.00000000     0.00026067   0.00000000     0.00036723   0.00000000
  0.00026860   0.00000000    -0.00086327   0.00000000    -0.00021602   0.00000000
  0.00026635   0.00000000     0.00017864   0.00000000    -0.00059344   0.00000000
   19    4
 -0.06264848   0.00000000     0.03931822   0.00000000     0.05500723   0.00000000
  0.03926017   0.00000000    -0.13053343   0.00000000    -0.12698058   0.00000000
  0.05490206   0.00000000    -0.12720269   0.00000000    -0.25727675   0.00000000
   19    5
 -0.00019871   0.00000000     0.00032282   0.00000000     0.00024924   0.00000000
  0.00053477   0.00000000    -0.00067432   0.00000000    -0.00018250   0.00000000
  0.00048726   0.00000000    -0.00075109   0.00000000    -0.00061265   0.00000000
   19    6
 -0.00075845   0.00000000     0.00073008   0.00000000     0.00006057   0.00000000
 -0.00016087   0.00000000    -0.00048142   0.00000000    -0.00022282   0.00000000
  0.00068713   0.00000000    -0.00049323   0.00000000    -0.00077876   0.00000000
   19    7
 -0.00013157   0.00000000     0.00015217   0.00000000     0.00013571   0.00000000
  0.00089770   0.00000000    -0.00031672   0.00000000    -0.00021439   0.00000000
  0.00016259   0.00000000    -0.00014248   0.00000000    -0.00004535   0.00000000
   19    8
 -0.00771988   0.00000000     0.01942529   0.00000000     0.02993824   0.00000000
  0.00081361   0.00000000    -0.00365699   0.00000000    -0.00421654   0.00000000
  0.00057518   0.00000000     0.00062552   0.00000000     0.00020346   0.00000000
   19    9
 -0.00000590   0.00000000     0.00026075   0.00000000    -0.00008263   0.00000000
 -0.00014717   0.00000000    -0.00052384   0.00000000    -0.00008380   0.00000000
  0.00008919   0.00000000    -0.00022540   0.00000000    -0.00004364   0.00000000
   19   10
 -0.00142716   0.00000000    -0.00032124   0.00000000     0.00046750   0.00000000
  0.00030775   0.00000000     0.00028568   0.00000000     0.00030006   0.00000000
  0.00061574   0.00000000     0.00005507   0.00000000    -0.00018989   0.00000000
   19   11
  0.00030906   0.00000000     0.00062714   0.00000000     0.00003086   0.00000000
 -0.00016939   0.00000000    -0.00043781   0.00000000    -0.00007033   0.00000000
 -0.00009664   0.00000000    -0.00022879   0.00000000     0.00018601   0.00000000
   19   12
  0.00420854   0.00000000    -0.00884695   0.00000000    -0.01514452   0.00000000
  0.00980748   0.00000000    -0.01655807   0.00000000    -0.02587312   0.00000000
 -0.00080810   0.00000000     0.00018468   0.00000000    -0.00009022   0.00000000
   19   13
 -0.00014445   0.00000000     0.00008896   0.00000000    -0.00015976   0.00000000
  0.00022203   0.00000000    -0.00078858   0.00000000    -0.00032893   0.00000000
  0.00012409   0.00000000    -0.00030687   0.00000000    -0.00008887   0.00000000
   19   14
 -0.00039113   0.00000000    -0.00038825   0.00000000    -0.00009850   0.00000000
  0.00040387   0.00000000     0.00021143   0.00000000    -0.00014408   0.00000000
  0.00014838   0.00000000     0.00000069   0.00000000    -0.00014773   0.00000000
   19   15
 -0.00025607   0.00000000     0.00050394   0.00000000     0.00004677   0.00000000
  0.00052550   0.00000000    -0.00054624   0.00000000    -0.00001643   0.00000000
  0.00006799   0.00000000     0.00000665   0.00000000    -0.00012438   0.00000000
   19   16
  0.00145101   0.00000000    -0.00637555   0.00000000    -0.00739910   0.00000000
 -0.00629981   0.00000000     0.01220358   0.00000000     0.01632324   0.00000000
  0.00747478   0.00000000    -0.01633683   0.00000000    -0.02301741   0.00000000
   19   17
  0.00004843   0.00000000     0.00008858   0.00000000     0.00002828   0.00000000
 -0.00012950   0.00000000    -0.00038831   0.00000000    -0.00034241   0.00000000
 -0.00007125   0.00000000    -0.00030839   0.00000000    -0.00013565   0.00000000
   19   18
 -0.00013547   0.00000000    -0.00037445   0.00000000     0.00031451   0.00000000
  0.00038961   0.00000000     0.00020617   0.00000000    -0.00028201   0.00000000
  0.00033204   0.00000000     0.00019036   0.00000000    -0.00015219   0.00000000
   19   19
  0.07449185   0.00000000    -0.04653485   0.00000000    -0.06240464   0.00000000
 -0.04653485   0.00000000     0.14477681   0.00000000     0.14226288   0.00000000
 -0.06240464   0.00000000     0.14226288   0.00000000     0.28315645   0.00000000
   19   20
 -0.00012792   0.00000000     0.00057838   0.00000000    -0.00012629   0.00000000
  0.00057838   0.00000000    -0.00050442   0.00000000     0.00003340   0.00000000
  0.00012629   0.00000000    -0.00003340   0.00000000     0.00016687   0.00000000
   19   21
 -0.00005504   0.00000000    -0.00018808   0.00000000     0.00008898   0.00000000
  0.00018808   0.00000000     0.00021679   0.00000000     0.00013070   0.00000000
 -0.00008898   0.00000000     0.00013070   0.00000000     0.00010339   0.00000000
   19   22
  0.00006238   0.00000000     0.00014190   0.00000000    -0.00016586   0.00000000
 -0.00014190   0.00000000    -0.00015615   0.00000000     0.00000611   0.00000000
 -0.00016586   0.00000000    -0.00000611   0.00000000     0.00009350   0.00000000
   20    1
 -0.00242095   0.00000000    -0.00159248   0.00000000    -0.00079559   0.00000000
 -0.00064523   0.00000000    -0.00228228   0.00000000     0.00061593   0.00000000
  0.00084593   0.00000000    -0.00286684   0.00000000     0.00258747   0.00000000
   20    2
 -0.00348267   0.00000000     0.00224890   0.00000000     0.00198892   0.00000000
  0.00041296   0.00000000     0.00091282   0.00000000    -0.00039192   0.00000000
  0.00075759   0.00000000     0.00051318   0.00000000    -0.00326829   0.00000000
   20    3
 -0.06264848   0.00000000     0.03931822   0.00000000    -0.05500723   0.00000000
  0.03926017   0.00000000    -0.13053343   0.00000000     0.12698058   0.00000000
 -0.05490206   0.00000000     0.12720269   0.00000000    -0.25727675   0.00000000
   20    4
 -0.00103527   0.00000000     0.00026067   0.00000000    -0.00036723   0.00000000
  0.00026860   0.00000000    -0.00086327   0.00000000     0.00021602   0.00000000
 -0.00026635   0.00000000    -0.00017864   0.00000000    -0.00059344   0.00000000
   20    5
 -0.00075845   0.00000000     0.00073008   0.00000000    -0.00006057   0.00000000
 -0.00016087   0.00000000    -0.00048142   0.00000000     0.00022282   0.00000000
 -0.00068713   0.00000000     0.00049323   0.00000000    -0.00077876   0.00000000
   20    6
 -0.00019871   0.00000000     0.00032282   0.00000000    -0.00024924   0.00000000
  0.00053477   0.00000000    -0.00067432   0.00000000     0.00018250   0.00000000
 -0.00048726   0.00000000     0.00075109   0.00000000    -0.00061265   0.00000000
   20    7
 -0.00771988   0.00000000     0.01942529   0.00000000    -0.02993824   0.00000000
  0.00081361   0.00000000    -0.00365699   0.00000000     0.00421654   0.00000000
 -0.00057518   0.00000000    -0.00062552   0.00000000     0.00020346   0.00000000
   20    8
 -0.00013157   0.00000000     0.00015217   0.00000000    -0.00013571   0.00000000
  0.00089770   0.00000000    -0.00031672   0.00000000     0.00021439   0.00000000
 -0.00016259   0.00000000     0.00014248   0.00000000    -0.00004535   0.00000000
   20    9
 -0.00142716   0.00000000    -0.00032124   0.00000000    -0.00046750   0.00000000
  0.00030775   0.00000000     0.00028568   0.00000000    -0.00030006   0.00000000
 -0.00061574   0.00000000    -0.00005507   0.00000000    -0.00018989   0.00000000
   20   10
 -0.00000590   0.00000000     0.00026075   0.00000000     0.00008263   0.00000000
 -0.00014717   0.00000000    -0.00052384   0.00000000     0.00008380   0.00000000
 -0.00008919   0.00000000     0.00022540   0.00000000    -0.00004364   0.00000000
   20   11
  0.00420854   0.00000000    -0.00884695   0.00000000     0.01514452   0.00000000
  0.00980748   0.00000000    -0.01655807   0.00000000     0.02587312   0.00000000
  0.00080810   0.00000000    -0.00018468   0.00000000    -0.00009022   0.00000000
   20   12
  0.00030906   0.00000000     0.00062714   0.00000000    -0.00003086   0.00000000
 -0.00016939   0.00000000    -0.00043781   0.00000000     0.00007033   0.00000000
  0.00009664   0.00000000     0.00022879   0.00000000     0.00018601   0.00000000
   20   13
 -0.00039113   0.00000000    -0.00038825   0.00000000     0.00009850   0.00000000
  0.00040387   0.00000000     0.00021143   0.00000000     0.00014408   0.00000000
 -0.00014838   0.00000000    -0.00000069   0.00000000    -0.00014773   0.00000000
   20   14
 -0.00014445   0.00000000     0.00008896   0.00000000     0.00015976   0.00000000
  0.00022203   0.00000000    -0.00078858   0.00000000     0.00032893   0.00000000
 -0.00012409   0.00000000     0.00030687   0.00000000    -0.00008887   0.00000000
   20   15
  0.00145101   0.00000000    -0.00637555   0.00000000     0.00739910   0.00000000
 -0.00629981   0.00000000     0.01220358   0.00000000    -0.01632324   0.00000000
 -0.00747478   0.00000000     0.01633683   0.00000000    -0.02301741   0.00000000
   20   16
 -0.00025607   0.00000000     0.00050394   0.00000000    -0.00004677   0.00000000
  0.00052550   0.00000000    -0.00054624   0.00000000     0.00001643   0.00000000
 -0.00006799   0.00000000    -0.00000665   0.00000000    -0.00012438   0.00000000
   20   17
 -0.00013547   0.00000000    -0.00037445   0.00000000    -0.00031451   0.00000000
  0.00038961   0.00000000     0.00020617   0.00000000     0.00028201   0.00000000
 -0.00033204   0.00000000    -0.00019036   0.00000000    -0.00015219   0.00000000
   20   18
  0.00004843   0.00000000     0.00008858   0.00000000    -0.00002828   0.00000000
 -0.00012950   0.00000000    -0.00038831   0.00000000     0.00034241   0.00000000
  0.00007125   0.00000000     0.00030839   0.00000000    -0.00013565   0.00000000
   20   19
 -0.00012792   0.00000000     0.00057838   0.00000000     0.00012629   0.00000000
  0.00057838   0.00000000    -0.00050442   0.00000000    -0.00003340   0.00000000
 -0.00012629   0.00000000     0.00003340   0.00000000     0.00016687   0.00000000
   20   20
  0.07449185   0.00000000    -0.04653485   0.00000000     0.06240464   0.00000000
 -0.04653485   0.00000000     0.14477681   0.00000000    -0.14226288   0.00000000
  0.06240464   0.00000000    -0.14226288   0.00000000     0.28315645   0.00000000
   20   21
  0.00006238   0.00000000     0.00014190   0.00000000     0.00016586   0.00000000
 -0.00014190   0.00000000    -0.00015615   0.00000000    -0.00000611   0.00000000
  0.00016586   0.00000000     0.00000611   0.00000000     0.00009350   0.00000000
   20   22
 -0.00005504   0.00000000    -0.00018808   0.00000000    -0.00008898   0.00000000
  0.00018808   0.00000000     0.00021679   0.00000000    -0.00013070   0.00000000
  0.00008898   0.00000000    -0.00013070   0.00000000     0.00010339   0.00000000
   21    1
 -0.00348267   0.00000000    -0.00224890   0.00000000     0.00198892   0.00000000
 -0.00041296   0.00000000     0.00091282   0.00000000     0.00039192   0.00000000
  0.00075759   0.00000000    -0.00051318   0.00000000    -0.00326829   0.00000000
   21    2
 -0.00242095   0.00000000     0.00159248   0.00000000    -0.00079559   0.00000000
  0.00064523   0.00000000    -0.00228228   0.00000000    -0.00061593   0.00000000
  0.00084593   0.00000000     0.00286684   0.00000000     0.00258747   0.00000000
   21    3
 -0.00019871   0.00000000    -0.00032282   0.00000000    -0.00024924   0.00000000
 -0.00053477   0.00000000    -0.00067432   0.00000000    -0.00018250   0.00000000
 -0.00048726   0.00000000    -0.00075109   0.00000000    -0.00061265   0.00000000
   21    4
 -0.00075845   0.00000000    -0.00073008   0.00000000    -0.00006057   0.00000000
  0.00016087   0.00000000    -0.00048142   0.00000000    -0.00022282   0.00000000
 -0.00068713   0.00000000    -0.00049323   0.00000000    -0.00077876   0.00000000
   21    5
 -0.00103527   0.00000000    -0.00026067   0.00000000    -0.00036723   0.00000000
 -0.00026860   0.00000000    -0.00086327   0.00000000    -0.00021602   0.00000000
 -0.00026635   0.00000000     0.00017864   0.00000000    -0.00059344   0.00000000
   21    6
 -0.06264848   0.00000000    -0.03931822   0.00000000    -0.05500723   0.00000000
 -0.03926017   0.00000000    -0.13053343   0.00000000    -0.12698058   0.00000000
 -0.05490206   0.00000000    -0.12720269   0.00000000    -0.25727675   0.00000000
   21    7
 -0.00000590   0.00000000    -0.00026075   0.00000000     0.00008263   0.00000000
  0.00014717   0.00000000    -0.00052384   0.00000000    -0.00008380   0.00000000
 -0.00008919   0.00000000    -0.00022540   0.00000000    -0.00004364   0.00000000
   21    8
 -0.00142716   0.00000000     0.00032124   0.00000000    -0.00046750   0.00000000
 -0.00030775   0.00000000     0.00028568   0.00000000     0.00030006   0.00000000
 -0.00061574   0.00000000     0.00005507   0.00000000    -0.00018989   0.00000000
   21    9
 -0.00013157   0.00000000    -0.00015217   0.00000000    -0.00013571   0.00000000
 -0.00089770   0.00000000    -0.00031672   0.00000000    -0.00021439   0.00000000
 -0.00016259   0.00000000    -0.00014248   0.00000000    -0.00004535   0.00000000
   21   10
 -0.00771988   0.00000000    -0.01942529   0.00000000    -0.02993824   0.00000000
 -0.00081361   0.00000000    -0.00365699   0.00000000    -0.00421654   0.00000000
 -0.00057518   0.00000000     0.00062552   0.00000000     0.00020346   0.00000000
   21   11
 -0.00014445   0.00000000    -0.00008896   0.00000000     0.00015976   0.00000000
 -0.00022203   0.00000000    -0.00078858   0.00000000    -0.00032893   0.00000000
 -0.00012409   0.00000000    -0.00030687   0.00000000    -0.00008887   0.00000000
   21   12
 -0.00039113   0.00000000     0.00038825   0.00000000     0.00009850   0.00000000
 -0.00040387   0.00000000     0.00021143   0.00000000    -0.00014408   0.00000000
 -0.00014838   0.00000000     0.00000069   0.00000000    -0.00014773   0.00000000
   21   13
  0.00030906   0.00000000    -0.00062714   0.00000000    -0.00003086   0.00000000
  0.00016939   0.00000000    -0.00043781   0.00000000    -0.00007033   0.00000000
  0.00009664   0.00000000    -0.00022879   0.00000000     0.00018601   0.00000000
   21   14
  0.00420854   0.00000000     0.00884695   0.00000000     0.01514452   0.00000000
 -0.00980748   0.00000000    -0.01655807   0.00000000    -0.02587312   0.00000000
  0.00080810   0.00000000     0.00018468   0.00000000    -0.00009022   0.00000000
   21   15
  0.00004843   0.00000000    -0.00008858   0.00000000    -0.00002828   0.00000000
  0.00012950   0.00000000    -0.00038831   0.00000000    -0.00034241   0.00000000
  0.00007125   0.00000000    -0.00030839   0.00000000    -0.00013565   0.00000000
   21   16
 -0.00013547   0.00000000     0.00037445   0.00000000    -0.00031451   0.00000000
 -0.00038961   0.00000000     0.00020617   0.00000000    -0.00028201   0.00000000
 -0.00033204   0.00000000     0.00019036   0.00000000    -0.00015219   0.00000000
   21   17
 -0.00025607   0.00000000    -0.00050394   0.00000000    -0.00004677   0.00000000
 -0.00052550   0.00000000    -0.00054624   0.00000000    -0.00001643   0.00000000
 -0.00006799   0.00000000     0.00000665   0.00000000    -0.00012438   0.00000000
   21   18
  0.00145101   0.00000000     0.00637555   0.00000000     0.00739910   0.00000000
  0.00629981   0.00000000     0.01220358   0.00000000     0.01632324   0.00000000
 -0.00747478   0.00000000    -0.01633683   0.00000000    -0.02301741   0.00000000
   21   19
 -0.00005504   0.00000000     0.00018808   0.00000000    -0.00008898   0.00000000
 -0.00018808   0.00000000     0.00021679   0.00000000     0.00013070   0.00000000
  0.00008898   0.00000000     0.00013070   0.00000000     0.00010339   0.00000000
   21   20
  0.00006238   0.00000000    -0.00014190   0.00000000     0.00016586   0.00000000
  0.00014190   0.00000000    -0.00015615   0.00000000     0.00000611   0.00000000
  0.00016586   0.00000000    -0.00000611   0.00000000     0.00009350   0.00000000
   21   21
  0.07449185   0.00000000     0.04653485   0.00000000     0.06240464   0.00000000
  0.04653485   0.00000000     0.14477681   0.00000000     0.14226288   0.00000000
  0.06240464   0.00000000     0.14226288   0.00000000     0.28315645   0.00000000
   21   22
 -0.00012792   0.00000000    -0.00057838   0.00000000     0.00012629   0.00000000
 -0.00057838   0.00000000    -0.00050442   0.00000000     0.00003340   0.00000000
 -0.00012629   0.00000000    -0.00003340   0.00000000     0.00016687   0.00000000
   22    1
 -0.00348267   0.00000000    -0.00224890   0.00000000    -0.00198892   0.00000000
 -0.00041296   0.00000000     0.00091282   0.00000000    -0.00039192   0.00000000
 -0.00075759   0.00000000     0.00051318   0.00000000    -0.00326829   0.00000000
   22    2
 -0.00242095   0.00000000     0.00159248   0.00000000     0.00079559   0.00000000
  0.00064523   0.00000000    -0.00228228   0.00000000     0.00061593   0.00000000
 -0.00084593   0.00000000    -0.00286684   0.00000000     0.00258747   0.00000000
   22    3
 -0.00075845   0.00000000    -0.00073008   0.00000000     0.00006057   0.00000000
  0.00016087   0.00000000    -0.00048142   0.00000000     0.00022282   0.00000000
  0.00068713   0.00000000     0.00049323   0.00000000    -0.00077876   0.00000000
   22    4
 -0.00019871   0.00000000    -0.00032282   0.00000000     0.00024924   0.00000000
 -0.00053477   0.00000000    -0.00067432   0.00000000     0.00018250   0.00000000
  0.00048726   0.00000000     0.00075109   0.00000000    -0.00061265   0.00000000
   22    5
 -0.06264848   0.00000000    -0.03931822   0.00000000     0.05500723   0.00000000
 -0.03926017   0.00000000    -0.13053343   0.00000000     0.12698058   0.00000000
  0.05490206   0.00000000     0.12720269   0.00000000    -0.25727675   0.00000000
   22    6
 -0.00103527   0.00000000    -0.00026067   0.00000000     0.00036723   0.00000000
 -0.00026860   0.00000000    -0.00086327   0.00000000     0.00021602   0.00000000
  0.00026635   0.00000000    -0.00017864   0.00000000    -0.00059344   0.00000000
   22    7
 -0.00142716   0.00000000     0.00032124   0.00000000     0.00046750   0.00000000
 -0.00030775   0.00000000     0.00028568   0.00000000    -0.00030006   0.00000000
  0.00061574   0.00000000    -0.00005507   0.00000000    -0.00018989   0.00000000
   22    8
 -0.00000590   0.00000000    -0.00026075   0.00000000    -0.00008263   0.00000000
  0.00014717   0.00000000    -0.00052384   0.00000000     0.00008380   0.00000000
  0.00008919   0.00000000     0.00022540   0.00000000    -0.00004364   0.00000000
   22    9
 -0.00771988   0.00000000    -0.01942529   0.00000000     0.02993824   0.00000000
 -0.00081361   0.00000000    -0.00365699   0.00000000     0.00421654   0.00000000
  0.00057518   0.00000000    -0.00062552   0.00000000     0.00020346   0.00000000
   22   10
 -0.00013157   0.00000000    -0.00015217   0.00000000     0.00013571   0.00000000
 -0.00089770   0.00000000    -0.00031672   0.00000000     0.00021439   0.00000000
  0.00016259   0.00000000     0.00014248   0.00000000    -0.00004535   0.00000000
   22   11
 -0.00039113   0.00000000     0.00038825   0.00000000    -0.00009850   0.00000000
 -0.00040387   0.00000000     0.00021143   0.00000000     0.00014408   0.00000000
  0.00014838   0.00000000    -0.00000069   0.00000000    -0.00014773   0.00000000
   22   12
 -0.00014445   0.00000000    -0.00008896   0.00000000    -0.00015976   0.00000000
 -0.00022203   0.00000000    -0.00078858   0.00000000     0.00032893   0.00000000
  0.00012409   0.00000000     0.00030687   0.00000000    -0.00008887   0.00000000
   22   13
  0.00420854   0.00000000     0.00884695   0.00000000    -0.01514452   0.00000000
 -0.00980748   0.00000000    -0.01655807   0.00000000     0.02587312   0.00000000
 -0.00080810   0.00000000    -0.00018468   0.00000000    -0.00009022   0.00000000
   22   14
  0.00030906   0.00000000    -0.00062714   0.00000000     0.00003086   0.00000000
  0.00016939   0.00000000    -0.00043781   0.00000000     0.00007033   0.00000000
 -0.00009664   0.00000000     0.00022879   0.00000000     0.00018601   0.00000000
   22   15
 -0.00013547   0.00000000     0.00037445   0.00000000     0.00031451   0.00000000
 -0.00038961   0.00000000     0.00020617   0.00000000     0.00028201   0.00000000
  0.00033204   0.00000000    -0.00019036   0.00000000    -0.00015219   0.00000000
   22   16
  0.00004843   0.00000000    -0.00008858   0.00000000     0.00002828   0.00000000
  0.00012950   0.00000000    -0.00038831   0.00000000     0.00034241   0.00000000
 -0.00007125   0.00000000     0.00030839   0.00000000    -0.00013565   0.00000000
   22   17
  0.00145101   0.00000000     0.00637555   0.00000000    -0.00739910   0.00000000
  0.00629981   0.00000000     0.01220358   0.00000000    -0.01632324   0.00000000
  0.00747478   0.00000000     0.01633683   0.00000000    -0.02301741   0.00000000
   22   18
 -0.00025607   0.00000000    -0.00050394   0.00000000     0.00004677   0.00000000
 -0.00052550   0.00000000    -0.00054624   0.00000000     0.00001643   0.00000000
  0.00006799   0.00000000    -0.00000665   0.00000000    -0.00012438   0.00000000
   22   19
  0.00006238   0.00000000    -0.00014190   0.00000000    -0.00016586   0.00000000
  0.00014190   0.00000000    -0.00015615   0.00000000    -0.00000611   0.00000000
 -0.00016586   0.00000000     0.00000611   0.00000000     0.00009350   0.00000000
   22   20
 -0.00005504   0.00000000     0.00018808   0.00000000     0.00008898   0.00000000
 -0.00018808   0.00000000     0.00021679   0.00000000    -0.00013070   0.00000000
 -0.00008898   0.00000000    -0.00013070   0.00000000     0.00010339   0.00000000
   22   21
 -0.00012792   0.00000000    -0.00057838   0.00000000    -0.00012629   0.00000000
 -0.00057838   0.00000000    -0.00050442   0.00000000    -0.00003340   0.00000000
  0.00012629   0.00000000     0.00003340   0.00000000     0.00016687   0.00000000
   22   22
  0.07449185   0.00000000     0.04653485   0.00000000    -0.06240464   0.00000000
  0.04653485   0.00000000     0.14477681   0.00000000    -0.14226288   0.00000000
 -0.06240464   0.00000000    -0.14226288   0.00000000     0.28315645   0.00000000

     Dielectric Tensor:

          2.896944033206          0.000000000000          0.000000000000
          0.000000000000          2.935195979479          0.000000000000
          0.000000000000          0.000000000000          3.132171085535

     Effective Charges E-U: Z_{alpha}{s,beta}

     atom #    1
          2.408846019754         -0.071366173231          0.000000000000
          0.248209879440          2.421188550852          0.000000000000
          0.000000000000          0.000000000000          2.987184784915
     atom #    2
          2.408846019754          0.071366173231          0.000000000000
         -0.248209879440          2.421188550852          0.000000000000
          0.000000000000          0.000000000000          2.987184784915
     atom #    3
         -0.116850216298          0.010605074007          0.000001351092
          0.157626531301          0.013322160207          0.000002602892
          0.000028536954          0.000004192238         -0.185434301806
     atom #    4
         -0.116850216298          0.010605074007         -0.000001351092
          0.157626531301          0.013322160207         -0.000002602892
         -0.000028536954         -0.000004192238         -0.185434301806
     atom #    5
         -0.116850216298         -0.010605074007         -0.000001351092
         -0.157626531301          0.013322160207          0.000002602892
         -0.000028536954          0.000004192238         -0.185434301806
     atom #    6
         -0.116850216298         -0.010605074007          0.000001351092
         -0.157626531301          0.013322160207         -0.000002602892
          0.000028536954         -0.000004192238         -0.185434301806
     atom #    7
         -0.452494622528          0.129723850334         -0.000027776759
          0.136008845495         -0.231283349207          0.000019422850
         -0.000025509870          0.000019500488         -0.254878851605
     atom #    8
         -0.452494622528          0.129723850334          0.000027776759
          0.136008845495         -0.231283349207         -0.000019422850
          0.000025509870         -0.000019500488         -0.254878851605
     atom #    9
         -0.452494622528         -0.129723850334          0.000027776759
         -0.136008845495         -0.231283349207          0.000019422850
          0.000025509870          0.000019500488         -0.254878851605
     atom #   10
         -0.452494622528         -0.129723850334         -0.000027776759
         -0.136008845495         -0.231283349207         -0.000019422850
         -0.000025509870         -0.000019500488         -0.254878851605
     atom #   11
         -0.213284832010          0.003915625241          0.000003667072
         -0.090475118579         -0.456263621327          0.000000349672
         -0.000000520668         -0.000006349876         -0.259472214872
     atom #   12
         -0.213284832010          0.003915625241         -0.000003667072
         -0.090475118579         -0.456263621327         -0.000000349672
          0.000000520668          0.000006349876         -0.259472214872
     atom #   13
         -0.213284832010         -0.003915625241         -0.000003667072
          0.090475118579         -0.456263621327          0.000000349672
          0.000000520668         -0.000006349876         -0.259472214872
     atom #   14
         -0.213284832010         -0.003915625241          0.000003667072
          0.090475118579         -0.456263621327         -0.000000349672
         -0.000000520668          0.000006349876         -0.259472214872
     atom #   15
         -0.210952158745          0.163902670794          0.079104458009
          0.122685643369         -0.267360573558         -0.100359537023
          0.043262416227         -0.109538719298         -0.396729540811
     atom #   16
         -0.210952158745          0.163902670794         -0.079104458009
          0.122685643369         -0.267360573558          0.100359537023
         -0.043262416227          0.109538719298         -0.396729540811
     atom #   17
         -0.210952158745         -0.163902670794         -0.079104458009
         -0.122685643369         -0.267360573558         -0.100359537023
         -0.043262416227         -0.109538719298         -0.396729540811
     atom #   18
         -0.210952158745         -0.163902670794          0.079104458009
         -0.122685643369         -0.267360573558          0.100359537023
          0.043262416227          0.109538719298         -0.396729540811
     atom #   19
         -0.210938578509          0.163874091328          0.079064135446
          0.122662656229         -0.267339773266         -0.100332251153
          0.043239446199         -0.109515569105         -0.396725188468
     atom #   20
         -0.210938578509          0.163874091328         -0.079064135446
          0.122662656229         -0.267339773266          0.100332251153
         -0.043239446199          0.109515569105         -0.396725188468
     atom #   21
         -0.210938578509         -0.163874091328         -0.079064135446
         -0.122662656229         -0.267339773266         -0.100332251153
         -0.043239446199         -0.109515569105         -0.396725188468
     atom #   22
         -0.210938578509         -0.163874091328          0.079064135446
         -0.122662656229         -0.267339773266          0.100332251153
          0.043239446199          0.109515569105         -0.396725188468

     Effective Charges U-E: Z_{s,alpha}{beta}

     atom #    1
      0.241079696488E+01      0.244058128129E+00      0.000000000000E+00
     -0.706160251702E-01      0.241964759574E+01      0.000000000000E+00
      0.000000000000E+00      0.000000000000E+00      0.298662831082E+01
     atom #    2
      0.241079696488E+01     -0.244058128129E+00      0.000000000000E+00
      0.706160251702E-01      0.241964759574E+01      0.000000000000E+00
      0.000000000000E+00      0.000000000000E+00      0.298662831082E+01
     atom #    3
     -0.116942364508E+00      0.156634924635E+00     -0.304428703949E-03
      0.109081189795E-01      0.132347176077E-01      0.176714114343E-04
      0.542558428781E-03      0.290906134959E-03     -0.185596223707E+00
     atom #    4
     -0.116942364508E+00      0.156634924635E+00      0.304428703949E-03
      0.109081189795E-01      0.132347176077E-01     -0.176714114343E-04
     -0.542558428781E-03     -0.290906134959E-03     -0.185596223707E+00
     atom #    5
     -0.116942364508E+00     -0.156634924635E+00      0.304428703949E-03
     -0.109081189795E-01      0.132347176077E-01      0.176714114343E-04
     -0.542558428781E-03      0.290906134959E-03     -0.185596223707E+00
     atom #    6
     -0.116942364508E+00     -0.156634924635E+00     -0.304428703949E-03
     -0.109081189795E-01      0.132347176077E-01     -0.176714114343E-04
      0.542558428781E-03     -0.290906134959E-03     -0.185596223707E+00
     atom #    7
     -0.452973079523E+00      0.136475363711E+00      0.114614695836E-04
      0.129679995966E+00     -0.231741680262E+00      0.391548270144E-04
     -0.284319388580E-03     -0.210646944982E-05     -0.255095938750E+00
     atom #    8
     -0.452973079523E+00      0.136475363711E+00     -0.114614695836E-04
      0.129679995966E+00     -0.231741680262E+00     -0.391548270144E-04
      0.284319388580E-03      0.210646944982E-05     -0.255095938750E+00
     atom #    9
     -0.452973079523E+00     -0.136475363711E+00     -0.114614695836E-04
     -0.129679995966E+00     -0.231741680262E+00      0.391548270144E-04
      0.284319388580E-03     -0.210646944982E-05     -0.255095938750E+00
     atom #   10
     -0.452973079523E+00     -0.136475363711E+00      0.114614695836E-04
     -0.129679995966E+00     -0.231741680262E+00     -0.391548270144E-04
     -0.284319388580E-03      0.210646944982E-05     -0.255095938750E+00
     atom #   11
     -0.213439825424E+00     -0.901810177851E-01     -0.244531257929E-03
      0.381984015938E-02     -0.457999301985E+00      0.130698416097E-03
      0.905680630958E-04      0.150497636539E-03     -0.261380300737E+00
     atom #   12
     -0.213439825424E+00     -0.901810177851E-01      0.244531257929E-03
      0.381984015938E-02     -0.457999301985E+00     -0.130698416097E-03
     -0.905680630958E-04     -0.150497636539E-03     -0.261380300737E+00
     atom #   13
     -0.213439825424E+00      0.901810177851E-01      0.244531257929E-03
     -0.381984015938E-02     -0.457999301985E+00      0.130698416097E-03
     -0.905680630958E-04      0.150497636539E-03     -0.261380300737E+00
     atom #   14
     -0.213439825424E+00      0.901810177851E-01     -0.244531257929E-03
     -0.381984015938E-02     -0.457999301985E+00     -0.130698416097E-03
      0.905680630958E-04     -0.150497636539E-03     -0.261380300737E+00
     atom #   15
     -0.210973007563E+00      0.122188370206E+00      0.433283007831E-01
      0.164008191146E+00     -0.267307312834E+00     -0.109608943149E+00
      0.790402265795E-01     -0.997707128115E-01     -0.396932383869E+00
     atom #   16
     -0.210973007563E+00      0.122188370206E+00     -0.433283007831E-01
      0.164008191146E+00     -0.267307312834E+00      0.109608943149E+00
     -0.790402265795E-01      0.997707128115E-01     -0.396932383869E+00
     atom #   17
     -0.210973007563E+00     -0.122188370206E+00     -0.433283007831E-01
     -0.164008191146E+00     -0.267307312834E+00     -0.109608943149E+00
     -0.790402265795E-01     -0.997707128115E-01     -0.396932383869E+00
     atom #   18
     -0.210973007563E+00     -0.122188370206E+00      0.433283007831E-01
     -0.164008191146E+00     -0.267307312834E+00      0.109608943149E+00
      0.790402265795E-01      0.997707128115E-01     -0.396932383869E+00
     atom #   19
     -0.212143880288E+00      0.122303018042E+00      0.432563841849E-01
      0.164443256603E+00     -0.267235175433E+00     -0.109549406674E+00
      0.802553110358E-01     -0.994542658358E-01     -0.396916135396E+00
     atom #   20
     -0.212143880288E+00      0.122303018042E+00     -0.432563841849E-01
      0.164443256603E+00     -0.267235175433E+00      0.109549406674E+00
     -0.802553110358E-01      0.994542658358E-01     -0.396916135396E+00
     atom #   21
     -0.212143880288E+00     -0.122303018042E+00     -0.432563841849E-01
     -0.164443256603E+00     -0.267235175433E+00     -0.109549406674E+00
     -0.802553110358E-01     -0.994542658358E-01     -0.396916135396E+00
     atom #   22
     -0.212143880288E+00     -0.122303018042E+00      0.432563841849E-01
     -0.164443256603E+00     -0.267235175433E+00      0.109549406674E+00
      0.802553110358E-01      0.994542658358E-01     -0.396916135396E+00

     Diagonalizing the dynamical matrix

     q = (    0.000000000   0.000000000   0.000000000 ) 

 **************************************************************************
     freq (    1) =      -0.611400 [THz] =     -20.394101 [cm-1]
 (  0.000000  0.000000 -0.000000  0.000000 -0.213647  0.000000 ) 
 (  0.000000  0.000000 -0.000000  0.000000 -0.213647  0.000000 ) 
 (  0.000218  0.000000  0.001566  0.000000 -0.212806  0.000000 ) 
 ( -0.000218  0.000000 -0.001566  0.000000 -0.212806  0.000000 ) 
 ( -0.000218  0.000000  0.001566  0.000000 -0.212806  0.000000 ) 
 (  0.000218  0.000000 -0.001566  0.000000 -0.212806  0.000000 ) 
 ( -0.000124  0.000000 -0.001376  0.000000 -0.208171  0.000000 ) 
 (  0.000124  0.000000  0.001376  0.000000 -0.208171  0.000000 ) 
 (  0.000124  0.000000 -0.001376  0.000000 -0.208171  0.000000 ) 
 ( -0.000124  0.000000  0.001376  0.000000 -0.208171  0.000000 ) 
 ( -0.002583  0.000000  0.002926  0.000000 -0.229023  0.000000 ) 
 (  0.002583  0.000000 -0.002926  0.000000 -0.229023  0.000000 ) 
 (  0.002583  0.000000  0.002926  0.000000 -0.229023  0.000000 ) 
 ( -0.002583  0.000000 -0.002926  0.000000 -0.229023  0.000000 ) 
 ( -0.004692  0.000000 -0.009946  0.000000 -0.206914  0.000000 ) 
 (  0.004692  0.000000  0.009946  0.000000 -0.206914  0.000000 ) 
 (  0.004692  0.000000 -0.009946  0.000000 -0.206914  0.000000 ) 
 ( -0.004692  0.000000  0.009946  0.000000 -0.206914  0.000000 ) 
 ( -0.008770  0.000000 -0.014929  0.000000 -0.207004  0.000000 ) 
 (  0.008770  0.000000  0.014929  0.000000 -0.207004  0.000000 ) 
 (  0.008770  0.000000 -0.014929  0.000000 -0.207004  0.000000 ) 
 ( -0.008770  0.000000  0.014929  0.000000 -0.207004  0.000000 ) 
     freq (    2) =      -0.505286 [THz] =     -16.854517 [cm-1]
 (  0.002017  0.000000 -0.212533  0.000000  0.000000  0.000000 ) 
 ( -0.002017  0.000000 -0.212533  0.000000  0.000000  0.000000 ) 
 (  0.001170  0.000000 -0.212946  0.000000  0.001226  0.000000 ) 
 (  0.001170  0.000000 -0.212946  0.000000 -0.001226  0.000000 ) 
 ( -0.001170  0.000000 -0.212946  0.000000  0.001226  0.000000 ) 
 ( -0.001170  0.000000 -0.212946  0.000000 -0.001226  0.000000 ) 
 (  0.002276  0.000000 -0.205761  0.000000  0.001223  0.000000 ) 
 (  0.002276  0.000000 -0.205761  0.000000 -0.001223  0.000000 ) 
 ( -0.002276  0.000000 -0.205761  0.000000  0.001223  0.000000 ) 
 ( -0.002276  0.000000 -0.205761  0.000000 -0.001223  0.000000 ) 
 (  0.008940  0.000000 -0.217291  0.000000  0.001942  0.000000 ) 
 (  0.008940  0.000000 -0.217291  0.000000 -0.001942  0.000000 ) 
 ( -0.008940  0.000000 -0.217291  0.000000  0.001942  0.000000 ) 
 ( -0.008940  0.000000 -0.217291  0.000000 -0.001942  0.000000 ) 
 ( -0.002906  0.000000 -0.214501  0.000000  0.000945  0.000000 ) 
 ( -0.002906  0.000000 -0.214501  0.000000 -0.000945  0.000000 ) 
 (  0.002906  0.000000 -0.214501  0.000000  0.000945  0.000000 ) 
 (  0.002906  0.000000 -0.214501  0.000000 -0.000945  0.000000 ) 
 ( -0.002860  0.000000 -0.215389  0.000000 -0.000842  0.000000 ) 
 ( -0.002860  0.000000 -0.215389  0.000000  0.000842  0.000000 ) 
 (  0.002860  0.000000 -0.215389  0.000000 -0.000842  0.000000 ) 
 (  0.002860  0.000000 -0.215389  0.000000  0.000842  0.000000 ) 
     freq (    3) =      -0.150173 [THz] =      -5.009228 [cm-1]
 (  0.209109  0.000000  0.007657  0.000000  0.000000  0.000000 ) 
 (  0.209109  0.000000 -0.007657  0.000000  0.000000  0.000000 ) 
 (  0.213440  0.000000  0.007826  0.000000 -0.000546  0.000000 ) 
 (  0.213440  0.000000  0.007826  0.000000  0.000546  0.000000 ) 
 (  0.213440  0.000000 -0.007826  0.000000  0.000546  0.000000 ) 
 (  0.213440  0.000000 -0.007826  0.000000 -0.000546  0.000000 ) 
 (  0.212689  0.000000  0.003335  0.000000  0.003763  0.000000 ) 
 (  0.212689  0.000000  0.003335  0.000000 -0.003763  0.000000 ) 
 (  0.212689  0.000000 -0.003335  0.000000 -0.003763  0.000000 ) 
 (  0.212689  0.000000 -0.003335  0.000000  0.003763  0.000000 ) 
 (  0.208929  0.000000  0.010292  0.000000 -0.006367  0.000000 ) 
 (  0.208929  0.000000  0.010292  0.000000  0.006367  0.000000 ) 
 (  0.208929  0.000000 -0.010292  0.000000  0.006367  0.000000 ) 
 (  0.208929  0.000000 -0.010292  0.000000 -0.006367  0.000000 ) 
 (  0.211320  0.000000  0.005215  0.000000  0.000409  0.000000 ) 
 (  0.211320  0.000000  0.005215  0.000000 -0.000409  0.000000 ) 
 (  0.211320  0.000000 -0.005215  0.000000 -0.000409  0.000000 ) 
 (  0.211320  0.000000 -0.005215  0.000000  0.000409  0.000000 ) 
 (  0.220405  0.000000  0.012880  0.000000 -0.001379  0.000000 ) 
 (  0.220405  0.000000  0.012880  0.000000  0.001379  0.000000 ) 
 (  0.220405  0.000000 -0.012880  0.000000  0.001379  0.000000 ) 
 (  0.220405  0.000000 -0.012880  0.000000 -0.001379  0.000000 ) 
     freq (    4) =       1.844700 [THz] =      61.532553 [cm-1]
 ( -0.000000  0.000000 -0.000000  0.000000  0.394801  0.000000 ) 
 (  0.000000  0.000000 -0.000000  0.000000 -0.394801  0.000000 ) 
 ( -0.006889  0.000000 -0.009279  0.000000  0.166036  0.000000 ) 
 (  0.006889  0.000000  0.009279  0.000000  0.166036  0.000000 ) 
 ( -0.006889  0.000000  0.009279  0.000000 -0.166036  0.000000 ) 
 (  0.006889  0.000000 -0.009279  0.000000 -0.166036  0.000000 ) 
 ( -0.005218  0.000000  0.001784  0.000000  0.242574  0.000000 ) 
 (  0.005218  0.000000 -0.001784  0.000000  0.242574  0.000000 ) 
 ( -0.005218  0.000000 -0.001784  0.000000 -0.242574  0.000000 ) 
 (  0.005218  0.000000  0.001784  0.000000 -0.242574  0.000000 ) 
 (  0.003774  0.000000 -0.014883  0.000000  0.209514  0.000000 ) 
 ( -0.003774  0.000000  0.014883  0.000000  0.209514  0.000000 ) 
 (  0.003774  0.000000  0.014883  0.000000 -0.209514  0.000000 ) 
 ( -0.003774  0.000000 -0.014883  0.000000 -0.209514  0.000000 ) 
 ( -0.083733  0.000000  0.085579  0.000000  0.075668  0.000000 ) 
 (  0.083733  0.000000 -0.085579  0.000000  0.075668  0.000000 ) 
 ( -0.083733  0.000000 -0.085579  0.000000 -0.075668  0.000000 ) 
 (  0.083733  0.000000  0.085579  0.000000 -0.075668  0.000000 ) 
 ( -0.057191  0.000000  0.111646  0.000000  0.074592  0.000000 ) 
 (  0.057191  0.000000 -0.111646  0.000000  0.074592  0.000000 ) 
 ( -0.057191  0.000000 -0.111646  0.000000 -0.074592  0.000000 ) 
 (  0.057191  0.000000  0.111646  0.000000 -0.074592  0.000000 ) 
     freq (    5) =       1.923979 [THz] =      64.177031 [cm-1]
 (  0.221976  0.000000  0.026010  0.000000  0.000000  0.000000 ) 
 ( -0.221976  0.000000  0.026010  0.000000 -0.000000  0.000000 ) 
 ( -0.016257  0.000000 -0.107766  0.000000 -0.000898  0.000000 ) 
 ( -0.016257  0.000000 -0.107766  0.000000  0.000898  0.000000 ) 
 (  0.016257  0.000000 -0.107766  0.000000 -0.000898  0.000000 ) 
 (  0.016257  0.000000 -0.107766  0.000000  0.000898  0.000000 ) 
 (  0.029849  0.000000  0.125840  0.000000 -0.003114  0.000000 ) 
 (  0.029849  0.000000  0.125840  0.000000  0.003114  0.000000 ) 
 ( -0.029849  0.000000  0.125840  0.000000 -0.003114  0.000000 ) 
 ( -0.029849  0.000000  0.125840  0.000000  0.003114  0.000000 ) 
 (  0.208156  0.000000 -0.228899  0.000000  0.005626  0.000000 ) 
 (  0.208156  0.000000 -0.228899  0.000000 -0.005626  0.000000 ) 
 ( -0.208156  0.000000 -0.228899  0.000000  0.005626  0.000000 ) 
 ( -0.208156  0.000000 -0.228899  0.000000 -0.005626  0.000000 ) 
 ( -0.141549  0.000000 -0.165496  0.000000 -0.001170  0.000000 ) 
 ( -0.141549  0.000000 -0.165496  0.000000  0.001170  0.000000 ) 
 (  0.141549  0.000000 -0.165496  0.000000 -0.001170  0.000000 ) 
 (  0.141549  0.000000 -0.165496  0.000000  0.001170  0.000000 ) 
 ( -0.148318  0.000000 -0.176624  0.000000  0.005821  0.000000 ) 
 ( -0.148318  0.000000 -0.176624  0.000000 -0.005821  0.000000 ) 
 (  0.148318  0.000000 -0.176624  0.000000  0.005821  0.000000 ) 
 (  0.148318  0.000000 -0.176624  0.000000 -0.005821  0.000000 ) 
     freq (    6) =       2.097022 [THz] =      69.949119 [cm-1]
 (  0.027537  0.000000 -0.215825  0.000000 -0.000000  0.000000 ) 
 (  0.027537  0.000000  0.215825  0.000000 -0.000000  0.000000 ) 
 ( -0.081358  0.000000 -0.189134  0.000000 -0.002318  0.000000 ) 
 ( -0.081358  0.000000 -0.189134  0.000000  0.002318  0.000000 ) 
 ( -0.081358  0.000000  0.189134  0.000000  0.002318  0.000000 ) 
 ( -0.081358  0.000000  0.189134  0.000000 -0.002318  0.000000 ) 
 ( -0.068296  0.000000 -0.114134  0.000000 -0.009828  0.000000 ) 
 ( -0.068296  0.000000 -0.114134  0.000000  0.009828  0.000000 ) 
 ( -0.068296  0.000000  0.114134  0.000000  0.009828  0.000000 ) 
 ( -0.068296  0.000000  0.114134  0.000000 -0.009828  0.000000 ) 
 ( -0.019068  0.000000 -0.219051  0.000000  0.004636  0.000000 ) 
 ( -0.019068  0.000000 -0.219051  0.000000 -0.004636  0.000000 ) 
 ( -0.019068  0.000000  0.219051  0.000000 -0.004636  0.000000 ) 
 ( -0.019068  0.000000  0.219051  0.000000  0.004636  0.000000 ) 
 ( -0.114127  0.000000 -0.205959  0.000000  0.001790  0.000000 ) 
 ( -0.114127  0.000000 -0.205959  0.000000 -0.001790  0.000000 ) 
 ( -0.114127  0.000000  0.205959  0.000000 -0.001790  0.000000 ) 
 ( -0.114127  0.000000  0.205959  0.000000  0.001790  0.000000 ) 
 ( -0.128908  0.000000 -0.213667  0.000000  0.007747  0.000000 ) 
 ( -0.128908  0.000000 -0.213667  0.000000 -0.007747  0.000000 ) 
 ( -0.128908  0.000000  0.213667  0.000000 -0.007747  0.000000 ) 
 ( -0.128908  0.000000  0.213667  0.000000  0.007747  0.000000 ) 
     freq (    7) =       3.513054 [THz] =     117.182868 [cm-1]
 (  0.000000  0.000000 -0.000000  0.000000  0.001359  0.000000 ) 
 (  0.000000  0.000000 -0.000000  0.000000 -0.001359  0.000000 ) 
 (  0.167779  0.000000  0.141111  0.000000  0.001090  0.000000 ) 
 ( -0.167779  0.000000 -0.141111  0.000000  0.001090  0.000000 ) 
 (  0.167779  0.000000 -0.141111  0.000000 -0.001090  0.000000 ) 
 ( -0.167779  0.000000  0.141111  0.000000 -0.001090  0.000000 ) 
 (  0.153624  0.000000  0.040322  0.000000  0.002967  0.000000 ) 
 ( -0.153624  0.000000 -0.040322  0.000000  0.002967  0.000000 ) 
 (  0.153624  0.000000 -0.040322  0.000000 -0.002967  0.000000 ) 
 ( -0.153624  0.000000  0.040322  0.000000 -0.002967  0.000000 ) 
 (  0.087393  0.000000  0.179964  0.000000 -0.001265  0.000000 ) 
 ( -0.087393  0.000000 -0.179964  0.000000 -0.001265  0.000000 ) 
 (  0.087393  0.000000 -0.179964  0.000000  0.001265  0.000000 ) 
 ( -0.087393  0.000000  0.179964  0.000000  0.001265  0.000000 ) 
 (  0.203129  0.000000  0.160786  0.000000 -0.000168  0.000000 ) 
 ( -0.203129  0.000000 -0.160786  0.000000 -0.000168  0.000000 ) 
 (  0.203129  0.000000 -0.160786  0.000000  0.000168  0.000000 ) 
 ( -0.203129  0.000000  0.160786  0.000000  0.000168  0.000000 ) 
 ( -0.207337  0.000000 -0.162993  0.000000  0.002409  0.000000 ) 
 (  0.207337  0.000000  0.162993  0.000000  0.002409  0.000000 ) 
 ( -0.207337  0.000000  0.162993  0.000000 -0.002409  0.000000 ) 
 (  0.207337  0.000000 -0.162993  0.000000 -0.002409  0.000000 ) 
     freq (    8) =       4.408279 [THz] =     147.044348 [cm-1]
 (  0.047306  0.000000  0.037790  0.000000 -0.000000  0.000000 ) 
 (  0.047306  0.000000 -0.037790  0.000000  0.000000  0.000000 ) 
 ( -0.220928  0.000000 -0.075680  0.000000  0.001523  0.000000 ) 
 ( -0.220928  0.000000 -0.075680  0.000000 -0.001523  0.000000 ) 
 ( -0.220928  0.000000  0.075680  0.000000 -0.001523  0.000000 ) 
 ( -0.220928  0.000000  0.075680  0.000000  0.001523  0.000000 ) 
 ( -0.214129  0.000000 -0.030668  0.000000  0.000947  0.000000 ) 
 ( -0.214129  0.000000 -0.030668  0.000000 -0.000947  0.000000 ) 
 ( -0.214129  0.000000  0.030668  0.000000 -0.000947  0.000000 ) 
 ( -0.214129  0.000000  0.030668  0.000000  0.000947  0.000000 ) 
 ( -0.199779  0.000000 -0.077878  0.000000  0.002277  0.000000 ) 
 ( -0.199779  0.000000 -0.077878  0.000000 -0.002277  0.000000 ) 
 ( -0.199779  0.000000  0.077878  0.000000 -0.002277  0.000000 ) 
 ( -0.199779  0.000000  0.077878  0.000000  0.002277  0.000000 ) 
 ( -0.212293  0.000000 -0.070670  0.000000  0.002639  0.000000 ) 
 ( -0.212293  0.000000 -0.070670  0.000000 -0.002639  0.000000 ) 
 ( -0.212293  0.000000  0.070670  0.000000 -0.002639  0.000000 ) 
 ( -0.212293  0.000000  0.070670  0.000000  0.002639  0.000000 ) 
 ( -0.213734  0.000000 -0.071429  0.000000 -0.000197  0.000000 ) 
 ( -0.213734  0.000000 -0.071429  0.000000  0.000197  0.000000 ) 
 ( -0.213734  0.000000  0.071429  0.000000  0.000197  0.000000 ) 
 ( -0.213734  0.000000  0.071429  0.000000 -0.000197  0.000000 ) 
     freq (    9) =       4.469687 [THz] =     149.092711 [cm-1]
 ( -0.031544  0.000000  0.042622  0.000000  0.000000  0.000000 ) 
 (  0.031544  0.000000  0.042622  0.000000  0.000000  0.000000 ) 
 ( -0.077073  0.000000 -0.198541  0.000000  0.003818  0.000000 ) 
 ( -0.077073  0.000000 -0.198541  0.000000 -0.003818  0.000000 ) 
 (  0.077073  0.000000 -0.198541  0.000000  0.003818  0.000000 ) 
 (  0.077073  0.000000 -0.198541  0.000000 -0.003818  0.000000 ) 
 ( -0.057760  0.000000 -0.091247  0.000000  0.004836  0.000000 ) 
 ( -0.057760  0.000000 -0.091247  0.000000 -0.004836  0.000000 ) 
 (  0.057760  0.000000 -0.091247  0.000000  0.004836  0.000000 ) 
 (  0.057760  0.000000 -0.091247  0.000000 -0.004836  0.000000 ) 
 (  0.015490  0.000000 -0.244749  0.000000 -0.002349  0.000000 ) 
 (  0.015490  0.000000 -0.244749  0.000000  0.002349  0.000000 ) 
 ( -0.015490  0.000000 -0.244749  0.000000 -0.002349  0.000000 ) 
 ( -0.015490  0.000000 -0.244749  0.000000  0.002349  0.000000 ) 
 ( -0.127180  0.000000 -0.229122  0.000000  0.006165  0.000000 ) 
 ( -0.127180  0.000000 -0.229122  0.000000 -0.006165  0.000000 ) 
 (  0.127180  0.000000 -0.229122  0.000000  0.006165  0.000000 ) 
 (  0.127180  0.000000 -0.229122  0.000000 -0.006165  0.000000 ) 
 ( -0.122245  0.000000 -0.218375  0.000000 -0.006768  0.000000 ) 
 ( -0.122245  0.000000 -0.218375  0.000000  0.006768  0.000000 ) 
 (  0.122245  0.000000 -0.218375  0.000000 -0.006768  0.000000 ) 
 (  0.122245  0.000000 -0.218375  0.000000  0.006768  0.000000 ) 
     freq (   10) =       5.652782 [THz] =     188.556510 [cm-1]
 (  0.000000  0.000000  0.000000  0.000000 -0.046861  0.000000 ) 
 ( -0.000000  0.000000 -0.000000  0.000000 -0.046861  0.000000 ) 
 ( -0.015370  0.000000 -0.021963  0.000000  0.219162  0.000000 ) 
 (  0.015370  0.000000  0.021963  0.000000  0.219162  0.000000 ) 
 (  0.015370  0.000000 -0.021963  0.000000  0.219162  0.000000 ) 
 ( -0.015370  0.000000  0.021963  0.000000  0.219162  0.000000 ) 
 ( -0.010583  0.000000  0.007695  0.000000  0.165271  0.000000 ) 
 (  0.010583  0.000000 -0.007695  0.000000  0.165271  0.000000 ) 
 (  0.010583  0.000000  0.007695  0.000000  0.165271  0.000000 ) 
 ( -0.010583  0.000000 -0.007695  0.000000  0.165271  0.000000 ) 
 (  0.009706  0.000000 -0.034296  0.000000  0.185024  0.000000 ) 
 ( -0.009706  0.000000  0.034296  0.000000  0.185024  0.000000 ) 
 ( -0.009706  0.000000 -0.034296  0.000000  0.185024  0.000000 ) 
 (  0.009706  0.000000  0.034296  0.000000  0.185024  0.000000 ) 
 ( -0.009853  0.000000 -0.073949  0.000000  0.253885  0.000000 ) 
 (  0.009853  0.000000  0.073949  0.000000  0.253885  0.000000 ) 
 (  0.009853  0.000000 -0.073949  0.000000  0.253885  0.000000 ) 
 ( -0.009853  0.000000  0.073949  0.000000  0.253885  0.000000 ) 
 (  0.050691  0.000000 -0.015685  0.000000  0.253620  0.000000 ) 
 ( -0.050691  0.000000  0.015685  0.000000  0.253620  0.000000 ) 
 ( -0.050691  0.000000 -0.015685  0.000000  0.253620  0.000000 ) 
 (  0.050691  0.000000  0.015685  0.000000  0.253620  0.000000 ) 
     freq (   11) =       5.929045 [THz] =     197.771644 [cm-1]
 (  0.000000  0.000000 -0.000000  0.000000  0.004117  0.000000 ) 
 (  0.000000  0.000000  0.000000  0.000000  0.004117  0.000000 ) 
 ( -0.113807  0.000000 -0.137343  0.000000 -0.021271  0.000000 ) 
 (  0.113807  0.000000  0.137343  0.000000 -0.021271  0.000000 ) 
 (  0.113807  0.000000 -0.137343  0.000000 -0.021271  0.000000 ) 
 ( -0.113807  0.000000  0.137343  0.000000 -0.021271  0.000000 ) 
 ( -0.080944  0.000000  0.056897  0.000000 -0.025772  0.000000 ) 
 (  0.080944  0.000000 -0.056897  0.000000 -0.025772  0.000000 ) 
 (  0.080944  0.000000  0.056897  0.000000 -0.025772  0.000000 ) 
 ( -0.080944  0.000000 -0.056897  0.000000 -0.025772  0.000000 ) 
 (  0.048492  0.000000 -0.218104  0.000000  0.004332  0.000000 ) 
 ( -0.048492  0.000000  0.218104  0.000000  0.004332  0.000000 ) 
 ( -0.048492  0.000000 -0.218104  0.000000  0.004332  0.000000 ) 
 (  0.048492  0.000000  0.218104  0.000000  0.004332  0.000000 ) 
 ( -0.198715  0.000000 -0.162978  0.000000 -0.029440  0.000000 ) 
 (  0.198715  0.000000  0.162978  0.000000 -0.029440  0.000000 ) 
 (  0.198715  0.000000 -0.162978  0.000000 -0.029440  0.000000 ) 
 ( -0.198715  0.000000  0.162978  0.000000 -0.029440  0.000000 ) 
 (  0.219227  0.000000  0.203233  0.000000 -0.032416  0.000000 ) 
 ( -0.219227  0.000000 -0.203233  0.000000 -0.032416  0.000000 ) 
 ( -0.219227  0.000000  0.203233  0.000000 -0.032416  0.000000 ) 
 (  0.219227  0.000000 -0.203233  0.000000 -0.032416  0.000000 ) 
     freq (   12) =       5.994425 [THz] =     199.952492 [cm-1]
 ( -0.015550  0.000000  0.029637  0.000000  0.000000  0.000000 ) 
 ( -0.015550  0.000000 -0.029637  0.000000  0.000000  0.000000 ) 
 (  0.073800  0.000000 -0.189992  0.000000  0.009593  0.000000 ) 
 (  0.073800  0.000000 -0.189992  0.000000 -0.009593  0.000000 ) 
 (  0.073800  0.000000  0.189992  0.000000 -0.009593  0.000000 ) 
 (  0.073800  0.000000  0.189992  0.000000  0.009593  0.000000 ) 
 (  0.092782  0.000000 -0.066496  0.000000  0.001616  0.000000 ) 
 (  0.092782  0.000000 -0.066496  0.000000 -0.001616  0.000000 ) 
 (  0.092782  0.000000  0.066496  0.000000 -0.001616  0.000000 ) 
 (  0.092782  0.000000  0.066496  0.000000  0.001616  0.000000 ) 
 (  0.188080  0.000000 -0.246996  0.000000  0.017104  0.000000 ) 
 (  0.188080  0.000000 -0.246996  0.000000 -0.017104  0.000000 ) 
 (  0.188080  0.000000  0.246996  0.000000 -0.017104  0.000000 ) 
 (  0.188080  0.000000  0.246996  0.000000  0.017104  0.000000 ) 
 (  0.009316  0.000000 -0.216872  0.000000  0.008267  0.000000 ) 
 (  0.009316  0.000000 -0.216872  0.000000 -0.008267  0.000000 ) 
 (  0.009316  0.000000  0.216872  0.000000 -0.008267  0.000000 ) 
 (  0.009316  0.000000  0.216872  0.000000  0.008267  0.000000 ) 
 ( -0.004540  0.000000 -0.225397  0.000000 -0.009226  0.000000 ) 
 ( -0.004540  0.000000 -0.225397  0.000000  0.009226  0.000000 ) 
 ( -0.004540  0.000000  0.225397  0.000000  0.009226  0.000000 ) 
 ( -0.004540  0.000000  0.225397  0.000000 -0.009226  0.000000 ) 
     freq (   13) =       6.109545 [THz] =     203.792477 [cm-1]
 ( -0.000970  0.000000  0.000935  0.000000  0.000000  0.000000 ) 
 (  0.000970  0.000000  0.000935  0.000000 -0.000000  0.000000 ) 
 (  0.006136  0.000000 -0.005302  0.000000 -0.190614  0.000000 ) 
 (  0.006136  0.000000 -0.005302  0.000000  0.190614  0.000000 ) 
 ( -0.006136  0.000000 -0.005302  0.000000 -0.190614  0.000000 ) 
 ( -0.006136  0.000000 -0.005302  0.000000  0.190614  0.000000 ) 
 (  0.005937  0.000000 -0.005463  0.000000 -0.175891  0.000000 ) 
 (  0.005937  0.000000 -0.005463  0.000000  0.175891  0.000000 ) 
 ( -0.005937  0.000000 -0.005463  0.000000 -0.175891  0.000000 ) 
 ( -0.005937  0.000000 -0.005463  0.000000  0.175891  0.000000 ) 
 (  0.006067  0.000000 -0.005423  0.000000 -0.041837  0.000000 ) 
 (  0.006067  0.000000 -0.005423  0.000000  0.041837  0.000000 ) 
 ( -0.006067  0.000000 -0.005423  0.000000 -0.041837  0.000000 ) 
 ( -0.006067  0.000000 -0.005423  0.000000  0.041837  0.000000 ) 
 (  0.035315  0.000000  0.130510  0.000000 -0.266463  0.000000 ) 
 (  0.035315  0.000000  0.130510  0.000000  0.266463  0.000000 ) 
 ( -0.035315  0.000000  0.130510  0.000000 -0.266463  0.000000 ) 
 ( -0.035315  0.000000  0.130510  0.000000  0.266463  0.000000 ) 
 ( -0.024241  0.000000 -0.141234  0.000000  0.266389  0.000000 ) 
 ( -0.024241  0.000000 -0.141234  0.000000 -0.266389  0.000000 ) 
 (  0.024241  0.000000 -0.141234  0.000000  0.266389  0.000000 ) 
 (  0.024241  0.000000 -0.141234  0.000000 -0.266389  0.000000 ) 
     freq (   14) =       6.434152 [THz] =     214.620202 [cm-1]
 (  0.000000  0.000000 -0.000000  0.000000  0.016085  0.000000 ) 
 (  0.000000  0.000000  0.000000  0.000000 -0.016085  0.000000 ) 
 (  0.007696  0.000000 -0.005491  0.000000 -0.205023  0.000000 ) 
 ( -0.007696  0.000000  0.005491  0.000000 -0.205023  0.000000 ) 
 (  0.007696  0.000000  0.005491  0.000000  0.205023  0.000000 ) 
 ( -0.007696  0.000000 -0.005491  0.000000  0.205023  0.000000 ) 
 (  0.010187  0.000000  0.012363  0.000000 -0.112990  0.000000 ) 
 ( -0.010187  0.000000 -0.012363  0.000000 -0.112990  0.000000 ) 
 (  0.010187  0.000000 -0.012363  0.000000  0.112990  0.000000 ) 
 ( -0.010187  0.000000  0.012363  0.000000  0.112990  0.000000 ) 
 (  0.024391  0.000000 -0.014707  0.000000 -0.116469  0.000000 ) 
 ( -0.024391  0.000000  0.014707  0.000000 -0.116469  0.000000 ) 
 (  0.024391  0.000000  0.014707  0.000000  0.116469  0.000000 ) 
 ( -0.024391  0.000000 -0.014707  0.000000  0.116469  0.000000 ) 
 ( -0.040372  0.000000  0.092510  0.000000 -0.278833  0.000000 ) 
 (  0.040372  0.000000 -0.092510  0.000000 -0.278833  0.000000 ) 
 ( -0.040372  0.000000 -0.092510  0.000000  0.278833  0.000000 ) 
 (  0.040372  0.000000  0.092510  0.000000  0.278833  0.000000 ) 
 ( -0.032516  0.000000  0.115219  0.000000 -0.279426  0.000000 ) 
 (  0.032516  0.000000 -0.115219  0.000000 -0.279426  0.000000 ) 
 ( -0.032516  0.000000 -0.115219  0.000000  0.279426  0.000000 ) 
 (  0.032516  0.000000  0.115219  0.000000  0.279426  0.000000 ) 
     freq (   15) =       6.434182 [THz] =     214.621207 [cm-1]
 (  0.000672  0.000000 -0.001757  0.000000 -0.000000  0.000000 ) 
 (  0.000672  0.000000  0.001757  0.000000  0.000000  0.000000 ) 
 ( -0.002084  0.000000  0.008777  0.000000  0.212160  0.000000 ) 
 ( -0.002084  0.000000  0.008777  0.000000 -0.212160  0.000000 ) 
 ( -0.002084  0.000000 -0.008777  0.000000 -0.212160  0.000000 ) 
 ( -0.002084  0.000000 -0.008777  0.000000  0.212160  0.000000 ) 
 ( -0.002537  0.000000  0.005658  0.000000  0.080339  0.000000 ) 
 ( -0.002537  0.000000  0.005658  0.000000 -0.080339  0.000000 ) 
 ( -0.002537  0.000000 -0.005658  0.000000 -0.080339  0.000000 ) 
 ( -0.002537  0.000000 -0.005658  0.000000  0.080339  0.000000 ) 
 ( -0.004905  0.000000  0.009960  0.000000  0.256609  0.000000 ) 
 ( -0.004905  0.000000  0.009960  0.000000 -0.256609  0.000000 ) 
 ( -0.004905  0.000000 -0.009960  0.000000 -0.256609  0.000000 ) 
 ( -0.004905  0.000000 -0.009960  0.000000  0.256609  0.000000 ) 
 (  0.094724  0.000000  0.008821  0.000000  0.239023  0.000000 ) 
 (  0.094724  0.000000  0.008821  0.000000 -0.239023  0.000000 ) 
 (  0.094724  0.000000 -0.008821  0.000000 -0.239023  0.000000 ) 
 (  0.094724  0.000000 -0.008821  0.000000  0.239023  0.000000 ) 
 ( -0.096281  0.000000  0.009516  0.000000 -0.238532  0.000000 ) 
 ( -0.096281  0.000000  0.009516  0.000000  0.238532  0.000000 ) 
 ( -0.096281  0.000000 -0.009516  0.000000  0.238532  0.000000 ) 
 ( -0.096281  0.000000 -0.009516  0.000000 -0.238532  0.000000 ) 
     freq (   16) =       6.958022 [THz] =     232.094641 [cm-1]
 ( -0.005964  0.000000  0.014261  0.000000 -0.000000  0.000000 ) 
 (  0.005964  0.000000  0.014261  0.000000 -0.000000  0.000000 ) 
 (  0.225970  0.000000 -0.062994  0.000000  0.009821  0.000000 ) 
 (  0.225970  0.000000 -0.062994  0.000000 -0.009821  0.000000 ) 
 ( -0.225970  0.000000 -0.062994  0.000000  0.009821  0.000000 ) 
 ( -0.225970  0.000000 -0.062994  0.000000 -0.009821  0.000000 ) 
 (  0.217908  0.000000 -0.062348  0.000000  0.004530  0.000000 ) 
 (  0.217908  0.000000 -0.062348  0.000000 -0.004530  0.000000 ) 
 ( -0.217908  0.000000 -0.062348  0.000000  0.004530  0.000000 ) 
 ( -0.217908  0.000000 -0.062348  0.000000 -0.004530  0.000000 ) 
 (  0.231098  0.000000 -0.071049  0.000000  0.012484  0.000000 ) 
 (  0.231098  0.000000 -0.071049  0.000000 -0.012484  0.000000 ) 
 ( -0.231098  0.000000 -0.071049  0.000000  0.012484  0.000000 ) 
 ( -0.231098  0.000000 -0.071049  0.000000 -0.012484  0.000000 ) 
 (  0.197217  0.000000 -0.069867  0.000000  0.008289  0.000000 ) 
 (  0.197217  0.000000 -0.069867  0.000000 -0.008289  0.000000 ) 
 ( -0.197217  0.000000 -0.069867  0.000000  0.008289  0.000000 ) 
 ( -0.197217  0.000000 -0.069867  0.000000 -0.008289  0.000000 ) 
 (  0.188283  0.000000 -0.072916  0.000000 -0.011830  0.000000 ) 
 (  0.188283  0.000000 -0.072916  0.000000  0.011830  0.000000 ) 
 ( -0.188283  0.000000 -0.072916  0.000000 -0.011830  0.000000 ) 
 ( -0.188283  0.000000 -0.072916  0.000000  0.011830  0.000000 ) 
     freq (   17) =       7.045201 [THz] =     235.002620 [cm-1]
 (  0.000000  0.000000 -0.000000  0.000000  0.001092  0.000000 ) 
 ( -0.000000  0.000000 -0.000000  0.000000 -0.001092  0.000000 ) 
 ( -0.111468  0.000000  0.100509  0.000000 -0.009455  0.000000 ) 
 (  0.111468  0.000000 -0.100509  0.000000 -0.009455  0.000000 ) 
 ( -0.111468  0.000000 -0.100509  0.000000  0.009455  0.000000 ) 
 (  0.111468  0.000000  0.100509  0.000000  0.009455  0.000000 ) 
 ( -0.141665  0.000000 -0.117150  0.000000 -0.003061  0.000000 ) 
 (  0.141665  0.000000  0.117150  0.000000 -0.003061  0.000000 ) 
 ( -0.141665  0.000000  0.117150  0.000000  0.003061  0.000000 ) 
 (  0.141665  0.000000 -0.117150  0.000000  0.003061  0.000000 ) 
 ( -0.306436  0.000000  0.209307  0.000000 -0.004169  0.000000 ) 
 (  0.306436  0.000000 -0.209307  0.000000 -0.004169  0.000000 ) 
 ( -0.306436  0.000000 -0.209307  0.000000  0.004169  0.000000 ) 
 (  0.306436  0.000000  0.209307  0.000000  0.004169  0.000000 ) 
 (  0.023638  0.000000  0.170859  0.000000 -0.015122  0.000000 ) 
 ( -0.023638  0.000000 -0.170859  0.000000 -0.015122  0.000000 ) 
 (  0.023638  0.000000 -0.170859  0.000000  0.015122  0.000000 ) 
 ( -0.023638  0.000000  0.170859  0.000000  0.015122  0.000000 ) 
 ( -0.029792  0.000000 -0.157456  0.000000 -0.013778  0.000000 ) 
 (  0.029792  0.000000  0.157456  0.000000 -0.013778  0.000000 ) 
 ( -0.029792  0.000000  0.157456  0.000000  0.013778  0.000000 ) 
 (  0.029792  0.000000 -0.157456  0.000000  0.013778  0.000000 ) 
     freq (   18) =       7.665070 [THz] =     255.679215 [cm-1]
 ( -0.000000  0.000000  0.000000  0.000000  0.000090  0.000000 ) 
 (  0.000000  0.000000  0.000000  0.000000  0.000090  0.000000 ) 
 (  0.105150  0.000000 -0.012043  0.000000 -0.001077  0.000000 ) 
 ( -0.105150  0.000000  0.012043  0.000000 -0.001077  0.000000 ) 
 ( -0.105150  0.000000 -0.012043  0.000000 -0.001077  0.000000 ) 
 (  0.105150  0.000000  0.012043  0.000000 -0.001077  0.000000 ) 
 (  0.140567  0.000000  0.248394  0.000000  0.000894  0.000000 ) 
 ( -0.140567  0.000000 -0.248394  0.000000  0.000894  0.000000 ) 
 ( -0.140567  0.000000  0.248394  0.000000  0.000894  0.000000 ) 
 (  0.140567  0.000000 -0.248394  0.000000  0.000894  0.000000 ) 
 (  0.334324  0.000000 -0.140575  0.000000 -0.006401  0.000000 ) 
 ( -0.334324  0.000000  0.140575  0.000000 -0.006401  0.000000 ) 
 ( -0.334324  0.000000 -0.140575  0.000000 -0.006401  0.000000 ) 
 (  0.334324  0.000000  0.140575  0.000000 -0.006401  0.000000 ) 
 ( -0.066791  0.000000 -0.097433  0.000000  0.004325  0.000000 ) 
 (  0.066791  0.000000  0.097433  0.000000  0.004325  0.000000 ) 
 (  0.066791  0.000000 -0.097433  0.000000  0.004325  0.000000 ) 
 ( -0.066791  0.000000  0.097433  0.000000  0.004325  0.000000 ) 
 (  0.061268  0.000000  0.089591  0.000000 -0.003144  0.000000 ) 
 ( -0.061268  0.000000 -0.089591  0.000000 -0.003144  0.000000 ) 
 ( -0.061268  0.000000  0.089591  0.000000 -0.003144  0.000000 ) 
 (  0.061268  0.000000 -0.089591  0.000000 -0.003144  0.000000 ) 
     freq (   19) =       7.892621 [THz] =     263.269482 [cm-1]
 (  0.000000  0.000000  0.000000  0.000000 -0.002337  0.000000 ) 
 (  0.000000  0.000000  0.000000  0.000000 -0.002337  0.000000 ) 
 (  0.006797  0.000000  0.002297  0.000000  0.008198  0.000000 ) 
 ( -0.006797  0.000000 -0.002297  0.000000  0.008198  0.000000 ) 
 ( -0.006797  0.000000  0.002297  0.000000  0.008198  0.000000 ) 
 (  0.006797  0.000000 -0.002297  0.000000  0.008198  0.000000 ) 
 (  0.005540  0.000000 -0.004724  0.000000 -0.094005  0.000000 ) 
 ( -0.005540  0.000000  0.004724  0.000000 -0.094005  0.000000 ) 
 ( -0.005540  0.000000 -0.004724  0.000000 -0.094005  0.000000 ) 
 (  0.005540  0.000000  0.004724  0.000000 -0.094005  0.000000 ) 
 (  0.001085  0.000000  0.005138  0.000000  0.289197  0.000000 ) 
 ( -0.001085  0.000000 -0.005138  0.000000  0.289197  0.000000 ) 
 ( -0.001085  0.000000  0.005138  0.000000  0.289197  0.000000 ) 
 (  0.001085  0.000000 -0.005138  0.000000  0.289197  0.000000 ) 
 (  0.147814  0.000000  0.228951  0.000000 -0.093521  0.000000 ) 
 ( -0.147814  0.000000 -0.228951  0.000000 -0.093521  0.000000 ) 
 ( -0.147814  0.000000  0.228951  0.000000 -0.093521  0.000000 ) 
 (  0.147814  0.000000 -0.228951  0.000000 -0.093521  0.000000 ) 
 (  0.128821  0.000000  0.221314  0.000000 -0.093476  0.000000 ) 
 ( -0.128821  0.000000 -0.221314  0.000000 -0.093476  0.000000 ) 
 ( -0.128821  0.000000  0.221314  0.000000 -0.093476  0.000000 ) 
 (  0.128821  0.000000 -0.221314  0.000000 -0.093476  0.000000 ) 
     freq (   20) =       8.344694 [THz] =     278.349016 [cm-1]
 (  0.000332  0.000000  0.000155  0.000000  0.000000  0.000000 ) 
 (  0.000332  0.000000 -0.000155  0.000000 -0.000000  0.000000 ) 
 ( -0.000005  0.000000  0.001784  0.000000 -0.010344  0.000000 ) 
 ( -0.000005  0.000000  0.001784  0.000000  0.010344  0.000000 ) 
 ( -0.000005  0.000000 -0.001784  0.000000  0.010344  0.000000 ) 
 ( -0.000005  0.000000 -0.001784  0.000000 -0.010344  0.000000 ) 
 (  0.000018  0.000000  0.002448  0.000000 -0.071205  0.000000 ) 
 (  0.000018  0.000000  0.002448  0.000000  0.071205  0.000000 ) 
 (  0.000018  0.000000 -0.002448  0.000000  0.071205  0.000000 ) 
 (  0.000018  0.000000 -0.002448  0.000000 -0.071205  0.000000 ) 
 (  0.000518  0.000000  0.001457  0.000000  0.271357  0.000000 ) 
 (  0.000518  0.000000  0.001457  0.000000 -0.271357  0.000000 ) 
 (  0.000518  0.000000 -0.001457  0.000000 -0.271357  0.000000 ) 
 (  0.000518  0.000000 -0.001457  0.000000  0.271357  0.000000 ) 
 (  0.109438  0.000000  0.240305  0.000000 -0.128537  0.000000 ) 
 (  0.109438  0.000000  0.240305  0.000000  0.128537  0.000000 ) 
 (  0.109438  0.000000 -0.240305  0.000000  0.128537  0.000000 ) 
 (  0.109438  0.000000 -0.240305  0.000000 -0.128537  0.000000 ) 
 ( -0.110007  0.000000 -0.237294  0.000000  0.128535  0.000000 ) 
 ( -0.110007  0.000000 -0.237294  0.000000 -0.128535  0.000000 ) 
 ( -0.110007  0.000000  0.237294  0.000000 -0.128535  0.000000 ) 
 ( -0.110007  0.000000  0.237294  0.000000  0.128535  0.000000 ) 
     freq (   21) =       8.792445 [THz] =     293.284388 [cm-1]
 ( -0.000000  0.000000 -0.000000  0.000000 -0.003935  0.000000 ) 
 (  0.000000  0.000000 -0.000000  0.000000  0.003935  0.000000 ) 
 (  0.015025  0.000000 -0.032780  0.000000  0.023294  0.000000 ) 
 ( -0.015025  0.000000  0.032780  0.000000  0.023294  0.000000 ) 
 (  0.015025  0.000000  0.032780  0.000000 -0.023294  0.000000 ) 
 ( -0.015025  0.000000 -0.032780  0.000000 -0.023294  0.000000 ) 
 ( -0.001890  0.000000 -0.143035  0.000000 -0.035717  0.000000 ) 
 (  0.001890  0.000000  0.143035  0.000000 -0.035717  0.000000 ) 
 ( -0.001890  0.000000  0.143035  0.000000  0.035717  0.000000 ) 
 (  0.001890  0.000000 -0.143035  0.000000  0.035717  0.000000 ) 
 ( -0.082500  0.000000  0.022670  0.000000  0.276938  0.000000 ) 
 (  0.082500  0.000000 -0.022670  0.000000  0.276938  0.000000 ) 
 ( -0.082500  0.000000 -0.022670  0.000000 -0.276938  0.000000 ) 
 (  0.082500  0.000000  0.022670  0.000000 -0.276938  0.000000 ) 
 (  0.180197  0.000000  0.220768  0.000000 -0.088610  0.000000 ) 
 ( -0.180197  0.000000 -0.220768  0.000000 -0.088610  0.000000 ) 
 (  0.180197  0.000000 -0.220768  0.000000  0.088610  0.000000 ) 
 ( -0.180197  0.000000  0.220768  0.000000  0.088610  0.000000 ) 
 (  0.022099  0.000000  0.214885  0.000000 -0.081677  0.000000 ) 
 ( -0.022099  0.000000 -0.214885  0.000000 -0.081677  0.000000 ) 
 (  0.022099  0.000000 -0.214885  0.000000  0.081677  0.000000 ) 
 ( -0.022099  0.000000  0.214885  0.000000  0.081677  0.000000 ) 
     freq (   22) =       8.814348 [THz] =     294.014994 [cm-1]
 ( -0.000000  0.000000 -0.000000  0.000000 -0.002283  0.000000 ) 
 (  0.000000  0.000000 -0.000000  0.000000  0.002283  0.000000 ) 
 ( -0.030383  0.000000  0.070180  0.000000  0.013825  0.000000 ) 
 (  0.030383  0.000000 -0.070180  0.000000  0.013825  0.000000 ) 
 ( -0.030383  0.000000 -0.070180  0.000000 -0.013825  0.000000 ) 
 (  0.030383  0.000000  0.070180  0.000000 -0.013825  0.000000 ) 
 (  0.005887  0.000000  0.305932  0.000000 -0.020284  0.000000 ) 
 ( -0.005887  0.000000 -0.305932  0.000000 -0.020284  0.000000 ) 
 (  0.005887  0.000000 -0.305932  0.000000  0.020284  0.000000 ) 
 ( -0.005887  0.000000  0.305932  0.000000  0.020284  0.000000 ) 
 (  0.178017  0.000000 -0.048640  0.000000  0.149924  0.000000 ) 
 ( -0.178017  0.000000  0.048640  0.000000  0.149924  0.000000 ) 
 (  0.178017  0.000000  0.048640  0.000000 -0.149924  0.000000 ) 
 ( -0.178017  0.000000 -0.048640  0.000000 -0.149924  0.000000 ) 
 ( -0.111568  0.000000  0.110352  0.000000 -0.036133  0.000000 ) 
 (  0.111568  0.000000 -0.110352  0.000000 -0.036133  0.000000 ) 
 ( -0.111568  0.000000 -0.110352  0.000000  0.036133  0.000000 ) 
 (  0.111568  0.000000  0.110352  0.000000  0.036133  0.000000 ) 
 (  0.223436  0.000000  0.122251  0.000000 -0.050843  0.000000 ) 
 ( -0.223436  0.000000 -0.122251  0.000000 -0.050843  0.000000 ) 
 (  0.223436  0.000000 -0.122251  0.000000  0.050843  0.000000 ) 
 ( -0.223436  0.000000  0.122251  0.000000  0.050843  0.000000 ) 
     freq (   23) =       8.815515 [THz] =     294.053929 [cm-1]
 (  0.000455  0.000000  0.000059  0.000000 -0.000000  0.000000 ) 
 ( -0.000455  0.000000  0.000059  0.000000  0.000000  0.000000 ) 
 (  0.002819  0.000000 -0.000633  0.000000 -0.044666  0.000000 ) 
 (  0.002819  0.000000 -0.000633  0.000000  0.044666  0.000000 ) 
 ( -0.002819  0.000000 -0.000633  0.000000 -0.044666  0.000000 ) 
 ( -0.002819  0.000000 -0.000633  0.000000  0.044666  0.000000 ) 
 (  0.002225  0.000000 -0.003900  0.000000  0.087873  0.000000 ) 
 (  0.002225  0.000000 -0.003900  0.000000 -0.087873  0.000000 ) 
 ( -0.002225  0.000000 -0.003900  0.000000  0.087873  0.000000 ) 
 ( -0.002225  0.000000 -0.003900  0.000000 -0.087873  0.000000 ) 
 (  0.000060  0.000000  0.000757  0.000000 -0.315314  0.000000 ) 
 (  0.000060  0.000000  0.000757  0.000000  0.315314  0.000000 ) 
 ( -0.000060  0.000000  0.000757  0.000000 -0.315314  0.000000 ) 
 ( -0.000060  0.000000  0.000757  0.000000  0.315314  0.000000 ) 
 ( -0.152220  0.000000 -0.209638  0.000000  0.043059  0.000000 ) 
 ( -0.152220  0.000000 -0.209638  0.000000 -0.043059  0.000000 ) 
 (  0.152220  0.000000 -0.209638  0.000000  0.043059  0.000000 ) 
 (  0.152220  0.000000 -0.209638  0.000000 -0.043059  0.000000 ) 
 (  0.160690  0.000000  0.210181  0.000000 -0.043142  0.000000 ) 
 (  0.160690  0.000000  0.210181  0.000000  0.043142  0.000000 ) 
 ( -0.160690  0.000000  0.210181  0.000000 -0.043142  0.000000 ) 
 ( -0.160690  0.000000  0.210181  0.000000  0.043142  0.000000 ) 
     freq (   24) =       9.188994 [THz] =     306.511831 [cm-1]
 (  0.009511  0.000000  0.005757  0.000000 -0.000000  0.000000 ) 
 ( -0.009511  0.000000  0.005757  0.000000  0.000000  0.000000 ) 
 ( -0.008258  0.000000 -0.030716  0.000000  0.000911  0.000000 ) 
 ( -0.008258  0.000000 -0.030716  0.000000 -0.000911  0.000000 ) 
 (  0.008258  0.000000 -0.030716  0.000000  0.000911  0.000000 ) 
 (  0.008258  0.000000 -0.030716  0.000000 -0.000911  0.000000 ) 
 ( -0.052533  0.000000 -0.318097  0.000000 -0.001191  0.000000 ) 
 ( -0.052533  0.000000 -0.318097  0.000000  0.001191  0.000000 ) 
 (  0.052533  0.000000 -0.318097  0.000000 -0.001191  0.000000 ) 
 (  0.052533  0.000000 -0.318097  0.000000  0.001191  0.000000 ) 
 ( -0.259847  0.000000  0.110831  0.000000  0.003345  0.000000 ) 
 ( -0.259847  0.000000  0.110831  0.000000 -0.003345  0.000000 ) 
 (  0.259847  0.000000  0.110831  0.000000  0.003345  0.000000 ) 
 (  0.259847  0.000000  0.110831  0.000000 -0.003345  0.000000 ) 
 (  0.172035  0.000000  0.062156  0.000000 -0.006186  0.000000 ) 
 (  0.172035  0.000000  0.062156  0.000000  0.006186  0.000000 ) 
 ( -0.172035  0.000000  0.062156  0.000000 -0.006186  0.000000 ) 
 ( -0.172035  0.000000  0.062156  0.000000  0.006186  0.000000 ) 
 (  0.167845  0.000000  0.058693  0.000000 -0.007038  0.000000 ) 
 (  0.167845  0.000000  0.058693  0.000000  0.007038  0.000000 ) 
 ( -0.167845  0.000000  0.058693  0.000000 -0.007038  0.000000 ) 
 ( -0.167845  0.000000  0.058693  0.000000  0.007038  0.000000 ) 
     freq (   25) =       9.599852 [THz] =     320.216598 [cm-1]
 ( -0.001374  0.000000  0.001539  0.000000  0.000000  0.000000 ) 
 ( -0.001374  0.000000 -0.001539  0.000000 -0.000000  0.000000 ) 
 (  0.002720  0.000000 -0.035723  0.000000  0.000643  0.000000 ) 
 (  0.002720  0.000000 -0.035723  0.000000 -0.000643  0.000000 ) 
 (  0.002720  0.000000  0.035723  0.000000 -0.000643  0.000000 ) 
 (  0.002720  0.000000  0.035723  0.000000  0.000643  0.000000 ) 
 ( -0.041241  0.000000 -0.323774  0.000000 -0.000695  0.000000 ) 
 ( -0.041241  0.000000 -0.323774  0.000000  0.000695  0.000000 ) 
 ( -0.041241  0.000000  0.323774  0.000000  0.000695  0.000000 ) 
 ( -0.041241  0.000000  0.323774  0.000000 -0.000695  0.000000 ) 
 ( -0.250933  0.000000  0.106082  0.000000  0.002317  0.000000 ) 
 ( -0.250933  0.000000  0.106082  0.000000 -0.002317  0.000000 ) 
 ( -0.250933  0.000000 -0.106082  0.000000 -0.002317  0.000000 ) 
 ( -0.250933  0.000000 -0.106082  0.000000  0.002317  0.000000 ) 
 (  0.176651  0.000000  0.057328  0.000000 -0.006468  0.000000 ) 
 (  0.176651  0.000000  0.057328  0.000000  0.006468  0.000000 ) 
 (  0.176651  0.000000 -0.057328  0.000000  0.006468  0.000000 ) 
 (  0.176651  0.000000 -0.057328  0.000000 -0.006468  0.000000 ) 
 (  0.174266  0.000000  0.054818  0.000000 -0.007009  0.000000 ) 
 (  0.174266  0.000000  0.054818  0.000000  0.007009  0.000000 ) 
 (  0.174266  0.000000 -0.054818  0.000000  0.007009  0.000000 ) 
 (  0.174266  0.000000 -0.054818  0.000000 -0.007009  0.000000 ) 
     freq (   26) =       9.664345 [THz] =     322.367850 [cm-1]
 (  0.000000  0.000000 -0.000000  0.000000  0.000345  0.000000 ) 
 (  0.000000  0.000000  0.000000  0.000000  0.000345  0.000000 ) 
 (  0.092610  0.000000 -0.136460  0.000000 -0.001769  0.000000 ) 
 ( -0.092610  0.000000  0.136460  0.000000 -0.001769  0.000000 ) 
 ( -0.092610  0.000000 -0.136460  0.000000 -0.001769  0.000000 ) 
 (  0.092610  0.000000  0.136460  0.000000 -0.001769  0.000000 ) 
 (  0.054415  0.000000 -0.342502  0.000000 -0.006609  0.000000 ) 
 ( -0.054415  0.000000  0.342502  0.000000 -0.006609  0.000000 ) 
 ( -0.054415  0.000000 -0.342502  0.000000 -0.006609  0.000000 ) 
 (  0.054415  0.000000  0.342502  0.000000 -0.006609  0.000000 ) 
 ( -0.098026  0.000000 -0.023068  0.000000 -0.011238  0.000000 ) 
 (  0.098026  0.000000  0.023068  0.000000 -0.011238  0.000000 ) 
 (  0.098026  0.000000 -0.023068  0.000000 -0.011238  0.000000 ) 
 ( -0.098026  0.000000  0.023068  0.000000 -0.011238  0.000000 ) 
 (  0.206974  0.000000 -0.070580  0.000000 -0.004624  0.000000 ) 
 ( -0.206974  0.000000  0.070580  0.000000 -0.004624  0.000000 ) 
 ( -0.206974  0.000000 -0.070580  0.000000 -0.004624  0.000000 ) 
 (  0.206974  0.000000  0.070580  0.000000 -0.004624  0.000000 ) 
 ( -0.204409  0.000000  0.048390  0.000000  0.015922  0.000000 ) 
 (  0.204409  0.000000 -0.048390  0.000000  0.015922  0.000000 ) 
 (  0.204409  0.000000  0.048390  0.000000  0.015922  0.000000 ) 
 ( -0.204409  0.000000 -0.048390  0.000000  0.015922  0.000000 ) 
     freq (   27) =      11.871329 [THz] =     395.984898 [cm-1]
 (  0.000000  0.000000 -0.000000  0.000000 -0.002546  0.000000 ) 
 ( -0.000000  0.000000  0.000000  0.000000 -0.002546  0.000000 ) 
 (  0.000877  0.000000 -0.002484  0.000000  0.010287  0.000000 ) 
 ( -0.000877  0.000000  0.002484  0.000000  0.010287  0.000000 ) 
 ( -0.000877  0.000000 -0.002484  0.000000  0.010287  0.000000 ) 
 (  0.000877  0.000000  0.002484  0.000000  0.010287  0.000000 ) 
 (  0.000400  0.000000 -0.004454  0.000000  0.297348  0.000000 ) 
 ( -0.000400  0.000000  0.004454  0.000000  0.297348  0.000000 ) 
 ( -0.000400  0.000000 -0.004454  0.000000  0.297348  0.000000 ) 
 (  0.000400  0.000000  0.004454  0.000000  0.297348  0.000000 ) 
 ( -0.001317  0.000000 -0.001030  0.000000  0.023434  0.000000 ) 
 (  0.001317  0.000000  0.001030  0.000000  0.023434  0.000000 ) 
 (  0.001317  0.000000 -0.001030  0.000000  0.023434  0.000000 ) 
 ( -0.001317  0.000000  0.001030  0.000000  0.023434  0.000000 ) 
 ( -0.216874  0.000000  0.123168  0.000000 -0.130427  0.000000 ) 
 (  0.216874  0.000000 -0.123168  0.000000 -0.130427  0.000000 ) 
 (  0.216874  0.000000  0.123168  0.000000 -0.130427  0.000000 ) 
 ( -0.216874  0.000000 -0.123168  0.000000 -0.130427  0.000000 ) 
 ( -0.221261  0.000000  0.125931  0.000000 -0.129865  0.000000 ) 
 (  0.221261  0.000000 -0.125931  0.000000 -0.129865  0.000000 ) 
 (  0.221261  0.000000  0.125931  0.000000 -0.129865  0.000000 ) 
 ( -0.221261  0.000000 -0.125931  0.000000 -0.129865  0.000000 ) 
     freq (   28) =      12.151628 [THz] =     405.334685 [cm-1]
 (  0.000000  0.000000  0.000000  0.000000 -0.005646  0.000000 ) 
 (  0.000000  0.000000 -0.000000  0.000000  0.005646  0.000000 ) 
 ( -0.000004  0.000000 -0.000405  0.000000  0.022744  0.000000 ) 
 (  0.000004  0.000000  0.000405  0.000000  0.022744  0.000000 ) 
 ( -0.000004  0.000000  0.000405  0.000000 -0.022744  0.000000 ) 
 (  0.000004  0.000000 -0.000405  0.000000 -0.022744  0.000000 ) 
 (  0.000346  0.000000  0.002005  0.000000  0.319345  0.000000 ) 
 ( -0.000346  0.000000 -0.002005  0.000000  0.319345  0.000000 ) 
 (  0.000346  0.000000 -0.002005  0.000000 -0.319345  0.000000 ) 
 ( -0.000346  0.000000  0.002005  0.000000 -0.319345  0.000000 ) 
 (  0.001689  0.000000 -0.001404  0.000000 -0.008519  0.000000 ) 
 ( -0.001689  0.000000  0.001404  0.000000 -0.008519  0.000000 ) 
 (  0.001689  0.000000  0.001404  0.000000  0.008519  0.000000 ) 
 ( -0.001689  0.000000 -0.001404  0.000000  0.008519  0.000000 ) 
 ( -0.237956  0.000000  0.086353  0.000000 -0.099942  0.000000 ) 
 (  0.237956  0.000000 -0.086353  0.000000 -0.099942  0.000000 ) 
 ( -0.237956  0.000000 -0.086353  0.000000  0.099942  0.000000 ) 
 (  0.237956  0.000000  0.086353  0.000000  0.099942  0.000000 ) 
 ( -0.235842  0.000000  0.087942  0.000000 -0.099901  0.000000 ) 
 (  0.235842  0.000000 -0.087942  0.000000 -0.099901  0.000000 ) 
 ( -0.235842  0.000000 -0.087942  0.000000  0.099901  0.000000 ) 
 (  0.235842  0.000000  0.087942  0.000000  0.099901  0.000000 ) 
     freq (   29) =      12.232035 [THz] =     408.016771 [cm-1]
 ( -0.000010  0.000000 -0.000046  0.000000 -0.000000  0.000000 ) 
 (  0.000010  0.000000 -0.000046  0.000000  0.000000  0.000000 ) 
 ( -0.000023  0.000000  0.000028  0.000000 -0.018788  0.000000 ) 
 ( -0.000023  0.000000  0.000028  0.000000  0.018788  0.000000 ) 
 (  0.000023  0.000000  0.000028  0.000000 -0.018788  0.000000 ) 
 (  0.000023  0.000000  0.000028  0.000000  0.018788  0.000000 ) 
 ( -0.000013  0.000000  0.000642  0.000000 -0.297522  0.000000 ) 
 ( -0.000013  0.000000  0.000642  0.000000  0.297522  0.000000 ) 
 (  0.000013  0.000000  0.000642  0.000000 -0.297522  0.000000 ) 
 (  0.000013  0.000000  0.000642  0.000000  0.297522  0.000000 ) 
 (  0.000529  0.000000 -0.000165  0.000000 -0.046111  0.000000 ) 
 (  0.000529  0.000000 -0.000165  0.000000  0.046111  0.000000 ) 
 ( -0.000529  0.000000 -0.000165  0.000000 -0.046111  0.000000 ) 
 ( -0.000529  0.000000 -0.000165  0.000000  0.046111  0.000000 ) 
 (  0.210435  0.000000 -0.137345  0.000000  0.127478  0.000000 ) 
 (  0.210435  0.000000 -0.137345  0.000000 -0.127478  0.000000 ) 
 ( -0.210435  0.000000 -0.137345  0.000000  0.127478  0.000000 ) 
 ( -0.210435  0.000000 -0.137345  0.000000 -0.127478  0.000000 ) 
 ( -0.211132  0.000000  0.136933  0.000000 -0.127578  0.000000 ) 
 ( -0.211132  0.000000  0.136933  0.000000  0.127578  0.000000 ) 
 (  0.211132  0.000000  0.136933  0.000000 -0.127578  0.000000 ) 
 (  0.211132  0.000000  0.136933  0.000000  0.127578  0.000000 ) 
     freq (   30) =      12.578110 [THz] =     419.560575 [cm-1]
 ( -0.000103  0.000000 -0.000315  0.000000 -0.000000  0.000000 ) 
 ( -0.000103  0.000000  0.000315  0.000000  0.000000  0.000000 ) 
 ( -0.000102  0.000000 -0.000430  0.000000  0.028332  0.000000 ) 
 ( -0.000102  0.000000 -0.000430  0.000000 -0.028332  0.000000 ) 
 ( -0.000102  0.000000  0.000430  0.000000 -0.028332  0.000000 ) 
 ( -0.000102  0.000000  0.000430  0.000000  0.028332  0.000000 ) 
 ( -0.000016  0.000000 -0.000868  0.000000  0.318941  0.000000 ) 
 ( -0.000016  0.000000 -0.000868  0.000000 -0.318941  0.000000 ) 
 ( -0.000016  0.000000  0.000868  0.000000 -0.318941  0.000000 ) 
 ( -0.000016  0.000000  0.000868  0.000000  0.318941  0.000000 ) 
 ( -0.000444  0.000000 -0.000352  0.000000  0.009409  0.000000 ) 
 ( -0.000444  0.000000 -0.000352  0.000000 -0.009409  0.000000 ) 
 ( -0.000444  0.000000  0.000352  0.000000 -0.009409  0.000000 ) 
 ( -0.000444  0.000000  0.000352  0.000000  0.009409  0.000000 ) 
 ( -0.231234  0.000000  0.100084  0.000000 -0.100916  0.000000 ) 
 ( -0.231234  0.000000  0.100084  0.000000  0.100916  0.000000 ) 
 ( -0.231234  0.000000 -0.100084  0.000000  0.100916  0.000000 ) 
 ( -0.231234  0.000000 -0.100084  0.000000 -0.100916  0.000000 ) 
 (  0.230754  0.000000 -0.100959  0.000000  0.101360  0.000000 ) 
 (  0.230754  0.000000 -0.100959  0.000000 -0.101360  0.000000 ) 
 (  0.230754  0.000000  0.100959  0.000000 -0.101360  0.000000 ) 
 (  0.230754  0.000000  0.100959  0.000000  0.101360  0.000000 ) 
     freq (   31) =      30.537358 [THz] =    1018.616632 [cm-1]
 (  0.000000  0.000000  0.000000  0.000000 -0.000001  0.000000 ) 
 (  0.000000  0.000000 -0.000000  0.000000 -0.000001  0.000000 ) 
 (  0.047242  0.000000  0.041519  0.000000 -0.000560  0.000000 ) 
 ( -0.047242  0.000000 -0.041519  0.000000 -0.000560  0.000000 ) 
 ( -0.047242  0.000000  0.041519  0.000000 -0.000560  0.000000 ) 
 (  0.047242  0.000000 -0.041519  0.000000 -0.000560  0.000000 ) 
 ( -0.009596  0.000000 -0.237773  0.000000  0.002204  0.000000 ) 
 (  0.009596  0.000000  0.237773  0.000000  0.002204  0.000000 ) 
 (  0.009596  0.000000 -0.237773  0.000000  0.002204  0.000000 ) 
 ( -0.009596  0.000000  0.237773  0.000000  0.002204  0.000000 ) 
 ( -0.105110  0.000000  0.099509  0.000000  0.002463  0.000000 ) 
 (  0.105110  0.000000 -0.099509  0.000000  0.002463  0.000000 ) 
 (  0.105110  0.000000  0.099509  0.000000  0.002463  0.000000 ) 
 ( -0.105110  0.000000 -0.099509  0.000000  0.002463  0.000000 ) 
 ( -0.229213  0.000000 -0.171878  0.000000  0.051647  0.000000 ) 
 (  0.229213  0.000000  0.171878  0.000000  0.051647  0.000000 ) 
 (  0.229213  0.000000 -0.171878  0.000000  0.051647  0.000000 ) 
 ( -0.229213  0.000000  0.171878  0.000000  0.051647  0.000000 ) 
 (  0.229312  0.000000  0.169009  0.000000 -0.050585  0.000000 ) 
 ( -0.229312  0.000000 -0.169009  0.000000 -0.050585  0.000000 ) 
 ( -0.229312  0.000000  0.169009  0.000000 -0.050585  0.000000 ) 
 (  0.229312  0.000000 -0.169009  0.000000 -0.050585  0.000000 ) 
     freq (   32) =      30.713407 [THz] =    1024.488990 [cm-1]
 (  0.000000  0.000000  0.000000  0.000000 -0.000035  0.000000 ) 
 ( -0.000000  0.000000  0.000000  0.000000  0.000035  0.000000 ) 
 (  0.044884  0.000000  0.046484  0.000000  0.000252  0.000000 ) 
 ( -0.044884  0.000000 -0.046484  0.000000  0.000252  0.000000 ) 
 (  0.044884  0.000000 -0.046484  0.000000 -0.000252  0.000000 ) 
 ( -0.044884  0.000000  0.046484  0.000000 -0.000252  0.000000 ) 
 ( -0.014762  0.000000 -0.254650  0.000000 -0.000400  0.000000 ) 
 (  0.014762  0.000000  0.254650  0.000000 -0.000400  0.000000 ) 
 ( -0.014762  0.000000  0.254650  0.000000  0.000400  0.000000 ) 
 (  0.014762  0.000000 -0.254650  0.000000  0.000400  0.000000 ) 
 ( -0.078348  0.000000  0.087714  0.000000 -0.000593  0.000000 ) 
 (  0.078348  0.000000 -0.087714  0.000000 -0.000593  0.000000 ) 
 ( -0.078348  0.000000 -0.087714  0.000000  0.000593  0.000000 ) 
 (  0.078348  0.000000  0.087714  0.000000  0.000593  0.000000 ) 
 ( -0.217574  0.000000 -0.179430  0.000000  0.062791  0.000000 ) 
 (  0.217574  0.000000  0.179430  0.000000  0.062791  0.000000 ) 
 ( -0.217574  0.000000  0.179430  0.000000 -0.062791  0.000000 ) 
 (  0.217574  0.000000 -0.179430  0.000000 -0.062791  0.000000 ) 
 (  0.216791  0.000000  0.180214  0.000000 -0.063054  0.000000 ) 
 ( -0.216791  0.000000 -0.180214  0.000000 -0.063054  0.000000 ) 
 (  0.216791  0.000000 -0.180214  0.000000  0.063054  0.000000 ) 
 ( -0.216791  0.000000  0.180214  0.000000  0.063054  0.000000 ) 
     freq (   33) =      30.767567 [THz] =    1026.295557 [cm-1]
 ( -0.000487  0.000000 -0.000306  0.000000  0.000000  0.000000 ) 
 (  0.000487  0.000000 -0.000306  0.000000 -0.000000  0.000000 ) 
 ( -0.039426  0.000000 -0.049483  0.000000 -0.000006  0.000000 ) 
 ( -0.039426  0.000000 -0.049483  0.000000  0.000006  0.000000 ) 
 (  0.039426  0.000000 -0.049483  0.000000 -0.000006  0.000000 ) 
 (  0.039426  0.000000 -0.049483  0.000000  0.000006  0.000000 ) 
 (  0.018669  0.000000  0.270294  0.000000  0.000359  0.000000 ) 
 (  0.018669  0.000000  0.270294  0.000000 -0.000359  0.000000 ) 
 ( -0.018669  0.000000  0.270294  0.000000  0.000359  0.000000 ) 
 ( -0.018669  0.000000  0.270294  0.000000 -0.000359  0.000000 ) 
 (  0.065054  0.000000 -0.080225  0.000000 -0.000319  0.000000 ) 
 (  0.065054  0.000000 -0.080225  0.000000  0.000319  0.000000 ) 
 ( -0.065054  0.000000 -0.080225  0.000000 -0.000319  0.000000 ) 
 ( -0.065054  0.000000 -0.080225  0.000000  0.000319  0.000000 ) 
 (  0.207636  0.000000  0.181743  0.000000 -0.069916  0.000000 ) 
 (  0.207636  0.000000  0.181743  0.000000  0.069916  0.000000 ) 
 ( -0.207636  0.000000  0.181743  0.000000 -0.069916  0.000000 ) 
 ( -0.207636  0.000000  0.181743  0.000000  0.069916  0.000000 ) 
 (  0.207275  0.000000  0.181729  0.000000 -0.070010  0.000000 ) 
 (  0.207275  0.000000  0.181729  0.000000  0.070010  0.000000 ) 
 ( -0.207275  0.000000  0.181729  0.000000 -0.070010  0.000000 ) 
 ( -0.207275  0.000000  0.181729  0.000000  0.070010  0.000000 ) 
     freq (   34) =      30.891203 [THz] =    1030.419631 [cm-1]
 ( -0.000745  0.000000 -0.000750  0.000000 -0.000000  0.000000 ) 
 ( -0.000745  0.000000  0.000750  0.000000 -0.000000  0.000000 ) 
 ( -0.042974  0.000000 -0.046854  0.000000  0.000380  0.000000 ) 
 ( -0.042974  0.000000 -0.046854  0.000000 -0.000380  0.000000 ) 
 ( -0.042974  0.000000  0.046854  0.000000 -0.000380  0.000000 ) 
 ( -0.042974  0.000000  0.046854  0.000000  0.000380  0.000000 ) 
 (  0.017045  0.000000  0.261395  0.000000 -0.001045  0.000000 ) 
 (  0.017045  0.000000  0.261395  0.000000  0.001045  0.000000 ) 
 (  0.017045  0.000000 -0.261395  0.000000  0.001045  0.000000 ) 
 (  0.017045  0.000000 -0.261395  0.000000 -0.001045  0.000000 ) 
 (  0.071400  0.000000 -0.085558  0.000000 -0.001339  0.000000 ) 
 (  0.071400  0.000000 -0.085558  0.000000  0.001339  0.000000 ) 
 (  0.071400  0.000000  0.085558  0.000000  0.001339  0.000000 ) 
 (  0.071400  0.000000  0.085558  0.000000 -0.001339  0.000000 ) 
 (  0.211172  0.000000  0.182874  0.000000 -0.066785  0.000000 ) 
 (  0.211172  0.000000  0.182874  0.000000  0.066785  0.000000 ) 
 (  0.211172  0.000000 -0.182874  0.000000  0.066785  0.000000 ) 
 (  0.211172  0.000000 -0.182874  0.000000 -0.066785  0.000000 ) 
 (  0.212340  0.000000  0.181529  0.000000 -0.066191  0.000000 ) 
 (  0.212340  0.000000  0.181529  0.000000  0.066191  0.000000 ) 
 (  0.212340  0.000000 -0.181529  0.000000  0.066191  0.000000 ) 
 (  0.212340  0.000000 -0.181529  0.000000 -0.066191  0.000000 ) 
     freq (   35) =      31.807193 [THz] =    1060.973741 [cm-1]
 ( -0.000000  0.000000 -0.000000  0.000000 -0.000029  0.000000 ) 
 (  0.000000  0.000000  0.000000  0.000000  0.000029  0.000000 ) 
 ( -0.047408  0.000000  0.047680  0.000000  0.000520  0.000000 ) 
 (  0.047408  0.000000 -0.047680  0.000000  0.000520  0.000000 ) 
 ( -0.047408  0.000000 -0.047680  0.000000 -0.000520  0.000000 ) 
 (  0.047408  0.000000  0.047680  0.000000 -0.000520  0.000000 ) 
 ( -0.065649  0.000000 -0.197903  0.000000 -0.001804  0.000000 ) 
 (  0.065649  0.000000  0.197903  0.000000 -0.001804  0.000000 ) 
 ( -0.065649  0.000000  0.197903  0.000000  0.001804  0.000000 ) 
 (  0.065649  0.000000 -0.197903  0.000000  0.001804  0.000000 ) 
 (  0.285292  0.000000 -0.147745  0.000000 -0.001966  0.000000 ) 
 ( -0.285292  0.000000  0.147745  0.000000 -0.001966  0.000000 ) 
 (  0.285292  0.000000  0.147745  0.000000  0.001966  0.000000 ) 
 ( -0.285292  0.000000 -0.147745  0.000000  0.001966  0.000000 ) 
 (  0.152943  0.000000 -0.091098  0.000000  0.131227  0.000000 ) 
 ( -0.152943  0.000000  0.091098  0.000000  0.131227  0.000000 ) 
 (  0.152943  0.000000  0.091098  0.000000 -0.131227  0.000000 ) 
 ( -0.152943  0.000000 -0.091098  0.000000 -0.131227  0.000000 ) 
 ( -0.154142  0.000000  0.093075  0.000000 -0.132070  0.000000 ) 
 (  0.154142  0.000000 -0.093075  0.000000 -0.132070  0.000000 ) 
 ( -0.154142  0.000000 -0.093075  0.000000  0.132070  0.000000 ) 
 (  0.154142  0.000000  0.093075  0.000000  0.132070  0.000000 ) 
     freq (   36) =      31.817863 [THz] =    1061.329657 [cm-1]
 (  0.000032  0.000000  0.000011  0.000000 -0.000000  0.000000 ) 
 (  0.000032  0.000000 -0.000011  0.000000  0.000000  0.000000 ) 
 ( -0.050307  0.000000  0.047587  0.000000  0.000280  0.000000 ) 
 ( -0.050307  0.000000  0.047587  0.000000 -0.000280  0.000000 ) 
 ( -0.050307  0.000000 -0.047587  0.000000 -0.000280  0.000000 ) 
 ( -0.050307  0.000000 -0.047587  0.000000  0.000280  0.000000 ) 
 ( -0.066227  0.000000 -0.186475  0.000000 -0.001375  0.000000 ) 
 ( -0.066227  0.000000 -0.186475  0.000000  0.001375  0.000000 ) 
 ( -0.066227  0.000000  0.186475  0.000000  0.001375  0.000000 ) 
 ( -0.066227  0.000000  0.186475  0.000000 -0.001375  0.000000 ) 
 (  0.286329  0.000000 -0.148497  0.000000 -0.001254  0.000000 ) 
 (  0.286329  0.000000 -0.148497  0.000000  0.001254  0.000000 ) 
 (  0.286329  0.000000  0.148497  0.000000  0.001254  0.000000 ) 
 (  0.286329  0.000000  0.148497  0.000000 -0.001254  0.000000 ) 
 (  0.159054  0.000000 -0.088487  0.000000  0.132489  0.000000 ) 
 (  0.159054  0.000000 -0.088487  0.000000 -0.132489  0.000000 ) 
 (  0.159054  0.000000  0.088487  0.000000 -0.132489  0.000000 ) 
 (  0.159054  0.000000  0.088487  0.000000  0.132489  0.000000 ) 
 (  0.159965  0.000000 -0.089625  0.000000  0.133054  0.000000 ) 
 (  0.159965  0.000000 -0.089625  0.000000 -0.133054  0.000000 ) 
 (  0.159965  0.000000  0.089625  0.000000 -0.133054  0.000000 ) 
 (  0.159965  0.000000  0.089625  0.000000  0.133054  0.000000 ) 
     freq (   37) =      31.964773 [THz] =    1066.230057 [cm-1]
 (  0.000490  0.000000  0.000024  0.000000 -0.000000  0.000000 ) 
 ( -0.000490  0.000000  0.000024  0.000000  0.000000  0.000000 ) 
 (  0.049050  0.000000 -0.046107  0.000000 -0.000766  0.000000 ) 
 (  0.049050  0.000000 -0.046107  0.000000  0.000766  0.000000 ) 
 ( -0.049050  0.000000 -0.046107  0.000000 -0.000766  0.000000 ) 
 ( -0.049050  0.000000 -0.046107  0.000000  0.000766  0.000000 ) 
 (  0.065985  0.000000  0.179367  0.000000  0.002710  0.000000 ) 
 (  0.065985  0.000000  0.179367  0.000000 -0.002710  0.000000 ) 
 ( -0.065985  0.000000  0.179367  0.000000  0.002710  0.000000 ) 
 ( -0.065985  0.000000  0.179367  0.000000 -0.002710  0.000000 ) 
 ( -0.295336  0.000000  0.154545  0.000000  0.004293  0.000000 ) 
 ( -0.295336  0.000000  0.154545  0.000000 -0.004293  0.000000 ) 
 (  0.295336  0.000000  0.154545  0.000000  0.004293  0.000000 ) 
 (  0.295336  0.000000  0.154545  0.000000 -0.004293  0.000000 ) 
 ( -0.163333  0.000000  0.076321  0.000000 -0.125724  0.000000 ) 
 ( -0.163333  0.000000  0.076321  0.000000  0.125724  0.000000 ) 
 (  0.163333  0.000000  0.076321  0.000000 -0.125724  0.000000 ) 
 (  0.163333  0.000000  0.076321  0.000000  0.125724  0.000000 ) 
 ( -0.164072  0.000000  0.080024  0.000000 -0.127179  0.000000 ) 
 ( -0.164072  0.000000  0.080024  0.000000  0.127179  0.000000 ) 
 (  0.164072  0.000000  0.080024  0.000000 -0.127179  0.000000 ) 
 (  0.164072  0.000000  0.080024  0.000000  0.127179  0.000000 ) 
     freq (   38) =      32.223660 [THz] =    1074.865600 [cm-1]
 ( -0.000000  0.000000  0.000000  0.000000  0.000006  0.000000 ) 
 (  0.000000  0.000000  0.000000  0.000000  0.000006  0.000000 ) 
 ( -0.041343  0.000000  0.048443  0.000000  0.000680  0.000000 ) 
 (  0.041343  0.000000 -0.048443  0.000000  0.000680  0.000000 ) 
 (  0.041343  0.000000  0.048443  0.000000  0.000680  0.000000 ) 
 ( -0.041343  0.000000 -0.048443  0.000000  0.000680  0.000000 ) 
 ( -0.067415  0.000000 -0.221419  0.000000 -0.003360  0.000000 ) 
 (  0.067415  0.000000  0.221419  0.000000 -0.003360  0.000000 ) 
 (  0.067415  0.000000 -0.221419  0.000000 -0.003360  0.000000 ) 
 ( -0.067415  0.000000  0.221419  0.000000 -0.003360  0.000000 ) 
 (  0.280696  0.000000 -0.139340  0.000000 -0.003199  0.000000 ) 
 ( -0.280696  0.000000  0.139340  0.000000 -0.003199  0.000000 ) 
 ( -0.280696  0.000000 -0.139340  0.000000 -0.003199  0.000000 ) 
 (  0.280696  0.000000  0.139340  0.000000 -0.003199  0.000000 ) 
 (  0.130611  0.000000 -0.104470  0.000000  0.135020  0.000000 ) 
 ( -0.130611  0.000000  0.104470  0.000000  0.135020  0.000000 ) 
 ( -0.130611  0.000000 -0.104470  0.000000  0.135020  0.000000 ) 
 (  0.130611  0.000000  0.104470  0.000000  0.135020  0.000000 ) 
 ( -0.133327  0.000000  0.107375  0.000000 -0.136513  0.000000 ) 
 (  0.133327  0.000000 -0.107375  0.000000 -0.136513  0.000000 ) 
 (  0.133327  0.000000  0.107375  0.000000 -0.136513  0.000000 ) 
 ( -0.133327  0.000000 -0.107375  0.000000 -0.136513  0.000000 ) 
     freq (   39) =      32.236301 [THz] =    1075.287265 [cm-1]
 ( -0.000000  0.000000 -0.000009  0.000000 -0.000000  0.000000 ) 
 (  0.000000  0.000000 -0.000009  0.000000  0.000000  0.000000 ) 
 (  0.000534  0.000000 -0.000528  0.000000  0.065200  0.000000 ) 
 (  0.000534  0.000000 -0.000528  0.000000 -0.065200  0.000000 ) 
 ( -0.000534  0.000000 -0.000528  0.000000  0.065200  0.000000 ) 
 ( -0.000534  0.000000 -0.000528  0.000000 -0.065200  0.000000 ) 
 (  0.000842  0.000000  0.002198  0.000000 -0.259895  0.000000 ) 
 (  0.000842  0.000000  0.002198  0.000000  0.259895  0.000000 ) 
 ( -0.000842  0.000000  0.002198  0.000000 -0.259895  0.000000 ) 
 ( -0.000842  0.000000  0.002198  0.000000  0.259895  0.000000 ) 
 ( -0.003486  0.000000  0.001708  0.000000 -0.342938  0.000000 ) 
 ( -0.003486  0.000000  0.001708  0.000000  0.342938  0.000000 ) 
 (  0.003486  0.000000  0.001708  0.000000 -0.342938  0.000000 ) 
 (  0.003486  0.000000  0.001708  0.000000  0.342938  0.000000 ) 
 ( -0.052703  0.000000  0.154154  0.000000 -0.066341  0.000000 ) 
 ( -0.052703  0.000000  0.154154  0.000000  0.066341  0.000000 ) 
 (  0.052703  0.000000  0.154154  0.000000 -0.066341  0.000000 ) 
 (  0.052703  0.000000  0.154154  0.000000  0.066341  0.000000 ) 
 (  0.048793  0.000000 -0.152336  0.000000  0.063617  0.000000 ) 
 (  0.048793  0.000000 -0.152336  0.000000 -0.063617  0.000000 ) 
 ( -0.048793  0.000000 -0.152336  0.000000  0.063617  0.000000 ) 
 ( -0.048793  0.000000 -0.152336  0.000000 -0.063617  0.000000 ) 
     freq (   40) =      32.273244 [THz] =    1076.519551 [cm-1]
 ( -0.000000  0.000000  0.000000  0.000000  0.000305  0.000000 ) 
 (  0.000000  0.000000 -0.000000  0.000000 -0.000305  0.000000 ) 
 ( -0.000180  0.000000  0.000464  0.000000 -0.064648  0.000000 ) 
 (  0.000180  0.000000 -0.000464  0.000000 -0.064648  0.000000 ) 
 ( -0.000180  0.000000 -0.000464  0.000000  0.064648  0.000000 ) 
 (  0.000180  0.000000  0.000464  0.000000  0.064648  0.000000 ) 
 ( -0.000307  0.000000 -0.001903  0.000000  0.265460  0.000000 ) 
 (  0.000307  0.000000  0.001903  0.000000  0.265460  0.000000 ) 
 ( -0.000307  0.000000  0.001903  0.000000 -0.265460  0.000000 ) 
 (  0.000307  0.000000 -0.001903  0.000000 -0.265460  0.000000 ) 
 (  0.001775  0.000000 -0.001078  0.000000  0.336332  0.000000 ) 
 ( -0.001775  0.000000  0.001078  0.000000  0.336332  0.000000 ) 
 (  0.001775  0.000000  0.001078  0.000000 -0.336332  0.000000 ) 
 ( -0.001775  0.000000 -0.001078  0.000000 -0.336332  0.000000 ) 
 (  0.054860  0.000000 -0.154570  0.000000  0.068089  0.000000 ) 
 ( -0.054860  0.000000  0.154570  0.000000  0.068089  0.000000 ) 
 (  0.054860  0.000000  0.154570  0.000000 -0.068089  0.000000 ) 
 ( -0.054860  0.000000 -0.154570  0.000000 -0.068089  0.000000 ) 
 (  0.054136  0.000000 -0.152980  0.000000  0.065975  0.000000 ) 
 ( -0.054136  0.000000  0.152980  0.000000  0.065975  0.000000 ) 
 (  0.054136  0.000000  0.152980  0.000000 -0.065975  0.000000 ) 
 ( -0.054136  0.000000 -0.152980  0.000000 -0.065975  0.000000 ) 
     freq (   41) =      32.308484 [THz] =    1077.695016 [cm-1]
 (  0.000011  0.000000  0.000020  0.000000 -0.000000  0.000000 ) 
 (  0.000011  0.000000 -0.000020  0.000000  0.000000  0.000000 ) 
 (  0.000389  0.000000  0.000040  0.000000  0.065586  0.000000 ) 
 (  0.000389  0.000000  0.000040  0.000000 -0.065586  0.000000 ) 
 (  0.000389  0.000000 -0.000040  0.000000 -0.065586  0.000000 ) 
 (  0.000389  0.000000 -0.000040  0.000000  0.065586  0.000000 ) 
 (  0.000120  0.000000 -0.000194  0.000000 -0.271576  0.000000 ) 
 (  0.000120  0.000000 -0.000194  0.000000  0.271576  0.000000 ) 
 (  0.000120  0.000000  0.000194  0.000000  0.271576  0.000000 ) 
 (  0.000120  0.000000  0.000194  0.000000 -0.271576  0.000000 ) 
 ( -0.001468  0.000000  0.001108  0.000000 -0.331818  0.000000 ) 
 ( -0.001468  0.000000  0.001108  0.000000  0.331818  0.000000 ) 
 ( -0.001468  0.000000 -0.001108  0.000000  0.331818  0.000000 ) 
 ( -0.001468  0.000000 -0.001108  0.000000 -0.331818  0.000000 ) 
 ( -0.057111  0.000000  0.152585  0.000000 -0.066470  0.000000 ) 
 ( -0.057111  0.000000  0.152585  0.000000  0.066470  0.000000 ) 
 ( -0.057111  0.000000 -0.152585  0.000000  0.066470  0.000000 ) 
 ( -0.057111  0.000000 -0.152585  0.000000 -0.066470  0.000000 ) 
 (  0.053877  0.000000 -0.153777  0.000000  0.065771  0.000000 ) 
 (  0.053877  0.000000 -0.153777  0.000000 -0.065771  0.000000 ) 
 (  0.053877  0.000000  0.153777  0.000000 -0.065771  0.000000 ) 
 (  0.053877  0.000000  0.153777  0.000000  0.065771  0.000000 ) 
     freq (   42) =      32.474671 [THz] =    1083.238430 [cm-1]
 ( -0.000000  0.000000  0.000000  0.000000  0.000310  0.000000 ) 
 (  0.000000  0.000000 -0.000000  0.000000  0.000310  0.000000 ) 
 (  0.000676  0.000000 -0.000334  0.000000  0.066388  0.000000 ) 
 ( -0.000676  0.000000  0.000334  0.000000  0.066388  0.000000 ) 
 ( -0.000676  0.000000 -0.000334  0.000000  0.066388  0.000000 ) 
 (  0.000676  0.000000  0.000334  0.000000  0.066388  0.000000 ) 
 (  0.000629  0.000000  0.000252  0.000000 -0.265893  0.000000 ) 
 ( -0.000629  0.000000 -0.000252  0.000000 -0.265893  0.000000 ) 
 ( -0.000629  0.000000  0.000252  0.000000 -0.265893  0.000000 ) 
 (  0.000629  0.000000 -0.000252  0.000000 -0.265893  0.000000 ) 
 ( -0.003970  0.000000  0.001954  0.000000 -0.335607  0.000000 ) 
 (  0.003970  0.000000 -0.001954  0.000000 -0.335607  0.000000 ) 
 (  0.003970  0.000000  0.001954  0.000000 -0.335607  0.000000 ) 
 ( -0.003970  0.000000 -0.001954  0.000000 -0.335607  0.000000 ) 
 ( -0.059011  0.000000  0.154103  0.000000 -0.066101  0.000000 ) 
 (  0.059011  0.000000 -0.154103  0.000000 -0.066101  0.000000 ) 
 (  0.059011  0.000000  0.154103  0.000000 -0.066101  0.000000 ) 
 ( -0.059011  0.000000 -0.154103  0.000000 -0.066101  0.000000 ) 
 ( -0.051868  0.000000  0.154442  0.000000 -0.064020  0.000000 ) 
 (  0.051868  0.000000 -0.154442  0.000000 -0.064020  0.000000 ) 
 (  0.051868  0.000000  0.154442  0.000000 -0.064020  0.000000 ) 
 ( -0.051868  0.000000 -0.154442  0.000000 -0.064020  0.000000 ) 
     freq (   43) =      35.777876 [THz] =    1193.421488 [cm-1]
 (  0.000000  0.000000 -0.000000  0.000000  0.000080  0.000000 ) 
 (  0.000000  0.000000  0.000000  0.000000 -0.000080  0.000000 ) 
 ( -0.000028  0.000000  0.000043  0.000000 -0.004483  0.000000 ) 
 (  0.000028  0.000000 -0.000043  0.000000 -0.004483  0.000000 ) 
 ( -0.000028  0.000000 -0.000043  0.000000  0.004483  0.000000 ) 
 (  0.000028  0.000000  0.000043  0.000000  0.004483  0.000000 ) 
 ( -0.000446  0.000000 -0.000036  0.000000  0.287468  0.000000 ) 
 (  0.000446  0.000000  0.000036  0.000000  0.287468  0.000000 ) 
 ( -0.000446  0.000000  0.000036  0.000000 -0.287468  0.000000 ) 
 (  0.000446  0.000000 -0.000036  0.000000 -0.287468  0.000000 ) 
 (  0.000297  0.000000  0.000385  0.000000 -0.238914  0.000000 ) 
 ( -0.000297  0.000000 -0.000385  0.000000 -0.238914  0.000000 ) 
 (  0.000297  0.000000 -0.000385  0.000000  0.238914  0.000000 ) 
 ( -0.000297  0.000000  0.000385  0.000000  0.238914  0.000000 ) 
 (  0.220786  0.000000  0.079251  0.000000  0.010188  0.000000 ) 
 ( -0.220786  0.000000 -0.079251  0.000000  0.010188  0.000000 ) 
 (  0.220786  0.000000 -0.079251  0.000000 -0.010188  0.000000 ) 
 ( -0.220786  0.000000  0.079251  0.000000 -0.010188  0.000000 ) 
 (  0.220482  0.000000  0.080061  0.000000  0.010431  0.000000 ) 
 ( -0.220482  0.000000 -0.080061  0.000000  0.010431  0.000000 ) 
 (  0.220482  0.000000 -0.080061  0.000000 -0.010431  0.000000 ) 
 ( -0.220482  0.000000  0.080061  0.000000 -0.010431  0.000000 ) 
     freq (   44) =      35.783334 [THz] =    1193.603543 [cm-1]
 ( -0.000003  0.000000  0.000001  0.000000  0.000000  0.000000 ) 
 ( -0.000003  0.000000 -0.000001  0.000000 -0.000000  0.000000 ) 
 ( -0.000001  0.000000 -0.000029  0.000000 -0.003364  0.000000 ) 
 ( -0.000001  0.000000 -0.000029  0.000000  0.003364  0.000000 ) 
 ( -0.000001  0.000000  0.000029  0.000000  0.003364  0.000000 ) 
 ( -0.000001  0.000000  0.000029  0.000000 -0.003364  0.000000 ) 
 ( -0.000098  0.000000 -0.001614  0.000000  0.284063  0.000000 ) 
 ( -0.000098  0.000000 -0.001614  0.000000 -0.284063  0.000000 ) 
 ( -0.000098  0.000000  0.001614  0.000000 -0.284063  0.000000 ) 
 ( -0.000098  0.000000  0.001614  0.000000  0.284063  0.000000 ) 
 (  0.001424  0.000000 -0.000992  0.000000 -0.241162  0.000000 ) 
 (  0.001424  0.000000 -0.000992  0.000000  0.241162  0.000000 ) 
 (  0.001424  0.000000  0.000992  0.000000  0.241162  0.000000 ) 
 (  0.001424  0.000000  0.000992  0.000000 -0.241162  0.000000 ) 
 (  0.220054  0.000000  0.083795  0.000000  0.008886  0.000000 ) 
 (  0.220054  0.000000  0.083795  0.000000 -0.008886  0.000000 ) 
 (  0.220054  0.000000 -0.083795  0.000000 -0.008886  0.000000 ) 
 (  0.220054  0.000000 -0.083795  0.000000  0.008886  0.000000 ) 
 ( -0.221170  0.000000 -0.081120  0.000000 -0.010549  0.000000 ) 
 ( -0.221170  0.000000 -0.081120  0.000000  0.010549  0.000000 ) 
 ( -0.221170  0.000000  0.081120  0.000000  0.010549  0.000000 ) 
 ( -0.221170  0.000000  0.081120  0.000000 -0.010549  0.000000 ) 
     freq (   45) =      36.014923 [THz] =    1201.328512 [cm-1]
 ( -0.000000  0.000000  0.000000  0.000000 -0.000252  0.000000 ) 
 ( -0.000000  0.000000 -0.000000  0.000000 -0.000252  0.000000 ) 
 ( -0.000010  0.000000 -0.000030  0.000000 -0.004449  0.000000 ) 
 (  0.000010  0.000000  0.000030  0.000000 -0.004449  0.000000 ) 
 (  0.000010  0.000000 -0.000030  0.000000 -0.004449  0.000000 ) 
 ( -0.000010  0.000000  0.000030  0.000000 -0.004449  0.000000 ) 
 ( -0.000434  0.000000 -0.002859  0.000000  0.286210  0.000000 ) 
 (  0.000434  0.000000  0.002859  0.000000  0.286210  0.000000 ) 
 (  0.000434  0.000000 -0.002859  0.000000  0.286210  0.000000 ) 
 ( -0.000434  0.000000  0.002859  0.000000  0.286210  0.000000 ) 
 (  0.002260  0.000000 -0.001352  0.000000 -0.238125  0.000000 ) 
 ( -0.002260  0.000000  0.001352  0.000000 -0.238125  0.000000 ) 
 ( -0.002260  0.000000 -0.001352  0.000000 -0.238125  0.000000 ) 
 (  0.002260  0.000000  0.001352  0.000000 -0.238125  0.000000 ) 
 (  0.220362  0.000000  0.082692  0.000000  0.007935  0.000000 ) 
 ( -0.220362  0.000000 -0.082692  0.000000  0.007935  0.000000 ) 
 ( -0.220362  0.000000  0.082692  0.000000  0.007935  0.000000 ) 
 (  0.220362  0.000000 -0.082692  0.000000  0.007935  0.000000 ) 
 (  0.222247  0.000000  0.079909  0.000000  0.010287  0.000000 ) 
 ( -0.222247  0.000000 -0.079909  0.000000  0.010287  0.000000 ) 
 ( -0.222247  0.000000  0.079909  0.000000  0.010287  0.000000 ) 
 (  0.222247  0.000000 -0.079909  0.000000  0.010287  0.000000 ) 
     freq (   46) =      36.024630 [THz] =    1201.652295 [cm-1]
 (  0.000005  0.000000 -0.000002  0.000000  0.000000  0.000000 ) 
 ( -0.000005  0.000000 -0.000002  0.000000  0.000000  0.000000 ) 
 ( -0.000253  0.000000  0.000194  0.000000 -0.005848  0.000000 ) 
 ( -0.000253  0.000000  0.000194  0.000000  0.005848  0.000000 ) 
 (  0.000253  0.000000  0.000194  0.000000 -0.005848  0.000000 ) 
 (  0.000253  0.000000  0.000194  0.000000  0.005848  0.000000 ) 
 (  0.001436  0.000000  0.011934  0.000000  0.290724  0.000000 ) 
 (  0.001436  0.000000  0.011934  0.000000 -0.290724  0.000000 ) 
 ( -0.001436  0.000000  0.011934  0.000000  0.290724  0.000000 ) 
 ( -0.001436  0.000000  0.011934  0.000000 -0.290724  0.000000 ) 
 ( -0.009933  0.000000  0.005823  0.000000 -0.231819  0.000000 ) 
 ( -0.009933  0.000000  0.005823  0.000000  0.231819  0.000000 ) 
 (  0.009933  0.000000  0.005823  0.000000 -0.231819  0.000000 ) 
 (  0.009933  0.000000  0.005823  0.000000  0.231819  0.000000 ) 
 (  0.227994  0.000000  0.067809  0.000000  0.017428  0.000000 ) 
 (  0.227994  0.000000  0.067809  0.000000 -0.017428  0.000000 ) 
 ( -0.227994  0.000000  0.067809  0.000000  0.017428  0.000000 ) 
 ( -0.227994  0.000000  0.067809  0.000000 -0.017428  0.000000 ) 
 ( -0.216297  0.000000 -0.088091  0.000000 -0.001069  0.000000 ) 
 ( -0.216297  0.000000 -0.088091  0.000000  0.001069  0.000000 ) 
 (  0.216297  0.000000 -0.088091  0.000000 -0.001069  0.000000 ) 
 (  0.216297  0.000000 -0.088091  0.000000  0.001069  0.000000 ) 
     freq (   47) =      36.063899 [THz] =    1202.962176 [cm-1]
 (  0.000309  0.000000  0.000080  0.000000  0.000000  0.000000 ) 
 ( -0.000309  0.000000  0.000080  0.000000 -0.000000  0.000000 ) 
 ( -0.005068  0.000000  0.003725  0.000000  0.000298  0.000000 ) 
 ( -0.005068  0.000000  0.003725  0.000000 -0.000298  0.000000 ) 
 (  0.005068  0.000000  0.003725  0.000000  0.000298  0.000000 ) 
 (  0.005068  0.000000  0.003725  0.000000 -0.000298  0.000000 ) 
 (  0.029395  0.000000  0.228444  0.000000 -0.015154  0.000000 ) 
 (  0.029395  0.000000  0.228444  0.000000  0.015154  0.000000 ) 
 ( -0.029395  0.000000  0.228444  0.000000 -0.015154  0.000000 ) 
 ( -0.029395  0.000000  0.228444  0.000000  0.015154  0.000000 ) 
 ( -0.183376  0.000000  0.105834  0.000000  0.012176  0.000000 ) 
 ( -0.183376  0.000000  0.105834  0.000000 -0.012176  0.000000 ) 
 (  0.183376  0.000000  0.105834  0.000000  0.012176  0.000000 ) 
 (  0.183376  0.000000  0.105834  0.000000 -0.012176  0.000000 ) 
 (  0.107519  0.000000 -0.194697  0.000000  0.158225  0.000000 ) 
 (  0.107519  0.000000 -0.194697  0.000000 -0.158225  0.000000 ) 
 ( -0.107519  0.000000 -0.194697  0.000000  0.158225  0.000000 ) 
 ( -0.107519  0.000000 -0.194697  0.000000 -0.158225  0.000000 ) 
 (  0.130854  0.000000 -0.186440  0.000000  0.159119  0.000000 ) 
 (  0.130854  0.000000 -0.186440  0.000000 -0.159119  0.000000 ) 
 ( -0.130854  0.000000 -0.186440  0.000000  0.159119  0.000000 ) 
 ( -0.130854  0.000000 -0.186440  0.000000 -0.159119  0.000000 ) 
     freq (   48) =      36.168647 [THz] =    1206.456210 [cm-1]
 ( -0.000422  0.000000  0.000051  0.000000 -0.000000  0.000000 ) 
 ( -0.000422  0.000000 -0.000051  0.000000  0.000000  0.000000 ) 
 ( -0.004448  0.000000  0.002552  0.000000 -0.000041  0.000000 ) 
 ( -0.004448  0.000000  0.002552  0.000000  0.000041  0.000000 ) 
 ( -0.004448  0.000000 -0.002552  0.000000  0.000041  0.000000 ) 
 ( -0.004448  0.000000 -0.002552  0.000000 -0.000041  0.000000 ) 
 (  0.030645  0.000000  0.232498  0.000000  0.001934  0.000000 ) 
 (  0.030645  0.000000  0.232498  0.000000 -0.001934  0.000000 ) 
 (  0.030645  0.000000 -0.232498  0.000000 -0.001934  0.000000 ) 
 (  0.030645  0.000000 -0.232498  0.000000  0.001934  0.000000 ) 
 ( -0.190681  0.000000  0.108602  0.000000 -0.001553  0.000000 ) 
 ( -0.190681  0.000000  0.108602  0.000000  0.001553  0.000000 ) 
 ( -0.190681  0.000000 -0.108602  0.000000  0.001553  0.000000 ) 
 ( -0.190681  0.000000 -0.108602  0.000000 -0.001553  0.000000 ) 
 (  0.119434  0.000000 -0.187361  0.000000  0.155704  0.000000 ) 
 (  0.119434  0.000000 -0.187361  0.000000 -0.155704  0.000000 ) 
 (  0.119434  0.000000  0.187361  0.000000 -0.155704  0.000000 ) 
 (  0.119434  0.000000  0.187361  0.000000  0.155704  0.000000 ) 
 (  0.116491  0.000000 -0.188265  0.000000  0.155542  0.000000 ) 
 (  0.116491  0.000000 -0.188265  0.000000 -0.155542  0.000000 ) 
 (  0.116491  0.000000  0.188265  0.000000 -0.155542  0.000000 ) 
 (  0.116491  0.000000  0.188265  0.000000  0.155542  0.000000 ) 
     freq (   49) =      36.298414 [THz] =    1210.784757 [cm-1]
 (  0.000000  0.000000 -0.000000  0.000000 -0.000000  0.000000 ) 
 (  0.000000  0.000000  0.000000  0.000000 -0.000000  0.000000 ) 
 (  0.004468  0.000000 -0.002589  0.000000 -0.000001  0.000000 ) 
 ( -0.004468  0.000000  0.002589  0.000000 -0.000001  0.000000 ) 
 ( -0.004468  0.000000 -0.002589  0.000000 -0.000001  0.000000 ) 
 (  0.004468  0.000000  0.002589  0.000000 -0.000001  0.000000 ) 
 ( -0.027518  0.000000 -0.227835  0.000000 -0.002569  0.000000 ) 
 (  0.027518  0.000000  0.227835  0.000000 -0.002569  0.000000 ) 
 (  0.027518  0.000000 -0.227835  0.000000 -0.002569  0.000000 ) 
 ( -0.027518  0.000000  0.227835  0.000000 -0.002569  0.000000 ) 
 (  0.183982  0.000000 -0.105921  0.000000  0.002410  0.000000 ) 
 ( -0.183982  0.000000  0.105921  0.000000  0.002410  0.000000 ) 
 ( -0.183982  0.000000 -0.105921  0.000000  0.002410  0.000000 ) 
 (  0.183982  0.000000  0.105921  0.000000  0.002410  0.000000 ) 
 ( -0.123038  0.000000  0.189597  0.000000 -0.158778  0.000000 ) 
 (  0.123038  0.000000 -0.189597  0.000000 -0.158778  0.000000 ) 
 (  0.123038  0.000000  0.189597  0.000000 -0.158778  0.000000 ) 
 ( -0.123038  0.000000 -0.189597  0.000000 -0.158778  0.000000 ) 
 (  0.118959  0.000000 -0.191330  0.000000  0.158656  0.000000 ) 
 ( -0.118959  0.000000  0.191330  0.000000  0.158656  0.000000 ) 
 ( -0.118959  0.000000 -0.191330  0.000000  0.158656  0.000000 ) 
 (  0.118959  0.000000  0.191330  0.000000  0.158656  0.000000 ) 
     freq (   50) =      36.505125 [THz] =    1217.679884 [cm-1]
 (  0.000000  0.000000  0.000000  0.000000  0.000001  0.000000 ) 
 (  0.000000  0.000000  0.000000  0.000000 -0.000001  0.000000 ) 
 ( -0.004314  0.000000  0.002273  0.000000 -0.000032  0.000000 ) 
 (  0.004314  0.000000 -0.002273  0.000000 -0.000032  0.000000 ) 
 ( -0.004314  0.000000 -0.002273  0.000000  0.000032  0.000000 ) 
 (  0.004314  0.000000  0.002273  0.000000  0.000032  0.000000 ) 
 (  0.029639  0.000000  0.230264  0.000000 -0.000052  0.000000 ) 
 ( -0.029639  0.000000 -0.230264  0.000000 -0.000052  0.000000 ) 
 (  0.029639  0.000000 -0.230264  0.000000  0.000052  0.000000 ) 
 ( -0.029639  0.000000  0.230264  0.000000  0.000052  0.000000 ) 
 ( -0.185920  0.000000  0.107539  0.000000  0.000340  0.000000 ) 
 (  0.185920  0.000000 -0.107539  0.000000  0.000340  0.000000 ) 
 ( -0.185920  0.000000 -0.107539  0.000000 -0.000340  0.000000 ) 
 (  0.185920  0.000000  0.107539  0.000000 -0.000340  0.000000 ) 
 (  0.119391  0.000000 -0.189191  0.000000  0.157997  0.000000 ) 
 ( -0.119391  0.000000  0.189191  0.000000  0.157997  0.000000 ) 
 (  0.119391  0.000000  0.189191  0.000000 -0.157997  0.000000 ) 
 ( -0.119391  0.000000 -0.189191  0.000000 -0.157997  0.000000 ) 
 ( -0.119433  0.000000  0.189002  0.000000 -0.157952  0.000000 ) 
 (  0.119433  0.000000 -0.189002  0.000000 -0.157952  0.000000 ) 
 ( -0.119433  0.000000 -0.189002  0.000000  0.157952  0.000000 ) 
 (  0.119433  0.000000  0.189002  0.000000  0.157952  0.000000 ) 
     freq (   51) =      68.326776 [THz] =    2279.135928 [cm-1]
 (  0.000000  0.000000 -0.000000  0.000000 -0.000003  0.000000 ) 
 ( -0.000000  0.000000 -0.000000  0.000000  0.000003  0.000000 ) 
 ( -0.004907  0.000000 -0.011981  0.000000  0.000069  0.000000 ) 
 (  0.004907  0.000000  0.011981  0.000000  0.000069  0.000000 ) 
 ( -0.004907  0.000000  0.011981  0.000000 -0.000069  0.000000 ) 
 (  0.004907  0.000000 -0.011981  0.000000 -0.000069  0.000000 ) 
 ( -0.207990  0.000000  0.025761  0.000000 -0.000215  0.000000 ) 
 (  0.207990  0.000000 -0.025761  0.000000 -0.000215  0.000000 ) 
 ( -0.207990  0.000000 -0.025761  0.000000  0.000215  0.000000 ) 
 (  0.207990  0.000000  0.025761  0.000000  0.000215  0.000000 ) 
 (  0.178682  0.000000  0.316736  0.000000  0.000717  0.000000 ) 
 ( -0.178682  0.000000 -0.316736  0.000000  0.000717  0.000000 ) 
 (  0.178682  0.000000 -0.316736  0.000000 -0.000717  0.000000 ) 
 ( -0.178682  0.000000  0.316736  0.000000 -0.000717  0.000000 ) 
 (  0.043337  0.000000 -0.102376  0.000000 -0.157030  0.000000 ) 
 ( -0.043337  0.000000  0.102376  0.000000 -0.157030  0.000000 ) 
 (  0.043337  0.000000  0.102376  0.000000  0.157030  0.000000 ) 
 ( -0.043337  0.000000 -0.102376  0.000000  0.157030  0.000000 ) 
 ( -0.043721  0.000000  0.101521  0.000000  0.156283  0.000000 ) 
 (  0.043721  0.000000 -0.101521  0.000000  0.156283  0.000000 ) 
 ( -0.043721  0.000000 -0.101521  0.000000 -0.156283  0.000000 ) 
 (  0.043721  0.000000  0.101521  0.000000 -0.156283  0.000000 ) 
     freq (   52) =      68.337551 [THz] =    2279.495324 [cm-1]
 (  0.000000  0.000000 -0.000000  0.000000 -0.000001  0.000000 ) 
 ( -0.000000  0.000000 -0.000000  0.000000 -0.000001  0.000000 ) 
 (  0.003465  0.000000  0.009242  0.000000 -0.000167  0.000000 ) 
 ( -0.003465  0.000000 -0.009242  0.000000 -0.000167  0.000000 ) 
 ( -0.003465  0.000000  0.009242  0.000000 -0.000167  0.000000 ) 
 (  0.003465  0.000000 -0.009242  0.000000 -0.000167  0.000000 ) 
 (  0.221657  0.000000 -0.028580  0.000000  0.000224  0.000000 ) 
 ( -0.221657  0.000000  0.028580  0.000000  0.000224  0.000000 ) 
 ( -0.221657  0.000000 -0.028580  0.000000  0.000224  0.000000 ) 
 (  0.221657  0.000000  0.028580  0.000000  0.000224  0.000000 ) 
 ( -0.166953  0.000000 -0.298411  0.000000  0.000086  0.000000 ) 
 (  0.166953  0.000000  0.298411  0.000000  0.000086  0.000000 ) 
 (  0.166953  0.000000 -0.298411  0.000000  0.000086  0.000000 ) 
 ( -0.166953  0.000000  0.298411  0.000000  0.000086  0.000000 ) 
 ( -0.046146  0.000000  0.107548  0.000000  0.168212  0.000000 ) 
 (  0.046146  0.000000 -0.107548  0.000000  0.168212  0.000000 ) 
 (  0.046146  0.000000  0.107548  0.000000  0.168212  0.000000 ) 
 ( -0.046146  0.000000 -0.107548  0.000000  0.168212  0.000000 ) 
 (  0.045466  0.000000 -0.106549  0.000000 -0.166192  0.000000 ) 
 ( -0.045466  0.000000  0.106549  0.000000 -0.166192  0.000000 ) 
 ( -0.045466  0.000000 -0.106549  0.000000 -0.166192  0.000000 ) 
 (  0.045466  0.000000  0.106549  0.000000 -0.166192  0.000000 ) 
     freq (   53) =      68.361089 [THz] =    2280.280480 [cm-1]
 (  0.000093  0.000000 -0.000079  0.000000  0.000000  0.000000 ) 
 ( -0.000093  0.000000 -0.000079  0.000000  0.000000  0.000000 ) 
 ( -0.003582  0.000000 -0.013075  0.000000 -0.000171  0.000000 ) 
 ( -0.003582  0.000000 -0.013075  0.000000  0.000171  0.000000 ) 
 (  0.003582  0.000000 -0.013075  0.000000 -0.000171  0.000000 ) 
 (  0.003582  0.000000 -0.013075  0.000000  0.000171  0.000000 ) 
 ( -0.219525  0.000000  0.027228  0.000000 -0.000114  0.000000 ) 
 ( -0.219525  0.000000  0.027228  0.000000  0.000114  0.000000 ) 
 (  0.219525  0.000000  0.027228  0.000000 -0.000114  0.000000 ) 
 (  0.219525  0.000000  0.027228  0.000000  0.000114  0.000000 ) 
 (  0.179447  0.000000  0.316937  0.000000 -0.000113  0.000000 ) 
 (  0.179447  0.000000  0.316937  0.000000  0.000113  0.000000 ) 
 ( -0.179447  0.000000  0.316937  0.000000 -0.000113  0.000000 ) 
 ( -0.179447  0.000000  0.316937  0.000000  0.000113  0.000000 ) 
 (  0.040643  0.000000 -0.098522  0.000000 -0.149395  0.000000 ) 
 (  0.040643  0.000000 -0.098522  0.000000  0.149395  0.000000 ) 
 ( -0.040643  0.000000 -0.098522  0.000000 -0.149395  0.000000 ) 
 ( -0.040643  0.000000 -0.098522  0.000000  0.149395  0.000000 ) 
 (  0.041608  0.000000 -0.099862  0.000000 -0.151171  0.000000 ) 
 (  0.041608  0.000000 -0.099862  0.000000  0.151171  0.000000 ) 
 ( -0.041608  0.000000 -0.099862  0.000000 -0.151171  0.000000 ) 
 ( -0.041608  0.000000 -0.099862  0.000000  0.151171  0.000000 ) 
     freq (   54) =      68.393081 [THz] =    2281.347617 [cm-1]
 (  0.000069  0.000000  0.000150  0.000000 -0.000000  0.000000 ) 
 (  0.000069  0.000000 -0.000150  0.000000  0.000000  0.000000 ) 
 (  0.003574  0.000000  0.011598  0.000000 -0.000066  0.000000 ) 
 (  0.003574  0.000000  0.011598  0.000000  0.000066  0.000000 ) 
 (  0.003574  0.000000 -0.011598  0.000000  0.000066  0.000000 ) 
 (  0.003574  0.000000 -0.011598  0.000000 -0.000066  0.000000 ) 
 (  0.221580  0.000000 -0.028338  0.000000 -0.000489  0.000000 ) 
 (  0.221580  0.000000 -0.028338  0.000000  0.000489  0.000000 ) 
 (  0.221580  0.000000  0.028338  0.000000  0.000489  0.000000 ) 
 (  0.221580  0.000000  0.028338  0.000000 -0.000489  0.000000 ) 
 ( -0.173628  0.000000 -0.308733  0.000000  0.000006  0.000000 ) 
 ( -0.173628  0.000000 -0.308733  0.000000 -0.000006  0.000000 ) 
 ( -0.173628  0.000000  0.308733  0.000000 -0.000006  0.000000 ) 
 ( -0.173628  0.000000  0.308733  0.000000  0.000006  0.000000 ) 
 ( -0.045227  0.000000  0.102178  0.000000  0.157800  0.000000 ) 
 ( -0.045227  0.000000  0.102178  0.000000 -0.157800  0.000000 ) 
 ( -0.045227  0.000000 -0.102178  0.000000 -0.157800  0.000000 ) 
 ( -0.045227  0.000000 -0.102178  0.000000  0.157800  0.000000 ) 
 ( -0.045034  0.000000  0.101762  0.000000  0.157224  0.000000 ) 
 ( -0.045034  0.000000  0.101762  0.000000 -0.157224  0.000000 ) 
 ( -0.045034  0.000000 -0.101762  0.000000 -0.157224  0.000000 ) 
 ( -0.045034  0.000000 -0.101762  0.000000  0.157224  0.000000 ) 
     freq (   55) =      70.048411 [THz] =    2336.563499 [cm-1]
 ( -0.000000  0.000000 -0.000000  0.000000 -0.000004  0.000000 ) 
 (  0.000000  0.000000 -0.000000  0.000000  0.000004  0.000000 ) 
 ( -0.036303  0.000000 -0.031837  0.000000 -0.000097  0.000000 ) 
 (  0.036303  0.000000  0.031837  0.000000 -0.000097  0.000000 ) 
 ( -0.036303  0.000000  0.031837  0.000000  0.000097  0.000000 ) 
 (  0.036303  0.000000 -0.031837  0.000000  0.000097  0.000000 ) 
 (  0.325851  0.000000 -0.060626  0.000000  0.000096  0.000000 ) 
 ( -0.325851  0.000000  0.060626  0.000000  0.000096  0.000000 ) 
 (  0.325851  0.000000  0.060626  0.000000 -0.000096  0.000000 ) 
 ( -0.325851  0.000000 -0.060626  0.000000 -0.000096  0.000000 ) 
 (  0.151887  0.000000  0.278480  0.000000 -0.000100  0.000000 ) 
 ( -0.151887  0.000000 -0.278480  0.000000 -0.000100  0.000000 ) 
 (  0.151887  0.000000 -0.278480  0.000000  0.000100  0.000000 ) 
 ( -0.151887  0.000000  0.278480  0.000000  0.000100  0.000000 ) 
 ( -0.042958  0.000000  0.063402  0.000000  0.113718  0.000000 ) 
 (  0.042958  0.000000 -0.063402  0.000000  0.113718  0.000000 ) 
 ( -0.042958  0.000000 -0.063402  0.000000 -0.113718  0.000000 ) 
 (  0.042958  0.000000  0.063402  0.000000 -0.113718  0.000000 ) 
 (  0.042727  0.000000 -0.062546  0.000000 -0.112508  0.000000 ) 
 ( -0.042727  0.000000  0.062546  0.000000 -0.112508  0.000000 ) 
 (  0.042727  0.000000  0.062546  0.000000  0.112508  0.000000 ) 
 ( -0.042727  0.000000 -0.062546  0.000000  0.112508  0.000000 ) 
     freq (   56) =      70.134293 [THz] =    2339.428197 [cm-1]
 ( -0.000140  0.000000 -0.000032  0.000000 -0.000000  0.000000 ) 
 (  0.000140  0.000000 -0.000032  0.000000  0.000000  0.000000 ) 
 ( -0.020975  0.000000 -0.042847  0.000000  0.000207  0.000000 ) 
 ( -0.020975  0.000000 -0.042847  0.000000 -0.000207  0.000000 ) 
 (  0.020975  0.000000 -0.042847  0.000000  0.000207  0.000000 ) 
 (  0.020975  0.000000 -0.042847  0.000000 -0.000207  0.000000 ) 
 (  0.189302  0.000000 -0.042989  0.000000  0.000077  0.000000 ) 
 (  0.189302  0.000000 -0.042989  0.000000 -0.000077  0.000000 ) 
 ( -0.189302  0.000000 -0.042989  0.000000  0.000077  0.000000 ) 
 ( -0.189302  0.000000 -0.042989  0.000000 -0.000077  0.000000 ) 
 (  0.161290  0.000000  0.285360  0.000000  0.000063  0.000000 ) 
 (  0.161290  0.000000  0.285360  0.000000 -0.000063  0.000000 ) 
 ( -0.161290  0.000000  0.285360  0.000000  0.000063  0.000000 ) 
 ( -0.161290  0.000000  0.285360  0.000000 -0.000063  0.000000 ) 
 ( -0.058613  0.000000  0.108811  0.000000  0.188056  0.000000 ) 
 ( -0.058613  0.000000  0.108811  0.000000 -0.188056  0.000000 ) 
 (  0.058613  0.000000  0.108811  0.000000  0.188056  0.000000 ) 
 (  0.058613  0.000000  0.108811  0.000000 -0.188056  0.000000 ) 
 ( -0.059424  0.000000  0.110373  0.000000  0.190374  0.000000 ) 
 ( -0.059424  0.000000  0.110373  0.000000 -0.190374  0.000000 ) 
 (  0.059424  0.000000  0.110373  0.000000  0.190374  0.000000 ) 
 (  0.059424  0.000000  0.110373  0.000000 -0.190374  0.000000 ) 
     freq (   57) =      70.162870 [THz] =    2340.381423 [cm-1]
 (  0.000000  0.000000  0.000000  0.000000 -0.000000  0.000000 ) 
 ( -0.000000  0.000000 -0.000000  0.000000 -0.000000  0.000000 ) 
 ( -0.037033  0.000000 -0.030553  0.000000 -0.000082  0.000000 ) 
 (  0.037033  0.000000  0.030553  0.000000 -0.000082  0.000000 ) 
 (  0.037033  0.000000 -0.030553  0.000000 -0.000082  0.000000 ) 
 ( -0.037033  0.000000  0.030553  0.000000 -0.000082  0.000000 ) 
 (  0.323290  0.000000 -0.058774  0.000000  0.000049  0.000000 ) 
 ( -0.323290  0.000000  0.058774  0.000000  0.000049  0.000000 ) 
 ( -0.323290  0.000000 -0.058774  0.000000  0.000049  0.000000 ) 
 (  0.323290  0.000000  0.058774  0.000000  0.000049  0.000000 ) 
 (  0.158950  0.000000  0.297164  0.000000 -0.000009  0.000000 ) 
 ( -0.158950  0.000000 -0.297164  0.000000 -0.000009  0.000000 ) 
 ( -0.158950  0.000000  0.297164  0.000000 -0.000009  0.000000 ) 
 (  0.158950  0.000000 -0.297164  0.000000 -0.000009  0.000000 ) 
 ( -0.036723  0.000000  0.052606  0.000000  0.095356  0.000000 ) 
 (  0.036723  0.000000 -0.052606  0.000000  0.095356  0.000000 ) 
 (  0.036723  0.000000  0.052606  0.000000  0.095356  0.000000 ) 
 ( -0.036723  0.000000 -0.052606  0.000000  0.095356  0.000000 ) 
 (  0.036424  0.000000 -0.052030  0.000000 -0.094392  0.000000 ) 
 ( -0.036424  0.000000  0.052030  0.000000 -0.094392  0.000000 ) 
 ( -0.036424  0.000000 -0.052030  0.000000 -0.094392  0.000000 ) 
 (  0.036424  0.000000  0.052030  0.000000 -0.094392  0.000000 ) 
     freq (   58) =      70.201377 [THz] =    2341.665871 [cm-1]
 ( -0.000074  0.000000 -0.000023  0.000000 -0.000000  0.000000 ) 
 ( -0.000074  0.000000  0.000023  0.000000  0.000000  0.000000 ) 
 ( -0.037685  0.000000 -0.030381  0.000000 -0.000359  0.000000 ) 
 ( -0.037685  0.000000 -0.030381  0.000000  0.000359  0.000000 ) 
 ( -0.037685  0.000000  0.030381  0.000000  0.000359  0.000000 ) 
 ( -0.037685  0.000000  0.030381  0.000000 -0.000359  0.000000 ) 
 (  0.330407  0.000000 -0.060381  0.000000 -0.000259  0.000000 ) 
 (  0.330407  0.000000 -0.060381  0.000000  0.000259  0.000000 ) 
 (  0.330407  0.000000  0.060381  0.000000  0.000259  0.000000 ) 
 (  0.330407  0.000000  0.060381  0.000000 -0.000259  0.000000 ) 
 (  0.154022  0.000000  0.287477  0.000000 -0.000068  0.000000 ) 
 (  0.154022  0.000000  0.287477  0.000000  0.000068  0.000000 ) 
 (  0.154022  0.000000 -0.287477  0.000000  0.000068  0.000000 ) 
 (  0.154022  0.000000 -0.287477  0.000000 -0.000068  0.000000 ) 
 ( -0.038138  0.000000  0.056623  0.000000  0.100728  0.000000 ) 
 ( -0.038138  0.000000  0.056623  0.000000 -0.100728  0.000000 ) 
 ( -0.038138  0.000000 -0.056623  0.000000 -0.100728  0.000000 ) 
 ( -0.038138  0.000000 -0.056623  0.000000  0.100728  0.000000 ) 
 ( -0.037043  0.000000  0.054038  0.000000  0.096836  0.000000 ) 
 ( -0.037043  0.000000  0.054038  0.000000 -0.096836  0.000000 ) 
 ( -0.037043  0.000000 -0.054038  0.000000 -0.096836  0.000000 ) 
 ( -0.037043  0.000000 -0.054038  0.000000  0.096836  0.000000 ) 
     freq (   59) =      70.451068 [THz] =    2349.994664 [cm-1]
 ( -0.000057  0.000000 -0.000015  0.000000  0.000000  0.000000 ) 
 ( -0.000057  0.000000  0.000015  0.000000  0.000000  0.000000 ) 
 (  0.032430  0.000000 -0.036356  0.000000  0.000347  0.000000 ) 
 (  0.032430  0.000000 -0.036356  0.000000 -0.000347  0.000000 ) 
 (  0.032430  0.000000  0.036356  0.000000 -0.000347  0.000000 ) 
 (  0.032430  0.000000  0.036356  0.000000  0.000347  0.000000 ) 
 ( -0.290245  0.000000  0.036060  0.000000 -0.000100  0.000000 ) 
 ( -0.290245  0.000000  0.036060  0.000000  0.000100  0.000000 ) 
 ( -0.290245  0.000000 -0.036060  0.000000  0.000100  0.000000 ) 
 ( -0.290245  0.000000 -0.036060  0.000000 -0.000100  0.000000 ) 
 (  0.063844  0.000000  0.084857  0.000000  0.000044  0.000000 ) 
 (  0.063844  0.000000  0.084857  0.000000 -0.000044  0.000000 ) 
 (  0.063844  0.000000 -0.084857  0.000000 -0.000044  0.000000 ) 
 (  0.063844  0.000000 -0.084857  0.000000  0.000044  0.000000 ) 
 ( -0.057881  0.000000  0.136634  0.000000  0.228087  0.000000 ) 
 ( -0.057881  0.000000  0.136634  0.000000 -0.228087  0.000000 ) 
 ( -0.057881  0.000000 -0.136634  0.000000 -0.228087  0.000000 ) 
 ( -0.057881  0.000000 -0.136634  0.000000  0.228087  0.000000 ) 
 ( -0.059088  0.000000  0.139240  0.000000  0.232133  0.000000 ) 
 ( -0.059088  0.000000  0.139240  0.000000 -0.232133  0.000000 ) 
 ( -0.059088  0.000000 -0.139240  0.000000 -0.232133  0.000000 ) 
 ( -0.059088  0.000000 -0.139240  0.000000  0.232133  0.000000 ) 
     freq (   60) =      70.562699 [THz] =    2353.718295 [cm-1]
 (  0.000000  0.000000  0.000000  0.000000  0.000000  0.000000 ) 
 (  0.000000  0.000000 -0.000000  0.000000 -0.000000  0.000000 ) 
 ( -0.033328  0.000000  0.035162  0.000000  0.000142  0.000000 ) 
 (  0.033328  0.000000 -0.035162  0.000000  0.000142  0.000000 ) 
 ( -0.033328  0.000000 -0.035162  0.000000 -0.000142  0.000000 ) 
 (  0.033328  0.000000  0.035162  0.000000 -0.000142  0.000000 ) 
 (  0.306308  0.000000 -0.037074  0.000000  0.000037  0.000000 ) 
 ( -0.306308  0.000000  0.037074  0.000000  0.000037  0.000000 ) 
 (  0.306308  0.000000  0.037074  0.000000 -0.000037  0.000000 ) 
 ( -0.306308  0.000000 -0.037074  0.000000 -0.000037  0.000000 ) 
 ( -0.060089  0.000000 -0.076960  0.000000  0.000085  0.000000 ) 
 (  0.060089  0.000000  0.076960  0.000000  0.000085  0.000000 ) 
 ( -0.060089  0.000000  0.076960  0.000000 -0.000085  0.000000 ) 
 (  0.060089  0.000000 -0.076960  0.000000 -0.000085  0.000000 ) 
 (  0.057409  0.000000 -0.135685  0.000000 -0.224283  0.000000 ) 
 ( -0.057409  0.000000  0.135685  0.000000 -0.224283  0.000000 ) 
 (  0.057409  0.000000  0.135685  0.000000  0.224283  0.000000 ) 
 ( -0.057409  0.000000 -0.135685  0.000000  0.224283  0.000000 ) 
 ( -0.056965  0.000000  0.134569  0.000000  0.222614  0.000000 ) 
 (  0.056965  0.000000 -0.134569  0.000000  0.222614  0.000000 ) 
 ( -0.056965  0.000000 -0.134569  0.000000 -0.222614  0.000000 ) 
 (  0.056965  0.000000  0.134569  0.000000 -0.222614  0.000000 ) 
     freq (   61) =      70.800082 [THz] =    2361.636542 [cm-1]
 (  0.000196  0.000000  0.000056  0.000000 -0.000000  0.000000 ) 
 ( -0.000196  0.000000  0.000056  0.000000 -0.000000  0.000000 ) 
 (  0.044041  0.000000 -0.020956  0.000000  0.000015  0.000000 ) 
 (  0.044041  0.000000 -0.020956  0.000000 -0.000015  0.000000 ) 
 ( -0.044041  0.000000 -0.020956  0.000000  0.000015  0.000000 ) 
 ( -0.044041  0.000000 -0.020956  0.000000 -0.000015  0.000000 ) 
 ( -0.399345  0.000000  0.056837  0.000000 -0.000001  0.000000 ) 
 ( -0.399345  0.000000  0.056837  0.000000  0.000001  0.000000 ) 
 (  0.399345  0.000000  0.056837  0.000000 -0.000001  0.000000 ) 
 (  0.399345  0.000000  0.056837  0.000000  0.000001  0.000000 ) 
 ( -0.009261  0.000000 -0.042981  0.000000  0.000033  0.000000 ) 
 ( -0.009261  0.000000 -0.042981  0.000000 -0.000033  0.000000 ) 
 (  0.009261  0.000000 -0.042981  0.000000  0.000033  0.000000 ) 
 (  0.009261  0.000000 -0.042981  0.000000 -0.000033  0.000000 ) 
 ( -0.041020  0.000000  0.103577  0.000000  0.170432  0.000000 ) 
 ( -0.041020  0.000000  0.103577  0.000000 -0.170432  0.000000 ) 
 (  0.041020  0.000000  0.103577  0.000000  0.170432  0.000000 ) 
 (  0.041020  0.000000  0.103577  0.000000 -0.170432  0.000000 ) 
 ( -0.041121  0.000000  0.103619  0.000000  0.170573  0.000000 ) 
 ( -0.041121  0.000000  0.103619  0.000000 -0.170573  0.000000 ) 
 (  0.041121  0.000000  0.103619  0.000000  0.170573  0.000000 ) 
 (  0.041121  0.000000  0.103619  0.000000 -0.170573  0.000000 ) 
     freq (   62) =      71.032492 [THz] =    2369.388897 [cm-1]
 (  0.000000  0.000000  0.000000  0.000000 -0.000000  0.000000 ) 
 ( -0.000000  0.000000  0.000000  0.000000 -0.000000  0.000000 ) 
 (  0.031193  0.000000 -0.036051  0.000000  0.000169  0.000000 ) 
 ( -0.031193  0.000000  0.036051  0.000000  0.000169  0.000000 ) 
 ( -0.031193  0.000000 -0.036051  0.000000  0.000169  0.000000 ) 
 (  0.031193  0.000000  0.036051  0.000000  0.000169  0.000000 ) 
 ( -0.299127  0.000000  0.038420  0.000000  0.000020  0.000000 ) 
 (  0.299127  0.000000 -0.038420  0.000000  0.000020  0.000000 ) 
 (  0.299127  0.000000  0.038420  0.000000  0.000020  0.000000 ) 
 ( -0.299127  0.000000 -0.038420  0.000000  0.000020  0.000000 ) 
 (  0.065998  0.000000  0.094744  0.000000  0.000101  0.000000 ) 
 ( -0.065998  0.000000 -0.094744  0.000000  0.000101  0.000000 ) 
 ( -0.065998  0.000000  0.094744  0.000000  0.000101  0.000000 ) 
 (  0.065998  0.000000 -0.094744  0.000000  0.000101  0.000000 ) 
 ( -0.060189  0.000000  0.135637  0.000000  0.221546  0.000000 ) 
 (  0.060189  0.000000 -0.135637  0.000000  0.221546  0.000000 ) 
 (  0.060189  0.000000  0.135637  0.000000  0.221546  0.000000 ) 
 ( -0.060189  0.000000 -0.135637  0.000000  0.221546  0.000000 ) 
 (  0.060757  0.000000 -0.136888  0.000000 -0.223405  0.000000 ) 
 ( -0.060757  0.000000  0.136888  0.000000 -0.223405  0.000000 ) 
 ( -0.060757  0.000000 -0.136888  0.000000 -0.223405  0.000000 ) 
 (  0.060757  0.000000  0.136888  0.000000 -0.223405  0.000000 ) 
     freq (   63) =      71.192558 [THz] =    2374.728122 [cm-1]
 ( -0.000009  0.000000 -0.000008  0.000000 -0.000000  0.000000 ) 
 ( -0.000009  0.000000  0.000008  0.000000  0.000000  0.000000 ) 
 (  0.000468  0.000000 -0.000086  0.000000 -0.050942  0.000000 ) 
 (  0.000468  0.000000 -0.000086  0.000000  0.050942  0.000000 ) 
 (  0.000468  0.000000  0.000086  0.000000  0.050942  0.000000 ) 
 (  0.000468  0.000000  0.000086  0.000000 -0.050942  0.000000 ) 
 ( -0.004608  0.000000  0.000770  0.000000 -0.011357  0.000000 ) 
 ( -0.004608  0.000000  0.000770  0.000000  0.011357  0.000000 ) 
 ( -0.004608  0.000000 -0.000770  0.000000  0.011357  0.000000 ) 
 ( -0.004608  0.000000 -0.000770  0.000000 -0.011357  0.000000 ) 
 ( -0.000384  0.000000 -0.001065  0.000000 -0.011916  0.000000 ) 
 ( -0.000384  0.000000 -0.001065  0.000000  0.011916  0.000000 ) 
 ( -0.000384  0.000000  0.001065  0.000000  0.011916  0.000000 ) 
 ( -0.000384  0.000000  0.001065  0.000000 -0.011916  0.000000 ) 
 ( -0.085715  0.000000  0.186675  0.000000  0.286322  0.000000 ) 
 ( -0.085715  0.000000  0.186675  0.000000 -0.286322  0.000000 ) 
 ( -0.085715  0.000000 -0.186675  0.000000 -0.286322  0.000000 ) 
 ( -0.085715  0.000000 -0.186675  0.000000  0.286322  0.000000 ) 
 (  0.085409  0.000000 -0.185845  0.000000 -0.284786  0.000000 ) 
 (  0.085409  0.000000 -0.185845  0.000000  0.284786  0.000000 ) 
 (  0.085409  0.000000  0.185845  0.000000  0.284786  0.000000 ) 
 (  0.085409  0.000000  0.185845  0.000000 -0.284786  0.000000 ) 
     freq (   64) =      71.198382 [THz] =    2374.922394 [cm-1]
 (  0.000001  0.000000 -0.000001  0.000000 -0.000000  0.000000 ) 
 ( -0.000001  0.000000 -0.000001  0.000000  0.000000  0.000000 ) 
 ( -0.000062  0.000000 -0.000138  0.000000 -0.050932  0.000000 ) 
 ( -0.000062  0.000000 -0.000138  0.000000  0.050932  0.000000 ) 
 (  0.000062  0.000000 -0.000138  0.000000 -0.050932  0.000000 ) 
 (  0.000062  0.000000 -0.000138  0.000000  0.050932  0.000000 ) 
 (  0.001512  0.000000 -0.000270  0.000000 -0.010348  0.000000 ) 
 (  0.001512  0.000000 -0.000270  0.000000  0.010348  0.000000 ) 
 ( -0.001512  0.000000 -0.000270  0.000000 -0.010348  0.000000 ) 
 ( -0.001512  0.000000 -0.000270  0.000000  0.010348  0.000000 ) 
 (  0.000026  0.000000 -0.000009  0.000000 -0.012398  0.000000 ) 
 (  0.000026  0.000000 -0.000009  0.000000  0.012398  0.000000 ) 
 ( -0.000026  0.000000 -0.000009  0.000000 -0.012398  0.000000 ) 
 ( -0.000026  0.000000 -0.000009  0.000000  0.012398  0.000000 ) 
 ( -0.084735  0.000000  0.187608  0.000000  0.287009  0.000000 ) 
 ( -0.084735  0.000000  0.187608  0.000000 -0.287009  0.000000 ) 
 (  0.084735  0.000000  0.187608  0.000000  0.287009  0.000000 ) 
 (  0.084735  0.000000  0.187608  0.000000 -0.287009  0.000000 ) 
 (  0.083884  0.000000 -0.185902  0.000000 -0.284246  0.000000 ) 
 (  0.083884  0.000000 -0.185902  0.000000  0.284246  0.000000 ) 
 ( -0.083884  0.000000 -0.185902  0.000000 -0.284246  0.000000 ) 
 ( -0.083884  0.000000 -0.185902  0.000000  0.284246  0.000000 ) 
     freq (   65) =      71.210051 [THz] =    2375.311632 [cm-1]
 ( -0.000000  0.000000 -0.000000  0.000000  0.000033  0.000000 ) 
 (  0.000000  0.000000  0.000000  0.000000  0.000033  0.000000 ) 
 (  0.000152  0.000000 -0.000088  0.000000 -0.051368  0.000000 ) 
 ( -0.000152  0.000000  0.000088  0.000000 -0.051368  0.000000 ) 
 ( -0.000152  0.000000 -0.000088  0.000000 -0.051368  0.000000 ) 
 (  0.000152  0.000000  0.000088  0.000000 -0.051368  0.000000 ) 
 ( -0.002331  0.000000  0.000399  0.000000 -0.010999  0.000000 ) 
 (  0.002331  0.000000 -0.000399  0.000000 -0.010999  0.000000 ) 
 (  0.002331  0.000000  0.000399  0.000000 -0.010999  0.000000 ) 
 ( -0.002331  0.000000 -0.000399  0.000000 -0.010999  0.000000 ) 
 (  0.000534  0.000000  0.000935  0.000000 -0.011814  0.000000 ) 
 ( -0.000534  0.000000 -0.000935  0.000000 -0.011814  0.000000 ) 
 ( -0.000534  0.000000  0.000935  0.000000 -0.011814  0.000000 ) 
 (  0.000534  0.000000 -0.000935  0.000000 -0.011814  0.000000 ) 
 ( -0.084946  0.000000  0.186239  0.000000  0.285708  0.000000 ) 
 (  0.084946  0.000000 -0.186239  0.000000  0.285708  0.000000 ) 
 (  0.084946  0.000000  0.186239  0.000000  0.285708  0.000000 ) 
 ( -0.084946  0.000000 -0.186239  0.000000  0.285708  0.000000 ) 
 ( -0.084954  0.000000  0.186169  0.000000  0.285812  0.000000 ) 
 (  0.084954  0.000000 -0.186169  0.000000  0.285812  0.000000 ) 
 (  0.084954  0.000000  0.186169  0.000000  0.285812  0.000000 ) 
 ( -0.084954  0.000000 -0.186169  0.000000  0.285812  0.000000 ) 
     freq (   66) =      71.238081 [THz] =    2376.246607 [cm-1]
 (  0.000000  0.000000 -0.000000  0.000000  0.000140  0.000000 ) 
 ( -0.000000  0.000000  0.000000  0.000000 -0.000140  0.000000 ) 
 ( -0.000022  0.000000  0.000145  0.000000 -0.050763  0.000000 ) 
 (  0.000022  0.000000 -0.000145  0.000000 -0.050763  0.000000 ) 
 ( -0.000022  0.000000 -0.000145  0.000000  0.050763  0.000000 ) 
 (  0.000022  0.000000  0.000145  0.000000  0.050763  0.000000 ) 
 ( -0.000101  0.000000  0.000042  0.000000 -0.011063  0.000000 ) 
 (  0.000101  0.000000 -0.000042  0.000000 -0.011063  0.000000 ) 
 ( -0.000101  0.000000 -0.000042  0.000000  0.011063  0.000000 ) 
 (  0.000101  0.000000  0.000042  0.000000  0.011063  0.000000 ) 
 ( -0.000221  0.000000 -0.000340  0.000000 -0.011401  0.000000 ) 
 (  0.000221  0.000000  0.000340  0.000000 -0.011401  0.000000 ) 
 ( -0.000221  0.000000  0.000340  0.000000  0.011401  0.000000 ) 
 (  0.000221  0.000000 -0.000340  0.000000  0.011401  0.000000 ) 
 ( -0.084870  0.000000  0.185975  0.000000  0.284310  0.000000 ) 
 (  0.084870  0.000000 -0.185975  0.000000  0.284310  0.000000 ) 
 ( -0.084870  0.000000 -0.185975  0.000000 -0.284310  0.000000 ) 
 (  0.084870  0.000000  0.185975  0.000000 -0.284310  0.000000 ) 
 ( -0.085590  0.000000  0.187350  0.000000  0.286571  0.000000 ) 
 (  0.085590  0.000000 -0.187350  0.000000  0.286571  0.000000 ) 
 ( -0.085590  0.000000 -0.187350  0.000000 -0.286571  0.000000 ) 
 (  0.085590  0.000000  0.187350  0.000000 -0.286571  0.000000 ) 
 **************************************************************************
