Dynamical matrix file
                                                                           
  3   22   8  13.4191655   0.9956421   0.6494553   0.0000000   0.0000000   0.0000000
           1  'B      '    9853.6237122476850     
           2  'Ba     '    125165.90357338246     
           3  'H      '    918.68111039893927     
    1    2      0.5000000000      0.4978210450      0.3247278345
    2    2      0.0000000000      0.0000000000      0.6494551305
    3    1      0.6304291863      0.2557629833      0.0000070530
    4    1      0.3695708137      0.7398791067      0.0000070530
    5    1      0.1304291863      0.2420580617      0.3247206020
    6    1      0.8695708137      0.7535840283      0.3247206020
    7    3      0.4589234318      0.2831460845     -0.0000062539
    8    3      0.5410765682      0.7124960055     -0.0000062539
    9    3      0.9589234318      0.2146749605      0.3247339089
   10    3      0.0410765682      0.7809671295      0.3247339089
   11    3      0.7148392306      0.4082360049      0.0000081946
   12    3      0.2851607694      0.5874060851      0.0000081946
   13    3      0.2148392306      0.0895850401      0.3247194604
   14    3      0.7851607694      0.9060570499      0.3247194604
   15    3      0.6705874956      0.1673910636      0.5059714565
   16    3      0.3294125044      0.8282510264      0.5059714565
   17    3      0.1705874956      0.3304299814      0.4682115085
   18    3      0.8294125044      0.6652121086      0.4682115085
   19    3      0.3294167455      0.8282497401      0.1435012547
   20    3      0.6705832545      0.1673923499      0.1435012547
   21    3      0.8294167455      0.6652133949      0.1812264003
   22    3      0.1705832545      0.3304286951      0.1812264003

     Dynamical  Matrix in cartesian axes

     q = (    0.000000000   0.000000000  -0.769875913 ) 

    1    1
  0.05184859   0.00000000     0.00573564   0.00000000     0.00000000   0.00000000
  0.00573564   0.00000000     0.04951682   0.00000000     0.00000000   0.00000000
  0.00000000   0.00000000     0.00000000   0.00000000     0.15049060   0.00000000
    1    2
 -0.00049144   0.00000000     0.00031344   0.00000000     0.00000000   0.00000000
 -0.00031344   0.00000000    -0.00072395   0.00000000     0.00000000   0.00000000
  0.00000000   0.00000000     0.00000000   0.00000000     0.00000201   0.00000000
    1    3
 -0.00011515   0.00000000     0.00014793  -0.00000000     0.01378491  -0.00000000
 -0.00000568   0.00000000     0.00013895  -0.00000000    -0.02636422   0.00000000
  0.01213101  -0.00000000    -0.02935287   0.00000000    -0.00008237   0.00000000
    1    4
 -0.00011515   0.00000000     0.00014793  -0.00000000    -0.01378491   0.00000000
 -0.00000568   0.00000000     0.00013895  -0.00000000     0.02636422  -0.00000000
 -0.01213101   0.00000000     0.02935287  -0.00000000    -0.00008237   0.00000000
    1    5
 -0.01154561   0.00000000    -0.00691273   0.00000000     0.00011397  -0.00000000
 -0.00504283   0.00000000    -0.00180804   0.00000000    -0.00013997   0.00000000
  0.00003921  -0.00000000    -0.00006058   0.00000000     0.00545685  -0.00000000
    1    6
 -0.01154561   0.00000000    -0.00691273   0.00000000    -0.00011397   0.00000000
 -0.00504283   0.00000000    -0.00180804   0.00000000     0.00013997  -0.00000000
 -0.00003921   0.00000000     0.00006058  -0.00000000     0.00545685  -0.00000000
    1    7
  0.00005450  -0.00000000    -0.00007809   0.00000000    -0.00622518   0.00000000
  0.00004013  -0.00000000    -0.00004059   0.00000000    -0.00350240   0.00000000
 -0.00112628   0.00000000    -0.00443982   0.00000000     0.00006731  -0.00000000
    1    8
  0.00005450  -0.00000000    -0.00007809   0.00000000     0.00622518  -0.00000000
  0.00004013  -0.00000000    -0.00004059   0.00000000     0.00350240  -0.00000000
  0.00112628  -0.00000000     0.00443982  -0.00000000     0.00006731  -0.00000000
    1    9
  0.00546855  -0.00000000     0.00178164  -0.00000000     0.00018410  -0.00000000
  0.00205266  -0.00000000     0.00039595  -0.00000000     0.00043730  -0.00000000
 -0.00006345   0.00000000     0.00010926  -0.00000000    -0.00463156   0.00000000
    1   10
  0.00546855  -0.00000000     0.00178164  -0.00000000    -0.00018410   0.00000000
  0.00205266  -0.00000000     0.00039595  -0.00000000    -0.00043730   0.00000000
  0.00006345  -0.00000000    -0.00010926   0.00000000    -0.00463156   0.00000000
    1   11
  0.00004502  -0.00000000     0.00014006  -0.00000000     0.00278429  -0.00000000
 -0.00003667   0.00000000     0.00008691  -0.00000000     0.00439810  -0.00000000
  0.00077717  -0.00000000     0.00022131  -0.00000000    -0.00011229   0.00000000
    1   12
  0.00004502  -0.00000000     0.00014006  -0.00000000    -0.00278429   0.00000000
 -0.00003667   0.00000000     0.00008691  -0.00000000    -0.00439810   0.00000000
 -0.00077717   0.00000000    -0.00022131   0.00000000    -0.00011229   0.00000000
    1   13
  0.00339465  -0.00000000     0.00372651  -0.00000000    -0.00007189   0.00000000
  0.00140295  -0.00000000     0.00120395  -0.00000000     0.00002719  -0.00000000
 -0.00007499   0.00000000    -0.00015981   0.00000000    -0.00348996   0.00000000
    1   14
  0.00339465  -0.00000000     0.00372651  -0.00000000     0.00007189  -0.00000000
  0.00140295  -0.00000000     0.00120395  -0.00000000    -0.00002719   0.00000000
  0.00007499  -0.00000000     0.00015981  -0.00000000    -0.00348996   0.00000000
    1   15
  0.00070043   0.00000000     0.00132899   0.00000000     0.00200453   0.00000000
  0.00039801   0.00000000    -0.00130523   0.00000000    -0.00406909   0.00000000
  0.00389222   0.00000000    -0.00751414   0.00000000    -0.00268949   0.00000000
    1   16
  0.00070043   0.00000000     0.00132899   0.00000000    -0.00200453   0.00000000
  0.00039801   0.00000000    -0.00130523   0.00000000     0.00406909   0.00000000
 -0.00389222   0.00000000     0.00751414   0.00000000    -0.00268949   0.00000000
    1   17
 -0.00338024   0.00000000    -0.00095525   0.00000000     0.00159037   0.00000000
 -0.00169344   0.00000000     0.00015526   0.00000000    -0.00022947   0.00000000
  0.00196698   0.00000000    -0.00098492   0.00000000    -0.00693636   0.00000000
    1   18
 -0.00338024   0.00000000    -0.00095525   0.00000000    -0.00159037   0.00000000
 -0.00169344   0.00000000     0.00015526   0.00000000     0.00022947   0.00000000
 -0.00196698   0.00000000     0.00098492   0.00000000    -0.00693636   0.00000000
    1   19
  0.00072224  -0.00000000     0.00107381  -0.00000000     0.00223200  -0.00000000
  0.00029157  -0.00000000    -0.00133275   0.00000000    -0.00412878   0.00000000
  0.00393437  -0.00000000    -0.00737244   0.00000000    -0.00287332   0.00000000
    1   20
  0.00072224  -0.00000000     0.00107381  -0.00000000    -0.00223200   0.00000000
  0.00029157  -0.00000000    -0.00133275   0.00000000     0.00412878  -0.00000000
 -0.00393437   0.00000000     0.00737244  -0.00000000    -0.00287332   0.00000000
    1   21
 -0.00332206   0.00000000    -0.00071497   0.00000000     0.00131342  -0.00000000
 -0.00178480   0.00000000     0.00016305  -0.00000000    -0.00036902   0.00000000
  0.00168892  -0.00000000    -0.00047254   0.00000000    -0.00703352   0.00000000
    1   22
 -0.00332206   0.00000000    -0.00071497   0.00000000    -0.00131342   0.00000000
 -0.00178480   0.00000000     0.00016305  -0.00000000     0.00036902  -0.00000000
 -0.00168892   0.00000000     0.00047254  -0.00000000    -0.00703352   0.00000000
    2    1
 -0.00049144   0.00000000    -0.00031344   0.00000000     0.00000000   0.00000000
  0.00031344   0.00000000    -0.00072395   0.00000000     0.00000000   0.00000000
  0.00000000   0.00000000     0.00000000   0.00000000     0.00000201   0.00000000
    2    2
  0.05184859   0.00000000    -0.00573564   0.00000000     0.00000000   0.00000000
 -0.00573564   0.00000000     0.04951682   0.00000000     0.00000000   0.00000000
  0.00000000   0.00000000     0.00000000   0.00000000     0.15049060   0.00000000
    2    3
  0.01154561  -0.00000000    -0.00691273   0.00000000     0.00011397  -0.00000000
 -0.00504283   0.00000000     0.00180804  -0.00000000     0.00013997  -0.00000000
  0.00003921  -0.00000000     0.00006058  -0.00000000    -0.00545685   0.00000000
    2    4
  0.01154561  -0.00000000    -0.00691273   0.00000000    -0.00011397   0.00000000
 -0.00504283   0.00000000     0.00180804  -0.00000000    -0.00013997   0.00000000
 -0.00003921   0.00000000    -0.00006058   0.00000000    -0.00545685   0.00000000
    2    5
  0.00011515  -0.00000000     0.00014793  -0.00000000     0.01378491  -0.00000000
 -0.00000568   0.00000000    -0.00013895   0.00000000     0.02636422  -0.00000000
  0.01213101  -0.00000000     0.02935287  -0.00000000     0.00008237  -0.00000000
    2    6
  0.00011515  -0.00000000     0.00014793  -0.00000000    -0.01378491   0.00000000
 -0.00000568   0.00000000    -0.00013895   0.00000000    -0.02636422   0.00000000
 -0.01213101   0.00000000    -0.02935287   0.00000000     0.00008237  -0.00000000
    2    7
 -0.00546855   0.00000000     0.00178164  -0.00000000     0.00018410  -0.00000000
  0.00205266  -0.00000000    -0.00039595   0.00000000    -0.00043730   0.00000000
 -0.00006345   0.00000000    -0.00010926   0.00000000     0.00463156  -0.00000000
    2    8
 -0.00546855   0.00000000     0.00178164  -0.00000000    -0.00018410   0.00000000
  0.00205266  -0.00000000    -0.00039595   0.00000000     0.00043730  -0.00000000
  0.00006345  -0.00000000     0.00010926  -0.00000000     0.00463156  -0.00000000
    2    9
 -0.00005450   0.00000000    -0.00007809   0.00000000    -0.00622518   0.00000000
  0.00004013  -0.00000000     0.00004059  -0.00000000     0.00350240  -0.00000000
 -0.00112628   0.00000000     0.00443982  -0.00000000    -0.00006731   0.00000000
    2   10
 -0.00005450   0.00000000    -0.00007809   0.00000000     0.00622518  -0.00000000
  0.00004013  -0.00000000     0.00004059  -0.00000000    -0.00350240   0.00000000
  0.00112628  -0.00000000    -0.00443982   0.00000000    -0.00006731   0.00000000
    2   11
 -0.00339465   0.00000000     0.00372651  -0.00000000    -0.00007189   0.00000000
  0.00140295  -0.00000000    -0.00120395   0.00000000    -0.00002719   0.00000000
 -0.00007499   0.00000000     0.00015981  -0.00000000     0.00348996  -0.00000000
    2   12
 -0.00339465   0.00000000     0.00372651  -0.00000000     0.00007189  -0.00000000
  0.00140295  -0.00000000    -0.00120395   0.00000000     0.00002719  -0.00000000
  0.00007499  -0.00000000    -0.00015981   0.00000000     0.00348996  -0.00000000
    2   13
 -0.00004502   0.00000000     0.00014006  -0.00000000     0.00278429  -0.00000000
 -0.00003667   0.00000000    -0.00008691   0.00000000    -0.00439810   0.00000000
  0.00077717  -0.00000000    -0.00022131   0.00000000     0.00011229  -0.00000000
    2   14
 -0.00004502   0.00000000     0.00014006  -0.00000000    -0.00278429   0.00000000
 -0.00003667   0.00000000    -0.00008691   0.00000000     0.00439810  -0.00000000
 -0.00077717   0.00000000     0.00022131  -0.00000000     0.00011229  -0.00000000
    2   15
 -0.00338024   0.00000000     0.00095525   0.00000000    -0.00159037   0.00000000
  0.00169344   0.00000000     0.00015526   0.00000000    -0.00022947   0.00000000
 -0.00196698   0.00000000    -0.00098492   0.00000000    -0.00693636   0.00000000
    2   16
 -0.00338024   0.00000000     0.00095525   0.00000000     0.00159037   0.00000000
  0.00169344   0.00000000     0.00015526   0.00000000     0.00022947   0.00000000
  0.00196698   0.00000000     0.00098492   0.00000000    -0.00693636   0.00000000
    2   17
  0.00070043   0.00000000    -0.00132899   0.00000000    -0.00200453   0.00000000
 -0.00039801   0.00000000    -0.00130523   0.00000000    -0.00406909   0.00000000
 -0.00389222   0.00000000    -0.00751414   0.00000000    -0.00268949   0.00000000
    2   18
  0.00070043   0.00000000    -0.00132899   0.00000000     0.00200453   0.00000000
 -0.00039801   0.00000000    -0.00130523   0.00000000     0.00406909   0.00000000
  0.00389222   0.00000000     0.00751414   0.00000000    -0.00268949   0.00000000
    2   19
  0.00332206  -0.00000000    -0.00071497   0.00000000     0.00131342  -0.00000000
 -0.00178480   0.00000000    -0.00016305   0.00000000     0.00036902  -0.00000000
  0.00168892  -0.00000000     0.00047254  -0.00000000     0.00703352  -0.00000000
    2   20
  0.00332206  -0.00000000    -0.00071497   0.00000000    -0.00131342   0.00000000
 -0.00178480   0.00000000    -0.00016305   0.00000000    -0.00036902   0.00000000
 -0.00168892   0.00000000    -0.00047254   0.00000000     0.00703352  -0.00000000
    2   21
 -0.00072224   0.00000000     0.00107381  -0.00000000     0.00223200  -0.00000000
  0.00029157  -0.00000000     0.00133275  -0.00000000     0.00412878  -0.00000000
  0.00393437  -0.00000000     0.00737244  -0.00000000     0.00287332  -0.00000000
    2   22
 -0.00072224   0.00000000     0.00107381  -0.00000000    -0.00223200   0.00000000
  0.00029157  -0.00000000     0.00133275  -0.00000000    -0.00412878   0.00000000
 -0.00393437   0.00000000    -0.00737244   0.00000000     0.00287332  -0.00000000
    3    1
 -0.00011515  -0.00000000    -0.00000568  -0.00000000     0.01213101   0.00000000
  0.00014793   0.00000000     0.00013895   0.00000000    -0.02935287  -0.00000000
  0.01378491   0.00000000    -0.02636422  -0.00000000    -0.00008237  -0.00000000
    3    2
  0.01154561   0.00000000    -0.00504283  -0.00000000     0.00003921   0.00000000
 -0.00691273  -0.00000000     0.00180804   0.00000000     0.00006058   0.00000000
  0.00011397   0.00000000     0.00013997   0.00000000    -0.00545685  -0.00000000
    3    3
  0.59284405   0.00000000    -0.01836732   0.00000000     0.00002479   0.00000000
 -0.01836732   0.00000000     0.59470281   0.00000000     0.00012083   0.00000000
  0.00002479   0.00000000     0.00012083   0.00000000     0.64574220   0.00000000
    3    4
  0.00129053   0.00000000     0.00094110   0.00000000     0.00005849   0.00000000
  0.00094110   0.00000000     0.00009182   0.00000000     0.00013753   0.00000000
 -0.00005849   0.00000000    -0.00013753   0.00000000     0.00217789   0.00000000
    3    5
  0.00006610   0.00000000    -0.00003569   0.00000000    -0.00168142   0.00000000
  0.00003569   0.00000000     0.00007551   0.00000000    -0.00065218   0.00000000
  0.00168142   0.00000000    -0.00065218   0.00000000    -0.00000715   0.00000000
    3    6
 -0.00001383   0.00000000     0.00007588   0.00000000     0.00044630   0.00000000
 -0.00007588   0.00000000    -0.00008762   0.00000000     0.00000176   0.00000000
  0.00044630   0.00000000    -0.00000176   0.00000000    -0.00013885   0.00000000
    3    7
 -0.33515233   0.00000000     0.04480325   0.00000000     0.00003404   0.00000000
  0.04089737   0.00000000    -0.05301417   0.00000000    -0.00003169   0.00000000
 -0.00005578   0.00000000     0.00000211   0.00000000    -0.04898439   0.00000000
    3    8
 -0.00176002   0.00000000     0.00081010   0.00000000     0.00000083   0.00000000
  0.00045998   0.00000000    -0.00059027   0.00000000     0.00005660   0.00000000
 -0.00000987   0.00000000     0.00000394   0.00000000     0.00072404   0.00000000
    3    9
  0.00003664   0.00000000     0.00001416   0.00000000    -0.00165052   0.00000000
 -0.00004423   0.00000000    -0.00001598   0.00000000     0.00097406   0.00000000
 -0.00092277   0.00000000     0.00014171   0.00000000    -0.00002061   0.00000000
    3   10
  0.00005471   0.00000000    -0.00001987   0.00000000     0.00009725   0.00000000
  0.00002780   0.00000000     0.00004268   0.00000000     0.00037004   0.00000000
  0.00035636   0.00000000    -0.00101968   0.00000000    -0.00002695   0.00000000
    3   11
 -0.11868489   0.00000000    -0.12003703   0.00000000    -0.00002545   0.00000000
 -0.11789040   0.00000000    -0.26174765   0.00000000     0.00005904   0.00000000
  0.00006154   0.00000000     0.00008474   0.00000000    -0.05361756   0.00000000
    3   12
 -0.00078652   0.00000000    -0.00037017   0.00000000     0.00000213   0.00000000
 -0.00032317   0.00000000    -0.00139419   0.00000000     0.00005218   0.00000000
  0.00000021   0.00000000    -0.00003143   0.00000000     0.00032728   0.00000000
    3   13
 -0.00004108   0.00000000     0.00005616   0.00000000    -0.00042326   0.00000000
  0.00007076   0.00000000    -0.00002091   0.00000000     0.00019828   0.00000000
  0.00047220   0.00000000     0.00012014   0.00000000    -0.00000508   0.00000000
    3   14
 -0.00001748   0.00000000     0.00008397   0.00000000    -0.00001886   0.00000000
 -0.00006348   0.00000000    -0.00003062   0.00000000     0.00207236   0.00000000
 -0.00028371   0.00000000    -0.00009698   0.00000000     0.00001359   0.00000000
    3   15
  0.06246058   0.00000000    -0.03888066  -0.00000000    -0.05498606  -0.00000000
 -0.03938445  -0.00000000     0.13000312   0.00000000     0.12766636   0.00000000
 -0.05496154  -0.00000000     0.12680960   0.00000000     0.25636108   0.00000000
    3   16
  0.00105782   0.00000000     0.00005820   0.00000000     0.00019443   0.00000000
  0.00014747   0.00000000     0.00048317   0.00000000     0.00020121   0.00000000
 -0.00014753  -0.00000000     0.00024291   0.00000000    -0.00065562  -0.00000000
    3   17
  0.00022201   0.00000000    -0.00027336  -0.00000000    -0.00057394  -0.00000000
  0.00011429   0.00000000     0.00044684   0.00000000     0.00129323   0.00000000
  0.00096685   0.00000000     0.00066372   0.00000000     0.00042824   0.00000000
    3   18
  0.00048775   0.00000000     0.00058312   0.00000000    -0.00046359  -0.00000000
  0.00022764   0.00000000     0.00051146   0.00000000     0.00033961   0.00000000
 -0.00015455  -0.00000000    -0.00125537  -0.00000000     0.00074366   0.00000000
    3   19
 -0.00104467   0.00000000    -0.00005165   0.00000000     0.00015087  -0.00000000
 -0.00012719   0.00000000    -0.00047295   0.00000000     0.00021703  -0.00000000
 -0.00007416   0.00000000     0.00027822  -0.00000000     0.00064055  -0.00000000
    3   20
 -0.06249722   0.00000000     0.03893301  -0.00000000    -0.05499884   0.00000000
  0.03934732  -0.00000000    -0.12999247   0.00000000     0.12766445  -0.00000000
 -0.05494120   0.00000000     0.12669779  -0.00000000    -0.25629294   0.00000000
    3   21
 -0.00056246   0.00000000    -0.00067690   0.00000000    -0.00054940   0.00000000
 -0.00029931   0.00000000    -0.00066220   0.00000000     0.00027570  -0.00000000
 -0.00016194   0.00000000    -0.00118662   0.00000000    -0.00079185   0.00000000
    3   22
 -0.00017429   0.00000000     0.00023163  -0.00000000    -0.00055648   0.00000000
 -0.00007489   0.00000000    -0.00020945   0.00000000     0.00119547  -0.00000000
  0.00098112  -0.00000000     0.00062872  -0.00000000    -0.00049132   0.00000000
    4    1
 -0.00011515  -0.00000000    -0.00000568  -0.00000000    -0.01213101  -0.00000000
  0.00014793   0.00000000     0.00013895   0.00000000     0.02935287   0.00000000
 -0.01378491  -0.00000000     0.02636422   0.00000000    -0.00008237  -0.00000000
    4    2
  0.01154561   0.00000000    -0.00504283  -0.00000000    -0.00003921  -0.00000000
 -0.00691273  -0.00000000     0.00180804   0.00000000    -0.00006058  -0.00000000
 -0.00011397  -0.00000000    -0.00013997  -0.00000000    -0.00545685  -0.00000000
    4    3
  0.00129053   0.00000000     0.00094110   0.00000000    -0.00005849   0.00000000
  0.00094110   0.00000000     0.00009182   0.00000000    -0.00013753   0.00000000
  0.00005849   0.00000000     0.00013753   0.00000000     0.00217789   0.00000000
    4    4
  0.59284405   0.00000000    -0.01836732   0.00000000    -0.00002479   0.00000000
 -0.01836732   0.00000000     0.59470281   0.00000000    -0.00012083   0.00000000
 -0.00002479   0.00000000    -0.00012083   0.00000000     0.64574220   0.00000000
    4    5
 -0.00001383   0.00000000     0.00007588   0.00000000    -0.00044630   0.00000000
 -0.00007588   0.00000000    -0.00008762   0.00000000    -0.00000176   0.00000000
 -0.00044630   0.00000000     0.00000176   0.00000000    -0.00013885   0.00000000
    4    6
  0.00006610   0.00000000    -0.00003569   0.00000000     0.00168142   0.00000000
  0.00003569   0.00000000     0.00007551   0.00000000     0.00065218   0.00000000
 -0.00168142   0.00000000     0.00065218   0.00000000    -0.00000715   0.00000000
    4    7
 -0.00176002   0.00000000     0.00081010   0.00000000    -0.00000083   0.00000000
  0.00045998   0.00000000    -0.00059027   0.00000000    -0.00005660   0.00000000
  0.00000987   0.00000000    -0.00000394   0.00000000     0.00072404   0.00000000
    4    8
 -0.33515233   0.00000000     0.04480325   0.00000000    -0.00003404   0.00000000
  0.04089737   0.00000000    -0.05301417   0.00000000     0.00003169   0.00000000
  0.00005578   0.00000000    -0.00000211   0.00000000    -0.04898439   0.00000000
    4    9
  0.00005471   0.00000000    -0.00001987   0.00000000    -0.00009725   0.00000000
  0.00002780   0.00000000     0.00004268   0.00000000    -0.00037004   0.00000000
 -0.00035636   0.00000000     0.00101968   0.00000000    -0.00002695   0.00000000
    4   10
  0.00003664   0.00000000     0.00001416   0.00000000     0.00165052   0.00000000
 -0.00004423   0.00000000    -0.00001598   0.00000000    -0.00097406   0.00000000
  0.00092277   0.00000000    -0.00014171   0.00000000    -0.00002061   0.00000000
    4   11
 -0.00078652   0.00000000    -0.00037017   0.00000000    -0.00000213   0.00000000
 -0.00032317   0.00000000    -0.00139419   0.00000000    -0.00005218   0.00000000
 -0.00000021   0.00000000     0.00003143   0.00000000     0.00032728   0.00000000
    4   12
 -0.11868489   0.00000000    -0.12003703   0.00000000     0.00002545   0.00000000
 -0.11789040   0.00000000    -0.26174765   0.00000000    -0.00005904   0.00000000
 -0.00006154   0.00000000    -0.00008474   0.00000000    -0.05361756   0.00000000
    4   13
 -0.00001748   0.00000000     0.00008397   0.00000000     0.00001886   0.00000000
 -0.00006348   0.00000000    -0.00003062   0.00000000    -0.00207236   0.00000000
  0.00028371   0.00000000     0.00009698   0.00000000     0.00001359   0.00000000
    4   14
 -0.00004108   0.00000000     0.00005616   0.00000000     0.00042326   0.00000000
  0.00007076   0.00000000    -0.00002091   0.00000000    -0.00019828   0.00000000
 -0.00047220   0.00000000    -0.00012014   0.00000000    -0.00000508   0.00000000
    4   15
  0.00105782   0.00000000     0.00005820   0.00000000    -0.00019443  -0.00000000
  0.00014747   0.00000000     0.00048317   0.00000000    -0.00020121  -0.00000000
  0.00014753   0.00000000    -0.00024291  -0.00000000    -0.00065562  -0.00000000
    4   16
  0.06246058   0.00000000    -0.03888066  -0.00000000     0.05498606   0.00000000
 -0.03938445  -0.00000000     0.13000312   0.00000000    -0.12766636  -0.00000000
  0.05496154   0.00000000    -0.12680960  -0.00000000     0.25636108   0.00000000
    4   17
  0.00048775   0.00000000     0.00058312   0.00000000     0.00046359   0.00000000
  0.00022764   0.00000000     0.00051146   0.00000000    -0.00033961  -0.00000000
  0.00015455   0.00000000     0.00125537   0.00000000     0.00074366   0.00000000
    4   18
  0.00022201   0.00000000    -0.00027336  -0.00000000     0.00057394   0.00000000
  0.00011429   0.00000000     0.00044684   0.00000000    -0.00129323  -0.00000000
 -0.00096685  -0.00000000    -0.00066372  -0.00000000     0.00042824   0.00000000
    4   19
 -0.06249722   0.00000000     0.03893301  -0.00000000     0.05499884  -0.00000000
  0.03934732  -0.00000000    -0.12999247   0.00000000    -0.12766445   0.00000000
  0.05494120  -0.00000000    -0.12669779   0.00000000    -0.25629294   0.00000000
    4   20
 -0.00104467   0.00000000    -0.00005165   0.00000000    -0.00015087   0.00000000
 -0.00012719   0.00000000    -0.00047295   0.00000000    -0.00021703   0.00000000
  0.00007416  -0.00000000    -0.00027822   0.00000000     0.00064055  -0.00000000
    4   21
 -0.00017429   0.00000000     0.00023163  -0.00000000     0.00055648  -0.00000000
 -0.00007489   0.00000000    -0.00020945   0.00000000    -0.00119547   0.00000000
 -0.00098112   0.00000000    -0.00062872   0.00000000    -0.00049132   0.00000000
    4   22
 -0.00056246   0.00000000    -0.00067690   0.00000000     0.00054940  -0.00000000
 -0.00029931   0.00000000    -0.00066220   0.00000000    -0.00027570   0.00000000
  0.00016194  -0.00000000     0.00118662  -0.00000000    -0.00079185   0.00000000
    5    1
 -0.01154561  -0.00000000    -0.00504283  -0.00000000     0.00003921   0.00000000
 -0.00691273  -0.00000000    -0.00180804  -0.00000000    -0.00006058  -0.00000000
  0.00011397   0.00000000    -0.00013997  -0.00000000     0.00545685   0.00000000
    5    2
  0.00011515   0.00000000    -0.00000568  -0.00000000     0.01213101   0.00000000
  0.00014793   0.00000000    -0.00013895  -0.00000000     0.02935287   0.00000000
  0.01378491   0.00000000     0.02636422   0.00000000     0.00008237   0.00000000
    5    3
  0.00006610   0.00000000     0.00003569   0.00000000     0.00168142   0.00000000
 -0.00003569   0.00000000     0.00007551   0.00000000    -0.00065218   0.00000000
 -0.00168142   0.00000000    -0.00065218   0.00000000    -0.00000715   0.00000000
    5    4
 -0.00001383   0.00000000    -0.00007588   0.00000000    -0.00044630   0.00000000
  0.00007588   0.00000000    -0.00008762   0.00000000     0.00000176   0.00000000
 -0.00044630   0.00000000    -0.00000176   0.00000000    -0.00013885   0.00000000
    5    5
  0.59284405   0.00000000     0.01836732   0.00000000    -0.00002479   0.00000000
  0.01836732   0.00000000     0.59470281   0.00000000     0.00012083   0.00000000
 -0.00002479   0.00000000     0.00012083   0.00000000     0.64574220   0.00000000
    5    6
  0.00129053   0.00000000    -0.00094110   0.00000000    -0.00005849   0.00000000
 -0.00094110   0.00000000     0.00009182   0.00000000     0.00013753   0.00000000
  0.00005849   0.00000000    -0.00013753   0.00000000     0.00217789   0.00000000
    5    7
  0.00003664   0.00000000    -0.00001416   0.00000000     0.00165052   0.00000000
  0.00004423   0.00000000    -0.00001598   0.00000000     0.00097406   0.00000000
  0.00092277   0.00000000     0.00014171   0.00000000    -0.00002061   0.00000000
    5    8
  0.00005471   0.00000000     0.00001987   0.00000000    -0.00009725   0.00000000
 -0.00002780   0.00000000     0.00004268   0.00000000     0.00037004   0.00000000
 -0.00035636   0.00000000    -0.00101968   0.00000000    -0.00002695   0.00000000
    5    9
 -0.33515233   0.00000000    -0.04480325   0.00000000    -0.00003404   0.00000000
 -0.04089737   0.00000000    -0.05301417   0.00000000    -0.00003169   0.00000000
  0.00005578   0.00000000     0.00000211   0.00000000    -0.04898439   0.00000000
    5   10
 -0.00176002   0.00000000    -0.00081010   0.00000000    -0.00000083   0.00000000
 -0.00045998   0.00000000    -0.00059027   0.00000000     0.00005660   0.00000000
  0.00000987   0.00000000     0.00000394   0.00000000     0.00072404   0.00000000
    5   11
 -0.00004108   0.00000000    -0.00005616   0.00000000     0.00042326   0.00000000
 -0.00007076   0.00000000    -0.00002091   0.00000000     0.00019828   0.00000000
 -0.00047220   0.00000000     0.00012014   0.00000000    -0.00000508   0.00000000
    5   12
 -0.00001748   0.00000000    -0.00008397   0.00000000     0.00001886   0.00000000
  0.00006348   0.00000000    -0.00003062   0.00000000     0.00207236   0.00000000
  0.00028371   0.00000000    -0.00009698   0.00000000     0.00001359   0.00000000
    5   13
 -0.11868489   0.00000000     0.12003703   0.00000000     0.00002545   0.00000000
  0.11789040   0.00000000    -0.26174765   0.00000000     0.00005904   0.00000000
 -0.00006154   0.00000000     0.00008474   0.00000000    -0.05361756   0.00000000
    5   14
 -0.00078652   0.00000000     0.00037017   0.00000000    -0.00000213   0.00000000
  0.00032317   0.00000000    -0.00139419   0.00000000     0.00005218   0.00000000
 -0.00000021   0.00000000    -0.00003143   0.00000000     0.00032728   0.00000000
    5   15
 -0.00022201  -0.00000000    -0.00027336  -0.00000000    -0.00057394  -0.00000000
  0.00011429   0.00000000    -0.00044684  -0.00000000    -0.00129323  -0.00000000
  0.00096685   0.00000000    -0.00066372  -0.00000000    -0.00042824  -0.00000000
    5   16
 -0.00048775  -0.00000000     0.00058312   0.00000000    -0.00046359  -0.00000000
  0.00022764   0.00000000    -0.00051146  -0.00000000    -0.00033961  -0.00000000
 -0.00015455  -0.00000000     0.00125537   0.00000000    -0.00074366  -0.00000000
    5   17
 -0.06246058  -0.00000000    -0.03888066  -0.00000000    -0.05498606  -0.00000000
 -0.03938445  -0.00000000    -0.13000312  -0.00000000    -0.12766636  -0.00000000
 -0.05496154  -0.00000000    -0.12680960  -0.00000000    -0.25636108  -0.00000000
    5   18
 -0.00105782  -0.00000000     0.00005820   0.00000000     0.00019443   0.00000000
  0.00014747   0.00000000    -0.00048317  -0.00000000    -0.00020121  -0.00000000
 -0.00014753  -0.00000000    -0.00024291  -0.00000000     0.00065562   0.00000000
    5   19
 -0.00056246   0.00000000     0.00067690  -0.00000000     0.00054940  -0.00000000
  0.00029931  -0.00000000    -0.00066220   0.00000000     0.00027570  -0.00000000
  0.00016194  -0.00000000    -0.00118662   0.00000000    -0.00079185   0.00000000
    5   20
 -0.00017429   0.00000000    -0.00023163   0.00000000     0.00055648  -0.00000000
  0.00007489  -0.00000000    -0.00020945   0.00000000     0.00119547  -0.00000000
 -0.00098112   0.00000000     0.00062872  -0.00000000    -0.00049132   0.00000000
    5   21
 -0.00104467   0.00000000     0.00005165  -0.00000000    -0.00015087   0.00000000
  0.00012719  -0.00000000    -0.00047295   0.00000000     0.00021703  -0.00000000
  0.00007416  -0.00000000     0.00027822  -0.00000000     0.00064055  -0.00000000
    5   22
 -0.06249722   0.00000000    -0.03893301   0.00000000     0.05499884  -0.00000000
 -0.03934732   0.00000000    -0.12999247   0.00000000     0.12766445  -0.00000000
  0.05494120  -0.00000000     0.12669779  -0.00000000    -0.25629294   0.00000000
    6    1
 -0.01154561  -0.00000000    -0.00504283  -0.00000000    -0.00003921  -0.00000000
 -0.00691273  -0.00000000    -0.00180804  -0.00000000     0.00006058   0.00000000
 -0.00011397  -0.00000000     0.00013997   0.00000000     0.00545685   0.00000000
    6    2
  0.00011515   0.00000000    -0.00000568  -0.00000000    -0.01213101  -0.00000000
  0.00014793   0.00000000    -0.00013895  -0.00000000    -0.02935287  -0.00000000
 -0.01378491  -0.00000000    -0.02636422  -0.00000000     0.00008237   0.00000000
    6    3
 -0.00001383   0.00000000    -0.00007588   0.00000000     0.00044630   0.00000000
  0.00007588   0.00000000    -0.00008762   0.00000000    -0.00000176   0.00000000
  0.00044630   0.00000000     0.00000176   0.00000000    -0.00013885   0.00000000
    6    4
  0.00006610   0.00000000     0.00003569   0.00000000    -0.00168142   0.00000000
 -0.00003569   0.00000000     0.00007551   0.00000000     0.00065218   0.00000000
  0.00168142   0.00000000     0.00065218   0.00000000    -0.00000715   0.00000000
    6    5
  0.00129053   0.00000000    -0.00094110   0.00000000     0.00005849   0.00000000
 -0.00094110   0.00000000     0.00009182   0.00000000    -0.00013753   0.00000000
 -0.00005849   0.00000000     0.00013753   0.00000000     0.00217789   0.00000000
    6    6
  0.59284405   0.00000000     0.01836732   0.00000000     0.00002479   0.00000000
  0.01836732   0.00000000     0.59470281   0.00000000    -0.00012083   0.00000000
  0.00002479   0.00000000    -0.00012083   0.00000000     0.64574220   0.00000000
    6    7
  0.00005471   0.00000000     0.00001987   0.00000000     0.00009725   0.00000000
 -0.00002780   0.00000000     0.00004268   0.00000000    -0.00037004   0.00000000
  0.00035636   0.00000000     0.00101968   0.00000000    -0.00002695   0.00000000
    6    8
  0.00003664   0.00000000    -0.00001416   0.00000000    -0.00165052   0.00000000
  0.00004423   0.00000000    -0.00001598   0.00000000    -0.00097406   0.00000000
 -0.00092277   0.00000000    -0.00014171   0.00000000    -0.00002061   0.00000000
    6    9
 -0.00176002   0.00000000    -0.00081010   0.00000000     0.00000083   0.00000000
 -0.00045998   0.00000000    -0.00059027   0.00000000    -0.00005660   0.00000000
 -0.00000987   0.00000000    -0.00000394   0.00000000     0.00072404   0.00000000
    6   10
 -0.33515233   0.00000000    -0.04480325   0.00000000     0.00003404   0.00000000
 -0.04089737   0.00000000    -0.05301417   0.00000000     0.00003169   0.00000000
 -0.00005578   0.00000000    -0.00000211   0.00000000    -0.04898439   0.00000000
    6   11
 -0.00001748   0.00000000    -0.00008397   0.00000000    -0.00001886   0.00000000
  0.00006348   0.00000000    -0.00003062   0.00000000    -0.00207236   0.00000000
 -0.00028371   0.00000000     0.00009698   0.00000000     0.00001359   0.00000000
    6   12
 -0.00004108   0.00000000    -0.00005616   0.00000000    -0.00042326   0.00000000
 -0.00007076   0.00000000    -0.00002091   0.00000000    -0.00019828   0.00000000
  0.00047220   0.00000000    -0.00012014   0.00000000    -0.00000508   0.00000000
    6   13
 -0.00078652   0.00000000     0.00037017   0.00000000     0.00000213   0.00000000
  0.00032317   0.00000000    -0.00139419   0.00000000    -0.00005218   0.00000000
  0.00000021   0.00000000     0.00003143   0.00000000     0.00032728   0.00000000
    6   14
 -0.11868489   0.00000000     0.12003703   0.00000000    -0.00002545   0.00000000
  0.11789040   0.00000000    -0.26174765   0.00000000    -0.00005904   0.00000000
  0.00006154   0.00000000    -0.00008474   0.00000000    -0.05361756   0.00000000
    6   15
 -0.00048775  -0.00000000     0.00058312   0.00000000     0.00046359   0.00000000
  0.00022764   0.00000000    -0.00051146  -0.00000000     0.00033961   0.00000000
  0.00015455   0.00000000    -0.00125537  -0.00000000    -0.00074366  -0.00000000
    6   16
 -0.00022201  -0.00000000    -0.00027336  -0.00000000     0.00057394   0.00000000
  0.00011429   0.00000000    -0.00044684  -0.00000000     0.00129323   0.00000000
 -0.00096685  -0.00000000     0.00066372   0.00000000    -0.00042824  -0.00000000
    6   17
 -0.00105782  -0.00000000     0.00005820   0.00000000    -0.00019443  -0.00000000
  0.00014747   0.00000000    -0.00048317  -0.00000000     0.00020121   0.00000000
  0.00014753   0.00000000     0.00024291   0.00000000     0.00065562   0.00000000
    6   18
 -0.06246058  -0.00000000    -0.03888066  -0.00000000     0.05498606   0.00000000
 -0.03938445  -0.00000000    -0.13000312  -0.00000000     0.12766636   0.00000000
  0.05496154   0.00000000     0.12680960   0.00000000    -0.25636108  -0.00000000
    6   19
 -0.00017429   0.00000000    -0.00023163   0.00000000    -0.00055648   0.00000000
  0.00007489  -0.00000000    -0.00020945   0.00000000    -0.00119547   0.00000000
  0.00098112  -0.00000000    -0.00062872   0.00000000    -0.00049132   0.00000000
    6   20
 -0.00056246   0.00000000     0.00067690  -0.00000000    -0.00054940   0.00000000
  0.00029931  -0.00000000    -0.00066220   0.00000000    -0.00027570   0.00000000
 -0.00016194   0.00000000     0.00118662  -0.00000000    -0.00079185   0.00000000
    6   21
 -0.06249722   0.00000000    -0.03893301   0.00000000    -0.05499884   0.00000000
 -0.03934732   0.00000000    -0.12999247   0.00000000    -0.12766445   0.00000000
 -0.05494120   0.00000000    -0.12669779   0.00000000    -0.25629294   0.00000000
    6   22
 -0.00104467   0.00000000     0.00005165  -0.00000000     0.00015087  -0.00000000
  0.00012719  -0.00000000    -0.00047295   0.00000000    -0.00021703   0.00000000
 -0.00007416   0.00000000    -0.00027822   0.00000000     0.00064055  -0.00000000
    7    1
  0.00005450   0.00000000     0.00004013   0.00000000    -0.00112628  -0.00000000
 -0.00007809  -0.00000000    -0.00004059  -0.00000000    -0.00443982  -0.00000000
 -0.00622518  -0.00000000    -0.00350240  -0.00000000     0.00006731   0.00000000
    7    2
 -0.00546855  -0.00000000     0.00205266   0.00000000    -0.00006345  -0.00000000
  0.00178164   0.00000000    -0.00039595  -0.00000000    -0.00010926  -0.00000000
  0.00018410   0.00000000    -0.00043730  -0.00000000     0.00463156   0.00000000
    7    3
 -0.33515233   0.00000000     0.04089737   0.00000000    -0.00005578   0.00000000
  0.04480325   0.00000000    -0.05301417   0.00000000     0.00000211   0.00000000
  0.00003404   0.00000000    -0.00003169   0.00000000    -0.04898439   0.00000000
    7    4
 -0.00176002   0.00000000     0.00045998   0.00000000     0.00000987   0.00000000
  0.00081010   0.00000000    -0.00059027   0.00000000    -0.00000394   0.00000000
 -0.00000083   0.00000000    -0.00005660   0.00000000     0.00072404   0.00000000
    7    5
  0.00003664   0.00000000     0.00004423   0.00000000     0.00092277   0.00000000
 -0.00001416   0.00000000    -0.00001598   0.00000000     0.00014171   0.00000000
  0.00165052   0.00000000     0.00097406   0.00000000    -0.00002061   0.00000000
    7    6
  0.00005471   0.00000000    -0.00002780   0.00000000     0.00035636   0.00000000
  0.00001987   0.00000000     0.00004268   0.00000000     0.00101968   0.00000000
  0.00009725   0.00000000    -0.00037004   0.00000000    -0.00002695   0.00000000
    7    7
  0.37877456   0.00000000    -0.04852946   0.00000000     0.00000459   0.00000000
 -0.04852946   0.00000000     0.06481163   0.00000000    -0.00001617   0.00000000
  0.00000459   0.00000000    -0.00001617   0.00000000     0.06319298   0.00000000
    7    8
  0.00045857   0.00000000    -0.00027070   0.00000000     0.00001189   0.00000000
 -0.00027070   0.00000000     0.00021189   0.00000000    -0.00001516   0.00000000
 -0.00001189   0.00000000     0.00001516   0.00000000     0.00044067   0.00000000
    7    9
 -0.00007161   0.00000000    -0.00003129   0.00000000     0.00098291   0.00000000
  0.00003129   0.00000000    -0.00001382   0.00000000    -0.00009003   0.00000000
 -0.00098291   0.00000000    -0.00009003   0.00000000    -0.00004737   0.00000000
    7   10
  0.00008090   0.00000000     0.00002856   0.00000000    -0.00042914   0.00000000
 -0.00002856   0.00000000     0.00002332   0.00000000     0.00011248   0.00000000
 -0.00042914   0.00000000    -0.00011248   0.00000000     0.00002277   0.00000000
    7   11
 -0.01796484   0.00000000     0.00304683   0.00000000    -0.00000342   0.00000000
 -0.03121239   0.00000000     0.00403011   0.00000000    -0.00000299   0.00000000
  0.00003687   0.00000000     0.00000524   0.00000000    -0.00222077   0.00000000
    7   12
  0.00020973   0.00000000     0.00077233   0.00000000    -0.00000104   0.00000000
  0.00054005   0.00000000    -0.00086256   0.00000000     0.00001066   0.00000000
  0.00001675   0.00000000    -0.00000814   0.00000000     0.00012069   0.00000000
    7   13
 -0.00001093   0.00000000    -0.00002094   0.00000000    -0.00095774   0.00000000
 -0.00000023   0.00000000     0.00001887   0.00000000     0.00021704   0.00000000
 -0.00067681   0.00000000     0.00021734   0.00000000     0.00000325   0.00000000
    7   14
  0.00002325   0.00000000    -0.00000043   0.00000000    -0.00039647   0.00000000
 -0.00000412   0.00000000    -0.00000802   0.00000000    -0.00038601   0.00000000
 -0.00009873   0.00000000    -0.00033226   0.00000000    -0.00000231   0.00000000
    7   15
  0.00778888   0.00000000    -0.00122512  -0.00000000    -0.00057454  -0.00000000
 -0.01952708  -0.00000000     0.00389542   0.00000000    -0.00056450  -0.00000000
 -0.02997576  -0.00000000     0.00410234   0.00000000    -0.00094860  -0.00000000
    7   16
 -0.00002748  -0.00000000    -0.00076055  -0.00000000     0.00000305   0.00000000
  0.00002477   0.00000000     0.00023944   0.00000000    -0.00000810  -0.00000000
 -0.00017377  -0.00000000    -0.00002541  -0.00000000    -0.00041024  -0.00000000
    7   17
  0.00037273   0.00000000     0.00004298   0.00000000     0.00087295   0.00000000
  0.00021962   0.00000000     0.00005925   0.00000000    -0.00003696  -0.00000000
  0.00028134   0.00000000    -0.00023420  -0.00000000    -0.00014445  -0.00000000
    7   18
  0.00000014   0.00000000     0.00026706   0.00000000    -0.00040282  -0.00000000
  0.00021741   0.00000000     0.00006001   0.00000000    -0.00020871  -0.00000000
 -0.00013684  -0.00000000     0.00004918   0.00000000    -0.00007412  -0.00000000
    7   19
  0.00006538  -0.00000000     0.00071085  -0.00000000     0.00006229  -0.00000000
 -0.00004723   0.00000000    -0.00021681   0.00000000    -0.00003198   0.00000000
 -0.00011853   0.00000000    -0.00002606   0.00000000     0.00038614  -0.00000000
    7   20
 -0.00776933   0.00000000     0.00125930  -0.00000000    -0.00056454   0.00000000
  0.01951737  -0.00000000    -0.00390184   0.00000000    -0.00057074   0.00000000
 -0.02991714   0.00000000     0.00403865  -0.00000000     0.00095778  -0.00000000
    7   21
  0.00000648  -0.00000000    -0.00025098   0.00000000    -0.00049455   0.00000000
 -0.00020517   0.00000000    -0.00011196   0.00000000    -0.00021007   0.00000000
 -0.00017071   0.00000000     0.00007664  -0.00000000     0.00009122  -0.00000000
    7   22
 -0.00035370   0.00000000     0.00001079  -0.00000000     0.00085150  -0.00000000
 -0.00023639   0.00000000    -0.00003023   0.00000000    -0.00003454   0.00000000
  0.00023943  -0.00000000    -0.00027656   0.00000000     0.00009471  -0.00000000
    8    1
  0.00005450   0.00000000     0.00004013   0.00000000     0.00112628   0.00000000
 -0.00007809  -0.00000000    -0.00004059  -0.00000000     0.00443982   0.00000000
  0.00622518   0.00000000     0.00350240   0.00000000     0.00006731   0.00000000
    8    2
 -0.00546855  -0.00000000     0.00205266   0.00000000     0.00006345   0.00000000
  0.00178164   0.00000000    -0.00039595  -0.00000000     0.00010926   0.00000000
 -0.00018410  -0.00000000     0.00043730   0.00000000     0.00463156   0.00000000
    8    3
 -0.00176002   0.00000000     0.00045998   0.00000000    -0.00000987   0.00000000
  0.00081010   0.00000000    -0.00059027   0.00000000     0.00000394   0.00000000
  0.00000083   0.00000000     0.00005660   0.00000000     0.00072404   0.00000000
    8    4
 -0.33515233   0.00000000     0.04089737   0.00000000     0.00005578   0.00000000
  0.04480325   0.00000000    -0.05301417   0.00000000    -0.00000211   0.00000000
 -0.00003404   0.00000000     0.00003169   0.00000000    -0.04898439   0.00000000
    8    5
  0.00005471   0.00000000    -0.00002780   0.00000000    -0.00035636   0.00000000
  0.00001987   0.00000000     0.00004268   0.00000000    -0.00101968   0.00000000
 -0.00009725   0.00000000     0.00037004   0.00000000    -0.00002695   0.00000000
    8    6
  0.00003664   0.00000000     0.00004423   0.00000000    -0.00092277   0.00000000
 -0.00001416   0.00000000    -0.00001598   0.00000000    -0.00014171   0.00000000
 -0.00165052   0.00000000    -0.00097406   0.00000000    -0.00002061   0.00000000
    8    7
  0.00045857   0.00000000    -0.00027070   0.00000000    -0.00001189   0.00000000
 -0.00027070   0.00000000     0.00021189   0.00000000     0.00001516   0.00000000
  0.00001189   0.00000000    -0.00001516   0.00000000     0.00044067   0.00000000
    8    8
  0.37877456   0.00000000    -0.04852946   0.00000000    -0.00000459   0.00000000
 -0.04852946   0.00000000     0.06481163   0.00000000     0.00001617   0.00000000
 -0.00000459   0.00000000     0.00001617   0.00000000     0.06319298   0.00000000
    8    9
  0.00008090   0.00000000     0.00002856   0.00000000     0.00042914   0.00000000
 -0.00002856   0.00000000     0.00002332   0.00000000    -0.00011248   0.00000000
  0.00042914   0.00000000     0.00011248   0.00000000     0.00002277   0.00000000
    8   10
 -0.00007161   0.00000000    -0.00003129   0.00000000    -0.00098291   0.00000000
  0.00003129   0.00000000    -0.00001382   0.00000000     0.00009003   0.00000000
  0.00098291   0.00000000     0.00009003   0.00000000    -0.00004737   0.00000000
    8   11
  0.00020973   0.00000000     0.00077233   0.00000000     0.00000104   0.00000000
  0.00054005   0.00000000    -0.00086256   0.00000000    -0.00001066   0.00000000
 -0.00001675   0.00000000     0.00000814   0.00000000     0.00012069   0.00000000
    8   12
 -0.01796484   0.00000000     0.00304683   0.00000000     0.00000342   0.00000000
 -0.03121239   0.00000000     0.00403011   0.00000000     0.00000299   0.00000000
 -0.00003687   0.00000000    -0.00000524   0.00000000    -0.00222077   0.00000000
    8   13
  0.00002325   0.00000000    -0.00000043   0.00000000     0.00039647   0.00000000
 -0.00000412   0.00000000    -0.00000802   0.00000000     0.00038601   0.00000000
  0.00009873   0.00000000     0.00033226   0.00000000    -0.00000231   0.00000000
    8   14
 -0.00001093   0.00000000    -0.00002094   0.00000000     0.00095774   0.00000000
 -0.00000023   0.00000000     0.00001887   0.00000000    -0.00021704   0.00000000
  0.00067681   0.00000000    -0.00021734   0.00000000     0.00000325   0.00000000
    8   15
 -0.00002748  -0.00000000    -0.00076055  -0.00000000    -0.00000305  -0.00000000
  0.00002477   0.00000000     0.00023944   0.00000000     0.00000810   0.00000000
  0.00017377   0.00000000     0.00002541   0.00000000    -0.00041024  -0.00000000
    8   16
  0.00778888   0.00000000    -0.00122512  -0.00000000     0.00057454   0.00000000
 -0.01952708  -0.00000000     0.00389542   0.00000000     0.00056450   0.00000000
  0.02997576   0.00000000    -0.00410234  -0.00000000    -0.00094860  -0.00000000
    8   17
  0.00000014   0.00000000     0.00026706   0.00000000     0.00040282   0.00000000
  0.00021741   0.00000000     0.00006001   0.00000000     0.00020871   0.00000000
  0.00013684   0.00000000    -0.00004918  -0.00000000    -0.00007412  -0.00000000
    8   18
  0.00037273   0.00000000     0.00004298   0.00000000    -0.00087295  -0.00000000
  0.00021962   0.00000000     0.00005925   0.00000000     0.00003696   0.00000000
 -0.00028134  -0.00000000     0.00023420   0.00000000    -0.00014445  -0.00000000
    8   19
 -0.00776933   0.00000000     0.00125930  -0.00000000     0.00056454  -0.00000000
  0.01951737  -0.00000000    -0.00390184   0.00000000     0.00057074  -0.00000000
  0.02991714  -0.00000000    -0.00403865   0.00000000     0.00095778  -0.00000000
    8   20
  0.00006538  -0.00000000     0.00071085  -0.00000000    -0.00006229   0.00000000
 -0.00004723   0.00000000    -0.00021681   0.00000000     0.00003198  -0.00000000
  0.00011853  -0.00000000     0.00002606  -0.00000000     0.00038614  -0.00000000
    8   21
 -0.00035370   0.00000000     0.00001079  -0.00000000    -0.00085150   0.00000000
 -0.00023639   0.00000000    -0.00003023   0.00000000     0.00003454  -0.00000000
 -0.00023943   0.00000000     0.00027656  -0.00000000     0.00009471  -0.00000000
    8   22
  0.00000648  -0.00000000    -0.00025098   0.00000000     0.00049455  -0.00000000
 -0.00020517   0.00000000    -0.00011196   0.00000000     0.00021007  -0.00000000
  0.00017071  -0.00000000    -0.00007664   0.00000000     0.00009122  -0.00000000
    9    1
  0.00546855   0.00000000     0.00205266   0.00000000    -0.00006345  -0.00000000
  0.00178164   0.00000000     0.00039595   0.00000000     0.00010926   0.00000000
  0.00018410   0.00000000     0.00043730   0.00000000    -0.00463156  -0.00000000
    9    2
 -0.00005450  -0.00000000     0.00004013   0.00000000    -0.00112628  -0.00000000
 -0.00007809  -0.00000000     0.00004059   0.00000000     0.00443982   0.00000000
 -0.00622518  -0.00000000     0.00350240   0.00000000    -0.00006731  -0.00000000
    9    3
  0.00003664   0.00000000    -0.00004423   0.00000000    -0.00092277   0.00000000
  0.00001416   0.00000000    -0.00001598   0.00000000     0.00014171   0.00000000
 -0.00165052   0.00000000     0.00097406   0.00000000    -0.00002061   0.00000000
    9    4
  0.00005471   0.00000000     0.00002780   0.00000000    -0.00035636   0.00000000
 -0.00001987   0.00000000     0.00004268   0.00000000     0.00101968   0.00000000
 -0.00009725   0.00000000    -0.00037004   0.00000000    -0.00002695   0.00000000
    9    5
 -0.33515233   0.00000000    -0.04089737   0.00000000     0.00005578   0.00000000
 -0.04480325   0.00000000    -0.05301417   0.00000000     0.00000211   0.00000000
 -0.00003404   0.00000000    -0.00003169   0.00000000    -0.04898439   0.00000000
    9    6
 -0.00176002   0.00000000    -0.00045998   0.00000000    -0.00000987   0.00000000
 -0.00081010   0.00000000    -0.00059027   0.00000000    -0.00000394   0.00000000
  0.00000083   0.00000000    -0.00005660   0.00000000     0.00072404   0.00000000
    9    7
 -0.00007161   0.00000000     0.00003129   0.00000000    -0.00098291   0.00000000
 -0.00003129   0.00000000    -0.00001382   0.00000000    -0.00009003   0.00000000
  0.00098291   0.00000000    -0.00009003   0.00000000    -0.00004737   0.00000000
    9    8
  0.00008090   0.00000000    -0.00002856   0.00000000     0.00042914   0.00000000
  0.00002856   0.00000000     0.00002332   0.00000000     0.00011248   0.00000000
  0.00042914   0.00000000    -0.00011248   0.00000000     0.00002277   0.00000000
    9    9
  0.37877456   0.00000000     0.04852946   0.00000000    -0.00000459   0.00000000
  0.04852946   0.00000000     0.06481163   0.00000000    -0.00001617   0.00000000
 -0.00000459   0.00000000    -0.00001617   0.00000000     0.06319298   0.00000000
    9   10
  0.00045857   0.00000000     0.00027070   0.00000000    -0.00001189   0.00000000
  0.00027070   0.00000000     0.00021189   0.00000000    -0.00001516   0.00000000
  0.00001189   0.00000000     0.00001516   0.00000000     0.00044067   0.00000000
    9   11
 -0.00001093   0.00000000     0.00002094   0.00000000     0.00095774   0.00000000
  0.00000023   0.00000000     0.00001887   0.00000000     0.00021704   0.00000000
  0.00067681   0.00000000     0.00021734   0.00000000     0.00000325   0.00000000
    9   12
  0.00002325   0.00000000     0.00000043   0.00000000     0.00039647   0.00000000
  0.00000412   0.00000000    -0.00000802   0.00000000    -0.00038601   0.00000000
  0.00009873   0.00000000    -0.00033226   0.00000000    -0.00000231   0.00000000
    9   13
 -0.01796484   0.00000000    -0.00304683   0.00000000     0.00000342   0.00000000
  0.03121239   0.00000000     0.00403011   0.00000000    -0.00000299   0.00000000
 -0.00003687   0.00000000     0.00000524   0.00000000    -0.00222077   0.00000000
    9   14
  0.00020973   0.00000000    -0.00077233   0.00000000     0.00000104   0.00000000
 -0.00054005   0.00000000    -0.00086256   0.00000000     0.00001066   0.00000000
 -0.00001675   0.00000000    -0.00000814   0.00000000     0.00012069   0.00000000
    9   15
 -0.00037273  -0.00000000     0.00004298   0.00000000     0.00087295   0.00000000
  0.00021962   0.00000000    -0.00005925  -0.00000000     0.00003696   0.00000000
  0.00028134   0.00000000     0.00023420   0.00000000     0.00014445   0.00000000
    9   16
 -0.00000014  -0.00000000     0.00026706   0.00000000    -0.00040282  -0.00000000
  0.00021741   0.00000000    -0.00006001  -0.00000000     0.00020871   0.00000000
 -0.00013684  -0.00000000    -0.00004918  -0.00000000     0.00007412   0.00000000
    9   17
 -0.00778888  -0.00000000    -0.00122512  -0.00000000    -0.00057454  -0.00000000
 -0.01952708  -0.00000000    -0.00389542  -0.00000000     0.00056450   0.00000000
 -0.02997576  -0.00000000    -0.00410234  -0.00000000     0.00094860   0.00000000
    9   18
  0.00002748   0.00000000    -0.00076055  -0.00000000     0.00000305   0.00000000
  0.00002477   0.00000000    -0.00023944  -0.00000000     0.00000810   0.00000000
 -0.00017377  -0.00000000     0.00002541   0.00000000     0.00041024   0.00000000
    9   19
  0.00000648  -0.00000000     0.00025098  -0.00000000     0.00049455  -0.00000000
  0.00020517  -0.00000000    -0.00011196   0.00000000    -0.00021007   0.00000000
  0.00017071  -0.00000000     0.00007664  -0.00000000     0.00009122  -0.00000000
    9   20
 -0.00035370   0.00000000    -0.00001079   0.00000000    -0.00085150   0.00000000
  0.00023639  -0.00000000    -0.00003023   0.00000000    -0.00003454   0.00000000
 -0.00023943   0.00000000    -0.00027656   0.00000000     0.00009471  -0.00000000
    9   21
  0.00006538  -0.00000000    -0.00071085   0.00000000    -0.00006229   0.00000000
  0.00004723  -0.00000000    -0.00021681   0.00000000    -0.00003198   0.00000000
  0.00011853  -0.00000000    -0.00002606   0.00000000     0.00038614  -0.00000000
    9   22
 -0.00776933   0.00000000    -0.00125930   0.00000000     0.00056454  -0.00000000
 -0.01951737   0.00000000    -0.00390184   0.00000000    -0.00057074   0.00000000
  0.02991714  -0.00000000     0.00403865  -0.00000000     0.00095778  -0.00000000
   10    1
  0.00546855   0.00000000     0.00205266   0.00000000     0.00006345   0.00000000
  0.00178164   0.00000000     0.00039595   0.00000000    -0.00010926  -0.00000000
 -0.00018410  -0.00000000    -0.00043730  -0.00000000    -0.00463156  -0.00000000
   10    2
 -0.00005450  -0.00000000     0.00004013   0.00000000     0.00112628   0.00000000
 -0.00007809  -0.00000000     0.00004059   0.00000000    -0.00443982  -0.00000000
  0.00622518   0.00000000    -0.00350240  -0.00000000    -0.00006731  -0.00000000
   10    3
  0.00005471   0.00000000     0.00002780   0.00000000     0.00035636   0.00000000
 -0.00001987   0.00000000     0.00004268   0.00000000    -0.00101968   0.00000000
  0.00009725   0.00000000     0.00037004   0.00000000    -0.00002695   0.00000000
   10    4
  0.00003664   0.00000000    -0.00004423   0.00000000     0.00092277   0.00000000
  0.00001416   0.00000000    -0.00001598   0.00000000    -0.00014171   0.00000000
  0.00165052   0.00000000    -0.00097406   0.00000000    -0.00002061   0.00000000
   10    5
 -0.00176002   0.00000000    -0.00045998   0.00000000     0.00000987   0.00000000
 -0.00081010   0.00000000    -0.00059027   0.00000000     0.00000394   0.00000000
 -0.00000083   0.00000000     0.00005660   0.00000000     0.00072404   0.00000000
   10    6
 -0.33515233   0.00000000    -0.04089737   0.00000000    -0.00005578   0.00000000
 -0.04480325   0.00000000    -0.05301417   0.00000000    -0.00000211   0.00000000
  0.00003404   0.00000000     0.00003169   0.00000000    -0.04898439   0.00000000
   10    7
  0.00008090   0.00000000    -0.00002856   0.00000000    -0.00042914   0.00000000
  0.00002856   0.00000000     0.00002332   0.00000000    -0.00011248   0.00000000
 -0.00042914   0.00000000     0.00011248   0.00000000     0.00002277   0.00000000
   10    8
 -0.00007161   0.00000000     0.00003129   0.00000000     0.00098291   0.00000000
 -0.00003129   0.00000000    -0.00001382   0.00000000     0.00009003   0.00000000
 -0.00098291   0.00000000     0.00009003   0.00000000    -0.00004737   0.00000000
   10    9
  0.00045857   0.00000000     0.00027070   0.00000000     0.00001189   0.00000000
  0.00027070   0.00000000     0.00021189   0.00000000     0.00001516   0.00000000
 -0.00001189   0.00000000    -0.00001516   0.00000000     0.00044067   0.00000000
   10   10
  0.37877456   0.00000000     0.04852946   0.00000000     0.00000459   0.00000000
  0.04852946   0.00000000     0.06481163   0.00000000     0.00001617   0.00000000
  0.00000459   0.00000000     0.00001617   0.00000000     0.06319298   0.00000000
   10   11
  0.00002325   0.00000000     0.00000043   0.00000000    -0.00039647   0.00000000
  0.00000412   0.00000000    -0.00000802   0.00000000     0.00038601   0.00000000
 -0.00009873   0.00000000     0.00033226   0.00000000    -0.00000231   0.00000000
   10   12
 -0.00001093   0.00000000     0.00002094   0.00000000    -0.00095774   0.00000000
  0.00000023   0.00000000     0.00001887   0.00000000    -0.00021704   0.00000000
 -0.00067681   0.00000000    -0.00021734   0.00000000     0.00000325   0.00000000
   10   13
  0.00020973   0.00000000    -0.00077233   0.00000000    -0.00000104   0.00000000
 -0.00054005   0.00000000    -0.00086256   0.00000000    -0.00001066   0.00000000
  0.00001675   0.00000000     0.00000814   0.00000000     0.00012069   0.00000000
   10   14
 -0.01796484   0.00000000    -0.00304683   0.00000000    -0.00000342   0.00000000
  0.03121239   0.00000000     0.00403011   0.00000000     0.00000299   0.00000000
  0.00003687   0.00000000    -0.00000524   0.00000000    -0.00222077   0.00000000
   10   15
 -0.00000014  -0.00000000     0.00026706   0.00000000     0.00040282   0.00000000
  0.00021741   0.00000000    -0.00006001  -0.00000000    -0.00020871  -0.00000000
  0.00013684   0.00000000     0.00004918   0.00000000     0.00007412   0.00000000
   10   16
 -0.00037273  -0.00000000     0.00004298   0.00000000    -0.00087295  -0.00000000
  0.00021962   0.00000000    -0.00005925  -0.00000000    -0.00003696  -0.00000000
 -0.00028134  -0.00000000    -0.00023420  -0.00000000     0.00014445   0.00000000
   10   17
  0.00002748   0.00000000    -0.00076055  -0.00000000    -0.00000305  -0.00000000
  0.00002477   0.00000000    -0.00023944  -0.00000000    -0.00000810  -0.00000000
  0.00017377   0.00000000    -0.00002541  -0.00000000     0.00041024   0.00000000
   10   18
 -0.00778888  -0.00000000    -0.00122512  -0.00000000     0.00057454   0.00000000
 -0.01952708  -0.00000000    -0.00389542  -0.00000000    -0.00056450  -0.00000000
  0.02997576   0.00000000     0.00410234   0.00000000     0.00094860   0.00000000
   10   19
 -0.00035370   0.00000000    -0.00001079   0.00000000     0.00085150  -0.00000000
  0.00023639  -0.00000000    -0.00003023   0.00000000     0.00003454  -0.00000000
  0.00023943  -0.00000000     0.00027656  -0.00000000     0.00009471  -0.00000000
   10   20
  0.00000648  -0.00000000     0.00025098  -0.00000000    -0.00049455   0.00000000
  0.00020517  -0.00000000    -0.00011196   0.00000000     0.00021007  -0.00000000
 -0.00017071   0.00000000    -0.00007664   0.00000000     0.00009122  -0.00000000
   10   21
 -0.00776933   0.00000000    -0.00125930   0.00000000    -0.00056454   0.00000000
 -0.01951737   0.00000000    -0.00390184   0.00000000     0.00057074  -0.00000000
 -0.02991714   0.00000000    -0.00403865   0.00000000     0.00095778  -0.00000000
   10   22
  0.00006538  -0.00000000    -0.00071085   0.00000000     0.00006229  -0.00000000
  0.00004723  -0.00000000    -0.00021681   0.00000000     0.00003198  -0.00000000
 -0.00011853   0.00000000     0.00002606  -0.00000000     0.00038614  -0.00000000
   11    1
  0.00004502   0.00000000    -0.00003667  -0.00000000     0.00077717   0.00000000
  0.00014006   0.00000000     0.00008691   0.00000000     0.00022131   0.00000000
  0.00278429   0.00000000     0.00439810   0.00000000    -0.00011229  -0.00000000
   11    2
 -0.00339465  -0.00000000     0.00140295   0.00000000    -0.00007499  -0.00000000
  0.00372651   0.00000000    -0.00120395  -0.00000000     0.00015981   0.00000000
 -0.00007189  -0.00000000    -0.00002719  -0.00000000     0.00348996   0.00000000
   11    3
 -0.11868489   0.00000000    -0.11789040   0.00000000     0.00006154   0.00000000
 -0.12003703   0.00000000    -0.26174765   0.00000000     0.00008474   0.00000000
 -0.00002545   0.00000000     0.00005904   0.00000000    -0.05361756   0.00000000
   11    4
 -0.00078652   0.00000000    -0.00032317   0.00000000    -0.00000021   0.00000000
 -0.00037017   0.00000000    -0.00139419   0.00000000     0.00003143   0.00000000
 -0.00000213   0.00000000    -0.00005218   0.00000000     0.00032728   0.00000000
   11    5
 -0.00004108   0.00000000    -0.00007076   0.00000000    -0.00047220   0.00000000
 -0.00005616   0.00000000    -0.00002091   0.00000000     0.00012014   0.00000000
  0.00042326   0.00000000     0.00019828   0.00000000    -0.00000508   0.00000000
   11    6
 -0.00001748   0.00000000     0.00006348   0.00000000    -0.00028371   0.00000000
 -0.00008397   0.00000000    -0.00003062   0.00000000     0.00009698   0.00000000
 -0.00001886   0.00000000    -0.00207236   0.00000000     0.00001359   0.00000000
   11    7
 -0.01796484   0.00000000    -0.03121239   0.00000000     0.00003687   0.00000000
  0.00304683   0.00000000     0.00403011   0.00000000     0.00000524   0.00000000
 -0.00000342   0.00000000    -0.00000299   0.00000000    -0.00222077   0.00000000
   11    8
  0.00020973   0.00000000     0.00054005   0.00000000    -0.00001675   0.00000000
  0.00077233   0.00000000    -0.00086256   0.00000000     0.00000814   0.00000000
  0.00000104   0.00000000    -0.00001066   0.00000000     0.00012069   0.00000000
   11    9
 -0.00001093   0.00000000     0.00000023   0.00000000     0.00067681   0.00000000
  0.00002094   0.00000000     0.00001887   0.00000000     0.00021734   0.00000000
  0.00095774   0.00000000     0.00021704   0.00000000     0.00000325   0.00000000
   11   10
  0.00002325   0.00000000     0.00000412   0.00000000    -0.00009873   0.00000000
  0.00000043   0.00000000    -0.00000802   0.00000000     0.00033226   0.00000000
 -0.00039647   0.00000000     0.00038601   0.00000000    -0.00000231   0.00000000
   11   11
  0.13383187   0.00000000     0.13675148   0.00000000     0.00000452   0.00000000
  0.13675148   0.00000000     0.30139116   0.00000000     0.00003004   0.00000000
  0.00000452   0.00000000     0.00003004   0.00000000     0.06206160   0.00000000
   11   12
  0.00023354   0.00000000    -0.00007697   0.00000000    -0.00000653   0.00000000
 -0.00007697   0.00000000     0.00021114   0.00000000     0.00001708   0.00000000
  0.00000653   0.00000000    -0.00001708   0.00000000     0.00065884   0.00000000
   11   13
 -0.00000176   0.00000000    -0.00003528   0.00000000    -0.00030370   0.00000000
  0.00003528   0.00000000    -0.00002751   0.00000000     0.00004986   0.00000000
  0.00030370   0.00000000     0.00004986   0.00000000     0.00000169   0.00000000
   11   14
 -0.00002505   0.00000000     0.00008051   0.00000000    -0.00034176   0.00000000
 -0.00008051   0.00000000     0.00005441   0.00000000    -0.00065799   0.00000000
 -0.00034176   0.00000000     0.00065799   0.00000000     0.00002273   0.00000000
   11   15
 -0.00419448  -0.00000000    -0.00971957  -0.00000000     0.00079880   0.00000000
  0.00867920   0.00000000     0.01703409   0.00000000    -0.00012982  -0.00000000
  0.01517759   0.00000000     0.02567932   0.00000000    -0.00081714  -0.00000000
   11   16
 -0.00025573  -0.00000000     0.00017417   0.00000000    -0.00005793  -0.00000000
 -0.00065026  -0.00000000     0.00015788   0.00000000    -0.00008376  -0.00000000
 -0.00004639  -0.00000000     0.00016921   0.00000000    -0.00056810  -0.00000000
   11   17
  0.00001625   0.00000000     0.00031254   0.00000000     0.00075147   0.00000000
 -0.00013673  -0.00000000     0.00006087   0.00000000     0.00013342   0.00000000
  0.00012180   0.00000000     0.00009158   0.00000000    -0.00004330  -0.00000000
   11   18
  0.00002485   0.00000000     0.00028779   0.00000000    -0.00032972  -0.00000000
  0.00010303   0.00000000     0.00002346   0.00000000    -0.00040882  -0.00000000
 -0.00005699  -0.00000000     0.00003367   0.00000000    -0.00015604  -0.00000000
   11   19
  0.00024186  -0.00000000    -0.00016159   0.00000000    -0.00009391   0.00000000
  0.00063137  -0.00000000    -0.00012559   0.00000000    -0.00012691   0.00000000
 -0.00001561   0.00000000     0.00014582  -0.00000000     0.00058289  -0.00000000
   11   20
  0.00420035  -0.00000000     0.00972670  -0.00000000     0.00080441  -0.00000000
 -0.00867725   0.00000000    -0.01705899   0.00000000    -0.00011777   0.00000000
  0.01516363  -0.00000000     0.02567920  -0.00000000     0.00079834  -0.00000000
   11   21
 -0.00006578   0.00000000    -0.00034705   0.00000000    -0.00039039   0.00000000
 -0.00016622   0.00000000    -0.00013265   0.00000000    -0.00041372   0.00000000
 -0.00005548   0.00000000     0.00004394  -0.00000000     0.00012951  -0.00000000
   11   22
 -0.00001151   0.00000000    -0.00033694   0.00000000     0.00069133  -0.00000000
  0.00009904  -0.00000000    -0.00006789   0.00000000     0.00008248  -0.00000000
  0.00013821  -0.00000000     0.00009899  -0.00000000     0.00002487  -0.00000000
   12    1
  0.00004502   0.00000000    -0.00003667  -0.00000000    -0.00077717  -0.00000000
  0.00014006   0.00000000     0.00008691   0.00000000    -0.00022131  -0.00000000
 -0.00278429  -0.00000000    -0.00439810  -0.00000000    -0.00011229  -0.00000000
   12    2
 -0.00339465  -0.00000000     0.00140295   0.00000000     0.00007499   0.00000000
  0.00372651   0.00000000    -0.00120395  -0.00000000    -0.00015981  -0.00000000
  0.00007189   0.00000000     0.00002719   0.00000000     0.00348996   0.00000000
   12    3
 -0.00078652   0.00000000    -0.00032317   0.00000000     0.00000021   0.00000000
 -0.00037017   0.00000000    -0.00139419   0.00000000    -0.00003143   0.00000000
  0.00000213   0.00000000     0.00005218   0.00000000     0.00032728   0.00000000
   12    4
 -0.11868489   0.00000000    -0.11789040   0.00000000    -0.00006154   0.00000000
 -0.12003703   0.00000000    -0.26174765   0.00000000    -0.00008474   0.00000000
  0.00002545   0.00000000    -0.00005904   0.00000000    -0.05361756   0.00000000
   12    5
 -0.00001748   0.00000000     0.00006348   0.00000000     0.00028371   0.00000000
 -0.00008397   0.00000000    -0.00003062   0.00000000    -0.00009698   0.00000000
  0.00001886   0.00000000     0.00207236   0.00000000     0.00001359   0.00000000
   12    6
 -0.00004108   0.00000000    -0.00007076   0.00000000     0.00047220   0.00000000
 -0.00005616   0.00000000    -0.00002091   0.00000000    -0.00012014   0.00000000
 -0.00042326   0.00000000    -0.00019828   0.00000000    -0.00000508   0.00000000
   12    7
  0.00020973   0.00000000     0.00054005   0.00000000     0.00001675   0.00000000
  0.00077233   0.00000000    -0.00086256   0.00000000    -0.00000814   0.00000000
 -0.00000104   0.00000000     0.00001066   0.00000000     0.00012069   0.00000000
   12    8
 -0.01796484   0.00000000    -0.03121239   0.00000000    -0.00003687   0.00000000
  0.00304683   0.00000000     0.00403011   0.00000000    -0.00000524   0.00000000
  0.00000342   0.00000000     0.00000299   0.00000000    -0.00222077   0.00000000
   12    9
  0.00002325   0.00000000     0.00000412   0.00000000     0.00009873   0.00000000
  0.00000043   0.00000000    -0.00000802   0.00000000    -0.00033226   0.00000000
  0.00039647   0.00000000    -0.00038601   0.00000000    -0.00000231   0.00000000
   12   10
 -0.00001093   0.00000000     0.00000023   0.00000000    -0.00067681   0.00000000
  0.00002094   0.00000000     0.00001887   0.00000000    -0.00021734   0.00000000
 -0.00095774   0.00000000    -0.00021704   0.00000000     0.00000325   0.00000000
   12   11
  0.00023354   0.00000000    -0.00007697   0.00000000     0.00000653   0.00000000
 -0.00007697   0.00000000     0.00021114   0.00000000    -0.00001708   0.00000000
 -0.00000653   0.00000000     0.00001708   0.00000000     0.00065884   0.00000000
   12   12
  0.13383187   0.00000000     0.13675148   0.00000000    -0.00000452   0.00000000
  0.13675148   0.00000000     0.30139116   0.00000000    -0.00003004   0.00000000
 -0.00000452   0.00000000    -0.00003004   0.00000000     0.06206160   0.00000000
   12   13
 -0.00002505   0.00000000     0.00008051   0.00000000     0.00034176   0.00000000
 -0.00008051   0.00000000     0.00005441   0.00000000     0.00065799   0.00000000
  0.00034176   0.00000000    -0.00065799   0.00000000     0.00002273   0.00000000
   12   14
 -0.00000176   0.00000000    -0.00003528   0.00000000     0.00030370   0.00000000
  0.00003528   0.00000000    -0.00002751   0.00000000    -0.00004986   0.00000000
 -0.00030370   0.00000000    -0.00004986   0.00000000     0.00000169   0.00000000
   12   15
 -0.00025573  -0.00000000     0.00017417   0.00000000     0.00005793   0.00000000
 -0.00065026  -0.00000000     0.00015788   0.00000000     0.00008376   0.00000000
  0.00004639   0.00000000    -0.00016921  -0.00000000    -0.00056810  -0.00000000
   12   16
 -0.00419448  -0.00000000    -0.00971957  -0.00000000    -0.00079880  -0.00000000
  0.00867920   0.00000000     0.01703409   0.00000000     0.00012982   0.00000000
 -0.01517759  -0.00000000    -0.02567932  -0.00000000    -0.00081714  -0.00000000
   12   17
  0.00002485   0.00000000     0.00028779   0.00000000     0.00032972   0.00000000
  0.00010303   0.00000000     0.00002346   0.00000000     0.00040882   0.00000000
  0.00005699   0.00000000    -0.00003367  -0.00000000    -0.00015604  -0.00000000
   12   18
  0.00001625   0.00000000     0.00031254   0.00000000    -0.00075147  -0.00000000
 -0.00013673  -0.00000000     0.00006087   0.00000000    -0.00013342  -0.00000000
 -0.00012180  -0.00000000    -0.00009158  -0.00000000    -0.00004330  -0.00000000
   12   19
  0.00420035  -0.00000000     0.00972670  -0.00000000    -0.00080441   0.00000000
 -0.00867725   0.00000000    -0.01705899   0.00000000     0.00011777  -0.00000000
 -0.01516363   0.00000000    -0.02567920   0.00000000     0.00079834  -0.00000000
   12   20
  0.00024186  -0.00000000    -0.00016159   0.00000000     0.00009391  -0.00000000
  0.00063137  -0.00000000    -0.00012559   0.00000000     0.00012691  -0.00000000
  0.00001561  -0.00000000    -0.00014582   0.00000000     0.00058289  -0.00000000
   12   21
 -0.00001151   0.00000000    -0.00033694   0.00000000    -0.00069133   0.00000000
  0.00009904  -0.00000000    -0.00006789   0.00000000    -0.00008248   0.00000000
 -0.00013821   0.00000000    -0.00009899   0.00000000     0.00002487  -0.00000000
   12   22
 -0.00006578   0.00000000    -0.00034705   0.00000000     0.00039039  -0.00000000
 -0.00016622   0.00000000    -0.00013265   0.00000000     0.00041372  -0.00000000
  0.00005548  -0.00000000    -0.00004394   0.00000000     0.00012951  -0.00000000
   13    1
  0.00339465   0.00000000     0.00140295   0.00000000    -0.00007499  -0.00000000
  0.00372651   0.00000000     0.00120395   0.00000000    -0.00015981  -0.00000000
 -0.00007189  -0.00000000     0.00002719   0.00000000    -0.00348996  -0.00000000
   13    2
 -0.00004502  -0.00000000    -0.00003667  -0.00000000     0.00077717   0.00000000
  0.00014006   0.00000000    -0.00008691  -0.00000000    -0.00022131  -0.00000000
  0.00278429   0.00000000    -0.00439810  -0.00000000     0.00011229   0.00000000
   13    3
 -0.00004108   0.00000000     0.00007076   0.00000000     0.00047220   0.00000000
  0.00005616   0.00000000    -0.00002091   0.00000000     0.00012014   0.00000000
 -0.00042326   0.00000000     0.00019828   0.00000000    -0.00000508   0.00000000
   13    4
 -0.00001748   0.00000000    -0.00006348   0.00000000     0.00028371   0.00000000
  0.00008397   0.00000000    -0.00003062   0.00000000     0.00009698   0.00000000
  0.00001886   0.00000000    -0.00207236   0.00000000     0.00001359   0.00000000
   13    5
 -0.11868489   0.00000000     0.11789040   0.00000000    -0.00006154   0.00000000
  0.12003703   0.00000000    -0.26174765   0.00000000     0.00008474   0.00000000
  0.00002545   0.00000000     0.00005904   0.00000000    -0.05361756   0.00000000
   13    6
 -0.00078652   0.00000000     0.00032317   0.00000000     0.00000021   0.00000000
  0.00037017   0.00000000    -0.00139419   0.00000000     0.00003143   0.00000000
  0.00000213   0.00000000    -0.00005218   0.00000000     0.00032728   0.00000000
   13    7
 -0.00001093   0.00000000    -0.00000023   0.00000000    -0.00067681   0.00000000
 -0.00002094   0.00000000     0.00001887   0.00000000     0.00021734   0.00000000
 -0.00095774   0.00000000     0.00021704   0.00000000     0.00000325   0.00000000
   13    8
  0.00002325   0.00000000    -0.00000412   0.00000000     0.00009873   0.00000000
 -0.00000043   0.00000000    -0.00000802   0.00000000     0.00033226   0.00000000
  0.00039647   0.00000000     0.00038601   0.00000000    -0.00000231   0.00000000
   13    9
 -0.01796484   0.00000000     0.03121239   0.00000000    -0.00003687   0.00000000
 -0.00304683   0.00000000     0.00403011   0.00000000     0.00000524   0.00000000
  0.00000342   0.00000000    -0.00000299   0.00000000    -0.00222077   0.00000000
   13   10
  0.00020973   0.00000000    -0.00054005   0.00000000     0.00001675   0.00000000
 -0.00077233   0.00000000    -0.00086256   0.00000000     0.00000814   0.00000000
 -0.00000104   0.00000000    -0.00001066   0.00000000     0.00012069   0.00000000
   13   11
 -0.00000176   0.00000000     0.00003528   0.00000000     0.00030370   0.00000000
 -0.00003528   0.00000000    -0.00002751   0.00000000     0.00004986   0.00000000
 -0.00030370   0.00000000     0.00004986   0.00000000     0.00000169   0.00000000
   13   12
 -0.00002505   0.00000000    -0.00008051   0.00000000     0.00034176   0.00000000
  0.00008051   0.00000000     0.00005441   0.00000000    -0.00065799   0.00000000
  0.00034176   0.00000000     0.00065799   0.00000000     0.00002273   0.00000000
   13   13
  0.13383187   0.00000000    -0.13675148   0.00000000    -0.00000452   0.00000000
 -0.13675148   0.00000000     0.30139116   0.00000000     0.00003004   0.00000000
 -0.00000452   0.00000000     0.00003004   0.00000000     0.06206160   0.00000000
   13   14
  0.00023354   0.00000000     0.00007697   0.00000000     0.00000653   0.00000000
  0.00007697   0.00000000     0.00021114   0.00000000     0.00001708   0.00000000
 -0.00000653   0.00000000    -0.00001708   0.00000000     0.00065884   0.00000000
   13   15
 -0.00001625  -0.00000000     0.00031254   0.00000000     0.00075147   0.00000000
 -0.00013673  -0.00000000    -0.00006087  -0.00000000    -0.00013342  -0.00000000
  0.00012180   0.00000000    -0.00009158  -0.00000000     0.00004330   0.00000000
   13   16
 -0.00002485  -0.00000000     0.00028779   0.00000000    -0.00032972  -0.00000000
  0.00010303   0.00000000    -0.00002346  -0.00000000     0.00040882   0.00000000
 -0.00005699  -0.00000000    -0.00003367  -0.00000000     0.00015604   0.00000000
   13   17
  0.00419448   0.00000000    -0.00971957  -0.00000000     0.00079880   0.00000000
  0.00867920   0.00000000    -0.01703409  -0.00000000     0.00012982   0.00000000
  0.01517759   0.00000000    -0.02567932  -0.00000000     0.00081714   0.00000000
   13   18
  0.00025573   0.00000000     0.00017417   0.00000000    -0.00005793  -0.00000000
 -0.00065026  -0.00000000    -0.00015788  -0.00000000     0.00008376   0.00000000
 -0.00004639  -0.00000000    -0.00016921  -0.00000000     0.00056810   0.00000000
   13   19
 -0.00006578   0.00000000     0.00034705  -0.00000000     0.00039039  -0.00000000
  0.00016622  -0.00000000    -0.00013265   0.00000000    -0.00041372   0.00000000
  0.00005548  -0.00000000     0.00004394  -0.00000000     0.00012951  -0.00000000
   13   20
 -0.00001151   0.00000000     0.00033694  -0.00000000    -0.00069133   0.00000000
 -0.00009904   0.00000000    -0.00006789   0.00000000     0.00008248  -0.00000000
 -0.00013821   0.00000000     0.00009899  -0.00000000     0.00002487  -0.00000000
   13   21
  0.00024186  -0.00000000     0.00016159  -0.00000000     0.00009391  -0.00000000
 -0.00063137   0.00000000    -0.00012559   0.00000000    -0.00012691   0.00000000
  0.00001561  -0.00000000     0.00014582  -0.00000000     0.00058289  -0.00000000
   13   22
  0.00420035  -0.00000000    -0.00972670   0.00000000    -0.00080441   0.00000000
  0.00867725  -0.00000000    -0.01705899   0.00000000    -0.00011777   0.00000000
 -0.01516363   0.00000000     0.02567920  -0.00000000     0.00079834  -0.00000000
   14    1
  0.00339465   0.00000000     0.00140295   0.00000000     0.00007499   0.00000000
  0.00372651   0.00000000     0.00120395   0.00000000     0.00015981   0.00000000
  0.00007189   0.00000000    -0.00002719  -0.00000000    -0.00348996  -0.00000000
   14    2
 -0.00004502  -0.00000000    -0.00003667  -0.00000000    -0.00077717  -0.00000000
  0.00014006   0.00000000    -0.00008691  -0.00000000     0.00022131   0.00000000
 -0.00278429  -0.00000000     0.00439810   0.00000000     0.00011229   0.00000000
   14    3
 -0.00001748   0.00000000    -0.00006348   0.00000000    -0.00028371   0.00000000
  0.00008397   0.00000000    -0.00003062   0.00000000    -0.00009698   0.00000000
 -0.00001886   0.00000000     0.00207236   0.00000000     0.00001359   0.00000000
   14    4
 -0.00004108   0.00000000     0.00007076   0.00000000    -0.00047220   0.00000000
  0.00005616   0.00000000    -0.00002091   0.00000000    -0.00012014   0.00000000
  0.00042326   0.00000000    -0.00019828   0.00000000    -0.00000508   0.00000000
   14    5
 -0.00078652   0.00000000     0.00032317   0.00000000    -0.00000021   0.00000000
  0.00037017   0.00000000    -0.00139419   0.00000000    -0.00003143   0.00000000
 -0.00000213   0.00000000     0.00005218   0.00000000     0.00032728   0.00000000
   14    6
 -0.11868489   0.00000000     0.11789040   0.00000000     0.00006154   0.00000000
  0.12003703   0.00000000    -0.26174765   0.00000000    -0.00008474   0.00000000
 -0.00002545   0.00000000    -0.00005904   0.00000000    -0.05361756   0.00000000
   14    7
  0.00002325   0.00000000    -0.00000412   0.00000000    -0.00009873   0.00000000
 -0.00000043   0.00000000    -0.00000802   0.00000000    -0.00033226   0.00000000
 -0.00039647   0.00000000    -0.00038601   0.00000000    -0.00000231   0.00000000
   14    8
 -0.00001093   0.00000000    -0.00000023   0.00000000     0.00067681   0.00000000
 -0.00002094   0.00000000     0.00001887   0.00000000    -0.00021734   0.00000000
  0.00095774   0.00000000    -0.00021704   0.00000000     0.00000325   0.00000000
   14    9
  0.00020973   0.00000000    -0.00054005   0.00000000    -0.00001675   0.00000000
 -0.00077233   0.00000000    -0.00086256   0.00000000    -0.00000814   0.00000000
  0.00000104   0.00000000     0.00001066   0.00000000     0.00012069   0.00000000
   14   10
 -0.01796484   0.00000000     0.03121239   0.00000000     0.00003687   0.00000000
 -0.00304683   0.00000000     0.00403011   0.00000000    -0.00000524   0.00000000
 -0.00000342   0.00000000     0.00000299   0.00000000    -0.00222077   0.00000000
   14   11
 -0.00002505   0.00000000    -0.00008051   0.00000000    -0.00034176   0.00000000
  0.00008051   0.00000000     0.00005441   0.00000000     0.00065799   0.00000000
 -0.00034176   0.00000000    -0.00065799   0.00000000     0.00002273   0.00000000
   14   12
 -0.00000176   0.00000000     0.00003528   0.00000000    -0.00030370   0.00000000
 -0.00003528   0.00000000    -0.00002751   0.00000000    -0.00004986   0.00000000
  0.00030370   0.00000000    -0.00004986   0.00000000     0.00000169   0.00000000
   14   13
  0.00023354   0.00000000     0.00007697   0.00000000    -0.00000653   0.00000000
  0.00007697   0.00000000     0.00021114   0.00000000    -0.00001708   0.00000000
  0.00000653   0.00000000     0.00001708   0.00000000     0.00065884   0.00000000
   14   14
  0.13383187   0.00000000    -0.13675148   0.00000000     0.00000452   0.00000000
 -0.13675148   0.00000000     0.30139116   0.00000000    -0.00003004   0.00000000
  0.00000452   0.00000000    -0.00003004   0.00000000     0.06206160   0.00000000
   14   15
 -0.00002485  -0.00000000     0.00028779   0.00000000     0.00032972   0.00000000
  0.00010303   0.00000000    -0.00002346  -0.00000000    -0.00040882  -0.00000000
  0.00005699   0.00000000     0.00003367   0.00000000     0.00015604   0.00000000
   14   16
 -0.00001625  -0.00000000     0.00031254   0.00000000    -0.00075147  -0.00000000
 -0.00013673  -0.00000000    -0.00006087  -0.00000000     0.00013342   0.00000000
 -0.00012180  -0.00000000     0.00009158   0.00000000     0.00004330   0.00000000
   14   17
  0.00025573   0.00000000     0.00017417   0.00000000     0.00005793   0.00000000
 -0.00065026  -0.00000000    -0.00015788  -0.00000000    -0.00008376  -0.00000000
  0.00004639   0.00000000     0.00016921   0.00000000     0.00056810   0.00000000
   14   18
  0.00419448   0.00000000    -0.00971957  -0.00000000    -0.00079880  -0.00000000
  0.00867920   0.00000000    -0.01703409  -0.00000000    -0.00012982  -0.00000000
 -0.01517759  -0.00000000     0.02567932   0.00000000     0.00081714   0.00000000
   14   19
 -0.00001151   0.00000000     0.00033694  -0.00000000     0.00069133  -0.00000000
 -0.00009904   0.00000000    -0.00006789   0.00000000    -0.00008248   0.00000000
  0.00013821  -0.00000000    -0.00009899   0.00000000     0.00002487  -0.00000000
   14   20
 -0.00006578   0.00000000     0.00034705  -0.00000000    -0.00039039   0.00000000
  0.00016622  -0.00000000    -0.00013265   0.00000000     0.00041372  -0.00000000
 -0.00005548   0.00000000    -0.00004394   0.00000000     0.00012951  -0.00000000
   14   21
  0.00420035  -0.00000000    -0.00972670   0.00000000     0.00080441  -0.00000000
  0.00867725  -0.00000000    -0.01705899   0.00000000     0.00011777  -0.00000000
  0.01516363  -0.00000000    -0.02567920   0.00000000     0.00079834  -0.00000000
   14   22
  0.00024186  -0.00000000     0.00016159  -0.00000000    -0.00009391   0.00000000
 -0.00063137   0.00000000    -0.00012559   0.00000000     0.00012691  -0.00000000
 -0.00001561   0.00000000    -0.00014582   0.00000000     0.00058289  -0.00000000
   15    1
  0.00070043   0.00000000     0.00039801   0.00000000     0.00389222   0.00000000
  0.00132899   0.00000000    -0.00130523   0.00000000    -0.00751414   0.00000000
  0.00200453   0.00000000    -0.00406909   0.00000000    -0.00268949   0.00000000
   15    2
 -0.00338024   0.00000000     0.00169344   0.00000000    -0.00196698   0.00000000
  0.00095525   0.00000000     0.00015526   0.00000000    -0.00098492   0.00000000
 -0.00159037   0.00000000    -0.00022947   0.00000000    -0.00693636   0.00000000
   15    3
  0.06246058  -0.00000000    -0.03938445   0.00000000    -0.05496154   0.00000000
 -0.03888066   0.00000000     0.13000312  -0.00000000     0.12680960  -0.00000000
 -0.05498606   0.00000000     0.12766636  -0.00000000     0.25636108  -0.00000000
   15    4
  0.00105782  -0.00000000     0.00014747  -0.00000000     0.00014753  -0.00000000
  0.00005820  -0.00000000     0.00048317  -0.00000000    -0.00024291   0.00000000
 -0.00019443   0.00000000    -0.00020121   0.00000000    -0.00065562   0.00000000
   15    5
 -0.00022201   0.00000000     0.00011429  -0.00000000     0.00096685  -0.00000000
 -0.00027336   0.00000000    -0.00044684   0.00000000    -0.00066372   0.00000000
 -0.00057394   0.00000000    -0.00129323   0.00000000    -0.00042824   0.00000000
   15    6
 -0.00048775   0.00000000     0.00022764  -0.00000000     0.00015455  -0.00000000
  0.00058312  -0.00000000    -0.00051146   0.00000000    -0.00125537   0.00000000
  0.00046359  -0.00000000     0.00033961  -0.00000000    -0.00074366   0.00000000
   15    7
  0.00778888  -0.00000000    -0.01952708   0.00000000    -0.02997576   0.00000000
 -0.00122512   0.00000000     0.00389542  -0.00000000     0.00410234  -0.00000000
 -0.00057454   0.00000000    -0.00056450   0.00000000    -0.00094860   0.00000000
   15    8
 -0.00002748   0.00000000     0.00002477  -0.00000000     0.00017377  -0.00000000
 -0.00076055   0.00000000     0.00023944  -0.00000000     0.00002541  -0.00000000
 -0.00000305   0.00000000     0.00000810  -0.00000000    -0.00041024   0.00000000
   15    9
 -0.00037273   0.00000000     0.00021962  -0.00000000     0.00028134  -0.00000000
  0.00004298  -0.00000000    -0.00005925   0.00000000     0.00023420  -0.00000000
  0.00087295  -0.00000000     0.00003696  -0.00000000     0.00014445  -0.00000000
   15   10
 -0.00000014   0.00000000     0.00021741  -0.00000000     0.00013684  -0.00000000
  0.00026706  -0.00000000    -0.00006001   0.00000000     0.00004918  -0.00000000
  0.00040282  -0.00000000    -0.00020871   0.00000000     0.00007412  -0.00000000
   15   11
 -0.00419448   0.00000000     0.00867920  -0.00000000     0.01517759  -0.00000000
 -0.00971957   0.00000000     0.01703409  -0.00000000     0.02567932  -0.00000000
  0.00079880  -0.00000000    -0.00012982   0.00000000    -0.00081714   0.00000000
   15   12
 -0.00025573   0.00000000    -0.00065026   0.00000000     0.00004639  -0.00000000
  0.00017417  -0.00000000     0.00015788  -0.00000000    -0.00016921   0.00000000
  0.00005793  -0.00000000     0.00008376  -0.00000000    -0.00056810   0.00000000
   15   13
 -0.00001625   0.00000000    -0.00013673   0.00000000     0.00012180  -0.00000000
  0.00031254  -0.00000000    -0.00006087   0.00000000    -0.00009158   0.00000000
  0.00075147  -0.00000000    -0.00013342   0.00000000     0.00004330  -0.00000000
   15   14
 -0.00002485   0.00000000     0.00010303  -0.00000000     0.00005699  -0.00000000
  0.00028779  -0.00000000    -0.00002346   0.00000000     0.00003367  -0.00000000
  0.00032972  -0.00000000    -0.00040882   0.00000000     0.00015604  -0.00000000
   15   15
  0.07446450   0.00000000    -0.04634288   0.00000000    -0.06250626   0.00000000
 -0.04634288   0.00000000     0.14446083   0.00000000     0.14270666   0.00000000
 -0.06250626   0.00000000     0.14270666   0.00000000     0.28469026   0.00000000
   15   16
 -0.00010942   0.00000000     0.00041574   0.00000000    -0.00011676   0.00000000
  0.00041574   0.00000000    -0.00043657   0.00000000     0.00007246   0.00000000
  0.00011676   0.00000000    -0.00007246   0.00000000     0.00093173   0.00000000
   15   17
  0.00026372   0.00000000    -0.00002072   0.00000000    -0.00018122   0.00000000
  0.00002072   0.00000000    -0.00002424   0.00000000     0.00014141   0.00000000
  0.00018122   0.00000000     0.00014141   0.00000000     0.00057366   0.00000000
   15   18
  0.00004963   0.00000000     0.00008748   0.00000000     0.00005630   0.00000000
 -0.00008748   0.00000000     0.00002946   0.00000000     0.00012878   0.00000000
  0.00005630   0.00000000    -0.00012878   0.00000000     0.00013492   0.00000000
   15   19
 -0.00000433   0.00000000    -0.00035715   0.00000000     0.00015964  -0.00000000
 -0.00035270   0.00000000     0.00027681  -0.00000000    -0.00014692   0.00000000
  0.00008458  -0.00000000    -0.00009234   0.00000000    -0.00068264   0.00000000
   15   20
 -0.00134213   0.00000000     0.00618084  -0.00000000     0.00747993  -0.00000000
  0.00619841  -0.00000000    -0.01186401   0.00000000    -0.01648175   0.00000000
 -0.00749244   0.00000000     0.01648966  -0.00000000     0.02092956  -0.00000000
   15   21
  0.00002091  -0.00000000     0.00007581  -0.00000000     0.00024486  -0.00000000
  0.00002636  -0.00000000    -0.00000859   0.00000000     0.00021671  -0.00000000
  0.00023568  -0.00000000    -0.00023876   0.00000000     0.00002124  -0.00000000
   15   22
 -0.00000683   0.00000000     0.00018630  -0.00000000    -0.00026232   0.00000000
  0.00015746  -0.00000000    -0.00006674   0.00000000     0.00008580  -0.00000000
  0.00027438  -0.00000000     0.00011755  -0.00000000    -0.00003061   0.00000000
   16    1
  0.00070043   0.00000000     0.00039801   0.00000000    -0.00389222   0.00000000
  0.00132899   0.00000000    -0.00130523   0.00000000     0.00751414   0.00000000
 -0.00200453   0.00000000     0.00406909   0.00000000    -0.00268949   0.00000000
   16    2
 -0.00338024   0.00000000     0.00169344   0.00000000     0.00196698   0.00000000
  0.00095525   0.00000000     0.00015526   0.00000000     0.00098492   0.00000000
  0.00159037   0.00000000     0.00022947   0.00000000    -0.00693636   0.00000000
   16    3
  0.00105782  -0.00000000     0.00014747  -0.00000000    -0.00014753   0.00000000
  0.00005820  -0.00000000     0.00048317  -0.00000000     0.00024291  -0.00000000
  0.00019443  -0.00000000     0.00020121  -0.00000000    -0.00065562   0.00000000
   16    4
  0.06246058  -0.00000000    -0.03938445   0.00000000     0.05496154  -0.00000000
 -0.03888066   0.00000000     0.13000312  -0.00000000    -0.12680960   0.00000000
  0.05498606  -0.00000000    -0.12766636   0.00000000     0.25636108  -0.00000000
   16    5
 -0.00048775   0.00000000     0.00022764  -0.00000000    -0.00015455   0.00000000
  0.00058312  -0.00000000    -0.00051146   0.00000000     0.00125537  -0.00000000
 -0.00046359   0.00000000    -0.00033961   0.00000000    -0.00074366   0.00000000
   16    6
 -0.00022201   0.00000000     0.00011429  -0.00000000    -0.00096685   0.00000000
 -0.00027336   0.00000000    -0.00044684   0.00000000     0.00066372  -0.00000000
  0.00057394  -0.00000000     0.00129323  -0.00000000    -0.00042824   0.00000000
   16    7
 -0.00002748   0.00000000     0.00002477  -0.00000000    -0.00017377   0.00000000
 -0.00076055   0.00000000     0.00023944  -0.00000000    -0.00002541   0.00000000
  0.00000305  -0.00000000    -0.00000810   0.00000000    -0.00041024   0.00000000
   16    8
  0.00778888  -0.00000000    -0.01952708   0.00000000     0.02997576  -0.00000000
 -0.00122512   0.00000000     0.00389542  -0.00000000    -0.00410234   0.00000000
  0.00057454  -0.00000000     0.00056450  -0.00000000    -0.00094860   0.00000000
   16    9
 -0.00000014   0.00000000     0.00021741  -0.00000000    -0.00013684   0.00000000
  0.00026706  -0.00000000    -0.00006001   0.00000000    -0.00004918   0.00000000
 -0.00040282   0.00000000     0.00020871  -0.00000000     0.00007412  -0.00000000
   16   10
 -0.00037273   0.00000000     0.00021962  -0.00000000    -0.00028134   0.00000000
  0.00004298  -0.00000000    -0.00005925   0.00000000    -0.00023420   0.00000000
 -0.00087295   0.00000000    -0.00003696   0.00000000     0.00014445  -0.00000000
   16   11
 -0.00025573   0.00000000    -0.00065026   0.00000000    -0.00004639   0.00000000
  0.00017417  -0.00000000     0.00015788  -0.00000000     0.00016921  -0.00000000
 -0.00005793   0.00000000    -0.00008376   0.00000000    -0.00056810   0.00000000
   16   12
 -0.00419448   0.00000000     0.00867920  -0.00000000    -0.01517759   0.00000000
 -0.00971957   0.00000000     0.01703409  -0.00000000    -0.02567932   0.00000000
 -0.00079880   0.00000000     0.00012982  -0.00000000    -0.00081714   0.00000000
   16   13
 -0.00002485   0.00000000     0.00010303  -0.00000000    -0.00005699   0.00000000
  0.00028779  -0.00000000    -0.00002346   0.00000000    -0.00003367   0.00000000
 -0.00032972   0.00000000     0.00040882  -0.00000000     0.00015604  -0.00000000
   16   14
 -0.00001625   0.00000000    -0.00013673   0.00000000    -0.00012180   0.00000000
  0.00031254  -0.00000000    -0.00006087   0.00000000     0.00009158  -0.00000000
 -0.00075147   0.00000000     0.00013342  -0.00000000     0.00004330  -0.00000000
   16   15
 -0.00010942   0.00000000     0.00041574   0.00000000     0.00011676   0.00000000
  0.00041574   0.00000000    -0.00043657   0.00000000    -0.00007246   0.00000000
 -0.00011676   0.00000000     0.00007246   0.00000000     0.00093173   0.00000000
   16   16
  0.07446450   0.00000000    -0.04634288   0.00000000     0.06250626   0.00000000
 -0.04634288   0.00000000     0.14446083   0.00000000    -0.14270666   0.00000000
  0.06250626   0.00000000    -0.14270666   0.00000000     0.28469026   0.00000000
   16   17
  0.00004963   0.00000000     0.00008748   0.00000000    -0.00005630   0.00000000
 -0.00008748   0.00000000     0.00002946   0.00000000    -0.00012878   0.00000000
 -0.00005630   0.00000000     0.00012878   0.00000000     0.00013492   0.00000000
   16   18
  0.00026372   0.00000000    -0.00002072   0.00000000     0.00018122   0.00000000
  0.00002072   0.00000000    -0.00002424   0.00000000    -0.00014141   0.00000000
 -0.00018122   0.00000000    -0.00014141   0.00000000     0.00057366   0.00000000
   16   19
 -0.00134213   0.00000000     0.00618084  -0.00000000    -0.00747993   0.00000000
  0.00619841  -0.00000000    -0.01186401   0.00000000     0.01648175  -0.00000000
  0.00749244  -0.00000000    -0.01648966   0.00000000     0.02092956  -0.00000000
   16   20
 -0.00000433   0.00000000    -0.00035715   0.00000000    -0.00015964   0.00000000
 -0.00035270   0.00000000     0.00027681  -0.00000000     0.00014692  -0.00000000
 -0.00008458   0.00000000     0.00009234  -0.00000000    -0.00068264   0.00000000
   16   21
 -0.00000683   0.00000000     0.00018630  -0.00000000     0.00026232  -0.00000000
  0.00015746  -0.00000000    -0.00006674   0.00000000    -0.00008580   0.00000000
 -0.00027438   0.00000000    -0.00011755   0.00000000    -0.00003061   0.00000000
   16   22
  0.00002091  -0.00000000     0.00007581  -0.00000000    -0.00024486   0.00000000
  0.00002636  -0.00000000    -0.00000859   0.00000000    -0.00021671   0.00000000
 -0.00023568   0.00000000     0.00023876  -0.00000000     0.00002124  -0.00000000
   17    1
 -0.00338024   0.00000000    -0.00169344   0.00000000     0.00196698   0.00000000
 -0.00095525   0.00000000     0.00015526   0.00000000    -0.00098492   0.00000000
  0.00159037   0.00000000    -0.00022947   0.00000000    -0.00693636   0.00000000
   17    2
  0.00070043   0.00000000    -0.00039801   0.00000000    -0.00389222   0.00000000
 -0.00132899   0.00000000    -0.00130523   0.00000000    -0.00751414   0.00000000
 -0.00200453   0.00000000    -0.00406909   0.00000000    -0.00268949   0.00000000
   17    3
  0.00022201  -0.00000000     0.00011429  -0.00000000     0.00096685  -0.00000000
 -0.00027336   0.00000000     0.00044684  -0.00000000     0.00066372  -0.00000000
 -0.00057394   0.00000000     0.00129323  -0.00000000     0.00042824  -0.00000000
   17    4
  0.00048775  -0.00000000     0.00022764  -0.00000000     0.00015455  -0.00000000
  0.00058312  -0.00000000     0.00051146  -0.00000000     0.00125537  -0.00000000
  0.00046359  -0.00000000    -0.00033961   0.00000000     0.00074366  -0.00000000
   17    5
 -0.06246058   0.00000000    -0.03938445   0.00000000    -0.05496154   0.00000000
 -0.03888066   0.00000000    -0.13000312   0.00000000    -0.12680960   0.00000000
 -0.05498606   0.00000000    -0.12766636   0.00000000    -0.25636108   0.00000000
   17    6
 -0.00105782   0.00000000     0.00014747  -0.00000000     0.00014753  -0.00000000
  0.00005820  -0.00000000    -0.00048317   0.00000000     0.00024291  -0.00000000
 -0.00019443   0.00000000     0.00020121  -0.00000000     0.00065562  -0.00000000
   17    7
  0.00037273  -0.00000000     0.00021962  -0.00000000     0.00028134  -0.00000000
  0.00004298  -0.00000000     0.00005925  -0.00000000    -0.00023420   0.00000000
  0.00087295  -0.00000000    -0.00003696   0.00000000    -0.00014445   0.00000000
   17    8
  0.00000014  -0.00000000     0.00021741  -0.00000000     0.00013684  -0.00000000
  0.00026706  -0.00000000     0.00006001  -0.00000000    -0.00004918   0.00000000
  0.00040282  -0.00000000     0.00020871  -0.00000000    -0.00007412   0.00000000
   17    9
 -0.00778888   0.00000000    -0.01952708   0.00000000    -0.02997576   0.00000000
 -0.00122512   0.00000000    -0.00389542   0.00000000    -0.00410234   0.00000000
 -0.00057454   0.00000000     0.00056450  -0.00000000     0.00094860  -0.00000000
   17   10
  0.00002748  -0.00000000     0.00002477  -0.00000000     0.00017377  -0.00000000
 -0.00076055   0.00000000    -0.00023944   0.00000000    -0.00002541   0.00000000
 -0.00000305   0.00000000    -0.00000810   0.00000000     0.00041024  -0.00000000
   17   11
  0.00001625  -0.00000000    -0.00013673   0.00000000     0.00012180  -0.00000000
  0.00031254  -0.00000000     0.00006087  -0.00000000     0.00009158  -0.00000000
  0.00075147  -0.00000000     0.00013342  -0.00000000    -0.00004330   0.00000000
   17   12
  0.00002485  -0.00000000     0.00010303  -0.00000000     0.00005699  -0.00000000
  0.00028779  -0.00000000     0.00002346  -0.00000000    -0.00003367   0.00000000
  0.00032972  -0.00000000     0.00040882  -0.00000000    -0.00015604   0.00000000
   17   13
  0.00419448  -0.00000000     0.00867920  -0.00000000     0.01517759  -0.00000000
 -0.00971957   0.00000000    -0.01703409   0.00000000    -0.02567932   0.00000000
  0.00079880  -0.00000000     0.00012982  -0.00000000     0.00081714  -0.00000000
   17   14
  0.00025573  -0.00000000    -0.00065026   0.00000000     0.00004639  -0.00000000
  0.00017417  -0.00000000    -0.00015788   0.00000000     0.00016921  -0.00000000
  0.00005793  -0.00000000    -0.00008376   0.00000000     0.00056810  -0.00000000
   17   15
  0.00026372   0.00000000     0.00002072   0.00000000     0.00018122   0.00000000
 -0.00002072   0.00000000    -0.00002424   0.00000000     0.00014141   0.00000000
 -0.00018122   0.00000000     0.00014141   0.00000000     0.00057366   0.00000000
   17   16
  0.00004963   0.00000000    -0.00008748   0.00000000    -0.00005630   0.00000000
  0.00008748   0.00000000     0.00002946   0.00000000     0.00012878   0.00000000
 -0.00005630   0.00000000    -0.00012878   0.00000000     0.00013492   0.00000000
   17   17
  0.07446450   0.00000000     0.04634288   0.00000000     0.06250626   0.00000000
  0.04634288   0.00000000     0.14446083   0.00000000     0.14270666   0.00000000
  0.06250626   0.00000000     0.14270666   0.00000000     0.28469026   0.00000000
   17   18
 -0.00010942   0.00000000    -0.00041574   0.00000000     0.00011676   0.00000000
 -0.00041574   0.00000000    -0.00043657   0.00000000     0.00007246   0.00000000
 -0.00011676   0.00000000    -0.00007246   0.00000000     0.00093173   0.00000000
   17   19
 -0.00002091   0.00000000     0.00007581  -0.00000000     0.00024486  -0.00000000
  0.00002636  -0.00000000     0.00000859  -0.00000000    -0.00021671   0.00000000
  0.00023568  -0.00000000     0.00023876  -0.00000000    -0.00002124   0.00000000
   17   20
  0.00000683  -0.00000000     0.00018630  -0.00000000    -0.00026232   0.00000000
  0.00015746  -0.00000000     0.00006674  -0.00000000    -0.00008580   0.00000000
  0.00027438  -0.00000000    -0.00011755   0.00000000     0.00003061  -0.00000000
   17   21
  0.00000433  -0.00000000    -0.00035715   0.00000000     0.00015964  -0.00000000
 -0.00035270   0.00000000    -0.00027681   0.00000000     0.00014692  -0.00000000
  0.00008458  -0.00000000     0.00009234  -0.00000000     0.00068264  -0.00000000
   17   22
  0.00134213  -0.00000000     0.00618084  -0.00000000     0.00747993  -0.00000000
  0.00619841  -0.00000000     0.01186401  -0.00000000     0.01648175  -0.00000000
 -0.00749244   0.00000000    -0.01648966   0.00000000    -0.02092956   0.00000000
   18    1
 -0.00338024   0.00000000    -0.00169344   0.00000000    -0.00196698   0.00000000
 -0.00095525   0.00000000     0.00015526   0.00000000     0.00098492   0.00000000
 -0.00159037   0.00000000     0.00022947   0.00000000    -0.00693636   0.00000000
   18    2
  0.00070043   0.00000000    -0.00039801   0.00000000     0.00389222   0.00000000
 -0.00132899   0.00000000    -0.00130523   0.00000000     0.00751414   0.00000000
  0.00200453   0.00000000     0.00406909   0.00000000    -0.00268949   0.00000000
   18    3
  0.00048775  -0.00000000     0.00022764  -0.00000000    -0.00015455   0.00000000
  0.00058312  -0.00000000     0.00051146  -0.00000000    -0.00125537   0.00000000
 -0.00046359   0.00000000     0.00033961  -0.00000000     0.00074366  -0.00000000
   18    4
  0.00022201  -0.00000000     0.00011429  -0.00000000    -0.00096685   0.00000000
 -0.00027336   0.00000000     0.00044684  -0.00000000    -0.00066372   0.00000000
  0.00057394  -0.00000000    -0.00129323   0.00000000     0.00042824  -0.00000000
   18    5
 -0.00105782   0.00000000     0.00014747  -0.00000000    -0.00014753   0.00000000
  0.00005820  -0.00000000    -0.00048317   0.00000000    -0.00024291   0.00000000
  0.00019443  -0.00000000    -0.00020121   0.00000000     0.00065562  -0.00000000
   18    6
 -0.06246058   0.00000000    -0.03938445   0.00000000     0.05496154  -0.00000000
 -0.03888066   0.00000000    -0.13000312   0.00000000     0.12680960  -0.00000000
  0.05498606  -0.00000000     0.12766636  -0.00000000    -0.25636108   0.00000000
   18    7
  0.00000014  -0.00000000     0.00021741  -0.00000000    -0.00013684   0.00000000
  0.00026706  -0.00000000     0.00006001  -0.00000000     0.00004918  -0.00000000
 -0.00040282   0.00000000    -0.00020871   0.00000000    -0.00007412   0.00000000
   18    8
  0.00037273  -0.00000000     0.00021962  -0.00000000    -0.00028134   0.00000000
  0.00004298  -0.00000000     0.00005925  -0.00000000     0.00023420  -0.00000000
 -0.00087295   0.00000000     0.00003696  -0.00000000    -0.00014445   0.00000000
   18    9
  0.00002748  -0.00000000     0.00002477  -0.00000000    -0.00017377   0.00000000
 -0.00076055   0.00000000    -0.00023944   0.00000000     0.00002541  -0.00000000
  0.00000305  -0.00000000     0.00000810  -0.00000000     0.00041024  -0.00000000
   18   10
 -0.00778888   0.00000000    -0.01952708   0.00000000     0.02997576  -0.00000000
 -0.00122512   0.00000000    -0.00389542   0.00000000     0.00410234  -0.00000000
  0.00057454  -0.00000000    -0.00056450   0.00000000     0.00094860  -0.00000000
   18   11
  0.00002485  -0.00000000     0.00010303  -0.00000000    -0.00005699   0.00000000
  0.00028779  -0.00000000     0.00002346  -0.00000000     0.00003367  -0.00000000
 -0.00032972   0.00000000    -0.00040882   0.00000000    -0.00015604   0.00000000
   18   12
  0.00001625  -0.00000000    -0.00013673   0.00000000    -0.00012180   0.00000000
  0.00031254  -0.00000000     0.00006087  -0.00000000    -0.00009158   0.00000000
 -0.00075147   0.00000000    -0.00013342   0.00000000    -0.00004330   0.00000000
   18   13
  0.00025573  -0.00000000    -0.00065026   0.00000000    -0.00004639   0.00000000
  0.00017417  -0.00000000    -0.00015788   0.00000000    -0.00016921   0.00000000
 -0.00005793   0.00000000     0.00008376  -0.00000000     0.00056810  -0.00000000
   18   14
  0.00419448  -0.00000000     0.00867920  -0.00000000    -0.01517759   0.00000000
 -0.00971957   0.00000000    -0.01703409   0.00000000     0.02567932  -0.00000000
 -0.00079880   0.00000000    -0.00012982   0.00000000     0.00081714  -0.00000000
   18   15
  0.00004963   0.00000000    -0.00008748   0.00000000     0.00005630   0.00000000
  0.00008748   0.00000000     0.00002946   0.00000000    -0.00012878   0.00000000
  0.00005630   0.00000000     0.00012878   0.00000000     0.00013492   0.00000000
   18   16
  0.00026372   0.00000000     0.00002072   0.00000000    -0.00018122   0.00000000
 -0.00002072   0.00000000    -0.00002424   0.00000000    -0.00014141   0.00000000
  0.00018122   0.00000000    -0.00014141   0.00000000     0.00057366   0.00000000
   18   17
 -0.00010942   0.00000000    -0.00041574   0.00000000    -0.00011676   0.00000000
 -0.00041574   0.00000000    -0.00043657   0.00000000    -0.00007246   0.00000000
  0.00011676   0.00000000     0.00007246   0.00000000     0.00093173   0.00000000
   18   18
  0.07446450   0.00000000     0.04634288   0.00000000    -0.06250626   0.00000000
  0.04634288   0.00000000     0.14446083   0.00000000    -0.14270666   0.00000000
 -0.06250626   0.00000000    -0.14270666   0.00000000     0.28469026   0.00000000
   18   19
  0.00000683  -0.00000000     0.00018630  -0.00000000     0.00026232  -0.00000000
  0.00015746  -0.00000000     0.00006674  -0.00000000     0.00008580  -0.00000000
 -0.00027438   0.00000000     0.00011755  -0.00000000     0.00003061  -0.00000000
   18   20
 -0.00002091   0.00000000     0.00007581  -0.00000000    -0.00024486   0.00000000
  0.00002636  -0.00000000     0.00000859  -0.00000000     0.00021671  -0.00000000
 -0.00023568   0.00000000    -0.00023876   0.00000000    -0.00002124   0.00000000
   18   21
  0.00134213  -0.00000000     0.00618084  -0.00000000    -0.00747993   0.00000000
  0.00619841  -0.00000000     0.01186401  -0.00000000    -0.01648175   0.00000000
  0.00749244  -0.00000000     0.01648966  -0.00000000    -0.02092956   0.00000000
   18   22
  0.00000433  -0.00000000    -0.00035715   0.00000000    -0.00015964   0.00000000
 -0.00035270   0.00000000    -0.00027681   0.00000000    -0.00014692   0.00000000
 -0.00008458   0.00000000    -0.00009234   0.00000000     0.00068264  -0.00000000
   19    1
  0.00072224   0.00000000     0.00029157   0.00000000     0.00393437   0.00000000
  0.00107381   0.00000000    -0.00133275  -0.00000000    -0.00737244  -0.00000000
  0.00223200   0.00000000    -0.00412878  -0.00000000    -0.00287332  -0.00000000
   19    2
  0.00332206   0.00000000    -0.00178480  -0.00000000     0.00168892   0.00000000
 -0.00071497  -0.00000000    -0.00016305  -0.00000000     0.00047254   0.00000000
  0.00131342   0.00000000     0.00036902   0.00000000     0.00703352   0.00000000
   19    3
 -0.00104467  -0.00000000    -0.00012719  -0.00000000    -0.00007416  -0.00000000
 -0.00005165  -0.00000000    -0.00047295  -0.00000000     0.00027822   0.00000000
  0.00015087   0.00000000     0.00021703   0.00000000     0.00064055   0.00000000
   19    4
 -0.06249722  -0.00000000     0.03934732   0.00000000     0.05494120   0.00000000
  0.03893301   0.00000000    -0.12999247  -0.00000000    -0.12669779  -0.00000000
  0.05499884   0.00000000    -0.12766445  -0.00000000    -0.25629294  -0.00000000
   19    5
 -0.00056246  -0.00000000     0.00029931   0.00000000     0.00016194   0.00000000
  0.00067690   0.00000000    -0.00066220  -0.00000000    -0.00118662  -0.00000000
  0.00054940   0.00000000     0.00027570   0.00000000    -0.00079185  -0.00000000
   19    6
 -0.00017429  -0.00000000     0.00007489   0.00000000     0.00098112   0.00000000
 -0.00023163  -0.00000000    -0.00020945  -0.00000000    -0.00062872  -0.00000000
 -0.00055648  -0.00000000    -0.00119547  -0.00000000    -0.00049132  -0.00000000
   19    7
  0.00006538   0.00000000    -0.00004723  -0.00000000    -0.00011853  -0.00000000
  0.00071085   0.00000000    -0.00021681  -0.00000000    -0.00002606  -0.00000000
  0.00006229   0.00000000    -0.00003198  -0.00000000     0.00038614   0.00000000
   19    8
 -0.00776933  -0.00000000     0.01951737   0.00000000     0.02991714   0.00000000
  0.00125930   0.00000000    -0.00390184  -0.00000000    -0.00403865  -0.00000000
  0.00056454   0.00000000     0.00057074   0.00000000     0.00095778   0.00000000
   19    9
  0.00000648   0.00000000     0.00020517   0.00000000     0.00017071   0.00000000
  0.00025098   0.00000000    -0.00011196  -0.00000000     0.00007664   0.00000000
  0.00049455   0.00000000    -0.00021007  -0.00000000     0.00009122   0.00000000
   19   10
 -0.00035370  -0.00000000     0.00023639   0.00000000     0.00023943   0.00000000
 -0.00001079  -0.00000000    -0.00003023  -0.00000000     0.00027656   0.00000000
  0.00085150   0.00000000     0.00003454   0.00000000     0.00009471   0.00000000
   19   11
  0.00024186   0.00000000     0.00063137   0.00000000    -0.00001561  -0.00000000
 -0.00016159  -0.00000000    -0.00012559  -0.00000000     0.00014582   0.00000000
 -0.00009391  -0.00000000    -0.00012691  -0.00000000     0.00058289   0.00000000
   19   12
  0.00420035   0.00000000    -0.00867725  -0.00000000    -0.01516363  -0.00000000
  0.00972670   0.00000000    -0.01705899  -0.00000000    -0.02567920  -0.00000000
 -0.00080441  -0.00000000     0.00011777   0.00000000     0.00079834   0.00000000
   19   13
 -0.00006578  -0.00000000     0.00016622   0.00000000     0.00005548   0.00000000
  0.00034705   0.00000000    -0.00013265  -0.00000000     0.00004394   0.00000000
  0.00039039   0.00000000    -0.00041372  -0.00000000     0.00012951   0.00000000
   19   14
 -0.00001151  -0.00000000    -0.00009904  -0.00000000     0.00013821   0.00000000
  0.00033694   0.00000000    -0.00006789  -0.00000000    -0.00009899  -0.00000000
  0.00069133   0.00000000    -0.00008248  -0.00000000     0.00002487   0.00000000
   19   15
 -0.00000433  -0.00000000    -0.00035270  -0.00000000     0.00008458   0.00000000
 -0.00035715  -0.00000000     0.00027681   0.00000000    -0.00009234  -0.00000000
  0.00015964   0.00000000    -0.00014692  -0.00000000    -0.00068264  -0.00000000
   19   16
 -0.00134213  -0.00000000     0.00619841   0.00000000     0.00749244   0.00000000
  0.00618084   0.00000000    -0.01186401  -0.00000000    -0.01648966  -0.00000000
 -0.00747993  -0.00000000     0.01648175   0.00000000     0.02092956   0.00000000
   19   17
 -0.00002091  -0.00000000     0.00002636   0.00000000     0.00023568   0.00000000
  0.00007581   0.00000000     0.00000859   0.00000000     0.00023876   0.00000000
  0.00024486   0.00000000    -0.00021671  -0.00000000    -0.00002124  -0.00000000
   19   18
  0.00000683   0.00000000     0.00015746   0.00000000    -0.00027438  -0.00000000
  0.00018630   0.00000000     0.00006674   0.00000000     0.00011755   0.00000000
  0.00026232   0.00000000     0.00008580   0.00000000     0.00003061   0.00000000
   19   19
  0.07443287   0.00000000    -0.04631964   0.00000000    -0.06248817   0.00000000
 -0.04631964   0.00000000     0.14449965   0.00000000     0.14279442   0.00000000
 -0.06248817   0.00000000     0.14279442   0.00000000     0.28465172   0.00000000
   19   20
 -0.00011416   0.00000000     0.00045217   0.00000000    -0.00008212   0.00000000
  0.00045217   0.00000000    -0.00053252   0.00000000     0.00011856   0.00000000
  0.00008212   0.00000000    -0.00011856   0.00000000     0.00084731   0.00000000
   19   21
  0.00028259   0.00000000    -0.00003139   0.00000000    -0.00014806   0.00000000
  0.00003139   0.00000000     0.00008764   0.00000000     0.00014766   0.00000000
  0.00014806   0.00000000     0.00014766   0.00000000     0.00049011   0.00000000
   19   22
  0.00001287   0.00000000     0.00004090   0.00000000     0.00007652   0.00000000
 -0.00004090   0.00000000     0.00003175   0.00000000     0.00015686   0.00000000
  0.00007652   0.00000000    -0.00015686   0.00000000     0.00017174   0.00000000
   20    1
  0.00072224   0.00000000     0.00029157   0.00000000    -0.00393437  -0.00000000
  0.00107381   0.00000000    -0.00133275  -0.00000000     0.00737244   0.00000000
 -0.00223200  -0.00000000     0.00412878   0.00000000    -0.00287332  -0.00000000
   20    2
  0.00332206   0.00000000    -0.00178480  -0.00000000    -0.00168892  -0.00000000
 -0.00071497  -0.00000000    -0.00016305  -0.00000000    -0.00047254  -0.00000000
 -0.00131342  -0.00000000    -0.00036902  -0.00000000     0.00703352   0.00000000
   20    3
 -0.06249722  -0.00000000     0.03934732   0.00000000    -0.05494120  -0.00000000
  0.03893301   0.00000000    -0.12999247  -0.00000000     0.12669779   0.00000000
 -0.05499884  -0.00000000     0.12766445   0.00000000    -0.25629294  -0.00000000
   20    4
 -0.00104467  -0.00000000    -0.00012719  -0.00000000     0.00007416   0.00000000
 -0.00005165  -0.00000000    -0.00047295  -0.00000000    -0.00027822  -0.00000000
 -0.00015087  -0.00000000    -0.00021703  -0.00000000     0.00064055   0.00000000
   20    5
 -0.00017429  -0.00000000     0.00007489   0.00000000    -0.00098112  -0.00000000
 -0.00023163  -0.00000000    -0.00020945  -0.00000000     0.00062872   0.00000000
  0.00055648   0.00000000     0.00119547   0.00000000    -0.00049132  -0.00000000
   20    6
 -0.00056246  -0.00000000     0.00029931   0.00000000    -0.00016194  -0.00000000
  0.00067690   0.00000000    -0.00066220  -0.00000000     0.00118662   0.00000000
 -0.00054940  -0.00000000    -0.00027570  -0.00000000    -0.00079185  -0.00000000
   20    7
 -0.00776933  -0.00000000     0.01951737   0.00000000    -0.02991714  -0.00000000
  0.00125930   0.00000000    -0.00390184  -0.00000000     0.00403865   0.00000000
 -0.00056454  -0.00000000    -0.00057074  -0.00000000     0.00095778   0.00000000
   20    8
  0.00006538   0.00000000    -0.00004723  -0.00000000     0.00011853   0.00000000
  0.00071085   0.00000000    -0.00021681  -0.00000000     0.00002606   0.00000000
 -0.00006229  -0.00000000     0.00003198   0.00000000     0.00038614   0.00000000
   20    9
 -0.00035370  -0.00000000     0.00023639   0.00000000    -0.00023943  -0.00000000
 -0.00001079  -0.00000000    -0.00003023  -0.00000000    -0.00027656  -0.00000000
 -0.00085150  -0.00000000    -0.00003454  -0.00000000     0.00009471   0.00000000
   20   10
  0.00000648   0.00000000     0.00020517   0.00000000    -0.00017071  -0.00000000
  0.00025098   0.00000000    -0.00011196  -0.00000000    -0.00007664  -0.00000000
 -0.00049455  -0.00000000     0.00021007   0.00000000     0.00009122   0.00000000
   20   11
  0.00420035   0.00000000    -0.00867725  -0.00000000     0.01516363   0.00000000
  0.00972670   0.00000000    -0.01705899  -0.00000000     0.02567920   0.00000000
  0.00080441   0.00000000    -0.00011777  -0.00000000     0.00079834   0.00000000
   20   12
  0.00024186   0.00000000     0.00063137   0.00000000     0.00001561   0.00000000
 -0.00016159  -0.00000000    -0.00012559  -0.00000000    -0.00014582  -0.00000000
  0.00009391   0.00000000     0.00012691   0.00000000     0.00058289   0.00000000
   20   13
 -0.00001151  -0.00000000    -0.00009904  -0.00000000    -0.00013821  -0.00000000
  0.00033694   0.00000000    -0.00006789  -0.00000000     0.00009899   0.00000000
 -0.00069133  -0.00000000     0.00008248   0.00000000     0.00002487   0.00000000
   20   14
 -0.00006578  -0.00000000     0.00016622   0.00000000    -0.00005548  -0.00000000
  0.00034705   0.00000000    -0.00013265  -0.00000000    -0.00004394  -0.00000000
 -0.00039039  -0.00000000     0.00041372   0.00000000     0.00012951   0.00000000
   20   15
 -0.00134213  -0.00000000     0.00619841   0.00000000    -0.00749244  -0.00000000
  0.00618084   0.00000000    -0.01186401  -0.00000000     0.01648966   0.00000000
  0.00747993   0.00000000    -0.01648175  -0.00000000     0.02092956   0.00000000
   20   16
 -0.00000433  -0.00000000    -0.00035270  -0.00000000    -0.00008458  -0.00000000
 -0.00035715  -0.00000000     0.00027681   0.00000000     0.00009234   0.00000000
 -0.00015964  -0.00000000     0.00014692   0.00000000    -0.00068264  -0.00000000
   20   17
  0.00000683   0.00000000     0.00015746   0.00000000     0.00027438   0.00000000
  0.00018630   0.00000000     0.00006674   0.00000000    -0.00011755  -0.00000000
 -0.00026232  -0.00000000    -0.00008580  -0.00000000     0.00003061   0.00000000
   20   18
 -0.00002091  -0.00000000     0.00002636   0.00000000    -0.00023568  -0.00000000
  0.00007581   0.00000000     0.00000859   0.00000000    -0.00023876  -0.00000000
 -0.00024486  -0.00000000     0.00021671   0.00000000    -0.00002124  -0.00000000
   20   19
 -0.00011416   0.00000000     0.00045217   0.00000000     0.00008212   0.00000000
  0.00045217   0.00000000    -0.00053252   0.00000000    -0.00011856   0.00000000
 -0.00008212   0.00000000     0.00011856   0.00000000     0.00084731   0.00000000
   20   20
  0.07443287   0.00000000    -0.04631964   0.00000000     0.06248817   0.00000000
 -0.04631964   0.00000000     0.14449965   0.00000000    -0.14279442   0.00000000
  0.06248817   0.00000000    -0.14279442   0.00000000     0.28465172   0.00000000
   20   21
  0.00001287   0.00000000     0.00004090   0.00000000    -0.00007652   0.00000000
 -0.00004090   0.00000000     0.00003175   0.00000000    -0.00015686   0.00000000
 -0.00007652   0.00000000     0.00015686   0.00000000     0.00017174   0.00000000
   20   22
  0.00028259   0.00000000    -0.00003139   0.00000000     0.00014806   0.00000000
  0.00003139   0.00000000     0.00008764   0.00000000    -0.00014766   0.00000000
 -0.00014806   0.00000000    -0.00014766   0.00000000     0.00049011   0.00000000
   21    1
 -0.00332206  -0.00000000    -0.00178480  -0.00000000     0.00168892   0.00000000
 -0.00071497  -0.00000000     0.00016305   0.00000000    -0.00047254  -0.00000000
  0.00131342   0.00000000    -0.00036902  -0.00000000    -0.00703352  -0.00000000
   21    2
 -0.00072224  -0.00000000     0.00029157   0.00000000     0.00393437   0.00000000
  0.00107381   0.00000000     0.00133275   0.00000000     0.00737244   0.00000000
  0.00223200   0.00000000     0.00412878   0.00000000     0.00287332   0.00000000
   21    3
 -0.00056246  -0.00000000    -0.00029931  -0.00000000    -0.00016194  -0.00000000
 -0.00067690  -0.00000000    -0.00066220  -0.00000000    -0.00118662  -0.00000000
 -0.00054940  -0.00000000     0.00027570   0.00000000    -0.00079185  -0.00000000
   21    4
 -0.00017429  -0.00000000    -0.00007489  -0.00000000    -0.00098112  -0.00000000
  0.00023163   0.00000000    -0.00020945  -0.00000000    -0.00062872  -0.00000000
  0.00055648   0.00000000    -0.00119547  -0.00000000    -0.00049132  -0.00000000
   21    5
 -0.00104467  -0.00000000     0.00012719   0.00000000     0.00007416   0.00000000
  0.00005165   0.00000000    -0.00047295  -0.00000000     0.00027822   0.00000000
 -0.00015087  -0.00000000     0.00021703   0.00000000     0.00064055   0.00000000
   21    6
 -0.06249722  -0.00000000    -0.03934732  -0.00000000    -0.05494120  -0.00000000
 -0.03893301  -0.00000000    -0.12999247  -0.00000000    -0.12669779  -0.00000000
 -0.05499884  -0.00000000    -0.12766445  -0.00000000    -0.25629294  -0.00000000
   21    7
  0.00000648   0.00000000    -0.00020517  -0.00000000    -0.00017071  -0.00000000
 -0.00025098  -0.00000000    -0.00011196  -0.00000000     0.00007664   0.00000000
 -0.00049455  -0.00000000    -0.00021007  -0.00000000     0.00009122   0.00000000
   21    8
 -0.00035370  -0.00000000    -0.00023639  -0.00000000    -0.00023943  -0.00000000
  0.00001079   0.00000000    -0.00003023  -0.00000000     0.00027656   0.00000000
 -0.00085150  -0.00000000     0.00003454   0.00000000     0.00009471   0.00000000
   21    9
  0.00006538   0.00000000     0.00004723   0.00000000     0.00011853   0.00000000
 -0.00071085  -0.00000000    -0.00021681  -0.00000000    -0.00002606  -0.00000000
 -0.00006229  -0.00000000    -0.00003198  -0.00000000     0.00038614   0.00000000
   21   10
 -0.00776933  -0.00000000    -0.01951737  -0.00000000    -0.02991714  -0.00000000
 -0.00125930  -0.00000000    -0.00390184  -0.00000000    -0.00403865  -0.00000000
 -0.00056454  -0.00000000     0.00057074   0.00000000     0.00095778   0.00000000
   21   11
 -0.00006578  -0.00000000    -0.00016622  -0.00000000    -0.00005548  -0.00000000
 -0.00034705  -0.00000000    -0.00013265  -0.00000000     0.00004394   0.00000000
 -0.00039039  -0.00000000    -0.00041372  -0.00000000     0.00012951   0.00000000
   21   12
 -0.00001151  -0.00000000     0.00009904   0.00000000    -0.00013821  -0.00000000
 -0.00033694  -0.00000000    -0.00006789  -0.00000000    -0.00009899  -0.00000000
 -0.00069133  -0.00000000    -0.00008248  -0.00000000     0.00002487   0.00000000
   21   13
  0.00024186   0.00000000    -0.00063137  -0.00000000     0.00001561   0.00000000
  0.00016159   0.00000000    -0.00012559  -0.00000000     0.00014582   0.00000000
  0.00009391   0.00000000    -0.00012691  -0.00000000     0.00058289   0.00000000
   21   14
  0.00420035   0.00000000     0.00867725   0.00000000     0.01516363   0.00000000
 -0.00972670  -0.00000000    -0.01705899  -0.00000000    -0.02567920  -0.00000000
  0.00080441   0.00000000     0.00011777   0.00000000     0.00079834   0.00000000
   21   15
  0.00002091   0.00000000     0.00002636   0.00000000     0.00023568   0.00000000
  0.00007581   0.00000000    -0.00000859  -0.00000000    -0.00023876  -0.00000000
  0.00024486   0.00000000     0.00021671   0.00000000     0.00002124   0.00000000
   21   16
 -0.00000683  -0.00000000     0.00015746   0.00000000    -0.00027438  -0.00000000
  0.00018630   0.00000000    -0.00006674  -0.00000000    -0.00011755  -0.00000000
  0.00026232   0.00000000    -0.00008580  -0.00000000    -0.00003061  -0.00000000
   21   17
  0.00000433   0.00000000    -0.00035270  -0.00000000     0.00008458   0.00000000
 -0.00035715  -0.00000000    -0.00027681  -0.00000000     0.00009234   0.00000000
  0.00015964   0.00000000     0.00014692   0.00000000     0.00068264   0.00000000
   21   18
  0.00134213   0.00000000     0.00619841   0.00000000     0.00749244   0.00000000
  0.00618084   0.00000000     0.01186401   0.00000000     0.01648966   0.00000000
 -0.00747993  -0.00000000    -0.01648175  -0.00000000    -0.02092956  -0.00000000
   21   19
  0.00028259   0.00000000     0.00003139   0.00000000     0.00014806   0.00000000
 -0.00003139   0.00000000     0.00008764   0.00000000     0.00014766   0.00000000
 -0.00014806   0.00000000     0.00014766   0.00000000     0.00049011   0.00000000
   21   20
  0.00001287   0.00000000    -0.00004090   0.00000000    -0.00007652   0.00000000
  0.00004090   0.00000000     0.00003175   0.00000000     0.00015686   0.00000000
 -0.00007652   0.00000000    -0.00015686   0.00000000     0.00017174   0.00000000
   21   21
  0.07443287   0.00000000     0.04631964   0.00000000     0.06248817   0.00000000
  0.04631964   0.00000000     0.14449965   0.00000000     0.14279442   0.00000000
  0.06248817   0.00000000     0.14279442   0.00000000     0.28465172   0.00000000
   21   22
 -0.00011416   0.00000000    -0.00045217   0.00000000     0.00008212   0.00000000
 -0.00045217   0.00000000    -0.00053252   0.00000000     0.00011856   0.00000000
 -0.00008212   0.00000000    -0.00011856   0.00000000     0.00084731   0.00000000
   22    1
 -0.00332206  -0.00000000    -0.00178480  -0.00000000    -0.00168892  -0.00000000
 -0.00071497  -0.00000000     0.00016305   0.00000000     0.00047254   0.00000000
 -0.00131342  -0.00000000     0.00036902   0.00000000    -0.00703352  -0.00000000
   22    2
 -0.00072224  -0.00000000     0.00029157   0.00000000    -0.00393437  -0.00000000
  0.00107381   0.00000000     0.00133275   0.00000000    -0.00737244  -0.00000000
 -0.00223200  -0.00000000    -0.00412878  -0.00000000     0.00287332   0.00000000
   22    3
 -0.00017429  -0.00000000    -0.00007489  -0.00000000     0.00098112   0.00000000
  0.00023163   0.00000000    -0.00020945  -0.00000000     0.00062872   0.00000000
 -0.00055648  -0.00000000     0.00119547   0.00000000    -0.00049132  -0.00000000
   22    4
 -0.00056246  -0.00000000    -0.00029931  -0.00000000     0.00016194   0.00000000
 -0.00067690  -0.00000000    -0.00066220  -0.00000000     0.00118662   0.00000000
  0.00054940   0.00000000    -0.00027570  -0.00000000    -0.00079185  -0.00000000
   22    5
 -0.06249722  -0.00000000    -0.03934732  -0.00000000     0.05494120   0.00000000
 -0.03893301  -0.00000000    -0.12999247  -0.00000000     0.12669779   0.00000000
  0.05499884   0.00000000     0.12766445   0.00000000    -0.25629294  -0.00000000
   22    6
 -0.00104467  -0.00000000     0.00012719   0.00000000    -0.00007416  -0.00000000
  0.00005165   0.00000000    -0.00047295  -0.00000000    -0.00027822  -0.00000000
  0.00015087   0.00000000    -0.00021703  -0.00000000     0.00064055   0.00000000
   22    7
 -0.00035370  -0.00000000    -0.00023639  -0.00000000     0.00023943   0.00000000
  0.00001079   0.00000000    -0.00003023  -0.00000000    -0.00027656  -0.00000000
  0.00085150   0.00000000    -0.00003454  -0.00000000     0.00009471   0.00000000
   22    8
  0.00000648   0.00000000    -0.00020517  -0.00000000     0.00017071   0.00000000
 -0.00025098  -0.00000000    -0.00011196  -0.00000000    -0.00007664  -0.00000000
  0.00049455   0.00000000     0.00021007   0.00000000     0.00009122   0.00000000
   22    9
 -0.00776933  -0.00000000    -0.01951737  -0.00000000     0.02991714   0.00000000
 -0.00125930  -0.00000000    -0.00390184  -0.00000000     0.00403865   0.00000000
  0.00056454   0.00000000    -0.00057074  -0.00000000     0.00095778   0.00000000
   22   10
  0.00006538   0.00000000     0.00004723   0.00000000    -0.00011853  -0.00000000
 -0.00071085  -0.00000000    -0.00021681  -0.00000000     0.00002606   0.00000000
  0.00006229   0.00000000     0.00003198   0.00000000     0.00038614   0.00000000
   22   11
 -0.00001151  -0.00000000     0.00009904   0.00000000     0.00013821   0.00000000
 -0.00033694  -0.00000000    -0.00006789  -0.00000000     0.00009899   0.00000000
  0.00069133   0.00000000     0.00008248   0.00000000     0.00002487   0.00000000
   22   12
 -0.00006578  -0.00000000    -0.00016622  -0.00000000     0.00005548   0.00000000
 -0.00034705  -0.00000000    -0.00013265  -0.00000000    -0.00004394  -0.00000000
  0.00039039   0.00000000     0.00041372   0.00000000     0.00012951   0.00000000
   22   13
  0.00420035   0.00000000     0.00867725   0.00000000    -0.01516363  -0.00000000
 -0.00972670  -0.00000000    -0.01705899  -0.00000000     0.02567920   0.00000000
 -0.00080441  -0.00000000    -0.00011777  -0.00000000     0.00079834   0.00000000
   22   14
  0.00024186   0.00000000    -0.00063137  -0.00000000    -0.00001561  -0.00000000
  0.00016159   0.00000000    -0.00012559  -0.00000000    -0.00014582  -0.00000000
 -0.00009391  -0.00000000     0.00012691   0.00000000     0.00058289   0.00000000
   22   15
 -0.00000683  -0.00000000     0.00015746   0.00000000     0.00027438   0.00000000
  0.00018630   0.00000000    -0.00006674  -0.00000000     0.00011755   0.00000000
 -0.00026232  -0.00000000     0.00008580   0.00000000    -0.00003061  -0.00000000
   22   16
  0.00002091   0.00000000     0.00002636   0.00000000    -0.00023568  -0.00000000
  0.00007581   0.00000000    -0.00000859  -0.00000000     0.00023876   0.00000000
 -0.00024486  -0.00000000    -0.00021671  -0.00000000     0.00002124   0.00000000
   22   17
  0.00134213   0.00000000     0.00619841   0.00000000    -0.00749244  -0.00000000
  0.00618084   0.00000000     0.01186401   0.00000000    -0.01648966  -0.00000000
  0.00747993   0.00000000     0.01648175   0.00000000    -0.02092956  -0.00000000
   22   18
  0.00000433   0.00000000    -0.00035270  -0.00000000    -0.00008458  -0.00000000
 -0.00035715  -0.00000000    -0.00027681  -0.00000000    -0.00009234  -0.00000000
 -0.00015964  -0.00000000    -0.00014692  -0.00000000     0.00068264   0.00000000
   22   19
  0.00001287   0.00000000    -0.00004090   0.00000000     0.00007652   0.00000000
  0.00004090   0.00000000     0.00003175   0.00000000    -0.00015686   0.00000000
  0.00007652   0.00000000     0.00015686   0.00000000     0.00017174   0.00000000
   22   20
  0.00028259   0.00000000     0.00003139   0.00000000    -0.00014806   0.00000000
 -0.00003139   0.00000000     0.00008764   0.00000000    -0.00014766   0.00000000
  0.00014806   0.00000000    -0.00014766   0.00000000     0.00049011   0.00000000
   22   21
 -0.00011416   0.00000000    -0.00045217   0.00000000    -0.00008212   0.00000000
 -0.00045217   0.00000000    -0.00053252   0.00000000    -0.00011856   0.00000000
  0.00008212   0.00000000     0.00011856   0.00000000     0.00084731   0.00000000
   22   22
  0.07443287   0.00000000     0.04631964   0.00000000    -0.06248817   0.00000000
  0.04631964   0.00000000     0.14449965   0.00000000    -0.14279442   0.00000000
 -0.06248817   0.00000000    -0.14279442   0.00000000     0.28465172   0.00000000

     Diagonalizing the dynamical matrix

     q = (    0.000000000   0.000000000  -0.769875913 ) 

 **************************************************************************
     freq (    1) =       1.567800 [THz] =      52.296168 [cm-1]
 (  0.098094  0.000000 -0.414159  0.000000 -0.000000  0.000000 ) 
 ( -0.098094  0.000000 -0.414159  0.000000 -0.000000  0.000000 ) 
 ( -0.049350  0.000000 -0.034610  0.000000 -0.159032  0.000000 ) 
 ( -0.049350  0.000000 -0.034610  0.000000  0.159032  0.000000 ) 
 ( -0.049350  0.000000  0.034610  0.000000  0.159032  0.000000 ) 
 ( -0.049350  0.000000  0.034610  0.000000 -0.159032  0.000000 ) 
 ( -0.043889  0.000000  0.001075  0.000000 -0.195583  0.000000 ) 
 ( -0.043889  0.000000  0.001075  0.000000  0.195583  0.000000 ) 
 ( -0.043889  0.000000 -0.001075  0.000000  0.195583  0.000000 ) 
 ( -0.043889  0.000000 -0.001075  0.000000 -0.195583  0.000000 ) 
 ( -0.019561  0.000000 -0.050014  0.000000 -0.035223  0.000000 ) 
 ( -0.019561  0.000000 -0.050014  0.000000  0.035223  0.000000 ) 
 ( -0.019561  0.000000  0.050014  0.000000  0.035223  0.000000 ) 
 ( -0.019561  0.000000  0.050014  0.000000 -0.035223  0.000000 ) 
 ( -0.000223  0.000000 -0.017231  0.000000  0.166832  0.000000 ) 
 ( -0.000223  0.000000 -0.017231  0.000000 -0.166832  0.000000 ) 
 (  0.000223  0.000000 -0.017231  0.000000  0.166832  0.000000 ) 
 (  0.000223  0.000000 -0.017231  0.000000 -0.166832  0.000000 ) 
 ( -0.131984  0.000000 -0.106553  0.000000  0.171151  0.000000 ) 
 ( -0.131984  0.000000 -0.106553  0.000000 -0.171151  0.000000 ) 
 ( -0.131984  0.000000  0.106553  0.000000 -0.171151  0.000000 ) 
 ( -0.131984  0.000000  0.106553  0.000000  0.171151  0.000000 ) 
     freq (    2) =       1.627113 [THz] =      54.274652 [cm-1]
 ( -0.215760  0.000000  0.406438  0.000000 -0.000000  0.000000 ) 
 ( -0.215760  0.000000 -0.406438  0.000000 -0.000000  0.000000 ) 
 ( -0.018896  0.000000 -0.026988  0.000000  0.174759  0.000000 ) 
 ( -0.018896  0.000000 -0.026988  0.000000 -0.174759  0.000000 ) 
 (  0.018896  0.000000 -0.026988  0.000000  0.174759  0.000000 ) 
 (  0.018896  0.000000 -0.026988  0.000000 -0.174759  0.000000 ) 
 ( -0.022270  0.000000 -0.031760  0.000000  0.166734  0.000000 ) 
 ( -0.022270  0.000000 -0.031760  0.000000 -0.166734  0.000000 ) 
 (  0.022270  0.000000 -0.031760  0.000000  0.166734  0.000000 ) 
 (  0.022270  0.000000 -0.031760  0.000000 -0.166734  0.000000 ) 
 ( -0.030737  0.000000 -0.019845  0.000000  0.081111  0.000000 ) 
 ( -0.030737  0.000000 -0.019845  0.000000 -0.081111  0.000000 ) 
 (  0.030737  0.000000 -0.019845  0.000000  0.081111  0.000000 ) 
 (  0.030737  0.000000 -0.019845  0.000000 -0.081111  0.000000 ) 
 (  0.046864  0.000000  0.073007  0.000000 -0.185294  0.000000 ) 
 (  0.046864  0.000000  0.073007  0.000000  0.185294  0.000000 ) 
 (  0.046864  0.000000 -0.073007  0.000000  0.185294  0.000000 ) 
 (  0.046864  0.000000 -0.073007  0.000000 -0.185294  0.000000 ) 
 (  0.024713  0.000000  0.021575  0.000000 -0.179841  0.000000 ) 
 (  0.024713  0.000000  0.021575  0.000000  0.179841  0.000000 ) 
 ( -0.024713  0.000000  0.021575  0.000000 -0.179841  0.000000 ) 
 ( -0.024713  0.000000  0.021575  0.000000  0.179841  0.000000 ) 
     freq (    3) =       1.760159 [THz] =      58.712590 [cm-1]
 ( -0.310742  0.000000 -0.162273  0.000000  0.000000  0.000000 ) 
 ( -0.310742  0.000000  0.162273  0.000000  0.000000  0.000000 ) 
 (  0.114964  0.000000  0.042898  0.000000 -0.001437  0.000000 ) 
 (  0.114964  0.000000  0.042898  0.000000  0.001437  0.000000 ) 
 ( -0.114964  0.000000  0.042898  0.000000 -0.001437  0.000000 ) 
 ( -0.114964  0.000000  0.042898  0.000000  0.001437  0.000000 ) 
 (  0.084512  0.000000 -0.101919  0.000000 -0.102297  0.000000 ) 
 (  0.084512  0.000000 -0.101919  0.000000  0.102297  0.000000 ) 
 ( -0.084512  0.000000 -0.101919  0.000000 -0.102297  0.000000 ) 
 ( -0.084512  0.000000 -0.101919  0.000000  0.102297  0.000000 ) 
 ( -0.029684  0.000000  0.121213  0.000000  0.119926  0.000000 ) 
 ( -0.029684  0.000000  0.121213  0.000000 -0.119926  0.000000 ) 
 (  0.029684  0.000000  0.121213  0.000000  0.119926  0.000000 ) 
 (  0.029684  0.000000  0.121213  0.000000 -0.119926  0.000000 ) 
 ( -0.279966  0.000000 -0.149743  0.000000  0.021142  0.000000 ) 
 ( -0.279966  0.000000 -0.149743  0.000000 -0.021142  0.000000 ) 
 ( -0.279966  0.000000  0.149743  0.000000 -0.021142  0.000000 ) 
 ( -0.279966  0.000000  0.149743  0.000000  0.021142  0.000000 ) 
 (  0.116563  0.000000  0.016423  0.000000  0.020899  0.000000 ) 
 (  0.116563  0.000000  0.016423  0.000000 -0.020899  0.000000 ) 
 ( -0.116563  0.000000  0.016423  0.000000  0.020899  0.000000 ) 
 ( -0.116563  0.000000  0.016423  0.000000 -0.020899  0.000000 ) 
     freq (    4) =       1.762906 [THz] =      58.804203 [cm-1]
 (  0.351007  0.000000  0.079652  0.000000  0.000000  0.000000 ) 
 ( -0.351007  0.000000  0.079652  0.000000  0.000000  0.000000 ) 
 (  0.111233  0.000000  0.038751  0.000000 -0.026770  0.000000 ) 
 (  0.111233  0.000000  0.038751  0.000000  0.026770  0.000000 ) 
 (  0.111233  0.000000 -0.038751  0.000000  0.026770  0.000000 ) 
 (  0.111233  0.000000 -0.038751  0.000000 -0.026770  0.000000 ) 
 (  0.080511  0.000000 -0.104213  0.000000  0.080023  0.000000 ) 
 (  0.080511  0.000000 -0.104213  0.000000 -0.080023  0.000000 ) 
 (  0.080511  0.000000  0.104213  0.000000 -0.080023  0.000000 ) 
 (  0.080511  0.000000  0.104213  0.000000  0.080023  0.000000 ) 
 ( -0.033651  0.000000  0.117218  0.000000 -0.143996  0.000000 ) 
 ( -0.033651  0.000000  0.117218  0.000000  0.143996  0.000000 ) 
 ( -0.033651  0.000000 -0.117218  0.000000  0.143996  0.000000 ) 
 ( -0.033651  0.000000 -0.117218  0.000000 -0.143996  0.000000 ) 
 ( -0.114538  0.000000 -0.009533  0.000000  0.002552  0.000000 ) 
 ( -0.114538  0.000000 -0.009533  0.000000 -0.002552  0.000000 ) 
 (  0.114538  0.000000 -0.009533  0.000000  0.002552  0.000000 ) 
 (  0.114538  0.000000 -0.009533  0.000000 -0.002552  0.000000 ) 
 (  0.275130  0.000000  0.149545  0.000000  0.002048  0.000000 ) 
 (  0.275130  0.000000  0.149545  0.000000 -0.002048  0.000000 ) 
 (  0.275130  0.000000 -0.149545  0.000000 -0.002048  0.000000 ) 
 (  0.275130  0.000000 -0.149545  0.000000  0.002048  0.000000 ) 
     freq (    5) =       3.230594 [THz] =     107.761011 [cm-1]
 ( -0.000000  0.000000 -0.000000  0.000000  0.332207  0.000000 ) 
 ( -0.000000  0.000000 -0.000000  0.000000 -0.332207  0.000000 ) 
 (  0.061914  0.000000  0.175539  0.000000  0.067095  0.000000 ) 
 ( -0.061914  0.000000 -0.175539  0.000000  0.067095  0.000000 ) 
 ( -0.061914  0.000000  0.175539  0.000000  0.067095  0.000000 ) 
 (  0.061914  0.000000 -0.175539  0.000000  0.067095  0.000000 ) 
 (  0.055460  0.000000  0.122043  0.000000  0.032165  0.000000 ) 
 ( -0.055460  0.000000 -0.122043  0.000000  0.032165  0.000000 ) 
 ( -0.055460  0.000000  0.122043  0.000000  0.032165  0.000000 ) 
 (  0.055460  0.000000 -0.122043  0.000000  0.032165  0.000000 ) 
 (  0.021279  0.000000  0.188801  0.000000  0.059444  0.000000 ) 
 ( -0.021279  0.000000 -0.188801  0.000000  0.059444  0.000000 ) 
 ( -0.021279  0.000000  0.188801  0.000000  0.059444  0.000000 ) 
 (  0.021279  0.000000 -0.188801  0.000000  0.059444  0.000000 ) 
 ( -0.131837  0.000000 -0.124482  0.000000 -0.114231  0.000000 ) 
 (  0.131837  0.000000  0.124482  0.000000 -0.114231  0.000000 ) 
 ( -0.131837  0.000000  0.124482  0.000000  0.114231  0.000000 ) 
 (  0.131837  0.000000 -0.124482  0.000000  0.114231  0.000000 ) 
 ( -0.058306  0.000000 -0.196619  0.000000  0.095127  0.000000 ) 
 (  0.058306  0.000000  0.196619  0.000000  0.095127  0.000000 ) 
 (  0.058306  0.000000 -0.196619  0.000000  0.095127  0.000000 ) 
 ( -0.058306  0.000000  0.196619  0.000000  0.095127  0.000000 ) 
     freq (    6) =       3.262211 [THz] =     108.815637 [cm-1]
 (  0.000000  0.000000  0.000000  0.000000 -0.355982  0.000000 ) 
 (  0.000000  0.000000  0.000000  0.000000 -0.355982  0.000000 ) 
 ( -0.055206  0.000000 -0.178132  0.000000  0.067261  0.000000 ) 
 (  0.055206  0.000000  0.178132  0.000000  0.067261  0.000000 ) 
 ( -0.055206  0.000000  0.178132  0.000000 -0.067261  0.000000 ) 
 (  0.055206  0.000000 -0.178132  0.000000 -0.067261  0.000000 ) 
 ( -0.053946  0.000000 -0.155195  0.000000  0.029512  0.000000 ) 
 (  0.053946  0.000000  0.155195  0.000000  0.029512  0.000000 ) 
 ( -0.053946  0.000000  0.155195  0.000000 -0.029512  0.000000 ) 
 (  0.053946  0.000000 -0.155195  0.000000 -0.029512  0.000000 ) 
 ( -0.041274  0.000000 -0.175853  0.000000  0.070395  0.000000 ) 
 (  0.041274  0.000000  0.175853  0.000000  0.070395  0.000000 ) 
 ( -0.041274  0.000000  0.175853  0.000000 -0.070395  0.000000 ) 
 (  0.041274  0.000000 -0.175853  0.000000 -0.070395  0.000000 ) 
 (  0.028041  0.000000  0.178929  0.000000 -0.090061  0.000000 ) 
 ( -0.028041  0.000000 -0.178929  0.000000 -0.090061  0.000000 ) 
 ( -0.028041  0.000000  0.178929  0.000000 -0.090061  0.000000 ) 
 (  0.028041  0.000000 -0.178929  0.000000 -0.090061  0.000000 ) 
 (  0.113729  0.000000  0.123628  0.000000  0.112938  0.000000 ) 
 ( -0.113729  0.000000 -0.123628  0.000000  0.112938  0.000000 ) 
 (  0.113729  0.000000 -0.123628  0.000000 -0.112938  0.000000 ) 
 ( -0.113729  0.000000  0.123628  0.000000 -0.112938  0.000000 ) 
     freq (    7) =       4.658362 [THz] =     155.386229 [cm-1]
 ( -0.012228  0.000000 -0.009797  0.000000 -0.000000  0.000000 ) 
 (  0.012228  0.000000 -0.009797  0.000000 -0.000000  0.000000 ) 
 (  0.122032  0.000000  0.183848  0.000000  0.000370  0.000000 ) 
 (  0.122032  0.000000  0.183848  0.000000 -0.000370  0.000000 ) 
 (  0.122032  0.000000 -0.183848  0.000000 -0.000370  0.000000 ) 
 (  0.122032  0.000000 -0.183848  0.000000  0.000370  0.000000 ) 
 (  0.104258  0.000000  0.086007  0.000000  0.000967  0.000000 ) 
 (  0.104258  0.000000  0.086007  0.000000 -0.000967  0.000000 ) 
 (  0.104258  0.000000 -0.086007  0.000000 -0.000967  0.000000 ) 
 (  0.104258  0.000000 -0.086007  0.000000  0.000967  0.000000 ) 
 (  0.040861  0.000000  0.220963  0.000000 -0.019557  0.000000 ) 
 (  0.040861  0.000000  0.220963  0.000000  0.019557  0.000000 ) 
 (  0.040861  0.000000 -0.220963  0.000000  0.019557  0.000000 ) 
 (  0.040861  0.000000 -0.220963  0.000000 -0.019557  0.000000 ) 
 ( -0.150431  0.000000 -0.185772  0.000000 -0.010034  0.000000 ) 
 ( -0.150431  0.000000 -0.185772  0.000000  0.010034  0.000000 ) 
 (  0.150431  0.000000 -0.185772  0.000000 -0.010034  0.000000 ) 
 (  0.150431  0.000000 -0.185772  0.000000  0.010034  0.000000 ) 
 (  0.164334  0.000000  0.218304  0.000000 -0.011685  0.000000 ) 
 (  0.164334  0.000000  0.218304  0.000000  0.011685  0.000000 ) 
 (  0.164334  0.000000 -0.218304  0.000000  0.011685  0.000000 ) 
 (  0.164334  0.000000 -0.218304  0.000000 -0.011685  0.000000 ) 
     freq (    8) =       4.683500 [THz] =     156.224738 [cm-1]
 ( -0.011888  0.000000 -0.010311  0.000000  0.000000  0.000000 ) 
 ( -0.011888  0.000000  0.010311  0.000000 -0.000000  0.000000 ) 
 ( -0.123628  0.000000 -0.182862  0.000000  0.001186  0.000000 ) 
 ( -0.123628  0.000000 -0.182862  0.000000 -0.001186  0.000000 ) 
 (  0.123628  0.000000 -0.182862  0.000000  0.001186  0.000000 ) 
 (  0.123628  0.000000 -0.182862  0.000000 -0.001186  0.000000 ) 
 ( -0.105974  0.000000 -0.085746  0.000000  0.001766  0.000000 ) 
 ( -0.105974  0.000000 -0.085746  0.000000 -0.001766  0.000000 ) 
 (  0.105974  0.000000 -0.085746  0.000000  0.001766  0.000000 ) 
 (  0.105974  0.000000 -0.085746  0.000000 -0.001766  0.000000 ) 
 ( -0.043144  0.000000 -0.219536  0.000000 -0.022467  0.000000 ) 
 ( -0.043144  0.000000 -0.219536  0.000000  0.022467  0.000000 ) 
 (  0.043144  0.000000 -0.219536  0.000000 -0.022467  0.000000 ) 
 (  0.043144  0.000000 -0.219536  0.000000  0.022467  0.000000 ) 
 (  0.165977  0.000000  0.220650  0.000000 -0.014570  0.000000 ) 
 (  0.165977  0.000000  0.220650  0.000000  0.014570  0.000000 ) 
 (  0.165977  0.000000 -0.220650  0.000000  0.014570  0.000000 ) 
 (  0.165977  0.000000 -0.220650  0.000000 -0.014570  0.000000 ) 
 ( -0.150617  0.000000 -0.180842  0.000000 -0.012951  0.000000 ) 
 ( -0.150617  0.000000 -0.180842  0.000000  0.012951  0.000000 ) 
 (  0.150617  0.000000 -0.180842  0.000000 -0.012951  0.000000 ) 
 (  0.150617  0.000000 -0.180842  0.000000  0.012951  0.000000 ) 
     freq (    9) =       4.849294 [THz] =     161.755043 [cm-1]
 ( -0.000000  0.000000 -0.000000  0.000000  0.019525  0.000000 ) 
 ( -0.000000  0.000000 -0.000000  0.000000  0.019525  0.000000 ) 
 ( -0.129826  0.000000 -0.146712  0.000000 -0.006754  0.000000 ) 
 (  0.129826  0.000000  0.146712  0.000000 -0.006754  0.000000 ) 
 ( -0.129826  0.000000  0.146712  0.000000  0.006754  0.000000 ) 
 (  0.129826  0.000000 -0.146712  0.000000  0.006754  0.000000 ) 
 ( -0.103729  0.000000  0.015078  0.000000  0.006707  0.000000 ) 
 (  0.103729  0.000000 -0.015078  0.000000  0.006707  0.000000 ) 
 ( -0.103729  0.000000 -0.015078  0.000000 -0.006707  0.000000 ) 
 (  0.103729  0.000000  0.015078  0.000000 -0.006707  0.000000 ) 
 (  0.006841  0.000000 -0.215915  0.000000  0.003795  0.000000 ) 
 ( -0.006841  0.000000  0.215915  0.000000  0.003795  0.000000 ) 
 (  0.006841  0.000000  0.215915  0.000000 -0.003795  0.000000 ) 
 ( -0.006841  0.000000 -0.215915  0.000000 -0.003795  0.000000 ) 
 (  0.212171  0.000000  0.170925  0.000000  0.016473  0.000000 ) 
 ( -0.212171  0.000000 -0.170925  0.000000  0.016473  0.000000 ) 
 ( -0.212171  0.000000  0.170925  0.000000  0.016473  0.000000 ) 
 (  0.212171  0.000000 -0.170925  0.000000  0.016473  0.000000 ) 
 (  0.194660  0.000000  0.202048  0.000000 -0.021294  0.000000 ) 
 ( -0.194660  0.000000 -0.202048  0.000000 -0.021294  0.000000 ) 
 (  0.194660  0.000000 -0.202048  0.000000  0.021294  0.000000 ) 
 ( -0.194660  0.000000  0.202048  0.000000  0.021294  0.000000 ) 
     freq (   10) =       4.945723 [THz] =     164.971549 [cm-1]
 (  0.000000  0.000000  0.000000  0.000000  0.021724  0.000000 ) 
 (  0.000000  0.000000 -0.000000  0.000000 -0.021724  0.000000 ) 
 ( -0.142119  0.000000 -0.141475  0.000000  0.006483  0.000000 ) 
 (  0.142119  0.000000  0.141475  0.000000  0.006483  0.000000 ) 
 (  0.142119  0.000000 -0.141475  0.000000  0.006483  0.000000 ) 
 ( -0.142119  0.000000  0.141475  0.000000  0.006483  0.000000 ) 
 ( -0.116692  0.000000  0.012642  0.000000 -0.007546  0.000000 ) 
 (  0.116692  0.000000 -0.012642  0.000000 -0.007546  0.000000 ) 
 (  0.116692  0.000000  0.012642  0.000000 -0.007546  0.000000 ) 
 ( -0.116692  0.000000 -0.012642  0.000000 -0.007546  0.000000 ) 
 ( -0.013294  0.000000 -0.206441  0.000000 -0.006275  0.000000 ) 
 (  0.013294  0.000000  0.206441  0.000000 -0.006275  0.000000 ) 
 (  0.013294  0.000000 -0.206441  0.000000 -0.006275  0.000000 ) 
 ( -0.013294  0.000000  0.206441  0.000000 -0.006275  0.000000 ) 
 (  0.200590  0.000000  0.196280  0.000000 -0.022610  0.000000 ) 
 ( -0.200590  0.000000 -0.196280  0.000000 -0.022610  0.000000 ) 
 (  0.200590  0.000000 -0.196280  0.000000  0.022610  0.000000 ) 
 ( -0.200590  0.000000  0.196280  0.000000  0.022610  0.000000 ) 
 (  0.218484  0.000000  0.159727  0.000000  0.017889  0.000000 ) 
 ( -0.218484  0.000000 -0.159727  0.000000  0.017889  0.000000 ) 
 ( -0.218484  0.000000  0.159727  0.000000  0.017889  0.000000 ) 
 (  0.218484  0.000000 -0.159727  0.000000  0.017889  0.000000 ) 
     freq (   11) =       6.123820 [THz] =     204.268647 [cm-1]
 ( -0.003381  0.000000 -0.009963  0.000000 -0.000000  0.000000 ) 
 ( -0.003381  0.000000  0.009963  0.000000  0.000000  0.000000 ) 
 ( -0.165460  0.000000  0.105648  0.000000  0.085381  0.000000 ) 
 ( -0.165460  0.000000  0.105648  0.000000 -0.085381  0.000000 ) 
 (  0.165460  0.000000  0.105648  0.000000  0.085381  0.000000 ) 
 (  0.165460  0.000000  0.105648  0.000000 -0.085381  0.000000 ) 
 ( -0.175733  0.000000  0.029938  0.000000  0.071562  0.000000 ) 
 ( -0.175733  0.000000  0.029938  0.000000 -0.071562  0.000000 ) 
 (  0.175733  0.000000  0.029938  0.000000  0.071562  0.000000 ) 
 (  0.175733  0.000000  0.029938  0.000000 -0.071562  0.000000 ) 
 ( -0.242204  0.000000  0.148870  0.000000  0.038929  0.000000 ) 
 ( -0.242204  0.000000  0.148870  0.000000 -0.038929  0.000000 ) 
 (  0.242204  0.000000  0.148870  0.000000  0.038929  0.000000 ) 
 (  0.242204  0.000000  0.148870  0.000000 -0.038929  0.000000 ) 
 (  0.106483  0.000000 -0.089297  0.000000 -0.112074  0.000000 ) 
 (  0.106483  0.000000 -0.089297  0.000000  0.112074  0.000000 ) 
 (  0.106483  0.000000  0.089297  0.000000  0.112074  0.000000 ) 
 (  0.106483  0.000000  0.089297  0.000000 -0.112074  0.000000 ) 
 ( -0.097864  0.000000  0.176230  0.000000 -0.111215  0.000000 ) 
 ( -0.097864  0.000000  0.176230  0.000000  0.111215  0.000000 ) 
 (  0.097864  0.000000  0.176230  0.000000 -0.111215  0.000000 ) 
 (  0.097864  0.000000  0.176230  0.000000  0.111215  0.000000 ) 
     freq (   12) =       6.171697 [THz] =     205.865660 [cm-1]
 ( -0.004644  0.000000 -0.008979  0.000000 -0.000000  0.000000 ) 
 (  0.004644  0.000000 -0.008979  0.000000  0.000000  0.000000 ) 
 (  0.174191  0.000000 -0.108227  0.000000  0.068567  0.000000 ) 
 (  0.174191  0.000000 -0.108227  0.000000 -0.068567  0.000000 ) 
 (  0.174191  0.000000  0.108227  0.000000 -0.068567  0.000000 ) 
 (  0.174191  0.000000  0.108227  0.000000  0.068567  0.000000 ) 
 (  0.183775  0.000000 -0.033829  0.000000  0.052293  0.000000 ) 
 (  0.183775  0.000000 -0.033829  0.000000 -0.052293  0.000000 ) 
 (  0.183775  0.000000  0.033829  0.000000 -0.052293  0.000000 ) 
 (  0.183775  0.000000  0.033829  0.000000  0.052293  0.000000 ) 
 (  0.249957  0.000000 -0.150915  0.000000  0.035421  0.000000 ) 
 (  0.249957  0.000000 -0.150915  0.000000 -0.035421  0.000000 ) 
 (  0.249957  0.000000  0.150915  0.000000 -0.035421  0.000000 ) 
 (  0.249957  0.000000  0.150915  0.000000  0.035421  0.000000 ) 
 ( -0.110743  0.000000  0.167582  0.000000 -0.088690  0.000000 ) 
 ( -0.110743  0.000000  0.167582  0.000000  0.088690  0.000000 ) 
 (  0.110743  0.000000  0.167582  0.000000 -0.088690  0.000000 ) 
 (  0.110743  0.000000  0.167582  0.000000  0.088690  0.000000 ) 
 (  0.109590  0.000000 -0.103818  0.000000 -0.089605  0.000000 ) 
 (  0.109590  0.000000 -0.103818  0.000000  0.089605  0.000000 ) 
 (  0.109590  0.000000  0.103818  0.000000  0.089605  0.000000 ) 
 (  0.109590  0.000000  0.103818  0.000000 -0.089605  0.000000 ) 
     freq (   13) =       6.568996 [THz] =     219.118118 [cm-1]
 (  0.009699  0.000000 -0.013776  0.000000  0.000000  0.000000 ) 
 ( -0.009699  0.000000 -0.013776  0.000000 -0.000000  0.000000 ) 
 ( -0.063747  0.000000  0.040561  0.000000  0.210925  0.000000 ) 
 ( -0.063747  0.000000  0.040561  0.000000 -0.210925  0.000000 ) 
 ( -0.063747  0.000000 -0.040561  0.000000 -0.210925  0.000000 ) 
 ( -0.063747  0.000000 -0.040561  0.000000  0.210925  0.000000 ) 
 ( -0.057891  0.000000  0.056599  0.000000  0.145807  0.000000 ) 
 ( -0.057891  0.000000  0.056599  0.000000 -0.145807  0.000000 ) 
 ( -0.057891  0.000000 -0.056599  0.000000 -0.145807  0.000000 ) 
 ( -0.057891  0.000000 -0.056599  0.000000  0.145807  0.000000 ) 
 ( -0.049619  0.000000  0.034684  0.000000  0.174890  0.000000 ) 
 ( -0.049619  0.000000  0.034684  0.000000 -0.174890  0.000000 ) 
 ( -0.049619  0.000000 -0.034684  0.000000 -0.174890  0.000000 ) 
 ( -0.049619  0.000000 -0.034684  0.000000  0.174890  0.000000 ) 
 (  0.039608  0.000000  0.010049  0.000000 -0.245921  0.000000 ) 
 (  0.039608  0.000000  0.010049  0.000000  0.245921  0.000000 ) 
 ( -0.039608  0.000000  0.010049  0.000000 -0.245921  0.000000 ) 
 ( -0.039608  0.000000  0.010049  0.000000  0.245921  0.000000 ) 
 ( -0.093694  0.000000  0.083426  0.000000 -0.244354  0.000000 ) 
 ( -0.093694  0.000000  0.083426  0.000000  0.244354  0.000000 ) 
 ( -0.093694  0.000000 -0.083426  0.000000  0.244354  0.000000 ) 
 ( -0.093694  0.000000 -0.083426  0.000000 -0.244354  0.000000 ) 
     freq (   14) =       6.598100 [THz] =     220.088934 [cm-1]
 ( -0.010966  0.000000  0.012512  0.000000  0.000000  0.000000 ) 
 ( -0.010966  0.000000 -0.012512  0.000000  0.000000  0.000000 ) 
 ( -0.079457  0.000000  0.050127  0.000000 -0.205083  0.000000 ) 
 ( -0.079457  0.000000  0.050127  0.000000  0.205083  0.000000 ) 
 (  0.079457  0.000000  0.050127  0.000000 -0.205083  0.000000 ) 
 (  0.079457  0.000000  0.050127  0.000000  0.205083  0.000000 ) 
 ( -0.075132  0.000000  0.056696  0.000000 -0.140427  0.000000 ) 
 ( -0.075132  0.000000  0.056696  0.000000  0.140427  0.000000 ) 
 (  0.075132  0.000000  0.056696  0.000000 -0.140427  0.000000 ) 
 (  0.075132  0.000000  0.056696  0.000000  0.140427  0.000000 ) 
 ( -0.074082  0.000000  0.049591  0.000000 -0.178328  0.000000 ) 
 ( -0.074082  0.000000  0.049591  0.000000  0.178328  0.000000 ) 
 (  0.074082  0.000000  0.049591  0.000000 -0.178328  0.000000 ) 
 (  0.074082  0.000000  0.049591  0.000000  0.178328  0.000000 ) 
 (  0.103631  0.000000 -0.087358  0.000000  0.233685  0.000000 ) 
 (  0.103631  0.000000 -0.087358  0.000000 -0.233685  0.000000 ) 
 (  0.103631  0.000000  0.087358  0.000000 -0.233685  0.000000 ) 
 (  0.103631  0.000000  0.087358  0.000000  0.233685  0.000000 ) 
 ( -0.044974  0.000000  0.010722  0.000000  0.235652  0.000000 ) 
 ( -0.044974  0.000000  0.010722  0.000000 -0.235652  0.000000 ) 
 (  0.044974  0.000000  0.010722  0.000000  0.235652  0.000000 ) 
 (  0.044974  0.000000  0.010722  0.000000 -0.235652  0.000000 ) 
     freq (   15) =       6.829754 [THz] =     227.816068 [cm-1]
 ( -0.000000  0.000000 -0.000000  0.000000 -0.001338  0.000000 ) 
 (  0.000000  0.000000  0.000000  0.000000 -0.001338  0.000000 ) 
 ( -0.123123  0.000000  0.060461  0.000000  0.035645  0.000000 ) 
 (  0.123123  0.000000 -0.060461  0.000000  0.035645  0.000000 ) 
 ( -0.123123  0.000000 -0.060461  0.000000 -0.035645  0.000000 ) 
 (  0.123123  0.000000  0.060461  0.000000 -0.035645  0.000000 ) 
 ( -0.150905  0.000000 -0.143263  0.000000 -0.003708  0.000000 ) 
 (  0.150905  0.000000  0.143263  0.000000 -0.003708  0.000000 ) 
 ( -0.150905  0.000000  0.143263  0.000000  0.003708  0.000000 ) 
 (  0.150905  0.000000 -0.143263  0.000000  0.003708  0.000000 ) 
 ( -0.304831  0.000000  0.161873  0.000000  0.137131  0.000000 ) 
 (  0.304831  0.000000 -0.161873  0.000000  0.137131  0.000000 ) 
 ( -0.304831  0.000000 -0.161873  0.000000 -0.137131  0.000000 ) 
 (  0.304831  0.000000  0.161873  0.000000 -0.137131  0.000000 ) 
 ( -0.060764  0.000000 -0.204399  0.000000  0.003935  0.000000 ) 
 (  0.060764  0.000000  0.204399  0.000000  0.003935  0.000000 ) 
 (  0.060764  0.000000 -0.204399  0.000000  0.003935  0.000000 ) 
 ( -0.060764  0.000000  0.204399  0.000000  0.003935  0.000000 ) 
 (  0.037712  0.000000 -0.041998  0.000000 -0.000535  0.000000 ) 
 ( -0.037712  0.000000  0.041998  0.000000 -0.000535  0.000000 ) 
 (  0.037712  0.000000  0.041998  0.000000  0.000535  0.000000 ) 
 ( -0.037712  0.000000 -0.041998  0.000000  0.000535  0.000000 ) 
     freq (   16) =       6.916124 [THz] =     230.697060 [cm-1]
 (  0.000000  0.000000 -0.000000  0.000000 -0.002665  0.000000 ) 
 ( -0.000000  0.000000  0.000000  0.000000  0.002665  0.000000 ) 
 ( -0.112362  0.000000  0.063945  0.000000 -0.035194  0.000000 ) 
 (  0.112362  0.000000 -0.063945  0.000000 -0.035194  0.000000 ) 
 (  0.112362  0.000000  0.063945  0.000000 -0.035194  0.000000 ) 
 ( -0.112362  0.000000 -0.063945  0.000000 -0.035194  0.000000 ) 
 ( -0.141157  0.000000 -0.145085  0.000000  0.008164  0.000000 ) 
 (  0.141157  0.000000  0.145085  0.000000  0.008164  0.000000 ) 
 (  0.141157  0.000000 -0.145085  0.000000  0.008164  0.000000 ) 
 ( -0.141157  0.000000  0.145085  0.000000  0.008164  0.000000 ) 
 ( -0.297631  0.000000  0.167013  0.000000 -0.143255  0.000000 ) 
 (  0.297631  0.000000 -0.167013  0.000000 -0.143255  0.000000 ) 
 (  0.297631  0.000000  0.167013  0.000000 -0.143255  0.000000 ) 
 ( -0.297631  0.000000 -0.167013  0.000000 -0.143255  0.000000 ) 
 (  0.030207  0.000000 -0.041711  0.000000 -0.002573  0.000000 ) 
 ( -0.030207  0.000000  0.041711  0.000000 -0.002573  0.000000 ) 
 (  0.030207  0.000000  0.041711  0.000000  0.002573  0.000000 ) 
 ( -0.030207  0.000000 -0.041711  0.000000  0.002573  0.000000 ) 
 ( -0.076969  0.000000 -0.213036  0.000000  0.005897  0.000000 ) 
 (  0.076969  0.000000  0.213036  0.000000  0.005897  0.000000 ) 
 (  0.076969  0.000000 -0.213036  0.000000  0.005897  0.000000 ) 
 ( -0.076969  0.000000  0.213036  0.000000  0.005897  0.000000 ) 
     freq (   17) =       7.744141 [THz] =     258.316742 [cm-1]
 ( -0.000000  0.000000 -0.000000  0.000000  0.004418  0.000000 ) 
 ( -0.000000  0.000000 -0.000000  0.000000 -0.004418  0.000000 ) 
 ( -0.014126  0.000000  0.044278  0.000000 -0.156448  0.000000 ) 
 (  0.014126  0.000000 -0.044278  0.000000 -0.156448  0.000000 ) 
 (  0.014126  0.000000  0.044278  0.000000 -0.156448  0.000000 ) 
 ( -0.014126  0.000000 -0.044278  0.000000 -0.156448  0.000000 ) 
 (  0.013603  0.000000  0.213829  0.000000 -0.124936  0.000000 ) 
 ( -0.013603  0.000000 -0.213829  0.000000 -0.124936  0.000000 ) 
 ( -0.013603  0.000000  0.213829  0.000000 -0.124936  0.000000 ) 
 (  0.013603  0.000000 -0.213829  0.000000 -0.124936  0.000000 ) 
 (  0.137377  0.000000 -0.042690  0.000000 -0.040476  0.000000 ) 
 ( -0.137377  0.000000  0.042690  0.000000 -0.040476  0.000000 ) 
 ( -0.137377  0.000000 -0.042690  0.000000 -0.040476  0.000000 ) 
 (  0.137377  0.000000  0.042690  0.000000 -0.040476  0.000000 ) 
 (  0.101841  0.000000 -0.091668  0.000000  0.207622  0.000000 ) 
 ( -0.101841  0.000000  0.091668  0.000000  0.207622  0.000000 ) 
 (  0.101841  0.000000  0.091668  0.000000 -0.207622  0.000000 ) 
 ( -0.101841  0.000000 -0.091668  0.000000 -0.207622  0.000000 ) 
 (  0.130305  0.000000  0.115084  0.000000 -0.217712  0.000000 ) 
 ( -0.130305  0.000000 -0.115084  0.000000 -0.217712  0.000000 ) 
 ( -0.130305  0.000000  0.115084  0.000000 -0.217712  0.000000 ) 
 (  0.130305  0.000000 -0.115084  0.000000 -0.217712  0.000000 ) 
     freq (   18) =       7.861668 [THz] =     262.237011 [cm-1]
 ( -0.000000  0.000000 -0.000000  0.000000 -0.003541  0.000000 ) 
 (  0.000000  0.000000 -0.000000  0.000000 -0.003541  0.000000 ) 
 (  0.011782  0.000000 -0.041284  0.000000 -0.158205  0.000000 ) 
 ( -0.011782  0.000000  0.041284  0.000000 -0.158205  0.000000 ) 
 (  0.011782  0.000000  0.041284  0.000000  0.158205  0.000000 ) 
 ( -0.011782  0.000000 -0.041284  0.000000  0.158205  0.000000 ) 
 ( -0.016289  0.000000 -0.214391  0.000000 -0.123099  0.000000 ) 
 (  0.016289  0.000000  0.214391  0.000000 -0.123099  0.000000 ) 
 ( -0.016289  0.000000  0.214391  0.000000  0.123099  0.000000 ) 
 (  0.016289  0.000000 -0.214391  0.000000  0.123099  0.000000 ) 
 ( -0.142703  0.000000  0.047307  0.000000 -0.047850  0.000000 ) 
 (  0.142703  0.000000 -0.047307  0.000000 -0.047850  0.000000 ) 
 ( -0.142703  0.000000 -0.047307  0.000000  0.047850  0.000000 ) 
 (  0.142703  0.000000  0.047307  0.000000  0.047850  0.000000 ) 
 ( -0.125835  0.000000 -0.113155  0.000000  0.217004  0.000000 ) 
 (  0.125835  0.000000  0.113155  0.000000  0.217004  0.000000 ) 
 (  0.125835  0.000000 -0.113155  0.000000  0.217004  0.000000 ) 
 ( -0.125835  0.000000  0.113155  0.000000  0.217004  0.000000 ) 
 ( -0.104942  0.000000  0.083663  0.000000 -0.207621  0.000000 ) 
 (  0.104942  0.000000 -0.083663  0.000000 -0.207621  0.000000 ) 
 ( -0.104942  0.000000 -0.083663  0.000000  0.207621  0.000000 ) 
 (  0.104942  0.000000  0.083663  0.000000  0.207621  0.000000 ) 
     freq (   19) =       8.212958 [THz] =     273.954794 [cm-1]
 (  0.002284  0.000000  0.002238  0.000000  0.000000  0.000000 ) 
 (  0.002284  0.000000 -0.002238  0.000000  0.000000  0.000000 ) 
 ( -0.012387  0.000000  0.000611  0.000000  0.012631  0.000000 ) 
 ( -0.012387  0.000000  0.000611  0.000000 -0.012631  0.000000 ) 
 (  0.012387  0.000000  0.000611  0.000000  0.012631  0.000000 ) 
 (  0.012387  0.000000  0.000611  0.000000 -0.012631  0.000000 ) 
 ( -0.008921  0.000000  0.012966  0.000000 -0.079952  0.000000 ) 
 ( -0.008921  0.000000  0.012966  0.000000  0.079952  0.000000 ) 
 (  0.008921  0.000000  0.012966  0.000000 -0.079952  0.000000 ) 
 (  0.008921  0.000000  0.012966  0.000000  0.079952  0.000000 ) 
 ( -0.000706  0.000000 -0.006226  0.000000  0.292738  0.000000 ) 
 ( -0.000706  0.000000 -0.006226  0.000000 -0.292738  0.000000 ) 
 (  0.000706  0.000000 -0.006226  0.000000  0.292738  0.000000 ) 
 (  0.000706  0.000000 -0.006226  0.000000 -0.292738  0.000000 ) 
 ( -0.111444  0.000000 -0.225898  0.000000  0.093614  0.000000 ) 
 ( -0.111444  0.000000 -0.225898  0.000000 -0.093614  0.000000 ) 
 ( -0.111444  0.000000  0.225898  0.000000 -0.093614  0.000000 ) 
 ( -0.111444  0.000000  0.225898  0.000000  0.093614  0.000000 ) 
 ( -0.148901  0.000000 -0.232377  0.000000  0.094462  0.000000 ) 
 ( -0.148901  0.000000 -0.232377  0.000000 -0.094462  0.000000 ) 
 (  0.148901  0.000000 -0.232377  0.000000  0.094462  0.000000 ) 
 (  0.148901  0.000000 -0.232377  0.000000 -0.094462  0.000000 ) 
     freq (   20) =       8.238339 [THz] =     274.801417 [cm-1]
 (  0.002907  0.000000  0.002536  0.000000 -0.000000  0.000000 ) 
 ( -0.002907  0.000000  0.002536  0.000000 -0.000000  0.000000 ) 
 (  0.009016  0.000000  0.000348  0.000000  0.013005  0.000000 ) 
 (  0.009016  0.000000  0.000348  0.000000 -0.013005  0.000000 ) 
 (  0.009016  0.000000 -0.000348  0.000000 -0.013005  0.000000 ) 
 (  0.009016  0.000000 -0.000348  0.000000  0.013005  0.000000 ) 
 (  0.005154  0.000000 -0.014756  0.000000 -0.080789  0.000000 ) 
 (  0.005154  0.000000 -0.014756  0.000000  0.080789  0.000000 ) 
 (  0.005154  0.000000  0.014756  0.000000  0.080789  0.000000 ) 
 (  0.005154  0.000000  0.014756  0.000000 -0.080789  0.000000 ) 
 ( -0.005276  0.000000  0.008738  0.000000  0.293029  0.000000 ) 
 ( -0.005276  0.000000  0.008738  0.000000 -0.293029  0.000000 ) 
 ( -0.005276  0.000000 -0.008738  0.000000 -0.293029  0.000000 ) 
 ( -0.005276  0.000000 -0.008738  0.000000  0.293029  0.000000 ) 
 ( -0.149138  0.000000 -0.233755  0.000000  0.093449  0.000000 ) 
 ( -0.149138  0.000000 -0.233755  0.000000 -0.093449  0.000000 ) 
 (  0.149138  0.000000 -0.233755  0.000000  0.093449  0.000000 ) 
 (  0.149138  0.000000 -0.233755  0.000000 -0.093449  0.000000 ) 
 ( -0.113619  0.000000 -0.223397  0.000000  0.092569  0.000000 ) 
 ( -0.113619  0.000000 -0.223397  0.000000 -0.092569  0.000000 ) 
 ( -0.113619  0.000000  0.223397  0.000000 -0.092569  0.000000 ) 
 ( -0.113619  0.000000  0.223397  0.000000  0.092569  0.000000 ) 
     freq (   21) =       8.834429 [THz] =     294.684837 [cm-1]
 ( -0.000000  0.000000 -0.000000  0.000000 -0.002128  0.000000 ) 
 (  0.000000  0.000000 -0.000000  0.000000 -0.002128  0.000000 ) 
 ( -0.036235  0.000000  0.018449  0.000000 -0.036930  0.000000 ) 
 (  0.036235  0.000000 -0.018449  0.000000 -0.036930  0.000000 ) 
 ( -0.036235  0.000000 -0.018449  0.000000  0.036930  0.000000 ) 
 (  0.036235  0.000000  0.018449  0.000000  0.036930  0.000000 ) 
 ( -0.039978  0.000000 -0.022622  0.000000  0.055961  0.000000 ) 
 (  0.039978  0.000000  0.022622  0.000000  0.055961  0.000000 ) 
 ( -0.039978  0.000000  0.022622  0.000000 -0.055961  0.000000 ) 
 (  0.039978  0.000000 -0.022622  0.000000 -0.055961  0.000000 ) 
 ( -0.072320  0.000000  0.039363  0.000000 -0.304926  0.000000 ) 
 (  0.072320  0.000000 -0.039363  0.000000 -0.304926  0.000000 ) 
 ( -0.072320  0.000000 -0.039363  0.000000  0.304926  0.000000 ) 
 (  0.072320  0.000000  0.039363  0.000000  0.304926  0.000000 ) 
 (  0.135429  0.000000  0.191474  0.000000 -0.066907  0.000000 ) 
 ( -0.135429  0.000000 -0.191474  0.000000 -0.066907  0.000000 ) 
 ( -0.135429  0.000000  0.191474  0.000000 -0.066907  0.000000 ) 
 (  0.135429  0.000000 -0.191474  0.000000 -0.066907  0.000000 ) 
 ( -0.119269  0.000000 -0.252464  0.000000  0.067352  0.000000 ) 
 (  0.119269  0.000000  0.252464  0.000000  0.067352  0.000000 ) 
 ( -0.119269  0.000000  0.252464  0.000000 -0.067352  0.000000 ) 
 (  0.119269  0.000000 -0.252464  0.000000 -0.067352  0.000000 ) 
     freq (   22) =       8.864969 [THz] =     295.703535 [cm-1]
 (  0.000000  0.000000  0.000000  0.000000 -0.001091  0.000000 ) 
 (  0.000000  0.000000  0.000000  0.000000  0.001091  0.000000 ) 
 (  0.020217  0.000000  0.009073  0.000000 -0.014027  0.000000 ) 
 ( -0.020217  0.000000 -0.009073  0.000000 -0.014027  0.000000 ) 
 ( -0.020217  0.000000  0.009073  0.000000 -0.014027  0.000000 ) 
 (  0.020217  0.000000 -0.009073  0.000000 -0.014027  0.000000 ) 
 (  0.035467  0.000000  0.122980  0.000000  0.057041  0.000000 ) 
 ( -0.035467  0.000000 -0.122980  0.000000  0.057041  0.000000 ) 
 ( -0.035467  0.000000  0.122980  0.000000  0.057041  0.000000 ) 
 (  0.035467  0.000000 -0.122980  0.000000  0.057041  0.000000 ) 
 (  0.120475  0.000000 -0.048494  0.000000 -0.270036  0.000000 ) 
 ( -0.120475  0.000000  0.048494  0.000000 -0.270036  0.000000 ) 
 ( -0.120475  0.000000 -0.048494  0.000000 -0.270036  0.000000 ) 
 (  0.120475  0.000000  0.048494  0.000000 -0.270036  0.000000 ) 
 (  0.160568  0.000000  0.242391  0.000000 -0.092376  0.000000 ) 
 ( -0.160568  0.000000 -0.242391  0.000000 -0.092376  0.000000 ) 
 (  0.160568  0.000000 -0.242391  0.000000  0.092376  0.000000 ) 
 ( -0.160568  0.000000  0.242391  0.000000  0.092376  0.000000 ) 
 ( -0.060658  0.000000 -0.188436  0.000000  0.087374  0.000000 ) 
 (  0.060658  0.000000  0.188436  0.000000  0.087374  0.000000 ) 
 (  0.060658  0.000000 -0.188436  0.000000  0.087374  0.000000 ) 
 ( -0.060658  0.000000  0.188436  0.000000  0.087374  0.000000 ) 
     freq (   23) =       9.019353 [THz] =     300.853223 [cm-1]
 (  0.000000  0.000000  0.000000  0.000000  0.011444  0.000000 ) 
 (  0.000000  0.000000 -0.000000  0.000000 -0.011444  0.000000 ) 
 (  0.061225  0.000000 -0.102752  0.000000 -0.088074  0.000000 ) 
 ( -0.061225  0.000000  0.102752  0.000000 -0.088074  0.000000 ) 
 ( -0.061225  0.000000 -0.102752  0.000000 -0.088074  0.000000 ) 
 (  0.061225  0.000000  0.102752  0.000000 -0.088074  0.000000 ) 
 (  0.026888  0.000000 -0.312682  0.000000 -0.001673  0.000000 ) 
 ( -0.026888  0.000000  0.312682  0.000000 -0.001673  0.000000 ) 
 ( -0.026888  0.000000 -0.312682  0.000000 -0.001673  0.000000 ) 
 (  0.026888  0.000000  0.312682  0.000000 -0.001673  0.000000 ) 
 ( -0.125469  0.000000  0.004918  0.000000 -0.143217  0.000000 ) 
 (  0.125469  0.000000 -0.004918  0.000000 -0.143217  0.000000 ) 
 (  0.125469  0.000000  0.004918  0.000000 -0.143217  0.000000 ) 
 ( -0.125469  0.000000 -0.004918  0.000000 -0.143217  0.000000 ) 
 ( -0.113047  0.000000  0.066356  0.000000  0.090894  0.000000 ) 
 (  0.113047  0.000000 -0.066356  0.000000  0.090894  0.000000 ) 
 ( -0.113047  0.000000 -0.066356  0.000000 -0.090894  0.000000 ) 
 (  0.113047  0.000000  0.066356  0.000000 -0.090894  0.000000 ) 
 ( -0.249143  0.000000 -0.002512  0.000000 -0.074660  0.000000 ) 
 (  0.249143  0.000000  0.002512  0.000000 -0.074660  0.000000 ) 
 (  0.249143  0.000000 -0.002512  0.000000 -0.074660  0.000000 ) 
 ( -0.249143  0.000000  0.002512  0.000000 -0.074660  0.000000 ) 
     freq (   24) =       9.044701 [THz] =     301.698758 [cm-1]
 ( -0.000000  0.000000 -0.000000  0.000000 -0.010371  0.000000 ) 
 ( -0.000000  0.000000  0.000000  0.000000 -0.010371  0.000000 ) 
 ( -0.043688  0.000000  0.089630  0.000000 -0.067742  0.000000 ) 
 (  0.043688  0.000000 -0.089630  0.000000 -0.067742  0.000000 ) 
 ( -0.043688  0.000000 -0.089630  0.000000  0.067742  0.000000 ) 
 (  0.043688  0.000000  0.089630  0.000000  0.067742  0.000000 ) 
 ( -0.006722  0.000000  0.325183  0.000000 -0.025564  0.000000 ) 
 (  0.006722  0.000000 -0.325183  0.000000 -0.025564  0.000000 ) 
 ( -0.006722  0.000000 -0.325183  0.000000  0.025564  0.000000 ) 
 (  0.006722  0.000000  0.325183  0.000000  0.025564  0.000000 ) 
 (  0.165720  0.000000 -0.030904  0.000000  0.002845  0.000000 ) 
 ( -0.165720  0.000000  0.030904  0.000000  0.002845  0.000000 ) 
 (  0.165720  0.000000  0.030904  0.000000 -0.002845  0.000000 ) 
 ( -0.165720  0.000000 -0.030904  0.000000 -0.002845  0.000000 ) 
 (  0.188543  0.000000 -0.081505  0.000000  0.103210  0.000000 ) 
 ( -0.188543  0.000000  0.081505  0.000000  0.103210  0.000000 ) 
 ( -0.188543  0.000000 -0.081505  0.000000  0.103210  0.000000 ) 
 (  0.188543  0.000000  0.081505  0.000000  0.103210  0.000000 ) 
 (  0.173099  0.000000  0.058565  0.000000 -0.119623  0.000000 ) 
 ( -0.173099  0.000000 -0.058565  0.000000 -0.119623  0.000000 ) 
 (  0.173099  0.000000 -0.058565  0.000000  0.119623  0.000000 ) 
 ( -0.173099  0.000000  0.058565  0.000000  0.119623  0.000000 ) 
     freq (   25) =       9.476013 [THz] =     316.085755 [cm-1]
 ( -0.004048  0.000000 -0.002110  0.000000  0.000000  0.000000 ) 
 (  0.004048  0.000000 -0.002110  0.000000 -0.000000  0.000000 ) 
 (  0.000205  0.000000 -0.033016  0.000000  0.007950 -0.000000 ) 
 (  0.000205  0.000000 -0.033016  0.000000 -0.007950  0.000000 ) 
 (  0.000205  0.000000  0.033016 -0.000000 -0.007950  0.000000 ) 
 (  0.000205  0.000000  0.033016 -0.000000  0.007950  0.000000 ) 
 ( -0.044015  0.000000 -0.316371  0.000000 -0.037487  0.000000 ) 
 ( -0.044015  0.000000 -0.316371  0.000000  0.037487 -0.000000 ) 
 ( -0.044015  0.000000  0.316371 -0.000000  0.037487  0.000000 ) 
 ( -0.044015  0.000000  0.316371 -0.000000 -0.037487  0.000000 ) 
 ( -0.249239  0.000000  0.106424  0.000000 -0.008889  0.000000 ) 
 ( -0.249239  0.000000  0.106424  0.000000  0.008889 -0.000000 ) 
 ( -0.249239  0.000000 -0.106424  0.000000  0.008889 -0.000000 ) 
 ( -0.249239  0.000000 -0.106424  0.000000 -0.008889  0.000000 ) 
 ( -0.201652  0.000000 -0.024195  0.000000 -0.029169  0.000000 ) 
 ( -0.201652  0.000000 -0.024195  0.000000  0.029169  0.000000 ) 
 (  0.201652 -0.000000 -0.024195  0.000000 -0.029169  0.000000 ) 
 (  0.201652 -0.000000 -0.024195  0.000000  0.029169  0.000000 ) 
 (  0.141398  0.000000  0.089319 -0.000000 -0.042506  0.000000 ) 
 (  0.141398  0.000000  0.089319 -0.000000  0.042506 -0.000000 ) 
 (  0.141398  0.000000 -0.089319  0.000000  0.042506 -0.000000 ) 
 (  0.141398  0.000000 -0.089319  0.000000 -0.042506  0.000000 ) 
     freq (   26) =       9.486962 [THz] =     316.450996 [cm-1]
 (  0.004026  0.000000  0.002177  0.000000 -0.000000  0.000000 ) 
 (  0.004026 -0.000000 -0.002177  0.000000 -0.000000  0.000000 ) 
 (  0.000317 -0.000000 -0.033175  0.000000 -0.007545  0.000000 ) 
 (  0.000317 -0.000000 -0.033175  0.000000  0.007545  0.000000 ) 
 ( -0.000317  0.000000 -0.033175  0.000000 -0.007545  0.000000 ) 
 ( -0.000317  0.000000 -0.033175  0.000000  0.007545 -0.000000 ) 
 ( -0.043998  0.000000 -0.316822  0.000000  0.036858  0.000000 ) 
 ( -0.043998  0.000000 -0.316822  0.000000 -0.036858  0.000000 ) 
 (  0.043998  0.000000 -0.316822  0.000000  0.036858 -0.000000 ) 
 (  0.043998  0.000000 -0.316822  0.000000 -0.036858  0.000000 ) 
 ( -0.249501  0.000000  0.106490 -0.000000  0.006770  0.000000 ) 
 ( -0.249501  0.000000  0.106490 -0.000000 -0.006770  0.000000 ) 
 (  0.249501  0.000000  0.106490  0.000000  0.006770  0.000000 ) 
 (  0.249501  0.000000  0.106490  0.000000 -0.006770  0.000000 ) 
 ( -0.141907  0.000000 -0.086774  0.000000  0.040553 -0.000000 ) 
 ( -0.141907  0.000000 -0.086774  0.000000 -0.040553  0.000000 ) 
 ( -0.141907  0.000000  0.086774 -0.000000 -0.040553  0.000000 ) 
 ( -0.141907  0.000000  0.086774 -0.000000  0.040553 -0.000000 ) 
 (  0.201900 -0.000000  0.026753  0.000000  0.027074  0.000000 ) 
 (  0.201900 -0.000000  0.026753  0.000000 -0.027074  0.000000 ) 
 ( -0.201900  0.000000  0.026753  0.000000  0.027074  0.000000 ) 
 ( -0.201900  0.000000  0.026753  0.000000 -0.027074  0.000000 ) 
     freq (   27) =      12.120515 [THz] =     404.296875 [cm-1]
 (  0.001678  0.000000  0.002717  0.000000  0.000000  0.000000 ) 
 ( -0.001678  0.000000  0.002717  0.000000  0.000000  0.000000 ) 
 ( -0.000307  0.000000  0.004699  0.000000 -0.016473  0.000000 ) 
 ( -0.000307  0.000000  0.004699  0.000000  0.016473  0.000000 ) 
 ( -0.000307  0.000000 -0.004699  0.000000  0.016473  0.000000 ) 
 ( -0.000307  0.000000 -0.004699  0.000000 -0.016473  0.000000 ) 
 (  0.005820  0.000000  0.049045  0.000000 -0.302279  0.000000 ) 
 (  0.005820  0.000000  0.049045  0.000000  0.302279  0.000000 ) 
 (  0.005820  0.000000 -0.049045  0.000000  0.302279  0.000000 ) 
 (  0.005820  0.000000 -0.049045  0.000000 -0.302279  0.000000 ) 
 (  0.038125  0.000000 -0.016575  0.000000 -0.016973  0.000000 ) 
 (  0.038125  0.000000 -0.016575  0.000000  0.016973  0.000000 ) 
 (  0.038125  0.000000  0.016575  0.000000  0.016973  0.000000 ) 
 (  0.038125  0.000000  0.016575  0.000000 -0.016973  0.000000 ) 
 ( -0.196040  0.000000  0.122579  0.000000 -0.119184  0.000000 ) 
 ( -0.196040  0.000000  0.122579  0.000000  0.119184  0.000000 ) 
 (  0.196040  0.000000  0.122579  0.000000 -0.119184  0.000000 ) 
 (  0.196040  0.000000  0.122579  0.000000  0.119184  0.000000 ) 
 ( -0.247444  0.000000  0.105475  0.000000 -0.117719  0.000000 ) 
 ( -0.247444  0.000000  0.105475  0.000000  0.117719  0.000000 ) 
 ( -0.247444  0.000000 -0.105475  0.000000  0.117719  0.000000 ) 
 ( -0.247444  0.000000 -0.105475  0.000000 -0.117719  0.000000 ) 
     freq (   28) =      12.146566 [THz] =     405.165845 [cm-1]
 (  0.001704  0.000000  0.002372  0.000000 -0.000000  0.000000 ) 
 (  0.001704  0.000000 -0.002372  0.000000 -0.000000  0.000000 ) 
 ( -0.000140  0.000000 -0.003927  0.000000 -0.015865  0.000000 ) 
 ( -0.000140  0.000000 -0.003927  0.000000  0.015865  0.000000 ) 
 (  0.000140  0.000000 -0.003927  0.000000 -0.015865  0.000000 ) 
 (  0.000140  0.000000 -0.003927  0.000000  0.015865  0.000000 ) 
 ( -0.006013  0.000000 -0.047329  0.000000 -0.302360  0.000000 ) 
 ( -0.006013  0.000000 -0.047329  0.000000  0.302360  0.000000 ) 
 (  0.006013  0.000000 -0.047329  0.000000 -0.302360  0.000000 ) 
 (  0.006013  0.000000 -0.047329  0.000000  0.302360  0.000000 ) 
 ( -0.037403  0.000000  0.016661  0.000000 -0.015609  0.000000 ) 
 ( -0.037403  0.000000  0.016661  0.000000  0.015609  0.000000 ) 
 (  0.037403  0.000000  0.016661  0.000000 -0.015609  0.000000 ) 
 (  0.037403  0.000000  0.016661  0.000000  0.015609  0.000000 ) 
 ( -0.247027  0.000000  0.104370  0.000000 -0.118101  0.000000 ) 
 ( -0.247027  0.000000  0.104370  0.000000  0.118101  0.000000 ) 
 ( -0.247027  0.000000 -0.104370  0.000000  0.118101  0.000000 ) 
 ( -0.247027  0.000000 -0.104370  0.000000 -0.118101  0.000000 ) 
 ( -0.197461  0.000000  0.122458  0.000000 -0.119419  0.000000 ) 
 ( -0.197461  0.000000  0.122458  0.000000  0.119419  0.000000 ) 
 (  0.197461  0.000000  0.122458  0.000000 -0.119419  0.000000 ) 
 (  0.197461  0.000000  0.122458  0.000000  0.119419  0.000000 ) 
     freq (   29) =      12.315183 [THz] =     410.790281 [cm-1]
 ( -0.000000  0.000000 -0.000000  0.000000 -0.000785  0.000000 ) 
 (  0.000000  0.000000 -0.000000  0.000000 -0.000785  0.000000 ) 
 (  0.006174  0.000000 -0.003837  0.000000  0.021303  0.000000 ) 
 ( -0.006174  0.000000  0.003837  0.000000  0.021303  0.000000 ) 
 (  0.006174  0.000000  0.003837  0.000000 -0.021303  0.000000 ) 
 ( -0.006174  0.000000 -0.003837  0.000000 -0.021303  0.000000 ) 
 (  0.004063  0.000000 -0.020584  0.000000  0.311558  0.000000 ) 
 ( -0.004063  0.000000  0.020584  0.000000  0.311558  0.000000 ) 
 (  0.004063  0.000000  0.020584  0.000000 -0.311558  0.000000 ) 
 ( -0.004063  0.000000 -0.020584  0.000000 -0.311558  0.000000 ) 
 ( -0.009449  0.000000  0.005377  0.000000  0.010975  0.000000 ) 
 (  0.009449  0.000000 -0.005377  0.000000  0.010975  0.000000 ) 
 ( -0.009449  0.000000 -0.005377  0.000000 -0.010975  0.000000 ) 
 (  0.009449  0.000000  0.005377  0.000000 -0.010975  0.000000 ) 
 (  0.214220  0.000000 -0.107799  0.000000  0.111438  0.000000 ) 
 ( -0.214220  0.000000  0.107799  0.000000  0.111438  0.000000 ) 
 ( -0.214220  0.000000 -0.107799  0.000000  0.111438  0.000000 ) 
 (  0.214220  0.000000  0.107799  0.000000  0.111438  0.000000 ) 
 ( -0.242743  0.000000  0.104066  0.000000 -0.109832  0.000000 ) 
 (  0.242743  0.000000 -0.104066  0.000000 -0.109832  0.000000 ) 
 ( -0.242743  0.000000 -0.104066  0.000000  0.109832  0.000000 ) 
 (  0.242743  0.000000  0.104066  0.000000  0.109832  0.000000 ) 
     freq (   30) =      12.331009 [THz] =     411.318182 [cm-1]
 (  0.000000  0.000000  0.000000  0.000000 -0.000926  0.000000 ) 
 (  0.000000  0.000000 -0.000000  0.000000  0.000926  0.000000 ) 
 (  0.005958  0.000000 -0.003536  0.000000 -0.021212  0.000000 ) 
 ( -0.005958  0.000000  0.003536  0.000000 -0.021212  0.000000 ) 
 ( -0.005958  0.000000 -0.003536  0.000000 -0.021212  0.000000 ) 
 (  0.005958  0.000000  0.003536  0.000000 -0.021212  0.000000 ) 
 (  0.003727  0.000000 -0.020443  0.000000 -0.311212  0.000000 ) 
 ( -0.003727  0.000000  0.020443  0.000000 -0.311212  0.000000 ) 
 ( -0.003727  0.000000 -0.020443  0.000000 -0.311212  0.000000 ) 
 (  0.003727  0.000000  0.020443  0.000000 -0.311212  0.000000 ) 
 ( -0.009569  0.000000  0.005766  0.000000 -0.012090  0.000000 ) 
 (  0.009569  0.000000 -0.005766  0.000000 -0.012090  0.000000 ) 
 (  0.009569  0.000000  0.005766  0.000000 -0.012090  0.000000 ) 
 ( -0.009569  0.000000 -0.005766  0.000000 -0.012090  0.000000 ) 
 ( -0.242035  0.000000  0.104924  0.000000 -0.110364  0.000000 ) 
 (  0.242035  0.000000 -0.104924  0.000000 -0.110364  0.000000 ) 
 ( -0.242035  0.000000 -0.104924  0.000000  0.110364  0.000000 ) 
 (  0.242035  0.000000  0.104924  0.000000  0.110364  0.000000 ) 
 (  0.213940  0.000000 -0.108889  0.000000  0.112020  0.000000 ) 
 ( -0.213940  0.000000  0.108889  0.000000  0.112020  0.000000 ) 
 ( -0.213940  0.000000 -0.108889  0.000000  0.112020  0.000000 ) 
 (  0.213940  0.000000  0.108889  0.000000  0.112020  0.000000 ) 
     freq (   31) =      30.599045 [THz] =    1020.674267 [cm-1]
 (  0.000000  0.000000 -0.000000  0.000000  0.000043  0.000000 ) 
 ( -0.000000  0.000000 -0.000000  0.000000  0.000043  0.000000 ) 
 ( -0.044072  0.000000 -0.045726  0.000000  0.003665  0.000000 ) 
 (  0.044072  0.000000  0.045726  0.000000  0.003665  0.000000 ) 
 ( -0.044072  0.000000  0.045726  0.000000 -0.003665  0.000000 ) 
 (  0.044072  0.000000 -0.045726  0.000000 -0.003665  0.000000 ) 
 (  0.014581  0.000000  0.253400  0.000000 -0.015435  0.000000 ) 
 ( -0.014581  0.000000 -0.253400  0.000000 -0.015435  0.000000 ) 
 (  0.014581  0.000000 -0.253400  0.000000  0.015435  0.000000 ) 
 ( -0.014581  0.000000  0.253400  0.000000  0.015435  0.000000 ) 
 (  0.082249  0.000000 -0.088190  0.000000 -0.019247  0.000000 ) 
 ( -0.082249  0.000000  0.088190  0.000000 -0.019247  0.000000 ) 
 (  0.082249  0.000000  0.088190  0.000000  0.019247  0.000000 ) 
 ( -0.082249  0.000000 -0.088190  0.000000  0.019247  0.000000 ) 
 ( -0.212251  0.000000 -0.188392  0.000000  0.067026  0.000000 ) 
 (  0.212251  0.000000  0.188392  0.000000  0.067026  0.000000 ) 
 (  0.212251  0.000000 -0.188392  0.000000  0.067026  0.000000 ) 
 ( -0.212251  0.000000  0.188392  0.000000  0.067026  0.000000 ) 
 ( -0.220680  0.000000 -0.170792  0.000000  0.058942  0.000000 ) 
 (  0.220680  0.000000  0.170792  0.000000  0.058942  0.000000 ) 
 ( -0.220680  0.000000  0.170792  0.000000 -0.058942  0.000000 ) 
 (  0.220680  0.000000 -0.170792  0.000000 -0.058942  0.000000 ) 
     freq (   32) =      30.608379 [THz] =    1020.985616 [cm-1]
 (  0.000000  0.000000  0.000000  0.000000  0.000005  0.000000 ) 
 (  0.000000  0.000000  0.000000  0.000000 -0.000005  0.000000 ) 
 (  0.044321  0.000000  0.045308  0.000000  0.004309  0.000000 ) 
 ( -0.044321  0.000000 -0.045308  0.000000  0.004309  0.000000 ) 
 ( -0.044321  0.000000  0.045308  0.000000  0.004309  0.000000 ) 
 (  0.044321  0.000000 -0.045308  0.000000  0.004309  0.000000 ) 
 ( -0.014322  0.000000 -0.252597  0.000000 -0.016952  0.000000 ) 
 (  0.014322  0.000000  0.252597  0.000000 -0.016952  0.000000 ) 
 (  0.014322  0.000000 -0.252597  0.000000 -0.016952  0.000000 ) 
 ( -0.014322  0.000000  0.252597  0.000000 -0.016952  0.000000 ) 
 ( -0.083215  0.000000  0.088588  0.000000 -0.020770  0.000000 ) 
 (  0.083215  0.000000 -0.088588  0.000000 -0.020770  0.000000 ) 
 (  0.083215  0.000000  0.088588  0.000000 -0.020770  0.000000 ) 
 ( -0.083215  0.000000 -0.088588  0.000000 -0.020770  0.000000 ) 
 (  0.222077  0.000000  0.169444  0.000000 -0.057957  0.000000 ) 
 ( -0.222077  0.000000 -0.169444  0.000000 -0.057957  0.000000 ) 
 (  0.222077  0.000000 -0.169444  0.000000  0.057957  0.000000 ) 
 ( -0.222077  0.000000  0.169444  0.000000  0.057957  0.000000 ) 
 (  0.212484  0.000000  0.188443  0.000000 -0.066435  0.000000 ) 
 ( -0.212484  0.000000 -0.188443  0.000000 -0.066435  0.000000 ) 
 ( -0.212484  0.000000  0.188443  0.000000 -0.066435  0.000000 ) 
 (  0.212484  0.000000 -0.188443  0.000000 -0.066435  0.000000 ) 
     freq (   33) =      30.768854 [THz] =    1026.338493 [cm-1]
 ( -0.000105  0.000000 -0.000074  0.000000  0.000000  0.000000 ) 
 ( -0.000105  0.000000  0.000074  0.000000  0.000000  0.000000 ) 
 (  0.039013  0.000000  0.050127  0.000000 -0.003272  0.000000 ) 
 (  0.039013  0.000000  0.050127  0.000000  0.003272  0.000000 ) 
 ( -0.039013  0.000000  0.050127  0.000000 -0.003272  0.000000 ) 
 ( -0.039013  0.000000  0.050127  0.000000  0.003272  0.000000 ) 
 ( -0.019790  0.000000 -0.270570  0.000000  0.011166  0.000000 ) 
 ( -0.019790  0.000000 -0.270570  0.000000 -0.011166  0.000000 ) 
 (  0.019790  0.000000 -0.270570  0.000000  0.011166  0.000000 ) 
 (  0.019790  0.000000 -0.270570  0.000000 -0.011166  0.000000 ) 
 ( -0.057734  0.000000  0.076936  0.000000  0.018215  0.000000 ) 
 ( -0.057734  0.000000  0.076936  0.000000 -0.018215  0.000000 ) 
 (  0.057734  0.000000  0.076936  0.000000  0.018215  0.000000 ) 
 (  0.057734  0.000000  0.076936  0.000000 -0.018215  0.000000 ) 
 (  0.201922  0.000000  0.194599  0.000000 -0.078226  0.000000 ) 
 (  0.201922  0.000000  0.194599  0.000000  0.078226  0.000000 ) 
 (  0.201922  0.000000 -0.194599  0.000000  0.078226  0.000000 ) 
 (  0.201922  0.000000 -0.194599  0.000000 -0.078226  0.000000 ) 
 ( -0.201461  0.000000 -0.179355  0.000000  0.071626  0.000000 ) 
 ( -0.201461  0.000000 -0.179355  0.000000 -0.071626  0.000000 ) 
 (  0.201461  0.000000 -0.179355  0.000000  0.071626  0.000000 ) 
 (  0.201461  0.000000 -0.179355  0.000000 -0.071626  0.000000 ) 
     freq (   34) =      30.772304 [THz] =    1026.453561 [cm-1]
 (  0.000138  0.000000  0.000095  0.000000 -0.000000  0.000000 ) 
 ( -0.000138  0.000000  0.000095  0.000000 -0.000000  0.000000 ) 
 (  0.038510  0.000000  0.050606  0.000000  0.002969  0.000000 ) 
 (  0.038510  0.000000  0.050606  0.000000 -0.002969  0.000000 ) 
 (  0.038510  0.000000 -0.050606  0.000000 -0.002969  0.000000 ) 
 (  0.038510  0.000000 -0.050606  0.000000  0.002969  0.000000 ) 
 ( -0.020480  0.000000 -0.271633  0.000000 -0.009566  0.000000 ) 
 ( -0.020480  0.000000 -0.271633  0.000000  0.009566  0.000000 ) 
 ( -0.020480  0.000000  0.271633  0.000000  0.009566  0.000000 ) 
 ( -0.020480  0.000000  0.271633  0.000000 -0.009566  0.000000 ) 
 ( -0.055600  0.000000  0.075965  0.000000 -0.017564  0.000000 ) 
 ( -0.055600  0.000000  0.075965  0.000000  0.017564  0.000000 ) 
 ( -0.055600  0.000000 -0.075965  0.000000  0.017564  0.000000 ) 
 ( -0.055600  0.000000 -0.075965  0.000000 -0.017564  0.000000 ) 
 (  0.199061  0.000000  0.180461  0.000000 -0.073014  0.000000 ) 
 (  0.199061  0.000000  0.180461  0.000000  0.073014  0.000000 ) 
 ( -0.199061  0.000000  0.180461  0.000000 -0.073014  0.000000 ) 
 ( -0.199061  0.000000  0.180461  0.000000  0.073014  0.000000 ) 
 ( -0.201366  0.000000 -0.195255  0.000000  0.079285  0.000000 ) 
 ( -0.201366  0.000000 -0.195255  0.000000 -0.079285  0.000000 ) 
 ( -0.201366  0.000000  0.195255  0.000000 -0.079285  0.000000 ) 
 ( -0.201366  0.000000  0.195255  0.000000  0.079285  0.000000 ) 
     freq (   35) =      31.763356 [THz] =    1059.511519 [cm-1]
 ( -0.000123  0.000000 -0.000038  0.000000 -0.000000  0.000000 ) 
 (  0.000123  0.000000 -0.000038  0.000000  0.000000  0.000000 ) 
 (  0.051875  0.000000 -0.044359  0.000000 -0.000837  0.000000 ) 
 (  0.051875  0.000000 -0.044359  0.000000  0.000837  0.000000 ) 
 (  0.051875  0.000000  0.044359  0.000000  0.000837  0.000000 ) 
 (  0.051875  0.000000  0.044359  0.000000 -0.000837  0.000000 ) 
 (  0.064034  0.000000  0.165416  0.000000 -0.005571  0.000000 ) 
 (  0.064034  0.000000  0.165416  0.000000  0.005571  0.000000 ) 
 (  0.064034  0.000000 -0.165416  0.000000  0.005571  0.000000 ) 
 (  0.064034  0.000000 -0.165416  0.000000 -0.005571  0.000000 ) 
 ( -0.289928  0.000000  0.153966  0.000000  0.015849  0.000000 ) 
 ( -0.289928  0.000000  0.153966  0.000000 -0.015849  0.000000 ) 
 ( -0.289928  0.000000 -0.153966  0.000000 -0.015849  0.000000 ) 
 ( -0.289928  0.000000 -0.153966  0.000000  0.015849  0.000000 ) 
 (  0.181858  0.000000 -0.069892  0.000000  0.127454  0.000000 ) 
 (  0.181858  0.000000 -0.069892  0.000000 -0.127454  0.000000 ) 
 ( -0.181858  0.000000 -0.069892  0.000000  0.127454  0.000000 ) 
 ( -0.181858  0.000000 -0.069892  0.000000 -0.127454  0.000000 ) 
 ( -0.167114  0.000000  0.083797  0.000000 -0.129155  0.000000 ) 
 ( -0.167114  0.000000  0.083797  0.000000  0.129155  0.000000 ) 
 ( -0.167114  0.000000 -0.083797  0.000000  0.129155  0.000000 ) 
 ( -0.167114  0.000000 -0.083797  0.000000 -0.129155  0.000000 ) 
     freq (   36) =      31.765817 [THz] =    1059.593593 [cm-1]
 (  0.000093  0.000000  0.000066  0.000000 -0.000000  0.000000 ) 
 (  0.000093  0.000000 -0.000066  0.000000 -0.000000  0.000000 ) 
 (  0.051432  0.000000 -0.044858  0.000000 -0.001387  0.000000 ) 
 (  0.051432  0.000000 -0.044858  0.000000  0.001387  0.000000 ) 
 ( -0.051432  0.000000 -0.044858  0.000000 -0.001387  0.000000 ) 
 ( -0.051432  0.000000 -0.044858  0.000000  0.001387  0.000000 ) 
 (  0.064185  0.000000  0.168861  0.000000  0.014084  0.000000 ) 
 (  0.064185  0.000000  0.168861  0.000000 -0.014084  0.000000 ) 
 ( -0.064185  0.000000  0.168861  0.000000  0.014084  0.000000 ) 
 ( -0.064185  0.000000  0.168861  0.000000 -0.014084  0.000000 ) 
 ( -0.289805  0.000000  0.153631  0.000000 -0.005436  0.000000 ) 
 ( -0.289805  0.000000  0.153631  0.000000  0.005436  0.000000 ) 
 (  0.289805  0.000000  0.153631  0.000000 -0.005436  0.000000 ) 
 (  0.289805  0.000000  0.153631  0.000000  0.005436  0.000000 ) 
 (  0.162588  0.000000 -0.080401  0.000000  0.127649  0.000000 ) 
 (  0.162588  0.000000 -0.080401  0.000000 -0.127649  0.000000 ) 
 (  0.162588  0.000000  0.080401  0.000000 -0.127649  0.000000 ) 
 (  0.162588  0.000000  0.080401  0.000000  0.127649  0.000000 ) 
 ( -0.181804  0.000000  0.075953  0.000000 -0.129902  0.000000 ) 
 ( -0.181804  0.000000  0.075953  0.000000  0.129902  0.000000 ) 
 (  0.181804  0.000000  0.075953  0.000000 -0.129902  0.000000 ) 
 (  0.181804  0.000000  0.075953  0.000000  0.129902  0.000000 ) 
     freq (   37) =      31.847123 [THz] =    1062.305665 [cm-1]
 ( -0.000000  0.000000  0.000000  0.000000 -0.000412  0.000000 ) 
 ( -0.000000  0.000000 -0.000000  0.000000 -0.000412  0.000000 ) 
 ( -0.046480  0.000000  0.046965  0.000000 -0.005134  0.000000 ) 
 (  0.046480  0.000000 -0.046965  0.000000 -0.005134  0.000000 ) 
 ( -0.046480  0.000000 -0.046965  0.000000  0.005134  0.000000 ) 
 (  0.046480  0.000000  0.046965  0.000000  0.005134  0.000000 ) 
 ( -0.064819  0.000000 -0.194648  0.000000  0.025660  0.000000 ) 
 (  0.064819  0.000000  0.194648  0.000000  0.025660  0.000000 ) 
 ( -0.064819  0.000000  0.194648  0.000000 -0.025660  0.000000 ) 
 (  0.064819  0.000000 -0.194648  0.000000 -0.025660  0.000000 ) 
 (  0.283042  0.000000 -0.145669  0.000000  0.026680  0.000000 ) 
 ( -0.283042  0.000000  0.145669  0.000000  0.026680  0.000000 ) 
 (  0.283042  0.000000  0.145669  0.000000 -0.026680  0.000000 ) 
 ( -0.283042  0.000000 -0.145669  0.000000 -0.026680  0.000000 ) 
 ( -0.159657  0.000000  0.104953  0.000000 -0.139152  0.000000 ) 
 (  0.159657  0.000000 -0.104953  0.000000 -0.139152  0.000000 ) 
 (  0.159657  0.000000  0.104953  0.000000 -0.139152  0.000000 ) 
 ( -0.159657  0.000000 -0.104953  0.000000 -0.139152  0.000000 ) 
 ( -0.149191  0.000000  0.081564  0.000000 -0.126633  0.000000 ) 
 (  0.149191  0.000000 -0.081564  0.000000 -0.126633  0.000000 ) 
 ( -0.149191  0.000000 -0.081564  0.000000  0.126633  0.000000 ) 
 (  0.149191  0.000000  0.081564  0.000000  0.126633  0.000000 ) 
     freq (   38) =      31.852225 [THz] =    1062.475845 [cm-1]
 (  0.000000  0.000000  0.000000  0.000000 -0.000392  0.000000 ) 
 ( -0.000000  0.000000  0.000000  0.000000  0.000392  0.000000 ) 
 ( -0.046249  0.000000  0.046914  0.000000  0.005697  0.000000 ) 
 (  0.046249  0.000000 -0.046914  0.000000  0.005697  0.000000 ) 
 (  0.046249  0.000000  0.046914  0.000000  0.005697  0.000000 ) 
 ( -0.046249  0.000000 -0.046914  0.000000  0.005697  0.000000 ) 
 ( -0.064916  0.000000 -0.195316  0.000000 -0.028325  0.000000 ) 
 (  0.064916  0.000000  0.195316  0.000000 -0.028325  0.000000 ) 
 (  0.064916  0.000000 -0.195316  0.000000 -0.028325  0.000000 ) 
 ( -0.064916  0.000000  0.195316  0.000000 -0.028325  0.000000 ) 
 (  0.282897  0.000000 -0.145483  0.000000 -0.029090  0.000000 ) 
 ( -0.282897  0.000000  0.145483  0.000000 -0.029090  0.000000 ) 
 ( -0.282897  0.000000 -0.145483  0.000000 -0.029090  0.000000 ) 
 (  0.282897  0.000000  0.145483  0.000000 -0.029090  0.000000 ) 
 ( -0.146791  0.000000  0.081542  0.000000 -0.126185  0.000000 ) 
 (  0.146791  0.000000 -0.081542  0.000000 -0.126185  0.000000 ) 
 ( -0.146791  0.000000 -0.081542  0.000000  0.126185  0.000000 ) 
 (  0.146791  0.000000  0.081542  0.000000  0.126185  0.000000 ) 
 ( -0.159530  0.000000  0.106654  0.000000 -0.139557  0.000000 ) 
 (  0.159530  0.000000 -0.106654  0.000000 -0.139557  0.000000 ) 
 (  0.159530  0.000000  0.106654  0.000000 -0.139557  0.000000 ) 
 ( -0.159530  0.000000 -0.106654  0.000000 -0.139557  0.000000 ) 
     freq (   39) =      32.358664 [THz] =    1079.368849 [cm-1]
 (  0.000249  0.000000 -0.000418  0.000000  0.000000  0.000000 ) 
 (  0.000249  0.000000  0.000418  0.000000  0.000000  0.000000 ) 
 (  0.002505  0.000000  0.002087  0.000000  0.064654  0.000000 ) 
 (  0.002505  0.000000  0.002087  0.000000 -0.064654  0.000000 ) 
 ( -0.002505  0.000000  0.002087  0.000000  0.064654  0.000000 ) 
 ( -0.002505  0.000000  0.002087  0.000000 -0.064654  0.000000 ) 
 (  0.000606  0.000000 -0.009802  0.000000 -0.262649  0.000000 ) 
 (  0.000606  0.000000 -0.009802  0.000000  0.262649  0.000000 ) 
 ( -0.000606  0.000000 -0.009802  0.000000 -0.262649  0.000000 ) 
 ( -0.000606  0.000000 -0.009802  0.000000  0.262649  0.000000 ) 
 ( -0.007581  0.000000  0.007790  0.000000 -0.338486  0.000000 ) 
 ( -0.007581  0.000000  0.007790  0.000000  0.338486  0.000000 ) 
 (  0.007581  0.000000  0.007790  0.000000 -0.338486  0.000000 ) 
 (  0.007581  0.000000  0.007790  0.000000  0.338486  0.000000 ) 
 (  0.062584  0.000000 -0.144746  0.000000  0.061746  0.000000 ) 
 (  0.062584  0.000000 -0.144746  0.000000 -0.061746  0.000000 ) 
 (  0.062584  0.000000  0.144746  0.000000 -0.061746  0.000000 ) 
 (  0.062584  0.000000  0.144746  0.000000  0.061746  0.000000 ) 
 (  0.041917  0.000000 -0.163814  0.000000  0.069021  0.000000 ) 
 (  0.041917  0.000000 -0.163814  0.000000 -0.069021  0.000000 ) 
 ( -0.041917  0.000000 -0.163814  0.000000  0.069021  0.000000 ) 
 ( -0.041917  0.000000 -0.163814  0.000000 -0.069021  0.000000 ) 
     freq (   40) =      32.370250 [THz] =    1079.755322 [cm-1]
 ( -0.000265  0.000000  0.000375  0.000000  0.000000  0.000000 ) 
 (  0.000265  0.000000  0.000375  0.000000  0.000000  0.000000 ) 
 (  0.000848  0.000000  0.003247  0.000000 -0.064571  0.000000 ) 
 (  0.000848  0.000000  0.003247  0.000000  0.064571  0.000000 ) 
 (  0.000848  0.000000 -0.003247  0.000000  0.064571  0.000000 ) 
 (  0.000848  0.000000 -0.003247  0.000000 -0.064571  0.000000 ) 
 ( -0.001310  0.000000 -0.015046  0.000000  0.261936  0.000000 ) 
 ( -0.001310  0.000000 -0.015046  0.000000 -0.261936  0.000000 ) 
 ( -0.001310  0.000000  0.015046  0.000000 -0.261936  0.000000 ) 
 ( -0.001310  0.000000  0.015046  0.000000  0.261936  0.000000 ) 
 (  0.002524  0.000000  0.002117  0.000000  0.339102  0.000000 ) 
 (  0.002524  0.000000  0.002117  0.000000 -0.339102  0.000000 ) 
 (  0.002524  0.000000 -0.002117  0.000000 -0.339102  0.000000 ) 
 (  0.002524  0.000000 -0.002117  0.000000  0.339102  0.000000 ) 
 ( -0.047206  0.000000  0.165241  0.000000 -0.072466  0.000000 ) 
 ( -0.047206  0.000000  0.165241  0.000000  0.072466  0.000000 ) 
 (  0.047206  0.000000  0.165241  0.000000 -0.072466  0.000000 ) 
 (  0.047206  0.000000  0.165241  0.000000  0.072466  0.000000 ) 
 ( -0.055885  0.000000  0.143748  0.000000 -0.058382  0.000000 ) 
 ( -0.055885  0.000000  0.143748  0.000000  0.058382  0.000000 ) 
 ( -0.055885  0.000000 -0.143748  0.000000  0.058382  0.000000 ) 
 ( -0.055885  0.000000 -0.143748  0.000000 -0.058382  0.000000 ) 
     freq (   41) =      32.564116 [THz] =    1086.222002 [cm-1]
 (  0.000000  0.000000 -0.000000  0.000000  0.000656  0.000000 ) 
 ( -0.000000  0.000000 -0.000000  0.000000 -0.000656  0.000000 ) 
 (  0.002093  0.000000 -0.007826  0.000000  0.061971  0.000000 ) 
 ( -0.002093  0.000000  0.007826  0.000000  0.061971  0.000000 ) 
 ( -0.002093  0.000000 -0.007826  0.000000  0.061971  0.000000 ) 
 (  0.002093  0.000000  0.007826  0.000000  0.061971  0.000000 ) 
 (  0.006373  0.000000  0.029926  0.000000 -0.263410  0.000000 ) 
 ( -0.006373  0.000000 -0.029926  0.000000 -0.263410  0.000000 ) 
 ( -0.006373  0.000000  0.029926  0.000000 -0.263410  0.000000 ) 
 (  0.006373  0.000000 -0.029926  0.000000 -0.263410  0.000000 ) 
 ( -0.018224  0.000000  0.005615  0.000000 -0.335008  0.000000 ) 
 (  0.018224  0.000000 -0.005615  0.000000 -0.335008  0.000000 ) 
 (  0.018224  0.000000  0.005615  0.000000 -0.335008  0.000000 ) 
 ( -0.018224  0.000000 -0.005615  0.000000 -0.335008  0.000000 ) 
 (  0.054342  0.000000 -0.174750  0.000000  0.084869  0.000000 ) 
 ( -0.054342  0.000000  0.174750  0.000000  0.084869  0.000000 ) 
 (  0.054342  0.000000  0.174750  0.000000 -0.084869  0.000000 ) 
 ( -0.054342  0.000000 -0.174750  0.000000 -0.084869  0.000000 ) 
 ( -0.053516  0.000000  0.131968  0.000000 -0.046970  0.000000 ) 
 (  0.053516  0.000000 -0.131968  0.000000 -0.046970  0.000000 ) 
 (  0.053516  0.000000  0.131968  0.000000 -0.046970  0.000000 ) 
 ( -0.053516  0.000000 -0.131968  0.000000 -0.046970  0.000000 ) 
     freq (   42) =      32.569599 [THz] =    1086.404871 [cm-1]
 ( -0.000000  0.000000  0.000000  0.000000  0.000641  0.000000 ) 
 ( -0.000000  0.000000 -0.000000  0.000000  0.000641  0.000000 ) 
 (  0.002023  0.000000 -0.007129  0.000000 -0.061930  0.000000 ) 
 ( -0.002023  0.000000  0.007129  0.000000 -0.061930  0.000000 ) 
 (  0.002023  0.000000  0.007129  0.000000  0.061930  0.000000 ) 
 ( -0.002023  0.000000 -0.007129  0.000000  0.061930  0.000000 ) 
 (  0.005599  0.000000  0.026825  0.000000  0.263350  0.000000 ) 
 ( -0.005599  0.000000 -0.026825  0.000000  0.263350  0.000000 ) 
 (  0.005599  0.000000 -0.026825  0.000000 -0.263350  0.000000 ) 
 ( -0.005599  0.000000  0.026825  0.000000 -0.263350  0.000000 ) 
 ( -0.016443  0.000000  0.005080  0.000000  0.335404  0.000000 ) 
 (  0.016443  0.000000 -0.005080  0.000000  0.335404  0.000000 ) 
 ( -0.016443  0.000000 -0.005080  0.000000 -0.335404  0.000000 ) 
 (  0.016443  0.000000  0.005080  0.000000 -0.335404  0.000000 ) 
 ( -0.053059  0.000000  0.134273  0.000000 -0.048472  0.000000 ) 
 (  0.053059  0.000000 -0.134273  0.000000 -0.048472  0.000000 ) 
 (  0.053059  0.000000  0.134273  0.000000 -0.048472  0.000000 ) 
 ( -0.053059  0.000000 -0.134273  0.000000 -0.048472  0.000000 ) 
 (  0.054099  0.000000 -0.173395  0.000000  0.083825  0.000000 ) 
 ( -0.054099  0.000000  0.173395  0.000000  0.083825  0.000000 ) 
 (  0.054099  0.000000  0.173395  0.000000 -0.083825  0.000000 ) 
 ( -0.054099  0.000000 -0.173395  0.000000 -0.083825  0.000000 ) 
     freq (   43) =      35.880800 [THz] =    1196.854650 [cm-1]
 (  0.000244  0.000000  0.000181  0.000000  0.000000  0.000000 ) 
 (  0.000244  0.000000 -0.000181  0.000000 -0.000000  0.000000 ) 
 (  0.002603  0.000000 -0.002324  0.000000  0.004742  0.000000 ) 
 (  0.002603  0.000000 -0.002324  0.000000 -0.004742  0.000000 ) 
 ( -0.002603  0.000000 -0.002324  0.000000  0.004742  0.000000 ) 
 ( -0.002603  0.000000 -0.002324  0.000000 -0.004742  0.000000 ) 
 ( -0.007768  0.000000 -0.076109  0.000000 -0.270863  0.000000 ) 
 ( -0.007768  0.000000 -0.076109  0.000000  0.270863  0.000000 ) 
 (  0.007768  0.000000 -0.076109  0.000000 -0.270863  0.000000 ) 
 (  0.007768  0.000000 -0.076109  0.000000  0.270863  0.000000 ) 
 (  0.058168  0.000000 -0.033612  0.000000  0.217945  0.000000 ) 
 (  0.058168  0.000000 -0.033612  0.000000 -0.217945  0.000000 ) 
 ( -0.058168  0.000000 -0.033612  0.000000  0.217945  0.000000 ) 
 ( -0.058168  0.000000 -0.033612  0.000000 -0.217945  0.000000 ) 
 (  0.253777  0.000000  0.004254  0.000000  0.069554  0.000000 ) 
 (  0.253777  0.000000  0.004254  0.000000 -0.069554  0.000000 ) 
 (  0.253777  0.000000 -0.004254  0.000000 -0.069554  0.000000 ) 
 (  0.253777  0.000000 -0.004254  0.000000  0.069554  0.000000 ) 
 (  0.161910  0.000000  0.143791  0.000000 -0.050820  0.000000 ) 
 (  0.161910  0.000000  0.143791  0.000000  0.050820  0.000000 ) 
 ( -0.161910  0.000000  0.143791  0.000000 -0.050820  0.000000 ) 
 ( -0.161910  0.000000  0.143791  0.000000  0.050820  0.000000 ) 
     freq (   44) =      35.897072 [THz] =    1197.397449 [cm-1]
 (  0.000227  0.000000  0.000189  0.000000  0.000000  0.000000 ) 
 ( -0.000227  0.000000  0.000189  0.000000 -0.000000  0.000000 ) 
 ( -0.002816  0.000000  0.002468  0.000000  0.004744  0.000000 ) 
 ( -0.002816  0.000000  0.002468  0.000000 -0.004744  0.000000 ) 
 ( -0.002816  0.000000 -0.002468  0.000000 -0.004744  0.000000 ) 
 ( -0.002816  0.000000 -0.002468  0.000000  0.004744  0.000000 ) 
 (  0.010191  0.000000  0.094731  0.000000 -0.262015  0.000000 ) 
 (  0.010191  0.000000  0.094731  0.000000  0.262015  0.000000 ) 
 (  0.010191  0.000000 -0.094731  0.000000  0.262015  0.000000 ) 
 (  0.010191  0.000000 -0.094731  0.000000 -0.262015  0.000000 ) 
 ( -0.074111  0.000000  0.042892  0.000000  0.209358  0.000000 ) 
 ( -0.074111  0.000000  0.042892  0.000000 -0.209358  0.000000 ) 
 ( -0.074111  0.000000 -0.042892  0.000000 -0.209358  0.000000 ) 
 ( -0.074111  0.000000 -0.042892  0.000000  0.209358  0.000000 ) 
 (  0.146181  0.000000  0.155278  0.000000 -0.062531  0.000000 ) 
 (  0.146181  0.000000  0.155278  0.000000  0.062531  0.000000 ) 
 ( -0.146181  0.000000  0.155278  0.000000 -0.062531  0.000000 ) 
 ( -0.146181  0.000000  0.155278  0.000000  0.062531  0.000000 ) 
 (  0.254841  0.000000 -0.013375  0.000000  0.080979  0.000000 ) 
 (  0.254841  0.000000 -0.013375  0.000000 -0.080979  0.000000 ) 
 (  0.254841  0.000000  0.013375  0.000000 -0.080979  0.000000 ) 
 (  0.254841  0.000000  0.013375  0.000000  0.080979  0.000000 ) 
     freq (   45) =      35.934017 [THz] =    1198.629790 [cm-1]
 ( -0.000000  0.000000 -0.000000  0.000000  0.000191  0.000000 ) 
 (  0.000000  0.000000 -0.000000  0.000000  0.000191  0.000000 ) 
 ( -0.000352  0.000000 -0.000481  0.000000 -0.004524  0.000000 ) 
 (  0.000352  0.000000  0.000481  0.000000 -0.004524  0.000000 ) 
 ( -0.000352  0.000000  0.000481  0.000000  0.004524  0.000000 ) 
 (  0.000352  0.000000 -0.000481  0.000000  0.004524  0.000000 ) 
 (  0.002905  0.000000  0.015651  0.000000  0.287982  0.000000 ) 
 ( -0.002905  0.000000 -0.015651  0.000000  0.287982  0.000000 ) 
 (  0.002905  0.000000 -0.015651  0.000000 -0.287982  0.000000 ) 
 ( -0.002905  0.000000  0.015651  0.000000 -0.287982  0.000000 ) 
 ( -0.013822  0.000000  0.009482  0.000000 -0.236472  0.000000 ) 
 (  0.013822  0.000000 -0.009482  0.000000 -0.236472  0.000000 ) 
 ( -0.013822  0.000000 -0.009482  0.000000  0.236472  0.000000 ) 
 (  0.013822  0.000000  0.009482  0.000000  0.236472  0.000000 ) 
 ( -0.227937  0.000000 -0.068584  0.000000 -0.018858  0.000000 ) 
 (  0.227937  0.000000  0.068584  0.000000 -0.018858  0.000000 ) 
 (  0.227937  0.000000 -0.068584  0.000000 -0.018858  0.000000 ) 
 ( -0.227937  0.000000  0.068584  0.000000 -0.018858  0.000000 ) 
 (  0.213000  0.000000  0.090590  0.000000  0.001252  0.000000 ) 
 ( -0.213000  0.000000 -0.090590  0.000000  0.001252  0.000000 ) 
 (  0.213000  0.000000 -0.090590  0.000000 -0.001252  0.000000 ) 
 ( -0.213000  0.000000  0.090590  0.000000 -0.001252  0.000000 ) 
     freq (   46) =      35.934427 [THz] =    1198.643471 [cm-1]
 (  0.000000  0.000000  0.000000  0.000000 -0.000169  0.000000 ) 
 ( -0.000000  0.000000  0.000000  0.000000  0.000169  0.000000 ) 
 (  0.000398  0.000000  0.000513  0.000000 -0.004416  0.000000 ) 
 ( -0.000398  0.000000 -0.000513  0.000000 -0.004416  0.000000 ) 
 ( -0.000398  0.000000  0.000513  0.000000 -0.004416  0.000000 ) 
 (  0.000398  0.000000 -0.000513  0.000000 -0.004416  0.000000 ) 
 ( -0.003271  0.000000 -0.018370  0.000000  0.287432  0.000000 ) 
 (  0.003271  0.000000  0.018370  0.000000  0.287432  0.000000 ) 
 (  0.003271  0.000000 -0.018370  0.000000  0.287432  0.000000 ) 
 ( -0.003271  0.000000  0.018370  0.000000  0.287432  0.000000 ) 
 (  0.016005  0.000000 -0.010656  0.000000 -0.236721  0.000000 ) 
 ( -0.016005  0.000000  0.010656  0.000000 -0.236721  0.000000 ) 
 ( -0.016005  0.000000 -0.010656  0.000000 -0.236721  0.000000 ) 
 (  0.016005  0.000000  0.010656  0.000000 -0.236721  0.000000 ) 
 ( -0.211955  0.000000 -0.092073  0.000000 -0.000049  0.000000 ) 
 (  0.211955  0.000000  0.092073  0.000000 -0.000049  0.000000 ) 
 ( -0.211955  0.000000  0.092073  0.000000  0.000049  0.000000 ) 
 (  0.211955  0.000000 -0.092073  0.000000  0.000049  0.000000 ) 
 (  0.228621  0.000000  0.067448  0.000000  0.019711  0.000000 ) 
 ( -0.228621  0.000000 -0.067448  0.000000  0.019711  0.000000 ) 
 ( -0.228621  0.000000  0.067448  0.000000  0.019711  0.000000 ) 
 (  0.228621  0.000000 -0.067448  0.000000  0.019711  0.000000 ) 
     freq (   47) =      36.081506 [THz] =    1203.549478 [cm-1]
 (  0.000507  0.000000  0.000191  0.000000  0.000000  0.000000 ) 
 ( -0.000507  0.000000  0.000191  0.000000  0.000000  0.000000 ) 
 (  0.003516  0.000000 -0.001103  0.000000  0.001671  0.000000 ) 
 (  0.003516  0.000000 -0.001103  0.000000 -0.001671  0.000000 ) 
 (  0.003516  0.000000  0.001103  0.000000 -0.001671  0.000000 ) 
 (  0.003516  0.000000  0.001103  0.000000  0.001671  0.000000 ) 
 ( -0.030036  0.000000 -0.215566  0.000000 -0.124393  0.000000 ) 
 ( -0.030036  0.000000 -0.215566  0.000000  0.124393  0.000000 ) 
 ( -0.030036  0.000000  0.215566  0.000000  0.124393  0.000000 ) 
 ( -0.030036  0.000000  0.215566  0.000000 -0.124393  0.000000 ) 
 (  0.176238  0.000000 -0.099822  0.000000  0.102127  0.000000 ) 
 (  0.176238  0.000000 -0.099822  0.000000 -0.102127  0.000000 ) 
 (  0.176238  0.000000  0.099822  0.000000 -0.102127  0.000000 ) 
 (  0.176238  0.000000  0.099822  0.000000  0.102127  0.000000 ) 
 (  0.200452  0.000000 -0.131921  0.000000  0.141641  0.000000 ) 
 (  0.200452  0.000000 -0.131921  0.000000 -0.141641  0.000000 ) 
 ( -0.200452  0.000000 -0.131921  0.000000  0.141641  0.000000 ) 
 ( -0.200452  0.000000 -0.131921  0.000000 -0.141641  0.000000 ) 
 ( -0.009305  0.000000  0.200659  0.000000 -0.132998  0.000000 ) 
 ( -0.009305  0.000000  0.200659  0.000000  0.132998  0.000000 ) 
 ( -0.009305  0.000000 -0.200659  0.000000  0.132998  0.000000 ) 
 ( -0.009305  0.000000 -0.200659  0.000000 -0.132998  0.000000 ) 
     freq (   48) =      36.092538 [THz] =    1203.917484 [cm-1]
 ( -0.000497  0.000000 -0.000164  0.000000 -0.000000  0.000000 ) 
 ( -0.000497  0.000000  0.000164  0.000000 -0.000000  0.000000 ) 
 (  0.003742  0.000000 -0.001450  0.000000 -0.001089  0.000000 ) 
 (  0.003742  0.000000 -0.001450  0.000000  0.001089  0.000000 ) 
 ( -0.003742  0.000000 -0.001450  0.000000 -0.001089  0.000000 ) 
 ( -0.003742  0.000000 -0.001450  0.000000  0.001089  0.000000 ) 
 ( -0.030822  0.000000 -0.222049  0.000000  0.100725  0.000000 ) 
 ( -0.030822  0.000000 -0.222049  0.000000 -0.100725  0.000000 ) 
 (  0.030822  0.000000 -0.222049  0.000000  0.100725  0.000000 ) 
 (  0.030822  0.000000 -0.222049  0.000000 -0.100725  0.000000 ) 
 (  0.181553  0.000000 -0.102703  0.000000 -0.085294  0.000000 ) 
 (  0.181553  0.000000 -0.102703  0.000000  0.085294  0.000000 ) 
 ( -0.181553  0.000000 -0.102703  0.000000 -0.085294  0.000000 ) 
 ( -0.181553  0.000000 -0.102703  0.000000  0.085294  0.000000 ) 
 (  0.031026  0.000000 -0.202207  0.000000  0.140247  0.000000 ) 
 (  0.031026  0.000000 -0.202207  0.000000 -0.140247  0.000000 ) 
 (  0.031026  0.000000  0.202207  0.000000 -0.140247  0.000000 ) 
 (  0.031026  0.000000  0.202207  0.000000  0.140247  0.000000 ) 
 ( -0.187148  0.000000  0.144189  0.000000 -0.146500  0.000000 ) 
 ( -0.187148  0.000000  0.144189  0.000000  0.146500  0.000000 ) 
 (  0.187148  0.000000  0.144189  0.000000 -0.146500  0.000000 ) 
 (  0.187148  0.000000  0.144189  0.000000  0.146500  0.000000 ) 
     freq (   49) =      36.305873 [THz] =    1211.033558 [cm-1]
 (  0.000000  0.000000  0.000000  0.000000  0.000547  0.000000 ) 
 ( -0.000000  0.000000 -0.000000  0.000000 -0.000547  0.000000 ) 
 (  0.004109  0.000000 -0.001844  0.000000 -0.000015  0.000000 ) 
 ( -0.004109  0.000000  0.001844  0.000000 -0.000015  0.000000 ) 
 ( -0.004109  0.000000 -0.001844  0.000000 -0.000015  0.000000 ) 
 (  0.004109  0.000000  0.001844  0.000000 -0.000015  0.000000 ) 
 ( -0.029842  0.000000 -0.232028  0.000000 -0.017706  0.000000 ) 
 (  0.029842  0.000000  0.232028  0.000000 -0.017706  0.000000 ) 
 (  0.029842  0.000000 -0.232028  0.000000 -0.017706  0.000000 ) 
 ( -0.029842  0.000000  0.232028  0.000000 -0.017706  0.000000 ) 
 (  0.188286  0.000000 -0.107405  0.000000  0.021159  0.000000 ) 
 ( -0.188286  0.000000  0.107405  0.000000  0.021159  0.000000 ) 
 ( -0.188286  0.000000 -0.107405  0.000000  0.021159  0.000000 ) 
 (  0.188286  0.000000  0.107405  0.000000  0.021159  0.000000 ) 
 (  0.134257  0.000000 -0.179345  0.000000  0.156061  0.000000 ) 
 ( -0.134257  0.000000  0.179345  0.000000  0.156061  0.000000 ) 
 (  0.134257  0.000000  0.179345  0.000000 -0.156061  0.000000 ) 
 ( -0.134257  0.000000 -0.179345  0.000000 -0.156061  0.000000 ) 
 (  0.103130  0.000000 -0.194658  0.000000  0.156305  0.000000 ) 
 ( -0.103130  0.000000  0.194658  0.000000  0.156305  0.000000 ) 
 ( -0.103130  0.000000 -0.194658  0.000000  0.156305  0.000000 ) 
 (  0.103130  0.000000  0.194658  0.000000  0.156305  0.000000 ) 
     freq (   50) =      36.309502 [THz] =    1211.154622 [cm-1]
 (  0.000000  0.000000  0.000000  0.000000 -0.000567  0.000000 ) 
 (  0.000000  0.000000  0.000000  0.000000 -0.000567  0.000000 ) 
 ( -0.004112  0.000000  0.001871  0.000000 -0.000003  0.000000 ) 
 (  0.004112  0.000000 -0.001871  0.000000 -0.000003  0.000000 ) 
 ( -0.004112  0.000000 -0.001871  0.000000  0.000003  0.000000 ) 
 (  0.004112  0.000000  0.001871  0.000000  0.000003  0.000000 ) 
 (  0.029920  0.000000  0.232759  0.000000 -0.015112  0.000000 ) 
 ( -0.029920  0.000000 -0.232759  0.000000 -0.015112  0.000000 ) 
 (  0.029920  0.000000 -0.232759  0.000000  0.015112  0.000000 ) 
 ( -0.029920  0.000000  0.232759  0.000000  0.015112  0.000000 ) 
 ( -0.188291  0.000000  0.107548  0.000000  0.019097  0.000000 ) 
 (  0.188291  0.000000 -0.107548  0.000000  0.019097  0.000000 ) 
 ( -0.188291  0.000000 -0.107548  0.000000 -0.019097  0.000000 ) 
 (  0.188291  0.000000  0.107548  0.000000 -0.019097  0.000000 ) 
 ( -0.105232  0.000000  0.193877  0.000000 -0.156332  0.000000 ) 
 (  0.105232  0.000000 -0.193877  0.000000 -0.156332  0.000000 ) 
 (  0.105232  0.000000  0.193877  0.000000 -0.156332  0.000000 ) 
 ( -0.105232  0.000000 -0.193877  0.000000 -0.156332  0.000000 ) 
 ( -0.132477  0.000000  0.179843  0.000000 -0.155881  0.000000 ) 
 (  0.132477  0.000000 -0.179843  0.000000 -0.155881  0.000000 ) 
 ( -0.132477  0.000000 -0.179843  0.000000  0.155881  0.000000 ) 
 (  0.132477  0.000000  0.179843  0.000000  0.155881  0.000000 ) 
     freq (   51) =      68.329425 [THz] =    2279.224296 [cm-1]
 (  0.000000  0.000000  0.000000  0.000000  0.000078 -0.000000 ) 
 (  0.000000 -0.000000  0.000000  0.000000 -0.000078  0.000000 ) 
 (  0.004213 -0.000000  0.011700 -0.000000 -0.000093  0.000000 ) 
 ( -0.004213  0.000000 -0.011700  0.000000 -0.000093  0.000000 ) 
 ( -0.004213  0.000000  0.011700  0.000000 -0.000093  0.000000 ) 
 (  0.004213  0.000000 -0.011700  0.000000 -0.000093  0.000000 ) 
 (  0.215492 -0.000000 -0.027222  0.000000 -0.000946  0.000000 ) 
 ( -0.215492  0.000000  0.027222 -0.000000 -0.000946  0.000000 ) 
 ( -0.215492  0.000000 -0.027222  0.000000 -0.000946  0.000000 ) 
 (  0.215492  0.000000  0.027222  0.000000 -0.000946  0.000000 ) 
 ( -0.176261  0.000000 -0.313565  0.000000 -0.000013  0.000000 ) 
 (  0.176261 -0.000000  0.313565 -0.000000 -0.000013  0.000000 ) 
 (  0.176261  0.000000 -0.313565  0.000000 -0.000013  0.000000 ) 
 ( -0.176261  0.000000  0.313565  0.000000 -0.000013  0.000000 ) 
 (  0.044221 -0.000000 -0.103163  0.000000 -0.158151  0.000000 ) 
 ( -0.044221  0.000000  0.103163 -0.000000 -0.158151  0.000000 ) 
 (  0.044221  0.000000  0.103163  0.000000  0.158151  0.000000 ) 
 ( -0.044221  0.000000 -0.103163  0.000000  0.158151  0.000000 ) 
 (  0.041892 -0.000000 -0.100931  0.000000 -0.154026  0.000000 ) 
 ( -0.041892  0.000000  0.100931 -0.000000 -0.154026  0.000000 ) 
 ( -0.041892  0.000000 -0.100931  0.000000 -0.154026  0.000000 ) 
 (  0.041892  0.000000  0.100931  0.000000 -0.154026  0.000000 ) 
     freq (   52) =      68.345583 [THz] =    2279.763270 [cm-1]
 (  0.000000 -0.000000  0.000000 -0.000000 -0.000077  0.000000 ) 
 ( -0.000000  0.000000  0.000000 -0.000000 -0.000077  0.000000 ) 
 ( -0.003457  0.000000 -0.011388  0.000000 -0.000055  0.000000 ) 
 (  0.003457  0.000000  0.011388  0.000000 -0.000055  0.000000 ) 
 ( -0.003457  0.000000  0.011388 -0.000000  0.000055  0.000000 ) 
 (  0.003457 -0.000000 -0.011388  0.000000  0.000055  0.000000 ) 
 ( -0.221721  0.000000  0.028221  0.000000 -0.000904  0.000000 ) 
 (  0.221721  0.000000 -0.028221  0.000000 -0.000904  0.000000 ) 
 ( -0.221721  0.000000 -0.028221  0.000000  0.000904  0.000000 ) 
 (  0.221721 -0.000000  0.028221 -0.000000  0.000904  0.000000 ) 
 (  0.174584  0.000000  0.309856  0.000000 -0.000030  0.000000 ) 
 ( -0.174584  0.000000 -0.309856  0.000000 -0.000030  0.000000 ) 
 (  0.174584 -0.000000 -0.309856  0.000000  0.000030  0.000000 ) 
 ( -0.174584  0.000000  0.309856 -0.000000  0.000030  0.000000 ) 
 ( -0.042125  0.000000  0.100679  0.000000  0.154260  0.000000 ) 
 (  0.042125  0.000000 -0.100679  0.000000  0.154260  0.000000 ) 
 (  0.042125 -0.000000  0.100679 -0.000000  0.154260 -0.000000 ) 
 ( -0.042125  0.000000 -0.100679  0.000000  0.154260 -0.000000 ) 
 ( -0.044573  0.000000  0.103385  0.000000  0.158204  0.000000 ) 
 (  0.044573  0.000000 -0.103385  0.000000  0.158204  0.000000 ) 
 ( -0.044573  0.000000 -0.103385  0.000000 -0.158204  0.000000 ) 
 (  0.044573 -0.000000  0.103385 -0.000000 -0.158204  0.000000 ) 
     freq (   53) =      68.373069 [THz] =    2280.680103 [cm-1]
 (  0.000070  0.000000  0.000028  0.000000  0.000000  0.000000 ) 
 ( -0.000070  0.000000  0.000028  0.000000  0.000000  0.000000 ) 
 (  0.003451  0.000000  0.012436  0.000000  0.000496  0.000000 ) 
 (  0.003451  0.000000  0.012436  0.000000 -0.000496  0.000000 ) 
 (  0.003451  0.000000 -0.012436  0.000000 -0.000496  0.000000 ) 
 (  0.003451  0.000000 -0.012436  0.000000  0.000496  0.000000 ) 
 (  0.222282  0.000000 -0.027880  0.000000 -0.000465  0.000000 ) 
 (  0.222282  0.000000 -0.027880  0.000000  0.000465  0.000000 ) 
 (  0.222282  0.000000  0.027880  0.000000  0.000465  0.000000 ) 
 (  0.222282  0.000000  0.027880  0.000000 -0.000465  0.000000 ) 
 ( -0.176864  0.000000 -0.313174  0.000000  0.001033  0.000000 ) 
 ( -0.176864  0.000000 -0.313174  0.000000 -0.001033  0.000000 ) 
 ( -0.176864  0.000000  0.313174  0.000000 -0.001033  0.000000 ) 
 ( -0.176864  0.000000  0.313174  0.000000  0.001033  0.000000 ) 
 (  0.041849  0.000000 -0.098644  0.000000 -0.149744  0.000000 ) 
 (  0.041849  0.000000 -0.098644  0.000000  0.149744  0.000000 ) 
 ( -0.041849  0.000000 -0.098644  0.000000 -0.149744  0.000000 ) 
 ( -0.041849  0.000000 -0.098644  0.000000  0.149744  0.000000 ) 
 ( -0.044143  0.000000  0.101873  0.000000  0.155096  0.000000 ) 
 ( -0.044143  0.000000  0.101873  0.000000 -0.155096  0.000000 ) 
 ( -0.044143  0.000000 -0.101873  0.000000 -0.155096  0.000000 ) 
 ( -0.044143  0.000000 -0.101873  0.000000  0.155096  0.000000 ) 
     freq (   54) =      68.385377 [THz] =    2281.090654 [cm-1]
 ( -0.000072  0.000000 -0.000029  0.000000  0.000000  0.000000 ) 
 ( -0.000072  0.000000  0.000029  0.000000 -0.000000  0.000000 ) 
 (  0.003391  0.000000  0.012235  0.000000 -0.000590  0.000000 ) 
 (  0.003391  0.000000  0.012235  0.000000  0.000590  0.000000 ) 
 ( -0.003391  0.000000  0.012235  0.000000 -0.000590  0.000000 ) 
 ( -0.003391  0.000000  0.012235  0.000000  0.000590  0.000000 ) 
 (  0.222309  0.000000 -0.028010  0.000000  0.000265  0.000000 ) 
 (  0.222309  0.000000 -0.028010  0.000000 -0.000265  0.000000 ) 
 ( -0.222309  0.000000 -0.028010  0.000000  0.000265  0.000000 ) 
 ( -0.222309  0.000000 -0.028010  0.000000 -0.000265  0.000000 ) 
 ( -0.176274  0.000000 -0.312100  0.000000 -0.001061  0.000000 ) 
 ( -0.176274  0.000000 -0.312100  0.000000  0.001061  0.000000 ) 
 (  0.176274  0.000000 -0.312100  0.000000 -0.001061  0.000000 ) 
 (  0.176274  0.000000 -0.312100  0.000000  0.001061  0.000000 ) 
 (  0.044831  0.000000 -0.103032  0.000000 -0.156036  0.000000 ) 
 (  0.044831  0.000000 -0.103032  0.000000  0.156036  0.000000 ) 
 (  0.044831  0.000000  0.103032  0.000000  0.156036  0.000000 ) 
 (  0.044831  0.000000  0.103032  0.000000 -0.156036  0.000000 ) 
 ( -0.042073  0.000000  0.099198  0.000000  0.150233  0.000000 ) 
 ( -0.042073  0.000000  0.099198  0.000000 -0.150233  0.000000 ) 
 (  0.042073  0.000000  0.099198  0.000000  0.150233  0.000000 ) 
 (  0.042073  0.000000  0.099198  0.000000 -0.150233  0.000000 ) 
     freq (   55) =      70.046896 [THz] =    2336.512964 [cm-1]
 ( -0.000000  0.000000 -0.000000  0.000000  0.000083  0.000000 ) 
 ( -0.000000  0.000000  0.000000  0.000000  0.000083  0.000000 ) 
 ( -0.036331  0.000000 -0.031671  0.000000  0.000360  0.000000 ) 
 (  0.036331  0.000000  0.031671  0.000000  0.000360  0.000000 ) 
 ( -0.036331  0.000000  0.031671  0.000000 -0.000360  0.000000 ) 
 (  0.036331  0.000000 -0.031671  0.000000 -0.000360  0.000000 ) 
 (  0.321288  0.000000 -0.059362  0.000000 -0.000952  0.000000 ) 
 ( -0.321288  0.000000  0.059362  0.000000 -0.000952  0.000000 ) 
 (  0.321288  0.000000  0.059362  0.000000  0.000952  0.000000 ) 
 ( -0.321288  0.000000 -0.059362  0.000000  0.000952  0.000000 ) 
 (  0.156405  0.000000  0.288564  0.000000  0.002391  0.000000 ) 
 ( -0.156405  0.000000 -0.288564  0.000000  0.002391  0.000000 ) 
 (  0.156405  0.000000 -0.288564  0.000000 -0.002391  0.000000 ) 
 ( -0.156405  0.000000  0.288564  0.000000 -0.002391  0.000000 ) 
 (  0.039544  0.000000 -0.056971  0.000000 -0.103564  0.000000 ) 
 ( -0.039544  0.000000  0.056971  0.000000 -0.103564  0.000000 ) 
 ( -0.039544  0.000000 -0.056971  0.000000 -0.103564  0.000000 ) 
 (  0.039544  0.000000  0.056971  0.000000 -0.103564  0.000000 ) 
 (  0.041512  0.000000 -0.061534  0.000000 -0.110198  0.000000 ) 
 ( -0.041512  0.000000  0.061534  0.000000 -0.110198  0.000000 ) 
 (  0.041512  0.000000  0.061534  0.000000  0.110198  0.000000 ) 
 ( -0.041512  0.000000 -0.061534  0.000000  0.110198  0.000000 ) 
     freq (   56) =      70.056346 [THz] =    2336.828163 [cm-1]
 (  0.000000  0.000000 -0.000000  0.000000  0.000084  0.000000 ) 
 ( -0.000000  0.000000  0.000000  0.000000 -0.000084  0.000000 ) 
 ( -0.035995  0.000000 -0.031724  0.000000 -0.000392  0.000000 ) 
 (  0.035995  0.000000  0.031724  0.000000 -0.000392  0.000000 ) 
 (  0.035995  0.000000 -0.031724  0.000000 -0.000392  0.000000 ) 
 ( -0.035995  0.000000  0.031724  0.000000 -0.000392  0.000000 ) 
 (  0.322270  0.000000 -0.059475  0.000000  0.000981  0.000000 ) 
 ( -0.322270  0.000000  0.059475  0.000000  0.000981  0.000000 ) 
 ( -0.322270  0.000000 -0.059475  0.000000  0.000981  0.000000 ) 
 (  0.322270  0.000000  0.059475  0.000000  0.000981  0.000000 ) 
 (  0.154174  0.000000  0.284232  0.000000 -0.002308  0.000000 ) 
 ( -0.154174  0.000000 -0.284232  0.000000 -0.002308  0.000000 ) 
 ( -0.154174  0.000000  0.284232  0.000000 -0.002308  0.000000 ) 
 (  0.154174  0.000000 -0.284232  0.000000 -0.002308  0.000000 ) 
 (  0.042622  0.000000 -0.064127  0.000000 -0.114489  0.000000 ) 
 ( -0.042622  0.000000  0.064127  0.000000 -0.114489  0.000000 ) 
 (  0.042622  0.000000  0.064127  0.000000  0.114489  0.000000 ) 
 ( -0.042622  0.000000 -0.064127  0.000000  0.114489  0.000000 ) 
 (  0.040495  0.000000 -0.059507  0.000000 -0.107337  0.000000 ) 
 ( -0.040495  0.000000  0.059507  0.000000 -0.107337  0.000000 ) 
 ( -0.040495  0.000000 -0.059507  0.000000 -0.107337  0.000000 ) 
 (  0.040495  0.000000  0.059507  0.000000 -0.107337  0.000000 ) 
     freq (   57) =      70.185438 [THz] =    2341.134216 [cm-1]
 ( -0.000017  0.000000 -0.000035  0.000000  0.000000  0.000000 ) 
 ( -0.000017  0.000000  0.000035  0.000000 -0.000000  0.000000 ) 
 ( -0.024245  0.000000 -0.040908  0.000000  0.004545  0.000000 ) 
 ( -0.024245  0.000000 -0.040908  0.000000 -0.004545  0.000000 ) 
 (  0.024245  0.000000 -0.040908  0.000000  0.004545  0.000000 ) 
 (  0.024245  0.000000 -0.040908  0.000000 -0.004545  0.000000 ) 
 (  0.213633  0.000000 -0.045975  0.000000  0.001934  0.000000 ) 
 (  0.213633  0.000000 -0.045975  0.000000 -0.001934  0.000000 ) 
 ( -0.213633  0.000000 -0.045975  0.000000  0.001934  0.000000 ) 
 ( -0.213633  0.000000 -0.045975  0.000000 -0.001934  0.000000 ) 
 (  0.163361  0.000000  0.292765  0.000000  0.001686  0.000000 ) 
 (  0.163361  0.000000  0.292765  0.000000 -0.001686  0.000000 ) 
 ( -0.163361  0.000000  0.292765  0.000000  0.001686  0.000000 ) 
 ( -0.163361  0.000000  0.292765  0.000000 -0.001686  0.000000 ) 
 (  0.047999  0.000000 -0.083372  0.000000 -0.148235  0.000000 ) 
 (  0.047999  0.000000 -0.083372  0.000000  0.148235  0.000000 ) 
 (  0.047999  0.000000  0.083372  0.000000  0.148235  0.000000 ) 
 (  0.047999  0.000000  0.083372  0.000000 -0.148235  0.000000 ) 
 ( -0.062530  0.000000  0.116240  0.000000  0.197257  0.000000 ) 
 ( -0.062530  0.000000  0.116240  0.000000 -0.197257  0.000000 ) 
 (  0.062530  0.000000  0.116240  0.000000  0.197257  0.000000 ) 
 (  0.062530  0.000000  0.116240  0.000000 -0.197257  0.000000 ) 
     freq (   58) =      70.192254 [THz] =    2341.361573 [cm-1]
 ( -0.000023  0.000000 -0.000036  0.000000 -0.000000  0.000000 ) 
 (  0.000023  0.000000 -0.000036  0.000000 -0.000000  0.000000 ) 
 (  0.024496  0.000000  0.040699  0.000000  0.004535  0.000000 ) 
 (  0.024496  0.000000  0.040699  0.000000 -0.004535  0.000000 ) 
 (  0.024496  0.000000 -0.040699  0.000000 -0.004535  0.000000 ) 
 (  0.024496  0.000000 -0.040699  0.000000  0.004535  0.000000 ) 
 ( -0.216874  0.000000  0.046396  0.000000  0.002007  0.000000 ) 
 ( -0.216874  0.000000  0.046396  0.000000 -0.002007  0.000000 ) 
 ( -0.216874  0.000000 -0.046396  0.000000 -0.002007  0.000000 ) 
 ( -0.216874  0.000000 -0.046396  0.000000  0.002007  0.000000 ) 
 ( -0.162623  0.000000 -0.291695  0.000000  0.001620  0.000000 ) 
 ( -0.162623  0.000000 -0.291695  0.000000 -0.001620  0.000000 ) 
 ( -0.162623  0.000000  0.291695  0.000000 -0.001620  0.000000 ) 
 ( -0.162623  0.000000  0.291695  0.000000  0.001620  0.000000 ) 
 ( -0.062482  0.000000  0.115845  0.000000  0.196585  0.000000 ) 
 ( -0.062482  0.000000  0.115845  0.000000 -0.196585  0.000000 ) 
 (  0.062482  0.000000  0.115845  0.000000  0.196585  0.000000 ) 
 (  0.062482  0.000000  0.115845  0.000000 -0.196585  0.000000 ) 
 (  0.047836  0.000000 -0.083019  0.000000 -0.147807  0.000000 ) 
 (  0.047836  0.000000 -0.083019  0.000000  0.147807  0.000000 ) 
 (  0.047836  0.000000  0.083019  0.000000  0.147807  0.000000 ) 
 (  0.047836  0.000000  0.083019  0.000000 -0.147807  0.000000 ) 
     freq (   59) =      70.583389 [THz] =    2354.408416 [cm-1]
 (  0.000085  0.000000  0.000049  0.000000  0.000000  0.000000 ) 
 (  0.000085  0.000000 -0.000049  0.000000  0.000000  0.000000 ) 
 (  0.042047  0.000000 -0.024090  0.000000 -0.007903  0.000000 ) 
 (  0.042047  0.000000 -0.024090  0.000000  0.007903  0.000000 ) 
 ( -0.042047  0.000000 -0.024090  0.000000 -0.007903  0.000000 ) 
 ( -0.042047  0.000000 -0.024090  0.000000  0.007903  0.000000 ) 
 ( -0.377455  0.000000  0.052945  0.000000 -0.003516  0.000000 ) 
 ( -0.377455  0.000000  0.052945  0.000000  0.003516  0.000000 ) 
 (  0.377455  0.000000  0.052945  0.000000 -0.003516  0.000000 ) 
 (  0.377455  0.000000  0.052945  0.000000  0.003516  0.000000 ) 
 (  0.007478  0.000000 -0.016647  0.000000 -0.000729  0.000000 ) 
 (  0.007478  0.000000 -0.016647  0.000000  0.000729  0.000000 ) 
 ( -0.007478  0.000000 -0.016647  0.000000 -0.000729  0.000000 ) 
 ( -0.007478  0.000000 -0.016647  0.000000  0.000729  0.000000 ) 
 (  0.057412  0.000000 -0.139359  0.000000 -0.226616  0.000000 ) 
 (  0.057412  0.000000 -0.139359  0.000000  0.226616  0.000000 ) 
 (  0.057412  0.000000  0.139359  0.000000  0.226616  0.000000 ) 
 (  0.057412  0.000000  0.139359  0.000000 -0.226616  0.000000 ) 
 ( -0.030978  0.000000  0.082979  0.000000  0.141599  0.000000 ) 
 ( -0.030978  0.000000  0.082979  0.000000 -0.141599  0.000000 ) 
 (  0.030978  0.000000  0.082979  0.000000  0.141599  0.000000 ) 
 (  0.030978  0.000000  0.082979  0.000000 -0.141599  0.000000 ) 
     freq (   60) =      70.585907 [THz] =    2354.492408 [cm-1]
 (  0.000086  0.000000  0.000051  0.000000 -0.000000  0.000000 ) 
 ( -0.000086  0.000000  0.000051  0.000000  0.000000  0.000000 ) 
 ( -0.041906  0.000000  0.024317  0.000000 -0.007855  0.000000 ) 
 ( -0.041906  0.000000  0.024317  0.000000  0.007855  0.000000 ) 
 ( -0.041906  0.000000 -0.024317  0.000000  0.007855  0.000000 ) 
 ( -0.041906  0.000000 -0.024317  0.000000 -0.007855  0.000000 ) 
 (  0.375656  0.000000 -0.052623  0.000000 -0.003430  0.000000 ) 
 (  0.375656  0.000000 -0.052623  0.000000  0.003430  0.000000 ) 
 (  0.375656  0.000000  0.052623  0.000000  0.003430  0.000000 ) 
 (  0.375656  0.000000  0.052623  0.000000 -0.003430  0.000000 ) 
 ( -0.008131  0.000000  0.015542  0.000000 -0.000723  0.000000 ) 
 ( -0.008131  0.000000  0.015542  0.000000  0.000723  0.000000 ) 
 ( -0.008131  0.000000 -0.015542  0.000000  0.000723  0.000000 ) 
 ( -0.008131  0.000000 -0.015542  0.000000 -0.000723  0.000000 ) 
 ( -0.031445  0.000000  0.083971  0.000000  0.143254  0.000000 ) 
 ( -0.031445  0.000000  0.083971  0.000000 -0.143254  0.000000 ) 
 (  0.031445  0.000000  0.083971  0.000000  0.143254  0.000000 ) 
 (  0.031445  0.000000  0.083971  0.000000 -0.143254  0.000000 ) 
 (  0.057752  0.000000 -0.139998  0.000000 -0.227790  0.000000 ) 
 (  0.057752  0.000000 -0.139998  0.000000  0.227790  0.000000 ) 
 (  0.057752  0.000000  0.139998  0.000000  0.227790  0.000000 ) 
 (  0.057752  0.000000  0.139998  0.000000 -0.227790  0.000000 ) 
     freq (   61) =      70.649576 [THz] =    2356.616205 [cm-1]
 ( -0.000000  0.000000 -0.000000  0.000000  0.000168  0.000000 ) 
 ( -0.000000  0.000000  0.000000  0.000000 -0.000168  0.000000 ) 
 (  0.032883  0.000000 -0.034694  0.000000 -0.005682  0.000000 ) 
 ( -0.032883  0.000000  0.034694  0.000000 -0.005682  0.000000 ) 
 ( -0.032883  0.000000 -0.034694  0.000000 -0.005682  0.000000 ) 
 (  0.032883  0.000000  0.034694  0.000000 -0.005682  0.000000 ) 
 ( -0.303413  0.000000  0.037514  0.000000 -0.001991  0.000000 ) 
 (  0.303413  0.000000 -0.037514  0.000000 -0.001991  0.000000 ) 
 (  0.303413  0.000000  0.037514  0.000000 -0.001991  0.000000 ) 
 ( -0.303413  0.000000 -0.037514  0.000000 -0.001991  0.000000 ) 
 (  0.056860  0.000000  0.073333  0.000000 -0.000627  0.000000 ) 
 ( -0.056860  0.000000 -0.073333  0.000000 -0.000627  0.000000 ) 
 ( -0.056860  0.000000  0.073333  0.000000 -0.000627  0.000000 ) 
 (  0.056860  0.000000 -0.073333  0.000000 -0.000627  0.000000 ) 
 (  0.067580  0.000000 -0.156707  0.000000 -0.255009  0.000000 ) 
 ( -0.067580  0.000000  0.156707  0.000000 -0.255009  0.000000 ) 
 (  0.067580  0.000000  0.156707  0.000000  0.255009  0.000000 ) 
 ( -0.067580  0.000000 -0.156707  0.000000  0.255009  0.000000 ) 
 (  0.048352  0.000000 -0.113307  0.000000 -0.190449  0.000000 ) 
 ( -0.048352  0.000000  0.113307  0.000000 -0.190449  0.000000 ) 
 ( -0.048352  0.000000 -0.113307  0.000000 -0.190449  0.000000 ) 
 (  0.048352  0.000000  0.113307  0.000000 -0.190449  0.000000 ) 
     freq (   62) =      70.651998 [THz] =    2356.696986 [cm-1]
 ( -0.000000  0.000000 -0.000000  0.000000  0.000173  0.000000 ) 
 ( -0.000000  0.000000  0.000000  0.000000  0.000173  0.000000 ) 
 (  0.032640  0.000000 -0.034889  0.000000  0.005501  0.000000 ) 
 ( -0.032640  0.000000  0.034889  0.000000  0.005501  0.000000 ) 
 (  0.032640  0.000000  0.034889  0.000000 -0.005501  0.000000 ) 
 ( -0.032640  0.000000 -0.034889  0.000000 -0.005501  0.000000 ) 
 ( -0.299726  0.000000  0.036760  0.000000  0.001910  0.000000 ) 
 (  0.299726  0.000000 -0.036760  0.000000  0.001910  0.000000 ) 
 ( -0.299726  0.000000 -0.036760  0.000000 -0.001910  0.000000 ) 
 (  0.299726  0.000000  0.036760  0.000000 -0.001910  0.000000 ) 
 (  0.056880  0.000000  0.073506  0.000000  0.000653  0.000000 ) 
 ( -0.056880  0.000000 -0.073506  0.000000  0.000653  0.000000 ) 
 (  0.056880  0.000000 -0.073506  0.000000 -0.000653  0.000000 ) 
 ( -0.056880  0.000000  0.073506  0.000000 -0.000653  0.000000 ) 
 (  0.049303  0.000000 -0.114931  0.000000 -0.193331  0.000000 ) 
 ( -0.049303  0.000000  0.114931  0.000000 -0.193331  0.000000 ) 
 ( -0.049303  0.000000 -0.114931  0.000000 -0.193331  0.000000 ) 
 (  0.049303  0.000000  0.114931  0.000000 -0.193331  0.000000 ) 
 (  0.067928  0.000000 -0.157210  0.000000 -0.255952  0.000000 ) 
 ( -0.067928  0.000000  0.157210  0.000000 -0.255952  0.000000 ) 
 (  0.067928  0.000000  0.157210  0.000000  0.255952  0.000000 ) 
 ( -0.067928  0.000000 -0.157210  0.000000  0.255952  0.000000 ) 
     freq (   63) =      71.345103 [THz] =    2379.816484 [cm-1]
 (  0.000089  0.000000 -0.000137  0.000000  0.000000  0.000000 ) 
 (  0.000089  0.000000  0.000137  0.000000  0.000000  0.000000 ) 
 (  0.008404  0.000000 -0.000177  0.000000  0.049946  0.000000 ) 
 (  0.008404  0.000000 -0.000177  0.000000 -0.049946  0.000000 ) 
 ( -0.008404  0.000000 -0.000177  0.000000  0.049946  0.000000 ) 
 ( -0.008404  0.000000 -0.000177  0.000000 -0.049946  0.000000 ) 
 ( -0.074821  0.000000  0.010982  0.000000  0.009576  0.000000 ) 
 ( -0.074821  0.000000  0.010982  0.000000 -0.009576  0.000000 ) 
 (  0.074821  0.000000  0.010982  0.000000  0.009576  0.000000 ) 
 (  0.074821  0.000000  0.010982  0.000000 -0.009576  0.000000 ) 
 ( -0.017085  0.000000 -0.031881  0.000000  0.011113  0.000000 ) 
 ( -0.017085  0.000000 -0.031881  0.000000 -0.011113  0.000000 ) 
 (  0.017085  0.000000 -0.031881  0.000000  0.011113  0.000000 ) 
 (  0.017085  0.000000 -0.031881  0.000000 -0.011113  0.000000 ) 
 ( -0.080071  0.000000  0.174001  0.000000  0.267061  0.000000 ) 
 ( -0.080071  0.000000  0.174001  0.000000 -0.267061  0.000000 ) 
 ( -0.080071  0.000000 -0.174001  0.000000 -0.267061  0.000000 ) 
 ( -0.080071  0.000000 -0.174001  0.000000  0.267061  0.000000 ) 
 ( -0.086275  0.000000  0.191999  0.000000  0.296439  0.000000 ) 
 ( -0.086275  0.000000  0.191999  0.000000 -0.296439  0.000000 ) 
 (  0.086275  0.000000  0.191999  0.000000  0.296439  0.000000 ) 
 (  0.086275  0.000000  0.191999  0.000000 -0.296439  0.000000 ) 
     freq (   64) =      71.346780 [THz] =    2379.872408 [cm-1]
 ( -0.000091  0.000000  0.000134  0.000000 -0.000000  0.000000 ) 
 (  0.000091  0.000000  0.000134  0.000000  0.000000  0.000000 ) 
 (  0.008356  0.000000 -0.000235  0.000000 -0.049944  0.000000 ) 
 (  0.008356  0.000000 -0.000235  0.000000  0.049944  0.000000 ) 
 (  0.008356  0.000000  0.000235  0.000000  0.049944  0.000000 ) 
 (  0.008356  0.000000  0.000235  0.000000 -0.049944  0.000000 ) 
 ( -0.074730  0.000000  0.010945  0.000000 -0.009537  0.000000 ) 
 ( -0.074730  0.000000  0.010945  0.000000  0.009537  0.000000 ) 
 ( -0.074730  0.000000 -0.010945  0.000000  0.009537  0.000000 ) 
 ( -0.074730  0.000000 -0.010945  0.000000 -0.009537  0.000000 ) 
 ( -0.016659  0.000000 -0.031106  0.000000 -0.011115  0.000000 ) 
 ( -0.016659  0.000000 -0.031106  0.000000  0.011115  0.000000 ) 
 ( -0.016659  0.000000  0.031106  0.000000  0.011115  0.000000 ) 
 ( -0.016659  0.000000  0.031106  0.000000 -0.011115  0.000000 ) 
 (  0.086264  0.000000 -0.191957  0.000000 -0.296427  0.000000 ) 
 (  0.086264  0.000000 -0.191957  0.000000  0.296427  0.000000 ) 
 ( -0.086264  0.000000 -0.191957  0.000000 -0.296427  0.000000 ) 
 ( -0.086264  0.000000 -0.191957  0.000000  0.296427  0.000000 ) 
 (  0.080119  0.000000 -0.174130  0.000000 -0.267158  0.000000 ) 
 (  0.080119  0.000000 -0.174130  0.000000  0.267158  0.000000 ) 
 (  0.080119  0.000000  0.174130  0.000000  0.267158  0.000000 ) 
 (  0.080119  0.000000  0.174130  0.000000 -0.267158  0.000000 ) 
     freq (   65) =      71.502662 [THz] =    2385.072066 [cm-1]
 ( -0.000000  0.000000 -0.000000  0.000000  0.000162  0.000000 ) 
 ( -0.000000  0.000000 -0.000000  0.000000  0.000162  0.000000 ) 
 (  0.003406  0.000000 -0.004282  0.000000 -0.050081  0.000000 ) 
 ( -0.003406  0.000000  0.004282  0.000000 -0.050081  0.000000 ) 
 (  0.003406  0.000000  0.004282  0.000000  0.050081  0.000000 ) 
 ( -0.003406  0.000000 -0.004282  0.000000  0.050081  0.000000 ) 
 ( -0.028033  0.000000  0.003796  0.000000 -0.008857  0.000000 ) 
 (  0.028033  0.000000 -0.003796  0.000000 -0.008857  0.000000 ) 
 ( -0.028033  0.000000 -0.003796  0.000000  0.008857  0.000000 ) 
 (  0.028033  0.000000  0.003796  0.000000  0.008857  0.000000 ) 
 (  0.005999  0.000000  0.009729  0.000000 -0.009043  0.000000 ) 
 ( -0.005999  0.000000 -0.009729  0.000000 -0.009043  0.000000 ) 
 (  0.005999  0.000000 -0.009729  0.000000  0.009043  0.000000 ) 
 ( -0.005999  0.000000  0.009729  0.000000  0.009043  0.000000 ) 
 (  0.091493  0.000000 -0.200788  0.000000 -0.312355  0.000000 ) 
 ( -0.091493  0.000000  0.200788  0.000000 -0.312355  0.000000 ) 
 ( -0.091493  0.000000 -0.200788  0.000000 -0.312355  0.000000 ) 
 (  0.091493  0.000000  0.200788  0.000000 -0.312355  0.000000 ) 
 ( -0.076467  0.000000  0.167149  0.000000  0.257551  0.000000 ) 
 (  0.076467  0.000000 -0.167149  0.000000  0.257551  0.000000 ) 
 ( -0.076467  0.000000 -0.167149  0.000000 -0.257551  0.000000 ) 
 (  0.076467  0.000000  0.167149  0.000000 -0.257551  0.000000 ) 
     freq (   66) =      71.507021 [THz] =    2385.217485 [cm-1]
 ( -0.000000  0.000000  0.000000  0.000000 -0.000164  0.000000 ) 
 ( -0.000000  0.000000 -0.000000  0.000000  0.000164  0.000000 ) 
 ( -0.003537  0.000000  0.004391  0.000000 -0.050057  0.000000 ) 
 (  0.003537  0.000000 -0.004391  0.000000 -0.050057  0.000000 ) 
 (  0.003537  0.000000  0.004391  0.000000 -0.050057  0.000000 ) 
 ( -0.003537  0.000000 -0.004391  0.000000 -0.050057  0.000000 ) 
 (  0.029292  0.000000 -0.003980  0.000000 -0.008800  0.000000 ) 
 ( -0.029292  0.000000  0.003980  0.000000 -0.008800  0.000000 ) 
 ( -0.029292  0.000000 -0.003980  0.000000 -0.008800  0.000000 ) 
 (  0.029292  0.000000  0.003980  0.000000 -0.008800  0.000000 ) 
 ( -0.006327  0.000000 -0.010109  0.000000 -0.009130  0.000000 ) 
 (  0.006327  0.000000  0.010109  0.000000 -0.009130  0.000000 ) 
 (  0.006327  0.000000 -0.010109  0.000000 -0.009130  0.000000 ) 
 ( -0.006327  0.000000  0.010109  0.000000 -0.009130  0.000000 ) 
 (  0.076314  0.000000 -0.166601  0.000000 -0.256822  0.000000 ) 
 ( -0.076314  0.000000  0.166601  0.000000 -0.256822  0.000000 ) 
 (  0.076314  0.000000  0.166601  0.000000  0.256822  0.000000 ) 
 ( -0.076314  0.000000 -0.166601  0.000000  0.256822  0.000000 ) 
 ( -0.091484  0.000000  0.201257  0.000000  0.312850  0.000000 ) 
 (  0.091484  0.000000 -0.201257  0.000000  0.312850  0.000000 ) 
 (  0.091484  0.000000  0.201257  0.000000  0.312850  0.000000 ) 
 ( -0.091484  0.000000 -0.201257  0.000000  0.312850  0.000000 ) 
 **************************************************************************
