Dynamical matrix file
                                                                           
  3   22   8  13.4191655   0.9956421   0.6494553   0.0000000   0.0000000   0.0000000
           1  'B      '    9853.6237122476850     
           2  'Ba     '    125165.90357338246     
           3  'H      '    918.68111039893927     
    1    2      0.5000000000      0.4978210450      0.3247278345
    2    2      0.0000000000      0.0000000000      0.6494551305
    3    1      0.6304291863      0.2557629833      0.0000070530
    4    1      0.3695708137      0.7398791067      0.0000070530
    5    1      0.1304291863      0.2420580617      0.3247206020
    6    1      0.8695708137      0.7535840283      0.3247206020
    7    3      0.4589234318      0.2831460845     -0.0000062539
    8    3      0.5410765682      0.7124960055     -0.0000062539
    9    3      0.9589234318      0.2146749605      0.3247339089
   10    3      0.0410765682      0.7809671295      0.3247339089
   11    3      0.7148392306      0.4082360049      0.0000081946
   12    3      0.2851607694      0.5874060851      0.0000081946
   13    3      0.2148392306      0.0895850401      0.3247194604
   14    3      0.7851607694      0.9060570499      0.3247194604
   15    3      0.6705874956      0.1673910636      0.5059714565
   16    3      0.3294125044      0.8282510264      0.5059714565
   17    3      0.1705874956      0.3304299814      0.4682115085
   18    3      0.8294125044      0.6652121086      0.4682115085
   19    3      0.3294167455      0.8282497401      0.1435012547
   20    3      0.6705832545      0.1673923499      0.1435012547
   21    3      0.8294167455      0.6652133949      0.1812264003
   22    3      0.1705832545      0.3304286951      0.1812264003

     Dynamical  Matrix in cartesian axes

     q = (   -0.500000000   0.000000000   0.000000000 ) 

    1    1
  0.09645162   0.00000000    -0.00378560   0.00000000     0.00000000   0.00000000
 -0.00378560   0.00000000     0.07207956   0.00000000     0.00000000   0.00000000
  0.00000000   0.00000000     0.00000000   0.00000000     0.06669315   0.00000000
    1    2
  0.00000000   0.00000000     0.00000000   0.00000000     0.00070768   0.00000000
  0.00000000   0.00000000     0.00000000   0.00000000    -0.00067750  -0.00000000
  0.00070768   0.00000000     0.00067750   0.00000000     0.00000000   0.00000000
    1    3
  0.00422222   0.00000000     0.01158814   0.00000000    -0.00016427  -0.00000000
  0.00917991   0.00000000    -0.01117468  -0.00000000     0.00018761   0.00000000
 -0.00084945  -0.00000000     0.00084041   0.00000000    -0.02559393  -0.00000000
    1    4
  0.00422222   0.00000000     0.01158814   0.00000000     0.00016427   0.00000000
  0.00917991   0.00000000    -0.01117468  -0.00000000    -0.00018761  -0.00000000
  0.00084945   0.00000000    -0.00084041  -0.00000000    -0.02559393  -0.00000000
    1    5
 -0.01429481  -0.00000000    -0.00560604  -0.00000000     0.00023081   0.00000000
 -0.00669166  -0.00000000    -0.00605289  -0.00000000     0.00020030   0.00000000
 -0.00039383  -0.00000000     0.00051090   0.00000000     0.00562518   0.00000000
    1    6
 -0.01429481  -0.00000000    -0.00560604  -0.00000000    -0.00023081  -0.00000000
 -0.00669166  -0.00000000    -0.00605289  -0.00000000    -0.00020030  -0.00000000
  0.00039383   0.00000000    -0.00051090  -0.00000000     0.00562518   0.00000000
    1    7
 -0.01300191  -0.00000000    -0.00188249  -0.00000000    -0.00023258  -0.00000000
  0.00091474   0.00000000    -0.00471577  -0.00000000    -0.00005626  -0.00000000
 -0.00012565  -0.00000000    -0.00002915  -0.00000000    -0.00619295  -0.00000000
    1    8
 -0.01300191   0.00000000    -0.00188249   0.00000000     0.00023258  -0.00000000
  0.00091474  -0.00000000    -0.00471577   0.00000000     0.00005626  -0.00000000
  0.00012565  -0.00000000     0.00002915  -0.00000000    -0.00619295   0.00000000
    1    9
  0.00045400  -0.00000000    -0.00125214   0.00000000     0.00041764  -0.00000000
 -0.00432229   0.00000000    -0.00122242   0.00000000     0.00034928  -0.00000000
 -0.00018070   0.00000000    -0.00000430   0.00000000     0.00199500  -0.00000000
    1   10
  0.00045400   0.00000000    -0.00125214  -0.00000000    -0.00041764  -0.00000000
 -0.00432229  -0.00000000    -0.00122242  -0.00000000    -0.00034928  -0.00000000
  0.00018070   0.00000000     0.00000430   0.00000000     0.00199500   0.00000000
    1   11
 -0.00875362  -0.00000000     0.00040614   0.00000000    -0.00005716  -0.00000000
 -0.00450953  -0.00000000    -0.00456185  -0.00000000     0.00009202   0.00000000
  0.00003793   0.00000000    -0.00001761  -0.00000000    -0.00221068  -0.00000000
    1   12
 -0.00875362  -0.00000000     0.00040614   0.00000000     0.00005716   0.00000000
 -0.00450953  -0.00000000    -0.00456185  -0.00000000    -0.00009202  -0.00000000
 -0.00003793  -0.00000000     0.00001761   0.00000000    -0.00221068  -0.00000000
    1   13
  0.00039895   0.00000000     0.00454853   0.00000000     0.00001294   0.00000000
  0.00264435   0.00000000     0.00117417   0.00000000     0.00051831   0.00000000
  0.00001581   0.00000000    -0.00009921  -0.00000000    -0.00070191  -0.00000000
    1   14
  0.00039895   0.00000000     0.00454853   0.00000000    -0.00001294  -0.00000000
  0.00264435   0.00000000     0.00117417   0.00000000    -0.00051831  -0.00000000
 -0.00001581  -0.00000000     0.00009921   0.00000000    -0.00070191  -0.00000000
    1   15
 -0.00480927  -0.00000000     0.00096313   0.00000000    -0.00022258  -0.00000000
 -0.00113340  -0.00000000    -0.00204730  -0.00000000     0.00262159   0.00000000
  0.00088405   0.00000000    -0.00040552  -0.00000000     0.00252744   0.00000000
    1   16
 -0.00480927   0.00000000     0.00096313  -0.00000000     0.00022258  -0.00000000
 -0.00113340   0.00000000    -0.00204730   0.00000000    -0.00262159   0.00000000
 -0.00088405   0.00000000     0.00040552  -0.00000000     0.00252744  -0.00000000
    1   17
 -0.00559443  -0.00000000    -0.00256114  -0.00000000     0.00021183   0.00000000
 -0.00155553  -0.00000000     0.00080039   0.00000000    -0.00019723  -0.00000000
  0.00225753   0.00000000     0.00023009   0.00000000    -0.00313851  -0.00000000
    1   18
 -0.00559443  -0.00000000    -0.00256114  -0.00000000    -0.00021183  -0.00000000
 -0.00155553  -0.00000000     0.00080039   0.00000000     0.00019723   0.00000000
 -0.00225753  -0.00000000    -0.00023009  -0.00000000    -0.00313851  -0.00000000
    1   19
 -0.00437358  -0.00000000     0.00104099   0.00000000    -0.00031465  -0.00000000
 -0.00097439  -0.00000000    -0.00235861  -0.00000000     0.00291301   0.00000000
  0.00095803   0.00000000    -0.00046391  -0.00000000     0.00258477   0.00000000
    1   20
 -0.00437358   0.00000000     0.00104099  -0.00000000     0.00031465  -0.00000000
 -0.00097439   0.00000000    -0.00235861   0.00000000    -0.00291301   0.00000000
 -0.00095803   0.00000000     0.00046391  -0.00000000     0.00258477  -0.00000000
    1   21
 -0.00570410   0.00000000    -0.00236523   0.00000000     0.00020220  -0.00000000
 -0.00157665   0.00000000     0.00045517  -0.00000000    -0.00024359   0.00000000
  0.00225124  -0.00000000     0.00019371  -0.00000000    -0.00314220   0.00000000
    1   22
 -0.00570410  -0.00000000    -0.00236523  -0.00000000    -0.00020220  -0.00000000
 -0.00157665  -0.00000000     0.00045517   0.00000000     0.00024359   0.00000000
 -0.00225124  -0.00000000    -0.00019371  -0.00000000    -0.00314220  -0.00000000
    2    1
  0.00000000   0.00000000     0.00000000   0.00000000     0.00070768  -0.00000000
  0.00000000   0.00000000     0.00000000   0.00000000     0.00067750  -0.00000000
  0.00070768  -0.00000000    -0.00067750   0.00000000     0.00000000   0.00000000
    2    2
  0.09645162   0.00000000     0.00378560   0.00000000     0.00000000   0.00000000
  0.00378560   0.00000000     0.07207956   0.00000000     0.00000000   0.00000000
  0.00000000   0.00000000     0.00000000   0.00000000     0.06669315   0.00000000
    2    3
  0.01429481  -0.00000000    -0.00560604   0.00000000     0.00023081  -0.00000000
 -0.00669166   0.00000000     0.00605289  -0.00000000    -0.00020030   0.00000000
 -0.00039383   0.00000000    -0.00051090   0.00000000    -0.00562518   0.00000000
    2    4
 -0.01429481   0.00000000     0.00560604  -0.00000000     0.00023081  -0.00000000
  0.00669166  -0.00000000    -0.00605289   0.00000000    -0.00020030   0.00000000
 -0.00039383   0.00000000    -0.00051090   0.00000000     0.00562518  -0.00000000
    2    5
  0.00422222  -0.00000000    -0.01158814   0.00000000     0.00016427  -0.00000000
 -0.00917991   0.00000000    -0.01117468   0.00000000     0.00018761  -0.00000000
  0.00084945  -0.00000000     0.00084041  -0.00000000    -0.02559393   0.00000000
    2    6
 -0.00422222  -0.00000000     0.01158814   0.00000000     0.00016427   0.00000000
  0.00917991   0.00000000     0.01117468   0.00000000     0.00018761   0.00000000
  0.00084945   0.00000000     0.00084041   0.00000000     0.02559393   0.00000000
    2    7
  0.00045400  -0.00000000     0.00125214  -0.00000000    -0.00041764   0.00000000
  0.00432229  -0.00000000    -0.00122242   0.00000000     0.00034928  -0.00000000
  0.00018070  -0.00000000    -0.00000430   0.00000000     0.00199500  -0.00000000
    2    8
 -0.00045400   0.00000000    -0.00125214   0.00000000    -0.00041764   0.00000000
 -0.00432229   0.00000000     0.00122242  -0.00000000     0.00034928  -0.00000000
  0.00018070  -0.00000000    -0.00000430   0.00000000    -0.00199500   0.00000000
    2    9
  0.01300191  -0.00000000    -0.00188249   0.00000000    -0.00023258   0.00000000
  0.00091474  -0.00000000     0.00471577  -0.00000000     0.00005626  -0.00000000
 -0.00012565   0.00000000     0.00002915  -0.00000000     0.00619295  -0.00000000
    2   10
 -0.01300191   0.00000000     0.00188249  -0.00000000    -0.00023258   0.00000000
 -0.00091474   0.00000000    -0.00471577   0.00000000     0.00005626  -0.00000000
 -0.00012565   0.00000000     0.00002915  -0.00000000    -0.00619295   0.00000000
    2   11
 -0.00039895   0.00000000     0.00454853  -0.00000000     0.00001294  -0.00000000
  0.00264435  -0.00000000    -0.00117417   0.00000000    -0.00051831   0.00000000
  0.00001581  -0.00000000     0.00009921  -0.00000000     0.00070191  -0.00000000
    2   12
  0.00039895  -0.00000000    -0.00454853   0.00000000     0.00001294  -0.00000000
 -0.00264435   0.00000000     0.00117417  -0.00000000    -0.00051831   0.00000000
  0.00001581  -0.00000000     0.00009921  -0.00000000    -0.00070191   0.00000000
    2   13
 -0.00875362   0.00000000    -0.00040614   0.00000000     0.00005716  -0.00000000
  0.00450953  -0.00000000    -0.00456185   0.00000000     0.00009202  -0.00000000
 -0.00003793   0.00000000    -0.00001761   0.00000000    -0.00221068   0.00000000
    2   14
  0.00875362  -0.00000000     0.00040614  -0.00000000     0.00005716  -0.00000000
 -0.00450953   0.00000000     0.00456185  -0.00000000     0.00009202  -0.00000000
 -0.00003793   0.00000000    -0.00001761   0.00000000     0.00221068  -0.00000000
    2   15
  0.00559443  -0.00000000    -0.00256114   0.00000000     0.00021183  -0.00000000
 -0.00155553   0.00000000    -0.00080039   0.00000000     0.00019723  -0.00000000
  0.00225753  -0.00000000    -0.00023009   0.00000000     0.00313851  -0.00000000
    2   16
 -0.00559443   0.00000000     0.00256114  -0.00000000     0.00021183  -0.00000000
  0.00155553  -0.00000000     0.00080039  -0.00000000     0.00019723  -0.00000000
  0.00225753  -0.00000000    -0.00023009   0.00000000    -0.00313851   0.00000000
    2   17
 -0.00480927  -0.00000000    -0.00096313  -0.00000000     0.00022258   0.00000000
  0.00113340   0.00000000    -0.00204730  -0.00000000     0.00262159   0.00000000
 -0.00088405  -0.00000000    -0.00040552  -0.00000000     0.00252744   0.00000000
    2   18
  0.00480927   0.00000000     0.00096313   0.00000000     0.00022258   0.00000000
 -0.00113340  -0.00000000     0.00204730   0.00000000     0.00262159   0.00000000
 -0.00088405  -0.00000000    -0.00040552  -0.00000000    -0.00252744  -0.00000000
    2   19
 -0.00570410  -0.00000000     0.00236523   0.00000000    -0.00020220  -0.00000000
  0.00157665   0.00000000     0.00045517   0.00000000    -0.00024359  -0.00000000
 -0.00225124  -0.00000000     0.00019371   0.00000000    -0.00314220  -0.00000000
    2   20
  0.00570410  -0.00000000    -0.00236523   0.00000000    -0.00020220   0.00000000
 -0.00157665   0.00000000    -0.00045517   0.00000000    -0.00024359   0.00000000
 -0.00225124   0.00000000     0.00019371  -0.00000000     0.00314220  -0.00000000
    2   21
  0.00437358  -0.00000000     0.00104099  -0.00000000    -0.00031465   0.00000000
 -0.00097439   0.00000000     0.00235861  -0.00000000    -0.00291301   0.00000000
  0.00095803  -0.00000000     0.00046391  -0.00000000    -0.00258477   0.00000000
    2   22
 -0.00437358   0.00000000    -0.00104099   0.00000000    -0.00031465   0.00000000
  0.00097439  -0.00000000    -0.00235861   0.00000000    -0.00291301   0.00000000
  0.00095803  -0.00000000     0.00046391  -0.00000000     0.00258477  -0.00000000
    3    1
  0.00422222  -0.00000000     0.00917991  -0.00000000    -0.00084945   0.00000000
  0.01158814  -0.00000000    -0.01117468   0.00000000     0.00084041  -0.00000000
 -0.00016427   0.00000000     0.00018761  -0.00000000    -0.02559393   0.00000000
    3    2
  0.01429481   0.00000000    -0.00669166  -0.00000000    -0.00039383  -0.00000000
 -0.00560604  -0.00000000     0.00605289   0.00000000    -0.00051090  -0.00000000
  0.00023081   0.00000000    -0.00020030  -0.00000000    -0.00562518  -0.00000000
    3    3
  0.59426272   0.00000000    -0.01942772   0.00000000    -0.00002070   0.00000000
 -0.01942772   0.00000000     0.59661764   0.00000000     0.00006074   0.00000000
 -0.00002070   0.00000000     0.00006074   0.00000000     0.64608895   0.00000000
    3    4
  0.00106733   0.00000000     0.00114001   0.00000000     0.00023272   0.00000000
  0.00114001   0.00000000    -0.00102994  -0.00000000    -0.00017486  -0.00000000
 -0.00023272  -0.00000000     0.00017486   0.00000000    -0.00127309  -0.00000000
    3    5
  0.00000000   0.00000000    -0.00183153  -0.00000000     0.00006108   0.00000000
 -0.00183153  -0.00000000    -0.00000000  -0.00000000     0.00028005   0.00000000
  0.00006108   0.00000000    -0.00028005  -0.00000000     0.00000000   0.00000000
    3    6
 -0.00000450  -0.00000000     0.00053451   0.00000000    -0.00027028  -0.00000000
 -0.00053451  -0.00000000     0.00267033   0.00000000     0.00018205   0.00000000
 -0.00027028  -0.00000000    -0.00018205  -0.00000000     0.00204411   0.00000000
    3    7
 -0.33520080   0.00000000     0.04492541  -0.00000000    -0.00001646   0.00000000
  0.04133864  -0.00000000    -0.05352932   0.00000000    -0.00009126   0.00000000
 -0.00009533   0.00000000     0.00002754  -0.00000000    -0.04912412   0.00000000
    3    8
 -0.00127012   0.00000000     0.00002603  -0.00000000     0.00019550  -0.00000000
  0.00066477  -0.00000000    -0.00095189   0.00000000    -0.00008647   0.00000000
  0.00005229  -0.00000000    -0.00006405   0.00000000    -0.00067971   0.00000000
    3    9
 -0.00244314   0.00000000    -0.00038910   0.00000000     0.00019338  -0.00000000
 -0.00083846   0.00000000    -0.00021889   0.00000000    -0.00005230   0.00000000
  0.00000504  -0.00000000     0.00004893  -0.00000000    -0.00067746   0.00000000
    3   10
 -0.00135926   0.00000000    -0.00030966   0.00000000    -0.00013856   0.00000000
 -0.00036279   0.00000000    -0.00009096   0.00000000     0.00004435  -0.00000000
  0.00004994  -0.00000000     0.00008769  -0.00000000     0.00010395  -0.00000000
    3   11
 -0.11836613   0.00000000    -0.11900596   0.00000000     0.00009487  -0.00000000
 -0.11790105   0.00000000    -0.26231470   0.00000000    -0.00002520   0.00000000
 -0.00000816   0.00000000     0.00007789  -0.00000000    -0.05362200   0.00000000
    3   12
 -0.00081847   0.00000000    -0.00003461   0.00000000     0.00012156  -0.00000000
 -0.00014948   0.00000000    -0.00144735   0.00000000    -0.00003670   0.00000000
 -0.00001321   0.00000000    -0.00007149   0.00000000    -0.00069092   0.00000000
    3   13
  0.00032999  -0.00000000     0.00036331  -0.00000000     0.00003165  -0.00000000
  0.00056066  -0.00000000     0.00039592  -0.00000000     0.00005070  -0.00000000
 -0.00003233   0.00000000    -0.00000201   0.00000000     0.00039435  -0.00000000
    3   14
  0.00036737   0.00000000     0.00019293   0.00000000    -0.00009725   0.00000000
  0.00104993   0.00000000    -0.00094627   0.00000000    -0.00000672   0.00000000
 -0.00003671   0.00000000    -0.00008578   0.00000000    -0.00168736   0.00000000
    3   15
 -0.06222330   0.00000000     0.03894220  -0.00000000     0.05462541  -0.00000000
  0.03951182  -0.00000000    -0.13049086   0.00000000    -0.12713312   0.00000000
  0.05490917  -0.00000000    -0.12690985   0.00000000    -0.25730362   0.00000000
    3   16
 -0.00052293   0.00000000    -0.00017874   0.00000000     0.00014395  -0.00000000
  0.00007583  -0.00000000    -0.00096720   0.00000000    -0.00010251   0.00000000
 -0.00039613   0.00000000     0.00040031  -0.00000000    -0.00049988   0.00000000
    3   17
 -0.00058137  -0.00000000     0.00023770   0.00000000    -0.00022311  -0.00000000
  0.00018315   0.00000000    -0.00003961  -0.00000000     0.00008344   0.00000000
 -0.00024382  -0.00000000    -0.00029640  -0.00000000    -0.00071946  -0.00000000
    3   18
  0.00017174   0.00000000    -0.00036877  -0.00000000     0.00043555   0.00000000
 -0.00027737  -0.00000000    -0.00079418  -0.00000000     0.00072446   0.00000000
  0.00027290   0.00000000     0.00004080   0.00000000    -0.00069670  -0.00000000
    3   19
 -0.00045247  -0.00000000    -0.00023139  -0.00000000    -0.00009585  -0.00000000
  0.00023866   0.00000000    -0.00080930  -0.00000000     0.00011099   0.00000000
  0.00025626   0.00000000    -0.00027654  -0.00000000    -0.00040376  -0.00000000
    3   20
 -0.06216118   0.00000000     0.03890285  -0.00000000    -0.05461614   0.00000000
  0.03943885  -0.00000000    -0.13057690   0.00000000     0.12716311  -0.00000000
 -0.05490063   0.00000000     0.12685972  -0.00000000    -0.25715497   0.00000000
    3   21
  0.00011685  -0.00000000    -0.00043478   0.00000000    -0.00038391   0.00000000
 -0.00016795   0.00000000    -0.00076527   0.00000000    -0.00068942   0.00000000
 -0.00033123   0.00000000    -0.00011600   0.00000000    -0.00063002   0.00000000
    3   22
 -0.00049004   0.00000000     0.00028658  -0.00000000     0.00035057  -0.00000000
  0.00004114  -0.00000000     0.00007277  -0.00000000    -0.00011366   0.00000000
  0.00030617  -0.00000000     0.00021999  -0.00000000    -0.00076860   0.00000000
    4    1
  0.00422222  -0.00000000     0.00917991  -0.00000000     0.00084945  -0.00000000
  0.01158814  -0.00000000    -0.01117468   0.00000000    -0.00084041   0.00000000
  0.00016427  -0.00000000    -0.00018761   0.00000000    -0.02559393   0.00000000
    4    2
 -0.01429481  -0.00000000     0.00669166   0.00000000    -0.00039383  -0.00000000
  0.00560604   0.00000000    -0.00605289  -0.00000000    -0.00051090  -0.00000000
  0.00023081   0.00000000    -0.00020030  -0.00000000     0.00562518   0.00000000
    4    3
  0.00106733  -0.00000000     0.00114001  -0.00000000    -0.00023272   0.00000000
  0.00114001  -0.00000000    -0.00102994   0.00000000     0.00017486  -0.00000000
  0.00023272  -0.00000000    -0.00017486   0.00000000    -0.00127309   0.00000000
    4    4
  0.59426272   0.00000000    -0.01942772   0.00000000     0.00002070   0.00000000
 -0.01942772   0.00000000     0.59661764   0.00000000    -0.00006074   0.00000000
  0.00002070   0.00000000    -0.00006074   0.00000000     0.64608895   0.00000000
    4    5
 -0.00000450  -0.00000000     0.00053451   0.00000000     0.00027028   0.00000000
 -0.00053451  -0.00000000     0.00267033   0.00000000    -0.00018205  -0.00000000
  0.00027028   0.00000000     0.00018205   0.00000000     0.00204411   0.00000000
    4    6
  0.00000000   0.00000000    -0.00183153  -0.00000000    -0.00006108  -0.00000000
 -0.00183153  -0.00000000    -0.00000000  -0.00000000    -0.00028005  -0.00000000
 -0.00006108  -0.00000000     0.00028005   0.00000000     0.00000000   0.00000000
    4    7
 -0.00127012   0.00000000     0.00002603   0.00000000    -0.00019550   0.00000000
  0.00066477  -0.00000000    -0.00095189   0.00000000     0.00008647  -0.00000000
 -0.00005229   0.00000000     0.00006405  -0.00000000    -0.00067971   0.00000000
    4    8
 -0.33520080   0.00000000     0.04492541  -0.00000000     0.00001646  -0.00000000
  0.04133864  -0.00000000    -0.05352932   0.00000000     0.00009126  -0.00000000
  0.00009533  -0.00000000    -0.00002754   0.00000000    -0.04912412   0.00000000
    4    9
 -0.00135926   0.00000000    -0.00030966   0.00000000     0.00013856  -0.00000000
 -0.00036279   0.00000000    -0.00009096   0.00000000    -0.00004435   0.00000000
 -0.00004994   0.00000000    -0.00008769   0.00000000     0.00010395  -0.00000000
    4   10
 -0.00244314  -0.00000000    -0.00038910  -0.00000000    -0.00019338  -0.00000000
 -0.00083846  -0.00000000    -0.00021889  -0.00000000     0.00005230   0.00000000
 -0.00000504  -0.00000000    -0.00004893  -0.00000000    -0.00067746  -0.00000000
    4   11
 -0.00081847   0.00000000    -0.00003461   0.00000000    -0.00012156   0.00000000
 -0.00014948   0.00000000    -0.00144735   0.00000000     0.00003670  -0.00000000
  0.00001321  -0.00000000     0.00007149  -0.00000000    -0.00069092   0.00000000
    4   12
 -0.11836613   0.00000000    -0.11900596   0.00000000    -0.00009487   0.00000000
 -0.11790105   0.00000000    -0.26231470   0.00000000     0.00002520  -0.00000000
  0.00000816  -0.00000000    -0.00007789   0.00000000    -0.05362200   0.00000000
    4   13
  0.00036737   0.00000000     0.00019293   0.00000000     0.00009725   0.00000000
  0.00104993   0.00000000    -0.00094627  -0.00000000     0.00000672   0.00000000
  0.00003671   0.00000000     0.00008578   0.00000000    -0.00168736  -0.00000000
    4   14
  0.00032999   0.00000000     0.00036331   0.00000000    -0.00003165  -0.00000000
  0.00056066   0.00000000     0.00039592   0.00000000    -0.00005070  -0.00000000
  0.00003233   0.00000000     0.00000201   0.00000000     0.00039435   0.00000000
    4   15
 -0.00052293   0.00000000    -0.00017874   0.00000000    -0.00014395   0.00000000
  0.00007583  -0.00000000    -0.00096720   0.00000000     0.00010251  -0.00000000
  0.00039613  -0.00000000    -0.00040031   0.00000000    -0.00049988   0.00000000
    4   16
 -0.06222330   0.00000000     0.03894220  -0.00000000    -0.05462541   0.00000000
  0.03951182  -0.00000000    -0.13049086   0.00000000     0.12713312  -0.00000000
 -0.05490917   0.00000000     0.12690985  -0.00000000    -0.25730362   0.00000000
    4   17
  0.00017174   0.00000000    -0.00036877  -0.00000000    -0.00043555  -0.00000000
 -0.00027737  -0.00000000    -0.00079418  -0.00000000    -0.00072446  -0.00000000
 -0.00027290  -0.00000000    -0.00004080  -0.00000000    -0.00069670  -0.00000000
    4   18
 -0.00058137  -0.00000000     0.00023770   0.00000000     0.00022311   0.00000000
  0.00018315   0.00000000    -0.00003961  -0.00000000    -0.00008344  -0.00000000
  0.00024382   0.00000000     0.00029640   0.00000000    -0.00071946  -0.00000000
    4   19
 -0.06216118  -0.00000000     0.03890285   0.00000000     0.05461614   0.00000000
  0.03943885   0.00000000    -0.13057690  -0.00000000    -0.12716311  -0.00000000
  0.05490063   0.00000000    -0.12685972  -0.00000000    -0.25715497  -0.00000000
    4   20
 -0.00045247   0.00000000    -0.00023139   0.00000000     0.00009585  -0.00000000
  0.00023866  -0.00000000    -0.00080930   0.00000000    -0.00011099   0.00000000
 -0.00025626   0.00000000     0.00027654  -0.00000000    -0.00040376   0.00000000
    4   21
 -0.00049004   0.00000000     0.00028658  -0.00000000    -0.00035057   0.00000000
  0.00004114  -0.00000000     0.00007277  -0.00000000     0.00011366  -0.00000000
 -0.00030617   0.00000000    -0.00021999   0.00000000    -0.00076860   0.00000000
    4   22
  0.00011685   0.00000000    -0.00043478   0.00000000     0.00038391   0.00000000
 -0.00016795   0.00000000    -0.00076527   0.00000000     0.00068942   0.00000000
  0.00033123   0.00000000     0.00011600   0.00000000    -0.00063002   0.00000000
    5    1
 -0.01429481   0.00000000    -0.00669166   0.00000000    -0.00039383   0.00000000
 -0.00560604   0.00000000    -0.00605289   0.00000000     0.00051090  -0.00000000
  0.00023081  -0.00000000     0.00020030  -0.00000000     0.00562518  -0.00000000
    5    2
  0.00422222   0.00000000    -0.00917991  -0.00000000     0.00084945   0.00000000
 -0.01158814  -0.00000000    -0.01117468  -0.00000000     0.00084041   0.00000000
  0.00016427   0.00000000     0.00018761   0.00000000    -0.02559393  -0.00000000
    5    3
 -0.00000000   0.00000000    -0.00183153   0.00000000     0.00006108  -0.00000000
 -0.00183153   0.00000000     0.00000000  -0.00000000    -0.00028005   0.00000000
  0.00006108  -0.00000000     0.00028005  -0.00000000    -0.00000000   0.00000000
    5    4
 -0.00000450   0.00000000    -0.00053451   0.00000000     0.00027028  -0.00000000
  0.00053451  -0.00000000     0.00267033  -0.00000000     0.00018205  -0.00000000
  0.00027028  -0.00000000    -0.00018205   0.00000000     0.00204411  -0.00000000
    5    5
  0.59426272   0.00000000     0.01942772   0.00000000     0.00002070   0.00000000
  0.01942772   0.00000000     0.59661764   0.00000000     0.00006074   0.00000000
  0.00002070   0.00000000     0.00006074   0.00000000     0.64608895   0.00000000
    5    6
 -0.00106733   0.00000000     0.00114001  -0.00000000     0.00023272  -0.00000000
  0.00114001  -0.00000000     0.00102994  -0.00000000     0.00017486  -0.00000000
 -0.00023272   0.00000000    -0.00017486   0.00000000     0.00127309  -0.00000000
    5    7
 -0.00244314   0.00000000     0.00038910  -0.00000000    -0.00019338   0.00000000
  0.00083846  -0.00000000    -0.00021889   0.00000000    -0.00005230   0.00000000
 -0.00000504   0.00000000     0.00004893  -0.00000000    -0.00067746   0.00000000
    5    8
  0.00135926  -0.00000000    -0.00030966   0.00000000    -0.00013856   0.00000000
 -0.00036279   0.00000000     0.00009096  -0.00000000    -0.00004435   0.00000000
  0.00004994  -0.00000000    -0.00008769   0.00000000    -0.00010395   0.00000000
    5    9
  0.33520080  -0.00000000     0.04492541  -0.00000000    -0.00001646   0.00000000
  0.04133864  -0.00000000     0.05352932  -0.00000000     0.00009126  -0.00000000
 -0.00009533   0.00000000    -0.00002754   0.00000000     0.04912412  -0.00000000
    5   10
 -0.00127012   0.00000000    -0.00002603   0.00000000    -0.00019550   0.00000000
 -0.00066477   0.00000000    -0.00095189   0.00000000    -0.00008647   0.00000000
 -0.00005229   0.00000000    -0.00006405   0.00000000    -0.00067971   0.00000000
    5   11
 -0.00032999   0.00000000     0.00036331  -0.00000000     0.00003165  -0.00000000
  0.00056066  -0.00000000    -0.00039592   0.00000000    -0.00005070   0.00000000
 -0.00003233   0.00000000     0.00000201  -0.00000000    -0.00039435   0.00000000
    5   12
  0.00036737  -0.00000000    -0.00019293   0.00000000     0.00009725  -0.00000000
 -0.00104993   0.00000000    -0.00094627   0.00000000    -0.00000672   0.00000000
  0.00003671  -0.00000000    -0.00008578   0.00000000    -0.00168736   0.00000000
    5   13
 -0.11836613   0.00000000     0.11900596  -0.00000000    -0.00009487   0.00000000
  0.11790105  -0.00000000    -0.26231470   0.00000000    -0.00002520   0.00000000
  0.00000816  -0.00000000     0.00007789  -0.00000000    -0.05362200   0.00000000
    5   14
  0.00081847  -0.00000000    -0.00003461   0.00000000     0.00012156  -0.00000000
 -0.00014948   0.00000000     0.00144735  -0.00000000     0.00003670  -0.00000000
 -0.00001321   0.00000000     0.00007149  -0.00000000     0.00069092  -0.00000000
    5   15
  0.00058137  -0.00000000     0.00023770  -0.00000000    -0.00022311   0.00000000
  0.00018315  -0.00000000     0.00003961  -0.00000000    -0.00008344   0.00000000
 -0.00024382   0.00000000     0.00029640  -0.00000000     0.00071946  -0.00000000
    5   16
  0.00017174  -0.00000000     0.00036877  -0.00000000    -0.00043555   0.00000000
  0.00027737  -0.00000000    -0.00079418   0.00000000     0.00072446  -0.00000000
 -0.00027290   0.00000000     0.00004080  -0.00000000    -0.00069670   0.00000000
    5   17
 -0.06222330  -0.00000000    -0.03894220  -0.00000000    -0.05462541  -0.00000000
 -0.03951182  -0.00000000    -0.13049086  -0.00000000    -0.12713312  -0.00000000
 -0.05490917  -0.00000000    -0.12690985  -0.00000000    -0.25730362  -0.00000000
    5   18
  0.00052293   0.00000000    -0.00017874  -0.00000000     0.00014395   0.00000000
  0.00007583   0.00000000     0.00096720   0.00000000     0.00010251   0.00000000
 -0.00039613  -0.00000000    -0.00040031  -0.00000000     0.00049988   0.00000000
    5   19
  0.00011685   0.00000000     0.00043478   0.00000000     0.00038391   0.00000000
  0.00016795   0.00000000    -0.00076527  -0.00000000    -0.00068942  -0.00000000
  0.00033123   0.00000000    -0.00011600  -0.00000000    -0.00063002  -0.00000000
    5   20
  0.00049004  -0.00000000     0.00028658  -0.00000000     0.00035057  -0.00000000
  0.00004114  -0.00000000    -0.00007277   0.00000000     0.00011366  -0.00000000
  0.00030617  -0.00000000    -0.00021999   0.00000000     0.00076860  -0.00000000
    5   21
  0.00045247  -0.00000000    -0.00023139   0.00000000    -0.00009585   0.00000000
  0.00023866  -0.00000000     0.00080930  -0.00000000    -0.00011099   0.00000000
  0.00025626  -0.00000000     0.00027654  -0.00000000     0.00040376  -0.00000000
    5   22
 -0.06216118   0.00000000    -0.03890285   0.00000000     0.05461614  -0.00000000
 -0.03943885   0.00000000    -0.13057690   0.00000000     0.12716311  -0.00000000
  0.05490063  -0.00000000     0.12685972  -0.00000000    -0.25715497   0.00000000
    6    1
 -0.01429481   0.00000000    -0.00669166   0.00000000     0.00039383  -0.00000000
 -0.00560604   0.00000000    -0.00605289   0.00000000    -0.00051090   0.00000000
 -0.00023081   0.00000000    -0.00020030   0.00000000     0.00562518  -0.00000000
    6    2
 -0.00422222   0.00000000     0.00917991  -0.00000000     0.00084945  -0.00000000
  0.01158814  -0.00000000     0.01117468  -0.00000000     0.00084041  -0.00000000
  0.00016427  -0.00000000     0.00018761  -0.00000000     0.02559393  -0.00000000
    6    3
 -0.00000450   0.00000000    -0.00053451   0.00000000    -0.00027028   0.00000000
  0.00053451  -0.00000000     0.00267033  -0.00000000    -0.00018205   0.00000000
 -0.00027028   0.00000000     0.00018205  -0.00000000     0.00204411  -0.00000000
    6    4
 -0.00000000   0.00000000    -0.00183153   0.00000000    -0.00006108   0.00000000
 -0.00183153   0.00000000     0.00000000  -0.00000000     0.00028005  -0.00000000
 -0.00006108   0.00000000    -0.00028005   0.00000000    -0.00000000   0.00000000
    6    5
 -0.00106733  -0.00000000     0.00114001   0.00000000    -0.00023272  -0.00000000
  0.00114001   0.00000000     0.00102994   0.00000000    -0.00017486  -0.00000000
  0.00023272   0.00000000     0.00017486   0.00000000     0.00127309   0.00000000
    6    6
  0.59426272   0.00000000     0.01942772   0.00000000    -0.00002070   0.00000000
  0.01942772   0.00000000     0.59661764   0.00000000    -0.00006074   0.00000000
 -0.00002070   0.00000000    -0.00006074   0.00000000     0.64608895   0.00000000
    6    7
  0.00135926  -0.00000000    -0.00030966   0.00000000     0.00013856  -0.00000000
 -0.00036279   0.00000000     0.00009096  -0.00000000     0.00004435  -0.00000000
 -0.00004994   0.00000000     0.00008769  -0.00000000    -0.00010395   0.00000000
    6    8
 -0.00244314   0.00000000     0.00038910  -0.00000000     0.00019338  -0.00000000
  0.00083846  -0.00000000    -0.00021889   0.00000000     0.00005230  -0.00000000
  0.00000504  -0.00000000    -0.00004893   0.00000000    -0.00067746   0.00000000
    6    9
 -0.00127012   0.00000000    -0.00002603   0.00000000     0.00019550  -0.00000000
 -0.00066477   0.00000000    -0.00095189   0.00000000     0.00008647  -0.00000000
  0.00005229  -0.00000000     0.00006405  -0.00000000    -0.00067971   0.00000000
    6   10
  0.33520080  -0.00000000     0.04492541  -0.00000000     0.00001646  -0.00000000
  0.04133864  -0.00000000     0.05352932  -0.00000000    -0.00009126   0.00000000
  0.00009533  -0.00000000     0.00002754  -0.00000000     0.04912412  -0.00000000
    6   11
  0.00036737  -0.00000000    -0.00019293   0.00000000    -0.00009725   0.00000000
 -0.00104993   0.00000000    -0.00094627   0.00000000     0.00000672  -0.00000000
 -0.00003671   0.00000000     0.00008578  -0.00000000    -0.00168736   0.00000000
    6   12
 -0.00032999   0.00000000     0.00036331  -0.00000000    -0.00003165   0.00000000
  0.00056066  -0.00000000    -0.00039592   0.00000000     0.00005070  -0.00000000
  0.00003233  -0.00000000    -0.00000201   0.00000000    -0.00039435   0.00000000
    6   13
  0.00081847  -0.00000000    -0.00003461   0.00000000    -0.00012156   0.00000000
 -0.00014948   0.00000000     0.00144735  -0.00000000    -0.00003670   0.00000000
  0.00001321  -0.00000000    -0.00007149   0.00000000     0.00069092  -0.00000000
    6   14
 -0.11836613   0.00000000     0.11900596  -0.00000000     0.00009487  -0.00000000
  0.11790105  -0.00000000    -0.26231470   0.00000000     0.00002520  -0.00000000
 -0.00000816   0.00000000    -0.00007789   0.00000000    -0.05362200   0.00000000
    6   15
  0.00017174  -0.00000000     0.00036877  -0.00000000     0.00043555  -0.00000000
  0.00027737  -0.00000000    -0.00079418   0.00000000    -0.00072446   0.00000000
  0.00027290  -0.00000000    -0.00004080   0.00000000    -0.00069670   0.00000000
    6   16
  0.00058137  -0.00000000     0.00023770  -0.00000000     0.00022311  -0.00000000
  0.00018315  -0.00000000     0.00003961  -0.00000000     0.00008344  -0.00000000
  0.00024382  -0.00000000    -0.00029640   0.00000000     0.00071946  -0.00000000
    6   17
  0.00052293   0.00000000    -0.00017874  -0.00000000    -0.00014395  -0.00000000
  0.00007583   0.00000000     0.00096720   0.00000000    -0.00010251  -0.00000000
  0.00039613   0.00000000     0.00040031   0.00000000     0.00049988   0.00000000
    6   18
 -0.06222330  -0.00000000    -0.03894220  -0.00000000     0.05462541   0.00000000
 -0.03951182  -0.00000000    -0.13049086  -0.00000000     0.12713312   0.00000000
  0.05490917   0.00000000     0.12690985   0.00000000    -0.25730362  -0.00000000
    6   19
  0.00049004  -0.00000000     0.00028658  -0.00000000    -0.00035057   0.00000000
  0.00004114  -0.00000000    -0.00007277   0.00000000    -0.00011366   0.00000000
 -0.00030617   0.00000000     0.00021999  -0.00000000     0.00076860  -0.00000000
    6   20
  0.00011685  -0.00000000     0.00043478  -0.00000000    -0.00038391   0.00000000
  0.00016795  -0.00000000    -0.00076527   0.00000000     0.00068942  -0.00000000
 -0.00033123   0.00000000     0.00011600  -0.00000000    -0.00063002   0.00000000
    6   21
 -0.06216118   0.00000000    -0.03890285   0.00000000    -0.05461614   0.00000000
 -0.03943885   0.00000000    -0.13057690   0.00000000    -0.12716311   0.00000000
 -0.05490063   0.00000000    -0.12685972   0.00000000    -0.25715497   0.00000000
    6   22
  0.00045247  -0.00000000    -0.00023139   0.00000000     0.00009585  -0.00000000
  0.00023866  -0.00000000     0.00080930  -0.00000000     0.00011099  -0.00000000
 -0.00025626   0.00000000    -0.00027654   0.00000000     0.00040376  -0.00000000
    7    1
 -0.01300191   0.00000000     0.00091474  -0.00000000    -0.00012565   0.00000000
 -0.00188249   0.00000000    -0.00471577   0.00000000    -0.00002915   0.00000000
 -0.00023258   0.00000000    -0.00005626   0.00000000    -0.00619295   0.00000000
    7    2
  0.00045400   0.00000000     0.00432229   0.00000000     0.00018070   0.00000000
  0.00125214   0.00000000    -0.00122242  -0.00000000    -0.00000430  -0.00000000
 -0.00041764  -0.00000000     0.00034928   0.00000000     0.00199500   0.00000000
    7    3
 -0.33520080  -0.00000000     0.04133864   0.00000000    -0.00009533  -0.00000000
  0.04492541   0.00000000    -0.05352932  -0.00000000     0.00002754   0.00000000
 -0.00001646  -0.00000000    -0.00009126  -0.00000000    -0.04912412  -0.00000000
    7    4
 -0.00127012   0.00000000     0.00066477   0.00000000    -0.00005229   0.00000000
  0.00002603   0.00000000    -0.00095189   0.00000000     0.00006405   0.00000000
 -0.00019550   0.00000000     0.00008647   0.00000000    -0.00067971  -0.00000000
    7    5
 -0.00244314  -0.00000000     0.00083846   0.00000000    -0.00000504  -0.00000000
  0.00038910   0.00000000    -0.00021889  -0.00000000     0.00004893   0.00000000
 -0.00019338  -0.00000000    -0.00005230  -0.00000000    -0.00067746  -0.00000000
    7    6
  0.00135926   0.00000000    -0.00036279  -0.00000000    -0.00004994  -0.00000000
 -0.00030966  -0.00000000     0.00009096   0.00000000     0.00008769   0.00000000
  0.00013856   0.00000000     0.00004435   0.00000000    -0.00010395  -0.00000000
    7    7
  0.38035568   0.00000000    -0.04894423   0.00000000    -0.00001780   0.00000000
 -0.04894423   0.00000000     0.06495699   0.00000000    -0.00001487   0.00000000
 -0.00001780   0.00000000    -0.00001487   0.00000000     0.06270303   0.00000000
    7    8
  0.00106250  -0.00000000    -0.00040302   0.00000000    -0.00001220   0.00000000
 -0.00040302   0.00000000     0.00042126  -0.00000000     0.00000039  -0.00000000
  0.00001220  -0.00000000    -0.00000039   0.00000000    -0.00014042   0.00000000
    7    9
  0.00000000   0.00000000     0.00005767  -0.00000000     0.00004489  -0.00000000
  0.00005767  -0.00000000     0.00000000   0.00000000     0.00001127  -0.00000000
  0.00004489  -0.00000000    -0.00001127   0.00000000     0.00000000   0.00000000
    7   10
 -0.00060282  -0.00000000    -0.00055364  -0.00000000     0.00000100   0.00000000
  0.00055364   0.00000000     0.00045734   0.00000000    -0.00001779  -0.00000000
  0.00000100   0.00000000     0.00001779   0.00000000    -0.00004091  -0.00000000
    7   11
 -0.01741178   0.00000000     0.00276743  -0.00000000     0.00003331  -0.00000000
 -0.03142340   0.00000000     0.00424646  -0.00000000    -0.00000099   0.00000000
  0.00001035  -0.00000000     0.00001611  -0.00000000    -0.00257909   0.00000000
    7   12
  0.00095945  -0.00000000     0.00088559  -0.00000000     0.00004133  -0.00000000
  0.00050406  -0.00000000    -0.00059300   0.00000000     0.00000730  -0.00000000
 -0.00005249   0.00000000    -0.00003342   0.00000000    -0.00006933   0.00000000
    7   13
  0.00039939   0.00000000    -0.00012476  -0.00000000    -0.00008188  -0.00000000
 -0.00016036  -0.00000000    -0.00011530  -0.00000000     0.00001770   0.00000000
 -0.00006065  -0.00000000     0.00002104   0.00000000     0.00037232   0.00000000
    7   14
  0.00004679   0.00000000    -0.00008961  -0.00000000     0.00004121   0.00000000
 -0.00007373  -0.00000000    -0.00068434  -0.00000000    -0.00000294  -0.00000000
  0.00006551   0.00000000    -0.00006710  -0.00000000     0.00007601   0.00000000
    7   15
 -0.00708582   0.00000000     0.00028830  -0.00000000     0.00038156  -0.00000000
  0.01940416  -0.00000000    -0.00353162   0.00000000     0.00069482  -0.00000000
  0.02996485  -0.00000000    -0.00425990   0.00000000     0.00019650  -0.00000000
    7   16
  0.00040693  -0.00000000     0.00041755  -0.00000000     0.00003958  -0.00000000
 -0.00028822   0.00000000    -0.00003652   0.00000000    -0.00004700   0.00000000
 -0.00012875   0.00000000     0.00020351  -0.00000000     0.00001946  -0.00000000
    7   17
 -0.00076535  -0.00000000    -0.00001727  -0.00000000    -0.00017502  -0.00000000
 -0.00009158  -0.00000000    -0.00000006  -0.00000000    -0.00020646  -0.00000000
 -0.00010404  -0.00000000     0.00031238   0.00000000    -0.00005215  -0.00000000
    7   18
  0.00059219   0.00000000     0.00063547   0.00000000    -0.00026894  -0.00000000
 -0.00043205  -0.00000000    -0.00065588  -0.00000000     0.00018272   0.00000000
  0.00006167   0.00000000     0.00014522   0.00000000    -0.00013666  -0.00000000
    7   19
  0.00039109   0.00000000     0.00039507   0.00000000    -0.00010156  -0.00000000
 -0.00022910  -0.00000000    -0.00000380  -0.00000000     0.00006876   0.00000000
  0.00004497   0.00000000    -0.00015355  -0.00000000     0.00005396   0.00000000
    7   20
 -0.00711109   0.00000000     0.00037206  -0.00000000    -0.00038046   0.00000000
  0.01936331  -0.00000000    -0.00358035   0.00000000    -0.00068263   0.00000000
 -0.02998024   0.00000000     0.00421585  -0.00000000     0.00021461  -0.00000000
    7   21
  0.00054400  -0.00000000     0.00073838  -0.00000000     0.00027346  -0.00000000
 -0.00037948   0.00000000    -0.00069497   0.00000000    -0.00018470   0.00000000
  0.00006966  -0.00000000    -0.00005336   0.00000000    -0.00004922   0.00000000
    7   22
 -0.00079248   0.00000000     0.00003777   0.00000000     0.00021491   0.00000000
 -0.00011231   0.00000000     0.00000676   0.00000000     0.00019282   0.00000000
 -0.00002540   0.00000000    -0.00033618   0.00000000    -0.00006782   0.00000000
    8    1
 -0.01300191  -0.00000000     0.00091474   0.00000000     0.00012565   0.00000000
 -0.00188249  -0.00000000    -0.00471577  -0.00000000     0.00002915   0.00000000
  0.00023258   0.00000000     0.00005626   0.00000000    -0.00619295  -0.00000000
    8    2
 -0.00045400  -0.00000000    -0.00432229  -0.00000000     0.00018070   0.00000000
 -0.00125214  -0.00000000     0.00122242   0.00000000    -0.00000430  -0.00000000
 -0.00041764  -0.00000000     0.00034928   0.00000000    -0.00199500  -0.00000000
    8    3
 -0.00127012  -0.00000000     0.00066477   0.00000000     0.00005229   0.00000000
  0.00002603   0.00000000    -0.00095189  -0.00000000    -0.00006405  -0.00000000
  0.00019550   0.00000000    -0.00008647  -0.00000000    -0.00067971  -0.00000000
    8    4
 -0.33520080  -0.00000000     0.04133864   0.00000000     0.00009533   0.00000000
  0.04492541   0.00000000    -0.05352932  -0.00000000    -0.00002754  -0.00000000
  0.00001646   0.00000000     0.00009126   0.00000000    -0.04912412  -0.00000000
    8    5
  0.00135926   0.00000000    -0.00036279  -0.00000000     0.00004994   0.00000000
 -0.00030966  -0.00000000     0.00009096   0.00000000    -0.00008769  -0.00000000
 -0.00013856  -0.00000000    -0.00004435  -0.00000000    -0.00010395  -0.00000000
    8    6
 -0.00244314  -0.00000000     0.00083846   0.00000000     0.00000504   0.00000000
  0.00038910   0.00000000    -0.00021889  -0.00000000    -0.00004893  -0.00000000
  0.00019338   0.00000000     0.00005230   0.00000000    -0.00067746  -0.00000000
    8    7
  0.00106250   0.00000000    -0.00040302  -0.00000000     0.00001220   0.00000000
 -0.00040302  -0.00000000     0.00042126   0.00000000    -0.00000039  -0.00000000
 -0.00001220  -0.00000000     0.00000039   0.00000000    -0.00014042  -0.00000000
    8    8
  0.38035568   0.00000000    -0.04894423   0.00000000     0.00001780   0.00000000
 -0.04894423   0.00000000     0.06495699   0.00000000     0.00001487   0.00000000
  0.00001780   0.00000000     0.00001487   0.00000000     0.06270303   0.00000000
    8    9
 -0.00060282  -0.00000000    -0.00055364  -0.00000000    -0.00000100  -0.00000000
  0.00055364   0.00000000     0.00045734   0.00000000     0.00001779   0.00000000
 -0.00000100  -0.00000000    -0.00001779  -0.00000000    -0.00004091  -0.00000000
    8   10
  0.00000000  -0.00000000     0.00005767   0.00000000    -0.00004489  -0.00000000
  0.00005767   0.00000000     0.00000000  -0.00000000    -0.00001127  -0.00000000
 -0.00004489  -0.00000000     0.00001127   0.00000000     0.00000000   0.00000000
    8   11
  0.00095945   0.00000000     0.00088559   0.00000000    -0.00004133  -0.00000000
  0.00050406   0.00000000    -0.00059300  -0.00000000    -0.00000730  -0.00000000
  0.00005249   0.00000000     0.00003342   0.00000000    -0.00006933  -0.00000000
    8   12
 -0.01741178  -0.00000000     0.00276743   0.00000000    -0.00003331  -0.00000000
 -0.03142340  -0.00000000     0.00424646   0.00000000     0.00000099   0.00000000
 -0.00001035  -0.00000000    -0.00001611  -0.00000000    -0.00257909  -0.00000000
    8   13
  0.00004679   0.00000000    -0.00008961  -0.00000000    -0.00004121  -0.00000000
 -0.00007373  -0.00000000    -0.00068434  -0.00000000     0.00000294   0.00000000
 -0.00006551  -0.00000000     0.00006710   0.00000000     0.00007601   0.00000000
    8   14
  0.00039939   0.00000000    -0.00012476  -0.00000000     0.00008188   0.00000000
 -0.00016036  -0.00000000    -0.00011530  -0.00000000    -0.00001770  -0.00000000
  0.00006065   0.00000000    -0.00002104  -0.00000000     0.00037232   0.00000000
    8   15
  0.00040693   0.00000000     0.00041755   0.00000000    -0.00003958  -0.00000000
 -0.00028822  -0.00000000    -0.00003652  -0.00000000     0.00004700   0.00000000
  0.00012875   0.00000000    -0.00020351  -0.00000000     0.00001946   0.00000000
    8   16
 -0.00708582   0.00000000     0.00028830  -0.00000000    -0.00038156   0.00000000
  0.01940416  -0.00000000    -0.00353162   0.00000000    -0.00069482   0.00000000
 -0.02996485   0.00000000     0.00425990  -0.00000000     0.00019650  -0.00000000
    8   17
  0.00059219   0.00000000     0.00063547   0.00000000     0.00026894   0.00000000
 -0.00043205  -0.00000000    -0.00065588  -0.00000000    -0.00018272  -0.00000000
 -0.00006167  -0.00000000    -0.00014522  -0.00000000    -0.00013666  -0.00000000
    8   18
 -0.00076535  -0.00000000    -0.00001727  -0.00000000     0.00017502   0.00000000
 -0.00009158  -0.00000000    -0.00000006  -0.00000000     0.00020646   0.00000000
  0.00010404   0.00000000    -0.00031238  -0.00000000    -0.00005215  -0.00000000
    8   19
 -0.00711109  -0.00000000     0.00037206   0.00000000     0.00038046   0.00000000
  0.01936331   0.00000000    -0.00358035  -0.00000000     0.00068263   0.00000000
  0.02998024   0.00000000    -0.00421585  -0.00000000     0.00021461   0.00000000
    8   20
  0.00039109  -0.00000000     0.00039507  -0.00000000     0.00010156  -0.00000000
 -0.00022910   0.00000000    -0.00000380   0.00000000    -0.00006876   0.00000000
 -0.00004497   0.00000000     0.00015355  -0.00000000     0.00005396  -0.00000000
    8   21
 -0.00079248   0.00000000     0.00003777  -0.00000000    -0.00021491   0.00000000
 -0.00011231   0.00000000     0.00000676  -0.00000000    -0.00019282   0.00000000
  0.00002540  -0.00000000     0.00033618  -0.00000000    -0.00006782   0.00000000
    8   22
  0.00054400   0.00000000     0.00073838   0.00000000    -0.00027346  -0.00000000
 -0.00037948  -0.00000000    -0.00069497  -0.00000000     0.00018470   0.00000000
 -0.00006966  -0.00000000     0.00005336   0.00000000    -0.00004922  -0.00000000
    9    1
  0.00045400   0.00000000    -0.00432229  -0.00000000    -0.00018070  -0.00000000
 -0.00125214  -0.00000000    -0.00122242  -0.00000000    -0.00000430  -0.00000000
  0.00041764   0.00000000     0.00034928   0.00000000     0.00199500   0.00000000
    9    2
  0.01300191   0.00000000     0.00091474   0.00000000    -0.00012565  -0.00000000
 -0.00188249  -0.00000000     0.00471577   0.00000000     0.00002915   0.00000000
 -0.00023258  -0.00000000     0.00005626   0.00000000     0.00619295   0.00000000
    9    3
 -0.00244314  -0.00000000    -0.00083846  -0.00000000     0.00000504   0.00000000
 -0.00038910  -0.00000000    -0.00021889  -0.00000000     0.00004893   0.00000000
  0.00019338   0.00000000    -0.00005230  -0.00000000    -0.00067746  -0.00000000
    9    4
 -0.00135926  -0.00000000    -0.00036279  -0.00000000    -0.00004994  -0.00000000
 -0.00030966  -0.00000000    -0.00009096  -0.00000000    -0.00008769  -0.00000000
  0.00013856   0.00000000    -0.00004435  -0.00000000     0.00010395   0.00000000
    9    5
  0.33520080   0.00000000     0.04133864   0.00000000    -0.00009533  -0.00000000
  0.04492541   0.00000000     0.05352932   0.00000000    -0.00002754  -0.00000000
 -0.00001646  -0.00000000     0.00009126   0.00000000     0.04912412   0.00000000
    9    6
 -0.00127012  -0.00000000    -0.00066477  -0.00000000     0.00005229   0.00000000
 -0.00002603  -0.00000000    -0.00095189  -0.00000000     0.00006405   0.00000000
  0.00019550   0.00000000     0.00008647   0.00000000    -0.00067971  -0.00000000
    9    7
  0.00000000   0.00000000     0.00005767   0.00000000     0.00004489   0.00000000
  0.00005767   0.00000000     0.00000000   0.00000000    -0.00001127  -0.00000000
  0.00004489   0.00000000     0.00001127   0.00000000     0.00000000   0.00000000
    9    8
 -0.00060282   0.00000000     0.00055364  -0.00000000    -0.00000100   0.00000000
 -0.00055364   0.00000000     0.00045734  -0.00000000    -0.00001779   0.00000000
 -0.00000100   0.00000000     0.00001779  -0.00000000    -0.00004091   0.00000000
    9    9
  0.38035568   0.00000000     0.04894423   0.00000000     0.00001780   0.00000000
  0.04894423   0.00000000     0.06495699   0.00000000    -0.00001487   0.00000000
  0.00001780   0.00000000    -0.00001487   0.00000000     0.06270303   0.00000000
    9   10
 -0.00106250  -0.00000000    -0.00040302  -0.00000000    -0.00001220  -0.00000000
 -0.00040302  -0.00000000    -0.00042126  -0.00000000    -0.00000039  -0.00000000
  0.00001220   0.00000000     0.00000039   0.00000000     0.00014042   0.00000000
    9   11
  0.00039939   0.00000000     0.00012476   0.00000000     0.00008188   0.00000000
  0.00016036   0.00000000    -0.00011530  -0.00000000     0.00001770   0.00000000
  0.00006065   0.00000000     0.00002104   0.00000000     0.00037232   0.00000000
    9   12
 -0.00004679  -0.00000000    -0.00008961  -0.00000000     0.00004121   0.00000000
 -0.00007373  -0.00000000     0.00068434   0.00000000     0.00000294   0.00000000
  0.00006551   0.00000000     0.00006710   0.00000000    -0.00007601  -0.00000000
    9   13
  0.01741178   0.00000000     0.00276743   0.00000000     0.00003331   0.00000000
 -0.03142340  -0.00000000    -0.00424646  -0.00000000     0.00000099   0.00000000
  0.00001035   0.00000000    -0.00001611  -0.00000000     0.00257909   0.00000000
    9   14
  0.00095945   0.00000000    -0.00088559  -0.00000000    -0.00004133  -0.00000000
 -0.00050406  -0.00000000    -0.00059300  -0.00000000     0.00000730   0.00000000
  0.00005249   0.00000000    -0.00003342  -0.00000000    -0.00006933  -0.00000000
    9   15
 -0.00076535  -0.00000000     0.00001727   0.00000000     0.00017502   0.00000000
  0.00009158   0.00000000    -0.00000006  -0.00000000    -0.00020646  -0.00000000
  0.00010404   0.00000000     0.00031238   0.00000000    -0.00005215  -0.00000000
    9   16
 -0.00059219   0.00000000     0.00063547  -0.00000000    -0.00026894   0.00000000
 -0.00043205   0.00000000     0.00065588  -0.00000000    -0.00018272   0.00000000
  0.00006167  -0.00000000    -0.00014522   0.00000000     0.00013666  -0.00000000
    9   17
  0.00708582   0.00000000     0.00028830   0.00000000     0.00038156   0.00000000
  0.01940416   0.00000000     0.00353162   0.00000000    -0.00069482  -0.00000000
  0.02996485   0.00000000     0.00425990   0.00000000    -0.00019650  -0.00000000
    9   18
  0.00040693   0.00000000    -0.00041755  -0.00000000    -0.00003958  -0.00000000
  0.00028822   0.00000000    -0.00003652  -0.00000000    -0.00004700  -0.00000000
  0.00012875   0.00000000     0.00020351   0.00000000     0.00001946   0.00000000
    9   19
 -0.00054400  -0.00000000     0.00073838   0.00000000     0.00027346   0.00000000
 -0.00037948  -0.00000000     0.00069497   0.00000000     0.00018470   0.00000000
  0.00006966   0.00000000     0.00005336   0.00000000     0.00004922   0.00000000
    9   20
 -0.00079248   0.00000000    -0.00003777   0.00000000    -0.00021491   0.00000000
  0.00011231  -0.00000000     0.00000676  -0.00000000     0.00019282  -0.00000000
  0.00002540  -0.00000000    -0.00033618   0.00000000    -0.00006782   0.00000000
    9   21
  0.00039109  -0.00000000    -0.00039507   0.00000000     0.00010156  -0.00000000
  0.00022910  -0.00000000    -0.00000380   0.00000000     0.00006876  -0.00000000
 -0.00004497   0.00000000    -0.00015355   0.00000000     0.00005396  -0.00000000
    9   22
  0.00711109   0.00000000     0.00037206   0.00000000    -0.00038046  -0.00000000
  0.01936331   0.00000000     0.00358035   0.00000000     0.00068263   0.00000000
 -0.02998024  -0.00000000    -0.00421585  -0.00000000    -0.00021461  -0.00000000
   10    1
  0.00045400  -0.00000000    -0.00432229   0.00000000     0.00018070  -0.00000000
 -0.00125214   0.00000000    -0.00122242   0.00000000     0.00000430  -0.00000000
 -0.00041764   0.00000000    -0.00034928   0.00000000     0.00199500  -0.00000000
   10    2
 -0.01300191  -0.00000000    -0.00091474  -0.00000000    -0.00012565  -0.00000000
  0.00188249   0.00000000    -0.00471577  -0.00000000     0.00002915   0.00000000
 -0.00023258  -0.00000000     0.00005626   0.00000000    -0.00619295  -0.00000000
   10    3
 -0.00135926  -0.00000000    -0.00036279  -0.00000000     0.00004994   0.00000000
 -0.00030966  -0.00000000    -0.00009096  -0.00000000     0.00008769   0.00000000
 -0.00013856  -0.00000000     0.00004435   0.00000000     0.00010395   0.00000000
   10    4
 -0.00244314   0.00000000    -0.00083846   0.00000000    -0.00000504   0.00000000
 -0.00038910   0.00000000    -0.00021889   0.00000000    -0.00004893   0.00000000
 -0.00019338   0.00000000     0.00005230  -0.00000000    -0.00067746   0.00000000
   10    5
 -0.00127012  -0.00000000    -0.00066477  -0.00000000    -0.00005229  -0.00000000
 -0.00002603  -0.00000000    -0.00095189  -0.00000000    -0.00006405  -0.00000000
 -0.00019550  -0.00000000    -0.00008647  -0.00000000    -0.00067971  -0.00000000
   10    6
  0.33520080   0.00000000     0.04133864   0.00000000     0.00009533   0.00000000
  0.04492541   0.00000000     0.05352932   0.00000000     0.00002754   0.00000000
  0.00001646   0.00000000    -0.00009126  -0.00000000     0.04912412   0.00000000
   10    7
 -0.00060282   0.00000000     0.00055364  -0.00000000     0.00000100  -0.00000000
 -0.00055364   0.00000000     0.00045734  -0.00000000     0.00001779  -0.00000000
  0.00000100  -0.00000000    -0.00001779   0.00000000    -0.00004091   0.00000000
   10    8
  0.00000000   0.00000000     0.00005767  -0.00000000    -0.00004489   0.00000000
  0.00005767  -0.00000000     0.00000000   0.00000000     0.00001127  -0.00000000
 -0.00004489   0.00000000    -0.00001127   0.00000000     0.00000000   0.00000000
   10    9
 -0.00106250   0.00000000    -0.00040302   0.00000000     0.00001220  -0.00000000
 -0.00040302   0.00000000    -0.00042126   0.00000000     0.00000039  -0.00000000
 -0.00001220   0.00000000    -0.00000039   0.00000000     0.00014042  -0.00000000
   10   10
  0.38035568   0.00000000     0.04894423   0.00000000    -0.00001780   0.00000000
  0.04894423   0.00000000     0.06495699   0.00000000     0.00001487   0.00000000
 -0.00001780   0.00000000     0.00001487   0.00000000     0.06270303   0.00000000
   10   11
 -0.00004679   0.00000000    -0.00008961   0.00000000    -0.00004121   0.00000000
 -0.00007373   0.00000000     0.00068434  -0.00000000    -0.00000294   0.00000000
 -0.00006551   0.00000000    -0.00006710   0.00000000    -0.00007601   0.00000000
   10   12
  0.00039939  -0.00000000     0.00012476  -0.00000000    -0.00008188   0.00000000
  0.00016036  -0.00000000    -0.00011530   0.00000000    -0.00001770   0.00000000
 -0.00006065   0.00000000    -0.00002104   0.00000000     0.00037232  -0.00000000
   10   13
  0.00095945   0.00000000    -0.00088559  -0.00000000     0.00004133   0.00000000
 -0.00050406  -0.00000000    -0.00059300  -0.00000000    -0.00000730  -0.00000000
 -0.00005249  -0.00000000     0.00003342   0.00000000    -0.00006933  -0.00000000
   10   14
  0.01741178   0.00000000     0.00276743   0.00000000    -0.00003331  -0.00000000
 -0.03142340  -0.00000000    -0.00424646  -0.00000000    -0.00000099  -0.00000000
 -0.00001035  -0.00000000     0.00001611   0.00000000     0.00257909   0.00000000
   10   15
 -0.00059219   0.00000000     0.00063547  -0.00000000     0.00026894  -0.00000000
 -0.00043205   0.00000000     0.00065588  -0.00000000     0.00018272  -0.00000000
 -0.00006167   0.00000000     0.00014522  -0.00000000     0.00013666  -0.00000000
   10   16
 -0.00076535   0.00000000     0.00001727  -0.00000000    -0.00017502   0.00000000
  0.00009158  -0.00000000    -0.00000006   0.00000000     0.00020646  -0.00000000
 -0.00010404   0.00000000    -0.00031238   0.00000000    -0.00005215   0.00000000
   10   17
  0.00040693   0.00000000    -0.00041755  -0.00000000     0.00003958   0.00000000
  0.00028822   0.00000000    -0.00003652  -0.00000000     0.00004700   0.00000000
 -0.00012875  -0.00000000    -0.00020351  -0.00000000     0.00001946   0.00000000
   10   18
  0.00708582   0.00000000     0.00028830   0.00000000    -0.00038156  -0.00000000
  0.01940416   0.00000000     0.00353162   0.00000000     0.00069482   0.00000000
 -0.02996485  -0.00000000    -0.00425990  -0.00000000    -0.00019650  -0.00000000
   10   19
 -0.00079248  -0.00000000    -0.00003777  -0.00000000     0.00021491   0.00000000
  0.00011231   0.00000000     0.00000676   0.00000000    -0.00019282  -0.00000000
 -0.00002540  -0.00000000     0.00033618   0.00000000    -0.00006782  -0.00000000
   10   20
 -0.00054400   0.00000000     0.00073838  -0.00000000    -0.00027346   0.00000000
 -0.00037948   0.00000000     0.00069497  -0.00000000    -0.00018470   0.00000000
 -0.00006966   0.00000000    -0.00005336   0.00000000     0.00004922  -0.00000000
   10   21
  0.00711109  -0.00000000     0.00037206  -0.00000000     0.00038046  -0.00000000
  0.01936331  -0.00000000     0.00358035  -0.00000000    -0.00068263   0.00000000
  0.02998024  -0.00000000     0.00421585  -0.00000000    -0.00021461   0.00000000
   10   22
  0.00039109  -0.00000000    -0.00039507   0.00000000    -0.00010156   0.00000000
  0.00022910  -0.00000000    -0.00000380   0.00000000    -0.00006876   0.00000000
  0.00004497  -0.00000000     0.00015355  -0.00000000     0.00005396  -0.00000000
   11    1
 -0.00875362   0.00000000    -0.00450953   0.00000000     0.00003793  -0.00000000
  0.00040614  -0.00000000    -0.00456185   0.00000000    -0.00001761   0.00000000
 -0.00005716   0.00000000     0.00009202  -0.00000000    -0.00221068   0.00000000
   11    2
 -0.00039895  -0.00000000     0.00264435   0.00000000     0.00001581   0.00000000
  0.00454853   0.00000000    -0.00117417  -0.00000000     0.00009921   0.00000000
  0.00001294   0.00000000    -0.00051831  -0.00000000     0.00070191   0.00000000
   11    3
 -0.11836613  -0.00000000    -0.11790105  -0.00000000    -0.00000816  -0.00000000
 -0.11900596  -0.00000000    -0.26231470  -0.00000000     0.00007789   0.00000000
  0.00009487   0.00000000    -0.00002520  -0.00000000    -0.05362200  -0.00000000
   11    4
 -0.00081847  -0.00000000    -0.00014948  -0.00000000     0.00001321   0.00000000
 -0.00003461  -0.00000000    -0.00144735  -0.00000000     0.00007149   0.00000000
 -0.00012156  -0.00000000     0.00003670   0.00000000    -0.00069092  -0.00000000
   11    5
 -0.00032999  -0.00000000     0.00056066   0.00000000    -0.00003233  -0.00000000
  0.00036331   0.00000000    -0.00039592  -0.00000000     0.00000201   0.00000000
  0.00003165   0.00000000    -0.00005070  -0.00000000    -0.00039435  -0.00000000
   11    6
  0.00036737   0.00000000    -0.00104993  -0.00000000    -0.00003671  -0.00000000
 -0.00019293  -0.00000000    -0.00094627  -0.00000000     0.00008578   0.00000000
 -0.00009725  -0.00000000     0.00000672   0.00000000    -0.00168736  -0.00000000
   11    7
 -0.01741178  -0.00000000    -0.03142340  -0.00000000     0.00001035   0.00000000
  0.00276743   0.00000000     0.00424646   0.00000000     0.00001611   0.00000000
  0.00003331   0.00000000    -0.00000099  -0.00000000    -0.00257909  -0.00000000
   11    8
  0.00095945  -0.00000000     0.00050406  -0.00000000     0.00005249  -0.00000000
  0.00088559  -0.00000000    -0.00059300   0.00000000     0.00003342  -0.00000000
 -0.00004133   0.00000000    -0.00000730   0.00000000    -0.00006933   0.00000000
   11    9
  0.00039939  -0.00000000     0.00016036  -0.00000000     0.00006065  -0.00000000
  0.00012476  -0.00000000    -0.00011530   0.00000000     0.00002104  -0.00000000
  0.00008188  -0.00000000     0.00001770  -0.00000000     0.00037232  -0.00000000
   11   10
 -0.00004679  -0.00000000    -0.00007373  -0.00000000    -0.00006551  -0.00000000
 -0.00008961  -0.00000000     0.00068434   0.00000000    -0.00006710  -0.00000000
 -0.00004121  -0.00000000    -0.00000294  -0.00000000    -0.00007601  -0.00000000
   11   11
  0.13438283   0.00000000     0.13691822   0.00000000    -0.00001613   0.00000000
  0.13691822   0.00000000     0.30185859   0.00000000    -0.00004114   0.00000000
 -0.00001613   0.00000000    -0.00004114   0.00000000     0.06156870   0.00000000
   11   12
  0.00044760   0.00000000    -0.00014915  -0.00000000    -0.00001886  -0.00000000
 -0.00014915  -0.00000000    -0.00030368  -0.00000000    -0.00002874  -0.00000000
  0.00001886   0.00000000     0.00002874   0.00000000     0.00011842   0.00000000
   11   13
 -0.00000000  -0.00000000    -0.00002139  -0.00000000     0.00002147   0.00000000
 -0.00002139  -0.00000000     0.00000000   0.00000000     0.00007099   0.00000000
  0.00002147   0.00000000    -0.00007099  -0.00000000     0.00000000   0.00000000
   11   14
 -0.00012599  -0.00000000     0.00003391   0.00000000    -0.00001830  -0.00000000
 -0.00003391  -0.00000000    -0.00141807  -0.00000000    -0.00003478  -0.00000000
 -0.00001830  -0.00000000     0.00003478   0.00000000    -0.00032019  -0.00000000
   11   15
  0.00460541   0.00000000     0.00956949   0.00000000    -0.00106636  -0.00000000
 -0.00875025  -0.00000000    -0.01648056  -0.00000000     0.00008970   0.00000000
 -0.01513378  -0.00000000    -0.02583425  -0.00000000    -0.00008806  -0.00000000
   11   16
  0.00049650  -0.00000000    -0.00022213   0.00000000     0.00013681  -0.00000000
  0.00051152  -0.00000000    -0.00017799   0.00000000     0.00014101  -0.00000000
 -0.00008954   0.00000000     0.00005392  -0.00000000     0.00016818  -0.00000000
   11   17
 -0.00020933  -0.00000000    -0.00033492  -0.00000000    -0.00014229  -0.00000000
  0.00014913   0.00000000     0.00003763   0.00000000    -0.00000525  -0.00000000
 -0.00004371  -0.00000000    -0.00001168  -0.00000000    -0.00002706  -0.00000000
   11   18
  0.00012753   0.00000000    -0.00004367  -0.00000000     0.00010429   0.00000000
 -0.00023301  -0.00000000    -0.00100843  -0.00000000     0.00055870   0.00000000
 -0.00017555  -0.00000000     0.00022619   0.00000000    -0.00004192  -0.00000000
   11   19
  0.00050721   0.00000000    -0.00022018  -0.00000000    -0.00010718  -0.00000000
  0.00059296   0.00000000    -0.00014951  -0.00000000    -0.00006970  -0.00000000
  0.00005355   0.00000000    -0.00009450  -0.00000000     0.00011375   0.00000000
   11   20
  0.00466142  -0.00000000     0.00953317  -0.00000000     0.00106128  -0.00000000
 -0.00871385   0.00000000    -0.01656795   0.00000000    -0.00009870   0.00000000
  0.01515682  -0.00000000     0.02587587  -0.00000000    -0.00012988   0.00000000
   11   21
  0.00011350  -0.00000000    -0.00009522   0.00000000    -0.00009455   0.00000000
 -0.00022238   0.00000000    -0.00110954   0.00000000    -0.00057611   0.00000000
  0.00011848  -0.00000000    -0.00029896   0.00000000    -0.00009717   0.00000000
   11   22
 -0.00019925  -0.00000000    -0.00035400  -0.00000000     0.00015068   0.00000000
  0.00011928   0.00000000    -0.00001695  -0.00000000    -0.00005135  -0.00000000
  0.00008846   0.00000000     0.00009877   0.00000000    -0.00015084  -0.00000000
   12    1
 -0.00875362   0.00000000    -0.00450953   0.00000000    -0.00003793   0.00000000
  0.00040614  -0.00000000    -0.00456185   0.00000000     0.00001761  -0.00000000
  0.00005716  -0.00000000    -0.00009202   0.00000000    -0.00221068   0.00000000
   12    2
  0.00039895   0.00000000    -0.00264435  -0.00000000     0.00001581   0.00000000
 -0.00454853  -0.00000000     0.00117417   0.00000000     0.00009921   0.00000000
  0.00001294   0.00000000    -0.00051831  -0.00000000    -0.00070191  -0.00000000
   12    3
 -0.00081847  -0.00000000    -0.00014948  -0.00000000    -0.00001321  -0.00000000
 -0.00003461  -0.00000000    -0.00144735  -0.00000000    -0.00007149  -0.00000000
  0.00012156   0.00000000    -0.00003670  -0.00000000    -0.00069092  -0.00000000
   12    4
 -0.11836613  -0.00000000    -0.11790105  -0.00000000     0.00000816   0.00000000
 -0.11900596  -0.00000000    -0.26231470  -0.00000000    -0.00007789  -0.00000000
 -0.00009487  -0.00000000     0.00002520   0.00000000    -0.05362200  -0.00000000
   12    5
  0.00036737   0.00000000    -0.00104993  -0.00000000     0.00003671   0.00000000
 -0.00019293  -0.00000000    -0.00094627  -0.00000000    -0.00008578  -0.00000000
  0.00009725   0.00000000    -0.00000672  -0.00000000    -0.00168736  -0.00000000
   12    6
 -0.00032999  -0.00000000     0.00056066   0.00000000     0.00003233   0.00000000
  0.00036331   0.00000000    -0.00039592  -0.00000000    -0.00000201  -0.00000000
 -0.00003165  -0.00000000     0.00005070   0.00000000    -0.00039435  -0.00000000
   12    7
  0.00095945   0.00000000     0.00050406   0.00000000    -0.00005249  -0.00000000
  0.00088559   0.00000000    -0.00059300  -0.00000000    -0.00003342  -0.00000000
  0.00004133   0.00000000     0.00000730   0.00000000    -0.00006933  -0.00000000
   12    8
 -0.01741178   0.00000000    -0.03142340   0.00000000    -0.00001035   0.00000000
  0.00276743  -0.00000000     0.00424646  -0.00000000    -0.00001611   0.00000000
 -0.00003331   0.00000000     0.00000099  -0.00000000    -0.00257909   0.00000000
   12    9
 -0.00004679   0.00000000    -0.00007373   0.00000000     0.00006551  -0.00000000
 -0.00008961   0.00000000     0.00068434  -0.00000000     0.00006710  -0.00000000
  0.00004121  -0.00000000     0.00000294  -0.00000000    -0.00007601   0.00000000
   12   10
  0.00039939   0.00000000     0.00016036   0.00000000    -0.00006065  -0.00000000
  0.00012476   0.00000000    -0.00011530  -0.00000000    -0.00002104  -0.00000000
 -0.00008188  -0.00000000    -0.00001770  -0.00000000     0.00037232   0.00000000
   12   11
  0.00044760  -0.00000000    -0.00014915   0.00000000     0.00001886  -0.00000000
 -0.00014915   0.00000000    -0.00030368   0.00000000     0.00002874  -0.00000000
 -0.00001886   0.00000000    -0.00002874   0.00000000     0.00011842  -0.00000000
   12   12
  0.13438283   0.00000000     0.13691822   0.00000000     0.00001613   0.00000000
  0.13691822   0.00000000     0.30185859   0.00000000     0.00004114   0.00000000
  0.00001613   0.00000000     0.00004114   0.00000000     0.06156870   0.00000000
   12   13
 -0.00012599  -0.00000000     0.00003391   0.00000000     0.00001830   0.00000000
 -0.00003391  -0.00000000    -0.00141807  -0.00000000     0.00003478   0.00000000
  0.00001830   0.00000000    -0.00003478  -0.00000000    -0.00032019  -0.00000000
   12   14
 -0.00000000  -0.00000000    -0.00002139  -0.00000000    -0.00002147  -0.00000000
 -0.00002139  -0.00000000     0.00000000   0.00000000    -0.00007099  -0.00000000
 -0.00002147  -0.00000000     0.00007099   0.00000000     0.00000000   0.00000000
   12   15
  0.00049650   0.00000000    -0.00022213  -0.00000000    -0.00013681  -0.00000000
  0.00051152   0.00000000    -0.00017799  -0.00000000    -0.00014101  -0.00000000
  0.00008954   0.00000000    -0.00005392  -0.00000000     0.00016818   0.00000000
   12   16
  0.00460541  -0.00000000     0.00956949  -0.00000000     0.00106636  -0.00000000
 -0.00875025   0.00000000    -0.01648056   0.00000000    -0.00008970   0.00000000
  0.01513378  -0.00000000     0.02583425  -0.00000000    -0.00008806   0.00000000
   12   17
  0.00012753   0.00000000    -0.00004367  -0.00000000    -0.00010429  -0.00000000
 -0.00023301  -0.00000000    -0.00100843  -0.00000000    -0.00055870  -0.00000000
  0.00017555   0.00000000    -0.00022619  -0.00000000    -0.00004192  -0.00000000
   12   18
 -0.00020933  -0.00000000    -0.00033492  -0.00000000     0.00014229   0.00000000
  0.00014913   0.00000000     0.00003763   0.00000000     0.00000525   0.00000000
  0.00004371   0.00000000     0.00001168   0.00000000    -0.00002706  -0.00000000
   12   19
  0.00466142   0.00000000     0.00953317   0.00000000    -0.00106128  -0.00000000
 -0.00871385  -0.00000000    -0.01656795  -0.00000000     0.00009870   0.00000000
 -0.01515682  -0.00000000    -0.02587587  -0.00000000    -0.00012988  -0.00000000
   12   20
  0.00050721  -0.00000000    -0.00022018   0.00000000     0.00010718  -0.00000000
  0.00059296  -0.00000000    -0.00014951   0.00000000     0.00006970  -0.00000000
 -0.00005355   0.00000000     0.00009450  -0.00000000     0.00011375  -0.00000000
   12   21
 -0.00019925   0.00000000    -0.00035400   0.00000000    -0.00015068   0.00000000
  0.00011928  -0.00000000    -0.00001695   0.00000000     0.00005135  -0.00000000
 -0.00008846   0.00000000    -0.00009877   0.00000000    -0.00015084   0.00000000
   12   22
  0.00011350   0.00000000    -0.00009522  -0.00000000     0.00009455   0.00000000
 -0.00022238  -0.00000000    -0.00110954  -0.00000000     0.00057611   0.00000000
 -0.00011848  -0.00000000     0.00029896   0.00000000    -0.00009717  -0.00000000
   13    1
  0.00039895  -0.00000000     0.00264435  -0.00000000     0.00001581  -0.00000000
  0.00454853  -0.00000000     0.00117417  -0.00000000    -0.00009921   0.00000000
  0.00001294  -0.00000000     0.00051831  -0.00000000    -0.00070191   0.00000000
   13    2
 -0.00875362  -0.00000000     0.00450953   0.00000000    -0.00003793  -0.00000000
 -0.00040614  -0.00000000    -0.00456185  -0.00000000    -0.00001761  -0.00000000
  0.00005716   0.00000000     0.00009202   0.00000000    -0.00221068  -0.00000000
   13    3
  0.00032999   0.00000000     0.00056066   0.00000000    -0.00003233  -0.00000000
  0.00036331   0.00000000     0.00039592   0.00000000    -0.00000201  -0.00000000
  0.00003165   0.00000000     0.00005070   0.00000000     0.00039435   0.00000000
   13    4
  0.00036737  -0.00000000     0.00104993  -0.00000000     0.00003671  -0.00000000
  0.00019293  -0.00000000    -0.00094627   0.00000000     0.00008578  -0.00000000
  0.00009725  -0.00000000     0.00000672  -0.00000000    -0.00168736   0.00000000
   13    5
 -0.11836613  -0.00000000     0.11790105   0.00000000     0.00000816   0.00000000
  0.11900596   0.00000000    -0.26231470  -0.00000000     0.00007789   0.00000000
 -0.00009487  -0.00000000    -0.00002520  -0.00000000    -0.05362200  -0.00000000
   13    6
  0.00081847   0.00000000    -0.00014948  -0.00000000     0.00001321   0.00000000
 -0.00003461  -0.00000000     0.00144735   0.00000000    -0.00007149  -0.00000000
 -0.00012156  -0.00000000    -0.00003670  -0.00000000     0.00069092   0.00000000
   13    7
  0.00039939  -0.00000000    -0.00016036   0.00000000    -0.00006065   0.00000000
 -0.00012476   0.00000000    -0.00011530   0.00000000     0.00002104  -0.00000000
 -0.00008188   0.00000000     0.00001770  -0.00000000     0.00037232  -0.00000000
   13    8
  0.00004679  -0.00000000    -0.00007373   0.00000000    -0.00006551   0.00000000
 -0.00008961   0.00000000    -0.00068434   0.00000000     0.00006710  -0.00000000
 -0.00004121   0.00000000     0.00000294  -0.00000000     0.00007601  -0.00000000
   13    9
  0.01741178  -0.00000000    -0.03142340   0.00000000     0.00001035  -0.00000000
  0.00276743  -0.00000000    -0.00424646   0.00000000    -0.00001611   0.00000000
  0.00003331  -0.00000000     0.00000099  -0.00000000     0.00257909  -0.00000000
   13   10
  0.00095945  -0.00000000    -0.00050406   0.00000000    -0.00005249   0.00000000
 -0.00088559   0.00000000    -0.00059300   0.00000000     0.00003342  -0.00000000
  0.00004133  -0.00000000    -0.00000730   0.00000000    -0.00006933   0.00000000
   13   11
  0.00000000  -0.00000000    -0.00002139   0.00000000     0.00002147  -0.00000000
 -0.00002139   0.00000000    -0.00000000   0.00000000    -0.00007099   0.00000000
  0.00002147  -0.00000000     0.00007099  -0.00000000    -0.00000000   0.00000000
   13   12
 -0.00012599   0.00000000    -0.00003391   0.00000000     0.00001830  -0.00000000
  0.00003391  -0.00000000    -0.00141807   0.00000000    -0.00003478   0.00000000
  0.00001830  -0.00000000     0.00003478  -0.00000000    -0.00032019   0.00000000
   13   13
  0.13438283   0.00000000    -0.13691822   0.00000000     0.00001613   0.00000000
 -0.13691822   0.00000000     0.30185859   0.00000000    -0.00004114   0.00000000
  0.00001613   0.00000000    -0.00004114   0.00000000     0.06156870   0.00000000
   13   14
 -0.00044760   0.00000000    -0.00014915   0.00000000    -0.00001886   0.00000000
 -0.00014915   0.00000000     0.00030368  -0.00000000     0.00002874  -0.00000000
  0.00001886  -0.00000000    -0.00002874   0.00000000    -0.00011842   0.00000000
   13   15
  0.00020933  -0.00000000    -0.00033492   0.00000000    -0.00014229   0.00000000
  0.00014913  -0.00000000    -0.00003763   0.00000000     0.00000525  -0.00000000
 -0.00004371   0.00000000     0.00001168  -0.00000000     0.00002706  -0.00000000
   13   16
  0.00012753  -0.00000000     0.00004367  -0.00000000    -0.00010429   0.00000000
  0.00023301  -0.00000000    -0.00100843   0.00000000     0.00055870  -0.00000000
  0.00017555  -0.00000000     0.00022619  -0.00000000    -0.00004192   0.00000000
   13   17
  0.00460541   0.00000000    -0.00956949  -0.00000000     0.00106636   0.00000000
  0.00875025   0.00000000    -0.01648056  -0.00000000     0.00008970   0.00000000
  0.01513378   0.00000000    -0.02583425  -0.00000000    -0.00008806  -0.00000000
   13   18
 -0.00049650  -0.00000000    -0.00022213  -0.00000000     0.00013681   0.00000000
  0.00051152   0.00000000     0.00017799   0.00000000    -0.00014101  -0.00000000
 -0.00008954  -0.00000000    -0.00005392  -0.00000000    -0.00016818  -0.00000000
   13   19
  0.00011350   0.00000000     0.00009522   0.00000000     0.00009455   0.00000000
  0.00022238   0.00000000    -0.00110954  -0.00000000    -0.00057611  -0.00000000
 -0.00011848  -0.00000000    -0.00029896  -0.00000000    -0.00009717  -0.00000000
   13   20
  0.00019925  -0.00000000    -0.00035400   0.00000000     0.00015068  -0.00000000
  0.00011928  -0.00000000     0.00001695  -0.00000000     0.00005135  -0.00000000
  0.00008846  -0.00000000    -0.00009877   0.00000000     0.00015084  -0.00000000
   13   21
 -0.00050721   0.00000000    -0.00022018   0.00000000    -0.00010718   0.00000000
  0.00059296  -0.00000000     0.00014951  -0.00000000     0.00006970  -0.00000000
  0.00005355  -0.00000000     0.00009450  -0.00000000    -0.00011375   0.00000000
   13   22
  0.00466142  -0.00000000    -0.00953317   0.00000000    -0.00106128   0.00000000
  0.00871385  -0.00000000    -0.01656795   0.00000000    -0.00009870   0.00000000
 -0.01515682   0.00000000     0.02587587  -0.00000000    -0.00012988   0.00000000
   14    1
  0.00039895  -0.00000000     0.00264435  -0.00000000    -0.00001581   0.00000000
  0.00454853  -0.00000000     0.00117417  -0.00000000     0.00009921  -0.00000000
 -0.00001294   0.00000000    -0.00051831   0.00000000    -0.00070191   0.00000000
   14    2
  0.00875362   0.00000000    -0.00450953  -0.00000000    -0.00003793  -0.00000000
  0.00040614   0.00000000     0.00456185   0.00000000    -0.00001761  -0.00000000
  0.00005716   0.00000000     0.00009202   0.00000000     0.00221068   0.00000000
   14    3
  0.00036737   0.00000000     0.00104993   0.00000000    -0.00003671   0.00000000
  0.00019293   0.00000000    -0.00094627   0.00000000    -0.00008578   0.00000000
 -0.00009725   0.00000000    -0.00000672   0.00000000    -0.00168736   0.00000000
   14    4
  0.00032999  -0.00000000     0.00056066  -0.00000000     0.00003233  -0.00000000
  0.00036331  -0.00000000     0.00039592  -0.00000000     0.00000201  -0.00000000
 -0.00003165   0.00000000    -0.00005070   0.00000000     0.00039435  -0.00000000
   14    5
  0.00081847   0.00000000    -0.00014948  -0.00000000    -0.00001321  -0.00000000
 -0.00003461  -0.00000000     0.00144735   0.00000000     0.00007149   0.00000000
  0.00012156   0.00000000     0.00003670   0.00000000     0.00069092   0.00000000
   14    6
 -0.11836613  -0.00000000     0.11790105   0.00000000    -0.00000816  -0.00000000
  0.11900596   0.00000000    -0.26231470  -0.00000000    -0.00007789  -0.00000000
  0.00009487   0.00000000     0.00002520   0.00000000    -0.05362200  -0.00000000
   14    7
  0.00004679  -0.00000000    -0.00007373   0.00000000     0.00006551  -0.00000000
 -0.00008961   0.00000000    -0.00068434   0.00000000    -0.00006710   0.00000000
  0.00004121  -0.00000000    -0.00000294   0.00000000     0.00007601  -0.00000000
   14    8
  0.00039939  -0.00000000    -0.00016036   0.00000000     0.00006065  -0.00000000
 -0.00012476   0.00000000    -0.00011530   0.00000000    -0.00002104   0.00000000
  0.00008188  -0.00000000    -0.00001770   0.00000000     0.00037232  -0.00000000
   14    9
  0.00095945  -0.00000000    -0.00050406   0.00000000     0.00005249  -0.00000000
 -0.00088559   0.00000000    -0.00059300   0.00000000    -0.00003342   0.00000000
 -0.00004133   0.00000000     0.00000730  -0.00000000    -0.00006933   0.00000000
   14   10
  0.01741178  -0.00000000    -0.03142340   0.00000000    -0.00001035   0.00000000
  0.00276743  -0.00000000    -0.00424646   0.00000000     0.00001611  -0.00000000
 -0.00003331   0.00000000    -0.00000099   0.00000000     0.00257909  -0.00000000
   14   11
 -0.00012599   0.00000000    -0.00003391   0.00000000    -0.00001830   0.00000000
  0.00003391  -0.00000000    -0.00141807   0.00000000     0.00003478  -0.00000000
 -0.00001830   0.00000000    -0.00003478   0.00000000    -0.00032019   0.00000000
   14   12
  0.00000000  -0.00000000    -0.00002139   0.00000000    -0.00002147   0.00000000
 -0.00002139   0.00000000    -0.00000000   0.00000000     0.00007099  -0.00000000
 -0.00002147   0.00000000    -0.00007099   0.00000000    -0.00000000   0.00000000
   14   13
 -0.00044760  -0.00000000    -0.00014915  -0.00000000     0.00001886   0.00000000
 -0.00014915  -0.00000000     0.00030368   0.00000000    -0.00002874  -0.00000000
 -0.00001886  -0.00000000     0.00002874   0.00000000    -0.00011842  -0.00000000
   14   14
  0.13438283   0.00000000    -0.13691822   0.00000000    -0.00001613   0.00000000
 -0.13691822   0.00000000     0.30185859   0.00000000     0.00004114   0.00000000
 -0.00001613   0.00000000     0.00004114   0.00000000     0.06156870   0.00000000
   14   15
  0.00012753  -0.00000000     0.00004367  -0.00000000     0.00010429  -0.00000000
  0.00023301  -0.00000000    -0.00100843   0.00000000    -0.00055870   0.00000000
 -0.00017555   0.00000000    -0.00022619   0.00000000    -0.00004192   0.00000000
   14   16
  0.00020933  -0.00000000    -0.00033492   0.00000000     0.00014229  -0.00000000
  0.00014913  -0.00000000    -0.00003763   0.00000000    -0.00000525   0.00000000
  0.00004371  -0.00000000    -0.00001168   0.00000000     0.00002706  -0.00000000
   14   17
 -0.00049650  -0.00000000    -0.00022213  -0.00000000    -0.00013681  -0.00000000
  0.00051152   0.00000000     0.00017799   0.00000000     0.00014101   0.00000000
  0.00008954   0.00000000     0.00005392   0.00000000    -0.00016818  -0.00000000
   14   18
  0.00460541   0.00000000    -0.00956949  -0.00000000    -0.00106636  -0.00000000
  0.00875025   0.00000000    -0.01648056  -0.00000000    -0.00008970  -0.00000000
 -0.01513378  -0.00000000     0.02583425   0.00000000    -0.00008806  -0.00000000
   14   19
  0.00019925   0.00000000    -0.00035400  -0.00000000    -0.00015068  -0.00000000
  0.00011928   0.00000000     0.00001695   0.00000000    -0.00005135  -0.00000000
 -0.00008846  -0.00000000     0.00009877   0.00000000     0.00015084   0.00000000
   14   20
  0.00011350  -0.00000000     0.00009522  -0.00000000    -0.00009455   0.00000000
  0.00022238  -0.00000000    -0.00110954   0.00000000     0.00057611  -0.00000000
  0.00011848  -0.00000000     0.00029896  -0.00000000    -0.00009717   0.00000000
   14   21
  0.00466142  -0.00000000    -0.00953317   0.00000000     0.00106128  -0.00000000
  0.00871385  -0.00000000    -0.01656795   0.00000000     0.00009870  -0.00000000
  0.01515682  -0.00000000    -0.02587587   0.00000000    -0.00012988   0.00000000
   14   22
 -0.00050721   0.00000000    -0.00022018   0.00000000     0.00010718  -0.00000000
  0.00059296  -0.00000000     0.00014951  -0.00000000    -0.00006970   0.00000000
 -0.00005355   0.00000000    -0.00009450   0.00000000    -0.00011375   0.00000000
   15    1
 -0.00480927   0.00000000    -0.00113340   0.00000000     0.00088405  -0.00000000
  0.00096313  -0.00000000    -0.00204730   0.00000000    -0.00040552   0.00000000
 -0.00022258   0.00000000     0.00262159  -0.00000000     0.00252744  -0.00000000
   15    2
  0.00559443   0.00000000    -0.00155553  -0.00000000     0.00225753   0.00000000
 -0.00256114  -0.00000000    -0.00080039  -0.00000000    -0.00023009  -0.00000000
  0.00021183   0.00000000     0.00019723   0.00000000     0.00313851   0.00000000
   15    3
 -0.06222330  -0.00000000     0.03951182   0.00000000     0.05490917   0.00000000
  0.03894220   0.00000000    -0.13049086  -0.00000000    -0.12690985  -0.00000000
  0.05462541   0.00000000    -0.12713312  -0.00000000    -0.25730362  -0.00000000
   15    4
 -0.00052293  -0.00000000     0.00007583   0.00000000     0.00039613   0.00000000
 -0.00017874  -0.00000000    -0.00096720  -0.00000000    -0.00040031  -0.00000000
 -0.00014395  -0.00000000     0.00010251   0.00000000    -0.00049988  -0.00000000
   15    5
  0.00058137   0.00000000     0.00018315   0.00000000    -0.00024382  -0.00000000
  0.00023770   0.00000000     0.00003961   0.00000000     0.00029640   0.00000000
 -0.00022311  -0.00000000    -0.00008344  -0.00000000     0.00071946   0.00000000
   15    6
  0.00017174   0.00000000     0.00027737   0.00000000     0.00027290   0.00000000
  0.00036877   0.00000000    -0.00079418  -0.00000000    -0.00004080  -0.00000000
  0.00043555   0.00000000    -0.00072446  -0.00000000    -0.00069670  -0.00000000
   15    7
 -0.00708582  -0.00000000     0.01940416   0.00000000     0.02996485   0.00000000
  0.00028830   0.00000000    -0.00353162  -0.00000000    -0.00425990  -0.00000000
  0.00038156   0.00000000     0.00069482   0.00000000     0.00019650   0.00000000
   15    8
  0.00040693  -0.00000000    -0.00028822   0.00000000     0.00012875  -0.00000000
  0.00041755  -0.00000000    -0.00003652   0.00000000    -0.00020351   0.00000000
 -0.00003958   0.00000000     0.00004700  -0.00000000     0.00001946  -0.00000000
   15    9
 -0.00076535   0.00000000     0.00009158  -0.00000000     0.00010404  -0.00000000
  0.00001727  -0.00000000    -0.00000006   0.00000000     0.00031238  -0.00000000
  0.00017502  -0.00000000    -0.00020646   0.00000000    -0.00005215   0.00000000
   15   10
 -0.00059219  -0.00000000    -0.00043205  -0.00000000    -0.00006167  -0.00000000
  0.00063547   0.00000000     0.00065588   0.00000000     0.00014522   0.00000000
  0.00026894   0.00000000     0.00018272   0.00000000     0.00013666   0.00000000
   15   11
  0.00460541  -0.00000000    -0.00875025   0.00000000    -0.01513378   0.00000000
  0.00956949  -0.00000000    -0.01648056   0.00000000    -0.02583425   0.00000000
 -0.00106636   0.00000000     0.00008970  -0.00000000    -0.00008806   0.00000000
   15   12
  0.00049650  -0.00000000     0.00051152  -0.00000000     0.00008954  -0.00000000
 -0.00022213   0.00000000    -0.00017799   0.00000000    -0.00005392   0.00000000
 -0.00013681   0.00000000    -0.00014101   0.00000000     0.00016818  -0.00000000
   15   13
  0.00020933   0.00000000     0.00014913   0.00000000    -0.00004371  -0.00000000
 -0.00033492  -0.00000000    -0.00003763  -0.00000000     0.00001168   0.00000000
 -0.00014229  -0.00000000     0.00000525   0.00000000     0.00002706   0.00000000
   15   14
  0.00012753   0.00000000     0.00023301   0.00000000    -0.00017555  -0.00000000
  0.00004367   0.00000000    -0.00100843  -0.00000000    -0.00022619  -0.00000000
  0.00010429   0.00000000    -0.00055870  -0.00000000    -0.00004192  -0.00000000
   15   15
  0.07485821   0.00000000    -0.04668942   0.00000000    -0.06252392   0.00000000
 -0.04668942   0.00000000     0.14482192   0.00000000     0.14226968   0.00000000
 -0.06252392   0.00000000     0.14226968   0.00000000     0.28314301   0.00000000
   15   16
  0.00019627  -0.00000000     0.00021680  -0.00000000     0.00013033  -0.00000000
  0.00021680  -0.00000000    -0.00043665   0.00000000    -0.00011245   0.00000000
 -0.00013033   0.00000000     0.00011245  -0.00000000    -0.00009476   0.00000000
   15   17
  0.00000000   0.00000000     0.00001797   0.00000000     0.00014230   0.00000000
  0.00001797   0.00000000    -0.00000000  -0.00000000     0.00003378   0.00000000
  0.00014230   0.00000000    -0.00003378  -0.00000000    -0.00000000  -0.00000000
   15   18
  0.00036381   0.00000000     0.00028133   0.00000000    -0.00016665  -0.00000000
 -0.00028133  -0.00000000    -0.00025124  -0.00000000    -0.00005799  -0.00000000
 -0.00016665  -0.00000000     0.00005799   0.00000000    -0.00004919  -0.00000000
   15   19
  0.00017449   0.00000000     0.00014207   0.00000000    -0.00010595  -0.00000000
  0.00015257   0.00000000    -0.00032460  -0.00000000     0.00006984   0.00000000
 -0.00018136  -0.00000000     0.00005558   0.00000000     0.00001106   0.00000000
   15   20
  0.00188657  -0.00000000    -0.00658222   0.00000000    -0.00730029   0.00000000
 -0.00657670   0.00000000     0.01236514  -0.00000000     0.01634633  -0.00000000
  0.00727903  -0.00000000    -0.01626602   0.00000000    -0.02313695   0.00000000
   15   21
  0.00027953  -0.00000000     0.00017428  -0.00000000    -0.00000931   0.00000000
 -0.00023229   0.00000000    -0.00050803   0.00000000    -0.00024425   0.00000000
 -0.00000087   0.00000000    -0.00018181   0.00000000    -0.00007293   0.00000000
   15   22
  0.00002934   0.00000000    -0.00016730  -0.00000000     0.00032260   0.00000000
 -0.00020523  -0.00000000     0.00006314   0.00000000     0.00001755   0.00000000
 -0.00030084  -0.00000000     0.00002566   0.00000000     0.00004047   0.00000000
   16    1
 -0.00480927  -0.00000000    -0.00113340  -0.00000000    -0.00088405  -0.00000000
  0.00096313   0.00000000    -0.00204730  -0.00000000     0.00040552   0.00000000
  0.00022258   0.00000000    -0.00262159  -0.00000000     0.00252744   0.00000000
   16    2
 -0.00559443  -0.00000000     0.00155553   0.00000000     0.00225753   0.00000000
  0.00256114   0.00000000     0.00080039   0.00000000    -0.00023009  -0.00000000
  0.00021183   0.00000000     0.00019723   0.00000000    -0.00313851  -0.00000000
   16    3
 -0.00052293  -0.00000000     0.00007583   0.00000000    -0.00039613  -0.00000000
 -0.00017874  -0.00000000    -0.00096720  -0.00000000     0.00040031   0.00000000
  0.00014395   0.00000000    -0.00010251  -0.00000000    -0.00049988  -0.00000000
   16    4
 -0.06222330  -0.00000000     0.03951182   0.00000000    -0.05490917  -0.00000000
  0.03894220   0.00000000    -0.13049086  -0.00000000     0.12690985   0.00000000
 -0.05462541  -0.00000000     0.12713312   0.00000000    -0.25730362  -0.00000000
   16    5
  0.00017174   0.00000000     0.00027737   0.00000000    -0.00027290  -0.00000000
  0.00036877   0.00000000    -0.00079418  -0.00000000     0.00004080   0.00000000
 -0.00043555  -0.00000000     0.00072446   0.00000000    -0.00069670  -0.00000000
   16    6
  0.00058137   0.00000000     0.00018315   0.00000000     0.00024382   0.00000000
  0.00023770   0.00000000     0.00003961   0.00000000    -0.00029640  -0.00000000
  0.00022311   0.00000000     0.00008344   0.00000000     0.00071946   0.00000000
   16    7
  0.00040693   0.00000000    -0.00028822  -0.00000000    -0.00012875  -0.00000000
  0.00041755   0.00000000    -0.00003652  -0.00000000     0.00020351   0.00000000
  0.00003958   0.00000000    -0.00004700  -0.00000000     0.00001946   0.00000000
   16    8
 -0.00708582  -0.00000000     0.01940416   0.00000000    -0.02996485  -0.00000000
  0.00028830   0.00000000    -0.00353162  -0.00000000     0.00425990   0.00000000
 -0.00038156  -0.00000000    -0.00069482  -0.00000000     0.00019650   0.00000000
   16    9
 -0.00059219  -0.00000000    -0.00043205  -0.00000000     0.00006167   0.00000000
  0.00063547   0.00000000     0.00065588   0.00000000    -0.00014522  -0.00000000
 -0.00026894  -0.00000000    -0.00018272  -0.00000000     0.00013666   0.00000000
   16   10
 -0.00076535  -0.00000000     0.00009158   0.00000000    -0.00010404  -0.00000000
  0.00001727   0.00000000    -0.00000006  -0.00000000    -0.00031238  -0.00000000
 -0.00017502  -0.00000000     0.00020646   0.00000000    -0.00005215  -0.00000000
   16   11
  0.00049650   0.00000000     0.00051152   0.00000000    -0.00008954  -0.00000000
 -0.00022213  -0.00000000    -0.00017799  -0.00000000     0.00005392   0.00000000
  0.00013681   0.00000000     0.00014101   0.00000000     0.00016818   0.00000000
   16   12
  0.00460541   0.00000000    -0.00875025  -0.00000000     0.01513378   0.00000000
  0.00956949   0.00000000    -0.01648056  -0.00000000     0.02583425   0.00000000
  0.00106636   0.00000000    -0.00008970  -0.00000000    -0.00008806  -0.00000000
   16   13
  0.00012753   0.00000000     0.00023301   0.00000000     0.00017555   0.00000000
  0.00004367   0.00000000    -0.00100843  -0.00000000     0.00022619   0.00000000
 -0.00010429  -0.00000000     0.00055870   0.00000000    -0.00004192  -0.00000000
   16   14
  0.00020933   0.00000000     0.00014913   0.00000000     0.00004371   0.00000000
 -0.00033492  -0.00000000    -0.00003763  -0.00000000    -0.00001168  -0.00000000
  0.00014229   0.00000000    -0.00000525  -0.00000000     0.00002706   0.00000000
   16   15
  0.00019627   0.00000000     0.00021680   0.00000000    -0.00013033  -0.00000000
  0.00021680   0.00000000    -0.00043665  -0.00000000     0.00011245   0.00000000
  0.00013033   0.00000000    -0.00011245  -0.00000000    -0.00009476  -0.00000000
   16   16
  0.07485821   0.00000000    -0.04668942   0.00000000     0.06252392   0.00000000
 -0.04668942   0.00000000     0.14482192   0.00000000    -0.14226968   0.00000000
  0.06252392   0.00000000    -0.14226968   0.00000000     0.28314301   0.00000000
   16   17
  0.00036381   0.00000000     0.00028133   0.00000000     0.00016665   0.00000000
 -0.00028133  -0.00000000    -0.00025124  -0.00000000     0.00005799   0.00000000
  0.00016665   0.00000000    -0.00005799  -0.00000000    -0.00004919  -0.00000000
   16   18
  0.00000000   0.00000000     0.00001797   0.00000000    -0.00014230  -0.00000000
  0.00001797   0.00000000    -0.00000000  -0.00000000    -0.00003378  -0.00000000
 -0.00014230  -0.00000000     0.00003378   0.00000000    -0.00000000   0.00000000
   16   19
  0.00188657   0.00000000    -0.00658222  -0.00000000     0.00730029   0.00000000
 -0.00657670  -0.00000000     0.01236514   0.00000000    -0.01634633  -0.00000000
 -0.00727903  -0.00000000     0.01626602   0.00000000    -0.02313695  -0.00000000
   16   20
  0.00017449  -0.00000000     0.00014207  -0.00000000     0.00010595  -0.00000000
  0.00015257  -0.00000000    -0.00032460   0.00000000    -0.00006984   0.00000000
  0.00018136  -0.00000000    -0.00005558   0.00000000     0.00001106  -0.00000000
   16   21
  0.00002934  -0.00000000    -0.00016730   0.00000000    -0.00032260   0.00000000
 -0.00020523   0.00000000     0.00006314  -0.00000000    -0.00001755   0.00000000
  0.00030084  -0.00000000    -0.00002566   0.00000000     0.00004047  -0.00000000
   16   22
  0.00027953   0.00000000     0.00017428   0.00000000     0.00000931   0.00000000
 -0.00023229  -0.00000000    -0.00050803  -0.00000000     0.00024425   0.00000000
  0.00000087   0.00000000     0.00018181   0.00000000    -0.00007293  -0.00000000
   17    1
 -0.00559443   0.00000000    -0.00155553   0.00000000     0.00225753  -0.00000000
 -0.00256114   0.00000000     0.00080039  -0.00000000     0.00023009  -0.00000000
  0.00021183  -0.00000000    -0.00019723   0.00000000    -0.00313851   0.00000000
   17    2
 -0.00480927   0.00000000     0.00113340  -0.00000000    -0.00088405   0.00000000
 -0.00096313   0.00000000    -0.00204730   0.00000000    -0.00040552   0.00000000
  0.00022258  -0.00000000     0.00262159  -0.00000000     0.00252744  -0.00000000
   17    3
 -0.00058137   0.00000000     0.00018315  -0.00000000    -0.00024382   0.00000000
  0.00023770  -0.00000000    -0.00003961   0.00000000    -0.00029640   0.00000000
 -0.00022311   0.00000000     0.00008344  -0.00000000    -0.00071946   0.00000000
   17    4
  0.00017174  -0.00000000    -0.00027737   0.00000000    -0.00027290   0.00000000
 -0.00036877   0.00000000    -0.00079418   0.00000000    -0.00004080   0.00000000
 -0.00043555   0.00000000    -0.00072446   0.00000000    -0.00069670   0.00000000
   17    5
 -0.06222330   0.00000000    -0.03951182   0.00000000    -0.05490917   0.00000000
 -0.03894220   0.00000000    -0.13049086   0.00000000    -0.12690985   0.00000000
 -0.05462541   0.00000000    -0.12713312   0.00000000    -0.25730362   0.00000000
   17    6
  0.00052293  -0.00000000     0.00007583  -0.00000000     0.00039613  -0.00000000
 -0.00017874   0.00000000     0.00096720  -0.00000000     0.00040031  -0.00000000
 -0.00014395   0.00000000    -0.00010251   0.00000000     0.00049988  -0.00000000
   17    7
 -0.00076535   0.00000000    -0.00009158   0.00000000    -0.00010404   0.00000000
 -0.00001727   0.00000000    -0.00000006   0.00000000     0.00031238  -0.00000000
 -0.00017502   0.00000000    -0.00020646   0.00000000    -0.00005215   0.00000000
   17    8
  0.00059219  -0.00000000    -0.00043205   0.00000000    -0.00006167   0.00000000
  0.00063547  -0.00000000    -0.00065588   0.00000000    -0.00014522   0.00000000
  0.00026894  -0.00000000    -0.00018272   0.00000000    -0.00013666   0.00000000
   17    9
  0.00708582  -0.00000000     0.01940416  -0.00000000     0.02996485  -0.00000000
  0.00028830  -0.00000000     0.00353162  -0.00000000     0.00425990  -0.00000000
  0.00038156  -0.00000000    -0.00069482   0.00000000    -0.00019650   0.00000000
   17   10
  0.00040693  -0.00000000     0.00028822  -0.00000000    -0.00012875   0.00000000
 -0.00041755   0.00000000    -0.00003652   0.00000000    -0.00020351   0.00000000
  0.00003958  -0.00000000     0.00004700  -0.00000000     0.00001946  -0.00000000
   17   11
 -0.00020933   0.00000000     0.00014913  -0.00000000    -0.00004371   0.00000000
 -0.00033492   0.00000000     0.00003763  -0.00000000    -0.00001168   0.00000000
 -0.00014229   0.00000000    -0.00000525   0.00000000    -0.00002706   0.00000000
   17   12
  0.00012753  -0.00000000    -0.00023301   0.00000000     0.00017555  -0.00000000
 -0.00004367   0.00000000    -0.00100843   0.00000000    -0.00022619   0.00000000
 -0.00010429   0.00000000    -0.00055870   0.00000000    -0.00004192   0.00000000
   17   13
  0.00460541  -0.00000000     0.00875025  -0.00000000     0.01513378  -0.00000000
 -0.00956949   0.00000000    -0.01648056   0.00000000    -0.02583425   0.00000000
  0.00106636  -0.00000000     0.00008970  -0.00000000    -0.00008806   0.00000000
   17   14
 -0.00049650   0.00000000     0.00051152  -0.00000000     0.00008954  -0.00000000
 -0.00022213   0.00000000     0.00017799  -0.00000000     0.00005392  -0.00000000
 -0.00013681   0.00000000     0.00014101  -0.00000000    -0.00016818   0.00000000
   17   15
 -0.00000000   0.00000000     0.00001797  -0.00000000     0.00014230  -0.00000000
  0.00001797  -0.00000000     0.00000000  -0.00000000    -0.00003378   0.00000000
  0.00014230  -0.00000000     0.00003378  -0.00000000     0.00000000   0.00000000
   17   16
  0.00036381  -0.00000000    -0.00028133   0.00000000     0.00016665  -0.00000000
  0.00028133  -0.00000000    -0.00025124   0.00000000    -0.00005799   0.00000000
  0.00016665  -0.00000000     0.00005799  -0.00000000    -0.00004919   0.00000000
   17   17
  0.07485821   0.00000000     0.04668942   0.00000000     0.06252392   0.00000000
  0.04668942   0.00000000     0.14482192   0.00000000     0.14226968   0.00000000
  0.06252392   0.00000000     0.14226968   0.00000000     0.28314301   0.00000000
   17   18
 -0.00019627  -0.00000000     0.00021680   0.00000000     0.00013033   0.00000000
  0.00021680   0.00000000     0.00043665   0.00000000     0.00011245   0.00000000
 -0.00013033  -0.00000000    -0.00011245  -0.00000000     0.00009476   0.00000000
   17   19
  0.00027953  -0.00000000    -0.00017428   0.00000000     0.00000931  -0.00000000
  0.00023229  -0.00000000    -0.00050803   0.00000000    -0.00024425   0.00000000
  0.00000087  -0.00000000    -0.00018181   0.00000000    -0.00007293   0.00000000
   17   20
 -0.00002934   0.00000000    -0.00016730   0.00000000     0.00032260  -0.00000000
 -0.00020523   0.00000000    -0.00006314   0.00000000    -0.00001755   0.00000000
 -0.00030084   0.00000000    -0.00002566   0.00000000    -0.00004047   0.00000000
   17   21
 -0.00017449   0.00000000     0.00014207  -0.00000000    -0.00010595   0.00000000
  0.00015257  -0.00000000     0.00032460  -0.00000000    -0.00006984   0.00000000
 -0.00018136   0.00000000    -0.00005558   0.00000000    -0.00001106   0.00000000
   17   22
  0.00188657  -0.00000000     0.00658222  -0.00000000     0.00730029  -0.00000000
  0.00657670  -0.00000000     0.01236514  -0.00000000     0.01634633  -0.00000000
 -0.00727903   0.00000000    -0.01626602   0.00000000    -0.02313695   0.00000000
   18    1
 -0.00559443   0.00000000    -0.00155553   0.00000000    -0.00225753   0.00000000
 -0.00256114   0.00000000     0.00080039  -0.00000000    -0.00023009   0.00000000
 -0.00021183   0.00000000     0.00019723  -0.00000000    -0.00313851   0.00000000
   18    2
  0.00480927  -0.00000000    -0.00113340   0.00000000    -0.00088405   0.00000000
  0.00096313  -0.00000000     0.00204730  -0.00000000    -0.00040552   0.00000000
  0.00022258  -0.00000000     0.00262159  -0.00000000    -0.00252744   0.00000000
   18    3
  0.00017174  -0.00000000    -0.00027737   0.00000000     0.00027290  -0.00000000
 -0.00036877   0.00000000    -0.00079418   0.00000000     0.00004080  -0.00000000
  0.00043555  -0.00000000     0.00072446  -0.00000000    -0.00069670   0.00000000
   18    4
 -0.00058137   0.00000000     0.00018315  -0.00000000     0.00024382  -0.00000000
  0.00023770  -0.00000000    -0.00003961   0.00000000     0.00029640  -0.00000000
  0.00022311  -0.00000000    -0.00008344   0.00000000    -0.00071946   0.00000000
   18    5
  0.00052293  -0.00000000     0.00007583  -0.00000000    -0.00039613   0.00000000
 -0.00017874   0.00000000     0.00096720  -0.00000000    -0.00040031   0.00000000
  0.00014395  -0.00000000     0.00010251  -0.00000000     0.00049988  -0.00000000
   18    6
 -0.06222330   0.00000000    -0.03951182   0.00000000     0.05490917  -0.00000000
 -0.03894220   0.00000000    -0.13049086   0.00000000     0.12690985  -0.00000000
  0.05462541  -0.00000000     0.12713312  -0.00000000    -0.25730362   0.00000000
   18    7
  0.00059219  -0.00000000    -0.00043205   0.00000000     0.00006167  -0.00000000
  0.00063547  -0.00000000    -0.00065588   0.00000000     0.00014522  -0.00000000
 -0.00026894   0.00000000     0.00018272  -0.00000000    -0.00013666   0.00000000
   18    8
 -0.00076535   0.00000000    -0.00009158   0.00000000     0.00010404  -0.00000000
 -0.00001727   0.00000000    -0.00000006   0.00000000    -0.00031238   0.00000000
  0.00017502  -0.00000000     0.00020646  -0.00000000    -0.00005215   0.00000000
   18    9
  0.00040693  -0.00000000     0.00028822  -0.00000000     0.00012875  -0.00000000
 -0.00041755   0.00000000    -0.00003652   0.00000000     0.00020351  -0.00000000
 -0.00003958   0.00000000    -0.00004700   0.00000000     0.00001946  -0.00000000
   18   10
  0.00708582  -0.00000000     0.01940416  -0.00000000    -0.02996485   0.00000000
  0.00028830  -0.00000000     0.00353162  -0.00000000    -0.00425990   0.00000000
 -0.00038156   0.00000000     0.00069482  -0.00000000    -0.00019650   0.00000000
   18   11
  0.00012753  -0.00000000    -0.00023301   0.00000000    -0.00017555   0.00000000
 -0.00004367   0.00000000    -0.00100843   0.00000000     0.00022619  -0.00000000
  0.00010429  -0.00000000     0.00055870  -0.00000000    -0.00004192   0.00000000
   18   12
 -0.00020933   0.00000000     0.00014913  -0.00000000     0.00004371  -0.00000000
 -0.00033492   0.00000000     0.00003763  -0.00000000     0.00001168  -0.00000000
  0.00014229  -0.00000000     0.00000525  -0.00000000    -0.00002706   0.00000000
   18   13
 -0.00049650   0.00000000     0.00051152  -0.00000000    -0.00008954   0.00000000
 -0.00022213   0.00000000     0.00017799  -0.00000000    -0.00005392   0.00000000
  0.00013681  -0.00000000    -0.00014101   0.00000000    -0.00016818   0.00000000
   18   14
  0.00460541  -0.00000000     0.00875025  -0.00000000    -0.01513378   0.00000000
 -0.00956949   0.00000000    -0.01648056   0.00000000     0.02583425  -0.00000000
 -0.00106636   0.00000000    -0.00008970   0.00000000    -0.00008806   0.00000000
   18   15
  0.00036381  -0.00000000    -0.00028133   0.00000000    -0.00016665   0.00000000
  0.00028133  -0.00000000    -0.00025124   0.00000000     0.00005799  -0.00000000
 -0.00016665   0.00000000    -0.00005799   0.00000000    -0.00004919   0.00000000
   18   16
 -0.00000000   0.00000000     0.00001797  -0.00000000    -0.00014230   0.00000000
  0.00001797  -0.00000000     0.00000000  -0.00000000     0.00003378  -0.00000000
 -0.00014230   0.00000000    -0.00003378   0.00000000     0.00000000  -0.00000000
   18   17
 -0.00019627   0.00000000     0.00021680  -0.00000000    -0.00013033   0.00000000
  0.00021680  -0.00000000     0.00043665  -0.00000000    -0.00011245   0.00000000
  0.00013033  -0.00000000     0.00011245  -0.00000000     0.00009476  -0.00000000
   18   18
  0.07485821   0.00000000     0.04668942   0.00000000    -0.06252392   0.00000000
  0.04668942   0.00000000     0.14482192   0.00000000    -0.14226968   0.00000000
 -0.06252392   0.00000000    -0.14226968   0.00000000     0.28314301   0.00000000
   18   19
 -0.00002934   0.00000000    -0.00016730   0.00000000    -0.00032260   0.00000000
 -0.00020523   0.00000000    -0.00006314   0.00000000     0.00001755  -0.00000000
  0.00030084  -0.00000000     0.00002566  -0.00000000    -0.00004047   0.00000000
   18   20
  0.00027953  -0.00000000    -0.00017428   0.00000000    -0.00000931   0.00000000
  0.00023229  -0.00000000    -0.00050803   0.00000000     0.00024425  -0.00000000
 -0.00000087   0.00000000     0.00018181  -0.00000000    -0.00007293   0.00000000
   18   21
  0.00188657  -0.00000000     0.00658222  -0.00000000    -0.00730029   0.00000000
  0.00657670  -0.00000000     0.01236514  -0.00000000    -0.01634633   0.00000000
  0.00727903  -0.00000000     0.01626602  -0.00000000    -0.02313695   0.00000000
   18   22
 -0.00017449   0.00000000     0.00014207  -0.00000000     0.00010595  -0.00000000
  0.00015257  -0.00000000     0.00032460  -0.00000000     0.00006984  -0.00000000
  0.00018136  -0.00000000     0.00005558  -0.00000000    -0.00001106   0.00000000
   19    1
 -0.00437358   0.00000000    -0.00097439   0.00000000     0.00095803  -0.00000000
  0.00104099  -0.00000000    -0.00235861   0.00000000    -0.00046391   0.00000000
 -0.00031465   0.00000000     0.00291301  -0.00000000     0.00258477  -0.00000000
   19    2
 -0.00570410   0.00000000     0.00157665  -0.00000000    -0.00225124   0.00000000
  0.00236523  -0.00000000     0.00045517  -0.00000000     0.00019371  -0.00000000
 -0.00020220   0.00000000    -0.00024359   0.00000000    -0.00314220   0.00000000
   19    3
 -0.00045247   0.00000000     0.00023866  -0.00000000     0.00025626  -0.00000000
 -0.00023139   0.00000000    -0.00080930   0.00000000    -0.00027654   0.00000000
 -0.00009585   0.00000000     0.00011099  -0.00000000    -0.00040376   0.00000000
   19    4
 -0.06216118   0.00000000     0.03943885  -0.00000000     0.05490063  -0.00000000
  0.03890285  -0.00000000    -0.13057690   0.00000000    -0.12685972   0.00000000
  0.05461614  -0.00000000    -0.12716311   0.00000000    -0.25715497   0.00000000
   19    5
  0.00011685  -0.00000000     0.00016795  -0.00000000     0.00033123  -0.00000000
  0.00043478  -0.00000000    -0.00076527   0.00000000    -0.00011600   0.00000000
  0.00038391  -0.00000000    -0.00068942   0.00000000    -0.00063002   0.00000000
   19    6
  0.00049004   0.00000000     0.00004114   0.00000000    -0.00030617  -0.00000000
  0.00028658   0.00000000    -0.00007277  -0.00000000     0.00021999   0.00000000
 -0.00035057  -0.00000000    -0.00011366  -0.00000000     0.00076860   0.00000000
   19    7
  0.00039109  -0.00000000    -0.00022910   0.00000000     0.00004497  -0.00000000
  0.00039507  -0.00000000    -0.00000380   0.00000000    -0.00015355   0.00000000
 -0.00010156   0.00000000     0.00006876  -0.00000000     0.00005396  -0.00000000
   19    8
 -0.00711109   0.00000000     0.01936331  -0.00000000     0.02998024  -0.00000000
  0.00037206  -0.00000000    -0.00358035   0.00000000    -0.00421585   0.00000000
  0.00038046  -0.00000000     0.00068263  -0.00000000     0.00021461  -0.00000000
   19    9
 -0.00054400   0.00000000    -0.00037948   0.00000000     0.00006966  -0.00000000
  0.00073838  -0.00000000     0.00069497  -0.00000000     0.00005336  -0.00000000
  0.00027346  -0.00000000     0.00018470  -0.00000000     0.00004922  -0.00000000
   19   10
 -0.00079248   0.00000000     0.00011231  -0.00000000    -0.00002540   0.00000000
 -0.00003777   0.00000000     0.00000676  -0.00000000     0.00033618  -0.00000000
  0.00021491  -0.00000000    -0.00019282   0.00000000    -0.00006782   0.00000000
   19   11
  0.00050721  -0.00000000     0.00059296  -0.00000000     0.00005355  -0.00000000
 -0.00022018   0.00000000    -0.00014951   0.00000000    -0.00009450   0.00000000
 -0.00010718   0.00000000    -0.00006970   0.00000000     0.00011375  -0.00000000
   19   12
  0.00466142  -0.00000000    -0.00871385   0.00000000    -0.01515682   0.00000000
  0.00953317  -0.00000000    -0.01656795   0.00000000    -0.02587587   0.00000000
 -0.00106128   0.00000000     0.00009870  -0.00000000    -0.00012988   0.00000000
   19   13
  0.00011350  -0.00000000     0.00022238  -0.00000000    -0.00011848   0.00000000
  0.00009522  -0.00000000    -0.00110954   0.00000000    -0.00029896   0.00000000
  0.00009455  -0.00000000    -0.00057611   0.00000000    -0.00009717   0.00000000
   19   14
  0.00019925  -0.00000000     0.00011928  -0.00000000    -0.00008846   0.00000000
 -0.00035400   0.00000000     0.00001695  -0.00000000     0.00009877  -0.00000000
 -0.00015068   0.00000000    -0.00005135   0.00000000     0.00015084  -0.00000000
   19   15
  0.00017449  -0.00000000     0.00015257  -0.00000000    -0.00018136   0.00000000
  0.00014207  -0.00000000    -0.00032460   0.00000000     0.00005558  -0.00000000
 -0.00010595   0.00000000     0.00006984  -0.00000000     0.00001106  -0.00000000
   19   16
  0.00188657  -0.00000000    -0.00657670   0.00000000    -0.00727903   0.00000000
 -0.00658222   0.00000000     0.01236514  -0.00000000     0.01626602  -0.00000000
  0.00730029  -0.00000000    -0.01634633   0.00000000    -0.02313695   0.00000000
   19   17
  0.00027953   0.00000000     0.00023229   0.00000000     0.00000087   0.00000000
 -0.00017428  -0.00000000    -0.00050803  -0.00000000    -0.00018181  -0.00000000
  0.00000931   0.00000000    -0.00024425  -0.00000000    -0.00007293  -0.00000000
   19   18
 -0.00002934  -0.00000000    -0.00020523  -0.00000000     0.00030084   0.00000000
 -0.00016730  -0.00000000    -0.00006314  -0.00000000     0.00002566   0.00000000
 -0.00032260  -0.00000000     0.00001755   0.00000000    -0.00004047  -0.00000000
   19   19
  0.07488599   0.00000000    -0.04674349   0.00000000    -0.06253040   0.00000000
 -0.04674349   0.00000000     0.14484458   0.00000000     0.14230874   0.00000000
 -0.06253040   0.00000000     0.14230874   0.00000000     0.28316143   0.00000000
   19   20
  0.00023792  -0.00000000     0.00023394  -0.00000000     0.00013627  -0.00000000
  0.00023394  -0.00000000    -0.00035905   0.00000000    -0.00003147   0.00000000
 -0.00013627   0.00000000     0.00003147  -0.00000000    -0.00002655   0.00000000
   19   21
 -0.00000000  -0.00000000    -0.00002524   0.00000000     0.00011350  -0.00000000
 -0.00002524   0.00000000     0.00000000  -0.00000000    -0.00002933   0.00000000
  0.00011350  -0.00000000     0.00002933  -0.00000000     0.00000000   0.00000000
   19   22
  0.00036367  -0.00000000     0.00021910  -0.00000000    -0.00020831   0.00000000
 -0.00021910   0.00000000    -0.00014585   0.00000000    -0.00016043   0.00000000
 -0.00020831   0.00000000     0.00016043  -0.00000000    -0.00005134   0.00000000
   20    1
 -0.00437358  -0.00000000    -0.00097439  -0.00000000    -0.00095803  -0.00000000
  0.00104099   0.00000000    -0.00235861  -0.00000000     0.00046391   0.00000000
  0.00031465   0.00000000    -0.00291301  -0.00000000     0.00258477   0.00000000
   20    2
  0.00570410   0.00000000    -0.00157665  -0.00000000    -0.00225124  -0.00000000
 -0.00236523  -0.00000000    -0.00045517  -0.00000000     0.00019371   0.00000000
 -0.00020220  -0.00000000    -0.00024359  -0.00000000     0.00314220   0.00000000
   20    3
 -0.06216118  -0.00000000     0.03943885   0.00000000    -0.05490063  -0.00000000
  0.03890285   0.00000000    -0.13057690  -0.00000000     0.12685972   0.00000000
 -0.05461614  -0.00000000     0.12716311   0.00000000    -0.25715497  -0.00000000
   20    4
 -0.00045247  -0.00000000     0.00023866   0.00000000    -0.00025626  -0.00000000
 -0.00023139  -0.00000000    -0.00080930  -0.00000000     0.00027654   0.00000000
  0.00009585   0.00000000    -0.00011099  -0.00000000    -0.00040376  -0.00000000
   20    5
  0.00049004   0.00000000     0.00004114   0.00000000     0.00030617   0.00000000
  0.00028658   0.00000000    -0.00007277  -0.00000000    -0.00021999  -0.00000000
  0.00035057   0.00000000     0.00011366   0.00000000     0.00076860   0.00000000
   20    6
  0.00011685   0.00000000     0.00016795   0.00000000    -0.00033123  -0.00000000
  0.00043478   0.00000000    -0.00076527  -0.00000000     0.00011600   0.00000000
 -0.00038391  -0.00000000     0.00068942   0.00000000    -0.00063002  -0.00000000
   20    7
 -0.00711109  -0.00000000     0.01936331   0.00000000    -0.02998024  -0.00000000
  0.00037206   0.00000000    -0.00358035  -0.00000000     0.00421585   0.00000000
 -0.00038046  -0.00000000    -0.00068263  -0.00000000     0.00021461   0.00000000
   20    8
  0.00039109   0.00000000    -0.00022910  -0.00000000    -0.00004497  -0.00000000
  0.00039507   0.00000000    -0.00000380  -0.00000000     0.00015355   0.00000000
  0.00010156   0.00000000    -0.00006876  -0.00000000     0.00005396   0.00000000
   20    9
 -0.00079248  -0.00000000     0.00011231   0.00000000     0.00002540   0.00000000
 -0.00003777  -0.00000000     0.00000676   0.00000000    -0.00033618  -0.00000000
 -0.00021491  -0.00000000     0.00019282   0.00000000    -0.00006782  -0.00000000
   20   10
 -0.00054400  -0.00000000    -0.00037948  -0.00000000    -0.00006966  -0.00000000
  0.00073838   0.00000000     0.00069497   0.00000000    -0.00005336  -0.00000000
 -0.00027346  -0.00000000    -0.00018470  -0.00000000     0.00004922   0.00000000
   20   11
  0.00466142   0.00000000    -0.00871385  -0.00000000     0.01515682   0.00000000
  0.00953317   0.00000000    -0.01656795  -0.00000000     0.02587587   0.00000000
  0.00106128   0.00000000    -0.00009870  -0.00000000    -0.00012988  -0.00000000
   20   12
  0.00050721   0.00000000     0.00059296   0.00000000    -0.00005355  -0.00000000
 -0.00022018  -0.00000000    -0.00014951  -0.00000000     0.00009450   0.00000000
  0.00010718   0.00000000     0.00006970   0.00000000     0.00011375   0.00000000
   20   13
  0.00019925   0.00000000     0.00011928   0.00000000     0.00008846   0.00000000
 -0.00035400  -0.00000000     0.00001695   0.00000000    -0.00009877  -0.00000000
  0.00015068   0.00000000     0.00005135   0.00000000     0.00015084   0.00000000
   20   14
  0.00011350   0.00000000     0.00022238   0.00000000     0.00011848   0.00000000
  0.00009522   0.00000000    -0.00110954  -0.00000000     0.00029896   0.00000000
 -0.00009455  -0.00000000     0.00057611   0.00000000    -0.00009717  -0.00000000
   20   15
  0.00188657   0.00000000    -0.00657670  -0.00000000     0.00727903   0.00000000
 -0.00658222  -0.00000000     0.01236514   0.00000000    -0.01626602  -0.00000000
 -0.00730029  -0.00000000     0.01634633   0.00000000    -0.02313695  -0.00000000
   20   16
  0.00017449   0.00000000     0.00015257   0.00000000     0.00018136   0.00000000
  0.00014207   0.00000000    -0.00032460  -0.00000000    -0.00005558  -0.00000000
  0.00010595   0.00000000    -0.00006984  -0.00000000     0.00001106   0.00000000
   20   17
 -0.00002934  -0.00000000    -0.00020523  -0.00000000    -0.00030084  -0.00000000
 -0.00016730  -0.00000000    -0.00006314  -0.00000000    -0.00002566  -0.00000000
  0.00032260   0.00000000    -0.00001755  -0.00000000    -0.00004047  -0.00000000
   20   18
  0.00027953   0.00000000     0.00023229   0.00000000    -0.00000087  -0.00000000
 -0.00017428  -0.00000000    -0.00050803  -0.00000000     0.00018181   0.00000000
 -0.00000931  -0.00000000     0.00024425   0.00000000    -0.00007293  -0.00000000
   20   19
  0.00023792   0.00000000     0.00023394   0.00000000    -0.00013627  -0.00000000
  0.00023394   0.00000000    -0.00035905  -0.00000000     0.00003147   0.00000000
  0.00013627   0.00000000    -0.00003147  -0.00000000    -0.00002655  -0.00000000
   20   20
  0.07488599   0.00000000    -0.04674349   0.00000000     0.06253040   0.00000000
 -0.04674349   0.00000000     0.14484458   0.00000000    -0.14230874   0.00000000
  0.06253040   0.00000000    -0.14230874   0.00000000     0.28316143   0.00000000
   20   21
  0.00036367  -0.00000000     0.00021910  -0.00000000     0.00020831  -0.00000000
 -0.00021910   0.00000000    -0.00014585   0.00000000     0.00016043  -0.00000000
  0.00020831  -0.00000000    -0.00016043   0.00000000    -0.00005134   0.00000000
   20   22
 -0.00000000   0.00000000    -0.00002524  -0.00000000    -0.00011350  -0.00000000
 -0.00002524  -0.00000000     0.00000000   0.00000000     0.00002933   0.00000000
 -0.00011350  -0.00000000    -0.00002933  -0.00000000     0.00000000  -0.00000000
   21    1
 -0.00570410  -0.00000000    -0.00157665  -0.00000000     0.00225124   0.00000000
 -0.00236523  -0.00000000     0.00045517   0.00000000     0.00019371   0.00000000
  0.00020220   0.00000000    -0.00024359  -0.00000000    -0.00314220  -0.00000000
   21    2
  0.00437358   0.00000000    -0.00097439  -0.00000000     0.00095803   0.00000000
  0.00104099   0.00000000     0.00235861   0.00000000     0.00046391   0.00000000
 -0.00031465  -0.00000000    -0.00291301  -0.00000000    -0.00258477  -0.00000000
   21    3
  0.00011685   0.00000000    -0.00016795  -0.00000000    -0.00033123  -0.00000000
 -0.00043478  -0.00000000    -0.00076527  -0.00000000    -0.00011600  -0.00000000
 -0.00038391  -0.00000000    -0.00068942  -0.00000000    -0.00063002  -0.00000000
   21    4
 -0.00049004  -0.00000000     0.00004114   0.00000000    -0.00030617  -0.00000000
  0.00028658   0.00000000     0.00007277   0.00000000    -0.00021999  -0.00000000
 -0.00035057  -0.00000000     0.00011366   0.00000000    -0.00076860  -0.00000000
   21    5
  0.00045247   0.00000000     0.00023866   0.00000000     0.00025626   0.00000000
 -0.00023139  -0.00000000     0.00080930   0.00000000     0.00027654   0.00000000
 -0.00009585  -0.00000000    -0.00011099  -0.00000000     0.00040376   0.00000000
   21    6
 -0.06216118  -0.00000000    -0.03943885  -0.00000000    -0.05490063  -0.00000000
 -0.03890285  -0.00000000    -0.13057690  -0.00000000    -0.12685972  -0.00000000
 -0.05461614  -0.00000000    -0.12716311  -0.00000000    -0.25715497  -0.00000000
   21    7
  0.00054400   0.00000000    -0.00037948  -0.00000000     0.00006966   0.00000000
  0.00073838   0.00000000    -0.00069497  -0.00000000    -0.00005336  -0.00000000
  0.00027346   0.00000000    -0.00018470  -0.00000000    -0.00004922  -0.00000000
   21    8
 -0.00079248  -0.00000000    -0.00011231  -0.00000000     0.00002540   0.00000000
  0.00003777   0.00000000     0.00000676   0.00000000     0.00033618   0.00000000
 -0.00021491  -0.00000000    -0.00019282  -0.00000000    -0.00006782  -0.00000000
   21    9
  0.00039109   0.00000000     0.00022910   0.00000000    -0.00004497  -0.00000000
 -0.00039507  -0.00000000    -0.00000380  -0.00000000    -0.00015355  -0.00000000
  0.00010156   0.00000000     0.00006876   0.00000000     0.00005396   0.00000000
   21   10
  0.00711109   0.00000000     0.01936331   0.00000000     0.02998024   0.00000000
  0.00037206   0.00000000     0.00358035   0.00000000     0.00421585   0.00000000
  0.00038046   0.00000000    -0.00068263  -0.00000000    -0.00021461  -0.00000000
   21   11
  0.00011350   0.00000000    -0.00022238  -0.00000000     0.00011848   0.00000000
 -0.00009522  -0.00000000    -0.00110954  -0.00000000    -0.00029896  -0.00000000
 -0.00009455  -0.00000000    -0.00057611  -0.00000000    -0.00009717  -0.00000000
   21   12
 -0.00019925  -0.00000000     0.00011928   0.00000000    -0.00008846  -0.00000000
 -0.00035400  -0.00000000    -0.00001695  -0.00000000    -0.00009877  -0.00000000
 -0.00015068  -0.00000000     0.00005135   0.00000000    -0.00015084  -0.00000000
   21   13
 -0.00050721  -0.00000000     0.00059296   0.00000000     0.00005355   0.00000000
 -0.00022018  -0.00000000     0.00014951   0.00000000     0.00009450   0.00000000
 -0.00010718  -0.00000000     0.00006970   0.00000000    -0.00011375  -0.00000000
   21   14
  0.00466142   0.00000000     0.00871385   0.00000000     0.01515682   0.00000000
 -0.00953317  -0.00000000    -0.01656795  -0.00000000    -0.02587587  -0.00000000
  0.00106128   0.00000000     0.00009870   0.00000000    -0.00012988  -0.00000000
   21   15
  0.00027953   0.00000000    -0.00023229  -0.00000000    -0.00000087  -0.00000000
  0.00017428   0.00000000    -0.00050803  -0.00000000    -0.00018181  -0.00000000
 -0.00000931  -0.00000000    -0.00024425  -0.00000000    -0.00007293  -0.00000000
   21   16
  0.00002934   0.00000000    -0.00020523  -0.00000000     0.00030084   0.00000000
 -0.00016730  -0.00000000     0.00006314   0.00000000    -0.00002566  -0.00000000
 -0.00032260  -0.00000000    -0.00001755  -0.00000000     0.00004047   0.00000000
   21   17
 -0.00017449  -0.00000000     0.00015257   0.00000000    -0.00018136  -0.00000000
  0.00014207   0.00000000     0.00032460   0.00000000    -0.00005558  -0.00000000
 -0.00010595  -0.00000000    -0.00006984  -0.00000000    -0.00001106  -0.00000000
   21   18
  0.00188657   0.00000000     0.00657670   0.00000000     0.00727903   0.00000000
  0.00658222   0.00000000     0.01236514   0.00000000     0.01626602   0.00000000
 -0.00730029  -0.00000000    -0.01634633  -0.00000000    -0.02313695  -0.00000000
   21   19
  0.00000000   0.00000000    -0.00002524  -0.00000000     0.00011350   0.00000000
 -0.00002524  -0.00000000    -0.00000000  -0.00000000     0.00002933   0.00000000
  0.00011350   0.00000000    -0.00002933  -0.00000000    -0.00000000  -0.00000000
   21   20
  0.00036367   0.00000000    -0.00021910  -0.00000000     0.00020831   0.00000000
  0.00021910   0.00000000    -0.00014585  -0.00000000    -0.00016043  -0.00000000
  0.00020831   0.00000000     0.00016043   0.00000000    -0.00005134  -0.00000000
   21   21
  0.07488599   0.00000000     0.04674349   0.00000000     0.06253040   0.00000000
  0.04674349   0.00000000     0.14484458   0.00000000     0.14230874   0.00000000
  0.06253040   0.00000000     0.14230874   0.00000000     0.28316143   0.00000000
   21   22
 -0.00023792  -0.00000000     0.00023394   0.00000000     0.00013627   0.00000000
  0.00023394   0.00000000     0.00035905   0.00000000     0.00003147   0.00000000
 -0.00013627  -0.00000000    -0.00003147  -0.00000000     0.00002655   0.00000000
   22    1
 -0.00570410   0.00000000    -0.00157665   0.00000000    -0.00225124   0.00000000
 -0.00236523   0.00000000     0.00045517  -0.00000000    -0.00019371   0.00000000
 -0.00020220   0.00000000     0.00024359  -0.00000000    -0.00314220   0.00000000
   22    2
 -0.00437358  -0.00000000     0.00097439   0.00000000     0.00095803   0.00000000
 -0.00104099  -0.00000000    -0.00235861  -0.00000000     0.00046391   0.00000000
 -0.00031465  -0.00000000    -0.00291301  -0.00000000     0.00258477   0.00000000
   22    3
 -0.00049004  -0.00000000     0.00004114   0.00000000     0.00030617   0.00000000
  0.00028658   0.00000000     0.00007277   0.00000000     0.00021999   0.00000000
  0.00035057   0.00000000    -0.00011366  -0.00000000    -0.00076860  -0.00000000
   22    4
  0.00011685   0.00000000    -0.00016795   0.00000000     0.00033123   0.00000000
 -0.00043478   0.00000000    -0.00076527   0.00000000     0.00011600   0.00000000
  0.00038391   0.00000000     0.00068942   0.00000000    -0.00063002   0.00000000
   22    5
 -0.06216118  -0.00000000    -0.03943885  -0.00000000     0.05490063   0.00000000
 -0.03890285  -0.00000000    -0.13057690  -0.00000000     0.12685972   0.00000000
  0.05461614   0.00000000     0.12716311   0.00000000    -0.25715497  -0.00000000
   22    6
  0.00045247   0.00000000     0.00023866   0.00000000    -0.00025626  -0.00000000
 -0.00023139  -0.00000000     0.00080930   0.00000000    -0.00027654  -0.00000000
  0.00009585   0.00000000     0.00011099   0.00000000     0.00040376   0.00000000
   22    7
 -0.00079248   0.00000000    -0.00011231   0.00000000    -0.00002540   0.00000000
  0.00003777   0.00000000     0.00000676   0.00000000    -0.00033618   0.00000000
  0.00021491   0.00000000     0.00019282   0.00000000    -0.00006782   0.00000000
   22    8
  0.00054400  -0.00000000    -0.00037948   0.00000000    -0.00006966   0.00000000
  0.00073838  -0.00000000    -0.00069497   0.00000000     0.00005336  -0.00000000
 -0.00027346   0.00000000     0.00018470  -0.00000000    -0.00004922   0.00000000
   22    9
  0.00711109  -0.00000000     0.01936331  -0.00000000    -0.02998024   0.00000000
  0.00037206  -0.00000000     0.00358035  -0.00000000    -0.00421585   0.00000000
 -0.00038046   0.00000000     0.00068263  -0.00000000    -0.00021461   0.00000000
   22   10
  0.00039109   0.00000000     0.00022910   0.00000000     0.00004497   0.00000000
 -0.00039507  -0.00000000    -0.00000380  -0.00000000     0.00015355   0.00000000
 -0.00010156  -0.00000000    -0.00006876  -0.00000000     0.00005396   0.00000000
   22   11
 -0.00019925   0.00000000     0.00011928  -0.00000000     0.00008846  -0.00000000
 -0.00035400   0.00000000    -0.00001695   0.00000000     0.00009877  -0.00000000
  0.00015068  -0.00000000    -0.00005135   0.00000000    -0.00015084   0.00000000
   22   12
  0.00011350  -0.00000000    -0.00022238   0.00000000    -0.00011848   0.00000000
 -0.00009522   0.00000000    -0.00110954   0.00000000     0.00029896  -0.00000000
  0.00009455  -0.00000000     0.00057611  -0.00000000    -0.00009717   0.00000000
   22   13
  0.00466142   0.00000000     0.00871385   0.00000000    -0.01515682  -0.00000000
 -0.00953317  -0.00000000    -0.01656795  -0.00000000     0.02587587   0.00000000
 -0.00106128  -0.00000000    -0.00009870  -0.00000000    -0.00012988  -0.00000000
   22   14
 -0.00050721  -0.00000000     0.00059296   0.00000000    -0.00005355  -0.00000000
 -0.00022018  -0.00000000     0.00014951   0.00000000    -0.00009450  -0.00000000
  0.00010718   0.00000000    -0.00006970  -0.00000000    -0.00011375  -0.00000000
   22   15
  0.00002934  -0.00000000    -0.00020523   0.00000000    -0.00030084   0.00000000
 -0.00016730   0.00000000     0.00006314  -0.00000000     0.00002566  -0.00000000
  0.00032260  -0.00000000     0.00001755  -0.00000000     0.00004047  -0.00000000
   22   16
  0.00027953  -0.00000000    -0.00023229   0.00000000     0.00000087  -0.00000000
  0.00017428  -0.00000000    -0.00050803   0.00000000     0.00018181  -0.00000000
  0.00000931  -0.00000000     0.00024425  -0.00000000    -0.00007293   0.00000000
   22   17
  0.00188657   0.00000000     0.00657670   0.00000000    -0.00727903  -0.00000000
  0.00658222   0.00000000     0.01236514   0.00000000    -0.01626602  -0.00000000
  0.00730029   0.00000000     0.01634633   0.00000000    -0.02313695  -0.00000000
   22   18
 -0.00017449  -0.00000000     0.00015257   0.00000000     0.00018136   0.00000000
  0.00014207   0.00000000     0.00032460   0.00000000     0.00005558   0.00000000
  0.00010595   0.00000000     0.00006984   0.00000000    -0.00001106  -0.00000000
   22   19
  0.00036367   0.00000000    -0.00021910  -0.00000000    -0.00020831  -0.00000000
  0.00021910   0.00000000    -0.00014585  -0.00000000     0.00016043   0.00000000
 -0.00020831  -0.00000000    -0.00016043  -0.00000000    -0.00005134  -0.00000000
   22   20
  0.00000000  -0.00000000    -0.00002524   0.00000000    -0.00011350   0.00000000
 -0.00002524   0.00000000    -0.00000000   0.00000000    -0.00002933   0.00000000
 -0.00011350   0.00000000     0.00002933  -0.00000000    -0.00000000   0.00000000
   22   21
 -0.00023792   0.00000000     0.00023394  -0.00000000    -0.00013627   0.00000000
  0.00023394  -0.00000000     0.00035905  -0.00000000    -0.00003147   0.00000000
  0.00013627  -0.00000000     0.00003147  -0.00000000     0.00002655  -0.00000000
   22   22
  0.07488599   0.00000000     0.04674349   0.00000000    -0.06253040   0.00000000
  0.04674349   0.00000000     0.14484458   0.00000000    -0.14230874   0.00000000
 -0.06253040   0.00000000    -0.14230874   0.00000000     0.28316143   0.00000000

     Diagonalizing the dynamical matrix

     q = (   -0.500000000   0.000000000   0.000000000 ) 

 **************************************************************************
     freq (    1) =       1.288191 [THz] =      42.969440 [cm-1]
 ( -0.025606  0.000000  0.017276 -0.000000  0.074507 -0.000000 ) 
 ( -0.202681  0.000000 -0.136740  0.000000  0.009413 -0.000000 ) 
 (  0.120235  0.000000  0.120919 -0.000000  0.044729  0.000000 ) 
 ( -0.128554  0.000000 -0.068892  0.000000  0.047809 -0.000000 ) 
 ( -0.048640  0.000000 -0.193915  0.000000  0.018037 -0.000000 ) 
 (  0.017208  0.000000  0.217895 -0.000000  0.006346  0.000000 ) 
 (  0.099210  0.000000 -0.005973  0.000000  0.052390 -0.000000 ) 
 ( -0.115410  0.000000  0.016488 -0.000000  0.052554 -0.000000 ) 
 (  0.077673 -0.000000  0.043035 -0.000000 -0.007278  0.000000 ) 
 ( -0.050558  0.000000 -0.040197  0.000000  0.005981 -0.000000 ) 
 (  0.005544  0.000000  0.183430 -0.000000  0.039787  0.000000 ) 
 ( -0.052256  0.000000 -0.111070  0.000000  0.044412 -0.000000 ) 
 ( -0.188516  0.000000 -0.267771  0.000000  0.023626 -0.000000 ) 
 (  0.181214 -0.000000  0.304977 -0.000000  0.012988  0.000000 ) 
 (  0.174140 -0.000000  0.154018 -0.000000  0.039632  0.000000 ) 
 ( -0.163100  0.000000 -0.090400  0.000000  0.044903 -0.000000 ) 
 (  0.022390  0.000000 -0.236335  0.000000  0.026201 -0.000000 ) 
 ( -0.064996  0.000000  0.267214 -0.000000  0.015521  0.000000 ) 
 ( -0.176113  0.000000 -0.086963  0.000000  0.043083 -0.000000 ) 
 (  0.193692 -0.000000  0.150043 -0.000000  0.039642  0.000000 ) 
 ( -0.092930  0.000000  0.264619 -0.000000  0.008392  0.000000 ) 
 (  0.046209  0.000000 -0.234676  0.000000  0.018844 -0.000000 ) 
     freq (    2) =       1.288191 [THz] =      42.969440 [cm-1]
 (  0.202681  0.000000 -0.136740  0.000000  0.009413  0.000000 ) 
 ( -0.025606  0.000000 -0.017276  0.000000 -0.074507  0.000000 ) 
 (  0.048640  0.000000 -0.193915  0.000000  0.018037  0.000000 ) 
 (  0.017208  0.000000 -0.217895  0.000000 -0.006346  0.000000 ) 
 (  0.120235  0.000000 -0.120919  0.000000 -0.044729  0.000000 ) 
 (  0.128554  0.000000 -0.068892  0.000000  0.047809  0.000000 ) 
 (  0.077673  0.000000 -0.043035  0.000000  0.007278  0.000000 ) 
 (  0.050558  0.000000 -0.040197  0.000000  0.005981  0.000000 ) 
 ( -0.099210  0.000000 -0.005973  0.000000  0.052390  0.000000 ) 
 ( -0.115410  0.000000 -0.016488  0.000000 -0.052554  0.000000 ) 
 (  0.188516  0.000000 -0.267771  0.000000  0.023626  0.000000 ) 
 (  0.181214  0.000000 -0.304977  0.000000 -0.012988  0.000000 ) 
 (  0.005544  0.000000 -0.183430  0.000000 -0.039787  0.000000 ) 
 (  0.052256  0.000000 -0.111070  0.000000  0.044412  0.000000 ) 
 ( -0.022390  0.000000 -0.236335  0.000000  0.026201  0.000000 ) 
 ( -0.064996  0.000000 -0.267214  0.000000 -0.015521  0.000000 ) 
 (  0.174140  0.000000 -0.154018  0.000000 -0.039632  0.000000 ) 
 (  0.163100  0.000000 -0.090400  0.000000  0.044903  0.000000 ) 
 ( -0.092930  0.000000 -0.264619  0.000000 -0.008392  0.000000 ) 
 ( -0.046209  0.000000 -0.234676  0.000000  0.018844  0.000000 ) 
 (  0.176113  0.000000 -0.086963  0.000000  0.043083  0.000000 ) 
 (  0.193692  0.000000 -0.150043  0.000000 -0.039642  0.000000 ) 
     freq (    3) =       1.358521 [THz] =      45.315385 [cm-1]
 ( -0.068115  0.000000  0.045931 -0.000000  0.199029  0.000000 ) 
 (  0.043403  0.000000  0.029267  0.000000 -0.312352  0.000000 ) 
 ( -0.039572  0.000000  0.042594  0.000000  0.188135 -0.000000 ) 
 (  0.013839  0.000000  0.089169 -0.000000  0.080721  0.000000 ) 
 ( -0.033712  0.000000  0.078527 -0.000000 -0.176746  0.000000 ) 
 ( -0.050109  0.000000 -0.005432  0.000000  0.245190 -0.000000 ) 
 ( -0.045733  0.000000  0.013470 -0.000000  0.152295  0.000000 ) 
 ( -0.000669  0.000000  0.008829  0.000000  0.151624  0.000000 ) 
 (  0.020578  0.000000 -0.003463  0.000000  0.238268 -0.000000 ) 
 (  0.050145 -0.000000  0.010746 -0.000000 -0.238695  0.000000 ) 
 ( -0.067958  0.000000  0.057617  0.000000  0.201297 -0.000000 ) 
 ( -0.059802  0.000000  0.128895 -0.000000  0.100927  0.000000 ) 
 (  0.034304  0.000000  0.115354 -0.000000 -0.205174  0.000000 ) 
 ( -0.047104  0.000000 -0.003491  0.000000  0.269129 -0.000000 ) 
 (  0.012756  0.000000  0.045920 -0.000000  0.201417 -0.000000 ) 
 (  0.122076 -0.000000  0.046979 -0.000000  0.017787  0.000000 ) 
 ( -0.128740  0.000000  0.030428  0.000000 -0.113503  0.000000 ) 
 ( -0.042826  0.000000 -0.028766  0.000000  0.230511 -0.000000 ) 
 ( -0.007588  0.000000  0.173966 -0.000000  0.015371  0.000000 ) 
 ( -0.057322  0.000000  0.057573  0.000000  0.204099 -0.000000 ) 
 ( -0.059706  0.000000  0.017565  0.000000  0.232344 -0.000000 ) 
 ( -0.018346  0.000000  0.165100 -0.000000 -0.112087  0.000000 ) 
     freq (    4) =       1.358521 [THz] =      45.315385 [cm-1]
 ( -0.043403  0.000000  0.029267  0.000000 -0.312352  0.000000 ) 
 ( -0.068115  0.000000 -0.045931  0.000000 -0.199029  0.000000 ) 
 (  0.033712  0.000000  0.078527 -0.000000 -0.176746  0.000000 ) 
 ( -0.050109  0.000000  0.005432  0.000000 -0.245190  0.000000 ) 
 ( -0.039572  0.000000 -0.042594  0.000000 -0.188135  0.000000 ) 
 ( -0.013839  0.000000  0.089169 -0.000000  0.080721  0.000000 ) 
 (  0.020578  0.000000  0.003463  0.000000 -0.238268  0.000000 ) 
 ( -0.050145  0.000000  0.010746 -0.000000 -0.238695  0.000000 ) 
 (  0.045733 -0.000000  0.013470 -0.000000  0.152295  0.000000 ) 
 ( -0.000669  0.000000 -0.008829  0.000000 -0.151624  0.000000 ) 
 ( -0.034304  0.000000  0.115354 -0.000000 -0.205174  0.000000 ) 
 ( -0.047104  0.000000  0.003491  0.000000 -0.269129  0.000000 ) 
 ( -0.067958  0.000000 -0.057617  0.000000 -0.201297  0.000000 ) 
 (  0.059802 -0.000000  0.128895 -0.000000  0.100927  0.000000 ) 
 (  0.128740 -0.000000  0.030428  0.000000 -0.113503  0.000000 ) 
 ( -0.042826  0.000000  0.028766  0.000000 -0.230511  0.000000 ) 
 (  0.012756  0.000000 -0.045920  0.000000 -0.201417  0.000000 ) 
 ( -0.122076  0.000000  0.046979 -0.000000  0.017787  0.000000 ) 
 ( -0.059706  0.000000 -0.017565  0.000000 -0.232344  0.000000 ) 
 (  0.018346  0.000000  0.165100 -0.000000 -0.112087  0.000000 ) 
 (  0.007588  0.000000  0.173966 -0.000000  0.015371  0.000000 ) 
 ( -0.057322  0.000000 -0.057573  0.000000 -0.204099  0.000000 ) 
     freq (    5) =       1.689532 [THz] =      56.356706 [cm-1]
 (  0.135278 -0.000000  0.194036 -0.000000 -0.000264  0.000000 ) 
 (  0.162879 -0.000000 -0.233625  0.000000 -0.000219  0.000000 ) 
 ( -0.027792  0.000000  0.096850 -0.000000  0.001590 -0.000000 ) 
 (  0.163437 -0.000000  0.115718 -0.000000 -0.003385  0.000000 ) 
 (  0.161073 -0.000000 -0.135804  0.000000 -0.003740  0.000000 ) 
 ( -0.002248  0.000000  0.120133 -0.000000 -0.002249  0.000000 ) 
 (  0.014403 -0.000000  0.313935 -0.000000  0.010824 -0.000000 ) 
 (  0.145724 -0.000000  0.022080  0.000000  0.007118 -0.000000 ) 
 ( -0.150933  0.000000  0.081086 -0.000000 -0.005220  0.000000 ) 
 (  0.041865 -0.000000 -0.323485  0.000000  0.009682 -0.000000 ) 
 (  0.180760 -0.000000 -0.017937  0.000000 -0.007877  0.000000 ) 
 (  0.073623 -0.000000  0.164710 -0.000000 -0.014411  0.000000 ) 
 (  0.108651 -0.000000 -0.164207  0.000000 -0.013189  0.000000 ) 
 ( -0.197633  0.000000  0.012511 -0.000000  0.005322 -0.000000 ) 
 ( -0.158798  0.000000  0.028382 -0.000000  0.006760 -0.000000 ) 
 (  0.232220 -0.000000  0.153054 -0.000000  0.002028 -0.000000 ) 
 (  0.206581 -0.000000 -0.160999  0.000000  0.000801 -0.000000 ) 
 (  0.118179 -0.000000  0.057454 -0.000000 -0.006498  0.000000 ) 
 (  0.213506 -0.000000  0.140946 -0.000000 -0.006459  0.000000 ) 
 ( -0.146516  0.000000  0.040576 -0.000000  0.000578  0.000000 ) 
 (  0.109179 -0.000000  0.067598 -0.000000 -0.001794  0.000000 ) 
 (  0.189836 -0.000000 -0.150959  0.000000 -0.006679  0.000000 ) 
     freq (    6) =       1.689532 [THz] =      56.356706 [cm-1]
 (  0.162879  0.000000  0.233625  0.000000  0.000219  0.000000 ) 
 ( -0.135278  0.000000  0.194036  0.000000 -0.000264  0.000000 ) 
 (  0.161073  0.000000  0.135804  0.000000  0.003740  0.000000 ) 
 (  0.002248  0.000000  0.120133  0.000000 -0.002249  0.000000 ) 
 (  0.027792  0.000000  0.096850  0.000000  0.001590  0.000000 ) 
 (  0.163437  0.000000 -0.115718  0.000000  0.003385  0.000000 ) 
 (  0.150933  0.000000  0.081086  0.000000 -0.005220  0.000000 ) 
 (  0.041865  0.000000  0.323485  0.000000 -0.009682  0.000000 ) 
 (  0.014403  0.000000 -0.313935  0.000000 -0.010824  0.000000 ) 
 ( -0.145724  0.000000  0.022080  0.000000  0.007118  0.000000 ) 
 (  0.108651  0.000000  0.164207  0.000000  0.013189  0.000000 ) 
 (  0.197633  0.000000  0.012511  0.000000  0.005322  0.000000 ) 
 ( -0.180760  0.000000 -0.017937  0.000000 -0.007877  0.000000 ) 
 (  0.073623  0.000000 -0.164710  0.000000  0.014411  0.000000 ) 
 (  0.206581  0.000000  0.160999  0.000000 -0.000801  0.000000 ) 
 ( -0.118179  0.000000  0.057454  0.000000 -0.006498  0.000000 ) 
 (  0.158798  0.000000  0.028382  0.000000  0.006760  0.000000 ) 
 (  0.232220  0.000000 -0.153054  0.000000 -0.002028  0.000000 ) 
 ( -0.109179  0.000000  0.067598  0.000000 -0.001794  0.000000 ) 
 (  0.189836  0.000000  0.150959  0.000000  0.006679  0.000000 ) 
 (  0.213506  0.000000 -0.140946  0.000000  0.006459  0.000000 ) 
 (  0.146516  0.000000  0.040576  0.000000  0.000578  0.000000 ) 
     freq (    7) =       4.445679 [THz] =     148.291903 [cm-1]
 ( -0.041205  0.000000  0.046091  0.000000  0.000255 -0.000000 ) 
 (  0.010735 -0.000000  0.012008 -0.000000 -0.000980  0.000000 ) 
 ( -0.095245  0.000000 -0.158556  0.000000 -0.009646  0.000000 ) 
 ( -0.150241  0.000000 -0.231739  0.000000  0.007070  0.000000 ) 
 (  0.137526 -0.000000 -0.191295  0.000000  0.002766  0.000000 ) 
 (  0.073570  0.000000 -0.089613  0.000000 -0.007121  0.000000 ) 
 ( -0.076300  0.000000 -0.057742  0.000000 -0.004630  0.000000 ) 
 ( -0.123757  0.000000 -0.078400  0.000000  0.005971 -0.000000 ) 
 ( -0.117139  0.000000  0.057381 -0.000000  0.003954 -0.000000 ) 
 ( -0.065019  0.000000  0.021913  0.000000 -0.001192  0.000000 ) 
 ( -0.005718  0.000000 -0.202496  0.000000 -0.010545  0.000000 ) 
 ( -0.017061  0.000000 -0.297166  0.000000  0.004400  0.000000 ) 
 (  0.024736 -0.000000 -0.246779  0.000000  0.009847  0.000000 ) 
 (  0.018802  0.000000 -0.116603  0.000000 -0.013741  0.000000 ) 
 ( -0.144288  0.000000 -0.181481  0.000000 -0.010982  0.000000 ) 
 ( -0.216918  0.000000 -0.264652  0.000000  0.008408  0.000000 ) 
 (  0.186443 -0.000000 -0.217735  0.000000  0.002414  0.000000 ) 
 (  0.092339  0.000000 -0.101506  0.000000 -0.007465  0.000000 ) 
 ( -0.216010  0.000000 -0.270790  0.000000  0.009773  0.000000 ) 
 ( -0.136640  0.000000 -0.183636  0.000000 -0.011767  0.000000 ) 
 (  0.106390  0.000000 -0.108071  0.000000 -0.006632  0.000000 ) 
 (  0.198264 -0.000000 -0.226460  0.000000  0.001020  0.000000 ) 
     freq (    8) =       4.445679 [THz] =     148.291903 [cm-1]
 ( -0.010735  0.000000  0.012008  0.000000 -0.000980  0.000000 ) 
 ( -0.041205  0.000000 -0.046091  0.000000 -0.000255  0.000000 ) 
 ( -0.137526  0.000000 -0.191295  0.000000  0.002766  0.000000 ) 
 (  0.073570  0.000000  0.089613  0.000000  0.007121  0.000000 ) 
 ( -0.095245  0.000000  0.158556  0.000000  0.009646  0.000000 ) 
 (  0.150241  0.000000 -0.231739  0.000000  0.007070  0.000000 ) 
 ( -0.117139  0.000000 -0.057381  0.000000 -0.003954  0.000000 ) 
 (  0.065019  0.000000  0.021913  0.000000 -0.001192  0.000000 ) 
 (  0.076300  0.000000 -0.057742  0.000000 -0.004630  0.000000 ) 
 ( -0.123757  0.000000  0.078400  0.000000 -0.005971  0.000000 ) 
 ( -0.024736  0.000000 -0.246779  0.000000  0.009847  0.000000 ) 
 (  0.018802  0.000000  0.116603  0.000000  0.013741  0.000000 ) 
 ( -0.005718  0.000000  0.202496  0.000000  0.010545  0.000000 ) 
 (  0.017061  0.000000 -0.297166  0.000000  0.004400  0.000000 ) 
 ( -0.186443  0.000000 -0.217735  0.000000  0.002414  0.000000 ) 
 (  0.092339  0.000000  0.101506  0.000000  0.007465  0.000000 ) 
 ( -0.144288  0.000000  0.181481  0.000000  0.010982  0.000000 ) 
 (  0.216918  0.000000 -0.264652  0.000000  0.008408  0.000000 ) 
 (  0.106390  0.000000  0.108071  0.000000  0.006632  0.000000 ) 
 ( -0.198264  0.000000 -0.226460  0.000000  0.001020  0.000000 ) 
 (  0.216010  0.000000 -0.270790  0.000000  0.009773  0.000000 ) 
 ( -0.136640  0.000000  0.183636  0.000000  0.011767  0.000000 ) 
     freq (    9) =       5.699473 [THz] =     190.113962 [cm-1]
 (  0.003547  0.000000  0.004100  0.000000 -0.007220  0.000000 ) 
 ( -0.023831  0.000000  0.027542 -0.000000  0.001075  0.000000 ) 
 ( -0.179701  0.000000 -0.179826  0.000000  0.038619 -0.000000 ) 
 (  0.161206 -0.000000  0.130036 -0.000000  0.028226 -0.000000 ) 
 (  0.036759 -0.000000 -0.144193  0.000000  0.029938 -0.000000 ) 
 ( -0.087502  0.000000  0.190315 -0.000000  0.039887 -0.000000 ) 
 ( -0.148153  0.000000  0.009352 -0.000000  0.019026 -0.000000 ) 
 (  0.133461 -0.000000 -0.036232  0.000000  0.012924 -0.000000 ) 
 ( -0.028394  0.000000  0.093689 -0.000000 -0.018119  0.000000 ) 
 (  0.070312  0.000000 -0.086904  0.000000 -0.022875  0.000000 ) 
 ( -0.027608  0.000000 -0.251374  0.000000  0.053442 -0.000000 ) 
 (  0.028269 -0.000000  0.193964 -0.000000  0.047075 -0.000000 ) 
 ( -0.006379  0.000000 -0.159706  0.000000  0.013910 -0.000000 ) 
 ( -0.001938  0.000000  0.225993 -0.000000  0.028872  0.000000 ) 
 ( -0.241905  0.000000 -0.210443  0.000000  0.040599  0.000000 ) 
 (  0.217786 -0.000000  0.152649 -0.000000  0.026766 -0.000000 ) 
 (  0.046808 -0.000000 -0.167113  0.000000  0.041452 -0.000000 ) 
 ( -0.115231  0.000000  0.221158 -0.000000  0.051479 -0.000000 ) 
 (  0.247063 -0.000000  0.177536 -0.000000  0.022613 -0.000000 ) 
 ( -0.274338  0.000000 -0.225261  0.000000  0.036754  0.000000 ) 
 ( -0.130423  0.000000  0.190292 -0.000000  0.051921 -0.000000 ) 
 (  0.052814 -0.000000 -0.130337  0.000000  0.043084 -0.000000 ) 
     freq (   10) =       5.699473 [THz] =     190.113962 [cm-1]
 (  0.023831  0.000000  0.027542  0.000000  0.001075  0.000000 ) 
 (  0.003547  0.000000 -0.004100  0.000000  0.007220  0.000000 ) 
 ( -0.036759  0.000000 -0.144193  0.000000  0.029938  0.000000 ) 
 ( -0.087502  0.000000 -0.190315  0.000000 -0.039887  0.000000 ) 
 ( -0.179701  0.000000  0.179826  0.000000 -0.038619  0.000000 ) 
 ( -0.161206  0.000000  0.130036  0.000000  0.028226  0.000000 ) 
 ( -0.028394  0.000000 -0.093689  0.000000  0.018119  0.000000 ) 
 ( -0.070312  0.000000 -0.086904  0.000000 -0.022875  0.000000 ) 
 (  0.148153  0.000000  0.009352  0.000000  0.019026  0.000000 ) 
 (  0.133461  0.000000  0.036232  0.000000 -0.012924  0.000000 ) 
 (  0.006379  0.000000 -0.159706  0.000000  0.013910  0.000000 ) 
 ( -0.001938  0.000000 -0.225993  0.000000 -0.028872  0.000000 ) 
 ( -0.027608  0.000000  0.251374  0.000000 -0.053442  0.000000 ) 
 ( -0.028269  0.000000  0.193964  0.000000  0.047075  0.000000 ) 
 ( -0.046808  0.000000 -0.167113  0.000000  0.041452  0.000000 ) 
 ( -0.115231  0.000000 -0.221158  0.000000 -0.051479  0.000000 ) 
 ( -0.241905  0.000000  0.210443  0.000000 -0.040599  0.000000 ) 
 ( -0.217786  0.000000  0.152649  0.000000  0.026766  0.000000 ) 
 ( -0.130423  0.000000 -0.190292  0.000000 -0.051921  0.000000 ) 
 ( -0.052814  0.000000 -0.130337  0.000000  0.043084  0.000000 ) 
 ( -0.247063  0.000000  0.177536  0.000000  0.022613  0.000000 ) 
 ( -0.274338  0.000000  0.225261  0.000000 -0.036754  0.000000 ) 
     freq (   11) =       5.922722 [THz] =     197.560743 [cm-1]
 ( -0.005375  0.000000 -0.003493  0.000000  0.010249 -0.000000 ) 
 ( -0.001305  0.000000  0.000848 -0.000000  0.042202 -0.000000 ) 
 (  0.011232  0.000000  0.008690  0.000000  0.081558  0.000000 ) 
 (  0.022974 -0.000000  0.025417 -0.000000 -0.207268  0.000000 ) 
 (  0.028328 -0.000000 -0.038580  0.000000 -0.293886  0.000000 ) 
 (  0.020020 -0.000000 -0.030296  0.000000  0.223743 -0.000000 ) 
 (  0.010701  0.000000  0.008380 -0.000000  0.027462  0.000000 ) 
 (  0.019460 -0.000000  0.006042 -0.000000 -0.104487  0.000000 ) 
 ( -0.021696  0.000000 -0.003063  0.000000  0.174603 -0.000000 ) 
 ( -0.014371  0.000000 -0.006566  0.000000 -0.142558  0.000000 ) 
 (  0.011034 -0.000000  0.007523  0.000000  0.092246  0.000000 ) 
 (  0.007396 -0.000000  0.031742 -0.000000 -0.208017  0.000000 ) 
 ( -0.005253  0.000000 -0.054632  0.000000 -0.274815  0.000000 ) 
 ( -0.009728  0.000000 -0.045096  0.000000  0.201894 -0.000000 ) 
 (  0.045803  0.000000  0.000004 -0.000000  0.097068  0.000000 ) 
 (  0.093219 -0.000000 -0.002164  0.000000 -0.244748  0.000000 ) 
 (  0.114503 -0.000000  0.004725 -0.000000 -0.345554  0.000000 ) 
 (  0.080741 -0.000000  0.004200 -0.000000  0.262542 -0.000000 ) 
 ( -0.035378  0.000000  0.058334 -0.000000 -0.244736  0.000000 ) 
 ( -0.028841  0.000000  0.014466  0.000000  0.096897  0.000000 ) 
 ( -0.005662  0.000000 -0.081477  0.000000  0.262891 -0.000000 ) 
 ( -0.021258  0.000000 -0.099157  0.000000 -0.345859  0.000000 ) 
     freq (   12) =       5.922722 [THz] =     197.560743 [cm-1]
 ( -0.001305  0.000000 -0.000848  0.000000 -0.042202  0.000000 ) 
 (  0.005375  0.000000 -0.003493  0.000000  0.010249  0.000000 ) 
 (  0.028328  0.000000  0.038580  0.000000  0.293886  0.000000 ) 
 ( -0.020020  0.000000 -0.030296  0.000000  0.223743  0.000000 ) 
 ( -0.011232  0.000000  0.008690  0.000000  0.081558  0.000000 ) 
 (  0.022974  0.000000 -0.025417  0.000000  0.207268  0.000000 ) 
 (  0.021696  0.000000 -0.003063  0.000000  0.174603  0.000000 ) 
 ( -0.014371  0.000000  0.006566  0.000000  0.142558  0.000000 ) 
 (  0.010701  0.000000 -0.008380  0.000000 -0.027462  0.000000 ) 
 ( -0.019460  0.000000  0.006042  0.000000 -0.104487  0.000000 ) 
 ( -0.005253  0.000000  0.054632  0.000000  0.274815  0.000000 ) 
 (  0.009728  0.000000 -0.045096  0.000000  0.201894  0.000000 ) 
 ( -0.011034  0.000000  0.007523  0.000000  0.092246  0.000000 ) 
 (  0.007396  0.000000 -0.031742  0.000000  0.208017  0.000000 ) 
 (  0.114503  0.000000 -0.004725  0.000000  0.345554  0.000000 ) 
 ( -0.080741  0.000000  0.004200  0.000000  0.262542  0.000000 ) 
 ( -0.045803  0.000000  0.000004  0.000000  0.097068  0.000000 ) 
 (  0.093219  0.000000  0.002164  0.000000  0.244748  0.000000 ) 
 (  0.005662  0.000000 -0.081477  0.000000  0.262891  0.000000 ) 
 ( -0.021258  0.000000  0.099157  0.000000  0.345859  0.000000 ) 
 ( -0.035378  0.000000 -0.058334  0.000000  0.244736  0.000000 ) 
 (  0.028841  0.000000  0.014466  0.000000  0.096897  0.000000 ) 
     freq (   13) =       6.373277 [THz] =     212.589637 [cm-1]
 (  0.002452 -0.000000  0.000829 -0.000000  0.004672  0.000000 ) 
 (  0.001856  0.000000 -0.000627  0.000000  0.006173 -0.000000 ) 
 (  0.003065  0.000000  0.001878  0.000000 -0.276732  0.000000 ) 
 ( -0.014745  0.000000 -0.005634  0.000000  0.116502 -0.000000 ) 
 ( -0.016186  0.000000  0.006384 -0.000000  0.042944  0.000000 ) 
 ( -0.007347  0.000000  0.003542 -0.000000  0.254661  0.000000 ) 
 (  0.002222  0.000000 -0.004348  0.000000 -0.192683  0.000000 ) 
 ( -0.013820  0.000000 -0.003375  0.000000  0.074696 -0.000000 ) 
 (  0.014987 -0.000000 -0.002280  0.000000 -0.023228  0.000000 ) 
 (  0.006210 -0.000000  0.003565  0.000000 -0.179128  0.000000 ) 
 ( -0.001727  0.000000  0.004338  0.000000 -0.112810  0.000000 ) 
 ( -0.012998  0.000000 -0.006194  0.000000  0.123406 -0.000000 ) 
 ( -0.013019  0.000000  0.007660 -0.000000  0.096386  0.000000 ) 
 ( -0.001875  0.000000  0.006256 -0.000000  0.082385  0.000000 ) 
 ( -0.006622  0.000000  0.173425  0.000000 -0.385257  0.000000 ) 
 ( -0.041921  0.000000  0.003700 -0.000000  0.128904 -0.000000 ) 
 ( -0.041689  0.000000  0.045106 -0.000000  0.025199  0.000000 ) 
 ( -0.004952  0.000000  0.179157 -0.000000  0.363925  0.000000 ) 
 (  0.014867 -0.000000 -0.014023  0.000000  0.129022 -0.000000 ) 
 (  0.018850 -0.000000 -0.166276  0.000000 -0.385085  0.000000 ) 
 ( -0.015391  0.000000 -0.168814  0.000000  0.363714  0.000000 ) 
 (  0.010127  0.000000 -0.032361  0.000000  0.025370  0.000000 ) 
     freq (   14) =       6.373277 [THz] =     212.589637 [cm-1]
 ( -0.001856  0.000000 -0.000627  0.000000  0.006173  0.000000 ) 
 (  0.002452  0.000000 -0.000829  0.000000 -0.004672  0.000000 ) 
 (  0.016186  0.000000  0.006384  0.000000  0.042944  0.000000 ) 
 ( -0.007347  0.000000 -0.003542  0.000000 -0.254661  0.000000 ) 
 (  0.003065  0.000000 -0.001878  0.000000  0.276732  0.000000 ) 
 (  0.014745  0.000000 -0.005634  0.000000  0.116502  0.000000 ) 
 (  0.014987  0.000000  0.002280  0.000000  0.023228  0.000000 ) 
 ( -0.006210  0.000000  0.003565  0.000000 -0.179128  0.000000 ) 
 ( -0.002222  0.000000 -0.004348  0.000000 -0.192683  0.000000 ) 
 ( -0.013820  0.000000  0.003375  0.000000 -0.074696  0.000000 ) 
 (  0.013019  0.000000  0.007660  0.000000  0.096386  0.000000 ) 
 ( -0.001875  0.000000 -0.006256  0.000000 -0.082385  0.000000 ) 
 ( -0.001727  0.000000 -0.004338  0.000000  0.112810  0.000000 ) 
 (  0.012998  0.000000 -0.006194  0.000000  0.123406  0.000000 ) 
 (  0.041689  0.000000  0.045106  0.000000  0.025199  0.000000 ) 
 ( -0.004952  0.000000 -0.179157  0.000000 -0.363925  0.000000 ) 
 ( -0.006622  0.000000 -0.173425  0.000000  0.385257  0.000000 ) 
 (  0.041921  0.000000  0.003700  0.000000  0.128904  0.000000 ) 
 ( -0.015391  0.000000  0.168814  0.000000 -0.363714  0.000000 ) 
 ( -0.010127  0.000000 -0.032361  0.000000  0.025370  0.000000 ) 
 ( -0.014867  0.000000 -0.014023  0.000000  0.129022  0.000000 ) 
 (  0.018850  0.000000  0.166276  0.000000  0.385085  0.000000 ) 
     freq (   15) =       6.893009 [THz] =     229.926025 [cm-1]
 (  0.012696  0.000000 -0.006974  0.000000  0.000701 -0.000000 ) 
 (  0.004741 -0.000000  0.002604 -0.000000  0.001876  0.000000 ) 
 ( -0.214622  0.000000  0.094283 -0.000000  0.003218  0.000000 ) 
 ( -0.116860  0.000000  0.030454  0.000000 -0.009622  0.000000 ) 
 (  0.069005  0.000000  0.062174  0.000000 -0.010971  0.000000 ) 
 (  0.192791 -0.000000  0.108754 -0.000000  0.006177  0.000000 ) 
 ( -0.220572  0.000000  0.014524  0.000000 -0.000348  0.000000 ) 
 ( -0.096646  0.000000  0.130751 -0.000000 -0.006397  0.000000 ) 
 ( -0.106700  0.000000  0.182745 -0.000000  0.010160 -0.000000 ) 
 ( -0.225159  0.000000  0.128495  0.000000 -0.007901  0.000000 ) 
 ( -0.290243  0.000000  0.141994 -0.000000  0.009273  0.000000 ) 
 ( -0.029388  0.000000 -0.012966  0.000000 -0.011572  0.000000 ) 
 (  0.289590  0.000000  0.183392  0.000000 -0.006970  0.000000 ) 
 (  0.408949 -0.000000  0.231574 -0.000000 -0.000814  0.000000 ) 
 ( -0.135911  0.000000  0.128276 -0.000000  0.002424  0.000000 ) 
 ( -0.158043  0.000000  0.005710  0.000000 -0.012440  0.000000 ) 
 ( -0.084520  0.000000  0.139091  0.000000 -0.016186  0.000000 ) 
 (  0.025251  0.000000  0.189125 -0.000000  0.010635  0.000000 ) 
 ( -0.161414  0.000000  0.002691  0.000000 -0.005789  0.000000 ) 
 ( -0.141294  0.000000  0.118691 -0.000000 -0.000565  0.000000 ) 
 (  0.029581 -0.000000  0.177982 -0.000000  0.007533  0.000000 ) 
 ( -0.083460  0.000000  0.132654  0.000000 -0.009484  0.000000 ) 
     freq (   16) =       6.893009 [THz] =     229.926025 [cm-1]
 (  0.004741 -0.000000 -0.002604  0.000000 -0.001876  0.000000 ) 
 ( -0.012696  0.000000 -0.006974  0.000000  0.000701 -0.000000 ) 
 (  0.069005  0.000000 -0.062174  0.000000  0.010971 -0.000000 ) 
 ( -0.192791  0.000000  0.108754 -0.000000  0.006177  0.000000 ) 
 (  0.214622 -0.000000  0.094283 -0.000000  0.003218  0.000000 ) 
 ( -0.116860  0.000000 -0.030454  0.000000  0.009622 -0.000000 ) 
 (  0.106700  0.000000  0.182745 -0.000000  0.010160 -0.000000 ) 
 ( -0.225159  0.000000 -0.128495  0.000000  0.007901  0.000000 ) 
 ( -0.220572  0.000000 -0.014524  0.000000  0.000348  0.000000 ) 
 (  0.096646  0.000000  0.130751 -0.000000 -0.006397  0.000000 ) 
 (  0.289590  0.000000 -0.183392  0.000000  0.006970 -0.000000 ) 
 ( -0.408949  0.000000  0.231574 -0.000000 -0.000814  0.000000 ) 
 (  0.290243 -0.000000  0.141994 -0.000000  0.009273  0.000000 ) 
 ( -0.029388  0.000000  0.012966  0.000000  0.011572 -0.000000 ) 
 ( -0.084520  0.000000 -0.139091  0.000000  0.016186 -0.000000 ) 
 ( -0.025251  0.000000  0.189125 -0.000000  0.010635  0.000000 ) 
 (  0.135911  0.000000  0.128276 -0.000000  0.002424  0.000000 ) 
 ( -0.158043  0.000000 -0.005710  0.000000  0.012440 -0.000000 ) 
 ( -0.029581  0.000000  0.177982 -0.000000  0.007533  0.000000 ) 
 ( -0.083460  0.000000 -0.132654  0.000000  0.009484 -0.000000 ) 
 ( -0.161414  0.000000 -0.002691  0.000000  0.005789 -0.000000 ) 
 (  0.141294  0.000000  0.118691 -0.000000 -0.000565  0.000000 ) 
     freq (   17) =       7.879106 [THz] =     262.818682 [cm-1]
 (  0.007249 -0.000000 -0.002984  0.000000 -0.000159  0.000000 ) 
 (  0.016097 -0.000000  0.006626 -0.000000 -0.000072  0.000000 ) 
 (  0.016420 -0.000000 -0.001601  0.000000  0.005425 -0.000000 ) 
 ( -0.138914  0.000000  0.040525 -0.000000 -0.000976  0.000000 ) 
 ( -0.170977  0.000000 -0.052701  0.000000 -0.006105  0.000000 ) 
 (  0.101023 -0.000000  0.033730 -0.000000 -0.008109  0.000000 ) 
 (  0.048657 -0.000000  0.221648 -0.000000 -0.015987  0.000000 ) 
 ( -0.184919  0.000000 -0.304901  0.000000 -0.022532  0.000000 ) 
 (  0.203881 -0.000000 -0.210996  0.000000  0.015940 -0.000000 ) 
 ( -0.098691  0.000000 -0.026134  0.000000 -0.001407  0.000000 ) 
 (  0.210209 -0.000000 -0.109177  0.000000  0.029770 -0.000000 ) 
 ( -0.439003  0.000000  0.208977 -0.000000  0.049977 -0.000000 ) 
 ( -0.400204  0.000000 -0.182443  0.000000  0.040392 -0.000000 ) 
 (  0.107833 -0.000000  0.039163 -0.000000  0.004478 -0.000000 ) 
 ( -0.093194  0.000000 -0.050425  0.000000  0.004030 -0.000000 ) 
 (  0.056574 -0.000000  0.104238 -0.000000 -0.015105  0.000000 ) 
 ( -0.006934  0.000000 -0.094573  0.000000 -0.023738  0.000000 ) 
 (  0.074381 -0.000000  0.024921 -0.000000 -0.018750  0.000000 ) 
 (  0.110329 -0.000000  0.184887 -0.000000 -0.022076  0.000000 ) 
 ( -0.133711  0.000000 -0.082732  0.000000 -0.001939  0.000000 ) 
 (  0.080912 -0.000000  0.053157 -0.000000 -0.016949  0.000000 ) 
 (  0.028991 -0.000000 -0.173678  0.000000 -0.027765  0.000000 ) 
     freq (   18) =       7.879106 [THz] =     262.818682 [cm-1]
 ( -0.016097  0.000000  0.006626  0.000000 -0.000072  0.000000 ) 
 (  0.007249  0.000000  0.002984  0.000000  0.000159  0.000000 ) 
 (  0.170977  0.000000 -0.052701  0.000000 -0.006105  0.000000 ) 
 (  0.101023  0.000000 -0.033730  0.000000  0.008109  0.000000 ) 
 (  0.016420  0.000000  0.001601  0.000000 -0.005425  0.000000 ) 
 (  0.138914  0.000000  0.040525  0.000000 -0.000976  0.000000 ) 
 (  0.203881  0.000000  0.210996  0.000000 -0.015940  0.000000 ) 
 (  0.098691  0.000000 -0.026134  0.000000 -0.001407  0.000000 ) 
 ( -0.048657  0.000000  0.221648  0.000000 -0.015987  0.000000 ) 
 ( -0.184919  0.000000  0.304901  0.000000  0.022532  0.000000 ) 
 (  0.400204  0.000000 -0.182443  0.000000  0.040392  0.000000 ) 
 (  0.107833  0.000000 -0.039163  0.000000 -0.004478  0.000000 ) 
 (  0.210209  0.000000  0.109177  0.000000 -0.029770  0.000000 ) 
 (  0.439003  0.000000  0.208977  0.000000  0.049977  0.000000 ) 
 (  0.006934  0.000000 -0.094573  0.000000 -0.023738  0.000000 ) 
 (  0.074381  0.000000 -0.024921  0.000000  0.018750  0.000000 ) 
 ( -0.093194  0.000000  0.050425  0.000000 -0.004030  0.000000 ) 
 ( -0.056574  0.000000  0.104238  0.000000 -0.015105  0.000000 ) 
 (  0.080912  0.000000 -0.053157  0.000000  0.016949  0.000000 ) 
 ( -0.028991  0.000000 -0.173678  0.000000 -0.027765  0.000000 ) 
 ( -0.110329  0.000000  0.184887  0.000000 -0.022076  0.000000 ) 
 ( -0.133711  0.000000  0.082732  0.000000  0.001939  0.000000 ) 
     freq (   19) =       8.058533 [THz] =     268.803741 [cm-1]
 ( -0.000598  0.000000  0.000678 -0.000000  0.000705  0.000000 ) 
 (  0.000570  0.000000  0.000646  0.000000 -0.000740  0.000000 ) 
 (  0.011809 -0.000000 -0.001894  0.000000 -0.001361  0.000000 ) 
 (  0.005302 -0.000000 -0.001666  0.000000 -0.006269  0.000000 ) 
 ( -0.004739  0.000000 -0.001576  0.000000  0.006342 -0.000000 ) 
 (  0.011567  0.000000  0.001815  0.000000 -0.001666  0.000000 ) 
 (  0.015979 -0.000000  0.028011  0.000000  0.116019  0.000000 ) 
 (  0.003472 -0.000000 -0.013697  0.000000  0.013138  0.000000 ) 
 (  0.002705  0.000000  0.015065 -0.000000  0.018754 -0.000000 ) 
 ( -0.015830  0.000000  0.028705 -0.000000 -0.116788  0.000000 ) 
 (  0.037741  0.000000 -0.016723  0.000000 -0.398070  0.000000 ) 
 ( -0.004736  0.000000  0.003709  0.000000  0.009022 -0.000000 ) 
 (  0.006564 -0.000000  0.004521 -0.000000  0.010183 -0.000000 ) 
 (  0.038014 -0.000000  0.016921 -0.000000 -0.398099  0.000000 ) 
 ( -0.183861  0.000000 -0.337836  0.000000  0.153607 -0.000000 ) 
 (  0.020753  0.000000 -0.018442  0.000000 -0.021406  0.000000 ) 
 ( -0.029653  0.000000 -0.002156  0.000000  0.014016  0.000000 ) 
 ( -0.185077  0.000000  0.337339  0.000000  0.152753  0.000000 ) 
 (  0.001405 -0.000000  0.021740 -0.000000 -0.021617  0.000000 ) 
 (  0.168469  0.000000  0.315851 -0.000000  0.152716 -0.000000 ) 
 (  0.168597 -0.000000 -0.315169  0.000000  0.151851  0.000000 ) 
 (  0.006726 -0.000000  0.006518  0.000000  0.014270  0.000000 ) 
     freq (   20) =       8.058533 [THz] =     268.803741 [cm-1]
 (  0.000570  0.000000 -0.000646  0.000000  0.000740  0.000000 ) 
 (  0.000598  0.000000  0.000678  0.000000  0.000705  0.000000 ) 
 ( -0.004739  0.000000  0.001576  0.000000 -0.006342  0.000000 ) 
 ( -0.011567  0.000000  0.001815  0.000000 -0.001666  0.000000 ) 
 ( -0.011809  0.000000 -0.001894  0.000000 -0.001361  0.000000 ) 
 (  0.005302  0.000000  0.001666  0.000000  0.006269  0.000000 ) 
 ( -0.002705  0.000000  0.015065  0.000000  0.018754  0.000000 ) 
 ( -0.015830  0.000000 -0.028705  0.000000  0.116788  0.000000 ) 
 (  0.015979  0.000000 -0.028011  0.000000 -0.116019  0.000000 ) 
 ( -0.003472  0.000000 -0.013697  0.000000  0.013138  0.000000 ) 
 (  0.006564  0.000000 -0.004521  0.000000 -0.010183  0.000000 ) 
 ( -0.038014  0.000000  0.016921  0.000000 -0.398099  0.000000 ) 
 ( -0.037741  0.000000 -0.016723  0.000000 -0.398070  0.000000 ) 
 ( -0.004736  0.000000 -0.003709  0.000000 -0.009022  0.000000 ) 
 ( -0.029653  0.000000  0.002156  0.000000 -0.014016  0.000000 ) 
 (  0.185077  0.000000  0.337339  0.000000  0.152753  0.000000 ) 
 (  0.183861  0.000000 -0.337836  0.000000  0.153607  0.000000 ) 
 (  0.020753  0.000000  0.018442  0.000000  0.021406  0.000000 ) 
 ( -0.168597  0.000000 -0.315169  0.000000  0.151851  0.000000 ) 
 (  0.006726  0.000000 -0.006518  0.000000 -0.014270  0.000000 ) 
 (  0.001405  0.000000 -0.021740  0.000000  0.021617  0.000000 ) 
 ( -0.168469  0.000000  0.315851  0.000000  0.152716  0.000000 ) 
     freq (   21) =       8.726303 [THz] =     291.078127 [cm-1]
 ( -0.009975  0.000000 -0.004173  0.000000 -0.001419  0.000000 ) 
 (  0.007276  0.000000 -0.003044  0.000000  0.001945  0.000000 ) 
 (  0.044872  0.000000 -0.069019  0.000000 -0.009609  0.000000 ) 
 ( -0.018171  0.000000  0.058080  0.000000  0.031676  0.000000 ) 
 (  0.033474  0.000000  0.083129  0.000000 -0.030183  0.000000 ) 
 (  0.052951  0.000000  0.091109  0.000000  0.000067  0.000000 ) 
 (  0.039216  0.000000 -0.091941  0.000000  0.032261  0.000000 ) 
 (  0.023770  0.000000  0.331036  0.000000 -0.063021  0.000000 ) 
 (  0.012386  0.000000 -0.377131  0.000000 -0.055837  0.000000 ) 
 ( -0.033560  0.000000 -0.202722  0.000000 -0.013667  0.000000 ) 
 (  0.021075  0.000000 -0.052655  0.000000 -0.053216  0.000000 ) 
 (  0.219370  0.000000 -0.076036  0.000000  0.260831  0.000000 ) 
 ( -0.223616  0.000000 -0.062964  0.000000 -0.256850  0.000000 ) 
 ( -0.048222  0.000000  0.030911  0.000000  0.027766  0.000000 ) 
 (  0.011689  0.000000 -0.082360  0.000000 -0.008684  0.000000 ) 
 ( -0.302025  0.000000 -0.211348  0.000000 -0.056222  0.000000 ) 
 (  0.320926  0.000000 -0.195538  0.000000  0.061828  0.000000 ) 
 (  0.109139  0.000000  0.018710  0.000000 -0.027150  0.000000 ) 
 ( -0.059879  0.000000  0.154734  0.000000 -0.042179  0.000000 ) 
 (  0.091262  0.000000 -0.031112  0.000000 -0.001031  0.000000 ) 
 (  0.115045  0.000000  0.082298  0.000000 -0.014610  0.000000 ) 
 (  0.092152  0.000000  0.172475  0.000000  0.044626  0.000000 ) 
     freq (   22) =       8.726303 [THz] =     291.078127 [cm-1]
 (  0.007276  0.000000  0.003044  0.000000 -0.001945  0.000000 ) 
 (  0.009975  0.000000 -0.004173  0.000000 -0.001419  0.000000 ) 
 (  0.033474  0.000000 -0.083129  0.000000  0.030183  0.000000 ) 
 ( -0.052951  0.000000  0.091109  0.000000  0.000067  0.000000 ) 
 ( -0.044872  0.000000 -0.069019  0.000000 -0.009609  0.000000 ) 
 ( -0.018171  0.000000 -0.058080  0.000000 -0.031676  0.000000 ) 
 ( -0.012386  0.000000 -0.377131  0.000000 -0.055837  0.000000 ) 
 ( -0.033560  0.000000  0.202722  0.000000  0.013667  0.000000 ) 
 (  0.039216  0.000000  0.091941  0.000000 -0.032261  0.000000 ) 
 ( -0.023770  0.000000  0.331036  0.000000 -0.063021  0.000000 ) 
 ( -0.223616  0.000000  0.062964  0.000000  0.256850  0.000000 ) 
 (  0.048222  0.000000  0.030911  0.000000  0.027766  0.000000 ) 
 ( -0.021075  0.000000 -0.052655  0.000000 -0.053216  0.000000 ) 
 (  0.219370  0.000000  0.076036  0.000000 -0.260831  0.000000 ) 
 (  0.320926  0.000000  0.195538  0.000000 -0.061828  0.000000 ) 
 ( -0.109139  0.000000  0.018710  0.000000 -0.027150  0.000000 ) 
 ( -0.011689  0.000000 -0.082360  0.000000 -0.008684  0.000000 ) 
 ( -0.302025  0.000000  0.211348  0.000000  0.056222  0.000000 ) 
 ( -0.115045  0.000000  0.082298  0.000000 -0.014610  0.000000 ) 
 (  0.092152  0.000000 -0.172475  0.000000 -0.044626  0.000000 ) 
 ( -0.059879  0.000000 -0.154734  0.000000  0.042179  0.000000 ) 
 ( -0.091262  0.000000 -0.031112  0.000000 -0.001031  0.000000 ) 
     freq (   23) =       8.757292 [THz] =     292.111829 [cm-1]
 (  0.004238 -0.000000  0.000985 -0.000000  0.002526 -0.000000 ) 
 (  0.006332 -0.000000 -0.001472  0.000000  0.001690 -0.000000 ) 
 (  0.015057  0.000000 -0.050668  0.000000 -0.039658  0.000000 ) 
 ( -0.029598  0.000000  0.057011 -0.000000 -0.000703  0.000000 ) 
 ( -0.025806  0.000000 -0.040769  0.000000  0.015601  0.000000 ) 
 ( -0.004077  0.000000 -0.031289  0.000000  0.042611 -0.000000 ) 
 ( -0.011516  0.000000 -0.220090  0.000000  0.072251 -0.000000 ) 
 ( -0.019566  0.000000  0.114505  0.000000 -0.015357  0.000000 ) 
 (  0.025917 -0.000000  0.033065 -0.000000  0.046422  0.000000 ) 
 ( -0.020530  0.000000  0.190844 -0.000000  0.084494 -0.000000 ) 
 ( -0.133994  0.000000  0.034422 -0.000000 -0.378544  0.000000 ) 
 (  0.023459  0.000000  0.025169 -0.000000 -0.071430  0.000000 ) 
 ( -0.029905  0.000000 -0.041428  0.000000  0.078907  0.000000 ) 
 (  0.135271 -0.000000  0.047620 -0.000000  0.380025 -0.000000 ) 
 ( -0.041703  0.000000 -0.275288  0.000000  0.086620 -0.000000 ) 
 ( -0.053559  0.000000  0.106266  0.000000  0.038812  0.000000 ) 
 ( -0.075144  0.000000 -0.001378  0.000000  0.006248 -0.000000 ) 
 (  0.067210  0.000000 -0.253955  0.000000 -0.077690  0.000000 ) 
 ( -0.067234  0.000000 -0.036958  0.000000  0.046240  0.000000 ) 
 (  0.274214 -0.000000  0.284580 -0.000000  0.097075 -0.000000 ) 
 ( -0.268896  0.000000  0.292600 -0.000000 -0.085935  0.000000 ) 
 (  0.040402  0.000000 -0.077430  0.000000  0.009970 -0.000000 ) 
     freq (   24) =       8.757292 [THz] =     292.111829 [cm-1]
 ( -0.006332  0.000000 -0.001472  0.000000  0.001690  0.000000 ) 
 (  0.004238  0.000000 -0.000985  0.000000 -0.002526  0.000000 ) 
 (  0.025806  0.000000 -0.040769  0.000000  0.015601  0.000000 ) 
 ( -0.004077  0.000000  0.031289  0.000000 -0.042611  0.000000 ) 
 (  0.015057  0.000000  0.050668  0.000000  0.039658  0.000000 ) 
 (  0.029598  0.000000  0.057011  0.000000 -0.000703  0.000000 ) 
 (  0.025917  0.000000 -0.033065  0.000000 -0.046422  0.000000 ) 
 (  0.020530  0.000000  0.190844  0.000000  0.084494  0.000000 ) 
 (  0.011516  0.000000 -0.220090  0.000000  0.072251  0.000000 ) 
 ( -0.019566  0.000000 -0.114505  0.000000  0.015357  0.000000 ) 
 (  0.029905  0.000000 -0.041428  0.000000  0.078907  0.000000 ) 
 (  0.135271  0.000000 -0.047620  0.000000 -0.380025  0.000000 ) 
 ( -0.133994  0.000000 -0.034422  0.000000  0.378544  0.000000 ) 
 ( -0.023459  0.000000  0.025169  0.000000 -0.071430  0.000000 ) 
 (  0.075144  0.000000 -0.001378  0.000000  0.006248  0.000000 ) 
 (  0.067210  0.000000  0.253955  0.000000  0.077690  0.000000 ) 
 ( -0.041703  0.000000  0.275288  0.000000 -0.086620  0.000000 ) 
 (  0.053559  0.000000  0.106266  0.000000  0.038812  0.000000 ) 
 ( -0.268896  0.000000 -0.292600  0.000000  0.085935  0.000000 ) 
 ( -0.040402  0.000000 -0.077430  0.000000  0.009970  0.000000 ) 
 (  0.067234  0.000000 -0.036958  0.000000  0.046240  0.000000 ) 
 (  0.274214  0.000000 -0.284580  0.000000 -0.097075  0.000000 ) 
     freq (   25) =       9.734461 [THz] =     324.706661 [cm-1]
 ( -0.001090  0.000000  0.002670  0.000000 -0.000009  0.000000 ) 
 (  0.001747  0.000000  0.004279  0.000000  0.000005  0.000000 ) 
 (  0.071248  0.000000 -0.081811  0.000000 -0.000619  0.000000 ) 
 ( -0.035481  0.000000  0.011045  0.000000 -0.000098  0.000000 ) 
 (  0.004627  0.000000 -0.027749  0.000000 -0.000194  0.000000 ) 
 (  0.061958  0.000000  0.085680  0.000000 -0.000641  0.000000 ) 
 (  0.028690  0.000000 -0.323538  0.000000 -0.003239  0.000000 ) 
 ( -0.057651  0.000000 -0.152777  0.000000 -0.005494  0.000000 ) 
 ( -0.050143  0.000000  0.328474  0.000000 -0.004531  0.000000 ) 
 ( -0.003723  0.000000 -0.435007  0.000000  0.000917  0.000000 ) 
 ( -0.146974  0.000000  0.042240  0.000000 -0.007692  0.000000 ) 
 ( -0.179092  0.000000  0.090347  0.000000 -0.009281  0.000000 ) 
 (  0.271342  0.000000  0.121268  0.000000  0.006569  0.000000 ) 
 ( -0.251304  0.000000 -0.091255  0.000000 -0.004020  0.000000 ) 
 (  0.207133  0.000000 -0.006408  0.000000 -0.005126  0.000000 ) 
 (  0.067715  0.000000  0.071176  0.000000  0.008854  0.000000 ) 
 ( -0.176786  0.000000  0.076109  0.000000 -0.012367  0.000000 ) 
 (  0.263765  0.000000 -0.027707  0.000000 -0.010041  0.000000 ) 
 (  0.071478  0.000000  0.050861  0.000000  0.004853  0.000000 ) 
 (  0.207045  0.000000  0.007888  0.000000  0.012907  0.000000 ) 
 (  0.265509  0.000000 -0.033679  0.000000  0.011994  0.000000 ) 
 ( -0.180933  0.000000  0.060489  0.000000  0.000915  0.000000 ) 
     freq (   26) =       9.734461 [THz] =     324.706661 [cm-1]
 (  0.001747  0.000000 -0.004279  0.000000 -0.000005  0.000000 ) 
 (  0.001090  0.000000  0.002670  0.000000 -0.000009  0.000000 ) 
 (  0.004627  0.000000  0.027749  0.000000  0.000194  0.000000 ) 
 ( -0.061958  0.000000  0.085680  0.000000 -0.000641  0.000000 ) 
 ( -0.071248  0.000000 -0.081811  0.000000 -0.000619  0.000000 ) 
 ( -0.035481  0.000000 -0.011045  0.000000  0.000098  0.000000 ) 
 (  0.050143  0.000000  0.328474  0.000000 -0.004531  0.000000 ) 
 ( -0.003723  0.000000  0.435007  0.000000 -0.000917  0.000000 ) 
 (  0.028690  0.000000  0.323538  0.000000  0.003239  0.000000 ) 
 (  0.057651  0.000000 -0.152777  0.000000 -0.005494  0.000000 ) 
 (  0.271342  0.000000 -0.121268  0.000000 -0.006569  0.000000 ) 
 (  0.251304  0.000000 -0.091255  0.000000 -0.004020  0.000000 ) 
 (  0.146974  0.000000  0.042240  0.000000 -0.007692  0.000000 ) 
 ( -0.179092  0.000000 -0.090347  0.000000  0.009281  0.000000 ) 
 ( -0.176786  0.000000 -0.076109  0.000000  0.012367  0.000000 ) 
 ( -0.263765  0.000000 -0.027707  0.000000 -0.010041  0.000000 ) 
 ( -0.207133  0.000000 -0.006408  0.000000 -0.005126  0.000000 ) 
 (  0.067715  0.000000 -0.071176  0.000000 -0.008854  0.000000 ) 
 ( -0.265509  0.000000 -0.033679  0.000000  0.011994  0.000000 ) 
 ( -0.180933  0.000000 -0.060489  0.000000 -0.000915  0.000000 ) 
 (  0.071478  0.000000 -0.050861  0.000000 -0.004853  0.000000 ) 
 ( -0.207045  0.000000  0.007888  0.000000  0.012907  0.000000 ) 
     freq (   27) =      12.023059 [THz] =     401.046096 [cm-1]
 ( -0.000044  0.000000 -0.000168  0.000000 -0.000115  0.000000 ) 
 ( -0.000001  0.000000  0.000003  0.000000 -0.006062  0.000000 ) 
 ( -0.003220  0.000000  0.001188 -0.000000  0.003737  0.000000 ) 
 ( -0.003286  0.000000  0.001282  0.000000 -0.002820  0.000000 ) 
 ( -0.001805  0.000000 -0.002502  0.000000  0.024064 -0.000000 ) 
 ( -0.001681  0.000000 -0.002455  0.000000 -0.024188  0.000000 ) 
 ( -0.002771  0.000000  0.003071 -0.000000  0.017664  0.000000 ) 
 ( -0.002831  0.000000  0.003182  0.000000 -0.001068  0.000000 ) 
 (  0.001650  0.000000  0.002989  0.000000 -0.436127  0.000000 ) 
 (  0.001543 -0.000000  0.002870 -0.000000  0.436484 -0.000000 ) 
 ( -0.001404  0.000000  0.000278  0.000000 -0.022415  0.000000 ) 
 ( -0.001430  0.000000  0.000351  0.000000  0.022877  0.000000 ) 
 ( -0.000705  0.000000 -0.001914  0.000000  0.012564  0.000000 ) 
 ( -0.000651  0.000000 -0.001902  0.000000 -0.011703  0.000000 ) 
 ( -0.019732  0.000000 -0.020478  0.000000  0.012134  0.000000 ) 
 ( -0.007556  0.000000 -0.026155  0.000000 -0.018332  0.000000 ) 
 (  0.319846 -0.000000  0.149702 -0.000000 -0.163241  0.000000 ) 
 (  0.320365 -0.000000  0.148815 -0.000000  0.162662 -0.000000 ) 
 (  0.000989  0.000000  0.027474  0.000000 -0.017864  0.000000 ) 
 (  0.013316  0.000000  0.021654  0.000000  0.011678  0.000000 ) 
 ( -0.324247  0.000000 -0.152552  0.000000  0.162340 -0.000000 ) 
 ( -0.323975  0.000000 -0.153487  0.000000 -0.162901  0.000000 ) 
     freq (   28) =      12.023059 [THz] =     401.046096 [cm-1]
 (  0.000001  0.000000  0.000003  0.000000 -0.006062  0.000000 ) 
 ( -0.000044  0.000000  0.000168 -0.000000  0.000115  0.000000 ) 
 (  0.001805  0.000000 -0.002502  0.000000  0.024064 -0.000000 ) 
 ( -0.001681  0.000000  0.002455 -0.000000  0.024188 -0.000000 ) 
 ( -0.003220  0.000000 -0.001188  0.000000 -0.003737  0.000000 ) 
 (  0.003286  0.000000  0.001282  0.000000 -0.002820  0.000000 ) 
 (  0.001650  0.000000 -0.002989  0.000000  0.436127 -0.000000 ) 
 ( -0.001543  0.000000  0.002870 -0.000000  0.436484 -0.000000 ) 
 (  0.002771 -0.000000  0.003071 -0.000000  0.017664  0.000000 ) 
 ( -0.002831  0.000000 -0.003182  0.000000  0.001068  0.000000 ) 
 (  0.000705  0.000000 -0.001914  0.000000  0.012564  0.000000 ) 
 ( -0.000651  0.000000  0.001902 -0.000000  0.011703 -0.000000 ) 
 ( -0.001404  0.000000 -0.000278  0.000000  0.022415 -0.000000 ) 
 (  0.001430  0.000000  0.000351  0.000000  0.022877  0.000000 ) 
 ( -0.319846  0.000000  0.149702 -0.000000 -0.163241  0.000000 ) 
 (  0.320365 -0.000000 -0.148815  0.000000 -0.162662  0.000000 ) 
 ( -0.019732  0.000000  0.020478  0.000000 -0.012134  0.000000 ) 
 (  0.007556  0.000000 -0.026155  0.000000 -0.018332  0.000000 ) 
 ( -0.324247  0.000000  0.152552 -0.000000 -0.162340  0.000000 ) 
 (  0.323975 -0.000000 -0.153487  0.000000 -0.162901  0.000000 ) 
 ( -0.000989  0.000000  0.027474  0.000000 -0.017864  0.000000 ) 
 (  0.013316  0.000000 -0.021654  0.000000 -0.011678  0.000000 ) 
     freq (   29) =      12.312386 [THz] =     410.696989 [cm-1]
 (  0.000093  0.000000  0.000186  0.000000 -0.000394  0.000000 ) 
 (  0.000017  0.000000 -0.000035  0.000000 -0.002111  0.000000 ) 
 ( -0.000308  0.000000  0.000188  0.000000  0.034070  0.000000 ) 
 ( -0.001094  0.000000  0.000751  0.000000 -0.034776  0.000000 ) 
 ( -0.002239  0.000000 -0.001598  0.000000 -0.008312  0.000000 ) 
 ( -0.001977  0.000000 -0.001423  0.000000 -0.004523  0.000000 ) 
 ( -0.000142  0.000000  0.000477  0.000000  0.429384  0.000000 ) 
 ( -0.000789  0.000000  0.001565  0.000000 -0.432364  0.000000 ) 
 (  0.001824  0.000000  0.003110  0.000000  0.088323  0.000000 ) 
 (  0.001650  0.000000  0.002729  0.000000  0.072339  0.000000 ) 
 ( -0.000058  0.000000 -0.000111  0.000000  0.043138  0.000000 ) 
 ( -0.000249  0.000000  0.000078  0.000000 -0.033606  0.000000 ) 
 ( -0.000542  0.000000 -0.000504  0.000000  0.018408  0.000000 ) 
 ( -0.000484  0.000000 -0.000510  0.000000 -0.032716  0.000000 ) 
 ( -0.306297  0.000000  0.168362  0.000000 -0.158981  0.000000 ) 
 ( -0.311461  0.000000  0.159751  0.000000  0.153812  0.000000 ) 
 ( -0.071436  0.000000 -0.007493  0.000000  0.015296  0.000000 ) 
 (  0.043738  0.000000  0.053680  0.000000  0.043020  0.000000 ) 
 (  0.308908  0.000000 -0.158564  0.000000  0.154068  0.000000 ) 
 (  0.305597  0.000000 -0.167929  0.000000 -0.159052  0.000000 ) 
 ( -0.048404  0.000000 -0.055549  0.000000  0.042555  0.000000 ) 
 (  0.066163  0.000000  0.005321  0.000000  0.015822  0.000000 ) 
     freq (   30) =      12.312386 [THz] =     410.696989 [cm-1]
 ( -0.000017  0.000000 -0.000035  0.000000 -0.002111  0.000000 ) 
 (  0.000093  0.000000 -0.000186  0.000000  0.000394  0.000000 ) 
 (  0.002239  0.000000 -0.001598  0.000000 -0.008312  0.000000 ) 
 ( -0.001977  0.000000  0.001423  0.000000  0.004523  0.000000 ) 
 ( -0.000308  0.000000 -0.000188  0.000000 -0.034070  0.000000 ) 
 (  0.001094  0.000000  0.000751  0.000000 -0.034776  0.000000 ) 
 (  0.001824  0.000000 -0.003110  0.000000 -0.088323  0.000000 ) 
 ( -0.001650  0.000000  0.002729  0.000000  0.072339  0.000000 ) 
 (  0.000142  0.000000  0.000477  0.000000  0.429384  0.000000 ) 
 ( -0.000789  0.000000 -0.001565  0.000000  0.432364  0.000000 ) 
 (  0.000542  0.000000 -0.000504  0.000000  0.018408  0.000000 ) 
 ( -0.000484  0.000000  0.000510  0.000000  0.032716  0.000000 ) 
 ( -0.000058  0.000000  0.000111  0.000000 -0.043138  0.000000 ) 
 (  0.000249  0.000000  0.000078  0.000000 -0.033606  0.000000 ) 
 (  0.071436  0.000000 -0.007493  0.000000  0.015296  0.000000 ) 
 (  0.043738  0.000000 -0.053680  0.000000 -0.043020  0.000000 ) 
 ( -0.306297  0.000000 -0.168362  0.000000  0.158981  0.000000 ) 
 (  0.311461  0.000000  0.159751  0.000000  0.153812  0.000000 ) 
 ( -0.048404  0.000000  0.055549  0.000000 -0.042555  0.000000 ) 
 ( -0.066163  0.000000  0.005321  0.000000  0.015822  0.000000 ) 
 ( -0.308908  0.000000 -0.158564  0.000000  0.154068  0.000000 ) 
 (  0.305597  0.000000  0.167929  0.000000  0.159052  0.000000 ) 
     freq (   31) =      30.662356 [THz] =    1022.786109 [cm-1]
 ( -0.000226  0.000000 -0.000182  0.000000  0.000001  0.000000 ) 
 ( -0.000104  0.000000  0.000084  0.000000  0.000002 -0.000000 ) 
 (  0.028223  0.000000  0.026821  0.000000  0.000092 -0.000000 ) 
 ( -0.025154  0.000000 -0.025683  0.000000 -0.000181  0.000000 ) 
 ( -0.057346  0.000000  0.056841 -0.000000 -0.000159  0.000000 ) 
 ( -0.058757  0.000000  0.057364 -0.000000  0.000034 -0.000000 ) 
 ( -0.006019  0.000000 -0.148189  0.000000  0.000235  0.000000 ) 
 (  0.009608  0.000000  0.144426  0.000000  0.000136  0.000000 ) 
 ( -0.017821  0.000000  0.317381 -0.000000 -0.000381  0.000000 ) 
 ( -0.016170  0.000000  0.319110 -0.000000  0.000427 -0.000000 ) 
 ( -0.063521  0.000000  0.060594  0.000000 -0.000987  0.000000 ) 
 (  0.041380  0.000000 -0.048006  0.000000  0.000648 -0.000000 ) 
 (  0.109000 -0.000000  0.115219 -0.000000  0.000007  0.000000 ) 
 (  0.119179 -0.000000  0.121006 -0.000000  0.000745  0.000000 ) 
 ( -0.139148  0.000000 -0.106225  0.000000  0.034729  0.000000 ) 
 (  0.123121  0.000000  0.102942  0.000000  0.034767  0.000000 ) 
 (  0.281558 -0.000000 -0.226734  0.000000  0.075593 -0.000000 ) 
 (  0.288926 -0.000000 -0.228243  0.000000 -0.075576  0.000000 ) 
 (  0.122602  0.000000  0.102698  0.000000 -0.035033  0.000000 ) 
 ( -0.139483  0.000000 -0.106001  0.000000 -0.034297  0.000000 ) 
 (  0.288923 -0.000000 -0.227739  0.000000  0.075233 -0.000000 ) 
 (  0.281162 -0.000000 -0.226220  0.000000 -0.075572  0.000000 ) 
     freq (   32) =      30.662356 [THz] =    1022.786109 [cm-1]
 (  0.000104  0.000000  0.000084  0.000000  0.000002  0.000000 ) 
 ( -0.000226  0.000000  0.000182  0.000000 -0.000001  0.000000 ) 
 (  0.057346  0.000000  0.056841  0.000000 -0.000159  0.000000 ) 
 ( -0.058757  0.000000 -0.057364  0.000000 -0.000034  0.000000 ) 
 (  0.028223  0.000000 -0.026821  0.000000 -0.000092  0.000000 ) 
 (  0.025154  0.000000 -0.025683  0.000000 -0.000181  0.000000 ) 
 ( -0.017821  0.000000 -0.317381  0.000000  0.000381  0.000000 ) 
 (  0.016170  0.000000  0.319110  0.000000  0.000427  0.000000 ) 
 (  0.006019  0.000000 -0.148189  0.000000  0.000235  0.000000 ) 
 (  0.009608  0.000000 -0.144426  0.000000 -0.000136  0.000000 ) 
 ( -0.109000  0.000000  0.115219  0.000000  0.000007  0.000000 ) 
 (  0.119179  0.000000 -0.121006  0.000000 -0.000745  0.000000 ) 
 ( -0.063521  0.000000 -0.060594  0.000000  0.000987  0.000000 ) 
 ( -0.041380  0.000000 -0.048006  0.000000  0.000648  0.000000 ) 
 ( -0.281558  0.000000 -0.226734  0.000000  0.075593  0.000000 ) 
 (  0.288926  0.000000  0.228243  0.000000  0.075576  0.000000 ) 
 ( -0.139148  0.000000  0.106225  0.000000 -0.034729  0.000000 ) 
 ( -0.123121  0.000000  0.102942  0.000000  0.034767  0.000000 ) 
 (  0.288923  0.000000  0.227739  0.000000 -0.075233  0.000000 ) 
 ( -0.281162  0.000000 -0.226220  0.000000 -0.075572  0.000000 ) 
 ( -0.122602  0.000000  0.102698  0.000000 -0.035033  0.000000 ) 
 ( -0.139483  0.000000  0.106001  0.000000  0.034297  0.000000 ) 
     freq (   33) =      30.832629 [THz] =    1028.465808 [cm-1]
 ( -0.000147  0.000000 -0.000102  0.000000 -0.000007  0.000000 ) 
 (  0.000911  0.000000 -0.000635  0.000000  0.000001  0.000000 ) 
 ( -0.016038  0.000000 -0.004086  0.000000  0.000505  0.000000 ) 
 ( -0.001602  0.000000 -0.018061  0.000000  0.000568  0.000000 ) 
 (  0.053543  0.000000 -0.069810  0.000000 -0.000283  0.000000 ) 
 ( -0.055871  0.000000  0.067557  0.000000 -0.000110  0.000000 ) 
 ( -0.004396  0.000000  0.035464  0.000000 -0.001791  0.000000 ) 
 (  0.013211  0.000000  0.085141  0.000000 -0.002019  0.000000 ) 
 (  0.028756  0.000000 -0.378039  0.000000 -0.001015  0.000000 ) 
 ( -0.025918  0.000000  0.370030  0.000000 -0.000401  0.000000 ) 
 (  0.059348  0.000000 -0.041753  0.000000 -0.002231  0.000000 ) 
 ( -0.031647  0.000000  0.005868  0.000000 -0.002359  0.000000 ) 
 ( -0.078574  0.000000 -0.107453  0.000000  0.000769  0.000000 ) 
 (  0.093244  0.000000  0.115130  0.000000  0.000029  0.000000 ) 
 (  0.070899  0.000000  0.035013  0.000000 -0.000390  0.000000 ) 
 (  0.021092  0.000000  0.047614  0.000000  0.031646  0.000000 ) 
 ( -0.281277  0.000000  0.257270  0.000000 -0.101875  0.000000 ) 
 (  0.289307  0.000000 -0.255239  0.000000 -0.096836  0.000000 ) 
 (  0.019019  0.000000  0.049965  0.000000 -0.032869  0.000000 ) 
 (  0.072689  0.000000  0.032885  0.000000 -0.000718  0.000000 ) 
 (  0.288741  0.000000 -0.255570  0.000000  0.097003  0.000000 ) 
 ( -0.280089  0.000000  0.258324  0.000000  0.102418  0.000000 ) 
     freq (   34) =      30.832629 [THz] =    1028.465808 [cm-1]
 (  0.000911  0.000000  0.000635  0.000000 -0.000001  0.000000 ) 
 (  0.000147  0.000000 -0.000102  0.000000 -0.000007  0.000000 ) 
 (  0.053543  0.000000  0.069810  0.000000  0.000283  0.000000 ) 
 (  0.055871  0.000000  0.067557  0.000000 -0.000110  0.000000 ) 
 (  0.016038  0.000000 -0.004086  0.000000  0.000505  0.000000 ) 
 ( -0.001602  0.000000  0.018061  0.000000 -0.000568  0.000000 ) 
 ( -0.028756  0.000000 -0.378039  0.000000 -0.001015  0.000000 ) 
 ( -0.025918  0.000000 -0.370030  0.000000  0.000401  0.000000 ) 
 ( -0.004396  0.000000 -0.035464  0.000000  0.001791  0.000000 ) 
 ( -0.013211  0.000000  0.085141  0.000000 -0.002019  0.000000 ) 
 ( -0.078574  0.000000  0.107453  0.000000 -0.000769  0.000000 ) 
 ( -0.093244  0.000000  0.115130  0.000000  0.000029  0.000000 ) 
 ( -0.059348  0.000000 -0.041753  0.000000 -0.002231  0.000000 ) 
 ( -0.031647  0.000000 -0.005868  0.000000  0.002359  0.000000 ) 
 ( -0.281277  0.000000 -0.257270  0.000000  0.101875  0.000000 ) 
 ( -0.289307  0.000000 -0.255239  0.000000 -0.096836  0.000000 ) 
 ( -0.070899  0.000000  0.035013  0.000000 -0.000390  0.000000 ) 
 (  0.021092  0.000000 -0.047614  0.000000 -0.031646  0.000000 ) 
 ( -0.288741  0.000000 -0.255570  0.000000  0.097003  0.000000 ) 
 ( -0.280089  0.000000 -0.258324  0.000000 -0.102418  0.000000 ) 
 (  0.019019  0.000000 -0.049965  0.000000  0.032869  0.000000 ) 
 ( -0.072689  0.000000  0.032885  0.000000 -0.000718  0.000000 ) 
     freq (   35) =      31.878449 [THz] =    1063.350596 [cm-1]
 ( -0.000499  0.000000 -0.000294  0.000000  0.000002  0.000000 ) 
 ( -0.000057  0.000000  0.000034  0.000000  0.000015 -0.000000 ) 
 ( -0.055447  0.000000  0.043008  0.000000 -0.000664  0.000000 ) 
 ( -0.044497  0.000000  0.030828 -0.000000  0.000527 -0.000000 ) 
 (  0.041842 -0.000000  0.048691 -0.000000 -0.000524  0.000000 ) 
 (  0.053340 -0.000000  0.057186 -0.000000  0.000661 -0.000000 ) 
 ( -0.065890  0.000000 -0.154876  0.000000  0.003493 -0.000000 ) 
 ( -0.049568  0.000000 -0.103266  0.000000 -0.002801  0.000000 ) 
 ( -0.064295  0.000000  0.209458 -0.000000 -0.002645  0.000000 ) 
 ( -0.077577  0.000000  0.239155 -0.000000  0.003369 -0.000000 ) 
 (  0.309026 -0.000000 -0.167533  0.000000  0.002972 -0.000000 ) 
 (  0.239691 -0.000000 -0.132317  0.000000 -0.002526  0.000000 ) 
 ( -0.269779  0.000000 -0.135807  0.000000  0.001622 -0.000000 ) 
 ( -0.332905  0.000000 -0.170303  0.000000 -0.002254  0.000000 ) 
 (  0.195027 -0.000000 -0.065269  0.000000  0.126591  0.000000 ) 
 (  0.160788 -0.000000 -0.041063  0.000000 -0.094059  0.000000 ) 
 ( -0.128341  0.000000 -0.099086  0.000000  0.128698 -0.000000 ) 
 ( -0.169275  0.000000 -0.111319  0.000000 -0.154082  0.000000 ) 
 (  0.159476 -0.000000 -0.039065  0.000000  0.093054 -0.000000 ) 
 (  0.193215 -0.000000 -0.062733  0.000000 -0.125304  0.000000 ) 
 ( -0.166924  0.000000 -0.108718  0.000000  0.152726 -0.000000 ) 
 ( -0.126350  0.000000 -0.097007  0.000000 -0.127606  0.000000 ) 
     freq (   36) =      31.878449 [THz] =    1063.350596 [cm-1]
 (  0.000057  0.000000  0.000034  0.000000  0.000015  0.000000 ) 
 ( -0.000499  0.000000  0.000294  0.000000 -0.000002  0.000000 ) 
 ( -0.041842  0.000000  0.048691  0.000000 -0.000524  0.000000 ) 
 (  0.053340  0.000000 -0.057186  0.000000 -0.000661  0.000000 ) 
 ( -0.055447  0.000000 -0.043008  0.000000  0.000664  0.000000 ) 
 (  0.044497  0.000000  0.030828  0.000000  0.000527  0.000000 ) 
 ( -0.064295  0.000000 -0.209458  0.000000  0.002645  0.000000 ) 
 (  0.077577  0.000000  0.239155  0.000000  0.003369  0.000000 ) 
 (  0.065890  0.000000 -0.154876  0.000000  0.003493  0.000000 ) 
 ( -0.049568  0.000000  0.103266  0.000000  0.002801  0.000000 ) 
 (  0.269779  0.000000 -0.135807  0.000000  0.001622  0.000000 ) 
 ( -0.332905  0.000000  0.170303  0.000000  0.002254  0.000000 ) 
 (  0.309026  0.000000  0.167533  0.000000 -0.002972  0.000000 ) 
 ( -0.239691  0.000000 -0.132317  0.000000 -0.002526  0.000000 ) 
 (  0.128341  0.000000 -0.099086  0.000000  0.128698  0.000000 ) 
 ( -0.169275  0.000000  0.111319  0.000000  0.154082  0.000000 ) 
 (  0.195027  0.000000  0.065269  0.000000 -0.126591  0.000000 ) 
 ( -0.160788  0.000000 -0.041063  0.000000 -0.094059  0.000000 ) 
 ( -0.166924  0.000000  0.108718  0.000000 -0.152726  0.000000 ) 
 (  0.126350  0.000000 -0.097007  0.000000 -0.127606  0.000000 ) 
 ( -0.159476  0.000000 -0.039065  0.000000  0.093054  0.000000 ) 
 (  0.193215  0.000000  0.062733  0.000000  0.125304  0.000000 ) 
     freq (   37) =      32.151746 [THz] =    1072.466806 [cm-1]
 (  0.000370  0.000000 -0.000154  0.000000  0.000001  0.000000 ) 
 (  0.000343  0.000000  0.000143  0.000000  0.000002  0.000000 ) 
 (  0.006540  0.000000 -0.009027  0.000000  0.004934  0.000000 ) 
 (  0.062454  0.000000 -0.065858  0.000000 -0.000009  0.000000 ) 
 (  0.062137  0.000000  0.065361  0.000000  0.000367  0.000000 ) 
 ( -0.001805  0.000000 -0.004040  0.000000 -0.004947  0.000000 ) 
 (  0.011993  0.000000  0.036898  0.000000 -0.019405  0.000000 ) 
 (  0.094189  0.000000  0.286927  0.000000 -0.000398  0.000000 ) 
 ( -0.093548  0.000000  0.284948  0.000000  0.001876  0.000000 ) 
 (  0.004857  0.000000 -0.015162  0.000000 -0.019491  0.000000 ) 
 ( -0.048524  0.000000  0.024456  0.000000 -0.025944  0.000000 ) 
 ( -0.405312  0.000000  0.206959  0.000000 -0.000104  0.000000 ) 
 ( -0.402791  0.000000 -0.205697  0.000000 -0.002079  0.000000 ) 
 (  0.017809  0.000000  0.008771  0.000000  0.026027  0.000000 ) 
 ( -0.025254  0.000000  0.023718  0.000000 -0.024944  0.000000 ) 
 ( -0.208607  0.000000  0.131230  0.000000  0.186073  0.000000 ) 
 ( -0.207289  0.000000 -0.129804  0.000000  0.184712  0.000000 ) 
 (  0.009446  0.000000  0.013797  0.000000  0.010851  0.000000 ) 
 ( -0.209651  0.000000  0.131131  0.000000 -0.186292  0.000000 ) 
 ( -0.016601  0.000000  0.000452  0.000000  0.014835  0.000000 ) 
 (  0.000689  0.000000 -0.009529  0.000000 -0.000696  0.000000 ) 
 ( -0.208994  0.000000 -0.131476  0.000000 -0.185702  0.000000 ) 
     freq (   38) =      32.151746 [THz] =    1072.466806 [cm-1]
 (  0.000343  0.000000 -0.000143  0.000000 -0.000002  0.000000 ) 
 ( -0.000370  0.000000 -0.000154  0.000000  0.000001  0.000000 ) 
 (  0.062137  0.000000 -0.065361  0.000000 -0.000367  0.000000 ) 
 (  0.001805  0.000000 -0.004040  0.000000 -0.004947  0.000000 ) 
 ( -0.006540  0.000000 -0.009027  0.000000  0.004934  0.000000 ) 
 (  0.062454  0.000000  0.065858  0.000000  0.000009  0.000000 ) 
 (  0.093548  0.000000  0.284948  0.000000  0.001876  0.000000 ) 
 (  0.004857  0.000000  0.015162  0.000000  0.019491  0.000000 ) 
 (  0.011993  0.000000 -0.036898  0.000000  0.019405  0.000000 ) 
 ( -0.094189  0.000000  0.286927  0.000000 -0.000398  0.000000 ) 
 ( -0.402791  0.000000  0.205697  0.000000  0.002079  0.000000 ) 
 ( -0.017809  0.000000  0.008771  0.000000  0.026027  0.000000 ) 
 (  0.048524  0.000000  0.024456  0.000000 -0.025944  0.000000 ) 
 ( -0.405312  0.000000 -0.206959  0.000000  0.000104  0.000000 ) 
 ( -0.207289  0.000000  0.129804  0.000000 -0.184712  0.000000 ) 
 ( -0.009446  0.000000  0.013797  0.000000  0.010851  0.000000 ) 
 (  0.025254  0.000000  0.023718  0.000000 -0.024944  0.000000 ) 
 ( -0.208607  0.000000 -0.131230  0.000000 -0.186073  0.000000 ) 
 ( -0.000689  0.000000 -0.009529  0.000000 -0.000696  0.000000 ) 
 ( -0.208994  0.000000  0.131476  0.000000  0.185702  0.000000 ) 
 ( -0.209651  0.000000 -0.131131  0.000000  0.186292  0.000000 ) 
 (  0.016601  0.000000  0.000452  0.000000  0.014835  0.000000 ) 
     freq (   39) =      32.225243 [THz] =    1074.918391 [cm-1]
 ( -0.000007  0.000000  0.000018  0.000000 -0.000123  0.000000 ) 
 ( -0.000002  0.000000 -0.000006  0.000000 -0.000366  0.000000 ) 
 ( -0.002086  0.000000  0.001911  0.000000  0.091660  0.000000 ) 
 ( -0.003080  0.000000  0.002967  0.000000 -0.068089  0.000000 ) 
 ( -0.002346  0.000000 -0.002390  0.000000  0.008132  0.000000 ) 
 ( -0.000607  0.000000 -0.000748  0.000000 -0.061901  0.000000 ) 
 ( -0.002765  0.000000 -0.008114  0.000000 -0.371107  0.000000 ) 
 ( -0.004403  0.000000 -0.013012  0.000000  0.276665  0.000000 ) 
 (  0.003640  0.000000 -0.010832  0.000000  0.031281  0.000000 ) 
 (  0.001227  0.000000 -0.003721  0.000000 -0.249310  0.000000 ) 
 (  0.013955  0.000000 -0.007596  0.000000 -0.476861  0.000000 ) 
 (  0.020850  0.000000 -0.010997  0.000000  0.351791  0.000000 ) 
 (  0.016101  0.000000  0.008181  0.000000 -0.046338  0.000000 ) 
 (  0.004386  0.000000  0.001923  0.000000  0.325249  0.000000 ) 
 ( -0.065521  0.000000  0.213316  0.000000 -0.087008  0.000000 ) 
 ( -0.042460  0.000000  0.155421  0.000000  0.060236  0.000000 ) 
 (  0.016085  0.000000  0.023949  0.000000 -0.014990  0.000000 ) 
 (  0.052429  0.000000  0.148060  0.000000  0.064550  0.000000 ) 
 (  0.065328  0.000000 -0.165078  0.000000  0.076921  0.000000 ) 
 (  0.081396  0.000000 -0.218354  0.000000 -0.097686  0.000000 ) 
 ( -0.048561  0.000000 -0.143671  0.000000  0.060233  0.000000 ) 
 (  0.000824  0.000000 -0.014614  0.000000 -0.001463  0.000000 ) 
     freq (   40) =      32.225243 [THz] =    1074.918391 [cm-1]
 (  0.000002  0.000000 -0.000006  0.000000 -0.000366  0.000000 ) 
 ( -0.000007  0.000000 -0.000018  0.000000  0.000123  0.000000 ) 
 (  0.002346  0.000000 -0.002390  0.000000  0.008132  0.000000 ) 
 ( -0.000607  0.000000  0.000748  0.000000  0.061901  0.000000 ) 
 ( -0.002086  0.000000 -0.001911  0.000000 -0.091660  0.000000 ) 
 (  0.003080  0.000000  0.002967  0.000000 -0.068089  0.000000 ) 
 (  0.003640  0.000000  0.010832  0.000000 -0.031281  0.000000 ) 
 ( -0.001227  0.000000 -0.003721  0.000000 -0.249310  0.000000 ) 
 (  0.002765  0.000000 -0.008114  0.000000 -0.371107  0.000000 ) 
 ( -0.004403  0.000000  0.013012  0.000000 -0.276665  0.000000 ) 
 ( -0.016101  0.000000  0.008181  0.000000 -0.046338  0.000000 ) 
 (  0.004386  0.000000 -0.001923  0.000000 -0.325249  0.000000 ) 
 (  0.013955  0.000000  0.007596  0.000000  0.476861  0.000000 ) 
 ( -0.020850  0.000000 -0.010997  0.000000  0.351791  0.000000 ) 
 ( -0.016085  0.000000  0.023949  0.000000 -0.014990  0.000000 ) 
 (  0.052429  0.000000 -0.148060  0.000000 -0.064550  0.000000 ) 
 ( -0.065521  0.000000 -0.213316  0.000000  0.087008  0.000000 ) 
 (  0.042460  0.000000  0.155421  0.000000  0.060236  0.000000 ) 
 ( -0.048561  0.000000  0.143671  0.000000 -0.060233  0.000000 ) 
 ( -0.000824  0.000000 -0.014614  0.000000 -0.001463  0.000000 ) 
 ( -0.065328  0.000000 -0.165078  0.000000  0.076921  0.000000 ) 
 (  0.081396  0.000000  0.218354  0.000000  0.097686  0.000000 ) 
     freq (   41) =      32.418960 [THz] =    1081.380100 [cm-1]
 (  0.000003 -0.000000  0.000009 -0.000000  0.000014  0.000000 ) 
 ( -0.000000  0.000000  0.000001  0.000000 -0.000207  0.000000 ) 
 (  0.001291 -0.000000 -0.000889  0.000000  0.044121  0.000000 ) 
 (  0.001204 -0.000000 -0.000806  0.000000 -0.032629  0.000000 ) 
 (  0.000555  0.000000  0.000553  0.000000 -0.082040  0.000000 ) 
 (  0.000725  0.000000  0.000668 -0.000000  0.087250 -0.000000 ) 
 (  0.001702 -0.000000  0.003991 -0.000000 -0.178401  0.000000 ) 
 (  0.001556  0.000000  0.003491  0.000000  0.131710  0.000000 ) 
 ( -0.000962  0.000000  0.003427  0.000000 -0.333394  0.000000 ) 
 ( -0.001183  0.000000  0.003935 -0.000000  0.354445 -0.000000 ) 
 ( -0.008489  0.000000  0.004694 -0.000000 -0.218486  0.000000 ) 
 ( -0.007738  0.000000  0.004308  0.000000  0.159732  0.000000 ) 
 ( -0.004978  0.000000 -0.002538  0.000000  0.419935 -0.000000 ) 
 ( -0.006079  0.000000 -0.003149  0.000000 -0.445609  0.000000 ) 
 ( -0.043524  0.000000  0.101214  0.000000 -0.044745  0.000000 ) 
 ( -0.033585  0.000000  0.073992  0.000000  0.032888  0.000000 ) 
 ( -0.070591  0.000000 -0.194561  0.000000  0.084703 -0.000000 ) 
 ( -0.075825  0.000000 -0.206454  0.000000 -0.089973  0.000000 ) 
 (  0.023651  0.000000 -0.071995  0.000000  0.027558  0.000000 ) 
 (  0.032767  0.000000 -0.098823  0.000000 -0.038855  0.000000 ) 
 (  0.069066 -0.000000  0.203408 -0.000000 -0.085460  0.000000 ) 
 (  0.065236 -0.000000  0.191813 -0.000000  0.080952 -0.000000 ) 
     freq (   42) =      32.418960 [THz] =    1081.380100 [cm-1]
 (  0.000000  0.000000  0.000001  0.000000 -0.000207  0.000000 ) 
 (  0.000003 -0.000000 -0.000009  0.000000 -0.000014  0.000000 ) 
 ( -0.000555  0.000000  0.000553  0.000000 -0.082040  0.000000 ) 
 (  0.000725  0.000000 -0.000668  0.000000 -0.087250  0.000000 ) 
 (  0.001291 -0.000000  0.000889 -0.000000 -0.044121  0.000000 ) 
 ( -0.001204  0.000000 -0.000806  0.000000 -0.032629  0.000000 ) 
 ( -0.000962  0.000000 -0.003427  0.000000  0.333394 -0.000000 ) 
 (  0.001183 -0.000000  0.003935 -0.000000  0.354445 -0.000000 ) 
 ( -0.001702  0.000000  0.003991 -0.000000 -0.178401  0.000000 ) 
 (  0.001556  0.000000 -0.003491  0.000000 -0.131710  0.000000 ) 
 (  0.004978  0.000000 -0.002538  0.000000  0.419935 -0.000000 ) 
 ( -0.006079  0.000000  0.003149 -0.000000  0.445609 -0.000000 ) 
 ( -0.008489  0.000000 -0.004694  0.000000  0.218486  0.000000 ) 
 (  0.007738  0.000000  0.004308  0.000000  0.159732  0.000000 ) 
 (  0.070591 -0.000000 -0.194561  0.000000  0.084703 -0.000000 ) 
 ( -0.075825  0.000000  0.206454 -0.000000  0.089973 -0.000000 ) 
 ( -0.043524  0.000000 -0.101214  0.000000  0.044745  0.000000 ) 
 (  0.033585  0.000000  0.073992  0.000000  0.032888  0.000000 ) 
 (  0.069066 -0.000000 -0.203408  0.000000  0.085460 -0.000000 ) 
 ( -0.065236  0.000000  0.191813 -0.000000  0.080952 -0.000000 ) 
 ( -0.023651  0.000000 -0.071995  0.000000  0.027558  0.000000 ) 
 (  0.032767  0.000000  0.098823  0.000000  0.038855  0.000000 ) 
     freq (   43) =      35.894069 [THz] =    1197.297257 [cm-1]
 (  0.000007  0.000000  0.000007  0.000000  0.000025  0.000000 ) 
 (  0.000041  0.000000 -0.000036  0.000000  0.000005  0.000000 ) 
 ( -0.000003  0.000000  0.000031  0.000000  0.006794  0.000000 ) 
 (  0.000084  0.000000 -0.000038  0.000000  0.005615  0.000000 ) 
 (  0.000234  0.000000  0.000028  0.000000 -0.002169  0.000000 ) 
 ( -0.000218  0.000000 -0.000015  0.000000 -0.004397  0.000000 ) 
 ( -0.000367  0.000000 -0.001309  0.000000 -0.398955  0.000000 ) 
 (  0.000151  0.000000 -0.000863  0.000000 -0.343984  0.000000 ) 
 (  0.000558  0.000000 -0.006007  0.000000 -0.086380  0.000000 ) 
 ( -0.000651  0.000000  0.006087  0.000000 -0.219776  0.000000 ) 
 (  0.001111  0.000000 -0.000445  0.000000  0.326892  0.000000 ) 
 (  0.000899  0.000000 -0.000774  0.000000  0.282332  0.000000 ) 
 (  0.005579  0.000000  0.003425  0.000000 -0.069393  0.000000 ) 
 ( -0.005618  0.000000 -0.003365  0.000000 -0.178780  0.000000 ) 
 ( -0.306021  0.000000 -0.110030  0.000000 -0.013474  0.000000 ) 
 (  0.263359  0.000000  0.097436  0.000000 -0.009982  0.000000 ) 
 ( -0.067683  0.000000  0.016444  0.000000  0.007618  0.000000 ) 
 (  0.169916  0.000000 -0.053695  0.000000  0.011829  0.000000 ) 
 ( -0.265239  0.000000 -0.093384  0.000000 -0.012659  0.000000 ) 
 (  0.306266  0.000000  0.109717  0.000000 -0.013387  0.000000 ) 
 ( -0.165555  0.000000  0.063717  0.000000  0.004364  0.000000 ) 
 (  0.062940  0.000000 -0.027250  0.000000 -0.000312  0.000000 ) 
     freq (   44) =      35.894069 [THz] =    1197.297257 [cm-1]
 ( -0.000041  0.000000 -0.000036  0.000000  0.000005  0.000000 ) 
 (  0.000007  0.000000 -0.000007  0.000000 -0.000025  0.000000 ) 
 ( -0.000234  0.000000  0.000028  0.000000 -0.002169  0.000000 ) 
 ( -0.000218  0.000000  0.000015  0.000000  0.004397  0.000000 ) 
 ( -0.000003  0.000000 -0.000031  0.000000 -0.006794  0.000000 ) 
 ( -0.000084  0.000000 -0.000038  0.000000  0.005615  0.000000 ) 
 (  0.000558  0.000000  0.006007  0.000000  0.086380  0.000000 ) 
 (  0.000651  0.000000  0.006087  0.000000 -0.219776  0.000000 ) 
 (  0.000367  0.000000 -0.001309  0.000000 -0.398955  0.000000 ) 
 (  0.000151  0.000000  0.000863  0.000000  0.343984  0.000000 ) 
 ( -0.005579  0.000000  0.003425  0.000000 -0.069393  0.000000 ) 
 ( -0.005618  0.000000  0.003365  0.000000  0.178780  0.000000 ) 
 (  0.001111  0.000000  0.000445  0.000000 -0.326892  0.000000 ) 
 ( -0.000899  0.000000 -0.000774  0.000000  0.282332  0.000000 ) 
 (  0.067683  0.000000  0.016444  0.000000  0.007618  0.000000 ) 
 (  0.169916  0.000000  0.053695  0.000000 -0.011829  0.000000 ) 
 ( -0.306021  0.000000  0.110030  0.000000  0.013474  0.000000 ) 
 ( -0.263359  0.000000  0.097436  0.000000 -0.009982  0.000000 ) 
 ( -0.165555  0.000000 -0.063717  0.000000 -0.004364  0.000000 ) 
 ( -0.062940  0.000000 -0.027250  0.000000 -0.000312  0.000000 ) 
 (  0.265239  0.000000 -0.093384  0.000000 -0.012659  0.000000 ) 
 (  0.306266  0.000000 -0.109717  0.000000  0.013387  0.000000 ) 
     freq (   45) =      35.911432 [THz] =    1197.876425 [cm-1]
 (  0.000009  0.000000 -0.000004  0.000000  0.000193  0.000000 ) 
 ( -0.000007  0.000000 -0.000003  0.000000 -0.000241  0.000000 ) 
 ( -0.000107  0.000000  0.000074  0.000000  0.005525  0.000000 ) 
 ( -0.000028  0.000000  0.000033  0.000000 -0.003368  0.000000 ) 
 (  0.000005  0.000000  0.000018  0.000000  0.002204  0.000000 ) 
 ( -0.000103  0.000000 -0.000069  0.000000  0.004903  0.000000 ) 
 (  0.000634  0.000000  0.004984  0.000000 -0.387503  0.000000 ) 
 (  0.000493  0.000000  0.002869  0.000000  0.199812  0.000000 ) 
 (  0.000362  0.000000 -0.001814  0.000000  0.117218  0.000000 ) 
 ( -0.000539  0.000000  0.004461  0.000000  0.352100  0.000000 ) 
 ( -0.003717  0.000000  0.002199  0.000000  0.324291  0.000000 ) 
 ( -0.002356  0.000000  0.001268  0.000000 -0.160191  0.000000 ) 
 (  0.001574  0.000000  0.000802  0.000000  0.090893  0.000000 ) 
 ( -0.003278  0.000000 -0.001968  0.000000  0.296252  0.000000 ) 
 ( -0.297353  0.000000 -0.114031  0.000000 -0.010206  0.000000 ) 
 ( -0.151591  0.000000 -0.057276  0.000000  0.003705  0.000000 ) 
 (  0.088168  0.000000 -0.032932  0.000000 -0.001490  0.000000 ) 
 ( -0.270578  0.000000  0.103958  0.000000 -0.009626  0.000000 ) 
 (  0.154766  0.000000  0.052396  0.000000  0.007928  0.000000 ) 
 (  0.302340  0.000000  0.107211  0.000000 -0.016036  0.000000 ) 
 (  0.274973  0.000000 -0.098068  0.000000 -0.014648  0.000000 ) 
 ( -0.090295  0.000000  0.029472  0.000000 -0.004501  0.000000 ) 
     freq (   46) =      35.911432 [THz] =    1197.876425 [cm-1]
 (  0.000007  0.000000 -0.000003  0.000000 -0.000241  0.000000 ) 
 (  0.000009  0.000000  0.000004  0.000000 -0.000193  0.000000 ) 
 ( -0.000005  0.000000  0.000018  0.000000  0.002204  0.000000 ) 
 ( -0.000103  0.000000  0.000069  0.000000 -0.004903  0.000000 ) 
 ( -0.000107  0.000000 -0.000074  0.000000 -0.005525  0.000000 ) 
 (  0.000028  0.000000  0.000033  0.000000 -0.003368  0.000000 ) 
 (  0.000362  0.000000  0.001814  0.000000 -0.117218  0.000000 ) 
 (  0.000539  0.000000  0.004461  0.000000  0.352100  0.000000 ) 
 ( -0.000634  0.000000  0.004984  0.000000 -0.387503  0.000000 ) 
 (  0.000493  0.000000 -0.002869  0.000000 -0.199812  0.000000 ) 
 ( -0.001574  0.000000  0.000802  0.000000  0.090893  0.000000 ) 
 ( -0.003278  0.000000  0.001968  0.000000 -0.296252  0.000000 ) 
 ( -0.003717  0.000000 -0.002199  0.000000 -0.324291  0.000000 ) 
 (  0.002356  0.000000  0.001268  0.000000 -0.160191  0.000000 ) 
 ( -0.088168  0.000000 -0.032932  0.000000 -0.001490  0.000000 ) 
 ( -0.270578  0.000000 -0.103958  0.000000  0.009626  0.000000 ) 
 ( -0.297353  0.000000  0.114031  0.000000  0.010206  0.000000 ) 
 (  0.151591  0.000000 -0.057276  0.000000  0.003705  0.000000 ) 
 (  0.274973  0.000000  0.098068  0.000000  0.014648  0.000000 ) 
 (  0.090295  0.000000  0.029472  0.000000 -0.004501  0.000000 ) 
 ( -0.154766  0.000000  0.052396  0.000000  0.007928  0.000000 ) 
 (  0.302340  0.000000 -0.107211  0.000000  0.016036  0.000000 ) 
     freq (   47) =      36.142347 [THz] =    1205.578915 [cm-1]
 ( -0.000109  0.000000  0.000067  0.000000  0.000007  0.000000 ) 
 ( -0.000150  0.000000 -0.000093  0.000000  0.000005  0.000000 ) 
 ( -0.003619  0.000000  0.001787  0.000000  0.000181  0.000000 ) 
 ( -0.004390  0.000000  0.003462  0.000000  0.000185  0.000000 ) 
 ( -0.005784  0.000000 -0.004217  0.000000  0.000136  0.000000 ) 
 (  0.005223  0.000000  0.002998  0.000000 -0.000130  0.000000 ) 
 (  0.023495  0.000000  0.171878  0.000000 -0.006772  0.000000 ) 
 (  0.025236  0.000000  0.209014  0.000000 -0.009438  0.000000 ) 
 ( -0.034121  0.000000  0.275259  0.000000  0.007730  0.000000 ) 
 (  0.032855  0.000000 -0.248239  0.000000 -0.004065  0.000000 ) 
 ( -0.138451  0.000000  0.079434  0.000000  0.004561  0.000000 ) 
 ( -0.167193  0.000000  0.096049  0.000000  0.007741  0.000000 ) 
 ( -0.220496  0.000000 -0.126637  0.000000  0.006660  0.000000 ) 
 (  0.199583  0.000000  0.114548  0.000000 -0.002290  0.000000 ) 
 (  0.082245  0.000000 -0.138302  0.000000  0.113738  0.000000 ) 
 (  0.120533  0.000000 -0.174673  0.000000 -0.148042  0.000000 ) 
 (  0.153278  0.000000  0.228309  0.000000 -0.192375  0.000000 ) 
 ( -0.125420  0.000000 -0.201846  0.000000 -0.167416  0.000000 ) 
 (  0.106733  0.000000 -0.179770  0.000000  0.147477  0.000000 ) 
 (  0.091270  0.000000 -0.135874  0.000000 -0.114669  0.000000 ) 
 ( -0.130442  0.000000 -0.200942  0.000000  0.168212  0.000000 ) 
 (  0.141693  0.000000  0.232880  0.000000  0.192082  0.000000 ) 
     freq (   48) =      36.142347 [THz] =    1205.578915 [cm-1]
 (  0.000150  0.000000 -0.000093  0.000000  0.000005  0.000000 ) 
 ( -0.000109  0.000000 -0.000067  0.000000 -0.000007  0.000000 ) 
 (  0.005784  0.000000 -0.004217  0.000000  0.000136  0.000000 ) 
 (  0.005223  0.000000 -0.002998  0.000000  0.000130  0.000000 ) 
 ( -0.003619  0.000000 -0.001787  0.000000 -0.000181  0.000000 ) 
 (  0.004390  0.000000  0.003462  0.000000  0.000185  0.000000 ) 
 ( -0.034121  0.000000 -0.275259  0.000000 -0.007730  0.000000 ) 
 ( -0.032855  0.000000 -0.248239  0.000000 -0.004065  0.000000 ) 
 ( -0.023495  0.000000  0.171878  0.000000 -0.006772  0.000000 ) 
 (  0.025236  0.000000 -0.209014  0.000000  0.009438  0.000000 ) 
 (  0.220496  0.000000 -0.126637  0.000000  0.006660  0.000000 ) 
 (  0.199583  0.000000 -0.114548  0.000000  0.002290  0.000000 ) 
 ( -0.138451  0.000000 -0.079434  0.000000 -0.004561  0.000000 ) 
 (  0.167193  0.000000  0.096049  0.000000  0.007741  0.000000 ) 
 ( -0.153278  0.000000  0.228309  0.000000 -0.192375  0.000000 ) 
 ( -0.125420  0.000000  0.201846  0.000000  0.167416  0.000000 ) 
 (  0.082245  0.000000  0.138302  0.000000 -0.113738  0.000000 ) 
 ( -0.120533  0.000000 -0.174673  0.000000 -0.148042  0.000000 ) 
 ( -0.130442  0.000000  0.200942  0.000000 -0.168212  0.000000 ) 
 ( -0.141693  0.000000  0.232880  0.000000  0.192082  0.000000 ) 
 ( -0.106733  0.000000 -0.179770  0.000000  0.147477  0.000000 ) 
 (  0.091270  0.000000  0.135874  0.000000  0.114669  0.000000 ) 
     freq (   49) =      36.403348 [THz] =    1214.284999 [cm-1]
 (  0.000006  0.000000  0.000002  0.000000 -0.000008  0.000000 ) 
 (  0.000569  0.000000 -0.000159  0.000000 -0.000000  0.000000 ) 
 ( -0.006229  0.000000  0.003416  0.000000 -0.000018  0.000000 ) 
 (  0.006218  0.000000 -0.003391  0.000000 -0.000018  0.000000 ) 
 ( -0.000510  0.000000 -0.001259  0.000000 -0.000007  0.000000 ) 
 (  0.000632  0.000000  0.001326  0.000000 -0.000006  0.000000 ) 
 (  0.040403  0.000000  0.323320  0.000000  0.000739  0.000000 ) 
 ( -0.040338  0.000000 -0.322839  0.000000  0.000757  0.000000 ) 
 ( -0.002905  0.000000  0.021426  0.000000 -0.000884  0.000000 ) 
 (  0.003695  0.000000 -0.027752  0.000000 -0.000869  0.000000 ) 
 ( -0.259853  0.000000  0.150026  0.000000 -0.000066  0.000000 ) 
 (  0.259488  0.000000 -0.149798  0.000000 -0.000082  0.000000 ) 
 ( -0.016126  0.000000 -0.010167  0.000000 -0.000806  0.000000 ) 
 (  0.021210  0.000000  0.013102  0.000000 -0.000805  0.000000 ) 
 (  0.171080  0.000000 -0.267281  0.000000  0.223685  0.000000 ) 
 ( -0.170819  0.000000  0.266796  0.000000  0.223280  0.000000 ) 
 (  0.011654  0.000000  0.022192  0.000000 -0.018522  0.000000 ) 
 ( -0.015001  0.000000 -0.027420  0.000000 -0.022897  0.000000 ) 
 ( -0.169731  0.000000  0.266814  0.000000 -0.222901  0.000000 ) 
 (  0.170019  0.000000 -0.267288  0.000000 -0.223308  0.000000 ) 
 ( -0.016351  0.000000 -0.026867  0.000000  0.022982  0.000000 ) 
 (  0.013026  0.000000  0.021638  0.000000  0.018614  0.000000 ) 
     freq (   50) =      36.403348 [THz] =    1214.284999 [cm-1]
 ( -0.000569  0.000000 -0.000159  0.000000 -0.000000  0.000000 ) 
 (  0.000006  0.000000 -0.000002  0.000000  0.000008  0.000000 ) 
 (  0.000510  0.000000 -0.001259  0.000000 -0.000007  0.000000 ) 
 (  0.000632  0.000000 -0.001326  0.000000  0.000006  0.000000 ) 
 ( -0.006229  0.000000 -0.003416  0.000000  0.000018  0.000000 ) 
 ( -0.006218  0.000000 -0.003391  0.000000 -0.000018  0.000000 ) 
 ( -0.002905  0.000000 -0.021426  0.000000  0.000884  0.000000 ) 
 ( -0.003695  0.000000 -0.027752  0.000000 -0.000869  0.000000 ) 
 ( -0.040403  0.000000  0.323320  0.000000  0.000739  0.000000 ) 
 ( -0.040338  0.000000  0.322839  0.000000 -0.000757  0.000000 ) 
 (  0.016126  0.000000 -0.010167  0.000000 -0.000806  0.000000 ) 
 (  0.021210  0.000000 -0.013102  0.000000  0.000805  0.000000 ) 
 ( -0.259853  0.000000 -0.150026  0.000000  0.000066  0.000000 ) 
 ( -0.259488  0.000000 -0.149798  0.000000 -0.000082  0.000000 ) 
 ( -0.011654  0.000000  0.022192  0.000000 -0.018522  0.000000 ) 
 ( -0.015001  0.000000  0.027420  0.000000  0.022897  0.000000 ) 
 (  0.171080  0.000000  0.267281  0.000000 -0.223685  0.000000 ) 
 (  0.170819  0.000000  0.266796  0.000000  0.223280  0.000000 ) 
 ( -0.016351  0.000000  0.026867  0.000000 -0.022982  0.000000 ) 
 ( -0.013026  0.000000  0.021638  0.000000  0.018614  0.000000 ) 
 (  0.169731  0.000000  0.266814  0.000000 -0.222901  0.000000 ) 
 (  0.170019  0.000000  0.267288  0.000000  0.223308  0.000000 ) 
     freq (   51) =      68.309094 [THz] =    2278.546128 [cm-1]
 (  0.000031  0.000000  0.000113  0.000000 -0.000000  0.000000 ) 
 ( -0.000027  0.000000  0.000100  0.000000  0.000000  0.000000 ) 
 (  0.004797  0.000000  0.014078  0.000000  0.000068  0.000000 ) 
 (  0.000103  0.000000  0.003543  0.000000 -0.000144  0.000000 ) 
 (  0.000467  0.000000  0.001892  0.000000  0.000137  0.000000 ) 
 (  0.004819  0.000000 -0.013756  0.000000  0.000052  0.000000 ) 
 (  0.313439  0.000000 -0.040975  0.000000 -0.000275  0.000000 ) 
 (  0.052754  0.000000 -0.006386  0.000000 -0.000254  0.000000 ) 
 (  0.015808  0.000000  0.001552  0.000000 -0.000288  0.000000 ) 
 ( -0.309372  0.000000 -0.040504  0.000000  0.000307  0.000000 ) 
 ( -0.239357  0.000000 -0.424636  0.000000  0.000320  0.000000 ) 
 ( -0.037790  0.000000 -0.066093  0.000000  0.000408  0.000000 ) 
 (  0.009558  0.000000 -0.016002  0.000000 -0.000449  0.000000 ) 
 ( -0.236548  0.000000  0.419766  0.000000  0.000371  0.000000 ) 
 ( -0.065273  0.000000  0.148940  0.000000  0.232375  0.000000 ) 
 ( -0.007162  0.000000  0.017856  0.000000 -0.026608  0.000000 ) 
 ( -0.000559  0.000000  0.000249  0.000000 -0.000871  0.000000 ) 
 ( -0.064882  0.000000 -0.147866  0.000000  0.230848  0.000000 ) 
 ( -0.007793  0.000000  0.018887  0.000000  0.027598  0.000000 ) 
 ( -0.065798  0.000000  0.149594  0.000000 -0.233436  0.000000 ) 
 ( -0.065335  0.000000 -0.148402  0.000000 -0.231798  0.000000 ) 
 (  0.000014  0.000000  0.001210  0.000000 -0.000000  0.000000 ) 
     freq (   52) =      68.309094 [THz] =    2278.546128 [cm-1]
 (  0.000027  0.000000  0.000100 -0.000000  0.000000 -0.000000 ) 
 (  0.000031 -0.000000 -0.000113  0.000000  0.000000  0.000000 ) 
 ( -0.000467  0.000000  0.001892 -0.000000  0.000137 -0.000000 ) 
 (  0.004819 -0.000000  0.013756 -0.000000 -0.000052  0.000000 ) 
 (  0.004797  0.000000 -0.014078  0.000000 -0.000068  0.000000 ) 
 ( -0.000103  0.000000  0.003543 -0.000000 -0.000144  0.000000 ) 
 (  0.015808 -0.000000 -0.001552  0.000000  0.000288 -0.000000 ) 
 (  0.309372 -0.000000 -0.040504  0.000000  0.000307  0.000000 ) 
 ( -0.313439  0.000000 -0.040975  0.000000 -0.000275  0.000000 ) 
 (  0.052754 -0.000000  0.006386 -0.000000  0.000254  0.000000 ) 
 ( -0.009558  0.000000 -0.016002  0.000000 -0.000449  0.000000 ) 
 ( -0.236548  0.000000 -0.419766  0.000000 -0.000371  0.000000 ) 
 ( -0.239357  0.000000  0.424636  0.000000 -0.000320  0.000000 ) 
 (  0.037790 -0.000000 -0.066093  0.000000  0.000408 -0.000000 ) 
 (  0.000559  0.000000  0.000249 -0.000000 -0.000871  0.000000 ) 
 ( -0.064882  0.000000  0.147866 -0.000000 -0.230848  0.000000 ) 
 ( -0.065273  0.000000 -0.148940  0.000000 -0.232375  0.000000 ) 
 (  0.007162 -0.000000  0.017856 -0.000000 -0.026608  0.000000 ) 
 ( -0.065335  0.000000  0.148402 -0.000000  0.231798 -0.000000 ) 
 ( -0.000014  0.000000  0.001210 -0.000000 -0.000000  0.000000 ) 
 (  0.007793 -0.000000  0.018887 -0.000000  0.027598 -0.000000 ) 
 ( -0.065798  0.000000 -0.149594  0.000000  0.233436  0.000000 ) 
     freq (   53) =      68.450157 [THz] =    2283.251454 [cm-1]
 (  0.000066  0.000000 -0.000036  0.000000  0.000000  0.000000 ) 
 (  0.000086  0.000000  0.000048  0.000000  0.000000  0.000000 ) 
 ( -0.005262  0.000000 -0.018107  0.000000  0.000347  0.000000 ) 
 (  0.001273  0.000000  0.001846  0.000000  0.000159  0.000000 ) 
 ( -0.000118  0.000000  0.003036  0.000000  0.000070  0.000000 ) 
 (  0.005107  0.000000 -0.018266  0.000000 -0.000316  0.000000 ) 
 ( -0.307258  0.000000  0.037752  0.000000 -0.000091  0.000000 ) 
 (  0.068973  0.000000 -0.008777  0.000000  0.000147  0.000000 ) 
 (  0.012479  0.000000  0.001220  0.000000 -0.000177  0.000000 ) 
 ( -0.299676  0.000000 -0.036738  0.000000 -0.000134  0.000000 ) 
 (  0.253411  0.000000  0.447952  0.000000  0.000035  0.000000 ) 
 ( -0.049111  0.000000 -0.088030  0.000000  0.000128  0.000000 ) 
 (  0.018352  0.000000 -0.031178  0.000000  0.000123  0.000000 ) 
 ( -0.249284  0.000000  0.440322  0.000000 -0.000002  0.000000 ) 
 (  0.060010  0.000000 -0.140786  0.000000 -0.215296  0.000000 ) 
 ( -0.014718  0.000000  0.036619  0.000000 -0.057229  0.000000 ) 
 (  0.001144  0.000000  0.000518  0.000000 -0.000481  0.000000 ) 
 ( -0.058189  0.000000 -0.135941  0.000000  0.207552  0.000000 ) 
 ( -0.014073  0.000000  0.036020  0.000000  0.055828  0.000000 ) 
 (  0.058991  0.000000 -0.139150  0.000000  0.211745  0.000000 ) 
 ( -0.057308  0.000000 -0.134409  0.000000 -0.204253  0.000000 ) 
 (  0.001534  0.000000  0.000692  0.000000 -0.000000  0.000000 ) 
     freq (   54) =      68.450157 [THz] =    2283.251454 [cm-1]
 (  0.000086 -0.000000 -0.000048  0.000000 -0.000000  0.000000 ) 
 ( -0.000066  0.000000 -0.000036  0.000000  0.000000 -0.000000 ) 
 ( -0.000118  0.000000 -0.003036  0.000000 -0.000070  0.000000 ) 
 ( -0.005107  0.000000 -0.018266  0.000000 -0.000316  0.000000 ) 
 (  0.005262 -0.000000 -0.018107  0.000000  0.000347 -0.000000 ) 
 (  0.001273 -0.000000 -0.001846  0.000000 -0.000159  0.000000 ) 
 ( -0.012479  0.000000  0.001220  0.000000 -0.000177  0.000000 ) 
 ( -0.299676  0.000000  0.036738  0.000000  0.000134 -0.000000 ) 
 ( -0.307258  0.000000 -0.037752  0.000000  0.000091  0.000000 ) 
 ( -0.068973  0.000000 -0.008777  0.000000  0.000147 -0.000000 ) 
 (  0.018352  0.000000  0.031178  0.000000 -0.000123  0.000000 ) 
 (  0.249284  0.000000  0.440322  0.000000 -0.000002  0.000000 ) 
 ( -0.253411  0.000000  0.447952 -0.000000  0.000035  0.000000 ) 
 ( -0.049111  0.000000  0.088030  0.000000 -0.000128  0.000000 ) 
 (  0.001144 -0.000000 -0.000518  0.000000  0.000481  0.000000 ) 
 (  0.058189  0.000000 -0.135941  0.000000  0.207552  0.000000 ) 
 ( -0.060010  0.000000 -0.140786  0.000000 -0.215296  0.000000 ) 
 ( -0.014718  0.000000 -0.036619  0.000000  0.057229  0.000000 ) 
 (  0.057308  0.000000 -0.134409  0.000000 -0.204253  0.000000 ) 
 (  0.001534 -0.000000 -0.000692  0.000000  0.000000  0.000000 ) 
 ( -0.014073  0.000000 -0.036020  0.000000 -0.055828  0.000000 ) 
 ( -0.058991  0.000000 -0.139150  0.000000  0.211745 -0.000000 ) 
     freq (   55) =      70.064349 [THz] =    2337.095123 [cm-1]
 ( -0.000015  0.000000 -0.000028  0.000000 -0.000000  0.000000 ) 
 ( -0.000042  0.000000  0.000079  0.000000 -0.000000  0.000000 ) 
 ( -0.047720  0.000000 -0.048105  0.000000 -0.000171  0.000000 ) 
 (  0.040812  0.000000  0.039673  0.000000 -0.000111  0.000000 ) 
 (  0.005343  0.000000 -0.003014  0.000000  0.000039  0.000000 ) 
 (  0.025302  0.000000 -0.027371  0.000000  0.000136  0.000000 ) 
 (  0.422861  0.000000 -0.080750  0.000000 -0.000022  0.000000 ) 
 ( -0.359965  0.000000  0.067845  0.000000 -0.000050  0.000000 ) 
 (  0.044637  0.000000  0.007077  0.000000  0.000054  0.000000 ) 
 (  0.226339  0.000000  0.044359  0.000000  0.000029  0.000000 ) 
 (  0.223814  0.000000  0.408971  0.000000 -0.000039  0.000000 ) 
 ( -0.190220  0.000000 -0.349848  0.000000 -0.000049  0.000000 ) 
 ( -0.023134  0.000000  0.045932  0.000000 -0.000028  0.000000 ) 
 ( -0.120184  0.000000  0.216734  0.000000  0.000002  0.000000 ) 
 ( -0.063244  0.000000  0.098504  0.000000  0.175251  0.000000 ) 
 (  0.050675  0.000000 -0.077702  0.000000  0.139209  0.000000 ) 
 (  0.001561  0.000000  0.000449  0.000000  0.002365  0.000000 ) 
 (  0.037872  0.000000  0.060544  0.000000 -0.106486  0.000000 ) 
 (  0.050302  0.000000 -0.077158  0.000000 -0.138238  0.000000 ) 
 ( -0.062658  0.000000  0.097549  0.000000 -0.173561  0.000000 ) 
 (  0.037398  0.000000  0.059693  0.000000  0.104988  0.000000 ) 
 (  0.001703  0.000000  0.000782  0.000000 -0.002941  0.000000 ) 
     freq (   56) =      70.064349 [THz] =    2337.095123 [cm-1]
 ( -0.000042  0.000000 -0.000079  0.000000  0.000000  0.000000 ) 
 (  0.000015  0.000000 -0.000028  0.000000 -0.000000  0.000000 ) 
 (  0.005343  0.000000  0.003014  0.000000 -0.000039  0.000000 ) 
 ( -0.025302  0.000000 -0.027371  0.000000  0.000136  0.000000 ) 
 (  0.047720  0.000000 -0.048105  0.000000 -0.000171  0.000000 ) 
 (  0.040812  0.000000 -0.039673  0.000000  0.000111  0.000000 ) 
 ( -0.044637  0.000000  0.007077  0.000000  0.000054  0.000000 ) 
 (  0.226339  0.000000 -0.044359  0.000000 -0.000029  0.000000 ) 
 (  0.422861  0.000000  0.080750  0.000000  0.000022  0.000000 ) 
 (  0.359965  0.000000  0.067845  0.000000 -0.000050  0.000000 ) 
 ( -0.023134  0.000000 -0.045932  0.000000  0.000028  0.000000 ) 
 (  0.120184  0.000000  0.216734  0.000000  0.000002  0.000000 ) 
 ( -0.223814  0.000000  0.408971  0.000000 -0.000039  0.000000 ) 
 ( -0.190220  0.000000  0.349848  0.000000  0.000049  0.000000 ) 
 (  0.001561  0.000000 -0.000449  0.000000 -0.002365  0.000000 ) 
 ( -0.037872  0.000000  0.060544  0.000000 -0.106486  0.000000 ) 
 (  0.063244  0.000000  0.098504  0.000000  0.175251  0.000000 ) 
 (  0.050675  0.000000  0.077702  0.000000 -0.139209  0.000000 ) 
 ( -0.037398  0.000000  0.059693  0.000000  0.104988  0.000000 ) 
 (  0.001703  0.000000 -0.000782  0.000000  0.002941  0.000000 ) 
 (  0.050302  0.000000  0.077158  0.000000  0.138238  0.000000 ) 
 (  0.062658  0.000000  0.097549  0.000000 -0.173561  0.000000 ) 
     freq (   57) =      70.211859 [THz] =    2342.015519 [cm-1]
 ( -0.000090  0.000000 -0.000001  0.000000 -0.000004  0.000000 ) 
 (  0.000158 -0.000000 -0.000001  0.000000  0.000002  0.000000 ) 
 ( -0.032771  0.000000 -0.029710  0.000000 -0.000012  0.000000 ) 
 (  0.004669 -0.000000 -0.026840  0.000000 -0.000035  0.000000 ) 
 (  0.014005 -0.000000 -0.048822  0.000000  0.000033 -0.000000 ) 
 ( -0.035331  0.000000  0.050456 -0.000000  0.000006 -0.000000 ) 
 (  0.280970 -0.000000 -0.052215  0.000000  0.000051 -0.000000 ) 
 ( -0.030618  0.000000 -0.003238  0.000000  0.000032 -0.000000 ) 
 (  0.131014 -0.000000  0.034727 -0.000000  0.000007  0.000000 ) 
 ( -0.308498  0.000000 -0.062625  0.000000 -0.000040  0.000000 ) 
 (  0.149464 -0.000000  0.278994 -0.000000  0.000118 -0.000000 ) 
 (  0.068356  0.000000  0.108301  0.000000  0.000132 -0.000000 ) 
 ( -0.168100  0.000000  0.291350 -0.000000 -0.000084  0.000000 ) 
 (  0.214300 -0.000000 -0.388579  0.000000  0.000059  0.000000 ) 
 ( -0.035283  0.000000  0.052984  0.000000  0.095513  0.000000 ) 
 ( -0.041917  0.000000  0.090101 -0.000000 -0.151828  0.000000 ) 
 (  0.069655 -0.000000  0.136170 -0.000000  0.233152 -0.000000 ) 
 ( -0.065876  0.000000 -0.115028  0.000000  0.201074 -0.000000 ) 
 ( -0.041911  0.000000  0.090521 -0.000000  0.152241 -0.000000 ) 
 ( -0.035367  0.000000  0.052765  0.000000 -0.095373  0.000000 ) 
 ( -0.065971  0.000000 -0.115022  0.000000 -0.201157  0.000000 ) 
 (  0.069698 -0.000000  0.136528 -0.000000 -0.233549  0.000000 ) 
     freq (   58) =      70.211859 [THz] =    2342.015519 [cm-1]
 ( -0.000158  0.000000 -0.000001  0.000000  0.000002  0.000000 ) 
 ( -0.000090  0.000000  0.000001  0.000000  0.000004  0.000000 ) 
 ( -0.014005  0.000000 -0.048822  0.000000  0.000033  0.000000 ) 
 ( -0.035331  0.000000 -0.050456  0.000000 -0.000006  0.000000 ) 
 ( -0.032771  0.000000  0.029710  0.000000  0.000012  0.000000 ) 
 ( -0.004669  0.000000 -0.026840  0.000000 -0.000035  0.000000 ) 
 (  0.131014  0.000000 -0.034727  0.000000 -0.000007  0.000000 ) 
 (  0.308498  0.000000 -0.062625  0.000000 -0.000040  0.000000 ) 
 ( -0.280970  0.000000 -0.052215  0.000000  0.000051  0.000000 ) 
 ( -0.030618  0.000000  0.003238  0.000000 -0.000032  0.000000 ) 
 (  0.168100  0.000000  0.291350  0.000000 -0.000084  0.000000 ) 
 (  0.214300  0.000000  0.388579  0.000000 -0.000059  0.000000 ) 
 (  0.149464  0.000000 -0.278994  0.000000 -0.000118  0.000000 ) 
 ( -0.068356  0.000000  0.108301  0.000000  0.000132  0.000000 ) 
 ( -0.069655  0.000000  0.136170  0.000000  0.233152  0.000000 ) 
 ( -0.065876  0.000000  0.115028  0.000000 -0.201074  0.000000 ) 
 ( -0.035283  0.000000 -0.052984  0.000000 -0.095513  0.000000 ) 
 (  0.041917  0.000000  0.090101  0.000000 -0.151828  0.000000 ) 
 ( -0.065971  0.000000  0.115022  0.000000  0.201157  0.000000 ) 
 ( -0.069698  0.000000  0.136528  0.000000 -0.233549  0.000000 ) 
 (  0.041911  0.000000  0.090521  0.000000  0.152241  0.000000 ) 
 ( -0.035367  0.000000 -0.052765  0.000000  0.095373  0.000000 ) 
     freq (   59) =      70.714031 [THz] =    2358.766173 [cm-1]
 (  0.000095  0.000000  0.000050  0.000000 -0.000003  0.000000 ) 
 (  0.000149  0.000000 -0.000079  0.000000 -0.000002  0.000000 ) 
 (  0.052554  0.000000 -0.038517  0.000000 -0.000114  0.000000 ) 
 ( -0.007482  0.000000  0.029533  0.000000  0.000054  0.000000 ) 
 (  0.016205  0.000000 -0.014648  0.000000  0.000112  0.000000 ) 
 ( -0.054484  0.000000 -0.028740  0.000000  0.000151  0.000000 ) 
 ( -0.480894  0.000000  0.063624  0.000000  0.000095  0.000000 ) 
 (  0.083625  0.000000 -0.004577  0.000000  0.000073  0.000000 ) 
 (  0.131565  0.000000  0.024561  0.000000 -0.000036  0.000000 ) 
 ( -0.491503  0.000000 -0.068046  0.000000  0.000071  0.000000 ) 
 (  0.036152  0.000000  0.026967  0.000000  0.000016  0.000000 ) 
 ( -0.086919  0.000000 -0.140571  0.000000  0.000042  0.000000 ) 
 ( -0.079046  0.000000  0.142498  0.000000  0.000039  0.000000 ) 
 (  0.000576  0.000000 -0.035676  0.000000  0.000002  0.000000 ) 
 ( -0.067889  0.000000  0.164206  0.000000  0.269957  0.000000 ) 
 (  0.043336  0.000000 -0.091662  0.000000  0.152534  0.000000 ) 
 (  0.016204  0.000000  0.024683  0.000000  0.042608  0.000000 ) 
 (  0.054713  0.000000  0.138459  0.000000 -0.226772  0.000000 ) 
 (  0.043543  0.000000 -0.092121  0.000000 -0.153158  0.000000 ) 
 ( -0.067575  0.000000  0.163408  0.000000 -0.268723  0.000000 ) 
 (  0.054270  0.000000  0.137365  0.000000  0.225121  0.000000 ) 
 (  0.016579  0.000000  0.025561  0.000000 -0.043871  0.000000 ) 
     freq (   60) =      70.714031 [THz] =    2358.766173 [cm-1]
 ( -0.000149  0.000000 -0.000079  0.000000 -0.000002  0.000000 ) 
 (  0.000095  0.000000 -0.000050  0.000000  0.000003  0.000000 ) 
 ( -0.016205  0.000000 -0.014648  0.000000  0.000112  0.000000 ) 
 ( -0.054484  0.000000  0.028740  0.000000 -0.000151  0.000000 ) 
 (  0.052554  0.000000  0.038517  0.000000  0.000114  0.000000 ) 
 (  0.007482  0.000000  0.029533  0.000000  0.000054  0.000000 ) 
 (  0.131565  0.000000 -0.024561  0.000000  0.000036  0.000000 ) 
 (  0.491503  0.000000 -0.068046  0.000000  0.000071  0.000000 ) 
 (  0.480894  0.000000  0.063624  0.000000  0.000095  0.000000 ) 
 (  0.083625  0.000000  0.004577  0.000000 -0.000073  0.000000 ) 
 (  0.079046  0.000000  0.142498  0.000000  0.000039  0.000000 ) 
 (  0.000576  0.000000  0.035676  0.000000 -0.000002  0.000000 ) 
 (  0.036152  0.000000 -0.026967  0.000000 -0.000016  0.000000 ) 
 (  0.086919  0.000000 -0.140571  0.000000  0.000042  0.000000 ) 
 ( -0.016204  0.000000  0.024683  0.000000  0.042608  0.000000 ) 
 (  0.054713  0.000000 -0.138459  0.000000  0.226772  0.000000 ) 
 ( -0.067889  0.000000 -0.164206  0.000000 -0.269957  0.000000 ) 
 ( -0.043336  0.000000 -0.091662  0.000000  0.152534  0.000000 ) 
 (  0.054270  0.000000 -0.137365  0.000000 -0.225121  0.000000 ) 
 ( -0.016579  0.000000  0.025561  0.000000 -0.043871  0.000000 ) 
 ( -0.043543  0.000000 -0.092121  0.000000 -0.153158  0.000000 ) 
 ( -0.067575  0.000000 -0.163408  0.000000  0.268723  0.000000 ) 
     freq (   61) =      70.927529 [THz] =    2365.887706 [cm-1]
 (  0.000113  0.000000 -0.000014  0.000000  0.000002  0.000000 ) 
 ( -0.000170  0.000000 -0.000022  0.000000 -0.000001  0.000000 ) 
 (  0.049698  0.000000 -0.039740  0.000000  0.000274  0.000000 ) 
 (  0.001083  0.000000  0.004968  0.000000 -0.000033  0.000000 ) 
 ( -0.021949  0.000000 -0.011228  0.000000  0.000150  0.000000 ) 
 (  0.054319  0.000000  0.040996  0.000000  0.000311  0.000000 ) 
 ( -0.463338  0.000000  0.063388  0.000000 -0.000055  0.000000 ) 
 ( -0.003971  0.000000  0.002800  0.000000 -0.000092  0.000000 ) 
 ( -0.197984  0.000000 -0.029531  0.000000 -0.000076  0.000000 ) 
 (  0.503849  0.000000  0.069873  0.000000  0.000022  0.000000 ) 
 (  0.047052  0.000000  0.051901  0.000000  0.000090  0.000000 ) 
 ( -0.021983  0.000000 -0.039095  0.000000  0.000029  0.000000 ) 
 (  0.004159  0.000000 -0.020678  0.000000  0.000006  0.000000 ) 
 (  0.041808  0.000000 -0.039911  0.000000  0.000085  0.000000 ) 
 ( -0.069111  0.000000  0.163655  0.000000  0.266459  0.000000 ) 
 (  0.005460  0.000000 -0.012687  0.000000  0.019615  0.000000 ) 
 (  0.022971  0.000000  0.054659  0.000000  0.090123  0.000000 ) 
 ( -0.072623  0.000000 -0.172075  0.000000  0.280603  0.000000 ) 
 (  0.005278  0.000000 -0.012408  0.000000 -0.019227  0.000000 ) 
 ( -0.069963  0.000000  0.165581  0.000000 -0.269480  0.000000 ) 
 ( -0.073623  0.000000 -0.174279  0.000000 -0.284039  0.000000 ) 
 (  0.023524  0.000000  0.055766  0.000000 -0.091806  0.000000 ) 
     freq (   62) =      70.927529 [THz] =    2365.887706 [cm-1]
 (  0.000170  0.000000 -0.000022  0.000000 -0.000001  0.000000 ) 
 (  0.000113  0.000000  0.000014  0.000000 -0.000002  0.000000 ) 
 (  0.021949  0.000000 -0.011228  0.000000  0.000150  0.000000 ) 
 (  0.054319  0.000000 -0.040996  0.000000 -0.000311  0.000000 ) 
 (  0.049698  0.000000  0.039740  0.000000 -0.000274  0.000000 ) 
 ( -0.001083  0.000000  0.004968  0.000000 -0.000033  0.000000 ) 
 ( -0.197984  0.000000  0.029531  0.000000  0.000076  0.000000 ) 
 ( -0.503849  0.000000  0.069873  0.000000  0.000022  0.000000 ) 
 (  0.463338  0.000000  0.063388  0.000000 -0.000055  0.000000 ) 
 ( -0.003971  0.000000 -0.002800  0.000000  0.000092  0.000000 ) 
 ( -0.004159  0.000000 -0.020678  0.000000  0.000006  0.000000 ) 
 (  0.041808  0.000000  0.039911  0.000000 -0.000085  0.000000 ) 
 (  0.047052  0.000000 -0.051901  0.000000 -0.000090  0.000000 ) 
 (  0.021983  0.000000 -0.039095  0.000000  0.000029  0.000000 ) 
 ( -0.022971  0.000000  0.054659  0.000000  0.090123  0.000000 ) 
 ( -0.072623  0.000000  0.172075  0.000000 -0.280603  0.000000 ) 
 ( -0.069111  0.000000 -0.163655  0.000000 -0.266459  0.000000 ) 
 ( -0.005460  0.000000 -0.012687  0.000000  0.019615  0.000000 ) 
 ( -0.073623  0.000000  0.174279  0.000000  0.284039  0.000000 ) 
 ( -0.023524  0.000000  0.055766  0.000000 -0.091806  0.000000 ) 
 ( -0.005278  0.000000 -0.012408  0.000000 -0.019227  0.000000 ) 
 ( -0.069963  0.000000 -0.165581  0.000000  0.269480  0.000000 ) 
     freq (   63) =      71.181854 [THz] =    2374.371075 [cm-1]
 (  0.000001  0.000000 -0.000001  0.000000 -0.000030  0.000000 ) 
 ( -0.000004  0.000000 -0.000002  0.000000  0.000008  0.000000 ) 
 (  0.000200  0.000000 -0.000217  0.000000 -0.040482  0.000000 ) 
 ( -0.000136  0.000000  0.000165  0.000000 -0.006899  0.000000 ) 
 ( -0.000083  0.000000 -0.000055  0.000000 -0.059760  0.000000 ) 
 (  0.000169  0.000000  0.000152  0.000000 -0.071850  0.000000 ) 
 ( -0.001125  0.000000  0.000100  0.000000 -0.008507  0.000000 ) 
 (  0.000740  0.000000 -0.000039  0.000000 -0.001179  0.000000 ) 
 ( -0.000515  0.000000 -0.000101  0.000000  0.013123  0.000000 ) 
 (  0.000991  0.000000  0.000136  0.000000  0.015595  0.000000 ) 
 (  0.000090  0.000000 -0.000115  0.000000 -0.009482  0.000000 ) 
 ( -0.000102  0.000000  0.000041  0.000000 -0.001576  0.000000 ) 
 (  0.000048  0.000000 -0.000125  0.000000 -0.014082  0.000000 ) 
 (  0.000001  0.000000  0.000165  0.000000 -0.016904  0.000000 ) 
 ( -0.067180  0.000000  0.147525  0.000000  0.226565  0.000000 ) 
 (  0.010855  0.000000 -0.024353  0.000000  0.037721  0.000000 ) 
 (  0.100413  0.000000  0.219425  0.000000  0.336320  0.000000 ) 
 ( -0.120325  0.000000 -0.263282  0.000000  0.403758  0.000000 ) 
 ( -0.010113  0.000000  0.022569  0.000000  0.034857  0.000000 ) 
 (  0.066163  0.000000 -0.145114  0.000000  0.222725  0.000000 ) 
 (  0.119560  0.000000  0.261520  0.000000  0.400988  0.000000 ) 
 ( -0.100097  0.000000 -0.218733  0.000000  0.335262  0.000000 ) 
     freq (   64) =      71.181854 [THz] =    2374.371075 [cm-1]
 ( -0.000004  0.000000  0.000002  0.000000 -0.000008  0.000000 ) 
 ( -0.000001  0.000000 -0.000001  0.000000 -0.000030  0.000000 ) 
 ( -0.000083  0.000000  0.000055  0.000000  0.059760  0.000000 ) 
 ( -0.000169  0.000000  0.000152  0.000000 -0.071850  0.000000 ) 
 ( -0.000200  0.000000 -0.000217  0.000000 -0.040482  0.000000 ) 
 ( -0.000136  0.000000 -0.000165  0.000000  0.006899  0.000000 ) 
 (  0.000515  0.000000 -0.000101  0.000000  0.013123  0.000000 ) 
 (  0.000991  0.000000 -0.000136  0.000000 -0.015595  0.000000 ) 
 ( -0.001125  0.000000 -0.000100  0.000000  0.008507  0.000000 ) 
 ( -0.000740  0.000000 -0.000039  0.000000 -0.001179  0.000000 ) 
 (  0.000048  0.000000  0.000125  0.000000  0.014082  0.000000 ) 
 ( -0.000001  0.000000  0.000165  0.000000 -0.016904  0.000000 ) 
 ( -0.000090  0.000000 -0.000115  0.000000 -0.009482  0.000000 ) 
 ( -0.000102  0.000000 -0.000041  0.000000  0.001576  0.000000 ) 
 (  0.100413  0.000000 -0.219425  0.000000 -0.336320  0.000000 ) 
 (  0.120325  0.000000 -0.263282  0.000000  0.403758  0.000000 ) 
 (  0.067180  0.000000  0.147525  0.000000  0.226565  0.000000 ) 
 (  0.010855  0.000000  0.024353  0.000000 -0.037721  0.000000 ) 
 ( -0.119560  0.000000  0.261520  0.000000  0.400988  0.000000 ) 
 ( -0.100097  0.000000  0.218733  0.000000 -0.335262  0.000000 ) 
 ( -0.010113  0.000000 -0.022569  0.000000 -0.034857  0.000000 ) 
 ( -0.066163  0.000000 -0.145114  0.000000  0.222725  0.000000 ) 
     freq (   65) =      71.213437 [THz] =    2375.424568 [cm-1]
 ( -0.000000  0.000000  0.000001  0.000000 -0.000136  0.000000 ) 
 (  0.000000  0.000000  0.000003  0.000000  0.000039  0.000000 ) 
 ( -0.000076  0.000000 -0.000088  0.000000  0.058783  0.000000 ) 
 (  0.000037  0.000000  0.000067  0.000000  0.071927  0.000000 ) 
 (  0.000052  0.000000 -0.000015  0.000000 -0.041694  0.000000 ) 
 ( -0.000084  0.000000  0.000058  0.000000 -0.004518  0.000000 ) 
 (  0.001878  0.000000 -0.000332  0.000000  0.013020  0.000000 ) 
 ( -0.001916  0.000000  0.000335  0.000000  0.015349  0.000000 ) 
 ( -0.000606  0.000000 -0.000101  0.000000  0.008129  0.000000 ) 
 ( -0.000473  0.000000 -0.000089  0.000000  0.000061  0.000000 ) 
 ( -0.000249  0.000000 -0.000446  0.000000  0.013191  0.000000 ) 
 (  0.000597  0.000000  0.001079  0.000000  0.016455  0.000000 ) 
 ( -0.000732  0.000000  0.001329  0.000000 -0.009954  0.000000 ) 
 (  0.000491  0.000000 -0.000896  0.000000 -0.001522  0.000000 ) 
 (  0.098167  0.000000 -0.214387  0.000000 -0.328059  0.000000 ) 
 ( -0.119408  0.000000  0.262502  0.000000 -0.401438  0.000000 ) 
 (  0.068283  0.000000  0.152403  0.000000  0.232740  0.000000 ) 
 ( -0.006402  0.000000 -0.016770  0.000000  0.025263  0.000000 ) 
 (  0.120338  0.000000 -0.264332  0.000000 -0.404550  0.000000 ) 
 ( -0.098875  0.000000  0.215725  0.000000 -0.330475  0.000000 ) 
 (  0.006559  0.000000  0.017185  0.000000  0.025700  0.000000 ) 
 ( -0.068906  0.000000 -0.153719  0.000000  0.234750  0.000000 ) 
     freq (   66) =      71.213437 [THz] =    2375.424568 [cm-1]
 ( -0.000000  0.000000  0.000003  0.000000  0.000039  0.000000 ) 
 ( -0.000000  0.000000 -0.000001  0.000000  0.000136  0.000000 ) 
 ( -0.000052  0.000000 -0.000015  0.000000 -0.041694  0.000000 ) 
 ( -0.000084  0.000000 -0.000058  0.000000  0.004518  0.000000 ) 
 ( -0.000076  0.000000  0.000088  0.000000 -0.058783  0.000000 ) 
 ( -0.000037  0.000000  0.000067  0.000000  0.071927  0.000000 ) 
 ( -0.000606  0.000000  0.000101  0.000000 -0.008129  0.000000 ) 
 (  0.000473  0.000000 -0.000089  0.000000  0.000061  0.000000 ) 
 ( -0.001878  0.000000 -0.000332  0.000000  0.013020  0.000000 ) 
 ( -0.001916  0.000000 -0.000335  0.000000 -0.015349  0.000000 ) 
 (  0.000732  0.000000  0.001329  0.000000 -0.009954  0.000000 ) 
 (  0.000491  0.000000  0.000896  0.000000  0.001522  0.000000 ) 
 ( -0.000249  0.000000  0.000446  0.000000 -0.013191  0.000000 ) 
 ( -0.000597  0.000000  0.001079  0.000000  0.016455  0.000000 ) 
 ( -0.068283  0.000000  0.152403  0.000000  0.232740  0.000000 ) 
 ( -0.006402  0.000000  0.016770  0.000000 -0.025263  0.000000 ) 
 (  0.098167  0.000000  0.214387  0.000000  0.328059  0.000000 ) 
 (  0.119408  0.000000  0.262502  0.000000 -0.401438  0.000000 ) 
 (  0.006559  0.000000 -0.017185  0.000000 -0.025700  0.000000 ) 
 (  0.068906  0.000000 -0.153719  0.000000  0.234750  0.000000 ) 
 ( -0.120338  0.000000 -0.264332  0.000000 -0.404550  0.000000 ) 
 ( -0.098875  0.000000 -0.215725  0.000000  0.330475  0.000000 ) 
 **************************************************************************
