Dynamical matrix file
                                                                           
  3   22   8  13.4191655   0.9956421   0.6494553   0.0000000   0.0000000   0.0000000
           1  'B      '    9853.6237122476850     
           2  'Ba     '    125165.90357338246     
           3  'H      '    918.68111039893927     
    1    2      0.5000000000      0.4978210450      0.3247278345
    2    2      0.0000000000      0.0000000000      0.6494551305
    3    1      0.6304291863      0.2557629833      0.0000070530
    4    1      0.3695708137      0.7398791067      0.0000070530
    5    1      0.1304291863      0.2420580617      0.3247206020
    6    1      0.8695708137      0.7535840283      0.3247206020
    7    3      0.4589234318      0.2831460845     -0.0000062539
    8    3      0.5410765682      0.7124960055     -0.0000062539
    9    3      0.9589234318      0.2146749605      0.3247339089
   10    3      0.0410765682      0.7809671295      0.3247339089
   11    3      0.7148392306      0.4082360049      0.0000081946
   12    3      0.2851607694      0.5874060851      0.0000081946
   13    3      0.2148392306      0.0895850401      0.3247194604
   14    3      0.7851607694      0.9060570499      0.3247194604
   15    3      0.6705874956      0.1673910636      0.5059714565
   16    3      0.3294125044      0.8282510264      0.5059714565
   17    3      0.1705874956      0.3304299814      0.4682115085
   18    3      0.8294125044      0.6652121086      0.4682115085
   19    3      0.3294167455      0.8282497401      0.1435012547
   20    3      0.6705832545      0.1673923499      0.1435012547
   21    3      0.8294167455      0.6652133949      0.1812264003
   22    3      0.1705832545      0.3304286951      0.1812264003

     Dynamical  Matrix in cartesian axes

     q = (   -0.500000000  -0.502188492   0.000000000 ) 

    1    1
  0.07595561   0.00000000    -0.00256428   0.00000000     0.00000000   0.00000000
 -0.00256428   0.00000000     0.08121628   0.00000000     0.00000000   0.00000000
  0.00000000   0.00000000     0.00000000   0.00000000     0.06765606   0.00000000
    1    2
  0.00000000  -0.00000000    -0.03465779   0.00000000     0.00000000  -0.00000000
 -0.03465779   0.00000000     0.00000000  -0.00000000     0.00000000   0.00000000
  0.00000000  -0.00000000     0.00000000  -0.00000000    -0.00000000   0.00000000
    1    3
  0.00520736  -0.00000000     0.01152464  -0.00000000    -0.00021354   0.00000000
  0.00717125  -0.00000000    -0.01370093   0.00000000     0.00001392  -0.00000000
  0.00021645  -0.00000000    -0.00011005   0.00000000    -0.02606465   0.00000000
    1    4
  0.00520736   0.00000000     0.01152464   0.00000000     0.00021354   0.00000000
  0.00717125   0.00000000    -0.01370093  -0.00000000    -0.00001392  -0.00000000
 -0.00021645  -0.00000000     0.00011005   0.00000000    -0.02606465  -0.00000000
    1    5
 -0.00997218  -0.00000000    -0.00442212  -0.00000000    -0.00030157  -0.00000000
 -0.00766551  -0.00000000    -0.00286149  -0.00000000     0.00002093   0.00000000
 -0.00004779  -0.00000000     0.00004145   0.00000000     0.00520947   0.00000000
    1    6
 -0.00997218  -0.00000000    -0.00442212  -0.00000000     0.00030157   0.00000000
 -0.00766551  -0.00000000    -0.00286149  -0.00000000    -0.00002093  -0.00000000
  0.00004779   0.00000000    -0.00004145  -0.00000000     0.00520947   0.00000000
    1    7
 -0.00848385   0.00000000    -0.00395133   0.00000000    -0.00003244   0.00000000
  0.00123097  -0.00000000    -0.00546168   0.00000000    -0.00002935   0.00000000
  0.00004733  -0.00000000    -0.00002255   0.00000000    -0.00673499   0.00000000
    1    8
 -0.00848385  -0.00000000    -0.00395133  -0.00000000     0.00003244   0.00000000
  0.00123097   0.00000000    -0.00546168  -0.00000000     0.00002935   0.00000000
 -0.00004733  -0.00000000     0.00002255   0.00000000    -0.00673499  -0.00000000
    1    9
 -0.00194578   0.00000000    -0.00214626   0.00000000    -0.00010680   0.00000000
 -0.00668439   0.00000000     0.00027328  -0.00000000     0.00006354  -0.00000000
 -0.00008269   0.00000000    -0.00014617   0.00000000     0.00198008  -0.00000000
    1   10
 -0.00194578  -0.00000000    -0.00214626  -0.00000000     0.00010680   0.00000000
 -0.00668439  -0.00000000     0.00027328   0.00000000    -0.00006354  -0.00000000
  0.00008269   0.00000000     0.00014617   0.00000000     0.00198008   0.00000000
    1   11
 -0.00669458   0.00000000    -0.00094251   0.00000000    -0.00006203   0.00000000
 -0.00491238   0.00000000    -0.00715310   0.00000000    -0.00007247   0.00000000
  0.00028441  -0.00000000     0.00009149  -0.00000000    -0.00299542   0.00000000
    1   12
 -0.00669458  -0.00000000    -0.00094251  -0.00000000     0.00006203   0.00000000
 -0.00491238  -0.00000000    -0.00715310  -0.00000000     0.00007247   0.00000000
 -0.00028441  -0.00000000    -0.00009149  -0.00000000    -0.00299542  -0.00000000
    1   13
 -0.00001559   0.00000000     0.00693789  -0.00000000    -0.00005849   0.00000000
  0.00395730  -0.00000000    -0.00077162   0.00000000    -0.00000440   0.00000000
  0.00046155  -0.00000000    -0.00030708   0.00000000    -0.00075113   0.00000000
    1   14
 -0.00001559  -0.00000000     0.00693789   0.00000000     0.00005849   0.00000000
  0.00395730   0.00000000    -0.00077162  -0.00000000     0.00000440   0.00000000
 -0.00046155  -0.00000000     0.00030708   0.00000000    -0.00075113  -0.00000000
    1   15
 -0.00289927   0.00000000    -0.00065469   0.00000000    -0.00123238   0.00000000
 -0.00120185   0.00000000    -0.00290887   0.00000000     0.00270897  -0.00000000
  0.00080936  -0.00000000    -0.00037129   0.00000000     0.00234585  -0.00000000
    1   16
 -0.00289927  -0.00000000    -0.00065469  -0.00000000     0.00123238   0.00000000
 -0.00120185  -0.00000000    -0.00290887  -0.00000000    -0.00270897  -0.00000000
 -0.00080936  -0.00000000     0.00037129   0.00000000     0.00234585   0.00000000
    1   17
 -0.00430113   0.00000000     0.00037837  -0.00000000     0.00105649  -0.00000000
 -0.00051140   0.00000000     0.00017724  -0.00000000    -0.00011484   0.00000000
  0.00242288  -0.00000000     0.00028282  -0.00000000    -0.00329552   0.00000000
    1   18
 -0.00430113  -0.00000000     0.00037837   0.00000000    -0.00105649  -0.00000000
 -0.00051140  -0.00000000     0.00017724   0.00000000     0.00011484   0.00000000
 -0.00242288  -0.00000000    -0.00028282  -0.00000000    -0.00329552  -0.00000000
    1   19
 -0.00240990  -0.00000000    -0.00077438  -0.00000000    -0.00148571  -0.00000000
 -0.00012710  -0.00000000    -0.00287403  -0.00000000     0.00194340   0.00000000
  0.00129682   0.00000000    -0.00012403  -0.00000000     0.00219063   0.00000000
    1   20
 -0.00240990   0.00000000    -0.00077438   0.00000000     0.00148571  -0.00000000
 -0.00012710   0.00000000    -0.00287403   0.00000000    -0.00194340   0.00000000
 -0.00129682   0.00000000     0.00012403  -0.00000000     0.00219063  -0.00000000
    1   21
 -0.00422253   0.00000000     0.00036818  -0.00000000     0.00127812  -0.00000000
 -0.00148620   0.00000000     0.00000858  -0.00000000    -0.00029298   0.00000000
  0.00180619  -0.00000000     0.00038134  -0.00000000    -0.00329877   0.00000000
    1   22
 -0.00422253   0.00000000     0.00036818  -0.00000000    -0.00127812   0.00000000
 -0.00148620   0.00000000     0.00000858  -0.00000000     0.00029298  -0.00000000
 -0.00180619   0.00000000    -0.00038134   0.00000000    -0.00329877   0.00000000
    2    1
 -0.00000000  -0.00000000    -0.03465779  -0.00000000     0.00000000   0.00000000
 -0.03465779  -0.00000000    -0.00000000  -0.00000000     0.00000000   0.00000000
  0.00000000   0.00000000     0.00000000  -0.00000000     0.00000000   0.00000000
    2    2
  0.07595561   0.00000000     0.00256428   0.00000000     0.00000000   0.00000000
  0.00256428   0.00000000     0.08121628   0.00000000     0.00000000   0.00000000
  0.00000000   0.00000000     0.00000000   0.00000000     0.06765606   0.00000000
    2    3
  0.00997218   0.00000000    -0.00442212  -0.00000000    -0.00030157  -0.00000000
 -0.00766551  -0.00000000     0.00286149   0.00000000    -0.00002093  -0.00000000
 -0.00004779  -0.00000000    -0.00004145  -0.00000000    -0.00520947  -0.00000000
    2    4
  0.00997218   0.00000000    -0.00442212  -0.00000000     0.00030157   0.00000000
 -0.00766551  -0.00000000     0.00286149   0.00000000     0.00002093   0.00000000
  0.00004779   0.00000000     0.00004145   0.00000000    -0.00520947  -0.00000000
    2    5
  0.00520736   0.00000000    -0.01152464  -0.00000000     0.00021354   0.00000000
 -0.00717125  -0.00000000    -0.01370093  -0.00000000     0.00001392   0.00000000
 -0.00021645  -0.00000000    -0.00011005  -0.00000000    -0.02606465  -0.00000000
    2    6
  0.00520736   0.00000000    -0.01152464  -0.00000000    -0.00021354  -0.00000000
 -0.00717125  -0.00000000    -0.01370093  -0.00000000    -0.00001392  -0.00000000
  0.00021645   0.00000000     0.00011005   0.00000000    -0.02606465  -0.00000000
    2    7
 -0.00194578   0.00000000     0.00214626  -0.00000000     0.00010680  -0.00000000
  0.00668439  -0.00000000     0.00027328  -0.00000000     0.00006354  -0.00000000
  0.00008269  -0.00000000    -0.00014617   0.00000000     0.00198008  -0.00000000
    2    8
 -0.00194578  -0.00000000     0.00214626   0.00000000    -0.00010680  -0.00000000
  0.00668439   0.00000000     0.00027328   0.00000000    -0.00006354  -0.00000000
 -0.00008269  -0.00000000     0.00014617   0.00000000     0.00198008   0.00000000
    2    9
  0.00848385  -0.00000000    -0.00395133   0.00000000    -0.00003244   0.00000000
  0.00123097  -0.00000000     0.00546168  -0.00000000     0.00002935  -0.00000000
  0.00004733  -0.00000000     0.00002255  -0.00000000     0.00673499  -0.00000000
    2   10
  0.00848385   0.00000000    -0.00395133  -0.00000000     0.00003244   0.00000000
  0.00123097   0.00000000     0.00546168   0.00000000    -0.00002935  -0.00000000
 -0.00004733  -0.00000000    -0.00002255  -0.00000000     0.00673499   0.00000000
    2   11
  0.00001559   0.00000000     0.00693789   0.00000000    -0.00005849  -0.00000000
  0.00395730   0.00000000     0.00077162   0.00000000     0.00000440   0.00000000
  0.00046155   0.00000000     0.00030708   0.00000000     0.00075113   0.00000000
    2   12
  0.00001559   0.00000000     0.00693789   0.00000000     0.00005849   0.00000000
  0.00395730   0.00000000     0.00077162   0.00000000    -0.00000440  -0.00000000
 -0.00046155  -0.00000000    -0.00030708  -0.00000000     0.00075113   0.00000000
    2   13
 -0.00669458  -0.00000000     0.00094251   0.00000000     0.00006203   0.00000000
  0.00491238   0.00000000    -0.00715310  -0.00000000    -0.00007247  -0.00000000
 -0.00028441  -0.00000000     0.00009149   0.00000000    -0.00299542  -0.00000000
    2   14
 -0.00669458  -0.00000000     0.00094251   0.00000000    -0.00006203  -0.00000000
  0.00491238   0.00000000    -0.00715310  -0.00000000     0.00007247   0.00000000
  0.00028441   0.00000000    -0.00009149  -0.00000000    -0.00299542  -0.00000000
    2   15
  0.00430113   0.00000000     0.00037837   0.00000000     0.00105649   0.00000000
 -0.00051140  -0.00000000    -0.00017724  -0.00000000     0.00011484   0.00000000
  0.00242288   0.00000000    -0.00028282  -0.00000000     0.00329552   0.00000000
    2   16
  0.00430113   0.00000000     0.00037837   0.00000000    -0.00105649  -0.00000000
 -0.00051140  -0.00000000    -0.00017724  -0.00000000    -0.00011484  -0.00000000
 -0.00242288  -0.00000000     0.00028282   0.00000000     0.00329552   0.00000000
    2   17
 -0.00289927  -0.00000000     0.00065469   0.00000000     0.00123238   0.00000000
  0.00120185   0.00000000    -0.00290887  -0.00000000     0.00270897   0.00000000
 -0.00080936  -0.00000000    -0.00037129  -0.00000000     0.00234585   0.00000000
    2   18
 -0.00289927  -0.00000000     0.00065469   0.00000000    -0.00123238  -0.00000000
  0.00120185   0.00000000    -0.00290887  -0.00000000    -0.00270897  -0.00000000
  0.00080936   0.00000000     0.00037129   0.00000000     0.00234585   0.00000000
    2   19
  0.00422253   0.00000000     0.00036818   0.00000000     0.00127812   0.00000000
 -0.00148620  -0.00000000    -0.00000858  -0.00000000     0.00029298   0.00000000
  0.00180619   0.00000000    -0.00038134  -0.00000000     0.00329877   0.00000000
    2   20
  0.00422253  -0.00000000     0.00036818  -0.00000000    -0.00127812   0.00000000
 -0.00148620   0.00000000    -0.00000858   0.00000000    -0.00029298   0.00000000
 -0.00180619   0.00000000     0.00038134  -0.00000000     0.00329877  -0.00000000
    2   21
 -0.00240990  -0.00000000     0.00077438   0.00000000     0.00148571   0.00000000
  0.00012710   0.00000000    -0.00287403  -0.00000000     0.00194340   0.00000000
 -0.00129682  -0.00000000    -0.00012403  -0.00000000     0.00219063   0.00000000
    2   22
 -0.00240990   0.00000000     0.00077438  -0.00000000    -0.00148571   0.00000000
  0.00012710  -0.00000000    -0.00287403   0.00000000    -0.00194340   0.00000000
  0.00129682  -0.00000000     0.00012403  -0.00000000     0.00219063  -0.00000000
    3    1
  0.00520736   0.00000000     0.00717125   0.00000000     0.00021645   0.00000000
  0.01152464   0.00000000    -0.01370093  -0.00000000    -0.00011005  -0.00000000
 -0.00021354  -0.00000000     0.00001392   0.00000000    -0.02606465  -0.00000000
    3    2
  0.00997218  -0.00000000    -0.00766551   0.00000000    -0.00004779   0.00000000
 -0.00442212   0.00000000     0.00286149  -0.00000000    -0.00004145   0.00000000
 -0.00030157   0.00000000    -0.00002093   0.00000000    -0.00520947   0.00000000
    3    3
  0.59353416   0.00000000    -0.01902936   0.00000000     0.00003012   0.00000000
 -0.01902936   0.00000000     0.59632651   0.00000000     0.00009062   0.00000000
  0.00003012   0.00000000     0.00009062   0.00000000     0.64606246   0.00000000
    3    4
  0.00076950   0.00000000     0.00061967   0.00000000     0.00006634   0.00000000
  0.00061967   0.00000000    -0.00105255  -0.00000000    -0.00001471  -0.00000000
 -0.00006634  -0.00000000     0.00001471   0.00000000    -0.00174317  -0.00000000
    3    5
  0.00000000   0.00000000    -0.00147852  -0.00000000    -0.00003563  -0.00000000
 -0.00147852  -0.00000000     0.00000000   0.00000000    -0.00000386  -0.00000000
 -0.00003563  -0.00000000     0.00000386   0.00000000    -0.00000000  -0.00000000
    3    6
 -0.00000000  -0.00000000     0.00042523   0.00000000     0.00005958   0.00000000
  0.00042523   0.00000000     0.00000000   0.00000000     0.00009291   0.00000000
 -0.00005958  -0.00000000     0.00009291   0.00000000    -0.00000000  -0.00000000
    3    7
 -0.33518715   0.00000000     0.04476159  -0.00000000    -0.00009842   0.00000000
  0.04149827  -0.00000000    -0.05364925   0.00000000     0.00002076  -0.00000000
 -0.00010024   0.00000000     0.00003861  -0.00000000    -0.04913781   0.00000000
    3    8
 -0.00144884  -0.00000000     0.00068765   0.00000000    -0.00005358  -0.00000000
  0.00006885   0.00000000    -0.00061934  -0.00000000     0.00004087   0.00000000
  0.00000109   0.00000000    -0.00001518  -0.00000000    -0.00091352  -0.00000000
    3    9
 -0.00315596   0.00000000    -0.00036160   0.00000000     0.00001309  -0.00000000
 -0.00089889   0.00000000    -0.00019764   0.00000000     0.00003293  -0.00000000
  0.00011849  -0.00000000    -0.00000013   0.00000000    -0.00063356   0.00000000
    3   10
  0.00034862   0.00000000    -0.00045306  -0.00000000     0.00002482   0.00000000
  0.00018954   0.00000000    -0.00015225  -0.00000000     0.00001449   0.00000000
  0.00001438   0.00000000    -0.00002599  -0.00000000     0.00032063   0.00000000
    3   11
 -0.11863665   0.00000000    -0.11924726   0.00000000     0.00004688  -0.00000000
 -0.11753661   0.00000000    -0.26213803   0.00000000    -0.00003913   0.00000000
 -0.00005824   0.00000000    -0.00000136   0.00000000    -0.05351262   0.00000000
    3   12
 -0.00023418  -0.00000000     0.00040251   0.00000000     0.00006443   0.00000000
 -0.00038379  -0.00000000    -0.00086162  -0.00000000    -0.00005194  -0.00000000
  0.00009622   0.00000000     0.00003725   0.00000000    -0.00041570  -0.00000000
    3   13
  0.00056716   0.00000000     0.00036317   0.00000000     0.00000490   0.00000000
  0.00079562   0.00000000     0.00073752   0.00000000    -0.00000723  -0.00000000
 -0.00009038  -0.00000000     0.00008690   0.00000000     0.00030557   0.00000000
    3   14
  0.00002796   0.00000000     0.00046881   0.00000000    -0.00000808  -0.00000000
 -0.00095358  -0.00000000     0.00236295   0.00000000     0.00003340   0.00000000
  0.00010257   0.00000000    -0.00002243  -0.00000000     0.00051402   0.00000000
    3   15
 -0.06248231  -0.00000000     0.03929828   0.00000000     0.05480017   0.00000000
  0.03943365   0.00000000    -0.13076846  -0.00000000    -0.12753376  -0.00000000
  0.05498795   0.00000000    -0.12699068  -0.00000000    -0.25731642  -0.00000000
    3   16
 -0.00112273  -0.00000000     0.00040037   0.00000000    -0.00033295  -0.00000000
  0.00020944   0.00000000    -0.00067242  -0.00000000    -0.00006204  -0.00000000
 -0.00005504  -0.00000000     0.00020008   0.00000000    -0.00026659  -0.00000000
    3   17
 -0.00028888  -0.00000000     0.00047670   0.00000000    -0.00015720  -0.00000000
  0.00026675   0.00000000     0.00022193   0.00000000     0.00026673   0.00000000
 -0.00029021  -0.00000000    -0.00021241  -0.00000000    -0.00075784  -0.00000000
    3   18
 -0.00058074  -0.00000000    -0.00051055  -0.00000000     0.00043495   0.00000000
 -0.00023909  -0.00000000    -0.00084476  -0.00000000     0.00059175   0.00000000
 -0.00006319  -0.00000000     0.00070944   0.00000000    -0.00076825  -0.00000000
    3   19
 -0.00116927  -0.00000000     0.00051741   0.00000000     0.00027694   0.00000000
 -0.00004664  -0.00000000    -0.00061991  -0.00000000    -0.00003094  -0.00000000
  0.00018908   0.00000000    -0.00020005  -0.00000000    -0.00019844  -0.00000000
    3   20
 -0.06255546   0.00000000     0.03918505  -0.00000000    -0.05487387   0.00000000
  0.03914859  -0.00000000    -0.13077424   0.00000000     0.12731564  -0.00000000
 -0.05462767   0.00000000     0.12693073  -0.00000000    -0.25696553   0.00000000
    3   21
 -0.00057644   0.00000000    -0.00041669   0.00000000    -0.00050510   0.00000000
 -0.00048391   0.00000000    -0.00106492   0.00000000    -0.00086899   0.00000000
  0.00006402  -0.00000000    -0.00074212   0.00000000    -0.00069219   0.00000000
    3   22
 -0.00036608   0.00000000     0.00040559  -0.00000000     0.00012498  -0.00000000
  0.00015518  -0.00000000     0.00044176  -0.00000000    -0.00024804   0.00000000
  0.00020647  -0.00000000     0.00025425  -0.00000000    -0.00072938   0.00000000
    4    1
  0.00520736  -0.00000000     0.00717125  -0.00000000    -0.00021645   0.00000000
  0.01152464  -0.00000000    -0.01370093   0.00000000     0.00011005  -0.00000000
  0.00021354  -0.00000000    -0.00001392   0.00000000    -0.02606465   0.00000000
    4    2
  0.00997218  -0.00000000    -0.00766551   0.00000000     0.00004779  -0.00000000
 -0.00442212   0.00000000     0.00286149  -0.00000000     0.00004145  -0.00000000
  0.00030157  -0.00000000     0.00002093  -0.00000000    -0.00520947   0.00000000
    4    3
  0.00076950  -0.00000000     0.00061967  -0.00000000    -0.00006634   0.00000000
  0.00061967  -0.00000000    -0.00105255   0.00000000     0.00001471  -0.00000000
  0.00006634  -0.00000000    -0.00001471   0.00000000    -0.00174317   0.00000000
    4    4
  0.59353416   0.00000000    -0.01902936   0.00000000    -0.00003012   0.00000000
 -0.01902936   0.00000000     0.59632651   0.00000000    -0.00009062   0.00000000
 -0.00003012   0.00000000    -0.00009062   0.00000000     0.64606246   0.00000000
    4    5
 -0.00000000   0.00000000     0.00042523  -0.00000000    -0.00005958   0.00000000
  0.00042523  -0.00000000     0.00000000  -0.00000000    -0.00009291   0.00000000
  0.00005958  -0.00000000    -0.00009291   0.00000000    -0.00000000   0.00000000
    4    6
  0.00000000  -0.00000000    -0.00147852  -0.00000000     0.00003563   0.00000000
 -0.00147852  -0.00000000     0.00000000  -0.00000000     0.00000386   0.00000000
  0.00003563   0.00000000    -0.00000386  -0.00000000    -0.00000000   0.00000000
    4    7
 -0.00144884   0.00000000     0.00068765  -0.00000000     0.00005358  -0.00000000
  0.00006885  -0.00000000    -0.00061934   0.00000000    -0.00004087   0.00000000
 -0.00000109   0.00000000     0.00001518  -0.00000000    -0.00091352   0.00000000
    4    8
 -0.33518715   0.00000000     0.04476159  -0.00000000     0.00009842  -0.00000000
  0.04149827  -0.00000000    -0.05364925   0.00000000    -0.00002076   0.00000000
  0.00010024  -0.00000000    -0.00003861   0.00000000    -0.04913781   0.00000000
    4    9
  0.00034862  -0.00000000    -0.00045306   0.00000000    -0.00002482   0.00000000
  0.00018954  -0.00000000    -0.00015225   0.00000000    -0.00001449   0.00000000
 -0.00001438   0.00000000     0.00002599  -0.00000000     0.00032063  -0.00000000
    4   10
 -0.00315596  -0.00000000    -0.00036160  -0.00000000    -0.00001309  -0.00000000
 -0.00089889  -0.00000000    -0.00019764  -0.00000000    -0.00003293  -0.00000000
 -0.00011849  -0.00000000     0.00000013   0.00000000    -0.00063356  -0.00000000
    4   11
 -0.00023418   0.00000000     0.00040251  -0.00000000    -0.00006443   0.00000000
 -0.00038379   0.00000000    -0.00086162   0.00000000     0.00005194  -0.00000000
 -0.00009622   0.00000000    -0.00003725   0.00000000    -0.00041570   0.00000000
    4   12
 -0.11863665   0.00000000    -0.11924726   0.00000000    -0.00004688   0.00000000
 -0.11753661   0.00000000    -0.26213803   0.00000000     0.00003913  -0.00000000
  0.00005824  -0.00000000     0.00000136  -0.00000000    -0.05351262   0.00000000
    4   13
  0.00002796  -0.00000000     0.00046881  -0.00000000     0.00000808  -0.00000000
 -0.00095358   0.00000000     0.00236295  -0.00000000    -0.00003340   0.00000000
 -0.00010257   0.00000000     0.00002243  -0.00000000     0.00051402  -0.00000000
    4   14
  0.00056716   0.00000000     0.00036317   0.00000000    -0.00000490  -0.00000000
  0.00079562   0.00000000     0.00073752   0.00000000     0.00000723   0.00000000
  0.00009038   0.00000000    -0.00008690  -0.00000000     0.00030557   0.00000000
    4   15
 -0.00112273   0.00000000     0.00040037  -0.00000000     0.00033295  -0.00000000
  0.00020944  -0.00000000    -0.00067242   0.00000000     0.00006204  -0.00000000
  0.00005504  -0.00000000    -0.00020008   0.00000000    -0.00026659   0.00000000
    4   16
 -0.06248231  -0.00000000     0.03929828   0.00000000    -0.05480017  -0.00000000
  0.03943365   0.00000000    -0.13076846  -0.00000000     0.12753376   0.00000000
 -0.05498795  -0.00000000     0.12699068   0.00000000    -0.25731642  -0.00000000
    4   17
 -0.00058074   0.00000000    -0.00051055   0.00000000    -0.00043495   0.00000000
 -0.00023909   0.00000000    -0.00084476   0.00000000    -0.00059175   0.00000000
  0.00006319  -0.00000000    -0.00070944   0.00000000    -0.00076825   0.00000000
    4   18
 -0.00028888  -0.00000000     0.00047670   0.00000000     0.00015720   0.00000000
  0.00026675   0.00000000     0.00022193   0.00000000    -0.00026673  -0.00000000
  0.00029021   0.00000000     0.00021241   0.00000000    -0.00075784  -0.00000000
    4   19
 -0.06255546  -0.00000000     0.03918505   0.00000000     0.05487387   0.00000000
  0.03914859   0.00000000    -0.13077424  -0.00000000    -0.12731564  -0.00000000
  0.05462767   0.00000000    -0.12693073  -0.00000000    -0.25696553  -0.00000000
    4   20
 -0.00116927   0.00000000     0.00051741  -0.00000000    -0.00027694   0.00000000
 -0.00004664   0.00000000    -0.00061991   0.00000000     0.00003094  -0.00000000
 -0.00018908   0.00000000     0.00020005  -0.00000000    -0.00019844   0.00000000
    4   21
 -0.00036608   0.00000000     0.00040559  -0.00000000    -0.00012498   0.00000000
  0.00015518  -0.00000000     0.00044176  -0.00000000     0.00024804  -0.00000000
 -0.00020647   0.00000000    -0.00025425   0.00000000    -0.00072938   0.00000000
    4   22
 -0.00057644   0.00000000    -0.00041669   0.00000000     0.00050510  -0.00000000
 -0.00048391   0.00000000    -0.00106492   0.00000000     0.00086899  -0.00000000
 -0.00006402   0.00000000     0.00074212  -0.00000000    -0.00069219   0.00000000
    5    1
 -0.00997218   0.00000000    -0.00766551   0.00000000    -0.00004779   0.00000000
 -0.00442212   0.00000000    -0.00286149   0.00000000     0.00004145  -0.00000000
 -0.00030157   0.00000000     0.00002093  -0.00000000     0.00520947  -0.00000000
    5    2
  0.00520736  -0.00000000    -0.00717125   0.00000000    -0.00021645   0.00000000
 -0.01152464   0.00000000    -0.01370093   0.00000000    -0.00011005   0.00000000
  0.00021354  -0.00000000     0.00001392  -0.00000000    -0.02606465   0.00000000
    5    3
 -0.00000000   0.00000000    -0.00147852   0.00000000    -0.00003563   0.00000000
 -0.00147852   0.00000000    -0.00000000   0.00000000     0.00000386  -0.00000000
 -0.00003563   0.00000000    -0.00000386   0.00000000     0.00000000  -0.00000000
    5    4
  0.00000000  -0.00000000     0.00042523   0.00000000     0.00005958   0.00000000
  0.00042523   0.00000000    -0.00000000   0.00000000    -0.00009291  -0.00000000
 -0.00005958  -0.00000000    -0.00009291  -0.00000000     0.00000000  -0.00000000
    5    5
  0.59353416   0.00000000     0.01902936   0.00000000    -0.00003012   0.00000000
  0.01902936   0.00000000     0.59632651   0.00000000     0.00009062   0.00000000
 -0.00003012   0.00000000     0.00009062   0.00000000     0.64606246   0.00000000
    5    6
  0.00076950   0.00000000    -0.00061967  -0.00000000    -0.00006634  -0.00000000
 -0.00061967  -0.00000000    -0.00105255  -0.00000000    -0.00001471  -0.00000000
  0.00006634   0.00000000     0.00001471   0.00000000    -0.00174317  -0.00000000
    5    7
 -0.00315596   0.00000000     0.00036160  -0.00000000    -0.00001309   0.00000000
  0.00089889  -0.00000000    -0.00019764   0.00000000     0.00003293  -0.00000000
 -0.00011849   0.00000000    -0.00000013   0.00000000    -0.00063356   0.00000000
    5    8
  0.00034862   0.00000000     0.00045306   0.00000000    -0.00002482  -0.00000000
 -0.00018954  -0.00000000    -0.00015225  -0.00000000     0.00001449   0.00000000
 -0.00001438  -0.00000000    -0.00002599  -0.00000000     0.00032063   0.00000000
    5    9
  0.33518715  -0.00000000     0.04476159  -0.00000000    -0.00009842   0.00000000
  0.04149827  -0.00000000     0.05364925  -0.00000000    -0.00002076   0.00000000
 -0.00010024   0.00000000    -0.00003861   0.00000000     0.04913781  -0.00000000
    5   10
  0.00144884   0.00000000     0.00068765   0.00000000    -0.00005358  -0.00000000
  0.00006885   0.00000000     0.00061934   0.00000000    -0.00004087  -0.00000000
  0.00000109   0.00000000     0.00001518   0.00000000     0.00091352   0.00000000
    5   11
 -0.00056716   0.00000000     0.00036317  -0.00000000     0.00000490  -0.00000000
  0.00079562  -0.00000000    -0.00073752   0.00000000     0.00000723  -0.00000000
 -0.00009038   0.00000000    -0.00008690   0.00000000    -0.00030557   0.00000000
    5   12
 -0.00002796  -0.00000000     0.00046881   0.00000000    -0.00000808  -0.00000000
 -0.00095358  -0.00000000    -0.00236295  -0.00000000    -0.00003340  -0.00000000
  0.00010257   0.00000000     0.00002243   0.00000000    -0.00051402  -0.00000000
    5   13
 -0.11863665   0.00000000     0.11924726  -0.00000000    -0.00004688   0.00000000
  0.11753661  -0.00000000    -0.26213803   0.00000000    -0.00003913   0.00000000
  0.00005824  -0.00000000    -0.00000136   0.00000000    -0.05351262   0.00000000
    5   14
 -0.00023418  -0.00000000    -0.00040251  -0.00000000    -0.00006443  -0.00000000
  0.00038379   0.00000000    -0.00086162  -0.00000000    -0.00005194  -0.00000000
 -0.00009622  -0.00000000     0.00003725   0.00000000    -0.00041570  -0.00000000
    5   15
  0.00028888  -0.00000000     0.00047670  -0.00000000    -0.00015720   0.00000000
  0.00026675  -0.00000000    -0.00022193   0.00000000    -0.00026673   0.00000000
 -0.00029021   0.00000000     0.00021241  -0.00000000     0.00075784  -0.00000000
    5   16
  0.00058074   0.00000000    -0.00051055  -0.00000000     0.00043495   0.00000000
 -0.00023909  -0.00000000     0.00084476   0.00000000    -0.00059175  -0.00000000
 -0.00006319  -0.00000000    -0.00070944  -0.00000000     0.00076825   0.00000000
    5   17
 -0.06248231   0.00000000    -0.03929828   0.00000000    -0.05480017   0.00000000
 -0.03943365   0.00000000    -0.13076846   0.00000000    -0.12753376   0.00000000
 -0.05498795   0.00000000    -0.12699068   0.00000000    -0.25731642   0.00000000
    5   18
 -0.00112273  -0.00000000    -0.00040037  -0.00000000     0.00033295   0.00000000
 -0.00020944  -0.00000000    -0.00067242  -0.00000000    -0.00006204  -0.00000000
  0.00005504   0.00000000     0.00020008   0.00000000    -0.00026659  -0.00000000
    5   19
  0.00057644   0.00000000    -0.00041669  -0.00000000    -0.00050510  -0.00000000
 -0.00048391  -0.00000000     0.00106492   0.00000000     0.00086899   0.00000000
  0.00006402   0.00000000     0.00074212   0.00000000     0.00069219   0.00000000
    5   20
  0.00036608  -0.00000000     0.00040559  -0.00000000     0.00012498  -0.00000000
  0.00015518  -0.00000000    -0.00044176   0.00000000     0.00024804  -0.00000000
  0.00020647  -0.00000000    -0.00025425   0.00000000     0.00072938  -0.00000000
    5   21
 -0.00116927   0.00000000    -0.00051741   0.00000000    -0.00027694   0.00000000
  0.00004664  -0.00000000    -0.00061991   0.00000000    -0.00003094   0.00000000
 -0.00018908   0.00000000    -0.00020005   0.00000000    -0.00019844   0.00000000
    5   22
 -0.06255546   0.00000000    -0.03918505   0.00000000     0.05487387  -0.00000000
 -0.03914859   0.00000000    -0.13077424   0.00000000     0.12731564  -0.00000000
  0.05462767  -0.00000000     0.12693073  -0.00000000    -0.25696553   0.00000000
    6    1
 -0.00997218   0.00000000    -0.00766551   0.00000000     0.00004779  -0.00000000
 -0.00442212   0.00000000    -0.00286149   0.00000000    -0.00004145   0.00000000
  0.00030157  -0.00000000    -0.00002093   0.00000000     0.00520947  -0.00000000
    6    2
  0.00520736  -0.00000000    -0.00717125   0.00000000     0.00021645  -0.00000000
 -0.01152464   0.00000000    -0.01370093   0.00000000     0.00011005  -0.00000000
 -0.00021354   0.00000000    -0.00001392   0.00000000    -0.02606465   0.00000000
    6    3
  0.00000000   0.00000000     0.00042523  -0.00000000    -0.00005958   0.00000000
  0.00042523  -0.00000000    -0.00000000  -0.00000000     0.00009291  -0.00000000
  0.00005958  -0.00000000     0.00009291  -0.00000000     0.00000000   0.00000000
    6    4
 -0.00000000   0.00000000    -0.00147852   0.00000000     0.00003563  -0.00000000
 -0.00147852   0.00000000    -0.00000000   0.00000000    -0.00000386   0.00000000
  0.00003563  -0.00000000     0.00000386  -0.00000000     0.00000000  -0.00000000
    6    5
  0.00076950  -0.00000000    -0.00061967   0.00000000     0.00006634  -0.00000000
 -0.00061967   0.00000000    -0.00105255   0.00000000     0.00001471  -0.00000000
 -0.00006634   0.00000000    -0.00001471   0.00000000    -0.00174317   0.00000000
    6    6
  0.59353416   0.00000000     0.01902936   0.00000000     0.00003012   0.00000000
  0.01902936   0.00000000     0.59632651   0.00000000    -0.00009062   0.00000000
  0.00003012   0.00000000    -0.00009062   0.00000000     0.64606246   0.00000000
    6    7
  0.00034862  -0.00000000     0.00045306  -0.00000000     0.00002482  -0.00000000
 -0.00018954   0.00000000    -0.00015225   0.00000000    -0.00001449   0.00000000
  0.00001438  -0.00000000     0.00002599  -0.00000000     0.00032063  -0.00000000
    6    8
 -0.00315596   0.00000000     0.00036160  -0.00000000     0.00001309  -0.00000000
  0.00089889  -0.00000000    -0.00019764   0.00000000    -0.00003293   0.00000000
  0.00011849  -0.00000000     0.00000013  -0.00000000    -0.00063356   0.00000000
    6    9
  0.00144884  -0.00000000     0.00068765  -0.00000000     0.00005358  -0.00000000
  0.00006885  -0.00000000     0.00061934  -0.00000000     0.00004087  -0.00000000
 -0.00000109   0.00000000    -0.00001518   0.00000000     0.00091352  -0.00000000
    6   10
  0.33518715  -0.00000000     0.04476159  -0.00000000     0.00009842  -0.00000000
  0.04149827  -0.00000000     0.05364925  -0.00000000     0.00002076  -0.00000000
  0.00010024  -0.00000000     0.00003861  -0.00000000     0.04913781  -0.00000000
    6   11
 -0.00002796   0.00000000     0.00046881  -0.00000000     0.00000808  -0.00000000
 -0.00095358   0.00000000    -0.00236295   0.00000000     0.00003340  -0.00000000
 -0.00010257   0.00000000    -0.00002243   0.00000000    -0.00051402   0.00000000
    6   12
 -0.00056716   0.00000000     0.00036317  -0.00000000    -0.00000490   0.00000000
  0.00079562  -0.00000000    -0.00073752   0.00000000    -0.00000723   0.00000000
  0.00009038  -0.00000000     0.00008690  -0.00000000    -0.00030557   0.00000000
    6   13
 -0.00023418   0.00000000    -0.00040251   0.00000000     0.00006443  -0.00000000
  0.00038379  -0.00000000    -0.00086162   0.00000000     0.00005194  -0.00000000
  0.00009622  -0.00000000    -0.00003725   0.00000000    -0.00041570   0.00000000
    6   14
 -0.11863665   0.00000000     0.11924726  -0.00000000     0.00004688  -0.00000000
  0.11753661  -0.00000000    -0.26213803   0.00000000     0.00003913  -0.00000000
 -0.00005824   0.00000000     0.00000136  -0.00000000    -0.05351262   0.00000000
    6   15
  0.00058074  -0.00000000    -0.00051055   0.00000000    -0.00043495   0.00000000
 -0.00023909   0.00000000     0.00084476  -0.00000000     0.00059175  -0.00000000
  0.00006319  -0.00000000     0.00070944  -0.00000000     0.00076825  -0.00000000
    6   16
  0.00028888  -0.00000000     0.00047670  -0.00000000     0.00015720  -0.00000000
  0.00026675  -0.00000000    -0.00022193   0.00000000     0.00026673  -0.00000000
  0.00029021  -0.00000000    -0.00021241   0.00000000     0.00075784  -0.00000000
    6   17
 -0.00112273   0.00000000    -0.00040037   0.00000000    -0.00033295   0.00000000
 -0.00020944   0.00000000    -0.00067242   0.00000000     0.00006204  -0.00000000
 -0.00005504   0.00000000    -0.00020008   0.00000000    -0.00026659   0.00000000
    6   18
 -0.06248231  -0.00000000    -0.03929828  -0.00000000     0.05480017   0.00000000
 -0.03943365  -0.00000000    -0.13076846  -0.00000000     0.12753376   0.00000000
  0.05498795   0.00000000     0.12699068   0.00000000    -0.25731642  -0.00000000
    6   19
  0.00036608   0.00000000     0.00040559   0.00000000    -0.00012498  -0.00000000
  0.00015518   0.00000000    -0.00044176  -0.00000000    -0.00024804  -0.00000000
 -0.00020647  -0.00000000     0.00025425   0.00000000     0.00072938   0.00000000
    6   20
  0.00057644  -0.00000000    -0.00041669   0.00000000     0.00050510  -0.00000000
 -0.00048391   0.00000000     0.00106492  -0.00000000    -0.00086899   0.00000000
 -0.00006402   0.00000000    -0.00074212   0.00000000     0.00069219  -0.00000000
    6   21
 -0.06255546   0.00000000    -0.03918505   0.00000000    -0.05487387   0.00000000
 -0.03914859   0.00000000    -0.13077424   0.00000000    -0.12731564   0.00000000
 -0.05462767   0.00000000    -0.12693073   0.00000000    -0.25696553   0.00000000
    6   22
 -0.00116927   0.00000000    -0.00051741   0.00000000     0.00027694  -0.00000000
  0.00004664  -0.00000000    -0.00061991   0.00000000     0.00003094  -0.00000000
  0.00018908  -0.00000000     0.00020005  -0.00000000    -0.00019844   0.00000000
    7    1
 -0.00848385  -0.00000000     0.00123097   0.00000000     0.00004733   0.00000000
 -0.00395133  -0.00000000    -0.00546168  -0.00000000    -0.00002255  -0.00000000
 -0.00003244  -0.00000000    -0.00002935  -0.00000000    -0.00673499  -0.00000000
    7    2
 -0.00194578  -0.00000000     0.00668439   0.00000000     0.00008269   0.00000000
  0.00214626   0.00000000     0.00027328   0.00000000    -0.00014617  -0.00000000
  0.00010680   0.00000000     0.00006354   0.00000000     0.00198008   0.00000000
    7    3
 -0.33518715  -0.00000000     0.04149827   0.00000000    -0.00010024  -0.00000000
  0.04476159   0.00000000    -0.05364925  -0.00000000     0.00003861   0.00000000
 -0.00009842  -0.00000000     0.00002076   0.00000000    -0.04913781  -0.00000000
    7    4
 -0.00144884  -0.00000000     0.00006885   0.00000000    -0.00000109  -0.00000000
  0.00068765   0.00000000    -0.00061934  -0.00000000     0.00001518   0.00000000
  0.00005358   0.00000000    -0.00004087  -0.00000000    -0.00091352  -0.00000000
    7    5
 -0.00315596  -0.00000000     0.00089889   0.00000000    -0.00011849  -0.00000000
  0.00036160   0.00000000    -0.00019764  -0.00000000    -0.00000013  -0.00000000
 -0.00001309  -0.00000000     0.00003293   0.00000000    -0.00063356  -0.00000000
    7    6
  0.00034862   0.00000000    -0.00018954  -0.00000000     0.00001438   0.00000000
  0.00045306   0.00000000    -0.00015225  -0.00000000     0.00002599   0.00000000
  0.00002482   0.00000000    -0.00001449  -0.00000000     0.00032063   0.00000000
    7    7
  0.37999794   0.00000000    -0.04894995   0.00000000     0.00000008   0.00000000
 -0.04894995   0.00000000     0.06518924   0.00000000     0.00001122   0.00000000
  0.00000008   0.00000000     0.00001122   0.00000000     0.06269295   0.00000000
    7    8
 -0.00067767  -0.00000000     0.00061567   0.00000000    -0.00003490  -0.00000000
  0.00061567   0.00000000    -0.00027654  -0.00000000     0.00003632   0.00000000
  0.00003490   0.00000000    -0.00003632  -0.00000000    -0.00020424  -0.00000000
    7    9
  0.00000000  -0.00000000     0.00043063   0.00000000     0.00010560   0.00000000
  0.00043063   0.00000000    -0.00000000   0.00000000    -0.00001700  -0.00000000
  0.00010560   0.00000000     0.00001700   0.00000000    -0.00000000   0.00000000
    7   10
 -0.00000000  -0.00000000     0.00029468   0.00000000     0.00007955   0.00000000
  0.00029468   0.00000000     0.00000000   0.00000000    -0.00002995  -0.00000000
 -0.00007955  -0.00000000    -0.00002995  -0.00000000     0.00000000   0.00000000
    7   11
 -0.01785045  -0.00000000     0.00202803   0.00000000     0.00006996   0.00000000
 -0.03131623  -0.00000000     0.00487095   0.00000000    -0.00003471  -0.00000000
 -0.00002388  -0.00000000     0.00001159   0.00000000    -0.00252436  -0.00000000
    7   12
  0.00025719   0.00000000     0.00204821   0.00000000     0.00004325   0.00000000
  0.00077196   0.00000000    -0.00128620  -0.00000000    -0.00002762  -0.00000000
  0.00001073   0.00000000    -0.00004914  -0.00000000    -0.00004871  -0.00000000
    7   13
  0.00034711   0.00000000    -0.00042093  -0.00000000     0.00009299   0.00000000
 -0.00000574  -0.00000000    -0.00030731  -0.00000000    -0.00002941  -0.00000000
 -0.00002533  -0.00000000    -0.00001158  -0.00000000     0.00033756   0.00000000
    7   14
  0.00055494   0.00000000    -0.00113550  -0.00000000     0.00010455   0.00000000
 -0.00048394  -0.00000000    -0.00009687  -0.00000000    -0.00002198  -0.00000000
  0.00002890   0.00000000     0.00002427   0.00000000    -0.00031405  -0.00000000
    7   15
 -0.00730526  -0.00000000     0.00056951   0.00000000     0.00071696   0.00000000
  0.01930586   0.00000000    -0.00347543  -0.00000000     0.00060099   0.00000000
  0.03002206   0.00000000    -0.00427996  -0.00000000     0.00022165   0.00000000
    7   16
 -0.00032254  -0.00000000     0.00103922   0.00000000    -0.00007705  -0.00000000
  0.00031364   0.00000000    -0.00035289  -0.00000000     0.00001121   0.00000000
 -0.00016093  -0.00000000     0.00017483   0.00000000     0.00009469   0.00000000
    7   17
 -0.00083505  -0.00000000    -0.00021060  -0.00000000    -0.00032545  -0.00000000
 -0.00018853  -0.00000000    -0.00002690  -0.00000000    -0.00010983  -0.00000000
 -0.00007136  -0.00000000     0.00035889   0.00000000    -0.00001022  -0.00000000
    7   18
  0.00002079   0.00000000    -0.00051066  -0.00000000     0.00014872   0.00000000
 -0.00023965  -0.00000000    -0.00008176  -0.00000000     0.00008889   0.00000000
  0.00010753   0.00000000    -0.00004740  -0.00000000    -0.00002560  -0.00000000
    7   19
 -0.00032511  -0.00000000     0.00081689   0.00000000     0.00020163   0.00000000
  0.00029856   0.00000000    -0.00029460  -0.00000000    -0.00003678  -0.00000000
  0.00009349   0.00000000    -0.00014826  -0.00000000     0.00017351   0.00000000
    7   20
 -0.00757314   0.00000000     0.00078363  -0.00000000    -0.00065503   0.00000000
  0.01934292  -0.00000000    -0.00354557   0.00000000    -0.00060969   0.00000000
 -0.03002155   0.00000000     0.00425757  -0.00000000     0.00020990  -0.00000000
    7   21
  0.00012035   0.00000000    -0.00040486  -0.00000000    -0.00025460  -0.00000000
 -0.00031344  -0.00000000    -0.00015067  -0.00000000    -0.00013011  -0.00000000
 -0.00003662  -0.00000000    -0.00002763  -0.00000000    -0.00012303  -0.00000000
    7   22
 -0.00094346  -0.00000000    -0.00036333  -0.00000000     0.00030318   0.00000000
 -0.00017560  -0.00000000     0.00004015   0.00000000     0.00009183   0.00000000
  0.00005476   0.00000000    -0.00028744  -0.00000000    -0.00010961  -0.00000000
    8    1
 -0.00848385   0.00000000     0.00123097  -0.00000000    -0.00004733   0.00000000
 -0.00395133   0.00000000    -0.00546168   0.00000000     0.00002255  -0.00000000
  0.00003244  -0.00000000     0.00002935  -0.00000000    -0.00673499   0.00000000
    8    2
 -0.00194578   0.00000000     0.00668439  -0.00000000    -0.00008269   0.00000000
  0.00214626  -0.00000000     0.00027328  -0.00000000     0.00014617  -0.00000000
 -0.00010680   0.00000000    -0.00006354   0.00000000     0.00198008  -0.00000000
    8    3
 -0.00144884   0.00000000     0.00006885  -0.00000000     0.00000109  -0.00000000
  0.00068765  -0.00000000    -0.00061934   0.00000000    -0.00001518   0.00000000
 -0.00005358   0.00000000     0.00004087  -0.00000000    -0.00091352   0.00000000
    8    4
 -0.33518715  -0.00000000     0.04149827   0.00000000     0.00010024   0.00000000
  0.04476159   0.00000000    -0.05364925  -0.00000000    -0.00003861  -0.00000000
  0.00009842   0.00000000    -0.00002076  -0.00000000    -0.04913781  -0.00000000
    8    5
  0.00034862  -0.00000000    -0.00018954   0.00000000    -0.00001438   0.00000000
  0.00045306  -0.00000000    -0.00015225   0.00000000    -0.00002599   0.00000000
 -0.00002482   0.00000000     0.00001449  -0.00000000     0.00032063  -0.00000000
    8    6
 -0.00315596  -0.00000000     0.00089889   0.00000000     0.00011849   0.00000000
  0.00036160   0.00000000    -0.00019764  -0.00000000     0.00000013   0.00000000
  0.00001309   0.00000000    -0.00003293  -0.00000000    -0.00063356  -0.00000000
    8    7
 -0.00067767   0.00000000     0.00061567  -0.00000000     0.00003490  -0.00000000
  0.00061567  -0.00000000    -0.00027654   0.00000000    -0.00003632   0.00000000
 -0.00003490   0.00000000     0.00003632  -0.00000000    -0.00020424   0.00000000
    8    8
  0.37999794   0.00000000    -0.04894995   0.00000000    -0.00000008   0.00000000
 -0.04894995   0.00000000     0.06518924   0.00000000    -0.00001122   0.00000000
 -0.00000008   0.00000000    -0.00001122   0.00000000     0.06269295   0.00000000
    8    9
 -0.00000000   0.00000000     0.00029468  -0.00000000    -0.00007955   0.00000000
  0.00029468  -0.00000000     0.00000000  -0.00000000     0.00002995  -0.00000000
  0.00007955  -0.00000000     0.00002995  -0.00000000     0.00000000  -0.00000000
    8   10
  0.00000000  -0.00000000     0.00043063   0.00000000    -0.00010560  -0.00000000
  0.00043063   0.00000000    -0.00000000   0.00000000     0.00001700   0.00000000
 -0.00010560  -0.00000000    -0.00001700  -0.00000000    -0.00000000   0.00000000
    8   11
  0.00025719  -0.00000000     0.00204821  -0.00000000    -0.00004325   0.00000000
  0.00077196  -0.00000000    -0.00128620   0.00000000     0.00002762  -0.00000000
 -0.00001073   0.00000000     0.00004914  -0.00000000    -0.00004871   0.00000000
    8   12
 -0.01785045   0.00000000     0.00202803  -0.00000000    -0.00006996   0.00000000
 -0.03131623   0.00000000     0.00487095  -0.00000000     0.00003471  -0.00000000
  0.00002388  -0.00000000    -0.00001159   0.00000000    -0.00252436   0.00000000
    8   13
  0.00055494  -0.00000000    -0.00113550   0.00000000    -0.00010455   0.00000000
 -0.00048394   0.00000000    -0.00009687   0.00000000     0.00002198  -0.00000000
 -0.00002890   0.00000000    -0.00002427   0.00000000    -0.00031405   0.00000000
    8   14
  0.00034711   0.00000000    -0.00042093  -0.00000000    -0.00009299  -0.00000000
 -0.00000574  -0.00000000    -0.00030731  -0.00000000     0.00002941   0.00000000
  0.00002533   0.00000000     0.00001158   0.00000000     0.00033756   0.00000000
    8   15
 -0.00032254   0.00000000     0.00103922  -0.00000000     0.00007705  -0.00000000
  0.00031364  -0.00000000    -0.00035289   0.00000000    -0.00001121   0.00000000
  0.00016093  -0.00000000    -0.00017483   0.00000000     0.00009469  -0.00000000
    8   16
 -0.00730526  -0.00000000     0.00056951   0.00000000    -0.00071696  -0.00000000
  0.01930586   0.00000000    -0.00347543  -0.00000000    -0.00060099  -0.00000000
 -0.03002206  -0.00000000     0.00427996   0.00000000     0.00022165   0.00000000
    8   17
  0.00002079  -0.00000000    -0.00051066   0.00000000    -0.00014872   0.00000000
 -0.00023965   0.00000000    -0.00008176   0.00000000    -0.00008889   0.00000000
 -0.00010753   0.00000000     0.00004740  -0.00000000    -0.00002560   0.00000000
    8   18
 -0.00083505  -0.00000000    -0.00021060  -0.00000000     0.00032545   0.00000000
 -0.00018853  -0.00000000    -0.00002690  -0.00000000     0.00010983   0.00000000
  0.00007136   0.00000000    -0.00035889  -0.00000000    -0.00001022  -0.00000000
    8   19
 -0.00757314  -0.00000000     0.00078363   0.00000000     0.00065503   0.00000000
  0.01934292   0.00000000    -0.00354557  -0.00000000     0.00060969   0.00000000
  0.03002155   0.00000000    -0.00425757  -0.00000000     0.00020990   0.00000000
    8   20
 -0.00032511   0.00000000     0.00081689  -0.00000000    -0.00020163   0.00000000
  0.00029856  -0.00000000    -0.00029460   0.00000000     0.00003678  -0.00000000
 -0.00009349   0.00000000     0.00014826  -0.00000000     0.00017351  -0.00000000
    8   21
 -0.00094346   0.00000000    -0.00036333   0.00000000    -0.00030318   0.00000000
 -0.00017560   0.00000000     0.00004015  -0.00000000    -0.00009183   0.00000000
 -0.00005476   0.00000000     0.00028744  -0.00000000    -0.00010961   0.00000000
    8   22
  0.00012035  -0.00000000    -0.00040486   0.00000000     0.00025460  -0.00000000
 -0.00031344   0.00000000    -0.00015067   0.00000000     0.00013011  -0.00000000
  0.00003662  -0.00000000     0.00002763  -0.00000000    -0.00012303   0.00000000
    9    1
 -0.00194578  -0.00000000    -0.00668439  -0.00000000    -0.00008269  -0.00000000
 -0.00214626  -0.00000000     0.00027328   0.00000000    -0.00014617  -0.00000000
 -0.00010680  -0.00000000     0.00006354   0.00000000     0.00198008   0.00000000
    9    2
  0.00848385   0.00000000     0.00123097   0.00000000     0.00004733   0.00000000
 -0.00395133  -0.00000000     0.00546168   0.00000000     0.00002255   0.00000000
 -0.00003244  -0.00000000     0.00002935   0.00000000     0.00673499   0.00000000
    9    3
 -0.00315596  -0.00000000    -0.00089889  -0.00000000     0.00011849   0.00000000
 -0.00036160  -0.00000000    -0.00019764  -0.00000000    -0.00000013  -0.00000000
  0.00001309   0.00000000     0.00003293   0.00000000    -0.00063356  -0.00000000
    9    4
  0.00034862   0.00000000     0.00018954   0.00000000    -0.00001438  -0.00000000
 -0.00045306  -0.00000000    -0.00015225  -0.00000000     0.00002599   0.00000000
 -0.00002482  -0.00000000    -0.00001449  -0.00000000     0.00032063   0.00000000
    9    5
  0.33518715   0.00000000     0.04149827   0.00000000    -0.00010024  -0.00000000
  0.04476159   0.00000000     0.05364925   0.00000000    -0.00003861  -0.00000000
 -0.00009842  -0.00000000    -0.00002076  -0.00000000     0.04913781   0.00000000
    9    6
  0.00144884   0.00000000     0.00006885   0.00000000    -0.00000109  -0.00000000
  0.00068765   0.00000000     0.00061934   0.00000000    -0.00001518  -0.00000000
  0.00005358   0.00000000     0.00004087   0.00000000     0.00091352   0.00000000
    9    7
 -0.00000000  -0.00000000     0.00043063  -0.00000000     0.00010560  -0.00000000
  0.00043063  -0.00000000     0.00000000   0.00000000     0.00001700  -0.00000000
  0.00010560  -0.00000000    -0.00001700   0.00000000     0.00000000   0.00000000
    9    8
  0.00000000  -0.00000000     0.00029468   0.00000000     0.00007955   0.00000000
  0.00029468   0.00000000    -0.00000000   0.00000000     0.00002995   0.00000000
 -0.00007955  -0.00000000     0.00002995   0.00000000    -0.00000000  -0.00000000
    9    9
  0.37999794   0.00000000     0.04894995   0.00000000    -0.00000008   0.00000000
  0.04894995   0.00000000     0.06518924   0.00000000     0.00001122   0.00000000
 -0.00000008   0.00000000     0.00001122   0.00000000     0.06269295   0.00000000
    9   10
 -0.00067767  -0.00000000    -0.00061567  -0.00000000     0.00003490   0.00000000
 -0.00061567  -0.00000000    -0.00027654  -0.00000000     0.00003632   0.00000000
 -0.00003490  -0.00000000    -0.00003632  -0.00000000    -0.00020424  -0.00000000
    9   11
  0.00034711   0.00000000     0.00042093   0.00000000    -0.00009299  -0.00000000
  0.00000574   0.00000000    -0.00030731  -0.00000000    -0.00002941  -0.00000000
  0.00002533   0.00000000    -0.00001158  -0.00000000     0.00033756   0.00000000
    9   12
  0.00055494   0.00000000     0.00113550   0.00000000    -0.00010455  -0.00000000
  0.00048394   0.00000000    -0.00009687  -0.00000000    -0.00002198  -0.00000000
 -0.00002890  -0.00000000     0.00002427   0.00000000    -0.00031405  -0.00000000
    9   13
  0.01785045   0.00000000     0.00202803   0.00000000     0.00006996   0.00000000
 -0.03131623  -0.00000000    -0.00487095  -0.00000000     0.00003471   0.00000000
 -0.00002388  -0.00000000    -0.00001159  -0.00000000     0.00252436   0.00000000
    9   14
 -0.00025719  -0.00000000     0.00204821   0.00000000     0.00004325   0.00000000
  0.00077196   0.00000000     0.00128620   0.00000000     0.00002762   0.00000000
  0.00001073   0.00000000     0.00004914   0.00000000     0.00004871   0.00000000
    9   15
 -0.00083505  -0.00000000     0.00021060   0.00000000     0.00032545   0.00000000
  0.00018853   0.00000000    -0.00002690  -0.00000000    -0.00010983  -0.00000000
  0.00007136   0.00000000     0.00035889   0.00000000    -0.00001022  -0.00000000
    9   16
  0.00002079   0.00000000     0.00051066   0.00000000    -0.00014872  -0.00000000
  0.00023965   0.00000000    -0.00008176  -0.00000000     0.00008889   0.00000000
 -0.00010753  -0.00000000    -0.00004740  -0.00000000    -0.00002560  -0.00000000
    9   17
  0.00730526   0.00000000     0.00056951   0.00000000     0.00071696   0.00000000
  0.01930586   0.00000000     0.00347543   0.00000000    -0.00060099  -0.00000000
  0.03002206   0.00000000     0.00427996   0.00000000    -0.00022165  -0.00000000
    9   18
  0.00032254   0.00000000     0.00103922   0.00000000    -0.00007705  -0.00000000
  0.00031364   0.00000000     0.00035289   0.00000000    -0.00001121  -0.00000000
 -0.00016093  -0.00000000    -0.00017483  -0.00000000    -0.00009469  -0.00000000
    9   19
  0.00012035   0.00000000     0.00040486   0.00000000     0.00025460   0.00000000
  0.00031344   0.00000000    -0.00015067  -0.00000000    -0.00013011  -0.00000000
  0.00003662   0.00000000    -0.00002763  -0.00000000    -0.00012303  -0.00000000
    9   20
 -0.00094346   0.00000000     0.00036333  -0.00000000    -0.00030318   0.00000000
  0.00017560  -0.00000000     0.00004015  -0.00000000     0.00009183  -0.00000000
 -0.00005476   0.00000000    -0.00028744   0.00000000    -0.00010961   0.00000000
    9   21
  0.00032511   0.00000000     0.00081689   0.00000000     0.00020163   0.00000000
  0.00029856   0.00000000     0.00029460   0.00000000     0.00003678   0.00000000
  0.00009349   0.00000000     0.00014826   0.00000000    -0.00017351  -0.00000000
    9   22
  0.00757314   0.00000000     0.00078363   0.00000000    -0.00065503  -0.00000000
  0.01934292   0.00000000     0.00354557   0.00000000     0.00060969   0.00000000
 -0.03002155  -0.00000000    -0.00425757  -0.00000000    -0.00020990  -0.00000000
   10    1
 -0.00194578   0.00000000    -0.00668439   0.00000000     0.00008269  -0.00000000
 -0.00214626   0.00000000     0.00027328  -0.00000000     0.00014617  -0.00000000
  0.00010680  -0.00000000    -0.00006354   0.00000000     0.00198008  -0.00000000
   10    2
  0.00848385  -0.00000000     0.00123097  -0.00000000    -0.00004733   0.00000000
 -0.00395133   0.00000000     0.00546168  -0.00000000    -0.00002255   0.00000000
  0.00003244  -0.00000000    -0.00002935   0.00000000     0.00673499  -0.00000000
   10    3
  0.00034862  -0.00000000     0.00018954  -0.00000000     0.00001438  -0.00000000
 -0.00045306   0.00000000    -0.00015225   0.00000000    -0.00002599   0.00000000
  0.00002482  -0.00000000     0.00001449  -0.00000000     0.00032063  -0.00000000
   10    4
 -0.00315596   0.00000000    -0.00089889   0.00000000    -0.00011849   0.00000000
 -0.00036160   0.00000000    -0.00019764   0.00000000     0.00000013  -0.00000000
 -0.00001309   0.00000000    -0.00003293   0.00000000    -0.00063356   0.00000000
   10    5
  0.00144884  -0.00000000     0.00006885  -0.00000000     0.00000109  -0.00000000
  0.00068765  -0.00000000     0.00061934  -0.00000000     0.00001518  -0.00000000
 -0.00005358   0.00000000    -0.00004087   0.00000000     0.00091352  -0.00000000
   10    6
  0.33518715   0.00000000     0.04149827   0.00000000     0.00010024   0.00000000
  0.04476159   0.00000000     0.05364925   0.00000000     0.00003861   0.00000000
  0.00009842   0.00000000     0.00002076   0.00000000     0.04913781   0.00000000
   10    7
  0.00000000   0.00000000     0.00029468  -0.00000000    -0.00007955   0.00000000
  0.00029468  -0.00000000    -0.00000000  -0.00000000    -0.00002995   0.00000000
  0.00007955  -0.00000000    -0.00002995   0.00000000    -0.00000000   0.00000000
   10    8
 -0.00000000   0.00000000     0.00043063  -0.00000000    -0.00010560   0.00000000
  0.00043063  -0.00000000     0.00000000  -0.00000000    -0.00001700   0.00000000
 -0.00010560   0.00000000     0.00001700  -0.00000000     0.00000000  -0.00000000
   10    9
 -0.00067767   0.00000000    -0.00061567   0.00000000    -0.00003490   0.00000000
 -0.00061567   0.00000000    -0.00027654   0.00000000    -0.00003632   0.00000000
  0.00003490  -0.00000000     0.00003632  -0.00000000    -0.00020424   0.00000000
   10   10
  0.37999794   0.00000000     0.04894995   0.00000000     0.00000008   0.00000000
  0.04894995   0.00000000     0.06518924   0.00000000    -0.00001122   0.00000000
  0.00000008   0.00000000    -0.00001122   0.00000000     0.06269295   0.00000000
   10   11
  0.00055494  -0.00000000     0.00113550  -0.00000000     0.00010455  -0.00000000
  0.00048394  -0.00000000    -0.00009687   0.00000000     0.00002198  -0.00000000
  0.00002890  -0.00000000    -0.00002427   0.00000000    -0.00031405   0.00000000
   10   12
  0.00034711  -0.00000000     0.00042093  -0.00000000     0.00009299  -0.00000000
  0.00000574  -0.00000000    -0.00030731   0.00000000     0.00002941  -0.00000000
 -0.00002533   0.00000000     0.00001158  -0.00000000     0.00033756  -0.00000000
   10   13
 -0.00025719   0.00000000     0.00204821  -0.00000000    -0.00004325   0.00000000
  0.00077196  -0.00000000     0.00128620  -0.00000000    -0.00002762   0.00000000
 -0.00001073   0.00000000    -0.00004914   0.00000000     0.00004871  -0.00000000
   10   14
  0.01785045  -0.00000000     0.00202803  -0.00000000    -0.00006996   0.00000000
 -0.03131623   0.00000000    -0.00487095   0.00000000    -0.00003471   0.00000000
  0.00002388  -0.00000000     0.00001159  -0.00000000     0.00252436  -0.00000000
   10   15
  0.00002079  -0.00000000     0.00051066  -0.00000000     0.00014872  -0.00000000
  0.00023965  -0.00000000    -0.00008176   0.00000000    -0.00008889   0.00000000
  0.00010753  -0.00000000     0.00004740  -0.00000000    -0.00002560   0.00000000
   10   16
 -0.00083505  -0.00000000     0.00021060   0.00000000    -0.00032545  -0.00000000
  0.00018853   0.00000000    -0.00002690  -0.00000000     0.00010983   0.00000000
 -0.00007136  -0.00000000    -0.00035889  -0.00000000    -0.00001022  -0.00000000
   10   17
  0.00032254  -0.00000000     0.00103922  -0.00000000     0.00007705  -0.00000000
  0.00031364  -0.00000000     0.00035289  -0.00000000     0.00001121  -0.00000000
  0.00016093  -0.00000000     0.00017483  -0.00000000    -0.00009469   0.00000000
   10   18
  0.00730526   0.00000000     0.00056951   0.00000000    -0.00071696  -0.00000000
  0.01930586   0.00000000     0.00347543   0.00000000     0.00060099   0.00000000
 -0.03002206  -0.00000000    -0.00427996  -0.00000000    -0.00022165  -0.00000000
   10   19
 -0.00094346  -0.00000000     0.00036333   0.00000000     0.00030318   0.00000000
  0.00017560   0.00000000     0.00004015   0.00000000    -0.00009183  -0.00000000
  0.00005476   0.00000000     0.00028744   0.00000000    -0.00010961  -0.00000000
   10   20
  0.00012035  -0.00000000     0.00040486  -0.00000000    -0.00025460   0.00000000
  0.00031344  -0.00000000    -0.00015067   0.00000000     0.00013011  -0.00000000
 -0.00003662   0.00000000     0.00002763  -0.00000000    -0.00012303   0.00000000
   10   21
  0.00757314  -0.00000000     0.00078363  -0.00000000     0.00065503  -0.00000000
  0.01934292  -0.00000000     0.00354557  -0.00000000    -0.00060969   0.00000000
  0.03002155  -0.00000000     0.00425757  -0.00000000    -0.00020990   0.00000000
   10   22
  0.00032511  -0.00000000     0.00081689  -0.00000000    -0.00020163   0.00000000
  0.00029856  -0.00000000     0.00029460  -0.00000000    -0.00003678   0.00000000
 -0.00009349   0.00000000    -0.00014826   0.00000000    -0.00017351   0.00000000
   11    1
 -0.00669458  -0.00000000    -0.00491238  -0.00000000     0.00028441   0.00000000
 -0.00094251  -0.00000000    -0.00715310  -0.00000000     0.00009149   0.00000000
 -0.00006203  -0.00000000    -0.00007247  -0.00000000    -0.00299542  -0.00000000
   11    2
  0.00001559  -0.00000000     0.00395730  -0.00000000     0.00046155  -0.00000000
  0.00693789  -0.00000000     0.00077162  -0.00000000     0.00030708  -0.00000000
 -0.00005849   0.00000000     0.00000440  -0.00000000     0.00075113  -0.00000000
   11    3
 -0.11863665  -0.00000000    -0.11753661  -0.00000000    -0.00005824  -0.00000000
 -0.11924726  -0.00000000    -0.26213803  -0.00000000    -0.00000136  -0.00000000
  0.00004688   0.00000000    -0.00003913  -0.00000000    -0.05351262  -0.00000000
   11    4
 -0.00023418  -0.00000000    -0.00038379  -0.00000000    -0.00009622  -0.00000000
  0.00040251   0.00000000    -0.00086162  -0.00000000    -0.00003725  -0.00000000
 -0.00006443  -0.00000000     0.00005194   0.00000000    -0.00041570  -0.00000000
   11    5
 -0.00056716  -0.00000000     0.00079562   0.00000000    -0.00009038  -0.00000000
  0.00036317   0.00000000    -0.00073752  -0.00000000    -0.00008690  -0.00000000
  0.00000490   0.00000000     0.00000723   0.00000000    -0.00030557  -0.00000000
   11    6
 -0.00002796  -0.00000000    -0.00095358  -0.00000000    -0.00010257  -0.00000000
  0.00046881   0.00000000    -0.00236295  -0.00000000    -0.00002243  -0.00000000
  0.00000808   0.00000000     0.00003340   0.00000000    -0.00051402  -0.00000000
   11    7
 -0.01785045   0.00000000    -0.03131623   0.00000000    -0.00002388   0.00000000
  0.00202803  -0.00000000     0.00487095  -0.00000000     0.00001159  -0.00000000
  0.00006996  -0.00000000    -0.00003471   0.00000000    -0.00252436   0.00000000
   11    8
  0.00025719   0.00000000     0.00077196   0.00000000    -0.00001073  -0.00000000
  0.00204821   0.00000000    -0.00128620  -0.00000000     0.00004914   0.00000000
 -0.00004325  -0.00000000     0.00002762   0.00000000    -0.00004871  -0.00000000
   11    9
  0.00034711  -0.00000000     0.00000574  -0.00000000     0.00002533  -0.00000000
  0.00042093  -0.00000000    -0.00030731   0.00000000    -0.00001158   0.00000000
 -0.00009299   0.00000000    -0.00002941   0.00000000     0.00033756  -0.00000000
   11   10
  0.00055494   0.00000000     0.00048394   0.00000000     0.00002890   0.00000000
  0.00113550   0.00000000    -0.00009687  -0.00000000    -0.00002427  -0.00000000
  0.00010455   0.00000000     0.00002198   0.00000000    -0.00031405  -0.00000000
   11   11
  0.13393603   0.00000000     0.13692191   0.00000000    -0.00005720   0.00000000
  0.13692191   0.00000000     0.30280510   0.00000000    -0.00010947   0.00000000
 -0.00005720   0.00000000    -0.00010947   0.00000000     0.06160366   0.00000000
   11   12
  0.00011322   0.00000000     0.00031532   0.00000000    -0.00006216  -0.00000000
  0.00031532   0.00000000     0.00020412   0.00000000    -0.00007040  -0.00000000
  0.00006216   0.00000000     0.00007040   0.00000000    -0.00024184  -0.00000000
   11   13
 -0.00000000   0.00000000     0.00014003   0.00000000    -0.00010506  -0.00000000
  0.00014003   0.00000000    -0.00000000  -0.00000000    -0.00014571  -0.00000000
 -0.00010506  -0.00000000     0.00014571   0.00000000    -0.00000000  -0.00000000
   11   14
  0.00000000   0.00000000    -0.00111777  -0.00000000    -0.00011440  -0.00000000
 -0.00111777  -0.00000000    -0.00000000  -0.00000000    -0.00011452  -0.00000000
  0.00011440   0.00000000    -0.00011452  -0.00000000    -0.00000000  -0.00000000
   11   15
  0.00431441   0.00000000     0.00971628   0.00000000    -0.00097070  -0.00000000
 -0.00912877  -0.00000000    -0.01627881  -0.00000000    -0.00003869  -0.00000000
 -0.01514030  -0.00000000    -0.02587045  -0.00000000    -0.00004512  -0.00000000
   11   16
  0.00021260   0.00000000     0.00011830   0.00000000    -0.00023322  -0.00000000
  0.00085496   0.00000000    -0.00024239  -0.00000000    -0.00013823  -0.00000000
 -0.00012278  -0.00000000     0.00018911   0.00000000     0.00002356   0.00000000
   11   17
 -0.00034980  -0.00000000    -0.00037390  -0.00000000    -0.00023939  -0.00000000
 -0.00003612  -0.00000000     0.00003974   0.00000000     0.00018585   0.00000000
 -0.00013714  -0.00000000    -0.00012322  -0.00000000    -0.00017982  -0.00000000
   11   18
 -0.00010879  -0.00000000    -0.00041959  -0.00000000     0.00010672   0.00000000
 -0.00036212  -0.00000000    -0.00018112  -0.00000000     0.00008168   0.00000000
  0.00008604   0.00000000     0.00013093   0.00000000    -0.00009321  -0.00000000
   11   19
  0.00029763   0.00000000     0.00021561   0.00000000     0.00017297   0.00000000
  0.00091729   0.00000000    -0.00002933  -0.00000000    -0.00001259  -0.00000000
  0.00013148   0.00000000    -0.00025527  -0.00000000    -0.00004980  -0.00000000
   11   20
  0.00448835  -0.00000000     0.00960138  -0.00000000     0.00101641  -0.00000000
 -0.00885059   0.00000000    -0.01650305   0.00000000     0.00004177  -0.00000000
  0.01521659  -0.00000000     0.02597700  -0.00000000    -0.00011176   0.00000000
   11   21
 -0.00011947   0.00000000    -0.00040677   0.00000000    -0.00000881   0.00000000
 -0.00055294   0.00000000    -0.00034195   0.00000000    -0.00001825   0.00000000
  0.00000184  -0.00000000    -0.00003899   0.00000000     0.00007260  -0.00000000
   11   22
 -0.00036378   0.00000000    -0.00038280   0.00000000     0.00027186  -0.00000000
  0.00000257  -0.00000000     0.00019514  -0.00000000    -0.00015006   0.00000000
 -0.00003278   0.00000000     0.00001300  -0.00000000     0.00002595  -0.00000000
   12    1
 -0.00669458   0.00000000    -0.00491238   0.00000000    -0.00028441   0.00000000
 -0.00094251   0.00000000    -0.00715310   0.00000000    -0.00009149   0.00000000
  0.00006203  -0.00000000     0.00007247  -0.00000000    -0.00299542   0.00000000
   12    2
  0.00001559  -0.00000000     0.00395730  -0.00000000    -0.00046155   0.00000000
  0.00693789  -0.00000000     0.00077162  -0.00000000    -0.00030708   0.00000000
  0.00005849  -0.00000000    -0.00000440   0.00000000     0.00075113  -0.00000000
   12    3
 -0.00023418   0.00000000    -0.00038379   0.00000000     0.00009622  -0.00000000
  0.00040251  -0.00000000    -0.00086162   0.00000000     0.00003725  -0.00000000
  0.00006443  -0.00000000    -0.00005194   0.00000000    -0.00041570   0.00000000
   12    4
 -0.11863665  -0.00000000    -0.11753661  -0.00000000     0.00005824   0.00000000
 -0.11924726  -0.00000000    -0.26213803  -0.00000000     0.00000136   0.00000000
 -0.00004688  -0.00000000     0.00003913   0.00000000    -0.05351262  -0.00000000
   12    5
 -0.00002796   0.00000000    -0.00095358   0.00000000     0.00010257  -0.00000000
  0.00046881  -0.00000000    -0.00236295   0.00000000     0.00002243  -0.00000000
 -0.00000808   0.00000000    -0.00003340   0.00000000    -0.00051402   0.00000000
   12    6
 -0.00056716  -0.00000000     0.00079562   0.00000000     0.00009038   0.00000000
  0.00036317   0.00000000    -0.00073752  -0.00000000     0.00008690   0.00000000
 -0.00000490  -0.00000000    -0.00000723  -0.00000000    -0.00030557  -0.00000000
   12    7
  0.00025719  -0.00000000     0.00077196  -0.00000000     0.00001073  -0.00000000
  0.00204821  -0.00000000    -0.00128620   0.00000000    -0.00004914   0.00000000
  0.00004325  -0.00000000    -0.00002762   0.00000000    -0.00004871   0.00000000
   12    8
 -0.01785045  -0.00000000    -0.03131623  -0.00000000     0.00002388   0.00000000
  0.00202803   0.00000000     0.00487095   0.00000000    -0.00001159  -0.00000000
 -0.00006996  -0.00000000     0.00003471   0.00000000    -0.00252436  -0.00000000
   12    9
  0.00055494  -0.00000000     0.00048394  -0.00000000    -0.00002890   0.00000000
  0.00113550  -0.00000000    -0.00009687   0.00000000     0.00002427  -0.00000000
 -0.00010455   0.00000000    -0.00002198   0.00000000    -0.00031405   0.00000000
   12   10
  0.00034711   0.00000000     0.00000574   0.00000000    -0.00002533  -0.00000000
  0.00042093   0.00000000    -0.00030731  -0.00000000     0.00001158   0.00000000
  0.00009299   0.00000000     0.00002941   0.00000000     0.00033756   0.00000000
   12   11
  0.00011322  -0.00000000     0.00031532  -0.00000000     0.00006216  -0.00000000
  0.00031532  -0.00000000     0.00020412  -0.00000000     0.00007040  -0.00000000
 -0.00006216   0.00000000    -0.00007040   0.00000000    -0.00024184   0.00000000
   12   12
  0.13393603   0.00000000     0.13692191   0.00000000     0.00005720   0.00000000
  0.13692191   0.00000000     0.30280510   0.00000000     0.00010947   0.00000000
  0.00005720   0.00000000     0.00010947   0.00000000     0.06160366   0.00000000
   12   13
  0.00000000  -0.00000000    -0.00111777   0.00000000     0.00011440  -0.00000000
 -0.00111777   0.00000000    -0.00000000   0.00000000     0.00011452  -0.00000000
 -0.00011440   0.00000000     0.00011452  -0.00000000    -0.00000000   0.00000000
   12   14
 -0.00000000  -0.00000000     0.00014003   0.00000000     0.00010506   0.00000000
  0.00014003   0.00000000    -0.00000000  -0.00000000     0.00014571   0.00000000
  0.00010506   0.00000000    -0.00014571  -0.00000000    -0.00000000  -0.00000000
   12   15
  0.00021260  -0.00000000     0.00011830  -0.00000000     0.00023322  -0.00000000
  0.00085496  -0.00000000    -0.00024239   0.00000000     0.00013823  -0.00000000
  0.00012278  -0.00000000    -0.00018911   0.00000000     0.00002356  -0.00000000
   12   16
  0.00431441   0.00000000     0.00971628   0.00000000     0.00097070   0.00000000
 -0.00912877  -0.00000000    -0.01627881  -0.00000000     0.00003869   0.00000000
  0.01514030   0.00000000     0.02587045   0.00000000    -0.00004512  -0.00000000
   12   17
 -0.00010879   0.00000000    -0.00041959   0.00000000    -0.00010672   0.00000000
 -0.00036212   0.00000000    -0.00018112   0.00000000    -0.00008168   0.00000000
 -0.00008604   0.00000000    -0.00013093   0.00000000    -0.00009321   0.00000000
   12   18
 -0.00034980  -0.00000000    -0.00037390  -0.00000000     0.00023939   0.00000000
 -0.00003612  -0.00000000     0.00003974   0.00000000    -0.00018585  -0.00000000
  0.00013714   0.00000000     0.00012322   0.00000000    -0.00017982  -0.00000000
   12   19
  0.00448835   0.00000000     0.00960138   0.00000000    -0.00101641  -0.00000000
 -0.00885059  -0.00000000    -0.01650305  -0.00000000    -0.00004177  -0.00000000
 -0.01521659  -0.00000000    -0.02597700  -0.00000000    -0.00011176  -0.00000000
   12   20
  0.00029763  -0.00000000     0.00021561  -0.00000000    -0.00017297   0.00000000
  0.00091729  -0.00000000    -0.00002933   0.00000000     0.00001259  -0.00000000
 -0.00013148   0.00000000     0.00025527  -0.00000000    -0.00004980   0.00000000
   12   21
 -0.00036378   0.00000000    -0.00038280   0.00000000    -0.00027186   0.00000000
  0.00000257  -0.00000000     0.00019514  -0.00000000     0.00015006  -0.00000000
  0.00003278  -0.00000000    -0.00001300   0.00000000     0.00002595  -0.00000000
   12   22
 -0.00011947   0.00000000    -0.00040677   0.00000000     0.00000881  -0.00000000
 -0.00055294   0.00000000    -0.00034195   0.00000000     0.00001825  -0.00000000
 -0.00000184   0.00000000     0.00003899  -0.00000000     0.00007260  -0.00000000
   13    1
 -0.00001559  -0.00000000     0.00395730   0.00000000     0.00046155   0.00000000
  0.00693789   0.00000000    -0.00077162  -0.00000000    -0.00030708  -0.00000000
 -0.00005849  -0.00000000    -0.00000440  -0.00000000    -0.00075113  -0.00000000
   13    2
 -0.00669458   0.00000000     0.00491238  -0.00000000    -0.00028441   0.00000000
  0.00094251  -0.00000000    -0.00715310   0.00000000     0.00009149  -0.00000000
  0.00006203  -0.00000000    -0.00007247   0.00000000    -0.00299542   0.00000000
   13    3
  0.00056716  -0.00000000     0.00079562  -0.00000000    -0.00009038   0.00000000
  0.00036317  -0.00000000     0.00073752  -0.00000000     0.00008690  -0.00000000
  0.00000490  -0.00000000    -0.00000723   0.00000000     0.00030557  -0.00000000
   13    4
  0.00002796   0.00000000    -0.00095358  -0.00000000    -0.00010257  -0.00000000
  0.00046881   0.00000000     0.00236295   0.00000000     0.00002243   0.00000000
  0.00000808   0.00000000    -0.00003340  -0.00000000     0.00051402   0.00000000
   13    5
 -0.11863665  -0.00000000     0.11753661   0.00000000     0.00005824   0.00000000
  0.11924726   0.00000000    -0.26213803  -0.00000000    -0.00000136  -0.00000000
 -0.00004688  -0.00000000    -0.00003913  -0.00000000    -0.05351262  -0.00000000
   13    6
 -0.00023418  -0.00000000     0.00038379   0.00000000     0.00009622   0.00000000
 -0.00040251  -0.00000000    -0.00086162  -0.00000000    -0.00003725  -0.00000000
  0.00006443   0.00000000     0.00005194   0.00000000    -0.00041570  -0.00000000
   13    7
  0.00034711  -0.00000000    -0.00000574   0.00000000    -0.00002533   0.00000000
 -0.00042093   0.00000000    -0.00030731   0.00000000    -0.00001158   0.00000000
  0.00009299  -0.00000000    -0.00002941   0.00000000     0.00033756  -0.00000000
   13    8
  0.00055494   0.00000000    -0.00048394  -0.00000000    -0.00002890  -0.00000000
 -0.00113550  -0.00000000    -0.00009687  -0.00000000    -0.00002427  -0.00000000
 -0.00010455  -0.00000000     0.00002198   0.00000000    -0.00031405  -0.00000000
   13    9
  0.01785045  -0.00000000    -0.03131623   0.00000000    -0.00002388   0.00000000
  0.00202803  -0.00000000    -0.00487095   0.00000000    -0.00001159   0.00000000
  0.00006996  -0.00000000     0.00003471  -0.00000000     0.00252436  -0.00000000
   13   10
 -0.00025719  -0.00000000     0.00077196   0.00000000    -0.00001073  -0.00000000
  0.00204821   0.00000000     0.00128620   0.00000000    -0.00004914  -0.00000000
 -0.00004325  -0.00000000    -0.00002762  -0.00000000     0.00004871   0.00000000
   13   11
  0.00000000   0.00000000     0.00014003  -0.00000000    -0.00010506   0.00000000
  0.00014003  -0.00000000     0.00000000  -0.00000000     0.00014571  -0.00000000
 -0.00010506   0.00000000    -0.00014571   0.00000000     0.00000000  -0.00000000
   13   12
 -0.00000000   0.00000000    -0.00111777  -0.00000000    -0.00011440  -0.00000000
 -0.00111777  -0.00000000     0.00000000   0.00000000     0.00011452   0.00000000
  0.00011440   0.00000000     0.00011452   0.00000000     0.00000000  -0.00000000
   13   13
  0.13393603   0.00000000    -0.13692191   0.00000000     0.00005720   0.00000000
 -0.13692191   0.00000000     0.30280510   0.00000000    -0.00010947   0.00000000
  0.00005720   0.00000000    -0.00010947   0.00000000     0.06160366   0.00000000
   13   14
  0.00011322   0.00000000    -0.00031532  -0.00000000     0.00006216   0.00000000
 -0.00031532  -0.00000000     0.00020412   0.00000000    -0.00007040  -0.00000000
 -0.00006216  -0.00000000     0.00007040   0.00000000    -0.00024184  -0.00000000
   13   15
  0.00034980  -0.00000000    -0.00037390   0.00000000    -0.00023939   0.00000000
 -0.00003612   0.00000000    -0.00003974   0.00000000    -0.00018585   0.00000000
 -0.00013714   0.00000000     0.00012322  -0.00000000     0.00017982  -0.00000000
   13   16
  0.00010879   0.00000000    -0.00041959  -0.00000000     0.00010672   0.00000000
 -0.00036212  -0.00000000     0.00018112   0.00000000    -0.00008168  -0.00000000
  0.00008604   0.00000000    -0.00013093  -0.00000000     0.00009321   0.00000000
   13   17
  0.00431441  -0.00000000    -0.00971628   0.00000000     0.00097070  -0.00000000
  0.00912877  -0.00000000    -0.01627881   0.00000000    -0.00003869   0.00000000
  0.01514030  -0.00000000    -0.02587045   0.00000000    -0.00004512   0.00000000
   13   18
  0.00021260   0.00000000    -0.00011830  -0.00000000     0.00023322   0.00000000
 -0.00085496  -0.00000000    -0.00024239  -0.00000000    -0.00013823  -0.00000000
  0.00012278   0.00000000     0.00018911   0.00000000     0.00002356   0.00000000
   13   19
  0.00011947   0.00000000    -0.00040677  -0.00000000    -0.00000881  -0.00000000
 -0.00055294  -0.00000000     0.00034195   0.00000000     0.00001825   0.00000000
  0.00000184   0.00000000     0.00003899   0.00000000    -0.00007260  -0.00000000
   13   20
  0.00036378  -0.00000000    -0.00038280   0.00000000     0.00027186  -0.00000000
  0.00000257  -0.00000000    -0.00019514   0.00000000     0.00015006  -0.00000000
 -0.00003278   0.00000000    -0.00001300   0.00000000    -0.00002595   0.00000000
   13   21
  0.00029763  -0.00000000    -0.00021561   0.00000000    -0.00017297   0.00000000
 -0.00091729   0.00000000    -0.00002933   0.00000000    -0.00001259   0.00000000
 -0.00013148   0.00000000    -0.00025527   0.00000000    -0.00004980   0.00000000
   13   22
  0.00448835  -0.00000000    -0.00960138   0.00000000    -0.00101641   0.00000000
  0.00885059  -0.00000000    -0.01650305   0.00000000     0.00004177  -0.00000000
 -0.01521659   0.00000000     0.02597700  -0.00000000    -0.00011176   0.00000000
   14    1
 -0.00001559   0.00000000     0.00395730  -0.00000000    -0.00046155   0.00000000
  0.00693789  -0.00000000    -0.00077162   0.00000000     0.00030708  -0.00000000
  0.00005849  -0.00000000     0.00000440  -0.00000000    -0.00075113   0.00000000
   14    2
 -0.00669458   0.00000000     0.00491238  -0.00000000     0.00028441  -0.00000000
  0.00094251  -0.00000000    -0.00715310   0.00000000    -0.00009149   0.00000000
 -0.00006203   0.00000000     0.00007247  -0.00000000    -0.00299542   0.00000000
   14    3
  0.00002796  -0.00000000    -0.00095358   0.00000000     0.00010257  -0.00000000
  0.00046881  -0.00000000     0.00236295  -0.00000000    -0.00002243   0.00000000
 -0.00000808   0.00000000     0.00003340  -0.00000000     0.00051402  -0.00000000
   14    4
  0.00056716  -0.00000000     0.00079562  -0.00000000     0.00009038  -0.00000000
  0.00036317  -0.00000000     0.00073752  -0.00000000    -0.00008690   0.00000000
 -0.00000490   0.00000000     0.00000723  -0.00000000     0.00030557  -0.00000000
   14    5
 -0.00023418   0.00000000     0.00038379  -0.00000000    -0.00009622   0.00000000
 -0.00040251   0.00000000    -0.00086162   0.00000000     0.00003725  -0.00000000
 -0.00006443   0.00000000    -0.00005194   0.00000000    -0.00041570   0.00000000
   14    6
 -0.11863665  -0.00000000     0.11753661   0.00000000    -0.00005824  -0.00000000
  0.11924726   0.00000000    -0.26213803  -0.00000000     0.00000136   0.00000000
  0.00004688   0.00000000     0.00003913   0.00000000    -0.05351262  -0.00000000
   14    7
  0.00055494  -0.00000000    -0.00048394   0.00000000     0.00002890  -0.00000000
 -0.00113550   0.00000000    -0.00009687   0.00000000     0.00002427  -0.00000000
  0.00010455  -0.00000000    -0.00002198   0.00000000    -0.00031405   0.00000000
   14    8
  0.00034711  -0.00000000    -0.00000574   0.00000000     0.00002533  -0.00000000
 -0.00042093   0.00000000    -0.00030731   0.00000000     0.00001158  -0.00000000
 -0.00009299   0.00000000     0.00002941  -0.00000000     0.00033756  -0.00000000
   14    9
 -0.00025719   0.00000000     0.00077196  -0.00000000     0.00001073  -0.00000000
  0.00204821  -0.00000000     0.00128620  -0.00000000     0.00004914  -0.00000000
  0.00004325  -0.00000000     0.00002762  -0.00000000     0.00004871  -0.00000000
   14   10
  0.01785045   0.00000000    -0.03131623  -0.00000000     0.00002388   0.00000000
  0.00202803   0.00000000    -0.00487095  -0.00000000     0.00001159   0.00000000
 -0.00006996  -0.00000000    -0.00003471  -0.00000000     0.00252436   0.00000000
   14   11
 -0.00000000  -0.00000000    -0.00111777   0.00000000     0.00011440  -0.00000000
 -0.00111777   0.00000000     0.00000000  -0.00000000    -0.00011452   0.00000000
 -0.00011440   0.00000000    -0.00011452   0.00000000     0.00000000   0.00000000
   14   12
  0.00000000  -0.00000000     0.00014003  -0.00000000     0.00010506  -0.00000000
  0.00014003  -0.00000000     0.00000000  -0.00000000    -0.00014571   0.00000000
  0.00010506  -0.00000000     0.00014571  -0.00000000     0.00000000  -0.00000000
   14   13
  0.00011322  -0.00000000    -0.00031532   0.00000000    -0.00006216   0.00000000
 -0.00031532   0.00000000     0.00020412  -0.00000000     0.00007040  -0.00000000
  0.00006216  -0.00000000    -0.00007040   0.00000000    -0.00024184   0.00000000
   14   14
  0.13393603   0.00000000    -0.13692191   0.00000000    -0.00005720   0.00000000
 -0.13692191   0.00000000     0.30280510   0.00000000     0.00010947   0.00000000
 -0.00005720   0.00000000     0.00010947   0.00000000     0.06160366   0.00000000
   14   15
  0.00010879  -0.00000000    -0.00041959   0.00000000    -0.00010672   0.00000000
 -0.00036212   0.00000000     0.00018112  -0.00000000     0.00008168  -0.00000000
 -0.00008604   0.00000000     0.00013093  -0.00000000     0.00009321  -0.00000000
   14   16
  0.00034980   0.00000000    -0.00037390  -0.00000000     0.00023939   0.00000000
 -0.00003612  -0.00000000    -0.00003974  -0.00000000     0.00018585   0.00000000
  0.00013714   0.00000000    -0.00012322  -0.00000000     0.00017982   0.00000000
   14   17
  0.00021260  -0.00000000    -0.00011830   0.00000000    -0.00023322   0.00000000
 -0.00085496   0.00000000    -0.00024239   0.00000000     0.00013823  -0.00000000
 -0.00012278   0.00000000    -0.00018911   0.00000000     0.00002356  -0.00000000
   14   18
  0.00431441   0.00000000    -0.00971628  -0.00000000    -0.00097070  -0.00000000
  0.00912877   0.00000000    -0.01627881  -0.00000000     0.00003869   0.00000000
 -0.01514030  -0.00000000     0.02587045   0.00000000    -0.00004512  -0.00000000
   14   19
  0.00036378   0.00000000    -0.00038280  -0.00000000    -0.00027186  -0.00000000
  0.00000257   0.00000000    -0.00019514  -0.00000000    -0.00015006  -0.00000000
  0.00003278   0.00000000     0.00001300   0.00000000    -0.00002595  -0.00000000
   14   20
  0.00011947  -0.00000000    -0.00040677   0.00000000     0.00000881  -0.00000000
 -0.00055294   0.00000000     0.00034195  -0.00000000    -0.00001825   0.00000000
 -0.00000184   0.00000000    -0.00003899   0.00000000    -0.00007260   0.00000000
   14   21
  0.00448835  -0.00000000    -0.00960138   0.00000000     0.00101641  -0.00000000
  0.00885059  -0.00000000    -0.01650305   0.00000000    -0.00004177   0.00000000
  0.01521659  -0.00000000    -0.02597700   0.00000000    -0.00011176   0.00000000
   14   22
  0.00029763  -0.00000000    -0.00021561   0.00000000     0.00017297  -0.00000000
 -0.00091729   0.00000000    -0.00002933   0.00000000     0.00001259  -0.00000000
  0.00013148  -0.00000000     0.00025527  -0.00000000    -0.00004980   0.00000000
   15    1
 -0.00289927  -0.00000000    -0.00120185  -0.00000000     0.00080936   0.00000000
 -0.00065469  -0.00000000    -0.00290887  -0.00000000    -0.00037129  -0.00000000
 -0.00123238  -0.00000000     0.00270897   0.00000000     0.00234585   0.00000000
   15    2
  0.00430113  -0.00000000    -0.00051140   0.00000000     0.00242288  -0.00000000
  0.00037837  -0.00000000    -0.00017724   0.00000000    -0.00028282   0.00000000
  0.00105649  -0.00000000     0.00011484  -0.00000000     0.00329552  -0.00000000
   15    3
 -0.06248231   0.00000000     0.03943365  -0.00000000     0.05498795  -0.00000000
  0.03929828  -0.00000000    -0.13076846   0.00000000    -0.12699068   0.00000000
  0.05480017  -0.00000000    -0.12753376   0.00000000    -0.25731642   0.00000000
   15    4
 -0.00112273  -0.00000000     0.00020944   0.00000000     0.00005504   0.00000000
  0.00040037   0.00000000    -0.00067242  -0.00000000    -0.00020008  -0.00000000
  0.00033295   0.00000000     0.00006204   0.00000000    -0.00026659  -0.00000000
   15    5
  0.00028888   0.00000000     0.00026675   0.00000000    -0.00029021  -0.00000000
  0.00047670   0.00000000    -0.00022193  -0.00000000     0.00021241   0.00000000
 -0.00015720  -0.00000000    -0.00026673  -0.00000000     0.00075784   0.00000000
   15    6
  0.00058074   0.00000000    -0.00023909  -0.00000000     0.00006319   0.00000000
 -0.00051055  -0.00000000     0.00084476   0.00000000     0.00070944   0.00000000
 -0.00043495  -0.00000000     0.00059175   0.00000000     0.00076825   0.00000000
   15    7
 -0.00730526   0.00000000     0.01930586  -0.00000000     0.03002206  -0.00000000
  0.00056951  -0.00000000    -0.00347543   0.00000000    -0.00427996   0.00000000
  0.00071696  -0.00000000     0.00060099  -0.00000000     0.00022165  -0.00000000
   15    8
 -0.00032254  -0.00000000     0.00031364   0.00000000     0.00016093   0.00000000
  0.00103922   0.00000000    -0.00035289  -0.00000000    -0.00017483  -0.00000000
  0.00007705   0.00000000    -0.00001121  -0.00000000     0.00009469   0.00000000
   15    9
 -0.00083505   0.00000000     0.00018853  -0.00000000     0.00007136  -0.00000000
  0.00021060  -0.00000000    -0.00002690   0.00000000     0.00035889  -0.00000000
  0.00032545  -0.00000000    -0.00010983   0.00000000    -0.00001022   0.00000000
   15   10
  0.00002079   0.00000000     0.00023965   0.00000000     0.00010753   0.00000000
  0.00051066   0.00000000    -0.00008176  -0.00000000     0.00004740   0.00000000
  0.00014872   0.00000000    -0.00008889  -0.00000000    -0.00002560  -0.00000000
   15   11
  0.00431441  -0.00000000    -0.00912877   0.00000000    -0.01514030   0.00000000
  0.00971628  -0.00000000    -0.01627881   0.00000000    -0.02587045   0.00000000
 -0.00097070   0.00000000    -0.00003869   0.00000000    -0.00004512   0.00000000
   15   12
  0.00021260   0.00000000     0.00085496   0.00000000     0.00012278   0.00000000
  0.00011830   0.00000000    -0.00024239  -0.00000000    -0.00018911  -0.00000000
  0.00023322   0.00000000     0.00013823   0.00000000     0.00002356   0.00000000
   15   13
  0.00034980   0.00000000    -0.00003612  -0.00000000    -0.00013714  -0.00000000
 -0.00037390  -0.00000000    -0.00003974  -0.00000000     0.00012322   0.00000000
 -0.00023939  -0.00000000    -0.00018585  -0.00000000     0.00017982   0.00000000
   15   14
  0.00010879   0.00000000    -0.00036212  -0.00000000    -0.00008604  -0.00000000
 -0.00041959  -0.00000000     0.00018112   0.00000000     0.00013093   0.00000000
 -0.00010672  -0.00000000     0.00008168   0.00000000     0.00009321   0.00000000
   15   15
  0.07453276   0.00000000    -0.04655849   0.00000000    -0.06234270   0.00000000
 -0.04655849   0.00000000     0.14492821   0.00000000     0.14234951   0.00000000
 -0.06234270   0.00000000     0.14234951   0.00000000     0.28336647   0.00000000
   15   16
 -0.00006093  -0.00000000     0.00057020   0.00000000    -0.00009043  -0.00000000
  0.00057020   0.00000000    -0.00061550  -0.00000000     0.00020375   0.00000000
  0.00009043   0.00000000    -0.00020375  -0.00000000     0.00022854   0.00000000
   15   17
 -0.00000000   0.00000000    -0.00005734   0.00000000     0.00019830  -0.00000000
 -0.00005734   0.00000000     0.00000000  -0.00000000    -0.00001350   0.00000000
  0.00019830  -0.00000000     0.00001350  -0.00000000     0.00000000  -0.00000000
   15   18
  0.00000000   0.00000000     0.00005349   0.00000000    -0.00009076  -0.00000000
  0.00005349   0.00000000    -0.00000000  -0.00000000    -0.00022007  -0.00000000
  0.00009076   0.00000000    -0.00022007  -0.00000000     0.00000000   0.00000000
   15   19
 -0.00030741  -0.00000000     0.00067533   0.00000000     0.00008186   0.00000000
  0.00051739   0.00000000    -0.00089774  -0.00000000    -0.00022173  -0.00000000
  0.00016058   0.00000000    -0.00046219  -0.00000000    -0.00049905  -0.00000000
   15   20
  0.00165619  -0.00000000    -0.00650621   0.00000000    -0.00755417   0.00000000
 -0.00660258   0.00000000     0.01251028  -0.00000000     0.01623904  -0.00000000
  0.00727984  -0.00000000    -0.01606711   0.00000000    -0.02338372   0.00000000
   15   21
 -0.00003120   0.00000000    -0.00007012   0.00000000    -0.00012576   0.00000000
 -0.00003232   0.00000000     0.00001120  -0.00000000    -0.00010983   0.00000000
  0.00002807  -0.00000000     0.00015175  -0.00000000    -0.00004653   0.00000000
   15   22
  0.00000948  -0.00000000    -0.00022881   0.00000000     0.00021398  -0.00000000
 -0.00029411   0.00000000    -0.00001612   0.00000000     0.00006309  -0.00000000
 -0.00029794   0.00000000    -0.00006617   0.00000000    -0.00002164   0.00000000
   16    1
 -0.00289927   0.00000000    -0.00120185   0.00000000    -0.00080936   0.00000000
 -0.00065469   0.00000000    -0.00290887   0.00000000     0.00037129  -0.00000000
  0.00123238  -0.00000000    -0.00270897   0.00000000     0.00234585  -0.00000000
   16    2
  0.00430113  -0.00000000    -0.00051140   0.00000000    -0.00242288   0.00000000
  0.00037837  -0.00000000    -0.00017724   0.00000000     0.00028282  -0.00000000
 -0.00105649   0.00000000    -0.00011484   0.00000000     0.00329552  -0.00000000
   16    3
 -0.00112273   0.00000000     0.00020944  -0.00000000    -0.00005504   0.00000000
  0.00040037  -0.00000000    -0.00067242   0.00000000     0.00020008  -0.00000000
 -0.00033295   0.00000000    -0.00006204   0.00000000    -0.00026659   0.00000000
   16    4
 -0.06248231   0.00000000     0.03943365  -0.00000000    -0.05498795   0.00000000
  0.03929828  -0.00000000    -0.13076846   0.00000000     0.12699068  -0.00000000
 -0.05480017   0.00000000     0.12753376  -0.00000000    -0.25731642   0.00000000
   16    5
  0.00058074  -0.00000000    -0.00023909   0.00000000    -0.00006319   0.00000000
 -0.00051055   0.00000000     0.00084476  -0.00000000    -0.00070944   0.00000000
  0.00043495  -0.00000000    -0.00059175   0.00000000     0.00076825  -0.00000000
   16    6
  0.00028888   0.00000000     0.00026675   0.00000000     0.00029021   0.00000000
  0.00047670   0.00000000    -0.00022193  -0.00000000    -0.00021241  -0.00000000
  0.00015720   0.00000000     0.00026673   0.00000000     0.00075784   0.00000000
   16    7
 -0.00032254   0.00000000     0.00031364  -0.00000000    -0.00016093   0.00000000
  0.00103922  -0.00000000    -0.00035289   0.00000000     0.00017483  -0.00000000
 -0.00007705   0.00000000     0.00001121  -0.00000000     0.00009469  -0.00000000
   16    8
 -0.00730526   0.00000000     0.01930586  -0.00000000    -0.03002206   0.00000000
  0.00056951  -0.00000000    -0.00347543   0.00000000     0.00427996  -0.00000000
 -0.00071696   0.00000000    -0.00060099   0.00000000     0.00022165  -0.00000000
   16    9
  0.00002079  -0.00000000     0.00023965  -0.00000000    -0.00010753   0.00000000
  0.00051066  -0.00000000    -0.00008176   0.00000000    -0.00004740   0.00000000
 -0.00014872   0.00000000     0.00008889  -0.00000000    -0.00002560   0.00000000
   16   10
 -0.00083505   0.00000000     0.00018853  -0.00000000    -0.00007136   0.00000000
  0.00021060  -0.00000000    -0.00002690   0.00000000    -0.00035889   0.00000000
 -0.00032545   0.00000000     0.00010983  -0.00000000    -0.00001022   0.00000000
   16   11
  0.00021260  -0.00000000     0.00085496  -0.00000000    -0.00012278   0.00000000
  0.00011830  -0.00000000    -0.00024239   0.00000000     0.00018911  -0.00000000
 -0.00023322   0.00000000    -0.00013823   0.00000000     0.00002356  -0.00000000
   16   12
  0.00431441  -0.00000000    -0.00912877   0.00000000     0.01514030  -0.00000000
  0.00971628  -0.00000000    -0.01627881   0.00000000     0.02587045  -0.00000000
  0.00097070  -0.00000000     0.00003869  -0.00000000    -0.00004512   0.00000000
   16   13
  0.00010879  -0.00000000    -0.00036212   0.00000000     0.00008604  -0.00000000
 -0.00041959   0.00000000     0.00018112  -0.00000000    -0.00013093   0.00000000
  0.00010672  -0.00000000    -0.00008168   0.00000000     0.00009321  -0.00000000
   16   14
  0.00034980  -0.00000000    -0.00003612   0.00000000     0.00013714  -0.00000000
 -0.00037390   0.00000000    -0.00003974   0.00000000    -0.00012322   0.00000000
  0.00023939  -0.00000000     0.00018585  -0.00000000     0.00017982  -0.00000000
   16   15
 -0.00006093   0.00000000     0.00057020  -0.00000000     0.00009043  -0.00000000
  0.00057020  -0.00000000    -0.00061550   0.00000000    -0.00020375   0.00000000
 -0.00009043   0.00000000     0.00020375  -0.00000000     0.00022854  -0.00000000
   16   16
  0.07453276   0.00000000    -0.04655849   0.00000000     0.06234270   0.00000000
 -0.04655849   0.00000000     0.14492821   0.00000000    -0.14234951   0.00000000
  0.06234270   0.00000000    -0.14234951   0.00000000     0.28336647   0.00000000
   16   17
  0.00000000   0.00000000     0.00005349  -0.00000000     0.00009076  -0.00000000
  0.00005349  -0.00000000    -0.00000000  -0.00000000     0.00022007  -0.00000000
 -0.00009076   0.00000000     0.00022007  -0.00000000     0.00000000   0.00000000
   16   18
 -0.00000000  -0.00000000    -0.00005734  -0.00000000    -0.00019830  -0.00000000
 -0.00005734  -0.00000000     0.00000000   0.00000000     0.00001350   0.00000000
 -0.00019830  -0.00000000    -0.00001350  -0.00000000     0.00000000   0.00000000
   16   19
  0.00165619   0.00000000    -0.00650621  -0.00000000     0.00755417   0.00000000
 -0.00660258  -0.00000000     0.01251028   0.00000000    -0.01623904  -0.00000000
 -0.00727984  -0.00000000     0.01606711   0.00000000    -0.02338372  -0.00000000
   16   20
 -0.00030741   0.00000000     0.00067533  -0.00000000    -0.00008186   0.00000000
  0.00051739  -0.00000000    -0.00089774   0.00000000     0.00022173  -0.00000000
 -0.00016058   0.00000000     0.00046219  -0.00000000    -0.00049905   0.00000000
   16   21
  0.00000948  -0.00000000    -0.00022881   0.00000000    -0.00021398   0.00000000
 -0.00029411   0.00000000    -0.00001612   0.00000000    -0.00006309   0.00000000
  0.00029794  -0.00000000     0.00006617  -0.00000000    -0.00002164   0.00000000
   16   22
 -0.00003120   0.00000000    -0.00007012   0.00000000     0.00012576  -0.00000000
 -0.00003232   0.00000000     0.00001120  -0.00000000     0.00010983  -0.00000000
 -0.00002807   0.00000000    -0.00015175   0.00000000    -0.00004653   0.00000000
   17    1
 -0.00430113  -0.00000000    -0.00051140  -0.00000000     0.00242288   0.00000000
  0.00037837   0.00000000     0.00017724   0.00000000     0.00028282   0.00000000
  0.00105649   0.00000000    -0.00011484  -0.00000000    -0.00329552  -0.00000000
   17    2
 -0.00289927   0.00000000     0.00120185  -0.00000000    -0.00080936   0.00000000
  0.00065469  -0.00000000    -0.00290887   0.00000000    -0.00037129   0.00000000
  0.00123238  -0.00000000     0.00270897  -0.00000000     0.00234585  -0.00000000
   17    3
 -0.00028888   0.00000000     0.00026675  -0.00000000    -0.00029021   0.00000000
  0.00047670  -0.00000000     0.00022193  -0.00000000    -0.00021241   0.00000000
 -0.00015720   0.00000000     0.00026673  -0.00000000    -0.00075784   0.00000000
   17    4
 -0.00058074  -0.00000000    -0.00023909  -0.00000000     0.00006319   0.00000000
 -0.00051055  -0.00000000    -0.00084476  -0.00000000    -0.00070944  -0.00000000
 -0.00043495  -0.00000000    -0.00059175  -0.00000000    -0.00076825  -0.00000000
   17    5
 -0.06248231  -0.00000000    -0.03943365  -0.00000000    -0.05498795  -0.00000000
 -0.03929828  -0.00000000    -0.13076846  -0.00000000    -0.12699068  -0.00000000
 -0.05480017  -0.00000000    -0.12753376  -0.00000000    -0.25731642  -0.00000000
   17    6
 -0.00112273  -0.00000000    -0.00020944  -0.00000000    -0.00005504  -0.00000000
 -0.00040037  -0.00000000    -0.00067242  -0.00000000    -0.00020008  -0.00000000
 -0.00033295  -0.00000000     0.00006204   0.00000000    -0.00026659  -0.00000000
   17    7
 -0.00083505   0.00000000    -0.00018853   0.00000000    -0.00007136   0.00000000
 -0.00021060   0.00000000    -0.00002690   0.00000000     0.00035889  -0.00000000
 -0.00032545   0.00000000    -0.00010983   0.00000000    -0.00001022   0.00000000
   17    8
  0.00002079   0.00000000    -0.00023965  -0.00000000    -0.00010753  -0.00000000
 -0.00051066  -0.00000000    -0.00008176  -0.00000000     0.00004740   0.00000000
 -0.00014872  -0.00000000    -0.00008889  -0.00000000    -0.00002560  -0.00000000
   17    9
  0.00730526  -0.00000000     0.01930586  -0.00000000     0.03002206  -0.00000000
  0.00056951  -0.00000000     0.00347543  -0.00000000     0.00427996  -0.00000000
  0.00071696  -0.00000000    -0.00060099   0.00000000    -0.00022165   0.00000000
   17   10
  0.00032254   0.00000000     0.00031364   0.00000000     0.00016093   0.00000000
  0.00103922   0.00000000     0.00035289   0.00000000     0.00017483   0.00000000
  0.00007705   0.00000000     0.00001121   0.00000000    -0.00009469  -0.00000000
   17   11
 -0.00034980   0.00000000    -0.00003612   0.00000000    -0.00013714   0.00000000
 -0.00037390   0.00000000     0.00003974  -0.00000000    -0.00012322   0.00000000
 -0.00023939   0.00000000     0.00018585  -0.00000000    -0.00017982   0.00000000
   17   12
 -0.00010879  -0.00000000    -0.00036212  -0.00000000    -0.00008604  -0.00000000
 -0.00041959  -0.00000000    -0.00018112  -0.00000000    -0.00013093  -0.00000000
 -0.00010672  -0.00000000    -0.00008168  -0.00000000    -0.00009321  -0.00000000
   17   13
  0.00431441   0.00000000     0.00912877   0.00000000     0.01514030   0.00000000
 -0.00971628  -0.00000000    -0.01627881  -0.00000000    -0.02587045  -0.00000000
  0.00097070   0.00000000    -0.00003869  -0.00000000    -0.00004512  -0.00000000
   17   14
  0.00021260   0.00000000    -0.00085496  -0.00000000    -0.00012278  -0.00000000
 -0.00011830  -0.00000000    -0.00024239  -0.00000000    -0.00018911  -0.00000000
 -0.00023322  -0.00000000     0.00013823   0.00000000     0.00002356   0.00000000
   17   15
  0.00000000   0.00000000    -0.00005734  -0.00000000     0.00019830   0.00000000
 -0.00005734  -0.00000000    -0.00000000  -0.00000000     0.00001350   0.00000000
  0.00019830   0.00000000    -0.00001350  -0.00000000    -0.00000000  -0.00000000
   17   16
 -0.00000000   0.00000000     0.00005349   0.00000000    -0.00009076  -0.00000000
  0.00005349   0.00000000     0.00000000  -0.00000000     0.00022007   0.00000000
  0.00009076   0.00000000     0.00022007   0.00000000    -0.00000000   0.00000000
   17   17
  0.07453276   0.00000000     0.04655849   0.00000000     0.06234270   0.00000000
  0.04655849   0.00000000     0.14492821   0.00000000     0.14234951   0.00000000
  0.06234270   0.00000000     0.14234951   0.00000000     0.28336647   0.00000000
   17   18
 -0.00006093  -0.00000000    -0.00057020  -0.00000000     0.00009043   0.00000000
 -0.00057020  -0.00000000    -0.00061550  -0.00000000     0.00020375   0.00000000
 -0.00009043  -0.00000000    -0.00020375  -0.00000000     0.00022854   0.00000000
   17   19
  0.00003120   0.00000000    -0.00007012  -0.00000000    -0.00012576  -0.00000000
 -0.00003232  -0.00000000    -0.00001120  -0.00000000     0.00010983   0.00000000
  0.00002807   0.00000000    -0.00015175  -0.00000000     0.00004653   0.00000000
   17   20
 -0.00000948   0.00000000    -0.00022881   0.00000000     0.00021398  -0.00000000
 -0.00029411   0.00000000     0.00001612  -0.00000000    -0.00006309   0.00000000
 -0.00029794   0.00000000     0.00006617  -0.00000000     0.00002164  -0.00000000
   17   21
 -0.00030741  -0.00000000    -0.00067533  -0.00000000    -0.00008186  -0.00000000
 -0.00051739  -0.00000000    -0.00089774  -0.00000000    -0.00022173  -0.00000000
 -0.00016058  -0.00000000    -0.00046219  -0.00000000    -0.00049905  -0.00000000
   17   22
  0.00165619  -0.00000000     0.00650621  -0.00000000     0.00755417  -0.00000000
  0.00660258  -0.00000000     0.01251028  -0.00000000     0.01623904  -0.00000000
 -0.00727984   0.00000000    -0.01606711   0.00000000    -0.02338372   0.00000000
   18    1
 -0.00430113   0.00000000    -0.00051140   0.00000000    -0.00242288   0.00000000
  0.00037837  -0.00000000     0.00017724  -0.00000000    -0.00028282   0.00000000
 -0.00105649   0.00000000     0.00011484  -0.00000000    -0.00329552   0.00000000
   18    2
 -0.00289927   0.00000000     0.00120185  -0.00000000     0.00080936  -0.00000000
  0.00065469  -0.00000000    -0.00290887   0.00000000     0.00037129  -0.00000000
 -0.00123238   0.00000000    -0.00270897   0.00000000     0.00234585  -0.00000000
   18    3
 -0.00058074   0.00000000    -0.00023909   0.00000000    -0.00006319   0.00000000
 -0.00051055   0.00000000    -0.00084476   0.00000000     0.00070944  -0.00000000
  0.00043495  -0.00000000     0.00059175  -0.00000000    -0.00076825   0.00000000
   18    4
 -0.00028888   0.00000000     0.00026675  -0.00000000     0.00029021  -0.00000000
  0.00047670  -0.00000000     0.00022193  -0.00000000     0.00021241  -0.00000000
  0.00015720  -0.00000000    -0.00026673   0.00000000    -0.00075784   0.00000000
   18    5
 -0.00112273   0.00000000    -0.00020944   0.00000000     0.00005504  -0.00000000
 -0.00040037   0.00000000    -0.00067242   0.00000000     0.00020008  -0.00000000
  0.00033295  -0.00000000    -0.00006204   0.00000000    -0.00026659   0.00000000
   18    6
 -0.06248231   0.00000000    -0.03943365   0.00000000     0.05498795  -0.00000000
 -0.03929828   0.00000000    -0.13076846   0.00000000     0.12699068  -0.00000000
  0.05480017  -0.00000000     0.12753376  -0.00000000    -0.25731642   0.00000000
   18    7
  0.00002079  -0.00000000    -0.00023965   0.00000000     0.00010753  -0.00000000
 -0.00051066   0.00000000    -0.00008176   0.00000000    -0.00004740   0.00000000
  0.00014872  -0.00000000     0.00008889  -0.00000000    -0.00002560   0.00000000
   18    8
 -0.00083505   0.00000000    -0.00018853   0.00000000     0.00007136  -0.00000000
 -0.00021060   0.00000000    -0.00002690   0.00000000    -0.00035889   0.00000000
  0.00032545  -0.00000000     0.00010983  -0.00000000    -0.00001022   0.00000000
   18    9
  0.00032254  -0.00000000     0.00031364  -0.00000000    -0.00016093   0.00000000
  0.00103922  -0.00000000     0.00035289  -0.00000000    -0.00017483   0.00000000
 -0.00007705   0.00000000    -0.00001121   0.00000000    -0.00009469   0.00000000
   18   10
  0.00730526  -0.00000000     0.01930586  -0.00000000    -0.03002206   0.00000000
  0.00056951  -0.00000000     0.00347543  -0.00000000    -0.00427996   0.00000000
 -0.00071696   0.00000000     0.00060099  -0.00000000    -0.00022165   0.00000000
   18   11
 -0.00010879   0.00000000    -0.00036212   0.00000000     0.00008604  -0.00000000
 -0.00041959   0.00000000    -0.00018112   0.00000000     0.00013093  -0.00000000
  0.00010672  -0.00000000     0.00008168  -0.00000000    -0.00009321   0.00000000
   18   12
 -0.00034980   0.00000000    -0.00003612   0.00000000     0.00013714  -0.00000000
 -0.00037390   0.00000000     0.00003974  -0.00000000     0.00012322  -0.00000000
  0.00023939  -0.00000000    -0.00018585   0.00000000    -0.00017982   0.00000000
   18   13
  0.00021260  -0.00000000    -0.00085496   0.00000000     0.00012278  -0.00000000
 -0.00011830   0.00000000    -0.00024239   0.00000000     0.00018911  -0.00000000
  0.00023322  -0.00000000    -0.00013823   0.00000000     0.00002356  -0.00000000
   18   14
  0.00431441  -0.00000000     0.00912877  -0.00000000    -0.01514030   0.00000000
 -0.00971628   0.00000000    -0.01627881   0.00000000     0.02587045  -0.00000000
 -0.00097070   0.00000000     0.00003869  -0.00000000    -0.00004512   0.00000000
   18   15
 -0.00000000  -0.00000000     0.00005349  -0.00000000     0.00009076  -0.00000000
  0.00005349  -0.00000000     0.00000000   0.00000000    -0.00022007   0.00000000
 -0.00009076   0.00000000    -0.00022007   0.00000000    -0.00000000  -0.00000000
   18   16
  0.00000000  -0.00000000    -0.00005734   0.00000000    -0.00019830   0.00000000
 -0.00005734   0.00000000    -0.00000000   0.00000000    -0.00001350   0.00000000
 -0.00019830   0.00000000     0.00001350  -0.00000000    -0.00000000   0.00000000
   18   17
 -0.00006093   0.00000000    -0.00057020   0.00000000    -0.00009043   0.00000000
 -0.00057020   0.00000000    -0.00061550   0.00000000    -0.00020375   0.00000000
  0.00009043  -0.00000000     0.00020375  -0.00000000     0.00022854  -0.00000000
   18   18
  0.07453276   0.00000000     0.04655849   0.00000000    -0.06234270   0.00000000
  0.04655849   0.00000000     0.14492821   0.00000000    -0.14234951   0.00000000
 -0.06234270   0.00000000    -0.14234951   0.00000000     0.28336647   0.00000000
   18   19
 -0.00000948   0.00000000    -0.00022881   0.00000000    -0.00021398   0.00000000
 -0.00029411   0.00000000     0.00001612  -0.00000000     0.00006309  -0.00000000
  0.00029794  -0.00000000    -0.00006617   0.00000000     0.00002164  -0.00000000
   18   20
  0.00003120  -0.00000000    -0.00007012   0.00000000     0.00012576  -0.00000000
 -0.00003232   0.00000000    -0.00001120   0.00000000    -0.00010983   0.00000000
 -0.00002807   0.00000000     0.00015175  -0.00000000     0.00004653  -0.00000000
   18   21
  0.00165619  -0.00000000     0.00650621  -0.00000000    -0.00755417   0.00000000
  0.00660258  -0.00000000     0.01251028  -0.00000000    -0.01623904   0.00000000
  0.00727984  -0.00000000     0.01606711  -0.00000000    -0.02338372   0.00000000
   18   22
 -0.00030741   0.00000000    -0.00067533   0.00000000     0.00008186  -0.00000000
 -0.00051739   0.00000000    -0.00089774   0.00000000     0.00022173  -0.00000000
  0.00016058  -0.00000000     0.00046219  -0.00000000    -0.00049905   0.00000000
   19    1
 -0.00240990   0.00000000    -0.00012710   0.00000000     0.00129682  -0.00000000
 -0.00077438   0.00000000    -0.00287403   0.00000000    -0.00012403   0.00000000
 -0.00148571   0.00000000     0.00194340  -0.00000000     0.00219063  -0.00000000
   19    2
  0.00422253  -0.00000000    -0.00148620   0.00000000     0.00180619  -0.00000000
  0.00036818  -0.00000000    -0.00000858   0.00000000    -0.00038134   0.00000000
  0.00127812  -0.00000000     0.00029298  -0.00000000     0.00329877  -0.00000000
   19    3
 -0.00116927   0.00000000    -0.00004664   0.00000000     0.00018908  -0.00000000
  0.00051741  -0.00000000    -0.00061991   0.00000000    -0.00020005   0.00000000
  0.00027694  -0.00000000    -0.00003094   0.00000000    -0.00019844   0.00000000
   19    4
 -0.06255546   0.00000000     0.03914859  -0.00000000     0.05462767  -0.00000000
  0.03918505  -0.00000000    -0.13077424   0.00000000    -0.12693073   0.00000000
  0.05487387  -0.00000000    -0.12731564   0.00000000    -0.25696553   0.00000000
   19    5
  0.00057644  -0.00000000    -0.00048391   0.00000000     0.00006402  -0.00000000
 -0.00041669   0.00000000     0.00106492  -0.00000000     0.00074212  -0.00000000
 -0.00050510   0.00000000     0.00086899  -0.00000000     0.00069219  -0.00000000
   19    6
  0.00036608  -0.00000000     0.00015518  -0.00000000    -0.00020647   0.00000000
  0.00040559  -0.00000000    -0.00044176   0.00000000     0.00025425  -0.00000000
 -0.00012498   0.00000000    -0.00024804   0.00000000     0.00072938  -0.00000000
   19    7
 -0.00032511   0.00000000     0.00029856  -0.00000000     0.00009349  -0.00000000
  0.00081689  -0.00000000    -0.00029460   0.00000000    -0.00014826   0.00000000
  0.00020163  -0.00000000    -0.00003678   0.00000000     0.00017351  -0.00000000
   19    8
 -0.00757314   0.00000000     0.01934292  -0.00000000     0.03002155  -0.00000000
  0.00078363  -0.00000000    -0.00354557   0.00000000    -0.00425757   0.00000000
  0.00065503  -0.00000000     0.00060969  -0.00000000     0.00020990  -0.00000000
   19    9
  0.00012035  -0.00000000     0.00031344  -0.00000000     0.00003662  -0.00000000
  0.00040486  -0.00000000    -0.00015067   0.00000000    -0.00002763   0.00000000
  0.00025460  -0.00000000    -0.00013011   0.00000000    -0.00012303   0.00000000
   19   10
 -0.00094346   0.00000000     0.00017560  -0.00000000     0.00005476  -0.00000000
  0.00036333  -0.00000000     0.00004015  -0.00000000     0.00028744  -0.00000000
  0.00030318  -0.00000000    -0.00009183   0.00000000    -0.00010961   0.00000000
   19   11
  0.00029763  -0.00000000     0.00091729  -0.00000000     0.00013148  -0.00000000
  0.00021561  -0.00000000    -0.00002933   0.00000000    -0.00025527   0.00000000
  0.00017297  -0.00000000    -0.00001259   0.00000000    -0.00004980   0.00000000
   19   12
  0.00448835  -0.00000000    -0.00885059   0.00000000    -0.01521659   0.00000000
  0.00960138  -0.00000000    -0.01650305   0.00000000    -0.02597700   0.00000000
 -0.00101641   0.00000000    -0.00004177   0.00000000    -0.00011176   0.00000000
   19   13
  0.00011947  -0.00000000    -0.00055294   0.00000000     0.00000184  -0.00000000
 -0.00040677   0.00000000     0.00034195  -0.00000000     0.00003899  -0.00000000
 -0.00000881   0.00000000     0.00001825  -0.00000000    -0.00007260   0.00000000
   19   14
  0.00036378  -0.00000000     0.00000257  -0.00000000     0.00003278  -0.00000000
 -0.00038280   0.00000000    -0.00019514   0.00000000     0.00001300  -0.00000000
 -0.00027186   0.00000000    -0.00015006   0.00000000    -0.00002595   0.00000000
   19   15
 -0.00030741   0.00000000     0.00051739  -0.00000000     0.00016058  -0.00000000
  0.00067533  -0.00000000    -0.00089774   0.00000000    -0.00046219   0.00000000
  0.00008186  -0.00000000    -0.00022173   0.00000000    -0.00049905   0.00000000
   19   16
  0.00165619  -0.00000000    -0.00660258   0.00000000    -0.00727984   0.00000000
 -0.00650621   0.00000000     0.01251028  -0.00000000     0.01606711  -0.00000000
  0.00755417  -0.00000000    -0.01623904   0.00000000    -0.02338372   0.00000000
   19   17
  0.00003120  -0.00000000    -0.00003232   0.00000000     0.00002807  -0.00000000
 -0.00007012   0.00000000    -0.00001120   0.00000000    -0.00015175   0.00000000
 -0.00012576   0.00000000     0.00010983  -0.00000000     0.00004653  -0.00000000
   19   18
 -0.00000948  -0.00000000    -0.00029411  -0.00000000     0.00029794   0.00000000
 -0.00022881  -0.00000000     0.00001612   0.00000000    -0.00006617  -0.00000000
 -0.00021398  -0.00000000     0.00006309   0.00000000     0.00002164   0.00000000
   19   19
  0.07437943   0.00000000    -0.04676774   0.00000000    -0.06229926   0.00000000
 -0.04676774   0.00000000     0.14511477   0.00000000     0.14248687   0.00000000
 -0.06229926   0.00000000     0.14248687   0.00000000     0.28300078   0.00000000
   19   20
 -0.00027086   0.00000000     0.00067425  -0.00000000    -0.00007065   0.00000000
  0.00067425  -0.00000000    -0.00081397   0.00000000     0.00033082  -0.00000000
  0.00007065  -0.00000000    -0.00033082   0.00000000    -0.00009025   0.00000000
   19   21
 -0.00000000  -0.00000000    -0.00006256   0.00000000     0.00011978  -0.00000000
 -0.00006256   0.00000000     0.00000000   0.00000000     0.00010938  -0.00000000
  0.00011978  -0.00000000    -0.00010938   0.00000000    -0.00000000   0.00000000
   19   22
  0.00000000  -0.00000000     0.00003210  -0.00000000    -0.00007143   0.00000000
  0.00003210  -0.00000000    -0.00000000   0.00000000    -0.00007289   0.00000000
  0.00007143  -0.00000000    -0.00007289   0.00000000     0.00000000  -0.00000000
   20    1
 -0.00240990  -0.00000000    -0.00012710  -0.00000000    -0.00129682  -0.00000000
 -0.00077438  -0.00000000    -0.00287403  -0.00000000     0.00012403   0.00000000
  0.00148571   0.00000000    -0.00194340  -0.00000000     0.00219063   0.00000000
   20    2
  0.00422253   0.00000000    -0.00148620  -0.00000000    -0.00180619  -0.00000000
  0.00036818   0.00000000    -0.00000858  -0.00000000     0.00038134   0.00000000
 -0.00127812  -0.00000000    -0.00029298  -0.00000000     0.00329877   0.00000000
   20    3
 -0.06255546  -0.00000000     0.03914859   0.00000000    -0.05462767  -0.00000000
  0.03918505   0.00000000    -0.13077424  -0.00000000     0.12693073   0.00000000
 -0.05487387  -0.00000000     0.12731564   0.00000000    -0.25696553  -0.00000000
   20    4
 -0.00116927  -0.00000000    -0.00004664  -0.00000000    -0.00018908  -0.00000000
  0.00051741   0.00000000    -0.00061991  -0.00000000     0.00020005   0.00000000
 -0.00027694  -0.00000000     0.00003094   0.00000000    -0.00019844  -0.00000000
   20    5
  0.00036608   0.00000000     0.00015518   0.00000000     0.00020647   0.00000000
  0.00040559   0.00000000    -0.00044176  -0.00000000    -0.00025425  -0.00000000
  0.00012498   0.00000000     0.00024804   0.00000000     0.00072938   0.00000000
   20    6
  0.00057644   0.00000000    -0.00048391  -0.00000000    -0.00006402  -0.00000000
 -0.00041669  -0.00000000     0.00106492   0.00000000    -0.00074212  -0.00000000
  0.00050510   0.00000000    -0.00086899  -0.00000000     0.00069219   0.00000000
   20    7
 -0.00757314  -0.00000000     0.01934292   0.00000000    -0.03002155  -0.00000000
  0.00078363   0.00000000    -0.00354557  -0.00000000     0.00425757   0.00000000
 -0.00065503  -0.00000000    -0.00060969  -0.00000000     0.00020990   0.00000000
   20    8
 -0.00032511  -0.00000000     0.00029856   0.00000000    -0.00009349  -0.00000000
  0.00081689   0.00000000    -0.00029460  -0.00000000     0.00014826   0.00000000
 -0.00020163  -0.00000000     0.00003678   0.00000000     0.00017351   0.00000000
   20    9
 -0.00094346  -0.00000000     0.00017560   0.00000000    -0.00005476  -0.00000000
  0.00036333   0.00000000     0.00004015   0.00000000    -0.00028744  -0.00000000
 -0.00030318  -0.00000000     0.00009183   0.00000000    -0.00010961  -0.00000000
   20   10
  0.00012035   0.00000000     0.00031344   0.00000000    -0.00003662  -0.00000000
  0.00040486   0.00000000    -0.00015067  -0.00000000     0.00002763   0.00000000
 -0.00025460  -0.00000000     0.00013011   0.00000000    -0.00012303  -0.00000000
   20   11
  0.00448835   0.00000000    -0.00885059  -0.00000000     0.01521659   0.00000000
  0.00960138   0.00000000    -0.01650305  -0.00000000     0.02597700   0.00000000
  0.00101641   0.00000000     0.00004177   0.00000000    -0.00011176  -0.00000000
   20   12
  0.00029763   0.00000000     0.00091729   0.00000000    -0.00013148  -0.00000000
  0.00021561   0.00000000    -0.00002933  -0.00000000     0.00025527   0.00000000
 -0.00017297  -0.00000000     0.00001259   0.00000000    -0.00004980  -0.00000000
   20   13
  0.00036378   0.00000000     0.00000257   0.00000000    -0.00003278  -0.00000000
 -0.00038280  -0.00000000    -0.00019514  -0.00000000    -0.00001300  -0.00000000
  0.00027186   0.00000000     0.00015006   0.00000000    -0.00002595  -0.00000000
   20   14
  0.00011947   0.00000000    -0.00055294  -0.00000000    -0.00000184  -0.00000000
 -0.00040677  -0.00000000     0.00034195   0.00000000    -0.00003899  -0.00000000
  0.00000881   0.00000000    -0.00001825  -0.00000000    -0.00007260  -0.00000000
   20   15
  0.00165619   0.00000000    -0.00660258  -0.00000000     0.00727984   0.00000000
 -0.00650621  -0.00000000     0.01251028   0.00000000    -0.01606711  -0.00000000
 -0.00755417  -0.00000000     0.01623904   0.00000000    -0.02338372  -0.00000000
   20   16
 -0.00030741  -0.00000000     0.00051739   0.00000000    -0.00016058  -0.00000000
  0.00067533   0.00000000    -0.00089774  -0.00000000     0.00046219   0.00000000
 -0.00008186  -0.00000000     0.00022173   0.00000000    -0.00049905  -0.00000000
   20   17
 -0.00000948  -0.00000000    -0.00029411  -0.00000000    -0.00029794  -0.00000000
 -0.00022881  -0.00000000     0.00001612   0.00000000     0.00006617   0.00000000
  0.00021398   0.00000000    -0.00006309  -0.00000000     0.00002164   0.00000000
   20   18
  0.00003120   0.00000000    -0.00003232  -0.00000000    -0.00002807  -0.00000000
 -0.00007012  -0.00000000    -0.00001120  -0.00000000     0.00015175   0.00000000
  0.00012576   0.00000000    -0.00010983  -0.00000000     0.00004653   0.00000000
   20   19
 -0.00027086  -0.00000000     0.00067425   0.00000000     0.00007065   0.00000000
  0.00067425   0.00000000    -0.00081397  -0.00000000    -0.00033082  -0.00000000
 -0.00007065  -0.00000000     0.00033082   0.00000000    -0.00009025  -0.00000000
   20   20
  0.07437943   0.00000000    -0.04676774   0.00000000     0.06229926   0.00000000
 -0.04676774   0.00000000     0.14511477   0.00000000    -0.14248687   0.00000000
  0.06229926   0.00000000    -0.14248687   0.00000000     0.28300078   0.00000000
   20   21
  0.00000000   0.00000000     0.00003210   0.00000000     0.00007143   0.00000000
  0.00003210   0.00000000    -0.00000000  -0.00000000     0.00007289   0.00000000
 -0.00007143  -0.00000000     0.00007289   0.00000000     0.00000000   0.00000000
   20   22
 -0.00000000   0.00000000    -0.00006256   0.00000000    -0.00011978   0.00000000
 -0.00006256   0.00000000     0.00000000  -0.00000000    -0.00010938   0.00000000
 -0.00011978   0.00000000     0.00010938  -0.00000000    -0.00000000   0.00000000
   21    1
 -0.00422253  -0.00000000    -0.00148620  -0.00000000     0.00180619   0.00000000
  0.00036818   0.00000000     0.00000858   0.00000000     0.00038134   0.00000000
  0.00127812   0.00000000    -0.00029298  -0.00000000    -0.00329877  -0.00000000
   21    2
 -0.00240990   0.00000000     0.00012710  -0.00000000    -0.00129682   0.00000000
  0.00077438  -0.00000000    -0.00287403   0.00000000    -0.00012403   0.00000000
  0.00148571  -0.00000000     0.00194340  -0.00000000     0.00219063  -0.00000000
   21    3
 -0.00057644  -0.00000000    -0.00048391  -0.00000000     0.00006402   0.00000000
 -0.00041669  -0.00000000    -0.00106492  -0.00000000    -0.00074212  -0.00000000
 -0.00050510  -0.00000000    -0.00086899  -0.00000000    -0.00069219  -0.00000000
   21    4
 -0.00036608  -0.00000000     0.00015518   0.00000000    -0.00020647  -0.00000000
  0.00040559   0.00000000     0.00044176   0.00000000    -0.00025425  -0.00000000
 -0.00012498  -0.00000000     0.00024804   0.00000000    -0.00072938  -0.00000000
   21    5
 -0.00116927  -0.00000000     0.00004664   0.00000000    -0.00018908  -0.00000000
 -0.00051741  -0.00000000    -0.00061991  -0.00000000    -0.00020005  -0.00000000
 -0.00027694  -0.00000000    -0.00003094  -0.00000000    -0.00019844  -0.00000000
   21    6
 -0.06255546  -0.00000000    -0.03914859  -0.00000000    -0.05462767  -0.00000000
 -0.03918505  -0.00000000    -0.13077424  -0.00000000    -0.12693073  -0.00000000
 -0.05487387  -0.00000000    -0.12731564  -0.00000000    -0.25696553  -0.00000000
   21    7
  0.00012035  -0.00000000    -0.00031344   0.00000000    -0.00003662   0.00000000
 -0.00040486   0.00000000    -0.00015067   0.00000000    -0.00002763   0.00000000
 -0.00025460   0.00000000    -0.00013011   0.00000000    -0.00012303   0.00000000
   21    8
 -0.00094346  -0.00000000    -0.00017560  -0.00000000    -0.00005476  -0.00000000
 -0.00036333  -0.00000000     0.00004015   0.00000000     0.00028744   0.00000000
 -0.00030318  -0.00000000    -0.00009183  -0.00000000    -0.00010961  -0.00000000
   21    9
  0.00032511  -0.00000000     0.00029856  -0.00000000     0.00009349  -0.00000000
  0.00081689  -0.00000000     0.00029460  -0.00000000     0.00014826  -0.00000000
  0.00020163  -0.00000000     0.00003678  -0.00000000    -0.00017351   0.00000000
   21   10
  0.00757314   0.00000000     0.01934292   0.00000000     0.03002155   0.00000000
  0.00078363   0.00000000     0.00354557   0.00000000     0.00425757   0.00000000
  0.00065503   0.00000000    -0.00060969  -0.00000000    -0.00020990  -0.00000000
   21   11
 -0.00011947  -0.00000000    -0.00055294  -0.00000000     0.00000184   0.00000000
 -0.00040677  -0.00000000    -0.00034195  -0.00000000    -0.00003899  -0.00000000
 -0.00000881  -0.00000000    -0.00001825  -0.00000000     0.00007260   0.00000000
   21   12
 -0.00036378  -0.00000000     0.00000257   0.00000000     0.00003278   0.00000000
 -0.00038280  -0.00000000     0.00019514   0.00000000    -0.00001300  -0.00000000
 -0.00027186  -0.00000000     0.00015006   0.00000000     0.00002595   0.00000000
   21   13
  0.00029763   0.00000000    -0.00091729  -0.00000000    -0.00013148  -0.00000000
 -0.00021561  -0.00000000    -0.00002933  -0.00000000    -0.00025527  -0.00000000
 -0.00017297  -0.00000000    -0.00001259  -0.00000000    -0.00004980  -0.00000000
   21   14
  0.00448835   0.00000000     0.00885059   0.00000000     0.01521659   0.00000000
 -0.00960138  -0.00000000    -0.01650305  -0.00000000    -0.02597700  -0.00000000
  0.00101641   0.00000000    -0.00004177  -0.00000000    -0.00011176  -0.00000000
   21   15
 -0.00003120  -0.00000000    -0.00003232  -0.00000000     0.00002807   0.00000000
 -0.00007012  -0.00000000     0.00001120   0.00000000     0.00015175   0.00000000
 -0.00012576  -0.00000000    -0.00010983  -0.00000000    -0.00004653  -0.00000000
   21   16
  0.00000948   0.00000000    -0.00029411  -0.00000000     0.00029794   0.00000000
 -0.00022881  -0.00000000    -0.00001612  -0.00000000     0.00006617   0.00000000
 -0.00021398  -0.00000000    -0.00006309  -0.00000000    -0.00002164  -0.00000000
   21   17
 -0.00030741   0.00000000    -0.00051739   0.00000000    -0.00016058   0.00000000
 -0.00067533   0.00000000    -0.00089774   0.00000000    -0.00046219   0.00000000
 -0.00008186   0.00000000    -0.00022173   0.00000000    -0.00049905   0.00000000
   21   18
  0.00165619   0.00000000     0.00660258   0.00000000     0.00727984   0.00000000
  0.00650621   0.00000000     0.01251028   0.00000000     0.01606711   0.00000000
 -0.00755417  -0.00000000    -0.01623904  -0.00000000    -0.02338372  -0.00000000
   21   19
  0.00000000   0.00000000    -0.00006256  -0.00000000     0.00011978   0.00000000
 -0.00006256  -0.00000000    -0.00000000  -0.00000000    -0.00010938  -0.00000000
  0.00011978   0.00000000     0.00010938   0.00000000     0.00000000   0.00000000
   21   20
 -0.00000000  -0.00000000     0.00003210  -0.00000000    -0.00007143   0.00000000
  0.00003210  -0.00000000     0.00000000   0.00000000     0.00007289  -0.00000000
  0.00007143  -0.00000000     0.00007289  -0.00000000    -0.00000000  -0.00000000
   21   21
  0.07437943   0.00000000     0.04676774   0.00000000     0.06229926   0.00000000
  0.04676774   0.00000000     0.14511477   0.00000000     0.14248687   0.00000000
  0.06229926   0.00000000     0.14248687   0.00000000     0.28300078   0.00000000
   21   22
 -0.00027086   0.00000000    -0.00067425   0.00000000     0.00007065  -0.00000000
 -0.00067425   0.00000000    -0.00081397   0.00000000     0.00033082  -0.00000000
 -0.00007065   0.00000000    -0.00033082   0.00000000    -0.00009025   0.00000000
   22    1
 -0.00422253  -0.00000000    -0.00148620  -0.00000000    -0.00180619  -0.00000000
  0.00036818   0.00000000     0.00000858   0.00000000    -0.00038134  -0.00000000
 -0.00127812  -0.00000000     0.00029298   0.00000000    -0.00329877  -0.00000000
   22    2
 -0.00240990  -0.00000000     0.00012710   0.00000000     0.00129682   0.00000000
  0.00077438   0.00000000    -0.00287403  -0.00000000     0.00012403   0.00000000
 -0.00148571  -0.00000000    -0.00194340  -0.00000000     0.00219063   0.00000000
   22    3
 -0.00036608  -0.00000000     0.00015518   0.00000000     0.00020647   0.00000000
  0.00040559   0.00000000     0.00044176   0.00000000     0.00025425   0.00000000
  0.00012498   0.00000000    -0.00024804  -0.00000000    -0.00072938  -0.00000000
   22    4
 -0.00057644  -0.00000000    -0.00048391  -0.00000000    -0.00006402  -0.00000000
 -0.00041669  -0.00000000    -0.00106492  -0.00000000     0.00074212   0.00000000
  0.00050510   0.00000000     0.00086899   0.00000000    -0.00069219  -0.00000000
   22    5
 -0.06255546  -0.00000000    -0.03914859  -0.00000000     0.05462767   0.00000000
 -0.03918505  -0.00000000    -0.13077424  -0.00000000     0.12693073   0.00000000
  0.05487387   0.00000000     0.12731564   0.00000000    -0.25696553  -0.00000000
   22    6
 -0.00116927  -0.00000000     0.00004664   0.00000000     0.00018908   0.00000000
 -0.00051741  -0.00000000    -0.00061991  -0.00000000     0.00020005   0.00000000
  0.00027694   0.00000000     0.00003094   0.00000000    -0.00019844  -0.00000000
   22    7
 -0.00094346   0.00000000    -0.00017560   0.00000000     0.00005476  -0.00000000
 -0.00036333   0.00000000     0.00004015  -0.00000000    -0.00028744   0.00000000
  0.00030318  -0.00000000     0.00009183  -0.00000000    -0.00010961   0.00000000
   22    8
  0.00012035   0.00000000    -0.00031344  -0.00000000     0.00003662   0.00000000
 -0.00040486  -0.00000000    -0.00015067  -0.00000000     0.00002763   0.00000000
  0.00025460   0.00000000     0.00013011   0.00000000    -0.00012303  -0.00000000
   22    9
  0.00757314  -0.00000000     0.01934292  -0.00000000    -0.03002155   0.00000000
  0.00078363  -0.00000000     0.00354557  -0.00000000    -0.00425757   0.00000000
 -0.00065503   0.00000000     0.00060969  -0.00000000    -0.00020990   0.00000000
   22   10
  0.00032511   0.00000000     0.00029856   0.00000000    -0.00009349  -0.00000000
  0.00081689   0.00000000     0.00029460   0.00000000    -0.00014826  -0.00000000
 -0.00020163  -0.00000000    -0.00003678  -0.00000000    -0.00017351  -0.00000000
   22   11
 -0.00036378  -0.00000000     0.00000257   0.00000000    -0.00003278  -0.00000000
 -0.00038280  -0.00000000     0.00019514   0.00000000     0.00001300   0.00000000
  0.00027186   0.00000000    -0.00015006  -0.00000000     0.00002595   0.00000000
   22   12
 -0.00011947  -0.00000000    -0.00055294  -0.00000000    -0.00000184  -0.00000000
 -0.00040677  -0.00000000    -0.00034195  -0.00000000     0.00003899   0.00000000
  0.00000881   0.00000000     0.00001825   0.00000000     0.00007260   0.00000000
   22   13
  0.00448835   0.00000000     0.00885059   0.00000000    -0.01521659  -0.00000000
 -0.00960138  -0.00000000    -0.01650305  -0.00000000     0.02597700   0.00000000
 -0.00101641  -0.00000000     0.00004177   0.00000000    -0.00011176  -0.00000000
   22   14
  0.00029763   0.00000000    -0.00091729  -0.00000000     0.00013148   0.00000000
 -0.00021561  -0.00000000    -0.00002933  -0.00000000     0.00025527   0.00000000
  0.00017297   0.00000000     0.00001259   0.00000000    -0.00004980  -0.00000000
   22   15
  0.00000948   0.00000000    -0.00029411  -0.00000000    -0.00029794  -0.00000000
 -0.00022881  -0.00000000    -0.00001612  -0.00000000    -0.00006617  -0.00000000
  0.00021398   0.00000000     0.00006309   0.00000000    -0.00002164  -0.00000000
   22   16
 -0.00003120  -0.00000000    -0.00003232  -0.00000000    -0.00002807  -0.00000000
 -0.00007012  -0.00000000     0.00001120   0.00000000    -0.00015175  -0.00000000
  0.00012576   0.00000000     0.00010983   0.00000000    -0.00004653  -0.00000000
   22   17
  0.00165619   0.00000000     0.00660258   0.00000000    -0.00727984  -0.00000000
  0.00650621   0.00000000     0.01251028   0.00000000    -0.01606711  -0.00000000
  0.00755417   0.00000000     0.01623904   0.00000000    -0.02338372  -0.00000000
   22   18
 -0.00030741  -0.00000000    -0.00051739  -0.00000000     0.00016058   0.00000000
 -0.00067533  -0.00000000    -0.00089774  -0.00000000     0.00046219   0.00000000
  0.00008186   0.00000000     0.00022173   0.00000000    -0.00049905  -0.00000000
   22   19
 -0.00000000   0.00000000     0.00003210   0.00000000     0.00007143   0.00000000
  0.00003210   0.00000000     0.00000000  -0.00000000    -0.00007289  -0.00000000
 -0.00007143  -0.00000000    -0.00007289  -0.00000000    -0.00000000   0.00000000
   22   20
  0.00000000  -0.00000000    -0.00006256  -0.00000000    -0.00011978  -0.00000000
 -0.00006256  -0.00000000    -0.00000000   0.00000000     0.00010938   0.00000000
 -0.00011978  -0.00000000    -0.00010938  -0.00000000     0.00000000   0.00000000
   22   21
 -0.00027086  -0.00000000    -0.00067425  -0.00000000    -0.00007065  -0.00000000
 -0.00067425  -0.00000000    -0.00081397  -0.00000000    -0.00033082  -0.00000000
  0.00007065   0.00000000     0.00033082   0.00000000    -0.00009025  -0.00000000
   22   22
  0.07437943   0.00000000     0.04676774   0.00000000    -0.06229926   0.00000000
  0.04676774   0.00000000     0.14511477   0.00000000    -0.14248687   0.00000000
 -0.06229926   0.00000000    -0.14248687   0.00000000     0.28300078   0.00000000

     Diagonalizing the dynamical matrix

     q = (   -0.500000000  -0.502188492   0.000000000 ) 

 **************************************************************************
     freq (    1) =       0.776454 [THz] =      25.899733 [cm-1]
 (  0.192209 -0.000000  0.235003 -0.000000  0.000000 -0.000000 ) 
 (  0.176370 -0.000000  0.226986 -0.000000 -0.000000  0.000000 ) 
 (  0.035656 -0.000000  0.133073  0.000000 -0.000587  0.000000 ) 
 (  0.035656 -0.000000  0.133073  0.000000  0.000587 -0.000000 ) 
 (  0.147452 -0.000000  0.187834 -0.000000 -0.000676  0.000000 ) 
 (  0.147452 -0.000000  0.187834 -0.000000  0.000676 -0.000000 ) 
 (  0.054036 -0.000000  0.236608 -0.000000 -0.000995  0.000000 ) 
 (  0.054036 -0.000000  0.236608 -0.000000  0.000995  0.000000 ) 
 ( -0.139768  0.000000 -0.219310  0.000000  0.010812 -0.000000 ) 
 ( -0.139768  0.000000 -0.219310  0.000000 -0.010812  0.000000 ) 
 (  0.128124 -0.000000  0.083453  0.000000  0.003618  0.000000 ) 
 (  0.128124 -0.000000  0.083453  0.000000 -0.003618  0.000000 ) 
 (  0.114959 -0.000000  0.167045 -0.000000  0.014130 -0.000000 ) 
 (  0.114959 -0.000000  0.167045 -0.000000 -0.014130  0.000000 ) 
 ( -0.017505  0.000000  0.113346  0.000000 -0.003894  0.000000 ) 
 ( -0.017505  0.000000  0.113346  0.000000  0.003894 -0.000000 ) 
 (  0.157733 -0.000000  0.185619 -0.000000 -0.004329  0.000000 ) 
 (  0.157733 -0.000000  0.185619 -0.000000  0.004329 -0.000000 ) 
 ( -0.018748  0.000000  0.105251  0.000000  0.002245  0.000000 ) 
 ( -0.018748  0.000000  0.105251  0.000000 -0.002245  0.000000 ) 
 (  0.183537 -0.000000  0.166072 -0.000000  0.002793 -0.000000 ) 
 (  0.183537 -0.000000  0.166072 -0.000000 -0.002793  0.000000 ) 
     freq (    2) =       0.776454 [THz] =      25.899733 [cm-1]
 ( -0.176370  0.000000  0.226986  0.000000  0.000000  0.000000 ) 
 (  0.192209  0.000000 -0.235003  0.000000 -0.000000  0.000000 ) 
 ( -0.147452  0.000000  0.187834  0.000000 -0.000676  0.000000 ) 
 ( -0.147452  0.000000  0.187834  0.000000  0.000676  0.000000 ) 
 (  0.035656  0.000000 -0.133073  0.000000  0.000587  0.000000 ) 
 (  0.035656  0.000000 -0.133073  0.000000 -0.000587  0.000000 ) 
 ( -0.139768  0.000000  0.219310  0.000000 -0.010812  0.000000 ) 
 ( -0.139768  0.000000  0.219310  0.000000  0.010812  0.000000 ) 
 ( -0.054036  0.000000  0.236608  0.000000 -0.000995  0.000000 ) 
 ( -0.054036  0.000000  0.236608  0.000000  0.000995  0.000000 ) 
 ( -0.114959  0.000000  0.167045  0.000000  0.014130  0.000000 ) 
 ( -0.114959  0.000000  0.167045  0.000000 -0.014130  0.000000 ) 
 (  0.128124  0.000000 -0.083453  0.000000 -0.003618  0.000000 ) 
 (  0.128124  0.000000 -0.083453  0.000000  0.003618  0.000000 ) 
 ( -0.157733  0.000000  0.185619  0.000000 -0.004329  0.000000 ) 
 ( -0.157733  0.000000  0.185619  0.000000  0.004329  0.000000 ) 
 ( -0.017505  0.000000 -0.113346  0.000000  0.003894  0.000000 ) 
 ( -0.017505  0.000000 -0.113346  0.000000 -0.003894  0.000000 ) 
 ( -0.183537  0.000000  0.166072  0.000000  0.002793  0.000000 ) 
 ( -0.183537  0.000000  0.166072  0.000000 -0.002793  0.000000 ) 
 ( -0.018748  0.000000 -0.105251  0.000000 -0.002245  0.000000 ) 
 ( -0.018748  0.000000 -0.105251  0.000000  0.002245  0.000000 ) 
     freq (    3) =       1.189855 [THz] =      39.689279 [cm-1]
 (  0.000000  0.000000  0.000000  0.000000 -0.386879  0.000000 ) 
 (  0.000000  0.000000  0.000000  0.000000 -0.039358  0.000000 ) 
 ( -0.004136  0.000000 -0.007410  0.000000 -0.267916  0.000000 ) 
 (  0.004136  0.000000  0.007410  0.000000 -0.267916  0.000000 ) 
 (  0.006401  0.000000 -0.003614  0.000000 -0.081216  0.000000 ) 
 ( -0.006401  0.000000  0.003614  0.000000 -0.081216  0.000000 ) 
 ( -0.001603  0.000000  0.009279  0.000000 -0.311657  0.000000 ) 
 (  0.001603  0.000000 -0.009279  0.000000 -0.311657  0.000000 ) 
 ( -0.005241  0.000000 -0.003452  0.000000  0.034784  0.000000 ) 
 (  0.005241  0.000000  0.003452  0.000000  0.034784  0.000000 ) 
 (  0.010514  0.000000 -0.015166  0.000000 -0.298421  0.000000 ) 
 ( -0.010514  0.000000  0.015166  0.000000 -0.298421  0.000000 ) 
 (  0.001724  0.000000 -0.006506  0.000000 -0.031167  0.000000 ) 
 ( -0.001724  0.000000  0.006506  0.000000 -0.031167  0.000000 ) 
 (  0.023678  0.000000 -0.068801  0.000000 -0.216491  0.000000 ) 
 ( -0.023678  0.000000  0.068801  0.000000 -0.216491  0.000000 ) 
 (  0.045987  0.000000  0.067123  0.000000 -0.140859  0.000000 ) 
 ( -0.045987  0.000000 -0.067123  0.000000 -0.140859  0.000000 ) 
 (  0.052241  0.000000 -0.043675  0.000000 -0.217134  0.000000 ) 
 ( -0.052241  0.000000  0.043675  0.000000 -0.217134  0.000000 ) 
 (  0.025736  0.000000  0.077675  0.000000 -0.141079  0.000000 ) 
 ( -0.025736  0.000000 -0.077675  0.000000 -0.141079  0.000000 ) 
     freq (    4) =       1.189855 [THz] =      39.689279 [cm-1]
 (  0.000000  0.000000 -0.000000  0.000000  0.039358  0.000000 ) 
 ( -0.000000  0.000000 -0.000000  0.000000 -0.386879  0.000000 ) 
 (  0.006401  0.000000  0.003614  0.000000  0.081216  0.000000 ) 
 ( -0.006401  0.000000 -0.003614  0.000000  0.081216  0.000000 ) 
 (  0.004136  0.000000 -0.007410  0.000000 -0.267916  0.000000 ) 
 ( -0.004136  0.000000  0.007410  0.000000 -0.267916  0.000000 ) 
 (  0.005241  0.000000 -0.003452  0.000000  0.034784  0.000000 ) 
 ( -0.005241  0.000000  0.003452  0.000000  0.034784  0.000000 ) 
 ( -0.001603  0.000000 -0.009279  0.000000  0.311657  0.000000 ) 
 (  0.001603  0.000000  0.009279  0.000000  0.311657  0.000000 ) 
 (  0.001724  0.000000  0.006506  0.000000  0.031167  0.000000 ) 
 ( -0.001724  0.000000 -0.006506  0.000000  0.031167  0.000000 ) 
 ( -0.010514  0.000000 -0.015166  0.000000 -0.298421  0.000000 ) 
 (  0.010514  0.000000  0.015166  0.000000 -0.298421  0.000000 ) 
 (  0.045987  0.000000 -0.067123  0.000000  0.140859  0.000000 ) 
 ( -0.045987  0.000000  0.067123  0.000000  0.140859  0.000000 ) 
 ( -0.023678  0.000000 -0.068801  0.000000 -0.216491  0.000000 ) 
 (  0.023678  0.000000  0.068801  0.000000 -0.216491  0.000000 ) 
 (  0.025736  0.000000 -0.077675  0.000000  0.141079  0.000000 ) 
 ( -0.025736  0.000000  0.077675  0.000000  0.141079  0.000000 ) 
 ( -0.052241  0.000000 -0.043675  0.000000 -0.217134  0.000000 ) 
 (  0.052241  0.000000  0.043675  0.000000 -0.217134  0.000000 ) 
     freq (    5) =       1.946369 [THz] =      64.923893 [cm-1]
 (  0.192152 -0.000000 -0.090319  0.000000 -0.000000  0.000000 ) 
 (  0.113694 -0.000000 -0.132778  0.000000  0.000000 -0.000000 ) 
 ( -0.022262  0.000000 -0.134089  0.000000  0.003838 -0.000000 ) 
 ( -0.022262  0.000000 -0.134089  0.000000 -0.003838  0.000000 ) 
 (  0.135735 -0.000000 -0.169760  0.000000  0.005770 -0.000000 ) 
 (  0.135735 -0.000000 -0.169760  0.000000 -0.005770  0.000000 ) 
 (  0.017836 -0.000000  0.070982 -0.000000 -0.008004  0.000000 ) 
 (  0.017836 -0.000000  0.070982 -0.000000  0.008004 -0.000000 ) 
 ( -0.126410  0.000000  0.115766 -0.000000 -0.006452  0.000000 ) 
 ( -0.126410  0.000000  0.115766 -0.000000  0.006452 -0.000000 ) 
 (  0.167794 -0.000000 -0.234962  0.000000  0.015081 -0.000000 ) 
 (  0.167794 -0.000000 -0.234962  0.000000 -0.015081  0.000000 ) 
 (  0.086555 -0.000000 -0.193642  0.000000 -0.004509  0.000000 ) 
 (  0.086555 -0.000000 -0.193642  0.000000  0.004509 -0.000000 ) 
 ( -0.125306  0.000000 -0.183562  0.000000  0.006975 -0.000000 ) 
 ( -0.125306  0.000000 -0.183562  0.000000 -0.006975  0.000000 ) 
 (  0.169409 -0.000000 -0.193027  0.000000  0.010458 -0.000000 ) 
 (  0.169409 -0.000000 -0.193027  0.000000 -0.010458  0.000000 ) 
 ( -0.150906  0.000000 -0.195257  0.000000  0.000171 -0.000000 ) 
 ( -0.150906  0.000000 -0.195257  0.000000 -0.000171  0.000000 ) 
 (  0.160729 -0.000000 -0.174982  0.000000 -0.010467  0.000000 ) 
 (  0.160729 -0.000000 -0.174982  0.000000  0.010467 -0.000000 ) 
     freq (    6) =       1.946369 [THz] =      64.923893 [cm-1]
 ( -0.113694  0.000000 -0.132778  0.000000 -0.000000  0.000000 ) 
 (  0.192152  0.000000  0.090319  0.000000 -0.000000  0.000000 ) 
 ( -0.135735  0.000000 -0.169760  0.000000  0.005770  0.000000 ) 
 ( -0.135735  0.000000 -0.169760  0.000000 -0.005770  0.000000 ) 
 ( -0.022262  0.000000  0.134089  0.000000 -0.003838  0.000000 ) 
 ( -0.022262  0.000000  0.134089  0.000000  0.003838  0.000000 ) 
 ( -0.126410  0.000000 -0.115766  0.000000  0.006452  0.000000 ) 
 ( -0.126410  0.000000 -0.115766  0.000000 -0.006452  0.000000 ) 
 ( -0.017836  0.000000  0.070982  0.000000 -0.008004  0.000000 ) 
 ( -0.017836  0.000000  0.070982  0.000000  0.008004  0.000000 ) 
 ( -0.086555  0.000000 -0.193642  0.000000 -0.004509  0.000000 ) 
 ( -0.086555  0.000000 -0.193642  0.000000  0.004509  0.000000 ) 
 (  0.167794  0.000000  0.234962  0.000000 -0.015081  0.000000 ) 
 (  0.167794  0.000000  0.234962  0.000000  0.015081  0.000000 ) 
 ( -0.169409  0.000000 -0.193027  0.000000  0.010458  0.000000 ) 
 ( -0.169409  0.000000 -0.193027  0.000000 -0.010458  0.000000 ) 
 ( -0.125306  0.000000  0.183562  0.000000 -0.006975  0.000000 ) 
 ( -0.125306  0.000000  0.183562  0.000000  0.006975  0.000000 ) 
 ( -0.160729  0.000000 -0.174982  0.000000 -0.010467  0.000000 ) 
 ( -0.160729  0.000000 -0.174982  0.000000  0.010467  0.000000 ) 
 ( -0.150906  0.000000  0.195257  0.000000 -0.000171  0.000000 ) 
 ( -0.150906  0.000000  0.195257  0.000000  0.000171  0.000000 ) 
     freq (    7) =       4.422522 [THz] =     147.519449 [cm-1]
 ( -0.000000  0.000000 -0.000000  0.000000 -0.002346  0.000000 ) 
 (  0.000000  0.000000 -0.000000  0.000000  0.001067  0.000000 ) 
 (  0.162578  0.000000  0.127285  0.000000  0.012021  0.000000 ) 
 ( -0.162578  0.000000 -0.127285  0.000000  0.012021  0.000000 ) 
 (  0.095549  0.000000 -0.146804  0.000000  0.009230  0.000000 ) 
 ( -0.095549  0.000000  0.146804  0.000000  0.009230  0.000000 ) 
 (  0.154309  0.000000  0.072489  0.000000  0.011082  0.000000 ) 
 ( -0.154309  0.000000 -0.072489  0.000000  0.011082  0.000000 ) 
 ( -0.057371  0.000000 -0.083905  0.000000 -0.007627  0.000000 ) 
 (  0.057371  0.000000  0.083905  0.000000 -0.007627  0.000000 ) 
 (  0.123809  0.000000  0.144082  0.000000  0.004520  0.000000 ) 
 ( -0.123809  0.000000 -0.144082  0.000000  0.004520  0.000000 ) 
 ( -0.104915  0.000000 -0.251728  0.000000  0.023440  0.000000 ) 
 (  0.104915  0.000000  0.251728  0.000000  0.023440  0.000000 ) 
 (  0.170805  0.000000  0.124780  0.000000  0.016084  0.000000 ) 
 ( -0.170805  0.000000 -0.124780  0.000000  0.016084  0.000000 ) 
 (  0.212589  0.000000 -0.194737  0.000000  0.004993  0.000000 ) 
 ( -0.212589  0.000000  0.194737  0.000000  0.004993  0.000000 ) 
 ( -0.173961  0.000000 -0.139734  0.000000  0.016918  0.000000 ) 
 (  0.173961  0.000000  0.139734  0.000000  0.016918  0.000000 ) 
 ( -0.220815  0.000000  0.221052  0.000000 -0.000669  0.000000 ) 
 (  0.220815  0.000000 -0.221052  0.000000 -0.000669  0.000000 ) 
     freq (    8) =       4.422522 [THz] =     147.519449 [cm-1]
 (  0.000000  0.000000  0.000000  0.000000  0.001067  0.000000 ) 
 ( -0.000000  0.000000  0.000000  0.000000  0.002346  0.000000 ) 
 ( -0.095549  0.000000 -0.146804  0.000000  0.009230  0.000000 ) 
 (  0.095549  0.000000  0.146804  0.000000  0.009230  0.000000 ) 
 (  0.162578  0.000000 -0.127285  0.000000 -0.012021  0.000000 ) 
 ( -0.162578  0.000000  0.127285  0.000000 -0.012021  0.000000 ) 
 ( -0.057371  0.000000  0.083905  0.000000  0.007627  0.000000 ) 
 (  0.057371  0.000000 -0.083905  0.000000  0.007627  0.000000 ) 
 ( -0.154309  0.000000  0.072489  0.000000  0.011082  0.000000 ) 
 (  0.154309  0.000000 -0.072489  0.000000  0.011082  0.000000 ) 
 (  0.104915  0.000000 -0.251728  0.000000  0.023440  0.000000 ) 
 ( -0.104915  0.000000  0.251728  0.000000  0.023440  0.000000 ) 
 (  0.123809  0.000000 -0.144082  0.000000 -0.004520  0.000000 ) 
 ( -0.123809  0.000000  0.144082  0.000000 -0.004520  0.000000 ) 
 ( -0.212589  0.000000 -0.194737  0.000000  0.004993  0.000000 ) 
 (  0.212589  0.000000  0.194737  0.000000  0.004993  0.000000 ) 
 (  0.170805  0.000000 -0.124780  0.000000 -0.016084  0.000000 ) 
 ( -0.170805  0.000000  0.124780  0.000000 -0.016084  0.000000 ) 
 (  0.220815  0.000000  0.221052  0.000000 -0.000669  0.000000 ) 
 ( -0.220815  0.000000 -0.221052  0.000000 -0.000669  0.000000 ) 
 ( -0.173961  0.000000  0.139734  0.000000 -0.016918  0.000000 ) 
 (  0.173961  0.000000 -0.139734  0.000000 -0.016918  0.000000 ) 
     freq (    9) =       5.266386 [THz] =     175.667737 [cm-1]
 ( -0.022463  0.000000 -0.015293  0.000000 -0.000000  0.000000 ) 
 ( -0.009729  0.000000  0.053582  0.000000 -0.000000  0.000000 ) 
 ( -0.117924  0.000000  0.073497  0.000000 -0.000165  0.000000 ) 
 ( -0.117924  0.000000  0.073497  0.000000  0.000165  0.000000 ) 
 (  0.169025  0.000000 -0.225661  0.000000  0.000382  0.000000 ) 
 (  0.169025  0.000000 -0.225661  0.000000 -0.000382  0.000000 ) 
 ( -0.125176  0.000000  0.021950  0.000000 -0.004387  0.000000 ) 
 ( -0.125176  0.000000  0.021950  0.000000  0.004387  0.000000 ) 
 ( -0.148837  0.000000  0.108431  0.000000  0.011308  0.000000 ) 
 ( -0.148837  0.000000  0.108431  0.000000 -0.011308  0.000000 ) 
 ( -0.171748  0.000000  0.101655  0.000000  0.009014  0.000000 ) 
 ( -0.171748  0.000000  0.101655  0.000000 -0.009014  0.000000 ) 
 (  0.075079  0.000000 -0.264584  0.000000  0.016609  0.000000 ) 
 (  0.075079  0.000000 -0.264584  0.000000 -0.016609  0.000000 ) 
 ( -0.076058  0.000000  0.098875  0.000000 -0.002850  0.000000 ) 
 ( -0.076058  0.000000  0.098875  0.000000  0.002850  0.000000 ) 
 (  0.191351  0.000000 -0.232587  0.000000 -0.003409  0.000000 ) 
 (  0.191351  0.000000 -0.232587  0.000000  0.003409  0.000000 ) 
 ( -0.086577  0.000000  0.084513  0.000000  0.003859  0.000000 ) 
 ( -0.086577  0.000000  0.084513  0.000000 -0.003859  0.000000 ) 
 (  0.218738  0.000000 -0.253995  0.000000  0.002045  0.000000 ) 
 (  0.218738  0.000000 -0.253995  0.000000 -0.002045  0.000000 ) 
     freq (   10) =       5.266386 [THz] =     175.667737 [cm-1]
 ( -0.009729  0.000000 -0.053582  0.000000 -0.000000  0.000000 ) 
 (  0.022463  0.000000 -0.015293  0.000000  0.000000  0.000000 ) 
 (  0.169025  0.000000  0.225661  0.000000 -0.000382  0.000000 ) 
 (  0.169025  0.000000  0.225661  0.000000  0.000382  0.000000 ) 
 (  0.117924  0.000000  0.073497  0.000000 -0.000165  0.000000 ) 
 (  0.117924  0.000000  0.073497  0.000000  0.000165  0.000000 ) 
 (  0.148837  0.000000  0.108431  0.000000  0.011308  0.000000 ) 
 (  0.148837  0.000000  0.108431  0.000000 -0.011308  0.000000 ) 
 ( -0.125176  0.000000 -0.021950  0.000000  0.004387  0.000000 ) 
 ( -0.125176  0.000000 -0.021950  0.000000 -0.004387  0.000000 ) 
 (  0.075079  0.000000  0.264584  0.000000 -0.016609  0.000000 ) 
 (  0.075079  0.000000  0.264584  0.000000  0.016609  0.000000 ) 
 (  0.171748  0.000000  0.101655  0.000000  0.009014  0.000000 ) 
 (  0.171748  0.000000  0.101655  0.000000 -0.009014  0.000000 ) 
 (  0.191351  0.000000  0.232587  0.000000  0.003409  0.000000 ) 
 (  0.191351  0.000000  0.232587  0.000000 -0.003409  0.000000 ) 
 (  0.076058  0.000000  0.098875  0.000000 -0.002850  0.000000 ) 
 (  0.076058  0.000000  0.098875  0.000000  0.002850  0.000000 ) 
 (  0.218738  0.000000  0.253995  0.000000 -0.002045  0.000000 ) 
 (  0.218738  0.000000  0.253995  0.000000  0.002045  0.000000 ) 
 (  0.086577  0.000000  0.084513  0.000000  0.003859  0.000000 ) 
 (  0.086577  0.000000  0.084513  0.000000 -0.003859  0.000000 ) 
     freq (   11) =       6.053526 [THz] =     201.923886 [cm-1]
 (  0.000000 -0.000000  0.000000  0.000000 -0.011373  0.000000 ) 
 (  0.000000 -0.000000 -0.000000  0.000000 -0.044341  0.000000 ) 
 ( -0.003397  0.000000 -0.014686  0.000000  0.003475  0.000000 ) 
 (  0.003397 -0.000000  0.014686 -0.000000  0.003475  0.000000 ) 
 (  0.004535 -0.000000 -0.000318  0.000000  0.300391 -0.000000 ) 
 ( -0.004535  0.000000  0.000318 -0.000000  0.300391 -0.000000 ) 
 (  0.000484 -0.000000  0.009638 -0.000000  0.005485  0.000000 ) 
 ( -0.000484  0.000000 -0.009638  0.000000  0.005485  0.000000 ) 
 ( -0.005491  0.000000  0.004430 -0.000000 -0.189816  0.000000 ) 
 (  0.005491 -0.000000 -0.004430  0.000000 -0.189816  0.000000 ) 
 (  0.018056 -0.000000 -0.025947  0.000000  0.035110 -0.000000 ) 
 ( -0.018056  0.000000  0.025947 -0.000000  0.035110 -0.000000 ) 
 (  0.007897 -0.000000  0.001886 -0.000000  0.207520 -0.000000 ) 
 ( -0.007897  0.000000 -0.001886  0.000000  0.207520 -0.000000 ) 
 ( -0.008744  0.000000  0.005023 -0.000000 -0.011190  0.000000 ) 
 (  0.008744 -0.000000 -0.005023  0.000000 -0.011190  0.000000 ) 
 ( -0.043620  0.000000 -0.111649  0.000000  0.383422 -0.000000 ) 
 (  0.043620 -0.000000  0.111649 -0.000000  0.383422 -0.000000 ) 
 (  0.023496 -0.000000  0.046506 -0.000000 -0.011871  0.000000 ) 
 ( -0.023496  0.000000 -0.046506  0.000000 -0.011871  0.000000 ) 
 ( -0.046902  0.000000 -0.113307  0.000000  0.383915 -0.000000 ) 
 (  0.046902 -0.000000  0.113307 -0.000000  0.383915 -0.000000 ) 
     freq (   12) =       6.053526 [THz] =     201.923886 [cm-1]
 ( -0.000000  0.000000  0.000000  0.000000 -0.044341  0.000000 ) 
 ( -0.000000  0.000000 -0.000000  0.000000  0.011373  0.000000 ) 
 ( -0.004535  0.000000 -0.000318  0.000000  0.300391  0.000000 ) 
 (  0.004535  0.000000  0.000318  0.000000  0.300391  0.000000 ) 
 ( -0.003397  0.000000  0.014686  0.000000 -0.003475  0.000000 ) 
 (  0.003397  0.000000 -0.014686  0.000000 -0.003475  0.000000 ) 
 ( -0.005491  0.000000 -0.004430  0.000000  0.189816  0.000000 ) 
 (  0.005491  0.000000  0.004430  0.000000  0.189816  0.000000 ) 
 ( -0.000484  0.000000  0.009638  0.000000  0.005485  0.000000 ) 
 (  0.000484  0.000000 -0.009638  0.000000  0.005485  0.000000 ) 
 ( -0.007897  0.000000  0.001886  0.000000  0.207520  0.000000 ) 
 (  0.007897  0.000000 -0.001886  0.000000  0.207520  0.000000 ) 
 (  0.018056  0.000000  0.025947  0.000000 -0.035110  0.000000 ) 
 ( -0.018056  0.000000 -0.025947  0.000000 -0.035110  0.000000 ) 
 (  0.043620  0.000000 -0.111649  0.000000  0.383422  0.000000 ) 
 ( -0.043620  0.000000  0.111649  0.000000  0.383422  0.000000 ) 
 ( -0.008744  0.000000 -0.005023  0.000000  0.011190  0.000000 ) 
 (  0.008744  0.000000  0.005023  0.000000  0.011190  0.000000 ) 
 (  0.046902  0.000000 -0.113307  0.000000  0.383915  0.000000 ) 
 ( -0.046902  0.000000  0.113307  0.000000  0.383915  0.000000 ) 
 (  0.023496  0.000000 -0.046506  0.000000  0.011871  0.000000 ) 
 ( -0.023496  0.000000  0.046506  0.000000  0.011871  0.000000 ) 
     freq (   13) =       6.388411 [THz] =     213.094468 [cm-1]
 ( -0.013134  0.000000  0.003265  0.000000  0.000000  0.000000 ) 
 (  0.027556 -0.000000  0.017831 -0.000000  0.000000  0.000000 ) 
 (  0.157063  0.000000 -0.033513  0.000000 -0.192277  0.000000 ) 
 (  0.157063  0.000000 -0.033513  0.000000  0.192277 -0.000000 ) 
 ( -0.084213  0.000000 -0.119050  0.000000 -0.008586  0.000000 ) 
 ( -0.084213  0.000000 -0.119050  0.000000  0.008586 -0.000000 ) 
 (  0.143957  0.000000 -0.088982  0.000000 -0.121205  0.000000 ) 
 (  0.143957  0.000000 -0.088982  0.000000  0.121205 -0.000000 ) 
 (  0.105154 -0.000000 -0.019074  0.000000  0.002021 -0.000000 ) 
 (  0.105154 -0.000000 -0.019074  0.000000 -0.002021  0.000000 ) 
 (  0.116672  0.000000 -0.018076  0.000000 -0.120289  0.000000 ) 
 (  0.116672  0.000000 -0.018076  0.000000  0.120289 -0.000000 ) 
 ( -0.209674  0.000000 -0.184659  0.000000  0.014348  0.000000 ) 
 ( -0.209674  0.000000 -0.184659  0.000000 -0.014348  0.000000 ) 
 (  0.139589 -0.000000  0.060432 -0.000000 -0.255366  0.000000 ) 
 (  0.139589 -0.000000  0.060432 -0.000000  0.255366 -0.000000 ) 
 (  0.006529  0.000000 -0.136868  0.000000 -0.022492  0.000000 ) 
 (  0.006529  0.000000 -0.136868  0.000000  0.022492 -0.000000 ) 
 (  0.194736 -0.000000 -0.109674  0.000000  0.249442 -0.000000 ) 
 (  0.194736 -0.000000 -0.109674  0.000000 -0.249442  0.000000 ) 
 (  0.008925  0.000000 -0.182848  0.000000  0.022798 -0.000000 ) 
 (  0.008925  0.000000 -0.182848  0.000000 -0.022798  0.000000 ) 
     freq (   14) =       6.388411 [THz] =     213.094468 [cm-1]
 ( -0.027556  0.000000  0.017831  0.000000  0.000000  0.000000 ) 
 ( -0.013134  0.000000 -0.003265  0.000000  0.000000  0.000000 ) 
 (  0.084213  0.000000 -0.119050  0.000000 -0.008586  0.000000 ) 
 (  0.084213  0.000000 -0.119050  0.000000  0.008586  0.000000 ) 
 (  0.157063  0.000000  0.033513  0.000000  0.192277  0.000000 ) 
 (  0.157063  0.000000  0.033513  0.000000 -0.192277  0.000000 ) 
 (  0.105154  0.000000  0.019074  0.000000 -0.002021  0.000000 ) 
 (  0.105154  0.000000  0.019074  0.000000  0.002021  0.000000 ) 
 ( -0.143957  0.000000 -0.088982  0.000000 -0.121205  0.000000 ) 
 ( -0.143957  0.000000 -0.088982  0.000000  0.121205  0.000000 ) 
 (  0.209674  0.000000 -0.184659  0.000000  0.014348  0.000000 ) 
 (  0.209674  0.000000 -0.184659  0.000000 -0.014348  0.000000 ) 
 (  0.116672  0.000000  0.018076  0.000000  0.120289  0.000000 ) 
 (  0.116672  0.000000  0.018076  0.000000 -0.120289  0.000000 ) 
 ( -0.006529  0.000000 -0.136868  0.000000 -0.022492  0.000000 ) 
 ( -0.006529  0.000000 -0.136868  0.000000  0.022492  0.000000 ) 
 (  0.139589  0.000000 -0.060432  0.000000  0.255366  0.000000 ) 
 (  0.139589  0.000000 -0.060432  0.000000 -0.255366  0.000000 ) 
 ( -0.008925  0.000000 -0.182848  0.000000  0.022798  0.000000 ) 
 ( -0.008925  0.000000 -0.182848  0.000000 -0.022798  0.000000 ) 
 (  0.194736  0.000000  0.109674  0.000000 -0.249442  0.000000 ) 
 (  0.194736  0.000000  0.109674  0.000000  0.249442  0.000000 ) 
     freq (   15) =       6.426783 [THz] =     214.374420 [cm-1]
 (  0.021748  0.000000 -0.015119  0.000000  0.000000  0.000000 ) 
 (  0.010000  0.000000  0.003370  0.000000  0.000000  0.000000 ) 
 ( -0.075273  0.000000  0.100651  0.000000 -0.021470  0.000000 ) 
 ( -0.075273  0.000000  0.100651  0.000000  0.021470  0.000000 ) 
 ( -0.127051  0.000000 -0.021034  0.000000  0.230132  0.000000 ) 
 ( -0.127051  0.000000 -0.021034  0.000000 -0.230132  0.000000 ) 
 ( -0.092036  0.000000 -0.011015  0.000000  0.000334  0.000000 ) 
 ( -0.092036  0.000000 -0.011015  0.000000 -0.000334  0.000000 ) 
 (  0.115836  0.000000  0.069691  0.000000 -0.147807  0.000000 ) 
 (  0.115836  0.000000  0.069691  0.000000  0.147807  0.000000 ) 
 ( -0.177244  0.000000  0.154326  0.000000 -0.005759  0.000000 ) 
 ( -0.177244  0.000000  0.154326  0.000000  0.005759  0.000000 ) 
 ( -0.090641  0.000000 -0.006995  0.000000  0.143356  0.000000 ) 
 ( -0.090641  0.000000 -0.006995  0.000000 -0.143356  0.000000 ) 
 ( -0.011925  0.000000  0.154650  0.000000 -0.037652  0.000000 ) 
 ( -0.011925  0.000000  0.154650  0.000000  0.037652  0.000000 ) 
 ( -0.167282  0.000000 -0.114120  0.000000  0.298698  0.000000 ) 
 ( -0.167282  0.000000 -0.114120  0.000000 -0.298698  0.000000 ) 
 (  0.011428  0.000000  0.112592  0.000000  0.037700  0.000000 ) 
 (  0.011428  0.000000  0.112592  0.000000 -0.037700  0.000000 ) 
 ( -0.105981  0.000000  0.088052  0.000000 -0.303444  0.000000 ) 
 ( -0.105981  0.000000  0.088052  0.000000  0.303444  0.000000 ) 
     freq (   16) =       6.426783 [THz] =     214.374420 [cm-1]
 (  0.010000  0.000000 -0.003370  0.000000 -0.000000  0.000000 ) 
 ( -0.021748  0.000000 -0.015119  0.000000 -0.000000  0.000000 ) 
 ( -0.127051  0.000000  0.021034  0.000000 -0.230132  0.000000 ) 
 ( -0.127051  0.000000  0.021034  0.000000  0.230132  0.000000 ) 
 (  0.075273  0.000000  0.100651  0.000000 -0.021470  0.000000 ) 
 (  0.075273  0.000000  0.100651  0.000000  0.021470  0.000000 ) 
 ( -0.115836  0.000000  0.069691  0.000000 -0.147807  0.000000 ) 
 ( -0.115836  0.000000  0.069691  0.000000  0.147807  0.000000 ) 
 ( -0.092036  0.000000  0.011015  0.000000 -0.000334  0.000000 ) 
 ( -0.092036  0.000000  0.011015  0.000000  0.000334  0.000000 ) 
 ( -0.090641  0.000000  0.006995  0.000000 -0.143356  0.000000 ) 
 ( -0.090641  0.000000  0.006995  0.000000  0.143356  0.000000 ) 
 (  0.177244  0.000000  0.154326  0.000000 -0.005759  0.000000 ) 
 (  0.177244  0.000000  0.154326  0.000000  0.005759  0.000000 ) 
 ( -0.167282  0.000000  0.114120  0.000000 -0.298698  0.000000 ) 
 ( -0.167282  0.000000  0.114120  0.000000  0.298698  0.000000 ) 
 (  0.011925  0.000000  0.154650  0.000000 -0.037652  0.000000 ) 
 (  0.011925  0.000000  0.154650  0.000000  0.037652  0.000000 ) 
 ( -0.105981  0.000000 -0.088052  0.000000  0.303444  0.000000 ) 
 ( -0.105981  0.000000 -0.088052  0.000000 -0.303444  0.000000 ) 
 ( -0.011428  0.000000  0.112592  0.000000  0.037700  0.000000 ) 
 ( -0.011428  0.000000  0.112592  0.000000 -0.037700  0.000000 ) 
     freq (   17) =       7.610834 [THz] =     253.870112 [cm-1]
 ( -0.000000  0.000000 -0.000000  0.000000 -0.000585  0.000000 ) 
 (  0.000000 -0.000000  0.000000  0.000000  0.001038 -0.000000 ) 
 (  0.068256 -0.000000 -0.065501  0.000000  0.005847  0.000000 ) 
 ( -0.068256  0.000000  0.065501 -0.000000  0.005847  0.000000 ) 
 ( -0.120642  0.000000 -0.003486  0.000000 -0.006297  0.000000 ) 
 (  0.120642  0.000000  0.003486  0.000000 -0.006297  0.000000 ) 
 (  0.106580 -0.000000  0.216772 -0.000000  0.000331 -0.000000 ) 
 ( -0.106580  0.000000 -0.216772  0.000000  0.000331 -0.000000 ) 
 (  0.151846  0.000000 -0.231180  0.000000 -0.004659  0.000000 ) 
 ( -0.151846  0.000000  0.231180  0.000000 -0.004659  0.000000 ) 
 (  0.310803 -0.000000 -0.198400  0.000000  0.038025  0.000000 ) 
 ( -0.310803  0.000000  0.198400 -0.000000  0.038025  0.000000 ) 
 ( -0.326639  0.000000 -0.121765  0.000000 -0.031477  0.000000 ) 
 (  0.326639  0.000000  0.121765  0.000000 -0.031477  0.000000 ) 
 ( -0.093267  0.000000 -0.116637  0.000000 -0.006736  0.000000 ) 
 (  0.093267 -0.000000  0.116637 -0.000000 -0.006736  0.000000 ) 
 (  0.048155  0.000000 -0.096870  0.000000  0.006183 -0.000000 ) 
 ( -0.048155  0.000000  0.096870  0.000000  0.006183 -0.000000 ) 
 (  0.114755 -0.000000  0.174992 -0.000000 -0.012078  0.000000 ) 
 ( -0.114755  0.000000 -0.174992  0.000000 -0.012078  0.000000 ) 
 ( -0.022103  0.000000  0.055716  0.000000 -0.000612  0.000000 ) 
 (  0.022103  0.000000 -0.055716  0.000000 -0.000612  0.000000 ) 
     freq (   18) =       7.610834 [THz] =     253.870112 [cm-1]
 (  0.000000  0.000000  0.000000  0.000000 -0.001038  0.000000 ) 
 ( -0.000000  0.000000  0.000000  0.000000 -0.000585  0.000000 ) 
 ( -0.120642  0.000000  0.003486  0.000000  0.006297  0.000000 ) 
 (  0.120642  0.000000 -0.003486  0.000000  0.006297  0.000000 ) 
 ( -0.068256  0.000000 -0.065501  0.000000  0.005847  0.000000 ) 
 (  0.068256  0.000000  0.065501  0.000000  0.005847  0.000000 ) 
 ( -0.151846  0.000000 -0.231180  0.000000 -0.004659  0.000000 ) 
 (  0.151846  0.000000  0.231180  0.000000 -0.004659  0.000000 ) 
 (  0.106580  0.000000 -0.216772  0.000000 -0.000331  0.000000 ) 
 ( -0.106580  0.000000  0.216772  0.000000 -0.000331  0.000000 ) 
 ( -0.326639  0.000000  0.121765  0.000000  0.031477  0.000000 ) 
 (  0.326639  0.000000 -0.121765  0.000000  0.031477  0.000000 ) 
 ( -0.310803  0.000000 -0.198400  0.000000  0.038025  0.000000 ) 
 (  0.310803  0.000000  0.198400  0.000000  0.038025  0.000000 ) 
 (  0.048155  0.000000  0.096870  0.000000 -0.006183  0.000000 ) 
 ( -0.048155  0.000000 -0.096870  0.000000 -0.006183  0.000000 ) 
 (  0.093267  0.000000 -0.116637  0.000000 -0.006736  0.000000 ) 
 ( -0.093267  0.000000  0.116637  0.000000 -0.006736  0.000000 ) 
 ( -0.022103  0.000000 -0.055716  0.000000  0.000612  0.000000 ) 
 (  0.022103  0.000000  0.055716  0.000000  0.000612  0.000000 ) 
 ( -0.114755  0.000000  0.174992  0.000000 -0.012078  0.000000 ) 
 (  0.114755  0.000000 -0.174992  0.000000 -0.012078  0.000000 ) 
     freq (   19) =       8.067430 [THz] =     269.100488 [cm-1]
 (  0.000000  0.000000 -0.000000  0.000000  0.004373  0.000000 ) 
 (  0.000000  0.000000  0.000000  0.000000  0.000352  0.000000 ) 
 (  0.001422  0.000000 -0.014356  0.000000 -0.021617  0.000000 ) 
 ( -0.001422  0.000000  0.014356  0.000000 -0.021617  0.000000 ) 
 ( -0.005719  0.000000  0.000345  0.000000  0.011692  0.000000 ) 
 (  0.005719  0.000000 -0.000345  0.000000  0.011692  0.000000 ) 
 (  0.001426  0.000000 -0.010479  0.000000  0.092067  0.000000 ) 
 ( -0.001426  0.000000  0.010479  0.000000  0.092067  0.000000 ) 
 (  0.009974  0.000000 -0.032608  0.000000  0.035092  0.000000 ) 
 ( -0.009974  0.000000  0.032608  0.000000  0.035092  0.000000 ) 
 (  0.003492  0.000000 -0.014549  0.000000 -0.410524  0.000000 ) 
 ( -0.003492  0.000000  0.014549  0.000000 -0.410524  0.000000 ) 
 ( -0.034026  0.000000 -0.015143  0.000000  0.079231  0.000000 ) 
 (  0.034026  0.000000  0.015143  0.000000  0.079231  0.000000 ) 
 ( -0.171142  0.000000 -0.336360  0.000000  0.131170  0.000000 ) 
 (  0.171142  0.000000  0.336360  0.000000  0.131170  0.000000 ) 
 ( -0.034419  0.000000  0.035817  0.000000 -0.003167  0.000000 ) 
 (  0.034419  0.000000 -0.035817  0.000000 -0.003167  0.000000 ) 
 ( -0.172041  0.000000 -0.309050  0.000000  0.132980  0.000000 ) 
 (  0.172041  0.000000  0.309050  0.000000  0.132980  0.000000 ) 
 ( -0.061898  0.000000  0.054734  0.000000 -0.003635  0.000000 ) 
 (  0.061898  0.000000 -0.054734  0.000000 -0.003635  0.000000 ) 
     freq (   20) =       8.067430 [THz] =     269.100488 [cm-1]
 (  0.000000  0.000000  0.000000  0.000000 -0.000352  0.000000 ) 
 ( -0.000000  0.000000  0.000000  0.000000  0.004373  0.000000 ) 
 ( -0.005719  0.000000 -0.000345  0.000000 -0.011692  0.000000 ) 
 (  0.005719  0.000000  0.000345  0.000000 -0.011692  0.000000 ) 
 ( -0.001422  0.000000 -0.014356  0.000000 -0.021617  0.000000 ) 
 (  0.001422  0.000000  0.014356  0.000000 -0.021617  0.000000 ) 
 ( -0.009974  0.000000 -0.032608  0.000000  0.035092  0.000000 ) 
 (  0.009974  0.000000  0.032608  0.000000  0.035092  0.000000 ) 
 (  0.001426  0.000000  0.010479  0.000000 -0.092067  0.000000 ) 
 ( -0.001426  0.000000 -0.010479  0.000000 -0.092067  0.000000 ) 
 ( -0.034026  0.000000  0.015143  0.000000 -0.079231  0.000000 ) 
 (  0.034026  0.000000 -0.015143  0.000000 -0.079231  0.000000 ) 
 ( -0.003492  0.000000 -0.014549  0.000000 -0.410524  0.000000 ) 
 (  0.003492  0.000000  0.014549  0.000000 -0.410524  0.000000 ) 
 ( -0.034419  0.000000 -0.035817  0.000000  0.003167  0.000000 ) 
 (  0.034419  0.000000  0.035817  0.000000  0.003167  0.000000 ) 
 (  0.171142  0.000000 -0.336360  0.000000  0.131170  0.000000 ) 
 ( -0.171142  0.000000  0.336360  0.000000  0.131170  0.000000 ) 
 ( -0.061898  0.000000 -0.054734  0.000000  0.003635  0.000000 ) 
 (  0.061898  0.000000  0.054734  0.000000  0.003635  0.000000 ) 
 (  0.172041  0.000000 -0.309050  0.000000  0.132980  0.000000 ) 
 ( -0.172041  0.000000  0.309050  0.000000  0.132980  0.000000 ) 
     freq (   21) =       8.511992 [THz] =     283.929484 [cm-1]
 (  0.000373 -0.000000  0.001447 -0.000000 -0.000000  0.000000 ) 
 ( -0.000105  0.000000 -0.000516  0.000000  0.000000  0.000000 ) 
 ( -0.002101  0.000000 -0.005889  0.000000 -0.030926  0.000000 ) 
 ( -0.002101  0.000000 -0.005889  0.000000  0.030926 -0.000000 ) 
 (  0.003244 -0.000000 -0.002515  0.000000  0.004772 -0.000000 ) 
 (  0.003244 -0.000000 -0.002515  0.000000 -0.004772  0.000000 ) 
 ( -0.003429  0.000000 -0.016128  0.000000  0.115120 -0.000000 ) 
 ( -0.003429  0.000000 -0.016128  0.000000 -0.115120  0.000000 ) 
 ( -0.003457  0.000000  0.004804  0.000000  0.036018 -0.000000 ) 
 ( -0.003457  0.000000  0.004804  0.000000 -0.036018  0.000000 ) 
 ( -0.011404  0.000000 -0.000686  0.000000 -0.423576  0.000000 ) 
 ( -0.011404  0.000000 -0.000686  0.000000  0.423576 -0.000000 ) 
 (  0.005488  0.000000 -0.000953  0.000000  0.027446 -0.000000 ) 
 (  0.005488  0.000000 -0.000953  0.000000 -0.027446  0.000000 ) 
 ( -0.190395  0.000000 -0.317535  0.000000  0.111731 -0.000000 ) 
 ( -0.190395  0.000000 -0.317535  0.000000 -0.111731  0.000000 ) 
 ( -0.032150  0.000000  0.007447 -0.000000  0.008944  0.000000 ) 
 ( -0.032150  0.000000  0.007447 -0.000000 -0.008944  0.000000 ) 
 (  0.201107 -0.000000  0.314036 -0.000000 -0.112409  0.000000 ) 
 (  0.201107 -0.000000  0.314036 -0.000000  0.112409 -0.000000 ) 
 (  0.033942 -0.000000 -0.010540  0.000000 -0.009072  0.000000 ) 
 (  0.033942 -0.000000 -0.010540  0.000000  0.009072  0.000000 ) 
     freq (   22) =       8.511992 [THz] =     283.929484 [cm-1]
 ( -0.000105  0.000000  0.000516  0.000000  0.000000  0.000000 ) 
 ( -0.000373  0.000000  0.001447  0.000000  0.000000  0.000000 ) 
 (  0.003244  0.000000  0.002515  0.000000 -0.004772  0.000000 ) 
 (  0.003244  0.000000  0.002515  0.000000  0.004772  0.000000 ) 
 (  0.002101  0.000000 -0.005889  0.000000 -0.030926  0.000000 ) 
 (  0.002101  0.000000 -0.005889  0.000000  0.030926  0.000000 ) 
 (  0.003457  0.000000  0.004804  0.000000  0.036018  0.000000 ) 
 (  0.003457  0.000000  0.004804  0.000000 -0.036018  0.000000 ) 
 ( -0.003429  0.000000  0.016128  0.000000 -0.115120  0.000000 ) 
 ( -0.003429  0.000000  0.016128  0.000000  0.115120  0.000000 ) 
 (  0.005488  0.000000  0.000953  0.000000 -0.027446  0.000000 ) 
 (  0.005488  0.000000  0.000953  0.000000  0.027446  0.000000 ) 
 (  0.011404  0.000000 -0.000686  0.000000 -0.423576  0.000000 ) 
 (  0.011404  0.000000 -0.000686  0.000000  0.423576  0.000000 ) 
 ( -0.032150  0.000000 -0.007447  0.000000 -0.008944  0.000000 ) 
 ( -0.032150  0.000000 -0.007447  0.000000  0.008944  0.000000 ) 
 (  0.190395  0.000000 -0.317535  0.000000  0.111731  0.000000 ) 
 (  0.190395  0.000000 -0.317535  0.000000 -0.111731  0.000000 ) 
 (  0.033942  0.000000  0.010540  0.000000  0.009072  0.000000 ) 
 (  0.033942  0.000000  0.010540  0.000000 -0.009072  0.000000 ) 
 ( -0.201107  0.000000  0.314036  0.000000 -0.112409  0.000000 ) 
 ( -0.201107  0.000000  0.314036  0.000000  0.112409  0.000000 ) 
     freq (   23) =       9.336163 [THz] =     311.420890 [cm-1]
 (  0.000000 -0.000000  0.000000 -0.000000  0.000287 -0.000000 ) 
 (  0.000000 -0.000000 -0.000000  0.000000  0.000528  0.000000 ) 
 (  0.019954  0.000000 -0.035366  0.000000 -0.001354  0.000000 ) 
 ( -0.019954  0.000000  0.035366  0.000000 -0.001354  0.000000 ) 
 (  0.116179 -0.000000  0.170898 -0.000000 -0.002499  0.000000 ) 
 ( -0.116179  0.000000 -0.170898  0.000000 -0.002499  0.000000 ) 
 (  0.009095  0.000000 -0.110437  0.000000 -0.007109  0.000000 ) 
 ( -0.009095  0.000000  0.110437  0.000000 -0.007109  0.000000 ) 
 ( -0.062056  0.000000 -0.476001  0.000000 -0.007181  0.000000 ) 
 (  0.062056 -0.000000  0.476001 -0.000000 -0.007181  0.000000 ) 
 ( -0.052274  0.000000  0.005029 -0.000000  0.017120  0.000000 ) 
 (  0.052274  0.000000 -0.005029  0.000000  0.017120  0.000000 ) 
 ( -0.165089  0.000000  0.005202  0.000000 -0.027694  0.000000 ) 
 (  0.165089 -0.000000 -0.005202  0.000000 -0.027694  0.000000 ) 
 (  0.072310  0.000000  0.007821  0.000000 -0.011488  0.000000 ) 
 ( -0.072310  0.000000 -0.007821  0.000000 -0.011488  0.000000 ) 
 (  0.298965 -0.000000  0.040836 -0.000000  0.021786 -0.000000 ) 
 ( -0.298965  0.000000 -0.040836  0.000000  0.021786 -0.000000 ) 
 ( -0.053831  0.000000  0.020542  0.000000 -0.003831  0.000000 ) 
 (  0.053831  0.000000 -0.020542  0.000000 -0.003831  0.000000 ) 
 ( -0.273118  0.000000 -0.082408  0.000000 -0.008199  0.000000 ) 
 (  0.273118 -0.000000  0.082408 -0.000000 -0.008199  0.000000 ) 
     freq (   24) =       9.336163 [THz] =     311.420890 [cm-1]
 ( -0.000000  0.000000 -0.000000  0.000000 -0.000528  0.000000 ) 
 (  0.000000  0.000000 -0.000000  0.000000  0.000287 -0.000000 ) 
 (  0.116179 -0.000000 -0.170898  0.000000  0.002499  0.000000 ) 
 ( -0.116179  0.000000  0.170898 -0.000000  0.002499  0.000000 ) 
 ( -0.019954  0.000000 -0.035366  0.000000 -0.001354  0.000000 ) 
 (  0.019954  0.000000  0.035366  0.000000 -0.001354  0.000000 ) 
 (  0.062056 -0.000000 -0.476001  0.000000 -0.007181  0.000000 ) 
 ( -0.062056  0.000000  0.476001 -0.000000 -0.007181  0.000000 ) 
 (  0.009095  0.000000  0.110437  0.000000  0.007109  0.000000 ) 
 ( -0.009095  0.000000 -0.110437  0.000000  0.007109  0.000000 ) 
 ( -0.165089  0.000000 -0.005202  0.000000  0.027694 -0.000000 ) 
 (  0.165089 -0.000000  0.005202  0.000000  0.027694 -0.000000 ) 
 (  0.052274  0.000000  0.005029 -0.000000  0.017120  0.000000 ) 
 ( -0.052274  0.000000 -0.005029  0.000000  0.017120  0.000000 ) 
 (  0.298965 -0.000000 -0.040836  0.000000 -0.021786  0.000000 ) 
 ( -0.298965  0.000000  0.040836 -0.000000 -0.021786  0.000000 ) 
 ( -0.072310  0.000000  0.007821  0.000000 -0.011488  0.000000 ) 
 (  0.072310  0.000000 -0.007821  0.000000 -0.011488  0.000000 ) 
 ( -0.273118  0.000000  0.082408 -0.000000  0.008199 -0.000000 ) 
 (  0.273118 -0.000000 -0.082408  0.000000  0.008199 -0.000000 ) 
 (  0.053831  0.000000  0.020542  0.000000 -0.003831  0.000000 ) 
 ( -0.053831  0.000000 -0.020542  0.000000 -0.003831  0.000000 ) 
     freq (   25) =       9.366770 [THz] =     312.441813 [cm-1]
 (  0.004989  0.000000  0.006511  0.000000 -0.000000  0.000000 ) 
 (  0.003628  0.000000 -0.006578  0.000000  0.000000  0.000000 ) 
 ( -0.004953  0.000000 -0.055687  0.000000  0.002263  0.000000 ) 
 ( -0.004953  0.000000 -0.055687  0.000000 -0.002263  0.000000 ) 
 (  0.033346  0.000000  0.014339  0.000000 -0.000027  0.000000 ) 
 (  0.033346  0.000000  0.014339  0.000000  0.000027  0.000000 ) 
 ( -0.066183  0.000000 -0.457048  0.000000  0.000835  0.000000 ) 
 ( -0.066183  0.000000 -0.457048  0.000000 -0.000835  0.000000 ) 
 ( -0.032397  0.000000 -0.005409  0.000000 -0.003497  0.000000 ) 
 ( -0.032397  0.000000 -0.005409  0.000000  0.003497  0.000000 ) 
 ( -0.359418  0.000000  0.143782  0.000000  0.016941  0.000000 ) 
 ( -0.359418  0.000000  0.143782  0.000000 -0.016941  0.000000 ) 
 (  0.040793  0.000000  0.018128  0.000000 -0.005186  0.000000 ) 
 (  0.040793  0.000000  0.018128  0.000000  0.005186  0.000000 ) 
 (  0.244565  0.000000  0.087084  0.000000 -0.014486  0.000000 ) 
 (  0.244565  0.000000  0.087084  0.000000  0.014486  0.000000 ) 
 (  0.026422  0.000000  0.012707  0.000000  0.001418  0.000000 ) 
 (  0.026422  0.000000  0.012707  0.000000 -0.001418  0.000000 ) 
 (  0.236934  0.000000  0.060006  0.000000 -0.004442  0.000000 ) 
 (  0.236934  0.000000  0.060006  0.000000  0.004442  0.000000 ) 
 (  0.018328  0.000000  0.020057  0.000000 -0.000733  0.000000 ) 
 (  0.018328  0.000000  0.020057  0.000000  0.000733  0.000000 ) 
     freq (   26) =       9.366770 [THz] =     312.441813 [cm-1]
 (  0.003628  0.000000  0.006578  0.000000  0.000000  0.000000 ) 
 ( -0.004989  0.000000  0.006511  0.000000  0.000000  0.000000 ) 
 (  0.033346  0.000000 -0.014339  0.000000  0.000027  0.000000 ) 
 (  0.033346  0.000000 -0.014339  0.000000 -0.000027  0.000000 ) 
 (  0.004953  0.000000 -0.055687  0.000000  0.002263  0.000000 ) 
 (  0.004953  0.000000 -0.055687  0.000000 -0.002263  0.000000 ) 
 (  0.032397  0.000000 -0.005409  0.000000 -0.003497  0.000000 ) 
 (  0.032397  0.000000 -0.005409  0.000000  0.003497  0.000000 ) 
 ( -0.066183  0.000000  0.457048  0.000000 -0.000835  0.000000 ) 
 ( -0.066183  0.000000  0.457048  0.000000  0.000835  0.000000 ) 
 (  0.040793  0.000000 -0.018128  0.000000  0.005186  0.000000 ) 
 (  0.040793  0.000000 -0.018128  0.000000 -0.005186  0.000000 ) 
 (  0.359418  0.000000  0.143782  0.000000  0.016941  0.000000 ) 
 (  0.359418  0.000000  0.143782  0.000000 -0.016941  0.000000 ) 
 (  0.026422  0.000000 -0.012707  0.000000 -0.001418  0.000000 ) 
 (  0.026422  0.000000 -0.012707  0.000000  0.001418  0.000000 ) 
 ( -0.244565  0.000000  0.087084  0.000000 -0.014486  0.000000 ) 
 ( -0.244565  0.000000  0.087084  0.000000  0.014486  0.000000 ) 
 (  0.018328  0.000000 -0.020057  0.000000  0.000733  0.000000 ) 
 (  0.018328  0.000000 -0.020057  0.000000 -0.000733  0.000000 ) 
 ( -0.236934  0.000000  0.060006  0.000000 -0.004442  0.000000 ) 
 ( -0.236934  0.000000  0.060006  0.000000  0.004442  0.000000 ) 
     freq (   27) =      11.849587 [THz] =     395.259670 [cm-1]
 ( -0.000000  0.000000 -0.000000  0.000000 -0.006855  0.000000 ) 
 (  0.000000  0.000000  0.000000  0.000000 -0.001114  0.000000 ) 
 ( -0.000044  0.000000  0.001274  0.000000  0.025128  0.000000 ) 
 (  0.000044  0.000000 -0.001274  0.000000  0.025128  0.000000 ) 
 (  0.000384  0.000000  0.001979  0.000000 -0.007733  0.000000 ) 
 ( -0.000384  0.000000 -0.001979  0.000000 -0.007733  0.000000 ) 
 ( -0.000219  0.000000 -0.003343  0.000000  0.430594  0.000000 ) 
 (  0.000219  0.000000  0.003343  0.000000  0.430594  0.000000 ) 
 ( -0.000530  0.000000 -0.000320  0.000000  0.081394  0.000000 ) 
 (  0.000530  0.000000  0.000320  0.000000  0.081394  0.000000 ) 
 ( -0.003443  0.000000  0.002516  0.000000  0.017470  0.000000 ) 
 (  0.003443  0.000000 -0.002516  0.000000  0.017470  0.000000 ) 
 (  0.001802  0.000000  0.002372  0.000000  0.016219  0.000000 ) 
 ( -0.001802  0.000000 -0.002372  0.000000  0.016219  0.000000 ) 
 ( -0.314488  0.000000  0.155146  0.000000 -0.160681  0.000000 ) 
 (  0.314488  0.000000 -0.155146  0.000000 -0.160681  0.000000 ) 
 ( -0.062301  0.000000 -0.004125  0.000000  0.014506  0.000000 ) 
 (  0.062301  0.000000  0.004125  0.000000  0.014506  0.000000 ) 
 ( -0.317790  0.000000  0.150307  0.000000 -0.161510  0.000000 ) 
 (  0.317790  0.000000 -0.150307  0.000000 -0.161510  0.000000 ) 
 ( -0.061661  0.000000 -0.008198  0.000000  0.014095  0.000000 ) 
 (  0.061661  0.000000  0.008198  0.000000  0.014095  0.000000 ) 
     freq (   28) =      11.849587 [THz] =     395.259670 [cm-1]
 (  0.000000  0.000000 -0.000000  0.000000 -0.001114  0.000000 ) 
 (  0.000000  0.000000 -0.000000  0.000000  0.006855  0.000000 ) 
 ( -0.000384  0.000000  0.001979  0.000000 -0.007733  0.000000 ) 
 (  0.000384  0.000000 -0.001979  0.000000 -0.007733  0.000000 ) 
 ( -0.000044  0.000000 -0.001274  0.000000 -0.025128  0.000000 ) 
 (  0.000044  0.000000  0.001274  0.000000 -0.025128  0.000000 ) 
 ( -0.000530  0.000000  0.000320  0.000000 -0.081394  0.000000 ) 
 (  0.000530  0.000000 -0.000320  0.000000 -0.081394  0.000000 ) 
 (  0.000219  0.000000 -0.003343  0.000000  0.430594  0.000000 ) 
 ( -0.000219  0.000000  0.003343  0.000000  0.430594  0.000000 ) 
 ( -0.001802  0.000000  0.002372  0.000000  0.016219  0.000000 ) 
 (  0.001802  0.000000 -0.002372  0.000000  0.016219  0.000000 ) 
 ( -0.003443  0.000000 -0.002516  0.000000 -0.017470  0.000000 ) 
 (  0.003443  0.000000  0.002516  0.000000 -0.017470  0.000000 ) 
 (  0.062301  0.000000 -0.004125  0.000000  0.014506  0.000000 ) 
 ( -0.062301  0.000000  0.004125  0.000000  0.014506  0.000000 ) 
 ( -0.314488  0.000000 -0.155146  0.000000  0.160681  0.000000 ) 
 (  0.314488  0.000000  0.155146  0.000000  0.160681  0.000000 ) 
 (  0.061661  0.000000 -0.008198  0.000000  0.014095  0.000000 ) 
 ( -0.061661  0.000000  0.008198  0.000000  0.014095  0.000000 ) 
 ( -0.317790  0.000000 -0.150307  0.000000  0.161510  0.000000 ) 
 (  0.317790  0.000000  0.150307  0.000000  0.161510  0.000000 ) 
     freq (   29) =      12.340260 [THz] =     411.626783 [cm-1]
 ( -0.000095  0.000000 -0.000213  0.000000  0.000000 -0.000000 ) 
 (  0.000001  0.000000  0.000320 -0.000000  0.000000 -0.000000 ) 
 (  0.001045  0.000000  0.001187 -0.000000 -0.033954  0.000000 ) 
 (  0.001045  0.000000  0.001187 -0.000000  0.033954  0.000000 ) 
 (  0.000106 -0.000000  0.000548  0.000000  0.004667 -0.000000 ) 
 (  0.000106 -0.000000  0.000548  0.000000 -0.004667  0.000000 ) 
 ( -0.000043  0.000000 -0.004691  0.000000 -0.434036  0.000000 ) 
 ( -0.000043  0.000000 -0.004691  0.000000  0.434036  0.000000 ) 
 (  0.000124 -0.000000 -0.001455  0.000000 -0.037692  0.000000 ) 
 (  0.000124 -0.000000 -0.001455  0.000000  0.037692 -0.000000 ) 
 ( -0.003740  0.000000  0.004019  0.000000 -0.044717  0.000000 ) 
 ( -0.003740  0.000000  0.004019  0.000000  0.044717 -0.000000 ) 
 ( -0.000606  0.000000 -0.000045  0.000000 -0.021095  0.000000 ) 
 ( -0.000606  0.000000 -0.000045  0.000000  0.021095  0.000000 ) 
 (  0.313485  0.000000 -0.169571  0.000000  0.162472 -0.000000 ) 
 (  0.313485  0.000000 -0.169571  0.000000 -0.162472  0.000000 ) 
 (  0.032674 -0.000000 -0.012174  0.000000  0.003344  0.000000 ) 
 (  0.032674 -0.000000 -0.012174  0.000000 -0.003344  0.000000 ) 
 ( -0.306268  0.000000  0.174453 -0.000000 -0.162653  0.000000 ) 
 ( -0.306268  0.000000  0.174453 -0.000000  0.162653 -0.000000 ) 
 ( -0.031551  0.000000  0.012942  0.000000 -0.003408  0.000000 ) 
 ( -0.031551  0.000000  0.012942  0.000000  0.003408  0.000000 ) 
     freq (   30) =      12.340260 [THz] =     411.626783 [cm-1]
 (  0.000001  0.000000 -0.000320  0.000000 -0.000000  0.000000 ) 
 (  0.000095  0.000000 -0.000213  0.000000 -0.000000  0.000000 ) 
 (  0.000106  0.000000 -0.000548  0.000000 -0.004667  0.000000 ) 
 (  0.000106  0.000000 -0.000548  0.000000  0.004667  0.000000 ) 
 ( -0.001045  0.000000  0.001187  0.000000 -0.033954  0.000000 ) 
 ( -0.001045  0.000000  0.001187  0.000000  0.033954  0.000000 ) 
 ( -0.000124  0.000000 -0.001455  0.000000 -0.037692  0.000000 ) 
 ( -0.000124  0.000000 -0.001455  0.000000  0.037692  0.000000 ) 
 ( -0.000043  0.000000  0.004691  0.000000  0.434036  0.000000 ) 
 ( -0.000043  0.000000  0.004691  0.000000 -0.434036  0.000000 ) 
 ( -0.000606  0.000000  0.000045  0.000000  0.021095  0.000000 ) 
 ( -0.000606  0.000000  0.000045  0.000000 -0.021095  0.000000 ) 
 (  0.003740  0.000000  0.004019  0.000000 -0.044717  0.000000 ) 
 (  0.003740  0.000000  0.004019  0.000000  0.044717  0.000000 ) 
 (  0.032674  0.000000  0.012174  0.000000 -0.003344  0.000000 ) 
 (  0.032674  0.000000  0.012174  0.000000  0.003344  0.000000 ) 
 ( -0.313485  0.000000 -0.169571  0.000000  0.162472  0.000000 ) 
 ( -0.313485  0.000000 -0.169571  0.000000 -0.162472  0.000000 ) 
 ( -0.031551  0.000000 -0.012942  0.000000  0.003408  0.000000 ) 
 ( -0.031551  0.000000 -0.012942  0.000000 -0.003408  0.000000 ) 
 (  0.306268  0.000000  0.174453  0.000000 -0.162653  0.000000 ) 
 (  0.306268  0.000000  0.174453  0.000000  0.162653  0.000000 ) 
     freq (   31) =      30.616854 [THz] =    1021.268326 [cm-1]
 ( -0.000000  0.000000 -0.000000  0.000000  0.000036  0.000000 ) 
 (  0.000000 -0.000000 -0.000000  0.000000 -0.000046  0.000000 ) 
 (  0.064757 -0.000000  0.059786 -0.000000  0.000218 -0.000000 ) 
 ( -0.064757  0.000000 -0.059786  0.000000  0.000218 -0.000000 ) 
 (  0.014171 -0.000000 -0.012472  0.000000  0.000860 -0.000000 ) 
 ( -0.014171  0.000000  0.012472 -0.000000  0.000860 -0.000000 ) 
 ( -0.015226  0.000000 -0.335405  0.000000 -0.000722  0.000000 ) 
 (  0.015226 -0.000000  0.335405 -0.000000 -0.000722  0.000000 ) 
 (  0.002815 -0.000000 -0.076405  0.000000  0.001957  0.000000 ) 
 ( -0.002815  0.000000  0.076405 -0.000000  0.001957  0.000000 ) 
 ( -0.132177  0.000000  0.132713 -0.000000 -0.001713  0.000000 ) 
 (  0.132177 -0.000000 -0.132713  0.000000 -0.001713  0.000000 ) 
 ( -0.029465  0.000000 -0.027789  0.000000 -0.002797  0.000000 ) 
 (  0.029465 -0.000000  0.027789 -0.000000 -0.002797  0.000000 ) 
 ( -0.311375  0.000000 -0.240978  0.000000  0.077097 -0.000000 ) 
 (  0.311375 -0.000000  0.240978 -0.000000  0.077097 -0.000000 ) 
 ( -0.069315  0.000000  0.049343 -0.000000 -0.014685  0.000000 ) 
 (  0.069315 -0.000000 -0.049343  0.000000 -0.014685  0.000000 ) 
 (  0.311610 -0.000000  0.240741 -0.000000 -0.076883  0.000000 ) 
 ( -0.311610  0.000000 -0.240741  0.000000 -0.076883  0.000000 ) 
 (  0.070210 -0.000000 -0.045472  0.000000  0.013172 -0.000000 ) 
 ( -0.070210  0.000000  0.045472 -0.000000  0.013172 -0.000000 ) 
     freq (   32) =      30.616854 [THz] =    1021.268326 [cm-1]
 ( -0.000000  0.000000  0.000000  0.000000  0.000046  0.000000 ) 
 ( -0.000000  0.000000  0.000000  0.000000  0.000036  0.000000 ) 
 (  0.014171  0.000000  0.012472  0.000000 -0.000860  0.000000 ) 
 ( -0.014171  0.000000 -0.012472  0.000000 -0.000860  0.000000 ) 
 ( -0.064757  0.000000  0.059786  0.000000  0.000218  0.000000 ) 
 (  0.064757  0.000000 -0.059786  0.000000  0.000218  0.000000 ) 
 ( -0.002815  0.000000 -0.076405  0.000000  0.001957  0.000000 ) 
 (  0.002815  0.000000  0.076405  0.000000  0.001957  0.000000 ) 
 ( -0.015226  0.000000  0.335405  0.000000  0.000722  0.000000 ) 
 (  0.015226  0.000000 -0.335405  0.000000  0.000722  0.000000 ) 
 ( -0.029465  0.000000  0.027789  0.000000  0.002797  0.000000 ) 
 (  0.029465  0.000000 -0.027789  0.000000  0.002797  0.000000 ) 
 (  0.132177  0.000000  0.132713  0.000000 -0.001713  0.000000 ) 
 ( -0.132177  0.000000 -0.132713  0.000000 -0.001713  0.000000 ) 
 ( -0.069315  0.000000 -0.049343  0.000000  0.014685  0.000000 ) 
 (  0.069315  0.000000  0.049343  0.000000  0.014685  0.000000 ) 
 (  0.311375  0.000000 -0.240978  0.000000  0.077097  0.000000 ) 
 ( -0.311375  0.000000  0.240978  0.000000  0.077097  0.000000 ) 
 (  0.070210  0.000000  0.045472  0.000000 -0.013172  0.000000 ) 
 ( -0.070210  0.000000 -0.045472  0.000000 -0.013172  0.000000 ) 
 ( -0.311610  0.000000  0.240741  0.000000 -0.076883  0.000000 ) 
 (  0.311610  0.000000 -0.240741  0.000000 -0.076883  0.000000 ) 
     freq (   33) =      30.807959 [THz] =    1027.642888 [cm-1]
 (  0.000944  0.000000  0.000575  0.000000  0.000000  0.000000 ) 
 ( -0.000115  0.000000 -0.000164  0.000000  0.000000  0.000000 ) 
 (  0.053835  0.000000  0.067444  0.000000 -0.000200  0.000000 ) 
 (  0.053835  0.000000  0.067444  0.000000  0.000200  0.000000 ) 
 (  0.024026  0.000000 -0.006117  0.000000  0.000009  0.000000 ) 
 (  0.024026  0.000000 -0.006117  0.000000 -0.000009  0.000000 ) 
 ( -0.026655  0.000000 -0.366802  0.000000  0.001770  0.000000 ) 
 ( -0.026655  0.000000 -0.366802  0.000000 -0.001770  0.000000 ) 
 ( -0.006654  0.000000 -0.051137  0.000000  0.000156  0.000000 ) 
 ( -0.006654  0.000000 -0.051137  0.000000 -0.000156  0.000000 ) 
 ( -0.082306  0.000000  0.107265  0.000000 -0.000314  0.000000 ) 
 ( -0.082306  0.000000  0.107265  0.000000  0.000314  0.000000 ) 
 ( -0.084984  0.000000 -0.061576  0.000000  0.000055  0.000000 ) 
 ( -0.084984  0.000000 -0.061576  0.000000 -0.000055  0.000000 ) 
 ( -0.277897  0.000000 -0.250783  0.000000  0.097568  0.000000 ) 
 ( -0.277897  0.000000 -0.250783  0.000000 -0.097568  0.000000 ) 
 ( -0.102699  0.000000  0.049632  0.000000 -0.000278  0.000000 ) 
 ( -0.102699  0.000000  0.049632  0.000000  0.000278  0.000000 ) 
 ( -0.277763  0.000000 -0.250091  0.000000  0.097931  0.000000 ) 
 ( -0.277763  0.000000 -0.250091  0.000000 -0.097931  0.000000 ) 
 ( -0.102035  0.000000  0.048770  0.000000 -0.000251  0.000000 ) 
 ( -0.102035  0.000000  0.048770  0.000000  0.000251  0.000000 ) 
     freq (   34) =      30.807959 [THz] =    1027.642888 [cm-1]
 (  0.000115  0.000000 -0.000164  0.000000 -0.000000  0.000000 ) 
 (  0.000944  0.000000 -0.000575  0.000000 -0.000000  0.000000 ) 
 ( -0.024026  0.000000 -0.006117  0.000000  0.000009  0.000000 ) 
 ( -0.024026  0.000000 -0.006117  0.000000 -0.000009  0.000000 ) 
 (  0.053835  0.000000 -0.067444  0.000000  0.000200  0.000000 ) 
 (  0.053835  0.000000 -0.067444  0.000000 -0.000200  0.000000 ) 
 ( -0.006654  0.000000  0.051137  0.000000 -0.000156  0.000000 ) 
 ( -0.006654  0.000000  0.051137  0.000000  0.000156  0.000000 ) 
 (  0.026655  0.000000 -0.366802  0.000000  0.001770  0.000000 ) 
 (  0.026655  0.000000 -0.366802  0.000000 -0.001770  0.000000 ) 
 (  0.084984  0.000000 -0.061576  0.000000  0.000055  0.000000 ) 
 (  0.084984  0.000000 -0.061576  0.000000 -0.000055  0.000000 ) 
 ( -0.082306  0.000000 -0.107265  0.000000  0.000314  0.000000 ) 
 ( -0.082306  0.000000 -0.107265  0.000000 -0.000314  0.000000 ) 
 (  0.102699  0.000000  0.049632  0.000000 -0.000278  0.000000 ) 
 (  0.102699  0.000000  0.049632  0.000000  0.000278  0.000000 ) 
 ( -0.277897  0.000000  0.250783  0.000000 -0.097568  0.000000 ) 
 ( -0.277897  0.000000  0.250783  0.000000  0.097568  0.000000 ) 
 (  0.102035  0.000000  0.048770  0.000000 -0.000251  0.000000 ) 
 (  0.102035  0.000000  0.048770  0.000000  0.000251  0.000000 ) 
 ( -0.277763  0.000000  0.250091  0.000000 -0.097931  0.000000 ) 
 ( -0.277763  0.000000  0.250091  0.000000  0.097931  0.000000 ) 
     freq (   35) =      31.922110 [THz] =    1064.806960 [cm-1]
 ( -0.000238  0.000000  0.000224 -0.000000  0.000000  0.000000 ) 
 ( -0.000360  0.000000  0.000210  0.000000 -0.000000  0.000000 ) 
 ( -0.059855  0.000000  0.063431 -0.000000  0.001267 -0.000000 ) 
 ( -0.059855  0.000000  0.063431 -0.000000 -0.001267  0.000000 ) 
 ( -0.035315  0.000000 -0.018132  0.000000 -0.000086  0.000000 ) 
 ( -0.035315  0.000000 -0.018132  0.000000  0.000086 -0.000000 ) 
 ( -0.086245  0.000000 -0.263902  0.000000 -0.005227  0.000000 ) 
 ( -0.086245  0.000000 -0.263902  0.000000  0.005227 -0.000000 ) 
 (  0.034299 -0.000000 -0.054643  0.000000 -0.000235  0.000000 ) 
 (  0.034299 -0.000000 -0.054643  0.000000  0.000235 -0.000000 ) 
 (  0.365976  0.000000 -0.185681  0.000000 -0.005636  0.000000 ) 
 (  0.365976  0.000000 -0.185681  0.000000  0.005636 -0.000000 ) 
 (  0.180924 -0.000000  0.103803 -0.000000  0.000582 -0.000000 ) 
 (  0.180924 -0.000000  0.103803 -0.000000 -0.000582  0.000000 ) 
 (  0.182997  0.000000 -0.119561  0.000000  0.169206 -0.000000 ) 
 (  0.182997  0.000000 -0.119561  0.000000 -0.169206  0.000000 ) 
 (  0.131044 -0.000000  0.013021 -0.000000 -0.060353  0.000000 ) 
 (  0.131044 -0.000000  0.013021 -0.000000  0.060353 -0.000000 ) 
 (  0.185460  0.000000 -0.124942  0.000000  0.171342 -0.000000 ) 
 (  0.185460  0.000000 -0.124942  0.000000 -0.171342  0.000000 ) 
 (  0.130349 -0.000000  0.013831 -0.000000 -0.060367  0.000000 ) 
 (  0.130349 -0.000000  0.013831 -0.000000  0.060367 -0.000000 ) 
     freq (   36) =      31.922110 [THz] =    1064.806960 [cm-1]
 ( -0.000360  0.000000 -0.000210  0.000000  0.000000  0.000000 ) 
 (  0.000238  0.000000  0.000224  0.000000 -0.000000  0.000000 ) 
 ( -0.035315  0.000000  0.018132  0.000000  0.000086  0.000000 ) 
 ( -0.035315  0.000000  0.018132  0.000000 -0.000086  0.000000 ) 
 (  0.059855  0.000000  0.063431  0.000000  0.001267  0.000000 ) 
 (  0.059855  0.000000  0.063431  0.000000 -0.001267  0.000000 ) 
 ( -0.034299  0.000000 -0.054643  0.000000 -0.000235  0.000000 ) 
 ( -0.034299  0.000000 -0.054643  0.000000  0.000235  0.000000 ) 
 ( -0.086245  0.000000  0.263902  0.000000  0.005227  0.000000 ) 
 ( -0.086245  0.000000  0.263902  0.000000 -0.005227  0.000000 ) 
 (  0.180924  0.000000 -0.103803  0.000000 -0.000582  0.000000 ) 
 (  0.180924  0.000000 -0.103803  0.000000  0.000582  0.000000 ) 
 ( -0.365976  0.000000 -0.185681  0.000000 -0.005636  0.000000 ) 
 ( -0.365976  0.000000 -0.185681  0.000000  0.005636  0.000000 ) 
 (  0.131044  0.000000 -0.013021  0.000000  0.060353  0.000000 ) 
 (  0.131044  0.000000 -0.013021  0.000000 -0.060353  0.000000 ) 
 ( -0.182997  0.000000 -0.119561  0.000000  0.169206  0.000000 ) 
 ( -0.182997  0.000000 -0.119561  0.000000 -0.169206  0.000000 ) 
 (  0.130349  0.000000 -0.013831  0.000000  0.060367  0.000000 ) 
 (  0.130349  0.000000 -0.013831  0.000000 -0.060367  0.000000 ) 
 ( -0.185460  0.000000 -0.124942  0.000000  0.171342  0.000000 ) 
 ( -0.185460  0.000000 -0.124942  0.000000 -0.171342  0.000000 ) 
     freq (   37) =      32.180431 [THz] =    1073.423631 [cm-1]
 ( -0.000000  0.000000 -0.000000  0.000000  0.000035 -0.000000 ) 
 (  0.000000 -0.000000  0.000000 -0.000000  0.000029 -0.000000 ) 
 (  0.015253  0.000000 -0.015123  0.000000 -0.009530  0.000000 ) 
 ( -0.015253  0.000000  0.015123  0.000000 -0.009530  0.000000 ) 
 ( -0.057337  0.000000 -0.065404  0.000000  0.001450  0.000000 ) 
 (  0.057337 -0.000000  0.065404 -0.000000  0.001450  0.000000 ) 
 (  0.023494  0.000000  0.068900  0.000000  0.038598 -0.000000 ) 
 ( -0.023494  0.000000 -0.068900  0.000000  0.038598 -0.000000 ) 
 (  0.091675 -0.000000 -0.291061  0.000000  0.006426  0.000000 ) 
 ( -0.091675  0.000000  0.291061 -0.000000  0.006426  0.000000 ) 
 ( -0.093699  0.000000  0.046138  0.000000  0.048290 -0.000000 ) 
 (  0.093699  0.000000 -0.046138  0.000000  0.048290 -0.000000 ) 
 (  0.384200 -0.000000  0.192588 -0.000000 -0.006232  0.000000 ) 
 ( -0.384200  0.000000 -0.192588  0.000000 -0.006232  0.000000 ) 
 ( -0.043974  0.000000  0.016217  0.000000 -0.038917  0.000000 ) 
 (  0.043974  0.000000 -0.016217  0.000000 -0.038917  0.000000 ) 
 (  0.192633 -0.000000  0.142870 -0.000000 -0.185745  0.000000 ) 
 ( -0.192633  0.000000 -0.142870  0.000000 -0.185745  0.000000 ) 
 (  0.059885 -0.000000 -0.060357  0.000000  0.057460 -0.000000 ) 
 ( -0.059885  0.000000  0.060357 -0.000000  0.057460 -0.000000 ) 
 ( -0.188706  0.000000 -0.136631  0.000000  0.182784 -0.000000 ) 
 (  0.188706 -0.000000  0.136631 -0.000000  0.182784 -0.000000 ) 
     freq (   38) =      32.180431 [THz] =    1073.423631 [cm-1]
 (  0.000000  0.000000 -0.000000  0.000000  0.000029  0.000000 ) 
 ( -0.000000  0.000000  0.000000  0.000000 -0.000035  0.000000 ) 
 (  0.057337  0.000000 -0.065404  0.000000  0.001450  0.000000 ) 
 ( -0.057337  0.000000  0.065404  0.000000  0.001450  0.000000 ) 
 (  0.015253  0.000000  0.015123  0.000000  0.009530  0.000000 ) 
 ( -0.015253  0.000000 -0.015123  0.000000  0.009530  0.000000 ) 
 (  0.091675  0.000000  0.291061  0.000000 -0.006426  0.000000 ) 
 ( -0.091675  0.000000 -0.291061  0.000000 -0.006426  0.000000 ) 
 ( -0.023494  0.000000  0.068900  0.000000  0.038598  0.000000 ) 
 (  0.023494  0.000000 -0.068900  0.000000  0.038598  0.000000 ) 
 ( -0.384200  0.000000  0.192588  0.000000 -0.006232  0.000000 ) 
 (  0.384200  0.000000 -0.192588  0.000000 -0.006232  0.000000 ) 
 ( -0.093699  0.000000 -0.046138  0.000000 -0.048290  0.000000 ) 
 (  0.093699  0.000000  0.046138  0.000000 -0.048290  0.000000 ) 
 ( -0.192633  0.000000  0.142870  0.000000 -0.185745  0.000000 ) 
 (  0.192633  0.000000 -0.142870  0.000000 -0.185745  0.000000 ) 
 ( -0.043974  0.000000 -0.016217  0.000000  0.038917  0.000000 ) 
 (  0.043974  0.000000  0.016217  0.000000  0.038917  0.000000 ) 
 (  0.188706  0.000000 -0.136631  0.000000  0.182784  0.000000 ) 
 ( -0.188706  0.000000  0.136631  0.000000  0.182784  0.000000 ) 
 (  0.059885  0.000000  0.060357  0.000000 -0.057460  0.000000 ) 
 ( -0.059885  0.000000 -0.060357  0.000000 -0.057460  0.000000 ) 
     freq (   39) =      32.292147 [THz] =    1077.150083 [cm-1]
 ( -0.000015  0.000000 -0.000008  0.000000  0.000000  0.000000 ) 
 (  0.000001  0.000000  0.000022  0.000000 -0.000000  0.000000 ) 
 ( -0.000856  0.000000  0.000716  0.000000 -0.092401  0.000000 ) 
 ( -0.000856  0.000000  0.000716  0.000000  0.092401  0.000000 ) 
 ( -0.000417  0.000000 -0.000158  0.000000  0.001095  0.000000 ) 
 ( -0.000417  0.000000 -0.000158  0.000000 -0.001095  0.000000 ) 
 ( -0.001236  0.000000 -0.002850  0.000000  0.379465  0.000000 ) 
 ( -0.001236  0.000000 -0.002850  0.000000 -0.379465  0.000000 ) 
 (  0.000324  0.000000 -0.000324  0.000000 -0.000729  0.000000 ) 
 (  0.000324  0.000000 -0.000324  0.000000  0.000729  0.000000 ) 
 (  0.004913  0.000000 -0.002384  0.000000  0.474282  0.000000 ) 
 (  0.004913  0.000000 -0.002384  0.000000 -0.474282  0.000000 ) 
 (  0.001941  0.000000  0.001079  0.000000 -0.011251  0.000000 ) 
 (  0.001941  0.000000  0.001079  0.000000  0.011251  0.000000 ) 
 (  0.080906  0.000000 -0.216769  0.000000  0.094562  0.000000 ) 
 (  0.080906  0.000000 -0.216769  0.000000 -0.094562  0.000000 ) 
 ( -0.004319  0.000000  0.006933  0.000000 -0.002516  0.000000 ) 
 ( -0.004319  0.000000  0.006933  0.000000  0.002516  0.000000 ) 
 ( -0.074892  0.000000  0.214232  0.000000 -0.090531  0.000000 ) 
 ( -0.074892  0.000000  0.214232  0.000000  0.090531  0.000000 ) 
 (  0.007769  0.000000 -0.006280  0.000000  0.000908  0.000000 ) 
 (  0.007769  0.000000 -0.006280  0.000000 -0.000908  0.000000 ) 
     freq (   40) =      32.292147 [THz] =    1077.150083 [cm-1]
 (  0.000001  0.000000 -0.000022  0.000000 -0.000000  0.000000 ) 
 (  0.000015  0.000000 -0.000008  0.000000 -0.000000  0.000000 ) 
 ( -0.000417  0.000000  0.000158  0.000000 -0.001095  0.000000 ) 
 ( -0.000417  0.000000  0.000158  0.000000  0.001095  0.000000 ) 
 (  0.000856  0.000000  0.000716  0.000000 -0.092401  0.000000 ) 
 (  0.000856  0.000000  0.000716  0.000000  0.092401  0.000000 ) 
 ( -0.000324  0.000000 -0.000324  0.000000 -0.000729  0.000000 ) 
 ( -0.000324  0.000000 -0.000324  0.000000  0.000729  0.000000 ) 
 ( -0.001236  0.000000  0.002850  0.000000 -0.379465  0.000000 ) 
 ( -0.001236  0.000000  0.002850  0.000000  0.379465  0.000000 ) 
 (  0.001941  0.000000 -0.001079  0.000000  0.011251  0.000000 ) 
 (  0.001941  0.000000 -0.001079  0.000000 -0.011251  0.000000 ) 
 ( -0.004913  0.000000 -0.002384  0.000000  0.474282  0.000000 ) 
 ( -0.004913  0.000000 -0.002384  0.000000 -0.474282  0.000000 ) 
 ( -0.004319  0.000000 -0.006933  0.000000  0.002516  0.000000 ) 
 ( -0.004319  0.000000 -0.006933  0.000000 -0.002516  0.000000 ) 
 ( -0.080906  0.000000 -0.216769  0.000000  0.094562  0.000000 ) 
 ( -0.080906  0.000000 -0.216769  0.000000 -0.094562  0.000000 ) 
 (  0.007769  0.000000  0.006280  0.000000 -0.000908  0.000000 ) 
 (  0.007769  0.000000  0.006280  0.000000  0.000908  0.000000 ) 
 (  0.074892  0.000000  0.214232  0.000000 -0.090531  0.000000 ) 
 (  0.074892  0.000000  0.214232  0.000000  0.090531  0.000000 ) 
     freq (   41) =      32.387669 [THz] =    1080.336363 [cm-1]
 ( -0.000000  0.000000 -0.000000  0.000000 -0.000405  0.000000 ) 
 (  0.000000  0.000000  0.000000  0.000000 -0.000224  0.000000 ) 
 (  0.006354  0.000000 -0.006438  0.000000  0.018929  0.000000 ) 
 ( -0.006354  0.000000  0.006438  0.000000  0.018929  0.000000 ) 
 ( -0.000569  0.000000 -0.000808  0.000000 -0.090086  0.000000 ) 
 (  0.000569  0.000000  0.000808  0.000000 -0.090086  0.000000 ) 
 (  0.009734  0.000000  0.028834  0.000000 -0.067889  0.000000 ) 
 ( -0.009734  0.000000 -0.028834  0.000000 -0.067889  0.000000 ) 
 (  0.000235  0.000000 -0.003050  0.000000 -0.364186  0.000000 ) 
 ( -0.000235  0.000000  0.003050  0.000000 -0.364186  0.000000 ) 
 ( -0.042295  0.000000  0.021623  0.000000 -0.102576  0.000000 ) 
 (  0.042295  0.000000 -0.021623  0.000000 -0.102576  0.000000 ) 
 (  0.004869  0.000000  0.003352  0.000000  0.464102  0.000000 ) 
 ( -0.004869  0.000000 -0.003352  0.000000  0.464102  0.000000 ) 
 ( -0.032796  0.000000  0.059745  0.000000 -0.036798  0.000000 ) 
 (  0.032796  0.000000 -0.059745  0.000000 -0.036798  0.000000 ) 
 ( -0.071117  0.000000 -0.212291  0.000000  0.089198  0.000000 ) 
 (  0.071117  0.000000  0.212291  0.000000  0.089198  0.000000 ) 
 (  0.013165  0.000000  0.032840  0.000000  0.001351  0.000000 ) 
 ( -0.013165  0.000000 -0.032840  0.000000  0.001351  0.000000 ) 
 ( -0.075562  0.000000 -0.212819  0.000000  0.093420  0.000000 ) 
 (  0.075562  0.000000  0.212819  0.000000  0.093420  0.000000 ) 
     freq (   42) =      32.387669 [THz] =    1080.336363 [cm-1]
 (  0.000000  0.000000 -0.000000  0.000000  0.000224  0.000000 ) 
 (  0.000000  0.000000  0.000000  0.000000 -0.000405  0.000000 ) 
 ( -0.000569  0.000000  0.000808  0.000000  0.090086  0.000000 ) 
 (  0.000569  0.000000 -0.000808  0.000000  0.090086  0.000000 ) 
 ( -0.006354  0.000000 -0.006438  0.000000  0.018929  0.000000 ) 
 (  0.006354  0.000000  0.006438  0.000000  0.018929  0.000000 ) 
 ( -0.000235  0.000000 -0.003050  0.000000 -0.364186  0.000000 ) 
 (  0.000235  0.000000  0.003050  0.000000 -0.364186  0.000000 ) 
 (  0.009734  0.000000 -0.028834  0.000000  0.067889  0.000000 ) 
 ( -0.009734  0.000000  0.028834  0.000000  0.067889  0.000000 ) 
 (  0.004869  0.000000 -0.003352  0.000000 -0.464102  0.000000 ) 
 ( -0.004869  0.000000  0.003352  0.000000 -0.464102  0.000000 ) 
 (  0.042295  0.000000  0.021623  0.000000 -0.102576  0.000000 ) 
 ( -0.042295  0.000000 -0.021623  0.000000 -0.102576  0.000000 ) 
 ( -0.071117  0.000000  0.212291  0.000000 -0.089198  0.000000 ) 
 (  0.071117  0.000000 -0.212291  0.000000 -0.089198  0.000000 ) 
 (  0.032796  0.000000  0.059745  0.000000 -0.036798  0.000000 ) 
 ( -0.032796  0.000000 -0.059745  0.000000 -0.036798  0.000000 ) 
 ( -0.075562  0.000000  0.212819  0.000000 -0.093420  0.000000 ) 
 (  0.075562  0.000000 -0.212819  0.000000 -0.093420  0.000000 ) 
 ( -0.013165  0.000000  0.032840  0.000000  0.001351  0.000000 ) 
 (  0.013165  0.000000 -0.032840  0.000000  0.001351  0.000000 ) 
     freq (   43) =      35.883789 [THz] =    1196.954362 [cm-1]
 ( -0.000000  0.000000  0.000000  0.000000  0.000165  0.000000 ) 
 (  0.000000  0.000000 -0.000000  0.000000 -0.000234  0.000000 ) 
 ( -0.000037  0.000000  0.000029  0.000000  0.007211  0.000000 ) 
 (  0.000037  0.000000 -0.000029  0.000000  0.007211  0.000000 ) 
 ( -0.000033  0.000000 -0.000148  0.000000 -0.000223  0.000000 ) 
 (  0.000033  0.000000  0.000148  0.000000 -0.000223  0.000000 ) 
 (  0.000351  0.000000  0.003781  0.000000 -0.401703  0.000000 ) 
 ( -0.000351  0.000000 -0.003781  0.000000 -0.401703  0.000000 ) 
 (  0.000555  0.000000  0.000504  0.000000  0.074327  0.000000 ) 
 ( -0.000555  0.000000 -0.000504  0.000000  0.074327  0.000000 ) 
 ( -0.003261  0.000000  0.002232  0.000000  0.325502  0.000000 ) 
 (  0.003261  0.000000 -0.002232  0.000000  0.325502  0.000000 ) 
 (  0.000131  0.000000 -0.000573  0.000000  0.071404  0.000000 ) 
 ( -0.000131  0.000000  0.000573  0.000000  0.071404  0.000000 ) 
 ( -0.305091  0.000000 -0.113076  0.000000 -0.011083  0.000000 ) 
 (  0.305091  0.000000  0.113076  0.000000 -0.011083  0.000000 ) 
 (  0.062003  0.000000 -0.024748  0.000000 -0.001327  0.000000 ) 
 ( -0.062003  0.000000  0.024748  0.000000 -0.001327  0.000000 ) 
 ( -0.309510  0.000000 -0.105256  0.000000 -0.016854  0.000000 ) 
 (  0.309510  0.000000  0.105256  0.000000 -0.016854  0.000000 ) 
 (  0.060208  0.000000 -0.027298  0.000000 -0.000142  0.000000 ) 
 ( -0.060208  0.000000  0.027298  0.000000 -0.000142  0.000000 ) 
     freq (   44) =      35.883789 [THz] =    1196.954362 [cm-1]
 ( -0.000000  0.000000  0.000000  0.000000 -0.000234  0.000000 ) 
 ( -0.000000  0.000000  0.000000  0.000000 -0.000165  0.000000 ) 
 (  0.000033  0.000000 -0.000148  0.000000 -0.000223  0.000000 ) 
 ( -0.000033  0.000000  0.000148  0.000000 -0.000223  0.000000 ) 
 ( -0.000037  0.000000 -0.000029  0.000000 -0.007211  0.000000 ) 
 (  0.000037  0.000000  0.000029  0.000000 -0.007211  0.000000 ) 
 (  0.000555  0.000000 -0.000504  0.000000 -0.074327  0.000000 ) 
 ( -0.000555  0.000000  0.000504  0.000000 -0.074327  0.000000 ) 
 ( -0.000351  0.000000  0.003781  0.000000 -0.401703  0.000000 ) 
 (  0.000351  0.000000 -0.003781  0.000000 -0.401703  0.000000 ) 
 ( -0.000131  0.000000 -0.000573  0.000000  0.071404  0.000000 ) 
 (  0.000131  0.000000  0.000573  0.000000  0.071404  0.000000 ) 
 ( -0.003261  0.000000 -0.002232  0.000000 -0.325502  0.000000 ) 
 (  0.003261  0.000000  0.002232  0.000000 -0.325502  0.000000 ) 
 ( -0.062003  0.000000 -0.024748  0.000000 -0.001327  0.000000 ) 
 (  0.062003  0.000000  0.024748  0.000000 -0.001327  0.000000 ) 
 ( -0.305091  0.000000  0.113076  0.000000  0.011083  0.000000 ) 
 (  0.305091  0.000000 -0.113076  0.000000  0.011083  0.000000 ) 
 ( -0.060208  0.000000 -0.027298  0.000000 -0.000142  0.000000 ) 
 (  0.060208  0.000000  0.027298  0.000000 -0.000142  0.000000 ) 
 ( -0.309510  0.000000  0.105256  0.000000  0.016854  0.000000 ) 
 (  0.309510  0.000000 -0.105256  0.000000  0.016854  0.000000 ) 
     freq (   45) =      35.924725 [THz] =    1198.319834 [cm-1]
 ( -0.000018  0.000000 -0.000039  0.000000  0.000000  0.000000 ) 
 (  0.000004  0.000000  0.000048  0.000000  0.000000  0.000000 ) 
 (  0.000053  0.000000 -0.000018  0.000000 -0.006101  0.000000 ) 
 (  0.000053  0.000000 -0.000018  0.000000  0.006101  0.000000 ) 
 ( -0.000138  0.000000  0.000116  0.000000 -0.000374  0.000000 ) 
 ( -0.000138  0.000000  0.000116  0.000000  0.000374  0.000000 ) 
 ( -0.000803  0.000000 -0.003745  0.000000  0.400806  0.000000 ) 
 ( -0.000803  0.000000 -0.003745  0.000000 -0.400806  0.000000 ) 
 (  0.000062  0.000000  0.000363  0.000000  0.052360  0.000000 ) 
 (  0.000062  0.000000  0.000363  0.000000 -0.052360  0.000000 ) 
 (  0.003400  0.000000 -0.001337  0.000000 -0.333844  0.000000 ) 
 (  0.003400  0.000000 -0.001337  0.000000  0.333844  0.000000 ) 
 (  0.000052  0.000000 -0.000023  0.000000  0.057766  0.000000 ) 
 (  0.000052  0.000000 -0.000023  0.000000 -0.057766  0.000000 ) 
 (  0.307549  0.000000  0.116811  0.000000  0.009893  0.000000 ) 
 (  0.307549  0.000000  0.116811  0.000000 -0.009893  0.000000 ) 
 (  0.044736  0.000000 -0.019267  0.000000 -0.002232  0.000000 ) 
 (  0.044736  0.000000 -0.019267  0.000000  0.002232  0.000000 ) 
 ( -0.310607  0.000000 -0.109889  0.000000 -0.015692  0.000000 ) 
 ( -0.310607  0.000000 -0.109889  0.000000  0.015692  0.000000 ) 
 ( -0.043051  0.000000  0.019952  0.000000  0.001390  0.000000 ) 
 ( -0.043051  0.000000  0.019952  0.000000 -0.001390  0.000000 ) 
     freq (   46) =      35.924725 [THz] =    1198.319834 [cm-1]
 (  0.000004  0.000000 -0.000048  0.000000 -0.000000  0.000000 ) 
 (  0.000018  0.000000 -0.000039  0.000000  0.000000  0.000000 ) 
 ( -0.000138  0.000000 -0.000116  0.000000  0.000374  0.000000 ) 
 ( -0.000138  0.000000 -0.000116  0.000000 -0.000374  0.000000 ) 
 ( -0.000053  0.000000 -0.000018  0.000000 -0.006101  0.000000 ) 
 ( -0.000053  0.000000 -0.000018  0.000000  0.006101  0.000000 ) 
 ( -0.000062  0.000000  0.000363  0.000000  0.052360  0.000000 ) 
 ( -0.000062  0.000000  0.000363  0.000000 -0.052360  0.000000 ) 
 ( -0.000803  0.000000  0.003745  0.000000 -0.400806  0.000000 ) 
 ( -0.000803  0.000000  0.003745  0.000000  0.400806  0.000000 ) 
 (  0.000052  0.000000  0.000023  0.000000 -0.057766  0.000000 ) 
 (  0.000052  0.000000  0.000023  0.000000  0.057766  0.000000 ) 
 ( -0.003400  0.000000 -0.001337  0.000000 -0.333844  0.000000 ) 
 ( -0.003400  0.000000 -0.001337  0.000000  0.333844  0.000000 ) 
 (  0.044736  0.000000  0.019267  0.000000  0.002232  0.000000 ) 
 (  0.044736  0.000000  0.019267  0.000000 -0.002232  0.000000 ) 
 ( -0.307549  0.000000  0.116811  0.000000  0.009893  0.000000 ) 
 ( -0.307549  0.000000  0.116811  0.000000 -0.009893  0.000000 ) 
 ( -0.043051  0.000000 -0.019952  0.000000 -0.001390  0.000000 ) 
 ( -0.043051  0.000000 -0.019952  0.000000  0.001390  0.000000 ) 
 (  0.310607  0.000000 -0.109889  0.000000 -0.015692  0.000000 ) 
 (  0.310607  0.000000 -0.109889  0.000000  0.015692  0.000000 ) 
     freq (   47) =      36.133863 [THz] =    1205.295936 [cm-1]
 (  0.000219  0.000000 -0.000081  0.000000 -0.000000  0.000000 ) 
 ( -0.000420  0.000000  0.000106  0.000000  0.000000  0.000000 ) 
 (  0.007372  0.000000 -0.004378  0.000000  0.000041  0.000000 ) 
 (  0.007372  0.000000 -0.004378  0.000000 -0.000041  0.000000 ) 
 (  0.000161  0.000000  0.001886  0.000000 -0.000060  0.000000 ) 
 (  0.000161  0.000000  0.001886  0.000000  0.000060  0.000000 ) 
 ( -0.040710  0.000000 -0.322038  0.000000 -0.004342  0.000000 ) 
 ( -0.040710  0.000000 -0.322038  0.000000  0.004342  0.000000 ) 
 (  0.006075  0.000000 -0.047474  0.000000 -0.002113  0.000000 ) 
 (  0.006075  0.000000 -0.047474  0.000000  0.002113  0.000000 ) 
 (  0.256982  0.000000 -0.146914  0.000000  0.003843  0.000000 ) 
 (  0.256982  0.000000 -0.146914  0.000000 -0.003843  0.000000 ) 
 (  0.039672  0.000000  0.023256  0.000000 -0.001383  0.000000 ) 
 (  0.039672  0.000000  0.023256  0.000000  0.001383  0.000000 ) 
 ( -0.172954  0.000000  0.263477  0.000000 -0.220907  0.000000 ) 
 ( -0.172954  0.000000  0.263477  0.000000  0.220907  0.000000 ) 
 ( -0.025863  0.000000 -0.042491  0.000000  0.035567  0.000000 ) 
 ( -0.025863  0.000000 -0.042491  0.000000 -0.035567  0.000000 ) 
 ( -0.166004  0.000000  0.266040  0.000000 -0.220527  0.000000 ) 
 ( -0.166004  0.000000  0.266040  0.000000  0.220527  0.000000 ) 
 ( -0.022484  0.000000 -0.043659  0.000000  0.035170  0.000000 ) 
 ( -0.022484  0.000000 -0.043659  0.000000 -0.035170  0.000000 ) 
     freq (   48) =      36.133863 [THz] =    1205.295936 [cm-1]
 (  0.000420  0.000000  0.000106  0.000000  0.000000  0.000000 ) 
 (  0.000219  0.000000  0.000081  0.000000  0.000000  0.000000 ) 
 ( -0.000161  0.000000  0.001886  0.000000 -0.000060  0.000000 ) 
 ( -0.000161  0.000000  0.001886  0.000000  0.000060  0.000000 ) 
 (  0.007372  0.000000  0.004378  0.000000 -0.000041  0.000000 ) 
 (  0.007372  0.000000  0.004378  0.000000  0.000041  0.000000 ) 
 (  0.006075  0.000000  0.047474  0.000000  0.002113  0.000000 ) 
 (  0.006075  0.000000  0.047474  0.000000 -0.002113  0.000000 ) 
 (  0.040710  0.000000 -0.322038  0.000000 -0.004342  0.000000 ) 
 (  0.040710  0.000000 -0.322038  0.000000  0.004342  0.000000 ) 
 ( -0.039672  0.000000  0.023256  0.000000 -0.001383  0.000000 ) 
 ( -0.039672  0.000000  0.023256  0.000000  0.001383  0.000000 ) 
 (  0.256982  0.000000  0.146914  0.000000 -0.003843  0.000000 ) 
 (  0.256982  0.000000  0.146914  0.000000  0.003843  0.000000 ) 
 (  0.025863  0.000000 -0.042491  0.000000  0.035567  0.000000 ) 
 (  0.025863  0.000000 -0.042491  0.000000 -0.035567  0.000000 ) 
 ( -0.172954  0.000000 -0.263477  0.000000  0.220907  0.000000 ) 
 ( -0.172954  0.000000 -0.263477  0.000000 -0.220907  0.000000 ) 
 (  0.022484  0.000000 -0.043659  0.000000  0.035170  0.000000 ) 
 (  0.022484  0.000000 -0.043659  0.000000 -0.035170  0.000000 ) 
 ( -0.166004  0.000000 -0.266040  0.000000  0.220527  0.000000 ) 
 ( -0.166004  0.000000 -0.266040  0.000000 -0.220527  0.000000 ) 
     freq (   49) =      36.404681 [THz] =    1214.329460 [cm-1]
 ( -0.000000  0.000000  0.000000  0.000000 -0.000009  0.000000 ) 
 ( -0.000000  0.000000 -0.000000  0.000000 -0.000003  0.000000 ) 
 ( -0.006066  0.000000  0.003149  0.000000 -0.000026  0.000000 ) 
 (  0.006066  0.000000 -0.003149  0.000000 -0.000026  0.000000 ) 
 ( -0.000932  0.000000 -0.000008  0.000000 -0.000008  0.000000 ) 
 (  0.000932  0.000000  0.000008  0.000000 -0.000008  0.000000 ) 
 (  0.041836  0.000000  0.325134  0.000000  0.005229  0.000000 ) 
 ( -0.041836  0.000000 -0.325134  0.000000  0.005229  0.000000 ) 
 (  0.001482  0.000000 -0.002163  0.000000 -0.002071  0.000000 ) 
 ( -0.001482  0.000000  0.002163  0.000000 -0.002071  0.000000 ) 
 ( -0.263533  0.000000  0.151310  0.000000 -0.004192  0.000000 ) 
 (  0.263533  0.000000 -0.151310  0.000000 -0.004192  0.000000 ) 
 (  0.007437  0.000000  0.005600  0.000000 -0.002062  0.000000 ) 
 ( -0.007437  0.000000 -0.005600  0.000000 -0.002062  0.000000 ) 
 (  0.172436  0.000000 -0.266137  0.000000  0.223316  0.000000 ) 
 ( -0.172436  0.000000  0.266137  0.000000  0.223316  0.000000 ) 
 (  0.002337  0.000000 -0.001905  0.000000  0.000163  0.000000 ) 
 ( -0.002337  0.000000  0.001905  0.000000  0.000163  0.000000 ) 
 ( -0.165159  0.000000  0.269048  0.000000 -0.223264  0.000000 ) 
 (  0.165159  0.000000 -0.269048  0.000000 -0.223264  0.000000 ) 
 ( -0.005628  0.000000  0.003649  0.000000 -0.000000  0.000000 ) 
 (  0.005628  0.000000 -0.003649  0.000000 -0.000000  0.000000 ) 
     freq (   50) =      36.404681 [THz] =    1214.329460 [cm-1]
 ( -0.000000  0.000000 -0.000000  0.000000 -0.000003  0.000000 ) 
 (  0.000000  0.000000 -0.000000  0.000000  0.000009  0.000000 ) 
 (  0.000932  0.000000 -0.000008  0.000000 -0.000008  0.000000 ) 
 ( -0.000932  0.000000  0.000008  0.000000 -0.000008  0.000000 ) 
 ( -0.006066  0.000000 -0.003149  0.000000  0.000026  0.000000 ) 
 (  0.006066  0.000000  0.003149  0.000000  0.000026  0.000000 ) 
 (  0.001482  0.000000  0.002163  0.000000  0.002071  0.000000 ) 
 ( -0.001482  0.000000 -0.002163  0.000000  0.002071  0.000000 ) 
 ( -0.041836  0.000000  0.325134  0.000000  0.005229  0.000000 ) 
 (  0.041836  0.000000 -0.325134  0.000000  0.005229  0.000000 ) 
 ( -0.007437  0.000000  0.005600  0.000000 -0.002062  0.000000 ) 
 (  0.007437  0.000000 -0.005600  0.000000 -0.002062  0.000000 ) 
 ( -0.263533  0.000000 -0.151310  0.000000  0.004192  0.000000 ) 
 (  0.263533  0.000000  0.151310  0.000000  0.004192  0.000000 ) 
 ( -0.002337  0.000000 -0.001905  0.000000  0.000163  0.000000 ) 
 (  0.002337  0.000000  0.001905  0.000000  0.000163  0.000000 ) 
 (  0.172436  0.000000  0.266137  0.000000 -0.223316  0.000000 ) 
 ( -0.172436  0.000000 -0.266137  0.000000 -0.223316  0.000000 ) 
 (  0.005628  0.000000  0.003649  0.000000  0.000000  0.000000 ) 
 ( -0.005628  0.000000 -0.003649  0.000000 -0.000000  0.000000 ) 
 ( -0.165159  0.000000 -0.269048  0.000000  0.223264  0.000000 ) 
 (  0.165159  0.000000  0.269048  0.000000  0.223264  0.000000 ) 
     freq (   51) =      68.383761 [THz] =    2281.036745 [cm-1]
 ( -0.000024  0.000000  0.000179 -0.000000 -0.000000  0.000000 ) 
 ( -0.000126  0.000000  0.000030 -0.000000  0.000000  0.000000 ) 
 (  0.003663  0.000000  0.015431  0.000000 -0.000348  0.000000 ) 
 (  0.003663 -0.000000  0.015431 -0.000000  0.000348 -0.000000 ) 
 (  0.001911 -0.000000 -0.001949  0.000000  0.000154  0.000000 ) 
 (  0.001911  0.000000 -0.001949  0.000000 -0.000154  0.000000 ) 
 (  0.322134  0.000000 -0.041380  0.000000  0.000203 -0.000000 ) 
 (  0.322134 -0.000000 -0.041380  0.000000 -0.000203  0.000000 ) 
 (  0.008208 -0.000000  0.002646 -0.000000 -0.000021  0.000000 ) 
 (  0.008208  0.000000  0.002646  0.000000  0.000021  0.000000 ) 
 ( -0.241817  0.000000 -0.428442  0.000000 -0.000054  0.000000 ) 
 ( -0.241817  0.000000 -0.428442  0.000000  0.000054  0.000000 ) 
 ( -0.016411  0.000000  0.030909 -0.000000  0.000102  0.000000 ) 
 ( -0.016411  0.000000  0.030909 -0.000000 -0.000102  0.000000 ) 
 ( -0.063561  0.000000  0.146396  0.000000  0.225864  0.000000 ) 
 ( -0.063561  0.000000  0.146396 -0.000000 -0.225864  0.000000 ) 
 (  0.000180  0.000000 -0.001416  0.000000 -0.001602  0.000000 ) 
 (  0.000180  0.000000 -0.001416  0.000000  0.001602 -0.000000 ) 
 ( -0.063686  0.000000  0.144127 -0.000000  0.222712 -0.000000 ) 
 ( -0.063686  0.000000  0.144127  0.000000 -0.222712  0.000000 ) 
 (  0.000822  0.000000 -0.000297  0.000000  0.000000  0.000000 ) 
 (  0.000822 -0.000000 -0.000297  0.000000  0.000000  0.000000 ) 
     freq (   52) =      68.383761 [THz] =    2281.036745 [cm-1]
 (  0.000126 -0.000000  0.000030 -0.000000 -0.000000  0.000000 ) 
 ( -0.000024  0.000000 -0.000179  0.000000 -0.000000  0.000000 ) 
 ( -0.001911  0.000000 -0.001949  0.000000  0.000154  0.000000 ) 
 ( -0.001911  0.000000 -0.001949  0.000000 -0.000154  0.000000 ) 
 (  0.003663  0.000000 -0.015431  0.000000  0.000348  0.000000 ) 
 (  0.003663 -0.000000 -0.015431  0.000000 -0.000348  0.000000 ) 
 (  0.008208 -0.000000 -0.002646  0.000000  0.000021  0.000000 ) 
 (  0.008208  0.000000 -0.002646  0.000000 -0.000021  0.000000 ) 
 ( -0.322134  0.000000 -0.041380  0.000000  0.000203 -0.000000 ) 
 ( -0.322134  0.000000 -0.041380  0.000000 -0.000203  0.000000 ) 
 (  0.016411 -0.000000  0.030909 -0.000000  0.000102  0.000000 ) 
 (  0.016411 -0.000000  0.030909 -0.000000 -0.000102  0.000000 ) 
 ( -0.241817  0.000000  0.428442  0.000000  0.000054  0.000000 ) 
 ( -0.241817  0.000000  0.428442 -0.000000 -0.000054  0.000000 ) 
 ( -0.000180  0.000000 -0.001416  0.000000 -0.001602  0.000000 ) 
 ( -0.000180  0.000000 -0.001416  0.000000  0.001602 -0.000000 ) 
 ( -0.063561  0.000000 -0.146396  0.000000 -0.225864  0.000000 ) 
 ( -0.063561  0.000000 -0.146396  0.000000  0.225864 -0.000000 ) 
 ( -0.000822  0.000000 -0.000297  0.000000  0.000000  0.000000 ) 
 ( -0.000822  0.000000 -0.000297  0.000000 -0.000000  0.000000 ) 
 ( -0.063686  0.000000 -0.144127  0.000000 -0.222712  0.000000 ) 
 ( -0.063686  0.000000 -0.144127  0.000000  0.222712  0.000000 ) 
     freq (   53) =      68.571311 [THz] =    2287.292744 [cm-1]
 ( -0.000000  0.000000 -0.000000  0.000000 -0.000002  0.000000 ) 
 (  0.000000  0.000000 -0.000000  0.000000 -0.000009  0.000000 ) 
 (  0.008812 -0.000000  0.016540 -0.000000 -0.000337  0.000000 ) 
 ( -0.008812  0.000000 -0.016540  0.000000 -0.000337  0.000000 ) 
 ( -0.001792  0.000000 -0.000473  0.000000  0.000232 -0.000000 ) 
 (  0.001792 -0.000000  0.000473  0.000000  0.000232  0.000000 ) 
 (  0.278794 -0.000000 -0.035796  0.000000 -0.000155  0.000000 ) 
 ( -0.278794  0.000000  0.035796  0.000000 -0.000155  0.000000 ) 
 ( -0.019772  0.000000 -0.002342  0.000000  0.000400 -0.000000 ) 
 (  0.019772 -0.000000  0.002342 -0.000000  0.000400 -0.000000 ) 
 ( -0.252464  0.000000 -0.452647  0.000000  0.000632 -0.000000 ) 
 (  0.252464  0.000000  0.452647  0.000000  0.000632 -0.000000 ) 
 ( -0.002144  0.000000 -0.002055  0.000000  0.001092 -0.000000 ) 
 (  0.002144  0.000000  0.002055  0.000000  0.001092 -0.000000 ) 
 ( -0.060532  0.000000  0.146375 -0.000000  0.227369 -0.000000 ) 
 (  0.060532  0.000000 -0.146375  0.000000  0.227369  0.000000 ) 
 ( -0.002005  0.000000 -0.001214  0.000000 -0.002720  0.000000 ) 
 (  0.002005 -0.000000  0.001214  0.000000 -0.002720  0.000000 ) 
 (  0.060318  0.000000 -0.145961  0.000000 -0.223285  0.000000 ) 
 ( -0.060318  0.000000  0.145961 -0.000000 -0.223285  0.000000 ) 
 (  0.002208 -0.000000  0.000465  0.000000  0.000000 -0.000000 ) 
 ( -0.002208  0.000000 -0.000465  0.000000  0.000000 -0.000000 ) 
     freq (   54) =      68.571311 [THz] =    2287.292744 [cm-1]
 (  0.000000  0.000000 -0.000000  0.000000 -0.000009  0.000000 ) 
 (  0.000000  0.000000 -0.000000  0.000000  0.000002 -0.000000 ) 
 (  0.001792  0.000000 -0.000473  0.000000  0.000232 -0.000000 ) 
 ( -0.001792  0.000000  0.000473  0.000000  0.000232  0.000000 ) 
 (  0.008812 -0.000000 -0.016540  0.000000  0.000337 -0.000000 ) 
 ( -0.008812  0.000000  0.016540  0.000000  0.000337  0.000000 ) 
 ( -0.019772  0.000000  0.002342  0.000000 -0.000400  0.000000 ) 
 (  0.019772 -0.000000 -0.002342  0.000000 -0.000400  0.000000 ) 
 ( -0.278794  0.000000 -0.035796  0.000000 -0.000155  0.000000 ) 
 (  0.278794  0.000000  0.035796  0.000000 -0.000155  0.000000 ) 
 (  0.002144  0.000000 -0.002055  0.000000  0.001092 -0.000000 ) 
 ( -0.002144  0.000000  0.002055  0.000000  0.001092 -0.000000 ) 
 ( -0.252464  0.000000  0.452647 -0.000000 -0.000632  0.000000 ) 
 (  0.252464  0.000000 -0.452647  0.000000 -0.000632  0.000000 ) 
 (  0.002005 -0.000000 -0.001214  0.000000 -0.002720  0.000000 ) 
 ( -0.002005  0.000000  0.001214  0.000000 -0.002720  0.000000 ) 
 ( -0.060532  0.000000 -0.146375  0.000000 -0.227369  0.000000 ) 
 (  0.060532  0.000000  0.146375  0.000000 -0.227369  0.000000 ) 
 ( -0.002208  0.000000  0.000465  0.000000 -0.000000  0.000000 ) 
 (  0.002208  0.000000 -0.000465  0.000000  0.000000  0.000000 ) 
 (  0.060318  0.000000  0.145961  0.000000  0.223285  0.000000 ) 
 ( -0.060318  0.000000 -0.145961  0.000000  0.223285 -0.000000 ) 
     freq (   55) =      70.024859 [THz] =    2335.777864 [cm-1]
 (  0.000000  0.000000 -0.000000  0.000000  0.000005  0.000000 ) 
 ( -0.000000  0.000000 -0.000000  0.000000  0.000007  0.000000 ) 
 ( -0.050500  0.000000 -0.044676  0.000000  0.000323  0.000000 ) 
 (  0.050500  0.000000  0.044676  0.000000  0.000323  0.000000 ) 
 ( -0.000084  0.000000 -0.000134  0.000000  0.000506  0.000000 ) 
 (  0.000084  0.000000  0.000134  0.000000  0.000506  0.000000 ) 
 (  0.461891  0.000000 -0.085054  0.000000  0.000054  0.000000 ) 
 ( -0.461891  0.000000  0.085054  0.000000  0.000054  0.000000 ) 
 ( -0.005623  0.000000 -0.001106  0.000000  0.000254  0.000000 ) 
 (  0.005623  0.000000  0.001106  0.000000  0.000254  0.000000 ) 
 (  0.210497  0.000000  0.387781  0.000000  0.000138  0.000000 ) 
 ( -0.210497  0.000000 -0.387781  0.000000  0.000138  0.000000 ) 
 ( -0.004914  0.000000  0.010954  0.000000  0.000237  0.000000 ) 
 (  0.004914  0.000000 -0.010954  0.000000  0.000237  0.000000 ) 
 ( -0.060296  0.000000  0.091973  0.000000  0.163910  0.000000 ) 
 (  0.060296  0.000000 -0.091973  0.000000  0.163910  0.000000 ) 
 ( -0.003162  0.000000 -0.004732  0.000000 -0.008050  0.000000 ) 
 (  0.003162  0.000000  0.004732  0.000000 -0.008050  0.000000 ) 
 (  0.061769  0.000000 -0.095152  0.000000 -0.167568  0.000000 ) 
 ( -0.061769  0.000000  0.095152  0.000000 -0.167568  0.000000 ) 
 (  0.001688  0.000000  0.001152  0.000000  0.002114  0.000000 ) 
 ( -0.001688  0.000000 -0.001152  0.000000  0.002114  0.000000 ) 
     freq (   56) =      70.024859 [THz] =    2335.777864 [cm-1]
 ( -0.000000  0.000000  0.000000  0.000000  0.000007  0.000000 ) 
 ( -0.000000  0.000000  0.000000  0.000000 -0.000005  0.000000 ) 
 (  0.000084  0.000000 -0.000134  0.000000  0.000506  0.000000 ) 
 ( -0.000084  0.000000  0.000134  0.000000  0.000506  0.000000 ) 
 ( -0.050500  0.000000  0.044676  0.000000 -0.000323  0.000000 ) 
 (  0.050500  0.000000 -0.044676  0.000000 -0.000323  0.000000 ) 
 ( -0.005623  0.000000  0.001106  0.000000 -0.000254  0.000000 ) 
 (  0.005623  0.000000 -0.001106  0.000000 -0.000254  0.000000 ) 
 ( -0.461891  0.000000 -0.085054  0.000000  0.000054  0.000000 ) 
 (  0.461891  0.000000  0.085054  0.000000  0.000054  0.000000 ) 
 (  0.004914  0.000000  0.010954  0.000000  0.000237  0.000000 ) 
 ( -0.004914  0.000000 -0.010954  0.000000  0.000237  0.000000 ) 
 (  0.210497  0.000000 -0.387781  0.000000 -0.000138  0.000000 ) 
 ( -0.210497  0.000000  0.387781  0.000000 -0.000138  0.000000 ) 
 (  0.003162  0.000000 -0.004732  0.000000 -0.008050  0.000000 ) 
 ( -0.003162  0.000000  0.004732  0.000000 -0.008050  0.000000 ) 
 ( -0.060296  0.000000 -0.091973  0.000000 -0.163910  0.000000 ) 
 (  0.060296  0.000000  0.091973  0.000000 -0.163910  0.000000 ) 
 ( -0.001688  0.000000  0.001152  0.000000  0.002114  0.000000 ) 
 (  0.001688  0.000000 -0.001152  0.000000  0.002114  0.000000 ) 
 (  0.061769  0.000000  0.095152  0.000000  0.167568  0.000000 ) 
 ( -0.061769  0.000000 -0.095152  0.000000  0.167568  0.000000 ) 
     freq (   57) =      70.222223 [THz] =    2342.361219 [cm-1]
 ( -0.000160  0.000000  0.000020  0.000000  0.000000  0.000000 ) 
 ( -0.000041  0.000000  0.000134  0.000000  0.000000  0.000000 ) 
 ( -0.021242  0.000000 -0.054058  0.000000  0.000824  0.000000 ) 
 ( -0.021242  0.000000 -0.054058  0.000000 -0.000824  0.000000 ) 
 ( -0.033917  0.000000  0.010178  0.000000 -0.000038  0.000000 ) 
 ( -0.033917  0.000000  0.010178  0.000000  0.000038  0.000000 ) 
 (  0.188610  0.000000 -0.044957  0.000000  0.000207  0.000000 ) 
 (  0.188610  0.000000 -0.044957  0.000000 -0.000207  0.000000 ) 
 ( -0.283600  0.000000 -0.048331  0.000000  0.000048  0.000000 ) 
 ( -0.283600  0.000000 -0.048331  0.000000 -0.000048  0.000000 ) 
 (  0.200888  0.000000  0.354245  0.000000  0.000161  0.000000 ) 
 (  0.200888  0.000000  0.354245  0.000000 -0.000161  0.000000 ) 
 (  0.092183  0.000000 -0.184383  0.000000  0.000012  0.000000 ) 
 (  0.092183  0.000000 -0.184383  0.000000 -0.000012  0.000000 ) 
 ( -0.072227  0.000000  0.136621  0.000000  0.236514  0.000000 ) 
 ( -0.072227  0.000000  0.136621  0.000000 -0.236514  0.000000 ) 
 ( -0.005560  0.000000  0.008270  0.000000  0.009841  0.000000 ) 
 ( -0.005560  0.000000  0.008270  0.000000 -0.009841  0.000000 ) 
 ( -0.074809  0.000000  0.142793  0.000000  0.245930  0.000000 ) 
 ( -0.074809  0.000000  0.142793  0.000000 -0.245930  0.000000 ) 
 ( -0.005724  0.000000  0.007959  0.000000  0.009541  0.000000 ) 
 ( -0.005724  0.000000  0.007959  0.000000 -0.009541  0.000000 ) 
     freq (   58) =      70.222223 [THz] =    2342.361219 [cm-1]
 ( -0.000041  0.000000 -0.000134  0.000000 -0.000000  0.000000 ) 
 (  0.000160  0.000000  0.000020  0.000000 -0.000000  0.000000 ) 
 ( -0.033917  0.000000 -0.010178  0.000000  0.000038  0.000000 ) 
 ( -0.033917  0.000000 -0.010178  0.000000 -0.000038  0.000000 ) 
 (  0.021242  0.000000 -0.054058  0.000000  0.000824  0.000000 ) 
 (  0.021242  0.000000 -0.054058  0.000000 -0.000824  0.000000 ) 
 (  0.283600  0.000000 -0.048331  0.000000  0.000048  0.000000 ) 
 (  0.283600  0.000000 -0.048331  0.000000 -0.000048  0.000000 ) 
 (  0.188610  0.000000  0.044957  0.000000 -0.000207  0.000000 ) 
 (  0.188610  0.000000  0.044957  0.000000  0.000207  0.000000 ) 
 (  0.092183  0.000000  0.184383  0.000000 -0.000012  0.000000 ) 
 (  0.092183  0.000000  0.184383  0.000000  0.000012  0.000000 ) 
 ( -0.200888  0.000000  0.354245  0.000000  0.000161  0.000000 ) 
 ( -0.200888  0.000000  0.354245  0.000000 -0.000161  0.000000 ) 
 ( -0.005560  0.000000 -0.008270  0.000000 -0.009841  0.000000 ) 
 ( -0.005560  0.000000 -0.008270  0.000000  0.009841  0.000000 ) 
 (  0.072227  0.000000  0.136621  0.000000  0.236514  0.000000 ) 
 (  0.072227  0.000000  0.136621  0.000000 -0.236514  0.000000 ) 
 ( -0.005724  0.000000 -0.007959  0.000000 -0.009541  0.000000 ) 
 ( -0.005724  0.000000 -0.007959  0.000000  0.009541  0.000000 ) 
 (  0.074809  0.000000  0.142793  0.000000  0.245930  0.000000 ) 
 (  0.074809  0.000000  0.142793  0.000000 -0.245930  0.000000 ) 
     freq (   59) =      70.664783 [THz] =    2357.123452 [cm-1]
 ( -0.000090  0.000000  0.000089  0.000000 -0.000000  0.000000 ) 
 ( -0.000177  0.000000  0.000140  0.000000 -0.000000  0.000000 ) 
 ( -0.048217  0.000000  0.037939  0.000000 -0.000691  0.000000 ) 
 ( -0.048217  0.000000  0.037939  0.000000  0.000691  0.000000 ) 
 ( -0.030147  0.000000  0.009469  0.000000  0.000064  0.000000 ) 
 ( -0.030147  0.000000  0.009469  0.000000 -0.000064  0.000000 ) 
 (  0.442869  0.000000 -0.059156  0.000000 -0.000188  0.000000 ) 
 (  0.442869  0.000000 -0.059156  0.000000  0.000188  0.000000 ) 
 ( -0.263896  0.000000 -0.042499  0.000000  0.000024  0.000000 ) 
 ( -0.263896  0.000000 -0.042499  0.000000 -0.000024  0.000000 ) 
 ( -0.043548  0.000000 -0.042008  0.000000 -0.000141  0.000000 ) 
 ( -0.043548  0.000000 -0.042008  0.000000  0.000141  0.000000 ) 
 (  0.081889  0.000000 -0.157158  0.000000 -0.000054  0.000000 ) 
 (  0.081889  0.000000 -0.157158  0.000000  0.000054  0.000000 ) 
 (  0.063617  0.000000 -0.152885  0.000000 -0.253303  0.000000 ) 
 (  0.063617  0.000000 -0.152885  0.000000  0.253303  0.000000 ) 
 ( -0.006888  0.000000  0.001422  0.000000 -0.000752  0.000000 ) 
 ( -0.006888  0.000000  0.001422  0.000000  0.000752  0.000000 ) 
 (  0.065783  0.000000 -0.157972  0.000000 -0.261015  0.000000 ) 
 (  0.065783  0.000000 -0.157972  0.000000  0.261015  0.000000 ) 
 ( -0.006611  0.000000  0.001932  0.000000 -0.000010  0.000000 ) 
 ( -0.006611  0.000000  0.001932  0.000000  0.000010  0.000000 ) 
     freq (   60) =      70.664783 [THz] =    2357.123452 [cm-1]
 (  0.000177  0.000000  0.000140  0.000000 -0.000000  0.000000 ) 
 ( -0.000090  0.000000 -0.000089  0.000000  0.000000  0.000000 ) 
 (  0.030147  0.000000  0.009469  0.000000  0.000064  0.000000 ) 
 (  0.030147  0.000000  0.009469  0.000000 -0.000064  0.000000 ) 
 ( -0.048217  0.000000 -0.037939  0.000000  0.000691  0.000000 ) 
 ( -0.048217  0.000000 -0.037939  0.000000 -0.000691  0.000000 ) 
 ( -0.263896  0.000000  0.042499  0.000000 -0.000024  0.000000 ) 
 ( -0.263896  0.000000  0.042499  0.000000  0.000024  0.000000 ) 
 ( -0.442869  0.000000 -0.059156  0.000000 -0.000188  0.000000 ) 
 ( -0.442869  0.000000 -0.059156  0.000000  0.000188  0.000000 ) 
 ( -0.081889  0.000000 -0.157158  0.000000 -0.000054  0.000000 ) 
 ( -0.081889  0.000000 -0.157158  0.000000  0.000054  0.000000 ) 
 ( -0.043548  0.000000  0.042008  0.000000  0.000141  0.000000 ) 
 ( -0.043548  0.000000  0.042008  0.000000 -0.000141  0.000000 ) 
 (  0.006888  0.000000  0.001422  0.000000 -0.000752  0.000000 ) 
 (  0.006888  0.000000  0.001422  0.000000  0.000752  0.000000 ) 
 (  0.063617  0.000000  0.152885  0.000000  0.253303  0.000000 ) 
 (  0.063617  0.000000  0.152885  0.000000 -0.253303  0.000000 ) 
 (  0.006611  0.000000  0.001932  0.000000 -0.000010  0.000000 ) 
 (  0.006611  0.000000  0.001932  0.000000  0.000010  0.000000 ) 
 (  0.065783  0.000000  0.157972  0.000000  0.261015  0.000000 ) 
 (  0.065783  0.000000  0.157972  0.000000 -0.261015  0.000000 ) 
     freq (   61) =      70.934149 [THz] =    2366.108530 [cm-1]
 (  0.000000  0.000000  0.000000  0.000000  0.000003  0.000000 ) 
 ( -0.000000  0.000000  0.000000  0.000000  0.000005  0.000000 ) 
 ( -0.045846  0.000000  0.048783  0.000000 -0.003679  0.000000 ) 
 (  0.045846  0.000000 -0.048783  0.000000 -0.003679  0.000000 ) 
 ( -0.007596  0.000000 -0.007684  0.000000 -0.000317  0.000000 ) 
 (  0.007596  0.000000  0.007684  0.000000 -0.000317  0.000000 ) 
 (  0.435825  0.000000 -0.056417  0.000000 -0.000739  0.000000 ) 
 ( -0.435825  0.000000  0.056417  0.000000 -0.000739  0.000000 ) 
 ( -0.073353  0.000000 -0.009423  0.000000  0.000100  0.000000 ) 
 (  0.073353  0.000000  0.009423  0.000000  0.000100  0.000000 ) 
 ( -0.082174  0.000000 -0.114282  0.000000 -0.000887  0.000000 ) 
 (  0.082174  0.000000  0.114282  0.000000 -0.000887  0.000000 ) 
 ( -0.017201  0.000000  0.026705  0.000000 -0.000163  0.000000 ) 
 (  0.017201  0.000000 -0.026705  0.000000 -0.000163  0.000000 ) 
 (  0.074809  0.000000 -0.173290  0.000000 -0.284459  0.000000 ) 
 ( -0.074809  0.000000  0.173290  0.000000 -0.284459  0.000000 ) 
 (  0.011594  0.000000  0.028467  0.000000  0.046494  0.000000 ) 
 ( -0.011594  0.000000 -0.028467  0.000000  0.046494  0.000000 ) 
 ( -0.087114  0.000000  0.200477  0.000000  0.325440  0.000000 ) 
 (  0.087114  0.000000 -0.200477  0.000000  0.325440  0.000000 ) 
 ( -0.010454  0.000000 -0.026093  0.000000 -0.042881  0.000000 ) 
 (  0.010454  0.000000  0.026093  0.000000 -0.042881  0.000000 ) 
     freq (   62) =      70.934149 [THz] =    2366.108530 [cm-1]
 ( -0.000000  0.000000 -0.000000  0.000000  0.000005  0.000000 ) 
 (  0.000000  0.000000 -0.000000  0.000000 -0.000003  0.000000 ) 
 (  0.007596  0.000000 -0.007684  0.000000 -0.000317  0.000000 ) 
 ( -0.007596  0.000000  0.007684  0.000000 -0.000317  0.000000 ) 
 ( -0.045846  0.000000 -0.048783  0.000000  0.003679  0.000000 ) 
 (  0.045846  0.000000  0.048783  0.000000  0.003679  0.000000 ) 
 ( -0.073353  0.000000  0.009423  0.000000 -0.000100  0.000000 ) 
 (  0.073353  0.000000 -0.009423  0.000000 -0.000100  0.000000 ) 
 ( -0.435825  0.000000 -0.056417  0.000000 -0.000739  0.000000 ) 
 (  0.435825  0.000000  0.056417  0.000000 -0.000739  0.000000 ) 
 (  0.017201  0.000000  0.026705  0.000000 -0.000163  0.000000 ) 
 ( -0.017201  0.000000 -0.026705  0.000000 -0.000163  0.000000 ) 
 ( -0.082174  0.000000  0.114282  0.000000  0.000887  0.000000 ) 
 (  0.082174  0.000000 -0.114282  0.000000  0.000887  0.000000 ) 
 ( -0.011594  0.000000  0.028467  0.000000  0.046494  0.000000 ) 
 (  0.011594  0.000000 -0.028467  0.000000  0.046494  0.000000 ) 
 (  0.074809  0.000000  0.173290  0.000000  0.284459  0.000000 ) 
 ( -0.074809  0.000000 -0.173290  0.000000  0.284459  0.000000 ) 
 (  0.010454  0.000000 -0.026093  0.000000 -0.042881  0.000000 ) 
 ( -0.010454  0.000000  0.026093  0.000000 -0.042881  0.000000 ) 
 ( -0.087114  0.000000 -0.200477  0.000000 -0.325440  0.000000 ) 
 (  0.087114  0.000000  0.200477  0.000000 -0.325440  0.000000 ) 
     freq (   63) =      71.157484 [THz] =    2373.558179 [cm-1]
 ( -0.000000  0.000000  0.000000  0.000000  0.000101  0.000000 ) 
 ( -0.000000  0.000000  0.000000  0.000000  0.000101  0.000000 ) 
 (  0.002057  0.000000 -0.002902  0.000000 -0.070780  0.000000 ) 
 ( -0.002057  0.000000  0.002902  0.000000 -0.070780  0.000000 ) 
 ( -0.000135  0.000000  0.000361  0.000000 -0.013954  0.000000 ) 
 (  0.000135  0.000000 -0.000361  0.000000 -0.013954  0.000000 ) 
 ( -0.020969  0.000000  0.002548  0.000000 -0.014978  0.000000 ) 
 (  0.020969  0.000000 -0.002548  0.000000 -0.014978  0.000000 ) 
 ( -0.002524  0.000000 -0.000685  0.000000  0.003345  0.000000 ) 
 (  0.002524  0.000000  0.000685  0.000000  0.003345  0.000000 ) 
 (  0.006641  0.000000  0.010054  0.000000 -0.016849  0.000000 ) 
 ( -0.006641  0.000000 -0.010054  0.000000 -0.016849  0.000000 ) 
 (  0.000933  0.000000 -0.001172  0.000000 -0.003179  0.000000 ) 
 ( -0.000933  0.000000  0.001172  0.000000 -0.003179  0.000000 ) 
 ( -0.121980  0.000000  0.267967  0.000000  0.411402  0.000000 ) 
 (  0.121980  0.000000 -0.267967  0.000000  0.411402  0.000000 ) 
 (  0.023548  0.000000  0.051420  0.000000  0.077862  0.000000 ) 
 ( -0.023548  0.000000 -0.051420  0.000000  0.077862  0.000000 ) 
 ( -0.112998  0.000000  0.248541  0.000000  0.378850  0.000000 ) 
 (  0.112998  0.000000 -0.248541  0.000000  0.378850  0.000000 ) 
 (  0.025105  0.000000  0.054200  0.000000  0.082573  0.000000 ) 
 ( -0.025105  0.000000 -0.054200  0.000000  0.082573  0.000000 ) 
     freq (   64) =      71.157484 [THz] =    2373.558179 [cm-1]
 ( -0.000000  0.000000 -0.000000  0.000000  0.000101  0.000000 ) 
 (  0.000000  0.000000 -0.000000  0.000000 -0.000101  0.000000 ) 
 (  0.000135  0.000000  0.000361  0.000000 -0.013954  0.000000 ) 
 ( -0.000135  0.000000 -0.000361  0.000000 -0.013954  0.000000 ) 
 (  0.002057  0.000000  0.002902  0.000000  0.070780  0.000000 ) 
 ( -0.002057  0.000000 -0.002902  0.000000  0.070780  0.000000 ) 
 ( -0.002524  0.000000  0.000685  0.000000 -0.003345  0.000000 ) 
 (  0.002524  0.000000 -0.000685  0.000000 -0.003345  0.000000 ) 
 (  0.020969  0.000000  0.002548  0.000000 -0.014978  0.000000 ) 
 ( -0.020969  0.000000 -0.002548  0.000000 -0.014978  0.000000 ) 
 ( -0.000933  0.000000 -0.001172  0.000000 -0.003179  0.000000 ) 
 (  0.000933  0.000000  0.001172  0.000000 -0.003179  0.000000 ) 
 (  0.006641  0.000000 -0.010054  0.000000  0.016849  0.000000 ) 
 ( -0.006641  0.000000  0.010054  0.000000  0.016849  0.000000 ) 
 ( -0.023548  0.000000  0.051420  0.000000  0.077862  0.000000 ) 
 (  0.023548  0.000000 -0.051420  0.000000  0.077862  0.000000 ) 
 ( -0.121980  0.000000 -0.267967  0.000000 -0.411402  0.000000 ) 
 (  0.121980  0.000000  0.267967  0.000000 -0.411402  0.000000 ) 
 ( -0.025105  0.000000  0.054200  0.000000  0.082573  0.000000 ) 
 (  0.025105  0.000000 -0.054200  0.000000  0.082573  0.000000 ) 
 ( -0.112998  0.000000 -0.248541  0.000000 -0.378850  0.000000 ) 
 (  0.112998  0.000000  0.248541  0.000000 -0.378850  0.000000 ) 
     freq (   65) =      71.206916 [THz] =    2375.207059 [cm-1]
 ( -0.000007  0.000000 -0.000011  0.000000  0.000000  0.000000 ) 
 ( -0.000000  0.000000  0.000011  0.000000  0.000000  0.000000 ) 
 ( -0.000235  0.000000  0.001058  0.000000  0.070390  0.000000 ) 
 ( -0.000235  0.000000  0.001058  0.000000 -0.070390  0.000000 ) 
 (  0.000084  0.000000 -0.000134  0.000000 -0.015324  0.000000 ) 
 (  0.000084  0.000000 -0.000134  0.000000  0.015324  0.000000 ) 
 (  0.003842  0.000000 -0.000266  0.000000  0.015489  0.000000 ) 
 (  0.003842  0.000000 -0.000266  0.000000 -0.015489  0.000000 ) 
 (  0.001104  0.000000  0.000161  0.000000  0.002579  0.000000 ) 
 (  0.001104  0.000000  0.000161  0.000000 -0.002579  0.000000 ) 
 ( -0.003798  0.000000 -0.006283  0.000000  0.016026  0.000000 ) 
 ( -0.003798  0.000000 -0.006283  0.000000 -0.016026  0.000000 ) 
 ( -0.000455  0.000000  0.001035  0.000000 -0.003809  0.000000 ) 
 ( -0.000455  0.000000  0.001035  0.000000  0.003809  0.000000 ) 
 (  0.118942  0.000000 -0.259875  0.000000 -0.398839  0.000000 ) 
 (  0.118942  0.000000 -0.259875  0.000000  0.398839  0.000000 ) 
 (  0.024930  0.000000  0.057333  0.000000  0.087032  0.000000 ) 
 (  0.024930  0.000000  0.057333  0.000000 -0.087032  0.000000 ) 
 ( -0.116036  0.000000  0.255206  0.000000  0.390386  0.000000 ) 
 ( -0.116036  0.000000  0.255206  0.000000 -0.390386  0.000000 ) 
 ( -0.024431  0.000000 -0.056162  0.000000 -0.085060  0.000000 ) 
 ( -0.024431  0.000000 -0.056162  0.000000  0.085060  0.000000 ) 
     freq (   66) =      71.206916 [THz] =    2375.207059 [cm-1]
 (  0.000000  0.000000  0.000011  0.000000  0.000000  0.000000 ) 
 ( -0.000007  0.000000  0.000011  0.000000 -0.000000  0.000000 ) 
 ( -0.000084  0.000000 -0.000134  0.000000 -0.015324  0.000000 ) 
 ( -0.000084  0.000000 -0.000134  0.000000  0.015324  0.000000 ) 
 ( -0.000235  0.000000 -0.001058  0.000000 -0.070390  0.000000 ) 
 ( -0.000235  0.000000 -0.001058  0.000000  0.070390  0.000000 ) 
 (  0.001104  0.000000 -0.000161  0.000000 -0.002579  0.000000 ) 
 (  0.001104  0.000000 -0.000161  0.000000  0.002579  0.000000 ) 
 ( -0.003842  0.000000 -0.000266  0.000000  0.015489  0.000000 ) 
 ( -0.003842  0.000000 -0.000266  0.000000 -0.015489  0.000000 ) 
 (  0.000455  0.000000  0.001035  0.000000 -0.003809  0.000000 ) 
 (  0.000455  0.000000  0.001035  0.000000  0.003809  0.000000 ) 
 ( -0.003798  0.000000  0.006283  0.000000 -0.016026  0.000000 ) 
 ( -0.003798  0.000000  0.006283  0.000000  0.016026  0.000000 ) 
 ( -0.024930  0.000000  0.057333  0.000000  0.087032  0.000000 ) 
 ( -0.024930  0.000000  0.057333  0.000000 -0.087032  0.000000 ) 
 (  0.118942  0.000000  0.259875  0.000000  0.398839  0.000000 ) 
 (  0.118942  0.000000  0.259875  0.000000 -0.398839  0.000000 ) 
 (  0.024431  0.000000 -0.056162  0.000000 -0.085060  0.000000 ) 
 (  0.024431  0.000000 -0.056162  0.000000  0.085060  0.000000 ) 
 ( -0.116036  0.000000 -0.255206  0.000000 -0.390386  0.000000 ) 
 ( -0.116036  0.000000 -0.255206  0.000000  0.390386  0.000000 ) 
 **************************************************************************
