Dynamical matrix file
                                                                           
  3   22   8  13.7505922   0.9887921   0.6300015   0.0000000   0.0000000   0.0000000
           1  'B      '    9853.6237122476850     
           2  'Ba     '    125165.90357338246     
           3  'H      '    918.68111039893927     
    1    2      0.5000000000      0.4943960350      0.3150139571
    2    2      0.0000000000      0.0000000000      0.6299883529
    3    1      0.6457471943      0.2690333940      0.0000110701
    4    1      0.3542528057      0.7197586760      0.0000110701
    5    1      0.1457471943      0.2253626410      0.3149896999
    6    1      0.8542528057      0.7634294290      0.3149896999
    7    3      0.4764410567      0.2785492431      0.0000130539
    8    3      0.5235589433      0.7102428269      0.0000130539
    9    3      0.9764410567      0.2158467919      0.3149877161
   10    3      0.0235589433      0.7729452781      0.3149877161
   11    3      0.7125446937      0.4253079145      0.0000101156
   12    3      0.2874553063      0.5634841555      0.0000101156
   13    3      0.2125446937      0.0690881205      0.3149906544
   14    3      0.7874553063      0.9197039495      0.3149906544
   15    3      0.6936781081      0.1879672065      0.4896379043
   16    3      0.3063218919      0.8008248635      0.4896379043
   17    3      0.1936781081      0.3064288285      0.4553644057
   18    3      0.8063218919      0.6823632415      0.4553644057
   19    3      0.3063087259      0.8008213333      0.1403828879
   20    3      0.6936912741      0.1879707367      0.1403828879
   21    3      0.8063087259      0.6823667717      0.1746178821
   22    3      0.1936912741      0.3064252983      0.1746178821

     Dynamical  Matrix in cartesian axes

     q = (    0.000000000  -0.505667486   0.000000000 ) 

    1    1
  0.07078090   0.00000000    -0.00222536   0.00000000     0.00000000   0.00000000
 -0.00222536   0.00000000     0.10955610   0.00000000     0.00000000   0.00000000
  0.00000000   0.00000000     0.00000000   0.00000000     0.06868123   0.00000000
    1    2
  0.00000000   0.00000000     0.00000000  -0.00000000     0.00024294   0.00000000
  0.00000000  -0.00000000     0.00000000   0.00000000     0.00097397   0.00000000
 -0.00024294  -0.00000000     0.00097397   0.00000000     0.00000000   0.00000000
    1    3
  0.00125587   0.00000000     0.01276370   0.00000000    -0.00018411  -0.00000000
  0.01212856   0.00000000    -0.00895030  -0.00000000     0.00009646   0.00000000
 -0.00150124  -0.00000000     0.00034028   0.00000000    -0.02671393  -0.00000000
    1    4
  0.00125587  -0.00000000     0.01276370  -0.00000000     0.00018411  -0.00000000
  0.01212856  -0.00000000    -0.00895030   0.00000000    -0.00009646   0.00000000
  0.00150124  -0.00000000    -0.00034028   0.00000000    -0.02671393   0.00000000
    1    5
 -0.01172926  -0.00000000    -0.00996837  -0.00000000    -0.00031556  -0.00000000
 -0.00328354  -0.00000000    -0.00409562  -0.00000000    -0.00028193  -0.00000000
 -0.00035328  -0.00000000    -0.00080877  -0.00000000     0.00507717   0.00000000
    1    6
 -0.01172926  -0.00000000    -0.00996837  -0.00000000     0.00031556   0.00000000
 -0.00328354  -0.00000000    -0.00409562  -0.00000000     0.00028193   0.00000000
  0.00035328   0.00000000     0.00080877   0.00000000     0.00507717   0.00000000
    1    7
 -0.00715199  -0.00000000    -0.00437784  -0.00000000    -0.00007392  -0.00000000
  0.00264904   0.00000000    -0.00859376  -0.00000000    -0.00010924  -0.00000000
  0.00005369   0.00000000     0.00002439   0.00000000    -0.00540500  -0.00000000
    1    8
 -0.00715199   0.00000000    -0.00437784   0.00000000     0.00007392  -0.00000000
  0.00264904  -0.00000000    -0.00859376   0.00000000     0.00010924  -0.00000000
 -0.00005369   0.00000000    -0.00002439   0.00000000    -0.00540500   0.00000000
    1    9
  0.00455734   0.00000000     0.00248474   0.00000000     0.00015471   0.00000000
  0.00189608   0.00000000    -0.00187968  -0.00000000     0.00013697   0.00000000
  0.00011803   0.00000000    -0.00005894  -0.00000000    -0.00161134  -0.00000000
    1   10
  0.00455734  -0.00000000     0.00248474  -0.00000000    -0.00015471   0.00000000
  0.00189608  -0.00000000    -0.00187968   0.00000000    -0.00013697   0.00000000
 -0.00011803   0.00000000     0.00005894  -0.00000000    -0.00161134   0.00000000
    1   11
 -0.00646020  -0.00000000     0.00001416   0.00000000     0.00005495   0.00000000
 -0.00543088  -0.00000000    -0.01155179  -0.00000000    -0.00006667  -0.00000000
 -0.00011057  -0.00000000     0.00003497   0.00000000    -0.00347766  -0.00000000
    1   12
 -0.00646020   0.00000000     0.00001416  -0.00000000    -0.00005495   0.00000000
 -0.00543088   0.00000000    -0.01155179   0.00000000     0.00006667  -0.00000000
  0.00011057  -0.00000000    -0.00003497   0.00000000    -0.00347766   0.00000000
    1   13
  0.00363269   0.00000000     0.00509313   0.00000000    -0.00002127  -0.00000000
  0.00021170   0.00000000    -0.00248383  -0.00000000    -0.00031838  -0.00000000
  0.00002993   0.00000000    -0.00022144  -0.00000000    -0.00103987  -0.00000000
    1   14
  0.00363269  -0.00000000     0.00509313  -0.00000000     0.00002127  -0.00000000
  0.00021170  -0.00000000    -0.00248383   0.00000000     0.00031838  -0.00000000
 -0.00002993   0.00000000     0.00022144  -0.00000000    -0.00103987   0.00000000
    1   15
 -0.00279158  -0.00000000    -0.00113986  -0.00000000    -0.00225228  -0.00000000
  0.00025808   0.00000000    -0.00617265  -0.00000000     0.00180789   0.00000000
  0.00090235   0.00000000    -0.00039297  -0.00000000     0.00241364   0.00000000
    1   16
 -0.00279158   0.00000000    -0.00113986   0.00000000     0.00225228  -0.00000000
  0.00025808  -0.00000000    -0.00617265   0.00000000    -0.00180789   0.00000000
 -0.00090235   0.00000000     0.00039297  -0.00000000     0.00241364  -0.00000000
    1   17
 -0.00353257  -0.00000000    -0.00145138  -0.00000000     0.00119501   0.00000000
 -0.00387812  -0.00000000    -0.00232831  -0.00000000    -0.00110530  -0.00000000
  0.00198992   0.00000000     0.00058833   0.00000000    -0.00317621  -0.00000000
    1   18
 -0.00353257   0.00000000    -0.00145138   0.00000000    -0.00119501   0.00000000
 -0.00387812   0.00000000    -0.00232831   0.00000000     0.00110530  -0.00000000
 -0.00198992   0.00000000    -0.00058833   0.00000000    -0.00317621   0.00000000
    1   19
 -0.00259221  -0.00000000    -0.00111961  -0.00000000    -0.00205529  -0.00000000
  0.00038996   0.00000000    -0.00605703  -0.00000000     0.00215550   0.00000000
  0.00086957   0.00000000    -0.00052950  -0.00000000     0.00256206   0.00000000
    1   20
 -0.00259221  -0.00000000    -0.00111961  -0.00000000     0.00205529   0.00000000
  0.00038996   0.00000000    -0.00605703  -0.00000000    -0.00215550  -0.00000000
 -0.00086957  -0.00000000     0.00052950   0.00000000     0.00256206   0.00000000
    1   21
 -0.00353380   0.00000000    -0.00145211   0.00000000     0.00089256  -0.00000000
 -0.00384104   0.00000000    -0.00222170   0.00000000    -0.00141801   0.00000000
  0.00195232  -0.00000000     0.00056139  -0.00000000    -0.00326231   0.00000000
    1   22
 -0.00353380  -0.00000000    -0.00145211  -0.00000000    -0.00089256  -0.00000000
 -0.00384104  -0.00000000    -0.00222170  -0.00000000     0.00141801   0.00000000
 -0.00195232  -0.00000000    -0.00056139  -0.00000000    -0.00326231  -0.00000000
    2    1
  0.00000000   0.00000000     0.00000000  -0.00000000    -0.00024294   0.00000000
  0.00000000  -0.00000000     0.00000000   0.00000000     0.00097397  -0.00000000
  0.00024294  -0.00000000     0.00097397  -0.00000000     0.00000000   0.00000000
    2    2
  0.07078090   0.00000000     0.00222536   0.00000000     0.00000000   0.00000000
  0.00222536   0.00000000     0.10955610   0.00000000     0.00000000   0.00000000
  0.00000000   0.00000000     0.00000000   0.00000000     0.06868123   0.00000000
    2    3
 -0.01172926   0.00000000     0.00996837  -0.00000000     0.00031556  -0.00000000
  0.00328354  -0.00000000    -0.00409562   0.00000000    -0.00028193   0.00000000
  0.00035328  -0.00000000    -0.00080877   0.00000000     0.00507717  -0.00000000
    2    4
  0.01172926  -0.00000000    -0.00996837   0.00000000     0.00031556  -0.00000000
 -0.00328354   0.00000000     0.00409562  -0.00000000    -0.00028193   0.00000000
  0.00035328  -0.00000000    -0.00080877   0.00000000    -0.00507717   0.00000000
    2    5
  0.00125587  -0.00000000    -0.01276370   0.00000000     0.00018411  -0.00000000
 -0.01212856   0.00000000    -0.00895030   0.00000000     0.00009646  -0.00000000
  0.00150124  -0.00000000     0.00034028  -0.00000000    -0.02671393   0.00000000
    2    6
 -0.00125587   0.00000000     0.01276370  -0.00000000     0.00018411  -0.00000000
  0.01212856  -0.00000000     0.00895030  -0.00000000     0.00009646  -0.00000000
  0.00150124  -0.00000000     0.00034028  -0.00000000     0.02671393  -0.00000000
    2    7
  0.00455734  -0.00000000    -0.00248474   0.00000000    -0.00015471   0.00000000
 -0.00189608   0.00000000    -0.00187968   0.00000000     0.00013697  -0.00000000
 -0.00011803   0.00000000    -0.00005894   0.00000000    -0.00161134   0.00000000
    2    8
 -0.00455734   0.00000000     0.00248474  -0.00000000    -0.00015471   0.00000000
  0.00189608  -0.00000000     0.00187968  -0.00000000     0.00013697  -0.00000000
 -0.00011803   0.00000000    -0.00005894   0.00000000     0.00161134  -0.00000000
    2    9
 -0.00715199   0.00000000     0.00437784  -0.00000000     0.00007392  -0.00000000
 -0.00264904   0.00000000    -0.00859376   0.00000000    -0.00010924   0.00000000
 -0.00005369   0.00000000     0.00002439  -0.00000000    -0.00540500   0.00000000
    2   10
  0.00715199  -0.00000000    -0.00437784   0.00000000     0.00007392  -0.00000000
  0.00264904  -0.00000000     0.00859376  -0.00000000    -0.00010924   0.00000000
 -0.00005369   0.00000000     0.00002439  -0.00000000     0.00540500  -0.00000000
    2   11
  0.00363269   0.00000000    -0.00509313  -0.00000000     0.00002127   0.00000000
 -0.00021170  -0.00000000    -0.00248383  -0.00000000    -0.00031838  -0.00000000
 -0.00002993  -0.00000000    -0.00022144  -0.00000000    -0.00103987  -0.00000000
    2   12
 -0.00363269   0.00000000     0.00509313  -0.00000000     0.00002127  -0.00000000
  0.00021170  -0.00000000     0.00248383  -0.00000000    -0.00031838   0.00000000
 -0.00002993   0.00000000    -0.00022144   0.00000000     0.00103987  -0.00000000
    2   13
 -0.00646020   0.00000000    -0.00001416   0.00000000    -0.00005495   0.00000000
  0.00543088  -0.00000000    -0.01155179   0.00000000    -0.00006667   0.00000000
  0.00011057  -0.00000000     0.00003497  -0.00000000    -0.00347766   0.00000000
    2   14
  0.00646020  -0.00000000     0.00001416  -0.00000000    -0.00005495   0.00000000
 -0.00543088   0.00000000     0.01155179  -0.00000000    -0.00006667   0.00000000
  0.00011057  -0.00000000     0.00003497  -0.00000000     0.00347766  -0.00000000
    2   15
 -0.00353257   0.00000000     0.00145138  -0.00000000    -0.00119501   0.00000000
  0.00387812  -0.00000000    -0.00232831   0.00000000    -0.00110530   0.00000000
 -0.00198992   0.00000000     0.00058833  -0.00000000    -0.00317621   0.00000000
    2   16
  0.00353257  -0.00000000    -0.00145138   0.00000000    -0.00119501   0.00000000
 -0.00387812   0.00000000     0.00232831  -0.00000000    -0.00110530   0.00000000
 -0.00198992   0.00000000     0.00058833  -0.00000000     0.00317621  -0.00000000
    2   17
 -0.00279158   0.00000000     0.00113986  -0.00000000     0.00225228  -0.00000000
 -0.00025808   0.00000000    -0.00617265   0.00000000     0.00180789  -0.00000000
 -0.00090235   0.00000000    -0.00039297   0.00000000     0.00241364  -0.00000000
    2   18
  0.00279158  -0.00000000    -0.00113986   0.00000000     0.00225228  -0.00000000
  0.00025808  -0.00000000     0.00617265  -0.00000000     0.00180789  -0.00000000
 -0.00090235   0.00000000    -0.00039297   0.00000000    -0.00241364   0.00000000
    2   19
  0.00353380  -0.00000000    -0.00145211   0.00000000     0.00089256  -0.00000000
 -0.00384104   0.00000000     0.00222170  -0.00000000     0.00141801  -0.00000000
  0.00195232  -0.00000000    -0.00056139   0.00000000     0.00326231  -0.00000000
    2   20
 -0.00353380  -0.00000000     0.00145211   0.00000000     0.00089256   0.00000000
  0.00384104   0.00000000    -0.00222170  -0.00000000     0.00141801   0.00000000
  0.00195232   0.00000000    -0.00056139  -0.00000000    -0.00326231  -0.00000000
    2   21
  0.00259221  -0.00000000    -0.00111961   0.00000000    -0.00205529   0.00000000
  0.00038996  -0.00000000     0.00605703  -0.00000000    -0.00215550   0.00000000
  0.00086957  -0.00000000     0.00052950  -0.00000000    -0.00256206   0.00000000
    2   22
 -0.00259221   0.00000000     0.00111961  -0.00000000    -0.00205529   0.00000000
 -0.00038996   0.00000000    -0.00605703   0.00000000    -0.00215550   0.00000000
  0.00086957  -0.00000000     0.00052950  -0.00000000     0.00256206  -0.00000000
    3    1
  0.00125587  -0.00000000     0.01212856  -0.00000000    -0.00150124   0.00000000
  0.01276370  -0.00000000    -0.00895030   0.00000000     0.00034028  -0.00000000
 -0.00018411   0.00000000     0.00009646  -0.00000000    -0.02671393   0.00000000
    3    2
 -0.01172926  -0.00000000     0.00328354   0.00000000     0.00035328   0.00000000
  0.00996837   0.00000000    -0.00409562  -0.00000000    -0.00080877  -0.00000000
  0.00031556   0.00000000    -0.00028193  -0.00000000     0.00507717   0.00000000
    3    3
  0.59233019   0.00000000    -0.01842250   0.00000000    -0.00009030   0.00000000
 -0.01842250   0.00000000     0.59622771   0.00000000     0.00003510   0.00000000
 -0.00009030   0.00000000     0.00003510   0.00000000     0.65008733   0.00000000
    3    4
  0.00105576  -0.00000000     0.00151902  -0.00000000     0.00004388  -0.00000000
  0.00151902  -0.00000000    -0.00087062   0.00000000     0.00013560  -0.00000000
 -0.00004388   0.00000000    -0.00013560   0.00000000    -0.00150118   0.00000000
    3    5
  0.00157286   0.00000000    -0.00021582  -0.00000000    -0.00022940  -0.00000000
  0.00021582   0.00000000     0.00058140   0.00000000     0.00024332   0.00000000
  0.00022940   0.00000000     0.00024332   0.00000000     0.00098849   0.00000000
    3    6
 -0.00000000  -0.00000000    -0.00054336  -0.00000000    -0.00012503  -0.00000000
 -0.00054336  -0.00000000    -0.00000000  -0.00000000     0.00004024   0.00000000
  0.00012503   0.00000000     0.00004024   0.00000000    -0.00000000  -0.00000000
    3    7
 -0.33985699  -0.00000000     0.01475259   0.00000000     0.00011770   0.00000000
  0.01174019   0.00000000    -0.04848360  -0.00000000     0.00000440   0.00000000
 -0.00008291  -0.00000000     0.00002183   0.00000000    -0.04991474  -0.00000000
    3    8
 -0.00036940   0.00000000    -0.00055474   0.00000000     0.00015515  -0.00000000
  0.00069247  -0.00000000    -0.00063420   0.00000000     0.00002903  -0.00000000
  0.00013551  -0.00000000    -0.00003064   0.00000000    -0.00076863   0.00000000
    3    9
 -0.00166118  -0.00000000     0.00031896   0.00000000    -0.00003896  -0.00000000
 -0.00116367  -0.00000000     0.00027088   0.00000000     0.00015978   0.00000000
  0.00002580   0.00000000     0.00006312   0.00000000    -0.00200926  -0.00000000
    3   10
 -0.00019484   0.00000000     0.00060730  -0.00000000    -0.00005210   0.00000000
  0.00021767  -0.00000000     0.00014998  -0.00000000    -0.00010614   0.00000000
 -0.00006652   0.00000000     0.00001685  -0.00000000    -0.00022479   0.00000000
    3   11
 -0.09643586  -0.00000000    -0.10419577  -0.00000000     0.00007272   0.00000000
 -0.10225275  -0.00000000    -0.28615803  -0.00000000    -0.00009806  -0.00000000
 -0.00001280  -0.00000000     0.00008227   0.00000000    -0.05315935  -0.00000000
    3   12
 -0.00052464   0.00000000    -0.00097001   0.00000000     0.00009135  -0.00000000
 -0.00046480   0.00000000    -0.00129104   0.00000000    -0.00002816   0.00000000
 -0.00006262   0.00000000    -0.00014377   0.00000000    -0.00055594   0.00000000
    3   13
 -0.00067101  -0.00000000     0.00023724   0.00000000    -0.00009048  -0.00000000
 -0.00100199  -0.00000000     0.00073669   0.00000000    -0.00001576  -0.00000000
  0.00003766   0.00000000     0.00008699   0.00000000     0.00017434   0.00000000
    3   14
 -0.00007528   0.00000000     0.00072804  -0.00000000     0.00003058  -0.00000000
 -0.00058159   0.00000000     0.00274691  -0.00000000    -0.00002259   0.00000000
  0.00007556  -0.00000000    -0.00010863   0.00000000     0.00056405  -0.00000000
    3   15
 -0.07120822  -0.00000000     0.04527466   0.00000000     0.06827231   0.00000000
  0.04548336   0.00000000    -0.12077176  -0.00000000    -0.11951666  -0.00000000
  0.06817393   0.00000000    -0.11919473  -0.00000000    -0.25892006  -0.00000000
    3   16
 -0.00057793   0.00000000    -0.00031757   0.00000000     0.00007466  -0.00000000
  0.00017710  -0.00000000    -0.00088206   0.00000000    -0.00022987   0.00000000
 -0.00020354   0.00000000     0.00036136  -0.00000000    -0.00039280   0.00000000
    3   17
 -0.00074000  -0.00000000    -0.00006942  -0.00000000    -0.00089054  -0.00000000
 -0.00089827  -0.00000000    -0.00028913  -0.00000000    -0.00048942  -0.00000000
 -0.00000328  -0.00000000    -0.00013881  -0.00000000    -0.00071119  -0.00000000
    3   18
 -0.00062631   0.00000000    -0.00061374   0.00000000     0.00054434  -0.00000000
 -0.00020205   0.00000000    -0.00091890   0.00000000     0.00081927  -0.00000000
  0.00004253  -0.00000000     0.00083555  -0.00000000    -0.00088640   0.00000000
    3   19
 -0.00052516  -0.00000000    -0.00033372  -0.00000000     0.00017718   0.00000000
  0.00011981   0.00000000    -0.00085333  -0.00000000     0.00012307   0.00000000
  0.00014319   0.00000000    -0.00021628  -0.00000000    -0.00014600  -0.00000000
    3   20
 -0.07122687  -0.00000000     0.04531186   0.00000000    -0.06822838  -0.00000000
  0.04556188   0.00000000    -0.12082355  -0.00000000     0.11936741   0.00000000
 -0.06828287  -0.00000000     0.11910935   0.00000000    -0.25884265  -0.00000000
    3   21
 -0.00065549   0.00000000    -0.00069060   0.00000000    -0.00077790   0.00000000
 -0.00024566   0.00000000    -0.00084169   0.00000000    -0.00081438   0.00000000
  0.00000152  -0.00000000    -0.00068544   0.00000000    -0.00075354   0.00000000
    3   22
 -0.00076950   0.00000000    -0.00004678   0.00000000     0.00092447  -0.00000000
 -0.00094701   0.00000000    -0.00022628   0.00000000     0.00052420  -0.00000000
  0.00004202  -0.00000000     0.00020127  -0.00000000    -0.00069077   0.00000000
    4    1
  0.00125587   0.00000000     0.01212856   0.00000000     0.00150124   0.00000000
  0.01276370   0.00000000    -0.00895030  -0.00000000    -0.00034028  -0.00000000
  0.00018411   0.00000000    -0.00009646  -0.00000000    -0.02671393  -0.00000000
    4    2
  0.01172926   0.00000000    -0.00328354  -0.00000000     0.00035328   0.00000000
 -0.00996837  -0.00000000     0.00409562   0.00000000    -0.00080877  -0.00000000
  0.00031556   0.00000000    -0.00028193  -0.00000000    -0.00507717  -0.00000000
    4    3
  0.00105576   0.00000000     0.00151902   0.00000000    -0.00004388  -0.00000000
  0.00151902   0.00000000    -0.00087062  -0.00000000    -0.00013560  -0.00000000
  0.00004388   0.00000000     0.00013560   0.00000000    -0.00150118  -0.00000000
    4    4
  0.59233019   0.00000000    -0.01842250   0.00000000     0.00009030   0.00000000
 -0.01842250   0.00000000     0.59622771   0.00000000    -0.00003510   0.00000000
  0.00009030   0.00000000    -0.00003510   0.00000000     0.65008733   0.00000000
    4    5
 -0.00000000  -0.00000000    -0.00054336  -0.00000000     0.00012503   0.00000000
 -0.00054336  -0.00000000    -0.00000000  -0.00000000    -0.00004024  -0.00000000
 -0.00012503  -0.00000000    -0.00004024  -0.00000000    -0.00000000  -0.00000000
    4    6
  0.00157286   0.00000000    -0.00021582  -0.00000000     0.00022940   0.00000000
  0.00021582   0.00000000     0.00058140   0.00000000    -0.00024332  -0.00000000
 -0.00022940  -0.00000000    -0.00024332  -0.00000000     0.00098849   0.00000000
    4    7
 -0.00036940  -0.00000000    -0.00055474  -0.00000000    -0.00015515  -0.00000000
  0.00069247   0.00000000    -0.00063420  -0.00000000    -0.00002903  -0.00000000
 -0.00013551  -0.00000000     0.00003064   0.00000000    -0.00076863  -0.00000000
    4    8
 -0.33985699   0.00000000     0.01475259  -0.00000000    -0.00011770   0.00000000
  0.01174019  -0.00000000    -0.04848360   0.00000000    -0.00000440   0.00000000
  0.00008291  -0.00000000    -0.00002183   0.00000000    -0.04991474   0.00000000
    4    9
 -0.00019484  -0.00000000     0.00060730   0.00000000     0.00005210   0.00000000
  0.00021767   0.00000000     0.00014998   0.00000000     0.00010614   0.00000000
  0.00006652   0.00000000    -0.00001685  -0.00000000    -0.00022479  -0.00000000
    4   10
 -0.00166118   0.00000000     0.00031896  -0.00000000     0.00003896  -0.00000000
 -0.00116367   0.00000000     0.00027088  -0.00000000    -0.00015978   0.00000000
 -0.00002580   0.00000000    -0.00006312   0.00000000    -0.00200926   0.00000000
    4   11
 -0.00052464  -0.00000000    -0.00097001  -0.00000000    -0.00009135  -0.00000000
 -0.00046480  -0.00000000    -0.00129104  -0.00000000     0.00002816   0.00000000
  0.00006262   0.00000000     0.00014377   0.00000000    -0.00055594  -0.00000000
    4   12
 -0.09643586   0.00000000    -0.10419577   0.00000000    -0.00007272   0.00000000
 -0.10225275   0.00000000    -0.28615803   0.00000000     0.00009806  -0.00000000
  0.00001280  -0.00000000    -0.00008227   0.00000000    -0.05315935   0.00000000
    4   13
 -0.00007528  -0.00000000     0.00072804   0.00000000    -0.00003058  -0.00000000
 -0.00058159  -0.00000000     0.00274691   0.00000000     0.00002259   0.00000000
 -0.00007556  -0.00000000     0.00010863   0.00000000     0.00056405   0.00000000
    4   14
 -0.00067101   0.00000000     0.00023724  -0.00000000     0.00009048  -0.00000000
 -0.00100199   0.00000000     0.00073669  -0.00000000     0.00001576  -0.00000000
 -0.00003766   0.00000000    -0.00008699   0.00000000     0.00017434  -0.00000000
    4   15
 -0.00057793  -0.00000000    -0.00031757  -0.00000000    -0.00007466  -0.00000000
  0.00017710   0.00000000    -0.00088206  -0.00000000     0.00022987   0.00000000
  0.00020354   0.00000000    -0.00036136  -0.00000000    -0.00039280  -0.00000000
    4   16
 -0.07120822   0.00000000     0.04527466  -0.00000000    -0.06827231   0.00000000
  0.04548336  -0.00000000    -0.12077176   0.00000000     0.11951666  -0.00000000
 -0.06817393   0.00000000     0.11919473  -0.00000000    -0.25892006   0.00000000
    4   17
 -0.00062631  -0.00000000    -0.00061374  -0.00000000    -0.00054434  -0.00000000
 -0.00020205  -0.00000000    -0.00091890  -0.00000000    -0.00081927  -0.00000000
 -0.00004253  -0.00000000    -0.00083555  -0.00000000    -0.00088640  -0.00000000
    4   18
 -0.00074000   0.00000000    -0.00006942   0.00000000     0.00089054  -0.00000000
 -0.00089827   0.00000000    -0.00028913   0.00000000     0.00048942  -0.00000000
  0.00000328  -0.00000000     0.00013881  -0.00000000    -0.00071119   0.00000000
    4   19
 -0.07122687  -0.00000000     0.04531186   0.00000000     0.06822838   0.00000000
  0.04556188   0.00000000    -0.12082355  -0.00000000    -0.11936741  -0.00000000
  0.06828287   0.00000000    -0.11910935  -0.00000000    -0.25884265  -0.00000000
    4   20
 -0.00052516  -0.00000000    -0.00033372  -0.00000000    -0.00017718  -0.00000000
  0.00011981   0.00000000    -0.00085333  -0.00000000    -0.00012307  -0.00000000
 -0.00014319  -0.00000000     0.00021628   0.00000000    -0.00014600  -0.00000000
    4   21
 -0.00076950   0.00000000    -0.00004678   0.00000000    -0.00092447   0.00000000
 -0.00094701   0.00000000    -0.00022628   0.00000000    -0.00052420   0.00000000
 -0.00004202   0.00000000    -0.00020127   0.00000000    -0.00069077   0.00000000
    4   22
 -0.00065549  -0.00000000    -0.00069060  -0.00000000     0.00077790   0.00000000
 -0.00024566  -0.00000000    -0.00084169  -0.00000000     0.00081438   0.00000000
 -0.00000152  -0.00000000     0.00068544   0.00000000    -0.00075354  -0.00000000
    5    1
 -0.01172926   0.00000000    -0.00328354   0.00000000    -0.00035328   0.00000000
 -0.00996837   0.00000000    -0.00409562   0.00000000    -0.00080877   0.00000000
 -0.00031556   0.00000000    -0.00028193   0.00000000     0.00507717  -0.00000000
    5    2
  0.00125587   0.00000000    -0.01212856  -0.00000000     0.00150124   0.00000000
 -0.01276370  -0.00000000    -0.00895030  -0.00000000     0.00034028   0.00000000
  0.00018411   0.00000000     0.00009646   0.00000000    -0.02671393  -0.00000000
    5    3
  0.00157286  -0.00000000     0.00021582  -0.00000000     0.00022940  -0.00000000
 -0.00021582   0.00000000     0.00058140  -0.00000000     0.00024332  -0.00000000
 -0.00022940   0.00000000     0.00024332  -0.00000000     0.00098849  -0.00000000
    5    4
  0.00000000  -0.00000000    -0.00054336   0.00000000    -0.00012503   0.00000000
 -0.00054336   0.00000000     0.00000000  -0.00000000    -0.00004024   0.00000000
  0.00012503  -0.00000000    -0.00004024   0.00000000     0.00000000  -0.00000000
    5    5
  0.59233019   0.00000000     0.01842250   0.00000000     0.00009030   0.00000000
  0.01842250   0.00000000     0.59622771   0.00000000     0.00003510   0.00000000
  0.00009030   0.00000000     0.00003510   0.00000000     0.65008733   0.00000000
    5    6
 -0.00105576   0.00000000     0.00151902  -0.00000000     0.00004388  -0.00000000
  0.00151902  -0.00000000     0.00087062  -0.00000000    -0.00013560   0.00000000
 -0.00004388   0.00000000     0.00013560  -0.00000000     0.00150118  -0.00000000
    5    7
 -0.00166118   0.00000000    -0.00031896   0.00000000     0.00003896  -0.00000000
  0.00116367  -0.00000000     0.00027088  -0.00000000     0.00015978  -0.00000000
 -0.00002580   0.00000000     0.00006312  -0.00000000    -0.00200926   0.00000000
    5    8
  0.00019484  -0.00000000     0.00060730  -0.00000000    -0.00005210   0.00000000
  0.00021767  -0.00000000    -0.00014998   0.00000000     0.00010614  -0.00000000
 -0.00006652   0.00000000    -0.00001685   0.00000000     0.00022479  -0.00000000
    5    9
 -0.33985699   0.00000000    -0.01475259   0.00000000    -0.00011770   0.00000000
 -0.01174019   0.00000000    -0.04848360   0.00000000     0.00000440  -0.00000000
  0.00008291  -0.00000000     0.00002183  -0.00000000    -0.04991474   0.00000000
    5   10
  0.00036940  -0.00000000    -0.00055474   0.00000000     0.00015515  -0.00000000
  0.00069247  -0.00000000     0.00063420  -0.00000000    -0.00002903   0.00000000
  0.00013551  -0.00000000     0.00003064  -0.00000000     0.00076863  -0.00000000
    5   11
 -0.00067101  -0.00000000    -0.00023724  -0.00000000     0.00009048   0.00000000
  0.00100199   0.00000000     0.00073669   0.00000000    -0.00001576  -0.00000000
 -0.00003766  -0.00000000     0.00008699   0.00000000     0.00017434   0.00000000
    5   12
  0.00007528  -0.00000000     0.00072804  -0.00000000     0.00003058  -0.00000000
 -0.00058159   0.00000000    -0.00274691   0.00000000     0.00002259  -0.00000000
  0.00007556  -0.00000000     0.00010863  -0.00000000    -0.00056405   0.00000000
    5   13
 -0.09643586   0.00000000     0.10419577  -0.00000000    -0.00007272   0.00000000
  0.10225275  -0.00000000    -0.28615803   0.00000000    -0.00009806   0.00000000
  0.00001280  -0.00000000     0.00008227  -0.00000000    -0.05315935   0.00000000
    5   14
  0.00052464  -0.00000000    -0.00097001   0.00000000     0.00009135  -0.00000000
 -0.00046480   0.00000000     0.00129104  -0.00000000     0.00002816  -0.00000000
 -0.00006262   0.00000000     0.00014377  -0.00000000     0.00055594  -0.00000000
    5   15
 -0.00074000   0.00000000     0.00006942  -0.00000000     0.00089054  -0.00000000
  0.00089827  -0.00000000    -0.00028913   0.00000000    -0.00048942   0.00000000
  0.00000328  -0.00000000    -0.00013881   0.00000000    -0.00071119   0.00000000
    5   16
  0.00062631  -0.00000000    -0.00061374   0.00000000     0.00054434  -0.00000000
 -0.00020205   0.00000000     0.00091890  -0.00000000    -0.00081927   0.00000000
  0.00004253  -0.00000000    -0.00083555   0.00000000     0.00088640  -0.00000000
    5   17
 -0.07120822   0.00000000    -0.04527466   0.00000000    -0.06827231   0.00000000
 -0.04548336   0.00000000    -0.12077176   0.00000000    -0.11951666   0.00000000
 -0.06817393   0.00000000    -0.11919473   0.00000000    -0.25892006   0.00000000
    5   18
  0.00057793  -0.00000000    -0.00031757   0.00000000     0.00007466  -0.00000000
  0.00017710  -0.00000000     0.00088206  -0.00000000     0.00022987  -0.00000000
 -0.00020354   0.00000000    -0.00036136   0.00000000     0.00039280  -0.00000000
    5   19
  0.00065549  -0.00000000    -0.00069060   0.00000000    -0.00077790   0.00000000
 -0.00024566   0.00000000     0.00084169  -0.00000000     0.00081438  -0.00000000
  0.00000152  -0.00000000     0.00068544  -0.00000000     0.00075354  -0.00000000
    5   20
 -0.00076950  -0.00000000     0.00004678   0.00000000    -0.00092447  -0.00000000
  0.00094701   0.00000000    -0.00022628  -0.00000000     0.00052420   0.00000000
 -0.00004202  -0.00000000     0.00020127   0.00000000    -0.00069077  -0.00000000
    5   21
  0.00052516  -0.00000000    -0.00033372   0.00000000     0.00017718  -0.00000000
  0.00011981  -0.00000000     0.00085333  -0.00000000    -0.00012307   0.00000000
  0.00014319  -0.00000000     0.00021628  -0.00000000     0.00014600  -0.00000000
    5   22
 -0.07122687   0.00000000    -0.04531186   0.00000000     0.06822838  -0.00000000
 -0.04556188   0.00000000    -0.12082355   0.00000000     0.11936741  -0.00000000
  0.06828287  -0.00000000     0.11910935  -0.00000000    -0.25884265   0.00000000
    6    1
 -0.01172926   0.00000000    -0.00328354   0.00000000     0.00035328  -0.00000000
 -0.00996837   0.00000000    -0.00409562   0.00000000     0.00080877  -0.00000000
  0.00031556  -0.00000000     0.00028193  -0.00000000     0.00507717  -0.00000000
    6    2
 -0.00125587  -0.00000000     0.01212856   0.00000000     0.00150124   0.00000000
  0.01276370   0.00000000     0.00895030   0.00000000     0.00034028   0.00000000
  0.00018411   0.00000000     0.00009646   0.00000000     0.02671393   0.00000000
    6    3
  0.00000000  -0.00000000    -0.00054336   0.00000000     0.00012503  -0.00000000
 -0.00054336   0.00000000     0.00000000  -0.00000000     0.00004024  -0.00000000
 -0.00012503   0.00000000     0.00004024  -0.00000000     0.00000000  -0.00000000
    6    4
  0.00157286  -0.00000000     0.00021582  -0.00000000    -0.00022940   0.00000000
 -0.00021582   0.00000000     0.00058140  -0.00000000    -0.00024332   0.00000000
  0.00022940  -0.00000000    -0.00024332   0.00000000     0.00098849  -0.00000000
    6    5
 -0.00105576  -0.00000000     0.00151902   0.00000000    -0.00004388  -0.00000000
  0.00151902   0.00000000     0.00087062   0.00000000     0.00013560   0.00000000
  0.00004388   0.00000000    -0.00013560  -0.00000000     0.00150118   0.00000000
    6    6
  0.59233019   0.00000000     0.01842250   0.00000000    -0.00009030   0.00000000
  0.01842250   0.00000000     0.59622771   0.00000000    -0.00003510   0.00000000
 -0.00009030   0.00000000    -0.00003510   0.00000000     0.65008733   0.00000000
    6    7
  0.00019484  -0.00000000     0.00060730  -0.00000000     0.00005210  -0.00000000
  0.00021767  -0.00000000    -0.00014998   0.00000000    -0.00010614   0.00000000
  0.00006652  -0.00000000     0.00001685  -0.00000000     0.00022479  -0.00000000
    6    8
 -0.00166118   0.00000000    -0.00031896   0.00000000    -0.00003896   0.00000000
  0.00116367  -0.00000000     0.00027088  -0.00000000    -0.00015978   0.00000000
  0.00002580  -0.00000000    -0.00006312   0.00000000    -0.00200926   0.00000000
    6    9
  0.00036940  -0.00000000    -0.00055474   0.00000000    -0.00015515   0.00000000
  0.00069247  -0.00000000     0.00063420  -0.00000000     0.00002903  -0.00000000
 -0.00013551   0.00000000    -0.00003064   0.00000000     0.00076863  -0.00000000
    6   10
 -0.33985699   0.00000000    -0.01475259   0.00000000     0.00011770  -0.00000000
 -0.01174019   0.00000000    -0.04848360   0.00000000    -0.00000440   0.00000000
 -0.00008291   0.00000000    -0.00002183   0.00000000    -0.04991474   0.00000000
    6   11
  0.00007528  -0.00000000     0.00072804  -0.00000000    -0.00003058   0.00000000
 -0.00058159   0.00000000    -0.00274691   0.00000000    -0.00002259   0.00000000
 -0.00007556   0.00000000    -0.00010863   0.00000000    -0.00056405   0.00000000
    6   12
 -0.00067101   0.00000000    -0.00023724   0.00000000    -0.00009048   0.00000000
  0.00100199  -0.00000000     0.00073669  -0.00000000     0.00001576  -0.00000000
  0.00003766  -0.00000000    -0.00008699   0.00000000     0.00017434  -0.00000000
    6   13
  0.00052464  -0.00000000    -0.00097001   0.00000000    -0.00009135   0.00000000
 -0.00046480   0.00000000     0.00129104  -0.00000000    -0.00002816   0.00000000
  0.00006262  -0.00000000    -0.00014377   0.00000000     0.00055594  -0.00000000
    6   14
 -0.09643586   0.00000000     0.10419577  -0.00000000     0.00007272  -0.00000000
  0.10225275  -0.00000000    -0.28615803   0.00000000     0.00009806  -0.00000000
 -0.00001280   0.00000000    -0.00008227   0.00000000    -0.05315935   0.00000000
    6   15
  0.00062631  -0.00000000    -0.00061374   0.00000000    -0.00054434   0.00000000
 -0.00020205   0.00000000     0.00091890  -0.00000000     0.00081927  -0.00000000
 -0.00004253   0.00000000     0.00083555  -0.00000000     0.00088640  -0.00000000
    6   16
 -0.00074000   0.00000000     0.00006942  -0.00000000    -0.00089054   0.00000000
  0.00089827  -0.00000000    -0.00028913   0.00000000     0.00048942  -0.00000000
 -0.00000328   0.00000000     0.00013881  -0.00000000    -0.00071119   0.00000000
    6   17
  0.00057793  -0.00000000    -0.00031757   0.00000000    -0.00007466   0.00000000
  0.00017710  -0.00000000     0.00088206  -0.00000000    -0.00022987   0.00000000
  0.00020354  -0.00000000     0.00036136  -0.00000000     0.00039280  -0.00000000
    6   18
 -0.07120822   0.00000000    -0.04527466   0.00000000     0.06827231  -0.00000000
 -0.04548336   0.00000000    -0.12077176   0.00000000     0.11951666  -0.00000000
  0.06817393  -0.00000000     0.11919473  -0.00000000    -0.25892006   0.00000000
    6   19
 -0.00076950  -0.00000000     0.00004678   0.00000000     0.00092447   0.00000000
  0.00094701   0.00000000    -0.00022628  -0.00000000    -0.00052420  -0.00000000
  0.00004202   0.00000000    -0.00020127  -0.00000000    -0.00069077  -0.00000000
    6   20
  0.00065549   0.00000000    -0.00069060  -0.00000000     0.00077790   0.00000000
 -0.00024566  -0.00000000     0.00084169   0.00000000    -0.00081438  -0.00000000
 -0.00000152  -0.00000000    -0.00068544  -0.00000000     0.00075354   0.00000000
    6   21
 -0.07122687   0.00000000    -0.04531186   0.00000000    -0.06822838   0.00000000
 -0.04556188   0.00000000    -0.12082355   0.00000000    -0.11936741   0.00000000
 -0.06828287   0.00000000    -0.11910935   0.00000000    -0.25884265   0.00000000
    6   22
  0.00052516  -0.00000000    -0.00033372   0.00000000    -0.00017718   0.00000000
  0.00011981  -0.00000000     0.00085333  -0.00000000     0.00012307  -0.00000000
 -0.00014319   0.00000000    -0.00021628   0.00000000     0.00014600  -0.00000000
    7    1
 -0.00715199   0.00000000     0.00264904  -0.00000000     0.00005369  -0.00000000
 -0.00437784   0.00000000    -0.00859376   0.00000000     0.00002439  -0.00000000
 -0.00007392   0.00000000    -0.00010924   0.00000000    -0.00540500   0.00000000
    7    2
  0.00455734   0.00000000    -0.00189608  -0.00000000    -0.00011803  -0.00000000
 -0.00248474  -0.00000000    -0.00187968  -0.00000000    -0.00005894  -0.00000000
 -0.00015471  -0.00000000     0.00013697   0.00000000    -0.00161134  -0.00000000
    7    3
 -0.33985699   0.00000000     0.01174019  -0.00000000    -0.00008291   0.00000000
  0.01475259  -0.00000000    -0.04848360   0.00000000     0.00002183  -0.00000000
  0.00011770  -0.00000000     0.00000440  -0.00000000    -0.04991474   0.00000000
    7    4
 -0.00036940   0.00000000     0.00069247  -0.00000000    -0.00013551   0.00000000
 -0.00055474   0.00000000    -0.00063420   0.00000000     0.00003064  -0.00000000
 -0.00015515   0.00000000    -0.00002903   0.00000000    -0.00076863   0.00000000
    7    5
 -0.00166118  -0.00000000     0.00116367   0.00000000    -0.00002580  -0.00000000
 -0.00031896  -0.00000000     0.00027088   0.00000000     0.00006312   0.00000000
  0.00003896   0.00000000     0.00015978   0.00000000    -0.00200926  -0.00000000
    7    6
  0.00019484   0.00000000     0.00021767   0.00000000     0.00006652   0.00000000
  0.00060730   0.00000000    -0.00014998  -0.00000000     0.00001685   0.00000000
  0.00005210   0.00000000    -0.00010614  -0.00000000     0.00022479   0.00000000
    7    7
  0.38493482   0.00000000    -0.01545965   0.00000000    -0.00004103   0.00000000
 -0.01545965   0.00000000     0.05901199   0.00000000     0.00001363   0.00000000
 -0.00004103   0.00000000     0.00001363   0.00000000     0.06259105   0.00000000
    7    8
 -0.00013367   0.00000000    -0.00020282   0.00000000    -0.00003392   0.00000000
 -0.00020282   0.00000000     0.00046719  -0.00000000     0.00001807  -0.00000000
  0.00003392  -0.00000000    -0.00001807   0.00000000    -0.00012025   0.00000000
    7    9
 -0.00191998   0.00000000    -0.00072991   0.00000000     0.00002698   0.00000000
  0.00072991   0.00000000     0.00034553   0.00000000     0.00002839   0.00000000
 -0.00002698   0.00000000     0.00002839   0.00000000    -0.00020670   0.00000000
    7   10
  0.00000000   0.00000000    -0.00018198   0.00000000    -0.00007490   0.00000000
 -0.00018198   0.00000000     0.00000000   0.00000000    -0.00000854   0.00000000
  0.00007490  -0.00000000    -0.00000854   0.00000000     0.00000000   0.00000000
    7   11
 -0.01532250  -0.00000000     0.00015207   0.00000000     0.00000132   0.00000000
 -0.03286205  -0.00000000     0.00152088   0.00000000    -0.00002579  -0.00000000
  0.00002221   0.00000000     0.00001810   0.00000000    -0.00265548  -0.00000000
    7   12
  0.00011771  -0.00000000     0.00085255  -0.00000000    -0.00001627   0.00000000
  0.00075325  -0.00000000    -0.00020829   0.00000000    -0.00000534   0.00000000
 -0.00004389   0.00000000    -0.00004388   0.00000000    -0.00005141   0.00000000
    7   13
 -0.00041775  -0.00000000    -0.00024358  -0.00000000     0.00001401   0.00000000
  0.00009120   0.00000000     0.00074375   0.00000000    -0.00001666  -0.00000000
  0.00001153   0.00000000     0.00003627   0.00000000     0.00004463   0.00000000
    7   14
 -0.00011425   0.00000000    -0.00054706   0.00000000     0.00000392  -0.00000000
 -0.00013359   0.00000000    -0.00035463   0.00000000     0.00000489  -0.00000000
 -0.00000216   0.00000000     0.00001916  -0.00000000    -0.00033780   0.00000000
    7   15
 -0.00984360  -0.00000000     0.00023774   0.00000000     0.00066556   0.00000000
  0.01868268   0.00000000    -0.00131528  -0.00000000     0.00079103   0.00000000
  0.03034525   0.00000000    -0.00130101  -0.00000000     0.00009846   0.00000000
    7   16
  0.00003880  -0.00000000     0.00051580  -0.00000000     0.00010592  -0.00000000
 -0.00020902   0.00000000     0.00029470  -0.00000000    -0.00005296   0.00000000
 -0.00011447   0.00000000     0.00016261  -0.00000000     0.00004840  -0.00000000
    7   17
 -0.00127382  -0.00000000    -0.00066054  -0.00000000    -0.00076640  -0.00000000
  0.00036038   0.00000000     0.00059779   0.00000000     0.00002358   0.00000000
 -0.00047918  -0.00000000     0.00037096   0.00000000    -0.00009949  -0.00000000
    7   18
 -0.00009173   0.00000000    -0.00014008   0.00000000     0.00023902  -0.00000000
 -0.00015033   0.00000000    -0.00017230   0.00000000     0.00007250  -0.00000000
  0.00007695  -0.00000000    -0.00002711   0.00000000    -0.00003328   0.00000000
    7   19
  0.00010880   0.00000000     0.00052059   0.00000000     0.00004188   0.00000000
 -0.00023391  -0.00000000     0.00030340   0.00000000     0.00000496   0.00000000
  0.00004316   0.00000000    -0.00013188  -0.00000000     0.00010801   0.00000000
    7   20
 -0.00989210  -0.00000000     0.00023587   0.00000000    -0.00068196  -0.00000000
  0.01870802   0.00000000    -0.00132481  -0.00000000    -0.00082828  -0.00000000
 -0.03031967  -0.00000000     0.00127955   0.00000000     0.00013419   0.00000000
    7   21
 -0.00019072   0.00000000    -0.00015848   0.00000000    -0.00020248   0.00000000
 -0.00014950   0.00000000    -0.00015635   0.00000000    -0.00007116   0.00000000
 -0.00008338   0.00000000    -0.00005199   0.00000000    -0.00012805   0.00000000
    7   22
 -0.00128502   0.00000000    -0.00067307   0.00000000     0.00077536  -0.00000000
  0.00034667  -0.00000000     0.00061100  -0.00000000    -0.00002265   0.00000000
  0.00047611  -0.00000000    -0.00030296   0.00000000    -0.00009870   0.00000000
    8    1
 -0.00715199  -0.00000000     0.00264904   0.00000000    -0.00005369  -0.00000000
 -0.00437784  -0.00000000    -0.00859376  -0.00000000    -0.00002439  -0.00000000
  0.00007392   0.00000000     0.00010924   0.00000000    -0.00540500  -0.00000000
    8    2
 -0.00455734  -0.00000000     0.00189608   0.00000000    -0.00011803  -0.00000000
  0.00248474   0.00000000     0.00187968   0.00000000    -0.00005894  -0.00000000
 -0.00015471  -0.00000000     0.00013697   0.00000000     0.00161134   0.00000000
    8    3
 -0.00036940  -0.00000000     0.00069247   0.00000000     0.00013551   0.00000000
 -0.00055474  -0.00000000    -0.00063420  -0.00000000    -0.00003064  -0.00000000
  0.00015515   0.00000000     0.00002903   0.00000000    -0.00076863  -0.00000000
    8    4
 -0.33985699  -0.00000000     0.01174019   0.00000000     0.00008291   0.00000000
  0.01475259   0.00000000    -0.04848360  -0.00000000    -0.00002183  -0.00000000
 -0.00011770  -0.00000000    -0.00000440  -0.00000000    -0.04991474  -0.00000000
    8    5
  0.00019484   0.00000000     0.00021767   0.00000000    -0.00006652  -0.00000000
  0.00060730   0.00000000    -0.00014998  -0.00000000    -0.00001685  -0.00000000
 -0.00005210  -0.00000000     0.00010614   0.00000000     0.00022479   0.00000000
    8    6
 -0.00166118  -0.00000000     0.00116367   0.00000000     0.00002580   0.00000000
 -0.00031896  -0.00000000     0.00027088   0.00000000    -0.00006312  -0.00000000
 -0.00003896  -0.00000000    -0.00015978  -0.00000000    -0.00200926  -0.00000000
    8    7
 -0.00013367  -0.00000000    -0.00020282  -0.00000000     0.00003392   0.00000000
 -0.00020282  -0.00000000     0.00046719   0.00000000    -0.00001807  -0.00000000
 -0.00003392  -0.00000000     0.00001807   0.00000000    -0.00012025  -0.00000000
    8    8
  0.38493482   0.00000000    -0.01545965   0.00000000     0.00004103   0.00000000
 -0.01545965   0.00000000     0.05901199   0.00000000    -0.00001363   0.00000000
  0.00004103   0.00000000    -0.00001363   0.00000000     0.06259105   0.00000000
    8    9
  0.00000000   0.00000000    -0.00018198  -0.00000000     0.00007490   0.00000000
 -0.00018198  -0.00000000     0.00000000   0.00000000     0.00000854   0.00000000
 -0.00007490  -0.00000000     0.00000854   0.00000000     0.00000000   0.00000000
    8   10
 -0.00191998   0.00000000    -0.00072991   0.00000000    -0.00002698   0.00000000
  0.00072991   0.00000000     0.00034553   0.00000000    -0.00002839   0.00000000
  0.00002698   0.00000000    -0.00002839   0.00000000    -0.00020670   0.00000000
    8   11
  0.00011771   0.00000000     0.00085255   0.00000000     0.00001627   0.00000000
  0.00075325   0.00000000    -0.00020829  -0.00000000     0.00000534   0.00000000
  0.00004389   0.00000000     0.00004388   0.00000000    -0.00005141  -0.00000000
    8   12
 -0.01532250  -0.00000000     0.00015207   0.00000000    -0.00000132  -0.00000000
 -0.03286205  -0.00000000     0.00152088   0.00000000     0.00002579   0.00000000
 -0.00002221  -0.00000000    -0.00001810  -0.00000000    -0.00265548  -0.00000000
    8   13
 -0.00011425  -0.00000000    -0.00054706  -0.00000000    -0.00000392  -0.00000000
 -0.00013359  -0.00000000    -0.00035463  -0.00000000    -0.00000489  -0.00000000
  0.00000216   0.00000000    -0.00001916  -0.00000000    -0.00033780  -0.00000000
    8   14
 -0.00041775   0.00000000    -0.00024358   0.00000000    -0.00001401   0.00000000
  0.00009120  -0.00000000     0.00074375  -0.00000000     0.00001666  -0.00000000
 -0.00001153   0.00000000    -0.00003627   0.00000000     0.00004463  -0.00000000
    8   15
  0.00003880   0.00000000     0.00051580   0.00000000    -0.00010592  -0.00000000
 -0.00020902  -0.00000000     0.00029470   0.00000000     0.00005296   0.00000000
  0.00011447   0.00000000    -0.00016261  -0.00000000     0.00004840   0.00000000
    8   16
 -0.00984360   0.00000000     0.00023774   0.00000000    -0.00066556   0.00000000
  0.01868268   0.00000000    -0.00131528   0.00000000    -0.00079103   0.00000000
 -0.03034525   0.00000000     0.00130101   0.00000000     0.00009846   0.00000000
    8   17
 -0.00009173  -0.00000000    -0.00014008  -0.00000000    -0.00023902  -0.00000000
 -0.00015033  -0.00000000    -0.00017230  -0.00000000    -0.00007250  -0.00000000
 -0.00007695  -0.00000000     0.00002711   0.00000000    -0.00003328  -0.00000000
    8   18
 -0.00127382   0.00000000    -0.00066054   0.00000000     0.00076640  -0.00000000
  0.00036038  -0.00000000     0.00059779  -0.00000000    -0.00002358   0.00000000
  0.00047918  -0.00000000    -0.00037096   0.00000000    -0.00009949   0.00000000
    8   19
 -0.00989210  -0.00000000     0.00023587   0.00000000     0.00068196   0.00000000
  0.01870802   0.00000000    -0.00132481  -0.00000000     0.00082828   0.00000000
  0.03031967   0.00000000    -0.00127955  -0.00000000     0.00013419   0.00000000
    8   20
  0.00010880   0.00000000     0.00052059   0.00000000    -0.00004188  -0.00000000
 -0.00023391  -0.00000000     0.00030340   0.00000000    -0.00000496  -0.00000000
 -0.00004316  -0.00000000     0.00013188   0.00000000     0.00010801   0.00000000
    8   21
 -0.00128502  -0.00000000    -0.00067307  -0.00000000    -0.00077536  -0.00000000
  0.00034667   0.00000000     0.00061100   0.00000000     0.00002265   0.00000000
 -0.00047611  -0.00000000     0.00030296   0.00000000    -0.00009870  -0.00000000
    8   22
 -0.00019072  -0.00000000    -0.00015848  -0.00000000     0.00020248   0.00000000
 -0.00014950  -0.00000000    -0.00015635  -0.00000000     0.00007116   0.00000000
  0.00008338   0.00000000     0.00005199   0.00000000    -0.00012805  -0.00000000
    9    1
  0.00455734  -0.00000000     0.00189608  -0.00000000     0.00011803  -0.00000000
  0.00248474  -0.00000000    -0.00187968   0.00000000    -0.00005894   0.00000000
  0.00015471  -0.00000000     0.00013697  -0.00000000    -0.00161134   0.00000000
    9    2
 -0.00715199  -0.00000000    -0.00264904  -0.00000000    -0.00005369  -0.00000000
  0.00437784   0.00000000    -0.00859376  -0.00000000     0.00002439   0.00000000
  0.00007392   0.00000000    -0.00010924  -0.00000000    -0.00540500  -0.00000000
    9    3
 -0.00166118   0.00000000    -0.00116367   0.00000000     0.00002580  -0.00000000
  0.00031896  -0.00000000     0.00027088  -0.00000000     0.00006312  -0.00000000
 -0.00003896   0.00000000     0.00015978  -0.00000000    -0.00200926   0.00000000
    9    4
 -0.00019484   0.00000000     0.00021767  -0.00000000     0.00006652  -0.00000000
  0.00060730  -0.00000000     0.00014998  -0.00000000    -0.00001685   0.00000000
  0.00005210  -0.00000000     0.00010614  -0.00000000    -0.00022479   0.00000000
    9    5
 -0.33985699  -0.00000000    -0.01174019  -0.00000000     0.00008291   0.00000000
 -0.01475259  -0.00000000    -0.04848360  -0.00000000     0.00002183   0.00000000
 -0.00011770  -0.00000000     0.00000440   0.00000000    -0.04991474  -0.00000000
    9    6
  0.00036940   0.00000000     0.00069247   0.00000000    -0.00013551  -0.00000000
 -0.00055474  -0.00000000     0.00063420   0.00000000    -0.00003064  -0.00000000
 -0.00015515  -0.00000000     0.00002903   0.00000000     0.00076863   0.00000000
    9    7
 -0.00191998   0.00000000     0.00072991   0.00000000    -0.00002698   0.00000000
 -0.00072991   0.00000000     0.00034553   0.00000000     0.00002839   0.00000000
  0.00002698   0.00000000     0.00002839   0.00000000    -0.00020670   0.00000000
    9    8
  0.00000000   0.00000000    -0.00018198   0.00000000    -0.00007490   0.00000000
 -0.00018198   0.00000000     0.00000000   0.00000000     0.00000854  -0.00000000
  0.00007490  -0.00000000     0.00000854  -0.00000000     0.00000000   0.00000000
    9    9
  0.38493482   0.00000000     0.01545965   0.00000000     0.00004103   0.00000000
  0.01545965   0.00000000     0.05901199   0.00000000     0.00001363   0.00000000
  0.00004103   0.00000000     0.00001363   0.00000000     0.06259105   0.00000000
    9   10
  0.00013367  -0.00000000    -0.00020282   0.00000000    -0.00003392   0.00000000
 -0.00020282   0.00000000    -0.00046719   0.00000000    -0.00001807   0.00000000
  0.00003392  -0.00000000     0.00001807  -0.00000000     0.00012025  -0.00000000
    9   11
 -0.00041775  -0.00000000     0.00024358   0.00000000    -0.00001401  -0.00000000
 -0.00009120  -0.00000000     0.00074375   0.00000000    -0.00001666  -0.00000000
 -0.00001153  -0.00000000     0.00003627   0.00000000     0.00004463   0.00000000
    9   12
  0.00011425  -0.00000000    -0.00054706   0.00000000     0.00000392  -0.00000000
 -0.00013359   0.00000000     0.00035463  -0.00000000    -0.00000489   0.00000000
 -0.00000216   0.00000000    -0.00001916   0.00000000     0.00033780  -0.00000000
    9   13
 -0.01532250  -0.00000000    -0.00015207  -0.00000000    -0.00000132  -0.00000000
  0.03286205   0.00000000     0.00152088   0.00000000    -0.00002579  -0.00000000
 -0.00002221  -0.00000000     0.00001810   0.00000000    -0.00265548  -0.00000000
    9   14
 -0.00011771   0.00000000     0.00085255  -0.00000000    -0.00001627   0.00000000
  0.00075325  -0.00000000     0.00020829  -0.00000000     0.00000534  -0.00000000
 -0.00004389   0.00000000     0.00004388  -0.00000000     0.00005141  -0.00000000
    9   15
 -0.00127382  -0.00000000     0.00066054   0.00000000     0.00076640   0.00000000
 -0.00036038  -0.00000000     0.00059779   0.00000000     0.00002358   0.00000000
  0.00047918   0.00000000     0.00037096   0.00000000    -0.00009949  -0.00000000
    9   16
  0.00009173  -0.00000000    -0.00014008   0.00000000     0.00023902  -0.00000000
 -0.00015033   0.00000000     0.00017230  -0.00000000    -0.00007250   0.00000000
  0.00007695  -0.00000000     0.00002711  -0.00000000     0.00003328  -0.00000000
    9   17
 -0.00984360  -0.00000000    -0.00023774  -0.00000000    -0.00066556  -0.00000000
 -0.01868268  -0.00000000    -0.00131528  -0.00000000     0.00079103   0.00000000
 -0.03034525  -0.00000000    -0.00130101  -0.00000000     0.00009846   0.00000000
    9   18
 -0.00003880   0.00000000     0.00051580  -0.00000000     0.00010592  -0.00000000
 -0.00020902   0.00000000    -0.00029470   0.00000000     0.00005296  -0.00000000
 -0.00011447   0.00000000    -0.00016261   0.00000000    -0.00004840   0.00000000
    9   19
  0.00019072   0.00000000    -0.00015848  -0.00000000    -0.00020248  -0.00000000
 -0.00014950  -0.00000000     0.00015635   0.00000000     0.00007116   0.00000000
 -0.00008338  -0.00000000     0.00005199   0.00000000     0.00012805   0.00000000
    9   20
 -0.00128502  -0.00000000     0.00067307   0.00000000    -0.00077536  -0.00000000
 -0.00034667  -0.00000000     0.00061100   0.00000000    -0.00002265  -0.00000000
 -0.00047611  -0.00000000    -0.00030296  -0.00000000    -0.00009870  -0.00000000
    9   21
 -0.00010880   0.00000000     0.00052059  -0.00000000     0.00004188  -0.00000000
 -0.00023391   0.00000000    -0.00030340   0.00000000    -0.00000496   0.00000000
  0.00004316  -0.00000000     0.00013188  -0.00000000    -0.00010801   0.00000000
    9   22
 -0.00989210   0.00000000    -0.00023587   0.00000000     0.00068196  -0.00000000
 -0.01870802   0.00000000    -0.00132481   0.00000000    -0.00082828   0.00000000
  0.03031967  -0.00000000     0.00127955  -0.00000000     0.00013419  -0.00000000
   10    1
  0.00455734   0.00000000     0.00189608   0.00000000    -0.00011803  -0.00000000
  0.00248474   0.00000000    -0.00187968  -0.00000000     0.00005894   0.00000000
 -0.00015471  -0.00000000    -0.00013697  -0.00000000    -0.00161134  -0.00000000
   10    2
  0.00715199   0.00000000     0.00264904   0.00000000    -0.00005369  -0.00000000
 -0.00437784  -0.00000000     0.00859376   0.00000000     0.00002439   0.00000000
  0.00007392   0.00000000    -0.00010924  -0.00000000     0.00540500   0.00000000
   10    3
 -0.00019484  -0.00000000     0.00021767   0.00000000    -0.00006652  -0.00000000
  0.00060730   0.00000000     0.00014998   0.00000000     0.00001685   0.00000000
 -0.00005210  -0.00000000    -0.00010614  -0.00000000    -0.00022479  -0.00000000
   10    4
 -0.00166118  -0.00000000    -0.00116367  -0.00000000    -0.00002580  -0.00000000
  0.00031896   0.00000000     0.00027088   0.00000000    -0.00006312  -0.00000000
  0.00003896   0.00000000    -0.00015978  -0.00000000    -0.00200926  -0.00000000
   10    5
  0.00036940   0.00000000     0.00069247   0.00000000     0.00013551   0.00000000
 -0.00055474  -0.00000000     0.00063420   0.00000000     0.00003064   0.00000000
  0.00015515   0.00000000    -0.00002903  -0.00000000     0.00076863   0.00000000
   10    6
 -0.33985699  -0.00000000    -0.01174019  -0.00000000    -0.00008291  -0.00000000
 -0.01475259  -0.00000000    -0.04848360  -0.00000000    -0.00002183  -0.00000000
  0.00011770   0.00000000    -0.00000440  -0.00000000    -0.04991474  -0.00000000
   10    7
  0.00000000   0.00000000    -0.00018198  -0.00000000     0.00007490   0.00000000
 -0.00018198  -0.00000000     0.00000000   0.00000000    -0.00000854  -0.00000000
 -0.00007490  -0.00000000    -0.00000854  -0.00000000     0.00000000   0.00000000
   10    8
 -0.00191998   0.00000000     0.00072991   0.00000000     0.00002698   0.00000000
 -0.00072991   0.00000000     0.00034553   0.00000000    -0.00002839   0.00000000
 -0.00002698   0.00000000    -0.00002839   0.00000000    -0.00020670   0.00000000
   10    9
  0.00013367   0.00000000    -0.00020282  -0.00000000     0.00003392   0.00000000
 -0.00020282  -0.00000000    -0.00046719  -0.00000000     0.00001807   0.00000000
 -0.00003392  -0.00000000    -0.00001807  -0.00000000     0.00012025   0.00000000
   10   10
  0.38493482   0.00000000     0.01545965   0.00000000    -0.00004103   0.00000000
  0.01545965   0.00000000     0.05901199   0.00000000    -0.00001363   0.00000000
 -0.00004103   0.00000000    -0.00001363   0.00000000     0.06259105   0.00000000
   10   11
  0.00011425   0.00000000    -0.00054706  -0.00000000    -0.00000392  -0.00000000
 -0.00013359  -0.00000000     0.00035463   0.00000000     0.00000489   0.00000000
  0.00000216   0.00000000     0.00001916   0.00000000     0.00033780   0.00000000
   10   12
 -0.00041775  -0.00000000     0.00024358   0.00000000     0.00001401   0.00000000
 -0.00009120  -0.00000000     0.00074375   0.00000000     0.00001666   0.00000000
  0.00001153   0.00000000    -0.00003627  -0.00000000     0.00004463   0.00000000
   10   13
 -0.00011771  -0.00000000     0.00085255   0.00000000     0.00001627   0.00000000
  0.00075325   0.00000000     0.00020829   0.00000000    -0.00000534  -0.00000000
  0.00004389   0.00000000    -0.00004388  -0.00000000     0.00005141   0.00000000
   10   14
 -0.01532250   0.00000000    -0.00015207   0.00000000     0.00000132  -0.00000000
  0.03286205  -0.00000000     0.00152088  -0.00000000     0.00002579  -0.00000000
  0.00002221  -0.00000000    -0.00001810   0.00000000    -0.00265548   0.00000000
   10   15
  0.00009173   0.00000000    -0.00014008  -0.00000000    -0.00023902  -0.00000000
 -0.00015033  -0.00000000     0.00017230   0.00000000     0.00007250   0.00000000
 -0.00007695  -0.00000000    -0.00002711  -0.00000000     0.00003328   0.00000000
   10   16
 -0.00127382   0.00000000     0.00066054   0.00000000    -0.00076640   0.00000000
 -0.00036038   0.00000000     0.00059779   0.00000000    -0.00002358   0.00000000
 -0.00047918   0.00000000    -0.00037096   0.00000000    -0.00009949   0.00000000
   10   17
 -0.00003880  -0.00000000     0.00051580   0.00000000    -0.00010592  -0.00000000
 -0.00020902  -0.00000000    -0.00029470  -0.00000000    -0.00005296  -0.00000000
  0.00011447   0.00000000     0.00016261   0.00000000    -0.00004840  -0.00000000
   10   18
 -0.00984360   0.00000000    -0.00023774   0.00000000     0.00066556  -0.00000000
 -0.01868268   0.00000000    -0.00131528   0.00000000    -0.00079103   0.00000000
  0.03034525  -0.00000000     0.00130101  -0.00000000     0.00009846  -0.00000000
   10   19
 -0.00128502  -0.00000000     0.00067307   0.00000000     0.00077536   0.00000000
 -0.00034667  -0.00000000     0.00061100   0.00000000     0.00002265   0.00000000
  0.00047611   0.00000000     0.00030296   0.00000000    -0.00009870  -0.00000000
   10   20
  0.00019072   0.00000000    -0.00015848  -0.00000000     0.00020248   0.00000000
 -0.00014950  -0.00000000     0.00015635   0.00000000    -0.00007116  -0.00000000
  0.00008338   0.00000000    -0.00005199  -0.00000000     0.00012805   0.00000000
   10   21
 -0.00989210  -0.00000000    -0.00023587  -0.00000000    -0.00068196  -0.00000000
 -0.01870802  -0.00000000    -0.00132481  -0.00000000     0.00082828   0.00000000
 -0.03031967  -0.00000000    -0.00127955  -0.00000000     0.00013419   0.00000000
   10   22
 -0.00010880  -0.00000000     0.00052059   0.00000000    -0.00004188  -0.00000000
 -0.00023391  -0.00000000    -0.00030340  -0.00000000     0.00000496   0.00000000
 -0.00004316  -0.00000000    -0.00013188  -0.00000000    -0.00010801  -0.00000000
   11    1
 -0.00646020   0.00000000    -0.00543088   0.00000000    -0.00011057   0.00000000
  0.00001416  -0.00000000    -0.01155179   0.00000000     0.00003497  -0.00000000
  0.00005495  -0.00000000    -0.00006667   0.00000000    -0.00347766   0.00000000
   11    2
  0.00363269  -0.00000000    -0.00021170   0.00000000    -0.00002993   0.00000000
 -0.00509313   0.00000000    -0.00248383   0.00000000    -0.00022144   0.00000000
  0.00002127  -0.00000000    -0.00031838   0.00000000    -0.00103987   0.00000000
   11    3
 -0.09643586   0.00000000    -0.10225275   0.00000000    -0.00001280   0.00000000
 -0.10419577   0.00000000    -0.28615803   0.00000000     0.00008227  -0.00000000
  0.00007272  -0.00000000    -0.00009806   0.00000000    -0.05315935   0.00000000
   11    4
 -0.00052464   0.00000000    -0.00046480   0.00000000     0.00006262  -0.00000000
 -0.00097001   0.00000000    -0.00129104   0.00000000     0.00014377  -0.00000000
 -0.00009135   0.00000000     0.00002816  -0.00000000    -0.00055594   0.00000000
   11    5
 -0.00067101   0.00000000     0.00100199  -0.00000000    -0.00003766   0.00000000
 -0.00023724   0.00000000     0.00073669  -0.00000000     0.00008699  -0.00000000
  0.00009048  -0.00000000    -0.00001576   0.00000000     0.00017434  -0.00000000
   11    6
  0.00007528   0.00000000    -0.00058159  -0.00000000    -0.00007556  -0.00000000
  0.00072804   0.00000000    -0.00274691  -0.00000000    -0.00010863  -0.00000000
 -0.00003058  -0.00000000    -0.00002259  -0.00000000    -0.00056405  -0.00000000
   11    7
 -0.01532250   0.00000000    -0.03286205   0.00000000     0.00002221  -0.00000000
  0.00015207  -0.00000000     0.00152088  -0.00000000     0.00001810  -0.00000000
  0.00000132  -0.00000000    -0.00002579   0.00000000    -0.00265548   0.00000000
   11    8
  0.00011771  -0.00000000     0.00075325  -0.00000000     0.00004389  -0.00000000
  0.00085255  -0.00000000    -0.00020829   0.00000000     0.00004388  -0.00000000
  0.00001627  -0.00000000     0.00000534  -0.00000000    -0.00005141   0.00000000
   11    9
 -0.00041775   0.00000000    -0.00009120   0.00000000    -0.00001153   0.00000000
  0.00024358  -0.00000000     0.00074375  -0.00000000     0.00003627  -0.00000000
 -0.00001401   0.00000000    -0.00001666   0.00000000     0.00004463  -0.00000000
   11   10
  0.00011425  -0.00000000    -0.00013359   0.00000000     0.00000216  -0.00000000
 -0.00054706   0.00000000     0.00035463  -0.00000000     0.00001916  -0.00000000
 -0.00000392   0.00000000     0.00000489  -0.00000000     0.00033780  -0.00000000
   11   11
  0.10945330   0.00000000     0.11812265   0.00000000     0.00000407   0.00000000
  0.11812265   0.00000000     0.33044947   0.00000000    -0.00002768   0.00000000
  0.00000407   0.00000000    -0.00002768   0.00000000     0.06273643   0.00000000
   11   12
  0.00008368  -0.00000000     0.00027337  -0.00000000     0.00001054  -0.00000000
  0.00027337  -0.00000000     0.00109336  -0.00000000     0.00000887  -0.00000000
 -0.00001054   0.00000000    -0.00000887   0.00000000    -0.00014041   0.00000000
   11   13
 -0.00005457   0.00000000    -0.00007773   0.00000000    -0.00000638   0.00000000
  0.00007773  -0.00000000     0.00144826  -0.00000000    -0.00000576   0.00000000
  0.00000638  -0.00000000    -0.00000576   0.00000000     0.00019315  -0.00000000
   11   14
  0.00000000  -0.00000000    -0.00046312   0.00000000    -0.00000879   0.00000000
 -0.00046312   0.00000000    -0.00000000   0.00000000    -0.00001949   0.00000000
  0.00000879  -0.00000000    -0.00001949   0.00000000    -0.00000000   0.00000000
   11   15
  0.00392168  -0.00000000     0.01197282  -0.00000000    -0.00095846   0.00000000
 -0.00698038   0.00000000    -0.01558280   0.00000000     0.00002785  -0.00000000
 -0.01235687   0.00000000    -0.02737756   0.00000000    -0.00009577   0.00000000
   11   16
  0.00015554  -0.00000000     0.00003912  -0.00000000    -0.00016754   0.00000000
  0.00030739  -0.00000000     0.00030193  -0.00000000    -0.00010052   0.00000000
 -0.00011982   0.00000000     0.00016079  -0.00000000     0.00003657  -0.00000000
   11   17
 -0.00031301   0.00000000    -0.00030533   0.00000000    -0.00008992   0.00000000
  0.00074272  -0.00000000     0.00107766  -0.00000000     0.00042623  -0.00000000
  0.00004948  -0.00000000    -0.00008514   0.00000000    -0.00009759   0.00000000
   11   18
  0.00003543  -0.00000000    -0.00025685   0.00000000     0.00019879  -0.00000000
  0.00001490  -0.00000000    -0.00028619   0.00000000    -0.00006357   0.00000000
 -0.00001427   0.00000000     0.00006826  -0.00000000    -0.00004355   0.00000000
   11   19
  0.00014769   0.00000000     0.00003150   0.00000000     0.00018773   0.00000000
  0.00023524   0.00000000     0.00030775   0.00000000    -0.00004088  -0.00000000
  0.00012839   0.00000000    -0.00013262  -0.00000000     0.00003193   0.00000000
   11   20
  0.00393694   0.00000000     0.01198761   0.00000000     0.00099556   0.00000000
 -0.00691450   0.00000000    -0.01557267   0.00000000    -0.00005202   0.00000000
  0.01233011   0.00000000     0.02733238   0.00000000    -0.00012496   0.00000000
   11   21
  0.00008101  -0.00000000    -0.00026008   0.00000000    -0.00026557   0.00000000
  0.00012542  -0.00000000    -0.00022524   0.00000000     0.00002498  -0.00000000
  0.00000393  -0.00000000    -0.00004020   0.00000000     0.00000326  -0.00000000
   11   22
 -0.00031397   0.00000000    -0.00029323   0.00000000     0.00008462  -0.00000000
  0.00076127  -0.00000000     0.00111252  -0.00000000    -0.00041001   0.00000000
 -0.00002851   0.00000000     0.00004462  -0.00000000    -0.00009434   0.00000000
   12    1
 -0.00646020  -0.00000000    -0.00543088  -0.00000000     0.00011057   0.00000000
  0.00001416   0.00000000    -0.01155179  -0.00000000    -0.00003497  -0.00000000
 -0.00005495  -0.00000000     0.00006667   0.00000000    -0.00347766  -0.00000000
   12    2
 -0.00363269  -0.00000000     0.00021170   0.00000000    -0.00002993  -0.00000000
  0.00509313   0.00000000     0.00248383   0.00000000    -0.00022144  -0.00000000
  0.00002127   0.00000000    -0.00031838  -0.00000000     0.00103987   0.00000000
   12    3
 -0.00052464  -0.00000000    -0.00046480  -0.00000000    -0.00006262  -0.00000000
 -0.00097001  -0.00000000    -0.00129104  -0.00000000    -0.00014377  -0.00000000
  0.00009135   0.00000000    -0.00002816  -0.00000000    -0.00055594  -0.00000000
   12    4
 -0.09643586  -0.00000000    -0.10225275  -0.00000000     0.00001280   0.00000000
 -0.10419577  -0.00000000    -0.28615803  -0.00000000    -0.00008227  -0.00000000
 -0.00007272  -0.00000000     0.00009806   0.00000000    -0.05315935  -0.00000000
   12    5
  0.00007528   0.00000000    -0.00058159  -0.00000000     0.00007556   0.00000000
  0.00072804   0.00000000    -0.00274691  -0.00000000     0.00010863   0.00000000
  0.00003058   0.00000000     0.00002259   0.00000000    -0.00056405  -0.00000000
   12    6
 -0.00067101  -0.00000000     0.00100199   0.00000000     0.00003766   0.00000000
 -0.00023724  -0.00000000     0.00073669   0.00000000    -0.00008699  -0.00000000
 -0.00009048  -0.00000000     0.00001576   0.00000000     0.00017434   0.00000000
   12    7
  0.00011771   0.00000000     0.00075325   0.00000000    -0.00004389  -0.00000000
  0.00085255   0.00000000    -0.00020829  -0.00000000    -0.00004388  -0.00000000
 -0.00001627  -0.00000000    -0.00000534  -0.00000000    -0.00005141  -0.00000000
   12    8
 -0.01532250   0.00000000    -0.03286205   0.00000000    -0.00002221   0.00000000
  0.00015207  -0.00000000     0.00152088  -0.00000000    -0.00001810   0.00000000
 -0.00000132   0.00000000     0.00002579  -0.00000000    -0.00265548   0.00000000
   12    9
  0.00011425   0.00000000    -0.00013359  -0.00000000    -0.00000216  -0.00000000
 -0.00054706  -0.00000000     0.00035463   0.00000000    -0.00001916  -0.00000000
  0.00000392   0.00000000    -0.00000489  -0.00000000     0.00033780   0.00000000
   12   10
 -0.00041775   0.00000000    -0.00009120   0.00000000     0.00001153  -0.00000000
  0.00024358  -0.00000000     0.00074375  -0.00000000    -0.00003627   0.00000000
  0.00001401  -0.00000000     0.00001666  -0.00000000     0.00004463  -0.00000000
   12   11
  0.00008368   0.00000000     0.00027337   0.00000000    -0.00001054  -0.00000000
  0.00027337   0.00000000     0.00109336   0.00000000    -0.00000887  -0.00000000
  0.00001054   0.00000000     0.00000887   0.00000000    -0.00014041  -0.00000000
   12   12
  0.10945330   0.00000000     0.11812265   0.00000000    -0.00000407   0.00000000
  0.11812265   0.00000000     0.33044947   0.00000000     0.00002768   0.00000000
 -0.00000407   0.00000000     0.00002768   0.00000000     0.06273643   0.00000000
   12   13
  0.00000000   0.00000000    -0.00046312  -0.00000000     0.00000879   0.00000000
 -0.00046312  -0.00000000    -0.00000000  -0.00000000     0.00001949   0.00000000
 -0.00000879  -0.00000000     0.00001949   0.00000000    -0.00000000  -0.00000000
   12   14
 -0.00005457   0.00000000    -0.00007773   0.00000000     0.00000638  -0.00000000
  0.00007773  -0.00000000     0.00144826  -0.00000000     0.00000576  -0.00000000
 -0.00000638   0.00000000     0.00000576  -0.00000000     0.00019315  -0.00000000
   12   15
  0.00015554   0.00000000     0.00003912   0.00000000     0.00016754   0.00000000
  0.00030739   0.00000000     0.00030193   0.00000000     0.00010052   0.00000000
  0.00011982   0.00000000    -0.00016079  -0.00000000     0.00003657   0.00000000
   12   16
  0.00392168  -0.00000000     0.01197282  -0.00000000     0.00095846  -0.00000000
 -0.00698038   0.00000000    -0.01558280   0.00000000    -0.00002785   0.00000000
  0.01235687  -0.00000000     0.02737756  -0.00000000    -0.00009577   0.00000000
   12   17
  0.00003543   0.00000000    -0.00025685  -0.00000000    -0.00019879  -0.00000000
  0.00001490   0.00000000    -0.00028619  -0.00000000     0.00006357   0.00000000
  0.00001427   0.00000000    -0.00006826  -0.00000000    -0.00004355  -0.00000000
   12   18
 -0.00031301   0.00000000    -0.00030533   0.00000000     0.00008992  -0.00000000
  0.00074272  -0.00000000     0.00107766  -0.00000000    -0.00042623   0.00000000
 -0.00004948   0.00000000     0.00008514  -0.00000000    -0.00009759   0.00000000
   12   19
  0.00393694   0.00000000     0.01198761   0.00000000    -0.00099556  -0.00000000
 -0.00691450  -0.00000000    -0.01557267  -0.00000000     0.00005202   0.00000000
 -0.01233011  -0.00000000    -0.02733238  -0.00000000    -0.00012496  -0.00000000
   12   20
  0.00014769   0.00000000     0.00003150   0.00000000    -0.00018773  -0.00000000
  0.00023524   0.00000000     0.00030775   0.00000000     0.00004088   0.00000000
 -0.00012839  -0.00000000     0.00013262   0.00000000     0.00003193   0.00000000
   12   21
 -0.00031397  -0.00000000    -0.00029323  -0.00000000    -0.00008462  -0.00000000
  0.00076127   0.00000000     0.00111252   0.00000000     0.00041001   0.00000000
  0.00002851   0.00000000    -0.00004462  -0.00000000    -0.00009434  -0.00000000
   12   22
  0.00008101   0.00000000    -0.00026008  -0.00000000     0.00026557   0.00000000
  0.00012542   0.00000000    -0.00022524  -0.00000000    -0.00002498  -0.00000000
 -0.00000393  -0.00000000     0.00004020   0.00000000     0.00000326   0.00000000
   13    1
  0.00363269  -0.00000000     0.00021170  -0.00000000     0.00002993  -0.00000000
  0.00509313  -0.00000000    -0.00248383   0.00000000    -0.00022144   0.00000000
 -0.00002127   0.00000000    -0.00031838   0.00000000    -0.00103987   0.00000000
   13    2
 -0.00646020  -0.00000000     0.00543088   0.00000000     0.00011057   0.00000000
 -0.00001416  -0.00000000    -0.01155179  -0.00000000     0.00003497   0.00000000
 -0.00005495  -0.00000000    -0.00006667  -0.00000000    -0.00347766  -0.00000000
   13    3
 -0.00067101   0.00000000    -0.00100199   0.00000000     0.00003766  -0.00000000
  0.00023724  -0.00000000     0.00073669  -0.00000000     0.00008699  -0.00000000
 -0.00009048   0.00000000    -0.00001576   0.00000000     0.00017434  -0.00000000
   13    4
 -0.00007528   0.00000000    -0.00058159   0.00000000    -0.00007556   0.00000000
  0.00072804  -0.00000000     0.00274691  -0.00000000     0.00010863  -0.00000000
 -0.00003058   0.00000000     0.00002259  -0.00000000     0.00056405  -0.00000000
   13    5
 -0.09643586  -0.00000000     0.10225275   0.00000000     0.00001280   0.00000000
  0.10419577   0.00000000    -0.28615803  -0.00000000     0.00008227   0.00000000
 -0.00007272  -0.00000000    -0.00009806  -0.00000000    -0.05315935  -0.00000000
   13    6
  0.00052464   0.00000000    -0.00046480  -0.00000000     0.00006262   0.00000000
 -0.00097001  -0.00000000     0.00129104   0.00000000    -0.00014377  -0.00000000
 -0.00009135  -0.00000000    -0.00002816  -0.00000000     0.00055594   0.00000000
   13    7
 -0.00041775   0.00000000     0.00009120  -0.00000000     0.00001153  -0.00000000
 -0.00024358   0.00000000     0.00074375  -0.00000000     0.00003627  -0.00000000
  0.00001401  -0.00000000    -0.00001666   0.00000000     0.00004463  -0.00000000
   13    8
 -0.00011425   0.00000000    -0.00013359   0.00000000     0.00000216  -0.00000000
 -0.00054706   0.00000000    -0.00035463   0.00000000    -0.00001916   0.00000000
 -0.00000392   0.00000000    -0.00000489   0.00000000    -0.00033780   0.00000000
   13    9
 -0.01532250   0.00000000     0.03286205  -0.00000000    -0.00002221   0.00000000
 -0.00015207   0.00000000     0.00152088  -0.00000000     0.00001810  -0.00000000
 -0.00000132   0.00000000    -0.00002579   0.00000000    -0.00265548   0.00000000
   13   10
 -0.00011771   0.00000000     0.00075325  -0.00000000     0.00004389  -0.00000000
  0.00085255  -0.00000000     0.00020829  -0.00000000    -0.00004388   0.00000000
  0.00001627  -0.00000000    -0.00000534   0.00000000     0.00005141  -0.00000000
   13   11
 -0.00005457  -0.00000000     0.00007773   0.00000000     0.00000638   0.00000000
 -0.00007773  -0.00000000     0.00144826   0.00000000    -0.00000576  -0.00000000
 -0.00000638  -0.00000000    -0.00000576  -0.00000000     0.00019315   0.00000000
   13   12
 -0.00000000  -0.00000000    -0.00046312   0.00000000    -0.00000879   0.00000000
 -0.00046312   0.00000000     0.00000000   0.00000000     0.00001949  -0.00000000
  0.00000879  -0.00000000     0.00001949  -0.00000000     0.00000000  -0.00000000
   13   13
  0.10945330   0.00000000    -0.11812265   0.00000000    -0.00000407   0.00000000
 -0.11812265   0.00000000     0.33044947   0.00000000    -0.00002768   0.00000000
 -0.00000407   0.00000000    -0.00002768   0.00000000     0.06273643   0.00000000
   13   14
 -0.00008368   0.00000000     0.00027337  -0.00000000     0.00001054  -0.00000000
  0.00027337  -0.00000000    -0.00109336   0.00000000    -0.00000887   0.00000000
 -0.00001054   0.00000000     0.00000887  -0.00000000     0.00014041  -0.00000000
   13   15
 -0.00031301  -0.00000000     0.00030533   0.00000000     0.00008992   0.00000000
 -0.00074272  -0.00000000     0.00107766   0.00000000     0.00042623   0.00000000
 -0.00004948  -0.00000000    -0.00008514  -0.00000000    -0.00009759  -0.00000000
   13   16
 -0.00003543   0.00000000    -0.00025685   0.00000000     0.00019879  -0.00000000
  0.00001490  -0.00000000     0.00028619  -0.00000000     0.00006357  -0.00000000
 -0.00001427   0.00000000    -0.00006826   0.00000000     0.00004355  -0.00000000
   13   17
  0.00392168   0.00000000    -0.01197282   0.00000000     0.00095846   0.00000000
  0.00698038   0.00000000    -0.01558280   0.00000000     0.00002785   0.00000000
  0.01235687   0.00000000    -0.02737756   0.00000000    -0.00009577   0.00000000
   13   18
 -0.00015554   0.00000000     0.00003912  -0.00000000    -0.00016754   0.00000000
  0.00030739  -0.00000000    -0.00030193   0.00000000     0.00010052  -0.00000000
 -0.00011982   0.00000000    -0.00016079   0.00000000    -0.00003657   0.00000000
   13   19
 -0.00008101  -0.00000000    -0.00026008  -0.00000000    -0.00026557  -0.00000000
  0.00012542   0.00000000     0.00022524   0.00000000    -0.00002498  -0.00000000
  0.00000393   0.00000000     0.00004020   0.00000000    -0.00000326  -0.00000000
   13   20
 -0.00031397  -0.00000000     0.00029323   0.00000000    -0.00008462  -0.00000000
 -0.00076127  -0.00000000     0.00111252   0.00000000    -0.00041001  -0.00000000
  0.00002851   0.00000000     0.00004462   0.00000000    -0.00009434  -0.00000000
   13   21
 -0.00014769   0.00000000     0.00003150  -0.00000000     0.00018773  -0.00000000
  0.00023524  -0.00000000    -0.00030775   0.00000000     0.00004088  -0.00000000
  0.00012839  -0.00000000     0.00013262  -0.00000000    -0.00003193   0.00000000
   13   22
  0.00393694  -0.00000000    -0.01198761   0.00000000    -0.00099556   0.00000000
  0.00691450  -0.00000000    -0.01557267   0.00000000    -0.00005202   0.00000000
 -0.01233011   0.00000000     0.02733238  -0.00000000    -0.00012496   0.00000000
   14    1
  0.00363269   0.00000000     0.00021170   0.00000000    -0.00002993  -0.00000000
  0.00509313   0.00000000    -0.00248383  -0.00000000     0.00022144   0.00000000
  0.00002127   0.00000000     0.00031838   0.00000000    -0.00103987  -0.00000000
   14    2
  0.00646020   0.00000000    -0.00543088  -0.00000000     0.00011057   0.00000000
  0.00001416   0.00000000     0.01155179   0.00000000     0.00003497   0.00000000
 -0.00005495  -0.00000000    -0.00006667  -0.00000000     0.00347766   0.00000000
   14    3
 -0.00007528  -0.00000000    -0.00058159  -0.00000000     0.00007556   0.00000000
  0.00072804   0.00000000     0.00274691   0.00000000    -0.00010863  -0.00000000
  0.00003058   0.00000000    -0.00002259  -0.00000000     0.00056405   0.00000000
   14    4
 -0.00067101  -0.00000000    -0.00100199  -0.00000000    -0.00003766  -0.00000000
  0.00023724   0.00000000     0.00073669   0.00000000    -0.00008699  -0.00000000
  0.00009048   0.00000000     0.00001576   0.00000000     0.00017434   0.00000000
   14    5
  0.00052464   0.00000000    -0.00046480  -0.00000000    -0.00006262  -0.00000000
 -0.00097001  -0.00000000     0.00129104   0.00000000     0.00014377   0.00000000
  0.00009135   0.00000000     0.00002816   0.00000000     0.00055594   0.00000000
   14    6
 -0.09643586  -0.00000000     0.10225275   0.00000000    -0.00001280  -0.00000000
  0.10419577   0.00000000    -0.28615803  -0.00000000    -0.00008227  -0.00000000
  0.00007272   0.00000000     0.00009806   0.00000000    -0.05315935  -0.00000000
   14    7
 -0.00011425  -0.00000000    -0.00013359  -0.00000000    -0.00000216  -0.00000000
 -0.00054706  -0.00000000    -0.00035463  -0.00000000     0.00001916   0.00000000
  0.00000392   0.00000000     0.00000489   0.00000000    -0.00033780  -0.00000000
   14    8
 -0.00041775  -0.00000000     0.00009120   0.00000000    -0.00001153  -0.00000000
 -0.00024358  -0.00000000     0.00074375   0.00000000    -0.00003627  -0.00000000
 -0.00001401  -0.00000000     0.00001666   0.00000000     0.00004463   0.00000000
   14    9
 -0.00011771  -0.00000000     0.00075325   0.00000000    -0.00004389  -0.00000000
  0.00085255   0.00000000     0.00020829   0.00000000     0.00004388   0.00000000
 -0.00001627  -0.00000000     0.00000534   0.00000000     0.00005141   0.00000000
   14   10
 -0.01532250  -0.00000000     0.03286205   0.00000000     0.00002221   0.00000000
 -0.00015207  -0.00000000     0.00152088   0.00000000    -0.00001810  -0.00000000
  0.00000132   0.00000000     0.00002579   0.00000000    -0.00265548  -0.00000000
   14   11
 -0.00000000   0.00000000    -0.00046312  -0.00000000     0.00000879   0.00000000
 -0.00046312  -0.00000000     0.00000000  -0.00000000    -0.00001949  -0.00000000
 -0.00000879  -0.00000000    -0.00001949  -0.00000000     0.00000000   0.00000000
   14   12
 -0.00005457  -0.00000000     0.00007773   0.00000000    -0.00000638  -0.00000000
 -0.00007773  -0.00000000     0.00144826   0.00000000     0.00000576   0.00000000
  0.00000638   0.00000000     0.00000576   0.00000000     0.00019315   0.00000000
   14   13
 -0.00008368  -0.00000000     0.00027337   0.00000000    -0.00001054  -0.00000000
  0.00027337   0.00000000    -0.00109336  -0.00000000     0.00000887   0.00000000
  0.00001054   0.00000000    -0.00000887  -0.00000000     0.00014041   0.00000000
   14   14
  0.10945330   0.00000000    -0.11812265   0.00000000     0.00000407   0.00000000
 -0.11812265   0.00000000     0.33044947   0.00000000     0.00002768   0.00000000
  0.00000407   0.00000000     0.00002768   0.00000000     0.06273643   0.00000000
   14   15
 -0.00003543  -0.00000000    -0.00025685  -0.00000000    -0.00019879  -0.00000000
  0.00001490   0.00000000     0.00028619   0.00000000    -0.00006357  -0.00000000
  0.00001427   0.00000000     0.00006826   0.00000000     0.00004355   0.00000000
   14   16
 -0.00031301  -0.00000000     0.00030533   0.00000000    -0.00008992  -0.00000000
 -0.00074272  -0.00000000     0.00107766   0.00000000    -0.00042623  -0.00000000
  0.00004948   0.00000000     0.00008514   0.00000000    -0.00009759  -0.00000000
   14   17
 -0.00015554  -0.00000000     0.00003912   0.00000000     0.00016754   0.00000000
  0.00030739   0.00000000    -0.00030193  -0.00000000    -0.00010052  -0.00000000
  0.00011982   0.00000000     0.00016079   0.00000000    -0.00003657  -0.00000000
   14   18
  0.00392168   0.00000000    -0.01197282  -0.00000000    -0.00095846  -0.00000000
  0.00698038   0.00000000    -0.01558280  -0.00000000    -0.00002785  -0.00000000
 -0.01235687  -0.00000000     0.02737756   0.00000000    -0.00009577  -0.00000000
   14   19
 -0.00031397  -0.00000000     0.00029323   0.00000000     0.00008462   0.00000000
 -0.00076127  -0.00000000     0.00111252   0.00000000     0.00041001   0.00000000
 -0.00002851  -0.00000000    -0.00004462  -0.00000000    -0.00009434  -0.00000000
   14   20
 -0.00008101  -0.00000000    -0.00026008  -0.00000000     0.00026557   0.00000000
  0.00012542   0.00000000     0.00022524   0.00000000     0.00002498   0.00000000
 -0.00000393  -0.00000000    -0.00004020  -0.00000000    -0.00000326  -0.00000000
   14   21
  0.00393694   0.00000000    -0.01198761  -0.00000000     0.00099556   0.00000000
  0.00691450   0.00000000    -0.01557267  -0.00000000     0.00005202   0.00000000
  0.01233011   0.00000000    -0.02733238  -0.00000000    -0.00012496  -0.00000000
   14   22
 -0.00014769  -0.00000000     0.00003150   0.00000000    -0.00018773  -0.00000000
  0.00023524   0.00000000    -0.00030775  -0.00000000    -0.00004088  -0.00000000
 -0.00012839  -0.00000000    -0.00013262  -0.00000000    -0.00003193  -0.00000000
   15    1
 -0.00279158   0.00000000     0.00025808  -0.00000000     0.00090235  -0.00000000
 -0.00113986   0.00000000    -0.00617265   0.00000000    -0.00039297   0.00000000
 -0.00225228   0.00000000     0.00180789  -0.00000000     0.00241364  -0.00000000
   15    2
 -0.00353257  -0.00000000     0.00387812   0.00000000    -0.00198992  -0.00000000
  0.00145138   0.00000000    -0.00232831  -0.00000000     0.00058833   0.00000000
 -0.00119501  -0.00000000    -0.00110530  -0.00000000    -0.00317621  -0.00000000
   15    3
 -0.07120822   0.00000000     0.04548336  -0.00000000     0.06817393  -0.00000000
  0.04527466  -0.00000000    -0.12077176   0.00000000    -0.11919473   0.00000000
  0.06827231  -0.00000000    -0.11951666   0.00000000    -0.25892006   0.00000000
   15    4
 -0.00057793   0.00000000     0.00017710  -0.00000000     0.00020354  -0.00000000
 -0.00031757   0.00000000    -0.00088206   0.00000000    -0.00036136   0.00000000
 -0.00007466   0.00000000     0.00022987  -0.00000000    -0.00039280   0.00000000
   15    5
 -0.00074000  -0.00000000     0.00089827   0.00000000     0.00000328   0.00000000
  0.00006942   0.00000000    -0.00028913  -0.00000000    -0.00013881  -0.00000000
  0.00089054   0.00000000    -0.00048942  -0.00000000    -0.00071119  -0.00000000
   15    6
  0.00062631   0.00000000    -0.00020205  -0.00000000    -0.00004253  -0.00000000
 -0.00061374  -0.00000000     0.00091890   0.00000000     0.00083555   0.00000000
 -0.00054434  -0.00000000     0.00081927   0.00000000     0.00088640   0.00000000
   15    7
 -0.00984360   0.00000000     0.01868268  -0.00000000     0.03034525  -0.00000000
  0.00023774  -0.00000000    -0.00131528   0.00000000    -0.00130101   0.00000000
  0.00066556  -0.00000000     0.00079103  -0.00000000     0.00009846  -0.00000000
   15    8
  0.00003880  -0.00000000    -0.00020902   0.00000000     0.00011447  -0.00000000
  0.00051580  -0.00000000     0.00029470  -0.00000000    -0.00016261   0.00000000
 -0.00010592   0.00000000     0.00005296  -0.00000000     0.00004840  -0.00000000
   15    9
 -0.00127382   0.00000000    -0.00036038   0.00000000     0.00047918  -0.00000000
  0.00066054  -0.00000000     0.00059779  -0.00000000     0.00037096  -0.00000000
  0.00076640  -0.00000000     0.00002358  -0.00000000    -0.00009949   0.00000000
   15   10
  0.00009173  -0.00000000    -0.00015033   0.00000000    -0.00007695   0.00000000
 -0.00014008   0.00000000     0.00017230  -0.00000000    -0.00002711   0.00000000
 -0.00023902   0.00000000     0.00007250  -0.00000000     0.00003328  -0.00000000
   15   11
  0.00392168   0.00000000    -0.00698038  -0.00000000    -0.01235687  -0.00000000
  0.01197282   0.00000000    -0.01558280  -0.00000000    -0.02737756  -0.00000000
 -0.00095846  -0.00000000     0.00002785   0.00000000    -0.00009577  -0.00000000
   15   12
  0.00015554  -0.00000000     0.00030739  -0.00000000     0.00011982  -0.00000000
  0.00003912  -0.00000000     0.00030193  -0.00000000    -0.00016079   0.00000000
  0.00016754  -0.00000000     0.00010052  -0.00000000     0.00003657  -0.00000000
   15   13
 -0.00031301   0.00000000    -0.00074272   0.00000000    -0.00004948   0.00000000
  0.00030533  -0.00000000     0.00107766  -0.00000000    -0.00008514   0.00000000
  0.00008992  -0.00000000     0.00042623  -0.00000000    -0.00009759   0.00000000
   15   14
 -0.00003543   0.00000000     0.00001490  -0.00000000     0.00001427  -0.00000000
 -0.00025685   0.00000000     0.00028619  -0.00000000     0.00006826  -0.00000000
 -0.00019879   0.00000000    -0.00006357   0.00000000     0.00004355  -0.00000000
   15   15
  0.08368458   0.00000000    -0.05438733   0.00000000    -0.07738465   0.00000000
 -0.05438733   0.00000000     0.13515352   0.00000000     0.13404153   0.00000000
 -0.07738465   0.00000000     0.13404153   0.00000000     0.28500082   0.00000000
   15   16
  0.00004856  -0.00000000     0.00024861  -0.00000000     0.00007975  -0.00000000
  0.00024861  -0.00000000    -0.00010859   0.00000000    -0.00000127   0.00000000
 -0.00007975   0.00000000     0.00000127  -0.00000000     0.00017345  -0.00000000
   15   17
  0.00001107  -0.00000000    -0.00041608   0.00000000    -0.00001174   0.00000000
  0.00041608  -0.00000000     0.00062613  -0.00000000     0.00025408  -0.00000000
  0.00001174  -0.00000000     0.00025408  -0.00000000     0.00008550  -0.00000000
   15   18
  0.00000000  -0.00000000     0.00015568  -0.00000000    -0.00008823   0.00000000
  0.00015568  -0.00000000    -0.00000000   0.00000000    -0.00013235   0.00000000
  0.00008823  -0.00000000    -0.00013235   0.00000000     0.00000000  -0.00000000
   15   19
 -0.00010302  -0.00000000     0.00018968   0.00000000     0.00004482   0.00000000
  0.00019898   0.00000000    -0.00010921  -0.00000000    -0.00003179  -0.00000000
  0.00008823   0.00000000    -0.00007188  -0.00000000    -0.00027522  -0.00000000
   15   20
  0.00296446   0.00000000    -0.00777927  -0.00000000    -0.00900227  -0.00000000
 -0.00777964  -0.00000000     0.01152156   0.00000000     0.01514275   0.00000000
  0.00895750   0.00000000    -0.01517223  -0.00000000    -0.02324436  -0.00000000
   15   21
  0.00004248  -0.00000000     0.00002242  -0.00000000    -0.00021518   0.00000000
 -0.00004953   0.00000000    -0.00001371   0.00000000    -0.00014908   0.00000000
 -0.00021570   0.00000000     0.00014212  -0.00000000     0.00003951  -0.00000000
   15   22
 -0.00021995   0.00000000    -0.00055612   0.00000000     0.00044374  -0.00000000
  0.00055219  -0.00000000     0.00054387  -0.00000000    -0.00025590   0.00000000
  0.00041334  -0.00000000     0.00024202  -0.00000000    -0.00017249   0.00000000
   16    1
 -0.00279158  -0.00000000     0.00025808   0.00000000    -0.00090235  -0.00000000
 -0.00113986  -0.00000000    -0.00617265  -0.00000000     0.00039297   0.00000000
  0.00225228   0.00000000    -0.00180789  -0.00000000     0.00241364   0.00000000
   16    2
  0.00353257   0.00000000    -0.00387812  -0.00000000    -0.00198992  -0.00000000
 -0.00145138  -0.00000000     0.00232831   0.00000000     0.00058833   0.00000000
 -0.00119501  -0.00000000    -0.00110530  -0.00000000     0.00317621   0.00000000
   16    3
 -0.00057793  -0.00000000     0.00017710   0.00000000    -0.00020354  -0.00000000
 -0.00031757  -0.00000000    -0.00088206  -0.00000000     0.00036136   0.00000000
  0.00007466   0.00000000    -0.00022987  -0.00000000    -0.00039280  -0.00000000
   16    4
 -0.07120822  -0.00000000     0.04548336   0.00000000    -0.06817393  -0.00000000
  0.04527466   0.00000000    -0.12077176  -0.00000000     0.11919473   0.00000000
 -0.06827231  -0.00000000     0.11951666   0.00000000    -0.25892006  -0.00000000
   16    5
  0.00062631   0.00000000    -0.00020205  -0.00000000     0.00004253   0.00000000
 -0.00061374  -0.00000000     0.00091890   0.00000000    -0.00083555  -0.00000000
  0.00054434   0.00000000    -0.00081927  -0.00000000     0.00088640   0.00000000
   16    6
 -0.00074000  -0.00000000     0.00089827   0.00000000    -0.00000328  -0.00000000
  0.00006942   0.00000000    -0.00028913  -0.00000000     0.00013881   0.00000000
 -0.00089054  -0.00000000     0.00048942   0.00000000    -0.00071119  -0.00000000
   16    7
  0.00003880   0.00000000    -0.00020902  -0.00000000    -0.00011447  -0.00000000
  0.00051580   0.00000000     0.00029470   0.00000000     0.00016261   0.00000000
  0.00010592   0.00000000    -0.00005296  -0.00000000     0.00004840   0.00000000
   16    8
 -0.00984360   0.00000000     0.01868268   0.00000000    -0.03034525   0.00000000
  0.00023774   0.00000000    -0.00131528   0.00000000     0.00130101   0.00000000
 -0.00066556   0.00000000    -0.00079103   0.00000000     0.00009846   0.00000000
   16    9
  0.00009173   0.00000000    -0.00015033  -0.00000000     0.00007695   0.00000000
 -0.00014008  -0.00000000     0.00017230   0.00000000     0.00002711   0.00000000
  0.00023902   0.00000000    -0.00007250  -0.00000000     0.00003328   0.00000000
   16   10
 -0.00127382   0.00000000    -0.00036038   0.00000000    -0.00047918   0.00000000
  0.00066054   0.00000000     0.00059779   0.00000000    -0.00037096   0.00000000
 -0.00076640   0.00000000    -0.00002358   0.00000000    -0.00009949   0.00000000
   16   11
  0.00015554   0.00000000     0.00030739   0.00000000    -0.00011982  -0.00000000
  0.00003912   0.00000000     0.00030193   0.00000000     0.00016079   0.00000000
 -0.00016754  -0.00000000    -0.00010052  -0.00000000     0.00003657   0.00000000
   16   12
  0.00392168   0.00000000    -0.00698038  -0.00000000     0.01235687   0.00000000
  0.01197282   0.00000000    -0.01558280  -0.00000000     0.02737756   0.00000000
  0.00095846   0.00000000    -0.00002785  -0.00000000    -0.00009577  -0.00000000
   16   13
 -0.00003543  -0.00000000     0.00001490   0.00000000    -0.00001427  -0.00000000
 -0.00025685  -0.00000000     0.00028619   0.00000000    -0.00006826  -0.00000000
  0.00019879   0.00000000     0.00006357   0.00000000     0.00004355   0.00000000
   16   14
 -0.00031301   0.00000000    -0.00074272   0.00000000     0.00004948  -0.00000000
  0.00030533  -0.00000000     0.00107766  -0.00000000     0.00008514  -0.00000000
 -0.00008992   0.00000000    -0.00042623   0.00000000    -0.00009759   0.00000000
   16   15
  0.00004856   0.00000000     0.00024861   0.00000000    -0.00007975  -0.00000000
  0.00024861   0.00000000    -0.00010859  -0.00000000     0.00000127   0.00000000
  0.00007975   0.00000000    -0.00000127  -0.00000000     0.00017345   0.00000000
   16   16
  0.08368458   0.00000000    -0.05438733   0.00000000     0.07738465   0.00000000
 -0.05438733   0.00000000     0.13515352   0.00000000    -0.13404153   0.00000000
  0.07738465   0.00000000    -0.13404153   0.00000000     0.28500082   0.00000000
   16   17
  0.00000000   0.00000000     0.00015568   0.00000000     0.00008823   0.00000000
  0.00015568   0.00000000    -0.00000000  -0.00000000     0.00013235   0.00000000
 -0.00008823  -0.00000000     0.00013235   0.00000000     0.00000000   0.00000000
   16   18
  0.00001107  -0.00000000    -0.00041608   0.00000000     0.00001174  -0.00000000
  0.00041608  -0.00000000     0.00062613  -0.00000000    -0.00025408   0.00000000
 -0.00001174   0.00000000    -0.00025408   0.00000000     0.00008550  -0.00000000
   16   19
  0.00296446   0.00000000    -0.00777927  -0.00000000     0.00900227   0.00000000
 -0.00777964  -0.00000000     0.01152156   0.00000000    -0.01514275  -0.00000000
 -0.00895750  -0.00000000     0.01517223   0.00000000    -0.02324436  -0.00000000
   16   20
 -0.00010302  -0.00000000     0.00018968   0.00000000    -0.00004482  -0.00000000
  0.00019898   0.00000000    -0.00010921  -0.00000000     0.00003179   0.00000000
 -0.00008823  -0.00000000     0.00007188   0.00000000    -0.00027522  -0.00000000
   16   21
 -0.00021995  -0.00000000    -0.00055612  -0.00000000    -0.00044374  -0.00000000
  0.00055219   0.00000000     0.00054387   0.00000000     0.00025590   0.00000000
 -0.00041334  -0.00000000    -0.00024202  -0.00000000    -0.00017249  -0.00000000
   16   22
  0.00004248   0.00000000     0.00002242   0.00000000     0.00021518   0.00000000
 -0.00004953  -0.00000000    -0.00001371  -0.00000000     0.00014908   0.00000000
  0.00021570   0.00000000    -0.00014212  -0.00000000     0.00003951   0.00000000
   17    1
 -0.00353257   0.00000000    -0.00387812   0.00000000     0.00198992  -0.00000000
 -0.00145138   0.00000000    -0.00232831   0.00000000     0.00058833  -0.00000000
  0.00119501  -0.00000000    -0.00110530   0.00000000    -0.00317621   0.00000000
   17    2
 -0.00279158  -0.00000000    -0.00025808  -0.00000000    -0.00090235  -0.00000000
  0.00113986   0.00000000    -0.00617265  -0.00000000    -0.00039297  -0.00000000
  0.00225228   0.00000000     0.00180789   0.00000000     0.00241364   0.00000000
   17    3
 -0.00074000   0.00000000    -0.00089827   0.00000000    -0.00000328   0.00000000
 -0.00006942   0.00000000    -0.00028913   0.00000000    -0.00013881   0.00000000
 -0.00089054   0.00000000    -0.00048942   0.00000000    -0.00071119   0.00000000
   17    4
 -0.00062631   0.00000000    -0.00020205   0.00000000    -0.00004253   0.00000000
 -0.00061374   0.00000000    -0.00091890   0.00000000    -0.00083555   0.00000000
 -0.00054434   0.00000000    -0.00081927   0.00000000    -0.00088640   0.00000000
   17    5
 -0.07120822  -0.00000000    -0.04548336  -0.00000000    -0.06817393  -0.00000000
 -0.04527466  -0.00000000    -0.12077176  -0.00000000    -0.11919473  -0.00000000
 -0.06827231  -0.00000000    -0.11951666  -0.00000000    -0.25892006  -0.00000000
   17    6
  0.00057793   0.00000000     0.00017710   0.00000000     0.00020354   0.00000000
 -0.00031757  -0.00000000     0.00088206   0.00000000     0.00036136   0.00000000
 -0.00007466  -0.00000000    -0.00022987  -0.00000000     0.00039280   0.00000000
   17    7
 -0.00127382   0.00000000     0.00036038  -0.00000000    -0.00047918   0.00000000
 -0.00066054   0.00000000     0.00059779  -0.00000000     0.00037096  -0.00000000
 -0.00076640   0.00000000     0.00002358  -0.00000000    -0.00009949   0.00000000
   17    8
 -0.00009173   0.00000000    -0.00015033   0.00000000    -0.00007695   0.00000000
 -0.00014008   0.00000000    -0.00017230   0.00000000     0.00002711  -0.00000000
 -0.00023902   0.00000000    -0.00007250   0.00000000    -0.00003328   0.00000000
   17    9
 -0.00984360   0.00000000    -0.01868268   0.00000000    -0.03034525   0.00000000
 -0.00023774   0.00000000    -0.00131528   0.00000000    -0.00130101   0.00000000
 -0.00066556   0.00000000     0.00079103  -0.00000000     0.00009846  -0.00000000
   17   10
 -0.00003880   0.00000000    -0.00020902   0.00000000     0.00011447  -0.00000000
  0.00051580  -0.00000000    -0.00029470   0.00000000     0.00016261  -0.00000000
 -0.00010592   0.00000000    -0.00005296   0.00000000    -0.00004840   0.00000000
   17   11
 -0.00031301  -0.00000000     0.00074272   0.00000000     0.00004948   0.00000000
 -0.00030533  -0.00000000     0.00107766   0.00000000    -0.00008514  -0.00000000
 -0.00008992  -0.00000000     0.00042623   0.00000000    -0.00009759  -0.00000000
   17   12
  0.00003543  -0.00000000     0.00001490  -0.00000000     0.00001427  -0.00000000
 -0.00025685   0.00000000    -0.00028619   0.00000000    -0.00006826   0.00000000
 -0.00019879   0.00000000     0.00006357  -0.00000000    -0.00004355   0.00000000
   17   13
  0.00392168   0.00000000     0.00698038   0.00000000     0.01235687   0.00000000
 -0.01197282   0.00000000    -0.01558280   0.00000000    -0.02737756   0.00000000
  0.00095846   0.00000000     0.00002785   0.00000000    -0.00009577   0.00000000
   17   14
 -0.00015554   0.00000000     0.00030739  -0.00000000     0.00011982  -0.00000000
  0.00003912  -0.00000000    -0.00030193   0.00000000     0.00016079  -0.00000000
  0.00016754  -0.00000000    -0.00010052   0.00000000    -0.00003657   0.00000000
   17   15
  0.00001107   0.00000000     0.00041608   0.00000000     0.00001174   0.00000000
 -0.00041608  -0.00000000     0.00062613   0.00000000     0.00025408   0.00000000
 -0.00001174  -0.00000000     0.00025408   0.00000000     0.00008550   0.00000000
   17   16
 -0.00000000   0.00000000     0.00015568  -0.00000000    -0.00008823   0.00000000
  0.00015568  -0.00000000     0.00000000   0.00000000     0.00013235  -0.00000000
  0.00008823  -0.00000000     0.00013235  -0.00000000    -0.00000000   0.00000000
   17   17
  0.08368458   0.00000000     0.05438733   0.00000000     0.07738465   0.00000000
  0.05438733   0.00000000     0.13515352   0.00000000     0.13404153   0.00000000
  0.07738465   0.00000000     0.13404153   0.00000000     0.28500082   0.00000000
   17   18
 -0.00004856   0.00000000     0.00024861  -0.00000000     0.00007975  -0.00000000
  0.00024861  -0.00000000     0.00010859  -0.00000000     0.00000127  -0.00000000
 -0.00007975   0.00000000    -0.00000127   0.00000000    -0.00017345   0.00000000
   17   19
 -0.00004248  -0.00000000     0.00002242   0.00000000    -0.00021518  -0.00000000
 -0.00004953  -0.00000000     0.00001371   0.00000000     0.00014908   0.00000000
 -0.00021570  -0.00000000    -0.00014212  -0.00000000    -0.00003951  -0.00000000
   17   20
 -0.00021995  -0.00000000     0.00055612   0.00000000    -0.00044374  -0.00000000
 -0.00055219  -0.00000000     0.00054387   0.00000000    -0.00025590  -0.00000000
 -0.00041334  -0.00000000     0.00024202   0.00000000    -0.00017249  -0.00000000
   17   21
  0.00010302  -0.00000000     0.00018968  -0.00000000     0.00004482  -0.00000000
  0.00019898  -0.00000000     0.00010921  -0.00000000     0.00003179  -0.00000000
  0.00008823  -0.00000000     0.00007188  -0.00000000     0.00027522  -0.00000000
   17   22
  0.00296446  -0.00000000     0.00777927  -0.00000000     0.00900227  -0.00000000
  0.00777964  -0.00000000     0.01152156  -0.00000000     0.01514275  -0.00000000
 -0.00895750   0.00000000    -0.01517223   0.00000000    -0.02324436   0.00000000
   18    1
 -0.00353257  -0.00000000    -0.00387812  -0.00000000    -0.00198992  -0.00000000
 -0.00145138  -0.00000000    -0.00232831  -0.00000000    -0.00058833  -0.00000000
 -0.00119501  -0.00000000     0.00110530   0.00000000    -0.00317621  -0.00000000
   18    2
  0.00279158   0.00000000     0.00025808   0.00000000    -0.00090235  -0.00000000
 -0.00113986  -0.00000000     0.00617265   0.00000000    -0.00039297  -0.00000000
  0.00225228   0.00000000     0.00180789   0.00000000    -0.00241364  -0.00000000
   18    3
 -0.00062631  -0.00000000    -0.00020205  -0.00000000     0.00004253   0.00000000
 -0.00061374  -0.00000000    -0.00091890  -0.00000000     0.00083555   0.00000000
  0.00054434   0.00000000     0.00081927   0.00000000    -0.00088640  -0.00000000
   18    4
 -0.00074000  -0.00000000    -0.00089827  -0.00000000     0.00000328   0.00000000
 -0.00006942  -0.00000000    -0.00028913  -0.00000000     0.00013881   0.00000000
  0.00089054   0.00000000     0.00048942   0.00000000    -0.00071119  -0.00000000
   18    5
  0.00057793   0.00000000     0.00017710   0.00000000    -0.00020354  -0.00000000
 -0.00031757  -0.00000000     0.00088206   0.00000000    -0.00036136  -0.00000000
  0.00007466   0.00000000     0.00022987   0.00000000     0.00039280   0.00000000
   18    6
 -0.07120822  -0.00000000    -0.04548336  -0.00000000     0.06817393   0.00000000
 -0.04527466  -0.00000000    -0.12077176  -0.00000000     0.11919473   0.00000000
  0.06827231   0.00000000     0.11951666   0.00000000    -0.25892006  -0.00000000
   18    7
 -0.00009173  -0.00000000    -0.00015033  -0.00000000     0.00007695   0.00000000
 -0.00014008  -0.00000000    -0.00017230  -0.00000000    -0.00002711  -0.00000000
  0.00023902   0.00000000     0.00007250   0.00000000    -0.00003328  -0.00000000
   18    8
 -0.00127382  -0.00000000     0.00036038   0.00000000     0.00047918   0.00000000
 -0.00066054  -0.00000000     0.00059779   0.00000000    -0.00037096  -0.00000000
  0.00076640   0.00000000    -0.00002358  -0.00000000    -0.00009949  -0.00000000
   18    9
 -0.00003880  -0.00000000    -0.00020902  -0.00000000    -0.00011447  -0.00000000
  0.00051580   0.00000000    -0.00029470  -0.00000000    -0.00016261  -0.00000000
  0.00010592   0.00000000     0.00005296   0.00000000    -0.00004840  -0.00000000
   18   10
 -0.00984360  -0.00000000    -0.01868268  -0.00000000     0.03034525   0.00000000
 -0.00023774  -0.00000000    -0.00131528  -0.00000000     0.00130101   0.00000000
  0.00066556   0.00000000    -0.00079103  -0.00000000     0.00009846   0.00000000
   18   11
  0.00003543   0.00000000     0.00001490   0.00000000    -0.00001427  -0.00000000
 -0.00025685  -0.00000000    -0.00028619  -0.00000000     0.00006826   0.00000000
  0.00019879   0.00000000    -0.00006357  -0.00000000    -0.00004355  -0.00000000
   18   12
 -0.00031301  -0.00000000     0.00074272   0.00000000    -0.00004948  -0.00000000
 -0.00030533  -0.00000000     0.00107766   0.00000000     0.00008514   0.00000000
  0.00008992   0.00000000    -0.00042623  -0.00000000    -0.00009759  -0.00000000
   18   13
 -0.00015554  -0.00000000     0.00030739   0.00000000    -0.00011982  -0.00000000
  0.00003912   0.00000000    -0.00030193  -0.00000000    -0.00016079  -0.00000000
 -0.00016754  -0.00000000     0.00010052   0.00000000    -0.00003657  -0.00000000
   18   14
  0.00392168  -0.00000000     0.00698038  -0.00000000    -0.01235687   0.00000000
 -0.01197282   0.00000000    -0.01558280   0.00000000     0.02737756  -0.00000000
 -0.00095846   0.00000000    -0.00002785   0.00000000    -0.00009577   0.00000000
   18   15
 -0.00000000   0.00000000     0.00015568   0.00000000     0.00008823   0.00000000
  0.00015568   0.00000000     0.00000000   0.00000000    -0.00013235  -0.00000000
 -0.00008823  -0.00000000    -0.00013235  -0.00000000    -0.00000000   0.00000000
   18   16
  0.00001107   0.00000000     0.00041608   0.00000000    -0.00001174  -0.00000000
 -0.00041608  -0.00000000     0.00062613   0.00000000    -0.00025408  -0.00000000
  0.00001174   0.00000000    -0.00025408  -0.00000000     0.00008550   0.00000000
   18   17
 -0.00004856  -0.00000000     0.00024861   0.00000000    -0.00007975  -0.00000000
  0.00024861   0.00000000     0.00010859   0.00000000    -0.00000127  -0.00000000
  0.00007975   0.00000000     0.00000127   0.00000000    -0.00017345  -0.00000000
   18   18
  0.08368458   0.00000000     0.05438733   0.00000000    -0.07738465   0.00000000
  0.05438733   0.00000000     0.13515352   0.00000000    -0.13404153   0.00000000
 -0.07738465   0.00000000    -0.13404153   0.00000000     0.28500082   0.00000000
   18   19
 -0.00021995  -0.00000000     0.00055612   0.00000000     0.00044374   0.00000000
 -0.00055219  -0.00000000     0.00054387   0.00000000     0.00025590   0.00000000
  0.00041334   0.00000000    -0.00024202  -0.00000000    -0.00017249  -0.00000000
   18   20
 -0.00004248  -0.00000000     0.00002242   0.00000000     0.00021518   0.00000000
 -0.00004953  -0.00000000     0.00001371   0.00000000    -0.00014908  -0.00000000
  0.00021570   0.00000000     0.00014212   0.00000000    -0.00003951  -0.00000000
   18   21
  0.00296446   0.00000000     0.00777927   0.00000000    -0.00900227  -0.00000000
  0.00777964   0.00000000     0.01152156   0.00000000    -0.01514275  -0.00000000
  0.00895750   0.00000000     0.01517223   0.00000000    -0.02324436  -0.00000000
   18   22
  0.00010302   0.00000000     0.00018968   0.00000000    -0.00004482  -0.00000000
  0.00019898   0.00000000     0.00010921   0.00000000    -0.00003179  -0.00000000
 -0.00008823  -0.00000000    -0.00007188  -0.00000000     0.00027522   0.00000000
   19    1
 -0.00259221   0.00000000     0.00038996  -0.00000000     0.00086957  -0.00000000
 -0.00111961   0.00000000    -0.00605703   0.00000000    -0.00052950   0.00000000
 -0.00205529   0.00000000     0.00215550  -0.00000000     0.00256206  -0.00000000
   19    2
  0.00353380   0.00000000    -0.00384104  -0.00000000     0.00195232   0.00000000
 -0.00145211  -0.00000000     0.00222170   0.00000000    -0.00056139  -0.00000000
  0.00089256   0.00000000     0.00141801   0.00000000     0.00326231   0.00000000
   19    3
 -0.00052516   0.00000000     0.00011981  -0.00000000     0.00014319  -0.00000000
 -0.00033372   0.00000000    -0.00085333   0.00000000    -0.00021628   0.00000000
  0.00017718  -0.00000000     0.00012307  -0.00000000    -0.00014600   0.00000000
   19    4
 -0.07122687   0.00000000     0.04556188  -0.00000000     0.06828287  -0.00000000
  0.04531186  -0.00000000    -0.12082355   0.00000000    -0.11910935   0.00000000
  0.06822838  -0.00000000    -0.11936741   0.00000000    -0.25884265   0.00000000
   19    5
  0.00065549   0.00000000    -0.00024566  -0.00000000     0.00000152   0.00000000
 -0.00069060  -0.00000000     0.00084169   0.00000000     0.00068544   0.00000000
 -0.00077790  -0.00000000     0.00081438   0.00000000     0.00075354   0.00000000
   19    6
 -0.00076950   0.00000000     0.00094701  -0.00000000     0.00004202  -0.00000000
  0.00004678  -0.00000000    -0.00022628   0.00000000    -0.00020127   0.00000000
  0.00092447  -0.00000000    -0.00052420   0.00000000    -0.00069077   0.00000000
   19    7
  0.00010880  -0.00000000    -0.00023391   0.00000000     0.00004316  -0.00000000
  0.00052059  -0.00000000     0.00030340  -0.00000000    -0.00013188   0.00000000
  0.00004188  -0.00000000     0.00000496  -0.00000000     0.00010801  -0.00000000
   19    8
 -0.00989210   0.00000000     0.01870802  -0.00000000     0.03031967  -0.00000000
  0.00023587  -0.00000000    -0.00132481   0.00000000    -0.00127955   0.00000000
  0.00068196  -0.00000000     0.00082828  -0.00000000     0.00013419  -0.00000000
   19    9
  0.00019072  -0.00000000    -0.00014950   0.00000000    -0.00008338   0.00000000
 -0.00015848   0.00000000     0.00015635  -0.00000000     0.00005199  -0.00000000
 -0.00020248   0.00000000     0.00007116  -0.00000000     0.00012805  -0.00000000
   19   10
 -0.00128502   0.00000000    -0.00034667   0.00000000     0.00047611  -0.00000000
  0.00067307  -0.00000000     0.00061100  -0.00000000     0.00030296  -0.00000000
  0.00077536  -0.00000000     0.00002265  -0.00000000    -0.00009870   0.00000000
   19   11
  0.00014769  -0.00000000     0.00023524  -0.00000000     0.00012839  -0.00000000
  0.00003150  -0.00000000     0.00030775  -0.00000000    -0.00013262   0.00000000
  0.00018773  -0.00000000    -0.00004088   0.00000000     0.00003193  -0.00000000
   19   12
  0.00393694  -0.00000000    -0.00691450   0.00000000    -0.01233011   0.00000000
  0.01198761  -0.00000000    -0.01557267   0.00000000    -0.02733238   0.00000000
 -0.00099556   0.00000000     0.00005202  -0.00000000    -0.00012496   0.00000000
   19   13
 -0.00008101   0.00000000     0.00012542  -0.00000000     0.00000393  -0.00000000
 -0.00026008   0.00000000     0.00022524  -0.00000000     0.00004020  -0.00000000
 -0.00026557   0.00000000    -0.00002498   0.00000000    -0.00000326   0.00000000
   19   14
 -0.00031397   0.00000000    -0.00076127   0.00000000    -0.00002851   0.00000000
  0.00029323  -0.00000000     0.00111252  -0.00000000    -0.00004462   0.00000000
  0.00008462  -0.00000000     0.00041001  -0.00000000    -0.00009434   0.00000000
   19   15
 -0.00010302   0.00000000     0.00019898  -0.00000000     0.00008823  -0.00000000
  0.00018968  -0.00000000    -0.00010921   0.00000000    -0.00007188   0.00000000
  0.00004482  -0.00000000    -0.00003179   0.00000000    -0.00027522   0.00000000
   19   16
  0.00296446  -0.00000000    -0.00777964   0.00000000    -0.00895750   0.00000000
 -0.00777927   0.00000000     0.01152156  -0.00000000     0.01517223  -0.00000000
  0.00900227  -0.00000000    -0.01514275   0.00000000    -0.02324436   0.00000000
   19   17
 -0.00004248   0.00000000    -0.00004953   0.00000000    -0.00021570   0.00000000
  0.00002242  -0.00000000     0.00001371  -0.00000000    -0.00014212   0.00000000
 -0.00021518   0.00000000     0.00014908  -0.00000000    -0.00003951   0.00000000
   19   18
 -0.00021995   0.00000000    -0.00055219   0.00000000     0.00041334  -0.00000000
  0.00055612  -0.00000000     0.00054387  -0.00000000    -0.00024202   0.00000000
  0.00044374  -0.00000000     0.00025590  -0.00000000    -0.00017249   0.00000000
   19   19
  0.08374611   0.00000000    -0.05440820   0.00000000    -0.07746477   0.00000000
 -0.05440820   0.00000000     0.13509111   0.00000000     0.13406979   0.00000000
 -0.07746477   0.00000000     0.13406979   0.00000000     0.28503625   0.00000000
   19   20
 -0.00000858  -0.00000000     0.00028293   0.00000000    -0.00000795  -0.00000000
  0.00028293   0.00000000    -0.00008157  -0.00000000    -0.00003049  -0.00000000
  0.00000795   0.00000000     0.00003049   0.00000000    -0.00009354  -0.00000000
   19   21
  0.00000670  -0.00000000    -0.00036969   0.00000000    -0.00003522   0.00000000
  0.00036969  -0.00000000     0.00061035  -0.00000000     0.00024963  -0.00000000
  0.00003522  -0.00000000     0.00024963  -0.00000000     0.00011546  -0.00000000
   19   22
 -0.00000000  -0.00000000     0.00008908  -0.00000000     0.00011586  -0.00000000
  0.00008908  -0.00000000    -0.00000000  -0.00000000    -0.00019350   0.00000000
 -0.00011586   0.00000000    -0.00019350   0.00000000     0.00000000   0.00000000
   20    1
 -0.00259221   0.00000000     0.00038996  -0.00000000    -0.00086957   0.00000000
 -0.00111961   0.00000000    -0.00605703   0.00000000     0.00052950  -0.00000000
  0.00205529  -0.00000000    -0.00215550   0.00000000     0.00256206  -0.00000000
   20    2
 -0.00353380   0.00000000     0.00384104  -0.00000000     0.00195232  -0.00000000
  0.00145211  -0.00000000    -0.00222170   0.00000000    -0.00056139   0.00000000
  0.00089256  -0.00000000     0.00141801  -0.00000000    -0.00326231   0.00000000
   20    3
 -0.07122687   0.00000000     0.04556188  -0.00000000    -0.06828287   0.00000000
  0.04531186  -0.00000000    -0.12082355   0.00000000     0.11910935  -0.00000000
 -0.06822838   0.00000000     0.11936741  -0.00000000    -0.25884265   0.00000000
   20    4
 -0.00052516   0.00000000     0.00011981  -0.00000000    -0.00014319   0.00000000
 -0.00033372   0.00000000    -0.00085333   0.00000000     0.00021628  -0.00000000
 -0.00017718   0.00000000    -0.00012307   0.00000000    -0.00014600   0.00000000
   20    5
 -0.00076950   0.00000000     0.00094701  -0.00000000    -0.00004202   0.00000000
  0.00004678  -0.00000000    -0.00022628   0.00000000     0.00020127  -0.00000000
 -0.00092447   0.00000000     0.00052420  -0.00000000    -0.00069077   0.00000000
   20    6
  0.00065549  -0.00000000    -0.00024566   0.00000000    -0.00000152   0.00000000
 -0.00069060   0.00000000     0.00084169  -0.00000000    -0.00068544   0.00000000
  0.00077790  -0.00000000    -0.00081438   0.00000000     0.00075354  -0.00000000
   20    7
 -0.00989210   0.00000000     0.01870802  -0.00000000    -0.03031967   0.00000000
  0.00023587  -0.00000000    -0.00132481   0.00000000     0.00127955  -0.00000000
 -0.00068196   0.00000000    -0.00082828   0.00000000     0.00013419  -0.00000000
   20    8
  0.00010880  -0.00000000    -0.00023391   0.00000000    -0.00004316   0.00000000
  0.00052059  -0.00000000     0.00030340  -0.00000000     0.00013188  -0.00000000
 -0.00004188   0.00000000    -0.00000496   0.00000000     0.00010801  -0.00000000
   20    9
 -0.00128502   0.00000000    -0.00034667   0.00000000    -0.00047611   0.00000000
  0.00067307  -0.00000000     0.00061100  -0.00000000    -0.00030296   0.00000000
 -0.00077536   0.00000000    -0.00002265   0.00000000    -0.00009870   0.00000000
   20   10
  0.00019072  -0.00000000    -0.00014950   0.00000000     0.00008338  -0.00000000
 -0.00015848   0.00000000     0.00015635  -0.00000000    -0.00005199   0.00000000
  0.00020248  -0.00000000    -0.00007116   0.00000000     0.00012805  -0.00000000
   20   11
  0.00393694   0.00000000    -0.00691450   0.00000000     0.01233011   0.00000000
  0.01198761   0.00000000    -0.01557267   0.00000000     0.02733238   0.00000000
  0.00099556   0.00000000    -0.00005202   0.00000000    -0.00012496   0.00000000
   20   12
  0.00014769  -0.00000000     0.00023524  -0.00000000    -0.00012839   0.00000000
  0.00003150  -0.00000000     0.00030775  -0.00000000     0.00013262  -0.00000000
 -0.00018773   0.00000000     0.00004088  -0.00000000     0.00003193  -0.00000000
   20   13
 -0.00031397   0.00000000    -0.00076127   0.00000000     0.00002851  -0.00000000
  0.00029323  -0.00000000     0.00111252  -0.00000000     0.00004462  -0.00000000
 -0.00008462   0.00000000    -0.00041001   0.00000000    -0.00009434   0.00000000
   20   14
 -0.00008101   0.00000000     0.00012542  -0.00000000    -0.00000393   0.00000000
 -0.00026008   0.00000000     0.00022524  -0.00000000    -0.00004020   0.00000000
  0.00026557  -0.00000000     0.00002498  -0.00000000    -0.00000326   0.00000000
   20   15
  0.00296446  -0.00000000    -0.00777964   0.00000000     0.00895750  -0.00000000
 -0.00777927   0.00000000     0.01152156  -0.00000000    -0.01517223   0.00000000
 -0.00900227   0.00000000     0.01514275  -0.00000000    -0.02324436   0.00000000
   20   16
 -0.00010302   0.00000000     0.00019898  -0.00000000    -0.00008823   0.00000000
  0.00018968  -0.00000000    -0.00010921   0.00000000     0.00007188  -0.00000000
 -0.00004482   0.00000000     0.00003179  -0.00000000    -0.00027522   0.00000000
   20   17
 -0.00021995   0.00000000    -0.00055219   0.00000000    -0.00041334   0.00000000
  0.00055612  -0.00000000     0.00054387  -0.00000000     0.00024202  -0.00000000
 -0.00044374   0.00000000    -0.00025590   0.00000000    -0.00017249   0.00000000
   20   18
 -0.00004248   0.00000000    -0.00004953   0.00000000     0.00021570  -0.00000000
  0.00002242  -0.00000000     0.00001371  -0.00000000     0.00014212  -0.00000000
  0.00021518  -0.00000000    -0.00014908   0.00000000    -0.00003951   0.00000000
   20   19
 -0.00000858   0.00000000     0.00028293  -0.00000000     0.00000795  -0.00000000
  0.00028293  -0.00000000    -0.00008157   0.00000000     0.00003049  -0.00000000
 -0.00000795   0.00000000    -0.00003049   0.00000000    -0.00009354   0.00000000
   20   20
  0.08374611   0.00000000    -0.05440820   0.00000000     0.07746477   0.00000000
 -0.05440820   0.00000000     0.13509111   0.00000000    -0.13406979   0.00000000
  0.07746477   0.00000000    -0.13406979   0.00000000     0.28503625   0.00000000
   20   21
 -0.00000000   0.00000000     0.00008908  -0.00000000    -0.00011586   0.00000000
  0.00008908  -0.00000000    -0.00000000   0.00000000     0.00019350  -0.00000000
  0.00011586  -0.00000000     0.00019350  -0.00000000     0.00000000  -0.00000000
   20   22
  0.00000670  -0.00000000    -0.00036969   0.00000000     0.00003522  -0.00000000
  0.00036969  -0.00000000     0.00061035  -0.00000000    -0.00024963   0.00000000
 -0.00003522   0.00000000    -0.00024963   0.00000000     0.00011546  -0.00000000
   21    1
 -0.00353380  -0.00000000    -0.00384104  -0.00000000     0.00195232   0.00000000
 -0.00145211  -0.00000000    -0.00222170  -0.00000000     0.00056139   0.00000000
  0.00089256   0.00000000    -0.00141801  -0.00000000    -0.00326231  -0.00000000
   21    2
  0.00259221   0.00000000     0.00038996   0.00000000     0.00086957   0.00000000
 -0.00111961  -0.00000000     0.00605703   0.00000000     0.00052950   0.00000000
 -0.00205529  -0.00000000    -0.00215550  -0.00000000    -0.00256206  -0.00000000
   21    3
 -0.00065549  -0.00000000    -0.00024566  -0.00000000     0.00000152   0.00000000
 -0.00069060  -0.00000000    -0.00084169  -0.00000000    -0.00068544  -0.00000000
 -0.00077790  -0.00000000    -0.00081438  -0.00000000    -0.00075354  -0.00000000
   21    4
 -0.00076950  -0.00000000    -0.00094701  -0.00000000    -0.00004202  -0.00000000
 -0.00004678  -0.00000000    -0.00022628  -0.00000000    -0.00020127  -0.00000000
 -0.00092447  -0.00000000    -0.00052420  -0.00000000    -0.00069077  -0.00000000
   21    5
  0.00052516   0.00000000     0.00011981   0.00000000     0.00014319   0.00000000
 -0.00033372  -0.00000000     0.00085333   0.00000000     0.00021628   0.00000000
  0.00017718   0.00000000    -0.00012307  -0.00000000     0.00014600   0.00000000
   21    6
 -0.07122687  -0.00000000    -0.04556188  -0.00000000    -0.06828287  -0.00000000
 -0.04531186  -0.00000000    -0.12082355  -0.00000000    -0.11910935  -0.00000000
 -0.06822838  -0.00000000    -0.11936741  -0.00000000    -0.25884265  -0.00000000
   21    7
 -0.00019072  -0.00000000    -0.00014950  -0.00000000    -0.00008338  -0.00000000
 -0.00015848  -0.00000000    -0.00015635  -0.00000000    -0.00005199  -0.00000000
 -0.00020248  -0.00000000    -0.00007116  -0.00000000    -0.00012805  -0.00000000
   21    8
 -0.00128502   0.00000000     0.00034667  -0.00000000    -0.00047611   0.00000000
 -0.00067307   0.00000000     0.00061100  -0.00000000     0.00030296  -0.00000000
 -0.00077536   0.00000000     0.00002265  -0.00000000    -0.00009870   0.00000000
   21    9
 -0.00010880  -0.00000000    -0.00023391  -0.00000000     0.00004316   0.00000000
  0.00052059   0.00000000    -0.00030340  -0.00000000     0.00013188   0.00000000
  0.00004188   0.00000000    -0.00000496  -0.00000000    -0.00010801  -0.00000000
   21   10
 -0.00989210   0.00000000    -0.01870802   0.00000000    -0.03031967   0.00000000
 -0.00023587   0.00000000    -0.00132481   0.00000000    -0.00127955   0.00000000
 -0.00068196   0.00000000     0.00082828  -0.00000000     0.00013419  -0.00000000
   21   11
  0.00008101   0.00000000     0.00012542   0.00000000     0.00000393   0.00000000
 -0.00026008  -0.00000000    -0.00022524  -0.00000000    -0.00004020  -0.00000000
 -0.00026557  -0.00000000     0.00002498   0.00000000     0.00000326   0.00000000
   21   12
 -0.00031397   0.00000000     0.00076127  -0.00000000     0.00002851  -0.00000000
 -0.00029323   0.00000000     0.00111252  -0.00000000    -0.00004462   0.00000000
 -0.00008462   0.00000000     0.00041001  -0.00000000    -0.00009434   0.00000000
   21   13
 -0.00014769  -0.00000000     0.00023524   0.00000000     0.00012839   0.00000000
  0.00003150   0.00000000    -0.00030775  -0.00000000     0.00013262   0.00000000
  0.00018773   0.00000000     0.00004088   0.00000000    -0.00003193  -0.00000000
   21   14
  0.00393694  -0.00000000     0.00691450  -0.00000000     0.01233011  -0.00000000
 -0.01198761   0.00000000    -0.01557267   0.00000000    -0.02733238   0.00000000
  0.00099556  -0.00000000     0.00005202  -0.00000000    -0.00012496   0.00000000
   21   15
  0.00004248   0.00000000    -0.00004953  -0.00000000    -0.00021570  -0.00000000
  0.00002242   0.00000000    -0.00001371  -0.00000000     0.00014212   0.00000000
 -0.00021518  -0.00000000    -0.00014908  -0.00000000     0.00003951   0.00000000
   21   16
 -0.00021995   0.00000000     0.00055219  -0.00000000    -0.00041334   0.00000000
 -0.00055612   0.00000000     0.00054387  -0.00000000    -0.00024202   0.00000000
 -0.00044374   0.00000000     0.00025590  -0.00000000    -0.00017249   0.00000000
   21   17
  0.00010302   0.00000000     0.00019898   0.00000000     0.00008823   0.00000000
  0.00018968   0.00000000     0.00010921   0.00000000     0.00007188   0.00000000
  0.00004482   0.00000000     0.00003179   0.00000000     0.00027522   0.00000000
   21   18
  0.00296446  -0.00000000     0.00777964  -0.00000000     0.00895750  -0.00000000
  0.00777927  -0.00000000     0.01152156  -0.00000000     0.01517223  -0.00000000
 -0.00900227   0.00000000    -0.01514275   0.00000000    -0.02324436   0.00000000
   21   19
  0.00000670   0.00000000     0.00036969   0.00000000     0.00003522   0.00000000
 -0.00036969  -0.00000000     0.00061035   0.00000000     0.00024963   0.00000000
 -0.00003522  -0.00000000     0.00024963   0.00000000     0.00011546   0.00000000
   21   20
  0.00000000  -0.00000000     0.00008908   0.00000000     0.00011586   0.00000000
  0.00008908   0.00000000     0.00000000  -0.00000000     0.00019350   0.00000000
 -0.00011586  -0.00000000     0.00019350   0.00000000    -0.00000000   0.00000000
   21   21
  0.08374611   0.00000000     0.05440820   0.00000000     0.07746477   0.00000000
  0.05440820   0.00000000     0.13509111   0.00000000     0.13406979   0.00000000
  0.07746477   0.00000000     0.13406979   0.00000000     0.28503625   0.00000000
   21   22
  0.00000858   0.00000000     0.00028293   0.00000000    -0.00000795  -0.00000000
  0.00028293   0.00000000     0.00008157   0.00000000     0.00003049   0.00000000
  0.00000795   0.00000000    -0.00003049  -0.00000000     0.00009354   0.00000000
   22    1
 -0.00353380   0.00000000    -0.00384104   0.00000000    -0.00195232   0.00000000
 -0.00145211   0.00000000    -0.00222170   0.00000000    -0.00056139   0.00000000
 -0.00089256   0.00000000     0.00141801  -0.00000000    -0.00326231   0.00000000
   22    2
 -0.00259221  -0.00000000    -0.00038996  -0.00000000     0.00086957   0.00000000
  0.00111961   0.00000000    -0.00605703  -0.00000000     0.00052950   0.00000000
 -0.00205529  -0.00000000    -0.00215550  -0.00000000     0.00256206   0.00000000
   22    3
 -0.00076950  -0.00000000    -0.00094701  -0.00000000     0.00004202   0.00000000
 -0.00004678  -0.00000000    -0.00022628  -0.00000000     0.00020127   0.00000000
  0.00092447   0.00000000     0.00052420   0.00000000    -0.00069077  -0.00000000
   22    4
 -0.00065549   0.00000000    -0.00024566   0.00000000    -0.00000152   0.00000000
 -0.00069060   0.00000000    -0.00084169   0.00000000     0.00068544  -0.00000000
  0.00077790  -0.00000000     0.00081438  -0.00000000    -0.00075354   0.00000000
   22    5
 -0.07122687  -0.00000000    -0.04556188  -0.00000000     0.06828287   0.00000000
 -0.04531186  -0.00000000    -0.12082355  -0.00000000     0.11910935   0.00000000
  0.06822838   0.00000000     0.11936741   0.00000000    -0.25884265  -0.00000000
   22    6
  0.00052516   0.00000000     0.00011981   0.00000000    -0.00014319  -0.00000000
 -0.00033372  -0.00000000     0.00085333   0.00000000    -0.00021628  -0.00000000
 -0.00017718  -0.00000000     0.00012307   0.00000000     0.00014600   0.00000000
   22    7
 -0.00128502  -0.00000000     0.00034667   0.00000000     0.00047611   0.00000000
 -0.00067307  -0.00000000     0.00061100   0.00000000    -0.00030296  -0.00000000
  0.00077536   0.00000000    -0.00002265  -0.00000000    -0.00009870  -0.00000000
   22    8
 -0.00019072   0.00000000    -0.00014950   0.00000000     0.00008338  -0.00000000
 -0.00015848   0.00000000    -0.00015635   0.00000000     0.00005199  -0.00000000
  0.00020248  -0.00000000     0.00007116  -0.00000000    -0.00012805   0.00000000
   22    9
 -0.00989210  -0.00000000    -0.01870802  -0.00000000     0.03031967   0.00000000
 -0.00023587  -0.00000000    -0.00132481  -0.00000000     0.00127955   0.00000000
  0.00068196   0.00000000    -0.00082828  -0.00000000     0.00013419   0.00000000
   22   10
 -0.00010880   0.00000000    -0.00023391   0.00000000    -0.00004316   0.00000000
  0.00052059  -0.00000000    -0.00030340   0.00000000    -0.00013188   0.00000000
 -0.00004188   0.00000000     0.00000496  -0.00000000    -0.00010801   0.00000000
   22   11
 -0.00031397  -0.00000000     0.00076127   0.00000000    -0.00002851  -0.00000000
 -0.00029323  -0.00000000     0.00111252   0.00000000     0.00004462   0.00000000
  0.00008462   0.00000000    -0.00041001  -0.00000000    -0.00009434  -0.00000000
   22   12
  0.00008101  -0.00000000     0.00012542  -0.00000000    -0.00000393   0.00000000
 -0.00026008   0.00000000    -0.00022524   0.00000000     0.00004020  -0.00000000
  0.00026557  -0.00000000    -0.00002498   0.00000000     0.00000326  -0.00000000
   22   13
  0.00393694   0.00000000     0.00691450   0.00000000    -0.01233011  -0.00000000
 -0.01198761  -0.00000000    -0.01557267  -0.00000000     0.02733238   0.00000000
 -0.00099556  -0.00000000    -0.00005202  -0.00000000    -0.00012496  -0.00000000
   22   14
 -0.00014769   0.00000000     0.00023524  -0.00000000    -0.00012839   0.00000000
  0.00003150  -0.00000000    -0.00030775   0.00000000    -0.00013262   0.00000000
 -0.00018773   0.00000000    -0.00004088   0.00000000    -0.00003193   0.00000000
   22   15
 -0.00021995  -0.00000000     0.00055219   0.00000000     0.00041334   0.00000000
 -0.00055612  -0.00000000     0.00054387   0.00000000     0.00024202   0.00000000
  0.00044374   0.00000000    -0.00025590  -0.00000000    -0.00017249  -0.00000000
   22   16
  0.00004248  -0.00000000    -0.00004953   0.00000000     0.00021570  -0.00000000
  0.00002242  -0.00000000    -0.00001371   0.00000000    -0.00014212   0.00000000
  0.00021518  -0.00000000     0.00014908  -0.00000000     0.00003951  -0.00000000
   22   17
  0.00296446   0.00000000     0.00777964   0.00000000    -0.00895750  -0.00000000
  0.00777927   0.00000000     0.01152156   0.00000000    -0.01517223  -0.00000000
  0.00900227   0.00000000     0.01514275   0.00000000    -0.02324436  -0.00000000
   22   18
  0.00010302  -0.00000000     0.00019898  -0.00000000    -0.00008823   0.00000000
  0.00018968  -0.00000000     0.00010921  -0.00000000    -0.00007188   0.00000000
 -0.00004482   0.00000000    -0.00003179   0.00000000     0.00027522  -0.00000000
   22   19
  0.00000000   0.00000000     0.00008908   0.00000000    -0.00011586  -0.00000000
  0.00008908   0.00000000     0.00000000   0.00000000    -0.00019350  -0.00000000
  0.00011586   0.00000000    -0.00019350  -0.00000000    -0.00000000  -0.00000000
   22   20
  0.00000670   0.00000000     0.00036969   0.00000000    -0.00003522  -0.00000000
 -0.00036969  -0.00000000     0.00061035   0.00000000    -0.00024963  -0.00000000
  0.00003522   0.00000000    -0.00024963  -0.00000000     0.00011546   0.00000000
   22   21
  0.00000858  -0.00000000     0.00028293  -0.00000000     0.00000795  -0.00000000
  0.00028293  -0.00000000     0.00008157  -0.00000000    -0.00003049   0.00000000
 -0.00000795   0.00000000     0.00003049  -0.00000000     0.00009354  -0.00000000
   22   22
  0.08374611   0.00000000     0.05440820   0.00000000    -0.07746477   0.00000000
  0.05440820   0.00000000     0.13509111   0.00000000    -0.13406979   0.00000000
 -0.07746477   0.00000000    -0.13406979   0.00000000     0.28503625   0.00000000

     Diagonalizing the dynamical matrix

     q = (    0.000000000  -0.505667486   0.000000000 ) 

 **************************************************************************
     freq (    1) =       1.257241 [THz] =      41.937057 [cm-1]
 ( -0.009308  0.000000 -0.006261  0.000000 -0.319512  0.000000 ) 
 ( -0.104872  0.000000  0.070544 -0.000000  0.028358  0.000000 ) 
 ( -0.108824  0.000000 -0.041854  0.000000 -0.221671  0.000000 ) 
 (  0.092743 -0.000000  0.028518 -0.000000 -0.231923  0.000000 ) 
 ( -0.099540  0.000000  0.078255 -0.000000 -0.037627  0.000000 ) 
 (  0.081650 -0.000000 -0.072009  0.000000 -0.077885  0.000000 ) 
 ( -0.102353  0.000000  0.043834 -0.000000 -0.254732  0.000000 ) 
 (  0.085991 -0.000000 -0.058920  0.000000 -0.263164  0.000000 ) 
 ( -0.100531  0.000000  0.080429 -0.000000 -0.024517  0.000000 ) 
 (  0.083815 -0.000000 -0.089549  0.000000 -0.070482  0.000000 ) 
 ( -0.026493  0.000000 -0.077223  0.000000 -0.233212  0.000000 ) 
 (  0.008415 -0.000000  0.064969 -0.000000 -0.233923  0.000000 ) 
 ( -0.103394  0.000000  0.075339  0.000000  0.016721  0.000000 ) 
 (  0.100296 -0.000000 -0.062719  0.000000 -0.024739  0.000000 ) 
 ( -0.117968  0.000000 -0.101921  0.000000 -0.184722  0.000000 ) 
 (  0.105009 -0.000000  0.077584 -0.000000 -0.203058  0.000000 ) 
 ( -0.082900  0.000000  0.145072  0.000000 -0.086089  0.000000 ) 
 (  0.063110 -0.000000 -0.129140  0.000000 -0.120506  0.000000 ) 
 (  0.171235 -0.000000  0.036859 -0.000000 -0.206660  0.000000 ) 
 ( -0.188329  0.000000 -0.038677  0.000000 -0.188575  0.000000 ) 
 (  0.080348 -0.000000 -0.006886  0.000000 -0.119424  0.000000 ) 
 ( -0.112260  0.000000  0.013590  0.000000 -0.084345  0.000000 ) 
     freq (    2) =       1.257241 [THz] =      41.937057 [cm-1]
 ( -0.104872  0.000000 -0.070544  0.000000  0.028358  0.000000 ) 
 (  0.009308  0.000000 -0.006261  0.000000  0.319512  0.000000 ) 
 ( -0.081650  0.000000 -0.072009  0.000000  0.077885  0.000000 ) 
 ( -0.099540  0.000000 -0.078255  0.000000 -0.037627  0.000000 ) 
 ( -0.092743  0.000000  0.028518  0.000000  0.231923  0.000000 ) 
 ( -0.108824  0.000000  0.041854  0.000000 -0.221671  0.000000 ) 
 ( -0.083815  0.000000 -0.089549  0.000000  0.070482  0.000000 ) 
 ( -0.100531  0.000000 -0.080429  0.000000 -0.024517  0.000000 ) 
 ( -0.085991  0.000000 -0.058920  0.000000  0.263164  0.000000 ) 
 ( -0.102353  0.000000 -0.043834  0.000000 -0.254732  0.000000 ) 
 ( -0.100296  0.000000 -0.062719  0.000000  0.024739  0.000000 ) 
 ( -0.103394  0.000000 -0.075339  0.000000  0.016721  0.000000 ) 
 ( -0.008415  0.000000  0.064969  0.000000  0.233923  0.000000 ) 
 ( -0.026493  0.000000  0.077223  0.000000 -0.233212  0.000000 ) 
 ( -0.063110  0.000000 -0.129140  0.000000  0.120506  0.000000 ) 
 ( -0.082900  0.000000 -0.145072  0.000000 -0.086089  0.000000 ) 
 ( -0.105009  0.000000  0.077584  0.000000  0.203058  0.000000 ) 
 ( -0.117968  0.000000  0.101921  0.000000 -0.184722  0.000000 ) 
 ( -0.112260  0.000000 -0.013590  0.000000 -0.084345  0.000000 ) 
 ( -0.080348  0.000000 -0.006886  0.000000  0.119424  0.000000 ) 
 ( -0.188329  0.000000  0.038677  0.000000 -0.188575  0.000000 ) 
 ( -0.171235  0.000000  0.036859  0.000000  0.206660  0.000000 ) 
     freq (    3) =       1.358444 [THz] =      45.312824 [cm-1]
 ( -0.050098  0.000000 -0.039792  0.000000  0.101567  0.000000 ) 
 ( -0.166447  0.000000  0.132207  0.000000 -0.030570  0.000000 ) 
 ( -0.194699  0.000000 -0.101447  0.000000  0.063396  0.000000 ) 
 (  0.107242  0.000000  0.015058  0.000000  0.076616  0.000000 ) 
 ( -0.190724  0.000000  0.161044  0.000000  0.000890  0.000000 ) 
 (  0.099844  0.000000 -0.125978  0.000000  0.043031  0.000000 ) 
 ( -0.184896  0.000000  0.036157  0.000000  0.071100  0.000000 ) 
 (  0.096131  0.000000 -0.128463  0.000000  0.080647  0.000000 ) 
 ( -0.189749  0.000000  0.128565  0.000000 -0.006978  0.000000 ) 
 (  0.105164  0.000000 -0.178113  0.000000  0.038696  0.000000 ) 
 ( -0.062900  0.000000 -0.158230  0.000000  0.083101  0.000000 ) 
 ( -0.032010  0.000000  0.076473  0.000000  0.085605  0.000000 ) 
 ( -0.162314  0.000000  0.171137  0.000000 -0.021230  0.000000 ) 
 (  0.153017  0.000000 -0.100495  0.000000  0.029548  0.000000 ) 
 ( -0.276388  0.000000 -0.123398  0.000000  0.047620  0.000000 ) 
 (  0.188700  0.000000  0.050431  0.000000  0.069915  0.000000 ) 
 ( -0.215660  0.000000  0.147374  0.000000  0.019350  0.000000 ) 
 (  0.075675  0.000000 -0.095054  0.000000  0.054726  0.000000 ) 
 (  0.180089  0.000000  0.074056  0.000000  0.064372  0.000000 ) 
 ( -0.260191  0.000000 -0.173157  0.000000  0.040808  0.000000 ) 
 (  0.066807  0.000000 -0.127424  0.000000  0.054973  0.000000 ) 
 ( -0.199324  0.000000  0.201831  0.000000  0.023315  0.000000 ) 
     freq (    4) =       1.358444 [THz] =      45.312824 [cm-1]
 (  0.166447  0.000000  0.132207  0.000000  0.030570  0.000000 ) 
 ( -0.050098  0.000000  0.039792  0.000000  0.101567  0.000000 ) 
 (  0.099844  0.000000  0.125978  0.000000  0.043031  0.000000 ) 
 (  0.190724  0.000000  0.161044  0.000000 -0.000890  0.000000 ) 
 (  0.107242  0.000000 -0.015058  0.000000  0.076616  0.000000 ) 
 (  0.194699  0.000000 -0.101447  0.000000 -0.063396  0.000000 ) 
 (  0.105164  0.000000  0.178113  0.000000  0.038696  0.000000 ) 
 (  0.189749  0.000000  0.128565  0.000000  0.006978  0.000000 ) 
 (  0.096131  0.000000  0.128463  0.000000  0.080647  0.000000 ) 
 (  0.184896  0.000000  0.036157  0.000000 -0.071100  0.000000 ) 
 (  0.153017  0.000000  0.100495  0.000000  0.029548  0.000000 ) 
 (  0.162314  0.000000  0.171137  0.000000  0.021230  0.000000 ) 
 ( -0.032010  0.000000 -0.076473  0.000000  0.085605  0.000000 ) 
 (  0.062900  0.000000 -0.158230  0.000000 -0.083101  0.000000 ) 
 (  0.075675  0.000000  0.095054  0.000000  0.054726  0.000000 ) 
 (  0.215660  0.000000  0.147374  0.000000 -0.019350  0.000000 ) 
 (  0.188700  0.000000 -0.050431  0.000000  0.069915  0.000000 ) 
 (  0.276388  0.000000 -0.123398  0.000000 -0.047620  0.000000 ) 
 (  0.199324  0.000000  0.201831  0.000000 -0.023315  0.000000 ) 
 (  0.066807  0.000000  0.127424  0.000000  0.054973  0.000000 ) 
 (  0.260191  0.000000 -0.173157  0.000000 -0.040808  0.000000 ) 
 (  0.180089  0.000000 -0.074056  0.000000  0.064372  0.000000 ) 
     freq (    5) =       1.836636 [THz] =      61.263582 [cm-1]
 (  0.024608  0.000000 -0.027321  0.000000  0.009615  0.000000 ) 
 ( -0.245304  0.000000 -0.272348  0.000000  0.000965  0.000000 ) 
 ( -0.007098  0.000000 -0.008595  0.000000  0.010933  0.000000 ) 
 (  0.016594  0.000000 -0.043421  0.000000  0.010620  0.000000 ) 
 ( -0.046146  0.000000 -0.257515  0.000000  0.002641  0.000000 ) 
 (  0.048523  0.000000  0.261009  0.000000  0.000479  0.000000 ) 
 ( -0.001156  0.000000  0.064074  0.000000  0.019499  0.000000 ) 
 (  0.013234  0.000000 -0.087054  0.000000  0.018818  0.000000 ) 
 ( -0.059478  0.000000 -0.106961  0.000000  0.005317  0.000000 ) 
 (  0.060922  0.000000  0.122122  0.000000  0.001473  0.000000 ) 
 (  0.073822  0.000000 -0.041860  0.000000 -0.002424  0.000000 ) 
 ( -0.036302  0.000000 -0.021565  0.000000 -0.001532  0.000000 ) 
 ( -0.192533  0.000000 -0.317141  0.000000 -0.004647  0.000000 ) 
 (  0.181486  0.000000  0.315105  0.000000 -0.004250  0.000000 ) 
 ( -0.058687  0.000000 -0.044688  0.000000  0.013018  0.000000 ) 
 (  0.051671  0.000000 -0.018027  0.000000  0.011332  0.000000 ) 
 (  0.040502  0.000000 -0.313924  0.000000  0.009622  0.000000 ) 
 ( -0.029431  0.000000  0.311249  0.000000  0.007179  0.000000 ) 
 (  0.035593  0.000000 -0.035097  0.000000  0.014025  0.000000 ) 
 ( -0.041798  0.000000 -0.025687  0.000000  0.013832  0.000000 ) 
 ( -0.027047  0.000000  0.303432  0.000000 -0.002357  0.000000 ) 
 (  0.034810  0.000000 -0.302488  0.000000  0.000438  0.000000 ) 
     freq (    6) =       1.836636 [THz] =      61.263582 [cm-1]
 (  0.245304  0.000000 -0.272348  0.000000 -0.000965  0.000000 ) 
 (  0.024608  0.000000  0.027321  0.000000  0.009615  0.000000 ) 
 (  0.048523  0.000000 -0.261009  0.000000  0.000479  0.000000 ) 
 (  0.046146  0.000000 -0.257515  0.000000 -0.002641  0.000000 ) 
 (  0.016594  0.000000  0.043421  0.000000  0.010620  0.000000 ) 
 (  0.007098  0.000000 -0.008595  0.000000 -0.010933  0.000000 ) 
 (  0.060922  0.000000 -0.122122  0.000000  0.001473  0.000000 ) 
 (  0.059478  0.000000 -0.106961  0.000000 -0.005317  0.000000 ) 
 (  0.013234  0.000000  0.087054  0.000000  0.018818  0.000000 ) 
 (  0.001156  0.000000  0.064074  0.000000 -0.019499  0.000000 ) 
 (  0.181486  0.000000 -0.315105  0.000000 -0.004250  0.000000 ) 
 (  0.192533  0.000000 -0.317141  0.000000  0.004647  0.000000 ) 
 ( -0.036302  0.000000  0.021565  0.000000 -0.001532  0.000000 ) 
 ( -0.073822  0.000000 -0.041860  0.000000  0.002424  0.000000 ) 
 ( -0.029431  0.000000 -0.311249  0.000000  0.007179  0.000000 ) 
 ( -0.040502  0.000000 -0.313924  0.000000 -0.009622  0.000000 ) 
 (  0.051671  0.000000  0.018027  0.000000  0.011332  0.000000 ) 
 (  0.058687  0.000000 -0.044688  0.000000 -0.013018  0.000000 ) 
 ( -0.034810  0.000000 -0.302488  0.000000 -0.000438  0.000000 ) 
 ( -0.027047  0.000000 -0.303432  0.000000 -0.002357  0.000000 ) 
 (  0.041798  0.000000 -0.025687  0.000000 -0.013832  0.000000 ) 
 (  0.035593  0.000000  0.035097  0.000000  0.014025  0.000000 ) 
     freq (    7) =       3.797638 [THz] =     126.675579 [cm-1]
 (  0.024176  0.000000  0.030532  0.000000 -0.001408  0.000000 ) 
 ( -0.042822  0.000000  0.054081 -0.000000 -0.000795  0.000000 ) 
 (  0.090591 -0.000000  0.085986 -0.000000  0.000978 -0.000000 ) 
 ( -0.234955  0.000000 -0.187938  0.000000  0.001600 -0.000000 ) 
 (  0.035963 -0.000000 -0.012973  0.000000  0.000176  0.000000 ) 
 ( -0.219751  0.000000  0.167617  0.000000 -0.001279  0.000000 ) 
 (  0.091200 -0.000000  0.064084 -0.000000 -0.001570  0.000000 ) 
 ( -0.227103  0.000000 -0.031877  0.000000 -0.000074  0.000000 ) 
 (  0.030514 -0.000000  0.055612  0.000000 -0.001790  0.000000 ) 
 ( -0.210212  0.000000 -0.001436  0.000000 -0.000862  0.000000 ) 
 (  0.077402 -0.000000  0.091129 -0.000000  0.000634  0.000000 ) 
 ( -0.106266  0.000000 -0.233569  0.000000 -0.000849  0.000000 ) 
 ( -0.026282  0.000000 -0.034498  0.000000  0.001253 -0.000000 ) 
 ( -0.077408  0.000000  0.217808  0.000000  0.001374 -0.000000 ) 
 (  0.094462 -0.000000  0.087170 -0.000000  0.000696  0.000000 ) 
 ( -0.290373  0.000000 -0.222547  0.000000  0.000200 -0.000000 ) 
 (  0.064881 -0.000000 -0.032472  0.000000  0.000693  0.000000 ) 
 ( -0.282140  0.000000  0.207323  0.000000  0.000187 -0.000000 ) 
 ( -0.289028  0.000000 -0.228182  0.000000  0.006728 -0.000000 ) 
 (  0.090923 -0.000000  0.089311 -0.000000  0.003815 -0.000000 ) 
 ( -0.282704  0.000000  0.212613  0.000000 -0.005556  0.000000 ) 
 (  0.068202 -0.000000 -0.033371  0.000000  0.000396  0.000000 ) 
     freq (    8) =       3.797638 [THz] =     126.675579 [cm-1]
 (  0.042822  0.000000  0.054081  0.000000  0.000795  0.000000 ) 
 (  0.024176  0.000000 -0.030532  0.000000 -0.001408  0.000000 ) 
 ( -0.219751  0.000000 -0.167617  0.000000 -0.001279  0.000000 ) 
 ( -0.035963  0.000000 -0.012973  0.000000 -0.000176  0.000000 ) 
 ( -0.234955  0.000000  0.187938  0.000000  0.001600  0.000000 ) 
 ( -0.090591  0.000000  0.085986  0.000000 -0.000978  0.000000 ) 
 ( -0.210212  0.000000  0.001436  0.000000 -0.000862  0.000000 ) 
 ( -0.030514  0.000000  0.055612  0.000000  0.001790  0.000000 ) 
 ( -0.227103  0.000000  0.031877  0.000000 -0.000074  0.000000 ) 
 ( -0.091200  0.000000  0.064084  0.000000  0.001570  0.000000 ) 
 ( -0.077408  0.000000 -0.217808  0.000000  0.001374  0.000000 ) 
 (  0.026282  0.000000 -0.034498  0.000000 -0.001253  0.000000 ) 
 ( -0.106266  0.000000  0.233569  0.000000 -0.000849  0.000000 ) 
 ( -0.077402  0.000000  0.091129  0.000000 -0.000634  0.000000 ) 
 ( -0.282140  0.000000 -0.207323  0.000000  0.000187  0.000000 ) 
 ( -0.064881  0.000000 -0.032472  0.000000 -0.000693  0.000000 ) 
 ( -0.290373  0.000000  0.222547  0.000000  0.000200  0.000000 ) 
 ( -0.094462  0.000000  0.087170  0.000000 -0.000696  0.000000 ) 
 ( -0.068202  0.000000 -0.033371  0.000000 -0.000396  0.000000 ) 
 ( -0.282704  0.000000 -0.212613  0.000000 -0.005556  0.000000 ) 
 ( -0.090923  0.000000  0.089311  0.000000 -0.003815  0.000000 ) 
 ( -0.289028  0.000000  0.228182  0.000000  0.006728  0.000000 ) 
     freq (    9) =       5.302129 [THz] =     176.860002 [cm-1]
 ( -0.000662  0.000000  0.009293  0.000000 -0.000874  0.000000 ) 
 (  0.001178  0.000000  0.016519  0.000000 -0.000492  0.000000 ) 
 ( -0.182395  0.000000 -0.167191  0.000000  0.007968  0.000000 ) 
 (  0.010922  0.000000  0.056717  0.000000  0.013943  0.000000 ) 
 (  0.206778  0.000000 -0.161169  0.000000  0.000853  0.000000 ) 
 ( -0.098023  0.000000  0.035204  0.000000 -0.011474  0.000000 ) 
 ( -0.164444  0.000000  0.078066  0.000000  0.016434  0.000000 ) 
 (  0.003999  0.000000 -0.079741  0.000000  0.015408  0.000000 ) 
 (  0.189979  0.000000  0.042900  0.000000  0.009868  0.000000 ) 
 ( -0.095217  0.000000  0.045878  0.000000 -0.008045  0.000000 ) 
 (  0.032760  0.000000 -0.249566  0.000000 -0.006494  0.000000 ) 
 ( -0.111492  0.000000  0.106085  0.000000  0.002783  0.000000 ) 
 (  0.029398  0.000000 -0.227562  0.000000 -0.009290  0.000000 ) 
 ( -0.110551  0.000000  0.027482  0.000000 -0.007202  0.000000 ) 
 ( -0.305225  0.000000 -0.250794  0.000000  0.012386  0.000000 ) 
 (  0.087721  0.000000  0.113341  0.000000  0.018678  0.000000 ) 
 (  0.303841  0.000000 -0.224591  0.000000  0.003146  0.000000 ) 
 ( -0.082780  0.000000  0.019738  0.000000 -0.014329  0.000000 ) 
 (  0.081880  0.000000  0.094414  0.000000  0.018612  0.000000 ) 
 ( -0.287572  0.000000 -0.229599  0.000000  0.010125  0.000000 ) 
 ( -0.078891  0.000000  0.029008  0.000000 -0.015626  0.000000 ) 
 (  0.286735  0.000000 -0.211290  0.000000  0.000541  0.000000 ) 
     freq (   10) =       5.302129 [THz] =     176.860002 [cm-1]
 ( -0.001178  0.000000  0.016519  0.000000  0.000492  0.000000 ) 
 ( -0.000662  0.000000 -0.009293  0.000000 -0.000874  0.000000 ) 
 ( -0.098023  0.000000 -0.035204  0.000000 -0.011474  0.000000 ) 
 ( -0.206778  0.000000 -0.161169  0.000000 -0.000853  0.000000 ) 
 (  0.010922  0.000000 -0.056717  0.000000  0.013943  0.000000 ) 
 (  0.182395  0.000000 -0.167191  0.000000 -0.007968  0.000000 ) 
 ( -0.095217  0.000000 -0.045878  0.000000 -0.008045  0.000000 ) 
 ( -0.189979  0.000000  0.042900  0.000000 -0.009868  0.000000 ) 
 (  0.003999  0.000000  0.079741  0.000000  0.015408  0.000000 ) 
 (  0.164444  0.000000  0.078066  0.000000 -0.016434  0.000000 ) 
 ( -0.110551  0.000000 -0.027482  0.000000 -0.007202  0.000000 ) 
 ( -0.029398  0.000000 -0.227562  0.000000  0.009290  0.000000 ) 
 ( -0.111492  0.000000 -0.106085  0.000000  0.002783  0.000000 ) 
 ( -0.032760  0.000000 -0.249566  0.000000  0.006494  0.000000 ) 
 ( -0.082780  0.000000 -0.019738  0.000000 -0.014329  0.000000 ) 
 ( -0.303841  0.000000 -0.224591  0.000000 -0.003146  0.000000 ) 
 (  0.087721  0.000000 -0.113341  0.000000  0.018678  0.000000 ) 
 (  0.305225  0.000000 -0.250794  0.000000 -0.012386  0.000000 ) 
 ( -0.286735  0.000000 -0.211290  0.000000 -0.000541  0.000000 ) 
 ( -0.078891  0.000000 -0.029008  0.000000 -0.015626  0.000000 ) 
 (  0.287572  0.000000 -0.229599  0.000000 -0.010125  0.000000 ) 
 (  0.081880  0.000000 -0.094414  0.000000  0.018612  0.000000 ) 
     freq (   11) =       5.912799 [THz] =     197.229753 [cm-1]
 (  0.000602  0.000000 -0.000316  0.000000  0.040889 -0.000000 ) 
 ( -0.001496  0.000000 -0.000786  0.000000  0.016442  0.000000 ) 
 ( -0.000821  0.000000 -0.006376  0.000000 -0.287211  0.000000 ) 
 ( -0.008234  0.000000  0.009027 -0.000000 -0.171815  0.000000 ) 
 (  0.009768 -0.000000  0.000199  0.000000 -0.235776  0.000000 ) 
 ( -0.012749  0.000000 -0.006393  0.000000 -0.051194  0.000000 ) 
 ( -0.000286  0.000000  0.005626 -0.000000 -0.271923  0.000000 ) 
 ( -0.008709  0.000000 -0.004185  0.000000 -0.141291  0.000000 ) 
 (  0.009490 -0.000000  0.003765  0.000000 -0.245510  0.000000 ) 
 ( -0.012877  0.000000  0.000180  0.000000 -0.079350  0.000000 ) 
 (  0.010436  0.000000 -0.011007  0.000000 -0.132743  0.000000 ) 
 ( -0.020958  0.000000  0.014462 -0.000000 -0.106128  0.000000 ) 
 (  0.006771  0.000000 -0.000825  0.000000 -0.081121  0.000000 ) 
 ( -0.019395  0.000000 -0.009416  0.000000  0.014934  0.000000 ) 
 (  0.015396  0.000000  0.125643 -0.000000 -0.359473  0.000000 ) 
 (  0.007319  0.000000 -0.048868  0.000000 -0.211184  0.000000 ) 
 ( -0.029868  0.000000  0.130551 -0.000000 -0.299121  0.000000 ) 
 (  0.026620 -0.000000 -0.060377  0.000000 -0.069650  0.000000 ) 
 ( -0.006666  0.000000  0.076846  0.000000 -0.211039  0.000000 ) 
 ( -0.030685  0.000000 -0.147178  0.000000 -0.359488  0.000000 ) 
 ( -0.041614  0.000000  0.042410  0.000000 -0.069875  0.000000 ) 
 (  0.051273 -0.000000 -0.132494  0.000000 -0.299294  0.000000 ) 
     freq (   12) =       5.912799 [THz] =     197.229753 [cm-1]
 (  0.001496 -0.000000 -0.000786  0.000000 -0.016442  0.000000 ) 
 (  0.000602  0.000000  0.000316  0.000000  0.040889 -0.000000 ) 
 ( -0.012749  0.000000  0.006393  0.000000 -0.051194  0.000000 ) 
 ( -0.009768  0.000000  0.000199  0.000000  0.235776  0.000000 ) 
 ( -0.008234  0.000000 -0.009027  0.000000 -0.171815  0.000000 ) 
 (  0.000821  0.000000 -0.006376  0.000000  0.287211 -0.000000 ) 
 ( -0.012877  0.000000 -0.000180  0.000000 -0.079350  0.000000 ) 
 ( -0.009490  0.000000  0.003765  0.000000  0.245510 -0.000000 ) 
 ( -0.008709  0.000000  0.004185 -0.000000 -0.141291  0.000000 ) 
 (  0.000286  0.000000  0.005626 -0.000000  0.271923 -0.000000 ) 
 ( -0.019395  0.000000  0.009416  0.000000  0.014934  0.000000 ) 
 ( -0.006771  0.000000 -0.000825  0.000000  0.081121  0.000000 ) 
 ( -0.020958  0.000000 -0.014462  0.000000 -0.106128  0.000000 ) 
 ( -0.010436  0.000000 -0.011007  0.000000  0.132743 -0.000000 ) 
 (  0.026620 -0.000000  0.060377  0.000000 -0.069650  0.000000 ) 
 (  0.029868 -0.000000  0.130551 -0.000000  0.299121 -0.000000 ) 
 (  0.007319  0.000000  0.048868  0.000000 -0.211184  0.000000 ) 
 ( -0.015396  0.000000  0.125643 -0.000000  0.359473 -0.000000 ) 
 ( -0.051273  0.000000 -0.132494  0.000000  0.299294 -0.000000 ) 
 ( -0.041614  0.000000 -0.042410  0.000000 -0.069875  0.000000 ) 
 (  0.030685  0.000000 -0.147178  0.000000  0.359488 -0.000000 ) 
 ( -0.006666  0.000000 -0.076846  0.000000 -0.211039  0.000000 ) 
     freq (   13) =       6.584813 [THz] =     219.645710 [cm-1]
 (  0.002217 -0.000000 -0.001918  0.000000 -0.008805  0.000000 ) 
 (  0.003162  0.000000  0.002736  0.000000  0.006174 -0.000000 ) 
 ( -0.037503  0.000000  0.037637 -0.000000  0.273534 -0.000000 ) 
 (  0.007531  0.000000 -0.012248  0.000000 -0.021457  0.000000 ) 
 ( -0.037162  0.000000 -0.035594  0.000000 -0.298739  0.000000 ) 
 (  0.005587  0.000000  0.000618  0.000000 -0.122002  0.000000 ) 
 ( -0.038612  0.000000  0.000909 -0.000000  0.137948 -0.000000 ) 
 (  0.007653  0.000000  0.001152 -0.000000 -0.042888  0.000000 ) 
 ( -0.038297  0.000000 -0.001385  0.000000 -0.162286  0.000000 ) 
 (  0.005860  0.000000  0.001555  0.000000 -0.095637  0.000000 ) 
 ( -0.073576  0.000000  0.052730 -0.000000  0.239112 -0.000000 ) 
 (  0.021184  0.000000 -0.018214  0.000000  0.024704  0.000000 ) 
 ( -0.070583  0.000000 -0.049485  0.000000 -0.245387  0.000000 ) 
 (  0.004144  0.000000 -0.000256  0.000000 -0.060420  0.000000 ) 
 (  0.073779 -0.000000 -0.003501  0.000000  0.335099 -0.000000 ) 
 ( -0.023224  0.000000 -0.056665  0.000000 -0.035711  0.000000 ) 
 (  0.070058 -0.000000  0.024270  0.000000 -0.369394  0.000000 ) 
 ( -0.002048  0.000000 -0.061545  0.000000 -0.159486  0.000000 ) 
 (  0.021402  0.000000  0.022733 -0.000000 -0.036085  0.000000 ) 
 ( -0.098840  0.000000  0.105440 -0.000000  0.333628 -0.000000 ) 
 (  0.013072  0.000000  0.062411  0.000000 -0.159351  0.000000 ) 
 ( -0.097377  0.000000 -0.120399  0.000000 -0.367965  0.000000 ) 
     freq (   14) =       6.584813 [THz] =     219.645710 [cm-1]
 ( -0.003162  0.000000  0.002736  0.000000 -0.006174  0.000000 ) 
 (  0.002217 -0.000000  0.001918 -0.000000 -0.008805  0.000000 ) 
 (  0.005587  0.000000 -0.000618  0.000000 -0.122002  0.000000 ) 
 (  0.037162 -0.000000 -0.035594  0.000000  0.298739 -0.000000 ) 
 (  0.007531  0.000000  0.012248  0.000000 -0.021457  0.000000 ) 
 (  0.037503 -0.000000  0.037637 -0.000000 -0.273534  0.000000 ) 
 (  0.005860  0.000000 -0.001555  0.000000 -0.095637  0.000000 ) 
 (  0.038297 -0.000000 -0.001385  0.000000  0.162286  0.000000 ) 
 (  0.007653  0.000000 -0.001152  0.000000 -0.042888  0.000000 ) 
 (  0.038612 -0.000000  0.000909 -0.000000 -0.137948  0.000000 ) 
 (  0.004144  0.000000  0.000256  0.000000 -0.060420  0.000000 ) 
 (  0.070583 -0.000000 -0.049485  0.000000  0.245387 -0.000000 ) 
 (  0.021184  0.000000  0.018214  0.000000  0.024704  0.000000 ) 
 (  0.073576 -0.000000  0.052730 -0.000000 -0.239112  0.000000 ) 
 ( -0.002048  0.000000  0.061545 -0.000000 -0.159486  0.000000 ) 
 ( -0.070058  0.000000  0.024270  0.000000  0.369394  0.000000 ) 
 ( -0.023224  0.000000  0.056665 -0.000000 -0.035711  0.000000 ) 
 ( -0.073779  0.000000 -0.003501  0.000000 -0.335099  0.000000 ) 
 (  0.097377 -0.000000 -0.120399  0.000000  0.367965  0.000000 ) 
 (  0.013072  0.000000 -0.062411  0.000000 -0.159351  0.000000 ) 
 (  0.098840 -0.000000  0.105440 -0.000000 -0.333628  0.000000 ) 
 (  0.021402  0.000000 -0.022733  0.000000 -0.036085  0.000000 ) 
     freq (   15) =       6.887843 [THz] =     229.753696 [cm-1]
 ( -0.012289  0.000000  0.011471  0.000000 -0.004383  0.000000 ) 
 ( -0.023719  0.000000 -0.022141  0.000000  0.002271  0.000000 ) 
 (  0.170718  0.000000 -0.182365  0.000000  0.050114  0.000000 ) 
 ( -0.043759  0.000000  0.015500  0.000000  0.015734 -0.000000 ) 
 (  0.178083  0.000000  0.212291 -0.000000 -0.050236  0.000000 ) 
 ( -0.066961  0.000000 -0.109776  0.000000 -0.016120  0.000000 ) 
 (  0.173711  0.000000 -0.083833  0.000000  0.019641  0.000000 ) 
 ( -0.039160  0.000000  0.085067 -0.000000  0.001802  0.000000 ) 
 (  0.184993  0.000000  0.042563  0.000000 -0.022770  0.000000 ) 
 ( -0.074703  0.000000  0.044946  0.000000 -0.011660  0.000000 ) 
 (  0.273522  0.000000 -0.225914  0.000000  0.048236 -0.000000 ) 
 (  0.008947  0.000000 -0.002592  0.000000  0.022114 -0.000000 ) 
 (  0.341136 -0.000000  0.278372 -0.000000 -0.043434  0.000000 ) 
 ( -0.204057  0.000000 -0.162667  0.000000 -0.006985  0.000000 ) 
 (  0.118381 -0.000000 -0.222368  0.000000  0.055864  0.000000 ) 
 ( -0.088144  0.000000 -0.012113  0.000000  0.014486 -0.000000 ) 
 (  0.082681  0.000000  0.280753 -0.000000 -0.058156  0.000000 ) 
 (  0.024321  0.000000 -0.171818  0.000000 -0.021707  0.000000 ) 
 ( -0.068169  0.000000 -0.002580  0.000000  0.018528 -0.000000 ) 
 (  0.078131 -0.000000 -0.210121  0.000000  0.065132  0.000000 ) 
 (  0.028286  0.000000 -0.151503  0.000000 -0.023303  0.000000 ) 
 (  0.047513  0.000000  0.259031 -0.000000 -0.066648  0.000000 ) 
     freq (   16) =       6.887843 [THz] =     229.753696 [cm-1]
 ( -0.023719  0.000000  0.022141 -0.000000  0.002271  0.000000 ) 
 (  0.012289  0.000000  0.011471  0.000000  0.004383 -0.000000 ) 
 (  0.066961 -0.000000 -0.109776  0.000000  0.016120 -0.000000 ) 
 (  0.178083  0.000000 -0.212291  0.000000 -0.050236  0.000000 ) 
 (  0.043759 -0.000000  0.015500  0.000000 -0.015734  0.000000 ) 
 (  0.170718  0.000000  0.182365  0.000000  0.050114  0.000000 ) 
 (  0.074703 -0.000000  0.044946  0.000000  0.011660 -0.000000 ) 
 (  0.184993  0.000000 -0.042563  0.000000 -0.022770  0.000000 ) 
 (  0.039160 -0.000000  0.085067 -0.000000 -0.001802  0.000000 ) 
 (  0.173711  0.000000  0.083833 -0.000000  0.019641  0.000000 ) 
 (  0.204057 -0.000000 -0.162667  0.000000  0.006985  0.000000 ) 
 (  0.341136 -0.000000 -0.278372  0.000000 -0.043434  0.000000 ) 
 ( -0.008947  0.000000 -0.002592  0.000000 -0.022114  0.000000 ) 
 (  0.273522  0.000000  0.225914  0.000000  0.048236 -0.000000 ) 
 ( -0.024321  0.000000 -0.171818  0.000000  0.021707 -0.000000 ) 
 (  0.082681  0.000000 -0.280753  0.000000 -0.058156  0.000000 ) 
 (  0.088144 -0.000000 -0.012113  0.000000 -0.014486  0.000000 ) 
 (  0.118381 -0.000000  0.222368  0.000000  0.055864  0.000000 ) 
 (  0.047513  0.000000 -0.259031  0.000000 -0.066648  0.000000 ) 
 ( -0.028286  0.000000 -0.151503  0.000000  0.023303 -0.000000 ) 
 (  0.078131 -0.000000  0.210121  0.000000  0.065132  0.000000 ) 
 (  0.068169 -0.000000 -0.002580  0.000000 -0.018528  0.000000 ) 
     freq (   17) =       7.933920 [THz] =     264.647087 [cm-1]
 ( -0.008742  0.000000  0.004076  0.000000  0.000030  0.000000 ) 
 ( -0.000230  0.000000 -0.000107  0.000000 -0.001149  0.000000 ) 
 (  0.075324  0.000000 -0.023045  0.000000 -0.007883  0.000000 ) 
 (  0.081149  0.000000 -0.024800  0.000000  0.007491  0.000000 ) 
 ( -0.108782  0.000000 -0.032771  0.000000  0.007659  0.000000 ) 
 ( -0.112894  0.000000 -0.034029  0.000000 -0.007255  0.000000 ) 
 (  0.076056  0.000000  0.043726  0.000000 -0.004015  0.000000 ) 
 (  0.082564  0.000000  0.061323  0.000000  0.003990  0.000000 ) 
 ( -0.121749  0.000000  0.333475  0.000000  0.000579  0.000000 ) 
 ( -0.125917  0.000000  0.336236  0.000000 -0.000369  0.000000 ) 
 (  0.133247  0.000000 -0.048737  0.000000 -0.005818  0.000000 ) 
 (  0.156537  0.000000 -0.058048  0.000000  0.005029  0.000000 ) 
 ( -0.439383  0.000000 -0.175784  0.000000  0.015150  0.000000 ) 
 ( -0.446997  0.000000 -0.178590  0.000000 -0.014865  0.000000 ) 
 (  0.024356  0.000000 -0.044617  0.000000 -0.011213  0.000000 ) 
 (  0.018604  0.000000 -0.053192  0.000000  0.010715  0.000000 ) 
 (  0.110012  0.000000 -0.161889  0.000000  0.009765  0.000000 ) 
 (  0.108883  0.000000 -0.164459  0.000000 -0.009189  0.000000 ) 
 (  0.022386  0.000000 -0.059411  0.000000  0.008970  0.000000 ) 
 (  0.028730  0.000000 -0.050162  0.000000 -0.009052  0.000000 ) 
 (  0.120052  0.000000 -0.177449  0.000000 -0.001317  0.000000 ) 
 (  0.121395  0.000000 -0.174570  0.000000  0.001791  0.000000 ) 
     freq (   18) =       7.933920 [THz] =     264.647087 [cm-1]
 (  0.000230  0.000000 -0.000107  0.000000  0.001149  0.000000 ) 
 ( -0.008742  0.000000 -0.004076  0.000000  0.000030  0.000000 ) 
 ( -0.112894  0.000000  0.034029  0.000000 -0.007255  0.000000 ) 
 (  0.108782  0.000000 -0.032771  0.000000 -0.007659  0.000000 ) 
 (  0.081149  0.000000  0.024800  0.000000  0.007491  0.000000 ) 
 ( -0.075324  0.000000 -0.023045  0.000000  0.007883  0.000000 ) 
 ( -0.125917  0.000000 -0.336236  0.000000 -0.000369  0.000000 ) 
 (  0.121749  0.000000  0.333475  0.000000 -0.000579  0.000000 ) 
 (  0.082564  0.000000 -0.061323  0.000000  0.003990  0.000000 ) 
 ( -0.076056  0.000000  0.043726  0.000000  0.004015  0.000000 ) 
 ( -0.446997  0.000000  0.178590  0.000000 -0.014865  0.000000 ) 
 (  0.439383  0.000000 -0.175784  0.000000 -0.015150  0.000000 ) 
 (  0.156537  0.000000  0.058048  0.000000  0.005029  0.000000 ) 
 ( -0.133247  0.000000 -0.048737  0.000000  0.005818  0.000000 ) 
 (  0.108883  0.000000  0.164459  0.000000 -0.009189  0.000000 ) 
 ( -0.110012  0.000000 -0.161889  0.000000 -0.009765  0.000000 ) 
 (  0.018604  0.000000  0.053192  0.000000  0.010715  0.000000 ) 
 ( -0.024356  0.000000 -0.044617  0.000000  0.011213  0.000000 ) 
 ( -0.121395  0.000000 -0.174570  0.000000 -0.001791  0.000000 ) 
 (  0.120052  0.000000  0.177449  0.000000 -0.001317  0.000000 ) 
 ( -0.028730  0.000000 -0.050162  0.000000  0.009052  0.000000 ) 
 (  0.022386  0.000000  0.059411  0.000000  0.008970  0.000000 ) 
     freq (   19) =       8.440235 [THz] =     281.535924 [cm-1]
 ( -0.000258  0.000000 -0.000614  0.000000 -0.000461  0.000000 ) 
 (  0.000028 -0.000000 -0.000066  0.000000 -0.004300  0.000000 ) 
 ( -0.003793  0.000000 -0.002171  0.000000  0.032936 -0.000000 ) 
 ( -0.002855  0.000000 -0.002446  0.000000 -0.027086  0.000000 ) 
 (  0.004729 -0.000000  0.001039  0.000000  0.030503 -0.000000 ) 
 (  0.004017  0.000000  0.001533 -0.000000 -0.024069  0.000000 ) 
 ( -0.003478  0.000000  0.000132  0.000000 -0.124582  0.000000 ) 
 ( -0.002559  0.000000 -0.000210  0.000000  0.092336  0.000000 ) 
 (  0.004612 -0.000000  0.001593  0.000000 -0.162031  0.000000 ) 
 (  0.003965  0.000000  0.001601 -0.000000  0.138777  0.000000 ) 
 ( -0.001851  0.000000 -0.002904  0.000000  0.242772 -0.000000 ) 
 ( -0.000963  0.000000 -0.003201  0.000000 -0.166052  0.000000 ) 
 (  0.004294 -0.000000  0.001061  0.000000  0.379751 -0.000000 ) 
 (  0.003992  0.000000  0.001716 -0.000000 -0.335925  0.000000 ) 
 (  0.148093 -0.000000  0.157158 -0.000000 -0.007904  0.000000 ) 
 (  0.108470  0.000000  0.100202  0.000000 -0.005644  0.000000 ) 
 ( -0.198561  0.000000  0.279448 -0.000000 -0.063311  0.000000 ) 
 ( -0.171058  0.000000  0.251859  0.000000  0.063069  0.000000 ) 
 ( -0.115618  0.000000 -0.106076  0.000000 -0.005446  0.000000 ) 
 ( -0.156787  0.000000 -0.162467  0.000000 -0.008084  0.000000 ) 
 (  0.177421  0.000000 -0.248623  0.000000  0.062966  0.000000 ) 
 (  0.206623 -0.000000 -0.277410  0.000000 -0.063249  0.000000 ) 
     freq (   20) =       8.440235 [THz] =     281.535924 [cm-1]
 ( -0.000028  0.000000 -0.000066  0.000000  0.004300  0.000000 ) 
 ( -0.000258  0.000000  0.000614  0.000000 -0.000461  0.000000 ) 
 (  0.004017  0.000000 -0.001533  0.000000 -0.024069  0.000000 ) 
 ( -0.004729  0.000000  0.001039  0.000000 -0.030503  0.000000 ) 
 ( -0.002855  0.000000  0.002446 -0.000000 -0.027086  0.000000 ) 
 (  0.003793 -0.000000 -0.002171  0.000000 -0.032936  0.000000 ) 
 (  0.003965  0.000000 -0.001601  0.000000  0.138777  0.000000 ) 
 ( -0.004612  0.000000  0.001593  0.000000  0.162031 -0.000000 ) 
 ( -0.002559  0.000000  0.000210 -0.000000  0.092336  0.000000 ) 
 (  0.003478 -0.000000  0.000132  0.000000  0.124582 -0.000000 ) 
 (  0.003992  0.000000 -0.001716  0.000000 -0.335925  0.000000 ) 
 ( -0.004294  0.000000  0.001061  0.000000 -0.379751  0.000000 ) 
 ( -0.000963  0.000000  0.003201 -0.000000 -0.166052  0.000000 ) 
 (  0.001851 -0.000000 -0.002904  0.000000 -0.242772  0.000000 ) 
 ( -0.171058  0.000000 -0.251859  0.000000  0.063069  0.000000 ) 
 (  0.198561 -0.000000  0.279448 -0.000000  0.063311  0.000000 ) 
 (  0.108470  0.000000 -0.100202  0.000000 -0.005644  0.000000 ) 
 ( -0.148093  0.000000  0.157158 -0.000000  0.007904 -0.000000 ) 
 ( -0.206623  0.000000 -0.277410  0.000000  0.063249 -0.000000 ) 
 (  0.177421  0.000000  0.248623  0.000000  0.062966  0.000000 ) 
 (  0.156787 -0.000000 -0.162467  0.000000  0.008084 -0.000000 ) 
 ( -0.115618  0.000000  0.106076  0.000000 -0.005446  0.000000 ) 
     freq (   21) =       8.882994 [THz] =     296.304776 [cm-1]
 (  0.000003  0.000000 -0.000129  0.000000  0.000866  0.000000 ) 
 ( -0.000003  0.000000 -0.000101  0.000000  0.001100  0.000000 ) 
 (  0.000217  0.000000  0.003150  0.000000  0.015865  0.000000 ) 
 (  0.000466  0.000000  0.000838  0.000000 -0.007517  0.000000 ) 
 ( -0.000111  0.000000  0.003038  0.000000  0.014504  0.000000 ) 
 (  0.000427  0.000000 -0.000100  0.000000  0.003894  0.000000 ) 
 (  0.000343  0.000000  0.006932  0.000000 -0.064731  0.000000 ) 
 (  0.000293  0.000000 -0.002564  0.000000  0.158734  0.000000 ) 
 ( -0.000282  0.000000  0.007753  0.000000 -0.028179  0.000000 ) 
 (  0.000218  0.000000  0.004316  0.000000 -0.147650  0.000000 ) 
 (  0.003865  0.000000  0.001421  0.000000  0.157301  0.000000 ) 
 ( -0.002482  0.000000  0.002102  0.000000 -0.396475  0.000000 ) 
 ( -0.004578  0.000000  0.000953  0.000000  0.065878  0.000000 ) 
 ( -0.003490  0.000000 -0.001819  0.000000  0.369849  0.000000 ) 
 (  0.081423  0.000000  0.112863  0.000000 -0.021044  0.000000 ) 
 (  0.192374  0.000000  0.323563  0.000000  0.115580  0.000000 ) 
 ( -0.037211  0.000000  0.037804  0.000000  0.006324  0.000000 ) 
 (  0.178221  0.000000 -0.305588  0.000000 -0.113823  0.000000 ) 
 ( -0.188058  0.000000 -0.319852  0.000000  0.115449  0.000000 ) 
 ( -0.086046  0.000000 -0.110283  0.000000 -0.021181  0.000000 ) 
 ( -0.172661  0.000000  0.302395  0.000000 -0.113656  0.000000 ) 
 (  0.043012  0.000000 -0.036048  0.000000  0.006152  0.000000 ) 
     freq (   22) =       8.882994 [THz] =     296.304776 [cm-1]
 (  0.000003  0.000000 -0.000101  0.000000 -0.001100  0.000000 ) 
 (  0.000003  0.000000  0.000129  0.000000  0.000866  0.000000 ) 
 (  0.000427  0.000000  0.000100  0.000000  0.003894  0.000000 ) 
 (  0.000111  0.000000  0.003038  0.000000 -0.014504  0.000000 ) 
 (  0.000466  0.000000 -0.000838  0.000000 -0.007517  0.000000 ) 
 ( -0.000217  0.000000  0.003150  0.000000 -0.015865  0.000000 ) 
 (  0.000218  0.000000 -0.004316  0.000000 -0.147650  0.000000 ) 
 (  0.000282  0.000000  0.007753  0.000000  0.028179  0.000000 ) 
 (  0.000293  0.000000  0.002564  0.000000  0.158734  0.000000 ) 
 ( -0.000343  0.000000  0.006932  0.000000  0.064731  0.000000 ) 
 ( -0.003490  0.000000  0.001819  0.000000  0.369849  0.000000 ) 
 (  0.004578  0.000000  0.000953  0.000000 -0.065878  0.000000 ) 
 ( -0.002482  0.000000 -0.002102  0.000000 -0.396475  0.000000 ) 
 ( -0.003865  0.000000  0.001421  0.000000 -0.157301  0.000000 ) 
 (  0.178221  0.000000  0.305588  0.000000 -0.113823  0.000000 ) 
 (  0.037211  0.000000  0.037804  0.000000 -0.006324  0.000000 ) 
 (  0.192374  0.000000 -0.323563  0.000000  0.115580  0.000000 ) 
 ( -0.081423  0.000000  0.112863  0.000000  0.021044  0.000000 ) 
 ( -0.043012  0.000000 -0.036048  0.000000 -0.006152  0.000000 ) 
 ( -0.172661  0.000000 -0.302395  0.000000 -0.113656  0.000000 ) 
 (  0.086046  0.000000 -0.110283  0.000000  0.021181  0.000000 ) 
 ( -0.188058  0.000000  0.319852  0.000000  0.115449  0.000000 ) 
     freq (   23) =       9.138635 [THz] =     304.832037 [cm-1]
 ( -0.000299  0.000000 -0.001978  0.000000 -0.000367  0.000000 ) 
 ( -0.002012  0.000000  0.013309 -0.000000  0.000054  0.000000 ) 
 (  0.063176 -0.000000 -0.151965  0.000000  0.002970  0.000000 ) 
 ( -0.081145  0.000000  0.168556 -0.000000  0.002011 -0.000000 ) 
 ( -0.049727  0.000000 -0.031993  0.000000 -0.003596  0.000000 ) 
 (  0.071177  0.000000  0.079631  0.000000 -0.002855  0.000000 ) 
 (  0.045241 -0.000000 -0.465656  0.000000  0.006354  0.000000 ) 
 ( -0.064514  0.000000  0.433387 -0.000000  0.004359 -0.000000 ) 
 ( -0.056678  0.000000  0.175367  0.000000 -0.007506  0.000000 ) 
 (  0.072991  0.000000 -0.041744  0.000000 -0.005914  0.000000 ) 
 ( -0.229872  0.000000 -0.017369  0.000000  0.003230  0.000000 ) 
 (  0.169987 -0.000000  0.050887  0.000000  0.005790  0.000000 ) 
 ( -0.231174  0.000000 -0.107683  0.000000  0.007939 -0.000000 ) 
 (  0.171744 -0.000000  0.117828 -0.000000  0.009280 -0.000000 ) 
 (  0.233198 -0.000000 -0.019379  0.000000 -0.011043  0.000000 ) 
 ( -0.223573  0.000000  0.048074  0.000000 -0.013644  0.000000 ) 
 (  0.066324  0.000000 -0.091519  0.000000 -0.006916  0.000000 ) 
 (  0.001565  0.000000  0.101544 -0.000000 -0.010586  0.000000 ) 
 ( -0.227186  0.000000  0.058270  0.000000  0.010000 -0.000000 ) 
 (  0.239686 -0.000000 -0.023387  0.000000  0.011904 -0.000000 ) 
 ( -0.007355  0.000000  0.123420 -0.000000 -0.004780  0.000000 ) 
 (  0.076745  0.000000 -0.111283  0.000000 -0.008035  0.000000 ) 
     freq (   24) =       9.138635 [THz] =     304.832037 [cm-1]
 ( -0.002012  0.000000 -0.013309  0.000000  0.000054  0.000000 ) 
 (  0.000299  0.000000 -0.001978  0.000000  0.000367 -0.000000 ) 
 ( -0.071177  0.000000  0.079631  0.000000  0.002855 -0.000000 ) 
 ( -0.049727  0.000000  0.031993  0.000000 -0.003596  0.000000 ) 
 (  0.081145  0.000000  0.168556 -0.000000 -0.002011  0.000000 ) 
 (  0.063176 -0.000000  0.151965 -0.000000  0.002970  0.000000 ) 
 ( -0.072991  0.000000 -0.041744  0.000000  0.005914 -0.000000 ) 
 ( -0.056678  0.000000 -0.175367  0.000000 -0.007506  0.000000 ) 
 (  0.064514  0.000000  0.433387 -0.000000 -0.004359  0.000000 ) 
 (  0.045241 -0.000000  0.465656 -0.000000  0.006354  0.000000 ) 
 ( -0.171744  0.000000  0.117828 -0.000000 -0.009280  0.000000 ) 
 ( -0.231174  0.000000  0.107683 -0.000000  0.007939 -0.000000 ) 
 ( -0.169987  0.000000  0.050887  0.000000 -0.005790  0.000000 ) 
 ( -0.229872  0.000000  0.017369  0.000000  0.003230  0.000000 ) 
 ( -0.001565  0.000000  0.101544 -0.000000  0.010586  0.000000 ) 
 (  0.066324  0.000000  0.091519 -0.000000 -0.006916  0.000000 ) 
 (  0.223573 -0.000000  0.048074  0.000000  0.013644 -0.000000 ) 
 (  0.233198 -0.000000  0.019379  0.000000 -0.011043  0.000000 ) 
 (  0.076745  0.000000  0.111283 -0.000000 -0.008035  0.000000 ) 
 (  0.007355  0.000000  0.123420 -0.000000  0.004780  0.000000 ) 
 (  0.239686 -0.000000  0.023387  0.000000  0.011904 -0.000000 ) 
 (  0.227186 -0.000000  0.058270  0.000000 -0.010000  0.000000 ) 
     freq (   25) =       9.543013 [THz] =     318.320642 [cm-1]
 (  0.004216  0.000000  0.012554  0.000000  0.000001  0.000000 ) 
 ( -0.000695  0.000000  0.002070  0.000000  0.000007  0.000000 ) 
 (  0.020865  0.000000 -0.095099  0.000000 -0.000740  0.000000 ) 
 (  0.014938  0.000000 -0.086592  0.000000  0.000954  0.000000 ) 
 ( -0.020927  0.000000 -0.040779  0.000000  0.000511  0.000000 ) 
 ( -0.015024  0.000000 -0.010827  0.000000 -0.000790  0.000000 ) 
 (  0.000333  0.000000 -0.477752  0.000000 -0.001863  0.000000 ) 
 ( -0.004837  0.000000 -0.467988  0.000000  0.003410  0.000000 ) 
 ( -0.015309  0.000000 -0.107570  0.000000  0.004259  0.000000 ) 
 ( -0.016052  0.000000  0.048339  0.000000 -0.005128  0.000000 ) 
 ( -0.337092  0.000000  0.064793  0.000000  0.004069  0.000000 ) 
 ( -0.340821  0.000000  0.071727  0.000000 -0.003549  0.000000 ) 
 (  0.044568  0.000000 -0.009778  0.000000  0.002204  0.000000 ) 
 ( -0.067189  0.000000 -0.032284  0.000000 -0.000948  0.000000 ) 
 (  0.251055  0.000000  0.068569  0.000000 -0.013366  0.000000 ) 
 (  0.245369  0.000000  0.074742  0.000000  0.012193  0.000000 ) 
 ( -0.058164  0.000000 -0.006911  0.000000 -0.005667  0.000000 ) 
 (  0.023673  0.000000 -0.030536  0.000000  0.001453  0.000000 ) 
 (  0.239870  0.000000  0.067490  0.000000 -0.008039  0.000000 ) 
 (  0.247713  0.000000  0.059899  0.000000  0.007982  0.000000 ) 
 (  0.016403  0.000000 -0.033525  0.000000  0.001494  0.000000 ) 
 ( -0.063977  0.000000 -0.012524  0.000000  0.001147  0.000000 ) 
     freq (   26) =       9.543013 [THz] =     318.320642 [cm-1]
 ( -0.000695  0.000000 -0.002070  0.000000  0.000007  0.000000 ) 
 ( -0.004216  0.000000  0.012554  0.000000 -0.000001  0.000000 ) 
 (  0.015024  0.000000 -0.010827  0.000000  0.000790  0.000000 ) 
 ( -0.020927  0.000000  0.040779  0.000000  0.000511  0.000000 ) 
 ( -0.014938  0.000000 -0.086592  0.000000 -0.000954  0.000000 ) 
 (  0.020865  0.000000  0.095099  0.000000 -0.000740  0.000000 ) 
 (  0.016052  0.000000  0.048339  0.000000  0.005128  0.000000 ) 
 ( -0.015309  0.000000  0.107570  0.000000  0.004259  0.000000 ) 
 (  0.004837  0.000000 -0.467988  0.000000 -0.003410  0.000000 ) 
 (  0.000333  0.000000  0.477752  0.000000 -0.001863  0.000000 ) 
 (  0.067189  0.000000 -0.032284  0.000000  0.000948  0.000000 ) 
 (  0.044568  0.000000  0.009778  0.000000  0.002204  0.000000 ) 
 (  0.340821  0.000000  0.071727  0.000000  0.003549  0.000000 ) 
 ( -0.337092  0.000000 -0.064793  0.000000  0.004069  0.000000 ) 
 ( -0.023673  0.000000 -0.030536  0.000000 -0.001453  0.000000 ) 
 ( -0.058164  0.000000  0.006911  0.000000 -0.005667  0.000000 ) 
 ( -0.245369  0.000000  0.074742  0.000000 -0.012193  0.000000 ) 
 (  0.251055  0.000000 -0.068569  0.000000 -0.013366  0.000000 ) 
 ( -0.063977  0.000000  0.012524  0.000000  0.001147  0.000000 ) 
 ( -0.016403  0.000000 -0.033525  0.000000 -0.001494  0.000000 ) 
 (  0.247713  0.000000 -0.059899  0.000000  0.007982  0.000000 ) 
 ( -0.239870  0.000000  0.067490  0.000000  0.008039  0.000000 ) 
     freq (   27) =      12.032514 [THz] =     401.361459 [cm-1]
 ( -0.000005  0.000000  0.000111  0.000000 -0.004133  0.000000 ) 
 ( -0.000011  0.000000 -0.000220  0.000000  0.002072  0.000000 ) 
 (  0.000031  0.000000  0.001142  0.000000  0.015022  0.000000 ) 
 (  0.000670  0.000000 -0.002955  0.000000  0.018230  0.000000 ) 
 (  0.000539  0.000000  0.000781  0.000000 -0.005137  0.000000 ) 
 ( -0.000859  0.000000 -0.002835  0.000000  0.011535  0.000000 ) 
 (  0.000398  0.000000  0.000570  0.000000  0.277213  0.000000 ) 
 (  0.000419  0.000000 -0.003822  0.000000  0.388609  0.000000 ) 
 (  0.000809  0.000000  0.002142  0.000000 -0.055816  0.000000 ) 
 ( -0.000819  0.000000 -0.004344  0.000000  0.278003  0.000000 ) 
 ( -0.000008  0.000000  0.000698  0.000000  0.064826  0.000000 ) 
 ( -0.000879  0.000000 -0.001946  0.000000  0.116546  0.000000 ) 
 ( -0.000666  0.000000  0.000583  0.000000  0.006112  0.000000 ) 
 (  0.001103  0.000000 -0.001908  0.000000  0.097045  0.000000 ) 
 ( -0.206213  0.000000  0.124422  0.000000 -0.129595  0.000000 ) 
 (  0.290242  0.000000 -0.202627  0.000000 -0.200465  0.000000 ) 
 ( -0.040652  0.000000 -0.003992  0.000000  0.012062  0.000000 ) 
 ( -0.208252  0.000000 -0.159978  0.000000 -0.153418  0.000000 ) 
 ( -0.287287  0.000000  0.198793  0.000000 -0.201246  0.000000 ) 
 (  0.206046  0.000000 -0.122228  0.000000 -0.130378  0.000000 ) 
 (  0.204689  0.000000  0.156831  0.000000 -0.153807  0.000000 ) 
 (  0.042649  0.000000  0.004117  0.000000  0.012456  0.000000 ) 
     freq (   28) =      12.032514 [THz] =     401.361459 [cm-1]
 ( -0.000011  0.000000  0.000220  0.000000  0.002072  0.000000 ) 
 (  0.000005  0.000000  0.000111  0.000000  0.004133  0.000000 ) 
 (  0.000859  0.000000 -0.002835  0.000000 -0.011535  0.000000 ) 
 (  0.000539  0.000000 -0.000781  0.000000 -0.005137  0.000000 ) 
 ( -0.000670  0.000000 -0.002955  0.000000 -0.018230  0.000000 ) 
 (  0.000031  0.000000 -0.001142  0.000000  0.015022  0.000000 ) 
 (  0.000819  0.000000 -0.004344  0.000000 -0.278003  0.000000 ) 
 (  0.000809  0.000000 -0.002142  0.000000 -0.055816  0.000000 ) 
 ( -0.000419  0.000000 -0.003822  0.000000 -0.388609  0.000000 ) 
 (  0.000398  0.000000 -0.000570  0.000000  0.277213  0.000000 ) 
 ( -0.001103  0.000000 -0.001908  0.000000 -0.097045  0.000000 ) 
 ( -0.000666  0.000000 -0.000583  0.000000  0.006112  0.000000 ) 
 (  0.000879  0.000000 -0.001946  0.000000 -0.116546  0.000000 ) 
 ( -0.000008  0.000000 -0.000698  0.000000  0.064826  0.000000 ) 
 (  0.208252  0.000000 -0.159978  0.000000  0.153418  0.000000 ) 
 ( -0.040652  0.000000  0.003992  0.000000  0.012062  0.000000 ) 
 ( -0.290242  0.000000 -0.202627  0.000000  0.200465  0.000000 ) 
 ( -0.206213  0.000000 -0.124422  0.000000 -0.129595  0.000000 ) 
 (  0.042649  0.000000 -0.004117  0.000000  0.012456  0.000000 ) 
 ( -0.204689  0.000000  0.156831  0.000000  0.153807  0.000000 ) 
 (  0.206046  0.000000  0.122228  0.000000 -0.130378  0.000000 ) 
 (  0.287287  0.000000  0.198793  0.000000  0.201246  0.000000 ) 
     freq (   29) =      12.473084 [THz] =     416.057288 [cm-1]
 ( -0.000053  0.000000 -0.000091  0.000000 -0.001164  0.000000 ) 
 (  0.000015  0.000000 -0.000027  0.000000 -0.003951  0.000000 ) 
 ( -0.000161  0.000000  0.000966  0.000000 -0.027482  0.000000 ) 
 ( -0.000339  0.000000  0.000823  0.000000  0.034856  0.000000 ) 
 ( -0.000228  0.000000  0.000506  0.000000  0.003325  0.000000 ) 
 ( -0.000376  0.000000 -0.000021  0.000000 -0.021696  0.000000 ) 
 ( -0.000130  0.000000  0.001576  0.000000 -0.325643  0.000000 ) 
 ( -0.000320  0.000000  0.001001  0.000000  0.416559  0.000000 ) 
 ( -0.000256  0.000000  0.001356  0.000000  0.044901  0.000000 ) 
 ( -0.000389  0.000000  0.000597  0.000000 -0.263618  0.000000 ) 
 (  0.000579  0.000000  0.000551  0.000000 -0.097056  0.000000 ) 
 ( -0.000051  0.000000  0.000592  0.000000  0.099670  0.000000 ) 
 ( -0.001147  0.000000  0.000098  0.000000 -0.024551  0.000000 ) 
 ( -0.000991  0.000000 -0.000239  0.000000 -0.033422  0.000000 ) 
 (  0.234318  0.000000 -0.156138  0.000000  0.147328  0.000000 ) 
 (  0.303693  0.000000 -0.175967  0.000000 -0.175983  0.000000 ) 
 (  0.038436  0.000000 -0.015289  0.000000 -0.000981  0.000000 ) 
 (  0.196981  0.000000  0.082578  0.000000  0.096257  0.000000 ) 
 ( -0.304764  0.000000  0.177083  0.000000 -0.175745  0.000000 ) 
 ( -0.235468  0.000000  0.157198  0.000000  0.147127  0.000000 ) 
 ( -0.197175  0.000000 -0.082994  0.000000  0.096130  0.000000 ) 
 ( -0.037976  0.000000  0.015515  0.000000 -0.000983  0.000000 ) 
     freq (   30) =      12.473084 [THz] =     416.057288 [cm-1]
 (  0.000015  0.000000  0.000027  0.000000 -0.003951  0.000000 ) 
 (  0.000053  0.000000 -0.000091  0.000000  0.001164  0.000000 ) 
 (  0.000376  0.000000 -0.000021  0.000000  0.021696  0.000000 ) 
 ( -0.000228  0.000000 -0.000506  0.000000  0.003325  0.000000 ) 
 (  0.000339  0.000000  0.000823  0.000000 -0.034856  0.000000 ) 
 ( -0.000161  0.000000 -0.000966  0.000000 -0.027482  0.000000 ) 
 (  0.000389  0.000000  0.000597  0.000000  0.263618  0.000000 ) 
 ( -0.000256  0.000000 -0.001356  0.000000  0.044901  0.000000 ) 
 (  0.000320  0.000000  0.001001  0.000000 -0.416559  0.000000 ) 
 ( -0.000130  0.000000 -0.001576  0.000000 -0.325643  0.000000 ) 
 (  0.000991  0.000000 -0.000239  0.000000  0.033422  0.000000 ) 
 ( -0.001147  0.000000 -0.000098  0.000000 -0.024551  0.000000 ) 
 (  0.000051  0.000000  0.000592  0.000000 -0.099670  0.000000 ) 
 (  0.000579  0.000000 -0.000551  0.000000 -0.097056  0.000000 ) 
 ( -0.196981  0.000000  0.082578  0.000000 -0.096257  0.000000 ) 
 (  0.038436  0.000000  0.015289  0.000000 -0.000981  0.000000 ) 
 ( -0.303693  0.000000 -0.175967  0.000000  0.175983  0.000000 ) 
 (  0.234318  0.000000  0.156138  0.000000  0.147328  0.000000 ) 
 ( -0.037976  0.000000 -0.015515  0.000000 -0.000983  0.000000 ) 
 (  0.197175  0.000000 -0.082994  0.000000 -0.096130  0.000000 ) 
 ( -0.235468  0.000000 -0.157198  0.000000  0.147127  0.000000 ) 
 (  0.304764  0.000000  0.177083  0.000000  0.175745  0.000000 ) 
     freq (   31) =      30.453527 [THz] =    1015.820315 [cm-1]
 ( -0.000009  0.000000 -0.000004  0.000000 -0.000020  0.000000 ) 
 ( -0.000150  0.000000  0.000066  0.000000  0.000001  0.000000 ) 
 (  0.060533  0.000000  0.059374  0.000000  0.000236  0.000000 ) 
 ( -0.063155  0.000000 -0.060908  0.000000  0.000255  0.000000 ) 
 ( -0.017041  0.000000  0.008468  0.000000  0.000139  0.000000 ) 
 (  0.024794  0.000000 -0.016007  0.000000  0.000170  0.000000 ) 
 (  0.021728  0.000000 -0.317498  0.000000 -0.000528  0.000000 ) 
 ( -0.022992  0.000000  0.326504  0.000000 -0.000625  0.000000 ) 
 ( -0.008679  0.000000 -0.051662  0.000000 -0.000731  0.000000 ) 
 (  0.011482  0.000000  0.092028  0.000000 -0.000804  0.000000 ) 
 ( -0.166247  0.000000  0.124925  0.000000 -0.001232  0.000000 ) 
 (  0.176068  0.000000 -0.130949  0.000000 -0.001295  0.000000 ) 
 (  0.067609  0.000000  0.040041  0.000000 -0.000424  0.000000 ) 
 ( -0.089065  0.000000 -0.056079  0.000000 -0.000582  0.000000 ) 
 ( -0.288216  0.000000 -0.242147  0.000000  0.052670  0.000000 ) 
 (  0.299902  0.000000  0.250091  0.000000  0.053348  0.000000 ) 
 (  0.074784  0.000000 -0.047946  0.000000  0.002085  0.000000 ) 
 ( -0.111647  0.000000  0.078799  0.000000  0.008730  0.000000 ) 
 (  0.300667  0.000000  0.251689  0.000000 -0.053425  0.000000 ) 
 ( -0.288992  0.000000 -0.243693  0.000000 -0.052728  0.000000 ) 
 ( -0.111608  0.000000  0.079308  0.000000 -0.008889  0.000000 ) 
 (  0.074649  0.000000 -0.048258  0.000000 -0.002235  0.000000 ) 
     freq (   32) =      30.453527 [THz] =    1015.820315 [cm-1]
 (  0.000150  0.000000  0.000066  0.000000 -0.000001  0.000000 ) 
 ( -0.000009  0.000000  0.000004  0.000000 -0.000020  0.000000 ) 
 (  0.024794  0.000000  0.016007  0.000000  0.000170  0.000000 ) 
 (  0.017041  0.000000  0.008468  0.000000 -0.000139  0.000000 ) 
 ( -0.063155  0.000000  0.060908  0.000000  0.000255  0.000000 ) 
 ( -0.060533  0.000000  0.059374  0.000000 -0.000236  0.000000 ) 
 (  0.011482  0.000000 -0.092028  0.000000 -0.000804  0.000000 ) 
 (  0.008679  0.000000 -0.051662  0.000000  0.000731  0.000000 ) 
 ( -0.022992  0.000000 -0.326504  0.000000 -0.000625  0.000000 ) 
 ( -0.021728  0.000000 -0.317498  0.000000  0.000528  0.000000 ) 
 ( -0.089065  0.000000  0.056079  0.000000 -0.000582  0.000000 ) 
 ( -0.067609  0.000000  0.040041  0.000000  0.000424  0.000000 ) 
 (  0.176068  0.000000  0.130949  0.000000 -0.001295  0.000000 ) 
 (  0.166247  0.000000  0.124925  0.000000  0.001232  0.000000 ) 
 ( -0.111647  0.000000 -0.078799  0.000000  0.008730  0.000000 ) 
 ( -0.074784  0.000000 -0.047946  0.000000 -0.002085  0.000000 ) 
 (  0.299902  0.000000 -0.250091  0.000000  0.053348  0.000000 ) 
 (  0.288216  0.000000 -0.242147  0.000000 -0.052670  0.000000 ) 
 ( -0.074649  0.000000 -0.048258  0.000000  0.002235  0.000000 ) 
 ( -0.111608  0.000000 -0.079308  0.000000 -0.008889  0.000000 ) 
 (  0.288992  0.000000 -0.243693  0.000000  0.052728  0.000000 ) 
 (  0.300667  0.000000 -0.251689  0.000000 -0.053425  0.000000 ) 
     freq (   33) =      30.763824 [THz] =    1026.170706 [cm-1]
 ( -0.000944  0.000000 -0.001035  0.000000 -0.000000  0.000000 ) 
 (  0.000260  0.000000 -0.000285  0.000000 -0.000002  0.000000 ) 
 ( -0.056531  0.000000 -0.051553  0.000000 -0.000106  0.000000 ) 
 ( -0.065618  0.000000 -0.061609  0.000000  0.000184  0.000000 ) 
 (  0.000314  0.000000  0.002683 -0.000000  0.000101 -0.000000 ) 
 ( -0.033317  0.000000  0.033839  0.000000 -0.000181  0.000000 ) 
 ( -0.021843  0.000000  0.289089 -0.000000  0.000143 -0.000000 ) 
 ( -0.024917  0.000000  0.336544 -0.000000 -0.000449  0.000000 ) 
 (  0.000855  0.000000 -0.000051  0.000000 -0.000475  0.000000 ) 
 ( -0.012019  0.000000 -0.172306  0.000000  0.000638  0.000000 ) 
 (  0.158482 -0.000000 -0.118143  0.000000  0.000281 -0.000000 ) 
 (  0.183302 -0.000000 -0.138282  0.000000 -0.000527  0.000000 ) 
 ( -0.001979  0.000000  0.001271 -0.000000 -0.000335  0.000000 ) 
 (  0.092124  0.000000  0.071872  0.000000  0.000558  0.000000 ) 
 (  0.263107 -0.000000  0.216273 -0.000000 -0.044361  0.000000 ) 
 (  0.306253 -0.000000  0.256487 -0.000000  0.055026  0.000000 ) 
 ( -0.000027  0.000000 -0.007948  0.000000  0.005686 -0.000000 ) 
 (  0.156734  0.000000 -0.138112  0.000000 -0.033050  0.000000 ) 
 (  0.305733 -0.000000  0.256861 -0.000000 -0.055114  0.000000 ) 
 (  0.262906 -0.000000  0.216726 -0.000000  0.044445 -0.000000 ) 
 (  0.156055  0.000000 -0.138082  0.000000  0.033080  0.000000 ) 
 ( -0.000508  0.000000 -0.007689  0.000000 -0.005669  0.000000 ) 
     freq (   34) =      30.763824 [THz] =    1026.170706 [cm-1]
 (  0.000260  0.000000  0.000285  0.000000 -0.000002  0.000000 ) 
 (  0.000944  0.000000 -0.001035  0.000000  0.000000  0.000000 ) 
 (  0.033317  0.000000  0.033839  0.000000  0.000181  0.000000 ) 
 (  0.000314  0.000000 -0.002683  0.000000  0.000101  0.000000 ) 
 (  0.065618  0.000000 -0.061609  0.000000 -0.000184  0.000000 ) 
 ( -0.056531  0.000000  0.051553  0.000000 -0.000106  0.000000 ) 
 (  0.012019  0.000000 -0.172306  0.000000 -0.000638  0.000000 ) 
 (  0.000855  0.000000  0.000051  0.000000 -0.000475  0.000000 ) 
 (  0.024917  0.000000  0.336544  0.000000  0.000449  0.000000 ) 
 ( -0.021843  0.000000 -0.289089  0.000000  0.000143  0.000000 ) 
 ( -0.092124  0.000000  0.071872  0.000000 -0.000558  0.000000 ) 
 ( -0.001979  0.000000 -0.001271  0.000000 -0.000335  0.000000 ) 
 ( -0.183302  0.000000 -0.138282  0.000000  0.000527  0.000000 ) 
 (  0.158482  0.000000  0.118143  0.000000  0.000281  0.000000 ) 
 ( -0.156734  0.000000 -0.138112  0.000000  0.033050  0.000000 ) 
 ( -0.000027  0.000000  0.007948  0.000000  0.005686  0.000000 ) 
 ( -0.306253  0.000000  0.256487  0.000000 -0.055026  0.000000 ) 
 (  0.263107  0.000000 -0.216273  0.000000 -0.044361  0.000000 ) 
 ( -0.000508  0.000000  0.007689  0.000000 -0.005669  0.000000 ) 
 ( -0.156055  0.000000 -0.138082  0.000000 -0.033080  0.000000 ) 
 (  0.262906  0.000000 -0.216726  0.000000  0.044445  0.000000 ) 
 ( -0.305733  0.000000  0.256861  0.000000  0.055114  0.000000 ) 
     freq (   35) =      31.894281 [THz] =    1063.878713 [cm-1]
 ( -0.000076  0.000000 -0.000107  0.000000  0.000004  0.000000 ) 
 (  0.000077  0.000000 -0.000109  0.000000  0.000004  0.000000 ) 
 ( -0.003704  0.000000 -0.000928  0.000000  0.000409  0.000000 ) 
 (  0.067153  0.000000 -0.068633  0.000000  0.000468  0.000000 ) 
 (  0.002791  0.000000 -0.001862  0.000000  0.000403  0.000000 ) 
 (  0.067109  0.000000  0.068652  0.000000 -0.000462  0.000000 ) 
 ( -0.002948  0.000000  0.006326  0.000000 -0.001738  0.000000 ) 
 (  0.060692  0.000000  0.330693  0.000000 -0.002087  0.000000 ) 
 (  0.002122  0.000000  0.010827  0.000000 -0.001710  0.000000 ) 
 (  0.060658  0.000000 -0.330809  0.000000  0.002063  0.000000 ) 
 (  0.017607  0.000000 -0.009602  0.000000 -0.002150  0.000000 ) 
 ( -0.415500  0.000000  0.156964  0.000000 -0.001852  0.000000 ) 
 ( -0.011955  0.000000 -0.007467  0.000000 -0.002125  0.000000 ) 
 ( -0.415299  0.000000 -0.156848  0.000000  0.001823  0.000000 ) 
 (  0.015206  0.000000  0.006067  0.000000  0.001896  0.000000 ) 
 ( -0.188787  0.000000  0.132524  0.000000  0.189700  0.000000 ) 
 ( -0.012638  0.000000  0.007870  0.000000 -0.000686  0.000000 ) 
 ( -0.188597  0.000000 -0.132618  0.000000 -0.189691  0.000000 ) 
 ( -0.190280  0.000000  0.134060  0.000000 -0.190538  0.000000 ) 
 (  0.015992  0.000000  0.004447  0.000000 -0.002589  0.000000 ) 
 ( -0.190080  0.000000 -0.134133  0.000000  0.190520  0.000000 ) 
 ( -0.013404  0.000000  0.006272  0.000000  0.000004  0.000000 ) 
     freq (   36) =      31.894281 [THz] =    1063.878713 [cm-1]
 ( -0.000077  0.000000 -0.000109  0.000000 -0.000004  0.000000 ) 
 ( -0.000076  0.000000  0.000107  0.000000  0.000004  0.000000 ) 
 (  0.067109  0.000000 -0.068652  0.000000 -0.000462  0.000000 ) 
 ( -0.002791  0.000000 -0.001862  0.000000 -0.000403  0.000000 ) 
 (  0.067153  0.000000  0.068633  0.000000  0.000468  0.000000 ) 
 (  0.003704  0.000000 -0.000928  0.000000 -0.000409  0.000000 ) 
 (  0.060658  0.000000  0.330809  0.000000  0.002063  0.000000 ) 
 ( -0.002122  0.000000  0.010827  0.000000  0.001710  0.000000 ) 
 (  0.060692  0.000000 -0.330693  0.000000 -0.002087  0.000000 ) 
 (  0.002948  0.000000  0.006326  0.000000  0.001738  0.000000 ) 
 ( -0.415299  0.000000  0.156848  0.000000  0.001823  0.000000 ) 
 (  0.011955  0.000000 -0.007467  0.000000  0.002125  0.000000 ) 
 ( -0.415500  0.000000 -0.156964  0.000000 -0.001852  0.000000 ) 
 ( -0.017607  0.000000 -0.009602  0.000000  0.002150  0.000000 ) 
 ( -0.188597  0.000000  0.132618  0.000000 -0.189691  0.000000 ) 
 (  0.012638  0.000000  0.007870  0.000000  0.000686  0.000000 ) 
 ( -0.188787  0.000000 -0.132524  0.000000  0.189700  0.000000 ) 
 ( -0.015206  0.000000  0.006067  0.000000 -0.001896  0.000000 ) 
 (  0.013404  0.000000  0.006272  0.000000 -0.000004  0.000000 ) 
 ( -0.190080  0.000000  0.134133  0.000000  0.190520  0.000000 ) 
 ( -0.015992  0.000000  0.004447  0.000000  0.002589  0.000000 ) 
 ( -0.190280  0.000000 -0.134060  0.000000 -0.190538  0.000000 ) 
     freq (   37) =      32.315963 [THz] =    1077.944482 [cm-1]
 ( -0.000058  0.000000  0.000097  0.000000  0.000001  0.000000 ) 
 ( -0.000400  0.000000 -0.000672  0.000000 -0.000000  0.000000 ) 
 (  0.034137  0.000000 -0.040108  0.000000 -0.002297  0.000000 ) 
 ( -0.046324  0.000000  0.053914  0.000000 -0.002222  0.000000 ) 
 ( -0.036179  0.000000 -0.040776  0.000000  0.000584  0.000000 ) 
 (  0.047849  0.000000  0.054413  0.000000 -0.000071  0.000000 ) 
 (  0.034323  0.000000  0.208776  0.000000  0.009505  0.000000 ) 
 ( -0.046714  0.000000 -0.283278  0.000000  0.009097  0.000000 ) 
 ( -0.036835  0.000000  0.221140  0.000000 -0.002754  0.000000 ) 
 (  0.048589  0.000000 -0.292509  0.000000 -0.000056  0.000000 ) 
 ( -0.234511  0.000000  0.084871  0.000000  0.011163  0.000000 ) 
 (  0.320722  0.000000 -0.116374  0.000000  0.011138  0.000000 ) 
 (  0.256922  0.000000  0.094004  0.000000 -0.001706  0.000000 ) 
 ( -0.337455  0.000000 -0.123194  0.000000  0.001529  0.000000 ) 
 ( -0.094396  0.000000  0.086809  0.000000 -0.112830  0.000000 ) 
 (  0.128159  0.000000 -0.115331  0.000000 -0.150762  0.000000 ) 
 (  0.100248  0.000000  0.083663  0.000000 -0.111642  0.000000 ) 
 ( -0.132528  0.000000 -0.112982  0.000000 -0.149874  0.000000 ) 
 (  0.132419  0.000000 -0.125028  0.000000  0.155053  0.000000 ) 
 ( -0.099139  0.000000  0.096472  0.000000  0.117203  0.000000 ) 
 ( -0.131518  0.000000 -0.114501  0.000000  0.150221  0.000000 ) 
 (  0.097932  0.000000  0.082374  0.000000  0.110731  0.000000 ) 
     freq (   38) =      32.315963 [THz] =    1077.944482 [cm-1]
 (  0.000400  0.000000 -0.000672  0.000000  0.000000  0.000000 ) 
 ( -0.000058  0.000000 -0.000097  0.000000  0.000001  0.000000 ) 
 (  0.047849  0.000000 -0.054413  0.000000 -0.000071  0.000000 ) 
 (  0.036179  0.000000 -0.040776  0.000000 -0.000584  0.000000 ) 
 ( -0.046324  0.000000 -0.053914  0.000000 -0.002222  0.000000 ) 
 ( -0.034137  0.000000 -0.040108  0.000000  0.002297  0.000000 ) 
 (  0.048589  0.000000  0.292509  0.000000 -0.000056  0.000000 ) 
 (  0.036835  0.000000  0.221140  0.000000  0.002754  0.000000 ) 
 ( -0.046714  0.000000  0.283278  0.000000  0.009097  0.000000 ) 
 ( -0.034323  0.000000  0.208776  0.000000 -0.009505  0.000000 ) 
 ( -0.337455  0.000000  0.123194  0.000000  0.001529  0.000000 ) 
 ( -0.256922  0.000000  0.094004  0.000000  0.001706  0.000000 ) 
 (  0.320722  0.000000  0.116374  0.000000  0.011138  0.000000 ) 
 (  0.234511  0.000000  0.084871  0.000000 -0.011163  0.000000 ) 
 ( -0.132528  0.000000  0.112982  0.000000 -0.149874  0.000000 ) 
 ( -0.100248  0.000000  0.083663  0.000000  0.111642  0.000000 ) 
 (  0.128159  0.000000  0.115331  0.000000 -0.150762  0.000000 ) 
 (  0.094396  0.000000  0.086809  0.000000  0.112830  0.000000 ) 
 ( -0.097932  0.000000  0.082374  0.000000 -0.110731  0.000000 ) 
 ( -0.131518  0.000000  0.114501  0.000000  0.150221  0.000000 ) 
 (  0.099139  0.000000  0.096472  0.000000 -0.117203  0.000000 ) 
 (  0.132419  0.000000  0.125028  0.000000  0.155053  0.000000 ) 
     freq (   39) =      32.472616 [THz] =    1083.169881 [cm-1]
 ( -0.000004  0.000000 -0.000019  0.000000 -0.000133  0.000000 ) 
 (  0.000001  0.000000 -0.000006  0.000000 -0.000403  0.000000 ) 
 (  0.000460  0.000000 -0.000533  0.000000 -0.073062  0.000000 ) 
 (  0.000204  0.000000 -0.000192  0.000000  0.092135  0.000000 ) 
 ( -0.000497  0.000000 -0.000636  0.000000  0.001635  0.000000 ) 
 ( -0.000278  0.000000 -0.000397  0.000000 -0.056155  0.000000 ) 
 (  0.000491  0.000000  0.002417  0.000000  0.307601  0.000000 ) 
 (  0.000261  0.000000  0.000656  0.000000 -0.386666  0.000000 ) 
 ( -0.000473  0.000000  0.003176  0.000000 -0.005219  0.000000 ) 
 ( -0.000225  0.000000  0.002162  0.000000  0.234349  0.000000 ) 
 ( -0.003689  0.000000  0.001356  0.000000  0.365271  0.000000 ) 
 ( -0.001451  0.000000  0.000540  0.000000 -0.462653  0.000000 ) 
 (  0.004239  0.000000  0.001548  0.000000 -0.010913  0.000000 ) 
 (  0.002543  0.000000  0.000922  0.000000  0.284155  0.000000 ) 
 (  0.086612  0.000000 -0.161185  0.000000  0.074072  0.000000 ) 
 (  0.108014  0.000000 -0.207162  0.000000 -0.095509  0.000000 ) 
 (  0.000309  0.000000  0.008872  0.000000 -0.004493  0.000000 ) 
 (  0.064541  0.000000  0.130438  0.000000  0.060461  0.000000 ) 
 ( -0.109484  0.000000  0.206668  0.000000 -0.095990  0.000000 ) 
 ( -0.090074  0.000000  0.162325  0.000000  0.076611  0.000000 ) 
 ( -0.062337  0.000000 -0.128069  0.000000  0.057842  0.000000 ) 
 (  0.003524  0.000000 -0.006290  0.000000 -0.000878  0.000000 ) 
     freq (   40) =      32.472616 [THz] =    1083.169881 [cm-1]
 (  0.000001  0.000000  0.000006  0.000000 -0.000403  0.000000 ) 
 (  0.000004  0.000000 -0.000019  0.000000  0.000133  0.000000 ) 
 (  0.000278  0.000000 -0.000397  0.000000  0.056155  0.000000 ) 
 ( -0.000497  0.000000  0.000636  0.000000  0.001635  0.000000 ) 
 ( -0.000204  0.000000 -0.000192  0.000000 -0.092135  0.000000 ) 
 (  0.000460  0.000000  0.000533  0.000000 -0.073062  0.000000 ) 
 (  0.000225  0.000000  0.002162  0.000000 -0.234349  0.000000 ) 
 ( -0.000473  0.000000 -0.003176  0.000000 -0.005219  0.000000 ) 
 ( -0.000261  0.000000  0.000656  0.000000  0.386666  0.000000 ) 
 (  0.000491  0.000000 -0.002417  0.000000  0.307601  0.000000 ) 
 ( -0.002543  0.000000  0.000922  0.000000 -0.284155  0.000000 ) 
 (  0.004239  0.000000 -0.001548  0.000000 -0.010913  0.000000 ) 
 (  0.001451  0.000000  0.000540  0.000000  0.462653  0.000000 ) 
 ( -0.003689  0.000000 -0.001356  0.000000  0.365271  0.000000 ) 
 ( -0.064541  0.000000  0.130438  0.000000 -0.060461  0.000000 ) 
 (  0.000309  0.000000 -0.008872  0.000000 -0.004493  0.000000 ) 
 ( -0.108014  0.000000 -0.207162  0.000000  0.095509  0.000000 ) 
 (  0.086612  0.000000  0.161185  0.000000  0.074072  0.000000 ) 
 (  0.003524  0.000000  0.006290  0.000000 -0.000878  0.000000 ) 
 (  0.062337  0.000000 -0.128069  0.000000 -0.057842  0.000000 ) 
 ( -0.090074  0.000000 -0.162325  0.000000  0.076611  0.000000 ) 
 (  0.109484  0.000000  0.206668  0.000000  0.095990  0.000000 ) 
     freq (   41) =      32.604317 [THz] =    1087.562957 [cm-1]
 (  0.000002  0.000000  0.000002  0.000000  0.000192  0.000000 ) 
 (  0.000006  0.000000 -0.000006  0.000000 -0.000061  0.000000 ) 
 (  0.000589  0.000000 -0.001009  0.000000  0.073733  0.000000 ) 
 ( -0.000981  0.000000  0.001526  0.000000  0.092626  0.000000 ) 
 ( -0.000369  0.000000 -0.000414  0.000000  0.003388  0.000000 ) 
 (  0.000867  0.000000  0.001218  0.000000  0.056165  0.000000 ) 
 (  0.000608  0.000000  0.006250  0.000000 -0.306116  0.000000 ) 
 ( -0.001085  0.000000 -0.008957  0.000000 -0.375993  0.000000 ) 
 ( -0.000483  0.000000  0.001853  0.000000 -0.001929  0.000000 ) 
 (  0.001020  0.000000 -0.006677  0.000000 -0.218329  0.000000 ) 
 ( -0.006137  0.000000  0.002143  0.000000 -0.369804  0.000000 ) 
 (  0.009177  0.000000 -0.003246  0.000000 -0.469805  0.000000 ) 
 (  0.002362  0.000000  0.000884  0.000000 -0.024421  0.000000 ) 
 ( -0.007221  0.000000 -0.002594  0.000000 -0.290789  0.000000 ) 
 ( -0.089899  0.000000  0.168863  0.000000 -0.080046  0.000000 ) 
 (  0.107734  0.000000 -0.213943  0.000000 -0.099506  0.000000 ) 
 ( -0.003241  0.000000  0.010324  0.000000 -0.002190  0.000000 ) 
 ( -0.059458  0.000000 -0.131770  0.000000 -0.059153  0.000000 ) 
 ( -0.101602  0.000000  0.205933  0.000000 -0.090963  0.000000 ) 
 (  0.085909  0.000000 -0.162544  0.000000 -0.074052  0.000000 ) 
 (  0.054477  0.000000  0.126832  0.000000 -0.052828  0.000000 ) 
 (  0.005011  0.000000 -0.009932  0.000000 -0.000477  0.000000 ) 
     freq (   42) =      32.604317 [THz] =    1087.562957 [cm-1]
 (  0.000006  0.000000  0.000006  0.000000 -0.000061  0.000000 ) 
 ( -0.000002  0.000000  0.000002  0.000000 -0.000192  0.000000 ) 
 ( -0.000867  0.000000  0.001218  0.000000 -0.056165  0.000000 ) 
 ( -0.000369  0.000000  0.000414  0.000000  0.003388  0.000000 ) 
 (  0.000981  0.000000  0.001526  0.000000 -0.092626  0.000000 ) 
 (  0.000589  0.000000  0.001009  0.000000  0.073733  0.000000 ) 
 ( -0.001020  0.000000 -0.006677  0.000000  0.218329  0.000000 ) 
 ( -0.000483  0.000000 -0.001853  0.000000 -0.001929  0.000000 ) 
 (  0.001085  0.000000 -0.008957  0.000000  0.375993  0.000000 ) 
 (  0.000608  0.000000 -0.006250  0.000000 -0.306116  0.000000 ) 
 (  0.007221  0.000000 -0.002594  0.000000  0.290789  0.000000 ) 
 (  0.002362  0.000000 -0.000884  0.000000 -0.024421  0.000000 ) 
 ( -0.009177  0.000000 -0.003246  0.000000  0.469805  0.000000 ) 
 ( -0.006137  0.000000 -0.002143  0.000000 -0.369804  0.000000 ) 
 (  0.059458  0.000000 -0.131770  0.000000  0.059153  0.000000 ) 
 ( -0.003241  0.000000 -0.010324  0.000000 -0.002190  0.000000 ) 
 ( -0.107734  0.000000 -0.213943  0.000000  0.099506  0.000000 ) 
 ( -0.089899  0.000000 -0.168863  0.000000 -0.080046  0.000000 ) 
 (  0.005011  0.000000  0.009932  0.000000 -0.000477  0.000000 ) 
 ( -0.054477  0.000000  0.126832  0.000000  0.052828  0.000000 ) 
 (  0.085909  0.000000  0.162544  0.000000 -0.074052  0.000000 ) 
 (  0.101602  0.000000  0.205933  0.000000  0.090963  0.000000 ) 
     freq (   43) =      35.697411 [THz] =    1190.737470 [cm-1]
 (  0.000015  0.000000  0.000022  0.000000  0.000032  0.000000 ) 
 ( -0.000007  0.000000  0.000010  0.000000  0.000072  0.000000 ) 
 (  0.000027  0.000000  0.000012  0.000000  0.001912  0.000000 ) 
 (  0.000047  0.000000  0.000004  0.000000 -0.004318  0.000000 ) 
 (  0.000006  0.000000  0.000012  0.000000 -0.001302  0.000000 ) 
 (  0.000039  0.000000  0.000005  0.000000  0.004085  0.000000 ) 
 ( -0.000017  0.000000 -0.000500  0.000000 -0.103215  0.000000 ) 
 ( -0.000008  0.000000 -0.000269  0.000000  0.356358  0.000000 ) 
 (  0.000015  0.000000 -0.000431  0.000000  0.180713  0.000000 ) 
 (  0.000004  0.000000 -0.000087  0.000000 -0.385999  0.000000 ) 
 (  0.001010  0.000000 -0.000431  0.000000  0.083199  0.000000 ) 
 (  0.000294  0.000000 -0.000157  0.000000 -0.311672  0.000000 ) 
 ( -0.001092  0.000000 -0.000439  0.000000 -0.167550  0.000000 ) 
 ( -0.000510  0.000000 -0.000176  0.000000  0.343933  0.000000 ) 
 ( -0.073006  0.000000 -0.034014  0.000000 -0.004188  0.000000 ) 
 ( -0.259524  0.000000 -0.130443  0.000000  0.011655  0.000000 ) 
 ( -0.134511  0.000000  0.071209  0.000000  0.004819  0.000000 ) 
 ( -0.283047  0.000000  0.144669  0.000000 -0.011896  0.000000 ) 
 (  0.259104  0.000000  0.131550  0.000000  0.010844  0.000000 ) 
 (  0.073184  0.000000  0.035592  0.000000 -0.003241  0.000000 ) 
 (  0.282324  0.000000 -0.144741  0.000000 -0.011655  0.000000 ) 
 (  0.133895  0.000000 -0.070081  0.000000  0.005364  0.000000 ) 
     freq (   44) =      35.697411 [THz] =    1190.737470 [cm-1]
 (  0.000007  0.000000  0.000010  0.000000 -0.000072  0.000000 ) 
 (  0.000015  0.000000 -0.000022  0.000000  0.000032  0.000000 ) 
 (  0.000039  0.000000 -0.000005  0.000000  0.004085  0.000000 ) 
 ( -0.000006  0.000000  0.000012  0.000000  0.001302  0.000000 ) 
 (  0.000047  0.000000 -0.000004  0.000000 -0.004318  0.000000 ) 
 ( -0.000027  0.000000  0.000012  0.000000 -0.001912  0.000000 ) 
 (  0.000004  0.000000  0.000087  0.000000 -0.385999  0.000000 ) 
 ( -0.000015  0.000000 -0.000431  0.000000 -0.180713  0.000000 ) 
 ( -0.000008  0.000000  0.000269  0.000000  0.356358  0.000000 ) 
 (  0.000017  0.000000 -0.000500  0.000000  0.103215  0.000000 ) 
 ( -0.000510  0.000000  0.000176  0.000000  0.343933  0.000000 ) 
 (  0.001092  0.000000 -0.000439  0.000000  0.167550  0.000000 ) 
 (  0.000294  0.000000  0.000157  0.000000 -0.311672  0.000000 ) 
 ( -0.001010  0.000000 -0.000431  0.000000 -0.083199  0.000000 ) 
 ( -0.283047  0.000000 -0.144669  0.000000 -0.011896  0.000000 ) 
 (  0.134511  0.000000  0.071209  0.000000 -0.004819  0.000000 ) 
 ( -0.259524  0.000000  0.130443  0.000000  0.011655  0.000000 ) 
 (  0.073006  0.000000 -0.034014  0.000000  0.004188  0.000000 ) 
 ( -0.133895  0.000000 -0.070081  0.000000 -0.005364  0.000000 ) 
 (  0.282324  0.000000  0.144741  0.000000 -0.011655  0.000000 ) 
 ( -0.073184  0.000000  0.035592  0.000000  0.003241  0.000000 ) 
 (  0.259104  0.000000 -0.131550  0.000000  0.010844  0.000000 ) 
     freq (   45) =      35.914310 [THz] =    1197.972423 [cm-1]
 ( -0.000001  0.000000  0.000001  0.000000 -0.000170  0.000000 ) 
 (  0.000004  0.000000  0.000004  0.000000 -0.000049  0.000000 ) 
 (  0.000025  0.000000 -0.000006  0.000000 -0.006584  0.000000 ) 
 ( -0.000011  0.000000  0.000002  0.000000 -0.004253  0.000000 ) 
 ( -0.000030  0.000000 -0.000007  0.000000 -0.005588  0.000000 ) 
 (  0.000019  0.000000  0.000005  0.000000 -0.002442  0.000000 ) 
 (  0.000047  0.000000  0.000840  0.000000  0.336241  0.000000 ) 
 ( -0.000021  0.000000 -0.000855  0.000000  0.161611  0.000000 ) 
 ( -0.000054  0.000000  0.000221  0.000000  0.373031  0.000000 ) 
 (  0.000034  0.000000  0.000271  0.000000  0.228499  0.000000 ) 
 ( -0.000510  0.000000  0.000274  0.000000 -0.274860  0.000000 ) 
 (  0.000575  0.000000 -0.000315  0.000000 -0.121567  0.000000 ) 
 (  0.000046  0.000000  0.000014  0.000000 -0.321558  0.000000 ) 
 (  0.000269  0.000000  0.000157  0.000000 -0.206472  0.000000 ) 
 (  0.241694  0.000000  0.116057  0.000000  0.010382  0.000000 ) 
 ( -0.113680  0.000000 -0.050634  0.000000  0.005783  0.000000 ) 
 ( -0.272061  0.000000  0.136874  0.000000  0.010266  0.000000 ) 
 (  0.168892  0.000000 -0.088482  0.000000  0.005573  0.000000 ) 
 (  0.112949  0.000000  0.051230  0.000000  0.005278  0.000000 ) 
 ( -0.241223  0.000000 -0.115949  0.000000  0.010403  0.000000 ) 
 ( -0.169517  0.000000  0.087199  0.000000  0.006550  0.000000 ) 
 (  0.272337  0.000000 -0.135732  0.000000  0.011102  0.000000 ) 
     freq (   46) =      35.914310 [THz] =    1197.972423 [cm-1]
 ( -0.000004  0.000000  0.000004  0.000000  0.000049  0.000000 ) 
 ( -0.000001  0.000000 -0.000001  0.000000 -0.000170  0.000000 ) 
 (  0.000019  0.000000 -0.000005  0.000000 -0.002442  0.000000 ) 
 (  0.000030  0.000000 -0.000007  0.000000  0.005588  0.000000 ) 
 ( -0.000011  0.000000 -0.000002  0.000000 -0.004253  0.000000 ) 
 ( -0.000025  0.000000 -0.000006  0.000000  0.006584  0.000000 ) 
 (  0.000034  0.000000 -0.000271  0.000000  0.228499  0.000000 ) 
 (  0.000054  0.000000  0.000221  0.000000 -0.373031  0.000000 ) 
 ( -0.000021  0.000000  0.000855  0.000000  0.161611  0.000000 ) 
 ( -0.000047  0.000000  0.000840  0.000000 -0.336241  0.000000 ) 
 (  0.000269  0.000000 -0.000157  0.000000 -0.206472  0.000000 ) 
 ( -0.000046  0.000000  0.000014  0.000000  0.321558  0.000000 ) 
 (  0.000575  0.000000  0.000315  0.000000 -0.121567  0.000000 ) 
 (  0.000510  0.000000  0.000274  0.000000  0.274860  0.000000 ) 
 (  0.168892  0.000000  0.088482  0.000000  0.005573  0.000000 ) 
 (  0.272061  0.000000  0.136874  0.000000 -0.010266  0.000000 ) 
 ( -0.113680  0.000000  0.050634  0.000000  0.005783  0.000000 ) 
 ( -0.241694  0.000000  0.116057  0.000000 -0.010382  0.000000 ) 
 ( -0.272337  0.000000 -0.135732  0.000000 -0.011102  0.000000 ) 
 ( -0.169517  0.000000 -0.087199  0.000000  0.006550  0.000000 ) 
 (  0.241223  0.000000 -0.115949  0.000000 -0.010403  0.000000 ) 
 (  0.112949  0.000000 -0.051230  0.000000  0.005278  0.000000 ) 
     freq (   47) =      36.324765 [THz] =    1211.663733 [cm-1]
 (  0.000012  0.000000  0.000235  0.000000  0.000001  0.000000 ) 
 (  0.000002  0.000000 -0.000041  0.000000 -0.000005  0.000000 ) 
 ( -0.007064  0.000000  0.006203  0.000000  0.000000  0.000000 ) 
 ( -0.008062  0.000000  0.006653  0.000000  0.000010  0.000000 ) 
 (  0.001542  0.000000  0.000168  0.000000 -0.000029  0.000000 ) 
 (  0.004180  0.000000  0.002410  0.000000  0.000031  0.000000 ) 
 (  0.006351  0.000000  0.282197  0.000000 -0.000493  0.000000 ) 
 (  0.006178  0.000000  0.306197  0.000000  0.000121  0.000000 ) 
 (  0.001590  0.000000  0.017494  0.000000  0.001121  0.000000 ) 
 ( -0.000595  0.000000  0.120116  0.000000 -0.001014  0.000000 ) 
 ( -0.243479  0.000000  0.111391  0.000000  0.000197  0.000000 ) 
 ( -0.262542  0.000000  0.120192  0.000000  0.000011  0.000000 ) 
 (  0.010521  0.000000  0.005037  0.000000 -0.000613  0.000000 ) 
 (  0.098776  0.000000  0.045427  0.000000  0.000580  0.000000 ) 
 (  0.176775  0.000000 -0.240960  0.000000  0.211957  0.000000 ) 
 (  0.194232  0.000000 -0.262419  0.000000 -0.231566  0.000000 ) 
 ( -0.017693  0.000000 -0.017622  0.000000  0.017541  0.000000 ) 
 ( -0.082400  0.000000 -0.105416  0.000000 -0.094895  0.000000 ) 
 (  0.194316  0.000000 -0.262458  0.000000  0.231543  0.000000 ) 
 (  0.177389  0.000000 -0.240922  0.000000 -0.212055  0.000000 ) 
 ( -0.080941  0.000000 -0.105637  0.000000  0.094552  0.000000 ) 
 ( -0.016112  0.000000 -0.017843  0.000000 -0.017184  0.000000 ) 
     freq (   48) =      36.324765 [THz] =    1211.663733 [cm-1]
 (  0.000002  0.000000  0.000041  0.000000 -0.000005  0.000000 ) 
 ( -0.000012  0.000000  0.000235  0.000000 -0.000001  0.000000 ) 
 ( -0.004180  0.000000  0.002410  0.000000 -0.000031  0.000000 ) 
 (  0.001542  0.000000 -0.000168  0.000000 -0.000029  0.000000 ) 
 (  0.008062  0.000000  0.006653  0.000000 -0.000010  0.000000 ) 
 ( -0.007064  0.000000 -0.006203  0.000000  0.000000  0.000000 ) 
 (  0.000595  0.000000  0.120116  0.000000  0.001014  0.000000 ) 
 (  0.001590  0.000000 -0.017494  0.000000  0.001121  0.000000 ) 
 ( -0.006178  0.000000  0.306197  0.000000 -0.000121  0.000000 ) 
 (  0.006351  0.000000 -0.282197  0.000000 -0.000493  0.000000 ) 
 ( -0.098776  0.000000  0.045427  0.000000 -0.000580  0.000000 ) 
 (  0.010521  0.000000 -0.005037  0.000000 -0.000613  0.000000 ) 
 (  0.262542  0.000000  0.120192  0.000000 -0.000011  0.000000 ) 
 ( -0.243479  0.000000 -0.111391  0.000000  0.000197  0.000000 ) 
 (  0.082400  0.000000 -0.105416  0.000000  0.094895  0.000000 ) 
 ( -0.017693  0.000000  0.017622  0.000000  0.017541  0.000000 ) 
 ( -0.194232  0.000000 -0.262419  0.000000  0.231566  0.000000 ) 
 (  0.176775  0.000000  0.240960  0.000000  0.211957  0.000000 ) 
 ( -0.016112  0.000000  0.017843  0.000000 -0.017184  0.000000 ) 
 (  0.080941  0.000000 -0.105637  0.000000 -0.094552  0.000000 ) 
 (  0.177389  0.000000  0.240922  0.000000 -0.212055  0.000000 ) 
 ( -0.194316  0.000000 -0.262458  0.000000 -0.231543  0.000000 ) 
     freq (   49) =      36.652731 [THz] =    1222.603499 [cm-1]
 ( -0.000629  0.000000 -0.000107  0.000000  0.000000  0.000000 ) 
 ( -0.000153  0.000000  0.000026  0.000000 -0.000000  0.000000 ) 
 ( -0.003882  0.000000  0.001578  0.000000  0.000008  0.000000 ) 
 ( -0.001093  0.000000 -0.000384  0.000000 -0.000009  0.000000 ) 
 ( -0.006335  0.000000 -0.004176  0.000000  0.000001  0.000000 ) 
 ( -0.005123  0.000000 -0.003886  0.000000 -0.000006  0.000000 ) 
 (  0.002835  0.000000  0.146160  0.000000  0.000448  0.000000 ) 
 ( -0.000520  0.000000  0.001198  0.000000 -0.000544  0.000000 ) 
 (  0.007172  0.000000 -0.315681  0.000000  0.000077  0.000000 ) 
 (  0.006609  0.000000 -0.279809  0.000000 -0.000318  0.000000 ) 
 ( -0.122578  0.000000  0.054525  0.000000 -0.000607  0.000000 ) 
 (  0.003051  0.000000 -0.002499  0.000000  0.000765  0.000000 ) 
 ( -0.272584  0.000000 -0.123457  0.000000 -0.000158  0.000000 ) 
 ( -0.243487  0.000000 -0.110792  0.000000  0.000491  0.000000 ) 
 (  0.092204  0.000000 -0.116347  0.000000  0.104424  0.000000 ) 
 (  0.004293  0.000000  0.002597  0.000000  0.000031  0.000000 ) 
 (  0.192310  0.000000  0.258150  0.000000 -0.227251  0.000000 ) 
 (  0.168819  0.000000  0.230460  0.000000  0.201839  0.000000 ) 
 (  0.003346  0.000000  0.002023  0.000000  0.000000  0.000000 ) 
 (  0.091515  0.000000 -0.116810  0.000000 -0.104473  0.000000 ) 
 (  0.169549  0.000000  0.230106  0.000000 -0.201867  0.000000 ) 
 (  0.192641  0.000000  0.258049  0.000000  0.227300  0.000000 ) 
     freq (   50) =      36.652731 [THz] =    1222.603499 [cm-1]
 ( -0.000153  0.000000 -0.000026  0.000000 -0.000000  0.000000 ) 
 (  0.000629  0.000000 -0.000107  0.000000 -0.000000  0.000000 ) 
 (  0.005123  0.000000 -0.003886  0.000000  0.000006  0.000000 ) 
 ( -0.006335  0.000000  0.004176  0.000000  0.000001  0.000000 ) 
 (  0.001093  0.000000 -0.000384  0.000000  0.000009  0.000000 ) 
 ( -0.003882  0.000000 -0.001578  0.000000  0.000008  0.000000 ) 
 ( -0.006609  0.000000 -0.279809  0.000000  0.000318  0.000000 ) 
 (  0.007172  0.000000  0.315681  0.000000  0.000077  0.000000 ) 
 (  0.000520  0.000000  0.001198  0.000000  0.000544  0.000000 ) 
 (  0.002835  0.000000 -0.146160  0.000000  0.000448  0.000000 ) 
 (  0.243487  0.000000 -0.110792  0.000000 -0.000491  0.000000 ) 
 ( -0.272584  0.000000  0.123457  0.000000 -0.000158  0.000000 ) 
 ( -0.003051  0.000000 -0.002499  0.000000 -0.000765  0.000000 ) 
 ( -0.122578  0.000000 -0.054525  0.000000 -0.000607  0.000000 ) 
 ( -0.168819  0.000000  0.230460  0.000000 -0.201839  0.000000 ) 
 (  0.192310  0.000000 -0.258150  0.000000 -0.227251  0.000000 ) 
 ( -0.004293  0.000000  0.002597  0.000000 -0.000031  0.000000 ) 
 (  0.092204  0.000000  0.116347  0.000000  0.104424  0.000000 ) 
 (  0.192641  0.000000 -0.258049  0.000000  0.227300  0.000000 ) 
 ( -0.169549  0.000000  0.230106  0.000000  0.201867  0.000000 ) 
 (  0.091515  0.000000  0.116810  0.000000 -0.104473  0.000000 ) 
 ( -0.003346  0.000000  0.002023  0.000000 -0.000000  0.000000 ) 
     freq (   51) =      68.527631 [THz] =    2285.835708 [cm-1]
 ( -0.000110  0.000000  0.000112  0.000000 -0.000001  0.000000 ) 
 ( -0.000085  0.000000 -0.000086  0.000000  0.000001  0.000000 ) 
 ( -0.000772  0.000000  0.003036 -0.000000 -0.000307  0.000000 ) 
 (  0.000864  0.000000  0.011620  0.000000  0.000123  0.000000 ) 
 ( -0.001028  0.000000 -0.000066  0.000000  0.000285 -0.000000 ) 
 ( -0.001098  0.000000  0.011217 -0.000000  0.000046 -0.000000 ) 
 (  0.101355 -0.000000 -0.002983  0.000000 -0.000135  0.000000 ) 
 (  0.341003  0.000000 -0.011205  0.000000  0.000060  0.000000 ) 
 (  0.014646 -0.000000  0.000122 -0.000000  0.000124  0.000000 ) 
 ( -0.325921  0.000000 -0.010801  0.000000  0.000027 -0.000000 ) 
 ( -0.050371  0.000000 -0.113648  0.000000  0.000018 -0.000000 ) 
 ( -0.184562  0.000000 -0.419788  0.000000 -0.000022  0.000000 ) 
 ( -0.003287  0.000000  0.006524  0.000000 -0.000013  0.000000 ) 
 (  0.177586 -0.000000 -0.404164  0.000000 -0.000018  0.000000 ) 
 ( -0.023723  0.000000  0.039649 -0.000000  0.065626 -0.000000 ) 
 ( -0.083752  0.000000  0.146029  0.000000 -0.241861  0.000000 ) 
 ( -0.002387  0.000000 -0.002388  0.000000 -0.003912  0.000000 ) 
 (  0.080358 -0.000000  0.140563 -0.000000 -0.232820  0.000000 ) 
 ( -0.083392  0.000000  0.145159  0.000000  0.240858  0.000000 ) 
 ( -0.022357  0.000000  0.037129 -0.000000 -0.061588  0.000000 ) 
 (  0.080346 -0.000000  0.140330 -0.000000  0.232850 -0.000000 ) 
 ( -0.001069  0.000000 -0.000012  0.000000  0.000000 -0.000000 ) 
     freq (   52) =      68.527631 [THz] =    2285.835708 [cm-1]
 (  0.000085  0.000000 -0.000086  0.000000 -0.000001  0.000000 ) 
 ( -0.000110  0.000000 -0.000112  0.000000 -0.000001  0.000000 ) 
 ( -0.001098  0.000000 -0.011217  0.000000  0.000046 -0.000000 ) 
 (  0.001028 -0.000000 -0.000066  0.000000 -0.000285  0.000000 ) 
 (  0.000864  0.000000 -0.011620  0.000000  0.000123 -0.000000 ) 
 (  0.000772  0.000000  0.003036 -0.000000  0.000307  0.000000 ) 
 ( -0.325921  0.000000  0.010801 -0.000000  0.000027  0.000000 ) 
 ( -0.014646  0.000000  0.000122  0.000000 -0.000124  0.000000 ) 
 (  0.341003  0.000000  0.011205  0.000000  0.000060  0.000000 ) 
 ( -0.101355  0.000000 -0.002983  0.000000  0.000135 -0.000000 ) 
 (  0.177586 -0.000000  0.404164 -0.000000 -0.000018  0.000000 ) 
 (  0.003287  0.000000  0.006524  0.000000  0.000013  0.000000 ) 
 ( -0.184562  0.000000  0.419788  0.000000 -0.000022  0.000000 ) 
 (  0.050371 -0.000000 -0.113648  0.000000 -0.000018  0.000000 ) 
 (  0.080358 -0.000000 -0.140563  0.000000 -0.232820  0.000000 ) 
 (  0.002387 -0.000000 -0.002388  0.000000  0.003912 -0.000000 ) 
 ( -0.083752  0.000000 -0.146029  0.000000 -0.241861  0.000000 ) 
 (  0.023723 -0.000000  0.039649 -0.000000 -0.065626  0.000000 ) 
 (  0.001069 -0.000000 -0.000012  0.000000  0.000000 -0.000000 ) 
 (  0.080346 -0.000000 -0.140330  0.000000  0.232850 -0.000000 ) 
 (  0.022357 -0.000000  0.037129 -0.000000  0.061588 -0.000000 ) 
 ( -0.083392  0.000000 -0.145159  0.000000  0.240858  0.000000 ) 
     freq (   53) =      68.621688 [THz] =    2288.973137 [cm-1]
 (  0.000039  0.000000  0.000100 -0.000000  0.000001  0.000000 ) 
 ( -0.000052  0.000000  0.000133  0.000000  0.000001 -0.000000 ) 
 ( -0.002264  0.000000 -0.005895  0.000000 -0.000234  0.000000 ) 
 (  0.000696 -0.000000  0.016527 -0.000000  0.000012 -0.000000 ) 
 (  0.002156  0.000000 -0.001371  0.000000 -0.000247  0.000000 ) 
 (  0.000071  0.000000 -0.015501  0.000000 -0.000080  0.000000 ) 
 ( -0.076336  0.000000  0.000595  0.000000  0.000281  0.000000 ) 
 (  0.340569 -0.000000 -0.008289  0.000000  0.000150 -0.000000 ) 
 ( -0.018724  0.000000 -0.001770  0.000000  0.000249 -0.000000 ) 
 (  0.332431  0.000000  0.008455  0.000000 -0.000075  0.000000 ) 
 (  0.064165  0.000000  0.146393  0.000000 -0.000095  0.000000 ) 
 ( -0.197459  0.000000 -0.446817  0.000000 -0.000015  0.000000 ) 
 ( -0.009860  0.000000  0.023559 -0.000000 -0.000095  0.000000 ) 
 ( -0.187003  0.000000  0.422812  0.000000 -0.000012  0.000000 ) 
 (  0.019291  0.000000 -0.035484  0.000000 -0.058441  0.000000 ) 
 ( -0.077318  0.000000  0.134070 -0.000000 -0.219074  0.000000 ) 
 (  0.002211  0.000000  0.001717  0.000000  0.002327  0.000000 ) 
 ( -0.074905  0.000000 -0.129301  0.000000  0.211148  0.000000 ) 
 ( -0.077717  0.000000  0.134195 -0.000000  0.219121 -0.000000 ) 
 (  0.021073  0.000000 -0.037374  0.000000  0.060691  0.000000 ) 
 ( -0.074807  0.000000 -0.128886  0.000000 -0.210549  0.000000 ) 
 (  0.000471  0.000000 -0.000214  0.000000 -0.000000  0.000000 ) 
     freq (   54) =      68.621688 [THz] =    2288.973137 [cm-1]
 (  0.000052 -0.000000  0.000133  0.000000 -0.000001  0.000000 ) 
 (  0.000039  0.000000 -0.000100  0.000000  0.000001  0.000000 ) 
 (  0.000071  0.000000  0.015501  0.000000 -0.000080  0.000000 ) 
 ( -0.002156  0.000000 -0.001371  0.000000  0.000247  0.000000 ) 
 (  0.000696 -0.000000 -0.016527  0.000000  0.000012  0.000000 ) 
 (  0.002264 -0.000000 -0.005895  0.000000  0.000234 -0.000000 ) 
 (  0.332431  0.000000 -0.008455  0.000000 -0.000075  0.000000 ) 
 (  0.018724  0.000000 -0.001770  0.000000 -0.000249  0.000000 ) 
 (  0.340569 -0.000000  0.008289 -0.000000  0.000150 -0.000000 ) 
 (  0.076336  0.000000  0.000595  0.000000 -0.000281  0.000000 ) 
 ( -0.187003  0.000000 -0.422812  0.000000 -0.000012  0.000000 ) 
 (  0.009860 -0.000000  0.023559 -0.000000  0.000095 -0.000000 ) 
 ( -0.197459  0.000000  0.446817 -0.000000 -0.000015  0.000000 ) 
 ( -0.064165  0.000000  0.146393  0.000000  0.000095 -0.000000 ) 
 ( -0.074905  0.000000  0.129301  0.000000  0.211148  0.000000 ) 
 ( -0.002211  0.000000  0.001717  0.000000 -0.002327  0.000000 ) 
 ( -0.077318  0.000000 -0.134070  0.000000 -0.219074  0.000000 ) 
 ( -0.019291  0.000000 -0.035484  0.000000  0.058441  0.000000 ) 
 ( -0.000471  0.000000 -0.000214  0.000000 -0.000000  0.000000 ) 
 ( -0.074807  0.000000  0.128886  0.000000 -0.210549  0.000000 ) 
 ( -0.021073  0.000000 -0.037374  0.000000 -0.060691  0.000000 ) 
 ( -0.077717  0.000000 -0.134195  0.000000  0.219121 -0.000000 ) 
     freq (   55) =      70.091404 [THz] =    2337.997589 [cm-1]
 (  0.000006  0.000000 -0.000046  0.000000 -0.000002  0.000000 ) 
 (  0.000003  0.000000  0.000026  0.000000  0.000003  0.000000 ) 
 (  0.038254  0.000000  0.031415  0.000000  0.000066  0.000000 ) 
 ( -0.013215  0.000000 -0.009764  0.000000 -0.000163  0.000000 ) 
 (  0.052175  0.000000 -0.042207  0.000000  0.000019  0.000000 ) 
 (  0.037862  0.000000 -0.029831  0.000000 -0.000150  0.000000 ) 
 ( -0.363546  0.000000  0.026586  0.000000  0.000063  0.000000 ) 
 (  0.123657  0.000000 -0.009168  0.000000  0.000042  0.000000 ) 
 ( -0.494715  0.000000 -0.036252  0.000000 -0.000097  0.000000 ) 
 ( -0.357586  0.000000 -0.026295  0.000000  0.000086  0.000000 ) 
 ( -0.122594  0.000000 -0.296047  0.000000  0.000045  0.000000 ) 
 (  0.041919  0.000000  0.106174  0.000000 -0.000026  0.000000 ) 
 ( -0.166956  0.000000  0.406087  0.000000 -0.000037  0.000000 ) 
 ( -0.120840  0.000000  0.297549  0.000000 -0.000004  0.000000 ) 
 (  0.036126  0.000000 -0.035767  0.000000 -0.073923  0.000000 ) 
 ( -0.009205  0.000000  0.007405  0.000000 -0.016637  0.000000 ) 
 (  0.047345  0.000000  0.045868  0.000000  0.095585  0.000000 ) 
 (  0.031956  0.000000  0.029655  0.000000 -0.062839  0.000000 ) 
 ( -0.009996  0.000000  0.008536  0.000000  0.018383  0.000000 ) 
 (  0.035868  0.000000 -0.035368  0.000000  0.073300  0.000000 ) 
 (  0.032723  0.000000  0.030733  0.000000  0.064498  0.000000 ) 
 (  0.047512  0.000000  0.046071  0.000000 -0.095890  0.000000 ) 
     freq (   56) =      70.091404 [THz] =    2337.997589 [cm-1]
 (  0.000003  0.000000 -0.000026  0.000000  0.000003  0.000000 ) 
 ( -0.000006  0.000000 -0.000046  0.000000  0.000002  0.000000 ) 
 ( -0.037862  0.000000 -0.029831  0.000000  0.000150  0.000000 ) 
 (  0.052175  0.000000  0.042207  0.000000  0.000019  0.000000 ) 
 (  0.013215  0.000000 -0.009764  0.000000  0.000163  0.000000 ) 
 (  0.038254  0.000000 -0.031415  0.000000  0.000066  0.000000 ) 
 (  0.357586  0.000000 -0.026295  0.000000 -0.000086  0.000000 ) 
 ( -0.494715  0.000000  0.036252  0.000000 -0.000097  0.000000 ) 
 ( -0.123657  0.000000 -0.009168  0.000000 -0.000042  0.000000 ) 
 ( -0.363546  0.000000 -0.026586  0.000000  0.000063  0.000000 ) 
 (  0.120840  0.000000  0.297549  0.000000  0.000004  0.000000 ) 
 ( -0.166956  0.000000 -0.406087  0.000000 -0.000037  0.000000 ) 
 ( -0.041919  0.000000  0.106174  0.000000  0.000026  0.000000 ) 
 ( -0.122594  0.000000  0.296047  0.000000  0.000045  0.000000 ) 
 ( -0.031956  0.000000  0.029655  0.000000  0.062839  0.000000 ) 
 (  0.047345  0.000000 -0.045868  0.000000  0.095585  0.000000 ) 
 (  0.009205  0.000000  0.007405  0.000000  0.016637  0.000000 ) 
 (  0.036126  0.000000  0.035767  0.000000 -0.073923  0.000000 ) 
 (  0.047512  0.000000 -0.046071  0.000000 -0.095890  0.000000 ) 
 ( -0.032723  0.000000  0.030733  0.000000 -0.064498  0.000000 ) 
 (  0.035868  0.000000  0.035368  0.000000  0.073300  0.000000 ) 
 (  0.009996  0.000000  0.008536  0.000000 -0.018383  0.000000 ) 
     freq (   57) =      70.336379 [THz] =    2346.169046 [cm-1]
 ( -0.000154  0.000000 -0.000164  0.000000  0.000001  0.000000 ) 
 ( -0.000033  0.000000  0.000035  0.000000 -0.000006  0.000000 ) 
 ( -0.058845  0.000000 -0.019463  0.000000 -0.000092  0.000000 ) 
 ( -0.059629  0.000000 -0.029258  0.000000  0.000125  0.000000 ) 
 ( -0.010868  0.000000 -0.017630  0.000000 -0.000053  0.000000 ) 
 (  0.014525  0.000000 -0.028072  0.000000  0.000099  0.000000 ) 
 (  0.510055  0.000000 -0.030742  0.000000 -0.000100  0.000000 ) 
 (  0.527051  0.000000 -0.034510  0.000000  0.000063  0.000000 ) 
 (  0.071497  0.000000 -0.001798  0.000000  0.000105  0.000000 ) 
 ( -0.150793  0.000000 -0.015784  0.000000 -0.000070  0.000000 ) 
 (  0.122653  0.000000  0.321570  0.000000 -0.000035  0.000000 ) 
 (  0.150078  0.000000  0.381483  0.000000  0.000015  0.000000 ) 
 ( -0.034749  0.000000  0.064416  0.000000  0.000050  0.000000 ) 
 ( -0.093205  0.000000  0.215107  0.000000 -0.000040  0.000000 ) 
 (  0.003730  0.000000 -0.032666  0.000000 -0.048717  0.000000 ) 
 ( -0.013066  0.000000 -0.006859  0.000000  0.002010  0.000000 ) 
 (  0.038180  0.000000  0.064437  0.000000  0.114392  0.000000 ) 
 (  0.040181  0.000000  0.055966  0.000000 -0.103520  0.000000 ) 
 ( -0.012586  0.000000 -0.007700  0.000000 -0.003426  0.000000 ) 
 (  0.004124  0.000000 -0.033317  0.000000  0.049764  0.000000 ) 
 (  0.039887  0.000000  0.055364  0.000000  0.102394  0.000000 ) 
 (  0.038074  0.000000  0.064155  0.000000 -0.113794  0.000000 ) 
     freq (   58) =      70.336379 [THz] =    2346.169046 [cm-1]
 ( -0.000033  0.000000 -0.000035  0.000000 -0.000006  0.000000 ) 
 (  0.000154  0.000000 -0.000164  0.000000 -0.000001  0.000000 ) 
 ( -0.014525  0.000000 -0.028072  0.000000 -0.000099  0.000000 ) 
 ( -0.010868  0.000000  0.017630  0.000000 -0.000053  0.000000 ) 
 (  0.059629  0.000000 -0.029258  0.000000 -0.000125  0.000000 ) 
 ( -0.058845  0.000000  0.019463  0.000000 -0.000092  0.000000 ) 
 (  0.150793  0.000000 -0.015784  0.000000  0.000070  0.000000 ) 
 (  0.071497  0.000000  0.001798  0.000000  0.000105  0.000000 ) 
 ( -0.527051  0.000000 -0.034510  0.000000 -0.000063  0.000000 ) 
 (  0.510055  0.000000  0.030742  0.000000 -0.000100  0.000000 ) 
 (  0.093205  0.000000  0.215107  0.000000  0.000040  0.000000 ) 
 ( -0.034749  0.000000 -0.064416  0.000000  0.000050  0.000000 ) 
 ( -0.150078  0.000000  0.381483  0.000000 -0.000015  0.000000 ) 
 (  0.122653  0.000000 -0.321570  0.000000 -0.000035  0.000000 ) 
 ( -0.040181  0.000000  0.055966  0.000000  0.103520  0.000000 ) 
 (  0.038180  0.000000 -0.064437  0.000000  0.114392  0.000000 ) 
 (  0.013066  0.000000 -0.006859  0.000000 -0.002010  0.000000 ) 
 (  0.003730  0.000000  0.032666  0.000000 -0.048717  0.000000 ) 
 (  0.038074  0.000000 -0.064155  0.000000 -0.113794  0.000000 ) 
 ( -0.039887  0.000000  0.055364  0.000000 -0.102394  0.000000 ) 
 (  0.004124  0.000000  0.033317  0.000000  0.049764  0.000000 ) 
 (  0.012586  0.000000 -0.007700  0.000000  0.003426  0.000000 ) 
     freq (   59) =      70.515921 [THz] =    2352.157926 [cm-1]
 ( -0.000101  0.000000 -0.000093  0.000000  0.000002  0.000000 ) 
 (  0.000075  0.000000 -0.000070  0.000000  0.000003  0.000000 ) 
 ( -0.009878  0.000000 -0.025613  0.000000 -0.000268  0.000000 ) 
 (  0.029145  0.000000 -0.057052  0.000000  0.000117  0.000000 ) 
 (  0.019013  0.000000 -0.009691  0.000000 -0.000245  0.000000 ) 
 (  0.033367  0.000000  0.051892  0.000000 -0.000042  0.000000 ) 
 (  0.103153  0.000000 -0.010506  0.000000 -0.000004  0.000000 ) 
 ( -0.216742  0.000000 -0.005500  0.000000  0.000038  0.000000 ) 
 ( -0.172391  0.000000 -0.009322  0.000000  0.000007  0.000000 ) 
 ( -0.257012  0.000000  0.002603  0.000000 -0.000038  0.000000 ) 
 (  0.083794  0.000000  0.191437  0.000000 -0.000126  0.000000 ) 
 (  0.129135  0.000000  0.257926  0.000000 -0.000015  0.000000 ) 
 ( -0.048882  0.000000  0.122758  0.000000 -0.000137  0.000000 ) 
 (  0.109745  0.000000 -0.212008  0.000000  0.000054  0.000000 ) 
 ( -0.037190  0.000000  0.053122  0.000000  0.098226  0.000000 ) 
 ( -0.111999  0.000000  0.187841  0.000000 -0.334318  0.000000 ) 
 (  0.005363  0.000000 -0.000661  0.000000  0.002662  0.000000 ) 
 ( -0.105780  0.000000 -0.180174  0.000000  0.319573  0.000000 ) 
 ( -0.111560  0.000000  0.187014  0.000000  0.333004  0.000000 ) 
 ( -0.035908  0.000000  0.051168  0.000000 -0.095310  0.000000 ) 
 ( -0.105704  0.000000 -0.179894  0.000000 -0.319073  0.000000 ) 
 (  0.004156  0.000000 -0.002454  0.000000 -0.000012  0.000000 ) 
     freq (   60) =      70.515921 [THz] =    2352.157926 [cm-1]
 (  0.000075  0.000000  0.000070  0.000000  0.000003  0.000000 ) 
 (  0.000101  0.000000 -0.000093  0.000000 -0.000002  0.000000 ) 
 ( -0.033367  0.000000  0.051892  0.000000  0.000042  0.000000 ) 
 (  0.019013  0.000000  0.009691  0.000000 -0.000245  0.000000 ) 
 ( -0.029145  0.000000 -0.057052  0.000000 -0.000117  0.000000 ) 
 ( -0.009878  0.000000  0.025613  0.000000 -0.000268  0.000000 ) 
 (  0.257012  0.000000  0.002603  0.000000  0.000038  0.000000 ) 
 ( -0.172391  0.000000  0.009322  0.000000  0.000007  0.000000 ) 
 (  0.216742  0.000000 -0.005500  0.000000 -0.000038  0.000000 ) 
 (  0.103153  0.000000  0.010506  0.000000 -0.000004  0.000000 ) 
 ( -0.109745  0.000000 -0.212008  0.000000 -0.000054  0.000000 ) 
 ( -0.048882  0.000000 -0.122758  0.000000 -0.000137  0.000000 ) 
 ( -0.129135  0.000000  0.257926  0.000000  0.000015  0.000000 ) 
 (  0.083794  0.000000 -0.191437  0.000000 -0.000126  0.000000 ) 
 (  0.105780  0.000000 -0.180174  0.000000 -0.319573  0.000000 ) 
 (  0.005363  0.000000  0.000661  0.000000  0.002662  0.000000 ) 
 (  0.111999  0.000000  0.187841  0.000000  0.334318  0.000000 ) 
 ( -0.037190  0.000000 -0.053122  0.000000  0.098226  0.000000 ) 
 (  0.004156  0.000000  0.002454  0.000000 -0.000012  0.000000 ) 
 (  0.105704  0.000000 -0.179894  0.000000  0.319073  0.000000 ) 
 ( -0.035908  0.000000 -0.051168  0.000000 -0.095310  0.000000 ) 
 (  0.111560  0.000000  0.187014  0.000000 -0.333004  0.000000 ) 
     freq (   61) =      71.025137 [THz] =    2369.143544 [cm-1]
 (  0.000068  0.000000 -0.000130  0.000000 -0.000001  0.000000 ) 
 ( -0.000028  0.000000 -0.000055  0.000000 -0.000002  0.000000 ) 
 (  0.039065  0.000000 -0.046172  0.000000 -0.000793  0.000000 ) 
 (  0.013908  0.000000 -0.016145  0.000000  0.000745  0.000000 ) 
 ( -0.041084  0.000000 -0.048847  0.000000 -0.000381  0.000000 ) 
 ( -0.018849  0.000000 -0.022689  0.000000 -0.000265  0.000000 ) 
 ( -0.336404  0.000000  0.006327  0.000000 -0.000174  0.000000 ) 
 ( -0.125022  0.000000  0.002885  0.000000  0.000186  0.000000 ) 
 (  0.348639  0.000000  0.006033  0.000000 -0.000061  0.000000 ) 
 (  0.154957  0.000000  0.002167  0.000000 -0.000090  0.000000 ) 
 (  0.089605  0.000000  0.173175  0.000000 -0.000208  0.000000 ) 
 (  0.031251  0.000000  0.061288  0.000000  0.000178  0.000000 ) 
 ( -0.094876  0.000000  0.182486  0.000000 -0.000117  0.000000 ) 
 ( -0.044148  0.000000  0.084071  0.000000 -0.000045  0.000000 ) 
 ( -0.100272  0.000000  0.171238  0.000000  0.297466  0.000000 ) 
 ( -0.035028  0.000000  0.059960  0.000000 -0.103892  0.000000 ) 
 (  0.106115  0.000000  0.181077  0.000000  0.314820  0.000000 ) 
 (  0.049323  0.000000  0.084032  0.000000 -0.146351  0.000000 ) 
 ( -0.031975  0.000000  0.054752  0.000000  0.095420  0.000000 ) 
 ( -0.097087  0.000000  0.165738  0.000000 -0.288556  0.000000 ) 
 (  0.050474  0.000000  0.085931  0.000000  0.149478  0.000000 ) 
 (  0.104648  0.000000  0.178481  0.000000 -0.310650  0.000000 ) 
     freq (   62) =      71.025137 [THz] =    2369.143544 [cm-1]
 ( -0.000028  0.000000  0.000055  0.000000 -0.000002  0.000000 ) 
 ( -0.000068  0.000000 -0.000130  0.000000  0.000001  0.000000 ) 
 (  0.018849  0.000000 -0.022689  0.000000  0.000265  0.000000 ) 
 ( -0.041084  0.000000  0.048847  0.000000 -0.000381  0.000000 ) 
 ( -0.013908  0.000000 -0.016145  0.000000 -0.000745  0.000000 ) 
 (  0.039065  0.000000  0.046172  0.000000 -0.000793  0.000000 ) 
 ( -0.154957  0.000000  0.002167  0.000000  0.000090  0.000000 ) 
 (  0.348639  0.000000 -0.006033  0.000000 -0.000061  0.000000 ) 
 (  0.125022  0.000000  0.002885  0.000000 -0.000186  0.000000 ) 
 ( -0.336404  0.000000 -0.006327  0.000000 -0.000174  0.000000 ) 
 (  0.044148  0.000000  0.084071  0.000000  0.000045  0.000000 ) 
 ( -0.094876  0.000000 -0.182486  0.000000 -0.000117  0.000000 ) 
 ( -0.031251  0.000000  0.061288  0.000000 -0.000178  0.000000 ) 
 (  0.089605  0.000000 -0.173175  0.000000 -0.000208  0.000000 ) 
 ( -0.049323  0.000000  0.084032  0.000000  0.146351  0.000000 ) 
 (  0.106115  0.000000 -0.181077  0.000000  0.314820  0.000000 ) 
 (  0.035028  0.000000  0.059960  0.000000  0.103892  0.000000 ) 
 ( -0.100272  0.000000 -0.171238  0.000000  0.297466  0.000000 ) 
 (  0.104648  0.000000 -0.178481  0.000000 -0.310650  0.000000 ) 
 ( -0.050474  0.000000  0.085931  0.000000 -0.149478  0.000000 ) 
 ( -0.097087  0.000000 -0.165738  0.000000 -0.288556  0.000000 ) 
 (  0.031975  0.000000  0.054752  0.000000 -0.095420  0.000000 ) 
     freq (   63) =      71.253548 [THz] =    2376.762540 [cm-1]
 ( -0.000001  0.000000 -0.000001  0.000000  0.000096  0.000000 ) 
 ( -0.000004  0.000000  0.000003  0.000000 -0.000027  0.000000 ) 
 ( -0.000105  0.000000 -0.000010  0.000000 -0.062392  0.000000 ) 
 (  0.000107  0.000000 -0.000150  0.000000 -0.072426  0.000000 ) 
 ( -0.000025  0.000000  0.000271  0.000000  0.000436  0.000000 ) 
 ( -0.000033  0.000000 -0.000309  0.000000 -0.036783  0.000000 ) 
 (  0.002285  0.000000 -0.000162  0.000000 -0.013750  0.000000 ) 
 ( -0.002296  0.000000  0.000132  0.000000 -0.015626  0.000000 ) 
 (  0.000611  0.000000  0.000096  0.000000  0.000658  0.000000 ) 
 (  0.000654  0.000000 -0.000015  0.000000 -0.007452  0.000000 ) 
 ( -0.000368  0.000000 -0.000961  0.000000 -0.014405  0.000000 ) 
 (  0.000773  0.000000  0.001932  0.000000 -0.016957  0.000000 ) 
 (  0.000575  0.000000 -0.001359  0.000000 -0.000293  0.000000 ) 
 ( -0.000890  0.000000  0.002157  0.000000 -0.008951  0.000000 ) 
 ( -0.127475  0.000000  0.213962  0.000000  0.348902  0.000000 ) 
 (  0.147242  0.000000 -0.248436  0.000000  0.404537  0.000000 ) 
 ( -0.002118  0.000000 -0.001388  0.000000 -0.003234  0.000000 ) 
 ( -0.073722  0.000000 -0.126264  0.000000  0.204764  0.000000 ) 
 ( -0.147463  0.000000  0.248431  0.000000  0.404571  0.000000 ) 
 (  0.126992  0.000000 -0.213039  0.000000  0.347266  0.000000 ) 
 (  0.074960  0.000000  0.127797  0.000000  0.207568  0.000000 ) 
 (  0.000807  0.000000 -0.000402  0.000000  0.000012  0.000000 ) 
     freq (   64) =      71.253548 [THz] =    2376.762540 [cm-1]
 (  0.000004  0.000000  0.000003  0.000000  0.000027  0.000000 ) 
 ( -0.000001  0.000000  0.000001  0.000000  0.000096  0.000000 ) 
 ( -0.000033  0.000000  0.000309  0.000000 -0.036783  0.000000 ) 
 (  0.000025  0.000000  0.000271  0.000000 -0.000436  0.000000 ) 
 (  0.000107  0.000000  0.000150  0.000000 -0.072426  0.000000 ) 
 (  0.000105  0.000000 -0.000010  0.000000  0.062392  0.000000 ) 
 (  0.000654  0.000000  0.000015  0.000000 -0.007452  0.000000 ) 
 ( -0.000611  0.000000  0.000096  0.000000 -0.000658  0.000000 ) 
 ( -0.002296  0.000000 -0.000132  0.000000 -0.015626  0.000000 ) 
 ( -0.002285  0.000000 -0.000162  0.000000  0.013750  0.000000 ) 
 ( -0.000890  0.000000 -0.002157  0.000000 -0.008951  0.000000 ) 
 ( -0.000575  0.000000 -0.001359  0.000000  0.000293  0.000000 ) 
 (  0.000773  0.000000 -0.001932  0.000000 -0.016957  0.000000 ) 
 (  0.000368  0.000000 -0.000961  0.000000  0.014405  0.000000 ) 
 ( -0.073722  0.000000  0.126264  0.000000  0.204764  0.000000 ) 
 (  0.002118  0.000000 -0.001388  0.000000  0.003234  0.000000 ) 
 (  0.147242  0.000000  0.248436  0.000000  0.404537  0.000000 ) 
 (  0.127475  0.000000  0.213962  0.000000 -0.348902  0.000000 ) 
 ( -0.000807  0.000000 -0.000402  0.000000 -0.000012  0.000000 ) 
 (  0.074960  0.000000 -0.127797  0.000000  0.207568  0.000000 ) 
 ( -0.126992  0.000000 -0.213039  0.000000 -0.347266  0.000000 ) 
 ( -0.147463  0.000000 -0.248431  0.000000  0.404571  0.000000 ) 
     freq (   65) =      71.278946 [THz] =    2377.609708 [cm-1]
 (  0.000001  0.000000  0.000003  0.000000 -0.000084  0.000000 ) 
 (  0.000002  0.000000 -0.000004  0.000000  0.000054  0.000000 ) 
 ( -0.000148  0.000000  0.000007  0.000000  0.053324  0.000000 ) 
 (  0.000451  0.000000 -0.000551  0.000000 -0.022136  0.000000 ) 
 (  0.000042  0.000000  0.000242  0.000000 -0.068583  0.000000 ) 
 ( -0.000428  0.000000 -0.000602  0.000000 -0.048479  0.000000 ) 
 (  0.001915  0.000000 -0.000088  0.000000  0.011981  0.000000 ) 
 ( -0.002195  0.000000 -0.000016  0.000000 -0.004901  0.000000 ) 
 (  0.001108  0.000000  0.000104  0.000000 -0.015377  0.000000 ) 
 (  0.001542  0.000000 -0.000058  0.000000 -0.010813  0.000000 ) 
 ( -0.000183  0.000000 -0.000198  0.000000  0.012109  0.000000 ) 
 (  0.000607  0.000000  0.000803  0.000000 -0.005071  0.000000 ) 
 (  0.000075  0.000000 -0.000147  0.000000 -0.015594  0.000000 ) 
 ( -0.000584  0.000000  0.000792  0.000000 -0.011057  0.000000 ) 
 (  0.109950  0.000000 -0.184602  0.000000 -0.300443  0.000000 ) 
 (  0.043144  0.000000 -0.071923  0.000000  0.117839  0.000000 ) 
 (  0.140282  0.000000  0.235294  0.000000  0.383300  0.000000 ) 
 ( -0.097218  0.000000 -0.162661  0.000000  0.265592  0.000000 ) 
 ( -0.046023  0.000000  0.077207  0.000000  0.127078  0.000000 ) 
 ( -0.110231  0.000000  0.184760  0.000000 -0.300795  0.000000 ) 
 (  0.100506  0.000000  0.168533  0.000000  0.275895  0.000000 ) 
 ( -0.141895  0.000000 -0.237863  0.000000  0.387875  0.000000 ) 
     freq (   66) =      71.278946 [THz] =    2377.609708 [cm-1]
 (  0.000002  0.000000  0.000004  0.000000  0.000054  0.000000 ) 
 ( -0.000001  0.000000  0.000003  0.000000  0.000084  0.000000 ) 
 (  0.000428  0.000000 -0.000602  0.000000  0.048479  0.000000 ) 
 (  0.000042  0.000000 -0.000242  0.000000 -0.068583  0.000000 ) 
 ( -0.000451  0.000000 -0.000551  0.000000  0.022136  0.000000 ) 
 ( -0.000148  0.000000 -0.000007  0.000000  0.053324  0.000000 ) 
 ( -0.001542  0.000000 -0.000058  0.000000  0.010813  0.000000 ) 
 (  0.001108  0.000000 -0.000104  0.000000 -0.015377  0.000000 ) 
 (  0.002195  0.000000 -0.000016  0.000000  0.004901  0.000000 ) 
 (  0.001915  0.000000  0.000088  0.000000  0.011981  0.000000 ) 
 (  0.000584  0.000000  0.000792  0.000000  0.011057  0.000000 ) 
 (  0.000075  0.000000  0.000147  0.000000 -0.015594  0.000000 ) 
 ( -0.000607  0.000000  0.000803  0.000000  0.005071  0.000000 ) 
 ( -0.000183  0.000000  0.000198  0.000000  0.012109  0.000000 ) 
 (  0.097218  0.000000 -0.162661  0.000000 -0.265592  0.000000 ) 
 (  0.140282  0.000000 -0.235294  0.000000  0.383300  0.000000 ) 
 ( -0.043144  0.000000 -0.071923  0.000000 -0.117839  0.000000 ) 
 (  0.109950  0.000000  0.184602  0.000000 -0.300443  0.000000 ) 
 ( -0.141895  0.000000  0.237863  0.000000  0.387875  0.000000 ) 
 ( -0.100506  0.000000  0.168533  0.000000 -0.275895  0.000000 ) 
 ( -0.110231  0.000000 -0.184760  0.000000 -0.300795  0.000000 ) 
 (  0.046023  0.000000  0.077207  0.000000 -0.127078  0.000000 ) 
 **************************************************************************
