
     Program PHONON v.7.3.1 starts on 12Aug2024 at 11:17:53 

     This program is part of the open-source Quantum ESPRESSO suite
     for quantum simulation of materials; please cite
         "P. Giannozzi et al., J. Phys.:Condens. Matter 21 395502 (2009);
         "P. Giannozzi et al., J. Phys.:Condens. Matter 29 465901 (2017);
         "P. Giannozzi et al., J. Chem. Phys. 152 154105 (2020);
          URL http://www.quantum-espresso.org", 
     in publications or presentations arising from this work. More details at
     http://www.quantum-espresso.org/quote

     Parallel version (MPI), running on    24 processors

     MPI processes distributed on     1 nodes
     81504 MiB available memory on the printing compute node when the environment starts

     Waiting for input...
     Reading input from standard input

     Reading xml data from directory:

     ./pwscf.save/

     R & G space division:  proc/nbgrp/npool/nimage =      24
     Subspace diagonalization in iterative solution of the eigenvalue problem:
     a serial algorithm will be used


     IMPORTANT: XC functional enforced from input :
     Exchange-correlation= PBESOL
                           (   1   4  10   8   0   0   0)
     Any further DFT definition will be discarded
     Please, verify this is what you really want


     Parallelization info
     --------------------
     sticks:   dense  smooth     PW     G-vecs:    dense   smooth      PW
     Min         495     248     66                25781     9120    1278
     Max         497     249     67                25782     9122    1281
     Sum       11905    5953   1601               618765   218891   30697

     Using Slab Decomposition

     Reading collected, re-writing distributed wavefunctions in ./


     Dynamical matrices for ( 2, 2, 2)  uniform grid of q-points
     (   8 q-points):
       N         xq(1)         xq(2)         xq(3) 
       1   0.000000000   0.000000000   0.000000000
       2   0.000000000   0.000000000  -0.793648854
       3   0.000000000  -0.505667486   0.000000000
       4   0.000000000  -0.505667486  -0.793648854
       5  -0.500000000   0.000000000   0.000000000
       6  -0.500000000   0.000000000  -0.793648854
       7  -0.500000000  -0.505667486   0.000000000
       8  -0.500000000  -0.505667486  -0.793648854

     Number and degeneracy of irreps per q-point
       N         xq(1)         xq(2)         xq(3)   N irreps
       1   0.000000000   0.000000000   0.000000000      65
        1   1   1   1   1   1   1   1   1   1   1   1   1   1   1   1   1   1
   1   1   1   1   1   1   1   1   1   1   1   1   1   1   1   1   1   1
   1   1   1   1   1   1   1   1   1   1   2   1   1   1   1   1   1   1
   1   1   1   1   1   1   1   1   1   1   1
       2   0.000000000   0.000000000  -0.793648854      65
        1   1   1   1   1   1   1   1   1   1   1   1   1   1   1   1   1   1
   1   1   1   1   1   1   1   1   1   1   1   1   1   1   1   1   1   1
   1   1   1   1   1   1   1   1   1   1   1   1   1   1   1   1   1   1
   2   1   1   1   1   1   1   1   1   1   1
       3   0.000000000  -0.505667486   0.000000000      33
        2   2   2   2   2   2   2   2   2   2   2   2   2   2   2   2   2   2
   2   2   2   2   2   2   2   2   2   2   2   2   2   2   2
       4   0.000000000  -0.505667486  -0.793648854      33
        2   2   2   2   2   2   2   2   2   2   2   2   2   2   2   2   2   2
   2   2   2   2   2   2   2   2   2   2   2   2   2   2   2
       5  -0.500000000   0.000000000   0.000000000      33
        2   2   2   2   2   2   2   2   2   2   2   2   2   2   2   2   2   2
   2   2   2   2   2   2   2   2   2   2   2   2   2   2   2
       6  -0.500000000   0.000000000  -0.793648854      33
        2   2   2   2   2   2   2   2   2   2   2   2   2   2   2   2   2   2
   2   2   2   2   2   2   2   2   2   2   2   2   2   2   2
       7  -0.500000000  -0.505667486   0.000000000      33
        2   2   2   2   2   2   2   2   2   2   2   2   2   2   2   2   2   2
   2   2   2   2   2   2   2   2   2   2   2   2   2   2   2
       8  -0.500000000  -0.505667486  -0.793648854      33
        2   2   2   2   2   2   2   2   2   2   2   2   2   2   2   2   2   2
   2   2   2   2   2   2   2   2   2   2   2   2   2   2   2

     Saving dvscf to file. Distribute only q points, not irreducible representations.

     Calculation of q =    0.0000000   0.0000000   0.0000000

                                                                                

     bravais-lattice index     =            8
     lattice parameter (alat)  =      13.7506  a.u.
     unit-cell volume          =    1619.6113 (a.u.)^3
     number of atoms/cell      =           22
     number of atomic types    =            3
     kinetic-energy cut-off    =     100.0000  Ry
     charge density cut-off    =     800.0000  Ry
     convergence threshold     =      1.0E-14
     beta                      =       0.7000
     number of iterations used =            4
     Exchange-correlation= PBESOL
                           (   1   4  10   8   0   0   0)


     celldm(1)=   13.75059  celldm(2)=    0.98879  celldm(3)=    0.63000
     celldm(4)=    0.00000  celldm(5)=    0.00000  celldm(6)=    0.00000

     crystal axes: (cart. coord. in units of alat)
               a(1) = (  1.0000  0.0000  0.0000 )  
               a(2) = (  0.0000  0.9888  0.0000 )  
               a(3) = (  0.0000  0.0000  0.6300 )  

     reciprocal axes: (cart. coord. in units 2 pi/alat)
               b(1) = (  1.0000  0.0000  0.0000 )  
               b(2) = (  0.0000  1.0113  0.0000 )  
               b(3) = (  0.0000  0.0000  1.5873 )  


     Atoms inside the unit cell: 

     Cartesian axes

     site n.  atom      mass           positions (alat units)
        1  Ba    137.3270   tau(    1) = (    0.50000    0.49440    0.31501  )
        2  Ba    137.3270   tau(    2) = (    0.00000    0.00000    0.62999  )
        3  B      10.8110   tau(    3) = (    0.64575    0.26903    0.00001  )
        4  B      10.8110   tau(    4) = (    0.35425    0.71976    0.00001  )
        5  B      10.8110   tau(    5) = (    0.14575    0.22536    0.31499  )
        6  B      10.8110   tau(    6) = (    0.85425    0.76343    0.31499  )
        7  H       1.0079   tau(    7) = (    0.47644    0.27855    0.00001  )
        8  H       1.0079   tau(    8) = (    0.52356    0.71024    0.00001  )
        9  H       1.0079   tau(    9) = (    0.97644    0.21585    0.31499  )
       10  H       1.0079   tau(   10) = (    0.02356    0.77295    0.31499  )
       11  H       1.0079   tau(   11) = (    0.71254    0.42531    0.00001  )
       12  H       1.0079   tau(   12) = (    0.28746    0.56348    0.00001  )
       13  H       1.0079   tau(   13) = (    0.21254    0.06909    0.31499  )
       14  H       1.0079   tau(   14) = (    0.78746    0.91970    0.31499  )
       15  H       1.0079   tau(   15) = (    0.69368    0.18797    0.48964  )
       16  H       1.0079   tau(   16) = (    0.30632    0.80082    0.48964  )
       17  H       1.0079   tau(   17) = (    0.19368    0.30643    0.45536  )
       18  H       1.0079   tau(   18) = (    0.80632    0.68236    0.45536  )
       19  H       1.0079   tau(   19) = (    0.30631    0.80082    0.14038  )
       20  H       1.0079   tau(   20) = (    0.69369    0.18797    0.14038  )
       21  H       1.0079   tau(   21) = (    0.80631    0.68237    0.17462  )
       22  H       1.0079   tau(   22) = (    0.19369    0.30643    0.17462  )

     Computing dynamical matrix for 
                    q = (   0.0000000   0.0000000   0.0000000 )

      5 Sym.Ops. (with q -> -q+G )


     G cutoff = 3831.5372  (  25782 G-vectors)     FFT grid: (128,128, 80)
     G cutoff = 1915.7686  (   9122 G-vectors)  smooth grid: ( 90, 90, 60)
     number of k points=    27

     PseudoPot. # 1 for B  read from file:
     /home/mehlhorn/pseudos/b_pbesol_v1.4.uspp.F.UPF
     MD5 check sum: 369b69bef2c3aeed4453bd8b804fd6a8
     Pseudo is Ultrasoft + core correction, Zval =  3.0
     Generated by new atomic code, or converted to UPF format
     Using radial grid of  781 points,  4 beta functions with: 
                l(1) =   0
                l(2) =   0
                l(3) =   1
                l(4) =   1
     Q(r) pseudized with  8 coefficients,  rinner =    1.100   1.100   1.100


     PseudoPot. # 2 for Ba read from file:
     /home/mehlhorn/pseudos/Ba.nc.z_10.oncvpsp4.dojo.v4-sp.upf
     MD5 check sum: c10ed334bb677c0554edec7181ce9143
     Pseudo is Norm-conserving + core correction, Zval = 10.0
     Generated using ONCVPSP code by D. R. Hamann
     Using radial grid of 1938 points,  8 beta functions with: 
                l(1) =   0
                l(2) =   0
                l(3) =   1
                l(4) =   1
                l(5) =   2
                l(6) =   2
                l(7) =   3
                l(8) =   3

     PseudoPot. # 3 for H  read from file:
     /home/mehlhorn/pseudos/H_ONCV_PBEsol-1.0.upf
     MD5 check sum: 398ef8f67c0a7342c05c87c5e19ea467
     Pseudo is Norm-conserving, Zval =  1.0
     Generated using ONCVPSP code by D. R. Hamann
     Using radial grid of 1180 points,  2 beta functions with: 
                l(1) =   0
                l(2) =   0

     Mode symmetry, D_2  (222)  point group:


     Electric field:
     Dielectric constant
     Born effective charges in two ways 


     Atomic displacements:
     There are   65 irreducible representations

     Representation     1      1 modes -  To be done

     Representation     2      1 modes -  To be done

     Representation     3      1 modes -  To be done

     Representation     4      1 modes -  To be done

     Representation     5      1 modes -  To be done

     Representation     6      1 modes -  To be done

     Representation     7      1 modes -  To be done

     Representation     8      1 modes -  To be done

     Representation     9      1 modes -  To be done

     Representation    10      1 modes -  To be done

     Representation    11      1 modes -  To be done

     Representation    12      1 modes -  To be done

     Representation    13      1 modes -  To be done

     Representation    14      1 modes -  To be done

     Representation    15      1 modes -  To be done

     Representation    16      1 modes -  To be done

     Representation    17      1 modes -  To be done

     Representation    18      1 modes -  To be done

     Representation    19      1 modes -  To be done

     Representation    20      1 modes -  To be done

     Representation    21      1 modes -  To be done

     Representation    22      1 modes -  To be done

     Representation    23      1 modes -  To be done

     Representation    24      1 modes -  To be done

     Representation    25      1 modes -  To be done

     Representation    26      1 modes -  To be done

     Representation    27      1 modes -  To be done

     Representation    28      1 modes -  To be done

     Representation    29      1 modes -  To be done

     Representation    30      1 modes -  To be done

     Representation    31      1 modes -  To be done

     Representation    32      1 modes -  To be done

     Representation    33      1 modes -  To be done

     Representation    34      1 modes -  To be done

     Representation    35      1 modes -  To be done

     Representation    36      1 modes -  To be done

     Representation    37      1 modes -  To be done

     Representation    38      1 modes -  To be done

     Representation    39      1 modes -  To be done

     Representation    40      1 modes -  To be done

     Representation    41      1 modes -  To be done

     Representation    42      1 modes -  To be done

     Representation    43      1 modes -  To be done

     Representation    44      1 modes -  To be done

     Representation    45      1 modes -  To be done

     Representation    46      1 modes -  To be done

     Representation    47      2 modes -  To be done

     Representation    48      1 modes -  To be done

     Representation    49      1 modes -  To be done

     Representation    50      1 modes -  To be done

     Representation    51      1 modes -  To be done

     Representation    52      1 modes -  To be done

     Representation    53      1 modes -  To be done

     Representation    54      1 modes -  To be done

     Representation    55      1 modes -  To be done

     Representation    56      1 modes -  To be done

     Representation    57      1 modes -  To be done

     Representation    58      1 modes -  To be done

     Representation    59      1 modes -  To be done

     Representation    60      1 modes -  To be done

     Representation    61      1 modes -  To be done

     Representation    62      1 modes -  To be done

     Representation    63      1 modes -  To be done

     Representation    64      1 modes -  To be done

     Representation    65      1 modes -  To be done



     Alpha used in Ewald sum =   2.8000
     PHONON       :   3m23.48s CPU   3m27.55s WALL


     Electric Fields Calculation

      iter #   1 total cpu time :   950.7 secs   av.it.:   7.5
      thresh= 1.000E-02 alpha_mix =  0.700 |ddv_scf|^2 =  6.255E-09

      iter #   2 total cpu time :  1260.6 secs   av.it.:  17.0
      thresh= 7.909E-06 alpha_mix =  0.700 |ddv_scf|^2 =  1.137E-09

      iter #   3 total cpu time :  1569.5 secs   av.it.:  16.1
      thresh= 3.372E-06 alpha_mix =  0.700 |ddv_scf|^2 =  8.854E-11

      iter #   4 total cpu time :  1875.5 secs   av.it.:  16.0
      thresh= 9.410E-07 alpha_mix =  0.700 |ddv_scf|^2 =  1.014E-11

      iter #   5 total cpu time :  2179.1 secs   av.it.:  15.8
      thresh= 3.185E-07 alpha_mix =  0.700 |ddv_scf|^2 =  9.006E-13

      iter #   6 total cpu time :  2479.4 secs   av.it.:  15.7
      thresh= 9.490E-08 alpha_mix =  0.700 |ddv_scf|^2 =  2.507E-14

      iter #   7 total cpu time :  2786.6 secs   av.it.:  15.9
      thresh= 1.583E-08 alpha_mix =  0.700 |ddv_scf|^2 =  2.931E-15

     End of electric fields calculation

          Dielectric constant in cartesian axis 

          (       2.817255815       0.000000000       0.000000000 )
          (       0.000000000       2.840906241       0.000000000 )
          (       0.000000000       0.000000000       3.063877607 )

          Effective charges (d Force / dE) in cartesian axis without acoustic sum rule applied (asr)

           atom    1  Ba    Mean Z*:        2.58535
      Ex  (        2.37651       -0.05380        0.00000 )
      Ey  (        0.21047        2.37776        0.00000 )
      Ez  (        0.00000        0.00000        3.00177 )
           atom    2  Ba    Mean Z*:        2.58535
      Ex  (        2.37651        0.05380        0.00000 )
      Ey  (       -0.21047        2.37776        0.00000 )
      Ez  (        0.00000        0.00000        3.00177 )
           atom    3  B     Mean Z*:       -0.07246
      Ex  (       -0.07894        0.00380       -0.00000 )
      Ey  (        0.12939        0.03771        0.00001 )
      Ez  (        0.00000        0.00001       -0.17614 )
           atom    4  B     Mean Z*:       -0.07246
      Ex  (       -0.07894        0.00380        0.00000 )
      Ey  (        0.12939        0.03771       -0.00001 )
      Ez  (       -0.00000       -0.00001       -0.17614 )
           atom    5  B     Mean Z*:       -0.07246
      Ex  (       -0.07894       -0.00380        0.00000 )
      Ey  (       -0.12939        0.03771        0.00001 )
      Ez  (       -0.00000        0.00001       -0.17614 )
           atom    6  B     Mean Z*:       -0.07246
      Ex  (       -0.07894       -0.00380       -0.00000 )
      Ey  (       -0.12939        0.03771       -0.00001 )
      Ez  (        0.00000       -0.00001       -0.17614 )
           atom    7  H     Mean Z*:       -0.31609
      Ex  (       -0.46469        0.10984       -0.00001 )
      Ey  (        0.12712       -0.22299       -0.00000 )
      Ez  (       -0.00001        0.00000       -0.26057 )
           atom    8  H     Mean Z*:       -0.31609
      Ex  (       -0.46469        0.10984        0.00001 )
      Ey  (        0.12712       -0.22299        0.00000 )
      Ez  (        0.00001       -0.00000       -0.26057 )
           atom    9  H     Mean Z*:       -0.31609
      Ex  (       -0.46469       -0.10984        0.00001 )
      Ey  (       -0.12712       -0.22299       -0.00000 )
      Ez  (        0.00001        0.00000       -0.26057 )
           atom   10  H     Mean Z*:       -0.31609
      Ex  (       -0.46469       -0.10984       -0.00001 )
      Ey  (       -0.12712       -0.22299        0.00000 )
      Ez  (       -0.00001       -0.00000       -0.26057 )
           atom   11  H     Mean Z*:       -0.31287
      Ex  (       -0.19672        0.03977        0.00000 )
      Ey  (       -0.05935       -0.47285        0.00001 )
      Ez  (        0.00001        0.00002       -0.26904 )
           atom   12  H     Mean Z*:       -0.31287
      Ex  (       -0.19672        0.03977       -0.00000 )
      Ey  (       -0.05935       -0.47285       -0.00001 )
      Ez  (       -0.00001       -0.00002       -0.26904 )
           atom   13  H     Mean Z*:       -0.31287
      Ex  (       -0.19672       -0.03977       -0.00000 )
      Ey  (        0.05935       -0.47285        0.00001 )
      Ez  (       -0.00001        0.00002       -0.26904 )
           atom   14  H     Mean Z*:       -0.31287
      Ex  (       -0.19672       -0.03977        0.00000 )
      Ey  (        0.05935       -0.47285       -0.00001 )
      Ez  (        0.00001       -0.00002       -0.26904 )
           atom   15  H     Mean Z*:       -0.29532
      Ex  (       -0.22391        0.17422        0.08819 )
      Ey  (        0.14247       -0.26458       -0.09957 )
      Ez  (        0.05717       -0.10174       -0.39748 )
           atom   16  H     Mean Z*:       -0.29532
      Ex  (       -0.22391        0.17422       -0.08819 )
      Ey  (        0.14247       -0.26458        0.09957 )
      Ez  (       -0.05717        0.10174       -0.39748 )
           atom   17  H     Mean Z*:       -0.29532
      Ex  (       -0.22391       -0.17422       -0.08819 )
      Ey  (       -0.14247       -0.26458       -0.09957 )
      Ez  (       -0.05717       -0.10174       -0.39748 )
           atom   18  H     Mean Z*:       -0.29532
      Ex  (       -0.22391       -0.17422        0.08819 )
      Ey  (       -0.14247       -0.26458        0.09957 )
      Ez  (        0.05717        0.10174       -0.39748 )
           atom   19  H     Mean Z*:       -0.29530
      Ex  (       -0.22391        0.17421        0.08818 )
      Ey  (        0.14246       -0.26456       -0.09955 )
      Ez  (        0.05716       -0.10172       -0.39745 )
           atom   20  H     Mean Z*:       -0.29530
      Ex  (       -0.22391        0.17421       -0.08818 )
      Ey  (        0.14246       -0.26456        0.09955 )
      Ez  (       -0.05716        0.10172       -0.39745 )
           atom   21  H     Mean Z*:       -0.29530
      Ex  (       -0.22391       -0.17421       -0.08818 )
      Ey  (       -0.14246       -0.26456       -0.09955 )
      Ez  (       -0.05716       -0.10172       -0.39745 )
           atom   22  H     Mean Z*:       -0.29530
      Ex  (       -0.22391       -0.17421        0.08818 )
      Ey  (       -0.14246       -0.26456        0.09955 )
      Ez  (        0.05716        0.10172       -0.39745 )

          Effective charges Sum: Mean:        0.00251
              0.00031        0.00000        0.00000
              0.00000        0.00644        0.00000
             -0.00000        0.00000        0.00077

          Effective charges (d Force / dE) in cartesian axis with asr applied: 
           atom    1  Ba    Mean Z*:        2.58523
      E*x (        2.37649       -0.05380        0.00000 )
      E*y (        0.21047        2.37747        0.00000 )
      E*z (        0.00000        0.00000        3.00173 )
           atom    2  Ba    Mean Z*:        2.58523
      E*x (        2.37649        0.05380        0.00000 )
      E*y (       -0.21047        2.37747        0.00000 )
      E*z (        0.00000        0.00000        3.00173 )
           atom    3  B     Mean Z*:       -0.07257
      E*x (       -0.07896        0.00380       -0.00000 )
      E*y (        0.12939        0.03742        0.00001 )
      E*z (        0.00000        0.00001       -0.17618 )
           atom    4  B     Mean Z*:       -0.07257
      E*x (       -0.07896        0.00380        0.00000 )
      E*y (        0.12939        0.03742       -0.00001 )
      E*z (       -0.00000       -0.00001       -0.17618 )
           atom    5  B     Mean Z*:       -0.07257
      E*x (       -0.07896       -0.00380        0.00000 )
      E*y (       -0.12939        0.03742        0.00001 )
      E*z (       -0.00000        0.00001       -0.17618 )
           atom    6  B     Mean Z*:       -0.07257
      E*x (       -0.07896       -0.00380       -0.00000 )
      E*y (       -0.12939        0.03742       -0.00001 )
      E*z (        0.00000       -0.00001       -0.17618 )
           atom    7  H     Mean Z*:       -0.31620
      E*x (       -0.46471        0.10984       -0.00001 )
      E*y (        0.12712       -0.22329       -0.00000 )
      E*z (       -0.00001        0.00000       -0.26061 )
           atom    8  H     Mean Z*:       -0.31620
      E*x (       -0.46471        0.10984        0.00001 )
      E*y (        0.12712       -0.22329        0.00000 )
      E*z (        0.00001       -0.00000       -0.26061 )
           atom    9  H     Mean Z*:       -0.31620
      E*x (       -0.46471       -0.10984        0.00001 )
      E*y (       -0.12712       -0.22329       -0.00000 )
      E*z (        0.00001        0.00000       -0.26061 )
           atom   10  H     Mean Z*:       -0.31620
      E*x (       -0.46471       -0.10984       -0.00001 )
      E*y (       -0.12712       -0.22329        0.00000 )
      E*z (       -0.00001       -0.00000       -0.26061 )
           atom   11  H     Mean Z*:       -0.31299
      E*x (       -0.19674        0.03977        0.00000 )
      E*y (       -0.05935       -0.47315        0.00001 )
      E*z (        0.00001        0.00002       -0.26908 )
           atom   12  H     Mean Z*:       -0.31299
      E*x (       -0.19674        0.03977       -0.00000 )
      E*y (       -0.05935       -0.47315       -0.00001 )
      E*z (       -0.00001       -0.00002       -0.26908 )
           atom   13  H     Mean Z*:       -0.31299
      E*x (       -0.19674       -0.03977       -0.00000 )
      E*y (        0.05935       -0.47315        0.00001 )
      E*z (       -0.00001        0.00002       -0.26908 )
           atom   14  H     Mean Z*:       -0.31299
      E*x (       -0.19674       -0.03977        0.00000 )
      E*y (        0.05935       -0.47315       -0.00001 )
      E*z (        0.00001       -0.00002       -0.26908 )
           atom   15  H     Mean Z*:       -0.29544
      E*x (       -0.22392        0.17422        0.08819 )
      E*y (        0.14247       -0.26488       -0.09957 )
      E*z (        0.05717       -0.10174       -0.39752 )
           atom   16  H     Mean Z*:       -0.29544
      E*x (       -0.22392        0.17422       -0.08819 )
      E*y (        0.14247       -0.26488        0.09957 )
      E*z (       -0.05717        0.10174       -0.39752 )
           atom   17  H     Mean Z*:       -0.29544
      E*x (       -0.22392       -0.17422       -0.08819 )
      E*y (       -0.14247       -0.26488       -0.09957 )
      E*z (       -0.05717       -0.10174       -0.39752 )
           atom   18  H     Mean Z*:       -0.29544
      E*x (       -0.22392       -0.17422        0.08819 )
      E*y (       -0.14247       -0.26488        0.09957 )
      E*z (        0.05717        0.10174       -0.39752 )
           atom   19  H     Mean Z*:       -0.29542
      E*x (       -0.22392        0.17421        0.08818 )
      E*y (        0.14246       -0.26485       -0.09955 )
      E*z (        0.05716       -0.10172       -0.39749 )
           atom   20  H     Mean Z*:       -0.29542
      E*x (       -0.22392        0.17421       -0.08818 )
      E*y (        0.14246       -0.26485        0.09955 )
      E*z (       -0.05716        0.10172       -0.39749 )
           atom   21  H     Mean Z*:       -0.29542
      E*x (       -0.22392       -0.17421       -0.08818 )
      E*y (       -0.14246       -0.26485       -0.09955 )
      E*z (       -0.05716       -0.10172       -0.39749 )
           atom   22  H     Mean Z*:       -0.29542
      E*x (       -0.22392       -0.17421        0.08818 )
      E*y (       -0.14246       -0.26485        0.09955 )
      E*z (        0.05716        0.10172       -0.39749 )


     Representation #   1 mode #   1

     Self-consistent Calculation

      iter #   1 total cpu time :  5573.8 secs   av.it.:   3.0
      thresh= 1.000E-02 alpha_mix =  0.700 |ddv_scf|^2 =  1.107E-09

      iter #   2 total cpu time :  5675.4 secs   av.it.:  15.6
      thresh= 3.327E-06 alpha_mix =  0.700 |ddv_scf|^2 =  1.937E-10

      iter #   3 total cpu time :  5774.3 secs   av.it.:  15.5
      thresh= 1.392E-06 alpha_mix =  0.700 |ddv_scf|^2 =  2.123E-12

      iter #   4 total cpu time :  5876.3 secs   av.it.:  15.6
      thresh= 1.457E-07 alpha_mix =  0.700 |ddv_scf|^2 =  3.558E-14

      iter #   5 total cpu time :  5980.4 secs   av.it.:  16.0
      thresh= 1.886E-08 alpha_mix =  0.700 |ddv_scf|^2 =  1.586E-15

     End of self-consistent calculation

     Convergence has been achieved 


     Representation #   2 mode #   2

     Self-consistent Calculation

      iter #   1 total cpu time :  6052.4 secs   av.it.:   3.0
      thresh= 1.000E-02 alpha_mix =  0.700 |ddv_scf|^2 =  1.060E-09

      iter #   2 total cpu time :  6157.9 secs   av.it.:  16.0
      thresh= 3.256E-06 alpha_mix =  0.700 |ddv_scf|^2 =  3.233E-10

      iter #   3 total cpu time :  6260.3 secs   av.it.:  15.7
      thresh= 1.798E-06 alpha_mix =  0.700 |ddv_scf|^2 =  1.843E-12

      iter #   4 total cpu time :  6365.9 secs   av.it.:  16.0
      thresh= 1.357E-07 alpha_mix =  0.700 |ddv_scf|^2 =  5.397E-14

      iter #   5 total cpu time :  6469.6 secs   av.it.:  15.9
      thresh= 2.323E-08 alpha_mix =  0.700 |ddv_scf|^2 =  2.639E-15

     End of self-consistent calculation

     Convergence has been achieved 


     Representation #   3 mode #   3

     Self-consistent Calculation

      iter #   1 total cpu time :  6541.7 secs   av.it.:   3.0
      thresh= 1.000E-02 alpha_mix =  0.700 |ddv_scf|^2 =  3.938E-10

      iter #   2 total cpu time :  6649.8 secs   av.it.:  16.0
      thresh= 1.984E-06 alpha_mix =  0.700 |ddv_scf|^2 =  2.567E-11

      iter #   3 total cpu time :  6758.5 secs   av.it.:  16.0
      thresh= 5.067E-07 alpha_mix =  0.700 |ddv_scf|^2 =  3.125E-12

      iter #   4 total cpu time :  6865.6 secs   av.it.:  15.9
      thresh= 1.768E-07 alpha_mix =  0.700 |ddv_scf|^2 =  1.025E-13

      iter #   5 total cpu time :  6972.4 secs   av.it.:  15.9
      thresh= 3.202E-08 alpha_mix =  0.700 |ddv_scf|^2 =  4.233E-15

     End of self-consistent calculation

     Convergence has been achieved 


     Representation #   4 mode #   4

     Self-consistent Calculation

      iter #   1 total cpu time :  7052.8 secs   av.it.:   4.6
      thresh= 1.000E-02 alpha_mix =  0.700 |ddv_scf|^2 =  8.362E-09

      iter #   2 total cpu time :  7160.7 secs   av.it.:  16.0
      thresh= 9.144E-06 alpha_mix =  0.700 |ddv_scf|^2 =  1.506E-09

      iter #   3 total cpu time :  7264.2 secs   av.it.:  15.6
      thresh= 3.881E-06 alpha_mix =  0.700 |ddv_scf|^2 =  1.365E-11

      iter #   4 total cpu time :  7366.8 secs   av.it.:  15.9
      thresh= 3.694E-07 alpha_mix =  0.700 |ddv_scf|^2 =  1.015E-12

      iter #   5 total cpu time :  7470.7 secs   av.it.:  15.9
      thresh= 1.008E-07 alpha_mix =  0.700 |ddv_scf|^2 =  1.191E-14

      iter #   6 total cpu time :  7575.2 secs   av.it.:  16.0
      thresh= 1.091E-08 alpha_mix =  0.700 |ddv_scf|^2 =  1.803E-16

     End of self-consistent calculation

     Convergence has been achieved 


     Representation #   5 mode #   5

     Self-consistent Calculation

      iter #   1 total cpu time :  7683.4 secs   av.it.:   6.4
      thresh= 1.000E-02 alpha_mix =  0.700 |ddv_scf|^2 =  4.099E-08

      iter #   2 total cpu time :  7781.9 secs   av.it.:  15.4
      thresh= 2.025E-05 alpha_mix =  0.700 |ddv_scf|^2 =  9.937E-09

      iter #   3 total cpu time :  7878.0 secs   av.it.:  14.9
      thresh= 9.969E-06 alpha_mix =  0.700 |ddv_scf|^2 =  2.439E-11

      iter #   4 total cpu time :  7975.6 secs   av.it.:  15.3
      thresh= 4.939E-07 alpha_mix =  0.700 |ddv_scf|^2 =  6.634E-13

      iter #   5 total cpu time :  8073.6 secs   av.it.:  15.3
      thresh= 8.145E-08 alpha_mix =  0.700 |ddv_scf|^2 =  8.105E-15

     End of self-consistent calculation

     Convergence has been achieved 


     Representation #   6 mode #   6

     Self-consistent Calculation

      iter #   1 total cpu time :  8151.4 secs   av.it.:   3.0
      thresh= 1.000E-02 alpha_mix =  0.700 |ddv_scf|^2 =  1.285E-09

      iter #   2 total cpu time :  8256.0 secs   av.it.:  15.9
      thresh= 3.585E-06 alpha_mix =  0.700 |ddv_scf|^2 =  3.313E-10

      iter #   3 total cpu time :  8358.8 secs   av.it.:  15.9
      thresh= 1.820E-06 alpha_mix =  0.700 |ddv_scf|^2 =  4.139E-12

      iter #   4 total cpu time :  8461.4 secs   av.it.:  15.9
      thresh= 2.035E-07 alpha_mix =  0.700 |ddv_scf|^2 =  1.753E-13

      iter #   5 total cpu time :  8563.9 secs   av.it.:  15.9
      thresh= 4.187E-08 alpha_mix =  0.700 |ddv_scf|^2 =  5.398E-15

     End of self-consistent calculation

     Convergence has been achieved 


     Representation #   7 mode #   7

     Self-consistent Calculation

      iter #   1 total cpu time :  8634.6 secs   av.it.:   3.0
      thresh= 1.000E-02 alpha_mix =  0.700 |ddv_scf|^2 =  1.129E-09

      iter #   2 total cpu time :  8736.6 secs   av.it.:  15.8
      thresh= 3.361E-06 alpha_mix =  0.700 |ddv_scf|^2 =  9.440E-11

      iter #   3 total cpu time :  8841.0 secs   av.it.:  16.0
      thresh= 9.716E-07 alpha_mix =  0.700 |ddv_scf|^2 =  2.972E-12

      iter #   4 total cpu time :  8944.6 secs   av.it.:  15.9
      thresh= 1.724E-07 alpha_mix =  0.700 |ddv_scf|^2 =  3.591E-13

      iter #   5 total cpu time :  9046.6 secs   av.it.:  15.9
      thresh= 5.993E-08 alpha_mix =  0.700 |ddv_scf|^2 =  7.058E-15

     End of self-consistent calculation

     Convergence has been achieved 


     Representation #   8 mode #   8

     Self-consistent Calculation

      iter #   1 total cpu time :  9116.5 secs   av.it.:   3.0
      thresh= 1.000E-02 alpha_mix =  0.700 |ddv_scf|^2 =  4.305E-10

      iter #   2 total cpu time :  9219.1 secs   av.it.:  15.9
      thresh= 2.075E-06 alpha_mix =  0.700 |ddv_scf|^2 =  2.440E-11

      iter #   3 total cpu time :  9323.3 secs   av.it.:  16.0
      thresh= 4.939E-07 alpha_mix =  0.700 |ddv_scf|^2 =  1.181E-12

      iter #   4 total cpu time :  9427.5 secs   av.it.:  16.0
      thresh= 1.087E-07 alpha_mix =  0.700 |ddv_scf|^2 =  8.498E-14

      iter #   5 total cpu time :  9530.9 secs   av.it.:  16.0
      thresh= 2.915E-08 alpha_mix =  0.700 |ddv_scf|^2 =  4.816E-15

     End of self-consistent calculation

     Convergence has been achieved 


     Representation #   9 mode #   9

     Self-consistent Calculation

      iter #   1 total cpu time :  9609.3 secs   av.it.:   4.4
      thresh= 1.000E-02 alpha_mix =  0.700 |ddv_scf|^2 =  6.332E-09

      iter #   2 total cpu time :  9712.4 secs   av.it.:  16.0
      thresh= 7.958E-06 alpha_mix =  0.700 |ddv_scf|^2 =  7.851E-10

      iter #   3 total cpu time :  9813.4 secs   av.it.:  15.9
      thresh= 2.802E-06 alpha_mix =  0.700 |ddv_scf|^2 =  1.267E-11

      iter #   4 total cpu time :  9916.4 secs   av.it.:  15.9
      thresh= 3.559E-07 alpha_mix =  0.700 |ddv_scf|^2 =  1.260E-12

      iter #   5 total cpu time : 10019.9 secs   av.it.:  15.9
      thresh= 1.122E-07 alpha_mix =  0.700 |ddv_scf|^2 =  1.887E-14

      iter #   6 total cpu time : 10123.9 secs   av.it.:  16.0
      thresh= 1.374E-08 alpha_mix =  0.700 |ddv_scf|^2 =  2.717E-16

     End of self-consistent calculation

     Convergence has been achieved 


     Representation #  10 mode #  10

     Self-consistent Calculation

      iter #   1 total cpu time : 10214.6 secs   av.it.:   3.0
      thresh= 1.000E-02 alpha_mix =  0.700 |ddv_scf|^2 =  1.034E-09

      iter #   2 total cpu time : 10319.2 secs   av.it.:  16.0
      thresh= 3.216E-06 alpha_mix =  0.700 |ddv_scf|^2 =  1.457E-10

      iter #   3 total cpu time : 10422.9 secs   av.it.:  15.9
      thresh= 1.207E-06 alpha_mix =  0.700 |ddv_scf|^2 =  5.011E-12

      iter #   4 total cpu time : 10527.0 secs   av.it.:  15.9
      thresh= 2.239E-07 alpha_mix =  0.700 |ddv_scf|^2 =  1.366E-13

      iter #   5 total cpu time : 10629.8 secs   av.it.:  16.0
      thresh= 3.696E-08 alpha_mix =  0.700 |ddv_scf|^2 =  6.295E-15

     End of self-consistent calculation

     Convergence has been achieved 


     Representation #  11 mode #  11

     Self-consistent Calculation

      iter #   1 total cpu time : 10701.6 secs   av.it.:   3.0
      thresh= 1.000E-02 alpha_mix =  0.700 |ddv_scf|^2 =  5.381E-10

      iter #   2 total cpu time : 10806.4 secs   av.it.:  16.0
      thresh= 2.320E-06 alpha_mix =  0.700 |ddv_scf|^2 =  8.372E-11

      iter #   3 total cpu time : 10909.8 secs   av.it.:  15.9
      thresh= 9.150E-07 alpha_mix =  0.700 |ddv_scf|^2 =  4.827E-12

      iter #   4 total cpu time : 11013.1 secs   av.it.:  15.9
      thresh= 2.197E-07 alpha_mix =  0.700 |ddv_scf|^2 =  7.890E-14

      iter #   5 total cpu time : 11115.7 secs   av.it.:  15.9
      thresh= 2.809E-08 alpha_mix =  0.700 |ddv_scf|^2 =  4.284E-15

     End of self-consistent calculation

     Convergence has been achieved 


     Representation #  12 mode #  12

     Self-consistent Calculation

      iter #   1 total cpu time : 11186.9 secs   av.it.:   3.0
      thresh= 1.000E-02 alpha_mix =  0.700 |ddv_scf|^2 =  5.218E-10

      iter #   2 total cpu time : 11291.1 secs   av.it.:  16.0
      thresh= 2.284E-06 alpha_mix =  0.700 |ddv_scf|^2 =  7.833E-11

      iter #   3 total cpu time : 11394.1 secs   av.it.:  16.0
      thresh= 8.850E-07 alpha_mix =  0.700 |ddv_scf|^2 =  3.613E-12

      iter #   4 total cpu time : 11498.1 secs   av.it.:  15.9
      thresh= 1.901E-07 alpha_mix =  0.700 |ddv_scf|^2 =  1.723E-13

      iter #   5 total cpu time : 11600.7 secs   av.it.:  15.9
      thresh= 4.151E-08 alpha_mix =  0.700 |ddv_scf|^2 =  5.544E-15

     End of self-consistent calculation

     Convergence has been achieved 


     Representation #  13 mode #  13

     Self-consistent Calculation

      iter #   1 total cpu time : 11673.6 secs   av.it.:   3.4
      thresh= 1.000E-02 alpha_mix =  0.700 |ddv_scf|^2 =  1.411E-09

      iter #   2 total cpu time : 11777.8 secs   av.it.:  15.9
      thresh= 3.756E-06 alpha_mix =  0.700 |ddv_scf|^2 =  4.285E-10

      iter #   3 total cpu time : 11879.2 secs   av.it.:  15.6
      thresh= 2.070E-06 alpha_mix =  0.700 |ddv_scf|^2 =  1.950E-12

      iter #   4 total cpu time : 11982.2 secs   av.it.:  15.9
      thresh= 1.396E-07 alpha_mix =  0.700 |ddv_scf|^2 =  5.706E-14

      iter #   5 total cpu time : 12084.7 secs   av.it.:  15.8
      thresh= 2.389E-08 alpha_mix =  0.700 |ddv_scf|^2 =  2.825E-15

     End of self-consistent calculation

     Convergence has been achieved 


     Representation #  14 mode #  14

     Self-consistent Calculation

      iter #   1 total cpu time : 12162.4 secs   av.it.:   4.0
      thresh= 1.000E-02 alpha_mix =  0.700 |ddv_scf|^2 =  5.733E-09

      iter #   2 total cpu time : 12264.8 secs   av.it.:  15.9
      thresh= 7.572E-06 alpha_mix =  0.700 |ddv_scf|^2 =  5.132E-10

      iter #   3 total cpu time : 12369.1 secs   av.it.:  15.8
      thresh= 2.265E-06 alpha_mix =  0.700 |ddv_scf|^2 =  8.028E-12

      iter #   4 total cpu time : 12476.9 secs   av.it.:  15.9
      thresh= 2.833E-07 alpha_mix =  0.700 |ddv_scf|^2 =  1.123E-12

      iter #   5 total cpu time : 12584.0 secs   av.it.:  15.9
      thresh= 1.060E-07 alpha_mix =  0.700 |ddv_scf|^2 =  4.724E-14

      iter #   6 total cpu time : 12690.2 secs   av.it.:  15.9
      thresh= 2.173E-08 alpha_mix =  0.700 |ddv_scf|^2 =  1.867E-16

     End of self-consistent calculation

     Convergence has been achieved 


     Representation #  15 mode #  15

     Self-consistent Calculation

      iter #   1 total cpu time : 12781.7 secs   av.it.:   3.0
      thresh= 1.000E-02 alpha_mix =  0.700 |ddv_scf|^2 =  1.085E-09

      iter #   2 total cpu time : 12884.7 secs   av.it.:  16.0
      thresh= 3.293E-06 alpha_mix =  0.700 |ddv_scf|^2 =  1.696E-10

      iter #   3 total cpu time : 12986.2 secs   av.it.:  15.7
      thresh= 1.302E-06 alpha_mix =  0.700 |ddv_scf|^2 =  2.566E-12

      iter #   4 total cpu time : 13089.4 secs   av.it.:  16.0
      thresh= 1.602E-07 alpha_mix =  0.700 |ddv_scf|^2 =  9.033E-14

      iter #   5 total cpu time : 13193.6 secs   av.it.:  16.0
      thresh= 3.006E-08 alpha_mix =  0.700 |ddv_scf|^2 =  4.103E-15

     End of self-consistent calculation

     Convergence has been achieved 


     Representation #  16 mode #  16

     Self-consistent Calculation

      iter #   1 total cpu time : 13266.5 secs   av.it.:   3.0
      thresh= 1.000E-02 alpha_mix =  0.700 |ddv_scf|^2 =  1.300E-09

      iter #   2 total cpu time : 13372.6 secs   av.it.:  16.0
      thresh= 3.606E-06 alpha_mix =  0.700 |ddv_scf|^2 =  4.443E-10

      iter #   3 total cpu time : 13474.5 secs   av.it.:  15.7
      thresh= 2.108E-06 alpha_mix =  0.700 |ddv_scf|^2 =  1.343E-12

      iter #   4 total cpu time : 13579.3 secs   av.it.:  16.0
      thresh= 1.159E-07 alpha_mix =  0.700 |ddv_scf|^2 =  4.702E-14

      iter #   5 total cpu time : 13682.2 secs   av.it.:  15.9
      thresh= 2.168E-08 alpha_mix =  0.700 |ddv_scf|^2 =  3.178E-15

     End of self-consistent calculation

     Convergence has been achieved 


     Representation #  17 mode #  17

     Self-consistent Calculation

      iter #   1 total cpu time : 13761.1 secs   av.it.:   4.7
      thresh= 1.000E-02 alpha_mix =  0.700 |ddv_scf|^2 =  1.337E-08

      iter #   2 total cpu time : 13864.9 secs   av.it.:  16.0
      thresh= 1.156E-05 alpha_mix =  0.700 |ddv_scf|^2 =  7.020E-09

      iter #   3 total cpu time : 13962.3 secs   av.it.:  15.0
      thresh= 8.379E-06 alpha_mix =  0.700 |ddv_scf|^2 =  7.241E-11

      iter #   4 total cpu time : 14062.9 secs   av.it.:  15.7
      thresh= 8.510E-07 alpha_mix =  0.700 |ddv_scf|^2 =  4.601E-12

      iter #   5 total cpu time : 14164.8 secs   av.it.:  15.7
      thresh= 2.145E-07 alpha_mix =  0.700 |ddv_scf|^2 =  3.613E-13

      iter #   6 total cpu time : 14266.4 secs   av.it.:  15.6
      thresh= 6.011E-08 alpha_mix =  0.700 |ddv_scf|^2 =  6.457E-15

     End of self-consistent calculation

     Convergence has been achieved 


     Representation #  18 mode #  18

     Self-consistent Calculation

      iter #   1 total cpu time : 14359.0 secs   av.it.:   3.4
      thresh= 1.000E-02 alpha_mix =  0.700 |ddv_scf|^2 =  2.976E-09

      iter #   2 total cpu time : 14461.5 secs   av.it.:  15.9
      thresh= 5.455E-06 alpha_mix =  0.700 |ddv_scf|^2 =  1.549E-09

      iter #   3 total cpu time : 14558.3 secs   av.it.:  15.0
      thresh= 3.936E-06 alpha_mix =  0.700 |ddv_scf|^2 =  3.776E-12

      iter #   4 total cpu time : 14661.0 secs   av.it.:  15.9
      thresh= 1.943E-07 alpha_mix =  0.700 |ddv_scf|^2 =  9.135E-13

      iter #   5 total cpu time : 14760.4 secs   av.it.:  15.0
      thresh= 9.558E-08 alpha_mix =  0.700 |ddv_scf|^2 =  4.643E-14

      iter #   6 total cpu time : 14858.7 secs   av.it.:  15.0
      thresh= 2.155E-08 alpha_mix =  0.700 |ddv_scf|^2 =  3.962E-15

     End of self-consistent calculation

     Convergence has been achieved 


     Representation #  19 mode #  19

     Self-consistent Calculation

      iter #   1 total cpu time : 14930.7 secs   av.it.:   3.0
      thresh= 1.000E-02 alpha_mix =  0.700 |ddv_scf|^2 =  7.627E-10

      iter #   2 total cpu time : 15039.9 secs   av.it.:  16.0
      thresh= 2.762E-06 alpha_mix =  0.700 |ddv_scf|^2 =  1.576E-10

      iter #   3 total cpu time : 15147.1 secs   av.it.:  15.9
      thresh= 1.255E-06 alpha_mix =  0.700 |ddv_scf|^2 =  8.667E-12

      iter #   4 total cpu time : 15251.0 secs   av.it.:  15.0
      thresh= 2.944E-07 alpha_mix =  0.700 |ddv_scf|^2 =  5.800E-13

      iter #   5 total cpu time : 15356.3 secs   av.it.:  15.6
      thresh= 7.616E-08 alpha_mix =  0.700 |ddv_scf|^2 =  1.922E-14

      iter #   6 total cpu time : 15462.1 secs   av.it.:  15.8
      thresh= 1.386E-08 alpha_mix =  0.700 |ddv_scf|^2 =  2.734E-15

     End of self-consistent calculation

     Convergence has been achieved 


     Representation #  20 mode #  20

     Self-consistent Calculation

      iter #   1 total cpu time : 15537.3 secs   av.it.:   3.8
      thresh= 1.000E-02 alpha_mix =  0.700 |ddv_scf|^2 =  3.857E-09

      iter #   2 total cpu time : 15643.5 secs   av.it.:  15.7
      thresh= 6.210E-06 alpha_mix =  0.700 |ddv_scf|^2 =  1.885E-09

      iter #   3 total cpu time : 15746.3 secs   av.it.:  14.9
      thresh= 4.342E-06 alpha_mix =  0.700 |ddv_scf|^2 =  4.567E-12

      iter #   4 total cpu time : 15851.5 secs   av.it.:  15.5
      thresh= 2.137E-07 alpha_mix =  0.700 |ddv_scf|^2 =  2.628E-13

      iter #   5 total cpu time : 15955.3 secs   av.it.:  15.0
      thresh= 5.127E-08 alpha_mix =  0.700 |ddv_scf|^2 =  2.662E-14

      iter #   6 total cpu time : 16058.6 secs   av.it.:  15.0
      thresh= 1.632E-08 alpha_mix =  0.700 |ddv_scf|^2 =  1.445E-15

     End of self-consistent calculation

     Convergence has been achieved 


     Representation #  21 mode #  21

     Self-consistent Calculation

      iter #   1 total cpu time : 16132.9 secs   av.it.:   3.1
      thresh= 1.000E-02 alpha_mix =  0.700 |ddv_scf|^2 =  7.217E-09

      iter #   2 total cpu time : 16238.4 secs   av.it.:  15.6
      thresh= 8.496E-06 alpha_mix =  0.700 |ddv_scf|^2 =  5.144E-09

      iter #   3 total cpu time : 16339.4 secs   av.it.:  14.9
      thresh= 7.172E-06 alpha_mix =  0.700 |ddv_scf|^2 =  4.272E-12

      iter #   4 total cpu time : 16444.0 secs   av.it.:  16.0
      thresh= 2.067E-07 alpha_mix =  0.700 |ddv_scf|^2 =  5.661E-13

      iter #   5 total cpu time : 16548.3 secs   av.it.:  16.0
      thresh= 7.524E-08 alpha_mix =  0.700 |ddv_scf|^2 =  4.784E-14

      iter #   6 total cpu time : 16650.9 secs   av.it.:  15.8
      thresh= 2.187E-08 alpha_mix =  0.700 |ddv_scf|^2 =  3.628E-15

     End of self-consistent calculation

     Convergence has been achieved 


     Representation #  22 mode #  22

     Self-consistent Calculation

      iter #   1 total cpu time : 16739.5 secs   av.it.:   6.6
      thresh= 1.000E-02 alpha_mix =  0.700 |ddv_scf|^2 =  3.123E-08

      iter #   2 total cpu time : 16837.6 secs   av.it.:  15.4
      thresh= 1.767E-05 alpha_mix =  0.700 |ddv_scf|^2 =  5.135E-09

      iter #   3 total cpu time : 16936.7 secs   av.it.:  15.3
      thresh= 7.166E-06 alpha_mix =  0.700 |ddv_scf|^2 =  2.378E-11

      iter #   4 total cpu time : 17036.5 secs   av.it.:  15.3
      thresh= 4.877E-07 alpha_mix =  0.700 |ddv_scf|^2 =  1.787E-13

      iter #   5 total cpu time : 17137.7 secs   av.it.:  15.5
      thresh= 4.227E-08 alpha_mix =  0.700 |ddv_scf|^2 =  6.001E-15

     End of self-consistent calculation

     Convergence has been achieved 


     Representation #  23 mode #  23

     Self-consistent Calculation

      iter #   1 total cpu time : 17214.8 secs   av.it.:   3.0
      thresh= 1.000E-02 alpha_mix =  0.700 |ddv_scf|^2 =  5.480E-09

      iter #   2 total cpu time : 17315.5 secs   av.it.:  15.4
      thresh= 7.403E-06 alpha_mix =  0.700 |ddv_scf|^2 =  3.367E-09

      iter #   3 total cpu time : 17412.0 secs   av.it.:  14.9
      thresh= 5.803E-06 alpha_mix =  0.700 |ddv_scf|^2 =  1.141E-11

      iter #   4 total cpu time : 17512.9 secs   av.it.:  15.2
      thresh= 3.377E-07 alpha_mix =  0.700 |ddv_scf|^2 =  1.139E-12

      iter #   5 total cpu time : 17612.1 secs   av.it.:  15.0
      thresh= 1.067E-07 alpha_mix =  0.700 |ddv_scf|^2 =  2.458E-14

      iter #   6 total cpu time : 17713.5 secs   av.it.:  15.6
      thresh= 1.568E-08 alpha_mix =  0.700 |ddv_scf|^2 =  9.962E-16

     End of self-consistent calculation

     Convergence has been achieved 


     Representation #  24 mode #  24

     Self-consistent Calculation

      iter #   1 total cpu time : 17784.7 secs   av.it.:   3.0
      thresh= 1.000E-02 alpha_mix =  0.700 |ddv_scf|^2 =  6.577E-10

      iter #   2 total cpu time : 17887.9 secs   av.it.:  16.0
      thresh= 2.565E-06 alpha_mix =  0.700 |ddv_scf|^2 =  1.084E-10

      iter #   3 total cpu time : 17989.8 secs   av.it.:  15.7
      thresh= 1.041E-06 alpha_mix =  0.700 |ddv_scf|^2 =  7.987E-12

      iter #   4 total cpu time : 18105.8 secs   av.it.:  15.0
      thresh= 2.826E-07 alpha_mix =  0.700 |ddv_scf|^2 =  6.394E-13

      iter #   5 total cpu time : 18206.2 secs   av.it.:  15.3
      thresh= 7.996E-08 alpha_mix =  0.700 |ddv_scf|^2 =  9.618E-15

     End of self-consistent calculation

     Convergence has been achieved 


     Representation #  25 mode #  25

     Self-consistent Calculation

      iter #   1 total cpu time : 18278.6 secs   av.it.:   3.0
      thresh= 1.000E-02 alpha_mix =  0.700 |ddv_scf|^2 =  5.036E-09

      iter #   2 total cpu time : 18379.8 secs   av.it.:  15.8
      thresh= 7.097E-06 alpha_mix =  0.700 |ddv_scf|^2 =  2.685E-09

      iter #   3 total cpu time : 18476.7 secs   av.it.:  14.9
      thresh= 5.181E-06 alpha_mix =  0.700 |ddv_scf|^2 =  2.200E-11

      iter #   4 total cpu time : 18573.9 secs   av.it.:  15.0
      thresh= 4.691E-07 alpha_mix =  0.700 |ddv_scf|^2 =  1.168E-12

      iter #   5 total cpu time : 18672.7 secs   av.it.:  15.0
      thresh= 1.081E-07 alpha_mix =  0.700 |ddv_scf|^2 =  2.980E-14

      iter #   6 total cpu time : 18774.4 secs   av.it.:  15.9
      thresh= 1.726E-08 alpha_mix =  0.700 |ddv_scf|^2 =  5.210E-15

     End of self-consistent calculation

     Convergence has been achieved 


     Representation #  26 mode #  26

     Self-consistent Calculation

      iter #   1 total cpu time : 18846.0 secs   av.it.:   3.0
      thresh= 1.000E-02 alpha_mix =  0.700 |ddv_scf|^2 =  4.404E-09

      iter #   2 total cpu time : 18946.5 secs   av.it.:  15.0
      thresh= 6.636E-06 alpha_mix =  0.700 |ddv_scf|^2 =  1.479E-09

      iter #   3 total cpu time : 19043.1 secs   av.it.:  14.9
      thresh= 3.846E-06 alpha_mix =  0.700 |ddv_scf|^2 =  5.210E-12

      iter #   4 total cpu time : 19140.3 secs   av.it.:  15.4
      thresh= 2.283E-07 alpha_mix =  0.700 |ddv_scf|^2 =  1.436E-12

      iter #   5 total cpu time : 19234.5 secs   av.it.:  14.9
      thresh= 1.198E-07 alpha_mix =  0.700 |ddv_scf|^2 =  1.780E-14

      iter #   6 total cpu time : 19333.1 secs   av.it.:  15.7
      thresh= 1.334E-08 alpha_mix =  0.700 |ddv_scf|^2 =  3.488E-15

     End of self-consistent calculation

     Convergence has been achieved 


     Representation #  27 mode #  27

     Self-consistent Calculation

      iter #   1 total cpu time : 19412.3 secs   av.it.:   5.0
      thresh= 1.000E-02 alpha_mix =  0.700 |ddv_scf|^2 =  3.734E-08

      iter #   2 total cpu time : 19509.4 secs   av.it.:  15.0
      thresh= 1.932E-05 alpha_mix =  0.700 |ddv_scf|^2 =  1.671E-08

      iter #   3 total cpu time : 19602.6 secs   av.it.:  14.6
      thresh= 1.293E-05 alpha_mix =  0.700 |ddv_scf|^2 =  8.284E-11

      iter #   4 total cpu time : 19698.4 secs   av.it.:  14.9
      thresh= 9.101E-07 alpha_mix =  0.700 |ddv_scf|^2 =  5.736E-12

      iter #   5 total cpu time : 19795.9 secs   av.it.:  15.0
      thresh= 2.395E-07 alpha_mix =  0.700 |ddv_scf|^2 =  1.063E-13

      iter #   6 total cpu time : 19898.5 secs   av.it.:  15.9
      thresh= 3.261E-08 alpha_mix =  0.700 |ddv_scf|^2 =  1.741E-14

      iter #   7 total cpu time : 19997.9 secs   av.it.:  15.1
      thresh= 1.319E-08 alpha_mix =  0.700 |ddv_scf|^2 =  3.278E-16

     End of self-consistent calculation

     Convergence has been achieved 


     Representation #  28 mode #  28

     Self-consistent Calculation

      iter #   1 total cpu time : 20088.5 secs   av.it.:   3.0
      thresh= 1.000E-02 alpha_mix =  0.700 |ddv_scf|^2 =  6.046E-09

      iter #   2 total cpu time : 20186.0 secs   av.it.:  15.0
      thresh= 7.776E-06 alpha_mix =  0.700 |ddv_scf|^2 =  3.929E-09

      iter #   3 total cpu time : 20278.2 secs   av.it.:  14.1
      thresh= 6.268E-06 alpha_mix =  0.700 |ddv_scf|^2 =  9.933E-12

      iter #   4 total cpu time : 20375.5 secs   av.it.:  15.0
      thresh= 3.152E-07 alpha_mix =  0.700 |ddv_scf|^2 =  1.534E-12

      iter #   5 total cpu time : 20473.9 secs   av.it.:  14.8
      thresh= 1.239E-07 alpha_mix =  0.700 |ddv_scf|^2 =  1.834E-14

      iter #   6 total cpu time : 20578.5 secs   av.it.:  15.6
      thresh= 1.354E-08 alpha_mix =  0.700 |ddv_scf|^2 =  2.997E-15

     End of self-consistent calculation

     Convergence has been achieved 


     Representation #  29 mode #  29

     Self-consistent Calculation

      iter #   1 total cpu time : 20652.9 secs   av.it.:   3.9
      thresh= 1.000E-02 alpha_mix =  0.700 |ddv_scf|^2 =  3.278E-09

      iter #   2 total cpu time : 20759.7 secs   av.it.:  15.9
      thresh= 5.725E-06 alpha_mix =  0.700 |ddv_scf|^2 =  1.814E-09

      iter #   3 total cpu time : 20861.7 secs   av.it.:  15.0
      thresh= 4.260E-06 alpha_mix =  0.700 |ddv_scf|^2 =  1.158E-12

      iter #   4 total cpu time : 20969.9 secs   av.it.:  16.0
      thresh= 1.076E-07 alpha_mix =  0.700 |ddv_scf|^2 =  1.974E-13

      iter #   5 total cpu time : 21073.0 secs   av.it.:  15.0
      thresh= 4.443E-08 alpha_mix =  0.700 |ddv_scf|^2 =  2.974E-14

      iter #   6 total cpu time : 21173.4 secs   av.it.:  14.9
      thresh= 1.725E-08 alpha_mix =  0.700 |ddv_scf|^2 =  1.881E-15

     End of self-consistent calculation

     Convergence has been achieved 


     Representation #  30 mode #  30

     Self-consistent Calculation

      iter #   1 total cpu time : 21254.8 secs   av.it.:   5.0
      thresh= 1.000E-02 alpha_mix =  0.700 |ddv_scf|^2 =  4.677E-08

      iter #   2 total cpu time : 21358.3 secs   av.it.:  15.1
      thresh= 2.163E-05 alpha_mix =  0.700 |ddv_scf|^2 =  3.643E-08

      iter #   3 total cpu time : 21456.5 secs   av.it.:  14.4
      thresh= 1.909E-05 alpha_mix =  0.700 |ddv_scf|^2 =  2.813E-11

      iter #   4 total cpu time : 21564.6 secs   av.it.:  16.0
      thresh= 5.303E-07 alpha_mix =  0.700 |ddv_scf|^2 =  4.135E-12

      iter #   5 total cpu time : 21671.9 secs   av.it.:  15.9
      thresh= 2.033E-07 alpha_mix =  0.700 |ddv_scf|^2 =  3.057E-13

      iter #   6 total cpu time : 21779.1 secs   av.it.:  15.9
      thresh= 5.529E-08 alpha_mix =  0.700 |ddv_scf|^2 =  1.659E-14

      iter #   7 total cpu time : 21885.6 secs   av.it.:  15.9
      thresh= 1.288E-08 alpha_mix =  0.700 |ddv_scf|^2 =  1.436E-15

     End of self-consistent calculation

     Convergence has been achieved 


     Representation #  31 mode #  31

     Self-consistent Calculation

      iter #   1 total cpu time : 21977.7 secs   av.it.:   3.0
      thresh= 1.000E-02 alpha_mix =  0.700 |ddv_scf|^2 =  5.460E-09

      iter #   2 total cpu time : 22081.4 secs   av.it.:  15.0
      thresh= 7.389E-06 alpha_mix =  0.700 |ddv_scf|^2 =  3.226E-09

      iter #   3 total cpu time : 22180.9 secs   av.it.:  14.5
      thresh= 5.680E-06 alpha_mix =  0.700 |ddv_scf|^2 =  1.325E-11

      iter #   4 total cpu time : 22284.6 secs   av.it.:  15.0
      thresh= 3.640E-07 alpha_mix =  0.700 |ddv_scf|^2 =  1.477E-12

      iter #   5 total cpu time : 22385.9 secs   av.it.:  14.9
      thresh= 1.216E-07 alpha_mix =  0.700 |ddv_scf|^2 =  1.801E-14

      iter #   6 total cpu time : 22490.2 secs   av.it.:  15.1
      thresh= 1.342E-08 alpha_mix =  0.700 |ddv_scf|^2 =  7.778E-16

     End of self-consistent calculation

     Convergence has been achieved 


     Representation #  32 mode #  32

     Self-consistent Calculation

      iter #   1 total cpu time : 22564.5 secs   av.it.:   3.4
      thresh= 1.000E-02 alpha_mix =  0.700 |ddv_scf|^2 =  1.839E-09

      iter #   2 total cpu time : 22673.0 secs   av.it.:  16.0
      thresh= 4.289E-06 alpha_mix =  0.700 |ddv_scf|^2 =  9.610E-10

      iter #   3 total cpu time : 22775.8 secs   av.it.:  14.9
      thresh= 3.100E-06 alpha_mix =  0.700 |ddv_scf|^2 =  3.038E-12

      iter #   4 total cpu time : 22881.6 secs   av.it.:  15.8
      thresh= 1.743E-07 alpha_mix =  0.700 |ddv_scf|^2 =  3.919E-13

      iter #   5 total cpu time : 22985.5 secs   av.it.:  15.0
      thresh= 6.260E-08 alpha_mix =  0.700 |ddv_scf|^2 =  3.928E-14

      iter #   6 total cpu time : 23088.8 secs   av.it.:  15.0
      thresh= 1.982E-08 alpha_mix =  0.700 |ddv_scf|^2 =  3.850E-15

     End of self-consistent calculation

     Convergence has been achieved 


     Representation #  33 mode #  33

     Self-consistent Calculation

      iter #   1 total cpu time : 23163.2 secs   av.it.:   3.1
      thresh= 1.000E-02 alpha_mix =  0.700 |ddv_scf|^2 =  2.849E-09

      iter #   2 total cpu time : 23271.2 secs   av.it.:  15.9
      thresh= 5.338E-06 alpha_mix =  0.700 |ddv_scf|^2 =  2.016E-09

      iter #   3 total cpu time : 23373.2 secs   av.it.:  14.9
      thresh= 4.490E-06 alpha_mix =  0.700 |ddv_scf|^2 =  5.555E-12

      iter #   4 total cpu time : 23477.7 secs   av.it.:  16.0
      thresh= 2.357E-07 alpha_mix =  0.700 |ddv_scf|^2 =  5.287E-13

      iter #   5 total cpu time : 23581.1 secs   av.it.:  16.0
      thresh= 7.271E-08 alpha_mix =  0.700 |ddv_scf|^2 =  2.068E-14

      iter #   6 total cpu time : 23683.3 secs   av.it.:  15.9
      thresh= 1.438E-08 alpha_mix =  0.700 |ddv_scf|^2 =  2.763E-15

     End of self-consistent calculation

     Convergence has been achieved 


     Representation #  34 mode #  34

     Self-consistent Calculation

      iter #   1 total cpu time : 23753.5 secs   av.it.:   3.0
      thresh= 1.000E-02 alpha_mix =  0.700 |ddv_scf|^2 =  1.005E-09

      iter #   2 total cpu time : 23856.4 secs   av.it.:  15.9
      thresh= 3.170E-06 alpha_mix =  0.700 |ddv_scf|^2 =  2.623E-10

      iter #   3 total cpu time : 23956.3 secs   av.it.:  15.0
      thresh= 1.619E-06 alpha_mix =  0.700 |ddv_scf|^2 =  1.087E-11

      iter #   4 total cpu time : 24056.7 secs   av.it.:  15.3
      thresh= 3.297E-07 alpha_mix =  0.700 |ddv_scf|^2 =  4.157E-13

      iter #   5 total cpu time : 24157.6 secs   av.it.:  15.4
      thresh= 6.447E-08 alpha_mix =  0.700 |ddv_scf|^2 =  2.803E-14

      iter #   6 total cpu time : 24257.3 secs   av.it.:  15.0
      thresh= 1.674E-08 alpha_mix =  0.700 |ddv_scf|^2 =  9.546E-16

     End of self-consistent calculation

     Convergence has been achieved 


     Representation #  35 mode #  35

     Self-consistent Calculation

      iter #   1 total cpu time : 24329.2 secs   av.it.:   3.0
      thresh= 1.000E-02 alpha_mix =  0.700 |ddv_scf|^2 =  1.628E-09

      iter #   2 total cpu time : 24432.9 secs   av.it.:  15.9
      thresh= 4.035E-06 alpha_mix =  0.700 |ddv_scf|^2 =  4.225E-10

      iter #   3 total cpu time : 24537.6 secs   av.it.:  15.4
      thresh= 2.055E-06 alpha_mix =  0.700 |ddv_scf|^2 =  1.336E-11

      iter #   4 total cpu time : 24641.9 secs   av.it.:  15.1
      thresh= 3.655E-07 alpha_mix =  0.700 |ddv_scf|^2 =  9.480E-13

      iter #   5 total cpu time : 24746.2 secs   av.it.:  15.0
      thresh= 9.736E-08 alpha_mix =  0.700 |ddv_scf|^2 =  2.938E-14

      iter #   6 total cpu time : 24852.2 secs   av.it.:  15.9
      thresh= 1.714E-08 alpha_mix =  0.700 |ddv_scf|^2 =  1.518E-15

     End of self-consistent calculation

     Convergence has been achieved 


     Representation #  36 mode #  36

     Self-consistent Calculation

      iter #   1 total cpu time : 24930.7 secs   av.it.:   4.1
      thresh= 1.000E-02 alpha_mix =  0.700 |ddv_scf|^2 =  4.340E-09

      iter #   2 total cpu time : 25035.6 secs   av.it.:  16.0
      thresh= 6.588E-06 alpha_mix =  0.700 |ddv_scf|^2 =  2.567E-10

      iter #   3 total cpu time : 25139.9 secs   av.it.:  16.0
      thresh= 1.602E-06 alpha_mix =  0.700 |ddv_scf|^2 =  4.934E-12

      iter #   4 total cpu time : 25244.2 secs   av.it.:  16.0
      thresh= 2.221E-07 alpha_mix =  0.700 |ddv_scf|^2 =  1.075E-12

      iter #   5 total cpu time : 25345.6 secs   av.it.:  15.6
      thresh= 1.037E-07 alpha_mix =  0.700 |ddv_scf|^2 =  5.371E-14

      iter #   6 total cpu time : 25446.0 secs   av.it.:  15.3
      thresh= 2.318E-08 alpha_mix =  0.700 |ddv_scf|^2 =  8.189E-16

     End of self-consistent calculation

     Convergence has been achieved 


     Representation #  37 mode #  37

     Self-consistent Calculation

      iter #   1 total cpu time : 25537.1 secs   av.it.:   3.0
      thresh= 1.000E-02 alpha_mix =  0.700 |ddv_scf|^2 =  6.258E-10

      iter #   2 total cpu time : 25641.4 secs   av.it.:  16.0
      thresh= 2.502E-06 alpha_mix =  0.700 |ddv_scf|^2 =  8.963E-11

      iter #   3 total cpu time : 25744.1 secs   av.it.:  15.9
      thresh= 9.468E-07 alpha_mix =  0.700 |ddv_scf|^2 =  1.310E-11

      iter #   4 total cpu time : 25843.6 secs   av.it.:  15.0
      thresh= 3.619E-07 alpha_mix =  0.700 |ddv_scf|^2 =  2.291E-13

      iter #   5 total cpu time : 25945.3 secs   av.it.:  15.6
      thresh= 4.786E-08 alpha_mix =  0.700 |ddv_scf|^2 =  5.391E-15

     End of self-consistent calculation

     Convergence has been achieved 


     Representation #  38 mode #  38

     Self-consistent Calculation

      iter #   1 total cpu time : 26017.5 secs   av.it.:   3.0
      thresh= 1.000E-02 alpha_mix =  0.700 |ddv_scf|^2 =  1.247E-09

      iter #   2 total cpu time : 26118.8 secs   av.it.:  15.9
      thresh= 3.531E-06 alpha_mix =  0.700 |ddv_scf|^2 =  2.306E-10

      iter #   3 total cpu time : 26217.6 secs   av.it.:  15.6
      thresh= 1.518E-06 alpha_mix =  0.700 |ddv_scf|^2 =  5.736E-12

      iter #   4 total cpu time : 26316.3 secs   av.it.:  15.8
      thresh= 2.395E-07 alpha_mix =  0.700 |ddv_scf|^2 =  6.984E-13

      iter #   5 total cpu time : 26412.8 secs   av.it.:  15.1
      thresh= 8.357E-08 alpha_mix =  0.700 |ddv_scf|^2 =  1.947E-14

      iter #   6 total cpu time : 26511.1 secs   av.it.:  15.9
      thresh= 1.395E-08 alpha_mix =  0.700 |ddv_scf|^2 =  1.256E-15

     End of self-consistent calculation

     Convergence has been achieved 


     Representation #  39 mode #  39

     Self-consistent Calculation

      iter #   1 total cpu time : 26599.4 secs   av.it.:   6.0
      thresh= 1.000E-02 alpha_mix =  0.700 |ddv_scf|^2 =  1.699E-07

      iter #   2 total cpu time : 26698.9 secs   av.it.:  15.3
      thresh= 4.122E-05 alpha_mix =  0.700 |ddv_scf|^2 =  7.972E-08

      iter #   3 total cpu time : 26794.3 secs   av.it.:  14.9
      thresh= 2.823E-05 alpha_mix =  0.700 |ddv_scf|^2 =  3.493E-10

      iter #   4 total cpu time : 26894.7 secs   av.it.:  15.6
      thresh= 1.869E-06 alpha_mix =  0.700 |ddv_scf|^2 =  1.303E-11

      iter #   5 total cpu time : 26996.9 secs   av.it.:  15.7
      thresh= 3.610E-07 alpha_mix =  0.700 |ddv_scf|^2 =  5.891E-13

      iter #   6 total cpu time : 27097.9 secs   av.it.:  15.3
      thresh= 7.675E-08 alpha_mix =  0.700 |ddv_scf|^2 =  8.715E-14

      iter #   7 total cpu time : 27194.4 secs   av.it.:  14.6
      thresh= 2.952E-08 alpha_mix =  0.700 |ddv_scf|^2 =  7.265E-15

     End of self-consistent calculation

     Convergence has been achieved 


     Representation #  40 mode #  40

     Self-consistent Calculation

      iter #   1 total cpu time : 27278.8 secs   av.it.:   4.9
      thresh= 1.000E-02 alpha_mix =  0.700 |ddv_scf|^2 =  9.580E-09

      iter #   2 total cpu time : 27382.1 secs   av.it.:  15.9
      thresh= 9.788E-06 alpha_mix =  0.700 |ddv_scf|^2 =  2.340E-09

      iter #   3 total cpu time : 27482.2 secs   av.it.:  15.2
      thresh= 4.838E-06 alpha_mix =  0.700 |ddv_scf|^2 =  1.448E-11

      iter #   4 total cpu time : 27584.5 secs   av.it.:  15.9
      thresh= 3.805E-07 alpha_mix =  0.700 |ddv_scf|^2 =  1.180E-12

      iter #   5 total cpu time : 27685.1 secs   av.it.:  15.9
      thresh= 1.086E-07 alpha_mix =  0.700 |ddv_scf|^2 =  9.663E-14

      iter #   6 total cpu time : 27782.9 secs   av.it.:  15.2
      thresh= 3.109E-08 alpha_mix =  0.700 |ddv_scf|^2 =  6.685E-15

     End of self-consistent calculation

     Convergence has been achieved 


     Representation #  41 mode #  41

     Self-consistent Calculation

      iter #   1 total cpu time : 27875.0 secs   av.it.:   3.9
      thresh= 1.000E-02 alpha_mix =  0.700 |ddv_scf|^2 =  5.623E-09

      iter #   2 total cpu time : 27976.0 secs   av.it.:  15.7
      thresh= 7.498E-06 alpha_mix =  0.700 |ddv_scf|^2 =  3.538E-09

      iter #   3 total cpu time : 28074.1 secs   av.it.:  14.9
      thresh= 5.948E-06 alpha_mix =  0.700 |ddv_scf|^2 =  2.878E-12

      iter #   4 total cpu time : 28178.6 secs   av.it.:  15.9
      thresh= 1.697E-07 alpha_mix =  0.700 |ddv_scf|^2 =  4.816E-13

      iter #   5 total cpu time : 28277.9 secs   av.it.:  15.3
      thresh= 6.940E-08 alpha_mix =  0.700 |ddv_scf|^2 =  4.338E-14

      iter #   6 total cpu time : 28375.0 secs   av.it.:  15.0
      thresh= 2.083E-08 alpha_mix =  0.700 |ddv_scf|^2 =  9.284E-16

     End of self-consistent calculation

     Convergence has been achieved 


     Representation #  42 mode #  42

     Self-consistent Calculation

      iter #   1 total cpu time : 28444.8 secs   av.it.:   3.0
      thresh= 1.000E-02 alpha_mix =  0.700 |ddv_scf|^2 =  5.499E-10

      iter #   2 total cpu time : 28548.3 secs   av.it.:  15.9
      thresh= 2.345E-06 alpha_mix =  0.700 |ddv_scf|^2 =  2.993E-10

      iter #   3 total cpu time : 28646.9 secs   av.it.:  15.0
      thresh= 1.730E-06 alpha_mix =  0.700 |ddv_scf|^2 =  5.059E-12

      iter #   4 total cpu time : 28747.3 secs   av.it.:  15.3
      thresh= 2.249E-07 alpha_mix =  0.700 |ddv_scf|^2 =  4.742E-13

      iter #   5 total cpu time : 28847.6 secs   av.it.:  15.4
      thresh= 6.886E-08 alpha_mix =  0.700 |ddv_scf|^2 =  1.795E-14

      iter #   6 total cpu time : 28948.0 secs   av.it.:  15.4
      thresh= 1.340E-08 alpha_mix =  0.700 |ddv_scf|^2 =  1.213E-15

     End of self-consistent calculation

     Convergence has been achieved 


     Representation #  43 mode #  43

     Self-consistent Calculation

      iter #   1 total cpu time : 29037.0 secs   av.it.:   6.3
      thresh= 1.000E-02 alpha_mix =  0.700 |ddv_scf|^2 =  6.577E-08

      iter #   2 total cpu time : 29138.6 secs   av.it.:  15.7
      thresh= 2.565E-05 alpha_mix =  0.700 |ddv_scf|^2 =  2.089E-08

      iter #   3 total cpu time : 29238.2 secs   av.it.:  15.3
      thresh= 1.445E-05 alpha_mix =  0.700 |ddv_scf|^2 =  1.903E-10

      iter #   4 total cpu time : 29338.5 secs   av.it.:  15.4
      thresh= 1.379E-06 alpha_mix =  0.700 |ddv_scf|^2 =  2.042E-11

      iter #   5 total cpu time : 29438.0 secs   av.it.:  15.2
      thresh= 4.518E-07 alpha_mix =  0.700 |ddv_scf|^2 =  4.664E-13

      iter #   6 total cpu time : 29540.9 secs   av.it.:  15.9
      thresh= 6.829E-08 alpha_mix =  0.700 |ddv_scf|^2 =  2.161E-14

      iter #   7 total cpu time : 29641.1 secs   av.it.:  15.4
      thresh= 1.470E-08 alpha_mix =  0.700 |ddv_scf|^2 =  1.620E-15

     End of self-consistent calculation

     Convergence has been achieved 


     Representation #  44 mode #  44

     Self-consistent Calculation

      iter #   1 total cpu time : 29724.7 secs   av.it.:   4.1
      thresh= 1.000E-02 alpha_mix =  0.700 |ddv_scf|^2 =  4.824E-09

      iter #   2 total cpu time : 29829.4 secs   av.it.:  16.0
      thresh= 6.945E-06 alpha_mix =  0.700 |ddv_scf|^2 =  3.749E-10

      iter #   3 total cpu time : 29932.0 secs   av.it.:  15.9
      thresh= 1.936E-06 alpha_mix =  0.700 |ddv_scf|^2 =  9.400E-12

      iter #   4 total cpu time : 30034.8 secs   av.it.:  15.9
      thresh= 3.066E-07 alpha_mix =  0.700 |ddv_scf|^2 =  1.647E-12

      iter #   5 total cpu time : 30137.0 secs   av.it.:  15.9
      thresh= 1.283E-07 alpha_mix =  0.700 |ddv_scf|^2 =  9.080E-14

      iter #   6 total cpu time : 30236.6 secs   av.it.:  15.1
      thresh= 3.013E-08 alpha_mix =  0.700 |ddv_scf|^2 =  3.537E-15

     End of self-consistent calculation

     Convergence has been achieved 


     Representation #  45 mode #  45

     Self-consistent Calculation

      iter #   1 total cpu time : 30326.9 secs   av.it.:   3.0
      thresh= 1.000E-02 alpha_mix =  0.700 |ddv_scf|^2 =  1.190E-09

      iter #   2 total cpu time : 30431.1 secs   av.it.:  16.0
      thresh= 3.449E-06 alpha_mix =  0.700 |ddv_scf|^2 =  4.130E-10

      iter #   3 total cpu time : 30530.8 secs   av.it.:  15.0
      thresh= 2.032E-06 alpha_mix =  0.700 |ddv_scf|^2 =  1.068E-11

      iter #   4 total cpu time : 30633.2 secs   av.it.:  15.4
      thresh= 3.268E-07 alpha_mix =  0.700 |ddv_scf|^2 =  3.051E-13

      iter #   5 total cpu time : 30736.2 secs   av.it.:  15.8
      thresh= 5.524E-08 alpha_mix =  0.700 |ddv_scf|^2 =  2.061E-14

      iter #   6 total cpu time : 30837.3 secs   av.it.:  15.5
      thresh= 1.436E-08 alpha_mix =  0.700 |ddv_scf|^2 =  1.213E-15

     End of self-consistent calculation

     Convergence has been achieved 


     Representation #  46 mode #  46

     Self-consistent Calculation

      iter #   1 total cpu time : 30907.4 secs   av.it.:   3.0
      thresh= 1.000E-02 alpha_mix =  0.700 |ddv_scf|^2 =  3.837E-10

      iter #   2 total cpu time : 31012.3 secs   av.it.:  16.0
      thresh= 1.959E-06 alpha_mix =  0.700 |ddv_scf|^2 =  8.151E-11

      iter #   3 total cpu time : 31113.4 secs   av.it.:  15.7
      thresh= 9.028E-07 alpha_mix =  0.700 |ddv_scf|^2 =  1.414E-11

      iter #   4 total cpu time : 31211.9 secs   av.it.:  15.0
      thresh= 3.760E-07 alpha_mix =  0.700 |ddv_scf|^2 =  1.546E-13

      iter #   5 total cpu time : 31319.4 secs   av.it.:  16.1
      thresh= 3.932E-08 alpha_mix =  0.700 |ddv_scf|^2 =  1.016E-14

      iter #   6 total cpu time : 31427.4 secs   av.it.:  15.9
      thresh= 1.008E-08 alpha_mix =  0.700 |ddv_scf|^2 =  7.987E-16

     End of self-consistent calculation

     Convergence has been achieved 


     Representation #  47 modes #  47  48

     Self-consistent Calculation

      iter #   1 total cpu time : 31541.0 secs   av.it.:   3.1
      thresh= 1.000E-02 alpha_mix =  0.700 |ddv_scf|^2 =  4.686E-10

      iter #   2 total cpu time : 31753.6 secs   av.it.:  16.9
      thresh= 2.165E-06 alpha_mix =  0.700 |ddv_scf|^2 =  3.445E-10

      iter #   3 total cpu time : 31958.2 secs   av.it.:  15.9
      thresh= 1.856E-06 alpha_mix =  0.700 |ddv_scf|^2 =  1.032E-12

      iter #   4 total cpu time : 32178.1 secs   av.it.:  17.0
      thresh= 1.016E-07 alpha_mix =  0.700 |ddv_scf|^2 =  1.094E-13

      iter #   5 total cpu time : 32393.5 secs   av.it.:  16.9
      thresh= 3.307E-08 alpha_mix =  0.700 |ddv_scf|^2 =  3.153E-15

     End of self-consistent calculation

     Convergence has been achieved 


     Representation #  48 mode #  49

     Self-consistent Calculation

      iter #   1 total cpu time : 32491.6 secs   av.it.:   3.0
      thresh= 1.000E-02 alpha_mix =  0.700 |ddv_scf|^2 =  1.022E-09

      iter #   2 total cpu time : 32595.5 secs   av.it.:  16.0
      thresh= 3.196E-06 alpha_mix =  0.700 |ddv_scf|^2 =  5.511E-10

      iter #   3 total cpu time : 32693.9 secs   av.it.:  14.9
      thresh= 2.348E-06 alpha_mix =  0.700 |ddv_scf|^2 =  6.299E-12

      iter #   4 total cpu time : 32794.6 secs   av.it.:  15.7
      thresh= 2.510E-07 alpha_mix =  0.700 |ddv_scf|^2 =  3.117E-13

      iter #   5 total cpu time : 32899.0 secs   av.it.:  16.0
      thresh= 5.583E-08 alpha_mix =  0.700 |ddv_scf|^2 =  1.640E-14

      iter #   6 total cpu time : 33002.3 secs   av.it.:  16.0
      thresh= 1.281E-08 alpha_mix =  0.700 |ddv_scf|^2 =  9.196E-16

     End of self-consistent calculation

     Convergence has been achieved 


     Representation #  49 mode #  50

     Self-consistent Calculation

      iter #   1 total cpu time : 33080.7 secs   av.it.:   4.1
      thresh= 1.000E-02 alpha_mix =  0.700 |ddv_scf|^2 =  7.241E-09

      iter #   2 total cpu time : 33185.0 secs   av.it.:  16.0
      thresh= 8.509E-06 alpha_mix =  0.700 |ddv_scf|^2 =  2.059E-09

      iter #   3 total cpu time : 33284.6 secs   av.it.:  15.0
      thresh= 4.538E-06 alpha_mix =  0.700 |ddv_scf|^2 =  9.185E-11

      iter #   4 total cpu time : 33385.2 secs   av.it.:  15.2
      thresh= 9.584E-07 alpha_mix =  0.700 |ddv_scf|^2 =  2.124E-12

      iter #   5 total cpu time : 33490.0 secs   av.it.:  15.8
      thresh= 1.457E-07 alpha_mix =  0.700 |ddv_scf|^2 =  3.153E-13

      iter #   6 total cpu time : 33595.1 secs   av.it.:  15.4
      thresh= 5.615E-08 alpha_mix =  0.700 |ddv_scf|^2 =  1.353E-15

     End of self-consistent calculation

     Convergence has been achieved 


     Representation #  50 mode #  51

     Self-consistent Calculation

      iter #   1 total cpu time : 33687.4 secs   av.it.:   3.3
      thresh= 1.000E-02 alpha_mix =  0.700 |ddv_scf|^2 =  1.899E-09

      iter #   2 total cpu time : 33792.7 secs   av.it.:  15.9
      thresh= 4.357E-06 alpha_mix =  0.700 |ddv_scf|^2 =  1.414E-09

      iter #   3 total cpu time : 33891.5 secs   av.it.:  14.9
      thresh= 3.761E-06 alpha_mix =  0.700 |ddv_scf|^2 =  3.036E-12

      iter #   4 total cpu time : 33998.6 secs   av.it.:  16.3
      thresh= 1.742E-07 alpha_mix =  0.700 |ddv_scf|^2 =  4.857E-13

      iter #   5 total cpu time : 34102.6 secs   av.it.:  16.0
      thresh= 6.969E-08 alpha_mix =  0.700 |ddv_scf|^2 =  2.548E-14

      iter #   6 total cpu time : 34204.5 secs   av.it.:  15.8
      thresh= 1.596E-08 alpha_mix =  0.700 |ddv_scf|^2 =  2.835E-15

     End of self-consistent calculation

     Convergence has been achieved 


     Representation #  51 mode #  52

     Self-consistent Calculation

      iter #   1 total cpu time : 34277.5 secs   av.it.:   3.0
      thresh= 1.000E-02 alpha_mix =  0.700 |ddv_scf|^2 =  1.818E-09

      iter #   2 total cpu time : 34385.4 secs   av.it.:  15.9
      thresh= 4.264E-06 alpha_mix =  0.700 |ddv_scf|^2 =  8.979E-10

      iter #   3 total cpu time : 34487.9 secs   av.it.:  15.0
      thresh= 2.996E-06 alpha_mix =  0.700 |ddv_scf|^2 =  8.318E-12

      iter #   4 total cpu time : 34593.8 secs   av.it.:  15.7
      thresh= 2.884E-07 alpha_mix =  0.700 |ddv_scf|^2 =  4.351E-13

      iter #   5 total cpu time : 34700.5 secs   av.it.:  15.9
      thresh= 6.596E-08 alpha_mix =  0.700 |ddv_scf|^2 =  5.099E-14

      iter #   6 total cpu time : 34805.6 secs   av.it.:  15.4
      thresh= 2.258E-08 alpha_mix =  0.700 |ddv_scf|^2 =  1.726E-15

     End of self-consistent calculation

     Convergence has been achieved 


     Representation #  52 mode #  53

     Self-consistent Calculation

      iter #   1 total cpu time : 34879.0 secs   av.it.:   3.0
      thresh= 1.000E-02 alpha_mix =  0.700 |ddv_scf|^2 =  1.141E-09

      iter #   2 total cpu time : 34988.7 secs   av.it.:  16.0
      thresh= 3.379E-06 alpha_mix =  0.700 |ddv_scf|^2 =  5.132E-10

      iter #   3 total cpu time : 35093.3 secs   av.it.:  15.1
      thresh= 2.265E-06 alpha_mix =  0.700 |ddv_scf|^2 =  6.819E-12

      iter #   4 total cpu time : 35199.7 secs   av.it.:  15.9
      thresh= 2.611E-07 alpha_mix =  0.700 |ddv_scf|^2 =  7.229E-13

      iter #   5 total cpu time : 35304.5 secs   av.it.:  15.2
      thresh= 8.502E-08 alpha_mix =  0.700 |ddv_scf|^2 =  5.154E-14

      iter #   6 total cpu time : 35410.0 secs   av.it.:  15.6
      thresh= 2.270E-08 alpha_mix =  0.700 |ddv_scf|^2 =  1.698E-15

     End of self-consistent calculation

     Convergence has been achieved 


     Representation #  53 mode #  54

     Self-consistent Calculation

      iter #   1 total cpu time : 35481.4 secs   av.it.:   3.0
      thresh= 1.000E-02 alpha_mix =  0.700 |ddv_scf|^2 =  4.364E-10

      iter #   2 total cpu time : 35591.0 secs   av.it.:  16.0
      thresh= 2.089E-06 alpha_mix =  0.700 |ddv_scf|^2 =  7.857E-11

      iter #   3 total cpu time : 35698.2 secs   av.it.:  15.9
      thresh= 8.864E-07 alpha_mix =  0.700 |ddv_scf|^2 =  7.004E-12

      iter #   4 total cpu time : 35803.9 secs   av.it.:  15.5
      thresh= 2.647E-07 alpha_mix =  0.700 |ddv_scf|^2 =  2.190E-13

      iter #   5 total cpu time : 35907.7 secs   av.it.:  15.9
      thresh= 4.680E-08 alpha_mix =  0.700 |ddv_scf|^2 =  3.328E-14

      iter #   6 total cpu time : 36010.7 secs   av.it.:  15.0
      thresh= 1.824E-08 alpha_mix =  0.700 |ddv_scf|^2 =  1.580E-15

     End of self-consistent calculation

     Convergence has been achieved 


     Representation #  54 mode #  55

     Self-consistent Calculation

      iter #   1 total cpu time : 36082.8 secs   av.it.:   3.0
      thresh= 1.000E-02 alpha_mix =  0.700 |ddv_scf|^2 =  2.223E-09

      iter #   2 total cpu time : 36185.7 secs   av.it.:  15.9
      thresh= 4.714E-06 alpha_mix =  0.700 |ddv_scf|^2 =  1.198E-09

      iter #   3 total cpu time : 36284.1 secs   av.it.:  14.9
      thresh= 3.461E-06 alpha_mix =  0.700 |ddv_scf|^2 =  6.634E-12

      iter #   4 total cpu time : 36386.4 secs   av.it.:  15.6
      thresh= 2.576E-07 alpha_mix =  0.700 |ddv_scf|^2 =  7.094E-13

      iter #   5 total cpu time : 36488.5 secs   av.it.:  15.6
      thresh= 8.423E-08 alpha_mix =  0.700 |ddv_scf|^2 =  2.413E-14

      iter #   6 total cpu time : 36593.0 secs   av.it.:  15.9
      thresh= 1.553E-08 alpha_mix =  0.700 |ddv_scf|^2 =  2.004E-15

     End of self-consistent calculation

     Convergence has been achieved 


     Representation #  55 mode #  56

     Self-consistent Calculation

      iter #   1 total cpu time : 36684.1 secs   av.it.:   6.5
      thresh= 1.000E-02 alpha_mix =  0.700 |ddv_scf|^2 =  1.791E-07

      iter #   2 total cpu time : 36784.5 secs   av.it.:  15.4
      thresh= 4.231E-05 alpha_mix =  0.700 |ddv_scf|^2 =  1.234E-07

      iter #   3 total cpu time : 36881.2 secs   av.it.:  14.8
      thresh= 3.513E-05 alpha_mix =  0.700 |ddv_scf|^2 =  9.208E-11

      iter #   4 total cpu time : 36983.2 secs   av.it.:  15.9
      thresh= 9.596E-07 alpha_mix =  0.700 |ddv_scf|^2 =  1.949E-11

      iter #   5 total cpu time : 37081.7 secs   av.it.:  15.7
      thresh= 4.414E-07 alpha_mix =  0.700 |ddv_scf|^2 =  6.628E-13

      iter #   6 total cpu time : 37179.4 secs   av.it.:  15.7
      thresh= 8.141E-08 alpha_mix =  0.700 |ddv_scf|^2 =  2.697E-14

      iter #   7 total cpu time : 37276.4 secs   av.it.:  14.9
      thresh= 1.642E-08 alpha_mix =  0.700 |ddv_scf|^2 =  1.137E-15

     End of self-consistent calculation

     Convergence has been achieved 


     Representation #  56 mode #  57

     Self-consistent Calculation

      iter #   1 total cpu time : 37359.6 secs   av.it.:   5.0
      thresh= 1.000E-02 alpha_mix =  0.700 |ddv_scf|^2 =  2.344E-08

      iter #   2 total cpu time : 37458.9 secs   av.it.:  15.8
      thresh= 1.531E-05 alpha_mix =  0.700 |ddv_scf|^2 =  1.354E-08

      iter #   3 total cpu time : 37551.7 secs   av.it.:  14.9
      thresh= 1.164E-05 alpha_mix =  0.700 |ddv_scf|^2 =  4.799E-11

      iter #   4 total cpu time : 37650.1 secs   av.it.:  15.9
      thresh= 6.927E-07 alpha_mix =  0.700 |ddv_scf|^2 =  4.084E-12

      iter #   5 total cpu time : 37748.1 secs   av.it.:  15.9
      thresh= 2.021E-07 alpha_mix =  0.700 |ddv_scf|^2 =  6.698E-13

      iter #   6 total cpu time : 37845.9 secs   av.it.:  15.8
      thresh= 8.184E-08 alpha_mix =  0.700 |ddv_scf|^2 =  5.397E-15

     End of self-consistent calculation

     Convergence has been achieved 


     Representation #  57 mode #  58

     Self-consistent Calculation

      iter #   1 total cpu time : 37934.8 secs   av.it.:   3.0
      thresh= 1.000E-02 alpha_mix =  0.700 |ddv_scf|^2 =  8.307E-10

      iter #   2 total cpu time : 38037.4 secs   av.it.:  15.9
      thresh= 2.882E-06 alpha_mix =  0.700 |ddv_scf|^2 =  4.081E-10

      iter #   3 total cpu time : 38135.5 secs   av.it.:  15.0
      thresh= 2.020E-06 alpha_mix =  0.700 |ddv_scf|^2 =  6.527E-12

      iter #   4 total cpu time : 38235.6 secs   av.it.:  15.4
      thresh= 2.555E-07 alpha_mix =  0.700 |ddv_scf|^2 =  1.798E-13

      iter #   5 total cpu time : 38337.1 secs   av.it.:  16.0
      thresh= 4.240E-08 alpha_mix =  0.700 |ddv_scf|^2 =  1.139E-14

      iter #   6 total cpu time : 38436.6 secs   av.it.:  15.9
      thresh= 1.067E-08 alpha_mix =  0.700 |ddv_scf|^2 =  1.024E-15

     End of self-consistent calculation

     Convergence has been achieved 


     Representation #  58 mode #  59

     Self-consistent Calculation

      iter #   1 total cpu time : 38506.1 secs   av.it.:   3.0
      thresh= 1.000E-02 alpha_mix =  0.700 |ddv_scf|^2 =  1.151E-09

      iter #   2 total cpu time : 38611.1 secs   av.it.:  16.0
      thresh= 3.392E-06 alpha_mix =  0.700 |ddv_scf|^2 =  4.901E-10

      iter #   3 total cpu time : 38708.8 secs   av.it.:  15.0
      thresh= 2.214E-06 alpha_mix =  0.700 |ddv_scf|^2 =  8.798E-12

      iter #   4 total cpu time : 38810.1 secs   av.it.:  15.3
      thresh= 2.966E-07 alpha_mix =  0.700 |ddv_scf|^2 =  3.782E-13

      iter #   5 total cpu time : 38912.5 secs   av.it.:  15.9
      thresh= 6.150E-08 alpha_mix =  0.700 |ddv_scf|^2 =  4.069E-14

      iter #   6 total cpu time : 39013.8 secs   av.it.:  15.6
      thresh= 2.017E-08 alpha_mix =  0.700 |ddv_scf|^2 =  1.780E-15

     End of self-consistent calculation

     Convergence has been achieved 


     Representation #  59 mode #  60

     Self-consistent Calculation

      iter #   1 total cpu time : 39085.6 secs   av.it.:   3.0
      thresh= 1.000E-02 alpha_mix =  0.700 |ddv_scf|^2 =  1.502E-09

      iter #   2 total cpu time : 39189.5 secs   av.it.:  16.0
      thresh= 3.876E-06 alpha_mix =  0.700 |ddv_scf|^2 =  9.645E-10

      iter #   3 total cpu time : 39288.5 secs   av.it.:  15.0
      thresh= 3.106E-06 alpha_mix =  0.700 |ddv_scf|^2 =  4.105E-12

      iter #   4 total cpu time : 39392.8 secs   av.it.:  16.0
      thresh= 2.026E-07 alpha_mix =  0.700 |ddv_scf|^2 =  1.140E-12

      iter #   5 total cpu time : 39493.0 secs   av.it.:  15.3
      thresh= 1.068E-07 alpha_mix =  0.700 |ddv_scf|^2 =  3.717E-14

      iter #   6 total cpu time : 39594.3 secs   av.it.:  15.9
      thresh= 1.928E-08 alpha_mix =  0.700 |ddv_scf|^2 =  2.820E-15

     End of self-consistent calculation

     Convergence has been achieved 


     Representation #  60 mode #  61

     Self-consistent Calculation

      iter #   1 total cpu time : 39667.9 secs   av.it.:   3.4
      thresh= 1.000E-02 alpha_mix =  0.700 |ddv_scf|^2 =  5.761E-09

      iter #   2 total cpu time : 39769.5 secs   av.it.:  15.6
      thresh= 7.590E-06 alpha_mix =  0.700 |ddv_scf|^2 =  3.446E-09

      iter #   3 total cpu time : 39866.7 secs   av.it.:  14.9
      thresh= 5.870E-06 alpha_mix =  0.700 |ddv_scf|^2 =  8.635E-12

      iter #   4 total cpu time : 39965.9 secs   av.it.:  15.1
      thresh= 2.939E-07 alpha_mix =  0.700 |ddv_scf|^2 =  8.109E-13

      iter #   5 total cpu time : 40067.0 secs   av.it.:  15.7
      thresh= 9.005E-08 alpha_mix =  0.700 |ddv_scf|^2 =  9.129E-14

      iter #   6 total cpu time : 40165.6 secs   av.it.:  15.0
      thresh= 3.021E-08 alpha_mix =  0.700 |ddv_scf|^2 =  1.381E-15

     End of self-consistent calculation

     Convergence has been achieved 


     Representation #  61 mode #  62

     Self-consistent Calculation

      iter #   1 total cpu time : 40243.7 secs   av.it.:   4.3
      thresh= 1.000E-02 alpha_mix =  0.700 |ddv_scf|^2 =  6.237E-09

      iter #   2 total cpu time : 40347.4 secs   av.it.:  15.9
      thresh= 7.897E-06 alpha_mix =  0.700 |ddv_scf|^2 =  2.064E-09

      iter #   3 total cpu time : 40446.1 secs   av.it.:  15.0
      thresh= 4.543E-06 alpha_mix =  0.700 |ddv_scf|^2 =  7.405E-11

      iter #   4 total cpu time : 40545.5 secs   av.it.:  15.0
      thresh= 8.605E-07 alpha_mix =  0.700 |ddv_scf|^2 =  2.523E-12

      iter #   5 total cpu time : 40648.0 secs   av.it.:  15.8
      thresh= 1.588E-07 alpha_mix =  0.700 |ddv_scf|^2 =  4.606E-13

      iter #   6 total cpu time : 40750.1 secs   av.it.:  15.5
      thresh= 6.786E-08 alpha_mix =  0.700 |ddv_scf|^2 =  4.147E-15

     End of self-consistent calculation

     Convergence has been achieved 


     Representation #  62 mode #  63

     Self-consistent Calculation

      iter #   1 total cpu time : 40856.9 secs   av.it.:   6.0
      thresh= 1.000E-02 alpha_mix =  0.700 |ddv_scf|^2 =  9.590E-08

      iter #   2 total cpu time : 40957.6 secs   av.it.:  15.5
      thresh= 3.097E-05 alpha_mix =  0.700 |ddv_scf|^2 =  3.630E-08

      iter #   3 total cpu time : 41055.5 secs   av.it.:  14.9
      thresh= 1.905E-05 alpha_mix =  0.700 |ddv_scf|^2 =  4.815E-10

      iter #   4 total cpu time : 41154.8 secs   av.it.:  15.0
      thresh= 2.194E-06 alpha_mix =  0.700 |ddv_scf|^2 =  1.320E-11

      iter #   5 total cpu time : 41255.6 secs   av.it.:  15.6
      thresh= 3.633E-07 alpha_mix =  0.700 |ddv_scf|^2 =  9.513E-13

      iter #   6 total cpu time : 41355.5 secs   av.it.:  15.3
      thresh= 9.753E-08 alpha_mix =  0.700 |ddv_scf|^2 =  8.257E-14

      iter #   7 total cpu time : 41448.4 secs   av.it.:  14.6
      thresh= 2.874E-08 alpha_mix =  0.700 |ddv_scf|^2 =  5.702E-15

     End of self-consistent calculation

     Convergence has been achieved 


     Representation #  63 mode #  64

     Self-consistent Calculation

      iter #   1 total cpu time : 41525.4 secs   av.it.:   3.8
      thresh= 1.000E-02 alpha_mix =  0.700 |ddv_scf|^2 =  2.298E-09

      iter #   2 total cpu time : 41625.8 secs   av.it.:  16.0
      thresh= 4.793E-06 alpha_mix =  0.700 |ddv_scf|^2 =  9.402E-10

      iter #   3 total cpu time : 41722.5 secs   av.it.:  15.5
      thresh= 3.066E-06 alpha_mix =  0.700 |ddv_scf|^2 =  3.387E-12

      iter #   4 total cpu time : 41821.4 secs   av.it.:  15.9
      thresh= 1.840E-07 alpha_mix =  0.700 |ddv_scf|^2 =  1.301E-13

      iter #   5 total cpu time : 41921.4 secs   av.it.:  16.0
      thresh= 3.608E-08 alpha_mix =  0.700 |ddv_scf|^2 =  6.347E-15

     End of self-consistent calculation

     Convergence has been achieved 


     Representation #  64 mode #  65

     Self-consistent Calculation

      iter #   1 total cpu time : 41991.2 secs   av.it.:   3.0
      thresh= 1.000E-02 alpha_mix =  0.700 |ddv_scf|^2 =  9.257E-10

      iter #   2 total cpu time : 42096.0 secs   av.it.:  16.0
      thresh= 3.043E-06 alpha_mix =  0.700 |ddv_scf|^2 =  3.043E-10

      iter #   3 total cpu time : 42197.8 secs   av.it.:  15.4
      thresh= 1.744E-06 alpha_mix =  0.700 |ddv_scf|^2 =  8.130E-12

      iter #   4 total cpu time : 42299.3 secs   av.it.:  15.4
      thresh= 2.851E-07 alpha_mix =  0.700 |ddv_scf|^2 =  5.725E-13

      iter #   5 total cpu time : 42399.5 secs   av.it.:  15.3
      thresh= 7.566E-08 alpha_mix =  0.700 |ddv_scf|^2 =  3.982E-14

      iter #   6 total cpu time : 42499.8 secs   av.it.:  15.3
      thresh= 1.995E-08 alpha_mix =  0.700 |ddv_scf|^2 =  2.618E-15

     End of self-consistent calculation

     Convergence has been achieved 


     Representation #  65 mode #  66

     Self-consistent Calculation

      iter #   1 total cpu time : 42571.2 secs   av.it.:   3.0
      thresh= 1.000E-02 alpha_mix =  0.700 |ddv_scf|^2 =  1.310E-09

      iter #   2 total cpu time : 42673.5 secs   av.it.:  16.0
      thresh= 3.620E-06 alpha_mix =  0.700 |ddv_scf|^2 =  6.089E-10

      iter #   3 total cpu time : 42771.1 secs   av.it.:  15.1
      thresh= 2.468E-06 alpha_mix =  0.700 |ddv_scf|^2 =  4.913E-12

      iter #   4 total cpu time : 42871.4 secs   av.it.:  15.9
      thresh= 2.216E-07 alpha_mix =  0.700 |ddv_scf|^2 =  7.984E-13

      iter #   5 total cpu time : 42969.1 secs   av.it.:  15.0
      thresh= 8.935E-08 alpha_mix =  0.700 |ddv_scf|^2 =  4.788E-14

      iter #   6 total cpu time : 43074.0 secs   av.it.:  15.4
      thresh= 2.188E-08 alpha_mix =  0.700 |ddv_scf|^2 =  1.986E-15

     End of self-consistent calculation

     Convergence has been achieved 

     Number of q in the star =    1
     List of q in the star:
          1   0.000000000   0.000000000   0.000000000

          Dielectric constant in cartesian axis 

          (       2.817255815       0.000000000       0.000000000 )
          (       0.000000000       2.840906241       0.000000000 )
          (       0.000000000       0.000000000       3.063877607 )

          Effective charges (d Force / dE) in cartesian axis without acoustic sum rule applied (asr)

           atom    1  Ba    Mean Z*:        2.58535
      Ex  (        2.37651       -0.05380        0.00000 )
      Ey  (        0.21047        2.37776        0.00000 )
      Ez  (        0.00000        0.00000        3.00177 )
           atom    2  Ba    Mean Z*:        2.58535
      Ex  (        2.37651        0.05380        0.00000 )
      Ey  (       -0.21047        2.37776        0.00000 )
      Ez  (        0.00000        0.00000        3.00177 )
           atom    3  B     Mean Z*:       -0.07246
      Ex  (       -0.07894        0.00380       -0.00000 )
      Ey  (        0.12939        0.03771        0.00001 )
      Ez  (        0.00000        0.00001       -0.17614 )
           atom    4  B     Mean Z*:       -0.07246
      Ex  (       -0.07894        0.00380        0.00000 )
      Ey  (        0.12939        0.03771       -0.00001 )
      Ez  (       -0.00000       -0.00001       -0.17614 )
           atom    5  B     Mean Z*:       -0.07246
      Ex  (       -0.07894       -0.00380        0.00000 )
      Ey  (       -0.12939        0.03771        0.00001 )
      Ez  (       -0.00000        0.00001       -0.17614 )
           atom    6  B     Mean Z*:       -0.07246
      Ex  (       -0.07894       -0.00380       -0.00000 )
      Ey  (       -0.12939        0.03771       -0.00001 )
      Ez  (        0.00000       -0.00001       -0.17614 )
           atom    7  H     Mean Z*:       -0.31609
      Ex  (       -0.46469        0.10984       -0.00001 )
      Ey  (        0.12712       -0.22299       -0.00000 )
      Ez  (       -0.00001        0.00000       -0.26057 )
           atom    8  H     Mean Z*:       -0.31609
      Ex  (       -0.46469        0.10984        0.00001 )
      Ey  (        0.12712       -0.22299        0.00000 )
      Ez  (        0.00001       -0.00000       -0.26057 )
           atom    9  H     Mean Z*:       -0.31609
      Ex  (       -0.46469       -0.10984        0.00001 )
      Ey  (       -0.12712       -0.22299       -0.00000 )
      Ez  (        0.00001        0.00000       -0.26057 )
           atom   10  H     Mean Z*:       -0.31609
      Ex  (       -0.46469       -0.10984       -0.00001 )
      Ey  (       -0.12712       -0.22299        0.00000 )
      Ez  (       -0.00001       -0.00000       -0.26057 )
           atom   11  H     Mean Z*:       -0.31287
      Ex  (       -0.19672        0.03977        0.00000 )
      Ey  (       -0.05935       -0.47285        0.00001 )
      Ez  (        0.00001        0.00002       -0.26904 )
           atom   12  H     Mean Z*:       -0.31287
      Ex  (       -0.19672        0.03977       -0.00000 )
      Ey  (       -0.05935       -0.47285       -0.00001 )
      Ez  (       -0.00001       -0.00002       -0.26904 )
           atom   13  H     Mean Z*:       -0.31287
      Ex  (       -0.19672       -0.03977       -0.00000 )
      Ey  (        0.05935       -0.47285        0.00001 )
      Ez  (       -0.00001        0.00002       -0.26904 )
           atom   14  H     Mean Z*:       -0.31287
      Ex  (       -0.19672       -0.03977        0.00000 )
      Ey  (        0.05935       -0.47285       -0.00001 )
      Ez  (        0.00001       -0.00002       -0.26904 )
           atom   15  H     Mean Z*:       -0.29532
      Ex  (       -0.22391        0.17422        0.08819 )
      Ey  (        0.14247       -0.26458       -0.09957 )
      Ez  (        0.05717       -0.10174       -0.39748 )
           atom   16  H     Mean Z*:       -0.29532
      Ex  (       -0.22391        0.17422       -0.08819 )
      Ey  (        0.14247       -0.26458        0.09957 )
      Ez  (       -0.05717        0.10174       -0.39748 )
           atom   17  H     Mean Z*:       -0.29532
      Ex  (       -0.22391       -0.17422       -0.08819 )
      Ey  (       -0.14247       -0.26458       -0.09957 )
      Ez  (       -0.05717       -0.10174       -0.39748 )
           atom   18  H     Mean Z*:       -0.29532
      Ex  (       -0.22391       -0.17422        0.08819 )
      Ey  (       -0.14247       -0.26458        0.09957 )
      Ez  (        0.05717        0.10174       -0.39748 )
           atom   19  H     Mean Z*:       -0.29530
      Ex  (       -0.22391        0.17421        0.08818 )
      Ey  (        0.14246       -0.26456       -0.09955 )
      Ez  (        0.05716       -0.10172       -0.39745 )
           atom   20  H     Mean Z*:       -0.29530
      Ex  (       -0.22391        0.17421       -0.08818 )
      Ey  (        0.14246       -0.26456        0.09955 )
      Ez  (       -0.05716        0.10172       -0.39745 )
           atom   21  H     Mean Z*:       -0.29530
      Ex  (       -0.22391       -0.17421       -0.08818 )
      Ey  (       -0.14246       -0.26456       -0.09955 )
      Ez  (       -0.05716       -0.10172       -0.39745 )
           atom   22  H     Mean Z*:       -0.29530
      Ex  (       -0.22391       -0.17421        0.08818 )
      Ey  (       -0.14246       -0.26456        0.09955 )
      Ez  (        0.05716        0.10172       -0.39745 )

          Effective charges Sum: Mean:        0.00251
              0.00031        0.00000        0.00000
              0.00000        0.00644        0.00000
             -0.00000        0.00000        0.00077

          Effective charges (d Force / dE) in cartesian axis with asr applied: 
           atom    1  Ba    Mean Z*:        2.58523
      E*x (        2.37649       -0.05380        0.00000 )
      E*y (        0.21047        2.37747        0.00000 )
      E*z (        0.00000        0.00000        3.00173 )
           atom    2  Ba    Mean Z*:        2.58523
      E*x (        2.37649        0.05380        0.00000 )
      E*y (       -0.21047        2.37747        0.00000 )
      E*z (        0.00000        0.00000        3.00173 )
           atom    3  B     Mean Z*:       -0.07257
      E*x (       -0.07896        0.00380       -0.00000 )
      E*y (        0.12939        0.03742        0.00001 )
      E*z (        0.00000        0.00001       -0.17618 )
           atom    4  B     Mean Z*:       -0.07257
      E*x (       -0.07896        0.00380        0.00000 )
      E*y (        0.12939        0.03742       -0.00001 )
      E*z (       -0.00000       -0.00001       -0.17618 )
           atom    5  B     Mean Z*:       -0.07257
      E*x (       -0.07896       -0.00380        0.00000 )
      E*y (       -0.12939        0.03742        0.00001 )
      E*z (       -0.00000        0.00001       -0.17618 )
           atom    6  B     Mean Z*:       -0.07257
      E*x (       -0.07896       -0.00380       -0.00000 )
      E*y (       -0.12939        0.03742       -0.00001 )
      E*z (        0.00000       -0.00001       -0.17618 )
           atom    7  H     Mean Z*:       -0.31620
      E*x (       -0.46471        0.10984       -0.00001 )
      E*y (        0.12712       -0.22329       -0.00000 )
      E*z (       -0.00001        0.00000       -0.26061 )
           atom    8  H     Mean Z*:       -0.31620
      E*x (       -0.46471        0.10984        0.00001 )
      E*y (        0.12712       -0.22329        0.00000 )
      E*z (        0.00001       -0.00000       -0.26061 )
           atom    9  H     Mean Z*:       -0.31620
      E*x (       -0.46471       -0.10984        0.00001 )
      E*y (       -0.12712       -0.22329       -0.00000 )
      E*z (        0.00001        0.00000       -0.26061 )
           atom   10  H     Mean Z*:       -0.31620
      E*x (       -0.46471       -0.10984       -0.00001 )
      E*y (       -0.12712       -0.22329        0.00000 )
      E*z (       -0.00001       -0.00000       -0.26061 )
           atom   11  H     Mean Z*:       -0.31299
      E*x (       -0.19674        0.03977        0.00000 )
      E*y (       -0.05935       -0.47315        0.00001 )
      E*z (        0.00001        0.00002       -0.26908 )
           atom   12  H     Mean Z*:       -0.31299
      E*x (       -0.19674        0.03977       -0.00000 )
      E*y (       -0.05935       -0.47315       -0.00001 )
      E*z (       -0.00001       -0.00002       -0.26908 )
           atom   13  H     Mean Z*:       -0.31299
      E*x (       -0.19674       -0.03977       -0.00000 )
      E*y (        0.05935       -0.47315        0.00001 )
      E*z (       -0.00001        0.00002       -0.26908 )
           atom   14  H     Mean Z*:       -0.31299
      E*x (       -0.19674       -0.03977        0.00000 )
      E*y (        0.05935       -0.47315       -0.00001 )
      E*z (        0.00001       -0.00002       -0.26908 )
           atom   15  H     Mean Z*:       -0.29544
      E*x (       -0.22392        0.17422        0.08819 )
      E*y (        0.14247       -0.26488       -0.09957 )
      E*z (        0.05717       -0.10174       -0.39752 )
           atom   16  H     Mean Z*:       -0.29544
      E*x (       -0.22392        0.17422       -0.08819 )
      E*y (        0.14247       -0.26488        0.09957 )
      E*z (       -0.05717        0.10174       -0.39752 )
           atom   17  H     Mean Z*:       -0.29544
      E*x (       -0.22392       -0.17422       -0.08819 )
      E*y (       -0.14247       -0.26488       -0.09957 )
      E*z (       -0.05717       -0.10174       -0.39752 )
           atom   18  H     Mean Z*:       -0.29544
      E*x (       -0.22392       -0.17422        0.08819 )
      E*y (       -0.14247       -0.26488        0.09957 )
      E*z (        0.05717        0.10174       -0.39752 )
           atom   19  H     Mean Z*:       -0.29542
      E*x (       -0.22392        0.17421        0.08818 )
      E*y (        0.14246       -0.26485       -0.09955 )
      E*z (        0.05716       -0.10172       -0.39749 )
           atom   20  H     Mean Z*:       -0.29542
      E*x (       -0.22392        0.17421       -0.08818 )
      E*y (        0.14246       -0.26485        0.09955 )
      E*z (       -0.05716        0.10172       -0.39749 )
           atom   21  H     Mean Z*:       -0.29542
      E*x (       -0.22392       -0.17421       -0.08818 )
      E*y (       -0.14246       -0.26485       -0.09955 )
      E*z (       -0.05716       -0.10172       -0.39749 )
           atom   22  H     Mean Z*:       -0.29542
      E*x (       -0.22392       -0.17421        0.08818 )
      E*y (       -0.14246       -0.26485        0.09955 )
      E*z (        0.05716        0.10172       -0.39749 )

          Effective charges (d P / du) in cartesian axis 

           atom      1Ba    
      Px  (        2.37776       -0.05378        0.00000 )
      Py  (        0.20577        2.37636        0.00000 )
      Pz  (        0.00000        0.00000        3.00121 )
           atom      2Ba    
      Px  (        2.37776        0.05378        0.00000 )
      Py  (       -0.20577        2.37636        0.00000 )
      Pz  (        0.00000        0.00000        3.00121 )
           atom      3B     
      Px  (       -0.07893        0.00414        0.00037 )
      Py  (        0.12838        0.03775        0.00030 )
      Pz  (       -0.00036        0.00007       -0.17621 )
           atom      4B     
      Px  (       -0.07893        0.00414       -0.00037 )
      Py  (        0.12838        0.03775       -0.00030 )
      Pz  (        0.00036       -0.00007       -0.17621 )
           atom      5B     
      Px  (       -0.07893       -0.00414       -0.00037 )
      Py  (       -0.12838        0.03775        0.00030 )
      Pz  (        0.00036        0.00007       -0.17621 )
           atom      6B     
      Px  (       -0.07893       -0.00414        0.00037 )
      Py  (       -0.12838        0.03775       -0.00030 )
      Pz  (       -0.00036       -0.00007       -0.17621 )
           atom      7H     
      Px  (       -0.46460        0.10926       -0.00004 )
      Py  (        0.12760       -0.22336       -0.00003 )
      Pz  (        0.00004        0.00004       -0.26089 )
           atom      8H     
      Px  (       -0.46460        0.10926        0.00004 )
      Py  (        0.12760       -0.22336        0.00003 )
      Pz  (       -0.00004       -0.00004       -0.26089 )
           atom      9H     
      Px  (       -0.46460       -0.10926        0.00004 )
      Py  (       -0.12760       -0.22336       -0.00003 )
      Pz  (       -0.00004        0.00004       -0.26089 )
           atom     10H     
      Px  (       -0.46460       -0.10926       -0.00004 )
      Py  (       -0.12760       -0.22336        0.00003 )
      Pz  (        0.00004       -0.00004       -0.26089 )
           atom     11H     
      Px  (       -0.19680        0.03957        0.00012 )
      Py  (       -0.05964       -0.47394        0.00000 )
      Pz  (       -0.00026        0.00018       -0.27096 )
           atom     12H     
      Px  (       -0.19680        0.03957       -0.00012 )
      Py  (       -0.05964       -0.47394       -0.00000 )
      Pz  (        0.00026       -0.00018       -0.27096 )
           atom     13H     
      Px  (       -0.19680       -0.03957       -0.00012 )
      Py  (        0.05964       -0.47394        0.00000 )
      Pz  (        0.00026        0.00018       -0.27096 )
           atom     14H     
      Px  (       -0.19680       -0.03957        0.00012 )
      Py  (        0.05964       -0.47394       -0.00000 )
      Pz  (       -0.00026       -0.00018       -0.27096 )
           atom     15H     
      Px  (       -0.22390        0.17426        0.08798 )
      Py  (        0.14197       -0.26465       -0.09897 )
      Pz  (        0.05726       -0.10182       -0.39774 )
           atom     16H     
      Px  (       -0.22390        0.17426       -0.08798 )
      Py  (        0.14197       -0.26465        0.09897 )
      Pz  (       -0.05726        0.10182       -0.39774 )
           atom     17H     
      Px  (       -0.22390       -0.17426       -0.08798 )
      Py  (       -0.14197       -0.26465       -0.09897 )
      Pz  (       -0.05726       -0.10182       -0.39774 )
           atom     18H     
      Px  (       -0.22390       -0.17426        0.08798 )
      Py  (       -0.14197       -0.26465        0.09897 )
      Pz  (        0.05726        0.10182       -0.39774 )
           atom     19H     
      Px  (       -0.22556        0.17490        0.08962 )
      Py  (        0.14220       -0.26444       -0.09877 )
      Pz  (        0.05722       -0.10176       -0.39765 )
           atom     20H     
      Px  (       -0.22556        0.17490       -0.08962 )
      Py  (        0.14220       -0.26444        0.09877 )
      Pz  (       -0.05722        0.10176       -0.39765 )
           atom     21H     
      Px  (       -0.22556       -0.17490       -0.08962 )
      Py  (       -0.14220       -0.26444       -0.09877 )
      Pz  (       -0.05722       -0.10176       -0.39765 )
           atom     22H     
      Px  (       -0.22556       -0.17490        0.08962 )
      Py  (       -0.14220       -0.26444        0.09877 )
      Pz  (        0.05722        0.10176       -0.39765 )

     Diagonalizing the dynamical matrix

     q = (    0.000000000   0.000000000   0.000000000 ) 

 **************************************************************************
     freq (    1) =      -0.602673 [THz] =     -20.103021 [cm-1]
     freq (    2) =      -0.263614 [THz] =      -8.793221 [cm-1]
     freq (    3) =       0.317155 [THz] =      10.579156 [cm-1]
     freq (    4) =       1.836196 [THz] =      61.248904 [cm-1]
     freq (    5) =       2.183361 [THz] =      72.829091 [cm-1]
     freq (    6) =       2.250990 [THz] =      75.084958 [cm-1]
     freq (    7) =       2.615417 [THz] =      87.240937 [cm-1]
     freq (    8) =       4.316549 [THz] =     143.984583 [cm-1]
     freq (    9) =       4.366361 [THz] =     145.646113 [cm-1]
     freq (   10) =       5.698166 [THz] =     190.070368 [cm-1]
     freq (   11) =       5.782128 [THz] =     192.871038 [cm-1]
     freq (   12) =       6.216140 [THz] =     207.348108 [cm-1]
     freq (   13) =       6.270127 [THz] =     209.148937 [cm-1]
     freq (   14) =       6.461761 [THz] =     215.541141 [cm-1]
     freq (   15) =       6.476619 [THz] =     216.036757 [cm-1]
     freq (   16) =       6.949384 [THz] =     231.806511 [cm-1]
     freq (   17) =       7.555521 [THz] =     252.025046 [cm-1]
     freq (   18) =       7.864277 [THz] =     262.324052 [cm-1]
     freq (   19) =       7.952088 [THz] =     265.253102 [cm-1]
     freq (   20) =       8.710911 [THz] =     290.564702 [cm-1]
     freq (   21) =       8.817950 [THz] =     294.135142 [cm-1]
     freq (   22) =       9.043413 [THz] =     301.655792 [cm-1]
     freq (   23) =       9.145212 [THz] =     305.051440 [cm-1]
     freq (   24) =       9.254501 [THz] =     308.696932 [cm-1]
     freq (   25) =       9.517584 [THz] =     317.472418 [cm-1]
     freq (   26) =       9.644845 [THz] =     321.717387 [cm-1]
     freq (   27) =      11.977557 [THz] =     399.528296 [cm-1]
     freq (   28) =      12.131236 [THz] =     404.654485 [cm-1]
     freq (   29) =      12.388489 [THz] =     413.235500 [cm-1]
     freq (   30) =      12.618408 [THz] =     420.904780 [cm-1]
     freq (   31) =      30.350415 [THz] =    1012.380869 [cm-1]
     freq (   32) =      30.619577 [THz] =    1021.359157 [cm-1]
     freq (   33) =      30.679321 [THz] =    1023.351981 [cm-1]
     freq (   34) =      30.766053 [THz] =    1026.245048 [cm-1]
     freq (   35) =      31.918504 [THz] =    1064.686680 [cm-1]
     freq (   36) =      31.933647 [THz] =    1065.191799 [cm-1]
     freq (   37) =      32.006877 [THz] =    1067.634482 [cm-1]
     freq (   38) =      32.315540 [THz] =    1077.930392 [cm-1]
     freq (   39) =      32.462306 [THz] =    1082.825958 [cm-1]
     freq (   40) =      32.462896 [THz] =    1082.845644 [cm-1]
     freq (   41) =      32.510607 [THz] =    1084.437106 [cm-1]
     freq (   42) =      32.692537 [THz] =    1090.505651 [cm-1]
     freq (   43) =      35.685167 [THz] =    1190.329052 [cm-1]
     freq (   44) =      35.731881 [THz] =    1191.887265 [cm-1]
     freq (   45) =      35.894241 [THz] =    1197.303016 [cm-1]
     freq (   46) =      35.907204 [THz] =    1197.735417 [cm-1]
     freq (   47) =      36.289197 [THz] =    1210.477306 [cm-1]
     freq (   48) =      36.375603 [THz] =    1213.359518 [cm-1]
     freq (   49) =      36.515948 [THz] =    1218.040929 [cm-1]
     freq (   50) =      36.717315 [THz] =    1224.757780 [cm-1]
     freq (   51) =      68.422138 [THz] =    2282.316841 [cm-1]
     freq (   52) =      68.433873 [THz] =    2282.708292 [cm-1]
     freq (   53) =      68.446606 [THz] =    2283.133009 [cm-1]
     freq (   54) =      68.493739 [THz] =    2284.705214 [cm-1]
     freq (   55) =      70.072462 [THz] =    2337.365730 [cm-1]
     freq (   56) =      70.172286 [THz] =    2340.695496 [cm-1]
     freq (   57) =      70.190404 [THz] =    2341.299853 [cm-1]
     freq (   58) =      70.218618 [THz] =    2342.240970 [cm-1]
     freq (   59) =      70.453141 [THz] =    2350.063833 [cm-1]
     freq (   60) =      70.545111 [THz] =    2353.131603 [cm-1]
     freq (   61) =      70.742540 [THz] =    2359.717148 [cm-1]
     freq (   62) =      71.032929 [THz] =    2369.403468 [cm-1]
     freq (   63) =      71.261299 [THz] =    2377.021059 [cm-1]
     freq (   64) =      71.266806 [THz] =    2377.204774 [cm-1]
     freq (   65) =      71.267326 [THz] =    2377.222098 [cm-1]
     freq (   66) =      71.296054 [THz] =    2378.180388 [cm-1]
 **************************************************************************

     Mode symmetry, D_2  (222)  point group:

     freq (   1-   1) =        -20.1  [cm-1]   --> B_1             I+R
     freq (   2-   2) =         -8.8  [cm-1]   --> B_3             I+R
     freq (   3-   3) =         10.6  [cm-1]   --> B_2             I+R
     freq (   4-   4) =         61.2  [cm-1]   --> A               R  
     freq (   5-   5) =         72.8  [cm-1]   --> B_3             I+R
     freq (   6-   6) =         75.1  [cm-1]   --> B_2             I+R
     freq (   7-   7) =         87.2  [cm-1]   --> A               R  
     freq (   8-   8) =        144.0  [cm-1]   --> B_2             I+R
     freq (   9-   9) =        145.6  [cm-1]   --> B_3             I+R
     freq (  10-  10) =        190.1  [cm-1]   --> B_1             I+R
     freq (  11-  11) =        192.9  [cm-1]   --> B_1             I+R
     freq (  12-  12) =        207.3  [cm-1]   --> B_3             I+R
     freq (  13-  13) =        209.1  [cm-1]   --> B_2             I+R
     freq (  14-  14) =        215.5  [cm-1]   --> A               R  
     freq (  15-  15) =        216.0  [cm-1]   --> B_2             I+R
     freq (  16-  16) =        231.8  [cm-1]   --> B_3             I+R
     freq (  17-  17) =        252.0  [cm-1]   --> A               R  
     freq (  18-  18) =        262.3  [cm-1]   --> B_1             I+R
     freq (  19-  19) =        265.3  [cm-1]   --> B_1             I+R
     freq (  20-  20) =        290.6  [cm-1]   --> B_2             I+R
     freq (  21-  21) =        294.1  [cm-1]   --> A               R  
     freq (  22-  22) =        301.7  [cm-1]   --> B_3             I+R
     freq (  23-  23) =        305.1  [cm-1]   --> A               R  
     freq (  24-  24) =        308.7  [cm-1]   --> B_3             I+R
     freq (  25-  25) =        317.5  [cm-1]   --> B_2             I+R
     freq (  26-  26) =        321.7  [cm-1]   --> B_1             I+R
     freq (  27-  27) =        399.5  [cm-1]   --> B_1             I+R
     freq (  28-  28) =        404.7  [cm-1]   --> A               R  
     freq (  29-  29) =        413.2  [cm-1]   --> B_3             I+R
     freq (  30-  30) =        420.9  [cm-1]   --> B_2             I+R
     freq (  31-  31) =       1012.4  [cm-1]   --> B_1             I+R
     freq (  32-  32) =       1021.4  [cm-1]   --> A               R  
     freq (  33-  33) =       1023.4  [cm-1]   --> B_3             I+R
     freq (  34-  34) =       1026.2  [cm-1]   --> B_2             I+R
     freq (  35-  35) =       1064.7  [cm-1]   --> A               R  
     freq (  36-  36) =       1065.2  [cm-1]   --> B_2             I+R
     freq (  37-  37) =       1067.6  [cm-1]   --> B_3             I+R
     freq (  38-  38) =       1077.9  [cm-1]   --> B_1             I+R
     freq (  39-  39) =       1082.8  [cm-1]   --> A               R  
     freq (  40-  40) =       1082.8  [cm-1]   --> B_3             I+R
     freq (  41-  41) =       1084.4  [cm-1]   --> B_2             I+R
     freq (  42-  42) =       1090.5  [cm-1]   --> B_1             I+R
     freq (  43-  43) =       1190.3  [cm-1]   --> A               R  
     freq (  44-  44) =       1191.9  [cm-1]   --> B_2             I+R
     freq (  45-  45) =       1197.3  [cm-1]   --> B_3             I+R
     freq (  46-  46) =       1197.7  [cm-1]   --> B_1             I+R
     freq (  47-  47) =       1210.5  [cm-1]   --> B_3             I+R
     freq (  48-  48) =       1213.4  [cm-1]   --> B_2             I+R
     freq (  49-  49) =       1218.0  [cm-1]   --> B_1             I+R
     freq (  50-  50) =       1224.8  [cm-1]   --> A               R  
     freq (  51-  51) =       2282.3  [cm-1]   --> B_1             I+R
     freq (  52-  52) =       2282.7  [cm-1]   --> A               R  
     freq (  53-  53) =       2283.1  [cm-1]   --> B_3             I+R
     freq (  54-  54) =       2284.7  [cm-1]   --> B_2             I+R
     freq (  55-  55) =       2337.4  [cm-1]   --> A               R  
     freq (  56-  56) =       2340.7  [cm-1]   --> B_3             I+R
     freq (  57-  57) =       2341.3  [cm-1]   --> B_1             I+R
     freq (  58-  58) =       2342.2  [cm-1]   --> B_2             I+R
     freq (  59-  59) =       2350.1  [cm-1]   --> B_2             I+R
     freq (  60-  60) =       2353.1  [cm-1]   --> A               R  
     freq (  61-  61) =       2359.7  [cm-1]   --> B_3             I+R
     freq (  62-  62) =       2369.4  [cm-1]   --> B_1             I+R
     freq (  63-  63) =       2377.0  [cm-1]   --> B_2             I+R
     freq (  64-  64) =       2377.2  [cm-1]   --> B_1             I+R
     freq (  65-  65) =       2377.2  [cm-1]   --> B_3             I+R
     freq (  66-  66) =       2378.2  [cm-1]   --> A               R  

     Calculation of q =    0.0000000   0.0000000  -0.7936489

     Parallelization info
     --------------------
     sticks:   dense  smooth     PW     G-vecs:    dense   smooth      PW
     Min         495     248     67                25781     9120    1297
     Max         497     249     68                25782     9122    1298
     Sum       11905    5953   1621               618765   218891   31141

     Using Slab Decomposition



     bravais-lattice index     =            8
     lattice parameter (alat)  =      13.7506  a.u.
     unit-cell volume          =    1619.6113 (a.u.)^3
     number of atoms/cell      =           22
     number of atomic types    =            3
     number of electrons       =        48.00
     number of Kohn-Sham states=           24
     kinetic-energy cutoff     =     100.0000  Ry
     charge density cutoff     =     800.0000  Ry
     Exchange-correlation= PBESOL
                           (   1   4  10   8   0   0   0)

     celldm(1)=  13.750592  celldm(2)=   0.988792  celldm(3)=   0.630002
     celldm(4)=   0.000000  celldm(5)=   0.000000  celldm(6)=   0.000000

     crystal axes: (cart. coord. in units of alat)
               a(1) = (   1.000000   0.000000   0.000000 )  
               a(2) = (   0.000000   0.988792   0.000000 )  
               a(3) = (   0.000000   0.000000   0.630002 )  

     reciprocal axes: (cart. coord. in units 2 pi/alat)
               b(1) = (  1.000000  0.000000  0.000000 )  
               b(2) = (  0.000000  1.011335  0.000000 )  
               b(3) = (  0.000000  0.000000  1.587298 )  


     PseudoPot. # 1 for B  read from file:
     /home/mehlhorn/pseudos/b_pbesol_v1.4.uspp.F.UPF
     MD5 check sum: 369b69bef2c3aeed4453bd8b804fd6a8
     Pseudo is Ultrasoft + core correction, Zval =  3.0
     Generated by new atomic code, or converted to UPF format
     Using radial grid of  781 points,  4 beta functions with: 
                l(1) =   0
                l(2) =   0
                l(3) =   1
                l(4) =   1
     Q(r) pseudized with  8 coefficients,  rinner =    1.100   1.100   1.100


     PseudoPot. # 2 for Ba read from file:
     /home/mehlhorn/pseudos/Ba.nc.z_10.oncvpsp4.dojo.v4-sp.upf
     MD5 check sum: c10ed334bb677c0554edec7181ce9143
     Pseudo is Norm-conserving + core correction, Zval = 10.0
     Generated using ONCVPSP code by D. R. Hamann
     Using radial grid of 1938 points,  8 beta functions with: 
                l(1) =   0
                l(2) =   0
                l(3) =   1
                l(4) =   1
                l(5) =   2
                l(6) =   2
                l(7) =   3
                l(8) =   3

     PseudoPot. # 3 for H  read from file:
     /home/mehlhorn/pseudos/H_ONCV_PBEsol-1.0.upf
     MD5 check sum: 398ef8f67c0a7342c05c87c5e19ea467
     Pseudo is Norm-conserving, Zval =  1.0
     Generated using ONCVPSP code by D. R. Hamann
     Using radial grid of 1180 points,  2 beta functions with: 
                l(1) =   0
                l(2) =   0

     atomic species   valence    mass     pseudopotential
     B                 3.00    10.81100     B ( 1.00)
     Ba               10.00   137.32700     Ba( 1.00)
     H                 1.00     1.00794     H ( 1.00)

      4 Sym. Ops. (no inversion) found



   Cartesian axes

     site n.     atom                  positions (alat units)
         1        Ba     tau(   1) = (   0.5000000   0.4943960   0.3150140  )
         2        Ba     tau(   2) = (   0.0000000   0.0000000   0.6299884  )
         3        B      tau(   3) = (   0.6457472   0.2690334   0.0000111  )
         4        B      tau(   4) = (   0.3542528   0.7197587   0.0000111  )
         5        B      tau(   5) = (   0.1457472   0.2253626   0.3149897  )
         6        B      tau(   6) = (   0.8542528   0.7634294   0.3149897  )
         7        H      tau(   7) = (   0.4764411   0.2785492   0.0000131  )
         8        H      tau(   8) = (   0.5235589   0.7102428   0.0000131  )
         9        H      tau(   9) = (   0.9764411   0.2158468   0.3149877  )
        10        H      tau(  10) = (   0.0235589   0.7729453   0.3149877  )
        11        H      tau(  11) = (   0.7125447   0.4253079   0.0000101  )
        12        H      tau(  12) = (   0.2874553   0.5634842   0.0000101  )
        13        H      tau(  13) = (   0.2125447   0.0690881   0.3149907  )
        14        H      tau(  14) = (   0.7874553   0.9197039   0.3149907  )
        15        H      tau(  15) = (   0.6936781   0.1879672   0.4896379  )
        16        H      tau(  16) = (   0.3063219   0.8008249   0.4896379  )
        17        H      tau(  17) = (   0.1936781   0.3064288   0.4553644  )
        18        H      tau(  18) = (   0.8063219   0.6823632   0.4553644  )
        19        H      tau(  19) = (   0.3063087   0.8008213   0.1403829  )
        20        H      tau(  20) = (   0.6936913   0.1879707   0.1403829  )
        21        H      tau(  21) = (   0.8063087   0.6823668   0.1746179  )
        22        H      tau(  22) = (   0.1936913   0.3064253   0.1746179  )

     number of k points=    54
                       cart. coord. in units 2pi/alat
        k(    1) = (   0.0000000   0.0000000   0.0000000), wk =   0.0160000
        k(    2) = (   0.0000000   0.0000000  -0.7936489), wk =   0.0000000
        k(    3) = (   0.0000000   0.0000000   0.3174595), wk =   0.0320000
        k(    4) = (   0.0000000   0.0000000  -0.4761893), wk =   0.0000000
        k(    5) = (   0.0000000   0.0000000   0.6349191), wk =   0.0320000
        k(    6) = (   0.0000000   0.0000000  -0.1587298), wk =   0.0000000
        k(    7) = (   0.0000000   0.2022670   0.0000000), wk =   0.0320000
        k(    8) = (   0.0000000   0.2022670  -0.7936489), wk =   0.0000000
        k(    9) = (   0.0000000   0.2022670   0.3174595), wk =   0.0640000
        k(   10) = (   0.0000000   0.2022670  -0.4761893), wk =   0.0000000
        k(   11) = (   0.0000000   0.2022670   0.6349191), wk =   0.0640000
        k(   12) = (   0.0000000   0.2022670  -0.1587298), wk =   0.0000000
        k(   13) = (   0.0000000   0.4045340   0.0000000), wk =   0.0320000
        k(   14) = (   0.0000000   0.4045340  -0.7936489), wk =   0.0000000
        k(   15) = (   0.0000000   0.4045340   0.3174595), wk =   0.0640000
        k(   16) = (   0.0000000   0.4045340  -0.4761893), wk =   0.0000000
        k(   17) = (   0.0000000   0.4045340   0.6349191), wk =   0.0640000
        k(   18) = (   0.0000000   0.4045340  -0.1587298), wk =   0.0000000
        k(   19) = (   0.2000000   0.0000000   0.0000000), wk =   0.0320000
        k(   20) = (   0.2000000   0.0000000  -0.7936489), wk =   0.0000000
        k(   21) = (   0.2000000   0.0000000   0.3174595), wk =   0.0640000
        k(   22) = (   0.2000000   0.0000000  -0.4761893), wk =   0.0000000
        k(   23) = (   0.2000000   0.0000000   0.6349191), wk =   0.0640000
        k(   24) = (   0.2000000   0.0000000  -0.1587298), wk =   0.0000000
        k(   25) = (   0.2000000   0.2022670   0.0000000), wk =   0.0640000
        k(   26) = (   0.2000000   0.2022670  -0.7936489), wk =   0.0000000
        k(   27) = (   0.2000000   0.2022670   0.3174595), wk =   0.1280000
        k(   28) = (   0.2000000   0.2022670  -0.4761893), wk =   0.0000000
        k(   29) = (   0.2000000   0.2022670   0.6349191), wk =   0.1280000
        k(   30) = (   0.2000000   0.2022670  -0.1587298), wk =   0.0000000
        k(   31) = (   0.2000000   0.4045340   0.0000000), wk =   0.0640000
        k(   32) = (   0.2000000   0.4045340  -0.7936489), wk =   0.0000000
        k(   33) = (   0.2000000   0.4045340   0.3174595), wk =   0.1280000
        k(   34) = (   0.2000000   0.4045340  -0.4761893), wk =   0.0000000
        k(   35) = (   0.2000000   0.4045340   0.6349191), wk =   0.1280000
        k(   36) = (   0.2000000   0.4045340  -0.1587298), wk =   0.0000000
        k(   37) = (   0.4000000   0.0000000   0.0000000), wk =   0.0320000
        k(   38) = (   0.4000000   0.0000000  -0.7936489), wk =   0.0000000
        k(   39) = (   0.4000000   0.0000000   0.3174595), wk =   0.0640000
        k(   40) = (   0.4000000   0.0000000  -0.4761893), wk =   0.0000000
        k(   41) = (   0.4000000   0.0000000   0.6349191), wk =   0.0640000
        k(   42) = (   0.4000000   0.0000000  -0.1587298), wk =   0.0000000
        k(   43) = (   0.4000000   0.2022670   0.0000000), wk =   0.0640000
        k(   44) = (   0.4000000   0.2022670  -0.7936489), wk =   0.0000000
        k(   45) = (   0.4000000   0.2022670   0.3174595), wk =   0.1280000
        k(   46) = (   0.4000000   0.2022670  -0.4761893), wk =   0.0000000
        k(   47) = (   0.4000000   0.2022670   0.6349191), wk =   0.1280000
        k(   48) = (   0.4000000   0.2022670  -0.1587298), wk =   0.0000000
        k(   49) = (   0.4000000   0.4045340   0.0000000), wk =   0.0640000
        k(   50) = (   0.4000000   0.4045340  -0.7936489), wk =   0.0000000
        k(   51) = (   0.4000000   0.4045340   0.3174595), wk =   0.1280000
        k(   52) = (   0.4000000   0.4045340  -0.4761893), wk =   0.0000000
        k(   53) = (   0.4000000   0.4045340   0.6349191), wk =   0.1280000
        k(   54) = (   0.4000000   0.4045340  -0.1587298), wk =   0.0000000

     Dense  grid:   618765 G-vectors     FFT dimensions: ( 128, 128,  80)

     Smooth grid:   218891 G-vectors     FFT dimensions: (  90,  90,  60)

     Estimated max dynamical RAM per process >      55.31 MB

     Estimated total dynamical RAM >       1.30 GB

     The potential is recalculated from file :
     ./_ph0/pwscf.q_2/pwscf.save/charge-density

     Starting wfcs are   42 atomic wfcs

     Band Structure Calculation
     Davidson diagonalization with overlap

     ethr =  2.08E-11,  avg # of iterations = 22.0

     total cpu time spent up to now is      236.3 secs

     End of band structure calculation

          k = 0.0000 0.0000 0.0000 ( 27379 PWs)   bands (ev):

   -24.8179 -24.8132 -10.3041 -10.2770 -10.0753 -10.0524  -9.9798  -9.9367
    -6.6693  -5.8736  -5.3558  -5.3195  -2.4460  -1.4380  -1.3377  -1.1898
    -1.1210  -0.9276  -0.8998  -0.6453  -0.4086  -0.2349  -0.1313  -0.1137

          k = 0.0000 0.0000-0.7936 ( 27336 PWs)   bands (ev):

   -24.8007 -24.8007 -10.4868 -10.4868 -10.0784 -10.0784 -10.0690 -10.0690
    -5.7246  -5.7245  -5.4739  -5.4738  -2.0546  -2.0544  -1.7722  -1.7721
    -0.7872  -0.7870  -0.6999  -0.6997  -0.4441  -0.4441  -0.3193  -0.3192

          k = 0.0000 0.0000 0.3175 ( 27357 PWs)   bands (ev):

   -24.8124 -24.8085 -10.2440 -10.2221 -10.1724 -10.1503 -10.0612 -10.0434
    -6.3225  -5.6503  -5.4811  -5.4525  -2.1448  -1.8179  -1.6574  -1.2142
    -1.0164  -0.9683  -0.7300  -0.5853  -0.4656  -0.3000  -0.2721  -0.2091

          k = 0.0000 0.0000-0.4762 ( 27346 PWs)   bands (ev):

   -24.8073 -24.8045 -10.3282 -10.3176 -10.1836 -10.1671 -10.0526 -10.0395
    -6.0006  -5.5966  -5.5765  -5.4851  -1.9795  -1.9075  -1.8554  -1.2546
    -1.1447  -1.0582  -0.7115  -0.4613  -0.3914  -0.3899  -0.3289  -0.2823

          k = 0.0000 0.0000 0.6349 ( 27368 PWs)   bands (ev):

   -24.8029 -24.8014 -10.4449 -10.4411 -10.1232 -10.1120 -10.0551 -10.0460
    -5.6916  -5.6911  -5.6809  -5.4050  -2.0558  -1.9864  -1.8333  -1.5684
    -1.0188  -0.8873  -0.6744  -0.5268  -0.4500  -0.4125  -0.3399  -0.2963

          k = 0.0000 0.0000-0.1587 ( 27361 PWs)   bands (ev):

   -24.8164 -24.8119 -10.2881 -10.2623 -10.0711 -10.0496 -10.0353  -9.9992
    -6.5729  -5.8084  -5.3900  -5.3556  -2.3637  -1.5913  -1.3977  -1.3057
    -1.0752  -0.7833  -0.7433  -0.6975  -0.5148  -0.2500  -0.1606  -0.1528

          k = 0.0000 0.2023 0.0000 ( 27345 PWs)   bands (ev):

   -24.8175 -24.8136 -10.2900 -10.2626 -10.0950 -10.0705  -9.9757  -9.9408
    -6.5784  -5.8886  -5.4422  -5.3548  -2.2986  -1.5889  -1.4011  -0.9873
    -0.9535  -0.9217  -0.8940  -0.6364  -0.4398  -0.3810  -0.2077  -0.1776

          k = 0.0000 0.2023-0.7936 ( 27368 PWs)   bands (ev):

   -24.8007 -24.8007 -10.4914 -10.4914 -10.0759 -10.0758 -10.0649 -10.0649
    -5.8187  -5.8186  -5.3736  -5.3735  -2.1642  -2.1641  -1.6427  -1.6426
    -0.7773  -0.7772  -0.6539  -0.6538  -0.4585  -0.4583  -0.3770  -0.3769

          k = 0.0000 0.2023 0.3175 ( 27349 PWs)   bands (ev):

   -24.8120 -24.8089 -10.2416 -10.2094 -10.1658 -10.1630 -10.0628 -10.0546
    -6.2525  -5.6467  -5.5625  -5.4731  -2.0496  -1.8389  -1.6727  -1.0946
    -0.9927  -0.9407  -0.8601  -0.5515  -0.4546  -0.3271  -0.2981  -0.2760

          k = 0.0000 0.2023-0.4762 ( 27352 PWs)   bands (ev):

   -24.8070 -24.8047 -10.3357 -10.3252 -10.1661 -10.1565 -10.0568 -10.0481
    -5.9756  -5.6758  -5.5603  -5.4583  -1.9958  -1.9424  -1.8034  -1.2645
    -1.0749  -0.9296  -0.7449  -0.5043  -0.4305  -0.3902  -0.3400  -0.3223

          k = 0.0000 0.2023 0.6349 ( 27350 PWs)   bands (ev):

   -24.8028 -24.8016 -10.4498 -10.4464 -10.1125 -10.1056 -10.0553 -10.0497
    -5.8302  -5.7725  -5.5146  -5.3461  -2.1121  -2.1002  -1.7138  -1.5067
    -0.9529  -0.7906  -0.6881  -0.5258  -0.4814  -0.4659  -0.3567  -0.3431

          k = 0.0000 0.2023-0.1587 ( 27321 PWs)   bands (ev):

   -24.8160 -24.8123 -10.2752 -10.2482 -10.0945 -10.0701 -10.0274  -9.9978
    -6.4867  -5.8188  -5.4748  -5.3878  -2.2291  -1.6695  -1.4743  -1.1054
    -1.0018  -0.8018  -0.7954  -0.6226  -0.5473  -0.3477  -0.2184  -0.2086

          k = 0.0000 0.4045 0.0000 ( 27314 PWs)   bands (ev):

   -24.8163 -24.8148 -10.2547 -10.2368 -10.1292 -10.1121  -9.9649  -9.9516
    -6.3372  -6.0448  -5.5089  -5.4400  -2.0174  -1.7978  -1.2575  -0.9063
    -0.8924  -0.8591  -0.7063  -0.6656  -0.5943  -0.5159  -0.3364  -0.3316

          k = 0.0000 0.4045-0.7936 ( 27384 PWs)   bands (ev):

   -24.8007 -24.8007 -10.4985 -10.4985 -10.0743 -10.0743 -10.0559 -10.0559
    -5.9147  -5.9147  -5.2672  -5.2672  -2.2804  -2.2803  -1.4647  -1.4646
    -0.7646  -0.7646  -0.6216  -0.6215  -0.5624  -0.5623  -0.3717  -0.3717

          k = 0.0000 0.4045 0.3175 ( 27329 PWs)   bands (ev):

   -24.8110 -24.8098 -10.2278 -10.2001 -10.1766 -10.1542 -10.0736 -10.0710
    -6.0630  -5.8134  -5.5787  -5.5239  -1.9242  -1.8799  -1.5292  -1.2018
    -0.9210  -0.8808  -0.8072  -0.6075  -0.4795  -0.4718  -0.3143  -0.3013

          k = 0.0000 0.4045-0.4762 ( 27340 PWs)   bands (ev):

   -24.8063 -24.8054 -10.3436 -10.3387 -10.1361 -10.1350 -10.0683 -10.0667
    -5.9052  -5.7994  -5.5160  -5.4678  -2.0206  -2.0087  -1.6090  -1.3801
    -0.9203  -0.7848  -0.6728  -0.5990  -0.5292  -0.4407  -0.3784  -0.3604

          k = 0.0000 0.4045 0.6349 ( 27366 PWs)   bands (ev):

   -24.8024 -24.8019 -10.4567 -10.4552 -10.0937 -10.0930 -10.0580 -10.0577
    -5.9009  -5.8758  -5.3707  -5.3078  -2.2011  -2.1946  -1.5365  -1.4419
    -0.8256  -0.7009  -0.6524  -0.6427  -0.5245  -0.4955  -0.4157  -0.3812

          k = 0.0000 0.4045-0.1587 ( 27336 PWs)   bands (ev):

   -24.8148 -24.8134 -10.2419 -10.2230 -10.1310 -10.1121 -10.0147 -10.0026
    -6.2565  -5.9715  -5.5349  -5.4664  -1.9829  -1.8128  -1.3459  -1.0117
    -0.8854  -0.8760  -0.7819  -0.6008  -0.5544  -0.5499  -0.3049  -0.2958

          k = 0.2000 0.0000 0.0000 ( 27342 PWs)   bands (ev):

   -24.8175 -24.8136 -10.2876 -10.2642 -10.0929 -10.0736  -9.9757  -9.9408
    -6.5818  -5.9091  -5.3867  -5.3773  -2.3122  -1.4320  -1.3730  -1.2322
    -0.9024  -0.9021  -0.8887  -0.6520  -0.4524  -0.3553  -0.2483  -0.1834

          k = 0.2000 0.0000-0.7936 ( 27352 PWs)   bands (ev):

   -24.8007 -24.8007 -10.4920 -10.4920 -10.0779 -10.0778 -10.0629 -10.0629
    -5.7905  -5.7904  -5.3994  -5.3993  -2.2229  -2.2228  -1.5882  -1.5882
    -0.7521  -0.7519  -0.6827  -0.6825  -0.4734  -0.4733  -0.3460  -0.3458

          k = 0.2000 0.0000 0.3175 ( 27354 PWs)   bands (ev):

   -24.8120 -24.8089 -10.2302 -10.2241 -10.1639 -10.1615 -10.0705 -10.0476
    -6.2512  -5.6680  -5.5148  -5.4954  -2.0576  -1.7813  -1.7014  -1.1164
    -1.0019  -0.9435  -0.8309  -0.5479  -0.5443  -0.3104  -0.2912  -0.2528

          k = 0.2000 0.0000-0.4762 ( 27358 PWs)   bands (ev):

   -24.8070 -24.8047 -10.3359 -10.3258 -10.1716 -10.1511 -10.0606 -10.0445
    -5.9614  -5.6363  -5.5889  -5.4793  -2.0427  -1.9105  -1.8113  -1.2534
    -1.0270  -0.9804  -0.7411  -0.5137  -0.4428  -0.3771  -0.3414  -0.3050

          k = 0.2000 0.0000 0.6349 ( 27349 PWs)   bands (ev):

   -24.8028 -24.8016 -10.4504 -10.4470 -10.1159 -10.1021 -10.0584 -10.0466
    -5.7991  -5.7402  -5.5520  -5.3678  -2.1960  -2.1055  -1.6829  -1.4587
    -0.9133  -0.8271  -0.7027  -0.5586  -0.4392  -0.4374  -0.3809  -0.3239

          k = 0.2000 0.0000-0.1587 ( 27362 PWs)   bands (ev):

   -24.8160 -24.8123 -10.2720 -10.2507 -10.0908 -10.0757 -10.0279  -9.9964
    -6.4892  -5.8395  -5.4214  -5.4100  -2.2408  -1.5319  -1.5117  -1.2027
    -0.9916  -0.8181  -0.7059  -0.6840  -0.6093  -0.3231  -0.2446  -0.1980

          k = 0.2000 0.2023 0.0000 ( 27358 PWs)   bands (ev):

   -24.8171 -24.8140 -10.2982 -10.2391 -10.1260 -10.0593  -9.9723  -9.9441
    -6.5135  -5.9413  -5.4709  -5.3592  -2.1961  -1.5860  -1.3866  -1.0682
    -0.9323  -0.8731  -0.7518  -0.6342  -0.5377  -0.4595  -0.3284  -0.1603

          k = 0.2000 0.2023-0.7936 ( 27362 PWs)   bands (ev):

   -24.8007 -24.8007 -10.4977 -10.4880 -10.0774 -10.0772 -10.0692 -10.0550
    -5.8870  -5.7451  -5.4448  -5.2950  -2.3149  -2.1285  -1.7341  -1.4853
    -0.7885  -0.7174  -0.6092  -0.5966  -0.4979  -0.4892  -0.4312  -0.3065

          k = 0.2000 0.2023 0.3175 ( 27341 PWs)   bands (ev):

   -24.8117 -24.8092 -10.2398 -10.2051 -10.1833 -10.1500 -10.0738 -10.0480
    -6.1950  -5.6911  -5.5772  -5.4846  -1.9893  -1.8115  -1.6991  -1.0625
    -1.0269  -0.9393  -0.8070  -0.5680  -0.5239  -0.3391  -0.3305  -0.2508

          k = 0.2000 0.2023-0.4762 ( 27365 PWs)   bands (ev):

   -24.8068 -24.8049 -10.3396 -10.3248 -10.1800 -10.1330 -10.0694 -10.0432
    -5.9364  -5.6659  -5.5995  -5.4716  -2.0433  -1.9503  -1.7548  -1.3115
    -0.9719  -0.8971  -0.7268  -0.5411  -0.4916  -0.4011  -0.3504  -0.2716

          k = 0.2000 0.2023 0.6349 ( 27363 PWs)   bands (ev):

   -24.8026 -24.8017 -10.4550 -10.4443 -10.1207 -10.0917 -10.0597 -10.0485
    -5.8676  -5.7091  -5.5482  -5.3312  -2.2316  -2.0859  -1.6863  -1.4974
    -0.8191  -0.7770  -0.6919  -0.5400  -0.5244  -0.4419  -0.4121  -0.2861

          k = 0.2000 0.2023-0.1587 ( 27346 PWs)   bands (ev):

   -24.8156 -24.8127 -10.2825 -10.2258 -10.1275 -10.0564 -10.0252  -9.9999
    -6.4237  -5.8685  -5.5014  -5.3934  -2.1352  -1.6309  -1.5194  -1.0879
    -0.9338  -0.8478  -0.7465  -0.6298  -0.6030  -0.3967  -0.3191  -0.1874

          k = 0.2000 0.4045 0.0000 ( 27334 PWs)   bands (ev):

   -24.8161 -24.8149 -10.2857 -10.2495 -10.1179 -10.0765  -9.9636  -9.9528
    -6.3293  -6.0967  -5.4875  -5.4171  -1.9645  -1.7707  -1.2852  -0.9468
    -0.9356  -0.9032  -0.7692  -0.5687  -0.5661  -0.4973  -0.4188  -0.2584

          k = 0.2000 0.4045-0.7936 ( 27362 PWs)   bands (ev):

   -24.8007 -24.8007 -10.4973 -10.4914 -10.0762 -10.0747 -10.0668 -10.0565
    -5.9090  -5.8406  -5.3415  -5.2682  -2.3165  -2.2102  -1.6707  -1.5187
    -0.7507  -0.6706  -0.6347  -0.5428  -0.5122  -0.5009  -0.3729  -0.3472

          k = 0.2000 0.4045 0.3175 ( 27340 PWs)   bands (ev):

   -24.8109 -24.8100 -10.2363 -10.2143 -10.1758 -10.1504 -10.0707 -10.0559
    -6.0435  -5.8452  -5.5688  -5.5200  -1.9003  -1.8614  -1.5708  -1.2977
    -0.9078  -0.8295  -0.7850  -0.6097  -0.4762  -0.3993  -0.3487  -0.3108

          k = 0.2000 0.4045-0.4762 ( 27333 PWs)   bands (ev):

   -24.8062 -24.8055 -10.3395 -10.3316 -10.1664 -10.1380 -10.0656 -10.0499
    -5.8674  -5.7686  -5.5529  -5.4966  -2.0384  -2.0083  -1.6114  -1.4398
    -0.9227  -0.8064  -0.6695  -0.5654  -0.4971  -0.4025  -0.3739  -0.3198

          k = 0.2000 0.4045 0.6349 ( 27347 PWs)   bands (ev):

   -24.8023 -24.8020 -10.4547 -10.4483 -10.1124 -10.0950 -10.0571 -10.0516
    -5.8823  -5.8127  -5.4228  -5.3335  -2.2308  -2.1523  -1.6232  -1.5376
    -0.8039  -0.7263  -0.6170  -0.5389  -0.5175  -0.4542  -0.4126  -0.3256

          k = 0.2000 0.4045-0.1587 ( 27329 PWs)   bands (ev):

   -24.8147 -24.8136 -10.2709 -10.2361 -10.1193 -10.0760 -10.0149 -10.0057
    -6.2466  -6.0209  -5.5143  -5.4469  -1.9323  -1.7769  -1.4174  -1.1338
    -0.8942  -0.8126  -0.7339  -0.5990  -0.5612  -0.5091  -0.3637  -0.2660

          k = 0.4000 0.0000 0.0000 ( 27368 PWs)   bands (ev):

   -24.8163 -24.8148 -10.2490 -10.2374 -10.1284 -10.1187  -9.9649  -9.9516
    -6.3521  -6.0779  -5.4526  -5.4262  -2.0184  -1.7153  -1.1397  -0.9723
    -0.8640  -0.8603  -0.8206  -0.6656  -0.6394  -0.5546  -0.4315  -0.3196

          k = 0.4000 0.0000-0.7936 ( 27352 PWs)   bands (ev):

   -24.8007 -24.8007 -10.5001 -10.5001 -10.0772 -10.0772 -10.0532 -10.0532
    -5.8623  -5.8622  -5.3131  -5.3130  -2.3819  -2.3818  -1.3761  -1.3761
    -0.7627  -0.7627  -0.6598  -0.6598  -0.4875  -0.4874  -0.3757  -0.3755

          k = 0.4000 0.0000 0.3175 ( 27376 PWs)   bands (ev):

   -24.8110 -24.8098 -10.2165 -10.1955 -10.1924 -10.1611 -10.0776 -10.0619
    -6.0607  -5.8204  -5.5555  -5.5286  -1.9149  -1.8018  -1.5756  -1.2227
    -0.9228  -0.8559  -0.8541  -0.7035  -0.4849  -0.4067  -0.3224  -0.3137

          k = 0.4000 0.0000-0.4762 ( 27352 PWs)   bands (ev):

   -24.8063 -24.8054 -10.3444 -10.3399 -10.1448 -10.1295 -10.0726 -10.0597
    -5.8629  -5.7453  -5.5596  -5.5104  -2.0743  -2.0148  -1.6027  -1.3643
    -0.8784  -0.7381  -0.7263  -0.6928  -0.4738  -0.4233  -0.3867  -0.3385

          k = 0.4000 0.0000 0.6349 ( 27353 PWs)   bands (ev):

   -24.8024 -24.8019 -10.4583 -10.4568 -10.0999 -10.0896 -10.0612 -10.0518
    -5.8467  -5.8217  -5.4226  -5.3529  -2.3042  -2.2619  -1.4796  -1.3649
    -0.7877  -0.7448  -0.6371  -0.6149  -0.5821  -0.4167  -0.4012  -0.3884

          k = 0.4000 0.0000-0.1587 ( 27376 PWs)   bands (ev):

   -24.8148 -24.8134 -10.2345 -10.2248 -10.1290 -10.1228 -10.0141 -10.0012
    -6.2685  -6.0019  -5.4833  -5.4561  -1.9779  -1.7249  -1.3133  -0.9541
    -0.9539  -0.8801  -0.8461  -0.7395  -0.5931  -0.4500  -0.3705  -0.3024

          k = 0.4000 0.2023 0.0000 ( 27358 PWs)   bands (ev):

   -24.8161 -24.8149 -10.2844 -10.2482 -10.1195 -10.0780  -9.9636  -9.9528
    -6.3387  -6.1144  -5.4609  -5.4030  -1.9627  -1.7235  -1.2298  -0.9519
    -0.9179  -0.8828  -0.8434  -0.6507  -0.5923  -0.5175  -0.4247  -0.2615

          k = 0.4000 0.2023-0.7936 ( 27360 PWs)   bands (ev):

   -24.8007 -24.8007 -10.4983 -10.4924 -10.0782 -10.0779 -10.0634 -10.0549
    -5.8772  -5.7989  -5.3792  -5.2958  -2.3790  -2.3005  -1.5753  -1.4690
    -0.7660  -0.6607  -0.6506  -0.6119  -0.4731  -0.4547  -0.3871  -0.2923

          k = 0.4000 0.2023 0.3175 ( 27356 PWs)   bands (ev):

   -24.8109 -24.8100 -10.2329 -10.2118 -10.1820 -10.1541 -10.0701 -10.0535
    -6.0423  -5.8481  -5.5590  -5.5195  -1.8916  -1.8023  -1.6167  -1.3207
    -0.8768  -0.8483  -0.7909  -0.6386  -0.4903  -0.4092  -0.3455  -0.3047

          k = 0.4000 0.2023-0.4762 ( 27369 PWs)   bands (ev):

   -24.8062 -24.8055 -10.3401 -10.3323 -10.1676 -10.1386 -10.0652 -10.0487
    -5.8378  -5.7228  -5.5936  -5.5249  -2.0666  -2.0193  -1.6089  -1.4300
    -0.8676  -0.8040  -0.7135  -0.5992  -0.4897  -0.3969  -0.3646  -0.3015

          k = 0.4000 0.2023 0.6349 ( 27357 PWs)   bands (ev):

   -24.8023 -24.8020 -10.4556 -10.4493 -10.1134 -10.0957 -10.0568 -10.0501
    -5.8493  -5.7666  -5.4657  -5.3626  -2.2867  -2.2197  -1.5589  -1.4940
    -0.7766  -0.7327  -0.6268  -0.6044  -0.5132  -0.4357  -0.3771  -0.2953

          k = 0.4000 0.2023-0.1587 ( 27352 PWs)   bands (ev):

   -24.8147 -24.8136 -10.2695 -10.2347 -10.1218 -10.0788 -10.0144 -10.0046
    -6.2542  -6.0367  -5.4903  -5.4354  -1.9259  -1.7175  -1.4205  -1.1299
    -0.9012  -0.7960  -0.7683  -0.6732  -0.5801  -0.5040  -0.3816  -0.2663

          k = 0.4000 0.4045 0.0000 ( 27366 PWs)   bands (ev):

   -24.8158 -24.8153 -10.3049 -10.2893 -10.0746 -10.0556  -9.9602  -9.9560
    -6.2895  -6.2027  -5.4353  -5.4025  -1.8427  -1.7515  -1.2948  -1.1427
    -0.9571  -0.9406  -0.7387  -0.6023  -0.5151  -0.4851  -0.3593  -0.2612

          k = 0.4000 0.4045-0.7936 ( 27352 PWs)   bands (ev):

   -24.8007 -24.8007 -10.4894 -10.4856 -10.0793 -10.0787 -10.0719 -10.0669
    -5.8297  -5.7727  -5.4047  -5.3446  -2.2835  -2.2026  -1.8021  -1.7029
    -0.7129  -0.6767  -0.5594  -0.5336  -0.4445  -0.4245  -0.3037  -0.2670

          k = 0.4000 0.4045 0.3175 ( 27319 PWs)   bands (ev):

   -24.8106 -24.8102 -10.2453 -10.2370 -10.1666 -10.1553 -10.0535 -10.0457
    -5.9901  -5.9163  -5.5447  -5.5237  -1.8489  -1.8108  -1.6265  -1.4982
    -0.8245  -0.7936  -0.6886  -0.5976  -0.4690  -0.4430  -0.3637  -0.3002

          k = 0.4000 0.4045-0.4762 ( 27334 PWs)   bands (ev):

   -24.8060 -24.8057 -10.3283 -10.3226 -10.1850 -10.1694 -10.0482 -10.0417
    -5.7720  -5.6974  -5.6359  -5.5754  -2.0459  -2.0279  -1.6080  -1.5480
    -0.8862  -0.8438  -0.6230  -0.5510  -0.4476  -0.4100  -0.3202  -0.2656

          k = 0.4000 0.4045 0.6349 ( 27364 PWs)   bands (ev):

   -24.8022 -24.8021 -10.4461 -10.4419 -10.1239 -10.1145 -10.0509 -10.0491
    -5.7989  -5.7359  -5.4897  -5.4199  -2.2144  -2.1599  -1.7196  -1.6680
    -0.7792  -0.7451  -0.5622  -0.5380  -0.4457  -0.4313  -0.3036  -0.2543

          k = 0.4000 0.4045-0.1587 ( 27360 PWs)   bands (ev):

   -24.8143 -24.8139 -10.2890 -10.2743 -10.0752 -10.0526 -10.0164 -10.0117
    -6.2048  -6.1210  -5.4662  -5.4354  -1.8082  -1.7097  -1.5196  -1.3695
    -0.7911  -0.7442  -0.6968  -0.6052  -0.5838  -0.5373  -0.3575  -0.2748

     highest occupied level (ev):    -0.1137

     Writing config to output data dir ./_ph0/pwscf.q_2/pwscf.save/ :
     XML data file

                                                                                

     bravais-lattice index     =            8
     lattice parameter (alat)  =      13.7506  a.u.
     unit-cell volume          =    1619.6113 (a.u.)^3
     number of atoms/cell      =           22
     number of atomic types    =            3
     kinetic-energy cut-off    =     100.0000  Ry
     charge density cut-off    =     800.0000  Ry
     convergence threshold     =      1.0E-14
     beta                      =       0.7000
     number of iterations used =            4
     Exchange-correlation= PBESOL
                           (   1   4  10   8   0   0   0)


     celldm(1)=   13.75059  celldm(2)=    0.98879  celldm(3)=    0.63000
     celldm(4)=    0.00000  celldm(5)=    0.00000  celldm(6)=    0.00000

     crystal axes: (cart. coord. in units of alat)
               a(1) = (  1.0000  0.0000  0.0000 )  
               a(2) = (  0.0000  0.9888  0.0000 )  
               a(3) = (  0.0000  0.0000  0.6300 )  

     reciprocal axes: (cart. coord. in units 2 pi/alat)
               b(1) = (  1.0000  0.0000  0.0000 )  
               b(2) = (  0.0000  1.0113  0.0000 )  
               b(3) = (  0.0000  0.0000  1.5873 )  


     Atoms inside the unit cell: 

     Cartesian axes

     site n.  atom      mass           positions (alat units)
        1  Ba    137.3270   tau(    1) = (    0.50000    0.49440    0.31501  )
        2  Ba    137.3270   tau(    2) = (    0.00000    0.00000    0.62999  )
        3  B      10.8110   tau(    3) = (    0.64575    0.26903    0.00001  )
        4  B      10.8110   tau(    4) = (    0.35425    0.71976    0.00001  )
        5  B      10.8110   tau(    5) = (    0.14575    0.22536    0.31499  )
        6  B      10.8110   tau(    6) = (    0.85425    0.76343    0.31499  )
        7  H       1.0079   tau(    7) = (    0.47644    0.27855    0.00001  )
        8  H       1.0079   tau(    8) = (    0.52356    0.71024    0.00001  )
        9  H       1.0079   tau(    9) = (    0.97644    0.21585    0.31499  )
       10  H       1.0079   tau(   10) = (    0.02356    0.77295    0.31499  )
       11  H       1.0079   tau(   11) = (    0.71254    0.42531    0.00001  )
       12  H       1.0079   tau(   12) = (    0.28746    0.56348    0.00001  )
       13  H       1.0079   tau(   13) = (    0.21254    0.06909    0.31499  )
       14  H       1.0079   tau(   14) = (    0.78746    0.91970    0.31499  )
       15  H       1.0079   tau(   15) = (    0.69368    0.18797    0.48964  )
       16  H       1.0079   tau(   16) = (    0.30632    0.80082    0.48964  )
       17  H       1.0079   tau(   17) = (    0.19368    0.30643    0.45536  )
       18  H       1.0079   tau(   18) = (    0.80632    0.68236    0.45536  )
       19  H       1.0079   tau(   19) = (    0.30631    0.80082    0.14038  )
       20  H       1.0079   tau(   20) = (    0.69369    0.18797    0.14038  )
       21  H       1.0079   tau(   21) = (    0.80631    0.68237    0.17462  )
       22  H       1.0079   tau(   22) = (    0.19369    0.30643    0.17462  )

     Computing dynamical matrix for 
                    q = (   0.0000000   0.0000000  -0.7936489 )

      5 Sym.Ops. (with q -> -q+G )


     G cutoff = 3831.5372  (  25782 G-vectors)     FFT grid: (128,128, 80)
     G cutoff = 1915.7686  (   9122 G-vectors)  smooth grid: ( 90, 90, 60)
     number of k points=    54

     PseudoPot. # 1 for B  read from file:
     /home/mehlhorn/pseudos/b_pbesol_v1.4.uspp.F.UPF
     MD5 check sum: 369b69bef2c3aeed4453bd8b804fd6a8
     Pseudo is Ultrasoft + core correction, Zval =  3.0
     Generated by new atomic code, or converted to UPF format
     Using radial grid of  781 points,  4 beta functions with: 
                l(1) =   0
                l(2) =   0
                l(3) =   1
                l(4) =   1
     Q(r) pseudized with  8 coefficients,  rinner =    1.100   1.100   1.100


     PseudoPot. # 2 for Ba read from file:
     /home/mehlhorn/pseudos/Ba.nc.z_10.oncvpsp4.dojo.v4-sp.upf
     MD5 check sum: c10ed334bb677c0554edec7181ce9143
     Pseudo is Norm-conserving + core correction, Zval = 10.0
     Generated using ONCVPSP code by D. R. Hamann
     Using radial grid of 1938 points,  8 beta functions with: 
                l(1) =   0
                l(2) =   0
                l(3) =   1
                l(4) =   1
                l(5) =   2
                l(6) =   2
                l(7) =   3
                l(8) =   3

     PseudoPot. # 3 for H  read from file:
     /home/mehlhorn/pseudos/H_ONCV_PBEsol-1.0.upf
     MD5 check sum: 398ef8f67c0a7342c05c87c5e19ea467
     Pseudo is Norm-conserving, Zval =  1.0
     Generated using ONCVPSP code by D. R. Hamann
     Using radial grid of 1180 points,  2 beta functions with: 
                l(1) =   0
                l(2) =   0


     Atomic displacements:
     There are   65 irreducible representations

     Representation     1      1 modes -  To be done

     Representation     2      1 modes -  To be done

     Representation     3      1 modes -  To be done

     Representation     4      1 modes -  To be done

     Representation     5      1 modes -  To be done

     Representation     6      1 modes -  To be done

     Representation     7      1 modes -  To be done

     Representation     8      1 modes -  To be done

     Representation     9      1 modes -  To be done

     Representation    10      1 modes -  To be done

     Representation    11      1 modes -  To be done

     Representation    12      1 modes -  To be done

     Representation    13      1 modes -  To be done

     Representation    14      1 modes -  To be done

     Representation    15      1 modes -  To be done

     Representation    16      1 modes -  To be done

     Representation    17      1 modes -  To be done

     Representation    18      1 modes -  To be done

     Representation    19      1 modes -  To be done

     Representation    20      1 modes -  To be done

     Representation    21      1 modes -  To be done

     Representation    22      1 modes -  To be done

     Representation    23      1 modes -  To be done

     Representation    24      1 modes -  To be done

     Representation    25      1 modes -  To be done

     Representation    26      1 modes -  To be done

     Representation    27      1 modes -  To be done

     Representation    28      1 modes -  To be done

     Representation    29      1 modes -  To be done

     Representation    30      1 modes -  To be done

     Representation    31      1 modes -  To be done

     Representation    32      1 modes -  To be done

     Representation    33      1 modes -  To be done

     Representation    34      1 modes -  To be done

     Representation    35      1 modes -  To be done

     Representation    36      1 modes -  To be done

     Representation    37      1 modes -  To be done

     Representation    38      1 modes -  To be done

     Representation    39      1 modes -  To be done

     Representation    40      1 modes -  To be done

     Representation    41      1 modes -  To be done

     Representation    42      1 modes -  To be done

     Representation    43      1 modes -  To be done

     Representation    44      1 modes -  To be done

     Representation    45      1 modes -  To be done

     Representation    46      1 modes -  To be done

     Representation    47      1 modes -  To be done

     Representation    48      1 modes -  To be done

     Representation    49      1 modes -  To be done

     Representation    50      1 modes -  To be done

     Representation    51      1 modes -  To be done

     Representation    52      1 modes -  To be done

     Representation    53      1 modes -  To be done

     Representation    54      1 modes -  To be done

     Representation    55      2 modes -  To be done

     Representation    56      1 modes -  To be done

     Representation    57      1 modes -  To be done

     Representation    58      1 modes -  To be done

     Representation    59      1 modes -  To be done

     Representation    60      1 modes -  To be done

     Representation    61      1 modes -  To be done

     Representation    62      1 modes -  To be done

     Representation    63      1 modes -  To be done

     Representation    64      1 modes -  To be done

     Representation    65      1 modes -  To be done


     Message from routine init_vloc:
     Interpolation table for Vloc re-allocated

     Alpha used in Ewald sum =   2.8000
     PHONON       :     11h58m CPU     12h 6m WALL



     Representation #   1 mode #   1

     Self-consistent Calculation

      iter #   1 total cpu time : 43615.8 secs   av.it.:   3.0
      thresh= 1.000E-02 alpha_mix =  0.700 |ddv_scf|^2 =  8.407E-09

      iter #   2 total cpu time : 43720.2 secs   av.it.:  15.0
      thresh= 9.169E-06 alpha_mix =  0.700 |ddv_scf|^2 =  7.263E-09

      iter #   3 total cpu time : 43819.6 secs   av.it.:  14.6
      thresh= 8.523E-06 alpha_mix =  0.700 |ddv_scf|^2 =  1.524E-11

      iter #   4 total cpu time : 43925.5 secs   av.it.:  15.7
      thresh= 3.904E-07 alpha_mix =  0.700 |ddv_scf|^2 =  1.809E-12

      iter #   5 total cpu time : 44030.4 secs   av.it.:  15.3
      thresh= 1.345E-07 alpha_mix =  0.700 |ddv_scf|^2 =  2.524E-14

      iter #   6 total cpu time : 44137.4 secs   av.it.:  16.0
      thresh= 1.589E-08 alpha_mix =  0.700 |ddv_scf|^2 =  2.876E-15

     End of self-consistent calculation

     Convergence has been achieved 


     Representation #   2 mode #   2

     Self-consistent Calculation

      iter #   1 total cpu time : 44192.7 secs   av.it.:   4.6
      thresh= 1.000E-02 alpha_mix =  0.700 |ddv_scf|^2 =  1.272E-08

      iter #   2 total cpu time : 44296.0 secs   av.it.:  16.0
      thresh= 1.128E-05 alpha_mix =  0.700 |ddv_scf|^2 =  4.246E-09

      iter #   3 total cpu time : 44395.7 secs   av.it.:  15.2
      thresh= 6.516E-06 alpha_mix =  0.700 |ddv_scf|^2 =  2.112E-11

      iter #   4 total cpu time : 44499.3 secs   av.it.:  16.0
      thresh= 4.596E-07 alpha_mix =  0.700 |ddv_scf|^2 =  1.519E-12

      iter #   5 total cpu time : 44603.2 secs   av.it.:  16.0
      thresh= 1.233E-07 alpha_mix =  0.700 |ddv_scf|^2 =  2.187E-13

      iter #   6 total cpu time : 44705.9 secs   av.it.:  15.9
      thresh= 4.677E-08 alpha_mix =  0.700 |ddv_scf|^2 =  3.446E-15

     End of self-consistent calculation

     Convergence has been achieved 


     Representation #   3 mode #   3

     Self-consistent Calculation

      iter #   1 total cpu time : 44754.2 secs   av.it.:   3.2
      thresh= 1.000E-02 alpha_mix =  0.700 |ddv_scf|^2 =  2.362E-09

      iter #   2 total cpu time : 44856.2 secs   av.it.:  16.0
      thresh= 4.860E-06 alpha_mix =  0.700 |ddv_scf|^2 =  1.165E-09

      iter #   3 total cpu time : 44955.5 secs   av.it.:  15.1
      thresh= 3.414E-06 alpha_mix =  0.700 |ddv_scf|^2 =  2.764E-12

      iter #   4 total cpu time : 45059.8 secs   av.it.:  16.0
      thresh= 1.663E-07 alpha_mix =  0.700 |ddv_scf|^2 =  3.008E-13

      iter #   5 total cpu time : 45163.2 secs   av.it.:  15.9
      thresh= 5.484E-08 alpha_mix =  0.700 |ddv_scf|^2 =  1.582E-14

      iter #   6 total cpu time : 45266.0 secs   av.it.:  15.9
      thresh= 1.258E-08 alpha_mix =  0.700 |ddv_scf|^2 =  1.856E-15

     End of self-consistent calculation

     Convergence has been achieved 


     Representation #   4 mode #   4

     Self-consistent Calculation

      iter #   1 total cpu time : 45314.8 secs   av.it.:   3.9
      thresh= 1.000E-02 alpha_mix =  0.700 |ddv_scf|^2 =  3.177E-09

      iter #   2 total cpu time : 45418.9 secs   av.it.:  16.0
      thresh= 5.637E-06 alpha_mix =  0.700 |ddv_scf|^2 =  1.652E-09

      iter #   3 total cpu time : 45519.4 secs   av.it.:  15.0
      thresh= 4.065E-06 alpha_mix =  0.700 |ddv_scf|^2 =  3.326E-12

      iter #   4 total cpu time : 45624.4 secs   av.it.:  16.0
      thresh= 1.824E-07 alpha_mix =  0.700 |ddv_scf|^2 =  3.561E-13

      iter #   5 total cpu time : 45726.3 secs   av.it.:  15.9
      thresh= 5.968E-08 alpha_mix =  0.700 |ddv_scf|^2 =  2.031E-14

      iter #   6 total cpu time : 45828.4 secs   av.it.:  15.7
      thresh= 1.425E-08 alpha_mix =  0.700 |ddv_scf|^2 =  2.601E-15

     End of self-consistent calculation

     Convergence has been achieved 


     Representation #   5 mode #   5

     Self-consistent Calculation

      iter #   1 total cpu time : 45884.0 secs   av.it.:   5.0
      thresh= 1.000E-02 alpha_mix =  0.700 |ddv_scf|^2 =  5.710E-08

      iter #   2 total cpu time : 45983.8 secs   av.it.:  15.5
      thresh= 2.389E-05 alpha_mix =  0.700 |ddv_scf|^2 =  5.729E-08

      iter #   3 total cpu time : 46079.1 secs   av.it.:  14.4
      thresh= 2.393E-05 alpha_mix =  0.700 |ddv_scf|^2 =  6.684E-11

      iter #   4 total cpu time : 46182.6 secs   av.it.:  16.0
      thresh= 8.176E-07 alpha_mix =  0.700 |ddv_scf|^2 =  1.062E-11

      iter #   5 total cpu time : 46283.5 secs   av.it.:  15.7
      thresh= 3.259E-07 alpha_mix =  0.700 |ddv_scf|^2 =  7.168E-13

      iter #   6 total cpu time : 46385.6 secs   av.it.:  15.9
      thresh= 8.466E-08 alpha_mix =  0.700 |ddv_scf|^2 =  3.289E-14

      iter #   7 total cpu time : 46485.5 secs   av.it.:  15.0
      thresh= 1.814E-08 alpha_mix =  0.700 |ddv_scf|^2 =  5.792E-16

     End of self-consistent calculation

     Convergence has been achieved 


     Representation #   6 mode #   6

     Self-consistent Calculation

      iter #   1 total cpu time : 46533.4 secs   av.it.:   3.0
      thresh= 1.000E-02 alpha_mix =  0.700 |ddv_scf|^2 =  1.644E-09

      iter #   2 total cpu time : 46638.3 secs   av.it.:  16.0
      thresh= 4.054E-06 alpha_mix =  0.700 |ddv_scf|^2 =  8.297E-10

      iter #   3 total cpu time : 46738.1 secs   av.it.:  15.1
      thresh= 2.880E-06 alpha_mix =  0.700 |ddv_scf|^2 =  1.242E-11

      iter #   4 total cpu time : 46837.9 secs   av.it.:  15.0
      thresh= 3.524E-07 alpha_mix =  0.700 |ddv_scf|^2 =  2.370E-12

      iter #   5 total cpu time : 46936.6 secs   av.it.:  15.0
      thresh= 1.540E-07 alpha_mix =  0.700 |ddv_scf|^2 =  8.402E-14

      iter #   6 total cpu time : 47034.4 secs   av.it.:  15.0
      thresh= 2.899E-08 alpha_mix =  0.700 |ddv_scf|^2 =  4.719E-15

     End of self-consistent calculation

     Convergence has been achieved 


     Representation #   7 mode #   7

     Self-consistent Calculation

      iter #   1 total cpu time : 47083.4 secs   av.it.:   4.0
      thresh= 1.000E-02 alpha_mix =  0.700 |ddv_scf|^2 =  1.236E-08

      iter #   2 total cpu time : 47184.5 secs   av.it.:  15.4
      thresh= 1.112E-05 alpha_mix =  0.700 |ddv_scf|^2 =  1.056E-08

      iter #   3 total cpu time : 47281.2 secs   av.it.:  14.9
      thresh= 1.028E-05 alpha_mix =  0.700 |ddv_scf|^2 =  2.432E-11

      iter #   4 total cpu time : 47380.9 secs   av.it.:  15.5
      thresh= 4.931E-07 alpha_mix =  0.700 |ddv_scf|^2 =  9.752E-13

      iter #   5 total cpu time : 47484.2 secs   av.it.:  16.0
      thresh= 9.875E-08 alpha_mix =  0.700 |ddv_scf|^2 =  1.842E-13

      iter #   6 total cpu time : 47581.9 secs   av.it.:  15.0
      thresh= 4.292E-08 alpha_mix =  0.700 |ddv_scf|^2 =  7.350E-15

     End of self-consistent calculation

     Convergence has been achieved 


     Representation #   8 mode #   8

     Self-consistent Calculation

      iter #   1 total cpu time : 47630.1 secs   av.it.:   3.0
      thresh= 1.000E-02 alpha_mix =  0.700 |ddv_scf|^2 =  1.330E-09

      iter #   2 total cpu time : 47735.2 secs   av.it.:  16.0
      thresh= 3.647E-06 alpha_mix =  0.700 |ddv_scf|^2 =  4.420E-10

      iter #   3 total cpu time : 47837.6 secs   av.it.:  15.9
      thresh= 2.102E-06 alpha_mix =  0.700 |ddv_scf|^2 =  4.615E-12

      iter #   4 total cpu time : 47942.0 secs   av.it.:  16.0
      thresh= 2.148E-07 alpha_mix =  0.700 |ddv_scf|^2 =  5.044E-13

      iter #   5 total cpu time : 48048.6 secs   av.it.:  15.9
      thresh= 7.102E-08 alpha_mix =  0.700 |ddv_scf|^2 =  1.838E-14

      iter #   6 total cpu time : 48153.1 secs   av.it.:  16.0
      thresh= 1.356E-08 alpha_mix =  0.700 |ddv_scf|^2 =  1.220E-15

     End of self-consistent calculation

     Convergence has been achieved 


     Representation #   9 mode #   9

     Self-consistent Calculation

      iter #   1 total cpu time : 48198.9 secs   av.it.:   3.0
      thresh= 1.000E-02 alpha_mix =  0.700 |ddv_scf|^2 =  8.448E-10

      iter #   2 total cpu time : 48301.4 secs   av.it.:  16.0
      thresh= 2.906E-06 alpha_mix =  0.700 |ddv_scf|^2 =  2.078E-10

      iter #   3 total cpu time : 48402.5 secs   av.it.:  15.9
      thresh= 1.442E-06 alpha_mix =  0.700 |ddv_scf|^2 =  6.285E-12

      iter #   4 total cpu time : 48504.8 secs   av.it.:  15.9
      thresh= 2.507E-07 alpha_mix =  0.700 |ddv_scf|^2 =  3.258E-13

      iter #   5 total cpu time : 48606.6 secs   av.it.:  15.9
      thresh= 5.708E-08 alpha_mix =  0.700 |ddv_scf|^2 =  1.317E-14

      iter #   6 total cpu time : 48739.1 secs   av.it.:  15.9
      thresh= 1.148E-08 alpha_mix =  0.700 |ddv_scf|^2 =  1.066E-15

     End of self-consistent calculation

     Convergence has been achieved 


     Representation #  10 mode #  10

     Self-consistent Calculation

      iter #   1 total cpu time : 48786.3 secs   av.it.:   3.0
      thresh= 1.000E-02 alpha_mix =  0.700 |ddv_scf|^2 =  6.473E-10

      iter #   2 total cpu time : 48890.8 secs   av.it.:  16.0
      thresh= 2.544E-06 alpha_mix =  0.700 |ddv_scf|^2 =  1.414E-10

      iter #   3 total cpu time : 48993.3 secs   av.it.:  16.0
      thresh= 1.189E-06 alpha_mix =  0.700 |ddv_scf|^2 =  1.242E-11

      iter #   4 total cpu time : 49092.6 secs   av.it.:  15.1
      thresh= 3.524E-07 alpha_mix =  0.700 |ddv_scf|^2 =  7.747E-13

      iter #   5 total cpu time : 49190.0 secs   av.it.:  15.0
      thresh= 8.802E-08 alpha_mix =  0.700 |ddv_scf|^2 =  6.350E-14

      iter #   6 total cpu time : 49288.2 secs   av.it.:  15.2
      thresh= 2.520E-08 alpha_mix =  0.700 |ddv_scf|^2 =  2.080E-15

     End of self-consistent calculation

     Convergence has been achieved 


     Representation #  11 mode #  11

     Self-consistent Calculation

      iter #   1 total cpu time : 49344.6 secs   av.it.:   5.0
      thresh= 1.000E-02 alpha_mix =  0.700 |ddv_scf|^2 =  6.157E-08

      iter #   2 total cpu time : 49449.6 secs   av.it.:  15.1
      thresh= 2.481E-05 alpha_mix =  0.700 |ddv_scf|^2 =  5.429E-08

      iter #   3 total cpu time : 49548.9 secs   av.it.:  14.4
      thresh= 2.330E-05 alpha_mix =  0.700 |ddv_scf|^2 =  1.534E-10

      iter #   4 total cpu time : 49654.9 secs   av.it.:  15.7
      thresh= 1.238E-06 alpha_mix =  0.700 |ddv_scf|^2 =  1.504E-11

      iter #   5 total cpu time : 49758.1 secs   av.it.:  15.3
      thresh= 3.878E-07 alpha_mix =  0.700 |ddv_scf|^2 =  3.446E-13

      iter #   6 total cpu time : 49859.1 secs   av.it.:  15.9
      thresh= 5.871E-08 alpha_mix =  0.700 |ddv_scf|^2 =  2.159E-14

      iter #   7 total cpu time : 49961.6 secs   av.it.:  16.0
      thresh= 1.469E-08 alpha_mix =  0.700 |ddv_scf|^2 =  1.658E-15

     End of self-consistent calculation

     Convergence has been achieved 


     Representation #  12 mode #  12

     Self-consistent Calculation

      iter #   1 total cpu time : 50008.8 secs   av.it.:   3.1
      thresh= 1.000E-02 alpha_mix =  0.700 |ddv_scf|^2 =  8.611E-09

      iter #   2 total cpu time : 50109.0 secs   av.it.:  15.1
      thresh= 9.280E-06 alpha_mix =  0.700 |ddv_scf|^2 =  7.800E-09

      iter #   3 total cpu time : 50204.9 secs   av.it.:  14.6
      thresh= 8.832E-06 alpha_mix =  0.700 |ddv_scf|^2 =  1.168E-11

      iter #   4 total cpu time : 50307.2 secs   av.it.:  15.9
      thresh= 3.418E-07 alpha_mix =  0.700 |ddv_scf|^2 =  1.921E-12

      iter #   5 total cpu time : 50406.8 secs   av.it.:  15.2
      thresh= 1.386E-07 alpha_mix =  0.700 |ddv_scf|^2 =  2.440E-14

      iter #   6 total cpu time : 50512.4 secs   av.it.:  15.9
      thresh= 1.562E-08 alpha_mix =  0.700 |ddv_scf|^2 =  3.613E-15

     End of self-consistent calculation

     Convergence has been achieved 


     Representation #  13 mode #  13

     Self-consistent Calculation

      iter #   1 total cpu time : 50561.2 secs   av.it.:   3.0
      thresh= 1.000E-02 alpha_mix =  0.700 |ddv_scf|^2 =  1.327E-09

      iter #   2 total cpu time : 50663.6 secs   av.it.:  16.0
      thresh= 3.642E-06 alpha_mix =  0.700 |ddv_scf|^2 =  2.857E-10

      iter #   3 total cpu time : 50766.0 secs   av.it.:  15.9
      thresh= 1.690E-06 alpha_mix =  0.700 |ddv_scf|^2 =  7.935E-12

      iter #   4 total cpu time : 50868.3 secs   av.it.:  15.7
      thresh= 2.817E-07 alpha_mix =  0.700 |ddv_scf|^2 =  2.601E-13

      iter #   5 total cpu time : 50971.5 secs   av.it.:  15.9
      thresh= 5.100E-08 alpha_mix =  0.700 |ddv_scf|^2 =  2.356E-14

      iter #   6 total cpu time : 51074.3 secs   av.it.:  15.9
      thresh= 1.535E-08 alpha_mix =  0.700 |ddv_scf|^2 =  2.977E-15

     End of self-consistent calculation

     Convergence has been achieved 


     Representation #  14 mode #  14

     Self-consistent Calculation

      iter #   1 total cpu time : 51128.8 secs   av.it.:   4.4
      thresh= 1.000E-02 alpha_mix =  0.700 |ddv_scf|^2 =  9.323E-09

      iter #   2 total cpu time : 51233.2 secs   av.it.:  16.0
      thresh= 9.656E-06 alpha_mix =  0.700 |ddv_scf|^2 =  2.446E-09

      iter #   3 total cpu time : 51334.5 secs   av.it.:  15.6
      thresh= 4.946E-06 alpha_mix =  0.700 |ddv_scf|^2 =  3.339E-11

      iter #   4 total cpu time : 51437.2 secs   av.it.:  15.9
      thresh= 5.778E-07 alpha_mix =  0.700 |ddv_scf|^2 =  2.111E-12

      iter #   5 total cpu time : 51541.8 secs   av.it.:  16.0
      thresh= 1.453E-07 alpha_mix =  0.700 |ddv_scf|^2 =  2.633E-13

      iter #   6 total cpu time : 51645.7 secs   av.it.:  16.0
      thresh= 5.131E-08 alpha_mix =  0.700 |ddv_scf|^2 =  7.524E-15

     End of self-consistent calculation

     Convergence has been achieved 


     Representation #  15 mode #  15

     Self-consistent Calculation

      iter #   1 total cpu time : 51693.0 secs   av.it.:   3.0
      thresh= 1.000E-02 alpha_mix =  0.700 |ddv_scf|^2 =  1.275E-09

      iter #   2 total cpu time : 51796.9 secs   av.it.:  16.0
      thresh= 3.571E-06 alpha_mix =  0.700 |ddv_scf|^2 =  3.365E-10

      iter #   3 total cpu time : 51898.5 secs   av.it.:  15.6
      thresh= 1.834E-06 alpha_mix =  0.700 |ddv_scf|^2 =  3.475E-12

      iter #   4 total cpu time : 52000.8 secs   av.it.:  15.9
      thresh= 1.864E-07 alpha_mix =  0.700 |ddv_scf|^2 =  1.934E-13

      iter #   5 total cpu time : 52103.8 secs   av.it.:  16.0
      thresh= 4.398E-08 alpha_mix =  0.700 |ddv_scf|^2 =  7.915E-15

     End of self-consistent calculation

     Convergence has been achieved 


     Representation #  16 mode #  16

     Self-consistent Calculation

      iter #   1 total cpu time : 52152.6 secs   av.it.:   3.4
      thresh= 1.000E-02 alpha_mix =  0.700 |ddv_scf|^2 =  2.360E-09

      iter #   2 total cpu time : 52257.8 secs   av.it.:  16.0
      thresh= 4.858E-06 alpha_mix =  0.700 |ddv_scf|^2 =  1.021E-09

      iter #   3 total cpu time : 52358.4 secs   av.it.:  15.4
      thresh= 3.195E-06 alpha_mix =  0.700 |ddv_scf|^2 =  4.141E-12

      iter #   4 total cpu time : 52463.1 secs   av.it.:  16.0
      thresh= 2.035E-07 alpha_mix =  0.700 |ddv_scf|^2 =  7.297E-13

      iter #   5 total cpu time : 52564.3 secs   av.it.:  15.7
      thresh= 8.542E-08 alpha_mix =  0.700 |ddv_scf|^2 =  1.780E-14

      iter #   6 total cpu time : 52667.6 secs   av.it.:  16.0
      thresh= 1.334E-08 alpha_mix =  0.700 |ddv_scf|^2 =  1.357E-15

     End of self-consistent calculation

     Convergence has been achieved 


     Representation #  17 mode #  17

     Self-consistent Calculation

      iter #   1 total cpu time : 52735.2 secs   av.it.:   6.9
      thresh= 1.000E-02 alpha_mix =  0.700 |ddv_scf|^2 =  3.264E-07

      iter #   2 total cpu time : 52841.4 secs   av.it.:  15.7
      thresh= 5.713E-05 alpha_mix =  0.700 |ddv_scf|^2 =  2.991E-07

      iter #   3 total cpu time : 52943.0 secs   av.it.:  14.9
      thresh= 5.469E-05 alpha_mix =  0.700 |ddv_scf|^2 =  8.306E-10

      iter #   4 total cpu time : 53048.5 secs   av.it.:  15.4
      thresh= 2.882E-06 alpha_mix =  0.700 |ddv_scf|^2 =  2.346E-11

      iter #   5 total cpu time : 53155.1 secs   av.it.:  15.8
      thresh= 4.844E-07 alpha_mix =  0.700 |ddv_scf|^2 =  5.568E-13

      iter #   6 total cpu time : 53260.7 secs   av.it.:  16.0
      thresh= 7.462E-08 alpha_mix =  0.700 |ddv_scf|^2 =  9.497E-14

      iter #   7 total cpu time : 53362.8 secs   av.it.:  15.8
      thresh= 3.082E-08 alpha_mix =  0.700 |ddv_scf|^2 =  1.301E-14

      iter #   8 total cpu time : 53463.8 secs   av.it.:  15.1
      thresh= 1.141E-08 alpha_mix =  0.700 |ddv_scf|^2 =  5.206E-16

     End of self-consistent calculation

     Convergence has been achieved 


     Representation #  18 mode #  18

     Self-consistent Calculation

      iter #   1 total cpu time : 53512.5 secs   av.it.:   3.4
      thresh= 1.000E-02 alpha_mix =  0.700 |ddv_scf|^2 =  2.497E-09

      iter #   2 total cpu time : 53618.1 secs   av.it.:  16.0
      thresh= 4.997E-06 alpha_mix =  0.700 |ddv_scf|^2 =  1.727E-09

      iter #   3 total cpu time : 53716.7 secs   av.it.:  15.0
      thresh= 4.156E-06 alpha_mix =  0.700 |ddv_scf|^2 =  2.176E-11

      iter #   4 total cpu time : 53817.8 secs   av.it.:  15.3
      thresh= 4.665E-07 alpha_mix =  0.700 |ddv_scf|^2 =  2.344E-12

      iter #   5 total cpu time : 53918.6 secs   av.it.:  15.1
      thresh= 1.531E-07 alpha_mix =  0.700 |ddv_scf|^2 =  4.209E-14

      iter #   6 total cpu time : 54021.2 secs   av.it.:  15.9
      thresh= 2.052E-08 alpha_mix =  0.700 |ddv_scf|^2 =  5.173E-15

     End of self-consistent calculation

     Convergence has been achieved 


     Representation #  19 mode #  19

     Self-consistent Calculation

      iter #   1 total cpu time : 54067.3 secs   av.it.:   3.0
      thresh= 1.000E-02 alpha_mix =  0.700 |ddv_scf|^2 =  5.259E-10

      iter #   2 total cpu time : 54172.3 secs   av.it.:  16.0
      thresh= 2.293E-06 alpha_mix =  0.700 |ddv_scf|^2 =  1.022E-10

      iter #   3 total cpu time : 54273.4 secs   av.it.:  16.0
      thresh= 1.011E-06 alpha_mix =  0.700 |ddv_scf|^2 =  4.018E-12

      iter #   4 total cpu time : 54374.5 secs   av.it.:  16.0
      thresh= 2.004E-07 alpha_mix =  0.700 |ddv_scf|^2 =  3.010E-13

      iter #   5 total cpu time : 54474.4 secs   av.it.:  15.9
      thresh= 5.487E-08 alpha_mix =  0.700 |ddv_scf|^2 =  1.436E-14

      iter #   6 total cpu time : 54575.2 secs   av.it.:  15.9
      thresh= 1.198E-08 alpha_mix =  0.700 |ddv_scf|^2 =  1.434E-15

     End of self-consistent calculation

     Convergence has been achieved 


     Representation #  20 mode #  20

     Self-consistent Calculation

      iter #   1 total cpu time : 54623.1 secs   av.it.:   3.0
      thresh= 1.000E-02 alpha_mix =  0.700 |ddv_scf|^2 =  1.291E-09

      iter #   2 total cpu time : 54726.1 secs   av.it.:  15.9
      thresh= 3.593E-06 alpha_mix =  0.700 |ddv_scf|^2 =  2.424E-10

      iter #   3 total cpu time : 54827.9 secs   av.it.:  15.9
      thresh= 1.557E-06 alpha_mix =  0.700 |ddv_scf|^2 =  5.473E-12

      iter #   4 total cpu time : 54930.5 secs   av.it.:  15.9
      thresh= 2.340E-07 alpha_mix =  0.700 |ddv_scf|^2 =  4.166E-13

      iter #   5 total cpu time : 55033.3 secs   av.it.:  15.9
      thresh= 6.454E-08 alpha_mix =  0.700 |ddv_scf|^2 =  1.385E-14

      iter #   6 total cpu time : 55138.3 secs   av.it.:  16.0
      thresh= 1.177E-08 alpha_mix =  0.700 |ddv_scf|^2 =  1.170E-15

     End of self-consistent calculation

     Convergence has been achieved 


     Representation #  21 mode #  21

     Self-consistent Calculation

      iter #   1 total cpu time : 55195.7 secs   av.it.:   3.2
      thresh= 1.000E-02 alpha_mix =  0.700 |ddv_scf|^2 =  2.364E-09

      iter #   2 total cpu time : 55304.3 secs   av.it.:  16.0
      thresh= 4.863E-06 alpha_mix =  0.700 |ddv_scf|^2 =  1.181E-09

      iter #   3 total cpu time : 55408.9 secs   av.it.:  15.2
      thresh= 3.436E-06 alpha_mix =  0.700 |ddv_scf|^2 =  1.010E-11

      iter #   4 total cpu time : 55512.9 secs   av.it.:  15.0
      thresh= 3.178E-07 alpha_mix =  0.700 |ddv_scf|^2 =  2.969E-12

      iter #   5 total cpu time : 55614.2 secs   av.it.:  15.0
      thresh= 1.723E-07 alpha_mix =  0.700 |ddv_scf|^2 =  3.351E-14

      iter #   6 total cpu time : 55721.7 secs   av.it.:  16.0
      thresh= 1.831E-08 alpha_mix =  0.700 |ddv_scf|^2 =  5.023E-15

     End of self-consistent calculation

     Convergence has been achieved 


     Representation #  22 mode #  22

     Self-consistent Calculation

      iter #   1 total cpu time : 55770.8 secs   av.it.:   3.2
      thresh= 1.000E-02 alpha_mix =  0.700 |ddv_scf|^2 =  1.535E-09

      iter #   2 total cpu time : 55878.2 secs   av.it.:  16.0
      thresh= 3.919E-06 alpha_mix =  0.700 |ddv_scf|^2 =  4.097E-10

      iter #   3 total cpu time : 55983.4 secs   av.it.:  15.6
      thresh= 2.024E-06 alpha_mix =  0.700 |ddv_scf|^2 =  5.301E-12

      iter #   4 total cpu time : 56089.5 secs   av.it.:  15.9
      thresh= 2.302E-07 alpha_mix =  0.700 |ddv_scf|^2 =  1.510E-13

      iter #   5 total cpu time : 56195.4 secs   av.it.:  16.0
      thresh= 3.886E-08 alpha_mix =  0.700 |ddv_scf|^2 =  1.494E-14

      iter #   6 total cpu time : 56299.4 secs   av.it.:  15.9
      thresh= 1.222E-08 alpha_mix =  0.700 |ddv_scf|^2 =  1.347E-15

     End of self-consistent calculation

     Convergence has been achieved 


     Representation #  23 mode #  23

     Self-consistent Calculation

      iter #   1 total cpu time : 56349.2 secs   av.it.:   3.9
      thresh= 1.000E-02 alpha_mix =  0.700 |ddv_scf|^2 =  3.553E-09

      iter #   2 total cpu time : 56452.7 secs   av.it.:  16.0
      thresh= 5.961E-06 alpha_mix =  0.700 |ddv_scf|^2 =  1.742E-09

      iter #   3 total cpu time : 56553.0 secs   av.it.:  15.1
      thresh= 4.174E-06 alpha_mix =  0.700 |ddv_scf|^2 =  2.781E-11

      iter #   4 total cpu time : 56651.1 secs   av.it.:  15.0
      thresh= 5.274E-07 alpha_mix =  0.700 |ddv_scf|^2 =  2.285E-12

      iter #   5 total cpu time : 56749.8 secs   av.it.:  15.0
      thresh= 1.511E-07 alpha_mix =  0.700 |ddv_scf|^2 =  5.015E-14

      iter #   6 total cpu time : 56850.7 secs   av.it.:  15.4
      thresh= 2.239E-08 alpha_mix =  0.700 |ddv_scf|^2 =  4.598E-15

     End of self-consistent calculation

     Convergence has been achieved 


     Representation #  24 mode #  24

     Self-consistent Calculation

      iter #   1 total cpu time : 56898.1 secs   av.it.:   3.0
      thresh= 1.000E-02 alpha_mix =  0.700 |ddv_scf|^2 =  2.011E-09

      iter #   2 total cpu time : 57001.8 secs   av.it.:  16.0
      thresh= 4.484E-06 alpha_mix =  0.700 |ddv_scf|^2 =  9.513E-10

      iter #   3 total cpu time : 57102.0 secs   av.it.:  15.1
      thresh= 3.084E-06 alpha_mix =  0.700 |ddv_scf|^2 =  2.545E-11

      iter #   4 total cpu time : 57200.8 secs   av.it.:  15.0
      thresh= 5.045E-07 alpha_mix =  0.700 |ddv_scf|^2 =  3.224E-12

      iter #   5 total cpu time : 57297.1 secs   av.it.:  14.9
      thresh= 1.796E-07 alpha_mix =  0.700 |ddv_scf|^2 =  6.830E-14

      iter #   6 total cpu time : 57397.5 secs   av.it.:  15.3
      thresh= 2.613E-08 alpha_mix =  0.700 |ddv_scf|^2 =  3.718E-15

     End of self-consistent calculation

     Convergence has been achieved 


     Representation #  25 mode #  25

     Self-consistent Calculation

      iter #   1 total cpu time : 57463.7 secs   av.it.:   6.9
      thresh= 1.000E-02 alpha_mix =  0.700 |ddv_scf|^2 =  3.264E-07

      iter #   2 total cpu time : 57565.0 secs   av.it.:  15.7
      thresh= 5.713E-05 alpha_mix =  0.700 |ddv_scf|^2 =  2.991E-07

      iter #   3 total cpu time : 57661.6 secs   av.it.:  14.9
      thresh= 5.469E-05 alpha_mix =  0.700 |ddv_scf|^2 =  8.304E-10

      iter #   4 total cpu time : 57761.9 secs   av.it.:  15.4
      thresh= 2.882E-06 alpha_mix =  0.700 |ddv_scf|^2 =  2.346E-11

      iter #   5 total cpu time : 57863.0 secs   av.it.:  15.8
      thresh= 4.844E-07 alpha_mix =  0.700 |ddv_scf|^2 =  5.567E-13

      iter #   6 total cpu time : 57967.1 secs   av.it.:  16.0
      thresh= 7.461E-08 alpha_mix =  0.700 |ddv_scf|^2 =  9.493E-14

      iter #   7 total cpu time : 58068.4 secs   av.it.:  15.8
      thresh= 3.081E-08 alpha_mix =  0.700 |ddv_scf|^2 =  1.301E-14

      iter #   8 total cpu time : 58168.5 secs   av.it.:  15.1
      thresh= 1.141E-08 alpha_mix =  0.700 |ddv_scf|^2 =  5.203E-16

     End of self-consistent calculation

     Convergence has been achieved 


     Representation #  26 mode #  26

     Self-consistent Calculation

      iter #   1 total cpu time : 58214.1 secs   av.it.:   3.0
      thresh= 1.000E-02 alpha_mix =  0.700 |ddv_scf|^2 =  6.424E-10

      iter #   2 total cpu time : 58317.0 secs   av.it.:  16.0
      thresh= 2.535E-06 alpha_mix =  0.700 |ddv_scf|^2 =  4.033E-10

      iter #   3 total cpu time : 58414.9 secs   av.it.:  15.0
      thresh= 2.008E-06 alpha_mix =  0.700 |ddv_scf|^2 =  1.034E-11

      iter #   4 total cpu time : 58515.2 secs   av.it.:  15.0
      thresh= 3.216E-07 alpha_mix =  0.700 |ddv_scf|^2 =  4.949E-13

      iter #   5 total cpu time : 58615.7 secs   av.it.:  15.1
      thresh= 7.035E-08 alpha_mix =  0.700 |ddv_scf|^2 =  1.857E-14

      iter #   6 total cpu time : 58720.2 secs   av.it.:  16.0
      thresh= 1.363E-08 alpha_mix =  0.700 |ddv_scf|^2 =  2.489E-15

     End of self-consistent calculation

     Convergence has been achieved 


     Representation #  27 mode #  27

     Self-consistent Calculation

      iter #   1 total cpu time : 58784.9 secs   av.it.:   6.2
      thresh= 1.000E-02 alpha_mix =  0.700 |ddv_scf|^2 =  6.680E-08

      iter #   2 total cpu time : 58888.6 secs   av.it.:  16.0
      thresh= 2.585E-05 alpha_mix =  0.700 |ddv_scf|^2 =  2.031E-08

      iter #   3 total cpu time : 58990.6 secs   av.it.:  15.6
      thresh= 1.425E-05 alpha_mix =  0.700 |ddv_scf|^2 =  1.694E-10

      iter #   4 total cpu time : 59093.3 secs   av.it.:  15.9
      thresh= 1.302E-06 alpha_mix =  0.700 |ddv_scf|^2 =  1.175E-11

      iter #   5 total cpu time : 59196.3 secs   av.it.:  16.0
      thresh= 3.427E-07 alpha_mix =  0.700 |ddv_scf|^2 =  1.864E-13

      iter #   6 total cpu time : 59298.8 secs   av.it.:  15.9
      thresh= 4.317E-08 alpha_mix =  0.700 |ddv_scf|^2 =  2.639E-14

      iter #   7 total cpu time : 59398.6 secs   av.it.:  15.1
      thresh= 1.625E-08 alpha_mix =  0.700 |ddv_scf|^2 =  1.760E-15

     End of self-consistent calculation

     Convergence has been achieved 


     Representation #  28 mode #  28

     Self-consistent Calculation

      iter #   1 total cpu time : 59453.9 secs   av.it.:   5.0
      thresh= 1.000E-02 alpha_mix =  0.700 |ddv_scf|^2 =  2.439E-08

      iter #   2 total cpu time : 59554.9 secs   av.it.:  16.0
      thresh= 1.562E-05 alpha_mix =  0.700 |ddv_scf|^2 =  2.118E-08

      iter #   3 total cpu time : 59649.5 secs   av.it.:  14.9
      thresh= 1.455E-05 alpha_mix =  0.700 |ddv_scf|^2 =  1.091E-10

      iter #   4 total cpu time : 59749.2 secs   av.it.:  15.8
      thresh= 1.045E-06 alpha_mix =  0.700 |ddv_scf|^2 =  6.407E-12

      iter #   5 total cpu time : 59850.6 secs   av.it.:  16.0
      thresh= 2.531E-07 alpha_mix =  0.700 |ddv_scf|^2 =  6.104E-13

      iter #   6 total cpu time : 59953.9 secs   av.it.:  16.0
      thresh= 7.813E-08 alpha_mix =  0.700 |ddv_scf|^2 =  1.621E-14

      iter #   7 total cpu time : 60054.5 secs   av.it.:  15.1
      thresh= 1.273E-08 alpha_mix =  0.700 |ddv_scf|^2 =  2.017E-16

     End of self-consistent calculation

     Convergence has been achieved 


     Representation #  29 mode #  29

     Self-consistent Calculation

      iter #   1 total cpu time : 60102.1 secs   av.it.:   3.0
      thresh= 1.000E-02 alpha_mix =  0.700 |ddv_scf|^2 =  4.222E-09

      iter #   2 total cpu time : 60204.2 secs   av.it.:  15.9
      thresh= 6.498E-06 alpha_mix =  0.700 |ddv_scf|^2 =  2.408E-09

      iter #   3 total cpu time : 60301.5 secs   av.it.:  14.9
      thresh= 4.907E-06 alpha_mix =  0.700 |ddv_scf|^2 =  1.739E-11

      iter #   4 total cpu time : 60401.7 secs   av.it.:  15.0
      thresh= 4.170E-07 alpha_mix =  0.700 |ddv_scf|^2 =  2.235E-12

      iter #   5 total cpu time : 60502.3 secs   av.it.:  15.1
      thresh= 1.495E-07 alpha_mix =  0.700 |ddv_scf|^2 =  5.643E-14

      iter #   6 total cpu time : 60608.1 secs   av.it.:  15.8
      thresh= 2.375E-08 alpha_mix =  0.700 |ddv_scf|^2 =  1.862E-15

     End of self-consistent calculation

     Convergence has been achieved 


     Representation #  30 mode #  30

     Self-consistent Calculation

      iter #   1 total cpu time : 60673.2 secs   av.it.:   6.3
      thresh= 1.000E-02 alpha_mix =  0.700 |ddv_scf|^2 =  6.946E-08

      iter #   2 total cpu time : 60777.5 secs   av.it.:  16.0
      thresh= 2.636E-05 alpha_mix =  0.700 |ddv_scf|^2 =  2.323E-08

      iter #   3 total cpu time : 60879.3 secs   av.it.:  15.7
      thresh= 1.524E-05 alpha_mix =  0.700 |ddv_scf|^2 =  1.386E-10

      iter #   4 total cpu time : 60983.3 secs   av.it.:  16.0
      thresh= 1.177E-06 alpha_mix =  0.700 |ddv_scf|^2 =  1.180E-11

      iter #   5 total cpu time : 61087.4 secs   av.it.:  16.0
      thresh= 3.435E-07 alpha_mix =  0.700 |ddv_scf|^2 =  3.265E-13

      iter #   6 total cpu time : 61191.2 secs   av.it.:  16.0
      thresh= 5.714E-08 alpha_mix =  0.700 |ddv_scf|^2 =  3.961E-14

      iter #   7 total cpu time : 61292.0 secs   av.it.:  15.3
      thresh= 1.990E-08 alpha_mix =  0.700 |ddv_scf|^2 =  1.483E-15

     End of self-consistent calculation

     Convergence has been achieved 


     Representation #  31 mode #  31

     Self-consistent Calculation

      iter #   1 total cpu time : 61339.4 secs   av.it.:   3.0
      thresh= 1.000E-02 alpha_mix =  0.700 |ddv_scf|^2 =  2.589E-09

      iter #   2 total cpu time : 61440.8 secs   av.it.:  16.0
      thresh= 5.088E-06 alpha_mix =  0.700 |ddv_scf|^2 =  1.211E-09

      iter #   3 total cpu time : 61537.5 secs   av.it.:  15.0
      thresh= 3.481E-06 alpha_mix =  0.700 |ddv_scf|^2 =  1.921E-11

      iter #   4 total cpu time : 61636.4 secs   av.it.:  15.0
      thresh= 4.383E-07 alpha_mix =  0.700 |ddv_scf|^2 =  1.613E-12

      iter #   5 total cpu time : 61736.6 secs   av.it.:  15.1
      thresh= 1.270E-07 alpha_mix =  0.700 |ddv_scf|^2 =  4.749E-14

      iter #   6 total cpu time : 61837.0 secs   av.it.:  15.2
      thresh= 2.179E-08 alpha_mix =  0.700 |ddv_scf|^2 =  1.557E-15

     End of self-consistent calculation

     Convergence has been achieved 


     Representation #  32 mode #  32

     Self-consistent Calculation

      iter #   1 total cpu time : 61891.1 secs   av.it.:   4.5
      thresh= 1.000E-02 alpha_mix =  0.700 |ddv_scf|^2 =  5.631E-09

      iter #   2 total cpu time : 61996.0 secs   av.it.:  16.0
      thresh= 7.504E-06 alpha_mix =  0.700 |ddv_scf|^2 =  7.971E-10

      iter #   3 total cpu time : 62097.3 secs   av.it.:  15.9
      thresh= 2.823E-06 alpha_mix =  0.700 |ddv_scf|^2 =  2.878E-11

      iter #   4 total cpu time : 62196.8 secs   av.it.:  15.9
      thresh= 5.364E-07 alpha_mix =  0.700 |ddv_scf|^2 =  2.031E-12

      iter #   5 total cpu time : 62298.4 secs   av.it.:  15.9
      thresh= 1.425E-07 alpha_mix =  0.700 |ddv_scf|^2 =  1.425E-13

      iter #   6 total cpu time : 62402.7 secs   av.it.:  16.0
      thresh= 3.775E-08 alpha_mix =  0.700 |ddv_scf|^2 =  5.148E-15

     End of self-consistent calculation

     Convergence has been achieved 


     Representation #  33 mode #  33

     Self-consistent Calculation

      iter #   1 total cpu time : 62457.9 secs   av.it.:   4.7
      thresh= 1.000E-02 alpha_mix =  0.700 |ddv_scf|^2 =  1.133E-08

      iter #   2 total cpu time : 62562.1 secs   av.it.:  16.0
      thresh= 1.064E-05 alpha_mix =  0.700 |ddv_scf|^2 =  3.018E-09

      iter #   3 total cpu time : 62661.3 secs   av.it.:  15.1
      thresh= 5.494E-06 alpha_mix =  0.700 |ddv_scf|^2 =  2.498E-11

      iter #   4 total cpu time : 62764.7 secs   av.it.:  16.0
      thresh= 4.998E-07 alpha_mix =  0.700 |ddv_scf|^2 =  2.334E-12

      iter #   5 total cpu time : 62868.8 secs   av.it.:  15.9
      thresh= 1.528E-07 alpha_mix =  0.700 |ddv_scf|^2 =  9.820E-14

      iter #   6 total cpu time : 62974.2 secs   av.it.:  16.0
      thresh= 3.134E-08 alpha_mix =  0.700 |ddv_scf|^2 =  1.089E-14

      iter #   7 total cpu time : 63076.8 secs   av.it.:  15.9
      thresh= 1.043E-08 alpha_mix =  0.700 |ddv_scf|^2 =  2.750E-16

     End of self-consistent calculation

     Convergence has been achieved 


     Representation #  34 mode #  34

     Self-consistent Calculation

      iter #   1 total cpu time : 63124.1 secs   av.it.:   3.0
      thresh= 1.000E-02 alpha_mix =  0.700 |ddv_scf|^2 =  7.917E-09

      iter #   2 total cpu time : 63224.7 secs   av.it.:  15.0
      thresh= 8.898E-06 alpha_mix =  0.700 |ddv_scf|^2 =  6.637E-09

      iter #   3 total cpu time : 63320.7 secs   av.it.:  14.6
      thresh= 8.147E-06 alpha_mix =  0.700 |ddv_scf|^2 =  1.483E-11

      iter #   4 total cpu time : 63423.0 secs   av.it.:  15.8
      thresh= 3.851E-07 alpha_mix =  0.700 |ddv_scf|^2 =  2.118E-12

      iter #   5 total cpu time : 63524.1 secs   av.it.:  15.3
      thresh= 1.455E-07 alpha_mix =  0.700 |ddv_scf|^2 =  4.013E-14

      iter #   6 total cpu time : 63626.3 secs   av.it.:  15.8
      thresh= 2.003E-08 alpha_mix =  0.700 |ddv_scf|^2 =  2.932E-15

     End of self-consistent calculation

     Convergence has been achieved 


     Representation #  35 mode #  35

     Self-consistent Calculation

      iter #   1 total cpu time : 63673.0 secs   av.it.:   3.0
      thresh= 1.000E-02 alpha_mix =  0.700 |ddv_scf|^2 =  8.799E-10

      iter #   2 total cpu time : 63773.7 secs   av.it.:  16.0
      thresh= 2.966E-06 alpha_mix =  0.700 |ddv_scf|^2 =  2.350E-10

      iter #   3 total cpu time : 63873.6 secs   av.it.:  16.0
      thresh= 1.533E-06 alpha_mix =  0.700 |ddv_scf|^2 =  7.016E-12

      iter #   4 total cpu time : 63976.2 secs   av.it.:  15.9
      thresh= 2.649E-07 alpha_mix =  0.700 |ddv_scf|^2 =  1.261E-12

      iter #   5 total cpu time : 64078.8 secs   av.it.:  15.0
      thresh= 1.123E-07 alpha_mix =  0.700 |ddv_scf|^2 =  5.184E-14

      iter #   6 total cpu time : 64184.6 secs   av.it.:  15.4
      thresh= 2.277E-08 alpha_mix =  0.700 |ddv_scf|^2 =  4.195E-15

     End of self-consistent calculation

     Convergence has been achieved 


     Representation #  36 mode #  36

     Self-consistent Calculation

      iter #   1 total cpu time : 64232.0 secs   av.it.:   3.0
      thresh= 1.000E-02 alpha_mix =  0.700 |ddv_scf|^2 =  8.943E-10

      iter #   2 total cpu time : 64340.8 secs   av.it.:  16.0
      thresh= 2.991E-06 alpha_mix =  0.700 |ddv_scf|^2 =  2.793E-10

      iter #   3 total cpu time : 64446.8 secs   av.it.:  15.6
      thresh= 1.671E-06 alpha_mix =  0.700 |ddv_scf|^2 =  6.753E-12

      iter #   4 total cpu time : 64553.7 secs   av.it.:  15.9
      thresh= 2.599E-07 alpha_mix =  0.700 |ddv_scf|^2 =  1.820E-13

      iter #   5 total cpu time : 64660.7 secs   av.it.:  16.0
      thresh= 4.266E-08 alpha_mix =  0.700 |ddv_scf|^2 =  9.791E-15

     End of self-consistent calculation

     Convergence has been achieved 


     Representation #  37 mode #  37

     Self-consistent Calculation

      iter #   1 total cpu time : 64708.1 secs   av.it.:   3.0
      thresh= 1.000E-02 alpha_mix =  0.700 |ddv_scf|^2 =  1.229E-09

      iter #   2 total cpu time : 64812.8 secs   av.it.:  16.0
      thresh= 3.505E-06 alpha_mix =  0.700 |ddv_scf|^2 =  4.505E-10

      iter #   3 total cpu time : 64914.5 secs   av.it.:  15.7
      thresh= 2.122E-06 alpha_mix =  0.700 |ddv_scf|^2 =  5.836E-12

      iter #   4 total cpu time : 65017.3 secs   av.it.:  15.9
      thresh= 2.416E-07 alpha_mix =  0.700 |ddv_scf|^2 =  2.107E-13

      iter #   5 total cpu time : 65118.9 secs   av.it.:  15.9
      thresh= 4.590E-08 alpha_mix =  0.700 |ddv_scf|^2 =  1.483E-14

      iter #   6 total cpu time : 65219.5 secs   av.it.:  15.8
      thresh= 1.218E-08 alpha_mix =  0.700 |ddv_scf|^2 =  8.626E-16

     End of self-consistent calculation

     Convergence has been achieved 


     Representation #  38 mode #  38

     Self-consistent Calculation

      iter #   1 total cpu time : 65268.0 secs   av.it.:   3.9
      thresh= 1.000E-02 alpha_mix =  0.700 |ddv_scf|^2 =  4.328E-09

      iter #   2 total cpu time : 65371.2 secs   av.it.:  15.9
      thresh= 6.579E-06 alpha_mix =  0.700 |ddv_scf|^2 =  2.879E-09

      iter #   3 total cpu time : 65469.7 secs   av.it.:  15.0
      thresh= 5.365E-06 alpha_mix =  0.700 |ddv_scf|^2 =  4.643E-11

      iter #   4 total cpu time : 65571.9 secs   av.it.:  15.0
      thresh= 6.814E-07 alpha_mix =  0.700 |ddv_scf|^2 =  1.597E-12

      iter #   5 total cpu time : 65673.8 secs   av.it.:  15.9
      thresh= 1.264E-07 alpha_mix =  0.700 |ddv_scf|^2 =  1.345E-13

      iter #   6 total cpu time : 65771.7 secs   av.it.:  15.1
      thresh= 3.668E-08 alpha_mix =  0.700 |ddv_scf|^2 =  1.020E-14

      iter #   7 total cpu time : 65867.6 secs   av.it.:  15.0
      thresh= 1.010E-08 alpha_mix =  0.700 |ddv_scf|^2 =  1.628E-16

     End of self-consistent calculation

     Convergence has been achieved 


     Representation #  39 mode #  39

     Self-consistent Calculation

      iter #   1 total cpu time : 65913.6 secs   av.it.:   3.0
      thresh= 1.000E-02 alpha_mix =  0.700 |ddv_scf|^2 =  1.716E-09

      iter #   2 total cpu time : 66015.6 secs   av.it.:  15.8
      thresh= 4.143E-06 alpha_mix =  0.700 |ddv_scf|^2 =  1.797E-10

      iter #   3 total cpu time : 66115.4 secs   av.it.:  15.9
      thresh= 1.341E-06 alpha_mix =  0.700 |ddv_scf|^2 =  8.098E-12

      iter #   4 total cpu time : 66214.1 secs   av.it.:  15.4
      thresh= 2.846E-07 alpha_mix =  0.700 |ddv_scf|^2 =  3.718E-13

      iter #   5 total cpu time : 66311.5 secs   av.it.:  15.0
      thresh= 6.097E-08 alpha_mix =  0.700 |ddv_scf|^2 =  8.301E-15

     End of self-consistent calculation

     Convergence has been achieved 


     Representation #  40 mode #  40

     Self-consistent Calculation

      iter #   1 total cpu time : 66358.7 secs   av.it.:   3.5
      thresh= 1.000E-02 alpha_mix =  0.700 |ddv_scf|^2 =  2.591E-09

      iter #   2 total cpu time : 66460.7 secs   av.it.:  16.0
      thresh= 5.090E-06 alpha_mix =  0.700 |ddv_scf|^2 =  1.438E-09

      iter #   3 total cpu time : 66561.3 secs   av.it.:  15.0
      thresh= 3.792E-06 alpha_mix =  0.700 |ddv_scf|^2 =  2.439E-12

      iter #   4 total cpu time : 66663.6 secs   av.it.:  16.0
      thresh= 1.562E-07 alpha_mix =  0.700 |ddv_scf|^2 =  3.724E-13

      iter #   5 total cpu time : 66762.9 secs   av.it.:  15.9
      thresh= 6.102E-08 alpha_mix =  0.700 |ddv_scf|^2 =  1.724E-14

      iter #   6 total cpu time : 66863.0 secs   av.it.:  15.9
      thresh= 1.313E-08 alpha_mix =  0.700 |ddv_scf|^2 =  1.056E-15

     End of self-consistent calculation

     Convergence has been achieved 


     Representation #  41 mode #  41

     Self-consistent Calculation

      iter #   1 total cpu time : 66916.7 secs   av.it.:   4.2
      thresh= 1.000E-02 alpha_mix =  0.700 |ddv_scf|^2 =  1.359E-08

      iter #   2 total cpu time : 67019.2 secs   av.it.:  15.9
      thresh= 1.166E-05 alpha_mix =  0.700 |ddv_scf|^2 =  6.006E-09

      iter #   3 total cpu time : 67118.1 secs   av.it.:  15.0
      thresh= 7.750E-06 alpha_mix =  0.700 |ddv_scf|^2 =  2.851E-10

      iter #   4 total cpu time : 67216.2 secs   av.it.:  15.0
      thresh= 1.688E-06 alpha_mix =  0.700 |ddv_scf|^2 =  3.455E-12

      iter #   5 total cpu time : 67316.7 secs   av.it.:  15.9
      thresh= 1.859E-07 alpha_mix =  0.700 |ddv_scf|^2 =  5.732E-13

      iter #   6 total cpu time : 67416.2 secs   av.it.:  16.0
      thresh= 7.571E-08 alpha_mix =  0.700 |ddv_scf|^2 =  5.040E-15

     End of self-consistent calculation

     Convergence has been achieved 


     Representation #  42 mode #  42

     Self-consistent Calculation

      iter #   1 total cpu time : 67462.5 secs   av.it.:   3.0
      thresh= 1.000E-02 alpha_mix =  0.700 |ddv_scf|^2 =  2.005E-09

      iter #   2 total cpu time : 67580.8 secs   av.it.:  16.0
      thresh= 4.478E-06 alpha_mix =  0.700 |ddv_scf|^2 =  7.072E-10

      iter #   3 total cpu time : 67682.2 secs   av.it.:  15.2
      thresh= 2.659E-06 alpha_mix =  0.700 |ddv_scf|^2 =  2.282E-11

      iter #   4 total cpu time : 67782.0 secs   av.it.:  15.0
      thresh= 4.777E-07 alpha_mix =  0.700 |ddv_scf|^2 =  2.688E-12

      iter #   5 total cpu time : 67877.7 secs   av.it.:  14.9
      thresh= 1.639E-07 alpha_mix =  0.700 |ddv_scf|^2 =  7.141E-14

      iter #   6 total cpu time : 67975.9 secs   av.it.:  15.1
      thresh= 2.672E-08 alpha_mix =  0.700 |ddv_scf|^2 =  3.197E-15

     End of self-consistent calculation

     Convergence has been achieved 


     Representation #  43 mode #  43

     Self-consistent Calculation

      iter #   1 total cpu time : 68021.9 secs   av.it.:   3.0
      thresh= 1.000E-02 alpha_mix =  0.700 |ddv_scf|^2 =  8.281E-10

      iter #   2 total cpu time : 68127.0 secs   av.it.:  16.0
      thresh= 2.878E-06 alpha_mix =  0.700 |ddv_scf|^2 =  9.068E-10

      iter #   3 total cpu time : 68223.8 secs   av.it.:  14.9
      thresh= 3.011E-06 alpha_mix =  0.700 |ddv_scf|^2 =  3.443E-12

      iter #   4 total cpu time : 68330.3 secs   av.it.:  16.2
      thresh= 1.855E-07 alpha_mix =  0.700 |ddv_scf|^2 =  6.750E-13

      iter #   5 total cpu time : 68433.0 secs   av.it.:  16.0
      thresh= 8.216E-08 alpha_mix =  0.700 |ddv_scf|^2 =  5.500E-14

      iter #   6 total cpu time : 68532.3 secs   av.it.:  15.3
      thresh= 2.345E-08 alpha_mix =  0.700 |ddv_scf|^2 =  2.425E-15

     End of self-consistent calculation

     Convergence has been achieved 


     Representation #  44 mode #  44

     Self-consistent Calculation

      iter #   1 total cpu time : 68578.7 secs   av.it.:   3.0
      thresh= 1.000E-02 alpha_mix =  0.700 |ddv_scf|^2 =  9.246E-10

      iter #   2 total cpu time : 68681.9 secs   av.it.:  16.0
      thresh= 3.041E-06 alpha_mix =  0.700 |ddv_scf|^2 =  3.365E-10

      iter #   3 total cpu time : 68781.3 secs   av.it.:  15.5
      thresh= 1.834E-06 alpha_mix =  0.700 |ddv_scf|^2 =  5.550E-12

      iter #   4 total cpu time : 68882.4 secs   av.it.:  15.9
      thresh= 2.356E-07 alpha_mix =  0.700 |ddv_scf|^2 =  3.725E-13

      iter #   5 total cpu time : 68983.6 secs   av.it.:  15.8
      thresh= 6.103E-08 alpha_mix =  0.700 |ddv_scf|^2 =  1.727E-14

      iter #   6 total cpu time : 69084.1 secs   av.it.:  15.9
      thresh= 1.314E-08 alpha_mix =  0.700 |ddv_scf|^2 =  2.377E-15

     End of self-consistent calculation

     Convergence has been achieved 


     Representation #  45 mode #  45

     Self-consistent Calculation

      iter #   1 total cpu time : 69132.5 secs   av.it.:   3.6
      thresh= 1.000E-02 alpha_mix =  0.700 |ddv_scf|^2 =  2.332E-09

      iter #   2 total cpu time : 69236.4 secs   av.it.:  16.0
      thresh= 4.830E-06 alpha_mix =  0.700 |ddv_scf|^2 =  1.291E-09

      iter #   3 total cpu time : 69334.1 secs   av.it.:  15.0
      thresh= 3.594E-06 alpha_mix =  0.700 |ddv_scf|^2 =  1.950E-11

      iter #   4 total cpu time : 69433.3 secs   av.it.:  15.0
      thresh= 4.416E-07 alpha_mix =  0.700 |ddv_scf|^2 =  2.191E-12

      iter #   5 total cpu time : 69532.2 secs   av.it.:  15.1
      thresh= 1.480E-07 alpha_mix =  0.700 |ddv_scf|^2 =  3.497E-14

      iter #   6 total cpu time : 69633.4 secs   av.it.:  15.9
      thresh= 1.870E-08 alpha_mix =  0.700 |ddv_scf|^2 =  4.005E-15

     End of self-consistent calculation

     Convergence has been achieved 


     Representation #  46 mode #  46

     Self-consistent Calculation

      iter #   1 total cpu time : 69681.5 secs   av.it.:   3.4
      thresh= 1.000E-02 alpha_mix =  0.700 |ddv_scf|^2 =  2.184E-09

      iter #   2 total cpu time : 69786.9 secs   av.it.:  16.0
      thresh= 4.673E-06 alpha_mix =  0.700 |ddv_scf|^2 =  1.105E-09

      iter #   3 total cpu time : 69887.4 secs   av.it.:  15.3
      thresh= 3.323E-06 alpha_mix =  0.700 |ddv_scf|^2 =  7.009E-12

      iter #   4 total cpu time : 69988.3 secs   av.it.:  15.3
      thresh= 2.648E-07 alpha_mix =  0.700 |ddv_scf|^2 =  2.500E-12

      iter #   5 total cpu time : 70086.7 secs   av.it.:  14.9
      thresh= 1.581E-07 alpha_mix =  0.700 |ddv_scf|^2 =  4.114E-14

      iter #   6 total cpu time : 70188.8 secs   av.it.:  15.8
      thresh= 2.028E-08 alpha_mix =  0.700 |ddv_scf|^2 =  4.456E-15

     End of self-consistent calculation

     Convergence has been achieved 


     Representation #  47 mode #  47

     Self-consistent Calculation

      iter #   1 total cpu time : 70236.7 secs   av.it.:   3.3
      thresh= 1.000E-02 alpha_mix =  0.700 |ddv_scf|^2 =  1.839E-09

      iter #   2 total cpu time : 70341.2 secs   av.it.:  16.0
      thresh= 4.288E-06 alpha_mix =  0.700 |ddv_scf|^2 =  1.050E-09

      iter #   3 total cpu time : 70441.5 secs   av.it.:  15.0
      thresh= 3.241E-06 alpha_mix =  0.700 |ddv_scf|^2 =  1.839E-12

      iter #   4 total cpu time : 70546.2 secs   av.it.:  16.0
      thresh= 1.356E-07 alpha_mix =  0.700 |ddv_scf|^2 =  3.307E-13

      iter #   5 total cpu time : 70649.0 secs   av.it.:  15.9
      thresh= 5.750E-08 alpha_mix =  0.700 |ddv_scf|^2 =  1.355E-14

      iter #   6 total cpu time : 70751.5 secs   av.it.:  15.9
      thresh= 1.164E-08 alpha_mix =  0.700 |ddv_scf|^2 =  7.576E-16

     End of self-consistent calculation

     Convergence has been achieved 


     Representation #  48 mode #  48

     Self-consistent Calculation

      iter #   1 total cpu time : 70799.0 secs   av.it.:   3.2
      thresh= 1.000E-02 alpha_mix =  0.700 |ddv_scf|^2 =  2.276E-09

      iter #   2 total cpu time : 70901.2 secs   av.it.:  16.0
      thresh= 4.770E-06 alpha_mix =  0.700 |ddv_scf|^2 =  1.130E-09

      iter #   3 total cpu time : 70999.7 secs   av.it.:  15.1
      thresh= 3.362E-06 alpha_mix =  0.700 |ddv_scf|^2 =  3.848E-12

      iter #   4 total cpu time : 71101.2 secs   av.it.:  16.0
      thresh= 1.962E-07 alpha_mix =  0.700 |ddv_scf|^2 =  3.730E-13

      iter #   5 total cpu time : 71201.1 secs   av.it.:  15.8
      thresh= 6.107E-08 alpha_mix =  0.700 |ddv_scf|^2 =  2.123E-14

      iter #   6 total cpu time : 71301.4 secs   av.it.:  15.9
      thresh= 1.457E-08 alpha_mix =  0.700 |ddv_scf|^2 =  2.666E-15

     End of self-consistent calculation

     Convergence has been achieved 


     Representation #  49 mode #  49

     Self-consistent Calculation

      iter #   1 total cpu time : 71354.8 secs   av.it.:   4.5
      thresh= 1.000E-02 alpha_mix =  0.700 |ddv_scf|^2 =  5.749E-09

      iter #   2 total cpu time : 71457.1 secs   av.it.:  16.0
      thresh= 7.582E-06 alpha_mix =  0.700 |ddv_scf|^2 =  8.650E-10

      iter #   3 total cpu time : 71559.3 secs   av.it.:  15.9
      thresh= 2.941E-06 alpha_mix =  0.700 |ddv_scf|^2 =  2.744E-11

      iter #   4 total cpu time : 71662.1 secs   av.it.:  15.9
      thresh= 5.238E-07 alpha_mix =  0.700 |ddv_scf|^2 =  2.378E-12

      iter #   5 total cpu time : 71765.3 secs   av.it.:  15.9
      thresh= 1.542E-07 alpha_mix =  0.700 |ddv_scf|^2 =  2.082E-13

      iter #   6 total cpu time : 71869.1 secs   av.it.:  16.0
      thresh= 4.563E-08 alpha_mix =  0.700 |ddv_scf|^2 =  1.845E-15

     End of self-consistent calculation

     Convergence has been achieved 


     Representation #  50 mode #  50

     Self-consistent Calculation

      iter #   1 total cpu time : 71935.3 secs   av.it.:   6.4
      thresh= 1.000E-02 alpha_mix =  0.700 |ddv_scf|^2 =  7.235E-08

      iter #   2 total cpu time : 72039.3 secs   av.it.:  16.0
      thresh= 2.690E-05 alpha_mix =  0.700 |ddv_scf|^2 =  2.627E-08

      iter #   3 total cpu time : 72140.8 secs   av.it.:  15.6
      thresh= 1.621E-05 alpha_mix =  0.700 |ddv_scf|^2 =  8.398E-11

      iter #   4 total cpu time : 72245.3 secs   av.it.:  16.0
      thresh= 9.164E-07 alpha_mix =  0.700 |ddv_scf|^2 =  7.795E-12

      iter #   5 total cpu time : 72349.5 secs   av.it.:  16.0
      thresh= 2.792E-07 alpha_mix =  0.700 |ddv_scf|^2 =  5.582E-13

      iter #   6 total cpu time : 72452.7 secs   av.it.:  16.0
      thresh= 7.471E-08 alpha_mix =  0.700 |ddv_scf|^2 =  3.080E-14

      iter #   7 total cpu time : 72554.1 secs   av.it.:  15.6
      thresh= 1.755E-08 alpha_mix =  0.700 |ddv_scf|^2 =  1.795E-15

     End of self-consistent calculation

     Convergence has been achieved 


     Representation #  51 mode #  51

     Self-consistent Calculation

      iter #   1 total cpu time : 72609.1 secs   av.it.:   5.0
      thresh= 1.000E-02 alpha_mix =  0.700 |ddv_scf|^2 =  1.485E-08

      iter #   2 total cpu time : 72714.6 secs   av.it.:  16.0
      thresh= 1.219E-05 alpha_mix =  0.700 |ddv_scf|^2 =  4.892E-09

      iter #   3 total cpu time : 72818.4 secs   av.it.:  15.0
      thresh= 6.994E-06 alpha_mix =  0.700 |ddv_scf|^2 =  1.983E-11

      iter #   4 total cpu time : 72922.9 secs   av.it.:  16.0
      thresh= 4.453E-07 alpha_mix =  0.700 |ddv_scf|^2 =  2.016E-12

      iter #   5 total cpu time : 73024.5 secs   av.it.:  15.9
      thresh= 1.420E-07 alpha_mix =  0.700 |ddv_scf|^2 =  3.114E-14

      iter #   6 total cpu time : 73130.3 secs   av.it.:  16.0
      thresh= 1.765E-08 alpha_mix =  0.700 |ddv_scf|^2 =  3.068E-15

     End of self-consistent calculation

     Convergence has been achieved 


     Representation #  52 mode #  52

     Self-consistent Calculation

      iter #   1 total cpu time : 73194.7 secs   av.it.:   6.4
      thresh= 1.000E-02 alpha_mix =  0.700 |ddv_scf|^2 =  7.502E-08

      iter #   2 total cpu time : 73296.0 secs   av.it.:  15.9
      thresh= 2.739E-05 alpha_mix =  0.700 |ddv_scf|^2 =  2.920E-08

      iter #   3 total cpu time : 73393.5 secs   av.it.:  15.0
      thresh= 1.709E-05 alpha_mix =  0.700 |ddv_scf|^2 =  5.503E-11

      iter #   4 total cpu time : 73494.1 secs   av.it.:  16.0
      thresh= 7.418E-07 alpha_mix =  0.700 |ddv_scf|^2 =  5.434E-12

      iter #   5 total cpu time : 73597.0 secs   av.it.:  16.0
      thresh= 2.331E-07 alpha_mix =  0.700 |ddv_scf|^2 =  3.393E-13

      iter #   6 total cpu time : 73699.7 secs   av.it.:  15.9
      thresh= 5.825E-08 alpha_mix =  0.700 |ddv_scf|^2 =  1.522E-14

      iter #   7 total cpu time : 73801.3 secs   av.it.:  15.8
      thresh= 1.234E-08 alpha_mix =  0.700 |ddv_scf|^2 =  9.165E-16

     End of self-consistent calculation

     Convergence has been achieved 


     Representation #  53 mode #  53

     Self-consistent Calculation

      iter #   1 total cpu time : 73849.2 secs   av.it.:   3.0
      thresh= 1.000E-02 alpha_mix =  0.700 |ddv_scf|^2 =  1.543E-09

      iter #   2 total cpu time : 73951.2 secs   av.it.:  16.0
      thresh= 3.928E-06 alpha_mix =  0.700 |ddv_scf|^2 =  5.203E-10

      iter #   3 total cpu time : 74054.1 secs   av.it.:  15.5
      thresh= 2.281E-06 alpha_mix =  0.700 |ddv_scf|^2 =  3.554E-12

      iter #   4 total cpu time : 74162.9 secs   av.it.:  16.0
      thresh= 1.885E-07 alpha_mix =  0.700 |ddv_scf|^2 =  4.020E-13

      iter #   5 total cpu time : 74269.8 secs   av.it.:  15.9
      thresh= 6.341E-08 alpha_mix =  0.700 |ddv_scf|^2 =  1.907E-14

      iter #   6 total cpu time : 74376.0 secs   av.it.:  15.9
      thresh= 1.381E-08 alpha_mix =  0.700 |ddv_scf|^2 =  5.964E-16

     End of self-consistent calculation

     Convergence has been achieved 


     Representation #  54 mode #  54

     Self-consistent Calculation

      iter #   1 total cpu time : 74421.9 secs   av.it.:   3.0
      thresh= 1.000E-02 alpha_mix =  0.700 |ddv_scf|^2 =  3.972E-10

      iter #   2 total cpu time : 74526.8 secs   av.it.:  16.0
      thresh= 1.993E-06 alpha_mix =  0.700 |ddv_scf|^2 =  8.536E-11

      iter #   3 total cpu time : 74629.1 secs   av.it.:  15.9
      thresh= 9.239E-07 alpha_mix =  0.700 |ddv_scf|^2 =  7.047E-12

      iter #   4 total cpu time : 74730.8 secs   av.it.:  15.7
      thresh= 2.655E-07 alpha_mix =  0.700 |ddv_scf|^2 =  2.366E-13

      iter #   5 total cpu time : 74833.0 secs   av.it.:  15.9
      thresh= 4.864E-08 alpha_mix =  0.700 |ddv_scf|^2 =  1.040E-14

      iter #   6 total cpu time : 74935.8 secs   av.it.:  15.9
      thresh= 1.020E-08 alpha_mix =  0.700 |ddv_scf|^2 =  6.148E-16

     End of self-consistent calculation

     Convergence has been achieved 


     Representation #  55 modes #  55  56

     Self-consistent Calculation

      iter #   1 total cpu time : 75029.4 secs   av.it.:   3.6
      thresh= 1.000E-02 alpha_mix =  0.700 |ddv_scf|^2 =  5.807E-10

      iter #   2 total cpu time : 75256.7 secs   av.it.:  17.0
      thresh= 2.410E-06 alpha_mix =  0.700 |ddv_scf|^2 =  3.092E-10

      iter #   3 total cpu time : 75474.6 secs   av.it.:  16.1
      thresh= 1.758E-06 alpha_mix =  0.700 |ddv_scf|^2 =  5.416E-13

      iter #   4 total cpu time : 75701.4 secs   av.it.:  17.0
      thresh= 7.360E-08 alpha_mix =  0.700 |ddv_scf|^2 =  6.182E-14

      iter #   5 total cpu time : 75922.5 secs   av.it.:  16.9
      thresh= 2.486E-08 alpha_mix =  0.700 |ddv_scf|^2 =  3.515E-15

     End of self-consistent calculation

     Convergence has been achieved 


     Representation #  56 mode #  57

     Self-consistent Calculation

      iter #   1 total cpu time : 75981.3 secs   av.it.:   4.9
      thresh= 1.000E-02 alpha_mix =  0.700 |ddv_scf|^2 =  2.706E-08

      iter #   2 total cpu time : 76082.7 secs   av.it.:  15.9
      thresh= 1.645E-05 alpha_mix =  0.700 |ddv_scf|^2 =  1.519E-08

      iter #   3 total cpu time : 76177.9 secs   av.it.:  14.9
      thresh= 1.233E-05 alpha_mix =  0.700 |ddv_scf|^2 =  8.803E-11

      iter #   4 total cpu time : 76275.7 secs   av.it.:  15.2
      thresh= 9.383E-07 alpha_mix =  0.700 |ddv_scf|^2 =  1.216E-11

      iter #   5 total cpu time : 76372.4 secs   av.it.:  15.1
      thresh= 3.488E-07 alpha_mix =  0.700 |ddv_scf|^2 =  4.739E-13

      iter #   6 total cpu time : 76471.6 secs   av.it.:  15.9
      thresh= 6.884E-08 alpha_mix =  0.700 |ddv_scf|^2 =  2.073E-14

      iter #   7 total cpu time : 76574.8 secs   av.it.:  16.0
      thresh= 1.440E-08 alpha_mix =  0.700 |ddv_scf|^2 =  2.230E-15

     End of self-consistent calculation

     Convergence has been achieved 


     Representation #  57 mode #  58

     Self-consistent Calculation

      iter #   1 total cpu time : 76621.5 secs   av.it.:   3.0
      thresh= 1.000E-02 alpha_mix =  0.700 |ddv_scf|^2 =  1.973E-09

      iter #   2 total cpu time : 76729.5 secs   av.it.:  15.9
      thresh= 4.442E-06 alpha_mix =  0.700 |ddv_scf|^2 =  7.068E-10

      iter #   3 total cpu time : 76834.8 secs   av.it.:  15.2
      thresh= 2.659E-06 alpha_mix =  0.700 |ddv_scf|^2 =  1.116E-11

      iter #   4 total cpu time : 76940.3 secs   av.it.:  15.2
      thresh= 3.341E-07 alpha_mix =  0.700 |ddv_scf|^2 =  2.796E-12

      iter #   5 total cpu time : 77042.1 secs   av.it.:  14.9
      thresh= 1.672E-07 alpha_mix =  0.700 |ddv_scf|^2 =  4.433E-14

      iter #   6 total cpu time : 77148.3 secs   av.it.:  15.7
      thresh= 2.106E-08 alpha_mix =  0.700 |ddv_scf|^2 =  3.182E-15

     End of self-consistent calculation

     Convergence has been achieved 


     Representation #  58 mode #  59

     Self-consistent Calculation

      iter #   1 total cpu time : 77202.8 secs   av.it.:   4.4
      thresh= 1.000E-02 alpha_mix =  0.700 |ddv_scf|^2 =  1.196E-08

      iter #   2 total cpu time : 77303.3 secs   av.it.:  15.9
      thresh= 1.093E-05 alpha_mix =  0.700 |ddv_scf|^2 =  3.341E-09

      iter #   3 total cpu time : 77401.0 secs   av.it.:  15.0
      thresh= 5.780E-06 alpha_mix =  0.700 |ddv_scf|^2 =  2.100E-10

      iter #   4 total cpu time : 77499.0 secs   av.it.:  14.9
      thresh= 1.449E-06 alpha_mix =  0.700 |ddv_scf|^2 =  5.298E-12

      iter #   5 total cpu time : 77598.8 secs   av.it.:  15.9
      thresh= 2.302E-07 alpha_mix =  0.700 |ddv_scf|^2 =  9.062E-13

      iter #   6 total cpu time : 77697.8 secs   av.it.:  15.7
      thresh= 9.520E-08 alpha_mix =  0.700 |ddv_scf|^2 =  2.540E-15

     End of self-consistent calculation

     Convergence has been achieved 


     Representation #  59 mode #  60

     Self-consistent Calculation

      iter #   1 total cpu time : 77746.4 secs   av.it.:   3.7
      thresh= 1.000E-02 alpha_mix =  0.700 |ddv_scf|^2 =  2.041E-09

      iter #   2 total cpu time : 77848.7 secs   av.it.:  16.0
      thresh= 4.518E-06 alpha_mix =  0.700 |ddv_scf|^2 =  7.275E-10

      iter #   3 total cpu time : 77949.7 secs   av.it.:  15.4
      thresh= 2.697E-06 alpha_mix =  0.700 |ddv_scf|^2 =  1.175E-11

      iter #   4 total cpu time : 78051.4 secs   av.it.:  15.9
      thresh= 3.427E-07 alpha_mix =  0.700 |ddv_scf|^2 =  4.489E-13

      iter #   5 total cpu time : 78153.1 secs   av.it.:  15.9
      thresh= 6.700E-08 alpha_mix =  0.700 |ddv_scf|^2 =  1.612E-14

      iter #   6 total cpu time : 78254.1 secs   av.it.:  15.9
      thresh= 1.269E-08 alpha_mix =  0.700 |ddv_scf|^2 =  1.264E-15

     End of self-consistent calculation

     Convergence has been achieved 


     Representation #  60 mode #  61

     Self-consistent Calculation

      iter #   1 total cpu time : 78301.8 secs   av.it.:   3.1
      thresh= 1.000E-02 alpha_mix =  0.700 |ddv_scf|^2 =  7.443E-09

      iter #   2 total cpu time : 78402.9 secs   av.it.:  15.3
      thresh= 8.627E-06 alpha_mix =  0.700 |ddv_scf|^2 =  6.670E-09

      iter #   3 total cpu time : 78499.4 secs   av.it.:  14.6
      thresh= 8.167E-06 alpha_mix =  0.700 |ddv_scf|^2 =  7.875E-12

      iter #   4 total cpu time : 78603.9 secs   av.it.:  16.0
      thresh= 2.806E-07 alpha_mix =  0.700 |ddv_scf|^2 =  1.473E-12

      iter #   5 total cpu time : 78705.4 secs   av.it.:  15.3
      thresh= 1.214E-07 alpha_mix =  0.700 |ddv_scf|^2 =  5.771E-14

      iter #   6 total cpu time : 78807.3 secs   av.it.:  15.3
      thresh= 2.402E-08 alpha_mix =  0.700 |ddv_scf|^2 =  3.937E-15

     End of self-consistent calculation

     Convergence has been achieved 


     Representation #  61 mode #  62

     Self-consistent Calculation

      iter #   1 total cpu time : 78862.0 secs   av.it.:   3.0
      thresh= 1.000E-02 alpha_mix =  0.700 |ddv_scf|^2 =  1.789E-09

      iter #   2 total cpu time : 78965.4 secs   av.it.:  16.0
      thresh= 4.229E-06 alpha_mix =  0.700 |ddv_scf|^2 =  6.783E-10

      iter #   3 total cpu time : 79067.3 secs   av.it.:  15.5
      thresh= 2.604E-06 alpha_mix =  0.700 |ddv_scf|^2 =  7.915E-12

      iter #   4 total cpu time : 79170.5 secs   av.it.:  15.9
      thresh= 2.813E-07 alpha_mix =  0.700 |ddv_scf|^2 =  3.688E-13

      iter #   5 total cpu time : 79272.1 secs   av.it.:  15.6
      thresh= 6.073E-08 alpha_mix =  0.700 |ddv_scf|^2 =  1.851E-14

      iter #   6 total cpu time : 79374.4 secs   av.it.:  15.8
      thresh= 1.361E-08 alpha_mix =  0.700 |ddv_scf|^2 =  1.994E-15

     End of self-consistent calculation

     Convergence has been achieved 


     Representation #  62 mode #  63

     Self-consistent Calculation

      iter #   1 total cpu time : 79421.8 secs   av.it.:   3.0
      thresh= 1.000E-02 alpha_mix =  0.700 |ddv_scf|^2 =  1.763E-09

      iter #   2 total cpu time : 79524.6 secs   av.it.:  16.0
      thresh= 4.198E-06 alpha_mix =  0.700 |ddv_scf|^2 =  7.397E-10

      iter #   3 total cpu time : 79625.6 secs   av.it.:  15.3
      thresh= 2.720E-06 alpha_mix =  0.700 |ddv_scf|^2 =  4.661E-12

      iter #   4 total cpu time : 79728.7 secs   av.it.:  16.0
      thresh= 2.159E-07 alpha_mix =  0.700 |ddv_scf|^2 =  4.817E-13

      iter #   5 total cpu time : 79829.4 secs   av.it.:  15.5
      thresh= 6.940E-08 alpha_mix =  0.700 |ddv_scf|^2 =  1.865E-14

      iter #   6 total cpu time : 79931.7 secs   av.it.:  15.9
      thresh= 1.365E-08 alpha_mix =  0.700 |ddv_scf|^2 =  2.485E-15

     End of self-consistent calculation

     Convergence has been achieved 


     Representation #  63 mode #  64

     Self-consistent Calculation

      iter #   1 total cpu time : 79980.6 secs   av.it.:   3.2
      thresh= 1.000E-02 alpha_mix =  0.700 |ddv_scf|^2 =  2.060E-09

      iter #   2 total cpu time : 80085.9 secs   av.it.:  16.0
      thresh= 4.539E-06 alpha_mix =  0.700 |ddv_scf|^2 =  1.421E-09

      iter #   3 total cpu time : 80184.7 secs   av.it.:  15.0
      thresh= 3.769E-06 alpha_mix =  0.700 |ddv_scf|^2 =  1.688E-11

      iter #   4 total cpu time : 80286.3 secs   av.it.:  15.6
      thresh= 4.109E-07 alpha_mix =  0.700 |ddv_scf|^2 =  3.276E-12

      iter #   5 total cpu time : 80383.9 secs   av.it.:  15.0
      thresh= 1.810E-07 alpha_mix =  0.700 |ddv_scf|^2 =  8.224E-14

      iter #   6 total cpu time : 80486.0 secs   av.it.:  15.0
      thresh= 2.868E-08 alpha_mix =  0.700 |ddv_scf|^2 =  6.144E-15

     End of self-consistent calculation

     Convergence has been achieved 


     Representation #  64 mode #  65

     Self-consistent Calculation

      iter #   1 total cpu time : 80533.2 secs   av.it.:   3.0
      thresh= 1.000E-02 alpha_mix =  0.700 |ddv_scf|^2 =  1.712E-09

      iter #   2 total cpu time : 80637.0 secs   av.it.:  16.0
      thresh= 4.138E-06 alpha_mix =  0.700 |ddv_scf|^2 =  8.465E-10

      iter #   3 total cpu time : 80738.4 secs   av.it.:  15.1
      thresh= 2.909E-06 alpha_mix =  0.700 |ddv_scf|^2 =  2.962E-12

      iter #   4 total cpu time : 80846.2 secs   av.it.:  16.0
      thresh= 1.721E-07 alpha_mix =  0.700 |ddv_scf|^2 =  2.924E-13

      iter #   5 total cpu time : 80946.0 secs   av.it.:  15.9
      thresh= 5.408E-08 alpha_mix =  0.700 |ddv_scf|^2 =  2.171E-14

      iter #   6 total cpu time : 81047.6 secs   av.it.:  15.6
      thresh= 1.474E-08 alpha_mix =  0.700 |ddv_scf|^2 =  1.728E-15

     End of self-consistent calculation

     Convergence has been achieved 


     Representation #  65 mode #  66

     Self-consistent Calculation

      iter #   1 total cpu time : 81098.7 secs   av.it.:   4.0
      thresh= 1.000E-02 alpha_mix =  0.700 |ddv_scf|^2 =  1.566E-08

      iter #   2 total cpu time : 81204.0 secs   av.it.:  15.2
      thresh= 1.251E-05 alpha_mix =  0.700 |ddv_scf|^2 =  1.396E-08

      iter #   3 total cpu time : 81304.6 secs   av.it.:  14.8
      thresh= 1.181E-05 alpha_mix =  0.700 |ddv_scf|^2 =  1.885E-11

      iter #   4 total cpu time : 81411.4 secs   av.it.:  15.9
      thresh= 4.341E-07 alpha_mix =  0.700 |ddv_scf|^2 =  1.278E-12

      iter #   5 total cpu time : 81515.8 secs   av.it.:  16.0
      thresh= 1.131E-07 alpha_mix =  0.700 |ddv_scf|^2 =  1.726E-13

      iter #   6 total cpu time : 81611.1 secs   av.it.:  15.0
      thresh= 4.155E-08 alpha_mix =  0.700 |ddv_scf|^2 =  8.735E-16

     End of self-consistent calculation

     Convergence has been achieved 

     Number of q in the star =    1
     List of q in the star:
          1   0.000000000   0.000000000  -0.793648854

     Diagonalizing the dynamical matrix

     q = (    0.000000000   0.000000000  -0.793648854 ) 

 **************************************************************************
     freq (    1) =       1.597353 [THz] =      53.281971 [cm-1]
     freq (    2) =       1.693455 [THz] =      56.487575 [cm-1]
     freq (    3) =       1.798268 [THz] =      59.983773 [cm-1]
     freq (    4) =       1.836790 [THz] =      61.268704 [cm-1]
     freq (    5) =       3.300660 [THz] =     110.098152 [cm-1]
     freq (    6) =       3.330050 [THz] =     111.078516 [cm-1]
     freq (    7) =       4.370725 [THz] =     145.791681 [cm-1]
     freq (    8) =       4.468597 [THz] =     149.056343 [cm-1]
     freq (    9) =       4.491612 [THz] =     149.824063 [cm-1]
     freq (   10) =       4.505933 [THz] =     150.301731 [cm-1]
     freq (   11) =       6.410916 [THz] =     213.845131 [cm-1]
     freq (   12) =       6.448936 [THz] =     215.113349 [cm-1]
     freq (   13) =       6.698127 [THz] =     223.425477 [cm-1]
     freq (   14) =       6.735719 [THz] =     224.679412 [cm-1]
     freq (   15) =       7.193906 [THz] =     239.962862 [cm-1]
     freq (   16) =       7.228094 [THz] =     241.103276 [cm-1]
     freq (   17) =       7.818785 [THz] =     260.806587 [cm-1]
     freq (   18) =       7.969836 [THz] =     265.845109 [cm-1]
     freq (   19) =       8.511844 [THz] =     283.924540 [cm-1]
     freq (   20) =       8.520095 [THz] =     284.199769 [cm-1]
     freq (   21) =       8.939704 [THz] =     298.196431 [cm-1]
     freq (   22) =       8.967388 [THz] =     299.119866 [cm-1]
     freq (   23) =       9.188765 [THz] =     306.504225 [cm-1]
     freq (   24) =       9.197337 [THz] =     306.790150 [cm-1]
     freq (   25) =       9.414460 [THz] =     314.032597 [cm-1]
     freq (   26) =       9.424266 [THz] =     314.359680 [cm-1]
     freq (   27) =      12.207780 [THz] =     407.207717 [cm-1]
     freq (   28) =      12.258294 [THz] =     408.892661 [cm-1]
     freq (   29) =      12.397707 [THz] =     413.543005 [cm-1]
     freq (   30) =      12.412765 [THz] =     414.045261 [cm-1]
     freq (   31) =      30.473072 [THz] =    1016.472284 [cm-1]
     freq (   32) =      30.497190 [THz] =    1017.276770 [cm-1]
     freq (   33) =      30.674385 [THz] =    1023.187363 [cm-1]
     freq (   34) =      30.685163 [THz] =    1023.546869 [cm-1]
     freq (   35) =      31.828048 [THz] =    1061.669406 [cm-1]
     freq (   36) =      31.852909 [THz] =    1062.498681 [cm-1]
     freq (   37) =      31.936881 [THz] =    1065.299668 [cm-1]
     freq (   38) =      31.946051 [THz] =    1065.605555 [cm-1]
     freq (   39) =      32.577369 [THz] =    1086.664073 [cm-1]
     freq (   40) =      32.580585 [THz] =    1086.771320 [cm-1]
     freq (   41) =      32.772772 [THz] =    1093.181993 [cm-1]
     freq (   42) =      32.779719 [THz] =    1093.413719 [cm-1]
     freq (   43) =      35.817427 [THz] =    1194.740748 [cm-1]
     freq (   44) =      35.826328 [THz] =    1195.037676 [cm-1]
     freq (   45) =      35.838548 [THz] =    1195.445284 [cm-1]
     freq (   46) =      35.854053 [THz] =    1195.962489 [cm-1]
     freq (   47) =      36.244805 [THz] =    1208.996542 [cm-1]
     freq (   48) =      36.266005 [THz] =    1209.703698 [cm-1]
     freq (   49) =      36.512734 [THz] =    1217.933723 [cm-1]
     freq (   50) =      36.514345 [THz] =    1217.987439 [cm-1]
     freq (   51) =      68.414871 [THz] =    2282.074448 [cm-1]
     freq (   52) =      68.429680 [THz] =    2282.568437 [cm-1]
     freq (   53) =      68.464195 [THz] =    2283.719712 [cm-1]
     freq (   54) =      68.496667 [THz] =    2284.802886 [cm-1]
     freq (   55) =      70.063507 [THz] =    2337.067040 [cm-1]
     freq (   56) =      70.069796 [THz] =    2337.276818 [cm-1]
     freq (   57) =      70.244829 [THz] =    2343.115283 [cm-1]
     freq (   58) =      70.261230 [THz] =    2343.662345 [cm-1]
     freq (   59) =      70.511891 [THz] =    2352.023524 [cm-1]
     freq (   60) =      70.527549 [THz] =    2352.545807 [cm-1]
     freq (   61) =      70.625764 [THz] =    2355.821922 [cm-1]
     freq (   62) =      70.628857 [THz] =    2355.925077 [cm-1]
     freq (   63) =      71.433507 [THz] =    2382.765307 [cm-1]
     freq (   64) =      71.433584 [THz] =    2382.767878 [cm-1]
     freq (   65) =      71.570246 [THz] =    2387.326428 [cm-1]
     freq (   66) =      71.574243 [THz] =    2387.459773 [cm-1]
 **************************************************************************

     Calculation of q =    0.0000000  -0.5056675   0.0000000

     Parallelization info
     --------------------
     sticks:   dense  smooth     PW     G-vecs:    dense   smooth      PW
     Min         495     248     66                25781     9120    1285
     Max         497     249     68                25782     9122    1289
     Sum       11905    5953   1609               618765   218891   30881

     Using Slab Decomposition



     bravais-lattice index     =            8
     lattice parameter (alat)  =      13.7506  a.u.
     unit-cell volume          =    1619.6113 (a.u.)^3
     number of atoms/cell      =           22
     number of atomic types    =            3
     number of electrons       =        48.00
     number of Kohn-Sham states=           24
     kinetic-energy cutoff     =     100.0000  Ry
     charge density cutoff     =     800.0000  Ry
     Exchange-correlation= PBESOL
                           (   1   4  10   8   0   0   0)

     celldm(1)=  13.750592  celldm(2)=   0.988792  celldm(3)=   0.630002
     celldm(4)=   0.000000  celldm(5)=   0.000000  celldm(6)=   0.000000

     crystal axes: (cart. coord. in units of alat)
               a(1) = (   1.000000   0.000000   0.000000 )  
               a(2) = (   0.000000   0.988792   0.000000 )  
               a(3) = (   0.000000   0.000000   0.630002 )  

     reciprocal axes: (cart. coord. in units 2 pi/alat)
               b(1) = (  1.000000  0.000000  0.000000 )  
               b(2) = (  0.000000  1.011335  0.000000 )  
               b(3) = (  0.000000  0.000000  1.587298 )  


     PseudoPot. # 1 for B  read from file:
     /home/mehlhorn/pseudos/b_pbesol_v1.4.uspp.F.UPF
     MD5 check sum: 369b69bef2c3aeed4453bd8b804fd6a8
     Pseudo is Ultrasoft + core correction, Zval =  3.0
     Generated by new atomic code, or converted to UPF format
     Using radial grid of  781 points,  4 beta functions with: 
                l(1) =   0
                l(2) =   0
                l(3) =   1
                l(4) =   1
     Q(r) pseudized with  8 coefficients,  rinner =    1.100   1.100   1.100


     PseudoPot. # 2 for Ba read from file:
     /home/mehlhorn/pseudos/Ba.nc.z_10.oncvpsp4.dojo.v4-sp.upf
     MD5 check sum: c10ed334bb677c0554edec7181ce9143
     Pseudo is Norm-conserving + core correction, Zval = 10.0
     Generated using ONCVPSP code by D. R. Hamann
     Using radial grid of 1938 points,  8 beta functions with: 
                l(1) =   0
                l(2) =   0
                l(3) =   1
                l(4) =   1
                l(5) =   2
                l(6) =   2
                l(7) =   3
                l(8) =   3

     PseudoPot. # 3 for H  read from file:
     /home/mehlhorn/pseudos/H_ONCV_PBEsol-1.0.upf
     MD5 check sum: 398ef8f67c0a7342c05c87c5e19ea467
     Pseudo is Norm-conserving, Zval =  1.0
     Generated using ONCVPSP code by D. R. Hamann
     Using radial grid of 1180 points,  2 beta functions with: 
                l(1) =   0
                l(2) =   0

     atomic species   valence    mass     pseudopotential
     B                 3.00    10.81100     B ( 1.00)
     Ba               10.00   137.32700     Ba( 1.00)
     H                 1.00     1.00794     H ( 1.00)

      4 Sym. Ops. (no inversion) found



   Cartesian axes

     site n.     atom                  positions (alat units)
         1        Ba     tau(   1) = (   0.5000000   0.4943960   0.3150140  )
         2        Ba     tau(   2) = (   0.0000000   0.0000000   0.6299884  )
         3        B      tau(   3) = (   0.6457472   0.2690334   0.0000111  )
         4        B      tau(   4) = (   0.3542528   0.7197587   0.0000111  )
         5        B      tau(   5) = (   0.1457472   0.2253626   0.3149897  )
         6        B      tau(   6) = (   0.8542528   0.7634294   0.3149897  )
         7        H      tau(   7) = (   0.4764411   0.2785492   0.0000131  )
         8        H      tau(   8) = (   0.5235589   0.7102428   0.0000131  )
         9        H      tau(   9) = (   0.9764411   0.2158468   0.3149877  )
        10        H      tau(  10) = (   0.0235589   0.7729453   0.3149877  )
        11        H      tau(  11) = (   0.7125447   0.4253079   0.0000101  )
        12        H      tau(  12) = (   0.2874553   0.5634842   0.0000101  )
        13        H      tau(  13) = (   0.2125447   0.0690881   0.3149907  )
        14        H      tau(  14) = (   0.7874553   0.9197039   0.3149907  )
        15        H      tau(  15) = (   0.6936781   0.1879672   0.4896379  )
        16        H      tau(  16) = (   0.3063219   0.8008249   0.4896379  )
        17        H      tau(  17) = (   0.1936781   0.3064288   0.4553644  )
        18        H      tau(  18) = (   0.8063219   0.6823632   0.4553644  )
        19        H      tau(  19) = (   0.3063087   0.8008213   0.1403829  )
        20        H      tau(  20) = (   0.6936913   0.1879707   0.1403829  )
        21        H      tau(  21) = (   0.8063087   0.6823668   0.1746179  )
        22        H      tau(  22) = (   0.1936913   0.3064253   0.1746179  )

     number of k points=    54
                       cart. coord. in units 2pi/alat
        k(    1) = (   0.0000000   0.0000000   0.0000000), wk =   0.0160000
        k(    2) = (   0.0000000  -0.5056675   0.0000000), wk =   0.0000000
        k(    3) = (   0.0000000   0.0000000   0.3174595), wk =   0.0320000
        k(    4) = (   0.0000000  -0.5056675   0.3174595), wk =   0.0000000
        k(    5) = (   0.0000000   0.0000000   0.6349191), wk =   0.0320000
        k(    6) = (   0.0000000  -0.5056675   0.6349191), wk =   0.0000000
        k(    7) = (   0.0000000   0.2022670   0.0000000), wk =   0.0320000
        k(    8) = (   0.0000000  -0.3034005   0.0000000), wk =   0.0000000
        k(    9) = (   0.0000000   0.2022670   0.3174595), wk =   0.0640000
        k(   10) = (   0.0000000  -0.3034005   0.3174595), wk =   0.0000000
        k(   11) = (   0.0000000   0.2022670   0.6349191), wk =   0.0640000
        k(   12) = (   0.0000000  -0.3034005   0.6349191), wk =   0.0000000
        k(   13) = (   0.0000000   0.4045340   0.0000000), wk =   0.0320000
        k(   14) = (   0.0000000  -0.1011335   0.0000000), wk =   0.0000000
        k(   15) = (   0.0000000   0.4045340   0.3174595), wk =   0.0640000
        k(   16) = (   0.0000000  -0.1011335   0.3174595), wk =   0.0000000
        k(   17) = (   0.0000000   0.4045340   0.6349191), wk =   0.0640000
        k(   18) = (   0.0000000  -0.1011335   0.6349191), wk =   0.0000000
        k(   19) = (   0.2000000   0.0000000   0.0000000), wk =   0.0320000
        k(   20) = (   0.2000000  -0.5056675   0.0000000), wk =   0.0000000
        k(   21) = (   0.2000000   0.0000000   0.3174595), wk =   0.0640000
        k(   22) = (   0.2000000  -0.5056675   0.3174595), wk =   0.0000000
        k(   23) = (   0.2000000   0.0000000   0.6349191), wk =   0.0640000
        k(   24) = (   0.2000000  -0.5056675   0.6349191), wk =   0.0000000
        k(   25) = (   0.2000000   0.2022670   0.0000000), wk =   0.0640000
        k(   26) = (   0.2000000  -0.3034005   0.0000000), wk =   0.0000000
        k(   27) = (   0.2000000   0.2022670   0.3174595), wk =   0.1280000
        k(   28) = (   0.2000000  -0.3034005   0.3174595), wk =   0.0000000
        k(   29) = (   0.2000000   0.2022670   0.6349191), wk =   0.1280000
        k(   30) = (   0.2000000  -0.3034005   0.6349191), wk =   0.0000000
        k(   31) = (   0.2000000   0.4045340   0.0000000), wk =   0.0640000
        k(   32) = (   0.2000000  -0.1011335   0.0000000), wk =   0.0000000
        k(   33) = (   0.2000000   0.4045340   0.3174595), wk =   0.1280000
        k(   34) = (   0.2000000  -0.1011335   0.3174595), wk =   0.0000000
        k(   35) = (   0.2000000   0.4045340   0.6349191), wk =   0.1280000
        k(   36) = (   0.2000000  -0.1011335   0.6349191), wk =   0.0000000
        k(   37) = (   0.4000000   0.0000000   0.0000000), wk =   0.0320000
        k(   38) = (   0.4000000  -0.5056675   0.0000000), wk =   0.0000000
        k(   39) = (   0.4000000   0.0000000   0.3174595), wk =   0.0640000
        k(   40) = (   0.4000000  -0.5056675   0.3174595), wk =   0.0000000
        k(   41) = (   0.4000000   0.0000000   0.6349191), wk =   0.0640000
        k(   42) = (   0.4000000  -0.5056675   0.6349191), wk =   0.0000000
        k(   43) = (   0.4000000   0.2022670   0.0000000), wk =   0.0640000
        k(   44) = (   0.4000000  -0.3034005   0.0000000), wk =   0.0000000
        k(   45) = (   0.4000000   0.2022670   0.3174595), wk =   0.1280000
        k(   46) = (   0.4000000  -0.3034005   0.3174595), wk =   0.0000000
        k(   47) = (   0.4000000   0.2022670   0.6349191), wk =   0.1280000
        k(   48) = (   0.4000000  -0.3034005   0.6349191), wk =   0.0000000
        k(   49) = (   0.4000000   0.4045340   0.0000000), wk =   0.0640000
        k(   50) = (   0.4000000  -0.1011335   0.0000000), wk =   0.0000000
        k(   51) = (   0.4000000   0.4045340   0.3174595), wk =   0.1280000
        k(   52) = (   0.4000000  -0.1011335   0.3174595), wk =   0.0000000
        k(   53) = (   0.4000000   0.4045340   0.6349191), wk =   0.1280000
        k(   54) = (   0.4000000  -0.1011335   0.6349191), wk =   0.0000000

     Dense  grid:   618765 G-vectors     FFT dimensions: ( 128, 128,  80)

     Smooth grid:   218891 G-vectors     FFT dimensions: (  90,  90,  60)

     Estimated max dynamical RAM per process >      55.23 MB

     Estimated total dynamical RAM >       1.29 GB

     The potential is recalculated from file :
     ./_ph0/pwscf.q_3/pwscf.save/charge-density

     Starting wfcs are   42 atomic wfcs

     Band Structure Calculation
     Davidson diagonalization with overlap

     ethr =  2.08E-11,  avg # of iterations = 22.1

     total cpu time spent up to now is      456.2 secs

     End of band structure calculation

          k = 0.0000 0.0000 0.0000 ( 27379 PWs)   bands (ev):

   -24.8179 -24.8132 -10.3041 -10.2770 -10.0753 -10.0524  -9.9798  -9.9367
    -6.6693  -5.8736  -5.3558  -5.3195  -2.4460  -1.4380  -1.3377  -1.1898
    -1.1210  -0.9276  -0.8998  -0.6453  -0.4086  -0.2349  -0.1313  -0.1137

          k = 0.0000-0.5057 0.0000 ( 27344 PWs)   bands (ev):

   -24.8155 -24.8155 -10.2391 -10.2391 -10.1286 -10.1286  -9.9582  -9.9582
    -6.1876  -6.1876  -5.4832  -5.4832  -1.9008  -1.9008  -1.0709  -1.0709
    -0.8981  -0.8981  -0.6333  -0.6333  -0.5578  -0.5578  -0.3790  -0.3790

          k = 0.0000 0.0000 0.3175 ( 27357 PWs)   bands (ev):

   -24.8124 -24.8085 -10.2440 -10.2221 -10.1724 -10.1503 -10.0612 -10.0434
    -6.3225  -5.6503  -5.4811  -5.4525  -2.1448  -1.8179  -1.6574  -1.2142
    -1.0164  -0.9683  -0.7300  -0.5853  -0.4656  -0.3000  -0.2721  -0.2091

          k = 0.0000-0.5057 0.3175 ( 27338 PWs)   bands (ev):

   -24.8104 -24.8104 -10.2152 -10.2152 -10.1620 -10.1620 -10.0750 -10.0750
    -5.9405  -5.9405  -5.5527  -5.5527  -1.8995  -1.8995  -1.3709  -1.3709
    -0.8860  -0.8860  -0.6951  -0.6951  -0.4974  -0.4974  -0.3071  -0.3071

          k = 0.0000 0.0000 0.6349 ( 27368 PWs)   bands (ev):

   -24.8029 -24.8014 -10.4449 -10.4411 -10.1232 -10.1120 -10.0551 -10.0460
    -5.6916  -5.6911  -5.6809  -5.4050  -2.0558  -1.9864  -1.8333  -1.5684
    -1.0188  -0.8873  -0.6744  -0.5268  -0.4500  -0.4125  -0.3399  -0.2963

          k = 0.0000-0.5057 0.6349 ( 27382 PWs)   bands (ev):

   -24.8022 -24.8022 -10.4573 -10.4573 -10.0901 -10.0901 -10.0594 -10.0594
    -5.9004  -5.9004  -5.3265  -5.3265  -2.2112  -2.2112  -1.4685  -1.4685
    -0.7436  -0.7436  -0.6748  -0.6748  -0.4917  -0.4917  -0.4143  -0.4143

          k = 0.0000 0.2023 0.0000 ( 27345 PWs)   bands (ev):

   -24.8175 -24.8136 -10.2900 -10.2626 -10.0950 -10.0705  -9.9757  -9.9408
    -6.5784  -5.8886  -5.4422  -5.3548  -2.2986  -1.5889  -1.4011  -0.9873
    -0.9535  -0.9217  -0.8940  -0.6364  -0.4398  -0.3810  -0.2077  -0.1776

          k = 0.0000-0.3034 0.0000 ( 27305 PWs)   bands (ev):

   -24.8169 -24.8141 -10.2738 -10.2482 -10.1141 -10.0902  -9.9709  -9.9456
    -6.4722  -5.9390  -5.4968  -5.3940  -2.1562  -1.6952  -1.3695  -0.9148
    -0.8912  -0.8410  -0.8386  -0.6208  -0.5657  -0.4746  -0.2664  -0.2496

          k = 0.0000 0.2023 0.3175 ( 27349 PWs)   bands (ev):

   -24.8120 -24.8089 -10.2416 -10.2094 -10.1658 -10.1630 -10.0628 -10.0546
    -6.2525  -5.6467  -5.5625  -5.4731  -2.0496  -1.8389  -1.6727  -1.0946
    -0.9927  -0.9407  -0.8601  -0.5515  -0.4546  -0.3271  -0.2981  -0.2760

          k = 0.0000-0.3034 0.3175 ( 27328 PWs)   bands (ev):

   -24.8116 -24.8093 -10.2366 -10.1960 -10.1805 -10.1560 -10.0662 -10.0653
    -6.1699  -5.6991  -5.5945  -5.4962  -1.9725  -1.8592  -1.6371  -1.0541
    -0.9922  -0.8971  -0.8958  -0.5634  -0.4580  -0.3965  -0.3136  -0.2960

          k = 0.0000 0.2023 0.6349 ( 27350 PWs)   bands (ev):

   -24.8028 -24.8016 -10.4498 -10.4464 -10.1125 -10.1056 -10.0553 -10.0497
    -5.8302  -5.7725  -5.5146  -5.3461  -2.1121  -2.1002  -1.7138  -1.5067
    -0.9529  -0.7906  -0.6881  -0.5258  -0.4814  -0.4659  -0.3567  -0.3431

          k = 0.0000-0.3034 0.6349 ( 27335 PWs)   bands (ev):

   -24.8026 -24.8017 -10.4539 -10.4512 -10.1024 -10.0992 -10.0562 -10.0537
    -5.8769  -5.8306  -5.4356  -5.3158  -2.1625  -2.1580  -1.6246  -1.4612
    -0.8952  -0.7006  -0.6931  -0.5641  -0.5177  -0.5006  -0.3840  -0.3625

          k = 0.0000 0.4045 0.0000 ( 27314 PWs)   bands (ev):

   -24.8163 -24.8148 -10.2547 -10.2368 -10.1292 -10.1121  -9.9649  -9.9516
    -6.3372  -6.0448  -5.5089  -5.4400  -2.0174  -1.7978  -1.2575  -0.9063
    -0.8924  -0.8591  -0.7063  -0.6656  -0.5943  -0.5159  -0.3364  -0.3316

          k = 0.0000-0.1011 0.0000 ( 27359 PWs)   bands (ev):

   -24.8178 -24.8133 -10.3005 -10.2732 -10.0805 -10.0571  -9.9787  -9.9378
    -6.6461  -5.8752  -5.3813  -5.3287  -2.4061  -1.4887  -1.3735  -1.1195
    -1.0657  -0.9261  -0.8980  -0.6434  -0.4167  -0.2660  -0.1578  -0.1302

          k = 0.0000 0.4045 0.3175 ( 27329 PWs)   bands (ev):

   -24.8110 -24.8098 -10.2278 -10.2001 -10.1766 -10.1542 -10.0736 -10.0710
    -6.0630  -5.8134  -5.5787  -5.5239  -1.9242  -1.8799  -1.5292  -1.2018
    -0.9210  -0.8808  -0.8072  -0.6075  -0.4795  -0.4718  -0.3143  -0.3013

          k = 0.0000-0.1011 0.3175 ( 27351 PWs)   bands (ev):

   -24.8123 -24.8086 -10.2436 -10.2188 -10.1697 -10.1545 -10.0614 -10.0464
    -6.3047  -5.6479  -5.5039  -5.4578  -2.1183  -1.8237  -1.6659  -1.1802
    -1.0072  -0.9617  -0.7735  -0.5676  -0.4616  -0.3047  -0.2797  -0.2301

          k = 0.0000 0.4045 0.6349 ( 27366 PWs)   bands (ev):

   -24.8024 -24.8019 -10.4567 -10.4552 -10.0937 -10.0930 -10.0580 -10.0577
    -5.9009  -5.8758  -5.3707  -5.3078  -2.2011  -2.1946  -1.5365  -1.4419
    -0.8256  -0.7009  -0.6524  -0.6427  -0.5245  -0.4955  -0.4157  -0.3812

          k = 0.0000-0.1011 0.6349 ( 27362 PWs)   bands (ev):

   -24.8029 -24.8015 -10.4463 -10.4425 -10.1203 -10.1103 -10.0551 -10.0469
    -5.7650  -5.7167  -5.6004  -5.3850  -2.0722  -2.0282  -1.7921  -1.5504
    -0.9987  -0.8630  -0.6779  -0.5256  -0.4578  -0.4238  -0.3478  -0.3092

          k = 0.2000 0.0000 0.0000 ( 27342 PWs)   bands (ev):

   -24.8175 -24.8136 -10.2876 -10.2642 -10.0929 -10.0736  -9.9757  -9.9408
    -6.5818  -5.9091  -5.3867  -5.3773  -2.3122  -1.4320  -1.3730  -1.2322
    -0.9024  -0.9021  -0.8887  -0.6520  -0.4524  -0.3553  -0.2483  -0.1834

          k = 0.2000-0.5057 0.0000 ( 27330 PWs)   bands (ev):

   -24.8155 -24.8155 -10.2690 -10.2690 -10.0964 -10.0964  -9.9582  -9.9582
    -6.2124  -6.2124  -5.4566  -5.4566  -1.8628  -1.8628  -1.1335  -1.1335
    -0.9225  -0.9225  -0.6463  -0.6463  -0.5303  -0.5303  -0.3444  -0.3444

          k = 0.2000 0.0000 0.3175 ( 27354 PWs)   bands (ev):

   -24.8120 -24.8089 -10.2302 -10.2241 -10.1639 -10.1615 -10.0705 -10.0476
    -6.2512  -5.6680  -5.5148  -5.4954  -2.0576  -1.7813  -1.7014  -1.1164
    -1.0019  -0.9435  -0.8309  -0.5479  -0.5443  -0.3104  -0.2912  -0.2528

          k = 0.2000-0.5057 0.3175 ( 27346 PWs)   bands (ev):

   -24.8104 -24.8104 -10.2274 -10.2274 -10.1612 -10.1612 -10.0634 -10.0634
    -5.9459  -5.9459  -5.5453  -5.5453  -1.8805  -1.8805  -1.4404  -1.4404
    -0.8646  -0.8646  -0.6865  -0.6865  -0.4334  -0.4334  -0.3389  -0.3389

          k = 0.2000 0.0000 0.6349 ( 27349 PWs)   bands (ev):

   -24.8028 -24.8016 -10.4504 -10.4470 -10.1159 -10.1021 -10.0584 -10.0466
    -5.7991  -5.7402  -5.5520  -5.3678  -2.1960  -2.1055  -1.6829  -1.4587
    -0.9133  -0.8271  -0.7027  -0.5586  -0.4392  -0.4374  -0.3809  -0.3239

          k = 0.2000-0.5057 0.6349 ( 27356 PWs)   bands (ev):

   -24.8022 -24.8022 -10.4519 -10.4519 -10.1036 -10.1036 -10.0540 -10.0540
    -5.8567  -5.8567  -5.3685  -5.3685  -2.1990  -2.1990  -1.5744  -1.5744
    -0.7773  -0.7773  -0.5628  -0.5628  -0.4776  -0.4776  -0.3741  -0.3741

          k = 0.2000 0.2023 0.0000 ( 27358 PWs)   bands (ev):

   -24.8171 -24.8140 -10.2982 -10.2391 -10.1260 -10.0593  -9.9723  -9.9441
    -6.5135  -5.9413  -5.4709  -5.3592  -2.1961  -1.5860  -1.3866  -1.0682
    -0.9323  -0.8731  -0.7518  -0.6342  -0.5377  -0.4595  -0.3284  -0.1603

          k = 0.2000-0.3034 0.0000 ( 27334 PWs)   bands (ev):

   -24.8167 -24.8144 -10.2958 -10.2360 -10.1314 -10.0632  -9.9684  -9.9480
    -6.4330  -6.0011  -5.4952  -5.3813  -2.0808  -1.6793  -1.3698  -0.9390
    -0.9356  -0.8838  -0.7185  -0.6315  -0.6059  -0.4733  -0.3855  -0.1943

          k = 0.2000 0.2023 0.3175 ( 27341 PWs)   bands (ev):

   -24.8117 -24.8092 -10.2398 -10.2051 -10.1833 -10.1500 -10.0738 -10.0480
    -6.1950  -5.6911  -5.5772  -5.4846  -1.9893  -1.8115  -1.6991  -1.0625
    -1.0269  -0.9393  -0.8070  -0.5680  -0.5239  -0.3391  -0.3305  -0.2508

          k = 0.2000-0.3034 0.3175 ( 27336 PWs)   bands (ev):

   -24.8114 -24.8095 -10.2405 -10.1989 -10.1909 -10.1465 -10.0745 -10.0505
    -6.1288  -5.7536  -5.5840  -5.4980  -1.9349  -1.8377  -1.6618  -1.1650
    -0.9576  -0.8866  -0.8013  -0.5788  -0.5063  -0.3685  -0.3457  -0.2754

          k = 0.2000 0.2023 0.6349 ( 27363 PWs)   bands (ev):

   -24.8026 -24.8017 -10.4550 -10.4443 -10.1207 -10.0917 -10.0597 -10.0485
    -5.8676  -5.7091  -5.5482  -5.3312  -2.2316  -2.0859  -1.6863  -1.4974
    -0.8191  -0.7770  -0.6919  -0.5400  -0.5244  -0.4419  -0.4121  -0.2861

          k = 0.2000-0.3034 0.6349 ( 27362 PWs)   bands (ev):

   -24.8025 -24.8018 -10.4558 -10.4454 -10.1187 -10.0900 -10.0595 -10.0499
    -5.8860  -5.7576  -5.4884  -5.3215  -2.2412  -2.1071  -1.6667  -1.5156
    -0.8121  -0.6912  -0.6694  -0.5818  -0.5239  -0.4473  -0.4131  -0.2948

          k = 0.2000 0.4045 0.0000 ( 27334 PWs)   bands (ev):

   -24.8161 -24.8149 -10.2857 -10.2495 -10.1179 -10.0765  -9.9636  -9.9528
    -6.3293  -6.0967  -5.4875  -5.4171  -1.9645  -1.7707  -1.2852  -0.9468
    -0.9356  -0.9032  -0.7692  -0.5687  -0.5661  -0.4973  -0.4188  -0.2584

          k = 0.2000-0.1011 0.0000 ( 27350 PWs)   bands (ev):

   -24.8174 -24.8137 -10.2933 -10.2541 -10.1071 -10.0651  -9.9748  -9.9417
    -6.5644  -5.9154  -5.4254  -5.3581  -2.2810  -1.4943  -1.3679  -1.1837
    -0.9170  -0.8773  -0.8566  -0.6485  -0.4537  -0.4028  -0.2836  -0.1621

          k = 0.2000 0.4045 0.3175 ( 27340 PWs)   bands (ev):

   -24.8109 -24.8100 -10.2363 -10.2143 -10.1758 -10.1504 -10.0707 -10.0559
    -6.0435  -5.8452  -5.5688  -5.5200  -1.9003  -1.8614  -1.5708  -1.2977
    -0.9078  -0.8295  -0.7850  -0.6097  -0.4762  -0.3993  -0.3487  -0.3108

          k = 0.2000-0.1011 0.3175 ( 27348 PWs)   bands (ev):

   -24.8119 -24.8090 -10.2353 -10.2168 -10.1709 -10.1564 -10.0715 -10.0475
    -6.2369  -5.6706  -5.5423  -5.4847  -2.0385  -1.7898  -1.7035  -1.0922
    -1.0073  -0.9518  -0.8233  -0.5553  -0.5374  -0.3153  -0.3104  -0.2460

          k = 0.2000 0.4045 0.6349 ( 27347 PWs)   bands (ev):

   -24.8023 -24.8020 -10.4547 -10.4483 -10.1124 -10.0950 -10.0571 -10.0516
    -5.8823  -5.8127  -5.4228  -5.3335  -2.2308  -2.1523  -1.6232  -1.5376
    -0.8039  -0.7263  -0.6170  -0.5389  -0.5175  -0.4542  -0.4126  -0.3256

          k = 0.2000-0.1011 0.6349 ( 27353 PWs)   bands (ev):

   -24.8027 -24.8016 -10.4525 -10.4454 -10.1186 -10.0978 -10.0588 -10.0472
    -5.8310  -5.7101  -5.5632  -5.3540  -2.2099  -2.0942  -1.6855  -1.4732
    -0.8749  -0.8218  -0.7015  -0.5531  -0.4606  -0.4242  -0.4173  -0.3009

          k = 0.4000 0.0000 0.0000 ( 27368 PWs)   bands (ev):

   -24.8163 -24.8148 -10.2490 -10.2374 -10.1284 -10.1187  -9.9649  -9.9516
    -6.3521  -6.0779  -5.4526  -5.4262  -2.0184  -1.7153  -1.1397  -0.9723
    -0.8640  -0.8603  -0.8206  -0.6656  -0.6394  -0.5546  -0.4315  -0.3196

          k = 0.4000-0.5057 0.0000 ( 27352 PWs)   bands (ev):

   -24.8155 -24.8155 -10.3016 -10.3016 -10.0601 -10.0601  -9.9581  -9.9581
    -6.2495  -6.2495  -5.4166  -5.4166  -1.7889  -1.7889  -1.2431  -1.2431
    -0.9561  -0.9561  -0.6571  -0.6571  -0.4918  -0.4918  -0.3030  -0.3030

          k = 0.4000 0.0000 0.3175 ( 27376 PWs)   bands (ev):

   -24.8110 -24.8098 -10.2165 -10.1955 -10.1924 -10.1611 -10.0776 -10.0619
    -6.0607  -5.8204  -5.5555  -5.5286  -1.9149  -1.8018  -1.5756  -1.2227
    -0.9228  -0.8559  -0.8541  -0.7035  -0.4849  -0.4067  -0.3224  -0.3137

          k = 0.4000-0.5057 0.3175 ( 27322 PWs)   bands (ev):

   -24.8104 -24.8104 -10.2439 -10.2439 -10.1601 -10.1601 -10.0476 -10.0476
    -5.9546  -5.9546  -5.5333  -5.5333  -1.8286  -1.8286  -1.5753  -1.5753
    -0.8015  -0.8015  -0.6316  -0.6316  -0.4619  -0.4619  -0.3273  -0.3273

          k = 0.4000 0.0000 0.6349 ( 27353 PWs)   bands (ev):

   -24.8024 -24.8019 -10.4583 -10.4568 -10.0999 -10.0896 -10.0612 -10.0518
    -5.8467  -5.8217  -5.4226  -5.3529  -2.3042  -2.2619  -1.4796  -1.3649
    -0.7877  -0.7448  -0.6371  -0.6149  -0.5821  -0.4167  -0.4012  -0.3884

          k = 0.4000-0.5057 0.6349 ( 27374 PWs)   bands (ev):

   -24.8021 -24.8021 -10.4425 -10.4425 -10.1216 -10.1216 -10.0496 -10.0496
    -5.7625  -5.7625  -5.4598  -5.4598  -2.1730  -2.1730  -1.7239  -1.7239
    -0.7651  -0.7651  -0.5322  -0.5322  -0.4370  -0.4370  -0.2709  -0.2709

          k = 0.4000 0.2023 0.0000 ( 27358 PWs)   bands (ev):

   -24.8161 -24.8149 -10.2844 -10.2482 -10.1195 -10.0780  -9.9636  -9.9528
    -6.3387  -6.1144  -5.4609  -5.4030  -1.9627  -1.7235  -1.2298  -0.9519
    -0.9179  -0.8828  -0.8434  -0.6507  -0.5923  -0.5175  -0.4247  -0.2615

          k = 0.4000-0.3034 0.0000 ( 27355 PWs)   bands (ev):

   -24.8160 -24.8151 -10.2989 -10.2699 -10.0963 -10.0619  -9.9621  -9.9542
    -6.3194  -6.1551  -5.4522  -5.3974  -1.9047  -1.7324  -1.2851  -1.0221
    -0.9435  -0.9139  -0.8219  -0.5995  -0.5512  -0.4950  -0.4054  -0.2464

          k = 0.4000 0.2023 0.3175 ( 27356 PWs)   bands (ev):

   -24.8109 -24.8100 -10.2329 -10.2118 -10.1820 -10.1541 -10.0701 -10.0535
    -6.0423  -5.8481  -5.5590  -5.5195  -1.8916  -1.8023  -1.6167  -1.3207
    -0.8768  -0.8483  -0.7909  -0.6386  -0.4903  -0.4092  -0.3455  -0.3047

          k = 0.4000-0.3034 0.3175 ( 27343 PWs)   bands (ev):

   -24.8108 -24.8101 -10.2413 -10.2257 -10.1740 -10.1530 -10.0618 -10.0481
    -6.0199  -5.8792  -5.5544  -5.5187  -1.8700  -1.8027  -1.6381  -1.4089
    -0.8495  -0.8154  -0.7429  -0.6036  -0.4748  -0.4250  -0.3720  -0.2936

          k = 0.4000 0.2023 0.6349 ( 27357 PWs)   bands (ev):

   -24.8023 -24.8020 -10.4556 -10.4493 -10.1134 -10.0957 -10.0568 -10.0501
    -5.8493  -5.7666  -5.4657  -5.3626  -2.2867  -2.2197  -1.5589  -1.4940
    -0.7766  -0.7327  -0.6268  -0.6044  -0.5132  -0.4357  -0.3771  -0.2953

          k = 0.4000-0.3034 0.6349 ( 27347 PWs)   bands (ev):

   -24.8023 -24.8020 -10.4511 -10.4446 -10.1208 -10.1048 -10.0534 -10.0493
    -5.8304  -5.7379  -5.4909  -5.3851  -2.2570  -2.1831  -1.6500  -1.5850
    -0.7840  -0.7264  -0.6022  -0.5746  -0.4700  -0.4286  -0.3428  -0.2622

          k = 0.4000 0.4045 0.0000 ( 27366 PWs)   bands (ev):

   -24.8158 -24.8153 -10.3049 -10.2893 -10.0746 -10.0556  -9.9602  -9.9560
    -6.2895  -6.2027  -5.4353  -5.4025  -1.8427  -1.7515  -1.2948  -1.1427
    -0.9571  -0.9406  -0.7387  -0.6023  -0.5151  -0.4851  -0.3593  -0.2612

          k = 0.4000-0.1011 0.0000 ( 27347 PWs)   bands (ev):

   -24.8162 -24.8148 -10.2645 -10.2346 -10.1331 -10.1004  -9.9646  -9.9519
    -6.3490  -6.0873  -5.4585  -5.4163  -2.0037  -1.7177  -1.1661  -0.9718
    -0.8867  -0.8604  -0.8009  -0.6854  -0.6263  -0.5427  -0.4308  -0.2970

          k = 0.4000 0.4045 0.3175 ( 27319 PWs)   bands (ev):

   -24.8106 -24.8102 -10.2453 -10.2370 -10.1666 -10.1553 -10.0535 -10.0457
    -5.9901  -5.9163  -5.5447  -5.5237  -1.8489  -1.8108  -1.6265  -1.4982
    -0.8245  -0.7936  -0.6886  -0.5976  -0.4690  -0.4430  -0.3637  -0.3002

          k = 0.4000-0.1011 0.3175 ( 27356 PWs)   bands (ev):

   -24.8110 -24.8099 -10.2226 -10.1989 -10.1902 -10.1582 -10.0758 -10.0593
    -6.0561  -5.8276  -5.5578  -5.5248  -1.9085  -1.8021  -1.5882  -1.2507
    -0.9087  -0.8604  -0.8314  -0.6827  -0.4905  -0.4028  -0.3242  -0.3166

          k = 0.4000 0.4045 0.6349 ( 27364 PWs)   bands (ev):

   -24.8022 -24.8021 -10.4461 -10.4419 -10.1239 -10.1145 -10.0509 -10.0491
    -5.7989  -5.7359  -5.4897  -5.4199  -2.2144  -2.1599  -1.7196  -1.6680
    -0.7792  -0.7451  -0.5622  -0.5380  -0.4457  -0.4313  -0.3036  -0.2543

          k = 0.4000-0.1011 0.6349 ( 27354 PWs)   bands (ev):

   -24.8024 -24.8019 -10.4581 -10.4541 -10.1047 -10.0903 -10.0600 -10.0512
    -5.8526  -5.8016  -5.4361  -5.3537  -2.3010  -2.2499  -1.4987  -1.4052
    -0.7698  -0.7561  -0.6394  -0.6018  -0.5659  -0.4361  -0.3966  -0.3459

     highest occupied level (ev):    -0.1137

     Writing config to output data dir ./_ph0/pwscf.q_3/pwscf.save/ :
     XML data file

                                                                                

     bravais-lattice index     =            8
     lattice parameter (alat)  =      13.7506  a.u.
     unit-cell volume          =    1619.6113 (a.u.)^3
     number of atoms/cell      =           22
     number of atomic types    =            3
     kinetic-energy cut-off    =     100.0000  Ry
     charge density cut-off    =     800.0000  Ry
     convergence threshold     =      1.0E-14
     beta                      =       0.7000
     number of iterations used =            4
     Exchange-correlation= PBESOL
                           (   1   4  10   8   0   0   0)


     celldm(1)=   13.75059  celldm(2)=    0.98879  celldm(3)=    0.63000
     celldm(4)=    0.00000  celldm(5)=    0.00000  celldm(6)=    0.00000

     crystal axes: (cart. coord. in units of alat)
               a(1) = (  1.0000  0.0000  0.0000 )  
               a(2) = (  0.0000  0.9888  0.0000 )  
               a(3) = (  0.0000  0.0000  0.6300 )  

     reciprocal axes: (cart. coord. in units 2 pi/alat)
               b(1) = (  1.0000  0.0000  0.0000 )  
               b(2) = (  0.0000  1.0113  0.0000 )  
               b(3) = (  0.0000  0.0000  1.5873 )  


     Atoms inside the unit cell: 

     Cartesian axes

     site n.  atom      mass           positions (alat units)
        1  Ba    137.3270   tau(    1) = (    0.50000    0.49440    0.31501  )
        2  Ba    137.3270   tau(    2) = (    0.00000    0.00000    0.62999  )
        3  B      10.8110   tau(    3) = (    0.64575    0.26903    0.00001  )
        4  B      10.8110   tau(    4) = (    0.35425    0.71976    0.00001  )
        5  B      10.8110   tau(    5) = (    0.14575    0.22536    0.31499  )
        6  B      10.8110   tau(    6) = (    0.85425    0.76343    0.31499  )
        7  H       1.0079   tau(    7) = (    0.47644    0.27855    0.00001  )
        8  H       1.0079   tau(    8) = (    0.52356    0.71024    0.00001  )
        9  H       1.0079   tau(    9) = (    0.97644    0.21585    0.31499  )
       10  H       1.0079   tau(   10) = (    0.02356    0.77295    0.31499  )
       11  H       1.0079   tau(   11) = (    0.71254    0.42531    0.00001  )
       12  H       1.0079   tau(   12) = (    0.28746    0.56348    0.00001  )
       13  H       1.0079   tau(   13) = (    0.21254    0.06909    0.31499  )
       14  H       1.0079   tau(   14) = (    0.78746    0.91970    0.31499  )
       15  H       1.0079   tau(   15) = (    0.69368    0.18797    0.48964  )
       16  H       1.0079   tau(   16) = (    0.30632    0.80082    0.48964  )
       17  H       1.0079   tau(   17) = (    0.19368    0.30643    0.45536  )
       18  H       1.0079   tau(   18) = (    0.80632    0.68236    0.45536  )
       19  H       1.0079   tau(   19) = (    0.30631    0.80082    0.14038  )
       20  H       1.0079   tau(   20) = (    0.69369    0.18797    0.14038  )
       21  H       1.0079   tau(   21) = (    0.80631    0.68237    0.17462  )
       22  H       1.0079   tau(   22) = (    0.19369    0.30643    0.17462  )

     Computing dynamical matrix for 
                    q = (   0.0000000  -0.5056675   0.0000000 )

      5 Sym.Ops. (with q -> -q+G )


     G cutoff = 3831.5372  (  25782 G-vectors)     FFT grid: (128,128, 80)
     G cutoff = 1915.7686  (   9122 G-vectors)  smooth grid: ( 90, 90, 60)
     number of k points=    54

     PseudoPot. # 1 for B  read from file:
     /home/mehlhorn/pseudos/b_pbesol_v1.4.uspp.F.UPF
     MD5 check sum: 369b69bef2c3aeed4453bd8b804fd6a8
     Pseudo is Ultrasoft + core correction, Zval =  3.0
     Generated by new atomic code, or converted to UPF format
     Using radial grid of  781 points,  4 beta functions with: 
                l(1) =   0
                l(2) =   0
                l(3) =   1
                l(4) =   1
     Q(r) pseudized with  8 coefficients,  rinner =    1.100   1.100   1.100


     PseudoPot. # 2 for Ba read from file:
     /home/mehlhorn/pseudos/Ba.nc.z_10.oncvpsp4.dojo.v4-sp.upf
     MD5 check sum: c10ed334bb677c0554edec7181ce9143
     Pseudo is Norm-conserving + core correction, Zval = 10.0
     Generated using ONCVPSP code by D. R. Hamann
     Using radial grid of 1938 points,  8 beta functions with: 
                l(1) =   0
                l(2) =   0
                l(3) =   1
                l(4) =   1
                l(5) =   2
                l(6) =   2
                l(7) =   3
                l(8) =   3

     PseudoPot. # 3 for H  read from file:
     /home/mehlhorn/pseudos/H_ONCV_PBEsol-1.0.upf
     MD5 check sum: 398ef8f67c0a7342c05c87c5e19ea467
     Pseudo is Norm-conserving, Zval =  1.0
     Generated using ONCVPSP code by D. R. Hamann
     Using radial grid of 1180 points,  2 beta functions with: 
                l(1) =   0
                l(2) =   0


     Atomic displacements:
     There are   33 irreducible representations

     Representation     1      2 modes -  To be done

     Representation     2      2 modes -  To be done

     Representation     3      2 modes -  To be done

     Representation     4      2 modes -  To be done

     Representation     5      2 modes -  To be done

     Representation     6      2 modes -  To be done

     Representation     7      2 modes -  To be done

     Representation     8      2 modes -  To be done

     Representation     9      2 modes -  To be done

     Representation    10      2 modes -  To be done

     Representation    11      2 modes -  To be done

     Representation    12      2 modes -  To be done

     Representation    13      2 modes -  To be done

     Representation    14      2 modes -  To be done

     Representation    15      2 modes -  To be done

     Representation    16      2 modes -  To be done

     Representation    17      2 modes -  To be done

     Representation    18      2 modes -  To be done

     Representation    19      2 modes -  To be done

     Representation    20      2 modes -  To be done

     Representation    21      2 modes -  To be done

     Representation    22      2 modes -  To be done

     Representation    23      2 modes -  To be done

     Representation    24      2 modes -  To be done

     Representation    25      2 modes -  To be done

     Representation    26      2 modes -  To be done

     Representation    27      2 modes -  To be done

     Representation    28      2 modes -  To be done

     Representation    29      2 modes -  To be done

     Representation    30      2 modes -  To be done

     Representation    31      2 modes -  To be done

     Representation    32      2 modes -  To be done

     Representation    33      2 modes -  To be done



     Alpha used in Ewald sum =   2.8000
     PHONON       :     22h32m CPU     22h47m WALL



     Representation #   1 modes #   1   2

     Self-consistent Calculation

      iter #   1 total cpu time : 82141.0 secs   av.it.:   4.1
      thresh= 1.000E-02 alpha_mix =  0.700 |ddv_scf|^2 =  2.070E-09

      iter #   2 total cpu time : 82355.9 secs   av.it.:  16.9
      thresh= 4.549E-06 alpha_mix =  0.700 |ddv_scf|^2 =  1.194E-09

      iter #   3 total cpu time : 82551.5 secs   av.it.:  15.0
      thresh= 3.455E-06 alpha_mix =  0.700 |ddv_scf|^2 =  6.434E-11

      iter #   4 total cpu time : 82748.2 secs   av.it.:  15.9
      thresh= 8.021E-07 alpha_mix =  0.700 |ddv_scf|^2 =  7.961E-13

      iter #   5 total cpu time : 82957.2 secs   av.it.:  17.0
      thresh= 8.923E-08 alpha_mix =  0.700 |ddv_scf|^2 =  1.465E-13

      iter #   6 total cpu time : 83169.8 secs   av.it.:  16.7
      thresh= 3.828E-08 alpha_mix =  0.700 |ddv_scf|^2 =  1.640E-15

     End of self-consistent calculation

     Convergence has been achieved 


     Representation #   2 modes #   3   4

     Self-consistent Calculation

      iter #   1 total cpu time : 83258.9 secs   av.it.:   3.0
      thresh= 1.000E-02 alpha_mix =  0.700 |ddv_scf|^2 =  2.444E-10

      iter #   2 total cpu time : 83470.1 secs   av.it.:  17.0
      thresh= 1.563E-06 alpha_mix =  0.700 |ddv_scf|^2 =  1.063E-10

      iter #   3 total cpu time : 83669.7 secs   av.it.:  16.0
      thresh= 1.031E-06 alpha_mix =  0.700 |ddv_scf|^2 =  8.812E-12

      iter #   4 total cpu time : 83870.2 secs   av.it.:  15.8
      thresh= 2.968E-07 alpha_mix =  0.700 |ddv_scf|^2 =  2.418E-13

      iter #   5 total cpu time : 84084.7 secs   av.it.:  17.0
      thresh= 4.917E-08 alpha_mix =  0.700 |ddv_scf|^2 =  1.861E-14

      iter #   6 total cpu time : 84298.4 secs   av.it.:  16.9
      thresh= 1.364E-08 alpha_mix =  0.700 |ddv_scf|^2 =  9.317E-16

     End of self-consistent calculation

     Convergence has been achieved 


     Representation #   3 modes #   5   6

     Self-consistent Calculation

      iter #   1 total cpu time : 84389.3 secs   av.it.:   3.1
      thresh= 1.000E-02 alpha_mix =  0.700 |ddv_scf|^2 =  5.486E-10

      iter #   2 total cpu time : 84602.3 secs   av.it.:  17.0
      thresh= 2.342E-06 alpha_mix =  0.700 |ddv_scf|^2 =  4.864E-10

      iter #   3 total cpu time : 84800.4 secs   av.it.:  15.8
      thresh= 2.205E-06 alpha_mix =  0.700 |ddv_scf|^2 =  9.263E-12

      iter #   4 total cpu time : 85007.1 secs   av.it.:  16.6
      thresh= 3.044E-07 alpha_mix =  0.700 |ddv_scf|^2 =  1.036E-12

      iter #   5 total cpu time : 85208.1 secs   av.it.:  16.0
      thresh= 1.018E-07 alpha_mix =  0.700 |ddv_scf|^2 =  2.737E-14

      iter #   6 total cpu time : 85419.5 secs   av.it.:  17.0
      thresh= 1.654E-08 alpha_mix =  0.700 |ddv_scf|^2 =  1.816E-15

     End of self-consistent calculation

     Convergence has been achieved 


     Representation #   4 modes #   7   8

     Self-consistent Calculation

      iter #   1 total cpu time : 85512.1 secs   av.it.:   3.1
      thresh= 1.000E-02 alpha_mix =  0.700 |ddv_scf|^2 =  1.330E-09

      iter #   2 total cpu time : 85720.2 secs   av.it.:  16.0
      thresh= 3.647E-06 alpha_mix =  0.700 |ddv_scf|^2 =  1.275E-09

      iter #   3 total cpu time : 85916.2 secs   av.it.:  15.0
      thresh= 3.570E-06 alpha_mix =  0.700 |ddv_scf|^2 =  8.512E-12

      iter #   4 total cpu time : 86128.0 secs   av.it.:  16.0
      thresh= 2.918E-07 alpha_mix =  0.700 |ddv_scf|^2 =  4.960E-13

      iter #   5 total cpu time : 86340.8 secs   av.it.:  16.8
      thresh= 7.043E-08 alpha_mix =  0.700 |ddv_scf|^2 =  3.218E-14

      iter #   6 total cpu time : 86552.4 secs   av.it.:  16.7
      thresh= 1.794E-08 alpha_mix =  0.700 |ddv_scf|^2 =  4.505E-15

     End of self-consistent calculation

     Convergence has been achieved 


     Representation #   5 modes #   9  10

     Self-consistent Calculation

      iter #   1 total cpu time : 86643.9 secs   av.it.:   3.0
      thresh= 1.000E-02 alpha_mix =  0.700 |ddv_scf|^2 =  2.167E-10

      iter #   2 total cpu time : 86861.7 secs   av.it.:  17.0
      thresh= 1.472E-06 alpha_mix =  0.700 |ddv_scf|^2 =  4.435E-11

      iter #   3 total cpu time : 87077.0 secs   av.it.:  17.0
      thresh= 6.659E-07 alpha_mix =  0.700 |ddv_scf|^2 =  1.050E-12

      iter #   4 total cpu time : 87289.8 secs   av.it.:  17.0
      thresh= 1.024E-07 alpha_mix =  0.700 |ddv_scf|^2 =  1.760E-13

      iter #   5 total cpu time : 87495.3 secs   av.it.:  16.0
      thresh= 4.195E-08 alpha_mix =  0.700 |ddv_scf|^2 =  2.288E-14

      iter #   6 total cpu time : 87693.6 secs   av.it.:  15.9
      thresh= 1.513E-08 alpha_mix =  0.700 |ddv_scf|^2 =  1.061E-15

     End of self-consistent calculation

     Convergence has been achieved 


     Representation #   6 modes #  11  12

     Self-consistent Calculation

      iter #   1 total cpu time : 87788.4 secs   av.it.:   4.0
      thresh= 1.000E-02 alpha_mix =  0.700 |ddv_scf|^2 =  3.932E-09

      iter #   2 total cpu time : 87995.4 secs   av.it.:  16.0
      thresh= 6.271E-06 alpha_mix =  0.700 |ddv_scf|^2 =  4.540E-09

      iter #   3 total cpu time : 88189.0 secs   av.it.:  15.0
      thresh= 6.738E-06 alpha_mix =  0.700 |ddv_scf|^2 =  1.654E-11

      iter #   4 total cpu time : 88396.4 secs   av.it.:  16.0
      thresh= 4.066E-07 alpha_mix =  0.700 |ddv_scf|^2 =  1.004E-12

      iter #   5 total cpu time : 88604.6 secs   av.it.:  16.2
      thresh= 1.002E-07 alpha_mix =  0.700 |ddv_scf|^2 =  9.707E-14

      iter #   6 total cpu time : 88804.5 secs   av.it.:  16.0
      thresh= 3.116E-08 alpha_mix =  0.700 |ddv_scf|^2 =  8.650E-15

     End of self-consistent calculation

     Convergence has been achieved 


     Representation #   7 modes #  13  14

     Self-consistent Calculation

      iter #   1 total cpu time : 88898.6 secs   av.it.:   3.1
      thresh= 1.000E-02 alpha_mix =  0.700 |ddv_scf|^2 =  2.353E-09

      iter #   2 total cpu time : 89113.9 secs   av.it.:  16.0
      thresh= 4.851E-06 alpha_mix =  0.700 |ddv_scf|^2 =  2.305E-09

      iter #   3 total cpu time : 89316.9 secs   av.it.:  15.0
      thresh= 4.801E-06 alpha_mix =  0.700 |ddv_scf|^2 =  1.126E-11

      iter #   4 total cpu time : 89527.9 secs   av.it.:  16.0
      thresh= 3.356E-07 alpha_mix =  0.700 |ddv_scf|^2 =  1.116E-12

      iter #   5 total cpu time : 89740.0 secs   av.it.:  16.0
      thresh= 1.056E-07 alpha_mix =  0.700 |ddv_scf|^2 =  6.014E-14

      iter #   6 total cpu time : 89955.7 secs   av.it.:  16.1
      thresh= 2.452E-08 alpha_mix =  0.700 |ddv_scf|^2 =  5.746E-15

     End of self-consistent calculation

     Convergence has been achieved 


     Representation #   8 modes #  15  16

     Self-consistent Calculation

      iter #   1 total cpu time : 90082.1 secs   av.it.:   6.7
      thresh= 1.000E-02 alpha_mix =  0.700 |ddv_scf|^2 =  4.025E-08

      iter #   2 total cpu time : 90287.4 secs   av.it.:  16.3
      thresh= 2.006E-05 alpha_mix =  0.700 |ddv_scf|^2 =  4.099E-08

      iter #   3 total cpu time : 90480.0 secs   av.it.:  15.0
      thresh= 2.025E-05 alpha_mix =  0.700 |ddv_scf|^2 =  3.317E-10

      iter #   4 total cpu time : 90683.4 secs   av.it.:  16.0
      thresh= 1.821E-06 alpha_mix =  0.700 |ddv_scf|^2 =  1.048E-11

      iter #   5 total cpu time : 90900.8 secs   av.it.:  16.5
      thresh= 3.237E-07 alpha_mix =  0.700 |ddv_scf|^2 =  8.847E-13

      iter #   6 total cpu time : 91121.8 secs   av.it.:  17.0
      thresh= 9.406E-08 alpha_mix =  0.700 |ddv_scf|^2 =  2.750E-14

      iter #   7 total cpu time : 91340.7 secs   av.it.:  16.6
      thresh= 1.658E-08 alpha_mix =  0.700 |ddv_scf|^2 =  2.156E-15

     End of self-consistent calculation

     Convergence has been achieved 


     Representation #   9 modes #  17  18

     Self-consistent Calculation

      iter #   1 total cpu time : 91433.8 secs   av.it.:   3.5
      thresh= 1.000E-02 alpha_mix =  0.700 |ddv_scf|^2 =  4.716E-10

      iter #   2 total cpu time : 91649.5 secs   av.it.:  17.0
      thresh= 2.172E-06 alpha_mix =  0.700 |ddv_scf|^2 =  1.829E-10

      iter #   3 total cpu time : 91856.6 secs   av.it.:  16.3
      thresh= 1.352E-06 alpha_mix =  0.700 |ddv_scf|^2 =  9.715E-12

      iter #   4 total cpu time : 92052.8 secs   av.it.:  15.7
      thresh= 3.117E-07 alpha_mix =  0.700 |ddv_scf|^2 =  7.589E-13

      iter #   5 total cpu time : 92250.8 secs   av.it.:  16.0
      thresh= 8.712E-08 alpha_mix =  0.700 |ddv_scf|^2 =  3.153E-14

      iter #   6 total cpu time : 92460.9 secs   av.it.:  16.1
      thresh= 1.776E-08 alpha_mix =  0.700 |ddv_scf|^2 =  1.597E-15

     End of self-consistent calculation

     Convergence has been achieved 


     Representation #  10 modes #  19  20

     Self-consistent Calculation

      iter #   1 total cpu time : 92565.1 secs   av.it.:   4.6
      thresh= 1.000E-02 alpha_mix =  0.700 |ddv_scf|^2 =  6.027E-09

      iter #   2 total cpu time : 92775.0 secs   av.it.:  16.5
      thresh= 7.763E-06 alpha_mix =  0.700 |ddv_scf|^2 =  7.399E-09

      iter #   3 total cpu time : 92970.5 secs   av.it.:  15.0
      thresh= 8.602E-06 alpha_mix =  0.700 |ddv_scf|^2 =  3.535E-11

      iter #   4 total cpu time : 93183.6 secs   av.it.:  16.3
      thresh= 5.945E-07 alpha_mix =  0.700 |ddv_scf|^2 =  2.815E-12

      iter #   5 total cpu time : 93396.9 secs   av.it.:  16.6
      thresh= 1.678E-07 alpha_mix =  0.700 |ddv_scf|^2 =  3.084E-13

      iter #   6 total cpu time : 93609.7 secs   av.it.:  16.5
      thresh= 5.553E-08 alpha_mix =  0.700 |ddv_scf|^2 =  7.474E-15

     End of self-consistent calculation

     Convergence has been achieved 


     Representation #  11 modes #  21  22

     Self-consistent Calculation

      iter #   1 total cpu time : 93701.4 secs   av.it.:   3.0
      thresh= 1.000E-02 alpha_mix =  0.700 |ddv_scf|^2 =  1.690E-09

      iter #   2 total cpu time : 93902.4 secs   av.it.:  16.0
      thresh= 4.111E-06 alpha_mix =  0.700 |ddv_scf|^2 =  1.876E-09

      iter #   3 total cpu time : 94088.8 secs   av.it.:  15.0
      thresh= 4.331E-06 alpha_mix =  0.700 |ddv_scf|^2 =  7.279E-12

      iter #   4 total cpu time : 94290.5 secs   av.it.:  16.2
      thresh= 2.698E-07 alpha_mix =  0.700 |ddv_scf|^2 =  9.777E-13

      iter #   5 total cpu time : 94489.7 secs   av.it.:  16.0
      thresh= 9.888E-08 alpha_mix =  0.700 |ddv_scf|^2 =  5.151E-14

      iter #   6 total cpu time : 94687.8 secs   av.it.:  16.0
      thresh= 2.270E-08 alpha_mix =  0.700 |ddv_scf|^2 =  4.854E-15

     End of self-consistent calculation

     Convergence has been achieved 


     Representation #  12 modes #  23  24

     Self-consistent Calculation

      iter #   1 total cpu time : 94777.0 secs   av.it.:   3.0
      thresh= 1.000E-02 alpha_mix =  0.700 |ddv_scf|^2 =  2.699E-09

      iter #   2 total cpu time : 94982.8 secs   av.it.:  16.0
      thresh= 5.195E-06 alpha_mix =  0.700 |ddv_scf|^2 =  3.098E-09

      iter #   3 total cpu time : 95175.2 secs   av.it.:  15.0
      thresh= 5.566E-06 alpha_mix =  0.700 |ddv_scf|^2 =  4.637E-12

      iter #   4 total cpu time : 95391.3 secs   av.it.:  16.9
      thresh= 2.153E-07 alpha_mix =  0.700 |ddv_scf|^2 =  9.065E-13

      iter #   5 total cpu time : 95606.0 secs   av.it.:  16.0
      thresh= 9.521E-08 alpha_mix =  0.700 |ddv_scf|^2 =  3.105E-14

      iter #   6 total cpu time : 95826.7 secs   av.it.:  16.9
      thresh= 1.762E-08 alpha_mix =  0.700 |ddv_scf|^2 =  1.486E-15

     End of self-consistent calculation

     Convergence has been achieved 


     Representation #  13 modes #  25  26

     Self-consistent Calculation

      iter #   1 total cpu time : 95920.1 secs   av.it.:   3.0
      thresh= 1.000E-02 alpha_mix =  0.700 |ddv_scf|^2 =  2.166E-09

      iter #   2 total cpu time : 96135.4 secs   av.it.:  16.0
      thresh= 4.654E-06 alpha_mix =  0.700 |ddv_scf|^2 =  2.435E-09

      iter #   3 total cpu time : 96337.5 secs   av.it.:  15.0
      thresh= 4.934E-06 alpha_mix =  0.700 |ddv_scf|^2 =  1.214E-11

      iter #   4 total cpu time : 96552.3 secs   av.it.:  16.0
      thresh= 3.484E-07 alpha_mix =  0.700 |ddv_scf|^2 =  5.519E-13

      iter #   5 total cpu time : 96772.7 secs   av.it.:  16.9
      thresh= 7.429E-08 alpha_mix =  0.700 |ddv_scf|^2 =  4.538E-14

      iter #   6 total cpu time : 96988.3 secs   av.it.:  16.0
      thresh= 2.130E-08 alpha_mix =  0.700 |ddv_scf|^2 =  2.921E-15

     End of self-consistent calculation

     Convergence has been achieved 


     Representation #  14 modes #  27  28

     Self-consistent Calculation

      iter #   1 total cpu time : 97081.9 secs   av.it.:   3.1
      thresh= 1.000E-02 alpha_mix =  0.700 |ddv_scf|^2 =  7.591E-10

      iter #   2 total cpu time : 97287.8 secs   av.it.:  17.0
      thresh= 2.755E-06 alpha_mix =  0.700 |ddv_scf|^2 =  6.682E-10

      iter #   3 total cpu time : 97487.4 secs   av.it.:  15.8
      thresh= 2.585E-06 alpha_mix =  0.700 |ddv_scf|^2 =  1.158E-11

      iter #   4 total cpu time : 97695.4 secs   av.it.:  16.0
      thresh= 3.403E-07 alpha_mix =  0.700 |ddv_scf|^2 =  4.708E-13

      iter #   5 total cpu time : 97911.0 secs   av.it.:  17.0
      thresh= 6.861E-08 alpha_mix =  0.700 |ddv_scf|^2 =  3.809E-14

      iter #   6 total cpu time : 98129.7 secs   av.it.:  16.4
      thresh= 1.952E-08 alpha_mix =  0.700 |ddv_scf|^2 =  3.435E-15

     End of self-consistent calculation

     Convergence has been achieved 


     Representation #  15 modes #  29  30

     Self-consistent Calculation

      iter #   1 total cpu time : 98224.3 secs   av.it.:   3.6
      thresh= 1.000E-02 alpha_mix =  0.700 |ddv_scf|^2 =  6.778E-10

      iter #   2 total cpu time : 98442.5 secs   av.it.:  17.0
      thresh= 2.603E-06 alpha_mix =  0.700 |ddv_scf|^2 =  4.003E-10

      iter #   3 total cpu time : 98650.5 secs   av.it.:  16.0
      thresh= 2.001E-06 alpha_mix =  0.700 |ddv_scf|^2 =  1.700E-11

      iter #   4 total cpu time : 98849.4 secs   av.it.:  15.0
      thresh= 4.123E-07 alpha_mix =  0.700 |ddv_scf|^2 =  1.020E-12

      iter #   5 total cpu time : 99050.3 secs   av.it.:  15.9
      thresh= 1.010E-07 alpha_mix =  0.700 |ddv_scf|^2 =  4.110E-14

      iter #   6 total cpu time : 99258.0 secs   av.it.:  16.1
      thresh= 2.027E-08 alpha_mix =  0.700 |ddv_scf|^2 =  5.680E-15

     End of self-consistent calculation

     Convergence has been achieved 


     Representation #  16 modes #  31  32

     Self-consistent Calculation

      iter #   1 total cpu time : 99346.2 secs   av.it.:   3.0
      thresh= 1.000E-02 alpha_mix =  0.700 |ddv_scf|^2 =  1.175E-09

      iter #   2 total cpu time : 99550.1 secs   av.it.:  16.0
      thresh= 3.428E-06 alpha_mix =  0.700 |ddv_scf|^2 =  1.116E-09

      iter #   3 total cpu time : 99741.3 secs   av.it.:  15.0
      thresh= 3.341E-06 alpha_mix =  0.700 |ddv_scf|^2 =  6.375E-12

      iter #   4 total cpu time : 99946.7 secs   av.it.:  16.0
      thresh= 2.525E-07 alpha_mix =  0.700 |ddv_scf|^2 =  7.999E-13

      iter #   5 total cpu time :100153.8 secs   av.it.:  16.0
      thresh= 8.944E-08 alpha_mix =  0.700 |ddv_scf|^2 =  3.055E-14

      iter #   6 total cpu time :100360.9 secs   av.it.:  16.0
      thresh= 1.748E-08 alpha_mix =  0.700 |ddv_scf|^2 =  2.677E-15

     End of self-consistent calculation

     Convergence has been achieved 


     Representation #  17 modes #  33  34

     Self-consistent Calculation

      iter #   1 total cpu time :100467.9 secs   av.it.:   5.0
      thresh= 1.000E-02 alpha_mix =  0.700 |ddv_scf|^2 =  8.127E-09

      iter #   2 total cpu time :100677.9 secs   av.it.:  16.9
      thresh= 9.015E-06 alpha_mix =  0.700 |ddv_scf|^2 =  6.555E-09

      iter #   3 total cpu time :100877.5 secs   av.it.:  15.9
      thresh= 8.096E-06 alpha_mix =  0.700 |ddv_scf|^2 =  1.014E-10

      iter #   4 total cpu time :101077.4 secs   av.it.:  15.9
      thresh= 1.007E-06 alpha_mix =  0.700 |ddv_scf|^2 =  4.548E-12

      iter #   5 total cpu time :101286.2 secs   av.it.:  16.0
      thresh= 2.133E-07 alpha_mix =  0.700 |ddv_scf|^2 =  2.541E-13

      iter #   6 total cpu time :101498.4 secs   av.it.:  16.9
      thresh= 5.040E-08 alpha_mix =  0.700 |ddv_scf|^2 =  8.760E-15

     End of self-consistent calculation

     Convergence has been achieved 


     Representation #  18 modes #  35  36

     Self-consistent Calculation

      iter #   1 total cpu time :101588.4 secs   av.it.:   3.0
      thresh= 1.000E-02 alpha_mix =  0.700 |ddv_scf|^2 =  3.882E-09

      iter #   2 total cpu time :101795.7 secs   av.it.:  16.0
      thresh= 6.230E-06 alpha_mix =  0.700 |ddv_scf|^2 =  5.611E-09

      iter #   3 total cpu time :101983.1 secs   av.it.:  15.0
      thresh= 7.490E-06 alpha_mix =  0.700 |ddv_scf|^2 =  7.023E-12

      iter #   4 total cpu time :102193.2 secs   av.it.:  17.0
      thresh= 2.650E-07 alpha_mix =  0.700 |ddv_scf|^2 =  1.081E-12

      iter #   5 total cpu time :102397.2 secs   av.it.:  16.0
      thresh= 1.040E-07 alpha_mix =  0.700 |ddv_scf|^2 =  2.623E-14

      iter #   6 total cpu time :102609.2 secs   av.it.:  16.8
      thresh= 1.620E-08 alpha_mix =  0.700 |ddv_scf|^2 =  1.606E-15

     End of self-consistent calculation

     Convergence has been achieved 


     Representation #  19 modes #  37  38

     Self-consistent Calculation

      iter #   1 total cpu time :102738.3 secs   av.it.:   6.8
      thresh= 1.000E-02 alpha_mix =  0.700 |ddv_scf|^2 =  1.490E-07

      iter #   2 total cpu time :102944.9 secs   av.it.:  16.0
      thresh= 3.860E-05 alpha_mix =  0.700 |ddv_scf|^2 =  1.867E-07

      iter #   3 total cpu time :103138.8 secs   av.it.:  15.0
      thresh= 4.321E-05 alpha_mix =  0.700 |ddv_scf|^2 =  3.029E-10

      iter #   4 total cpu time :103349.4 secs   av.it.:  16.7
      thresh= 1.740E-06 alpha_mix =  0.700 |ddv_scf|^2 =  1.670E-11

      iter #   5 total cpu time :103557.0 secs   av.it.:  16.2
      thresh= 4.087E-07 alpha_mix =  0.700 |ddv_scf|^2 =  6.683E-13

      iter #   6 total cpu time :103769.9 secs   av.it.:  17.0
      thresh= 8.175E-08 alpha_mix =  0.700 |ddv_scf|^2 =  9.574E-14

      iter #   7 total cpu time :103973.6 secs   av.it.:  16.0
      thresh= 3.094E-08 alpha_mix =  0.700 |ddv_scf|^2 =  5.584E-15

     End of self-consistent calculation

     Convergence has been achieved 


     Representation #  20 modes #  39  40

     Self-consistent Calculation

      iter #   1 total cpu time :104065.8 secs   av.it.:   3.3
      thresh= 1.000E-02 alpha_mix =  0.700 |ddv_scf|^2 =  6.828E-10

      iter #   2 total cpu time :104281.2 secs   av.it.:  17.0
      thresh= 2.613E-06 alpha_mix =  0.700 |ddv_scf|^2 =  3.455E-10

      iter #   3 total cpu time :104488.1 secs   av.it.:  16.0
      thresh= 1.859E-06 alpha_mix =  0.700 |ddv_scf|^2 =  1.217E-11

      iter #   4 total cpu time :104684.9 secs   av.it.:  15.1
      thresh= 3.489E-07 alpha_mix =  0.700 |ddv_scf|^2 =  5.950E-13

      iter #   5 total cpu time :104893.5 secs   av.it.:  16.3
      thresh= 7.714E-08 alpha_mix =  0.700 |ddv_scf|^2 =  4.127E-14

      iter #   6 total cpu time :105104.6 secs   av.it.:  16.9
      thresh= 2.031E-08 alpha_mix =  0.700 |ddv_scf|^2 =  5.569E-15

     End of self-consistent calculation

     Convergence has been achieved 


     Representation #  21 modes #  41  42

     Self-consistent Calculation

      iter #   1 total cpu time :105211.6 secs   av.it.:   5.0
      thresh= 1.000E-02 alpha_mix =  0.700 |ddv_scf|^2 =  2.161E-08

      iter #   2 total cpu time :105415.1 secs   av.it.:  16.0
      thresh= 1.470E-05 alpha_mix =  0.700 |ddv_scf|^2 =  2.740E-08

      iter #   3 total cpu time :105601.8 secs   av.it.:  14.9
      thresh= 1.655E-05 alpha_mix =  0.700 |ddv_scf|^2 =  3.099E-11

      iter #   4 total cpu time :105812.7 secs   av.it.:  17.0
      thresh= 5.567E-07 alpha_mix =  0.700 |ddv_scf|^2 =  5.138E-12

      iter #   5 total cpu time :106019.0 secs   av.it.:  16.0
      thresh= 2.267E-07 alpha_mix =  0.700 |ddv_scf|^2 =  1.953E-13

      iter #   6 total cpu time :106235.2 secs   av.it.:  17.0
      thresh= 4.419E-08 alpha_mix =  0.700 |ddv_scf|^2 =  2.917E-14

      iter #   7 total cpu time :106447.0 secs   av.it.:  16.3
      thresh= 1.708E-08 alpha_mix =  0.700 |ddv_scf|^2 =  8.316E-16

     End of self-consistent calculation

     Convergence has been achieved 


     Representation #  22 modes #  43  44

     Self-consistent Calculation

      iter #   1 total cpu time :106538.9 secs   av.it.:   3.2
      thresh= 1.000E-02 alpha_mix =  0.700 |ddv_scf|^2 =  1.838E-09

      iter #   2 total cpu time :106747.7 secs   av.it.:  16.4
      thresh= 4.287E-06 alpha_mix =  0.700 |ddv_scf|^2 =  1.279E-09

      iter #   3 total cpu time :106946.8 secs   av.it.:  15.5
      thresh= 3.576E-06 alpha_mix =  0.700 |ddv_scf|^2 =  7.911E-12

      iter #   4 total cpu time :107150.7 secs   av.it.:  16.0
      thresh= 2.813E-07 alpha_mix =  0.700 |ddv_scf|^2 =  1.196E-12

      iter #   5 total cpu time :107355.3 secs   av.it.:  16.0
      thresh= 1.093E-07 alpha_mix =  0.700 |ddv_scf|^2 =  2.750E-14

      iter #   6 total cpu time :107567.4 secs   av.it.:  16.6
      thresh= 1.658E-08 alpha_mix =  0.700 |ddv_scf|^2 =  3.241E-15

     End of self-consistent calculation

     Convergence has been achieved 


     Representation #  23 modes #  45  46

     Self-consistent Calculation

      iter #   1 total cpu time :107658.7 secs   av.it.:   3.0
      thresh= 1.000E-02 alpha_mix =  0.700 |ddv_scf|^2 =  4.695E-09

      iter #   2 total cpu time :107859.9 secs   av.it.:  16.0
      thresh= 6.852E-06 alpha_mix =  0.700 |ddv_scf|^2 =  5.355E-09

      iter #   3 total cpu time :108052.0 secs   av.it.:  15.0
      thresh= 7.318E-06 alpha_mix =  0.700 |ddv_scf|^2 =  7.840E-12

      iter #   4 total cpu time :108264.6 secs   av.it.:  16.8
      thresh= 2.800E-07 alpha_mix =  0.700 |ddv_scf|^2 =  1.020E-12

      iter #   5 total cpu time :108475.4 secs   av.it.:  16.0
      thresh= 1.010E-07 alpha_mix =  0.700 |ddv_scf|^2 =  4.804E-14

      iter #   6 total cpu time :108682.4 secs   av.it.:  16.0
      thresh= 2.192E-08 alpha_mix =  0.700 |ddv_scf|^2 =  3.870E-15

     End of self-consistent calculation

     Convergence has been achieved 


     Representation #  24 modes #  47  48

     Self-consistent Calculation

      iter #   1 total cpu time :108770.5 secs   av.it.:   3.0
      thresh= 1.000E-02 alpha_mix =  0.700 |ddv_scf|^2 =  6.477E-10

      iter #   2 total cpu time :108983.6 secs   av.it.:  16.9
      thresh= 2.545E-06 alpha_mix =  0.700 |ddv_scf|^2 =  4.600E-10

      iter #   3 total cpu time :109183.8 secs   av.it.:  15.6
      thresh= 2.145E-06 alpha_mix =  0.700 |ddv_scf|^2 =  4.067E-12

      iter #   4 total cpu time :109389.5 secs   av.it.:  16.0
      thresh= 2.017E-07 alpha_mix =  0.700 |ddv_scf|^2 =  1.049E-12

      iter #   5 total cpu time :109595.8 secs   av.it.:  16.0
      thresh= 1.024E-07 alpha_mix =  0.700 |ddv_scf|^2 =  1.889E-14

      iter #   6 total cpu time :109807.9 secs   av.it.:  16.5
      thresh= 1.374E-08 alpha_mix =  0.700 |ddv_scf|^2 =  1.921E-15

     End of self-consistent calculation

     Convergence has been achieved 


     Representation #  25 modes #  49  50

     Self-consistent Calculation

      iter #   1 total cpu time :109894.4 secs   av.it.:   3.0
      thresh= 1.000E-02 alpha_mix =  0.700 |ddv_scf|^2 =  1.047E-09

      iter #   2 total cpu time :110101.8 secs   av.it.:  16.0
      thresh= 3.235E-06 alpha_mix =  0.700 |ddv_scf|^2 =  9.722E-10

      iter #   3 total cpu time :110296.9 secs   av.it.:  15.0
      thresh= 3.118E-06 alpha_mix =  0.700 |ddv_scf|^2 =  6.054E-12

      iter #   4 total cpu time :110502.9 secs   av.it.:  16.0
      thresh= 2.461E-07 alpha_mix =  0.700 |ddv_scf|^2 =  8.035E-13

      iter #   5 total cpu time :110706.9 secs   av.it.:  16.0
      thresh= 8.964E-08 alpha_mix =  0.700 |ddv_scf|^2 =  4.031E-14

      iter #   6 total cpu time :110913.1 secs   av.it.:  16.0
      thresh= 2.008E-08 alpha_mix =  0.700 |ddv_scf|^2 =  1.928E-15

     End of self-consistent calculation

     Convergence has been achieved 


     Representation #  26 modes #  51  52

     Self-consistent Calculation

      iter #   1 total cpu time :111038.8 secs   av.it.:   6.4
      thresh= 1.000E-02 alpha_mix =  0.700 |ddv_scf|^2 =  7.525E-08

      iter #   2 total cpu time :111249.4 secs   av.it.:  16.1
      thresh= 2.743E-05 alpha_mix =  0.700 |ddv_scf|^2 =  8.800E-08

      iter #   3 total cpu time :111444.1 secs   av.it.:  15.0
      thresh= 2.967E-05 alpha_mix =  0.700 |ddv_scf|^2 =  4.695E-10

      iter #   4 total cpu time :111650.3 secs   av.it.:  16.0
      thresh= 2.167E-06 alpha_mix =  0.700 |ddv_scf|^2 =  1.316E-11

      iter #   5 total cpu time :111861.0 secs   av.it.:  16.7
      thresh= 3.628E-07 alpha_mix =  0.700 |ddv_scf|^2 =  9.221E-13

      iter #   6 total cpu time :112072.8 secs   av.it.:  17.0
      thresh= 9.603E-08 alpha_mix =  0.700 |ddv_scf|^2 =  6.486E-14

      iter #   7 total cpu time :112275.7 secs   av.it.:  16.0
      thresh= 2.547E-08 alpha_mix =  0.700 |ddv_scf|^2 =  2.349E-15

     End of self-consistent calculation

     Convergence has been achieved 


     Representation #  27 modes #  53  54

     Self-consistent Calculation

      iter #   1 total cpu time :112381.5 secs   av.it.:   5.0
      thresh= 1.000E-02 alpha_mix =  0.700 |ddv_scf|^2 =  2.025E-08

      iter #   2 total cpu time :112580.5 secs   av.it.:  16.0
      thresh= 1.423E-05 alpha_mix =  0.700 |ddv_scf|^2 =  2.726E-08

      iter #   3 total cpu time :112765.9 secs   av.it.:  15.0
      thresh= 1.651E-05 alpha_mix =  0.700 |ddv_scf|^2 =  4.673E-11

      iter #   4 total cpu time :112979.1 secs   av.it.:  16.8
      thresh= 6.836E-07 alpha_mix =  0.700 |ddv_scf|^2 =  7.801E-12

      iter #   5 total cpu time :113183.4 secs   av.it.:  16.0
      thresh= 2.793E-07 alpha_mix =  0.700 |ddv_scf|^2 =  2.076E-13

      iter #   6 total cpu time :113393.8 secs   av.it.:  16.5
      thresh= 4.557E-08 alpha_mix =  0.700 |ddv_scf|^2 =  2.064E-14

      iter #   7 total cpu time :113602.2 secs   av.it.:  16.5
      thresh= 1.437E-08 alpha_mix =  0.700 |ddv_scf|^2 =  2.691E-15

     End of self-consistent calculation

     Convergence has been achieved 


     Representation #  28 modes #  55  56

     Self-consistent Calculation

      iter #   1 total cpu time :113693.5 secs   av.it.:   3.2
      thresh= 1.000E-02 alpha_mix =  0.700 |ddv_scf|^2 =  4.954E-10

      iter #   2 total cpu time :113906.3 secs   av.it.:  16.9
      thresh= 2.226E-06 alpha_mix =  0.700 |ddv_scf|^2 =  3.589E-10

      iter #   3 total cpu time :114107.9 secs   av.it.:  15.9
      thresh= 1.895E-06 alpha_mix =  0.700 |ddv_scf|^2 =  5.056E-12

      iter #   4 total cpu time :114314.6 secs   av.it.:  16.0
      thresh= 2.248E-07 alpha_mix =  0.700 |ddv_scf|^2 =  1.075E-12

      iter #   5 total cpu time :114521.2 secs   av.it.:  16.0
      thresh= 1.037E-07 alpha_mix =  0.700 |ddv_scf|^2 =  1.421E-14

      iter #   6 total cpu time :114737.7 secs   av.it.:  17.0
      thresh= 1.192E-08 alpha_mix =  0.700 |ddv_scf|^2 =  1.171E-15

     End of self-consistent calculation

     Convergence has been achieved 


     Representation #  29 modes #  57  58

     Self-consistent Calculation

      iter #   1 total cpu time :114843.8 secs   av.it.:   4.9
      thresh= 1.000E-02 alpha_mix =  0.700 |ddv_scf|^2 =  1.011E-08

      iter #   2 total cpu time :115052.2 secs   av.it.:  16.1
      thresh= 1.006E-05 alpha_mix =  0.700 |ddv_scf|^2 =  1.123E-08

      iter #   3 total cpu time :115244.3 secs   av.it.:  15.0
      thresh= 1.060E-05 alpha_mix =  0.700 |ddv_scf|^2 =  4.152E-11

      iter #   4 total cpu time :115456.8 secs   av.it.:  17.0
      thresh= 6.444E-07 alpha_mix =  0.700 |ddv_scf|^2 =  5.038E-12

      iter #   5 total cpu time :115665.3 secs   av.it.:  16.0
      thresh= 2.245E-07 alpha_mix =  0.700 |ddv_scf|^2 =  2.988E-13

      iter #   6 total cpu time :115877.6 secs   av.it.:  17.0
      thresh= 5.467E-08 alpha_mix =  0.700 |ddv_scf|^2 =  2.658E-14

      iter #   7 total cpu time :116088.5 secs   av.it.:  16.7
      thresh= 1.630E-08 alpha_mix =  0.700 |ddv_scf|^2 =  9.910E-16

     End of self-consistent calculation

     Convergence has been achieved 


     Representation #  30 modes #  59  60

     Self-consistent Calculation

      iter #   1 total cpu time :116181.6 secs   av.it.:   3.3
      thresh= 1.000E-02 alpha_mix =  0.700 |ddv_scf|^2 =  3.375E-10

      iter #   2 total cpu time :116402.7 secs   av.it.:  17.0
      thresh= 1.837E-06 alpha_mix =  0.700 |ddv_scf|^2 =  1.583E-10

      iter #   3 total cpu time :116617.5 secs   av.it.:  16.5
      thresh= 1.258E-06 alpha_mix =  0.700 |ddv_scf|^2 =  7.562E-12

      iter #   4 total cpu time :116825.8 secs   av.it.:  15.8
      thresh= 2.750E-07 alpha_mix =  0.700 |ddv_scf|^2 =  7.713E-13

      iter #   5 total cpu time :117038.1 secs   av.it.:  16.0
      thresh= 8.782E-08 alpha_mix =  0.700 |ddv_scf|^2 =  1.297E-14

      iter #   6 total cpu time :117260.4 secs   av.it.:  17.0
      thresh= 1.139E-08 alpha_mix =  0.700 |ddv_scf|^2 =  2.406E-15

     End of self-consistent calculation

     Convergence has been achieved 


     Representation #  31 modes #  61  62

     Self-consistent Calculation

      iter #   1 total cpu time :117352.3 secs   av.it.:   3.0
      thresh= 1.000E-02 alpha_mix =  0.700 |ddv_scf|^2 =  6.654E-10

      iter #   2 total cpu time :117569.3 secs   av.it.:  17.0
      thresh= 2.580E-06 alpha_mix =  0.700 |ddv_scf|^2 =  6.783E-10

      iter #   3 total cpu time :117770.7 secs   av.it.:  15.9
      thresh= 2.604E-06 alpha_mix =  0.700 |ddv_scf|^2 =  1.535E-11

      iter #   4 total cpu time :117974.9 secs   av.it.:  16.0
      thresh= 3.918E-07 alpha_mix =  0.700 |ddv_scf|^2 =  8.690E-13

      iter #   5 total cpu time :118180.8 secs   av.it.:  16.0
      thresh= 9.322E-08 alpha_mix =  0.700 |ddv_scf|^2 =  2.579E-14

      iter #   6 total cpu time :118393.2 secs   av.it.:  16.8
      thresh= 1.606E-08 alpha_mix =  0.700 |ddv_scf|^2 =  3.050E-15

     End of self-consistent calculation

     Convergence has been achieved 


     Representation #  32 modes #  63  64

     Self-consistent Calculation

      iter #   1 total cpu time :118481.8 secs   av.it.:   3.0
      thresh= 1.000E-02 alpha_mix =  0.700 |ddv_scf|^2 =  5.911E-10

      iter #   2 total cpu time :118695.9 secs   av.it.:  17.0
      thresh= 2.431E-06 alpha_mix =  0.700 |ddv_scf|^2 =  4.205E-10

      iter #   3 total cpu time :118897.9 secs   av.it.:  16.0
      thresh= 2.051E-06 alpha_mix =  0.700 |ddv_scf|^2 =  1.707E-11

      iter #   4 total cpu time :119098.1 secs   av.it.:  15.0
      thresh= 4.131E-07 alpha_mix =  0.700 |ddv_scf|^2 =  7.239E-13

      iter #   5 total cpu time :119311.4 secs   av.it.:  16.6
      thresh= 8.508E-08 alpha_mix =  0.700 |ddv_scf|^2 =  2.425E-14

      iter #   6 total cpu time :119519.4 secs   av.it.:  16.0
      thresh= 1.557E-08 alpha_mix =  0.700 |ddv_scf|^2 =  3.354E-15

     End of self-consistent calculation

     Convergence has been achieved 


     Representation #  33 modes #  65  66

     Self-consistent Calculation

      iter #   1 total cpu time :119611.3 secs   av.it.:   3.2
      thresh= 1.000E-02 alpha_mix =  0.700 |ddv_scf|^2 =  4.440E-10

      iter #   2 total cpu time :119834.1 secs   av.it.:  17.0
      thresh= 2.107E-06 alpha_mix =  0.700 |ddv_scf|^2 =  2.428E-10

      iter #   3 total cpu time :120050.9 secs   av.it.:  16.3
      thresh= 1.558E-06 alpha_mix =  0.700 |ddv_scf|^2 =  9.804E-12

      iter #   4 total cpu time :120251.5 secs   av.it.:  15.9
      thresh= 3.131E-07 alpha_mix =  0.700 |ddv_scf|^2 =  8.790E-13

      iter #   5 total cpu time :120454.1 secs   av.it.:  16.0
      thresh= 9.376E-08 alpha_mix =  0.700 |ddv_scf|^2 =  2.385E-14

      iter #   6 total cpu time :120666.5 secs   av.it.:  17.0
      thresh= 1.544E-08 alpha_mix =  0.700 |ddv_scf|^2 =  2.803E-15

     End of self-consistent calculation

     Convergence has been achieved 

     Number of q in the star =    1
     List of q in the star:
          1   0.000000000  -0.505667486   0.000000000

     Diagonalizing the dynamical matrix

     q = (    0.000000000  -0.505667486   0.000000000 ) 

 **************************************************************************
     freq (    1) =       1.257241 [THz] =      41.937057 [cm-1]
     freq (    2) =       1.257241 [THz] =      41.937057 [cm-1]
     freq (    3) =       1.358444 [THz] =      45.312824 [cm-1]
     freq (    4) =       1.358444 [THz] =      45.312824 [cm-1]
     freq (    5) =       1.836636 [THz] =      61.263582 [cm-1]
     freq (    6) =       1.836636 [THz] =      61.263582 [cm-1]
     freq (    7) =       3.797638 [THz] =     126.675579 [cm-1]
     freq (    8) =       3.797638 [THz] =     126.675579 [cm-1]
     freq (    9) =       5.302129 [THz] =     176.860002 [cm-1]
     freq (   10) =       5.302129 [THz] =     176.860002 [cm-1]
     freq (   11) =       5.912799 [THz] =     197.229753 [cm-1]
     freq (   12) =       5.912799 [THz] =     197.229753 [cm-1]
     freq (   13) =       6.584813 [THz] =     219.645710 [cm-1]
     freq (   14) =       6.584813 [THz] =     219.645710 [cm-1]
     freq (   15) =       6.887843 [THz] =     229.753696 [cm-1]
     freq (   16) =       6.887843 [THz] =     229.753696 [cm-1]
     freq (   17) =       7.933920 [THz] =     264.647087 [cm-1]
     freq (   18) =       7.933920 [THz] =     264.647087 [cm-1]
     freq (   19) =       8.440235 [THz] =     281.535924 [cm-1]
     freq (   20) =       8.440235 [THz] =     281.535924 [cm-1]
     freq (   21) =       8.882994 [THz] =     296.304776 [cm-1]
     freq (   22) =       8.882994 [THz] =     296.304776 [cm-1]
     freq (   23) =       9.138635 [THz] =     304.832037 [cm-1]
     freq (   24) =       9.138635 [THz] =     304.832037 [cm-1]
     freq (   25) =       9.543013 [THz] =     318.320642 [cm-1]
     freq (   26) =       9.543013 [THz] =     318.320642 [cm-1]
     freq (   27) =      12.032514 [THz] =     401.361459 [cm-1]
     freq (   28) =      12.032514 [THz] =     401.361459 [cm-1]
     freq (   29) =      12.473084 [THz] =     416.057288 [cm-1]
     freq (   30) =      12.473084 [THz] =     416.057288 [cm-1]
     freq (   31) =      30.453527 [THz] =    1015.820315 [cm-1]
     freq (   32) =      30.453527 [THz] =    1015.820315 [cm-1]
     freq (   33) =      30.763824 [THz] =    1026.170706 [cm-1]
     freq (   34) =      30.763824 [THz] =    1026.170706 [cm-1]
     freq (   35) =      31.894281 [THz] =    1063.878713 [cm-1]
     freq (   36) =      31.894281 [THz] =    1063.878713 [cm-1]
     freq (   37) =      32.315963 [THz] =    1077.944482 [cm-1]
     freq (   38) =      32.315963 [THz] =    1077.944482 [cm-1]
     freq (   39) =      32.472616 [THz] =    1083.169881 [cm-1]
     freq (   40) =      32.472616 [THz] =    1083.169881 [cm-1]
     freq (   41) =      32.604317 [THz] =    1087.562957 [cm-1]
     freq (   42) =      32.604317 [THz] =    1087.562957 [cm-1]
     freq (   43) =      35.697411 [THz] =    1190.737470 [cm-1]
     freq (   44) =      35.697411 [THz] =    1190.737470 [cm-1]
     freq (   45) =      35.914310 [THz] =    1197.972423 [cm-1]
     freq (   46) =      35.914310 [THz] =    1197.972423 [cm-1]
     freq (   47) =      36.324765 [THz] =    1211.663733 [cm-1]
     freq (   48) =      36.324765 [THz] =    1211.663733 [cm-1]
     freq (   49) =      36.652731 [THz] =    1222.603499 [cm-1]
     freq (   50) =      36.652731 [THz] =    1222.603499 [cm-1]
     freq (   51) =      68.527631 [THz] =    2285.835708 [cm-1]
     freq (   52) =      68.527631 [THz] =    2285.835708 [cm-1]
     freq (   53) =      68.621688 [THz] =    2288.973137 [cm-1]
     freq (   54) =      68.621688 [THz] =    2288.973137 [cm-1]
     freq (   55) =      70.091404 [THz] =    2337.997589 [cm-1]
     freq (   56) =      70.091404 [THz] =    2337.997589 [cm-1]
     freq (   57) =      70.336379 [THz] =    2346.169046 [cm-1]
     freq (   58) =      70.336379 [THz] =    2346.169046 [cm-1]
     freq (   59) =      70.515921 [THz] =    2352.157926 [cm-1]
     freq (   60) =      70.515921 [THz] =    2352.157926 [cm-1]
     freq (   61) =      71.025137 [THz] =    2369.143544 [cm-1]
     freq (   62) =      71.025137 [THz] =    2369.143544 [cm-1]
     freq (   63) =      71.253548 [THz] =    2376.762540 [cm-1]
     freq (   64) =      71.253548 [THz] =    2376.762540 [cm-1]
     freq (   65) =      71.278946 [THz] =    2377.609708 [cm-1]
     freq (   66) =      71.278946 [THz] =    2377.609708 [cm-1]
 **************************************************************************

     Calculation of q =    0.0000000  -0.5056675  -0.7936489

     Parallelization info
     --------------------
     sticks:   dense  smooth     PW     G-vecs:    dense   smooth      PW
     Min         495     248     68                25781     9120    1306
     Max         497     249     69                25782     9122    1307
     Sum       11905    5953   1633               618765   218891   31345

     Using Slab Decomposition



     bravais-lattice index     =            8
     lattice parameter (alat)  =      13.7506  a.u.
     unit-cell volume          =    1619.6113 (a.u.)^3
     number of atoms/cell      =           22
     number of atomic types    =            3
     number of electrons       =        48.00
     number of Kohn-Sham states=           24
     kinetic-energy cutoff     =     100.0000  Ry
     charge density cutoff     =     800.0000  Ry
     Exchange-correlation= PBESOL
                           (   1   4  10   8   0   0   0)

     celldm(1)=  13.750592  celldm(2)=   0.988792  celldm(3)=   0.630002
     celldm(4)=   0.000000  celldm(5)=   0.000000  celldm(6)=   0.000000

     crystal axes: (cart. coord. in units of alat)
               a(1) = (   1.000000   0.000000   0.000000 )  
               a(2) = (   0.000000   0.988792   0.000000 )  
               a(3) = (   0.000000   0.000000   0.630002 )  

     reciprocal axes: (cart. coord. in units 2 pi/alat)
               b(1) = (  1.000000  0.000000  0.000000 )  
               b(2) = (  0.000000  1.011335  0.000000 )  
               b(3) = (  0.000000  0.000000  1.587298 )  


     PseudoPot. # 1 for B  read from file:
     /home/mehlhorn/pseudos/b_pbesol_v1.4.uspp.F.UPF
     MD5 check sum: 369b69bef2c3aeed4453bd8b804fd6a8
     Pseudo is Ultrasoft + core correction, Zval =  3.0
     Generated by new atomic code, or converted to UPF format
     Using radial grid of  781 points,  4 beta functions with: 
                l(1) =   0
                l(2) =   0
                l(3) =   1
                l(4) =   1
     Q(r) pseudized with  8 coefficients,  rinner =    1.100   1.100   1.100


     PseudoPot. # 2 for Ba read from file:
     /home/mehlhorn/pseudos/Ba.nc.z_10.oncvpsp4.dojo.v4-sp.upf
     MD5 check sum: c10ed334bb677c0554edec7181ce9143
     Pseudo is Norm-conserving + core correction, Zval = 10.0
     Generated using ONCVPSP code by D. R. Hamann
     Using radial grid of 1938 points,  8 beta functions with: 
                l(1) =   0
                l(2) =   0
                l(3) =   1
                l(4) =   1
                l(5) =   2
                l(6) =   2
                l(7) =   3
                l(8) =   3

     PseudoPot. # 3 for H  read from file:
     /home/mehlhorn/pseudos/H_ONCV_PBEsol-1.0.upf
     MD5 check sum: 398ef8f67c0a7342c05c87c5e19ea467
     Pseudo is Norm-conserving, Zval =  1.0
     Generated using ONCVPSP code by D. R. Hamann
     Using radial grid of 1180 points,  2 beta functions with: 
                l(1) =   0
                l(2) =   0

     atomic species   valence    mass     pseudopotential
     B                 3.00    10.81100     B ( 1.00)
     Ba               10.00   137.32700     Ba( 1.00)
     H                 1.00     1.00794     H ( 1.00)

      4 Sym. Ops. (no inversion) found



   Cartesian axes

     site n.     atom                  positions (alat units)
         1        Ba     tau(   1) = (   0.5000000   0.4943960   0.3150140  )
         2        Ba     tau(   2) = (   0.0000000   0.0000000   0.6299884  )
         3        B      tau(   3) = (   0.6457472   0.2690334   0.0000111  )
         4        B      tau(   4) = (   0.3542528   0.7197587   0.0000111  )
         5        B      tau(   5) = (   0.1457472   0.2253626   0.3149897  )
         6        B      tau(   6) = (   0.8542528   0.7634294   0.3149897  )
         7        H      tau(   7) = (   0.4764411   0.2785492   0.0000131  )
         8        H      tau(   8) = (   0.5235589   0.7102428   0.0000131  )
         9        H      tau(   9) = (   0.9764411   0.2158468   0.3149877  )
        10        H      tau(  10) = (   0.0235589   0.7729453   0.3149877  )
        11        H      tau(  11) = (   0.7125447   0.4253079   0.0000101  )
        12        H      tau(  12) = (   0.2874553   0.5634842   0.0000101  )
        13        H      tau(  13) = (   0.2125447   0.0690881   0.3149907  )
        14        H      tau(  14) = (   0.7874553   0.9197039   0.3149907  )
        15        H      tau(  15) = (   0.6936781   0.1879672   0.4896379  )
        16        H      tau(  16) = (   0.3063219   0.8008249   0.4896379  )
        17        H      tau(  17) = (   0.1936781   0.3064288   0.4553644  )
        18        H      tau(  18) = (   0.8063219   0.6823632   0.4553644  )
        19        H      tau(  19) = (   0.3063087   0.8008213   0.1403829  )
        20        H      tau(  20) = (   0.6936913   0.1879707   0.1403829  )
        21        H      tau(  21) = (   0.8063087   0.6823668   0.1746179  )
        22        H      tau(  22) = (   0.1936913   0.3064253   0.1746179  )

     number of k points=    54
                       cart. coord. in units 2pi/alat
        k(    1) = (   0.0000000   0.0000000   0.0000000), wk =   0.0160000
        k(    2) = (   0.0000000  -0.5056675  -0.7936489), wk =   0.0000000
        k(    3) = (   0.0000000   0.0000000   0.3174595), wk =   0.0320000
        k(    4) = (   0.0000000  -0.5056675  -0.4761893), wk =   0.0000000
        k(    5) = (   0.0000000   0.0000000   0.6349191), wk =   0.0320000
        k(    6) = (   0.0000000  -0.5056675  -0.1587298), wk =   0.0000000
        k(    7) = (   0.0000000   0.2022670   0.0000000), wk =   0.0320000
        k(    8) = (   0.0000000  -0.3034005  -0.7936489), wk =   0.0000000
        k(    9) = (   0.0000000   0.2022670   0.3174595), wk =   0.0640000
        k(   10) = (   0.0000000  -0.3034005  -0.4761893), wk =   0.0000000
        k(   11) = (   0.0000000   0.2022670   0.6349191), wk =   0.0640000
        k(   12) = (   0.0000000  -0.3034005  -0.1587298), wk =   0.0000000
        k(   13) = (   0.0000000   0.4045340   0.0000000), wk =   0.0320000
        k(   14) = (   0.0000000  -0.1011335  -0.7936489), wk =   0.0000000
        k(   15) = (   0.0000000   0.4045340   0.3174595), wk =   0.0640000
        k(   16) = (   0.0000000  -0.1011335  -0.4761893), wk =   0.0000000
        k(   17) = (   0.0000000   0.4045340   0.6349191), wk =   0.0640000
        k(   18) = (   0.0000000  -0.1011335  -0.1587298), wk =   0.0000000
        k(   19) = (   0.2000000   0.0000000   0.0000000), wk =   0.0320000
        k(   20) = (   0.2000000  -0.5056675  -0.7936489), wk =   0.0000000
        k(   21) = (   0.2000000   0.0000000   0.3174595), wk =   0.0640000
        k(   22) = (   0.2000000  -0.5056675  -0.4761893), wk =   0.0000000
        k(   23) = (   0.2000000   0.0000000   0.6349191), wk =   0.0640000
        k(   24) = (   0.2000000  -0.5056675  -0.1587298), wk =   0.0000000
        k(   25) = (   0.2000000   0.2022670   0.0000000), wk =   0.0640000
        k(   26) = (   0.2000000  -0.3034005  -0.7936489), wk =   0.0000000
        k(   27) = (   0.2000000   0.2022670   0.3174595), wk =   0.1280000
        k(   28) = (   0.2000000  -0.3034005  -0.4761893), wk =   0.0000000
        k(   29) = (   0.2000000   0.2022670   0.6349191), wk =   0.1280000
        k(   30) = (   0.2000000  -0.3034005  -0.1587298), wk =   0.0000000
        k(   31) = (   0.2000000   0.4045340   0.0000000), wk =   0.0640000
        k(   32) = (   0.2000000  -0.1011335  -0.7936489), wk =   0.0000000
        k(   33) = (   0.2000000   0.4045340   0.3174595), wk =   0.1280000
        k(   34) = (   0.2000000  -0.1011335  -0.4761893), wk =   0.0000000
        k(   35) = (   0.2000000   0.4045340   0.6349191), wk =   0.1280000
        k(   36) = (   0.2000000  -0.1011335  -0.1587298), wk =   0.0000000
        k(   37) = (   0.4000000   0.0000000   0.0000000), wk =   0.0320000
        k(   38) = (   0.4000000  -0.5056675  -0.7936489), wk =   0.0000000
        k(   39) = (   0.4000000   0.0000000   0.3174595), wk =   0.0640000
        k(   40) = (   0.4000000  -0.5056675  -0.4761893), wk =   0.0000000
        k(   41) = (   0.4000000   0.0000000   0.6349191), wk =   0.0640000
        k(   42) = (   0.4000000  -0.5056675  -0.1587298), wk =   0.0000000
        k(   43) = (   0.4000000   0.2022670   0.0000000), wk =   0.0640000
        k(   44) = (   0.4000000  -0.3034005  -0.7936489), wk =   0.0000000
        k(   45) = (   0.4000000   0.2022670   0.3174595), wk =   0.1280000
        k(   46) = (   0.4000000  -0.3034005  -0.4761893), wk =   0.0000000
        k(   47) = (   0.4000000   0.2022670   0.6349191), wk =   0.1280000
        k(   48) = (   0.4000000  -0.3034005  -0.1587298), wk =   0.0000000
        k(   49) = (   0.4000000   0.4045340   0.0000000), wk =   0.0640000
        k(   50) = (   0.4000000  -0.1011335  -0.7936489), wk =   0.0000000
        k(   51) = (   0.4000000   0.4045340   0.3174595), wk =   0.1280000
        k(   52) = (   0.4000000  -0.1011335  -0.4761893), wk =   0.0000000
        k(   53) = (   0.4000000   0.4045340   0.6349191), wk =   0.1280000
        k(   54) = (   0.4000000  -0.1011335  -0.1587298), wk =   0.0000000

     Dense  grid:   618765 G-vectors     FFT dimensions: ( 128, 128,  80)

     Smooth grid:   218891 G-vectors     FFT dimensions: (  90,  90,  60)

     Estimated max dynamical RAM per process >      55.35 MB

     Estimated total dynamical RAM >       1.30 GB

     The potential is recalculated from file :
     ./_ph0/pwscf.q_4/pwscf.save/charge-density

     Starting wfcs are   42 atomic wfcs

     Band Structure Calculation
     Davidson diagonalization with overlap

     ethr =  2.08E-11,  avg # of iterations = 21.9

     total cpu time spent up to now is      682.8 secs

     End of band structure calculation

          k = 0.0000 0.0000 0.0000 ( 27379 PWs)   bands (ev):

   -24.8179 -24.8132 -10.3041 -10.2770 -10.0753 -10.0524  -9.9798  -9.9367
    -6.6693  -5.8736  -5.3558  -5.3195  -2.4460  -1.4380  -1.3377  -1.1898
    -1.1210  -0.9276  -0.8998  -0.6453  -0.4086  -0.2349  -0.1313  -0.1137

          k = 0.0000-0.5057-0.7936 ( 27396 PWs)   bands (ev):

   -24.8007 -24.8007 -10.4997 -10.4997 -10.0742 -10.0742 -10.0543 -10.0543
    -5.9282  -5.9282  -5.2519  -5.2519  -2.2970  -2.2970  -1.4319  -1.4319
    -0.7636  -0.7636  -0.6282  -0.6282  -0.5811  -0.5811  -0.3617  -0.3617

          k = 0.0000 0.0000 0.3175 ( 27357 PWs)   bands (ev):

   -24.8124 -24.8085 -10.2440 -10.2221 -10.1724 -10.1503 -10.0612 -10.0434
    -6.3225  -5.6503  -5.4811  -5.4525  -2.1448  -1.8179  -1.6574  -1.2142
    -1.0164  -0.9683  -0.7300  -0.5853  -0.4656  -0.3000  -0.2721  -0.2091

          k = 0.0000-0.5057-0.4762 ( 27336 PWs)   bands (ev):

   -24.8059 -24.8059 -10.3428 -10.3428 -10.1301 -10.1301 -10.0712 -10.0712
    -5.8560  -5.8560  -5.4898  -5.4898  -2.0216  -2.0216  -1.4896  -1.4896
    -0.8380  -0.8380  -0.6047  -0.6047  -0.5243  -0.5243  -0.3704  -0.3704

          k = 0.0000 0.0000 0.6349 ( 27368 PWs)   bands (ev):

   -24.8029 -24.8014 -10.4449 -10.4411 -10.1232 -10.1120 -10.0551 -10.0460
    -5.6916  -5.6911  -5.6809  -5.4050  -2.0558  -1.9864  -1.8333  -1.5684
    -1.0188  -0.8873  -0.6744  -0.5268  -0.4500  -0.4125  -0.3399  -0.2963

          k = 0.0000-0.5057-0.1587 ( 27324 PWs)   bands (ev):

   -24.8141 -24.8141 -10.2261 -10.2261 -10.1294 -10.1294 -10.0082 -10.0082
    -6.1119  -6.1119  -5.5076  -5.5076  -1.8902  -1.8902  -1.1807  -1.1807
    -0.8741  -0.8741  -0.6820  -0.6820  -0.5536  -0.5536  -0.3190  -0.3190

          k = 0.0000 0.2023 0.0000 ( 27345 PWs)   bands (ev):

   -24.8175 -24.8136 -10.2900 -10.2626 -10.0950 -10.0705  -9.9757  -9.9408
    -6.5784  -5.8886  -5.4422  -5.3548  -2.2986  -1.5889  -1.4011  -0.9873
    -0.9535  -0.9217  -0.8940  -0.6364  -0.4398  -0.3810  -0.2077  -0.1776

          k = 0.0000-0.3034-0.7936 ( 27366 PWs)   bands (ev):

   -24.8007 -24.8007 -10.4954 -10.4954 -10.0748 -10.0748 -10.0601 -10.0601
    -5.8761  -5.8761  -5.3104  -5.3104  -2.2331  -2.2331  -1.5453  -1.5452
    -0.7697  -0.7695  -0.6270  -0.6269  -0.5057  -0.5055  -0.3886  -0.3886

          k = 0.0000 0.2023 0.3175 ( 27349 PWs)   bands (ev):

   -24.8120 -24.8089 -10.2416 -10.2094 -10.1658 -10.1630 -10.0628 -10.0546
    -6.2525  -5.6467  -5.5625  -5.4731  -2.0496  -1.8389  -1.6727  -1.0946
    -0.9927  -0.9407  -0.8601  -0.5515  -0.4546  -0.3271  -0.2981  -0.2760

          k = 0.0000-0.3034-0.4762 ( 27371 PWs)   bands (ev):

   -24.8067 -24.8050 -10.3409 -10.3323 -10.1501 -10.1457 -10.0621 -10.0573
    -5.9455  -5.7379  -5.5408  -5.4560  -2.0100  -1.9806  -1.7186  -1.3018
    -1.0042  -0.8021  -0.7654  -0.5544  -0.4776  -0.3894  -0.3675  -0.3499

          k = 0.0000 0.2023 0.6349 ( 27350 PWs)   bands (ev):

   -24.8028 -24.8016 -10.4498 -10.4464 -10.1125 -10.1056 -10.0553 -10.0497
    -5.8302  -5.7725  -5.5146  -5.3461  -2.1121  -2.1002  -1.7138  -1.5067
    -0.9529  -0.7906  -0.6881  -0.5258  -0.4814  -0.4659  -0.3567  -0.3431

          k = 0.0000-0.3034-0.1587 ( 27319 PWs)   bands (ev):

   -24.8155 -24.8128 -10.2601 -10.2340 -10.1153 -10.0900 -10.0213  -9.9990
    -6.3857  -5.8660  -5.5272  -5.4238  -2.1014  -1.7393  -1.4481  -0.9746
    -0.9584  -0.8389  -0.8120  -0.5825  -0.5786  -0.4604  -0.2585  -0.2579

          k = 0.0000 0.4045 0.0000 ( 27314 PWs)   bands (ev):

   -24.8163 -24.8148 -10.2547 -10.2368 -10.1292 -10.1121  -9.9649  -9.9516
    -6.3372  -6.0448  -5.5089  -5.4400  -2.0174  -1.7978  -1.2575  -0.9063
    -0.8924  -0.8591  -0.7063  -0.6656  -0.5943  -0.5159  -0.3364  -0.3316

          k = 0.0000-0.1011-0.7936 ( 27366 PWs)   bands (ev):

   -24.8007 -24.8007 -10.4881 -10.4881 -10.0775 -10.0775 -10.0681 -10.0681
    -5.7566  -5.7566  -5.4401  -5.4401  -2.0915  -2.0914  -1.7309  -1.7308
    -0.7843  -0.7840  -0.6860  -0.6858  -0.4465  -0.4464  -0.3373  -0.3372

          k = 0.0000 0.4045 0.3175 ( 27329 PWs)   bands (ev):

   -24.8110 -24.8098 -10.2278 -10.2001 -10.1766 -10.1542 -10.0736 -10.0710
    -6.0630  -5.8134  -5.5787  -5.5239  -1.9242  -1.8799  -1.5292  -1.2018
    -0.9210  -0.8808  -0.8072  -0.6075  -0.4795  -0.4718  -0.3143  -0.3013

          k = 0.0000-0.1011-0.4762 ( 27339 PWs)   bands (ev):

   -24.8072 -24.8045 -10.3304 -10.3197 -10.1787 -10.1643 -10.0536 -10.0418
    -5.9943  -5.6219  -5.5724  -5.4733  -1.9840  -1.9118  -1.8497  -1.2551
    -1.1248  -1.0241  -0.7215  -0.4719  -0.4001  -0.3912  -0.3322  -0.2927

          k = 0.0000 0.4045 0.6349 ( 27366 PWs)   bands (ev):

   -24.8024 -24.8019 -10.4567 -10.4552 -10.0937 -10.0930 -10.0580 -10.0577
    -5.9009  -5.8758  -5.3707  -5.3078  -2.2011  -2.1946  -1.5365  -1.4419
    -0.8256  -0.7009  -0.6524  -0.6427  -0.5245  -0.4955  -0.4157  -0.3812

          k = 0.0000-0.1011-0.1587 ( 27324 PWs)   bands (ev):

   -24.8163 -24.8120 -10.2848 -10.2586 -10.0776 -10.0556 -10.0325  -9.9985
    -6.5509  -5.8089  -5.4148  -5.3640  -2.3271  -1.6138  -1.4424  -1.2302
    -1.0529  -0.7875  -0.7664  -0.6685  -0.5227  -0.2709  -0.1761  -0.1732

          k = 0.2000 0.0000 0.0000 ( 27342 PWs)   bands (ev):

   -24.8175 -24.8136 -10.2876 -10.2642 -10.0929 -10.0736  -9.9757  -9.9408
    -6.5818  -5.9091  -5.3867  -5.3773  -2.3122  -1.4320  -1.3730  -1.2322
    -0.9024  -0.9021  -0.8887  -0.6520  -0.4524  -0.3553  -0.2483  -0.1834

          k = 0.2000-0.5057-0.7936 ( 27332 PWs)   bands (ev):

   -24.8007 -24.8007 -10.4947 -10.4947 -10.0754 -10.0754 -10.0613 -10.0613
    -5.8845  -5.8845  -5.2941  -5.2941  -2.2743  -2.2743  -1.5882  -1.5882
    -0.7159  -0.7159  -0.5770  -0.5770  -0.5096  -0.5096  -0.3547  -0.3547

          k = 0.2000 0.0000 0.3175 ( 27354 PWs)   bands (ev):

   -24.8120 -24.8089 -10.2302 -10.2241 -10.1639 -10.1615 -10.0705 -10.0476
    -6.2512  -5.6680  -5.5148  -5.4954  -2.0576  -1.7813  -1.7014  -1.1164
    -1.0019  -0.9435  -0.8309  -0.5479  -0.5443  -0.3104  -0.2912  -0.2528

          k = 0.2000-0.5057-0.4762 ( 27320 PWs)   bands (ev):

   -24.8059 -24.8059 -10.3362 -10.3362 -10.1521 -10.1521 -10.0572 -10.0572
    -5.8206  -5.8206  -5.5232  -5.5232  -2.0274  -2.0274  -1.5241  -1.5241
    -0.8691  -0.8691  -0.6012  -0.6012  -0.4434  -0.4434  -0.3574  -0.3574

          k = 0.2000 0.0000 0.6349 ( 27349 PWs)   bands (ev):

   -24.8028 -24.8016 -10.4504 -10.4470 -10.1159 -10.1021 -10.0584 -10.0466
    -5.7991  -5.7402  -5.5520  -5.3678  -2.1960  -2.1055  -1.6829  -1.4587
    -0.9133  -0.8271  -0.7027  -0.5586  -0.4392  -0.4374  -0.3809  -0.3239

          k = 0.2000-0.5057-0.1587 ( 27364 PWs)   bands (ev):

   -24.8141 -24.8141 -10.2551 -10.2551 -10.0972 -10.0972 -10.0098 -10.0098
    -6.1336  -6.1336  -5.4841  -5.4841  -1.8499  -1.8499  -1.2856  -1.2856
    -0.8404  -0.8404  -0.6615  -0.6615  -0.5357  -0.5357  -0.3239  -0.3239

          k = 0.2000 0.2023 0.0000 ( 27358 PWs)   bands (ev):

   -24.8171 -24.8140 -10.2982 -10.2391 -10.1260 -10.0593  -9.9723  -9.9441
    -6.5135  -5.9413  -5.4709  -5.3592  -2.1961  -1.5860  -1.3866  -1.0682
    -0.9323  -0.8731  -0.7518  -0.6342  -0.5377  -0.4595  -0.3284  -0.1603

          k = 0.2000-0.3034-0.7936 ( 27382 PWs)   bands (ev):

   -24.8007 -24.8007 -10.4985 -10.4889 -10.0768 -10.0755 -10.0699 -10.0542
    -5.9099  -5.7871  -5.3993  -5.2686  -2.3298  -2.1475  -1.7336  -1.4824
    -0.7751  -0.6918  -0.6022  -0.5670  -0.5082  -0.5005  -0.4057  -0.3275

          k = 0.2000 0.2023 0.3175 ( 27341 PWs)   bands (ev):

   -24.8117 -24.8092 -10.2398 -10.2051 -10.1833 -10.1500 -10.0738 -10.0480
    -6.1950  -5.6911  -5.5772  -5.4846  -1.9893  -1.8115  -1.6991  -1.0625
    -1.0269  -0.9393  -0.8070  -0.5680  -0.5239  -0.3391  -0.3305  -0.2508

          k = 0.2000-0.3034-0.4762 ( 27340 PWs)   bands (ev):

   -24.8065 -24.8052 -10.3406 -10.3272 -10.1766 -10.1299 -10.0711 -10.0451
    -5.9066  -5.7148  -5.5803  -5.4783  -2.0427  -1.9815  -1.6912  -1.3676
    -0.9545  -0.8062  -0.7147  -0.5761  -0.4981  -0.4030  -0.3615  -0.2835

          k = 0.2000 0.2023 0.6349 ( 27363 PWs)   bands (ev):

   -24.8026 -24.8017 -10.4550 -10.4443 -10.1207 -10.0917 -10.0597 -10.0485
    -5.8676  -5.7091  -5.5482  -5.3312  -2.2316  -2.0859  -1.6863  -1.4974
    -0.8191  -0.7770  -0.6919  -0.5400  -0.5244  -0.4419  -0.4121  -0.2861

          k = 0.2000-0.3034-0.1587 ( 27336 PWs)   bands (ev):

   -24.8152 -24.8131 -10.2804 -10.2225 -10.1334 -10.0610 -10.0205 -10.0026
    -6.3463  -5.9267  -5.5235  -5.4138  -2.0321  -1.7039  -1.4964  -1.0092
    -0.9778  -0.8172  -0.7576  -0.6242  -0.5613  -0.4658  -0.3541  -0.2168

          k = 0.2000 0.4045 0.0000 ( 27334 PWs)   bands (ev):

   -24.8161 -24.8149 -10.2857 -10.2495 -10.1179 -10.0765  -9.9636  -9.9528
    -6.3293  -6.0967  -5.4875  -5.4171  -1.9645  -1.7707  -1.2852  -0.9468
    -0.9356  -0.9032  -0.7692  -0.5687  -0.5661  -0.4973  -0.4188  -0.2584

          k = 0.2000-0.1011-0.7936 ( 27346 PWs)   bands (ev):

   -24.8007 -24.8007 -10.4952 -10.4892 -10.0781 -10.0775 -10.0668 -10.0585
    -5.8441  -5.7466  -5.4445  -5.3422  -2.2767  -2.1652  -1.6696  -1.5228
    -0.7833  -0.7253  -0.6613  -0.6531  -0.4888  -0.4578  -0.4078  -0.3098

          k = 0.2000 0.4045 0.3175 ( 27340 PWs)   bands (ev):

   -24.8109 -24.8100 -10.2363 -10.2143 -10.1758 -10.1504 -10.0707 -10.0559
    -6.0435  -5.8452  -5.5688  -5.5200  -1.9003  -1.8614  -1.5708  -1.2977
    -0.9078  -0.8295  -0.7850  -0.6097  -0.4762  -0.3993  -0.3487  -0.3108

          k = 0.2000-0.1011-0.4762 ( 27367 PWs)   bands (ev):

   -24.8069 -24.8048 -10.3373 -10.3250 -10.1763 -10.1437 -10.0637 -10.0437
    -5.9550  -5.6389  -5.5990  -5.4751  -2.0429  -1.9225  -1.7964  -1.2709
    -0.9979  -0.9680  -0.7385  -0.5145  -0.4641  -0.3904  -0.3443  -0.2865

          k = 0.2000 0.4045 0.6349 ( 27347 PWs)   bands (ev):

   -24.8023 -24.8020 -10.4547 -10.4483 -10.1124 -10.0950 -10.0571 -10.0516
    -5.8823  -5.8127  -5.4228  -5.3335  -2.2308  -2.1523  -1.6232  -1.5376
    -0.8039  -0.7263  -0.6170  -0.5389  -0.5175  -0.4542  -0.4126  -0.3256

          k = 0.2000-0.1011-0.1587 ( 27362 PWs)   bands (ev):

   -24.8159 -24.8124 -10.2777 -10.2407 -10.1074 -10.0640 -10.0274  -9.9974
    -6.4725  -5.8448  -5.4576  -5.3927  -2.2124  -1.5665  -1.5126  -1.1696
    -0.9663  -0.8300  -0.7269  -0.6552  -0.6125  -0.3407  -0.2778  -0.1845

          k = 0.4000 0.0000 0.0000 ( 27368 PWs)   bands (ev):

   -24.8163 -24.8148 -10.2490 -10.2374 -10.1284 -10.1187  -9.9649  -9.9516
    -6.3521  -6.0779  -5.4526  -5.4262  -2.0184  -1.7153  -1.1397  -0.9723
    -0.8640  -0.8603  -0.8206  -0.6656  -0.6394  -0.5546  -0.4315  -0.3196

          k = 0.4000-0.5057-0.7936 ( 27364 PWs)   bands (ev):

   -24.8007 -24.8007 -10.4861 -10.4861 -10.0789 -10.0789 -10.0714 -10.0714
    -5.7960  -5.7960  -5.3799  -5.3799  -2.2225  -2.2225  -1.7933  -1.7933
    -0.6939  -0.6939  -0.5269  -0.5269  -0.4322  -0.4322  -0.2789  -0.2789

          k = 0.4000 0.0000 0.3175 ( 27376 PWs)   bands (ev):

   -24.8110 -24.8098 -10.2165 -10.1955 -10.1924 -10.1611 -10.0776 -10.0619
    -6.0607  -5.8204  -5.5555  -5.5286  -1.9149  -1.8018  -1.5756  -1.2227
    -0.9228  -0.8559  -0.8541  -0.7035  -0.4849  -0.4067  -0.3224  -0.3137

          k = 0.4000-0.5057-0.4762 ( 27340 PWs)   bands (ev):

   -24.8059 -24.8059 -10.3235 -10.3235 -10.1811 -10.1811 -10.0432 -10.0432
    -5.7315  -5.7315  -5.6090  -5.6090  -2.0353  -2.0353  -1.5882  -1.5882
    -0.8714  -0.8714  -0.5716  -0.5716  -0.4308  -0.4308  -0.2840  -0.2840

          k = 0.4000 0.0000 0.6349 ( 27353 PWs)   bands (ev):

   -24.8024 -24.8019 -10.4583 -10.4568 -10.0999 -10.0896 -10.0612 -10.0518
    -5.8467  -5.8217  -5.4226  -5.3529  -2.3042  -2.2619  -1.4796  -1.3649
    -0.7877  -0.7448  -0.6371  -0.6149  -0.5821  -0.4167  -0.4012  -0.3884

          k = 0.4000-0.5057-0.1587 ( 27340 PWs)   bands (ev):

   -24.8141 -24.8141 -10.2859 -10.2859 -10.0584 -10.0584 -10.0149 -10.0149
    -6.1660  -6.1660  -5.4487  -5.4487  -1.7500  -1.7500  -1.4685  -1.4685
    -0.7559  -0.7559  -0.6498  -0.6498  -0.5568  -0.5568  -0.3124  -0.3124

          k = 0.4000 0.2023 0.0000 ( 27358 PWs)   bands (ev):

   -24.8161 -24.8149 -10.2844 -10.2482 -10.1195 -10.0780  -9.9636  -9.9528
    -6.3387  -6.1144  -5.4609  -5.4030  -1.9627  -1.7235  -1.2298  -0.9519
    -0.9179  -0.8828  -0.8434  -0.6507  -0.5923  -0.5175  -0.4247  -0.2615

          k = 0.4000-0.3034-0.7936 ( 27356 PWs)   bands (ev):

   -24.8007 -24.8007 -10.4941 -10.4880 -10.0790 -10.0784 -10.0688 -10.0605
    -5.8597  -5.7739  -5.4043  -5.3136  -2.3415  -2.2423  -1.7117  -1.5833
    -0.7369  -0.6608  -0.6098  -0.5712  -0.4584  -0.4297  -0.3459  -0.2694

          k = 0.4000 0.2023 0.3175 ( 27356 PWs)   bands (ev):

   -24.8109 -24.8100 -10.2329 -10.2118 -10.1820 -10.1541 -10.0701 -10.0535
    -6.0423  -5.8481  -5.5590  -5.5195  -1.8916  -1.8023  -1.6167  -1.3207
    -0.8768  -0.8483  -0.7909  -0.6386  -0.4903  -0.4092  -0.3455  -0.3047

          k = 0.4000-0.3034-0.4762 ( 27341 PWs)   bands (ev):

   -24.8061 -24.8056 -10.3346 -10.3262 -10.1798 -10.1537 -10.0561 -10.0436
    -5.8088  -5.7005  -5.6248  -5.5460  -2.0573  -2.0231  -1.6122  -1.4911
    -0.8833  -0.8150  -0.6805  -0.5675  -0.4605  -0.3996  -0.3522  -0.2726

          k = 0.4000 0.2023 0.6349 ( 27357 PWs)   bands (ev):

   -24.8023 -24.8020 -10.4556 -10.4493 -10.1134 -10.0957 -10.0568 -10.0501
    -5.8493  -5.7666  -5.4657  -5.3626  -2.2867  -2.2197  -1.5589  -1.4940
    -0.7766  -0.7327  -0.6268  -0.6044  -0.5132  -0.4357  -0.3771  -0.2953

          k = 0.4000-0.3034-0.1587 ( 27363 PWs)   bands (ev):

   -24.8145 -24.8137 -10.2832 -10.2559 -10.0981 -10.0606 -10.0153 -10.0082
    -6.2344  -6.0756  -5.4820  -5.4306  -1.8702  -1.7067  -1.4931  -1.2512
    -0.8454  -0.7570  -0.7359  -0.6186  -0.5777  -0.5299  -0.3828  -0.2590

          k = 0.4000 0.4045 0.0000 ( 27366 PWs)   bands (ev):

   -24.8158 -24.8153 -10.3049 -10.2893 -10.0746 -10.0556  -9.9602  -9.9560
    -6.2895  -6.2027  -5.4353  -5.4025  -1.8427  -1.7515  -1.2948  -1.1427
    -0.9571  -0.9406  -0.7387  -0.6023  -0.5151  -0.4851  -0.3593  -0.2612

          k = 0.4000-0.1011-0.7936 ( 27368 PWs)   bands (ev):

   -24.8007 -24.8007 -10.5006 -10.4971 -10.0775 -10.0774 -10.0574 -10.0522
    -5.8782  -5.8330  -5.3439  -5.2956  -2.3922  -2.3501  -1.4468  -1.3894
    -0.7839  -0.7079  -0.6599  -0.6422  -0.4836  -0.4822  -0.3973  -0.3330

          k = 0.4000 0.4045 0.3175 ( 27319 PWs)   bands (ev):

   -24.8106 -24.8102 -10.2453 -10.2370 -10.1666 -10.1553 -10.0535 -10.0457
    -5.9901  -5.9163  -5.5447  -5.5237  -1.8489  -1.8108  -1.6265  -1.4982
    -0.8245  -0.7936  -0.6886  -0.5976  -0.4690  -0.4430  -0.3637  -0.3002

          k = 0.4000-0.1011-0.4762 ( 27361 PWs)   bands (ev):

   -24.8063 -24.8055 -10.3434 -10.3376 -10.1532 -10.1299 -10.0716 -10.0555
    -5.8565  -5.7394  -5.5691  -5.5136  -2.0724  -2.0161  -1.6045  -1.3824
    -0.8695  -0.7818  -0.7185  -0.6482  -0.4939  -0.4015  -0.3800  -0.3307

          k = 0.4000 0.4045 0.6349 ( 27364 PWs)   bands (ev):

   -24.8022 -24.8021 -10.4461 -10.4419 -10.1239 -10.1145 -10.0509 -10.0491
    -5.7989  -5.7359  -5.4897  -5.4199  -2.2144  -2.1599  -1.7196  -1.6680
    -0.7792  -0.7451  -0.5622  -0.5380  -0.4457  -0.4313  -0.3036  -0.2543

          k = 0.4000-0.1011-0.1587 ( 27379 PWs)   bands (ev):

   -24.8148 -24.8135 -10.2503 -10.2212 -10.1355 -10.1025 -10.0141 -10.0021
    -6.2651  -6.0108  -5.4884  -5.4474  -1.9643  -1.7235  -1.3466  -1.0193
    -0.9392  -0.8543  -0.8013  -0.7267  -0.5883  -0.4686  -0.3740  -0.2883

     highest occupied level (ev):    -0.1137

     Writing config to output data dir ./_ph0/pwscf.q_4/pwscf.save/ :
     XML data file

                                                                                

     bravais-lattice index     =            8
     lattice parameter (alat)  =      13.7506  a.u.
     unit-cell volume          =    1619.6113 (a.u.)^3
     number of atoms/cell      =           22
     number of atomic types    =            3
     kinetic-energy cut-off    =     100.0000  Ry
     charge density cut-off    =     800.0000  Ry
     convergence threshold     =      1.0E-14
     beta                      =       0.7000
     number of iterations used =            4
     Exchange-correlation= PBESOL
                           (   1   4  10   8   0   0   0)


     celldm(1)=   13.75059  celldm(2)=    0.98879  celldm(3)=    0.63000
     celldm(4)=    0.00000  celldm(5)=    0.00000  celldm(6)=    0.00000

     crystal axes: (cart. coord. in units of alat)
               a(1) = (  1.0000  0.0000  0.0000 )  
               a(2) = (  0.0000  0.9888  0.0000 )  
               a(3) = (  0.0000  0.0000  0.6300 )  

     reciprocal axes: (cart. coord. in units 2 pi/alat)
               b(1) = (  1.0000  0.0000  0.0000 )  
               b(2) = (  0.0000  1.0113  0.0000 )  
               b(3) = (  0.0000  0.0000  1.5873 )  


     Atoms inside the unit cell: 

     Cartesian axes

     site n.  atom      mass           positions (alat units)
        1  Ba    137.3270   tau(    1) = (    0.50000    0.49440    0.31501  )
        2  Ba    137.3270   tau(    2) = (    0.00000    0.00000    0.62999  )
        3  B      10.8110   tau(    3) = (    0.64575    0.26903    0.00001  )
        4  B      10.8110   tau(    4) = (    0.35425    0.71976    0.00001  )
        5  B      10.8110   tau(    5) = (    0.14575    0.22536    0.31499  )
        6  B      10.8110   tau(    6) = (    0.85425    0.76343    0.31499  )
        7  H       1.0079   tau(    7) = (    0.47644    0.27855    0.00001  )
        8  H       1.0079   tau(    8) = (    0.52356    0.71024    0.00001  )
        9  H       1.0079   tau(    9) = (    0.97644    0.21585    0.31499  )
       10  H       1.0079   tau(   10) = (    0.02356    0.77295    0.31499  )
       11  H       1.0079   tau(   11) = (    0.71254    0.42531    0.00001  )
       12  H       1.0079   tau(   12) = (    0.28746    0.56348    0.00001  )
       13  H       1.0079   tau(   13) = (    0.21254    0.06909    0.31499  )
       14  H       1.0079   tau(   14) = (    0.78746    0.91970    0.31499  )
       15  H       1.0079   tau(   15) = (    0.69368    0.18797    0.48964  )
       16  H       1.0079   tau(   16) = (    0.30632    0.80082    0.48964  )
       17  H       1.0079   tau(   17) = (    0.19368    0.30643    0.45536  )
       18  H       1.0079   tau(   18) = (    0.80632    0.68236    0.45536  )
       19  H       1.0079   tau(   19) = (    0.30631    0.80082    0.14038  )
       20  H       1.0079   tau(   20) = (    0.69369    0.18797    0.14038  )
       21  H       1.0079   tau(   21) = (    0.80631    0.68237    0.17462  )
       22  H       1.0079   tau(   22) = (    0.19369    0.30643    0.17462  )

     Computing dynamical matrix for 
                    q = (   0.0000000  -0.5056675  -0.7936489 )

      5 Sym.Ops. (with q -> -q+G )


     G cutoff = 3831.5372  (  25782 G-vectors)     FFT grid: (128,128, 80)
     G cutoff = 1915.7686  (   9122 G-vectors)  smooth grid: ( 90, 90, 60)
     number of k points=    54

     PseudoPot. # 1 for B  read from file:
     /home/mehlhorn/pseudos/b_pbesol_v1.4.uspp.F.UPF
     MD5 check sum: 369b69bef2c3aeed4453bd8b804fd6a8
     Pseudo is Ultrasoft + core correction, Zval =  3.0
     Generated by new atomic code, or converted to UPF format
     Using radial grid of  781 points,  4 beta functions with: 
                l(1) =   0
                l(2) =   0
                l(3) =   1
                l(4) =   1
     Q(r) pseudized with  8 coefficients,  rinner =    1.100   1.100   1.100


     PseudoPot. # 2 for Ba read from file:
     /home/mehlhorn/pseudos/Ba.nc.z_10.oncvpsp4.dojo.v4-sp.upf
     MD5 check sum: c10ed334bb677c0554edec7181ce9143
     Pseudo is Norm-conserving + core correction, Zval = 10.0
     Generated using ONCVPSP code by D. R. Hamann
     Using radial grid of 1938 points,  8 beta functions with: 
                l(1) =   0
                l(2) =   0
                l(3) =   1
                l(4) =   1
                l(5) =   2
                l(6) =   2
                l(7) =   3
                l(8) =   3

     PseudoPot. # 3 for H  read from file:
     /home/mehlhorn/pseudos/H_ONCV_PBEsol-1.0.upf
     MD5 check sum: 398ef8f67c0a7342c05c87c5e19ea467
     Pseudo is Norm-conserving, Zval =  1.0
     Generated using ONCVPSP code by D. R. Hamann
     Using radial grid of 1180 points,  2 beta functions with: 
                l(1) =   0
                l(2) =   0


     Atomic displacements:
     There are   33 irreducible representations

     Representation     1      2 modes -  To be done

     Representation     2      2 modes -  To be done

     Representation     3      2 modes -  To be done

     Representation     4      2 modes -  To be done

     Representation     5      2 modes -  To be done

     Representation     6      2 modes -  To be done

     Representation     7      2 modes -  To be done

     Representation     8      2 modes -  To be done

     Representation     9      2 modes -  To be done

     Representation    10      2 modes -  To be done

     Representation    11      2 modes -  To be done

     Representation    12      2 modes -  To be done

     Representation    13      2 modes -  To be done

     Representation    14      2 modes -  To be done

     Representation    15      2 modes -  To be done

     Representation    16      2 modes -  To be done

     Representation    17      2 modes -  To be done

     Representation    18      2 modes -  To be done

     Representation    19      2 modes -  To be done

     Representation    20      2 modes -  To be done

     Representation    21      2 modes -  To be done

     Representation    22      2 modes -  To be done

     Representation    23      2 modes -  To be done

     Representation    24      2 modes -  To be done

     Representation    25      2 modes -  To be done

     Representation    26      2 modes -  To be done

     Representation    27      2 modes -  To be done

     Representation    28      2 modes -  To be done

     Representation    29      2 modes -  To be done

     Representation    30      2 modes -  To be done

     Representation    31      2 modes -  To be done

     Representation    32      2 modes -  To be done

     Representation    33      2 modes -  To be done



     Alpha used in Ewald sum =   2.8000
     PHONON       :   1d 9h17m CPU   1d 9h38m WALL



     Representation #   1 modes #   1   2

     Self-consistent Calculation

      iter #   1 total cpu time :121220.6 secs   av.it.:   4.8
      thresh= 1.000E-02 alpha_mix =  0.700 |ddv_scf|^2 =  7.079E-09

      iter #   2 total cpu time :121433.9 secs   av.it.:  16.8
      thresh= 8.414E-06 alpha_mix =  0.700 |ddv_scf|^2 =  4.692E-09

      iter #   3 total cpu time :121635.5 secs   av.it.:  15.9
      thresh= 6.850E-06 alpha_mix =  0.700 |ddv_scf|^2 =  2.297E-11

      iter #   4 total cpu time :121848.8 secs   av.it.:  16.6
      thresh= 4.793E-07 alpha_mix =  0.700 |ddv_scf|^2 =  1.755E-12

      iter #   5 total cpu time :122067.7 secs   av.it.:  16.9
      thresh= 1.325E-07 alpha_mix =  0.700 |ddv_scf|^2 =  1.240E-13

      iter #   6 total cpu time :122289.2 secs   av.it.:  17.0
      thresh= 3.521E-08 alpha_mix =  0.700 |ddv_scf|^2 =  6.270E-15

     End of self-consistent calculation

     Convergence has been achieved 


     Representation #   2 modes #   3   4

     Self-consistent Calculation

      iter #   1 total cpu time :122381.9 secs   av.it.:   3.0
      thresh= 1.000E-02 alpha_mix =  0.700 |ddv_scf|^2 =  7.892E-10

      iter #   2 total cpu time :122592.2 secs   av.it.:  16.9
      thresh= 2.809E-06 alpha_mix =  0.700 |ddv_scf|^2 =  4.406E-10

      iter #   3 total cpu time :122794.2 secs   av.it.:  16.0
      thresh= 2.099E-06 alpha_mix =  0.700 |ddv_scf|^2 =  3.409E-12

      iter #   4 total cpu time :123003.8 secs   av.it.:  16.7
      thresh= 1.846E-07 alpha_mix =  0.700 |ddv_scf|^2 =  3.306E-13

      iter #   5 total cpu time :123215.9 secs   av.it.:  16.8
      thresh= 5.750E-08 alpha_mix =  0.700 |ddv_scf|^2 =  8.624E-15

     End of self-consistent calculation

     Convergence has been achieved 


     Representation #   3 modes #   5   6

     Self-consistent Calculation

      iter #   1 total cpu time :123309.2 secs   av.it.:   3.4
      thresh= 1.000E-02 alpha_mix =  0.700 |ddv_scf|^2 =  8.390E-10

      iter #   2 total cpu time :123527.3 secs   av.it.:  17.0
      thresh= 2.897E-06 alpha_mix =  0.700 |ddv_scf|^2 =  4.664E-10

      iter #   3 total cpu time :123737.2 secs   av.it.:  16.0
      thresh= 2.160E-06 alpha_mix =  0.700 |ddv_scf|^2 =  2.246E-12

      iter #   4 total cpu time :123952.2 secs   av.it.:  16.9
      thresh= 1.499E-07 alpha_mix =  0.700 |ddv_scf|^2 =  2.820E-13

      iter #   5 total cpu time :124163.7 secs   av.it.:  16.1
      thresh= 5.311E-08 alpha_mix =  0.700 |ddv_scf|^2 =  1.400E-14

      iter #   6 total cpu time :124374.4 secs   av.it.:  17.0
      thresh= 1.183E-08 alpha_mix =  0.700 |ddv_scf|^2 =  7.610E-16

     End of self-consistent calculation

     Convergence has been achieved 


     Representation #   4 modes #   7   8

     Self-consistent Calculation

      iter #   1 total cpu time :124465.6 secs   av.it.:   3.1
      thresh= 1.000E-02 alpha_mix =  0.700 |ddv_scf|^2 =  6.798E-10

      iter #   2 total cpu time :124680.9 secs   av.it.:  17.0
      thresh= 2.607E-06 alpha_mix =  0.700 |ddv_scf|^2 =  3.964E-10

      iter #   3 total cpu time :124887.1 secs   av.it.:  16.0
      thresh= 1.991E-06 alpha_mix =  0.700 |ddv_scf|^2 =  3.731E-12

      iter #   4 total cpu time :125098.4 secs   av.it.:  16.6
      thresh= 1.932E-07 alpha_mix =  0.700 |ddv_scf|^2 =  2.439E-13

      iter #   5 total cpu time :125312.2 secs   av.it.:  17.0
      thresh= 4.939E-08 alpha_mix =  0.700 |ddv_scf|^2 =  1.504E-14

      iter #   6 total cpu time :125526.7 secs   av.it.:  17.0
      thresh= 1.226E-08 alpha_mix =  0.700 |ddv_scf|^2 =  1.351E-15

     End of self-consistent calculation

     Convergence has been achieved 


     Representation #   5 modes #   9  10

     Self-consistent Calculation

      iter #   1 total cpu time :125617.5 secs   av.it.:   3.0
      thresh= 1.000E-02 alpha_mix =  0.700 |ddv_scf|^2 =  1.035E-09

      iter #   2 total cpu time :125831.3 secs   av.it.:  17.0
      thresh= 3.217E-06 alpha_mix =  0.700 |ddv_scf|^2 =  6.182E-10

      iter #   3 total cpu time :126031.9 secs   av.it.:  16.0
      thresh= 2.486E-06 alpha_mix =  0.700 |ddv_scf|^2 =  1.312E-12

      iter #   4 total cpu time :126241.1 secs   av.it.:  17.0
      thresh= 1.145E-07 alpha_mix =  0.700 |ddv_scf|^2 =  1.361E-13

      iter #   5 total cpu time :126455.7 secs   av.it.:  17.0
      thresh= 3.689E-08 alpha_mix =  0.700 |ddv_scf|^2 =  9.271E-15

     End of self-consistent calculation

     Convergence has been achieved 


     Representation #   6 modes #  11  12

     Self-consistent Calculation

      iter #   1 total cpu time :126550.6 secs   av.it.:   3.7
      thresh= 1.000E-02 alpha_mix =  0.700 |ddv_scf|^2 =  1.580E-09

      iter #   2 total cpu time :126764.5 secs   av.it.:  17.0
      thresh= 3.975E-06 alpha_mix =  0.700 |ddv_scf|^2 =  1.105E-09

      iter #   3 total cpu time :126968.8 secs   av.it.:  16.0
      thresh= 3.324E-06 alpha_mix =  0.700 |ddv_scf|^2 =  8.397E-13

      iter #   4 total cpu time :127185.9 secs   av.it.:  17.0
      thresh= 9.164E-08 alpha_mix =  0.700 |ddv_scf|^2 =  2.195E-13

      iter #   5 total cpu time :127397.1 secs   av.it.:  16.5
      thresh= 4.685E-08 alpha_mix =  0.700 |ddv_scf|^2 =  1.816E-14

      iter #   6 total cpu time :127604.2 secs   av.it.:  16.0
      thresh= 1.348E-08 alpha_mix =  0.700 |ddv_scf|^2 =  1.299E-15

     End of self-consistent calculation

     Convergence has been achieved 


     Representation #   7 modes #  13  14

     Self-consistent Calculation

      iter #   1 total cpu time :127697.4 secs   av.it.:   3.3
      thresh= 1.000E-02 alpha_mix =  0.700 |ddv_scf|^2 =  6.403E-10

      iter #   2 total cpu time :127914.2 secs   av.it.:  17.0
      thresh= 2.530E-06 alpha_mix =  0.700 |ddv_scf|^2 =  3.577E-10

      iter #   3 total cpu time :128122.0 secs   av.it.:  16.0
      thresh= 1.891E-06 alpha_mix =  0.700 |ddv_scf|^2 =  3.902E-12

      iter #   4 total cpu time :128336.0 secs   av.it.:  16.7
      thresh= 1.975E-07 alpha_mix =  0.700 |ddv_scf|^2 =  2.981E-13

      iter #   5 total cpu time :128551.5 secs   av.it.:  16.1
      thresh= 5.460E-08 alpha_mix =  0.700 |ddv_scf|^2 =  2.366E-14

      iter #   6 total cpu time :128766.3 secs   av.it.:  16.0
      thresh= 1.538E-08 alpha_mix =  0.700 |ddv_scf|^2 =  1.140E-15

     End of self-consistent calculation

     Convergence has been achieved 


     Representation #   8 modes #  15  16

     Self-consistent Calculation

      iter #   1 total cpu time :128894.0 secs   av.it.:   6.5
      thresh= 1.000E-02 alpha_mix =  0.700 |ddv_scf|^2 =  6.497E-08

      iter #   2 total cpu time :129104.1 secs   av.it.:  16.4
      thresh= 2.549E-05 alpha_mix =  0.700 |ddv_scf|^2 =  4.936E-08

      iter #   3 total cpu time :129304.9 secs   av.it.:  15.9
      thresh= 2.222E-05 alpha_mix =  0.700 |ddv_scf|^2 =  9.172E-11

      iter #   4 total cpu time :129516.5 secs   av.it.:  16.9
      thresh= 9.577E-07 alpha_mix =  0.700 |ddv_scf|^2 =  2.626E-12

      iter #   5 total cpu time :129725.0 secs   av.it.:  16.6
      thresh= 1.620E-07 alpha_mix =  0.700 |ddv_scf|^2 =  7.247E-14

      iter #   6 total cpu time :129937.8 secs   av.it.:  16.9
      thresh= 2.692E-08 alpha_mix =  0.700 |ddv_scf|^2 =  1.556E-14

      iter #   7 total cpu time :130146.7 secs   av.it.:  16.1
      thresh= 1.247E-08 alpha_mix =  0.700 |ddv_scf|^2 =  1.976E-15

     End of self-consistent calculation

     Convergence has been achieved 


     Representation #   9 modes #  17  18

     Self-consistent Calculation

      iter #   1 total cpu time :130239.3 secs   av.it.:   3.4
      thresh= 1.000E-02 alpha_mix =  0.700 |ddv_scf|^2 =  3.440E-10

      iter #   2 total cpu time :130458.4 secs   av.it.:  17.0
      thresh= 1.855E-06 alpha_mix =  0.700 |ddv_scf|^2 =  1.271E-10

      iter #   3 total cpu time :130670.9 secs   av.it.:  17.0
      thresh= 1.127E-06 alpha_mix =  0.700 |ddv_scf|^2 =  2.402E-12

      iter #   4 total cpu time :130881.3 secs   av.it.:  16.6
      thresh= 1.550E-07 alpha_mix =  0.700 |ddv_scf|^2 =  2.730E-13

      iter #   5 total cpu time :131092.5 secs   av.it.:  16.1
      thresh= 5.225E-08 alpha_mix =  0.700 |ddv_scf|^2 =  1.426E-14

      iter #   6 total cpu time :131309.0 secs   av.it.:  16.2
      thresh= 1.194E-08 alpha_mix =  0.700 |ddv_scf|^2 =  7.236E-16

     End of self-consistent calculation

     Convergence has been achieved 


     Representation #  10 modes #  19  20

     Self-consistent Calculation

      iter #   1 total cpu time :131414.8 secs   av.it.:   4.5
      thresh= 1.000E-02 alpha_mix =  0.700 |ddv_scf|^2 =  3.224E-09

      iter #   2 total cpu time :131633.3 secs   av.it.:  17.0
      thresh= 5.678E-06 alpha_mix =  0.700 |ddv_scf|^2 =  1.394E-09

      iter #   3 total cpu time :131841.6 secs   av.it.:  16.0
      thresh= 3.734E-06 alpha_mix =  0.700 |ddv_scf|^2 =  3.692E-11

      iter #   4 total cpu time :132050.3 secs   av.it.:  16.0
      thresh= 6.076E-07 alpha_mix =  0.700 |ddv_scf|^2 =  1.081E-12

      iter #   5 total cpu time :132266.5 secs   av.it.:  17.0
      thresh= 1.040E-07 alpha_mix =  0.700 |ddv_scf|^2 =  1.551E-13

      iter #   6 total cpu time :132480.1 secs   av.it.:  16.9
      thresh= 3.939E-08 alpha_mix =  0.700 |ddv_scf|^2 =  7.524E-15

     End of self-consistent calculation

     Convergence has been achieved 


     Representation #  11 modes #  21  22

     Self-consistent Calculation

      iter #   1 total cpu time :132571.0 secs   av.it.:   3.0
      thresh= 1.000E-02 alpha_mix =  0.700 |ddv_scf|^2 =  5.096E-10

      iter #   2 total cpu time :132788.9 secs   av.it.:  17.0
      thresh= 2.258E-06 alpha_mix =  0.700 |ddv_scf|^2 =  2.713E-10

      iter #   3 total cpu time :132998.5 secs   av.it.:  16.0
      thresh= 1.647E-06 alpha_mix =  0.700 |ddv_scf|^2 =  3.283E-12

      iter #   4 total cpu time :133208.9 secs   av.it.:  16.1
      thresh= 1.812E-07 alpha_mix =  0.700 |ddv_scf|^2 =  3.202E-13

      iter #   5 total cpu time :133421.6 secs   av.it.:  16.9
      thresh= 5.659E-08 alpha_mix =  0.700 |ddv_scf|^2 =  1.505E-14

      iter #   6 total cpu time :133633.4 secs   av.it.:  16.5
      thresh= 1.227E-08 alpha_mix =  0.700 |ddv_scf|^2 =  1.556E-15

     End of self-consistent calculation

     Convergence has been achieved 


     Representation #  12 modes #  23  24

     Self-consistent Calculation

      iter #   1 total cpu time :133722.8 secs   av.it.:   3.0
      thresh= 1.000E-02 alpha_mix =  0.700 |ddv_scf|^2 =  3.798E-10

      iter #   2 total cpu time :133939.5 secs   av.it.:  17.0
      thresh= 1.949E-06 alpha_mix =  0.700 |ddv_scf|^2 =  1.446E-10

      iter #   3 total cpu time :134145.8 secs   av.it.:  16.0
      thresh= 1.203E-06 alpha_mix =  0.700 |ddv_scf|^2 =  2.188E-12

      iter #   4 total cpu time :134350.0 secs   av.it.:  16.9
      thresh= 1.479E-07 alpha_mix =  0.700 |ddv_scf|^2 =  1.707E-13

      iter #   5 total cpu time :134553.4 secs   av.it.:  16.8
      thresh= 4.131E-08 alpha_mix =  0.700 |ddv_scf|^2 =  1.388E-14

      iter #   6 total cpu time :134763.4 secs   av.it.:  16.9
      thresh= 1.178E-08 alpha_mix =  0.700 |ddv_scf|^2 =  8.051E-16

     End of self-consistent calculation

     Convergence has been achieved 


     Representation #  13 modes #  25  26

     Self-consistent Calculation

      iter #   1 total cpu time :134854.3 secs   av.it.:   3.0
      thresh= 1.000E-02 alpha_mix =  0.700 |ddv_scf|^2 =  5.935E-10

      iter #   2 total cpu time :135066.3 secs   av.it.:  17.0
      thresh= 2.436E-06 alpha_mix =  0.700 |ddv_scf|^2 =  3.271E-10

      iter #   3 total cpu time :135273.5 secs   av.it.:  16.0
      thresh= 1.809E-06 alpha_mix =  0.700 |ddv_scf|^2 =  2.372E-12

      iter #   4 total cpu time :135485.8 secs   av.it.:  16.9
      thresh= 1.540E-07 alpha_mix =  0.700 |ddv_scf|^2 =  2.986E-13

      iter #   5 total cpu time :135695.9 secs   av.it.:  16.6
      thresh= 5.465E-08 alpha_mix =  0.700 |ddv_scf|^2 =  1.556E-14

      iter #   6 total cpu time :135906.6 secs   av.it.:  16.9
      thresh= 1.247E-08 alpha_mix =  0.700 |ddv_scf|^2 =  1.354E-15

     End of self-consistent calculation

     Convergence has been achieved 


     Representation #  14 modes #  27  28

     Self-consistent Calculation

      iter #   1 total cpu time :135997.8 secs   av.it.:   3.0
      thresh= 1.000E-02 alpha_mix =  0.700 |ddv_scf|^2 =  6.869E-10

      iter #   2 total cpu time :136211.6 secs   av.it.:  17.0
      thresh= 2.621E-06 alpha_mix =  0.700 |ddv_scf|^2 =  3.285E-10

      iter #   3 total cpu time :136417.9 secs   av.it.:  16.0
      thresh= 1.812E-06 alpha_mix =  0.700 |ddv_scf|^2 =  7.177E-13

      iter #   4 total cpu time :136634.8 secs   av.it.:  17.0
      thresh= 8.472E-08 alpha_mix =  0.700 |ddv_scf|^2 =  1.964E-13

      iter #   5 total cpu time :136846.8 secs   av.it.:  16.6
      thresh= 4.432E-08 alpha_mix =  0.700 |ddv_scf|^2 =  6.772E-15

     End of self-consistent calculation

     Convergence has been achieved 


     Representation #  15 modes #  29  30

     Self-consistent Calculation

      iter #   1 total cpu time :136941.9 secs   av.it.:   4.0
      thresh= 1.000E-02 alpha_mix =  0.700 |ddv_scf|^2 =  1.314E-09

      iter #   2 total cpu time :137163.0 secs   av.it.:  17.0
      thresh= 3.625E-06 alpha_mix =  0.700 |ddv_scf|^2 =  8.810E-10

      iter #   3 total cpu time :137369.5 secs   av.it.:  16.0
      thresh= 2.968E-06 alpha_mix =  0.700 |ddv_scf|^2 =  4.004E-12

      iter #   4 total cpu time :137580.3 secs   av.it.:  16.9
      thresh= 2.001E-07 alpha_mix =  0.700 |ddv_scf|^2 =  2.792E-13

      iter #   5 total cpu time :137796.4 secs   av.it.:  17.0
      thresh= 5.284E-08 alpha_mix =  0.700 |ddv_scf|^2 =  3.623E-14

      iter #   6 total cpu time :138007.4 secs   av.it.:  16.0
      thresh= 1.903E-08 alpha_mix =  0.700 |ddv_scf|^2 =  2.342E-15

     End of self-consistent calculation

     Convergence has been achieved 


     Representation #  16 modes #  31  32

     Self-consistent Calculation

      iter #   1 total cpu time :138096.1 secs   av.it.:   3.0
      thresh= 1.000E-02 alpha_mix =  0.700 |ddv_scf|^2 =  2.811E-10

      iter #   2 total cpu time :138310.6 secs   av.it.:  17.0
      thresh= 1.676E-06 alpha_mix =  0.700 |ddv_scf|^2 =  1.243E-10

      iter #   3 total cpu time :138517.3 secs   av.it.:  16.0
      thresh= 1.115E-06 alpha_mix =  0.700 |ddv_scf|^2 =  3.318E-12

      iter #   4 total cpu time :138727.0 secs   av.it.:  16.2
      thresh= 1.822E-07 alpha_mix =  0.700 |ddv_scf|^2 =  1.875E-13

      iter #   5 total cpu time :138937.8 secs   av.it.:  16.7
      thresh= 4.330E-08 alpha_mix =  0.700 |ddv_scf|^2 =  1.354E-14

      iter #   6 total cpu time :139143.6 secs   av.it.:  16.0
      thresh= 1.163E-08 alpha_mix =  0.700 |ddv_scf|^2 =  9.648E-16

     End of self-consistent calculation

     Convergence has been achieved 


     Representation #  17 modes #  33  34

     Self-consistent Calculation

      iter #   1 total cpu time :139249.8 secs   av.it.:   4.9
      thresh= 1.000E-02 alpha_mix =  0.700 |ddv_scf|^2 =  5.385E-09

      iter #   2 total cpu time :139464.5 secs   av.it.:  17.0
      thresh= 7.338E-06 alpha_mix =  0.700 |ddv_scf|^2 =  2.998E-09

      iter #   3 total cpu time :139671.1 secs   av.it.:  16.0
      thresh= 5.475E-06 alpha_mix =  0.700 |ddv_scf|^2 =  2.183E-11

      iter #   4 total cpu time :139884.2 secs   av.it.:  16.9
      thresh= 4.672E-07 alpha_mix =  0.700 |ddv_scf|^2 =  1.694E-12

      iter #   5 total cpu time :140097.9 secs   av.it.:  17.0
      thresh= 1.302E-07 alpha_mix =  0.700 |ddv_scf|^2 =  2.080E-13

      iter #   6 total cpu time :140309.5 secs   av.it.:  16.8
      thresh= 4.561E-08 alpha_mix =  0.700 |ddv_scf|^2 =  9.454E-15

     End of self-consistent calculation

     Convergence has been achieved 


     Representation #  18 modes #  35  36

     Self-consistent Calculation

      iter #   1 total cpu time :140400.7 secs   av.it.:   3.0
      thresh= 1.000E-02 alpha_mix =  0.700 |ddv_scf|^2 =  5.194E-10

      iter #   2 total cpu time :140619.2 secs   av.it.:  17.0
      thresh= 2.279E-06 alpha_mix =  0.700 |ddv_scf|^2 =  2.905E-10

      iter #   3 total cpu time :140828.9 secs   av.it.:  16.0
      thresh= 1.704E-06 alpha_mix =  0.700 |ddv_scf|^2 =  3.181E-12

      iter #   4 total cpu time :141042.8 secs   av.it.:  16.8
      thresh= 1.783E-07 alpha_mix =  0.700 |ddv_scf|^2 =  3.621E-13

      iter #   5 total cpu time :141257.7 secs   av.it.:  16.9
      thresh= 6.017E-08 alpha_mix =  0.700 |ddv_scf|^2 =  1.172E-14

      iter #   6 total cpu time :141472.7 secs   av.it.:  16.9
      thresh= 1.083E-08 alpha_mix =  0.700 |ddv_scf|^2 =  1.282E-15

     End of self-consistent calculation

     Convergence has been achieved 


     Representation #  19 modes #  37  38

     Self-consistent Calculation

      iter #   1 total cpu time :141601.1 secs   av.it.:   6.7
      thresh= 1.000E-02 alpha_mix =  0.700 |ddv_scf|^2 =  1.761E-08

      iter #   2 total cpu time :141820.6 secs   av.it.:  16.9
      thresh= 1.327E-05 alpha_mix =  0.700 |ddv_scf|^2 =  6.470E-09

      iter #   3 total cpu time :142036.9 secs   av.it.:  16.0
      thresh= 8.043E-06 alpha_mix =  0.700 |ddv_scf|^2 =  5.926E-11

      iter #   4 total cpu time :142250.1 secs   av.it.:  15.9
      thresh= 7.698E-07 alpha_mix =  0.700 |ddv_scf|^2 =  5.210E-12

      iter #   5 total cpu time :142467.2 secs   av.it.:  16.2
      thresh= 2.283E-07 alpha_mix =  0.700 |ddv_scf|^2 =  6.760E-14

      iter #   6 total cpu time :142690.6 secs   av.it.:  16.9
      thresh= 2.600E-08 alpha_mix =  0.700 |ddv_scf|^2 =  3.291E-15

     End of self-consistent calculation

     Convergence has been achieved 


     Representation #  20 modes #  39  40

     Self-consistent Calculation

      iter #   1 total cpu time :142783.7 secs   av.it.:   3.1
      thresh= 1.000E-02 alpha_mix =  0.700 |ddv_scf|^2 =  6.514E-10

      iter #   2 total cpu time :142998.8 secs   av.it.:  17.0
      thresh= 2.552E-06 alpha_mix =  0.700 |ddv_scf|^2 =  4.291E-10

      iter #   3 total cpu time :143205.0 secs   av.it.:  16.0
      thresh= 2.071E-06 alpha_mix =  0.700 |ddv_scf|^2 =  1.992E-12

      iter #   4 total cpu time :143422.7 secs   av.it.:  17.0
      thresh= 1.411E-07 alpha_mix =  0.700 |ddv_scf|^2 =  5.381E-13

      iter #   5 total cpu time :143632.9 secs   av.it.:  16.0
      thresh= 7.335E-08 alpha_mix =  0.700 |ddv_scf|^2 =  1.148E-14

      iter #   6 total cpu time :143849.7 secs   av.it.:  17.0
      thresh= 1.072E-08 alpha_mix =  0.700 |ddv_scf|^2 =  1.217E-15

     End of self-consistent calculation

     Convergence has been achieved 


     Representation #  21 modes #  41  42

     Self-consistent Calculation

      iter #   1 total cpu time :143954.5 secs   av.it.:   4.4
      thresh= 1.000E-02 alpha_mix =  0.700 |ddv_scf|^2 =  1.524E-09

      iter #   2 total cpu time :144174.6 secs   av.it.:  17.0
      thresh= 3.904E-06 alpha_mix =  0.700 |ddv_scf|^2 =  1.904E-10

      iter #   3 total cpu time :144389.4 secs   av.it.:  17.0
      thresh= 1.380E-06 alpha_mix =  0.700 |ddv_scf|^2 =  1.105E-11

      iter #   4 total cpu time :144600.3 secs   av.it.:  16.3
      thresh= 3.324E-07 alpha_mix =  0.700 |ddv_scf|^2 =  8.789E-13

      iter #   5 total cpu time :144812.7 secs   av.it.:  16.8
      thresh= 9.375E-08 alpha_mix =  0.700 |ddv_scf|^2 =  1.111E-13

      iter #   6 total cpu time :145025.3 secs   av.it.:  16.9
      thresh= 3.333E-08 alpha_mix =  0.700 |ddv_scf|^2 =  1.264E-15

     End of self-consistent calculation

     Convergence has been achieved 


     Representation #  22 modes #  43  44

     Self-consistent Calculation

      iter #   1 total cpu time :145116.6 secs   av.it.:   3.0
      thresh= 1.000E-02 alpha_mix =  0.700 |ddv_scf|^2 =  5.188E-10

      iter #   2 total cpu time :145330.0 secs   av.it.:  17.0
      thresh= 2.278E-06 alpha_mix =  0.700 |ddv_scf|^2 =  2.645E-10

      iter #   3 total cpu time :145539.6 secs   av.it.:  16.2
      thresh= 1.626E-06 alpha_mix =  0.700 |ddv_scf|^2 =  2.269E-12

      iter #   4 total cpu time :145751.4 secs   av.it.:  16.9
      thresh= 1.506E-07 alpha_mix =  0.700 |ddv_scf|^2 =  5.759E-13

      iter #   5 total cpu time :145959.8 secs   av.it.:  16.0
      thresh= 7.589E-08 alpha_mix =  0.700 |ddv_scf|^2 =  9.575E-15

     End of self-consistent calculation

     Convergence has been achieved 


     Representation #  23 modes #  45  46

     Self-consistent Calculation

      iter #   1 total cpu time :146049.3 secs   av.it.:   3.0
      thresh= 1.000E-02 alpha_mix =  0.700 |ddv_scf|^2 =  5.741E-10

      iter #   2 total cpu time :146263.7 secs   av.it.:  17.0
      thresh= 2.396E-06 alpha_mix =  0.700 |ddv_scf|^2 =  2.980E-10

      iter #   3 total cpu time :146470.4 secs   av.it.:  16.0
      thresh= 1.726E-06 alpha_mix =  0.700 |ddv_scf|^2 =  3.917E-12

      iter #   4 total cpu time :146681.4 secs   av.it.:  16.5
      thresh= 1.979E-07 alpha_mix =  0.700 |ddv_scf|^2 =  4.136E-13

      iter #   5 total cpu time :146893.2 secs   av.it.:  16.9
      thresh= 6.431E-08 alpha_mix =  0.700 |ddv_scf|^2 =  1.744E-14

      iter #   6 total cpu time :147103.1 secs   av.it.:  16.3
      thresh= 1.321E-08 alpha_mix =  0.700 |ddv_scf|^2 =  1.015E-15

     End of self-consistent calculation

     Convergence has been achieved 


     Representation #  24 modes #  47  48

     Self-consistent Calculation

      iter #   1 total cpu time :147193.1 secs   av.it.:   3.0
      thresh= 1.000E-02 alpha_mix =  0.700 |ddv_scf|^2 =  4.210E-10

      iter #   2 total cpu time :147409.3 secs   av.it.:  17.0
      thresh= 2.052E-06 alpha_mix =  0.700 |ddv_scf|^2 =  2.190E-10

      iter #   3 total cpu time :147619.4 secs   av.it.:  16.0
      thresh= 1.480E-06 alpha_mix =  0.700 |ddv_scf|^2 =  2.250E-12

      iter #   4 total cpu time :147829.6 secs   av.it.:  17.0
      thresh= 1.500E-07 alpha_mix =  0.700 |ddv_scf|^2 =  2.546E-13

      iter #   5 total cpu time :148044.6 secs   av.it.:  17.0
      thresh= 5.046E-08 alpha_mix =  0.700 |ddv_scf|^2 =  1.724E-14

      iter #   6 total cpu time :148258.9 secs   av.it.:  16.9
      thresh= 1.313E-08 alpha_mix =  0.700 |ddv_scf|^2 =  1.529E-15

     End of self-consistent calculation

     Convergence has been achieved 


     Representation #  25 modes #  49  50

     Self-consistent Calculation

      iter #   1 total cpu time :148347.2 secs   av.it.:   3.0
      thresh= 1.000E-02 alpha_mix =  0.700 |ddv_scf|^2 =  2.266E-10

      iter #   2 total cpu time :148563.5 secs   av.it.:  17.0
      thresh= 1.505E-06 alpha_mix =  0.700 |ddv_scf|^2 =  9.354E-11

      iter #   3 total cpu time :148772.0 secs   av.it.:  16.0
      thresh= 9.672E-07 alpha_mix =  0.700 |ddv_scf|^2 =  3.063E-12

      iter #   4 total cpu time :148980.9 secs   av.it.:  16.1
      thresh= 1.750E-07 alpha_mix =  0.700 |ddv_scf|^2 =  1.730E-13

      iter #   5 total cpu time :149189.3 secs   av.it.:  16.6
      thresh= 4.159E-08 alpha_mix =  0.700 |ddv_scf|^2 =  1.038E-14

      iter #   6 total cpu time :149399.3 secs   av.it.:  17.0
      thresh= 1.019E-08 alpha_mix =  0.700 |ddv_scf|^2 =  6.302E-16

     End of self-consistent calculation

     Convergence has been achieved 


     Representation #  26 modes #  51  52

     Self-consistent Calculation

      iter #   1 total cpu time :149526.5 secs   av.it.:   6.6
      thresh= 1.000E-02 alpha_mix =  0.700 |ddv_scf|^2 =  2.805E-08

      iter #   2 total cpu time :149739.2 secs   av.it.:  16.8
      thresh= 1.675E-05 alpha_mix =  0.700 |ddv_scf|^2 =  2.008E-08

      iter #   3 total cpu time :149942.9 secs   av.it.:  15.9
      thresh= 1.417E-05 alpha_mix =  0.700 |ddv_scf|^2 =  1.123E-10

      iter #   4 total cpu time :150145.0 secs   av.it.:  16.6
      thresh= 1.060E-06 alpha_mix =  0.700 |ddv_scf|^2 =  5.356E-12

      iter #   5 total cpu time :150350.4 secs   av.it.:  16.9
      thresh= 2.314E-07 alpha_mix =  0.700 |ddv_scf|^2 =  4.297E-13

      iter #   6 total cpu time :150565.6 secs   av.it.:  16.9
      thresh= 6.555E-08 alpha_mix =  0.700 |ddv_scf|^2 =  7.296E-15

     End of self-consistent calculation

     Convergence has been achieved 


     Representation #  27 modes #  53  54

     Self-consistent Calculation

      iter #   1 total cpu time :150671.7 secs   av.it.:   4.5
      thresh= 1.000E-02 alpha_mix =  0.700 |ddv_scf|^2 =  2.393E-09

      iter #   2 total cpu time :150890.2 secs   av.it.:  17.0
      thresh= 4.892E-06 alpha_mix =  0.700 |ddv_scf|^2 =  1.047E-09

      iter #   3 total cpu time :151099.0 secs   av.it.:  16.0
      thresh= 3.235E-06 alpha_mix =  0.700 |ddv_scf|^2 =  3.255E-11

      iter #   4 total cpu time :151309.7 secs   av.it.:  16.1
      thresh= 5.705E-07 alpha_mix =  0.700 |ddv_scf|^2 =  8.611E-13

      iter #   5 total cpu time :151527.2 secs   av.it.:  17.0
      thresh= 9.280E-08 alpha_mix =  0.700 |ddv_scf|^2 =  1.422E-13

      iter #   6 total cpu time :151742.5 secs   av.it.:  17.0
      thresh= 3.771E-08 alpha_mix =  0.700 |ddv_scf|^2 =  3.442E-15

     End of self-consistent calculation

     Convergence has been achieved 


     Representation #  28 modes #  55  56

     Self-consistent Calculation

      iter #   1 total cpu time :151834.1 secs   av.it.:   3.1
      thresh= 1.000E-02 alpha_mix =  0.700 |ddv_scf|^2 =  5.969E-10

      iter #   2 total cpu time :152051.4 secs   av.it.:  17.0
      thresh= 2.443E-06 alpha_mix =  0.700 |ddv_scf|^2 =  2.873E-10

      iter #   3 total cpu time :152258.7 secs   av.it.:  16.0
      thresh= 1.695E-06 alpha_mix =  0.700 |ddv_scf|^2 =  1.537E-12

      iter #   4 total cpu time :152471.3 secs   av.it.:  17.0
      thresh= 1.240E-07 alpha_mix =  0.700 |ddv_scf|^2 =  2.501E-13

      iter #   5 total cpu time :152698.1 secs   av.it.:  16.8
      thresh= 5.001E-08 alpha_mix =  0.700 |ddv_scf|^2 =  8.630E-15

     End of self-consistent calculation

     Convergence has been achieved 


     Representation #  29 modes #  57  58

     Self-consistent Calculation

      iter #   1 total cpu time :152806.3 secs   av.it.:   5.0
      thresh= 1.000E-02 alpha_mix =  0.700 |ddv_scf|^2 =  9.757E-09

      iter #   2 total cpu time :153011.4 secs   av.it.:  16.9
      thresh= 9.878E-06 alpha_mix =  0.700 |ddv_scf|^2 =  6.573E-09

      iter #   3 total cpu time :153208.2 secs   av.it.:  16.0
      thresh= 8.108E-06 alpha_mix =  0.700 |ddv_scf|^2 =  1.294E-11

      iter #   4 total cpu time :153418.2 secs   av.it.:  17.0
      thresh= 3.597E-07 alpha_mix =  0.700 |ddv_scf|^2 =  2.331E-12

      iter #   5 total cpu time :153630.2 secs   av.it.:  16.9
      thresh= 1.527E-07 alpha_mix =  0.700 |ddv_scf|^2 =  1.305E-13

      iter #   6 total cpu time :153842.6 secs   av.it.:  16.9
      thresh= 3.613E-08 alpha_mix =  0.700 |ddv_scf|^2 =  1.401E-14

      iter #   7 total cpu time :154051.6 secs   av.it.:  16.9
      thresh= 1.184E-08 alpha_mix =  0.700 |ddv_scf|^2 =  8.758E-16

     End of self-consistent calculation

     Convergence has been achieved 


     Representation #  30 modes #  59  60

     Self-consistent Calculation

      iter #   1 total cpu time :154143.9 secs   av.it.:   3.6
      thresh= 1.000E-02 alpha_mix =  0.700 |ddv_scf|^2 =  5.413E-10

      iter #   2 total cpu time :154363.3 secs   av.it.:  17.0
      thresh= 2.327E-06 alpha_mix =  0.700 |ddv_scf|^2 =  2.497E-10

      iter #   3 total cpu time :154575.3 secs   av.it.:  16.7
      thresh= 1.580E-06 alpha_mix =  0.700 |ddv_scf|^2 =  1.950E-12

      iter #   4 total cpu time :154787.2 secs   av.it.:  16.8
      thresh= 1.397E-07 alpha_mix =  0.700 |ddv_scf|^2 =  3.713E-13

      iter #   5 total cpu time :154997.3 secs   av.it.:  16.0
      thresh= 6.094E-08 alpha_mix =  0.700 |ddv_scf|^2 =  9.699E-15

     End of self-consistent calculation

     Convergence has been achieved 


     Representation #  31 modes #  61  62

     Self-consistent Calculation

      iter #   1 total cpu time :155091.3 secs   av.it.:   3.9
      thresh= 1.000E-02 alpha_mix =  0.700 |ddv_scf|^2 =  1.206E-09

      iter #   2 total cpu time :155307.8 secs   av.it.:  17.0
      thresh= 3.473E-06 alpha_mix =  0.700 |ddv_scf|^2 =  7.675E-10

      iter #   3 total cpu time :155513.7 secs   av.it.:  16.0
      thresh= 2.770E-06 alpha_mix =  0.700 |ddv_scf|^2 =  3.310E-12

      iter #   4 total cpu time :155729.6 secs   av.it.:  16.9
      thresh= 1.819E-07 alpha_mix =  0.700 |ddv_scf|^2 =  3.415E-13

      iter #   5 total cpu time :155936.4 secs   av.it.:  17.0
      thresh= 5.844E-08 alpha_mix =  0.700 |ddv_scf|^2 =  3.140E-14

      iter #   6 total cpu time :156140.4 secs   av.it.:  16.0
      thresh= 1.772E-08 alpha_mix =  0.700 |ddv_scf|^2 =  2.498E-15

     End of self-consistent calculation

     Convergence has been achieved 


     Representation #  32 modes #  63  64

     Self-consistent Calculation

      iter #   1 total cpu time :156233.3 secs   av.it.:   3.0
      thresh= 1.000E-02 alpha_mix =  0.700 |ddv_scf|^2 =  4.770E-10

      iter #   2 total cpu time :156456.0 secs   av.it.:  17.0
      thresh= 2.184E-06 alpha_mix =  0.700 |ddv_scf|^2 =  2.109E-10

      iter #   3 total cpu time :156671.5 secs   av.it.:  16.0
      thresh= 1.452E-06 alpha_mix =  0.700 |ddv_scf|^2 =  2.582E-12

      iter #   4 total cpu time :156887.9 secs   av.it.:  16.4
      thresh= 1.607E-07 alpha_mix =  0.700 |ddv_scf|^2 =  2.212E-13

      iter #   5 total cpu time :157105.6 secs   av.it.:  16.8
      thresh= 4.703E-08 alpha_mix =  0.700 |ddv_scf|^2 =  1.160E-14

      iter #   6 total cpu time :157323.2 secs   av.it.:  16.8
      thresh= 1.077E-08 alpha_mix =  0.700 |ddv_scf|^2 =  9.345E-16

     End of self-consistent calculation

     Convergence has been achieved 


     Representation #  33 modes #  65  66

     Self-consistent Calculation

      iter #   1 total cpu time :157418.2 secs   av.it.:   3.3
      thresh= 1.000E-02 alpha_mix =  0.700 |ddv_scf|^2 =  6.279E-10

      iter #   2 total cpu time :157642.8 secs   av.it.:  17.0
      thresh= 2.506E-06 alpha_mix =  0.700 |ddv_scf|^2 =  3.064E-10

      iter #   3 total cpu time :157862.3 secs   av.it.:  16.6
      thresh= 1.751E-06 alpha_mix =  0.700 |ddv_scf|^2 =  1.922E-12

      iter #   4 total cpu time :158082.7 secs   av.it.:  17.0
      thresh= 1.386E-07 alpha_mix =  0.700 |ddv_scf|^2 =  4.372E-13

      iter #   5 total cpu time :158298.5 secs   av.it.:  16.0
      thresh= 6.612E-08 alpha_mix =  0.700 |ddv_scf|^2 =  1.014E-14

      iter #   6 total cpu time :158518.9 secs   av.it.:  17.0
      thresh= 1.007E-08 alpha_mix =  0.700 |ddv_scf|^2 =  1.224E-15

     End of self-consistent calculation

     Convergence has been achieved 

     Number of q in the star =    1
     List of q in the star:
          1   0.000000000  -0.505667486  -0.793648854

     Diagonalizing the dynamical matrix

     q = (    0.000000000  -0.505667486  -0.793648854 ) 

 **************************************************************************
     freq (    1) =       1.208404 [THz] =      40.308028 [cm-1]
     freq (    2) =       1.208404 [THz] =      40.308028 [cm-1]
     freq (    3) =       1.530639 [THz] =      51.056632 [cm-1]
     freq (    4) =       1.530639 [THz] =      51.056632 [cm-1]
     freq (    5) =       3.313120 [THz] =     110.513790 [cm-1]
     freq (    6) =       3.313120 [THz] =     110.513790 [cm-1]
     freq (    7) =       4.196393 [THz] =     139.976604 [cm-1]
     freq (    8) =       4.196393 [THz] =     139.976604 [cm-1]
     freq (    9) =       4.553441 [THz] =     151.886440 [cm-1]
     freq (   10) =       4.553441 [THz] =     151.886440 [cm-1]
     freq (   11) =       6.691899 [THz] =     223.217739 [cm-1]
     freq (   12) =       6.691899 [THz] =     223.217739 [cm-1]
     freq (   13) =       6.779581 [THz] =     226.142476 [cm-1]
     freq (   14) =       6.779581 [THz] =     226.142476 [cm-1]
     freq (   15) =       7.634246 [THz] =     254.651025 [cm-1]
     freq (   16) =       7.634246 [THz] =     254.651025 [cm-1]
     freq (   17) =       8.057522 [THz] =     268.770011 [cm-1]
     freq (   18) =       8.057522 [THz] =     268.770011 [cm-1]
     freq (   19) =       8.138673 [THz] =     271.476916 [cm-1]
     freq (   20) =       8.138673 [THz] =     271.476916 [cm-1]
     freq (   21) =       8.842315 [THz] =     294.947885 [cm-1]
     freq (   22) =       8.842315 [THz] =     294.947885 [cm-1]
     freq (   23) =       8.906993 [THz] =     297.105319 [cm-1]
     freq (   24) =       8.906993 [THz] =     297.105319 [cm-1]
     freq (   25) =       9.506365 [THz] =     317.098197 [cm-1]
     freq (   26) =       9.506365 [THz] =     317.098197 [cm-1]
     freq (   27) =      12.015859 [THz] =     400.805899 [cm-1]
     freq (   28) =      12.015859 [THz] =     400.805899 [cm-1]
     freq (   29) =      12.315256 [THz] =     410.792730 [cm-1]
     freq (   30) =      12.315256 [THz] =     410.792730 [cm-1]
     freq (   31) =      30.451478 [THz] =    1015.751985 [cm-1]
     freq (   32) =      30.451478 [THz] =    1015.751985 [cm-1]
     freq (   33) =      30.677588 [THz] =    1023.294185 [cm-1]
     freq (   34) =      30.677588 [THz] =    1023.294185 [cm-1]
     freq (   35) =      31.860675 [THz] =    1062.757734 [cm-1]
     freq (   36) =      31.860675 [THz] =    1062.757734 [cm-1]
     freq (   37) =      31.951797 [THz] =    1065.797216 [cm-1]
     freq (   38) =      31.951797 [THz] =    1065.797216 [cm-1]
     freq (   39) =      32.704061 [THz] =    1090.890057 [cm-1]
     freq (   40) =      32.704061 [THz] =    1090.890057 [cm-1]
     freq (   41) =      32.742129 [THz] =    1092.159869 [cm-1]
     freq (   42) =      32.742129 [THz] =    1092.159869 [cm-1]
     freq (   43) =      35.812754 [THz] =    1194.584885 [cm-1]
     freq (   44) =      35.812754 [THz] =    1194.584885 [cm-1]
     freq (   45) =      35.850220 [THz] =    1195.834634 [cm-1]
     freq (   46) =      35.850220 [THz] =    1195.834634 [cm-1]
     freq (   47) =      36.252515 [THz] =    1209.253750 [cm-1]
     freq (   48) =      36.252515 [THz] =    1209.253750 [cm-1]
     freq (   49) =      36.529049 [THz] =    1218.477929 [cm-1]
     freq (   50) =      36.529049 [THz] =    1218.477929 [cm-1]
     freq (   51) =      68.459607 [THz] =    2283.566692 [cm-1]
     freq (   52) =      68.459607 [THz] =    2283.566692 [cm-1]
     freq (   53) =      68.515283 [THz] =    2285.423836 [cm-1]
     freq (   54) =      68.515283 [THz] =    2285.423836 [cm-1]
     freq (   55) =      70.030780 [THz] =    2335.975369 [cm-1]
     freq (   56) =      70.030780 [THz] =    2335.975369 [cm-1]
     freq (   57) =      70.266600 [THz] =    2343.841473 [cm-1]
     freq (   58) =      70.266600 [THz] =    2343.841473 [cm-1]
     freq (   59) =      70.548139 [THz] =    2353.232631 [cm-1]
     freq (   60) =      70.548139 [THz] =    2353.232631 [cm-1]
     freq (   61) =      70.573547 [THz] =    2354.080120 [cm-1]
     freq (   62) =      70.573547 [THz] =    2354.080120 [cm-1]
     freq (   63) =      71.497425 [THz] =    2384.897379 [cm-1]
     freq (   64) =      71.497425 [THz] =    2384.897379 [cm-1]
     freq (   65) =      71.506900 [THz] =    2385.213452 [cm-1]
     freq (   66) =      71.506900 [THz] =    2385.213452 [cm-1]
 **************************************************************************

     Calculation of q =   -0.5000000   0.0000000   0.0000000

     Parallelization info
     --------------------
     sticks:   dense  smooth     PW     G-vecs:    dense   smooth      PW
     Min         495     248     66                25781     9120    1285
     Max         497     249     68                25782     9122    1289
     Sum       11905    5953   1609               618765   218891   30881

     Using Slab Decomposition



     bravais-lattice index     =            8
     lattice parameter (alat)  =      13.7506  a.u.
     unit-cell volume          =    1619.6113 (a.u.)^3
     number of atoms/cell      =           22
     number of atomic types    =            3
     number of electrons       =        48.00
     number of Kohn-Sham states=           24
     kinetic-energy cutoff     =     100.0000  Ry
     charge density cutoff     =     800.0000  Ry
     Exchange-correlation= PBESOL
                           (   1   4  10   8   0   0   0)

     celldm(1)=  13.750592  celldm(2)=   0.988792  celldm(3)=   0.630002
     celldm(4)=   0.000000  celldm(5)=   0.000000  celldm(6)=   0.000000

     crystal axes: (cart. coord. in units of alat)
               a(1) = (   1.000000   0.000000   0.000000 )  
               a(2) = (   0.000000   0.988792   0.000000 )  
               a(3) = (   0.000000   0.000000   0.630002 )  

     reciprocal axes: (cart. coord. in units 2 pi/alat)
               b(1) = (  1.000000  0.000000  0.000000 )  
               b(2) = (  0.000000  1.011335  0.000000 )  
               b(3) = (  0.000000  0.000000  1.587298 )  


     PseudoPot. # 1 for B  read from file:
     /home/mehlhorn/pseudos/b_pbesol_v1.4.uspp.F.UPF
     MD5 check sum: 369b69bef2c3aeed4453bd8b804fd6a8
     Pseudo is Ultrasoft + core correction, Zval =  3.0
     Generated by new atomic code, or converted to UPF format
     Using radial grid of  781 points,  4 beta functions with: 
                l(1) =   0
                l(2) =   0
                l(3) =   1
                l(4) =   1
     Q(r) pseudized with  8 coefficients,  rinner =    1.100   1.100   1.100


     PseudoPot. # 2 for Ba read from file:
     /home/mehlhorn/pseudos/Ba.nc.z_10.oncvpsp4.dojo.v4-sp.upf
     MD5 check sum: c10ed334bb677c0554edec7181ce9143
     Pseudo is Norm-conserving + core correction, Zval = 10.0
     Generated using ONCVPSP code by D. R. Hamann
     Using radial grid of 1938 points,  8 beta functions with: 
                l(1) =   0
                l(2) =   0
                l(3) =   1
                l(4) =   1
                l(5) =   2
                l(6) =   2
                l(7) =   3
                l(8) =   3

     PseudoPot. # 3 for H  read from file:
     /home/mehlhorn/pseudos/H_ONCV_PBEsol-1.0.upf
     MD5 check sum: 398ef8f67c0a7342c05c87c5e19ea467
     Pseudo is Norm-conserving, Zval =  1.0
     Generated using ONCVPSP code by D. R. Hamann
     Using radial grid of 1180 points,  2 beta functions with: 
                l(1) =   0
                l(2) =   0

     atomic species   valence    mass     pseudopotential
     B                 3.00    10.81100     B ( 1.00)
     Ba               10.00   137.32700     Ba( 1.00)
     H                 1.00     1.00794     H ( 1.00)

      4 Sym. Ops. (no inversion) found



   Cartesian axes

     site n.     atom                  positions (alat units)
         1        Ba     tau(   1) = (   0.5000000   0.4943960   0.3150140  )
         2        Ba     tau(   2) = (   0.0000000   0.0000000   0.6299884  )
         3        B      tau(   3) = (   0.6457472   0.2690334   0.0000111  )
         4        B      tau(   4) = (   0.3542528   0.7197587   0.0000111  )
         5        B      tau(   5) = (   0.1457472   0.2253626   0.3149897  )
         6        B      tau(   6) = (   0.8542528   0.7634294   0.3149897  )
         7        H      tau(   7) = (   0.4764411   0.2785492   0.0000131  )
         8        H      tau(   8) = (   0.5235589   0.7102428   0.0000131  )
         9        H      tau(   9) = (   0.9764411   0.2158468   0.3149877  )
        10        H      tau(  10) = (   0.0235589   0.7729453   0.3149877  )
        11        H      tau(  11) = (   0.7125447   0.4253079   0.0000101  )
        12        H      tau(  12) = (   0.2874553   0.5634842   0.0000101  )
        13        H      tau(  13) = (   0.2125447   0.0690881   0.3149907  )
        14        H      tau(  14) = (   0.7874553   0.9197039   0.3149907  )
        15        H      tau(  15) = (   0.6936781   0.1879672   0.4896379  )
        16        H      tau(  16) = (   0.3063219   0.8008249   0.4896379  )
        17        H      tau(  17) = (   0.1936781   0.3064288   0.4553644  )
        18        H      tau(  18) = (   0.8063219   0.6823632   0.4553644  )
        19        H      tau(  19) = (   0.3063087   0.8008213   0.1403829  )
        20        H      tau(  20) = (   0.6936913   0.1879707   0.1403829  )
        21        H      tau(  21) = (   0.8063087   0.6823668   0.1746179  )
        22        H      tau(  22) = (   0.1936913   0.3064253   0.1746179  )

     number of k points=    54
                       cart. coord. in units 2pi/alat
        k(    1) = (   0.0000000   0.0000000   0.0000000), wk =   0.0160000
        k(    2) = (  -0.5000000   0.0000000   0.0000000), wk =   0.0000000
        k(    3) = (   0.0000000   0.0000000   0.3174595), wk =   0.0320000
        k(    4) = (  -0.5000000   0.0000000   0.3174595), wk =   0.0000000
        k(    5) = (   0.0000000   0.0000000   0.6349191), wk =   0.0320000
        k(    6) = (  -0.5000000   0.0000000   0.6349191), wk =   0.0000000
        k(    7) = (   0.0000000   0.2022670   0.0000000), wk =   0.0320000
        k(    8) = (  -0.5000000   0.2022670   0.0000000), wk =   0.0000000
        k(    9) = (   0.0000000   0.2022670   0.3174595), wk =   0.0640000
        k(   10) = (  -0.5000000   0.2022670   0.3174595), wk =   0.0000000
        k(   11) = (   0.0000000   0.2022670   0.6349191), wk =   0.0640000
        k(   12) = (  -0.5000000   0.2022670   0.6349191), wk =   0.0000000
        k(   13) = (   0.0000000   0.4045340   0.0000000), wk =   0.0320000
        k(   14) = (  -0.5000000   0.4045340   0.0000000), wk =   0.0000000
        k(   15) = (   0.0000000   0.4045340   0.3174595), wk =   0.0640000
        k(   16) = (  -0.5000000   0.4045340   0.3174595), wk =   0.0000000
        k(   17) = (   0.0000000   0.4045340   0.6349191), wk =   0.0640000
        k(   18) = (  -0.5000000   0.4045340   0.6349191), wk =   0.0000000
        k(   19) = (   0.2000000   0.0000000   0.0000000), wk =   0.0320000
        k(   20) = (  -0.3000000   0.0000000   0.0000000), wk =   0.0000000
        k(   21) = (   0.2000000   0.0000000   0.3174595), wk =   0.0640000
        k(   22) = (  -0.3000000   0.0000000   0.3174595), wk =   0.0000000
        k(   23) = (   0.2000000   0.0000000   0.6349191), wk =   0.0640000
        k(   24) = (  -0.3000000   0.0000000   0.6349191), wk =   0.0000000
        k(   25) = (   0.2000000   0.2022670   0.0000000), wk =   0.0640000
        k(   26) = (  -0.3000000   0.2022670   0.0000000), wk =   0.0000000
        k(   27) = (   0.2000000   0.2022670   0.3174595), wk =   0.1280000
        k(   28) = (  -0.3000000   0.2022670   0.3174595), wk =   0.0000000
        k(   29) = (   0.2000000   0.2022670   0.6349191), wk =   0.1280000
        k(   30) = (  -0.3000000   0.2022670   0.6349191), wk =   0.0000000
        k(   31) = (   0.2000000   0.4045340   0.0000000), wk =   0.0640000
        k(   32) = (  -0.3000000   0.4045340   0.0000000), wk =   0.0000000
        k(   33) = (   0.2000000   0.4045340   0.3174595), wk =   0.1280000
        k(   34) = (  -0.3000000   0.4045340   0.3174595), wk =   0.0000000
        k(   35) = (   0.2000000   0.4045340   0.6349191), wk =   0.1280000
        k(   36) = (  -0.3000000   0.4045340   0.6349191), wk =   0.0000000
        k(   37) = (   0.4000000   0.0000000   0.0000000), wk =   0.0320000
        k(   38) = (  -0.1000000   0.0000000   0.0000000), wk =   0.0000000
        k(   39) = (   0.4000000   0.0000000   0.3174595), wk =   0.0640000
        k(   40) = (  -0.1000000   0.0000000   0.3174595), wk =   0.0000000
        k(   41) = (   0.4000000   0.0000000   0.6349191), wk =   0.0640000
        k(   42) = (  -0.1000000   0.0000000   0.6349191), wk =   0.0000000
        k(   43) = (   0.4000000   0.2022670   0.0000000), wk =   0.0640000
        k(   44) = (  -0.1000000   0.2022670   0.0000000), wk =   0.0000000
        k(   45) = (   0.4000000   0.2022670   0.3174595), wk =   0.1280000
        k(   46) = (  -0.1000000   0.2022670   0.3174595), wk =   0.0000000
        k(   47) = (   0.4000000   0.2022670   0.6349191), wk =   0.1280000
        k(   48) = (  -0.1000000   0.2022670   0.6349191), wk =   0.0000000
        k(   49) = (   0.4000000   0.4045340   0.0000000), wk =   0.0640000
        k(   50) = (  -0.1000000   0.4045340   0.0000000), wk =   0.0000000
        k(   51) = (   0.4000000   0.4045340   0.3174595), wk =   0.1280000
        k(   52) = (  -0.1000000   0.4045340   0.3174595), wk =   0.0000000
        k(   53) = (   0.4000000   0.4045340   0.6349191), wk =   0.1280000
        k(   54) = (  -0.1000000   0.4045340   0.6349191), wk =   0.0000000

     Dense  grid:   618765 G-vectors     FFT dimensions: ( 128, 128,  80)

     Smooth grid:   218891 G-vectors     FFT dimensions: (  90,  90,  60)

     Estimated max dynamical RAM per process >      55.23 MB

     Estimated total dynamical RAM >       1.29 GB

     The potential is recalculated from file :
     ./_ph0/pwscf.q_5/pwscf.save/charge-density

     Starting wfcs are   42 atomic wfcs

     Band Structure Calculation
     Davidson diagonalization with overlap

     ethr =  2.08E-11,  avg # of iterations = 22.2

     total cpu time spent up to now is      918.1 secs

     End of band structure calculation

          k = 0.0000 0.0000 0.0000 ( 27379 PWs)   bands (ev):

   -24.8179 -24.8132 -10.3041 -10.2770 -10.0753 -10.0524  -9.9798  -9.9367
    -6.6693  -5.8736  -5.3558  -5.3195  -2.4460  -1.4380  -1.3377  -1.1898
    -1.1210  -0.9276  -0.8998  -0.6453  -0.4086  -0.2349  -0.1313  -0.1137

          k =-0.5000 0.0000 0.0000 ( 27344 PWs)   bands (ev):

   -24.8155 -24.8155 -10.2353 -10.2353 -10.1328 -10.1328  -9.9583  -9.9583
    -6.2117  -6.2117  -5.4470  -5.4470  -1.8638  -1.8638  -0.9683  -0.9683
    -0.8561  -0.8561  -0.8173  -0.8173  -0.6050  -0.6050  -0.3961  -0.3961

          k = 0.0000 0.0000 0.3175 ( 27357 PWs)   bands (ev):

   -24.8124 -24.8085 -10.2440 -10.2221 -10.1724 -10.1503 -10.0612 -10.0434
    -6.3225  -5.6503  -5.4811  -5.4525  -2.1448  -1.8179  -1.6574  -1.2142
    -1.0164  -0.9683  -0.7300  -0.5853  -0.4656  -0.3000  -0.2721  -0.2091

          k =-0.5000 0.0000 0.3175 ( 27372 PWs)   bands (ev):

   -24.8104 -24.8104 -10.2063 -10.2063 -10.1757 -10.1757 -10.0711 -10.0711
    -5.9405  -5.9405  -5.5450  -5.5450  -1.8575  -1.8575  -1.4038  -1.4038
    -0.8690  -0.8690  -0.7766  -0.7766  -0.4582  -0.4582  -0.3245  -0.3245

          k = 0.0000 0.0000 0.6349 ( 27368 PWs)   bands (ev):

   -24.8029 -24.8014 -10.4449 -10.4411 -10.1232 -10.1120 -10.0551 -10.0460
    -5.6916  -5.6911  -5.6809  -5.4050  -2.0558  -1.9864  -1.8333  -1.5684
    -1.0188  -0.8873  -0.6744  -0.5268  -0.4500  -0.4125  -0.3399  -0.2963

          k =-0.5000 0.0000 0.6349 ( 27346 PWs)   bands (ev):

   -24.8022 -24.8022 -10.4590 -10.4590 -10.0926 -10.0926 -10.0569 -10.0569
    -5.8432  -5.8432  -5.3775  -5.3775  -2.3018  -2.3018  -1.3997  -1.3997
    -0.7457  -0.7457  -0.6517  -0.6517  -0.4973  -0.4973  -0.3918  -0.3918

          k = 0.0000 0.2023 0.0000 ( 27345 PWs)   bands (ev):

   -24.8175 -24.8136 -10.2900 -10.2626 -10.0950 -10.0705  -9.9757  -9.9408
    -6.5784  -5.8886  -5.4422  -5.3548  -2.2986  -1.5889  -1.4011  -0.9873
    -0.9535  -0.9217  -0.8940  -0.6364  -0.4398  -0.3810  -0.2077  -0.1776

          k =-0.5000 0.2023 0.0000 ( 27352 PWs)   bands (ev):

   -24.8155 -24.8155 -10.2675 -10.2675 -10.0982 -10.0982  -9.9582  -9.9582
    -6.2272  -6.2272  -5.4339  -5.4339  -1.8380  -1.8380  -1.0816  -1.0816
    -0.9007  -0.9007  -0.7618  -0.7618  -0.5555  -0.5555  -0.3455  -0.3455

          k = 0.0000 0.2023 0.3175 ( 27349 PWs)   bands (ev):

   -24.8120 -24.8089 -10.2416 -10.2094 -10.1658 -10.1630 -10.0628 -10.0546
    -6.2525  -5.6467  -5.5625  -5.4731  -2.0496  -1.8389  -1.6727  -1.0946
    -0.9927  -0.9407  -0.8601  -0.5515  -0.4546  -0.3271  -0.2981  -0.2760

          k =-0.5000 0.2023 0.3175 ( 27354 PWs)   bands (ev):

   -24.8104 -24.8104 -10.2242 -10.2242 -10.1670 -10.1670 -10.0614 -10.0614
    -5.9460  -5.9460  -5.5402  -5.5402  -1.8469  -1.8469  -1.4759  -1.4759
    -0.8384  -0.8384  -0.7274  -0.7274  -0.4364  -0.4364  -0.3419  -0.3419

          k = 0.0000 0.2023 0.6349 ( 27350 PWs)   bands (ev):

   -24.8028 -24.8016 -10.4498 -10.4464 -10.1125 -10.1056 -10.0553 -10.0497
    -5.8302  -5.7725  -5.5146  -5.3461  -2.1121  -2.1002  -1.7138  -1.5067
    -0.9529  -0.7906  -0.6881  -0.5258  -0.4814  -0.4659  -0.3567  -0.3431

          k =-0.5000 0.2023 0.6349 ( 27358 PWs)   bands (ev):

   -24.8022 -24.8022 -10.4530 -10.4530 -10.1047 -10.1047 -10.0529 -10.0529
    -5.8135  -5.8135  -5.4075  -5.4075  -2.2683  -2.2683  -1.5139  -1.5139
    -0.7532  -0.7532  -0.6270  -0.6270  -0.4569  -0.4569  -0.3350  -0.3350

          k = 0.0000 0.4045 0.0000 ( 27314 PWs)   bands (ev):

   -24.8163 -24.8148 -10.2547 -10.2368 -10.1292 -10.1121  -9.9649  -9.9516
    -6.3372  -6.0448  -5.5089  -5.4400  -2.0174  -1.7978  -1.2575  -0.9063
    -0.8924  -0.8591  -0.7063  -0.6656  -0.5943  -0.5159  -0.3364  -0.3316

          k =-0.5000 0.4045 0.0000 ( 27392 PWs)   bands (ev):

   -24.8155 -24.8155 -10.3015 -10.3015 -10.0603 -10.0603  -9.9581  -9.9581
    -6.2515  -6.2515  -5.4135  -5.4135  -1.7851  -1.7851  -1.2373  -1.2373
    -0.9536  -0.9536  -0.6745  -0.6745  -0.4948  -0.4948  -0.3009  -0.3009

          k = 0.0000 0.4045 0.3175 ( 27329 PWs)   bands (ev):

   -24.8110 -24.8098 -10.2278 -10.2001 -10.1766 -10.1542 -10.0736 -10.0710
    -6.0630  -5.8134  -5.5787  -5.5239  -1.9242  -1.8799  -1.5292  -1.2018
    -0.9210  -0.8808  -0.8072  -0.6075  -0.4795  -0.4718  -0.3143  -0.3013

          k =-0.5000 0.4045 0.3175 ( 27336 PWs)   bands (ev):

   -24.8104 -24.8104 -10.2436 -10.2436 -10.1607 -10.1607 -10.0474 -10.0474
    -5.9546  -5.9546  -5.5325  -5.5325  -1.8203  -1.8203  -1.5848  -1.5848
    -0.8002  -0.8002  -0.6202  -0.6202  -0.4825  -0.4825  -0.3217  -0.3217

          k = 0.0000 0.4045 0.6349 ( 27366 PWs)   bands (ev):

   -24.8024 -24.8019 -10.4567 -10.4552 -10.0937 -10.0930 -10.0580 -10.0577
    -5.9009  -5.8758  -5.3707  -5.3078  -2.2011  -2.1946  -1.5365  -1.4419
    -0.8256  -0.7009  -0.6524  -0.6427  -0.5245  -0.4955  -0.4157  -0.3812

          k =-0.5000 0.4045 0.6349 ( 27368 PWs)   bands (ev):

   -24.8021 -24.8021 -10.4427 -10.4427 -10.1217 -10.1217 -10.0495 -10.0495
    -5.7530  -5.7530  -5.4686  -5.4686  -2.1878  -2.1878  -1.7097  -1.7097
    -0.7607  -0.7607  -0.5476  -0.5476  -0.4343  -0.4343  -0.2604  -0.2604

          k = 0.2000 0.0000 0.0000 ( 27342 PWs)   bands (ev):

   -24.8175 -24.8136 -10.2876 -10.2642 -10.0929 -10.0736  -9.9757  -9.9408
    -6.5818  -5.9091  -5.3867  -5.3773  -2.3122  -1.4320  -1.3730  -1.2322
    -0.9024  -0.9021  -0.8887  -0.6520  -0.4524  -0.3553  -0.2483  -0.1834

          k =-0.3000 0.0000 0.0000 ( 27378 PWs)   bands (ev):

   -24.8169 -24.8141 -10.2692 -10.2505 -10.1113 -10.0958  -9.9709  -9.9456
    -6.4802  -5.9725  -5.4322  -5.4005  -2.1735  -1.5719  -1.2790  -1.1158
    -0.8786  -0.8767  -0.8124  -0.6527  -0.5013  -0.5001  -0.3650  -0.2439

          k = 0.2000 0.0000 0.3175 ( 27354 PWs)   bands (ev):

   -24.8120 -24.8089 -10.2302 -10.2241 -10.1639 -10.1615 -10.0705 -10.0476
    -6.2512  -5.6680  -5.5148  -5.4954  -2.0576  -1.7813  -1.7014  -1.1164
    -1.0019  -0.9435  -0.8309  -0.5479  -0.5443  -0.3104  -0.2912  -0.2528

          k =-0.3000 0.0000 0.3175 ( 27350 PWs)   bands (ev):

   -24.8116 -24.8093 -10.2224 -10.2144 -10.1778 -10.1566 -10.0771 -10.0536
    -6.1676  -5.7210  -5.5500  -5.5108  -1.9811  -1.7480  -1.7075  -1.0680
    -1.0170  -0.9102  -0.8659  -0.6252  -0.5135  -0.3411  -0.3081  -0.2934

          k = 0.2000 0.0000 0.6349 ( 27349 PWs)   bands (ev):

   -24.8028 -24.8016 -10.4504 -10.4470 -10.1159 -10.1021 -10.0584 -10.0466
    -5.7991  -5.7402  -5.5520  -5.3678  -2.1960  -2.1055  -1.6829  -1.4587
    -0.9133  -0.8271  -0.7027  -0.5586  -0.4392  -0.4374  -0.3809  -0.3239

          k =-0.3000 0.0000 0.6349 ( 27350 PWs)   bands (ev):

   -24.8026 -24.8017 -10.4550 -10.4523 -10.1083 -10.0938 -10.0611 -10.0483
    -5.8317  -5.7852  -5.4830  -5.3509  -2.2671  -2.1922  -1.5793  -1.3906
    -0.8447  -0.7326  -0.7286  -0.5949  -0.5062  -0.4196  -0.3877  -0.3597

          k = 0.2000 0.2023 0.0000 ( 27358 PWs)   bands (ev):

   -24.8171 -24.8140 -10.2982 -10.2391 -10.1260 -10.0593  -9.9723  -9.9441
    -6.5135  -5.9413  -5.4709  -5.3592  -2.1961  -1.5860  -1.3866  -1.0682
    -0.9323  -0.8731  -0.7518  -0.6342  -0.5377  -0.4595  -0.3284  -0.1603

          k =-0.3000 0.2023 0.0000 ( 27362 PWs)   bands (ev):

   -24.8167 -24.8144 -10.2951 -10.2353 -10.1322 -10.0641  -9.9685  -9.9480
    -6.4371  -6.0144  -5.4752  -5.3761  -2.0871  -1.6318  -1.3369  -1.0163
    -0.9292  -0.8716  -0.7151  -0.6354  -0.6202  -0.4842  -0.4142  -0.1964

          k = 0.2000 0.2023 0.3175 ( 27341 PWs)   bands (ev):

   -24.8117 -24.8092 -10.2398 -10.2051 -10.1833 -10.1500 -10.0738 -10.0480
    -6.1950  -5.6911  -5.5772  -5.4846  -1.9893  -1.8115  -1.6991  -1.0625
    -1.0269  -0.9393  -0.8070  -0.5680  -0.5239  -0.3391  -0.3305  -0.2508

          k =-0.3000 0.2023 0.3175 ( 27343 PWs)   bands (ev):

   -24.8114 -24.8095 -10.2377 -10.1974 -10.1957 -10.1477 -10.0753 -10.0487
    -6.1279  -5.7591  -5.5727  -5.4999  -1.9380  -1.7772  -1.7069  -1.1740
    -0.9478  -0.9112  -0.7854  -0.5809  -0.5376  -0.3811  -0.3350  -0.2656

          k = 0.2000 0.2023 0.6349 ( 27363 PWs)   bands (ev):

   -24.8026 -24.8017 -10.4550 -10.4443 -10.1207 -10.0917 -10.0597 -10.0485
    -5.8676  -5.7091  -5.5482  -5.3312  -2.2316  -2.0859  -1.6863  -1.4974
    -0.8191  -0.7770  -0.6919  -0.5400  -0.5244  -0.4419  -0.4121  -0.2861

          k =-0.3000 0.2023 0.6349 ( 27363 PWs)   bands (ev):

   -24.8025 -24.8018 -10.4564 -10.4460 -10.1193 -10.0900 -10.0601 -10.0487
    -5.8681  -5.7214  -5.5231  -5.3369  -2.2731  -2.1509  -1.6237  -1.4920
    -0.7918  -0.7278  -0.6547  -0.5777  -0.5454  -0.4287  -0.4098  -0.2783

          k = 0.2000 0.4045 0.0000 ( 27334 PWs)   bands (ev):

   -24.8161 -24.8149 -10.2857 -10.2495 -10.1179 -10.0765  -9.9636  -9.9528
    -6.3293  -6.0967  -5.4875  -5.4171  -1.9645  -1.7707  -1.2852  -0.9468
    -0.9356  -0.9032  -0.7692  -0.5687  -0.5661  -0.4973  -0.4188  -0.2584

          k =-0.3000 0.4045 0.0000 ( 27335 PWs)   bands (ev):

   -24.8160 -24.8151 -10.2993 -10.2704 -10.0957 -10.0614  -9.9621  -9.9542
    -6.3150  -6.1483  -5.4625  -5.4045  -1.9072  -1.7511  -1.3045  -1.0362
    -0.9505  -0.9217  -0.7764  -0.5466  -0.5420  -0.4868  -0.4183  -0.2467

          k = 0.2000 0.4045 0.3175 ( 27340 PWs)   bands (ev):

   -24.8109 -24.8100 -10.2363 -10.2143 -10.1758 -10.1504 -10.0707 -10.0559
    -6.0435  -5.8452  -5.5688  -5.5200  -1.9003  -1.8614  -1.5708  -1.2977
    -0.9078  -0.8295  -0.7850  -0.6097  -0.4762  -0.3993  -0.3487  -0.3108

          k =-0.3000 0.4045 0.3175 ( 27327 PWs)   bands (ev):

   -24.8108 -24.8101 -10.2423 -10.2265 -10.1720 -10.1515 -10.0623 -10.0488
    -6.0203  -5.8784  -5.5577  -5.5196  -1.8769  -1.8341  -1.6098  -1.3952
    -0.8665  -0.8050  -0.7472  -0.6101  -0.4305  -0.4070  -0.3961  -0.3006

          k = 0.2000 0.4045 0.6349 ( 27347 PWs)   bands (ev):

   -24.8023 -24.8020 -10.4547 -10.4483 -10.1124 -10.0950 -10.0571 -10.0516
    -5.8823  -5.8127  -5.4228  -5.3335  -2.2308  -2.1523  -1.6232  -1.5376
    -0.8039  -0.7263  -0.6170  -0.5389  -0.5175  -0.4542  -0.4126  -0.3256

          k =-0.3000 0.4045 0.6349 ( 27358 PWs)   bands (ev):

   -24.8023 -24.8020 -10.4507 -10.4441 -10.1205 -10.1045 -10.0536 -10.0498
    -5.8467  -5.7641  -5.4662  -5.3705  -2.2296  -2.1458  -1.6879  -1.6068
    -0.7957  -0.7341  -0.5770  -0.5386  -0.4783  -0.4302  -0.3677  -0.2825

          k = 0.4000 0.0000 0.0000 ( 27368 PWs)   bands (ev):

   -24.8163 -24.8148 -10.2490 -10.2374 -10.1284 -10.1187  -9.9649  -9.9516
    -6.3521  -6.0779  -5.4526  -5.4262  -2.0184  -1.7153  -1.1397  -0.9723
    -0.8640  -0.8603  -0.8206  -0.6656  -0.6394  -0.5546  -0.4315  -0.3196

          k =-0.1000 0.0000 0.0000 ( 27371 PWs)   bands (ev):

   -24.8178 -24.8133 -10.2998 -10.2737 -10.0799 -10.0580  -9.9787  -9.9378
    -6.6469  -5.8809  -5.3614  -5.3394  -2.4103  -1.4232  -1.3097  -1.2956
    -1.0202  -0.9208  -0.8969  -0.6475  -0.4200  -0.2649  -0.1509  -0.1446

          k = 0.4000 0.0000 0.3175 ( 27376 PWs)   bands (ev):

   -24.8110 -24.8098 -10.2165 -10.1955 -10.1924 -10.1611 -10.0776 -10.0619
    -6.0607  -5.8204  -5.5555  -5.5286  -1.9149  -1.8018  -1.5756  -1.2227
    -0.9228  -0.8559  -0.8541  -0.7035  -0.4849  -0.4067  -0.3224  -0.3137

          k =-0.1000 0.0000 0.3175 ( 27358 PWs)   bands (ev):

   -24.8123 -24.8086 -10.2404 -10.2231 -10.1690 -10.1539 -10.0638 -10.0443
    -6.3043  -5.6529  -5.4849  -5.4707  -2.1208  -1.8108  -1.6691  -1.1882
    -1.0090  -0.9623  -0.7604  -0.5750  -0.4844  -0.3089  -0.2709  -0.2209

          k = 0.4000 0.0000 0.6349 ( 27353 PWs)   bands (ev):

   -24.8024 -24.8019 -10.4583 -10.4568 -10.0999 -10.0896 -10.0612 -10.0518
    -5.8467  -5.8217  -5.4226  -5.3529  -2.3042  -2.2619  -1.4796  -1.3649
    -0.7877  -0.7448  -0.6371  -0.6149  -0.5821  -0.4167  -0.4012  -0.3884

          k =-0.1000 0.0000 0.6349 ( 27357 PWs)   bands (ev):

   -24.8029 -24.8015 -10.4465 -10.4427 -10.1213 -10.1093 -10.0560 -10.0460
    -5.7512  -5.6989  -5.6234  -5.3925  -2.1081  -2.0238  -1.7803  -1.5332
    -0.9873  -0.8742  -0.6809  -0.5350  -0.4477  -0.4154  -0.3547  -0.3032

          k = 0.4000 0.2023 0.0000 ( 27358 PWs)   bands (ev):

   -24.8161 -24.8149 -10.2844 -10.2482 -10.1195 -10.0780  -9.9636  -9.9528
    -6.3387  -6.1144  -5.4609  -5.4030  -1.9627  -1.7235  -1.2298  -0.9519
    -0.9179  -0.8828  -0.8434  -0.6507  -0.5923  -0.5175  -0.4247  -0.2615

          k =-0.1000 0.2023 0.0000 ( 27334 PWs)   bands (ev):

   -24.8174 -24.8137 -10.2944 -10.2536 -10.1075 -10.0638  -9.9748  -9.9417
    -6.5619  -5.9008  -5.4531  -5.3541  -2.2715  -1.5845  -1.3978  -1.0502
    -0.9273  -0.8850  -0.8626  -0.6368  -0.4447  -0.4243  -0.2520  -0.1580

          k = 0.4000 0.2023 0.3175 ( 27356 PWs)   bands (ev):

   -24.8109 -24.8100 -10.2329 -10.2118 -10.1820 -10.1541 -10.0701 -10.0535
    -6.0423  -5.8481  -5.5590  -5.5195  -1.8916  -1.8023  -1.6167  -1.3207
    -0.8768  -0.8483  -0.7909  -0.6386  -0.4903  -0.4092  -0.3455  -0.3047

          k =-0.1000 0.2023 0.3175 ( 27332 PWs)   bands (ev):

   -24.8119 -24.8090 -10.2410 -10.2089 -10.1721 -10.1572 -10.0676 -10.0511
    -6.2378  -5.6554  -5.5695  -5.4758  -2.0329  -1.8336  -1.6794  -1.0797
    -1.0001  -0.9493  -0.8414  -0.5607  -0.4766  -0.3346  -0.3017  -0.2642

          k = 0.4000 0.2023 0.6349 ( 27357 PWs)   bands (ev):

   -24.8023 -24.8020 -10.4556 -10.4493 -10.1134 -10.0957 -10.0568 -10.0501
    -5.8493  -5.7666  -5.4657  -5.3626  -2.2867  -2.2197  -1.5589  -1.4940
    -0.7766  -0.7327  -0.6268  -0.6044  -0.5132  -0.4357  -0.3771  -0.2953

          k =-0.1000 0.2023 0.6349 ( 27353 PWs)   bands (ev):

   -24.8027 -24.8016 -10.4521 -10.4449 -10.1173 -10.0991 -10.0568 -10.0492
    -5.8493  -5.7434  -5.5293  -5.3394  -2.1710  -2.0661  -1.7144  -1.5036
    -0.9100  -0.7908  -0.6881  -0.5285  -0.4934  -0.4600  -0.3869  -0.3124

          k = 0.4000 0.4045 0.0000 ( 27366 PWs)   bands (ev):

   -24.8158 -24.8153 -10.3049 -10.2893 -10.0746 -10.0556  -9.9602  -9.9560
    -6.2895  -6.2027  -5.4353  -5.4025  -1.8427  -1.7515  -1.2948  -1.1427
    -0.9571  -0.9406  -0.7387  -0.6023  -0.5151  -0.4851  -0.3593  -0.2612

          k =-0.1000 0.4045 0.0000 ( 27329 PWs)   bands (ev):

   -24.8162 -24.8148 -10.2673 -10.2363 -10.1310 -10.0973  -9.9645  -9.9519
    -6.3356  -6.0589  -5.5037  -5.4327  -2.0035  -1.7902  -1.2650  -0.9172
    -0.8929  -0.8870  -0.7274  -0.6319  -0.5877  -0.5100  -0.3778  -0.2911

          k = 0.4000 0.4045 0.3175 ( 27319 PWs)   bands (ev):

   -24.8106 -24.8102 -10.2453 -10.2370 -10.1666 -10.1553 -10.0535 -10.0457
    -5.9901  -5.9163  -5.5447  -5.5237  -1.8489  -1.8108  -1.6265  -1.4982
    -0.8245  -0.7936  -0.6886  -0.5976  -0.4690  -0.4430  -0.3637  -0.3002

          k =-0.1000 0.4045 0.3175 ( 27340 PWs)   bands (ev):

   -24.8110 -24.8099 -10.2304 -10.2041 -10.1770 -10.1523 -10.0749 -10.0647
    -6.0580  -5.8219  -5.5762  -5.5225  -1.9177  -1.8759  -1.5400  -1.2274
    -0.9243  -0.8613  -0.8021  -0.6074  -0.4962  -0.4325  -0.3157  -0.3119

          k = 0.4000 0.4045 0.6349 ( 27364 PWs)   bands (ev):

   -24.8022 -24.8021 -10.4461 -10.4419 -10.1239 -10.1145 -10.0509 -10.0491
    -5.7989  -5.7359  -5.4897  -5.4199  -2.2144  -2.1599  -1.7196  -1.6680
    -0.7792  -0.7451  -0.5622  -0.5380  -0.4457  -0.4313  -0.3036  -0.2543

          k =-0.1000 0.4045 0.6349 ( 27357 PWs)   bands (ev):

   -24.8024 -24.8019 -10.4568 -10.4528 -10.1022 -10.0901 -10.0593 -10.0545
    -5.8994  -5.8559  -5.3856  -5.3134  -2.2191  -2.1728  -1.5607  -1.4728
    -0.8127  -0.7061  -0.6771  -0.5685  -0.5306  -0.4913  -0.4175  -0.3633

     highest occupied level (ev):    -0.1137

     Writing config to output data dir ./_ph0/pwscf.q_5/pwscf.save/ :
     XML data file

                                                                                

     bravais-lattice index     =            8
     lattice parameter (alat)  =      13.7506  a.u.
     unit-cell volume          =    1619.6113 (a.u.)^3
     number of atoms/cell      =           22
     number of atomic types    =            3
     kinetic-energy cut-off    =     100.0000  Ry
     charge density cut-off    =     800.0000  Ry
     convergence threshold     =      1.0E-14
     beta                      =       0.7000
     number of iterations used =            4
     Exchange-correlation= PBESOL
                           (   1   4  10   8   0   0   0)


     celldm(1)=   13.75059  celldm(2)=    0.98879  celldm(3)=    0.63000
     celldm(4)=    0.00000  celldm(5)=    0.00000  celldm(6)=    0.00000

     crystal axes: (cart. coord. in units of alat)
               a(1) = (  1.0000  0.0000  0.0000 )  
               a(2) = (  0.0000  0.9888  0.0000 )  
               a(3) = (  0.0000  0.0000  0.6300 )  

     reciprocal axes: (cart. coord. in units 2 pi/alat)
               b(1) = (  1.0000  0.0000  0.0000 )  
               b(2) = (  0.0000  1.0113  0.0000 )  
               b(3) = (  0.0000  0.0000  1.5873 )  


     Atoms inside the unit cell: 

     Cartesian axes

     site n.  atom      mass           positions (alat units)
        1  Ba    137.3270   tau(    1) = (    0.50000    0.49440    0.31501  )
        2  Ba    137.3270   tau(    2) = (    0.00000    0.00000    0.62999  )
        3  B      10.8110   tau(    3) = (    0.64575    0.26903    0.00001  )
        4  B      10.8110   tau(    4) = (    0.35425    0.71976    0.00001  )
        5  B      10.8110   tau(    5) = (    0.14575    0.22536    0.31499  )
        6  B      10.8110   tau(    6) = (    0.85425    0.76343    0.31499  )
        7  H       1.0079   tau(    7) = (    0.47644    0.27855    0.00001  )
        8  H       1.0079   tau(    8) = (    0.52356    0.71024    0.00001  )
        9  H       1.0079   tau(    9) = (    0.97644    0.21585    0.31499  )
       10  H       1.0079   tau(   10) = (    0.02356    0.77295    0.31499  )
       11  H       1.0079   tau(   11) = (    0.71254    0.42531    0.00001  )
       12  H       1.0079   tau(   12) = (    0.28746    0.56348    0.00001  )
       13  H       1.0079   tau(   13) = (    0.21254    0.06909    0.31499  )
       14  H       1.0079   tau(   14) = (    0.78746    0.91970    0.31499  )
       15  H       1.0079   tau(   15) = (    0.69368    0.18797    0.48964  )
       16  H       1.0079   tau(   16) = (    0.30632    0.80082    0.48964  )
       17  H       1.0079   tau(   17) = (    0.19368    0.30643    0.45536  )
       18  H       1.0079   tau(   18) = (    0.80632    0.68236    0.45536  )
       19  H       1.0079   tau(   19) = (    0.30631    0.80082    0.14038  )
       20  H       1.0079   tau(   20) = (    0.69369    0.18797    0.14038  )
       21  H       1.0079   tau(   21) = (    0.80631    0.68237    0.17462  )
       22  H       1.0079   tau(   22) = (    0.19369    0.30643    0.17462  )

     Computing dynamical matrix for 
                    q = (  -0.5000000   0.0000000   0.0000000 )

      5 Sym.Ops. (with q -> -q+G )


     G cutoff = 3831.5372  (  25782 G-vectors)     FFT grid: (128,128, 80)
     G cutoff = 1915.7686  (   9122 G-vectors)  smooth grid: ( 90, 90, 60)
     number of k points=    54

     PseudoPot. # 1 for B  read from file:
     /home/mehlhorn/pseudos/b_pbesol_v1.4.uspp.F.UPF
     MD5 check sum: 369b69bef2c3aeed4453bd8b804fd6a8
     Pseudo is Ultrasoft + core correction, Zval =  3.0
     Generated by new atomic code, or converted to UPF format
     Using radial grid of  781 points,  4 beta functions with: 
                l(1) =   0
                l(2) =   0
                l(3) =   1
                l(4) =   1
     Q(r) pseudized with  8 coefficients,  rinner =    1.100   1.100   1.100


     PseudoPot. # 2 for Ba read from file:
     /home/mehlhorn/pseudos/Ba.nc.z_10.oncvpsp4.dojo.v4-sp.upf
     MD5 check sum: c10ed334bb677c0554edec7181ce9143
     Pseudo is Norm-conserving + core correction, Zval = 10.0
     Generated using ONCVPSP code by D. R. Hamann
     Using radial grid of 1938 points,  8 beta functions with: 
                l(1) =   0
                l(2) =   0
                l(3) =   1
                l(4) =   1
                l(5) =   2
                l(6) =   2
                l(7) =   3
                l(8) =   3

     PseudoPot. # 3 for H  read from file:
     /home/mehlhorn/pseudos/H_ONCV_PBEsol-1.0.upf
     MD5 check sum: 398ef8f67c0a7342c05c87c5e19ea467
     Pseudo is Norm-conserving, Zval =  1.0
     Generated using ONCVPSP code by D. R. Hamann
     Using radial grid of 1180 points,  2 beta functions with: 
                l(1) =   0
                l(2) =   0


     Atomic displacements:
     There are   33 irreducible representations

     Representation     1      2 modes -  To be done

     Representation     2      2 modes -  To be done

     Representation     3      2 modes -  To be done

     Representation     4      2 modes -  To be done

     Representation     5      2 modes -  To be done

     Representation     6      2 modes -  To be done

     Representation     7      2 modes -  To be done

     Representation     8      2 modes -  To be done

     Representation     9      2 modes -  To be done

     Representation    10      2 modes -  To be done

     Representation    11      2 modes -  To be done

     Representation    12      2 modes -  To be done

     Representation    13      2 modes -  To be done

     Representation    14      2 modes -  To be done

     Representation    15      2 modes -  To be done

     Representation    16      2 modes -  To be done

     Representation    17      2 modes -  To be done

     Representation    18      2 modes -  To be done

     Representation    19      2 modes -  To be done

     Representation    20      2 modes -  To be done

     Representation    21      2 modes -  To be done

     Representation    22      2 modes -  To be done

     Representation    23      2 modes -  To be done

     Representation    24      2 modes -  To be done

     Representation    25      2 modes -  To be done

     Representation    26      2 modes -  To be done

     Representation    27      2 modes -  To be done

     Representation    28      2 modes -  To be done

     Representation    29      2 modes -  To be done

     Representation    30      2 modes -  To be done

     Representation    31      2 modes -  To be done

     Representation    32      2 modes -  To be done

     Representation    33      2 modes -  To be done



     Alpha used in Ewald sum =   2.8000
     PHONON       :   1d19h42m CPU   1d20h 9m WALL



     Representation #   1 modes #   1   2

     Self-consistent Calculation

      iter #   1 total cpu time :159079.4 secs   av.it.:   4.1
      thresh= 1.000E-02 alpha_mix =  0.700 |ddv_scf|^2 =  3.605E-09

      iter #   2 total cpu time :159298.4 secs   av.it.:  16.7
      thresh= 6.004E-06 alpha_mix =  0.700 |ddv_scf|^2 =  3.269E-09

      iter #   3 total cpu time :159493.1 secs   av.it.:  15.0
      thresh= 5.717E-06 alpha_mix =  0.700 |ddv_scf|^2 =  3.840E-11

      iter #   4 total cpu time :159701.1 secs   av.it.:  16.1
      thresh= 6.197E-07 alpha_mix =  0.700 |ddv_scf|^2 =  1.087E-12

      iter #   5 total cpu time :159913.9 secs   av.it.:  17.0
      thresh= 1.043E-07 alpha_mix =  0.700 |ddv_scf|^2 =  1.984E-13

      iter #   6 total cpu time :160124.0 secs   av.it.:  16.8
      thresh= 4.454E-08 alpha_mix =  0.700 |ddv_scf|^2 =  3.431E-15

     End of self-consistent calculation

     Convergence has been achieved 


     Representation #   2 modes #   3   4

     Self-consistent Calculation

      iter #   1 total cpu time :160213.6 secs   av.it.:   3.0
      thresh= 1.000E-02 alpha_mix =  0.700 |ddv_scf|^2 =  2.057E-10

      iter #   2 total cpu time :160426.8 secs   av.it.:  17.0
      thresh= 1.434E-06 alpha_mix =  0.700 |ddv_scf|^2 =  9.919E-11

      iter #   3 total cpu time :160626.8 secs   av.it.:  15.9
      thresh= 9.959E-07 alpha_mix =  0.700 |ddv_scf|^2 =  7.710E-12

      iter #   4 total cpu time :160827.8 secs   av.it.:  15.9
      thresh= 2.777E-07 alpha_mix =  0.700 |ddv_scf|^2 =  1.632E-13

      iter #   5 total cpu time :161044.2 secs   av.it.:  17.0
      thresh= 4.040E-08 alpha_mix =  0.700 |ddv_scf|^2 =  1.003E-14

      iter #   6 total cpu time :161261.1 secs   av.it.:  17.0
      thresh= 1.001E-08 alpha_mix =  0.700 |ddv_scf|^2 =  4.349E-16

     End of self-consistent calculation

     Convergence has been achieved 


     Representation #   3 modes #   5   6

     Self-consistent Calculation

      iter #   1 total cpu time :161353.3 secs   av.it.:   3.2
      thresh= 1.000E-02 alpha_mix =  0.700 |ddv_scf|^2 =  4.105E-10

      iter #   2 total cpu time :161573.8 secs   av.it.:  17.0
      thresh= 2.026E-06 alpha_mix =  0.700 |ddv_scf|^2 =  3.099E-10

      iter #   3 total cpu time :161785.9 secs   av.it.:  16.0
      thresh= 1.760E-06 alpha_mix =  0.700 |ddv_scf|^2 =  5.370E-12

      iter #   4 total cpu time :162003.5 secs   av.it.:  16.4
      thresh= 2.317E-07 alpha_mix =  0.700 |ddv_scf|^2 =  1.107E-12

      iter #   5 total cpu time :162211.9 secs   av.it.:  15.9
      thresh= 1.052E-07 alpha_mix =  0.700 |ddv_scf|^2 =  5.445E-14

      iter #   6 total cpu time :162426.0 secs   av.it.:  16.0
      thresh= 2.333E-08 alpha_mix =  0.700 |ddv_scf|^2 =  3.181E-15

     End of self-consistent calculation

     Convergence has been achieved 


     Representation #   4 modes #   7   8

     Self-consistent Calculation

      iter #   1 total cpu time :162517.0 secs   av.it.:   3.0
      thresh= 1.000E-02 alpha_mix =  0.700 |ddv_scf|^2 =  1.638E-09

      iter #   2 total cpu time :162721.0 secs   av.it.:  16.0
      thresh= 4.048E-06 alpha_mix =  0.700 |ddv_scf|^2 =  2.149E-09

      iter #   3 total cpu time :162912.1 secs   av.it.:  15.0
      thresh= 4.636E-06 alpha_mix =  0.700 |ddv_scf|^2 =  3.733E-12

      iter #   4 total cpu time :163124.4 secs   av.it.:  17.0
      thresh= 1.932E-07 alpha_mix =  0.700 |ddv_scf|^2 =  8.409E-13

      iter #   5 total cpu time :163328.8 secs   av.it.:  16.0
      thresh= 9.170E-08 alpha_mix =  0.700 |ddv_scf|^2 =  1.163E-14

      iter #   6 total cpu time :163539.0 secs   av.it.:  17.0
      thresh= 1.079E-08 alpha_mix =  0.700 |ddv_scf|^2 =  1.238E-15

     End of self-consistent calculation

     Convergence has been achieved 


     Representation #   5 modes #   9  10

     Self-consistent Calculation

      iter #   1 total cpu time :163631.0 secs   av.it.:   3.9
      thresh= 1.000E-02 alpha_mix =  0.700 |ddv_scf|^2 =  8.642E-10

      iter #   2 total cpu time :163841.8 secs   av.it.:  17.0
      thresh= 2.940E-06 alpha_mix =  0.700 |ddv_scf|^2 =  4.454E-10

      iter #   3 total cpu time :164045.0 secs   av.it.:  16.0
      thresh= 2.110E-06 alpha_mix =  0.700 |ddv_scf|^2 =  3.711E-12

      iter #   4 total cpu time :164258.3 secs   av.it.:  16.3
      thresh= 1.926E-07 alpha_mix =  0.700 |ddv_scf|^2 =  9.704E-13

      iter #   5 total cpu time :164458.5 secs   av.it.:  15.4
      thresh= 9.851E-08 alpha_mix =  0.700 |ddv_scf|^2 =  3.630E-14

      iter #   6 total cpu time :164668.3 secs   av.it.:  16.3
      thresh= 1.905E-08 alpha_mix =  0.700 |ddv_scf|^2 =  5.398E-15

     End of self-consistent calculation

     Convergence has been achieved 


     Representation #   6 modes #  11  12

     Self-consistent Calculation

      iter #   1 total cpu time :164759.0 secs   av.it.:   3.1
      thresh= 1.000E-02 alpha_mix =  0.700 |ddv_scf|^2 =  5.672E-10

      iter #   2 total cpu time :164972.0 secs   av.it.:  17.0
      thresh= 2.381E-06 alpha_mix =  0.700 |ddv_scf|^2 =  3.489E-10

      iter #   3 total cpu time :165172.7 secs   av.it.:  15.9
      thresh= 1.868E-06 alpha_mix =  0.700 |ddv_scf|^2 =  1.026E-11

      iter #   4 total cpu time :165376.0 secs   av.it.:  16.0
      thresh= 3.203E-07 alpha_mix =  0.700 |ddv_scf|^2 =  4.610E-13

      iter #   5 total cpu time :165589.4 secs   av.it.:  16.9
      thresh= 6.790E-08 alpha_mix =  0.700 |ddv_scf|^2 =  4.345E-14

      iter #   6 total cpu time :165799.6 secs   av.it.:  16.0
      thresh= 2.085E-08 alpha_mix =  0.700 |ddv_scf|^2 =  5.916E-15

     End of self-consistent calculation

     Convergence has been achieved 


     Representation #   7 modes #  13  14

     Self-consistent Calculation

      iter #   1 total cpu time :165892.1 secs   av.it.:   3.2
      thresh= 1.000E-02 alpha_mix =  0.700 |ddv_scf|^2 =  7.714E-10

      iter #   2 total cpu time :166112.8 secs   av.it.:  17.0
      thresh= 2.777E-06 alpha_mix =  0.700 |ddv_scf|^2 =  3.613E-10

      iter #   3 total cpu time :166312.1 secs   av.it.:  16.0
      thresh= 1.901E-06 alpha_mix =  0.700 |ddv_scf|^2 =  1.634E-12

      iter #   4 total cpu time :166530.1 secs   av.it.:  16.9
      thresh= 1.278E-07 alpha_mix =  0.700 |ddv_scf|^2 =  6.140E-13

      iter #   5 total cpu time :166730.4 secs   av.it.:  16.0
      thresh= 7.836E-08 alpha_mix =  0.700 |ddv_scf|^2 =  1.813E-14

      iter #   6 total cpu time :166941.4 secs   av.it.:  17.0
      thresh= 1.346E-08 alpha_mix =  0.700 |ddv_scf|^2 =  4.916E-15

     End of self-consistent calculation

     Convergence has been achieved 


     Representation #   8 modes #  15  16

     Self-consistent Calculation

      iter #   1 total cpu time :167033.9 secs   av.it.:   3.4
      thresh= 1.000E-02 alpha_mix =  0.700 |ddv_scf|^2 =  1.333E-09

      iter #   2 total cpu time :167244.6 secs   av.it.:  16.9
      thresh= 3.651E-06 alpha_mix =  0.700 |ddv_scf|^2 =  7.718E-10

      iter #   3 total cpu time :167445.0 secs   av.it.:  16.0
      thresh= 2.778E-06 alpha_mix =  0.700 |ddv_scf|^2 =  5.237E-12

      iter #   4 total cpu time :167648.9 secs   av.it.:  16.0
      thresh= 2.288E-07 alpha_mix =  0.700 |ddv_scf|^2 =  1.073E-12

      iter #   5 total cpu time :167849.8 secs   av.it.:  16.0
      thresh= 1.036E-07 alpha_mix =  0.700 |ddv_scf|^2 =  3.561E-14

      iter #   6 total cpu time :168060.9 secs   av.it.:  16.9
      thresh= 1.887E-08 alpha_mix =  0.700 |ddv_scf|^2 =  4.245E-15

     End of self-consistent calculation

     Convergence has been achieved 


     Representation #   9 modes #  17  18

     Self-consistent Calculation

      iter #   1 total cpu time :168168.9 secs   av.it.:   5.0
      thresh= 1.000E-02 alpha_mix =  0.700 |ddv_scf|^2 =  3.659E-08

      iter #   2 total cpu time :168379.0 secs   av.it.:  16.0
      thresh= 1.913E-05 alpha_mix =  0.700 |ddv_scf|^2 =  5.170E-08

      iter #   3 total cpu time :168575.7 secs   av.it.:  14.9
      thresh= 2.274E-05 alpha_mix =  0.700 |ddv_scf|^2 =  4.878E-11

      iter #   4 total cpu time :168788.8 secs   av.it.:  16.7
      thresh= 6.984E-07 alpha_mix =  0.700 |ddv_scf|^2 =  4.959E-12

      iter #   5 total cpu time :168996.4 secs   av.it.:  16.0
      thresh= 2.227E-07 alpha_mix =  0.700 |ddv_scf|^2 =  1.910E-13

      iter #   6 total cpu time :169216.0 secs   av.it.:  17.0
      thresh= 4.370E-08 alpha_mix =  0.700 |ddv_scf|^2 =  3.615E-14

      iter #   7 total cpu time :169430.2 secs   av.it.:  16.0
      thresh= 1.901E-08 alpha_mix =  0.700 |ddv_scf|^2 =  8.515E-16

     End of self-consistent calculation

     Convergence has been achieved 


     Representation #  10 modes #  19  20

     Self-consistent Calculation

      iter #   1 total cpu time :169556.5 secs   av.it.:   6.6
      thresh= 1.000E-02 alpha_mix =  0.700 |ddv_scf|^2 =  2.758E-08

      iter #   2 total cpu time :169766.5 secs   av.it.:  16.6
      thresh= 1.661E-05 alpha_mix =  0.700 |ddv_scf|^2 =  2.714E-08

      iter #   3 total cpu time :169966.4 secs   av.it.:  15.0
      thresh= 1.647E-05 alpha_mix =  0.700 |ddv_scf|^2 =  3.090E-10

      iter #   4 total cpu time :170181.2 secs   av.it.:  16.0
      thresh= 1.758E-06 alpha_mix =  0.700 |ddv_scf|^2 =  3.730E-12

      iter #   5 total cpu time :170404.4 secs   av.it.:  17.0
      thresh= 1.931E-07 alpha_mix =  0.700 |ddv_scf|^2 =  4.284E-13

      iter #   6 total cpu time :170625.0 secs   av.it.:  16.9
      thresh= 6.545E-08 alpha_mix =  0.700 |ddv_scf|^2 =  1.816E-14

      iter #   7 total cpu time :170844.7 secs   av.it.:  16.9
      thresh= 1.347E-08 alpha_mix =  0.700 |ddv_scf|^2 =  1.389E-15

     End of self-consistent calculation

     Convergence has been achieved 


     Representation #  11 modes #  21  22

     Self-consistent Calculation

      iter #   1 total cpu time :170937.6 secs   av.it.:   3.0
      thresh= 1.000E-02 alpha_mix =  0.700 |ddv_scf|^2 =  1.898E-09

      iter #   2 total cpu time :171152.9 secs   av.it.:  16.0
      thresh= 4.356E-06 alpha_mix =  0.700 |ddv_scf|^2 =  1.881E-09

      iter #   3 total cpu time :171354.2 secs   av.it.:  15.0
      thresh= 4.338E-06 alpha_mix =  0.700 |ddv_scf|^2 =  7.319E-12

      iter #   4 total cpu time :171574.0 secs   av.it.:  16.9
      thresh= 2.705E-07 alpha_mix =  0.700 |ddv_scf|^2 =  9.875E-13

      iter #   5 total cpu time :171787.7 secs   av.it.:  16.0
      thresh= 9.938E-08 alpha_mix =  0.700 |ddv_scf|^2 =  1.995E-14

      iter #   6 total cpu time :172009.3 secs   av.it.:  17.0
      thresh= 1.412E-08 alpha_mix =  0.700 |ddv_scf|^2 =  1.405E-15

     End of self-consistent calculation

     Convergence has been achieved 


     Representation #  12 modes #  23  24

     Self-consistent Calculation

      iter #   1 total cpu time :172098.8 secs   av.it.:   3.0
      thresh= 1.000E-02 alpha_mix =  0.700 |ddv_scf|^2 =  1.008E-09

      iter #   2 total cpu time :172304.6 secs   av.it.:  16.0
      thresh= 3.175E-06 alpha_mix =  0.700 |ddv_scf|^2 =  1.238E-09

      iter #   3 total cpu time :172496.3 secs   av.it.:  15.0
      thresh= 3.519E-06 alpha_mix =  0.700 |ddv_scf|^2 =  3.464E-12

      iter #   4 total cpu time :172707.3 secs   av.it.:  16.9
      thresh= 1.861E-07 alpha_mix =  0.700 |ddv_scf|^2 =  3.464E-13

      iter #   5 total cpu time :172918.5 secs   av.it.:  16.5
      thresh= 5.885E-08 alpha_mix =  0.700 |ddv_scf|^2 =  2.362E-14

      iter #   6 total cpu time :173131.0 secs   av.it.:  16.8
      thresh= 1.537E-08 alpha_mix =  0.700 |ddv_scf|^2 =  1.231E-15

     End of self-consistent calculation

     Convergence has been achieved 


     Representation #  13 modes #  25  26

     Self-consistent Calculation

      iter #   1 total cpu time :173220.8 secs   av.it.:   3.0
      thresh= 1.000E-02 alpha_mix =  0.700 |ddv_scf|^2 =  7.109E-10

      iter #   2 total cpu time :173431.5 secs   av.it.:  16.8
      thresh= 2.666E-06 alpha_mix =  0.700 |ddv_scf|^2 =  5.211E-10

      iter #   3 total cpu time :173629.2 secs   av.it.:  15.1
      thresh= 2.283E-06 alpha_mix =  0.700 |ddv_scf|^2 =  4.943E-12

      iter #   4 total cpu time :173837.3 secs   av.it.:  16.2
      thresh= 2.223E-07 alpha_mix =  0.700 |ddv_scf|^2 =  9.401E-13

      iter #   5 total cpu time :174038.3 secs   av.it.:  16.0
      thresh= 9.696E-08 alpha_mix =  0.700 |ddv_scf|^2 =  2.942E-14

      iter #   6 total cpu time :174245.7 secs   av.it.:  16.2
      thresh= 1.715E-08 alpha_mix =  0.700 |ddv_scf|^2 =  2.007E-15

     End of self-consistent calculation

     Convergence has been achieved 


     Representation #  14 modes #  27  28

     Self-consistent Calculation

      iter #   1 total cpu time :174337.4 secs   av.it.:   3.2
      thresh= 1.000E-02 alpha_mix =  0.700 |ddv_scf|^2 =  9.129E-10

      iter #   2 total cpu time :174546.1 secs   av.it.:  16.9
      thresh= 3.021E-06 alpha_mix =  0.700 |ddv_scf|^2 =  6.084E-10

      iter #   3 total cpu time :174741.1 secs   av.it.:  15.5
      thresh= 2.466E-06 alpha_mix =  0.700 |ddv_scf|^2 =  7.383E-12

      iter #   4 total cpu time :174944.3 secs   av.it.:  16.0
      thresh= 2.717E-07 alpha_mix =  0.700 |ddv_scf|^2 =  9.444E-13

      iter #   5 total cpu time :175150.4 secs   av.it.:  16.0
      thresh= 9.718E-08 alpha_mix =  0.700 |ddv_scf|^2 =  1.557E-14

      iter #   6 total cpu time :175359.8 secs   av.it.:  17.0
      thresh= 1.248E-08 alpha_mix =  0.700 |ddv_scf|^2 =  2.612E-15

     End of self-consistent calculation

     Convergence has been achieved 


     Representation #  15 modes #  29  30

     Self-consistent Calculation

      iter #   1 total cpu time :175486.1 secs   av.it.:   6.7
      thresh= 1.000E-02 alpha_mix =  0.700 |ddv_scf|^2 =  9.918E-08

      iter #   2 total cpu time :175688.3 secs   av.it.:  16.0
      thresh= 3.149E-05 alpha_mix =  0.700 |ddv_scf|^2 =  1.273E-07

      iter #   3 total cpu time :175885.3 secs   av.it.:  15.0
      thresh= 3.568E-05 alpha_mix =  0.700 |ddv_scf|^2 =  4.289E-10

      iter #   4 total cpu time :176088.6 secs   av.it.:  16.0
      thresh= 2.071E-06 alpha_mix =  0.700 |ddv_scf|^2 =  9.489E-12

      iter #   5 total cpu time :176295.7 secs   av.it.:  16.8
      thresh= 3.080E-07 alpha_mix =  0.700 |ddv_scf|^2 =  6.213E-13

      iter #   6 total cpu time :176507.1 secs   av.it.:  17.0
      thresh= 7.882E-08 alpha_mix =  0.700 |ddv_scf|^2 =  4.042E-14

      iter #   7 total cpu time :176716.6 secs   av.it.:  16.9
      thresh= 2.010E-08 alpha_mix =  0.700 |ddv_scf|^2 =  8.947E-15

     End of self-consistent calculation

     Convergence has been achieved 


     Representation #  16 modes #  31  32

     Self-consistent Calculation

      iter #   1 total cpu time :176805.1 secs   av.it.:   3.0
      thresh= 1.000E-02 alpha_mix =  0.700 |ddv_scf|^2 =  4.802E-10

      iter #   2 total cpu time :177018.1 secs   av.it.:  17.0
      thresh= 2.191E-06 alpha_mix =  0.700 |ddv_scf|^2 =  2.645E-10

      iter #   3 total cpu time :177216.7 secs   av.it.:  16.0
      thresh= 1.626E-06 alpha_mix =  0.700 |ddv_scf|^2 =  1.775E-11

      iter #   4 total cpu time :177407.6 secs   av.it.:  15.0
      thresh= 4.213E-07 alpha_mix =  0.700 |ddv_scf|^2 =  4.297E-13

      iter #   5 total cpu time :177613.9 secs   av.it.:  16.8
      thresh= 6.555E-08 alpha_mix =  0.700 |ddv_scf|^2 =  2.144E-14

      iter #   6 total cpu time :177822.5 secs   av.it.:  17.0
      thresh= 1.464E-08 alpha_mix =  0.700 |ddv_scf|^2 =  1.619E-15

     End of self-consistent calculation

     Convergence has been achieved 


     Representation #  17 modes #  33  34

     Self-consistent Calculation

      iter #   1 total cpu time :177911.7 secs   av.it.:   3.0
      thresh= 1.000E-02 alpha_mix =  0.700 |ddv_scf|^2 =  4.483E-09

      iter #   2 total cpu time :178109.0 secs   av.it.:  16.0
      thresh= 6.696E-06 alpha_mix =  0.700 |ddv_scf|^2 =  5.847E-09

      iter #   3 total cpu time :178295.3 secs   av.it.:  15.0
      thresh= 7.646E-06 alpha_mix =  0.700 |ddv_scf|^2 =  1.593E-12

      iter #   4 total cpu time :178509.7 secs   av.it.:  17.0
      thresh= 1.262E-07 alpha_mix =  0.700 |ddv_scf|^2 =  4.806E-13

      iter #   5 total cpu time :178717.4 secs   av.it.:  16.6
      thresh= 6.933E-08 alpha_mix =  0.700 |ddv_scf|^2 =  3.701E-14

      iter #   6 total cpu time :178922.6 secs   av.it.:  16.0
      thresh= 1.924E-08 alpha_mix =  0.700 |ddv_scf|^2 =  3.127E-15

     End of self-consistent calculation

     Convergence has been achieved 


     Representation #  18 modes #  35  36

     Self-consistent Calculation

      iter #   1 total cpu time :179029.1 secs   av.it.:   5.0
      thresh= 1.000E-02 alpha_mix =  0.700 |ddv_scf|^2 =  7.106E-09

      iter #   2 total cpu time :179240.7 secs   av.it.:  16.9
      thresh= 8.430E-06 alpha_mix =  0.700 |ddv_scf|^2 =  3.578E-09

      iter #   3 total cpu time :179443.2 secs   av.it.:  16.0
      thresh= 5.982E-06 alpha_mix =  0.700 |ddv_scf|^2 =  4.172E-12

      iter #   4 total cpu time :179659.2 secs   av.it.:  17.0
      thresh= 2.042E-07 alpha_mix =  0.700 |ddv_scf|^2 =  6.491E-13

      iter #   5 total cpu time :179871.5 secs   av.it.:  17.0
      thresh= 8.057E-08 alpha_mix =  0.700 |ddv_scf|^2 =  3.156E-13

      iter #   6 total cpu time :180071.4 secs   av.it.:  15.9
      thresh= 5.618E-08 alpha_mix =  0.700 |ddv_scf|^2 =  9.845E-15

     End of self-consistent calculation

     Convergence has been achieved 


     Representation #  19 modes #  37  38

     Self-consistent Calculation

      iter #   1 total cpu time :180165.2 secs   av.it.:   3.9
      thresh= 1.000E-02 alpha_mix =  0.700 |ddv_scf|^2 =  1.526E-09

      iter #   2 total cpu time :180376.5 secs   av.it.:  16.8
      thresh= 3.906E-06 alpha_mix =  0.700 |ddv_scf|^2 =  1.056E-09

      iter #   3 total cpu time :180576.8 secs   av.it.:  16.0
      thresh= 3.250E-06 alpha_mix =  0.700 |ddv_scf|^2 =  1.844E-11

      iter #   4 total cpu time :180772.2 secs   av.it.:  15.7
      thresh= 4.294E-07 alpha_mix =  0.700 |ddv_scf|^2 =  7.926E-13

      iter #   5 total cpu time :180982.7 secs   av.it.:  16.6
      thresh= 8.903E-08 alpha_mix =  0.700 |ddv_scf|^2 =  8.013E-14

      iter #   6 total cpu time :181189.7 secs   av.it.:  16.0
      thresh= 2.831E-08 alpha_mix =  0.700 |ddv_scf|^2 =  2.287E-14

      iter #   7 total cpu time :181389.2 secs   av.it.:  15.5
      thresh= 1.512E-08 alpha_mix =  0.700 |ddv_scf|^2 =  2.026E-16

     End of self-consistent calculation

     Convergence has been achieved 


     Representation #  20 modes #  39  40

     Self-consistent Calculation

      iter #   1 total cpu time :181494.5 secs   av.it.:   5.0
      thresh= 1.000E-02 alpha_mix =  0.700 |ddv_scf|^2 =  5.057E-09

      iter #   2 total cpu time :181706.3 secs   av.it.:  16.9
      thresh= 7.112E-06 alpha_mix =  0.700 |ddv_scf|^2 =  4.430E-09

      iter #   3 total cpu time :181903.8 secs   av.it.:  15.0
      thresh= 6.656E-06 alpha_mix =  0.700 |ddv_scf|^2 =  1.013E-10

      iter #   4 total cpu time :182107.2 secs   av.it.:  16.0
      thresh= 1.007E-06 alpha_mix =  0.700 |ddv_scf|^2 =  1.934E-12

      iter #   5 total cpu time :182319.8 secs   av.it.:  16.9
      thresh= 1.391E-07 alpha_mix =  0.700 |ddv_scf|^2 =  2.481E-13

      iter #   6 total cpu time :182534.1 secs   av.it.:  17.0
      thresh= 4.981E-08 alpha_mix =  0.700 |ddv_scf|^2 =  1.551E-14

      iter #   7 total cpu time :182749.7 secs   av.it.:  17.0
      thresh= 1.246E-08 alpha_mix =  0.700 |ddv_scf|^2 =  1.239E-15

     End of self-consistent calculation

     Convergence has been achieved 


     Representation #  21 modes #  41  42

     Self-consistent Calculation

      iter #   1 total cpu time :182838.7 secs   av.it.:   3.0
      thresh= 1.000E-02 alpha_mix =  0.700 |ddv_scf|^2 =  1.172E-09

      iter #   2 total cpu time :183044.8 secs   av.it.:  16.0
      thresh= 3.423E-06 alpha_mix =  0.700 |ddv_scf|^2 =  8.755E-10

      iter #   3 total cpu time :183236.4 secs   av.it.:  15.0
      thresh= 2.959E-06 alpha_mix =  0.700 |ddv_scf|^2 =  1.234E-11

      iter #   4 total cpu time :183434.9 secs   av.it.:  16.0
      thresh= 3.513E-07 alpha_mix =  0.700 |ddv_scf|^2 =  6.353E-13

      iter #   5 total cpu time :183640.6 secs   av.it.:  16.0
      thresh= 7.971E-08 alpha_mix =  0.700 |ddv_scf|^2 =  2.784E-14

      iter #   6 total cpu time :183846.9 secs   av.it.:  16.1
      thresh= 1.668E-08 alpha_mix =  0.700 |ddv_scf|^2 =  5.025E-15

     End of self-consistent calculation

     Convergence has been achieved 


     Representation #  22 modes #  43  44

     Self-consistent Calculation

      iter #   1 total cpu time :183939.3 secs   av.it.:   3.4
      thresh= 1.000E-02 alpha_mix =  0.700 |ddv_scf|^2 =  2.605E-09

      iter #   2 total cpu time :184144.7 secs   av.it.:  16.0
      thresh= 5.104E-06 alpha_mix =  0.700 |ddv_scf|^2 =  3.086E-09

      iter #   3 total cpu time :184335.7 secs   av.it.:  15.0
      thresh= 5.555E-06 alpha_mix =  0.700 |ddv_scf|^2 =  7.847E-12

      iter #   4 total cpu time :184546.8 secs   av.it.:  16.9
      thresh= 2.801E-07 alpha_mix =  0.700 |ddv_scf|^2 =  5.595E-13

      iter #   5 total cpu time :184754.5 secs   av.it.:  16.7
      thresh= 7.480E-08 alpha_mix =  0.700 |ddv_scf|^2 =  2.996E-14

      iter #   6 total cpu time :184962.0 secs   av.it.:  16.9
      thresh= 1.731E-08 alpha_mix =  0.700 |ddv_scf|^2 =  4.414E-15

     End of self-consistent calculation

     Convergence has been achieved 


     Representation #  23 modes #  45  46

     Self-consistent Calculation

      iter #   1 total cpu time :185050.3 secs   av.it.:   3.0
      thresh= 1.000E-02 alpha_mix =  0.700 |ddv_scf|^2 =  2.819E-10

      iter #   2 total cpu time :185270.0 secs   av.it.:  17.0
      thresh= 1.679E-06 alpha_mix =  0.700 |ddv_scf|^2 =  1.017E-10

      iter #   3 total cpu time :185483.4 secs   av.it.:  16.0
      thresh= 1.009E-06 alpha_mix =  0.700 |ddv_scf|^2 =  6.808E-12

      iter #   4 total cpu time :185690.4 secs   av.it.:  15.6
      thresh= 2.609E-07 alpha_mix =  0.700 |ddv_scf|^2 =  4.110E-13

      iter #   5 total cpu time :185909.1 secs   av.it.:  16.7
      thresh= 6.411E-08 alpha_mix =  0.700 |ddv_scf|^2 =  1.942E-14

      iter #   6 total cpu time :186129.1 secs   av.it.:  16.8
      thresh= 1.394E-08 alpha_mix =  0.700 |ddv_scf|^2 =  1.425E-15

     End of self-consistent calculation

     Convergence has been achieved 


     Representation #  24 modes #  47  48

     Self-consistent Calculation

      iter #   1 total cpu time :186220.0 secs   av.it.:   3.0
      thresh= 1.000E-02 alpha_mix =  0.700 |ddv_scf|^2 =  1.647E-09

      iter #   2 total cpu time :186423.8 secs   av.it.:  16.0
      thresh= 4.058E-06 alpha_mix =  0.700 |ddv_scf|^2 =  1.646E-09

      iter #   3 total cpu time :186617.8 secs   av.it.:  15.0
      thresh= 4.057E-06 alpha_mix =  0.700 |ddv_scf|^2 =  6.559E-12

      iter #   4 total cpu time :186829.3 secs   av.it.:  16.8
      thresh= 2.561E-07 alpha_mix =  0.700 |ddv_scf|^2 =  4.660E-13

      iter #   5 total cpu time :187041.0 secs   av.it.:  16.9
      thresh= 6.826E-08 alpha_mix =  0.700 |ddv_scf|^2 =  1.834E-14

      iter #   6 total cpu time :187251.9 secs   av.it.:  16.5
      thresh= 1.354E-08 alpha_mix =  0.700 |ddv_scf|^2 =  1.455E-15

     End of self-consistent calculation

     Convergence has been achieved 


     Representation #  25 modes #  49  50

     Self-consistent Calculation

      iter #   1 total cpu time :187355.7 secs   av.it.:   4.1
      thresh= 1.000E-02 alpha_mix =  0.700 |ddv_scf|^2 =  3.357E-09

      iter #   2 total cpu time :187568.7 secs   av.it.:  17.0
      thresh= 5.794E-06 alpha_mix =  0.700 |ddv_scf|^2 =  2.532E-09

      iter #   3 total cpu time :187765.1 secs   av.it.:  15.0
      thresh= 5.031E-06 alpha_mix =  0.700 |ddv_scf|^2 =  7.235E-11

      iter #   4 total cpu time :187967.3 secs   av.it.:  16.0
      thresh= 8.506E-07 alpha_mix =  0.700 |ddv_scf|^2 =  1.268E-12

      iter #   5 total cpu time :188178.7 secs   av.it.:  16.8
      thresh= 1.126E-07 alpha_mix =  0.700 |ddv_scf|^2 =  1.889E-13

      iter #   6 total cpu time :188389.0 secs   av.it.:  17.0
      thresh= 4.346E-08 alpha_mix =  0.700 |ddv_scf|^2 =  9.402E-15

     End of self-consistent calculation

     Convergence has been achieved 


     Representation #  26 modes #  51  52

     Self-consistent Calculation

      iter #   1 total cpu time :188486.8 secs   av.it.:   4.0
      thresh= 1.000E-02 alpha_mix =  0.700 |ddv_scf|^2 =  4.466E-09

      iter #   2 total cpu time :188701.5 secs   av.it.:  16.0
      thresh= 6.682E-06 alpha_mix =  0.700 |ddv_scf|^2 =  5.184E-09

      iter #   3 total cpu time :188903.2 secs   av.it.:  15.0
      thresh= 7.200E-06 alpha_mix =  0.700 |ddv_scf|^2 =  1.413E-11

      iter #   4 total cpu time :189120.3 secs   av.it.:  16.0
      thresh= 3.759E-07 alpha_mix =  0.700 |ddv_scf|^2 =  6.152E-13

      iter #   5 total cpu time :189341.0 secs   av.it.:  16.9
      thresh= 7.843E-08 alpha_mix =  0.700 |ddv_scf|^2 =  1.077E-13

      iter #   6 total cpu time :189546.9 secs   av.it.:  15.9
      thresh= 3.281E-08 alpha_mix =  0.700 |ddv_scf|^2 =  1.269E-14

      iter #   7 total cpu time :189755.9 secs   av.it.:  16.0
      thresh= 1.126E-08 alpha_mix =  0.700 |ddv_scf|^2 =  1.598E-16

     End of self-consistent calculation

     Convergence has been achieved 


     Representation #  27 modes #  53  54

     Self-consistent Calculation

      iter #   1 total cpu time :189885.2 secs   av.it.:   6.5
      thresh= 1.000E-02 alpha_mix =  0.700 |ddv_scf|^2 =  1.504E-07

      iter #   2 total cpu time :190089.2 secs   av.it.:  16.0
      thresh= 3.878E-05 alpha_mix =  0.700 |ddv_scf|^2 =  1.897E-07

      iter #   3 total cpu time :190282.1 secs   av.it.:  15.0
      thresh= 4.356E-05 alpha_mix =  0.700 |ddv_scf|^2 =  2.825E-10

      iter #   4 total cpu time :190489.8 secs   av.it.:  16.3
      thresh= 1.681E-06 alpha_mix =  0.700 |ddv_scf|^2 =  1.153E-11

      iter #   5 total cpu time :190698.2 secs   av.it.:  16.9
      thresh= 3.395E-07 alpha_mix =  0.700 |ddv_scf|^2 =  7.702E-13

      iter #   6 total cpu time :190912.4 secs   av.it.:  17.0
      thresh= 8.776E-08 alpha_mix =  0.700 |ddv_scf|^2 =  9.343E-14

      iter #   7 total cpu time :191116.2 secs   av.it.:  16.0
      thresh= 3.057E-08 alpha_mix =  0.700 |ddv_scf|^2 =  8.267E-15

     End of self-consistent calculation

     Convergence has been achieved 


     Representation #  28 modes #  55  56

     Self-consistent Calculation

      iter #   1 total cpu time :191204.9 secs   av.it.:   3.0
      thresh= 1.000E-02 alpha_mix =  0.700 |ddv_scf|^2 =  2.724E-09

      iter #   2 total cpu time :191406.8 secs   av.it.:  16.0
      thresh= 5.219E-06 alpha_mix =  0.700 |ddv_scf|^2 =  2.887E-09

      iter #   3 total cpu time :191594.2 secs   av.it.:  15.0
      thresh= 5.373E-06 alpha_mix =  0.700 |ddv_scf|^2 =  7.768E-12

      iter #   4 total cpu time :191800.5 secs   av.it.:  16.9
      thresh= 2.787E-07 alpha_mix =  0.700 |ddv_scf|^2 =  5.097E-13

      iter #   5 total cpu time :192011.3 secs   av.it.:  16.9
      thresh= 7.139E-08 alpha_mix =  0.700 |ddv_scf|^2 =  4.144E-14

      iter #   6 total cpu time :192213.1 secs   av.it.:  16.0
      thresh= 2.036E-08 alpha_mix =  0.700 |ddv_scf|^2 =  4.326E-15

     End of self-consistent calculation

     Convergence has been achieved 


     Representation #  29 modes #  57  58

     Self-consistent Calculation

      iter #   1 total cpu time :192303.6 secs   av.it.:   3.1
      thresh= 1.000E-02 alpha_mix =  0.700 |ddv_scf|^2 =  8.710E-10

      iter #   2 total cpu time :192510.7 secs   av.it.:  16.3
      thresh= 2.951E-06 alpha_mix =  0.700 |ddv_scf|^2 =  6.932E-10

      iter #   3 total cpu time :192707.4 secs   av.it.:  15.0
      thresh= 2.633E-06 alpha_mix =  0.700 |ddv_scf|^2 =  6.201E-12

      iter #   4 total cpu time :192917.3 secs   av.it.:  16.1
      thresh= 2.490E-07 alpha_mix =  0.700 |ddv_scf|^2 =  7.967E-13

      iter #   5 total cpu time :193126.1 secs   av.it.:  16.1
      thresh= 8.926E-08 alpha_mix =  0.700 |ddv_scf|^2 =  1.490E-14

      iter #   6 total cpu time :193338.5 secs   av.it.:  16.9
      thresh= 1.221E-08 alpha_mix =  0.700 |ddv_scf|^2 =  1.053E-15

     End of self-consistent calculation

     Convergence has been achieved 


     Representation #  30 modes #  59  60

     Self-consistent Calculation

      iter #   1 total cpu time :193444.7 secs   av.it.:   5.0
      thresh= 1.000E-02 alpha_mix =  0.700 |ddv_scf|^2 =  1.382E-08

      iter #   2 total cpu time :193650.5 secs   av.it.:  16.0
      thresh= 1.176E-05 alpha_mix =  0.700 |ddv_scf|^2 =  1.665E-08

      iter #   3 total cpu time :193841.5 secs   av.it.:  14.9
      thresh= 1.290E-05 alpha_mix =  0.700 |ddv_scf|^2 =  3.725E-11

      iter #   4 total cpu time :194055.5 secs   av.it.:  17.0
      thresh= 6.103E-07 alpha_mix =  0.700 |ddv_scf|^2 =  6.309E-12

      iter #   5 total cpu time :194260.6 secs   av.it.:  16.0
      thresh= 2.512E-07 alpha_mix =  0.700 |ddv_scf|^2 =  1.847E-13

      iter #   6 total cpu time :194474.3 secs   av.it.:  17.0
      thresh= 4.297E-08 alpha_mix =  0.700 |ddv_scf|^2 =  1.928E-14

      iter #   7 total cpu time :194684.4 secs   av.it.:  16.5
      thresh= 1.389E-08 alpha_mix =  0.700 |ddv_scf|^2 =  5.009E-16

     End of self-consistent calculation

     Convergence has been achieved 


     Representation #  31 modes #  61  62

     Self-consistent Calculation

      iter #   1 total cpu time :194776.4 secs   av.it.:   3.4
      thresh= 1.000E-02 alpha_mix =  0.700 |ddv_scf|^2 =  1.445E-09

      iter #   2 total cpu time :194987.0 secs   av.it.:  16.8
      thresh= 3.801E-06 alpha_mix =  0.700 |ddv_scf|^2 =  1.099E-09

      iter #   3 total cpu time :195184.4 secs   av.it.:  15.5
      thresh= 3.315E-06 alpha_mix =  0.700 |ddv_scf|^2 =  8.692E-12

      iter #   4 total cpu time :195388.6 secs   av.it.:  16.0
      thresh= 2.948E-07 alpha_mix =  0.700 |ddv_scf|^2 =  7.266E-13

      iter #   5 total cpu time :195597.8 secs   av.it.:  16.1
      thresh= 8.524E-08 alpha_mix =  0.700 |ddv_scf|^2 =  3.938E-14

      iter #   6 total cpu time :195808.5 secs   av.it.:  17.0
      thresh= 1.984E-08 alpha_mix =  0.700 |ddv_scf|^2 =  5.246E-15

     End of self-consistent calculation

     Convergence has been achieved 


     Representation #  32 modes #  63  64

     Self-consistent Calculation

      iter #   1 total cpu time :195900.0 secs   av.it.:   3.0
      thresh= 1.000E-02 alpha_mix =  0.700 |ddv_scf|^2 =  3.192E-10

      iter #   2 total cpu time :196117.4 secs   av.it.:  17.0
      thresh= 1.787E-06 alpha_mix =  0.700 |ddv_scf|^2 =  1.015E-10

      iter #   3 total cpu time :196329.3 secs   av.it.:  16.8
      thresh= 1.007E-06 alpha_mix =  0.700 |ddv_scf|^2 =  3.396E-12

      iter #   4 total cpu time :196538.2 secs   av.it.:  16.2
      thresh= 1.843E-07 alpha_mix =  0.700 |ddv_scf|^2 =  4.673E-13

      iter #   5 total cpu time :196737.5 secs   av.it.:  16.0
      thresh= 6.836E-08 alpha_mix =  0.700 |ddv_scf|^2 =  3.324E-14

      iter #   6 total cpu time :196939.5 secs   av.it.:  16.0
      thresh= 1.823E-08 alpha_mix =  0.700 |ddv_scf|^2 =  2.262E-15

     End of self-consistent calculation

     Convergence has been achieved 


     Representation #  33 modes #  65  66

     Self-consistent Calculation

      iter #   1 total cpu time :197030.9 secs   av.it.:   3.0
      thresh= 1.000E-02 alpha_mix =  0.700 |ddv_scf|^2 =  6.888E-10

      iter #   2 total cpu time :197245.9 secs   av.it.:  17.0
      thresh= 2.625E-06 alpha_mix =  0.700 |ddv_scf|^2 =  5.435E-10

      iter #   3 total cpu time :197446.4 secs   av.it.:  15.9
      thresh= 2.331E-06 alpha_mix =  0.700 |ddv_scf|^2 =  5.784E-12

      iter #   4 total cpu time :197656.2 secs   av.it.:  16.7
      thresh= 2.405E-07 alpha_mix =  0.700 |ddv_scf|^2 =  1.007E-12

      iter #   5 total cpu time :197862.4 secs   av.it.:  16.0
      thresh= 1.003E-07 alpha_mix =  0.700 |ddv_scf|^2 =  2.990E-14

      iter #   6 total cpu time :198073.6 secs   av.it.:  16.8
      thresh= 1.729E-08 alpha_mix =  0.700 |ddv_scf|^2 =  2.283E-15

     End of self-consistent calculation

     Convergence has been achieved 

     Number of q in the star =    1
     List of q in the star:
          1  -0.500000000   0.000000000   0.000000000

     Diagonalizing the dynamical matrix

     q = (   -0.500000000   0.000000000   0.000000000 ) 

 **************************************************************************
     freq (    1) =       1.282943 [THz] =      42.794384 [cm-1]
     freq (    2) =       1.282943 [THz] =      42.794384 [cm-1]
     freq (    3) =       1.337083 [THz] =      44.600293 [cm-1]
     freq (    4) =       1.337083 [THz] =      44.600293 [cm-1]
     freq (    5) =       1.816180 [THz] =      60.581235 [cm-1]
     freq (    6) =       1.816180 [THz] =      60.581235 [cm-1]
     freq (    7) =       4.089431 [THz] =     136.408735 [cm-1]
     freq (    8) =       4.089431 [THz] =     136.408735 [cm-1]
     freq (    9) =       5.475710 [THz] =     182.650023 [cm-1]
     freq (   10) =       5.475710 [THz] =     182.650023 [cm-1]
     freq (   11) =       6.026313 [THz] =     201.016154 [cm-1]
     freq (   12) =       6.026313 [THz] =     201.016154 [cm-1]
     freq (   13) =       6.467019 [THz] =     215.716548 [cm-1]
     freq (   14) =       6.467019 [THz] =     215.716548 [cm-1]
     freq (   15) =       7.115650 [THz] =     237.352530 [cm-1]
     freq (   16) =       7.115650 [THz] =     237.352530 [cm-1]
     freq (   17) =       8.148204 [THz] =     271.794827 [cm-1]
     freq (   18) =       8.148204 [THz] =     271.794827 [cm-1]
     freq (   19) =       8.281454 [THz] =     276.239563 [cm-1]
     freq (   20) =       8.281454 [THz] =     276.239563 [cm-1]
     freq (   21) =       8.748840 [THz] =     291.829901 [cm-1]
     freq (   22) =       8.748840 [THz] =     291.829901 [cm-1]
     freq (   23) =       9.057931 [THz] =     302.140040 [cm-1]
     freq (   24) =       9.057931 [THz] =     302.140040 [cm-1]
     freq (   25) =       9.667692 [THz] =     322.479482 [cm-1]
     freq (   26) =       9.667692 [THz] =     322.479482 [cm-1]
     freq (   27) =      12.083110 [THz] =     403.049178 [cm-1]
     freq (   28) =      12.083110 [THz] =     403.049178 [cm-1]
     freq (   29) =      12.414547 [THz] =     414.104708 [cm-1]
     freq (   30) =      12.414547 [THz] =     414.104708 [cm-1]
     freq (   31) =      30.523105 [THz] =    1018.141205 [cm-1]
     freq (   32) =      30.523105 [THz] =    1018.141205 [cm-1]
     freq (   33) =      30.727082 [THz] =    1024.945114 [cm-1]
     freq (   34) =      30.727082 [THz] =    1024.945114 [cm-1]
     freq (   35) =      31.954700 [THz] =    1065.894073 [cm-1]
     freq (   36) =      31.954700 [THz] =    1065.894073 [cm-1]
     freq (   37) =      32.286349 [THz] =    1076.956687 [cm-1]
     freq (   38) =      32.286349 [THz] =    1076.956687 [cm-1]
     freq (   39) =      32.441402 [THz] =    1082.128678 [cm-1]
     freq (   40) =      32.441402 [THz] =    1082.128678 [cm-1]
     freq (   41) =      32.626608 [THz] =    1088.306497 [cm-1]
     freq (   42) =      32.626608 [THz] =    1088.306497 [cm-1]
     freq (   43) =      35.781634 [THz] =    1193.546831 [cm-1]
     freq (   44) =      35.781634 [THz] =    1193.546831 [cm-1]
     freq (   45) =      35.829927 [THz] =    1195.157703 [cm-1]
     freq (   46) =      35.829927 [THz] =    1195.157703 [cm-1]
     freq (   47) =      36.347651 [THz] =    1212.427141 [cm-1]
     freq (   48) =      36.347651 [THz] =    1212.427141 [cm-1]
     freq (   49) =      36.620730 [THz] =    1221.536057 [cm-1]
     freq (   50) =      36.620730 [THz] =    1221.536057 [cm-1]
     freq (   51) =      68.390128 [THz] =    2281.249114 [cm-1]
     freq (   52) =      68.390128 [THz] =    2281.249114 [cm-1]
     freq (   53) =      68.561443 [THz] =    2286.963578 [cm-1]
     freq (   54) =      68.561443 [THz] =    2286.963578 [cm-1]
     freq (   55) =      70.095307 [THz] =    2338.127758 [cm-1]
     freq (   56) =      70.095307 [THz] =    2338.127758 [cm-1]
     freq (   57) =      70.255593 [THz] =    2343.474337 [cm-1]
     freq (   58) =      70.255593 [THz] =    2343.474337 [cm-1]
     freq (   59) =      70.681111 [THz] =    2357.668079 [cm-1]
     freq (   60) =      70.681111 [THz] =    2357.668079 [cm-1]
     freq (   61) =      70.930927 [THz] =    2366.001040 [cm-1]
     freq (   62) =      70.930927 [THz] =    2366.001040 [cm-1]
     freq (   63) =      71.251810 [THz] =    2376.704540 [cm-1]
     freq (   64) =      71.251810 [THz] =    2376.704540 [cm-1]
     freq (   65) =      71.272423 [THz] =    2377.392144 [cm-1]
     freq (   66) =      71.272423 [THz] =    2377.392144 [cm-1]
 **************************************************************************

     Calculation of q =   -0.5000000   0.0000000  -0.7936489

     Parallelization info
     --------------------
     sticks:   dense  smooth     PW     G-vecs:    dense   smooth      PW
     Min         495     248     68                25781     9120    1306
     Max         497     249     69                25782     9122    1307
     Sum       11905    5953   1633               618765   218891   31345

     Using Slab Decomposition



     bravais-lattice index     =            8
     lattice parameter (alat)  =      13.7506  a.u.
     unit-cell volume          =    1619.6113 (a.u.)^3
     number of atoms/cell      =           22
     number of atomic types    =            3
     number of electrons       =        48.00
     number of Kohn-Sham states=           24
     kinetic-energy cutoff     =     100.0000  Ry
     charge density cutoff     =     800.0000  Ry
     Exchange-correlation= PBESOL
                           (   1   4  10   8   0   0   0)

     celldm(1)=  13.750592  celldm(2)=   0.988792  celldm(3)=   0.630002
     celldm(4)=   0.000000  celldm(5)=   0.000000  celldm(6)=   0.000000

     crystal axes: (cart. coord. in units of alat)
               a(1) = (   1.000000   0.000000   0.000000 )  
               a(2) = (   0.000000   0.988792   0.000000 )  
               a(3) = (   0.000000   0.000000   0.630002 )  

     reciprocal axes: (cart. coord. in units 2 pi/alat)
               b(1) = (  1.000000  0.000000  0.000000 )  
               b(2) = (  0.000000  1.011335  0.000000 )  
               b(3) = (  0.000000  0.000000  1.587298 )  


     PseudoPot. # 1 for B  read from file:
     /home/mehlhorn/pseudos/b_pbesol_v1.4.uspp.F.UPF
     MD5 check sum: 369b69bef2c3aeed4453bd8b804fd6a8
     Pseudo is Ultrasoft + core correction, Zval =  3.0
     Generated by new atomic code, or converted to UPF format
     Using radial grid of  781 points,  4 beta functions with: 
                l(1) =   0
                l(2) =   0
                l(3) =   1
                l(4) =   1
     Q(r) pseudized with  8 coefficients,  rinner =    1.100   1.100   1.100


     PseudoPot. # 2 for Ba read from file:
     /home/mehlhorn/pseudos/Ba.nc.z_10.oncvpsp4.dojo.v4-sp.upf
     MD5 check sum: c10ed334bb677c0554edec7181ce9143
     Pseudo is Norm-conserving + core correction, Zval = 10.0
     Generated using ONCVPSP code by D. R. Hamann
     Using radial grid of 1938 points,  8 beta functions with: 
                l(1) =   0
                l(2) =   0
                l(3) =   1
                l(4) =   1
                l(5) =   2
                l(6) =   2
                l(7) =   3
                l(8) =   3

     PseudoPot. # 3 for H  read from file:
     /home/mehlhorn/pseudos/H_ONCV_PBEsol-1.0.upf
     MD5 check sum: 398ef8f67c0a7342c05c87c5e19ea467
     Pseudo is Norm-conserving, Zval =  1.0
     Generated using ONCVPSP code by D. R. Hamann
     Using radial grid of 1180 points,  2 beta functions with: 
                l(1) =   0
                l(2) =   0

     atomic species   valence    mass     pseudopotential
     B                 3.00    10.81100     B ( 1.00)
     Ba               10.00   137.32700     Ba( 1.00)
     H                 1.00     1.00794     H ( 1.00)

      4 Sym. Ops. (no inversion) found



   Cartesian axes

     site n.     atom                  positions (alat units)
         1        Ba     tau(   1) = (   0.5000000   0.4943960   0.3150140  )
         2        Ba     tau(   2) = (   0.0000000   0.0000000   0.6299884  )
         3        B      tau(   3) = (   0.6457472   0.2690334   0.0000111  )
         4        B      tau(   4) = (   0.3542528   0.7197587   0.0000111  )
         5        B      tau(   5) = (   0.1457472   0.2253626   0.3149897  )
         6        B      tau(   6) = (   0.8542528   0.7634294   0.3149897  )
         7        H      tau(   7) = (   0.4764411   0.2785492   0.0000131  )
         8        H      tau(   8) = (   0.5235589   0.7102428   0.0000131  )
         9        H      tau(   9) = (   0.9764411   0.2158468   0.3149877  )
        10        H      tau(  10) = (   0.0235589   0.7729453   0.3149877  )
        11        H      tau(  11) = (   0.7125447   0.4253079   0.0000101  )
        12        H      tau(  12) = (   0.2874553   0.5634842   0.0000101  )
        13        H      tau(  13) = (   0.2125447   0.0690881   0.3149907  )
        14        H      tau(  14) = (   0.7874553   0.9197039   0.3149907  )
        15        H      tau(  15) = (   0.6936781   0.1879672   0.4896379  )
        16        H      tau(  16) = (   0.3063219   0.8008249   0.4896379  )
        17        H      tau(  17) = (   0.1936781   0.3064288   0.4553644  )
        18        H      tau(  18) = (   0.8063219   0.6823632   0.4553644  )
        19        H      tau(  19) = (   0.3063087   0.8008213   0.1403829  )
        20        H      tau(  20) = (   0.6936913   0.1879707   0.1403829  )
        21        H      tau(  21) = (   0.8063087   0.6823668   0.1746179  )
        22        H      tau(  22) = (   0.1936913   0.3064253   0.1746179  )

     number of k points=    54
                       cart. coord. in units 2pi/alat
        k(    1) = (   0.0000000   0.0000000   0.0000000), wk =   0.0160000
        k(    2) = (  -0.5000000   0.0000000  -0.7936489), wk =   0.0000000
        k(    3) = (   0.0000000   0.0000000   0.3174595), wk =   0.0320000
        k(    4) = (  -0.5000000   0.0000000  -0.4761893), wk =   0.0000000
        k(    5) = (   0.0000000   0.0000000   0.6349191), wk =   0.0320000
        k(    6) = (  -0.5000000   0.0000000  -0.1587298), wk =   0.0000000
        k(    7) = (   0.0000000   0.2022670   0.0000000), wk =   0.0320000
        k(    8) = (  -0.5000000   0.2022670  -0.7936489), wk =   0.0000000
        k(    9) = (   0.0000000   0.2022670   0.3174595), wk =   0.0640000
        k(   10) = (  -0.5000000   0.2022670  -0.4761893), wk =   0.0000000
        k(   11) = (   0.0000000   0.2022670   0.6349191), wk =   0.0640000
        k(   12) = (  -0.5000000   0.2022670  -0.1587298), wk =   0.0000000
        k(   13) = (   0.0000000   0.4045340   0.0000000), wk =   0.0320000
        k(   14) = (  -0.5000000   0.4045340  -0.7936489), wk =   0.0000000
        k(   15) = (   0.0000000   0.4045340   0.3174595), wk =   0.0640000
        k(   16) = (  -0.5000000   0.4045340  -0.4761893), wk =   0.0000000
        k(   17) = (   0.0000000   0.4045340   0.6349191), wk =   0.0640000
        k(   18) = (  -0.5000000   0.4045340  -0.1587298), wk =   0.0000000
        k(   19) = (   0.2000000   0.0000000   0.0000000), wk =   0.0320000
        k(   20) = (  -0.3000000   0.0000000  -0.7936489), wk =   0.0000000
        k(   21) = (   0.2000000   0.0000000   0.3174595), wk =   0.0640000
        k(   22) = (  -0.3000000   0.0000000  -0.4761893), wk =   0.0000000
        k(   23) = (   0.2000000   0.0000000   0.6349191), wk =   0.0640000
        k(   24) = (  -0.3000000   0.0000000  -0.1587298), wk =   0.0000000
        k(   25) = (   0.2000000   0.2022670   0.0000000), wk =   0.0640000
        k(   26) = (  -0.3000000   0.2022670  -0.7936489), wk =   0.0000000
        k(   27) = (   0.2000000   0.2022670   0.3174595), wk =   0.1280000
        k(   28) = (  -0.3000000   0.2022670  -0.4761893), wk =   0.0000000
        k(   29) = (   0.2000000   0.2022670   0.6349191), wk =   0.1280000
        k(   30) = (  -0.3000000   0.2022670  -0.1587298), wk =   0.0000000
        k(   31) = (   0.2000000   0.4045340   0.0000000), wk =   0.0640000
        k(   32) = (  -0.3000000   0.4045340  -0.7936489), wk =   0.0000000
        k(   33) = (   0.2000000   0.4045340   0.3174595), wk =   0.1280000
        k(   34) = (  -0.3000000   0.4045340  -0.4761893), wk =   0.0000000
        k(   35) = (   0.2000000   0.4045340   0.6349191), wk =   0.1280000
        k(   36) = (  -0.3000000   0.4045340  -0.1587298), wk =   0.0000000
        k(   37) = (   0.4000000   0.0000000   0.0000000), wk =   0.0320000
        k(   38) = (  -0.1000000   0.0000000  -0.7936489), wk =   0.0000000
        k(   39) = (   0.4000000   0.0000000   0.3174595), wk =   0.0640000
        k(   40) = (  -0.1000000   0.0000000  -0.4761893), wk =   0.0000000
        k(   41) = (   0.4000000   0.0000000   0.6349191), wk =   0.0640000
        k(   42) = (  -0.1000000   0.0000000  -0.1587298), wk =   0.0000000
        k(   43) = (   0.4000000   0.2022670   0.0000000), wk =   0.0640000
        k(   44) = (  -0.1000000   0.2022670  -0.7936489), wk =   0.0000000
        k(   45) = (   0.4000000   0.2022670   0.3174595), wk =   0.1280000
        k(   46) = (  -0.1000000   0.2022670  -0.4761893), wk =   0.0000000
        k(   47) = (   0.4000000   0.2022670   0.6349191), wk =   0.1280000
        k(   48) = (  -0.1000000   0.2022670  -0.1587298), wk =   0.0000000
        k(   49) = (   0.4000000   0.4045340   0.0000000), wk =   0.0640000
        k(   50) = (  -0.1000000   0.4045340  -0.7936489), wk =   0.0000000
        k(   51) = (   0.4000000   0.4045340   0.3174595), wk =   0.1280000
        k(   52) = (  -0.1000000   0.4045340  -0.4761893), wk =   0.0000000
        k(   53) = (   0.4000000   0.4045340   0.6349191), wk =   0.1280000
        k(   54) = (  -0.1000000   0.4045340  -0.1587298), wk =   0.0000000

     Dense  grid:   618765 G-vectors     FFT dimensions: ( 128, 128,  80)

     Smooth grid:   218891 G-vectors     FFT dimensions: (  90,  90,  60)

     Estimated max dynamical RAM per process >      55.35 MB

     Estimated total dynamical RAM >       1.30 GB

     The potential is recalculated from file :
     ./_ph0/pwscf.q_6/pwscf.save/charge-density

     Starting wfcs are   42 atomic wfcs

     Band Structure Calculation
     Davidson diagonalization with overlap

     ethr =  2.08E-11,  avg # of iterations = 21.8

     total cpu time spent up to now is     1144.2 secs

     End of band structure calculation

          k = 0.0000 0.0000 0.0000 ( 27379 PWs)   bands (ev):

   -24.8179 -24.8132 -10.3041 -10.2770 -10.0753 -10.0524  -9.9798  -9.9367
    -6.6693  -5.8736  -5.3558  -5.3195  -2.4460  -1.4380  -1.3377  -1.1898
    -1.1210  -0.9276  -0.8998  -0.6453  -0.4086  -0.2349  -0.1313  -0.1137

          k =-0.5000 0.0000-0.7936 ( 27348 PWs)   bands (ev):

   -24.8007 -24.8007 -10.5015 -10.5015 -10.0771 -10.0771 -10.0515 -10.0515
    -5.8725  -5.8725  -5.3003  -5.3003  -2.4041  -2.4041  -1.3387  -1.3387
    -0.7775  -0.7775  -0.6584  -0.6584  -0.4818  -0.4818  -0.3792  -0.3792

          k = 0.0000 0.0000 0.3175 ( 27357 PWs)   bands (ev):

   -24.8124 -24.8085 -10.2440 -10.2221 -10.1724 -10.1503 -10.0612 -10.0434
    -6.3225  -5.6503  -5.4811  -5.4525  -2.1448  -1.8179  -1.6574  -1.2142
    -1.0164  -0.9683  -0.7300  -0.5853  -0.4656  -0.3000  -0.2721  -0.2091

          k =-0.5000 0.0000-0.4762 ( 27342 PWs)   bands (ev):

   -24.8059 -24.8059 -10.3439 -10.3439 -10.1329 -10.1329 -10.0687 -10.0687
    -5.8043  -5.8043  -5.5360  -5.5360  -2.0546  -2.0546  -1.4782  -1.4782
    -0.7902  -0.7902  -0.6930  -0.6930  -0.4755  -0.4755  -0.3625  -0.3625

          k = 0.0000 0.0000 0.6349 ( 27368 PWs)   bands (ev):

   -24.8029 -24.8014 -10.4449 -10.4411 -10.1232 -10.1120 -10.0551 -10.0460
    -5.6916  -5.6911  -5.6809  -5.4050  -2.0558  -1.9864  -1.8333  -1.5684
    -1.0188  -0.8873  -0.6744  -0.5268  -0.4500  -0.4125  -0.3399  -0.2963

          k =-0.5000 0.0000-0.1587 ( 27354 PWs)   bands (ev):

   -24.8141 -24.8141 -10.2215 -10.2215 -10.1357 -10.1357 -10.0071 -10.0071
    -6.1324  -6.1324  -5.4765  -5.4765  -1.8465  -1.8465  -1.1404  -1.1404
    -0.8628  -0.8628  -0.8232  -0.8232  -0.5351  -0.5351  -0.3489  -0.3489

          k = 0.0000 0.2023 0.0000 ( 27345 PWs)   bands (ev):

   -24.8175 -24.8136 -10.2900 -10.2626 -10.0950 -10.0705  -9.9757  -9.9408
    -6.5784  -5.8886  -5.4422  -5.3548  -2.2986  -1.5889  -1.4011  -0.9873
    -0.9535  -0.9217  -0.8940  -0.6364  -0.4398  -0.3810  -0.2077  -0.1776

          k =-0.5000 0.2023-0.7936 ( 27364 PWs)   bands (ev):

   -24.8007 -24.8007 -10.4958 -10.4958 -10.0780 -10.0780 -10.0587 -10.0587
    -5.8435  -5.8435  -5.3302  -5.3302  -2.3583  -2.3583  -1.5072  -1.5072
    -0.7222  -0.7222  -0.6323  -0.6323  -0.4570  -0.4570  -0.3261  -0.3261

          k = 0.0000 0.2023 0.3175 ( 27349 PWs)   bands (ev):

   -24.8120 -24.8089 -10.2416 -10.2094 -10.1658 -10.1630 -10.0628 -10.0546
    -6.2525  -5.6467  -5.5625  -5.4731  -2.0496  -1.8389  -1.6727  -1.0946
    -0.9927  -0.9407  -0.8601  -0.5515  -0.4546  -0.3271  -0.2981  -0.2760

          k =-0.5000 0.2023-0.4762 ( 27352 PWs)   bands (ev):

   -24.8059 -24.8059 -10.3370 -10.3370 -10.1533 -10.1533 -10.0562 -10.0562
    -5.7795  -5.7795  -5.5606  -5.5606  -2.0504  -2.0504  -1.5179  -1.5179
    -0.8216  -0.8216  -0.6679  -0.6679  -0.4250  -0.4250  -0.3439  -0.3439

          k = 0.0000 0.2023 0.6349 ( 27350 PWs)   bands (ev):

   -24.8028 -24.8016 -10.4498 -10.4464 -10.1125 -10.1056 -10.0553 -10.0497
    -5.8302  -5.7725  -5.5146  -5.3461  -2.1121  -2.1002  -1.7138  -1.5067
    -0.9529  -0.7906  -0.6881  -0.5258  -0.4814  -0.4659  -0.3567  -0.3431

          k =-0.5000 0.2023-0.1587 ( 27358 PWs)   bands (ev):

   -24.8141 -24.8141 -10.2534 -10.2534 -10.1001 -10.1001 -10.0089 -10.0089
    -6.1462  -6.1462  -5.4645  -5.4645  -1.8174  -1.8174  -1.2826  -1.2826
    -0.8091  -0.8091  -0.7413  -0.7413  -0.5551  -0.5551  -0.3291  -0.3291

          k = 0.0000 0.4045 0.0000 ( 27314 PWs)   bands (ev):

   -24.8163 -24.8148 -10.2547 -10.2368 -10.1292 -10.1121  -9.9649  -9.9516
    -6.3372  -6.0448  -5.5089  -5.4400  -2.0174  -1.7978  -1.2575  -0.9063
    -0.8924  -0.8591  -0.7063  -0.6656  -0.5943  -0.5159  -0.3364  -0.3316

          k =-0.5000 0.4045-0.7936 ( 27352 PWs)   bands (ev):

   -24.8007 -24.8007 -10.4863 -10.4863 -10.0797 -10.0797 -10.0707 -10.0707
    -5.7881  -5.7881  -5.3872  -5.3872  -2.2426  -2.2426  -1.7730  -1.7730
    -0.6921  -0.6921  -0.5422  -0.5422  -0.4310  -0.4310  -0.2642  -0.2642

          k = 0.0000 0.4045 0.3175 ( 27329 PWs)   bands (ev):

   -24.8110 -24.8098 -10.2278 -10.2001 -10.1766 -10.1542 -10.0736 -10.0710
    -6.0630  -5.8134  -5.5787  -5.5239  -1.9242  -1.8799  -1.5292  -1.2018
    -0.9210  -0.8808  -0.8072  -0.6075  -0.4795  -0.4718  -0.3143  -0.3013

          k =-0.5000 0.4045-0.4762 ( 27340 PWs)   bands (ev):

   -24.8059 -24.8059 -10.3236 -10.3236 -10.1813 -10.1813 -10.0431 -10.0431
    -5.7178  -5.7178  -5.6222  -5.6222  -2.0392  -2.0392  -1.5871  -1.5871
    -0.8642  -0.8642  -0.5793  -0.5793  -0.4327  -0.4327  -0.2795  -0.2795

          k = 0.0000 0.4045 0.6349 ( 27366 PWs)   bands (ev):

   -24.8024 -24.8019 -10.4567 -10.4552 -10.0937 -10.0930 -10.0580 -10.0577
    -5.9009  -5.8758  -5.3707  -5.3078  -2.2011  -2.1946  -1.5365  -1.4419
    -0.8256  -0.7009  -0.6524  -0.6427  -0.5245  -0.4955  -0.4157  -0.3812

          k =-0.5000 0.4045-0.1587 ( 27360 PWs)   bands (ev):

   -24.8141 -24.8141 -10.2858 -10.2858 -10.0589 -10.0589 -10.0146 -10.0146
    -6.1676  -6.1676  -5.4460  -5.4460  -1.7423  -1.7423  -1.4724  -1.4724
    -0.7477  -0.7477  -0.6506  -0.6506  -0.5762  -0.5762  -0.3095  -0.3095

          k = 0.2000 0.0000 0.0000 ( 27342 PWs)   bands (ev):

   -24.8175 -24.8136 -10.2876 -10.2642 -10.0929 -10.0736  -9.9757  -9.9408
    -6.5818  -5.9091  -5.3867  -5.3773  -2.3122  -1.4320  -1.3730  -1.2322
    -0.9024  -0.9021  -0.8887  -0.6520  -0.4524  -0.3553  -0.2483  -0.1834

          k =-0.3000 0.0000-0.7936 ( 27370 PWs)   bands (ev):

   -24.8007 -24.8007 -10.4965 -10.4965 -10.0775 -10.0775 -10.0575 -10.0575
    -5.8332  -5.8331  -5.3487  -5.3487  -2.3183  -2.3182  -1.4693  -1.4693
    -0.7447  -0.7446  -0.6665  -0.6665  -0.4907  -0.4906  -0.3642  -0.3640

          k = 0.2000 0.0000 0.3175 ( 27354 PWs)   bands (ev):

   -24.8120 -24.8089 -10.2302 -10.2241 -10.1639 -10.1615 -10.0705 -10.0476
    -6.2512  -5.6680  -5.5148  -5.4954  -2.0576  -1.7813  -1.7014  -1.1164
    -1.0019  -0.9435  -0.8309  -0.5479  -0.5443  -0.3104  -0.2912  -0.2528

          k =-0.3000 0.0000-0.4762 ( 27348 PWs)   bands (ev):

   -24.8067 -24.8050 -10.3414 -10.3332 -10.1589 -10.1377 -10.0681 -10.0509
    -5.9171  -5.6885  -5.5776  -5.4895  -2.0697  -1.9630  -1.7178  -1.2853
    -0.9571  -0.8571  -0.7480  -0.6014  -0.4324  -0.3935  -0.3876  -0.3158

          k = 0.2000 0.0000 0.6349 ( 27349 PWs)   bands (ev):

   -24.8028 -24.8016 -10.4504 -10.4470 -10.1159 -10.1021 -10.0584 -10.0466
    -5.7991  -5.7402  -5.5520  -5.3678  -2.1960  -2.1055  -1.6829  -1.4587
    -0.9133  -0.8271  -0.7027  -0.5586  -0.4392  -0.4374  -0.3809  -0.3239

          k =-0.3000 0.0000-0.1587 ( 27360 PWs)   bands (ev):

   -24.8155 -24.8128 -10.2542 -10.2379 -10.1102 -10.0997 -10.0213  -9.9974
    -6.3918  -5.8993  -5.4653  -5.4318  -2.1149  -1.6127  -1.4458  -1.0887
    -0.9359  -0.8336  -0.7631  -0.7008  -0.6407  -0.3605  -0.3420  -0.2472

          k = 0.2000 0.2023 0.0000 ( 27358 PWs)   bands (ev):

   -24.8171 -24.8140 -10.2982 -10.2391 -10.1260 -10.0593  -9.9723  -9.9441
    -6.5135  -5.9413  -5.4709  -5.3592  -2.1961  -1.5860  -1.3866  -1.0682
    -0.9323  -0.8731  -0.7518  -0.6342  -0.5377  -0.4595  -0.3284  -0.1603

          k =-0.3000 0.2023-0.7936 ( 27366 PWs)   bands (ev):

   -24.8007 -24.8007 -10.4990 -10.4894 -10.0783 -10.0777 -10.0671 -10.0534
    -5.8927  -5.7579  -5.4263  -5.2835  -2.3628  -2.2144  -1.6618  -1.4612
    -0.7861  -0.6786  -0.5960  -0.5957  -0.4960  -0.4850  -0.4298  -0.2884

          k = 0.2000 0.2023 0.3175 ( 27341 PWs)   bands (ev):

   -24.8117 -24.8092 -10.2398 -10.2051 -10.1833 -10.1500 -10.0738 -10.0480
    -6.1950  -5.6911  -5.5772  -5.4846  -1.9893  -1.8115  -1.6991  -1.0625
    -1.0269  -0.9393  -0.8070  -0.5680  -0.5239  -0.3391  -0.3305  -0.2508

          k =-0.3000 0.2023-0.4762 ( 27375 PWs)   bands (ev):

   -24.8065 -24.8052 -10.3409 -10.3276 -10.1775 -10.1298 -10.0714 -10.0443
    -5.8921  -5.6771  -5.6139  -5.4935  -2.0637  -1.9818  -1.6909  -1.3592
    -0.9114  -0.8554  -0.7055  -0.5663  -0.5184  -0.4033  -0.3557  -0.2725

          k = 0.2000 0.2023 0.6349 ( 27363 PWs)   bands (ev):

   -24.8026 -24.8017 -10.4550 -10.4443 -10.1207 -10.0917 -10.0597 -10.0485
    -5.8676  -5.7091  -5.5482  -5.3312  -2.2316  -2.0859  -1.6863  -1.4974
    -0.8191  -0.7770  -0.6919  -0.5400  -0.5244  -0.4419  -0.4121  -0.2861

          k =-0.3000 0.2023-0.1587 ( 27362 PWs)   bands (ev):

   -24.8152 -24.8131 -10.2795 -10.2219 -10.1345 -10.0628 -10.0204 -10.0017
    -6.3495  -5.9394  -5.5047  -5.4099  -2.0364  -1.6375  -1.5162  -1.0209
    -0.9842  -0.8289  -0.7421  -0.6626  -0.5908  -0.4243  -0.3935  -0.2146

          k = 0.2000 0.4045 0.0000 ( 27334 PWs)   bands (ev):

   -24.8161 -24.8149 -10.2857 -10.2495 -10.1179 -10.0765  -9.9636  -9.9528
    -6.3293  -6.0967  -5.4875  -5.4171  -1.9645  -1.7707  -1.2852  -0.9468
    -0.9356  -0.9032  -0.7692  -0.5687  -0.5661  -0.4973  -0.4188  -0.2584

          k =-0.3000 0.4045-0.7936 ( 27344 PWs)   bands (ev):

   -24.8007 -24.8007 -10.4936 -10.4876 -10.0775 -10.0769 -10.0710 -10.0614
    -5.8751  -5.7957  -5.3844  -5.3000  -2.3095  -2.1898  -1.7666  -1.6119
    -0.7343  -0.6664  -0.5924  -0.5316  -0.4696  -0.4388  -0.3583  -0.3049

          k = 0.2000 0.4045 0.3175 ( 27340 PWs)   bands (ev):

   -24.8109 -24.8100 -10.2363 -10.2143 -10.1758 -10.1504 -10.0707 -10.0559
    -6.0435  -5.8452  -5.5688  -5.5200  -1.9003  -1.8614  -1.5708  -1.2977
    -0.9078  -0.8295  -0.7850  -0.6097  -0.4762  -0.3993  -0.3487  -0.3108

          k =-0.3000 0.4045-0.4762 ( 27340 PWs)   bands (ev):

   -24.8061 -24.8056 -10.3343 -10.3259 -10.1794 -10.1534 -10.0563 -10.0440
    -5.8245  -5.7337  -5.5935  -5.5312  -2.0456  -2.0162  -1.6134  -1.4953
    -0.9079  -0.8251  -0.6561  -0.5517  -0.4554  -0.4043  -0.3575  -0.2833

          k = 0.2000 0.4045 0.6349 ( 27347 PWs)   bands (ev):

   -24.8023 -24.8020 -10.4547 -10.4483 -10.1124 -10.0950 -10.0571 -10.0516
    -5.8823  -5.8127  -5.4228  -5.3335  -2.2308  -2.1523  -1.6232  -1.5376
    -0.8039  -0.7263  -0.6170  -0.5389  -0.5175  -0.4542  -0.4126  -0.3256

          k =-0.3000 0.4045-0.1587 ( 27349 PWs)   bands (ev):

   -24.8145 -24.8137 -10.2837 -10.2564 -10.0971 -10.0593 -10.0158 -10.0087
    -6.2308  -6.0696  -5.4911  -5.4365  -1.8757  -1.7371  -1.4826  -1.2493
    -0.8504  -0.7779  -0.7108  -0.6024  -0.5688  -0.4908  -0.3922  -0.2606

          k = 0.4000 0.0000 0.0000 ( 27368 PWs)   bands (ev):

   -24.8163 -24.8148 -10.2490 -10.2374 -10.1284 -10.1187  -9.9649  -9.9516
    -6.3521  -6.0779  -5.4526  -5.4262  -2.0184  -1.7153  -1.1397  -0.9723
    -0.8640  -0.8603  -0.8206  -0.6656  -0.6394  -0.5546  -0.4315  -0.3196

          k =-0.1000 0.0000-0.7936 ( 27364 PWs)   bands (ev):

   -24.8007 -24.8007 -10.4883 -10.4882 -10.0782 -10.0782 -10.0673 -10.0673
    -5.7461  -5.7460  -5.4500  -5.4499  -2.1157  -2.1155  -1.7076  -1.7076
    -0.7754  -0.7751  -0.6957  -0.6955  -0.4523  -0.4522  -0.3275  -0.3273

          k = 0.4000 0.0000 0.3175 ( 27376 PWs)   bands (ev):

   -24.8110 -24.8098 -10.2165 -10.1955 -10.1924 -10.1611 -10.0776 -10.0619
    -6.0607  -5.8204  -5.5555  -5.5286  -1.9149  -1.8018  -1.5756  -1.2227
    -0.9228  -0.8559  -0.8541  -0.7035  -0.4849  -0.4067  -0.3224  -0.3137

          k =-0.1000 0.0000-0.4762 ( 27349 PWs)   bands (ev):

   -24.8072 -24.8045 -10.3305 -10.3198 -10.1804 -10.1626 -10.0547 -10.0407
    -5.9905  -5.5948  -5.5946  -5.4809  -2.0039  -1.8776  -1.8705  -1.2517
    -1.1071  -1.0425  -0.7210  -0.4563  -0.4390  -0.3778  -0.3147  -0.2980

          k = 0.4000 0.0000 0.6349 ( 27353 PWs)   bands (ev):

   -24.8024 -24.8019 -10.4583 -10.4568 -10.0999 -10.0896 -10.0612 -10.0518
    -5.8467  -5.8217  -5.4226  -5.3529  -2.3042  -2.2619  -1.4796  -1.3649
    -0.7877  -0.7448  -0.6371  -0.6149  -0.5821  -0.4167  -0.4012  -0.3884

          k =-0.1000 0.0000-0.1587 ( 27360 PWs)   bands (ev):

   -24.8163 -24.8120 -10.2839 -10.2593 -10.0765 -10.0571 -10.0331  -9.9978
    -6.5515  -5.8146  -5.3952  -5.3750  -2.3308  -1.5775  -1.4316  -1.2788
    -1.0484  -0.7983  -0.7220  -0.6993  -0.5361  -0.2739  -0.1815  -0.1646

          k = 0.4000 0.2023 0.0000 ( 27358 PWs)   bands (ev):

   -24.8161 -24.8149 -10.2844 -10.2482 -10.1195 -10.0780  -9.9636  -9.9528
    -6.3387  -6.1144  -5.4609  -5.4030  -1.9627  -1.7235  -1.2298  -0.9519
    -0.9179  -0.8828  -0.8434  -0.6507  -0.5923  -0.5175  -0.4247  -0.2615

          k =-0.1000 0.2023-0.7936 ( 27354 PWs)   bands (ev):

   -24.8007 -24.8007 -10.4948 -10.4888 -10.0765 -10.0760 -10.0689 -10.0594
    -5.8607  -5.7725  -5.4204  -5.3274  -2.2441  -2.1066  -1.7294  -1.5476
    -0.7834  -0.7577  -0.6419  -0.6352  -0.4769  -0.4576  -0.4152  -0.3380

          k = 0.4000 0.2023 0.3175 ( 27356 PWs)   bands (ev):

   -24.8109 -24.8100 -10.2329 -10.2118 -10.1820 -10.1541 -10.0701 -10.0535
    -6.0423  -5.8481  -5.5590  -5.5195  -1.8916  -1.8023  -1.6167  -1.3207
    -0.8768  -0.8483  -0.7909  -0.6386  -0.4903  -0.4092  -0.3455  -0.3047

          k =-0.1000 0.2023-0.4762 ( 27364 PWs)   bands (ev):

   -24.8069 -24.8048 -10.3371 -10.3246 -10.1744 -10.1454 -10.0619 -10.0454
    -5.9654  -5.6727  -5.5719  -5.4609  -2.0138  -1.9386  -1.7926  -1.2796
    -1.0411  -0.9209  -0.7421  -0.5138  -0.4525  -0.3959  -0.3473  -0.2959

          k = 0.4000 0.2023 0.6349 ( 27357 PWs)   bands (ev):

   -24.8023 -24.8020 -10.4556 -10.4493 -10.1134 -10.0957 -10.0568 -10.0501
    -5.8493  -5.7666  -5.4657  -5.3626  -2.2867  -2.2197  -1.5589  -1.4940
    -0.7766  -0.7327  -0.6268  -0.6044  -0.5132  -0.4357  -0.3771  -0.2953

          k =-0.1000 0.2023-0.1587 ( 27327 PWs)   bands (ev):

   -24.8159 -24.8124 -10.2791 -10.2398 -10.1080 -10.0618 -10.0271  -9.9984
    -6.4707  -5.8301  -5.4850  -5.3877  -2.2043  -1.6592  -1.4853  -1.1121
    -0.9700  -0.8253  -0.7718  -0.6203  -0.5681  -0.3668  -0.2540  -0.1891

          k = 0.4000 0.4045 0.0000 ( 27366 PWs)   bands (ev):

   -24.8158 -24.8153 -10.3049 -10.2893 -10.0746 -10.0556  -9.9602  -9.9560
    -6.2895  -6.2027  -5.4353  -5.4025  -1.8427  -1.7515  -1.2948  -1.1427
    -0.9571  -0.9406  -0.7387  -0.6023  -0.5151  -0.4851  -0.3593  -0.2612

          k =-0.1000 0.4045-0.7936 ( 27376 PWs)   bands (ev):

   -24.8007 -24.8007 -10.4992 -10.4956 -10.0751 -10.0741 -10.0607 -10.0543
    -5.9232  -5.8849  -5.2978  -5.2566  -2.3057  -2.2456  -1.5526  -1.4552
    -0.7621  -0.7290  -0.6341  -0.5859  -0.5516  -0.5463  -0.3722  -0.3674

          k = 0.4000 0.4045 0.3175 ( 27319 PWs)   bands (ev):

   -24.8106 -24.8102 -10.2453 -10.2370 -10.1666 -10.1553 -10.0535 -10.0457
    -5.9901  -5.9163  -5.5447  -5.5237  -1.8489  -1.8108  -1.6265  -1.4982
    -0.8245  -0.7936  -0.6886  -0.5976  -0.4690  -0.4430  -0.3637  -0.3002

          k =-0.1000 0.4045-0.4762 ( 27347 PWs)   bands (ev):

   -24.8063 -24.8055 -10.3426 -10.3367 -10.1501 -10.1300 -10.0712 -10.0585
    -5.8955  -5.7915  -5.5256  -5.4751  -2.0275  -2.0066  -1.6094  -1.3966
    -0.9241  -0.7895  -0.6708  -0.5943  -0.5183  -0.4237  -0.3815  -0.3482

          k = 0.4000 0.4045 0.6349 ( 27364 PWs)   bands (ev):

   -24.8022 -24.8021 -10.4461 -10.4419 -10.1239 -10.1145 -10.0509 -10.0491
    -5.7989  -5.7359  -5.4897  -5.4199  -2.2144  -2.1599  -1.7196  -1.6680
    -0.7792  -0.7451  -0.5622  -0.5380  -0.4457  -0.4313  -0.3036  -0.2543

          k =-0.1000 0.4045-0.1587 ( 27329 PWs)   bands (ev):

   -24.8148 -24.8135 -10.2536 -10.2229 -10.1325 -10.0975 -10.0147 -10.0034
    -6.2543  -5.9849  -5.5297  -5.4602  -1.9698  -1.8036  -1.3653  -1.0457
    -0.9044  -0.8460  -0.7647  -0.5994  -0.5587  -0.5371  -0.3249  -0.2822

     highest occupied level (ev):    -0.1137

     Writing config to output data dir ./_ph0/pwscf.q_6/pwscf.save/ :
     XML data file

                                                                                

     bravais-lattice index     =            8
     lattice parameter (alat)  =      13.7506  a.u.
     unit-cell volume          =    1619.6113 (a.u.)^3
     number of atoms/cell      =           22
     number of atomic types    =            3
     kinetic-energy cut-off    =     100.0000  Ry
     charge density cut-off    =     800.0000  Ry
     convergence threshold     =      1.0E-14
     beta                      =       0.7000
     number of iterations used =            4
     Exchange-correlation= PBESOL
                           (   1   4  10   8   0   0   0)


     celldm(1)=   13.75059  celldm(2)=    0.98879  celldm(3)=    0.63000
     celldm(4)=    0.00000  celldm(5)=    0.00000  celldm(6)=    0.00000

     crystal axes: (cart. coord. in units of alat)
               a(1) = (  1.0000  0.0000  0.0000 )  
               a(2) = (  0.0000  0.9888  0.0000 )  
               a(3) = (  0.0000  0.0000  0.6300 )  

     reciprocal axes: (cart. coord. in units 2 pi/alat)
               b(1) = (  1.0000  0.0000  0.0000 )  
               b(2) = (  0.0000  1.0113  0.0000 )  
               b(3) = (  0.0000  0.0000  1.5873 )  


     Atoms inside the unit cell: 

     Cartesian axes

     site n.  atom      mass           positions (alat units)
        1  Ba    137.3270   tau(    1) = (    0.50000    0.49440    0.31501  )
        2  Ba    137.3270   tau(    2) = (    0.00000    0.00000    0.62999  )
        3  B      10.8110   tau(    3) = (    0.64575    0.26903    0.00001  )
        4  B      10.8110   tau(    4) = (    0.35425    0.71976    0.00001  )
        5  B      10.8110   tau(    5) = (    0.14575    0.22536    0.31499  )
        6  B      10.8110   tau(    6) = (    0.85425    0.76343    0.31499  )
        7  H       1.0079   tau(    7) = (    0.47644    0.27855    0.00001  )
        8  H       1.0079   tau(    8) = (    0.52356    0.71024    0.00001  )
        9  H       1.0079   tau(    9) = (    0.97644    0.21585    0.31499  )
       10  H       1.0079   tau(   10) = (    0.02356    0.77295    0.31499  )
       11  H       1.0079   tau(   11) = (    0.71254    0.42531    0.00001  )
       12  H       1.0079   tau(   12) = (    0.28746    0.56348    0.00001  )
       13  H       1.0079   tau(   13) = (    0.21254    0.06909    0.31499  )
       14  H       1.0079   tau(   14) = (    0.78746    0.91970    0.31499  )
       15  H       1.0079   tau(   15) = (    0.69368    0.18797    0.48964  )
       16  H       1.0079   tau(   16) = (    0.30632    0.80082    0.48964  )
       17  H       1.0079   tau(   17) = (    0.19368    0.30643    0.45536  )
       18  H       1.0079   tau(   18) = (    0.80632    0.68236    0.45536  )
       19  H       1.0079   tau(   19) = (    0.30631    0.80082    0.14038  )
       20  H       1.0079   tau(   20) = (    0.69369    0.18797    0.14038  )
       21  H       1.0079   tau(   21) = (    0.80631    0.68237    0.17462  )
       22  H       1.0079   tau(   22) = (    0.19369    0.30643    0.17462  )

     Computing dynamical matrix for 
                    q = (  -0.5000000   0.0000000  -0.7936489 )

      5 Sym.Ops. (with q -> -q+G )


     G cutoff = 3831.5372  (  25782 G-vectors)     FFT grid: (128,128, 80)
     G cutoff = 1915.7686  (   9122 G-vectors)  smooth grid: ( 90, 90, 60)
     number of k points=    54

     PseudoPot. # 1 for B  read from file:
     /home/mehlhorn/pseudos/b_pbesol_v1.4.uspp.F.UPF
     MD5 check sum: 369b69bef2c3aeed4453bd8b804fd6a8
     Pseudo is Ultrasoft + core correction, Zval =  3.0
     Generated by new atomic code, or converted to UPF format
     Using radial grid of  781 points,  4 beta functions with: 
                l(1) =   0
                l(2) =   0
                l(3) =   1
                l(4) =   1
     Q(r) pseudized with  8 coefficients,  rinner =    1.100   1.100   1.100


     PseudoPot. # 2 for Ba read from file:
     /home/mehlhorn/pseudos/Ba.nc.z_10.oncvpsp4.dojo.v4-sp.upf
     MD5 check sum: c10ed334bb677c0554edec7181ce9143
     Pseudo is Norm-conserving + core correction, Zval = 10.0
     Generated using ONCVPSP code by D. R. Hamann
     Using radial grid of 1938 points,  8 beta functions with: 
                l(1) =   0
                l(2) =   0
                l(3) =   1
                l(4) =   1
                l(5) =   2
                l(6) =   2
                l(7) =   3
                l(8) =   3

     PseudoPot. # 3 for H  read from file:
     /home/mehlhorn/pseudos/H_ONCV_PBEsol-1.0.upf
     MD5 check sum: 398ef8f67c0a7342c05c87c5e19ea467
     Pseudo is Norm-conserving, Zval =  1.0
     Generated using ONCVPSP code by D. R. Hamann
     Using radial grid of 1180 points,  2 beta functions with: 
                l(1) =   0
                l(2) =   0


     Atomic displacements:
     There are   33 irreducible representations

     Representation     1      2 modes -  To be done

     Representation     2      2 modes -  To be done

     Representation     3      2 modes -  To be done

     Representation     4      2 modes -  To be done

     Representation     5      2 modes -  To be done

     Representation     6      2 modes -  To be done

     Representation     7      2 modes -  To be done

     Representation     8      2 modes -  To be done

     Representation     9      2 modes -  To be done

     Representation    10      2 modes -  To be done

     Representation    11      2 modes -  To be done

     Representation    12      2 modes -  To be done

     Representation    13      2 modes -  To be done

     Representation    14      2 modes -  To be done

     Representation    15      2 modes -  To be done

     Representation    16      2 modes -  To be done

     Representation    17      2 modes -  To be done

     Representation    18      2 modes -  To be done

     Representation    19      2 modes -  To be done

     Representation    20      2 modes -  To be done

     Representation    21      2 modes -  To be done

     Representation    22      2 modes -  To be done

     Representation    23      2 modes -  To be done

     Representation    24      2 modes -  To be done

     Representation    25      2 modes -  To be done

     Representation    26      2 modes -  To be done

     Representation    27      2 modes -  To be done

     Representation    28      2 modes -  To be done

     Representation    29      2 modes -  To be done

     Representation    30      2 modes -  To be done

     Representation    31      2 modes -  To be done

     Representation    32      2 modes -  To be done

     Representation    33      2 modes -  To be done



     Alpha used in Ewald sum =   2.8000
     PHONON       :   2d 6h35m CPU   2d 7h 8m WALL



     Representation #   1 modes #   1   2

     Self-consistent Calculation

      iter #   1 total cpu time :198626.7 secs   av.it.:   4.6
      thresh= 1.000E-02 alpha_mix =  0.700 |ddv_scf|^2 =  5.677E-09

      iter #   2 total cpu time :198840.0 secs   av.it.:  16.9
      thresh= 7.535E-06 alpha_mix =  0.700 |ddv_scf|^2 =  3.133E-09

      iter #   3 total cpu time :199046.7 secs   av.it.:  16.0
      thresh= 5.597E-06 alpha_mix =  0.700 |ddv_scf|^2 =  1.650E-11

      iter #   4 total cpu time :199259.8 secs   av.it.:  16.8
      thresh= 4.062E-07 alpha_mix =  0.700 |ddv_scf|^2 =  1.690E-12

      iter #   5 total cpu time :199471.5 secs   av.it.:  16.9
      thresh= 1.300E-07 alpha_mix =  0.700 |ddv_scf|^2 =  1.268E-13

      iter #   6 total cpu time :199685.8 secs   av.it.:  17.0
      thresh= 3.562E-08 alpha_mix =  0.700 |ddv_scf|^2 =  5.505E-15

     End of self-consistent calculation

     Convergence has been achieved 


     Representation #   2 modes #   3   4

     Self-consistent Calculation

      iter #   1 total cpu time :199775.9 secs   av.it.:   3.0
      thresh= 1.000E-02 alpha_mix =  0.700 |ddv_scf|^2 =  5.882E-10

      iter #   2 total cpu time :199998.3 secs   av.it.:  17.0
      thresh= 2.425E-06 alpha_mix =  0.700 |ddv_scf|^2 =  3.004E-10

      iter #   3 total cpu time :200204.9 secs   av.it.:  16.0
      thresh= 1.733E-06 alpha_mix =  0.700 |ddv_scf|^2 =  2.876E-12

      iter #   4 total cpu time :200413.5 secs   av.it.:  16.1
      thresh= 1.696E-07 alpha_mix =  0.700 |ddv_scf|^2 =  3.033E-13

      iter #   5 total cpu time :200630.4 secs   av.it.:  16.3
      thresh= 5.507E-08 alpha_mix =  0.700 |ddv_scf|^2 =  6.786E-15

     End of self-consistent calculation

     Convergence has been achieved 


     Representation #   3 modes #   5   6

     Self-consistent Calculation

      iter #   1 total cpu time :200724.0 secs   av.it.:   3.6
      thresh= 1.000E-02 alpha_mix =  0.700 |ddv_scf|^2 =  1.445E-09

      iter #   2 total cpu time :200932.4 secs   av.it.:  17.0
      thresh= 3.801E-06 alpha_mix =  0.700 |ddv_scf|^2 =  1.008E-09

      iter #   3 total cpu time :201137.5 secs   av.it.:  16.0
      thresh= 3.175E-06 alpha_mix =  0.700 |ddv_scf|^2 =  2.290E-12

      iter #   4 total cpu time :201353.7 secs   av.it.:  17.0
      thresh= 1.513E-07 alpha_mix =  0.700 |ddv_scf|^2 =  2.872E-13

      iter #   5 total cpu time :201568.2 secs   av.it.:  17.0
      thresh= 5.359E-08 alpha_mix =  0.700 |ddv_scf|^2 =  1.731E-14

      iter #   6 total cpu time :201779.3 secs   av.it.:  16.9
      thresh= 1.316E-08 alpha_mix =  0.700 |ddv_scf|^2 =  1.005E-15

     End of self-consistent calculation

     Convergence has been achieved 


     Representation #   4 modes #   7   8

     Self-consistent Calculation

      iter #   1 total cpu time :201870.4 secs   av.it.:   3.2
      thresh= 1.000E-02 alpha_mix =  0.700 |ddv_scf|^2 =  4.625E-10

      iter #   2 total cpu time :202085.5 secs   av.it.:  17.0
      thresh= 2.151E-06 alpha_mix =  0.700 |ddv_scf|^2 =  2.530E-10

      iter #   3 total cpu time :202292.4 secs   av.it.:  16.0
      thresh= 1.590E-06 alpha_mix =  0.700 |ddv_scf|^2 =  2.077E-12

      iter #   4 total cpu time :202502.7 secs   av.it.:  16.6
      thresh= 1.441E-07 alpha_mix =  0.700 |ddv_scf|^2 =  3.371E-13

      iter #   5 total cpu time :202713.2 secs   av.it.:  16.3
      thresh= 5.806E-08 alpha_mix =  0.700 |ddv_scf|^2 =  1.133E-14

      iter #   6 total cpu time :202929.3 secs   av.it.:  17.0
      thresh= 1.065E-08 alpha_mix =  0.700 |ddv_scf|^2 =  5.316E-16

     End of self-consistent calculation

     Convergence has been achieved 


     Representation #   5 modes #   9  10

     Self-consistent Calculation

      iter #   1 total cpu time :203022.4 secs   av.it.:   3.6
      thresh= 1.000E-02 alpha_mix =  0.700 |ddv_scf|^2 =  8.866E-10

      iter #   2 total cpu time :203234.8 secs   av.it.:  17.0
      thresh= 2.978E-06 alpha_mix =  0.700 |ddv_scf|^2 =  4.815E-10

      iter #   3 total cpu time :203439.6 secs   av.it.:  16.0
      thresh= 2.194E-06 alpha_mix =  0.700 |ddv_scf|^2 =  1.849E-12

      iter #   4 total cpu time :203650.9 secs   av.it.:  16.8
      thresh= 1.360E-07 alpha_mix =  0.700 |ddv_scf|^2 =  3.399E-13

      iter #   5 total cpu time :203866.4 secs   av.it.:  16.3
      thresh= 5.830E-08 alpha_mix =  0.700 |ddv_scf|^2 =  1.282E-14

      iter #   6 total cpu time :204082.2 secs   av.it.:  16.0
      thresh= 1.132E-08 alpha_mix =  0.700 |ddv_scf|^2 =  3.845E-16

     End of self-consistent calculation

     Convergence has been achieved 


     Representation #   6 modes #  11  12

     Self-consistent Calculation

      iter #   1 total cpu time :204172.0 secs   av.it.:   3.0
      thresh= 1.000E-02 alpha_mix =  0.700 |ddv_scf|^2 =  7.721E-10

      iter #   2 total cpu time :204384.4 secs   av.it.:  16.9
      thresh= 2.779E-06 alpha_mix =  0.700 |ddv_scf|^2 =  5.176E-10

      iter #   3 total cpu time :204588.2 secs   av.it.:  16.0
      thresh= 2.275E-06 alpha_mix =  0.700 |ddv_scf|^2 =  1.399E-12

      iter #   4 total cpu time :204804.9 secs   av.it.:  17.0
      thresh= 1.183E-07 alpha_mix =  0.700 |ddv_scf|^2 =  2.597E-13

      iter #   5 total cpu time :205018.4 secs   av.it.:  16.9
      thresh= 5.096E-08 alpha_mix =  0.700 |ddv_scf|^2 =  7.319E-15

     End of self-consistent calculation

     Convergence has been achieved 


     Representation #   7 modes #  13  14

     Self-consistent Calculation

      iter #   1 total cpu time :205110.4 secs   av.it.:   3.3
      thresh= 1.000E-02 alpha_mix =  0.700 |ddv_scf|^2 =  4.527E-10

      iter #   2 total cpu time :205336.3 secs   av.it.:  17.0
      thresh= 2.128E-06 alpha_mix =  0.700 |ddv_scf|^2 =  2.545E-10

      iter #   3 total cpu time :205549.8 secs   av.it.:  16.0
      thresh= 1.595E-06 alpha_mix =  0.700 |ddv_scf|^2 =  2.855E-12

      iter #   4 total cpu time :205761.0 secs   av.it.:  17.0
      thresh= 1.690E-07 alpha_mix =  0.700 |ddv_scf|^2 =  2.253E-13

      iter #   5 total cpu time :205973.5 secs   av.it.:  17.0
      thresh= 4.747E-08 alpha_mix =  0.700 |ddv_scf|^2 =  1.056E-14

      iter #   6 total cpu time :206187.4 secs   av.it.:  17.0
      thresh= 1.028E-08 alpha_mix =  0.700 |ddv_scf|^2 =  5.848E-16

     End of self-consistent calculation

     Convergence has been achieved 


     Representation #   8 modes #  15  16

     Self-consistent Calculation

      iter #   1 total cpu time :206280.7 secs   av.it.:   3.9
      thresh= 1.000E-02 alpha_mix =  0.700 |ddv_scf|^2 =  6.074E-10

      iter #   2 total cpu time :206498.5 secs   av.it.:  17.0
      thresh= 2.465E-06 alpha_mix =  0.700 |ddv_scf|^2 =  2.325E-10

      iter #   3 total cpu time :206712.6 secs   av.it.:  16.9
      thresh= 1.525E-06 alpha_mix =  0.700 |ddv_scf|^2 =  1.857E-12

      iter #   4 total cpu time :206927.4 secs   av.it.:  17.0
      thresh= 1.363E-07 alpha_mix =  0.700 |ddv_scf|^2 =  2.346E-13

      iter #   5 total cpu time :207134.3 secs   av.it.:  16.0
      thresh= 4.844E-08 alpha_mix =  0.700 |ddv_scf|^2 =  1.307E-14

      iter #   6 total cpu time :207350.8 secs   av.it.:  16.8
      thresh= 1.143E-08 alpha_mix =  0.700 |ddv_scf|^2 =  1.061E-15

     End of self-consistent calculation

     Convergence has been achieved 


     Representation #   9 modes #  17  18

     Self-consistent Calculation

      iter #   1 total cpu time :207454.5 secs   av.it.:   4.1
      thresh= 1.000E-02 alpha_mix =  0.700 |ddv_scf|^2 =  1.287E-09

      iter #   2 total cpu time :207672.6 secs   av.it.:  17.0
      thresh= 3.588E-06 alpha_mix =  0.700 |ddv_scf|^2 =  2.123E-10

      iter #   3 total cpu time :207886.3 secs   av.it.:  16.6
      thresh= 1.457E-06 alpha_mix =  0.700 |ddv_scf|^2 =  2.276E-11

      iter #   4 total cpu time :208093.6 secs   av.it.:  16.0
      thresh= 4.771E-07 alpha_mix =  0.700 |ddv_scf|^2 =  5.749E-13

      iter #   5 total cpu time :208301.2 secs   av.it.:  16.9
      thresh= 7.582E-08 alpha_mix =  0.700 |ddv_scf|^2 =  4.738E-14

      iter #   6 total cpu time :208517.4 secs   av.it.:  17.0
      thresh= 2.177E-08 alpha_mix =  0.700 |ddv_scf|^2 =  1.442E-15

     End of self-consistent calculation

     Convergence has been achieved 


     Representation #  10 modes #  19  20

     Self-consistent Calculation

      iter #   1 total cpu time :208646.6 secs   av.it.:   6.7
      thresh= 1.000E-02 alpha_mix =  0.700 |ddv_scf|^2 =  6.857E-08

      iter #   2 total cpu time :208854.2 secs   av.it.:  16.5
      thresh= 2.619E-05 alpha_mix =  0.700 |ddv_scf|^2 =  4.894E-08

      iter #   3 total cpu time :209052.6 secs   av.it.:  15.9
      thresh= 2.212E-05 alpha_mix =  0.700 |ddv_scf|^2 =  4.361E-11

      iter #   4 total cpu time :209266.8 secs   av.it.:  16.9
      thresh= 6.604E-07 alpha_mix =  0.700 |ddv_scf|^2 =  4.300E-12

      iter #   5 total cpu time :209479.9 secs   av.it.:  16.9
      thresh= 2.074E-07 alpha_mix =  0.700 |ddv_scf|^2 =  1.860E-13

      iter #   6 total cpu time :209691.9 secs   av.it.:  16.9
      thresh= 4.313E-08 alpha_mix =  0.700 |ddv_scf|^2 =  2.862E-14

      iter #   7 total cpu time :209895.8 secs   av.it.:  15.9
      thresh= 1.692E-08 alpha_mix =  0.700 |ddv_scf|^2 =  2.076E-15

     End of self-consistent calculation

     Convergence has been achieved 


     Representation #  11 modes #  21  22

     Self-consistent Calculation

      iter #   1 total cpu time :209984.8 secs   av.it.:   3.0
      thresh= 1.000E-02 alpha_mix =  0.700 |ddv_scf|^2 =  9.061E-10

      iter #   2 total cpu time :210193.0 secs   av.it.:  17.0
      thresh= 3.010E-06 alpha_mix =  0.700 |ddv_scf|^2 =  6.135E-10

      iter #   3 total cpu time :210392.5 secs   av.it.:  16.0
      thresh= 2.477E-06 alpha_mix =  0.700 |ddv_scf|^2 =  2.044E-12

      iter #   4 total cpu time :210601.7 secs   av.it.:  17.0
      thresh= 1.430E-07 alpha_mix =  0.700 |ddv_scf|^2 =  2.128E-13

      iter #   5 total cpu time :210813.0 secs   av.it.:  17.0
      thresh= 4.614E-08 alpha_mix =  0.700 |ddv_scf|^2 =  9.581E-15

     End of self-consistent calculation

     Convergence has been achieved 


     Representation #  12 modes #  23  24

     Self-consistent Calculation

      iter #   1 total cpu time :210902.5 secs   av.it.:   3.0
      thresh= 1.000E-02 alpha_mix =  0.700 |ddv_scf|^2 =  2.620E-10

      iter #   2 total cpu time :211124.2 secs   av.it.:  17.0
      thresh= 1.619E-06 alpha_mix =  0.700 |ddv_scf|^2 =  6.318E-11

      iter #   3 total cpu time :211334.8 secs   av.it.:  16.3
      thresh= 7.949E-07 alpha_mix =  0.700 |ddv_scf|^2 =  3.151E-12

      iter #   4 total cpu time :211543.8 secs   av.it.:  16.2
      thresh= 1.775E-07 alpha_mix =  0.700 |ddv_scf|^2 =  1.602E-13

      iter #   5 total cpu time :211753.8 secs   av.it.:  16.6
      thresh= 4.002E-08 alpha_mix =  0.700 |ddv_scf|^2 =  1.202E-14

      iter #   6 total cpu time :211972.3 secs   av.it.:  17.0
      thresh= 1.096E-08 alpha_mix =  0.700 |ddv_scf|^2 =  7.835E-16

     End of self-consistent calculation

     Convergence has been achieved 


     Representation #  13 modes #  25  26

     Self-consistent Calculation

      iter #   1 total cpu time :212061.7 secs   av.it.:   3.0
      thresh= 1.000E-02 alpha_mix =  0.700 |ddv_scf|^2 =  7.384E-10

      iter #   2 total cpu time :212284.4 secs   av.it.:  17.0
      thresh= 2.717E-06 alpha_mix =  0.700 |ddv_scf|^2 =  4.920E-10

      iter #   3 total cpu time :212497.3 secs   av.it.:  16.0
      thresh= 2.218E-06 alpha_mix =  0.700 |ddv_scf|^2 =  1.766E-12

      iter #   4 total cpu time :212718.2 secs   av.it.:  16.9
      thresh= 1.329E-07 alpha_mix =  0.700 |ddv_scf|^2 =  2.068E-13

      iter #   5 total cpu time :212935.0 secs   av.it.:  17.0
      thresh= 4.548E-08 alpha_mix =  0.700 |ddv_scf|^2 =  1.214E-14

      iter #   6 total cpu time :213155.2 secs   av.it.:  17.0
      thresh= 1.102E-08 alpha_mix =  0.700 |ddv_scf|^2 =  5.486E-16

     End of self-consistent calculation

     Convergence has been achieved 


     Representation #  14 modes #  27  28

     Self-consistent Calculation

      iter #   1 total cpu time :213249.8 secs   av.it.:   3.9
      thresh= 1.000E-02 alpha_mix =  0.700 |ddv_scf|^2 =  5.360E-10

      iter #   2 total cpu time :213469.4 secs   av.it.:  17.0
      thresh= 2.315E-06 alpha_mix =  0.700 |ddv_scf|^2 =  3.349E-10

      iter #   3 total cpu time :213670.7 secs   av.it.:  16.0
      thresh= 1.830E-06 alpha_mix =  0.700 |ddv_scf|^2 =  2.746E-12

      iter #   4 total cpu time :213888.4 secs   av.it.:  16.9
      thresh= 1.657E-07 alpha_mix =  0.700 |ddv_scf|^2 =  2.516E-13

      iter #   5 total cpu time :214108.1 secs   av.it.:  17.0
      thresh= 5.016E-08 alpha_mix =  0.700 |ddv_scf|^2 =  1.650E-14

      iter #   6 total cpu time :214320.7 secs   av.it.:  17.0
      thresh= 1.285E-08 alpha_mix =  0.700 |ddv_scf|^2 =  6.232E-16

     End of self-consistent calculation

     Convergence has been achieved 


     Representation #  15 modes #  29  30

     Self-consistent Calculation

      iter #   1 total cpu time :214445.7 secs   av.it.:   6.3
      thresh= 1.000E-02 alpha_mix =  0.700 |ddv_scf|^2 =  1.775E-08

      iter #   2 total cpu time :214654.0 secs   av.it.:  16.9
      thresh= 1.332E-05 alpha_mix =  0.700 |ddv_scf|^2 =  5.634E-09

      iter #   3 total cpu time :214863.0 secs   av.it.:  16.7
      thresh= 7.506E-06 alpha_mix =  0.700 |ddv_scf|^2 =  4.087E-11

      iter #   4 total cpu time :215077.2 secs   av.it.:  16.9
      thresh= 6.393E-07 alpha_mix =  0.700 |ddv_scf|^2 =  2.109E-12

      iter #   5 total cpu time :215292.4 secs   av.it.:  16.9
      thresh= 1.452E-07 alpha_mix =  0.700 |ddv_scf|^2 =  1.281E-13

      iter #   6 total cpu time :215497.1 secs   av.it.:  16.5
      thresh= 3.579E-08 alpha_mix =  0.700 |ddv_scf|^2 =  1.954E-14

      iter #   7 total cpu time :215697.9 secs   av.it.:  15.9
      thresh= 1.398E-08 alpha_mix =  0.700 |ddv_scf|^2 =  5.221E-16

     End of self-consistent calculation

     Convergence has been achieved 


     Representation #  16 modes #  31  32

     Self-consistent Calculation

      iter #   1 total cpu time :215785.2 secs   av.it.:   3.0
      thresh= 1.000E-02 alpha_mix =  0.700 |ddv_scf|^2 =  3.233E-10

      iter #   2 total cpu time :216001.5 secs   av.it.:  17.0
      thresh= 1.798E-06 alpha_mix =  0.700 |ddv_scf|^2 =  1.416E-10

      iter #   3 total cpu time :216208.3 secs   av.it.:  16.0
      thresh= 1.190E-06 alpha_mix =  0.700 |ddv_scf|^2 =  3.259E-12

      iter #   4 total cpu time :216416.5 secs   av.it.:  16.1
      thresh= 1.805E-07 alpha_mix =  0.700 |ddv_scf|^2 =  2.134E-13

      iter #   5 total cpu time :216626.0 secs   av.it.:  16.9
      thresh= 4.620E-08 alpha_mix =  0.700 |ddv_scf|^2 =  9.281E-15

     End of self-consistent calculation

     Convergence has been achieved 


     Representation #  17 modes #  33  34

     Self-consistent Calculation

      iter #   1 total cpu time :216714.7 secs   av.it.:   3.0
      thresh= 1.000E-02 alpha_mix =  0.700 |ddv_scf|^2 =  4.962E-10

      iter #   2 total cpu time :216927.2 secs   av.it.:  17.0
      thresh= 2.227E-06 alpha_mix =  0.700 |ddv_scf|^2 =  2.151E-10

      iter #   3 total cpu time :217132.7 secs   av.it.:  16.0
      thresh= 1.467E-06 alpha_mix =  0.700 |ddv_scf|^2 =  4.020E-12

      iter #   4 total cpu time :217339.9 secs   av.it.:  16.4
      thresh= 2.005E-07 alpha_mix =  0.700 |ddv_scf|^2 =  1.564E-13

      iter #   5 total cpu time :217550.8 secs   av.it.:  16.8
      thresh= 3.955E-08 alpha_mix =  0.700 |ddv_scf|^2 =  1.502E-14

      iter #   6 total cpu time :217762.4 secs   av.it.:  16.9
      thresh= 1.225E-08 alpha_mix =  0.700 |ddv_scf|^2 =  9.138E-16

     End of self-consistent calculation

     Convergence has been achieved 


     Representation #  18 modes #  35  36

     Self-consistent Calculation

      iter #   1 total cpu time :217867.7 secs   av.it.:   5.0
      thresh= 1.000E-02 alpha_mix =  0.700 |ddv_scf|^2 =  4.914E-09

      iter #   2 total cpu time :218081.2 secs   av.it.:  17.0
      thresh= 7.010E-06 alpha_mix =  0.700 |ddv_scf|^2 =  3.092E-09

      iter #   3 total cpu time :218283.6 secs   av.it.:  16.0
      thresh= 5.560E-06 alpha_mix =  0.700 |ddv_scf|^2 =  1.993E-11

      iter #   4 total cpu time :218493.7 secs   av.it.:  16.9
      thresh= 4.464E-07 alpha_mix =  0.700 |ddv_scf|^2 =  1.391E-12

      iter #   5 total cpu time :218708.6 secs   av.it.:  17.0
      thresh= 1.179E-07 alpha_mix =  0.700 |ddv_scf|^2 =  1.375E-13

      iter #   6 total cpu time :218923.0 secs   av.it.:  17.0
      thresh= 3.708E-08 alpha_mix =  0.700 |ddv_scf|^2 =  4.172E-15

     End of self-consistent calculation

     Convergence has been achieved 


     Representation #  19 modes #  37  38

     Self-consistent Calculation

      iter #   1 total cpu time :219019.1 secs   av.it.:   3.9
      thresh= 1.000E-02 alpha_mix =  0.700 |ddv_scf|^2 =  1.194E-09

      iter #   2 total cpu time :219242.3 secs   av.it.:  17.0
      thresh= 3.456E-06 alpha_mix =  0.700 |ddv_scf|^2 =  9.073E-10

      iter #   3 total cpu time :219455.5 secs   av.it.:  16.0
      thresh= 3.012E-06 alpha_mix =  0.700 |ddv_scf|^2 =  1.974E-12

      iter #   4 total cpu time :219681.8 secs   av.it.:  17.0
      thresh= 1.405E-07 alpha_mix =  0.700 |ddv_scf|^2 =  3.356E-13

      iter #   5 total cpu time :219904.2 secs   av.it.:  17.0
      thresh= 5.793E-08 alpha_mix =  0.700 |ddv_scf|^2 =  1.216E-14

      iter #   6 total cpu time :220125.6 secs   av.it.:  17.0
      thresh= 1.103E-08 alpha_mix =  0.700 |ddv_scf|^2 =  9.113E-16

     End of self-consistent calculation

     Convergence has been achieved 


     Representation #  20 modes #  39  40

     Self-consistent Calculation

      iter #   1 total cpu time :220231.0 secs   av.it.:   4.3
      thresh= 1.000E-02 alpha_mix =  0.700 |ddv_scf|^2 =  2.634E-09

      iter #   2 total cpu time :220446.7 secs   av.it.:  17.0
      thresh= 5.132E-06 alpha_mix =  0.700 |ddv_scf|^2 =  1.014E-09

      iter #   3 total cpu time :220650.8 secs   av.it.:  16.0
      thresh= 3.184E-06 alpha_mix =  0.700 |ddv_scf|^2 =  3.333E-11

      iter #   4 total cpu time :220856.7 secs   av.it.:  16.0
      thresh= 5.773E-07 alpha_mix =  0.700 |ddv_scf|^2 =  7.439E-13

      iter #   5 total cpu time :221071.5 secs   av.it.:  17.0
      thresh= 8.625E-08 alpha_mix =  0.700 |ddv_scf|^2 =  1.116E-13

      iter #   6 total cpu time :221284.3 secs   av.it.:  17.0
      thresh= 3.341E-08 alpha_mix =  0.700 |ddv_scf|^2 =  2.076E-15

     End of self-consistent calculation

     Convergence has been achieved 


     Representation #  21 modes #  41  42

     Self-consistent Calculation

      iter #   1 total cpu time :221374.3 secs   av.it.:   3.0
      thresh= 1.000E-02 alpha_mix =  0.700 |ddv_scf|^2 =  3.344E-10

      iter #   2 total cpu time :221591.8 secs   av.it.:  17.0
      thresh= 1.829E-06 alpha_mix =  0.700 |ddv_scf|^2 =  1.478E-10

      iter #   3 total cpu time :221800.0 secs   av.it.:  16.2
      thresh= 1.216E-06 alpha_mix =  0.700 |ddv_scf|^2 =  3.399E-12

      iter #   4 total cpu time :222008.6 secs   av.it.:  16.2
      thresh= 1.844E-07 alpha_mix =  0.700 |ddv_scf|^2 =  2.465E-13

      iter #   5 total cpu time :222220.0 secs   av.it.:  16.9
      thresh= 4.965E-08 alpha_mix =  0.700 |ddv_scf|^2 =  1.168E-14

      iter #   6 total cpu time :222435.2 secs   av.it.:  17.0
      thresh= 1.081E-08 alpha_mix =  0.700 |ddv_scf|^2 =  7.178E-16

     End of self-consistent calculation

     Convergence has been achieved 


     Representation #  22 modes #  43  44

     Self-consistent Calculation

      iter #   1 total cpu time :222527.6 secs   av.it.:   3.1
      thresh= 1.000E-02 alpha_mix =  0.700 |ddv_scf|^2 =  6.266E-10

      iter #   2 total cpu time :222744.0 secs   av.it.:  17.0
      thresh= 2.503E-06 alpha_mix =  0.700 |ddv_scf|^2 =  4.449E-10

      iter #   3 total cpu time :222957.2 secs   av.it.:  16.0
      thresh= 2.109E-06 alpha_mix =  0.700 |ddv_scf|^2 =  1.888E-12

      iter #   4 total cpu time :223181.7 secs   av.it.:  17.0
      thresh= 1.374E-07 alpha_mix =  0.700 |ddv_scf|^2 =  3.116E-13

      iter #   5 total cpu time :223402.1 secs   av.it.:  16.9
      thresh= 5.583E-08 alpha_mix =  0.700 |ddv_scf|^2 =  1.163E-14

      iter #   6 total cpu time :223624.7 secs   av.it.:  17.0
      thresh= 1.079E-08 alpha_mix =  0.700 |ddv_scf|^2 =  1.208E-15

     End of self-consistent calculation

     Convergence has been achieved 


     Representation #  23 modes #  45  46

     Self-consistent Calculation

      iter #   1 total cpu time :223714.7 secs   av.it.:   3.0
      thresh= 1.000E-02 alpha_mix =  0.700 |ddv_scf|^2 =  1.814E-10

      iter #   2 total cpu time :223932.0 secs   av.it.:  17.0
      thresh= 1.347E-06 alpha_mix =  0.700 |ddv_scf|^2 =  7.526E-11

      iter #   3 total cpu time :224142.8 secs   av.it.:  16.2
      thresh= 8.675E-07 alpha_mix =  0.700 |ddv_scf|^2 =  2.157E-12

      iter #   4 total cpu time :224350.0 secs   av.it.:  16.6
      thresh= 1.469E-07 alpha_mix =  0.700 |ddv_scf|^2 =  1.587E-13

      iter #   5 total cpu time :224556.2 secs   av.it.:  16.9
      thresh= 3.984E-08 alpha_mix =  0.700 |ddv_scf|^2 =  1.276E-14

      iter #   6 total cpu time :224762.4 secs   av.it.:  16.9
      thresh= 1.130E-08 alpha_mix =  0.700 |ddv_scf|^2 =  7.198E-16

     End of self-consistent calculation

     Convergence has been achieved 


     Representation #  24 modes #  47  48

     Self-consistent Calculation

      iter #   1 total cpu time :224849.8 secs   av.it.:   3.0
      thresh= 1.000E-02 alpha_mix =  0.700 |ddv_scf|^2 =  2.306E-10

      iter #   2 total cpu time :225066.7 secs   av.it.:  17.0
      thresh= 1.519E-06 alpha_mix =  0.700 |ddv_scf|^2 =  6.798E-11

      iter #   3 total cpu time :225280.8 secs   av.it.:  17.0
      thresh= 8.245E-07 alpha_mix =  0.700 |ddv_scf|^2 =  2.508E-12

      iter #   4 total cpu time :225499.7 secs   av.it.:  16.8
      thresh= 1.584E-07 alpha_mix =  0.700 |ddv_scf|^2 =  1.729E-13

      iter #   5 total cpu time :225716.6 secs   av.it.:  16.0
      thresh= 4.158E-08 alpha_mix =  0.700 |ddv_scf|^2 =  1.260E-14

      iter #   6 total cpu time :225936.5 secs   av.it.:  17.0
      thresh= 1.122E-08 alpha_mix =  0.700 |ddv_scf|^2 =  7.130E-16

     End of self-consistent calculation

     Convergence has been achieved 


     Representation #  25 modes #  49  50

     Self-consistent Calculation

      iter #   1 total cpu time :226043.9 secs   av.it.:   4.4
      thresh= 1.000E-02 alpha_mix =  0.700 |ddv_scf|^2 =  2.729E-09

      iter #   2 total cpu time :226266.4 secs   av.it.:  17.0
      thresh= 5.224E-06 alpha_mix =  0.700 |ddv_scf|^2 =  1.041E-09

      iter #   3 total cpu time :226481.5 secs   av.it.:  16.0
      thresh= 3.227E-06 alpha_mix =  0.700 |ddv_scf|^2 =  3.402E-11

      iter #   4 total cpu time :226697.0 secs   av.it.:  16.0
      thresh= 5.833E-07 alpha_mix =  0.700 |ddv_scf|^2 =  8.736E-13

      iter #   5 total cpu time :226921.7 secs   av.it.:  17.0
      thresh= 9.347E-08 alpha_mix =  0.700 |ddv_scf|^2 =  1.425E-13

      iter #   6 total cpu time :227144.4 secs   av.it.:  17.0
      thresh= 3.775E-08 alpha_mix =  0.700 |ddv_scf|^2 =  1.861E-15

     End of self-consistent calculation

     Convergence has been achieved 


     Representation #  26 modes #  51  52

     Self-consistent Calculation

      iter #   1 total cpu time :227239.2 secs   av.it.:   3.9
      thresh= 1.000E-02 alpha_mix =  0.700 |ddv_scf|^2 =  1.059E-09

      iter #   2 total cpu time :227446.2 secs   av.it.:  17.0
      thresh= 3.254E-06 alpha_mix =  0.700 |ddv_scf|^2 =  7.562E-10

      iter #   3 total cpu time :227646.6 secs   av.it.:  16.0
      thresh= 2.750E-06 alpha_mix =  0.700 |ddv_scf|^2 =  2.474E-12

      iter #   4 total cpu time :227864.7 secs   av.it.:  17.0
      thresh= 1.573E-07 alpha_mix =  0.700 |ddv_scf|^2 =  3.199E-13

      iter #   5 total cpu time :228074.9 secs   av.it.:  17.0
      thresh= 5.656E-08 alpha_mix =  0.700 |ddv_scf|^2 =  1.254E-14

      iter #   6 total cpu time :228279.6 secs   av.it.:  17.0
      thresh= 1.120E-08 alpha_mix =  0.700 |ddv_scf|^2 =  8.366E-16

     End of self-consistent calculation

     Convergence has been achieved 


     Representation #  27 modes #  53  54

     Self-consistent Calculation

      iter #   1 total cpu time :228404.3 secs   av.it.:   6.4
      thresh= 1.000E-02 alpha_mix =  0.700 |ddv_scf|^2 =  1.757E-08

      iter #   2 total cpu time :228617.2 secs   av.it.:  16.9
      thresh= 1.326E-05 alpha_mix =  0.700 |ddv_scf|^2 =  6.437E-09

      iter #   3 total cpu time :228815.7 secs   av.it.:  16.0
      thresh= 8.023E-06 alpha_mix =  0.700 |ddv_scf|^2 =  1.693E-11

      iter #   4 total cpu time :229017.2 secs   av.it.:  16.7
      thresh= 4.114E-07 alpha_mix =  0.700 |ddv_scf|^2 =  3.204E-12

      iter #   5 total cpu time :229218.1 secs   av.it.:  16.1
      thresh= 1.790E-07 alpha_mix =  0.700 |ddv_scf|^2 =  1.493E-13

      iter #   6 total cpu time :229417.7 secs   av.it.:  16.3
      thresh= 3.864E-08 alpha_mix =  0.700 |ddv_scf|^2 =  6.105E-15

     End of self-consistent calculation

     Convergence has been achieved 


     Representation #  28 modes #  55  56

     Self-consistent Calculation

      iter #   1 total cpu time :229504.5 secs   av.it.:   3.0
      thresh= 1.000E-02 alpha_mix =  0.700 |ddv_scf|^2 =  4.778E-10

      iter #   2 total cpu time :229717.4 secs   av.it.:  17.0
      thresh= 2.186E-06 alpha_mix =  0.700 |ddv_scf|^2 =  2.294E-10

      iter #   3 total cpu time :229921.9 secs   av.it.:  16.0
      thresh= 1.514E-06 alpha_mix =  0.700 |ddv_scf|^2 =  4.021E-12

      iter #   4 total cpu time :230133.1 secs   av.it.:  16.2
      thresh= 2.005E-07 alpha_mix =  0.700 |ddv_scf|^2 =  1.135E-13

      iter #   5 total cpu time :230346.8 secs   av.it.:  17.0
      thresh= 3.369E-08 alpha_mix =  0.700 |ddv_scf|^2 =  9.836E-15

     End of self-consistent calculation

     Convergence has been achieved 


     Representation #  29 modes #  57  58

     Self-consistent Calculation

      iter #   1 total cpu time :230437.9 secs   av.it.:   3.2
      thresh= 1.000E-02 alpha_mix =  0.700 |ddv_scf|^2 =  7.252E-10

      iter #   2 total cpu time :230652.7 secs   av.it.:  17.0
      thresh= 2.693E-06 alpha_mix =  0.700 |ddv_scf|^2 =  4.218E-10

      iter #   3 total cpu time :230858.5 secs   av.it.:  16.0
      thresh= 2.054E-06 alpha_mix =  0.700 |ddv_scf|^2 =  2.608E-12

      iter #   4 total cpu time :231071.1 secs   av.it.:  16.6
      thresh= 1.615E-07 alpha_mix =  0.700 |ddv_scf|^2 =  2.962E-13

      iter #   5 total cpu time :231285.5 secs   av.it.:  17.0
      thresh= 5.443E-08 alpha_mix =  0.700 |ddv_scf|^2 =  9.063E-15

     End of self-consistent calculation

     Convergence has been achieved 


     Representation #  30 modes #  59  60

     Self-consistent Calculation

      iter #   1 total cpu time :231393.3 secs   av.it.:   5.0
      thresh= 1.000E-02 alpha_mix =  0.700 |ddv_scf|^2 =  1.331E-08

      iter #   2 total cpu time :231612.0 secs   av.it.:  16.5
      thresh= 1.153E-05 alpha_mix =  0.700 |ddv_scf|^2 =  1.107E-08

      iter #   3 total cpu time :231819.7 secs   av.it.:  15.6
      thresh= 1.052E-05 alpha_mix =  0.700 |ddv_scf|^2 =  9.747E-12

      iter #   4 total cpu time :232044.8 secs   av.it.:  17.0
      thresh= 3.122E-07 alpha_mix =  0.700 |ddv_scf|^2 =  1.440E-12

      iter #   5 total cpu time :232269.3 secs   av.it.:  17.0
      thresh= 1.200E-07 alpha_mix =  0.700 |ddv_scf|^2 =  9.610E-14

      iter #   6 total cpu time :232483.2 secs   av.it.:  17.0
      thresh= 3.100E-08 alpha_mix =  0.700 |ddv_scf|^2 =  3.138E-15

     End of self-consistent calculation

     Convergence has been achieved 


     Representation #  31 modes #  61  62

     Self-consistent Calculation

      iter #   1 total cpu time :232575.2 secs   av.it.:   3.8
      thresh= 1.000E-02 alpha_mix =  0.700 |ddv_scf|^2 =  6.580E-10

      iter #   2 total cpu time :232796.2 secs   av.it.:  17.0
      thresh= 2.565E-06 alpha_mix =  0.700 |ddv_scf|^2 =  3.024E-10

      iter #   3 total cpu time :233002.9 secs   av.it.:  16.4
      thresh= 1.739E-06 alpha_mix =  0.700 |ddv_scf|^2 =  1.169E-12

      iter #   4 total cpu time :233214.4 secs   av.it.:  17.0
      thresh= 1.081E-07 alpha_mix =  0.700 |ddv_scf|^2 =  3.239E-13

      iter #   5 total cpu time :233421.3 secs   av.it.:  16.0
      thresh= 5.692E-08 alpha_mix =  0.700 |ddv_scf|^2 =  9.439E-15

     End of self-consistent calculation

     Convergence has been achieved 


     Representation #  32 modes #  63  64

     Self-consistent Calculation

      iter #   1 total cpu time :233513.2 secs   av.it.:   3.0
      thresh= 1.000E-02 alpha_mix =  0.700 |ddv_scf|^2 =  7.361E-10

      iter #   2 total cpu time :233737.2 secs   av.it.:  17.0
      thresh= 2.713E-06 alpha_mix =  0.700 |ddv_scf|^2 =  4.029E-10

      iter #   3 total cpu time :233944.5 secs   av.it.:  16.0
      thresh= 2.007E-06 alpha_mix =  0.700 |ddv_scf|^2 =  2.468E-12

      iter #   4 total cpu time :234159.3 secs   av.it.:  16.9
      thresh= 1.571E-07 alpha_mix =  0.700 |ddv_scf|^2 =  3.471E-13

      iter #   5 total cpu time :234372.3 secs   av.it.:  16.8
      thresh= 5.891E-08 alpha_mix =  0.700 |ddv_scf|^2 =  8.836E-15

     End of self-consistent calculation

     Convergence has been achieved 


     Representation #  33 modes #  65  66

     Self-consistent Calculation

      iter #   1 total cpu time :234465.7 secs   av.it.:   3.5
      thresh= 1.000E-02 alpha_mix =  0.700 |ddv_scf|^2 =  1.676E-09

      iter #   2 total cpu time :234678.6 secs   av.it.:  17.0
      thresh= 4.094E-06 alpha_mix =  0.700 |ddv_scf|^2 =  1.186E-09

      iter #   3 total cpu time :234882.8 secs   av.it.:  16.0
      thresh= 3.443E-06 alpha_mix =  0.700 |ddv_scf|^2 =  2.232E-12

      iter #   4 total cpu time :235097.1 secs   av.it.:  17.0
      thresh= 1.494E-07 alpha_mix =  0.700 |ddv_scf|^2 =  2.714E-13

      iter #   5 total cpu time :235310.9 secs   av.it.:  17.0
      thresh= 5.209E-08 alpha_mix =  0.700 |ddv_scf|^2 =  1.796E-14

      iter #   6 total cpu time :235528.2 secs   av.it.:  16.4
      thresh= 1.340E-08 alpha_mix =  0.700 |ddv_scf|^2 =  1.291E-15

     End of self-consistent calculation

     Convergence has been achieved 

     Number of q in the star =    1
     List of q in the star:
          1  -0.500000000   0.000000000  -0.793648854

     Diagonalizing the dynamical matrix

     q = (   -0.500000000   0.000000000  -0.793648854 ) 

 **************************************************************************
     freq (    1) =       1.352422 [THz] =      45.111930 [cm-1]
     freq (    2) =       1.352422 [THz] =      45.111930 [cm-1]
     freq (    3) =       1.610746 [THz] =      53.728688 [cm-1]
     freq (    4) =       1.610746 [THz] =      53.728688 [cm-1]
     freq (    5) =       3.368992 [THz] =     112.377472 [cm-1]
     freq (    6) =       3.368992 [THz] =     112.377472 [cm-1]
     freq (    7) =       4.208089 [THz] =     140.366741 [cm-1]
     freq (    8) =       4.208089 [THz] =     140.366741 [cm-1]
     freq (    9) =       4.306746 [THz] =     143.657580 [cm-1]
     freq (   10) =       4.306746 [THz] =     143.657580 [cm-1]
     freq (   11) =       6.268814 [THz] =     209.105112 [cm-1]
     freq (   12) =       6.268814 [THz] =     209.105112 [cm-1]
     freq (   13) =       6.929292 [THz] =     231.136315 [cm-1]
     freq (   14) =       6.929292 [THz] =     231.136315 [cm-1]
     freq (   15) =       7.064215 [THz] =     235.636844 [cm-1]
     freq (   16) =       7.064215 [THz] =     235.636844 [cm-1]
     freq (   17) =       8.211750 [THz] =     273.914493 [cm-1]
     freq (   18) =       8.211750 [THz] =     273.914493 [cm-1]
     freq (   19) =       8.499541 [THz] =     283.514154 [cm-1]
     freq (   20) =       8.499541 [THz] =     283.514154 [cm-1]
     freq (   21) =       8.651366 [THz] =     288.578523 [cm-1]
     freq (   22) =       8.651366 [THz] =     288.578523 [cm-1]
     freq (   23) =       8.833681 [THz] =     294.659886 [cm-1]
     freq (   24) =       8.833681 [THz] =     294.659886 [cm-1]
     freq (   25) =       9.497256 [THz] =     316.794354 [cm-1]
     freq (   26) =       9.497256 [THz] =     316.794354 [cm-1]
     freq (   27) =      12.021513 [THz] =     400.994520 [cm-1]
     freq (   28) =      12.021513 [THz] =     400.994520 [cm-1]
     freq (   29) =      12.231787 [THz] =     408.008489 [cm-1]
     freq (   30) =      12.231787 [THz] =     408.008489 [cm-1]
     freq (   31) =      30.468298 [THz] =    1016.313025 [cm-1]
     freq (   32) =      30.468298 [THz] =    1016.313025 [cm-1]
     freq (   33) =      30.662457 [THz] =    1022.789484 [cm-1]
     freq (   34) =      30.662457 [THz] =    1022.789484 [cm-1]
     freq (   35) =      31.877420 [THz] =    1063.316281 [cm-1]
     freq (   36) =      31.877420 [THz] =    1063.316281 [cm-1]
     freq (   37) =      31.945467 [THz] =    1065.586096 [cm-1]
     freq (   38) =      31.945467 [THz] =    1065.586096 [cm-1]
     freq (   39) =      32.681291 [THz] =    1090.130523 [cm-1]
     freq (   40) =      32.681291 [THz] =    1090.130523 [cm-1]
     freq (   41) =      32.755075 [THz] =    1092.591680 [cm-1]
     freq (   42) =      32.755075 [THz] =    1092.591680 [cm-1]
     freq (   43) =      35.823152 [THz] =    1194.931730 [cm-1]
     freq (   44) =      35.823152 [THz] =    1194.931730 [cm-1]
     freq (   45) =      35.854282 [THz] =    1195.970117 [cm-1]
     freq (   46) =      35.854282 [THz] =    1195.970117 [cm-1]
     freq (   47) =      36.286446 [THz] =    1210.385555 [cm-1]
     freq (   48) =      36.286446 [THz] =    1210.385555 [cm-1]
     freq (   49) =      36.513392 [THz] =    1217.955645 [cm-1]
     freq (   50) =      36.513392 [THz] =    1217.955645 [cm-1]
     freq (   51) =      68.501126 [THz] =    2284.951596 [cm-1]
     freq (   52) =      68.501126 [THz] =    2284.951596 [cm-1]
     freq (   53) =      68.515645 [THz] =    2285.435918 [cm-1]
     freq (   54) =      68.515645 [THz] =    2285.435918 [cm-1]
     freq (   55) =      70.065000 [THz] =    2337.116849 [cm-1]
     freq (   56) =      70.065000 [THz] =    2337.116849 [cm-1]
     freq (   57) =      70.255368 [THz] =    2343.466836 [cm-1]
     freq (   58) =      70.255368 [THz] =    2343.466836 [cm-1]
     freq (   59) =      70.558102 [THz] =    2353.564946 [cm-1]
     freq (   60) =      70.558102 [THz] =    2353.564946 [cm-1]
     freq (   61) =      70.568967 [THz] =    2353.927367 [cm-1]
     freq (   62) =      70.568967 [THz] =    2353.927367 [cm-1]
     freq (   63) =      71.431824 [THz] =    2382.709170 [cm-1]
     freq (   64) =      71.431824 [THz] =    2382.709170 [cm-1]
     freq (   65) =      71.540518 [THz] =    2386.334829 [cm-1]
     freq (   66) =      71.540518 [THz] =    2386.334829 [cm-1]
 **************************************************************************

     Calculation of q =   -0.5000000  -0.5056675   0.0000000

     Parallelization info
     --------------------
     sticks:   dense  smooth     PW     G-vecs:    dense   smooth      PW
     Min         495     248     67                25781     9120    1295
     Max         497     249     69                25782     9122    1296
     Sum       11905    5953   1621               618765   218891   31081

     Using Slab Decomposition



     bravais-lattice index     =            8
     lattice parameter (alat)  =      13.7506  a.u.
     unit-cell volume          =    1619.6113 (a.u.)^3
     number of atoms/cell      =           22
     number of atomic types    =            3
     number of electrons       =        48.00
     number of Kohn-Sham states=           24
     kinetic-energy cutoff     =     100.0000  Ry
     charge density cutoff     =     800.0000  Ry
     Exchange-correlation= PBESOL
                           (   1   4  10   8   0   0   0)

     celldm(1)=  13.750592  celldm(2)=   0.988792  celldm(3)=   0.630002
     celldm(4)=   0.000000  celldm(5)=   0.000000  celldm(6)=   0.000000

     crystal axes: (cart. coord. in units of alat)
               a(1) = (   1.000000   0.000000   0.000000 )  
               a(2) = (   0.000000   0.988792   0.000000 )  
               a(3) = (   0.000000   0.000000   0.630002 )  

     reciprocal axes: (cart. coord. in units 2 pi/alat)
               b(1) = (  1.000000  0.000000  0.000000 )  
               b(2) = (  0.000000  1.011335  0.000000 )  
               b(3) = (  0.000000  0.000000  1.587298 )  


     PseudoPot. # 1 for B  read from file:
     /home/mehlhorn/pseudos/b_pbesol_v1.4.uspp.F.UPF
     MD5 check sum: 369b69bef2c3aeed4453bd8b804fd6a8
     Pseudo is Ultrasoft + core correction, Zval =  3.0
     Generated by new atomic code, or converted to UPF format
     Using radial grid of  781 points,  4 beta functions with: 
                l(1) =   0
                l(2) =   0
                l(3) =   1
                l(4) =   1
     Q(r) pseudized with  8 coefficients,  rinner =    1.100   1.100   1.100


     PseudoPot. # 2 for Ba read from file:
     /home/mehlhorn/pseudos/Ba.nc.z_10.oncvpsp4.dojo.v4-sp.upf
     MD5 check sum: c10ed334bb677c0554edec7181ce9143
     Pseudo is Norm-conserving + core correction, Zval = 10.0
     Generated using ONCVPSP code by D. R. Hamann
     Using radial grid of 1938 points,  8 beta functions with: 
                l(1) =   0
                l(2) =   0
                l(3) =   1
                l(4) =   1
                l(5) =   2
                l(6) =   2
                l(7) =   3
                l(8) =   3

     PseudoPot. # 3 for H  read from file:
     /home/mehlhorn/pseudos/H_ONCV_PBEsol-1.0.upf
     MD5 check sum: 398ef8f67c0a7342c05c87c5e19ea467
     Pseudo is Norm-conserving, Zval =  1.0
     Generated using ONCVPSP code by D. R. Hamann
     Using radial grid of 1180 points,  2 beta functions with: 
                l(1) =   0
                l(2) =   0

     atomic species   valence    mass     pseudopotential
     B                 3.00    10.81100     B ( 1.00)
     Ba               10.00   137.32700     Ba( 1.00)
     H                 1.00     1.00794     H ( 1.00)

      4 Sym. Ops. (no inversion) found



   Cartesian axes

     site n.     atom                  positions (alat units)
         1        Ba     tau(   1) = (   0.5000000   0.4943960   0.3150140  )
         2        Ba     tau(   2) = (   0.0000000   0.0000000   0.6299884  )
         3        B      tau(   3) = (   0.6457472   0.2690334   0.0000111  )
         4        B      tau(   4) = (   0.3542528   0.7197587   0.0000111  )
         5        B      tau(   5) = (   0.1457472   0.2253626   0.3149897  )
         6        B      tau(   6) = (   0.8542528   0.7634294   0.3149897  )
         7        H      tau(   7) = (   0.4764411   0.2785492   0.0000131  )
         8        H      tau(   8) = (   0.5235589   0.7102428   0.0000131  )
         9        H      tau(   9) = (   0.9764411   0.2158468   0.3149877  )
        10        H      tau(  10) = (   0.0235589   0.7729453   0.3149877  )
        11        H      tau(  11) = (   0.7125447   0.4253079   0.0000101  )
        12        H      tau(  12) = (   0.2874553   0.5634842   0.0000101  )
        13        H      tau(  13) = (   0.2125447   0.0690881   0.3149907  )
        14        H      tau(  14) = (   0.7874553   0.9197039   0.3149907  )
        15        H      tau(  15) = (   0.6936781   0.1879672   0.4896379  )
        16        H      tau(  16) = (   0.3063219   0.8008249   0.4896379  )
        17        H      tau(  17) = (   0.1936781   0.3064288   0.4553644  )
        18        H      tau(  18) = (   0.8063219   0.6823632   0.4553644  )
        19        H      tau(  19) = (   0.3063087   0.8008213   0.1403829  )
        20        H      tau(  20) = (   0.6936913   0.1879707   0.1403829  )
        21        H      tau(  21) = (   0.8063087   0.6823668   0.1746179  )
        22        H      tau(  22) = (   0.1936913   0.3064253   0.1746179  )

     number of k points=    54
                       cart. coord. in units 2pi/alat
        k(    1) = (   0.0000000   0.0000000   0.0000000), wk =   0.0160000
        k(    2) = (  -0.5000000  -0.5056675   0.0000000), wk =   0.0000000
        k(    3) = (   0.0000000   0.0000000   0.3174595), wk =   0.0320000
        k(    4) = (  -0.5000000  -0.5056675   0.3174595), wk =   0.0000000
        k(    5) = (   0.0000000   0.0000000   0.6349191), wk =   0.0320000
        k(    6) = (  -0.5000000  -0.5056675   0.6349191), wk =   0.0000000
        k(    7) = (   0.0000000   0.2022670   0.0000000), wk =   0.0320000
        k(    8) = (  -0.5000000  -0.3034005   0.0000000), wk =   0.0000000
        k(    9) = (   0.0000000   0.2022670   0.3174595), wk =   0.0640000
        k(   10) = (  -0.5000000  -0.3034005   0.3174595), wk =   0.0000000
        k(   11) = (   0.0000000   0.2022670   0.6349191), wk =   0.0640000
        k(   12) = (  -0.5000000  -0.3034005   0.6349191), wk =   0.0000000
        k(   13) = (   0.0000000   0.4045340   0.0000000), wk =   0.0320000
        k(   14) = (  -0.5000000  -0.1011335   0.0000000), wk =   0.0000000
        k(   15) = (   0.0000000   0.4045340   0.3174595), wk =   0.0640000
        k(   16) = (  -0.5000000  -0.1011335   0.3174595), wk =   0.0000000
        k(   17) = (   0.0000000   0.4045340   0.6349191), wk =   0.0640000
        k(   18) = (  -0.5000000  -0.1011335   0.6349191), wk =   0.0000000
        k(   19) = (   0.2000000   0.0000000   0.0000000), wk =   0.0320000
        k(   20) = (  -0.3000000  -0.5056675   0.0000000), wk =   0.0000000
        k(   21) = (   0.2000000   0.0000000   0.3174595), wk =   0.0640000
        k(   22) = (  -0.3000000  -0.5056675   0.3174595), wk =   0.0000000
        k(   23) = (   0.2000000   0.0000000   0.6349191), wk =   0.0640000
        k(   24) = (  -0.3000000  -0.5056675   0.6349191), wk =   0.0000000
        k(   25) = (   0.2000000   0.2022670   0.0000000), wk =   0.0640000
        k(   26) = (  -0.3000000  -0.3034005   0.0000000), wk =   0.0000000
        k(   27) = (   0.2000000   0.2022670   0.3174595), wk =   0.1280000
        k(   28) = (  -0.3000000  -0.3034005   0.3174595), wk =   0.0000000
        k(   29) = (   0.2000000   0.2022670   0.6349191), wk =   0.1280000
        k(   30) = (  -0.3000000  -0.3034005   0.6349191), wk =   0.0000000
        k(   31) = (   0.2000000   0.4045340   0.0000000), wk =   0.0640000
        k(   32) = (  -0.3000000  -0.1011335   0.0000000), wk =   0.0000000
        k(   33) = (   0.2000000   0.4045340   0.3174595), wk =   0.1280000
        k(   34) = (  -0.3000000  -0.1011335   0.3174595), wk =   0.0000000
        k(   35) = (   0.2000000   0.4045340   0.6349191), wk =   0.1280000
        k(   36) = (  -0.3000000  -0.1011335   0.6349191), wk =   0.0000000
        k(   37) = (   0.4000000   0.0000000   0.0000000), wk =   0.0320000
        k(   38) = (  -0.1000000  -0.5056675   0.0000000), wk =   0.0000000
        k(   39) = (   0.4000000   0.0000000   0.3174595), wk =   0.0640000
        k(   40) = (  -0.1000000  -0.5056675   0.3174595), wk =   0.0000000
        k(   41) = (   0.4000000   0.0000000   0.6349191), wk =   0.0640000
        k(   42) = (  -0.1000000  -0.5056675   0.6349191), wk =   0.0000000
        k(   43) = (   0.4000000   0.2022670   0.0000000), wk =   0.0640000
        k(   44) = (  -0.1000000  -0.3034005   0.0000000), wk =   0.0000000
        k(   45) = (   0.4000000   0.2022670   0.3174595), wk =   0.1280000
        k(   46) = (  -0.1000000  -0.3034005   0.3174595), wk =   0.0000000
        k(   47) = (   0.4000000   0.2022670   0.6349191), wk =   0.1280000
        k(   48) = (  -0.1000000  -0.3034005   0.6349191), wk =   0.0000000
        k(   49) = (   0.4000000   0.4045340   0.0000000), wk =   0.0640000
        k(   50) = (  -0.1000000  -0.1011335   0.0000000), wk =   0.0000000
        k(   51) = (   0.4000000   0.4045340   0.3174595), wk =   0.1280000
        k(   52) = (  -0.1000000  -0.1011335   0.3174595), wk =   0.0000000
        k(   53) = (   0.4000000   0.4045340   0.6349191), wk =   0.1280000
        k(   54) = (  -0.1000000  -0.1011335   0.6349191), wk =   0.0000000

     Dense  grid:   618765 G-vectors     FFT dimensions: ( 128, 128,  80)

     Smooth grid:   218891 G-vectors     FFT dimensions: (  90,  90,  60)

     Estimated max dynamical RAM per process >      55.28 MB

     Estimated total dynamical RAM >       1.30 GB

     The potential is recalculated from file :
     ./_ph0/pwscf.q_7/pwscf.save/charge-density

     Starting wfcs are   42 atomic wfcs

     Band Structure Calculation
     Davidson diagonalization with overlap

     ethr =  2.08E-11,  avg # of iterations = 22.0

     total cpu time spent up to now is     1377.0 secs

     End of band structure calculation

          k = 0.0000 0.0000 0.0000 ( 27379 PWs)   bands (ev):

   -24.8179 -24.8132 -10.3041 -10.2770 -10.0753 -10.0524  -9.9798  -9.9367
    -6.6693  -5.8736  -5.3558  -5.3195  -2.4460  -1.4380  -1.3377  -1.1898
    -1.1210  -0.9276  -0.8998  -0.6453  -0.4086  -0.2349  -0.1313  -0.1137

          k =-0.5000-0.5057 0.0000 ( 27368 PWs)   bands (ev):

   -24.8155 -24.8155 -10.3063 -10.3063 -10.0548 -10.0548  -9.9581  -9.9581
    -6.2555  -6.2555  -5.4101  -5.4101  -1.7739  -1.7739  -1.2638  -1.2638
    -0.9613  -0.9613  -0.6583  -0.6583  -0.4858  -0.4858  -0.2971  -0.2971

          k = 0.0000 0.0000 0.3175 ( 27357 PWs)   bands (ev):

   -24.8124 -24.8085 -10.2440 -10.2221 -10.1724 -10.1503 -10.0612 -10.0434
    -6.3225  -5.6503  -5.4811  -5.4525  -2.1448  -1.8179  -1.6574  -1.2142
    -1.0164  -0.9683  -0.7300  -0.5853  -0.4656  -0.3000  -0.2721  -0.2091

          k =-0.5000-0.5057 0.3175 ( 27320 PWs)   bands (ev):

   -24.8104 -24.8104 -10.2464 -10.2464 -10.1600 -10.1600 -10.0451 -10.0451
    -5.9561  -5.9561  -5.5312  -5.5312  -1.8134  -1.8134  -1.6043  -1.6043
    -0.7924  -0.7924  -0.5946  -0.5946  -0.5029  -0.5029  -0.3155  -0.3155

          k = 0.0000 0.0000 0.6349 ( 27368 PWs)   bands (ev):

   -24.8029 -24.8014 -10.4449 -10.4411 -10.1232 -10.1120 -10.0551 -10.0460
    -5.6916  -5.6911  -5.6809  -5.4050  -2.0558  -1.9864  -1.8333  -1.5684
    -1.0188  -0.8873  -0.6744  -0.5268  -0.4500  -0.4125  -0.3399  -0.2963

          k =-0.5000-0.5057 0.6349 ( 27360 PWs)   bands (ev):

   -24.8021 -24.8021 -10.4409 -10.4409 -10.1246 -10.1246 -10.0491 -10.0491
    -5.7399  -5.7399  -5.4818  -5.4818  -2.1674  -2.1674  -1.7483  -1.7483
    -0.7621  -0.7621  -0.5266  -0.5266  -0.4368  -0.4368  -0.2502  -0.2502

          k = 0.0000 0.2023 0.0000 ( 27345 PWs)   bands (ev):

   -24.8175 -24.8136 -10.2900 -10.2626 -10.0950 -10.0705  -9.9757  -9.9408
    -6.5784  -5.8886  -5.4422  -5.3548  -2.2986  -1.5889  -1.4011  -0.9873
    -0.9535  -0.9217  -0.8940  -0.6364  -0.4398  -0.3810  -0.2077  -0.1776

          k =-0.5000-0.3034 0.0000 ( 27380 PWs)   bands (ev):

   -24.8155 -24.8155 -10.2878 -10.2878 -10.0758 -10.0758  -9.9581  -9.9581
    -6.2408  -6.2408  -5.4225  -5.4225  -1.8110  -1.8110  -1.1689  -1.1689
    -0.9318  -0.9318  -0.7147  -0.7147  -0.5201  -0.5201  -0.3160  -0.3160

          k = 0.0000 0.2023 0.3175 ( 27349 PWs)   bands (ev):

   -24.8120 -24.8089 -10.2416 -10.2094 -10.1658 -10.1630 -10.0628 -10.0546
    -6.2525  -5.6467  -5.5625  -5.4731  -2.0496  -1.8389  -1.6727  -1.0946
    -0.9927  -0.9407  -0.8601  -0.5515  -0.4546  -0.3271  -0.2981  -0.2760

          k =-0.5000-0.3034 0.3175 ( 27340 PWs)   bands (ev):

   -24.8104 -24.8104 -10.2357 -10.2357 -10.1630 -10.1630 -10.0535 -10.0535
    -5.9508  -5.9508  -5.5360  -5.5360  -1.8343  -1.8343  -1.5359  -1.5359
    -0.8180  -0.8180  -0.6725  -0.6725  -0.4494  -0.4494  -0.3362  -0.3362

          k = 0.0000 0.2023 0.6349 ( 27350 PWs)   bands (ev):

   -24.8028 -24.8016 -10.4498 -10.4464 -10.1125 -10.1056 -10.0553 -10.0497
    -5.8302  -5.7725  -5.5146  -5.3461  -2.1121  -2.1002  -1.7138  -1.5067
    -0.9529  -0.7906  -0.6881  -0.5258  -0.4814  -0.4659  -0.3567  -0.3431

          k =-0.5000-0.3034 0.6349 ( 27368 PWs)   bands (ev):

   -24.8021 -24.8021 -10.4474 -10.4474 -10.1143 -10.1143 -10.0507 -10.0507
    -5.7827  -5.7827  -5.4387  -5.4387  -2.2297  -2.2297  -1.6183  -1.6183
    -0.7571  -0.7571  -0.5899  -0.5899  -0.4388  -0.4388  -0.2906  -0.2906

          k = 0.0000 0.4045 0.0000 ( 27314 PWs)   bands (ev):

   -24.8163 -24.8148 -10.2547 -10.2368 -10.1292 -10.1121  -9.9649  -9.9516
    -6.3372  -6.0448  -5.5089  -5.4400  -2.0174  -1.7978  -1.2575  -0.9063
    -0.8924  -0.8591  -0.7063  -0.6656  -0.5943  -0.5159  -0.3364  -0.3316

          k =-0.5000-0.1011 0.0000 ( 27376 PWs)   bands (ev):

   -24.8155 -24.8155 -10.2460 -10.2460 -10.1214 -10.1214  -9.9583  -9.9583
    -6.2160  -6.2160  -5.4433  -5.4433  -1.8571  -1.8571  -1.0029  -1.0029
    -0.8700  -0.8700  -0.8006  -0.8006  -0.5897  -0.5897  -0.3798  -0.3798

          k = 0.0000 0.4045 0.3175 ( 27329 PWs)   bands (ev):

   -24.8110 -24.8098 -10.2278 -10.2001 -10.1766 -10.1542 -10.0736 -10.0710
    -6.0630  -5.8134  -5.5787  -5.5239  -1.9242  -1.8799  -1.5292  -1.2018
    -0.9210  -0.8808  -0.8072  -0.6075  -0.4795  -0.4718  -0.3143  -0.3013

          k =-0.5000-0.1011 0.3175 ( 27368 PWs)   bands (ev):

   -24.8104 -24.8104 -10.2123 -10.2123 -10.1724 -10.1724 -10.0683 -10.0683
    -5.9420  -5.9420  -5.5437  -5.5437  -1.8548  -1.8548  -1.4247  -1.4247
    -0.8585  -0.8585  -0.7650  -0.7650  -0.4492  -0.4492  -0.3310  -0.3310

          k = 0.0000 0.4045 0.6349 ( 27366 PWs)   bands (ev):

   -24.8024 -24.8019 -10.4567 -10.4552 -10.0937 -10.0930 -10.0580 -10.0577
    -5.9009  -5.8758  -5.3707  -5.3078  -2.2011  -2.1946  -1.5365  -1.4419
    -0.8256  -0.7009  -0.6524  -0.6427  -0.5245  -0.4955  -0.4157  -0.3812

          k =-0.5000-0.1011 0.6349 ( 27364 PWs)   bands (ev):

   -24.8022 -24.8022 -10.4573 -10.4573 -10.0962 -10.0962 -10.0555 -10.0555
    -5.8354  -5.8354  -5.3854  -5.3854  -2.2933  -2.2933  -1.4313  -1.4313
    -0.7489  -0.7489  -0.6465  -0.6465  -0.4828  -0.4828  -0.3758  -0.3758

          k = 0.2000 0.0000 0.0000 ( 27342 PWs)   bands (ev):

   -24.8175 -24.8136 -10.2876 -10.2642 -10.0929 -10.0736  -9.9757  -9.9408
    -6.5818  -5.9091  -5.3867  -5.3773  -2.3122  -1.4320  -1.3730  -1.2322
    -0.9024  -0.9021  -0.8887  -0.6520  -0.4524  -0.3553  -0.2483  -0.1834

          k =-0.3000-0.5057 0.0000 ( 27340 PWs)   bands (ev):

   -24.8155 -24.8155 -10.2884 -10.2884 -10.0750 -10.0750  -9.9581  -9.9581
    -6.2333  -6.2333  -5.4341  -5.4341  -1.8244  -1.8244  -1.1922  -1.1922
    -0.9418  -0.9418  -0.6532  -0.6532  -0.5083  -0.5083  -0.3199  -0.3199

          k = 0.2000 0.0000 0.3175 ( 27354 PWs)   bands (ev):

   -24.8120 -24.8089 -10.2302 -10.2241 -10.1639 -10.1615 -10.0705 -10.0476
    -6.2512  -5.6680  -5.5148  -5.4954  -2.0576  -1.7813  -1.7014  -1.1164
    -1.0019  -0.9435  -0.8309  -0.5479  -0.5443  -0.3104  -0.2912  -0.2528

          k =-0.3000-0.5057 0.3175 ( 27350 PWs)   bands (ev):

   -24.8104 -24.8104 -10.2369 -10.2369 -10.1606 -10.1606 -10.0543 -10.0543
    -5.9507  -5.9507  -5.5387  -5.5387  -1.8568  -1.8568  -1.5103  -1.5103
    -0.8301  -0.8301  -0.6705  -0.6705  -0.4143  -0.4143  -0.3521  -0.3521

          k = 0.2000 0.0000 0.6349 ( 27349 PWs)   bands (ev):

   -24.8028 -24.8016 -10.4504 -10.4470 -10.1159 -10.1021 -10.0584 -10.0466
    -5.7991  -5.7402  -5.5520  -5.3678  -2.1960  -2.1055  -1.6829  -1.4587
    -0.9133  -0.8271  -0.7027  -0.5586  -0.4392  -0.4374  -0.3809  -0.3239

          k =-0.3000-0.5057 0.6349 ( 27340 PWs)   bands (ev):

   -24.8021 -24.8021 -10.4468 -10.4468 -10.1139 -10.1139 -10.0512 -10.0512
    -5.8100  -5.8100  -5.4135  -5.4135  -2.1859  -2.1859  -1.6590  -1.6590
    -0.7726  -0.7726  -0.5430  -0.5430  -0.4471  -0.4471  -0.3228  -0.3228

          k = 0.2000 0.2023 0.0000 ( 27358 PWs)   bands (ev):

   -24.8171 -24.8140 -10.2982 -10.2391 -10.1260 -10.0593  -9.9723  -9.9441
    -6.5135  -5.9413  -5.4709  -5.3592  -2.1961  -1.5860  -1.3866  -1.0682
    -0.9323  -0.8731  -0.7518  -0.6342  -0.5377  -0.4595  -0.3284  -0.1603

          k =-0.3000-0.3034 0.0000 ( 27350 PWs)   bands (ev):

   -24.8164 -24.8147 -10.3015 -10.2496 -10.1182 -10.0575  -9.9656  -9.9507
    -6.3847  -6.0715  -5.4790  -5.3830  -1.9992  -1.6862  -1.3517  -0.9460
    -0.9032  -0.8953  -0.8636  -0.5822  -0.5328  -0.4794  -0.4663  -0.2045

          k = 0.2000 0.2023 0.3175 ( 27341 PWs)   bands (ev):

   -24.8117 -24.8092 -10.2398 -10.2051 -10.1833 -10.1500 -10.0738 -10.0480
    -6.1950  -5.6911  -5.5772  -5.4846  -1.9893  -1.8115  -1.6991  -1.0625
    -1.0269  -0.9393  -0.8070  -0.5680  -0.5239  -0.3391  -0.3305  -0.2508

          k =-0.3000-0.3034 0.3175 ( 27335 PWs)   bands (ev):

   -24.8111 -24.8098 -10.2425 -10.2126 -10.1840 -10.1467 -10.0702 -10.0470
    -6.0810  -5.8113  -5.5711  -5.5054  -1.9028  -1.8062  -1.6779  -1.2787
    -0.9011  -0.8583  -0.7649  -0.5842  -0.4933  -0.4011  -0.3670  -0.2709

          k = 0.2000 0.2023 0.6349 ( 27363 PWs)   bands (ev):

   -24.8026 -24.8017 -10.4550 -10.4443 -10.1207 -10.0917 -10.0597 -10.0485
    -5.8676  -5.7091  -5.5482  -5.3312  -2.2316  -2.0859  -1.6863  -1.4974
    -0.8191  -0.7770  -0.6919  -0.5400  -0.5244  -0.4419  -0.4121  -0.2861

          k =-0.3000-0.3034 0.6349 ( 27362 PWs)   bands (ev):

   -24.8024 -24.8019 -10.4543 -10.4438 -10.1224 -10.0954 -10.0570 -10.0491
    -5.8670  -5.7247  -5.5124  -5.3443  -2.2603  -2.1332  -1.6713  -1.5511
    -0.8009  -0.6982  -0.6059  -0.5883  -0.5155  -0.4223  -0.3965  -0.2663

          k = 0.2000 0.4045 0.0000 ( 27334 PWs)   bands (ev):

   -24.8161 -24.8149 -10.2857 -10.2495 -10.1179 -10.0765  -9.9636  -9.9528
    -6.3293  -6.0967  -5.4875  -5.4171  -1.9645  -1.7707  -1.2852  -0.9468
    -0.9356  -0.9032  -0.7692  -0.5687  -0.5661  -0.4973  -0.4188  -0.2584

          k =-0.3000-0.1011 0.0000 ( 27361 PWs)   bands (ev):

   -24.8169 -24.8142 -10.2815 -10.2394 -10.1260 -10.0799  -9.9703  -9.9462
    -6.4693  -5.9823  -5.4527  -5.3859  -2.1505  -1.5898  -1.2964  -1.0937
    -0.9038  -0.8637  -0.7682  -0.6452  -0.5538  -0.4946  -0.3822  -0.2199

          k = 0.2000 0.4045 0.3175 ( 27340 PWs)   bands (ev):

   -24.8109 -24.8100 -10.2363 -10.2143 -10.1758 -10.1504 -10.0707 -10.0559
    -6.0435  -5.8452  -5.5688  -5.5200  -1.9003  -1.8614  -1.5708  -1.2977
    -0.9078  -0.8295  -0.7850  -0.6097  -0.4762  -0.3993  -0.3487  -0.3108

          k =-0.3000-0.1011 0.3175 ( 27340 PWs)   bands (ev):

   -24.8115 -24.8094 -10.2296 -10.2066 -10.1841 -10.1529 -10.0770 -10.0519
    -6.1575  -5.7296  -5.5607  -5.5045  -1.9690  -1.7556  -1.7100  -1.0969
    -0.9978  -0.9217  -0.8308  -0.6112  -0.5245  -0.3568  -0.3147  -0.2795

          k = 0.2000 0.4045 0.6349 ( 27347 PWs)   bands (ev):

   -24.8023 -24.8020 -10.4547 -10.4483 -10.1124 -10.0950 -10.0571 -10.0516
    -5.8823  -5.8127  -5.4228  -5.3335  -2.2308  -2.1523  -1.6232  -1.5376
    -0.8039  -0.7263  -0.6170  -0.5389  -0.5175  -0.4542  -0.4126  -0.3256

          k =-0.3000-0.1011 0.6349 ( 27360 PWs)   bands (ev):

   -24.8026 -24.8017 -10.4563 -10.4496 -10.1129 -10.0909 -10.0612 -10.0484
    -5.8511  -5.7563  -5.4990  -5.3440  -2.2714  -2.1783  -1.5892  -1.4251
    -0.8121  -0.7572  -0.6969  -0.5842  -0.5188  -0.4244  -0.4160  -0.3159

          k = 0.4000 0.0000 0.0000 ( 27368 PWs)   bands (ev):

   -24.8163 -24.8148 -10.2490 -10.2374 -10.1284 -10.1187  -9.9649  -9.9516
    -6.3521  -6.0779  -5.4526  -5.4262  -2.0184  -1.7153  -1.1397  -0.9723
    -0.8640  -0.8603  -0.8206  -0.6656  -0.6394  -0.5546  -0.4315  -0.3196

          k =-0.1000-0.5057 0.0000 ( 27354 PWs)   bands (ev):

   -24.8155 -24.8155 -10.2488 -10.2488 -10.1182 -10.1182  -9.9582  -9.9582
    -6.1946  -6.1946  -5.4757  -5.4757  -1.8907  -1.8907  -1.0880  -1.0880
    -0.9052  -0.9052  -0.6377  -0.6377  -0.5499  -0.5499  -0.3684  -0.3684

          k = 0.4000 0.0000 0.3175 ( 27376 PWs)   bands (ev):

   -24.8110 -24.8098 -10.2165 -10.1955 -10.1924 -10.1611 -10.0776 -10.0619
    -6.0607  -5.8204  -5.5555  -5.5286  -1.9149  -1.8018  -1.5756  -1.2227
    -0.9228  -0.8559  -0.8541  -0.7035  -0.4849  -0.4067  -0.3224  -0.3137

          k =-0.1000-0.5057 0.3175 ( 27334 PWs)   bands (ev):

   -24.8104 -24.8104 -10.2188 -10.2188 -10.1618 -10.1618 -10.0716 -10.0716
    -5.9420  -5.9420  -5.5507  -5.5507  -1.8948  -1.8948  -1.3891  -1.3891
    -0.8830  -0.8830  -0.6926  -0.6926  -0.4776  -0.4776  -0.3155  -0.3155

          k = 0.4000 0.0000 0.6349 ( 27353 PWs)   bands (ev):

   -24.8024 -24.8019 -10.4583 -10.4568 -10.0999 -10.0896 -10.0612 -10.0518
    -5.8467  -5.8217  -5.4226  -5.3529  -2.3042  -2.2619  -1.4796  -1.3649
    -0.7877  -0.7448  -0.6371  -0.6149  -0.5821  -0.4167  -0.4012  -0.3884

          k =-0.1000-0.5057 0.6349 ( 27352 PWs)   bands (ev):

   -24.8022 -24.8022 -10.4558 -10.4558 -10.0942 -10.0942 -10.0574 -10.0574
    -5.8890  -5.8890  -5.3375  -5.3375  -2.2080  -2.2080  -1.4994  -1.4994
    -0.7661  -0.7661  -0.6232  -0.6232  -0.4931  -0.4931  -0.4035  -0.4035

          k = 0.4000 0.2023 0.0000 ( 27358 PWs)   bands (ev):

   -24.8161 -24.8149 -10.2844 -10.2482 -10.1195 -10.0780  -9.9636  -9.9528
    -6.3387  -6.1144  -5.4609  -5.4030  -1.9627  -1.7235  -1.2298  -0.9519
    -0.9179  -0.8828  -0.8434  -0.6507  -0.5923  -0.5175  -0.4247  -0.2615

          k =-0.1000-0.3034 0.0000 ( 27313 PWs)   bands (ev):

   -24.8169 -24.8142 -10.2836 -10.2394 -10.1258 -10.0775  -9.9703  -9.9462
    -6.4623  -5.9549  -5.4985  -5.3887  -2.1364  -1.6896  -1.3698  -0.9252
    -0.9113  -0.8849  -0.7411  -0.6179  -0.6084  -0.4735  -0.3144  -0.2146

          k = 0.4000 0.2023 0.3175 ( 27356 PWs)   bands (ev):

   -24.8109 -24.8100 -10.2329 -10.2118 -10.1820 -10.1541 -10.0701 -10.0535
    -6.0423  -5.8481  -5.5590  -5.5195  -1.8916  -1.8023  -1.6167  -1.3207
    -0.8768  -0.8483  -0.7909  -0.6386  -0.4903  -0.4092  -0.3455  -0.3047

          k =-0.1000-0.3034 0.3175 ( 27328 PWs)   bands (ev):

   -24.8115 -24.8094 -10.2378 -10.1954 -10.1859 -10.1519 -10.0724 -10.0575
    -6.1594  -5.7136  -5.5919  -5.4961  -1.9619  -1.8550  -1.6434  -1.0854
    -0.9864  -0.9028  -0.8548  -0.5705  -0.4830  -0.3789  -0.3117  -0.2972

          k = 0.4000 0.2023 0.6349 ( 27357 PWs)   bands (ev):

   -24.8023 -24.8020 -10.4556 -10.4493 -10.1134 -10.0957 -10.0568 -10.0501
    -5.8493  -5.7666  -5.4657  -5.3626  -2.2867  -2.2197  -1.5589  -1.4940
    -0.7766  -0.7327  -0.6268  -0.6044  -0.5132  -0.4357  -0.3771  -0.2953

          k =-0.1000-0.3034 0.6349 ( 27359 PWs)   bands (ev):

   -24.8026 -24.8017 -10.4553 -10.4486 -10.1107 -10.0924 -10.0585 -10.0518
    -5.8856  -5.8044  -5.4523  -5.3152  -2.2051  -2.1207  -1.6398  -1.4799
    -0.8580  -0.7201  -0.6751  -0.5679  -0.5182  -0.4890  -0.4002  -0.3338

          k = 0.4000 0.4045 0.0000 ( 27366 PWs)   bands (ev):

   -24.8158 -24.8153 -10.3049 -10.2893 -10.0746 -10.0556  -9.9602  -9.9560
    -6.2895  -6.2027  -5.4353  -5.4025  -1.8427  -1.7515  -1.2948  -1.1427
    -0.9571  -0.9406  -0.7387  -0.6023  -0.5151  -0.4851  -0.3593  -0.2612

          k =-0.1000-0.1011 0.0000 ( 27356 PWs)   bands (ev):

   -24.8177 -24.8134 -10.2991 -10.2677 -10.0887 -10.0581  -9.9777  -9.9388
    -6.6252  -5.8838  -5.3941  -5.3372  -2.3728  -1.4812  -1.3703  -1.1872
    -0.9714  -0.9242  -0.8917  -0.6453  -0.4263  -0.3005  -0.1987  -0.1320

          k = 0.4000 0.4045 0.3175 ( 27319 PWs)   bands (ev):

   -24.8106 -24.8102 -10.2453 -10.2370 -10.1666 -10.1553 -10.0535 -10.0457
    -5.9901  -5.9163  -5.5447  -5.5237  -1.8489  -1.8108  -1.6265  -1.4982
    -0.8245  -0.7936  -0.6886  -0.5976  -0.4690  -0.4430  -0.3637  -0.3002

          k =-0.1000-0.1011 0.3175 ( 27347 PWs)   bands (ev):

   -24.8122 -24.8087 -10.2411 -10.2191 -10.1672 -10.1572 -10.0646 -10.0462
    -6.2874  -5.6514  -5.5145  -5.4667  -2.0963  -1.8171  -1.6757  -1.1573
    -1.0011  -0.9595  -0.7893  -0.5676  -0.4809  -0.3140  -0.2818  -0.2327

          k = 0.4000 0.4045 0.6349 ( 27364 PWs)   bands (ev):

   -24.8022 -24.8021 -10.4461 -10.4419 -10.1239 -10.1145 -10.0509 -10.0491
    -5.7989  -5.7359  -5.4897  -5.4199  -2.2144  -2.1599  -1.7196  -1.6680
    -0.7792  -0.7451  -0.5622  -0.5380  -0.4457  -0.4313  -0.3036  -0.2543

          k =-0.1000-0.1011 0.6349 ( 27353 PWs)   bands (ev):

   -24.8028 -24.8015 -10.4484 -10.4430 -10.1207 -10.1061 -10.0561 -10.0469
    -5.7957  -5.6940  -5.6011  -5.3739  -2.1299  -2.0310  -1.7645  -1.5251
    -0.9622  -0.8541  -0.6834  -0.5324  -0.4573  -0.4237  -0.3734  -0.3018

     highest occupied level (ev):    -0.1137

     Writing config to output data dir ./_ph0/pwscf.q_7/pwscf.save/ :
     XML data file

                                                                                

     bravais-lattice index     =            8
     lattice parameter (alat)  =      13.7506  a.u.
     unit-cell volume          =    1619.6113 (a.u.)^3
     number of atoms/cell      =           22
     number of atomic types    =            3
     kinetic-energy cut-off    =     100.0000  Ry
     charge density cut-off    =     800.0000  Ry
     convergence threshold     =      1.0E-14
     beta                      =       0.7000
     number of iterations used =            4
     Exchange-correlation= PBESOL
                           (   1   4  10   8   0   0   0)


     celldm(1)=   13.75059  celldm(2)=    0.98879  celldm(3)=    0.63000
     celldm(4)=    0.00000  celldm(5)=    0.00000  celldm(6)=    0.00000

     crystal axes: (cart. coord. in units of alat)
               a(1) = (  1.0000  0.0000  0.0000 )  
               a(2) = (  0.0000  0.9888  0.0000 )  
               a(3) = (  0.0000  0.0000  0.6300 )  

     reciprocal axes: (cart. coord. in units 2 pi/alat)
               b(1) = (  1.0000  0.0000  0.0000 )  
               b(2) = (  0.0000  1.0113  0.0000 )  
               b(3) = (  0.0000  0.0000  1.5873 )  


     Atoms inside the unit cell: 

     Cartesian axes

     site n.  atom      mass           positions (alat units)
        1  Ba    137.3270   tau(    1) = (    0.50000    0.49440    0.31501  )
        2  Ba    137.3270   tau(    2) = (    0.00000    0.00000    0.62999  )
        3  B      10.8110   tau(    3) = (    0.64575    0.26903    0.00001  )
        4  B      10.8110   tau(    4) = (    0.35425    0.71976    0.00001  )
        5  B      10.8110   tau(    5) = (    0.14575    0.22536    0.31499  )
        6  B      10.8110   tau(    6) = (    0.85425    0.76343    0.31499  )
        7  H       1.0079   tau(    7) = (    0.47644    0.27855    0.00001  )
        8  H       1.0079   tau(    8) = (    0.52356    0.71024    0.00001  )
        9  H       1.0079   tau(    9) = (    0.97644    0.21585    0.31499  )
       10  H       1.0079   tau(   10) = (    0.02356    0.77295    0.31499  )
       11  H       1.0079   tau(   11) = (    0.71254    0.42531    0.00001  )
       12  H       1.0079   tau(   12) = (    0.28746    0.56348    0.00001  )
       13  H       1.0079   tau(   13) = (    0.21254    0.06909    0.31499  )
       14  H       1.0079   tau(   14) = (    0.78746    0.91970    0.31499  )
       15  H       1.0079   tau(   15) = (    0.69368    0.18797    0.48964  )
       16  H       1.0079   tau(   16) = (    0.30632    0.80082    0.48964  )
       17  H       1.0079   tau(   17) = (    0.19368    0.30643    0.45536  )
       18  H       1.0079   tau(   18) = (    0.80632    0.68236    0.45536  )
       19  H       1.0079   tau(   19) = (    0.30631    0.80082    0.14038  )
       20  H       1.0079   tau(   20) = (    0.69369    0.18797    0.14038  )
       21  H       1.0079   tau(   21) = (    0.80631    0.68237    0.17462  )
       22  H       1.0079   tau(   22) = (    0.19369    0.30643    0.17462  )

     Computing dynamical matrix for 
                    q = (  -0.5000000  -0.5056675   0.0000000 )

      5 Sym.Ops. (with q -> -q+G )


     G cutoff = 3831.5372  (  25782 G-vectors)     FFT grid: (128,128, 80)
     G cutoff = 1915.7686  (   9122 G-vectors)  smooth grid: ( 90, 90, 60)
     number of k points=    54

     PseudoPot. # 1 for B  read from file:
     /home/mehlhorn/pseudos/b_pbesol_v1.4.uspp.F.UPF
     MD5 check sum: 369b69bef2c3aeed4453bd8b804fd6a8
     Pseudo is Ultrasoft + core correction, Zval =  3.0
     Generated by new atomic code, or converted to UPF format
     Using radial grid of  781 points,  4 beta functions with: 
                l(1) =   0
                l(2) =   0
                l(3) =   1
                l(4) =   1
     Q(r) pseudized with  8 coefficients,  rinner =    1.100   1.100   1.100


     PseudoPot. # 2 for Ba read from file:
     /home/mehlhorn/pseudos/Ba.nc.z_10.oncvpsp4.dojo.v4-sp.upf
     MD5 check sum: c10ed334bb677c0554edec7181ce9143
     Pseudo is Norm-conserving + core correction, Zval = 10.0
     Generated using ONCVPSP code by D. R. Hamann
     Using radial grid of 1938 points,  8 beta functions with: 
                l(1) =   0
                l(2) =   0
                l(3) =   1
                l(4) =   1
                l(5) =   2
                l(6) =   2
                l(7) =   3
                l(8) =   3

     PseudoPot. # 3 for H  read from file:
     /home/mehlhorn/pseudos/H_ONCV_PBEsol-1.0.upf
     MD5 check sum: 398ef8f67c0a7342c05c87c5e19ea467
     Pseudo is Norm-conserving, Zval =  1.0
     Generated using ONCVPSP code by D. R. Hamann
     Using radial grid of 1180 points,  2 beta functions with: 
                l(1) =   0
                l(2) =   0


     Atomic displacements:
     There are   33 irreducible representations

     Representation     1      2 modes -  To be done

     Representation     2      2 modes -  To be done

     Representation     3      2 modes -  To be done

     Representation     4      2 modes -  To be done

     Representation     5      2 modes -  To be done

     Representation     6      2 modes -  To be done

     Representation     7      2 modes -  To be done

     Representation     8      2 modes -  To be done

     Representation     9      2 modes -  To be done

     Representation    10      2 modes -  To be done

     Representation    11      2 modes -  To be done

     Representation    12      2 modes -  To be done

     Representation    13      2 modes -  To be done

     Representation    14      2 modes -  To be done

     Representation    15      2 modes -  To be done

     Representation    16      2 modes -  To be done

     Representation    17      2 modes -  To be done

     Representation    18      2 modes -  To be done

     Representation    19      2 modes -  To be done

     Representation    20      2 modes -  To be done

     Representation    21      2 modes -  To be done

     Representation    22      2 modes -  To be done

     Representation    23      2 modes -  To be done

     Representation    24      2 modes -  To be done

     Representation    25      2 modes -  To be done

     Representation    26      2 modes -  To be done

     Representation    27      2 modes -  To be done

     Representation    28      2 modes -  To be done

     Representation    29      2 modes -  To be done

     Representation    30      2 modes -  To be done

     Representation    31      2 modes -  To be done

     Representation    32      2 modes -  To be done

     Representation    33      2 modes -  To be done



     Alpha used in Ewald sum =   2.8000
     PHONON       :   2d16h53m CPU   2d17h33m WALL



     Representation #   1 modes #   1   2

     Self-consistent Calculation

      iter #   1 total cpu time :236069.5 secs   av.it.:   3.0
      thresh= 1.000E-02 alpha_mix =  0.700 |ddv_scf|^2 =  2.699E-10

      iter #   2 total cpu time :236280.9 secs   av.it.:  16.9
      thresh= 1.643E-06 alpha_mix =  0.700 |ddv_scf|^2 =  6.867E-11

      iter #   3 total cpu time :236488.6 secs   av.it.:  16.5
      thresh= 8.287E-07 alpha_mix =  0.700 |ddv_scf|^2 =  1.725E-12

      iter #   4 total cpu time :236690.8 secs   av.it.:  15.9
      thresh= 1.314E-07 alpha_mix =  0.700 |ddv_scf|^2 =  1.332E-13

      iter #   5 total cpu time :236900.4 secs   av.it.:  16.2
      thresh= 3.649E-08 alpha_mix =  0.700 |ddv_scf|^2 =  2.470E-15

     End of self-consistent calculation

     Convergence has been achieved 


     Representation #   2 modes #   3   4

     Self-consistent Calculation

      iter #   1 total cpu time :237005.9 secs   av.it.:   4.7
      thresh= 1.000E-02 alpha_mix =  0.700 |ddv_scf|^2 =  4.540E-09

      iter #   2 total cpu time :237216.1 secs   av.it.:  16.9
      thresh= 6.738E-06 alpha_mix =  0.700 |ddv_scf|^2 =  2.494E-09

      iter #   3 total cpu time :237414.6 secs   av.it.:  15.6
      thresh= 4.994E-06 alpha_mix =  0.700 |ddv_scf|^2 =  9.415E-12

      iter #   4 total cpu time :237627.0 secs   av.it.:  16.9
      thresh= 3.068E-07 alpha_mix =  0.700 |ddv_scf|^2 =  7.595E-13

      iter #   5 total cpu time :237837.9 secs   av.it.:  16.7
      thresh= 8.715E-08 alpha_mix =  0.700 |ddv_scf|^2 =  5.739E-14

      iter #   6 total cpu time :238051.7 secs   av.it.:  16.9
      thresh= 2.396E-08 alpha_mix =  0.700 |ddv_scf|^2 =  1.142E-15

     End of self-consistent calculation

     Convergence has been achieved 


     Representation #   3 modes #   5   6

     Self-consistent Calculation

      iter #   1 total cpu time :238143.0 secs   av.it.:   3.0
      thresh= 1.000E-02 alpha_mix =  0.700 |ddv_scf|^2 =  7.031E-10

      iter #   2 total cpu time :238355.3 secs   av.it.:  16.9
      thresh= 2.652E-06 alpha_mix =  0.700 |ddv_scf|^2 =  2.983E-10

      iter #   3 total cpu time :238561.6 secs   av.it.:  15.9
      thresh= 1.727E-06 alpha_mix =  0.700 |ddv_scf|^2 =  1.594E-12

      iter #   4 total cpu time :238769.8 secs   av.it.:  16.0
      thresh= 1.263E-07 alpha_mix =  0.700 |ddv_scf|^2 =  2.100E-13

      iter #   5 total cpu time :238977.9 secs   av.it.:  16.1
      thresh= 4.582E-08 alpha_mix =  0.700 |ddv_scf|^2 =  1.159E-14

      iter #   6 total cpu time :239189.3 secs   av.it.:  16.8
      thresh= 1.076E-08 alpha_mix =  0.700 |ddv_scf|^2 =  7.312E-16

     End of self-consistent calculation

     Convergence has been achieved 


     Representation #   4 modes #   7   8

     Self-consistent Calculation

      iter #   1 total cpu time :239279.1 secs   av.it.:   3.0
      thresh= 1.000E-02 alpha_mix =  0.700 |ddv_scf|^2 =  6.518E-10

      iter #   2 total cpu time :239489.1 secs   av.it.:  16.9
      thresh= 2.553E-06 alpha_mix =  0.700 |ddv_scf|^2 =  7.082E-10

      iter #   3 total cpu time :239687.2 secs   av.it.:  15.1
      thresh= 2.661E-06 alpha_mix =  0.700 |ddv_scf|^2 =  7.115E-12

      iter #   4 total cpu time :239906.1 secs   av.it.:  16.4
      thresh= 2.667E-07 alpha_mix =  0.700 |ddv_scf|^2 =  3.010E-13

      iter #   5 total cpu time :240130.4 secs   av.it.:  16.9
      thresh= 5.487E-08 alpha_mix =  0.700 |ddv_scf|^2 =  2.140E-14

      iter #   6 total cpu time :240351.0 secs   av.it.:  16.9
      thresh= 1.463E-08 alpha_mix =  0.700 |ddv_scf|^2 =  7.530E-16

     End of self-consistent calculation

     Convergence has been achieved 


     Representation #   5 modes #   9  10

     Self-consistent Calculation

      iter #   1 total cpu time :240458.1 secs   av.it.:   4.4
      thresh= 1.000E-02 alpha_mix =  0.700 |ddv_scf|^2 =  2.623E-09

      iter #   2 total cpu time :240671.5 secs   av.it.:  16.9
      thresh= 5.122E-06 alpha_mix =  0.700 |ddv_scf|^2 =  2.022E-09

      iter #   3 total cpu time :240870.1 secs   av.it.:  15.6
      thresh= 4.496E-06 alpha_mix =  0.700 |ddv_scf|^2 =  7.551E-11

      iter #   4 total cpu time :241074.5 secs   av.it.:  16.0
      thresh= 8.689E-07 alpha_mix =  0.700 |ddv_scf|^2 =  8.345E-13

      iter #   5 total cpu time :241288.8 secs   av.it.:  16.9
      thresh= 9.135E-08 alpha_mix =  0.700 |ddv_scf|^2 =  1.577E-13

      iter #   6 total cpu time :241497.9 secs   av.it.:  16.9
      thresh= 3.971E-08 alpha_mix =  0.700 |ddv_scf|^2 =  1.127E-15

     End of self-consistent calculation

     Convergence has been achieved 


     Representation #   6 modes #  11  12

     Self-consistent Calculation

      iter #   1 total cpu time :241588.5 secs   av.it.:   3.0
      thresh= 1.000E-02 alpha_mix =  0.700 |ddv_scf|^2 =  9.292E-10

      iter #   2 total cpu time :241803.1 secs   av.it.:  16.1
      thresh= 3.048E-06 alpha_mix =  0.700 |ddv_scf|^2 =  8.648E-10

      iter #   3 total cpu time :241997.7 secs   av.it.:  15.0
      thresh= 2.941E-06 alpha_mix =  0.700 |ddv_scf|^2 =  1.283E-11

      iter #   4 total cpu time :242203.8 secs   av.it.:  16.0
      thresh= 3.582E-07 alpha_mix =  0.700 |ddv_scf|^2 =  3.049E-13

      iter #   5 total cpu time :242416.5 secs   av.it.:  16.9
      thresh= 5.522E-08 alpha_mix =  0.700 |ddv_scf|^2 =  1.692E-14

      iter #   6 total cpu time :242629.1 secs   av.it.:  16.9
      thresh= 1.301E-08 alpha_mix =  0.700 |ddv_scf|^2 =  1.058E-15

     End of self-consistent calculation

     Convergence has been achieved 


     Representation #   7 modes #  13  14

     Self-consistent Calculation

      iter #   1 total cpu time :242720.3 secs   av.it.:   3.0
      thresh= 1.000E-02 alpha_mix =  0.700 |ddv_scf|^2 =  1.329E-09

      iter #   2 total cpu time :242930.8 secs   av.it.:  16.6
      thresh= 3.645E-06 alpha_mix =  0.700 |ddv_scf|^2 =  1.743E-09

      iter #   3 total cpu time :243126.0 secs   av.it.:  15.0
      thresh= 4.175E-06 alpha_mix =  0.700 |ddv_scf|^2 =  4.661E-12

      iter #   4 total cpu time :243339.4 secs   av.it.:  16.9
      thresh= 2.159E-07 alpha_mix =  0.700 |ddv_scf|^2 =  2.778E-13

      iter #   5 total cpu time :243554.2 secs   av.it.:  16.9
      thresh= 5.271E-08 alpha_mix =  0.700 |ddv_scf|^2 =  2.278E-14

      iter #   6 total cpu time :243764.9 secs   av.it.:  16.6
      thresh= 1.509E-08 alpha_mix =  0.700 |ddv_scf|^2 =  1.635E-15

     End of self-consistent calculation

     Convergence has been achieved 


     Representation #   8 modes #  15  16

     Self-consistent Calculation

      iter #   1 total cpu time :243857.7 secs   av.it.:   3.3
      thresh= 1.000E-02 alpha_mix =  0.700 |ddv_scf|^2 =  6.572E-10

      iter #   2 total cpu time :244074.8 secs   av.it.:  16.9
      thresh= 2.564E-06 alpha_mix =  0.700 |ddv_scf|^2 =  5.648E-10

      iter #   3 total cpu time :244273.6 secs   av.it.:  15.9
      thresh= 2.377E-06 alpha_mix =  0.700 |ddv_scf|^2 =  1.566E-11

      iter #   4 total cpu time :244475.6 secs   av.it.:  16.0
      thresh= 3.957E-07 alpha_mix =  0.700 |ddv_scf|^2 =  5.676E-13

      iter #   5 total cpu time :244685.9 secs   av.it.:  16.9
      thresh= 7.534E-08 alpha_mix =  0.700 |ddv_scf|^2 =  1.281E-14

      iter #   6 total cpu time :244903.5 secs   av.it.:  16.9
      thresh= 1.132E-08 alpha_mix =  0.700 |ddv_scf|^2 =  1.126E-15

     End of self-consistent calculation

     Convergence has been achieved 


     Representation #   9 modes #  17  18

     Self-consistent Calculation

      iter #   1 total cpu time :244994.9 secs   av.it.:   3.0
      thresh= 1.000E-02 alpha_mix =  0.700 |ddv_scf|^2 =  2.060E-09

      iter #   2 total cpu time :245200.7 secs   av.it.:  16.0
      thresh= 4.539E-06 alpha_mix =  0.700 |ddv_scf|^2 =  1.221E-09

      iter #   3 total cpu time :245392.7 secs   av.it.:  15.0
      thresh= 3.494E-06 alpha_mix =  0.700 |ddv_scf|^2 =  4.871E-13

      iter #   4 total cpu time :245610.8 secs   av.it.:  16.9
      thresh= 6.980E-08 alpha_mix =  0.700 |ddv_scf|^2 =  1.147E-13

      iter #   5 total cpu time :245816.2 secs   av.it.:  16.7
      thresh= 3.386E-08 alpha_mix =  0.700 |ddv_scf|^2 =  1.101E-14

      iter #   6 total cpu time :246024.1 secs   av.it.:  16.6
      thresh= 1.049E-08 alpha_mix =  0.700 |ddv_scf|^2 =  5.637E-16

     End of self-consistent calculation

     Convergence has been achieved 


     Representation #  10 modes #  19  20

     Self-consistent Calculation

      iter #   1 total cpu time :246117.9 secs   av.it.:   3.3
      thresh= 1.000E-02 alpha_mix =  0.700 |ddv_scf|^2 =  9.747E-10

      iter #   2 total cpu time :246338.4 secs   av.it.:  16.7
      thresh= 3.122E-06 alpha_mix =  0.700 |ddv_scf|^2 =  4.748E-10

      iter #   3 total cpu time :246550.3 secs   av.it.:  15.9
      thresh= 2.179E-06 alpha_mix =  0.700 |ddv_scf|^2 =  7.030E-13

      iter #   4 total cpu time :246771.7 secs   av.it.:  16.9
      thresh= 8.385E-08 alpha_mix =  0.700 |ddv_scf|^2 =  1.786E-13

      iter #   5 total cpu time :246990.1 secs   av.it.:  16.4
      thresh= 4.227E-08 alpha_mix =  0.700 |ddv_scf|^2 =  9.684E-15

     End of self-consistent calculation

     Convergence has been achieved 


     Representation #  11 modes #  21  22

     Self-consistent Calculation

      iter #   1 total cpu time :247118.7 secs   av.it.:   6.6
      thresh= 1.000E-02 alpha_mix =  0.700 |ddv_scf|^2 =  8.807E-09

      iter #   2 total cpu time :247329.3 secs   av.it.:  16.4
      thresh= 9.385E-06 alpha_mix =  0.700 |ddv_scf|^2 =  1.731E-09

      iter #   3 total cpu time :247535.6 secs   av.it.:  16.3
      thresh= 4.161E-06 alpha_mix =  0.700 |ddv_scf|^2 =  6.132E-12

      iter #   4 total cpu time :247744.0 secs   av.it.:  16.4
      thresh= 2.476E-07 alpha_mix =  0.700 |ddv_scf|^2 =  9.090E-14

      iter #   5 total cpu time :247954.8 secs   av.it.:  16.6
      thresh= 3.015E-08 alpha_mix =  0.700 |ddv_scf|^2 =  1.678E-15

     End of self-consistent calculation

     Convergence has been achieved 


     Representation #  12 modes #  23  24

     Self-consistent Calculation

      iter #   1 total cpu time :248048.2 secs   av.it.:   3.4
      thresh= 1.000E-02 alpha_mix =  0.700 |ddv_scf|^2 =  9.194E-10

      iter #   2 total cpu time :248270.6 secs   av.it.:  16.9
      thresh= 3.032E-06 alpha_mix =  0.700 |ddv_scf|^2 =  1.103E-09

      iter #   3 total cpu time :248476.3 secs   av.it.:  15.2
      thresh= 3.321E-06 alpha_mix =  0.700 |ddv_scf|^2 =  8.970E-12

      iter #   4 total cpu time :248691.2 secs   av.it.:  16.9
      thresh= 2.995E-07 alpha_mix =  0.700 |ddv_scf|^2 =  5.679E-13

      iter #   5 total cpu time :248902.8 secs   av.it.:  16.8
      thresh= 7.536E-08 alpha_mix =  0.700 |ddv_scf|^2 =  1.497E-14

      iter #   6 total cpu time :249117.9 secs   av.it.:  16.9
      thresh= 1.224E-08 alpha_mix =  0.700 |ddv_scf|^2 =  1.251E-15

     End of self-consistent calculation

     Convergence has been achieved 


     Representation #  13 modes #  25  26

     Self-consistent Calculation

      iter #   1 total cpu time :249220.6 secs   av.it.:   5.0
      thresh= 1.000E-02 alpha_mix =  0.700 |ddv_scf|^2 =  1.827E-08

      iter #   2 total cpu time :249425.5 secs   av.it.:  16.0
      thresh= 1.352E-05 alpha_mix =  0.700 |ddv_scf|^2 =  2.570E-08

      iter #   3 total cpu time :249617.1 secs   av.it.:  15.0
      thresh= 1.603E-05 alpha_mix =  0.700 |ddv_scf|^2 =  2.747E-11

      iter #   4 total cpu time :249830.9 secs   av.it.:  16.9
      thresh= 5.241E-07 alpha_mix =  0.700 |ddv_scf|^2 =  3.098E-12

      iter #   5 total cpu time :250041.0 secs   av.it.:  16.7
      thresh= 1.760E-07 alpha_mix =  0.700 |ddv_scf|^2 =  1.911E-13

      iter #   6 total cpu time :250253.6 secs   av.it.:  16.9
      thresh= 4.371E-08 alpha_mix =  0.700 |ddv_scf|^2 =  1.513E-14

      iter #   7 total cpu time :250456.8 secs   av.it.:  16.0
      thresh= 1.230E-08 alpha_mix =  0.700 |ddv_scf|^2 =  2.446E-16

     End of self-consistent calculation

     Convergence has been achieved 


     Representation #  14 modes #  27  28

     Self-consistent Calculation

      iter #   1 total cpu time :250549.0 secs   av.it.:   3.2
      thresh= 1.000E-02 alpha_mix =  0.700 |ddv_scf|^2 =  6.023E-10

      iter #   2 total cpu time :250761.5 secs   av.it.:  16.9
      thresh= 2.454E-06 alpha_mix =  0.700 |ddv_scf|^2 =  5.263E-10

      iter #   3 total cpu time :250959.3 secs   av.it.:  15.4
      thresh= 2.294E-06 alpha_mix =  0.700 |ddv_scf|^2 =  1.257E-11

      iter #   4 total cpu time :251163.5 secs   av.it.:  16.0
      thresh= 3.545E-07 alpha_mix =  0.700 |ddv_scf|^2 =  3.453E-13

      iter #   5 total cpu time :251376.3 secs   av.it.:  16.9
      thresh= 5.876E-08 alpha_mix =  0.700 |ddv_scf|^2 =  1.844E-14

      iter #   6 total cpu time :251589.4 secs   av.it.:  16.9
      thresh= 1.358E-08 alpha_mix =  0.700 |ddv_scf|^2 =  8.170E-16

     End of self-consistent calculation

     Convergence has been achieved 


     Representation #  15 modes #  29  30

     Self-consistent Calculation

      iter #   1 total cpu time :251680.7 secs   av.it.:   3.1
      thresh= 1.000E-02 alpha_mix =  0.700 |ddv_scf|^2 =  1.625E-09

      iter #   2 total cpu time :251894.3 secs   av.it.:  16.0
      thresh= 4.032E-06 alpha_mix =  0.700 |ddv_scf|^2 =  9.965E-10

      iter #   3 total cpu time :252097.4 secs   av.it.:  15.0
      thresh= 3.157E-06 alpha_mix =  0.700 |ddv_scf|^2 =  4.315E-13

      iter #   4 total cpu time :252318.7 secs   av.it.:  16.9
      thresh= 6.569E-08 alpha_mix =  0.700 |ddv_scf|^2 =  8.149E-14

      iter #   5 total cpu time :252532.8 secs   av.it.:  16.9
      thresh= 2.855E-08 alpha_mix =  0.700 |ddv_scf|^2 =  7.059E-15

     End of self-consistent calculation

     Convergence has been achieved 


     Representation #  16 modes #  31  32

     Self-consistent Calculation

      iter #   1 total cpu time :252660.7 secs   av.it.:   6.6
      thresh= 1.000E-02 alpha_mix =  0.700 |ddv_scf|^2 =  7.295E-08

      iter #   2 total cpu time :252864.3 secs   av.it.:  16.4
      thresh= 2.701E-05 alpha_mix =  0.700 |ddv_scf|^2 =  1.048E-07

      iter #   3 total cpu time :253054.2 secs   av.it.:  14.9
      thresh= 3.237E-05 alpha_mix =  0.700 |ddv_scf|^2 =  2.068E-10

      iter #   4 total cpu time :253260.9 secs   av.it.:  16.7
      thresh= 1.438E-06 alpha_mix =  0.700 |ddv_scf|^2 =  6.074E-12

      iter #   5 total cpu time :253469.1 secs   av.it.:  16.7
      thresh= 2.465E-07 alpha_mix =  0.700 |ddv_scf|^2 =  5.291E-13

      iter #   6 total cpu time :253681.2 secs   av.it.:  16.7
      thresh= 7.274E-08 alpha_mix =  0.700 |ddv_scf|^2 =  1.297E-14

      iter #   7 total cpu time :253892.9 secs   av.it.:  16.7
      thresh= 1.139E-08 alpha_mix =  0.700 |ddv_scf|^2 =  1.863E-15

     End of self-consistent calculation

     Convergence has been achieved 


     Representation #  17 modes #  33  34

     Self-consistent Calculation

      iter #   1 total cpu time :253981.7 secs   av.it.:   3.0
      thresh= 1.000E-02 alpha_mix =  0.700 |ddv_scf|^2 =  1.325E-09

      iter #   2 total cpu time :254192.2 secs   av.it.:  16.0
      thresh= 3.640E-06 alpha_mix =  0.700 |ddv_scf|^2 =  7.155E-10

      iter #   3 total cpu time :254386.6 secs   av.it.:  15.0
      thresh= 2.675E-06 alpha_mix =  0.700 |ddv_scf|^2 =  7.770E-13

      iter #   4 total cpu time :254602.3 secs   av.it.:  16.9
      thresh= 8.815E-08 alpha_mix =  0.700 |ddv_scf|^2 =  1.270E-13

      iter #   5 total cpu time :254818.8 secs   av.it.:  16.4
      thresh= 3.564E-08 alpha_mix =  0.700 |ddv_scf|^2 =  1.634E-14

      iter #   6 total cpu time :255029.7 secs   av.it.:  16.3
      thresh= 1.278E-08 alpha_mix =  0.700 |ddv_scf|^2 =  6.979E-16

     End of self-consistent calculation

     Convergence has been achieved 


     Representation #  18 modes #  35  36

     Self-consistent Calculation

      iter #   1 total cpu time :255118.5 secs   av.it.:   3.0
      thresh= 1.000E-02 alpha_mix =  0.700 |ddv_scf|^2 =  4.206E-10

      iter #   2 total cpu time :255326.7 secs   av.it.:  16.1
      thresh= 2.051E-06 alpha_mix =  0.700 |ddv_scf|^2 =  1.789E-10

      iter #   3 total cpu time :255526.0 secs   av.it.:  15.8
      thresh= 1.338E-06 alpha_mix =  0.700 |ddv_scf|^2 =  1.481E-12

      iter #   4 total cpu time :255726.3 secs   av.it.:  16.0
      thresh= 1.217E-07 alpha_mix =  0.700 |ddv_scf|^2 =  6.308E-14

      iter #   5 total cpu time :255929.3 secs   av.it.:  16.8
      thresh= 2.511E-08 alpha_mix =  0.700 |ddv_scf|^2 =  4.428E-15

     End of self-consistent calculation

     Convergence has been achieved 


     Representation #  19 modes #  37  38

     Self-consistent Calculation

      iter #   1 total cpu time :256018.5 secs   av.it.:   3.0
      thresh= 1.000E-02 alpha_mix =  0.700 |ddv_scf|^2 =  7.089E-10

      iter #   2 total cpu time :256230.8 secs   av.it.:  16.8
      thresh= 2.663E-06 alpha_mix =  0.700 |ddv_scf|^2 =  5.653E-10

      iter #   3 total cpu time :256430.7 secs   av.it.:  15.7
      thresh= 2.378E-06 alpha_mix =  0.700 |ddv_scf|^2 =  1.542E-11

      iter #   4 total cpu time :256629.0 secs   av.it.:  15.9
      thresh= 3.927E-07 alpha_mix =  0.700 |ddv_scf|^2 =  5.580E-13

      iter #   5 total cpu time :256835.9 secs   av.it.:  16.9
      thresh= 7.470E-08 alpha_mix =  0.700 |ddv_scf|^2 =  1.747E-14

      iter #   6 total cpu time :257042.1 secs   av.it.:  16.9
      thresh= 1.322E-08 alpha_mix =  0.700 |ddv_scf|^2 =  8.457E-16

     End of self-consistent calculation

     Convergence has been achieved 


     Representation #  20 modes #  39  40

     Self-consistent Calculation

      iter #   1 total cpu time :257131.4 secs   av.it.:   3.0
      thresh= 1.000E-02 alpha_mix =  0.700 |ddv_scf|^2 =  9.864E-10

      iter #   2 total cpu time :257350.7 secs   av.it.:  16.7
      thresh= 3.141E-06 alpha_mix =  0.700 |ddv_scf|^2 =  5.670E-10

      iter #   3 total cpu time :257552.5 secs   av.it.:  15.8
      thresh= 2.381E-06 alpha_mix =  0.700 |ddv_scf|^2 =  6.341E-13

      iter #   4 total cpu time :257772.0 secs   av.it.:  17.0
      thresh= 7.963E-08 alpha_mix =  0.700 |ddv_scf|^2 =  1.095E-13

      iter #   5 total cpu time :257985.6 secs   av.it.:  16.9
      thresh= 3.309E-08 alpha_mix =  0.700 |ddv_scf|^2 =  5.207E-15

     End of self-consistent calculation

     Convergence has been achieved 


     Representation #  21 modes #  41  42

     Self-consistent Calculation

      iter #   1 total cpu time :258074.5 secs   av.it.:   3.0
      thresh= 1.000E-02 alpha_mix =  0.700 |ddv_scf|^2 =  1.619E-09

      iter #   2 total cpu time :258280.5 secs   av.it.:  16.0
      thresh= 4.023E-06 alpha_mix =  0.700 |ddv_scf|^2 =  1.875E-09

      iter #   3 total cpu time :258480.3 secs   av.it.:  15.0
      thresh= 4.331E-06 alpha_mix =  0.700 |ddv_scf|^2 =  8.655E-12

      iter #   4 total cpu time :258691.4 secs   av.it.:  15.9
      thresh= 2.942E-07 alpha_mix =  0.700 |ddv_scf|^2 =  1.467E-13

      iter #   5 total cpu time :258903.1 secs   av.it.:  16.8
      thresh= 3.830E-08 alpha_mix =  0.700 |ddv_scf|^2 =  1.018E-14

      iter #   6 total cpu time :259144.9 secs   av.it.:  16.6
      thresh= 1.009E-08 alpha_mix =  0.700 |ddv_scf|^2 =  4.015E-16

     End of self-consistent calculation

     Convergence has been achieved 


     Representation #  22 modes #  43  44

     Self-consistent Calculation

      iter #   1 total cpu time :259250.4 secs   av.it.:   4.7
      thresh= 1.000E-02 alpha_mix =  0.700 |ddv_scf|^2 =  5.728E-09

      iter #   2 total cpu time :259460.7 secs   av.it.:  16.6
      thresh= 7.568E-06 alpha_mix =  0.700 |ddv_scf|^2 =  3.353E-09

      iter #   3 total cpu time :259657.0 secs   av.it.:  15.0
      thresh= 5.791E-06 alpha_mix =  0.700 |ddv_scf|^2 =  8.794E-12

      iter #   4 total cpu time :259869.3 secs   av.it.:  16.9
      thresh= 2.965E-07 alpha_mix =  0.700 |ddv_scf|^2 =  6.283E-13

      iter #   5 total cpu time :260087.8 secs   av.it.:  16.9
      thresh= 7.927E-08 alpha_mix =  0.700 |ddv_scf|^2 =  5.774E-14

      iter #   6 total cpu time :260307.6 secs   av.it.:  16.9
      thresh= 2.403E-08 alpha_mix =  0.700 |ddv_scf|^2 =  2.448E-15

     End of self-consistent calculation

     Convergence has been achieved 


     Representation #  23 modes #  45  46

     Self-consistent Calculation

      iter #   1 total cpu time :260398.7 secs   av.it.:   3.0
      thresh= 1.000E-02 alpha_mix =  0.700 |ddv_scf|^2 =  7.019E-10

      iter #   2 total cpu time :260615.7 secs   av.it.:  16.5
      thresh= 2.649E-06 alpha_mix =  0.700 |ddv_scf|^2 =  3.208E-10

      iter #   3 total cpu time :260817.5 secs   av.it.:  15.9
      thresh= 1.791E-06 alpha_mix =  0.700 |ddv_scf|^2 =  1.343E-12

      iter #   4 total cpu time :261027.0 secs   av.it.:  16.3
      thresh= 1.159E-07 alpha_mix =  0.700 |ddv_scf|^2 =  1.557E-13

      iter #   5 total cpu time :261245.3 secs   av.it.:  16.8
      thresh= 3.945E-08 alpha_mix =  0.700 |ddv_scf|^2 =  1.488E-14

      iter #   6 total cpu time :261460.3 secs   av.it.:  16.3
      thresh= 1.220E-08 alpha_mix =  0.700 |ddv_scf|^2 =  9.316E-16

     End of self-consistent calculation

     Convergence has been achieved 


     Representation #  24 modes #  47  48

     Self-consistent Calculation

      iter #   1 total cpu time :261565.4 secs   av.it.:   4.9
      thresh= 1.000E-02 alpha_mix =  0.700 |ddv_scf|^2 =  7.618E-09

      iter #   2 total cpu time :261774.8 secs   av.it.:  16.6
      thresh= 8.728E-06 alpha_mix =  0.700 |ddv_scf|^2 =  9.140E-09

      iter #   3 total cpu time :261968.3 secs   av.it.:  15.0
      thresh= 9.560E-06 alpha_mix =  0.700 |ddv_scf|^2 =  4.434E-11

      iter #   4 total cpu time :262177.1 secs   av.it.:  16.7
      thresh= 6.659E-07 alpha_mix =  0.700 |ddv_scf|^2 =  2.139E-12

      iter #   5 total cpu time :262391.7 secs   av.it.:  16.8
      thresh= 1.463E-07 alpha_mix =  0.700 |ddv_scf|^2 =  1.659E-13

      iter #   6 total cpu time :262613.6 secs   av.it.:  16.9
      thresh= 4.073E-08 alpha_mix =  0.700 |ddv_scf|^2 =  9.408E-15

     End of self-consistent calculation

     Convergence has been achieved 


     Representation #  25 modes #  49  50

     Self-consistent Calculation

      iter #   1 total cpu time :262706.3 secs   av.it.:   3.4
      thresh= 1.000E-02 alpha_mix =  0.700 |ddv_scf|^2 =  7.818E-10

      iter #   2 total cpu time :262918.8 secs   av.it.:  16.9
      thresh= 2.796E-06 alpha_mix =  0.700 |ddv_scf|^2 =  3.171E-10

      iter #   3 total cpu time :263126.4 secs   av.it.:  16.0
      thresh= 1.781E-06 alpha_mix =  0.700 |ddv_scf|^2 =  1.238E-12

      iter #   4 total cpu time :263335.5 secs   av.it.:  16.0
      thresh= 1.113E-07 alpha_mix =  0.700 |ddv_scf|^2 =  1.523E-13

      iter #   5 total cpu time :263543.3 secs   av.it.:  16.0
      thresh= 3.902E-08 alpha_mix =  0.700 |ddv_scf|^2 =  9.153E-15

     End of self-consistent calculation

     Convergence has been achieved 


     Representation #  26 modes #  51  52

     Self-consistent Calculation

      iter #   1 total cpu time :263675.4 secs   av.it.:   6.8
      thresh= 1.000E-02 alpha_mix =  0.700 |ddv_scf|^2 =  1.493E-07

      iter #   2 total cpu time :263881.3 secs   av.it.:  15.9
      thresh= 3.864E-05 alpha_mix =  0.700 |ddv_scf|^2 =  2.117E-07

      iter #   3 total cpu time :264074.8 secs   av.it.:  14.9
      thresh= 4.601E-05 alpha_mix =  0.700 |ddv_scf|^2 =  1.567E-10

      iter #   4 total cpu time :264286.9 secs   av.it.:  16.8
      thresh= 1.252E-06 alpha_mix =  0.700 |ddv_scf|^2 =  5.060E-12

      iter #   5 total cpu time :264499.3 secs   av.it.:  16.7
      thresh= 2.249E-07 alpha_mix =  0.700 |ddv_scf|^2 =  2.802E-13

      iter #   6 total cpu time :264715.0 secs   av.it.:  16.7
      thresh= 5.294E-08 alpha_mix =  0.700 |ddv_scf|^2 =  4.129E-14

      iter #   7 total cpu time :264923.7 secs   av.it.:  16.1
      thresh= 2.032E-08 alpha_mix =  0.700 |ddv_scf|^2 =  5.518E-15

     End of self-consistent calculation

     Convergence has been achieved 


     Representation #  27 modes #  53  54

     Self-consistent Calculation

      iter #   1 total cpu time :265018.0 secs   av.it.:   3.9
      thresh= 1.000E-02 alpha_mix =  0.700 |ddv_scf|^2 =  1.669E-09

      iter #   2 total cpu time :265231.4 secs   av.it.:  16.8
      thresh= 4.085E-06 alpha_mix =  0.700 |ddv_scf|^2 =  2.116E-09

      iter #   3 total cpu time :265427.3 secs   av.it.:  15.1
      thresh= 4.600E-06 alpha_mix =  0.700 |ddv_scf|^2 =  1.188E-11

      iter #   4 total cpu time :265637.0 secs   av.it.:  16.4
      thresh= 3.447E-07 alpha_mix =  0.700 |ddv_scf|^2 =  4.488E-13

      iter #   5 total cpu time :265850.1 secs   av.it.:  16.9
      thresh= 6.699E-08 alpha_mix =  0.700 |ddv_scf|^2 =  1.997E-14

      iter #   6 total cpu time :266059.0 secs   av.it.:  16.0
      thresh= 1.413E-08 alpha_mix =  0.700 |ddv_scf|^2 =  1.203E-15

     End of self-consistent calculation

     Convergence has been achieved 


     Representation #  28 modes #  55  56

     Self-consistent Calculation

      iter #   1 total cpu time :266163.7 secs   av.it.:   5.0
      thresh= 1.000E-02 alpha_mix =  0.700 |ddv_scf|^2 =  1.118E-08

      iter #   2 total cpu time :266370.2 secs   av.it.:  16.0
      thresh= 1.058E-05 alpha_mix =  0.700 |ddv_scf|^2 =  7.665E-09

      iter #   3 total cpu time :266563.9 secs   av.it.:  15.0
      thresh= 8.755E-06 alpha_mix =  0.700 |ddv_scf|^2 =  1.163E-11

      iter #   4 total cpu time :266774.2 secs   av.it.:  16.6
      thresh= 3.410E-07 alpha_mix =  0.700 |ddv_scf|^2 =  6.350E-13

      iter #   5 total cpu time :266984.0 secs   av.it.:  16.8
      thresh= 7.969E-08 alpha_mix =  0.700 |ddv_scf|^2 =  6.551E-14

      iter #   6 total cpu time :267197.3 secs   av.it.:  16.8
      thresh= 2.560E-08 alpha_mix =  0.700 |ddv_scf|^2 =  3.585E-15

     End of self-consistent calculation

     Convergence has been achieved 


     Representation #  29 modes #  57  58

     Self-consistent Calculation

      iter #   1 total cpu time :267289.2 secs   av.it.:   3.0
      thresh= 1.000E-02 alpha_mix =  0.700 |ddv_scf|^2 =  1.715E-09

      iter #   2 total cpu time :267497.1 secs   av.it.:  16.1
      thresh= 4.141E-06 alpha_mix =  0.700 |ddv_scf|^2 =  2.266E-09

      iter #   3 total cpu time :267692.1 secs   av.it.:  15.0
      thresh= 4.760E-06 alpha_mix =  0.700 |ddv_scf|^2 =  4.256E-12

      iter #   4 total cpu time :267907.7 secs   av.it.:  16.9
      thresh= 2.063E-07 alpha_mix =  0.700 |ddv_scf|^2 =  5.249E-13

      iter #   5 total cpu time :268115.7 secs   av.it.:  16.8
      thresh= 7.245E-08 alpha_mix =  0.700 |ddv_scf|^2 =  1.774E-14

      iter #   6 total cpu time :268336.2 secs   av.it.:  16.9
      thresh= 1.332E-08 alpha_mix =  0.700 |ddv_scf|^2 =  6.849E-16

     End of self-consistent calculation

     Convergence has been achieved 


     Representation #  30 modes #  59  60

     Self-consistent Calculation

      iter #   1 total cpu time :268428.1 secs   av.it.:   3.0
      thresh= 1.000E-02 alpha_mix =  0.700 |ddv_scf|^2 =  6.804E-10

      iter #   2 total cpu time :268638.9 secs   av.it.:  16.8
      thresh= 2.609E-06 alpha_mix =  0.700 |ddv_scf|^2 =  4.000E-10

      iter #   3 total cpu time :268838.1 secs   av.it.:  15.6
      thresh= 2.000E-06 alpha_mix =  0.700 |ddv_scf|^2 =  6.413E-13

      iter #   4 total cpu time :269054.7 secs   av.it.:  16.9
      thresh= 8.008E-08 alpha_mix =  0.700 |ddv_scf|^2 =  9.630E-14

      iter #   5 total cpu time :269265.2 secs   av.it.:  16.8
      thresh= 3.103E-08 alpha_mix =  0.700 |ddv_scf|^2 =  2.978E-15

     End of self-consistent calculation

     Convergence has been achieved 


     Representation #  31 modes #  61  62

     Self-consistent Calculation

      iter #   1 total cpu time :269357.7 secs   av.it.:   3.5
      thresh= 1.000E-02 alpha_mix =  0.700 |ddv_scf|^2 =  1.129E-09

      iter #   2 total cpu time :269569.4 secs   av.it.:  16.9
      thresh= 3.361E-06 alpha_mix =  0.700 |ddv_scf|^2 =  1.404E-09

      iter #   3 total cpu time :269764.9 secs   av.it.:  15.1
      thresh= 3.747E-06 alpha_mix =  0.700 |ddv_scf|^2 =  8.010E-12

      iter #   4 total cpu time :269977.1 secs   av.it.:  16.9
      thresh= 2.830E-07 alpha_mix =  0.700 |ddv_scf|^2 =  6.104E-13

      iter #   5 total cpu time :270187.6 secs   av.it.:  16.6
      thresh= 7.813E-08 alpha_mix =  0.700 |ddv_scf|^2 =  1.048E-14

      iter #   6 total cpu time :270401.2 secs   av.it.:  16.9
      thresh= 1.024E-08 alpha_mix =  0.700 |ddv_scf|^2 =  3.518E-16

     End of self-consistent calculation

     Convergence has been achieved 


     Representation #  32 modes #  63  64

     Self-consistent Calculation

      iter #   1 total cpu time :270495.4 secs   av.it.:   3.9
      thresh= 1.000E-02 alpha_mix =  0.700 |ddv_scf|^2 =  1.909E-09

      iter #   2 total cpu time :270706.3 secs   av.it.:  16.7
      thresh= 4.370E-06 alpha_mix =  0.700 |ddv_scf|^2 =  2.442E-09

      iter #   3 total cpu time :270902.3 secs   av.it.:  15.0
      thresh= 4.941E-06 alpha_mix =  0.700 |ddv_scf|^2 =  9.314E-12

      iter #   4 total cpu time :271110.0 secs   av.it.:  16.9
      thresh= 3.052E-07 alpha_mix =  0.700 |ddv_scf|^2 =  4.860E-13

      iter #   5 total cpu time :271322.8 secs   av.it.:  16.9
      thresh= 6.971E-08 alpha_mix =  0.700 |ddv_scf|^2 =  1.861E-14

      iter #   6 total cpu time :271531.6 secs   av.it.:  16.7
      thresh= 1.364E-08 alpha_mix =  0.700 |ddv_scf|^2 =  2.389E-15

     End of self-consistent calculation

     Convergence has been achieved 


     Representation #  33 modes #  65  66

     Self-consistent Calculation

      iter #   1 total cpu time :271623.8 secs   av.it.:   3.1
      thresh= 1.000E-02 alpha_mix =  0.700 |ddv_scf|^2 =  5.518E-10

      iter #   2 total cpu time :271834.7 secs   av.it.:  16.9
      thresh= 2.349E-06 alpha_mix =  0.700 |ddv_scf|^2 =  2.190E-10

      iter #   3 total cpu time :272043.3 secs   av.it.:  16.2
      thresh= 1.480E-06 alpha_mix =  0.700 |ddv_scf|^2 =  1.031E-12

      iter #   4 total cpu time :272255.5 secs   av.it.:  16.7
      thresh= 1.016E-07 alpha_mix =  0.700 |ddv_scf|^2 =  2.183E-13

      iter #   5 total cpu time :272460.0 secs   av.it.:  15.9
      thresh= 4.673E-08 alpha_mix =  0.700 |ddv_scf|^2 =  7.329E-15

     End of self-consistent calculation

     Convergence has been achieved 

     Number of q in the star =    1
     List of q in the star:
          1  -0.500000000  -0.505667486   0.000000000

     Diagonalizing the dynamical matrix

     q = (   -0.500000000  -0.505667486   0.000000000 ) 

 **************************************************************************
     freq (    1) =       0.851836 [THz] =      28.414190 [cm-1]
     freq (    2) =       0.851836 [THz] =      28.414190 [cm-1]
     freq (    3) =       1.165072 [THz] =      38.862629 [cm-1]
     freq (    4) =       1.165072 [THz] =      38.862629 [cm-1]
     freq (    5) =       2.140945 [THz] =      71.414249 [cm-1]
     freq (    6) =       2.140945 [THz] =      71.414249 [cm-1]
     freq (    7) =       4.156139 [THz] =     138.633865 [cm-1]
     freq (    8) =       4.156139 [THz] =     138.633865 [cm-1]
     freq (    9) =       5.034817 [THz] =     167.943425 [cm-1]
     freq (   10) =       5.034817 [THz] =     167.943425 [cm-1]
     freq (   11) =       6.167426 [THz] =     205.723203 [cm-1]
     freq (   12) =       6.167426 [THz] =     205.723203 [cm-1]
     freq (   13) =       6.489010 [THz] =     216.450080 [cm-1]
     freq (   14) =       6.489010 [THz] =     216.450080 [cm-1]
     freq (   15) =       6.576747 [THz] =     219.376664 [cm-1]
     freq (   16) =       6.576747 [THz] =     219.376664 [cm-1]
     freq (   17) =       7.907885 [THz] =     263.778639 [cm-1]
     freq (   18) =       7.907885 [THz] =     263.778639 [cm-1]
     freq (   19) =       8.428194 [THz] =     281.134296 [cm-1]
     freq (   20) =       8.428194 [THz] =     281.134296 [cm-1]
     freq (   21) =       8.765015 [THz] =     292.369420 [cm-1]
     freq (   22) =       8.765015 [THz] =     292.369420 [cm-1]
     freq (   23) =       9.273605 [THz] =     309.334161 [cm-1]
     freq (   24) =       9.273605 [THz] =     309.334161 [cm-1]
     freq (   25) =       9.436552 [THz] =     314.769492 [cm-1]
     freq (   26) =       9.436552 [THz] =     314.769492 [cm-1]
     freq (   27) =      11.931767 [THz] =     398.000898 [cm-1]
     freq (   28) =      11.931767 [THz] =     398.000898 [cm-1]
     freq (   29) =      12.485197 [THz] =     416.461332 [cm-1]
     freq (   30) =      12.485197 [THz] =     416.461332 [cm-1]
     freq (   31) =      30.477800 [THz] =    1016.629969 [cm-1]
     freq (   32) =      30.477800 [THz] =    1016.629969 [cm-1]
     freq (   33) =      30.693340 [THz] =    1023.819621 [cm-1]
     freq (   34) =      30.693340 [THz] =    1023.819621 [cm-1]
     freq (   35) =      31.998325 [THz] =    1067.349221 [cm-1]
     freq (   36) =      31.998325 [THz] =    1067.349221 [cm-1]
     freq (   37) =      32.327449 [THz] =    1078.327630 [cm-1]
     freq (   38) =      32.327449 [THz] =    1078.327630 [cm-1]
     freq (   39) =      32.496248 [THz] =    1083.958161 [cm-1]
     freq (   40) =      32.496248 [THz] =    1083.958161 [cm-1]
     freq (   41) =      32.619251 [THz] =    1088.061079 [cm-1]
     freq (   42) =      32.619251 [THz] =    1088.061079 [cm-1]
     freq (   43) =      35.790260 [THz] =    1193.834555 [cm-1]
     freq (   44) =      35.790260 [THz] =    1193.834555 [cm-1]
     freq (   45) =      35.830071 [THz] =    1195.162533 [cm-1]
     freq (   46) =      35.830071 [THz] =    1195.162533 [cm-1]
     freq (   47) =      36.356802 [THz] =    1212.732366 [cm-1]
     freq (   48) =      36.356802 [THz] =    1212.732366 [cm-1]
     freq (   49) =      36.628152 [THz] =    1221.783649 [cm-1]
     freq (   50) =      36.628152 [THz] =    1221.783649 [cm-1]
     freq (   51) =      68.459962 [THz] =    2283.578544 [cm-1]
     freq (   52) =      68.459962 [THz] =    2283.578544 [cm-1]
     freq (   53) =      68.707011 [THz] =    2291.819186 [cm-1]
     freq (   54) =      68.707011 [THz] =    2291.819186 [cm-1]
     freq (   55) =      70.047945 [THz] =    2336.547932 [cm-1]
     freq (   56) =      70.047945 [THz] =    2336.547932 [cm-1]
     freq (   57) =      70.256111 [THz] =    2343.491626 [cm-1]
     freq (   58) =      70.256111 [THz] =    2343.491626 [cm-1]
     freq (   59) =      70.637489 [THz] =    2356.213022 [cm-1]
     freq (   60) =      70.637489 [THz] =    2356.213022 [cm-1]
     freq (   61) =      70.942468 [THz] =    2366.386031 [cm-1]
     freq (   62) =      70.942468 [THz] =    2366.386031 [cm-1]
     freq (   63) =      71.228512 [THz] =    2375.927401 [cm-1]
     freq (   64) =      71.228512 [THz] =    2375.927401 [cm-1]
     freq (   65) =      71.282501 [THz] =    2377.728309 [cm-1]
     freq (   66) =      71.282501 [THz] =    2377.728309 [cm-1]
 **************************************************************************

     Calculation of q =   -0.5000000  -0.5056675  -0.7936489

     Parallelization info
     --------------------
     sticks:   dense  smooth     PW     G-vecs:    dense   smooth      PW
     Min         495     248     68                25781     9120    1312
     Max         497     249     69                25782     9122    1314
     Sum       11905    5953   1633               618765   218891   31525

     Using Slab Decomposition



     bravais-lattice index     =            8
     lattice parameter (alat)  =      13.7506  a.u.
     unit-cell volume          =    1619.6113 (a.u.)^3
     number of atoms/cell      =           22
     number of atomic types    =            3
     number of electrons       =        48.00
     number of Kohn-Sham states=           24
     kinetic-energy cutoff     =     100.0000  Ry
     charge density cutoff     =     800.0000  Ry
     Exchange-correlation= PBESOL
                           (   1   4  10   8   0   0   0)

     celldm(1)=  13.750592  celldm(2)=   0.988792  celldm(3)=   0.630002
     celldm(4)=   0.000000  celldm(5)=   0.000000  celldm(6)=   0.000000

     crystal axes: (cart. coord. in units of alat)
               a(1) = (   1.000000   0.000000   0.000000 )  
               a(2) = (   0.000000   0.988792   0.000000 )  
               a(3) = (   0.000000   0.000000   0.630002 )  

     reciprocal axes: (cart. coord. in units 2 pi/alat)
               b(1) = (  1.000000  0.000000  0.000000 )  
               b(2) = (  0.000000  1.011335  0.000000 )  
               b(3) = (  0.000000  0.000000  1.587298 )  


     PseudoPot. # 1 for B  read from file:
     /home/mehlhorn/pseudos/b_pbesol_v1.4.uspp.F.UPF
     MD5 check sum: 369b69bef2c3aeed4453bd8b804fd6a8
     Pseudo is Ultrasoft + core correction, Zval =  3.0
     Generated by new atomic code, or converted to UPF format
     Using radial grid of  781 points,  4 beta functions with: 
                l(1) =   0
                l(2) =   0
                l(3) =   1
                l(4) =   1
     Q(r) pseudized with  8 coefficients,  rinner =    1.100   1.100   1.100


     PseudoPot. # 2 for Ba read from file:
     /home/mehlhorn/pseudos/Ba.nc.z_10.oncvpsp4.dojo.v4-sp.upf
     MD5 check sum: c10ed334bb677c0554edec7181ce9143
     Pseudo is Norm-conserving + core correction, Zval = 10.0
     Generated using ONCVPSP code by D. R. Hamann
     Using radial grid of 1938 points,  8 beta functions with: 
                l(1) =   0
                l(2) =   0
                l(3) =   1
                l(4) =   1
                l(5) =   2
                l(6) =   2
                l(7) =   3
                l(8) =   3

     PseudoPot. # 3 for H  read from file:
     /home/mehlhorn/pseudos/H_ONCV_PBEsol-1.0.upf
     MD5 check sum: 398ef8f67c0a7342c05c87c5e19ea467
     Pseudo is Norm-conserving, Zval =  1.0
     Generated using ONCVPSP code by D. R. Hamann
     Using radial grid of 1180 points,  2 beta functions with: 
                l(1) =   0
                l(2) =   0

     atomic species   valence    mass     pseudopotential
     B                 3.00    10.81100     B ( 1.00)
     Ba               10.00   137.32700     Ba( 1.00)
     H                 1.00     1.00794     H ( 1.00)

      4 Sym. Ops. (no inversion) found



   Cartesian axes

     site n.     atom                  positions (alat units)
         1        Ba     tau(   1) = (   0.5000000   0.4943960   0.3150140  )
         2        Ba     tau(   2) = (   0.0000000   0.0000000   0.6299884  )
         3        B      tau(   3) = (   0.6457472   0.2690334   0.0000111  )
         4        B      tau(   4) = (   0.3542528   0.7197587   0.0000111  )
         5        B      tau(   5) = (   0.1457472   0.2253626   0.3149897  )
         6        B      tau(   6) = (   0.8542528   0.7634294   0.3149897  )
         7        H      tau(   7) = (   0.4764411   0.2785492   0.0000131  )
         8        H      tau(   8) = (   0.5235589   0.7102428   0.0000131  )
         9        H      tau(   9) = (   0.9764411   0.2158468   0.3149877  )
        10        H      tau(  10) = (   0.0235589   0.7729453   0.3149877  )
        11        H      tau(  11) = (   0.7125447   0.4253079   0.0000101  )
        12        H      tau(  12) = (   0.2874553   0.5634842   0.0000101  )
        13        H      tau(  13) = (   0.2125447   0.0690881   0.3149907  )
        14        H      tau(  14) = (   0.7874553   0.9197039   0.3149907  )
        15        H      tau(  15) = (   0.6936781   0.1879672   0.4896379  )
        16        H      tau(  16) = (   0.3063219   0.8008249   0.4896379  )
        17        H      tau(  17) = (   0.1936781   0.3064288   0.4553644  )
        18        H      tau(  18) = (   0.8063219   0.6823632   0.4553644  )
        19        H      tau(  19) = (   0.3063087   0.8008213   0.1403829  )
        20        H      tau(  20) = (   0.6936913   0.1879707   0.1403829  )
        21        H      tau(  21) = (   0.8063087   0.6823668   0.1746179  )
        22        H      tau(  22) = (   0.1936913   0.3064253   0.1746179  )

     number of k points=    54
                       cart. coord. in units 2pi/alat
        k(    1) = (   0.0000000   0.0000000   0.0000000), wk =   0.0160000
        k(    2) = (  -0.5000000  -0.5056675  -0.7936489), wk =   0.0000000
        k(    3) = (   0.0000000   0.0000000   0.3174595), wk =   0.0320000
        k(    4) = (  -0.5000000  -0.5056675  -0.4761893), wk =   0.0000000
        k(    5) = (   0.0000000   0.0000000   0.6349191), wk =   0.0320000
        k(    6) = (  -0.5000000  -0.5056675  -0.1587298), wk =   0.0000000
        k(    7) = (   0.0000000   0.2022670   0.0000000), wk =   0.0320000
        k(    8) = (  -0.5000000  -0.3034005  -0.7936489), wk =   0.0000000
        k(    9) = (   0.0000000   0.2022670   0.3174595), wk =   0.0640000
        k(   10) = (  -0.5000000  -0.3034005  -0.4761893), wk =   0.0000000
        k(   11) = (   0.0000000   0.2022670   0.6349191), wk =   0.0640000
        k(   12) = (  -0.5000000  -0.3034005  -0.1587298), wk =   0.0000000
        k(   13) = (   0.0000000   0.4045340   0.0000000), wk =   0.0320000
        k(   14) = (  -0.5000000  -0.1011335  -0.7936489), wk =   0.0000000
        k(   15) = (   0.0000000   0.4045340   0.3174595), wk =   0.0640000
        k(   16) = (  -0.5000000  -0.1011335  -0.4761893), wk =   0.0000000
        k(   17) = (   0.0000000   0.4045340   0.6349191), wk =   0.0640000
        k(   18) = (  -0.5000000  -0.1011335  -0.1587298), wk =   0.0000000
        k(   19) = (   0.2000000   0.0000000   0.0000000), wk =   0.0320000
        k(   20) = (  -0.3000000  -0.5056675  -0.7936489), wk =   0.0000000
        k(   21) = (   0.2000000   0.0000000   0.3174595), wk =   0.0640000
        k(   22) = (  -0.3000000  -0.5056675  -0.4761893), wk =   0.0000000
        k(   23) = (   0.2000000   0.0000000   0.6349191), wk =   0.0640000
        k(   24) = (  -0.3000000  -0.5056675  -0.1587298), wk =   0.0000000
        k(   25) = (   0.2000000   0.2022670   0.0000000), wk =   0.0640000
        k(   26) = (  -0.3000000  -0.3034005  -0.7936489), wk =   0.0000000
        k(   27) = (   0.2000000   0.2022670   0.3174595), wk =   0.1280000
        k(   28) = (  -0.3000000  -0.3034005  -0.4761893), wk =   0.0000000
        k(   29) = (   0.2000000   0.2022670   0.6349191), wk =   0.1280000
        k(   30) = (  -0.3000000  -0.3034005  -0.1587298), wk =   0.0000000
        k(   31) = (   0.2000000   0.4045340   0.0000000), wk =   0.0640000
        k(   32) = (  -0.3000000  -0.1011335  -0.7936489), wk =   0.0000000
        k(   33) = (   0.2000000   0.4045340   0.3174595), wk =   0.1280000
        k(   34) = (  -0.3000000  -0.1011335  -0.4761893), wk =   0.0000000
        k(   35) = (   0.2000000   0.4045340   0.6349191), wk =   0.1280000
        k(   36) = (  -0.3000000  -0.1011335  -0.1587298), wk =   0.0000000
        k(   37) = (   0.4000000   0.0000000   0.0000000), wk =   0.0320000
        k(   38) = (  -0.1000000  -0.5056675  -0.7936489), wk =   0.0000000
        k(   39) = (   0.4000000   0.0000000   0.3174595), wk =   0.0640000
        k(   40) = (  -0.1000000  -0.5056675  -0.4761893), wk =   0.0000000
        k(   41) = (   0.4000000   0.0000000   0.6349191), wk =   0.0640000
        k(   42) = (  -0.1000000  -0.5056675  -0.1587298), wk =   0.0000000
        k(   43) = (   0.4000000   0.2022670   0.0000000), wk =   0.0640000
        k(   44) = (  -0.1000000  -0.3034005  -0.7936489), wk =   0.0000000
        k(   45) = (   0.4000000   0.2022670   0.3174595), wk =   0.1280000
        k(   46) = (  -0.1000000  -0.3034005  -0.4761893), wk =   0.0000000
        k(   47) = (   0.4000000   0.2022670   0.6349191), wk =   0.1280000
        k(   48) = (  -0.1000000  -0.3034005  -0.1587298), wk =   0.0000000
        k(   49) = (   0.4000000   0.4045340   0.0000000), wk =   0.0640000
        k(   50) = (  -0.1000000  -0.1011335  -0.7936489), wk =   0.0000000
        k(   51) = (   0.4000000   0.4045340   0.3174595), wk =   0.1280000
        k(   52) = (  -0.1000000  -0.1011335  -0.4761893), wk =   0.0000000
        k(   53) = (   0.4000000   0.4045340   0.6349191), wk =   0.1280000
        k(   54) = (  -0.1000000  -0.1011335  -0.1587298), wk =   0.0000000

     Dense  grid:   618765 G-vectors     FFT dimensions: ( 128, 128,  80)

     Smooth grid:   218891 G-vectors     FFT dimensions: (  90,  90,  60)

     Estimated max dynamical RAM per process >      55.39 MB

     Estimated total dynamical RAM >       1.30 GB

     The potential is recalculated from file :
     ./_ph0/pwscf.q_8/pwscf.save/charge-density

     Starting wfcs are   42 atomic wfcs

     Band Structure Calculation
     Davidson diagonalization with overlap

     ethr =  2.08E-11,  avg # of iterations = 21.8

     total cpu time spent up to now is     1606.3 secs

     End of band structure calculation

          k = 0.0000 0.0000 0.0000 ( 27379 PWs)   bands (ev):

   -24.8179 -24.8132 -10.3041 -10.2770 -10.0753 -10.0524  -9.9798  -9.9367
    -6.6693  -5.8736  -5.3558  -5.3195  -2.4460  -1.4380  -1.3377  -1.1898
    -1.1210  -0.9276  -0.8998  -0.6453  -0.4086  -0.2349  -0.1313  -0.1137

          k =-0.5000-0.5057-0.7936 ( 27376 PWs)   bands (ev):

   -24.8007 -24.8007 -10.4846 -10.4846 -10.0801 -10.0801 -10.0727 -10.0727
    -5.7770  -5.7770  -5.3985  -5.3985  -2.2100  -2.2100  -1.8279  -1.8279
    -0.6907  -0.6907  -0.5198  -0.5198  -0.4295  -0.4295  -0.2574  -0.2574

          k = 0.0000 0.0000 0.3175 ( 27357 PWs)   bands (ev):

   -24.8124 -24.8085 -10.2440 -10.2221 -10.1724 -10.1503 -10.0612 -10.0434
    -6.3225  -5.6503  -5.4811  -5.4525  -2.1448  -1.8179  -1.6574  -1.2142
    -1.0164  -0.9683  -0.7300  -0.5853  -0.4656  -0.3000  -0.2721  -0.2091

          k =-0.5000-0.5057-0.4762 ( 27340 PWs)   bands (ev):

   -24.8059 -24.8059 -10.3210 -10.3210 -10.1860 -10.1860 -10.0413 -10.0413
    -5.6951  -5.6951  -5.6448  -5.6448  -2.0365  -2.0365  -1.5997  -1.5997
    -0.8701  -0.8701  -0.5559  -0.5559  -0.4443  -0.4443  -0.2678  -0.2678

          k = 0.0000 0.0000 0.6349 ( 27368 PWs)   bands (ev):

   -24.8029 -24.8014 -10.4449 -10.4411 -10.1232 -10.1120 -10.0551 -10.0460
    -5.6916  -5.6911  -5.6809  -5.4050  -2.0558  -1.9864  -1.8333  -1.5684
    -1.0188  -0.8873  -0.6744  -0.5268  -0.4500  -0.4125  -0.3399  -0.2963

          k =-0.5000-0.5057-0.1587 ( 27332 PWs)   bands (ev):

   -24.8141 -24.8141 -10.2903 -10.2903 -10.0518 -10.0518 -10.0166 -10.0166
    -6.1712  -6.1712  -5.4429  -5.4429  -1.7197  -1.7197  -1.5113  -1.5113
    -0.7303  -0.7303  -0.6564  -0.6564  -0.5665  -0.5665  -0.3085  -0.3085

          k = 0.0000 0.2023 0.0000 ( 27345 PWs)   bands (ev):

   -24.8175 -24.8136 -10.2900 -10.2626 -10.0950 -10.0705  -9.9757  -9.9408
    -6.5784  -5.8886  -5.4422  -5.3548  -2.2986  -1.5889  -1.4011  -0.9873
    -0.9535  -0.9217  -0.8940  -0.6364  -0.4398  -0.3810  -0.2077  -0.1776

          k =-0.5000-0.3034-0.7936 ( 27356 PWs)   bands (ev):

   -24.8007 -24.8007 -10.4906 -10.4906 -10.0789 -10.0789 -10.0653 -10.0653
    -5.8145  -5.8145  -5.3600  -5.3600  -2.3043  -2.3043  -1.6490  -1.6490
    -0.6992  -0.6992  -0.5906  -0.5906  -0.4402  -0.4402  -0.2875  -0.2875

          k = 0.0000 0.2023 0.3175 ( 27349 PWs)   bands (ev):

   -24.8120 -24.8089 -10.2416 -10.2094 -10.1658 -10.1630 -10.0628 -10.0546
    -6.2525  -5.6467  -5.5625  -5.4731  -2.0496  -1.8389  -1.6727  -1.0946
    -0.9927  -0.9407  -0.8601  -0.5515  -0.4546  -0.3271  -0.2981  -0.2760

          k =-0.5000-0.3034-0.4762 ( 27364 PWs)   bands (ev):

   -24.8059 -24.8059 -10.3300 -10.3300 -10.1690 -10.1690 -10.0483 -10.0483
    -5.7513  -5.7513  -5.5887  -5.5887  -2.0450  -2.0450  -1.5553  -1.5553
    -0.8470  -0.8470  -0.6255  -0.6255  -0.4189  -0.4189  -0.3103  -0.3103

          k = 0.0000 0.2023 0.6349 ( 27350 PWs)   bands (ev):

   -24.8028 -24.8016 -10.4498 -10.4464 -10.1125 -10.1056 -10.0553 -10.0497
    -5.8302  -5.7725  -5.5146  -5.3461  -2.1121  -2.1002  -1.7138  -1.5067
    -0.9529  -0.7906  -0.6881  -0.5258  -0.4814  -0.4659  -0.3567  -0.3431

          k =-0.5000-0.3034-0.1587 ( 27360 PWs)   bands (ev):

   -24.8141 -24.8141 -10.2728 -10.2728 -10.0766 -10.0766 -10.0113 -10.0113
    -6.1582  -6.1582  -5.4542  -5.4542  -1.7829  -1.7829  -1.3857  -1.3857
    -0.7793  -0.7793  -0.6769  -0.6769  -0.5742  -0.5742  -0.3158  -0.3158

          k = 0.0000 0.4045 0.0000 ( 27314 PWs)   bands (ev):

   -24.8163 -24.8148 -10.2547 -10.2368 -10.1292 -10.1121  -9.9649  -9.9516
    -6.3372  -6.0448  -5.5089  -5.4400  -2.0174  -1.7978  -1.2575  -0.9063
    -0.8924  -0.8591  -0.7063  -0.6656  -0.5943  -0.5159  -0.3364  -0.3316

          k =-0.5000-0.1011-0.7936 ( 27368 PWs)   bands (ev):

   -24.8007 -24.8007 -10.5000 -10.5000 -10.0774 -10.0774 -10.0535 -10.0535
    -5.8648  -5.8648  -5.3082  -5.3082  -2.3925  -2.3925  -1.3880  -1.3880
    -0.7588  -0.7588  -0.6522  -0.6522  -0.4742  -0.4742  -0.3638  -0.3638

          k = 0.0000 0.4045 0.3175 ( 27329 PWs)   bands (ev):

   -24.8110 -24.8098 -10.2278 -10.2001 -10.1766 -10.1542 -10.0736 -10.0710
    -6.0630  -5.8134  -5.5787  -5.5239  -1.9242  -1.8799  -1.5292  -1.2018
    -0.9210  -0.8808  -0.8072  -0.6075  -0.4795  -0.4718  -0.3143  -0.3013

          k =-0.5000-0.1011-0.4762 ( 27366 PWs)   bands (ev):

   -24.8059 -24.8059 -10.3421 -10.3421 -10.1391 -10.1391 -10.0646 -10.0646
    -5.7979  -5.7979  -5.5423  -5.5423  -2.0536  -2.0536  -1.4890  -1.4890
    -0.7983  -0.7983  -0.6902  -0.6902  -0.4561  -0.4561  -0.3594  -0.3594

          k = 0.0000 0.4045 0.6349 ( 27366 PWs)   bands (ev):

   -24.8024 -24.8019 -10.4567 -10.4552 -10.0937 -10.0930 -10.0580 -10.0577
    -5.9009  -5.8758  -5.3707  -5.3078  -2.2011  -2.1946  -1.5365  -1.4419
    -0.8256  -0.7009  -0.6524  -0.6427  -0.5245  -0.4955  -0.4157  -0.3812

          k =-0.5000-0.1011-0.1587 ( 27360 PWs)   bands (ev):

   -24.8141 -24.8141 -10.2324 -10.2324 -10.1239 -10.1239 -10.0075 -10.0075
    -6.1363  -6.1363  -5.4731  -5.4731  -1.8391  -1.8391  -1.1865  -1.1865
    -0.8371  -0.8371  -0.8047  -0.8047  -0.5403  -0.5403  -0.3430  -0.3430

          k = 0.2000 0.0000 0.0000 ( 27342 PWs)   bands (ev):

   -24.8175 -24.8136 -10.2876 -10.2642 -10.0929 -10.0736  -9.9757  -9.9408
    -6.5818  -5.9091  -5.3867  -5.3773  -2.3122  -1.4320  -1.3730  -1.2322
    -0.9024  -0.9021  -0.8887  -0.6520  -0.4524  -0.3553  -0.2483  -0.1834

          k =-0.3000-0.5057-0.7936 ( 27348 PWs)   bands (ev):

   -24.8007 -24.8007 -10.4900 -10.4900 -10.0769 -10.0769 -10.0673 -10.0673
    -5.8393  -5.8393  -5.3378  -5.3378  -2.2489  -2.2489  -1.7043  -1.7043
    -0.7024  -0.7024  -0.5469  -0.5469  -0.4516  -0.4516  -0.3260  -0.3260

          k = 0.2000 0.0000 0.3175 ( 27354 PWs)   bands (ev):

   -24.8120 -24.8089 -10.2302 -10.2241 -10.1639 -10.1615 -10.0705 -10.0476
    -6.2512  -5.6680  -5.5148  -5.4954  -2.0576  -1.7813  -1.7014  -1.1164
    -1.0019  -0.9435  -0.8309  -0.5479  -0.5443  -0.3104  -0.2912  -0.2528

          k =-0.3000-0.5057-0.4762 ( 27350 PWs)   bands (ev):

   -24.8059 -24.8059 -10.3296 -10.3296 -10.1685 -10.1685 -10.0487 -10.0487
    -5.7803  -5.7803  -5.5617  -5.5617  -2.0320  -2.0320  -1.5588  -1.5588
    -0.8736  -0.8736  -0.5932  -0.5932  -0.4173  -0.4173  -0.3249  -0.3249

          k = 0.2000 0.0000 0.6349 ( 27349 PWs)   bands (ev):

   -24.8028 -24.8016 -10.4504 -10.4470 -10.1159 -10.1021 -10.0584 -10.0466
    -5.7991  -5.7402  -5.5520  -5.3678  -2.1960  -2.1055  -1.6829  -1.4587
    -0.9133  -0.8271  -0.7027  -0.5586  -0.4392  -0.4374  -0.3809  -0.3239

          k =-0.3000-0.5057-0.1587 ( 27354 PWs)   bands (ev):

   -24.8141 -24.8141 -10.2735 -10.2735 -10.0751 -10.0751 -10.0120 -10.0120
    -6.1519  -6.1519  -5.4642  -5.4642  -1.8036  -1.8036  -1.3801  -1.3801
    -0.8008  -0.8008  -0.6507  -0.6507  -0.5394  -0.5394  -0.3202  -0.3202

          k = 0.2000 0.2023 0.0000 ( 27358 PWs)   bands (ev):

   -24.8171 -24.8140 -10.2982 -10.2391 -10.1260 -10.0593  -9.9723  -9.9441
    -6.5135  -5.9413  -5.4709  -5.3592  -2.1961  -1.5860  -1.3866  -1.0682
    -0.9323  -0.8731  -0.7518  -0.6342  -0.5377  -0.4595  -0.3284  -0.1603

          k =-0.3000-0.3034-0.7936 ( 27360 PWs)   bands (ev):

   -24.8007 -24.8007 -10.4970 -10.4873 -10.0780 -10.0778 -10.0703 -10.0561
    -5.8942  -5.7610  -5.4217  -5.2806  -2.3493  -2.1757  -1.7524  -1.5235
    -0.7636  -0.6476  -0.6194  -0.5545  -0.4863  -0.4368  -0.4134  -0.2881

          k = 0.2000 0.2023 0.3175 ( 27341 PWs)   bands (ev):

   -24.8117 -24.8092 -10.2398 -10.2051 -10.1833 -10.1500 -10.0738 -10.0480
    -6.1950  -5.6911  -5.5772  -5.4846  -1.9893  -1.8115  -1.6991  -1.0625
    -1.0269  -0.9393  -0.8070  -0.5680  -0.5239  -0.3391  -0.3305  -0.2508

          k =-0.3000-0.3034-0.4762 ( 27354 PWs)   bands (ev):

   -24.8063 -24.8054 -10.3384 -10.3252 -10.1826 -10.1385 -10.0652 -10.0426
    -5.8626  -5.6922  -5.6179  -5.5074  -2.0562  -1.9989  -1.6579  -1.4263
    -0.9190  -0.8028  -0.7054  -0.5364  -0.5131  -0.4064  -0.3584  -0.2634

          k = 0.2000 0.2023 0.6349 ( 27363 PWs)   bands (ev):

   -24.8026 -24.8017 -10.4550 -10.4443 -10.1207 -10.0917 -10.0597 -10.0485
    -5.8676  -5.7091  -5.5482  -5.3312  -2.2316  -2.0859  -1.6863  -1.4974
    -0.8191  -0.7770  -0.6919  -0.5400  -0.5244  -0.4419  -0.4121  -0.2861

          k =-0.3000-0.3034-0.1587 ( 27355 PWs)   bands (ev):

   -24.8149 -24.8133 -10.2857 -10.2361 -10.1201 -10.0544 -10.0190 -10.0055
    -6.2985  -5.9949  -5.5074  -5.4164  -1.9570  -1.6763  -1.5320  -1.1152
    -0.9282  -0.7860  -0.7351  -0.6336  -0.5544  -0.4426  -0.4379  -0.2242

          k = 0.2000 0.4045 0.0000 ( 27334 PWs)   bands (ev):

   -24.8161 -24.8149 -10.2857 -10.2495 -10.1179 -10.0765  -9.9636  -9.9528
    -6.3293  -6.0967  -5.4875  -5.4171  -1.9645  -1.7707  -1.2852  -0.9468
    -0.9356  -0.9032  -0.7692  -0.5687  -0.5661  -0.4973  -0.4188  -0.2584

          k =-0.3000-0.1011-0.7936 ( 27338 PWs)   bands (ev):

   -24.8007 -24.8007 -10.4988 -10.4930 -10.0778 -10.0775 -10.0625 -10.0540
    -5.8710  -5.7892  -5.3947  -5.3080  -2.3511  -2.2695  -1.5511  -1.4397
    -0.7860  -0.6918  -0.6519  -0.6369  -0.4964  -0.4897  -0.4132  -0.3152

          k = 0.2000 0.4045 0.3175 ( 27340 PWs)   bands (ev):

   -24.8109 -24.8100 -10.2363 -10.2143 -10.1758 -10.1504 -10.0707 -10.0559
    -6.0435  -5.8452  -5.5688  -5.5200  -1.9003  -1.8614  -1.5708  -1.2977
    -0.9078  -0.8295  -0.7850  -0.6097  -0.4762  -0.3993  -0.3487  -0.3108

          k =-0.3000-0.1011-0.4762 ( 27356 PWs)   bands (ev):

   -24.8067 -24.8051 -10.3415 -10.3313 -10.1668 -10.1321 -10.0707 -10.0482
    -5.9107  -5.6844  -5.5893  -5.4893  -2.0682  -1.9683  -1.7110  -1.3065
    -0.9337  -0.8708  -0.7282  -0.5935  -0.4727  -0.3996  -0.3630  -0.3007

          k = 0.2000 0.4045 0.6349 ( 27347 PWs)   bands (ev):

   -24.8023 -24.8020 -10.4547 -10.4483 -10.1124 -10.0950 -10.0571 -10.0516
    -5.8823  -5.8127  -5.4228  -5.3335  -2.2308  -2.1523  -1.6232  -1.5376
    -0.8039  -0.7263  -0.6170  -0.5389  -0.5175  -0.4542  -0.4126  -0.3256

          k =-0.3000-0.1011-0.1587 ( 27357 PWs)   bands (ev):

   -24.8154 -24.8129 -10.2665 -10.2263 -10.1275 -10.0808 -10.0210  -9.9986
    -6.3811  -5.9086  -5.4839  -5.4188  -2.0940  -1.6194  -1.4692  -1.0696
    -0.9231  -0.8635  -0.7481  -0.6911  -0.6265  -0.3766  -0.3656  -0.2297

          k = 0.4000 0.0000 0.0000 ( 27368 PWs)   bands (ev):

   -24.8163 -24.8148 -10.2490 -10.2374 -10.1284 -10.1187  -9.9649  -9.9516
    -6.3521  -6.0779  -5.4526  -5.4262  -2.0184  -1.7153  -1.1397  -0.9723
    -0.8640  -0.8603  -0.8206  -0.6656  -0.6394  -0.5546  -0.4315  -0.3196

          k =-0.1000-0.5057-0.7936 ( 27392 PWs)   bands (ev):

   -24.8007 -24.8007 -10.4984 -10.4984 -10.0745 -10.0745 -10.0562 -10.0562
    -5.9167  -5.9167  -5.2630  -5.2630  -2.2912  -2.2912  -1.4799  -1.4799
    -0.7420  -0.7420  -0.6130  -0.6130  -0.5643  -0.5643  -0.3611  -0.3611

          k = 0.4000 0.0000 0.3175 ( 27376 PWs)   bands (ev):

   -24.8110 -24.8098 -10.2165 -10.1955 -10.1924 -10.1611 -10.0776 -10.0619
    -6.0607  -5.8204  -5.5555  -5.5286  -1.9149  -1.8018  -1.5756  -1.2227
    -0.9228  -0.8559  -0.8541  -0.7035  -0.4849  -0.4067  -0.3224  -0.3137

          k =-0.1000-0.5057-0.4762 ( 27336 PWs)   bands (ev):

   -24.8059 -24.8059 -10.3411 -10.3411 -10.1369 -10.1369 -10.0665 -10.0665
    -5.8469  -5.8469  -5.4984  -5.4984  -2.0232  -2.0232  -1.4986  -1.4986
    -0.8515  -0.8515  -0.6017  -0.6017  -0.4991  -0.4991  -0.3673  -0.3673

          k = 0.4000 0.0000 0.6349 ( 27353 PWs)   bands (ev):

   -24.8024 -24.8019 -10.4583 -10.4568 -10.0999 -10.0896 -10.0612 -10.0518
    -5.8467  -5.8217  -5.4226  -5.3529  -2.3042  -2.2619  -1.4796  -1.3649
    -0.7877  -0.7448  -0.6371  -0.6149  -0.5821  -0.4167  -0.4012  -0.3884

          k =-0.1000-0.5057-0.1587 ( 27334 PWs)   bands (ev):

   -24.8141 -24.8141 -10.2357 -10.2357 -10.1190 -10.1190 -10.0085 -10.0085
    -6.1181  -6.1181  -5.5010  -5.5010  -1.8799  -1.8799  -1.2104  -1.2104
    -0.8657  -0.8657  -0.6751  -0.6751  -0.5466  -0.5466  -0.3212  -0.3212

          k = 0.4000 0.2023 0.0000 ( 27358 PWs)   bands (ev):

   -24.8161 -24.8149 -10.2844 -10.2482 -10.1195 -10.0780  -9.9636  -9.9528
    -6.3387  -6.1144  -5.4609  -5.4030  -1.9627  -1.7235  -1.2298  -0.9519
    -0.9179  -0.8828  -0.8434  -0.6507  -0.5923  -0.5175  -0.4247  -0.2615

          k =-0.1000-0.3034-0.7936 ( 27356 PWs)   bands (ev):

   -24.8007 -24.8007 -10.4978 -10.4920 -10.0758 -10.0743 -10.0659 -10.0556
    -5.9036  -5.8330  -5.3548  -5.2794  -2.2885  -2.1771  -1.6469  -1.4835
    -0.7752  -0.7440  -0.6125  -0.6078  -0.5245  -0.4961  -0.3972  -0.3665

          k = 0.4000 0.2023 0.3175 ( 27356 PWs)   bands (ev):

   -24.8109 -24.8100 -10.2329 -10.2118 -10.1820 -10.1541 -10.0701 -10.0535
    -6.0423  -5.8481  -5.5590  -5.5195  -1.8916  -1.8023  -1.6167  -1.3207
    -0.8768  -0.8483  -0.7909  -0.6386  -0.4903  -0.4092  -0.3455  -0.3047

          k =-0.1000-0.3034-0.4762 ( 27338 PWs)   bands (ev):

   -24.8067 -24.8051 -10.3411 -10.3305 -10.1638 -10.1341 -10.0685 -10.0509
    -5.9355  -5.7319  -5.5514  -5.4613  -2.0226  -1.9771  -1.7116  -1.3214
    -0.9879  -0.8056  -0.7460  -0.5711  -0.4805  -0.3946  -0.3706  -0.3209

          k = 0.4000 0.2023 0.6349 ( 27357 PWs)   bands (ev):

   -24.8023 -24.8020 -10.4556 -10.4493 -10.1134 -10.0957 -10.0568 -10.0501
    -5.8493  -5.7666  -5.4657  -5.3626  -2.2867  -2.2197  -1.5589  -1.4940
    -0.7766  -0.7327  -0.6268  -0.6044  -0.5132  -0.4357  -0.3771  -0.2953

          k =-0.1000-0.3034-0.1587 ( 27329 PWs)   bands (ev):

   -24.8154 -24.8129 -10.2691 -10.2258 -10.1273 -10.0768 -10.0211 -10.0000
    -6.3758  -5.8816  -5.5280  -5.4195  -2.0833  -1.7302  -1.4604  -0.9980
    -0.9432  -0.8430  -0.7916  -0.5973  -0.5740  -0.4649  -0.2939  -0.2325

          k = 0.4000 0.4045 0.0000 ( 27366 PWs)   bands (ev):

   -24.8158 -24.8153 -10.3049 -10.2893 -10.0746 -10.0556  -9.9602  -9.9560
    -6.2895  -6.2027  -5.4353  -5.4025  -1.8427  -1.7515  -1.2948  -1.1427
    -0.9571  -0.9406  -0.7387  -0.6023  -0.5151  -0.4851  -0.3593  -0.2612

          k =-0.1000-0.1011-0.7936 ( 27342 PWs)   bands (ev):

   -24.8007 -24.8007 -10.4911 -10.4873 -10.0779 -10.0774 -10.0690 -10.0639
    -5.8022  -5.7306  -5.4654  -5.3908  -2.1815  -2.0778  -1.7559  -1.6278
    -0.7844  -0.7652  -0.6779  -0.6776  -0.4654  -0.4404  -0.3734  -0.3165

          k = 0.4000 0.4045 0.3175 ( 27319 PWs)   bands (ev):

   -24.8106 -24.8102 -10.2453 -10.2370 -10.1666 -10.1553 -10.0535 -10.0457
    -5.9901  -5.9163  -5.5447  -5.5237  -1.8489  -1.8108  -1.6265  -1.4982
    -0.8245  -0.7936  -0.6886  -0.5976  -0.4690  -0.4430  -0.3637  -0.3002

          k =-0.1000-0.1011-0.4762 ( 27350 PWs)   bands (ev):

   -24.8071 -24.8046 -10.3326 -10.3209 -10.1796 -10.1572 -10.0566 -10.0419
    -5.9841  -5.6222  -5.5852  -5.4720  -2.0065  -1.9009  -1.8453  -1.2594
    -1.0849  -1.0112  -0.7281  -0.4703  -0.4410  -0.3856  -0.3296  -0.2900

          k = 0.4000 0.4045 0.6349 ( 27364 PWs)   bands (ev):

   -24.8022 -24.8021 -10.4461 -10.4419 -10.1239 -10.1145 -10.0509 -10.0491
    -5.7989  -5.7359  -5.4897  -5.4199  -2.2144  -2.1599  -1.7196  -1.6680
    -0.7792  -0.7451  -0.5622  -0.5380  -0.4457  -0.4313  -0.3036  -0.2543

          k =-0.1000-0.1011-0.1587 ( 27331 PWs)   bands (ev):

   -24.8162 -24.8121 -10.2833 -10.2535 -10.0874 -10.0559 -10.0316  -9.9979
    -6.5309  -5.8163  -5.4272  -5.3724  -2.2966  -1.6013  -1.4603  -1.2218
    -1.0241  -0.8053  -0.7470  -0.6662  -0.5441  -0.2949  -0.2118  -0.1646

     highest occupied level (ev):    -0.1137

     Writing config to output data dir ./_ph0/pwscf.q_8/pwscf.save/ :
     XML data file

                                                                                

     bravais-lattice index     =            8
     lattice parameter (alat)  =      13.7506  a.u.
     unit-cell volume          =    1619.6113 (a.u.)^3
     number of atoms/cell      =           22
     number of atomic types    =            3
     kinetic-energy cut-off    =     100.0000  Ry
     charge density cut-off    =     800.0000  Ry
     convergence threshold     =      1.0E-14
     beta                      =       0.7000
     number of iterations used =            4
     Exchange-correlation= PBESOL
                           (   1   4  10   8   0   0   0)


     celldm(1)=   13.75059  celldm(2)=    0.98879  celldm(3)=    0.63000
     celldm(4)=    0.00000  celldm(5)=    0.00000  celldm(6)=    0.00000

     crystal axes: (cart. coord. in units of alat)
               a(1) = (  1.0000  0.0000  0.0000 )  
               a(2) = (  0.0000  0.9888  0.0000 )  
               a(3) = (  0.0000  0.0000  0.6300 )  

     reciprocal axes: (cart. coord. in units 2 pi/alat)
               b(1) = (  1.0000  0.0000  0.0000 )  
               b(2) = (  0.0000  1.0113  0.0000 )  
               b(3) = (  0.0000  0.0000  1.5873 )  


     Atoms inside the unit cell: 

     Cartesian axes

     site n.  atom      mass           positions (alat units)
        1  Ba    137.3270   tau(    1) = (    0.50000    0.49440    0.31501  )
        2  Ba    137.3270   tau(    2) = (    0.00000    0.00000    0.62999  )
        3  B      10.8110   tau(    3) = (    0.64575    0.26903    0.00001  )
        4  B      10.8110   tau(    4) = (    0.35425    0.71976    0.00001  )
        5  B      10.8110   tau(    5) = (    0.14575    0.22536    0.31499  )
        6  B      10.8110   tau(    6) = (    0.85425    0.76343    0.31499  )
        7  H       1.0079   tau(    7) = (    0.47644    0.27855    0.00001  )
        8  H       1.0079   tau(    8) = (    0.52356    0.71024    0.00001  )
        9  H       1.0079   tau(    9) = (    0.97644    0.21585    0.31499  )
       10  H       1.0079   tau(   10) = (    0.02356    0.77295    0.31499  )
       11  H       1.0079   tau(   11) = (    0.71254    0.42531    0.00001  )
       12  H       1.0079   tau(   12) = (    0.28746    0.56348    0.00001  )
       13  H       1.0079   tau(   13) = (    0.21254    0.06909    0.31499  )
       14  H       1.0079   tau(   14) = (    0.78746    0.91970    0.31499  )
       15  H       1.0079   tau(   15) = (    0.69368    0.18797    0.48964  )
       16  H       1.0079   tau(   16) = (    0.30632    0.80082    0.48964  )
       17  H       1.0079   tau(   17) = (    0.19368    0.30643    0.45536  )
       18  H       1.0079   tau(   18) = (    0.80632    0.68236    0.45536  )
       19  H       1.0079   tau(   19) = (    0.30631    0.80082    0.14038  )
       20  H       1.0079   tau(   20) = (    0.69369    0.18797    0.14038  )
       21  H       1.0079   tau(   21) = (    0.80631    0.68237    0.17462  )
       22  H       1.0079   tau(   22) = (    0.19369    0.30643    0.17462  )

     Computing dynamical matrix for 
                    q = (  -0.5000000  -0.5056675  -0.7936489 )

      5 Sym.Ops. (with q -> -q+G )


     G cutoff = 3831.5372  (  25782 G-vectors)     FFT grid: (128,128, 80)
     G cutoff = 1915.7686  (   9122 G-vectors)  smooth grid: ( 90, 90, 60)
     number of k points=    54

     PseudoPot. # 1 for B  read from file:
     /home/mehlhorn/pseudos/b_pbesol_v1.4.uspp.F.UPF
     MD5 check sum: 369b69bef2c3aeed4453bd8b804fd6a8
     Pseudo is Ultrasoft + core correction, Zval =  3.0
     Generated by new atomic code, or converted to UPF format
     Using radial grid of  781 points,  4 beta functions with: 
                l(1) =   0
                l(2) =   0
                l(3) =   1
                l(4) =   1
     Q(r) pseudized with  8 coefficients,  rinner =    1.100   1.100   1.100


     PseudoPot. # 2 for Ba read from file:
     /home/mehlhorn/pseudos/Ba.nc.z_10.oncvpsp4.dojo.v4-sp.upf
     MD5 check sum: c10ed334bb677c0554edec7181ce9143
     Pseudo is Norm-conserving + core correction, Zval = 10.0
     Generated using ONCVPSP code by D. R. Hamann
     Using radial grid of 1938 points,  8 beta functions with: 
                l(1) =   0
                l(2) =   0
                l(3) =   1
                l(4) =   1
                l(5) =   2
                l(6) =   2
                l(7) =   3
                l(8) =   3

     PseudoPot. # 3 for H  read from file:
     /home/mehlhorn/pseudos/H_ONCV_PBEsol-1.0.upf
     MD5 check sum: 398ef8f67c0a7342c05c87c5e19ea467
     Pseudo is Norm-conserving, Zval =  1.0
     Generated using ONCVPSP code by D. R. Hamann
     Using radial grid of 1180 points,  2 beta functions with: 
                l(1) =   0
                l(2) =   0


     Atomic displacements:
     There are   33 irreducible representations

     Representation     1      2 modes -  To be done

     Representation     2      2 modes -  To be done

     Representation     3      2 modes -  To be done

     Representation     4      2 modes -  To be done

     Representation     5      2 modes -  To be done

     Representation     6      2 modes -  To be done

     Representation     7      2 modes -  To be done

     Representation     8      2 modes -  To be done

     Representation     9      2 modes -  To be done

     Representation    10      2 modes -  To be done

     Representation    11      2 modes -  To be done

     Representation    12      2 modes -  To be done

     Representation    13      2 modes -  To be done

     Representation    14      2 modes -  To be done

     Representation    15      2 modes -  To be done

     Representation    16      2 modes -  To be done

     Representation    17      2 modes -  To be done

     Representation    18      2 modes -  To be done

     Representation    19      2 modes -  To be done

     Representation    20      2 modes -  To be done

     Representation    21      2 modes -  To be done

     Representation    22      2 modes -  To be done

     Representation    23      2 modes -  To be done

     Representation    24      2 modes -  To be done

     Representation    25      2 modes -  To be done

     Representation    26      2 modes -  To be done

     Representation    27      2 modes -  To be done

     Representation    28      2 modes -  To be done

     Representation    29      2 modes -  To be done

     Representation    30      2 modes -  To be done

     Representation    31      2 modes -  To be done

     Representation    32      2 modes -  To be done

     Representation    33      2 modes -  To be done



     Alpha used in Ewald sum =   2.8000
     PHONON       :   3d 3h 3m CPU   3d 3h48m WALL



     Representation #   1 modes #   1   2

     Self-consistent Calculation

      iter #   1 total cpu time :272995.2 secs   av.it.:   3.0
      thresh= 1.000E-02 alpha_mix =  0.700 |ddv_scf|^2 =  7.554E-10

      iter #   2 total cpu time :273204.8 secs   av.it.:  16.3
      thresh= 2.749E-06 alpha_mix =  0.700 |ddv_scf|^2 =  3.694E-10

      iter #   3 total cpu time :273408.4 secs   av.it.:  15.9
      thresh= 1.922E-06 alpha_mix =  0.700 |ddv_scf|^2 =  3.782E-12

      iter #   4 total cpu time :273616.5 secs   av.it.:  16.0
      thresh= 1.945E-07 alpha_mix =  0.700 |ddv_scf|^2 =  2.589E-13

      iter #   5 total cpu time :273826.1 secs   av.it.:  16.2
      thresh= 5.088E-08 alpha_mix =  0.700 |ddv_scf|^2 =  1.314E-14

      iter #   6 total cpu time :274034.5 secs   av.it.:  16.3
      thresh= 1.146E-08 alpha_mix =  0.700 |ddv_scf|^2 =  1.224E-15

     End of self-consistent calculation

     Convergence has been achieved 


     Representation #   2 modes #   3   4

     Self-consistent Calculation

      iter #   1 total cpu time :274139.9 secs   av.it.:   5.0
      thresh= 1.000E-02 alpha_mix =  0.700 |ddv_scf|^2 =  6.302E-09

      iter #   2 total cpu time :274350.8 secs   av.it.:  16.9
      thresh= 7.938E-06 alpha_mix =  0.700 |ddv_scf|^2 =  4.123E-09

      iter #   3 total cpu time :274550.9 secs   av.it.:  15.9
      thresh= 6.421E-06 alpha_mix =  0.700 |ddv_scf|^2 =  1.798E-11

      iter #   4 total cpu time :274756.6 secs   av.it.:  16.9
      thresh= 4.240E-07 alpha_mix =  0.700 |ddv_scf|^2 =  1.752E-12

      iter #   5 total cpu time :274961.3 secs   av.it.:  16.6
      thresh= 1.324E-07 alpha_mix =  0.700 |ddv_scf|^2 =  1.538E-13

      iter #   6 total cpu time :275166.4 secs   av.it.:  16.8
      thresh= 3.922E-08 alpha_mix =  0.700 |ddv_scf|^2 =  7.946E-15

     End of self-consistent calculation

     Convergence has been achieved 


     Representation #   3 modes #   5   6

     Self-consistent Calculation

      iter #   1 total cpu time :275256.8 secs   av.it.:   3.1
      thresh= 1.000E-02 alpha_mix =  0.700 |ddv_scf|^2 =  8.167E-10

      iter #   2 total cpu time :275467.2 secs   av.it.:  16.9
      thresh= 2.858E-06 alpha_mix =  0.700 |ddv_scf|^2 =  4.696E-10

      iter #   3 total cpu time :275673.7 secs   av.it.:  16.0
      thresh= 2.167E-06 alpha_mix =  0.700 |ddv_scf|^2 =  2.938E-12

      iter #   4 total cpu time :275885.8 secs   av.it.:  16.9
      thresh= 1.714E-07 alpha_mix =  0.700 |ddv_scf|^2 =  2.807E-13

      iter #   5 total cpu time :276099.2 secs   av.it.:  16.9
      thresh= 5.298E-08 alpha_mix =  0.700 |ddv_scf|^2 =  2.725E-14

      iter #   6 total cpu time :276305.4 secs   av.it.:  16.0
      thresh= 1.651E-08 alpha_mix =  0.700 |ddv_scf|^2 =  1.915E-15

     End of self-consistent calculation

     Convergence has been achieved 


     Representation #   4 modes #   7   8

     Self-consistent Calculation

      iter #   1 total cpu time :276399.1 secs   av.it.:   3.1
      thresh= 1.000E-02 alpha_mix =  0.700 |ddv_scf|^2 =  9.480E-10

      iter #   2 total cpu time :276620.6 secs   av.it.:  16.9
      thresh= 3.079E-06 alpha_mix =  0.700 |ddv_scf|^2 =  5.073E-10

      iter #   3 total cpu time :276834.8 secs   av.it.:  16.0
      thresh= 2.252E-06 alpha_mix =  0.700 |ddv_scf|^2 =  1.318E-12

      iter #   4 total cpu time :277052.4 secs   av.it.:  16.9
      thresh= 1.148E-07 alpha_mix =  0.700 |ddv_scf|^2 =  3.878E-14

      iter #   5 total cpu time :277263.5 secs   av.it.:  16.9
      thresh= 1.969E-08 alpha_mix =  0.700 |ddv_scf|^2 =  5.946E-15

     End of self-consistent calculation

     Convergence has been achieved 


     Representation #   5 modes #   9  10

     Self-consistent Calculation

      iter #   1 total cpu time :277370.1 secs   av.it.:   5.0
      thresh= 1.000E-02 alpha_mix =  0.700 |ddv_scf|^2 =  7.970E-09

      iter #   2 total cpu time :277580.2 secs   av.it.:  16.7
      thresh= 8.928E-06 alpha_mix =  0.700 |ddv_scf|^2 =  5.016E-09

      iter #   3 total cpu time :277781.4 secs   av.it.:  15.9
      thresh= 7.083E-06 alpha_mix =  0.700 |ddv_scf|^2 =  3.666E-12

      iter #   4 total cpu time :277996.2 secs   av.it.:  16.9
      thresh= 1.915E-07 alpha_mix =  0.700 |ddv_scf|^2 =  3.610E-13

      iter #   5 total cpu time :278208.3 secs   av.it.:  16.8
      thresh= 6.009E-08 alpha_mix =  0.700 |ddv_scf|^2 =  1.181E-14

      iter #   6 total cpu time :278422.4 secs   av.it.:  16.9
      thresh= 1.087E-08 alpha_mix =  0.700 |ddv_scf|^2 =  5.770E-16

     End of self-consistent calculation

     Convergence has been achieved 


     Representation #   6 modes #  11  12

     Self-consistent Calculation

      iter #   1 total cpu time :278512.9 secs   av.it.:   3.0
      thresh= 1.000E-02 alpha_mix =  0.700 |ddv_scf|^2 =  5.032E-10

      iter #   2 total cpu time :278726.2 secs   av.it.:  16.9
      thresh= 2.243E-06 alpha_mix =  0.700 |ddv_scf|^2 =  2.403E-10

      iter #   3 total cpu time :278931.6 secs   av.it.:  16.0
      thresh= 1.550E-06 alpha_mix =  0.700 |ddv_scf|^2 =  1.822E-12

      iter #   4 total cpu time :279141.4 secs   av.it.:  16.8
      thresh= 1.350E-07 alpha_mix =  0.700 |ddv_scf|^2 =  8.126E-14

      iter #   5 total cpu time :279353.7 secs   av.it.:  16.9
      thresh= 2.851E-08 alpha_mix =  0.700 |ddv_scf|^2 =  3.660E-15

     End of self-consistent calculation

     Convergence has been achieved 


     Representation #   7 modes #  13  14

     Self-consistent Calculation

      iter #   1 total cpu time :279445.8 secs   av.it.:   3.1
      thresh= 1.000E-02 alpha_mix =  0.700 |ddv_scf|^2 =  6.432E-10

      iter #   2 total cpu time :279662.2 secs   av.it.:  16.9
      thresh= 2.536E-06 alpha_mix =  0.700 |ddv_scf|^2 =  3.150E-10

      iter #   3 total cpu time :279869.9 secs   av.it.:  16.0
      thresh= 1.775E-06 alpha_mix =  0.700 |ddv_scf|^2 =  1.561E-12

      iter #   4 total cpu time :280082.8 secs   av.it.:  16.9
      thresh= 1.249E-07 alpha_mix =  0.700 |ddv_scf|^2 =  5.214E-14

      iter #   5 total cpu time :280296.8 secs   av.it.:  16.9
      thresh= 2.283E-08 alpha_mix =  0.700 |ddv_scf|^2 =  5.272E-15

     End of self-consistent calculation

     Convergence has been achieved 


     Representation #   8 modes #  15  16

     Self-consistent Calculation

      iter #   1 total cpu time :280389.9 secs   av.it.:   3.8
      thresh= 1.000E-02 alpha_mix =  0.700 |ddv_scf|^2 =  8.507E-10

      iter #   2 total cpu time :280606.5 secs   av.it.:  16.9
      thresh= 2.917E-06 alpha_mix =  0.700 |ddv_scf|^2 =  4.867E-10

      iter #   3 total cpu time :280813.9 secs   av.it.:  16.1
      thresh= 2.206E-06 alpha_mix =  0.700 |ddv_scf|^2 =  1.074E-12

      iter #   4 total cpu time :281029.4 secs   av.it.:  16.9
      thresh= 1.036E-07 alpha_mix =  0.700 |ddv_scf|^2 =  9.114E-14

      iter #   5 total cpu time :281242.6 secs   av.it.:  16.9
      thresh= 3.019E-08 alpha_mix =  0.700 |ddv_scf|^2 =  5.025E-15

     End of self-consistent calculation

     Convergence has been achieved 


     Representation #   9 modes #  17  18

     Self-consistent Calculation

      iter #   1 total cpu time :281332.9 secs   av.it.:   3.1
      thresh= 1.000E-02 alpha_mix =  0.700 |ddv_scf|^2 =  6.578E-10

      iter #   2 total cpu time :281545.3 secs   av.it.:  16.9
      thresh= 2.565E-06 alpha_mix =  0.700 |ddv_scf|^2 =  3.384E-10

      iter #   3 total cpu time :281750.2 secs   av.it.:  16.0
      thresh= 1.839E-06 alpha_mix =  0.700 |ddv_scf|^2 =  2.902E-12

      iter #   4 total cpu time :281961.2 secs   av.it.:  16.8
      thresh= 1.703E-07 alpha_mix =  0.700 |ddv_scf|^2 =  2.674E-13

      iter #   5 total cpu time :282173.5 secs   av.it.:  16.4
      thresh= 5.171E-08 alpha_mix =  0.700 |ddv_scf|^2 =  2.043E-14

      iter #   6 total cpu time :282382.8 secs   av.it.:  16.0
      thresh= 1.429E-08 alpha_mix =  0.700 |ddv_scf|^2 =  7.730E-16

     End of self-consistent calculation

     Convergence has been achieved 


     Representation #  10 modes #  19  20

     Self-consistent Calculation

      iter #   1 total cpu time :282474.7 secs   av.it.:   3.1
      thresh= 1.000E-02 alpha_mix =  0.700 |ddv_scf|^2 =  5.490E-10

      iter #   2 total cpu time :282698.8 secs   av.it.:  16.9
      thresh= 2.343E-06 alpha_mix =  0.700 |ddv_scf|^2 =  3.805E-10

      iter #   3 total cpu time :282912.7 secs   av.it.:  15.9
      thresh= 1.951E-06 alpha_mix =  0.700 |ddv_scf|^2 =  9.650E-13

      iter #   4 total cpu time :283137.9 secs   av.it.:  16.9
      thresh= 9.823E-08 alpha_mix =  0.700 |ddv_scf|^2 =  2.504E-13

      iter #   5 total cpu time :283356.8 secs   av.it.:  16.7
      thresh= 5.004E-08 alpha_mix =  0.700 |ddv_scf|^2 =  2.378E-14

      iter #   6 total cpu time :283570.8 secs   av.it.:  16.0
      thresh= 1.542E-08 alpha_mix =  0.700 |ddv_scf|^2 =  1.374E-15

     End of self-consistent calculation

     Convergence has been achieved 


     Representation #  11 modes #  21  22

     Self-consistent Calculation

      iter #   1 total cpu time :283700.3 secs   av.it.:   6.8
      thresh= 1.000E-02 alpha_mix =  0.700 |ddv_scf|^2 =  5.227E-08

      iter #   2 total cpu time :283915.0 secs   av.it.:  16.9
      thresh= 2.286E-05 alpha_mix =  0.700 |ddv_scf|^2 =  3.684E-08

      iter #   3 total cpu time :284115.5 secs   av.it.:  16.0
      thresh= 1.919E-05 alpha_mix =  0.700 |ddv_scf|^2 =  1.350E-10

      iter #   4 total cpu time :284319.5 secs   av.it.:  16.2
      thresh= 1.162E-06 alpha_mix =  0.700 |ddv_scf|^2 =  3.404E-12

      iter #   5 total cpu time :284527.2 secs   av.it.:  16.9
      thresh= 1.845E-07 alpha_mix =  0.700 |ddv_scf|^2 =  2.464E-13

      iter #   6 total cpu time :284736.1 secs   av.it.:  16.4
      thresh= 4.964E-08 alpha_mix =  0.700 |ddv_scf|^2 =  1.707E-14

      iter #   7 total cpu time :284947.0 secs   av.it.:  16.7
      thresh= 1.306E-08 alpha_mix =  0.700 |ddv_scf|^2 =  1.692E-15

     End of self-consistent calculation

     Convergence has been achieved 


     Representation #  12 modes #  23  24

     Self-consistent Calculation

      iter #   1 total cpu time :285039.2 secs   av.it.:   3.4
      thresh= 1.000E-02 alpha_mix =  0.700 |ddv_scf|^2 =  7.967E-10

      iter #   2 total cpu time :285262.9 secs   av.it.:  16.9
      thresh= 2.823E-06 alpha_mix =  0.700 |ddv_scf|^2 =  4.327E-10

      iter #   3 total cpu time :285476.1 secs   av.it.:  16.1
      thresh= 2.080E-06 alpha_mix =  0.700 |ddv_scf|^2 =  1.181E-12

      iter #   4 total cpu time :285695.1 secs   av.it.:  16.9
      thresh= 1.087E-07 alpha_mix =  0.700 |ddv_scf|^2 =  7.160E-14

      iter #   5 total cpu time :285912.4 secs   av.it.:  16.9
      thresh= 2.676E-08 alpha_mix =  0.700 |ddv_scf|^2 =  5.075E-15

     End of self-consistent calculation

     Convergence has been achieved 


     Representation #  13 modes #  25  26

     Self-consistent Calculation

      iter #   1 total cpu time :286015.0 secs   av.it.:   4.3
      thresh= 1.000E-02 alpha_mix =  0.700 |ddv_scf|^2 =  2.751E-09

      iter #   2 total cpu time :286229.4 secs   av.it.:  16.9
      thresh= 5.245E-06 alpha_mix =  0.700 |ddv_scf|^2 =  9.944E-10

      iter #   3 total cpu time :286433.9 secs   av.it.:  16.0
      thresh= 3.153E-06 alpha_mix =  0.700 |ddv_scf|^2 =  1.731E-11

      iter #   4 total cpu time :286640.8 secs   av.it.:  16.3
      thresh= 4.160E-07 alpha_mix =  0.700 |ddv_scf|^2 =  6.513E-13

      iter #   5 total cpu time :286850.0 secs   av.it.:  16.8
      thresh= 8.070E-08 alpha_mix =  0.700 |ddv_scf|^2 =  3.953E-14

      iter #   6 total cpu time :287060.6 secs   av.it.:  16.9
      thresh= 1.988E-08 alpha_mix =  0.700 |ddv_scf|^2 =  8.271E-16

     End of self-consistent calculation

     Convergence has been achieved 


     Representation #  14 modes #  27  28

     Self-consistent Calculation

      iter #   1 total cpu time :287152.2 secs   av.it.:   3.3
      thresh= 1.000E-02 alpha_mix =  0.700 |ddv_scf|^2 =  4.188E-10

      iter #   2 total cpu time :287375.6 secs   av.it.:  16.9
      thresh= 2.046E-06 alpha_mix =  0.700 |ddv_scf|^2 =  2.019E-10

      iter #   3 total cpu time :287592.7 secs   av.it.:  16.0
      thresh= 1.421E-06 alpha_mix =  0.700 |ddv_scf|^2 =  1.646E-12

      iter #   4 total cpu time :287813.3 secs   av.it.:  16.9
      thresh= 1.283E-07 alpha_mix =  0.700 |ddv_scf|^2 =  1.038E-13

      iter #   5 total cpu time :288027.4 secs   av.it.:  16.9
      thresh= 3.222E-08 alpha_mix =  0.700 |ddv_scf|^2 =  3.122E-15

     End of self-consistent calculation

     Convergence has been achieved 


     Representation #  15 modes #  29  30

     Self-consistent Calculation

      iter #   1 total cpu time :288117.6 secs   av.it.:   3.0
      thresh= 1.000E-02 alpha_mix =  0.700 |ddv_scf|^2 =  6.871E-10

      iter #   2 total cpu time :288328.0 secs   av.it.:  16.9
      thresh= 2.621E-06 alpha_mix =  0.700 |ddv_scf|^2 =  3.573E-10

      iter #   3 total cpu time :288530.2 secs   av.it.:  16.0
      thresh= 1.890E-06 alpha_mix =  0.700 |ddv_scf|^2 =  2.617E-12

      iter #   4 total cpu time :288739.6 secs   av.it.:  16.6
      thresh= 1.618E-07 alpha_mix =  0.700 |ddv_scf|^2 =  2.498E-13

      iter #   5 total cpu time :288952.6 secs   av.it.:  16.6
      thresh= 4.998E-08 alpha_mix =  0.700 |ddv_scf|^2 =  2.016E-14

      iter #   6 total cpu time :289161.0 secs   av.it.:  16.0
      thresh= 1.420E-08 alpha_mix =  0.700 |ddv_scf|^2 =  5.345E-16

     End of self-consistent calculation

     Convergence has been achieved 


     Representation #  16 modes #  31  32

     Self-consistent Calculation

      iter #   1 total cpu time :289286.9 secs   av.it.:   6.4
      thresh= 1.000E-02 alpha_mix =  0.700 |ddv_scf|^2 =  2.345E-08

      iter #   2 total cpu time :289501.4 secs   av.it.:  16.9
      thresh= 1.531E-05 alpha_mix =  0.700 |ddv_scf|^2 =  1.035E-08

      iter #   3 total cpu time :289711.3 secs   av.it.:  16.0
      thresh= 1.017E-05 alpha_mix =  0.700 |ddv_scf|^2 =  7.212E-11

      iter #   4 total cpu time :289928.3 secs   av.it.:  16.9
      thresh= 8.492E-07 alpha_mix =  0.700 |ddv_scf|^2 =  2.666E-12

      iter #   5 total cpu time :290142.2 secs   av.it.:  16.9
      thresh= 1.633E-07 alpha_mix =  0.700 |ddv_scf|^2 =  4.792E-14

      iter #   6 total cpu time :290355.2 secs   av.it.:  16.9
      thresh= 2.189E-08 alpha_mix =  0.700 |ddv_scf|^2 =  5.672E-15

     End of self-consistent calculation

     Convergence has been achieved 


     Representation #  17 modes #  33  34

     Self-consistent Calculation

      iter #   1 total cpu time :290445.7 secs   av.it.:   3.0
      thresh= 1.000E-02 alpha_mix =  0.700 |ddv_scf|^2 =  5.814E-10

      iter #   2 total cpu time :290660.6 secs   av.it.:  16.9
      thresh= 2.411E-06 alpha_mix =  0.700 |ddv_scf|^2 =  3.781E-10

      iter #   3 total cpu time :290866.4 secs   av.it.:  15.9
      thresh= 1.944E-06 alpha_mix =  0.700 |ddv_scf|^2 =  1.194E-12

      iter #   4 total cpu time :291074.3 secs   av.it.:  16.9
      thresh= 1.093E-07 alpha_mix =  0.700 |ddv_scf|^2 =  3.990E-13

      iter #   5 total cpu time :291279.7 secs   av.it.:  16.0
      thresh= 6.316E-08 alpha_mix =  0.700 |ddv_scf|^2 =  1.118E-14

      iter #   6 total cpu time :291484.2 secs   av.it.:  16.0
      thresh= 1.057E-08 alpha_mix =  0.700 |ddv_scf|^2 =  8.922E-16

     End of self-consistent calculation

     Convergence has been achieved 


     Representation #  18 modes #  35  36

     Self-consistent Calculation

      iter #   1 total cpu time :291573.1 secs   av.it.:   3.0
      thresh= 1.000E-02 alpha_mix =  0.700 |ddv_scf|^2 =  2.468E-10

      iter #   2 total cpu time :291788.2 secs   av.it.:  16.9
      thresh= 1.571E-06 alpha_mix =  0.700 |ddv_scf|^2 =  1.139E-10

      iter #   3 total cpu time :291996.2 secs   av.it.:  16.0
      thresh= 1.067E-06 alpha_mix =  0.700 |ddv_scf|^2 =  2.559E-12

      iter #   4 total cpu time :292208.4 secs   av.it.:  16.5
      thresh= 1.600E-07 alpha_mix =  0.700 |ddv_scf|^2 =  1.132E-13

      iter #   5 total cpu time :292419.1 secs   av.it.:  16.8
      thresh= 3.364E-08 alpha_mix =  0.700 |ddv_scf|^2 =  8.618E-15

     End of self-consistent calculation

     Convergence has been achieved 


     Representation #  19 modes #  37  38

     Self-consistent Calculation

      iter #   1 total cpu time :292508.7 secs   av.it.:   3.0
      thresh= 1.000E-02 alpha_mix =  0.700 |ddv_scf|^2 =  4.479E-10

      iter #   2 total cpu time :292722.5 secs   av.it.:  16.9
      thresh= 2.116E-06 alpha_mix =  0.700 |ddv_scf|^2 =  2.173E-10

      iter #   3 total cpu time :292929.5 secs   av.it.:  16.1
      thresh= 1.474E-06 alpha_mix =  0.700 |ddv_scf|^2 =  1.858E-12

      iter #   4 total cpu time :293139.5 secs   av.it.:  16.7
      thresh= 1.363E-07 alpha_mix =  0.700 |ddv_scf|^2 =  8.743E-14

      iter #   5 total cpu time :293357.3 secs   av.it.:  16.9
      thresh= 2.957E-08 alpha_mix =  0.700 |ddv_scf|^2 =  4.358E-15

     End of self-consistent calculation

     Convergence has been achieved 


     Representation #  20 modes #  39  40

     Self-consistent Calculation

      iter #   1 total cpu time :293447.7 secs   av.it.:   3.0
      thresh= 1.000E-02 alpha_mix =  0.700 |ddv_scf|^2 =  1.197E-09

      iter #   2 total cpu time :293659.2 secs   av.it.:  16.8
      thresh= 3.460E-06 alpha_mix =  0.700 |ddv_scf|^2 =  8.604E-10

      iter #   3 total cpu time :293862.6 secs   av.it.:  15.9
      thresh= 2.933E-06 alpha_mix =  0.700 |ddv_scf|^2 =  1.512E-12

      iter #   4 total cpu time :294076.0 secs   av.it.:  16.9
      thresh= 1.230E-07 alpha_mix =  0.700 |ddv_scf|^2 =  3.234E-13

      iter #   5 total cpu time :294280.5 secs   av.it.:  16.1
      thresh= 5.686E-08 alpha_mix =  0.700 |ddv_scf|^2 =  7.588E-15

     End of self-consistent calculation

     Convergence has been achieved 


     Representation #  21 modes #  41  42

     Self-consistent Calculation

      iter #   1 total cpu time :294365.9 secs   av.it.:   3.0
      thresh= 1.000E-02 alpha_mix =  0.700 |ddv_scf|^2 =  3.159E-10

      iter #   2 total cpu time :294574.4 secs   av.it.:  16.8
      thresh= 1.777E-06 alpha_mix =  0.700 |ddv_scf|^2 =  1.043E-10

      iter #   3 total cpu time :294778.6 secs   av.it.:  16.0
      thresh= 1.021E-06 alpha_mix =  0.700 |ddv_scf|^2 =  2.737E-12

      iter #   4 total cpu time :294993.5 secs   av.it.:  16.6
      thresh= 1.654E-07 alpha_mix =  0.700 |ddv_scf|^2 =  4.546E-14

      iter #   5 total cpu time :295209.1 secs   av.it.:  16.9
      thresh= 2.132E-08 alpha_mix =  0.700 |ddv_scf|^2 =  2.648E-15

     End of self-consistent calculation

     Convergence has been achieved 


     Representation #  22 modes #  43  44

     Self-consistent Calculation

      iter #   1 total cpu time :295314.6 secs   av.it.:   5.0
      thresh= 1.000E-02 alpha_mix =  0.700 |ddv_scf|^2 =  6.291E-09

      iter #   2 total cpu time :295524.5 secs   av.it.:  16.9
      thresh= 7.932E-06 alpha_mix =  0.700 |ddv_scf|^2 =  4.606E-09

      iter #   3 total cpu time :295725.1 secs   av.it.:  15.9
      thresh= 6.786E-06 alpha_mix =  0.700 |ddv_scf|^2 =  1.166E-11

      iter #   4 total cpu time :295940.5 secs   av.it.:  16.9
      thresh= 3.415E-07 alpha_mix =  0.700 |ddv_scf|^2 =  8.838E-13

      iter #   5 total cpu time :296151.0 secs   av.it.:  16.9
      thresh= 9.401E-08 alpha_mix =  0.700 |ddv_scf|^2 =  2.085E-13

      iter #   6 total cpu time :296357.6 secs   av.it.:  16.1
      thresh= 4.566E-08 alpha_mix =  0.700 |ddv_scf|^2 =  1.004E-15

     End of self-consistent calculation

     Convergence has been achieved 


     Representation #  23 modes #  45  46

     Self-consistent Calculation

      iter #   1 total cpu time :296447.0 secs   av.it.:   3.0
      thresh= 1.000E-02 alpha_mix =  0.700 |ddv_scf|^2 =  4.507E-10

      iter #   2 total cpu time :296659.7 secs   av.it.:  16.9
      thresh= 2.123E-06 alpha_mix =  0.700 |ddv_scf|^2 =  2.613E-10

      iter #   3 total cpu time :296863.2 secs   av.it.:  15.9
      thresh= 1.617E-06 alpha_mix =  0.700 |ddv_scf|^2 =  1.733E-12

      iter #   4 total cpu time :297073.5 secs   av.it.:  16.9
      thresh= 1.316E-07 alpha_mix =  0.700 |ddv_scf|^2 =  2.470E-13

      iter #   5 total cpu time :297285.4 secs   av.it.:  16.8
      thresh= 4.970E-08 alpha_mix =  0.700 |ddv_scf|^2 =  2.081E-14

      iter #   6 total cpu time :297492.6 secs   av.it.:  16.0
      thresh= 1.443E-08 alpha_mix =  0.700 |ddv_scf|^2 =  1.305E-15

     End of self-consistent calculation

     Convergence has been achieved 


     Representation #  24 modes #  47  48

     Self-consistent Calculation

      iter #   1 total cpu time :297598.4 secs   av.it.:   4.6
      thresh= 1.000E-02 alpha_mix =  0.700 |ddv_scf|^2 =  2.398E-09

      iter #   2 total cpu time :297815.8 secs   av.it.:  16.9
      thresh= 4.897E-06 alpha_mix =  0.700 |ddv_scf|^2 =  7.486E-10

      iter #   3 total cpu time :298026.9 secs   av.it.:  16.1
      thresh= 2.736E-06 alpha_mix =  0.700 |ddv_scf|^2 =  1.504E-11

      iter #   4 total cpu time :298240.4 secs   av.it.:  16.9
      thresh= 3.878E-07 alpha_mix =  0.700 |ddv_scf|^2 =  7.660E-13

      iter #   5 total cpu time :298451.8 secs   av.it.:  16.9
      thresh= 8.752E-08 alpha_mix =  0.700 |ddv_scf|^2 =  6.489E-14

      iter #   6 total cpu time :298664.9 secs   av.it.:  16.9
      thresh= 2.547E-08 alpha_mix =  0.700 |ddv_scf|^2 =  6.835E-16

     End of self-consistent calculation

     Convergence has been achieved 


     Representation #  25 modes #  49  50

     Self-consistent Calculation

      iter #   1 total cpu time :298757.0 secs   av.it.:   3.4
      thresh= 1.000E-02 alpha_mix =  0.700 |ddv_scf|^2 =  7.900E-10

      iter #   2 total cpu time :298965.6 secs   av.it.:  16.9
      thresh= 2.811E-06 alpha_mix =  0.700 |ddv_scf|^2 =  4.878E-10

      iter #   3 total cpu time :299165.5 secs   av.it.:  16.0
      thresh= 2.209E-06 alpha_mix =  0.700 |ddv_scf|^2 =  1.469E-12

      iter #   4 total cpu time :299379.2 secs   av.it.:  16.9
      thresh= 1.212E-07 alpha_mix =  0.700 |ddv_scf|^2 =  2.369E-13

      iter #   5 total cpu time :299589.3 secs   av.it.:  16.6
      thresh= 4.868E-08 alpha_mix =  0.700 |ddv_scf|^2 =  2.249E-14

      iter #   6 total cpu time :299797.4 secs   av.it.:  16.1
      thresh= 1.500E-08 alpha_mix =  0.700 |ddv_scf|^2 =  7.208E-16

     End of self-consistent calculation

     Convergence has been achieved 


     Representation #  26 modes #  51  52

     Self-consistent Calculation

      iter #   1 total cpu time :299925.8 secs   av.it.:   6.5
      thresh= 1.000E-02 alpha_mix =  0.700 |ddv_scf|^2 =  2.731E-08

      iter #   2 total cpu time :300144.3 secs   av.it.:  16.9
      thresh= 1.653E-05 alpha_mix =  0.700 |ddv_scf|^2 =  1.662E-08

      iter #   3 total cpu time :300346.3 secs   av.it.:  16.0
      thresh= 1.289E-05 alpha_mix =  0.700 |ddv_scf|^2 =  4.038E-11

      iter #   4 total cpu time :300560.0 secs   av.it.:  16.9
      thresh= 6.354E-07 alpha_mix =  0.700 |ddv_scf|^2 =  2.328E-12

      iter #   5 total cpu time :300772.6 secs   av.it.:  16.9
      thresh= 1.526E-07 alpha_mix =  0.700 |ddv_scf|^2 =  9.188E-14

      iter #   6 total cpu time :300985.4 secs   av.it.:  16.9
      thresh= 3.031E-08 alpha_mix =  0.700 |ddv_scf|^2 =  3.270E-15

     End of self-consistent calculation

     Convergence has been achieved 


     Representation #  27 modes #  53  54

     Self-consistent Calculation

      iter #   1 total cpu time :301079.7 secs   av.it.:   3.3
      thresh= 1.000E-02 alpha_mix =  0.700 |ddv_scf|^2 =  5.245E-10

      iter #   2 total cpu time :301304.9 secs   av.it.:  16.9
      thresh= 2.290E-06 alpha_mix =  0.700 |ddv_scf|^2 =  3.242E-10

      iter #   3 total cpu time :301519.9 secs   av.it.:  16.0
      thresh= 1.801E-06 alpha_mix =  0.700 |ddv_scf|^2 =  9.632E-13

      iter #   4 total cpu time :301744.4 secs   av.it.:  16.9
      thresh= 9.814E-08 alpha_mix =  0.700 |ddv_scf|^2 =  1.290E-13

      iter #   5 total cpu time :301966.1 secs   av.it.:  16.9
      thresh= 3.592E-08 alpha_mix =  0.700 |ddv_scf|^2 =  3.961E-15

     End of self-consistent calculation

     Convergence has been achieved 


     Representation #  28 modes #  55  56

     Self-consistent Calculation

      iter #   1 total cpu time :302075.4 secs   av.it.:   4.7
      thresh= 1.000E-02 alpha_mix =  0.700 |ddv_scf|^2 =  3.480E-09

      iter #   2 total cpu time :302292.0 secs   av.it.:  16.9
      thresh= 5.899E-06 alpha_mix =  0.700 |ddv_scf|^2 =  1.953E-09

      iter #   3 total cpu time :302497.6 secs   av.it.:  16.0
      thresh= 4.420E-06 alpha_mix =  0.700 |ddv_scf|^2 =  2.373E-11

      iter #   4 total cpu time :302708.1 secs   av.it.:  16.8
      thresh= 4.872E-07 alpha_mix =  0.700 |ddv_scf|^2 =  1.084E-12

      iter #   5 total cpu time :302921.0 secs   av.it.:  16.8
      thresh= 1.041E-07 alpha_mix =  0.700 |ddv_scf|^2 =  1.215E-13

      iter #   6 total cpu time :303132.1 secs   av.it.:  16.9
      thresh= 3.486E-08 alpha_mix =  0.700 |ddv_scf|^2 =  4.550E-15

     End of self-consistent calculation

     Convergence has been achieved 


     Representation #  29 modes #  57  58

     Self-consistent Calculation

      iter #   1 total cpu time :303221.3 secs   av.it.:   3.0
      thresh= 1.000E-02 alpha_mix =  0.700 |ddv_scf|^2 =  5.801E-10

      iter #   2 total cpu time :303434.2 secs   av.it.:  16.9
      thresh= 2.409E-06 alpha_mix =  0.700 |ddv_scf|^2 =  2.433E-10

      iter #   3 total cpu time :303641.1 secs   av.it.:  16.0
      thresh= 1.560E-06 alpha_mix =  0.700 |ddv_scf|^2 =  2.404E-12

      iter #   4 total cpu time :303854.0 secs   av.it.:  16.9
      thresh= 1.550E-07 alpha_mix =  0.700 |ddv_scf|^2 =  7.518E-14

      iter #   5 total cpu time :304069.0 secs   av.it.:  16.9
      thresh= 2.742E-08 alpha_mix =  0.700 |ddv_scf|^2 =  4.436E-15

     End of self-consistent calculation

     Convergence has been achieved 


     Representation #  30 modes #  59  60

     Self-consistent Calculation

      iter #   1 total cpu time :304158.9 secs   av.it.:   3.0
      thresh= 1.000E-02 alpha_mix =  0.700 |ddv_scf|^2 =  5.372E-10

      iter #   2 total cpu time :304371.0 secs   av.it.:  16.9
      thresh= 2.318E-06 alpha_mix =  0.700 |ddv_scf|^2 =  2.308E-10

      iter #   3 total cpu time :304577.0 secs   av.it.:  16.0
      thresh= 1.519E-06 alpha_mix =  0.700 |ddv_scf|^2 =  2.717E-12

      iter #   4 total cpu time :304789.4 secs   av.it.:  16.9
      thresh= 1.648E-07 alpha_mix =  0.700 |ddv_scf|^2 =  2.787E-13

      iter #   5 total cpu time :304998.9 secs   av.it.:  16.1
      thresh= 5.280E-08 alpha_mix =  0.700 |ddv_scf|^2 =  1.504E-14

      iter #   6 total cpu time :305207.2 secs   av.it.:  16.2
      thresh= 1.226E-08 alpha_mix =  0.700 |ddv_scf|^2 =  7.921E-16

     End of self-consistent calculation

     Convergence has been achieved 


     Representation #  31 modes #  61  62

     Self-consistent Calculation

      iter #   1 total cpu time :305300.1 secs   av.it.:   3.5
      thresh= 1.000E-02 alpha_mix =  0.700 |ddv_scf|^2 =  5.609E-10

      iter #   2 total cpu time :305518.6 secs   av.it.:  16.9
      thresh= 2.368E-06 alpha_mix =  0.700 |ddv_scf|^2 =  2.740E-10

      iter #   3 total cpu time :305728.0 secs   av.it.:  16.0
      thresh= 1.655E-06 alpha_mix =  0.700 |ddv_scf|^2 =  1.654E-12

      iter #   4 total cpu time :305942.6 secs   av.it.:  16.9
      thresh= 1.286E-07 alpha_mix =  0.700 |ddv_scf|^2 =  1.014E-13

      iter #   5 total cpu time :306156.8 secs   av.it.:  16.9
      thresh= 3.184E-08 alpha_mix =  0.700 |ddv_scf|^2 =  4.534E-15

     End of self-consistent calculation

     Convergence has been achieved 


     Representation #  32 modes #  63  64

     Self-consistent Calculation

      iter #   1 total cpu time :306248.5 secs   av.it.:   3.4
      thresh= 1.000E-02 alpha_mix =  0.700 |ddv_scf|^2 =  6.550E-10

      iter #   2 total cpu time :306465.3 secs   av.it.:  16.9
      thresh= 2.559E-06 alpha_mix =  0.700 |ddv_scf|^2 =  3.816E-10

      iter #   3 total cpu time :306670.3 secs   av.it.:  16.0
      thresh= 1.953E-06 alpha_mix =  0.700 |ddv_scf|^2 =  8.817E-13

      iter #   4 total cpu time :306884.7 secs   av.it.:  16.9
      thresh= 9.390E-08 alpha_mix =  0.700 |ddv_scf|^2 =  7.375E-14

      iter #   5 total cpu time :307097.0 secs   av.it.:  16.9
      thresh= 2.716E-08 alpha_mix =  0.700 |ddv_scf|^2 =  4.627E-15

     End of self-consistent calculation

     Convergence has been achieved 


     Representation #  33 modes #  65  66

     Self-consistent Calculation

      iter #   1 total cpu time :307189.9 secs   av.it.:   3.4
      thresh= 1.000E-02 alpha_mix =  0.700 |ddv_scf|^2 =  1.052E-09

      iter #   2 total cpu time :307399.4 secs   av.it.:  16.9
      thresh= 3.243E-06 alpha_mix =  0.700 |ddv_scf|^2 =  6.397E-10

      iter #   3 total cpu time :307604.6 secs   av.it.:  16.0
      thresh= 2.529E-06 alpha_mix =  0.700 |ddv_scf|^2 =  2.539E-12

      iter #   4 total cpu time :307818.2 secs   av.it.:  16.9
      thresh= 1.593E-07 alpha_mix =  0.700 |ddv_scf|^2 =  3.514E-13

      iter #   5 total cpu time :308023.0 secs   av.it.:  16.9
      thresh= 5.928E-08 alpha_mix =  0.700 |ddv_scf|^2 =  2.822E-14

      iter #   6 total cpu time :308228.4 secs   av.it.:  16.0
      thresh= 1.680E-08 alpha_mix =  0.700 |ddv_scf|^2 =  2.050E-15

     End of self-consistent calculation

     Convergence has been achieved 

     Number of q in the star =    1
     List of q in the star:
          1  -0.500000000  -0.505667486  -0.793648854

     Diagonalizing the dynamical matrix

     q = (   -0.500000000  -0.505667486  -0.793648854 ) 

 **************************************************************************
     freq (    1) =       1.396414 [THz] =      46.579350 [cm-1]
     freq (    2) =       1.396414 [THz] =      46.579350 [cm-1]
     freq (    3) =       1.800642 [THz] =      60.062967 [cm-1]
     freq (    4) =       1.800642 [THz] =      60.062967 [cm-1]
     freq (    5) =       3.333334 [THz] =     111.188051 [cm-1]
     freq (    6) =       3.333334 [THz] =     111.188051 [cm-1]
     freq (    7) =       3.856673 [THz] =     128.644753 [cm-1]
     freq (    8) =       3.856673 [THz] =     128.644753 [cm-1]
     freq (    9) =       4.156632 [THz] =     138.650322 [cm-1]
     freq (   10) =       4.156632 [THz] =     138.650322 [cm-1]
     freq (   11) =       6.306181 [THz] =     210.351547 [cm-1]
     freq (   12) =       6.306181 [THz] =     210.351547 [cm-1]
     freq (   13) =       6.768008 [THz] =     225.756431 [cm-1]
     freq (   14) =       6.768008 [THz] =     225.756431 [cm-1]
     freq (   15) =       6.820830 [THz] =     227.518401 [cm-1]
     freq (   16) =       6.820830 [THz] =     227.518401 [cm-1]
     freq (   17) =       8.078334 [THz] =     269.464216 [cm-1]
     freq (   18) =       8.078334 [THz] =     269.464216 [cm-1]
     freq (   19) =       8.420052 [THz] =     280.862701 [cm-1]
     freq (   20) =       8.420052 [THz] =     280.862701 [cm-1]
     freq (   21) =       8.852079 [THz] =     295.273583 [cm-1]
     freq (   22) =       8.852079 [THz] =     295.273583 [cm-1]
     freq (   23) =       9.129490 [THz] =     304.527007 [cm-1]
     freq (   24) =       9.129490 [THz] =     304.527007 [cm-1]
     freq (   25) =       9.267401 [THz] =     309.127239 [cm-1]
     freq (   26) =       9.267401 [THz] =     309.127239 [cm-1]
     freq (   27) =      12.048024 [THz] =     401.878813 [cm-1]
     freq (   28) =      12.048024 [THz] =     401.878813 [cm-1]
     freq (   29) =      12.351158 [THz] =     411.990296 [cm-1]
     freq (   30) =      12.351158 [THz] =     411.990296 [cm-1]
     freq (   31) =      30.440153 [THz] =    1015.374197 [cm-1]
     freq (   32) =      30.440153 [THz] =    1015.374197 [cm-1]
     freq (   33) =      30.660191 [THz] =    1022.713880 [cm-1]
     freq (   34) =      30.660191 [THz] =    1022.713880 [cm-1]
     freq (   35) =      31.890317 [THz] =    1063.746469 [cm-1]
     freq (   36) =      31.890317 [THz] =    1063.746469 [cm-1]
     freq (   37) =      31.934637 [THz] =    1065.224816 [cm-1]
     freq (   38) =      31.934637 [THz] =    1065.224816 [cm-1]
     freq (   39) =      32.604027 [THz] =    1087.553281 [cm-1]
     freq (   40) =      32.604027 [THz] =    1087.553281 [cm-1]
     freq (   41) =      32.804512 [THz] =    1094.240744 [cm-1]
     freq (   42) =      32.804512 [THz] =    1094.240744 [cm-1]
     freq (   43) =      35.808763 [THz] =    1194.451769 [cm-1]
     freq (   44) =      35.808763 [THz] =    1194.451769 [cm-1]
     freq (   45) =      35.998091 [THz] =    1200.767076 [cm-1]
     freq (   46) =      35.998091 [THz] =    1200.767076 [cm-1]
     freq (   47) =      36.281687 [THz] =    1210.226795 [cm-1]
     freq (   48) =      36.281687 [THz] =    1210.226795 [cm-1]
     freq (   49) =      36.518632 [THz] =    1218.130453 [cm-1]
     freq (   50) =      36.518632 [THz] =    1218.130453 [cm-1]
     freq (   51) =      68.482669 [THz] =    2284.335954 [cm-1]
     freq (   52) =      68.482669 [THz] =    2284.335954 [cm-1]
     freq (   53) =      68.619540 [THz] =    2288.901490 [cm-1]
     freq (   54) =      68.619540 [THz] =    2288.901490 [cm-1]
     freq (   55) =      70.033549 [THz] =    2336.067740 [cm-1]
     freq (   56) =      70.033549 [THz] =    2336.067740 [cm-1]
     freq (   57) =      70.254321 [THz] =    2343.431897 [cm-1]
     freq (   58) =      70.254321 [THz] =    2343.431897 [cm-1]
     freq (   59) =      70.482071 [THz] =    2351.028826 [cm-1]
     freq (   60) =      70.482071 [THz] =    2351.028826 [cm-1]
     freq (   61) =      70.627762 [THz] =    2355.888569 [cm-1]
     freq (   62) =      70.627762 [THz] =    2355.888569 [cm-1]
     freq (   63) =      71.474624 [THz] =    2384.136828 [cm-1]
     freq (   64) =      71.474624 [THz] =    2384.136828 [cm-1]
     freq (   65) =      71.515314 [THz] =    2385.494102 [cm-1]
     freq (   66) =      71.515314 [THz] =    2385.494102 [cm-1]
 **************************************************************************

     init_run     :      9.19s CPU      9.45s WALL (       7 calls)
     electrons    :   1585.51s CPU   1596.70s WALL (       7 calls)

     Called by init_run:
     wfcinit      :      0.00s CPU      0.01s WALL (       7 calls)
     potinit      :      1.16s CPU      1.24s WALL (       7 calls)
     hinit0       :      0.90s CPU      0.93s WALL (       7 calls)

     Called by electrons:
     c_bands      :   1585.50s CPU   1596.53s WALL (       7 calls)
     v_of_rho     :      1.07s CPU      1.12s WALL (       8 calls)
     newd         :      1.68s CPU      1.71s WALL (       8 calls)

     Called by c_bands:
     init_us_2    :    441.90s CPU    482.52s WALL (   75465 calls)
     cegterg      :   1450.74s CPU   1460.04s WALL (     740 calls)

     Called by *egterg:
     cdiaghg      :     37.87s CPU     38.05s WALL (    8683 calls)
     h_psi        : 157134.09s CPU 158419.99s WALL ( 1460203 calls)
     s_psi        :  64964.33s CPU  65246.86s WALL ( 2996330 calls)
     g_psi        :      3.63s CPU      3.65s WALL (    8305 calls)

     Called by h_psi:
     h_psi:calbec :  28108.55s CPU  28246.68s WALL ( 1460203 calls)
     vloc_psi     :  96786.87s CPU  97799.37s WALL ( 1460203 calls)
     add_vuspsi   :  31503.56s CPU  31639.94s WALL ( 1460203 calls)

     General routines
     calbec       :  63242.41s CPU  63551.93s WALL ( 3241409 calls)
     fft          :    925.47s CPU    991.48s WALL (   93151 calls)
     ffts         :    405.05s CPU    421.15s WALL (   45070 calls)
     fftw         :  97470.45s CPU  98540.17s WALL (68836784 calls)
     interpolate  :     63.40s CPU     73.07s WALL (    6856 calls)
     davcio       :    206.87s CPU    403.04s WALL (  457119 calls)

     Parallel routines

     PHONON       :   3d12h46m CPU   3d13h37m WALL

     INITIALIZATION: 
     phq_setup    :      3.22s CPU      3.80s WALL (       8 calls)
     phq_init     :   1718.75s CPU   1736.29s WALL (       8 calls)

     phq_init     :   1718.75s CPU   1736.29s WALL (       8 calls)
     set_drhoc    :      0.12s CPU      0.12s WALL (      24 calls)
     init_vloc    :      0.11s CPU      0.11s WALL (       8 calls)
     init_us_1    :      0.19s CPU      0.23s WALL (       8 calls)
     init_us_2    :    441.90s CPU    482.52s WALL (   75465 calls)
     newd         :      1.68s CPU      1.71s WALL (       8 calls)
     dvanqq       :    193.84s CPU    196.09s WALL (       8 calls)
     drho         :   1393.76s CPU   1408.29s WALL (       8 calls)
     drhous       :   1193.03s CPU   1202.65s WALL (       8 calls)
     nldyntot     :     25.77s CPU     25.86s WALL (       8 calls)

     DYNAMICAL MATRIX:
     dynmat0      :    109.70s CPU    110.15s WALL (       8 calls)
     dynmat_us    :     57.29s CPU     57.61s WALL (       8 calls)
     addusdynmat  :      0.02s CPU      0.05s WALL (       8 calls)
     d2ionq       :     49.68s CPU     49.73s WALL (       8 calls)
     dynmatcc     :      2.56s CPU      2.65s WALL (       8 calls)
     phqscf       : 296570.07s CPU 299559.25s WALL (       8 calls)
     dynmatrix    :      0.39s CPU      0.48s WALL (       8 calls)

     phqscf       : 296570.07s CPU 299559.25s WALL (       8 calls)
     solve_linter : 293117.74s CPU 295998.94s WALL (     328 calls)
     sth_kernel   : 280948.86s CPU 283178.49s WALL (    1958 calls)
     h_prec       :    104.31s CPU    105.16s WALL (   52947 calls)
     apply_dpot_b :   5469.68s CPU   5573.80s WALL (   70848 calls)
     ortho        :   4589.92s CPU   4617.83s WALL (   85266 calls)
     cgsolve      : 260998.66s CPU 262810.87s WALL (   85266 calls)
     incdrhoscf   :   9550.02s CPU   9706.36s WALL (   85266 calls)
                                        0.00s GPU  (   85266 calls)
     addusddens   :    869.69s CPU    881.86s WALL (    2279 calls)
     dv_of_drho   :    348.63s CPU    377.40s WALL (    3158 calls)
     mix_pot      :     37.18s CPU     99.45s WALL (    1958 calls)
     drhodv       :   1592.53s CPU   1611.81s WALL (     328 calls)
     psymdvscf    :   4096.52s CPU   4236.19s WALL (    1951 calls)
     newdq        :   1392.51s CPU   1400.67s WALL (    1958 calls)
     adddvscf     :    285.99s CPU    289.97s WALL (   70848 calls)
     drhodvus     :     29.78s CPU     46.91s WALL (     328 calls)

     dvqpsi_us    :   7745.17s CPU   7778.26s WALL (   16038 calls)
                                        0.00s GPU  (   16038 calls)
     dvqpsi_us_on :   6160.00s CPU   6170.55s WALL (   16038 calls)

     add_vuspsi   :  31503.56s CPU  31639.94s WALL ( 1460203 calls)
     addusdbec    :   2215.65s CPU   2224.68s WALL (   99522 calls)

     drhodvus     :     29.78s CPU     46.91s WALL (     328 calls)

      General routines
     calbec       :  63242.41s CPU  63551.93s WALL ( 3241409 calls)
     fft          :    925.47s CPU    991.48s WALL (   93151 calls)
     ffts         :    405.05s CPU    421.15s WALL (   45070 calls)
     fftw         :  97470.45s CPU  98540.17s WALL (68836784 calls)
     davcio       :    206.87s CPU    403.04s WALL (  457119 calls)
     write_rec    :     37.77s CPU    398.01s WALL (    2286 calls)

      Additional routines
     ch_psi       : 257633.54s CPU 259394.32s WALL ( 1450780 calls)
     last         :  68889.96s CPU  69235.40s WALL ( 1450780 calls)
     Hesh         :    510.07s CPU    515.84s WALL ( 1450780 calls)
     ch_psi_all_k :  68354.34s CPU  68696.64s WALL ( 1450780 calls)
                                        0.00s GPU  ( 1450780 calls)
     ch_psi_calbe :  27879.01s CPU  27990.20s WALL ( 1450780 calls)
                                        0.00s GPU  ( 1450780 calls)
     h_psi_bgrp   : 157147.75s CPU 158430.36s WALL ( 1460203 calls)
     h_psi        : 157134.09s CPU 158419.99s WALL ( 1460203 calls)
     h_psi:pot    : 156438.17s CPU 157711.38s WALL ( 1460203 calls)
     h_psi:calbec :  28108.55s CPU  28246.68s WALL ( 1460203 calls)
     s_psi_bgrp   :  65697.29s CPU  65966.89s WALL ( 2996330 calls)
     s_psi        :  64964.33s CPU  65246.86s WALL ( 2996330 calls)


     PHONON       :   3d12h46m CPU   3d13h37m WALL


   This run was terminated on:   0:55:10  16Aug2024            

=------------------------------------------------------------------------------=
   JOB DONE.
=------------------------------------------------------------------------------=
