Dynamical matrix file
                                                                           
  3   22   8  13.1498633   1.0049953   0.6650232   0.0000000   0.0000000   0.0000000
           1  'B      '    9853.6237122476850     
           2  'Ba     '    125165.90357338246     
           3  'H      '    918.68111039893927     
    1    2      0.5000000000      0.5024976400      0.3325149230
    2    2      0.0000000000      0.0000000000      0.6650198770
    3    1      0.6221553268      0.2503544012      0.0000033661
    4    1      0.3778446732      0.7546408788      0.0000033661
    5    1      0.1221553268      0.2521432388      0.3325082339
    6    1      0.8778446732      0.7528520412      0.3325082339
    7    3      0.4492521412      0.2889571800     -0.0000129203
    8    3      0.5507478588      0.7160381000     -0.0000129203
    9    3      0.9492521412      0.2135404600      0.3325245203
   10    3      0.0507478588      0.7914548200      0.3325245203
   11    3      0.7177062341      0.4004542273      0.0000030987
   12    3      0.2822937659      0.6045410527      0.0000030987
   13    3      0.2177062341      0.1020434127      0.3325085013
   14    3      0.7822937659      0.9029518673      0.3325085013
   15    3      0.6574615302      0.1574470330      0.5188345313
   16    3      0.3425384698      0.8475482470      0.5188345313
   17    3      0.1574615302      0.3450506070      0.4787002687
   18    3      0.8425384698      0.6599446730      0.4787002687
   19    3      0.3425471504      0.8475474436      0.1461992081
   20    3      0.6574528496      0.1574478364      0.1461992081
   21    3      0.8425471504      0.6599454764      0.1863123919
   22    3      0.1574528496      0.3450498036      0.1863123919

     Dynamical  Matrix in cartesian axes

     q = (    0.000000000  -0.497514774   0.000000000 ) 

    1    1
  0.06481420   0.00000000     0.00493689   0.00000000     0.00000000   0.00000000
  0.00493689   0.00000000     0.10858711   0.00000000     0.00000000   0.00000000
  0.00000000   0.00000000     0.00000000   0.00000000     0.06511518   0.00000000
    1    2
  0.00000000   0.00000000     0.00000000  -0.00000000     0.00028769   0.00000000
  0.00000000  -0.00000000     0.00000000   0.00000000     0.00079594   0.00000000
 -0.00028769  -0.00000000     0.00079594   0.00000000     0.00000000   0.00000000
    1    3
  0.00724877   0.00000000     0.01056827   0.00000000    -0.00036568  -0.00000000
  0.00995247   0.00000000    -0.01141815  -0.00000000     0.00002647   0.00000000
  0.00010410   0.00000000    -0.00024491  -0.00000000    -0.02432328  -0.00000000
    1    4
  0.00724877   0.00000000     0.01056827   0.00000000     0.00036568   0.00000000
  0.00995247   0.00000000    -0.01141815  -0.00000000    -0.00002647  -0.00000000
 -0.00010410  -0.00000000     0.00024491   0.00000000    -0.02432328  -0.00000000
    1    5
 -0.01410973  -0.00000000    -0.01171817  -0.00000000    -0.00048216  -0.00000000
 -0.00652643  -0.00000000    -0.00068171  -0.00000000    -0.00016707  -0.00000000
 -0.00005593  -0.00000000    -0.00007772  -0.00000000     0.00507444   0.00000000
    1    6
 -0.01410973  -0.00000000    -0.01171817  -0.00000000     0.00048216   0.00000000
 -0.00652643  -0.00000000    -0.00068171  -0.00000000     0.00016707   0.00000000
  0.00005593   0.00000000     0.00007772   0.00000000     0.00507444   0.00000000
    1    7
 -0.00667429  -0.00000000    -0.00364258  -0.00000000    -0.00013523  -0.00000000
  0.00288976   0.00000000    -0.00842341  -0.00000000    -0.00003212  -0.00000000
 -0.00002908  -0.00000000     0.00008258   0.00000000    -0.00727968  -0.00000000
    1    8
 -0.00667429  -0.00000000    -0.00364258  -0.00000000     0.00013523   0.00000000
  0.00288976   0.00000000    -0.00842341  -0.00000000     0.00003212   0.00000000
  0.00002908   0.00000000    -0.00008258  -0.00000000    -0.00727968  -0.00000000
    1    9
  0.00535332   0.00000000     0.00303212   0.00000000    -0.00007774  -0.00000000
  0.00117457   0.00000000    -0.00344672  -0.00000000     0.00021128   0.00000000
  0.00001206   0.00000000    -0.00005134  -0.00000000    -0.00181178  -0.00000000
    1   10
  0.00535332   0.00000000     0.00303212   0.00000000     0.00007774   0.00000000
  0.00117457   0.00000000    -0.00344672  -0.00000000    -0.00021128  -0.00000000
 -0.00001206  -0.00000000     0.00005134   0.00000000    -0.00181178  -0.00000000
    1   11
 -0.00627520  -0.00000000    -0.00076473  -0.00000000     0.00001412   0.00000000
 -0.00594449  -0.00000000    -0.00972220  -0.00000000    -0.00006679  -0.00000000
 -0.00012077  -0.00000000     0.00000102   0.00000000    -0.00156078  -0.00000000
    1   12
 -0.00627520  -0.00000000    -0.00076473  -0.00000000    -0.00001412  -0.00000000
 -0.00594449  -0.00000000    -0.00972220  -0.00000000     0.00006679   0.00000000
  0.00012077   0.00000000    -0.00000102  -0.00000000    -0.00156078  -0.00000000
    1   13
  0.00465742   0.00000000     0.00517182   0.00000000    -0.00007277  -0.00000000
  0.00153191   0.00000000    -0.00357890  -0.00000000    -0.00027464  -0.00000000
  0.00003527   0.00000000    -0.00022481  -0.00000000    -0.00091960  -0.00000000
    1   14
  0.00465742   0.00000000     0.00517182   0.00000000     0.00007277   0.00000000
  0.00153191   0.00000000    -0.00357890  -0.00000000     0.00027464   0.00000000
 -0.00003527  -0.00000000     0.00022481   0.00000000    -0.00091960  -0.00000000
    1   15
 -0.00305935  -0.00000000    -0.00134072  -0.00000000    -0.00171687  -0.00000000
 -0.00025314  -0.00000000    -0.00619708  -0.00000000     0.00185407   0.00000000
  0.00100320   0.00000000    -0.00002256  -0.00000000     0.00238323   0.00000000
    1   16
 -0.00305935  -0.00000000    -0.00134072  -0.00000000     0.00171687   0.00000000
 -0.00025314  -0.00000000    -0.00619708  -0.00000000    -0.00185407  -0.00000000
 -0.00100320  -0.00000000     0.00002256   0.00000000     0.00238323   0.00000000
    1   17
 -0.00411053   0.00000000    -0.00066826   0.00000000     0.00078205  -0.00000000
 -0.00278543   0.00000000    -0.00207357   0.00000000    -0.00201226   0.00000000
  0.00223940  -0.00000000     0.00018759  -0.00000000    -0.00312822   0.00000000
    1   18
 -0.00411053  -0.00000000    -0.00066826  -0.00000000    -0.00078205  -0.00000000
 -0.00278543  -0.00000000    -0.00207357  -0.00000000     0.00201226   0.00000000
 -0.00223940  -0.00000000    -0.00018759  -0.00000000    -0.00312822  -0.00000000
    1   19
 -0.00280067   0.00000000    -0.00130778   0.00000000    -0.00140287   0.00000000
 -0.00010560   0.00000000    -0.00608086   0.00000000     0.00216334  -0.00000000
  0.00102185  -0.00000000    -0.00017113   0.00000000     0.00254781  -0.00000000
    1   20
 -0.00280067   0.00000000    -0.00130778   0.00000000     0.00140287  -0.00000000
 -0.00010560   0.00000000    -0.00608086   0.00000000    -0.00216334   0.00000000
 -0.00102185   0.00000000     0.00017113  -0.00000000     0.00254781  -0.00000000
    1   21
 -0.00407121   0.00000000    -0.00083885   0.00000000     0.00049152  -0.00000000
 -0.00262247   0.00000000    -0.00196637   0.00000000    -0.00225894   0.00000000
  0.00220493  -0.00000000     0.00017209  -0.00000000    -0.00318509   0.00000000
    1   22
 -0.00407121  -0.00000000    -0.00083885  -0.00000000    -0.00049152  -0.00000000
 -0.00262247  -0.00000000    -0.00196637  -0.00000000     0.00225894   0.00000000
 -0.00220493  -0.00000000    -0.00017209  -0.00000000    -0.00318509  -0.00000000
    2    1
  0.00000000   0.00000000     0.00000000  -0.00000000    -0.00028769   0.00000000
  0.00000000  -0.00000000     0.00000000   0.00000000     0.00079594  -0.00000000
  0.00028769  -0.00000000     0.00079594  -0.00000000     0.00000000   0.00000000
    2    2
  0.06481420   0.00000000    -0.00493689   0.00000000     0.00000000   0.00000000
 -0.00493689   0.00000000     0.10858711   0.00000000     0.00000000   0.00000000
  0.00000000   0.00000000     0.00000000   0.00000000     0.06511518   0.00000000
    2    3
 -0.01410973  -0.00000000     0.01171817   0.00000000     0.00048216   0.00000000
  0.00652643   0.00000000    -0.00068171  -0.00000000    -0.00016707  -0.00000000
  0.00005593   0.00000000    -0.00007772  -0.00000000     0.00507444   0.00000000
    2    4
  0.01410973   0.00000000    -0.01171817  -0.00000000     0.00048216   0.00000000
 -0.00652643  -0.00000000     0.00068171   0.00000000    -0.00016707  -0.00000000
  0.00005593   0.00000000    -0.00007772  -0.00000000    -0.00507444  -0.00000000
    2    5
  0.00724877   0.00000000    -0.01056827  -0.00000000     0.00036568   0.00000000
 -0.00995247  -0.00000000    -0.01141815  -0.00000000     0.00002647   0.00000000
 -0.00010410  -0.00000000    -0.00024491  -0.00000000    -0.02432328  -0.00000000
    2    6
 -0.00724877  -0.00000000     0.01056827   0.00000000     0.00036568   0.00000000
  0.00995247   0.00000000     0.01141815   0.00000000     0.00002647   0.00000000
 -0.00010410  -0.00000000    -0.00024491  -0.00000000     0.02432328   0.00000000
    2    7
  0.00535332   0.00000000    -0.00303212  -0.00000000     0.00007774   0.00000000
 -0.00117457  -0.00000000    -0.00344672  -0.00000000     0.00021128   0.00000000
 -0.00001206  -0.00000000    -0.00005134  -0.00000000    -0.00181178  -0.00000000
    2    8
 -0.00535332  -0.00000000     0.00303212   0.00000000     0.00007774   0.00000000
  0.00117457   0.00000000     0.00344672   0.00000000     0.00021128   0.00000000
 -0.00001206  -0.00000000    -0.00005134  -0.00000000     0.00181178   0.00000000
    2    9
 -0.00667429  -0.00000000     0.00364258   0.00000000     0.00013523   0.00000000
 -0.00288976  -0.00000000    -0.00842341  -0.00000000    -0.00003212  -0.00000000
  0.00002908   0.00000000     0.00008258   0.00000000    -0.00727968  -0.00000000
    2   10
  0.00667429   0.00000000    -0.00364258  -0.00000000     0.00013523   0.00000000
  0.00288976   0.00000000     0.00842341   0.00000000    -0.00003212  -0.00000000
  0.00002908   0.00000000     0.00008258   0.00000000     0.00727968   0.00000000
    2   11
  0.00465742   0.00000000    -0.00517182  -0.00000000     0.00007277   0.00000000
 -0.00153191  -0.00000000    -0.00357890  -0.00000000    -0.00027464  -0.00000000
 -0.00003527  -0.00000000    -0.00022481  -0.00000000    -0.00091960  -0.00000000
    2   12
 -0.00465742  -0.00000000     0.00517182   0.00000000     0.00007277   0.00000000
  0.00153191   0.00000000     0.00357890   0.00000000    -0.00027464  -0.00000000
 -0.00003527  -0.00000000    -0.00022481  -0.00000000     0.00091960   0.00000000
    2   13
 -0.00627520  -0.00000000     0.00076473   0.00000000    -0.00001412  -0.00000000
  0.00594449   0.00000000    -0.00972220  -0.00000000    -0.00006679  -0.00000000
  0.00012077   0.00000000     0.00000102   0.00000000    -0.00156078  -0.00000000
    2   14
  0.00627520   0.00000000    -0.00076473  -0.00000000    -0.00001412  -0.00000000
 -0.00594449  -0.00000000     0.00972220   0.00000000    -0.00006679  -0.00000000
  0.00012077   0.00000000     0.00000102   0.00000000     0.00156078   0.00000000
    2   15
 -0.00411053  -0.00000000     0.00066826   0.00000000    -0.00078205  -0.00000000
  0.00278543   0.00000000    -0.00207357  -0.00000000    -0.00201226  -0.00000000
 -0.00223940  -0.00000000     0.00018759   0.00000000    -0.00312822  -0.00000000
    2   16
  0.00411053   0.00000000    -0.00066826  -0.00000000    -0.00078205  -0.00000000
 -0.00278543  -0.00000000     0.00207357   0.00000000    -0.00201226  -0.00000000
 -0.00223940  -0.00000000     0.00018759   0.00000000     0.00312822   0.00000000
    2   17
 -0.00305935   0.00000000     0.00134072  -0.00000000     0.00171687  -0.00000000
  0.00025314  -0.00000000    -0.00619708   0.00000000     0.00185407  -0.00000000
 -0.00100320   0.00000000    -0.00002256   0.00000000     0.00238323  -0.00000000
    2   18
  0.00305935   0.00000000    -0.00134072  -0.00000000     0.00171687   0.00000000
 -0.00025314  -0.00000000     0.00619708   0.00000000     0.00185407   0.00000000
 -0.00100320  -0.00000000    -0.00002256  -0.00000000    -0.00238323  -0.00000000
    2   19
  0.00407121  -0.00000000    -0.00083885   0.00000000     0.00049152  -0.00000000
 -0.00262247   0.00000000     0.00196637  -0.00000000     0.00225894  -0.00000000
  0.00220493  -0.00000000    -0.00017209   0.00000000     0.00318509  -0.00000000
    2   20
 -0.00407121   0.00000000     0.00083885  -0.00000000     0.00049152  -0.00000000
  0.00262247  -0.00000000    -0.00196637   0.00000000     0.00225894  -0.00000000
  0.00220493  -0.00000000    -0.00017209   0.00000000    -0.00318509   0.00000000
    2   21
  0.00280067  -0.00000000    -0.00130778   0.00000000    -0.00140287   0.00000000
 -0.00010560   0.00000000     0.00608086  -0.00000000    -0.00216334   0.00000000
  0.00102185  -0.00000000     0.00017113  -0.00000000    -0.00254781   0.00000000
    2   22
 -0.00280067  -0.00000000     0.00130778   0.00000000    -0.00140287  -0.00000000
  0.00010560   0.00000000    -0.00608086  -0.00000000    -0.00216334  -0.00000000
  0.00102185   0.00000000     0.00017113   0.00000000     0.00254781   0.00000000
    3    1
  0.00724877  -0.00000000     0.00995247  -0.00000000     0.00010410  -0.00000000
  0.01056827  -0.00000000    -0.01141815   0.00000000    -0.00024491   0.00000000
 -0.00036568   0.00000000     0.00002647  -0.00000000    -0.02432328   0.00000000
    3    2
 -0.01410973   0.00000000     0.00652643  -0.00000000     0.00005593  -0.00000000
  0.01171817  -0.00000000    -0.00068171   0.00000000    -0.00007772   0.00000000
  0.00048216  -0.00000000    -0.00016707   0.00000000     0.00507444  -0.00000000
    3    3
  0.59668175   0.00000000    -0.02107190   0.00000000    -0.00023041   0.00000000
 -0.02107190   0.00000000     0.59793352   0.00000000     0.00010218   0.00000000
 -0.00023041   0.00000000     0.00010218   0.00000000     0.64442040   0.00000000
    3    4
  0.00238322   0.00000000     0.00130792   0.00000000     0.00003073   0.00000000
  0.00130792   0.00000000    -0.00111509  -0.00000000     0.00009391   0.00000000
 -0.00003073  -0.00000000    -0.00009391  -0.00000000    -0.00201805  -0.00000000
    3    5
  0.00107934   0.00000000    -0.00030221   0.00000000    -0.00009823   0.00000000
  0.00030221   0.00000000     0.00096538   0.00000000     0.00012414   0.00000000
  0.00009823   0.00000000     0.00012414   0.00000000     0.00026264   0.00000000
    3    6
  0.00000000   0.00000000    -0.00020784  -0.00000000     0.00006753   0.00000000
 -0.00020784  -0.00000000     0.00000000   0.00000000     0.00013706   0.00000000
 -0.00006753  -0.00000000     0.00013706   0.00000000     0.00000000   0.00000000
    3    7
 -0.33020952   0.00000000     0.06222572   0.00000000    -0.00006501   0.00000000
  0.05857523   0.00000000    -0.05943806   0.00000000     0.00013819   0.00000000
  0.00003406   0.00000000    -0.00002358   0.00000000    -0.04874781   0.00000000
    3    8
 -0.00054976  -0.00000000    -0.00047260  -0.00000000     0.00003397   0.00000000
  0.00087590   0.00000000    -0.00070923  -0.00000000     0.00010239   0.00000000
  0.00012233   0.00000000    -0.00001857  -0.00000000    -0.00097169  -0.00000000
    3    9
 -0.00259195   0.00000000     0.00006479   0.00000000    -0.00007667   0.00000000
 -0.00127369   0.00000000     0.00006789   0.00000000     0.00012683   0.00000000
  0.00001917   0.00000000     0.00006807   0.00000000    -0.00229860   0.00000000
    3   10
 -0.00022226  -0.00000000     0.00027050   0.00000000     0.00003672   0.00000000
  0.00008189   0.00000000     0.00017393   0.00000000    -0.00006150  -0.00000000
 -0.00001801  -0.00000000     0.00002740   0.00000000    -0.00019592  -0.00000000
    3   11
 -0.13378786  -0.00000000    -0.12638538  -0.00000000    -0.00004148  -0.00000000
 -0.12459101  -0.00000000    -0.24663134  -0.00000000    -0.00005606  -0.00000000
 -0.00005060  -0.00000000    -0.00006403  -0.00000000    -0.05367347  -0.00000000
    3   12
 -0.00042804   0.00000000    -0.00031668   0.00000000    -0.00001068   0.00000000
 -0.00046193   0.00000000    -0.00079158   0.00000000     0.00000350  -0.00000000
 -0.00008475   0.00000000    -0.00009604   0.00000000    -0.00019211   0.00000000
    3   13
 -0.00079174  -0.00000000    -0.00018663  -0.00000000    -0.00004681  -0.00000000
 -0.00113845  -0.00000000     0.00025362   0.00000000    -0.00005992  -0.00000000
  0.00004578   0.00000000     0.00007503   0.00000000    -0.00005422  -0.00000000
    3   14
  0.00027421  -0.00000000     0.00029085  -0.00000000     0.00004448  -0.00000000
 -0.00067376   0.00000000     0.00230682  -0.00000000     0.00001233  -0.00000000
  0.00008139  -0.00000000    -0.00009890   0.00000000     0.00053664  -0.00000000
    3   15
 -0.05843984  -0.00000000     0.03444392   0.00000000     0.04645519   0.00000000
  0.03489990   0.00000000    -0.13531405  -0.00000000    -0.13108033  -0.00000000
  0.04675265   0.00000000    -0.13106274  -0.00000000    -0.25636236  -0.00000000
    3   16
 -0.00037219  -0.00000000    -0.00056916  -0.00000000     0.00040368   0.00000000
  0.00036939   0.00000000    -0.00064536  -0.00000000    -0.00025473  -0.00000000
 -0.00010254  -0.00000000     0.00023250   0.00000000    -0.00021232  -0.00000000
    3   17
 -0.00067484   0.00000000    -0.00018252   0.00000000    -0.00068849   0.00000000
 -0.00083175   0.00000000    -0.00042071   0.00000000    -0.00034716   0.00000000
  0.00000865  -0.00000000    -0.00009289   0.00000000    -0.00080983   0.00000000
    3   18
 -0.00067456  -0.00000000    -0.00058079  -0.00000000     0.00036937   0.00000000
 -0.00016903  -0.00000000    -0.00061978  -0.00000000     0.00057494   0.00000000
 -0.00006208  -0.00000000     0.00077977   0.00000000    -0.00083132  -0.00000000
    3   19
 -0.00032605   0.00000000    -0.00053266   0.00000000    -0.00018670   0.00000000
  0.00033004  -0.00000000    -0.00070261   0.00000000     0.00018177  -0.00000000
  0.00004669  -0.00000000    -0.00012569   0.00000000    -0.00007481   0.00000000
    3   20
 -0.05839188   0.00000000     0.03439616  -0.00000000    -0.04643114   0.00000000
  0.03496856  -0.00000000    -0.13531915   0.00000000     0.13096949  -0.00000000
 -0.04690886   0.00000000     0.13111288  -0.00000000    -0.25657229   0.00000000
    3   21
 -0.00062754   0.00000000    -0.00064394   0.00000000    -0.00061660   0.00000000
 -0.00022336   0.00000000    -0.00057901   0.00000000    -0.00056186   0.00000000
  0.00008307  -0.00000000    -0.00059344   0.00000000    -0.00071623   0.00000000
    3   22
 -0.00071324   0.00000000    -0.00017112   0.00000000     0.00069003  -0.00000000
 -0.00086479   0.00000000    -0.00041523  -0.00000000     0.00039177   0.00000000
  0.00004690  -0.00000000     0.00017132  -0.00000000    -0.00082333   0.00000000
    4    1
  0.00724877  -0.00000000     0.00995247  -0.00000000    -0.00010410   0.00000000
  0.01056827  -0.00000000    -0.01141815   0.00000000     0.00024491  -0.00000000
  0.00036568  -0.00000000    -0.00002647   0.00000000    -0.02432328   0.00000000
    4    2
  0.01410973  -0.00000000    -0.00652643   0.00000000     0.00005593  -0.00000000
 -0.01171817   0.00000000     0.00068171  -0.00000000    -0.00007772   0.00000000
  0.00048216  -0.00000000    -0.00016707   0.00000000    -0.00507444   0.00000000
    4    3
  0.00238322  -0.00000000     0.00130792  -0.00000000    -0.00003073   0.00000000
  0.00130792  -0.00000000    -0.00111509   0.00000000    -0.00009391   0.00000000
  0.00003073  -0.00000000     0.00009391  -0.00000000    -0.00201805   0.00000000
    4    4
  0.59668175   0.00000000    -0.02107190   0.00000000     0.00023041   0.00000000
 -0.02107190   0.00000000     0.59793352   0.00000000    -0.00010218   0.00000000
  0.00023041   0.00000000    -0.00010218   0.00000000     0.64442040   0.00000000
    4    5
  0.00000000   0.00000000    -0.00020784   0.00000000    -0.00006753   0.00000000
 -0.00020784   0.00000000     0.00000000  -0.00000000    -0.00013706   0.00000000
  0.00006753  -0.00000000    -0.00013706   0.00000000     0.00000000   0.00000000
    4    6
  0.00107934   0.00000000    -0.00030221   0.00000000     0.00009823   0.00000000
  0.00030221   0.00000000     0.00096538   0.00000000    -0.00012414   0.00000000
 -0.00009823   0.00000000    -0.00012414   0.00000000     0.00026264   0.00000000
    4    7
 -0.00054976   0.00000000    -0.00047260   0.00000000    -0.00003397   0.00000000
  0.00087590  -0.00000000    -0.00070923   0.00000000    -0.00010239   0.00000000
 -0.00012233   0.00000000     0.00001857  -0.00000000    -0.00097169   0.00000000
    4    8
 -0.33020952   0.00000000     0.06222572   0.00000000     0.00006501   0.00000000
  0.05857523   0.00000000    -0.05943806   0.00000000    -0.00013819   0.00000000
 -0.00003406   0.00000000     0.00002358   0.00000000    -0.04874781   0.00000000
    4    9
 -0.00022226   0.00000000     0.00027050  -0.00000000    -0.00003672   0.00000000
  0.00008189  -0.00000000     0.00017393  -0.00000000     0.00006150  -0.00000000
  0.00001801  -0.00000000    -0.00002740   0.00000000    -0.00019592   0.00000000
    4   10
 -0.00259195   0.00000000     0.00006479   0.00000000     0.00007667   0.00000000
 -0.00127369   0.00000000     0.00006789   0.00000000    -0.00012683   0.00000000
 -0.00001917   0.00000000    -0.00006807   0.00000000    -0.00229860   0.00000000
    4   11
 -0.00042804   0.00000000    -0.00031668   0.00000000     0.00001068  -0.00000000
 -0.00046193   0.00000000    -0.00079158   0.00000000    -0.00000350   0.00000000
  0.00008475  -0.00000000     0.00009604  -0.00000000    -0.00019211   0.00000000
    4   12
 -0.13378786   0.00000000    -0.12638538   0.00000000     0.00004148  -0.00000000
 -0.12459101   0.00000000    -0.24663134   0.00000000     0.00005606  -0.00000000
  0.00005060  -0.00000000     0.00006403  -0.00000000    -0.05367347   0.00000000
    4   13
  0.00027421  -0.00000000     0.00029085  -0.00000000    -0.00004448   0.00000000
 -0.00067376   0.00000000     0.00230682  -0.00000000    -0.00001233   0.00000000
 -0.00008139   0.00000000     0.00009890  -0.00000000     0.00053664  -0.00000000
    4   14
 -0.00079174   0.00000000    -0.00018663   0.00000000     0.00004681  -0.00000000
 -0.00113845   0.00000000     0.00025362  -0.00000000     0.00005992  -0.00000000
 -0.00004578   0.00000000    -0.00007503   0.00000000    -0.00005422   0.00000000
    4   15
 -0.00037219   0.00000000    -0.00056916   0.00000000    -0.00040368   0.00000000
  0.00036939  -0.00000000    -0.00064536   0.00000000     0.00025473  -0.00000000
  0.00010254  -0.00000000    -0.00023250   0.00000000    -0.00021232   0.00000000
    4   16
 -0.05843984  -0.00000000     0.03444392   0.00000000    -0.04645519  -0.00000000
  0.03489990   0.00000000    -0.13531405  -0.00000000     0.13108033   0.00000000
 -0.04675265  -0.00000000     0.13106274   0.00000000    -0.25636236  -0.00000000
    4   17
 -0.00067456   0.00000000    -0.00058079   0.00000000    -0.00036937   0.00000000
 -0.00016903   0.00000000    -0.00061978   0.00000000    -0.00057494   0.00000000
  0.00006208  -0.00000000    -0.00077977   0.00000000    -0.00083132   0.00000000
    4   18
 -0.00067484   0.00000000    -0.00018252   0.00000000     0.00068849  -0.00000000
 -0.00083175   0.00000000    -0.00042071   0.00000000     0.00034716  -0.00000000
 -0.00000865   0.00000000     0.00009289  -0.00000000    -0.00080983   0.00000000
    4   19
 -0.05839188   0.00000000     0.03439616  -0.00000000     0.04643114  -0.00000000
  0.03496856  -0.00000000    -0.13531915   0.00000000    -0.13096949   0.00000000
  0.04690886  -0.00000000    -0.13111288   0.00000000    -0.25657229   0.00000000
    4   20
 -0.00032605   0.00000000    -0.00053266   0.00000000     0.00018670  -0.00000000
  0.00033004  -0.00000000    -0.00070261   0.00000000    -0.00018177   0.00000000
 -0.00004669   0.00000000     0.00012569  -0.00000000    -0.00007481   0.00000000
    4   21
 -0.00071324   0.00000000    -0.00017112   0.00000000    -0.00069003   0.00000000
 -0.00086479   0.00000000    -0.00041523   0.00000000    -0.00039177   0.00000000
 -0.00004690   0.00000000    -0.00017132   0.00000000    -0.00082333   0.00000000
    4   22
 -0.00062754   0.00000000    -0.00064394   0.00000000     0.00061660  -0.00000000
 -0.00022336   0.00000000    -0.00057901   0.00000000     0.00056186  -0.00000000
 -0.00008307   0.00000000     0.00059344  -0.00000000    -0.00071623   0.00000000
    5    1
 -0.01410973   0.00000000    -0.00652643   0.00000000    -0.00005593   0.00000000
 -0.01171817   0.00000000    -0.00068171   0.00000000    -0.00007772   0.00000000
 -0.00048216   0.00000000    -0.00016707   0.00000000     0.00507444  -0.00000000
    5    2
  0.00724877  -0.00000000    -0.00995247   0.00000000    -0.00010410   0.00000000
 -0.01056827   0.00000000    -0.01141815   0.00000000    -0.00024491   0.00000000
  0.00036568  -0.00000000     0.00002647  -0.00000000    -0.02432328   0.00000000
    5    3
  0.00107934   0.00000000     0.00030221   0.00000000     0.00009823   0.00000000
 -0.00030221   0.00000000     0.00096538   0.00000000     0.00012414   0.00000000
 -0.00009823   0.00000000     0.00012414   0.00000000     0.00026264   0.00000000
    5    4
 -0.00000000   0.00000000    -0.00020784  -0.00000000     0.00006753   0.00000000
 -0.00020784  -0.00000000    -0.00000000   0.00000000    -0.00013706  -0.00000000
 -0.00006753  -0.00000000    -0.00013706  -0.00000000    -0.00000000   0.00000000
    5    5
  0.59668175   0.00000000     0.02107190   0.00000000     0.00023041   0.00000000
  0.02107190   0.00000000     0.59793352   0.00000000     0.00010218   0.00000000
  0.00023041   0.00000000     0.00010218   0.00000000     0.64442040   0.00000000
    5    6
 -0.00238322  -0.00000000     0.00130792   0.00000000     0.00003073   0.00000000
  0.00130792   0.00000000     0.00111509   0.00000000    -0.00009391  -0.00000000
 -0.00003073  -0.00000000     0.00009391   0.00000000     0.00201805   0.00000000
    5    7
 -0.00259195   0.00000000    -0.00006479   0.00000000     0.00007667   0.00000000
  0.00127369   0.00000000     0.00006789   0.00000000     0.00012683   0.00000000
 -0.00001917   0.00000000     0.00006807   0.00000000    -0.00229860   0.00000000
    5    8
  0.00022226   0.00000000     0.00027050   0.00000000     0.00003672   0.00000000
  0.00008189   0.00000000    -0.00017393  -0.00000000     0.00006150   0.00000000
 -0.00001801  -0.00000000    -0.00002740  -0.00000000     0.00019592   0.00000000
    5    9
 -0.33020952   0.00000000    -0.06222572   0.00000000     0.00006501   0.00000000
 -0.05857523   0.00000000    -0.05943806   0.00000000     0.00013819   0.00000000
 -0.00003406   0.00000000    -0.00002358   0.00000000    -0.04874781   0.00000000
    5   10
  0.00054976   0.00000000    -0.00047260  -0.00000000     0.00003397   0.00000000
  0.00087590   0.00000000     0.00070923   0.00000000    -0.00010239  -0.00000000
  0.00012233   0.00000000     0.00001857   0.00000000     0.00097169   0.00000000
    5   11
 -0.00079174  -0.00000000     0.00018663   0.00000000     0.00004681   0.00000000
  0.00113845   0.00000000     0.00025362   0.00000000    -0.00005992  -0.00000000
 -0.00004578  -0.00000000     0.00007503   0.00000000    -0.00005422  -0.00000000
    5   12
 -0.00027421   0.00000000     0.00029085  -0.00000000     0.00004448  -0.00000000
 -0.00067376   0.00000000    -0.00230682   0.00000000    -0.00001233   0.00000000
  0.00008139  -0.00000000     0.00009890  -0.00000000    -0.00053664   0.00000000
    5   13
 -0.13378786  -0.00000000     0.12638538   0.00000000     0.00004148   0.00000000
  0.12459101   0.00000000    -0.24663134  -0.00000000    -0.00005606  -0.00000000
  0.00005060   0.00000000    -0.00006403  -0.00000000    -0.05367347  -0.00000000
    5   14
  0.00042804  -0.00000000    -0.00031668   0.00000000    -0.00001068   0.00000000
 -0.00046193   0.00000000     0.00079158  -0.00000000    -0.00000350   0.00000000
 -0.00008475   0.00000000     0.00009604  -0.00000000     0.00019211  -0.00000000
    5   15
 -0.00067484  -0.00000000     0.00018252   0.00000000     0.00068849   0.00000000
  0.00083175   0.00000000    -0.00042071  -0.00000000    -0.00034716  -0.00000000
 -0.00000865  -0.00000000    -0.00009289  -0.00000000    -0.00080983  -0.00000000
    5   16
  0.00067456   0.00000000    -0.00058079  -0.00000000     0.00036937   0.00000000
 -0.00016903  -0.00000000     0.00061978   0.00000000    -0.00057494  -0.00000000
 -0.00006208  -0.00000000    -0.00077977  -0.00000000     0.00083132   0.00000000
    5   17
 -0.05843984   0.00000000    -0.03444392   0.00000000    -0.04645519   0.00000000
 -0.03489990   0.00000000    -0.13531405   0.00000000    -0.13108033   0.00000000
 -0.04675265   0.00000000    -0.13106274   0.00000000    -0.25636236   0.00000000
    5   18
  0.00037219   0.00000000    -0.00056916  -0.00000000     0.00040368   0.00000000
  0.00036939   0.00000000     0.00064536   0.00000000     0.00025473   0.00000000
 -0.00010254  -0.00000000    -0.00023250  -0.00000000     0.00021232   0.00000000
    5   19
  0.00062754  -0.00000000    -0.00064394   0.00000000    -0.00061660   0.00000000
 -0.00022336   0.00000000     0.00057901  -0.00000000     0.00056186  -0.00000000
  0.00008307  -0.00000000     0.00059344  -0.00000000     0.00071623  -0.00000000
    5   20
 -0.00071324   0.00000000     0.00017112  -0.00000000    -0.00069003   0.00000000
  0.00086479  -0.00000000    -0.00041523   0.00000000     0.00039177  -0.00000000
 -0.00004690   0.00000000     0.00017132  -0.00000000    -0.00082333   0.00000000
    5   21
  0.00032605  -0.00000000    -0.00053266   0.00000000    -0.00018670   0.00000000
  0.00033004  -0.00000000     0.00070261  -0.00000000    -0.00018177   0.00000000
  0.00004669  -0.00000000     0.00012569  -0.00000000     0.00007481  -0.00000000
    5   22
 -0.05839188   0.00000000    -0.03439616   0.00000000     0.04643114  -0.00000000
 -0.03496856   0.00000000    -0.13531915   0.00000000     0.13096949   0.00000000
  0.04690886   0.00000000     0.13111288  -0.00000000    -0.25657229   0.00000000
    6    1
 -0.01410973   0.00000000    -0.00652643   0.00000000     0.00005593  -0.00000000
 -0.01171817   0.00000000    -0.00068171   0.00000000     0.00007772  -0.00000000
  0.00048216  -0.00000000     0.00016707  -0.00000000     0.00507444  -0.00000000
    6    2
 -0.00724877   0.00000000     0.00995247  -0.00000000    -0.00010410   0.00000000
  0.01056827  -0.00000000     0.01141815  -0.00000000    -0.00024491   0.00000000
  0.00036568  -0.00000000     0.00002647  -0.00000000     0.02432328  -0.00000000
    6    3
 -0.00000000   0.00000000    -0.00020784   0.00000000    -0.00006753   0.00000000
 -0.00020784   0.00000000    -0.00000000   0.00000000     0.00013706  -0.00000000
  0.00006753  -0.00000000     0.00013706  -0.00000000    -0.00000000   0.00000000
    6    4
  0.00107934   0.00000000     0.00030221   0.00000000    -0.00009823   0.00000000
 -0.00030221   0.00000000     0.00096538   0.00000000    -0.00012414   0.00000000
  0.00009823   0.00000000    -0.00012414   0.00000000     0.00026264   0.00000000
    6    5
 -0.00238322   0.00000000     0.00130792  -0.00000000    -0.00003073   0.00000000
  0.00130792  -0.00000000     0.00111509  -0.00000000     0.00009391  -0.00000000
  0.00003073  -0.00000000    -0.00009391   0.00000000     0.00201805  -0.00000000
    6    6
  0.59668175   0.00000000     0.02107190   0.00000000    -0.00023041   0.00000000
  0.02107190   0.00000000     0.59793352   0.00000000    -0.00010218   0.00000000
 -0.00023041   0.00000000    -0.00010218   0.00000000     0.64442040   0.00000000
    6    7
  0.00022226  -0.00000000     0.00027050  -0.00000000    -0.00003672   0.00000000
  0.00008189  -0.00000000    -0.00017393   0.00000000    -0.00006150   0.00000000
  0.00001801  -0.00000000     0.00002740  -0.00000000     0.00019592  -0.00000000
    6    8
 -0.00259195   0.00000000    -0.00006479   0.00000000    -0.00007667   0.00000000
  0.00127369   0.00000000     0.00006789   0.00000000    -0.00012683   0.00000000
  0.00001917   0.00000000    -0.00006807   0.00000000    -0.00229860   0.00000000
    6    9
  0.00054976  -0.00000000    -0.00047260   0.00000000    -0.00003397   0.00000000
  0.00087590  -0.00000000     0.00070923  -0.00000000     0.00010239  -0.00000000
 -0.00012233   0.00000000    -0.00001857   0.00000000     0.00097169  -0.00000000
    6   10
 -0.33020952   0.00000000    -0.06222572   0.00000000    -0.00006501   0.00000000
 -0.05857523   0.00000000    -0.05943806   0.00000000    -0.00013819   0.00000000
  0.00003406   0.00000000     0.00002358   0.00000000    -0.04874781   0.00000000
    6   11
 -0.00027421   0.00000000     0.00029085  -0.00000000    -0.00004448   0.00000000
 -0.00067376   0.00000000    -0.00230682   0.00000000     0.00001233  -0.00000000
 -0.00008139   0.00000000    -0.00009890   0.00000000    -0.00053664   0.00000000
    6   12
 -0.00079174   0.00000000     0.00018663  -0.00000000    -0.00004681   0.00000000
  0.00113845  -0.00000000     0.00025362  -0.00000000     0.00005992  -0.00000000
  0.00004578  -0.00000000    -0.00007503   0.00000000    -0.00005422   0.00000000
    6   13
  0.00042804  -0.00000000    -0.00031668   0.00000000     0.00001068  -0.00000000
 -0.00046193   0.00000000     0.00079158  -0.00000000     0.00000350  -0.00000000
  0.00008475  -0.00000000    -0.00009604   0.00000000     0.00019211  -0.00000000
    6   14
 -0.13378786   0.00000000     0.12638538  -0.00000000    -0.00004148   0.00000000
  0.12459101  -0.00000000    -0.24663134   0.00000000     0.00005606  -0.00000000
 -0.00005060   0.00000000     0.00006403  -0.00000000    -0.05367347   0.00000000
    6   15
  0.00067456  -0.00000000    -0.00058079   0.00000000    -0.00036937   0.00000000
 -0.00016903   0.00000000     0.00061978  -0.00000000     0.00057494  -0.00000000
  0.00006208  -0.00000000     0.00077977  -0.00000000     0.00083132  -0.00000000
    6   16
 -0.00067484  -0.00000000     0.00018252   0.00000000    -0.00068849  -0.00000000
  0.00083175   0.00000000    -0.00042071  -0.00000000     0.00034716   0.00000000
  0.00000865   0.00000000     0.00009289   0.00000000    -0.00080983  -0.00000000
    6   17
  0.00037219  -0.00000000    -0.00056916   0.00000000    -0.00040368   0.00000000
  0.00036939  -0.00000000     0.00064536  -0.00000000    -0.00025473   0.00000000
  0.00010254  -0.00000000     0.00023250  -0.00000000     0.00021232  -0.00000000
    6   18
 -0.05843984   0.00000000    -0.03444392   0.00000000     0.04645519  -0.00000000
 -0.03489990   0.00000000    -0.13531405   0.00000000     0.13108033  -0.00000000
  0.04675265  -0.00000000     0.13106274  -0.00000000    -0.25636236   0.00000000
    6   19
 -0.00071324   0.00000000     0.00017112  -0.00000000     0.00069003  -0.00000000
  0.00086479  -0.00000000    -0.00041523   0.00000000    -0.00039177   0.00000000
  0.00004690  -0.00000000    -0.00017132   0.00000000    -0.00082333   0.00000000
    6   20
  0.00062754  -0.00000000    -0.00064394   0.00000000     0.00061660  -0.00000000
 -0.00022336   0.00000000     0.00057901  -0.00000000    -0.00056186   0.00000000
 -0.00008307   0.00000000    -0.00059344   0.00000000     0.00071623  -0.00000000
    6   21
 -0.05839188   0.00000000    -0.03439616   0.00000000    -0.04643114   0.00000000
 -0.03496856   0.00000000    -0.13531915   0.00000000    -0.13096949   0.00000000
 -0.04690886   0.00000000    -0.13111288   0.00000000    -0.25657229   0.00000000
    6   22
  0.00032605  -0.00000000    -0.00053266   0.00000000     0.00018670  -0.00000000
  0.00033004  -0.00000000     0.00070261  -0.00000000     0.00018177  -0.00000000
 -0.00004669   0.00000000    -0.00012569   0.00000000     0.00007481  -0.00000000
    7    1
 -0.00667429   0.00000000     0.00288976  -0.00000000    -0.00002908   0.00000000
 -0.00364258   0.00000000    -0.00842341   0.00000000     0.00008258  -0.00000000
 -0.00013523   0.00000000    -0.00003212   0.00000000    -0.00727968   0.00000000
    7    2
  0.00535332  -0.00000000    -0.00117457   0.00000000    -0.00001206   0.00000000
 -0.00303212   0.00000000    -0.00344672   0.00000000    -0.00005134   0.00000000
  0.00007774  -0.00000000     0.00021128  -0.00000000    -0.00181178   0.00000000
    7    3
 -0.33020952   0.00000000     0.05857523   0.00000000     0.00003406   0.00000000
  0.06222572   0.00000000    -0.05943806   0.00000000    -0.00002358   0.00000000
 -0.00006501   0.00000000     0.00013819   0.00000000    -0.04874781   0.00000000
    7    4
 -0.00054976  -0.00000000     0.00087590   0.00000000    -0.00012233  -0.00000000
 -0.00047260  -0.00000000    -0.00070923  -0.00000000     0.00001857   0.00000000
 -0.00003397  -0.00000000    -0.00010239  -0.00000000    -0.00097169  -0.00000000
    7    5
 -0.00259195   0.00000000     0.00127369   0.00000000    -0.00001917   0.00000000
 -0.00006479   0.00000000     0.00006789   0.00000000     0.00006807   0.00000000
  0.00007667   0.00000000     0.00012683   0.00000000    -0.00229860   0.00000000
    7    6
  0.00022226   0.00000000     0.00008189   0.00000000     0.00001801   0.00000000
  0.00027050   0.00000000    -0.00017393  -0.00000000     0.00002740   0.00000000
 -0.00003672  -0.00000000    -0.00006150  -0.00000000     0.00019592   0.00000000
    7    7
  0.37298034   0.00000000    -0.06819549   0.00000000    -0.00001061   0.00000000
 -0.06819549   0.00000000     0.07245755   0.00000000     0.00002556   0.00000000
 -0.00001061   0.00000000     0.00002556   0.00000000     0.06320817   0.00000000
    7    8
 -0.00023011  -0.00000000    -0.00013036  -0.00000000    -0.00003898  -0.00000000
 -0.00013036  -0.00000000     0.00045253   0.00000000     0.00003281   0.00000000
  0.00003898   0.00000000    -0.00003281  -0.00000000    -0.00009299  -0.00000000
    7    9
 -0.00192517   0.00000000    -0.00076126   0.00000000    -0.00000896   0.00000000
  0.00076126   0.00000000     0.00056223   0.00000000     0.00004756   0.00000000
  0.00000896   0.00000000     0.00004756   0.00000000    -0.00019720   0.00000000
    7   10
 -0.00000000  -0.00000000    -0.00024316  -0.00000000    -0.00009098  -0.00000000
 -0.00024316  -0.00000000    -0.00000000  -0.00000000    -0.00000099  -0.00000000
  0.00009098   0.00000000    -0.00000099  -0.00000000     0.00000000   0.00000000
    7   11
 -0.01998540  -0.00000000     0.00377877   0.00000000    -0.00001440  -0.00000000
 -0.02970438  -0.00000000     0.00679135   0.00000000    -0.00002816  -0.00000000
  0.00000728   0.00000000     0.00002893   0.00000000    -0.00248333  -0.00000000
    7   12
  0.00010010  -0.00000000     0.00074643  -0.00000000    -0.00002646   0.00000000
  0.00069602  -0.00000000    -0.00058711   0.00000000    -0.00000403   0.00000000
 -0.00002143   0.00000000    -0.00003085   0.00000000    -0.00000037   0.00000000
    7   13
 -0.00058434  -0.00000000    -0.00013790  -0.00000000    -0.00000227  -0.00000000
 -0.00006905  -0.00000000     0.00081612   0.00000000    -0.00001412  -0.00000000
 -0.00000148  -0.00000000     0.00008077   0.00000000    -0.00010823  -0.00000000
    7   14
 -0.00000441   0.00000000    -0.00059669   0.00000000     0.00000930  -0.00000000
 -0.00015908   0.00000000    -0.00014481   0.00000000     0.00000348  -0.00000000
 -0.00001185   0.00000000     0.00000510  -0.00000000    -0.00029717   0.00000000
    7   15
 -0.00650625  -0.00000000     0.00095880   0.00000000     0.00067116   0.00000000
  0.01945667   0.00000000    -0.00448738  -0.00000000     0.00075953   0.00000000
  0.02955488   0.00000000    -0.00600001  -0.00000000     0.00022628   0.00000000
    7   16
  0.00004345   0.00000000     0.00056522   0.00000000     0.00006314   0.00000000
 -0.00015076  -0.00000000     0.00012594   0.00000000    -0.00004873  -0.00000000
 -0.00011130  -0.00000000     0.00010388   0.00000000     0.00010967   0.00000000
    7   17
 -0.00134429   0.00000000    -0.00060496   0.00000000    -0.00076424   0.00000000
  0.00044079  -0.00000000     0.00079929  -0.00000000     0.00010341  -0.00000000
 -0.00054597   0.00000000     0.00038613  -0.00000000    -0.00020434   0.00000000
    7   18
 -0.00000671  -0.00000000    -0.00017776  -0.00000000     0.00022411   0.00000000
 -0.00017685  -0.00000000    -0.00016922  -0.00000000     0.00000979   0.00000000
  0.00009843   0.00000000    -0.00006431  -0.00000000    -0.00002562  -0.00000000
    7   19
  0.00014787  -0.00000000     0.00056594  -0.00000000     0.00009332  -0.00000000
 -0.00019664   0.00000000     0.00013129  -0.00000000    -0.00000935   0.00000000
  0.00009759  -0.00000000    -0.00013663   0.00000000     0.00012271  -0.00000000
    7   20
 -0.00654297   0.00000000     0.00094086  -0.00000000    -0.00069221   0.00000000
  0.01949436  -0.00000000    -0.00449729   0.00000000    -0.00077897   0.00000000
 -0.02958536   0.00000000     0.00603822  -0.00000000     0.00023918  -0.00000000
    7   21
 -0.00014933   0.00000000    -0.00019790   0.00000000    -0.00018729   0.00000000
 -0.00014125   0.00000000    -0.00014776   0.00000000    -0.00002406   0.00000000
 -0.00012425   0.00000000    -0.00000724   0.00000000    -0.00011649   0.00000000
    7   22
 -0.00138085   0.00000000    -0.00061203   0.00000000     0.00075324  -0.00000000
  0.00042724  -0.00000000     0.00080581   0.00000000    -0.00009592   0.00000000
  0.00057160  -0.00000000    -0.00034331   0.00000000    -0.00015115   0.00000000
    8    1
 -0.00667429   0.00000000     0.00288976  -0.00000000     0.00002908  -0.00000000
 -0.00364258   0.00000000    -0.00842341   0.00000000    -0.00008258   0.00000000
  0.00013523  -0.00000000     0.00003212  -0.00000000    -0.00727968   0.00000000
    8    2
 -0.00535332   0.00000000     0.00117457  -0.00000000    -0.00001206   0.00000000
  0.00303212  -0.00000000     0.00344672  -0.00000000    -0.00005134   0.00000000
  0.00007774  -0.00000000     0.00021128  -0.00000000     0.00181178  -0.00000000
    8    3
 -0.00054976   0.00000000     0.00087590  -0.00000000     0.00012233  -0.00000000
 -0.00047260   0.00000000    -0.00070923   0.00000000    -0.00001857   0.00000000
  0.00003397  -0.00000000     0.00010239  -0.00000000    -0.00097169   0.00000000
    8    4
 -0.33020952   0.00000000     0.05857523   0.00000000    -0.00003406   0.00000000
  0.06222572   0.00000000    -0.05943806   0.00000000     0.00002358   0.00000000
  0.00006501   0.00000000    -0.00013819   0.00000000    -0.04874781   0.00000000
    8    5
  0.00022226  -0.00000000     0.00008189  -0.00000000    -0.00001801   0.00000000
  0.00027050  -0.00000000    -0.00017393   0.00000000    -0.00002740   0.00000000
  0.00003672  -0.00000000     0.00006150  -0.00000000     0.00019592  -0.00000000
    8    6
 -0.00259195   0.00000000     0.00127369   0.00000000     0.00001917   0.00000000
 -0.00006479   0.00000000     0.00006789   0.00000000    -0.00006807   0.00000000
 -0.00007667   0.00000000    -0.00012683   0.00000000    -0.00229860   0.00000000
    8    7
 -0.00023011   0.00000000    -0.00013036   0.00000000     0.00003898  -0.00000000
 -0.00013036   0.00000000     0.00045253  -0.00000000    -0.00003281   0.00000000
 -0.00003898   0.00000000     0.00003281  -0.00000000    -0.00009299   0.00000000
    8    8
  0.37298034   0.00000000    -0.06819549   0.00000000     0.00001061   0.00000000
 -0.06819549   0.00000000     0.07245755   0.00000000    -0.00002556   0.00000000
  0.00001061   0.00000000    -0.00002556   0.00000000     0.06320817   0.00000000
    8    9
 -0.00000000   0.00000000    -0.00024316   0.00000000     0.00009098  -0.00000000
 -0.00024316   0.00000000    -0.00000000   0.00000000     0.00000099  -0.00000000
 -0.00009098   0.00000000     0.00000099  -0.00000000     0.00000000   0.00000000
    8   10
 -0.00192517   0.00000000    -0.00076126   0.00000000     0.00000896   0.00000000
  0.00076126   0.00000000     0.00056223   0.00000000    -0.00004756   0.00000000
 -0.00000896   0.00000000    -0.00004756   0.00000000    -0.00019720   0.00000000
    8   11
  0.00010010  -0.00000000     0.00074643  -0.00000000     0.00002646  -0.00000000
  0.00069602  -0.00000000    -0.00058711   0.00000000     0.00000403  -0.00000000
  0.00002143  -0.00000000     0.00003085  -0.00000000    -0.00000037   0.00000000
    8   12
 -0.01998540   0.00000000     0.00377877  -0.00000000     0.00001440  -0.00000000
 -0.02970438   0.00000000     0.00679135  -0.00000000     0.00002816  -0.00000000
 -0.00000728   0.00000000    -0.00002893   0.00000000    -0.00248333   0.00000000
    8   13
 -0.00000441   0.00000000    -0.00059669   0.00000000    -0.00000930   0.00000000
 -0.00015908   0.00000000    -0.00014481   0.00000000    -0.00000348   0.00000000
  0.00001185  -0.00000000    -0.00000510   0.00000000    -0.00029717   0.00000000
    8   14
 -0.00058434   0.00000000    -0.00013790   0.00000000     0.00000227  -0.00000000
 -0.00006905   0.00000000     0.00081612  -0.00000000     0.00001412  -0.00000000
  0.00000148  -0.00000000    -0.00008077   0.00000000    -0.00010823   0.00000000
    8   15
  0.00004345  -0.00000000     0.00056522  -0.00000000    -0.00006314   0.00000000
 -0.00015076   0.00000000     0.00012594  -0.00000000     0.00004873  -0.00000000
  0.00011130  -0.00000000    -0.00010388   0.00000000     0.00010967  -0.00000000
    8   16
 -0.00650625  -0.00000000     0.00095880   0.00000000    -0.00067116  -0.00000000
  0.01945667   0.00000000    -0.00448738  -0.00000000    -0.00075953  -0.00000000
 -0.02955488  -0.00000000     0.00600001   0.00000000     0.00022628   0.00000000
    8   17
 -0.00000671   0.00000000    -0.00017776   0.00000000    -0.00022411   0.00000000
 -0.00017685   0.00000000    -0.00016922   0.00000000    -0.00000979   0.00000000
 -0.00009843   0.00000000     0.00006431  -0.00000000    -0.00002562   0.00000000
    8   18
 -0.00134429   0.00000000    -0.00060496   0.00000000     0.00076424  -0.00000000
  0.00044079  -0.00000000     0.00079929  -0.00000000    -0.00010341   0.00000000
  0.00054597  -0.00000000    -0.00038613   0.00000000    -0.00020434   0.00000000
    8   19
 -0.00654297   0.00000000     0.00094086  -0.00000000     0.00069221  -0.00000000
  0.01949436  -0.00000000    -0.00449729   0.00000000     0.00077897  -0.00000000
  0.02958536  -0.00000000    -0.00603822   0.00000000     0.00023918  -0.00000000
    8   20
  0.00014787  -0.00000000     0.00056594  -0.00000000    -0.00009332   0.00000000
 -0.00019664   0.00000000     0.00013129  -0.00000000     0.00000935  -0.00000000
 -0.00009759   0.00000000     0.00013663  -0.00000000     0.00012271  -0.00000000
    8   21
 -0.00138085   0.00000000    -0.00061203   0.00000000    -0.00075324   0.00000000
  0.00042724  -0.00000000     0.00080581  -0.00000000     0.00009592  -0.00000000
 -0.00057160   0.00000000     0.00034331  -0.00000000    -0.00015115   0.00000000
    8   22
 -0.00014933   0.00000000    -0.00019790   0.00000000     0.00018729  -0.00000000
 -0.00014125   0.00000000    -0.00014776   0.00000000     0.00002406  -0.00000000
  0.00012425  -0.00000000     0.00000724  -0.00000000    -0.00011649   0.00000000
    9    1
  0.00535332  -0.00000000     0.00117457  -0.00000000     0.00001206  -0.00000000
  0.00303212  -0.00000000    -0.00344672   0.00000000    -0.00005134   0.00000000
 -0.00007774   0.00000000     0.00021128  -0.00000000    -0.00181178   0.00000000
    9    2
 -0.00667429   0.00000000    -0.00288976   0.00000000     0.00002908  -0.00000000
  0.00364258  -0.00000000    -0.00842341   0.00000000     0.00008258  -0.00000000
  0.00013523  -0.00000000    -0.00003212   0.00000000    -0.00727968   0.00000000
    9    3
 -0.00259195   0.00000000    -0.00127369   0.00000000     0.00001917   0.00000000
  0.00006479   0.00000000     0.00006789   0.00000000     0.00006807   0.00000000
 -0.00007667   0.00000000     0.00012683   0.00000000    -0.00229860   0.00000000
    9    4
 -0.00022226  -0.00000000     0.00008189   0.00000000     0.00001801   0.00000000
  0.00027050   0.00000000     0.00017393   0.00000000    -0.00002740  -0.00000000
 -0.00003672  -0.00000000     0.00006150   0.00000000    -0.00019592  -0.00000000
    9    5
 -0.33020952   0.00000000    -0.05857523   0.00000000    -0.00003406   0.00000000
 -0.06222572   0.00000000    -0.05943806   0.00000000    -0.00002358   0.00000000
  0.00006501   0.00000000     0.00013819   0.00000000    -0.04874781   0.00000000
    9    6
  0.00054976   0.00000000     0.00087590   0.00000000    -0.00012233  -0.00000000
 -0.00047260  -0.00000000     0.00070923   0.00000000    -0.00001857  -0.00000000
 -0.00003397  -0.00000000     0.00010239   0.00000000     0.00097169   0.00000000
    9    7
 -0.00192517   0.00000000     0.00076126   0.00000000     0.00000896   0.00000000
 -0.00076126   0.00000000     0.00056223   0.00000000     0.00004756   0.00000000
 -0.00000896   0.00000000     0.00004756   0.00000000    -0.00019720   0.00000000
    9    8
  0.00000000   0.00000000    -0.00024316  -0.00000000    -0.00009098  -0.00000000
 -0.00024316  -0.00000000     0.00000000   0.00000000     0.00000099   0.00000000
  0.00009098   0.00000000     0.00000099   0.00000000    -0.00000000   0.00000000
    9    9
  0.37298034   0.00000000     0.06819549   0.00000000     0.00001061   0.00000000
  0.06819549   0.00000000     0.07245755   0.00000000     0.00002556   0.00000000
  0.00001061   0.00000000     0.00002556   0.00000000     0.06320817   0.00000000
    9   10
  0.00023011   0.00000000    -0.00013036  -0.00000000    -0.00003898  -0.00000000
 -0.00013036  -0.00000000    -0.00045253  -0.00000000    -0.00003281  -0.00000000
  0.00003898   0.00000000     0.00003281   0.00000000     0.00009299   0.00000000
    9   11
 -0.00058434  -0.00000000     0.00013790   0.00000000     0.00000227   0.00000000
  0.00006905   0.00000000     0.00081612   0.00000000    -0.00001412  -0.00000000
  0.00000148   0.00000000     0.00008077   0.00000000    -0.00010823  -0.00000000
    9   12
  0.00000441  -0.00000000    -0.00059669   0.00000000     0.00000930  -0.00000000
 -0.00015908   0.00000000     0.00014481  -0.00000000    -0.00000348   0.00000000
 -0.00001185   0.00000000    -0.00000510   0.00000000     0.00029717  -0.00000000
    9   13
 -0.01998540  -0.00000000    -0.00377877  -0.00000000     0.00001440   0.00000000
  0.02970438   0.00000000     0.00679135   0.00000000    -0.00002816  -0.00000000
 -0.00000728  -0.00000000     0.00002893   0.00000000    -0.00248333  -0.00000000
    9   14
 -0.00010010   0.00000000     0.00074643  -0.00000000    -0.00002646   0.00000000
  0.00069602  -0.00000000     0.00058711  -0.00000000     0.00000403  -0.00000000
 -0.00002143   0.00000000     0.00003085  -0.00000000     0.00000037  -0.00000000
    9   15
 -0.00134429  -0.00000000     0.00060496   0.00000000     0.00076424   0.00000000
 -0.00044079  -0.00000000     0.00079929   0.00000000     0.00010341   0.00000000
  0.00054597   0.00000000     0.00038613   0.00000000    -0.00020434  -0.00000000
    9   16
  0.00000671   0.00000000    -0.00017776  -0.00000000     0.00022411   0.00000000
 -0.00017685  -0.00000000     0.00016922   0.00000000    -0.00000979  -0.00000000
  0.00009843   0.00000000     0.00006431   0.00000000     0.00002562   0.00000000
    9   17
 -0.00650625   0.00000000    -0.00095880   0.00000000    -0.00067116   0.00000000
 -0.01945667   0.00000000    -0.00448738   0.00000000     0.00075953  -0.00000000
 -0.02955488   0.00000000    -0.00600001   0.00000000     0.00022628  -0.00000000
    9   18
 -0.00004345  -0.00000000     0.00056522   0.00000000     0.00006314   0.00000000
 -0.00015076  -0.00000000    -0.00012594  -0.00000000     0.00004873   0.00000000
 -0.00011130  -0.00000000    -0.00010388  -0.00000000    -0.00010967  -0.00000000
    9   19
  0.00014933  -0.00000000    -0.00019790   0.00000000    -0.00018729   0.00000000
 -0.00014125   0.00000000     0.00014776  -0.00000000     0.00002406  -0.00000000
 -0.00012425   0.00000000     0.00000724  -0.00000000     0.00011649  -0.00000000
    9   20
 -0.00138085   0.00000000     0.00061203  -0.00000000    -0.00075324   0.00000000
 -0.00042724   0.00000000     0.00080581  -0.00000000    -0.00009592   0.00000000
 -0.00057160   0.00000000    -0.00034331   0.00000000    -0.00015115   0.00000000
    9   21
 -0.00014787   0.00000000     0.00056594  -0.00000000     0.00009332  -0.00000000
 -0.00019664   0.00000000    -0.00013129   0.00000000     0.00000935  -0.00000000
  0.00009759  -0.00000000     0.00013663  -0.00000000    -0.00012271   0.00000000
    9   22
 -0.00654297   0.00000000    -0.00094086   0.00000000     0.00069221  -0.00000000
 -0.01949436   0.00000000    -0.00449729   0.00000000    -0.00077897   0.00000000
  0.02958536  -0.00000000     0.00603822  -0.00000000     0.00023918  -0.00000000
   10    1
  0.00535332  -0.00000000     0.00117457  -0.00000000    -0.00001206   0.00000000
  0.00303212  -0.00000000    -0.00344672   0.00000000     0.00005134  -0.00000000
  0.00007774  -0.00000000    -0.00021128   0.00000000    -0.00181178   0.00000000
   10    2
  0.00667429  -0.00000000     0.00288976  -0.00000000     0.00002908  -0.00000000
 -0.00364258   0.00000000     0.00842341  -0.00000000     0.00008258  -0.00000000
  0.00013523  -0.00000000    -0.00003212   0.00000000     0.00727968  -0.00000000
   10    3
 -0.00022226   0.00000000     0.00008189  -0.00000000    -0.00001801   0.00000000
  0.00027050  -0.00000000     0.00017393  -0.00000000     0.00002740  -0.00000000
  0.00003672  -0.00000000    -0.00006150   0.00000000    -0.00019592   0.00000000
   10    4
 -0.00259195   0.00000000    -0.00127369   0.00000000    -0.00001917   0.00000000
  0.00006479   0.00000000     0.00006789   0.00000000    -0.00006807   0.00000000
  0.00007667   0.00000000    -0.00012683   0.00000000    -0.00229860   0.00000000
   10    5
  0.00054976  -0.00000000     0.00087590  -0.00000000     0.00012233  -0.00000000
 -0.00047260   0.00000000     0.00070923  -0.00000000     0.00001857  -0.00000000
  0.00003397  -0.00000000    -0.00010239   0.00000000     0.00097169  -0.00000000
   10    6
 -0.33020952   0.00000000    -0.05857523   0.00000000     0.00003406   0.00000000
 -0.06222572   0.00000000    -0.05943806   0.00000000     0.00002358   0.00000000
 -0.00006501   0.00000000    -0.00013819   0.00000000    -0.04874781   0.00000000
   10    7
  0.00000000   0.00000000    -0.00024316   0.00000000     0.00009098  -0.00000000
 -0.00024316   0.00000000     0.00000000   0.00000000    -0.00000099   0.00000000
 -0.00009098   0.00000000    -0.00000099   0.00000000    -0.00000000   0.00000000
   10    8
 -0.00192517   0.00000000     0.00076126   0.00000000    -0.00000896   0.00000000
 -0.00076126   0.00000000     0.00056223   0.00000000    -0.00004756   0.00000000
  0.00000896   0.00000000    -0.00004756   0.00000000    -0.00019720   0.00000000
   10    9
  0.00023011  -0.00000000    -0.00013036   0.00000000     0.00003898  -0.00000000
 -0.00013036   0.00000000    -0.00045253   0.00000000     0.00003281  -0.00000000
 -0.00003898   0.00000000    -0.00003281   0.00000000     0.00009299  -0.00000000
   10   10
  0.37298034   0.00000000     0.06819549   0.00000000    -0.00001061   0.00000000
  0.06819549   0.00000000     0.07245755   0.00000000    -0.00002556   0.00000000
 -0.00001061   0.00000000    -0.00002556   0.00000000     0.06320817   0.00000000
   10   11
  0.00000441  -0.00000000    -0.00059669   0.00000000    -0.00000930   0.00000000
 -0.00015908   0.00000000     0.00014481  -0.00000000     0.00000348  -0.00000000
  0.00001185  -0.00000000     0.00000510  -0.00000000     0.00029717  -0.00000000
   10   12
 -0.00058434   0.00000000     0.00013790  -0.00000000    -0.00000227   0.00000000
  0.00006905  -0.00000000     0.00081612  -0.00000000     0.00001412  -0.00000000
 -0.00000148   0.00000000    -0.00008077   0.00000000    -0.00010823   0.00000000
   10   13
 -0.00010010   0.00000000     0.00074643  -0.00000000     0.00002646  -0.00000000
  0.00069602  -0.00000000     0.00058711  -0.00000000    -0.00000403   0.00000000
  0.00002143  -0.00000000    -0.00003085   0.00000000     0.00000037  -0.00000000
   10   14
 -0.01998540   0.00000000    -0.00377877   0.00000000    -0.00001440   0.00000000
  0.02970438  -0.00000000     0.00679135  -0.00000000     0.00002816  -0.00000000
  0.00000728  -0.00000000    -0.00002893   0.00000000    -0.00248333   0.00000000
   10   15
  0.00000671  -0.00000000    -0.00017776   0.00000000    -0.00022411   0.00000000
 -0.00017685   0.00000000     0.00016922  -0.00000000     0.00000979  -0.00000000
 -0.00009843   0.00000000    -0.00006431   0.00000000     0.00002562  -0.00000000
   10   16
 -0.00134429  -0.00000000     0.00060496   0.00000000    -0.00076424  -0.00000000
 -0.00044079  -0.00000000     0.00079929   0.00000000    -0.00010341  -0.00000000
 -0.00054597  -0.00000000    -0.00038613  -0.00000000    -0.00020434  -0.00000000
   10   17
 -0.00004345   0.00000000     0.00056522  -0.00000000    -0.00006314   0.00000000
 -0.00015076   0.00000000    -0.00012594   0.00000000    -0.00004873   0.00000000
  0.00011130  -0.00000000     0.00010388  -0.00000000    -0.00010967   0.00000000
   10   18
 -0.00650625   0.00000000    -0.00095880   0.00000000     0.00067116  -0.00000000
 -0.01945667   0.00000000    -0.00448738   0.00000000    -0.00075953   0.00000000
  0.02955488  -0.00000000     0.00600001  -0.00000000     0.00022628  -0.00000000
   10   19
 -0.00138085   0.00000000     0.00061203  -0.00000000     0.00075324  -0.00000000
 -0.00042724   0.00000000     0.00080581  -0.00000000     0.00009592  -0.00000000
  0.00057160  -0.00000000     0.00034331  -0.00000000    -0.00015115   0.00000000
   10   20
  0.00014933  -0.00000000    -0.00019790   0.00000000     0.00018729  -0.00000000
 -0.00014125   0.00000000     0.00014776  -0.00000000    -0.00002406   0.00000000
  0.00012425  -0.00000000    -0.00000724   0.00000000     0.00011649  -0.00000000
   10   21
 -0.00654297   0.00000000    -0.00094086   0.00000000    -0.00069221   0.00000000
 -0.01949436   0.00000000    -0.00449729   0.00000000     0.00077897  -0.00000000
 -0.02958536   0.00000000    -0.00603822   0.00000000     0.00023918  -0.00000000
   10   22
 -0.00014787   0.00000000     0.00056594  -0.00000000    -0.00009332   0.00000000
 -0.00019664   0.00000000    -0.00013129   0.00000000    -0.00000935   0.00000000
 -0.00009759   0.00000000    -0.00013663   0.00000000    -0.00012271   0.00000000
   11    1
 -0.00627520   0.00000000    -0.00594449   0.00000000    -0.00012077   0.00000000
 -0.00076473   0.00000000    -0.00972220   0.00000000     0.00000102  -0.00000000
  0.00001412  -0.00000000    -0.00006679   0.00000000    -0.00156078   0.00000000
   11    2
  0.00465742  -0.00000000    -0.00153191   0.00000000    -0.00003527   0.00000000
 -0.00517182   0.00000000    -0.00357890   0.00000000    -0.00022481   0.00000000
  0.00007277  -0.00000000    -0.00027464   0.00000000    -0.00091960   0.00000000
   11    3
 -0.13378786   0.00000000    -0.12459101   0.00000000    -0.00005060   0.00000000
 -0.12638538   0.00000000    -0.24663134   0.00000000    -0.00006403   0.00000000
 -0.00004148   0.00000000    -0.00005606   0.00000000    -0.05367347   0.00000000
   11    4
 -0.00042804  -0.00000000    -0.00046193  -0.00000000     0.00008475   0.00000000
 -0.00031668  -0.00000000    -0.00079158  -0.00000000     0.00009604   0.00000000
  0.00001068   0.00000000    -0.00000350  -0.00000000    -0.00019211  -0.00000000
   11    5
 -0.00079174   0.00000000     0.00113845  -0.00000000    -0.00004578   0.00000000
  0.00018663  -0.00000000     0.00025362  -0.00000000     0.00007503  -0.00000000
  0.00004681  -0.00000000    -0.00005992   0.00000000    -0.00005422   0.00000000
   11    6
 -0.00027421  -0.00000000    -0.00067376  -0.00000000    -0.00008139  -0.00000000
  0.00029085   0.00000000    -0.00230682  -0.00000000    -0.00009890  -0.00000000
 -0.00004448  -0.00000000     0.00001233   0.00000000    -0.00053664  -0.00000000
   11    7
 -0.01998540   0.00000000    -0.02970438   0.00000000     0.00000728  -0.00000000
  0.00377877  -0.00000000     0.00679135  -0.00000000     0.00002893  -0.00000000
 -0.00001440   0.00000000    -0.00002816   0.00000000    -0.00248333   0.00000000
   11    8
  0.00010010   0.00000000     0.00069602   0.00000000     0.00002143   0.00000000
  0.00074643   0.00000000    -0.00058711  -0.00000000     0.00003085   0.00000000
  0.00002646   0.00000000     0.00000403   0.00000000    -0.00000037  -0.00000000
   11    9
 -0.00058434   0.00000000     0.00006905  -0.00000000     0.00000148  -0.00000000
  0.00013790  -0.00000000     0.00081612  -0.00000000     0.00008077  -0.00000000
  0.00000227  -0.00000000    -0.00001412   0.00000000    -0.00010823   0.00000000
   11   10
  0.00000441   0.00000000    -0.00015908  -0.00000000     0.00001185   0.00000000
 -0.00059669  -0.00000000     0.00014481   0.00000000     0.00000510   0.00000000
 -0.00000930  -0.00000000     0.00000348   0.00000000     0.00029717   0.00000000
   11   11
  0.15032290   0.00000000     0.14595436   0.00000000     0.00001494   0.00000000
  0.14595436   0.00000000     0.28526882   0.00000000    -0.00000943   0.00000000
  0.00001494   0.00000000    -0.00000943   0.00000000     0.06091789   0.00000000
   11   12
  0.00007432  -0.00000000     0.00040555  -0.00000000     0.00001158  -0.00000000
  0.00040555  -0.00000000     0.00114897  -0.00000000     0.00002171  -0.00000000
 -0.00001158   0.00000000    -0.00002171   0.00000000    -0.00023206   0.00000000
   11   13
 -0.00033639   0.00000000     0.00022382   0.00000000    -0.00000790   0.00000000
 -0.00022382   0.00000000     0.00150997   0.00000000    -0.00000340   0.00000000
  0.00000790   0.00000000    -0.00000340   0.00000000     0.00020669   0.00000000
   11   14
  0.00000000   0.00000000    -0.00046542   0.00000000    -0.00001685   0.00000000
 -0.00046542   0.00000000     0.00000000  -0.00000000    -0.00002889   0.00000000
  0.00001685  -0.00000000    -0.00002889   0.00000000     0.00000000  -0.00000000
   11   15
  0.00399254   0.00000000     0.00843216   0.00000000    -0.00099945   0.00000000
 -0.01028969   0.00000000    -0.01607121   0.00000000     0.00032421   0.00000000
 -0.01667949   0.00000000    -0.02488702   0.00000000    -0.00012470   0.00000000
   11   16
  0.00022460   0.00000000     0.00008787   0.00000000    -0.00023963  -0.00000000
  0.00030050   0.00000000     0.00019494   0.00000000    -0.00007699  -0.00000000
 -0.00012502  -0.00000000     0.00025155   0.00000000    -0.00007691  -0.00000000
   11   17
 -0.00026200   0.00000000    -0.00020099   0.00000000    -0.00007362   0.00000000
  0.00061282  -0.00000000     0.00123265  -0.00000000     0.00043090  -0.00000000
  0.00016712  -0.00000000    -0.00006793   0.00000000    -0.00009588   0.00000000
   11   18
  0.00003999   0.00000000    -0.00018809  -0.00000000     0.00009787   0.00000000
 -0.00004851  -0.00000000    -0.00024931  -0.00000000    -0.00009251  -0.00000000
  0.00005327   0.00000000     0.00010103   0.00000000    -0.00006284  -0.00000000
   11   19
  0.00021031  -0.00000000     0.00008380  -0.00000000     0.00022509  -0.00000000
  0.00022448  -0.00000000     0.00020079  -0.00000000    -0.00007104   0.00000000
  0.00012860  -0.00000000    -0.00022103   0.00000000    -0.00007177   0.00000000
   11   20
  0.00400820  -0.00000000     0.00845003  -0.00000000     0.00102621  -0.00000000
 -0.01023056   0.00000000    -0.01604853   0.00000000    -0.00035009   0.00000000
  0.01665620  -0.00000000     0.02482167  -0.00000000    -0.00012357   0.00000000
   11   21
  0.00011844  -0.00000000    -0.00018704   0.00000000    -0.00017335   0.00000000
  0.00006617  -0.00000000    -0.00019280   0.00000000     0.00007348  -0.00000000
 -0.00006691   0.00000000    -0.00006345   0.00000000    -0.00000596   0.00000000
   11   22
 -0.00025099   0.00000000    -0.00019851   0.00000000     0.00006739  -0.00000000
  0.00064637  -0.00000000     0.00124447  -0.00000000    -0.00039924   0.00000000
 -0.00014413   0.00000000     0.00003099  -0.00000000    -0.00009342   0.00000000
   12    1
 -0.00627520   0.00000000    -0.00594449   0.00000000     0.00012077  -0.00000000
 -0.00076473   0.00000000    -0.00972220   0.00000000    -0.00000102   0.00000000
 -0.00001412   0.00000000     0.00006679  -0.00000000    -0.00156078   0.00000000
   12    2
 -0.00465742   0.00000000     0.00153191  -0.00000000    -0.00003527   0.00000000
  0.00517182  -0.00000000     0.00357890  -0.00000000    -0.00022481   0.00000000
  0.00007277  -0.00000000    -0.00027464   0.00000000     0.00091960  -0.00000000
   12    3
 -0.00042804  -0.00000000    -0.00046193  -0.00000000    -0.00008475  -0.00000000
 -0.00031668  -0.00000000    -0.00079158  -0.00000000    -0.00009604  -0.00000000
 -0.00001068  -0.00000000     0.00000350   0.00000000    -0.00019211  -0.00000000
   12    4
 -0.13378786  -0.00000000    -0.12459101  -0.00000000     0.00005060   0.00000000
 -0.12638538  -0.00000000    -0.24663134  -0.00000000     0.00006403   0.00000000
  0.00004148   0.00000000     0.00005606   0.00000000    -0.05367347  -0.00000000
   12    5
 -0.00027421  -0.00000000    -0.00067376  -0.00000000     0.00008139   0.00000000
  0.00029085   0.00000000    -0.00230682  -0.00000000     0.00009890   0.00000000
  0.00004448   0.00000000    -0.00001233  -0.00000000    -0.00053664  -0.00000000
   12    6
 -0.00079174  -0.00000000     0.00113845   0.00000000     0.00004578   0.00000000
  0.00018663   0.00000000     0.00025362   0.00000000    -0.00007503  -0.00000000
 -0.00004681  -0.00000000     0.00005992   0.00000000    -0.00005422  -0.00000000
   12    7
  0.00010010   0.00000000     0.00069602   0.00000000    -0.00002143  -0.00000000
  0.00074643   0.00000000    -0.00058711  -0.00000000    -0.00003085  -0.00000000
 -0.00002646  -0.00000000    -0.00000403  -0.00000000    -0.00000037  -0.00000000
   12    8
 -0.01998540  -0.00000000    -0.02970438  -0.00000000    -0.00000728  -0.00000000
  0.00377877   0.00000000     0.00679135   0.00000000    -0.00002893  -0.00000000
  0.00001440   0.00000000     0.00002816   0.00000000    -0.00248333  -0.00000000
   12    9
  0.00000441   0.00000000    -0.00015908  -0.00000000    -0.00001185  -0.00000000
 -0.00059669  -0.00000000     0.00014481   0.00000000    -0.00000510  -0.00000000
  0.00000930   0.00000000    -0.00000348  -0.00000000     0.00029717   0.00000000
   12   10
 -0.00058434  -0.00000000     0.00006905   0.00000000    -0.00000148  -0.00000000
  0.00013790   0.00000000     0.00081612   0.00000000    -0.00008077  -0.00000000
 -0.00000227  -0.00000000     0.00001412   0.00000000    -0.00010823  -0.00000000
   12   11
  0.00007432   0.00000000     0.00040555   0.00000000    -0.00001158  -0.00000000
  0.00040555   0.00000000     0.00114897   0.00000000    -0.00002171  -0.00000000
  0.00001158   0.00000000     0.00002171   0.00000000    -0.00023206  -0.00000000
   12   12
  0.15032290   0.00000000     0.14595436   0.00000000    -0.00001494   0.00000000
  0.14595436   0.00000000     0.28526882   0.00000000     0.00000943   0.00000000
 -0.00001494   0.00000000     0.00000943   0.00000000     0.06091789   0.00000000
   12   13
  0.00000000   0.00000000    -0.00046542  -0.00000000     0.00001685   0.00000000
 -0.00046542  -0.00000000     0.00000000   0.00000000     0.00002889   0.00000000
 -0.00001685  -0.00000000     0.00002889   0.00000000     0.00000000   0.00000000
   12   14
 -0.00033639   0.00000000     0.00022382   0.00000000     0.00000790   0.00000000
 -0.00022382   0.00000000     0.00150997   0.00000000     0.00000340   0.00000000
 -0.00000790   0.00000000     0.00000340   0.00000000     0.00020669   0.00000000
   12   15
  0.00022460   0.00000000     0.00008787   0.00000000     0.00023963   0.00000000
  0.00030050   0.00000000     0.00019494   0.00000000     0.00007699   0.00000000
  0.00012502   0.00000000    -0.00025155  -0.00000000    -0.00007691  -0.00000000
   12   16
  0.00399254   0.00000000     0.00843216   0.00000000     0.00099945   0.00000000
 -0.01028969  -0.00000000    -0.01607121  -0.00000000    -0.00032421  -0.00000000
  0.01667949   0.00000000     0.02488702   0.00000000    -0.00012470  -0.00000000
   12   17
  0.00003999  -0.00000000    -0.00018809   0.00000000    -0.00009787   0.00000000
 -0.00004851   0.00000000    -0.00024931   0.00000000     0.00009251  -0.00000000
 -0.00005327   0.00000000    -0.00010103   0.00000000    -0.00006284   0.00000000
   12   18
 -0.00026200  -0.00000000    -0.00020099  -0.00000000     0.00007362   0.00000000
  0.00061282   0.00000000     0.00123265   0.00000000    -0.00043090  -0.00000000
 -0.00016712  -0.00000000     0.00006793   0.00000000    -0.00009588  -0.00000000
   12   19
  0.00400820  -0.00000000     0.00845003  -0.00000000    -0.00102621   0.00000000
 -0.01023056   0.00000000    -0.01604853   0.00000000     0.00035009  -0.00000000
 -0.01665620   0.00000000    -0.02482167   0.00000000    -0.00012357   0.00000000
   12   20
  0.00021031  -0.00000000     0.00008380  -0.00000000    -0.00022509   0.00000000
  0.00022448  -0.00000000     0.00020079  -0.00000000     0.00007104  -0.00000000
 -0.00012860   0.00000000     0.00022103  -0.00000000    -0.00007177   0.00000000
   12   21
 -0.00025099   0.00000000    -0.00019851   0.00000000    -0.00006739   0.00000000
  0.00064637  -0.00000000     0.00124447  -0.00000000     0.00039924  -0.00000000
  0.00014413  -0.00000000    -0.00003099   0.00000000    -0.00009342   0.00000000
   12   22
  0.00011844  -0.00000000    -0.00018704   0.00000000     0.00017335  -0.00000000
  0.00006617  -0.00000000    -0.00019280   0.00000000    -0.00007348   0.00000000
  0.00006691  -0.00000000     0.00006345  -0.00000000    -0.00000596   0.00000000
   13    1
  0.00465742  -0.00000000     0.00153191  -0.00000000     0.00003527  -0.00000000
  0.00517182  -0.00000000    -0.00357890   0.00000000    -0.00022481   0.00000000
 -0.00007277   0.00000000    -0.00027464   0.00000000    -0.00091960   0.00000000
   13    2
 -0.00627520   0.00000000     0.00594449  -0.00000000     0.00012077  -0.00000000
  0.00076473  -0.00000000    -0.00972220   0.00000000     0.00000102  -0.00000000
 -0.00001412   0.00000000    -0.00006679   0.00000000    -0.00156078   0.00000000
   13    3
 -0.00079174   0.00000000    -0.00113845   0.00000000     0.00004578  -0.00000000
 -0.00018663   0.00000000     0.00025362  -0.00000000     0.00007503  -0.00000000
 -0.00004681   0.00000000    -0.00005992   0.00000000    -0.00005422   0.00000000
   13    4
  0.00027421   0.00000000    -0.00067376  -0.00000000    -0.00008139  -0.00000000
  0.00029085   0.00000000     0.00230682   0.00000000     0.00009890   0.00000000
 -0.00004448  -0.00000000    -0.00001233  -0.00000000     0.00053664   0.00000000
   13    5
 -0.13378786   0.00000000     0.12459101  -0.00000000     0.00005060  -0.00000000
  0.12638538  -0.00000000    -0.24663134   0.00000000    -0.00006403   0.00000000
  0.00004148  -0.00000000    -0.00005606   0.00000000    -0.05367347   0.00000000
   13    6
  0.00042804   0.00000000    -0.00046193  -0.00000000     0.00008475   0.00000000
 -0.00031668  -0.00000000     0.00079158   0.00000000    -0.00009604  -0.00000000
  0.00001068   0.00000000     0.00000350   0.00000000     0.00019211   0.00000000
   13    7
 -0.00058434   0.00000000    -0.00006905   0.00000000    -0.00000148   0.00000000
 -0.00013790   0.00000000     0.00081612  -0.00000000     0.00008077  -0.00000000
 -0.00000227   0.00000000    -0.00001412   0.00000000    -0.00010823   0.00000000
   13    8
 -0.00000441  -0.00000000    -0.00015908  -0.00000000     0.00001185   0.00000000
 -0.00059669  -0.00000000    -0.00014481  -0.00000000    -0.00000510  -0.00000000
 -0.00000930  -0.00000000    -0.00000348  -0.00000000    -0.00029717  -0.00000000
   13    9
 -0.01998540   0.00000000     0.02970438  -0.00000000    -0.00000728   0.00000000
 -0.00377877   0.00000000     0.00679135  -0.00000000     0.00002893  -0.00000000
  0.00001440  -0.00000000    -0.00002816   0.00000000    -0.00248333   0.00000000
   13   10
 -0.00010010  -0.00000000     0.00069602   0.00000000     0.00002143   0.00000000
  0.00074643   0.00000000     0.00058711   0.00000000    -0.00003085  -0.00000000
  0.00002646   0.00000000    -0.00000403  -0.00000000     0.00000037   0.00000000
   13   11
 -0.00033639   0.00000000    -0.00022382   0.00000000     0.00000790   0.00000000
  0.00022382   0.00000000     0.00150997   0.00000000    -0.00000340   0.00000000
 -0.00000790   0.00000000    -0.00000340   0.00000000     0.00020669   0.00000000
   13   12
  0.00000000   0.00000000    -0.00046542   0.00000000    -0.00001685   0.00000000
 -0.00046542   0.00000000    -0.00000000   0.00000000     0.00002889  -0.00000000
  0.00001685  -0.00000000     0.00002889  -0.00000000    -0.00000000   0.00000000
   13   13
  0.15032290   0.00000000    -0.14595436   0.00000000    -0.00001494   0.00000000
 -0.14595436   0.00000000     0.28526882   0.00000000    -0.00000943   0.00000000
 -0.00001494   0.00000000    -0.00000943   0.00000000     0.06091789   0.00000000
   13   14
 -0.00007432   0.00000000     0.00040555  -0.00000000     0.00001158  -0.00000000
  0.00040555  -0.00000000    -0.00114897   0.00000000    -0.00002171   0.00000000
 -0.00001158   0.00000000     0.00002171  -0.00000000     0.00023206  -0.00000000
   13   15
 -0.00026200   0.00000000     0.00020099   0.00000000     0.00007362   0.00000000
 -0.00061282   0.00000000     0.00123265   0.00000000     0.00043090   0.00000000
 -0.00016712   0.00000000    -0.00006793   0.00000000    -0.00009588   0.00000000
   13   16
 -0.00003999  -0.00000000    -0.00018809  -0.00000000     0.00009787   0.00000000
 -0.00004851  -0.00000000     0.00024931   0.00000000     0.00009251   0.00000000
  0.00005327   0.00000000    -0.00010103  -0.00000000     0.00006284   0.00000000
   13   17
  0.00399254  -0.00000000    -0.00843216   0.00000000     0.00099945  -0.00000000
  0.01028969  -0.00000000    -0.01607121   0.00000000     0.00032421  -0.00000000
  0.01667949  -0.00000000    -0.02488702   0.00000000    -0.00012470   0.00000000
   13   18
 -0.00022460  -0.00000000     0.00008787   0.00000000    -0.00023963  -0.00000000
  0.00030050   0.00000000    -0.00019494  -0.00000000     0.00007699   0.00000000
 -0.00012502  -0.00000000    -0.00025155  -0.00000000     0.00007691   0.00000000
   13   19
 -0.00011844   0.00000000    -0.00018704   0.00000000    -0.00017335   0.00000000
  0.00006617  -0.00000000     0.00019280  -0.00000000    -0.00007348   0.00000000
 -0.00006691   0.00000000     0.00006345  -0.00000000     0.00000596  -0.00000000
   13   20
 -0.00025099   0.00000000     0.00019851  -0.00000000    -0.00006739   0.00000000
 -0.00064637   0.00000000     0.00124447  -0.00000000    -0.00039924   0.00000000
  0.00014413  -0.00000000     0.00003099  -0.00000000    -0.00009342   0.00000000
   13   21
 -0.00021031   0.00000000     0.00008380  -0.00000000     0.00022509  -0.00000000
  0.00022448  -0.00000000    -0.00020079   0.00000000     0.00007104  -0.00000000
  0.00012860  -0.00000000     0.00022103  -0.00000000     0.00007177  -0.00000000
   13   22
  0.00400820  -0.00000000    -0.00845003   0.00000000    -0.00102621   0.00000000
  0.01023056  -0.00000000    -0.01604853   0.00000000    -0.00035009   0.00000000
 -0.01665620   0.00000000     0.02482167  -0.00000000    -0.00012357   0.00000000
   14    1
  0.00465742  -0.00000000     0.00153191  -0.00000000    -0.00003527   0.00000000
  0.00517182  -0.00000000    -0.00357890   0.00000000     0.00022481  -0.00000000
  0.00007277  -0.00000000     0.00027464  -0.00000000    -0.00091960   0.00000000
   14    2
  0.00627520  -0.00000000    -0.00594449   0.00000000     0.00012077  -0.00000000
 -0.00076473   0.00000000     0.00972220  -0.00000000     0.00000102  -0.00000000
 -0.00001412   0.00000000    -0.00006679   0.00000000     0.00156078  -0.00000000
   14    3
  0.00027421   0.00000000    -0.00067376  -0.00000000     0.00008139   0.00000000
  0.00029085   0.00000000     0.00230682   0.00000000    -0.00009890  -0.00000000
  0.00004448   0.00000000     0.00001233   0.00000000     0.00053664   0.00000000
   14    4
 -0.00079174  -0.00000000    -0.00113845  -0.00000000    -0.00004578  -0.00000000
 -0.00018663  -0.00000000     0.00025362   0.00000000    -0.00007503  -0.00000000
  0.00004681   0.00000000     0.00005992   0.00000000    -0.00005422  -0.00000000
   14    5
  0.00042804   0.00000000    -0.00046193  -0.00000000    -0.00008475  -0.00000000
 -0.00031668  -0.00000000     0.00079158   0.00000000     0.00009604   0.00000000
 -0.00001068  -0.00000000    -0.00000350  -0.00000000     0.00019211   0.00000000
   14    6
 -0.13378786  -0.00000000     0.12459101   0.00000000    -0.00005060  -0.00000000
  0.12638538   0.00000000    -0.24663134  -0.00000000     0.00006403   0.00000000
 -0.00004148  -0.00000000     0.00005606   0.00000000    -0.05367347  -0.00000000
   14    7
 -0.00000441  -0.00000000    -0.00015908  -0.00000000    -0.00001185  -0.00000000
 -0.00059669  -0.00000000    -0.00014481  -0.00000000     0.00000510   0.00000000
  0.00000930   0.00000000     0.00000348   0.00000000    -0.00029717  -0.00000000
   14    8
 -0.00058434  -0.00000000    -0.00006905  -0.00000000     0.00000148   0.00000000
 -0.00013790  -0.00000000     0.00081612   0.00000000    -0.00008077  -0.00000000
  0.00000227   0.00000000     0.00001412   0.00000000    -0.00010823  -0.00000000
   14    9
 -0.00010010  -0.00000000     0.00069602   0.00000000    -0.00002143  -0.00000000
  0.00074643   0.00000000     0.00058711   0.00000000     0.00003085   0.00000000
 -0.00002646  -0.00000000     0.00000403   0.00000000     0.00000037   0.00000000
   14   10
 -0.01998540  -0.00000000     0.02970438   0.00000000     0.00000728   0.00000000
 -0.00377877  -0.00000000     0.00679135   0.00000000    -0.00002893  -0.00000000
 -0.00001440  -0.00000000     0.00002816   0.00000000    -0.00248333  -0.00000000
   14   11
  0.00000000   0.00000000    -0.00046542  -0.00000000     0.00001685   0.00000000
 -0.00046542  -0.00000000    -0.00000000  -0.00000000    -0.00002889  -0.00000000
 -0.00001685  -0.00000000    -0.00002889  -0.00000000    -0.00000000  -0.00000000
   14   12
 -0.00033639   0.00000000    -0.00022382   0.00000000    -0.00000790   0.00000000
  0.00022382   0.00000000     0.00150997   0.00000000     0.00000340   0.00000000
  0.00000790   0.00000000     0.00000340   0.00000000     0.00020669   0.00000000
   14   13
 -0.00007432  -0.00000000     0.00040555   0.00000000    -0.00001158  -0.00000000
  0.00040555   0.00000000    -0.00114897  -0.00000000     0.00002171   0.00000000
  0.00001158   0.00000000    -0.00002171  -0.00000000     0.00023206   0.00000000
   14   14
  0.15032290   0.00000000    -0.14595436   0.00000000     0.00001494   0.00000000
 -0.14595436   0.00000000     0.28526882   0.00000000     0.00000943   0.00000000
  0.00001494   0.00000000     0.00000943   0.00000000     0.06091789   0.00000000
   14   15
 -0.00003999  -0.00000000    -0.00018809  -0.00000000    -0.00009787  -0.00000000
 -0.00004851  -0.00000000     0.00024931   0.00000000    -0.00009251  -0.00000000
 -0.00005327  -0.00000000     0.00010103   0.00000000     0.00006284   0.00000000
   14   16
 -0.00026200  -0.00000000     0.00020099   0.00000000    -0.00007362  -0.00000000
 -0.00061282  -0.00000000     0.00123265   0.00000000    -0.00043090  -0.00000000
  0.00016712   0.00000000     0.00006793   0.00000000    -0.00009588  -0.00000000
   14   17
 -0.00022460   0.00000000     0.00008787  -0.00000000     0.00023963  -0.00000000
  0.00030050  -0.00000000    -0.00019494   0.00000000    -0.00007699   0.00000000
  0.00012502  -0.00000000     0.00025155  -0.00000000     0.00007691  -0.00000000
   14   18
  0.00399254   0.00000000    -0.00843216  -0.00000000    -0.00099945  -0.00000000
  0.01028969   0.00000000    -0.01607121  -0.00000000    -0.00032421  -0.00000000
 -0.01667949  -0.00000000     0.02488702   0.00000000    -0.00012470  -0.00000000
   14   19
 -0.00025099   0.00000000     0.00019851  -0.00000000     0.00006739  -0.00000000
 -0.00064637   0.00000000     0.00124447  -0.00000000     0.00039924  -0.00000000
 -0.00014413   0.00000000    -0.00003099   0.00000000    -0.00009342   0.00000000
   14   20
 -0.00011844   0.00000000    -0.00018704   0.00000000     0.00017335  -0.00000000
  0.00006617  -0.00000000     0.00019280  -0.00000000     0.00007348  -0.00000000
  0.00006691  -0.00000000    -0.00006345   0.00000000     0.00000596  -0.00000000
   14   21
  0.00400820  -0.00000000    -0.00845003   0.00000000     0.00102621  -0.00000000
  0.01023056  -0.00000000    -0.01604853   0.00000000     0.00035009  -0.00000000
  0.01665620  -0.00000000    -0.02482167   0.00000000    -0.00012357   0.00000000
   14   22
 -0.00021031   0.00000000     0.00008380  -0.00000000    -0.00022509   0.00000000
  0.00022448  -0.00000000    -0.00020079   0.00000000    -0.00007104   0.00000000
 -0.00012860   0.00000000    -0.00022103   0.00000000     0.00007177  -0.00000000
   15    1
 -0.00305935   0.00000000    -0.00025314   0.00000000     0.00100320  -0.00000000
 -0.00134072   0.00000000    -0.00619708   0.00000000    -0.00002256   0.00000000
 -0.00171687   0.00000000     0.00185407  -0.00000000     0.00238323  -0.00000000
   15    2
 -0.00411053   0.00000000     0.00278543  -0.00000000    -0.00223940   0.00000000
  0.00066826  -0.00000000    -0.00207357   0.00000000     0.00018759  -0.00000000
 -0.00078205   0.00000000    -0.00201226   0.00000000    -0.00312822   0.00000000
   15    3
 -0.05843984   0.00000000     0.03489990  -0.00000000     0.04675265  -0.00000000
  0.03444392  -0.00000000    -0.13531405   0.00000000    -0.13106274   0.00000000
  0.04645519  -0.00000000    -0.13108033   0.00000000    -0.25636236   0.00000000
   15    4
 -0.00037219  -0.00000000     0.00036939   0.00000000     0.00010254   0.00000000
 -0.00056916  -0.00000000    -0.00064536  -0.00000000    -0.00023250  -0.00000000
 -0.00040368  -0.00000000     0.00025473   0.00000000    -0.00021232  -0.00000000
   15    5
 -0.00067484   0.00000000     0.00083175  -0.00000000    -0.00000865   0.00000000
  0.00018252  -0.00000000    -0.00042071   0.00000000    -0.00009289   0.00000000
  0.00068849  -0.00000000    -0.00034716   0.00000000    -0.00080983   0.00000000
   15    6
  0.00067456   0.00000000    -0.00016903  -0.00000000     0.00006208   0.00000000
 -0.00058079  -0.00000000     0.00061978   0.00000000     0.00077977   0.00000000
 -0.00036937  -0.00000000     0.00057494   0.00000000     0.00083132   0.00000000
   15    7
 -0.00650625   0.00000000     0.01945667  -0.00000000     0.02955488  -0.00000000
  0.00095880  -0.00000000    -0.00448738   0.00000000    -0.00600001   0.00000000
  0.00067116  -0.00000000     0.00075953  -0.00000000     0.00022628  -0.00000000
   15    8
  0.00004345   0.00000000    -0.00015076  -0.00000000     0.00011130   0.00000000
  0.00056522   0.00000000     0.00012594   0.00000000    -0.00010388  -0.00000000
 -0.00006314  -0.00000000     0.00004873   0.00000000     0.00010967   0.00000000
   15    9
 -0.00134429   0.00000000    -0.00044079   0.00000000     0.00054597  -0.00000000
  0.00060496  -0.00000000     0.00079929  -0.00000000     0.00038613  -0.00000000
  0.00076424  -0.00000000     0.00010341  -0.00000000    -0.00020434   0.00000000
   15   10
  0.00000671   0.00000000    -0.00017685  -0.00000000    -0.00009843  -0.00000000
 -0.00017776  -0.00000000     0.00016922   0.00000000    -0.00006431  -0.00000000
 -0.00022411  -0.00000000     0.00000979   0.00000000     0.00002562   0.00000000
   15   11
  0.00399254   0.00000000    -0.01028969   0.00000000    -0.01667949   0.00000000
  0.00843216   0.00000000    -0.01607121   0.00000000    -0.02488702   0.00000000
 -0.00099945   0.00000000     0.00032421   0.00000000    -0.00012470   0.00000000
   15   12
  0.00022460  -0.00000000     0.00030050  -0.00000000     0.00012502  -0.00000000
  0.00008787  -0.00000000     0.00019494  -0.00000000    -0.00025155   0.00000000
  0.00023963  -0.00000000     0.00007699  -0.00000000    -0.00007691   0.00000000
   15   13
 -0.00026200   0.00000000    -0.00061282   0.00000000    -0.00016712   0.00000000
  0.00020099   0.00000000     0.00123265   0.00000000    -0.00006793   0.00000000
  0.00007362   0.00000000     0.00043090   0.00000000    -0.00009588   0.00000000
   15   14
 -0.00003999   0.00000000    -0.00004851   0.00000000    -0.00005327   0.00000000
 -0.00018809   0.00000000     0.00024931  -0.00000000     0.00010103  -0.00000000
 -0.00009787   0.00000000    -0.00009251   0.00000000     0.00006284  -0.00000000
   15   15
  0.06991348   0.00000000    -0.04141495   0.00000000    -0.05339994   0.00000000
 -0.04141495   0.00000000     0.15116162   0.00000000     0.14695657   0.00000000
 -0.05339994   0.00000000     0.14695657   0.00000000     0.28256078   0.00000000
   15   16
  0.00015867   0.00000000     0.00025002   0.00000000     0.00011701   0.00000000
  0.00025002   0.00000000    -0.00005809  -0.00000000    -0.00000737  -0.00000000
 -0.00011701  -0.00000000     0.00000737   0.00000000     0.00014268   0.00000000
   15   17
  0.00000549  -0.00000000    -0.00035138   0.00000000    -0.00002138   0.00000000
  0.00035138  -0.00000000     0.00062151  -0.00000000     0.00019796  -0.00000000
  0.00002138  -0.00000000     0.00019796  -0.00000000     0.00006471  -0.00000000
   15   18
  0.00000000  -0.00000000     0.00014168   0.00000000    -0.00010989  -0.00000000
  0.00014168   0.00000000    -0.00000000   0.00000000    -0.00010969  -0.00000000
  0.00010989   0.00000000    -0.00010969  -0.00000000     0.00000000  -0.00000000
   15   19
 -0.00005150   0.00000000     0.00015169  -0.00000000     0.00007423  -0.00000000
  0.00017375  -0.00000000    -0.00025032   0.00000000    -0.00007614   0.00000000
  0.00012049  -0.00000000    -0.00014407   0.00000000    -0.00034430   0.00000000
   15   20
  0.00071188  -0.00000000    -0.00580460   0.00000000    -0.00623282   0.00000000
 -0.00580415   0.00000000     0.01342548  -0.00000000     0.01637621  -0.00000000
  0.00619340  -0.00000000    -0.01641152   0.00000000    -0.02334514   0.00000000
   15   21
  0.00004956  -0.00000000     0.00006441  -0.00000000    -0.00020983   0.00000000
 -0.00001056   0.00000000    -0.00001125   0.00000000    -0.00009282   0.00000000
 -0.00022991   0.00000000     0.00009328  -0.00000000     0.00003658  -0.00000000
   15   22
  0.00000319  -0.00000000    -0.00054779   0.00000000     0.00043299  -0.00000000
  0.00053144  -0.00000000     0.00064502  -0.00000000    -0.00029754   0.00000000
  0.00040013  -0.00000000     0.00031446  -0.00000000    -0.00016520   0.00000000
   16    1
 -0.00305935   0.00000000    -0.00025314   0.00000000    -0.00100320   0.00000000
 -0.00134072   0.00000000    -0.00619708   0.00000000     0.00002256  -0.00000000
  0.00171687  -0.00000000    -0.00185407   0.00000000     0.00238323  -0.00000000
   16    2
  0.00411053  -0.00000000    -0.00278543   0.00000000    -0.00223940   0.00000000
 -0.00066826   0.00000000     0.00207357  -0.00000000     0.00018759  -0.00000000
 -0.00078205   0.00000000    -0.00201226   0.00000000     0.00312822  -0.00000000
   16    3
 -0.00037219   0.00000000     0.00036939  -0.00000000    -0.00010254   0.00000000
 -0.00056916   0.00000000    -0.00064536   0.00000000     0.00023250  -0.00000000
  0.00040368  -0.00000000    -0.00025473   0.00000000    -0.00021232   0.00000000
   16    4
 -0.05843984   0.00000000     0.03489990  -0.00000000    -0.04675265   0.00000000
  0.03444392  -0.00000000    -0.13531405   0.00000000     0.13106274  -0.00000000
 -0.04645519   0.00000000     0.13108033  -0.00000000    -0.25636236   0.00000000
   16    5
  0.00067456  -0.00000000    -0.00016903   0.00000000    -0.00006208   0.00000000
 -0.00058079   0.00000000     0.00061978  -0.00000000    -0.00077977   0.00000000
  0.00036937  -0.00000000    -0.00057494   0.00000000     0.00083132  -0.00000000
   16    6
 -0.00067484   0.00000000     0.00083175  -0.00000000     0.00000865  -0.00000000
  0.00018252  -0.00000000    -0.00042071   0.00000000     0.00009289  -0.00000000
 -0.00068849   0.00000000     0.00034716  -0.00000000    -0.00080983   0.00000000
   16    7
  0.00004345  -0.00000000    -0.00015076   0.00000000    -0.00011130   0.00000000
  0.00056522  -0.00000000     0.00012594  -0.00000000     0.00010388  -0.00000000
  0.00006314  -0.00000000    -0.00004873   0.00000000     0.00010967  -0.00000000
   16    8
 -0.00650625   0.00000000     0.01945667  -0.00000000    -0.02955488   0.00000000
  0.00095880  -0.00000000    -0.00448738   0.00000000     0.00600001  -0.00000000
 -0.00067116   0.00000000    -0.00075953   0.00000000     0.00022628  -0.00000000
   16    9
  0.00000671  -0.00000000    -0.00017685   0.00000000     0.00009843  -0.00000000
 -0.00017776   0.00000000     0.00016922  -0.00000000     0.00006431  -0.00000000
  0.00022411  -0.00000000    -0.00000979   0.00000000     0.00002562  -0.00000000
   16   10
 -0.00134429   0.00000000    -0.00044079   0.00000000    -0.00054597   0.00000000
  0.00060496  -0.00000000     0.00079929  -0.00000000    -0.00038613   0.00000000
 -0.00076424   0.00000000    -0.00010341   0.00000000    -0.00020434   0.00000000
   16   11
  0.00022460  -0.00000000     0.00030050  -0.00000000    -0.00012502   0.00000000
  0.00008787  -0.00000000     0.00019494  -0.00000000     0.00025155  -0.00000000
 -0.00023963   0.00000000    -0.00007699   0.00000000    -0.00007691   0.00000000
   16   12
  0.00399254  -0.00000000    -0.01028969   0.00000000     0.01667949  -0.00000000
  0.00843216  -0.00000000    -0.01607121   0.00000000     0.02488702  -0.00000000
  0.00099945  -0.00000000    -0.00032421   0.00000000    -0.00012470   0.00000000
   16   13
 -0.00003999   0.00000000    -0.00004851   0.00000000     0.00005327  -0.00000000
 -0.00018809   0.00000000     0.00024931  -0.00000000    -0.00010103   0.00000000
  0.00009787  -0.00000000     0.00009251  -0.00000000     0.00006284  -0.00000000
   16   14
 -0.00026200   0.00000000    -0.00061282   0.00000000     0.00016712  -0.00000000
  0.00020099  -0.00000000     0.00123265  -0.00000000     0.00006793  -0.00000000
 -0.00007362   0.00000000    -0.00043090   0.00000000    -0.00009588   0.00000000
   16   15
  0.00015867  -0.00000000     0.00025002  -0.00000000    -0.00011701   0.00000000
  0.00025002  -0.00000000    -0.00005809   0.00000000     0.00000737  -0.00000000
  0.00011701  -0.00000000    -0.00000737   0.00000000     0.00014268  -0.00000000
   16   16
  0.06991348   0.00000000    -0.04141495   0.00000000     0.05339994   0.00000000
 -0.04141495   0.00000000     0.15116162   0.00000000    -0.14695657   0.00000000
  0.05339994   0.00000000    -0.14695657   0.00000000     0.28256078   0.00000000
   16   17
  0.00000000   0.00000000     0.00014168  -0.00000000     0.00010989  -0.00000000
  0.00014168  -0.00000000    -0.00000000  -0.00000000     0.00010969  -0.00000000
 -0.00010989   0.00000000     0.00010969  -0.00000000     0.00000000   0.00000000
   16   18
  0.00000549  -0.00000000    -0.00035138   0.00000000     0.00002138  -0.00000000
  0.00035138  -0.00000000     0.00062151  -0.00000000    -0.00019796   0.00000000
 -0.00002138   0.00000000    -0.00019796   0.00000000     0.00006471  -0.00000000
   16   19
  0.00071188  -0.00000000    -0.00580460   0.00000000     0.00623282  -0.00000000
 -0.00580415   0.00000000     0.01342548  -0.00000000    -0.01637621   0.00000000
 -0.00619340   0.00000000     0.01641152  -0.00000000    -0.02334514   0.00000000
   16   20
 -0.00005150   0.00000000     0.00015169  -0.00000000    -0.00007423   0.00000000
  0.00017375  -0.00000000    -0.00025032   0.00000000     0.00007614  -0.00000000
 -0.00012049   0.00000000     0.00014407  -0.00000000    -0.00034430   0.00000000
   16   21
  0.00000319  -0.00000000    -0.00054779   0.00000000    -0.00043299   0.00000000
  0.00053144  -0.00000000     0.00064502  -0.00000000     0.00029754  -0.00000000
 -0.00040013   0.00000000    -0.00031446   0.00000000    -0.00016520   0.00000000
   16   22
  0.00004956  -0.00000000     0.00006441  -0.00000000     0.00020983  -0.00000000
 -0.00001056   0.00000000    -0.00001125   0.00000000     0.00009282  -0.00000000
  0.00022991  -0.00000000    -0.00009328   0.00000000     0.00003658  -0.00000000
   17    1
 -0.00411053  -0.00000000    -0.00278543  -0.00000000     0.00223940   0.00000000
 -0.00066826  -0.00000000    -0.00207357  -0.00000000     0.00018759   0.00000000
  0.00078205   0.00000000    -0.00201226  -0.00000000    -0.00312822  -0.00000000
   17    2
 -0.00305935  -0.00000000     0.00025314   0.00000000    -0.00100320  -0.00000000
  0.00134072   0.00000000    -0.00619708  -0.00000000    -0.00002256  -0.00000000
  0.00171687   0.00000000     0.00185407   0.00000000     0.00238323   0.00000000
   17    3
 -0.00067484  -0.00000000    -0.00083175  -0.00000000     0.00000865   0.00000000
 -0.00018252  -0.00000000    -0.00042071  -0.00000000    -0.00009289  -0.00000000
 -0.00068849  -0.00000000    -0.00034716  -0.00000000    -0.00080983  -0.00000000
   17    4
 -0.00067456  -0.00000000    -0.00016903  -0.00000000     0.00006208   0.00000000
 -0.00058079  -0.00000000    -0.00061978  -0.00000000    -0.00077977  -0.00000000
 -0.00036937  -0.00000000    -0.00057494  -0.00000000    -0.00083132  -0.00000000
   17    5
 -0.05843984  -0.00000000    -0.03489990  -0.00000000    -0.04675265  -0.00000000
 -0.03444392  -0.00000000    -0.13531405  -0.00000000    -0.13106274  -0.00000000
 -0.04645519  -0.00000000    -0.13108033  -0.00000000    -0.25636236  -0.00000000
   17    6
  0.00037219   0.00000000     0.00036939   0.00000000     0.00010254   0.00000000
 -0.00056916  -0.00000000     0.00064536   0.00000000     0.00023250   0.00000000
 -0.00040368  -0.00000000    -0.00025473  -0.00000000     0.00021232   0.00000000
   17    7
 -0.00134429  -0.00000000     0.00044079   0.00000000    -0.00054597  -0.00000000
 -0.00060496  -0.00000000     0.00079929   0.00000000     0.00038613   0.00000000
 -0.00076424  -0.00000000     0.00010341   0.00000000    -0.00020434  -0.00000000
   17    8
 -0.00000671  -0.00000000    -0.00017685  -0.00000000    -0.00009843  -0.00000000
 -0.00017776  -0.00000000    -0.00016922  -0.00000000     0.00006431   0.00000000
 -0.00022411  -0.00000000    -0.00000979  -0.00000000    -0.00002562  -0.00000000
   17    9
 -0.00650625  -0.00000000    -0.01945667  -0.00000000    -0.02955488  -0.00000000
 -0.00095880  -0.00000000    -0.00448738  -0.00000000    -0.00600001  -0.00000000
 -0.00067116  -0.00000000     0.00075953   0.00000000     0.00022628   0.00000000
   17   10
 -0.00004345  -0.00000000    -0.00015076  -0.00000000     0.00011130   0.00000000
  0.00056522   0.00000000    -0.00012594  -0.00000000     0.00010388   0.00000000
 -0.00006314  -0.00000000    -0.00004873  -0.00000000    -0.00010967  -0.00000000
   17   11
 -0.00026200  -0.00000000     0.00061282   0.00000000     0.00016712   0.00000000
 -0.00020099  -0.00000000     0.00123265   0.00000000    -0.00006793  -0.00000000
 -0.00007362  -0.00000000     0.00043090   0.00000000    -0.00009588  -0.00000000
   17   12
  0.00003999   0.00000000    -0.00004851  -0.00000000    -0.00005327  -0.00000000
 -0.00018809  -0.00000000    -0.00024931  -0.00000000    -0.00010103  -0.00000000
 -0.00009787  -0.00000000     0.00009251   0.00000000    -0.00006284  -0.00000000
   17   13
  0.00399254   0.00000000     0.01028969   0.00000000     0.01667949   0.00000000
 -0.00843216  -0.00000000    -0.01607121  -0.00000000    -0.02488702  -0.00000000
  0.00099945   0.00000000     0.00032421   0.00000000    -0.00012470  -0.00000000
   17   14
 -0.00022460  -0.00000000     0.00030050   0.00000000     0.00012502   0.00000000
  0.00008787   0.00000000    -0.00019494  -0.00000000     0.00025155   0.00000000
  0.00023963   0.00000000    -0.00007699  -0.00000000     0.00007691   0.00000000
   17   15
  0.00000549   0.00000000     0.00035138   0.00000000     0.00002138   0.00000000
 -0.00035138  -0.00000000     0.00062151   0.00000000     0.00019796   0.00000000
 -0.00002138  -0.00000000     0.00019796   0.00000000     0.00006471   0.00000000
   17   16
 -0.00000000  -0.00000000     0.00014168   0.00000000    -0.00010989  -0.00000000
  0.00014168   0.00000000     0.00000000   0.00000000     0.00010969   0.00000000
  0.00010989   0.00000000     0.00010969   0.00000000    -0.00000000  -0.00000000
   17   17
  0.06991348   0.00000000     0.04141495   0.00000000     0.05339994   0.00000000
  0.04141495   0.00000000     0.15116162   0.00000000     0.14695657   0.00000000
  0.05339994   0.00000000     0.14695657   0.00000000     0.28256078   0.00000000
   17   18
 -0.00015867  -0.00000000     0.00025002   0.00000000     0.00011701   0.00000000
  0.00025002   0.00000000     0.00005809   0.00000000     0.00000737   0.00000000
 -0.00011701  -0.00000000    -0.00000737  -0.00000000    -0.00014268  -0.00000000
   17   19
 -0.00004956   0.00000000     0.00006441  -0.00000000    -0.00020983   0.00000000
 -0.00001056   0.00000000     0.00001125  -0.00000000     0.00009282  -0.00000000
 -0.00022991   0.00000000    -0.00009328   0.00000000    -0.00003658   0.00000000
   17   20
  0.00000319   0.00000000     0.00054779   0.00000000    -0.00043299  -0.00000000
 -0.00053144  -0.00000000     0.00064502   0.00000000    -0.00029754  -0.00000000
 -0.00040013  -0.00000000     0.00031446   0.00000000    -0.00016520  -0.00000000
   17   21
  0.00005150   0.00000000     0.00015169   0.00000000     0.00007423   0.00000000
  0.00017375   0.00000000     0.00025032   0.00000000     0.00007614   0.00000000
  0.00012049   0.00000000     0.00014407   0.00000000     0.00034430   0.00000000
   17   22
  0.00071188   0.00000000     0.00580460   0.00000000     0.00623282   0.00000000
  0.00580415   0.00000000     0.01342548   0.00000000     0.01637621   0.00000000
 -0.00619340  -0.00000000    -0.01641152  -0.00000000    -0.02334514  -0.00000000
   18    1
 -0.00411053   0.00000000    -0.00278543   0.00000000    -0.00223940   0.00000000
 -0.00066826   0.00000000    -0.00207357   0.00000000    -0.00018759   0.00000000
 -0.00078205   0.00000000     0.00201226  -0.00000000    -0.00312822   0.00000000
   18    2
  0.00305935  -0.00000000    -0.00025314   0.00000000    -0.00100320   0.00000000
 -0.00134072   0.00000000     0.00619708  -0.00000000    -0.00002256   0.00000000
  0.00171687  -0.00000000     0.00185407  -0.00000000    -0.00238323   0.00000000
   18    3
 -0.00067456   0.00000000    -0.00016903   0.00000000    -0.00006208   0.00000000
 -0.00058079   0.00000000    -0.00061978   0.00000000     0.00077977  -0.00000000
  0.00036937  -0.00000000     0.00057494  -0.00000000    -0.00083132   0.00000000
   18    4
 -0.00067484  -0.00000000    -0.00083175  -0.00000000    -0.00000865  -0.00000000
 -0.00018252  -0.00000000    -0.00042071  -0.00000000     0.00009289   0.00000000
  0.00068849   0.00000000     0.00034716   0.00000000    -0.00080983  -0.00000000
   18    5
  0.00037219  -0.00000000     0.00036939  -0.00000000    -0.00010254   0.00000000
 -0.00056916   0.00000000     0.00064536  -0.00000000    -0.00023250   0.00000000
  0.00040368  -0.00000000     0.00025473  -0.00000000     0.00021232  -0.00000000
   18    6
 -0.05843984  -0.00000000    -0.03489990  -0.00000000     0.04675265   0.00000000
 -0.03444392  -0.00000000    -0.13531405  -0.00000000     0.13106274   0.00000000
  0.04645519   0.00000000     0.13108033   0.00000000    -0.25636236  -0.00000000
   18    7
 -0.00000671   0.00000000    -0.00017685   0.00000000     0.00009843  -0.00000000
 -0.00017776   0.00000000    -0.00016922   0.00000000    -0.00006431   0.00000000
  0.00022411  -0.00000000     0.00000979  -0.00000000    -0.00002562   0.00000000
   18    8
 -0.00134429  -0.00000000     0.00044079   0.00000000     0.00054597   0.00000000
 -0.00060496  -0.00000000     0.00079929   0.00000000    -0.00038613  -0.00000000
  0.00076424   0.00000000    -0.00010341  -0.00000000    -0.00020434  -0.00000000
   18    9
 -0.00004345   0.00000000    -0.00015076   0.00000000    -0.00011130   0.00000000
  0.00056522  -0.00000000    -0.00012594   0.00000000    -0.00010388   0.00000000
  0.00006314  -0.00000000     0.00004873  -0.00000000    -0.00010967   0.00000000
   18   10
 -0.00650625  -0.00000000    -0.01945667  -0.00000000     0.02955488   0.00000000
 -0.00095880  -0.00000000    -0.00448738  -0.00000000     0.00600001   0.00000000
  0.00067116   0.00000000    -0.00075953  -0.00000000     0.00022628   0.00000000
   18   11
  0.00003999  -0.00000000    -0.00004851   0.00000000     0.00005327  -0.00000000
 -0.00018809   0.00000000    -0.00024931   0.00000000     0.00010103  -0.00000000
  0.00009787  -0.00000000    -0.00009251   0.00000000    -0.00006284   0.00000000
   18   12
 -0.00026200   0.00000000     0.00061282  -0.00000000    -0.00016712   0.00000000
 -0.00020099   0.00000000     0.00123265  -0.00000000     0.00006793  -0.00000000
  0.00007362  -0.00000000    -0.00043090   0.00000000    -0.00009588   0.00000000
   18   13
 -0.00022460   0.00000000     0.00030050  -0.00000000    -0.00012502   0.00000000
  0.00008787  -0.00000000    -0.00019494   0.00000000    -0.00025155   0.00000000
 -0.00023963   0.00000000     0.00007699  -0.00000000     0.00007691  -0.00000000
   18   14
  0.00399254  -0.00000000     0.01028969  -0.00000000    -0.01667949   0.00000000
 -0.00843216   0.00000000    -0.01607121   0.00000000     0.02488702  -0.00000000
 -0.00099945   0.00000000    -0.00032421   0.00000000    -0.00012470   0.00000000
   18   15
 -0.00000000   0.00000000     0.00014168  -0.00000000     0.00010989  -0.00000000
  0.00014168  -0.00000000     0.00000000  -0.00000000    -0.00010969   0.00000000
 -0.00010989   0.00000000    -0.00010969   0.00000000    -0.00000000   0.00000000
   18   16
  0.00000549   0.00000000     0.00035138   0.00000000    -0.00002138  -0.00000000
 -0.00035138  -0.00000000     0.00062151   0.00000000    -0.00019796  -0.00000000
  0.00002138   0.00000000    -0.00019796  -0.00000000     0.00006471   0.00000000
   18   17
 -0.00015867   0.00000000     0.00025002  -0.00000000    -0.00011701   0.00000000
  0.00025002  -0.00000000     0.00005809  -0.00000000    -0.00000737   0.00000000
  0.00011701  -0.00000000     0.00000737  -0.00000000    -0.00014268   0.00000000
   18   18
  0.06991348   0.00000000     0.04141495   0.00000000    -0.05339994   0.00000000
  0.04141495   0.00000000     0.15116162   0.00000000    -0.14695657   0.00000000
 -0.05339994   0.00000000    -0.14695657   0.00000000     0.28256078   0.00000000
   18   19
  0.00000319  -0.00000000     0.00054779  -0.00000000     0.00043299  -0.00000000
 -0.00053144   0.00000000     0.00064502  -0.00000000     0.00029754  -0.00000000
  0.00040013  -0.00000000    -0.00031446   0.00000000    -0.00016520   0.00000000
   18   20
 -0.00004956   0.00000000     0.00006441  -0.00000000     0.00020983  -0.00000000
 -0.00001056   0.00000000     0.00001125  -0.00000000    -0.00009282   0.00000000
  0.00022991  -0.00000000     0.00009328  -0.00000000    -0.00003658   0.00000000
   18   21
  0.00071188  -0.00000000     0.00580460  -0.00000000    -0.00623282   0.00000000
  0.00580415  -0.00000000     0.01342548  -0.00000000    -0.01637621   0.00000000
  0.00619340  -0.00000000     0.01641152  -0.00000000    -0.02334514   0.00000000
   18   22
  0.00005150  -0.00000000     0.00015169  -0.00000000    -0.00007423   0.00000000
  0.00017375  -0.00000000     0.00025032  -0.00000000    -0.00007614   0.00000000
 -0.00012049   0.00000000    -0.00014407   0.00000000     0.00034430  -0.00000000
   19    1
 -0.00280067  -0.00000000    -0.00010560  -0.00000000     0.00102185   0.00000000
 -0.00130778  -0.00000000    -0.00608086  -0.00000000    -0.00017113  -0.00000000
 -0.00140287  -0.00000000     0.00216334   0.00000000     0.00254781   0.00000000
   19    2
  0.00407121   0.00000000    -0.00262247  -0.00000000     0.00220493   0.00000000
 -0.00083885  -0.00000000     0.00196637   0.00000000    -0.00017209  -0.00000000
  0.00049152   0.00000000     0.00225894   0.00000000     0.00318509   0.00000000
   19    3
 -0.00032605  -0.00000000     0.00033004   0.00000000     0.00004669   0.00000000
 -0.00053266  -0.00000000    -0.00070261  -0.00000000    -0.00012569  -0.00000000
 -0.00018670  -0.00000000     0.00018177   0.00000000    -0.00007481  -0.00000000
   19    4
 -0.05839188  -0.00000000     0.03496856   0.00000000     0.04690886   0.00000000
  0.03439616   0.00000000    -0.13531915  -0.00000000    -0.13111288  -0.00000000
  0.04643114   0.00000000    -0.13096949  -0.00000000    -0.25657229  -0.00000000
   19    5
  0.00062754   0.00000000    -0.00022336  -0.00000000     0.00008307   0.00000000
 -0.00064394  -0.00000000     0.00057901   0.00000000     0.00059344   0.00000000
 -0.00061660  -0.00000000     0.00056186   0.00000000     0.00071623   0.00000000
   19    6
 -0.00071324  -0.00000000     0.00086479   0.00000000     0.00004690   0.00000000
  0.00017112   0.00000000    -0.00041523  -0.00000000    -0.00017132  -0.00000000
  0.00069003   0.00000000    -0.00039177  -0.00000000    -0.00082333  -0.00000000
   19    7
  0.00014787   0.00000000    -0.00019664  -0.00000000     0.00009759   0.00000000
  0.00056594   0.00000000     0.00013129   0.00000000    -0.00013663  -0.00000000
  0.00009332   0.00000000    -0.00000935  -0.00000000     0.00012271   0.00000000
   19    8
 -0.00654297  -0.00000000     0.01949436   0.00000000     0.02958536   0.00000000
  0.00094086   0.00000000    -0.00449729  -0.00000000    -0.00603822  -0.00000000
  0.00069221   0.00000000     0.00077897   0.00000000     0.00023918   0.00000000
   19    9
  0.00014933   0.00000000    -0.00014125  -0.00000000    -0.00012425  -0.00000000
 -0.00019790  -0.00000000     0.00014776   0.00000000     0.00000724   0.00000000
 -0.00018729  -0.00000000     0.00002406   0.00000000     0.00011649   0.00000000
   19   10
 -0.00138085  -0.00000000    -0.00042724  -0.00000000     0.00057160   0.00000000
  0.00061203   0.00000000     0.00080581   0.00000000     0.00034331   0.00000000
  0.00075324   0.00000000     0.00009592   0.00000000    -0.00015115  -0.00000000
   19   11
  0.00021031   0.00000000     0.00022448   0.00000000     0.00012860   0.00000000
  0.00008380   0.00000000     0.00020079   0.00000000    -0.00022103  -0.00000000
  0.00022509   0.00000000    -0.00007104  -0.00000000    -0.00007177  -0.00000000
   19   12
  0.00400820   0.00000000    -0.01023056  -0.00000000    -0.01665620  -0.00000000
  0.00845003   0.00000000    -0.01604853  -0.00000000    -0.02482167  -0.00000000
 -0.00102621  -0.00000000     0.00035009   0.00000000    -0.00012357  -0.00000000
   19   13
 -0.00011844  -0.00000000     0.00006617   0.00000000    -0.00006691  -0.00000000
 -0.00018704  -0.00000000     0.00019280   0.00000000     0.00006345   0.00000000
 -0.00017335  -0.00000000    -0.00007348  -0.00000000     0.00000596   0.00000000
   19   14
 -0.00025099  -0.00000000    -0.00064637  -0.00000000    -0.00014413  -0.00000000
  0.00019851   0.00000000     0.00124447   0.00000000    -0.00003099  -0.00000000
  0.00006739   0.00000000     0.00039924   0.00000000    -0.00009342  -0.00000000
   19   15
 -0.00005150  -0.00000000     0.00017375   0.00000000     0.00012049   0.00000000
  0.00015169   0.00000000    -0.00025032  -0.00000000    -0.00014407  -0.00000000
  0.00007423   0.00000000    -0.00007614  -0.00000000    -0.00034430  -0.00000000
   19   16
  0.00071188   0.00000000    -0.00580415  -0.00000000    -0.00619340  -0.00000000
 -0.00580460  -0.00000000     0.01342548   0.00000000     0.01641152   0.00000000
  0.00623282   0.00000000    -0.01637621  -0.00000000    -0.02334514  -0.00000000
   19   17
 -0.00004956  -0.00000000    -0.00001056  -0.00000000    -0.00022991  -0.00000000
  0.00006441   0.00000000     0.00001125   0.00000000    -0.00009328  -0.00000000
 -0.00020983  -0.00000000     0.00009282   0.00000000    -0.00003658  -0.00000000
   19   18
  0.00000319   0.00000000    -0.00053144  -0.00000000     0.00040013   0.00000000
  0.00054779   0.00000000     0.00064502   0.00000000    -0.00031446  -0.00000000
  0.00043299   0.00000000     0.00029754   0.00000000    -0.00016520  -0.00000000
   19   19
  0.06994692   0.00000000    -0.04141412   0.00000000    -0.05342772   0.00000000
 -0.04141412   0.00000000     0.15109966   0.00000000     0.14697518   0.00000000
 -0.05342772   0.00000000     0.14697518   0.00000000     0.28261007   0.00000000
   19   20
  0.00012985   0.00000000     0.00029590   0.00000000     0.00001895   0.00000000
  0.00029590   0.00000000    -0.00006206  -0.00000000    -0.00004973  -0.00000000
 -0.00001895  -0.00000000     0.00004973   0.00000000    -0.00013831  -0.00000000
   19   21
  0.00001230   0.00000000    -0.00030880  -0.00000000    -0.00002372  -0.00000000
  0.00030880   0.00000000     0.00062404   0.00000000     0.00021518   0.00000000
  0.00002372   0.00000000     0.00021518   0.00000000     0.00012250   0.00000000
   19   22
  0.00000000   0.00000000     0.00005707   0.00000000     0.00010444   0.00000000
  0.00005707   0.00000000     0.00000000   0.00000000    -0.00015624  -0.00000000
 -0.00010444  -0.00000000    -0.00015624  -0.00000000    -0.00000000  -0.00000000
   20    1
 -0.00280067  -0.00000000    -0.00010560  -0.00000000    -0.00102185  -0.00000000
 -0.00130778  -0.00000000    -0.00608086  -0.00000000     0.00017113   0.00000000
  0.00140287   0.00000000    -0.00216334  -0.00000000     0.00254781   0.00000000
   20    2
 -0.00407121  -0.00000000     0.00262247   0.00000000     0.00220493   0.00000000
  0.00083885   0.00000000    -0.00196637  -0.00000000    -0.00017209  -0.00000000
  0.00049152   0.00000000     0.00225894   0.00000000    -0.00318509  -0.00000000
   20    3
 -0.05839188  -0.00000000     0.03496856   0.00000000    -0.04690886  -0.00000000
  0.03439616   0.00000000    -0.13531915  -0.00000000     0.13111288   0.00000000
 -0.04643114  -0.00000000     0.13096949   0.00000000    -0.25657229  -0.00000000
   20    4
 -0.00032605  -0.00000000     0.00033004   0.00000000    -0.00004669  -0.00000000
 -0.00053266  -0.00000000    -0.00070261  -0.00000000     0.00012569   0.00000000
  0.00018670   0.00000000    -0.00018177  -0.00000000    -0.00007481  -0.00000000
   20    5
 -0.00071324  -0.00000000     0.00086479   0.00000000    -0.00004690  -0.00000000
  0.00017112   0.00000000    -0.00041523  -0.00000000     0.00017132   0.00000000
 -0.00069003  -0.00000000     0.00039177   0.00000000    -0.00082333  -0.00000000
   20    6
  0.00062754   0.00000000    -0.00022336  -0.00000000    -0.00008307  -0.00000000
 -0.00064394  -0.00000000     0.00057901   0.00000000    -0.00059344  -0.00000000
  0.00061660   0.00000000    -0.00056186  -0.00000000     0.00071623   0.00000000
   20    7
 -0.00654297  -0.00000000     0.01949436   0.00000000    -0.02958536  -0.00000000
  0.00094086   0.00000000    -0.00449729  -0.00000000     0.00603822   0.00000000
 -0.00069221  -0.00000000    -0.00077897  -0.00000000     0.00023918   0.00000000
   20    8
  0.00014787   0.00000000    -0.00019664  -0.00000000    -0.00009759  -0.00000000
  0.00056594   0.00000000     0.00013129   0.00000000     0.00013663   0.00000000
 -0.00009332  -0.00000000     0.00000935   0.00000000     0.00012271   0.00000000
   20    9
 -0.00138085  -0.00000000    -0.00042724  -0.00000000    -0.00057160  -0.00000000
  0.00061203   0.00000000     0.00080581   0.00000000    -0.00034331  -0.00000000
 -0.00075324  -0.00000000    -0.00009592  -0.00000000    -0.00015115  -0.00000000
   20   10
  0.00014933   0.00000000    -0.00014125  -0.00000000     0.00012425   0.00000000
 -0.00019790  -0.00000000     0.00014776   0.00000000    -0.00000724  -0.00000000
  0.00018729   0.00000000    -0.00002406  -0.00000000     0.00011649   0.00000000
   20   11
  0.00400820   0.00000000    -0.01023056  -0.00000000     0.01665620   0.00000000
  0.00845003   0.00000000    -0.01604853  -0.00000000     0.02482167   0.00000000
  0.00102621   0.00000000    -0.00035009  -0.00000000    -0.00012357  -0.00000000
   20   12
  0.00021031   0.00000000     0.00022448   0.00000000    -0.00012860  -0.00000000
  0.00008380   0.00000000     0.00020079   0.00000000     0.00022103   0.00000000
 -0.00022509  -0.00000000     0.00007104   0.00000000    -0.00007177  -0.00000000
   20   13
 -0.00025099  -0.00000000    -0.00064637  -0.00000000     0.00014413   0.00000000
  0.00019851   0.00000000     0.00124447   0.00000000     0.00003099   0.00000000
 -0.00006739  -0.00000000    -0.00039924  -0.00000000    -0.00009342  -0.00000000
   20   14
 -0.00011844  -0.00000000     0.00006617   0.00000000     0.00006691   0.00000000
 -0.00018704  -0.00000000     0.00019280   0.00000000    -0.00006345  -0.00000000
  0.00017335   0.00000000     0.00007348   0.00000000     0.00000596   0.00000000
   20   15
  0.00071188   0.00000000    -0.00580415  -0.00000000     0.00619340   0.00000000
 -0.00580460  -0.00000000     0.01342548   0.00000000    -0.01641152  -0.00000000
 -0.00623282  -0.00000000     0.01637621   0.00000000    -0.02334514  -0.00000000
   20   16
 -0.00005150  -0.00000000     0.00017375   0.00000000    -0.00012049  -0.00000000
  0.00015169   0.00000000    -0.00025032  -0.00000000     0.00014407   0.00000000
 -0.00007423  -0.00000000     0.00007614   0.00000000    -0.00034430  -0.00000000
   20   17
  0.00000319  -0.00000000    -0.00053144   0.00000000    -0.00040013   0.00000000
  0.00054779  -0.00000000     0.00064502  -0.00000000     0.00031446  -0.00000000
 -0.00043299   0.00000000    -0.00029754   0.00000000    -0.00016520   0.00000000
   20   18
 -0.00004956  -0.00000000    -0.00001056  -0.00000000     0.00022991   0.00000000
  0.00006441   0.00000000     0.00001125   0.00000000     0.00009328   0.00000000
  0.00020983   0.00000000    -0.00009282  -0.00000000    -0.00003658  -0.00000000
   20   19
  0.00012985  -0.00000000     0.00029590  -0.00000000    -0.00001895   0.00000000
  0.00029590  -0.00000000    -0.00006206   0.00000000     0.00004973  -0.00000000
  0.00001895  -0.00000000    -0.00004973   0.00000000    -0.00013831   0.00000000
   20   20
  0.06994692   0.00000000    -0.04141412   0.00000000     0.05342772   0.00000000
 -0.04141412   0.00000000     0.15109966   0.00000000    -0.14697518   0.00000000
  0.05342772   0.00000000    -0.14697518   0.00000000     0.28261007   0.00000000
   20   21
  0.00000000  -0.00000000     0.00005707   0.00000000    -0.00010444  -0.00000000
  0.00005707   0.00000000     0.00000000  -0.00000000     0.00015624   0.00000000
  0.00010444   0.00000000     0.00015624   0.00000000    -0.00000000   0.00000000
   20   22
  0.00001230   0.00000000    -0.00030880  -0.00000000     0.00002372   0.00000000
  0.00030880   0.00000000     0.00062404   0.00000000    -0.00021518  -0.00000000
 -0.00002372  -0.00000000    -0.00021518  -0.00000000     0.00012250   0.00000000
   21    1
 -0.00407121  -0.00000000    -0.00262247  -0.00000000     0.00220493   0.00000000
 -0.00083885  -0.00000000    -0.00196637  -0.00000000     0.00017209   0.00000000
  0.00049152   0.00000000    -0.00225894  -0.00000000    -0.00318509  -0.00000000
   21    2
  0.00280067   0.00000000    -0.00010560  -0.00000000     0.00102185   0.00000000
 -0.00130778  -0.00000000     0.00608086   0.00000000     0.00017113   0.00000000
 -0.00140287  -0.00000000    -0.00216334  -0.00000000    -0.00254781  -0.00000000
   21    3
 -0.00062754  -0.00000000    -0.00022336  -0.00000000     0.00008307   0.00000000
 -0.00064394  -0.00000000    -0.00057901  -0.00000000    -0.00059344  -0.00000000
 -0.00061660  -0.00000000    -0.00056186  -0.00000000    -0.00071623  -0.00000000
   21    4
 -0.00071324  -0.00000000    -0.00086479  -0.00000000    -0.00004690  -0.00000000
 -0.00017112  -0.00000000    -0.00041523  -0.00000000    -0.00017132  -0.00000000
 -0.00069003  -0.00000000    -0.00039177  -0.00000000    -0.00082333  -0.00000000
   21    5
  0.00032605   0.00000000     0.00033004   0.00000000     0.00004669   0.00000000
 -0.00053266  -0.00000000     0.00070261   0.00000000     0.00012569   0.00000000
 -0.00018670  -0.00000000    -0.00018177  -0.00000000     0.00007481   0.00000000
   21    6
 -0.05839188  -0.00000000    -0.03496856  -0.00000000    -0.04690886  -0.00000000
 -0.03439616  -0.00000000    -0.13531915  -0.00000000    -0.13111288  -0.00000000
 -0.04643114  -0.00000000    -0.13096949  -0.00000000    -0.25657229  -0.00000000
   21    7
 -0.00014933  -0.00000000    -0.00014125  -0.00000000    -0.00012425  -0.00000000
 -0.00019790  -0.00000000    -0.00014776  -0.00000000    -0.00000724  -0.00000000
 -0.00018729  -0.00000000    -0.00002406  -0.00000000    -0.00011649  -0.00000000
   21    8
 -0.00138085  -0.00000000     0.00042724   0.00000000    -0.00057160  -0.00000000
 -0.00061203  -0.00000000     0.00080581   0.00000000     0.00034331   0.00000000
 -0.00075324  -0.00000000     0.00009592   0.00000000    -0.00015115  -0.00000000
   21    9
 -0.00014787  -0.00000000    -0.00019664  -0.00000000     0.00009759   0.00000000
  0.00056594   0.00000000    -0.00013129  -0.00000000     0.00013663   0.00000000
  0.00009332   0.00000000     0.00000935   0.00000000    -0.00012271  -0.00000000
   21   10
 -0.00654297  -0.00000000    -0.01949436  -0.00000000    -0.02958536  -0.00000000
 -0.00094086  -0.00000000    -0.00449729  -0.00000000    -0.00603822  -0.00000000
 -0.00069221  -0.00000000     0.00077897   0.00000000     0.00023918   0.00000000
   21   11
  0.00011844   0.00000000     0.00006617   0.00000000    -0.00006691  -0.00000000
 -0.00018704  -0.00000000    -0.00019280  -0.00000000    -0.00006345  -0.00000000
 -0.00017335  -0.00000000     0.00007348   0.00000000    -0.00000596  -0.00000000
   21   12
 -0.00025099  -0.00000000     0.00064637   0.00000000     0.00014413   0.00000000
 -0.00019851  -0.00000000     0.00124447   0.00000000    -0.00003099  -0.00000000
 -0.00006739  -0.00000000     0.00039924   0.00000000    -0.00009342  -0.00000000
   21   13
 -0.00021031  -0.00000000     0.00022448   0.00000000     0.00012860   0.00000000
  0.00008380   0.00000000    -0.00020079  -0.00000000     0.00022103   0.00000000
  0.00022509   0.00000000     0.00007104   0.00000000     0.00007177   0.00000000
   21   14
  0.00400820   0.00000000     0.01023056   0.00000000     0.01665620   0.00000000
 -0.00845003  -0.00000000    -0.01604853  -0.00000000    -0.02482167  -0.00000000
  0.00102621   0.00000000     0.00035009   0.00000000    -0.00012357  -0.00000000
   21   15
  0.00004956   0.00000000    -0.00001056  -0.00000000    -0.00022991  -0.00000000
  0.00006441   0.00000000    -0.00001125  -0.00000000     0.00009328   0.00000000
 -0.00020983  -0.00000000    -0.00009282  -0.00000000     0.00003658   0.00000000
   21   16
  0.00000319   0.00000000     0.00053144   0.00000000    -0.00040013  -0.00000000
 -0.00054779  -0.00000000     0.00064502   0.00000000    -0.00031446  -0.00000000
 -0.00043299  -0.00000000     0.00029754   0.00000000    -0.00016520  -0.00000000
   21   17
  0.00005150  -0.00000000     0.00017375  -0.00000000     0.00012049  -0.00000000
  0.00015169  -0.00000000     0.00025032  -0.00000000     0.00014407  -0.00000000
  0.00007423  -0.00000000     0.00007614  -0.00000000     0.00034430  -0.00000000
   21   18
  0.00071188   0.00000000     0.00580415   0.00000000     0.00619340   0.00000000
  0.00580460   0.00000000     0.01342548   0.00000000     0.01641152   0.00000000
 -0.00623282  -0.00000000    -0.01637621  -0.00000000    -0.02334514  -0.00000000
   21   19
  0.00001230  -0.00000000     0.00030880  -0.00000000     0.00002372  -0.00000000
 -0.00030880   0.00000000     0.00062404  -0.00000000     0.00021518  -0.00000000
 -0.00002372   0.00000000     0.00021518  -0.00000000     0.00012250  -0.00000000
   21   20
 -0.00000000   0.00000000     0.00005707  -0.00000000     0.00010444  -0.00000000
  0.00005707  -0.00000000    -0.00000000   0.00000000     0.00015624  -0.00000000
 -0.00010444   0.00000000     0.00015624  -0.00000000     0.00000000  -0.00000000
   21   21
  0.06994692   0.00000000     0.04141412   0.00000000     0.05342772   0.00000000
  0.04141412   0.00000000     0.15109966   0.00000000     0.14697518   0.00000000
  0.05342772   0.00000000     0.14697518   0.00000000     0.28261007   0.00000000
   21   22
 -0.00012985  -0.00000000     0.00029590   0.00000000     0.00001895   0.00000000
  0.00029590   0.00000000     0.00006206   0.00000000     0.00004973   0.00000000
 -0.00001895  -0.00000000    -0.00004973  -0.00000000     0.00013831   0.00000000
   22    1
 -0.00407121   0.00000000    -0.00262247   0.00000000    -0.00220493   0.00000000
 -0.00083885   0.00000000    -0.00196637   0.00000000    -0.00017209   0.00000000
 -0.00049152   0.00000000     0.00225894  -0.00000000    -0.00318509   0.00000000
   22    2
 -0.00280067   0.00000000     0.00010560  -0.00000000     0.00102185  -0.00000000
  0.00130778  -0.00000000    -0.00608086   0.00000000     0.00017113  -0.00000000
 -0.00140287   0.00000000    -0.00216334   0.00000000     0.00254781  -0.00000000
   22    3
 -0.00071324  -0.00000000    -0.00086479  -0.00000000     0.00004690   0.00000000
 -0.00017112  -0.00000000    -0.00041523   0.00000000     0.00017132   0.00000000
  0.00069003   0.00000000     0.00039177   0.00000000    -0.00082333  -0.00000000
   22    4
 -0.00062754  -0.00000000    -0.00022336  -0.00000000    -0.00008307  -0.00000000
 -0.00064394  -0.00000000    -0.00057901  -0.00000000     0.00059344   0.00000000
  0.00061660   0.00000000     0.00056186   0.00000000    -0.00071623  -0.00000000
   22    5
 -0.05839188  -0.00000000    -0.03496856  -0.00000000     0.04690886   0.00000000
 -0.03439616  -0.00000000    -0.13531915  -0.00000000     0.13111288   0.00000000
  0.04643114   0.00000000     0.13096949   0.00000000    -0.25657229  -0.00000000
   22    6
  0.00032605   0.00000000     0.00033004   0.00000000    -0.00004669  -0.00000000
 -0.00053266  -0.00000000     0.00070261   0.00000000    -0.00012569  -0.00000000
  0.00018670   0.00000000     0.00018177   0.00000000     0.00007481   0.00000000
   22    7
 -0.00138085  -0.00000000     0.00042724   0.00000000     0.00057160   0.00000000
 -0.00061203  -0.00000000     0.00080581   0.00000000    -0.00034331  -0.00000000
  0.00075324   0.00000000    -0.00009592  -0.00000000    -0.00015115  -0.00000000
   22    8
 -0.00014933  -0.00000000    -0.00014125  -0.00000000     0.00012425   0.00000000
 -0.00019790  -0.00000000    -0.00014776  -0.00000000     0.00000724   0.00000000
  0.00018729   0.00000000     0.00002406   0.00000000    -0.00011649  -0.00000000
   22    9
 -0.00654297  -0.00000000    -0.01949436  -0.00000000     0.02958536   0.00000000
 -0.00094086  -0.00000000    -0.00449729  -0.00000000     0.00603822   0.00000000
  0.00069221   0.00000000    -0.00077897  -0.00000000     0.00023918   0.00000000
   22   10
 -0.00014787  -0.00000000    -0.00019664  -0.00000000    -0.00009759  -0.00000000
  0.00056594   0.00000000    -0.00013129  -0.00000000    -0.00013663  -0.00000000
 -0.00009332  -0.00000000    -0.00000935  -0.00000000    -0.00012271  -0.00000000
   22   11
 -0.00025099  -0.00000000     0.00064637   0.00000000    -0.00014413  -0.00000000
 -0.00019851  -0.00000000     0.00124447   0.00000000     0.00003099   0.00000000
  0.00006739   0.00000000    -0.00039924  -0.00000000    -0.00009342  -0.00000000
   22   12
  0.00011844   0.00000000     0.00006617   0.00000000     0.00006691   0.00000000
 -0.00018704  -0.00000000    -0.00019280  -0.00000000     0.00006345   0.00000000
  0.00017335   0.00000000    -0.00007348  -0.00000000    -0.00000596  -0.00000000
   22   13
  0.00400820   0.00000000     0.01023056   0.00000000    -0.01665620  -0.00000000
 -0.00845003  -0.00000000    -0.01604853  -0.00000000     0.02482167   0.00000000
 -0.00102621  -0.00000000    -0.00035009  -0.00000000    -0.00012357  -0.00000000
   22   14
 -0.00021031  -0.00000000     0.00022448   0.00000000    -0.00012860  -0.00000000
  0.00008380   0.00000000    -0.00020079  -0.00000000    -0.00022103  -0.00000000
 -0.00022509  -0.00000000    -0.00007104  -0.00000000     0.00007177   0.00000000
   22   15
  0.00000319   0.00000000     0.00053144   0.00000000     0.00040013   0.00000000
 -0.00054779  -0.00000000     0.00064502   0.00000000     0.00031446   0.00000000
  0.00043299   0.00000000    -0.00029754  -0.00000000    -0.00016520  -0.00000000
   22   16
  0.00004956   0.00000000    -0.00001056  -0.00000000     0.00022991   0.00000000
  0.00006441   0.00000000    -0.00001125  -0.00000000    -0.00009328  -0.00000000
  0.00020983   0.00000000     0.00009282   0.00000000     0.00003658   0.00000000
   22   17
  0.00071188  -0.00000000     0.00580415  -0.00000000    -0.00619340   0.00000000
  0.00580460  -0.00000000     0.01342548  -0.00000000    -0.01641152   0.00000000
  0.00623282  -0.00000000     0.01637621  -0.00000000    -0.02334514   0.00000000
   22   18
  0.00005150   0.00000000     0.00017375   0.00000000    -0.00012049  -0.00000000
  0.00015169   0.00000000     0.00025032   0.00000000    -0.00014407  -0.00000000
 -0.00007423  -0.00000000    -0.00007614  -0.00000000     0.00034430   0.00000000
   22   19
 -0.00000000  -0.00000000     0.00005707  -0.00000000    -0.00010444   0.00000000
  0.00005707  -0.00000000    -0.00000000  -0.00000000    -0.00015624   0.00000000
  0.00010444  -0.00000000    -0.00015624   0.00000000     0.00000000   0.00000000
   22   20
  0.00001230  -0.00000000     0.00030880  -0.00000000    -0.00002372   0.00000000
 -0.00030880   0.00000000     0.00062404  -0.00000000    -0.00021518   0.00000000
  0.00002372  -0.00000000    -0.00021518   0.00000000     0.00012250  -0.00000000
   22   21
 -0.00012985   0.00000000     0.00029590  -0.00000000    -0.00001895   0.00000000
  0.00029590  -0.00000000     0.00006206  -0.00000000    -0.00004973   0.00000000
  0.00001895  -0.00000000     0.00004973  -0.00000000     0.00013831  -0.00000000
   22   22
  0.06994692   0.00000000     0.04141412   0.00000000    -0.05342772   0.00000000
  0.04141412   0.00000000     0.15109966   0.00000000    -0.14697518   0.00000000
 -0.05342772   0.00000000    -0.14697518   0.00000000     0.28261007   0.00000000

     Diagonalizing the dynamical matrix

     q = (    0.000000000  -0.497514774   0.000000000 ) 

 **************************************************************************
     freq (    1) =       1.320118 [THz] =      44.034388 [cm-1]
 (  0.042423 -0.000000  0.005010 -0.000000  0.213447 -0.000000 ) 
 ( -0.027531  0.000000  0.003251 -0.000000  0.328902 -0.000000 ) 
 (  0.006171 -0.000000  0.000119 -0.000000  0.214921 -0.000000 ) 
 (  0.034824 -0.000000  0.010373 -0.000000  0.069936 -0.000000 ) 
 (  0.008774 -0.000000 -0.004495  0.000000  0.266514 -0.000000 ) 
 (  0.035378 -0.000000 -0.011304  0.000000 -0.172424  0.000000 ) 
 (  0.014902 -0.000000  0.034139 -0.000000  0.220239 -0.000000 ) 
 (  0.034470 -0.000000  0.007308 -0.000000  0.125328 -0.000000 ) 
 ( -0.000944  0.000000  0.034121 -0.000000  0.297041 -0.000000 ) 
 (  0.031096 -0.000000  0.007223 -0.000000 -0.235447  0.000000 ) 
 (  0.038218 -0.000000 -0.019965  0.000000  0.169462 -0.000000 ) 
 (  0.031716 -0.000000  0.012292 -0.000000  0.116126 -0.000000 ) 
 ( -0.027702  0.000000 -0.027342  0.000000  0.237339 -0.000000 ) 
 (  0.017683 -0.000000 -0.022363  0.000000 -0.202726  0.000000 ) 
 ( -0.023004  0.000000 -0.052755  0.000000  0.243380 -0.000000 ) 
 (  0.079596 -0.000000 -0.072735  0.000000 -0.001363  0.000000 ) 
 (  0.060685 -0.000000 -0.025325  0.000000  0.265878 -0.000000 ) 
 (  0.097412 -0.000000  0.056114 -0.000000 -0.107048  0.000000 ) 
 ( -0.005375  0.000000  0.096526 -0.000000 -0.001577  0.000000 ) 
 ( -0.002996  0.000000  0.036937 -0.000000  0.241695 -0.000000 ) 
 ( -0.004549  0.000000 -0.089217  0.000000 -0.106062  0.000000 ) 
 (  0.000883 -0.000000 -0.002604  0.000000  0.263938 -0.000000 ) 
     freq (    2) =       1.320118 [THz] =      44.034388 [cm-1]
 (  0.027531  0.000000  0.003251  0.000000 -0.328902  0.000000 ) 
 (  0.042423  0.000000 -0.005010  0.000000  0.213447  0.000000 ) 
 (  0.035378  0.000000  0.011304  0.000000 -0.172424  0.000000 ) 
 ( -0.008774  0.000000 -0.004495  0.000000 -0.266514  0.000000 ) 
 (  0.034824  0.000000 -0.010373  0.000000  0.069936  0.000000 ) 
 ( -0.006171  0.000000  0.000119  0.000000 -0.214921  0.000000 ) 
 (  0.031096  0.000000 -0.007223  0.000000 -0.235447  0.000000 ) 
 (  0.000944  0.000000  0.034121  0.000000 -0.297041  0.000000 ) 
 (  0.034470  0.000000 -0.007308  0.000000  0.125328  0.000000 ) 
 ( -0.014902  0.000000  0.034139  0.000000 -0.220239  0.000000 ) 
 (  0.017683  0.000000  0.022363  0.000000 -0.202726  0.000000 ) 
 (  0.027702  0.000000 -0.027342  0.000000 -0.237339  0.000000 ) 
 (  0.031716  0.000000 -0.012292  0.000000  0.116126  0.000000 ) 
 ( -0.038218  0.000000 -0.019965  0.000000 -0.169462  0.000000 ) 
 (  0.097412  0.000000 -0.056114  0.000000 -0.107048  0.000000 ) 
 ( -0.060685  0.000000 -0.025325  0.000000 -0.265878  0.000000 ) 
 (  0.079596  0.000000  0.072735  0.000000 -0.001363  0.000000 ) 
 (  0.023004  0.000000 -0.052755  0.000000 -0.243380  0.000000 ) 
 ( -0.000883  0.000000 -0.002604  0.000000 -0.263938  0.000000 ) 
 ( -0.004549  0.000000  0.089217  0.000000 -0.106062  0.000000 ) 
 (  0.002996  0.000000  0.036937  0.000000 -0.241695  0.000000 ) 
 ( -0.005375  0.000000 -0.096526  0.000000 -0.001577  0.000000 ) 
     freq (    3) =       1.366188 [THz] =      45.571140 [cm-1]
 ( -0.229905  0.000000 -0.131572  0.000000 -0.007740  0.000000 ) 
 ( -0.052178  0.000000  0.029861  0.000000  0.034106 -0.000000 ) 
 ( -0.166460  0.000000 -0.127287  0.000000 -0.003634  0.000000 ) 
 ( -0.088437  0.000000 -0.102005  0.000000 -0.006575  0.000000 ) 
 ( -0.200817  0.000000  0.081717 -0.000000  0.022157 -0.000000 ) 
 ( -0.142966  0.000000  0.029678  0.000000 -0.022824  0.000000 ) 
 ( -0.178200  0.000000 -0.164995  0.000000 -0.003367  0.000000 ) 
 ( -0.121112  0.000000 -0.226395  0.000000 -0.009256  0.000000 ) 
 ( -0.159735  0.000000 -0.090854  0.000000  0.027140 -0.000000 ) 
 ( -0.091804  0.000000 -0.179682  0.000000 -0.028476  0.000000 ) 
 ( -0.203038  0.000000 -0.103377  0.000000 -0.006417  0.000000 ) 
 ( -0.203266  0.000000 -0.029083  0.000000 -0.000998  0.000000 ) 
 ( -0.045606  0.000000  0.178706 -0.000000  0.016949 -0.000000 ) 
 (  0.046608  0.000000  0.148643  0.000000 -0.015719  0.000000 ) 
 ( -0.146137  0.000000 -0.125556  0.000000  0.000123  0.000000 ) 
 ( -0.022763  0.000000 -0.080486  0.000000 -0.008092  0.000000 ) 
 ( -0.290968  0.000000  0.122675 -0.000000  0.016624  0.000000 ) 
 ( -0.252635  0.000000  0.075913  0.000000 -0.018488  0.000000 ) 
 ( -0.017465  0.000000 -0.070644  0.000000 -0.010695  0.000000 ) 
 ( -0.145948  0.000000 -0.117728  0.000000 -0.001577  0.000000 ) 
 ( -0.264514  0.000000  0.082354  0.000000 -0.028070  0.000000 ) 
 ( -0.301602  0.000000  0.125107 -0.000000  0.026001 -0.000000 ) 
     freq (    4) =       1.366188 [THz] =      45.571140 [cm-1]
 ( -0.052178  0.000000 -0.029861  0.000000  0.034106 -0.000000 ) 
 (  0.229905 -0.000000 -0.131572  0.000000  0.007740  0.000000 ) 
 (  0.142966  0.000000  0.029678  0.000000  0.022824 -0.000000 ) 
 ( -0.200817  0.000000 -0.081717  0.000000  0.022157 -0.000000 ) 
 (  0.088437  0.000000 -0.102005  0.000000  0.006575  0.000000 ) 
 ( -0.166460  0.000000  0.127287 -0.000000 -0.003634  0.000000 ) 
 (  0.091804  0.000000 -0.179682  0.000000  0.028476 -0.000000 ) 
 ( -0.159735  0.000000  0.090854  0.000000  0.027140 -0.000000 ) 
 (  0.121112  0.000000 -0.226395  0.000000  0.009256  0.000000 ) 
 ( -0.178200  0.000000  0.164995  0.000000 -0.003367  0.000000 ) 
 ( -0.046608  0.000000  0.148643  0.000000  0.015719 -0.000000 ) 
 ( -0.045606  0.000000 -0.178706  0.000000  0.016949 -0.000000 ) 
 (  0.203266 -0.000000 -0.029083  0.000000  0.000998  0.000000 ) 
 ( -0.203038  0.000000  0.103377 -0.000000 -0.006417  0.000000 ) 
 (  0.252635  0.000000  0.075913  0.000000  0.018488 -0.000000 ) 
 ( -0.290968  0.000000 -0.122675  0.000000  0.016624  0.000000 ) 
 (  0.022763  0.000000 -0.080486  0.000000  0.008092 -0.000000 ) 
 ( -0.146137  0.000000  0.125556 -0.000000  0.000123  0.000000 ) 
 ( -0.301602  0.000000 -0.125107  0.000000  0.026001 -0.000000 ) 
 (  0.264514  0.000000  0.082354  0.000000  0.028070 -0.000000 ) 
 ( -0.145948  0.000000  0.117728 -0.000000 -0.001577  0.000000 ) 
 (  0.017465  0.000000 -0.070644  0.000000  0.010695  0.000000 ) 
     freq (    5) =       1.702184 [THz] =      56.778731 [cm-1]
 (  0.017927 -0.000000 -0.027088  0.000000  0.018659  0.000000 ) 
 (  0.196619  0.000000  0.297091  0.000000 -0.001701  0.000000 ) 
 ( -0.020540  0.000000 -0.051724  0.000000  0.007946  0.000000 ) 
 (  0.022465 -0.000000  0.001750  0.000000  0.008533 -0.000000 ) 
 (  0.008599  0.000000  0.276488 -0.000000  0.002471  0.000000 ) 
 ( -0.012520  0.000000 -0.271612  0.000000  0.003973 -0.000000 ) 
 ( -0.026956  0.000000 -0.071868  0.000000  0.004232 -0.000000 ) 
 (  0.034664 -0.000000  0.044362  0.000000  0.003979  0.000000 ) 
 (  0.039465  0.000000  0.156141 -0.000000 -0.001764  0.000000 ) 
 ( -0.045083  0.000000 -0.145544  0.000000 -0.001015  0.000000 ) 
 ( -0.053038  0.000000 -0.030445  0.000000  0.022881  0.000000 ) 
 (  0.075388 -0.000000 -0.031510  0.000000  0.023880 -0.000000 ) 
 (  0.116710  0.000000  0.339707  0.000000  0.003342  0.000000 ) 
 ( -0.128419  0.000000 -0.339804  0.000000  0.007605 -0.000000 ) 
 (  0.008395  0.000000 -0.030061  0.000000  0.002813 -0.000000 ) 
 ( -0.019188  0.000000 -0.025127  0.000000  0.002628  0.000000 ) 
 ( -0.057932  0.000000  0.302870  0.000000 -0.001264  0.000000 ) 
 (  0.060446 -0.000000 -0.302420  0.000000 -0.000767  0.000000 ) 
 ( -0.007408  0.000000  0.000376  0.000000  0.000507 -0.000000 ) 
 ( -0.001816  0.000000 -0.055967  0.000000 -0.001591  0.000000 ) 
 (  0.050840  0.000000 -0.302285  0.000000  0.011455  0.000000 ) 
 ( -0.050330  0.000000  0.307422 -0.000000  0.011554  0.000000 ) 
     freq (    6) =       1.702184 [THz] =      56.778731 [cm-1]
 ( -0.196619  0.000000  0.297091  0.000000  0.001701 -0.000000 ) 
 (  0.017927 -0.000000  0.027088 -0.000000  0.018659  0.000000 ) 
 ( -0.012520  0.000000  0.271612  0.000000  0.003973 -0.000000 ) 
 ( -0.008599  0.000000  0.276488 -0.000000 -0.002471  0.000000 ) 
 (  0.022465 -0.000000 -0.001750  0.000000  0.008533 -0.000000 ) 
 (  0.020540  0.000000 -0.051724  0.000000 -0.007946  0.000000 ) 
 ( -0.045083  0.000000  0.145544  0.000000 -0.001015  0.000000 ) 
 ( -0.039465  0.000000  0.156141 -0.000000  0.001764 -0.000000 ) 
 (  0.034664 -0.000000 -0.044362  0.000000  0.003979  0.000000 ) 
 (  0.026956  0.000000 -0.071868  0.000000 -0.004232  0.000000 ) 
 ( -0.128419  0.000000  0.339804  0.000000  0.007605 -0.000000 ) 
 ( -0.116710  0.000000  0.339707  0.000000 -0.003342  0.000000 ) 
 (  0.075388 -0.000000  0.031510 -0.000000  0.023880 -0.000000 ) 
 (  0.053038  0.000000 -0.030445  0.000000 -0.022881  0.000000 ) 
 (  0.060446 -0.000000  0.302420  0.000000 -0.000767  0.000000 ) 
 (  0.057932  0.000000  0.302870  0.000000  0.001264 -0.000000 ) 
 ( -0.019188  0.000000  0.025127 -0.000000  0.002628  0.000000 ) 
 ( -0.008395  0.000000 -0.030061  0.000000 -0.002813  0.000000 ) 
 (  0.050330  0.000000  0.307422 -0.000000 -0.011554  0.000000 ) 
 (  0.050840  0.000000  0.302285  0.000000  0.011455  0.000000 ) 
 (  0.001816 -0.000000 -0.055967  0.000000  0.001591 -0.000000 ) 
 ( -0.007408  0.000000 -0.000376  0.000000  0.000507 -0.000000 ) 
     freq (    7) =       4.359117 [THz] =     145.404480 [cm-1]
 (  0.003391  0.000000  0.003973  0.000000 -0.000332  0.000000 ) 
 ( -0.043776  0.000000  0.051288  0.000000 -0.000026  0.000000 ) 
 (  0.212433  0.000000  0.138661  0.000000  0.003685  0.000000 ) 
 ( -0.238427  0.000000 -0.152535  0.000000  0.003837  0.000000 ) 
 (  0.150307  0.000000 -0.078265  0.000000 -0.000689  0.000000 ) 
 ( -0.185235  0.000000  0.100824  0.000000 -0.001272  0.000000 ) 
 (  0.204913  0.000000  0.095065  0.000000  0.000043  0.000000 ) 
 ( -0.229466  0.000000 -0.102087  0.000000  0.000215  0.000000 ) 
 (  0.141646  0.000000 -0.037683  0.000000 -0.001102  0.000000 ) 
 ( -0.175297  0.000000  0.052956  0.000000 -0.001122  0.000000 ) 
 (  0.192774  0.000000  0.143830  0.000000  0.004398  0.000000 ) 
 ( -0.214624  0.000000 -0.158802  0.000000  0.004377  0.000000 ) 
 (  0.125242  0.000000 -0.084907  0.000000  0.000472  0.000000 ) 
 ( -0.156802  0.000000  0.108352  0.000000 -0.000208  0.000000 ) 
 (  0.210802  0.000000  0.134569  0.000000  0.004870  0.000000 ) 
 ( -0.236336  0.000000 -0.148145  0.000000  0.005143  0.000000 ) 
 (  0.147480  0.000000 -0.076672  0.000000 -0.001375  0.000000 ) 
 ( -0.182120  0.000000  0.098574  0.000000 -0.002150  0.000000 ) 
 ( -0.231821  0.000000 -0.150216  0.000000  0.004931  0.000000 ) 
 (  0.206107  0.000000  0.136377  0.000000  0.004811  0.000000 ) 
 ( -0.182927  0.000000  0.100423  0.000000 -0.001154  0.000000 ) 
 (  0.149000  0.000000 -0.078221  0.000000 -0.000399  0.000000 ) 
     freq (    8) =       4.359117 [THz] =     145.404480 [cm-1]
 ( -0.043776  0.000000 -0.051288  0.000000 -0.000026  0.000000 ) 
 ( -0.003391  0.000000  0.003973  0.000000  0.000332  0.000000 ) 
 (  0.185235  0.000000  0.100824  0.000000  0.001272  0.000000 ) 
 (  0.150307  0.000000  0.078265  0.000000 -0.000689  0.000000 ) 
 (  0.238427  0.000000 -0.152535  0.000000 -0.003837  0.000000 ) 
 (  0.212433  0.000000 -0.138661  0.000000  0.003685  0.000000 ) 
 (  0.175297  0.000000  0.052956  0.000000  0.001122  0.000000 ) 
 (  0.141646  0.000000  0.037683  0.000000 -0.001102  0.000000 ) 
 (  0.229466  0.000000 -0.102087  0.000000 -0.000215  0.000000 ) 
 (  0.204913  0.000000 -0.095065  0.000000  0.000043  0.000000 ) 
 (  0.156802  0.000000  0.108352  0.000000  0.000208  0.000000 ) 
 (  0.125242  0.000000  0.084907  0.000000  0.000472  0.000000 ) 
 (  0.214624  0.000000 -0.158802  0.000000 -0.004377  0.000000 ) 
 (  0.192774  0.000000 -0.143830  0.000000  0.004398  0.000000 ) 
 (  0.182120  0.000000  0.098574  0.000000  0.002150  0.000000 ) 
 (  0.147480  0.000000  0.076672  0.000000 -0.001375  0.000000 ) 
 (  0.236336  0.000000 -0.148145  0.000000 -0.005143  0.000000 ) 
 (  0.210802  0.000000 -0.134569  0.000000  0.004870  0.000000 ) 
 (  0.149000  0.000000  0.078221  0.000000 -0.000399  0.000000 ) 
 (  0.182927  0.000000  0.100423  0.000000  0.001154  0.000000 ) 
 (  0.206107  0.000000 -0.136377  0.000000  0.004811  0.000000 ) 
 (  0.231821  0.000000 -0.150216  0.000000 -0.004931  0.000000 ) 
     freq (    9) =       5.719251 [THz] =     190.773671 [cm-1]
 ( -0.001193  0.000000 -0.000167  0.000000 -0.012094  0.000000 ) 
 (  0.000345 -0.000000 -0.000048  0.000000 -0.041854  0.000000 ) 
 (  0.017366 -0.000000  0.005931 -0.000000  0.225077 -0.000000 ) 
 (  0.014456 -0.000000  0.001241  0.000000 -0.086745  0.000000 ) 
 ( -0.009633  0.000000  0.009150 -0.000000  0.284418 -0.000000 ) 
 ( -0.000438  0.000000  0.007078 -0.000000 -0.194316  0.000000 ) 
 (  0.015500 -0.000000 -0.000833  0.000000  0.185458 -0.000000 ) 
 (  0.014765 -0.000000  0.003733 -0.000000 -0.087295  0.000000 ) 
 ( -0.005644  0.000000 -0.007482  0.000000  0.209266 -0.000000 ) 
 (  0.003101 -0.000000 -0.008320  0.000000 -0.130453  0.000000 ) 
 (  0.012686 -0.000000  0.008007 -0.000000  0.114118 -0.000000 ) 
 (  0.017819 -0.000000 -0.001639  0.000000 -0.018396  0.000000 ) 
 (  0.004475 -0.000000  0.017611 -0.000000  0.184781 -0.000000 ) 
 (  0.013290 -0.000000  0.015771 -0.000000 -0.146490  0.000000 ) 
 (  0.006061 -0.000000 -0.103299  0.000000  0.293359 -0.000000 ) 
 ( -0.011967  0.000000 -0.059099  0.000000 -0.119733  0.000000 ) 
 ( -0.030341  0.000000 -0.099946  0.000000  0.360121 -0.000000 ) 
 ( -0.032048  0.000000 -0.053020  0.000000 -0.240756  0.000000 ) 
 (  0.033867 -0.000000  0.058813 -0.000000 -0.119257  0.000000 ) 
 (  0.031742 -0.000000  0.116861 -0.000000  0.293275 -0.000000 ) 
 (  0.013157 -0.000000  0.075064 -0.000000 -0.241514  0.000000 ) 
 ( -0.005801  0.000000  0.125826 -0.000000  0.360717 -0.000000 ) 
     freq (   10) =       5.719251 [THz] =     190.773671 [cm-1]
 ( -0.000345  0.000000 -0.000048  0.000000  0.041854  0.000000 ) 
 ( -0.001193  0.000000  0.000167  0.000000 -0.012094  0.000000 ) 
 ( -0.000438  0.000000 -0.007078  0.000000 -0.194316  0.000000 ) 
 (  0.009633  0.000000  0.009150  0.000000 -0.284418  0.000000 ) 
 (  0.014456  0.000000 -0.001241  0.000000 -0.086745  0.000000 ) 
 ( -0.017366  0.000000  0.005931  0.000000 -0.225077  0.000000 ) 
 (  0.003101  0.000000  0.008320  0.000000 -0.130453  0.000000 ) 
 (  0.005644  0.000000 -0.007482  0.000000 -0.209266  0.000000 ) 
 (  0.014765  0.000000 -0.003733  0.000000 -0.087295  0.000000 ) 
 ( -0.015500  0.000000 -0.000833  0.000000 -0.185458  0.000000 ) 
 (  0.013290  0.000000 -0.015771  0.000000 -0.146490  0.000000 ) 
 ( -0.004475  0.000000  0.017611  0.000000 -0.184781  0.000000 ) 
 (  0.017819  0.000000  0.001639  0.000000 -0.018396  0.000000 ) 
 ( -0.012686  0.000000  0.008007  0.000000 -0.114118  0.000000 ) 
 ( -0.032048  0.000000  0.053020  0.000000 -0.240756  0.000000 ) 
 (  0.030341  0.000000 -0.099946  0.000000 -0.360121  0.000000 ) 
 ( -0.011967  0.000000  0.059099  0.000000 -0.119733  0.000000 ) 
 ( -0.006061  0.000000 -0.103299  0.000000 -0.293359  0.000000 ) 
 (  0.005801  0.000000  0.125826  0.000000 -0.360717  0.000000 ) 
 (  0.013157  0.000000 -0.075064  0.000000 -0.241514  0.000000 ) 
 ( -0.031742  0.000000  0.116861  0.000000 -0.293275  0.000000 ) 
 (  0.033867  0.000000 -0.058813  0.000000 -0.119257  0.000000 ) 
     freq (   11) =       5.892887 [THz] =     196.565561 [cm-1]
 ( -0.000027  0.000000  0.000182  0.000000  0.002505  0.000000 ) 
 ( -0.000887  0.000000 -0.005947  0.000000 -0.000077  0.000000 ) 
 (  0.052888  0.000000  0.167907  0.000000 -0.018631  0.000000 ) 
 ( -0.064977  0.000000 -0.171289  0.000000 -0.018725  0.000000 ) 
 ( -0.195574  0.000000  0.050033  0.000000 -0.000975  0.000000 ) 
 (  0.199183  0.000000 -0.060420  0.000000 -0.002119  0.000000 ) 
 ( -0.000702  0.000000 -0.071400  0.000000 -0.017929  0.000000 ) 
 ( -0.010755  0.000000  0.069798  0.000000 -0.018420  0.000000 ) 
 ( -0.186926  0.000000  0.028324  0.000000 -0.007462  0.000000 ) 
 (  0.187234  0.000000 -0.024001  0.000000 -0.008575  0.000000 ) 
 ( -0.146751  0.000000  0.287030  0.000000  0.000316  0.000000 ) 
 (  0.135371  0.000000 -0.290412  0.000000  0.000620  0.000000 ) 
 ( -0.190130  0.000000  0.046390  0.000000  0.004953  0.000000 ) 
 (  0.181491  0.000000 -0.064073  0.000000  0.004981  0.000000 ) 
 (  0.184321  0.000000  0.234980  0.000000 -0.028711  0.000000 ) 
 ( -0.196233  0.000000 -0.238223  0.000000 -0.028764  0.000000 ) 
 ( -0.188678  0.000000  0.045702  0.000000  0.000025  0.000000 ) 
 (  0.200332  0.000000 -0.060193  0.000000 -0.001735  0.000000 ) 
 ( -0.184675  0.000000 -0.204847  0.000000 -0.027629  0.000000 ) 
 (  0.173573  0.000000  0.201951  0.000000 -0.027470  0.000000 ) 
 (  0.186763  0.000000 -0.053519  0.000000 -0.003447  0.000000 ) 
 ( -0.175792  0.000000  0.041062  0.000000 -0.001759  0.000000 ) 
     freq (   12) =       5.892887 [THz] =     196.565561 [cm-1]
 (  0.000887  0.000000 -0.005947  0.000000  0.000077  0.000000 ) 
 ( -0.000027  0.000000 -0.000182  0.000000  0.002505  0.000000 ) 
 (  0.199183  0.000000  0.060420  0.000000 -0.002119  0.000000 ) 
 (  0.195574  0.000000  0.050033  0.000000  0.000975  0.000000 ) 
 ( -0.064977  0.000000  0.171289  0.000000 -0.018725  0.000000 ) 
 ( -0.052888  0.000000  0.167907  0.000000  0.018631  0.000000 ) 
 (  0.187234  0.000000  0.024001  0.000000 -0.008575  0.000000 ) 
 (  0.186926  0.000000  0.028324  0.000000  0.007462  0.000000 ) 
 ( -0.010755  0.000000 -0.069798  0.000000 -0.018420  0.000000 ) 
 (  0.000702  0.000000 -0.071400  0.000000  0.017929  0.000000 ) 
 (  0.181491  0.000000  0.064073  0.000000  0.004981  0.000000 ) 
 (  0.190130  0.000000  0.046390  0.000000 -0.004953  0.000000 ) 
 (  0.135371  0.000000  0.290412  0.000000  0.000620  0.000000 ) 
 (  0.146751  0.000000  0.287030  0.000000 -0.000316  0.000000 ) 
 (  0.200332  0.000000  0.060193  0.000000 -0.001735  0.000000 ) 
 (  0.188678  0.000000  0.045702  0.000000 -0.000025  0.000000 ) 
 ( -0.196233  0.000000  0.238223  0.000000 -0.028764  0.000000 ) 
 ( -0.184321  0.000000  0.234980  0.000000  0.028711  0.000000 ) 
 (  0.175792  0.000000  0.041062  0.000000  0.001759  0.000000 ) 
 (  0.186763  0.000000  0.053519  0.000000 -0.003447  0.000000 ) 
 ( -0.173573  0.000000  0.201951  0.000000  0.027470  0.000000 ) 
 ( -0.184675  0.000000  0.204847  0.000000 -0.027629  0.000000 ) 
     freq (   13) =       6.459630 [THz] =     215.470061 [cm-1]
 (  0.007792 -0.000000 -0.013810  0.000000 -0.001872  0.000000 ) 
 (  0.017063 -0.000000  0.030240 -0.000000  0.000855 -0.000000 ) 
 ( -0.128284  0.000000  0.149238 -0.000000  0.072830 -0.000000 ) 
 (  0.093800 -0.000000  0.027542  0.000000  0.011360 -0.000000 ) 
 ( -0.088466  0.000000 -0.221334  0.000000 -0.086524  0.000000 ) 
 ( -0.012957  0.000000  0.165757 -0.000000 -0.048076  0.000000 ) 
 ( -0.147715  0.000000  0.050866 -0.000000  0.030824 -0.000000 ) 
 (  0.073211 -0.000000 -0.053364  0.000000  0.004395 -0.000000 ) 
 ( -0.132017  0.000000 -0.021065  0.000000 -0.036977  0.000000 ) 
 (  0.031122 -0.000000 -0.026535  0.000000 -0.020893  0.000000 ) 
 ( -0.227554  0.000000  0.213264 -0.000000  0.057240 -0.000000 ) 
 (  0.038673 -0.000000  0.053717 -0.000000  0.004588 -0.000000 ) 
 ( -0.267587  0.000000 -0.328733  0.000000 -0.071764  0.000000 ) 
 (  0.146004 -0.000000  0.255870 -0.000000 -0.043528  0.000000 ) 
 ( -0.036377  0.000000  0.147240 -0.000000  0.096255 -0.000000 ) 
 (  0.124580 -0.000000  0.047436 -0.000000  0.017467 -0.000000 ) 
 (  0.059815 -0.000000 -0.235929  0.000000 -0.112229  0.000000 ) 
 ( -0.133322  0.000000  0.190350 -0.000000 -0.060293  0.000000 ) 
 (  0.128373 -0.000000  0.032540  0.000000  0.016436 -0.000000 ) 
 ( -0.078888  0.000000  0.203144 -0.000000  0.095675 -0.000000 ) 
 ( -0.101506  0.000000  0.219080 -0.000000 -0.061155  0.000000 ) 
 (  0.006852 -0.000000 -0.296993  0.000000 -0.112355  0.000000 ) 
     freq (   14) =       6.459630 [THz] =     215.470061 [cm-1]
 (  0.017063  0.000000 -0.030240  0.000000  0.000855  0.000000 ) 
 ( -0.007792  0.000000 -0.013810  0.000000  0.001872  0.000000 ) 
 (  0.012957  0.000000  0.165757  0.000000  0.048076  0.000000 ) 
 ( -0.088466  0.000000  0.221334  0.000000 -0.086524  0.000000 ) 
 ( -0.093800  0.000000  0.027542  0.000000 -0.011360  0.000000 ) 
 ( -0.128284  0.000000 -0.149238  0.000000  0.072830  0.000000 ) 
 ( -0.031122  0.000000 -0.026535  0.000000  0.020893  0.000000 ) 
 ( -0.132017  0.000000  0.021065  0.000000 -0.036977  0.000000 ) 
 ( -0.073211  0.000000 -0.053364  0.000000 -0.004395  0.000000 ) 
 ( -0.147715  0.000000 -0.050866  0.000000  0.030824  0.000000 ) 
 ( -0.146004  0.000000  0.255870  0.000000  0.043528  0.000000 ) 
 ( -0.267587  0.000000  0.328733  0.000000 -0.071764  0.000000 ) 
 ( -0.038673  0.000000  0.053717  0.000000 -0.004588  0.000000 ) 
 ( -0.227554  0.000000 -0.213264  0.000000  0.057240  0.000000 ) 
 (  0.133322  0.000000  0.190350  0.000000  0.060293  0.000000 ) 
 (  0.059815  0.000000  0.235929  0.000000 -0.112229  0.000000 ) 
 ( -0.124580  0.000000  0.047436  0.000000 -0.017467  0.000000 ) 
 ( -0.036377  0.000000 -0.147240  0.000000  0.096255  0.000000 ) 
 (  0.006852  0.000000  0.296993  0.000000 -0.112355  0.000000 ) 
 (  0.101506  0.000000  0.219080  0.000000  0.061155  0.000000 ) 
 ( -0.078888  0.000000 -0.203144  0.000000  0.095675  0.000000 ) 
 ( -0.128373  0.000000  0.032540  0.000000 -0.016436  0.000000 ) 
     freq (   15) =       6.609450 [THz] =     220.467523 [cm-1]
 (  0.006863 -0.000000 -0.010675  0.000000 -0.002271  0.000000 ) 
 ( -0.001940  0.000000 -0.003017  0.000000 -0.008034  0.000000 ) 
 ( -0.004618  0.000000  0.069404 -0.000000 -0.189349  0.000000 ) 
 ( -0.020573  0.000000  0.075068 -0.000000  0.271955  0.000000 ) 
 ( -0.024663  0.000000  0.010398  0.000000  0.080929 -0.000000 ) 
 ( -0.031783  0.000000 -0.030438  0.000000 -0.211320  0.000000 ) 
 ( -0.021771  0.000000 -0.008301  0.000000 -0.091133  0.000000 ) 
 ( -0.034839  0.000000  0.009528  0.000000  0.118153 -0.000000 ) 
 ( -0.015117  0.000000 -0.031366  0.000000  0.018219 -0.000000 ) 
 ( -0.031118  0.000000 -0.031712  0.000000 -0.077375  0.000000 ) 
 ( -0.069605  0.000000  0.106682 -0.000000 -0.145938  0.000000 ) 
 ( -0.077528  0.000000  0.108400 -0.000000  0.230785  0.000000 ) 
 (  0.006779  0.000000  0.027359  0.000000  0.096847 -0.000000 ) 
 ( -0.034809  0.000000 -0.033436  0.000000 -0.203330  0.000000 ) 
 ( -0.010196  0.000000  0.159898 -0.000000 -0.247772  0.000000 ) 
 ( -0.065121  0.000000  0.178430 -0.000000  0.348094 -0.000000 ) 
 ( -0.086515  0.000000  0.015034  0.000000  0.093250 -0.000000 ) 
 ( -0.107804  0.000000 -0.080597  0.000000 -0.261676  0.000000 ) 
 (  0.100351 -0.000000 -0.001002  0.000000  0.348503 -0.000000 ) 
 (  0.087453 -0.000000  0.010725  0.000000 -0.247536  0.000000 ) 
 (  0.049358  0.000000  0.019370 -0.000000 -0.262842  0.000000 ) 
 ( -0.003726  0.000000  0.022118 -0.000000  0.094367 -0.000000 ) 
     freq (   16) =       6.609450 [THz] =     220.467523 [cm-1]
 ( -0.001940  0.000000  0.003017  0.000000 -0.008034  0.000000 ) 
 ( -0.006863  0.000000 -0.010675  0.000000  0.002271  0.000000 ) 
 (  0.031783  0.000000 -0.030438  0.000000  0.211320  0.000000 ) 
 ( -0.024663  0.000000 -0.010398  0.000000  0.080929  0.000000 ) 
 (  0.020573  0.000000  0.075068  0.000000 -0.271955  0.000000 ) 
 ( -0.004618  0.000000 -0.069404  0.000000 -0.189349  0.000000 ) 
 (  0.031118  0.000000 -0.031712  0.000000  0.077375  0.000000 ) 
 ( -0.015117  0.000000  0.031366  0.000000  0.018219  0.000000 ) 
 (  0.034839  0.000000  0.009528  0.000000 -0.118153  0.000000 ) 
 ( -0.021771  0.000000  0.008301  0.000000 -0.091133  0.000000 ) 
 (  0.034809  0.000000 -0.033436  0.000000  0.203330  0.000000 ) 
 (  0.006779  0.000000 -0.027359  0.000000  0.096847  0.000000 ) 
 (  0.077528  0.000000  0.108400  0.000000 -0.230785  0.000000 ) 
 ( -0.069605  0.000000 -0.106682  0.000000 -0.145938  0.000000 ) 
 (  0.107804  0.000000 -0.080597  0.000000  0.261676  0.000000 ) 
 ( -0.086515  0.000000 -0.015034  0.000000  0.093250  0.000000 ) 
 (  0.065121  0.000000  0.178430  0.000000 -0.348094  0.000000 ) 
 ( -0.010196  0.000000 -0.159898  0.000000 -0.247772  0.000000 ) 
 ( -0.003726  0.000000 -0.022118  0.000000  0.094367  0.000000 ) 
 ( -0.049358  0.000000  0.019370  0.000000  0.262842  0.000000 ) 
 (  0.087453  0.000000 -0.010725  0.000000 -0.247536  0.000000 ) 
 ( -0.100351  0.000000 -0.001002  0.000000 -0.348503  0.000000 ) 
     freq (   17) =       7.703126 [THz] =     256.948624 [cm-1]
 ( -0.008816  0.000000  0.003699 -0.000000 -0.000280  0.000000 ) 
 (  0.006724 -0.000000  0.002821 -0.000000 -0.000367  0.000000 ) 
 (  0.153503 -0.000000 -0.056193  0.000000 -0.005202  0.000000 ) 
 (  0.016617 -0.000000  0.006403  0.000000  0.011845 -0.000000 ) 
 ( -0.154613  0.000000 -0.060023  0.000000 -0.002145  0.000000 ) 
 ( -0.024864  0.000000 -0.022049  0.000000 -0.010856  0.000000 ) 
 (  0.209885 -0.000000  0.231944 -0.000000 -0.002398  0.000000 ) 
 ( -0.009714  0.000000 -0.119102  0.000000  0.006050 -0.000000 ) 
 ( -0.220298  0.000000  0.273168 -0.000000 -0.000827  0.000000 ) 
 ( -0.067629  0.000000  0.187105 -0.000000 -0.005615  0.000000 ) 
 (  0.399274 -0.000000 -0.214400  0.000000  0.004147  0.000000 ) 
 ( -0.088350  0.000000  0.071659  0.000000  0.021213 -0.000000 ) 
 ( -0.438243  0.000000 -0.241966  0.000000  0.010117 -0.000000 ) 
 ( -0.201103  0.000000 -0.133099  0.000000 -0.023133  0.000000 ) 
 ( -0.039368  0.000000 -0.121492  0.000000 -0.006977  0.000000 ) 
 (  0.081709 -0.000000  0.030597  0.000000  0.011407 -0.000000 ) 
 (  0.063228 -0.000000 -0.134368  0.000000 -0.004107  0.000000 ) 
 (  0.095522 -0.000000 -0.065043  0.000000 -0.009914  0.000000 ) 
 (  0.092976 -0.000000  0.044208  0.000000  0.005757 -0.000000 ) 
 ( -0.041260  0.000000 -0.141023  0.000000 -0.015483  0.000000 ) 
 (  0.107723 -0.000000 -0.084512  0.000000 -0.001723  0.000000 ) 
 (  0.068280 -0.000000 -0.158352  0.000000 -0.014476  0.000000 ) 
     freq (   18) =       7.703126 [THz] =     256.948624 [cm-1]
 (  0.006724  0.000000 -0.002821  0.000000 -0.000367  0.000000 ) 
 (  0.008816  0.000000  0.003699  0.000000  0.000280  0.000000 ) 
 (  0.024864  0.000000 -0.022049  0.000000  0.010856  0.000000 ) 
 ( -0.154613  0.000000  0.060023  0.000000 -0.002145  0.000000 ) 
 ( -0.016617  0.000000  0.006403  0.000000 -0.011845  0.000000 ) 
 (  0.153503  0.000000  0.056193  0.000000 -0.005202  0.000000 ) 
 (  0.067629  0.000000  0.187105  0.000000  0.005615  0.000000 ) 
 ( -0.220298  0.000000 -0.273168  0.000000 -0.000827  0.000000 ) 
 (  0.009714  0.000000 -0.119102  0.000000 -0.006050  0.000000 ) 
 (  0.209885  0.000000 -0.231944  0.000000 -0.002398  0.000000 ) 
 (  0.201103  0.000000 -0.133099  0.000000  0.023133  0.000000 ) 
 ( -0.438243  0.000000  0.241966  0.000000  0.010117  0.000000 ) 
 (  0.088350  0.000000  0.071659  0.000000 -0.021213  0.000000 ) 
 (  0.399274  0.000000  0.214400  0.000000  0.004147  0.000000 ) 
 ( -0.095522  0.000000 -0.065043  0.000000  0.009914  0.000000 ) 
 (  0.063228  0.000000  0.134368  0.000000 -0.004107  0.000000 ) 
 ( -0.081709  0.000000  0.030597  0.000000 -0.011407  0.000000 ) 
 ( -0.039368  0.000000  0.121492  0.000000 -0.006977  0.000000 ) 
 (  0.068280  0.000000  0.158352  0.000000 -0.014476  0.000000 ) 
 ( -0.107723  0.000000 -0.084512  0.000000  0.001723  0.000000 ) 
 ( -0.041260  0.000000  0.141023  0.000000 -0.015483  0.000000 ) 
 ( -0.092976  0.000000  0.044208  0.000000 -0.005757  0.000000 ) 
     freq (   19) =       8.061476 [THz] =     268.901900 [cm-1]
 ( -0.000071  0.000000 -0.000419  0.000000  0.000177  0.000000 ) 
 ( -0.000003  0.000000  0.000019  0.000000 -0.003866  0.000000 ) 
 ( -0.005084  0.000000 -0.003330  0.000000  0.010483 -0.000000 ) 
 ( -0.005598  0.000000 -0.003287  0.000000 -0.012525  0.000000 ) 
 (  0.005352 -0.000000  0.000615  0.000000  0.021706 -0.000000 ) 
 (  0.005842  0.000000  0.000312 -0.000000 -0.022762  0.000000 ) 
 ( -0.004762  0.000000 -0.002893  0.000000 -0.030918  0.000000 ) 
 ( -0.005314  0.000000 -0.003114  0.000000  0.036889  0.000000 ) 
 (  0.005783 -0.000000 -0.002271  0.000000 -0.063475  0.000000 ) 
 (  0.006246  0.000000 -0.002547  0.000000  0.066589  0.000000 ) 
 ( -0.005071  0.000000 -0.003107  0.000000  0.031486 -0.000000 ) 
 ( -0.005837  0.000000 -0.002886  0.000000 -0.069624  0.000000 ) 
 (  0.008099 -0.000000  0.002541  0.000000  0.412991 -0.000000 ) 
 (  0.008600  0.000000  0.002266 -0.000000 -0.417634  0.000000 ) 
 (  0.029265 -0.000000  0.002227  0.000000  0.015669  0.000000 ) 
 (  0.044387  0.000000  0.032347  0.000000 -0.002053  0.000000 ) 
 ( -0.162978  0.000000  0.327213 -0.000000 -0.148676  0.000000 ) 
 ( -0.166360  0.000000  0.328801 -0.000000  0.147863 -0.000000 ) 
 ( -0.053286  0.000000 -0.037964  0.000000 -0.002005  0.000000 ) 
 ( -0.037651  0.000000 -0.008119  0.000000  0.015599  0.000000 ) 
 (  0.172349  0.000000 -0.326067  0.000000  0.147637 -0.000000 ) 
 (  0.168174 -0.000000 -0.323951  0.000000 -0.148445  0.000000 ) 
     freq (   20) =       8.061476 [THz] =     268.901900 [cm-1]
 (  0.000003  0.000000  0.000019  0.000000  0.003866 -0.000000 ) 
 ( -0.000071  0.000000  0.000419 -0.000000  0.000177  0.000000 ) 
 (  0.005842  0.000000 -0.000312  0.000000 -0.022762  0.000000 ) 
 ( -0.005352  0.000000  0.000615  0.000000 -0.021706  0.000000 ) 
 ( -0.005598  0.000000  0.003287 -0.000000 -0.012525  0.000000 ) 
 (  0.005084 -0.000000 -0.003330  0.000000 -0.010483  0.000000 ) 
 (  0.006246  0.000000  0.002547  0.000000  0.066589  0.000000 ) 
 ( -0.005783  0.000000 -0.002271  0.000000  0.063475 -0.000000 ) 
 ( -0.005314  0.000000  0.003114  0.000000  0.036889  0.000000 ) 
 (  0.004762 -0.000000 -0.002893  0.000000  0.030918 -0.000000 ) 
 (  0.008600  0.000000 -0.002266  0.000000 -0.417634  0.000000 ) 
 ( -0.008099  0.000000  0.002541  0.000000 -0.412991  0.000000 ) 
 ( -0.005837  0.000000  0.002886 -0.000000 -0.069624  0.000000 ) 
 (  0.005071 -0.000000 -0.003107  0.000000 -0.031486  0.000000 ) 
 ( -0.166360  0.000000 -0.328801  0.000000  0.147863 -0.000000 ) 
 (  0.162978 -0.000000  0.327213 -0.000000  0.148676  0.000000 ) 
 (  0.044387  0.000000 -0.032347  0.000000 -0.002053  0.000000 ) 
 ( -0.029265  0.000000  0.002227  0.000000 -0.015669  0.000000 ) 
 ( -0.168174  0.000000 -0.323951  0.000000  0.148445  0.000000 ) 
 (  0.172349  0.000000  0.326067  0.000000  0.147637 -0.000000 ) 
 (  0.037651 -0.000000 -0.008119  0.000000 -0.015599  0.000000 ) 
 ( -0.053286  0.000000  0.037964  0.000000 -0.002005  0.000000 ) 
     freq (   21) =       8.622792 [THz] =     287.625381 [cm-1]
 ( -0.000013  0.000000 -0.000014  0.000000  0.000598 -0.000000 ) 
 (  0.000183 -0.000000 -0.000199  0.000000  0.000042 -0.000000 ) 
 ( -0.000299  0.000000  0.000896 -0.000000  0.012549 -0.000000 ) 
 (  0.000343 -0.000000 -0.000882  0.000000  0.008600 -0.000000 ) 
 ( -0.000295  0.000000  0.000163 -0.000000  0.029080 -0.000000 ) 
 (  0.000340 -0.000000 -0.000039  0.000000  0.027606 -0.000000 ) 
 (  0.000893 -0.000000  0.006711 -0.000000 -0.019205  0.000000 ) 
 ( -0.000826  0.000000 -0.006565  0.000000 -0.009892  0.000000 ) 
 ( -0.000545  0.000000  0.001510 -0.000000 -0.067849  0.000000 ) 
 (  0.000425 -0.000000 -0.000585  0.000000 -0.065822  0.000000 ) 
 (  0.004624 -0.000000 -0.002197  0.000000 -0.001316  0.000000 ) 
 ( -0.004476  0.000000  0.002153 -0.000000 -0.059797  0.000000 ) 
 ( -0.001379  0.000000 -0.000469  0.000000  0.417571 -0.000000 ) 
 (  0.000745 -0.000000  0.000166 -0.000000  0.421829 -0.000000 ) 
 (  0.013671 -0.000000 -0.026304  0.000000  0.032933 -0.000000 ) 
 (  0.010195 -0.000000  0.071293 -0.000000  0.052344 -0.000000 ) 
 ( -0.171396  0.000000  0.319475 -0.000000 -0.136343  0.000000 ) 
 (  0.171154 -0.000000 -0.326274  0.000000 -0.142285  0.000000 ) 
 ( -0.002871  0.000000 -0.070052  0.000000  0.052241 -0.000000 ) 
 ( -0.021101  0.000000  0.025005 -0.000000  0.032847 -0.000000 ) 
 ( -0.171407  0.000000  0.326602 -0.000000 -0.142155  0.000000 ) 
 (  0.172677 -0.000000 -0.319980  0.000000 -0.136227  0.000000 ) 
     freq (   22) =       8.622792 [THz] =     287.625381 [cm-1]
 (  0.000183  0.000000  0.000199  0.000000  0.000042  0.000000 ) 
 (  0.000013  0.000000 -0.000014  0.000000 -0.000598  0.000000 ) 
 ( -0.000340  0.000000 -0.000039  0.000000 -0.027606  0.000000 ) 
 ( -0.000295  0.000000 -0.000163  0.000000  0.029080  0.000000 ) 
 ( -0.000343  0.000000 -0.000882  0.000000 -0.008600  0.000000 ) 
 ( -0.000299  0.000000 -0.000896  0.000000  0.012549  0.000000 ) 
 ( -0.000425  0.000000 -0.000585  0.000000  0.065822  0.000000 ) 
 ( -0.000545  0.000000 -0.001510  0.000000 -0.067849  0.000000 ) 
 (  0.000826  0.000000 -0.006565  0.000000  0.009892  0.000000 ) 
 (  0.000893  0.000000 -0.006711  0.000000 -0.019205  0.000000 ) 
 ( -0.000745  0.000000  0.000166  0.000000 -0.421829  0.000000 ) 
 ( -0.001379  0.000000  0.000469  0.000000  0.417571  0.000000 ) 
 (  0.004476  0.000000  0.002153  0.000000  0.059797  0.000000 ) 
 (  0.004624  0.000000  0.002197  0.000000 -0.001316  0.000000 ) 
 ( -0.171154  0.000000 -0.326274  0.000000  0.142285  0.000000 ) 
 ( -0.171396  0.000000 -0.319475  0.000000 -0.136343  0.000000 ) 
 ( -0.010195  0.000000  0.071293  0.000000 -0.052344  0.000000 ) 
 (  0.013671  0.000000  0.026304  0.000000  0.032933  0.000000 ) 
 (  0.172677  0.000000  0.319980  0.000000 -0.136227  0.000000 ) 
 (  0.171407  0.000000  0.326602  0.000000  0.142155  0.000000 ) 
 ( -0.021101  0.000000 -0.025005  0.000000  0.032847  0.000000 ) 
 (  0.002871  0.000000 -0.070052  0.000000 -0.052241  0.000000 ) 
     freq (   23) =       9.260454 [THz] =     308.895485 [cm-1]
 (  0.005657  0.000000  0.008581  0.000000 -0.000042  0.000000 ) 
 ( -0.003422  0.000000  0.005192  0.000000 -0.000069  0.000000 ) 
 (  0.061610  0.000000 -0.095244  0.000000 -0.001915  0.000000 ) 
 ( -0.007461  0.000000  0.045167  0.000000  0.002482  0.000000 ) 
 ( -0.073462  0.000000 -0.131188  0.000000 -0.000862  0.000000 ) 
 ( -0.040701  0.000000 -0.100890  0.000000 -0.001799  0.000000 ) 
 (  0.054680  0.000000 -0.108684  0.000000  0.003063  0.000000 ) 
 (  0.060191  0.000000  0.360153  0.000000  0.004915  0.000000 ) 
 ( -0.030194  0.000000 -0.311388  0.000000  0.006033  0.000000 ) 
 (  0.039304  0.000000 -0.463531  0.000000 -0.007153  0.000000 ) 
 (  0.044556  0.000000 -0.077993  0.000000  0.005436  0.000000 ) 
 (  0.261351  0.000000 -0.127484  0.000000 -0.002091  0.000000 ) 
 (  0.086626  0.000000 -0.021257  0.000000  0.005041  0.000000 ) 
 (  0.271705  0.000000  0.103059  0.000000 -0.000487  0.000000 ) 
 (  0.065227  0.000000 -0.071376  0.000000 -0.012913  0.000000 ) 
 ( -0.190873  0.000000 -0.034774  0.000000 -0.003430  0.000000 ) 
 ( -0.173639  0.000000 -0.062360  0.000000 -0.016375  0.000000 ) 
 ( -0.249656  0.000000  0.001862  0.000000  0.010638  0.000000 ) 
 ( -0.197371  0.000000 -0.041367  0.000000  0.010821  0.000000 ) 
 (  0.067721  0.000000 -0.089562  0.000000 -0.003301  0.000000 ) 
 ( -0.258299  0.000000 -0.000222  0.000000 -0.010487  0.000000 ) 
 ( -0.179859  0.000000 -0.079436  0.000000  0.001943  0.000000 ) 
     freq (   24) =       9.260454 [THz] =     308.895485 [cm-1]
 (  0.003422  0.000000  0.005192  0.000000  0.000069  0.000000 ) 
 (  0.005657  0.000000 -0.008581  0.000000 -0.000042  0.000000 ) 
 ( -0.040701  0.000000  0.100890  0.000000 -0.001799  0.000000 ) 
 (  0.073462  0.000000 -0.131188  0.000000  0.000862  0.000000 ) 
 ( -0.007461  0.000000 -0.045167  0.000000  0.002482  0.000000 ) 
 ( -0.061610  0.000000 -0.095244  0.000000  0.001915  0.000000 ) 
 (  0.039304  0.000000  0.463531  0.000000 -0.007153  0.000000 ) 
 (  0.030194  0.000000 -0.311388  0.000000 -0.006033  0.000000 ) 
 (  0.060191  0.000000 -0.360153  0.000000  0.004915  0.000000 ) 
 ( -0.054680  0.000000 -0.108684  0.000000 -0.003063  0.000000 ) 
 (  0.271705  0.000000 -0.103059  0.000000 -0.000487  0.000000 ) 
 ( -0.086626  0.000000 -0.021257  0.000000 -0.005041  0.000000 ) 
 (  0.261351  0.000000  0.127484  0.000000 -0.002091  0.000000 ) 
 ( -0.044556  0.000000 -0.077993  0.000000 -0.005436  0.000000 ) 
 ( -0.249656  0.000000 -0.001862  0.000000  0.010638  0.000000 ) 
 (  0.173639  0.000000 -0.062360  0.000000  0.016375  0.000000 ) 
 ( -0.190873  0.000000  0.034774  0.000000 -0.003430  0.000000 ) 
 ( -0.065227  0.000000 -0.071376  0.000000  0.012913  0.000000 ) 
 (  0.179859  0.000000 -0.079436  0.000000 -0.001943  0.000000 ) 
 ( -0.258299  0.000000  0.000222  0.000000 -0.010487  0.000000 ) 
 ( -0.067721  0.000000 -0.089562  0.000000  0.003301  0.000000 ) 
 ( -0.197371  0.000000  0.041367  0.000000  0.010821  0.000000 ) 
     freq (   25) =       9.723803 [THz] =     324.351163 [cm-1]
 ( -0.000901  0.000000 -0.002465  0.000000  0.000161 -0.000000 ) 
 (  0.004398 -0.000000 -0.012028  0.000000  0.000033  0.000000 ) 
 ( -0.023628  0.000000  0.059572 -0.000000 -0.000493  0.000000 ) 
 (  0.007914  0.000000 -0.024494  0.000000 -0.001286  0.000000 ) 
 (  0.041570 -0.000000  0.094196 -0.000000  0.001752  0.000000 ) 
 ( -0.035106  0.000000 -0.076968  0.000000  0.002116 -0.000000 ) 
 (  0.003665  0.000000  0.168976 -0.000000 -0.009389  0.000000 ) 
 (  0.015049  0.000000  0.018726  0.000000 -0.009211  0.000000 ) 
 ( -0.044492  0.000000  0.473346 -0.000000 -0.002341  0.000000 ) 
 (  0.046825 -0.000000 -0.442554  0.000000  0.001471  0.000000 ) 
 (  0.075195  0.000000 -0.007692  0.000000 -0.000545  0.000000 ) 
 (  0.042837  0.000000 -0.044344  0.000000 -0.000167  0.000000 ) 
 ( -0.291287  0.000000 -0.123200  0.000000 -0.000994  0.000000 ) 
 (  0.284656 -0.000000  0.130712 -0.000000 -0.000848  0.000000 ) 
 ( -0.086859  0.000000  0.019207  0.000000  0.008365 -0.000000 ) 
 ( -0.023407  0.000000 -0.031119  0.000000  0.001879  0.000000 ) 
 (  0.275525 -0.000000 -0.023905  0.000000  0.016874 -0.000000 ) 
 ( -0.262521  0.000000  0.034219 -0.000000  0.014775  0.000000 ) 
 ( -0.011141  0.000000 -0.036000  0.000000  0.001936  0.000000 ) 
 ( -0.099699  0.000000  0.027105  0.000000 -0.000927  0.000000 ) 
 ( -0.261351  0.000000  0.028168 -0.000000 -0.007088  0.000000 ) 
 (  0.279500 -0.000000 -0.015236  0.000000 -0.006881  0.000000 ) 
     freq (   26) =       9.723803 [THz] =     324.351163 [cm-1]
 (  0.004398 -0.000000  0.012028 -0.000000  0.000033  0.000000 ) 
 (  0.000901  0.000000 -0.002465  0.000000 -0.000161  0.000000 ) 
 (  0.035106  0.000000 -0.076968  0.000000 -0.002116  0.000000 ) 
 (  0.041570 -0.000000 -0.094196  0.000000  0.001752  0.000000 ) 
 ( -0.007914  0.000000 -0.024494  0.000000  0.001286 -0.000000 ) 
 ( -0.023628  0.000000 -0.059572  0.000000 -0.000493  0.000000 ) 
 ( -0.046825  0.000000 -0.442554  0.000000 -0.001471  0.000000 ) 
 ( -0.044492  0.000000 -0.473346  0.000000 -0.002341  0.000000 ) 
 ( -0.015049  0.000000  0.018726  0.000000  0.009211 -0.000000 ) 
 (  0.003665  0.000000 -0.168976  0.000000 -0.009389  0.000000 ) 
 ( -0.284656  0.000000  0.130712 -0.000000  0.000848  0.000000 ) 
 ( -0.291287  0.000000  0.123200  0.000000 -0.000994  0.000000 ) 
 ( -0.042837  0.000000 -0.044344  0.000000  0.000167  0.000000 ) 
 (  0.075195  0.000000  0.007692  0.000000 -0.000545  0.000000 ) 
 (  0.262521 -0.000000  0.034219 -0.000000 -0.014775  0.000000 ) 
 (  0.275525 -0.000000  0.023905  0.000000  0.016874 -0.000000 ) 
 (  0.023407  0.000000 -0.031119  0.000000 -0.001879  0.000000 ) 
 ( -0.086859  0.000000 -0.019207  0.000000  0.008365 -0.000000 ) 
 (  0.279500 -0.000000  0.015236  0.000000 -0.006881  0.000000 ) 
 (  0.261351  0.000000  0.028168 -0.000000  0.007088 -0.000000 ) 
 ( -0.099699  0.000000 -0.027105  0.000000 -0.000927  0.000000 ) 
 (  0.011141  0.000000 -0.036000  0.000000 -0.001936  0.000000 ) 
     freq (   27) =      12.076758 [THz] =     402.837279 [cm-1]
 (  0.000058  0.000000  0.000112  0.000000 -0.003778  0.000000 ) 
 (  0.000096  0.000000 -0.000185  0.000000  0.002290  0.000000 ) 
 ( -0.000456  0.000000  0.001861  0.000000  0.011039  0.000000 ) 
 (  0.001743  0.000000 -0.004535  0.000000  0.020086  0.000000 ) 
 (  0.000395  0.000000  0.000269  0.000000 -0.001966  0.000000 ) 
 ( -0.001728  0.000000 -0.004145  0.000000  0.016895  0.000000 ) 
 ( -0.000092  0.000000  0.001195  0.000000  0.219392  0.000000 ) 
 (  0.000885  0.000000 -0.007272  0.000000  0.433218  0.000000 ) 
 (  0.000359  0.000000  0.002449  0.000000 -0.021287  0.000000 ) 
 ( -0.000951  0.000000 -0.007580  0.000000  0.374163  0.000000 ) 
 ( -0.000622  0.000000  0.001443  0.000000 -0.016622  0.000000 ) 
 ( -0.001559  0.000000 -0.001990  0.000000 -0.000732  0.000000 ) 
 ( -0.001516  0.000000 -0.000589  0.000000  0.018369  0.000000 ) 
 (  0.002084  0.000000 -0.001491  0.000000  0.007853  0.000000 ) 
 ( -0.163167  0.000000  0.070494  0.000000 -0.073252  0.000000 ) 
 (  0.318676  0.000000 -0.170889  0.000000 -0.165580  0.000000 ) 
 ( -0.017669  0.000000  0.009708  0.000000 -0.003824  0.000000 ) 
 ( -0.274304  0.000000 -0.155974  0.000000 -0.148544  0.000000 ) 
 ( -0.311262  0.000000  0.165095  0.000000 -0.166564  0.000000 ) 
 (  0.162186  0.000000 -0.066983  0.000000 -0.074092  0.000000 ) 
 (  0.266453  0.000000  0.151271  0.000000 -0.149216  0.000000 ) 
 (  0.020433  0.000000 -0.010643  0.000000 -0.003390  0.000000 ) 
     freq (   28) =      12.076758 [THz] =     402.837279 [cm-1]
 (  0.000096  0.000000  0.000185  0.000000  0.002290  0.000000 ) 
 ( -0.000058  0.000000  0.000112  0.000000  0.003778  0.000000 ) 
 (  0.001728  0.000000 -0.004145  0.000000 -0.016895  0.000000 ) 
 (  0.000395  0.000000 -0.000269  0.000000 -0.001966  0.000000 ) 
 ( -0.001743  0.000000 -0.004535  0.000000 -0.020086  0.000000 ) 
 ( -0.000456  0.000000 -0.001861  0.000000  0.011039  0.000000 ) 
 (  0.000951  0.000000 -0.007580  0.000000 -0.374163  0.000000 ) 
 (  0.000359  0.000000 -0.002449  0.000000 -0.021287  0.000000 ) 
 ( -0.000885  0.000000 -0.007272  0.000000 -0.433218  0.000000 ) 
 ( -0.000092  0.000000 -0.001195  0.000000  0.219392  0.000000 ) 
 ( -0.002084  0.000000 -0.001491  0.000000 -0.007853  0.000000 ) 
 ( -0.001516  0.000000  0.000589  0.000000  0.018369  0.000000 ) 
 (  0.001559  0.000000 -0.001990  0.000000  0.000732  0.000000 ) 
 ( -0.000622  0.000000 -0.001443  0.000000 -0.016622  0.000000 ) 
 (  0.274304  0.000000 -0.155974  0.000000  0.148544  0.000000 ) 
 ( -0.017669  0.000000 -0.009708  0.000000 -0.003824  0.000000 ) 
 ( -0.318676  0.000000 -0.170889  0.000000  0.165580  0.000000 ) 
 ( -0.163167  0.000000 -0.070494  0.000000 -0.073252  0.000000 ) 
 (  0.020433  0.000000  0.010643  0.000000 -0.003390  0.000000 ) 
 ( -0.266453  0.000000  0.151271  0.000000  0.149216  0.000000 ) 
 (  0.162186  0.000000  0.066983  0.000000 -0.074092  0.000000 ) 
 (  0.311262  0.000000  0.165095  0.000000  0.166564  0.000000 ) 
     freq (   29) =      12.622658 [THz] =     421.046550 [cm-1]
 ( -0.000080  0.000000 -0.000090  0.000000  0.003008  0.000000 ) 
 ( -0.000065  0.000000  0.000074  0.000000 -0.003672  0.000000 ) 
 ( -0.000134  0.000000  0.000018  0.000000 -0.040419  0.000000 ) 
 ( -0.000944  0.000000  0.001136 -0.000000  0.014083  0.000000 ) 
 (  0.000053  0.000000  0.000209  0.000000  0.038399 -0.000000 ) 
 (  0.000936 -0.000000  0.001155 -0.000000  0.006253  0.000000 ) 
 (  0.000008  0.000000  0.000295  0.000000 -0.450856  0.000000 ) 
 ( -0.000701  0.000000  0.002212 -0.000000  0.165730  0.000000 ) 
 (  0.000149  0.000000  0.000143  0.000000  0.426586 -0.000000 ) 
 (  0.000717 -0.000000  0.002197 -0.000000  0.078556  0.000000 ) 
 (  0.000327 -0.000000 -0.000366  0.000000  0.032064 -0.000000 ) 
 (  0.000219 -0.000000  0.000361  0.000000  0.006189  0.000000 ) 
 (  0.000289  0.000000  0.000446 -0.000000 -0.033945  0.000000 ) 
 ( -0.000158  0.000000  0.000442 -0.000000  0.012747  0.000000 ) 
 (  0.328525 -0.000000 -0.124589  0.000000  0.121719 -0.000000 ) 
 (  0.114147  0.000000 -0.063312  0.000000 -0.055896  0.000000 ) 
 (  0.312168 -0.000000  0.114368  0.000000 -0.112929  0.000000 ) 
 ( -0.050494  0.000000 -0.039571  0.000000 -0.032584  0.000000 ) 
 ( -0.117071  0.000000  0.064636 -0.000000 -0.055776  0.000000 ) 
 ( -0.329380  0.000000  0.124173 -0.000000  0.121410 -0.000000 ) 
 (  0.053304  0.000000  0.041005  0.000000 -0.032523  0.000000 ) 
 ( -0.312453  0.000000 -0.113677  0.000000 -0.112637  0.000000 ) 
     freq (   30) =      12.622658 [THz] =     421.046550 [cm-1]
 (  0.000065  0.000000  0.000074  0.000000  0.003672 -0.000000 ) 
 ( -0.000080  0.000000  0.000090 -0.000000  0.003008  0.000000 ) 
 (  0.000936 -0.000000 -0.001155  0.000000  0.006253  0.000000 ) 
 ( -0.000053  0.000000  0.000209  0.000000 -0.038399  0.000000 ) 
 ( -0.000944  0.000000 -0.001136  0.000000  0.014083  0.000000 ) 
 (  0.000134  0.000000  0.000018  0.000000  0.040419 -0.000000 ) 
 (  0.000717 -0.000000 -0.002197  0.000000  0.078556  0.000000 ) 
 ( -0.000149  0.000000  0.000143  0.000000 -0.426586  0.000000 ) 
 ( -0.000701  0.000000 -0.002212  0.000000  0.165730  0.000000 ) 
 ( -0.000008  0.000000  0.000295  0.000000  0.450856 -0.000000 ) 
 ( -0.000158  0.000000 -0.000442  0.000000  0.012747  0.000000 ) 
 ( -0.000289  0.000000  0.000446 -0.000000  0.033945 -0.000000 ) 
 (  0.000219 -0.000000 -0.000361  0.000000  0.006189  0.000000 ) 
 ( -0.000327  0.000000 -0.000366  0.000000 -0.032064  0.000000 ) 
 ( -0.050494  0.000000  0.039571  0.000000 -0.032584  0.000000 ) 
 ( -0.312168  0.000000  0.114368  0.000000  0.112929  0.000000 ) 
 (  0.114147  0.000000  0.063312 -0.000000 -0.055896  0.000000 ) 
 ( -0.328525  0.000000 -0.124589  0.000000 -0.121719  0.000000 ) 
 (  0.312453 -0.000000 -0.113677  0.000000  0.112637  0.000000 ) 
 (  0.053304  0.000000 -0.041005  0.000000 -0.032523  0.000000 ) 
 (  0.329380 -0.000000  0.124173 -0.000000 -0.121410  0.000000 ) 
 ( -0.117071  0.000000 -0.064636  0.000000 -0.055776  0.000000 ) 
     freq (   31) =      30.683544 [THz] =    1023.492851 [cm-1]
 ( -0.000071  0.000000  0.000158  0.000000  0.000007  0.000000 ) 
 ( -0.000047  0.000000 -0.000105  0.000000 -0.000010  0.000000 ) 
 ( -0.021361  0.000000 -0.029355  0.000000 -0.000005  0.000000 ) 
 (  0.049200  0.000000  0.036380  0.000000 -0.000337  0.000000 ) 
 ( -0.044076  0.000000  0.047322  0.000000  0.000149  0.000000 ) 
 ( -0.062506  0.000000  0.051972  0.000000 -0.000369  0.000000 ) 
 (  0.024309  0.000000  0.154277  0.000000 -0.000451  0.000000 ) 
 ( -0.021761  0.000000 -0.227117  0.000000  0.001352  0.000000 ) 
 (  0.035637  0.000000 -0.263937  0.000000 -0.000084  0.000000 ) 
 (  0.033950  0.000000 -0.312160  0.000000  0.001277  0.000000 ) 
 (  0.007783  0.000000 -0.030723  0.000000  0.000227  0.000000 ) 
 ( -0.101096  0.000000  0.106349  0.000000  0.001313  0.000000 ) 
 (  0.051343  0.000000  0.078490  0.000000 -0.000804  0.000000 ) 
 (  0.113119  0.000000  0.128557  0.000000  0.001523  0.000000 ) 
 (  0.109812  0.000000  0.100682  0.000000 -0.048177  0.000000 ) 
 ( -0.236943  0.000000 -0.157624  0.000000 -0.052822  0.000000 ) 
 (  0.219805  0.000000 -0.176237  0.000000  0.074742  0.000000 ) 
 (  0.303969  0.000000 -0.213934  0.000000 -0.077817  0.000000 ) 
 ( -0.237293  0.000000 -0.158960  0.000000  0.053121  0.000000 ) 
 (  0.110267  0.000000  0.101107  0.000000  0.048134  0.000000 ) 
 (  0.304542  0.000000 -0.215566  0.000000  0.078124  0.000000 ) 
 (  0.220447  0.000000 -0.177265  0.000000 -0.074823  0.000000 ) 
     freq (   32) =      30.683544 [THz] =    1023.492851 [cm-1]
 (  0.000047  0.000000 -0.000105  0.000000  0.000010  0.000000 ) 
 ( -0.000071  0.000000 -0.000158  0.000000  0.000007  0.000000 ) 
 ( -0.062506  0.000000 -0.051972  0.000000 -0.000369  0.000000 ) 
 (  0.044076  0.000000  0.047322  0.000000 -0.000149  0.000000 ) 
 (  0.049200  0.000000 -0.036380  0.000000 -0.000337  0.000000 ) 
 (  0.021361  0.000000 -0.029355  0.000000  0.000005  0.000000 ) 
 (  0.033950  0.000000  0.312160  0.000000  0.001277  0.000000 ) 
 ( -0.035637  0.000000 -0.263937  0.000000  0.000084  0.000000 ) 
 ( -0.021761  0.000000  0.227117  0.000000  0.001352  0.000000 ) 
 ( -0.024309  0.000000  0.154277  0.000000  0.000451  0.000000 ) 
 (  0.113119  0.000000 -0.128557  0.000000  0.001523  0.000000 ) 
 ( -0.051343  0.000000  0.078490  0.000000  0.000804  0.000000 ) 
 ( -0.101096  0.000000 -0.106349  0.000000  0.001313  0.000000 ) 
 ( -0.007783  0.000000 -0.030723  0.000000 -0.000227  0.000000 ) 
 (  0.303969  0.000000  0.213934  0.000000 -0.077817  0.000000 ) 
 ( -0.219805  0.000000 -0.176237  0.000000 -0.074742  0.000000 ) 
 ( -0.236943  0.000000  0.157624  0.000000 -0.052822  0.000000 ) 
 ( -0.109812  0.000000  0.100682  0.000000  0.048177  0.000000 ) 
 ( -0.220447  0.000000 -0.177265  0.000000  0.074823  0.000000 ) 
 (  0.304542  0.000000  0.215566  0.000000  0.078124  0.000000 ) 
 ( -0.110267  0.000000  0.101107  0.000000 -0.048134  0.000000 ) 
 ( -0.237293  0.000000  0.158960  0.000000  0.053121  0.000000 ) 
     freq (   33) =      30.946166 [THz] =    1032.252986 [cm-1]
 (  0.000644  0.000000  0.000633  0.000000  0.000005  0.000000 ) 
 ( -0.000808  0.000000  0.000793  0.000000  0.000004  0.000000 ) 
 (  0.031880  0.000000  0.025956  0.000000 -0.000011  0.000000 ) 
 (  0.042805  0.000000  0.053667  0.000000 -0.000342  0.000000 ) 
 ( -0.042455  0.000000  0.038855  0.000000  0.000067  0.000000 ) 
 (  0.051170  0.000000 -0.060960  0.000000  0.000348  0.000000 ) 
 ( -0.018612  0.000000 -0.170840  0.000000  0.000371  0.000000 ) 
 ( -0.043180  0.000000 -0.290724  0.000000  0.001214  0.000000 ) 
 (  0.028932  0.000000 -0.241493  0.000000  0.000104  0.000000 ) 
 ( -0.048530  0.000000  0.337124  0.000000 -0.001161  0.000000 ) 
 ( -0.054071  0.000000  0.063762  0.000000  0.000052  0.000000 ) 
 ( -0.036090  0.000000  0.073888  0.000000  0.001076  0.000000 ) 
 (  0.063684  0.000000  0.082241  0.000000 -0.000192  0.000000 ) 
 ( -0.049341  0.000000 -0.090318  0.000000 -0.001092  0.000000 ) 
 ( -0.154141  0.000000 -0.106096  0.000000  0.038183  0.000000 ) 
 ( -0.216855  0.000000 -0.196235  0.000000 -0.092237  0.000000 ) 
 (  0.207527  0.000000 -0.153549  0.000000  0.060187  0.000000 ) 
 ( -0.257554  0.000000  0.225453  0.000000  0.103306  0.000000 ) 
 ( -0.216080  0.000000 -0.196921  0.000000  0.092454  0.000000 ) 
 ( -0.154458  0.000000 -0.106514  0.000000 -0.038264  0.000000 ) 
 ( -0.256831  0.000000  0.226252  0.000000 -0.103547  0.000000 ) 
 (  0.207675  0.000000 -0.154134  0.000000 -0.060320  0.000000 ) 
     freq (   34) =      30.946166 [THz] =    1032.252986 [cm-1]
 ( -0.000808  0.000000 -0.000793  0.000000  0.000004  0.000000 ) 
 ( -0.000644  0.000000  0.000633  0.000000 -0.000005  0.000000 ) 
 ( -0.051170  0.000000 -0.060960  0.000000 -0.000348  0.000000 ) 
 ( -0.042455  0.000000 -0.038855  0.000000  0.000067  0.000000 ) 
 ( -0.042805  0.000000  0.053667  0.000000  0.000342  0.000000 ) 
 (  0.031880  0.000000 -0.025956  0.000000 -0.000011  0.000000 ) 
 (  0.048530  0.000000  0.337124  0.000000  0.001161  0.000000 ) 
 (  0.028932  0.000000  0.241493  0.000000  0.000104  0.000000 ) 
 (  0.043180  0.000000 -0.290724  0.000000 -0.001214  0.000000 ) 
 ( -0.018612  0.000000  0.170840  0.000000  0.000371  0.000000 ) 
 (  0.049341  0.000000 -0.090318  0.000000  0.001092  0.000000 ) 
 (  0.063684  0.000000 -0.082241  0.000000 -0.000192  0.000000 ) 
 (  0.036090  0.000000  0.073888  0.000000 -0.001076  0.000000 ) 
 ( -0.054071  0.000000 -0.063762  0.000000  0.000052  0.000000 ) 
 (  0.257554  0.000000  0.225453  0.000000 -0.103306  0.000000 ) 
 (  0.207527  0.000000  0.153549  0.000000  0.060187  0.000000 ) 
 (  0.216855  0.000000 -0.196235  0.000000  0.092237  0.000000 ) 
 ( -0.154141  0.000000  0.106096  0.000000  0.038183  0.000000 ) 
 (  0.207675  0.000000  0.154134  0.000000 -0.060320  0.000000 ) 
 (  0.256831  0.000000  0.226252  0.000000  0.103547  0.000000 ) 
 ( -0.154458  0.000000  0.106514  0.000000 -0.038264  0.000000 ) 
 (  0.216080  0.000000 -0.196921  0.000000 -0.092454  0.000000 ) 
     freq (   35) =      31.753628 [THz] =    1059.187021 [cm-1]
 ( -0.000019  0.000000 -0.000025  0.000000 -0.000015  0.000000 ) 
 (  0.000016  0.000000 -0.000021  0.000000 -0.000017  0.000000 ) 
 (  0.005606  0.000000 -0.003567  0.000000  0.000662  0.000000 ) 
 (  0.072882  0.000000 -0.063933  0.000000  0.000935  0.000000 ) 
 (  0.005186  0.000000  0.005915  0.000000  0.000809  0.000000 ) 
 (  0.072851  0.000000  0.064107  0.000000 -0.001044  0.000000 ) 
 (  0.004966  0.000000  0.006543  0.000000 -0.002500  0.000000 ) 
 (  0.104406  0.000000  0.218603  0.000000 -0.003518  0.000000 ) 
 (  0.010528  0.000000 -0.025941  0.000000 -0.003052  0.000000 ) 
 (  0.104818  0.000000 -0.220039  0.000000  0.003929  0.000000 ) 
 ( -0.021450  0.000000  0.013346  0.000000 -0.003491  0.000000 ) 
 ( -0.392689  0.000000  0.242188  0.000000 -0.003943  0.000000 ) 
 ( -0.036795  0.000000 -0.022575  0.000000 -0.004117  0.000000 ) 
 ( -0.393825  0.000000 -0.242871  0.000000  0.004507  0.000000 ) 
 ( -0.019269  0.000000  0.005073  0.000000 -0.010263  0.000000 ) 
 ( -0.250378  0.000000  0.111736  0.000000  0.176293  0.000000 ) 
 ( -0.017806  0.000000 -0.011511  0.000000  0.015878  0.000000 ) 
 ( -0.250269  0.000000 -0.112213  0.000000 -0.176709  0.000000 ) 
 ( -0.251902  0.000000  0.115663  0.000000 -0.177860  0.000000 ) 
 ( -0.018853  0.000000  0.002022  0.000000  0.009180  0.000000 ) 
 ( -0.251872  0.000000 -0.116638  0.000000  0.178455  0.000000 ) 
 ( -0.018454  0.000000 -0.015181  0.000000 -0.017207  0.000000 ) 
     freq (   36) =      31.753628 [THz] =    1059.187021 [cm-1]
 ( -0.000016  0.000000 -0.000021  0.000000  0.000017  0.000000 ) 
 ( -0.000019  0.000000  0.000025  0.000000 -0.000015  0.000000 ) 
 (  0.072851  0.000000 -0.064107  0.000000 -0.001044  0.000000 ) 
 ( -0.005186  0.000000  0.005915  0.000000 -0.000809  0.000000 ) 
 (  0.072882  0.000000  0.063933  0.000000  0.000935  0.000000 ) 
 ( -0.005606  0.000000 -0.003567  0.000000 -0.000662  0.000000 ) 
 (  0.104818  0.000000  0.220039  0.000000  0.003929  0.000000 ) 
 ( -0.010528  0.000000 -0.025941  0.000000  0.003052  0.000000 ) 
 (  0.104406  0.000000 -0.218603  0.000000 -0.003518  0.000000 ) 
 ( -0.004966  0.000000  0.006543  0.000000  0.002500  0.000000 ) 
 ( -0.393825  0.000000  0.242871  0.000000  0.004507  0.000000 ) 
 (  0.036795  0.000000 -0.022575  0.000000  0.004117  0.000000 ) 
 ( -0.392689  0.000000 -0.242188  0.000000 -0.003943  0.000000 ) 
 (  0.021450  0.000000  0.013346  0.000000  0.003491  0.000000 ) 
 ( -0.250269  0.000000  0.112213  0.000000 -0.176709  0.000000 ) 
 (  0.017806  0.000000 -0.011511  0.000000 -0.015878  0.000000 ) 
 ( -0.250378  0.000000 -0.111736  0.000000  0.176293  0.000000 ) 
 (  0.019269  0.000000  0.005073  0.000000  0.010263  0.000000 ) 
 (  0.018454  0.000000 -0.015181  0.000000  0.017207  0.000000 ) 
 ( -0.251872  0.000000  0.116638  0.000000  0.178455  0.000000 ) 
 (  0.018853  0.000000  0.002022  0.000000 -0.009180  0.000000 ) 
 ( -0.251902  0.000000 -0.115663  0.000000 -0.177860  0.000000 ) 
     freq (   37) =      32.168164 [THz] =    1073.014451 [cm-1]
 ( -0.000350  0.000000  0.000386  0.000000  0.000010  0.000000 ) 
 ( -0.000375  0.000000 -0.000413  0.000000 -0.000009  0.000000 ) 
 ( -0.000702  0.000000 -0.003124  0.000000 -0.001286  0.000000 ) 
 ( -0.058087  0.000000  0.070147  0.000000 -0.000471  0.000000 ) 
 ( -0.004736  0.000000 -0.001738  0.000000  0.001256  0.000000 ) 
 (  0.058275  0.000000  0.070099  0.000000 -0.000383  0.000000 ) 
 (  0.002285  0.000000  0.010420  0.000000  0.005073  0.000000 ) 
 ( -0.113854  0.000000 -0.287782  0.000000  0.001695  0.000000 ) 
 ( -0.005614  0.000000  0.009535  0.000000 -0.004968  0.000000 ) 
 (  0.113969  0.000000 -0.287751  0.000000  0.001347  0.000000 ) 
 (  0.002535  0.000000 -0.003726  0.000000  0.005894  0.000000 ) 
 (  0.384872  0.000000 -0.223325  0.000000  0.003353  0.000000 ) 
 (  0.029261  0.000000  0.019240  0.000000 -0.005676  0.000000 ) 
 ( -0.385974  0.000000 -0.224121  0.000000  0.002952  0.000000 ) 
 (  0.003019  0.000000  0.014707  0.000000 -0.011378  0.000000 ) 
 (  0.192263  0.000000 -0.153518  0.000000 -0.192578  0.000000 ) 
 (  0.016375  0.000000 -0.004084  0.000000 -0.001964  0.000000 ) 
 ( -0.192935  0.000000 -0.152866  0.000000 -0.192251  0.000000 ) 
 (  0.190835  0.000000 -0.156347  0.000000  0.193385  0.000000 ) 
 (  0.001839  0.000000  0.019804  0.000000  0.013359  0.000000 ) 
 ( -0.191422  0.000000 -0.155349  0.000000  0.192923  0.000000 ) 
 (  0.015093  0.000000 -0.008997  0.000000  0.000035  0.000000 ) 
     freq (   38) =      32.168164 [THz] =    1073.014451 [cm-1]
 ( -0.000375  0.000000  0.000413  0.000000 -0.000009  0.000000 ) 
 (  0.000350  0.000000  0.000386  0.000000 -0.000010  0.000000 ) 
 ( -0.058275  0.000000  0.070099  0.000000  0.000383  0.000000 ) 
 ( -0.004736  0.000000  0.001738  0.000000  0.001256  0.000000 ) 
 (  0.058087  0.000000  0.070147  0.000000  0.000471  0.000000 ) 
 ( -0.000702  0.000000  0.003124  0.000000 -0.001286  0.000000 ) 
 ( -0.113969  0.000000 -0.287751  0.000000 -0.001347  0.000000 ) 
 ( -0.005614  0.000000 -0.009535  0.000000 -0.004968  0.000000 ) 
 (  0.113854  0.000000 -0.287782  0.000000 -0.001695  0.000000 ) 
 (  0.002285  0.000000 -0.010420  0.000000  0.005073  0.000000 ) 
 (  0.385974  0.000000 -0.224121  0.000000 -0.002952  0.000000 ) 
 (  0.029261  0.000000 -0.019240  0.000000 -0.005676  0.000000 ) 
 ( -0.384872  0.000000 -0.223325  0.000000 -0.003353  0.000000 ) 
 (  0.002535  0.000000  0.003726  0.000000  0.005894  0.000000 ) 
 (  0.192935  0.000000 -0.152866  0.000000  0.192251  0.000000 ) 
 (  0.016375  0.000000  0.004084  0.000000 -0.001964  0.000000 ) 
 ( -0.192263  0.000000 -0.153518  0.000000  0.192578  0.000000 ) 
 (  0.003019  0.000000 -0.014707  0.000000 -0.011378  0.000000 ) 
 (  0.015093  0.000000  0.008997  0.000000  0.000035  0.000000 ) 
 (  0.191422  0.000000 -0.155349  0.000000 -0.192923  0.000000 ) 
 (  0.001839  0.000000 -0.019804  0.000000  0.013359  0.000000 ) 
 ( -0.190835  0.000000 -0.156347  0.000000 -0.193385  0.000000 ) 
     freq (   39) =      32.190426 [THz] =    1073.757036 [cm-1]
 (  0.000001  0.000000  0.000011  0.000000  0.000074  0.000000 ) 
 ( -0.000000  0.000000  0.000002  0.000000  0.000388  0.000000 ) 
 ( -0.000333  0.000000  0.000243  0.000000  0.085740  0.000000 ) 
 ( -0.000149  0.000000  0.000040  0.000000 -0.092168  0.000000 ) 
 (  0.000530  0.000000  0.000560  0.000000 -0.000028  0.000000 ) 
 (  0.000438  0.000000  0.000506  0.000000  0.033816  0.000000 ) 
 ( -0.000451  0.000000 -0.000523  0.000000 -0.352856  0.000000 ) 
 ( -0.000141  0.000000  0.000115  0.000000  0.378422  0.000000 ) 
 (  0.000874  0.000000 -0.001719  0.000000 -0.002135  0.000000 ) 
 (  0.000762  0.000000 -0.001642  0.000000 -0.136749  0.000000 ) 
 (  0.002117  0.000000 -0.001198  0.000000 -0.441597  0.000000 ) 
 (  0.000935  0.000000 -0.000507  0.000000  0.477309  0.000000 ) 
 ( -0.003402  0.000000 -0.001980  0.000000  0.006758  0.000000 ) 
 ( -0.002822  0.000000 -0.001656  0.000000 -0.181276  0.000000 ) 
 ( -0.055359  0.000000  0.202774  0.000000 -0.084528  0.000000 ) 
 ( -0.058032  0.000000  0.220089  0.000000  0.092120  0.000000 ) 
 (  0.003731  0.000000 -0.005431  0.000000  0.003214  0.000000 ) 
 ( -0.017804  0.000000 -0.085741  0.000000 -0.036763  0.000000 ) 
 (  0.059661  0.000000 -0.219117  0.000000  0.091717  0.000000 ) 
 (  0.058449  0.000000 -0.202599  0.000000 -0.085246  0.000000 ) 
 (  0.014408  0.000000  0.083535  0.000000 -0.033843  0.000000 ) 
 ( -0.008024  0.000000  0.003443  0.000000  0.000234  0.000000 ) 
     freq (   40) =      32.190426 [THz] =    1073.757036 [cm-1]
 ( -0.000000  0.000000 -0.000002  0.000000  0.000388  0.000000 ) 
 ( -0.000001  0.000000  0.000011  0.000000 -0.000074  0.000000 ) 
 ( -0.000438  0.000000  0.000506  0.000000 -0.033816  0.000000 ) 
 (  0.000530  0.000000 -0.000560  0.000000 -0.000028  0.000000 ) 
 (  0.000149  0.000000  0.000040  0.000000  0.092168  0.000000 ) 
 ( -0.000333  0.000000 -0.000243  0.000000  0.085740  0.000000 ) 
 ( -0.000762  0.000000 -0.001642  0.000000  0.136749  0.000000 ) 
 (  0.000874  0.000000  0.001719  0.000000 -0.002135  0.000000 ) 
 (  0.000141  0.000000  0.000115  0.000000 -0.378422  0.000000 ) 
 ( -0.000451  0.000000  0.000523  0.000000 -0.352856  0.000000 ) 
 (  0.002822  0.000000 -0.001656  0.000000  0.181276  0.000000 ) 
 ( -0.003402  0.000000  0.001980  0.000000  0.006758  0.000000 ) 
 ( -0.000935  0.000000 -0.000507  0.000000 -0.477309  0.000000 ) 
 (  0.002117  0.000000  0.001198  0.000000 -0.441597  0.000000 ) 
 (  0.017804  0.000000 -0.085741  0.000000  0.036763  0.000000 ) 
 (  0.003731  0.000000  0.005431  0.000000  0.003214  0.000000 ) 
 (  0.058032  0.000000  0.220089  0.000000 -0.092120  0.000000 ) 
 ( -0.055359  0.000000 -0.202774  0.000000 -0.084528  0.000000 ) 
 ( -0.008024  0.000000 -0.003443  0.000000  0.000234  0.000000 ) 
 ( -0.014408  0.000000  0.083535  0.000000  0.033843  0.000000 ) 
 (  0.058449  0.000000  0.202599  0.000000 -0.085246  0.000000 ) 
 ( -0.059661  0.000000 -0.219117  0.000000 -0.091717  0.000000 ) 
     freq (   41) =      32.288843 [THz] =    1077.039868 [cm-1]
 (  0.000004  0.000000 -0.000002  0.000000 -0.000161  0.000000 ) 
 (  0.000012 -0.000000  0.000006 -0.000000  0.000047  0.000000 ) 
 ( -0.000837  0.000000  0.001259 -0.000000 -0.081935  0.000000 ) 
 (  0.000811 -0.000000 -0.001283  0.000000 -0.092386  0.000000 ) 
 ( -0.000285  0.000000 -0.000329  0.000000  0.007506  0.000000 ) 
 ( -0.000196  0.000000 -0.000412  0.000000 -0.043338  0.000000 ) 
 ( -0.001784  0.000000 -0.004957  0.000000  0.330008 -0.000000 ) 
 (  0.001842 -0.000000  0.005122 -0.000000  0.364436 -0.000000 ) 
 ( -0.000429  0.000000  0.001187  0.000000 -0.042252  0.000000 ) 
 ( -0.000629  0.000000  0.001753  0.000000  0.160292  0.000000 ) 
 (  0.005719 -0.000000 -0.003237  0.000000  0.427014 -0.000000 ) 
 ( -0.005712  0.000000  0.003293 -0.000000  0.483519 -0.000000 ) 
 (  0.001678  0.000000  0.000857  0.000000 -0.035918  0.000000 ) 
 (  0.001655  0.000000  0.001048  0.000000  0.229651  0.000000 ) 
 (  0.052294 -0.000000 -0.199875  0.000000  0.085814 -0.000000 ) 
 ( -0.054459  0.000000  0.224774 -0.000000  0.094622 -0.000000 ) 
 (  0.011857  0.000000  0.019244  0.000000 -0.011213  0.000000 ) 
 (  0.019278  0.000000  0.104611  0.000000  0.041413  0.000000 ) 
 (  0.049955 -0.000000 -0.218760  0.000000  0.088022 -0.000000 ) 
 ( -0.047347  0.000000  0.193644 -0.000000  0.079134 -0.000000 ) 
 ( -0.018660  0.000000 -0.103199  0.000000  0.039614  0.000000 ) 
 ( -0.009719  0.000000 -0.017085  0.000000 -0.009139  0.000000 ) 
     freq (   42) =      32.288843 [THz] =    1077.039868 [cm-1]
 (  0.000012  0.000000 -0.000006  0.000000  0.000047  0.000000 ) 
 ( -0.000004  0.000000 -0.000002  0.000000  0.000161  0.000000 ) 
 (  0.000196  0.000000 -0.000412  0.000000  0.043338  0.000000 ) 
 ( -0.000285  0.000000  0.000329  0.000000  0.007506  0.000000 ) 
 ( -0.000811  0.000000 -0.001283  0.000000  0.092386  0.000000 ) 
 ( -0.000837  0.000000 -0.001259  0.000000 -0.081935  0.000000 ) 
 (  0.000629  0.000000  0.001753  0.000000 -0.160292  0.000000 ) 
 ( -0.000429  0.000000 -0.001187  0.000000 -0.042252  0.000000 ) 
 ( -0.001842  0.000000  0.005122  0.000000 -0.364436  0.000000 ) 
 ( -0.001784  0.000000  0.004957  0.000000  0.330008  0.000000 ) 
 ( -0.001655  0.000000  0.001048  0.000000 -0.229651  0.000000 ) 
 (  0.001678  0.000000 -0.000857  0.000000 -0.035918  0.000000 ) 
 (  0.005712  0.000000  0.003293  0.000000 -0.483519  0.000000 ) 
 (  0.005719  0.000000  0.003237  0.000000  0.427014  0.000000 ) 
 ( -0.019278  0.000000  0.104611  0.000000 -0.041413  0.000000 ) 
 (  0.011857  0.000000 -0.019244  0.000000 -0.011213  0.000000 ) 
 (  0.054459  0.000000  0.224774  0.000000 -0.094622  0.000000 ) 
 (  0.052294  0.000000  0.199875  0.000000  0.085814  0.000000 ) 
 ( -0.009719  0.000000  0.017085  0.000000 -0.009139  0.000000 ) 
 (  0.018660  0.000000 -0.103199  0.000000 -0.039614  0.000000 ) 
 ( -0.047347  0.000000 -0.193644  0.000000  0.079134  0.000000 ) 
 ( -0.049955  0.000000 -0.218760  0.000000 -0.088022  0.000000 ) 
     freq (   43) =      35.812991 [THz] =    1194.592793 [cm-1]
 ( -0.000018  0.000000 -0.000026  0.000000  0.000001  0.000000 ) 
 ( -0.000001  0.000000  0.000001  0.000000 -0.000010  0.000000 ) 
 ( -0.000078  0.000000  0.000023  0.000000 -0.004747  0.000000 ) 
 ( -0.000076  0.000000  0.000021  0.000000  0.004255  0.000000 ) 
 ( -0.000023  0.000000 -0.000016  0.000000  0.004684  0.000000 ) 
 ( -0.000015  0.000000 -0.000014  0.000000 -0.004185  0.000000 ) 
 (  0.000329  0.000000  0.002110  0.000000  0.283998  0.000000 ) 
 (  0.000325  0.000000  0.002034  0.000000 -0.249875  0.000000 ) 
 (  0.000054  0.000000 -0.000802  0.000000 -0.322900  0.000000 ) 
 (  0.000018  0.000000 -0.000573  0.000000  0.293339  0.000000 ) 
 ( -0.001838  0.000000  0.001315  0.000000 -0.225167  0.000000 ) 
 ( -0.001842  0.000000  0.001298  0.000000  0.197228  0.000000 ) 
 ( -0.000070  0.000000 -0.000233  0.000000  0.263974  0.000000 ) 
 (  0.000134  0.000000 -0.000088  0.000000 -0.240585  0.000000 ) 
 (  0.223016  0.000000  0.061159  0.000000  0.012445  0.000000 ) 
 (  0.195920  0.000000  0.053250  0.000000 -0.011218  0.000000 ) 
 (  0.256270  0.000000 -0.074593  0.000000 -0.011735  0.000000 ) 
 (  0.233073  0.000000 -0.068257  0.000000  0.010425  0.000000 ) 
 ( -0.194162  0.000000 -0.057848  0.000000 -0.007801  0.000000 ) 
 ( -0.221129  0.000000 -0.065818  0.000000  0.008988  0.000000 ) 
 ( -0.232010  0.000000  0.068552  0.000000  0.010254  0.000000 ) 
 ( -0.255006  0.000000  0.075399  0.000000 -0.011184  0.000000 ) 
     freq (   44) =      35.812991 [THz] =    1194.592793 [cm-1]
 (  0.000001  0.000000  0.000001  0.000000  0.000010  0.000000 ) 
 ( -0.000018  0.000000  0.000026  0.000000  0.000001  0.000000 ) 
 ( -0.000015  0.000000  0.000014  0.000000 -0.004185  0.000000 ) 
 (  0.000023  0.000000 -0.000016  0.000000 -0.004684  0.000000 ) 
 ( -0.000076  0.000000 -0.000021  0.000000  0.004255  0.000000 ) 
 (  0.000078  0.000000  0.000023  0.000000  0.004747  0.000000 ) 
 (  0.000018  0.000000  0.000573  0.000000  0.293339  0.000000 ) 
 ( -0.000054  0.000000 -0.000802  0.000000  0.322900  0.000000 ) 
 (  0.000325  0.000000 -0.002034  0.000000 -0.249875  0.000000 ) 
 ( -0.000329  0.000000  0.002110  0.000000 -0.283998  0.000000 ) 
 (  0.000134  0.000000  0.000088  0.000000 -0.240585  0.000000 ) 
 (  0.000070  0.000000 -0.000233  0.000000 -0.263974  0.000000 ) 
 ( -0.001842  0.000000 -0.001298  0.000000  0.197228  0.000000 ) 
 (  0.001838  0.000000  0.001315  0.000000  0.225167  0.000000 ) 
 (  0.233073  0.000000  0.068257  0.000000  0.010425  0.000000 ) 
 ( -0.256270  0.000000 -0.074593  0.000000  0.011735  0.000000 ) 
 (  0.195920  0.000000 -0.053250  0.000000 -0.011218  0.000000 ) 
 ( -0.223016  0.000000  0.061159  0.000000 -0.012445  0.000000 ) 
 (  0.255006  0.000000  0.075399  0.000000  0.011184  0.000000 ) 
 ( -0.232010  0.000000 -0.068552  0.000000  0.010254  0.000000 ) 
 (  0.221129  0.000000 -0.065818  0.000000 -0.008988  0.000000 ) 
 ( -0.194162  0.000000  0.057848  0.000000 -0.007801  0.000000 ) 
     freq (   45) =      35.994129 [THz] =    1200.634898 [cm-1]
 (  0.000048  0.000000  0.000164  0.000000  0.000002  0.000000 ) 
 (  0.000015  0.000000 -0.000052  0.000000 -0.000006  0.000000 ) 
 ( -0.004924  0.000000  0.003801  0.000000  0.000045  0.000000 ) 
 ( -0.006726  0.000000  0.004345  0.000000 -0.000026  0.000000 ) 
 (  0.001024  0.000000 -0.000419  0.000000 -0.000042  0.000000 ) 
 (  0.004695  0.000000  0.002147  0.000000  0.000020  0.000000 ) 
 (  0.052382  0.000000  0.267933  0.000000 -0.002639  0.000000 ) 
 (  0.062115  0.000000  0.324624  0.000000  0.001437  0.000000 ) 
 (  0.002592  0.000000 -0.003384  0.000000  0.002550  0.000000 ) 
 ( -0.033483  0.000000  0.183314  0.000000 -0.001266  0.000000 ) 
 ( -0.211101  0.000000  0.138455  0.000000  0.001773  0.000000 ) 
 ( -0.252562  0.000000  0.165538  0.000000 -0.000926  0.000000 ) 
 ( -0.007247  0.000000 -0.004911  0.000000 -0.001769  0.000000 ) 
 (  0.138840  0.000000  0.090869  0.000000  0.000919  0.000000 ) 
 (  0.122090  0.000000 -0.227335  0.000000  0.182541  0.000000 ) 
 (  0.153355  0.000000 -0.276077  0.000000 -0.223017  0.000000 ) 
 ( -0.006225  0.000000  0.001954  0.000000  0.000344  0.000000 ) 
 ( -0.093009  0.000000 -0.156656  0.000000 -0.128124  0.000000 ) 
 (  0.155464  0.000000 -0.275584  0.000000  0.223068  0.000000 ) 
 (  0.126036  0.000000 -0.226492  0.000000 -0.182832  0.000000 ) 
 ( -0.091047  0.000000 -0.157002  0.000000  0.127796  0.000000 ) 
 ( -0.002354  0.000000  0.001188  0.000000  0.000091  0.000000 ) 
     freq (   46) =      35.994129 [THz] =    1200.634898 [cm-1]
 ( -0.000015  0.000000 -0.000052  0.000000  0.000006  0.000000 ) 
 (  0.000048  0.000000 -0.000164  0.000000  0.000002  0.000000 ) 
 (  0.004695  0.000000 -0.002147  0.000000  0.000020  0.000000 ) 
 ( -0.001024  0.000000 -0.000419  0.000000  0.000042  0.000000 ) 
 ( -0.006726  0.000000 -0.004345  0.000000 -0.000026  0.000000 ) 
 (  0.004924  0.000000  0.003801  0.000000 -0.000045  0.000000 ) 
 ( -0.033483  0.000000 -0.183314  0.000000 -0.001266  0.000000 ) 
 ( -0.002592  0.000000 -0.003384  0.000000 -0.002550  0.000000 ) 
 (  0.062115  0.000000 -0.324624  0.000000  0.001437  0.000000 ) 
 ( -0.052382  0.000000  0.267933  0.000000  0.002639  0.000000 ) 
 (  0.138840  0.000000 -0.090869  0.000000  0.000919  0.000000 ) 
 (  0.007247  0.000000 -0.004911  0.000000  0.001769  0.000000 ) 
 ( -0.252562  0.000000 -0.165538  0.000000 -0.000926  0.000000 ) 
 (  0.211101  0.000000  0.138455  0.000000 -0.001773  0.000000 ) 
 ( -0.093009  0.000000  0.156656  0.000000 -0.128124  0.000000 ) 
 (  0.006225  0.000000  0.001954  0.000000 -0.000344  0.000000 ) 
 (  0.153355  0.000000  0.276077  0.000000 -0.223017  0.000000 ) 
 ( -0.122090  0.000000 -0.227335  0.000000 -0.182541  0.000000 ) 
 (  0.002354  0.000000  0.001188  0.000000 -0.000091  0.000000 ) 
 ( -0.091047  0.000000  0.157002  0.000000  0.127796  0.000000 ) 
 ( -0.126036  0.000000 -0.226492  0.000000  0.182832  0.000000 ) 
 (  0.155464  0.000000  0.275584  0.000000  0.223068  0.000000 ) 
     freq (   47) =      36.134334 [THz] =    1205.311657 [cm-1]
 (  0.000001  0.000000 -0.000007  0.000000  0.000247  0.000000 ) 
 ( -0.000001  0.000000 -0.000008  0.000000  0.000225  0.000000 ) 
 (  0.000022 -0.000000 -0.000036  0.000000  0.008081  0.000000 ) 
 ( -0.000085  0.000000  0.000052 -0.000000  0.001917  0.000000 ) 
 ( -0.000014  0.000000 -0.000031  0.000000  0.007937  0.000000 ) 
 ( -0.000083  0.000000 -0.000049  0.000000 -0.001168  0.000000 ) 
 ( -0.000783  0.000000 -0.003953  0.000000 -0.408868  0.000000 ) 
 (  0.000921 -0.000000  0.005306 -0.000000  0.003310 -0.000000 ) 
 (  0.000700 -0.000000 -0.003474  0.000000 -0.410970  0.000000 ) 
 (  0.000852 -0.000000 -0.004959  0.000000 -0.041639  0.000000 ) 
 (  0.003235 -0.000000 -0.002075  0.000000  0.320179  0.000000 ) 
 ( -0.004069  0.000000  0.002833 -0.000000 -0.021834  0.000000 ) 
 ( -0.002867  0.000000 -0.001818  0.000000  0.323628  0.000000 ) 
 ( -0.003784  0.000000 -0.002651  0.000000  0.051934  0.000000 ) 
 ( -0.321465  0.000000 -0.088505  0.000000 -0.015138  0.000000 ) 
 ( -0.006803  0.000000 -0.013238  0.000000 -0.004629  0.000000 ) 
 (  0.323511  0.000000 -0.090133  0.000000 -0.014771  0.000000 ) 
 ( -0.036957  0.000000  0.021589 -0.000000  0.003231 -0.000000 ) 
 (  0.011614 -0.000000  0.004463  0.000000  0.002109 -0.000000 ) 
 (  0.319104  0.000000  0.092835 -0.000000 -0.011611  0.000000 ) 
 (  0.041568 -0.000000 -0.013182  0.000000 -0.003206  0.000000 ) 
 ( -0.321590  0.000000  0.093660 -0.000000 -0.011860  0.000000 ) 
     freq (   48) =      36.134334 [THz] =    1205.311657 [cm-1]
 (  0.000001  0.000000 -0.000008  0.000000 -0.000225  0.000000 ) 
 (  0.000001  0.000000  0.000007  0.000000  0.000247  0.000000 ) 
 ( -0.000083  0.000000  0.000049  0.000000 -0.001168  0.000000 ) 
 (  0.000014  0.000000 -0.000031  0.000000 -0.007937  0.000000 ) 
 ( -0.000085  0.000000 -0.000052  0.000000  0.001917  0.000000 ) 
 ( -0.000022  0.000000 -0.000036  0.000000 -0.008081  0.000000 ) 
 (  0.000852  0.000000  0.004959  0.000000 -0.041639  0.000000 ) 
 ( -0.000700  0.000000 -0.003474  0.000000  0.410970  0.000000 ) 
 (  0.000921  0.000000 -0.005306  0.000000  0.003310  0.000000 ) 
 (  0.000783  0.000000 -0.003953  0.000000  0.408868  0.000000 ) 
 ( -0.003784  0.000000  0.002651  0.000000  0.051934  0.000000 ) 
 (  0.002867  0.000000 -0.001818  0.000000 -0.323628  0.000000 ) 
 ( -0.004069  0.000000 -0.002833  0.000000 -0.021834  0.000000 ) 
 ( -0.003235  0.000000 -0.002075  0.000000 -0.320179  0.000000 ) 
 ( -0.036957  0.000000 -0.021589  0.000000  0.003231  0.000000 ) 
 ( -0.323511  0.000000 -0.090133  0.000000  0.014771  0.000000 ) 
 ( -0.006803  0.000000  0.013238  0.000000 -0.004629  0.000000 ) 
 (  0.321465  0.000000 -0.088505  0.000000  0.015138  0.000000 ) 
 (  0.321590  0.000000  0.093660  0.000000  0.011860  0.000000 ) 
 (  0.041568  0.000000  0.013182  0.000000 -0.003206  0.000000 ) 
 ( -0.319104  0.000000  0.092835  0.000000  0.011611  0.000000 ) 
 (  0.011614  0.000000 -0.004463  0.000000  0.002109  0.000000 ) 
     freq (   49) =      36.331529 [THz] =    1211.889353 [cm-1]
 ( -0.000597  0.000000  0.000109  0.000000  0.000001  0.000000 ) 
 ( -0.000187  0.000000 -0.000034  0.000000 -0.000004  0.000000 ) 
 ( -0.004278  0.000000  0.001035  0.000000 -0.000006  0.000000 ) 
 ( -0.001318  0.000000  0.000008  0.000000  0.000094  0.000000 ) 
 ( -0.005600  0.000000 -0.001802  0.000000 -0.000126  0.000000 ) 
 ( -0.003847  0.000000 -0.001476  0.000000  0.000158  0.000000 ) 
 (  0.035939  0.000000  0.187838  0.000000  0.002459  0.000000 ) 
 ( -0.001204  0.000000 -0.001845  0.000000 -0.006079  0.000000 ) 
 (  0.064708  0.000000 -0.331801  0.000000  0.004439  0.000000 ) 
 (  0.053824  0.000000 -0.273519  0.000000 -0.007114  0.000000 ) 
 ( -0.144141  0.000000  0.092812  0.000000 -0.002492  0.000000 ) 
 (  0.006265  0.000000 -0.005344  0.000000  0.005081  0.000000 ) 
 ( -0.261592  0.000000 -0.170324  0.000000 -0.002945  0.000000 ) 
 ( -0.218388  0.000000 -0.142915  0.000000  0.005318  0.000000 ) 
 (  0.092589  0.000000 -0.152109  0.000000  0.124593  0.000000 ) 
 (  0.009147  0.000000  0.003324  0.000000 -0.000369  0.000000 ) 
 (  0.149081  0.000000  0.271323  0.000000 -0.217792  0.000000 ) 
 (  0.117201  0.000000  0.224700  0.000000  0.178634  0.000000 ) 
 ( -0.000582  0.000000  0.000453  0.000000 -0.000000  0.000000 ) 
 (  0.088419  0.000000 -0.153619  0.000000 -0.124551  0.000000 ) 
 (  0.128249  0.000000  0.221840  0.000000 -0.179220  0.000000 ) 
 (  0.155774  0.000000  0.269836  0.000000  0.218249  0.000000 ) 
     freq (   50) =      36.331529 [THz] =    1211.889353 [cm-1]
 (  0.000187  0.000000 -0.000034  0.000000  0.000004  0.000000 ) 
 ( -0.000597  0.000000 -0.000109  0.000000  0.000001  0.000000 ) 
 ( -0.003847  0.000000  0.001476  0.000000  0.000158  0.000000 ) 
 (  0.005600  0.000000 -0.001802  0.000000  0.000126  0.000000 ) 
 ( -0.001318  0.000000 -0.000008  0.000000  0.000094  0.000000 ) 
 (  0.004278  0.000000  0.001035  0.000000  0.000006  0.000000 ) 
 (  0.053824  0.000000  0.273519  0.000000 -0.007114  0.000000 ) 
 ( -0.064708  0.000000 -0.331801  0.000000 -0.004439  0.000000 ) 
 ( -0.001204  0.000000  0.001845  0.000000 -0.006079  0.000000 ) 
 ( -0.035939  0.000000  0.187838  0.000000 -0.002459  0.000000 ) 
 ( -0.218388  0.000000  0.142915  0.000000  0.005318  0.000000 ) 
 (  0.261592  0.000000 -0.170324  0.000000  0.002945  0.000000 ) 
 (  0.006265  0.000000  0.005344  0.000000  0.005081  0.000000 ) 
 (  0.144141  0.000000  0.092812  0.000000  0.002492  0.000000 ) 
 (  0.117201  0.000000 -0.224700  0.000000  0.178634  0.000000 ) 
 ( -0.149081  0.000000  0.271323  0.000000  0.217792  0.000000 ) 
 (  0.009147  0.000000 -0.003324  0.000000 -0.000369  0.000000 ) 
 ( -0.092589  0.000000 -0.152109  0.000000 -0.124593  0.000000 ) 
 ( -0.155774  0.000000  0.269836  0.000000 -0.218249  0.000000 ) 
 (  0.128249  0.000000 -0.221840  0.000000 -0.179220  0.000000 ) 
 ( -0.088419  0.000000 -0.153619  0.000000  0.124551  0.000000 ) 
 ( -0.000582  0.000000 -0.000453  0.000000 -0.000000  0.000000 ) 
     freq (   51) =      68.406935 [THz] =    2281.809747 [cm-1]
 ( -0.000076  0.000000  0.000106 -0.000000  0.000001  0.000000 ) 
 (  0.000061 -0.000000  0.000085  0.000000  0.000002 -0.000000 ) 
 (  0.008128 -0.000000  0.014139 -0.000000 -0.000051  0.000000 ) 
 ( -0.001096  0.000000 -0.002047  0.000000  0.000303 -0.000000 ) 
 ( -0.008578  0.000000  0.014955  0.000000  0.000016  0.000000 ) 
 ( -0.002954  0.000000  0.005282 -0.000000 -0.000300  0.000000 ) 
 (  0.277273 -0.000000 -0.053619  0.000000 -0.000228  0.000000 ) 
 (  0.000212  0.000000 -0.000766  0.000000  0.000224 -0.000000 ) 
 ( -0.284170  0.000000 -0.054790  0.000000 -0.000183  0.000000 ) 
 ( -0.062230  0.000000 -0.011291  0.000000 -0.000178  0.000000 ) 
 ( -0.266409  0.000000 -0.414685  0.000000 -0.000056  0.000000 ) 
 (  0.011622  0.000000  0.017083  0.000000 -0.000081  0.000000 ) 
 (  0.275700  0.000000 -0.428919  0.000000 -0.000075  0.000000 ) 
 (  0.071914 -0.000000 -0.110905  0.000000  0.000096 -0.000000 ) 
 ( -0.051419  0.000000  0.148441 -0.000000  0.223338 -0.000000 ) 
 ( -0.001406  0.000000  0.001933 -0.000000 -0.003819  0.000000 ) 
 (  0.052390  0.000000  0.151724  0.000000  0.228072  0.000000 ) 
 (  0.010139  0.000000  0.031451  0.000000 -0.046385  0.000000 ) 
 ( -0.000507  0.000000 -0.000763  0.000000  0.000000 -0.000000 ) 
 ( -0.051303  0.000000  0.147714 -0.000000 -0.222459  0.000000 ) 
 (  0.011034  0.000000  0.034050 -0.000000  0.050102 -0.000000 ) 
 (  0.052474  0.000000  0.151586  0.000000 -0.228031  0.000000 ) 
     freq (   52) =      68.406935 [THz] =    2281.809747 [cm-1]
 (  0.000061  0.000000 -0.000085  0.000000  0.000002  0.000000 ) 
 (  0.000076 -0.000000  0.000106  0.000000 -0.000001  0.000000 ) 
 (  0.002954  0.000000  0.005282  0.000000  0.000300  0.000000 ) 
 ( -0.008578  0.000000 -0.014955  0.000000  0.000016  0.000000 ) 
 (  0.001096  0.000000 -0.002047  0.000000 -0.000303  0.000000 ) 
 (  0.008128  0.000000 -0.014139  0.000000 -0.000051  0.000000 ) 
 (  0.062230  0.000000 -0.011291  0.000000  0.000178  0.000000 ) 
 ( -0.284170  0.000000  0.054790 -0.000000 -0.000183  0.000000 ) 
 ( -0.000212  0.000000 -0.000766  0.000000 -0.000224  0.000000 ) 
 (  0.277273  0.000000  0.053619  0.000000 -0.000228  0.000000 ) 
 ( -0.071914  0.000000 -0.110905  0.000000 -0.000096  0.000000 ) 
 (  0.275700  0.000000  0.428919  0.000000 -0.000075  0.000000 ) 
 ( -0.011622  0.000000  0.017083  0.000000  0.000081 -0.000000 ) 
 ( -0.266409  0.000000  0.414685  0.000000 -0.000056  0.000000 ) 
 ( -0.010139  0.000000  0.031451  0.000000  0.046385  0.000000 ) 
 (  0.052390 -0.000000 -0.151724  0.000000  0.228072  0.000000 ) 
 (  0.001406  0.000000  0.001933  0.000000  0.003819  0.000000 ) 
 ( -0.051419  0.000000 -0.148441  0.000000  0.223338  0.000000 ) 
 (  0.052474 -0.000000 -0.151586  0.000000 -0.228031  0.000000 ) 
 ( -0.011034  0.000000  0.034050  0.000000 -0.050102  0.000000 ) 
 ( -0.051303  0.000000 -0.147714  0.000000 -0.222459  0.000000 ) 
 (  0.000507  0.000000 -0.000763  0.000000 -0.000000  0.000000 ) 
     freq (   53) =      68.460080 [THz] =    2283.582457 [cm-1]
 (  0.000049 -0.000000  0.000139  0.000000  0.000002 -0.000000 ) 
 ( -0.000034  0.000000  0.000095 -0.000000  0.000003  0.000000 ) 
 (  0.000560  0.000000  0.003612 -0.000000 -0.000272  0.000000 ) 
 (  0.008740  0.000000  0.019034  0.000000  0.000093 -0.000000 ) 
 (  0.002810 -0.000000 -0.003550  0.000000 -0.000256  0.000000 ) 
 (  0.009163 -0.000000 -0.019022  0.000000  0.000006  0.000000 ) 
 (  0.106182 -0.000000 -0.021391  0.000000  0.000119 -0.000000 ) 
 (  0.283894  0.000000 -0.052234  0.000000 -0.000091  0.000000 ) 
 ( -0.003190  0.000000 -0.002577  0.000000  0.000093  0.000000 ) 
 (  0.263308 -0.000000  0.047723 -0.000000  0.000051  0.000000 ) 
 ( -0.076729  0.000000 -0.118711  0.000000 -0.000095  0.000000 ) 
 ( -0.287402  0.000000 -0.446045  0.000000  0.000068  0.000000 ) 
 ( -0.029795  0.000000  0.046641 -0.000000 -0.000076  0.000000 ) 
 ( -0.278568  0.000000  0.432480 -0.000000 -0.000036  0.000000 ) 
 ( -0.019685  0.000000  0.052519 -0.000000  0.078114 -0.000000 ) 
 ( -0.049604  0.000000  0.141626  0.000000 -0.209089  0.000000 ) 
 (  0.001773  0.000000  0.001106  0.000000  0.002253  0.000000 ) 
 ( -0.045565  0.000000 -0.131533  0.000000  0.193962 -0.000000 ) 
 ( -0.049398  0.000000  0.140500  0.000000  0.207734  0.000000 ) 
 ( -0.018086  0.000000  0.050151 -0.000000 -0.075522  0.000000 ) 
 ( -0.045969  0.000000 -0.131248  0.000000 -0.193520  0.000000 ) 
 (  0.000136  0.000000 -0.000997  0.000000 -0.000000  0.000000 ) 
     freq (   54) =      68.460080 [THz] =    2283.582457 [cm-1]
 ( -0.000034  0.000000 -0.000095  0.000000  0.000003 -0.000000 ) 
 ( -0.000049  0.000000  0.000139 -0.000000 -0.000002  0.000000 ) 
 ( -0.009163  0.000000 -0.019022  0.000000 -0.000006  0.000000 ) 
 (  0.002810 -0.000000  0.003550 -0.000000 -0.000256  0.000000 ) 
 ( -0.008740  0.000000  0.019034 -0.000000 -0.000093  0.000000 ) 
 (  0.000560  0.000000 -0.003612  0.000000 -0.000272  0.000000 ) 
 ( -0.263308  0.000000  0.047723  0.000000 -0.000051  0.000000 ) 
 ( -0.003190  0.000000  0.002577 -0.000000  0.000093  0.000000 ) 
 ( -0.283894  0.000000 -0.052234  0.000000  0.000091  0.000000 ) 
 (  0.106182 -0.000000  0.021391 -0.000000  0.000119  0.000000 ) 
 (  0.278568  0.000000  0.432480  0.000000  0.000036  0.000000 ) 
 ( -0.029795  0.000000 -0.046641  0.000000 -0.000076  0.000000 ) 
 (  0.287402 -0.000000 -0.446045  0.000000 -0.000068  0.000000 ) 
 ( -0.076729  0.000000  0.118711  0.000000 -0.000095  0.000000 ) 
 (  0.045565  0.000000 -0.131533  0.000000 -0.193962  0.000000 ) 
 (  0.001773  0.000000 -0.001106  0.000000  0.002253  0.000000 ) 
 (  0.049604 -0.000000  0.141626 -0.000000  0.209089 -0.000000 ) 
 ( -0.019685  0.000000 -0.052519  0.000000  0.078114 -0.000000 ) 
 (  0.000136  0.000000  0.000997  0.000000 -0.000000  0.000000 ) 
 (  0.045969  0.000000 -0.131248  0.000000  0.193520  0.000000 ) 
 ( -0.018086  0.000000 -0.050151  0.000000 -0.075522  0.000000 ) 
 (  0.049398  0.000000  0.140500  0.000000 -0.207734  0.000000 ) 
     freq (   55) =      70.059990 [THz] =    2336.949725 [cm-1]
 (  0.000009  0.000000  0.000035  0.000000  0.000001  0.000000 ) 
 ( -0.000020  0.000000  0.000077  0.000000  0.000001  0.000000 ) 
 (  0.037627  0.000000  0.030556  0.000000 -0.000233  0.000000 ) 
 ( -0.048554  0.000000 -0.044541  0.000000 -0.000095  0.000000 ) 
 ( -0.007749  0.000000  0.001872  0.000000 -0.000226  0.000000 ) 
 ( -0.031651  0.000000  0.032461  0.000000 -0.000076  0.000000 ) 
 ( -0.329778  0.000000  0.081891  0.000000  0.000052  0.000000 ) 
 (  0.429336  0.000000 -0.108117  0.000000 -0.000017  0.000000 ) 
 (  0.064638  0.000000  0.014749  0.000000  0.000083  0.000000 ) 
 (  0.282408  0.000000  0.072117  0.000000  0.000067  0.000000 ) 
 ( -0.164019  0.000000 -0.264894  0.000000 -0.000031  0.000000 ) 
 (  0.222732  0.000000  0.355045  0.000000  0.000001  0.000000 ) 
 (  0.024192  0.000000 -0.043112  0.000000 -0.000042  0.000000 ) 
 (  0.152619  0.000000 -0.240306  0.000000 -0.000028  0.000000 ) 
 (  0.041831  0.000000 -0.076298  0.000000 -0.129037  0.000000 ) 
 ( -0.062765  0.000000  0.118986  0.000000 -0.200325  0.000000 ) 
 ( -0.001014  0.000000  0.002049  0.000000  0.002679  0.000000 ) 
 ( -0.046804  0.000000 -0.091327  0.000000  0.153254  0.000000 ) 
 ( -0.063203  0.000000  0.119672  0.000000  0.201270  0.000000 ) 
 (  0.042849  0.000000 -0.078100  0.000000  0.131485  0.000000 ) 
 ( -0.046502  0.000000 -0.090674  0.000000 -0.152386  0.000000 ) 
 ( -0.001981  0.000000  0.000258  0.000000 -0.000260  0.000000 ) 
     freq (   56) =      70.059990 [THz] =    2336.949725 [cm-1]
 (  0.000020  0.000000  0.000077  0.000000 -0.000001  0.000000 ) 
 (  0.000009  0.000000 -0.000035  0.000000  0.000001  0.000000 ) 
 ( -0.031651  0.000000 -0.032461  0.000000 -0.000076  0.000000 ) 
 (  0.007749  0.000000  0.001872  0.000000  0.000226  0.000000 ) 
 ( -0.048554  0.000000  0.044541  0.000000 -0.000095  0.000000 ) 
 ( -0.037627  0.000000  0.030556  0.000000  0.000233  0.000000 ) 
 (  0.282408  0.000000 -0.072117  0.000000  0.000067  0.000000 ) 
 ( -0.064638  0.000000  0.014749  0.000000 -0.000083  0.000000 ) 
 (  0.429336  0.000000  0.108117  0.000000 -0.000017  0.000000 ) 
 (  0.329778  0.000000  0.081891  0.000000 -0.000052  0.000000 ) 
 (  0.152619  0.000000  0.240306  0.000000 -0.000028  0.000000 ) 
 ( -0.024192  0.000000 -0.043112  0.000000  0.000042  0.000000 ) 
 (  0.222732  0.000000 -0.355045  0.000000  0.000001  0.000000 ) 
 (  0.164019  0.000000 -0.264894  0.000000  0.000031  0.000000 ) 
 ( -0.046804  0.000000  0.091327  0.000000  0.153254  0.000000 ) 
 (  0.001014  0.000000  0.002049  0.000000 -0.002679  0.000000 ) 
 ( -0.062765  0.000000 -0.118986  0.000000 -0.200325  0.000000 ) 
 ( -0.041831  0.000000 -0.076298  0.000000  0.129037  0.000000 ) 
 (  0.001981  0.000000  0.000258  0.000000  0.000260  0.000000 ) 
 ( -0.046502  0.000000  0.090674  0.000000 -0.152386  0.000000 ) 
 ( -0.042849  0.000000 -0.078100  0.000000 -0.131485  0.000000 ) 
 ( -0.063203  0.000000 -0.119672  0.000000  0.201270  0.000000 ) 
     freq (   57) =      70.313600 [THz] =    2345.409233 [cm-1]
 (  0.000184  0.000000  0.000144  0.000000 -0.000002  0.000000 ) 
 (  0.000098  0.000000 -0.000077  0.000000  0.000003  0.000000 ) 
 (  0.039244  0.000000  0.026791  0.000000  0.000229  0.000000 ) 
 (  0.051882  0.000000  0.041751  0.000000 -0.000358  0.000000 ) 
 (  0.012347  0.000000 -0.004160  0.000000 -0.000034  0.000000 ) 
 ( -0.036113  0.000000  0.032290  0.000000 -0.000278  0.000000 ) 
 ( -0.322886  0.000000  0.079383  0.000000  0.000145  0.000000 ) 
 ( -0.431553  0.000000  0.107127  0.000000  0.000010  0.000000 ) 
 ( -0.098435  0.000000 -0.023508  0.000000 -0.000181  0.000000 ) 
 (  0.302773  0.000000  0.075677  0.000000  0.000110  0.000000 ) 
 ( -0.167013  0.000000 -0.274016  0.000000  0.000060  0.000000 ) 
 ( -0.240393  0.000000 -0.389364  0.000000 -0.000090  0.000000 ) 
 ( -0.039336  0.000000  0.067940  0.000000 -0.000012  0.000000 ) 
 (  0.177321  0.000000 -0.284843  0.000000 -0.000068  0.000000 ) 
 (  0.032248  0.000000 -0.055095  0.000000 -0.092779  0.000000 ) 
 (  0.051756  0.000000 -0.095066  0.000000  0.158550  0.000000 ) 
 (  0.003994  0.000000  0.002346  0.000000  0.004989  0.000000 ) 
 ( -0.040679  0.000000 -0.077508  0.000000  0.128667  0.000000 ) 
 (  0.050610  0.000000 -0.092242  0.000000 -0.154503  0.000000 ) 
 (  0.031559  0.000000 -0.053255  0.000000  0.090194  0.000000 ) 
 ( -0.039760  0.000000 -0.075343  0.000000 -0.125529  0.000000 ) 
 (  0.003937  0.000000  0.002031  0.000000 -0.004600  0.000000 ) 
     freq (   58) =      70.313600 [THz] =    2345.409233 [cm-1]
 (  0.000098  0.000000  0.000077  0.000000  0.000003  0.000000 ) 
 ( -0.000184  0.000000  0.000144  0.000000  0.000002  0.000000 ) 
 (  0.036113  0.000000  0.032290  0.000000  0.000278  0.000000 ) 
 (  0.012347  0.000000  0.004160  0.000000 -0.000034  0.000000 ) 
 ( -0.051882  0.000000  0.041751  0.000000  0.000358  0.000000 ) 
 (  0.039244  0.000000 -0.026791  0.000000  0.000229  0.000000 ) 
 ( -0.302773  0.000000  0.075677  0.000000 -0.000110  0.000000 ) 
 ( -0.098435  0.000000  0.023508  0.000000 -0.000181  0.000000 ) 
 (  0.431553  0.000000  0.107127  0.000000 -0.000010  0.000000 ) 
 ( -0.322886  0.000000 -0.079383  0.000000  0.000145  0.000000 ) 
 ( -0.177321  0.000000 -0.284843  0.000000  0.000068  0.000000 ) 
 ( -0.039336  0.000000 -0.067940  0.000000 -0.000012  0.000000 ) 
 (  0.240393  0.000000 -0.389364  0.000000  0.000090  0.000000 ) 
 ( -0.167013  0.000000  0.274016  0.000000  0.000060  0.000000 ) 
 (  0.040679  0.000000 -0.077508  0.000000 -0.128667  0.000000 ) 
 (  0.003994  0.000000 -0.002346  0.000000  0.004989  0.000000 ) 
 ( -0.051756  0.000000 -0.095066  0.000000 -0.158550  0.000000 ) 
 (  0.032248  0.000000  0.055095  0.000000 -0.092779  0.000000 ) 
 (  0.003937  0.000000 -0.002031  0.000000 -0.004600  0.000000 ) 
 (  0.039760  0.000000 -0.075343  0.000000  0.125529  0.000000 ) 
 (  0.031559  0.000000  0.053255  0.000000  0.090194  0.000000 ) 
 ( -0.050610  0.000000 -0.092242  0.000000  0.154503  0.000000 ) 
     freq (   59) =      70.555895 [THz] =    2353.491336 [cm-1]
 ( -0.000047  0.000000 -0.000035  0.000000 -0.000000  0.000000 ) 
 ( -0.000055  0.000000  0.000041  0.000000  0.000000  0.000000 ) 
 (  0.047658  0.000000 -0.048138  0.000000  0.000106  0.000000 ) 
 ( -0.004866  0.000000 -0.004323  0.000000  0.000142  0.000000 ) 
 (  0.047529  0.000000  0.049620  0.000000 -0.000083  0.000000 ) 
 ( -0.003377  0.000000 -0.012788  0.000000  0.000125  0.000000 ) 
 ( -0.449544  0.000000  0.086768  0.000000  0.000031  0.000000 ) 
 (  0.039973  0.000000 -0.008350  0.000000  0.000098  0.000000 ) 
 ( -0.449362  0.000000 -0.086623  0.000000 -0.000015  0.000000 ) 
 (  0.037873  0.000000  0.006666  0.000000  0.000094  0.000000 ) 
 (  0.065747  0.000000  0.064815  0.000000  0.000029  0.000000 ) 
 (  0.025172  0.000000  0.040086  0.000000  0.000101  0.000000 ) 
 (  0.071133  0.000000 -0.072790  0.000000 -0.000012  0.000000 ) 
 ( -0.037026  0.000000  0.052002  0.000000  0.000098  0.000000 ) 
 ( -0.063060  0.000000  0.186579  0.000000  0.299934  0.000000 ) 
 ( -0.005331  0.000000  0.008853  0.000000 -0.015728  0.000000 ) 
 ( -0.064944  0.000000 -0.190943  0.000000 -0.307211  0.000000 ) 
 (  0.016416  0.000000  0.041546  0.000000 -0.068307  0.000000 ) 
 ( -0.004867  0.000000  0.007804  0.000000  0.014324  0.000000 ) 
 ( -0.063370  0.000000  0.187284  0.000000 -0.301056  0.000000 ) 
 (  0.015999  0.000000  0.040604  0.000000  0.067078  0.000000 ) 
 ( -0.065177  0.000000 -0.191476  0.000000  0.308106  0.000000 ) 
     freq (   60) =      70.555895 [THz] =    2353.491336 [cm-1]
 (  0.000055  0.000000  0.000041  0.000000 -0.000000  0.000000 ) 
 ( -0.000047  0.000000  0.000035  0.000000 -0.000000  0.000000 ) 
 ( -0.003377  0.000000  0.012788  0.000000  0.000125  0.000000 ) 
 ( -0.047529  0.000000  0.049620  0.000000  0.000083  0.000000 ) 
 ( -0.004866  0.000000  0.004323  0.000000  0.000142  0.000000 ) 
 ( -0.047658  0.000000 -0.048138  0.000000 -0.000106  0.000000 ) 
 (  0.037873  0.000000 -0.006666  0.000000  0.000094  0.000000 ) 
 (  0.449362  0.000000 -0.086623  0.000000  0.000015  0.000000 ) 
 (  0.039973  0.000000  0.008350  0.000000  0.000098  0.000000 ) 
 (  0.449544  0.000000  0.086768  0.000000 -0.000031  0.000000 ) 
 ( -0.037026  0.000000 -0.052002  0.000000  0.000098  0.000000 ) 
 ( -0.071133  0.000000 -0.072790  0.000000  0.000012  0.000000 ) 
 (  0.025172  0.000000 -0.040086  0.000000  0.000101  0.000000 ) 
 ( -0.065747  0.000000  0.064815  0.000000 -0.000029  0.000000 ) 
 (  0.016416  0.000000 -0.041546  0.000000 -0.068307  0.000000 ) 
 (  0.064944  0.000000 -0.190943  0.000000  0.307211  0.000000 ) 
 ( -0.005331  0.000000 -0.008853  0.000000 -0.015728  0.000000 ) 
 (  0.063060  0.000000  0.186579  0.000000 -0.299934  0.000000 ) 
 (  0.065177  0.000000 -0.191476  0.000000 -0.308106  0.000000 ) 
 (  0.015999  0.000000 -0.040604  0.000000  0.067078  0.000000 ) 
 (  0.063370  0.000000  0.187284  0.000000  0.301056  0.000000 ) 
 ( -0.004867  0.000000 -0.007804  0.000000  0.014324  0.000000 ) 
     freq (   61) =      71.089463 [THz] =    2371.289237 [cm-1]
 ( -0.000074  0.000000  0.000094  0.000000  0.000001  0.000000 ) 
 (  0.000086  0.000000  0.000109  0.000000  0.000000  0.000000 ) 
 ( -0.044585  0.000000  0.051324  0.000000  0.001175  0.000000 ) 
 (  0.006130  0.000000 -0.008766  0.000000 -0.000645  0.000000 ) 
 (  0.044162  0.000000  0.050593  0.000000  0.001279  0.000000 ) 
 ( -0.000178  0.000000  0.001523  0.000000  0.000819  0.000000 ) 
 (  0.449391  0.000000 -0.088605  0.000000  0.000231  0.000000 ) 
 ( -0.056969  0.000000  0.010457  0.000000 -0.000199  0.000000 ) 
 ( -0.445815  0.000000 -0.088010  0.000000  0.000261  0.000000 ) 
 (  0.006654  0.000000  0.002095  0.000000  0.000234  0.000000 ) 
 ( -0.084051  0.000000 -0.102816  0.000000  0.000311  0.000000 ) 
 (  0.016255  0.000000  0.021342  0.000000 -0.000117  0.000000 ) 
 (  0.082582  0.000000 -0.100811  0.000000  0.000331  0.000000 ) 
 (  0.004412  0.000000 -0.006870  0.000000  0.000163  0.000000 ) 
 (  0.070989  0.000000 -0.195797  0.000000 -0.310248  0.000000 ) 
 ( -0.011525  0.000000  0.032109  0.000000 -0.051133  0.000000 ) 
 ( -0.070064  0.000000 -0.193198  0.000000 -0.306093  0.000000 ) 
 ( -0.001500  0.000000 -0.004463  0.000000  0.007329  0.000000 ) 
 ( -0.013396  0.000000  0.037093  0.000000  0.058484  0.000000 ) 
 (  0.067614  0.000000 -0.186878  0.000000  0.297003  0.000000 ) 
 ( -0.003872  0.000000 -0.010771  0.000000 -0.016646  0.000000 ) 
 ( -0.066387  0.000000 -0.183476  0.000000  0.291663  0.000000 ) 
     freq (   62) =      71.089463 [THz] =    2371.289237 [cm-1]
 ( -0.000086  0.000000  0.000109  0.000000 -0.000000  0.000000 ) 
 ( -0.000074  0.000000 -0.000094  0.000000  0.000001  0.000000 ) 
 ( -0.000178  0.000000 -0.001523  0.000000  0.000819  0.000000 ) 
 ( -0.044162  0.000000  0.050593  0.000000 -0.001279  0.000000 ) 
 (  0.006130  0.000000  0.008766  0.000000 -0.000645  0.000000 ) 
 (  0.044585  0.000000  0.051324  0.000000 -0.001175  0.000000 ) 
 (  0.006654  0.000000 -0.002095  0.000000  0.000234  0.000000 ) 
 (  0.445815  0.000000 -0.088010  0.000000 -0.000261  0.000000 ) 
 ( -0.056969  0.000000 -0.010457  0.000000 -0.000199  0.000000 ) 
 ( -0.449391  0.000000 -0.088605  0.000000 -0.000231  0.000000 ) 
 (  0.004412  0.000000  0.006870  0.000000  0.000163  0.000000 ) 
 ( -0.082582  0.000000 -0.100811  0.000000 -0.000331  0.000000 ) 
 (  0.016255  0.000000 -0.021342  0.000000 -0.000117  0.000000 ) 
 (  0.084051  0.000000 -0.102816  0.000000 -0.000311  0.000000 ) 
 ( -0.001500  0.000000  0.004463  0.000000  0.007329  0.000000 ) 
 (  0.070064  0.000000 -0.193198  0.000000  0.306093  0.000000 ) 
 ( -0.011525  0.000000 -0.032109  0.000000 -0.051133  0.000000 ) 
 ( -0.070989  0.000000 -0.195797  0.000000  0.310248  0.000000 ) 
 (  0.066387  0.000000 -0.183476  0.000000 -0.291663  0.000000 ) 
 ( -0.003872  0.000000  0.010771  0.000000 -0.016646  0.000000 ) 
 ( -0.067614  0.000000 -0.186878  0.000000 -0.297003  0.000000 ) 
 ( -0.013396  0.000000 -0.037093  0.000000  0.058484  0.000000 ) 
     freq (   63) =      71.174887 [THz] =    2374.138680 [cm-1]
 ( -0.000001  0.000000 -0.000000  0.000000  0.000111  0.000000 ) 
 ( -0.000006  0.000000  0.000003  0.000000 -0.000016  0.000000 ) 
 ( -0.000196  0.000000  0.000141  0.000000 -0.069480  0.000000 ) 
 (  0.000224  0.000000 -0.000269  0.000000 -0.072167  0.000000 ) 
 (  0.000071  0.000000  0.000427  0.000000  0.000440  0.000000 ) 
 ( -0.000130  0.000000 -0.000485  0.000000 -0.019512  0.000000 ) 
 (  0.003434  0.000000 -0.000736  0.000000 -0.014604  0.000000 ) 
 ( -0.003823  0.000000  0.000794  0.000000 -0.015014  0.000000 ) 
 ( -0.000871  0.000000 -0.000100  0.000000  0.000630  0.000000 ) 
 (  0.001893  0.000000  0.000315  0.000000 -0.003542  0.000000 ) 
 ( -0.000849  0.000000 -0.001336  0.000000 -0.016878  0.000000 ) 
 (  0.001170  0.000000  0.001830  0.000000 -0.017543  0.000000 ) 
 (  0.000995  0.000000 -0.001531  0.000000  0.000062  0.000000 ) 
 ( -0.001279  0.000000  0.001977  0.000000 -0.004786  0.000000 ) 
 ( -0.099353  0.000000  0.261567  0.000000  0.388195  0.000000 ) 
 (  0.102772  0.000000 -0.271388  0.000000  0.402604  0.000000 ) 
 ( -0.002098  0.000000 -0.002672  0.000000 -0.004548  0.000000 ) 
 ( -0.026373  0.000000 -0.072399  0.000000  0.106842  0.000000 ) 
 ( -0.103175  0.000000  0.272185  0.000000  0.403940  0.000000 ) 
 (  0.099346  0.000000 -0.261483  0.000000  0.388080  0.000000 ) 
 (  0.027856  0.000000  0.075572  0.000000  0.112078  0.000000 ) 
 (  0.000671  0.000000 -0.000401  0.000000  0.000516  0.000000 ) 
     freq (   64) =      71.174887 [THz] =    2374.138680 [cm-1]
 (  0.000006  0.000000  0.000003  0.000000  0.000016  0.000000 ) 
 ( -0.000001  0.000000  0.000000  0.000000  0.000111  0.000000 ) 
 ( -0.000130  0.000000  0.000485  0.000000 -0.019512  0.000000 ) 
 ( -0.000071  0.000000  0.000427  0.000000 -0.000440  0.000000 ) 
 (  0.000224  0.000000  0.000269  0.000000 -0.072167  0.000000 ) 
 (  0.000196  0.000000  0.000141  0.000000  0.069480  0.000000 ) 
 (  0.001893  0.000000 -0.000315  0.000000 -0.003542  0.000000 ) 
 (  0.000871  0.000000 -0.000100  0.000000 -0.000630  0.000000 ) 
 ( -0.003823  0.000000 -0.000794  0.000000 -0.015014  0.000000 ) 
 ( -0.003434  0.000000 -0.000736  0.000000  0.014604  0.000000 ) 
 ( -0.001279  0.000000 -0.001977  0.000000 -0.004786  0.000000 ) 
 ( -0.000995  0.000000 -0.001531  0.000000 -0.000062  0.000000 ) 
 (  0.001170  0.000000 -0.001830  0.000000 -0.017543  0.000000 ) 
 (  0.000849  0.000000 -0.001336  0.000000  0.016878  0.000000 ) 
 ( -0.026373  0.000000  0.072399  0.000000  0.106842  0.000000 ) 
 (  0.002098  0.000000 -0.002672  0.000000  0.004548  0.000000 ) 
 (  0.102772  0.000000  0.271388  0.000000  0.402604  0.000000 ) 
 (  0.099353  0.000000  0.261567  0.000000 -0.388195  0.000000 ) 
 ( -0.000671  0.000000 -0.000401  0.000000 -0.000516  0.000000 ) 
 (  0.027856  0.000000 -0.075572  0.000000  0.112078  0.000000 ) 
 ( -0.099346  0.000000 -0.261483  0.000000 -0.388080  0.000000 ) 
 ( -0.103175  0.000000 -0.272185  0.000000  0.403940  0.000000 ) 
     freq (   65) =      71.235077 [THz] =    2376.146406 [cm-1]
 ( -0.000005  0.000000 -0.000003  0.000000 -0.000004  0.000000 ) 
 (  0.000000  0.000000 -0.000000  0.000000 -0.000094  0.000000 ) 
 ( -0.000379  0.000000  0.000770  0.000000 -0.070838  0.000000 ) 
 ( -0.000320  0.000000  0.000708  0.000000  0.071630  0.000000 ) 
 (  0.000709  0.000000  0.000756  0.000000  0.006238  0.000000 ) 
 (  0.000679  0.000000  0.000693  0.000000 -0.012320  0.000000 ) 
 (  0.002182  0.000000 -0.000329  0.000000 -0.015386  0.000000 ) 
 (  0.001659  0.000000 -0.000226  0.000000  0.015577  0.000000 ) 
 ( -0.006202  0.000000 -0.001220  0.000000  0.001574  0.000000 ) 
 ( -0.006038  0.000000 -0.001196  0.000000 -0.002896  0.000000 ) 
 ( -0.000761  0.000000 -0.000823  0.000000 -0.016109  0.000000 ) 
 ( -0.000687  0.000000 -0.000757  0.000000  0.016290  0.000000 ) 
 (  0.000898  0.000000 -0.000813  0.000000  0.001433  0.000000 ) 
 (  0.000836  0.000000 -0.000745  0.000000 -0.002817  0.000000 ) 
 ( -0.100385  0.000000  0.263567  0.000000  0.391079  0.000000 ) 
 ( -0.101673  0.000000  0.266981  0.000000 -0.396113  0.000000 ) 
 ( -0.010780  0.000000 -0.028670  0.000000 -0.042163  0.000000 ) 
 ( -0.019406  0.000000 -0.051318  0.000000  0.075768  0.000000 ) 
 (  0.104179  0.000000 -0.273760  0.000000 -0.406982  0.000000 ) 
 (  0.103058  0.000000 -0.270863  0.000000  0.402770  0.000000 ) 
 (  0.017547  0.000000  0.045553  0.000000  0.066618  0.000000 ) 
 (  0.008700  0.000000  0.022304  0.000000 -0.032050  0.000000 ) 
     freq (   66) =      71.235077 [THz] =    2376.146406 [cm-1]
 (  0.000000  0.000000  0.000000  0.000000 -0.000094  0.000000 ) 
 (  0.000005  0.000000 -0.000003  0.000000  0.000004  0.000000 ) 
 ( -0.000679  0.000000  0.000693  0.000000  0.012320  0.000000 ) 
 (  0.000709  0.000000 -0.000756  0.000000  0.006238  0.000000 ) 
 (  0.000320  0.000000  0.000708  0.000000 -0.071630  0.000000 ) 
 ( -0.000379  0.000000 -0.000770  0.000000 -0.070838  0.000000 ) 
 (  0.006038  0.000000 -0.001196  0.000000  0.002896  0.000000 ) 
 ( -0.006202  0.000000  0.001220  0.000000  0.001574  0.000000 ) 
 ( -0.001659  0.000000 -0.000226  0.000000 -0.015577  0.000000 ) 
 (  0.002182  0.000000  0.000329  0.000000 -0.015386  0.000000 ) 
 ( -0.000836  0.000000 -0.000745  0.000000  0.002817  0.000000 ) 
 (  0.000898  0.000000  0.000813  0.000000  0.001433  0.000000 ) 
 (  0.000687  0.000000 -0.000757  0.000000 -0.016290  0.000000 ) 
 ( -0.000761  0.000000  0.000823  0.000000 -0.016109  0.000000 ) 
 (  0.019406  0.000000 -0.051318  0.000000 -0.075768  0.000000 ) 
 ( -0.010780  0.000000  0.028670  0.000000 -0.042163  0.000000 ) 
 (  0.101673  0.000000  0.266981  0.000000  0.396113  0.000000 ) 
 ( -0.100385  0.000000 -0.263567  0.000000  0.391079  0.000000 ) 
 (  0.008700  0.000000 -0.022304  0.000000 -0.032050  0.000000 ) 
 ( -0.017547  0.000000  0.045553  0.000000 -0.066618  0.000000 ) 
 (  0.103058  0.000000  0.270863  0.000000  0.402770  0.000000 ) 
 ( -0.104179  0.000000 -0.273760  0.000000  0.406982  0.000000 ) 
 **************************************************************************
