Dynamical matrix file
                                                                           
  3   22   8  13.1498633   1.0049953   0.6650232   0.0000000   0.0000000   0.0000000
           1  'B      '    9853.6237122476850     
           2  'Ba     '    125165.90357338246     
           3  'H      '    918.68111039893927     
    1    2      0.5000000000      0.5024976400      0.3325149230
    2    2      0.0000000000      0.0000000000      0.6650198770
    3    1      0.6221553268      0.2503544012      0.0000033661
    4    1      0.3778446732      0.7546408788      0.0000033661
    5    1      0.1221553268      0.2521432388      0.3325082339
    6    1      0.8778446732      0.7528520412      0.3325082339
    7    3      0.4492521412      0.2889571800     -0.0000129203
    8    3      0.5507478588      0.7160381000     -0.0000129203
    9    3      0.9492521412      0.2135404600      0.3325245203
   10    3      0.0507478588      0.7914548200      0.3325245203
   11    3      0.7177062341      0.4004542273      0.0000030987
   12    3      0.2822937659      0.6045410527      0.0000030987
   13    3      0.2177062341      0.1020434127      0.3325085013
   14    3      0.7822937659      0.9029518673      0.3325085013
   15    3      0.6574615302      0.1574470330      0.5188345313
   16    3      0.3425384698      0.8475482470      0.5188345313
   17    3      0.1574615302      0.3450506070      0.4787002687
   18    3      0.8425384698      0.6599446730      0.4787002687
   19    3      0.3425471504      0.8475474436      0.1461992081
   20    3      0.6574528496      0.1574478364      0.1461992081
   21    3      0.8425471504      0.6599454764      0.1863123919
   22    3      0.1574528496      0.3450498036      0.1863123919

     Dynamical  Matrix in cartesian axes

     q = (   -0.500000000   0.000000000  -0.751853469 ) 

    1    1
  0.06130169   0.00000000     0.01055819   0.00000000     0.00000000   0.00000000
  0.01055819   0.00000000     0.04672854   0.00000000     0.00000000   0.00000000
  0.00000000   0.00000000     0.00000000   0.00000000     0.14721785   0.00000000
    1    2
  0.00000000   0.00000000     0.00000000   0.00000000     0.03171166   0.00000000
  0.00000000   0.00000000     0.00000000   0.00000000     0.00929297   0.00000000
  0.03171166   0.00000000    -0.00929297  -0.00000000     0.00000000   0.00000000
    1    3
 -0.00035607   0.00000000    -0.00089245   0.00000000     0.01359602  -0.00000000
  0.00010095  -0.00000000     0.00075362  -0.00000000    -0.02518039   0.00000000
  0.00852667  -0.00000000    -0.02848260   0.00000000     0.00031888  -0.00000000
    1    4
 -0.00035607  -0.00000000    -0.00089245  -0.00000000    -0.01359602  -0.00000000
  0.00010095   0.00000000     0.00075362   0.00000000     0.02518039   0.00000000
 -0.00852667  -0.00000000     0.02848260   0.00000000     0.00031888   0.00000000
    1    5
 -0.01093849   0.00000000    -0.00321410   0.00000000    -0.00100683   0.00000000
 -0.00790991   0.00000000    -0.00195531   0.00000000     0.00033507  -0.00000000
 -0.00043629   0.00000000    -0.00129973   0.00000000     0.00834316  -0.00000000
    1    6
 -0.01093849   0.00000000    -0.00321410   0.00000000     0.00100683  -0.00000000
 -0.00790991   0.00000000    -0.00195531   0.00000000    -0.00033507   0.00000000
  0.00043629  -0.00000000     0.00129973  -0.00000000     0.00834316  -0.00000000
    1    7
 -0.00022727  -0.00000000     0.00028327   0.00000000    -0.00648401  -0.00000000
 -0.00008049  -0.00000000     0.00015782   0.00000000    -0.00477046  -0.00000000
 -0.00149414  -0.00000000    -0.00411848  -0.00000000     0.00000770   0.00000000
    1    8
 -0.00022727   0.00000000     0.00028327  -0.00000000     0.00648401  -0.00000000
 -0.00008049   0.00000000     0.00015782  -0.00000000     0.00477046  -0.00000000
  0.00149414  -0.00000000     0.00411848  -0.00000000     0.00000770  -0.00000000
    1    9
 -0.00200745   0.00000000    -0.00107921   0.00000000    -0.00040797   0.00000000
 -0.00320657   0.00000000    -0.00068461   0.00000000    -0.00060699   0.00000000
 -0.00035602   0.00000000    -0.00026428   0.00000000     0.00381619  -0.00000000
    1   10
 -0.00200745  -0.00000000    -0.00107921  -0.00000000     0.00040797   0.00000000
 -0.00320657  -0.00000000    -0.00068461  -0.00000000     0.00060699   0.00000000
  0.00035602   0.00000000     0.00026428   0.00000000     0.00381619   0.00000000
    1   11
  0.00011654   0.00000000    -0.00008685  -0.00000000     0.00319750   0.00000000
  0.00021529   0.00000000    -0.00016330  -0.00000000     0.00405002   0.00000000
 -0.00007910  -0.00000000     0.00083881   0.00000000     0.00016282   0.00000000
    1   12
  0.00011654   0.00000000    -0.00008685  -0.00000000    -0.00319750  -0.00000000
  0.00021529   0.00000000    -0.00016330  -0.00000000    -0.00405002  -0.00000000
  0.00007910   0.00000000    -0.00083881  -0.00000000     0.00016282   0.00000000
    1   13
  0.00029965   0.00000000     0.00467839   0.00000000     0.00015478   0.00000000
  0.00318449   0.00000000     0.00143013   0.00000000     0.00003499   0.00000000
  0.00008731   0.00000000    -0.00003052  -0.00000000    -0.00139027  -0.00000000
    1   14
  0.00029965   0.00000000     0.00467839   0.00000000    -0.00015478  -0.00000000
  0.00318449   0.00000000     0.00143013   0.00000000    -0.00003499  -0.00000000
 -0.00008731  -0.00000000     0.00003052   0.00000000    -0.00139027  -0.00000000
    1   15
  0.00116780  -0.00000000     0.00159162  -0.00000000     0.00280776  -0.00000000
  0.00039246  -0.00000000    -0.00152788   0.00000000    -0.00324688   0.00000000
  0.00386980  -0.00000000    -0.00741535   0.00000000    -0.00293311   0.00000000
    1   16
  0.00116780   0.00000000     0.00159162   0.00000000    -0.00280776  -0.00000000
  0.00039246   0.00000000    -0.00152788  -0.00000000     0.00324688   0.00000000
 -0.00386980  -0.00000000     0.00741535   0.00000000    -0.00293311  -0.00000000
    1   17
 -0.00468358  -0.00000000    -0.00164193  -0.00000000     0.00059838   0.00000000
 -0.00139388  -0.00000000    -0.00010290  -0.00000000    -0.00068001  -0.00000000
  0.00358778   0.00000000    -0.00085508  -0.00000000    -0.00541623  -0.00000000
    1   18
 -0.00468358  -0.00000000    -0.00164193  -0.00000000    -0.00059838  -0.00000000
 -0.00139388  -0.00000000    -0.00010290  -0.00000000     0.00068001   0.00000000
 -0.00358778  -0.00000000     0.00085508   0.00000000    -0.00541623  -0.00000000
    1   19
  0.00121557   0.00000000     0.00148502   0.00000000     0.00248313   0.00000000
  0.00044770   0.00000000    -0.00137618  -0.00000000    -0.00336022  -0.00000000
  0.00338003   0.00000000    -0.00805086  -0.00000000    -0.00300062  -0.00000000
    1   20
  0.00121557  -0.00000000     0.00148502  -0.00000000    -0.00248313   0.00000000
  0.00044770  -0.00000000    -0.00137618   0.00000000     0.00336022  -0.00000000
 -0.00338003   0.00000000     0.00805086  -0.00000000    -0.00300062   0.00000000
    1   21
 -0.00478419   0.00000000    -0.00179169   0.00000000     0.00062592  -0.00000000
 -0.00134180   0.00000000     0.00002614  -0.00000000    -0.00033804   0.00000000
  0.00361641  -0.00000000    -0.00032135   0.00000000    -0.00508031   0.00000000
    1   22
 -0.00478419  -0.00000000    -0.00179169  -0.00000000    -0.00062592  -0.00000000
 -0.00134180  -0.00000000     0.00002614   0.00000000     0.00033804   0.00000000
 -0.00361641  -0.00000000     0.00032135   0.00000000    -0.00508031  -0.00000000
    2    1
  0.00000000   0.00000000     0.00000000   0.00000000     0.03171166  -0.00000000
  0.00000000   0.00000000     0.00000000   0.00000000    -0.00929297   0.00000000
  0.03171166  -0.00000000     0.00929297  -0.00000000     0.00000000   0.00000000
    2    2
  0.06130169   0.00000000    -0.01055819   0.00000000     0.00000000   0.00000000
 -0.01055819   0.00000000     0.04672854   0.00000000     0.00000000   0.00000000
  0.00000000   0.00000000     0.00000000   0.00000000     0.14721785   0.00000000
    2    3
 -0.01093849   0.00000000     0.00321410  -0.00000000     0.00100683  -0.00000000
  0.00790991  -0.00000000    -0.00195531   0.00000000     0.00033507  -0.00000000
  0.00043629  -0.00000000    -0.00129973   0.00000000     0.00834316  -0.00000000
    2    4
  0.01093849   0.00000000    -0.00321410  -0.00000000     0.00100683   0.00000000
 -0.00790991  -0.00000000     0.00195531   0.00000000     0.00033507   0.00000000
  0.00043629   0.00000000    -0.00129973  -0.00000000    -0.00834316  -0.00000000
    2    5
  0.00035607  -0.00000000    -0.00089245   0.00000000     0.01359602  -0.00000000
  0.00010095  -0.00000000    -0.00075362   0.00000000     0.02518039  -0.00000000
  0.00852667  -0.00000000     0.02848260  -0.00000000    -0.00031888   0.00000000
    2    6
 -0.00035607   0.00000000     0.00089245  -0.00000000     0.01359602  -0.00000000
 -0.00010095   0.00000000     0.00075362  -0.00000000     0.02518039  -0.00000000
  0.00852667  -0.00000000     0.02848260  -0.00000000     0.00031888  -0.00000000
    2    7
  0.00200745   0.00000000    -0.00107921  -0.00000000    -0.00040797  -0.00000000
 -0.00320657  -0.00000000     0.00068461   0.00000000     0.00060699   0.00000000
 -0.00035602  -0.00000000     0.00026428   0.00000000    -0.00381619  -0.00000000
    2    8
 -0.00200745   0.00000000     0.00107921  -0.00000000    -0.00040797   0.00000000
  0.00320657  -0.00000000    -0.00068461   0.00000000     0.00060699  -0.00000000
 -0.00035602   0.00000000     0.00026428  -0.00000000     0.00381619  -0.00000000
    2    9
 -0.00022727   0.00000000    -0.00028327   0.00000000     0.00648401  -0.00000000
  0.00008049  -0.00000000     0.00015782  -0.00000000    -0.00477046   0.00000000
  0.00149414  -0.00000000    -0.00411848   0.00000000     0.00000770  -0.00000000
    2   10
  0.00022727  -0.00000000     0.00028327  -0.00000000     0.00648401  -0.00000000
 -0.00008049   0.00000000    -0.00015782   0.00000000    -0.00477046   0.00000000
  0.00149414  -0.00000000    -0.00411848   0.00000000    -0.00000770   0.00000000
    2   11
  0.00029965  -0.00000000    -0.00467839   0.00000000    -0.00015478   0.00000000
 -0.00318449   0.00000000     0.00143013  -0.00000000     0.00003499  -0.00000000
 -0.00008731   0.00000000    -0.00003052   0.00000000    -0.00139027   0.00000000
    2   12
 -0.00029965   0.00000000     0.00467839  -0.00000000    -0.00015478   0.00000000
  0.00318449  -0.00000000    -0.00143013   0.00000000     0.00003499  -0.00000000
 -0.00008731   0.00000000    -0.00003052   0.00000000     0.00139027  -0.00000000
    2   13
 -0.00011654  -0.00000000    -0.00008685  -0.00000000     0.00319750   0.00000000
  0.00021529   0.00000000     0.00016330   0.00000000    -0.00405002  -0.00000000
 -0.00007910  -0.00000000    -0.00083881  -0.00000000    -0.00016282  -0.00000000
    2   14
  0.00011654   0.00000000     0.00008685   0.00000000     0.00319750   0.00000000
 -0.00021529  -0.00000000    -0.00016330  -0.00000000    -0.00405002  -0.00000000
 -0.00007910  -0.00000000    -0.00083881  -0.00000000     0.00016282   0.00000000
    2   15
  0.00468358  -0.00000000    -0.00164193   0.00000000     0.00059838  -0.00000000
 -0.00139388   0.00000000     0.00010290  -0.00000000     0.00068001  -0.00000000
  0.00358778  -0.00000000     0.00085508  -0.00000000     0.00541623  -0.00000000
    2   16
 -0.00468358   0.00000000     0.00164193  -0.00000000     0.00059838  -0.00000000
  0.00139388  -0.00000000    -0.00010290   0.00000000     0.00068001  -0.00000000
  0.00358778  -0.00000000     0.00085508  -0.00000000    -0.00541623   0.00000000
    2   17
  0.00116780   0.00000000    -0.00159162  -0.00000000    -0.00280776  -0.00000000
 -0.00039246  -0.00000000    -0.00152788  -0.00000000    -0.00324688  -0.00000000
 -0.00386980  -0.00000000    -0.00741535  -0.00000000    -0.00293311  -0.00000000
    2   18
 -0.00116780   0.00000000     0.00159162  -0.00000000    -0.00280776   0.00000000
  0.00039246  -0.00000000     0.00152788  -0.00000000    -0.00324688   0.00000000
 -0.00386980   0.00000000    -0.00741535   0.00000000     0.00293311  -0.00000000
    2   19
  0.00478419  -0.00000000    -0.00179169   0.00000000     0.00062592  -0.00000000
 -0.00134180   0.00000000    -0.00002614   0.00000000     0.00033804  -0.00000000
  0.00361641  -0.00000000     0.00032135  -0.00000000     0.00508031  -0.00000000
    2   20
 -0.00478419   0.00000000     0.00179169  -0.00000000     0.00062592  -0.00000000
  0.00134180  -0.00000000     0.00002614  -0.00000000     0.00033804  -0.00000000
  0.00361641  -0.00000000     0.00032135  -0.00000000    -0.00508031   0.00000000
    2   21
  0.00121557  -0.00000000    -0.00148502   0.00000000    -0.00248313   0.00000000
 -0.00044770   0.00000000    -0.00137618   0.00000000    -0.00336022   0.00000000
 -0.00338003   0.00000000    -0.00805086   0.00000000    -0.00300062   0.00000000
    2   22
 -0.00121557   0.00000000     0.00148502  -0.00000000    -0.00248313   0.00000000
  0.00044770  -0.00000000     0.00137618  -0.00000000    -0.00336022   0.00000000
 -0.00338003   0.00000000    -0.00805086   0.00000000     0.00300062  -0.00000000
    3    1
 -0.00035607  -0.00000000     0.00010095   0.00000000     0.00852667   0.00000000
 -0.00089245  -0.00000000     0.00075362   0.00000000    -0.02848260  -0.00000000
  0.01359602   0.00000000    -0.02518039  -0.00000000     0.00031888   0.00000000
    3    2
 -0.01093849  -0.00000000     0.00790991   0.00000000     0.00043629   0.00000000
  0.00321410   0.00000000    -0.00195531  -0.00000000    -0.00129973  -0.00000000
  0.00100683   0.00000000     0.00033507   0.00000000     0.00834316   0.00000000
    3    3
  0.59519576   0.00000000    -0.01957391   0.00000000     0.00004262   0.00000000
 -0.01957391   0.00000000     0.59558918   0.00000000    -0.00028275   0.00000000
  0.00004262   0.00000000    -0.00028275   0.00000000     0.64404206   0.00000000
    3    4
  0.00239148   0.00000000     0.00017452   0.00000000     0.00014277   0.00000000
  0.00017452   0.00000000    -0.00026433  -0.00000000     0.00046481   0.00000000
 -0.00014277  -0.00000000    -0.00046481  -0.00000000     0.00205791   0.00000000
    3    5
  0.00000000  -0.00000000    -0.00017949  -0.00000000     0.00066520   0.00000000
 -0.00017949  -0.00000000     0.00000000  -0.00000000     0.00144181   0.00000000
  0.00066520   0.00000000    -0.00144181  -0.00000000     0.00000000  -0.00000000
    3    6
  0.00010728  -0.00000000     0.00036006  -0.00000000     0.00013541  -0.00000000
 -0.00036006   0.00000000    -0.00036938   0.00000000    -0.00019369   0.00000000
  0.00013541  -0.00000000     0.00019369  -0.00000000     0.00055974  -0.00000000
    3    7
 -0.32987644  -0.00000000     0.06244237   0.00000000     0.00011869   0.00000000
  0.05807554   0.00000000    -0.05914695  -0.00000000    -0.00008861  -0.00000000
 -0.00008383  -0.00000000     0.00010600   0.00000000    -0.04858525  -0.00000000
    3    8
 -0.00105049  -0.00000000     0.00007159   0.00000000     0.00018856   0.00000000
  0.00037999   0.00000000    -0.00070726  -0.00000000     0.00003183   0.00000000
 -0.00003189  -0.00000000    -0.00010510  -0.00000000     0.00069141   0.00000000
    3    9
  0.00003853  -0.00000000    -0.00001726   0.00000000    -0.00060750   0.00000000
  0.00003557  -0.00000000     0.00007447  -0.00000000    -0.00085063   0.00000000
 -0.00274624   0.00000000    -0.00083105   0.00000000     0.00016941  -0.00000000
    3   10
  0.00001472   0.00000000    -0.00011337  -0.00000000    -0.00012030  -0.00000000
 -0.00003984  -0.00000000     0.00002909   0.00000000    -0.00026316  -0.00000000
 -0.00010872  -0.00000000     0.00110237   0.00000000    -0.00003121  -0.00000000
    3   11
 -0.13356998  -0.00000000    -0.12665416  -0.00000000     0.00007224   0.00000000
 -0.12479016  -0.00000000    -0.24622387  -0.00000000    -0.00016559  -0.00000000
 -0.00003113  -0.00000000    -0.00007268  -0.00000000    -0.05349754  -0.00000000
    3   12
 -0.00089233  -0.00000000    -0.00096661  -0.00000000    -0.00001149  -0.00000000
 -0.00035214  -0.00000000    -0.00136559  -0.00000000     0.00005829   0.00000000
 -0.00001221  -0.00000000     0.00017467   0.00000000     0.00002181   0.00000000
    3   13
  0.00006599   0.00000000    -0.00004996  -0.00000000     0.00025667   0.00000000
 -0.00017178  -0.00000000    -0.00006018  -0.00000000    -0.00059993  -0.00000000
 -0.00007628  -0.00000000     0.00050692   0.00000000    -0.00003794  -0.00000000
    3   14
  0.00003549   0.00000000    -0.00005199  -0.00000000     0.00003801   0.00000000
 -0.00004535  -0.00000000    -0.00004759  -0.00000000     0.00202334   0.00000000
 -0.00032284  -0.00000000    -0.00033990  -0.00000000     0.00001501   0.00000000
    3   15
  0.05799022   0.00000000    -0.03432550  -0.00000000    -0.04664994  -0.00000000
 -0.03505512  -0.00000000     0.13486471   0.00000000     0.13172772   0.00000000
 -0.04695295  -0.00000000     0.13100681   0.00000000     0.25577469   0.00000000
    3   16
  0.00047257   0.00000000     0.00059831   0.00000000    -0.00006335  -0.00000000
  0.00032025   0.00000000     0.00057381   0.00000000     0.00019180   0.00000000
  0.00015510   0.00000000     0.00021456   0.00000000    -0.00044570  -0.00000000
    3   17
  0.00087236   0.00000000    -0.00012932  -0.00000000    -0.00009584  -0.00000000
 -0.00014689  -0.00000000     0.00024527   0.00000000     0.00045276   0.00000000
  0.00052622   0.00000000     0.00044488   0.00000000     0.00026102   0.00000000
    3   18
  0.00044803   0.00000000     0.00067286   0.00000000    -0.00031598  -0.00000000
  0.00025964   0.00000000     0.00055260   0.00000000     0.00031569   0.00000000
 -0.00028440  -0.00000000    -0.00117229  -0.00000000     0.00061668   0.00000000
    3   19
 -0.00050721  -0.00000000    -0.00060934  -0.00000000    -0.00012829  -0.00000000
 -0.00022096  -0.00000000    -0.00052225  -0.00000000     0.00032203   0.00000000
  0.00007316   0.00000000     0.00002524   0.00000000     0.00060658   0.00000000
    3   20
 -0.05803662  -0.00000000     0.03438989   0.00000000    -0.04660225  -0.00000000
  0.03485461   0.00000000    -0.13504509  -0.00000000     0.13160324   0.00000000
 -0.04689205  -0.00000000     0.13099582   0.00000000    -0.25547942  -0.00000000
    3   21
 -0.00049990  -0.00000000    -0.00051771  -0.00000000    -0.00042816  -0.00000000
 -0.00037904  -0.00000000    -0.00066743  -0.00000000     0.00027062   0.00000000
 -0.00017427  -0.00000000    -0.00122597  -0.00000000    -0.00060689  -0.00000000
    3   22
 -0.00084753  -0.00000000     0.00017519   0.00000000    -0.00000721  -0.00000000
  0.00004181   0.00000000    -0.00023768  -0.00000000     0.00057899   0.00000000
  0.00041081   0.00000000     0.00031798   0.00000000    -0.00014524  -0.00000000
    4    1
 -0.00035607   0.00000000     0.00010095  -0.00000000    -0.00852667   0.00000000
 -0.00089245   0.00000000     0.00075362  -0.00000000     0.02848260  -0.00000000
 -0.01359602   0.00000000     0.02518039  -0.00000000     0.00031888  -0.00000000
    4    2
  0.01093849  -0.00000000    -0.00790991   0.00000000     0.00043629  -0.00000000
 -0.00321410   0.00000000     0.00195531  -0.00000000    -0.00129973   0.00000000
  0.00100683  -0.00000000     0.00033507  -0.00000000    -0.00834316   0.00000000
    4    3
  0.00239148  -0.00000000     0.00017452  -0.00000000    -0.00014277   0.00000000
  0.00017452  -0.00000000    -0.00026433   0.00000000    -0.00046481   0.00000000
  0.00014277  -0.00000000     0.00046481  -0.00000000     0.00205791  -0.00000000
    4    4
  0.59519576   0.00000000    -0.01957391   0.00000000    -0.00004262   0.00000000
 -0.01957391   0.00000000     0.59558918   0.00000000     0.00028275   0.00000000
 -0.00004262   0.00000000     0.00028275   0.00000000     0.64404206   0.00000000
    4    5
  0.00010728  -0.00000000     0.00036006  -0.00000000    -0.00013541   0.00000000
 -0.00036006   0.00000000    -0.00036938   0.00000000     0.00019369  -0.00000000
 -0.00013541   0.00000000    -0.00019369   0.00000000     0.00055974  -0.00000000
    4    6
  0.00000000   0.00000000    -0.00017949   0.00000000    -0.00066520   0.00000000
 -0.00017949   0.00000000     0.00000000   0.00000000    -0.00144181   0.00000000
 -0.00066520   0.00000000     0.00144181  -0.00000000     0.00000000   0.00000000
    4    7
 -0.00105049  -0.00000000     0.00007159   0.00000000    -0.00018856  -0.00000000
  0.00037999   0.00000000    -0.00070726  -0.00000000    -0.00003183  -0.00000000
  0.00003189   0.00000000     0.00010510   0.00000000     0.00069141   0.00000000
    4    8
 -0.32987644   0.00000000     0.06244237  -0.00000000    -0.00011869   0.00000000
  0.05807554  -0.00000000    -0.05914695   0.00000000     0.00008861  -0.00000000
  0.00008383  -0.00000000    -0.00010600   0.00000000    -0.04858525   0.00000000
    4    9
  0.00001472  -0.00000000    -0.00011337   0.00000000     0.00012030  -0.00000000
 -0.00003984   0.00000000     0.00002909  -0.00000000     0.00026316  -0.00000000
  0.00010872  -0.00000000    -0.00110237   0.00000000    -0.00003121   0.00000000
    4   10
  0.00003853  -0.00000000    -0.00001726   0.00000000     0.00060750  -0.00000000
  0.00003557  -0.00000000     0.00007447  -0.00000000     0.00085063  -0.00000000
  0.00274624  -0.00000000     0.00083105  -0.00000000     0.00016941  -0.00000000
    4   11
 -0.00089233   0.00000000    -0.00096661   0.00000000     0.00001149  -0.00000000
 -0.00035214   0.00000000    -0.00136559   0.00000000    -0.00005829   0.00000000
  0.00001221  -0.00000000    -0.00017467   0.00000000     0.00002181  -0.00000000
    4   12
 -0.13356998   0.00000000    -0.12665416   0.00000000    -0.00007224   0.00000000
 -0.12479016   0.00000000    -0.24622387   0.00000000     0.00016559  -0.00000000
  0.00003113  -0.00000000     0.00007268  -0.00000000    -0.05349754   0.00000000
    4   13
  0.00003549   0.00000000    -0.00005199  -0.00000000    -0.00003801  -0.00000000
 -0.00004535  -0.00000000    -0.00004759  -0.00000000    -0.00202334  -0.00000000
  0.00032284   0.00000000     0.00033990   0.00000000     0.00001501   0.00000000
    4   14
  0.00006599   0.00000000    -0.00004996  -0.00000000    -0.00025667  -0.00000000
 -0.00017178  -0.00000000    -0.00006018  -0.00000000     0.00059993   0.00000000
  0.00007628   0.00000000    -0.00050692  -0.00000000    -0.00003794  -0.00000000
    4   15
  0.00047257  -0.00000000     0.00059831  -0.00000000     0.00006335  -0.00000000
  0.00032025  -0.00000000     0.00057381  -0.00000000    -0.00019180   0.00000000
 -0.00015510   0.00000000    -0.00021456   0.00000000    -0.00044570   0.00000000
    4   16
  0.05799022  -0.00000000    -0.03432550   0.00000000     0.04664994  -0.00000000
 -0.03505512   0.00000000     0.13486471  -0.00000000    -0.13172772   0.00000000
  0.04695295  -0.00000000    -0.13100681   0.00000000     0.25577469  -0.00000000
    4   17
  0.00044803   0.00000000     0.00067286   0.00000000     0.00031598   0.00000000
  0.00025964   0.00000000     0.00055260   0.00000000    -0.00031569  -0.00000000
  0.00028440   0.00000000     0.00117229   0.00000000     0.00061668   0.00000000
    4   18
  0.00087236  -0.00000000    -0.00012932   0.00000000     0.00009584  -0.00000000
 -0.00014689   0.00000000     0.00024527  -0.00000000    -0.00045276   0.00000000
 -0.00052622   0.00000000    -0.00044488   0.00000000     0.00026102  -0.00000000
    4   19
 -0.05803662   0.00000000     0.03438989  -0.00000000     0.04660225  -0.00000000
  0.03485461  -0.00000000    -0.13504509   0.00000000    -0.13160324   0.00000000
  0.04689205  -0.00000000    -0.13099582   0.00000000    -0.25547942   0.00000000
    4   20
 -0.00050721   0.00000000    -0.00060934   0.00000000     0.00012829  -0.00000000
 -0.00022096   0.00000000    -0.00052225   0.00000000    -0.00032203   0.00000000
 -0.00007316   0.00000000    -0.00002524   0.00000000     0.00060658  -0.00000000
    4   21
 -0.00084753   0.00000000     0.00017519  -0.00000000     0.00000721  -0.00000000
  0.00004181  -0.00000000    -0.00023768   0.00000000    -0.00057899   0.00000000
 -0.00041081   0.00000000    -0.00031798   0.00000000    -0.00014524   0.00000000
    4   22
 -0.00049990   0.00000000    -0.00051771   0.00000000     0.00042816  -0.00000000
 -0.00037904   0.00000000    -0.00066743   0.00000000    -0.00027062   0.00000000
  0.00017427  -0.00000000     0.00122597  -0.00000000    -0.00060689   0.00000000
    5    1
 -0.01093849  -0.00000000    -0.00790991  -0.00000000    -0.00043629  -0.00000000
 -0.00321410  -0.00000000    -0.00195531  -0.00000000    -0.00129973  -0.00000000
 -0.00100683  -0.00000000     0.00033507   0.00000000     0.00834316   0.00000000
    5    2
  0.00035607   0.00000000     0.00010095   0.00000000     0.00852667   0.00000000
 -0.00089245  -0.00000000    -0.00075362  -0.00000000     0.02848260   0.00000000
  0.01359602   0.00000000     0.02518039   0.00000000    -0.00031888  -0.00000000
    5    3
 -0.00000000   0.00000000    -0.00017949   0.00000000     0.00066520  -0.00000000
 -0.00017949   0.00000000    -0.00000000   0.00000000    -0.00144181   0.00000000
  0.00066520  -0.00000000     0.00144181  -0.00000000    -0.00000000   0.00000000
    5    4
  0.00010728   0.00000000    -0.00036006  -0.00000000    -0.00013541  -0.00000000
  0.00036006   0.00000000    -0.00036938  -0.00000000    -0.00019369  -0.00000000
 -0.00013541  -0.00000000     0.00019369   0.00000000     0.00055974   0.00000000
    5    5
  0.59519576   0.00000000     0.01957391   0.00000000    -0.00004262   0.00000000
  0.01957391   0.00000000     0.59558918   0.00000000    -0.00028275   0.00000000
 -0.00004262   0.00000000    -0.00028275   0.00000000     0.64404206   0.00000000
    5    6
 -0.00239148   0.00000000     0.00017452  -0.00000000     0.00014277  -0.00000000
  0.00017452  -0.00000000     0.00026433  -0.00000000    -0.00046481   0.00000000
 -0.00014277   0.00000000     0.00046481  -0.00000000    -0.00205791   0.00000000
    5    7
  0.00003853   0.00000000     0.00001726   0.00000000     0.00060750   0.00000000
 -0.00003557  -0.00000000     0.00007447   0.00000000    -0.00085063  -0.00000000
  0.00274624   0.00000000    -0.00083105  -0.00000000     0.00016941   0.00000000
    5    8
 -0.00001472   0.00000000    -0.00011337   0.00000000    -0.00012030   0.00000000
 -0.00003984   0.00000000    -0.00002909   0.00000000     0.00026316  -0.00000000
 -0.00010872   0.00000000    -0.00110237   0.00000000     0.00003121  -0.00000000
    5    9
  0.32987644  -0.00000000     0.06244237  -0.00000000     0.00011869  -0.00000000
  0.05807554  -0.00000000     0.05914695  -0.00000000     0.00008861  -0.00000000
 -0.00008383   0.00000000    -0.00010600   0.00000000     0.04858525  -0.00000000
    5   10
 -0.00105049  -0.00000000    -0.00007159  -0.00000000    -0.00018856  -0.00000000
 -0.00037999  -0.00000000    -0.00070726  -0.00000000     0.00003183   0.00000000
  0.00003189   0.00000000    -0.00010510  -0.00000000     0.00069141   0.00000000
    5   11
 -0.00006599  -0.00000000    -0.00004996  -0.00000000     0.00025667   0.00000000
 -0.00017178  -0.00000000     0.00006018   0.00000000     0.00059993   0.00000000
 -0.00007628  -0.00000000    -0.00050692  -0.00000000     0.00003794   0.00000000
    5   12
  0.00003549   0.00000000     0.00005199   0.00000000    -0.00003801  -0.00000000
  0.00004535   0.00000000    -0.00004759  -0.00000000     0.00202334   0.00000000
  0.00032284   0.00000000    -0.00033990  -0.00000000     0.00001501   0.00000000
    5   13
 -0.13356998  -0.00000000     0.12665416   0.00000000    -0.00007224  -0.00000000
  0.12479016   0.00000000    -0.24622387  -0.00000000    -0.00016559  -0.00000000
  0.00003113   0.00000000    -0.00007268  -0.00000000    -0.05349754  -0.00000000
    5   14
  0.00089233   0.00000000    -0.00096661  -0.00000000    -0.00001149  -0.00000000
 -0.00035214  -0.00000000     0.00136559   0.00000000    -0.00005829  -0.00000000
 -0.00001221  -0.00000000    -0.00017467  -0.00000000    -0.00002181  -0.00000000
    5   15
  0.00087236  -0.00000000     0.00012932  -0.00000000     0.00009584  -0.00000000
  0.00014689  -0.00000000     0.00024527  -0.00000000     0.00045276  -0.00000000
 -0.00052622   0.00000000     0.00044488  -0.00000000     0.00026102  -0.00000000
    5   16
 -0.00044803  -0.00000000     0.00067286   0.00000000    -0.00031598  -0.00000000
  0.00025964   0.00000000    -0.00055260  -0.00000000    -0.00031569  -0.00000000
 -0.00028440  -0.00000000     0.00117229   0.00000000    -0.00061668  -0.00000000
    5   17
 -0.05799022  -0.00000000    -0.03432550  -0.00000000    -0.04664994  -0.00000000
 -0.03505512  -0.00000000    -0.13486471  -0.00000000    -0.13172772  -0.00000000
 -0.04695295  -0.00000000    -0.13100681  -0.00000000    -0.25577469  -0.00000000
    5   18
  0.00047257   0.00000000    -0.00059831  -0.00000000     0.00006335   0.00000000
 -0.00032025  -0.00000000     0.00057381   0.00000000     0.00019180   0.00000000
 -0.00015510  -0.00000000     0.00021456   0.00000000    -0.00044570  -0.00000000
    5   19
 -0.00049990  -0.00000000     0.00051771   0.00000000     0.00042816   0.00000000
  0.00037904   0.00000000    -0.00066743  -0.00000000     0.00027062   0.00000000
  0.00017427   0.00000000    -0.00122597  -0.00000000    -0.00060689  -0.00000000
    5   20
  0.00084753  -0.00000000     0.00017519  -0.00000000    -0.00000721   0.00000000
  0.00004181  -0.00000000     0.00023768  -0.00000000    -0.00057899   0.00000000
  0.00041081  -0.00000000    -0.00031798   0.00000000     0.00014524  -0.00000000
    5   21
  0.00050721  -0.00000000    -0.00060934   0.00000000    -0.00012829   0.00000000
 -0.00022096   0.00000000     0.00052225  -0.00000000    -0.00032203   0.00000000
  0.00007316  -0.00000000    -0.00002524   0.00000000    -0.00060658   0.00000000
    5   22
 -0.05803662  -0.00000000    -0.03438989  -0.00000000     0.04660225   0.00000000
 -0.03485461  -0.00000000    -0.13504509  -0.00000000     0.13160324   0.00000000
  0.04689205   0.00000000     0.13099582   0.00000000    -0.25547942  -0.00000000
    6    1
 -0.01093849  -0.00000000    -0.00790991  -0.00000000     0.00043629   0.00000000
 -0.00321410  -0.00000000    -0.00195531  -0.00000000     0.00129973   0.00000000
  0.00100683   0.00000000    -0.00033507  -0.00000000     0.00834316   0.00000000
    6    2
 -0.00035607  -0.00000000    -0.00010095  -0.00000000     0.00852667   0.00000000
  0.00089245   0.00000000     0.00075362   0.00000000     0.02848260   0.00000000
  0.01359602   0.00000000     0.02518039   0.00000000     0.00031888   0.00000000
    6    3
  0.00010728   0.00000000    -0.00036006  -0.00000000     0.00013541   0.00000000
  0.00036006   0.00000000    -0.00036938  -0.00000000     0.00019369   0.00000000
  0.00013541   0.00000000    -0.00019369  -0.00000000     0.00055974   0.00000000
    6    4
 -0.00000000  -0.00000000    -0.00017949  -0.00000000    -0.00066520  -0.00000000
 -0.00017949  -0.00000000    -0.00000000  -0.00000000     0.00144181   0.00000000
 -0.00066520  -0.00000000    -0.00144181  -0.00000000    -0.00000000  -0.00000000
    6    5
 -0.00239148  -0.00000000     0.00017452   0.00000000    -0.00014277  -0.00000000
  0.00017452   0.00000000     0.00026433   0.00000000     0.00046481   0.00000000
  0.00014277   0.00000000    -0.00046481  -0.00000000    -0.00205791  -0.00000000
    6    6
  0.59519576   0.00000000     0.01957391   0.00000000     0.00004262   0.00000000
  0.01957391   0.00000000     0.59558918   0.00000000     0.00028275   0.00000000
  0.00004262   0.00000000     0.00028275   0.00000000     0.64404206   0.00000000
    6    7
 -0.00001472  -0.00000000    -0.00011337  -0.00000000     0.00012030   0.00000000
 -0.00003984  -0.00000000    -0.00002909  -0.00000000    -0.00026316  -0.00000000
  0.00010872   0.00000000     0.00110237   0.00000000     0.00003121   0.00000000
    6    8
  0.00003853   0.00000000     0.00001726   0.00000000    -0.00060750  -0.00000000
 -0.00003557  -0.00000000     0.00007447   0.00000000     0.00085063   0.00000000
 -0.00274624  -0.00000000     0.00083105   0.00000000     0.00016941   0.00000000
    6    9
 -0.00105049  -0.00000000    -0.00007159  -0.00000000     0.00018856   0.00000000
 -0.00037999  -0.00000000    -0.00070726  -0.00000000    -0.00003183  -0.00000000
 -0.00003189  -0.00000000     0.00010510   0.00000000     0.00069141   0.00000000
    6   10
  0.32987644   0.00000000     0.06244237   0.00000000    -0.00011869  -0.00000000
  0.05807554   0.00000000     0.05914695   0.00000000    -0.00008861  -0.00000000
  0.00008383   0.00000000     0.00010600   0.00000000     0.04858525   0.00000000
    6   11
  0.00003549   0.00000000     0.00005199   0.00000000     0.00003801   0.00000000
  0.00004535   0.00000000    -0.00004759  -0.00000000    -0.00202334  -0.00000000
 -0.00032284  -0.00000000     0.00033990   0.00000000     0.00001501   0.00000000
    6   12
 -0.00006599  -0.00000000    -0.00004996  -0.00000000    -0.00025667  -0.00000000
 -0.00017178  -0.00000000     0.00006018   0.00000000    -0.00059993  -0.00000000
  0.00007628   0.00000000     0.00050692   0.00000000     0.00003794   0.00000000
    6   13
  0.00089233   0.00000000    -0.00096661  -0.00000000     0.00001149   0.00000000
 -0.00035214  -0.00000000     0.00136559   0.00000000     0.00005829   0.00000000
  0.00001221   0.00000000     0.00017467   0.00000000    -0.00002181  -0.00000000
    6   14
 -0.13356998  -0.00000000     0.12665416   0.00000000     0.00007224   0.00000000
  0.12479016   0.00000000    -0.24622387  -0.00000000     0.00016559   0.00000000
 -0.00003113  -0.00000000     0.00007268   0.00000000    -0.05349754  -0.00000000
    6   15
 -0.00044803  -0.00000000     0.00067286   0.00000000     0.00031598   0.00000000
  0.00025964   0.00000000    -0.00055260  -0.00000000     0.00031569   0.00000000
  0.00028440   0.00000000    -0.00117229  -0.00000000    -0.00061668  -0.00000000
    6   16
  0.00087236   0.00000000     0.00012932   0.00000000    -0.00009584  -0.00000000
  0.00014689   0.00000000     0.00024527   0.00000000    -0.00045276  -0.00000000
  0.00052622   0.00000000    -0.00044488  -0.00000000     0.00026102   0.00000000
    6   17
  0.00047257   0.00000000    -0.00059831  -0.00000000    -0.00006335  -0.00000000
 -0.00032025  -0.00000000     0.00057381   0.00000000    -0.00019180  -0.00000000
  0.00015510   0.00000000    -0.00021456  -0.00000000    -0.00044570  -0.00000000
    6   18
 -0.05799022  -0.00000000    -0.03432550  -0.00000000     0.04664994   0.00000000
 -0.03505512  -0.00000000    -0.13486471  -0.00000000     0.13172772   0.00000000
  0.04695295   0.00000000     0.13100681   0.00000000    -0.25577469  -0.00000000
    6   19
  0.00084753   0.00000000     0.00017519   0.00000000     0.00000721   0.00000000
  0.00004181   0.00000000     0.00023768   0.00000000     0.00057899   0.00000000
 -0.00041081  -0.00000000     0.00031798   0.00000000     0.00014524   0.00000000
    6   20
 -0.00049990  -0.00000000     0.00051771   0.00000000    -0.00042816  -0.00000000
  0.00037904   0.00000000    -0.00066743  -0.00000000    -0.00027062  -0.00000000
 -0.00017427  -0.00000000     0.00122597   0.00000000    -0.00060689  -0.00000000
    6   21
 -0.05803662  -0.00000000    -0.03438989  -0.00000000    -0.04660225  -0.00000000
 -0.03485461  -0.00000000    -0.13504509  -0.00000000    -0.13160324  -0.00000000
 -0.04689205  -0.00000000    -0.13099582  -0.00000000    -0.25547942  -0.00000000
    6   22
  0.00050721   0.00000000    -0.00060934  -0.00000000     0.00012829   0.00000000
 -0.00022096  -0.00000000     0.00052225   0.00000000     0.00032203   0.00000000
 -0.00007316  -0.00000000     0.00002524   0.00000000    -0.00060658  -0.00000000
    7    1
 -0.00022727   0.00000000    -0.00008049   0.00000000    -0.00149414   0.00000000
  0.00028327  -0.00000000     0.00015782  -0.00000000    -0.00411848   0.00000000
 -0.00648401   0.00000000    -0.00477046   0.00000000     0.00000770  -0.00000000
    7    2
  0.00200745  -0.00000000    -0.00320657   0.00000000    -0.00035602   0.00000000
 -0.00107921   0.00000000     0.00068461  -0.00000000     0.00026428  -0.00000000
 -0.00040797   0.00000000     0.00060699  -0.00000000    -0.00381619   0.00000000
    7    3
 -0.32987644   0.00000000     0.05807554  -0.00000000    -0.00008383   0.00000000
  0.06244237  -0.00000000    -0.05914695   0.00000000     0.00010600  -0.00000000
  0.00011869  -0.00000000    -0.00008861   0.00000000    -0.04858525   0.00000000
    7    4
 -0.00105049   0.00000000     0.00037999  -0.00000000     0.00003189  -0.00000000
  0.00007159  -0.00000000    -0.00070726   0.00000000     0.00010510  -0.00000000
 -0.00018856   0.00000000    -0.00003183   0.00000000     0.00069141  -0.00000000
    7    5
  0.00003853  -0.00000000    -0.00003557   0.00000000     0.00274624  -0.00000000
  0.00001726  -0.00000000     0.00007447  -0.00000000    -0.00083105   0.00000000
  0.00060750  -0.00000000    -0.00085063   0.00000000     0.00016941  -0.00000000
    7    6
 -0.00001472   0.00000000    -0.00003984   0.00000000     0.00010872  -0.00000000
 -0.00011337   0.00000000    -0.00002909   0.00000000     0.00110237  -0.00000000
  0.00012030  -0.00000000    -0.00026316   0.00000000     0.00003121  -0.00000000
    7    7
  0.37269498   0.00000000    -0.06795490   0.00000000     0.00004784   0.00000000
 -0.06795490   0.00000000     0.07190825   0.00000000    -0.00000650   0.00000000
  0.00004784   0.00000000    -0.00000650   0.00000000     0.06335791   0.00000000
    7    8
  0.00053030  -0.00000000    -0.00054754   0.00000000     0.00002978  -0.00000000
 -0.00054754   0.00000000     0.00067082  -0.00000000     0.00007520  -0.00000000
 -0.00002978   0.00000000    -0.00007520   0.00000000     0.00021886  -0.00000000
    7    9
  0.00000000  -0.00000000    -0.00000039   0.00000000    -0.00153347   0.00000000
 -0.00000039   0.00000000     0.00000000  -0.00000000     0.00039773  -0.00000000
 -0.00153347   0.00000000    -0.00039773   0.00000000     0.00000000  -0.00000000
    7   10
 -0.00002358   0.00000000     0.00001089  -0.00000000     0.00012373  -0.00000000
 -0.00001089   0.00000000    -0.00007121   0.00000000    -0.00005727   0.00000000
  0.00012373  -0.00000000     0.00005727  -0.00000000    -0.00010251   0.00000000
    7   11
 -0.01952189   0.00000000     0.00452851  -0.00000000     0.00000949  -0.00000000
 -0.02984489   0.00000000     0.00588765  -0.00000000     0.00001026  -0.00000000
 -0.00000700   0.00000000    -0.00009658   0.00000000    -0.00204645   0.00000000
    7   12
  0.00030802  -0.00000000     0.00074259  -0.00000000     0.00000561  -0.00000000
  0.00053014  -0.00000000    -0.00063887   0.00000000    -0.00001686   0.00000000
  0.00005355  -0.00000000     0.00022300  -0.00000000     0.00003961  -0.00000000
    7   13
  0.00001350   0.00000000    -0.00005217  -0.00000000     0.00007510   0.00000000
 -0.00001510  -0.00000000    -0.00000552  -0.00000000     0.00035864   0.00000000
  0.00092999   0.00000000     0.00012960   0.00000000    -0.00001677  -0.00000000
    7   14
 -0.00005198  -0.00000000    -0.00003664  -0.00000000    -0.00046608  -0.00000000
  0.00004279   0.00000000    -0.00002205  -0.00000000    -0.00029852  -0.00000000
 -0.00034794  -0.00000000     0.00009336   0.00000000    -0.00004942  -0.00000000
    7   15
  0.00648454  -0.00000000    -0.00133441   0.00000000    -0.00067048   0.00000000
 -0.01969683   0.00000000     0.00511215  -0.00000000    -0.00050787   0.00000000
 -0.02974474   0.00000000     0.00591290  -0.00000000    -0.00102957   0.00000000
    7   16
 -0.00035112   0.00000000    -0.00049077   0.00000000    -0.00001629   0.00000000
  0.00031614  -0.00000000     0.00005315  -0.00000000     0.00006122  -0.00000000
 -0.00017329   0.00000000     0.00001849  -0.00000000    -0.00029595   0.00000000
    7   17
  0.00084344   0.00000000     0.00008429   0.00000000     0.00185047   0.00000000
  0.00011148   0.00000000    -0.00003087  -0.00000000    -0.00010923  -0.00000000
  0.00092226   0.00000000     0.00000713   0.00000000     0.00036971   0.00000000
    7   18
  0.00004154   0.00000000     0.00021711   0.00000000    -0.00052152  -0.00000000
  0.00018387   0.00000000     0.00009084   0.00000000    -0.00017258  -0.00000000
 -0.00034263  -0.00000000    -0.00012724  -0.00000000     0.00020810   0.00000000
    7   19
  0.00029194  -0.00000000     0.00052393  -0.00000000    -0.00006859   0.00000000
 -0.00025765   0.00000000    -0.00001592   0.00000000     0.00009718  -0.00000000
 -0.00014514   0.00000000    -0.00017866   0.00000000     0.00005460  -0.00000000
    7   20
 -0.00649353   0.00000000     0.00136578  -0.00000000    -0.00069225   0.00000000
  0.01964386  -0.00000000    -0.00515343   0.00000000    -0.00047453   0.00000000
 -0.02967788   0.00000000     0.00593295  -0.00000000     0.00100584  -0.00000000
    7   21
 -0.00003087   0.00000000    -0.00021927   0.00000000    -0.00060752   0.00000000
 -0.00020080   0.00000000    -0.00008473   0.00000000    -0.00007934   0.00000000
 -0.00030698   0.00000000    -0.00009519   0.00000000    -0.00021022   0.00000000
    7   22
 -0.00081352   0.00000000     0.00001004  -0.00000000     0.00174858  -0.00000000
 -0.00011904   0.00000000     0.00003483  -0.00000000    -0.00006083   0.00000000
  0.00091416  -0.00000000     0.00001972  -0.00000000    -0.00031126   0.00000000
    8    1
 -0.00022727  -0.00000000    -0.00008049  -0.00000000     0.00149414   0.00000000
  0.00028327   0.00000000     0.00015782   0.00000000     0.00411848   0.00000000
  0.00648401   0.00000000     0.00477046   0.00000000     0.00000770   0.00000000
    8    2
 -0.00200745  -0.00000000     0.00320657   0.00000000    -0.00035602  -0.00000000
  0.00107921   0.00000000    -0.00068461  -0.00000000     0.00026428   0.00000000
 -0.00040797  -0.00000000     0.00060699   0.00000000     0.00381619   0.00000000
    8    3
 -0.00105049   0.00000000     0.00037999  -0.00000000    -0.00003189   0.00000000
  0.00007159  -0.00000000    -0.00070726   0.00000000    -0.00010510   0.00000000
  0.00018856  -0.00000000     0.00003183  -0.00000000     0.00069141  -0.00000000
    8    4
 -0.32987644  -0.00000000     0.05807554   0.00000000     0.00008383   0.00000000
  0.06244237   0.00000000    -0.05914695  -0.00000000    -0.00010600  -0.00000000
 -0.00011869  -0.00000000     0.00008861   0.00000000    -0.04858525  -0.00000000
    8    5
 -0.00001472  -0.00000000    -0.00003984  -0.00000000    -0.00010872  -0.00000000
 -0.00011337  -0.00000000    -0.00002909  -0.00000000    -0.00110237  -0.00000000
 -0.00012030  -0.00000000     0.00026316   0.00000000     0.00003121   0.00000000
    8    6
  0.00003853  -0.00000000    -0.00003557   0.00000000    -0.00274624   0.00000000
  0.00001726  -0.00000000     0.00007447  -0.00000000     0.00083105  -0.00000000
 -0.00060750   0.00000000     0.00085063  -0.00000000     0.00016941  -0.00000000
    8    7
  0.00053030   0.00000000    -0.00054754  -0.00000000    -0.00002978  -0.00000000
 -0.00054754  -0.00000000     0.00067082   0.00000000    -0.00007520  -0.00000000
  0.00002978   0.00000000     0.00007520   0.00000000     0.00021886   0.00000000
    8    8
  0.37269498   0.00000000    -0.06795490   0.00000000    -0.00004784   0.00000000
 -0.06795490   0.00000000     0.07190825   0.00000000     0.00000650   0.00000000
 -0.00004784   0.00000000     0.00000650   0.00000000     0.06335791   0.00000000
    8    9
 -0.00002358   0.00000000     0.00001089  -0.00000000    -0.00012373   0.00000000
 -0.00001089   0.00000000    -0.00007121   0.00000000     0.00005727  -0.00000000
 -0.00012373   0.00000000    -0.00005727   0.00000000    -0.00010251   0.00000000
    8   10
  0.00000000   0.00000000    -0.00000039  -0.00000000     0.00153347   0.00000000
 -0.00000039  -0.00000000     0.00000000   0.00000000    -0.00039773  -0.00000000
  0.00153347   0.00000000     0.00039773   0.00000000     0.00000000   0.00000000
    8   11
  0.00030802   0.00000000     0.00074259   0.00000000    -0.00000561  -0.00000000
  0.00053014   0.00000000    -0.00063887  -0.00000000     0.00001686   0.00000000
 -0.00005355  -0.00000000    -0.00022300  -0.00000000     0.00003961   0.00000000
    8   12
 -0.01952189  -0.00000000     0.00452851   0.00000000    -0.00000949  -0.00000000
 -0.02984489  -0.00000000     0.00588765   0.00000000    -0.00001026  -0.00000000
  0.00000700   0.00000000     0.00009658   0.00000000    -0.00204645  -0.00000000
    8   13
 -0.00005198  -0.00000000    -0.00003664  -0.00000000     0.00046608   0.00000000
  0.00004279   0.00000000    -0.00002205  -0.00000000     0.00029852   0.00000000
  0.00034794   0.00000000    -0.00009336  -0.00000000    -0.00004942  -0.00000000
    8   14
  0.00001350   0.00000000    -0.00005217  -0.00000000    -0.00007510  -0.00000000
 -0.00001510  -0.00000000    -0.00000552  -0.00000000    -0.00035864  -0.00000000
 -0.00092999  -0.00000000    -0.00012960  -0.00000000    -0.00001677  -0.00000000
    8   15
 -0.00035112  -0.00000000    -0.00049077  -0.00000000     0.00001629   0.00000000
  0.00031614   0.00000000     0.00005315   0.00000000    -0.00006122  -0.00000000
  0.00017329   0.00000000    -0.00001849  -0.00000000    -0.00029595  -0.00000000
    8   16
  0.00648454   0.00000000    -0.00133441  -0.00000000     0.00067048   0.00000000
 -0.01969683  -0.00000000     0.00511215   0.00000000     0.00050787   0.00000000
  0.02974474   0.00000000    -0.00591290  -0.00000000    -0.00102957  -0.00000000
    8   17
  0.00004154   0.00000000     0.00021711   0.00000000     0.00052152   0.00000000
  0.00018387   0.00000000     0.00009084   0.00000000     0.00017258   0.00000000
  0.00034263   0.00000000     0.00012724   0.00000000     0.00020810   0.00000000
    8   18
  0.00084344   0.00000000     0.00008429   0.00000000    -0.00185047  -0.00000000
  0.00011148   0.00000000    -0.00003087  -0.00000000     0.00010923   0.00000000
 -0.00092226  -0.00000000    -0.00000713  -0.00000000     0.00036971   0.00000000
    8   19
 -0.00649353  -0.00000000     0.00136578   0.00000000     0.00069225   0.00000000
  0.01964386   0.00000000    -0.00515343  -0.00000000     0.00047453   0.00000000
  0.02967788   0.00000000    -0.00593295  -0.00000000     0.00100584   0.00000000
    8   20
  0.00029194   0.00000000     0.00052393   0.00000000     0.00006859   0.00000000
 -0.00025765   0.00000000    -0.00001592   0.00000000    -0.00009718   0.00000000
  0.00014514   0.00000000     0.00017866   0.00000000     0.00005460   0.00000000
    8   21
 -0.00081352   0.00000000     0.00001004  -0.00000000    -0.00174858   0.00000000
 -0.00011904   0.00000000     0.00003483  -0.00000000     0.00006083  -0.00000000
 -0.00091416   0.00000000    -0.00001972   0.00000000    -0.00031126   0.00000000
    8   22
 -0.00003087  -0.00000000    -0.00021927  -0.00000000     0.00060752   0.00000000
 -0.00020080  -0.00000000    -0.00008473  -0.00000000     0.00007934   0.00000000
  0.00030698   0.00000000     0.00009519   0.00000000    -0.00021022  -0.00000000
    9    1
 -0.00200745  -0.00000000    -0.00320657  -0.00000000    -0.00035602  -0.00000000
 -0.00107921  -0.00000000    -0.00068461  -0.00000000    -0.00026428  -0.00000000
 -0.00040797  -0.00000000    -0.00060699  -0.00000000     0.00381619   0.00000000
    9    2
 -0.00022727  -0.00000000     0.00008049   0.00000000     0.00149414   0.00000000
 -0.00028327  -0.00000000     0.00015782   0.00000000    -0.00411848  -0.00000000
  0.00648401   0.00000000    -0.00477046  -0.00000000     0.00000770   0.00000000
    9    3
  0.00003853   0.00000000     0.00003557   0.00000000    -0.00274624  -0.00000000
 -0.00001726  -0.00000000     0.00007447   0.00000000    -0.00083105  -0.00000000
 -0.00060750  -0.00000000    -0.00085063  -0.00000000     0.00016941   0.00000000
    9    4
  0.00001472   0.00000000    -0.00003984  -0.00000000     0.00010872   0.00000000
 -0.00011337  -0.00000000     0.00002909   0.00000000    -0.00110237  -0.00000000
  0.00012030   0.00000000     0.00026316   0.00000000    -0.00003121  -0.00000000
    9    5
  0.32987644   0.00000000     0.05807554   0.00000000    -0.00008383  -0.00000000
  0.06244237   0.00000000     0.05914695   0.00000000    -0.00010600  -0.00000000
  0.00011869   0.00000000     0.00008861   0.00000000     0.04858525   0.00000000
    9    6
 -0.00105049   0.00000000    -0.00037999   0.00000000    -0.00003189   0.00000000
 -0.00007159   0.00000000    -0.00070726   0.00000000     0.00010510  -0.00000000
  0.00018856  -0.00000000    -0.00003183   0.00000000     0.00069141  -0.00000000
    9    7
 -0.00000000   0.00000000    -0.00000039  -0.00000000    -0.00153347  -0.00000000
 -0.00000039  -0.00000000    -0.00000000   0.00000000    -0.00039773  -0.00000000
 -0.00153347  -0.00000000     0.00039773   0.00000000    -0.00000000   0.00000000
    9    8
 -0.00002358  -0.00000000    -0.00001089  -0.00000000    -0.00012373  -0.00000000
  0.00001089   0.00000000    -0.00007121  -0.00000000    -0.00005727  -0.00000000
 -0.00012373  -0.00000000     0.00005727   0.00000000    -0.00010251  -0.00000000
    9    9
  0.37269498   0.00000000     0.06795490   0.00000000    -0.00004784   0.00000000
  0.06795490   0.00000000     0.07190825   0.00000000    -0.00000650   0.00000000
 -0.00004784   0.00000000    -0.00000650   0.00000000     0.06335791   0.00000000
    9   10
 -0.00053030  -0.00000000    -0.00054754  -0.00000000     0.00002978   0.00000000
 -0.00054754  -0.00000000    -0.00067082  -0.00000000    -0.00007520  -0.00000000
 -0.00002978  -0.00000000     0.00007520   0.00000000    -0.00021886  -0.00000000
    9   11
  0.00001350   0.00000000     0.00005217   0.00000000    -0.00007510  -0.00000000
  0.00001510   0.00000000    -0.00000552  -0.00000000     0.00035864   0.00000000
 -0.00092999  -0.00000000     0.00012960   0.00000000    -0.00001677  -0.00000000
    9   12
  0.00005198   0.00000000    -0.00003664  -0.00000000    -0.00046608  -0.00000000
  0.00004279   0.00000000     0.00002205   0.00000000     0.00029852   0.00000000
 -0.00034794  -0.00000000    -0.00009336  -0.00000000     0.00004942   0.00000000
    9   13
  0.01952189   0.00000000     0.00452851   0.00000000     0.00000949   0.00000000
 -0.02984489  -0.00000000    -0.00588765  -0.00000000    -0.00001026  -0.00000000
 -0.00000700  -0.00000000     0.00009658   0.00000000     0.00204645   0.00000000
    9   14
  0.00030802   0.00000000    -0.00074259  -0.00000000    -0.00000561  -0.00000000
 -0.00053014  -0.00000000    -0.00063887  -0.00000000    -0.00001686  -0.00000000
 -0.00005355  -0.00000000     0.00022300   0.00000000     0.00003961   0.00000000
    9   15
 -0.00084344  -0.00000000     0.00008429   0.00000000     0.00185047   0.00000000
  0.00011148   0.00000000     0.00003087   0.00000000     0.00010923   0.00000000
  0.00092226   0.00000000    -0.00000713  -0.00000000    -0.00036971  -0.00000000
    9   16
  0.00004154   0.00000000    -0.00021711  -0.00000000     0.00052152   0.00000000
 -0.00018387  -0.00000000     0.00009084   0.00000000    -0.00017258  -0.00000000
  0.00034263   0.00000000    -0.00012724  -0.00000000     0.00020810   0.00000000
    9   17
  0.00648454   0.00000000     0.00133441   0.00000000     0.00067048   0.00000000
  0.01969683   0.00000000     0.00511215   0.00000000    -0.00050787  -0.00000000
  0.02974474   0.00000000     0.00591290   0.00000000    -0.00102957  -0.00000000
    9   18
  0.00035112   0.00000000    -0.00049077  -0.00000000    -0.00001629  -0.00000000
  0.00031614   0.00000000    -0.00005315  -0.00000000    -0.00006122  -0.00000000
 -0.00017329  -0.00000000    -0.00001849  -0.00000000     0.00029595   0.00000000
    9   19
  0.00003087   0.00000000    -0.00021927  -0.00000000    -0.00060752  -0.00000000
 -0.00020080  -0.00000000     0.00008473   0.00000000     0.00007934   0.00000000
 -0.00030698  -0.00000000     0.00009519   0.00000000     0.00021022   0.00000000
    9   20
 -0.00081352  -0.00000000    -0.00001004  -0.00000000    -0.00174858  -0.00000000
  0.00011904   0.00000000     0.00003483   0.00000000    -0.00006083  -0.00000000
 -0.00091416  -0.00000000     0.00001972   0.00000000    -0.00031126  -0.00000000
    9   21
  0.00029194   0.00000000    -0.00052393  -0.00000000     0.00006859   0.00000000
  0.00025765   0.00000000    -0.00001592  -0.00000000     0.00009718   0.00000000
  0.00014514   0.00000000    -0.00017866  -0.00000000     0.00005460   0.00000000
    9   22
  0.00649353   0.00000000     0.00136578   0.00000000    -0.00069225  -0.00000000
  0.01964386   0.00000000     0.00515343   0.00000000     0.00047453   0.00000000
 -0.02967788  -0.00000000    -0.00593295  -0.00000000    -0.00100584  -0.00000000
   10    1
 -0.00200745   0.00000000    -0.00320657   0.00000000     0.00035602  -0.00000000
 -0.00107921   0.00000000    -0.00068461   0.00000000     0.00026428  -0.00000000
  0.00040797  -0.00000000     0.00060699  -0.00000000     0.00381619  -0.00000000
   10    2
  0.00022727   0.00000000    -0.00008049  -0.00000000     0.00149414   0.00000000
  0.00028327   0.00000000    -0.00015782  -0.00000000    -0.00411848  -0.00000000
  0.00648401   0.00000000    -0.00477046  -0.00000000    -0.00000770  -0.00000000
   10    3
  0.00001472  -0.00000000    -0.00003984   0.00000000    -0.00010872   0.00000000
 -0.00011337   0.00000000     0.00002909  -0.00000000     0.00110237  -0.00000000
 -0.00012030   0.00000000    -0.00026316   0.00000000    -0.00003121   0.00000000
   10    4
  0.00003853   0.00000000     0.00003557   0.00000000     0.00274624   0.00000000
 -0.00001726  -0.00000000     0.00007447   0.00000000     0.00083105   0.00000000
  0.00060750   0.00000000     0.00085063   0.00000000     0.00016941   0.00000000
   10    5
 -0.00105049   0.00000000    -0.00037999   0.00000000     0.00003189  -0.00000000
 -0.00007159   0.00000000    -0.00070726   0.00000000    -0.00010510   0.00000000
 -0.00018856   0.00000000     0.00003183  -0.00000000     0.00069141  -0.00000000
   10    6
  0.32987644  -0.00000000     0.05807554  -0.00000000     0.00008383  -0.00000000
  0.06244237  -0.00000000     0.05914695  -0.00000000     0.00010600  -0.00000000
 -0.00011869   0.00000000    -0.00008861   0.00000000     0.04858525  -0.00000000
   10    7
 -0.00002358  -0.00000000    -0.00001089  -0.00000000     0.00012373   0.00000000
  0.00001089   0.00000000    -0.00007121  -0.00000000     0.00005727   0.00000000
  0.00012373   0.00000000    -0.00005727  -0.00000000    -0.00010251  -0.00000000
   10    8
 -0.00000000  -0.00000000    -0.00000039   0.00000000     0.00153347  -0.00000000
 -0.00000039   0.00000000    -0.00000000  -0.00000000     0.00039773  -0.00000000
  0.00153347  -0.00000000    -0.00039773   0.00000000    -0.00000000  -0.00000000
   10    9
 -0.00053030   0.00000000    -0.00054754   0.00000000    -0.00002978   0.00000000
 -0.00054754   0.00000000    -0.00067082   0.00000000     0.00007520  -0.00000000
  0.00002978  -0.00000000    -0.00007520   0.00000000    -0.00021886   0.00000000
   10   10
  0.37269498   0.00000000     0.06795490   0.00000000     0.00004784   0.00000000
  0.06795490   0.00000000     0.07190825   0.00000000     0.00000650   0.00000000
  0.00004784   0.00000000     0.00000650   0.00000000     0.06335791   0.00000000
   10   11
  0.00005198   0.00000000    -0.00003664  -0.00000000     0.00046608   0.00000000
  0.00004279   0.00000000     0.00002205   0.00000000    -0.00029852  -0.00000000
  0.00034794   0.00000000     0.00009336   0.00000000     0.00004942   0.00000000
   10   12
  0.00001350   0.00000000     0.00005217   0.00000000     0.00007510   0.00000000
  0.00001510   0.00000000    -0.00000552   0.00000000    -0.00035864   0.00000000
  0.00092999   0.00000000    -0.00012960   0.00000000    -0.00001677   0.00000000
   10   13
  0.00030802   0.00000000    -0.00074259  -0.00000000     0.00000561   0.00000000
 -0.00053014  -0.00000000    -0.00063887  -0.00000000     0.00001686   0.00000000
  0.00005355   0.00000000    -0.00022300  -0.00000000     0.00003961   0.00000000
   10   14
  0.01952189   0.00000000     0.00452851   0.00000000    -0.00000949  -0.00000000
 -0.02984489  -0.00000000    -0.00588765  -0.00000000     0.00001026   0.00000000
  0.00000700   0.00000000    -0.00009658  -0.00000000     0.00204645   0.00000000
   10   15
  0.00004154  -0.00000000    -0.00021711   0.00000000    -0.00052152   0.00000000
 -0.00018387   0.00000000     0.00009084  -0.00000000     0.00017258  -0.00000000
 -0.00034263   0.00000000     0.00012724  -0.00000000     0.00020810  -0.00000000
   10   16
 -0.00084344   0.00000000     0.00008429  -0.00000000    -0.00185047   0.00000000
  0.00011148  -0.00000000     0.00003087  -0.00000000    -0.00010923   0.00000000
 -0.00092226   0.00000000     0.00000713  -0.00000000    -0.00036971   0.00000000
   10   17
  0.00035112   0.00000000    -0.00049077  -0.00000000     0.00001629   0.00000000
  0.00031614   0.00000000    -0.00005315  -0.00000000     0.00006122   0.00000000
  0.00017329   0.00000000     0.00001849   0.00000000     0.00029595   0.00000000
   10   18
  0.00648454   0.00000000     0.00133441   0.00000000    -0.00067048  -0.00000000
  0.01969683   0.00000000     0.00511215   0.00000000     0.00050787   0.00000000
 -0.02974474  -0.00000000    -0.00591290  -0.00000000    -0.00102957  -0.00000000
   10   19
 -0.00081352  -0.00000000    -0.00001004  -0.00000000     0.00174858   0.00000000
  0.00011904   0.00000000     0.00003483   0.00000000     0.00006083   0.00000000
  0.00091416   0.00000000    -0.00001972  -0.00000000    -0.00031126  -0.00000000
   10   20
  0.00003087  -0.00000000    -0.00021927   0.00000000     0.00060752  -0.00000000
 -0.00020080   0.00000000     0.00008473  -0.00000000    -0.00007934   0.00000000
  0.00030698  -0.00000000    -0.00009519   0.00000000     0.00021022  -0.00000000
   10   21
  0.00649353  -0.00000000     0.00136578  -0.00000000     0.00069225  -0.00000000
  0.01964386  -0.00000000     0.00515343  -0.00000000    -0.00047453   0.00000000
  0.02967788  -0.00000000     0.00593295  -0.00000000    -0.00100584   0.00000000
   10   22
  0.00029194   0.00000000    -0.00052393  -0.00000000    -0.00006859  -0.00000000
  0.00025765   0.00000000    -0.00001592  -0.00000000    -0.00009718  -0.00000000
 -0.00014514  -0.00000000     0.00017866   0.00000000     0.00005460   0.00000000
   11    1
  0.00011654  -0.00000000     0.00021529  -0.00000000    -0.00007910   0.00000000
 -0.00008685   0.00000000    -0.00016330   0.00000000     0.00083881  -0.00000000
  0.00319750  -0.00000000     0.00405002  -0.00000000     0.00016282  -0.00000000
   11    2
  0.00029965   0.00000000    -0.00318449  -0.00000000    -0.00008731  -0.00000000
 -0.00467839  -0.00000000     0.00143013   0.00000000    -0.00003052  -0.00000000
 -0.00015478  -0.00000000     0.00003499   0.00000000    -0.00139027  -0.00000000
   11    3
 -0.13356998   0.00000000    -0.12479016   0.00000000    -0.00003113   0.00000000
 -0.12665416   0.00000000    -0.24622387   0.00000000    -0.00007268   0.00000000
  0.00007224  -0.00000000    -0.00016559   0.00000000    -0.05349754   0.00000000
   11    4
 -0.00089233  -0.00000000    -0.00035214  -0.00000000     0.00001221   0.00000000
 -0.00096661  -0.00000000    -0.00136559  -0.00000000    -0.00017467  -0.00000000
  0.00001149   0.00000000    -0.00005829  -0.00000000     0.00002181   0.00000000
   11    5
 -0.00006599   0.00000000    -0.00017178   0.00000000    -0.00007628   0.00000000
 -0.00004996   0.00000000     0.00006018  -0.00000000    -0.00050692   0.00000000
  0.00025667  -0.00000000     0.00059993  -0.00000000     0.00003794  -0.00000000
   11    6
  0.00003549  -0.00000000     0.00004535  -0.00000000    -0.00032284   0.00000000
  0.00005199  -0.00000000    -0.00004759   0.00000000     0.00033990  -0.00000000
  0.00003801  -0.00000000    -0.00202334   0.00000000     0.00001501  -0.00000000
   11    7
 -0.01952189  -0.00000000    -0.02984489  -0.00000000    -0.00000700  -0.00000000
  0.00452851   0.00000000     0.00588765   0.00000000    -0.00009658  -0.00000000
  0.00000949   0.00000000     0.00001026   0.00000000    -0.00204645  -0.00000000
   11    8
  0.00030802  -0.00000000     0.00053014  -0.00000000    -0.00005355   0.00000000
  0.00074259  -0.00000000    -0.00063887   0.00000000    -0.00022300   0.00000000
 -0.00000561   0.00000000     0.00001686  -0.00000000     0.00003961  -0.00000000
   11    9
  0.00001350  -0.00000000     0.00001510  -0.00000000    -0.00092999   0.00000000
  0.00005217  -0.00000000    -0.00000552   0.00000000     0.00012960  -0.00000000
 -0.00007510   0.00000000     0.00035864  -0.00000000    -0.00001677   0.00000000
   11   10
  0.00005198  -0.00000000     0.00004279  -0.00000000     0.00034794  -0.00000000
 -0.00003664   0.00000000     0.00002205  -0.00000000     0.00009336  -0.00000000
  0.00046608  -0.00000000    -0.00029852   0.00000000     0.00004942  -0.00000000
   11   11
  0.15013898   0.00000000     0.14543813   0.00000000     0.00001763   0.00000000
  0.14543813   0.00000000     0.28351345   0.00000000    -0.00004138   0.00000000
  0.00001763   0.00000000    -0.00004138   0.00000000     0.06149012   0.00000000
   11   12
  0.00018480  -0.00000000    -0.00013883   0.00000000    -0.00002352   0.00000000
 -0.00013883   0.00000000     0.00019210  -0.00000000    -0.00006482   0.00000000
  0.00002352  -0.00000000     0.00006482  -0.00000000     0.00065734  -0.00000000
   11   13
  0.00000000  -0.00000000    -0.00003714  -0.00000000     0.00014541   0.00000000
 -0.00003714  -0.00000000    -0.00000000   0.00000000     0.00019138   0.00000000
  0.00014541   0.00000000    -0.00019138  -0.00000000     0.00000000  -0.00000000
   11   14
  0.00002363   0.00000000    -0.00004072  -0.00000000    -0.00057899  -0.00000000
  0.00004072   0.00000000     0.00004676   0.00000000    -0.00063213  -0.00000000
 -0.00057899  -0.00000000     0.00063213   0.00000000    -0.00007278  -0.00000000
   11   15
 -0.00414555   0.00000000    -0.00831188   0.00000000     0.00078677  -0.00000000
  0.00997178  -0.00000000     0.01693960  -0.00000000    -0.00021343   0.00000000
  0.01660820  -0.00000000     0.02475004  -0.00000000    -0.00072993   0.00000000
   11   16
 -0.00023179   0.00000000     0.00009800  -0.00000000    -0.00008752   0.00000000
 -0.00036988   0.00000000     0.00002894  -0.00000000    -0.00012261   0.00000000
 -0.00000693   0.00000000     0.00021379  -0.00000000    -0.00052722   0.00000000
   11   17
  0.00013294   0.00000000     0.00025183   0.00000000     0.00091026   0.00000000
  0.00003146   0.00000000     0.00004531   0.00000000     0.00016497   0.00000000
  0.00037728   0.00000000     0.00013440   0.00000000    -0.00007163  -0.00000000
   11   18
  0.00004489  -0.00000000     0.00031433  -0.00000000    -0.00046829   0.00000000
  0.00014131  -0.00000000     0.00008891  -0.00000000    -0.00030780   0.00000000
 -0.00027760   0.00000000    -0.00007197   0.00000000    -0.00012680   0.00000000
   11   19
  0.00022344  -0.00000000    -0.00013247   0.00000000    -0.00007162   0.00000000
  0.00042376  -0.00000000    -0.00000339   0.00000000    -0.00011204   0.00000000
  0.00001581  -0.00000000     0.00017874  -0.00000000     0.00052880  -0.00000000
   11   20
  0.00414938  -0.00000000     0.00834189  -0.00000000     0.00076363  -0.00000000
 -0.01000041   0.00000000    -0.01698076   0.00000000    -0.00023996   0.00000000
  0.01666022  -0.00000000     0.02473976  -0.00000000     0.00074601  -0.00000000
   11   21
 -0.00005328   0.00000000    -0.00026425   0.00000000    -0.00041413   0.00000000
 -0.00013807   0.00000000    -0.00016003   0.00000000    -0.00037114   0.00000000
 -0.00023900   0.00000000    -0.00004488   0.00000000     0.00007820  -0.00000000
   11   22
 -0.00015526   0.00000000    -0.00033002   0.00000000     0.00094765  -0.00000000
 -0.00007087   0.00000000    -0.00008500   0.00000000     0.00022445  -0.00000000
  0.00034298  -0.00000000     0.00008999  -0.00000000     0.00012589  -0.00000000
   12    1
  0.00011654  -0.00000000     0.00021529  -0.00000000     0.00007910  -0.00000000
 -0.00008685   0.00000000    -0.00016330   0.00000000    -0.00083881   0.00000000
 -0.00319750   0.00000000    -0.00405002   0.00000000     0.00016282  -0.00000000
   12    2
 -0.00029965  -0.00000000     0.00318449   0.00000000    -0.00008731  -0.00000000
  0.00467839   0.00000000    -0.00143013  -0.00000000    -0.00003052  -0.00000000
 -0.00015478  -0.00000000     0.00003499   0.00000000     0.00139027   0.00000000
   12    3
 -0.00089233   0.00000000    -0.00035214   0.00000000    -0.00001221   0.00000000
 -0.00096661   0.00000000    -0.00136559   0.00000000     0.00017467  -0.00000000
 -0.00001149   0.00000000     0.00005829  -0.00000000     0.00002181  -0.00000000
   12    4
 -0.13356998  -0.00000000    -0.12479016  -0.00000000     0.00003113   0.00000000
 -0.12665416  -0.00000000    -0.24622387  -0.00000000     0.00007268   0.00000000
 -0.00007224  -0.00000000     0.00016559   0.00000000    -0.05349754  -0.00000000
   12    5
  0.00003549  -0.00000000     0.00004535  -0.00000000     0.00032284  -0.00000000
  0.00005199  -0.00000000    -0.00004759   0.00000000    -0.00033990   0.00000000
 -0.00003801   0.00000000     0.00202334  -0.00000000     0.00001501  -0.00000000
   12    6
 -0.00006599   0.00000000    -0.00017178   0.00000000     0.00007628  -0.00000000
 -0.00004996   0.00000000     0.00006018  -0.00000000     0.00050692  -0.00000000
 -0.00025667   0.00000000    -0.00059993   0.00000000     0.00003794  -0.00000000
   12    7
  0.00030802   0.00000000     0.00053014   0.00000000     0.00005355   0.00000000
  0.00074259   0.00000000    -0.00063887  -0.00000000     0.00022300   0.00000000
  0.00000561   0.00000000    -0.00001686  -0.00000000     0.00003961   0.00000000
   12    8
 -0.01952189   0.00000000    -0.02984489   0.00000000     0.00000700  -0.00000000
  0.00452851  -0.00000000     0.00588765  -0.00000000     0.00009658  -0.00000000
 -0.00000949   0.00000000    -0.00001026   0.00000000    -0.00204645   0.00000000
   12    9
  0.00005198  -0.00000000     0.00004279  -0.00000000    -0.00034794   0.00000000
 -0.00003664   0.00000000     0.00002205  -0.00000000    -0.00009336   0.00000000
 -0.00046608   0.00000000     0.00029852  -0.00000000     0.00004942  -0.00000000
   12   10
  0.00001350   0.00000000     0.00001510   0.00000000     0.00092999   0.00000000
  0.00005217   0.00000000    -0.00000552   0.00000000    -0.00012960   0.00000000
  0.00007510   0.00000000    -0.00035864   0.00000000    -0.00001677   0.00000000
   12   11
  0.00018480   0.00000000    -0.00013883  -0.00000000     0.00002352   0.00000000
 -0.00013883  -0.00000000     0.00019210   0.00000000     0.00006482   0.00000000
 -0.00002352  -0.00000000    -0.00006482  -0.00000000     0.00065734   0.00000000
   12   12
  0.15013898   0.00000000     0.14543813   0.00000000    -0.00001763   0.00000000
  0.14543813   0.00000000     0.28351345   0.00000000     0.00004138   0.00000000
 -0.00001763   0.00000000     0.00004138   0.00000000     0.06149012   0.00000000
   12   13
  0.00002363   0.00000000    -0.00004072  -0.00000000     0.00057899   0.00000000
  0.00004072   0.00000000     0.00004676   0.00000000     0.00063213   0.00000000
  0.00057899   0.00000000    -0.00063213  -0.00000000    -0.00007278  -0.00000000
   12   14
  0.00000000   0.00000000    -0.00003714  -0.00000000    -0.00014541  -0.00000000
 -0.00003714  -0.00000000    -0.00000000  -0.00000000    -0.00019138  -0.00000000
 -0.00014541  -0.00000000     0.00019138   0.00000000     0.00000000   0.00000000
   12   15
 -0.00023179   0.00000000     0.00009800  -0.00000000     0.00008752  -0.00000000
 -0.00036988   0.00000000     0.00002894  -0.00000000     0.00012261  -0.00000000
  0.00000693  -0.00000000    -0.00021379   0.00000000    -0.00052722   0.00000000
   12   16
 -0.00414555   0.00000000    -0.00831188   0.00000000    -0.00078677   0.00000000
  0.00997178  -0.00000000     0.01693960  -0.00000000     0.00021343  -0.00000000
 -0.01660820   0.00000000    -0.02475004   0.00000000    -0.00072993   0.00000000
   12   17
  0.00004489   0.00000000     0.00031433   0.00000000     0.00046829   0.00000000
  0.00014131   0.00000000     0.00008891   0.00000000     0.00030780   0.00000000
  0.00027760   0.00000000     0.00007197   0.00000000    -0.00012680  -0.00000000
   12   18
  0.00013294   0.00000000     0.00025183   0.00000000    -0.00091026  -0.00000000
  0.00003146   0.00000000     0.00004531   0.00000000    -0.00016497  -0.00000000
 -0.00037728  -0.00000000    -0.00013440  -0.00000000    -0.00007163  -0.00000000
   12   19
  0.00414938   0.00000000     0.00834189   0.00000000    -0.00076363  -0.00000000
 -0.01000041  -0.00000000    -0.01698076  -0.00000000     0.00023996   0.00000000
 -0.01666022  -0.00000000    -0.02473976  -0.00000000     0.00074601   0.00000000
   12   20
  0.00022344  -0.00000000    -0.00013247   0.00000000     0.00007162  -0.00000000
  0.00042376  -0.00000000    -0.00000339   0.00000000     0.00011204  -0.00000000
 -0.00001581   0.00000000    -0.00017874   0.00000000     0.00052880  -0.00000000
   12   21
 -0.00015526   0.00000000    -0.00033002   0.00000000    -0.00094765   0.00000000
 -0.00007087   0.00000000    -0.00008500   0.00000000    -0.00022445   0.00000000
 -0.00034298   0.00000000    -0.00008999   0.00000000     0.00012589  -0.00000000
   12   22
 -0.00005328  -0.00000000    -0.00026425  -0.00000000     0.00041413   0.00000000
 -0.00013807  -0.00000000    -0.00016003  -0.00000000     0.00037114   0.00000000
  0.00023900   0.00000000     0.00004488   0.00000000     0.00007820   0.00000000
   13    1
  0.00029965  -0.00000000     0.00318449  -0.00000000     0.00008731  -0.00000000
  0.00467839  -0.00000000     0.00143013  -0.00000000    -0.00003052   0.00000000
  0.00015478  -0.00000000     0.00003499  -0.00000000    -0.00139027   0.00000000
   13    2
 -0.00011654   0.00000000     0.00021529  -0.00000000    -0.00007910   0.00000000
 -0.00008685   0.00000000     0.00016330  -0.00000000    -0.00083881   0.00000000
  0.00319750  -0.00000000    -0.00405002   0.00000000    -0.00016282   0.00000000
   13    3
  0.00006599  -0.00000000    -0.00017178   0.00000000    -0.00007628   0.00000000
 -0.00004996   0.00000000    -0.00006018   0.00000000     0.00050692  -0.00000000
  0.00025667  -0.00000000    -0.00059993   0.00000000    -0.00003794   0.00000000
   13    4
  0.00003549  -0.00000000    -0.00004535   0.00000000     0.00032284  -0.00000000
 -0.00005199   0.00000000    -0.00004759   0.00000000     0.00033990  -0.00000000
 -0.00003801   0.00000000    -0.00202334   0.00000000     0.00001501  -0.00000000
   13    5
 -0.13356998   0.00000000     0.12479016  -0.00000000     0.00003113  -0.00000000
  0.12665416  -0.00000000    -0.24622387   0.00000000    -0.00007268   0.00000000
 -0.00007224   0.00000000    -0.00016559   0.00000000    -0.05349754   0.00000000
   13    6
  0.00089233  -0.00000000    -0.00035214   0.00000000     0.00001221  -0.00000000
 -0.00096661   0.00000000     0.00136559  -0.00000000     0.00017467  -0.00000000
  0.00001149  -0.00000000     0.00005829  -0.00000000    -0.00002181   0.00000000
   13    7
  0.00001350  -0.00000000    -0.00001510   0.00000000     0.00092999  -0.00000000
 -0.00005217   0.00000000    -0.00000552   0.00000000     0.00012960  -0.00000000
  0.00007510  -0.00000000     0.00035864  -0.00000000    -0.00001677   0.00000000
   13    8
 -0.00005198   0.00000000     0.00004279  -0.00000000     0.00034794  -0.00000000
 -0.00003664   0.00000000    -0.00002205   0.00000000    -0.00009336   0.00000000
  0.00046608  -0.00000000     0.00029852  -0.00000000    -0.00004942   0.00000000
   13    9
  0.01952189  -0.00000000    -0.02984489   0.00000000    -0.00000700   0.00000000
  0.00452851  -0.00000000    -0.00588765   0.00000000     0.00009658  -0.00000000
  0.00000949  -0.00000000    -0.00001026   0.00000000     0.00204645  -0.00000000
   13   10
  0.00030802  -0.00000000    -0.00053014   0.00000000     0.00005355  -0.00000000
 -0.00074259   0.00000000    -0.00063887   0.00000000    -0.00022300   0.00000000
  0.00000561  -0.00000000     0.00001686  -0.00000000     0.00003961  -0.00000000
   13   11
 -0.00000000   0.00000000    -0.00003714   0.00000000     0.00014541  -0.00000000
 -0.00003714   0.00000000     0.00000000  -0.00000000    -0.00019138   0.00000000
  0.00014541  -0.00000000     0.00019138  -0.00000000    -0.00000000   0.00000000
   13   12
  0.00002363  -0.00000000     0.00004072  -0.00000000     0.00057899  -0.00000000
 -0.00004072   0.00000000     0.00004676  -0.00000000    -0.00063213   0.00000000
  0.00057899  -0.00000000     0.00063213  -0.00000000    -0.00007278   0.00000000
   13   13
  0.15013898   0.00000000    -0.14543813   0.00000000    -0.00001763   0.00000000
 -0.14543813   0.00000000     0.28351345   0.00000000    -0.00004138   0.00000000
 -0.00001763   0.00000000    -0.00004138   0.00000000     0.06149012   0.00000000
   13   14
 -0.00018480  -0.00000000    -0.00013883  -0.00000000    -0.00002352  -0.00000000
 -0.00013883  -0.00000000    -0.00019210  -0.00000000     0.00006482   0.00000000
  0.00002352   0.00000000    -0.00006482  -0.00000000    -0.00065734  -0.00000000
   13   15
  0.00013294  -0.00000000    -0.00025183   0.00000000    -0.00091026   0.00000000
 -0.00003146   0.00000000     0.00004531  -0.00000000     0.00016497  -0.00000000
 -0.00037728   0.00000000     0.00013440  -0.00000000    -0.00007163   0.00000000
   13   16
 -0.00004489   0.00000000     0.00031433  -0.00000000    -0.00046829   0.00000000
  0.00014131  -0.00000000    -0.00008891   0.00000000     0.00030780  -0.00000000
 -0.00027760   0.00000000     0.00007197  -0.00000000     0.00012680  -0.00000000
   13   17
  0.00414555   0.00000000    -0.00831188  -0.00000000     0.00078677   0.00000000
  0.00997178   0.00000000    -0.01693960  -0.00000000     0.00021343   0.00000000
  0.01660820   0.00000000    -0.02475004  -0.00000000     0.00072993   0.00000000
   13   18
 -0.00023179   0.00000000    -0.00009800   0.00000000     0.00008752  -0.00000000
  0.00036988  -0.00000000     0.00002894  -0.00000000    -0.00012261   0.00000000
  0.00000693  -0.00000000     0.00021379  -0.00000000    -0.00052722   0.00000000
   13   19
 -0.00005328   0.00000000     0.00026425  -0.00000000     0.00041413  -0.00000000
  0.00013807  -0.00000000    -0.00016003   0.00000000    -0.00037114   0.00000000
  0.00023900  -0.00000000    -0.00004488   0.00000000     0.00007820  -0.00000000
   13   20
  0.00015526  -0.00000000    -0.00033002   0.00000000     0.00094765  -0.00000000
 -0.00007087   0.00000000     0.00008500  -0.00000000    -0.00022445   0.00000000
  0.00034298  -0.00000000    -0.00008999   0.00000000    -0.00012589   0.00000000
   13   21
 -0.00022344   0.00000000    -0.00013247   0.00000000    -0.00007162   0.00000000
  0.00042376  -0.00000000     0.00000339  -0.00000000     0.00011204  -0.00000000
  0.00001581  -0.00000000    -0.00017874   0.00000000    -0.00052880   0.00000000
   13   22
  0.00414938  -0.00000000    -0.00834189   0.00000000    -0.00076363   0.00000000
  0.01000041  -0.00000000    -0.01698076   0.00000000    -0.00023996   0.00000000
 -0.01666022   0.00000000     0.02473976  -0.00000000     0.00074601  -0.00000000
   14    1
  0.00029965  -0.00000000     0.00318449  -0.00000000    -0.00008731   0.00000000
  0.00467839  -0.00000000     0.00143013  -0.00000000     0.00003052  -0.00000000
 -0.00015478   0.00000000    -0.00003499   0.00000000    -0.00139027   0.00000000
   14    2
  0.00011654  -0.00000000    -0.00021529   0.00000000    -0.00007910   0.00000000
  0.00008685  -0.00000000    -0.00016330   0.00000000    -0.00083881   0.00000000
  0.00319750  -0.00000000    -0.00405002   0.00000000     0.00016282  -0.00000000
   14    3
  0.00003549  -0.00000000    -0.00004535   0.00000000    -0.00032284   0.00000000
 -0.00005199   0.00000000    -0.00004759   0.00000000    -0.00033990   0.00000000
  0.00003801  -0.00000000     0.00202334  -0.00000000     0.00001501  -0.00000000
   14    4
  0.00006599  -0.00000000    -0.00017178   0.00000000     0.00007628  -0.00000000
 -0.00004996   0.00000000    -0.00006018   0.00000000    -0.00050692   0.00000000
 -0.00025667   0.00000000     0.00059993  -0.00000000    -0.00003794   0.00000000
   14    5
  0.00089233  -0.00000000    -0.00035214   0.00000000    -0.00001221   0.00000000
 -0.00096661   0.00000000     0.00136559  -0.00000000    -0.00017467   0.00000000
 -0.00001149   0.00000000    -0.00005829   0.00000000    -0.00002181   0.00000000
   14    6
 -0.13356998   0.00000000     0.12479016  -0.00000000    -0.00003113   0.00000000
  0.12665416  -0.00000000    -0.24622387   0.00000000     0.00007268  -0.00000000
  0.00007224  -0.00000000     0.00016559  -0.00000000    -0.05349754   0.00000000
   14    7
 -0.00005198   0.00000000     0.00004279  -0.00000000    -0.00034794   0.00000000
 -0.00003664   0.00000000    -0.00002205   0.00000000     0.00009336  -0.00000000
 -0.00046608   0.00000000    -0.00029852   0.00000000    -0.00004942   0.00000000
   14    8
  0.00001350  -0.00000000    -0.00001510   0.00000000    -0.00092999   0.00000000
 -0.00005217   0.00000000    -0.00000552   0.00000000    -0.00012960   0.00000000
 -0.00007510   0.00000000    -0.00035864   0.00000000    -0.00001677   0.00000000
   14    9
  0.00030802  -0.00000000    -0.00053014   0.00000000    -0.00005355   0.00000000
 -0.00074259   0.00000000    -0.00063887   0.00000000     0.00022300  -0.00000000
 -0.00000561   0.00000000    -0.00001686   0.00000000     0.00003961  -0.00000000
   14   10
  0.01952189  -0.00000000    -0.02984489   0.00000000     0.00000700  -0.00000000
  0.00452851  -0.00000000    -0.00588765   0.00000000    -0.00009658   0.00000000
 -0.00000949   0.00000000     0.00001026  -0.00000000     0.00204645  -0.00000000
   14   11
  0.00002363  -0.00000000     0.00004072  -0.00000000    -0.00057899   0.00000000
 -0.00004072   0.00000000     0.00004676  -0.00000000     0.00063213  -0.00000000
 -0.00057899   0.00000000    -0.00063213   0.00000000    -0.00007278   0.00000000
   14   12
 -0.00000000   0.00000000    -0.00003714   0.00000000    -0.00014541   0.00000000
 -0.00003714   0.00000000     0.00000000  -0.00000000     0.00019138  -0.00000000
 -0.00014541   0.00000000    -0.00019138   0.00000000    -0.00000000   0.00000000
   14   13
 -0.00018480   0.00000000    -0.00013883   0.00000000     0.00002352  -0.00000000
 -0.00013883   0.00000000    -0.00019210   0.00000000    -0.00006482   0.00000000
 -0.00002352   0.00000000     0.00006482  -0.00000000    -0.00065734   0.00000000
   14   14
  0.15013898   0.00000000    -0.14543813   0.00000000     0.00001763   0.00000000
 -0.14543813   0.00000000     0.28351345   0.00000000     0.00004138   0.00000000
  0.00001763   0.00000000     0.00004138   0.00000000     0.06149012   0.00000000
   14   15
 -0.00004489   0.00000000     0.00031433  -0.00000000     0.00046829  -0.00000000
  0.00014131  -0.00000000    -0.00008891   0.00000000    -0.00030780   0.00000000
  0.00027760  -0.00000000    -0.00007197   0.00000000     0.00012680  -0.00000000
   14   16
  0.00013294  -0.00000000    -0.00025183   0.00000000     0.00091026  -0.00000000
 -0.00003146   0.00000000     0.00004531  -0.00000000    -0.00016497   0.00000000
  0.00037728  -0.00000000    -0.00013440   0.00000000    -0.00007163   0.00000000
   14   17
 -0.00023179   0.00000000    -0.00009800   0.00000000    -0.00008752   0.00000000
  0.00036988  -0.00000000     0.00002894  -0.00000000     0.00012261  -0.00000000
 -0.00000693   0.00000000    -0.00021379   0.00000000    -0.00052722   0.00000000
   14   18
  0.00414555  -0.00000000    -0.00831188   0.00000000    -0.00078677   0.00000000
  0.00997178  -0.00000000    -0.01693960   0.00000000    -0.00021343   0.00000000
 -0.01660820   0.00000000     0.02475004  -0.00000000     0.00072993  -0.00000000
   14   19
  0.00015526  -0.00000000    -0.00033002   0.00000000    -0.00094765   0.00000000
 -0.00007087   0.00000000     0.00008500  -0.00000000     0.00022445  -0.00000000
 -0.00034298   0.00000000     0.00008999  -0.00000000    -0.00012589   0.00000000
   14   20
 -0.00005328   0.00000000     0.00026425  -0.00000000    -0.00041413   0.00000000
  0.00013807  -0.00000000    -0.00016003   0.00000000     0.00037114  -0.00000000
 -0.00023900   0.00000000     0.00004488  -0.00000000     0.00007820  -0.00000000
   14   21
  0.00414938  -0.00000000    -0.00834189   0.00000000     0.00076363  -0.00000000
  0.01000041  -0.00000000    -0.01698076   0.00000000     0.00023996  -0.00000000
  0.01666022  -0.00000000    -0.02473976   0.00000000     0.00074601  -0.00000000
   14   22
 -0.00022344   0.00000000    -0.00013247   0.00000000     0.00007162  -0.00000000
  0.00042376  -0.00000000     0.00000339  -0.00000000    -0.00011204   0.00000000
 -0.00001581   0.00000000     0.00017874  -0.00000000    -0.00052880   0.00000000
   15    1
  0.00116780   0.00000000     0.00039246   0.00000000     0.00386980   0.00000000
  0.00159162   0.00000000    -0.00152788  -0.00000000    -0.00741535  -0.00000000
  0.00280776   0.00000000    -0.00324688  -0.00000000    -0.00293311  -0.00000000
   15    2
  0.00468358   0.00000000    -0.00139388  -0.00000000     0.00358778   0.00000000
 -0.00164193  -0.00000000     0.00010290   0.00000000     0.00085508   0.00000000
  0.00059838   0.00000000     0.00068001   0.00000000     0.00541623   0.00000000
   15    3
  0.05799022  -0.00000000    -0.03505512   0.00000000    -0.04695295   0.00000000
 -0.03432550   0.00000000     0.13486471  -0.00000000     0.13100681  -0.00000000
 -0.04664994   0.00000000     0.13172772  -0.00000000     0.25577469  -0.00000000
   15    4
  0.00047257   0.00000000     0.00032025   0.00000000    -0.00015510  -0.00000000
  0.00059831   0.00000000     0.00057381   0.00000000    -0.00021456  -0.00000000
  0.00006335   0.00000000    -0.00019180  -0.00000000    -0.00044570  -0.00000000
   15    5
  0.00087236   0.00000000     0.00014689   0.00000000    -0.00052622  -0.00000000
  0.00012932   0.00000000     0.00024527   0.00000000     0.00044488   0.00000000
  0.00009584   0.00000000     0.00045276   0.00000000     0.00026102   0.00000000
   15    6
 -0.00044803   0.00000000     0.00025964  -0.00000000     0.00028440  -0.00000000
  0.00067286  -0.00000000    -0.00055260   0.00000000    -0.00117229   0.00000000
  0.00031598  -0.00000000     0.00031569  -0.00000000    -0.00061668   0.00000000
   15    7
  0.00648454   0.00000000    -0.01969683  -0.00000000    -0.02974474  -0.00000000
 -0.00133441  -0.00000000     0.00511215   0.00000000     0.00591290   0.00000000
 -0.00067048  -0.00000000    -0.00050787  -0.00000000    -0.00102957  -0.00000000
   15    8
 -0.00035112   0.00000000     0.00031614  -0.00000000     0.00017329  -0.00000000
 -0.00049077   0.00000000     0.00005315  -0.00000000    -0.00001849   0.00000000
  0.00001629  -0.00000000    -0.00006122   0.00000000    -0.00029595   0.00000000
   15    9
 -0.00084344   0.00000000     0.00011148  -0.00000000     0.00092226  -0.00000000
  0.00008429  -0.00000000     0.00003087  -0.00000000    -0.00000713   0.00000000
  0.00185047  -0.00000000     0.00010923  -0.00000000    -0.00036971   0.00000000
   15   10
  0.00004154   0.00000000    -0.00018387  -0.00000000    -0.00034263  -0.00000000
 -0.00021711  -0.00000000     0.00009084   0.00000000     0.00012724   0.00000000
 -0.00052152  -0.00000000     0.00017258   0.00000000     0.00020810   0.00000000
   15   11
 -0.00414555  -0.00000000     0.00997178   0.00000000     0.01660820   0.00000000
 -0.00831188  -0.00000000     0.01693960   0.00000000     0.02475004   0.00000000
  0.00078677   0.00000000    -0.00021343  -0.00000000    -0.00072993  -0.00000000
   15   12
 -0.00023179  -0.00000000    -0.00036988  -0.00000000     0.00000693   0.00000000
  0.00009800   0.00000000     0.00002894   0.00000000    -0.00021379  -0.00000000
  0.00008752   0.00000000     0.00012261   0.00000000    -0.00052722  -0.00000000
   15   13
  0.00013294   0.00000000    -0.00003146  -0.00000000    -0.00037728  -0.00000000
 -0.00025183  -0.00000000     0.00004531   0.00000000     0.00013440   0.00000000
 -0.00091026  -0.00000000     0.00016497   0.00000000    -0.00007163  -0.00000000
   15   14
 -0.00004489  -0.00000000     0.00014131   0.00000000     0.00027760   0.00000000
  0.00031433   0.00000000    -0.00008891  -0.00000000    -0.00007197  -0.00000000
  0.00046829   0.00000000    -0.00030780  -0.00000000     0.00012680   0.00000000
   15   15
  0.07013801   0.00000000    -0.04103769   0.00000000    -0.05327190   0.00000000
 -0.04103769   0.00000000     0.15018171   0.00000000     0.14702516   0.00000000
 -0.05327190   0.00000000     0.14702516   0.00000000     0.28370634   0.00000000
   15   16
  0.00003065   0.00000000     0.00027698   0.00000000    -0.00008038  -0.00000000
  0.00027698   0.00000000    -0.00055298  -0.00000000    -0.00005068  -0.00000000
  0.00008038   0.00000000     0.00005068   0.00000000     0.00046293   0.00000000
   15   17
  0.00000000  -0.00000000    -0.00004281  -0.00000000    -0.00041283  -0.00000000
 -0.00004281  -0.00000000     0.00000000   0.00000000     0.00015543   0.00000000
 -0.00041283  -0.00000000    -0.00015543  -0.00000000     0.00000000  -0.00000000
   15   18
  0.00001786   0.00000000     0.00001992   0.00000000     0.00016222   0.00000000
 -0.00001992  -0.00000000     0.00004023   0.00000000     0.00012682   0.00000000
  0.00016222   0.00000000    -0.00012682  -0.00000000     0.00024312   0.00000000
   15   19
 -0.00023355  -0.00000000    -0.00022935  -0.00000000     0.00013848   0.00000000
 -0.00021195  -0.00000000     0.00022763   0.00000000    -0.00009352  -0.00000000
  0.00024159   0.00000000    -0.00012974  -0.00000000    -0.00056548  -0.00000000
   15   20
 -0.00073894   0.00000000     0.00544463  -0.00000000     0.00627167  -0.00000000
  0.00549056  -0.00000000    -0.01238949   0.00000000    -0.01683743   0.00000000
 -0.00630044   0.00000000     0.01683639  -0.00000000     0.02132321  -0.00000000
   15   21
  0.00003334  -0.00000000     0.00000687  -0.00000000     0.00031132  -0.00000000
  0.00002689  -0.00000000     0.00000225  -0.00000000     0.00023263  -0.00000000
  0.00022564  -0.00000000    -0.00026760   0.00000000     0.00004605  -0.00000000
   15   22
  0.00007379   0.00000000     0.00017052   0.00000000    -0.00050793  -0.00000000
 -0.00018888  -0.00000000    -0.00017420  -0.00000000     0.00028960   0.00000000
 -0.00045880  -0.00000000    -0.00026408  -0.00000000     0.00036894   0.00000000
   16    1
  0.00116780  -0.00000000     0.00039246  -0.00000000    -0.00386980   0.00000000
  0.00159162  -0.00000000    -0.00152788   0.00000000     0.00741535  -0.00000000
 -0.00280776   0.00000000     0.00324688  -0.00000000    -0.00293311   0.00000000
   16    2
 -0.00468358  -0.00000000     0.00139388   0.00000000     0.00358778   0.00000000
  0.00164193   0.00000000    -0.00010290  -0.00000000     0.00085508   0.00000000
  0.00059838   0.00000000     0.00068001   0.00000000    -0.00541623  -0.00000000
   16    3
  0.00047257  -0.00000000     0.00032025  -0.00000000     0.00015510  -0.00000000
  0.00059831  -0.00000000     0.00057381  -0.00000000     0.00021456  -0.00000000
 -0.00006335   0.00000000     0.00019180  -0.00000000    -0.00044570   0.00000000
   16    4
  0.05799022   0.00000000    -0.03505512  -0.00000000     0.04695295   0.00000000
 -0.03432550  -0.00000000     0.13486471   0.00000000    -0.13100681  -0.00000000
  0.04664994   0.00000000    -0.13172772  -0.00000000     0.25577469   0.00000000
   16    5
 -0.00044803   0.00000000     0.00025964  -0.00000000    -0.00028440   0.00000000
  0.00067286  -0.00000000    -0.00055260   0.00000000     0.00117229  -0.00000000
 -0.00031598   0.00000000    -0.00031569   0.00000000    -0.00061668   0.00000000
   16    6
  0.00087236  -0.00000000     0.00014689  -0.00000000     0.00052622  -0.00000000
  0.00012932  -0.00000000     0.00024527  -0.00000000    -0.00044488   0.00000000
 -0.00009584   0.00000000    -0.00045276   0.00000000     0.00026102  -0.00000000
   16    7
 -0.00035112  -0.00000000     0.00031614   0.00000000    -0.00017329  -0.00000000
 -0.00049077  -0.00000000     0.00005315   0.00000000     0.00001849   0.00000000
 -0.00001629  -0.00000000     0.00006122   0.00000000    -0.00029595  -0.00000000
   16    8
  0.00648454  -0.00000000    -0.01969683   0.00000000     0.02974474  -0.00000000
 -0.00133441   0.00000000     0.00511215  -0.00000000    -0.00591290   0.00000000
  0.00067048  -0.00000000     0.00050787  -0.00000000    -0.00102957   0.00000000
   16    9
  0.00004154  -0.00000000    -0.00018387   0.00000000     0.00034263  -0.00000000
 -0.00021711   0.00000000     0.00009084  -0.00000000    -0.00012724   0.00000000
  0.00052152  -0.00000000    -0.00017258   0.00000000     0.00020810  -0.00000000
   16   10
 -0.00084344  -0.00000000     0.00011148   0.00000000    -0.00092226  -0.00000000
  0.00008429   0.00000000     0.00003087   0.00000000     0.00000713   0.00000000
 -0.00185047  -0.00000000    -0.00010923  -0.00000000    -0.00036971  -0.00000000
   16   11
 -0.00023179  -0.00000000    -0.00036988  -0.00000000    -0.00000693  -0.00000000
  0.00009800   0.00000000     0.00002894   0.00000000     0.00021379   0.00000000
 -0.00008752  -0.00000000    -0.00012261  -0.00000000    -0.00052722  -0.00000000
   16   12
 -0.00414555  -0.00000000     0.00997178   0.00000000    -0.01660820  -0.00000000
 -0.00831188  -0.00000000     0.01693960   0.00000000    -0.02475004  -0.00000000
 -0.00078677  -0.00000000     0.00021343   0.00000000    -0.00072993  -0.00000000
   16   13
 -0.00004489  -0.00000000     0.00014131   0.00000000    -0.00027760  -0.00000000
  0.00031433   0.00000000    -0.00008891  -0.00000000     0.00007197   0.00000000
 -0.00046829  -0.00000000     0.00030780   0.00000000     0.00012680   0.00000000
   16   14
  0.00013294   0.00000000    -0.00003146  -0.00000000     0.00037728   0.00000000
 -0.00025183  -0.00000000     0.00004531   0.00000000    -0.00013440  -0.00000000
  0.00091026   0.00000000    -0.00016497  -0.00000000    -0.00007163  -0.00000000
   16   15
  0.00003065  -0.00000000     0.00027698  -0.00000000     0.00008038  -0.00000000
  0.00027698  -0.00000000    -0.00055298   0.00000000     0.00005068  -0.00000000
 -0.00008038   0.00000000    -0.00005068   0.00000000     0.00046293  -0.00000000
   16   16
  0.07013801   0.00000000    -0.04103769   0.00000000     0.05327190   0.00000000
 -0.04103769   0.00000000     0.15018171   0.00000000    -0.14702516   0.00000000
  0.05327190   0.00000000    -0.14702516   0.00000000     0.28370634   0.00000000
   16   17
  0.00001786   0.00000000     0.00001992   0.00000000    -0.00016222  -0.00000000
 -0.00001992  -0.00000000     0.00004023   0.00000000    -0.00012682  -0.00000000
 -0.00016222  -0.00000000     0.00012682   0.00000000     0.00024312   0.00000000
   16   18
  0.00000000   0.00000000    -0.00004281   0.00000000     0.00041283  -0.00000000
 -0.00004281   0.00000000     0.00000000  -0.00000000    -0.00015543   0.00000000
  0.00041283  -0.00000000     0.00015543  -0.00000000     0.00000000   0.00000000
   16   19
 -0.00073894  -0.00000000     0.00544463   0.00000000    -0.00627167  -0.00000000
  0.00549056   0.00000000    -0.01238949  -0.00000000     0.01683743   0.00000000
  0.00630044   0.00000000    -0.01683639  -0.00000000     0.02132321   0.00000000
   16   20
 -0.00023355   0.00000000    -0.00022935   0.00000000    -0.00013848   0.00000000
 -0.00021195   0.00000000     0.00022763  -0.00000000     0.00009352  -0.00000000
 -0.00024159   0.00000000     0.00012974  -0.00000000    -0.00056548   0.00000000
   16   21
  0.00007379  -0.00000000     0.00017052  -0.00000000     0.00050793  -0.00000000
 -0.00018888   0.00000000    -0.00017420   0.00000000    -0.00028960   0.00000000
  0.00045880  -0.00000000     0.00026408  -0.00000000     0.00036894  -0.00000000
   16   22
  0.00003334   0.00000000     0.00000687   0.00000000    -0.00031132  -0.00000000
  0.00002689   0.00000000     0.00000225   0.00000000    -0.00023263  -0.00000000
 -0.00022564  -0.00000000     0.00026760   0.00000000     0.00004605   0.00000000
   17    1
 -0.00468358   0.00000000    -0.00139388   0.00000000     0.00358778  -0.00000000
 -0.00164193   0.00000000    -0.00010290   0.00000000    -0.00085508   0.00000000
  0.00059838  -0.00000000    -0.00068001   0.00000000    -0.00541623   0.00000000
   17    2
  0.00116780  -0.00000000    -0.00039246   0.00000000    -0.00386980   0.00000000
 -0.00159162   0.00000000    -0.00152788   0.00000000    -0.00741535   0.00000000
 -0.00280776   0.00000000    -0.00324688   0.00000000    -0.00293311   0.00000000
   17    3
  0.00087236  -0.00000000    -0.00014689   0.00000000     0.00052622  -0.00000000
 -0.00012932   0.00000000     0.00024527  -0.00000000     0.00044488  -0.00000000
 -0.00009584   0.00000000     0.00045276  -0.00000000     0.00026102  -0.00000000
   17    4
  0.00044803  -0.00000000     0.00025964  -0.00000000     0.00028440  -0.00000000
  0.00067286  -0.00000000     0.00055260  -0.00000000     0.00117229  -0.00000000
  0.00031598  -0.00000000    -0.00031569   0.00000000     0.00061668  -0.00000000
   17    5
 -0.05799022   0.00000000    -0.03505512   0.00000000    -0.04695295   0.00000000
 -0.03432550   0.00000000    -0.13486471   0.00000000    -0.13100681   0.00000000
 -0.04664994   0.00000000    -0.13172772   0.00000000    -0.25577469   0.00000000
   17    6
  0.00047257  -0.00000000    -0.00032025   0.00000000     0.00015510  -0.00000000
 -0.00059831   0.00000000     0.00057381  -0.00000000    -0.00021456   0.00000000
 -0.00006335   0.00000000    -0.00019180   0.00000000    -0.00044570   0.00000000
   17    7
  0.00084344  -0.00000000     0.00011148  -0.00000000     0.00092226  -0.00000000
  0.00008429  -0.00000000    -0.00003087   0.00000000     0.00000713  -0.00000000
  0.00185047  -0.00000000    -0.00010923   0.00000000     0.00036971  -0.00000000
   17    8
  0.00004154  -0.00000000     0.00018387  -0.00000000     0.00034263  -0.00000000
  0.00021711  -0.00000000     0.00009084  -0.00000000     0.00012724  -0.00000000
  0.00052152  -0.00000000     0.00017258  -0.00000000     0.00020810  -0.00000000
   17    9
  0.00648454  -0.00000000     0.01969683  -0.00000000     0.02974474  -0.00000000
  0.00133441  -0.00000000     0.00511215  -0.00000000     0.00591290  -0.00000000
  0.00067048  -0.00000000    -0.00050787   0.00000000    -0.00102957   0.00000000
   17   10
  0.00035112  -0.00000000     0.00031614  -0.00000000     0.00017329  -0.00000000
 -0.00049077   0.00000000    -0.00005315   0.00000000     0.00001849  -0.00000000
  0.00001629  -0.00000000     0.00006122  -0.00000000     0.00029595  -0.00000000
   17   11
  0.00013294  -0.00000000     0.00003146  -0.00000000     0.00037728  -0.00000000
  0.00025183  -0.00000000     0.00004531  -0.00000000     0.00013440  -0.00000000
  0.00091026  -0.00000000     0.00016497  -0.00000000    -0.00007163   0.00000000
   17   12
  0.00004489  -0.00000000     0.00014131  -0.00000000     0.00027760  -0.00000000
  0.00031433  -0.00000000     0.00008891  -0.00000000     0.00007197  -0.00000000
  0.00046829  -0.00000000     0.00030780  -0.00000000    -0.00012680   0.00000000
   17   13
  0.00414555  -0.00000000     0.00997178  -0.00000000     0.01660820  -0.00000000
 -0.00831188   0.00000000    -0.01693960   0.00000000    -0.02475004   0.00000000
  0.00078677  -0.00000000     0.00021343  -0.00000000     0.00072993  -0.00000000
   17   14
 -0.00023179  -0.00000000     0.00036988   0.00000000    -0.00000693  -0.00000000
 -0.00009800  -0.00000000     0.00002894   0.00000000    -0.00021379  -0.00000000
 -0.00008752  -0.00000000     0.00012261   0.00000000    -0.00052722  -0.00000000
   17   15
 -0.00000000   0.00000000    -0.00004281   0.00000000    -0.00041283   0.00000000
 -0.00004281   0.00000000    -0.00000000   0.00000000    -0.00015543   0.00000000
 -0.00041283   0.00000000     0.00015543  -0.00000000    -0.00000000   0.00000000
   17   16
  0.00001786  -0.00000000    -0.00001992   0.00000000    -0.00016222   0.00000000
  0.00001992  -0.00000000     0.00004023  -0.00000000     0.00012682  -0.00000000
 -0.00016222   0.00000000    -0.00012682   0.00000000     0.00024312  -0.00000000
   17   17
  0.07013801   0.00000000     0.04103769   0.00000000     0.05327190   0.00000000
  0.04103769   0.00000000     0.15018171   0.00000000     0.14702516   0.00000000
  0.05327190   0.00000000     0.14702516   0.00000000     0.28370634   0.00000000
   17   18
 -0.00003065   0.00000000     0.00027698  -0.00000000    -0.00008038   0.00000000
  0.00027698  -0.00000000     0.00055298  -0.00000000     0.00005068  -0.00000000
  0.00008038  -0.00000000    -0.00005068   0.00000000    -0.00046293   0.00000000
   17   19
 -0.00003334   0.00000000     0.00000687  -0.00000000     0.00031132  -0.00000000
  0.00002689  -0.00000000    -0.00000225   0.00000000    -0.00023263   0.00000000
  0.00022564  -0.00000000     0.00026760  -0.00000000    -0.00004605   0.00000000
   17   20
  0.00007379  -0.00000000    -0.00017052   0.00000000     0.00050793  -0.00000000
  0.00018888  -0.00000000    -0.00017420   0.00000000     0.00028960  -0.00000000
  0.00045880  -0.00000000    -0.00026408   0.00000000     0.00036894  -0.00000000
   17   21
 -0.00023355   0.00000000     0.00022935  -0.00000000    -0.00013848   0.00000000
  0.00021195  -0.00000000     0.00022763  -0.00000000    -0.00009352   0.00000000
 -0.00024159   0.00000000    -0.00012974   0.00000000    -0.00056548   0.00000000
   17   22
  0.00073894  -0.00000000     0.00544463  -0.00000000     0.00627167  -0.00000000
  0.00549056  -0.00000000     0.01238949  -0.00000000     0.01683743  -0.00000000
 -0.00630044   0.00000000    -0.01683639   0.00000000    -0.02132321   0.00000000
   18    1
 -0.00468358   0.00000000    -0.00139388   0.00000000    -0.00358778   0.00000000
 -0.00164193   0.00000000    -0.00010290   0.00000000     0.00085508  -0.00000000
 -0.00059838   0.00000000     0.00068001  -0.00000000    -0.00541623   0.00000000
   18    2
 -0.00116780  -0.00000000     0.00039246   0.00000000    -0.00386980  -0.00000000
  0.00159162   0.00000000     0.00152788   0.00000000    -0.00741535  -0.00000000
 -0.00280776  -0.00000000    -0.00324688  -0.00000000     0.00293311   0.00000000
   18    3
  0.00044803  -0.00000000     0.00025964  -0.00000000    -0.00028440   0.00000000
  0.00067286  -0.00000000     0.00055260  -0.00000000    -0.00117229   0.00000000
 -0.00031598   0.00000000     0.00031569  -0.00000000     0.00061668  -0.00000000
   18    4
  0.00087236   0.00000000    -0.00014689  -0.00000000    -0.00052622  -0.00000000
 -0.00012932  -0.00000000     0.00024527   0.00000000    -0.00044488  -0.00000000
  0.00009584   0.00000000    -0.00045276  -0.00000000     0.00026102   0.00000000
   18    5
  0.00047257  -0.00000000    -0.00032025   0.00000000    -0.00015510   0.00000000
 -0.00059831   0.00000000     0.00057381  -0.00000000     0.00021456  -0.00000000
  0.00006335  -0.00000000     0.00019180  -0.00000000    -0.00044570   0.00000000
   18    6
 -0.05799022   0.00000000    -0.03505512   0.00000000     0.04695295  -0.00000000
 -0.03432550   0.00000000    -0.13486471   0.00000000     0.13100681  -0.00000000
  0.04664994  -0.00000000     0.13172772  -0.00000000    -0.25577469   0.00000000
   18    7
  0.00004154  -0.00000000     0.00018387  -0.00000000    -0.00034263   0.00000000
  0.00021711  -0.00000000     0.00009084  -0.00000000    -0.00012724   0.00000000
 -0.00052152   0.00000000    -0.00017258   0.00000000     0.00020810  -0.00000000
   18    8
  0.00084344  -0.00000000     0.00011148  -0.00000000    -0.00092226   0.00000000
  0.00008429  -0.00000000    -0.00003087   0.00000000    -0.00000713   0.00000000
 -0.00185047   0.00000000     0.00010923  -0.00000000     0.00036971  -0.00000000
   18    9
  0.00035112  -0.00000000     0.00031614  -0.00000000    -0.00017329   0.00000000
 -0.00049077   0.00000000    -0.00005315   0.00000000    -0.00001849   0.00000000
 -0.00001629   0.00000000    -0.00006122   0.00000000     0.00029595  -0.00000000
   18   10
  0.00648454  -0.00000000     0.01969683  -0.00000000    -0.02974474   0.00000000
  0.00133441  -0.00000000     0.00511215  -0.00000000    -0.00591290   0.00000000
 -0.00067048   0.00000000     0.00050787  -0.00000000    -0.00102957   0.00000000
   18   11
  0.00004489   0.00000000     0.00014131   0.00000000    -0.00027760  -0.00000000
  0.00031433   0.00000000     0.00008891   0.00000000    -0.00007197  -0.00000000
 -0.00046829  -0.00000000    -0.00030780  -0.00000000    -0.00012680  -0.00000000
   18   12
  0.00013294  -0.00000000     0.00003146  -0.00000000    -0.00037728   0.00000000
  0.00025183  -0.00000000     0.00004531  -0.00000000    -0.00013440   0.00000000
 -0.00091026   0.00000000    -0.00016497   0.00000000    -0.00007163   0.00000000
   18   13
 -0.00023179  -0.00000000     0.00036988   0.00000000     0.00000693   0.00000000
 -0.00009800  -0.00000000     0.00002894   0.00000000     0.00021379   0.00000000
  0.00008752   0.00000000    -0.00012261  -0.00000000    -0.00052722  -0.00000000
   18   14
  0.00414555   0.00000000     0.00997178   0.00000000    -0.01660820  -0.00000000
 -0.00831188  -0.00000000    -0.01693960  -0.00000000     0.02475004   0.00000000
 -0.00078677  -0.00000000    -0.00021343  -0.00000000     0.00072993   0.00000000
   18   15
  0.00001786  -0.00000000    -0.00001992   0.00000000     0.00016222  -0.00000000
  0.00001992  -0.00000000     0.00004023  -0.00000000    -0.00012682   0.00000000
  0.00016222  -0.00000000     0.00012682  -0.00000000     0.00024312  -0.00000000
   18   16
 -0.00000000  -0.00000000    -0.00004281  -0.00000000     0.00041283   0.00000000
 -0.00004281  -0.00000000    -0.00000000  -0.00000000     0.00015543   0.00000000
  0.00041283   0.00000000    -0.00015543  -0.00000000    -0.00000000  -0.00000000
   18   17
 -0.00003065  -0.00000000     0.00027698   0.00000000     0.00008038   0.00000000
  0.00027698   0.00000000     0.00055298   0.00000000    -0.00005068  -0.00000000
 -0.00008038  -0.00000000     0.00005068   0.00000000    -0.00046293  -0.00000000
   18   18
  0.07013801   0.00000000     0.04103769   0.00000000    -0.05327190   0.00000000
  0.04103769   0.00000000     0.15018171   0.00000000    -0.14702516   0.00000000
 -0.05327190   0.00000000    -0.14702516   0.00000000     0.28370634   0.00000000
   18   19
  0.00007379  -0.00000000    -0.00017052   0.00000000    -0.00050793   0.00000000
  0.00018888  -0.00000000    -0.00017420   0.00000000    -0.00028960   0.00000000
 -0.00045880   0.00000000     0.00026408  -0.00000000     0.00036894  -0.00000000
   18   20
 -0.00003334   0.00000000     0.00000687  -0.00000000    -0.00031132   0.00000000
  0.00002689  -0.00000000    -0.00000225   0.00000000     0.00023263  -0.00000000
 -0.00022564   0.00000000    -0.00026760   0.00000000    -0.00004605   0.00000000
   18   21
  0.00073894  -0.00000000     0.00544463  -0.00000000    -0.00627167   0.00000000
  0.00549056  -0.00000000     0.01238949  -0.00000000    -0.01683743   0.00000000
  0.00630044  -0.00000000     0.01683639  -0.00000000    -0.02132321   0.00000000
   18   22
 -0.00023355   0.00000000     0.00022935  -0.00000000     0.00013848  -0.00000000
  0.00021195  -0.00000000     0.00022763  -0.00000000     0.00009352  -0.00000000
  0.00024159  -0.00000000     0.00012974  -0.00000000    -0.00056548   0.00000000
   19    1
  0.00121557  -0.00000000     0.00044770  -0.00000000     0.00338003  -0.00000000
  0.00148502  -0.00000000    -0.00137618   0.00000000    -0.00805086   0.00000000
  0.00248313  -0.00000000    -0.00336022   0.00000000    -0.00300062   0.00000000
   19    2
  0.00478419   0.00000000    -0.00134180  -0.00000000     0.00361641   0.00000000
 -0.00179169  -0.00000000    -0.00002614  -0.00000000     0.00032135   0.00000000
  0.00062592   0.00000000     0.00033804   0.00000000     0.00508031   0.00000000
   19    3
 -0.00050721   0.00000000    -0.00022096   0.00000000     0.00007316  -0.00000000
 -0.00060934   0.00000000    -0.00052225   0.00000000     0.00002524  -0.00000000
 -0.00012829   0.00000000     0.00032203  -0.00000000     0.00060658  -0.00000000
   19    4
 -0.05803662  -0.00000000     0.03485461   0.00000000     0.04689205   0.00000000
  0.03438989   0.00000000    -0.13504509  -0.00000000    -0.13099582  -0.00000000
  0.04660225   0.00000000    -0.13160324  -0.00000000    -0.25547942  -0.00000000
   19    5
 -0.00049990   0.00000000     0.00037904  -0.00000000     0.00017427  -0.00000000
  0.00051771  -0.00000000    -0.00066743   0.00000000    -0.00122597   0.00000000
  0.00042816  -0.00000000     0.00027062  -0.00000000    -0.00060689   0.00000000
   19    6
  0.00084753  -0.00000000     0.00004181  -0.00000000    -0.00041081   0.00000000
  0.00017519  -0.00000000     0.00023768  -0.00000000     0.00031798  -0.00000000
  0.00000721  -0.00000000     0.00057899  -0.00000000     0.00014524  -0.00000000
   19    7
  0.00029194   0.00000000    -0.00025765  -0.00000000    -0.00014514  -0.00000000
  0.00052393   0.00000000    -0.00001592  -0.00000000    -0.00017866  -0.00000000
 -0.00006859  -0.00000000     0.00009718   0.00000000     0.00005460   0.00000000
   19    8
 -0.00649353   0.00000000     0.01964386  -0.00000000     0.02967788  -0.00000000
  0.00136578  -0.00000000    -0.00515343   0.00000000    -0.00593295   0.00000000
  0.00069225  -0.00000000     0.00047453  -0.00000000     0.00100584  -0.00000000
   19    9
  0.00003087  -0.00000000    -0.00020080   0.00000000    -0.00030698   0.00000000
 -0.00021927   0.00000000     0.00008473  -0.00000000     0.00009519  -0.00000000
 -0.00060752   0.00000000     0.00007934  -0.00000000     0.00021022  -0.00000000
   19   10
 -0.00081352   0.00000000     0.00011904  -0.00000000     0.00091416  -0.00000000
 -0.00001004   0.00000000     0.00003483  -0.00000000    -0.00001972   0.00000000
  0.00174858  -0.00000000     0.00006083  -0.00000000    -0.00031126   0.00000000
   19   11
  0.00022344   0.00000000     0.00042376   0.00000000     0.00001581   0.00000000
 -0.00013247  -0.00000000    -0.00000339  -0.00000000     0.00017874   0.00000000
 -0.00007162  -0.00000000    -0.00011204  -0.00000000     0.00052880   0.00000000
   19   12
  0.00414938  -0.00000000    -0.01000041   0.00000000    -0.01666022   0.00000000
  0.00834189  -0.00000000    -0.01698076   0.00000000    -0.02473976   0.00000000
 -0.00076363   0.00000000     0.00023996  -0.00000000     0.00074601  -0.00000000
   19   13
 -0.00005328  -0.00000000     0.00013807   0.00000000     0.00023900   0.00000000
  0.00026425   0.00000000    -0.00016003  -0.00000000    -0.00004488  -0.00000000
  0.00041413   0.00000000    -0.00037114  -0.00000000     0.00007820   0.00000000
   19   14
  0.00015526   0.00000000    -0.00007087  -0.00000000    -0.00034298  -0.00000000
 -0.00033002  -0.00000000     0.00008500   0.00000000     0.00008999   0.00000000
 -0.00094765  -0.00000000     0.00022445   0.00000000    -0.00012589  -0.00000000
   19   15
 -0.00023355   0.00000000    -0.00021195   0.00000000     0.00024159  -0.00000000
 -0.00022935   0.00000000     0.00022763  -0.00000000    -0.00012974   0.00000000
  0.00013848  -0.00000000    -0.00009352   0.00000000    -0.00056548   0.00000000
   19   16
 -0.00073894   0.00000000     0.00549056  -0.00000000     0.00630044  -0.00000000
  0.00544463  -0.00000000    -0.01238949   0.00000000    -0.01683639   0.00000000
 -0.00627167   0.00000000     0.01683743  -0.00000000     0.02132321  -0.00000000
   19   17
 -0.00003334  -0.00000000     0.00002689   0.00000000     0.00022564   0.00000000
  0.00000687   0.00000000    -0.00000225  -0.00000000     0.00026760   0.00000000
  0.00031132   0.00000000    -0.00023263  -0.00000000    -0.00004605  -0.00000000
   19   18
  0.00007379   0.00000000     0.00018888   0.00000000    -0.00045880  -0.00000000
 -0.00017052  -0.00000000    -0.00017420  -0.00000000     0.00026408   0.00000000
 -0.00050793  -0.00000000    -0.00028960  -0.00000000     0.00036894   0.00000000
   19   19
  0.07008769   0.00000000    -0.04103814   0.00000000    -0.05325878   0.00000000
 -0.04103814   0.00000000     0.15015127   0.00000000     0.14704470   0.00000000
 -0.05325878   0.00000000     0.14704470   0.00000000     0.28380839   0.00000000
   19   20
  0.00005542  -0.00000000     0.00025955  -0.00000000     0.00000742  -0.00000000
  0.00025955  -0.00000000    -0.00048994   0.00000000    -0.00008055   0.00000000
 -0.00000742   0.00000000     0.00008055  -0.00000000     0.00059490  -0.00000000
   19   21
  0.00000000   0.00000000    -0.00007320   0.00000000    -0.00043337   0.00000000
 -0.00007320   0.00000000    -0.00000000   0.00000000     0.00006530  -0.00000000
 -0.00043337   0.00000000    -0.00006530   0.00000000     0.00000000   0.00000000
   19   22
 -0.00002197   0.00000000     0.00000851  -0.00000000     0.00018758  -0.00000000
 -0.00000851   0.00000000     0.00003315  -0.00000000     0.00010061  -0.00000000
  0.00018758  -0.00000000    -0.00010061   0.00000000     0.00026207  -0.00000000
   20    1
  0.00121557   0.00000000     0.00044770   0.00000000    -0.00338003  -0.00000000
  0.00148502   0.00000000    -0.00137618  -0.00000000     0.00805086   0.00000000
 -0.00248313  -0.00000000     0.00336022   0.00000000    -0.00300062  -0.00000000
   20    2
 -0.00478419  -0.00000000     0.00134180   0.00000000     0.00361641   0.00000000
  0.00179169   0.00000000     0.00002614   0.00000000     0.00032135   0.00000000
  0.00062592   0.00000000     0.00033804   0.00000000    -0.00508031  -0.00000000
   20    3
 -0.05803662   0.00000000     0.03485461  -0.00000000    -0.04689205   0.00000000
  0.03438989  -0.00000000    -0.13504509   0.00000000     0.13099582  -0.00000000
 -0.04660225   0.00000000     0.13160324  -0.00000000    -0.25547942   0.00000000
   20    4
 -0.00050721  -0.00000000    -0.00022096  -0.00000000    -0.00007316  -0.00000000
 -0.00060934  -0.00000000    -0.00052225  -0.00000000    -0.00002524  -0.00000000
  0.00012829   0.00000000    -0.00032203  -0.00000000     0.00060658   0.00000000
   20    5
  0.00084753   0.00000000     0.00004181   0.00000000     0.00041081   0.00000000
  0.00017519   0.00000000     0.00023768   0.00000000    -0.00031798  -0.00000000
 -0.00000721  -0.00000000    -0.00057899  -0.00000000     0.00014524   0.00000000
   20    6
 -0.00049990   0.00000000     0.00037904  -0.00000000    -0.00017427   0.00000000
  0.00051771  -0.00000000    -0.00066743   0.00000000     0.00122597  -0.00000000
 -0.00042816   0.00000000    -0.00027062   0.00000000    -0.00060689   0.00000000
   20    7
 -0.00649353  -0.00000000     0.01964386   0.00000000    -0.02967788  -0.00000000
  0.00136578   0.00000000    -0.00515343  -0.00000000     0.00593295   0.00000000
 -0.00069225  -0.00000000    -0.00047453  -0.00000000     0.00100584   0.00000000
   20    8
  0.00029194   0.00000000    -0.00025765   0.00000000     0.00014514   0.00000000
  0.00052393   0.00000000    -0.00001592   0.00000000     0.00017866   0.00000000
  0.00006859   0.00000000    -0.00009718   0.00000000     0.00005460   0.00000000
   20    9
 -0.00081352   0.00000000     0.00011904  -0.00000000    -0.00091416   0.00000000
 -0.00001004   0.00000000     0.00003483  -0.00000000     0.00001972  -0.00000000
 -0.00174858   0.00000000    -0.00006083   0.00000000    -0.00031126   0.00000000
   20   10
  0.00003087   0.00000000    -0.00020080  -0.00000000     0.00030698   0.00000000
 -0.00021927  -0.00000000     0.00008473   0.00000000    -0.00009519  -0.00000000
  0.00060752   0.00000000    -0.00007934  -0.00000000     0.00021022   0.00000000
   20   11
  0.00414938   0.00000000    -0.01000041  -0.00000000     0.01666022   0.00000000
  0.00834189   0.00000000    -0.01698076  -0.00000000     0.02473976   0.00000000
  0.00076363   0.00000000    -0.00023996  -0.00000000     0.00074601   0.00000000
   20   12
  0.00022344   0.00000000     0.00042376   0.00000000    -0.00001581  -0.00000000
 -0.00013247  -0.00000000    -0.00000339  -0.00000000    -0.00017874  -0.00000000
  0.00007162   0.00000000     0.00011204   0.00000000     0.00052880   0.00000000
   20   13
  0.00015526   0.00000000    -0.00007087  -0.00000000     0.00034298   0.00000000
 -0.00033002  -0.00000000     0.00008500   0.00000000    -0.00008999  -0.00000000
  0.00094765   0.00000000    -0.00022445  -0.00000000    -0.00012589  -0.00000000
   20   14
 -0.00005328  -0.00000000     0.00013807   0.00000000    -0.00023900  -0.00000000
  0.00026425   0.00000000    -0.00016003  -0.00000000     0.00004488   0.00000000
 -0.00041413  -0.00000000     0.00037114   0.00000000     0.00007820   0.00000000
   20   15
 -0.00073894  -0.00000000     0.00549056   0.00000000    -0.00630044  -0.00000000
  0.00544463   0.00000000    -0.01238949  -0.00000000     0.01683639   0.00000000
  0.00627167   0.00000000    -0.01683743  -0.00000000     0.02132321   0.00000000
   20   16
 -0.00023355  -0.00000000    -0.00021195  -0.00000000    -0.00024159  -0.00000000
 -0.00022935  -0.00000000     0.00022763   0.00000000     0.00012974   0.00000000
 -0.00013848  -0.00000000     0.00009352   0.00000000    -0.00056548  -0.00000000
   20   17
  0.00007379   0.00000000     0.00018888   0.00000000     0.00045880   0.00000000
 -0.00017052  -0.00000000    -0.00017420  -0.00000000    -0.00026408  -0.00000000
  0.00050793   0.00000000     0.00028960   0.00000000     0.00036894   0.00000000
   20   18
 -0.00003334  -0.00000000     0.00002689   0.00000000    -0.00022564  -0.00000000
  0.00000687   0.00000000    -0.00000225  -0.00000000    -0.00026760  -0.00000000
 -0.00031132  -0.00000000     0.00023263   0.00000000    -0.00004605  -0.00000000
   20   19
  0.00005542   0.00000000     0.00025955   0.00000000    -0.00000742  -0.00000000
  0.00025955   0.00000000    -0.00048994  -0.00000000     0.00008055   0.00000000
  0.00000742   0.00000000    -0.00008055  -0.00000000     0.00059490   0.00000000
   20   20
  0.07008769   0.00000000    -0.04103814   0.00000000     0.05325878   0.00000000
 -0.04103814   0.00000000     0.15015127   0.00000000    -0.14704470   0.00000000
  0.05325878   0.00000000    -0.14704470   0.00000000     0.28380839   0.00000000
   20   21
 -0.00002197   0.00000000     0.00000851  -0.00000000    -0.00018758   0.00000000
 -0.00000851   0.00000000     0.00003315  -0.00000000    -0.00010061   0.00000000
 -0.00018758   0.00000000     0.00010061  -0.00000000     0.00026207  -0.00000000
   20   22
  0.00000000  -0.00000000    -0.00007320  -0.00000000     0.00043337   0.00000000
 -0.00007320  -0.00000000    -0.00000000  -0.00000000    -0.00006530  -0.00000000
  0.00043337   0.00000000     0.00006530   0.00000000     0.00000000  -0.00000000
   21    1
 -0.00478419  -0.00000000    -0.00134180  -0.00000000     0.00361641   0.00000000
 -0.00179169  -0.00000000     0.00002614   0.00000000    -0.00032135  -0.00000000
  0.00062592   0.00000000    -0.00033804  -0.00000000    -0.00508031  -0.00000000
   21    2
  0.00121557   0.00000000    -0.00044770  -0.00000000    -0.00338003  -0.00000000
 -0.00148502  -0.00000000    -0.00137618  -0.00000000    -0.00805086  -0.00000000
 -0.00248313  -0.00000000    -0.00336022  -0.00000000    -0.00300062  -0.00000000
   21    3
 -0.00049990   0.00000000    -0.00037904   0.00000000    -0.00017427   0.00000000
 -0.00051771   0.00000000    -0.00066743   0.00000000    -0.00122597   0.00000000
 -0.00042816   0.00000000     0.00027062  -0.00000000    -0.00060689   0.00000000
   21    4
 -0.00084753  -0.00000000     0.00004181   0.00000000    -0.00041081  -0.00000000
  0.00017519   0.00000000    -0.00023768  -0.00000000    -0.00031798  -0.00000000
  0.00000721   0.00000000    -0.00057899  -0.00000000    -0.00014524  -0.00000000
   21    5
  0.00050721   0.00000000    -0.00022096  -0.00000000     0.00007316   0.00000000
 -0.00060934  -0.00000000     0.00052225   0.00000000    -0.00002524  -0.00000000
 -0.00012829  -0.00000000    -0.00032203  -0.00000000    -0.00060658  -0.00000000
   21    6
 -0.05803662   0.00000000    -0.03485461   0.00000000    -0.04689205   0.00000000
 -0.03438989   0.00000000    -0.13504509   0.00000000    -0.13099582   0.00000000
 -0.04660225   0.00000000    -0.13160324   0.00000000    -0.25547942   0.00000000
   21    7
 -0.00003087  -0.00000000    -0.00020080  -0.00000000    -0.00030698  -0.00000000
 -0.00021927  -0.00000000    -0.00008473  -0.00000000    -0.00009519  -0.00000000
 -0.00060752  -0.00000000    -0.00007934  -0.00000000    -0.00021022  -0.00000000
   21    8
 -0.00081352  -0.00000000    -0.00011904  -0.00000000    -0.00091416  -0.00000000
  0.00001004   0.00000000     0.00003483   0.00000000    -0.00001972  -0.00000000
 -0.00174858  -0.00000000     0.00006083   0.00000000    -0.00031126  -0.00000000
   21    9
  0.00029194  -0.00000000     0.00025765  -0.00000000     0.00014514  -0.00000000
 -0.00052393   0.00000000    -0.00001592   0.00000000    -0.00017866   0.00000000
  0.00006859  -0.00000000     0.00009718  -0.00000000     0.00005460  -0.00000000
   21   10
  0.00649353   0.00000000     0.01964386   0.00000000     0.02967788   0.00000000
  0.00136578   0.00000000     0.00515343   0.00000000     0.00593295   0.00000000
  0.00069225   0.00000000    -0.00047453  -0.00000000    -0.00100584  -0.00000000
   21   11
 -0.00005328  -0.00000000    -0.00013807  -0.00000000    -0.00023900  -0.00000000
 -0.00026425  -0.00000000    -0.00016003  -0.00000000    -0.00004488  -0.00000000
 -0.00041413  -0.00000000    -0.00037114  -0.00000000     0.00007820   0.00000000
   21   12
 -0.00015526  -0.00000000    -0.00007087  -0.00000000    -0.00034298  -0.00000000
 -0.00033002  -0.00000000    -0.00008500  -0.00000000    -0.00008999  -0.00000000
 -0.00094765  -0.00000000    -0.00022445  -0.00000000     0.00012589   0.00000000
   21   13
 -0.00022344  -0.00000000     0.00042376   0.00000000     0.00001581   0.00000000
 -0.00013247  -0.00000000     0.00000339   0.00000000    -0.00017874  -0.00000000
 -0.00007162  -0.00000000     0.00011204   0.00000000    -0.00052880  -0.00000000
   21   14
  0.00414938   0.00000000     0.01000041   0.00000000     0.01666022   0.00000000
 -0.00834189  -0.00000000    -0.01698076  -0.00000000    -0.02473976  -0.00000000
  0.00076363   0.00000000     0.00023996   0.00000000     0.00074601   0.00000000
   21   15
  0.00003334   0.00000000     0.00002689   0.00000000     0.00022564   0.00000000
  0.00000687   0.00000000     0.00000225   0.00000000    -0.00026760  -0.00000000
  0.00031132   0.00000000     0.00023263   0.00000000     0.00004605   0.00000000
   21   16
  0.00007379   0.00000000    -0.00018888  -0.00000000     0.00045880   0.00000000
  0.00017052   0.00000000    -0.00017420  -0.00000000     0.00026408   0.00000000
  0.00050793   0.00000000    -0.00028960  -0.00000000     0.00036894   0.00000000
   21   17
 -0.00023355  -0.00000000     0.00021195   0.00000000    -0.00024159  -0.00000000
  0.00022935   0.00000000     0.00022763   0.00000000    -0.00012974  -0.00000000
 -0.00013848  -0.00000000    -0.00009352  -0.00000000    -0.00056548  -0.00000000
   21   18
  0.00073894   0.00000000     0.00549056   0.00000000     0.00630044   0.00000000
  0.00544463   0.00000000     0.01238949   0.00000000     0.01683639   0.00000000
 -0.00627167  -0.00000000    -0.01683743  -0.00000000    -0.02132321  -0.00000000
   21   19
  0.00000000   0.00000000    -0.00007320  -0.00000000    -0.00043337  -0.00000000
 -0.00007320  -0.00000000     0.00000000   0.00000000    -0.00006530  -0.00000000
 -0.00043337  -0.00000000     0.00006530   0.00000000     0.00000000   0.00000000
   21   20
 -0.00002197  -0.00000000    -0.00000851  -0.00000000    -0.00018758  -0.00000000
  0.00000851   0.00000000     0.00003315   0.00000000     0.00010061   0.00000000
 -0.00018758  -0.00000000    -0.00010061  -0.00000000     0.00026207   0.00000000
   21   21
  0.07008769   0.00000000     0.04103814   0.00000000     0.05325878   0.00000000
  0.04103814   0.00000000     0.15015127   0.00000000     0.14704470   0.00000000
  0.05325878   0.00000000     0.14704470   0.00000000     0.28380839   0.00000000
   21   22
 -0.00005542  -0.00000000     0.00025955   0.00000000     0.00000742   0.00000000
  0.00025955   0.00000000     0.00048994   0.00000000     0.00008055   0.00000000
 -0.00000742  -0.00000000    -0.00008055  -0.00000000    -0.00059490  -0.00000000
   22    1
 -0.00478419   0.00000000    -0.00134180   0.00000000    -0.00361641   0.00000000
 -0.00179169   0.00000000     0.00002614  -0.00000000     0.00032135  -0.00000000
 -0.00062592   0.00000000     0.00033804  -0.00000000    -0.00508031   0.00000000
   22    2
 -0.00121557  -0.00000000     0.00044770   0.00000000    -0.00338003  -0.00000000
  0.00148502   0.00000000     0.00137618   0.00000000    -0.00805086  -0.00000000
 -0.00248313  -0.00000000    -0.00336022  -0.00000000     0.00300062   0.00000000
   22    3
 -0.00084753   0.00000000     0.00004181  -0.00000000     0.00041081  -0.00000000
  0.00017519  -0.00000000    -0.00023768   0.00000000     0.00031798  -0.00000000
 -0.00000721   0.00000000     0.00057899  -0.00000000    -0.00014524   0.00000000
   22    4
 -0.00049990  -0.00000000    -0.00037904  -0.00000000     0.00017427   0.00000000
 -0.00051771  -0.00000000    -0.00066743  -0.00000000     0.00122597   0.00000000
  0.00042816   0.00000000    -0.00027062  -0.00000000    -0.00060689  -0.00000000
   22    5
 -0.05803662   0.00000000    -0.03485461   0.00000000     0.04689205  -0.00000000
 -0.03438989   0.00000000    -0.13504509   0.00000000     0.13099582  -0.00000000
  0.04660225  -0.00000000     0.13160324  -0.00000000    -0.25547942   0.00000000
   22    6
  0.00050721  -0.00000000    -0.00022096   0.00000000    -0.00007316   0.00000000
 -0.00060934   0.00000000     0.00052225  -0.00000000     0.00002524  -0.00000000
  0.00012829  -0.00000000     0.00032203  -0.00000000    -0.00060658   0.00000000
   22    7
 -0.00081352  -0.00000000    -0.00011904  -0.00000000     0.00091416   0.00000000
  0.00001004   0.00000000     0.00003483   0.00000000     0.00001972   0.00000000
  0.00174858   0.00000000    -0.00006083  -0.00000000    -0.00031126  -0.00000000
   22    8
 -0.00003087   0.00000000    -0.00020080   0.00000000     0.00030698  -0.00000000
 -0.00021927   0.00000000    -0.00008473   0.00000000     0.00009519  -0.00000000
  0.00060752  -0.00000000     0.00007934  -0.00000000    -0.00021022   0.00000000
   22    9
  0.00649353  -0.00000000     0.01964386  -0.00000000    -0.02967788   0.00000000
  0.00136578  -0.00000000     0.00515343  -0.00000000    -0.00593295   0.00000000
 -0.00069225   0.00000000     0.00047453  -0.00000000    -0.00100584   0.00000000
   22   10
  0.00029194  -0.00000000     0.00025765  -0.00000000    -0.00014514   0.00000000
 -0.00052393   0.00000000    -0.00001592   0.00000000     0.00017866  -0.00000000
 -0.00006859   0.00000000    -0.00009718   0.00000000     0.00005460  -0.00000000
   22   11
 -0.00015526  -0.00000000    -0.00007087  -0.00000000     0.00034298   0.00000000
 -0.00033002  -0.00000000    -0.00008500  -0.00000000     0.00008999   0.00000000
  0.00094765   0.00000000     0.00022445   0.00000000     0.00012589   0.00000000
   22   12
 -0.00005328   0.00000000    -0.00013807   0.00000000     0.00023900  -0.00000000
 -0.00026425   0.00000000    -0.00016003   0.00000000     0.00004488  -0.00000000
  0.00041413  -0.00000000     0.00037114  -0.00000000     0.00007820  -0.00000000
   22   13
  0.00414938   0.00000000     0.01000041   0.00000000    -0.01666022  -0.00000000
 -0.00834189  -0.00000000    -0.01698076  -0.00000000     0.02473976   0.00000000
 -0.00076363  -0.00000000    -0.00023996  -0.00000000     0.00074601   0.00000000
   22   14
 -0.00022344  -0.00000000     0.00042376   0.00000000    -0.00001581  -0.00000000
 -0.00013247  -0.00000000     0.00000339   0.00000000     0.00017874   0.00000000
  0.00007162   0.00000000    -0.00011204  -0.00000000    -0.00052880  -0.00000000
   22   15
  0.00007379  -0.00000000    -0.00018888   0.00000000    -0.00045880   0.00000000
  0.00017052  -0.00000000    -0.00017420   0.00000000    -0.00026408   0.00000000
 -0.00050793   0.00000000     0.00028960  -0.00000000     0.00036894  -0.00000000
   22   16
  0.00003334  -0.00000000     0.00002689  -0.00000000    -0.00022564   0.00000000
  0.00000687  -0.00000000     0.00000225  -0.00000000     0.00026760  -0.00000000
 -0.00031132   0.00000000    -0.00023263   0.00000000     0.00004605  -0.00000000
   22   17
  0.00073894   0.00000000     0.00549056   0.00000000    -0.00630044  -0.00000000
  0.00544463   0.00000000     0.01238949   0.00000000    -0.01683639  -0.00000000
  0.00627167   0.00000000     0.01683743   0.00000000    -0.02132321  -0.00000000
   22   18
 -0.00023355  -0.00000000     0.00021195   0.00000000     0.00024159   0.00000000
  0.00022935   0.00000000     0.00022763   0.00000000     0.00012974   0.00000000
  0.00013848   0.00000000     0.00009352   0.00000000    -0.00056548  -0.00000000
   22   19
 -0.00002197  -0.00000000    -0.00000851  -0.00000000     0.00018758   0.00000000
  0.00000851   0.00000000     0.00003315   0.00000000    -0.00010061  -0.00000000
  0.00018758   0.00000000     0.00010061   0.00000000     0.00026207   0.00000000
   22   20
  0.00000000   0.00000000    -0.00007320   0.00000000     0.00043337  -0.00000000
 -0.00007320   0.00000000     0.00000000  -0.00000000     0.00006530  -0.00000000
  0.00043337  -0.00000000    -0.00006530   0.00000000     0.00000000   0.00000000
   22   21
 -0.00005542   0.00000000     0.00025955  -0.00000000    -0.00000742   0.00000000
  0.00025955  -0.00000000     0.00048994  -0.00000000    -0.00008055   0.00000000
  0.00000742  -0.00000000     0.00008055  -0.00000000    -0.00059490   0.00000000
   22   22
  0.07008769   0.00000000     0.04103814   0.00000000    -0.05325878   0.00000000
  0.04103814   0.00000000     0.15015127   0.00000000    -0.14704470   0.00000000
 -0.05325878   0.00000000    -0.14704470   0.00000000     0.28380839   0.00000000

     Diagonalizing the dynamical matrix

     q = (   -0.500000000   0.000000000  -0.751853469 ) 

 **************************************************************************
     freq (    1) =       1.292949 [THz] =      43.128126 [cm-1]
 (  0.354441  0.000000 -0.368110  0.000000 -0.002013  0.000000 ) 
 (  0.009364  0.000000  0.009725  0.000000 -0.076193  0.000000 ) 
 (  0.013226  0.000000  0.014956  0.000000 -0.215962  0.000000 ) 
 (  0.004770  0.000000  0.013073  0.000000  0.215808  0.000000 ) 
 (  0.159795  0.000000 -0.035263  0.000000 -0.002779  0.000000 ) 
 (  0.160270  0.000000 -0.036004  0.000000 -0.008628  0.000000 ) 
 (  0.011051  0.000000  0.005900  0.000000 -0.187566  0.000000 ) 
 (  0.003215  0.000000  0.007328  0.000000  0.187600  0.000000 ) 
 ( -0.148113  0.000000 -0.027201  0.000000  0.005584  0.000000 ) 
 ( -0.148490  0.000000 -0.026851  0.000000  0.004328  0.000000 ) 
 (  0.006753  0.000000  0.018391  0.000000 -0.118617  0.000000 ) 
 (  0.000482  0.000000  0.015108  0.000000  0.118357  0.000000 ) 
 (  0.118590  0.000000 -0.061698  0.000000  0.001793  0.000000 ) 
 (  0.118782  0.000000 -0.062583  0.000000 -0.008053  0.000000 ) 
 ( -0.045191  0.000000 -0.084618  0.000000  0.241727  0.000000 ) 
 ( -0.035559  0.000000 -0.082258  0.000000 -0.241676  0.000000 ) 
 (  0.181235  0.000000 -0.042460  0.000000 -0.005411  0.000000 ) 
 (  0.183368  0.000000 -0.046869  0.000000 -0.007360  0.000000 ) 
 ( -0.022728  0.000000 -0.055188  0.000000  0.241658  0.000000 ) 
 ( -0.012718  0.000000 -0.052660  0.000000 -0.241853  0.000000 ) 
 (  0.188968  0.000000 -0.046428  0.000000 -0.010072  0.000000 ) 
 (  0.189904  0.000000 -0.049278  0.000000 -0.002703  0.000000 ) 
     freq (    2) =       1.292949 [THz] =      43.128126 [cm-1]
 ( -0.009364  0.000000  0.009725  0.000000 -0.076193  0.000000 ) 
 (  0.354441  0.000000  0.368110  0.000000  0.002013  0.000000 ) 
 (  0.159795  0.000000  0.035263  0.000000  0.002779  0.000000 ) 
 ( -0.160270  0.000000 -0.036004  0.000000 -0.008628  0.000000 ) 
 ( -0.013226  0.000000  0.014956  0.000000 -0.215962  0.000000 ) 
 (  0.004770  0.000000 -0.013073  0.000000 -0.215808  0.000000 ) 
 (  0.148113  0.000000 -0.027201  0.000000  0.005584  0.000000 ) 
 ( -0.148490  0.000000  0.026851  0.000000 -0.004328  0.000000 ) 
 (  0.011051  0.000000 -0.005900  0.000000  0.187566  0.000000 ) 
 ( -0.003215  0.000000  0.007328  0.000000  0.187600  0.000000 ) 
 (  0.118590  0.000000  0.061698  0.000000 -0.001793  0.000000 ) 
 ( -0.118782  0.000000 -0.062583  0.000000 -0.008053  0.000000 ) 
 ( -0.006753  0.000000  0.018391  0.000000 -0.118617  0.000000 ) 
 (  0.000482  0.000000 -0.015108  0.000000 -0.118357  0.000000 ) 
 ( -0.181235  0.000000 -0.042460  0.000000 -0.005411  0.000000 ) 
 (  0.183368  0.000000  0.046869  0.000000  0.007360  0.000000 ) 
 ( -0.045191  0.000000  0.084618  0.000000 -0.241727  0.000000 ) 
 (  0.035559  0.000000 -0.082258  0.000000 -0.241676  0.000000 ) 
 ( -0.188968  0.000000 -0.046428  0.000000 -0.010072  0.000000 ) 
 (  0.189904  0.000000  0.049278  0.000000  0.002703  0.000000 ) 
 ( -0.022728  0.000000  0.055188  0.000000 -0.241658  0.000000 ) 
 (  0.012718  0.000000 -0.052660  0.000000 -0.241853  0.000000 ) 
     freq (    3) =       1.532060 [THz] =      51.104029 [cm-1]
 (  0.035721 -0.000000  0.038357 -0.000000  0.120194 -0.000000 ) 
 ( -0.288451  0.000000  0.309737 -0.000000 -0.014884  0.000000 ) 
 ( -0.111583  0.000000 -0.025857  0.000000  0.004576 -0.000000 ) 
 (  0.112364 -0.000000  0.026239 -0.000000 -0.004773  0.000000 ) 
 (  0.017023 -0.000000 -0.004767  0.000000 -0.037758  0.000000 ) 
 (  0.010710 -0.000000 -0.001685  0.000000 -0.037734  0.000000 ) 
 ( -0.041452  0.000000  0.255479 -0.000000  0.006811  0.000000 ) 
 (  0.041756 -0.000000 -0.257277  0.000000 -0.032116  0.000000 ) 
 ( -0.006382  0.000000 -0.039010  0.000000  0.158737 -0.000000 ) 
 ( -0.003922  0.000000 -0.024489  0.000000  0.155603 -0.000000 ) 
 (  0.147665 -0.000000 -0.192429  0.000000 -0.013919  0.000000 ) 
 ( -0.148804  0.000000  0.193996 -0.000000  0.016332 -0.000000 ) 
 ( -0.022958  0.000000 -0.030254  0.000000  0.122291 -0.000000 ) 
 ( -0.013756  0.000000 -0.017600  0.000000  0.121992 -0.000000 ) 
 (  0.279694 -0.000000  0.114508 -0.000000 -0.016600  0.000000 ) 
 ( -0.253342  0.000000 -0.097685  0.000000 -0.003748  0.000000 ) 
 ( -0.073396  0.000000  0.054783 -0.000000 -0.050630  0.000000 ) 
 (  0.139406 -0.000000 -0.081061  0.000000 -0.053150  0.000000 ) 
 (  0.297778 -0.000000  0.111743 -0.000000 -0.010470  0.000000 ) 
 ( -0.267806  0.000000 -0.093387  0.000000  0.002338  0.000000 ) 
 ( -0.085994  0.000000  0.061408 -0.000000 -0.051206  0.000000 ) 
 (  0.156034 -0.000000 -0.086811  0.000000 -0.052213  0.000000 ) 
     freq (    4) =       1.532060 [THz] =      51.104029 [cm-1]
 (  0.288451  0.000000  0.309737  0.000000 -0.014884  0.000000 ) 
 (  0.035721  0.000000 -0.038357  0.000000 -0.120194  0.000000 ) 
 (  0.017023  0.000000  0.004767  0.000000  0.037758  0.000000 ) 
 ( -0.010710  0.000000 -0.001685  0.000000 -0.037734  0.000000 ) 
 (  0.111583  0.000000 -0.025857  0.000000  0.004576  0.000000 ) 
 (  0.112364  0.000000 -0.026239  0.000000  0.004773  0.000000 ) 
 (  0.006382  0.000000 -0.039010  0.000000  0.158737  0.000000 ) 
 ( -0.003922  0.000000  0.024489  0.000000 -0.155603  0.000000 ) 
 ( -0.041452  0.000000 -0.255479  0.000000 -0.006811  0.000000 ) 
 ( -0.041756  0.000000 -0.257277  0.000000 -0.032116  0.000000 ) 
 ( -0.022958  0.000000  0.030254  0.000000 -0.122291  0.000000 ) 
 (  0.013756  0.000000 -0.017600  0.000000  0.121992  0.000000 ) 
 ( -0.147665  0.000000 -0.192429  0.000000 -0.013919  0.000000 ) 
 ( -0.148804  0.000000 -0.193996  0.000000 -0.016332  0.000000 ) 
 (  0.073396  0.000000  0.054783  0.000000 -0.050630  0.000000 ) 
 (  0.139406  0.000000  0.081061  0.000000  0.053150  0.000000 ) 
 (  0.279694  0.000000 -0.114508  0.000000  0.016600  0.000000 ) 
 (  0.253342  0.000000 -0.097685  0.000000 -0.003748  0.000000 ) 
 (  0.085994  0.000000  0.061408  0.000000 -0.051206  0.000000 ) 
 (  0.156034  0.000000  0.086811  0.000000  0.052213  0.000000 ) 
 (  0.297778  0.000000 -0.111743  0.000000  0.010470  0.000000 ) 
 (  0.267806  0.000000 -0.093387  0.000000  0.002338  0.000000 ) 
     freq (    5) =       3.393665 [THz] =     113.200493 [cm-1]
 ( -0.034895  0.000000 -0.011802  0.000000 -0.421979  0.000000 ) 
 ( -0.115233  0.000000  0.038975 -0.000000 -0.127783  0.000000 ) 
 ( -0.149514  0.000000 -0.240307  0.000000 -0.004562  0.000000 ) 
 (  0.138556 -0.000000  0.208343 -0.000000  0.009901 -0.000000 ) 
 ( -0.025523  0.000000  0.015152 -0.000000 -0.024689  0.000000 ) 
 ( -0.061709  0.000000  0.120707 -0.000000 -0.023072  0.000000 ) 
 ( -0.134011  0.000000 -0.166465  0.000000  0.003446 -0.000000 ) 
 (  0.127652 -0.000000  0.155524 -0.000000 -0.011743  0.000000 ) 
 (  0.029117 -0.000000 -0.030687  0.000000 -0.026336  0.000000 ) 
 (  0.050119 -0.000000 -0.066817  0.000000 -0.023823  0.000000 ) 
 ( -0.096844  0.000000 -0.259909  0.000000 -0.010199  0.000000 ) 
 (  0.102728 -0.000000  0.218538 -0.000000  0.009367 -0.000000 ) 
 ( -0.039932  0.000000  0.004132 -0.000000 -0.032180  0.000000 ) 
 ( -0.020502  0.000000  0.140750 -0.000000 -0.032432  0.000000 ) 
 (  0.203841 -0.000000  0.212747 -0.000000  0.026808 -0.000000 ) 
 ( -0.141247  0.000000 -0.194848  0.000000 -0.013547  0.000000 ) 
 (  0.051102 -0.000000  0.032160 -0.000000 -0.064624  0.000000 ) 
 ( -0.155601  0.000000  0.091267 -0.000000 -0.068639  0.000000 ) 
 (  0.188696 -0.000000  0.165280 -0.000000  0.039462 -0.000000 ) 
 ( -0.166838  0.000000 -0.218806  0.000000 -0.000656  0.000000 ) 
 ( -0.017741  0.000000  0.146535 -0.000000 -0.060367  0.000000 ) 
 ( -0.089921  0.000000 -0.030227  0.000000 -0.072118  0.000000 ) 
     freq (    6) =       3.393665 [THz] =     113.200493 [cm-1]
 ( -0.115233  0.000000 -0.038975  0.000000  0.127783  0.000000 ) 
 (  0.034895  0.000000 -0.011802  0.000000 -0.421979  0.000000 ) 
 (  0.025523  0.000000  0.015152  0.000000 -0.024689  0.000000 ) 
 ( -0.061709  0.000000 -0.120707  0.000000  0.023072  0.000000 ) 
 ( -0.149514  0.000000  0.240307  0.000000  0.004562  0.000000 ) 
 ( -0.138556  0.000000  0.208343  0.000000  0.009901  0.000000 ) 
 (  0.029117  0.000000  0.030687  0.000000  0.026336  0.000000 ) 
 ( -0.050119  0.000000 -0.066817  0.000000 -0.023823  0.000000 ) 
 (  0.134011  0.000000 -0.166465  0.000000  0.003446  0.000000 ) 
 (  0.127652  0.000000 -0.155524  0.000000  0.011743  0.000000 ) 
 (  0.039932  0.000000  0.004132  0.000000 -0.032180  0.000000 ) 
 ( -0.020502  0.000000 -0.140750  0.000000  0.032432  0.000000 ) 
 ( -0.096844  0.000000  0.259909  0.000000  0.010199  0.000000 ) 
 ( -0.102728  0.000000  0.218538  0.000000  0.009367  0.000000 ) 
 (  0.051102  0.000000 -0.032160  0.000000  0.064624  0.000000 ) 
 (  0.155601  0.000000  0.091267  0.000000 -0.068639  0.000000 ) 
 ( -0.203841  0.000000  0.212747  0.000000  0.026808  0.000000 ) 
 ( -0.141247  0.000000  0.194848  0.000000  0.013547  0.000000 ) 
 ( -0.017741  0.000000 -0.146535  0.000000  0.060367  0.000000 ) 
 (  0.089921  0.000000 -0.030227  0.000000 -0.072118  0.000000 ) 
 ( -0.188696  0.000000  0.165280  0.000000  0.039462  0.000000 ) 
 ( -0.166838  0.000000  0.218806  0.000000  0.000656  0.000000 ) 
     freq (    7) =       4.510148 [THz] =     150.442330 [cm-1]
 (  0.002207 -0.000000  0.000300 -0.000000 -0.002466  0.000000 ) 
 ( -0.000995  0.000000  0.000135  0.000000  0.005469 -0.000000 ) 
 ( -0.177662  0.000000 -0.227087  0.000000  0.012451  0.000000 ) 
 ( -0.174518  0.000000 -0.215681  0.000000  0.034130  0.000000 ) 
 ( -0.075897  0.000000  0.087152  0.000000  0.056551 -0.000000 ) 
 (  0.082870  0.000000 -0.112453  0.000000 -0.046777  0.000000 ) 
 ( -0.152309  0.000000 -0.120378  0.000000  0.029635  0.000000 ) 
 ( -0.150557  0.000000 -0.116646  0.000000  0.048969  0.000000 ) 
 (  0.066324  0.000000 -0.049287  0.000000 -0.091538  0.000000 ) 
 ( -0.070211  0.000000  0.057566  0.000000  0.082822 -0.000000 ) 
 ( -0.095344  0.000000 -0.268846  0.000000 -0.009824  0.000000 ) 
 ( -0.098826  0.000000 -0.253787  0.000000  0.007036 -0.000000 ) 
 ( -0.047629  0.000000  0.101103  0.000000  0.000708  0.000000 ) 
 (  0.039905  0.000000 -0.134506  0.000000  0.006893  0.000000 ) 
 (  0.227874 -0.000000  0.253099 -0.000000 -0.017731  0.000000 ) 
 (  0.182685 -0.000000  0.210945 -0.000000 -0.040423  0.000000 ) 
 ( -0.042423  0.000000  0.057844  0.000000  0.069613 -0.000000 ) 
 (  0.142662  0.000000 -0.151352  0.000000 -0.059384  0.000000 ) 
 ( -0.223035  0.000000 -0.244998  0.000000  0.041440  0.000000 ) 
 ( -0.191942  0.000000 -0.227285  0.000000  0.017560  0.000000 ) 
 (  0.059052  0.000000 -0.086809  0.000000 -0.060054  0.000000 ) 
 ( -0.128024  0.000000  0.126101  0.000000  0.070820 -0.000000 ) 
     freq (    8) =       4.510148 [THz] =     150.442330 [cm-1]
 ( -0.000995  0.000000 -0.000135  0.000000 -0.005469  0.000000 ) 
 ( -0.002207  0.000000  0.000300  0.000000 -0.002466  0.000000 ) 
 (  0.075897  0.000000  0.087152  0.000000  0.056551  0.000000 ) 
 (  0.082870  0.000000  0.112453  0.000000  0.046777  0.000000 ) 
 ( -0.177662  0.000000  0.227087  0.000000 -0.012451  0.000000 ) 
 (  0.174518  0.000000 -0.215681  0.000000  0.034130  0.000000 ) 
 (  0.066324  0.000000  0.049287  0.000000  0.091538  0.000000 ) 
 (  0.070211  0.000000  0.057566  0.000000  0.082822  0.000000 ) 
 (  0.152309  0.000000 -0.120378  0.000000  0.029635  0.000000 ) 
 ( -0.150557  0.000000  0.116646  0.000000 -0.048969  0.000000 ) 
 (  0.047629  0.000000  0.101103  0.000000  0.000708  0.000000 ) 
 (  0.039905  0.000000  0.134506  0.000000 -0.006893  0.000000 ) 
 ( -0.095344  0.000000  0.268846  0.000000  0.009824  0.000000 ) 
 (  0.098826  0.000000 -0.253787  0.000000  0.007036  0.000000 ) 
 ( -0.042423  0.000000 -0.057844  0.000000 -0.069613  0.000000 ) 
 ( -0.142662  0.000000 -0.151352  0.000000 -0.059384  0.000000 ) 
 ( -0.227874  0.000000  0.253099  0.000000 -0.017731  0.000000 ) 
 (  0.182685  0.000000 -0.210945  0.000000  0.040423  0.000000 ) 
 (  0.059052  0.000000  0.086809  0.000000  0.060054  0.000000 ) 
 (  0.128024  0.000000  0.126101  0.000000  0.070820  0.000000 ) 
 (  0.223035  0.000000 -0.244998  0.000000  0.041440  0.000000 ) 
 ( -0.191942  0.000000  0.227285  0.000000 -0.017560  0.000000 ) 
     freq (    9) =       5.177714 [THz] =     172.709943 [cm-1]
 (  0.003480 -0.000000 -0.000729  0.000000 -0.023819  0.000000 ) 
 ( -0.038727  0.000000 -0.008107  0.000000  0.002140 -0.000000 ) 
 (  0.218224 -0.000000  0.170892 -0.000000  0.016973 -0.000000 ) 
 ( -0.220627  0.000000 -0.171399  0.000000 -0.004590  0.000000 ) 
 ( -0.033090  0.000000  0.018202 -0.000000 -0.119416  0.000000 ) 
 ( -0.006347  0.000000  0.012558 -0.000000 -0.120528  0.000000 ) 
 (  0.193514 -0.000000  0.054660 -0.000000  0.022571 -0.000000 ) 
 ( -0.195827  0.000000 -0.054944  0.000000 -0.001978  0.000000 ) 
 (  0.030363 -0.000000 -0.006508  0.000000  0.135662 -0.000000 ) 
 (  0.004625 -0.000000 -0.003341  0.000000  0.137512 -0.000000 ) 
 (  0.132878 -0.000000  0.213984 -0.000000 -0.003822  0.000000 ) 
 ( -0.135106  0.000000 -0.214550  0.000000 -0.005239  0.000000 ) 
 ( -0.024438  0.000000  0.022402 -0.000000 -0.008290  0.000000 ) 
 (  0.000356  0.000000  0.016107 -0.000000 -0.007476  0.000000 ) 
 ( -0.239740  0.000000 -0.170321  0.000000 -0.023793  0.000000 ) 
 (  0.249644 -0.000000  0.188167 -0.000000  0.007081 -0.000000 ) 
 ( -0.077092  0.000000  0.115402 -0.000000 -0.171032  0.000000 ) 
 (  0.033114  0.000000 -0.083187  0.000000 -0.172534  0.000000 ) 
 ( -0.255761  0.000000 -0.187511  0.000000 -0.003963  0.000000 ) 
 (  0.261068 -0.000000  0.204403 -0.000000  0.026875 -0.000000 ) 
 ( -0.052753  0.000000  0.111595 -0.000000 -0.172611  0.000000 ) 
 (  0.006309  0.000000 -0.076376  0.000000 -0.170552  0.000000 ) 
     freq (   10) =       5.177714 [THz] =     172.709943 [cm-1]
 ( -0.038727  0.000000  0.008107  0.000000 -0.002140  0.000000 ) 
 ( -0.003480  0.000000 -0.000729  0.000000 -0.023819  0.000000 ) 
 (  0.033090  0.000000  0.018202  0.000000 -0.119416  0.000000 ) 
 ( -0.006347  0.000000 -0.012558  0.000000  0.120528  0.000000 ) 
 (  0.218224  0.000000 -0.170892  0.000000 -0.016973  0.000000 ) 
 (  0.220627  0.000000 -0.171399  0.000000 -0.004590  0.000000 ) 
 (  0.030363  0.000000  0.006508  0.000000 -0.135662  0.000000 ) 
 ( -0.004625  0.000000 -0.003341  0.000000  0.137512  0.000000 ) 
 ( -0.193514  0.000000  0.054660  0.000000  0.022571  0.000000 ) 
 ( -0.195827  0.000000  0.054944  0.000000  0.001978  0.000000 ) 
 (  0.024438  0.000000  0.022402  0.000000 -0.008290  0.000000 ) 
 (  0.000356  0.000000 -0.016107  0.000000  0.007476  0.000000 ) 
 (  0.132878  0.000000 -0.213984  0.000000  0.003822  0.000000 ) 
 (  0.135106  0.000000 -0.214550  0.000000 -0.005239  0.000000 ) 
 ( -0.077092  0.000000 -0.115402  0.000000  0.171032  0.000000 ) 
 ( -0.033114  0.000000 -0.083187  0.000000 -0.172534  0.000000 ) 
 (  0.239740  0.000000 -0.170321  0.000000 -0.023793  0.000000 ) 
 (  0.249644  0.000000 -0.188167  0.000000 -0.007081  0.000000 ) 
 ( -0.052753  0.000000 -0.111595  0.000000  0.172611  0.000000 ) 
 ( -0.006309  0.000000 -0.076376  0.000000 -0.170552  0.000000 ) 
 (  0.255761  0.000000 -0.187511  0.000000 -0.003963  0.000000 ) 
 (  0.261068  0.000000 -0.204403  0.000000 -0.026875  0.000000 ) 
     freq (   11) =       5.859821 [THz] =     195.462583 [cm-1]
 ( -0.002215  0.000000 -0.000014  0.000000  0.000412 -0.000000 ) 
 (  0.000240 -0.000000 -0.000002  0.000000 -0.003805  0.000000 ) 
 ( -0.189348  0.000000  0.167823 -0.000000  0.025512 -0.000000 ) 
 ( -0.184753  0.000000  0.166406  0.000000  0.005412  0.000000 ) 
 (  0.001000  0.000000 -0.011532  0.000000  0.141844  0.000000 ) 
 (  0.041469 -0.000000  0.024624 -0.000000 -0.144018  0.000000 ) 
 ( -0.222394  0.000000  0.015888  0.000000  0.016242 -0.000000 ) 
 ( -0.217141  0.000000  0.018268 -0.000000  0.013809 -0.000000 ) 
 ( -0.000505  0.000000  0.012850 -0.000000 -0.138766  0.000000 ) 
 ( -0.048052  0.000000  0.009155  0.000000  0.139030  0.000000 ) 
 ( -0.333549  0.000000  0.257824 -0.000000  0.032876 -0.000000 ) 
 ( -0.325428  0.000000  0.254113  0.000000 -0.010845  0.000000 ) 
 (  0.001893  0.000000 -0.010538  0.000000  0.099465  0.000000 ) 
 (  0.073178 -0.000000  0.044841 -0.000000 -0.104194  0.000000 ) 
 (  0.075830 -0.000000 -0.214784  0.000000 -0.022406  0.000000 ) 
 (  0.070062  0.000000 -0.219671  0.000000 -0.012125  0.000000 ) 
 (  0.018767  0.000000 -0.046086  0.000000  0.159050  0.000000 ) 
 (  0.034549 -0.000000  0.000911  0.000000 -0.160162  0.000000 ) 
 ( -0.089875  0.000000  0.196121  0.000000  0.009385  0.000000 ) 
 ( -0.087574  0.000000  0.205827 -0.000000  0.025069 -0.000000 ) 
 ( -0.001037  0.000000  0.066606 -0.000000 -0.160098  0.000000 ) 
 ( -0.020232  0.000000  0.023125  0.000000  0.158401  0.000000 ) 
     freq (   12) =       5.859821 [THz] =     195.462583 [cm-1]
 ( -0.000240  0.000000 -0.000002  0.000000 -0.003805  0.000000 ) 
 ( -0.002215  0.000000  0.000014  0.000000 -0.000412  0.000000 ) 
 (  0.001000  0.000000  0.011532  0.000000 -0.141844  0.000000 ) 
 ( -0.041469  0.000000  0.024624 -0.000000 -0.144018  0.000000 ) 
 (  0.189348 -0.000000  0.167823 -0.000000  0.025512 -0.000000 ) 
 ( -0.184753  0.000000 -0.166406  0.000000 -0.005412  0.000000 ) 
 (  0.000505  0.000000  0.012850 -0.000000 -0.138766  0.000000 ) 
 ( -0.048052  0.000000 -0.009155  0.000000 -0.139030  0.000000 ) 
 ( -0.222394  0.000000 -0.015888  0.000000 -0.016242  0.000000 ) 
 (  0.217141  0.000000  0.018268 -0.000000  0.013809 -0.000000 ) 
 (  0.001893  0.000000  0.010538  0.000000 -0.099465  0.000000 ) 
 ( -0.073178  0.000000  0.044841 -0.000000 -0.104194  0.000000 ) 
 (  0.333549 -0.000000  0.257824 -0.000000  0.032876 -0.000000 ) 
 ( -0.325428  0.000000 -0.254113  0.000000  0.010845  0.000000 ) 
 ( -0.018767  0.000000 -0.046086  0.000000  0.159050  0.000000 ) 
 (  0.034549 -0.000000 -0.000911  0.000000  0.160162 -0.000000 ) 
 (  0.075830 -0.000000  0.214784  0.000000  0.022406 -0.000000 ) 
 ( -0.070062  0.000000 -0.219671  0.000000 -0.012125  0.000000 ) 
 (  0.001037  0.000000  0.066606 -0.000000 -0.160098  0.000000 ) 
 ( -0.020232  0.000000 -0.023125  0.000000 -0.158401  0.000000 ) 
 ( -0.089875  0.000000 -0.196121  0.000000 -0.009385  0.000000 ) 
 (  0.087574  0.000000  0.205827 -0.000000  0.025069 -0.000000 ) 
     freq (   13) =       6.528422 [THz] =     217.764731 [cm-1]
 (  0.002558  0.000000  0.015264  0.000000 -0.002082  0.000000 ) 
 ( -0.000455  0.000000  0.002717 -0.000000  0.011695  0.000000 ) 
 ( -0.009235  0.000000  0.019336 -0.000000 -0.089693  0.000000 ) 
 (  0.020196 -0.000000 -0.034206  0.000000  0.088245  0.000000 ) 
 (  0.083634 -0.000000  0.151704 -0.000000  0.011773 -0.000000 ) 
 (  0.081683  0.000000  0.149056  0.000000  0.019903 -0.000000 ) 
 ( -0.018200  0.000000 -0.023726  0.000000 -0.097224  0.000000 ) 
 (  0.032173 -0.000000  0.022044 -0.000000  0.096970  0.000000 ) 
 ( -0.142721  0.000000  0.128400  0.000000 -0.016573  0.000000 ) 
 ( -0.140233  0.000000  0.128700  0.000000 -0.017998  0.000000 ) 
 ( -0.045738  0.000000  0.042327 -0.000000  0.060237  0.000000 ) 
 (  0.069453 -0.000000 -0.064850  0.000000 -0.063531  0.000000 ) 
 (  0.325640 -0.000000  0.303027 -0.000000 -0.020267  0.000000 ) 
 (  0.321418  0.000000  0.299017  0.000000 -0.001766  0.000000 ) 
 ( -0.071141  0.000000 -0.158050  0.000000  0.159425 -0.000000 ) 
 ( -0.040901  0.000000 -0.081651  0.000000 -0.157897  0.000000 ) 
 ( -0.074960  0.000000  0.193241  0.000000  0.023955 -0.000000 ) 
 ( -0.094906  0.000000  0.235913 -0.000000  0.032536 -0.000000 ) 
 ( -0.070106  0.000000 -0.177722  0.000000  0.158633  0.000000 ) 
 ( -0.037199  0.000000 -0.098145  0.000000 -0.158549  0.000000 ) 
 ( -0.082872  0.000000  0.198947  0.000000  0.027997 -0.000000 ) 
 ( -0.101975  0.000000  0.248058 -0.000000  0.028469 -0.000000 ) 
     freq (   14) =       6.528422 [THz] =     217.764731 [cm-1]
 (  0.000455  0.000000  0.002717  0.000000  0.011695  0.000000 ) 
 (  0.002558  0.000000 -0.015264  0.000000  0.002082  0.000000 ) 
 (  0.083634  0.000000 -0.151704  0.000000 -0.011773  0.000000 ) 
 ( -0.081683  0.000000  0.149056  0.000000  0.019903  0.000000 ) 
 (  0.009235  0.000000  0.019336  0.000000 -0.089693  0.000000 ) 
 (  0.020196  0.000000  0.034206  0.000000 -0.088245  0.000000 ) 
 (  0.142721  0.000000  0.128400  0.000000 -0.016573  0.000000 ) 
 ( -0.140233  0.000000 -0.128700  0.000000  0.017998  0.000000 ) 
 ( -0.018200  0.000000  0.023726  0.000000  0.097224  0.000000 ) 
 ( -0.032173  0.000000  0.022044  0.000000  0.096970  0.000000 ) 
 (  0.325640  0.000000 -0.303027  0.000000  0.020267  0.000000 ) 
 ( -0.321418  0.000000  0.299017  0.000000 -0.001766  0.000000 ) 
 (  0.045738  0.000000  0.042327  0.000000  0.060237  0.000000 ) 
 (  0.069453  0.000000  0.064850  0.000000  0.063531  0.000000 ) 
 (  0.074960  0.000000  0.193241  0.000000  0.023955  0.000000 ) 
 ( -0.094906  0.000000 -0.235913  0.000000 -0.032536  0.000000 ) 
 ( -0.071141  0.000000  0.158050  0.000000 -0.159425  0.000000 ) 
 (  0.040901  0.000000 -0.081651  0.000000 -0.157897  0.000000 ) 
 (  0.082872  0.000000  0.198947  0.000000  0.027997  0.000000 ) 
 ( -0.101975  0.000000 -0.248058  0.000000 -0.028469  0.000000 ) 
 ( -0.070106  0.000000  0.177722  0.000000 -0.158633  0.000000 ) 
 (  0.037199  0.000000 -0.098145  0.000000 -0.158549  0.000000 ) 
     freq (   15) =       7.046345 [THz] =     235.040761 [cm-1]
 (  0.000150 -0.000000 -0.003716  0.000000  0.010097 -0.000000 ) 
 ( -0.000561  0.000000 -0.013942  0.000000 -0.002691  0.000000 ) 
 ( -0.140886  0.000000  0.014165 -0.000000  0.056811 -0.000000 ) 
 (  0.145033 -0.000000 -0.023706  0.000000 -0.073495  0.000000 ) 
 (  0.045880 -0.000000  0.022947 -0.000000 -0.246698  0.000000 ) 
 (  0.030317 -0.000000 -0.012854  0.000000 -0.242252  0.000000 ) 
 ( -0.149109  0.000000 -0.050243  0.000000  0.023166 -0.000000 ) 
 (  0.155867 -0.000000  0.052399 -0.000000 -0.021766  0.000000 ) 
 ( -0.053317  0.000000  0.017722 -0.000000  0.084115 -0.000000 ) 
 ( -0.027959  0.000000  0.009632 -0.000000  0.084488 -0.000000 ) 
 ( -0.201145  0.000000  0.054303 -0.000000  0.083881 -0.000000 ) 
 (  0.216072 -0.000000 -0.070561  0.000000 -0.115912  0.000000 ) 
 (  0.083600 -0.000000  0.047140 -0.000000 -0.379115  0.000000 ) 
 (  0.027588 -0.000000 -0.013864  0.000000 -0.370579  0.000000 ) 
 (  0.052768 -0.000000 -0.049469  0.000000 -0.052996  0.000000 ) 
 ( -0.118667  0.000000  0.023223 -0.000000  0.067286 -0.000000 ) 
 (  0.146483 -0.000000 -0.039556  0.000000 -0.227575  0.000000 ) 
 ( -0.100795  0.000000  0.058928 -0.000000 -0.223766  0.000000 ) 
 (  0.035026 -0.000000 -0.070248  0.000000 -0.067978  0.000000 ) 
 ( -0.107054  0.000000  0.018894 -0.000000  0.051933 -0.000000 ) 
 (  0.154070 -0.000000 -0.084470  0.000000 -0.222834  0.000000 ) 
 ( -0.116205  0.000000  0.108227 -0.000000 -0.227110  0.000000 ) 
     freq (   16) =       7.046345 [THz] =     235.040761 [cm-1]
 (  0.000561  0.000000 -0.013942  0.000000 -0.002691  0.000000 ) 
 (  0.000150  0.000000  0.003716  0.000000 -0.010097  0.000000 ) 
 (  0.045880  0.000000 -0.022947  0.000000  0.246698  0.000000 ) 
 ( -0.030317  0.000000 -0.012854  0.000000 -0.242252  0.000000 ) 
 (  0.140886  0.000000  0.014165  0.000000  0.056811  0.000000 ) 
 (  0.145033  0.000000  0.023706  0.000000  0.073495  0.000000 ) 
 (  0.053317  0.000000  0.017722  0.000000  0.084115  0.000000 ) 
 ( -0.027959  0.000000 -0.009632  0.000000 -0.084488  0.000000 ) 
 ( -0.149109  0.000000  0.050243  0.000000 -0.023166  0.000000 ) 
 ( -0.155867  0.000000  0.052399  0.000000 -0.021766  0.000000 ) 
 (  0.083600  0.000000 -0.047140  0.000000  0.379115  0.000000 ) 
 ( -0.027588  0.000000 -0.013864  0.000000 -0.370579  0.000000 ) 
 (  0.201145  0.000000  0.054303  0.000000  0.083881  0.000000 ) 
 (  0.216072  0.000000  0.070561  0.000000  0.115912  0.000000 ) 
 ( -0.146483  0.000000 -0.039556  0.000000 -0.227575  0.000000 ) 
 ( -0.100795  0.000000 -0.058928  0.000000  0.223766  0.000000 ) 
 (  0.052768  0.000000  0.049469  0.000000  0.052996  0.000000 ) 
 (  0.118667  0.000000  0.023223  0.000000  0.067286  0.000000 ) 
 ( -0.154070  0.000000 -0.084470  0.000000 -0.222834  0.000000 ) 
 ( -0.116205  0.000000 -0.108227  0.000000  0.227110  0.000000 ) 
 (  0.035026  0.000000  0.070248  0.000000  0.067978  0.000000 ) 
 (  0.107054  0.000000  0.018894  0.000000  0.051933  0.000000 ) 
     freq (   17) =       8.261266 [THz] =     275.566181 [cm-1]
 (  0.006231 -0.000000  0.004262 -0.000000 -0.000512  0.000000 ) 
 (  0.002306 -0.000000 -0.001577  0.000000 -0.001384  0.000000 ) 
 ( -0.035318  0.000000  0.018112 -0.000000  0.010667 -0.000000 ) 
 (  0.014016 -0.000000 -0.009584  0.000000  0.001196 -0.000000 ) 
 ( -0.062711  0.000000 -0.035840  0.000000 -0.014275  0.000000 ) 
 ( -0.070595  0.000000 -0.038996  0.000000  0.017780 -0.000000 ) 
 ( -0.037439  0.000000 -0.001176  0.000000 -0.052687  0.000000 ) 
 (  0.010473 -0.000000 -0.022343  0.000000  0.061825 -0.000000 ) 
 (  0.059741  0.000000  0.032951 -0.000000  0.033535 -0.000000 ) 
 (  0.069721 -0.000000  0.024247  0.000000  0.008844 -0.000000 ) 
 ( -0.052683  0.000000  0.029714 -0.000000  0.362001 -0.000000 ) 
 (  0.003429 -0.000000 -0.003020  0.000000 -0.362954  0.000000 ) 
 ( -0.066695  0.000000 -0.039285  0.000000  0.135435 -0.000000 ) 
 ( -0.084924  0.000000 -0.049164  0.000000  0.132859 -0.000000 ) 
 ( -0.119838  0.000000 -0.321760  0.000000  0.148081  0.000000 ) 
 ( -0.161728  0.000000 -0.304202  0.000000 -0.167182  0.000000 ) 
 ( -0.108698  0.000000  0.092107 -0.000000 -0.084142  0.000000 ) 
 ( -0.004495  0.000000 -0.139550  0.000000 -0.032532  0.000000 ) 
 ( -0.120743  0.000000 -0.316187  0.000000  0.166197 -0.000000 ) 
 ( -0.158139  0.000000 -0.275062  0.000000 -0.148319  0.000000 ) 
 ( -0.102129  0.000000  0.053843 -0.000000 -0.034043  0.000000 ) 
 (  0.001081 -0.000000 -0.164968  0.000000 -0.082354  0.000000 ) 
     freq (   18) =       8.261266 [THz] =     275.566181 [cm-1]
 (  0.002306  0.000000  0.001577  0.000000  0.001384  0.000000 ) 
 ( -0.006231  0.000000  0.004262  0.000000 -0.000512  0.000000 ) 
 (  0.062711  0.000000 -0.035840  0.000000 -0.014275  0.000000 ) 
 ( -0.070595  0.000000  0.038996  0.000000 -0.017780  0.000000 ) 
 ( -0.035318  0.000000 -0.018112  0.000000 -0.010667  0.000000 ) 
 ( -0.014016  0.000000 -0.009584  0.000000  0.001196  0.000000 ) 
 (  0.059741  0.000000 -0.032951  0.000000 -0.033535  0.000000 ) 
 ( -0.069721  0.000000  0.024247  0.000000  0.008844  0.000000 ) 
 (  0.037439  0.000000 -0.001176  0.000000 -0.052687  0.000000 ) 
 (  0.010473  0.000000  0.022343  0.000000 -0.061825  0.000000 ) 
 (  0.066695  0.000000 -0.039285  0.000000  0.135435  0.000000 ) 
 ( -0.084924  0.000000  0.049164  0.000000 -0.132859  0.000000 ) 
 ( -0.052683  0.000000 -0.029714  0.000000 -0.362001  0.000000 ) 
 ( -0.003429  0.000000 -0.003020  0.000000 -0.362954  0.000000 ) 
 ( -0.108698  0.000000 -0.092107  0.000000  0.084142  0.000000 ) 
 (  0.004495  0.000000 -0.139550  0.000000 -0.032532  0.000000 ) 
 (  0.119838  0.000000 -0.321760  0.000000  0.148081  0.000000 ) 
 ( -0.161728  0.000000  0.304202  0.000000  0.167182  0.000000 ) 
 ( -0.102129  0.000000 -0.053843  0.000000  0.034043  0.000000 ) 
 ( -0.001081  0.000000 -0.164968  0.000000 -0.082354  0.000000 ) 
 (  0.120743  0.000000 -0.316187  0.000000  0.166197  0.000000 ) 
 ( -0.158139  0.000000  0.275062  0.000000  0.148319  0.000000 ) 
     freq (   19) =       8.415133 [THz] =     280.698638 [cm-1]
 (  0.002432  0.000000  0.001761  0.000000  0.001073 -0.000000 ) 
 ( -0.000991  0.000000  0.000717 -0.000000 -0.002634  0.000000 ) 
 (  0.134089 -0.000000 -0.046118  0.000000  0.097633 -0.000000 ) 
 (  0.118194  0.000000 -0.019354  0.000000  0.089817 -0.000000 ) 
 (  0.031888  0.000000 -0.019507  0.000000  0.228446  0.000000 ) 
 ( -0.070900  0.000000 -0.046183  0.000000 -0.231631  0.000000 ) 
 (  0.143006  0.000000  0.030615  0.000000  0.040295 -0.000000 ) 
 (  0.144260  0.000000  0.134215 -0.000000  0.028407 -0.000000 ) 
 ( -0.060059  0.000000  0.160717 -0.000000 -0.081890  0.000000 ) 
 (  0.056982 -0.000000  0.093560  0.000000  0.086733  0.000000 ) 
 (  0.198488  0.000000 -0.090791  0.000000  0.120036 -0.000000 ) 
 (  0.247612 -0.000000 -0.106702  0.000000  0.035580  0.000000 ) 
 (  0.151163 -0.000000  0.059757 -0.000000  0.173768  0.000000 ) 
 ( -0.030592  0.000000 -0.020708  0.000000 -0.208178  0.000000 ) 
 ( -0.101425  0.000000  0.055842 -0.000000 -0.095369  0.000000 ) 
 (  0.020227  0.000000 -0.002656  0.000000 -0.132794  0.000000 ) 
 ( -0.132751  0.000000 -0.060954  0.000000  0.287626  0.000000 ) 
 ( -0.165834  0.000000 -0.082624  0.000000 -0.272378  0.000000 ) 
 (  0.026163  0.000000 -0.127911  0.000000  0.136358 -0.000000 ) 
 (  0.024507  0.000000 -0.081689  0.000000  0.095729 -0.000000 ) 
 ( -0.008290  0.000000  0.014025  0.000000 -0.276539  0.000000 ) 
 (  0.012355 -0.000000  0.099423 -0.000000  0.293093  0.000000 ) 
     freq (   20) =       8.415133 [THz] =     280.698638 [cm-1]
 (  0.000991 -0.000000  0.000717 -0.000000 -0.002634  0.000000 ) 
 (  0.002432  0.000000 -0.001761  0.000000 -0.001073  0.000000 ) 
 (  0.031888  0.000000  0.019507  0.000000 -0.228446  0.000000 ) 
 (  0.070900 -0.000000 -0.046183  0.000000 -0.231631  0.000000 ) 
 ( -0.134089  0.000000 -0.046118  0.000000  0.097633 -0.000000 ) 
 (  0.118194  0.000000  0.019354  0.000000 -0.089817  0.000000 ) 
 (  0.060059 -0.000000  0.160717 -0.000000 -0.081890  0.000000 ) 
 (  0.056982 -0.000000 -0.093560  0.000000 -0.086733  0.000000 ) 
 (  0.143006  0.000000 -0.030615  0.000000 -0.040295  0.000000 ) 
 ( -0.144260  0.000000  0.134215 -0.000000  0.028407 -0.000000 ) 
 (  0.151163 -0.000000 -0.059757  0.000000 -0.173768  0.000000 ) 
 (  0.030592  0.000000 -0.020708  0.000000 -0.208178  0.000000 ) 
 ( -0.198488  0.000000 -0.090791  0.000000  0.120036 -0.000000 ) 
 (  0.247612 -0.000000  0.106702 -0.000000 -0.035580  0.000000 ) 
 (  0.132751  0.000000 -0.060954  0.000000  0.287626  0.000000 ) 
 ( -0.165834  0.000000  0.082624 -0.000000  0.272378  0.000000 ) 
 ( -0.101425  0.000000 -0.055842  0.000000  0.095369 -0.000000 ) 
 ( -0.020227  0.000000 -0.002656  0.000000 -0.132794  0.000000 ) 
 (  0.008290 -0.000000  0.014025  0.000000 -0.276539  0.000000 ) 
 (  0.012355 -0.000000 -0.099423  0.000000 -0.293093  0.000000 ) 
 (  0.026163  0.000000  0.127911 -0.000000 -0.136358  0.000000 ) 
 ( -0.024507  0.000000 -0.081689  0.000000  0.095729 -0.000000 ) 
     freq (   21) =       8.589465 [THz] =     286.513720 [cm-1]
 ( -0.003223  0.000000 -0.001540  0.000000  0.007924 -0.000000 ) 
 ( -0.006122  0.000000  0.002924 -0.000000  0.004172  0.000000 ) 
 (  0.032280 -0.000000 -0.089978  0.000000 -0.030151  0.000000 ) 
 ( -0.014411  0.000000  0.086406 -0.000000 -0.020515  0.000000 ) 
 ( -0.004676  0.000000  0.043043  0.000000  0.004188  0.000000 ) 
 (  0.029260  0.000000  0.049827  0.000000 -0.022489  0.000000 ) 
 ( -0.037403  0.000000 -0.408598  0.000000 -0.040443  0.000000 ) 
 (  0.056881 -0.000000  0.418563 -0.000000  0.003244  0.000000 ) 
 (  0.043318  0.000000 -0.227223  0.000000  0.031693 -0.000000 ) 
 (  0.006325  0.000000 -0.208297  0.000000  0.051279 -0.000000 ) 
 ( -0.241136  0.000000  0.088517 -0.000000  0.080618  0.000000 ) 
 (  0.270962 -0.000000 -0.100018  0.000000  0.013647 -0.000000 ) 
 ( -0.163140  0.000000 -0.060556  0.000000  0.038781 -0.000000 ) 
 ( -0.106493  0.000000 -0.038712  0.000000  0.088413 -0.000000 ) 
 ( -0.262248  0.000000 -0.092992  0.000000  0.089746 -0.000000 ) 
 (  0.210277 -0.000000  0.046760 -0.000000  0.056587 -0.000000 ) 
 (  0.075046  0.000000  0.007111 -0.000000  0.007036  0.000000 ) 
 (  0.173750  0.000000 -0.080695  0.000000 -0.070012  0.000000 ) 
 ( -0.221278  0.000000  0.031883 -0.000000 -0.036497  0.000000 ) 
 (  0.182447 -0.000000 -0.093441  0.000000 -0.069608  0.000000 ) 
 (  0.069410  0.000000  0.091449  0.000000 -0.059377  0.000000 ) 
 (  0.143161  0.000000 -0.025463  0.000000 -0.003510  0.000000 ) 
     freq (   22) =       8.589465 [THz] =     286.513720 [cm-1]
 ( -0.006122  0.000000 -0.002924  0.000000 -0.004172  0.000000 ) 
 (  0.003223  0.000000 -0.001540  0.000000  0.007924  0.000000 ) 
 (  0.004676  0.000000  0.043043  0.000000  0.004188  0.000000 ) 
 (  0.029260  0.000000 -0.049827  0.000000  0.022489  0.000000 ) 
 (  0.032280  0.000000  0.089978  0.000000  0.030151  0.000000 ) 
 (  0.014411  0.000000  0.086406  0.000000 -0.020515  0.000000 ) 
 (  0.043318  0.000000  0.227223  0.000000 -0.031693  0.000000 ) 
 ( -0.006325  0.000000 -0.208297  0.000000  0.051279  0.000000 ) 
 (  0.037403  0.000000 -0.408598  0.000000 -0.040443  0.000000 ) 
 (  0.056881  0.000000 -0.418563  0.000000 -0.003244  0.000000 ) 
 (  0.163140  0.000000 -0.060556  0.000000  0.038781  0.000000 ) 
 ( -0.106493  0.000000  0.038712  0.000000 -0.088413  0.000000 ) 
 ( -0.241136  0.000000 -0.088517  0.000000 -0.080618  0.000000 ) 
 ( -0.270962  0.000000 -0.100018  0.000000  0.013647  0.000000 ) 
 (  0.075046  0.000000 -0.007111  0.000000 -0.007036  0.000000 ) 
 ( -0.173750  0.000000 -0.080695  0.000000 -0.070012  0.000000 ) 
 (  0.262248  0.000000 -0.092992  0.000000  0.089746  0.000000 ) 
 (  0.210277  0.000000 -0.046760  0.000000 -0.056587  0.000000 ) 
 (  0.069410  0.000000 -0.091449  0.000000  0.059377  0.000000 ) 
 ( -0.143161  0.000000 -0.025463  0.000000 -0.003510  0.000000 ) 
 (  0.221278  0.000000  0.031883  0.000000 -0.036497  0.000000 ) 
 (  0.182447  0.000000  0.093441  0.000000  0.069608  0.000000 ) 
     freq (   23) =       8.707396 [THz] =     290.447479 [cm-1]
 ( -0.000999  0.000000 -0.000662  0.000000  0.000270 -0.000000 ) 
 ( -0.000131  0.000000  0.000087 -0.000000  0.002055  0.000000 ) 
 ( -0.007014  0.000000 -0.010617  0.000000 -0.003230  0.000000 ) 
 ( -0.008958  0.000000 -0.005410  0.000000 -0.003530  0.000000 ) 
 (  0.008456 -0.000000  0.018785  0.000000  0.025774  0.000000 ) 
 (  0.006360  0.000000  0.020889 -0.000000 -0.025735  0.000000 ) 
 ( -0.005981  0.000000 -0.013605  0.000000  0.001431  0.000000 ) 
 ( -0.004795  0.000000  0.005800 -0.000000  0.011713 -0.000000 ) 
 (  0.003810  0.000000 -0.073420  0.000000  0.050752 -0.000000 ) 
 (  0.005224 -0.000000 -0.074444  0.000000 -0.049402  0.000000 ) 
 ( -0.009548  0.000000 -0.009477  0.000000 -0.052296  0.000000 ) 
 (  0.000808  0.000000 -0.012323  0.000000 -0.055774  0.000000 ) 
 ( -0.038882  0.000000 -0.012276  0.000000  0.411964  0.000000 ) 
 ( -0.040029  0.000000 -0.009415  0.000000 -0.411508  0.000000 ) 
 (  0.021797 -0.000000  0.052476 -0.000000 -0.020499  0.000000 ) 
 ( -0.008802  0.000000 -0.034529  0.000000 -0.017952  0.000000 ) 
 ( -0.115728  0.000000  0.330304  0.000000 -0.146330  0.000000 ) 
 ( -0.117434  0.000000  0.332659  0.000000  0.146664  0.000000 ) 
 ( -0.040968  0.000000 -0.049580  0.000000  0.017452 -0.000000 ) 
 (  0.010565  0.000000  0.035232 -0.000000  0.021990 -0.000000 ) 
 (  0.194342  0.000000 -0.322186  0.000000  0.150568  0.000000 ) 
 (  0.198332 -0.000000 -0.324069  0.000000 -0.149972  0.000000 ) 
     freq (   24) =       8.707396 [THz] =     290.447479 [cm-1]
 ( -0.000131  0.000000 -0.000087  0.000000 -0.002055  0.000000 ) 
 (  0.000999  0.000000 -0.000662  0.000000  0.000270 -0.000000 ) 
 ( -0.008456  0.000000  0.018785  0.000000  0.025774  0.000000 ) 
 (  0.006360  0.000000 -0.020889  0.000000  0.025735  0.000000 ) 
 ( -0.007014  0.000000  0.010617 -0.000000  0.003230 -0.000000 ) 
 (  0.008958 -0.000000 -0.005410  0.000000 -0.003530  0.000000 ) 
 (  0.003810  0.000000  0.073420  0.000000 -0.050752  0.000000 ) 
 ( -0.005224  0.000000 -0.074444  0.000000 -0.049402  0.000000 ) 
 (  0.005981 -0.000000 -0.013605  0.000000  0.001431  0.000000 ) 
 ( -0.004795  0.000000 -0.005800  0.000000 -0.011713  0.000000 ) 
 (  0.038882  0.000000 -0.012276  0.000000  0.411964  0.000000 ) 
 ( -0.040029  0.000000  0.009415  0.000000  0.411508  0.000000 ) 
 ( -0.009548  0.000000  0.009477  0.000000  0.052296 -0.000000 ) 
 ( -0.000808  0.000000 -0.012323  0.000000 -0.055774  0.000000 ) 
 ( -0.115728  0.000000 -0.330304  0.000000  0.146330  0.000000 ) 
 (  0.117434  0.000000  0.332659  0.000000  0.146664  0.000000 ) 
 ( -0.021797  0.000000  0.052476 -0.000000 -0.020499  0.000000 ) 
 ( -0.008802  0.000000  0.034529 -0.000000  0.017952 -0.000000 ) 
 (  0.194342  0.000000  0.322186  0.000000 -0.150568  0.000000 ) 
 ( -0.198332  0.000000 -0.324069  0.000000 -0.149972  0.000000 ) 
 (  0.040968 -0.000000 -0.049580  0.000000  0.017452 -0.000000 ) 
 (  0.010565  0.000000 -0.035232  0.000000 -0.021990  0.000000 ) 
     freq (   25) =       9.777825 [THz] =     326.153136 [cm-1]
 (  0.000117  0.000000  0.000187  0.000000 -0.000096  0.000000 ) 
 ( -0.000196  0.000000  0.000311  0.000000  0.000058  0.000000 ) 
 ( -0.015020  0.000000  0.028432  0.000000 -0.015705  0.000000 ) 
 ( -0.017225  0.000000  0.030171  0.000000 -0.013617  0.000000 ) 
 ( -0.027554  0.000000 -0.049396  0.000000 -0.007049  0.000000 ) 
 (  0.026231  0.000000  0.048353  0.000000  0.010531  0.000000 ) 
 (  0.031776  0.000000  0.236531  0.000000  0.004152  0.000000 ) 
 (  0.028738  0.000000  0.233704  0.000000  0.000341  0.000000 ) 
 ( -0.049558  0.000000  0.391326  0.000000  0.001831  0.000000 ) 
 (  0.051380  0.000000 -0.393021  0.000000  0.004525  0.000000 ) 
 (  0.164733  0.000000 -0.086634  0.000000 -0.011625  0.000000 ) 
 (  0.158645  0.000000 -0.082588  0.000000 -0.013686  0.000000 ) 
 (  0.267871  0.000000  0.139918  0.000000 -0.009306  0.000000 ) 
 ( -0.271521  0.000000 -0.142344  0.000000  0.005869  0.000000 ) 
 (  0.149445  0.000000  0.021145  0.000000  0.018032  0.000000 ) 
 (  0.133974  0.000000  0.028692  0.000000  0.022402  0.000000 ) 
 ( -0.231732  0.000000  0.043827  0.000000 -0.015766  0.000000 ) 
 (  0.241008  0.000000 -0.039302  0.000000  0.008475  0.000000 ) 
 ( -0.146147  0.000000 -0.024191  0.000000 -0.011322  0.000000 ) 
 ( -0.132209  0.000000 -0.036968  0.000000 -0.028337  0.000000 ) 
 (  0.227970  0.000000 -0.054836  0.000000  0.026078  0.000000 ) 
 ( -0.236326  0.000000  0.047176  0.000000  0.002302  0.000000 ) 
     freq (   26) =       9.777825 [THz] =     326.153136 [cm-1]
 ( -0.000196  0.000000 -0.000311  0.000000 -0.000058  0.000000 ) 
 ( -0.000117  0.000000  0.000187  0.000000 -0.000096  0.000000 ) 
 (  0.027554  0.000000 -0.049396  0.000000 -0.007049  0.000000 ) 
 (  0.026231  0.000000 -0.048353  0.000000 -0.010531  0.000000 ) 
 ( -0.015020  0.000000 -0.028432  0.000000  0.015705  0.000000 ) 
 (  0.017225  0.000000  0.030171  0.000000 -0.013617  0.000000 ) 
 ( -0.049558  0.000000 -0.391326  0.000000 -0.001831  0.000000 ) 
 ( -0.051380  0.000000 -0.393021  0.000000  0.004525  0.000000 ) 
 ( -0.031776  0.000000  0.236531  0.000000  0.004152  0.000000 ) 
 (  0.028738  0.000000 -0.233704  0.000000 -0.000341  0.000000 ) 
 ( -0.267871  0.000000  0.139918  0.000000 -0.009306  0.000000 ) 
 ( -0.271521  0.000000  0.142344  0.000000 -0.005869  0.000000 ) 
 (  0.164733  0.000000  0.086634  0.000000  0.011625  0.000000 ) 
 ( -0.158645  0.000000 -0.082588  0.000000 -0.013686  0.000000 ) 
 ( -0.231732  0.000000 -0.043827  0.000000  0.015766  0.000000 ) 
 ( -0.241008  0.000000 -0.039302  0.000000  0.008475  0.000000 ) 
 ( -0.149445  0.000000  0.021145  0.000000  0.018032  0.000000 ) 
 (  0.133974  0.000000 -0.028692  0.000000 -0.022402  0.000000 ) 
 (  0.227970  0.000000  0.054836  0.000000 -0.026078  0.000000 ) 
 (  0.236326  0.000000  0.047176  0.000000  0.002302  0.000000 ) 
 (  0.146147  0.000000 -0.024191  0.000000 -0.011322  0.000000 ) 
 ( -0.132209  0.000000  0.036968  0.000000  0.028337  0.000000 ) 
     freq (   27) =      12.111110 [THz] =     403.983138 [cm-1]
 ( -0.000757  0.000000 -0.001360  0.000000  0.002834  0.000000 ) 
 ( -0.002021  0.000000  0.003628  0.000000  0.001062 -0.000000 ) 
 (  0.015645 -0.000000 -0.004364  0.000000  0.006708  0.000000 ) 
 ( -0.013981  0.000000  0.003447  0.000000 -0.011048  0.000000 ) 
 (  0.003333  0.000000  0.000241  0.000000  0.024499 -0.000000 ) 
 (  0.007772 -0.000000  0.002687 -0.000000  0.022872  0.000000 ) 
 (  0.010471 -0.000000 -0.018118  0.000000  0.107345  0.000000 ) 
 ( -0.009582  0.000000  0.014298  0.000000 -0.201996  0.000000 ) 
 ( -0.002572  0.000000 -0.000980  0.000000 -0.430377  0.000000 ) 
 ( -0.004944  0.000000 -0.011171  0.000000 -0.394899  0.000000 ) 
 (  0.003132  0.000000  0.003292 -0.000000 -0.002700  0.000000 ) 
 ( -0.004295  0.000000 -0.002615  0.000000  0.009141 -0.000000 ) 
 (  0.002943 -0.000000 -0.000204  0.000000 -0.017002  0.000000 ) 
 ( -0.000159  0.000000 -0.002010  0.000000 -0.014588  0.000000 ) 
 (  0.058583  0.000000 -0.035446  0.000000  0.037110  0.000000 ) 
 (  0.163613 -0.000000 -0.070149  0.000000 -0.068751  0.000000 ) 
 (  0.316078 -0.000000  0.147360 -0.000000 -0.147141  0.000000 ) 
 ( -0.276709  0.000000 -0.134353  0.000000 -0.135281  0.000000 ) 
 (  0.131340 -0.000000 -0.065101  0.000000  0.069111 -0.000000 ) 
 (  0.097201  0.000000 -0.040422  0.000000 -0.036924  0.000000 ) 
 (  0.298459  0.000000  0.136134  0.000000 -0.135410  0.000000 ) 
 ( -0.311255  0.000000 -0.145385  0.000000 -0.147475  0.000000 ) 
     freq (   28) =      12.111110 [THz] =     403.983138 [cm-1]
 (  0.002021  0.000000  0.003628  0.000000  0.001062 -0.000000 ) 
 ( -0.000757  0.000000  0.001360 -0.000000 -0.002834  0.000000 ) 
 (  0.003333  0.000000 -0.000241  0.000000 -0.024499  0.000000 ) 
 ( -0.007772  0.000000  0.002687 -0.000000  0.022872  0.000000 ) 
 ( -0.015645  0.000000 -0.004364  0.000000  0.006708  0.000000 ) 
 ( -0.013981  0.000000 -0.003447  0.000000  0.011048 -0.000000 ) 
 (  0.002572  0.000000 -0.000980  0.000000 -0.430377  0.000000 ) 
 ( -0.004944  0.000000  0.011171 -0.000000  0.394899  0.000000 ) 
 (  0.010471 -0.000000  0.018118 -0.000000 -0.107345  0.000000 ) 
 (  0.009582  0.000000  0.014298  0.000000 -0.201996  0.000000 ) 
 (  0.002943 -0.000000  0.000204  0.000000  0.017002 -0.000000 ) 
 (  0.000159  0.000000 -0.002010  0.000000 -0.014588  0.000000 ) 
 ( -0.003132  0.000000  0.003292 -0.000000 -0.002700  0.000000 ) 
 ( -0.004295  0.000000  0.002615  0.000000 -0.009141  0.000000 ) 
 ( -0.316078  0.000000  0.147360 -0.000000 -0.147141  0.000000 ) 
 ( -0.276709  0.000000  0.134353  0.000000  0.135281  0.000000 ) 
 (  0.058583  0.000000  0.035446  0.000000 -0.037110  0.000000 ) 
 ( -0.163613  0.000000 -0.070149  0.000000 -0.068751  0.000000 ) 
 ( -0.298459  0.000000  0.136134  0.000000 -0.135410  0.000000 ) 
 ( -0.311255  0.000000  0.145385 -0.000000  0.147475 -0.000000 ) 
 (  0.131340 -0.000000  0.065101 -0.000000 -0.069111  0.000000 ) 
 ( -0.097201  0.000000 -0.040422  0.000000 -0.036924  0.000000 ) 
     freq (   29) =      12.402675 [THz] =     413.708704 [cm-1]
 (  0.000016  0.000000  0.000027  0.000000 -0.000423  0.000000 ) 
 (  0.000467  0.000000 -0.000794  0.000000 -0.000014  0.000000 ) 
 ( -0.002258  0.000000  0.001335  0.000000 -0.029732  0.000000 ) 
 (  0.003876  0.000000 -0.001338  0.000000 -0.029456  0.000000 ) 
 ( -0.023719  0.000000 -0.000091  0.000000 -0.003025  0.000000 ) 
 (  0.023509  0.000000 -0.000000  0.000000 -0.005052  0.000000 ) 
 ( -0.002065  0.000000  0.000387  0.000000 -0.447921  0.000000 ) 
 (  0.003519  0.000000 -0.000393  0.000000 -0.444437  0.000000 ) 
 (  0.021314  0.000000  0.000108  0.000000  0.035551  0.000000 ) 
 ( -0.021122  0.000000 -0.000081  0.000000  0.066125  0.000000 ) 
 ( -0.003014  0.000000  0.001327  0.000000  0.028641  0.000000 ) 
 (  0.004455  0.000000 -0.001282  0.000000  0.028422  0.000000 ) 
 ( -0.021163  0.000000  0.000612  0.000000  0.002232  0.000000 ) 
 (  0.020908  0.000000 -0.000701  0.000000  0.004187  0.000000 ) 
 ( -0.327470  0.000000  0.134995  0.000000 -0.140508  0.000000 ) 
 (  0.323749  0.000000 -0.133930  0.000000 -0.139478  0.000000 ) 
 ( -0.043150  0.000000 -0.010939  0.000000  0.010227  0.000000 ) 
 (  0.065462  0.000000  0.020153  0.000000  0.019820  0.000000 ) 
 (  0.327872  0.000000 -0.138130  0.000000  0.138913  0.000000 ) 
 ( -0.329278  0.000000  0.139088  0.000000  0.139906  0.000000 ) 
 ( -0.031774  0.000000 -0.018726  0.000000  0.019263  0.000000 ) 
 (  0.009258  0.000000  0.009228  0.000000  0.009710  0.000000 ) 
     freq (   30) =      12.402675 [THz] =     413.708704 [cm-1]
 ( -0.000467  0.000000 -0.000794  0.000000 -0.000014  0.000000 ) 
 (  0.000016  0.000000 -0.000027  0.000000  0.000423  0.000000 ) 
 ( -0.023719  0.000000  0.000091  0.000000  0.003025  0.000000 ) 
 ( -0.023509  0.000000 -0.000000  0.000000 -0.005052  0.000000 ) 
 (  0.002258  0.000000  0.001335  0.000000 -0.029732  0.000000 ) 
 (  0.003876  0.000000  0.001338  0.000000  0.029456  0.000000 ) 
 ( -0.021314  0.000000  0.000108  0.000000  0.035551  0.000000 ) 
 ( -0.021122  0.000000  0.000081  0.000000 -0.066125  0.000000 ) 
 ( -0.002065  0.000000 -0.000387  0.000000  0.447921  0.000000 ) 
 ( -0.003519  0.000000 -0.000393  0.000000 -0.444437  0.000000 ) 
 ( -0.021163  0.000000 -0.000612  0.000000 -0.002232  0.000000 ) 
 ( -0.020908  0.000000 -0.000701  0.000000  0.004187  0.000000 ) 
 (  0.003014  0.000000  0.001327  0.000000  0.028641  0.000000 ) 
 (  0.004455  0.000000  0.001282  0.000000 -0.028422  0.000000 ) 
 (  0.043150  0.000000 -0.010939  0.000000  0.010227  0.000000 ) 
 (  0.065462  0.000000 -0.020153  0.000000 -0.019820  0.000000 ) 
 ( -0.327470  0.000000 -0.134995  0.000000  0.140508  0.000000 ) 
 ( -0.323749  0.000000 -0.133930  0.000000 -0.139478  0.000000 ) 
 (  0.031774  0.000000 -0.018726  0.000000  0.019263  0.000000 ) 
 (  0.009258  0.000000 -0.009228  0.000000 -0.009710  0.000000 ) 
 (  0.327872  0.000000  0.138130  0.000000 -0.138913  0.000000 ) 
 (  0.329278  0.000000  0.139088  0.000000  0.139906  0.000000 ) 
     freq (   31) =      30.690689 [THz] =    1023.731192 [cm-1]
 (  0.000210  0.000000  0.000053  0.000000 -0.000008  0.000000 ) 
 (  0.000011  0.000000 -0.000003  0.000000 -0.000147  0.000000 ) 
 (  0.004535  0.000000  0.004600  0.000000 -0.001198  0.000000 ) 
 ( -0.001933  0.000000 -0.002590  0.000000  0.001128  0.000000 ) 
 (  0.059678  0.000000 -0.066370  0.000000  0.000592  0.000000 ) 
 (  0.059819  0.000000 -0.066478  0.000000 -0.000717  0.000000 ) 
 ( -0.003321  0.000000 -0.026162  0.000000  0.002177  0.000000 ) 
 (  0.002166  0.000000  0.013824  0.000000 -0.001946  0.000000 ) 
 (  0.050657  0.000000 -0.369047  0.000000  0.002020  0.000000 ) 
 (  0.050720  0.000000 -0.369715  0.000000 -0.002243  0.000000 ) 
 ( -0.005358  0.000000  0.008091  0.000000 -0.001754  0.000000 ) 
 (  0.002615  0.000000 -0.003731  0.000000  0.001799  0.000000 ) 
 ( -0.073584  0.000000 -0.109085  0.000000 -0.000512  0.000000 ) 
 ( -0.073733  0.000000 -0.109321  0.000000  0.000320  0.000000 ) 
 (  0.016858  0.000000  0.017349  0.000000 -0.007314  0.000000 ) 
 ( -0.015802  0.000000 -0.009966  0.000000 -0.004537  0.000000 ) 
 ( -0.301676  0.000000  0.252134  0.000000 -0.109401  0.000000 ) 
 ( -0.301733  0.000000  0.252534  0.000000  0.109551  0.000000 ) 
 (  0.005813  0.000000  0.010599  0.000000 -0.005463  0.000000 ) 
 ( -0.027089  0.000000 -0.016572  0.000000 -0.006361  0.000000 ) 
 ( -0.304516  0.000000  0.251163  0.000000 -0.109249  0.000000 ) 
 ( -0.303365  0.000000  0.250840  0.000000  0.109200  0.000000 ) 
     freq (   32) =      30.690689 [THz] =    1023.731192 [cm-1]
 ( -0.000011  0.000000 -0.000003  0.000000 -0.000147  0.000000 ) 
 (  0.000210  0.000000 -0.000053  0.000000  0.000008  0.000000 ) 
 (  0.059678  0.000000  0.066370  0.000000 -0.000592  0.000000 ) 
 ( -0.059819  0.000000 -0.066478  0.000000 -0.000717  0.000000 ) 
 ( -0.004535  0.000000  0.004600  0.000000 -0.001198  0.000000 ) 
 ( -0.001933  0.000000  0.002590  0.000000 -0.001128  0.000000 ) 
 ( -0.050657  0.000000 -0.369047  0.000000  0.002020  0.000000 ) 
 (  0.050720  0.000000  0.369715  0.000000  0.002243  0.000000 ) 
 ( -0.003321  0.000000  0.026162  0.000000 -0.002177  0.000000 ) 
 ( -0.002166  0.000000  0.013824  0.000000 -0.001946  0.000000 ) 
 ( -0.073584  0.000000  0.109085  0.000000  0.000512  0.000000 ) 
 (  0.073733  0.000000 -0.109321  0.000000  0.000320  0.000000 ) 
 (  0.005358  0.000000  0.008091  0.000000 -0.001754  0.000000 ) 
 (  0.002615  0.000000  0.003731  0.000000 -0.001799  0.000000 ) 
 (  0.301676  0.000000  0.252134  0.000000 -0.109401  0.000000 ) 
 ( -0.301733  0.000000 -0.252534  0.000000 -0.109551  0.000000 ) 
 (  0.016858  0.000000 -0.017349  0.000000  0.007314  0.000000 ) 
 (  0.015802  0.000000 -0.009966  0.000000 -0.004537  0.000000 ) 
 (  0.304516  0.000000  0.251163  0.000000 -0.109249  0.000000 ) 
 ( -0.303365  0.000000 -0.250840  0.000000 -0.109200  0.000000 ) 
 (  0.005813  0.000000 -0.010599  0.000000  0.005463  0.000000 ) 
 (  0.027089  0.000000 -0.016572  0.000000 -0.006361  0.000000 ) 
     freq (   33) =      30.826105 [THz] =    1028.248178 [cm-1]
 (  0.000003  0.000000  0.000001  0.000000 -0.000011  0.000000 ) 
 ( -0.000035  0.000000  0.000011  0.000000  0.000001  0.000000 ) 
 ( -0.005757  0.000000 -0.007798  0.000000  0.013782  0.000000 ) 
 ( -0.004255  0.000000 -0.005484  0.000000  0.013751  0.000000 ) 
 ( -0.053310  0.000000  0.070701  0.000000  0.001128  0.000000 ) 
 (  0.053451  0.000000 -0.070918  0.000000 -0.001455  0.000000 ) 
 (  0.006414  0.000000  0.041882  0.000000 -0.050955  0.000000 ) 
 (  0.004364  0.000000  0.029984  0.000000 -0.050906  0.000000 ) 
 ( -0.057368  0.000000  0.382576  0.000000  0.004516  0.000000 ) 
 (  0.057560  0.000000 -0.383692  0.000000 -0.005038  0.000000 ) 
 (  0.004858  0.000000 -0.010122  0.000000 -0.065030  0.000000 ) 
 (  0.003527  0.000000 -0.007415  0.000000 -0.064801  0.000000 ) 
 (  0.044636  0.000000  0.093367  0.000000 -0.004872  0.000000 ) 
 ( -0.044761  0.000000 -0.093620  0.000000  0.007305  0.000000 ) 
 ( -0.019835  0.000000 -0.059059  0.000000  0.027291  0.000000 ) 
 ( -0.032380  0.000000  0.010623  0.000000  0.004270  0.000000 ) 
 (  0.278959  0.000000 -0.254955  0.000000  0.121249  0.000000 ) 
 ( -0.277783  0.000000  0.261490  0.000000  0.124209  0.000000 ) 
 (  0.011375  0.000000  0.050390  0.000000 -0.022969  0.000000 ) 
 (  0.040654  0.000000 -0.002139  0.000000  0.000022  0.000000 ) 
 ( -0.278754  0.000000  0.254775  0.000000 -0.121493  0.000000 ) 
 (  0.276008  0.000000 -0.259701  0.000000 -0.123645  0.000000 ) 
     freq (   34) =      30.826105 [THz] =    1028.248178 [cm-1]
 (  0.000035  0.000000  0.000011  0.000000  0.000001  0.000000 ) 
 (  0.000003  0.000000 -0.000001  0.000000  0.000011  0.000000 ) 
 ( -0.053310  0.000000 -0.070701  0.000000 -0.001128  0.000000 ) 
 ( -0.053451  0.000000 -0.070918  0.000000 -0.001455  0.000000 ) 
 (  0.005757  0.000000 -0.007798  0.000000  0.013782  0.000000 ) 
 ( -0.004255  0.000000  0.005484  0.000000 -0.013751  0.000000 ) 
 (  0.057368  0.000000  0.382576  0.000000  0.004516  0.000000 ) 
 (  0.057560  0.000000  0.383692  0.000000  0.005038  0.000000 ) 
 (  0.006414  0.000000 -0.041882  0.000000  0.050955  0.000000 ) 
 ( -0.004364  0.000000  0.029984  0.000000 -0.050906  0.000000 ) 
 (  0.044636  0.000000 -0.093367  0.000000  0.004872  0.000000 ) 
 (  0.044761  0.000000 -0.093620  0.000000  0.007305  0.000000 ) 
 ( -0.004858  0.000000 -0.010122  0.000000 -0.065030  0.000000 ) 
 (  0.003527  0.000000  0.007415  0.000000  0.064801  0.000000 ) 
 ( -0.278959  0.000000 -0.254955  0.000000  0.121249  0.000000 ) 
 ( -0.277783  0.000000 -0.261490  0.000000 -0.124209  0.000000 ) 
 ( -0.019835  0.000000  0.059059  0.000000 -0.027291  0.000000 ) 
 (  0.032380  0.000000  0.010623  0.000000  0.004270  0.000000 ) 
 (  0.278754  0.000000  0.254775  0.000000 -0.121493  0.000000 ) 
 (  0.276008  0.000000  0.259701  0.000000  0.123645  0.000000 ) 
 (  0.011375  0.000000 -0.050390  0.000000  0.022969  0.000000 ) 
 ( -0.040654  0.000000 -0.002139  0.000000  0.000022  0.000000 ) 
     freq (   35) =      31.785695 [THz] =    1060.256663 [cm-1]
 (  0.000001  0.000000 -0.000002  0.000000 -0.000095  0.000000 ) 
 ( -0.000016  0.000000 -0.000040  0.000000  0.000004  0.000000 ) 
 ( -0.005458  0.000000  0.005790  0.000000 -0.016591  0.000000 ) 
 (  0.011495  0.000000 -0.011105  0.000000 -0.016412  0.000000 ) 
 (  0.071052  0.000000  0.062588  0.000000  0.001398  0.000000 ) 
 ( -0.070328  0.000000 -0.061866  0.000000  0.002808  0.000000 ) 
 ( -0.009217  0.000000 -0.022159  0.000000  0.070281  0.000000 ) 
 (  0.017836  0.000000  0.039677  0.000000  0.069468  0.000000 ) 
 ( -0.101488  0.000000  0.206412  0.000000  0.006532  0.000000 ) 
 (  0.100333  0.000000 -0.203771  0.000000  0.012501  0.000000 ) 
 (  0.032890  0.000000 -0.019761  0.000000  0.060038  0.000000 ) 
 ( -0.065822  0.000000  0.040039  0.000000  0.059192  0.000000 ) 
 ( -0.387672  0.000000 -0.238691  0.000000 -0.007362  0.000000 ) 
 (  0.383456  0.000000  0.236138  0.000000 -0.012454  0.000000 ) 
 ( -0.041083  0.000000  0.042555  0.000000 -0.029771  0.000000 ) 
 (  0.062346  0.000000 -0.051712  0.000000 -0.044543  0.000000 ) 
 ( -0.251150  0.000000 -0.109222  0.000000  0.174532  0.000000 ) 
 (  0.246733  0.000000  0.105196  0.000000  0.171358  0.000000 ) 
 ( -0.016614  0.000000 -0.009992  0.000000 -0.015899  0.000000 ) 
 ( -0.005045  0.000000  0.019967  0.000000 -0.000735  0.000000 ) 
 (  0.253325  0.000000  0.117428  0.000000 -0.177177  0.000000 ) 
 ( -0.253819  0.000000 -0.116149  0.000000 -0.177888  0.000000 ) 
     freq (   36) =      31.785695 [THz] =    1060.256663 [cm-1]
 (  0.000016  0.000000 -0.000040  0.000000  0.000004  0.000000 ) 
 (  0.000001  0.000000  0.000002  0.000000  0.000095  0.000000 ) 
 (  0.071052  0.000000 -0.062588  0.000000 -0.001398  0.000000 ) 
 (  0.070328  0.000000 -0.061866  0.000000  0.002808  0.000000 ) 
 (  0.005458  0.000000  0.005790  0.000000 -0.016591  0.000000 ) 
 (  0.011495  0.000000  0.011105  0.000000  0.016412  0.000000 ) 
 (  0.101488  0.000000  0.206412  0.000000  0.006532  0.000000 ) 
 (  0.100333  0.000000  0.203771  0.000000 -0.012501  0.000000 ) 
 ( -0.009217  0.000000  0.022159  0.000000 -0.070281  0.000000 ) 
 ( -0.017836  0.000000  0.039677  0.000000  0.069468  0.000000 ) 
 ( -0.387672  0.000000  0.238691  0.000000  0.007362  0.000000 ) 
 ( -0.383456  0.000000  0.236138  0.000000 -0.012454  0.000000 ) 
 ( -0.032890  0.000000 -0.019761  0.000000  0.060038  0.000000 ) 
 ( -0.065822  0.000000 -0.040039  0.000000 -0.059192  0.000000 ) 
 (  0.251150  0.000000 -0.109222  0.000000  0.174532  0.000000 ) 
 (  0.246733  0.000000 -0.105196  0.000000 -0.171358  0.000000 ) 
 ( -0.041083  0.000000 -0.042555  0.000000  0.029771  0.000000 ) 
 ( -0.062346  0.000000 -0.051712  0.000000 -0.044543  0.000000 ) 
 ( -0.253325  0.000000  0.117428  0.000000 -0.177177  0.000000 ) 
 ( -0.253819  0.000000  0.116149  0.000000  0.177888  0.000000 ) 
 ( -0.016614  0.000000  0.009992  0.000000  0.015899  0.000000 ) 
 (  0.005045  0.000000  0.019967  0.000000 -0.000735  0.000000 ) 
     freq (   37) =      31.806015 [THz] =    1060.934472 [cm-1]
 (  0.000045  0.000000 -0.000212  0.000000  0.000029  0.000000 ) 
 (  0.000002  0.000000  0.000010  0.000000  0.000588  0.000000 ) 
 ( -0.005591  0.000000  0.004756  0.000000 -0.014589  0.000000 ) 
 ( -0.012187  0.000000  0.011073  0.000000  0.014236  0.000000 ) 
 (  0.067550  0.000000  0.064666  0.000000  0.002885  0.000000 ) 
 (  0.066677  0.000000  0.063888  0.000000 -0.004302  0.000000 ) 
 ( -0.007475  0.000000 -0.013329  0.000000  0.061343  0.000000 ) 
 ( -0.017685  0.000000 -0.036140  0.000000 -0.059922  0.000000 ) 
 ( -0.104510  0.000000  0.233320  0.000000  0.011478  0.000000 ) 
 ( -0.103274  0.000000  0.230889  0.000000 -0.017437  0.000000 ) 
 (  0.028532  0.000000 -0.017538  0.000000  0.066797  0.000000 ) 
 (  0.066299  0.000000 -0.040563  0.000000 -0.065168  0.000000 ) 
 ( -0.386613  0.000000 -0.235702  0.000000 -0.013329  0.000000 ) 
 ( -0.381953  0.000000 -0.232847  0.000000  0.019813  0.000000 ) 
 ( -0.034570  0.000000  0.040485  0.000000 -0.028528  0.000000 ) 
 ( -0.057131  0.000000  0.051919  0.000000  0.045766  0.000000 ) 
 ( -0.231806  0.000000 -0.118611  0.000000  0.177221  0.000000 ) 
 ( -0.227300  0.000000 -0.114070  0.000000 -0.173570  0.000000 ) 
 (  0.029060  0.000000  0.010326  0.000000  0.016849  0.000000 ) 
 (  0.005754  0.000000  0.023314  0.000000  0.001069  0.000000 ) 
 ( -0.236288  0.000000 -0.132977  0.000000  0.181927  0.000000 ) 
 ( -0.237998  0.000000 -0.131324  0.000000 -0.182703  0.000000 ) 
     freq (   38) =      31.806015 [THz] =    1060.934472 [cm-1]
 (  0.000002  0.000000 -0.000010  0.000000 -0.000588  0.000000 ) 
 ( -0.000045  0.000000 -0.000212  0.000000  0.000029  0.000000 ) 
 ( -0.067550  0.000000  0.064666  0.000000  0.002885  0.000000 ) 
 (  0.066677  0.000000 -0.063888  0.000000  0.004302  0.000000 ) 
 ( -0.005591  0.000000 -0.004756  0.000000  0.014589  0.000000 ) 
 (  0.012187  0.000000  0.011073  0.000000  0.014236  0.000000 ) 
 ( -0.104510  0.000000 -0.233320  0.000000 -0.011478  0.000000 ) 
 (  0.103274  0.000000  0.230889  0.000000 -0.017437  0.000000 ) 
 (  0.007475  0.000000 -0.013329  0.000000  0.061343  0.000000 ) 
 ( -0.017685  0.000000  0.036140  0.000000  0.059922  0.000000 ) 
 (  0.386613  0.000000 -0.235702  0.000000 -0.013329  0.000000 ) 
 ( -0.381953  0.000000  0.232847  0.000000 -0.019813  0.000000 ) 
 (  0.028532  0.000000  0.017538  0.000000 -0.066797  0.000000 ) 
 ( -0.066299  0.000000 -0.040563  0.000000 -0.065168  0.000000 ) 
 ( -0.231806  0.000000  0.118611  0.000000 -0.177221  0.000000 ) 
 (  0.227300  0.000000 -0.114070  0.000000 -0.173570  0.000000 ) 
 (  0.034570  0.000000  0.040485  0.000000 -0.028528  0.000000 ) 
 ( -0.057131  0.000000 -0.051919  0.000000 -0.045766  0.000000 ) 
 ( -0.236288  0.000000  0.132977  0.000000 -0.181927  0.000000 ) 
 (  0.237998  0.000000 -0.131324  0.000000 -0.182703  0.000000 ) 
 ( -0.029060  0.000000  0.010326  0.000000  0.016849  0.000000 ) 
 (  0.005754  0.000000 -0.023314  0.000000 -0.001069  0.000000 ) 
     freq (   39) =      32.324357 [THz] =    1078.224502 [cm-1]
 ( -0.000152  0.000000  0.000191  0.000000 -0.000670  0.000000 ) 
 ( -0.000312  0.000000 -0.000391  0.000000 -0.000327  0.000000 ) 
 ( -0.007918  0.000000  0.009081 -0.000000 -0.044580  0.000000 ) 
 (  0.008734 -0.000000 -0.009078  0.000000  0.033823  0.000000 ) 
 ( -0.004903  0.000000 -0.004432  0.000000 -0.077616  0.000000 ) 
 ( -0.003232  0.000000 -0.004439  0.000000 -0.082872  0.000000 ) 
 ( -0.013532  0.000000 -0.030365  0.000000  0.178756  0.000000 ) 
 (  0.013785 -0.000000  0.028723 -0.000000 -0.136111  0.000000 ) 
 (  0.006932  0.000000 -0.012753  0.000000 -0.311846  0.000000 ) 
 (  0.006413  0.000000 -0.016114  0.000000 -0.332680  0.000000 ) 
 (  0.052662 -0.000000 -0.030027  0.000000  0.239514  0.000000 ) 
 ( -0.055430  0.000000  0.032087 -0.000000 -0.182970  0.000000 ) 
 (  0.029235  0.000000  0.017281  0.000000  0.418597 -0.000000 ) 
 (  0.023570  0.000000  0.013064  0.000000  0.446220 -0.000000 ) 
 ( -0.056884  0.000000  0.126079  0.000000 -0.070050  0.000000 ) 
 (  0.016692  0.000000  0.068228  0.000000  0.009440  0.000000 ) 
 ( -0.023164  0.000000 -0.184741  0.000000  0.066553 -0.000000 ) 
 (  0.059108 -0.000000  0.213003 -0.000000  0.096162 -0.000000 ) 
 ( -0.054772  0.000000  0.098876  0.000000 -0.059789  0.000000 ) 
 (  0.007758  0.000000  0.093224  0.000000  0.020038  0.000000 ) 
 ( -0.032845  0.000000 -0.195232  0.000000  0.071992 -0.000000 ) 
 (  0.063392 -0.000000  0.197994 -0.000000  0.091411 -0.000000 ) 
     freq (   40) =      32.324357 [THz] =    1078.224502 [cm-1]
 ( -0.000312  0.000000  0.000391 -0.000000  0.000327  0.000000 ) 
 (  0.000152  0.000000  0.000191  0.000000 -0.000670  0.000000 ) 
 (  0.004903  0.000000 -0.004432  0.000000 -0.077616  0.000000 ) 
 ( -0.003232  0.000000  0.004439  0.000000  0.082872 -0.000000 ) 
 ( -0.007918  0.000000 -0.009081  0.000000  0.044580  0.000000 ) 
 ( -0.008734  0.000000 -0.009078  0.000000  0.033823  0.000000 ) 
 (  0.006932  0.000000  0.012753  0.000000  0.311846 -0.000000 ) 
 ( -0.006413  0.000000 -0.016114  0.000000 -0.332680  0.000000 ) 
 (  0.013532 -0.000000 -0.030365  0.000000  0.178756  0.000000 ) 
 (  0.013785 -0.000000 -0.028723  0.000000  0.136111  0.000000 ) 
 ( -0.029235  0.000000  0.017281  0.000000  0.418597 -0.000000 ) 
 (  0.023570  0.000000 -0.013064  0.000000 -0.446220  0.000000 ) 
 (  0.052662 -0.000000  0.030027 -0.000000 -0.239514  0.000000 ) 
 (  0.055430 -0.000000  0.032087 -0.000000 -0.182970  0.000000 ) 
 ( -0.023164  0.000000  0.184741 -0.000000 -0.066553  0.000000 ) 
 ( -0.059108  0.000000  0.213003 -0.000000  0.096162 -0.000000 ) 
 (  0.056884 -0.000000  0.126079  0.000000 -0.070050  0.000000 ) 
 (  0.016692  0.000000 -0.068228  0.000000 -0.009440  0.000000 ) 
 ( -0.032845  0.000000  0.195232 -0.000000 -0.071992  0.000000 ) 
 ( -0.063392  0.000000  0.197994 -0.000000  0.091411 -0.000000 ) 
 (  0.054772 -0.000000  0.098876  0.000000 -0.059789  0.000000 ) 
 (  0.007758  0.000000 -0.093224  0.000000 -0.020038  0.000000 ) 
     freq (   41) =      32.518499 [THz] =    1084.700365 [cm-1]
 ( -0.000028  0.000000 -0.000065  0.000000  0.000000  0.000000 ) 
 ( -0.000000  0.000000  0.000000  0.000000  0.000068  0.000000 ) 
 (  0.016052  0.000000  0.000757  0.000000  0.005595  0.000000 ) 
 (  0.016062  0.000000  0.000760  0.000000 -0.006758  0.000000 ) 
 ( -0.000869  0.000000  0.000192  0.000000  0.085315  0.000000 ) 
 ( -0.000650  0.000000  0.000181  0.000000 -0.085231  0.000000 ) 
 (  0.009091  0.000000 -0.013642  0.000000 -0.022203  0.000000 ) 
 (  0.009094  0.000000 -0.013655  0.000000  0.027116  0.000000 ) 
 (  0.000283  0.000000  0.001088  0.000000  0.360394  0.000000 ) 
 (  0.000159  0.000000  0.000902  0.000000 -0.360057  0.000000 ) 
 ( -0.074653  0.000000  0.057771  0.000000 -0.029147  0.000000 ) 
 ( -0.074697  0.000000  0.057799  0.000000  0.035562  0.000000 ) 
 (  0.003762  0.000000  0.002471  0.000000 -0.470642  0.000000 ) 
 (  0.002743  0.000000  0.001683  0.000000  0.470200  0.000000 ) 
 (  0.082714  0.000000  0.011501  0.000000  0.011136  0.000000 ) 
 (  0.083508  0.000000  0.008546  0.000000 -0.012387  0.000000 ) 
 (  0.058775  0.000000  0.216585  0.000000 -0.091821  0.000000 ) 
 (  0.057641  0.000000  0.216722  0.000000  0.091660  0.000000 ) 
 ( -0.074006  0.000000 -0.040840  0.000000  0.001336  0.000000 ) 
 ( -0.074699  0.000000 -0.037890  0.000000 -0.000105  0.000000 ) 
 ( -0.051325  0.000000 -0.216058  0.000000  0.090255  0.000000 ) 
 ( -0.050311  0.000000 -0.216595  0.000000 -0.090265  0.000000 ) 
     freq (   42) =      32.518499 [THz] =    1084.700365 [cm-1]
 ( -0.000000  0.000000 -0.000000  0.000000 -0.000068  0.000000 ) 
 (  0.000028  0.000000 -0.000065  0.000000  0.000000  0.000000 ) 
 (  0.000869  0.000000  0.000192  0.000000  0.085315  0.000000 ) 
 ( -0.000650  0.000000 -0.000181  0.000000  0.085231  0.000000 ) 
 (  0.016052  0.000000 -0.000757  0.000000 -0.005595  0.000000 ) 
 ( -0.016062  0.000000  0.000760  0.000000 -0.006758  0.000000 ) 
 (  0.000283  0.000000 -0.001088  0.000000 -0.360394  0.000000 ) 
 ( -0.000159  0.000000  0.000902  0.000000 -0.360057  0.000000 ) 
 ( -0.009091  0.000000 -0.013642  0.000000 -0.022203  0.000000 ) 
 (  0.009094  0.000000  0.013655  0.000000 -0.027116  0.000000 ) 
 ( -0.003762  0.000000  0.002471  0.000000 -0.470642  0.000000 ) 
 (  0.002743  0.000000 -0.001683  0.000000 -0.470200  0.000000 ) 
 ( -0.074653  0.000000 -0.057771  0.000000  0.029147  0.000000 ) 
 (  0.074697  0.000000  0.057799  0.000000  0.035562  0.000000 ) 
 (  0.058775  0.000000 -0.216585  0.000000  0.091821  0.000000 ) 
 ( -0.057641  0.000000  0.216722  0.000000  0.091660  0.000000 ) 
 ( -0.082714  0.000000  0.011501  0.000000  0.011136  0.000000 ) 
 (  0.083508  0.000000 -0.008546  0.000000  0.012387  0.000000 ) 
 ( -0.051325  0.000000  0.216058  0.000000 -0.090255  0.000000 ) 
 (  0.050311  0.000000 -0.216595  0.000000 -0.090265  0.000000 ) 
 (  0.074006  0.000000 -0.040840  0.000000  0.001336  0.000000 ) 
 ( -0.074699  0.000000  0.037890  0.000000  0.000105  0.000000 ) 
     freq (   43) =      35.844117 [THz] =    1195.631056 [cm-1]
 (  0.000030  0.000000  0.000010  0.000000 -0.000000  0.000000 ) 
 (  0.000006  0.000000 -0.000002  0.000000 -0.000000  0.000000 ) 
 (  0.006095  0.000000 -0.002690  0.000000 -0.000603  0.000000 ) 
 (  0.006052  0.000000 -0.002604  0.000000 -0.001350  0.000000 ) 
 ( -0.001068  0.000000 -0.000292  0.000000  0.005101  0.000000 ) 
 (  0.001292  0.000000  0.000736  0.000000 -0.004956  0.000000 ) 
 ( -0.048910  0.000000 -0.254675  0.000000  0.030084  0.000000 ) 
 ( -0.048772  0.000000 -0.253493  0.000000  0.068912  0.000000 ) 
 ( -0.009130  0.000000  0.046309  0.000000  0.258606  0.000000 ) 
 (  0.009843  0.000000 -0.052396  0.000000 -0.251064  0.000000 ) 
 (  0.194352  0.000000 -0.126227  0.000000 -0.022357  0.000000 ) 
 (  0.193104  0.000000 -0.125506  0.000000 -0.052153  0.000000 ) 
 ( -0.034415  0.000000 -0.022593  0.000000  0.194698  0.000000 ) 
 (  0.040843  0.000000  0.026303  0.000000 -0.188911  0.000000 ) 
 (  0.102123  0.000000 -0.213856  0.000000  0.169313  0.000000 ) 
 (  0.178104  0.000000 -0.190958  0.000000 -0.171733  0.000000 ) 
 (  0.222804  0.000000 -0.019629  0.000000 -0.039351  0.000000 ) 
 (  0.168374  0.000000 -0.098259  0.000000 -0.026893  0.000000 ) 
 ( -0.070329  0.000000  0.220226  0.000000 -0.166213  0.000000 ) 
 ( -0.148153  0.000000  0.201360  0.000000  0.171833  0.000000 ) 
 ( -0.221551  0.000000  0.007619  0.000000  0.047297  0.000000 ) 
 ( -0.179114  0.000000  0.089506  0.000000  0.018364  0.000000 ) 
     freq (   44) =      35.844117 [THz] =    1195.631056 [cm-1]
 (  0.000006 -0.000000  0.000002 -0.000000  0.000000 -0.000000 ) 
 ( -0.000030  0.000000  0.000010  0.000000 -0.000000  0.000000 ) 
 (  0.001068 -0.000000 -0.000292  0.000000  0.005101  0.000000 ) 
 (  0.001292  0.000000 -0.000736  0.000000  0.004956 -0.000000 ) 
 (  0.006095 -0.000000  0.002690 -0.000000  0.000603  0.000000 ) 
 ( -0.006052  0.000000 -0.002604  0.000000 -0.001350  0.000000 ) 
 ( -0.009130  0.000000 -0.046309  0.000000 -0.258606  0.000000 ) 
 ( -0.009843  0.000000 -0.052396  0.000000 -0.251064  0.000000 ) 
 (  0.048910 -0.000000 -0.254675  0.000000  0.030084  0.000000 ) 
 ( -0.048772  0.000000  0.253493  0.000000 -0.068912  0.000000 ) 
 (  0.034415 -0.000000 -0.022593  0.000000  0.194698  0.000000 ) 
 (  0.040843  0.000000 -0.026303  0.000000  0.188911 -0.000000 ) 
 (  0.194352 -0.000000  0.126227 -0.000000  0.022357  0.000000 ) 
 ( -0.193104  0.000000 -0.125506  0.000000 -0.052153  0.000000 ) 
 (  0.222804 -0.000000  0.019629  0.000000  0.039351 -0.000000 ) 
 ( -0.168374  0.000000 -0.098259  0.000000 -0.026893  0.000000 ) 
 ( -0.102123  0.000000 -0.213856  0.000000  0.169313 -0.000000 ) 
 (  0.178104  0.000000  0.190958  0.000000  0.171733  0.000000 ) 
 ( -0.221551  0.000000 -0.007619  0.000000 -0.047297  0.000000 ) 
 (  0.179114  0.000000  0.089506 -0.000000  0.018364 -0.000000 ) 
 (  0.070329  0.000000  0.220226  0.000000 -0.166213  0.000000 ) 
 ( -0.148153  0.000000 -0.201360  0.000000 -0.171833  0.000000 ) 
     freq (   45) =      35.998317 [THz] =    1200.774604 [cm-1]
 ( -0.000481  0.000000 -0.000275  0.000000 -0.000461  0.000000 ) 
 ( -0.000544  0.000000  0.000310  0.000000 -0.000408  0.000000 ) 
 ( -0.001050  0.000000  0.000781  0.000000 -0.005246  0.000000 ) 
 (  0.001667  0.000000 -0.000731  0.000000  0.005008  0.000000 ) 
 ( -0.001551  0.000000 -0.000641  0.000000 -0.005689  0.000000 ) 
 ( -0.000854  0.000000 -0.000697  0.000000 -0.005899  0.000000 ) 
 (  0.001809  0.000000  0.015359  0.000000  0.267474  0.000000 ) 
 ( -0.008939  0.000000 -0.050083  0.000000 -0.274742  0.000000 ) 
 ( -0.008784  0.000000  0.048575  0.000000 -0.309602  0.000000 ) 
 ( -0.000726  0.000000  0.009332  0.000000 -0.303171  0.000000 ) 
 ( -0.008059  0.000000  0.004801  0.000000 -0.204117  0.000000 ) 
 (  0.034513  0.000000 -0.021876  0.000000  0.213297  0.000000 ) 
 ( -0.033783  0.000000 -0.021451  0.000000 -0.239926  0.000000 ) 
 ( -0.003887  0.000000 -0.002154  0.000000 -0.231804  0.000000 ) 
 ( -0.221978  0.000000 -0.043381  0.000000 -0.023009  0.000000 ) 
 ( -0.187437  0.000000 -0.099776  0.000000 -0.023923  0.000000 ) 
 ( -0.216064  0.000000  0.105844  0.000000 -0.021280  0.000000 ) 
 (  0.246628  0.000000 -0.055942  0.000000  0.020247  0.000000 ) 
 ( -0.244167  0.000000 -0.019774  0.000000 -0.044268  0.000000 ) 
 ( -0.195503  0.000000 -0.070930  0.000000 -0.003406  0.000000 ) 
 ( -0.226911  0.000000  0.073887  0.000000  0.001998  0.000000 ) 
 (  0.269972  0.000000 -0.028621  0.000000  0.044182  0.000000 ) 
     freq (   46) =      35.998317 [THz] =    1200.774604 [cm-1]
 ( -0.000544  0.000000 -0.000310  0.000000  0.000408  0.000000 ) 
 (  0.000481  0.000000 -0.000275  0.000000 -0.000461  0.000000 ) 
 (  0.001551  0.000000 -0.000641  0.000000 -0.005689  0.000000 ) 
 ( -0.000854  0.000000  0.000697  0.000000  0.005899  0.000000 ) 
 ( -0.001050  0.000000 -0.000781  0.000000  0.005246  0.000000 ) 
 ( -0.001667  0.000000 -0.000731  0.000000  0.005008  0.000000 ) 
 ( -0.008784  0.000000 -0.048575  0.000000  0.309602  0.000000 ) 
 (  0.000726  0.000000  0.009332  0.000000 -0.303171  0.000000 ) 
 ( -0.001809  0.000000  0.015359  0.000000  0.267474  0.000000 ) 
 ( -0.008939  0.000000  0.050083  0.000000  0.274742  0.000000 ) 
 (  0.033783  0.000000 -0.021451  0.000000 -0.239926  0.000000 ) 
 ( -0.003887  0.000000  0.002154  0.000000  0.231804  0.000000 ) 
 ( -0.008059  0.000000 -0.004801  0.000000  0.204117  0.000000 ) 
 ( -0.034513  0.000000 -0.021876  0.000000  0.213297  0.000000 ) 
 ( -0.216064  0.000000 -0.105844  0.000000  0.021280  0.000000 ) 
 ( -0.246628  0.000000 -0.055942  0.000000  0.020247  0.000000 ) 
 (  0.221978  0.000000 -0.043381  0.000000 -0.023009  0.000000 ) 
 ( -0.187437  0.000000  0.099776  0.000000  0.023923  0.000000 ) 
 ( -0.226911  0.000000 -0.073887  0.000000 -0.001998  0.000000 ) 
 ( -0.269972  0.000000 -0.028621  0.000000  0.044182  0.000000 ) 
 (  0.244167  0.000000 -0.019774  0.000000 -0.044268  0.000000 ) 
 ( -0.195503  0.000000  0.070930  0.000000  0.003406  0.000000 ) 
     freq (   47) =      36.101442 [THz] =    1204.214485 [cm-1]
 ( -0.000051  0.000000 -0.000055  0.000000  0.000008  0.000000 ) 
 (  0.000008  0.000000 -0.000009  0.000000 -0.000049  0.000000 ) 
 ( -0.001805  0.000000 -0.000200  0.000000  0.000175  0.000000 ) 
 ( -0.001841  0.000000 -0.000181  0.000000  0.001222  0.000000 ) 
 ( -0.000407  0.000000 -0.000030  0.000000  0.004406  0.000000 ) 
 (  0.000182  0.000000 -0.000091  0.000000 -0.004237  0.000000 ) 
 (  0.043941  0.000000  0.210942  0.000000 -0.025858  0.000000 ) 
 (  0.043984  0.000000  0.211395  0.000000 -0.074763  0.000000 ) 
 ( -0.007237  0.000000  0.035532  0.000000  0.315237  0.000000 ) 
 (  0.006974  0.000000 -0.032727  0.000000 -0.307333  0.000000 ) 
 ( -0.170163  0.000000  0.109283  0.000000  0.024432  0.000000 ) 
 ( -0.170166  0.000000  0.109365  0.000000  0.059516  0.000000 ) 
 ( -0.027511  0.000000 -0.017922  0.000000  0.262541  0.000000 ) 
 (  0.027494  0.000000  0.017416  0.000000 -0.256871  0.000000 ) 
 ( -0.063961  0.000000  0.169575  0.000000 -0.126462  0.000000 ) 
 ( -0.144527  0.000000  0.145889  0.000000  0.130029  0.000000 ) 
 (  0.266092  0.000000 -0.047782  0.000000 -0.031763  0.000000 ) 
 (  0.232395  0.000000 -0.098767  0.000000 -0.009691  0.000000 ) 
 (  0.027079  0.000000 -0.179383  0.000000  0.124463  0.000000 ) 
 (  0.106733  0.000000 -0.155170  0.000000 -0.127523  0.000000 ) 
 ( -0.257237  0.000000  0.047870  0.000000  0.029830  0.000000 ) 
 ( -0.235610  0.000000  0.101941  0.000000  0.010896  0.000000 ) 
     freq (   48) =      36.101442 [THz] =    1204.214485 [cm-1]
 (  0.000008  0.000000  0.000009  0.000000  0.000049  0.000000 ) 
 (  0.000051  0.000000 -0.000055  0.000000  0.000008  0.000000 ) 
 (  0.000407  0.000000 -0.000030  0.000000  0.004406  0.000000 ) 
 (  0.000182  0.000000  0.000091  0.000000  0.004237  0.000000 ) 
 ( -0.001805  0.000000  0.000200  0.000000 -0.000175  0.000000 ) 
 (  0.001841  0.000000 -0.000181  0.000000  0.001222  0.000000 ) 
 ( -0.007237  0.000000 -0.035532  0.000000 -0.315237  0.000000 ) 
 ( -0.006974  0.000000 -0.032727  0.000000 -0.307333  0.000000 ) 
 ( -0.043941  0.000000  0.210942  0.000000 -0.025858  0.000000 ) 
 (  0.043984  0.000000 -0.211395  0.000000  0.074763  0.000000 ) 
 (  0.027511  0.000000 -0.017922  0.000000  0.262541  0.000000 ) 
 (  0.027494  0.000000 -0.017416  0.000000  0.256871  0.000000 ) 
 ( -0.170163  0.000000 -0.109283  0.000000 -0.024432  0.000000 ) 
 (  0.170166  0.000000  0.109365  0.000000  0.059516  0.000000 ) 
 (  0.266092  0.000000  0.047782  0.000000  0.031763  0.000000 ) 
 ( -0.232395  0.000000 -0.098767  0.000000 -0.009691  0.000000 ) 
 (  0.063961  0.000000  0.169575  0.000000 -0.126462  0.000000 ) 
 ( -0.144527  0.000000 -0.145889  0.000000 -0.130029  0.000000 ) 
 ( -0.257237  0.000000 -0.047870  0.000000 -0.029830  0.000000 ) 
 (  0.235610  0.000000  0.101941  0.000000  0.010896  0.000000 ) 
 ( -0.027079  0.000000 -0.179383  0.000000  0.124463  0.000000 ) 
 (  0.106733  0.000000  0.155170  0.000000  0.127523  0.000000 ) 
     freq (   49) =      36.199274 [THz] =    1207.477813 [cm-1]
 ( -0.000333  0.000000 -0.000095  0.000000 -0.000348  0.000000 ) 
 ( -0.000213  0.000000  0.000061 -0.000000 -0.000543  0.000000 ) 
 ( -0.002958  0.000000  0.001094  0.000000  0.001064 -0.000000 ) 
 (  0.003035 -0.000000 -0.000887  0.000000 -0.001102  0.000000 ) 
 ( -0.004704  0.000000 -0.001480  0.000000  0.000723 -0.000000 ) 
 ( -0.004655  0.000000 -0.001613  0.000000  0.000664  0.000000 ) 
 (  0.034121  0.000000  0.176012  0.000000 -0.046396  0.000000 ) 
 ( -0.034993  0.000000 -0.178858  0.000000  0.049695  0.000000 ) 
 ( -0.054241  0.000000  0.277984  0.000000  0.033344 -0.000000 ) 
 ( -0.053683  0.000000  0.276161 -0.000000  0.028192  0.000000 ) 
 ( -0.137936  0.000000  0.089847  0.000000  0.034150 -0.000000 ) 
 (  0.140571 -0.000000 -0.091206  0.000000 -0.037984  0.000000 ) 
 ( -0.218294  0.000000 -0.141796  0.000000  0.026090 -0.000000 ) 
 ( -0.216607  0.000000 -0.140926  0.000000  0.020103  0.000000 ) 
 ( -0.046654  0.000000  0.152799 -0.000000 -0.114455  0.000000 ) 
 (  0.120100  0.000000 -0.134896  0.000000 -0.119264  0.000000 ) 
 (  0.153714  0.000000  0.218892  0.000000 -0.184021  0.000000 ) 
 (  0.106680 -0.000000  0.230357 -0.000000  0.180942 -0.000000 ) 
 ( -0.044102  0.000000  0.155584  0.000000 -0.115870  0.000000 ) 
 (  0.116578 -0.000000 -0.134553  0.000000 -0.118061  0.000000 ) 
 (  0.148661 -0.000000  0.219797 -0.000000 -0.183349  0.000000 ) 
 (  0.102248  0.000000  0.233265  0.000000  0.181945  0.000000 ) 
     freq (   50) =      36.199274 [THz] =    1207.477813 [cm-1]
 (  0.000213  0.000000  0.000061  0.000000 -0.000543  0.000000 ) 
 ( -0.000333  0.000000  0.000095  0.000000  0.000348  0.000000 ) 
 ( -0.004704  0.000000  0.001480  0.000000 -0.000723  0.000000 ) 
 (  0.004655  0.000000 -0.001613  0.000000  0.000664  0.000000 ) 
 (  0.002958  0.000000  0.001094  0.000000  0.001064  0.000000 ) 
 (  0.003035  0.000000  0.000887  0.000000  0.001102  0.000000 ) 
 (  0.054241  0.000000  0.277984  0.000000  0.033344  0.000000 ) 
 ( -0.053683  0.000000 -0.276161  0.000000 -0.028192  0.000000 ) 
 (  0.034121  0.000000 -0.176012  0.000000  0.046396  0.000000 ) 
 (  0.034993  0.000000 -0.178858  0.000000  0.049695  0.000000 ) 
 ( -0.218294  0.000000  0.141796  0.000000 -0.026090  0.000000 ) 
 (  0.216607  0.000000 -0.140926  0.000000  0.020103  0.000000 ) 
 (  0.137936  0.000000  0.089847  0.000000  0.034150  0.000000 ) 
 (  0.140571  0.000000  0.091206  0.000000  0.037984  0.000000 ) 
 ( -0.153714  0.000000  0.218892  0.000000 -0.184021  0.000000 ) 
 (  0.106680  0.000000 -0.230357  0.000000 -0.180942  0.000000 ) 
 ( -0.046654  0.000000 -0.152799  0.000000  0.114455  0.000000 ) 
 ( -0.120100  0.000000 -0.134896  0.000000 -0.119264  0.000000 ) 
 ( -0.148661  0.000000  0.219797  0.000000 -0.183349  0.000000 ) 
 (  0.102248  0.000000 -0.233265  0.000000 -0.181945  0.000000 ) 
 ( -0.044102  0.000000 -0.155584  0.000000  0.115870  0.000000 ) 
 ( -0.116578  0.000000 -0.134553  0.000000 -0.118061  0.000000 ) 
     freq (   51) =      68.310094 [THz] =    2278.579472 [cm-1]
 (  0.000014  0.000000  0.000004  0.000000 -0.000106  0.000000 ) 
 ( -0.000120  0.000000  0.000037  0.000000  0.000013  0.000000 ) 
 ( -0.009204  0.000000 -0.017755  0.000000  0.000141  0.000000 ) 
 (  0.008965  0.000000  0.017322  0.000000  0.000147  0.000000 ) 
 (  0.000096  0.000000 -0.000302  0.000000  0.000040  0.000000 ) 
 (  0.002085  0.000000 -0.003909  0.000000  0.000005  0.000000 ) 
 ( -0.281096  0.000000  0.052029  0.000000 -0.000578  0.000000 ) 
 (  0.273816  0.000000 -0.050680  0.000000 -0.000742  0.000000 ) 
 ( -0.002985  0.000000 -0.000547  0.000000  0.000762  0.000000 ) 
 ( -0.063626  0.000000 -0.011782  0.000000  0.000603  0.000000 ) 
 (  0.286071  0.000000  0.444832  0.000000  0.000098  0.000000 ) 
 ( -0.278845  0.000000 -0.433509  0.000000 -0.000037  0.000000 ) 
 ( -0.003808  0.000000  0.005553  0.000000 -0.000560  0.000000 ) 
 ( -0.064004  0.000000  0.099882  0.000000 -0.000568  0.000000 ) 
 ( -0.049880  0.000000  0.145031  0.000000  0.214145  0.000000 ) 
 (  0.048778  0.000000 -0.141478  0.000000  0.208983  0.000000 ) 
 ( -0.001332  0.000000 -0.002394  0.000000 -0.003893  0.000000 ) 
 ( -0.010511  0.000000 -0.031999  0.000000  0.046899  0.000000 ) 
 ( -0.047878  0.000000  0.140236  0.000000  0.207025  0.000000 ) 
 (  0.049460  0.000000 -0.144314  0.000000  0.213151  0.000000 ) 
 ( -0.012431  0.000000 -0.034065  0.000000 -0.050736  0.000000 ) 
 (  0.000747  0.000000 -0.000092  0.000000 -0.000298  0.000000 ) 
     freq (   52) =      68.310094 [THz] =    2278.579472 [cm-1]
 ( -0.000120  0.000000 -0.000037  0.000000 -0.000013  0.000000 ) 
 ( -0.000014  0.000000  0.000004  0.000000 -0.000106  0.000000 ) 
 ( -0.000096  0.000000 -0.000302  0.000000  0.000040  0.000000 ) 
 (  0.002085  0.000000  0.003909  0.000000 -0.000005  0.000000 ) 
 ( -0.009204  0.000000  0.017755  0.000000 -0.000141  0.000000 ) 
 ( -0.008965  0.000000  0.017322  0.000000  0.000147  0.000000 ) 
 ( -0.002985  0.000000  0.000547  0.000000 -0.000762  0.000000 ) 
 (  0.063626  0.000000 -0.011782  0.000000  0.000603  0.000000 ) 
 (  0.281096  0.000000  0.052029  0.000000 -0.000578  0.000000 ) 
 (  0.273816  0.000000  0.050680  0.000000  0.000742  0.000000 ) 
 (  0.003808  0.000000  0.005553  0.000000 -0.000560  0.000000 ) 
 ( -0.064004  0.000000 -0.099882  0.000000  0.000568  0.000000 ) 
 (  0.286071  0.000000 -0.444832  0.000000 -0.000098  0.000000 ) 
 (  0.278845  0.000000 -0.433509  0.000000 -0.000037  0.000000 ) 
 ( -0.001332  0.000000  0.002394  0.000000  0.003893  0.000000 ) 
 (  0.010511  0.000000 -0.031999  0.000000  0.046899  0.000000 ) 
 (  0.049880  0.000000  0.145031  0.000000  0.214145  0.000000 ) 
 (  0.048778  0.000000  0.141478  0.000000 -0.208983  0.000000 ) 
 ( -0.012431  0.000000  0.034065  0.000000  0.050736  0.000000 ) 
 ( -0.000747  0.000000 -0.000092  0.000000 -0.000298  0.000000 ) 
 (  0.047878  0.000000  0.140236  0.000000  0.207025  0.000000 ) 
 (  0.049460  0.000000  0.144314  0.000000 -0.213151  0.000000 ) 
     freq (   53) =      68.320969 [THz] =    2278.942227 [cm-1]
 (  0.000006  0.000000  0.000003  0.000000  0.000001  0.000000 ) 
 (  0.000001  0.000000 -0.000001  0.000000  0.000004  0.000000 ) 
 (  0.008342  0.000000  0.018979  0.000000  0.000076  0.000000 ) 
 (  0.007845  0.000000  0.018342  0.000000  0.000114  0.000000 ) 
 ( -0.000213  0.000000  0.001839  0.000000 -0.000507  0.000000 ) 
 (  0.002845  0.000000 -0.005212  0.000000  0.000500  0.000000 ) 
 (  0.288739  0.000000 -0.053946  0.000000 -0.000158  0.000000 ) 
 (  0.278581  0.000000 -0.052066  0.000000  0.000492  0.000000 ) 
 (  0.026703  0.000000  0.005037  0.000000  0.000945  0.000000 ) 
 ( -0.080474  0.000000 -0.014990  0.000000 -0.000822  0.000000 ) 
 ( -0.286411  0.000000 -0.443822  0.000000  0.000257  0.000000 ) 
 ( -0.274875  0.000000 -0.425950  0.000000  0.000341  0.000000 ) 
 (  0.022487  0.000000 -0.034856  0.000000 -0.001591  0.000000 ) 
 ( -0.083550  0.000000  0.129459  0.000000  0.001575  0.000000 ) 
 (  0.048806  0.000000 -0.140781  0.000000 -0.207529  0.000000 ) 
 (  0.047175  0.000000 -0.135371  0.000000  0.199736  0.000000 ) 
 (  0.004749  0.000000  0.011767  0.000000  0.017843  0.000000 ) 
 ( -0.013384  0.000000 -0.040403  0.000000  0.059097  0.000000 ) 
 ( -0.046728  0.000000  0.134678  0.000000  0.198100  0.000000 ) 
 ( -0.049237  0.000000  0.141396  0.000000 -0.208452  0.000000 ) 
 ( -0.015706  0.000000 -0.043859  0.000000 -0.065800  0.000000 ) 
 (  0.002424  0.000000  0.008297  0.000000 -0.011005  0.000000 ) 
     freq (   54) =      68.320969 [THz] =    2278.942227 [cm-1]
 (  0.000001  0.000000  0.000001  0.000000 -0.000004  0.000000 ) 
 ( -0.000006  0.000000  0.000003  0.000000  0.000001  0.000000 ) 
 (  0.000213  0.000000  0.001839  0.000000 -0.000507  0.000000 ) 
 (  0.002845  0.000000  0.005212  0.000000 -0.000500  0.000000 ) 
 (  0.008342  0.000000 -0.018979  0.000000 -0.000076  0.000000 ) 
 ( -0.007845  0.000000  0.018342  0.000000  0.000114  0.000000 ) 
 (  0.026703  0.000000 -0.005037  0.000000 -0.000945  0.000000 ) 
 (  0.080474  0.000000 -0.014990  0.000000 -0.000822  0.000000 ) 
 ( -0.288739  0.000000 -0.053946  0.000000 -0.000158  0.000000 ) 
 (  0.278581  0.000000  0.052066  0.000000 -0.000492  0.000000 ) 
 ( -0.022487  0.000000 -0.034856  0.000000 -0.001591  0.000000 ) 
 ( -0.083550  0.000000 -0.129459  0.000000 -0.001575  0.000000 ) 
 ( -0.286411  0.000000  0.443822  0.000000 -0.000257  0.000000 ) 
 (  0.274875  0.000000 -0.425950  0.000000  0.000341  0.000000 ) 
 (  0.004749  0.000000 -0.011767  0.000000 -0.017843  0.000000 ) 
 (  0.013384  0.000000 -0.040403  0.000000  0.059097  0.000000 ) 
 ( -0.048806  0.000000 -0.140781  0.000000 -0.207529  0.000000 ) 
 (  0.047175  0.000000  0.135371  0.000000 -0.199736  0.000000 ) 
 ( -0.015706  0.000000  0.043859  0.000000  0.065800  0.000000 ) 
 ( -0.002424  0.000000  0.008297  0.000000 -0.011005  0.000000 ) 
 (  0.046728  0.000000  0.134678  0.000000  0.198100  0.000000 ) 
 ( -0.049237  0.000000 -0.141396  0.000000  0.208452  0.000000 ) 
     freq (   55) =      70.061669 [THz] =    2337.005725 [cm-1]
 ( -0.000019  0.000000 -0.000077  0.000000  0.000004  0.000000 ) 
 (  0.000001  0.000000 -0.000002  0.000000 -0.000155  0.000000 ) 
 ( -0.002054  0.000000 -0.002886  0.000000 -0.002370  0.000000 ) 
 (  0.000610  0.000000 -0.000491  0.000000  0.002372  0.000000 ) 
 (  0.049605  0.000000 -0.044563  0.000000  0.000108  0.000000 ) 
 (  0.049643  0.000000 -0.044653  0.000000  0.000020  0.000000 ) 
 (  0.016562  0.000000 -0.004623  0.000000 -0.001728  0.000000 ) 
 ( -0.006503  0.000000  0.001207  0.000000  0.001721  0.000000 ) 
 (  0.429424  0.000000  0.108527  0.000000  0.000079  0.000000 ) 
 (  0.429694  0.000000  0.108619  0.000000 -0.000171  0.000000 ) 
 (  0.013160  0.000000  0.020525  0.000000  0.001013  0.000000 ) 
 (  0.000619  0.000000  0.000523  0.000000 -0.001014  0.000000 ) 
 ( -0.233371  0.000000  0.372228  0.000000 -0.000038  0.000000 ) 
 ( -0.233741  0.000000  0.372793  0.000000 -0.000016  0.000000 ) 
 (  0.006165  0.000000 -0.015617  0.000000 -0.023583  0.000000 ) 
 (  0.002917  0.000000 -0.009613  0.000000  0.013406  0.000000 ) 
 (  0.060367  0.000000  0.111478  0.000000  0.189037  0.000000 ) 
 (  0.060611  0.000000  0.112156  0.000000 -0.190030  0.000000 ) 
 (  0.001781  0.000000 -0.006306  0.000000 -0.008268  0.000000 ) 
 ( -0.001471  0.000000 -0.000264  0.000000 -0.001978  0.000000 ) 
 (  0.060546  0.000000  0.112445  0.000000  0.190725  0.000000 ) 
 (  0.060554  0.000000  0.112621  0.000000 -0.190894  0.000000 ) 
     freq (   56) =      70.061669 [THz] =    2337.005725 [cm-1]
 (  0.000001  0.000000  0.000002  0.000000  0.000155  0.000000 ) 
 (  0.000019  0.000000 -0.000077  0.000000  0.000004  0.000000 ) 
 ( -0.049605  0.000000 -0.044563  0.000000  0.000108  0.000000 ) 
 (  0.049643  0.000000  0.044653  0.000000 -0.000020  0.000000 ) 
 ( -0.002054  0.000000  0.002886  0.000000  0.002370  0.000000 ) 
 ( -0.000610  0.000000 -0.000491  0.000000  0.002372  0.000000 ) 
 (  0.429424  0.000000 -0.108527  0.000000 -0.000079  0.000000 ) 
 ( -0.429694  0.000000  0.108619  0.000000 -0.000171  0.000000 ) 
 ( -0.016562  0.000000 -0.004623  0.000000 -0.001728  0.000000 ) 
 ( -0.006503  0.000000 -0.001207  0.000000 -0.001721  0.000000 ) 
 (  0.233371  0.000000  0.372228  0.000000 -0.000038  0.000000 ) 
 ( -0.233741  0.000000 -0.372793  0.000000  0.000016  0.000000 ) 
 (  0.013160  0.000000 -0.020525  0.000000 -0.001013  0.000000 ) 
 ( -0.000619  0.000000  0.000523  0.000000 -0.001014  0.000000 ) 
 (  0.060367  0.000000 -0.111478  0.000000 -0.189037  0.000000 ) 
 ( -0.060611  0.000000  0.112156  0.000000 -0.190030  0.000000 ) 
 ( -0.006165  0.000000 -0.015617  0.000000 -0.023583  0.000000 ) 
 (  0.002917  0.000000  0.009613  0.000000 -0.013406  0.000000 ) 
 (  0.060546  0.000000 -0.112445  0.000000 -0.190725  0.000000 ) 
 ( -0.060554  0.000000  0.112621  0.000000 -0.190894  0.000000 ) 
 ( -0.001781  0.000000 -0.006306  0.000000 -0.008268  0.000000 ) 
 ( -0.001471  0.000000  0.000264  0.000000  0.001978  0.000000 ) 
     freq (   57) =      70.184842 [THz] =    2341.114325 [cm-1]
 (  0.000001  0.000000  0.000000  0.000000  0.000005  0.000000 ) 
 (  0.000005  0.000000 -0.000000  0.000000  0.000001  0.000000 ) 
 (  0.008258  0.000000  0.011796  0.000000  0.008970  0.000000 ) 
 (  0.006290  0.000000  0.009012  0.000000  0.008917  0.000000 ) 
 ( -0.036947  0.000000  0.052848  0.000000 -0.001615  0.000000 ) 
 (  0.037332  0.000000 -0.053394  0.000000  0.001888  0.000000 ) 
 ( -0.069764  0.000000  0.019001  0.000000  0.002523  0.000000 ) 
 ( -0.051617  0.000000  0.014229  0.000000  0.002520  0.000000 ) 
 ( -0.308097  0.000000 -0.084366  0.000000  0.000485  0.000000 ) 
 (  0.311651  0.000000  0.085301  0.000000 -0.000503  0.000000 ) 
 ( -0.051797  0.000000 -0.081416  0.000000  0.003799  0.000000 ) 
 ( -0.040238  0.000000 -0.062852  0.000000  0.003779  0.000000 ) 
 (  0.233827  0.000000 -0.366487  0.000000 -0.000690  0.000000 ) 
 ( -0.236091  0.000000  0.370123  0.000000  0.000794  0.000000 ) 
 ( -0.027996  0.000000  0.067653  0.000000  0.104273  0.000000 ) 
 (  0.000582  0.000000 -0.009400  0.000000  0.007364  0.000000 ) 
 ( -0.067187  0.000000 -0.141169  0.000000 -0.236468  0.000000 ) 
 (  0.072784  0.000000  0.156260  0.000000 -0.258333  0.000000 ) 
 (  0.023938  0.000000 -0.059032  0.000000 -0.089788  0.000000 ) 
 (  0.003373  0.000000  0.001134  0.000000  0.006532  0.000000 ) 
 (  0.067710  0.000000  0.141917  0.000000  0.237745  0.000000 ) 
 ( -0.071738  0.000000 -0.153700  0.000000  0.254051  0.000000 ) 
     freq (   58) =      70.184842 [THz] =    2341.114325 [cm-1]
 ( -0.000005  0.000000 -0.000000  0.000000  0.000001  0.000000 ) 
 (  0.000001  0.000000 -0.000000  0.000000 -0.000005  0.000000 ) 
 ( -0.036947  0.000000 -0.052848  0.000000  0.001615  0.000000 ) 
 ( -0.037332  0.000000 -0.053394  0.000000  0.001888  0.000000 ) 
 ( -0.008258  0.000000  0.011796  0.000000  0.008970  0.000000 ) 
 (  0.006290  0.000000 -0.009012  0.000000 -0.008917  0.000000 ) 
 (  0.308097  0.000000 -0.084366  0.000000  0.000485  0.000000 ) 
 (  0.311651  0.000000 -0.085301  0.000000  0.000503  0.000000 ) 
 ( -0.069764  0.000000 -0.019001  0.000000 -0.002523  0.000000 ) 
 (  0.051617  0.000000  0.014229  0.000000  0.002520  0.000000 ) 
 (  0.233827  0.000000  0.366487  0.000000  0.000690  0.000000 ) 
 (  0.236091  0.000000  0.370123  0.000000  0.000794  0.000000 ) 
 (  0.051797  0.000000 -0.081416  0.000000  0.003799  0.000000 ) 
 ( -0.040238  0.000000  0.062852  0.000000 -0.003779  0.000000 ) 
 (  0.067187  0.000000 -0.141169  0.000000 -0.236468  0.000000 ) 
 (  0.072784  0.000000 -0.156260  0.000000  0.258333  0.000000 ) 
 ( -0.027996  0.000000 -0.067653  0.000000 -0.104273  0.000000 ) 
 ( -0.000582  0.000000 -0.009400  0.000000  0.007364  0.000000 ) 
 ( -0.067710  0.000000  0.141917  0.000000  0.237745  0.000000 ) 
 ( -0.071738  0.000000  0.153700  0.000000 -0.254051  0.000000 ) 
 (  0.023938  0.000000  0.059032  0.000000  0.089788  0.000000 ) 
 ( -0.003373  0.000000  0.001134  0.000000  0.006532  0.000000 ) 
     freq (   59) =      70.654910 [THz] =    2356.794127 [cm-1]
 ( -0.000048  0.000000 -0.000010  0.000000 -0.000135  0.000000 ) 
 (  0.000036  0.000000 -0.000007  0.000000  0.000180  0.000000 ) 
 ( -0.020984  0.000000  0.024578  0.000000 -0.012075  0.000000 ) 
 (  0.034352  0.000000 -0.033288  0.000000  0.009267  0.000000 ) 
 (  0.041931  0.000000  0.041874  0.000000  0.006123  0.000000 ) 
 (  0.031915  0.000000  0.035347  0.000000  0.009870  0.000000 ) 
 (  0.203837  0.000000 -0.037737  0.000000 -0.004375  0.000000 ) 
 ( -0.331198  0.000000  0.063904  0.000000  0.002973  0.000000 ) 
 (  0.404719  0.000000  0.077624  0.000000 -0.001818  0.000000 ) 
 (  0.309282  0.000000  0.058016  0.000000 -0.003689  0.000000 ) 
 ( -0.039656  0.000000 -0.044909  0.000000 -0.002730  0.000000 ) 
 (  0.043927  0.000000  0.042780  0.000000  0.002171  0.000000 ) 
 (  0.057370  0.000000 -0.057712  0.000000  0.001464  0.000000 ) 
 (  0.054170  0.000000 -0.059308  0.000000  0.002209  0.000000 ) 
 ( -0.016591  0.000000  0.048171  0.000000  0.084256  0.000000 ) 
 (  0.056514  0.000000 -0.163161  0.000000  0.256225  0.000000 ) 
 ( -0.063738  0.000000 -0.184094  0.000000 -0.291617  0.000000 ) 
 ( -0.033821  0.000000 -0.097926  0.000000  0.162752  0.000000 ) 
 ( -0.031586  0.000000  0.093552  0.000000  0.155994  0.000000 ) 
 (  0.049021  0.000000 -0.138271  0.000000  0.214477  0.000000 ) 
 ( -0.060317  0.000000 -0.171438  0.000000 -0.269107  0.000000 ) 
 ( -0.047252  0.000000 -0.137928  0.000000  0.225283  0.000000 ) 
     freq (   60) =      70.654910 [THz] =    2356.794127 [cm-1]
 (  0.000036  0.000000  0.000007  0.000000 -0.000180  0.000000 ) 
 (  0.000048  0.000000 -0.000010  0.000000 -0.000135  0.000000 ) 
 ( -0.041931  0.000000  0.041874  0.000000  0.006123  0.000000 ) 
 (  0.031915  0.000000 -0.035347  0.000000 -0.009870  0.000000 ) 
 ( -0.020984  0.000000 -0.024578  0.000000  0.012075  0.000000 ) 
 ( -0.034352  0.000000 -0.033288  0.000000  0.009267  0.000000 ) 
 (  0.404719  0.000000 -0.077624  0.000000  0.001818  0.000000 ) 
 ( -0.309282  0.000000  0.058016  0.000000 -0.003689  0.000000 ) 
 ( -0.203837  0.000000 -0.037737  0.000000 -0.004375  0.000000 ) 
 ( -0.331198  0.000000 -0.063904  0.000000 -0.002973  0.000000 ) 
 ( -0.057370  0.000000 -0.057712  0.000000  0.001464  0.000000 ) 
 (  0.054170  0.000000  0.059308  0.000000 -0.002209  0.000000 ) 
 ( -0.039656  0.000000  0.044909  0.000000  0.002730  0.000000 ) 
 ( -0.043927  0.000000  0.042780  0.000000  0.002171  0.000000 ) 
 ( -0.063738  0.000000  0.184094  0.000000  0.291617  0.000000 ) 
 (  0.033821  0.000000 -0.097926  0.000000  0.162752  0.000000 ) 
 (  0.016591  0.000000  0.048171  0.000000  0.084256  0.000000 ) 
 (  0.056514  0.000000  0.163161  0.000000 -0.256225  0.000000 ) 
 ( -0.060317  0.000000  0.171438  0.000000  0.269107  0.000000 ) 
 (  0.047252  0.000000 -0.137928  0.000000  0.225283  0.000000 ) 
 (  0.031586  0.000000  0.093552  0.000000  0.155994  0.000000 ) 
 (  0.049021  0.000000  0.138271  0.000000 -0.214477  0.000000 ) 
     freq (   61) =      70.675341 [THz] =    2357.475611 [cm-1]
 ( -0.000002  0.000000 -0.000000  0.000000 -0.000026  0.000000 ) 
 (  0.000012  0.000000 -0.000002  0.000000  0.000004  0.000000 ) 
 ( -0.015245  0.000000  0.012617  0.000000  0.015225  0.000000 ) 
 ( -0.001246  0.000000 -0.001098  0.000000  0.015858  0.000000 ) 
 ( -0.053216  0.000000 -0.036874  0.000000  0.004444  0.000000 ) 
 (  0.055342  0.000000  0.038957  0.000000 -0.000278  0.000000 ) 
 (  0.145633  0.000000 -0.029123  0.000000  0.006225  0.000000 ) 
 (  0.008331  0.000000 -0.002455  0.000000  0.006347  0.000000 ) 
 ( -0.496346  0.000000 -0.101915  0.000000 -0.001358  0.000000 ) 
 (  0.517203  0.000000  0.105965  0.000000  0.000552  0.000000 ) 
 ( -0.012398  0.000000 -0.008640  0.000000  0.003025  0.000000 ) 
 (  0.007152  0.000000  0.011552  0.000000  0.003174  0.000000 ) 
 ( -0.015782  0.000000 -0.011119  0.000000  0.000963  0.000000 ) 
 (  0.018751  0.000000  0.008052  0.000000  0.000021  0.000000 ) 
 ( -0.037320  0.000000  0.105077  0.000000  0.160647  0.000000 ) 
 (  0.022370  0.000000 -0.059471  0.000000  0.086708  0.000000 ) 
 (  0.044675  0.000000  0.137613  0.000000  0.224584  0.000000 ) 
 ( -0.053742  0.000000 -0.162609  0.000000  0.262158  0.000000 ) 
 (  0.020374  0.000000 -0.055446  0.000000 -0.080704  0.000000 ) 
 ( -0.003737  0.000000  0.005133  0.000000  0.000015  0.000000 ) 
 ( -0.052930  0.000000 -0.161004  0.000000 -0.259561  0.000000 ) 
 (  0.056592  0.000000  0.170207  0.000000 -0.271818  0.000000 ) 
     freq (   62) =      70.675341 [THz] =    2357.475611 [cm-1]
 (  0.000012  0.000000  0.000002  0.000000 -0.000004  0.000000 ) 
 (  0.000002  0.000000 -0.000000  0.000000 -0.000026  0.000000 ) 
 (  0.053216  0.000000 -0.036874  0.000000  0.004444  0.000000 ) 
 (  0.055342  0.000000 -0.038957  0.000000  0.000278  0.000000 ) 
 ( -0.015245  0.000000 -0.012617  0.000000 -0.015225  0.000000 ) 
 (  0.001246  0.000000 -0.001098  0.000000  0.015858  0.000000 ) 
 ( -0.496346  0.000000  0.101915  0.000000  0.001358  0.000000 ) 
 ( -0.517203  0.000000  0.105965  0.000000  0.000552  0.000000 ) 
 ( -0.145633  0.000000 -0.029123  0.000000  0.006225  0.000000 ) 
 (  0.008331  0.000000  0.002455  0.000000 -0.006347  0.000000 ) 
 (  0.015782  0.000000 -0.011119  0.000000  0.000963  0.000000 ) 
 (  0.018751  0.000000 -0.008052  0.000000 -0.000021  0.000000 ) 
 ( -0.012398  0.000000  0.008640  0.000000 -0.003025  0.000000 ) 
 ( -0.007152  0.000000  0.011552  0.000000  0.003174  0.000000 ) 
 (  0.044675  0.000000 -0.137613  0.000000 -0.224584  0.000000 ) 
 (  0.053742  0.000000 -0.162609  0.000000  0.262158  0.000000 ) 
 (  0.037320  0.000000  0.105077  0.000000  0.160647  0.000000 ) 
 (  0.022370  0.000000  0.059471  0.000000 -0.086708  0.000000 ) 
 ( -0.052930  0.000000  0.161004  0.000000  0.259561  0.000000 ) 
 ( -0.056592  0.000000  0.170207  0.000000 -0.271818  0.000000 ) 
 ( -0.020374  0.000000 -0.055446  0.000000 -0.080704  0.000000 ) 
 ( -0.003737  0.000000 -0.005133  0.000000 -0.000015  0.000000 ) 
     freq (   63) =      71.337971 [THz] =    2379.578580 [cm-1]
 (  0.000115  0.000000 -0.000187  0.000000  0.000027  0.000000 ) 
 (  0.000016  0.000000  0.000027  0.000000  0.000187  0.000000 ) 
 (  0.001282  0.000000 -0.001127  0.000000  0.069692  0.000000 ) 
 ( -0.001595  0.000000  0.001052  0.000000 -0.069690  0.000000 ) 
 (  0.010096  0.000000  0.007626  0.000000  0.009944  0.000000 ) 
 (  0.010051  0.000000  0.007636  0.000000  0.009956  0.000000 ) 
 ( -0.012560  0.000000  0.002473  0.000000  0.012852  0.000000 ) 
 (  0.014437  0.000000 -0.002966  0.000000 -0.012852  0.000000 ) 
 (  0.094679  0.000000  0.019084  0.000000 -0.001837  0.000000 ) 
 (  0.094411  0.000000  0.019013  0.000000 -0.001833  0.000000 ) 
 (  0.001271  0.000000  0.001384  0.000000  0.015944  0.000000 ) 
 (  0.000149  0.000000  0.000917  0.000000 -0.015967  0.000000 ) 
 (  0.003828  0.000000 -0.001470  0.000000  0.002360  0.000000 ) 
 (  0.004031  0.000000 -0.001798  0.000000  0.002196  0.000000 ) 
 ( -0.098134  0.000000  0.258920  0.000000  0.386192  0.000000 ) 
 ( -0.101247  0.000000  0.268196  0.000000 -0.400655  0.000000 ) 
 ( -0.025136  0.000000 -0.070114  0.000000 -0.106823  0.000000 ) 
 (  0.003330  0.000000  0.005144  0.000000 -0.005517  0.000000 ) 
 ( -0.097988  0.000000  0.258540  0.000000  0.385635  0.000000 ) 
 ( -0.101129  0.000000  0.267826  0.000000 -0.400184  0.000000 ) 
 ( -0.025217  0.000000 -0.070096  0.000000 -0.107049  0.000000 ) 
 (  0.003212  0.000000  0.005055  0.000000 -0.005144  0.000000 ) 
     freq (   64) =      71.337971 [THz] =    2379.578580 [cm-1]
 (  0.000016 -0.000000 -0.000027  0.000000 -0.000187  0.000000 ) 
 ( -0.000115  0.000000 -0.000187  0.000000  0.000027 -0.000000 ) 
 ( -0.010096  0.000000  0.007626 -0.000000  0.009944  0.000000 ) 
 (  0.010051 -0.000000 -0.007636  0.000000 -0.009956  0.000000 ) 
 (  0.001282  0.000000  0.001127  0.000000 -0.069692  0.000000 ) 
 (  0.001595  0.000000  0.001052 -0.000000 -0.069690  0.000000 ) 
 (  0.094679 -0.000000 -0.019084  0.000000  0.001837  0.000000 ) 
 ( -0.094411  0.000000  0.019013 -0.000000 -0.001833  0.000000 ) 
 (  0.012560  0.000000  0.002473  0.000000  0.012852 -0.000000 ) 
 (  0.014437  0.000000  0.002966  0.000000  0.012852 -0.000000 ) 
 ( -0.003828  0.000000 -0.001470  0.000000  0.002360  0.000000 ) 
 (  0.004031 -0.000000  0.001798  0.000000 -0.002196  0.000000 ) 
 (  0.001271  0.000000 -0.001384  0.000000 -0.015944  0.000000 ) 
 ( -0.000149  0.000000  0.000917  0.000000 -0.015967  0.000000 ) 
 ( -0.025136  0.000000  0.070114  0.000000  0.106823  0.000000 ) 
 ( -0.003330  0.000000  0.005144  0.000000 -0.005517  0.000000 ) 
 (  0.098134 -0.000000  0.258920 -0.000000  0.386192 -0.000000 ) 
 ( -0.101247  0.000000 -0.268196  0.000000  0.400655 -0.000000 ) 
 ( -0.025217  0.000000  0.070096  0.000000  0.107049  0.000000 ) 
 ( -0.003212  0.000000  0.005055  0.000000 -0.005144  0.000000 ) 
 (  0.097988 -0.000000  0.258540 -0.000000  0.385635 -0.000000 ) 
 ( -0.101129  0.000000 -0.267826  0.000000  0.400184 -0.000000 ) 
     freq (   65) =      71.489657 [THz] =    2384.638286 [cm-1]
 (  0.000002  0.000000 -0.000007  0.000000  0.000000  0.000000 ) 
 (  0.000000  0.000000  0.000000  0.000000  0.000004  0.000000 ) 
 ( -0.016514  0.000000  0.001409  0.000000  0.004530  0.000000 ) 
 ( -0.016512  0.000000  0.001414  0.000000  0.004595  0.000000 ) 
 (  0.001080  0.000000  0.000125  0.000000 -0.068788  0.000000 ) 
 ( -0.001111  0.000000 -0.000063  0.000000  0.068783  0.000000 ) 
 (  0.152286  0.000000 -0.032252  0.000000  0.000845  0.000000 ) 
 (  0.152223  0.000000 -0.032235  0.000000  0.000735  0.000000 ) 
 (  0.009622  0.000000  0.002012  0.000000  0.011907  0.000000 ) 
 ( -0.010575  0.000000 -0.002266  0.000000 -0.011914  0.000000 ) 
 (  0.032208  0.000000  0.054238  0.000000  0.000944  0.000000 ) 
 (  0.032202  0.000000  0.054240  0.000000  0.000730  0.000000 ) 
 ( -0.002087  0.000000  0.003614  0.000000 -0.012612  0.000000 ) 
 (  0.002185  0.000000 -0.003581  0.000000  0.012626  0.000000 ) 
 ( -0.010804  0.000000  0.033508  0.000000  0.051138  0.000000 ) 
 (  0.002368  0.000000 -0.001078  0.000000  0.000746  0.000000 ) 
 (  0.099017  0.000000  0.259640  0.000000  0.389442  0.000000 ) 
 (  0.099576  0.000000  0.261791  0.000000 -0.392784  0.000000 ) 
 (  0.010974  0.000000 -0.033832  0.000000 -0.051981  0.000000 ) 
 ( -0.002214  0.000000  0.000808  0.000000  0.000000  0.000000 ) 
 ( -0.099127  0.000000 -0.260036  0.000000 -0.390123  0.000000 ) 
 ( -0.099708  0.000000 -0.262227  0.000000  0.393571  0.000000 ) 
     freq (   66) =      71.489657 [THz] =    2384.638286 [cm-1]
 ( -0.000000  0.000000  0.000000  0.000000  0.000004  0.000000 ) 
 (  0.000002  0.000000  0.000007  0.000000 -0.000000  0.000000 ) 
 (  0.001080  0.000000 -0.000125  0.000000  0.068788 -0.000000 ) 
 (  0.001111  0.000000 -0.000063  0.000000  0.068783 -0.000000 ) 
 (  0.016514 -0.000000  0.001409 -0.000000  0.004530  0.000000 ) 
 ( -0.016512  0.000000 -0.001414  0.000000 -0.004595  0.000000 ) 
 ( -0.009622  0.000000  0.002012  0.000000  0.011907 -0.000000 ) 
 ( -0.010575  0.000000  0.002266  0.000000  0.011914 -0.000000 ) 
 (  0.152286 -0.000000  0.032252 -0.000000 -0.000845  0.000000 ) 
 ( -0.152223  0.000000 -0.032235  0.000000  0.000735  0.000000 ) 
 ( -0.002087  0.000000 -0.003614  0.000000  0.012612 -0.000000 ) 
 ( -0.002185  0.000000 -0.003581  0.000000  0.012626 -0.000000 ) 
 ( -0.032208  0.000000  0.054238 -0.000000  0.000944  0.000000 ) 
 (  0.032202 -0.000000 -0.054240  0.000000 -0.000730  0.000000 ) 
 ( -0.099017  0.000000  0.259640 -0.000000  0.389442 -0.000000 ) 
 (  0.099576 -0.000000 -0.261791  0.000000  0.392784 -0.000000 ) 
 ( -0.010804  0.000000 -0.033508  0.000000 -0.051138  0.000000 ) 
 ( -0.002368  0.000000 -0.001078  0.000000  0.000746  0.000000 ) 
 (  0.099127 -0.000000 -0.260036  0.000000 -0.390123  0.000000 ) 
 ( -0.099708  0.000000  0.262227 -0.000000 -0.393571  0.000000 ) 
 (  0.010974  0.000000  0.033832  0.000000  0.051981  0.000000 ) 
 (  0.002214  0.000000  0.000808  0.000000  0.000000  0.000000 ) 
 **************************************************************************
