
     Program PHONON v.7.3.1 starts on 12Aug2024 at 11:16:22 

     This program is part of the open-source Quantum ESPRESSO suite
     for quantum simulation of materials; please cite
         "P. Giannozzi et al., J. Phys.:Condens. Matter 21 395502 (2009);
         "P. Giannozzi et al., J. Phys.:Condens. Matter 29 465901 (2017);
         "P. Giannozzi et al., J. Chem. Phys. 152 154105 (2020);
          URL http://www.quantum-espresso.org", 
     in publications or presentations arising from this work. More details at
     http://www.quantum-espresso.org/quote

     Parallel version (MPI), running on    24 processors

     MPI processes distributed on     1 nodes
     93501 MiB available memory on the printing compute node when the environment starts

     Waiting for input...
     Reading input from standard input

     Reading xml data from directory:

     ./pwscf.save/

     R & G space division:  proc/nbgrp/npool/nimage =      24
     Subspace diagonalization in iterative solution of the eigenvalue problem:
     a serial algorithm will be used


     IMPORTANT: XC functional enforced from input :
     Exchange-correlation= PBESOL
                           (   1   4  10   8   0   0   0)
     Any further DFT definition will be discarded
     Please, verify this is what you really want


     Parallelization info
     --------------------
     sticks:   dense  smooth     PW     G-vecs:    dense   smooth      PW
     Min         460     230     61                24198     8554    1199
     Max         461     231     62                24201     8557    1202
     Sum       11053    5527   1485               580795   205333   28829

     Using Slab Decomposition

     Reading collected, re-writing distributed wavefunctions in ./


     Dynamical matrices for ( 2, 2, 2)  uniform grid of q-points
     (   8 q-points):
       N         xq(1)         xq(2)         xq(3) 
       1   0.000000000   0.000000000   0.000000000
       2   0.000000000   0.000000000  -0.751853469
       3   0.000000000  -0.497514774   0.000000000
       4   0.000000000  -0.497514774  -0.751853469
       5  -0.500000000   0.000000000   0.000000000
       6  -0.500000000   0.000000000  -0.751853469
       7  -0.500000000  -0.497514774   0.000000000
       8  -0.500000000  -0.497514774  -0.751853469

     Number and degeneracy of irreps per q-point
       N         xq(1)         xq(2)         xq(3)   N irreps
       1   0.000000000   0.000000000   0.000000000      66
     No degeneracy
       2   0.000000000   0.000000000  -0.751853469      66
     No degeneracy
       3   0.000000000  -0.497514774   0.000000000      33
        2   2   2   2   2   2   2   2   2   2   2   2   2   2   2   2   2   2
   2   2   2   2   2   2   2   2   2   2   2   2   2   2   2
       4   0.000000000  -0.497514774  -0.751853469      33
        2   2   2   2   2   2   2   2   2   2   2   2   2   2   2   2   2   2
   2   2   2   2   2   2   2   2   2   2   2   2   2   2   2
       5  -0.500000000   0.000000000   0.000000000      33
        2   2   2   2   2   2   2   2   2   2   2   2   2   2   2   2   2   2
   2   2   2   2   2   2   2   2   2   2   2   2   2   2   2
       6  -0.500000000   0.000000000  -0.751853469      33
        2   2   2   2   2   2   2   2   2   2   2   2   2   2   2   2   2   2
   2   2   2   2   2   2   2   2   2   2   2   2   2   2   2
       7  -0.500000000  -0.497514774   0.000000000      33
        2   2   2   2   2   2   2   2   2   2   2   2   2   2   2   2   2   2
   2   2   2   2   2   2   2   2   2   2   2   2   2   2   2
       8  -0.500000000  -0.497514774  -0.751853469      33
        2   2   2   2   2   2   2   2   2   2   2   2   2   2   2   2   2   2
   2   2   2   2   2   2   2   2   2   2   2   2   2   2   2

     Saving dvscf to file. Distribute only q points, not irreducible representations.

     Calculation of q =    0.0000000   0.0000000   0.0000000

                                                                                

     bravais-lattice index     =            8
     lattice parameter (alat)  =      13.1499  a.u.
     unit-cell volume          =    1519.7234 (a.u.)^3
     number of atoms/cell      =           22
     number of atomic types    =            3
     kinetic-energy cut-off    =     100.0000  Ry
     charge density cut-off    =     800.0000  Ry
     convergence threshold     =      1.0E-14
     beta                      =       0.7000
     number of iterations used =            4
     Exchange-correlation= PBESOL
                           (   1   4  10   8   0   0   0)


     celldm(1)=   13.14986  celldm(2)=    1.00500  celldm(3)=    0.66502
     celldm(4)=    0.00000  celldm(5)=    0.00000  celldm(6)=    0.00000

     crystal axes: (cart. coord. in units of alat)
               a(1) = (  1.0000  0.0000  0.0000 )  
               a(2) = (  0.0000  1.0050  0.0000 )  
               a(3) = (  0.0000  0.0000  0.6650 )  

     reciprocal axes: (cart. coord. in units 2 pi/alat)
               b(1) = (  1.0000  0.0000  0.0000 )  
               b(2) = (  0.0000  0.9950  0.0000 )  
               b(3) = (  0.0000  0.0000  1.5037 )  


     Atoms inside the unit cell: 

     Cartesian axes

     site n.  atom      mass           positions (alat units)
        1  Ba    137.3270   tau(    1) = (    0.50000    0.50250    0.33251  )
        2  Ba    137.3270   tau(    2) = (    0.00000    0.00000    0.66502  )
        3  B      10.8110   tau(    3) = (    0.62216    0.25035    0.00000  )
        4  B      10.8110   tau(    4) = (    0.37784    0.75464    0.00000  )
        5  B      10.8110   tau(    5) = (    0.12216    0.25214    0.33251  )
        6  B      10.8110   tau(    6) = (    0.87784    0.75285    0.33251  )
        7  H       1.0079   tau(    7) = (    0.44925    0.28896   -0.00001  )
        8  H       1.0079   tau(    8) = (    0.55075    0.71604   -0.00001  )
        9  H       1.0079   tau(    9) = (    0.94925    0.21354    0.33252  )
       10  H       1.0079   tau(   10) = (    0.05075    0.79145    0.33252  )
       11  H       1.0079   tau(   11) = (    0.71771    0.40045    0.00000  )
       12  H       1.0079   tau(   12) = (    0.28229    0.60454    0.00000  )
       13  H       1.0079   tau(   13) = (    0.21771    0.10204    0.33251  )
       14  H       1.0079   tau(   14) = (    0.78229    0.90295    0.33251  )
       15  H       1.0079   tau(   15) = (    0.65746    0.15745    0.51883  )
       16  H       1.0079   tau(   16) = (    0.34254    0.84755    0.51883  )
       17  H       1.0079   tau(   17) = (    0.15746    0.34505    0.47870  )
       18  H       1.0079   tau(   18) = (    0.84254    0.65994    0.47870  )
       19  H       1.0079   tau(   19) = (    0.34255    0.84755    0.14620  )
       20  H       1.0079   tau(   20) = (    0.65745    0.15745    0.14620  )
       21  H       1.0079   tau(   21) = (    0.84255    0.65995    0.18631  )
       22  H       1.0079   tau(   22) = (    0.15745    0.34505    0.18631  )

     Computing dynamical matrix for 
                    q = (   0.0000000   0.0000000   0.0000000 )

      5 Sym.Ops. (with q -> -q+G )


     G cutoff = 3504.0696  (  24200 G-vectors)     FFT grid: (120,120, 80)
     G cutoff = 1752.0348  (   8556 G-vectors)  smooth grid: ( 90, 90, 60)
     number of k points=    27

     PseudoPot. # 1 for B  read from file:
     /home/mehlhorn/pseudos/b_pbesol_v1.4.uspp.F.UPF
     MD5 check sum: 369b69bef2c3aeed4453bd8b804fd6a8
     Pseudo is Ultrasoft + core correction, Zval =  3.0
     Generated by new atomic code, or converted to UPF format
     Using radial grid of  781 points,  4 beta functions with: 
                l(1) =   0
                l(2) =   0
                l(3) =   1
                l(4) =   1
     Q(r) pseudized with  8 coefficients,  rinner =    1.100   1.100   1.100


     PseudoPot. # 2 for Ba read from file:
     /home/mehlhorn/pseudos/Ba.nc.z_10.oncvpsp4.dojo.v4-sp.upf
     MD5 check sum: c10ed334bb677c0554edec7181ce9143
     Pseudo is Norm-conserving + core correction, Zval = 10.0
     Generated using ONCVPSP code by D. R. Hamann
     Using radial grid of 1938 points,  8 beta functions with: 
                l(1) =   0
                l(2) =   0
                l(3) =   1
                l(4) =   1
                l(5) =   2
                l(6) =   2
                l(7) =   3
                l(8) =   3

     PseudoPot. # 3 for H  read from file:
     /home/mehlhorn/pseudos/H_ONCV_PBEsol-1.0.upf
     MD5 check sum: 398ef8f67c0a7342c05c87c5e19ea467
     Pseudo is Norm-conserving, Zval =  1.0
     Generated using ONCVPSP code by D. R. Hamann
     Using radial grid of 1180 points,  2 beta functions with: 
                l(1) =   0
                l(2) =   0

     Mode symmetry, D_2  (222)  point group:


     Electric field:
     Dielectric constant
     Born effective charges in two ways 


     Atomic displacements:
     There are   66 irreducible representations

     Representation     1      1 modes -  To be done

     Representation     2      1 modes -  To be done

     Representation     3      1 modes -  To be done

     Representation     4      1 modes -  To be done

     Representation     5      1 modes -  To be done

     Representation     6      1 modes -  To be done

     Representation     7      1 modes -  To be done

     Representation     8      1 modes -  To be done

     Representation     9      1 modes -  To be done

     Representation    10      1 modes -  To be done

     Representation    11      1 modes -  To be done

     Representation    12      1 modes -  To be done

     Representation    13      1 modes -  To be done

     Representation    14      1 modes -  To be done

     Representation    15      1 modes -  To be done

     Representation    16      1 modes -  To be done

     Representation    17      1 modes -  To be done

     Representation    18      1 modes -  To be done

     Representation    19      1 modes -  To be done

     Representation    20      1 modes -  To be done

     Representation    21      1 modes -  To be done

     Representation    22      1 modes -  To be done

     Representation    23      1 modes -  To be done

     Representation    24      1 modes -  To be done

     Representation    25      1 modes -  To be done

     Representation    26      1 modes -  To be done

     Representation    27      1 modes -  To be done

     Representation    28      1 modes -  To be done

     Representation    29      1 modes -  To be done

     Representation    30      1 modes -  To be done

     Representation    31      1 modes -  To be done

     Representation    32      1 modes -  To be done

     Representation    33      1 modes -  To be done

     Representation    34      1 modes -  To be done

     Representation    35      1 modes -  To be done

     Representation    36      1 modes -  To be done

     Representation    37      1 modes -  To be done

     Representation    38      1 modes -  To be done

     Representation    39      1 modes -  To be done

     Representation    40      1 modes -  To be done

     Representation    41      1 modes -  To be done

     Representation    42      1 modes -  To be done

     Representation    43      1 modes -  To be done

     Representation    44      1 modes -  To be done

     Representation    45      1 modes -  To be done

     Representation    46      1 modes -  To be done

     Representation    47      1 modes -  To be done

     Representation    48      1 modes -  To be done

     Representation    49      1 modes -  To be done

     Representation    50      1 modes -  To be done

     Representation    51      1 modes -  To be done

     Representation    52      1 modes -  To be done

     Representation    53      1 modes -  To be done

     Representation    54      1 modes -  To be done

     Representation    55      1 modes -  To be done

     Representation    56      1 modes -  To be done

     Representation    57      1 modes -  To be done

     Representation    58      1 modes -  To be done

     Representation    59      1 modes -  To be done

     Representation    60      1 modes -  To be done

     Representation    61      1 modes -  To be done

     Representation    62      1 modes -  To be done

     Representation    63      1 modes -  To be done

     Representation    64      1 modes -  To be done

     Representation    65      1 modes -  To be done

     Representation    66      1 modes -  To be done



     Alpha used in Ewald sum =   2.8000
     PHONON       :   3m36.52s CPU   3m40.98s WALL


     Electric Fields Calculation

      iter #   1 total cpu time :   898.3 secs   av.it.:   7.6
      thresh= 1.000E-02 alpha_mix =  0.700 |ddv_scf|^2 =  6.264E-09

      iter #   2 total cpu time :  1194.8 secs   av.it.:  16.9
      thresh= 7.915E-06 alpha_mix =  0.700 |ddv_scf|^2 =  1.068E-09

      iter #   3 total cpu time :  1481.1 secs   av.it.:  16.1
      thresh= 3.268E-06 alpha_mix =  0.700 |ddv_scf|^2 =  7.352E-11

      iter #   4 total cpu time :  1761.4 secs   av.it.:  15.8
      thresh= 8.574E-07 alpha_mix =  0.700 |ddv_scf|^2 =  1.173E-11

      iter #   5 total cpu time :  2036.3 secs   av.it.:  15.7
      thresh= 3.424E-07 alpha_mix =  0.700 |ddv_scf|^2 =  1.058E-12

      iter #   6 total cpu time :  2308.5 secs   av.it.:  15.7
      thresh= 1.029E-07 alpha_mix =  0.700 |ddv_scf|^2 =  2.552E-14

      iter #   7 total cpu time :  2579.9 secs   av.it.:  15.9
      thresh= 1.597E-08 alpha_mix =  0.700 |ddv_scf|^2 =  3.414E-15

     End of electric fields calculation

          Dielectric constant in cartesian axis 

          (       2.962935124       0.000000000       0.000000000 )
          (       0.000000000       3.010408888       0.000000000 )
          (       0.000000000       0.000000000       3.185658862 )

          Effective charges (d Force / dE) in cartesian axis without acoustic sum rule applied (asr)

           atom    1  Ba    Mean Z*:        2.62225
      Ex  (        2.43639       -0.06667        0.00000 )
      Ey  (        0.26717        2.45552        0.00000 )
      Ez  (        0.00000        0.00000        2.97482 )
           atom    2  Ba    Mean Z*:        2.62225
      Ex  (        2.43639        0.06667        0.00000 )
      Ey  (       -0.26717        2.45552        0.00000 )
      Ez  (        0.00000        0.00000        2.97482 )
           atom    3  B     Mean Z*:       -0.11096
      Ex  (       -0.13290        0.02004       -0.00000 )
      Ey  (        0.16858       -0.00808       -0.00000 )
      Ez  (        0.00003       -0.00001       -0.19189 )
           atom    4  B     Mean Z*:       -0.11096
      Ex  (       -0.13290        0.02004        0.00000 )
      Ey  (        0.16858       -0.00808        0.00000 )
      Ez  (       -0.00003        0.00001       -0.19189 )
           atom    5  B     Mean Z*:       -0.11096
      Ex  (       -0.13290       -0.02004        0.00000 )
      Ey  (       -0.16858       -0.00808       -0.00000 )
      Ez  (       -0.00003       -0.00001       -0.19189 )
           atom    6  B     Mean Z*:       -0.11096
      Ex  (       -0.13290       -0.02004       -0.00000 )
      Ey  (       -0.16858       -0.00808        0.00000 )
      Ez  (        0.00003        0.00001       -0.19189 )
           atom    7  H     Mean Z*:       -0.31135
      Ex  (       -0.44420        0.13721       -0.00003 )
      Ey  (        0.14167       -0.23777        0.00004 )
      Ez  (       -0.00003        0.00004       -0.25209 )
           atom    8  H     Mean Z*:       -0.31135
      Ex  (       -0.44420        0.13721        0.00003 )
      Ey  (        0.14167       -0.23777       -0.00004 )
      Ez  (        0.00003       -0.00004       -0.25209 )
           atom    9  H     Mean Z*:       -0.31135
      Ex  (       -0.44420       -0.13721        0.00003 )
      Ey  (       -0.14167       -0.23777        0.00004 )
      Ez  (        0.00003        0.00004       -0.25209 )
           atom   10  H     Mean Z*:       -0.31135
      Ex  (       -0.44420       -0.13721       -0.00003 )
      Ey  (       -0.14167       -0.23777       -0.00004 )
      Ez  (       -0.00003       -0.00004       -0.25209 )
           atom   11  H     Mean Z*:       -0.30904
      Ex  (       -0.23144       -0.01714       -0.00000 )
      Ey  (       -0.10355       -0.44410        0.00001 )
      Ez  (       -0.00001        0.00000       -0.25158 )
           atom   12  H     Mean Z*:       -0.30904
      Ex  (       -0.23144       -0.01714        0.00000 )
      Ey  (       -0.10355       -0.44410       -0.00001 )
      Ez  (        0.00001       -0.00000       -0.25158 )
           atom   13  H     Mean Z*:       -0.30904
      Ex  (       -0.23144        0.01714        0.00000 )
      Ey  (        0.10355       -0.44410        0.00001 )
      Ez  (        0.00001        0.00000       -0.25158 )
           atom   14  H     Mean Z*:       -0.30904
      Ex  (       -0.23144        0.01714       -0.00000 )
      Ey  (        0.10355       -0.44410       -0.00001 )
      Ez  (       -0.00001       -0.00000       -0.25158 )
           atom   15  H     Mean Z*:       -0.28961
      Ex  (       -0.20493        0.15646        0.07187 )
      Ey  (        0.11135       -0.26817       -0.10006 )
      Ez  (        0.03408       -0.11293       -0.39572 )
           atom   16  H     Mean Z*:       -0.28961
      Ex  (       -0.20493        0.15646       -0.07187 )
      Ey  (        0.11135       -0.26817        0.10006 )
      Ez  (       -0.03408        0.11293       -0.39572 )
           atom   17  H     Mean Z*:       -0.28961
      Ex  (       -0.20493       -0.15646       -0.07187 )
      Ey  (       -0.11135       -0.26817       -0.10006 )
      Ez  (       -0.03408       -0.11293       -0.39572 )
           atom   18  H     Mean Z*:       -0.28961
      Ex  (       -0.20493       -0.15646        0.07187 )
      Ey  (       -0.11135       -0.26817        0.10006 )
      Ez  (        0.03408        0.11293       -0.39572 )
           atom   19  H     Mean Z*:       -0.28959
      Ex  (       -0.20491        0.15643        0.07182 )
      Ey  (        0.11132       -0.26814       -0.10004 )
      Ez  (        0.03405       -0.11292       -0.39572 )
           atom   20  H     Mean Z*:       -0.28959
      Ex  (       -0.20491        0.15643       -0.07182 )
      Ey  (        0.11132       -0.26814        0.10004 )
      Ez  (       -0.03405        0.11292       -0.39572 )
           atom   21  H     Mean Z*:       -0.28959
      Ex  (       -0.20491       -0.15643       -0.07182 )
      Ey  (       -0.11132       -0.26814       -0.10004 )
      Ez  (       -0.03405       -0.11292       -0.39572 )
           atom   22  H     Mean Z*:       -0.28959
      Ex  (       -0.20491       -0.15643        0.07182 )
      Ey  (       -0.11132       -0.26814        0.10004 )
      Ez  (        0.03405        0.11292       -0.39572 )

          Effective charges Sum: Mean:        0.00230
             -0.00077        0.00000        0.00000
              0.00000        0.00604        0.00000
              0.00000        0.00000        0.00164

          Effective charges (d Force / dE) in cartesian axis with asr applied: 
           atom    1  Ba    Mean Z*:        2.62214
      E*x (        2.43643       -0.06667        0.00000 )
      E*y (        0.26717        2.45525       -0.00000 )
      E*z (        0.00000        0.00000        2.97475 )
           atom    2  Ba    Mean Z*:        2.62214
      E*x (        2.43643        0.06667        0.00000 )
      E*y (       -0.26717        2.45525       -0.00000 )
      E*z (        0.00000        0.00000        2.97475 )
           atom    3  B     Mean Z*:       -0.11106
      E*x (       -0.13287        0.02004       -0.00000 )
      E*y (        0.16858       -0.00835       -0.00000 )
      E*z (        0.00003       -0.00001       -0.19196 )
           atom    4  B     Mean Z*:       -0.11106
      E*x (       -0.13287        0.02004        0.00000 )
      E*y (        0.16858       -0.00835        0.00000 )
      E*z (       -0.00003        0.00001       -0.19196 )
           atom    5  B     Mean Z*:       -0.11106
      E*x (       -0.13287       -0.02004        0.00000 )
      E*y (       -0.16858       -0.00835       -0.00000 )
      E*z (       -0.00003       -0.00001       -0.19196 )
           atom    6  B     Mean Z*:       -0.11106
      E*x (       -0.13287       -0.02004       -0.00000 )
      E*y (       -0.16858       -0.00835        0.00000 )
      E*z (        0.00003        0.00001       -0.19196 )
           atom    7  H     Mean Z*:       -0.31146
      E*x (       -0.44417        0.13721       -0.00003 )
      E*y (        0.14167       -0.23804        0.00004 )
      E*z (       -0.00003        0.00004       -0.25217 )
           atom    8  H     Mean Z*:       -0.31146
      E*x (       -0.44417        0.13721        0.00003 )
      E*y (        0.14167       -0.23804       -0.00004 )
      E*z (        0.00003       -0.00004       -0.25217 )
           atom    9  H     Mean Z*:       -0.31146
      E*x (       -0.44417       -0.13721        0.00003 )
      E*y (       -0.14167       -0.23804        0.00004 )
      E*z (        0.00003        0.00004       -0.25217 )
           atom   10  H     Mean Z*:       -0.31146
      E*x (       -0.44417       -0.13721       -0.00003 )
      E*y (       -0.14167       -0.23804       -0.00004 )
      E*z (       -0.00003       -0.00004       -0.25217 )
           atom   11  H     Mean Z*:       -0.30915
      E*x (       -0.23141       -0.01714       -0.00000 )
      E*y (       -0.10355       -0.44438        0.00001 )
      E*z (       -0.00001        0.00000       -0.25166 )
           atom   12  H     Mean Z*:       -0.30915
      E*x (       -0.23141       -0.01714        0.00000 )
      E*y (       -0.10355       -0.44438       -0.00001 )
      E*z (        0.00001       -0.00000       -0.25166 )
           atom   13  H     Mean Z*:       -0.30915
      E*x (       -0.23141        0.01714        0.00000 )
      E*y (        0.10355       -0.44438        0.00001 )
      E*z (        0.00001        0.00000       -0.25166 )
           atom   14  H     Mean Z*:       -0.30915
      E*x (       -0.23141        0.01714       -0.00000 )
      E*y (        0.10355       -0.44438       -0.00001 )
      E*z (       -0.00001       -0.00000       -0.25166 )
           atom   15  H     Mean Z*:       -0.28971
      E*x (       -0.20490        0.15646        0.07187 )
      E*y (        0.11135       -0.26844       -0.10006 )
      E*z (        0.03408       -0.11293       -0.39579 )
           atom   16  H     Mean Z*:       -0.28971
      E*x (       -0.20490        0.15646       -0.07187 )
      E*y (        0.11135       -0.26844        0.10006 )
      E*z (       -0.03408        0.11293       -0.39579 )
           atom   17  H     Mean Z*:       -0.28971
      E*x (       -0.20490       -0.15646       -0.07187 )
      E*y (       -0.11135       -0.26844       -0.10006 )
      E*z (       -0.03408       -0.11293       -0.39579 )
           atom   18  H     Mean Z*:       -0.28971
      E*x (       -0.20490       -0.15646        0.07187 )
      E*y (       -0.11135       -0.26844        0.10006 )
      E*z (        0.03408        0.11293       -0.39579 )
           atom   19  H     Mean Z*:       -0.28969
      E*x (       -0.20488        0.15643        0.07182 )
      E*y (        0.11132       -0.26842       -0.10004 )
      E*z (        0.03405       -0.11292       -0.39579 )
           atom   20  H     Mean Z*:       -0.28969
      E*x (       -0.20488        0.15643       -0.07182 )
      E*y (        0.11132       -0.26842        0.10004 )
      E*z (       -0.03405        0.11292       -0.39579 )
           atom   21  H     Mean Z*:       -0.28969
      E*x (       -0.20488       -0.15643       -0.07182 )
      E*y (       -0.11132       -0.26842       -0.10004 )
      E*z (       -0.03405       -0.11292       -0.39579 )
           atom   22  H     Mean Z*:       -0.28969
      E*x (       -0.20488       -0.15643        0.07182 )
      E*y (       -0.11132       -0.26842        0.10004 )
      E*z (        0.03405        0.11292       -0.39579 )


     Representation #   1 mode #   1

     Self-consistent Calculation

      iter #   1 total cpu time :  5148.6 secs   av.it.:   3.0
      thresh= 1.000E-02 alpha_mix =  0.700 |ddv_scf|^2 =  1.520E-09

      iter #   2 total cpu time :  5238.1 secs   av.it.:  15.6
      thresh= 3.899E-06 alpha_mix =  0.700 |ddv_scf|^2 =  2.991E-10

      iter #   3 total cpu time :  5324.7 secs   av.it.:  15.2
      thresh= 1.729E-06 alpha_mix =  0.700 |ddv_scf|^2 =  2.533E-12

      iter #   4 total cpu time :  5412.7 secs   av.it.:  15.6
      thresh= 1.591E-07 alpha_mix =  0.700 |ddv_scf|^2 =  4.481E-14

      iter #   5 total cpu time :  5501.4 secs   av.it.:  15.9
      thresh= 2.117E-08 alpha_mix =  0.700 |ddv_scf|^2 =  1.956E-15

     End of self-consistent calculation

     Convergence has been achieved 


     Representation #   2 mode #   2

     Self-consistent Calculation

      iter #   1 total cpu time :  5566.4 secs   av.it.:   3.0
      thresh= 1.000E-02 alpha_mix =  0.700 |ddv_scf|^2 =  1.328E-09

      iter #   2 total cpu time :  5662.4 secs   av.it.:  15.9
      thresh= 3.645E-06 alpha_mix =  0.700 |ddv_scf|^2 =  3.701E-10

      iter #   3 total cpu time :  5750.8 secs   av.it.:  15.3
      thresh= 1.924E-06 alpha_mix =  0.700 |ddv_scf|^2 =  2.769E-12

      iter #   4 total cpu time :  5843.7 secs   av.it.:  15.9
      thresh= 1.664E-07 alpha_mix =  0.700 |ddv_scf|^2 =  9.328E-14

      iter #   5 total cpu time :  5938.1 secs   av.it.:  15.9
      thresh= 3.054E-08 alpha_mix =  0.700 |ddv_scf|^2 =  4.338E-15

     End of self-consistent calculation

     Convergence has been achieved 


     Representation #   3 mode #   3

     Self-consistent Calculation

      iter #   1 total cpu time :  6004.7 secs   av.it.:   3.0
      thresh= 1.000E-02 alpha_mix =  0.700 |ddv_scf|^2 =  5.229E-10

      iter #   2 total cpu time :  6101.0 secs   av.it.:  16.0
      thresh= 2.287E-06 alpha_mix =  0.700 |ddv_scf|^2 =  3.836E-11

      iter #   3 total cpu time :  6197.9 secs   av.it.:  16.0
      thresh= 6.194E-07 alpha_mix =  0.700 |ddv_scf|^2 =  5.066E-12

      iter #   4 total cpu time :  6293.3 secs   av.it.:  15.9
      thresh= 2.251E-07 alpha_mix =  0.700 |ddv_scf|^2 =  1.088E-13

      iter #   5 total cpu time :  6388.7 secs   av.it.:  15.9
      thresh= 3.298E-08 alpha_mix =  0.700 |ddv_scf|^2 =  4.102E-15

     End of self-consistent calculation

     Convergence has been achieved 


     Representation #   4 mode #   4

     Self-consistent Calculation

      iter #   1 total cpu time :  6462.8 secs   av.it.:   4.9
      thresh= 1.000E-02 alpha_mix =  0.700 |ddv_scf|^2 =  1.068E-08

      iter #   2 total cpu time :  6559.2 secs   av.it.:  15.9
      thresh= 1.034E-05 alpha_mix =  0.700 |ddv_scf|^2 =  2.095E-09

      iter #   3 total cpu time :  6652.0 secs   av.it.:  15.1
      thresh= 4.577E-06 alpha_mix =  0.700 |ddv_scf|^2 =  1.765E-11

      iter #   4 total cpu time :  6746.2 secs   av.it.:  15.6
      thresh= 4.201E-07 alpha_mix =  0.700 |ddv_scf|^2 =  1.258E-12

      iter #   5 total cpu time :  6841.3 secs   av.it.:  15.7
      thresh= 1.122E-07 alpha_mix =  0.700 |ddv_scf|^2 =  1.522E-14

      iter #   6 total cpu time :  6937.3 secs   av.it.:  15.9
      thresh= 1.234E-08 alpha_mix =  0.700 |ddv_scf|^2 =  1.779E-16

     End of self-consistent calculation

     Convergence has been achieved 


     Representation #   5 mode #   5

     Self-consistent Calculation

      iter #   1 total cpu time :  7038.7 secs   av.it.:   6.5
      thresh= 1.000E-02 alpha_mix =  0.700 |ddv_scf|^2 =  5.327E-08

      iter #   2 total cpu time :  7131.8 secs   av.it.:  15.3
      thresh= 2.308E-05 alpha_mix =  0.700 |ddv_scf|^2 =  1.385E-08

      iter #   3 total cpu time :  7222.8 secs   av.it.:  14.6
      thresh= 1.177E-05 alpha_mix =  0.700 |ddv_scf|^2 =  3.049E-11

      iter #   4 total cpu time :  7311.4 secs   av.it.:  15.3
      thresh= 5.522E-07 alpha_mix =  0.700 |ddv_scf|^2 =  9.730E-13

      iter #   5 total cpu time :  7397.4 secs   av.it.:  14.9
      thresh= 9.864E-08 alpha_mix =  0.700 |ddv_scf|^2 =  1.036E-14

      iter #   6 total cpu time :  7484.1 secs   av.it.:  14.8
      thresh= 1.018E-08 alpha_mix =  0.700 |ddv_scf|^2 =  1.935E-16

     End of self-consistent calculation

     Convergence has been achieved 


     Representation #   6 mode #   6

     Self-consistent Calculation

      iter #   1 total cpu time :  7555.4 secs   av.it.:   3.0
      thresh= 1.000E-02 alpha_mix =  0.700 |ddv_scf|^2 =  1.595E-09

      iter #   2 total cpu time :  7648.8 secs   av.it.:  15.9
      thresh= 3.994E-06 alpha_mix =  0.700 |ddv_scf|^2 =  4.353E-10

      iter #   3 total cpu time :  7740.9 secs   av.it.:  15.6
      thresh= 2.086E-06 alpha_mix =  0.700 |ddv_scf|^2 =  4.426E-12

      iter #   4 total cpu time :  7832.4 secs   av.it.:  15.7
      thresh= 2.104E-07 alpha_mix =  0.700 |ddv_scf|^2 =  2.070E-13

      iter #   5 total cpu time :  7923.2 secs   av.it.:  15.7
      thresh= 4.550E-08 alpha_mix =  0.700 |ddv_scf|^2 =  5.256E-15

     End of self-consistent calculation

     Convergence has been achieved 


     Representation #   7 mode #   7

     Self-consistent Calculation

      iter #   1 total cpu time :  7989.5 secs   av.it.:   3.0
      thresh= 1.000E-02 alpha_mix =  0.700 |ddv_scf|^2 =  1.320E-09

      iter #   2 total cpu time :  8082.7 secs   av.it.:  15.6
      thresh= 3.633E-06 alpha_mix =  0.700 |ddv_scf|^2 =  1.091E-10

      iter #   3 total cpu time :  8177.0 secs   av.it.:  15.9
      thresh= 1.044E-06 alpha_mix =  0.700 |ddv_scf|^2 =  1.454E-12

      iter #   4 total cpu time :  8273.5 secs   av.it.:  16.0
      thresh= 1.206E-07 alpha_mix =  0.700 |ddv_scf|^2 =  2.278E-13

      iter #   5 total cpu time :  8365.3 secs   av.it.:  15.8
      thresh= 4.773E-08 alpha_mix =  0.700 |ddv_scf|^2 =  5.602E-15

     End of self-consistent calculation

     Convergence has been achieved 


     Representation #   8 mode #   8

     Self-consistent Calculation

      iter #   1 total cpu time :  8429.1 secs   av.it.:   3.0
      thresh= 1.000E-02 alpha_mix =  0.700 |ddv_scf|^2 =  7.153E-10

      iter #   2 total cpu time :  8518.6 secs   av.it.:  15.8
      thresh= 2.674E-06 alpha_mix =  0.700 |ddv_scf|^2 =  5.224E-11

      iter #   3 total cpu time :  8609.1 secs   av.it.:  16.0
      thresh= 7.228E-07 alpha_mix =  0.700 |ddv_scf|^2 =  1.873E-12

      iter #   4 total cpu time :  8700.0 secs   av.it.:  16.0
      thresh= 1.369E-07 alpha_mix =  0.700 |ddv_scf|^2 =  1.547E-13

      iter #   5 total cpu time :  8792.2 secs   av.it.:  15.9
      thresh= 3.933E-08 alpha_mix =  0.700 |ddv_scf|^2 =  5.909E-15

     End of self-consistent calculation

     Convergence has been achieved 


     Representation #   9 mode #   9

     Self-consistent Calculation

      iter #   1 total cpu time :  8865.7 secs   av.it.:   4.6
      thresh= 1.000E-02 alpha_mix =  0.700 |ddv_scf|^2 =  7.442E-09

      iter #   2 total cpu time :  8962.1 secs   av.it.:  16.0
      thresh= 8.627E-06 alpha_mix =  0.700 |ddv_scf|^2 =  1.008E-09

      iter #   3 total cpu time :  9055.0 secs   av.it.:  15.7
      thresh= 3.175E-06 alpha_mix =  0.700 |ddv_scf|^2 =  1.828E-11

      iter #   4 total cpu time :  9146.7 secs   av.it.:  15.8
      thresh= 4.276E-07 alpha_mix =  0.700 |ddv_scf|^2 =  1.512E-12

      iter #   5 total cpu time :  9240.5 secs   av.it.:  15.9
      thresh= 1.230E-07 alpha_mix =  0.700 |ddv_scf|^2 =  2.535E-14

      iter #   6 total cpu time :  9334.1 secs   av.it.:  15.9
      thresh= 1.592E-08 alpha_mix =  0.700 |ddv_scf|^2 =  2.032E-16

     End of self-consistent calculation

     Convergence has been achieved 


     Representation #  10 mode #  10

     Self-consistent Calculation

      iter #   1 total cpu time :  9417.6 secs   av.it.:   3.0
      thresh= 1.000E-02 alpha_mix =  0.700 |ddv_scf|^2 =  1.083E-09

      iter #   2 total cpu time :  9513.0 secs   av.it.:  15.9
      thresh= 3.291E-06 alpha_mix =  0.700 |ddv_scf|^2 =  1.201E-10

      iter #   3 total cpu time :  9609.0 secs   av.it.:  15.9
      thresh= 1.096E-06 alpha_mix =  0.700 |ddv_scf|^2 =  4.556E-12

      iter #   4 total cpu time :  9704.3 secs   av.it.:  15.9
      thresh= 2.134E-07 alpha_mix =  0.700 |ddv_scf|^2 =  1.796E-13

      iter #   5 total cpu time :  9797.5 secs   av.it.:  15.8
      thresh= 4.237E-08 alpha_mix =  0.700 |ddv_scf|^2 =  6.633E-15

     End of self-consistent calculation

     Convergence has been achieved 


     Representation #  11 mode #  11

     Self-consistent Calculation

      iter #   1 total cpu time :  9863.2 secs   av.it.:   3.0
      thresh= 1.000E-02 alpha_mix =  0.700 |ddv_scf|^2 =  7.585E-10

      iter #   2 total cpu time :  9954.6 secs   av.it.:  15.9
      thresh= 2.754E-06 alpha_mix =  0.700 |ddv_scf|^2 =  1.290E-10

      iter #   3 total cpu time : 10044.2 secs   av.it.:  15.8
      thresh= 1.136E-06 alpha_mix =  0.700 |ddv_scf|^2 =  6.285E-12

      iter #   4 total cpu time : 10134.1 secs   av.it.:  15.9
      thresh= 2.507E-07 alpha_mix =  0.700 |ddv_scf|^2 =  9.921E-14

      iter #   5 total cpu time : 10222.0 secs   av.it.:  15.3
      thresh= 3.150E-08 alpha_mix =  0.700 |ddv_scf|^2 =  4.522E-15

     End of self-consistent calculation

     Convergence has been achieved 


     Representation #  12 mode #  12

     Self-consistent Calculation

      iter #   1 total cpu time : 10286.6 secs   av.it.:   3.0
      thresh= 1.000E-02 alpha_mix =  0.700 |ddv_scf|^2 =  7.267E-10

      iter #   2 total cpu time : 10376.1 secs   av.it.:  16.0
      thresh= 2.696E-06 alpha_mix =  0.700 |ddv_scf|^2 =  1.091E-10

      iter #   3 total cpu time : 10466.0 secs   av.it.:  15.9
      thresh= 1.044E-06 alpha_mix =  0.700 |ddv_scf|^2 =  4.355E-12

      iter #   4 total cpu time : 10556.4 secs   av.it.:  15.9
      thresh= 2.087E-07 alpha_mix =  0.700 |ddv_scf|^2 =  2.573E-13

      iter #   5 total cpu time : 10645.3 secs   av.it.:  15.5
      thresh= 5.073E-08 alpha_mix =  0.700 |ddv_scf|^2 =  6.087E-15

     End of self-consistent calculation

     Convergence has been achieved 


     Representation #  13 mode #  13

     Self-consistent Calculation

      iter #   1 total cpu time : 10712.5 secs   av.it.:   3.4
      thresh= 1.000E-02 alpha_mix =  0.700 |ddv_scf|^2 =  1.722E-09

      iter #   2 total cpu time : 10801.7 secs   av.it.:  15.9
      thresh= 4.150E-06 alpha_mix =  0.700 |ddv_scf|^2 =  5.495E-10

      iter #   3 total cpu time : 10888.4 secs   av.it.:  15.3
      thresh= 2.344E-06 alpha_mix =  0.700 |ddv_scf|^2 =  1.843E-12

      iter #   4 total cpu time : 10982.0 secs   av.it.:  15.7
      thresh= 1.358E-07 alpha_mix =  0.700 |ddv_scf|^2 =  6.148E-14

      iter #   5 total cpu time : 11076.3 secs   av.it.:  15.9
      thresh= 2.480E-08 alpha_mix =  0.700 |ddv_scf|^2 =  2.943E-15

     End of self-consistent calculation

     Convergence has been achieved 


     Representation #  14 mode #  14

     Self-consistent Calculation

      iter #   1 total cpu time : 11147.4 secs   av.it.:   4.0
      thresh= 1.000E-02 alpha_mix =  0.700 |ddv_scf|^2 =  8.730E-09

      iter #   2 total cpu time : 11236.4 secs   av.it.:  15.7
      thresh= 9.343E-06 alpha_mix =  0.700 |ddv_scf|^2 =  1.012E-09

      iter #   3 total cpu time : 11324.6 secs   av.it.:  15.1
      thresh= 3.181E-06 alpha_mix =  0.700 |ddv_scf|^2 =  1.038E-11

      iter #   4 total cpu time : 11414.5 secs   av.it.:  15.9
      thresh= 3.222E-07 alpha_mix =  0.700 |ddv_scf|^2 =  1.496E-12

      iter #   5 total cpu time : 11506.7 secs   av.it.:  15.7
      thresh= 1.223E-07 alpha_mix =  0.700 |ddv_scf|^2 =  6.740E-14

      iter #   6 total cpu time : 11600.9 secs   av.it.:  15.5
      thresh= 2.596E-08 alpha_mix =  0.700 |ddv_scf|^2 =  1.941E-16

     End of self-consistent calculation

     Convergence has been achieved 


     Representation #  15 mode #  15

     Self-consistent Calculation

      iter #   1 total cpu time : 11686.1 secs   av.it.:   3.0
      thresh= 1.000E-02 alpha_mix =  0.700 |ddv_scf|^2 =  1.406E-09

      iter #   2 total cpu time : 11781.2 secs   av.it.:  15.9
      thresh= 3.750E-06 alpha_mix =  0.700 |ddv_scf|^2 =  2.451E-10

      iter #   3 total cpu time : 11873.7 secs   av.it.:  15.6
      thresh= 1.565E-06 alpha_mix =  0.700 |ddv_scf|^2 =  3.319E-12

      iter #   4 total cpu time : 11969.7 secs   av.it.:  16.0
      thresh= 1.822E-07 alpha_mix =  0.700 |ddv_scf|^2 =  1.284E-13

      iter #   5 total cpu time : 12066.2 secs   av.it.:  15.9
      thresh= 3.583E-08 alpha_mix =  0.700 |ddv_scf|^2 =  5.402E-15

     End of self-consistent calculation

     Convergence has been achieved 


     Representation #  16 mode #  16

     Self-consistent Calculation

      iter #   1 total cpu time : 12133.5 secs   av.it.:   3.0
      thresh= 1.000E-02 alpha_mix =  0.700 |ddv_scf|^2 =  1.578E-09

      iter #   2 total cpu time : 12225.4 secs   av.it.:  15.9
      thresh= 3.972E-06 alpha_mix =  0.700 |ddv_scf|^2 =  5.271E-10

      iter #   3 total cpu time : 12318.0 secs   av.it.:  15.2
      thresh= 2.296E-06 alpha_mix =  0.700 |ddv_scf|^2 =  1.648E-12

      iter #   4 total cpu time : 12413.5 secs   av.it.:  16.0
      thresh= 1.284E-07 alpha_mix =  0.700 |ddv_scf|^2 =  4.786E-14

      iter #   5 total cpu time : 12506.0 secs   av.it.:  15.7
      thresh= 2.188E-08 alpha_mix =  0.700 |ddv_scf|^2 =  3.111E-15

     End of self-consistent calculation

     Convergence has been achieved 


     Representation #  17 mode #  17

     Self-consistent Calculation

      iter #   1 total cpu time : 12578.6 secs   av.it.:   4.7
      thresh= 1.000E-02 alpha_mix =  0.700 |ddv_scf|^2 =  1.405E-08

      iter #   2 total cpu time : 12672.2 secs   av.it.:  15.9
      thresh= 1.185E-05 alpha_mix =  0.700 |ddv_scf|^2 =  6.266E-09

      iter #   3 total cpu time : 12760.7 secs   av.it.:  15.0
      thresh= 7.916E-06 alpha_mix =  0.700 |ddv_scf|^2 =  8.931E-11

      iter #   4 total cpu time : 12851.5 secs   av.it.:  15.3
      thresh= 9.450E-07 alpha_mix =  0.700 |ddv_scf|^2 =  5.907E-12

      iter #   5 total cpu time : 12942.6 secs   av.it.:  15.5
      thresh= 2.430E-07 alpha_mix =  0.700 |ddv_scf|^2 =  4.546E-13

      iter #   6 total cpu time : 13033.2 secs   av.it.:  15.1
      thresh= 6.743E-08 alpha_mix =  0.700 |ddv_scf|^2 =  8.607E-15

     End of self-consistent calculation

     Convergence has been achieved 


     Representation #  18 mode #  18

     Self-consistent Calculation

      iter #   1 total cpu time : 13117.6 secs   av.it.:   3.2
      thresh= 1.000E-02 alpha_mix =  0.700 |ddv_scf|^2 =  3.580E-09

      iter #   2 total cpu time : 13207.0 secs   av.it.:  15.7
      thresh= 5.984E-06 alpha_mix =  0.700 |ddv_scf|^2 =  1.982E-09

      iter #   3 total cpu time : 13293.5 secs   av.it.:  14.9
      thresh= 4.452E-06 alpha_mix =  0.700 |ddv_scf|^2 =  2.817E-12

      iter #   4 total cpu time : 13384.9 secs   av.it.:  16.0
      thresh= 1.678E-07 alpha_mix =  0.700 |ddv_scf|^2 =  3.839E-13

      iter #   5 total cpu time : 13475.1 secs   av.it.:  15.3
      thresh= 6.196E-08 alpha_mix =  0.700 |ddv_scf|^2 =  3.844E-14

      iter #   6 total cpu time : 13563.6 secs   av.it.:  15.0
      thresh= 1.961E-08 alpha_mix =  0.700 |ddv_scf|^2 =  2.708E-15

     End of self-consistent calculation

     Convergence has been achieved 


     Representation #  19 mode #  19

     Self-consistent Calculation

      iter #   1 total cpu time : 13629.1 secs   av.it.:   3.0
      thresh= 1.000E-02 alpha_mix =  0.700 |ddv_scf|^2 =  9.436E-10

      iter #   2 total cpu time : 13719.1 secs   av.it.:  16.0
      thresh= 3.072E-06 alpha_mix =  0.700 |ddv_scf|^2 =  2.011E-10

      iter #   3 total cpu time : 13810.0 secs   av.it.:  15.8
      thresh= 1.418E-06 alpha_mix =  0.700 |ddv_scf|^2 =  1.095E-11

      iter #   4 total cpu time : 13900.2 secs   av.it.:  15.0
      thresh= 3.309E-07 alpha_mix =  0.700 |ddv_scf|^2 =  5.875E-13

      iter #   5 total cpu time : 13993.9 secs   av.it.:  15.6
      thresh= 7.665E-08 alpha_mix =  0.700 |ddv_scf|^2 =  1.328E-14

      iter #   6 total cpu time : 14088.5 secs   av.it.:  15.8
      thresh= 1.152E-08 alpha_mix =  0.700 |ddv_scf|^2 =  2.391E-15

     End of self-consistent calculation

     Convergence has been achieved 


     Representation #  20 mode #  20

     Self-consistent Calculation

      iter #   1 total cpu time : 14156.4 secs   av.it.:   3.8
      thresh= 1.000E-02 alpha_mix =  0.700 |ddv_scf|^2 =  5.614E-09

      iter #   2 total cpu time : 14247.7 secs   av.it.:  15.4
      thresh= 7.493E-06 alpha_mix =  0.700 |ddv_scf|^2 =  3.206E-09

      iter #   3 total cpu time : 14353.5 secs   av.it.:  14.8
      thresh= 5.662E-06 alpha_mix =  0.700 |ddv_scf|^2 =  9.523E-12

      iter #   4 total cpu time : 14444.6 secs   av.it.:  14.9
      thresh= 3.086E-07 alpha_mix =  0.700 |ddv_scf|^2 =  8.751E-13

      iter #   5 total cpu time : 14537.8 secs   av.it.:  15.0
      thresh= 9.355E-08 alpha_mix =  0.700 |ddv_scf|^2 =  7.269E-14

      iter #   6 total cpu time : 14628.9 secs   av.it.:  14.9
      thresh= 2.696E-08 alpha_mix =  0.700 |ddv_scf|^2 =  6.468E-15

     End of self-consistent calculation

     Convergence has been achieved 


     Representation #  21 mode #  21

     Self-consistent Calculation

      iter #   1 total cpu time : 14696.5 secs   av.it.:   3.0
      thresh= 1.000E-02 alpha_mix =  0.700 |ddv_scf|^2 =  6.937E-09

      iter #   2 total cpu time : 14791.0 secs   av.it.:  15.4
      thresh= 8.329E-06 alpha_mix =  0.700 |ddv_scf|^2 =  4.711E-09

      iter #   3 total cpu time : 14881.6 secs   av.it.:  14.9
      thresh= 6.864E-06 alpha_mix =  0.700 |ddv_scf|^2 =  4.415E-12

      iter #   4 total cpu time : 14978.1 secs   av.it.:  15.9
      thresh= 2.101E-07 alpha_mix =  0.700 |ddv_scf|^2 =  6.910E-13

      iter #   5 total cpu time : 15073.4 secs   av.it.:  15.8
      thresh= 8.313E-08 alpha_mix =  0.700 |ddv_scf|^2 =  7.109E-14

      iter #   6 total cpu time : 15167.0 secs   av.it.:  15.2
      thresh= 2.666E-08 alpha_mix =  0.700 |ddv_scf|^2 =  3.331E-15

     End of self-consistent calculation

     Convergence has been achieved 


     Representation #  22 mode #  22

     Self-consistent Calculation

      iter #   1 total cpu time : 15249.9 secs   av.it.:   6.5
      thresh= 1.000E-02 alpha_mix =  0.700 |ddv_scf|^2 =  3.762E-08

      iter #   2 total cpu time : 15342.5 secs   av.it.:  15.3
      thresh= 1.940E-05 alpha_mix =  0.700 |ddv_scf|^2 =  6.046E-09

      iter #   3 total cpu time : 15434.1 secs   av.it.:  15.1
      thresh= 7.775E-06 alpha_mix =  0.700 |ddv_scf|^2 =  2.907E-11

      iter #   4 total cpu time : 15523.7 secs   av.it.:  15.1
      thresh= 5.392E-07 alpha_mix =  0.700 |ddv_scf|^2 =  2.229E-13

      iter #   5 total cpu time : 15612.0 secs   av.it.:  15.5
      thresh= 4.721E-08 alpha_mix =  0.700 |ddv_scf|^2 =  7.700E-15

     End of self-consistent calculation

     Convergence has been achieved 


     Representation #  23 mode #  23

     Self-consistent Calculation

      iter #   1 total cpu time : 15682.6 secs   av.it.:   3.0
      thresh= 1.000E-02 alpha_mix =  0.700 |ddv_scf|^2 =  4.913E-09

      iter #   2 total cpu time : 15771.8 secs   av.it.:  15.0
      thresh= 7.009E-06 alpha_mix =  0.700 |ddv_scf|^2 =  2.646E-09

      iter #   3 total cpu time : 15858.2 secs   av.it.:  14.8
      thresh= 5.144E-06 alpha_mix =  0.700 |ddv_scf|^2 =  1.475E-11

      iter #   4 total cpu time : 15949.3 secs   av.it.:  15.0
      thresh= 3.841E-07 alpha_mix =  0.700 |ddv_scf|^2 =  1.394E-12

      iter #   5 total cpu time : 16039.1 secs   av.it.:  15.0
      thresh= 1.181E-07 alpha_mix =  0.700 |ddv_scf|^2 =  2.411E-14

      iter #   6 total cpu time : 16132.0 secs   av.it.:  15.8
      thresh= 1.553E-08 alpha_mix =  0.700 |ddv_scf|^2 =  2.503E-15

     End of self-consistent calculation

     Convergence has been achieved 


     Representation #  24 mode #  24

     Self-consistent Calculation

      iter #   1 total cpu time : 16197.4 secs   av.it.:   3.0
      thresh= 1.000E-02 alpha_mix =  0.700 |ddv_scf|^2 =  7.149E-10

      iter #   2 total cpu time : 16291.3 secs   av.it.:  15.8
      thresh= 2.674E-06 alpha_mix =  0.700 |ddv_scf|^2 =  1.053E-10

      iter #   3 total cpu time : 16384.2 secs   av.it.:  15.6
      thresh= 1.026E-06 alpha_mix =  0.700 |ddv_scf|^2 =  9.052E-12

      iter #   4 total cpu time : 16474.2 secs   av.it.:  15.0
      thresh= 3.009E-07 alpha_mix =  0.700 |ddv_scf|^2 =  6.987E-13

      iter #   5 total cpu time : 16566.4 secs   av.it.:  15.0
      thresh= 8.359E-08 alpha_mix =  0.700 |ddv_scf|^2 =  1.103E-14

      iter #   6 total cpu time : 16659.6 secs   av.it.:  15.5
      thresh= 1.050E-08 alpha_mix =  0.700 |ddv_scf|^2 =  1.011E-15

     End of self-consistent calculation

     Convergence has been achieved 


     Representation #  25 mode #  25

     Self-consistent Calculation

      iter #   1 total cpu time : 16726.0 secs   av.it.:   3.1
      thresh= 1.000E-02 alpha_mix =  0.700 |ddv_scf|^2 =  5.275E-09

      iter #   2 total cpu time : 16814.1 secs   av.it.:  15.6
      thresh= 7.263E-06 alpha_mix =  0.700 |ddv_scf|^2 =  2.858E-09

      iter #   3 total cpu time : 16900.3 secs   av.it.:  14.9
      thresh= 5.346E-06 alpha_mix =  0.700 |ddv_scf|^2 =  1.983E-11

      iter #   4 total cpu time : 16986.9 secs   av.it.:  15.0
      thresh= 4.453E-07 alpha_mix =  0.700 |ddv_scf|^2 =  1.268E-12

      iter #   5 total cpu time : 17073.6 secs   av.it.:  15.1
      thresh= 1.126E-07 alpha_mix =  0.700 |ddv_scf|^2 =  3.886E-14

      iter #   6 total cpu time : 17161.6 secs   av.it.:  15.8
      thresh= 1.971E-08 alpha_mix =  0.700 |ddv_scf|^2 =  7.123E-15

     End of self-consistent calculation

     Convergence has been achieved 


     Representation #  26 mode #  26

     Self-consistent Calculation

      iter #   1 total cpu time : 17225.7 secs   av.it.:   3.0
      thresh= 1.000E-02 alpha_mix =  0.700 |ddv_scf|^2 =  4.412E-09

      iter #   2 total cpu time : 17315.5 secs   av.it.:  15.0
      thresh= 6.642E-06 alpha_mix =  0.700 |ddv_scf|^2 =  1.422E-09

      iter #   3 total cpu time : 17401.8 secs   av.it.:  14.7
      thresh= 3.772E-06 alpha_mix =  0.700 |ddv_scf|^2 =  6.009E-12

      iter #   4 total cpu time : 17492.5 secs   av.it.:  15.1
      thresh= 2.451E-07 alpha_mix =  0.700 |ddv_scf|^2 =  1.305E-12

      iter #   5 total cpu time : 17582.3 secs   av.it.:  15.0
      thresh= 1.142E-07 alpha_mix =  0.700 |ddv_scf|^2 =  1.602E-14

      iter #   6 total cpu time : 17673.6 secs   av.it.:  15.1
      thresh= 1.266E-08 alpha_mix =  0.700 |ddv_scf|^2 =  2.778E-15

     End of self-consistent calculation

     Convergence has been achieved 


     Representation #  27 mode #  27

     Self-consistent Calculation

      iter #   1 total cpu time : 17746.5 secs   av.it.:   5.0
      thresh= 1.000E-02 alpha_mix =  0.700 |ddv_scf|^2 =  4.611E-08

      iter #   2 total cpu time : 17833.9 secs   av.it.:  15.0
      thresh= 2.147E-05 alpha_mix =  0.700 |ddv_scf|^2 =  2.504E-08

      iter #   3 total cpu time : 17917.7 secs   av.it.:  14.3
      thresh= 1.582E-05 alpha_mix =  0.700 |ddv_scf|^2 =  1.425E-10

      iter #   4 total cpu time : 18003.6 secs   av.it.:  14.9
      thresh= 1.194E-06 alpha_mix =  0.700 |ddv_scf|^2 =  5.975E-12

      iter #   5 total cpu time : 18094.9 secs   av.it.:  15.0
      thresh= 2.444E-07 alpha_mix =  0.700 |ddv_scf|^2 =  1.359E-13

      iter #   6 total cpu time : 18185.3 secs   av.it.:  15.9
      thresh= 3.686E-08 alpha_mix =  0.700 |ddv_scf|^2 =  2.174E-14

      iter #   7 total cpu time : 18272.1 secs   av.it.:  15.0
      thresh= 1.475E-08 alpha_mix =  0.700 |ddv_scf|^2 =  5.564E-16

     End of self-consistent calculation

     Convergence has been achieved 


     Representation #  28 mode #  28

     Self-consistent Calculation

      iter #   1 total cpu time : 18354.8 secs   av.it.:   3.0
      thresh= 1.000E-02 alpha_mix =  0.700 |ddv_scf|^2 =  7.739E-09

      iter #   2 total cpu time : 18442.4 secs   av.it.:  14.9
      thresh= 8.797E-06 alpha_mix =  0.700 |ddv_scf|^2 =  5.332E-09

      iter #   3 total cpu time : 18529.6 secs   av.it.:  14.0
      thresh= 7.302E-06 alpha_mix =  0.700 |ddv_scf|^2 =  5.788E-12

      iter #   4 total cpu time : 18618.8 secs   av.it.:  15.1
      thresh= 2.406E-07 alpha_mix =  0.700 |ddv_scf|^2 =  1.269E-12

      iter #   5 total cpu time : 18703.5 secs   av.it.:  14.7
      thresh= 1.126E-07 alpha_mix =  0.700 |ddv_scf|^2 =  1.401E-14

      iter #   6 total cpu time : 18795.6 secs   av.it.:  15.4
      thresh= 1.184E-08 alpha_mix =  0.700 |ddv_scf|^2 =  2.390E-15

     End of self-consistent calculation

     Convergence has been achieved 


     Representation #  29 mode #  29

     Self-consistent Calculation

      iter #   1 total cpu time : 18862.8 secs   av.it.:   3.8
      thresh= 1.000E-02 alpha_mix =  0.700 |ddv_scf|^2 =  4.208E-09

      iter #   2 total cpu time : 18957.0 secs   av.it.:  15.8
      thresh= 6.487E-06 alpha_mix =  0.700 |ddv_scf|^2 =  2.545E-09

      iter #   3 total cpu time : 19046.4 secs   av.it.:  14.9
      thresh= 5.045E-06 alpha_mix =  0.700 |ddv_scf|^2 =  1.854E-12

      iter #   4 total cpu time : 19140.8 secs   av.it.:  15.9
      thresh= 1.362E-07 alpha_mix =  0.700 |ddv_scf|^2 =  4.142E-13

      iter #   5 total cpu time : 19232.6 secs   av.it.:  15.0
      thresh= 6.436E-08 alpha_mix =  0.700 |ddv_scf|^2 =  2.572E-14

      iter #   6 total cpu time : 19320.9 secs   av.it.:  15.0
      thresh= 1.604E-08 alpha_mix =  0.700 |ddv_scf|^2 =  2.754E-15

     End of self-consistent calculation

     Convergence has been achieved 


     Representation #  30 mode #  30

     Self-consistent Calculation

      iter #   1 total cpu time : 19394.3 secs   av.it.:   5.0
      thresh= 1.000E-02 alpha_mix =  0.700 |ddv_scf|^2 =  5.029E-08

      iter #   2 total cpu time : 19486.2 secs   av.it.:  15.0
      thresh= 2.243E-05 alpha_mix =  0.700 |ddv_scf|^2 =  3.741E-08

      iter #   3 total cpu time : 19573.8 secs   av.it.:  14.3
      thresh= 1.934E-05 alpha_mix =  0.700 |ddv_scf|^2 =  4.973E-11

      iter #   4 total cpu time : 19665.7 secs   av.it.:  15.9
      thresh= 7.052E-07 alpha_mix =  0.700 |ddv_scf|^2 =  5.965E-12

      iter #   5 total cpu time : 19756.5 secs   av.it.:  15.5
      thresh= 2.442E-07 alpha_mix =  0.700 |ddv_scf|^2 =  2.481E-13

      iter #   6 total cpu time : 19848.4 secs   av.it.:  15.5
      thresh= 4.981E-08 alpha_mix =  0.700 |ddv_scf|^2 =  4.584E-15

     End of self-consistent calculation

     Convergence has been achieved 


     Representation #  31 mode #  31

     Self-consistent Calculation

      iter #   1 total cpu time : 19931.9 secs   av.it.:   3.0
      thresh= 1.000E-02 alpha_mix =  0.700 |ddv_scf|^2 =  6.274E-09

      iter #   2 total cpu time : 20020.5 secs   av.it.:  15.0
      thresh= 7.921E-06 alpha_mix =  0.700 |ddv_scf|^2 =  3.386E-09

      iter #   3 total cpu time : 20107.3 secs   av.it.:  14.5
      thresh= 5.819E-06 alpha_mix =  0.700 |ddv_scf|^2 =  1.362E-11

      iter #   4 total cpu time : 20195.9 secs   av.it.:  15.0
      thresh= 3.691E-07 alpha_mix =  0.700 |ddv_scf|^2 =  1.746E-12

      iter #   5 total cpu time : 20279.6 secs   av.it.:  14.7
      thresh= 1.322E-07 alpha_mix =  0.700 |ddv_scf|^2 =  3.734E-14

      iter #   6 total cpu time : 20367.7 secs   av.it.:  15.3
      thresh= 1.932E-08 alpha_mix =  0.700 |ddv_scf|^2 =  7.678E-15

     End of self-consistent calculation

     Convergence has been achieved 


     Representation #  32 mode #  32

     Self-consistent Calculation

      iter #   1 total cpu time : 20434.0 secs   av.it.:   3.4
      thresh= 1.000E-02 alpha_mix =  0.700 |ddv_scf|^2 =  2.394E-09

      iter #   2 total cpu time : 20526.4 secs   av.it.:  15.9
      thresh= 4.892E-06 alpha_mix =  0.700 |ddv_scf|^2 =  1.354E-09

      iter #   3 total cpu time : 20614.8 secs   av.it.:  14.9
      thresh= 3.680E-06 alpha_mix =  0.700 |ddv_scf|^2 =  4.707E-12

      iter #   4 total cpu time : 20704.5 secs   av.it.:  15.0
      thresh= 2.169E-07 alpha_mix =  0.700 |ddv_scf|^2 =  5.549E-13

      iter #   5 total cpu time : 20794.5 secs   av.it.:  15.0
      thresh= 7.449E-08 alpha_mix =  0.700 |ddv_scf|^2 =  3.630E-14

      iter #   6 total cpu time : 20884.3 secs   av.it.:  15.0
      thresh= 1.905E-08 alpha_mix =  0.700 |ddv_scf|^2 =  4.405E-15

     End of self-consistent calculation

     Convergence has been achieved 


     Representation #  33 mode #  33

     Self-consistent Calculation

      iter #   1 total cpu time : 20950.9 secs   av.it.:   3.4
      thresh= 1.000E-02 alpha_mix =  0.700 |ddv_scf|^2 =  3.961E-09

      iter #   2 total cpu time : 21040.2 secs   av.it.:  15.9
      thresh= 6.293E-06 alpha_mix =  0.700 |ddv_scf|^2 =  2.902E-09

      iter #   3 total cpu time : 21127.1 secs   av.it.:  14.9
      thresh= 5.387E-06 alpha_mix =  0.700 |ddv_scf|^2 =  5.515E-12

      iter #   4 total cpu time : 21219.2 secs   av.it.:  16.0
      thresh= 2.348E-07 alpha_mix =  0.700 |ddv_scf|^2 =  4.876E-13

      iter #   5 total cpu time : 21311.8 secs   av.it.:  16.0
      thresh= 6.983E-08 alpha_mix =  0.700 |ddv_scf|^2 =  1.755E-14

      iter #   6 total cpu time : 21403.2 secs   av.it.:  15.9
      thresh= 1.325E-08 alpha_mix =  0.700 |ddv_scf|^2 =  1.267E-15

     End of self-consistent calculation

     Convergence has been achieved 


     Representation #  34 mode #  34

     Self-consistent Calculation

      iter #   1 total cpu time : 21468.4 secs   av.it.:   3.0
      thresh= 1.000E-02 alpha_mix =  0.700 |ddv_scf|^2 =  8.386E-10

      iter #   2 total cpu time : 21561.7 secs   av.it.:  15.9
      thresh= 2.896E-06 alpha_mix =  0.700 |ddv_scf|^2 =  1.113E-10

      iter #   3 total cpu time : 21651.6 secs   av.it.:  15.1
      thresh= 1.055E-06 alpha_mix =  0.700 |ddv_scf|^2 =  8.907E-12

      iter #   4 total cpu time : 21739.1 secs   av.it.:  15.1
      thresh= 2.984E-07 alpha_mix =  0.700 |ddv_scf|^2 =  6.275E-13

      iter #   5 total cpu time : 21828.6 secs   av.it.:  15.0
      thresh= 7.921E-08 alpha_mix =  0.700 |ddv_scf|^2 =  2.226E-14

      iter #   6 total cpu time : 21920.8 secs   av.it.:  15.1
      thresh= 1.492E-08 alpha_mix =  0.700 |ddv_scf|^2 =  8.511E-16

     End of self-consistent calculation

     Convergence has been achieved 


     Representation #  35 mode #  35

     Self-consistent Calculation

      iter #   1 total cpu time : 21987.8 secs   av.it.:   3.0
      thresh= 1.000E-02 alpha_mix =  0.700 |ddv_scf|^2 =  2.410E-09

      iter #   2 total cpu time : 22080.6 secs   av.it.:  15.6
      thresh= 4.909E-06 alpha_mix =  0.700 |ddv_scf|^2 =  8.551E-10

      iter #   3 total cpu time : 22169.3 secs   av.it.:  15.0
      thresh= 2.924E-06 alpha_mix =  0.700 |ddv_scf|^2 =  1.902E-11

      iter #   4 total cpu time : 22256.0 secs   av.it.:  15.0
      thresh= 4.361E-07 alpha_mix =  0.700 |ddv_scf|^2 =  6.894E-13

      iter #   5 total cpu time : 22347.1 secs   av.it.:  15.6
      thresh= 8.303E-08 alpha_mix =  0.700 |ddv_scf|^2 =  3.398E-14

      iter #   6 total cpu time : 22440.0 secs   av.it.:  15.4
      thresh= 1.843E-08 alpha_mix =  0.700 |ddv_scf|^2 =  1.358E-15

     End of self-consistent calculation

     Convergence has been achieved 


     Representation #  36 mode #  36

     Self-consistent Calculation

      iter #   1 total cpu time : 22513.0 secs   av.it.:   4.2
      thresh= 1.000E-02 alpha_mix =  0.700 |ddv_scf|^2 =  5.231E-09

      iter #   2 total cpu time : 22609.7 secs   av.it.:  16.0
      thresh= 7.233E-06 alpha_mix =  0.700 |ddv_scf|^2 =  3.311E-10

      iter #   3 total cpu time : 22705.1 secs   av.it.:  15.9
      thresh= 1.820E-06 alpha_mix =  0.700 |ddv_scf|^2 =  1.026E-11

      iter #   4 total cpu time : 22799.5 secs   av.it.:  15.9
      thresh= 3.203E-07 alpha_mix =  0.700 |ddv_scf|^2 =  3.457E-12

      iter #   5 total cpu time : 22886.6 secs   av.it.:  15.0
      thresh= 1.859E-07 alpha_mix =  0.700 |ddv_scf|^2 =  6.680E-14

      iter #   6 total cpu time : 22975.6 secs   av.it.:  15.7
      thresh= 2.585E-08 alpha_mix =  0.700 |ddv_scf|^2 =  3.401E-15

     End of self-consistent calculation

     Convergence has been achieved 


     Representation #  37 mode #  37

     Self-consistent Calculation

      iter #   1 total cpu time : 23059.3 secs   av.it.:   3.0
      thresh= 1.000E-02 alpha_mix =  0.700 |ddv_scf|^2 =  8.050E-10

      iter #   2 total cpu time : 23150.1 secs   av.it.:  15.9
      thresh= 2.837E-06 alpha_mix =  0.700 |ddv_scf|^2 =  1.306E-10

      iter #   3 total cpu time : 23239.4 secs   av.it.:  15.6
      thresh= 1.143E-06 alpha_mix =  0.700 |ddv_scf|^2 =  1.753E-11

      iter #   4 total cpu time : 23326.4 secs   av.it.:  15.0
      thresh= 4.186E-07 alpha_mix =  0.700 |ddv_scf|^2 =  2.767E-13

      iter #   5 total cpu time : 23419.7 secs   av.it.:  15.5
      thresh= 5.260E-08 alpha_mix =  0.700 |ddv_scf|^2 =  6.245E-15

     End of self-consistent calculation

     Convergence has been achieved 


     Representation #  38 mode #  38

     Self-consistent Calculation

      iter #   1 total cpu time : 23487.1 secs   av.it.:   3.0
      thresh= 1.000E-02 alpha_mix =  0.700 |ddv_scf|^2 =  1.623E-09

      iter #   2 total cpu time : 23582.3 secs   av.it.:  15.9
      thresh= 4.029E-06 alpha_mix =  0.700 |ddv_scf|^2 =  3.285E-10

      iter #   3 total cpu time : 23672.7 secs   av.it.:  15.2
      thresh= 1.812E-06 alpha_mix =  0.700 |ddv_scf|^2 =  1.205E-11

      iter #   4 total cpu time : 23760.4 secs   av.it.:  15.0
      thresh= 3.472E-07 alpha_mix =  0.700 |ddv_scf|^2 =  9.679E-13

      iter #   5 total cpu time : 23848.8 secs   av.it.:  15.0
      thresh= 9.838E-08 alpha_mix =  0.700 |ddv_scf|^2 =  2.182E-14

      iter #   6 total cpu time : 23938.4 secs   av.it.:  15.7
      thresh= 1.477E-08 alpha_mix =  0.700 |ddv_scf|^2 =  1.030E-15

     End of self-consistent calculation

     Convergence has been achieved 


     Representation #  39 mode #  39

     Self-consistent Calculation

      iter #   1 total cpu time : 24020.8 secs   av.it.:   6.1
      thresh= 1.000E-02 alpha_mix =  0.700 |ddv_scf|^2 =  2.005E-07

      iter #   2 total cpu time : 24109.3 secs   av.it.:  15.1
      thresh= 4.478E-05 alpha_mix =  0.700 |ddv_scf|^2 =  9.582E-08

      iter #   3 total cpu time : 24194.0 secs   av.it.:  14.7
      thresh= 3.096E-05 alpha_mix =  0.700 |ddv_scf|^2 =  4.936E-10

      iter #   4 total cpu time : 24281.1 secs   av.it.:  15.2
      thresh= 2.222E-06 alpha_mix =  0.700 |ddv_scf|^2 =  1.222E-11

      iter #   5 total cpu time : 24371.5 secs   av.it.:  15.6
      thresh= 3.496E-07 alpha_mix =  0.700 |ddv_scf|^2 =  5.656E-13

      iter #   6 total cpu time : 24456.6 secs   av.it.:  14.9
      thresh= 7.520E-08 alpha_mix =  0.700 |ddv_scf|^2 =  6.814E-14

      iter #   7 total cpu time : 24539.5 secs   av.it.:  14.5
      thresh= 2.610E-08 alpha_mix =  0.700 |ddv_scf|^2 =  5.962E-15

     End of self-consistent calculation

     Convergence has been achieved 


     Representation #  40 mode #  40

     Self-consistent Calculation

      iter #   1 total cpu time : 24616.1 secs   av.it.:   4.5
      thresh= 1.000E-02 alpha_mix =  0.700 |ddv_scf|^2 =  8.855E-09

      iter #   2 total cpu time : 24706.1 secs   av.it.:  15.9
      thresh= 9.410E-06 alpha_mix =  0.700 |ddv_scf|^2 =  1.883E-09

      iter #   3 total cpu time : 24796.5 secs   av.it.:  15.2
      thresh= 4.340E-06 alpha_mix =  0.700 |ddv_scf|^2 =  3.357E-11

      iter #   4 total cpu time : 24887.6 secs   av.it.:  15.5
      thresh= 5.794E-07 alpha_mix =  0.700 |ddv_scf|^2 =  5.409E-12

      iter #   5 total cpu time : 24975.3 secs   av.it.:  15.1
      thresh= 2.326E-07 alpha_mix =  0.700 |ddv_scf|^2 =  3.977E-13

      iter #   6 total cpu time : 25063.4 secs   av.it.:  15.4
      thresh= 6.307E-08 alpha_mix =  0.700 |ddv_scf|^2 =  1.511E-15

     End of self-consistent calculation

     Convergence has been achieved 


     Representation #  41 mode #  41

     Self-consistent Calculation

      iter #   1 total cpu time : 25148.4 secs   av.it.:   3.9
      thresh= 1.000E-02 alpha_mix =  0.700 |ddv_scf|^2 =  6.149E-09

      iter #   2 total cpu time : 25235.5 secs   av.it.:  15.6
      thresh= 7.842E-06 alpha_mix =  0.700 |ddv_scf|^2 =  4.016E-09

      iter #   3 total cpu time : 25318.2 secs   av.it.:  14.9
      thresh= 6.337E-06 alpha_mix =  0.700 |ddv_scf|^2 =  3.843E-12

      iter #   4 total cpu time : 25406.0 secs   av.it.:  15.9
      thresh= 1.960E-07 alpha_mix =  0.700 |ddv_scf|^2 =  6.819E-13

      iter #   5 total cpu time : 25493.1 secs   av.it.:  15.3
      thresh= 8.258E-08 alpha_mix =  0.700 |ddv_scf|^2 =  5.300E-14

      iter #   6 total cpu time : 25580.4 secs   av.it.:  15.0
      thresh= 2.302E-08 alpha_mix =  0.700 |ddv_scf|^2 =  7.582E-16

     End of self-consistent calculation

     Convergence has been achieved 


     Representation #  42 mode #  42

     Self-consistent Calculation

      iter #   1 total cpu time : 25644.2 secs   av.it.:   3.0
      thresh= 1.000E-02 alpha_mix =  0.700 |ddv_scf|^2 =  3.934E-10

      iter #   2 total cpu time : 25734.1 secs   av.it.:  15.9
      thresh= 1.983E-06 alpha_mix =  0.700 |ddv_scf|^2 =  1.124E-10

      iter #   3 total cpu time : 25825.0 secs   av.it.:  15.0
      thresh= 1.060E-06 alpha_mix =  0.700 |ddv_scf|^2 =  1.534E-11

      iter #   4 total cpu time : 25916.1 secs   av.it.:  14.9
      thresh= 3.917E-07 alpha_mix =  0.700 |ddv_scf|^2 =  2.424E-13

      iter #   5 total cpu time : 26010.4 secs   av.it.:  15.7
      thresh= 4.923E-08 alpha_mix =  0.700 |ddv_scf|^2 =  1.370E-14

      iter #   6 total cpu time : 26103.7 secs   av.it.:  15.4
      thresh= 1.171E-08 alpha_mix =  0.700 |ddv_scf|^2 =  6.340E-16

     End of self-consistent calculation

     Convergence has been achieved 


     Representation #  43 mode #  43

     Self-consistent Calculation

      iter #   1 total cpu time : 26177.4 secs   av.it.:   4.1
      thresh= 1.000E-02 alpha_mix =  0.700 |ddv_scf|^2 =  5.468E-09

      iter #   2 total cpu time : 26274.3 secs   av.it.:  16.0
      thresh= 7.395E-06 alpha_mix =  0.700 |ddv_scf|^2 =  3.819E-10

      iter #   3 total cpu time : 26369.4 secs   av.it.:  15.9
      thresh= 1.954E-06 alpha_mix =  0.700 |ddv_scf|^2 =  1.670E-11

      iter #   4 total cpu time : 26463.5 secs   av.it.:  15.6
      thresh= 4.087E-07 alpha_mix =  0.700 |ddv_scf|^2 =  4.878E-12

      iter #   5 total cpu time : 26555.3 secs   av.it.:  15.0
      thresh= 2.209E-07 alpha_mix =  0.700 |ddv_scf|^2 =  2.715E-14

      iter #   6 total cpu time : 26651.1 secs   av.it.:  15.9
      thresh= 1.648E-08 alpha_mix =  0.700 |ddv_scf|^2 =  1.598E-15

     End of self-consistent calculation

     Convergence has been achieved 


     Representation #  44 mode #  44

     Self-consistent Calculation

      iter #   1 total cpu time : 26748.8 secs   av.it.:   6.3
      thresh= 1.000E-02 alpha_mix =  0.700 |ddv_scf|^2 =  7.381E-08

      iter #   2 total cpu time : 26837.4 secs   av.it.:  15.6
      thresh= 2.717E-05 alpha_mix =  0.700 |ddv_scf|^2 =  2.270E-08

      iter #   3 total cpu time : 26923.8 secs   av.it.:  15.1
      thresh= 1.507E-05 alpha_mix =  0.700 |ddv_scf|^2 =  2.747E-10

      iter #   4 total cpu time : 27010.0 secs   av.it.:  14.9
      thresh= 1.657E-06 alpha_mix =  0.700 |ddv_scf|^2 =  2.010E-11

      iter #   5 total cpu time : 27101.1 secs   av.it.:  14.9
      thresh= 4.483E-07 alpha_mix =  0.700 |ddv_scf|^2 =  2.642E-13

      iter #   6 total cpu time : 27194.9 secs   av.it.:  15.7
      thresh= 5.140E-08 alpha_mix =  0.700 |ddv_scf|^2 =  1.017E-14

      iter #   7 total cpu time : 27287.7 secs   av.it.:  15.5
      thresh= 1.008E-08 alpha_mix =  0.700 |ddv_scf|^2 =  1.155E-15

     End of self-consistent calculation

     Convergence has been achieved 


     Representation #  45 mode #  45

     Self-consistent Calculation

      iter #   1 total cpu time : 27358.2 secs   av.it.:   3.0
      thresh= 1.000E-02 alpha_mix =  0.700 |ddv_scf|^2 =  1.173E-09

      iter #   2 total cpu time : 27447.2 secs   av.it.:  15.9
      thresh= 3.425E-06 alpha_mix =  0.700 |ddv_scf|^2 =  3.207E-10

      iter #   3 total cpu time : 27534.4 secs   av.it.:  15.0
      thresh= 1.791E-06 alpha_mix =  0.700 |ddv_scf|^2 =  1.489E-11

      iter #   4 total cpu time : 27625.0 secs   av.it.:  15.1
      thresh= 3.859E-07 alpha_mix =  0.700 |ddv_scf|^2 =  4.108E-13

      iter #   5 total cpu time : 27713.3 secs   av.it.:  15.5
      thresh= 6.409E-08 alpha_mix =  0.700 |ddv_scf|^2 =  2.262E-14

      iter #   6 total cpu time : 27800.8 secs   av.it.:  15.4
      thresh= 1.504E-08 alpha_mix =  0.700 |ddv_scf|^2 =  1.235E-15

     End of self-consistent calculation

     Convergence has been achieved 


     Representation #  46 mode #  46

     Self-consistent Calculation

      iter #   1 total cpu time : 27866.8 secs   av.it.:   3.0
      thresh= 1.000E-02 alpha_mix =  0.700 |ddv_scf|^2 =  2.331E-09

      iter #   2 total cpu time : 27961.8 secs   av.it.:  15.9
      thresh= 4.828E-06 alpha_mix =  0.700 |ddv_scf|^2 =  1.750E-09

      iter #   3 total cpu time : 28050.2 secs   av.it.:  14.9
      thresh= 4.183E-06 alpha_mix =  0.700 |ddv_scf|^2 =  4.791E-12

      iter #   4 total cpu time : 28147.8 secs   av.it.:  16.0
      thresh= 2.189E-07 alpha_mix =  0.700 |ddv_scf|^2 =  5.009E-13

      iter #   5 total cpu time : 28238.4 secs   av.it.:  16.0
      thresh= 7.077E-08 alpha_mix =  0.700 |ddv_scf|^2 =  8.549E-15

     End of self-consistent calculation

     Convergence has been achieved 


     Representation #  47 mode #  47

     Self-consistent Calculation

      iter #   1 total cpu time : 28302.0 secs   av.it.:   3.0
      thresh= 1.000E-02 alpha_mix =  0.700 |ddv_scf|^2 =  3.646E-10

      iter #   2 total cpu time : 28394.3 secs   av.it.:  15.9
      thresh= 1.909E-06 alpha_mix =  0.700 |ddv_scf|^2 =  2.738E-11

      iter #   3 total cpu time : 28488.9 secs   av.it.:  16.0
      thresh= 5.233E-07 alpha_mix =  0.700 |ddv_scf|^2 =  1.011E-11

      iter #   4 total cpu time : 28580.1 secs   av.it.:  15.0
      thresh= 3.180E-07 alpha_mix =  0.700 |ddv_scf|^2 =  2.353E-13

      iter #   5 total cpu time : 28674.3 secs   av.it.:  15.7
      thresh= 4.850E-08 alpha_mix =  0.700 |ddv_scf|^2 =  1.388E-14

      iter #   6 total cpu time : 28768.6 secs   av.it.:  15.5
      thresh= 1.178E-08 alpha_mix =  0.700 |ddv_scf|^2 =  6.078E-16

     End of self-consistent calculation

     Convergence has been achieved 


     Representation #  48 mode #  48

     Self-consistent Calculation

      iter #   1 total cpu time : 28836.1 secs   av.it.:   3.6
      thresh= 1.000E-02 alpha_mix =  0.700 |ddv_scf|^2 =  2.605E-09

      iter #   2 total cpu time : 28927.6 secs   av.it.:  15.9
      thresh= 5.104E-06 alpha_mix =  0.700 |ddv_scf|^2 =  1.987E-09

      iter #   3 total cpu time : 29013.7 secs   av.it.:  14.9
      thresh= 4.458E-06 alpha_mix =  0.700 |ddv_scf|^2 =  5.611E-12

      iter #   4 total cpu time : 29106.2 secs   av.it.:  15.9
      thresh= 2.369E-07 alpha_mix =  0.700 |ddv_scf|^2 =  4.949E-13

      iter #   5 total cpu time : 29200.4 secs   av.it.:  15.9
      thresh= 7.035E-08 alpha_mix =  0.700 |ddv_scf|^2 =  1.117E-14

      iter #   6 total cpu time : 29296.1 secs   av.it.:  15.9
      thresh= 1.057E-08 alpha_mix =  0.700 |ddv_scf|^2 =  1.176E-15

     End of self-consistent calculation

     Convergence has been achieved 


     Representation #  49 mode #  49

     Self-consistent Calculation

      iter #   1 total cpu time : 29362.5 secs   av.it.:   3.0
      thresh= 1.000E-02 alpha_mix =  0.700 |ddv_scf|^2 =  1.211E-09

      iter #   2 total cpu time : 29456.4 secs   av.it.:  15.9
      thresh= 3.479E-06 alpha_mix =  0.700 |ddv_scf|^2 =  6.762E-10

      iter #   3 total cpu time : 29544.4 secs   av.it.:  14.9
      thresh= 2.600E-06 alpha_mix =  0.700 |ddv_scf|^2 =  6.744E-12

      iter #   4 total cpu time : 29635.6 secs   av.it.:  15.7
      thresh= 2.597E-07 alpha_mix =  0.700 |ddv_scf|^2 =  4.269E-13

      iter #   5 total cpu time : 29727.8 secs   av.it.:  15.9
      thresh= 6.534E-08 alpha_mix =  0.700 |ddv_scf|^2 =  1.719E-14

      iter #   6 total cpu time : 29819.2 secs   av.it.:  15.9
      thresh= 1.311E-08 alpha_mix =  0.700 |ddv_scf|^2 =  9.203E-16

     End of self-consistent calculation

     Convergence has been achieved 


     Representation #  50 mode #  50

     Self-consistent Calculation

      iter #   1 total cpu time : 29891.2 secs   av.it.:   4.4
      thresh= 1.000E-02 alpha_mix =  0.700 |ddv_scf|^2 =  9.305E-09

      iter #   2 total cpu time : 29984.4 secs   av.it.:  15.9
      thresh= 9.646E-06 alpha_mix =  0.700 |ddv_scf|^2 =  3.369E-09

      iter #   3 total cpu time : 30073.5 secs   av.it.:  14.9
      thresh= 5.805E-06 alpha_mix =  0.700 |ddv_scf|^2 =  1.223E-10

      iter #   4 total cpu time : 30164.8 secs   av.it.:  15.0
      thresh= 1.106E-06 alpha_mix =  0.700 |ddv_scf|^2 =  2.548E-12

      iter #   5 total cpu time : 30257.5 secs   av.it.:  15.6
      thresh= 1.596E-07 alpha_mix =  0.700 |ddv_scf|^2 =  3.880E-13

      iter #   6 total cpu time : 30348.0 secs   av.it.:  15.1
      thresh= 6.229E-08 alpha_mix =  0.700 |ddv_scf|^2 =  1.739E-15

     End of self-consistent calculation

     Convergence has been achieved 


     Representation #  51 mode #  51

     Self-consistent Calculation

      iter #   1 total cpu time : 30433.6 secs   av.it.:   3.1
      thresh= 1.000E-02 alpha_mix =  0.700 |ddv_scf|^2 =  2.715E-09

      iter #   2 total cpu time : 30529.0 secs   av.it.:  15.9
      thresh= 5.211E-06 alpha_mix =  0.700 |ddv_scf|^2 =  2.087E-09

      iter #   3 total cpu time : 30617.7 secs   av.it.:  14.8
      thresh= 4.568E-06 alpha_mix =  0.700 |ddv_scf|^2 =  4.235E-12

      iter #   4 total cpu time : 30712.9 secs   av.it.:  16.0
      thresh= 2.058E-07 alpha_mix =  0.700 |ddv_scf|^2 =  8.666E-13

      iter #   5 total cpu time : 30804.8 secs   av.it.:  15.9
      thresh= 9.309E-08 alpha_mix =  0.700 |ddv_scf|^2 =  4.800E-14

      iter #   6 total cpu time : 30895.3 secs   av.it.:  15.2
      thresh= 2.191E-08 alpha_mix =  0.700 |ddv_scf|^2 =  2.746E-15

     End of self-consistent calculation

     Convergence has been achieved 


     Representation #  52 mode #  52

     Self-consistent Calculation

      iter #   1 total cpu time : 30961.4 secs   av.it.:   3.1
      thresh= 1.000E-02 alpha_mix =  0.700 |ddv_scf|^2 =  2.246E-09

      iter #   2 total cpu time : 31054.0 secs   av.it.:  15.9
      thresh= 4.739E-06 alpha_mix =  0.700 |ddv_scf|^2 =  1.154E-09

      iter #   3 total cpu time : 31142.3 secs   av.it.:  14.9
      thresh= 3.397E-06 alpha_mix =  0.700 |ddv_scf|^2 =  1.152E-11

      iter #   4 total cpu time : 31236.0 secs   av.it.:  15.2
      thresh= 3.394E-07 alpha_mix =  0.700 |ddv_scf|^2 =  9.404E-13

      iter #   5 total cpu time : 31330.2 secs   av.it.:  15.4
      thresh= 9.698E-08 alpha_mix =  0.700 |ddv_scf|^2 =  5.930E-14

      iter #   6 total cpu time : 31423.9 secs   av.it.:  15.1
      thresh= 2.435E-08 alpha_mix =  0.700 |ddv_scf|^2 =  1.661E-15

     End of self-consistent calculation

     Convergence has been achieved 


     Representation #  53 mode #  53

     Self-consistent Calculation

      iter #   1 total cpu time : 31491.0 secs   av.it.:   3.0
      thresh= 1.000E-02 alpha_mix =  0.700 |ddv_scf|^2 =  1.328E-09

      iter #   2 total cpu time : 31588.5 secs   av.it.:  15.9
      thresh= 3.644E-06 alpha_mix =  0.700 |ddv_scf|^2 =  5.807E-10

      iter #   3 total cpu time : 31681.6 secs   av.it.:  15.0
      thresh= 2.410E-06 alpha_mix =  0.700 |ddv_scf|^2 =  7.911E-12

      iter #   4 total cpu time : 31776.3 secs   av.it.:  15.4
      thresh= 2.813E-07 alpha_mix =  0.700 |ddv_scf|^2 =  9.731E-13

      iter #   5 total cpu time : 31869.6 secs   av.it.:  15.0
      thresh= 9.865E-08 alpha_mix =  0.700 |ddv_scf|^2 =  6.118E-14

      iter #   6 total cpu time : 31963.7 secs   av.it.:  15.2
      thresh= 2.473E-08 alpha_mix =  0.700 |ddv_scf|^2 =  1.771E-15

     End of self-consistent calculation

     Convergence has been achieved 


     Representation #  54 mode #  54

     Self-consistent Calculation

      iter #   1 total cpu time : 32031.0 secs   av.it.:   3.0
      thresh= 1.000E-02 alpha_mix =  0.700 |ddv_scf|^2 =  3.483E-09

      iter #   2 total cpu time : 32125.2 secs   av.it.:  15.5
      thresh= 5.902E-06 alpha_mix =  0.700 |ddv_scf|^2 =  2.288E-09

      iter #   3 total cpu time : 32213.6 secs   av.it.:  14.7
      thresh= 4.783E-06 alpha_mix =  0.700 |ddv_scf|^2 =  6.285E-12

      iter #   4 total cpu time : 32306.6 secs   av.it.:  15.7
      thresh= 2.507E-07 alpha_mix =  0.700 |ddv_scf|^2 =  7.578E-13

      iter #   5 total cpu time : 32398.0 secs   av.it.:  15.2
      thresh= 8.705E-08 alpha_mix =  0.700 |ddv_scf|^2 =  2.402E-14

      iter #   6 total cpu time : 32491.2 secs   av.it.:  15.9
      thresh= 1.550E-08 alpha_mix =  0.700 |ddv_scf|^2 =  2.099E-15

     End of self-consistent calculation

     Convergence has been achieved 


     Representation #  55 mode #  55

     Self-consistent Calculation

      iter #   1 total cpu time : 32556.1 secs   av.it.:   3.0
      thresh= 1.000E-02 alpha_mix =  0.700 |ddv_scf|^2 =  5.906E-10

      iter #   2 total cpu time : 32649.1 secs   av.it.:  16.0
      thresh= 2.430E-06 alpha_mix =  0.700 |ddv_scf|^2 =  1.256E-10

      iter #   3 total cpu time : 32739.9 secs   av.it.:  15.6
      thresh= 1.121E-06 alpha_mix =  0.700 |ddv_scf|^2 =  7.080E-12

      iter #   4 total cpu time : 32832.3 secs   av.it.:  15.4
      thresh= 2.661E-07 alpha_mix =  0.700 |ddv_scf|^2 =  1.935E-13

      iter #   5 total cpu time : 32927.4 secs   av.it.:  15.8
      thresh= 4.399E-08 alpha_mix =  0.700 |ddv_scf|^2 =  3.319E-14

      iter #   6 total cpu time : 33019.0 secs   av.it.:  15.0
      thresh= 1.822E-08 alpha_mix =  0.700 |ddv_scf|^2 =  1.632E-15

     End of self-consistent calculation

     Convergence has been achieved 


     Representation #  56 mode #  56

     Self-consistent Calculation

      iter #   1 total cpu time : 33103.5 secs   av.it.:   6.6
      thresh= 1.000E-02 alpha_mix =  0.700 |ddv_scf|^2 =  2.120E-07

      iter #   2 total cpu time : 33195.8 secs   av.it.:  15.2
      thresh= 4.604E-05 alpha_mix =  0.700 |ddv_scf|^2 =  1.613E-07

      iter #   3 total cpu time : 33280.0 secs   av.it.:  14.5
      thresh= 4.016E-05 alpha_mix =  0.700 |ddv_scf|^2 =  1.192E-10

      iter #   4 total cpu time : 33371.9 secs   av.it.:  15.8
      thresh= 1.092E-06 alpha_mix =  0.700 |ddv_scf|^2 =  2.147E-11

      iter #   5 total cpu time : 33465.2 secs   av.it.:  15.6
      thresh= 4.634E-07 alpha_mix =  0.700 |ddv_scf|^2 =  9.897E-13

      iter #   6 total cpu time : 33556.1 secs   av.it.:  15.5
      thresh= 9.948E-08 alpha_mix =  0.700 |ddv_scf|^2 =  2.733E-14

      iter #   7 total cpu time : 33646.4 secs   av.it.:  15.4
      thresh= 1.653E-08 alpha_mix =  0.700 |ddv_scf|^2 =  1.952E-15

     End of self-consistent calculation

     Convergence has been achieved 


     Representation #  57 mode #  57

     Self-consistent Calculation

      iter #   1 total cpu time : 33724.7 secs   av.it.:   5.0
      thresh= 1.000E-02 alpha_mix =  0.700 |ddv_scf|^2 =  3.230E-08

      iter #   2 total cpu time : 33817.2 secs   av.it.:  15.4
      thresh= 1.797E-05 alpha_mix =  0.700 |ddv_scf|^2 =  2.133E-08

      iter #   3 total cpu time : 33905.6 secs   av.it.:  14.6
      thresh= 1.461E-05 alpha_mix =  0.700 |ddv_scf|^2 =  5.431E-11

      iter #   4 total cpu time : 33999.4 secs   av.it.:  15.9
      thresh= 7.370E-07 alpha_mix =  0.700 |ddv_scf|^2 =  4.981E-12

      iter #   5 total cpu time : 34091.1 secs   av.it.:  15.7
      thresh= 2.232E-07 alpha_mix =  0.700 |ddv_scf|^2 =  8.169E-13

      iter #   6 total cpu time : 34182.8 secs   av.it.:  15.6
      thresh= 9.039E-08 alpha_mix =  0.700 |ddv_scf|^2 =  6.374E-15

     End of self-consistent calculation

     Convergence has been achieved 


     Representation #  58 mode #  58

     Self-consistent Calculation

      iter #   1 total cpu time : 34265.0 secs   av.it.:   3.0
      thresh= 1.000E-02 alpha_mix =  0.700 |ddv_scf|^2 =  8.581E-10

      iter #   2 total cpu time : 34359.5 secs   av.it.:  15.9
      thresh= 2.929E-06 alpha_mix =  0.700 |ddv_scf|^2 =  3.906E-10

      iter #   3 total cpu time : 34450.1 secs   av.it.:  14.9
      thresh= 1.976E-06 alpha_mix =  0.700 |ddv_scf|^2 =  9.878E-12

      iter #   4 total cpu time : 34538.0 secs   av.it.:  15.0
      thresh= 3.143E-07 alpha_mix =  0.700 |ddv_scf|^2 =  2.591E-13

      iter #   5 total cpu time : 34626.6 secs   av.it.:  15.5
      thresh= 5.090E-08 alpha_mix =  0.700 |ddv_scf|^2 =  1.133E-14

      iter #   6 total cpu time : 34716.0 secs   av.it.:  15.7
      thresh= 1.065E-08 alpha_mix =  0.700 |ddv_scf|^2 =  1.056E-15

     End of self-consistent calculation

     Convergence has been achieved 


     Representation #  59 mode #  59

     Self-consistent Calculation

      iter #   1 total cpu time : 34780.7 secs   av.it.:   3.0
      thresh= 1.000E-02 alpha_mix =  0.700 |ddv_scf|^2 =  1.494E-09

      iter #   2 total cpu time : 34871.3 secs   av.it.:  15.9
      thresh= 3.865E-06 alpha_mix =  0.700 |ddv_scf|^2 =  6.868E-10

      iter #   3 total cpu time : 34957.7 secs   av.it.:  15.0
      thresh= 2.621E-06 alpha_mix =  0.700 |ddv_scf|^2 =  1.086E-11

      iter #   4 total cpu time : 35045.7 secs   av.it.:  15.0
      thresh= 3.296E-07 alpha_mix =  0.700 |ddv_scf|^2 =  8.676E-13

      iter #   5 total cpu time : 35136.1 secs   av.it.:  15.2
      thresh= 9.315E-08 alpha_mix =  0.700 |ddv_scf|^2 =  5.343E-14

      iter #   6 total cpu time : 35224.4 secs   av.it.:  15.1
      thresh= 2.312E-08 alpha_mix =  0.700 |ddv_scf|^2 =  1.810E-15

     End of self-consistent calculation

     Convergence has been achieved 


     Representation #  60 mode #  60

     Self-consistent Calculation

      iter #   1 total cpu time : 35290.3 secs   av.it.:   3.0
      thresh= 1.000E-02 alpha_mix =  0.700 |ddv_scf|^2 =  2.004E-09

      iter #   2 total cpu time : 35383.4 secs   av.it.:  15.9
      thresh= 4.477E-06 alpha_mix =  0.700 |ddv_scf|^2 =  1.157E-09

      iter #   3 total cpu time : 35471.7 secs   av.it.:  14.9
      thresh= 3.401E-06 alpha_mix =  0.700 |ddv_scf|^2 =  5.125E-12

      iter #   4 total cpu time : 35563.2 secs   av.it.:  15.9
      thresh= 2.264E-07 alpha_mix =  0.700 |ddv_scf|^2 =  1.572E-12

      iter #   5 total cpu time : 35651.8 secs   av.it.:  15.0
      thresh= 1.254E-07 alpha_mix =  0.700 |ddv_scf|^2 =  4.354E-14

      iter #   6 total cpu time : 35742.5 secs   av.it.:  15.9
      thresh= 2.087E-08 alpha_mix =  0.700 |ddv_scf|^2 =  2.376E-15

     End of self-consistent calculation

     Convergence has been achieved 


     Representation #  61 mode #  61

     Self-consistent Calculation

      iter #   1 total cpu time : 35809.3 secs   av.it.:   3.1
      thresh= 1.000E-02 alpha_mix =  0.700 |ddv_scf|^2 =  5.789E-09

      iter #   2 total cpu time : 35901.7 secs   av.it.:  15.3
      thresh= 7.608E-06 alpha_mix =  0.700 |ddv_scf|^2 =  3.542E-09

      iter #   3 total cpu time : 35992.4 secs   av.it.:  14.8
      thresh= 5.951E-06 alpha_mix =  0.700 |ddv_scf|^2 =  1.293E-11

      iter #   4 total cpu time : 36082.4 secs   av.it.:  15.0
      thresh= 3.596E-07 alpha_mix =  0.700 |ddv_scf|^2 =  1.128E-12

      iter #   5 total cpu time : 36173.5 secs   av.it.:  15.4
      thresh= 1.062E-07 alpha_mix =  0.700 |ddv_scf|^2 =  8.572E-14

      iter #   6 total cpu time : 36261.9 secs   av.it.:  15.0
      thresh= 2.928E-08 alpha_mix =  0.700 |ddv_scf|^2 =  1.615E-15

     End of self-consistent calculation

     Convergence has been achieved 


     Representation #  62 mode #  62

     Self-consistent Calculation

      iter #   1 total cpu time : 36334.0 secs   av.it.:   4.4
      thresh= 1.000E-02 alpha_mix =  0.700 |ddv_scf|^2 =  8.893E-09

      iter #   2 total cpu time : 36426.6 secs   av.it.:  15.9
      thresh= 9.430E-06 alpha_mix =  0.700 |ddv_scf|^2 =  3.989E-09

      iter #   3 total cpu time : 36515.1 secs   av.it.:  14.9
      thresh= 6.316E-06 alpha_mix =  0.700 |ddv_scf|^2 =  8.512E-11

      iter #   4 total cpu time : 36606.4 secs   av.it.:  15.0
      thresh= 9.226E-07 alpha_mix =  0.700 |ddv_scf|^2 =  3.526E-12

      iter #   5 total cpu time : 36700.2 secs   av.it.:  15.7
      thresh= 1.878E-07 alpha_mix =  0.700 |ddv_scf|^2 =  6.118E-13

      iter #   6 total cpu time : 36793.0 secs   av.it.:  15.4
      thresh= 7.822E-08 alpha_mix =  0.700 |ddv_scf|^2 =  7.058E-15

     End of self-consistent calculation

     Convergence has been achieved 


     Representation #  63 mode #  63

     Self-consistent Calculation

      iter #   1 total cpu time : 36892.5 secs   av.it.:   6.0
      thresh= 1.000E-02 alpha_mix =  0.700 |ddv_scf|^2 =  1.123E-07

      iter #   2 total cpu time : 36985.2 secs   av.it.:  15.4
      thresh= 3.350E-05 alpha_mix =  0.700 |ddv_scf|^2 =  4.785E-08

      iter #   3 total cpu time : 37073.4 secs   av.it.:  14.8
      thresh= 2.188E-05 alpha_mix =  0.700 |ddv_scf|^2 =  7.008E-10

      iter #   4 total cpu time : 37162.7 secs   av.it.:  14.9
      thresh= 2.647E-06 alpha_mix =  0.700 |ddv_scf|^2 =  1.590E-11

      iter #   5 total cpu time : 37253.4 secs   av.it.:  15.4
      thresh= 3.987E-07 alpha_mix =  0.700 |ddv_scf|^2 =  1.056E-12

      iter #   6 total cpu time : 37343.6 secs   av.it.:  15.1
      thresh= 1.027E-07 alpha_mix =  0.700 |ddv_scf|^2 =  6.151E-14

      iter #   7 total cpu time : 37429.4 secs   av.it.:  14.5
      thresh= 2.480E-08 alpha_mix =  0.700 |ddv_scf|^2 =  5.462E-15

     End of self-consistent calculation

     Convergence has been achieved 


     Representation #  64 mode #  64

     Self-consistent Calculation

      iter #   1 total cpu time : 37501.5 secs   av.it.:   3.5
      thresh= 1.000E-02 alpha_mix =  0.700 |ddv_scf|^2 =  3.084E-09

      iter #   2 total cpu time : 37594.2 secs   av.it.:  15.9
      thresh= 5.553E-06 alpha_mix =  0.700 |ddv_scf|^2 =  1.438E-09

      iter #   3 total cpu time : 37683.7 secs   av.it.:  14.9
      thresh= 3.792E-06 alpha_mix =  0.700 |ddv_scf|^2 =  6.883E-12

      iter #   4 total cpu time : 37775.1 secs   av.it.:  15.7
      thresh= 2.623E-07 alpha_mix =  0.700 |ddv_scf|^2 =  1.260E-12

      iter #   5 total cpu time : 37864.9 secs   av.it.:  15.0
      thresh= 1.122E-07 alpha_mix =  0.700 |ddv_scf|^2 =  4.481E-14

      iter #   6 total cpu time : 37955.9 secs   av.it.:  15.4
      thresh= 2.117E-08 alpha_mix =  0.700 |ddv_scf|^2 =  1.600E-15

     End of self-consistent calculation

     Convergence has been achieved 


     Representation #  65 mode #  65

     Self-consistent Calculation

      iter #   1 total cpu time : 38021.8 secs   av.it.:   3.0
      thresh= 1.000E-02 alpha_mix =  0.700 |ddv_scf|^2 =  9.209E-10

      iter #   2 total cpu time : 38116.6 secs   av.it.:  15.9
      thresh= 3.035E-06 alpha_mix =  0.700 |ddv_scf|^2 =  2.505E-10

      iter #   3 total cpu time : 38208.0 secs   av.it.:  15.4
      thresh= 1.583E-06 alpha_mix =  0.700 |ddv_scf|^2 =  7.056E-12

      iter #   4 total cpu time : 38300.3 secs   av.it.:  15.7
      thresh= 2.656E-07 alpha_mix =  0.700 |ddv_scf|^2 =  2.697E-13

      iter #   5 total cpu time : 38392.0 secs   av.it.:  15.6
      thresh= 5.193E-08 alpha_mix =  0.700 |ddv_scf|^2 =  1.430E-14

      iter #   6 total cpu time : 38483.9 secs   av.it.:  15.1
      thresh= 1.196E-08 alpha_mix =  0.700 |ddv_scf|^2 =  2.141E-15

     End of self-consistent calculation

     Convergence has been achieved 


     Representation #  66 mode #  66

     Self-consistent Calculation

      iter #   1 total cpu time : 38550.7 secs   av.it.:   3.0
      thresh= 1.000E-02 alpha_mix =  0.700 |ddv_scf|^2 =  1.757E-09

      iter #   2 total cpu time : 38644.6 secs   av.it.:  16.0
      thresh= 4.192E-06 alpha_mix =  0.700 |ddv_scf|^2 =  8.307E-10

      iter #   3 total cpu time : 38734.3 secs   av.it.:  15.0
      thresh= 2.882E-06 alpha_mix =  0.700 |ddv_scf|^2 =  4.859E-12

      iter #   4 total cpu time : 38826.7 secs   av.it.:  15.9
      thresh= 2.204E-07 alpha_mix =  0.700 |ddv_scf|^2 =  1.011E-12

      iter #   5 total cpu time : 38917.7 secs   av.it.:  15.0
      thresh= 1.006E-07 alpha_mix =  0.700 |ddv_scf|^2 =  5.699E-14

      iter #   6 total cpu time : 39010.6 secs   av.it.:  15.1
      thresh= 2.387E-08 alpha_mix =  0.700 |ddv_scf|^2 =  2.042E-15

     End of self-consistent calculation

     Convergence has been achieved 

     Number of q in the star =    1
     List of q in the star:
          1   0.000000000   0.000000000   0.000000000

          Dielectric constant in cartesian axis 

          (       2.962935124       0.000000000       0.000000000 )
          (       0.000000000       3.010408888       0.000000000 )
          (       0.000000000       0.000000000       3.185658862 )

          Effective charges (d Force / dE) in cartesian axis without acoustic sum rule applied (asr)

           atom    1  Ba    Mean Z*:        2.62225
      Ex  (        2.43639       -0.06667        0.00000 )
      Ey  (        0.26717        2.45552        0.00000 )
      Ez  (        0.00000        0.00000        2.97482 )
           atom    2  Ba    Mean Z*:        2.62225
      Ex  (        2.43639        0.06667        0.00000 )
      Ey  (       -0.26717        2.45552        0.00000 )
      Ez  (        0.00000        0.00000        2.97482 )
           atom    3  B     Mean Z*:       -0.11096
      Ex  (       -0.13290        0.02004       -0.00000 )
      Ey  (        0.16858       -0.00808       -0.00000 )
      Ez  (        0.00003       -0.00001       -0.19189 )
           atom    4  B     Mean Z*:       -0.11096
      Ex  (       -0.13290        0.02004        0.00000 )
      Ey  (        0.16858       -0.00808        0.00000 )
      Ez  (       -0.00003        0.00001       -0.19189 )
           atom    5  B     Mean Z*:       -0.11096
      Ex  (       -0.13290       -0.02004        0.00000 )
      Ey  (       -0.16858       -0.00808       -0.00000 )
      Ez  (       -0.00003       -0.00001       -0.19189 )
           atom    6  B     Mean Z*:       -0.11096
      Ex  (       -0.13290       -0.02004       -0.00000 )
      Ey  (       -0.16858       -0.00808        0.00000 )
      Ez  (        0.00003        0.00001       -0.19189 )
           atom    7  H     Mean Z*:       -0.31135
      Ex  (       -0.44420        0.13721       -0.00003 )
      Ey  (        0.14167       -0.23777        0.00004 )
      Ez  (       -0.00003        0.00004       -0.25209 )
           atom    8  H     Mean Z*:       -0.31135
      Ex  (       -0.44420        0.13721        0.00003 )
      Ey  (        0.14167       -0.23777       -0.00004 )
      Ez  (        0.00003       -0.00004       -0.25209 )
           atom    9  H     Mean Z*:       -0.31135
      Ex  (       -0.44420       -0.13721        0.00003 )
      Ey  (       -0.14167       -0.23777        0.00004 )
      Ez  (        0.00003        0.00004       -0.25209 )
           atom   10  H     Mean Z*:       -0.31135
      Ex  (       -0.44420       -0.13721       -0.00003 )
      Ey  (       -0.14167       -0.23777       -0.00004 )
      Ez  (       -0.00003       -0.00004       -0.25209 )
           atom   11  H     Mean Z*:       -0.30904
      Ex  (       -0.23144       -0.01714       -0.00000 )
      Ey  (       -0.10355       -0.44410        0.00001 )
      Ez  (       -0.00001        0.00000       -0.25158 )
           atom   12  H     Mean Z*:       -0.30904
      Ex  (       -0.23144       -0.01714        0.00000 )
      Ey  (       -0.10355       -0.44410       -0.00001 )
      Ez  (        0.00001       -0.00000       -0.25158 )
           atom   13  H     Mean Z*:       -0.30904
      Ex  (       -0.23144        0.01714        0.00000 )
      Ey  (        0.10355       -0.44410        0.00001 )
      Ez  (        0.00001        0.00000       -0.25158 )
           atom   14  H     Mean Z*:       -0.30904
      Ex  (       -0.23144        0.01714       -0.00000 )
      Ey  (        0.10355       -0.44410       -0.00001 )
      Ez  (       -0.00001       -0.00000       -0.25158 )
           atom   15  H     Mean Z*:       -0.28961
      Ex  (       -0.20493        0.15646        0.07187 )
      Ey  (        0.11135       -0.26817       -0.10006 )
      Ez  (        0.03408       -0.11293       -0.39572 )
           atom   16  H     Mean Z*:       -0.28961
      Ex  (       -0.20493        0.15646       -0.07187 )
      Ey  (        0.11135       -0.26817        0.10006 )
      Ez  (       -0.03408        0.11293       -0.39572 )
           atom   17  H     Mean Z*:       -0.28961
      Ex  (       -0.20493       -0.15646       -0.07187 )
      Ey  (       -0.11135       -0.26817       -0.10006 )
      Ez  (       -0.03408       -0.11293       -0.39572 )
           atom   18  H     Mean Z*:       -0.28961
      Ex  (       -0.20493       -0.15646        0.07187 )
      Ey  (       -0.11135       -0.26817        0.10006 )
      Ez  (        0.03408        0.11293       -0.39572 )
           atom   19  H     Mean Z*:       -0.28959
      Ex  (       -0.20491        0.15643        0.07182 )
      Ey  (        0.11132       -0.26814       -0.10004 )
      Ez  (        0.03405       -0.11292       -0.39572 )
           atom   20  H     Mean Z*:       -0.28959
      Ex  (       -0.20491        0.15643       -0.07182 )
      Ey  (        0.11132       -0.26814        0.10004 )
      Ez  (       -0.03405        0.11292       -0.39572 )
           atom   21  H     Mean Z*:       -0.28959
      Ex  (       -0.20491       -0.15643       -0.07182 )
      Ey  (       -0.11132       -0.26814       -0.10004 )
      Ez  (       -0.03405       -0.11292       -0.39572 )
           atom   22  H     Mean Z*:       -0.28959
      Ex  (       -0.20491       -0.15643        0.07182 )
      Ey  (       -0.11132       -0.26814        0.10004 )
      Ez  (        0.03405        0.11292       -0.39572 )

          Effective charges Sum: Mean:        0.00230
             -0.00077        0.00000        0.00000
              0.00000        0.00604        0.00000
              0.00000        0.00000        0.00164

          Effective charges (d Force / dE) in cartesian axis with asr applied: 
           atom    1  Ba    Mean Z*:        2.62214
      E*x (        2.43643       -0.06667        0.00000 )
      E*y (        0.26717        2.45525       -0.00000 )
      E*z (        0.00000        0.00000        2.97475 )
           atom    2  Ba    Mean Z*:        2.62214
      E*x (        2.43643        0.06667        0.00000 )
      E*y (       -0.26717        2.45525       -0.00000 )
      E*z (        0.00000        0.00000        2.97475 )
           atom    3  B     Mean Z*:       -0.11106
      E*x (       -0.13287        0.02004       -0.00000 )
      E*y (        0.16858       -0.00835       -0.00000 )
      E*z (        0.00003       -0.00001       -0.19196 )
           atom    4  B     Mean Z*:       -0.11106
      E*x (       -0.13287        0.02004        0.00000 )
      E*y (        0.16858       -0.00835        0.00000 )
      E*z (       -0.00003        0.00001       -0.19196 )
           atom    5  B     Mean Z*:       -0.11106
      E*x (       -0.13287       -0.02004        0.00000 )
      E*y (       -0.16858       -0.00835       -0.00000 )
      E*z (       -0.00003       -0.00001       -0.19196 )
           atom    6  B     Mean Z*:       -0.11106
      E*x (       -0.13287       -0.02004       -0.00000 )
      E*y (       -0.16858       -0.00835        0.00000 )
      E*z (        0.00003        0.00001       -0.19196 )
           atom    7  H     Mean Z*:       -0.31146
      E*x (       -0.44417        0.13721       -0.00003 )
      E*y (        0.14167       -0.23804        0.00004 )
      E*z (       -0.00003        0.00004       -0.25217 )
           atom    8  H     Mean Z*:       -0.31146
      E*x (       -0.44417        0.13721        0.00003 )
      E*y (        0.14167       -0.23804       -0.00004 )
      E*z (        0.00003       -0.00004       -0.25217 )
           atom    9  H     Mean Z*:       -0.31146
      E*x (       -0.44417       -0.13721        0.00003 )
      E*y (       -0.14167       -0.23804        0.00004 )
      E*z (        0.00003        0.00004       -0.25217 )
           atom   10  H     Mean Z*:       -0.31146
      E*x (       -0.44417       -0.13721       -0.00003 )
      E*y (       -0.14167       -0.23804       -0.00004 )
      E*z (       -0.00003       -0.00004       -0.25217 )
           atom   11  H     Mean Z*:       -0.30915
      E*x (       -0.23141       -0.01714       -0.00000 )
      E*y (       -0.10355       -0.44438        0.00001 )
      E*z (       -0.00001        0.00000       -0.25166 )
           atom   12  H     Mean Z*:       -0.30915
      E*x (       -0.23141       -0.01714        0.00000 )
      E*y (       -0.10355       -0.44438       -0.00001 )
      E*z (        0.00001       -0.00000       -0.25166 )
           atom   13  H     Mean Z*:       -0.30915
      E*x (       -0.23141        0.01714        0.00000 )
      E*y (        0.10355       -0.44438        0.00001 )
      E*z (        0.00001        0.00000       -0.25166 )
           atom   14  H     Mean Z*:       -0.30915
      E*x (       -0.23141        0.01714       -0.00000 )
      E*y (        0.10355       -0.44438       -0.00001 )
      E*z (       -0.00001       -0.00000       -0.25166 )
           atom   15  H     Mean Z*:       -0.28971
      E*x (       -0.20490        0.15646        0.07187 )
      E*y (        0.11135       -0.26844       -0.10006 )
      E*z (        0.03408       -0.11293       -0.39579 )
           atom   16  H     Mean Z*:       -0.28971
      E*x (       -0.20490        0.15646       -0.07187 )
      E*y (        0.11135       -0.26844        0.10006 )
      E*z (       -0.03408        0.11293       -0.39579 )
           atom   17  H     Mean Z*:       -0.28971
      E*x (       -0.20490       -0.15646       -0.07187 )
      E*y (       -0.11135       -0.26844       -0.10006 )
      E*z (       -0.03408       -0.11293       -0.39579 )
           atom   18  H     Mean Z*:       -0.28971
      E*x (       -0.20490       -0.15646        0.07187 )
      E*y (       -0.11135       -0.26844        0.10006 )
      E*z (        0.03408        0.11293       -0.39579 )
           atom   19  H     Mean Z*:       -0.28969
      E*x (       -0.20488        0.15643        0.07182 )
      E*y (        0.11132       -0.26842       -0.10004 )
      E*z (        0.03405       -0.11292       -0.39579 )
           atom   20  H     Mean Z*:       -0.28969
      E*x (       -0.20488        0.15643       -0.07182 )
      E*y (        0.11132       -0.26842        0.10004 )
      E*z (       -0.03405        0.11292       -0.39579 )
           atom   21  H     Mean Z*:       -0.28969
      E*x (       -0.20488       -0.15643       -0.07182 )
      E*y (       -0.11132       -0.26842       -0.10004 )
      E*z (       -0.03405       -0.11292       -0.39579 )
           atom   22  H     Mean Z*:       -0.28969
      E*x (       -0.20488       -0.15643        0.07182 )
      E*y (       -0.11132       -0.26842        0.10004 )
      E*z (        0.03405        0.11292       -0.39579 )

          Effective charges (d P / du) in cartesian axis 

           atom      1Ba    
      Px  (        2.43870       -0.06602        0.00000 )
      Py  (        0.26352        2.45423        0.00000 )
      Pz  (        0.00000        0.00000        2.97432 )
           atom      2Ba    
      Px  (        2.43870        0.06602        0.00000 )
      Py  (       -0.26352        2.45423        0.00000 )
      Pz  (        0.00000        0.00000        2.97432 )
           atom      3B     
      Px  (       -0.13302        0.02042        0.00035 )
      Py  (        0.16772       -0.00824        0.00027 )
      Pz  (       -0.00030       -0.00000       -0.19212 )
           atom      4B     
      Px  (       -0.13302        0.02042       -0.00035 )
      Py  (        0.16772       -0.00824       -0.00027 )
      Pz  (        0.00030        0.00000       -0.19212 )
           atom      5B     
      Px  (       -0.13302       -0.02042       -0.00035 )
      Py  (       -0.16772       -0.00824        0.00027 )
      Pz  (        0.00030       -0.00000       -0.19212 )
           atom      6B     
      Px  (       -0.13302       -0.02042        0.00035 )
      Py  (       -0.16772       -0.00824       -0.00027 )
      Pz  (       -0.00030        0.00000       -0.19212 )
           atom      7H     
      Px  (       -0.44453        0.13718       -0.00027 )
      Py  (        0.14211       -0.23829        0.00003 )
      Pz  (       -0.00003        0.00006       -0.25225 )
           atom      8H     
      Px  (       -0.44453        0.13718        0.00027 )
      Py  (        0.14211       -0.23829       -0.00003 )
      Pz  (        0.00003       -0.00006       -0.25225 )
           atom      9H     
      Px  (       -0.44453       -0.13718        0.00027 )
      Py  (       -0.14211       -0.23829        0.00003 )
      Pz  (        0.00003        0.00006       -0.25225 )
           atom     10H     
      Px  (       -0.44453       -0.13718       -0.00027 )
      Py  (       -0.14211       -0.23829       -0.00003 )
      Pz  (       -0.00003       -0.00006       -0.25225 )
           atom     11H     
      Px  (       -0.23165       -0.01723        0.00006 )
      Py  (       -0.10434       -0.44500       -0.00012 )
      Pz  (       -0.00003       -0.00001       -0.25168 )
           atom     12H     
      Px  (       -0.23165       -0.01723       -0.00006 )
      Py  (       -0.10434       -0.44500        0.00012 )
      Pz  (        0.00003        0.00001       -0.25168 )
           atom     13H     
      Px  (       -0.23165        0.01723       -0.00006 )
      Py  (        0.10434       -0.44500       -0.00012 )
      Pz  (        0.00003       -0.00001       -0.25168 )
           atom     14H     
      Px  (       -0.23165        0.01723        0.00006 )
      Py  (        0.10434       -0.44500        0.00012 )
      Pz  (       -0.00003        0.00001       -0.25168 )
           atom     15H     
      Px  (       -0.20498        0.15664        0.07189 )
      Py  (        0.11097       -0.26796       -0.09961 )
      Pz  (        0.03417       -0.11296       -0.39599 )
           atom     16H     
      Px  (       -0.20498        0.15664       -0.07189 )
      Py  (        0.11097       -0.26796        0.09961 )
      Pz  (       -0.03417        0.11296       -0.39599 )
           atom     17H     
      Px  (       -0.20498       -0.15664       -0.07189 )
      Py  (       -0.11097       -0.26796       -0.09961 )
      Pz  (       -0.03417       -0.11296       -0.39599 )
           atom     18H     
      Px  (       -0.20498       -0.15664        0.07189 )
      Py  (       -0.11097       -0.26796        0.09961 )
      Pz  (        0.03417        0.11296       -0.39599 )
           atom     19H     
      Px  (       -0.20594        0.15695        0.07288 )
      Py  (        0.11098       -0.26804       -0.09914 )
      Pz  (        0.03404       -0.11295       -0.39604 )
           atom     20H     
      Px  (       -0.20594        0.15695       -0.07288 )
      Py  (        0.11098       -0.26804        0.09914 )
      Pz  (       -0.03404        0.11295       -0.39604 )
           atom     21H     
      Px  (       -0.20594       -0.15695       -0.07288 )
      Py  (       -0.11098       -0.26804       -0.09914 )
      Pz  (       -0.03404       -0.11295       -0.39604 )
           atom     22H     
      Px  (       -0.20594       -0.15695        0.07288 )
      Py  (       -0.11098       -0.26804        0.09914 )
      Pz  (        0.03404        0.11295       -0.39604 )

     Diagonalizing the dynamical matrix

     q = (    0.000000000   0.000000000   0.000000000 ) 

 **************************************************************************
     freq (    1) =      -0.329802 [THz] =     -11.001026 [cm-1]
     freq (    2) =      -0.289236 [THz] =      -9.647876 [cm-1]
     freq (    3) =       0.185565 [THz] =       6.189790 [cm-1]
     freq (    4) =       1.876061 [THz] =      62.578659 [cm-1]
     freq (    5) =       1.878065 [THz] =      62.645491 [cm-1]
     freq (    6) =       2.039118 [THz] =      68.017651 [cm-1]
     freq (    7) =       4.101148 [THz] =     136.799577 [cm-1]
     freq (    8) =       4.428862 [THz] =     147.730945 [cm-1]
     freq (    9) =       4.451669 [THz] =     148.491691 [cm-1]
     freq (   10) =       5.586385 [THz] =     186.341757 [cm-1]
     freq (   11) =       5.896098 [THz] =     196.672664 [cm-1]
     freq (   12) =       6.108083 [THz] =     203.743706 [cm-1]
     freq (   13) =       6.380473 [THz] =     212.829660 [cm-1]
     freq (   14) =       6.484704 [THz] =     216.306434 [cm-1]
     freq (   15) =       6.506318 [THz] =     217.027420 [cm-1]
     freq (   16) =       6.856284 [THz] =     228.701016 [cm-1]
     freq (   17) =       7.002426 [THz] =     233.575791 [cm-1]
     freq (   18) =       7.711546 [THz] =     257.229489 [cm-1]
     freq (   19) =       8.188144 [THz] =     273.127090 [cm-1]
     freq (   20) =       8.199379 [THz] =     273.501850 [cm-1]
     freq (   21) =       8.680567 [THz] =     289.552563 [cm-1]
     freq (   22) =       8.777033 [THz] =     292.770320 [cm-1]
     freq (   23) =       8.974010 [THz] =     299.340738 [cm-1]
     freq (   24) =       9.338852 [THz] =     311.510562 [cm-1]
     freq (   25) =       9.748433 [THz] =     325.172731 [cm-1]
     freq (   26) =       9.763428 [THz] =     325.672898 [cm-1]
     freq (   27) =      12.057332 [THz] =     402.189317 [cm-1]
     freq (   28) =      12.387834 [THz] =     413.213680 [cm-1]
     freq (   29) =      12.398874 [THz] =     413.581906 [cm-1]
     freq (   30) =      12.769828 [THz] =     425.955607 [cm-1]
     freq (   31) =      30.678129 [THz] =    1023.312249 [cm-1]
     freq (   32) =      30.778337 [THz] =    1026.654798 [cm-1]
     freq (   33) =      30.825929 [THz] =    1028.242322 [cm-1]
     freq (   34) =      30.962991 [THz] =    1032.814205 [cm-1]
     freq (   35) =      31.777994 [THz] =    1059.999782 [cm-1]
     freq (   36) =      31.781055 [THz] =    1060.101882 [cm-1]
     freq (   37) =      31.919056 [THz] =    1064.705103 [cm-1]
     freq (   38) =      32.124998 [THz] =    1071.574577 [cm-1]
     freq (   39) =      32.192978 [THz] =    1073.842173 [cm-1]
     freq (   40) =      32.211821 [THz] =    1074.470685 [cm-1]
     freq (   41) =      32.212278 [THz] =    1074.485936 [cm-1]
     freq (   42) =      32.351422 [THz] =    1079.127284 [cm-1]
     freq (   43) =      35.814968 [THz] =    1194.658751 [cm-1]
     freq (   44) =      35.837777 [THz] =    1195.419563 [cm-1]
     freq (   45) =      35.940615 [THz] =    1198.849870 [cm-1]
     freq (   46) =      36.061438 [THz] =    1202.880094 [cm-1]
     freq (   47) =      36.088425 [THz] =    1203.780293 [cm-1]
     freq (   48) =      36.115853 [THz] =    1204.695182 [cm-1]
     freq (   49) =      36.188052 [THz] =    1207.103493 [cm-1]
     freq (   50) =      36.403534 [THz] =    1214.291180 [cm-1]
     freq (   51) =      68.261805 [THz] =    2276.968717 [cm-1]
     freq (   52) =      68.287520 [THz] =    2277.826481 [cm-1]
     freq (   53) =      68.308419 [THz] =    2278.523604 [cm-1]
     freq (   54) =      68.334957 [THz] =    2279.408800 [cm-1]
     freq (   55) =      70.051091 [THz] =    2336.652884 [cm-1]
     freq (   56) =      70.131454 [THz] =    2339.333488 [cm-1]
     freq (   57) =      70.156946 [THz] =    2340.183819 [cm-1]
     freq (   58) =      70.185014 [THz] =    2341.120063 [cm-1]
     freq (   59) =      70.505031 [THz] =    2351.794677 [cm-1]
     freq (   60) =      70.621422 [THz] =    2355.677059 [cm-1]
     freq (   61) =      70.868342 [THz] =    2363.913435 [cm-1]
     freq (   62) =      71.075250 [THz] =    2370.815152 [cm-1]
     freq (   63) =      71.186251 [THz] =    2374.517743 [cm-1]
     freq (   64) =      71.192565 [THz] =    2374.728355 [cm-1]
     freq (   65) =      71.220881 [THz] =    2375.672871 [cm-1]
     freq (   66) =      71.251028 [THz] =    2376.678455 [cm-1]
 **************************************************************************

     Mode symmetry, D_2  (222)  point group:

     freq (   1-   1) =        -11.0  [cm-1]   --> B_1             I+R
     freq (   2-   2) =         -9.6  [cm-1]   --> B_3             I+R
     freq (   3-   3) =          6.2  [cm-1]   --> B_2             I+R
     freq (   4-   4) =         62.6  [cm-1]   --> B_3             I+R
     freq (   5-   5) =         62.6  [cm-1]   --> A               R  
     freq (   6-   6) =         68.0  [cm-1]   --> B_2             I+R
     freq (   7-   7) =        136.8  [cm-1]   --> A               R  
     freq (   8-   8) =        147.7  [cm-1]   --> B_3             I+R
     freq (   9-   9) =        148.5  [cm-1]   --> B_2             I+R
     freq (  10-  10) =        186.3  [cm-1]   --> B_1             I+R
     freq (  11-  11) =        196.7  [cm-1]   --> B_2             I+R
     freq (  12-  12) =        203.7  [cm-1]   --> B_3             I+R
     freq (  13-  13) =        212.8  [cm-1]   --> B_1             I+R
     freq (  14-  14) =        216.3  [cm-1]   --> B_2             I+R
     freq (  15-  15) =        217.0  [cm-1]   --> A               R  
     freq (  16-  16) =        228.7  [cm-1]   --> A               R  
     freq (  17-  17) =        233.6  [cm-1]   --> B_3             I+R
     freq (  18-  18) =        257.2  [cm-1]   --> B_1             I+R
     freq (  19-  19) =        273.1  [cm-1]   --> B_2             I+R
     freq (  20-  20) =        273.5  [cm-1]   --> B_1             I+R
     freq (  21-  21) =        289.6  [cm-1]   --> B_3             I+R
     freq (  22-  22) =        292.8  [cm-1]   --> A               R  
     freq (  23-  23) =        299.3  [cm-1]   --> A               R  
     freq (  24-  24) =        311.5  [cm-1]   --> B_3             I+R
     freq (  25-  25) =        325.2  [cm-1]   --> B_2             I+R
     freq (  26-  26) =        325.7  [cm-1]   --> B_1             I+R
     freq (  27-  27) =        402.2  [cm-1]   --> B_1             I+R
     freq (  28-  28) =        413.2  [cm-1]   --> A               R  
     freq (  29-  29) =        413.6  [cm-1]   --> B_3             I+R
     freq (  30-  30) =        426.0  [cm-1]   --> B_2             I+R
     freq (  31-  31) =       1023.3  [cm-1]   --> B_1             I+R
     freq (  32-  32) =       1026.7  [cm-1]   --> A               R  
     freq (  33-  33) =       1028.2  [cm-1]   --> B_3             I+R
     freq (  34-  34) =       1032.8  [cm-1]   --> B_2             I+R
     freq (  35-  35) =       1060.0  [cm-1]   --> B_2             I+R
     freq (  36-  36) =       1060.1  [cm-1]   --> A               R  
     freq (  37-  37) =       1064.7  [cm-1]   --> B_3             I+R
     freq (  38-  38) =       1071.6  [cm-1]   --> B_3             I+R
     freq (  39-  39) =       1073.8  [cm-1]   --> A               R  
     freq (  40-  40) =       1074.5  [cm-1]   --> B_1             I+R
     freq (  41-  41) =       1074.5  [cm-1]   --> B_2             I+R
     freq (  42-  42) =       1079.1  [cm-1]   --> B_1             I+R
     freq (  43-  43) =       1194.7  [cm-1]   --> B_2             I+R
     freq (  44-  44) =       1195.4  [cm-1]   --> A               R  
     freq (  45-  45) =       1198.8  [cm-1]   --> B_3             I+R
     freq (  46-  46) =       1202.9  [cm-1]   --> B_2             I+R
     freq (  47-  47) =       1203.8  [cm-1]   --> B_1             I+R
     freq (  48-  48) =       1204.7  [cm-1]   --> B_3             I+R
     freq (  49-  49) =       1207.1  [cm-1]   --> B_1             I+R
     freq (  50-  50) =       1214.3  [cm-1]   --> A               R  
     freq (  51-  51) =       2277.0  [cm-1]   --> A               R  
     freq (  52-  52) =       2277.8  [cm-1]   --> B_1             I+R
     freq (  53-  53) =       2278.5  [cm-1]   --> B_3             I+R
     freq (  54-  54) =       2279.4  [cm-1]   --> B_2             I+R
     freq (  55-  55) =       2336.7  [cm-1]   --> A               R  
     freq (  56-  56) =       2339.3  [cm-1]   --> B_3             I+R
     freq (  57-  57) =       2340.2  [cm-1]   --> B_1             I+R
     freq (  58-  58) =       2341.1  [cm-1]   --> B_2             I+R
     freq (  59-  59) =       2351.8  [cm-1]   --> B_2             I+R
     freq (  60-  60) =       2355.7  [cm-1]   --> A               R  
     freq (  61-  61) =       2363.9  [cm-1]   --> B_3             I+R
     freq (  62-  62) =       2370.8  [cm-1]   --> B_1             I+R
     freq (  63-  63) =       2374.5  [cm-1]   --> B_2             I+R
     freq (  64-  64) =       2374.7  [cm-1]   --> B_3             I+R
     freq (  65-  65) =       2375.7  [cm-1]   --> B_1             I+R
     freq (  66-  66) =       2376.7  [cm-1]   --> A               R  

     Calculation of q =    0.0000000   0.0000000  -0.7518535

     Parallelization info
     --------------------
     sticks:   dense  smooth     PW     G-vecs:    dense   smooth      PW
     Min         460     230     62                24198     8554    1217
     Max         461     231     64                24201     8557    1220
     Sum       11053    5527   1493               580795   205333   29261

     Using Slab Decomposition



     bravais-lattice index     =            8
     lattice parameter (alat)  =      13.1499  a.u.
     unit-cell volume          =    1519.7234 (a.u.)^3
     number of atoms/cell      =           22
     number of atomic types    =            3
     number of electrons       =        48.00
     number of Kohn-Sham states=           24
     kinetic-energy cutoff     =     100.0000  Ry
     charge density cutoff     =     800.0000  Ry
     Exchange-correlation= PBESOL
                           (   1   4  10   8   0   0   0)

     celldm(1)=  13.149863  celldm(2)=   1.004995  celldm(3)=   0.665023
     celldm(4)=   0.000000  celldm(5)=   0.000000  celldm(6)=   0.000000

     crystal axes: (cart. coord. in units of alat)
               a(1) = (   1.000000   0.000000   0.000000 )  
               a(2) = (   0.000000   1.004995   0.000000 )  
               a(3) = (   0.000000   0.000000   0.665023 )  

     reciprocal axes: (cart. coord. in units 2 pi/alat)
               b(1) = (  1.000000  0.000000  0.000000 )  
               b(2) = (  0.000000  0.995030  0.000000 )  
               b(3) = (  0.000000  0.000000  1.503707 )  


     PseudoPot. # 1 for B  read from file:
     /home/mehlhorn/pseudos/b_pbesol_v1.4.uspp.F.UPF
     MD5 check sum: 369b69bef2c3aeed4453bd8b804fd6a8
     Pseudo is Ultrasoft + core correction, Zval =  3.0
     Generated by new atomic code, or converted to UPF format
     Using radial grid of  781 points,  4 beta functions with: 
                l(1) =   0
                l(2) =   0
                l(3) =   1
                l(4) =   1
     Q(r) pseudized with  8 coefficients,  rinner =    1.100   1.100   1.100


     PseudoPot. # 2 for Ba read from file:
     /home/mehlhorn/pseudos/Ba.nc.z_10.oncvpsp4.dojo.v4-sp.upf
     MD5 check sum: c10ed334bb677c0554edec7181ce9143
     Pseudo is Norm-conserving + core correction, Zval = 10.0
     Generated using ONCVPSP code by D. R. Hamann
     Using radial grid of 1938 points,  8 beta functions with: 
                l(1) =   0
                l(2) =   0
                l(3) =   1
                l(4) =   1
                l(5) =   2
                l(6) =   2
                l(7) =   3
                l(8) =   3

     PseudoPot. # 3 for H  read from file:
     /home/mehlhorn/pseudos/H_ONCV_PBEsol-1.0.upf
     MD5 check sum: 398ef8f67c0a7342c05c87c5e19ea467
     Pseudo is Norm-conserving, Zval =  1.0
     Generated using ONCVPSP code by D. R. Hamann
     Using radial grid of 1180 points,  2 beta functions with: 
                l(1) =   0
                l(2) =   0

     atomic species   valence    mass     pseudopotential
     B                 3.00    10.81100     B ( 1.00)
     Ba               10.00   137.32700     Ba( 1.00)
     H                 1.00     1.00794     H ( 1.00)

      4 Sym. Ops. (no inversion) found



   Cartesian axes

     site n.     atom                  positions (alat units)
         1        Ba     tau(   1) = (   0.5000000   0.5024976   0.3325149  )
         2        Ba     tau(   2) = (   0.0000000   0.0000000   0.6650199  )
         3        B      tau(   3) = (   0.6221553   0.2503544   0.0000034  )
         4        B      tau(   4) = (   0.3778447   0.7546409   0.0000034  )
         5        B      tau(   5) = (   0.1221553   0.2521432   0.3325082  )
         6        B      tau(   6) = (   0.8778447   0.7528520   0.3325082  )
         7        H      tau(   7) = (   0.4492521   0.2889572  -0.0000129  )
         8        H      tau(   8) = (   0.5507479   0.7160381  -0.0000129  )
         9        H      tau(   9) = (   0.9492521   0.2135405   0.3325245  )
        10        H      tau(  10) = (   0.0507479   0.7914548   0.3325245  )
        11        H      tau(  11) = (   0.7177062   0.4004542   0.0000031  )
        12        H      tau(  12) = (   0.2822938   0.6045411   0.0000031  )
        13        H      tau(  13) = (   0.2177062   0.1020434   0.3325085  )
        14        H      tau(  14) = (   0.7822938   0.9029519   0.3325085  )
        15        H      tau(  15) = (   0.6574615   0.1574470   0.5188345  )
        16        H      tau(  16) = (   0.3425385   0.8475482   0.5188345  )
        17        H      tau(  17) = (   0.1574615   0.3450506   0.4787003  )
        18        H      tau(  18) = (   0.8425385   0.6599447   0.4787003  )
        19        H      tau(  19) = (   0.3425472   0.8475474   0.1461992  )
        20        H      tau(  20) = (   0.6574528   0.1574478   0.1461992  )
        21        H      tau(  21) = (   0.8425472   0.6599455   0.1863124  )
        22        H      tau(  22) = (   0.1574528   0.3450498   0.1863124  )

     number of k points=    54
                       cart. coord. in units 2pi/alat
        k(    1) = (   0.0000000   0.0000000   0.0000000), wk =   0.0160000
        k(    2) = (   0.0000000   0.0000000  -0.7518535), wk =   0.0000000
        k(    3) = (   0.0000000   0.0000000   0.3007414), wk =   0.0320000
        k(    4) = (   0.0000000   0.0000000  -0.4511121), wk =   0.0000000
        k(    5) = (   0.0000000   0.0000000   0.6014828), wk =   0.0320000
        k(    6) = (   0.0000000   0.0000000  -0.1503707), wk =   0.0000000
        k(    7) = (   0.0000000   0.1990059   0.0000000), wk =   0.0320000
        k(    8) = (   0.0000000   0.1990059  -0.7518535), wk =   0.0000000
        k(    9) = (   0.0000000   0.1990059   0.3007414), wk =   0.0640000
        k(   10) = (   0.0000000   0.1990059  -0.4511121), wk =   0.0000000
        k(   11) = (   0.0000000   0.1990059   0.6014828), wk =   0.0640000
        k(   12) = (   0.0000000   0.1990059  -0.1503707), wk =   0.0000000
        k(   13) = (   0.0000000   0.3980118   0.0000000), wk =   0.0320000
        k(   14) = (   0.0000000   0.3980118  -0.7518535), wk =   0.0000000
        k(   15) = (   0.0000000   0.3980118   0.3007414), wk =   0.0640000
        k(   16) = (   0.0000000   0.3980118  -0.4511121), wk =   0.0000000
        k(   17) = (   0.0000000   0.3980118   0.6014828), wk =   0.0640000
        k(   18) = (   0.0000000   0.3980118  -0.1503707), wk =   0.0000000
        k(   19) = (   0.2000000   0.0000000   0.0000000), wk =   0.0320000
        k(   20) = (   0.2000000   0.0000000  -0.7518535), wk =   0.0000000
        k(   21) = (   0.2000000   0.0000000   0.3007414), wk =   0.0640000
        k(   22) = (   0.2000000   0.0000000  -0.4511121), wk =   0.0000000
        k(   23) = (   0.2000000   0.0000000   0.6014828), wk =   0.0640000
        k(   24) = (   0.2000000   0.0000000  -0.1503707), wk =   0.0000000
        k(   25) = (   0.2000000   0.1990059   0.0000000), wk =   0.0640000
        k(   26) = (   0.2000000   0.1990059  -0.7518535), wk =   0.0000000
        k(   27) = (   0.2000000   0.1990059   0.3007414), wk =   0.1280000
        k(   28) = (   0.2000000   0.1990059  -0.4511121), wk =   0.0000000
        k(   29) = (   0.2000000   0.1990059   0.6014828), wk =   0.1280000
        k(   30) = (   0.2000000   0.1990059  -0.1503707), wk =   0.0000000
        k(   31) = (   0.2000000   0.3980118   0.0000000), wk =   0.0640000
        k(   32) = (   0.2000000   0.3980118  -0.7518535), wk =   0.0000000
        k(   33) = (   0.2000000   0.3980118   0.3007414), wk =   0.1280000
        k(   34) = (   0.2000000   0.3980118  -0.4511121), wk =   0.0000000
        k(   35) = (   0.2000000   0.3980118   0.6014828), wk =   0.1280000
        k(   36) = (   0.2000000   0.3980118  -0.1503707), wk =   0.0000000
        k(   37) = (   0.4000000   0.0000000   0.0000000), wk =   0.0320000
        k(   38) = (   0.4000000   0.0000000  -0.7518535), wk =   0.0000000
        k(   39) = (   0.4000000   0.0000000   0.3007414), wk =   0.0640000
        k(   40) = (   0.4000000   0.0000000  -0.4511121), wk =   0.0000000
        k(   41) = (   0.4000000   0.0000000   0.6014828), wk =   0.0640000
        k(   42) = (   0.4000000   0.0000000  -0.1503707), wk =   0.0000000
        k(   43) = (   0.4000000   0.1990059   0.0000000), wk =   0.0640000
        k(   44) = (   0.4000000   0.1990059  -0.7518535), wk =   0.0000000
        k(   45) = (   0.4000000   0.1990059   0.3007414), wk =   0.1280000
        k(   46) = (   0.4000000   0.1990059  -0.4511121), wk =   0.0000000
        k(   47) = (   0.4000000   0.1990059   0.6014828), wk =   0.1280000
        k(   48) = (   0.4000000   0.1990059  -0.1503707), wk =   0.0000000
        k(   49) = (   0.4000000   0.3980118   0.0000000), wk =   0.0640000
        k(   50) = (   0.4000000   0.3980118  -0.7518535), wk =   0.0000000
        k(   51) = (   0.4000000   0.3980118   0.3007414), wk =   0.1280000
        k(   52) = (   0.4000000   0.3980118  -0.4511121), wk =   0.0000000
        k(   53) = (   0.4000000   0.3980118   0.6014828), wk =   0.1280000
        k(   54) = (   0.4000000   0.3980118  -0.1503707), wk =   0.0000000

     Dense  grid:   580795 G-vectors     FFT dimensions: ( 120, 120,  80)

     Smooth grid:   205333 G-vectors     FFT dimensions: (  90,  90,  60)

     Estimated max dynamical RAM per process >      52.69 MB

     Estimated total dynamical RAM >       1.23 GB

     The potential is recalculated from file :
     ./_ph0/pwscf.q_2/pwscf.save/charge-density

     Starting wfcs are   42 atomic wfcs

     Band Structure Calculation
     Davidson diagonalization with overlap

     ethr =  2.08E-11,  avg # of iterations = 22.0

     total cpu time spent up to now is      220.6 secs

     End of band structure calculation

          k = 0.0000 0.0000 0.0000 ( 25605 PWs)   bands (ev):

   -24.3490 -24.3424  -9.8493  -9.7888  -9.6043  -9.5683  -9.5211  -9.4692
    -6.2954  -5.4245  -4.8456  -4.7501  -1.9996  -1.0651  -1.0565  -0.7047
    -0.5314  -0.4256  -0.3215  -0.2480   0.0202   0.3169   0.3292   0.3606

          k = 0.0000 0.0000-0.7519 ( 25712 PWs)   bands (ev):

   -24.3324 -24.3324  -9.9954  -9.9954  -9.6210  -9.6210  -9.5956  -9.5956
    -5.1821  -5.1820  -5.1090  -5.1090  -1.5016  -1.5015  -1.3632  -1.3631
    -0.3305  -0.3305  -0.3228  -0.3226   0.1019   0.1019   0.1929   0.1931

          k = 0.0000 0.0000 0.3007 ( 25610 PWs)   bands (ev):

   -24.3438 -24.3384  -9.7887  -9.7410  -9.7007  -9.6731  -9.5905  -9.5641
    -5.9568  -5.2250  -4.9646  -4.8909  -1.7164  -1.3728  -1.0041  -0.9195
    -0.6232  -0.5430  -0.2758  -0.1297   0.0923   0.1860   0.2095   0.3303

          k = 0.0000 0.0000-0.4511 ( 25658 PWs)   bands (ev):

   -24.3390 -24.3351  -9.8468  -9.8329  -9.7272  -9.6928  -9.5827  -9.5650
    -5.6403  -5.0822  -5.0720  -5.0213  -1.5081  -1.5017  -1.2213  -0.8488
    -0.7591  -0.6681  -0.2630   0.0063   0.0720   0.0837   0.2221   0.2777

          k = 0.0000 0.0000 0.6015 ( 25676 PWs)   bands (ev):

   -24.3347 -24.3327  -9.9565  -9.9512  -9.6649  -9.6443  -9.5865  -9.5752
    -5.3328  -5.1570  -5.1317  -5.0244  -1.5433  -1.4387  -1.3896  -1.1548
    -0.5474  -0.5454  -0.2223  -0.1142   0.0585   0.1041   0.1964   0.2398

          k = 0.0000 0.0000-0.1504 ( 25610 PWs)   bands (ev):

   -24.3476 -24.3413  -9.8332  -9.7760  -9.6002  -9.5727  -9.5668  -9.5288
    -6.2014  -5.3659  -4.8783  -4.7885  -1.9210  -1.1839  -1.0215  -0.7444
    -0.6637  -0.3391  -0.3103  -0.1190  -0.0811   0.2842   0.2908   0.3540

          k = 0.0000 0.1990 0.0000 ( 25628 PWs)   bands (ev):

   -24.3484 -24.3430  -9.8328  -9.7719  -9.6311  -9.5889  -9.5161  -9.4741
    -6.1839  -5.3945  -4.9917  -4.8109  -1.8044  -1.2083  -1.1193  -0.5088
    -0.4493  -0.4018  -0.3589  -0.1533   0.0281   0.1248   0.2743   0.3108

          k = 0.0000 0.1990-0.7519 ( 25680 PWs)   bands (ev):

   -24.3324 -24.3324 -10.0022 -10.0022  -9.6114  -9.6114  -9.5956  -9.5956
    -5.3734  -5.3734  -4.9110  -4.9110  -1.6044  -1.6043  -1.2393  -1.2392
    -0.3011  -0.3009  -0.2757  -0.2757   0.0798   0.0799   0.1194   0.1195

          k = 0.0000 0.1990 0.3007 ( 25678 PWs)   bands (ev):

   -24.3433 -24.3389  -9.7869  -9.7270  -9.6946  -9.6870  -9.5907  -9.5779
    -5.8740  -5.1983  -5.0766  -4.9270  -1.5843  -1.3983  -1.1796  -0.6777
    -0.5540  -0.4976  -0.4365  -0.0560   0.0797   0.1838   0.1843   0.2276

          k = 0.0000 0.1990-0.4511 ( 25666 PWs)   bands (ev):

   -24.3386 -24.3354  -9.8592  -9.8443  -9.7017  -9.6796  -9.5875  -9.5753
    -5.6101  -5.2297  -5.0109  -4.9798  -1.5162  -1.4355  -1.3228  -0.8212
    -0.6752  -0.4872  -0.3267  -0.0132   0.0507   0.0512   0.1903   0.2362

          k = 0.0000 0.1990 0.6015 ( 25666 PWs)   bands (ev):

   -24.3345 -24.3329  -9.9639  -9.9590  -9.6490  -9.6353  -9.5870  -9.5803
    -5.4319  -5.3173  -5.0047  -4.8868  -1.5883  -1.5277  -1.3139  -1.0826
    -0.5053  -0.3878  -0.2396  -0.1135   0.0188   0.0410   0.1615   0.1952

          k = 0.0000 0.1990-0.1504 ( 25625 PWs)   bands (ev):

   -24.3470 -24.3419  -9.8184  -9.7595  -9.6317  -9.5910  -9.5621  -9.5265
    -6.0966  -5.3322  -5.0197  -4.8437  -1.7421  -1.2673  -1.1255  -0.5539
    -0.5526  -0.3778  -0.3712  -0.0536  -0.0461   0.1672   0.2482   0.2816

          k = 0.0000 0.3980 0.0000 ( 25648 PWs)   bands (ev):

   -24.3467 -24.3446  -9.7869  -9.7435  -9.6767  -9.6398  -9.5030  -9.4869
    -5.8864  -5.5162  -5.1095  -4.9620  -1.4914  -1.3670  -0.9774  -0.4808
    -0.4690  -0.4342  -0.1933  -0.0974  -0.0464   0.0173   0.1445   0.2189

          k = 0.0000 0.3980-0.7519 ( 25694 PWs)   bands (ev):

   -24.3324 -24.3324 -10.0125 -10.0125  -9.5975  -9.5975  -9.5946  -9.5946
    -5.5089  -5.5089  -4.7644  -4.7644  -1.7148  -1.7148  -1.0373  -1.0373
    -0.2805  -0.2805  -0.2336  -0.2333  -0.1205  -0.1203   0.1718   0.1719

          k = 0.0000 0.3980 0.3007 ( 25636 PWs)   bands (ev):

   -24.3419 -24.3403  -9.7718  -9.7376  -9.6912  -9.6682  -9.6042  -9.6006
    -5.6500  -5.3519  -5.1169  -5.0161  -1.4273  -1.4219  -1.1190  -0.7579
    -0.4774  -0.4215  -0.3055  -0.0695  -0.0286  -0.0003   0.2048   0.2070

          k = 0.0000 0.3980-0.4511 ( 25696 PWs)   bands (ev):

   -24.3376 -24.3364  -9.8708  -9.8638  -9.6575  -9.6517  -9.6038  -9.6004
    -5.5239  -5.3910  -4.9824  -4.9574  -1.5288  -1.4864  -1.1651  -0.9001
    -0.5128  -0.4018  -0.1777  -0.0880  -0.0383   0.0252   0.1316   0.1369

          k = 0.0000 0.3980 0.6015 ( 25691 PWs)   bands (ev):

   -24.3340 -24.3334  -9.9739  -9.9718  -9.6184  -9.6161  -9.5939  -9.5937
    -5.5076  -5.4677  -4.8541  -4.8031  -1.6539  -1.6432  -1.1097  -0.9862
    -0.4022  -0.3177  -0.2148  -0.1666  -0.0649   0.0097   0.0645   0.1719

          k = 0.0000 0.3980-0.1504 ( 25634 PWs)   bands (ev):

   -24.3454 -24.3434  -9.7764  -9.7316  -9.6793  -9.6396  -9.5478  -9.5328
    -5.8148  -5.4530  -5.1268  -4.9817  -1.4644  -1.3775  -1.0237  -0.6188
    -0.4418  -0.3776  -0.2399  -0.1267  -0.0444  -0.0205   0.2001   0.2366

          k = 0.2000 0.0000 0.0000 ( 25622 PWs)   bands (ev):

   -24.3484 -24.3430  -9.8283  -9.7758  -9.6272  -9.5956  -9.5161  -9.4741
    -6.1902  -5.4507  -4.8688  -4.8381  -1.8718  -1.0038  -0.9338  -0.9076
    -0.3926  -0.3454  -0.3217  -0.2537  -0.0240   0.0629   0.3014   0.3194

          k = 0.2000 0.0000-0.7519 ( 25636 PWs)   bands (ev):

   -24.3324 -24.3324 -10.0040 -10.0040  -9.6147  -9.6147  -9.5928  -9.5928
    -5.2755  -5.2755  -5.0015  -5.0015  -1.7803  -1.7803  -1.0893  -1.0892
    -0.3299  -0.3298  -0.2081  -0.2079   0.0166   0.0167   0.1929   0.1930

          k = 0.2000 0.0000 0.3007 ( 25667 PWs)   bands (ev):

   -24.3433 -24.3389  -9.7726  -9.7530  -9.6906  -9.6795  -9.6034  -9.5681
    -5.8680  -5.2317  -4.9835  -4.9712  -1.6294  -1.3656  -1.1138  -0.7820
    -0.6107  -0.4900  -0.3240  -0.0885  -0.0655   0.1710   0.2536   0.2886

          k = 0.2000 0.0000-0.4511 ( 25660 PWs)   bands (ev):

   -24.3386 -24.3354  -9.8594  -9.8464  -9.7106  -9.6714  -9.5937  -9.5700
    -5.5765  -5.1100  -5.0786  -5.0498  -1.6387  -1.3665  -1.3635  -0.7900
    -0.6551  -0.5236  -0.2585  -0.0872   0.0364   0.0957   0.2140   0.2658

          k = 0.2000 0.0000 0.6015 ( 25657 PWs)   bands (ev):

   -24.3345 -24.3329  -9.9656  -9.9609  -9.6544  -9.6302  -9.5920  -9.5758
    -5.3448  -5.2118  -5.1057  -4.9643  -1.7776  -1.6229  -1.2133  -0.9523
    -0.5108  -0.3688  -0.1995  -0.1614   0.0256   0.1044   0.1243   0.2436

          k = 0.2000 0.0000-0.1504 ( 25633 PWs)   bands (ev):

   -24.3470 -24.3419  -9.8131  -9.7651  -9.6250  -9.6017  -9.5634  -9.5234
    -6.1004  -5.3872  -4.9007  -4.8744  -1.8026  -1.1375  -0.9630  -0.8752
    -0.5037  -0.3563  -0.2515  -0.1852  -0.1457   0.1355   0.2869   0.3169

          k = 0.2000 0.1990 0.0000 ( 25639 PWs)   bands (ev):

   -24.3478 -24.3435  -9.8379  -9.7457  -9.6730  -9.5777  -9.5120  -9.4780
    -6.1018  -5.4398  -5.0125  -4.8425  -1.7090  -1.1937  -1.0197  -0.6333
    -0.4582  -0.3966  -0.1980  -0.1464  -0.0612   0.0146   0.2042   0.2872

          k = 0.2000 0.1990-0.7519 ( 25682 PWs)   bands (ev):

   -24.3324 -24.3324 -10.0121  -9.9971  -9.6235  -9.6027  -9.5933  -9.5928
    -5.4319  -5.2616  -5.0129  -4.8370  -1.8294  -1.6952  -1.1890  -1.0156
    -0.3752  -0.3551  -0.1430  -0.1124  -0.0165   0.0418   0.1272   0.1862

          k = 0.2000 0.1990 0.3007 ( 25659 PWs)   bands (ev):

   -24.3429 -24.3393  -9.7816  -9.7368  -9.7115  -9.6665  -9.6049  -9.5698
    -5.7983  -5.2065  -5.1142  -4.9632  -1.5346  -1.3791  -1.2026  -0.6765
    -0.5910  -0.4630  -0.3300  -0.0993  -0.0327   0.1310   0.2072   0.2698

          k = 0.2000 0.1990-0.4511 ( 25671 PWs)   bands (ev):

   -24.3383 -24.3357  -9.8653  -9.8431  -9.7203  -9.6482  -9.6065  -9.5694
    -5.5476  -5.2089  -5.0665  -5.0017  -1.6246  -1.4312  -1.2976  -0.8112
    -0.5829  -0.4430  -0.2792  -0.0595  -0.0448   0.0887   0.1781   0.2784

          k = 0.2000 0.1990 0.6015 ( 25694 PWs)   bands (ev):

   -24.3344 -24.3330  -9.9722  -9.9558  -9.6612  -9.6128  -9.5974  -9.5787
    -5.4307  -5.2437  -5.0745  -4.8728  -1.7683  -1.6234  -1.1906  -0.9943
    -0.4625  -0.3211  -0.2185  -0.1001  -0.0435   0.0768   0.1239   0.2396

          k = 0.2000 0.1990-0.1504 ( 25648 PWs)   bands (ev):

   -24.3465 -24.3423  -9.8225  -9.7347  -9.6754  -9.5762  -9.5601  -9.5289
    -6.0162  -5.3718  -5.0417  -4.8759  -1.6541  -1.2364  -1.0809  -0.6854
    -0.4620  -0.3781  -0.2994  -0.1216  -0.0740   0.0912   0.1967   0.2830

          k = 0.2000 0.3980 0.0000 ( 25639 PWs)   bands (ev):

   -24.3465 -24.3448  -9.8239  -9.7750  -9.6506  -9.5969  -9.5013  -9.4884
    -5.8636  -5.5683  -5.0803  -4.9570  -1.4348  -1.3298  -0.9500  -0.5093
    -0.5006  -0.4839  -0.2838  -0.0231  -0.0220   0.0373   0.1040   0.1813

          k = 0.2000 0.3980-0.7519 ( 25692 PWs)   bands (ev):

   -24.3324 -24.3324 -10.0107 -10.0015  -9.6145  -9.5990  -9.5981  -9.5957
    -5.4892  -5.4209  -4.8436  -4.7720  -1.8034  -1.7071  -1.1710  -1.0252
    -0.3436  -0.2893  -0.2480  -0.0854  -0.0099   0.0221   0.1357   0.1814

          k = 0.2000 0.3980 0.3007 ( 25659 PWs)   bands (ev):

   -24.3418 -24.3404  -9.7796  -9.7547  -9.6982  -9.6662  -9.5990  -9.5793
    -5.6093  -5.3570  -5.1262  -5.0327  -1.4443  -1.3970  -1.1229  -0.8257
    -0.4592  -0.3747  -0.3000  -0.0997  -0.0197   0.0511   0.1735   0.2072

          k = 0.2000 0.3980-0.4511 ( 25668 PWs)   bands (ev):

   -24.3375 -24.3365  -9.8651  -9.8532  -9.7014  -9.6606  -9.5976  -9.5769
    -5.4669  -5.3469  -5.0306  -4.9960  -1.5889  -1.5273  -1.1199  -0.9154
    -0.5260  -0.3996  -0.1708  -0.0745  -0.0174   0.0331   0.1506   0.1959

          k = 0.2000 0.3980 0.6015 ( 25671 PWs)   bands (ev):

   -24.3339 -24.3334  -9.9709  -9.9611  -9.6495  -9.6220  -9.5913  -9.5824
    -5.4683  -5.3977  -4.9134  -4.8342  -1.7334  -1.6624  -1.1207  -1.0314
    -0.4350  -0.3244  -0.1817  -0.0669  -0.0176   0.0525   0.0907   0.1922

          k = 0.2000 0.3980-0.1504 ( 25658 PWs)   bands (ev):

   -24.3452 -24.3436  -9.8100  -9.7639  -9.6527  -9.5980  -9.5471  -9.5362
    -5.7882  -5.4990  -5.1019  -4.9812  -1.4128  -1.3398  -1.0371  -0.7037
    -0.4620  -0.3590  -0.2266  -0.1035  -0.0602   0.0139   0.1610   0.2047

          k = 0.4000 0.0000 0.0000 ( 25652 PWs)   bands (ev):

   -24.3467 -24.3446  -9.7745  -9.7437  -9.6782  -9.6562  -9.5030  -9.4870
    -5.9200  -5.6135  -4.9394  -4.9208  -1.5774  -1.2480  -0.7888  -0.5366
    -0.4262  -0.3288  -0.3198  -0.2383  -0.1723  -0.1329   0.1149   0.2066

          k = 0.4000 0.0000-0.7519 ( 25666 PWs)   bands (ev):

   -24.3324 -24.3324 -10.0172 -10.0172  -9.6077  -9.6077  -9.5858  -9.5858
    -5.3466  -5.3466  -4.9066  -4.9066  -1.9972  -1.9972  -0.8251  -0.8250
    -0.3259  -0.3259  -0.2295  -0.2295   0.0520   0.0521   0.1727   0.1727

          k = 0.4000 0.0000 0.3007 ( 25649 PWs)   bands (ev):

   -24.3419 -24.3403  -9.7540  -9.7400  -9.7155  -9.6783  -9.6092  -9.5847
    -5.6357  -5.3605  -5.0568  -5.0276  -1.4802  -1.3149  -1.1723  -0.8050
    -0.5262  -0.3700  -0.3668  -0.2659  -0.0097   0.0998   0.2294   0.2406

          k = 0.4000 0.0000-0.4511 ( 25670 PWs)   bands (ev):

   -24.3376 -24.3364  -9.8735  -9.8676  -9.6738  -9.6429  -9.6120  -9.5880
    -5.4145  -5.2296  -5.0883  -5.0823  -1.6926  -1.5838  -1.1168  -0.8447
    -0.4973  -0.3066  -0.2614  -0.2542   0.0460   0.0989   0.1659   0.2400

          k = 0.4000 0.0000 0.6015 ( 25656 PWs)   bands (ev):

   -24.3340 -24.3334  -9.9784  -9.9764  -9.6312  -9.6089  -9.6018  -9.5827
    -5.3452  -5.3017  -5.0059  -4.9418  -1.9270  -1.8630  -0.9558  -0.7996
    -0.4171  -0.2960  -0.2563  -0.1332  -0.0218   0.1036   0.1537   0.1900

          k = 0.4000 0.0000-0.1504 ( 25642 PWs)   bands (ev):

   -24.3454 -24.3434  -9.7610  -9.7346  -9.6786  -9.6635  -9.5463  -9.5298
    -5.8394  -5.5409  -4.9724  -4.9513  -1.5333  -1.2424  -0.9370  -0.5663
    -0.5414  -0.3751  -0.3537  -0.2603  -0.1474   0.0299   0.1688   0.2299

          k = 0.4000 0.1990 0.0000 ( 25661 PWs)   bands (ev):

   -24.3465 -24.3448  -9.8212  -9.7721  -9.6554  -9.6010  -9.5014  -9.4884
    -5.8862  -5.6228  -4.9936  -4.9172  -1.4888  -1.2701  -0.7953  -0.5713
    -0.4513  -0.4194  -0.3900  -0.1818  -0.1003  -0.0323   0.1007   0.2189

          k = 0.4000 0.1990-0.7519 ( 25694 PWs)   bands (ev):

   -24.3324 -24.3324 -10.0136 -10.0045  -9.6184  -9.6068  -9.5925  -9.5911
    -5.3946  -5.2917  -4.9605  -4.8540  -1.9689  -1.9224  -0.9675  -0.9242
    -0.3665  -0.3211  -0.1823  -0.1574   0.0508   0.0843   0.1628   0.2477

          k = 0.4000 0.1990 0.3007 ( 25667 PWs)   bands (ev):

   -24.3418 -24.3404  -9.7742  -9.7534  -9.7088  -9.6732  -9.5971  -9.5753
    -5.6010  -5.3615  -5.0971  -5.0322  -1.4603  -1.3352  -1.1810  -0.8613
    -0.4758  -0.3521  -0.2981  -0.2031  -0.0240   0.0788   0.1899   0.2323

          k = 0.4000 0.1990-0.4511 ( 25676 PWs)   bands (ev):

   -24.3375 -24.3365  -9.8671  -9.8556  -9.7041  -9.6626  -9.5963  -9.5751
    -5.3895  -5.2097  -5.1460  -5.0703  -1.6774  -1.5916  -1.1067  -0.8942
    -0.4359  -0.3721  -0.2777  -0.1628   0.0230   0.1390   0.1452   0.2494

          k = 0.4000 0.1990 0.6015 ( 25670 PWs)   bands (ev):

   -24.3339 -24.3334  -9.9738  -9.9641  -9.6515  -9.6241  -9.5902  -9.5806
    -5.3713  -5.2589  -5.0411  -4.9188  -1.8869  -1.8274  -0.9999  -0.9266
    -0.4063  -0.2900  -0.2453  -0.1332   0.0290   0.0897   0.1691   0.2471

          k = 0.4000 0.1990-0.1504 ( 25649 PWs)   bands (ev):

   -24.3452 -24.3436  -9.8072  -9.7609  -9.6593  -9.6049  -9.5458  -9.5337
    -5.8052  -5.5480  -5.0232  -4.9492  -1.4550  -1.2595  -0.9899  -0.6989
    -0.5159  -0.3225  -0.2575  -0.2019  -0.1194  -0.0300   0.1528   0.2308

          k = 0.4000 0.3980 0.0000 ( 25660 PWs)   bands (ev):

   -24.3460 -24.3453  -9.8492  -9.8304  -9.5943  -9.5715  -9.4971  -9.4922
    -5.7934  -5.6829  -5.0169  -4.9677  -1.3248  -1.2761  -0.8633  -0.6802
    -0.5354  -0.5223  -0.2852  -0.1027   0.0278   0.0535   0.0840   0.1471

          k = 0.4000 0.3980-0.7519 ( 25678 PWs)   bands (ev):

   -24.3324 -24.3324  -9.9984  -9.9922  -9.6280  -9.6180  -9.6006  -9.5991
    -5.3820  -5.3217  -4.9251  -4.8626  -1.8507  -1.8011  -1.2234  -1.1631
    -0.2723  -0.2147  -0.1474  -0.0670   0.0239   0.0533   0.2257   0.2323

          k = 0.4000 0.3980 0.3007 ( 25682 PWs)   bands (ev):

   -24.3413 -24.3408  -9.7905  -9.7818  -9.6918  -9.6772  -9.5752  -9.5661
    -5.5101  -5.4070  -5.1176  -5.0747  -1.4238  -1.3713  -1.1479  -1.0096
    -0.3275  -0.2931  -0.2183  -0.1098  -0.0403   0.0574   0.1034   0.1738

          k = 0.4000 0.3980-0.4511 ( 25675 PWs)   bands (ev):

   -24.3372 -24.3368  -9.8487  -9.8384  -9.7302  -9.7071  -9.5742  -9.5670
    -5.3233  -5.2350  -5.1573  -5.1012  -1.6350  -1.6023  -1.0976  -1.0228
    -0.4057  -0.3500  -0.1705  -0.0784   0.0004   0.0733   0.1687   0.2288

          k = 0.4000 0.3980 0.6015 ( 25701 PWs)   bands (ev):

   -24.3338 -24.3336  -9.9577  -9.9509  -9.6682  -9.6541  -9.5816  -9.5797
    -5.3535  -5.2897  -5.0035  -4.9359  -1.7886  -1.7529  -1.1556  -1.1321
    -0.3445  -0.2665  -0.1105  -0.0970   0.0314   0.0433   0.2097   0.2455

          k = 0.4000 0.3980-0.1504 ( 25674 PWs)   bands (ev):

   -24.3447 -24.3441  -9.8336  -9.8162  -9.5979  -9.5698  -9.5485  -9.5426
    -5.7127  -5.6043  -5.0454  -4.9975  -1.3048  -1.2417  -1.0857  -0.9208
    -0.3797  -0.2831  -0.2341  -0.1149  -0.0615   0.0012   0.0899   0.1648

     highest occupied level (ev):     0.3606

     Writing config to output data dir ./_ph0/pwscf.q_2/pwscf.save/ :
     XML data file

                                                                                

     bravais-lattice index     =            8
     lattice parameter (alat)  =      13.1499  a.u.
     unit-cell volume          =    1519.7234 (a.u.)^3
     number of atoms/cell      =           22
     number of atomic types    =            3
     kinetic-energy cut-off    =     100.0000  Ry
     charge density cut-off    =     800.0000  Ry
     convergence threshold     =      1.0E-14
     beta                      =       0.7000
     number of iterations used =            4
     Exchange-correlation= PBESOL
                           (   1   4  10   8   0   0   0)


     celldm(1)=   13.14986  celldm(2)=    1.00500  celldm(3)=    0.66502
     celldm(4)=    0.00000  celldm(5)=    0.00000  celldm(6)=    0.00000

     crystal axes: (cart. coord. in units of alat)
               a(1) = (  1.0000  0.0000  0.0000 )  
               a(2) = (  0.0000  1.0050  0.0000 )  
               a(3) = (  0.0000  0.0000  0.6650 )  

     reciprocal axes: (cart. coord. in units 2 pi/alat)
               b(1) = (  1.0000  0.0000  0.0000 )  
               b(2) = (  0.0000  0.9950  0.0000 )  
               b(3) = (  0.0000  0.0000  1.5037 )  


     Atoms inside the unit cell: 

     Cartesian axes

     site n.  atom      mass           positions (alat units)
        1  Ba    137.3270   tau(    1) = (    0.50000    0.50250    0.33251  )
        2  Ba    137.3270   tau(    2) = (    0.00000    0.00000    0.66502  )
        3  B      10.8110   tau(    3) = (    0.62216    0.25035    0.00000  )
        4  B      10.8110   tau(    4) = (    0.37784    0.75464    0.00000  )
        5  B      10.8110   tau(    5) = (    0.12216    0.25214    0.33251  )
        6  B      10.8110   tau(    6) = (    0.87784    0.75285    0.33251  )
        7  H       1.0079   tau(    7) = (    0.44925    0.28896   -0.00001  )
        8  H       1.0079   tau(    8) = (    0.55075    0.71604   -0.00001  )
        9  H       1.0079   tau(    9) = (    0.94925    0.21354    0.33252  )
       10  H       1.0079   tau(   10) = (    0.05075    0.79145    0.33252  )
       11  H       1.0079   tau(   11) = (    0.71771    0.40045    0.00000  )
       12  H       1.0079   tau(   12) = (    0.28229    0.60454    0.00000  )
       13  H       1.0079   tau(   13) = (    0.21771    0.10204    0.33251  )
       14  H       1.0079   tau(   14) = (    0.78229    0.90295    0.33251  )
       15  H       1.0079   tau(   15) = (    0.65746    0.15745    0.51883  )
       16  H       1.0079   tau(   16) = (    0.34254    0.84755    0.51883  )
       17  H       1.0079   tau(   17) = (    0.15746    0.34505    0.47870  )
       18  H       1.0079   tau(   18) = (    0.84254    0.65994    0.47870  )
       19  H       1.0079   tau(   19) = (    0.34255    0.84755    0.14620  )
       20  H       1.0079   tau(   20) = (    0.65745    0.15745    0.14620  )
       21  H       1.0079   tau(   21) = (    0.84255    0.65995    0.18631  )
       22  H       1.0079   tau(   22) = (    0.15745    0.34505    0.18631  )

     Computing dynamical matrix for 
                    q = (   0.0000000   0.0000000  -0.7518535 )

      5 Sym.Ops. (with q -> -q+G )


     G cutoff = 3504.0696  (  24200 G-vectors)     FFT grid: (120,120, 80)
     G cutoff = 1752.0348  (   8556 G-vectors)  smooth grid: ( 90, 90, 60)
     number of k points=    54

     PseudoPot. # 1 for B  read from file:
     /home/mehlhorn/pseudos/b_pbesol_v1.4.uspp.F.UPF
     MD5 check sum: 369b69bef2c3aeed4453bd8b804fd6a8
     Pseudo is Ultrasoft + core correction, Zval =  3.0
     Generated by new atomic code, or converted to UPF format
     Using radial grid of  781 points,  4 beta functions with: 
                l(1) =   0
                l(2) =   0
                l(3) =   1
                l(4) =   1
     Q(r) pseudized with  8 coefficients,  rinner =    1.100   1.100   1.100


     PseudoPot. # 2 for Ba read from file:
     /home/mehlhorn/pseudos/Ba.nc.z_10.oncvpsp4.dojo.v4-sp.upf
     MD5 check sum: c10ed334bb677c0554edec7181ce9143
     Pseudo is Norm-conserving + core correction, Zval = 10.0
     Generated using ONCVPSP code by D. R. Hamann
     Using radial grid of 1938 points,  8 beta functions with: 
                l(1) =   0
                l(2) =   0
                l(3) =   1
                l(4) =   1
                l(5) =   2
                l(6) =   2
                l(7) =   3
                l(8) =   3

     PseudoPot. # 3 for H  read from file:
     /home/mehlhorn/pseudos/H_ONCV_PBEsol-1.0.upf
     MD5 check sum: 398ef8f67c0a7342c05c87c5e19ea467
     Pseudo is Norm-conserving, Zval =  1.0
     Generated using ONCVPSP code by D. R. Hamann
     Using radial grid of 1180 points,  2 beta functions with: 
                l(1) =   0
                l(2) =   0


     Atomic displacements:
     There are   66 irreducible representations

     Representation     1      1 modes -  To be done

     Representation     2      1 modes -  To be done

     Representation     3      1 modes -  To be done

     Representation     4      1 modes -  To be done

     Representation     5      1 modes -  To be done

     Representation     6      1 modes -  To be done

     Representation     7      1 modes -  To be done

     Representation     8      1 modes -  To be done

     Representation     9      1 modes -  To be done

     Representation    10      1 modes -  To be done

     Representation    11      1 modes -  To be done

     Representation    12      1 modes -  To be done

     Representation    13      1 modes -  To be done

     Representation    14      1 modes -  To be done

     Representation    15      1 modes -  To be done

     Representation    16      1 modes -  To be done

     Representation    17      1 modes -  To be done

     Representation    18      1 modes -  To be done

     Representation    19      1 modes -  To be done

     Representation    20      1 modes -  To be done

     Representation    21      1 modes -  To be done

     Representation    22      1 modes -  To be done

     Representation    23      1 modes -  To be done

     Representation    24      1 modes -  To be done

     Representation    25      1 modes -  To be done

     Representation    26      1 modes -  To be done

     Representation    27      1 modes -  To be done

     Representation    28      1 modes -  To be done

     Representation    29      1 modes -  To be done

     Representation    30      1 modes -  To be done

     Representation    31      1 modes -  To be done

     Representation    32      1 modes -  To be done

     Representation    33      1 modes -  To be done

     Representation    34      1 modes -  To be done

     Representation    35      1 modes -  To be done

     Representation    36      1 modes -  To be done

     Representation    37      1 modes -  To be done

     Representation    38      1 modes -  To be done

     Representation    39      1 modes -  To be done

     Representation    40      1 modes -  To be done

     Representation    41      1 modes -  To be done

     Representation    42      1 modes -  To be done

     Representation    43      1 modes -  To be done

     Representation    44      1 modes -  To be done

     Representation    45      1 modes -  To be done

     Representation    46      1 modes -  To be done

     Representation    47      1 modes -  To be done

     Representation    48      1 modes -  To be done

     Representation    49      1 modes -  To be done

     Representation    50      1 modes -  To be done

     Representation    51      1 modes -  To be done

     Representation    52      1 modes -  To be done

     Representation    53      1 modes -  To be done

     Representation    54      1 modes -  To be done

     Representation    55      1 modes -  To be done

     Representation    56      1 modes -  To be done

     Representation    57      1 modes -  To be done

     Representation    58      1 modes -  To be done

     Representation    59      1 modes -  To be done

     Representation    60      1 modes -  To be done

     Representation    61      1 modes -  To be done

     Representation    62      1 modes -  To be done

     Representation    63      1 modes -  To be done

     Representation    64      1 modes -  To be done

     Representation    65      1 modes -  To be done

     Representation    66      1 modes -  To be done


     Message from routine init_vloc:
     Interpolation table for Vloc re-allocated

     Alpha used in Ewald sum =   2.8000
     PHONON       :     10h50m CPU     10h57m WALL



     Representation #   1 mode #   1

     Self-consistent Calculation

      iter #   1 total cpu time : 39522.0 secs   av.it.:   3.0
      thresh= 1.000E-02 alpha_mix =  0.700 |ddv_scf|^2 =  1.141E-08

      iter #   2 total cpu time : 39613.7 secs   av.it.:  15.0
      thresh= 1.068E-05 alpha_mix =  0.700 |ddv_scf|^2 =  1.116E-08

      iter #   3 total cpu time : 39701.0 secs   av.it.:  14.0
      thresh= 1.056E-05 alpha_mix =  0.700 |ddv_scf|^2 =  2.138E-11

      iter #   4 total cpu time : 39794.5 secs   av.it.:  15.4
      thresh= 4.624E-07 alpha_mix =  0.700 |ddv_scf|^2 =  1.975E-12

      iter #   5 total cpu time : 39887.6 secs   av.it.:  15.1
      thresh= 1.405E-07 alpha_mix =  0.700 |ddv_scf|^2 =  2.946E-14

      iter #   6 total cpu time : 39982.5 secs   av.it.:  15.9
      thresh= 1.716E-08 alpha_mix =  0.700 |ddv_scf|^2 =  3.812E-15

     End of self-consistent calculation

     Convergence has been achieved 


     Representation #   2 mode #   2

     Self-consistent Calculation

      iter #   1 total cpu time : 40034.7 secs   av.it.:   4.9
      thresh= 1.000E-02 alpha_mix =  0.700 |ddv_scf|^2 =  1.409E-08

      iter #   2 total cpu time : 40131.9 secs   av.it.:  15.9
      thresh= 1.187E-05 alpha_mix =  0.700 |ddv_scf|^2 =  4.455E-09

      iter #   3 total cpu time : 40226.4 secs   av.it.:  15.0
      thresh= 6.674E-06 alpha_mix =  0.700 |ddv_scf|^2 =  2.781E-11

      iter #   4 total cpu time : 40323.4 secs   av.it.:  16.0
      thresh= 5.273E-07 alpha_mix =  0.700 |ddv_scf|^2 =  2.434E-12

      iter #   5 total cpu time : 40422.5 secs   av.it.:  15.9
      thresh= 1.560E-07 alpha_mix =  0.700 |ddv_scf|^2 =  4.285E-13

      iter #   6 total cpu time : 40521.6 secs   av.it.:  15.9
      thresh= 6.546E-08 alpha_mix =  0.700 |ddv_scf|^2 =  4.887E-15

     End of self-consistent calculation

     Convergence has been achieved 


     Representation #   3 mode #   3

     Self-consistent Calculation

      iter #   1 total cpu time : 40569.0 secs   av.it.:   3.3
      thresh= 1.000E-02 alpha_mix =  0.700 |ddv_scf|^2 =  2.888E-09

      iter #   2 total cpu time : 40669.7 secs   av.it.:  15.9
      thresh= 5.374E-06 alpha_mix =  0.700 |ddv_scf|^2 =  1.497E-09

      iter #   3 total cpu time : 40766.9 secs   av.it.:  15.0
      thresh= 3.869E-06 alpha_mix =  0.700 |ddv_scf|^2 =  2.696E-12

      iter #   4 total cpu time : 40868.1 secs   av.it.:  16.0
      thresh= 1.642E-07 alpha_mix =  0.700 |ddv_scf|^2 =  2.167E-13

      iter #   5 total cpu time : 40968.8 secs   av.it.:  15.9
      thresh= 4.655E-08 alpha_mix =  0.700 |ddv_scf|^2 =  1.214E-14

      iter #   6 total cpu time : 41068.7 secs   av.it.:  15.9
      thresh= 1.102E-08 alpha_mix =  0.700 |ddv_scf|^2 =  9.913E-16

     End of self-consistent calculation

     Convergence has been achieved 


     Representation #   4 mode #   4

     Self-consistent Calculation

      iter #   1 total cpu time : 41116.4 secs   av.it.:   3.5
      thresh= 1.000E-02 alpha_mix =  0.700 |ddv_scf|^2 =  3.724E-09

      iter #   2 total cpu time : 41217.1 secs   av.it.:  15.9
      thresh= 6.102E-06 alpha_mix =  0.700 |ddv_scf|^2 =  2.008E-09

      iter #   3 total cpu time : 41314.3 secs   av.it.:  15.0
      thresh= 4.482E-06 alpha_mix =  0.700 |ddv_scf|^2 =  2.754E-12

      iter #   4 total cpu time : 41415.1 secs   av.it.:  16.0
      thresh= 1.660E-07 alpha_mix =  0.700 |ddv_scf|^2 =  3.058E-13

      iter #   5 total cpu time : 41514.7 secs   av.it.:  15.9
      thresh= 5.530E-08 alpha_mix =  0.700 |ddv_scf|^2 =  1.768E-14

      iter #   6 total cpu time : 41613.8 secs   av.it.:  15.9
      thresh= 1.330E-08 alpha_mix =  0.700 |ddv_scf|^2 =  1.506E-15

     End of self-consistent calculation

     Convergence has been achieved 


     Representation #   5 mode #   5

     Self-consistent Calculation

      iter #   1 total cpu time : 41668.6 secs   av.it.:   5.0
      thresh= 1.000E-02 alpha_mix =  0.700 |ddv_scf|^2 =  7.717E-08

      iter #   2 total cpu time : 41764.9 secs   av.it.:  15.0
      thresh= 2.778E-05 alpha_mix =  0.700 |ddv_scf|^2 =  8.557E-08

      iter #   3 total cpu time : 41855.7 secs   av.it.:  14.0
      thresh= 2.925E-05 alpha_mix =  0.700 |ddv_scf|^2 =  8.663E-11

      iter #   4 total cpu time : 41955.3 secs   av.it.:  15.9
      thresh= 9.307E-07 alpha_mix =  0.700 |ddv_scf|^2 =  1.338E-11

      iter #   5 total cpu time : 42053.0 secs   av.it.:  15.4
      thresh= 3.658E-07 alpha_mix =  0.700 |ddv_scf|^2 =  9.296E-13

      iter #   6 total cpu time : 42150.6 secs   av.it.:  15.3
      thresh= 9.641E-08 alpha_mix =  0.700 |ddv_scf|^2 =  4.724E-14

      iter #   7 total cpu time : 42246.4 secs   av.it.:  15.0
      thresh= 2.174E-08 alpha_mix =  0.700 |ddv_scf|^2 =  3.363E-16

     End of self-consistent calculation

     Convergence has been achieved 


     Representation #   6 mode #   6

     Self-consistent Calculation

      iter #   1 total cpu time : 42292.6 secs   av.it.:   3.0
      thresh= 1.000E-02 alpha_mix =  0.700 |ddv_scf|^2 =  2.164E-09

      iter #   2 total cpu time : 42392.9 secs   av.it.:  16.0
      thresh= 4.651E-06 alpha_mix =  0.700 |ddv_scf|^2 =  9.602E-10

      iter #   3 total cpu time : 42489.3 secs   av.it.:  15.1
      thresh= 3.099E-06 alpha_mix =  0.700 |ddv_scf|^2 =  8.722E-12

      iter #   4 total cpu time : 42586.4 secs   av.it.:  15.3
      thresh= 2.953E-07 alpha_mix =  0.700 |ddv_scf|^2 =  2.749E-12

      iter #   5 total cpu time : 42679.9 secs   av.it.:  14.9
      thresh= 1.658E-07 alpha_mix =  0.700 |ddv_scf|^2 =  1.166E-13

      iter #   6 total cpu time : 42774.3 secs   av.it.:  15.0
      thresh= 3.415E-08 alpha_mix =  0.700 |ddv_scf|^2 =  5.332E-15

     End of self-consistent calculation

     Convergence has been achieved 


     Representation #   7 mode #   7

     Self-consistent Calculation

      iter #   1 total cpu time : 42822.1 secs   av.it.:   3.9
      thresh= 1.000E-02 alpha_mix =  0.700 |ddv_scf|^2 =  1.622E-08

      iter #   2 total cpu time : 42918.7 secs   av.it.:  15.0
      thresh= 1.274E-05 alpha_mix =  0.700 |ddv_scf|^2 =  1.521E-08

      iter #   3 total cpu time : 43010.9 secs   av.it.:  14.2
      thresh= 1.233E-05 alpha_mix =  0.700 |ddv_scf|^2 =  3.675E-11

      iter #   4 total cpu time : 43108.6 secs   av.it.:  15.3
      thresh= 6.062E-07 alpha_mix =  0.700 |ddv_scf|^2 =  1.308E-12

      iter #   5 total cpu time : 43208.4 secs   av.it.:  15.9
      thresh= 1.144E-07 alpha_mix =  0.700 |ddv_scf|^2 =  2.335E-13

      iter #   6 total cpu time : 43303.8 secs   av.it.:  15.0
      thresh= 4.832E-08 alpha_mix =  0.700 |ddv_scf|^2 =  9.882E-15

     End of self-consistent calculation

     Convergence has been achieved 


     Representation #   8 mode #   8

     Self-consistent Calculation

      iter #   1 total cpu time : 43350.5 secs   av.it.:   3.1
      thresh= 1.000E-02 alpha_mix =  0.700 |ddv_scf|^2 =  1.542E-09

      iter #   2 total cpu time : 43452.0 secs   av.it.:  16.0
      thresh= 3.927E-06 alpha_mix =  0.700 |ddv_scf|^2 =  4.904E-10

      iter #   3 total cpu time : 43550.7 secs   av.it.:  15.9
      thresh= 2.214E-06 alpha_mix =  0.700 |ddv_scf|^2 =  6.500E-12

      iter #   4 total cpu time : 43649.8 secs   av.it.:  15.9
      thresh= 2.550E-07 alpha_mix =  0.700 |ddv_scf|^2 =  6.724E-13

      iter #   5 total cpu time : 43748.5 secs   av.it.:  15.9
      thresh= 8.200E-08 alpha_mix =  0.700 |ddv_scf|^2 =  1.946E-14

      iter #   6 total cpu time : 43844.3 secs   av.it.:  15.9
      thresh= 1.395E-08 alpha_mix =  0.700 |ddv_scf|^2 =  1.398E-15

     End of self-consistent calculation

     Convergence has been achieved 


     Representation #   9 mode #   9

     Self-consistent Calculation

      iter #   1 total cpu time : 43887.8 secs   av.it.:   3.0
      thresh= 1.000E-02 alpha_mix =  0.700 |ddv_scf|^2 =  8.772E-10

      iter #   2 total cpu time : 43982.5 secs   av.it.:  15.9
      thresh= 2.962E-06 alpha_mix =  0.700 |ddv_scf|^2 =  1.720E-10

      iter #   3 total cpu time : 44079.6 secs   av.it.:  15.4
      thresh= 1.312E-06 alpha_mix =  0.700 |ddv_scf|^2 =  5.048E-12

      iter #   4 total cpu time : 44178.7 secs   av.it.:  15.9
      thresh= 2.247E-07 alpha_mix =  0.700 |ddv_scf|^2 =  2.566E-13

      iter #   5 total cpu time : 44278.1 secs   av.it.:  15.8
      thresh= 5.065E-08 alpha_mix =  0.700 |ddv_scf|^2 =  1.534E-14

      iter #   6 total cpu time : 44377.2 secs   av.it.:  15.9
      thresh= 1.239E-08 alpha_mix =  0.700 |ddv_scf|^2 =  1.123E-15

     End of self-consistent calculation

     Convergence has been achieved 


     Representation #  10 mode #  10

     Self-consistent Calculation

      iter #   1 total cpu time : 44422.2 secs   av.it.:   3.0
      thresh= 1.000E-02 alpha_mix =  0.700 |ddv_scf|^2 =  8.746E-10

      iter #   2 total cpu time : 44520.9 secs   av.it.:  15.9
      thresh= 2.957E-06 alpha_mix =  0.700 |ddv_scf|^2 =  1.837E-10

      iter #   3 total cpu time : 44618.4 secs   av.it.:  15.9
      thresh= 1.355E-06 alpha_mix =  0.700 |ddv_scf|^2 =  1.310E-11

      iter #   4 total cpu time : 44711.5 secs   av.it.:  15.3
      thresh= 3.620E-07 alpha_mix =  0.700 |ddv_scf|^2 =  1.115E-12

      iter #   5 total cpu time : 44801.1 secs   av.it.:  15.0
      thresh= 1.056E-07 alpha_mix =  0.700 |ddv_scf|^2 =  9.664E-14

      iter #   6 total cpu time : 44890.9 secs   av.it.:  15.0
      thresh= 3.109E-08 alpha_mix =  0.700 |ddv_scf|^2 =  2.717E-15

     End of self-consistent calculation

     Convergence has been achieved 


     Representation #  11 mode #  11

     Self-consistent Calculation

      iter #   1 total cpu time : 44942.3 secs   av.it.:   5.0
      thresh= 1.000E-02 alpha_mix =  0.700 |ddv_scf|^2 =  8.166E-08

      iter #   2 total cpu time : 45032.1 secs   av.it.:  15.0
      thresh= 2.858E-05 alpha_mix =  0.700 |ddv_scf|^2 =  8.115E-08

      iter #   3 total cpu time : 45121.4 secs   av.it.:  14.0
      thresh= 2.849E-05 alpha_mix =  0.700 |ddv_scf|^2 =  2.322E-10

      iter #   4 total cpu time : 45214.1 secs   av.it.:  15.3
      thresh= 1.524E-06 alpha_mix =  0.700 |ddv_scf|^2 =  1.901E-11

      iter #   5 total cpu time : 45304.8 secs   av.it.:  15.0
      thresh= 4.361E-07 alpha_mix =  0.700 |ddv_scf|^2 =  4.575E-13

      iter #   6 total cpu time : 45397.3 secs   av.it.:  15.7
      thresh= 6.764E-08 alpha_mix =  0.700 |ddv_scf|^2 =  3.320E-14

      iter #   7 total cpu time : 45490.4 secs   av.it.:  16.0
      thresh= 1.822E-08 alpha_mix =  0.700 |ddv_scf|^2 =  2.421E-15

     End of self-consistent calculation

     Convergence has been achieved 


     Representation #  12 mode #  12

     Self-consistent Calculation

      iter #   1 total cpu time : 45534.6 secs   av.it.:   3.0
      thresh= 1.000E-02 alpha_mix =  0.700 |ddv_scf|^2 =  1.820E-09

      iter #   2 total cpu time : 45629.4 secs   av.it.:  15.9
      thresh= 4.266E-06 alpha_mix =  0.700 |ddv_scf|^2 =  4.814E-10

      iter #   3 total cpu time : 45722.9 secs   av.it.:  15.4
      thresh= 2.194E-06 alpha_mix =  0.700 |ddv_scf|^2 =  8.734E-12

      iter #   4 total cpu time : 45817.2 secs   av.it.:  15.6
      thresh= 2.955E-07 alpha_mix =  0.700 |ddv_scf|^2 =  4.179E-13

      iter #   5 total cpu time : 45910.6 secs   av.it.:  15.7
      thresh= 6.464E-08 alpha_mix =  0.700 |ddv_scf|^2 =  3.238E-14

      iter #   6 total cpu time : 46002.8 secs   av.it.:  15.8
      thresh= 1.800E-08 alpha_mix =  0.700 |ddv_scf|^2 =  1.959E-15

     End of self-consistent calculation

     Convergence has been achieved 


     Representation #  13 mode #  13

     Self-consistent Calculation

      iter #   1 total cpu time : 46047.3 secs   av.it.:   3.0
      thresh= 1.000E-02 alpha_mix =  0.700 |ddv_scf|^2 =  1.160E-08

      iter #   2 total cpu time : 46136.9 secs   av.it.:  15.0
      thresh= 1.077E-05 alpha_mix =  0.700 |ddv_scf|^2 =  1.186E-08

      iter #   3 total cpu time : 46222.1 secs   av.it.:  14.0
      thresh= 1.089E-05 alpha_mix =  0.700 |ddv_scf|^2 =  1.411E-11

      iter #   4 total cpu time : 46319.3 secs   av.it.:  15.9
      thresh= 3.756E-07 alpha_mix =  0.700 |ddv_scf|^2 =  2.127E-12

      iter #   5 total cpu time : 46416.5 secs   av.it.:  15.2
      thresh= 1.458E-07 alpha_mix =  0.700 |ddv_scf|^2 =  3.069E-14

      iter #   6 total cpu time : 46513.1 secs   av.it.:  15.8
      thresh= 1.752E-08 alpha_mix =  0.700 |ddv_scf|^2 =  4.317E-15

     End of self-consistent calculation

     Convergence has been achieved 


     Representation #  14 mode #  14

     Self-consistent Calculation

      iter #   1 total cpu time : 46565.1 secs   av.it.:   4.5
      thresh= 1.000E-02 alpha_mix =  0.700 |ddv_scf|^2 =  1.116E-08

      iter #   2 total cpu time : 46664.2 secs   av.it.:  16.0
      thresh= 1.056E-05 alpha_mix =  0.700 |ddv_scf|^2 =  2.876E-09

      iter #   3 total cpu time : 46757.3 secs   av.it.:  15.3
      thresh= 5.363E-06 alpha_mix =  0.700 |ddv_scf|^2 =  3.958E-11

      iter #   4 total cpu time : 46851.8 secs   av.it.:  15.9
      thresh= 6.291E-07 alpha_mix =  0.700 |ddv_scf|^2 =  3.163E-12

      iter #   5 total cpu time : 46947.2 secs   av.it.:  15.9
      thresh= 1.779E-07 alpha_mix =  0.700 |ddv_scf|^2 =  3.626E-13

      iter #   6 total cpu time : 47039.2 secs   av.it.:  15.9
      thresh= 6.022E-08 alpha_mix =  0.700 |ddv_scf|^2 =  6.611E-15

     End of self-consistent calculation

     Convergence has been achieved 


     Representation #  15 mode #  15

     Self-consistent Calculation

      iter #   1 total cpu time : 47082.5 secs   av.it.:   3.0
      thresh= 1.000E-02 alpha_mix =  0.700 |ddv_scf|^2 =  1.429E-09

      iter #   2 total cpu time : 47174.7 secs   av.it.:  16.0
      thresh= 3.781E-06 alpha_mix =  0.700 |ddv_scf|^2 =  3.378E-10

      iter #   3 total cpu time : 47267.3 secs   av.it.:  15.5
      thresh= 1.838E-06 alpha_mix =  0.700 |ddv_scf|^2 =  3.880E-12

      iter #   4 total cpu time : 47361.9 secs   av.it.:  15.6
      thresh= 1.970E-07 alpha_mix =  0.700 |ddv_scf|^2 =  2.314E-13

      iter #   5 total cpu time : 47459.4 secs   av.it.:  16.0
      thresh= 4.811E-08 alpha_mix =  0.700 |ddv_scf|^2 =  9.463E-15

     End of self-consistent calculation

     Convergence has been achieved 


     Representation #  16 mode #  16

     Self-consistent Calculation

      iter #   1 total cpu time : 47505.1 secs   av.it.:   3.3
      thresh= 1.000E-02 alpha_mix =  0.700 |ddv_scf|^2 =  2.858E-09

      iter #   2 total cpu time : 47604.1 secs   av.it.:  16.0
      thresh= 5.346E-06 alpha_mix =  0.700 |ddv_scf|^2 =  1.250E-09

      iter #   3 total cpu time : 47699.8 secs   av.it.:  15.0
      thresh= 3.536E-06 alpha_mix =  0.700 |ddv_scf|^2 =  4.826E-12

      iter #   4 total cpu time : 47799.1 secs   av.it.:  16.0
      thresh= 2.197E-07 alpha_mix =  0.700 |ddv_scf|^2 =  8.651E-13

      iter #   5 total cpu time : 47895.4 secs   av.it.:  15.2
      thresh= 9.301E-08 alpha_mix =  0.700 |ddv_scf|^2 =  1.946E-14

      iter #   6 total cpu time : 47993.4 secs   av.it.:  15.9
      thresh= 1.395E-08 alpha_mix =  0.700 |ddv_scf|^2 =  1.053E-15

     End of self-consistent calculation

     Convergence has been achieved 


     Representation #  17 mode #  17

     Self-consistent Calculation

      iter #   1 total cpu time : 48058.0 secs   av.it.:   6.9
      thresh= 1.000E-02 alpha_mix =  0.700 |ddv_scf|^2 =  4.310E-07

      iter #   2 total cpu time : 48154.9 secs   av.it.:  15.4
      thresh= 6.565E-05 alpha_mix =  0.700 |ddv_scf|^2 =  4.367E-07

      iter #   3 total cpu time : 48246.7 secs   av.it.:  14.1
      thresh= 6.608E-05 alpha_mix =  0.700 |ddv_scf|^2 =  1.230E-09

      iter #   4 total cpu time : 48343.3 secs   av.it.:  15.0
      thresh= 3.507E-06 alpha_mix =  0.700 |ddv_scf|^2 =  3.121E-11

      iter #   5 total cpu time : 48441.4 secs   av.it.:  15.4
      thresh= 5.586E-07 alpha_mix =  0.700 |ddv_scf|^2 =  7.028E-13

      iter #   6 total cpu time : 48540.3 secs   av.it.:  16.0
      thresh= 8.384E-08 alpha_mix =  0.700 |ddv_scf|^2 =  1.063E-13

      iter #   7 total cpu time : 48636.7 secs   av.it.:  15.3
      thresh= 3.260E-08 alpha_mix =  0.700 |ddv_scf|^2 =  1.604E-14

      iter #   8 total cpu time : 48733.0 secs   av.it.:  15.0
      thresh= 1.266E-08 alpha_mix =  0.700 |ddv_scf|^2 =  8.518E-16

     End of self-consistent calculation

     Convergence has been achieved 


     Representation #  18 mode #  18

     Self-consistent Calculation

      iter #   1 total cpu time : 48779.7 secs   av.it.:   3.4
      thresh= 1.000E-02 alpha_mix =  0.700 |ddv_scf|^2 =  3.067E-09

      iter #   2 total cpu time : 48876.7 secs   av.it.:  16.0
      thresh= 5.538E-06 alpha_mix =  0.700 |ddv_scf|^2 =  2.001E-09

      iter #   3 total cpu time : 48968.7 secs   av.it.:  15.0
      thresh= 4.474E-06 alpha_mix =  0.700 |ddv_scf|^2 =  3.319E-11

      iter #   4 total cpu time : 49064.4 secs   av.it.:  15.0
      thresh= 5.761E-07 alpha_mix =  0.700 |ddv_scf|^2 =  3.018E-12

      iter #   5 total cpu time : 49159.2 secs   av.it.:  15.0
      thresh= 1.737E-07 alpha_mix =  0.700 |ddv_scf|^2 =  6.031E-14

      iter #   6 total cpu time : 49253.8 secs   av.it.:  15.8
      thresh= 2.456E-08 alpha_mix =  0.700 |ddv_scf|^2 =  5.221E-15

     End of self-consistent calculation

     Convergence has been achieved 


     Representation #  19 mode #  19

     Self-consistent Calculation

      iter #   1 total cpu time : 49299.9 secs   av.it.:   3.0
      thresh= 1.000E-02 alpha_mix =  0.700 |ddv_scf|^2 =  1.789E-09

      iter #   2 total cpu time : 49400.1 secs   av.it.:  15.9
      thresh= 4.230E-06 alpha_mix =  0.700 |ddv_scf|^2 =  4.236E-10

      iter #   3 total cpu time : 49498.5 secs   av.it.:  15.4
      thresh= 2.058E-06 alpha_mix =  0.700 |ddv_scf|^2 =  7.599E-12

      iter #   4 total cpu time : 49597.6 secs   av.it.:  15.8
      thresh= 2.757E-07 alpha_mix =  0.700 |ddv_scf|^2 =  5.874E-13

      iter #   5 total cpu time : 49697.0 secs   av.it.:  15.9
      thresh= 7.664E-08 alpha_mix =  0.700 |ddv_scf|^2 =  1.406E-14

      iter #   6 total cpu time : 49797.7 secs   av.it.:  16.0
      thresh= 1.186E-08 alpha_mix =  0.700 |ddv_scf|^2 =  7.034E-16

     End of self-consistent calculation

     Convergence has been achieved 


     Representation #  20 mode #  20

     Self-consistent Calculation

      iter #   1 total cpu time : 49842.8 secs   av.it.:   3.0
      thresh= 1.000E-02 alpha_mix =  0.700 |ddv_scf|^2 =  6.487E-10

      iter #   2 total cpu time : 49944.3 secs   av.it.:  16.0
      thresh= 2.547E-06 alpha_mix =  0.700 |ddv_scf|^2 =  1.275E-10

      iter #   3 total cpu time : 50043.8 secs   av.it.:  15.9
      thresh= 1.129E-06 alpha_mix =  0.700 |ddv_scf|^2 =  5.144E-12

      iter #   4 total cpu time : 50138.5 secs   av.it.:  15.9
      thresh= 2.268E-07 alpha_mix =  0.700 |ddv_scf|^2 =  4.316E-13

      iter #   5 total cpu time : 50232.1 secs   av.it.:  15.6
      thresh= 6.570E-08 alpha_mix =  0.700 |ddv_scf|^2 =  1.528E-14

      iter #   6 total cpu time : 50326.4 secs   av.it.:  15.9
      thresh= 1.236E-08 alpha_mix =  0.700 |ddv_scf|^2 =  1.145E-15

     End of self-consistent calculation

     Convergence has been achieved 


     Representation #  21 mode #  21

     Self-consistent Calculation

      iter #   1 total cpu time : 50372.2 secs   av.it.:   3.2
      thresh= 1.000E-02 alpha_mix =  0.700 |ddv_scf|^2 =  2.983E-09

      iter #   2 total cpu time : 50466.7 secs   av.it.:  16.0
      thresh= 5.461E-06 alpha_mix =  0.700 |ddv_scf|^2 =  1.402E-09

      iter #   3 total cpu time : 50557.6 secs   av.it.:  15.1
      thresh= 3.745E-06 alpha_mix =  0.700 |ddv_scf|^2 =  7.831E-12

      iter #   4 total cpu time : 50649.0 secs   av.it.:  15.1
      thresh= 2.798E-07 alpha_mix =  0.700 |ddv_scf|^2 =  2.560E-12

      iter #   5 total cpu time : 50737.2 secs   av.it.:  14.9
      thresh= 1.600E-07 alpha_mix =  0.700 |ddv_scf|^2 =  8.020E-14

      iter #   6 total cpu time : 50829.2 secs   av.it.:  15.5
      thresh= 2.832E-08 alpha_mix =  0.700 |ddv_scf|^2 =  5.763E-15

     End of self-consistent calculation

     Convergence has been achieved 


     Representation #  22 mode #  22

     Self-consistent Calculation

      iter #   1 total cpu time : 50874.0 secs   av.it.:   3.0
      thresh= 1.000E-02 alpha_mix =  0.700 |ddv_scf|^2 =  1.857E-09

      iter #   2 total cpu time : 50968.7 secs   av.it.:  15.9
      thresh= 4.310E-06 alpha_mix =  0.700 |ddv_scf|^2 =  4.989E-10

      iter #   3 total cpu time : 51063.8 secs   av.it.:  15.0
      thresh= 2.234E-06 alpha_mix =  0.700 |ddv_scf|^2 =  5.584E-12

      iter #   4 total cpu time : 51155.4 secs   av.it.:  15.4
      thresh= 2.363E-07 alpha_mix =  0.700 |ddv_scf|^2 =  1.004E-13

      iter #   5 total cpu time : 51247.1 secs   av.it.:  15.9
      thresh= 3.169E-08 alpha_mix =  0.700 |ddv_scf|^2 =  6.853E-15

     End of self-consistent calculation

     Convergence has been achieved 


     Representation #  23 mode #  23

     Self-consistent Calculation

      iter #   1 total cpu time : 51292.3 secs   av.it.:   3.8
      thresh= 1.000E-02 alpha_mix =  0.700 |ddv_scf|^2 =  3.697E-09

      iter #   2 total cpu time : 51384.1 secs   av.it.:  15.9
      thresh= 6.080E-06 alpha_mix =  0.700 |ddv_scf|^2 =  1.834E-09

      iter #   3 total cpu time : 51479.8 secs   av.it.:  15.0
      thresh= 4.282E-06 alpha_mix =  0.700 |ddv_scf|^2 =  4.143E-11

      iter #   4 total cpu time : 51573.0 secs   av.it.:  14.9
      thresh= 6.437E-07 alpha_mix =  0.700 |ddv_scf|^2 =  2.571E-12

      iter #   5 total cpu time : 51661.2 secs   av.it.:  15.0
      thresh= 1.603E-07 alpha_mix =  0.700 |ddv_scf|^2 =  6.414E-14

      iter #   6 total cpu time : 51750.8 secs   av.it.:  15.1
      thresh= 2.533E-08 alpha_mix =  0.700 |ddv_scf|^2 =  6.102E-15

     End of self-consistent calculation

     Convergence has been achieved 


     Representation #  24 mode #  24

     Self-consistent Calculation

      iter #   1 total cpu time : 51794.8 secs   av.it.:   3.0
      thresh= 1.000E-02 alpha_mix =  0.700 |ddv_scf|^2 =  2.409E-09

      iter #   2 total cpu time : 51892.9 secs   av.it.:  15.9
      thresh= 4.909E-06 alpha_mix =  0.700 |ddv_scf|^2 =  8.969E-10

      iter #   3 total cpu time : 51987.8 secs   av.it.:  15.1
      thresh= 2.995E-06 alpha_mix =  0.700 |ddv_scf|^2 =  3.190E-11

      iter #   4 total cpu time : 52080.3 secs   av.it.:  15.0
      thresh= 5.648E-07 alpha_mix =  0.700 |ddv_scf|^2 =  3.111E-12

      iter #   5 total cpu time : 52173.4 secs   av.it.:  14.9
      thresh= 1.764E-07 alpha_mix =  0.700 |ddv_scf|^2 =  8.357E-14

      iter #   6 total cpu time : 52270.5 secs   av.it.:  15.0
      thresh= 2.891E-08 alpha_mix =  0.700 |ddv_scf|^2 =  3.437E-15

     End of self-consistent calculation

     Convergence has been achieved 


     Representation #  25 mode #  25

     Self-consistent Calculation

      iter #   1 total cpu time : 52335.5 secs   av.it.:   6.9
      thresh= 1.000E-02 alpha_mix =  0.700 |ddv_scf|^2 =  4.310E-07

      iter #   2 total cpu time : 52429.1 secs   av.it.:  15.4
      thresh= 6.565E-05 alpha_mix =  0.700 |ddv_scf|^2 =  4.367E-07

      iter #   3 total cpu time : 52515.6 secs   av.it.:  14.1
      thresh= 6.608E-05 alpha_mix =  0.700 |ddv_scf|^2 =  1.230E-09

      iter #   4 total cpu time : 52606.7 secs   av.it.:  15.0
      thresh= 3.507E-06 alpha_mix =  0.700 |ddv_scf|^2 =  3.121E-11

      iter #   5 total cpu time : 52699.9 secs   av.it.:  15.4
      thresh= 5.586E-07 alpha_mix =  0.700 |ddv_scf|^2 =  7.029E-13

      iter #   6 total cpu time : 52795.8 secs   av.it.:  16.0
      thresh= 8.384E-08 alpha_mix =  0.700 |ddv_scf|^2 =  1.063E-13

      iter #   7 total cpu time : 52889.1 secs   av.it.:  15.3
      thresh= 3.260E-08 alpha_mix =  0.700 |ddv_scf|^2 =  1.604E-14

      iter #   8 total cpu time : 52981.7 secs   av.it.:  15.0
      thresh= 1.266E-08 alpha_mix =  0.700 |ddv_scf|^2 =  8.518E-16

     End of self-consistent calculation

     Convergence has been achieved 


     Representation #  26 mode #  26

     Self-consistent Calculation

      iter #   1 total cpu time : 53025.0 secs   av.it.:   3.0
      thresh= 1.000E-02 alpha_mix =  0.700 |ddv_scf|^2 =  1.095E-09

      iter #   2 total cpu time : 53121.3 secs   av.it.:  15.9
      thresh= 3.309E-06 alpha_mix =  0.700 |ddv_scf|^2 =  8.674E-10

      iter #   3 total cpu time : 53214.3 secs   av.it.:  14.7
      thresh= 2.945E-06 alpha_mix =  0.700 |ddv_scf|^2 =  1.324E-11

      iter #   4 total cpu time : 53310.9 secs   av.it.:  15.0
      thresh= 3.639E-07 alpha_mix =  0.700 |ddv_scf|^2 =  8.316E-13

      iter #   5 total cpu time : 53404.6 secs   av.it.:  15.0
      thresh= 9.119E-08 alpha_mix =  0.700 |ddv_scf|^2 =  3.132E-14

      iter #   6 total cpu time : 53502.2 secs   av.it.:  15.9
      thresh= 1.770E-08 alpha_mix =  0.700 |ddv_scf|^2 =  3.083E-15

     End of self-consistent calculation

     Convergence has been achieved 


     Representation #  27 mode #  27

     Self-consistent Calculation

      iter #   1 total cpu time : 53565.0 secs   av.it.:   6.4
      thresh= 1.000E-02 alpha_mix =  0.700 |ddv_scf|^2 =  8.236E-08

      iter #   2 total cpu time : 53663.9 secs   av.it.:  15.9
      thresh= 2.870E-05 alpha_mix =  0.700 |ddv_scf|^2 =  2.686E-08

      iter #   3 total cpu time : 53760.5 secs   av.it.:  15.4
      thresh= 1.639E-05 alpha_mix =  0.700 |ddv_scf|^2 =  2.029E-10

      iter #   4 total cpu time : 53858.7 secs   av.it.:  15.8
      thresh= 1.424E-06 alpha_mix =  0.700 |ddv_scf|^2 =  1.439E-11

      iter #   5 total cpu time : 53958.4 secs   av.it.:  15.9
      thresh= 3.793E-07 alpha_mix =  0.700 |ddv_scf|^2 =  2.349E-13

      iter #   6 total cpu time : 54058.0 secs   av.it.:  16.0
      thresh= 4.846E-08 alpha_mix =  0.700 |ddv_scf|^2 =  2.834E-14

      iter #   7 total cpu time : 54155.1 secs   av.it.:  15.0
      thresh= 1.683E-08 alpha_mix =  0.700 |ddv_scf|^2 =  1.947E-15

     End of self-consistent calculation

     Convergence has been achieved 


     Representation #  28 mode #  28

     Self-consistent Calculation

      iter #   1 total cpu time : 54209.5 secs   av.it.:   5.0
      thresh= 1.000E-02 alpha_mix =  0.700 |ddv_scf|^2 =  3.260E-08

      iter #   2 total cpu time : 54308.0 secs   av.it.:  15.7
      thresh= 1.806E-05 alpha_mix =  0.700 |ddv_scf|^2 =  3.181E-08

      iter #   3 total cpu time : 54400.2 secs   av.it.:  14.1
      thresh= 1.784E-05 alpha_mix =  0.700 |ddv_scf|^2 =  1.403E-10

      iter #   4 total cpu time : 54498.6 secs   av.it.:  15.6
      thresh= 1.185E-06 alpha_mix =  0.700 |ddv_scf|^2 =  7.973E-12

      iter #   5 total cpu time : 54598.1 secs   av.it.:  15.9
      thresh= 2.824E-07 alpha_mix =  0.700 |ddv_scf|^2 =  8.184E-13

      iter #   6 total cpu time : 54694.8 secs   av.it.:  15.9
      thresh= 9.046E-08 alpha_mix =  0.700 |ddv_scf|^2 =  2.512E-14

      iter #   7 total cpu time : 54788.8 secs   av.it.:  15.0
      thresh= 1.585E-08 alpha_mix =  0.700 |ddv_scf|^2 =  5.570E-16

     End of self-consistent calculation

     Convergence has been achieved 


     Representation #  29 mode #  29

     Self-consistent Calculation

      iter #   1 total cpu time : 54833.7 secs   av.it.:   3.0
      thresh= 1.000E-02 alpha_mix =  0.700 |ddv_scf|^2 =  5.237E-09

      iter #   2 total cpu time : 54927.8 secs   av.it.:  15.0
      thresh= 7.237E-06 alpha_mix =  0.700 |ddv_scf|^2 =  3.613E-09

      iter #   3 total cpu time : 55017.2 secs   av.it.:  14.6
      thresh= 6.011E-06 alpha_mix =  0.700 |ddv_scf|^2 =  3.354E-11

      iter #   4 total cpu time : 55110.7 secs   av.it.:  15.0
      thresh= 5.791E-07 alpha_mix =  0.700 |ddv_scf|^2 =  2.691E-12

      iter #   5 total cpu time : 55206.1 secs   av.it.:  15.0
      thresh= 1.640E-07 alpha_mix =  0.700 |ddv_scf|^2 =  6.180E-14

      iter #   6 total cpu time : 55303.2 secs   av.it.:  15.8
      thresh= 2.486E-08 alpha_mix =  0.700 |ddv_scf|^2 =  2.435E-15

     End of self-consistent calculation

     Convergence has been achieved 


     Representation #  30 mode #  30

     Self-consistent Calculation

      iter #   1 total cpu time : 55366.3 secs   av.it.:   6.5
      thresh= 1.000E-02 alpha_mix =  0.700 |ddv_scf|^2 =  8.546E-08

      iter #   2 total cpu time : 55464.6 secs   av.it.:  15.9
      thresh= 2.923E-05 alpha_mix =  0.700 |ddv_scf|^2 =  2.962E-08

      iter #   3 total cpu time : 55561.8 secs   av.it.:  15.3
      thresh= 1.721E-05 alpha_mix =  0.700 |ddv_scf|^2 =  1.648E-10

      iter #   4 total cpu time : 55660.2 secs   av.it.:  15.9
      thresh= 1.284E-06 alpha_mix =  0.700 |ddv_scf|^2 =  1.475E-11

      iter #   5 total cpu time : 55758.5 secs   av.it.:  15.9
      thresh= 3.841E-07 alpha_mix =  0.700 |ddv_scf|^2 =  3.205E-13

      iter #   6 total cpu time : 55856.3 secs   av.it.:  15.9
      thresh= 5.661E-08 alpha_mix =  0.700 |ddv_scf|^2 =  3.885E-14

      iter #   7 total cpu time : 55952.3 secs   av.it.:  15.1
      thresh= 1.971E-08 alpha_mix =  0.700 |ddv_scf|^2 =  1.610E-15

     End of self-consistent calculation

     Convergence has been achieved 


     Representation #  31 mode #  31

     Self-consistent Calculation

      iter #   1 total cpu time : 55997.8 secs   av.it.:   3.0
      thresh= 1.000E-02 alpha_mix =  0.700 |ddv_scf|^2 =  3.266E-09

      iter #   2 total cpu time : 56094.4 secs   av.it.:  15.9
      thresh= 5.715E-06 alpha_mix =  0.700 |ddv_scf|^2 =  1.667E-09

      iter #   3 total cpu time : 56186.4 secs   av.it.:  14.9
      thresh= 4.083E-06 alpha_mix =  0.700 |ddv_scf|^2 =  2.709E-11

      iter #   4 total cpu time : 56278.3 secs   av.it.:  15.0
      thresh= 5.205E-07 alpha_mix =  0.700 |ddv_scf|^2 =  2.268E-12

      iter #   5 total cpu time : 56371.3 secs   av.it.:  15.0
      thresh= 1.506E-07 alpha_mix =  0.700 |ddv_scf|^2 =  5.521E-14

      iter #   6 total cpu time : 56468.0 secs   av.it.:  15.2
      thresh= 2.350E-08 alpha_mix =  0.700 |ddv_scf|^2 =  1.733E-15

     End of self-consistent calculation

     Convergence has been achieved 


     Representation #  32 mode #  32

     Self-consistent Calculation

      iter #   1 total cpu time : 56519.8 secs   av.it.:   4.4
      thresh= 1.000E-02 alpha_mix =  0.700 |ddv_scf|^2 =  6.315E-09

      iter #   2 total cpu time : 56617.8 secs   av.it.:  16.0
      thresh= 7.946E-06 alpha_mix =  0.700 |ddv_scf|^2 =  9.553E-10

      iter #   3 total cpu time : 56712.7 secs   av.it.:  15.8
      thresh= 3.091E-06 alpha_mix =  0.700 |ddv_scf|^2 =  3.392E-11

      iter #   4 total cpu time : 56807.9 secs   av.it.:  15.8
      thresh= 5.824E-07 alpha_mix =  0.700 |ddv_scf|^2 =  1.936E-12

      iter #   5 total cpu time : 56903.8 secs   av.it.:  15.9
      thresh= 1.391E-07 alpha_mix =  0.700 |ddv_scf|^2 =  1.074E-13

      iter #   6 total cpu time : 57000.7 secs   av.it.:  16.0
      thresh= 3.277E-08 alpha_mix =  0.700 |ddv_scf|^2 =  4.084E-15

     End of self-consistent calculation

     Convergence has been achieved 


     Representation #  33 mode #  33

     Self-consistent Calculation

      iter #   1 total cpu time : 57053.7 secs   av.it.:   4.8
      thresh= 1.000E-02 alpha_mix =  0.700 |ddv_scf|^2 =  1.419E-08

      iter #   2 total cpu time : 57153.8 secs   av.it.:  15.9
      thresh= 1.191E-05 alpha_mix =  0.700 |ddv_scf|^2 =  4.015E-09

      iter #   3 total cpu time : 57251.2 secs   av.it.:  15.0
      thresh= 6.337E-06 alpha_mix =  0.700 |ddv_scf|^2 =  2.739E-11

      iter #   4 total cpu time : 57351.0 secs   av.it.:  15.9
      thresh= 5.234E-07 alpha_mix =  0.700 |ddv_scf|^2 =  2.636E-12

      iter #   5 total cpu time : 57451.2 secs   av.it.:  15.9
      thresh= 1.624E-07 alpha_mix =  0.700 |ddv_scf|^2 =  1.565E-13

      iter #   6 total cpu time : 57551.8 secs   av.it.:  15.9
      thresh= 3.956E-08 alpha_mix =  0.700 |ddv_scf|^2 =  1.333E-14

      iter #   7 total cpu time : 57647.5 secs   av.it.:  15.4
      thresh= 1.154E-08 alpha_mix =  0.700 |ddv_scf|^2 =  3.389E-16

     End of self-consistent calculation

     Convergence has been achieved 


     Representation #  34 mode #  34

     Self-consistent Calculation

      iter #   1 total cpu time : 57691.9 secs   av.it.:   3.0
      thresh= 1.000E-02 alpha_mix =  0.700 |ddv_scf|^2 =  1.054E-08

      iter #   2 total cpu time : 57783.7 secs   av.it.:  15.0
      thresh= 1.026E-05 alpha_mix =  0.700 |ddv_scf|^2 =  9.941E-09

      iter #   3 total cpu time : 57871.4 secs   av.it.:  14.0
      thresh= 9.971E-06 alpha_mix =  0.700 |ddv_scf|^2 =  1.938E-11

      iter #   4 total cpu time : 57965.7 secs   av.it.:  15.4
      thresh= 4.402E-07 alpha_mix =  0.700 |ddv_scf|^2 =  2.503E-12

      iter #   5 total cpu time : 58058.9 secs   av.it.:  15.0
      thresh= 1.582E-07 alpha_mix =  0.700 |ddv_scf|^2 =  6.026E-14

      iter #   6 total cpu time : 58150.5 secs   av.it.:  15.2
      thresh= 2.455E-08 alpha_mix =  0.700 |ddv_scf|^2 =  4.215E-15

     End of self-consistent calculation

     Convergence has been achieved 


     Representation #  35 mode #  35

     Self-consistent Calculation

      iter #   1 total cpu time : 58193.7 secs   av.it.:   3.0
      thresh= 1.000E-02 alpha_mix =  0.700 |ddv_scf|^2 =  1.295E-09

      iter #   2 total cpu time : 58286.0 secs   av.it.:  15.9
      thresh= 3.599E-06 alpha_mix =  0.700 |ddv_scf|^2 =  4.116E-10

      iter #   3 total cpu time : 58376.0 secs   av.it.:  15.3
      thresh= 2.029E-06 alpha_mix =  0.700 |ddv_scf|^2 =  1.049E-11

      iter #   4 total cpu time : 58465.6 secs   av.it.:  15.0
      thresh= 3.238E-07 alpha_mix =  0.700 |ddv_scf|^2 =  2.313E-12

      iter #   5 total cpu time : 58551.8 secs   av.it.:  14.9
      thresh= 1.521E-07 alpha_mix =  0.700 |ddv_scf|^2 =  7.112E-14

      iter #   6 total cpu time : 58641.4 secs   av.it.:  15.0
      thresh= 2.667E-08 alpha_mix =  0.700 |ddv_scf|^2 =  4.693E-15

     End of self-consistent calculation

     Convergence has been achieved 


     Representation #  36 mode #  36

     Self-consistent Calculation

      iter #   1 total cpu time : 58683.3 secs   av.it.:   3.0
      thresh= 1.000E-02 alpha_mix =  0.700 |ddv_scf|^2 =  8.386E-10

      iter #   2 total cpu time : 58779.6 secs   av.it.:  15.9
      thresh= 2.896E-06 alpha_mix =  0.700 |ddv_scf|^2 =  1.819E-10

      iter #   3 total cpu time : 58877.5 secs   av.it.:  15.7
      thresh= 1.349E-06 alpha_mix =  0.700 |ddv_scf|^2 =  8.413E-12

      iter #   4 total cpu time : 58975.1 secs   av.it.:  15.5
      thresh= 2.901E-07 alpha_mix =  0.700 |ddv_scf|^2 =  3.383E-13

      iter #   5 total cpu time : 59073.4 secs   av.it.:  15.9
      thresh= 5.816E-08 alpha_mix =  0.700 |ddv_scf|^2 =  1.280E-14

      iter #   6 total cpu time : 59172.6 secs   av.it.:  15.9
      thresh= 1.131E-08 alpha_mix =  0.700 |ddv_scf|^2 =  7.142E-16

     End of self-consistent calculation

     Convergence has been achieved 


     Representation #  37 mode #  37

     Self-consistent Calculation

      iter #   1 total cpu time : 59217.8 secs   av.it.:   3.0
      thresh= 1.000E-02 alpha_mix =  0.700 |ddv_scf|^2 =  1.767E-09

      iter #   2 total cpu time : 59315.4 secs   av.it.:  15.9
      thresh= 4.203E-06 alpha_mix =  0.700 |ddv_scf|^2 =  7.344E-10

      iter #   3 total cpu time : 59409.9 secs   av.it.:  15.0
      thresh= 2.710E-06 alpha_mix =  0.700 |ddv_scf|^2 =  5.773E-12

      iter #   4 total cpu time : 59506.0 secs   av.it.:  15.8
      thresh= 2.403E-07 alpha_mix =  0.700 |ddv_scf|^2 =  1.722E-13

      iter #   5 total cpu time : 59602.6 secs   av.it.:  15.9
      thresh= 4.149E-08 alpha_mix =  0.700 |ddv_scf|^2 =  1.806E-14

      iter #   6 total cpu time : 59697.6 secs   av.it.:  15.3
      thresh= 1.344E-08 alpha_mix =  0.700 |ddv_scf|^2 =  5.296E-16

     End of self-consistent calculation

     Convergence has been achieved 


     Representation #  38 mode #  38

     Self-consistent Calculation

      iter #   1 total cpu time : 59744.7 secs   av.it.:   3.9
      thresh= 1.000E-02 alpha_mix =  0.700 |ddv_scf|^2 =  5.732E-09

      iter #   2 total cpu time : 59843.1 secs   av.it.:  15.7
      thresh= 7.571E-06 alpha_mix =  0.700 |ddv_scf|^2 =  4.554E-09

      iter #   3 total cpu time : 59937.1 secs   av.it.:  14.9
      thresh= 6.748E-06 alpha_mix =  0.700 |ddv_scf|^2 =  5.640E-11

      iter #   4 total cpu time : 60033.2 secs   av.it.:  15.0
      thresh= 7.510E-07 alpha_mix =  0.700 |ddv_scf|^2 =  2.058E-12

      iter #   5 total cpu time : 60129.1 secs   av.it.:  15.6
      thresh= 1.435E-07 alpha_mix =  0.700 |ddv_scf|^2 =  1.734E-13

      iter #   6 total cpu time : 60221.2 secs   av.it.:  15.0
      thresh= 4.164E-08 alpha_mix =  0.700 |ddv_scf|^2 =  1.240E-14

      iter #   7 total cpu time : 60311.4 secs   av.it.:  15.0
      thresh= 1.113E-08 alpha_mix =  0.700 |ddv_scf|^2 =  1.749E-16

     End of self-consistent calculation

     Convergence has been achieved 


     Representation #  39 mode #  39

     Self-consistent Calculation

      iter #   1 total cpu time : 60356.0 secs   av.it.:   3.0
      thresh= 1.000E-02 alpha_mix =  0.700 |ddv_scf|^2 =  1.961E-09

      iter #   2 total cpu time : 60451.1 secs   av.it.:  15.5
      thresh= 4.429E-06 alpha_mix =  0.700 |ddv_scf|^2 =  2.201E-10

      iter #   3 total cpu time : 60547.0 secs   av.it.:  15.2
      thresh= 1.484E-06 alpha_mix =  0.700 |ddv_scf|^2 =  1.603E-11

      iter #   4 total cpu time : 60641.7 secs   av.it.:  14.9
      thresh= 4.003E-07 alpha_mix =  0.700 |ddv_scf|^2 =  9.317E-13

      iter #   5 total cpu time : 60738.0 secs   av.it.:  15.0
      thresh= 9.652E-08 alpha_mix =  0.700 |ddv_scf|^2 =  8.540E-14

      iter #   6 total cpu time : 60834.9 secs   av.it.:  15.0
      thresh= 2.922E-08 alpha_mix =  0.700 |ddv_scf|^2 =  3.289E-15

     End of self-consistent calculation

     Convergence has been achieved 


     Representation #  40 mode #  40

     Self-consistent Calculation

      iter #   1 total cpu time : 60882.0 secs   av.it.:   3.3
      thresh= 1.000E-02 alpha_mix =  0.700 |ddv_scf|^2 =  3.094E-09

      iter #   2 total cpu time : 60977.8 secs   av.it.:  16.0
      thresh= 5.562E-06 alpha_mix =  0.700 |ddv_scf|^2 =  1.772E-09

      iter #   3 total cpu time : 61069.9 secs   av.it.:  15.0
      thresh= 4.209E-06 alpha_mix =  0.700 |ddv_scf|^2 =  2.146E-12

      iter #   4 total cpu time : 61166.2 secs   av.it.:  16.0
      thresh= 1.465E-07 alpha_mix =  0.700 |ddv_scf|^2 =  4.008E-13

      iter #   5 total cpu time : 61260.8 secs   av.it.:  15.9
      thresh= 6.331E-08 alpha_mix =  0.700 |ddv_scf|^2 =  1.759E-14

      iter #   6 total cpu time : 61355.3 secs   av.it.:  15.9
      thresh= 1.326E-08 alpha_mix =  0.700 |ddv_scf|^2 =  6.525E-16

     End of self-consistent calculation

     Convergence has been achieved 


     Representation #  41 mode #  41

     Self-consistent Calculation

      iter #   1 total cpu time : 61406.6 secs   av.it.:   4.6
      thresh= 1.000E-02 alpha_mix =  0.700 |ddv_scf|^2 =  1.933E-08

      iter #   2 total cpu time : 61500.8 secs   av.it.:  15.8
      thresh= 1.390E-05 alpha_mix =  0.700 |ddv_scf|^2 =  1.086E-08

      iter #   3 total cpu time : 61591.1 secs   av.it.:  14.9
      thresh= 1.042E-05 alpha_mix =  0.700 |ddv_scf|^2 =  4.201E-10

      iter #   4 total cpu time : 61681.0 secs   av.it.:  14.9
      thresh= 2.050E-06 alpha_mix =  0.700 |ddv_scf|^2 =  5.212E-12

      iter #   5 total cpu time : 61776.0 secs   av.it.:  15.9
      thresh= 2.283E-07 alpha_mix =  0.700 |ddv_scf|^2 =  9.935E-13

      iter #   6 total cpu time : 61870.6 secs   av.it.:  15.9
      thresh= 9.967E-08 alpha_mix =  0.700 |ddv_scf|^2 =  7.722E-15

     End of self-consistent calculation

     Convergence has been achieved 


     Representation #  42 mode #  42

     Self-consistent Calculation

      iter #   1 total cpu time : 61914.7 secs   av.it.:   3.0
      thresh= 1.000E-02 alpha_mix =  0.700 |ddv_scf|^2 =  2.572E-09

      iter #   2 total cpu time : 62008.9 secs   av.it.:  15.7
      thresh= 5.072E-06 alpha_mix =  0.700 |ddv_scf|^2 =  7.677E-10

      iter #   3 total cpu time : 62101.6 secs   av.it.:  15.0
      thresh= 2.771E-06 alpha_mix =  0.700 |ddv_scf|^2 =  1.515E-11

      iter #   4 total cpu time : 62193.6 secs   av.it.:  15.0
      thresh= 3.893E-07 alpha_mix =  0.700 |ddv_scf|^2 =  2.588E-12

      iter #   5 total cpu time : 62285.0 secs   av.it.:  14.9
      thresh= 1.609E-07 alpha_mix =  0.700 |ddv_scf|^2 =  8.202E-14

      iter #   6 total cpu time : 62378.0 secs   av.it.:  15.0
      thresh= 2.864E-08 alpha_mix =  0.700 |ddv_scf|^2 =  2.288E-15

     End of self-consistent calculation

     Convergence has been achieved 


     Representation #  43 mode #  43

     Self-consistent Calculation

      iter #   1 total cpu time : 62422.4 secs   av.it.:   3.0
      thresh= 1.000E-02 alpha_mix =  0.700 |ddv_scf|^2 =  1.174E-09

      iter #   2 total cpu time : 62518.6 secs   av.it.:  16.0
      thresh= 3.426E-06 alpha_mix =  0.700 |ddv_scf|^2 =  1.423E-09

      iter #   3 total cpu time : 62607.3 secs   av.it.:  14.3
      thresh= 3.772E-06 alpha_mix =  0.700 |ddv_scf|^2 =  5.467E-12

      iter #   4 total cpu time : 62704.8 secs   av.it.:  16.0
      thresh= 2.338E-07 alpha_mix =  0.700 |ddv_scf|^2 =  1.177E-12

      iter #   5 total cpu time : 62798.7 secs   av.it.:  15.3
      thresh= 1.085E-07 alpha_mix =  0.700 |ddv_scf|^2 =  6.821E-14

      iter #   6 total cpu time : 62895.5 secs   av.it.:  15.0
      thresh= 2.612E-08 alpha_mix =  0.700 |ddv_scf|^2 =  3.218E-15

     End of self-consistent calculation

     Convergence has been achieved 


     Representation #  44 mode #  44

     Self-consistent Calculation

      iter #   1 total cpu time : 62940.5 secs   av.it.:   3.0
      thresh= 1.000E-02 alpha_mix =  0.700 |ddv_scf|^2 =  7.745E-10

      iter #   2 total cpu time : 63040.6 secs   av.it.:  15.9
      thresh= 2.783E-06 alpha_mix =  0.700 |ddv_scf|^2 =  2.080E-10

      iter #   3 total cpu time : 63137.9 secs   av.it.:  15.5
      thresh= 1.442E-06 alpha_mix =  0.700 |ddv_scf|^2 =  7.355E-12

      iter #   4 total cpu time : 63233.3 secs   av.it.:  15.7
      thresh= 2.712E-07 alpha_mix =  0.700 |ddv_scf|^2 =  3.911E-13

      iter #   5 total cpu time : 63326.2 secs   av.it.:  15.4
      thresh= 6.254E-08 alpha_mix =  0.700 |ddv_scf|^2 =  1.707E-14

      iter #   6 total cpu time : 63419.3 secs   av.it.:  15.7
      thresh= 1.306E-08 alpha_mix =  0.700 |ddv_scf|^2 =  1.890E-15

     End of self-consistent calculation

     Convergence has been achieved 


     Representation #  45 mode #  45

     Self-consistent Calculation

      iter #   1 total cpu time : 63465.9 secs   av.it.:   3.7
      thresh= 1.000E-02 alpha_mix =  0.700 |ddv_scf|^2 =  3.134E-09

      iter #   2 total cpu time : 63559.3 secs   av.it.:  16.0
      thresh= 5.598E-06 alpha_mix =  0.700 |ddv_scf|^2 =  2.006E-09

      iter #   3 total cpu time : 63647.1 secs   av.it.:  15.0
      thresh= 4.478E-06 alpha_mix =  0.700 |ddv_scf|^2 =  2.707E-11

      iter #   4 total cpu time : 63738.0 secs   av.it.:  15.0
      thresh= 5.203E-07 alpha_mix =  0.700 |ddv_scf|^2 =  3.481E-12

      iter #   5 total cpu time : 63829.2 secs   av.it.:  15.0
      thresh= 1.866E-07 alpha_mix =  0.700 |ddv_scf|^2 =  3.515E-14

      iter #   6 total cpu time : 63923.8 secs   av.it.:  15.9
      thresh= 1.875E-08 alpha_mix =  0.700 |ddv_scf|^2 =  5.694E-15

     End of self-consistent calculation

     Convergence has been achieved 


     Representation #  46 mode #  46

     Self-consistent Calculation

      iter #   1 total cpu time : 63969.6 secs   av.it.:   3.7
      thresh= 1.000E-02 alpha_mix =  0.700 |ddv_scf|^2 =  2.814E-09

      iter #   2 total cpu time : 64064.0 secs   av.it.:  16.0
      thresh= 5.304E-06 alpha_mix =  0.700 |ddv_scf|^2 =  1.486E-09

      iter #   3 total cpu time : 64154.2 secs   av.it.:  15.0
      thresh= 3.855E-06 alpha_mix =  0.700 |ddv_scf|^2 =  5.811E-12

      iter #   4 total cpu time : 64244.0 secs   av.it.:  15.1
      thresh= 2.411E-07 alpha_mix =  0.700 |ddv_scf|^2 =  3.253E-12

      iter #   5 total cpu time : 64330.2 secs   av.it.:  14.9
      thresh= 1.804E-07 alpha_mix =  0.700 |ddv_scf|^2 =  3.276E-14

      iter #   6 total cpu time : 64422.0 secs   av.it.:  15.9
      thresh= 1.810E-08 alpha_mix =  0.700 |ddv_scf|^2 =  4.623E-15

     End of self-consistent calculation

     Convergence has been achieved 


     Representation #  47 mode #  47

     Self-consistent Calculation

      iter #   1 total cpu time : 64467.9 secs   av.it.:   3.1
      thresh= 1.000E-02 alpha_mix =  0.700 |ddv_scf|^2 =  2.407E-09

      iter #   2 total cpu time : 64563.7 secs   av.it.:  16.0
      thresh= 4.906E-06 alpha_mix =  0.700 |ddv_scf|^2 =  1.335E-09

      iter #   3 total cpu time : 64655.5 secs   av.it.:  15.0
      thresh= 3.654E-06 alpha_mix =  0.700 |ddv_scf|^2 =  3.172E-12

      iter #   4 total cpu time : 64750.9 secs   av.it.:  16.0
      thresh= 1.781E-07 alpha_mix =  0.700 |ddv_scf|^2 =  4.892E-13

      iter #   5 total cpu time : 64844.4 secs   av.it.:  15.9
      thresh= 6.994E-08 alpha_mix =  0.700 |ddv_scf|^2 =  1.286E-14

      iter #   6 total cpu time : 64935.3 secs   av.it.:  15.9
      thresh= 1.134E-08 alpha_mix =  0.700 |ddv_scf|^2 =  8.696E-16

     End of self-consistent calculation

     Convergence has been achieved 


     Representation #  48 mode #  48

     Self-consistent Calculation

      iter #   1 total cpu time : 64980.2 secs   av.it.:   3.0
      thresh= 1.000E-02 alpha_mix =  0.700 |ddv_scf|^2 =  2.288E-09

      iter #   2 total cpu time : 65076.3 secs   av.it.:  15.9
      thresh= 4.783E-06 alpha_mix =  0.700 |ddv_scf|^2 =  1.058E-09

      iter #   3 total cpu time : 65167.3 secs   av.it.:  15.0
      thresh= 3.252E-06 alpha_mix =  0.700 |ddv_scf|^2 =  5.474E-12

      iter #   4 total cpu time : 65260.5 secs   av.it.:  15.9
      thresh= 2.340E-07 alpha_mix =  0.700 |ddv_scf|^2 =  4.502E-13

      iter #   5 total cpu time : 65353.1 secs   av.it.:  15.1
      thresh= 6.709E-08 alpha_mix =  0.700 |ddv_scf|^2 =  2.257E-14

      iter #   6 total cpu time : 65447.2 secs   av.it.:  15.8
      thresh= 1.502E-08 alpha_mix =  0.700 |ddv_scf|^2 =  2.484E-15

     End of self-consistent calculation

     Convergence has been achieved 


     Representation #  49 mode #  49

     Self-consistent Calculation

      iter #   1 total cpu time : 65498.3 secs   av.it.:   4.4
      thresh= 1.000E-02 alpha_mix =  0.700 |ddv_scf|^2 =  6.391E-09

      iter #   2 total cpu time : 65594.2 secs   av.it.:  16.0
      thresh= 7.995E-06 alpha_mix =  0.700 |ddv_scf|^2 =  9.661E-10

      iter #   3 total cpu time : 65688.2 secs   av.it.:  15.7
      thresh= 3.108E-06 alpha_mix =  0.700 |ddv_scf|^2 =  3.183E-11

      iter #   4 total cpu time : 65781.4 secs   av.it.:  15.9
      thresh= 5.642E-07 alpha_mix =  0.700 |ddv_scf|^2 =  2.456E-12

      iter #   5 total cpu time : 65875.3 secs   av.it.:  15.8
      thresh= 1.567E-07 alpha_mix =  0.700 |ddv_scf|^2 =  2.677E-13

      iter #   6 total cpu time : 65970.7 secs   av.it.:  15.9
      thresh= 5.174E-08 alpha_mix =  0.700 |ddv_scf|^2 =  2.491E-15

     End of self-consistent calculation

     Convergence has been achieved 


     Representation #  50 mode #  50

     Self-consistent Calculation

      iter #   1 total cpu time : 66023.5 secs   av.it.:   4.9
      thresh= 1.000E-02 alpha_mix =  0.700 |ddv_scf|^2 =  1.721E-08

      iter #   2 total cpu time : 66118.8 secs   av.it.:  15.9
      thresh= 1.312E-05 alpha_mix =  0.700 |ddv_scf|^2 =  5.613E-09

      iter #   3 total cpu time : 66211.3 secs   av.it.:  15.0
      thresh= 7.492E-06 alpha_mix =  0.700 |ddv_scf|^2 =  2.195E-11

      iter #   4 total cpu time : 66303.6 secs   av.it.:  15.9
      thresh= 4.685E-07 alpha_mix =  0.700 |ddv_scf|^2 =  2.141E-12

      iter #   5 total cpu time : 66395.8 secs   av.it.:  15.8
      thresh= 1.463E-07 alpha_mix =  0.700 |ddv_scf|^2 =  3.022E-14

      iter #   6 total cpu time : 66491.1 secs   av.it.:  16.0
      thresh= 1.738E-08 alpha_mix =  0.700 |ddv_scf|^2 =  3.045E-15

     End of self-consistent calculation

     Convergence has been achieved 


     Representation #  51 mode #  51

     Self-consistent Calculation

      iter #   1 total cpu time : 66552.4 secs   av.it.:   6.5
      thresh= 1.000E-02 alpha_mix =  0.700 |ddv_scf|^2 =  8.908E-08

      iter #   2 total cpu time : 66647.3 secs   av.it.:  15.9
      thresh= 2.985E-05 alpha_mix =  0.700 |ddv_scf|^2 =  3.374E-08

      iter #   3 total cpu time : 66739.7 secs   av.it.:  15.0
      thresh= 1.837E-05 alpha_mix =  0.700 |ddv_scf|^2 =  6.369E-11

      iter #   4 total cpu time : 66835.2 secs   av.it.:  15.9
      thresh= 7.980E-07 alpha_mix =  0.700 |ddv_scf|^2 =  6.800E-12

      iter #   5 total cpu time : 66928.8 secs   av.it.:  15.9
      thresh= 2.608E-07 alpha_mix =  0.700 |ddv_scf|^2 =  5.833E-13

      iter #   6 total cpu time : 67022.2 secs   av.it.:  15.5
      thresh= 7.637E-08 alpha_mix =  0.700 |ddv_scf|^2 =  1.432E-14

      iter #   7 total cpu time : 67113.7 secs   av.it.:  15.6
      thresh= 1.197E-08 alpha_mix =  0.700 |ddv_scf|^2 =  1.169E-15

     End of self-consistent calculation

     Convergence has been achieved 


     Representation #  52 mode #  52

     Self-consistent Calculation

      iter #   1 total cpu time : 67176.1 secs   av.it.:   6.5
      thresh= 1.000E-02 alpha_mix =  0.700 |ddv_scf|^2 =  8.590E-08

      iter #   2 total cpu time : 67276.0 secs   av.it.:  15.9
      thresh= 2.931E-05 alpha_mix =  0.700 |ddv_scf|^2 =  3.089E-08

      iter #   3 total cpu time : 67373.9 secs   av.it.:  15.2
      thresh= 1.758E-05 alpha_mix =  0.700 |ddv_scf|^2 =  9.363E-11

      iter #   4 total cpu time : 67474.1 secs   av.it.:  16.0
      thresh= 9.676E-07 alpha_mix =  0.700 |ddv_scf|^2 =  9.771E-12

      iter #   5 total cpu time : 67574.5 secs   av.it.:  15.9
      thresh= 3.126E-07 alpha_mix =  0.700 |ddv_scf|^2 =  7.810E-13

      iter #   6 total cpu time : 67673.8 secs   av.it.:  15.9
      thresh= 8.838E-08 alpha_mix =  0.700 |ddv_scf|^2 =  3.177E-14

      iter #   7 total cpu time : 67772.0 secs   av.it.:  15.3
      thresh= 1.782E-08 alpha_mix =  0.700 |ddv_scf|^2 =  2.136E-15

     End of self-consistent calculation

     Convergence has been achieved 


     Representation #  53 mode #  53

     Self-consistent Calculation

      iter #   1 total cpu time : 67818.3 secs   av.it.:   3.0
      thresh= 1.000E-02 alpha_mix =  0.700 |ddv_scf|^2 =  1.835E-09

      iter #   2 total cpu time : 67918.5 secs   av.it.:  16.0
      thresh= 4.284E-06 alpha_mix =  0.700 |ddv_scf|^2 =  5.919E-10

      iter #   3 total cpu time : 68016.1 secs   av.it.:  15.1
      thresh= 2.433E-06 alpha_mix =  0.700 |ddv_scf|^2 =  4.356E-12

      iter #   4 total cpu time : 68116.3 secs   av.it.:  15.9
      thresh= 2.087E-07 alpha_mix =  0.700 |ddv_scf|^2 =  4.710E-13

      iter #   5 total cpu time : 68214.6 secs   av.it.:  15.4
      thresh= 6.863E-08 alpha_mix =  0.700 |ddv_scf|^2 =  2.071E-14

      iter #   6 total cpu time : 68313.8 secs   av.it.:  15.8
      thresh= 1.439E-08 alpha_mix =  0.700 |ddv_scf|^2 =  5.771E-16

     End of self-consistent calculation

     Convergence has been achieved 


     Representation #  54 mode #  54

     Self-consistent Calculation

      iter #   1 total cpu time : 68360.9 secs   av.it.:   3.5
      thresh= 1.000E-02 alpha_mix =  0.700 |ddv_scf|^2 =  2.329E-09

      iter #   2 total cpu time : 68462.2 secs   av.it.:  16.0
      thresh= 4.826E-06 alpha_mix =  0.700 |ddv_scf|^2 =  1.259E-09

      iter #   3 total cpu time : 68559.1 secs   av.it.:  15.0
      thresh= 3.548E-06 alpha_mix =  0.700 |ddv_scf|^2 =  2.464E-12

      iter #   4 total cpu time : 68659.8 secs   av.it.:  16.0
      thresh= 1.570E-07 alpha_mix =  0.700 |ddv_scf|^2 =  3.874E-13

      iter #   5 total cpu time : 68759.4 secs   av.it.:  15.9
      thresh= 6.224E-08 alpha_mix =  0.700 |ddv_scf|^2 =  1.252E-14

      iter #   6 total cpu time : 68859.4 secs   av.it.:  15.9
      thresh= 1.119E-08 alpha_mix =  0.700 |ddv_scf|^2 =  5.206E-16

     End of self-consistent calculation

     Convergence has been achieved 


     Representation #  55 mode #  55

     Self-consistent Calculation

      iter #   1 total cpu time : 68913.6 secs   av.it.:   5.0
      thresh= 1.000E-02 alpha_mix =  0.700 |ddv_scf|^2 =  3.431E-08

      iter #   2 total cpu time : 69013.0 secs   av.it.:  15.7
      thresh= 1.852E-05 alpha_mix =  0.700 |ddv_scf|^2 =  2.177E-08

      iter #   3 total cpu time : 69107.0 secs   av.it.:  14.8
      thresh= 1.475E-05 alpha_mix =  0.700 |ddv_scf|^2 =  1.967E-10

      iter #   4 total cpu time : 69209.0 secs   av.it.:  15.0
      thresh= 1.403E-06 alpha_mix =  0.700 |ddv_scf|^2 =  1.547E-11

      iter #   5 total cpu time : 69306.3 secs   av.it.:  15.0
      thresh= 3.934E-07 alpha_mix =  0.700 |ddv_scf|^2 =  5.214E-13

      iter #   6 total cpu time : 69405.6 secs   av.it.:  15.9
      thresh= 7.221E-08 alpha_mix =  0.700 |ddv_scf|^2 =  2.616E-14

      iter #   7 total cpu time : 69504.2 secs   av.it.:  16.0
      thresh= 1.617E-08 alpha_mix =  0.700 |ddv_scf|^2 =  3.204E-15

     End of self-consistent calculation

     Convergence has been achieved 


     Representation #  56 mode #  56

     Self-consistent Calculation

      iter #   1 total cpu time : 69547.8 secs   av.it.:   3.0
      thresh= 1.000E-02 alpha_mix =  0.700 |ddv_scf|^2 =  3.823E-10

      iter #   2 total cpu time : 69644.2 secs   av.it.:  16.0
      thresh= 1.955E-06 alpha_mix =  0.700 |ddv_scf|^2 =  4.412E-11

      iter #   3 total cpu time : 69740.9 secs   av.it.:  16.0
      thresh= 6.642E-07 alpha_mix =  0.700 |ddv_scf|^2 =  5.303E-12

      iter #   4 total cpu time : 69834.6 secs   av.it.:  15.9
      thresh= 2.303E-07 alpha_mix =  0.700 |ddv_scf|^2 =  2.907E-13

      iter #   5 total cpu time : 69927.9 secs   av.it.:  15.4
      thresh= 5.392E-08 alpha_mix =  0.700 |ddv_scf|^2 =  1.405E-14

      iter #   6 total cpu time : 70020.3 secs   av.it.:  15.9
      thresh= 1.185E-08 alpha_mix =  0.700 |ddv_scf|^2 =  4.272E-16

     End of self-consistent calculation

     Convergence has been achieved 


     Representation #  57 mode #  57

     Self-consistent Calculation

      iter #   1 total cpu time : 70066.1 secs   av.it.:   3.8
      thresh= 1.000E-02 alpha_mix =  0.700 |ddv_scf|^2 =  3.440E-09

      iter #   2 total cpu time : 70160.5 secs   av.it.:  16.0
      thresh= 5.865E-06 alpha_mix =  0.700 |ddv_scf|^2 =  1.802E-09

      iter #   3 total cpu time : 70251.1 secs   av.it.:  15.0
      thresh= 4.245E-06 alpha_mix =  0.700 |ddv_scf|^2 =  3.570E-12

      iter #   4 total cpu time : 70344.5 secs   av.it.:  15.9
      thresh= 1.889E-07 alpha_mix =  0.700 |ddv_scf|^2 =  3.333E-13

      iter #   5 total cpu time : 70438.3 secs   av.it.:  15.9
      thresh= 5.773E-08 alpha_mix =  0.700 |ddv_scf|^2 =  1.961E-14

      iter #   6 total cpu time : 70532.1 secs   av.it.:  15.9
      thresh= 1.400E-08 alpha_mix =  0.700 |ddv_scf|^2 =  1.345E-15

     End of self-consistent calculation

     Convergence has been achieved 


     Representation #  58 mode #  58

     Self-consistent Calculation

      iter #   1 total cpu time : 70575.9 secs   av.it.:   3.0
      thresh= 1.000E-02 alpha_mix =  0.700 |ddv_scf|^2 =  2.493E-09

      iter #   2 total cpu time : 70673.4 secs   av.it.:  15.9
      thresh= 4.993E-06 alpha_mix =  0.700 |ddv_scf|^2 =  9.403E-10

      iter #   3 total cpu time : 70768.7 secs   av.it.:  15.1
      thresh= 3.066E-06 alpha_mix =  0.700 |ddv_scf|^2 =  1.443E-11

      iter #   4 total cpu time : 70863.3 secs   av.it.:  15.0
      thresh= 3.798E-07 alpha_mix =  0.700 |ddv_scf|^2 =  4.252E-12

      iter #   5 total cpu time : 70953.5 secs   av.it.:  14.5
      thresh= 2.062E-07 alpha_mix =  0.700 |ddv_scf|^2 =  4.077E-14

      iter #   6 total cpu time : 71049.6 secs   av.it.:  15.8
      thresh= 2.019E-08 alpha_mix =  0.700 |ddv_scf|^2 =  4.321E-15

     End of self-consistent calculation

     Convergence has been achieved 


     Representation #  59 mode #  59

     Self-consistent Calculation

      iter #   1 total cpu time : 71101.8 secs   av.it.:   4.7
      thresh= 1.000E-02 alpha_mix =  0.700 |ddv_scf|^2 =  1.676E-08

      iter #   2 total cpu time : 71198.2 secs   av.it.:  15.9
      thresh= 1.295E-05 alpha_mix =  0.700 |ddv_scf|^2 =  5.654E-09

      iter #   3 total cpu time : 71291.8 secs   av.it.:  15.0
      thresh= 7.519E-06 alpha_mix =  0.700 |ddv_scf|^2 =  3.293E-10

      iter #   4 total cpu time : 71382.3 secs   av.it.:  14.7
      thresh= 1.815E-06 alpha_mix =  0.700 |ddv_scf|^2 =  7.670E-12

      iter #   5 total cpu time : 71478.1 secs   av.it.:  15.7
      thresh= 2.769E-07 alpha_mix =  0.700 |ddv_scf|^2 =  1.100E-12

      iter #   6 total cpu time : 71573.9 secs   av.it.:  15.7
      thresh= 1.049E-07 alpha_mix =  0.700 |ddv_scf|^2 =  3.387E-15

     End of self-consistent calculation

     Convergence has been achieved 


     Representation #  60 mode #  60

     Self-consistent Calculation

      iter #   1 total cpu time : 71620.5 secs   av.it.:   3.6
      thresh= 1.000E-02 alpha_mix =  0.700 |ddv_scf|^2 =  2.371E-09

      iter #   2 total cpu time : 71718.6 secs   av.it.:  16.0
      thresh= 4.870E-06 alpha_mix =  0.700 |ddv_scf|^2 =  7.494E-10

      iter #   3 total cpu time : 71810.4 secs   av.it.:  15.3
      thresh= 2.738E-06 alpha_mix =  0.700 |ddv_scf|^2 =  1.409E-11

      iter #   4 total cpu time : 71902.5 secs   av.it.:  15.5
      thresh= 3.754E-07 alpha_mix =  0.700 |ddv_scf|^2 =  5.788E-13

      iter #   5 total cpu time : 71994.6 secs   av.it.:  15.6
      thresh= 7.608E-08 alpha_mix =  0.700 |ddv_scf|^2 =  2.329E-14

      iter #   6 total cpu time : 72087.1 secs   av.it.:  15.9
      thresh= 1.526E-08 alpha_mix =  0.700 |ddv_scf|^2 =  1.425E-15

     End of self-consistent calculation

     Convergence has been achieved 


     Representation #  61 mode #  61

     Self-consistent Calculation

      iter #   1 total cpu time : 72131.5 secs   av.it.:   3.1
      thresh= 1.000E-02 alpha_mix =  0.700 |ddv_scf|^2 =  9.949E-09

      iter #   2 total cpu time : 72224.1 secs   av.it.:  15.0
      thresh= 9.974E-06 alpha_mix =  0.700 |ddv_scf|^2 =  9.987E-09

      iter #   3 total cpu time : 72309.8 secs   av.it.:  14.0
      thresh= 9.993E-06 alpha_mix =  0.700 |ddv_scf|^2 =  8.536E-12

      iter #   4 total cpu time : 72402.8 secs   av.it.:  15.9
      thresh= 2.922E-07 alpha_mix =  0.700 |ddv_scf|^2 =  1.377E-12

      iter #   5 total cpu time : 72494.0 secs   av.it.:  15.1
      thresh= 1.173E-07 alpha_mix =  0.700 |ddv_scf|^2 =  6.747E-14

      iter #   6 total cpu time : 72585.2 secs   av.it.:  15.0
      thresh= 2.598E-08 alpha_mix =  0.700 |ddv_scf|^2 =  4.838E-15

     End of self-consistent calculation

     Convergence has been achieved 


     Representation #  62 mode #  62

     Self-consistent Calculation

      iter #   1 total cpu time : 72628.7 secs   av.it.:   3.0
      thresh= 1.000E-02 alpha_mix =  0.700 |ddv_scf|^2 =  1.700E-09

      iter #   2 total cpu time : 72722.5 secs   av.it.:  15.9
      thresh= 4.123E-06 alpha_mix =  0.700 |ddv_scf|^2 =  5.913E-10

      iter #   3 total cpu time : 72814.1 secs   av.it.:  15.2
      thresh= 2.432E-06 alpha_mix =  0.700 |ddv_scf|^2 =  9.282E-12

      iter #   4 total cpu time : 72910.7 secs   av.it.:  15.7
      thresh= 3.047E-07 alpha_mix =  0.700 |ddv_scf|^2 =  4.255E-13

      iter #   5 total cpu time : 73005.2 secs   av.it.:  15.2
      thresh= 6.523E-08 alpha_mix =  0.700 |ddv_scf|^2 =  2.363E-14

      iter #   6 total cpu time : 73097.8 secs   av.it.:  15.7
      thresh= 1.537E-08 alpha_mix =  0.700 |ddv_scf|^2 =  1.673E-15

     End of self-consistent calculation

     Convergence has been achieved 


     Representation #  63 mode #  63

     Self-consistent Calculation

      iter #   1 total cpu time : 73142.7 secs   av.it.:   3.0
      thresh= 1.000E-02 alpha_mix =  0.700 |ddv_scf|^2 =  1.785E-09

      iter #   2 total cpu time : 73239.0 secs   av.it.:  15.9
      thresh= 4.225E-06 alpha_mix =  0.700 |ddv_scf|^2 =  7.792E-10

      iter #   3 total cpu time : 73330.9 secs   av.it.:  15.0
      thresh= 2.791E-06 alpha_mix =  0.700 |ddv_scf|^2 =  4.523E-12

      iter #   4 total cpu time : 73426.3 secs   av.it.:  16.0
      thresh= 2.127E-07 alpha_mix =  0.700 |ddv_scf|^2 =  4.975E-13

      iter #   5 total cpu time : 73519.4 secs   av.it.:  15.3
      thresh= 7.053E-08 alpha_mix =  0.700 |ddv_scf|^2 =  1.590E-14

      iter #   6 total cpu time : 73616.6 secs   av.it.:  15.8
      thresh= 1.261E-08 alpha_mix =  0.700 |ddv_scf|^2 =  1.324E-15

     End of self-consistent calculation

     Convergence has been achieved 


     Representation #  64 mode #  64

     Self-consistent Calculation

      iter #   1 total cpu time : 73663.4 secs   av.it.:   3.2
      thresh= 1.000E-02 alpha_mix =  0.700 |ddv_scf|^2 =  2.648E-09

      iter #   2 total cpu time : 73762.9 secs   av.it.:  16.0
      thresh= 5.146E-06 alpha_mix =  0.700 |ddv_scf|^2 =  1.703E-09

      iter #   3 total cpu time : 73857.1 secs   av.it.:  15.0
      thresh= 4.127E-06 alpha_mix =  0.700 |ddv_scf|^2 =  2.186E-11

      iter #   4 total cpu time : 73952.7 secs   av.it.:  15.0
      thresh= 4.675E-07 alpha_mix =  0.700 |ddv_scf|^2 =  4.571E-12

      iter #   5 total cpu time : 74045.0 secs   av.it.:  14.8
      thresh= 2.138E-07 alpha_mix =  0.700 |ddv_scf|^2 =  1.025E-13

      iter #   6 total cpu time : 74139.7 secs   av.it.:  15.0
      thresh= 3.202E-08 alpha_mix =  0.700 |ddv_scf|^2 =  6.918E-15

     End of self-consistent calculation

     Convergence has been achieved 


     Representation #  65 mode #  65

     Self-consistent Calculation

      iter #   1 total cpu time : 74185.9 secs   av.it.:   3.0
      thresh= 1.000E-02 alpha_mix =  0.700 |ddv_scf|^2 =  2.085E-09

      iter #   2 total cpu time : 74282.2 secs   av.it.:  16.0
      thresh= 4.566E-06 alpha_mix =  0.700 |ddv_scf|^2 =  1.071E-09

      iter #   3 total cpu time : 74374.8 secs   av.it.:  15.0
      thresh= 3.273E-06 alpha_mix =  0.700 |ddv_scf|^2 =  3.051E-12

      iter #   4 total cpu time : 74471.3 secs   av.it.:  16.0
      thresh= 1.747E-07 alpha_mix =  0.700 |ddv_scf|^2 =  4.718E-13

      iter #   5 total cpu time : 74566.1 secs   av.it.:  15.6
      thresh= 6.869E-08 alpha_mix =  0.700 |ddv_scf|^2 =  1.940E-14

      iter #   6 total cpu time : 74660.3 secs   av.it.:  15.0
      thresh= 1.393E-08 alpha_mix =  0.700 |ddv_scf|^2 =  1.439E-15

     End of self-consistent calculation

     Convergence has been achieved 


     Representation #  66 mode #  66

     Self-consistent Calculation

      iter #   1 total cpu time : 74708.3 secs   av.it.:   4.0
      thresh= 1.000E-02 alpha_mix =  0.700 |ddv_scf|^2 =  2.153E-08

      iter #   2 total cpu time : 74804.1 secs   av.it.:  15.0
      thresh= 1.467E-05 alpha_mix =  0.700 |ddv_scf|^2 =  2.132E-08

      iter #   3 total cpu time : 74895.5 secs   av.it.:  14.1
      thresh= 1.460E-05 alpha_mix =  0.700 |ddv_scf|^2 =  2.699E-11

      iter #   4 total cpu time : 74988.7 secs   av.it.:  15.6
      thresh= 5.195E-07 alpha_mix =  0.700 |ddv_scf|^2 =  1.613E-12

      iter #   5 total cpu time : 75079.5 secs   av.it.:  15.8
      thresh= 1.270E-07 alpha_mix =  0.700 |ddv_scf|^2 =  2.137E-13

      iter #   6 total cpu time : 75166.4 secs   av.it.:  14.9
      thresh= 4.623E-08 alpha_mix =  0.700 |ddv_scf|^2 =  2.957E-15

     End of self-consistent calculation

     Convergence has been achieved 

     Number of q in the star =    1
     List of q in the star:
          1   0.000000000   0.000000000  -0.751853469

     Diagonalizing the dynamical matrix

     q = (    0.000000000   0.000000000  -0.751853469 ) 

 **************************************************************************
     freq (    1) =       1.539211 [THz] =      51.342561 [cm-1]
     freq (    2) =       1.587235 [THz] =      52.944452 [cm-1]
     freq (    3) =       1.755829 [THz] =      58.568142 [cm-1]
     freq (    4) =       1.757187 [THz] =      58.613446 [cm-1]
     freq (    5) =       3.202630 [THz] =     106.828233 [cm-1]
     freq (    6) =       3.223920 [THz] =     107.538409 [cm-1]
     freq (    7) =       4.746142 [THz] =     158.314251 [cm-1]
     freq (    8) =       4.774482 [THz] =     159.259591 [cm-1]
     freq (    9) =       5.315153 [THz] =     177.294409 [cm-1]
     freq (   10) =       5.400942 [THz] =     180.156034 [cm-1]
     freq (   11) =       6.042607 [THz] =     201.559659 [cm-1]
     freq (   12) =       6.081561 [THz] =     202.859050 [cm-1]
     freq (   13) =       6.576845 [THz] =     219.379930 [cm-1]
     freq (   14) =       6.594957 [THz] =     219.984091 [cm-1]
     freq (   15) =       6.760324 [THz] =     225.500142 [cm-1]
     freq (   16) =       6.848864 [THz] =     228.453503 [cm-1]
     freq (   17) =       7.768649 [THz] =     259.134222 [cm-1]
     freq (   18) =       7.865250 [THz] =     262.356495 [cm-1]
     freq (   19) =       8.096711 [THz] =     270.077193 [cm-1]
     freq (   20) =       8.113926 [THz] =     270.651422 [cm-1]
     freq (   21) =       8.824270 [THz] =     294.345967 [cm-1]
     freq (   22) =       8.850305 [THz] =     295.214404 [cm-1]
     freq (   23) =       9.159269 [THz] =     305.520316 [cm-1]
     freq (   24) =       9.188447 [THz] =     306.493612 [cm-1]
     freq (   25) =       9.603845 [THz] =     320.349799 [cm-1]
     freq (   26) =       9.617097 [THz] =     320.791819 [cm-1]
     freq (   27) =      12.293610 [THz] =     410.070680 [cm-1]
     freq (   28) =      12.326606 [THz] =     411.171311 [cm-1]
     freq (   29) =      12.501126 [THz] =     416.992687 [cm-1]
     freq (   30) =      12.514790 [THz] =     417.448454 [cm-1]
     freq (   31) =      30.683231 [THz] =    1023.482430 [cm-1]
     freq (   32) =      30.691009 [THz] =    1023.741873 [cm-1]
     freq (   33) =      30.827680 [THz] =    1028.300703 [cm-1]
     freq (   34) =      30.830166 [THz] =    1028.383632 [cm-1]
     freq (   35) =      31.758697 [THz] =    1059.356106 [cm-1]
     freq (   36) =      31.758747 [THz] =    1059.357771 [cm-1]
     freq (   37) =      31.836417 [THz] =    1061.948573 [cm-1]
     freq (   38) =      31.842324 [THz] =    1062.145591 [cm-1]
     freq (   39) =      32.248252 [THz] =    1075.685909 [cm-1]
     freq (   40) =      32.260268 [THz] =    1076.086705 [cm-1]
     freq (   41) =      32.473248 [THz] =    1083.190966 [cm-1]
     freq (   42) =      32.477226 [THz] =    1083.323636 [cm-1]
     freq (   43) =      35.887281 [THz] =    1197.070832 [cm-1]
     freq (   44) =      35.891227 [THz] =    1197.202475 [cm-1]
     freq (   45) =      35.999891 [THz] =    1200.827101 [cm-1]
     freq (   46) =      35.999912 [THz] =    1200.827806 [cm-1]
     freq (   47) =      36.026617 [THz] =    1201.718600 [cm-1]
     freq (   48) =      36.036592 [THz] =    1202.051305 [cm-1]
     freq (   49) =      36.204848 [THz] =    1207.663740 [cm-1]
     freq (   50) =      36.209810 [THz] =    1207.829238 [cm-1]
     freq (   51) =      68.279461 [THz] =    2277.557673 [cm-1]
     freq (   52) =      68.296290 [THz] =    2278.119008 [cm-1]
     freq (   53) =      68.319201 [THz] =    2278.883234 [cm-1]
     freq (   54) =      68.331525 [THz] =    2279.294323 [cm-1]
     freq (   55) =      70.057205 [THz] =    2336.856828 [cm-1]
     freq (   56) =      70.067600 [THz] =    2337.203555 [cm-1]
     freq (   57) =      70.167207 [THz] =    2340.526091 [cm-1]
     freq (   58) =      70.174737 [THz] =    2340.777258 [cm-1]
     freq (   59) =      70.655556 [THz] =    2356.815661 [cm-1]
     freq (   60) =      70.657759 [THz] =    2356.889137 [cm-1]
     freq (   61) =      70.711148 [THz] =    2358.670004 [cm-1]
     freq (   62) =      70.712419 [THz] =    2358.712396 [cm-1]
     freq (   63) =      71.329364 [THz] =    2379.291463 [cm-1]
     freq (   64) =      71.330517 [THz] =    2379.329944 [cm-1]
     freq (   65) =      71.506289 [THz] =    2385.193069 [cm-1]
     freq (   66) =      71.510948 [THz] =    2385.348451 [cm-1]
 **************************************************************************

     Calculation of q =    0.0000000  -0.4975148   0.0000000

     Parallelization info
     --------------------
     sticks:   dense  smooth     PW     G-vecs:    dense   smooth      PW
     Min         460     230     61                24198     8554    1207
     Max         461     231     62                24201     8557    1210
     Sum       11053    5527   1485               580795   205333   29021

     Using Slab Decomposition



     bravais-lattice index     =            8
     lattice parameter (alat)  =      13.1499  a.u.
     unit-cell volume          =    1519.7234 (a.u.)^3
     number of atoms/cell      =           22
     number of atomic types    =            3
     number of electrons       =        48.00
     number of Kohn-Sham states=           24
     kinetic-energy cutoff     =     100.0000  Ry
     charge density cutoff     =     800.0000  Ry
     Exchange-correlation= PBESOL
                           (   1   4  10   8   0   0   0)

     celldm(1)=  13.149863  celldm(2)=   1.004995  celldm(3)=   0.665023
     celldm(4)=   0.000000  celldm(5)=   0.000000  celldm(6)=   0.000000

     crystal axes: (cart. coord. in units of alat)
               a(1) = (   1.000000   0.000000   0.000000 )  
               a(2) = (   0.000000   1.004995   0.000000 )  
               a(3) = (   0.000000   0.000000   0.665023 )  

     reciprocal axes: (cart. coord. in units 2 pi/alat)
               b(1) = (  1.000000  0.000000  0.000000 )  
               b(2) = (  0.000000  0.995030  0.000000 )  
               b(3) = (  0.000000  0.000000  1.503707 )  


     PseudoPot. # 1 for B  read from file:
     /home/mehlhorn/pseudos/b_pbesol_v1.4.uspp.F.UPF
     MD5 check sum: 369b69bef2c3aeed4453bd8b804fd6a8
     Pseudo is Ultrasoft + core correction, Zval =  3.0
     Generated by new atomic code, or converted to UPF format
     Using radial grid of  781 points,  4 beta functions with: 
                l(1) =   0
                l(2) =   0
                l(3) =   1
                l(4) =   1
     Q(r) pseudized with  8 coefficients,  rinner =    1.100   1.100   1.100


     PseudoPot. # 2 for Ba read from file:
     /home/mehlhorn/pseudos/Ba.nc.z_10.oncvpsp4.dojo.v4-sp.upf
     MD5 check sum: c10ed334bb677c0554edec7181ce9143
     Pseudo is Norm-conserving + core correction, Zval = 10.0
     Generated using ONCVPSP code by D. R. Hamann
     Using radial grid of 1938 points,  8 beta functions with: 
                l(1) =   0
                l(2) =   0
                l(3) =   1
                l(4) =   1
                l(5) =   2
                l(6) =   2
                l(7) =   3
                l(8) =   3

     PseudoPot. # 3 for H  read from file:
     /home/mehlhorn/pseudos/H_ONCV_PBEsol-1.0.upf
     MD5 check sum: 398ef8f67c0a7342c05c87c5e19ea467
     Pseudo is Norm-conserving, Zval =  1.0
     Generated using ONCVPSP code by D. R. Hamann
     Using radial grid of 1180 points,  2 beta functions with: 
                l(1) =   0
                l(2) =   0

     atomic species   valence    mass     pseudopotential
     B                 3.00    10.81100     B ( 1.00)
     Ba               10.00   137.32700     Ba( 1.00)
     H                 1.00     1.00794     H ( 1.00)

      4 Sym. Ops. (no inversion) found



   Cartesian axes

     site n.     atom                  positions (alat units)
         1        Ba     tau(   1) = (   0.5000000   0.5024976   0.3325149  )
         2        Ba     tau(   2) = (   0.0000000   0.0000000   0.6650199  )
         3        B      tau(   3) = (   0.6221553   0.2503544   0.0000034  )
         4        B      tau(   4) = (   0.3778447   0.7546409   0.0000034  )
         5        B      tau(   5) = (   0.1221553   0.2521432   0.3325082  )
         6        B      tau(   6) = (   0.8778447   0.7528520   0.3325082  )
         7        H      tau(   7) = (   0.4492521   0.2889572  -0.0000129  )
         8        H      tau(   8) = (   0.5507479   0.7160381  -0.0000129  )
         9        H      tau(   9) = (   0.9492521   0.2135405   0.3325245  )
        10        H      tau(  10) = (   0.0507479   0.7914548   0.3325245  )
        11        H      tau(  11) = (   0.7177062   0.4004542   0.0000031  )
        12        H      tau(  12) = (   0.2822938   0.6045411   0.0000031  )
        13        H      tau(  13) = (   0.2177062   0.1020434   0.3325085  )
        14        H      tau(  14) = (   0.7822938   0.9029519   0.3325085  )
        15        H      tau(  15) = (   0.6574615   0.1574470   0.5188345  )
        16        H      tau(  16) = (   0.3425385   0.8475482   0.5188345  )
        17        H      tau(  17) = (   0.1574615   0.3450506   0.4787003  )
        18        H      tau(  18) = (   0.8425385   0.6599447   0.4787003  )
        19        H      tau(  19) = (   0.3425472   0.8475474   0.1461992  )
        20        H      tau(  20) = (   0.6574528   0.1574478   0.1461992  )
        21        H      tau(  21) = (   0.8425472   0.6599455   0.1863124  )
        22        H      tau(  22) = (   0.1574528   0.3450498   0.1863124  )

     number of k points=    54
                       cart. coord. in units 2pi/alat
        k(    1) = (   0.0000000   0.0000000   0.0000000), wk =   0.0160000
        k(    2) = (   0.0000000  -0.4975148   0.0000000), wk =   0.0000000
        k(    3) = (   0.0000000   0.0000000   0.3007414), wk =   0.0320000
        k(    4) = (   0.0000000  -0.4975148   0.3007414), wk =   0.0000000
        k(    5) = (   0.0000000   0.0000000   0.6014828), wk =   0.0320000
        k(    6) = (   0.0000000  -0.4975148   0.6014828), wk =   0.0000000
        k(    7) = (   0.0000000   0.1990059   0.0000000), wk =   0.0320000
        k(    8) = (   0.0000000  -0.2985089   0.0000000), wk =   0.0000000
        k(    9) = (   0.0000000   0.1990059   0.3007414), wk =   0.0640000
        k(   10) = (   0.0000000  -0.2985089   0.3007414), wk =   0.0000000
        k(   11) = (   0.0000000   0.1990059   0.6014828), wk =   0.0640000
        k(   12) = (   0.0000000  -0.2985089   0.6014828), wk =   0.0000000
        k(   13) = (   0.0000000   0.3980118   0.0000000), wk =   0.0320000
        k(   14) = (   0.0000000  -0.0995030   0.0000000), wk =   0.0000000
        k(   15) = (   0.0000000   0.3980118   0.3007414), wk =   0.0640000
        k(   16) = (   0.0000000  -0.0995030   0.3007414), wk =   0.0000000
        k(   17) = (   0.0000000   0.3980118   0.6014828), wk =   0.0640000
        k(   18) = (   0.0000000  -0.0995030   0.6014828), wk =   0.0000000
        k(   19) = (   0.2000000   0.0000000   0.0000000), wk =   0.0320000
        k(   20) = (   0.2000000  -0.4975148   0.0000000), wk =   0.0000000
        k(   21) = (   0.2000000   0.0000000   0.3007414), wk =   0.0640000
        k(   22) = (   0.2000000  -0.4975148   0.3007414), wk =   0.0000000
        k(   23) = (   0.2000000   0.0000000   0.6014828), wk =   0.0640000
        k(   24) = (   0.2000000  -0.4975148   0.6014828), wk =   0.0000000
        k(   25) = (   0.2000000   0.1990059   0.0000000), wk =   0.0640000
        k(   26) = (   0.2000000  -0.2985089   0.0000000), wk =   0.0000000
        k(   27) = (   0.2000000   0.1990059   0.3007414), wk =   0.1280000
        k(   28) = (   0.2000000  -0.2985089   0.3007414), wk =   0.0000000
        k(   29) = (   0.2000000   0.1990059   0.6014828), wk =   0.1280000
        k(   30) = (   0.2000000  -0.2985089   0.6014828), wk =   0.0000000
        k(   31) = (   0.2000000   0.3980118   0.0000000), wk =   0.0640000
        k(   32) = (   0.2000000  -0.0995030   0.0000000), wk =   0.0000000
        k(   33) = (   0.2000000   0.3980118   0.3007414), wk =   0.1280000
        k(   34) = (   0.2000000  -0.0995030   0.3007414), wk =   0.0000000
        k(   35) = (   0.2000000   0.3980118   0.6014828), wk =   0.1280000
        k(   36) = (   0.2000000  -0.0995030   0.6014828), wk =   0.0000000
        k(   37) = (   0.4000000   0.0000000   0.0000000), wk =   0.0320000
        k(   38) = (   0.4000000  -0.4975148   0.0000000), wk =   0.0000000
        k(   39) = (   0.4000000   0.0000000   0.3007414), wk =   0.0640000
        k(   40) = (   0.4000000  -0.4975148   0.3007414), wk =   0.0000000
        k(   41) = (   0.4000000   0.0000000   0.6014828), wk =   0.0640000
        k(   42) = (   0.4000000  -0.4975148   0.6014828), wk =   0.0000000
        k(   43) = (   0.4000000   0.1990059   0.0000000), wk =   0.0640000
        k(   44) = (   0.4000000  -0.2985089   0.0000000), wk =   0.0000000
        k(   45) = (   0.4000000   0.1990059   0.3007414), wk =   0.1280000
        k(   46) = (   0.4000000  -0.2985089   0.3007414), wk =   0.0000000
        k(   47) = (   0.4000000   0.1990059   0.6014828), wk =   0.1280000
        k(   48) = (   0.4000000  -0.2985089   0.6014828), wk =   0.0000000
        k(   49) = (   0.4000000   0.3980118   0.0000000), wk =   0.0640000
        k(   50) = (   0.4000000  -0.0995030   0.0000000), wk =   0.0000000
        k(   51) = (   0.4000000   0.3980118   0.3007414), wk =   0.1280000
        k(   52) = (   0.4000000  -0.0995030   0.3007414), wk =   0.0000000
        k(   53) = (   0.4000000   0.3980118   0.6014828), wk =   0.1280000
        k(   54) = (   0.4000000  -0.0995030   0.6014828), wk =   0.0000000

     Dense  grid:   580795 G-vectors     FFT dimensions: ( 120, 120,  80)

     Smooth grid:   205333 G-vectors     FFT dimensions: (  90,  90,  60)

     Estimated max dynamical RAM per process >      52.62 MB

     Estimated total dynamical RAM >       1.23 GB

     The potential is recalculated from file :
     ./_ph0/pwscf.q_3/pwscf.save/charge-density

     Starting wfcs are   42 atomic wfcs

     Band Structure Calculation
     Davidson diagonalization with overlap

     ethr =  2.08E-11,  avg # of iterations = 22.1

     total cpu time spent up to now is      415.4 secs

     End of band structure calculation

          k = 0.0000 0.0000 0.0000 ( 25605 PWs)   bands (ev):

   -24.3490 -24.3424  -9.8493  -9.7888  -9.6043  -9.5683  -9.5211  -9.4692
    -6.2954  -5.4245  -4.8456  -4.7501  -1.9996  -1.0651  -1.0565  -0.7047
    -0.5314  -0.4256  -0.3215  -0.2480   0.0202   0.3169   0.3292   0.3606

          k = 0.0000-0.4975 0.0000 ( 25642 PWs)   bands (ev):

   -24.3457 -24.3457  -9.7590  -9.7590  -9.6664  -9.6664  -9.4949  -9.4949
    -5.6983  -5.6983  -5.0460  -5.0460  -1.4231  -1.4231  -0.7248  -0.7248
    -0.4820  -0.4820  -0.0933  -0.0933  -0.0077  -0.0077   0.1502   0.1502

          k = 0.0000 0.0000 0.3007 ( 25610 PWs)   bands (ev):

   -24.3438 -24.3384  -9.7887  -9.7410  -9.7007  -9.6731  -9.5905  -9.5641
    -5.9568  -5.2250  -4.9646  -4.8909  -1.7164  -1.3728  -1.0041  -0.9195
    -0.6232  -0.5430  -0.2758  -0.1297   0.0923   0.1860   0.2095   0.3303

          k = 0.0000-0.4975 0.3007 ( 25670 PWs)   bands (ev):

   -24.3411 -24.3411  -9.7568  -9.7568  -9.6744  -9.6744  -9.6065  -9.6065
    -5.5045  -5.5045  -5.0678  -5.0678  -1.4261  -1.4261  -0.9416  -0.9416
    -0.4261  -0.4261  -0.1764  -0.1764  -0.0405  -0.0405   0.2097   0.2097

          k = 0.0000 0.0000 0.6015 ( 25676 PWs)   bands (ev):

   -24.3347 -24.3327  -9.9565  -9.9512  -9.6649  -9.6443  -9.5865  -9.5752
    -5.3328  -5.1570  -5.1317  -5.0244  -1.5433  -1.4387  -1.3896  -1.1548
    -0.5474  -0.5454  -0.2223  -0.1142   0.0585   0.1041   0.1964   0.2398

          k = 0.0000-0.4975 0.6015 ( 25664 PWs)   bands (ev):

   -24.3337 -24.3337  -9.9747  -9.9747  -9.6093  -9.6093  -9.5993  -9.5993
    -5.5032  -5.5032  -4.8124  -4.8124  -1.6622  -1.6622  -1.0184  -1.0184
    -0.3531  -0.3531  -0.2075  -0.2075  -0.0363  -0.0363   0.1238   0.1238

          k = 0.0000 0.1990 0.0000 ( 25628 PWs)   bands (ev):

   -24.3484 -24.3430  -9.8328  -9.7719  -9.6311  -9.5889  -9.5161  -9.4741
    -6.1839  -5.3945  -4.9917  -4.8109  -1.8044  -1.2083  -1.1193  -0.5088
    -0.4493  -0.4018  -0.3589  -0.1533   0.0281   0.1248   0.2743   0.3108

          k = 0.0000-0.2985 0.0000 ( 25624 PWs)   bands (ev):

   -24.3476 -24.3437  -9.8129  -9.7545  -9.6576  -9.6121  -9.5103  -9.4798
    -6.0534  -5.4024  -5.0989  -4.8794  -1.6249  -1.2966  -1.1091  -0.4680
    -0.4417  -0.3674  -0.2159  -0.1110  -0.0962   0.0283   0.2110   0.2760

          k = 0.0000 0.1990 0.3007 ( 25678 PWs)   bands (ev):

   -24.3433 -24.3389  -9.7869  -9.7270  -9.6946  -9.6870  -9.5907  -9.5779
    -5.8740  -5.1983  -5.0766  -4.9270  -1.5843  -1.3983  -1.1796  -0.6777
    -0.5540  -0.4976  -0.4365  -0.0560   0.0797   0.1838   0.1843   0.2276

          k = 0.0000-0.2985 0.3007 ( 25656 PWs)   bands (ev):

   -24.3427 -24.3395  -9.7818  -9.7178  -9.7084  -9.6752  -9.5942  -9.5920
    -5.7764  -5.2109  -5.1544  -4.9673  -1.4682  -1.4168  -1.2127  -0.5979
    -0.5580  -0.4649  -0.4238  -0.0457   0.0470   0.0852   0.1932   0.2048

          k = 0.0000 0.1990 0.6015 ( 25666 PWs)   bands (ev):

   -24.3345 -24.3329  -9.9639  -9.9590  -9.6490  -9.6353  -9.5870  -9.5803
    -5.4319  -5.3173  -5.0047  -4.8868  -1.5883  -1.5277  -1.3139  -1.0826
    -0.5053  -0.3878  -0.2396  -0.1135   0.0188   0.0410   0.1615   0.1952

          k = 0.0000-0.2985 0.6015 ( 25668 PWs)   bands (ev):

   -24.3343 -24.3331  -9.9698  -9.9659  -9.6337  -9.6261  -9.5890  -9.5863
    -5.4821  -5.4037  -4.9215  -4.8288  -1.6255  -1.5957  -1.2192  -1.0204
    -0.4584  -0.2742  -0.2709  -0.1185  -0.0536   0.0315   0.0857   0.1924

          k = 0.0000 0.3980 0.0000 ( 25648 PWs)   bands (ev):

   -24.3467 -24.3446  -9.7869  -9.7435  -9.6767  -9.6398  -9.5030  -9.4869
    -5.8864  -5.5162  -5.1095  -4.9620  -1.4914  -1.3670  -0.9774  -0.4808
    -0.4690  -0.4342  -0.1933  -0.0974  -0.0464   0.0173   0.1445   0.2189

          k = 0.0000-0.0995 0.0000 ( 25624 PWs)   bands (ev):

   -24.3488 -24.3425  -9.8451  -9.7844  -9.6115  -9.5736  -9.5198  -9.4705
    -6.2669  -5.4151  -4.8865  -4.7658  -1.9465  -1.1149  -1.0807  -0.6412
    -0.4803  -0.4324  -0.3544  -0.2115   0.0230   0.2816   0.3153   0.3334

          k = 0.0000 0.3980 0.3007 ( 25636 PWs)   bands (ev):

   -24.3419 -24.3403  -9.7718  -9.7376  -9.6912  -9.6682  -9.6042  -9.6006
    -5.6500  -5.3519  -5.1169  -5.0161  -1.4273  -1.4219  -1.1190  -0.7579
    -0.4774  -0.4215  -0.3055  -0.0695  -0.0286  -0.0003   0.2048   0.2070

          k = 0.0000-0.0995 0.3007 ( 25647 PWs)   bands (ev):

   -24.3437 -24.3386  -9.7885  -9.7373  -9.6969  -9.6791  -9.5902  -9.5678
    -5.9357  -5.2180  -4.9942  -4.9003  -1.6808  -1.3804  -1.0901  -0.8165
    -0.6029  -0.5325  -0.3306  -0.0966   0.0912   0.1838   0.2053   0.2999

          k = 0.0000 0.3980 0.6015 ( 25691 PWs)   bands (ev):

   -24.3340 -24.3334  -9.9739  -9.9718  -9.6184  -9.6161  -9.5939  -9.5937
    -5.5076  -5.4677  -4.8541  -4.8031  -1.6539  -1.6432  -1.1097  -0.9862
    -0.4022  -0.3177  -0.2148  -0.1666  -0.0649   0.0097   0.0645   0.1719

          k = 0.0000-0.0995 0.6015 ( 25671 PWs)   bands (ev):

   -24.3347 -24.3327  -9.9586  -9.9534  -9.6606  -9.6418  -9.5865  -9.5765
    -5.3695  -5.2204  -5.0880  -4.9666  -1.5562  -1.4627  -1.3740  -1.1348
    -0.5355  -0.4998  -0.2253  -0.1137   0.0535   0.0815   0.1952   0.2189

          k = 0.2000 0.0000 0.0000 ( 25622 PWs)   bands (ev):

   -24.3484 -24.3430  -9.8283  -9.7758  -9.6272  -9.5956  -9.5161  -9.4741
    -6.1902  -5.4507  -4.8688  -4.8381  -1.8718  -1.0038  -0.9338  -0.9076
    -0.3926  -0.3454  -0.3217  -0.2537  -0.0240   0.0629   0.3014   0.3194

          k = 0.2000-0.4975 0.0000 ( 25670 PWs)   bands (ev):

   -24.3457 -24.3457  -9.8029  -9.8029  -9.6213  -9.6213  -9.4948  -9.4948
    -5.7130  -5.7130  -5.0275  -5.0275  -1.3748  -1.3748  -0.7478  -0.7478
    -0.5064  -0.5064  -0.1260  -0.1260   0.0182   0.0182   0.1375   0.1375

          k = 0.2000 0.0000 0.3007 ( 25667 PWs)   bands (ev):

   -24.3433 -24.3389  -9.7726  -9.7530  -9.6906  -9.6795  -9.6034  -9.5681
    -5.8680  -5.2317  -4.9835  -4.9712  -1.6294  -1.3656  -1.1138  -0.7820
    -0.6107  -0.4900  -0.3240  -0.0885  -0.0655   0.1710   0.2536   0.2886

          k = 0.2000-0.4975 0.3007 ( 25636 PWs)   bands (ev):

   -24.3411 -24.3411  -9.7698  -9.7698  -9.6805  -9.6805  -9.5888  -9.5888
    -5.4864  -5.4864  -5.0799  -5.0799  -1.4243  -1.4243  -0.9734  -0.9734
    -0.4114  -0.4114  -0.1878  -0.1878   0.0145   0.0145   0.1843   0.1843

          k = 0.2000 0.0000 0.6015 ( 25657 PWs)   bands (ev):

   -24.3345 -24.3329  -9.9656  -9.9609  -9.6544  -9.6302  -9.5920  -9.5758
    -5.3448  -5.2118  -5.1057  -4.9643  -1.7776  -1.6229  -1.2133  -0.9523
    -0.5108  -0.3688  -0.1995  -0.1614   0.0256   0.1044   0.1243   0.2436

          k = 0.2000-0.4975 0.6015 ( 25666 PWs)   bands (ev):

   -24.3337 -24.3337  -9.9664  -9.9664  -9.6363  -9.6363  -9.5857  -9.5857
    -5.4462  -5.4462  -4.8600  -4.8600  -1.6999  -1.6999  -1.0697  -1.0697
    -0.3927  -0.3927  -0.1135  -0.1135   0.0204   0.0204   0.1401   0.1401

          k = 0.2000 0.1990 0.0000 ( 25639 PWs)   bands (ev):

   -24.3478 -24.3435  -9.8379  -9.7457  -9.6730  -9.5777  -9.5120  -9.4780
    -6.1018  -5.4398  -5.0125  -4.8425  -1.7090  -1.1937  -1.0197  -0.6333
    -0.4582  -0.3966  -0.1980  -0.1464  -0.0612   0.0146   0.2042   0.2872

          k = 0.2000-0.2985 0.0000 ( 25655 PWs)   bands (ev):

   -24.3472 -24.3441  -9.8356  -9.7478  -9.6760  -9.5816  -9.5072  -9.4826
    -5.9976  -5.4687  -5.0811  -4.8904  -1.5549  -1.2725  -1.0369  -0.4923
    -0.4639  -0.4451  -0.2508  -0.0842  -0.0791   0.0347   0.1669   0.2211

          k = 0.2000 0.1990 0.3007 ( 25659 PWs)   bands (ev):

   -24.3429 -24.3393  -9.7816  -9.7368  -9.7115  -9.6665  -9.6049  -9.5698
    -5.7983  -5.2065  -5.1142  -4.9632  -1.5346  -1.3791  -1.2026  -0.6765
    -0.5910  -0.4630  -0.3300  -0.0993  -0.0327   0.1310   0.2072   0.2698

          k = 0.2000-0.2985 0.3007 ( 25662 PWs)   bands (ev):

   -24.3424 -24.3398  -9.7833  -9.7377  -9.7143  -9.6610  -9.6050  -9.5729
    -5.7160  -5.2350  -5.1639  -4.9914  -1.4700  -1.3787  -1.2176  -0.7115
    -0.5290  -0.3957  -0.3477  -0.0936  -0.0107   0.0759   0.1966   0.2308

          k = 0.2000 0.1990 0.6015 ( 25694 PWs)   bands (ev):

   -24.3344 -24.3330  -9.9722  -9.9558  -9.6612  -9.6128  -9.5974  -9.5787
    -5.4307  -5.2437  -5.0745  -4.8728  -1.7683  -1.6234  -1.1906  -0.9943
    -0.4625  -0.3211  -0.2185  -0.1001  -0.0435   0.0768   0.1239   0.2396

          k = 0.2000-0.2985 0.6015 ( 25692 PWs)   bands (ev):

   -24.3342 -24.3332  -9.9731  -9.9570  -9.6585  -9.6101  -9.5986  -9.5804
    -5.4626  -5.3276  -4.9881  -4.8390  -1.7558  -1.6343  -1.1640  -1.0119
    -0.4542  -0.2519  -0.2432  -0.1022  -0.0308   0.0738   0.0918   0.2247

          k = 0.2000 0.3980 0.0000 ( 25639 PWs)   bands (ev):

   -24.3465 -24.3448  -9.8239  -9.7750  -9.6506  -9.5969  -9.5013  -9.4884
    -5.8636  -5.5683  -5.0803  -4.9570  -1.4348  -1.3298  -0.9500  -0.5093
    -0.5006  -0.4839  -0.2838  -0.0231  -0.0220   0.0373   0.1040   0.1813

          k = 0.2000-0.0995 0.0000 ( 25643 PWs)   bands (ev):

   -24.3482 -24.3431  -9.8329  -9.7650  -9.6455  -9.5855  -9.5150  -9.4751
    -6.1677  -5.4456  -4.9227  -4.8257  -1.8279  -1.0923  -0.9662  -0.7947
    -0.4161  -0.3492  -0.3010  -0.2140  -0.0113   0.0399   0.2536   0.3254

          k = 0.2000 0.3980 0.3007 ( 25659 PWs)   bands (ev):

   -24.3418 -24.3404  -9.7796  -9.7547  -9.6982  -9.6662  -9.5990  -9.5793
    -5.6093  -5.3570  -5.1262  -5.0327  -1.4443  -1.3970  -1.1229  -0.8257
    -0.4592  -0.3747  -0.3000  -0.0997  -0.0197   0.0511   0.1735   0.2072

          k = 0.2000-0.0995 0.3007 ( 25648 PWs)   bands (ev):

   -24.3432 -24.3390  -9.7763  -9.7475  -9.6972  -9.6752  -9.6036  -9.5685
    -5.8502  -5.2249  -5.0311  -4.9558  -1.6028  -1.3709  -1.1454  -0.7435
    -0.6001  -0.4906  -0.3232  -0.0937  -0.0568   0.1692   0.2249   0.2918

          k = 0.2000 0.3980 0.6015 ( 25671 PWs)   bands (ev):

   -24.3339 -24.3334  -9.9709  -9.9611  -9.6495  -9.6220  -9.5913  -9.5824
    -5.4683  -5.3977  -4.9134  -4.8342  -1.7334  -1.6624  -1.1207  -1.0314
    -0.4350  -0.3244  -0.1817  -0.0669  -0.0176   0.0525   0.0907   0.1922

          k = 0.2000-0.0995 0.6015 ( 25668 PWs)   bands (ev):

   -24.3345 -24.3329  -9.9689  -9.9579  -9.6580  -9.6239  -9.5932  -9.5768
    -5.3804  -5.1742  -5.1440  -4.9265  -1.7751  -1.6224  -1.2070  -0.9677
    -0.4877  -0.3662  -0.2046  -0.1405   0.0044   0.0998   0.1205   0.2449

          k = 0.4000 0.0000 0.0000 ( 25652 PWs)   bands (ev):

   -24.3467 -24.3446  -9.7745  -9.7437  -9.6782  -9.6562  -9.5030  -9.4870
    -5.9200  -5.6135  -4.9394  -4.9208  -1.5774  -1.2480  -0.7888  -0.5366
    -0.4262  -0.3288  -0.3198  -0.2383  -0.1723  -0.1329   0.1149   0.2066

          k = 0.4000-0.4975 0.0000 ( 25694 PWs)   bands (ev):

   -24.3456 -24.3456  -9.8458  -9.8458  -9.5766  -9.5766  -9.4946  -9.4946
    -5.7359  -5.7359  -4.9980  -4.9980  -1.2849  -1.2849  -0.7995  -0.7995
    -0.5415  -0.5415  -0.1645  -0.1645   0.0556   0.0556   0.1045   0.1045

          k = 0.4000 0.0000 0.3007 ( 25649 PWs)   bands (ev):

   -24.3419 -24.3403  -9.7540  -9.7400  -9.7155  -9.6783  -9.6092  -9.5847
    -5.6357  -5.3605  -5.0568  -5.0276  -1.4802  -1.3149  -1.1723  -0.8050
    -0.5262  -0.3700  -0.3668  -0.2659  -0.0097   0.0998   0.2294   0.2406

          k = 0.4000-0.4975 0.3007 ( 25690 PWs)   bands (ev):

   -24.3411 -24.3411  -9.7895  -9.7895  -9.6837  -9.6837  -9.5681  -9.5681
    -5.4558  -5.4558  -5.1004  -5.1004  -1.3991  -1.3991  -1.0869  -1.0869
    -0.2898  -0.2898  -0.1598  -0.1598   0.0122   0.0122   0.1267   0.1267

          k = 0.4000 0.0000 0.6015 ( 25656 PWs)   bands (ev):

   -24.3340 -24.3334  -9.9784  -9.9764  -9.6312  -9.6089  -9.6018  -9.5827
    -5.3452  -5.3017  -5.0059  -4.9418  -1.9270  -1.8630  -0.9558  -0.7996
    -0.4171  -0.2960  -0.2563  -0.1332  -0.0218   0.1036   0.1537   0.1900

          k = 0.4000-0.4975 0.6015 ( 25698 PWs)   bands (ev):

   -24.3337 -24.3337  -9.9517  -9.9517  -9.6649  -9.6649  -9.5802  -9.5802
    -5.3246  -5.3246  -4.9660  -4.9660  -1.7507  -1.7507  -1.1807  -1.1807
    -0.3027  -0.3027  -0.0403  -0.0403  -0.0064  -0.0064   0.2271   0.2271

          k = 0.4000 0.1990 0.0000 ( 25661 PWs)   bands (ev):

   -24.3465 -24.3448  -9.8212  -9.7721  -9.6554  -9.6010  -9.5014  -9.4884
    -5.8862  -5.6228  -4.9936  -4.9172  -1.4888  -1.2701  -0.7953  -0.5713
    -0.4513  -0.4194  -0.3900  -0.1818  -0.1003  -0.0323   0.1007   0.2189

          k = 0.4000-0.2985 0.0000 ( 25625 PWs)   bands (ev):

   -24.3462 -24.3450  -9.8406  -9.8047  -9.6221  -9.5800  -9.4995  -9.4900
    -5.8457  -5.6439  -5.0156  -4.9375  -1.4015  -1.2774  -0.8486  -0.5672
    -0.5044  -0.4798  -0.3944  -0.1337  -0.0265   0.0222   0.0983   0.1898

          k = 0.4000 0.1990 0.3007 ( 25667 PWs)   bands (ev):

   -24.3418 -24.3404  -9.7742  -9.7534  -9.7088  -9.6732  -9.5971  -9.5753
    -5.6010  -5.3615  -5.0971  -5.0322  -1.4603  -1.3352  -1.1810  -0.8613
    -0.4758  -0.3521  -0.2981  -0.2031  -0.0240   0.0788   0.1899   0.2323

          k = 0.4000-0.2985 0.3007 ( 25658 PWs)   bands (ev):

   -24.3416 -24.3406  -9.7849  -9.7687  -9.7005  -9.6734  -9.5858  -9.5690
    -5.5606  -5.3745  -5.1168  -5.0497  -1.4432  -1.3493  -1.1792  -0.9297
    -0.4035  -0.3214  -0.2528  -0.1533  -0.0213   0.0464   0.1548   0.2083

          k = 0.4000 0.1990 0.6015 ( 25670 PWs)   bands (ev):

   -24.3339 -24.3334  -9.9738  -9.9641  -9.6515  -9.6241  -9.5902  -9.5806
    -5.3713  -5.2589  -5.0411  -4.9188  -1.8869  -1.8274  -0.9999  -0.9266
    -0.4063  -0.2900  -0.2453  -0.1332   0.0290   0.0897   0.1691   0.2471

          k = 0.4000-0.2985 0.6015 ( 25683 PWs)   bands (ev):

   -24.3339 -24.3335  -9.9662  -9.9558  -9.6630  -9.6391  -9.5848  -9.5798
    -5.3699  -5.2617  -5.0349  -4.9195  -1.8412  -1.7880  -1.0731  -1.0401
    -0.3840  -0.2486  -0.2042  -0.1385   0.0489   0.0751   0.1922   0.2563

          k = 0.4000 0.3980 0.0000 ( 25660 PWs)   bands (ev):

   -24.3460 -24.3453  -9.8492  -9.8304  -9.5943  -9.5715  -9.4971  -9.4922
    -5.7934  -5.6829  -5.0169  -4.9677  -1.3248  -1.2761  -0.8633  -0.6802
    -0.5354  -0.5223  -0.2852  -0.1027   0.0278   0.0535   0.0840   0.1471

          k = 0.4000-0.0995 0.0000 ( 25656 PWs)   bands (ev):

   -24.3466 -24.3447  -9.7945  -9.7437  -9.6825  -9.6311  -9.5026  -9.4874
    -5.9114  -5.6150  -4.9614  -4.9130  -1.5538  -1.2558  -0.7777  -0.5732
    -0.3924  -0.3827  -0.3533  -0.1834  -0.1828  -0.0964   0.1045   0.2181

          k = 0.4000 0.3980 0.3007 ( 25682 PWs)   bands (ev):

   -24.3413 -24.3408  -9.7905  -9.7818  -9.6918  -9.6772  -9.5752  -9.5661
    -5.5101  -5.4070  -5.1176  -5.0747  -1.4238  -1.3713  -1.1479  -1.0096
    -0.3275  -0.2931  -0.2183  -0.1098  -0.0403   0.0574   0.1034   0.1738

          k = 0.4000-0.0995 0.3007 ( 25668 PWs)   bands (ev):

   -24.3419 -24.3403  -9.7615  -9.7418  -9.7146  -9.6761  -9.6059  -9.5819
    -5.6268  -5.3600  -5.0709  -5.0261  -1.4744  -1.3219  -1.1744  -0.8183
    -0.5154  -0.3807  -0.3310  -0.2491  -0.0170   0.0987   0.2123   0.2442

          k = 0.4000 0.3980 0.6015 ( 25701 PWs)   bands (ev):

   -24.3338 -24.3336  -9.9577  -9.9509  -9.6682  -9.6541  -9.5816  -9.5797
    -5.3535  -5.2897  -5.0035  -4.9359  -1.7886  -1.7529  -1.1556  -1.1321
    -0.3445  -0.2665  -0.1105  -0.0970   0.0314   0.0433   0.2097   0.2455

          k = 0.4000-0.0995 0.6015 ( 25665 PWs)   bands (ev):

   -24.3340 -24.3334  -9.9780  -9.9721  -9.6383  -9.6129  -9.5975  -9.5819
    -5.3587  -5.2821  -5.0216  -4.9310  -1.9167  -1.8540  -0.9645  -0.8335
    -0.4145  -0.3079  -0.2536  -0.1293  -0.0009   0.0971   0.1495   0.2175

     highest occupied level (ev):     0.3606

     Writing config to output data dir ./_ph0/pwscf.q_3/pwscf.save/ :
     XML data file

                                                                                

     bravais-lattice index     =            8
     lattice parameter (alat)  =      13.1499  a.u.
     unit-cell volume          =    1519.7234 (a.u.)^3
     number of atoms/cell      =           22
     number of atomic types    =            3
     kinetic-energy cut-off    =     100.0000  Ry
     charge density cut-off    =     800.0000  Ry
     convergence threshold     =      1.0E-14
     beta                      =       0.7000
     number of iterations used =            4
     Exchange-correlation= PBESOL
                           (   1   4  10   8   0   0   0)


     celldm(1)=   13.14986  celldm(2)=    1.00500  celldm(3)=    0.66502
     celldm(4)=    0.00000  celldm(5)=    0.00000  celldm(6)=    0.00000

     crystal axes: (cart. coord. in units of alat)
               a(1) = (  1.0000  0.0000  0.0000 )  
               a(2) = (  0.0000  1.0050  0.0000 )  
               a(3) = (  0.0000  0.0000  0.6650 )  

     reciprocal axes: (cart. coord. in units 2 pi/alat)
               b(1) = (  1.0000  0.0000  0.0000 )  
               b(2) = (  0.0000  0.9950  0.0000 )  
               b(3) = (  0.0000  0.0000  1.5037 )  


     Atoms inside the unit cell: 

     Cartesian axes

     site n.  atom      mass           positions (alat units)
        1  Ba    137.3270   tau(    1) = (    0.50000    0.50250    0.33251  )
        2  Ba    137.3270   tau(    2) = (    0.00000    0.00000    0.66502  )
        3  B      10.8110   tau(    3) = (    0.62216    0.25035    0.00000  )
        4  B      10.8110   tau(    4) = (    0.37784    0.75464    0.00000  )
        5  B      10.8110   tau(    5) = (    0.12216    0.25214    0.33251  )
        6  B      10.8110   tau(    6) = (    0.87784    0.75285    0.33251  )
        7  H       1.0079   tau(    7) = (    0.44925    0.28896   -0.00001  )
        8  H       1.0079   tau(    8) = (    0.55075    0.71604   -0.00001  )
        9  H       1.0079   tau(    9) = (    0.94925    0.21354    0.33252  )
       10  H       1.0079   tau(   10) = (    0.05075    0.79145    0.33252  )
       11  H       1.0079   tau(   11) = (    0.71771    0.40045    0.00000  )
       12  H       1.0079   tau(   12) = (    0.28229    0.60454    0.00000  )
       13  H       1.0079   tau(   13) = (    0.21771    0.10204    0.33251  )
       14  H       1.0079   tau(   14) = (    0.78229    0.90295    0.33251  )
       15  H       1.0079   tau(   15) = (    0.65746    0.15745    0.51883  )
       16  H       1.0079   tau(   16) = (    0.34254    0.84755    0.51883  )
       17  H       1.0079   tau(   17) = (    0.15746    0.34505    0.47870  )
       18  H       1.0079   tau(   18) = (    0.84254    0.65994    0.47870  )
       19  H       1.0079   tau(   19) = (    0.34255    0.84755    0.14620  )
       20  H       1.0079   tau(   20) = (    0.65745    0.15745    0.14620  )
       21  H       1.0079   tau(   21) = (    0.84255    0.65995    0.18631  )
       22  H       1.0079   tau(   22) = (    0.15745    0.34505    0.18631  )

     Computing dynamical matrix for 
                    q = (   0.0000000  -0.4975148   0.0000000 )

      5 Sym.Ops. (with q -> -q+G )


     G cutoff = 3504.0696  (  24200 G-vectors)     FFT grid: (120,120, 80)
     G cutoff = 1752.0348  (   8556 G-vectors)  smooth grid: ( 90, 90, 60)
     number of k points=    54

     PseudoPot. # 1 for B  read from file:
     /home/mehlhorn/pseudos/b_pbesol_v1.4.uspp.F.UPF
     MD5 check sum: 369b69bef2c3aeed4453bd8b804fd6a8
     Pseudo is Ultrasoft + core correction, Zval =  3.0
     Generated by new atomic code, or converted to UPF format
     Using radial grid of  781 points,  4 beta functions with: 
                l(1) =   0
                l(2) =   0
                l(3) =   1
                l(4) =   1
     Q(r) pseudized with  8 coefficients,  rinner =    1.100   1.100   1.100


     PseudoPot. # 2 for Ba read from file:
     /home/mehlhorn/pseudos/Ba.nc.z_10.oncvpsp4.dojo.v4-sp.upf
     MD5 check sum: c10ed334bb677c0554edec7181ce9143
     Pseudo is Norm-conserving + core correction, Zval = 10.0
     Generated using ONCVPSP code by D. R. Hamann
     Using radial grid of 1938 points,  8 beta functions with: 
                l(1) =   0
                l(2) =   0
                l(3) =   1
                l(4) =   1
                l(5) =   2
                l(6) =   2
                l(7) =   3
                l(8) =   3

     PseudoPot. # 3 for H  read from file:
     /home/mehlhorn/pseudos/H_ONCV_PBEsol-1.0.upf
     MD5 check sum: 398ef8f67c0a7342c05c87c5e19ea467
     Pseudo is Norm-conserving, Zval =  1.0
     Generated using ONCVPSP code by D. R. Hamann
     Using radial grid of 1180 points,  2 beta functions with: 
                l(1) =   0
                l(2) =   0


     Atomic displacements:
     There are   33 irreducible representations

     Representation     1      2 modes -  To be done

     Representation     2      2 modes -  To be done

     Representation     3      2 modes -  To be done

     Representation     4      2 modes -  To be done

     Representation     5      2 modes -  To be done

     Representation     6      2 modes -  To be done

     Representation     7      2 modes -  To be done

     Representation     8      2 modes -  To be done

     Representation     9      2 modes -  To be done

     Representation    10      2 modes -  To be done

     Representation    11      2 modes -  To be done

     Representation    12      2 modes -  To be done

     Representation    13      2 modes -  To be done

     Representation    14      2 modes -  To be done

     Representation    15      2 modes -  To be done

     Representation    16      2 modes -  To be done

     Representation    17      2 modes -  To be done

     Representation    18      2 modes -  To be done

     Representation    19      2 modes -  To be done

     Representation    20      2 modes -  To be done

     Representation    21      2 modes -  To be done

     Representation    22      2 modes -  To be done

     Representation    23      2 modes -  To be done

     Representation    24      2 modes -  To be done

     Representation    25      2 modes -  To be done

     Representation    26      2 modes -  To be done

     Representation    27      2 modes -  To be done

     Representation    28      2 modes -  To be done

     Representation    29      2 modes -  To be done

     Representation    30      2 modes -  To be done

     Representation    31      2 modes -  To be done

     Representation    32      2 modes -  To be done

     Representation    33      2 modes -  To be done



     Alpha used in Ewald sum =   2.8000
     PHONON       :     20h45m CPU     20h59m WALL



     Representation #   1 modes #   1   2

     Self-consistent Calculation

      iter #   1 total cpu time : 75650.1 secs   av.it.:   4.1
      thresh= 1.000E-02 alpha_mix =  0.700 |ddv_scf|^2 =  2.647E-09

      iter #   2 total cpu time : 75848.5 secs   av.it.:  16.8
      thresh= 5.145E-06 alpha_mix =  0.700 |ddv_scf|^2 =  1.742E-09

      iter #   3 total cpu time : 76030.8 secs   av.it.:  15.0
      thresh= 4.173E-06 alpha_mix =  0.700 |ddv_scf|^2 =  9.636E-11

      iter #   4 total cpu time : 76218.0 secs   av.it.:  15.6
      thresh= 9.816E-07 alpha_mix =  0.700 |ddv_scf|^2 =  1.090E-12

      iter #   5 total cpu time : 76415.2 secs   av.it.:  16.9
      thresh= 1.044E-07 alpha_mix =  0.700 |ddv_scf|^2 =  1.865E-13

      iter #   6 total cpu time : 76607.7 secs   av.it.:  16.4
      thresh= 4.319E-08 alpha_mix =  0.700 |ddv_scf|^2 =  2.662E-15

     End of self-consistent calculation

     Convergence has been achieved 


     Representation #   2 modes #   3   4

     Self-consistent Calculation

      iter #   1 total cpu time : 76691.1 secs   av.it.:   3.0
      thresh= 1.000E-02 alpha_mix =  0.700 |ddv_scf|^2 =  3.133E-10

      iter #   2 total cpu time : 76885.1 secs   av.it.:  17.0
      thresh= 1.770E-06 alpha_mix =  0.700 |ddv_scf|^2 =  1.513E-10

      iter #   3 total cpu time : 77068.9 secs   av.it.:  16.0
      thresh= 1.230E-06 alpha_mix =  0.700 |ddv_scf|^2 =  1.467E-11

      iter #   4 total cpu time : 77250.6 secs   av.it.:  15.1
      thresh= 3.830E-07 alpha_mix =  0.700 |ddv_scf|^2 =  3.133E-13

      iter #   5 total cpu time : 77446.5 secs   av.it.:  17.0
      thresh= 5.598E-08 alpha_mix =  0.700 |ddv_scf|^2 =  1.889E-14

      iter #   6 total cpu time : 77642.2 secs   av.it.:  16.9
      thresh= 1.374E-08 alpha_mix =  0.700 |ddv_scf|^2 =  1.063E-15

     End of self-consistent calculation

     Convergence has been achieved 


     Representation #   3 modes #   5   6

     Self-consistent Calculation

      iter #   1 total cpu time : 77730.1 secs   av.it.:   3.1
      thresh= 1.000E-02 alpha_mix =  0.700 |ddv_scf|^2 =  7.608E-10

      iter #   2 total cpu time : 77930.7 secs   av.it.:  17.0
      thresh= 2.758E-06 alpha_mix =  0.700 |ddv_scf|^2 =  8.461E-10

      iter #   3 total cpu time : 78114.0 secs   av.it.:  15.1
      thresh= 2.909E-06 alpha_mix =  0.700 |ddv_scf|^2 =  1.396E-11

      iter #   4 total cpu time : 78309.0 secs   av.it.:  16.2
      thresh= 3.736E-07 alpha_mix =  0.700 |ddv_scf|^2 =  1.231E-12

      iter #   5 total cpu time : 78499.0 secs   av.it.:  16.0
      thresh= 1.109E-07 alpha_mix =  0.700 |ddv_scf|^2 =  3.315E-14

      iter #   6 total cpu time : 78697.9 secs   av.it.:  16.9
      thresh= 1.821E-08 alpha_mix =  0.700 |ddv_scf|^2 =  2.183E-15

     End of self-consistent calculation

     Convergence has been achieved 


     Representation #   4 modes #   7   8

     Self-consistent Calculation

      iter #   1 total cpu time : 78785.5 secs   av.it.:   3.1
      thresh= 1.000E-02 alpha_mix =  0.700 |ddv_scf|^2 =  1.865E-09

      iter #   2 total cpu time : 78979.1 secs   av.it.:  16.0
      thresh= 4.319E-06 alpha_mix =  0.700 |ddv_scf|^2 =  1.914E-09

      iter #   3 total cpu time : 79159.9 secs   av.it.:  15.0
      thresh= 4.375E-06 alpha_mix =  0.700 |ddv_scf|^2 =  1.551E-11

      iter #   4 total cpu time : 79349.9 secs   av.it.:  16.0
      thresh= 3.938E-07 alpha_mix =  0.700 |ddv_scf|^2 =  8.206E-13

      iter #   5 total cpu time : 79544.2 secs   av.it.:  16.3
      thresh= 9.058E-08 alpha_mix =  0.700 |ddv_scf|^2 =  3.131E-14

      iter #   6 total cpu time : 79740.2 secs   av.it.:  16.7
      thresh= 1.769E-08 alpha_mix =  0.700 |ddv_scf|^2 =  6.336E-15

     End of self-consistent calculation

     Convergence has been achieved 


     Representation #   5 modes #   9  10

     Self-consistent Calculation

      iter #   1 total cpu time : 79827.5 secs   av.it.:   3.9
      thresh= 1.000E-02 alpha_mix =  0.700 |ddv_scf|^2 =  4.607E-09

      iter #   2 total cpu time : 80010.2 secs   av.it.:  16.0
      thresh= 6.787E-06 alpha_mix =  0.700 |ddv_scf|^2 =  6.015E-09

      iter #   3 total cpu time : 80181.8 secs   av.it.:  15.0
      thresh= 7.755E-06 alpha_mix =  0.700 |ddv_scf|^2 =  1.990E-11

      iter #   4 total cpu time : 80364.4 secs   av.it.:  16.0
      thresh= 4.461E-07 alpha_mix =  0.700 |ddv_scf|^2 =  1.198E-12

      iter #   5 total cpu time : 80553.8 secs   av.it.:  16.0
      thresh= 1.094E-07 alpha_mix =  0.700 |ddv_scf|^2 =  1.131E-13

      iter #   6 total cpu time : 80738.3 secs   av.it.:  15.8
      thresh= 3.363E-08 alpha_mix =  0.700 |ddv_scf|^2 =  9.823E-15

     End of self-consistent calculation

     Convergence has been achieved 


     Representation #   6 modes #  11  12

     Self-consistent Calculation

      iter #   1 total cpu time : 80824.6 secs   av.it.:   3.0
      thresh= 1.000E-02 alpha_mix =  0.700 |ddv_scf|^2 =  2.673E-10

      iter #   2 total cpu time : 81026.1 secs   av.it.:  17.0
      thresh= 1.635E-06 alpha_mix =  0.700 |ddv_scf|^2 =  5.372E-11

      iter #   3 total cpu time : 81217.4 secs   av.it.:  17.0
      thresh= 7.330E-07 alpha_mix =  0.700 |ddv_scf|^2 =  1.076E-12

      iter #   4 total cpu time : 81417.6 secs   av.it.:  17.0
      thresh= 1.037E-07 alpha_mix =  0.700 |ddv_scf|^2 =  7.843E-14

      iter #   5 total cpu time : 81609.0 secs   av.it.:  16.9
      thresh= 2.801E-08 alpha_mix =  0.700 |ddv_scf|^2 =  5.101E-15

     End of self-consistent calculation

     Convergence has been achieved 


     Representation #   7 modes #  13  14

     Self-consistent Calculation

      iter #   1 total cpu time : 81694.3 secs   av.it.:   3.1
      thresh= 1.000E-02 alpha_mix =  0.700 |ddv_scf|^2 =  3.436E-09

      iter #   2 total cpu time : 81875.2 secs   av.it.:  16.0
      thresh= 5.862E-06 alpha_mix =  0.700 |ddv_scf|^2 =  4.101E-09

      iter #   3 total cpu time : 82047.6 secs   av.it.:  15.0
      thresh= 6.404E-06 alpha_mix =  0.700 |ddv_scf|^2 =  1.958E-11

      iter #   4 total cpu time : 82241.0 secs   av.it.:  16.0
      thresh= 4.425E-07 alpha_mix =  0.700 |ddv_scf|^2 =  1.238E-12

      iter #   5 total cpu time : 82433.7 secs   av.it.:  16.0
      thresh= 1.113E-07 alpha_mix =  0.700 |ddv_scf|^2 =  9.003E-14

      iter #   6 total cpu time : 82627.2 secs   av.it.:  16.0
      thresh= 3.000E-08 alpha_mix =  0.700 |ddv_scf|^2 =  8.084E-15

     End of self-consistent calculation

     Convergence has been achieved 


     Representation #   8 modes #  15  16

     Self-consistent Calculation

      iter #   1 total cpu time : 82745.2 secs   av.it.:   6.7
      thresh= 1.000E-02 alpha_mix =  0.700 |ddv_scf|^2 =  5.073E-08

      iter #   2 total cpu time : 82931.3 secs   av.it.:  16.1
      thresh= 2.252E-05 alpha_mix =  0.700 |ddv_scf|^2 =  5.591E-08

      iter #   3 total cpu time : 83104.7 secs   av.it.:  15.0
      thresh= 2.364E-05 alpha_mix =  0.700 |ddv_scf|^2 =  5.300E-10

      iter #   4 total cpu time : 83288.0 secs   av.it.:  16.0
      thresh= 2.302E-06 alpha_mix =  0.700 |ddv_scf|^2 =  1.405E-11

      iter #   5 total cpu time : 83474.9 secs   av.it.:  16.2
      thresh= 3.748E-07 alpha_mix =  0.700 |ddv_scf|^2 =  1.131E-12

      iter #   6 total cpu time : 83662.6 secs   av.it.:  16.7
      thresh= 1.064E-07 alpha_mix =  0.700 |ddv_scf|^2 =  4.002E-14

      iter #   7 total cpu time : 83846.9 secs   av.it.:  16.0
      thresh= 2.000E-08 alpha_mix =  0.700 |ddv_scf|^2 =  2.250E-15

     End of self-consistent calculation

     Convergence has been achieved 


     Representation #   9 modes #  17  18

     Self-consistent Calculation

      iter #   1 total cpu time : 83943.2 secs   av.it.:   4.6
      thresh= 1.000E-02 alpha_mix =  0.700 |ddv_scf|^2 =  7.933E-09

      iter #   2 total cpu time : 84134.8 secs   av.it.:  16.0
      thresh= 8.907E-06 alpha_mix =  0.700 |ddv_scf|^2 =  1.044E-08

      iter #   3 total cpu time : 84312.2 secs   av.it.:  15.0
      thresh= 1.022E-05 alpha_mix =  0.700 |ddv_scf|^2 =  5.578E-11

      iter #   4 total cpu time : 84502.5 secs   av.it.:  16.0
      thresh= 7.468E-07 alpha_mix =  0.700 |ddv_scf|^2 =  4.940E-12

      iter #   5 total cpu time : 84687.5 secs   av.it.:  16.0
      thresh= 2.223E-07 alpha_mix =  0.700 |ddv_scf|^2 =  3.432E-13

      iter #   6 total cpu time : 84873.7 secs   av.it.:  16.2
      thresh= 5.858E-08 alpha_mix =  0.700 |ddv_scf|^2 =  1.046E-14

      iter #   7 total cpu time : 85069.5 secs   av.it.:  17.0
      thresh= 1.023E-08 alpha_mix =  0.700 |ddv_scf|^2 =  1.163E-15

     End of self-consistent calculation

     Convergence has been achieved 


     Representation #  10 modes #  19  20

     Self-consistent Calculation

      iter #   1 total cpu time : 85155.9 secs   av.it.:   3.1
      thresh= 1.000E-02 alpha_mix =  0.700 |ddv_scf|^2 =  4.467E-10

      iter #   2 total cpu time : 85355.4 secs   av.it.:  17.0
      thresh= 2.113E-06 alpha_mix =  0.700 |ddv_scf|^2 =  1.956E-10

      iter #   3 total cpu time : 85548.0 secs   av.it.:  16.0
      thresh= 1.399E-06 alpha_mix =  0.700 |ddv_scf|^2 =  1.338E-11

      iter #   4 total cpu time : 85729.9 secs   av.it.:  15.0
      thresh= 3.658E-07 alpha_mix =  0.700 |ddv_scf|^2 =  9.181E-13

      iter #   5 total cpu time : 85915.1 secs   av.it.:  16.0
      thresh= 9.582E-08 alpha_mix =  0.700 |ddv_scf|^2 =  3.272E-14

      iter #   6 total cpu time : 86105.3 secs   av.it.:  16.2
      thresh= 1.809E-08 alpha_mix =  0.700 |ddv_scf|^2 =  2.215E-15

     End of self-consistent calculation

     Convergence has been achieved 


     Representation #  11 modes #  21  22

     Self-consistent Calculation

      iter #   1 total cpu time : 86188.7 secs   av.it.:   3.0
      thresh= 1.000E-02 alpha_mix =  0.700 |ddv_scf|^2 =  2.493E-09

      iter #   2 total cpu time : 86372.2 secs   av.it.:  16.0
      thresh= 4.993E-06 alpha_mix =  0.700 |ddv_scf|^2 =  3.463E-09

      iter #   3 total cpu time : 86542.5 secs   av.it.:  15.0
      thresh= 5.884E-06 alpha_mix =  0.700 |ddv_scf|^2 =  7.336E-12

      iter #   4 total cpu time : 86731.5 secs   av.it.:  16.8
      thresh= 2.709E-07 alpha_mix =  0.700 |ddv_scf|^2 =  1.050E-12

      iter #   5 total cpu time : 86916.6 secs   av.it.:  16.0
      thresh= 1.025E-07 alpha_mix =  0.700 |ddv_scf|^2 =  6.247E-14

      iter #   6 total cpu time : 87099.6 secs   av.it.:  16.0
      thresh= 2.499E-08 alpha_mix =  0.700 |ddv_scf|^2 =  5.245E-15

     End of self-consistent calculation

     Convergence has been achieved 


     Representation #  12 modes #  23  24

     Self-consistent Calculation

      iter #   1 total cpu time : 87182.3 secs   av.it.:   3.0
      thresh= 1.000E-02 alpha_mix =  0.700 |ddv_scf|^2 =  2.752E-09

      iter #   2 total cpu time : 87364.3 secs   av.it.:  16.0
      thresh= 5.246E-06 alpha_mix =  0.700 |ddv_scf|^2 =  3.501E-09

      iter #   3 total cpu time : 87536.2 secs   av.it.:  14.8
      thresh= 5.917E-06 alpha_mix =  0.700 |ddv_scf|^2 =  7.010E-12

      iter #   4 total cpu time : 87726.3 secs   av.it.:  16.6
      thresh= 2.648E-07 alpha_mix =  0.700 |ddv_scf|^2 =  1.116E-12

      iter #   5 total cpu time : 87902.9 secs   av.it.:  16.0
      thresh= 1.057E-07 alpha_mix =  0.700 |ddv_scf|^2 =  3.327E-14

      iter #   6 total cpu time : 88084.9 secs   av.it.:  16.8
      thresh= 1.824E-08 alpha_mix =  0.700 |ddv_scf|^2 =  1.564E-15

     End of self-consistent calculation

     Convergence has been achieved 


     Representation #  13 modes #  25  26

     Self-consistent Calculation

      iter #   1 total cpu time : 88168.1 secs   av.it.:   3.2
      thresh= 1.000E-02 alpha_mix =  0.700 |ddv_scf|^2 =  3.159E-09

      iter #   2 total cpu time : 88357.7 secs   av.it.:  16.0
      thresh= 5.621E-06 alpha_mix =  0.700 |ddv_scf|^2 =  4.212E-09

      iter #   3 total cpu time : 88535.3 secs   av.it.:  15.0
      thresh= 6.490E-06 alpha_mix =  0.700 |ddv_scf|^2 =  1.828E-11

      iter #   4 total cpu time : 88725.4 secs   av.it.:  16.0
      thresh= 4.275E-07 alpha_mix =  0.700 |ddv_scf|^2 =  6.920E-13

      iter #   5 total cpu time : 88921.7 secs   av.it.:  16.5
      thresh= 8.319E-08 alpha_mix =  0.700 |ddv_scf|^2 =  6.271E-14

      iter #   6 total cpu time : 89112.5 secs   av.it.:  16.0
      thresh= 2.504E-08 alpha_mix =  0.700 |ddv_scf|^2 =  3.430E-15

     End of self-consistent calculation

     Convergence has been achieved 


     Representation #  14 modes #  27  28

     Self-consistent Calculation

      iter #   1 total cpu time : 89197.5 secs   av.it.:   3.0
      thresh= 1.000E-02 alpha_mix =  0.700 |ddv_scf|^2 =  7.044E-10

      iter #   2 total cpu time : 89392.3 secs   av.it.:  16.9
      thresh= 2.654E-06 alpha_mix =  0.700 |ddv_scf|^2 =  5.770E-10

      iter #   3 total cpu time : 89575.4 secs   av.it.:  15.7
      thresh= 2.402E-06 alpha_mix =  0.700 |ddv_scf|^2 =  1.750E-11

      iter #   4 total cpu time : 89761.8 secs   av.it.:  16.0
      thresh= 4.183E-07 alpha_mix =  0.700 |ddv_scf|^2 =  6.298E-13

      iter #   5 total cpu time : 89948.8 secs   av.it.:  16.2
      thresh= 7.936E-08 alpha_mix =  0.700 |ddv_scf|^2 =  4.533E-14

      iter #   6 total cpu time : 90142.0 secs   av.it.:  16.1
      thresh= 2.129E-08 alpha_mix =  0.700 |ddv_scf|^2 =  3.830E-15

     End of self-consistent calculation

     Convergence has been achieved 


     Representation #  15 modes #  29  30

     Self-consistent Calculation

      iter #   1 total cpu time : 90229.1 secs   av.it.:   3.2
      thresh= 1.000E-02 alpha_mix =  0.700 |ddv_scf|^2 =  7.917E-10

      iter #   2 total cpu time : 90427.9 secs   av.it.:  17.0
      thresh= 2.814E-06 alpha_mix =  0.700 |ddv_scf|^2 =  4.298E-10

      iter #   3 total cpu time : 90621.3 secs   av.it.:  16.0
      thresh= 2.073E-06 alpha_mix =  0.700 |ddv_scf|^2 =  1.453E-11

      iter #   4 total cpu time : 90801.4 secs   av.it.:  15.0
      thresh= 3.811E-07 alpha_mix =  0.700 |ddv_scf|^2 =  1.666E-12

      iter #   5 total cpu time : 90981.4 secs   av.it.:  15.0
      thresh= 1.291E-07 alpha_mix =  0.700 |ddv_scf|^2 =  5.273E-14

      iter #   6 total cpu time : 91174.0 secs   av.it.:  16.0
      thresh= 2.296E-08 alpha_mix =  0.700 |ddv_scf|^2 =  6.511E-15

     End of self-consistent calculation

     Convergence has been achieved 


     Representation #  16 modes #  31  32

     Self-consistent Calculation

      iter #   1 total cpu time : 91258.1 secs   av.it.:   3.0
      thresh= 1.000E-02 alpha_mix =  0.700 |ddv_scf|^2 =  1.916E-09

      iter #   2 total cpu time : 91440.9 secs   av.it.:  16.0
      thresh= 4.377E-06 alpha_mix =  0.700 |ddv_scf|^2 =  2.146E-09

      iter #   3 total cpu time : 91618.8 secs   av.it.:  15.0
      thresh= 4.632E-06 alpha_mix =  0.700 |ddv_scf|^2 =  1.152E-11

      iter #   4 total cpu time : 91810.3 secs   av.it.:  16.0
      thresh= 3.394E-07 alpha_mix =  0.700 |ddv_scf|^2 =  8.760E-13

      iter #   5 total cpu time : 92004.4 secs   av.it.:  16.0
      thresh= 9.360E-08 alpha_mix =  0.700 |ddv_scf|^2 =  5.562E-14

      iter #   6 total cpu time : 92196.2 secs   av.it.:  16.0
      thresh= 2.358E-08 alpha_mix =  0.700 |ddv_scf|^2 =  4.505E-15

     End of self-consistent calculation

     Convergence has been achieved 


     Representation #  17 modes #  33  34

     Self-consistent Calculation

      iter #   1 total cpu time : 92297.3 secs   av.it.:   5.0
      thresh= 1.000E-02 alpha_mix =  0.700 |ddv_scf|^2 =  8.804E-09

      iter #   2 total cpu time : 92488.4 secs   av.it.:  16.9
      thresh= 9.383E-06 alpha_mix =  0.700 |ddv_scf|^2 =  6.552E-09

      iter #   3 total cpu time : 92665.4 secs   av.it.:  15.7
      thresh= 8.095E-06 alpha_mix =  0.700 |ddv_scf|^2 =  1.093E-10

      iter #   4 total cpu time : 92841.0 secs   av.it.:  15.2
      thresh= 1.045E-06 alpha_mix =  0.700 |ddv_scf|^2 =  6.810E-12

      iter #   5 total cpu time : 93019.6 secs   av.it.:  16.0
      thresh= 2.610E-07 alpha_mix =  0.700 |ddv_scf|^2 =  3.029E-13

      iter #   6 total cpu time : 93201.9 secs   av.it.:  16.8
      thresh= 5.504E-08 alpha_mix =  0.700 |ddv_scf|^2 =  1.189E-14

      iter #   7 total cpu time : 93389.5 secs   av.it.:  17.0
      thresh= 1.091E-08 alpha_mix =  0.700 |ddv_scf|^2 =  1.197E-15

     End of self-consistent calculation

     Convergence has been achieved 


     Representation #  18 modes #  35  36

     Self-consistent Calculation

      iter #   1 total cpu time : 93472.6 secs   av.it.:   3.0
      thresh= 1.000E-02 alpha_mix =  0.700 |ddv_scf|^2 =  4.788E-09

      iter #   2 total cpu time : 93649.1 secs   av.it.:  16.0
      thresh= 6.919E-06 alpha_mix =  0.700 |ddv_scf|^2 =  7.802E-09

      iter #   3 total cpu time : 93813.6 secs   av.it.:  14.7
      thresh= 8.833E-06 alpha_mix =  0.700 |ddv_scf|^2 =  6.442E-12

      iter #   4 total cpu time : 94011.3 secs   av.it.:  16.9
      thresh= 2.538E-07 alpha_mix =  0.700 |ddv_scf|^2 =  8.256E-13

      iter #   5 total cpu time : 94200.1 secs   av.it.:  16.0
      thresh= 9.086E-08 alpha_mix =  0.700 |ddv_scf|^2 =  3.331E-14

      iter #   6 total cpu time : 94383.5 secs   av.it.:  16.1
      thresh= 1.825E-08 alpha_mix =  0.700 |ddv_scf|^2 =  1.958E-15

     End of self-consistent calculation

     Convergence has been achieved 


     Representation #  19 modes #  37  38

     Self-consistent Calculation

      iter #   1 total cpu time : 94500.5 secs   av.it.:   6.8
      thresh= 1.000E-02 alpha_mix =  0.700 |ddv_scf|^2 =  1.854E-07

      iter #   2 total cpu time : 94680.0 secs   av.it.:  16.0
      thresh= 4.306E-05 alpha_mix =  0.700 |ddv_scf|^2 =  2.545E-07

      iter #   3 total cpu time : 94852.8 secs   av.it.:  14.9
      thresh= 5.045E-05 alpha_mix =  0.700 |ddv_scf|^2 =  5.067E-10

      iter #   4 total cpu time : 95046.7 secs   av.it.:  16.0
      thresh= 2.251E-06 alpha_mix =  0.700 |ddv_scf|^2 =  2.052E-11

      iter #   5 total cpu time : 95230.8 secs   av.it.:  16.0
      thresh= 4.530E-07 alpha_mix =  0.700 |ddv_scf|^2 =  9.042E-13

      iter #   6 total cpu time : 95421.1 secs   av.it.:  16.9
      thresh= 9.509E-08 alpha_mix =  0.700 |ddv_scf|^2 =  1.236E-13

      iter #   7 total cpu time : 95599.8 secs   av.it.:  15.9
      thresh= 3.516E-08 alpha_mix =  0.700 |ddv_scf|^2 =  5.361E-15

     End of self-consistent calculation

     Convergence has been achieved 


     Representation #  20 modes #  39  40

     Self-consistent Calculation

      iter #   1 total cpu time : 95685.3 secs   av.it.:   3.3
      thresh= 1.000E-02 alpha_mix =  0.700 |ddv_scf|^2 =  1.080E-09

      iter #   2 total cpu time : 95873.6 secs   av.it.:  16.9
      thresh= 3.287E-06 alpha_mix =  0.700 |ddv_scf|^2 =  8.160E-10

      iter #   3 total cpu time : 96054.5 secs   av.it.:  15.9
      thresh= 2.857E-06 alpha_mix =  0.700 |ddv_scf|^2 =  2.878E-11

      iter #   4 total cpu time : 96239.0 secs   av.it.:  15.0
      thresh= 5.364E-07 alpha_mix =  0.700 |ddv_scf|^2 =  5.245E-13

      iter #   5 total cpu time : 96437.4 secs   av.it.:  16.9
      thresh= 7.242E-08 alpha_mix =  0.700 |ddv_scf|^2 =  5.625E-14

      iter #   6 total cpu time : 96633.1 secs   av.it.:  16.0
      thresh= 2.372E-08 alpha_mix =  0.700 |ddv_scf|^2 =  5.656E-15

     End of self-consistent calculation

     Convergence has been achieved 


     Representation #  21 modes #  41  42

     Self-consistent Calculation

      iter #   1 total cpu time : 96733.6 secs   av.it.:   5.0
      thresh= 1.000E-02 alpha_mix =  0.700 |ddv_scf|^2 =  2.492E-08

      iter #   2 total cpu time : 96918.7 secs   av.it.:  16.0
      thresh= 1.579E-05 alpha_mix =  0.700 |ddv_scf|^2 =  3.586E-08

      iter #   3 total cpu time : 97090.8 secs   av.it.:  14.4
      thresh= 1.894E-05 alpha_mix =  0.700 |ddv_scf|^2 =  4.172E-11

      iter #   4 total cpu time : 97288.2 secs   av.it.:  17.0
      thresh= 6.459E-07 alpha_mix =  0.700 |ddv_scf|^2 =  5.752E-12

      iter #   5 total cpu time : 97478.1 secs   av.it.:  16.0
      thresh= 2.398E-07 alpha_mix =  0.700 |ddv_scf|^2 =  2.411E-13

      iter #   6 total cpu time : 97673.6 secs   av.it.:  16.9
      thresh= 4.911E-08 alpha_mix =  0.700 |ddv_scf|^2 =  3.384E-14

      iter #   7 total cpu time : 97858.8 secs   av.it.:  16.0
      thresh= 1.840E-08 alpha_mix =  0.700 |ddv_scf|^2 =  1.317E-15

     End of self-consistent calculation

     Convergence has been achieved 


     Representation #  22 modes #  43  44

     Self-consistent Calculation

      iter #   1 total cpu time : 97945.4 secs   av.it.:   3.2
      thresh= 1.000E-02 alpha_mix =  0.700 |ddv_scf|^2 =  2.185E-09

      iter #   2 total cpu time : 98140.3 secs   av.it.:  16.0
      thresh= 4.674E-06 alpha_mix =  0.700 |ddv_scf|^2 =  1.842E-09

      iter #   3 total cpu time : 98324.2 secs   av.it.:  15.0
      thresh= 4.291E-06 alpha_mix =  0.700 |ddv_scf|^2 =  1.640E-11

      iter #   4 total cpu time : 98514.1 secs   av.it.:  16.0
      thresh= 4.050E-07 alpha_mix =  0.700 |ddv_scf|^2 =  1.356E-12

      iter #   5 total cpu time : 98704.1 secs   av.it.:  16.0
      thresh= 1.165E-07 alpha_mix =  0.700 |ddv_scf|^2 =  2.737E-14

      iter #   6 total cpu time : 98896.4 secs   av.it.:  16.5
      thresh= 1.654E-08 alpha_mix =  0.700 |ddv_scf|^2 =  2.417E-15

     End of self-consistent calculation

     Convergence has been achieved 


     Representation #  23 modes #  45  46

     Self-consistent Calculation

      iter #   1 total cpu time : 98981.3 secs   av.it.:   3.0
      thresh= 1.000E-02 alpha_mix =  0.700 |ddv_scf|^2 =  5.284E-09

      iter #   2 total cpu time : 99167.9 secs   av.it.:  16.0
      thresh= 7.269E-06 alpha_mix =  0.700 |ddv_scf|^2 =  6.477E-09

      iter #   3 total cpu time : 99340.7 secs   av.it.:  14.9
      thresh= 8.048E-06 alpha_mix =  0.700 |ddv_scf|^2 =  1.585E-11

      iter #   4 total cpu time : 99528.3 secs   av.it.:  16.0
      thresh= 3.981E-07 alpha_mix =  0.700 |ddv_scf|^2 =  9.750E-13

      iter #   5 total cpu time : 99717.8 secs   av.it.:  16.0
      thresh= 9.874E-08 alpha_mix =  0.700 |ddv_scf|^2 =  5.467E-14

      iter #   6 total cpu time : 99904.4 secs   av.it.:  16.0
      thresh= 2.338E-08 alpha_mix =  0.700 |ddv_scf|^2 =  5.111E-15

     End of self-consistent calculation

     Convergence has been achieved 


     Representation #  24 modes #  47  48

     Self-consistent Calculation

      iter #   1 total cpu time : 99990.0 secs   av.it.:   3.0
      thresh= 1.000E-02 alpha_mix =  0.700 |ddv_scf|^2 =  7.646E-10

      iter #   2 total cpu time :100182.6 secs   av.it.:  16.6
      thresh= 2.765E-06 alpha_mix =  0.700 |ddv_scf|^2 =  5.040E-10

      iter #   3 total cpu time :100362.0 secs   av.it.:  15.4
      thresh= 2.245E-06 alpha_mix =  0.700 |ddv_scf|^2 =  6.521E-12

      iter #   4 total cpu time :100544.9 secs   av.it.:  16.0
      thresh= 2.554E-07 alpha_mix =  0.700 |ddv_scf|^2 =  1.475E-12

      iter #   5 total cpu time :100727.4 secs   av.it.:  16.0
      thresh= 1.215E-07 alpha_mix =  0.700 |ddv_scf|^2 =  2.364E-14

      iter #   6 total cpu time :100914.9 secs   av.it.:  16.0
      thresh= 1.538E-08 alpha_mix =  0.700 |ddv_scf|^2 =  2.005E-15

     End of self-consistent calculation

     Convergence has been achieved 


     Representation #  25 modes #  49  50

     Self-consistent Calculation

      iter #   1 total cpu time :100997.4 secs   av.it.:   3.0
      thresh= 1.000E-02 alpha_mix =  0.700 |ddv_scf|^2 =  1.290E-09

      iter #   2 total cpu time :101180.5 secs   av.it.:  16.0
      thresh= 3.592E-06 alpha_mix =  0.700 |ddv_scf|^2 =  1.350E-09

      iter #   3 total cpu time :101352.1 secs   av.it.:  14.9
      thresh= 3.674E-06 alpha_mix =  0.700 |ddv_scf|^2 =  9.456E-12

      iter #   4 total cpu time :101537.6 secs   av.it.:  16.0
      thresh= 3.075E-07 alpha_mix =  0.700 |ddv_scf|^2 =  1.054E-12

      iter #   5 total cpu time :101722.5 secs   av.it.:  16.0
      thresh= 1.027E-07 alpha_mix =  0.700 |ddv_scf|^2 =  3.844E-14

      iter #   6 total cpu time :101909.5 secs   av.it.:  16.1
      thresh= 1.961E-08 alpha_mix =  0.700 |ddv_scf|^2 =  1.583E-15

     End of self-consistent calculation

     Convergence has been achieved 


     Representation #  26 modes #  51  52

     Self-consistent Calculation

      iter #   1 total cpu time :102028.8 secs   av.it.:   6.6
      thresh= 1.000E-02 alpha_mix =  0.700 |ddv_scf|^2 =  9.541E-08

      iter #   2 total cpu time :102221.6 secs   av.it.:  16.0
      thresh= 3.089E-05 alpha_mix =  0.700 |ddv_scf|^2 =  1.301E-07

      iter #   3 total cpu time :102401.6 secs   av.it.:  15.0
      thresh= 3.608E-05 alpha_mix =  0.700 |ddv_scf|^2 =  6.266E-10

      iter #   4 total cpu time :102587.6 secs   av.it.:  16.0
      thresh= 2.503E-06 alpha_mix =  0.700 |ddv_scf|^2 =  1.838E-11

      iter #   5 total cpu time :102781.9 secs   av.it.:  16.1
      thresh= 4.287E-07 alpha_mix =  0.700 |ddv_scf|^2 =  1.093E-12

      iter #   6 total cpu time :102978.9 secs   av.it.:  16.6
      thresh= 1.045E-07 alpha_mix =  0.700 |ddv_scf|^2 =  5.434E-14

      iter #   7 total cpu time :103172.1 secs   av.it.:  16.0
      thresh= 2.331E-08 alpha_mix =  0.700 |ddv_scf|^2 =  2.798E-15

     End of self-consistent calculation

     Convergence has been achieved 


     Representation #  27 modes #  53  54

     Self-consistent Calculation

      iter #   1 total cpu time :103273.5 secs   av.it.:   5.0
      thresh= 1.000E-02 alpha_mix =  0.700 |ddv_scf|^2 =  2.809E-08

      iter #   2 total cpu time :103463.7 secs   av.it.:  16.0
      thresh= 1.676E-05 alpha_mix =  0.700 |ddv_scf|^2 =  4.290E-08

      iter #   3 total cpu time :103640.7 secs   av.it.:  14.4
      thresh= 2.071E-05 alpha_mix =  0.700 |ddv_scf|^2 =  6.311E-11

      iter #   4 total cpu time :103835.5 secs   av.it.:  16.1
      thresh= 7.944E-07 alpha_mix =  0.700 |ddv_scf|^2 =  9.627E-12

      iter #   5 total cpu time :104026.9 secs   av.it.:  16.0
      thresh= 3.103E-07 alpha_mix =  0.700 |ddv_scf|^2 =  2.499E-13

      iter #   6 total cpu time :104224.1 secs   av.it.:  16.4
      thresh= 4.999E-08 alpha_mix =  0.700 |ddv_scf|^2 =  2.955E-14

      iter #   7 total cpu time :104413.1 secs   av.it.:  16.0
      thresh= 1.719E-08 alpha_mix =  0.700 |ddv_scf|^2 =  2.963E-15

     End of self-consistent calculation

     Convergence has been achieved 


     Representation #  28 modes #  55  56

     Self-consistent Calculation

      iter #   1 total cpu time :104498.3 secs   av.it.:   3.1
      thresh= 1.000E-02 alpha_mix =  0.700 |ddv_scf|^2 =  7.365E-10

      iter #   2 total cpu time :104691.3 secs   av.it.:  16.4
      thresh= 2.714E-06 alpha_mix =  0.700 |ddv_scf|^2 =  7.089E-10

      iter #   3 total cpu time :104869.1 secs   av.it.:  15.0
      thresh= 2.663E-06 alpha_mix =  0.700 |ddv_scf|^2 =  1.051E-11

      iter #   4 total cpu time :105049.2 secs   av.it.:  16.0
      thresh= 3.241E-07 alpha_mix =  0.700 |ddv_scf|^2 =  1.171E-12

      iter #   5 total cpu time :105232.5 secs   av.it.:  16.0
      thresh= 1.082E-07 alpha_mix =  0.700 |ddv_scf|^2 =  1.636E-14

      iter #   6 total cpu time :105421.6 secs   av.it.:  17.0
      thresh= 1.279E-08 alpha_mix =  0.700 |ddv_scf|^2 =  1.617E-15

     End of self-consistent calculation

     Convergence has been achieved 


     Representation #  29 modes #  57  58

     Self-consistent Calculation

      iter #   1 total cpu time :105521.9 secs   av.it.:   5.0
      thresh= 1.000E-02 alpha_mix =  0.700 |ddv_scf|^2 =  1.446E-08

      iter #   2 total cpu time :105716.5 secs   av.it.:  16.0
      thresh= 1.202E-05 alpha_mix =  0.700 |ddv_scf|^2 =  1.925E-08

      iter #   3 total cpu time :105895.5 secs   av.it.:  15.0
      thresh= 1.387E-05 alpha_mix =  0.700 |ddv_scf|^2 =  6.094E-11

      iter #   4 total cpu time :106094.4 secs   av.it.:  16.8
      thresh= 7.807E-07 alpha_mix =  0.700 |ddv_scf|^2 =  6.580E-12

      iter #   5 total cpu time :106288.3 secs   av.it.:  16.0
      thresh= 2.565E-07 alpha_mix =  0.700 |ddv_scf|^2 =  3.608E-13

      iter #   6 total cpu time :106487.0 secs   av.it.:  16.7
      thresh= 6.006E-08 alpha_mix =  0.700 |ddv_scf|^2 =  3.590E-14

      iter #   7 total cpu time :106676.0 secs   av.it.:  16.2
      thresh= 1.895E-08 alpha_mix =  0.700 |ddv_scf|^2 =  1.084E-15

     End of self-consistent calculation

     Convergence has been achieved 


     Representation #  30 modes #  59  60

     Self-consistent Calculation

      iter #   1 total cpu time :106763.5 secs   av.it.:   3.4
      thresh= 1.000E-02 alpha_mix =  0.700 |ddv_scf|^2 =  4.181E-10

      iter #   2 total cpu time :106968.4 secs   av.it.:  17.0
      thresh= 2.045E-06 alpha_mix =  0.700 |ddv_scf|^2 =  2.365E-10

      iter #   3 total cpu time :107188.4 secs   av.it.:  16.0
      thresh= 1.538E-06 alpha_mix =  0.700 |ddv_scf|^2 =  1.408E-11

      iter #   4 total cpu time :107375.7 secs   av.it.:  15.4
      thresh= 3.752E-07 alpha_mix =  0.700 |ddv_scf|^2 =  8.625E-13

      iter #   5 total cpu time :107567.0 secs   av.it.:  16.0
      thresh= 9.287E-08 alpha_mix =  0.700 |ddv_scf|^2 =  1.265E-14

      iter #   6 total cpu time :107767.5 secs   av.it.:  17.0
      thresh= 1.125E-08 alpha_mix =  0.700 |ddv_scf|^2 =  2.297E-15

     End of self-consistent calculation

     Convergence has been achieved 


     Representation #  31 modes #  61  62

     Self-consistent Calculation

      iter #   1 total cpu time :107854.0 secs   av.it.:   3.0
      thresh= 1.000E-02 alpha_mix =  0.700 |ddv_scf|^2 =  7.432E-10

      iter #   2 total cpu time :108045.9 secs   av.it.:  17.0
      thresh= 2.726E-06 alpha_mix =  0.700 |ddv_scf|^2 =  8.249E-10

      iter #   3 total cpu time :108231.2 secs   av.it.:  15.4
      thresh= 2.872E-06 alpha_mix =  0.700 |ddv_scf|^2 =  1.757E-11

      iter #   4 total cpu time :108422.5 secs   av.it.:  16.0
      thresh= 4.192E-07 alpha_mix =  0.700 |ddv_scf|^2 =  1.182E-12

      iter #   5 total cpu time :108613.0 secs   av.it.:  16.0
      thresh= 1.087E-07 alpha_mix =  0.700 |ddv_scf|^2 =  2.422E-14

      iter #   6 total cpu time :108800.1 secs   av.it.:  16.8
      thresh= 1.556E-08 alpha_mix =  0.700 |ddv_scf|^2 =  2.951E-15

     End of self-consistent calculation

     Convergence has been achieved 


     Representation #  32 modes #  63  64

     Self-consistent Calculation

      iter #   1 total cpu time :108882.9 secs   av.it.:   3.0
      thresh= 1.000E-02 alpha_mix =  0.700 |ddv_scf|^2 =  7.480E-10

      iter #   2 total cpu time :109072.7 secs   av.it.:  17.0
      thresh= 2.735E-06 alpha_mix =  0.700 |ddv_scf|^2 =  5.555E-10

      iter #   3 total cpu time :109249.5 secs   av.it.:  15.9
      thresh= 2.357E-06 alpha_mix =  0.700 |ddv_scf|^2 =  2.606E-11

      iter #   4 total cpu time :109424.0 secs   av.it.:  15.0
      thresh= 5.105E-07 alpha_mix =  0.700 |ddv_scf|^2 =  9.043E-13

      iter #   5 total cpu time :109611.1 secs   av.it.:  16.1
      thresh= 9.510E-08 alpha_mix =  0.700 |ddv_scf|^2 =  3.171E-14

      iter #   6 total cpu time :109796.5 secs   av.it.:  16.0
      thresh= 1.781E-08 alpha_mix =  0.700 |ddv_scf|^2 =  4.907E-15

     End of self-consistent calculation

     Convergence has been achieved 


     Representation #  33 modes #  65  66

     Self-consistent Calculation

      iter #   1 total cpu time :109881.1 secs   av.it.:   3.2
      thresh= 1.000E-02 alpha_mix =  0.700 |ddv_scf|^2 =  5.198E-10

      iter #   2 total cpu time :110073.3 secs   av.it.:  17.0
      thresh= 2.280E-06 alpha_mix =  0.700 |ddv_scf|^2 =  3.172E-10

      iter #   3 total cpu time :110264.8 secs   av.it.:  16.0
      thresh= 1.781E-06 alpha_mix =  0.700 |ddv_scf|^2 =  1.380E-11

      iter #   4 total cpu time :110448.6 secs   av.it.:  15.4
      thresh= 3.715E-07 alpha_mix =  0.700 |ddv_scf|^2 =  1.026E-12

      iter #   5 total cpu time :110634.4 secs   av.it.:  16.0
      thresh= 1.013E-07 alpha_mix =  0.700 |ddv_scf|^2 =  3.218E-14

      iter #   6 total cpu time :110830.1 secs   av.it.:  16.9
      thresh= 1.794E-08 alpha_mix =  0.700 |ddv_scf|^2 =  3.083E-15

     End of self-consistent calculation

     Convergence has been achieved 

     Number of q in the star =    1
     List of q in the star:
          1   0.000000000  -0.497514774   0.000000000

     Diagonalizing the dynamical matrix

     q = (    0.000000000  -0.497514774   0.000000000 ) 

 **************************************************************************
     freq (    1) =       1.320118 [THz] =      44.034388 [cm-1]
     freq (    2) =       1.320118 [THz] =      44.034388 [cm-1]
     freq (    3) =       1.366188 [THz] =      45.571140 [cm-1]
     freq (    4) =       1.366188 [THz] =      45.571140 [cm-1]
     freq (    5) =       1.702184 [THz] =      56.778731 [cm-1]
     freq (    6) =       1.702184 [THz] =      56.778731 [cm-1]
     freq (    7) =       4.359117 [THz] =     145.404480 [cm-1]
     freq (    8) =       4.359117 [THz] =     145.404480 [cm-1]
     freq (    9) =       5.719251 [THz] =     190.773671 [cm-1]
     freq (   10) =       5.719251 [THz] =     190.773671 [cm-1]
     freq (   11) =       5.892887 [THz] =     196.565561 [cm-1]
     freq (   12) =       5.892887 [THz] =     196.565561 [cm-1]
     freq (   13) =       6.459630 [THz] =     215.470061 [cm-1]
     freq (   14) =       6.459630 [THz] =     215.470061 [cm-1]
     freq (   15) =       6.609450 [THz] =     220.467523 [cm-1]
     freq (   16) =       6.609450 [THz] =     220.467523 [cm-1]
     freq (   17) =       7.703126 [THz] =     256.948624 [cm-1]
     freq (   18) =       7.703126 [THz] =     256.948624 [cm-1]
     freq (   19) =       8.061476 [THz] =     268.901900 [cm-1]
     freq (   20) =       8.061476 [THz] =     268.901900 [cm-1]
     freq (   21) =       8.622792 [THz] =     287.625381 [cm-1]
     freq (   22) =       8.622792 [THz] =     287.625381 [cm-1]
     freq (   23) =       9.260454 [THz] =     308.895485 [cm-1]
     freq (   24) =       9.260454 [THz] =     308.895485 [cm-1]
     freq (   25) =       9.723803 [THz] =     324.351163 [cm-1]
     freq (   26) =       9.723803 [THz] =     324.351163 [cm-1]
     freq (   27) =      12.076758 [THz] =     402.837279 [cm-1]
     freq (   28) =      12.076758 [THz] =     402.837279 [cm-1]
     freq (   29) =      12.622658 [THz] =     421.046550 [cm-1]
     freq (   30) =      12.622658 [THz] =     421.046550 [cm-1]
     freq (   31) =      30.683544 [THz] =    1023.492851 [cm-1]
     freq (   32) =      30.683544 [THz] =    1023.492851 [cm-1]
     freq (   33) =      30.946166 [THz] =    1032.252986 [cm-1]
     freq (   34) =      30.946166 [THz] =    1032.252986 [cm-1]
     freq (   35) =      31.753628 [THz] =    1059.187021 [cm-1]
     freq (   36) =      31.753628 [THz] =    1059.187021 [cm-1]
     freq (   37) =      32.168164 [THz] =    1073.014451 [cm-1]
     freq (   38) =      32.168164 [THz] =    1073.014451 [cm-1]
     freq (   39) =      32.190426 [THz] =    1073.757036 [cm-1]
     freq (   40) =      32.190426 [THz] =    1073.757036 [cm-1]
     freq (   41) =      32.288843 [THz] =    1077.039868 [cm-1]
     freq (   42) =      32.288843 [THz] =    1077.039868 [cm-1]
     freq (   43) =      35.812991 [THz] =    1194.592793 [cm-1]
     freq (   44) =      35.812991 [THz] =    1194.592793 [cm-1]
     freq (   45) =      35.994129 [THz] =    1200.634898 [cm-1]
     freq (   46) =      35.994129 [THz] =    1200.634898 [cm-1]
     freq (   47) =      36.134334 [THz] =    1205.311657 [cm-1]
     freq (   48) =      36.134334 [THz] =    1205.311657 [cm-1]
     freq (   49) =      36.331529 [THz] =    1211.889353 [cm-1]
     freq (   50) =      36.331529 [THz] =    1211.889353 [cm-1]
     freq (   51) =      68.406935 [THz] =    2281.809747 [cm-1]
     freq (   52) =      68.406935 [THz] =    2281.809747 [cm-1]
     freq (   53) =      68.460080 [THz] =    2283.582457 [cm-1]
     freq (   54) =      68.460080 [THz] =    2283.582457 [cm-1]
     freq (   55) =      70.059990 [THz] =    2336.949725 [cm-1]
     freq (   56) =      70.059990 [THz] =    2336.949725 [cm-1]
     freq (   57) =      70.313600 [THz] =    2345.409233 [cm-1]
     freq (   58) =      70.313600 [THz] =    2345.409233 [cm-1]
     freq (   59) =      70.555895 [THz] =    2353.491336 [cm-1]
     freq (   60) =      70.555895 [THz] =    2353.491336 [cm-1]
     freq (   61) =      71.089463 [THz] =    2371.289237 [cm-1]
     freq (   62) =      71.089463 [THz] =    2371.289237 [cm-1]
     freq (   63) =      71.174887 [THz] =    2374.138680 [cm-1]
     freq (   64) =      71.174887 [THz] =    2374.138680 [cm-1]
     freq (   65) =      71.235077 [THz] =    2376.146406 [cm-1]
     freq (   66) =      71.235077 [THz] =    2376.146406 [cm-1]
 **************************************************************************

     Calculation of q =    0.0000000  -0.4975148  -0.7518535

     Parallelization info
     --------------------
     sticks:   dense  smooth     PW     G-vecs:    dense   smooth      PW
     Min         460     230     62                24198     8554    1227
     Max         461     231     64                24201     8557    1229
     Sum       11053    5527   1515               580795   205333   29471

     Using Slab Decomposition



     bravais-lattice index     =            8
     lattice parameter (alat)  =      13.1499  a.u.
     unit-cell volume          =    1519.7234 (a.u.)^3
     number of atoms/cell      =           22
     number of atomic types    =            3
     number of electrons       =        48.00
     number of Kohn-Sham states=           24
     kinetic-energy cutoff     =     100.0000  Ry
     charge density cutoff     =     800.0000  Ry
     Exchange-correlation= PBESOL
                           (   1   4  10   8   0   0   0)

     celldm(1)=  13.149863  celldm(2)=   1.004995  celldm(3)=   0.665023
     celldm(4)=   0.000000  celldm(5)=   0.000000  celldm(6)=   0.000000

     crystal axes: (cart. coord. in units of alat)
               a(1) = (   1.000000   0.000000   0.000000 )  
               a(2) = (   0.000000   1.004995   0.000000 )  
               a(3) = (   0.000000   0.000000   0.665023 )  

     reciprocal axes: (cart. coord. in units 2 pi/alat)
               b(1) = (  1.000000  0.000000  0.000000 )  
               b(2) = (  0.000000  0.995030  0.000000 )  
               b(3) = (  0.000000  0.000000  1.503707 )  


     PseudoPot. # 1 for B  read from file:
     /home/mehlhorn/pseudos/b_pbesol_v1.4.uspp.F.UPF
     MD5 check sum: 369b69bef2c3aeed4453bd8b804fd6a8
     Pseudo is Ultrasoft + core correction, Zval =  3.0
     Generated by new atomic code, or converted to UPF format
     Using radial grid of  781 points,  4 beta functions with: 
                l(1) =   0
                l(2) =   0
                l(3) =   1
                l(4) =   1
     Q(r) pseudized with  8 coefficients,  rinner =    1.100   1.100   1.100


     PseudoPot. # 2 for Ba read from file:
     /home/mehlhorn/pseudos/Ba.nc.z_10.oncvpsp4.dojo.v4-sp.upf
     MD5 check sum: c10ed334bb677c0554edec7181ce9143
     Pseudo is Norm-conserving + core correction, Zval = 10.0
     Generated using ONCVPSP code by D. R. Hamann
     Using radial grid of 1938 points,  8 beta functions with: 
                l(1) =   0
                l(2) =   0
                l(3) =   1
                l(4) =   1
                l(5) =   2
                l(6) =   2
                l(7) =   3
                l(8) =   3

     PseudoPot. # 3 for H  read from file:
     /home/mehlhorn/pseudos/H_ONCV_PBEsol-1.0.upf
     MD5 check sum: 398ef8f67c0a7342c05c87c5e19ea467
     Pseudo is Norm-conserving, Zval =  1.0
     Generated using ONCVPSP code by D. R. Hamann
     Using radial grid of 1180 points,  2 beta functions with: 
                l(1) =   0
                l(2) =   0

     atomic species   valence    mass     pseudopotential
     B                 3.00    10.81100     B ( 1.00)
     Ba               10.00   137.32700     Ba( 1.00)
     H                 1.00     1.00794     H ( 1.00)

      4 Sym. Ops. (no inversion) found



   Cartesian axes

     site n.     atom                  positions (alat units)
         1        Ba     tau(   1) = (   0.5000000   0.5024976   0.3325149  )
         2        Ba     tau(   2) = (   0.0000000   0.0000000   0.6650199  )
         3        B      tau(   3) = (   0.6221553   0.2503544   0.0000034  )
         4        B      tau(   4) = (   0.3778447   0.7546409   0.0000034  )
         5        B      tau(   5) = (   0.1221553   0.2521432   0.3325082  )
         6        B      tau(   6) = (   0.8778447   0.7528520   0.3325082  )
         7        H      tau(   7) = (   0.4492521   0.2889572  -0.0000129  )
         8        H      tau(   8) = (   0.5507479   0.7160381  -0.0000129  )
         9        H      tau(   9) = (   0.9492521   0.2135405   0.3325245  )
        10        H      tau(  10) = (   0.0507479   0.7914548   0.3325245  )
        11        H      tau(  11) = (   0.7177062   0.4004542   0.0000031  )
        12        H      tau(  12) = (   0.2822938   0.6045411   0.0000031  )
        13        H      tau(  13) = (   0.2177062   0.1020434   0.3325085  )
        14        H      tau(  14) = (   0.7822938   0.9029519   0.3325085  )
        15        H      tau(  15) = (   0.6574615   0.1574470   0.5188345  )
        16        H      tau(  16) = (   0.3425385   0.8475482   0.5188345  )
        17        H      tau(  17) = (   0.1574615   0.3450506   0.4787003  )
        18        H      tau(  18) = (   0.8425385   0.6599447   0.4787003  )
        19        H      tau(  19) = (   0.3425472   0.8475474   0.1461992  )
        20        H      tau(  20) = (   0.6574528   0.1574478   0.1461992  )
        21        H      tau(  21) = (   0.8425472   0.6599455   0.1863124  )
        22        H      tau(  22) = (   0.1574528   0.3450498   0.1863124  )

     number of k points=    54
                       cart. coord. in units 2pi/alat
        k(    1) = (   0.0000000   0.0000000   0.0000000), wk =   0.0160000
        k(    2) = (   0.0000000  -0.4975148  -0.7518535), wk =   0.0000000
        k(    3) = (   0.0000000   0.0000000   0.3007414), wk =   0.0320000
        k(    4) = (   0.0000000  -0.4975148  -0.4511121), wk =   0.0000000
        k(    5) = (   0.0000000   0.0000000   0.6014828), wk =   0.0320000
        k(    6) = (   0.0000000  -0.4975148  -0.1503707), wk =   0.0000000
        k(    7) = (   0.0000000   0.1990059   0.0000000), wk =   0.0320000
        k(    8) = (   0.0000000  -0.2985089  -0.7518535), wk =   0.0000000
        k(    9) = (   0.0000000   0.1990059   0.3007414), wk =   0.0640000
        k(   10) = (   0.0000000  -0.2985089  -0.4511121), wk =   0.0000000
        k(   11) = (   0.0000000   0.1990059   0.6014828), wk =   0.0640000
        k(   12) = (   0.0000000  -0.2985089  -0.1503707), wk =   0.0000000
        k(   13) = (   0.0000000   0.3980118   0.0000000), wk =   0.0320000
        k(   14) = (   0.0000000  -0.0995030  -0.7518535), wk =   0.0000000
        k(   15) = (   0.0000000   0.3980118   0.3007414), wk =   0.0640000
        k(   16) = (   0.0000000  -0.0995030  -0.4511121), wk =   0.0000000
        k(   17) = (   0.0000000   0.3980118   0.6014828), wk =   0.0640000
        k(   18) = (   0.0000000  -0.0995030  -0.1503707), wk =   0.0000000
        k(   19) = (   0.2000000   0.0000000   0.0000000), wk =   0.0320000
        k(   20) = (   0.2000000  -0.4975148  -0.7518535), wk =   0.0000000
        k(   21) = (   0.2000000   0.0000000   0.3007414), wk =   0.0640000
        k(   22) = (   0.2000000  -0.4975148  -0.4511121), wk =   0.0000000
        k(   23) = (   0.2000000   0.0000000   0.6014828), wk =   0.0640000
        k(   24) = (   0.2000000  -0.4975148  -0.1503707), wk =   0.0000000
        k(   25) = (   0.2000000   0.1990059   0.0000000), wk =   0.0640000
        k(   26) = (   0.2000000  -0.2985089  -0.7518535), wk =   0.0000000
        k(   27) = (   0.2000000   0.1990059   0.3007414), wk =   0.1280000
        k(   28) = (   0.2000000  -0.2985089  -0.4511121), wk =   0.0000000
        k(   29) = (   0.2000000   0.1990059   0.6014828), wk =   0.1280000
        k(   30) = (   0.2000000  -0.2985089  -0.1503707), wk =   0.0000000
        k(   31) = (   0.2000000   0.3980118   0.0000000), wk =   0.0640000
        k(   32) = (   0.2000000  -0.0995030  -0.7518535), wk =   0.0000000
        k(   33) = (   0.2000000   0.3980118   0.3007414), wk =   0.1280000
        k(   34) = (   0.2000000  -0.0995030  -0.4511121), wk =   0.0000000
        k(   35) = (   0.2000000   0.3980118   0.6014828), wk =   0.1280000
        k(   36) = (   0.2000000  -0.0995030  -0.1503707), wk =   0.0000000
        k(   37) = (   0.4000000   0.0000000   0.0000000), wk =   0.0320000
        k(   38) = (   0.4000000  -0.4975148  -0.7518535), wk =   0.0000000
        k(   39) = (   0.4000000   0.0000000   0.3007414), wk =   0.0640000
        k(   40) = (   0.4000000  -0.4975148  -0.4511121), wk =   0.0000000
        k(   41) = (   0.4000000   0.0000000   0.6014828), wk =   0.0640000
        k(   42) = (   0.4000000  -0.4975148  -0.1503707), wk =   0.0000000
        k(   43) = (   0.4000000   0.1990059   0.0000000), wk =   0.0640000
        k(   44) = (   0.4000000  -0.2985089  -0.7518535), wk =   0.0000000
        k(   45) = (   0.4000000   0.1990059   0.3007414), wk =   0.1280000
        k(   46) = (   0.4000000  -0.2985089  -0.4511121), wk =   0.0000000
        k(   47) = (   0.4000000   0.1990059   0.6014828), wk =   0.1280000
        k(   48) = (   0.4000000  -0.2985089  -0.1503707), wk =   0.0000000
        k(   49) = (   0.4000000   0.3980118   0.0000000), wk =   0.0640000
        k(   50) = (   0.4000000  -0.0995030  -0.7518535), wk =   0.0000000
        k(   51) = (   0.4000000   0.3980118   0.3007414), wk =   0.1280000
        k(   52) = (   0.4000000  -0.0995030  -0.4511121), wk =   0.0000000
        k(   53) = (   0.4000000   0.3980118   0.6014828), wk =   0.1280000
        k(   54) = (   0.4000000  -0.0995030  -0.1503707), wk =   0.0000000

     Dense  grid:   580795 G-vectors     FFT dimensions: ( 120, 120,  80)

     Smooth grid:   205333 G-vectors     FFT dimensions: (  90,  90,  60)

     Estimated max dynamical RAM per process >      52.73 MB

     Estimated total dynamical RAM >       1.24 GB

     The potential is recalculated from file :
     ./_ph0/pwscf.q_4/pwscf.save/charge-density

     Starting wfcs are   42 atomic wfcs

     Band Structure Calculation
     Davidson diagonalization with overlap

     ethr =  2.08E-11,  avg # of iterations = 21.9

     total cpu time spent up to now is      631.1 secs

     End of band structure calculation

          k = 0.0000 0.0000 0.0000 ( 25605 PWs)   bands (ev):

   -24.3490 -24.3424  -9.8493  -9.7888  -9.6043  -9.5683  -9.5211  -9.4692
    -6.2954  -5.4245  -4.8456  -4.7501  -1.9996  -1.0651  -1.0565  -0.7047
    -0.5314  -0.4256  -0.3215  -0.2480   0.0202   0.3169   0.3292   0.3606

          k = 0.0000-0.4975-0.7519 ( 25660 PWs)   bands (ev):

   -24.3324 -24.3324 -10.0142 -10.0142  -9.5965  -9.5965  -9.5930  -9.5930
    -5.5271  -5.5271  -4.7442  -4.7442  -1.7312  -1.7312  -0.9936  -0.9936
    -0.3003  -0.3003  -0.1944  -0.1944  -0.1794  -0.1794   0.1857   0.1857

          k = 0.0000 0.0000 0.3007 ( 25610 PWs)   bands (ev):

   -24.3438 -24.3384  -9.7887  -9.7410  -9.7007  -9.6731  -9.5905  -9.5641
    -5.9568  -5.2250  -4.9646  -4.8909  -1.7164  -1.3728  -1.0041  -0.9195
    -0.6232  -0.5430  -0.2758  -0.1297   0.0923   0.1860   0.2095   0.3303

          k = 0.0000-0.4975-0.4511 ( 25668 PWs)   bands (ev):

   -24.3370 -24.3370  -9.8697  -9.8697  -9.6452  -9.6452  -9.6091  -9.6091
    -5.4625  -5.4625  -4.9669  -4.9669  -1.5170  -1.5170  -1.0245  -1.0245
    -0.4400  -0.4400  -0.0994  -0.0994  -0.0324  -0.0324   0.1162   0.1162

          k = 0.0000 0.0000 0.6015 ( 25676 PWs)   bands (ev):

   -24.3347 -24.3327  -9.9565  -9.9512  -9.6649  -9.6443  -9.5865  -9.5752
    -5.3328  -5.1570  -5.1317  -5.0244  -1.5433  -1.4387  -1.3896  -1.1548
    -0.5474  -0.5454  -0.2223  -0.1142   0.0585   0.1041   0.1964   0.2398

          k = 0.0000-0.4975-0.1504 ( 25614 PWs)   bands (ev):

   -24.3444 -24.3444  -9.7492  -9.7492  -9.6663  -9.6663  -9.5398  -9.5398
    -5.6341  -5.6341  -5.0607  -5.0607  -1.4157  -1.4157  -0.8136  -0.8136
    -0.4205  -0.4205  -0.1418  -0.1418  -0.0626  -0.0626   0.2127   0.2127

          k = 0.0000 0.1990 0.0000 ( 25628 PWs)   bands (ev):

   -24.3484 -24.3430  -9.8328  -9.7719  -9.6311  -9.5889  -9.5161  -9.4741
    -6.1839  -5.3945  -4.9917  -4.8109  -1.8044  -1.2083  -1.1193  -0.5088
    -0.4493  -0.4018  -0.3589  -0.1533   0.0281   0.1248   0.2743   0.3108

          k = 0.0000-0.2985-0.7519 ( 25664 PWs)   bands (ev):

   -24.3324 -24.3324 -10.0080 -10.0080  -9.6032  -9.6032  -9.5955  -9.5955
    -5.4560  -5.4560  -4.8223  -4.8223  -1.6692  -1.6691  -1.1351  -1.1351
    -0.2760  -0.2759  -0.2556  -0.2556  -0.0238  -0.0236   0.1415   0.1416

          k = 0.0000 0.1990 0.3007 ( 25678 PWs)   bands (ev):

   -24.3433 -24.3389  -9.7869  -9.7270  -9.6946  -9.6870  -9.5907  -9.5779
    -5.8740  -5.1983  -5.0766  -4.9270  -1.5843  -1.3983  -1.1796  -0.6777
    -0.5540  -0.4976  -0.4365  -0.0560   0.0797   0.1838   0.1843   0.2276

          k = 0.0000-0.2985-0.4511 ( 25678 PWs)   bands (ev):

   -24.3382 -24.3359  -9.8670  -9.8545  -9.6791  -9.6660  -9.5944  -9.5869
    -5.5735  -5.3120  -4.9983  -4.9600  -1.5263  -1.4400  -1.2888  -0.8292
    -0.5985  -0.3745  -0.3284  -0.0479   0.0104   0.0392   0.1599   0.1897

          k = 0.0000 0.1990 0.6015 ( 25666 PWs)   bands (ev):

   -24.3345 -24.3329  -9.9639  -9.9590  -9.6490  -9.6353  -9.5870  -9.5803
    -5.4319  -5.3173  -5.0047  -4.8868  -1.5883  -1.5277  -1.3139  -1.0826
    -0.5053  -0.3878  -0.2396  -0.1135   0.0188   0.0410   0.1615   0.1952

          k = 0.0000-0.2985-0.1504 ( 25632 PWs)   bands (ev):

   -24.3463 -24.3425  -9.8004  -9.7422  -9.6601  -9.6129  -9.5556  -9.5281
    -5.9734  -5.3327  -5.1279  -4.9060  -1.5781  -1.3279  -1.1340  -0.5255
    -0.4568  -0.3796  -0.3523  -0.0597  -0.0173   0.0144   0.2155   0.2611

          k = 0.0000 0.3980 0.0000 ( 25648 PWs)   bands (ev):

   -24.3467 -24.3446  -9.7869  -9.7435  -9.6767  -9.6398  -9.5030  -9.4869
    -5.8864  -5.5162  -5.1095  -4.9620  -1.4914  -1.3670  -0.9774  -0.4808
    -0.4690  -0.4342  -0.1933  -0.0974  -0.0464   0.0173   0.1445   0.2189

          k = 0.0000-0.0995-0.7519 ( 25678 PWs)   bands (ev):

   -24.3324 -24.3324  -9.9973  -9.9973  -9.6184  -9.6184  -9.5956  -9.5956
    -5.2699  -5.2699  -5.0193  -5.0193  -1.5374  -1.5374  -1.3236  -1.3236
    -0.3183  -0.3181  -0.3115  -0.3114   0.1031   0.1031   0.1649   0.1650

          k = 0.0000 0.3980 0.3007 ( 25636 PWs)   bands (ev):

   -24.3419 -24.3403  -9.7718  -9.7376  -9.6912  -9.6682  -9.6042  -9.6006
    -5.6500  -5.3519  -5.1169  -5.0161  -1.4273  -1.4219  -1.1190  -0.7579
    -0.4774  -0.4215  -0.3055  -0.0695  -0.0286  -0.0003   0.2048   0.2070

          k = 0.0000-0.0995-0.4511 ( 25666 PWs)   bands (ev):

   -24.3389 -24.3352  -9.8507  -9.8361  -9.7199  -9.6893  -9.5838  -9.5677
    -5.6327  -5.1494  -5.0191  -5.0187  -1.5060  -1.4873  -1.2585  -0.8391
    -0.7324  -0.6174  -0.2807   0.0020   0.0658   0.0757   0.2135   0.2668

          k = 0.0000 0.3980 0.6015 ( 25691 PWs)   bands (ev):

   -24.3340 -24.3334  -9.9739  -9.9718  -9.6184  -9.6161  -9.5939  -9.5937
    -5.5076  -5.4677  -4.8541  -4.8031  -1.6539  -1.6432  -1.1097  -0.9862
    -0.4022  -0.3177  -0.2148  -0.1666  -0.0649   0.0097   0.0645   0.1719

          k = 0.0000-0.0995-0.1504 ( 25599 PWs)   bands (ev):

   -24.3474 -24.3414  -9.8295  -9.7717  -9.6091  -9.5770  -9.5660  -9.5276
    -6.1747  -5.3561  -4.9172  -4.8028  -1.8725  -1.2097  -1.0643  -0.6794
    -0.6288  -0.3538  -0.3306  -0.0979  -0.0675   0.2746   0.2801   0.3124

          k = 0.2000 0.0000 0.0000 ( 25622 PWs)   bands (ev):

   -24.3484 -24.3430  -9.8283  -9.7758  -9.6272  -9.5956  -9.5161  -9.4741
    -6.1902  -5.4507  -4.8688  -4.8381  -1.8718  -1.0038  -0.9338  -0.9076
    -0.3926  -0.3454  -0.3217  -0.2537  -0.0240   0.0629   0.3014   0.3194

          k = 0.2000-0.4975-0.7519 ( 25688 PWs)   bands (ev):

   -24.3324 -24.3324 -10.0064 -10.0064  -9.6061  -9.6061  -9.5971  -9.5971
    -5.4701  -5.4701  -4.7912  -4.7912  -1.7587  -1.7587  -1.0937  -1.0937
    -0.3069  -0.3069  -0.1862  -0.1862   0.0059   0.0059   0.1705   0.1705

          k = 0.2000 0.0000 0.3007 ( 25667 PWs)   bands (ev):

   -24.3433 -24.3389  -9.7726  -9.7530  -9.6906  -9.6795  -9.6034  -9.5681
    -5.8680  -5.2317  -4.9835  -4.9712  -1.6294  -1.3656  -1.1138  -0.7820
    -0.6107  -0.4900  -0.3240  -0.0885  -0.0655   0.1710   0.2536   0.2886

          k = 0.2000-0.4975-0.4511 ( 25662 PWs)   bands (ev):

   -24.3370 -24.3370  -9.8603  -9.8603  -9.6815  -9.6815  -9.5858  -9.5858
    -5.4108  -5.4108  -5.0107  -5.0107  -1.5624  -1.5624  -1.0127  -1.0127
    -0.4689  -0.4689  -0.0831  -0.0831  -0.0008  -0.0008   0.1538   0.1538

          k = 0.2000 0.0000 0.6015 ( 25657 PWs)   bands (ev):

   -24.3345 -24.3329  -9.9656  -9.9609  -9.6544  -9.6302  -9.5920  -9.5758
    -5.3448  -5.2118  -5.1057  -4.9643  -1.7776  -1.6229  -1.2133  -0.9523
    -0.5108  -0.3688  -0.1995  -0.1614   0.0256   0.1044   0.1243   0.2436

          k = 0.2000-0.4975-0.1504 ( 25656 PWs)   bands (ev):

   -24.3444 -24.3444  -9.7904  -9.7904  -9.6234  -9.6234  -9.5409  -9.5409
    -5.6425  -5.6425  -5.0479  -5.0479  -1.3712  -1.3712  -0.8731  -0.8731
    -0.4102  -0.4102  -0.1456  -0.1456  -0.0354  -0.0354   0.1809   0.1809

          k = 0.2000 0.1990 0.0000 ( 25639 PWs)   bands (ev):

   -24.3478 -24.3435  -9.8379  -9.7457  -9.6730  -9.5777  -9.5120  -9.4780
    -6.1018  -5.4398  -5.0125  -4.8425  -1.7090  -1.1937  -1.0197  -0.6333
    -0.4582  -0.3966  -0.1980  -0.1464  -0.0612   0.0146   0.2042   0.2872

          k = 0.2000-0.2985-0.7519 ( 25676 PWs)   bands (ev):

   -24.3324 -24.3324 -10.0128  -9.9979  -9.6212  -9.6001  -9.5943  -9.5941
    -5.4761  -5.3474  -4.9222  -4.7880  -1.8276  -1.6786  -1.2104  -0.9993
    -0.3663  -0.3464  -0.1783  -0.0768   0.0062   0.0253   0.1320   0.1617

          k = 0.2000 0.1990 0.3007 ( 25659 PWs)   bands (ev):

   -24.3429 -24.3393  -9.7816  -9.7368  -9.7115  -9.6665  -9.6049  -9.5698
    -5.7983  -5.2065  -5.1142  -4.9632  -1.5346  -1.3791  -1.2026  -0.6765
    -0.5910  -0.4630  -0.3300  -0.0993  -0.0327   0.1310   0.2072   0.2698

          k = 0.2000-0.2985-0.4511 ( 25683 PWs)   bands (ev):

   -24.3379 -24.3361  -9.8667  -9.8464  -9.7156  -9.6453  -9.6083  -9.5715
    -5.5130  -5.2782  -5.0504  -4.9917  -1.6092  -1.4824  -1.2193  -0.8460
    -0.5607  -0.3590  -0.2755  -0.0922  -0.0190   0.0606   0.1615   0.2502

          k = 0.2000 0.1990 0.6015 ( 25694 PWs)   bands (ev):

   -24.3344 -24.3330  -9.9722  -9.9558  -9.6612  -9.6128  -9.5974  -9.5787
    -5.4307  -5.2437  -5.0745  -4.8728  -1.7683  -1.6234  -1.1906  -0.9943
    -0.4625  -0.3211  -0.2185  -0.1001  -0.0435   0.0768   0.1239   0.2396

          k = 0.2000-0.2985-0.1504 ( 25644 PWs)   bands (ev):

   -24.3459 -24.3429  -9.8207  -9.7366  -9.6788  -9.5807  -9.5540  -9.5326
    -5.9167  -5.3972  -5.1087  -4.9195  -1.5142  -1.2960  -1.1077  -0.6033
    -0.5186  -0.3393  -0.2726  -0.1190  -0.0467   0.0416   0.1742   0.2337

          k = 0.2000 0.3980 0.0000 ( 25639 PWs)   bands (ev):

   -24.3465 -24.3448  -9.8239  -9.7750  -9.6506  -9.5969  -9.5013  -9.4884
    -5.8636  -5.5683  -5.0803  -4.9570  -1.4348  -1.3298  -0.9500  -0.5093
    -0.5006  -0.4839  -0.2838  -0.0231  -0.0220   0.0373   0.1040   0.1813

          k = 0.2000-0.0995-0.7519 ( 25654 PWs)   bands (ev):

   -24.3324 -24.3324 -10.0088  -9.9995  -9.6209  -9.6078  -9.5929  -9.5928
    -5.3615  -5.2121  -5.0652  -4.9123  -1.8123  -1.7376  -1.1373  -1.0499
    -0.3610  -0.3350  -0.1804  -0.1682  -0.0129   0.0523   0.1384   0.2135

          k = 0.2000 0.3980 0.3007 ( 25659 PWs)   bands (ev):

   -24.3418 -24.3404  -9.7796  -9.7547  -9.6982  -9.6662  -9.5990  -9.5793
    -5.6093  -5.3570  -5.1262  -5.0327  -1.4443  -1.3970  -1.1229  -0.8257
    -0.4592  -0.3747  -0.3000  -0.0997  -0.0197   0.0511   0.1735   0.2072

          k = 0.2000-0.0995-0.4511 ( 25668 PWs)   bands (ev):

   -24.3385 -24.3355  -9.8618  -9.8444  -9.7157  -9.6627  -9.5977  -9.5695
    -5.5692  -5.1457  -5.0764  -5.0264  -1.6349  -1.3860  -1.3466  -0.7968
    -0.6227  -0.5110  -0.2632  -0.0797   0.0080   0.0972   0.1999   0.2763

          k = 0.2000 0.3980 0.6015 ( 25671 PWs)   bands (ev):

   -24.3339 -24.3334  -9.9709  -9.9611  -9.6495  -9.6220  -9.5913  -9.5824
    -5.4683  -5.3977  -4.9134  -4.8342  -1.7334  -1.6624  -1.1207  -1.0314
    -0.4350  -0.3244  -0.1817  -0.0669  -0.0176   0.0525   0.0907   0.1922

          k = 0.2000-0.0995-0.1504 ( 25637 PWs)   bands (ev):

   -24.3468 -24.3420  -9.8175  -9.7545  -9.6462  -9.5874  -9.5627  -9.5250
    -6.0790  -5.3812  -4.9534  -4.8612  -1.7627  -1.1713  -1.0150  -0.8026
    -0.4646  -0.3903  -0.2718  -0.1590  -0.1199   0.1305   0.2459   0.3163

          k = 0.4000 0.0000 0.0000 ( 25652 PWs)   bands (ev):

   -24.3467 -24.3446  -9.7745  -9.7437  -9.6782  -9.6562  -9.5030  -9.4870
    -5.9200  -5.6135  -4.9394  -4.9208  -1.5774  -1.2480  -0.7888  -0.5366
    -0.4262  -0.3288  -0.3198  -0.2383  -0.1723  -0.1329   0.1149   0.2066

          k = 0.4000-0.4975-0.7519 ( 25728 PWs)   bands (ev):

   -24.3324 -24.3324  -9.9928  -9.9928  -9.6253  -9.6253  -9.6007  -9.6007
    -5.3547  -5.3547  -4.8902  -4.8902  -1.7972  -1.7972  -1.2431  -1.2431
    -0.2362  -0.2362  -0.0558  -0.0558   0.0076   0.0076   0.2272   0.2272

          k = 0.4000 0.0000 0.3007 ( 25649 PWs)   bands (ev):

   -24.3419 -24.3403  -9.7540  -9.7400  -9.7155  -9.6783  -9.6092  -9.5847
    -5.6357  -5.3605  -5.0568  -5.0276  -1.4802  -1.3149  -1.1723  -0.8050
    -0.5262  -0.3700  -0.3668  -0.2659  -0.0097   0.0998   0.2294   0.2406

          k = 0.4000-0.4975-0.4511 ( 25670 PWs)   bands (ev):

   -24.3370 -24.3370  -9.8402  -9.8402  -9.7245  -9.7245  -9.5686  -9.5686
    -5.2805  -5.2805  -5.1279  -5.1279  -1.6145  -1.6145  -1.0732  -1.0732
    -0.3784  -0.3784  -0.0827  -0.0827   0.0089   0.0089   0.2003   0.2003

          k = 0.4000 0.0000 0.6015 ( 25656 PWs)   bands (ev):

   -24.3340 -24.3334  -9.9784  -9.9764  -9.6312  -9.6089  -9.6018  -9.5827
    -5.3452  -5.3017  -5.0059  -4.9418  -1.9270  -1.8630  -0.9558  -0.7996
    -0.4171  -0.2960  -0.2563  -0.1332  -0.0218   0.1036   0.1537   0.1900

          k = 0.4000-0.4975-0.1504 ( 25686 PWs)   bands (ev):

   -24.3444 -24.3444  -9.8305  -9.8305  -9.5771  -9.5771  -9.5464  -9.5464
    -5.6561  -5.6561  -5.0267  -5.0267  -1.2584  -1.2584  -1.0288  -1.0288
    -0.3289  -0.3289  -0.1611  -0.1611  -0.0119  -0.0119   0.1119   0.1119

          k = 0.4000 0.1990 0.0000 ( 25661 PWs)   bands (ev):

   -24.3465 -24.3448  -9.8212  -9.7721  -9.6554  -9.6010  -9.5014  -9.4884
    -5.8862  -5.6228  -4.9936  -4.9172  -1.4888  -1.2701  -0.7953  -0.5713
    -0.4513  -0.4194  -0.3900  -0.1818  -0.1003  -0.0323   0.1007   0.2189

          k = 0.4000-0.2985-0.7519 ( 25694 PWs)   bands (ev):

   -24.3324 -24.3324 -10.0063  -9.9968  -9.6249  -9.6104  -9.5974  -9.5963
    -5.3964  -5.2956  -4.9540  -4.8496  -1.9173  -1.8573  -1.1107  -1.0396
    -0.3202  -0.2670  -0.1635  -0.1354   0.0541   0.0724   0.2081   0.2460

          k = 0.4000 0.1990 0.3007 ( 25667 PWs)   bands (ev):

   -24.3418 -24.3404  -9.7742  -9.7534  -9.7088  -9.6732  -9.5971  -9.5753
    -5.6010  -5.3615  -5.0971  -5.0322  -1.4603  -1.3352  -1.1810  -0.8613
    -0.4758  -0.3521  -0.2981  -0.2031  -0.0240   0.0788   0.1899   0.2323

          k = 0.4000-0.2985-0.4511 ( 25659 PWs)   bands (ev):

   -24.3373 -24.3366  -9.8588  -9.8452  -9.7218  -9.6847  -9.5837  -9.5693
    -5.3605  -5.1937  -5.1811  -5.0809  -1.6582  -1.5964  -1.1036  -0.9561
    -0.4171  -0.3536  -0.2426  -0.1372   0.0344   0.1099   0.1515   0.2465

          k = 0.4000 0.1990 0.6015 ( 25670 PWs)   bands (ev):

   -24.3339 -24.3334  -9.9738  -9.9641  -9.6515  -9.6241  -9.5902  -9.5806
    -5.3713  -5.2589  -5.0411  -4.9188  -1.8869  -1.8274  -0.9999  -0.9266
    -0.4063  -0.2900  -0.2453  -0.1332   0.0290   0.0897   0.1691   0.2471

          k = 0.4000-0.2985-0.1504 ( 25669 PWs)   bands (ev):

   -24.3450 -24.3438  -9.8254  -9.7921  -9.6264  -9.5815  -9.5463  -9.5382
    -5.7646  -5.5670  -5.0444  -4.9686  -1.3757  -1.2579  -1.0516  -0.8061
    -0.4481  -0.2903  -0.2506  -0.1168  -0.1071  -0.0451   0.1319   0.2042

          k = 0.4000 0.3980 0.0000 ( 25660 PWs)   bands (ev):

   -24.3460 -24.3453  -9.8492  -9.8304  -9.5943  -9.5715  -9.4971  -9.4922
    -5.7934  -5.6829  -5.0169  -4.9677  -1.3248  -1.2761  -0.8633  -0.6802
    -0.5354  -0.5223  -0.2852  -0.1027   0.0278   0.0535   0.0840   0.1471

          k = 0.4000-0.0995-0.7519 ( 25660 PWs)   bands (ev):

   -24.3324 -24.3324 -10.0177 -10.0122  -9.6119  -9.6062  -9.5885  -9.5864
    -5.3766  -5.3133  -4.9403  -4.8746  -1.9963  -1.9718  -0.8593  -0.8499
    -0.3683  -0.3279  -0.2155  -0.1855   0.0424   0.0872   0.1298   0.2208

          k = 0.4000 0.3980 0.3007 ( 25682 PWs)   bands (ev):

   -24.3413 -24.3408  -9.7905  -9.7818  -9.6918  -9.6772  -9.5752  -9.5661
    -5.5101  -5.4070  -5.1176  -5.0747  -1.4238  -1.3713  -1.1479  -1.0096
    -0.3275  -0.2931  -0.2183  -0.1098  -0.0403   0.0574   0.1034   0.1738

          k = 0.4000-0.0995-0.4511 ( 25667 PWs)   bands (ev):

   -24.3376 -24.3364  -9.8721  -9.8642  -9.6845  -9.6465  -9.6084  -9.5831
    -5.4081  -5.2245  -5.1110  -5.0714  -1.6890  -1.5863  -1.1130  -0.8560
    -0.4804  -0.3308  -0.2929  -0.1976   0.0268   0.1223   0.1595   0.2433

          k = 0.4000 0.3980 0.6015 ( 25701 PWs)   bands (ev):

   -24.3338 -24.3336  -9.9577  -9.9509  -9.6682  -9.6541  -9.5816  -9.5797
    -5.3535  -5.2897  -5.0035  -4.9359  -1.7886  -1.7529  -1.1556  -1.1321
    -0.3445  -0.2665  -0.1105  -0.0970   0.0314   0.0433   0.2097   0.2455

          k = 0.4000-0.0995-0.1504 ( 25634 PWs)   bands (ev):

   -24.3453 -24.3435  -9.7815  -9.7321  -9.6870  -9.6358  -9.5461  -9.5308
    -5.8307  -5.5419  -4.9925  -4.9450  -1.5125  -1.2489  -0.9480  -0.6097
    -0.5437  -0.3594  -0.3000  -0.2599  -0.1379   0.0120   0.1609   0.2359

     highest occupied level (ev):     0.3606

     Writing config to output data dir ./_ph0/pwscf.q_4/pwscf.save/ :
     XML data file

                                                                                

     bravais-lattice index     =            8
     lattice parameter (alat)  =      13.1499  a.u.
     unit-cell volume          =    1519.7234 (a.u.)^3
     number of atoms/cell      =           22
     number of atomic types    =            3
     kinetic-energy cut-off    =     100.0000  Ry
     charge density cut-off    =     800.0000  Ry
     convergence threshold     =      1.0E-14
     beta                      =       0.7000
     number of iterations used =            4
     Exchange-correlation= PBESOL
                           (   1   4  10   8   0   0   0)


     celldm(1)=   13.14986  celldm(2)=    1.00500  celldm(3)=    0.66502
     celldm(4)=    0.00000  celldm(5)=    0.00000  celldm(6)=    0.00000

     crystal axes: (cart. coord. in units of alat)
               a(1) = (  1.0000  0.0000  0.0000 )  
               a(2) = (  0.0000  1.0050  0.0000 )  
               a(3) = (  0.0000  0.0000  0.6650 )  

     reciprocal axes: (cart. coord. in units 2 pi/alat)
               b(1) = (  1.0000  0.0000  0.0000 )  
               b(2) = (  0.0000  0.9950  0.0000 )  
               b(3) = (  0.0000  0.0000  1.5037 )  


     Atoms inside the unit cell: 

     Cartesian axes

     site n.  atom      mass           positions (alat units)
        1  Ba    137.3270   tau(    1) = (    0.50000    0.50250    0.33251  )
        2  Ba    137.3270   tau(    2) = (    0.00000    0.00000    0.66502  )
        3  B      10.8110   tau(    3) = (    0.62216    0.25035    0.00000  )
        4  B      10.8110   tau(    4) = (    0.37784    0.75464    0.00000  )
        5  B      10.8110   tau(    5) = (    0.12216    0.25214    0.33251  )
        6  B      10.8110   tau(    6) = (    0.87784    0.75285    0.33251  )
        7  H       1.0079   tau(    7) = (    0.44925    0.28896   -0.00001  )
        8  H       1.0079   tau(    8) = (    0.55075    0.71604   -0.00001  )
        9  H       1.0079   tau(    9) = (    0.94925    0.21354    0.33252  )
       10  H       1.0079   tau(   10) = (    0.05075    0.79145    0.33252  )
       11  H       1.0079   tau(   11) = (    0.71771    0.40045    0.00000  )
       12  H       1.0079   tau(   12) = (    0.28229    0.60454    0.00000  )
       13  H       1.0079   tau(   13) = (    0.21771    0.10204    0.33251  )
       14  H       1.0079   tau(   14) = (    0.78229    0.90295    0.33251  )
       15  H       1.0079   tau(   15) = (    0.65746    0.15745    0.51883  )
       16  H       1.0079   tau(   16) = (    0.34254    0.84755    0.51883  )
       17  H       1.0079   tau(   17) = (    0.15746    0.34505    0.47870  )
       18  H       1.0079   tau(   18) = (    0.84254    0.65994    0.47870  )
       19  H       1.0079   tau(   19) = (    0.34255    0.84755    0.14620  )
       20  H       1.0079   tau(   20) = (    0.65745    0.15745    0.14620  )
       21  H       1.0079   tau(   21) = (    0.84255    0.65995    0.18631  )
       22  H       1.0079   tau(   22) = (    0.15745    0.34505    0.18631  )

     Computing dynamical matrix for 
                    q = (   0.0000000  -0.4975148  -0.7518535 )

      5 Sym.Ops. (with q -> -q+G )


     G cutoff = 3504.0696  (  24200 G-vectors)     FFT grid: (120,120, 80)
     G cutoff = 1752.0348  (   8556 G-vectors)  smooth grid: ( 90, 90, 60)
     number of k points=    54

     PseudoPot. # 1 for B  read from file:
     /home/mehlhorn/pseudos/b_pbesol_v1.4.uspp.F.UPF
     MD5 check sum: 369b69bef2c3aeed4453bd8b804fd6a8
     Pseudo is Ultrasoft + core correction, Zval =  3.0
     Generated by new atomic code, or converted to UPF format
     Using radial grid of  781 points,  4 beta functions with: 
                l(1) =   0
                l(2) =   0
                l(3) =   1
                l(4) =   1
     Q(r) pseudized with  8 coefficients,  rinner =    1.100   1.100   1.100


     PseudoPot. # 2 for Ba read from file:
     /home/mehlhorn/pseudos/Ba.nc.z_10.oncvpsp4.dojo.v4-sp.upf
     MD5 check sum: c10ed334bb677c0554edec7181ce9143
     Pseudo is Norm-conserving + core correction, Zval = 10.0
     Generated using ONCVPSP code by D. R. Hamann
     Using radial grid of 1938 points,  8 beta functions with: 
                l(1) =   0
                l(2) =   0
                l(3) =   1
                l(4) =   1
                l(5) =   2
                l(6) =   2
                l(7) =   3
                l(8) =   3

     PseudoPot. # 3 for H  read from file:
     /home/mehlhorn/pseudos/H_ONCV_PBEsol-1.0.upf
     MD5 check sum: 398ef8f67c0a7342c05c87c5e19ea467
     Pseudo is Norm-conserving, Zval =  1.0
     Generated using ONCVPSP code by D. R. Hamann
     Using radial grid of 1180 points,  2 beta functions with: 
                l(1) =   0
                l(2) =   0


     Atomic displacements:
     There are   33 irreducible representations

     Representation     1      2 modes -  To be done

     Representation     2      2 modes -  To be done

     Representation     3      2 modes -  To be done

     Representation     4      2 modes -  To be done

     Representation     5      2 modes -  To be done

     Representation     6      2 modes -  To be done

     Representation     7      2 modes -  To be done

     Representation     8      2 modes -  To be done

     Representation     9      2 modes -  To be done

     Representation    10      2 modes -  To be done

     Representation    11      2 modes -  To be done

     Representation    12      2 modes -  To be done

     Representation    13      2 modes -  To be done

     Representation    14      2 modes -  To be done

     Representation    15      2 modes -  To be done

     Representation    16      2 modes -  To be done

     Representation    17      2 modes -  To be done

     Representation    18      2 modes -  To be done

     Representation    19      2 modes -  To be done

     Representation    20      2 modes -  To be done

     Representation    21      2 modes -  To be done

     Representation    22      2 modes -  To be done

     Representation    23      2 modes -  To be done

     Representation    24      2 modes -  To be done

     Representation    25      2 modes -  To be done

     Representation    26      2 modes -  To be done

     Representation    27      2 modes -  To be done

     Representation    28      2 modes -  To be done

     Representation    29      2 modes -  To be done

     Representation    30      2 modes -  To be done

     Representation    31      2 modes -  To be done

     Representation    32      2 modes -  To be done

     Representation    33      2 modes -  To be done



     Alpha used in Ewald sum =   2.8000
     PHONON       :   1d 6h34m CPU   1d 6h54m WALL



     Representation #   1 modes #   1   2

     Self-consistent Calculation

      iter #   1 total cpu time :111358.3 secs   av.it.:   4.9
      thresh= 1.000E-02 alpha_mix =  0.700 |ddv_scf|^2 =  9.954E-09

      iter #   2 total cpu time :111562.7 secs   av.it.:  16.5
      thresh= 9.977E-06 alpha_mix =  0.700 |ddv_scf|^2 =  7.729E-09

      iter #   3 total cpu time :111755.5 secs   av.it.:  15.5
      thresh= 8.792E-06 alpha_mix =  0.700 |ddv_scf|^2 =  3.235E-11

      iter #   4 total cpu time :111957.8 secs   av.it.:  16.2
      thresh= 5.688E-07 alpha_mix =  0.700 |ddv_scf|^2 =  2.207E-12

      iter #   5 total cpu time :112161.4 secs   av.it.:  16.6
      thresh= 1.486E-07 alpha_mix =  0.700 |ddv_scf|^2 =  1.515E-13

      iter #   6 total cpu time :112367.8 secs   av.it.:  17.0
      thresh= 3.892E-08 alpha_mix =  0.700 |ddv_scf|^2 =  8.161E-15

     End of self-consistent calculation

     Convergence has been achieved 


     Representation #   2 modes #   3   4

     Self-consistent Calculation

      iter #   1 total cpu time :112457.3 secs   av.it.:   3.0
      thresh= 1.000E-02 alpha_mix =  0.700 |ddv_scf|^2 =  1.011E-09

      iter #   2 total cpu time :112660.4 secs   av.it.:  16.4
      thresh= 3.180E-06 alpha_mix =  0.700 |ddv_scf|^2 =  6.465E-10

      iter #   3 total cpu time :112854.2 secs   av.it.:  15.9
      thresh= 2.543E-06 alpha_mix =  0.700 |ddv_scf|^2 =  5.212E-12

      iter #   4 total cpu time :113055.9 secs   av.it.:  16.1
      thresh= 2.283E-07 alpha_mix =  0.700 |ddv_scf|^2 =  3.982E-13

      iter #   5 total cpu time :113258.8 secs   av.it.:  16.4
      thresh= 6.311E-08 alpha_mix =  0.700 |ddv_scf|^2 =  1.071E-14

      iter #   6 total cpu time :113463.0 secs   av.it.:  16.8
      thresh= 1.035E-08 alpha_mix =  0.700 |ddv_scf|^2 =  1.230E-15

     End of self-consistent calculation

     Convergence has been achieved 


     Representation #   3 modes #   5   6

     Self-consistent Calculation

      iter #   1 total cpu time :113553.8 secs   av.it.:   3.7
      thresh= 1.000E-02 alpha_mix =  0.700 |ddv_scf|^2 =  1.134E-09

      iter #   2 total cpu time :113760.9 secs   av.it.:  17.0
      thresh= 3.368E-06 alpha_mix =  0.700 |ddv_scf|^2 =  6.790E-10

      iter #   3 total cpu time :113958.8 secs   av.it.:  16.0
      thresh= 2.606E-06 alpha_mix =  0.700 |ddv_scf|^2 =  2.982E-12

      iter #   4 total cpu time :114163.1 secs   av.it.:  16.8
      thresh= 1.727E-07 alpha_mix =  0.700 |ddv_scf|^2 =  3.836E-13

      iter #   5 total cpu time :114365.8 secs   av.it.:  16.0
      thresh= 6.194E-08 alpha_mix =  0.700 |ddv_scf|^2 =  2.587E-14

      iter #   6 total cpu time :114567.3 secs   av.it.:  16.0
      thresh= 1.608E-08 alpha_mix =  0.700 |ddv_scf|^2 =  2.176E-15

     End of self-consistent calculation

     Convergence has been achieved 


     Representation #   4 modes #   7   8

     Self-consistent Calculation

      iter #   1 total cpu time :114656.6 secs   av.it.:   3.2
      thresh= 1.000E-02 alpha_mix =  0.700 |ddv_scf|^2 =  9.864E-10

      iter #   2 total cpu time :114861.8 secs   av.it.:  17.0
      thresh= 3.141E-06 alpha_mix =  0.700 |ddv_scf|^2 =  6.808E-10

      iter #   3 total cpu time :115057.0 secs   av.it.:  16.0
      thresh= 2.609E-06 alpha_mix =  0.700 |ddv_scf|^2 =  4.897E-12

      iter #   4 total cpu time :115256.2 secs   av.it.:  16.1
      thresh= 2.213E-07 alpha_mix =  0.700 |ddv_scf|^2 =  3.450E-13

      iter #   5 total cpu time :115455.5 secs   av.it.:  16.8
      thresh= 5.874E-08 alpha_mix =  0.700 |ddv_scf|^2 =  2.380E-14

      iter #   6 total cpu time :115651.5 secs   av.it.:  16.1
      thresh= 1.543E-08 alpha_mix =  0.700 |ddv_scf|^2 =  2.110E-15

     End of self-consistent calculation

     Convergence has been achieved 


     Representation #   5 modes #   9  10

     Self-consistent Calculation

      iter #   1 total cpu time :115741.3 secs   av.it.:   3.5
      thresh= 1.000E-02 alpha_mix =  0.700 |ddv_scf|^2 =  1.911E-09

      iter #   2 total cpu time :115939.7 secs   av.it.:  16.6
      thresh= 4.371E-06 alpha_mix =  0.700 |ddv_scf|^2 =  1.374E-09

      iter #   3 total cpu time :116135.1 secs   av.it.:  15.9
      thresh= 3.707E-06 alpha_mix =  0.700 |ddv_scf|^2 =  1.475E-12

      iter #   4 total cpu time :116340.8 secs   av.it.:  16.9
      thresh= 1.214E-07 alpha_mix =  0.700 |ddv_scf|^2 =  5.384E-13

      iter #   5 total cpu time :116538.8 secs   av.it.:  16.0
      thresh= 7.337E-08 alpha_mix =  0.700 |ddv_scf|^2 =  2.014E-14

      iter #   6 total cpu time :116740.8 secs   av.it.:  16.0
      thresh= 1.419E-08 alpha_mix =  0.700 |ddv_scf|^2 =  1.405E-15

     End of self-consistent calculation

     Convergence has been achieved 


     Representation #   6 modes #  11  12

     Self-consistent Calculation

      iter #   1 total cpu time :116830.4 secs   av.it.:   3.2
      thresh= 1.000E-02 alpha_mix =  0.700 |ddv_scf|^2 =  1.248E-09

      iter #   2 total cpu time :117036.0 secs   av.it.:  16.7
      thresh= 3.533E-06 alpha_mix =  0.700 |ddv_scf|^2 =  7.276E-10

      iter #   3 total cpu time :117232.3 secs   av.it.:  15.9
      thresh= 2.697E-06 alpha_mix =  0.700 |ddv_scf|^2 =  1.955E-12

      iter #   4 total cpu time :117438.9 secs   av.it.:  16.9
      thresh= 1.398E-07 alpha_mix =  0.700 |ddv_scf|^2 =  1.984E-13

      iter #   5 total cpu time :117645.9 secs   av.it.:  16.9
      thresh= 4.454E-08 alpha_mix =  0.700 |ddv_scf|^2 =  1.194E-14

      iter #   6 total cpu time :117852.7 secs   av.it.:  17.0
      thresh= 1.093E-08 alpha_mix =  0.700 |ddv_scf|^2 =  1.017E-15

     End of self-consistent calculation

     Convergence has been achieved 


     Representation #   7 modes #  13  14

     Self-consistent Calculation

      iter #   1 total cpu time :117942.9 secs   av.it.:   3.2
      thresh= 1.000E-02 alpha_mix =  0.700 |ddv_scf|^2 =  8.836E-10

      iter #   2 total cpu time :118150.5 secs   av.it.:  17.0
      thresh= 2.973E-06 alpha_mix =  0.700 |ddv_scf|^2 =  5.224E-10

      iter #   3 total cpu time :118349.6 secs   av.it.:  16.0
      thresh= 2.286E-06 alpha_mix =  0.700 |ddv_scf|^2 =  5.784E-12

      iter #   4 total cpu time :118548.7 secs   av.it.:  16.0
      thresh= 2.405E-07 alpha_mix =  0.700 |ddv_scf|^2 =  5.140E-13

      iter #   5 total cpu time :118742.7 secs   av.it.:  16.0
      thresh= 7.169E-08 alpha_mix =  0.700 |ddv_scf|^2 =  3.744E-14

      iter #   6 total cpu time :118941.1 secs   av.it.:  16.0
      thresh= 1.935E-08 alpha_mix =  0.700 |ddv_scf|^2 =  1.446E-15

     End of self-consistent calculation

     Convergence has been achieved 


     Representation #   8 modes #  15  16

     Self-consistent Calculation

      iter #   1 total cpu time :119066.3 secs   av.it.:   6.7
      thresh= 1.000E-02 alpha_mix =  0.700 |ddv_scf|^2 =  8.695E-08

      iter #   2 total cpu time :119256.2 secs   av.it.:  16.0
      thresh= 2.949E-05 alpha_mix =  0.700 |ddv_scf|^2 =  7.513E-08

      iter #   3 total cpu time :119446.1 secs   av.it.:  15.5
      thresh= 2.741E-05 alpha_mix =  0.700 |ddv_scf|^2 =  1.112E-10

      iter #   4 total cpu time :119649.5 secs   av.it.:  16.7
      thresh= 1.055E-06 alpha_mix =  0.700 |ddv_scf|^2 =  3.394E-12

      iter #   5 total cpu time :119849.9 secs   av.it.:  16.0
      thresh= 1.842E-07 alpha_mix =  0.700 |ddv_scf|^2 =  9.767E-14

      iter #   6 total cpu time :120055.5 secs   av.it.:  16.9
      thresh= 3.125E-08 alpha_mix =  0.700 |ddv_scf|^2 =  2.025E-14

      iter #   7 total cpu time :120256.3 secs   av.it.:  16.0
      thresh= 1.423E-08 alpha_mix =  0.700 |ddv_scf|^2 =  2.930E-15

     End of self-consistent calculation

     Convergence has been achieved 


     Representation #   9 modes #  17  18

     Self-consistent Calculation

      iter #   1 total cpu time :120359.5 secs   av.it.:   4.7
      thresh= 1.000E-02 alpha_mix =  0.700 |ddv_scf|^2 =  4.275E-09

      iter #   2 total cpu time :120566.4 secs   av.it.:  17.0
      thresh= 6.538E-06 alpha_mix =  0.700 |ddv_scf|^2 =  2.129E-09

      iter #   3 total cpu time :120764.4 secs   av.it.:  16.0
      thresh= 4.614E-06 alpha_mix =  0.700 |ddv_scf|^2 =  5.616E-11

      iter #   4 total cpu time :120964.5 secs   av.it.:  16.0
      thresh= 7.494E-07 alpha_mix =  0.700 |ddv_scf|^2 =  1.467E-12

      iter #   5 total cpu time :121169.9 secs   av.it.:  16.8
      thresh= 1.211E-07 alpha_mix =  0.700 |ddv_scf|^2 =  2.059E-13

      iter #   6 total cpu time :121374.2 secs   av.it.:  16.4
      thresh= 4.537E-08 alpha_mix =  0.700 |ddv_scf|^2 =  9.689E-15

     End of self-consistent calculation

     Convergence has been achieved 


     Representation #  10 modes #  19  20

     Self-consistent Calculation

      iter #   1 total cpu time :121462.0 secs   av.it.:   3.1
      thresh= 1.000E-02 alpha_mix =  0.700 |ddv_scf|^2 =  3.639E-10

      iter #   2 total cpu time :121673.6 secs   av.it.:  17.0
      thresh= 1.908E-06 alpha_mix =  0.700 |ddv_scf|^2 =  1.458E-10

      iter #   3 total cpu time :121877.6 secs   av.it.:  16.3
      thresh= 1.207E-06 alpha_mix =  0.700 |ddv_scf|^2 =  3.998E-12

      iter #   4 total cpu time :122079.2 secs   av.it.:  16.0
      thresh= 1.999E-07 alpha_mix =  0.700 |ddv_scf|^2 =  3.764E-13

      iter #   5 total cpu time :122280.9 secs   av.it.:  16.0
      thresh= 6.135E-08 alpha_mix =  0.700 |ddv_scf|^2 =  1.925E-14

      iter #   6 total cpu time :122482.2 secs   av.it.:  16.0
      thresh= 1.387E-08 alpha_mix =  0.700 |ddv_scf|^2 =  1.616E-15

     End of self-consistent calculation

     Convergence has been achieved 


     Representation #  11 modes #  21  22

     Self-consistent Calculation

      iter #   1 total cpu time :122571.1 secs   av.it.:   3.0
      thresh= 1.000E-02 alpha_mix =  0.700 |ddv_scf|^2 =  6.947E-10

      iter #   2 total cpu time :122780.9 secs   av.it.:  17.0
      thresh= 2.636E-06 alpha_mix =  0.700 |ddv_scf|^2 =  4.221E-10

      iter #   3 total cpu time :122980.3 secs   av.it.:  16.0
      thresh= 2.055E-06 alpha_mix =  0.700 |ddv_scf|^2 =  4.603E-12

      iter #   4 total cpu time :123180.9 secs   av.it.:  16.0
      thresh= 2.145E-07 alpha_mix =  0.700 |ddv_scf|^2 =  4.955E-13

      iter #   5 total cpu time :123383.3 secs   av.it.:  16.0
      thresh= 7.039E-08 alpha_mix =  0.700 |ddv_scf|^2 =  2.618E-14

      iter #   6 total cpu time :123578.9 secs   av.it.:  16.0
      thresh= 1.618E-08 alpha_mix =  0.700 |ddv_scf|^2 =  2.611E-15

     End of self-consistent calculation

     Convergence has been achieved 


     Representation #  12 modes #  23  24

     Self-consistent Calculation

      iter #   1 total cpu time :123664.1 secs   av.it.:   3.0
      thresh= 1.000E-02 alpha_mix =  0.700 |ddv_scf|^2 =  4.429E-10

      iter #   2 total cpu time :123860.4 secs   av.it.:  16.8
      thresh= 2.105E-06 alpha_mix =  0.700 |ddv_scf|^2 =  1.545E-10

      iter #   3 total cpu time :124060.5 secs   av.it.:  16.0
      thresh= 1.243E-06 alpha_mix =  0.700 |ddv_scf|^2 =  2.650E-12

      iter #   4 total cpu time :124255.5 secs   av.it.:  16.3
      thresh= 1.628E-07 alpha_mix =  0.700 |ddv_scf|^2 =  1.780E-13

      iter #   5 total cpu time :124449.9 secs   av.it.:  16.4
      thresh= 4.219E-08 alpha_mix =  0.700 |ddv_scf|^2 =  1.466E-14

      iter #   6 total cpu time :124644.6 secs   av.it.:  16.4
      thresh= 1.211E-08 alpha_mix =  0.700 |ddv_scf|^2 =  7.526E-16

     End of self-consistent calculation

     Convergence has been achieved 


     Representation #  13 modes #  25  26

     Self-consistent Calculation

      iter #   1 total cpu time :124731.0 secs   av.it.:   3.0
      thresh= 1.000E-02 alpha_mix =  0.700 |ddv_scf|^2 =  8.933E-10

      iter #   2 total cpu time :124927.4 secs   av.it.:  16.9
      thresh= 2.989E-06 alpha_mix =  0.700 |ddv_scf|^2 =  5.375E-10

      iter #   3 total cpu time :125123.9 secs   av.it.:  16.0
      thresh= 2.318E-06 alpha_mix =  0.700 |ddv_scf|^2 =  2.819E-12

      iter #   4 total cpu time :125326.3 secs   av.it.:  16.1
      thresh= 1.679E-07 alpha_mix =  0.700 |ddv_scf|^2 =  4.890E-13

      iter #   5 total cpu time :125524.5 secs   av.it.:  16.0
      thresh= 6.993E-08 alpha_mix =  0.700 |ddv_scf|^2 =  2.366E-14

      iter #   6 total cpu time :125722.9 secs   av.it.:  16.0
      thresh= 1.538E-08 alpha_mix =  0.700 |ddv_scf|^2 =  2.340E-15

     End of self-consistent calculation

     Convergence has been achieved 


     Representation #  14 modes #  27  28

     Self-consistent Calculation

      iter #   1 total cpu time :125810.7 secs   av.it.:   3.0
      thresh= 1.000E-02 alpha_mix =  0.700 |ddv_scf|^2 =  7.740E-10

      iter #   2 total cpu time :126005.8 secs   av.it.:  16.9
      thresh= 2.782E-06 alpha_mix =  0.700 |ddv_scf|^2 =  3.444E-10

      iter #   3 total cpu time :126194.0 secs   av.it.:  16.0
      thresh= 1.856E-06 alpha_mix =  0.700 |ddv_scf|^2 =  9.180E-13

      iter #   4 total cpu time :126389.7 secs   av.it.:  17.0
      thresh= 9.581E-08 alpha_mix =  0.700 |ddv_scf|^2 =  2.914E-13

      iter #   5 total cpu time :126578.5 secs   av.it.:  16.0
      thresh= 5.398E-08 alpha_mix =  0.700 |ddv_scf|^2 =  6.446E-15

     End of self-consistent calculation

     Convergence has been achieved 


     Representation #  15 modes #  29  30

     Self-consistent Calculation

      iter #   1 total cpu time :126667.8 secs   av.it.:   4.0
      thresh= 1.000E-02 alpha_mix =  0.700 |ddv_scf|^2 =  1.656E-09

      iter #   2 total cpu time :126873.6 secs   av.it.:  16.9
      thresh= 4.069E-06 alpha_mix =  0.700 |ddv_scf|^2 =  1.202E-09

      iter #   3 total cpu time :127070.1 secs   av.it.:  16.0
      thresh= 3.467E-06 alpha_mix =  0.700 |ddv_scf|^2 =  6.162E-12

      iter #   4 total cpu time :127273.8 secs   av.it.:  16.1
      thresh= 2.482E-07 alpha_mix =  0.700 |ddv_scf|^2 =  4.564E-13

      iter #   5 total cpu time :127476.1 secs   av.it.:  16.1
      thresh= 6.756E-08 alpha_mix =  0.700 |ddv_scf|^2 =  4.898E-14

      iter #   6 total cpu time :127675.5 secs   av.it.:  16.0
      thresh= 2.213E-08 alpha_mix =  0.700 |ddv_scf|^2 =  2.705E-15

     End of self-consistent calculation

     Convergence has been achieved 


     Representation #  16 modes #  31  32

     Self-consistent Calculation

      iter #   1 total cpu time :127761.1 secs   av.it.:   3.0
      thresh= 1.000E-02 alpha_mix =  0.700 |ddv_scf|^2 =  4.470E-10

      iter #   2 total cpu time :127953.6 secs   av.it.:  16.8
      thresh= 2.114E-06 alpha_mix =  0.700 |ddv_scf|^2 =  2.487E-10

      iter #   3 total cpu time :128141.3 secs   av.it.:  16.0
      thresh= 1.577E-06 alpha_mix =  0.700 |ddv_scf|^2 =  4.396E-12

      iter #   4 total cpu time :128333.1 secs   av.it.:  16.0
      thresh= 2.097E-07 alpha_mix =  0.700 |ddv_scf|^2 =  3.420E-13

      iter #   5 total cpu time :128532.3 secs   av.it.:  16.0
      thresh= 5.848E-08 alpha_mix =  0.700 |ddv_scf|^2 =  2.007E-14

      iter #   6 total cpu time :128717.7 secs   av.it.:  16.0
      thresh= 1.417E-08 alpha_mix =  0.700 |ddv_scf|^2 =  1.184E-15

     End of self-consistent calculation

     Convergence has been achieved 


     Representation #  17 modes #  33  34

     Self-consistent Calculation

      iter #   1 total cpu time :128816.6 secs   av.it.:   5.0
      thresh= 1.000E-02 alpha_mix =  0.700 |ddv_scf|^2 =  6.556E-09

      iter #   2 total cpu time :129009.8 secs   av.it.:  17.0
      thresh= 8.097E-06 alpha_mix =  0.700 |ddv_scf|^2 =  3.660E-09

      iter #   3 total cpu time :129196.8 secs   av.it.:  16.0
      thresh= 6.049E-06 alpha_mix =  0.700 |ddv_scf|^2 =  3.111E-11

      iter #   4 total cpu time :129390.4 secs   av.it.:  16.0
      thresh= 5.578E-07 alpha_mix =  0.700 |ddv_scf|^2 =  2.621E-12

      iter #   5 total cpu time :129584.8 secs   av.it.:  16.2
      thresh= 1.619E-07 alpha_mix =  0.700 |ddv_scf|^2 =  2.804E-13

      iter #   6 total cpu time :129773.9 secs   av.it.:  16.0
      thresh= 5.295E-08 alpha_mix =  0.700 |ddv_scf|^2 =  1.841E-14

      iter #   7 total cpu time :129966.4 secs   av.it.:  17.0
      thresh= 1.357E-08 alpha_mix =  0.700 |ddv_scf|^2 =  2.397E-15

     End of self-consistent calculation

     Convergence has been achieved 


     Representation #  18 modes #  35  36

     Self-consistent Calculation

      iter #   1 total cpu time :130051.7 secs   av.it.:   3.1
      thresh= 1.000E-02 alpha_mix =  0.700 |ddv_scf|^2 =  5.951E-10

      iter #   2 total cpu time :130260.3 secs   av.it.:  17.0
      thresh= 2.439E-06 alpha_mix =  0.700 |ddv_scf|^2 =  3.175E-10

      iter #   3 total cpu time :130461.4 secs   av.it.:  16.0
      thresh= 1.782E-06 alpha_mix =  0.700 |ddv_scf|^2 =  5.580E-12

      iter #   4 total cpu time :130662.5 secs   av.it.:  16.0
      thresh= 2.362E-07 alpha_mix =  0.700 |ddv_scf|^2 =  4.686E-13

      iter #   5 total cpu time :130867.0 secs   av.it.:  16.4
      thresh= 6.845E-08 alpha_mix =  0.700 |ddv_scf|^2 =  1.851E-14

      iter #   6 total cpu time :131065.7 secs   av.it.:  16.4
      thresh= 1.361E-08 alpha_mix =  0.700 |ddv_scf|^2 =  2.161E-15

     End of self-consistent calculation

     Convergence has been achieved 


     Representation #  19 modes #  37  38

     Self-consistent Calculation

      iter #   1 total cpu time :131185.9 secs   av.it.:   6.6
      thresh= 1.000E-02 alpha_mix =  0.700 |ddv_scf|^2 =  2.030E-08

      iter #   2 total cpu time :131381.9 secs   av.it.:  16.9
      thresh= 1.425E-05 alpha_mix =  0.700 |ddv_scf|^2 =  7.163E-09

      iter #   3 total cpu time :131572.4 secs   av.it.:  15.9
      thresh= 8.463E-06 alpha_mix =  0.700 |ddv_scf|^2 =  3.355E-11

      iter #   4 total cpu time :131763.7 secs   av.it.:  16.0
      thresh= 5.793E-07 alpha_mix =  0.700 |ddv_scf|^2 =  9.231E-12

      iter #   5 total cpu time :131951.2 secs   av.it.:  15.9
      thresh= 3.038E-07 alpha_mix =  0.700 |ddv_scf|^2 =  8.496E-14

      iter #   6 total cpu time :132146.3 secs   av.it.:  16.7
      thresh= 2.915E-08 alpha_mix =  0.700 |ddv_scf|^2 =  2.078E-15

     End of self-consistent calculation

     Convergence has been achieved 


     Representation #  20 modes #  39  40

     Self-consistent Calculation

      iter #   1 total cpu time :132234.0 secs   av.it.:   3.2
      thresh= 1.000E-02 alpha_mix =  0.700 |ddv_scf|^2 =  7.547E-10

      iter #   2 total cpu time :132434.7 secs   av.it.:  17.0
      thresh= 2.747E-06 alpha_mix =  0.700 |ddv_scf|^2 =  4.509E-10

      iter #   3 total cpu time :132632.8 secs   av.it.:  16.0
      thresh= 2.123E-06 alpha_mix =  0.700 |ddv_scf|^2 =  2.761E-12

      iter #   4 total cpu time :132837.0 secs   av.it.:  16.4
      thresh= 1.662E-07 alpha_mix =  0.700 |ddv_scf|^2 =  7.216E-13

      iter #   5 total cpu time :133034.5 secs   av.it.:  16.0
      thresh= 8.495E-08 alpha_mix =  0.700 |ddv_scf|^2 =  1.379E-14

      iter #   6 total cpu time :133242.3 secs   av.it.:  17.0
      thresh= 1.174E-08 alpha_mix =  0.700 |ddv_scf|^2 =  1.573E-15

     End of self-consistent calculation

     Convergence has been achieved 


     Representation #  21 modes #  41  42

     Self-consistent Calculation

      iter #   1 total cpu time :133342.5 secs   av.it.:   4.5
      thresh= 1.000E-02 alpha_mix =  0.700 |ddv_scf|^2 =  2.064E-09

      iter #   2 total cpu time :133550.7 secs   av.it.:  17.0
      thresh= 4.543E-06 alpha_mix =  0.700 |ddv_scf|^2 =  3.340E-10

      iter #   3 total cpu time :133754.6 secs   av.it.:  16.3
      thresh= 1.828E-06 alpha_mix =  0.700 |ddv_scf|^2 =  2.550E-11

      iter #   4 total cpu time :133953.7 secs   av.it.:  16.0
      thresh= 5.050E-07 alpha_mix =  0.700 |ddv_scf|^2 =  1.223E-12

      iter #   5 total cpu time :134151.1 secs   av.it.:  16.5
      thresh= 1.106E-07 alpha_mix =  0.700 |ddv_scf|^2 =  1.414E-13

      iter #   6 total cpu time :134350.5 secs   av.it.:  16.9
      thresh= 3.760E-08 alpha_mix =  0.700 |ddv_scf|^2 =  2.394E-15

     End of self-consistent calculation

     Convergence has been achieved 


     Representation #  22 modes #  43  44

     Self-consistent Calculation

      iter #   1 total cpu time :134438.0 secs   av.it.:   3.0
      thresh= 1.000E-02 alpha_mix =  0.700 |ddv_scf|^2 =  5.591E-10

      iter #   2 total cpu time :134634.3 secs   av.it.:  17.0
      thresh= 2.365E-06 alpha_mix =  0.700 |ddv_scf|^2 =  2.676E-10

      iter #   3 total cpu time :134824.0 secs   av.it.:  16.0
      thresh= 1.636E-06 alpha_mix =  0.700 |ddv_scf|^2 =  3.731E-12

      iter #   4 total cpu time :135016.3 secs   av.it.:  16.0
      thresh= 1.932E-07 alpha_mix =  0.700 |ddv_scf|^2 =  6.962E-13

      iter #   5 total cpu time :135214.2 secs   av.it.:  16.0
      thresh= 8.344E-08 alpha_mix =  0.700 |ddv_scf|^2 =  1.249E-14

      iter #   6 total cpu time :135407.5 secs   av.it.:  16.9
      thresh= 1.118E-08 alpha_mix =  0.700 |ddv_scf|^2 =  1.398E-15

     End of self-consistent calculation

     Convergence has been achieved 


     Representation #  23 modes #  45  46

     Self-consistent Calculation

      iter #   1 total cpu time :135493.5 secs   av.it.:   3.0
      thresh= 1.000E-02 alpha_mix =  0.700 |ddv_scf|^2 =  7.272E-10

      iter #   2 total cpu time :135700.3 secs   av.it.:  17.0
      thresh= 2.697E-06 alpha_mix =  0.700 |ddv_scf|^2 =  3.999E-10

      iter #   3 total cpu time :135898.4 secs   av.it.:  16.0
      thresh= 2.000E-06 alpha_mix =  0.700 |ddv_scf|^2 =  6.241E-12

      iter #   4 total cpu time :136100.0 secs   av.it.:  16.0
      thresh= 2.498E-07 alpha_mix =  0.700 |ddv_scf|^2 =  6.339E-13

      iter #   5 total cpu time :136303.6 secs   av.it.:  16.2
      thresh= 7.962E-08 alpha_mix =  0.700 |ddv_scf|^2 =  1.912E-14

      iter #   6 total cpu time :136507.3 secs   av.it.:  16.1
      thresh= 1.383E-08 alpha_mix =  0.700 |ddv_scf|^2 =  1.163E-15

     End of self-consistent calculation

     Convergence has been achieved 


     Representation #  24 modes #  47  48

     Self-consistent Calculation

      iter #   1 total cpu time :136594.5 secs   av.it.:   3.0
      thresh= 1.000E-02 alpha_mix =  0.700 |ddv_scf|^2 =  6.037E-10

      iter #   2 total cpu time :136795.4 secs   av.it.:  17.0
      thresh= 2.457E-06 alpha_mix =  0.700 |ddv_scf|^2 =  3.439E-10

      iter #   3 total cpu time :136992.0 secs   av.it.:  16.0
      thresh= 1.854E-06 alpha_mix =  0.700 |ddv_scf|^2 =  3.585E-12

      iter #   4 total cpu time :137186.5 secs   av.it.:  16.2
      thresh= 1.893E-07 alpha_mix =  0.700 |ddv_scf|^2 =  4.742E-13

      iter #   5 total cpu time :137386.5 secs   av.it.:  16.2
      thresh= 6.886E-08 alpha_mix =  0.700 |ddv_scf|^2 =  2.470E-14

      iter #   6 total cpu time :137584.7 secs   av.it.:  16.0
      thresh= 1.572E-08 alpha_mix =  0.700 |ddv_scf|^2 =  2.307E-15

     End of self-consistent calculation

     Convergence has been achieved 


     Representation #  25 modes #  49  50

     Self-consistent Calculation

      iter #   1 total cpu time :137668.9 secs   av.it.:   3.0
      thresh= 1.000E-02 alpha_mix =  0.700 |ddv_scf|^2 =  3.125E-10

      iter #   2 total cpu time :137863.8 secs   av.it.:  17.0
      thresh= 1.768E-06 alpha_mix =  0.700 |ddv_scf|^2 =  1.570E-10

      iter #   3 total cpu time :138050.8 secs   av.it.:  16.0
      thresh= 1.253E-06 alpha_mix =  0.700 |ddv_scf|^2 =  4.358E-12

      iter #   4 total cpu time :138250.3 secs   av.it.:  16.0
      thresh= 2.088E-07 alpha_mix =  0.700 |ddv_scf|^2 =  2.930E-13

      iter #   5 total cpu time :138452.5 secs   av.it.:  16.0
      thresh= 5.413E-08 alpha_mix =  0.700 |ddv_scf|^2 =  1.130E-14

      iter #   6 total cpu time :138647.4 secs   av.it.:  16.7
      thresh= 1.063E-08 alpha_mix =  0.700 |ddv_scf|^2 =  6.647E-16

     End of self-consistent calculation

     Convergence has been achieved 


     Representation #  26 modes #  51  52

     Self-consistent Calculation

      iter #   1 total cpu time :138771.5 secs   av.it.:   6.5
      thresh= 1.000E-02 alpha_mix =  0.700 |ddv_scf|^2 =  3.564E-08

      iter #   2 total cpu time :138973.1 secs   av.it.:  16.4
      thresh= 1.888E-05 alpha_mix =  0.700 |ddv_scf|^2 =  2.839E-08

      iter #   3 total cpu time :139156.4 secs   av.it.:  15.6
      thresh= 1.685E-05 alpha_mix =  0.700 |ddv_scf|^2 =  1.756E-10

      iter #   4 total cpu time :139348.2 secs   av.it.:  16.0
      thresh= 1.325E-06 alpha_mix =  0.700 |ddv_scf|^2 =  6.888E-12

      iter #   5 total cpu time :139543.2 secs   av.it.:  16.8
      thresh= 2.624E-07 alpha_mix =  0.700 |ddv_scf|^2 =  5.769E-13

      iter #   6 total cpu time :139737.1 secs   av.it.:  16.9
      thresh= 7.595E-08 alpha_mix =  0.700 |ddv_scf|^2 =  9.202E-15

     End of self-consistent calculation

     Convergence has been achieved 


     Representation #  27 modes #  53  54

     Self-consistent Calculation

      iter #   1 total cpu time :139837.1 secs   av.it.:   4.6
      thresh= 1.000E-02 alpha_mix =  0.700 |ddv_scf|^2 =  3.115E-09

      iter #   2 total cpu time :140043.1 secs   av.it.:  17.0
      thresh= 5.581E-06 alpha_mix =  0.700 |ddv_scf|^2 =  1.694E-09

      iter #   3 total cpu time :140230.1 secs   av.it.:  16.0
      thresh= 4.115E-06 alpha_mix =  0.700 |ddv_scf|^2 =  4.020E-11

      iter #   4 total cpu time :140419.7 secs   av.it.:  16.0
      thresh= 6.340E-07 alpha_mix =  0.700 |ddv_scf|^2 =  1.233E-12

      iter #   5 total cpu time :140622.9 secs   av.it.:  17.0
      thresh= 1.110E-07 alpha_mix =  0.700 |ddv_scf|^2 =  1.686E-13

      iter #   6 total cpu time :140824.0 secs   av.it.:  16.8
      thresh= 4.106E-08 alpha_mix =  0.700 |ddv_scf|^2 =  6.559E-15

     End of self-consistent calculation

     Convergence has been achieved 


     Representation #  28 modes #  55  56

     Self-consistent Calculation

      iter #   1 total cpu time :140909.8 secs   av.it.:   3.2
      thresh= 1.000E-02 alpha_mix =  0.700 |ddv_scf|^2 =  6.136E-10

      iter #   2 total cpu time :141104.7 secs   av.it.:  17.0
      thresh= 2.477E-06 alpha_mix =  0.700 |ddv_scf|^2 =  2.705E-10

      iter #   3 total cpu time :141288.0 secs   av.it.:  16.0
      thresh= 1.645E-06 alpha_mix =  0.700 |ddv_scf|^2 =  1.817E-12

      iter #   4 total cpu time :141475.2 secs   av.it.:  16.4
      thresh= 1.348E-07 alpha_mix =  0.700 |ddv_scf|^2 =  3.307E-13

      iter #   5 total cpu time :141667.2 secs   av.it.:  16.0
      thresh= 5.751E-08 alpha_mix =  0.700 |ddv_scf|^2 =  9.900E-15

     End of self-consistent calculation

     Convergence has been achieved 


     Representation #  29 modes #  57  58

     Self-consistent Calculation

      iter #   1 total cpu time :141770.7 secs   av.it.:   5.0
      thresh= 1.000E-02 alpha_mix =  0.700 |ddv_scf|^2 =  1.103E-08

      iter #   2 total cpu time :141967.8 secs   av.it.:  16.5
      thresh= 1.050E-05 alpha_mix =  0.700 |ddv_scf|^2 =  7.334E-09

      iter #   3 total cpu time :142156.7 secs   av.it.:  15.9
      thresh= 8.564E-06 alpha_mix =  0.700 |ddv_scf|^2 =  2.386E-11

      iter #   4 total cpu time :142354.5 secs   av.it.:  16.7
      thresh= 4.884E-07 alpha_mix =  0.700 |ddv_scf|^2 =  3.555E-12

      iter #   5 total cpu time :142549.3 secs   av.it.:  16.1
      thresh= 1.885E-07 alpha_mix =  0.700 |ddv_scf|^2 =  1.985E-13

      iter #   6 total cpu time :142746.4 secs   av.it.:  16.5
      thresh= 4.455E-08 alpha_mix =  0.700 |ddv_scf|^2 =  2.867E-14

      iter #   7 total cpu time :142942.6 secs   av.it.:  16.2
      thresh= 1.693E-08 alpha_mix =  0.700 |ddv_scf|^2 =  9.782E-16

     End of self-consistent calculation

     Convergence has been achieved 


     Representation #  30 modes #  59  60

     Self-consistent Calculation

      iter #   1 total cpu time :143031.9 secs   av.it.:   3.7
      thresh= 1.000E-02 alpha_mix =  0.700 |ddv_scf|^2 =  6.672E-10

      iter #   2 total cpu time :143235.0 secs   av.it.:  17.0
      thresh= 2.583E-06 alpha_mix =  0.700 |ddv_scf|^2 =  3.304E-10

      iter #   3 total cpu time :143429.9 secs   av.it.:  16.0
      thresh= 1.818E-06 alpha_mix =  0.700 |ddv_scf|^2 =  3.697E-12

      iter #   4 total cpu time :143623.9 secs   av.it.:  16.0
      thresh= 1.923E-07 alpha_mix =  0.700 |ddv_scf|^2 =  5.850E-13

      iter #   5 total cpu time :143816.1 secs   av.it.:  16.0
      thresh= 7.649E-08 alpha_mix =  0.700 |ddv_scf|^2 =  1.429E-14

      iter #   6 total cpu time :144013.5 secs   av.it.:  16.5
      thresh= 1.196E-08 alpha_mix =  0.700 |ddv_scf|^2 =  2.102E-15

     End of self-consistent calculation

     Convergence has been achieved 


     Representation #  31 modes #  61  62

     Self-consistent Calculation

      iter #   1 total cpu time :144102.3 secs   av.it.:   3.3
      thresh= 1.000E-02 alpha_mix =  0.700 |ddv_scf|^2 =  1.380E-09

      iter #   2 total cpu time :144304.3 secs   av.it.:  16.9
      thresh= 3.715E-06 alpha_mix =  0.700 |ddv_scf|^2 =  9.409E-10

      iter #   3 total cpu time :144495.0 secs   av.it.:  16.0
      thresh= 3.067E-06 alpha_mix =  0.700 |ddv_scf|^2 =  4.416E-12

      iter #   4 total cpu time :144690.9 secs   av.it.:  16.2
      thresh= 2.101E-07 alpha_mix =  0.700 |ddv_scf|^2 =  5.722E-13

      iter #   5 total cpu time :144884.9 secs   av.it.:  16.0
      thresh= 7.564E-08 alpha_mix =  0.700 |ddv_scf|^2 =  4.043E-14

      iter #   6 total cpu time :145077.6 secs   av.it.:  16.0
      thresh= 2.011E-08 alpha_mix =  0.700 |ddv_scf|^2 =  2.622E-15

     End of self-consistent calculation

     Convergence has been achieved 


     Representation #  32 modes #  63  64

     Self-consistent Calculation

      iter #   1 total cpu time :145164.0 secs   av.it.:   3.0
      thresh= 1.000E-02 alpha_mix =  0.700 |ddv_scf|^2 =  6.367E-10

      iter #   2 total cpu time :145366.3 secs   av.it.:  17.0
      thresh= 2.523E-06 alpha_mix =  0.700 |ddv_scf|^2 =  3.182E-10

      iter #   3 total cpu time :145558.4 secs   av.it.:  16.0
      thresh= 1.784E-06 alpha_mix =  0.700 |ddv_scf|^2 =  3.695E-12

      iter #   4 total cpu time :145752.9 secs   av.it.:  16.0
      thresh= 1.922E-07 alpha_mix =  0.700 |ddv_scf|^2 =  3.698E-13

      iter #   5 total cpu time :145951.5 secs   av.it.:  16.1
      thresh= 6.081E-08 alpha_mix =  0.700 |ddv_scf|^2 =  2.425E-14

      iter #   6 total cpu time :146150.8 secs   av.it.:  16.0
      thresh= 1.557E-08 alpha_mix =  0.700 |ddv_scf|^2 =  1.430E-15

     End of self-consistent calculation

     Convergence has been achieved 


     Representation #  33 modes #  65  66

     Self-consistent Calculation

      iter #   1 total cpu time :146239.7 secs   av.it.:   3.3
      thresh= 1.000E-02 alpha_mix =  0.700 |ddv_scf|^2 =  6.534E-10

      iter #   2 total cpu time :146439.9 secs   av.it.:  17.0
      thresh= 2.556E-06 alpha_mix =  0.700 |ddv_scf|^2 =  3.175E-10

      iter #   3 total cpu time :146631.4 secs   av.it.:  16.0
      thresh= 1.782E-06 alpha_mix =  0.700 |ddv_scf|^2 =  2.993E-12

      iter #   4 total cpu time :146822.8 secs   av.it.:  16.0
      thresh= 1.730E-07 alpha_mix =  0.700 |ddv_scf|^2 =  5.030E-13

      iter #   5 total cpu time :147010.9 secs   av.it.:  16.0
      thresh= 7.092E-08 alpha_mix =  0.700 |ddv_scf|^2 =  1.764E-14

      iter #   6 total cpu time :147201.6 secs   av.it.:  16.0
      thresh= 1.328E-08 alpha_mix =  0.700 |ddv_scf|^2 =  2.370E-15

     End of self-consistent calculation

     Convergence has been achieved 

     Number of q in the star =    1
     List of q in the star:
          1   0.000000000  -0.497514774  -0.751853469

     Diagonalizing the dynamical matrix

     q = (    0.000000000  -0.497514774  -0.751853469 ) 

 **************************************************************************
     freq (    1) =       1.282928 [THz] =      42.793863 [cm-1]
     freq (    2) =       1.282928 [THz] =      42.793863 [cm-1]
     freq (    3) =       1.490339 [THz] =      49.712365 [cm-1]
     freq (    4) =       1.490339 [THz] =      49.712365 [cm-1]
     freq (    5) =       3.226954 [THz] =     107.639604 [cm-1]
     freq (    6) =       3.226954 [THz] =     107.639604 [cm-1]
     freq (    7) =       4.737953 [THz] =     158.041091 [cm-1]
     freq (    8) =       4.737953 [THz] =     158.041091 [cm-1]
     freq (    9) =       5.261209 [THz] =     175.495047 [cm-1]
     freq (   10) =       5.261209 [THz] =     175.495047 [cm-1]
     freq (   11) =       6.347006 [THz] =     211.713338 [cm-1]
     freq (   12) =       6.347006 [THz] =     211.713338 [cm-1]
     freq (   13) =       6.524940 [THz] =     217.648570 [cm-1]
     freq (   14) =       6.524940 [THz] =     217.648570 [cm-1]
     freq (   15) =       7.121092 [THz] =     237.534055 [cm-1]
     freq (   16) =       7.121092 [THz] =     237.534055 [cm-1]
     freq (   17) =       7.901732 [THz] =     263.573395 [cm-1]
     freq (   18) =       7.901732 [THz] =     263.573395 [cm-1]
     freq (   19) =       8.309947 [THz] =     277.190005 [cm-1]
     freq (   20) =       8.309947 [THz] =     277.190005 [cm-1]
     freq (   21) =       8.438132 [THz] =     281.465796 [cm-1]
     freq (   22) =       8.438132 [THz] =     281.465796 [cm-1]
     freq (   23) =       8.777030 [THz] =     292.770220 [cm-1]
     freq (   24) =       8.777030 [THz] =     292.770220 [cm-1]
     freq (   25) =       9.746086 [THz] =     325.094445 [cm-1]
     freq (   26) =       9.746086 [THz] =     325.094445 [cm-1]
     freq (   27) =      12.200192 [THz] =     406.954614 [cm-1]
     freq (   28) =      12.200192 [THz] =     406.954614 [cm-1]
     freq (   29) =      12.491661 [THz] =     416.676945 [cm-1]
     freq (   30) =      12.491661 [THz] =     416.676945 [cm-1]
     freq (   31) =      30.655184 [THz] =    1022.546868 [cm-1]
     freq (   32) =      30.655184 [THz] =    1022.546868 [cm-1]
     freq (   33) =      30.875254 [THz] =    1029.887617 [cm-1]
     freq (   34) =      30.875254 [THz] =    1029.887617 [cm-1]
     freq (   35) =      31.778358 [THz] =    1060.011925 [cm-1]
     freq (   36) =      31.778358 [THz] =    1060.011925 [cm-1]
     freq (   37) =      31.861939 [THz] =    1062.799887 [cm-1]
     freq (   38) =      31.861939 [THz] =    1062.799887 [cm-1]
     freq (   39) =      32.365942 [THz] =    1079.611615 [cm-1]
     freq (   40) =      32.365942 [THz] =    1079.611615 [cm-1]
     freq (   41) =      32.418058 [THz] =    1081.350011 [cm-1]
     freq (   42) =      32.418058 [THz] =    1081.350011 [cm-1]
     freq (   43) =      35.921637 [THz] =    1198.216846 [cm-1]
     freq (   44) =      35.921637 [THz] =    1198.216846 [cm-1]
     freq (   45) =      35.993322 [THz] =    1200.608003 [cm-1]
     freq (   46) =      35.993322 [THz] =    1200.608003 [cm-1]
     freq (   47) =      36.022340 [THz] =    1201.575919 [cm-1]
     freq (   48) =      36.022340 [THz] =    1201.575919 [cm-1]
     freq (   49) =      36.218687 [THz] =    1208.125341 [cm-1]
     freq (   50) =      36.218687 [THz] =    1208.125341 [cm-1]
     freq (   51) =      68.309934 [THz] =    2278.574135 [cm-1]
     freq (   52) =      68.309934 [THz] =    2278.574135 [cm-1]
     freq (   53) =      68.353228 [THz] =    2280.018262 [cm-1]
     freq (   54) =      68.353228 [THz] =    2280.018262 [cm-1]
     freq (   55) =      70.032335 [THz] =    2336.027240 [cm-1]
     freq (   56) =      70.032335 [THz] =    2336.027240 [cm-1]
     freq (   57) =      70.210280 [THz] =    2341.962856 [cm-1]
     freq (   58) =      70.210280 [THz] =    2341.962856 [cm-1]
     freq (   59) =      70.664458 [THz] =    2357.112597 [cm-1]
     freq (   60) =      70.664458 [THz] =    2357.112597 [cm-1]
     freq (   61) =      70.681787 [THz] =    2357.690625 [cm-1]
     freq (   62) =      70.681787 [THz] =    2357.690625 [cm-1]
     freq (   63) =      71.383216 [THz] =    2381.087801 [cm-1]
     freq (   64) =      71.383216 [THz] =    2381.087801 [cm-1]
     freq (   65) =      71.446864 [THz] =    2383.210846 [cm-1]
     freq (   66) =      71.446864 [THz] =    2383.210846 [cm-1]
 **************************************************************************

     Calculation of q =   -0.5000000   0.0000000   0.0000000

     Parallelization info
     --------------------
     sticks:   dense  smooth     PW     G-vecs:    dense   smooth      PW
     Min         460     230     61                24198     8554    1207
     Max         461     231     62                24201     8557    1210
     Sum       11053    5527   1485               580795   205333   29021

     Using Slab Decomposition



     bravais-lattice index     =            8
     lattice parameter (alat)  =      13.1499  a.u.
     unit-cell volume          =    1519.7234 (a.u.)^3
     number of atoms/cell      =           22
     number of atomic types    =            3
     number of electrons       =        48.00
     number of Kohn-Sham states=           24
     kinetic-energy cutoff     =     100.0000  Ry
     charge density cutoff     =     800.0000  Ry
     Exchange-correlation= PBESOL
                           (   1   4  10   8   0   0   0)

     celldm(1)=  13.149863  celldm(2)=   1.004995  celldm(3)=   0.665023
     celldm(4)=   0.000000  celldm(5)=   0.000000  celldm(6)=   0.000000

     crystal axes: (cart. coord. in units of alat)
               a(1) = (   1.000000   0.000000   0.000000 )  
               a(2) = (   0.000000   1.004995   0.000000 )  
               a(3) = (   0.000000   0.000000   0.665023 )  

     reciprocal axes: (cart. coord. in units 2 pi/alat)
               b(1) = (  1.000000  0.000000  0.000000 )  
               b(2) = (  0.000000  0.995030  0.000000 )  
               b(3) = (  0.000000  0.000000  1.503707 )  


     PseudoPot. # 1 for B  read from file:
     /home/mehlhorn/pseudos/b_pbesol_v1.4.uspp.F.UPF
     MD5 check sum: 369b69bef2c3aeed4453bd8b804fd6a8
     Pseudo is Ultrasoft + core correction, Zval =  3.0
     Generated by new atomic code, or converted to UPF format
     Using radial grid of  781 points,  4 beta functions with: 
                l(1) =   0
                l(2) =   0
                l(3) =   1
                l(4) =   1
     Q(r) pseudized with  8 coefficients,  rinner =    1.100   1.100   1.100


     PseudoPot. # 2 for Ba read from file:
     /home/mehlhorn/pseudos/Ba.nc.z_10.oncvpsp4.dojo.v4-sp.upf
     MD5 check sum: c10ed334bb677c0554edec7181ce9143
     Pseudo is Norm-conserving + core correction, Zval = 10.0
     Generated using ONCVPSP code by D. R. Hamann
     Using radial grid of 1938 points,  8 beta functions with: 
                l(1) =   0
                l(2) =   0
                l(3) =   1
                l(4) =   1
                l(5) =   2
                l(6) =   2
                l(7) =   3
                l(8) =   3

     PseudoPot. # 3 for H  read from file:
     /home/mehlhorn/pseudos/H_ONCV_PBEsol-1.0.upf
     MD5 check sum: 398ef8f67c0a7342c05c87c5e19ea467
     Pseudo is Norm-conserving, Zval =  1.0
     Generated using ONCVPSP code by D. R. Hamann
     Using radial grid of 1180 points,  2 beta functions with: 
                l(1) =   0
                l(2) =   0

     atomic species   valence    mass     pseudopotential
     B                 3.00    10.81100     B ( 1.00)
     Ba               10.00   137.32700     Ba( 1.00)
     H                 1.00     1.00794     H ( 1.00)

      4 Sym. Ops. (no inversion) found



   Cartesian axes

     site n.     atom                  positions (alat units)
         1        Ba     tau(   1) = (   0.5000000   0.5024976   0.3325149  )
         2        Ba     tau(   2) = (   0.0000000   0.0000000   0.6650199  )
         3        B      tau(   3) = (   0.6221553   0.2503544   0.0000034  )
         4        B      tau(   4) = (   0.3778447   0.7546409   0.0000034  )
         5        B      tau(   5) = (   0.1221553   0.2521432   0.3325082  )
         6        B      tau(   6) = (   0.8778447   0.7528520   0.3325082  )
         7        H      tau(   7) = (   0.4492521   0.2889572  -0.0000129  )
         8        H      tau(   8) = (   0.5507479   0.7160381  -0.0000129  )
         9        H      tau(   9) = (   0.9492521   0.2135405   0.3325245  )
        10        H      tau(  10) = (   0.0507479   0.7914548   0.3325245  )
        11        H      tau(  11) = (   0.7177062   0.4004542   0.0000031  )
        12        H      tau(  12) = (   0.2822938   0.6045411   0.0000031  )
        13        H      tau(  13) = (   0.2177062   0.1020434   0.3325085  )
        14        H      tau(  14) = (   0.7822938   0.9029519   0.3325085  )
        15        H      tau(  15) = (   0.6574615   0.1574470   0.5188345  )
        16        H      tau(  16) = (   0.3425385   0.8475482   0.5188345  )
        17        H      tau(  17) = (   0.1574615   0.3450506   0.4787003  )
        18        H      tau(  18) = (   0.8425385   0.6599447   0.4787003  )
        19        H      tau(  19) = (   0.3425472   0.8475474   0.1461992  )
        20        H      tau(  20) = (   0.6574528   0.1574478   0.1461992  )
        21        H      tau(  21) = (   0.8425472   0.6599455   0.1863124  )
        22        H      tau(  22) = (   0.1574528   0.3450498   0.1863124  )

     number of k points=    54
                       cart. coord. in units 2pi/alat
        k(    1) = (   0.0000000   0.0000000   0.0000000), wk =   0.0160000
        k(    2) = (  -0.5000000   0.0000000   0.0000000), wk =   0.0000000
        k(    3) = (   0.0000000   0.0000000   0.3007414), wk =   0.0320000
        k(    4) = (  -0.5000000   0.0000000   0.3007414), wk =   0.0000000
        k(    5) = (   0.0000000   0.0000000   0.6014828), wk =   0.0320000
        k(    6) = (  -0.5000000   0.0000000   0.6014828), wk =   0.0000000
        k(    7) = (   0.0000000   0.1990059   0.0000000), wk =   0.0320000
        k(    8) = (  -0.5000000   0.1990059   0.0000000), wk =   0.0000000
        k(    9) = (   0.0000000   0.1990059   0.3007414), wk =   0.0640000
        k(   10) = (  -0.5000000   0.1990059   0.3007414), wk =   0.0000000
        k(   11) = (   0.0000000   0.1990059   0.6014828), wk =   0.0640000
        k(   12) = (  -0.5000000   0.1990059   0.6014828), wk =   0.0000000
        k(   13) = (   0.0000000   0.3980118   0.0000000), wk =   0.0320000
        k(   14) = (  -0.5000000   0.3980118   0.0000000), wk =   0.0000000
        k(   15) = (   0.0000000   0.3980118   0.3007414), wk =   0.0640000
        k(   16) = (  -0.5000000   0.3980118   0.3007414), wk =   0.0000000
        k(   17) = (   0.0000000   0.3980118   0.6014828), wk =   0.0640000
        k(   18) = (  -0.5000000   0.3980118   0.6014828), wk =   0.0000000
        k(   19) = (   0.2000000   0.0000000   0.0000000), wk =   0.0320000
        k(   20) = (  -0.3000000   0.0000000   0.0000000), wk =   0.0000000
        k(   21) = (   0.2000000   0.0000000   0.3007414), wk =   0.0640000
        k(   22) = (  -0.3000000   0.0000000   0.3007414), wk =   0.0000000
        k(   23) = (   0.2000000   0.0000000   0.6014828), wk =   0.0640000
        k(   24) = (  -0.3000000   0.0000000   0.6014828), wk =   0.0000000
        k(   25) = (   0.2000000   0.1990059   0.0000000), wk =   0.0640000
        k(   26) = (  -0.3000000   0.1990059   0.0000000), wk =   0.0000000
        k(   27) = (   0.2000000   0.1990059   0.3007414), wk =   0.1280000
        k(   28) = (  -0.3000000   0.1990059   0.3007414), wk =   0.0000000
        k(   29) = (   0.2000000   0.1990059   0.6014828), wk =   0.1280000
        k(   30) = (  -0.3000000   0.1990059   0.6014828), wk =   0.0000000
        k(   31) = (   0.2000000   0.3980118   0.0000000), wk =   0.0640000
        k(   32) = (  -0.3000000   0.3980118   0.0000000), wk =   0.0000000
        k(   33) = (   0.2000000   0.3980118   0.3007414), wk =   0.1280000
        k(   34) = (  -0.3000000   0.3980118   0.3007414), wk =   0.0000000
        k(   35) = (   0.2000000   0.3980118   0.6014828), wk =   0.1280000
        k(   36) = (  -0.3000000   0.3980118   0.6014828), wk =   0.0000000
        k(   37) = (   0.4000000   0.0000000   0.0000000), wk =   0.0320000
        k(   38) = (  -0.1000000   0.0000000   0.0000000), wk =   0.0000000
        k(   39) = (   0.4000000   0.0000000   0.3007414), wk =   0.0640000
        k(   40) = (  -0.1000000   0.0000000   0.3007414), wk =   0.0000000
        k(   41) = (   0.4000000   0.0000000   0.6014828), wk =   0.0640000
        k(   42) = (  -0.1000000   0.0000000   0.6014828), wk =   0.0000000
        k(   43) = (   0.4000000   0.1990059   0.0000000), wk =   0.0640000
        k(   44) = (  -0.1000000   0.1990059   0.0000000), wk =   0.0000000
        k(   45) = (   0.4000000   0.1990059   0.3007414), wk =   0.1280000
        k(   46) = (  -0.1000000   0.1990059   0.3007414), wk =   0.0000000
        k(   47) = (   0.4000000   0.1990059   0.6014828), wk =   0.1280000
        k(   48) = (  -0.1000000   0.1990059   0.6014828), wk =   0.0000000
        k(   49) = (   0.4000000   0.3980118   0.0000000), wk =   0.0640000
        k(   50) = (  -0.1000000   0.3980118   0.0000000), wk =   0.0000000
        k(   51) = (   0.4000000   0.3980118   0.3007414), wk =   0.1280000
        k(   52) = (  -0.1000000   0.3980118   0.3007414), wk =   0.0000000
        k(   53) = (   0.4000000   0.3980118   0.6014828), wk =   0.1280000
        k(   54) = (  -0.1000000   0.3980118   0.6014828), wk =   0.0000000

     Dense  grid:   580795 G-vectors     FFT dimensions: ( 120, 120,  80)

     Smooth grid:   205333 G-vectors     FFT dimensions: (  90,  90,  60)

     Estimated max dynamical RAM per process >      52.62 MB

     Estimated total dynamical RAM >       1.23 GB

     The potential is recalculated from file :
     ./_ph0/pwscf.q_5/pwscf.save/charge-density

     Starting wfcs are   42 atomic wfcs

     Band Structure Calculation
     Davidson diagonalization with overlap

     ethr =  2.08E-11,  avg # of iterations = 22.1

     total cpu time spent up to now is      830.6 secs

     End of band structure calculation

          k = 0.0000 0.0000 0.0000 ( 25605 PWs)   bands (ev):

   -24.3490 -24.3424  -9.8493  -9.7888  -9.6043  -9.5683  -9.5211  -9.4692
    -6.2954  -5.4245  -4.8456  -4.7501  -1.9996  -1.0651  -1.0565  -0.7047
    -0.5314  -0.4256  -0.3215  -0.2480   0.0202   0.3169   0.3292   0.3606

          k =-0.5000 0.0000 0.0000 ( 25646 PWs)   bands (ev):

   -24.3457 -24.3457  -9.7469  -9.7469  -9.6815  -9.6815  -9.4950  -9.4950
    -5.7599  -5.7599  -4.9405  -4.9405  -1.4120  -1.4120  -0.6195  -0.6195
    -0.3269  -0.3269  -0.3195  -0.3195  -0.1928  -0.1928   0.1401   0.1401

          k = 0.0000 0.0000 0.3007 ( 25610 PWs)   bands (ev):

   -24.3438 -24.3384  -9.7887  -9.7410  -9.7007  -9.6731  -9.5905  -9.5641
    -5.9568  -5.2250  -4.9646  -4.8909  -1.7164  -1.3728  -1.0041  -0.9195
    -0.6232  -0.5430  -0.2758  -0.1297   0.0923   0.1860   0.2095   0.3303

          k =-0.5000 0.0000 0.3007 ( 25676 PWs)   bands (ev):

   -24.3411 -24.3411  -9.7461  -9.7461  -9.6986  -9.6986  -9.5974  -9.5974
    -5.4940  -5.4940  -5.0485  -5.0485  -1.4046  -1.4046  -0.9925  -0.9925
    -0.4210  -0.4210  -0.3185  -0.3185   0.0380   0.0380   0.2292   0.2292

          k = 0.0000 0.0000 0.6015 ( 25676 PWs)   bands (ev):

   -24.3347 -24.3327  -9.9565  -9.9512  -9.6649  -9.6443  -9.5865  -9.5752
    -5.3328  -5.1570  -5.1317  -5.0244  -1.5433  -1.4387  -1.3896  -1.1548
    -0.5474  -0.5454  -0.2223  -0.1142   0.0585   0.1041   0.1964   0.2398

          k =-0.5000 0.0000 0.6015 ( 25666 PWs)   bands (ev):

   -24.3337 -24.3337  -9.9797  -9.9797  -9.6191  -9.6191  -9.5909  -9.5909
    -5.3298  -5.3298  -4.9647  -4.9647  -1.9219  -1.9219  -0.8453  -0.8453
    -0.3587  -0.3587  -0.2195  -0.2195   0.0889   0.0889   0.1531   0.1531

          k = 0.0000 0.1990 0.0000 ( 25628 PWs)   bands (ev):

   -24.3484 -24.3430  -9.8328  -9.7719  -9.6311  -9.5889  -9.5161  -9.4741
    -6.1839  -5.3945  -4.9917  -4.8109  -1.8044  -1.2083  -1.1193  -0.5088
    -0.4493  -0.4018  -0.3589  -0.1533   0.0281   0.1248   0.2743   0.3108

          k =-0.5000 0.1990 0.0000 ( 25628 PWs)   bands (ev):

   -24.3456 -24.3456  -9.7999  -9.7999  -9.6263  -9.6263  -9.4949  -9.4949
    -5.7531  -5.7531  -4.9586  -4.9586  -1.3710  -1.3710  -0.6523  -0.6523
    -0.4372  -0.4372  -0.3296  -0.3296  -0.0659  -0.0659   0.1595   0.1595

          k = 0.0000 0.1990 0.3007 ( 25678 PWs)   bands (ev):

   -24.3433 -24.3389  -9.7869  -9.7270  -9.6946  -9.6870  -9.5907  -9.5779
    -5.8740  -5.1983  -5.0766  -4.9270  -1.5843  -1.3983  -1.1796  -0.6777
    -0.5540  -0.4976  -0.4365  -0.0560   0.0797   0.1838   0.1843   0.2276

          k =-0.5000 0.1990 0.3007 ( 25662 PWs)   bands (ev):

   -24.3411 -24.3411  -9.7659  -9.7659  -9.6909  -9.6909  -9.5851  -9.5851
    -5.4801  -5.4801  -5.0666  -5.0666  -1.4053  -1.4053  -1.0253  -1.0253
    -0.3737  -0.3737  -0.2786  -0.2786   0.0404   0.0404   0.1984   0.1984

          k = 0.0000 0.1990 0.6015 ( 25666 PWs)   bands (ev):

   -24.3345 -24.3329  -9.9639  -9.9590  -9.6490  -9.6353  -9.5870  -9.5803
    -5.4319  -5.3173  -5.0047  -4.8868  -1.5883  -1.5277  -1.3139  -1.0826
    -0.5053  -0.3878  -0.2396  -0.1135   0.0188   0.0410   0.1615   0.1952

          k =-0.5000 0.1990 0.6015 ( 25686 PWs)   bands (ev):

   -24.3337 -24.3337  -9.9698  -9.9698  -9.6387  -9.6387  -9.5842  -9.5842
    -5.3184  -5.3184  -4.9739  -4.9739  -1.8802  -1.8802  -0.9442  -0.9442
    -0.3472  -0.3472  -0.2072  -0.2072   0.0882   0.0882   0.2092   0.2092

          k = 0.0000 0.3980 0.0000 ( 25648 PWs)   bands (ev):

   -24.3467 -24.3446  -9.7869  -9.7435  -9.6767  -9.6398  -9.5030  -9.4869
    -5.8864  -5.5162  -5.1095  -4.9620  -1.4914  -1.3670  -0.9774  -0.4808
    -0.4690  -0.4342  -0.1933  -0.0974  -0.0464   0.0173   0.1445   0.2189

          k =-0.5000 0.3980 0.0000 ( 25694 PWs)   bands (ev):

   -24.3456 -24.3456  -9.8455  -9.8455  -9.5771  -9.5771  -9.4946  -9.4946
    -5.7418  -5.7418  -4.9879  -4.9879  -1.2861  -1.2861  -0.7821  -0.7821
    -0.5340  -0.5340  -0.2072  -0.2072   0.0460   0.0460   0.1194   0.1194

          k = 0.0000 0.3980 0.3007 ( 25636 PWs)   bands (ev):

   -24.3419 -24.3403  -9.7718  -9.7376  -9.6912  -9.6682  -9.6042  -9.6006
    -5.6500  -5.3519  -5.1169  -5.0161  -1.4273  -1.4219  -1.1190  -0.7579
    -0.4774  -0.4215  -0.3055  -0.0695  -0.0286  -0.0003   0.2048   0.2070

          k =-0.5000 0.3980 0.3007 ( 25670 PWs)   bands (ev):

   -24.3411 -24.3411  -9.7892  -9.7892  -9.6846  -9.6846  -9.5678  -9.5678
    -5.4550  -5.4550  -5.0983  -5.0983  -1.3940  -1.3940  -1.0982  -1.0982
    -0.2882  -0.2882  -0.1457  -0.1457  -0.0183  -0.0183   0.1408   0.1408

          k = 0.0000 0.3980 0.6015 ( 25691 PWs)   bands (ev):

   -24.3340 -24.3334  -9.9739  -9.9718  -9.6184  -9.6161  -9.5939  -9.5937
    -5.5076  -5.4677  -4.8541  -4.8031  -1.6539  -1.6432  -1.1097  -0.9862
    -0.4022  -0.3177  -0.2148  -0.1666  -0.0649   0.0097   0.0645   0.1719

          k =-0.5000 0.3980 0.6015 ( 25694 PWs)   bands (ev):

   -24.3337 -24.3337  -9.9522  -9.9522  -9.6651  -9.6651  -9.5801  -9.5801
    -5.2990  -5.2990  -4.9896  -4.9896  -1.7824  -1.7824  -1.1568  -1.1568
    -0.2821  -0.2821  -0.1128  -0.1128   0.0455   0.0455   0.2400   0.2400

          k = 0.2000 0.0000 0.0000 ( 25622 PWs)   bands (ev):

   -24.3484 -24.3430  -9.8283  -9.7758  -9.6272  -9.5956  -9.5161  -9.4741
    -6.1902  -5.4507  -4.8688  -4.8381  -1.8718  -1.0038  -0.9338  -0.9076
    -0.3926  -0.3454  -0.3217  -0.2537  -0.0240   0.0629   0.3014   0.3194

          k =-0.3000 0.0000 0.0000 ( 25636 PWs)   bands (ev):

   -24.3476 -24.3437  -9.8041  -9.7603  -9.6522  -9.6244  -9.5103  -9.4798
    -6.0696  -5.5071  -4.9035  -4.8938  -1.7358  -1.0882  -0.9173  -0.7408
    -0.3580  -0.3212  -0.2931  -0.2547  -0.0988  -0.0735   0.1985   0.2702

          k = 0.2000 0.0000 0.3007 ( 25667 PWs)   bands (ev):

   -24.3433 -24.3389  -9.7726  -9.7530  -9.6906  -9.6795  -9.6034  -9.5681
    -5.8680  -5.2317  -4.9835  -4.9712  -1.6294  -1.3656  -1.1138  -0.7820
    -0.6107  -0.4900  -0.3240  -0.0885  -0.0655   0.1710   0.2536   0.2886

          k =-0.3000 0.0000 0.3007 ( 25666 PWs)   bands (ev):

   -24.3427 -24.3395  -9.7564  -9.7548  -9.7068  -9.6706  -9.6121  -9.5746
    -5.7651  -5.2673  -5.0326  -5.0041  -1.5517  -1.3048  -1.2139  -0.6618
    -0.6538  -0.4315  -0.3599  -0.1747  -0.0493   0.1500   0.2512   0.2525

          k = 0.2000 0.0000 0.6015 ( 25657 PWs)   bands (ev):

   -24.3345 -24.3329  -9.9656  -9.9609  -9.6544  -9.6302  -9.5920  -9.5758
    -5.3448  -5.2118  -5.1057  -4.9643  -1.7776  -1.6229  -1.2133  -0.9523
    -0.5108  -0.3688  -0.1995  -0.1614   0.0256   0.1044   0.1243   0.2436

          k =-0.3000 0.0000 0.6015 ( 25649 PWs)   bands (ev):

   -24.3343 -24.3331  -9.9730  -9.9693  -9.6435  -9.6168  -9.5985  -9.5779
    -5.3492  -5.2613  -5.0564  -4.9420  -1.8766  -1.7587  -1.0848  -0.8474
    -0.4692  -0.2295  -0.2241  -0.2081   0.0076   0.0563   0.1419   0.2303

          k = 0.2000 0.1990 0.0000 ( 25639 PWs)   bands (ev):

   -24.3478 -24.3435  -9.8379  -9.7457  -9.6730  -9.5777  -9.5120  -9.4780
    -6.1018  -5.4398  -5.0125  -4.8425  -1.7090  -1.1937  -1.0197  -0.6333
    -0.4582  -0.3966  -0.1980  -0.1464  -0.0612   0.0146   0.2042   0.2872

          k =-0.3000 0.1990 0.0000 ( 25657 PWs)   bands (ev):

   -24.3472 -24.3441  -9.8339  -9.7461  -9.6789  -9.5840  -9.5073  -9.4826
    -6.0065  -5.5132  -5.0134  -4.8767  -1.6068  -1.2078  -0.9168  -0.6360
    -0.4585  -0.4038  -0.2380  -0.1290  -0.1231  -0.0045   0.1119   0.2632

          k = 0.2000 0.1990 0.3007 ( 25659 PWs)   bands (ev):

   -24.3429 -24.3393  -9.7816  -9.7368  -9.7115  -9.6665  -9.6049  -9.5698
    -5.7983  -5.2065  -5.1142  -4.9632  -1.5346  -1.3791  -1.2026  -0.6765
    -0.5910  -0.4630  -0.3300  -0.0993  -0.0327   0.1310   0.2072   0.2698

          k =-0.3000 0.1990 0.3007 ( 25658 PWs)   bands (ev):

   -24.3424 -24.3398  -9.7784  -9.7408  -9.7190  -9.6627  -9.6062  -9.5700
    -5.7108  -5.2620  -5.1180  -4.9967  -1.4996  -1.3062  -1.2604  -0.7198
    -0.5738  -0.4148  -0.2827  -0.1294  -0.0740   0.1007   0.2029   0.2626

          k = 0.2000 0.1990 0.6015 ( 25694 PWs)   bands (ev):

   -24.3344 -24.3330  -9.9722  -9.9558  -9.6612  -9.6128  -9.5974  -9.5787
    -5.4307  -5.2437  -5.0745  -4.8728  -1.7683  -1.6234  -1.1906  -0.9943
    -0.4625  -0.3211  -0.2185  -0.1001  -0.0435   0.0768   0.1239   0.2396

          k =-0.3000 0.1990 0.6015 ( 25680 PWs)   bands (ev):

   -24.3342 -24.3332  -9.9746  -9.9586  -9.6598  -9.6110  -9.5986  -9.5790
    -5.4099  -5.2164  -5.0935  -4.8845  -1.8472  -1.7361  -1.0851  -0.9488
    -0.4467  -0.2668  -0.2322  -0.0799  -0.0579   0.0840   0.1336   0.2562

          k = 0.2000 0.3980 0.0000 ( 25639 PWs)   bands (ev):

   -24.3465 -24.3448  -9.8239  -9.7750  -9.6506  -9.5969  -9.5013  -9.4884
    -5.8636  -5.5683  -5.0803  -4.9570  -1.4348  -1.3298  -0.9500  -0.5093
    -0.5006  -0.4839  -0.2838  -0.0231  -0.0220   0.0373   0.1040   0.1813

          k =-0.3000 0.3980 0.0000 ( 25669 PWs)   bands (ev):

   -24.3462 -24.3450  -9.8414  -9.8056  -9.6204  -9.5785  -9.4994  -9.4900
    -5.8345  -5.6224  -5.0499  -4.9580  -1.3793  -1.2964  -0.9164  -0.5790
    -0.5262  -0.5035  -0.3124  -0.0105   0.0030   0.0496   0.0559   0.1659

          k = 0.2000 0.3980 0.3007 ( 25659 PWs)   bands (ev):

   -24.3418 -24.3404  -9.7796  -9.7547  -9.6982  -9.6662  -9.5990  -9.5793
    -5.6093  -5.3570  -5.1262  -5.0327  -1.4443  -1.3970  -1.1229  -0.8257
    -0.4592  -0.3747  -0.3000  -0.0997  -0.0197   0.0511   0.1735   0.2072

          k =-0.3000 0.3980 0.3007 ( 25660 PWs)   bands (ev):

   -24.3416 -24.3406  -9.7863  -9.7693  -9.6969  -9.6706  -9.5867  -9.5702
    -5.5641  -5.3735  -5.1274  -5.0517  -1.4421  -1.3768  -1.1449  -0.9096
    -0.4060  -0.3183  -0.2765  -0.1223   0.0054   0.0554   0.1308   0.1967

          k = 0.2000 0.3980 0.6015 ( 25671 PWs)   bands (ev):

   -24.3339 -24.3334  -9.9709  -9.9611  -9.6495  -9.6220  -9.5913  -9.5824
    -5.4683  -5.3977  -4.9134  -4.8342  -1.7334  -1.6624  -1.1207  -1.0314
    -0.4350  -0.3244  -0.1817  -0.0669  -0.0176   0.0525   0.0907   0.1922

          k =-0.3000 0.3980 0.6015 ( 25692 PWs)   bands (ev):

   -24.3339 -24.3335  -9.9648  -9.9545  -9.6624  -9.6384  -9.5851  -9.5803
    -5.4167  -5.3353  -4.9664  -4.8782  -1.7706  -1.7078  -1.1379  -1.0849
    -0.4084  -0.2926  -0.1379  -0.0580  -0.0037   0.0454   0.1632   0.2216

          k = 0.4000 0.0000 0.0000 ( 25652 PWs)   bands (ev):

   -24.3467 -24.3446  -9.7745  -9.7437  -9.6782  -9.6562  -9.5030  -9.4870
    -5.9200  -5.6135  -4.9394  -4.9208  -1.5774  -1.2480  -0.7888  -0.5366
    -0.4262  -0.3288  -0.3198  -0.2383  -0.1723  -0.1329   0.1149   0.2066

          k =-0.1000 0.0000 0.0000 ( 25608 PWs)   bands (ev):

   -24.3488 -24.3425  -9.8439  -9.7855  -9.6103  -9.5755  -9.5198  -9.4705
    -6.2683  -5.4294  -4.8517  -4.7755  -1.9657  -1.0521  -1.0164  -0.7906
    -0.4549  -0.4170  -0.3216  -0.2498   0.0087   0.2216   0.3498   0.3502

          k = 0.4000 0.0000 0.3007 ( 25649 PWs)   bands (ev):

   -24.3419 -24.3403  -9.7540  -9.7400  -9.7155  -9.6783  -9.6092  -9.5847
    -5.6357  -5.3605  -5.0568  -5.0276  -1.4802  -1.3149  -1.1723  -0.8050
    -0.5262  -0.3700  -0.3668  -0.2659  -0.0097   0.0998   0.2294   0.2406

          k =-0.1000 0.0000 0.3007 ( 25625 PWs)   bands (ev):

   -24.3437 -24.3385  -9.7845  -9.7457  -9.6934  -9.6779  -9.5941  -9.5650
    -5.9340  -5.2252  -4.9695  -4.9132  -1.6927  -1.3756  -1.0351  -0.8810
    -0.6158  -0.5292  -0.2876  -0.1185   0.0404   0.1764   0.2364   0.3188

          k = 0.4000 0.0000 0.6015 ( 25656 PWs)   bands (ev):

   -24.3340 -24.3334  -9.9784  -9.9764  -9.6312  -9.6089  -9.6018  -9.5827
    -5.3452  -5.3017  -5.0059  -4.9418  -1.9270  -1.8630  -0.9558  -0.7996
    -0.4171  -0.2960  -0.2563  -0.1332  -0.0218   0.1036   0.1537   0.1900

          k =-0.1000 0.0000 0.6015 ( 25680 PWs)   bands (ev):

   -24.3347 -24.3327  -9.9591  -9.9539  -9.6621  -9.6404  -9.5879  -9.5753
    -5.3369  -5.1604  -5.1428  -5.0005  -1.6473  -1.4773  -1.3407  -1.0759
    -0.5379  -0.4963  -0.2090  -0.1269   0.0433   0.1096   0.1723   0.2422

          k = 0.4000 0.1990 0.0000 ( 25661 PWs)   bands (ev):

   -24.3465 -24.3448  -9.8212  -9.7721  -9.6554  -9.6010  -9.5014  -9.4884
    -5.8862  -5.6228  -4.9936  -4.9172  -1.4888  -1.2701  -0.7953  -0.5713
    -0.4513  -0.4194  -0.3900  -0.1818  -0.1003  -0.0323   0.1007   0.2189

          k =-0.1000 0.1990 0.0000 ( 25622 PWs)   bands (ev):

   -24.3482 -24.3431  -9.8355  -9.7631  -9.6465  -9.5823  -9.5150  -9.4751
    -6.1629  -5.4041  -4.9992  -4.8193  -1.7792  -1.2027  -1.0929  -0.5653
    -0.4530  -0.3987  -0.2951  -0.1525   0.0250   0.0694   0.2718   0.2950

          k = 0.4000 0.1990 0.3007 ( 25667 PWs)   bands (ev):

   -24.3418 -24.3404  -9.7742  -9.7534  -9.7088  -9.6732  -9.5971  -9.5753
    -5.6010  -5.3615  -5.0971  -5.0322  -1.4603  -1.3352  -1.1810  -0.8613
    -0.4758  -0.3521  -0.2981  -0.2031  -0.0240   0.0788   0.1899   0.2323

          k =-0.1000 0.1990 0.3007 ( 25652 PWs)   bands (ev):

   -24.3432 -24.3390  -9.7852  -9.7316  -9.6997  -9.6792  -9.5965  -9.5738
    -5.8546  -5.1975  -5.0884  -4.9371  -1.5694  -1.3986  -1.1802  -0.6861
    -0.5587  -0.4924  -0.3991  -0.0724   0.0419   0.1603   0.1987   0.2498

          k = 0.4000 0.1990 0.6015 ( 25670 PWs)   bands (ev):

   -24.3339 -24.3334  -9.9738  -9.9641  -9.6515  -9.6241  -9.5902  -9.5806
    -5.3713  -5.2589  -5.0411  -4.9188  -1.8869  -1.8274  -0.9999  -0.9266
    -0.4063  -0.2900  -0.2453  -0.1332   0.0290   0.0897   0.1691   0.2471

          k =-0.1000 0.1990 0.6015 ( 25677 PWs)   bands (ev):

   -24.3345 -24.3329  -9.9676  -9.9566  -9.6557  -9.6260  -9.5901  -9.5795
    -5.4345  -5.2943  -5.0277  -4.8790  -1.6661  -1.5302  -1.2867  -1.0491
    -0.4831  -0.3820  -0.2247  -0.1145   0.0055   0.0438   0.1489   0.2125

          k = 0.4000 0.3980 0.0000 ( 25660 PWs)   bands (ev):

   -24.3460 -24.3453  -9.8492  -9.8304  -9.5943  -9.5715  -9.4971  -9.4922
    -5.7934  -5.6829  -5.0169  -4.9677  -1.3248  -1.2761  -0.8633  -0.6802
    -0.5354  -0.5223  -0.2852  -0.1027   0.0278   0.0535   0.0840   0.1471

          k =-0.1000 0.3980 0.0000 ( 25639 PWs)   bands (ev):

   -24.3466 -24.3447  -9.8010  -9.7490  -9.6743  -9.6226  -9.5025  -9.4873
    -5.8807  -5.5301  -5.1018  -4.9601  -1.4761  -1.3569  -0.9704  -0.4906
    -0.4714  -0.4517  -0.2277  -0.0688  -0.0400   0.0235   0.1384   0.2051

          k = 0.4000 0.3980 0.3007 ( 25682 PWs)   bands (ev):

   -24.3413 -24.3408  -9.7905  -9.7818  -9.6918  -9.6772  -9.5752  -9.5661
    -5.5101  -5.4070  -5.1176  -5.0747  -1.4238  -1.3713  -1.1479  -1.0096
    -0.3275  -0.2931  -0.2183  -0.1098  -0.0403   0.0574   0.1034   0.1738

          k =-0.1000 0.3980 0.3007 ( 25667 PWs)   bands (ev):

   -24.3419 -24.3403  -9.7739  -9.7425  -9.6947  -9.6660  -9.6061  -9.5914
    -5.6395  -5.3524  -5.1201  -5.0204  -1.4355  -1.4135  -1.1166  -0.7746
    -0.4759  -0.4117  -0.3045  -0.0777  -0.0383   0.0272   0.1989   0.2068

          k = 0.4000 0.3980 0.6015 ( 25701 PWs)   bands (ev):

   -24.3338 -24.3336  -9.9577  -9.9509  -9.6682  -9.6541  -9.5816  -9.5797
    -5.3535  -5.2897  -5.0035  -4.9359  -1.7886  -1.7529  -1.1556  -1.1321
    -0.3445  -0.2665  -0.1105  -0.0970   0.0314   0.0433   0.2097   0.2455

          k =-0.1000 0.3980 0.6015 ( 25675 PWs)   bands (ev):

   -24.3340 -24.3334  -9.9740  -9.9680  -9.6332  -9.6095  -9.5990  -9.5867
    -5.4988  -5.4478  -4.8709  -4.8099  -1.6874  -1.6376  -1.1125  -0.9958
    -0.4207  -0.3246  -0.2210  -0.1198  -0.0284   0.0179   0.0607   0.1765

     highest occupied level (ev):     0.3606

     Writing config to output data dir ./_ph0/pwscf.q_5/pwscf.save/ :
     XML data file

                                                                                

     bravais-lattice index     =            8
     lattice parameter (alat)  =      13.1499  a.u.
     unit-cell volume          =    1519.7234 (a.u.)^3
     number of atoms/cell      =           22
     number of atomic types    =            3
     kinetic-energy cut-off    =     100.0000  Ry
     charge density cut-off    =     800.0000  Ry
     convergence threshold     =      1.0E-14
     beta                      =       0.7000
     number of iterations used =            4
     Exchange-correlation= PBESOL
                           (   1   4  10   8   0   0   0)


     celldm(1)=   13.14986  celldm(2)=    1.00500  celldm(3)=    0.66502
     celldm(4)=    0.00000  celldm(5)=    0.00000  celldm(6)=    0.00000

     crystal axes: (cart. coord. in units of alat)
               a(1) = (  1.0000  0.0000  0.0000 )  
               a(2) = (  0.0000  1.0050  0.0000 )  
               a(3) = (  0.0000  0.0000  0.6650 )  

     reciprocal axes: (cart. coord. in units 2 pi/alat)
               b(1) = (  1.0000  0.0000  0.0000 )  
               b(2) = (  0.0000  0.9950  0.0000 )  
               b(3) = (  0.0000  0.0000  1.5037 )  


     Atoms inside the unit cell: 

     Cartesian axes

     site n.  atom      mass           positions (alat units)
        1  Ba    137.3270   tau(    1) = (    0.50000    0.50250    0.33251  )
        2  Ba    137.3270   tau(    2) = (    0.00000    0.00000    0.66502  )
        3  B      10.8110   tau(    3) = (    0.62216    0.25035    0.00000  )
        4  B      10.8110   tau(    4) = (    0.37784    0.75464    0.00000  )
        5  B      10.8110   tau(    5) = (    0.12216    0.25214    0.33251  )
        6  B      10.8110   tau(    6) = (    0.87784    0.75285    0.33251  )
        7  H       1.0079   tau(    7) = (    0.44925    0.28896   -0.00001  )
        8  H       1.0079   tau(    8) = (    0.55075    0.71604   -0.00001  )
        9  H       1.0079   tau(    9) = (    0.94925    0.21354    0.33252  )
       10  H       1.0079   tau(   10) = (    0.05075    0.79145    0.33252  )
       11  H       1.0079   tau(   11) = (    0.71771    0.40045    0.00000  )
       12  H       1.0079   tau(   12) = (    0.28229    0.60454    0.00000  )
       13  H       1.0079   tau(   13) = (    0.21771    0.10204    0.33251  )
       14  H       1.0079   tau(   14) = (    0.78229    0.90295    0.33251  )
       15  H       1.0079   tau(   15) = (    0.65746    0.15745    0.51883  )
       16  H       1.0079   tau(   16) = (    0.34254    0.84755    0.51883  )
       17  H       1.0079   tau(   17) = (    0.15746    0.34505    0.47870  )
       18  H       1.0079   tau(   18) = (    0.84254    0.65994    0.47870  )
       19  H       1.0079   tau(   19) = (    0.34255    0.84755    0.14620  )
       20  H       1.0079   tau(   20) = (    0.65745    0.15745    0.14620  )
       21  H       1.0079   tau(   21) = (    0.84255    0.65995    0.18631  )
       22  H       1.0079   tau(   22) = (    0.15745    0.34505    0.18631  )

     Computing dynamical matrix for 
                    q = (  -0.5000000   0.0000000   0.0000000 )

      5 Sym.Ops. (with q -> -q+G )


     G cutoff = 3504.0696  (  24200 G-vectors)     FFT grid: (120,120, 80)
     G cutoff = 1752.0348  (   8556 G-vectors)  smooth grid: ( 90, 90, 60)
     number of k points=    54

     PseudoPot. # 1 for B  read from file:
     /home/mehlhorn/pseudos/b_pbesol_v1.4.uspp.F.UPF
     MD5 check sum: 369b69bef2c3aeed4453bd8b804fd6a8
     Pseudo is Ultrasoft + core correction, Zval =  3.0
     Generated by new atomic code, or converted to UPF format
     Using radial grid of  781 points,  4 beta functions with: 
                l(1) =   0
                l(2) =   0
                l(3) =   1
                l(4) =   1
     Q(r) pseudized with  8 coefficients,  rinner =    1.100   1.100   1.100


     PseudoPot. # 2 for Ba read from file:
     /home/mehlhorn/pseudos/Ba.nc.z_10.oncvpsp4.dojo.v4-sp.upf
     MD5 check sum: c10ed334bb677c0554edec7181ce9143
     Pseudo is Norm-conserving + core correction, Zval = 10.0
     Generated using ONCVPSP code by D. R. Hamann
     Using radial grid of 1938 points,  8 beta functions with: 
                l(1) =   0
                l(2) =   0
                l(3) =   1
                l(4) =   1
                l(5) =   2
                l(6) =   2
                l(7) =   3
                l(8) =   3

     PseudoPot. # 3 for H  read from file:
     /home/mehlhorn/pseudos/H_ONCV_PBEsol-1.0.upf
     MD5 check sum: 398ef8f67c0a7342c05c87c5e19ea467
     Pseudo is Norm-conserving, Zval =  1.0
     Generated using ONCVPSP code by D. R. Hamann
     Using radial grid of 1180 points,  2 beta functions with: 
                l(1) =   0
                l(2) =   0


     Atomic displacements:
     There are   33 irreducible representations

     Representation     1      2 modes -  To be done

     Representation     2      2 modes -  To be done

     Representation     3      2 modes -  To be done

     Representation     4      2 modes -  To be done

     Representation     5      2 modes -  To be done

     Representation     6      2 modes -  To be done

     Representation     7      2 modes -  To be done

     Representation     8      2 modes -  To be done

     Representation     9      2 modes -  To be done

     Representation    10      2 modes -  To be done

     Representation    11      2 modes -  To be done

     Representation    12      2 modes -  To be done

     Representation    13      2 modes -  To be done

     Representation    14      2 modes -  To be done

     Representation    15      2 modes -  To be done

     Representation    16      2 modes -  To be done

     Representation    17      2 modes -  To be done

     Representation    18      2 modes -  To be done

     Representation    19      2 modes -  To be done

     Representation    20      2 modes -  To be done

     Representation    21      2 modes -  To be done

     Representation    22      2 modes -  To be done

     Representation    23      2 modes -  To be done

     Representation    24      2 modes -  To be done

     Representation    25      2 modes -  To be done

     Representation    26      2 modes -  To be done

     Representation    27      2 modes -  To be done

     Representation    28      2 modes -  To be done

     Representation    29      2 modes -  To be done

     Representation    30      2 modes -  To be done

     Representation    31      2 modes -  To be done

     Representation    32      2 modes -  To be done

     Representation    33      2 modes -  To be done



     Alpha used in Ewald sum =   2.8000
     PHONON       :   1d16h34m CPU   1d16h59m WALL



     Representation #   1 modes #   1   2

     Self-consistent Calculation

      iter #   1 total cpu time :147680.6 secs   av.it.:   4.1
      thresh= 1.000E-02 alpha_mix =  0.700 |ddv_scf|^2 =  4.744E-09

      iter #   2 total cpu time :147862.8 secs   av.it.:  16.3
      thresh= 6.888E-06 alpha_mix =  0.700 |ddv_scf|^2 =  5.004E-09

      iter #   3 total cpu time :148030.2 secs   av.it.:  15.0
      thresh= 7.074E-06 alpha_mix =  0.700 |ddv_scf|^2 =  4.810E-11

      iter #   4 total cpu time :148214.0 secs   av.it.:  16.0
      thresh= 6.936E-07 alpha_mix =  0.700 |ddv_scf|^2 =  1.374E-12

      iter #   5 total cpu time :148402.3 secs   av.it.:  16.9
      thresh= 1.172E-07 alpha_mix =  0.700 |ddv_scf|^2 =  2.252E-13

      iter #   6 total cpu time :148589.0 secs   av.it.:  16.6
      thresh= 4.746E-08 alpha_mix =  0.700 |ddv_scf|^2 =  4.822E-15

     End of self-consistent calculation

     Convergence has been achieved 


     Representation #   2 modes #   3   4

     Self-consistent Calculation

      iter #   1 total cpu time :148671.2 secs   av.it.:   3.0
      thresh= 1.000E-02 alpha_mix =  0.700 |ddv_scf|^2 =  2.761E-10

      iter #   2 total cpu time :148860.5 secs   av.it.:  17.0
      thresh= 1.662E-06 alpha_mix =  0.700 |ddv_scf|^2 =  1.546E-10

      iter #   3 total cpu time :149036.6 secs   av.it.:  15.1
      thresh= 1.243E-06 alpha_mix =  0.700 |ddv_scf|^2 =  1.117E-11

      iter #   4 total cpu time :149213.0 secs   av.it.:  15.4
      thresh= 3.343E-07 alpha_mix =  0.700 |ddv_scf|^2 =  2.162E-13

      iter #   5 total cpu time :149402.6 secs   av.it.:  17.0
      thresh= 4.650E-08 alpha_mix =  0.700 |ddv_scf|^2 =  1.178E-14

      iter #   6 total cpu time :149591.4 secs   av.it.:  17.0
      thresh= 1.085E-08 alpha_mix =  0.700 |ddv_scf|^2 =  5.055E-16

     End of self-consistent calculation

     Convergence has been achieved 


     Representation #   3 modes #   5   6

     Self-consistent Calculation

      iter #   1 total cpu time :149675.2 secs   av.it.:   3.0
      thresh= 1.000E-02 alpha_mix =  0.700 |ddv_scf|^2 =  2.517E-09

      iter #   2 total cpu time :149858.0 secs   av.it.:  16.0
      thresh= 5.017E-06 alpha_mix =  0.700 |ddv_scf|^2 =  3.650E-09

      iter #   3 total cpu time :150025.5 secs   av.it.:  14.9
      thresh= 6.041E-06 alpha_mix =  0.700 |ddv_scf|^2 =  5.865E-12

      iter #   4 total cpu time :150214.0 secs   av.it.:  17.0
      thresh= 2.422E-07 alpha_mix =  0.700 |ddv_scf|^2 =  1.104E-12

      iter #   5 total cpu time :150393.5 secs   av.it.:  16.0
      thresh= 1.051E-07 alpha_mix =  0.700 |ddv_scf|^2 =  1.384E-14

      iter #   6 total cpu time :150580.6 secs   av.it.:  16.5
      thresh= 1.176E-08 alpha_mix =  0.700 |ddv_scf|^2 =  1.384E-15

     End of self-consistent calculation

     Convergence has been achieved 


     Representation #   4 modes #   7   8

     Self-consistent Calculation

      iter #   1 total cpu time :150665.9 secs   av.it.:   3.1
      thresh= 1.000E-02 alpha_mix =  0.700 |ddv_scf|^2 =  5.350E-10

      iter #   2 total cpu time :150863.9 secs   av.it.:  17.0
      thresh= 2.313E-06 alpha_mix =  0.700 |ddv_scf|^2 =  4.044E-10

      iter #   3 total cpu time :151042.4 secs   av.it.:  16.0
      thresh= 2.011E-06 alpha_mix =  0.700 |ddv_scf|^2 =  7.233E-12

      iter #   4 total cpu time :151225.0 secs   av.it.:  16.0
      thresh= 2.689E-07 alpha_mix =  0.700 |ddv_scf|^2 =  1.390E-12

      iter #   5 total cpu time :151401.8 secs   av.it.:  15.9
      thresh= 1.179E-07 alpha_mix =  0.700 |ddv_scf|^2 =  7.363E-14

      iter #   6 total cpu time :151591.1 secs   av.it.:  16.0
      thresh= 2.714E-08 alpha_mix =  0.700 |ddv_scf|^2 =  2.872E-15

     End of self-consistent calculation

     Convergence has been achieved 


     Representation #   5 modes #   9  10

     Self-consistent Calculation

      iter #   1 total cpu time :151680.6 secs   av.it.:   3.9
      thresh= 1.000E-02 alpha_mix =  0.700 |ddv_scf|^2 =  1.033E-09

      iter #   2 total cpu time :151880.0 secs   av.it.:  17.0
      thresh= 3.215E-06 alpha_mix =  0.700 |ddv_scf|^2 =  5.521E-10

      iter #   3 total cpu time :152069.5 secs   av.it.:  16.0
      thresh= 2.350E-06 alpha_mix =  0.700 |ddv_scf|^2 =  1.239E-11

      iter #   4 total cpu time :152252.6 secs   av.it.:  15.3
      thresh= 3.519E-07 alpha_mix =  0.700 |ddv_scf|^2 =  1.090E-12

      iter #   5 total cpu time :152438.5 secs   av.it.:  16.0
      thresh= 1.044E-07 alpha_mix =  0.700 |ddv_scf|^2 =  5.223E-14

      iter #   6 total cpu time :152629.4 secs   av.it.:  16.1
      thresh= 2.285E-08 alpha_mix =  0.700 |ddv_scf|^2 =  8.018E-15

     End of self-consistent calculation

     Convergence has been achieved 


     Representation #   6 modes #  11  12

     Self-consistent Calculation

      iter #   1 total cpu time :152716.2 secs   av.it.:   3.0
      thresh= 1.000E-02 alpha_mix =  0.700 |ddv_scf|^2 =  8.082E-10

      iter #   2 total cpu time :152910.5 secs   av.it.:  16.7
      thresh= 2.843E-06 alpha_mix =  0.700 |ddv_scf|^2 =  4.250E-10

      iter #   3 total cpu time :153089.0 secs   av.it.:  16.0
      thresh= 2.062E-06 alpha_mix =  0.700 |ddv_scf|^2 =  4.733E-12

      iter #   4 total cpu time :153273.8 secs   av.it.:  16.0
      thresh= 2.176E-07 alpha_mix =  0.700 |ddv_scf|^2 =  1.436E-12

      iter #   5 total cpu time :153460.3 secs   av.it.:  15.7
      thresh= 1.198E-07 alpha_mix =  0.700 |ddv_scf|^2 =  3.185E-14

      iter #   6 total cpu time :153650.0 secs   av.it.:  16.6
      thresh= 1.785E-08 alpha_mix =  0.700 |ddv_scf|^2 =  4.285E-15

     End of self-consistent calculation

     Convergence has been achieved 


     Representation #   7 modes #  13  14

     Self-consistent Calculation

      iter #   1 total cpu time :153736.7 secs   av.it.:   3.1
      thresh= 1.000E-02 alpha_mix =  0.700 |ddv_scf|^2 =  6.483E-10

      iter #   2 total cpu time :153936.1 secs   av.it.:  16.9
      thresh= 2.546E-06 alpha_mix =  0.700 |ddv_scf|^2 =  3.810E-10

      iter #   3 total cpu time :154125.0 secs   av.it.:  16.0
      thresh= 1.952E-06 alpha_mix =  0.700 |ddv_scf|^2 =  1.504E-11

      iter #   4 total cpu time :154312.3 secs   av.it.:  15.7
      thresh= 3.879E-07 alpha_mix =  0.700 |ddv_scf|^2 =  6.892E-13

      iter #   5 total cpu time :154508.9 secs   av.it.:  16.2
      thresh= 8.302E-08 alpha_mix =  0.700 |ddv_scf|^2 =  5.390E-14

      iter #   6 total cpu time :154704.0 secs   av.it.:  16.0
      thresh= 2.322E-08 alpha_mix =  0.700 |ddv_scf|^2 =  9.330E-15

     End of self-consistent calculation

     Convergence has been achieved 


     Representation #   8 modes #  15  16

     Self-consistent Calculation

      iter #   1 total cpu time :154792.7 secs   av.it.:   3.6
      thresh= 1.000E-02 alpha_mix =  0.700 |ddv_scf|^2 =  2.109E-09

      iter #   2 total cpu time :155001.8 secs   av.it.:  16.2
      thresh= 4.592E-06 alpha_mix =  0.700 |ddv_scf|^2 =  1.772E-09

      iter #   3 total cpu time :155185.6 secs   av.it.:  15.1
      thresh= 4.210E-06 alpha_mix =  0.700 |ddv_scf|^2 =  1.975E-11

      iter #   4 total cpu time :155373.9 secs   av.it.:  16.0
      thresh= 4.445E-07 alpha_mix =  0.700 |ddv_scf|^2 =  1.266E-12

      iter #   5 total cpu time :155564.7 secs   av.it.:  16.0
      thresh= 1.125E-07 alpha_mix =  0.700 |ddv_scf|^2 =  4.629E-14

      iter #   6 total cpu time :155760.4 secs   av.it.:  16.4
      thresh= 2.151E-08 alpha_mix =  0.700 |ddv_scf|^2 =  4.158E-15

     End of self-consistent calculation

     Convergence has been achieved 


     Representation #   9 modes #  17  18

     Self-consistent Calculation

      iter #   1 total cpu time :155862.9 secs   av.it.:   5.0
      thresh= 1.000E-02 alpha_mix =  0.700 |ddv_scf|^2 =  4.779E-08

      iter #   2 total cpu time :156051.0 secs   av.it.:  15.9
      thresh= 2.186E-05 alpha_mix =  0.700 |ddv_scf|^2 =  7.467E-08

      iter #   3 total cpu time :156227.2 secs   av.it.:  14.4
      thresh= 2.733E-05 alpha_mix =  0.700 |ddv_scf|^2 =  6.489E-11

      iter #   4 total cpu time :156422.6 secs   av.it.:  16.1
      thresh= 8.056E-07 alpha_mix =  0.700 |ddv_scf|^2 =  6.444E-12

      iter #   5 total cpu time :156612.5 secs   av.it.:  16.0
      thresh= 2.538E-07 alpha_mix =  0.700 |ddv_scf|^2 =  2.345E-13

      iter #   6 total cpu time :156806.4 secs   av.it.:  16.7
      thresh= 4.843E-08 alpha_mix =  0.700 |ddv_scf|^2 =  3.755E-14

      iter #   7 total cpu time :156995.7 secs   av.it.:  16.0
      thresh= 1.938E-08 alpha_mix =  0.700 |ddv_scf|^2 =  6.554E-16

     End of self-consistent calculation

     Convergence has been achieved 


     Representation #  10 modes #  19  20

     Self-consistent Calculation

      iter #   1 total cpu time :157115.4 secs   av.it.:   6.6
      thresh= 1.000E-02 alpha_mix =  0.700 |ddv_scf|^2 =  3.450E-08

      iter #   2 total cpu time :157309.4 secs   av.it.:  16.2
      thresh= 1.857E-05 alpha_mix =  0.700 |ddv_scf|^2 =  3.768E-08

      iter #   3 total cpu time :157488.9 secs   av.it.:  15.0
      thresh= 1.941E-05 alpha_mix =  0.700 |ddv_scf|^2 =  4.347E-10

      iter #   4 total cpu time :157680.1 secs   av.it.:  16.0
      thresh= 2.085E-06 alpha_mix =  0.700 |ddv_scf|^2 =  5.071E-12

      iter #   5 total cpu time :157863.1 secs   av.it.:  17.0
      thresh= 2.252E-07 alpha_mix =  0.700 |ddv_scf|^2 =  6.491E-13

      iter #   6 total cpu time :158043.8 secs   av.it.:  16.5
      thresh= 8.057E-08 alpha_mix =  0.700 |ddv_scf|^2 =  2.275E-14

      iter #   7 total cpu time :158224.6 secs   av.it.:  16.6
      thresh= 1.508E-08 alpha_mix =  0.700 |ddv_scf|^2 =  2.006E-15

     End of self-consistent calculation

     Convergence has been achieved 


     Representation #  11 modes #  21  22

     Self-consistent Calculation

      iter #   1 total cpu time :158306.8 secs   av.it.:   3.0
      thresh= 1.000E-02 alpha_mix =  0.700 |ddv_scf|^2 =  2.169E-09

      iter #   2 total cpu time :158498.7 secs   av.it.:  16.0
      thresh= 4.657E-06 alpha_mix =  0.700 |ddv_scf|^2 =  2.188E-09

      iter #   3 total cpu time :158677.8 secs   av.it.:  15.0
      thresh= 4.678E-06 alpha_mix =  0.700 |ddv_scf|^2 =  1.311E-11

      iter #   4 total cpu time :158869.5 secs   av.it.:  16.0
      thresh= 3.621E-07 alpha_mix =  0.700 |ddv_scf|^2 =  1.080E-12

      iter #   5 total cpu time :159057.9 secs   av.it.:  16.0
      thresh= 1.039E-07 alpha_mix =  0.700 |ddv_scf|^2 =  2.570E-14

      iter #   6 total cpu time :159251.0 secs   av.it.:  16.5
      thresh= 1.603E-08 alpha_mix =  0.700 |ddv_scf|^2 =  1.649E-15

     End of self-consistent calculation

     Convergence has been achieved 


     Representation #  12 modes #  23  24

     Self-consistent Calculation

      iter #   1 total cpu time :159333.2 secs   av.it.:   3.0
      thresh= 1.000E-02 alpha_mix =  0.700 |ddv_scf|^2 =  1.140E-09

      iter #   2 total cpu time :159514.0 secs   av.it.:  16.0
      thresh= 3.376E-06 alpha_mix =  0.700 |ddv_scf|^2 =  1.367E-09

      iter #   3 total cpu time :159682.9 secs   av.it.:  15.0
      thresh= 3.697E-06 alpha_mix =  0.700 |ddv_scf|^2 =  6.545E-12

      iter #   4 total cpu time :159870.7 secs   av.it.:  16.0
      thresh= 2.558E-07 alpha_mix =  0.700 |ddv_scf|^2 =  6.848E-13

      iter #   5 total cpu time :160060.0 secs   av.it.:  16.0
      thresh= 8.275E-08 alpha_mix =  0.700 |ddv_scf|^2 =  2.878E-14

      iter #   6 total cpu time :160251.4 secs   av.it.:  16.3
      thresh= 1.696E-08 alpha_mix =  0.700 |ddv_scf|^2 =  1.102E-15

     End of self-consistent calculation

     Convergence has been achieved 


     Representation #  13 modes #  25  26

     Self-consistent Calculation

      iter #   1 total cpu time :160334.2 secs   av.it.:   3.0
      thresh= 1.000E-02 alpha_mix =  0.700 |ddv_scf|^2 =  8.250E-10

      iter #   2 total cpu time :160519.2 secs   av.it.:  16.1
      thresh= 2.872E-06 alpha_mix =  0.700 |ddv_scf|^2 =  6.526E-10

      iter #   3 total cpu time :160690.7 secs   av.it.:  15.0
      thresh= 2.555E-06 alpha_mix =  0.700 |ddv_scf|^2 =  1.031E-11

      iter #   4 total cpu time :160873.8 secs   av.it.:  16.0
      thresh= 3.210E-07 alpha_mix =  0.700 |ddv_scf|^2 =  9.891E-13

      iter #   5 total cpu time :161065.6 secs   av.it.:  16.0
      thresh= 9.945E-08 alpha_mix =  0.700 |ddv_scf|^2 =  4.817E-14

      iter #   6 total cpu time :161256.0 secs   av.it.:  16.0
      thresh= 2.195E-08 alpha_mix =  0.700 |ddv_scf|^2 =  3.566E-15

     End of self-consistent calculation

     Convergence has been achieved 


     Representation #  14 modes #  27  28

     Self-consistent Calculation

      iter #   1 total cpu time :161341.7 secs   av.it.:   3.0
      thresh= 1.000E-02 alpha_mix =  0.700 |ddv_scf|^2 =  8.023E-10

      iter #   2 total cpu time :161530.4 secs   av.it.:  16.9
      thresh= 2.832E-06 alpha_mix =  0.700 |ddv_scf|^2 =  5.757E-10

      iter #   3 total cpu time :161705.3 secs   av.it.:  15.2
      thresh= 2.399E-06 alpha_mix =  0.700 |ddv_scf|^2 =  1.115E-11

      iter #   4 total cpu time :161886.1 secs   av.it.:  16.0
      thresh= 3.339E-07 alpha_mix =  0.700 |ddv_scf|^2 =  1.129E-12

      iter #   5 total cpu time :162065.7 secs   av.it.:  16.0
      thresh= 1.062E-07 alpha_mix =  0.700 |ddv_scf|^2 =  1.663E-14

      iter #   6 total cpu time :162257.5 secs   av.it.:  16.8
      thresh= 1.290E-08 alpha_mix =  0.700 |ddv_scf|^2 =  2.812E-15

     End of self-consistent calculation

     Convergence has been achieved 


     Representation #  15 modes #  29  30

     Self-consistent Calculation

      iter #   1 total cpu time :162378.5 secs   av.it.:   6.7
      thresh= 1.000E-02 alpha_mix =  0.700 |ddv_scf|^2 =  1.195E-07

      iter #   2 total cpu time :162567.0 secs   av.it.:  16.0
      thresh= 3.457E-05 alpha_mix =  0.700 |ddv_scf|^2 =  1.713E-07

      iter #   3 total cpu time :162744.9 secs   av.it.:  14.9
      thresh= 4.138E-05 alpha_mix =  0.700 |ddv_scf|^2 =  5.807E-10

      iter #   4 total cpu time :162931.4 secs   av.it.:  16.0
      thresh= 2.410E-06 alpha_mix =  0.700 |ddv_scf|^2 =  1.109E-11

      iter #   5 total cpu time :163121.5 secs   av.it.:  16.6
      thresh= 3.330E-07 alpha_mix =  0.700 |ddv_scf|^2 =  9.816E-13

      iter #   6 total cpu time :163306.3 secs   av.it.:  16.9
      thresh= 9.907E-08 alpha_mix =  0.700 |ddv_scf|^2 =  5.041E-14

      iter #   7 total cpu time :163485.9 secs   av.it.:  16.4
      thresh= 2.245E-08 alpha_mix =  0.700 |ddv_scf|^2 =  8.505E-15

     End of self-consistent calculation

     Convergence has been achieved 


     Representation #  16 modes #  31  32

     Self-consistent Calculation

      iter #   1 total cpu time :163565.5 secs   av.it.:   3.0
      thresh= 1.000E-02 alpha_mix =  0.700 |ddv_scf|^2 =  5.466E-10

      iter #   2 total cpu time :163749.0 secs   av.it.:  16.4
      thresh= 2.338E-06 alpha_mix =  0.700 |ddv_scf|^2 =  3.963E-10

      iter #   3 total cpu time :163925.7 secs   av.it.:  15.7
      thresh= 1.991E-06 alpha_mix =  0.700 |ddv_scf|^2 =  2.074E-11

      iter #   4 total cpu time :164099.9 secs   av.it.:  15.0
      thresh= 4.554E-07 alpha_mix =  0.700 |ddv_scf|^2 =  4.614E-13

      iter #   5 total cpu time :164284.5 secs   av.it.:  16.0
      thresh= 6.793E-08 alpha_mix =  0.700 |ddv_scf|^2 =  1.642E-14

      iter #   6 total cpu time :164471.2 secs   av.it.:  17.0
      thresh= 1.281E-08 alpha_mix =  0.700 |ddv_scf|^2 =  1.047E-15

     End of self-consistent calculation

     Convergence has been achieved 


     Representation #  17 modes #  33  34

     Self-consistent Calculation

      iter #   1 total cpu time :164554.9 secs   av.it.:   3.0
      thresh= 1.000E-02 alpha_mix =  0.700 |ddv_scf|^2 =  5.379E-09

      iter #   2 total cpu time :164731.6 secs   av.it.:  15.8
      thresh= 7.334E-06 alpha_mix =  0.700 |ddv_scf|^2 =  7.681E-09

      iter #   3 total cpu time :164902.4 secs   av.it.:  14.6
      thresh= 8.764E-06 alpha_mix =  0.700 |ddv_scf|^2 =  1.867E-12

      iter #   4 total cpu time :165091.4 secs   av.it.:  17.0
      thresh= 1.366E-07 alpha_mix =  0.700 |ddv_scf|^2 =  5.239E-13

      iter #   5 total cpu time :165275.4 secs   av.it.:  16.1
      thresh= 7.238E-08 alpha_mix =  0.700 |ddv_scf|^2 =  2.162E-14

      iter #   6 total cpu time :165455.9 secs   av.it.:  16.0
      thresh= 1.471E-08 alpha_mix =  0.700 |ddv_scf|^2 =  1.351E-15

     End of self-consistent calculation

     Convergence has been achieved 


     Representation #  18 modes #  35  36

     Self-consistent Calculation

      iter #   1 total cpu time :165551.8 secs   av.it.:   5.0
      thresh= 1.000E-02 alpha_mix =  0.700 |ddv_scf|^2 =  6.673E-09

      iter #   2 total cpu time :165733.9 secs   av.it.:  16.9
      thresh= 8.169E-06 alpha_mix =  0.700 |ddv_scf|^2 =  2.955E-09

      iter #   3 total cpu time :165907.9 secs   av.it.:  16.0
      thresh= 5.436E-06 alpha_mix =  0.700 |ddv_scf|^2 =  1.136E-11

      iter #   4 total cpu time :166094.4 secs   av.it.:  16.6
      thresh= 3.371E-07 alpha_mix =  0.700 |ddv_scf|^2 =  5.760E-12

      iter #   5 total cpu time :166276.5 secs   av.it.:  15.3
      thresh= 2.400E-07 alpha_mix =  0.700 |ddv_scf|^2 =  3.124E-13

      iter #   6 total cpu time :166466.0 secs   av.it.:  16.0
      thresh= 5.589E-08 alpha_mix =  0.700 |ddv_scf|^2 =  1.124E-14

      iter #   7 total cpu time :166662.3 secs   av.it.:  17.0
      thresh= 1.060E-08 alpha_mix =  0.700 |ddv_scf|^2 =  6.729E-16

     End of self-consistent calculation

     Convergence has been achieved 


     Representation #  19 modes #  37  38

     Self-consistent Calculation

      iter #   1 total cpu time :166751.3 secs   av.it.:   4.0
      thresh= 1.000E-02 alpha_mix =  0.700 |ddv_scf|^2 =  1.416E-09

      iter #   2 total cpu time :166947.3 secs   av.it.:  16.9
      thresh= 3.763E-06 alpha_mix =  0.700 |ddv_scf|^2 =  9.272E-10

      iter #   3 total cpu time :167133.8 secs   av.it.:  16.0
      thresh= 3.045E-06 alpha_mix =  0.700 |ddv_scf|^2 =  2.009E-11

      iter #   4 total cpu time :167313.6 secs   av.it.:  15.0
      thresh= 4.482E-07 alpha_mix =  0.700 |ddv_scf|^2 =  9.575E-13

      iter #   5 total cpu time :167508.5 secs   av.it.:  16.0
      thresh= 9.785E-08 alpha_mix =  0.700 |ddv_scf|^2 =  8.340E-14

      iter #   6 total cpu time :167702.1 secs   av.it.:  16.0
      thresh= 2.888E-08 alpha_mix =  0.700 |ddv_scf|^2 =  2.733E-14

      iter #   7 total cpu time :167883.2 secs   av.it.:  15.0
      thresh= 1.653E-08 alpha_mix =  0.700 |ddv_scf|^2 =  1.906E-16

     End of self-consistent calculation

     Convergence has been achieved 


     Representation #  20 modes #  39  40

     Self-consistent Calculation

      iter #   1 total cpu time :167981.9 secs   av.it.:   4.9
      thresh= 1.000E-02 alpha_mix =  0.700 |ddv_scf|^2 =  5.099E-09

      iter #   2 total cpu time :168175.8 secs   av.it.:  16.9
      thresh= 7.140E-06 alpha_mix =  0.700 |ddv_scf|^2 =  3.165E-09

      iter #   3 total cpu time :168362.8 secs   av.it.:  15.8
      thresh= 5.626E-06 alpha_mix =  0.700 |ddv_scf|^2 =  1.437E-10

      iter #   4 total cpu time :168545.6 secs   av.it.:  15.0
      thresh= 1.199E-06 alpha_mix =  0.700 |ddv_scf|^2 =  3.754E-12

      iter #   5 total cpu time :168737.4 secs   av.it.:  16.0
      thresh= 1.938E-07 alpha_mix =  0.700 |ddv_scf|^2 =  3.503E-13

      iter #   6 total cpu time :168933.7 secs   av.it.:  16.9
      thresh= 5.919E-08 alpha_mix =  0.700 |ddv_scf|^2 =  2.353E-14

      iter #   7 total cpu time :169131.7 secs   av.it.:  17.0
      thresh= 1.534E-08 alpha_mix =  0.700 |ddv_scf|^2 =  2.115E-15

     End of self-consistent calculation

     Convergence has been achieved 


     Representation #  21 modes #  41  42

     Self-consistent Calculation

      iter #   1 total cpu time :169216.2 secs   av.it.:   3.0
      thresh= 1.000E-02 alpha_mix =  0.700 |ddv_scf|^2 =  1.375E-09

      iter #   2 total cpu time :169406.5 secs   av.it.:  16.0
      thresh= 3.708E-06 alpha_mix =  0.700 |ddv_scf|^2 =  1.025E-09

      iter #   3 total cpu time :169587.2 secs   av.it.:  15.0
      thresh= 3.201E-06 alpha_mix =  0.700 |ddv_scf|^2 =  1.939E-11

      iter #   4 total cpu time :169772.2 secs   av.it.:  15.6
      thresh= 4.404E-07 alpha_mix =  0.700 |ddv_scf|^2 =  7.101E-13

      iter #   5 total cpu time :169963.8 secs   av.it.:  16.0
      thresh= 8.427E-08 alpha_mix =  0.700 |ddv_scf|^2 =  2.368E-14

      iter #   6 total cpu time :170158.8 secs   av.it.:  16.3
      thresh= 1.539E-08 alpha_mix =  0.700 |ddv_scf|^2 =  5.930E-15

     End of self-consistent calculation

     Convergence has been achieved 


     Representation #  22 modes #  43  44

     Self-consistent Calculation

      iter #   1 total cpu time :170246.1 secs   av.it.:   3.3
      thresh= 1.000E-02 alpha_mix =  0.700 |ddv_scf|^2 =  3.258E-09

      iter #   2 total cpu time :170437.9 secs   av.it.:  16.0
      thresh= 5.707E-06 alpha_mix =  0.700 |ddv_scf|^2 =  4.312E-09

      iter #   3 total cpu time :170616.4 secs   av.it.:  14.9
      thresh= 6.567E-06 alpha_mix =  0.700 |ddv_scf|^2 =  1.254E-11

      iter #   4 total cpu time :170812.1 secs   av.it.:  16.6
      thresh= 3.541E-07 alpha_mix =  0.700 |ddv_scf|^2 =  5.893E-13

      iter #   5 total cpu time :171007.5 secs   av.it.:  16.6
      thresh= 7.677E-08 alpha_mix =  0.700 |ddv_scf|^2 =  4.791E-14

      iter #   6 total cpu time :171198.0 secs   av.it.:  16.0
      thresh= 2.189E-08 alpha_mix =  0.700 |ddv_scf|^2 =  6.319E-15

     End of self-consistent calculation

     Convergence has been achieved 


     Representation #  23 modes #  45  46

     Self-consistent Calculation

      iter #   1 total cpu time :171281.3 secs   av.it.:   3.0
      thresh= 1.000E-02 alpha_mix =  0.700 |ddv_scf|^2 =  3.033E-10

      iter #   2 total cpu time :171480.8 secs   av.it.:  17.0
      thresh= 1.742E-06 alpha_mix =  0.700 |ddv_scf|^2 =  9.193E-11

      iter #   3 total cpu time :171674.6 secs   av.it.:  16.0
      thresh= 9.588E-07 alpha_mix =  0.700 |ddv_scf|^2 =  8.692E-12

      iter #   4 total cpu time :171859.3 secs   av.it.:  15.1
      thresh= 2.948E-07 alpha_mix =  0.700 |ddv_scf|^2 =  6.635E-13

      iter #   5 total cpu time :172052.3 secs   av.it.:  16.0
      thresh= 8.146E-08 alpha_mix =  0.700 |ddv_scf|^2 =  2.355E-14

      iter #   6 total cpu time :172249.9 secs   av.it.:  16.8
      thresh= 1.534E-08 alpha_mix =  0.700 |ddv_scf|^2 =  1.587E-15

     End of self-consistent calculation

     Convergence has been achieved 


     Representation #  24 modes #  47  48

     Self-consistent Calculation

      iter #   1 total cpu time :172334.8 secs   av.it.:   3.0
      thresh= 1.000E-02 alpha_mix =  0.700 |ddv_scf|^2 =  1.994E-09

      iter #   2 total cpu time :172525.3 secs   av.it.:  16.0
      thresh= 4.466E-06 alpha_mix =  0.700 |ddv_scf|^2 =  2.170E-09

      iter #   3 total cpu time :172704.0 secs   av.it.:  15.0
      thresh= 4.659E-06 alpha_mix =  0.700 |ddv_scf|^2 =  9.968E-12

      iter #   4 total cpu time :172899.1 secs   av.it.:  16.1
      thresh= 3.157E-07 alpha_mix =  0.700 |ddv_scf|^2 =  6.839E-13

      iter #   5 total cpu time :173093.4 secs   av.it.:  16.1
      thresh= 8.270E-08 alpha_mix =  0.700 |ddv_scf|^2 =  2.854E-14

      iter #   6 total cpu time :173286.7 secs   av.it.:  16.0
      thresh= 1.689E-08 alpha_mix =  0.700 |ddv_scf|^2 =  2.103E-15

     End of self-consistent calculation

     Convergence has been achieved 


     Representation #  25 modes #  49  50

     Self-consistent Calculation

      iter #   1 total cpu time :173385.7 secs   av.it.:   4.3
      thresh= 1.000E-02 alpha_mix =  0.700 |ddv_scf|^2 =  4.260E-09

      iter #   2 total cpu time :173584.1 secs   av.it.:  16.6
      thresh= 6.527E-06 alpha_mix =  0.700 |ddv_scf|^2 =  3.468E-09

      iter #   3 total cpu time :173767.3 secs   av.it.:  15.0
      thresh= 5.889E-06 alpha_mix =  0.700 |ddv_scf|^2 =  1.132E-10

      iter #   4 total cpu time :173955.4 secs   av.it.:  15.9
      thresh= 1.064E-06 alpha_mix =  0.700 |ddv_scf|^2 =  2.644E-12

      iter #   5 total cpu time :174150.9 secs   av.it.:  16.1
      thresh= 1.626E-07 alpha_mix =  0.700 |ddv_scf|^2 =  2.690E-13

      iter #   6 total cpu time :174348.8 secs   av.it.:  16.5
      thresh= 5.187E-08 alpha_mix =  0.700 |ddv_scf|^2 =  1.559E-14

      iter #   7 total cpu time :174548.6 secs   av.it.:  16.9
      thresh= 1.249E-08 alpha_mix =  0.700 |ddv_scf|^2 =  1.716E-15

     End of self-consistent calculation

     Convergence has been achieved 


     Representation #  26 modes #  51  52

     Self-consistent Calculation

      iter #   1 total cpu time :174640.7 secs   av.it.:   4.0
      thresh= 1.000E-02 alpha_mix =  0.700 |ddv_scf|^2 =  5.993E-09

      iter #   2 total cpu time :174832.7 secs   av.it.:  16.0
      thresh= 7.741E-06 alpha_mix =  0.700 |ddv_scf|^2 =  7.758E-09

      iter #   3 total cpu time :175012.7 secs   av.it.:  15.0
      thresh= 8.808E-06 alpha_mix =  0.700 |ddv_scf|^2 =  1.859E-11

      iter #   4 total cpu time :175207.3 secs   av.it.:  16.0
      thresh= 4.312E-07 alpha_mix =  0.700 |ddv_scf|^2 =  7.398E-13

      iter #   5 total cpu time :175404.1 secs   av.it.:  16.2
      thresh= 8.601E-08 alpha_mix =  0.700 |ddv_scf|^2 =  1.241E-13

      iter #   6 total cpu time :175592.9 secs   av.it.:  16.0
      thresh= 3.523E-08 alpha_mix =  0.700 |ddv_scf|^2 =  1.970E-14

      iter #   7 total cpu time :175778.7 secs   av.it.:  15.5
      thresh= 1.404E-08 alpha_mix =  0.700 |ddv_scf|^2 =  2.296E-16

     End of self-consistent calculation

     Convergence has been achieved 


     Representation #  27 modes #  53  54

     Self-consistent Calculation

      iter #   1 total cpu time :175896.8 secs   av.it.:   6.7
      thresh= 1.000E-02 alpha_mix =  0.700 |ddv_scf|^2 =  1.890E-07

      iter #   2 total cpu time :176076.7 secs   av.it.:  16.0
      thresh= 4.347E-05 alpha_mix =  0.700 |ddv_scf|^2 =  2.659E-07

      iter #   3 total cpu time :176251.4 secs   av.it.:  14.9
      thresh= 5.157E-05 alpha_mix =  0.700 |ddv_scf|^2 =  3.832E-10

      iter #   4 total cpu time :176446.6 secs   av.it.:  16.0
      thresh= 1.958E-06 alpha_mix =  0.700 |ddv_scf|^2 =  1.613E-11

      iter #   5 total cpu time :176641.6 secs   av.it.:  16.2
      thresh= 4.016E-07 alpha_mix =  0.700 |ddv_scf|^2 =  8.906E-13

      iter #   6 total cpu time :176832.4 secs   av.it.:  17.0
      thresh= 9.437E-08 alpha_mix =  0.700 |ddv_scf|^2 =  9.389E-14

      iter #   7 total cpu time :177013.3 secs   av.it.:  16.0
      thresh= 3.064E-08 alpha_mix =  0.700 |ddv_scf|^2 =  1.200E-14

      iter #   8 total cpu time :177194.6 secs   av.it.:  16.0
      thresh= 1.095E-08 alpha_mix =  0.700 |ddv_scf|^2 =  2.466E-15

     End of self-consistent calculation

     Convergence has been achieved 


     Representation #  28 modes #  55  56

     Self-consistent Calculation

      iter #   1 total cpu time :177275.5 secs   av.it.:   3.0
      thresh= 1.000E-02 alpha_mix =  0.700 |ddv_scf|^2 =  2.559E-09

      iter #   2 total cpu time :177453.5 secs   av.it.:  16.0
      thresh= 5.059E-06 alpha_mix =  0.700 |ddv_scf|^2 =  2.902E-09

      iter #   3 total cpu time :177621.0 secs   av.it.:  14.9
      thresh= 5.387E-06 alpha_mix =  0.700 |ddv_scf|^2 =  1.238E-11

      iter #   4 total cpu time :177803.3 secs   av.it.:  16.0
      thresh= 3.519E-07 alpha_mix =  0.700 |ddv_scf|^2 =  4.516E-13

      iter #   5 total cpu time :177989.8 secs   av.it.:  17.0
      thresh= 6.720E-08 alpha_mix =  0.700 |ddv_scf|^2 =  3.552E-14

      iter #   6 total cpu time :178172.5 secs   av.it.:  16.0
      thresh= 1.885E-08 alpha_mix =  0.700 |ddv_scf|^2 =  2.638E-15

     End of self-consistent calculation

     Convergence has been achieved 


     Representation #  29 modes #  57  58

     Self-consistent Calculation

      iter #   1 total cpu time :178255.9 secs   av.it.:   3.1
      thresh= 1.000E-02 alpha_mix =  0.700 |ddv_scf|^2 =  9.671E-10

      iter #   2 total cpu time :178441.6 secs   av.it.:  16.0
      thresh= 3.110E-06 alpha_mix =  0.700 |ddv_scf|^2 =  7.612E-10

      iter #   3 total cpu time :178624.6 secs   av.it.:  15.0
      thresh= 2.759E-06 alpha_mix =  0.700 |ddv_scf|^2 =  9.939E-12

      iter #   4 total cpu time :178816.6 secs   av.it.:  16.0
      thresh= 3.153E-07 alpha_mix =  0.700 |ddv_scf|^2 =  1.120E-12

      iter #   5 total cpu time :179009.2 secs   av.it.:  16.0
      thresh= 1.059E-07 alpha_mix =  0.700 |ddv_scf|^2 =  1.908E-14

      iter #   6 total cpu time :179205.3 secs   av.it.:  16.7
      thresh= 1.381E-08 alpha_mix =  0.700 |ddv_scf|^2 =  1.297E-15

     End of self-consistent calculation

     Convergence has been achieved 


     Representation #  30 modes #  59  60

     Self-consistent Calculation

      iter #   1 total cpu time :179305.3 secs   av.it.:   5.0
      thresh= 1.000E-02 alpha_mix =  0.700 |ddv_scf|^2 =  1.692E-08

      iter #   2 total cpu time :179493.9 secs   av.it.:  16.0
      thresh= 1.301E-05 alpha_mix =  0.700 |ddv_scf|^2 =  2.188E-08

      iter #   3 total cpu time :179670.6 secs   av.it.:  14.9
      thresh= 1.479E-05 alpha_mix =  0.700 |ddv_scf|^2 =  5.815E-11

      iter #   4 total cpu time :179863.9 secs   av.it.:  16.9
      thresh= 7.625E-07 alpha_mix =  0.700 |ddv_scf|^2 =  8.600E-12

      iter #   5 total cpu time :180050.0 secs   av.it.:  16.0
      thresh= 2.933E-07 alpha_mix =  0.700 |ddv_scf|^2 =  2.122E-13

      iter #   6 total cpu time :180242.9 secs   av.it.:  16.9
      thresh= 4.606E-08 alpha_mix =  0.700 |ddv_scf|^2 =  2.509E-14

      iter #   7 total cpu time :180431.4 secs   av.it.:  16.1
      thresh= 1.584E-08 alpha_mix =  0.700 |ddv_scf|^2 =  6.231E-16

     End of self-consistent calculation

     Convergence has been achieved 


     Representation #  31 modes #  61  62

     Self-consistent Calculation

      iter #   1 total cpu time :180517.9 secs   av.it.:   3.3
      thresh= 1.000E-02 alpha_mix =  0.700 |ddv_scf|^2 =  2.107E-09

      iter #   2 total cpu time :180705.3 secs   av.it.:  16.0
      thresh= 4.590E-06 alpha_mix =  0.700 |ddv_scf|^2 =  2.091E-09

      iter #   3 total cpu time :180881.3 secs   av.it.:  15.0
      thresh= 4.572E-06 alpha_mix =  0.700 |ddv_scf|^2 =  1.734E-11

      iter #   4 total cpu time :181064.3 secs   av.it.:  16.0
      thresh= 4.164E-07 alpha_mix =  0.700 |ddv_scf|^2 =  7.006E-13

      iter #   5 total cpu time :181251.4 secs   av.it.:  16.1
      thresh= 8.370E-08 alpha_mix =  0.700 |ddv_scf|^2 =  4.809E-14

      iter #   6 total cpu time :181441.1 secs   av.it.:  16.9
      thresh= 2.193E-08 alpha_mix =  0.700 |ddv_scf|^2 =  4.578E-15

     End of self-consistent calculation

     Convergence has been achieved 


     Representation #  32 modes #  63  64

     Self-consistent Calculation

      iter #   1 total cpu time :181523.5 secs   av.it.:   3.0
      thresh= 1.000E-02 alpha_mix =  0.700 |ddv_scf|^2 =  4.243E-10

      iter #   2 total cpu time :181716.6 secs   av.it.:  17.0
      thresh= 2.060E-06 alpha_mix =  0.700 |ddv_scf|^2 =  1.467E-10

      iter #   3 total cpu time :181899.3 secs   av.it.:  16.0
      thresh= 1.211E-06 alpha_mix =  0.700 |ddv_scf|^2 =  7.616E-12

      iter #   4 total cpu time :182076.3 secs   av.it.:  16.0
      thresh= 2.760E-07 alpha_mix =  0.700 |ddv_scf|^2 =  1.010E-12

      iter #   5 total cpu time :182257.6 secs   av.it.:  15.8
      thresh= 1.005E-07 alpha_mix =  0.700 |ddv_scf|^2 =  4.020E-14

      iter #   6 total cpu time :182442.0 secs   av.it.:  16.0
      thresh= 2.005E-08 alpha_mix =  0.700 |ddv_scf|^2 =  3.229E-15

     End of self-consistent calculation

     Convergence has been achieved 


     Representation #  33 modes #  65  66

     Self-consistent Calculation

      iter #   1 total cpu time :182527.0 secs   av.it.:   3.1
      thresh= 1.000E-02 alpha_mix =  0.700 |ddv_scf|^2 =  9.099E-10

      iter #   2 total cpu time :182719.7 secs   av.it.:  16.9
      thresh= 3.017E-06 alpha_mix =  0.700 |ddv_scf|^2 =  7.083E-10

      iter #   3 total cpu time :182900.6 secs   av.it.:  15.7
      thresh= 2.661E-06 alpha_mix =  0.700 |ddv_scf|^2 =  9.469E-12

      iter #   4 total cpu time :183088.5 secs   av.it.:  16.0
      thresh= 3.077E-07 alpha_mix =  0.700 |ddv_scf|^2 =  1.358E-12

      iter #   5 total cpu time :183278.3 secs   av.it.:  16.0
      thresh= 1.165E-07 alpha_mix =  0.700 |ddv_scf|^2 =  3.534E-14

      iter #   6 total cpu time :183470.0 secs   av.it.:  16.5
      thresh= 1.880E-08 alpha_mix =  0.700 |ddv_scf|^2 =  2.988E-15

     End of self-consistent calculation

     Convergence has been achieved 

     Number of q in the star =    1
     List of q in the star:
          1  -0.500000000   0.000000000   0.000000000

     Diagonalizing the dynamical matrix

     q = (   -0.500000000   0.000000000   0.000000000 ) 

 **************************************************************************
     freq (    1) =       1.209188 [THz] =      40.334181 [cm-1]
     freq (    2) =       1.209188 [THz] =      40.334181 [cm-1]
     freq (    3) =       1.407226 [THz] =      46.940000 [cm-1]
     freq (    4) =       1.407226 [THz] =      46.940000 [cm-1]
     freq (    5) =       1.674538 [THz] =      55.856571 [cm-1]
     freq (    6) =       1.674538 [THz] =      55.856571 [cm-1]
     freq (    7) =       4.612205 [THz] =     153.846595 [cm-1]
     freq (    8) =       4.612205 [THz] =     153.846595 [cm-1]
     freq (    9) =       5.877800 [THz] =     196.062301 [cm-1]
     freq (   10) =       5.877800 [THz] =     196.062301 [cm-1]
     freq (   11) =       5.982563 [THz] =     199.556806 [cm-1]
     freq (   12) =       5.982563 [THz] =     199.556806 [cm-1]
     freq (   13) =       6.387193 [THz] =     213.053823 [cm-1]
     freq (   14) =       6.387193 [THz] =     213.053823 [cm-1]
     freq (   15) =       6.791742 [THz] =     226.548143 [cm-1]
     freq (   16) =       6.791742 [THz] =     226.548143 [cm-1]
     freq (   17) =       7.897509 [THz] =     263.432532 [cm-1]
     freq (   18) =       7.897509 [THz] =     263.432532 [cm-1]
     freq (   19) =       8.051703 [THz] =     268.575913 [cm-1]
     freq (   20) =       8.051703 [THz] =     268.575913 [cm-1]
     freq (   21) =       8.678433 [THz] =     289.481355 [cm-1]
     freq (   22) =       8.678433 [THz] =     289.481355 [cm-1]
     freq (   23) =       8.886267 [THz] =     296.413953 [cm-1]
     freq (   24) =       8.886267 [THz] =     296.413953 [cm-1]
     freq (   25) =       9.904887 [THz] =     330.391469 [cm-1]
     freq (   26) =       9.904887 [THz] =     330.391469 [cm-1]
     freq (   27) =      12.233731 [THz] =     408.073333 [cm-1]
     freq (   28) =      12.233731 [THz] =     408.073333 [cm-1]
     freq (   29) =      12.491973 [THz] =     416.687380 [cm-1]
     freq (   30) =      12.491973 [THz] =     416.687380 [cm-1]
     freq (   31) =      30.747591 [THz] =    1025.629250 [cm-1]
     freq (   32) =      30.747591 [THz] =    1025.629250 [cm-1]
     freq (   33) =      30.904889 [THz] =    1030.876145 [cm-1]
     freq (   34) =      30.904889 [THz] =    1030.876145 [cm-1]
     freq (   35) =      31.871854 [THz] =    1063.130620 [cm-1]
     freq (   36) =      31.871854 [THz] =    1063.130620 [cm-1]
     freq (   37) =      32.099458 [THz] =    1070.722658 [cm-1]
     freq (   38) =      32.099458 [THz] =    1070.722658 [cm-1]
     freq (   39) =      32.123086 [THz] =    1071.510809 [cm-1]
     freq (   40) =      32.123086 [THz] =    1071.510809 [cm-1]
     freq (   41) =      32.330042 [THz] =    1078.414105 [cm-1]
     freq (   42) =      32.330042 [THz] =    1078.414105 [cm-1]
     freq (   43) =      35.964557 [THz] =    1199.648501 [cm-1]
     freq (   44) =      35.964557 [THz] =    1199.648501 [cm-1]
     freq (   45) =      35.972766 [THz] =    1199.922319 [cm-1]
     freq (   46) =      35.972766 [THz] =    1199.922319 [cm-1]
     freq (   47) =      36.030639 [THz] =    1201.852757 [cm-1]
     freq (   48) =      36.030639 [THz] =    1201.852757 [cm-1]
     freq (   49) =      36.295369 [THz] =    1210.683196 [cm-1]
     freq (   50) =      36.295369 [THz] =    1210.683196 [cm-1]
     freq (   51) =      68.265630 [THz] =    2277.096305 [cm-1]
     freq (   52) =      68.265630 [THz] =    2277.096305 [cm-1]
     freq (   53) =      68.387896 [THz] =    2281.174669 [cm-1]
     freq (   54) =      68.387896 [THz] =    2281.174669 [cm-1]
     freq (   55) =      70.061879 [THz] =    2337.012739 [cm-1]
     freq (   56) =      70.061879 [THz] =    2337.012739 [cm-1]
     freq (   57) =      70.198072 [THz] =    2341.555641 [cm-1]
     freq (   58) =      70.198072 [THz] =    2341.555641 [cm-1]
     freq (   59) =      70.776576 [THz] =    2360.852441 [cm-1]
     freq (   60) =      70.776576 [THz] =    2360.852441 [cm-1]
     freq (   61) =      70.971662 [THz] =    2367.359826 [cm-1]
     freq (   62) =      70.971662 [THz] =    2367.359826 [cm-1]
     freq (   63) =      71.175775 [THz] =    2374.168284 [cm-1]
     freq (   64) =      71.175775 [THz] =    2374.168284 [cm-1]
     freq (   65) =      71.227168 [THz] =    2375.882595 [cm-1]
     freq (   66) =      71.227168 [THz] =    2375.882595 [cm-1]
 **************************************************************************

     Calculation of q =   -0.5000000   0.0000000  -0.7518535

     Parallelization info
     --------------------
     sticks:   dense  smooth     PW     G-vecs:    dense   smooth      PW
     Min         460     230     62                24198     8554    1227
     Max         461     231     64                24201     8557    1229
     Sum       11053    5527   1515               580795   205333   29471

     Using Slab Decomposition



     bravais-lattice index     =            8
     lattice parameter (alat)  =      13.1499  a.u.
     unit-cell volume          =    1519.7234 (a.u.)^3
     number of atoms/cell      =           22
     number of atomic types    =            3
     number of electrons       =        48.00
     number of Kohn-Sham states=           24
     kinetic-energy cutoff     =     100.0000  Ry
     charge density cutoff     =     800.0000  Ry
     Exchange-correlation= PBESOL
                           (   1   4  10   8   0   0   0)

     celldm(1)=  13.149863  celldm(2)=   1.004995  celldm(3)=   0.665023
     celldm(4)=   0.000000  celldm(5)=   0.000000  celldm(6)=   0.000000

     crystal axes: (cart. coord. in units of alat)
               a(1) = (   1.000000   0.000000   0.000000 )  
               a(2) = (   0.000000   1.004995   0.000000 )  
               a(3) = (   0.000000   0.000000   0.665023 )  

     reciprocal axes: (cart. coord. in units 2 pi/alat)
               b(1) = (  1.000000  0.000000  0.000000 )  
               b(2) = (  0.000000  0.995030  0.000000 )  
               b(3) = (  0.000000  0.000000  1.503707 )  


     PseudoPot. # 1 for B  read from file:
     /home/mehlhorn/pseudos/b_pbesol_v1.4.uspp.F.UPF
     MD5 check sum: 369b69bef2c3aeed4453bd8b804fd6a8
     Pseudo is Ultrasoft + core correction, Zval =  3.0
     Generated by new atomic code, or converted to UPF format
     Using radial grid of  781 points,  4 beta functions with: 
                l(1) =   0
                l(2) =   0
                l(3) =   1
                l(4) =   1
     Q(r) pseudized with  8 coefficients,  rinner =    1.100   1.100   1.100


     PseudoPot. # 2 for Ba read from file:
     /home/mehlhorn/pseudos/Ba.nc.z_10.oncvpsp4.dojo.v4-sp.upf
     MD5 check sum: c10ed334bb677c0554edec7181ce9143
     Pseudo is Norm-conserving + core correction, Zval = 10.0
     Generated using ONCVPSP code by D. R. Hamann
     Using radial grid of 1938 points,  8 beta functions with: 
                l(1) =   0
                l(2) =   0
                l(3) =   1
                l(4) =   1
                l(5) =   2
                l(6) =   2
                l(7) =   3
                l(8) =   3

     PseudoPot. # 3 for H  read from file:
     /home/mehlhorn/pseudos/H_ONCV_PBEsol-1.0.upf
     MD5 check sum: 398ef8f67c0a7342c05c87c5e19ea467
     Pseudo is Norm-conserving, Zval =  1.0
     Generated using ONCVPSP code by D. R. Hamann
     Using radial grid of 1180 points,  2 beta functions with: 
                l(1) =   0
                l(2) =   0

     atomic species   valence    mass     pseudopotential
     B                 3.00    10.81100     B ( 1.00)
     Ba               10.00   137.32700     Ba( 1.00)
     H                 1.00     1.00794     H ( 1.00)

      4 Sym. Ops. (no inversion) found



   Cartesian axes

     site n.     atom                  positions (alat units)
         1        Ba     tau(   1) = (   0.5000000   0.5024976   0.3325149  )
         2        Ba     tau(   2) = (   0.0000000   0.0000000   0.6650199  )
         3        B      tau(   3) = (   0.6221553   0.2503544   0.0000034  )
         4        B      tau(   4) = (   0.3778447   0.7546409   0.0000034  )
         5        B      tau(   5) = (   0.1221553   0.2521432   0.3325082  )
         6        B      tau(   6) = (   0.8778447   0.7528520   0.3325082  )
         7        H      tau(   7) = (   0.4492521   0.2889572  -0.0000129  )
         8        H      tau(   8) = (   0.5507479   0.7160381  -0.0000129  )
         9        H      tau(   9) = (   0.9492521   0.2135405   0.3325245  )
        10        H      tau(  10) = (   0.0507479   0.7914548   0.3325245  )
        11        H      tau(  11) = (   0.7177062   0.4004542   0.0000031  )
        12        H      tau(  12) = (   0.2822938   0.6045411   0.0000031  )
        13        H      tau(  13) = (   0.2177062   0.1020434   0.3325085  )
        14        H      tau(  14) = (   0.7822938   0.9029519   0.3325085  )
        15        H      tau(  15) = (   0.6574615   0.1574470   0.5188345  )
        16        H      tau(  16) = (   0.3425385   0.8475482   0.5188345  )
        17        H      tau(  17) = (   0.1574615   0.3450506   0.4787003  )
        18        H      tau(  18) = (   0.8425385   0.6599447   0.4787003  )
        19        H      tau(  19) = (   0.3425472   0.8475474   0.1461992  )
        20        H      tau(  20) = (   0.6574528   0.1574478   0.1461992  )
        21        H      tau(  21) = (   0.8425472   0.6599455   0.1863124  )
        22        H      tau(  22) = (   0.1574528   0.3450498   0.1863124  )

     number of k points=    54
                       cart. coord. in units 2pi/alat
        k(    1) = (   0.0000000   0.0000000   0.0000000), wk =   0.0160000
        k(    2) = (  -0.5000000   0.0000000  -0.7518535), wk =   0.0000000
        k(    3) = (   0.0000000   0.0000000   0.3007414), wk =   0.0320000
        k(    4) = (  -0.5000000   0.0000000  -0.4511121), wk =   0.0000000
        k(    5) = (   0.0000000   0.0000000   0.6014828), wk =   0.0320000
        k(    6) = (  -0.5000000   0.0000000  -0.1503707), wk =   0.0000000
        k(    7) = (   0.0000000   0.1990059   0.0000000), wk =   0.0320000
        k(    8) = (  -0.5000000   0.1990059  -0.7518535), wk =   0.0000000
        k(    9) = (   0.0000000   0.1990059   0.3007414), wk =   0.0640000
        k(   10) = (  -0.5000000   0.1990059  -0.4511121), wk =   0.0000000
        k(   11) = (   0.0000000   0.1990059   0.6014828), wk =   0.0640000
        k(   12) = (  -0.5000000   0.1990059  -0.1503707), wk =   0.0000000
        k(   13) = (   0.0000000   0.3980118   0.0000000), wk =   0.0320000
        k(   14) = (  -0.5000000   0.3980118  -0.7518535), wk =   0.0000000
        k(   15) = (   0.0000000   0.3980118   0.3007414), wk =   0.0640000
        k(   16) = (  -0.5000000   0.3980118  -0.4511121), wk =   0.0000000
        k(   17) = (   0.0000000   0.3980118   0.6014828), wk =   0.0640000
        k(   18) = (  -0.5000000   0.3980118  -0.1503707), wk =   0.0000000
        k(   19) = (   0.2000000   0.0000000   0.0000000), wk =   0.0320000
        k(   20) = (  -0.3000000   0.0000000  -0.7518535), wk =   0.0000000
        k(   21) = (   0.2000000   0.0000000   0.3007414), wk =   0.0640000
        k(   22) = (  -0.3000000   0.0000000  -0.4511121), wk =   0.0000000
        k(   23) = (   0.2000000   0.0000000   0.6014828), wk =   0.0640000
        k(   24) = (  -0.3000000   0.0000000  -0.1503707), wk =   0.0000000
        k(   25) = (   0.2000000   0.1990059   0.0000000), wk =   0.0640000
        k(   26) = (  -0.3000000   0.1990059  -0.7518535), wk =   0.0000000
        k(   27) = (   0.2000000   0.1990059   0.3007414), wk =   0.1280000
        k(   28) = (  -0.3000000   0.1990059  -0.4511121), wk =   0.0000000
        k(   29) = (   0.2000000   0.1990059   0.6014828), wk =   0.1280000
        k(   30) = (  -0.3000000   0.1990059  -0.1503707), wk =   0.0000000
        k(   31) = (   0.2000000   0.3980118   0.0000000), wk =   0.0640000
        k(   32) = (  -0.3000000   0.3980118  -0.7518535), wk =   0.0000000
        k(   33) = (   0.2000000   0.3980118   0.3007414), wk =   0.1280000
        k(   34) = (  -0.3000000   0.3980118  -0.4511121), wk =   0.0000000
        k(   35) = (   0.2000000   0.3980118   0.6014828), wk =   0.1280000
        k(   36) = (  -0.3000000   0.3980118  -0.1503707), wk =   0.0000000
        k(   37) = (   0.4000000   0.0000000   0.0000000), wk =   0.0320000
        k(   38) = (  -0.1000000   0.0000000  -0.7518535), wk =   0.0000000
        k(   39) = (   0.4000000   0.0000000   0.3007414), wk =   0.0640000
        k(   40) = (  -0.1000000   0.0000000  -0.4511121), wk =   0.0000000
        k(   41) = (   0.4000000   0.0000000   0.6014828), wk =   0.0640000
        k(   42) = (  -0.1000000   0.0000000  -0.1503707), wk =   0.0000000
        k(   43) = (   0.4000000   0.1990059   0.0000000), wk =   0.0640000
        k(   44) = (  -0.1000000   0.1990059  -0.7518535), wk =   0.0000000
        k(   45) = (   0.4000000   0.1990059   0.3007414), wk =   0.1280000
        k(   46) = (  -0.1000000   0.1990059  -0.4511121), wk =   0.0000000
        k(   47) = (   0.4000000   0.1990059   0.6014828), wk =   0.1280000
        k(   48) = (  -0.1000000   0.1990059  -0.1503707), wk =   0.0000000
        k(   49) = (   0.4000000   0.3980118   0.0000000), wk =   0.0640000
        k(   50) = (  -0.1000000   0.3980118  -0.7518535), wk =   0.0000000
        k(   51) = (   0.4000000   0.3980118   0.3007414), wk =   0.1280000
        k(   52) = (  -0.1000000   0.3980118  -0.4511121), wk =   0.0000000
        k(   53) = (   0.4000000   0.3980118   0.6014828), wk =   0.1280000
        k(   54) = (  -0.1000000   0.3980118  -0.1503707), wk =   0.0000000

     Dense  grid:   580795 G-vectors     FFT dimensions: ( 120, 120,  80)

     Smooth grid:   205333 G-vectors     FFT dimensions: (  90,  90,  60)

     Estimated max dynamical RAM per process >      52.73 MB

     Estimated total dynamical RAM >       1.24 GB

     The potential is recalculated from file :
     ./_ph0/pwscf.q_6/pwscf.save/charge-density

     Starting wfcs are   42 atomic wfcs

     Band Structure Calculation
     Davidson diagonalization with overlap

     ethr =  2.08E-11,  avg # of iterations = 21.8

     total cpu time spent up to now is     1045.7 secs

     End of band structure calculation

          k = 0.0000 0.0000 0.0000 ( 25605 PWs)   bands (ev):

   -24.3490 -24.3424  -9.8493  -9.7888  -9.6043  -9.5683  -9.5211  -9.4692
    -6.2954  -5.4245  -4.8456  -4.7501  -1.9996  -1.0651  -1.0565  -0.7047
    -0.5314  -0.4256  -0.3215  -0.2480   0.0202   0.3169   0.3292   0.3606

          k =-0.5000 0.0000-0.7519 ( 25668 PWs)   bands (ev):

   -24.3324 -24.3324 -10.0193 -10.0193  -9.6069  -9.6069  -9.5843  -9.5843
    -5.3561  -5.3561  -4.8929  -4.8929  -2.0271  -2.0271  -0.7718  -0.7718
    -0.3191  -0.3191  -0.2826  -0.2826   0.1179   0.1179   0.1381   0.1381

          k = 0.0000 0.0000 0.3007 ( 25610 PWs)   bands (ev):

   -24.3438 -24.3384  -9.7887  -9.7410  -9.7007  -9.6731  -9.5905  -9.5641
    -5.9568  -5.2250  -4.9646  -4.8909  -1.7164  -1.3728  -1.0041  -0.9195
    -0.6232  -0.5430  -0.2758  -0.1297   0.0923   0.1860   0.2095   0.3303

          k =-0.5000 0.0000-0.4511 ( 25674 PWs)   bands (ev):

   -24.3370 -24.3370  -9.8733  -9.8733  -9.6545  -9.6545  -9.6017  -9.6017
    -5.3192  -5.3192  -5.0881  -5.0881  -1.6576  -1.6576  -0.9700  -0.9700
    -0.4033  -0.4033  -0.2339  -0.2339   0.0674   0.0674   0.2000   0.2000

          k = 0.0000 0.0000 0.6015 ( 25676 PWs)   bands (ev):

   -24.3347 -24.3327  -9.9565  -9.9512  -9.6649  -9.6443  -9.5865  -9.5752
    -5.3328  -5.1570  -5.1317  -5.0244  -1.5433  -1.4387  -1.3896  -1.1548
    -0.5474  -0.5454  -0.2223  -0.1142   0.0585   0.1041   0.1964   0.2398

          k =-0.5000 0.0000-0.1504 ( 25648 PWs)   bands (ev):

   -24.3444 -24.3444  -9.7339  -9.7339  -9.6875  -9.6875  -9.5374  -9.5374
    -5.6837  -5.6837  -4.9716  -4.9716  -1.3865  -1.3865  -0.7660  -0.7660
    -0.3803  -0.3803  -0.3535  -0.3535  -0.0702  -0.0702   0.1882   0.1882

          k = 0.0000 0.1990 0.0000 ( 25628 PWs)   bands (ev):

   -24.3484 -24.3430  -9.8328  -9.7719  -9.6311  -9.5889  -9.5161  -9.4741
    -6.1839  -5.3945  -4.9917  -4.8109  -1.8044  -1.2083  -1.1193  -0.5088
    -0.4493  -0.4018  -0.3589  -0.1533   0.0281   0.1248   0.2743   0.3108

          k =-0.5000 0.1990-0.7519 ( 25688 PWs)   bands (ev):

   -24.3324 -24.3324 -10.0099 -10.0099  -9.6120  -9.6120  -9.5921  -9.5921
    -5.3470  -5.3470  -4.8996  -4.8996  -1.9716  -1.9716  -0.9232  -0.9232
    -0.3138  -0.3138  -0.2226  -0.2226   0.0891   0.0891   0.2198   0.2198

          k = 0.0000 0.1990 0.3007 ( 25678 PWs)   bands (ev):

   -24.3433 -24.3389  -9.7869  -9.7270  -9.6946  -9.6870  -9.5907  -9.5779
    -5.8740  -5.1983  -5.0766  -4.9270  -1.5843  -1.3983  -1.1796  -0.6777
    -0.5540  -0.4976  -0.4365  -0.0560   0.0797   0.1838   0.1843   0.2276

          k =-0.5000 0.1990-0.4511 ( 25670 PWs)   bands (ev):

   -24.3370 -24.3370  -9.8628  -9.8628  -9.6843  -9.6843  -9.5840  -9.5840
    -5.2967  -5.2967  -5.1103  -5.1103  -1.6506  -1.6506  -0.9951  -0.9951
    -0.3830  -0.3830  -0.2384  -0.2384   0.0973   0.0973   0.1946   0.1946

          k = 0.0000 0.1990 0.6015 ( 25666 PWs)   bands (ev):

   -24.3345 -24.3329  -9.9639  -9.9590  -9.6490  -9.6353  -9.5870  -9.5803
    -5.4319  -5.3173  -5.0047  -4.8868  -1.5883  -1.5277  -1.3139  -1.0826
    -0.5053  -0.3878  -0.2396  -0.1135   0.0188   0.0410   0.1615   0.1952

          k =-0.5000 0.1990-0.1504 ( 25650 PWs)   bands (ev):

   -24.3444 -24.3444  -9.7873  -9.7873  -9.6308  -9.6308  -9.5389  -9.5389
    -5.6753  -5.6753  -4.9892  -4.9892  -1.3502  -1.3502  -0.8547  -0.8547
    -0.3874  -0.3874  -0.2448  -0.2448  -0.0884  -0.0884   0.1880   0.1880

          k = 0.0000 0.3980 0.0000 ( 25648 PWs)   bands (ev):

   -24.3467 -24.3446  -9.7869  -9.7435  -9.6767  -9.6398  -9.5030  -9.4869
    -5.8864  -5.5162  -5.1095  -4.9620  -1.4914  -1.3670  -0.9774  -0.4808
    -0.4690  -0.4342  -0.1933  -0.0974  -0.0464   0.0173   0.1445   0.2189

          k =-0.5000 0.3980-0.7519 ( 25684 PWs)   bands (ev):

   -24.3324 -24.3324  -9.9934  -9.9934  -9.6258  -9.6258  -9.6003  -9.6003
    -5.3322  -5.3322  -4.9106  -4.9106  -1.8381  -1.8381  -1.2083  -1.2083
    -0.2167  -0.2167  -0.1191  -0.1191   0.0480   0.0480   0.2438   0.2438

          k = 0.0000 0.3980 0.3007 ( 25636 PWs)   bands (ev):

   -24.3419 -24.3403  -9.7718  -9.7376  -9.6912  -9.6682  -9.6042  -9.6006
    -5.6500  -5.3519  -5.1169  -5.0161  -1.4273  -1.4219  -1.1190  -0.7579
    -0.4774  -0.4215  -0.3055  -0.0695  -0.0286  -0.0003   0.2048   0.2070

          k =-0.5000 0.3980-0.4511 ( 25670 PWs)   bands (ev):

   -24.3370 -24.3370  -9.8406  -9.8406  -9.7246  -9.7246  -9.5684  -9.5684
    -5.2388  -5.2388  -5.1675  -5.1675  -1.6275  -1.6275  -1.0717  -1.0717
    -0.3562  -0.3562  -0.1294  -0.1294   0.0395   0.0395   0.2053   0.2053

          k = 0.0000 0.3980 0.6015 ( 25691 PWs)   bands (ev):

   -24.3340 -24.3334  -9.9739  -9.9718  -9.6184  -9.6161  -9.5939  -9.5937
    -5.5076  -5.4677  -4.8541  -4.8031  -1.6539  -1.6432  -1.1097  -0.9862
    -0.4022  -0.3177  -0.2148  -0.1666  -0.0649   0.0097   0.0645   0.1719

          k =-0.5000 0.3980-0.1504 ( 25674 PWs)   bands (ev):

   -24.3444 -24.3444  -9.8302  -9.8302  -9.5784  -9.5784  -9.5456  -9.5456
    -5.6609  -5.6609  -5.0181  -5.0181  -1.2534  -1.2534  -1.0301  -1.0301
    -0.3126  -0.3126  -0.1814  -0.1814  -0.0401  -0.0401   0.1284   0.1284

          k = 0.2000 0.0000 0.0000 ( 25622 PWs)   bands (ev):

   -24.3484 -24.3430  -9.8283  -9.7758  -9.6272  -9.5956  -9.5161  -9.4741
    -6.1902  -5.4507  -4.8688  -4.8381  -1.8718  -1.0038  -0.9338  -0.9076
    -0.3926  -0.3454  -0.3217  -0.2537  -0.0240   0.0629   0.3014   0.3194

          k =-0.3000 0.0000-0.7519 ( 25652 PWs)   bands (ev):

   -24.3324 -24.3324 -10.0114 -10.0114  -9.6104  -9.6104  -9.5893  -9.5893
    -5.3189  -5.3189  -4.9452  -4.9452  -1.9113  -1.9112  -0.9448  -0.9447
    -0.3289  -0.3289  -0.1542  -0.1541  -0.0246  -0.0244   0.1899   0.1899

          k = 0.2000 0.0000 0.3007 ( 25667 PWs)   bands (ev):

   -24.3433 -24.3389  -9.7726  -9.7530  -9.6906  -9.6795  -9.6034  -9.5681
    -5.8680  -5.2317  -4.9835  -4.9712  -1.6294  -1.3656  -1.1138  -0.7820
    -0.6107  -0.4900  -0.3240  -0.0885  -0.0655   0.1710   0.2536   0.2886

          k =-0.3000 0.0000-0.4511 ( 25670 PWs)   bands (ev):

   -24.3381 -24.3358  -9.8683  -9.8578  -9.6935  -9.6530  -9.6053  -9.5772
    -5.5038  -5.1568  -5.0843  -5.0697  -1.6849  -1.4814  -1.2533  -0.7825
    -0.5822  -0.3719  -0.2747  -0.1943   0.0547   0.1022   0.1655   0.2668

          k = 0.2000 0.0000 0.6015 ( 25657 PWs)   bands (ev):

   -24.3345 -24.3329  -9.9656  -9.9609  -9.6544  -9.6302  -9.5920  -9.5758
    -5.3448  -5.2118  -5.1057  -4.9643  -1.7776  -1.6229  -1.2133  -0.9523
    -0.5108  -0.3688  -0.1995  -0.1614   0.0256   0.1044   0.1243   0.2436

          k =-0.3000 0.0000-0.1504 ( 25648 PWs)   bands (ev):

   -24.3463 -24.3425  -9.7898  -9.7515  -9.6505  -9.6322  -9.5553  -9.5248
    -5.9842  -5.4386  -4.9386  -4.9249  -1.6770  -1.1009  -1.0611  -0.7197
    -0.4475  -0.3563  -0.3318  -0.2045  -0.1929   0.0954   0.2133   0.2763

          k = 0.2000 0.1990 0.0000 ( 25639 PWs)   bands (ev):

   -24.3478 -24.3435  -9.8379  -9.7457  -9.6730  -9.5777  -9.5120  -9.4780
    -6.1018  -5.4398  -5.0125  -4.8425  -1.7090  -1.1937  -1.0197  -0.6333
    -0.4582  -0.3966  -0.1980  -0.1464  -0.0612   0.0146   0.2042   0.2872

          k =-0.3000 0.1990-0.7519 ( 25670 PWs)   bands (ev):

   -24.3324 -24.3324 -10.0144  -9.9996  -9.6231  -9.6040  -9.5928  -9.5908
    -5.4246  -5.2505  -5.0124  -4.8326  -1.9183  -1.8251  -1.0639  -0.9551
    -0.3912  -0.3433  -0.1041  -0.0921  -0.0181   0.0315   0.1328   0.2315

          k = 0.2000 0.1990 0.3007 ( 25659 PWs)   bands (ev):

   -24.3429 -24.3393  -9.7816  -9.7368  -9.7115  -9.6665  -9.6049  -9.5698
    -5.7983  -5.2065  -5.1142  -4.9632  -1.5346  -1.3791  -1.2026  -0.6765
    -0.5910  -0.4630  -0.3300  -0.0993  -0.0327   0.1310   0.2072   0.2698

          k =-0.3000 0.1990-0.4511 ( 25675 PWs)   bands (ev):

   -24.3379 -24.3361  -9.8677  -9.8478  -9.7175  -9.6454  -9.6085  -9.5702
    -5.4766  -5.1860  -5.1249  -5.0320  -1.6677  -1.5121  -1.2107  -0.8296
    -0.5079  -0.4062  -0.2613  -0.1077  -0.0428   0.1103   0.1643   0.2795

          k = 0.2000 0.1990 0.6015 ( 25694 PWs)   bands (ev):

   -24.3344 -24.3330  -9.9722  -9.9558  -9.6612  -9.6128  -9.5974  -9.5787
    -5.4307  -5.2437  -5.0745  -4.8728  -1.7683  -1.6234  -1.1906  -0.9943
    -0.4625  -0.3211  -0.2185  -0.1001  -0.0435   0.0768   0.1239   0.2396

          k =-0.3000 0.1990-0.1504 ( 25648 PWs)   bands (ev):

   -24.3459 -24.3429  -9.8188  -9.7348  -9.6827  -9.5853  -9.5534  -9.5306
    -5.9229  -5.4414  -5.0429  -4.9098  -1.5608  -1.2158  -1.0630  -0.6498
    -0.5404  -0.3372  -0.2619  -0.1734  -0.1038   0.0466   0.1468   0.2663

          k = 0.2000 0.3980 0.0000 ( 25639 PWs)   bands (ev):

   -24.3465 -24.3448  -9.8239  -9.7750  -9.6506  -9.5969  -9.5013  -9.4884
    -5.8636  -5.5683  -5.0803  -4.9570  -1.4348  -1.3298  -0.9500  -0.5093
    -0.5006  -0.4839  -0.2838  -0.0231  -0.0220   0.0373   0.1040   0.1813

          k =-0.3000 0.3980-0.7519 ( 25688 PWs)   bands (ev):

   -24.3324 -24.3324 -10.0050  -9.9954  -9.6236  -9.6077  -9.5997  -9.5973
    -5.4414  -5.3603  -4.8949  -4.8103  -1.8376  -1.7505  -1.2100  -1.0945
    -0.3256  -0.2504  -0.1939  -0.0317  -0.0086   0.0570   0.1839   0.1950

          k = 0.2000 0.3980 0.3007 ( 25659 PWs)   bands (ev):

   -24.3418 -24.3404  -9.7796  -9.7547  -9.6982  -9.6662  -9.5990  -9.5793
    -5.6093  -5.3570  -5.1262  -5.0327  -1.4443  -1.3970  -1.1229  -0.8257
    -0.4592  -0.3747  -0.3000  -0.0997  -0.0197   0.0511   0.1735   0.2072

          k =-0.3000 0.3980-0.4511 ( 25680 PWs)   bands (ev):

   -24.3373 -24.3366  -9.8578  -9.8440  -9.7210  -9.6840  -9.5841  -9.5698
    -5.4023  -5.2968  -5.0861  -5.0421  -1.6213  -1.5661  -1.1067  -0.9623
    -0.4782  -0.3746  -0.1795  -0.0686   0.0152   0.0359   0.1629   0.2222

          k = 0.2000 0.3980 0.6015 ( 25671 PWs)   bands (ev):

   -24.3339 -24.3334  -9.9709  -9.9611  -9.6495  -9.6220  -9.5913  -9.5824
    -5.4683  -5.3977  -4.9134  -4.8342  -1.7334  -1.6624  -1.1207  -1.0314
    -0.4350  -0.3244  -0.1817  -0.0669  -0.0176   0.0525   0.0907   0.1922

          k =-0.3000 0.3980-0.1504 ( 25674 PWs)   bands (ev):

   -24.3450 -24.3438  -9.8263  -9.7929  -9.6238  -9.5780  -9.5475  -9.5397
    -5.7559  -5.5480  -5.0752  -4.9855  -1.3609  -1.2912  -1.0652  -0.8035
    -0.4402  -0.3203  -0.2305  -0.0815  -0.0795   0.0457   0.0854   0.1917

          k = 0.4000 0.0000 0.0000 ( 25652 PWs)   bands (ev):

   -24.3467 -24.3446  -9.7745  -9.7437  -9.6782  -9.6562  -9.5030  -9.4870
    -5.9200  -5.6135  -4.9394  -4.9208  -1.5774  -1.2480  -0.7888  -0.5366
    -0.4262  -0.3288  -0.3198  -0.2383  -0.1723  -0.1329   0.1149   0.2066

          k =-0.1000 0.0000-0.7519 ( 25700 PWs)   bands (ev):

   -24.3324 -24.3324  -9.9978  -9.9978  -9.6192  -9.6192  -9.5949  -9.5949
    -5.2216  -5.2216  -5.0656  -5.0656  -1.6226  -1.6226  -1.2451  -1.2450
    -0.3302  -0.3302  -0.2904  -0.2902   0.0794   0.0795   0.1925   0.1926

          k = 0.4000 0.0000 0.3007 ( 25649 PWs)   bands (ev):

   -24.3419 -24.3403  -9.7540  -9.7400  -9.7155  -9.6783  -9.6092  -9.5847
    -5.6357  -5.3605  -5.0568  -5.0276  -1.4802  -1.3149  -1.1723  -0.8050
    -0.5262  -0.3700  -0.3668  -0.2659  -0.0097   0.0998   0.2294   0.2406

          k =-0.1000 0.0000-0.4511 ( 25670 PWs)   bands (ev):

   -24.3389 -24.3352  -9.8506  -9.8368  -9.7227  -9.6867  -9.5856  -9.5662
    -5.6238  -5.0883  -5.0739  -5.0295  -1.5708  -1.4434  -1.2654  -0.8273
    -0.7211  -0.6358  -0.2578   0.0113   0.0147   0.0960   0.2412   0.2602

          k = 0.4000 0.0000 0.6015 ( 25656 PWs)   bands (ev):

   -24.3340 -24.3334  -9.9784  -9.9764  -9.6312  -9.6089  -9.6018  -9.5827
    -5.3452  -5.3017  -5.0059  -4.9418  -1.9270  -1.8630  -0.9558  -0.7996
    -0.4171  -0.2960  -0.2563  -0.1332  -0.0218   0.1036   0.1537   0.1900

          k =-0.1000 0.0000-0.1504 ( 25612 PWs)   bands (ev):

   -24.3474 -24.3414  -9.8280  -9.7733  -9.6071  -9.5773  -9.5698  -9.5260
    -6.1755  -5.3696  -4.8841  -4.8131  -1.8896  -1.1744  -0.9823  -0.8334
    -0.5893  -0.3488  -0.2898  -0.1311  -0.0958   0.2113   0.3170   0.3444

          k = 0.4000 0.1990 0.0000 ( 25661 PWs)   bands (ev):

   -24.3465 -24.3448  -9.8212  -9.7721  -9.6554  -9.6010  -9.5014  -9.4884
    -5.8862  -5.6228  -4.9936  -4.9172  -1.4888  -1.2701  -0.7953  -0.5713
    -0.4513  -0.4194  -0.3900  -0.1818  -0.1003  -0.0323   0.1007   0.2189

          k =-0.1000 0.1990-0.7519 ( 25678 PWs)   bands (ev):

   -24.3324 -24.3324 -10.0075  -9.9981  -9.6191  -9.6045  -9.5957  -9.5944
    -5.4143  -5.3160  -4.9665  -4.8649  -1.7164  -1.5809  -1.2861  -1.1152
    -0.3456  -0.3344  -0.2176  -0.2115   0.0570   0.0596   0.1322   0.1349

          k = 0.4000 0.1990 0.3007 ( 25667 PWs)   bands (ev):

   -24.3418 -24.3404  -9.7742  -9.7534  -9.7088  -9.6732  -9.5971  -9.5753
    -5.6010  -5.3615  -5.0971  -5.0322  -1.4603  -1.3352  -1.1810  -0.8613
    -0.4758  -0.3521  -0.2981  -0.2031  -0.0240   0.0788   0.1899   0.2323

          k =-0.1000 0.1990-0.4511 ( 25652 PWs)   bands (ev):

   -24.3385 -24.3355  -9.8614  -9.8431  -9.7118  -9.6662  -9.5945  -9.5720
    -5.5940  -5.2244  -5.0262  -4.9843  -1.5616  -1.4009  -1.3375  -0.8169
    -0.6468  -0.4764  -0.3113  -0.0291   0.0141   0.0662   0.1867   0.2550

          k = 0.4000 0.1990 0.6015 ( 25670 PWs)   bands (ev):

   -24.3339 -24.3334  -9.9738  -9.9641  -9.6515  -9.6241  -9.5902  -9.5806
    -5.3713  -5.2589  -5.0411  -4.9188  -1.8869  -1.8274  -0.9999  -0.9266
    -0.4063  -0.2900  -0.2453  -0.1332   0.0290   0.0897   0.1691   0.2471

          k =-0.1000 0.1990-0.1504 ( 25630 PWs)   bands (ev):

   -24.3468 -24.3420  -9.8206  -9.7515  -9.6478  -9.5824  -9.5619  -9.5273
    -6.0760  -5.3402  -5.0275  -4.8523  -1.7189  -1.2599  -1.1092  -0.6391
    -0.4696  -0.3987  -0.3416  -0.0723  -0.0508   0.1329   0.2485   0.2780

          k = 0.4000 0.3980 0.0000 ( 25660 PWs)   bands (ev):

   -24.3460 -24.3453  -9.8492  -9.8304  -9.5943  -9.5715  -9.4971  -9.4922
    -5.7934  -5.6829  -5.0169  -4.9677  -1.3248  -1.2761  -0.8633  -0.6802
    -0.5354  -0.5223  -0.2852  -0.1027   0.0278   0.0535   0.0840   0.1471

          k =-0.1000 0.3980-0.7519 ( 25670 PWs)   bands (ev):

   -24.3324 -24.3324 -10.0135 -10.0080  -9.6045  -9.5967  -9.5947  -9.5946
    -5.5136  -5.4757  -4.7957  -4.7559  -1.7577  -1.6933  -1.1084  -0.9981
    -0.3182  -0.3005  -0.2665  -0.1396  -0.0978  -0.0558   0.1485   0.1819

          k = 0.4000 0.3980 0.3007 ( 25682 PWs)   bands (ev):

   -24.3413 -24.3408  -9.7905  -9.7818  -9.6918  -9.6772  -9.5752  -9.5661
    -5.5101  -5.4070  -5.1176  -5.0747  -1.4238  -1.3713  -1.1479  -1.0096
    -0.3275  -0.2931  -0.2183  -0.1098  -0.0403   0.0574   0.1034   0.1738

          k =-0.1000 0.3980-0.4511 ( 25670 PWs)   bands (ev):

   -24.3376 -24.3364  -9.8695  -9.8608  -9.6775  -9.6451  -9.6088  -9.5881
    -5.5092  -5.3796  -4.9948  -4.9671  -1.5493  -1.4970  -1.1480  -0.8997
    -0.5270  -0.4013  -0.1708  -0.0956  -0.0244   0.0298   0.1250   0.1657

          k = 0.4000 0.3980 0.6015 ( 25701 PWs)   bands (ev):

   -24.3338 -24.3336  -9.9577  -9.9509  -9.6682  -9.6541  -9.5816  -9.5797
    -5.3535  -5.2897  -5.0035  -4.9359  -1.7886  -1.7529  -1.1556  -1.1321
    -0.3445  -0.2665  -0.1105  -0.0970   0.0314   0.0433   0.2097   0.2455

          k =-0.1000 0.3980-0.1504 ( 25643 PWs)   bands (ev):

   -24.3453 -24.3435  -9.7890  -9.7381  -9.6759  -9.6234  -9.5475  -9.5336
    -5.8081  -5.4652  -5.1203  -4.9812  -1.4506  -1.3683  -1.0255  -0.6401
    -0.4499  -0.3781  -0.2321  -0.1214  -0.0485  -0.0110   0.1999   0.2198

     highest occupied level (ev):     0.3606

     Writing config to output data dir ./_ph0/pwscf.q_6/pwscf.save/ :
     XML data file

                                                                                

     bravais-lattice index     =            8
     lattice parameter (alat)  =      13.1499  a.u.
     unit-cell volume          =    1519.7234 (a.u.)^3
     number of atoms/cell      =           22
     number of atomic types    =            3
     kinetic-energy cut-off    =     100.0000  Ry
     charge density cut-off    =     800.0000  Ry
     convergence threshold     =      1.0E-14
     beta                      =       0.7000
     number of iterations used =            4
     Exchange-correlation= PBESOL
                           (   1   4  10   8   0   0   0)


     celldm(1)=   13.14986  celldm(2)=    1.00500  celldm(3)=    0.66502
     celldm(4)=    0.00000  celldm(5)=    0.00000  celldm(6)=    0.00000

     crystal axes: (cart. coord. in units of alat)
               a(1) = (  1.0000  0.0000  0.0000 )  
               a(2) = (  0.0000  1.0050  0.0000 )  
               a(3) = (  0.0000  0.0000  0.6650 )  

     reciprocal axes: (cart. coord. in units 2 pi/alat)
               b(1) = (  1.0000  0.0000  0.0000 )  
               b(2) = (  0.0000  0.9950  0.0000 )  
               b(3) = (  0.0000  0.0000  1.5037 )  


     Atoms inside the unit cell: 

     Cartesian axes

     site n.  atom      mass           positions (alat units)
        1  Ba    137.3270   tau(    1) = (    0.50000    0.50250    0.33251  )
        2  Ba    137.3270   tau(    2) = (    0.00000    0.00000    0.66502  )
        3  B      10.8110   tau(    3) = (    0.62216    0.25035    0.00000  )
        4  B      10.8110   tau(    4) = (    0.37784    0.75464    0.00000  )
        5  B      10.8110   tau(    5) = (    0.12216    0.25214    0.33251  )
        6  B      10.8110   tau(    6) = (    0.87784    0.75285    0.33251  )
        7  H       1.0079   tau(    7) = (    0.44925    0.28896   -0.00001  )
        8  H       1.0079   tau(    8) = (    0.55075    0.71604   -0.00001  )
        9  H       1.0079   tau(    9) = (    0.94925    0.21354    0.33252  )
       10  H       1.0079   tau(   10) = (    0.05075    0.79145    0.33252  )
       11  H       1.0079   tau(   11) = (    0.71771    0.40045    0.00000  )
       12  H       1.0079   tau(   12) = (    0.28229    0.60454    0.00000  )
       13  H       1.0079   tau(   13) = (    0.21771    0.10204    0.33251  )
       14  H       1.0079   tau(   14) = (    0.78229    0.90295    0.33251  )
       15  H       1.0079   tau(   15) = (    0.65746    0.15745    0.51883  )
       16  H       1.0079   tau(   16) = (    0.34254    0.84755    0.51883  )
       17  H       1.0079   tau(   17) = (    0.15746    0.34505    0.47870  )
       18  H       1.0079   tau(   18) = (    0.84254    0.65994    0.47870  )
       19  H       1.0079   tau(   19) = (    0.34255    0.84755    0.14620  )
       20  H       1.0079   tau(   20) = (    0.65745    0.15745    0.14620  )
       21  H       1.0079   tau(   21) = (    0.84255    0.65995    0.18631  )
       22  H       1.0079   tau(   22) = (    0.15745    0.34505    0.18631  )

     Computing dynamical matrix for 
                    q = (  -0.5000000   0.0000000  -0.7518535 )

      5 Sym.Ops. (with q -> -q+G )


     G cutoff = 3504.0696  (  24200 G-vectors)     FFT grid: (120,120, 80)
     G cutoff = 1752.0348  (   8556 G-vectors)  smooth grid: ( 90, 90, 60)
     number of k points=    54

     PseudoPot. # 1 for B  read from file:
     /home/mehlhorn/pseudos/b_pbesol_v1.4.uspp.F.UPF
     MD5 check sum: 369b69bef2c3aeed4453bd8b804fd6a8
     Pseudo is Ultrasoft + core correction, Zval =  3.0
     Generated by new atomic code, or converted to UPF format
     Using radial grid of  781 points,  4 beta functions with: 
                l(1) =   0
                l(2) =   0
                l(3) =   1
                l(4) =   1
     Q(r) pseudized with  8 coefficients,  rinner =    1.100   1.100   1.100


     PseudoPot. # 2 for Ba read from file:
     /home/mehlhorn/pseudos/Ba.nc.z_10.oncvpsp4.dojo.v4-sp.upf
     MD5 check sum: c10ed334bb677c0554edec7181ce9143
     Pseudo is Norm-conserving + core correction, Zval = 10.0
     Generated using ONCVPSP code by D. R. Hamann
     Using radial grid of 1938 points,  8 beta functions with: 
                l(1) =   0
                l(2) =   0
                l(3) =   1
                l(4) =   1
                l(5) =   2
                l(6) =   2
                l(7) =   3
                l(8) =   3

     PseudoPot. # 3 for H  read from file:
     /home/mehlhorn/pseudos/H_ONCV_PBEsol-1.0.upf
     MD5 check sum: 398ef8f67c0a7342c05c87c5e19ea467
     Pseudo is Norm-conserving, Zval =  1.0
     Generated using ONCVPSP code by D. R. Hamann
     Using radial grid of 1180 points,  2 beta functions with: 
                l(1) =   0
                l(2) =   0


     Atomic displacements:
     There are   33 irreducible representations

     Representation     1      2 modes -  To be done

     Representation     2      2 modes -  To be done

     Representation     3      2 modes -  To be done

     Representation     4      2 modes -  To be done

     Representation     5      2 modes -  To be done

     Representation     6      2 modes -  To be done

     Representation     7      2 modes -  To be done

     Representation     8      2 modes -  To be done

     Representation     9      2 modes -  To be done

     Representation    10      2 modes -  To be done

     Representation    11      2 modes -  To be done

     Representation    12      2 modes -  To be done

     Representation    13      2 modes -  To be done

     Representation    14      2 modes -  To be done

     Representation    15      2 modes -  To be done

     Representation    16      2 modes -  To be done

     Representation    17      2 modes -  To be done

     Representation    18      2 modes -  To be done

     Representation    19      2 modes -  To be done

     Representation    20      2 modes -  To be done

     Representation    21      2 modes -  To be done

     Representation    22      2 modes -  To be done

     Representation    23      2 modes -  To be done

     Representation    24      2 modes -  To be done

     Representation    25      2 modes -  To be done

     Representation    26      2 modes -  To be done

     Representation    27      2 modes -  To be done

     Representation    28      2 modes -  To be done

     Representation    29      2 modes -  To be done

     Representation    30      2 modes -  To be done

     Representation    31      2 modes -  To be done

     Representation    32      2 modes -  To be done

     Representation    33      2 modes -  To be done



     Alpha used in Ewald sum =   2.8000
     PHONON       :   2d 2h33m CPU   2d 3h 5m WALL



     Representation #   1 modes #   1   2

     Self-consistent Calculation

      iter #   1 total cpu time :184000.7 secs   av.it.:   4.7
      thresh= 1.000E-02 alpha_mix =  0.700 |ddv_scf|^2 =  6.308E-09

      iter #   2 total cpu time :184206.4 secs   av.it.:  16.8
      thresh= 7.943E-06 alpha_mix =  0.700 |ddv_scf|^2 =  3.489E-09

      iter #   3 total cpu time :184403.1 secs   av.it.:  16.0
      thresh= 5.907E-06 alpha_mix =  0.700 |ddv_scf|^2 =  2.489E-11

      iter #   4 total cpu time :184606.5 secs   av.it.:  16.1
      thresh= 4.989E-07 alpha_mix =  0.700 |ddv_scf|^2 =  2.358E-12

      iter #   5 total cpu time :184810.1 secs   av.it.:  16.2
      thresh= 1.536E-07 alpha_mix =  0.700 |ddv_scf|^2 =  1.780E-13

      iter #   6 total cpu time :185012.9 secs   av.it.:  16.7
      thresh= 4.219E-08 alpha_mix =  0.700 |ddv_scf|^2 =  1.530E-14

      iter #   7 total cpu time :185211.6 secs   av.it.:  16.0
      thresh= 1.237E-08 alpha_mix =  0.700 |ddv_scf|^2 =  1.776E-15

     End of self-consistent calculation

     Convergence has been achieved 


     Representation #   2 modes #   3   4

     Self-consistent Calculation

      iter #   1 total cpu time :185297.5 secs   av.it.:   3.0
      thresh= 1.000E-02 alpha_mix =  0.700 |ddv_scf|^2 =  7.295E-10

      iter #   2 total cpu time :185491.7 secs   av.it.:  17.0
      thresh= 2.701E-06 alpha_mix =  0.700 |ddv_scf|^2 =  4.064E-10

      iter #   3 total cpu time :185678.4 secs   av.it.:  16.0
      thresh= 2.016E-06 alpha_mix =  0.700 |ddv_scf|^2 =  5.110E-12

      iter #   4 total cpu time :185877.5 secs   av.it.:  16.0
      thresh= 2.261E-07 alpha_mix =  0.700 |ddv_scf|^2 =  4.236E-13

      iter #   5 total cpu time :186080.4 secs   av.it.:  16.0
      thresh= 6.508E-08 alpha_mix =  0.700 |ddv_scf|^2 =  8.742E-15

     End of self-consistent calculation

     Convergence has been achieved 


     Representation #   3 modes #   5   6

     Self-consistent Calculation

      iter #   1 total cpu time :186169.8 secs   av.it.:   3.3
      thresh= 1.000E-02 alpha_mix =  0.700 |ddv_scf|^2 =  6.142E-10

      iter #   2 total cpu time :186364.8 secs   av.it.:  17.0
      thresh= 2.478E-06 alpha_mix =  0.700 |ddv_scf|^2 =  3.822E-10

      iter #   3 total cpu time :186550.8 secs   av.it.:  16.0
      thresh= 1.955E-06 alpha_mix =  0.700 |ddv_scf|^2 =  3.141E-12

      iter #   4 total cpu time :186740.8 secs   av.it.:  16.1
      thresh= 1.772E-07 alpha_mix =  0.700 |ddv_scf|^2 =  5.034E-13

      iter #   5 total cpu time :186940.0 secs   av.it.:  16.0
      thresh= 7.095E-08 alpha_mix =  0.700 |ddv_scf|^2 =  1.863E-14

      iter #   6 total cpu time :187144.8 secs   av.it.:  16.4
      thresh= 1.365E-08 alpha_mix =  0.700 |ddv_scf|^2 =  1.095E-15

     End of self-consistent calculation

     Convergence has been achieved 


     Representation #   4 modes #   7   8

     Self-consistent Calculation

      iter #   1 total cpu time :187234.6 secs   av.it.:   3.6
      thresh= 1.000E-02 alpha_mix =  0.700 |ddv_scf|^2 =  1.640E-09

      iter #   2 total cpu time :187431.0 secs   av.it.:  17.0
      thresh= 4.050E-06 alpha_mix =  0.700 |ddv_scf|^2 =  1.231E-09

      iter #   3 total cpu time :187618.4 secs   av.it.:  16.0
      thresh= 3.509E-06 alpha_mix =  0.700 |ddv_scf|^2 =  3.770E-12

      iter #   4 total cpu time :187820.8 secs   av.it.:  16.8
      thresh= 1.942E-07 alpha_mix =  0.700 |ddv_scf|^2 =  4.537E-13

      iter #   5 total cpu time :188025.4 secs   av.it.:  16.4
      thresh= 6.736E-08 alpha_mix =  0.700 |ddv_scf|^2 =  2.460E-14

      iter #   6 total cpu time :188228.5 secs   av.it.:  16.1
      thresh= 1.568E-08 alpha_mix =  0.700 |ddv_scf|^2 =  2.619E-15

     End of self-consistent calculation

     Convergence has been achieved 


     Representation #   5 modes #   9  10

     Self-consistent Calculation

      iter #   1 total cpu time :188320.2 secs   av.it.:   3.5
      thresh= 1.000E-02 alpha_mix =  0.700 |ddv_scf|^2 =  1.085E-09

      iter #   2 total cpu time :188527.3 secs   av.it.:  17.0
      thresh= 3.294E-06 alpha_mix =  0.700 |ddv_scf|^2 =  6.390E-10

      iter #   3 total cpu time :188715.9 secs   av.it.:  16.0
      thresh= 2.528E-06 alpha_mix =  0.700 |ddv_scf|^2 =  4.391E-12

      iter #   4 total cpu time :188909.7 secs   av.it.:  16.0
      thresh= 2.095E-07 alpha_mix =  0.700 |ddv_scf|^2 =  4.852E-13

      iter #   5 total cpu time :189103.7 secs   av.it.:  16.0
      thresh= 6.966E-08 alpha_mix =  0.700 |ddv_scf|^2 =  1.443E-14

      iter #   6 total cpu time :189295.5 secs   av.it.:  16.1
      thresh= 1.201E-08 alpha_mix =  0.700 |ddv_scf|^2 =  4.676E-16

     End of self-consistent calculation

     Convergence has been achieved 


     Representation #   6 modes #  11  12

     Self-consistent Calculation

      iter #   1 total cpu time :189383.8 secs   av.it.:   3.1
      thresh= 1.000E-02 alpha_mix =  0.700 |ddv_scf|^2 =  5.121E-10

      iter #   2 total cpu time :189592.7 secs   av.it.:  17.0
      thresh= 2.263E-06 alpha_mix =  0.700 |ddv_scf|^2 =  2.990E-10

      iter #   3 total cpu time :189791.6 secs   av.it.:  16.0
      thresh= 1.729E-06 alpha_mix =  0.700 |ddv_scf|^2 =  3.660E-12

      iter #   4 total cpu time :189984.0 secs   av.it.:  16.0
      thresh= 1.913E-07 alpha_mix =  0.700 |ddv_scf|^2 =  3.207E-13

      iter #   5 total cpu time :190185.1 secs   av.it.:  16.4
      thresh= 5.663E-08 alpha_mix =  0.700 |ddv_scf|^2 =  1.837E-14

      iter #   6 total cpu time :190385.4 secs   av.it.:  16.2
      thresh= 1.355E-08 alpha_mix =  0.700 |ddv_scf|^2 =  1.398E-15

     End of self-consistent calculation

     Convergence has been achieved 


     Representation #   7 modes #  13  14

     Self-consistent Calculation

      iter #   1 total cpu time :190473.8 secs   av.it.:   3.0
      thresh= 1.000E-02 alpha_mix =  0.700 |ddv_scf|^2 =  9.825E-10

      iter #   2 total cpu time :190675.8 secs   av.it.:  16.7
      thresh= 3.135E-06 alpha_mix =  0.700 |ddv_scf|^2 =  7.684E-10

      iter #   3 total cpu time :190869.8 secs   av.it.:  15.7
      thresh= 2.772E-06 alpha_mix =  0.700 |ddv_scf|^2 =  2.017E-12

      iter #   4 total cpu time :191076.3 secs   av.it.:  17.0
      thresh= 1.420E-07 alpha_mix =  0.700 |ddv_scf|^2 =  4.279E-13

      iter #   5 total cpu time :191280.3 secs   av.it.:  16.5
      thresh= 6.541E-08 alpha_mix =  0.700 |ddv_scf|^2 =  9.752E-15

     End of self-consistent calculation

     Convergence has been achieved 


     Representation #   8 modes #  15  16

     Self-consistent Calculation

      iter #   1 total cpu time :191371.1 secs   av.it.:   4.0
      thresh= 1.000E-02 alpha_mix =  0.700 |ddv_scf|^2 =  8.279E-10

      iter #   2 total cpu time :191570.7 secs   av.it.:  17.0
      thresh= 2.877E-06 alpha_mix =  0.700 |ddv_scf|^2 =  3.586E-10

      iter #   3 total cpu time :191763.3 secs   av.it.:  16.1
      thresh= 1.894E-06 alpha_mix =  0.700 |ddv_scf|^2 =  3.946E-12

      iter #   4 total cpu time :191970.7 secs   av.it.:  16.0
      thresh= 1.987E-07 alpha_mix =  0.700 |ddv_scf|^2 =  5.521E-13

      iter #   5 total cpu time :192159.9 secs   av.it.:  16.0
      thresh= 7.430E-08 alpha_mix =  0.700 |ddv_scf|^2 =  1.854E-14

      iter #   6 total cpu time :192354.6 secs   av.it.:  16.4
      thresh= 1.361E-08 alpha_mix =  0.700 |ddv_scf|^2 =  1.402E-15

     End of self-consistent calculation

     Convergence has been achieved 


     Representation #   9 modes #  17  18

     Self-consistent Calculation

      iter #   1 total cpu time :192453.1 secs   av.it.:   4.3
      thresh= 1.000E-02 alpha_mix =  0.700 |ddv_scf|^2 =  1.664E-09

      iter #   2 total cpu time :192662.7 secs   av.it.:  17.0
      thresh= 4.079E-06 alpha_mix =  0.700 |ddv_scf|^2 =  4.584E-10

      iter #   3 total cpu time :192860.4 secs   av.it.:  16.0
      thresh= 2.141E-06 alpha_mix =  0.700 |ddv_scf|^2 =  4.207E-11

      iter #   4 total cpu time :193058.1 secs   av.it.:  16.0
      thresh= 6.486E-07 alpha_mix =  0.700 |ddv_scf|^2 =  6.854E-13

      iter #   5 total cpu time :193259.2 secs   av.it.:  16.9
      thresh= 8.279E-08 alpha_mix =  0.700 |ddv_scf|^2 =  1.348E-13

      iter #   6 total cpu time :193462.2 secs   av.it.:  16.1
      thresh= 3.671E-08 alpha_mix =  0.700 |ddv_scf|^2 =  9.509E-16

     End of self-consistent calculation

     Convergence has been achieved 


     Representation #  10 modes #  19  20

     Self-consistent Calculation

      iter #   1 total cpu time :193588.4 secs   av.it.:   6.7
      thresh= 1.000E-02 alpha_mix =  0.700 |ddv_scf|^2 =  8.328E-08

      iter #   2 total cpu time :193790.6 secs   av.it.:  16.0
      thresh= 2.886E-05 alpha_mix =  0.700 |ddv_scf|^2 =  5.869E-08

      iter #   3 total cpu time :193983.1 secs   av.it.:  15.8
      thresh= 2.423E-05 alpha_mix =  0.700 |ddv_scf|^2 =  6.693E-11

      iter #   4 total cpu time :194178.4 secs   av.it.:  16.9
      thresh= 8.181E-07 alpha_mix =  0.700 |ddv_scf|^2 =  5.790E-12

      iter #   5 total cpu time :194382.8 secs   av.it.:  16.6
      thresh= 2.406E-07 alpha_mix =  0.700 |ddv_scf|^2 =  2.341E-13

      iter #   6 total cpu time :194587.2 secs   av.it.:  16.6
      thresh= 4.838E-08 alpha_mix =  0.700 |ddv_scf|^2 =  3.513E-14

      iter #   7 total cpu time :194783.9 secs   av.it.:  15.9
      thresh= 1.874E-08 alpha_mix =  0.700 |ddv_scf|^2 =  2.211E-15

     End of self-consistent calculation

     Convergence has been achieved 


     Representation #  11 modes #  21  22

     Self-consistent Calculation

      iter #   1 total cpu time :194871.1 secs   av.it.:   3.0
      thresh= 1.000E-02 alpha_mix =  0.700 |ddv_scf|^2 =  1.139E-09

      iter #   2 total cpu time :195074.1 secs   av.it.:  16.2
      thresh= 3.374E-06 alpha_mix =  0.700 |ddv_scf|^2 =  8.864E-10

      iter #   3 total cpu time :195268.6 secs   av.it.:  15.9
      thresh= 2.977E-06 alpha_mix =  0.700 |ddv_scf|^2 =  2.792E-12

      iter #   4 total cpu time :195473.9 secs   av.it.:  16.8
      thresh= 1.671E-07 alpha_mix =  0.700 |ddv_scf|^2 =  3.091E-13

      iter #   5 total cpu time :195678.9 secs   av.it.:  16.9
      thresh= 5.559E-08 alpha_mix =  0.700 |ddv_scf|^2 =  1.128E-14

      iter #   6 total cpu time :195885.1 secs   av.it.:  17.0
      thresh= 1.062E-08 alpha_mix =  0.700 |ddv_scf|^2 =  5.830E-16

     End of self-consistent calculation

     Convergence has been achieved 


     Representation #  12 modes #  23  24

     Self-consistent Calculation

      iter #   1 total cpu time :195971.0 secs   av.it.:   3.0
      thresh= 1.000E-02 alpha_mix =  0.700 |ddv_scf|^2 =  3.341E-10

      iter #   2 total cpu time :196176.9 secs   av.it.:  17.0
      thresh= 1.828E-06 alpha_mix =  0.700 |ddv_scf|^2 =  1.063E-10

      iter #   3 total cpu time :196377.9 secs   av.it.:  16.0
      thresh= 1.031E-06 alpha_mix =  0.700 |ddv_scf|^2 =  3.784E-12

      iter #   4 total cpu time :196574.9 secs   av.it.:  16.0
      thresh= 1.945E-07 alpha_mix =  0.700 |ddv_scf|^2 =  2.769E-13

      iter #   5 total cpu time :196765.9 secs   av.it.:  16.0
      thresh= 5.262E-08 alpha_mix =  0.700 |ddv_scf|^2 =  1.592E-14

      iter #   6 total cpu time :196960.2 secs   av.it.:  16.3
      thresh= 1.262E-08 alpha_mix =  0.700 |ddv_scf|^2 =  7.258E-16

     End of self-consistent calculation

     Convergence has been achieved 


     Representation #  13 modes #  25  26

     Self-consistent Calculation

      iter #   1 total cpu time :197045.8 secs   av.it.:   3.0
      thresh= 1.000E-02 alpha_mix =  0.700 |ddv_scf|^2 =  9.645E-10

      iter #   2 total cpu time :197249.7 secs   av.it.:  16.9
      thresh= 3.106E-06 alpha_mix =  0.700 |ddv_scf|^2 =  7.274E-10

      iter #   3 total cpu time :197443.6 secs   av.it.:  16.0
      thresh= 2.697E-06 alpha_mix =  0.700 |ddv_scf|^2 =  2.234E-12

      iter #   4 total cpu time :197639.9 secs   av.it.:  16.6
      thresh= 1.495E-07 alpha_mix =  0.700 |ddv_scf|^2 =  3.329E-13

      iter #   5 total cpu time :197834.9 secs   av.it.:  16.5
      thresh= 5.770E-08 alpha_mix =  0.700 |ddv_scf|^2 =  2.499E-14

      iter #   6 total cpu time :198026.6 secs   av.it.:  16.0
      thresh= 1.581E-08 alpha_mix =  0.700 |ddv_scf|^2 =  1.468E-15

     End of self-consistent calculation

     Convergence has been achieved 


     Representation #  14 modes #  27  28

     Self-consistent Calculation

      iter #   1 total cpu time :198115.5 secs   av.it.:   3.3
      thresh= 1.000E-02 alpha_mix =  0.700 |ddv_scf|^2 =  5.743E-10

      iter #   2 total cpu time :198319.9 secs   av.it.:  17.0
      thresh= 2.397E-06 alpha_mix =  0.700 |ddv_scf|^2 =  3.658E-10

      iter #   3 total cpu time :198509.9 secs   av.it.:  16.0
      thresh= 1.913E-06 alpha_mix =  0.700 |ddv_scf|^2 =  3.133E-12

      iter #   4 total cpu time :198708.9 secs   av.it.:  16.4
      thresh= 1.770E-07 alpha_mix =  0.700 |ddv_scf|^2 =  2.898E-13

      iter #   5 total cpu time :198913.8 secs   av.it.:  16.9
      thresh= 5.383E-08 alpha_mix =  0.700 |ddv_scf|^2 =  1.776E-14

      iter #   6 total cpu time :199119.1 secs   av.it.:  16.8
      thresh= 1.333E-08 alpha_mix =  0.700 |ddv_scf|^2 =  8.650E-16

     End of self-consistent calculation

     Convergence has been achieved 


     Representation #  15 modes #  29  30

     Self-consistent Calculation

      iter #   1 total cpu time :199242.1 secs   av.it.:   6.4
      thresh= 1.000E-02 alpha_mix =  0.700 |ddv_scf|^2 =  2.234E-08

      iter #   2 total cpu time :199447.3 secs   av.it.:  16.8
      thresh= 1.495E-05 alpha_mix =  0.700 |ddv_scf|^2 =  7.717E-09

      iter #   3 total cpu time :199642.2 secs   av.it.:  16.0
      thresh= 8.785E-06 alpha_mix =  0.700 |ddv_scf|^2 =  5.122E-11

      iter #   4 total cpu time :199838.9 secs   av.it.:  16.9
      thresh= 7.157E-07 alpha_mix =  0.700 |ddv_scf|^2 =  3.785E-12

      iter #   5 total cpu time :200034.3 secs   av.it.:  16.8
      thresh= 1.945E-07 alpha_mix =  0.700 |ddv_scf|^2 =  4.174E-13

      iter #   6 total cpu time :200222.6 secs   av.it.:  15.9
      thresh= 6.461E-08 alpha_mix =  0.700 |ddv_scf|^2 =  2.463E-14

      iter #   7 total cpu time :200409.3 secs   av.it.:  15.9
      thresh= 1.569E-08 alpha_mix =  0.700 |ddv_scf|^2 =  5.895E-16

     End of self-consistent calculation

     Convergence has been achieved 


     Representation #  16 modes #  31  32

     Self-consistent Calculation

      iter #   1 total cpu time :200493.2 secs   av.it.:   3.0
      thresh= 1.000E-02 alpha_mix =  0.700 |ddv_scf|^2 =  3.989E-10

      iter #   2 total cpu time :200688.5 secs   av.it.:  17.0
      thresh= 1.997E-06 alpha_mix =  0.700 |ddv_scf|^2 =  1.668E-10

      iter #   3 total cpu time :200885.4 secs   av.it.:  16.0
      thresh= 1.291E-06 alpha_mix =  0.700 |ddv_scf|^2 =  4.867E-12

      iter #   4 total cpu time :201081.8 secs   av.it.:  16.0
      thresh= 2.206E-07 alpha_mix =  0.700 |ddv_scf|^2 =  3.522E-13

      iter #   5 total cpu time :201276.2 secs   av.it.:  16.1
      thresh= 5.935E-08 alpha_mix =  0.700 |ddv_scf|^2 =  1.264E-14

      iter #   6 total cpu time :201478.0 secs   av.it.:  16.7
      thresh= 1.124E-08 alpha_mix =  0.700 |ddv_scf|^2 =  1.045E-15

     End of self-consistent calculation

     Convergence has been achieved 


     Representation #  17 modes #  33  34

     Self-consistent Calculation

      iter #   1 total cpu time :201564.8 secs   av.it.:   3.0
      thresh= 1.000E-02 alpha_mix =  0.700 |ddv_scf|^2 =  6.638E-10

      iter #   2 total cpu time :201766.5 secs   av.it.:  16.7
      thresh= 2.576E-06 alpha_mix =  0.700 |ddv_scf|^2 =  3.208E-10

      iter #   3 total cpu time :201954.9 secs   av.it.:  16.0
      thresh= 1.791E-06 alpha_mix =  0.700 |ddv_scf|^2 =  4.600E-12

      iter #   4 total cpu time :202148.2 secs   av.it.:  16.0
      thresh= 2.145E-07 alpha_mix =  0.700 |ddv_scf|^2 =  2.144E-13

      iter #   5 total cpu time :202342.3 secs   av.it.:  16.2
      thresh= 4.630E-08 alpha_mix =  0.700 |ddv_scf|^2 =  2.202E-14

      iter #   6 total cpu time :202534.7 secs   av.it.:  16.0
      thresh= 1.484E-08 alpha_mix =  0.700 |ddv_scf|^2 =  1.681E-15

     End of self-consistent calculation

     Convergence has been achieved 


     Representation #  18 modes #  35  36

     Self-consistent Calculation

      iter #   1 total cpu time :202637.7 secs   av.it.:   5.0
      thresh= 1.000E-02 alpha_mix =  0.700 |ddv_scf|^2 =  6.176E-09

      iter #   2 total cpu time :202842.2 secs   av.it.:  17.0
      thresh= 7.859E-06 alpha_mix =  0.700 |ddv_scf|^2 =  4.271E-09

      iter #   3 total cpu time :203029.7 secs   av.it.:  16.0
      thresh= 6.536E-06 alpha_mix =  0.700 |ddv_scf|^2 =  2.961E-11

      iter #   4 total cpu time :203224.2 secs   av.it.:  16.3
      thresh= 5.442E-07 alpha_mix =  0.700 |ddv_scf|^2 =  2.168E-12

      iter #   5 total cpu time :203420.4 secs   av.it.:  16.9
      thresh= 1.472E-07 alpha_mix =  0.700 |ddv_scf|^2 =  2.088E-13

      iter #   6 total cpu time :203615.2 secs   av.it.:  16.4
      thresh= 4.569E-08 alpha_mix =  0.700 |ddv_scf|^2 =  1.353E-14

      iter #   7 total cpu time :203809.5 secs   av.it.:  16.2
      thresh= 1.163E-08 alpha_mix =  0.700 |ddv_scf|^2 =  2.071E-15

     End of self-consistent calculation

     Convergence has been achieved 


     Representation #  19 modes #  37  38

     Self-consistent Calculation

      iter #   1 total cpu time :203899.0 secs   av.it.:   3.9
      thresh= 1.000E-02 alpha_mix =  0.700 |ddv_scf|^2 =  1.540E-09

      iter #   2 total cpu time :204106.2 secs   av.it.:  17.0
      thresh= 3.925E-06 alpha_mix =  0.700 |ddv_scf|^2 =  1.283E-09

      iter #   3 total cpu time :204303.0 secs   av.it.:  16.0
      thresh= 3.582E-06 alpha_mix =  0.700 |ddv_scf|^2 =  3.028E-12

      iter #   4 total cpu time :204506.8 secs   av.it.:  17.0
      thresh= 1.740E-07 alpha_mix =  0.700 |ddv_scf|^2 =  4.843E-13

      iter #   5 total cpu time :204701.1 secs   av.it.:  16.7
      thresh= 6.959E-08 alpha_mix =  0.700 |ddv_scf|^2 =  2.478E-14

      iter #   6 total cpu time :204889.7 secs   av.it.:  16.0
      thresh= 1.574E-08 alpha_mix =  0.700 |ddv_scf|^2 =  1.925E-15

     End of self-consistent calculation

     Convergence has been achieved 


     Representation #  20 modes #  39  40

     Self-consistent Calculation

      iter #   1 total cpu time :204986.8 secs   av.it.:   4.6
      thresh= 1.000E-02 alpha_mix =  0.700 |ddv_scf|^2 =  3.537E-09

      iter #   2 total cpu time :205182.7 secs   av.it.:  17.0
      thresh= 5.947E-06 alpha_mix =  0.700 |ddv_scf|^2 =  1.707E-09

      iter #   3 total cpu time :205369.7 secs   av.it.:  16.0
      thresh= 4.131E-06 alpha_mix =  0.700 |ddv_scf|^2 =  4.619E-11

      iter #   4 total cpu time :205569.0 secs   av.it.:  16.0
      thresh= 6.796E-07 alpha_mix =  0.700 |ddv_scf|^2 =  1.191E-12

      iter #   5 total cpu time :205774.7 secs   av.it.:  16.9
      thresh= 1.091E-07 alpha_mix =  0.700 |ddv_scf|^2 =  2.000E-13

      iter #   6 total cpu time :205977.5 secs   av.it.:  16.2
      thresh= 4.472E-08 alpha_mix =  0.700 |ddv_scf|^2 =  5.393E-15

     End of self-consistent calculation

     Convergence has been achieved 


     Representation #  21 modes #  41  42

     Self-consistent Calculation

      iter #   1 total cpu time :206064.5 secs   av.it.:   3.0
      thresh= 1.000E-02 alpha_mix =  0.700 |ddv_scf|^2 =  3.846E-10

      iter #   2 total cpu time :206272.4 secs   av.it.:  17.0
      thresh= 1.961E-06 alpha_mix =  0.700 |ddv_scf|^2 =  1.397E-10

      iter #   3 total cpu time :206474.4 secs   av.it.:  16.0
      thresh= 1.182E-06 alpha_mix =  0.700 |ddv_scf|^2 =  4.453E-12

      iter #   4 total cpu time :206673.8 secs   av.it.:  16.0
      thresh= 2.110E-07 alpha_mix =  0.700 |ddv_scf|^2 =  3.533E-13

      iter #   5 total cpu time :206868.1 secs   av.it.:  16.0
      thresh= 5.944E-08 alpha_mix =  0.700 |ddv_scf|^2 =  1.500E-14

      iter #   6 total cpu time :207062.8 secs   av.it.:  16.6
      thresh= 1.225E-08 alpha_mix =  0.700 |ddv_scf|^2 =  9.207E-16

     End of self-consistent calculation

     Convergence has been achieved 


     Representation #  22 modes #  43  44

     Self-consistent Calculation

      iter #   1 total cpu time :207151.0 secs   av.it.:   3.1
      thresh= 1.000E-02 alpha_mix =  0.700 |ddv_scf|^2 =  7.715E-10

      iter #   2 total cpu time :207358.0 secs   av.it.:  16.9
      thresh= 2.778E-06 alpha_mix =  0.700 |ddv_scf|^2 =  5.717E-10

      iter #   3 total cpu time :207555.4 secs   av.it.:  16.0
      thresh= 2.391E-06 alpha_mix =  0.700 |ddv_scf|^2 =  2.567E-12

      iter #   4 total cpu time :207763.1 secs   av.it.:  17.0
      thresh= 1.602E-07 alpha_mix =  0.700 |ddv_scf|^2 =  3.707E-13

      iter #   5 total cpu time :207968.1 secs   av.it.:  16.4
      thresh= 6.088E-08 alpha_mix =  0.700 |ddv_scf|^2 =  1.884E-14

      iter #   6 total cpu time :208173.7 secs   av.it.:  16.7
      thresh= 1.373E-08 alpha_mix =  0.700 |ddv_scf|^2 =  1.363E-15

     End of self-consistent calculation

     Convergence has been achieved 


     Representation #  23 modes #  45  46

     Self-consistent Calculation

      iter #   1 total cpu time :208259.6 secs   av.it.:   3.0
      thresh= 1.000E-02 alpha_mix =  0.700 |ddv_scf|^2 =  2.649E-10

      iter #   2 total cpu time :208457.1 secs   av.it.:  17.0
      thresh= 1.627E-06 alpha_mix =  0.700 |ddv_scf|^2 =  1.360E-10

      iter #   3 total cpu time :208656.5 secs   av.it.:  16.0
      thresh= 1.166E-06 alpha_mix =  0.700 |ddv_scf|^2 =  2.417E-12

      iter #   4 total cpu time :208852.5 secs   av.it.:  16.1
      thresh= 1.555E-07 alpha_mix =  0.700 |ddv_scf|^2 =  2.234E-13

      iter #   5 total cpu time :209046.4 secs   av.it.:  16.8
      thresh= 4.726E-08 alpha_mix =  0.700 |ddv_scf|^2 =  1.575E-14

      iter #   6 total cpu time :209238.4 secs   av.it.:  16.6
      thresh= 1.255E-08 alpha_mix =  0.700 |ddv_scf|^2 =  7.801E-16

     End of self-consistent calculation

     Convergence has been achieved 


     Representation #  24 modes #  47  48

     Self-consistent Calculation

      iter #   1 total cpu time :209323.5 secs   av.it.:   3.0
      thresh= 1.000E-02 alpha_mix =  0.700 |ddv_scf|^2 =  2.771E-10

      iter #   2 total cpu time :209534.1 secs   av.it.:  17.0
      thresh= 1.665E-06 alpha_mix =  0.700 |ddv_scf|^2 =  8.189E-11

      iter #   3 total cpu time :209739.4 secs   av.it.:  16.7
      thresh= 9.049E-07 alpha_mix =  0.700 |ddv_scf|^2 =  2.665E-12

      iter #   4 total cpu time :209939.1 secs   av.it.:  16.2
      thresh= 1.632E-07 alpha_mix =  0.700 |ddv_scf|^2 =  2.413E-13

      iter #   5 total cpu time :210122.3 secs   av.it.:  16.0
      thresh= 4.913E-08 alpha_mix =  0.700 |ddv_scf|^2 =  1.460E-14

      iter #   6 total cpu time :210309.3 secs   av.it.:  16.1
      thresh= 1.208E-08 alpha_mix =  0.700 |ddv_scf|^2 =  7.532E-16

     End of self-consistent calculation

     Convergence has been achieved 


     Representation #  25 modes #  49  50

     Self-consistent Calculation

      iter #   1 total cpu time :210408.6 secs   av.it.:   4.7
      thresh= 1.000E-02 alpha_mix =  0.700 |ddv_scf|^2 =  3.680E-09

      iter #   2 total cpu time :210613.1 secs   av.it.:  16.9
      thresh= 6.067E-06 alpha_mix =  0.700 |ddv_scf|^2 =  1.668E-09

      iter #   3 total cpu time :210808.3 secs   av.it.:  16.0
      thresh= 4.084E-06 alpha_mix =  0.700 |ddv_scf|^2 =  4.774E-11

      iter #   4 total cpu time :211003.9 secs   av.it.:  16.0
      thresh= 6.910E-07 alpha_mix =  0.700 |ddv_scf|^2 =  1.463E-12

      iter #   5 total cpu time :211207.6 secs   av.it.:  17.0
      thresh= 1.209E-07 alpha_mix =  0.700 |ddv_scf|^2 =  2.244E-13

      iter #   6 total cpu time :211409.4 secs   av.it.:  16.7
      thresh= 4.737E-08 alpha_mix =  0.700 |ddv_scf|^2 =  4.019E-15

     End of self-consistent calculation

     Convergence has been achieved 


     Representation #  26 modes #  51  52

     Self-consistent Calculation

      iter #   1 total cpu time :211500.9 secs   av.it.:   3.9
      thresh= 1.000E-02 alpha_mix =  0.700 |ddv_scf|^2 =  1.374E-09

      iter #   2 total cpu time :211708.8 secs   av.it.:  17.0
      thresh= 3.706E-06 alpha_mix =  0.700 |ddv_scf|^2 =  1.068E-09

      iter #   3 total cpu time :211906.2 secs   av.it.:  16.0
      thresh= 3.269E-06 alpha_mix =  0.700 |ddv_scf|^2 =  4.213E-12

      iter #   4 total cpu time :212110.6 secs   av.it.:  17.0
      thresh= 2.053E-07 alpha_mix =  0.700 |ddv_scf|^2 =  4.852E-13

      iter #   5 total cpu time :212316.7 secs   av.it.:  16.8
      thresh= 6.965E-08 alpha_mix =  0.700 |ddv_scf|^2 =  2.001E-14

      iter #   6 total cpu time :212522.5 secs   av.it.:  16.8
      thresh= 1.415E-08 alpha_mix =  0.700 |ddv_scf|^2 =  1.698E-15

     End of self-consistent calculation

     Convergence has been achieved 


     Representation #  27 modes #  53  54

     Self-consistent Calculation

      iter #   1 total cpu time :212647.1 secs   av.it.:   6.5
      thresh= 1.000E-02 alpha_mix =  0.700 |ddv_scf|^2 =  2.109E-08

      iter #   2 total cpu time :212853.0 secs   av.it.:  16.8
      thresh= 1.452E-05 alpha_mix =  0.700 |ddv_scf|^2 =  7.806E-09

      iter #   3 total cpu time :213049.8 secs   av.it.:  15.9
      thresh= 8.835E-06 alpha_mix =  0.700 |ddv_scf|^2 =  2.517E-11

      iter #   4 total cpu time :213247.7 secs   av.it.:  16.3
      thresh= 5.017E-07 alpha_mix =  0.700 |ddv_scf|^2 =  5.337E-12

      iter #   5 total cpu time :213444.3 secs   av.it.:  16.0
      thresh= 2.310E-07 alpha_mix =  0.700 |ddv_scf|^2 =  2.191E-13

      iter #   6 total cpu time :213640.6 secs   av.it.:  16.0
      thresh= 4.680E-08 alpha_mix =  0.700 |ddv_scf|^2 =  4.570E-15

     End of self-consistent calculation

     Convergence has been achieved 


     Representation #  28 modes #  55  56

     Self-consistent Calculation

      iter #   1 total cpu time :213725.5 secs   av.it.:   3.0
      thresh= 1.000E-02 alpha_mix =  0.700 |ddv_scf|^2 =  5.721E-10

      iter #   2 total cpu time :213925.1 secs   av.it.:  16.7
      thresh= 2.392E-06 alpha_mix =  0.700 |ddv_scf|^2 =  2.609E-10

      iter #   3 total cpu time :214116.9 secs   av.it.:  16.0
      thresh= 1.615E-06 alpha_mix =  0.700 |ddv_scf|^2 =  5.495E-12

      iter #   4 total cpu time :214317.5 secs   av.it.:  16.0
      thresh= 2.344E-07 alpha_mix =  0.700 |ddv_scf|^2 =  1.546E-13

      iter #   5 total cpu time :214524.4 secs   av.it.:  17.0
      thresh= 3.931E-08 alpha_mix =  0.700 |ddv_scf|^2 =  1.032E-14

      iter #   6 total cpu time :214730.7 secs   av.it.:  16.9
      thresh= 1.016E-08 alpha_mix =  0.700 |ddv_scf|^2 =  8.843E-16

     End of self-consistent calculation

     Convergence has been achieved 


     Representation #  29 modes #  57  58

     Self-consistent Calculation

      iter #   1 total cpu time :214820.5 secs   av.it.:   3.2
      thresh= 1.000E-02 alpha_mix =  0.700 |ddv_scf|^2 =  1.012E-09

      iter #   2 total cpu time :215026.4 secs   av.it.:  16.8
      thresh= 3.181E-06 alpha_mix =  0.700 |ddv_scf|^2 =  6.905E-10

      iter #   3 total cpu time :215224.3 secs   av.it.:  16.0
      thresh= 2.628E-06 alpha_mix =  0.700 |ddv_scf|^2 =  4.119E-12

      iter #   4 total cpu time :215427.7 secs   av.it.:  16.1
      thresh= 2.030E-07 alpha_mix =  0.700 |ddv_scf|^2 =  4.353E-13

      iter #   5 total cpu time :215633.2 secs   av.it.:  16.7
      thresh= 6.597E-08 alpha_mix =  0.700 |ddv_scf|^2 =  1.164E-14

      iter #   6 total cpu time :215840.0 secs   av.it.:  17.0
      thresh= 1.079E-08 alpha_mix =  0.700 |ddv_scf|^2 =  8.190E-16

     End of self-consistent calculation

     Convergence has been achieved 


     Representation #  30 modes #  59  60

     Self-consistent Calculation

      iter #   1 total cpu time :215944.4 secs   av.it.:   5.0
      thresh= 1.000E-02 alpha_mix =  0.700 |ddv_scf|^2 =  1.781E-08

      iter #   2 total cpu time :216136.4 secs   av.it.:  16.1
      thresh= 1.335E-05 alpha_mix =  0.700 |ddv_scf|^2 =  1.674E-08

      iter #   3 total cpu time :216316.7 secs   av.it.:  15.0
      thresh= 1.294E-05 alpha_mix =  0.700 |ddv_scf|^2 =  1.331E-11

      iter #   4 total cpu time :216513.3 secs   av.it.:  17.0
      thresh= 3.648E-07 alpha_mix =  0.700 |ddv_scf|^2 =  1.891E-12

      iter #   5 total cpu time :216717.1 secs   av.it.:  17.0
      thresh= 1.375E-07 alpha_mix =  0.700 |ddv_scf|^2 =  1.252E-13

      iter #   6 total cpu time :216912.4 secs   av.it.:  17.0
      thresh= 3.538E-08 alpha_mix =  0.700 |ddv_scf|^2 =  6.681E-15

     End of self-consistent calculation

     Convergence has been achieved 


     Representation #  31 modes #  61  62

     Self-consistent Calculation

      iter #   1 total cpu time :217000.9 secs   av.it.:   3.6
      thresh= 1.000E-02 alpha_mix =  0.700 |ddv_scf|^2 =  7.825E-10

      iter #   2 total cpu time :217196.6 secs   av.it.:  17.0
      thresh= 2.797E-06 alpha_mix =  0.700 |ddv_scf|^2 =  3.471E-10

      iter #   3 total cpu time :217394.1 secs   av.it.:  16.0
      thresh= 1.863E-06 alpha_mix =  0.700 |ddv_scf|^2 =  1.140E-12

      iter #   4 total cpu time :217599.9 secs   av.it.:  17.0
      thresh= 1.068E-07 alpha_mix =  0.700 |ddv_scf|^2 =  2.237E-13

      iter #   5 total cpu time :217790.4 secs   av.it.:  16.0
      thresh= 4.730E-08 alpha_mix =  0.700 |ddv_scf|^2 =  1.272E-14

      iter #   6 total cpu time :217983.9 secs   av.it.:  16.2
      thresh= 1.128E-08 alpha_mix =  0.700 |ddv_scf|^2 =  8.188E-16

     End of self-consistent calculation

     Convergence has been achieved 


     Representation #  32 modes #  63  64

     Self-consistent Calculation

      iter #   1 total cpu time :218070.6 secs   av.it.:   3.0
      thresh= 1.000E-02 alpha_mix =  0.700 |ddv_scf|^2 =  9.542E-10

      iter #   2 total cpu time :218268.5 secs   av.it.:  17.0
      thresh= 3.089E-06 alpha_mix =  0.700 |ddv_scf|^2 =  5.471E-10

      iter #   3 total cpu time :218462.0 secs   av.it.:  16.0
      thresh= 2.339E-06 alpha_mix =  0.700 |ddv_scf|^2 =  3.121E-12

      iter #   4 total cpu time :218663.5 secs   av.it.:  16.3
      thresh= 1.766E-07 alpha_mix =  0.700 |ddv_scf|^2 =  4.798E-13

      iter #   5 total cpu time :218863.8 secs   av.it.:  16.0
      thresh= 6.927E-08 alpha_mix =  0.700 |ddv_scf|^2 =  1.263E-14

      iter #   6 total cpu time :219066.0 secs   av.it.:  16.6
      thresh= 1.124E-08 alpha_mix =  0.700 |ddv_scf|^2 =  2.009E-15

     End of self-consistent calculation

     Convergence has been achieved 


     Representation #  33 modes #  65  66

     Self-consistent Calculation

      iter #   1 total cpu time :219156.8 secs   av.it.:   3.6
      thresh= 1.000E-02 alpha_mix =  0.700 |ddv_scf|^2 =  2.167E-09

      iter #   2 total cpu time :219351.6 secs   av.it.:  16.8
      thresh= 4.656E-06 alpha_mix =  0.700 |ddv_scf|^2 =  1.714E-09

      iter #   3 total cpu time :219536.8 secs   av.it.:  15.9
      thresh= 4.141E-06 alpha_mix =  0.700 |ddv_scf|^2 =  3.252E-12

      iter #   4 total cpu time :219733.9 secs   av.it.:  17.0
      thresh= 1.803E-07 alpha_mix =  0.700 |ddv_scf|^2 =  4.729E-13

      iter #   5 total cpu time :219929.8 secs   av.it.:  16.8
      thresh= 6.877E-08 alpha_mix =  0.700 |ddv_scf|^2 =  3.087E-14

      iter #   6 total cpu time :220121.0 secs   av.it.:  16.0
      thresh= 1.757E-08 alpha_mix =  0.700 |ddv_scf|^2 =  3.017E-15

     End of self-consistent calculation

     Convergence has been achieved 

     Number of q in the star =    1
     List of q in the star:
          1  -0.500000000   0.000000000  -0.751853469

     Diagonalizing the dynamical matrix

     q = (   -0.500000000   0.000000000  -0.751853469 ) 

 **************************************************************************
     freq (    1) =       1.292949 [THz] =      43.128126 [cm-1]
     freq (    2) =       1.292949 [THz] =      43.128126 [cm-1]
     freq (    3) =       1.532060 [THz] =      51.104029 [cm-1]
     freq (    4) =       1.532060 [THz] =      51.104029 [cm-1]
     freq (    5) =       3.393665 [THz] =     113.200493 [cm-1]
     freq (    6) =       3.393665 [THz] =     113.200493 [cm-1]
     freq (    7) =       4.510148 [THz] =     150.442330 [cm-1]
     freq (    8) =       4.510148 [THz] =     150.442330 [cm-1]
     freq (    9) =       5.177714 [THz] =     172.709943 [cm-1]
     freq (   10) =       5.177714 [THz] =     172.709943 [cm-1]
     freq (   11) =       5.859821 [THz] =     195.462583 [cm-1]
     freq (   12) =       5.859821 [THz] =     195.462583 [cm-1]
     freq (   13) =       6.528422 [THz] =     217.764731 [cm-1]
     freq (   14) =       6.528422 [THz] =     217.764731 [cm-1]
     freq (   15) =       7.046345 [THz] =     235.040761 [cm-1]
     freq (   16) =       7.046345 [THz] =     235.040761 [cm-1]
     freq (   17) =       8.261266 [THz] =     275.566181 [cm-1]
     freq (   18) =       8.261266 [THz] =     275.566181 [cm-1]
     freq (   19) =       8.415133 [THz] =     280.698638 [cm-1]
     freq (   20) =       8.415133 [THz] =     280.698638 [cm-1]
     freq (   21) =       8.589465 [THz] =     286.513720 [cm-1]
     freq (   22) =       8.589465 [THz] =     286.513720 [cm-1]
     freq (   23) =       8.707396 [THz] =     290.447479 [cm-1]
     freq (   24) =       8.707396 [THz] =     290.447479 [cm-1]
     freq (   25) =       9.777825 [THz] =     326.153136 [cm-1]
     freq (   26) =       9.777825 [THz] =     326.153136 [cm-1]
     freq (   27) =      12.111110 [THz] =     403.983138 [cm-1]
     freq (   28) =      12.111110 [THz] =     403.983138 [cm-1]
     freq (   29) =      12.402675 [THz] =     413.708704 [cm-1]
     freq (   30) =      12.402675 [THz] =     413.708704 [cm-1]
     freq (   31) =      30.690689 [THz] =    1023.731192 [cm-1]
     freq (   32) =      30.690689 [THz] =    1023.731192 [cm-1]
     freq (   33) =      30.826105 [THz] =    1028.248178 [cm-1]
     freq (   34) =      30.826105 [THz] =    1028.248178 [cm-1]
     freq (   35) =      31.785695 [THz] =    1060.256663 [cm-1]
     freq (   36) =      31.785695 [THz] =    1060.256663 [cm-1]
     freq (   37) =      31.806015 [THz] =    1060.934472 [cm-1]
     freq (   38) =      31.806015 [THz] =    1060.934472 [cm-1]
     freq (   39) =      32.324357 [THz] =    1078.224502 [cm-1]
     freq (   40) =      32.324357 [THz] =    1078.224502 [cm-1]
     freq (   41) =      32.518499 [THz] =    1084.700365 [cm-1]
     freq (   42) =      32.518499 [THz] =    1084.700365 [cm-1]
     freq (   43) =      35.844117 [THz] =    1195.631056 [cm-1]
     freq (   44) =      35.844117 [THz] =    1195.631056 [cm-1]
     freq (   45) =      35.998317 [THz] =    1200.774604 [cm-1]
     freq (   46) =      35.998317 [THz] =    1200.774604 [cm-1]
     freq (   47) =      36.101442 [THz] =    1204.214485 [cm-1]
     freq (   48) =      36.101442 [THz] =    1204.214485 [cm-1]
     freq (   49) =      36.199274 [THz] =    1207.477813 [cm-1]
     freq (   50) =      36.199274 [THz] =    1207.477813 [cm-1]
     freq (   51) =      68.310094 [THz] =    2278.579472 [cm-1]
     freq (   52) =      68.310094 [THz] =    2278.579472 [cm-1]
     freq (   53) =      68.320969 [THz] =    2278.942227 [cm-1]
     freq (   54) =      68.320969 [THz] =    2278.942227 [cm-1]
     freq (   55) =      70.061669 [THz] =    2337.005725 [cm-1]
     freq (   56) =      70.061669 [THz] =    2337.005725 [cm-1]
     freq (   57) =      70.184842 [THz] =    2341.114325 [cm-1]
     freq (   58) =      70.184842 [THz] =    2341.114325 [cm-1]
     freq (   59) =      70.654910 [THz] =    2356.794127 [cm-1]
     freq (   60) =      70.654910 [THz] =    2356.794127 [cm-1]
     freq (   61) =      70.675341 [THz] =    2357.475611 [cm-1]
     freq (   62) =      70.675341 [THz] =    2357.475611 [cm-1]
     freq (   63) =      71.337971 [THz] =    2379.578580 [cm-1]
     freq (   64) =      71.337971 [THz] =    2379.578580 [cm-1]
     freq (   65) =      71.489657 [THz] =    2384.638286 [cm-1]
     freq (   66) =      71.489657 [THz] =    2384.638286 [cm-1]
 **************************************************************************

     Calculation of q =   -0.5000000  -0.4975148   0.0000000

     Parallelization info
     --------------------
     sticks:   dense  smooth     PW     G-vecs:    dense   smooth      PW
     Min         460     230     62                24198     8554    1215
     Max         461     231     64                24201     8557    1218
     Sum       11053    5527   1493               580795   205333   29197

     Using Slab Decomposition



     bravais-lattice index     =            8
     lattice parameter (alat)  =      13.1499  a.u.
     unit-cell volume          =    1519.7234 (a.u.)^3
     number of atoms/cell      =           22
     number of atomic types    =            3
     number of electrons       =        48.00
     number of Kohn-Sham states=           24
     kinetic-energy cutoff     =     100.0000  Ry
     charge density cutoff     =     800.0000  Ry
     Exchange-correlation= PBESOL
                           (   1   4  10   8   0   0   0)

     celldm(1)=  13.149863  celldm(2)=   1.004995  celldm(3)=   0.665023
     celldm(4)=   0.000000  celldm(5)=   0.000000  celldm(6)=   0.000000

     crystal axes: (cart. coord. in units of alat)
               a(1) = (   1.000000   0.000000   0.000000 )  
               a(2) = (   0.000000   1.004995   0.000000 )  
               a(3) = (   0.000000   0.000000   0.665023 )  

     reciprocal axes: (cart. coord. in units 2 pi/alat)
               b(1) = (  1.000000  0.000000  0.000000 )  
               b(2) = (  0.000000  0.995030  0.000000 )  
               b(3) = (  0.000000  0.000000  1.503707 )  


     PseudoPot. # 1 for B  read from file:
     /home/mehlhorn/pseudos/b_pbesol_v1.4.uspp.F.UPF
     MD5 check sum: 369b69bef2c3aeed4453bd8b804fd6a8
     Pseudo is Ultrasoft + core correction, Zval =  3.0
     Generated by new atomic code, or converted to UPF format
     Using radial grid of  781 points,  4 beta functions with: 
                l(1) =   0
                l(2) =   0
                l(3) =   1
                l(4) =   1
     Q(r) pseudized with  8 coefficients,  rinner =    1.100   1.100   1.100


     PseudoPot. # 2 for Ba read from file:
     /home/mehlhorn/pseudos/Ba.nc.z_10.oncvpsp4.dojo.v4-sp.upf
     MD5 check sum: c10ed334bb677c0554edec7181ce9143
     Pseudo is Norm-conserving + core correction, Zval = 10.0
     Generated using ONCVPSP code by D. R. Hamann
     Using radial grid of 1938 points,  8 beta functions with: 
                l(1) =   0
                l(2) =   0
                l(3) =   1
                l(4) =   1
                l(5) =   2
                l(6) =   2
                l(7) =   3
                l(8) =   3

     PseudoPot. # 3 for H  read from file:
     /home/mehlhorn/pseudos/H_ONCV_PBEsol-1.0.upf
     MD5 check sum: 398ef8f67c0a7342c05c87c5e19ea467
     Pseudo is Norm-conserving, Zval =  1.0
     Generated using ONCVPSP code by D. R. Hamann
     Using radial grid of 1180 points,  2 beta functions with: 
                l(1) =   0
                l(2) =   0

     atomic species   valence    mass     pseudopotential
     B                 3.00    10.81100     B ( 1.00)
     Ba               10.00   137.32700     Ba( 1.00)
     H                 1.00     1.00794     H ( 1.00)

      4 Sym. Ops. (no inversion) found



   Cartesian axes

     site n.     atom                  positions (alat units)
         1        Ba     tau(   1) = (   0.5000000   0.5024976   0.3325149  )
         2        Ba     tau(   2) = (   0.0000000   0.0000000   0.6650199  )
         3        B      tau(   3) = (   0.6221553   0.2503544   0.0000034  )
         4        B      tau(   4) = (   0.3778447   0.7546409   0.0000034  )
         5        B      tau(   5) = (   0.1221553   0.2521432   0.3325082  )
         6        B      tau(   6) = (   0.8778447   0.7528520   0.3325082  )
         7        H      tau(   7) = (   0.4492521   0.2889572  -0.0000129  )
         8        H      tau(   8) = (   0.5507479   0.7160381  -0.0000129  )
         9        H      tau(   9) = (   0.9492521   0.2135405   0.3325245  )
        10        H      tau(  10) = (   0.0507479   0.7914548   0.3325245  )
        11        H      tau(  11) = (   0.7177062   0.4004542   0.0000031  )
        12        H      tau(  12) = (   0.2822938   0.6045411   0.0000031  )
        13        H      tau(  13) = (   0.2177062   0.1020434   0.3325085  )
        14        H      tau(  14) = (   0.7822938   0.9029519   0.3325085  )
        15        H      tau(  15) = (   0.6574615   0.1574470   0.5188345  )
        16        H      tau(  16) = (   0.3425385   0.8475482   0.5188345  )
        17        H      tau(  17) = (   0.1574615   0.3450506   0.4787003  )
        18        H      tau(  18) = (   0.8425385   0.6599447   0.4787003  )
        19        H      tau(  19) = (   0.3425472   0.8475474   0.1461992  )
        20        H      tau(  20) = (   0.6574528   0.1574478   0.1461992  )
        21        H      tau(  21) = (   0.8425472   0.6599455   0.1863124  )
        22        H      tau(  22) = (   0.1574528   0.3450498   0.1863124  )

     number of k points=    54
                       cart. coord. in units 2pi/alat
        k(    1) = (   0.0000000   0.0000000   0.0000000), wk =   0.0160000
        k(    2) = (  -0.5000000  -0.4975148   0.0000000), wk =   0.0000000
        k(    3) = (   0.0000000   0.0000000   0.3007414), wk =   0.0320000
        k(    4) = (  -0.5000000  -0.4975148   0.3007414), wk =   0.0000000
        k(    5) = (   0.0000000   0.0000000   0.6014828), wk =   0.0320000
        k(    6) = (  -0.5000000  -0.4975148   0.6014828), wk =   0.0000000
        k(    7) = (   0.0000000   0.1990059   0.0000000), wk =   0.0320000
        k(    8) = (  -0.5000000  -0.2985089   0.0000000), wk =   0.0000000
        k(    9) = (   0.0000000   0.1990059   0.3007414), wk =   0.0640000
        k(   10) = (  -0.5000000  -0.2985089   0.3007414), wk =   0.0000000
        k(   11) = (   0.0000000   0.1990059   0.6014828), wk =   0.0640000
        k(   12) = (  -0.5000000  -0.2985089   0.6014828), wk =   0.0000000
        k(   13) = (   0.0000000   0.3980118   0.0000000), wk =   0.0320000
        k(   14) = (  -0.5000000  -0.0995030   0.0000000), wk =   0.0000000
        k(   15) = (   0.0000000   0.3980118   0.3007414), wk =   0.0640000
        k(   16) = (  -0.5000000  -0.0995030   0.3007414), wk =   0.0000000
        k(   17) = (   0.0000000   0.3980118   0.6014828), wk =   0.0640000
        k(   18) = (  -0.5000000  -0.0995030   0.6014828), wk =   0.0000000
        k(   19) = (   0.2000000   0.0000000   0.0000000), wk =   0.0320000
        k(   20) = (  -0.3000000  -0.4975148   0.0000000), wk =   0.0000000
        k(   21) = (   0.2000000   0.0000000   0.3007414), wk =   0.0640000
        k(   22) = (  -0.3000000  -0.4975148   0.3007414), wk =   0.0000000
        k(   23) = (   0.2000000   0.0000000   0.6014828), wk =   0.0640000
        k(   24) = (  -0.3000000  -0.4975148   0.6014828), wk =   0.0000000
        k(   25) = (   0.2000000   0.1990059   0.0000000), wk =   0.0640000
        k(   26) = (  -0.3000000  -0.2985089   0.0000000), wk =   0.0000000
        k(   27) = (   0.2000000   0.1990059   0.3007414), wk =   0.1280000
        k(   28) = (  -0.3000000  -0.2985089   0.3007414), wk =   0.0000000
        k(   29) = (   0.2000000   0.1990059   0.6014828), wk =   0.1280000
        k(   30) = (  -0.3000000  -0.2985089   0.6014828), wk =   0.0000000
        k(   31) = (   0.2000000   0.3980118   0.0000000), wk =   0.0640000
        k(   32) = (  -0.3000000  -0.0995030   0.0000000), wk =   0.0000000
        k(   33) = (   0.2000000   0.3980118   0.3007414), wk =   0.1280000
        k(   34) = (  -0.3000000  -0.0995030   0.3007414), wk =   0.0000000
        k(   35) = (   0.2000000   0.3980118   0.6014828), wk =   0.1280000
        k(   36) = (  -0.3000000  -0.0995030   0.6014828), wk =   0.0000000
        k(   37) = (   0.4000000   0.0000000   0.0000000), wk =   0.0320000
        k(   38) = (  -0.1000000  -0.4975148   0.0000000), wk =   0.0000000
        k(   39) = (   0.4000000   0.0000000   0.3007414), wk =   0.0640000
        k(   40) = (  -0.1000000  -0.4975148   0.3007414), wk =   0.0000000
        k(   41) = (   0.4000000   0.0000000   0.6014828), wk =   0.0640000
        k(   42) = (  -0.1000000  -0.4975148   0.6014828), wk =   0.0000000
        k(   43) = (   0.4000000   0.1990059   0.0000000), wk =   0.0640000
        k(   44) = (  -0.1000000  -0.2985089   0.0000000), wk =   0.0000000
        k(   45) = (   0.4000000   0.1990059   0.3007414), wk =   0.1280000
        k(   46) = (  -0.1000000  -0.2985089   0.3007414), wk =   0.0000000
        k(   47) = (   0.4000000   0.1990059   0.6014828), wk =   0.1280000
        k(   48) = (  -0.1000000  -0.2985089   0.6014828), wk =   0.0000000
        k(   49) = (   0.4000000   0.3980118   0.0000000), wk =   0.0640000
        k(   50) = (  -0.1000000  -0.0995030   0.0000000), wk =   0.0000000
        k(   51) = (   0.4000000   0.3980118   0.3007414), wk =   0.1280000
        k(   52) = (  -0.1000000  -0.0995030   0.3007414), wk =   0.0000000
        k(   53) = (   0.4000000   0.3980118   0.6014828), wk =   0.1280000
        k(   54) = (  -0.1000000  -0.0995030   0.6014828), wk =   0.0000000

     Dense  grid:   580795 G-vectors     FFT dimensions: ( 120, 120,  80)

     Smooth grid:   205333 G-vectors     FFT dimensions: (  90,  90,  60)

     Estimated max dynamical RAM per process >      52.68 MB

     Estimated total dynamical RAM >       1.23 GB

     The potential is recalculated from file :
     ./_ph0/pwscf.q_7/pwscf.save/charge-density

     Starting wfcs are   42 atomic wfcs

     Band Structure Calculation
     Davidson diagonalization with overlap

     ethr =  2.08E-11,  avg # of iterations = 21.9

     total cpu time spent up to now is     1257.3 secs

     End of band structure calculation

          k = 0.0000 0.0000 0.0000 ( 25605 PWs)   bands (ev):

   -24.3490 -24.3424  -9.8493  -9.7888  -9.6043  -9.5683  -9.5211  -9.4692
    -6.2954  -5.4245  -4.8456  -4.7501  -1.9996  -1.0651  -1.0565  -0.7047
    -0.5314  -0.4256  -0.3215  -0.2480   0.0202   0.3169   0.3292   0.3606

          k =-0.5000-0.4975 0.0000 ( 25688 PWs)   bands (ev):

   -24.3456 -24.3456  -9.8518  -9.8518  -9.5703  -9.5703  -9.4946  -9.4946
    -5.7398  -5.7398  -4.9930  -4.9930  -1.2673  -1.2673  -0.8108  -0.8108
    -0.5471  -0.5471  -0.1695  -0.1695   0.0616   0.0616   0.0975   0.0975

          k = 0.0000 0.0000 0.3007 ( 25610 PWs)   bands (ev):

   -24.3438 -24.3384  -9.7887  -9.7410  -9.7007  -9.6731  -9.5905  -9.5641
    -5.9568  -5.2250  -4.9646  -4.8909  -1.7164  -1.3728  -1.0041  -0.9195
    -0.6232  -0.5430  -0.2758  -0.1297   0.0923   0.1860   0.2095   0.3303

          k =-0.5000-0.4975 0.3007 ( 25684 PWs)   bands (ev):

   -24.3411 -24.3411  -9.7926  -9.7926  -9.6839  -9.6839  -9.5652  -9.5652
    -5.4503  -5.4503  -5.1041  -5.1041  -1.3900  -1.3900  -1.1130  -1.1130
    -0.2716  -0.2716  -0.0862  -0.0862  -0.0616  -0.0616   0.1257   0.1257

          k = 0.0000 0.0000 0.6015 ( 25676 PWs)   bands (ev):

   -24.3347 -24.3327  -9.9565  -9.9512  -9.6649  -9.6443  -9.5865  -9.5752
    -5.3328  -5.1570  -5.1317  -5.0244  -1.5433  -1.4387  -1.3896  -1.1548
    -0.5474  -0.5454  -0.2223  -0.1142   0.0585   0.1041   0.1964   0.2398

          k =-0.5000-0.4975 0.6015 ( 25704 PWs)   bands (ev):

   -24.3337 -24.3337  -9.9490  -9.9490  -9.6695  -9.6695  -9.5797  -9.5797
    -5.2956  -5.2956  -4.9923  -4.9923  -1.7584  -1.7584  -1.2004  -1.2004
    -0.2769  -0.2769  -0.0281  -0.0281  -0.0208  -0.0208   0.2413   0.2413

          k = 0.0000 0.1990 0.0000 ( 25628 PWs)   bands (ev):

   -24.3484 -24.3430  -9.8328  -9.7719  -9.6311  -9.5889  -9.5161  -9.4741
    -6.1839  -5.3945  -4.9917  -4.8109  -1.8044  -1.2083  -1.1193  -0.5088
    -0.4493  -0.4018  -0.3589  -0.1533   0.0281   0.1248   0.2743   0.3108

          k =-0.5000-0.2985 0.0000 ( 25650 PWs)   bands (ev):

   -24.3456 -24.3456  -9.8275  -9.8275  -9.5967  -9.5967  -9.4947  -9.4947
    -5.7469  -5.7469  -4.9748  -4.9748  -1.3281  -1.3281  -0.7160  -0.7160
    -0.4961  -0.4961  -0.2788  -0.2788   0.0013   0.0013   0.1505   0.1505

          k = 0.0000 0.1990 0.3007 ( 25678 PWs)   bands (ev):

   -24.3433 -24.3389  -9.7869  -9.7270  -9.6946  -9.6870  -9.5907  -9.5779
    -5.8740  -5.1983  -5.0766  -4.9270  -1.5843  -1.3983  -1.1796  -0.6777
    -0.5540  -0.4976  -0.4365  -0.0560   0.0797   0.1838   0.1843   0.2276

          k =-0.5000-0.2985 0.3007 ( 25668 PWs)   bands (ev):

   -24.3411 -24.3411  -9.7796  -9.7796  -9.6870  -9.6870  -9.5752  -9.5752
    -5.4667  -5.4667  -5.0837  -5.0837  -1.4013  -1.4013  -1.0629  -1.0629
    -0.3277  -0.3277  -0.2210  -0.2210   0.0211   0.0211   0.1700   0.1700

          k = 0.0000 0.1990 0.6015 ( 25666 PWs)   bands (ev):

   -24.3345 -24.3329  -9.9639  -9.9590  -9.6490  -9.6353  -9.5870  -9.5803
    -5.4319  -5.3173  -5.0047  -4.8868  -1.5883  -1.5277  -1.3139  -1.0826
    -0.5053  -0.3878  -0.2396  -0.1135   0.0188   0.0410   0.1615   0.1952

          k =-0.5000-0.2985 0.6015 ( 25690 PWs)   bands (ev):

   -24.3337 -24.3337  -9.9604  -9.9604  -9.6535  -9.6535  -9.5814  -9.5814
    -5.3078  -5.3078  -4.9824  -4.9824  -1.8328  -1.8328  -1.0544  -1.0544
    -0.3069  -0.3069  -0.1814  -0.1814   0.0803   0.0803   0.2323   0.2323

          k = 0.0000 0.3980 0.0000 ( 25648 PWs)   bands (ev):

   -24.3467 -24.3446  -9.7869  -9.7435  -9.6767  -9.6398  -9.5030  -9.4869
    -5.8864  -5.5162  -5.1095  -4.9620  -1.4914  -1.3670  -0.9774  -0.4808
    -0.4690  -0.4342  -0.1933  -0.0974  -0.0464   0.0173   0.1445   0.2189

          k =-0.5000-0.0995 0.0000 ( 25644 PWs)   bands (ev):

   -24.3457 -24.3457  -9.7673  -9.7673  -9.6605  -9.6605  -9.4950  -9.4950
    -5.7580  -5.7580  -4.9455  -4.9455  -1.4012  -1.4012  -0.6234  -0.6234
    -0.3663  -0.3663  -0.3354  -0.3354  -0.1434  -0.1434   0.1487   0.1487

          k = 0.0000 0.3980 0.3007 ( 25636 PWs)   bands (ev):

   -24.3419 -24.3403  -9.7718  -9.7376  -9.6912  -9.6682  -9.6042  -9.6006
    -5.6500  -5.3519  -5.1169  -5.0161  -1.4273  -1.4219  -1.1190  -0.7579
    -0.4774  -0.4215  -0.3055  -0.0695  -0.0286  -0.0003   0.2048   0.2070

          k =-0.5000-0.0995 0.3007 ( 25664 PWs)   bands (ev):

   -24.3411 -24.3411  -9.7524  -9.7524  -9.6958  -9.6958  -9.5938  -9.5938
    -5.4902  -5.4902  -5.0534  -5.0534  -1.4053  -1.4053  -1.0004  -1.0004
    -0.4087  -0.4087  -0.3094  -0.3094   0.0409   0.0409   0.2206   0.2206

          k = 0.0000 0.3980 0.6015 ( 25691 PWs)   bands (ev):

   -24.3340 -24.3334  -9.9739  -9.9718  -9.6184  -9.6161  -9.5939  -9.5937
    -5.5076  -5.4677  -4.8541  -4.8031  -1.6539  -1.6432  -1.1097  -0.9862
    -0.4022  -0.3177  -0.2148  -0.1666  -0.0649   0.0097   0.0645   0.1719

          k =-0.5000-0.0995 0.6015 ( 25672 PWs)   bands (ev):

   -24.3337 -24.3337  -9.9770  -9.9770  -9.6253  -9.6253  -9.5883  -9.5883
    -5.3267  -5.3267  -4.9673  -4.9673  -1.9113  -1.9113  -0.8691  -0.8691
    -0.3624  -0.3624  -0.2156  -0.2156   0.0877   0.0877   0.1736   0.1736

          k = 0.2000 0.0000 0.0000 ( 25622 PWs)   bands (ev):

   -24.3484 -24.3430  -9.8283  -9.7758  -9.6272  -9.5956  -9.5161  -9.4741
    -6.1902  -5.4507  -4.8688  -4.8381  -1.8718  -1.0038  -0.9338  -0.9076
    -0.3926  -0.3454  -0.3217  -0.2537  -0.0240   0.0629   0.3014   0.3194

          k =-0.3000-0.4975 0.0000 ( 25678 PWs)   bands (ev):

   -24.3456 -24.3456  -9.8286  -9.8286  -9.5946  -9.5946  -9.4947  -9.4947
    -5.7258  -5.7258  -5.0111  -5.0111  -1.3274  -1.3274  -0.7737  -0.7737
    -0.5264  -0.5264  -0.1493  -0.1493   0.0395   0.0395   0.1210   0.1210

          k = 0.2000 0.0000 0.3007 ( 25667 PWs)   bands (ev):

   -24.3433 -24.3389  -9.7726  -9.7530  -9.6906  -9.6795  -9.6034  -9.5681
    -5.8680  -5.2317  -4.9835  -4.9712  -1.6294  -1.3656  -1.1138  -0.7820
    -0.6107  -0.4900  -0.3240  -0.0885  -0.0655   0.1710   0.2536   0.2886

          k =-0.3000-0.4975 0.3007 ( 25666 PWs)   bands (ev):

   -24.3411 -24.3411  -9.7809  -9.7809  -9.6828  -9.6828  -9.5766  -9.5766
    -5.4697  -5.4697  -5.0910  -5.0910  -1.4148  -1.4148  -1.0283  -1.0283
    -0.3529  -0.3529  -0.1903  -0.1903   0.0401   0.0401   0.1493   0.1493

          k = 0.2000 0.0000 0.6015 ( 25657 PWs)   bands (ev):

   -24.3345 -24.3329  -9.9656  -9.9609  -9.6544  -9.6302  -9.5920  -9.5758
    -5.3448  -5.2118  -5.1057  -4.9643  -1.7776  -1.6229  -1.2133  -0.9523
    -0.5108  -0.3688  -0.1995  -0.1614   0.0256   0.1044   0.1243   0.2436

          k =-0.3000-0.4975 0.6015 ( 25698 PWs)   bands (ev):

   -24.3337 -24.3337  -9.9585  -9.9585  -9.6526  -9.6526  -9.5819  -9.5819
    -5.3858  -5.3858  -4.9119  -4.9119  -1.7293  -1.7293  -1.1294  -1.1294
    -0.3558  -0.3558  -0.0714  -0.0714   0.0180   0.0180   0.1866   0.1866

          k = 0.2000 0.1990 0.0000 ( 25639 PWs)   bands (ev):

   -24.3478 -24.3435  -9.8379  -9.7457  -9.6730  -9.5777  -9.5120  -9.4780
    -6.1018  -5.4398  -5.0125  -4.8425  -1.7090  -1.1937  -1.0197  -0.6333
    -0.4582  -0.3966  -0.1980  -0.1464  -0.0612   0.0146   0.2042   0.2872

          k =-0.3000-0.2985 0.0000 ( 25654 PWs)   bands (ev):

   -24.3468 -24.3445  -9.8430  -9.7751  -9.6517  -9.5747  -9.5038  -9.4859
    -5.9315  -5.5472  -5.0533  -4.9087  -1.4819  -1.2612  -0.9553  -0.5028
    -0.4826  -0.4604  -0.3819  -0.0555  -0.0330   0.0333   0.0750   0.2128

          k = 0.2000 0.1990 0.3007 ( 25659 PWs)   bands (ev):

   -24.3429 -24.3393  -9.7816  -9.7368  -9.7115  -9.6665  -9.6049  -9.5698
    -5.7983  -5.2065  -5.1142  -4.9632  -1.5346  -1.3791  -1.2026  -0.6765
    -0.5910  -0.4630  -0.3300  -0.0993  -0.0327   0.1310   0.2072   0.2698

          k =-0.3000-0.2985 0.3007 ( 25661 PWs)   bands (ev):

   -24.3420 -24.3402  -9.7852  -9.7538  -9.7106  -9.6632  -9.5977  -9.5682
    -5.6467  -5.2937  -5.1454  -5.0179  -1.4659  -1.3309  -1.2370  -0.8035
    -0.4863  -0.3640  -0.2739  -0.1241  -0.0142   0.0421   0.1780   0.2327

          k = 0.2000 0.1990 0.6015 ( 25694 PWs)   bands (ev):

   -24.3344 -24.3330  -9.9722  -9.9558  -9.6612  -9.6128  -9.5974  -9.5787
    -5.4307  -5.2437  -5.0745  -4.8728  -1.7683  -1.6234  -1.1906  -0.9943
    -0.4625  -0.3211  -0.2185  -0.1001  -0.0435   0.0768   0.1239   0.2396

          k =-0.3000-0.2985 0.6015 ( 25675 PWs)   bands (ev):

   -24.3340 -24.3333  -9.9709  -9.9545  -9.6649  -9.6233  -9.5907  -9.5796
    -5.4249  -5.2724  -5.0337  -4.8692  -1.8133  -1.7151  -1.1089  -1.0246
    -0.4389  -0.2468  -0.1921  -0.1146  -0.0113   0.0740   0.1463   0.2494

          k = 0.2000 0.3980 0.0000 ( 25639 PWs)   bands (ev):

   -24.3465 -24.3448  -9.8239  -9.7750  -9.6506  -9.5969  -9.5013  -9.4884
    -5.8636  -5.5683  -5.0803  -4.9570  -1.4348  -1.3298  -0.9500  -0.5093
    -0.5006  -0.4839  -0.2838  -0.0231  -0.0220   0.0373   0.1040   0.1813

          k =-0.3000-0.0995 0.0000 ( 25646 PWs)   bands (ev):

   -24.3475 -24.3438  -9.8169  -9.7467  -9.6734  -9.6046  -9.5095  -9.4805
    -6.0536  -5.5067  -4.9520  -4.8718  -1.7013  -1.1368  -0.8871  -0.7351
    -0.4000  -0.3476  -0.2543  -0.2066  -0.1158  -0.0500   0.1590   0.2804

          k = 0.2000 0.3980 0.3007 ( 25659 PWs)   bands (ev):

   -24.3418 -24.3404  -9.7796  -9.7547  -9.6982  -9.6662  -9.5990  -9.5793
    -5.6093  -5.3570  -5.1262  -5.0327  -1.4443  -1.3970  -1.1229  -0.8257
    -0.4592  -0.3747  -0.3000  -0.0997  -0.0197   0.0511   0.1735   0.2072

          k =-0.3000-0.0995 0.3007 ( 25660 PWs)   bands (ev):

   -24.3426 -24.3396  -9.7677  -9.7445  -9.7123  -9.6674  -9.6107  -9.5731
    -5.7513  -5.2641  -5.0649  -4.9939  -1.5362  -1.3075  -1.2282  -0.6716
    -0.6343  -0.4402  -0.3242  -0.1604  -0.0636   0.1421   0.2189   0.2721

          k = 0.2000 0.3980 0.6015 ( 25671 PWs)   bands (ev):

   -24.3339 -24.3334  -9.9709  -9.9611  -9.6495  -9.6220  -9.5913  -9.5824
    -5.4683  -5.3977  -4.9134  -4.8342  -1.7334  -1.6624  -1.1207  -1.0314
    -0.4350  -0.3244  -0.1817  -0.0669  -0.0176   0.0525   0.0907   0.1922

          k =-0.3000-0.0995 0.6015 ( 25675 PWs)   bands (ev):

   -24.3343 -24.3331  -9.9749  -9.9649  -9.6500  -9.6109  -9.6008  -9.5783
    -5.3765  -5.2283  -5.0852  -4.9176  -1.8690  -1.7529  -1.0827  -0.8769
    -0.4581  -0.2724  -0.2322  -0.1403  -0.0125   0.0691   0.1314   0.2441

          k = 0.4000 0.0000 0.0000 ( 25652 PWs)   bands (ev):

   -24.3467 -24.3446  -9.7745  -9.7437  -9.6782  -9.6562  -9.5030  -9.4870
    -5.9200  -5.6135  -4.9394  -4.9208  -1.5774  -1.2480  -0.7888  -0.5366
    -0.4262  -0.3288  -0.3198  -0.2383  -0.1723  -0.1329   0.1149   0.2066

          k =-0.1000-0.4975 0.0000 ( 25620 PWs)   bands (ev):

   -24.3457 -24.3457  -9.7744  -9.7744  -9.6507  -9.6507  -9.4949  -9.4949
    -5.7024  -5.7024  -5.0409  -5.0409  -1.4101  -1.4101  -0.7306  -0.7306
    -0.4890  -0.4890  -0.1031  -0.1031  -0.0003  -0.0003   0.1474   0.1474

          k = 0.4000 0.0000 0.3007 ( 25649 PWs)   bands (ev):

   -24.3419 -24.3403  -9.7540  -9.7400  -9.7155  -9.6783  -9.6092  -9.5847
    -5.6357  -5.3605  -5.0568  -5.0276  -1.4802  -1.3149  -1.1723  -0.8050
    -0.5262  -0.3700  -0.3668  -0.2659  -0.0097   0.0998   0.2294   0.2406

          k =-0.1000-0.4975 0.3007 ( 25646 PWs)   bands (ev):

   -24.3411 -24.3411  -9.7604  -9.7604  -9.6767  -9.6767  -9.6009  -9.6009
    -5.4995  -5.4995  -5.0711  -5.0711  -1.4264  -1.4264  -0.9466  -0.9466
    -0.4286  -0.4286  -0.1800  -0.1800  -0.0225  -0.0225   0.2041   0.2041

          k = 0.4000 0.0000 0.6015 ( 25656 PWs)   bands (ev):

   -24.3340 -24.3334  -9.9784  -9.9764  -9.6312  -9.6089  -9.6018  -9.5827
    -5.3452  -5.3017  -5.0059  -4.9418  -1.9270  -1.8630  -0.9558  -0.7996
    -0.4171  -0.2960  -0.2563  -0.1332  -0.0218   0.1036   0.1537   0.1900

          k =-0.1000-0.4975 0.6015 ( 25680 PWs)   bands (ev):

   -24.3337 -24.3337  -9.9725  -9.9725  -9.6198  -9.6198  -9.5924  -9.5924
    -5.4883  -5.4883  -4.8248  -4.8248  -1.6732  -1.6732  -1.0299  -1.0299
    -0.3820  -0.3820  -0.1668  -0.1668  -0.0153  -0.0153   0.1242   0.1242

          k = 0.4000 0.1990 0.0000 ( 25661 PWs)   bands (ev):

   -24.3465 -24.3448  -9.8212  -9.7721  -9.6554  -9.6010  -9.5014  -9.4884
    -5.8862  -5.6228  -4.9936  -4.9172  -1.4888  -1.2701  -0.7953  -0.5713
    -0.4513  -0.4194  -0.3900  -0.1818  -0.1003  -0.0323   0.1007   0.2189

          k =-0.1000-0.2985 0.0000 ( 25647 PWs)   bands (ev):

   -24.3475 -24.3438  -9.8219  -9.7456  -9.6722  -9.5984  -9.5095  -9.4805
    -6.0392  -5.4190  -5.0953  -4.8817  -1.6063  -1.2894  -1.0903  -0.4772
    -0.4400  -0.4091  -0.1698  -0.1462  -0.0924   0.0308   0.2136   0.2492

          k = 0.4000 0.1990 0.3007 ( 25667 PWs)   bands (ev):

   -24.3418 -24.3404  -9.7742  -9.7534  -9.7088  -9.6732  -9.5971  -9.5753
    -5.6010  -5.3615  -5.0971  -5.0322  -1.4603  -1.3352  -1.1810  -0.8613
    -0.4758  -0.3521  -0.2981  -0.2031  -0.0240   0.0788   0.1899   0.2323

          k =-0.1000-0.2985 0.3007 ( 25667 PWs)   bands (ev):

   -24.3426 -24.3396  -9.7820  -9.7242  -9.7113  -9.6688  -9.6024  -9.5820
    -5.7609  -5.2122  -5.1616  -4.9736  -1.4672  -1.4111  -1.2098  -0.6480
    -0.5367  -0.4273  -0.4160  -0.0638   0.0192   0.0937   0.2018   0.2094

          k = 0.4000 0.1990 0.6015 ( 25670 PWs)   bands (ev):

   -24.3339 -24.3334  -9.9738  -9.9641  -9.6515  -9.6241  -9.5902  -9.5806
    -5.3713  -5.2589  -5.0411  -4.9188  -1.8869  -1.8274  -0.9999  -0.9266
    -0.4063  -0.2900  -0.2453  -0.1332   0.0290   0.0897   0.1691   0.2471

          k =-0.1000-0.2985 0.6015 ( 25671 PWs)   bands (ev):

   -24.3343 -24.3331  -9.9722  -9.9620  -9.6459  -9.6146  -9.5952  -9.5828
    -5.4796  -5.3808  -4.9417  -4.8288  -1.6820  -1.5856  -1.2088  -1.0131
    -0.4543  -0.2798  -0.2616  -0.1160  -0.0156   0.0171   0.0900   0.2019

          k = 0.4000 0.3980 0.0000 ( 25660 PWs)   bands (ev):

   -24.3460 -24.3453  -9.8492  -9.8304  -9.5943  -9.5715  -9.4971  -9.4922
    -5.7934  -5.6829  -5.0169  -4.9677  -1.3248  -1.2761  -0.8633  -0.6802
    -0.5354  -0.5223  -0.2852  -0.1027   0.0278   0.0535   0.0840   0.1471

          k =-0.1000-0.0995 0.0000 ( 25617 PWs)   bands (ev):

   -24.3487 -24.3427  -9.8421  -9.7793  -9.6214  -9.5758  -9.5186  -9.4717
    -6.2414  -5.4210  -4.8962  -4.7837  -1.9152  -1.1060  -1.0485  -0.7125
    -0.4280  -0.4074  -0.3528  -0.2128   0.0141   0.1950   0.3124   0.3408

          k = 0.4000 0.3980 0.3007 ( 25682 PWs)   bands (ev):

   -24.3413 -24.3408  -9.7905  -9.7818  -9.6918  -9.6772  -9.5752  -9.5661
    -5.5101  -5.4070  -5.1176  -5.0747  -1.4238  -1.3713  -1.1479  -1.0096
    -0.3275  -0.2931  -0.2183  -0.1098  -0.0403   0.0574   0.1034   0.1738

          k =-0.1000-0.0995 0.3007 ( 25647 PWs)   bands (ev):

   -24.3435 -24.3387  -9.7851  -9.7419  -9.6901  -9.6834  -9.5942  -9.5674
    -5.9138  -5.2181  -5.0031  -4.9170  -1.6593  -1.3827  -1.0984  -0.8043
    -0.5962  -0.5218  -0.3257  -0.0992   0.0422   0.1783   0.2210   0.2985

          k = 0.4000 0.3980 0.6015 ( 25701 PWs)   bands (ev):

   -24.3338 -24.3336  -9.9577  -9.9509  -9.6682  -9.6541  -9.5816  -9.5797
    -5.3535  -5.2897  -5.0035  -4.9359  -1.7886  -1.7529  -1.1556  -1.1321
    -0.3445  -0.2665  -0.1105  -0.0970   0.0314   0.0433   0.2097   0.2455

          k =-0.1000-0.0995 0.6015 ( 25675 PWs)   bands (ev):

   -24.3346 -24.3328  -9.9621  -9.9540  -9.6609  -9.6361  -9.5882  -9.5765
    -5.3745  -5.2007  -5.1137  -4.9503  -1.6522  -1.4904  -1.3293  -1.0716
    -0.5081  -0.4769  -0.2113  -0.1230   0.0337   0.0881   0.1704   0.2313

     highest occupied level (ev):     0.3606

     Writing config to output data dir ./_ph0/pwscf.q_7/pwscf.save/ :
     XML data file

                                                                                

     bravais-lattice index     =            8
     lattice parameter (alat)  =      13.1499  a.u.
     unit-cell volume          =    1519.7234 (a.u.)^3
     number of atoms/cell      =           22
     number of atomic types    =            3
     kinetic-energy cut-off    =     100.0000  Ry
     charge density cut-off    =     800.0000  Ry
     convergence threshold     =      1.0E-14
     beta                      =       0.7000
     number of iterations used =            4
     Exchange-correlation= PBESOL
                           (   1   4  10   8   0   0   0)


     celldm(1)=   13.14986  celldm(2)=    1.00500  celldm(3)=    0.66502
     celldm(4)=    0.00000  celldm(5)=    0.00000  celldm(6)=    0.00000

     crystal axes: (cart. coord. in units of alat)
               a(1) = (  1.0000  0.0000  0.0000 )  
               a(2) = (  0.0000  1.0050  0.0000 )  
               a(3) = (  0.0000  0.0000  0.6650 )  

     reciprocal axes: (cart. coord. in units 2 pi/alat)
               b(1) = (  1.0000  0.0000  0.0000 )  
               b(2) = (  0.0000  0.9950  0.0000 )  
               b(3) = (  0.0000  0.0000  1.5037 )  


     Atoms inside the unit cell: 

     Cartesian axes

     site n.  atom      mass           positions (alat units)
        1  Ba    137.3270   tau(    1) = (    0.50000    0.50250    0.33251  )
        2  Ba    137.3270   tau(    2) = (    0.00000    0.00000    0.66502  )
        3  B      10.8110   tau(    3) = (    0.62216    0.25035    0.00000  )
        4  B      10.8110   tau(    4) = (    0.37784    0.75464    0.00000  )
        5  B      10.8110   tau(    5) = (    0.12216    0.25214    0.33251  )
        6  B      10.8110   tau(    6) = (    0.87784    0.75285    0.33251  )
        7  H       1.0079   tau(    7) = (    0.44925    0.28896   -0.00001  )
        8  H       1.0079   tau(    8) = (    0.55075    0.71604   -0.00001  )
        9  H       1.0079   tau(    9) = (    0.94925    0.21354    0.33252  )
       10  H       1.0079   tau(   10) = (    0.05075    0.79145    0.33252  )
       11  H       1.0079   tau(   11) = (    0.71771    0.40045    0.00000  )
       12  H       1.0079   tau(   12) = (    0.28229    0.60454    0.00000  )
       13  H       1.0079   tau(   13) = (    0.21771    0.10204    0.33251  )
       14  H       1.0079   tau(   14) = (    0.78229    0.90295    0.33251  )
       15  H       1.0079   tau(   15) = (    0.65746    0.15745    0.51883  )
       16  H       1.0079   tau(   16) = (    0.34254    0.84755    0.51883  )
       17  H       1.0079   tau(   17) = (    0.15746    0.34505    0.47870  )
       18  H       1.0079   tau(   18) = (    0.84254    0.65994    0.47870  )
       19  H       1.0079   tau(   19) = (    0.34255    0.84755    0.14620  )
       20  H       1.0079   tau(   20) = (    0.65745    0.15745    0.14620  )
       21  H       1.0079   tau(   21) = (    0.84255    0.65995    0.18631  )
       22  H       1.0079   tau(   22) = (    0.15745    0.34505    0.18631  )

     Computing dynamical matrix for 
                    q = (  -0.5000000  -0.4975148   0.0000000 )

      5 Sym.Ops. (with q -> -q+G )


     G cutoff = 3504.0696  (  24200 G-vectors)     FFT grid: (120,120, 80)
     G cutoff = 1752.0348  (   8556 G-vectors)  smooth grid: ( 90, 90, 60)
     number of k points=    54

     PseudoPot. # 1 for B  read from file:
     /home/mehlhorn/pseudos/b_pbesol_v1.4.uspp.F.UPF
     MD5 check sum: 369b69bef2c3aeed4453bd8b804fd6a8
     Pseudo is Ultrasoft + core correction, Zval =  3.0
     Generated by new atomic code, or converted to UPF format
     Using radial grid of  781 points,  4 beta functions with: 
                l(1) =   0
                l(2) =   0
                l(3) =   1
                l(4) =   1
     Q(r) pseudized with  8 coefficients,  rinner =    1.100   1.100   1.100


     PseudoPot. # 2 for Ba read from file:
     /home/mehlhorn/pseudos/Ba.nc.z_10.oncvpsp4.dojo.v4-sp.upf
     MD5 check sum: c10ed334bb677c0554edec7181ce9143
     Pseudo is Norm-conserving + core correction, Zval = 10.0
     Generated using ONCVPSP code by D. R. Hamann
     Using radial grid of 1938 points,  8 beta functions with: 
                l(1) =   0
                l(2) =   0
                l(3) =   1
                l(4) =   1
                l(5) =   2
                l(6) =   2
                l(7) =   3
                l(8) =   3

     PseudoPot. # 3 for H  read from file:
     /home/mehlhorn/pseudos/H_ONCV_PBEsol-1.0.upf
     MD5 check sum: 398ef8f67c0a7342c05c87c5e19ea467
     Pseudo is Norm-conserving, Zval =  1.0
     Generated using ONCVPSP code by D. R. Hamann
     Using radial grid of 1180 points,  2 beta functions with: 
                l(1) =   0
                l(2) =   0


     Atomic displacements:
     There are   33 irreducible representations

     Representation     1      2 modes -  To be done

     Representation     2      2 modes -  To be done

     Representation     3      2 modes -  To be done

     Representation     4      2 modes -  To be done

     Representation     5      2 modes -  To be done

     Representation     6      2 modes -  To be done

     Representation     7      2 modes -  To be done

     Representation     8      2 modes -  To be done

     Representation     9      2 modes -  To be done

     Representation    10      2 modes -  To be done

     Representation    11      2 modes -  To be done

     Representation    12      2 modes -  To be done

     Representation    13      2 modes -  To be done

     Representation    14      2 modes -  To be done

     Representation    15      2 modes -  To be done

     Representation    16      2 modes -  To be done

     Representation    17      2 modes -  To be done

     Representation    18      2 modes -  To be done

     Representation    19      2 modes -  To be done

     Representation    20      2 modes -  To be done

     Representation    21      2 modes -  To be done

     Representation    22      2 modes -  To be done

     Representation    23      2 modes -  To be done

     Representation    24      2 modes -  To be done

     Representation    25      2 modes -  To be done

     Representation    26      2 modes -  To be done

     Representation    27      2 modes -  To be done

     Representation    28      2 modes -  To be done

     Representation    29      2 modes -  To be done

     Representation    30      2 modes -  To be done

     Representation    31      2 modes -  To be done

     Representation    32      2 modes -  To be done

     Representation    33      2 modes -  To be done



     Alpha used in Ewald sum =   2.8000
     PHONON       :   2d12h38m CPU   2d13h15m WALL



     Representation #   1 modes #   1   2

     Self-consistent Calculation

      iter #   1 total cpu time :220629.0 secs   av.it.:   3.0
      thresh= 1.000E-02 alpha_mix =  0.700 |ddv_scf|^2 =  3.207E-10

      iter #   2 total cpu time :220828.4 secs   av.it.:  16.9
      thresh= 1.791E-06 alpha_mix =  0.700 |ddv_scf|^2 =  7.423E-11

      iter #   3 total cpu time :221029.3 secs   av.it.:  16.6
      thresh= 8.616E-07 alpha_mix =  0.700 |ddv_scf|^2 =  2.354E-12

      iter #   4 total cpu time :221226.2 secs   av.it.:  15.9
      thresh= 1.534E-07 alpha_mix =  0.700 |ddv_scf|^2 =  2.068E-13

      iter #   5 total cpu time :221426.0 secs   av.it.:  16.0
      thresh= 4.547E-08 alpha_mix =  0.700 |ddv_scf|^2 =  3.744E-15

     End of self-consistent calculation

     Convergence has been achieved 


     Representation #   2 modes #   3   4

     Self-consistent Calculation

      iter #   1 total cpu time :221528.2 secs   av.it.:   4.6
      thresh= 1.000E-02 alpha_mix =  0.700 |ddv_scf|^2 =  5.905E-09

      iter #   2 total cpu time :221731.6 secs   av.it.:  16.6
      thresh= 7.685E-06 alpha_mix =  0.700 |ddv_scf|^2 =  3.743E-09

      iter #   3 total cpu time :221922.3 secs   av.it.:  15.0
      thresh= 6.118E-06 alpha_mix =  0.700 |ddv_scf|^2 =  1.448E-11

      iter #   4 total cpu time :222127.8 secs   av.it.:  16.6
      thresh= 3.806E-07 alpha_mix =  0.700 |ddv_scf|^2 =  1.081E-12

      iter #   5 total cpu time :222332.9 secs   av.it.:  16.7
      thresh= 1.040E-07 alpha_mix =  0.700 |ddv_scf|^2 =  8.360E-14

      iter #   6 total cpu time :222537.7 secs   av.it.:  16.9
      thresh= 2.891E-08 alpha_mix =  0.700 |ddv_scf|^2 =  2.262E-15

     End of self-consistent calculation

     Convergence has been achieved 


     Representation #   3 modes #   5   6

     Self-consistent Calculation

      iter #   1 total cpu time :222624.4 secs   av.it.:   3.0
      thresh= 1.000E-02 alpha_mix =  0.700 |ddv_scf|^2 =  1.019E-09

      iter #   2 total cpu time :222821.2 secs   av.it.:  16.5
      thresh= 3.193E-06 alpha_mix =  0.700 |ddv_scf|^2 =  5.510E-10

      iter #   3 total cpu time :223010.7 secs   av.it.:  15.9
      thresh= 2.347E-06 alpha_mix =  0.700 |ddv_scf|^2 =  2.700E-12

      iter #   4 total cpu time :223205.4 secs   av.it.:  16.1
      thresh= 1.643E-07 alpha_mix =  0.700 |ddv_scf|^2 =  3.726E-13

      iter #   5 total cpu time :223394.3 secs   av.it.:  16.1
      thresh= 6.104E-08 alpha_mix =  0.700 |ddv_scf|^2 =  1.411E-14

      iter #   6 total cpu time :223594.1 secs   av.it.:  16.0
      thresh= 1.188E-08 alpha_mix =  0.700 |ddv_scf|^2 =  7.418E-16

     End of self-consistent calculation

     Convergence has been achieved 


     Representation #   4 modes #   7   8

     Self-consistent Calculation

      iter #   1 total cpu time :223682.1 secs   av.it.:   3.0
      thresh= 1.000E-02 alpha_mix =  0.700 |ddv_scf|^2 =  8.351E-10

      iter #   2 total cpu time :223886.1 secs   av.it.:  16.7
      thresh= 2.890E-06 alpha_mix =  0.700 |ddv_scf|^2 =  9.191E-10

      iter #   3 total cpu time :224074.9 secs   av.it.:  15.0
      thresh= 3.032E-06 alpha_mix =  0.700 |ddv_scf|^2 =  9.198E-12

      iter #   4 total cpu time :224275.5 secs   av.it.:  16.0
      thresh= 3.033E-07 alpha_mix =  0.700 |ddv_scf|^2 =  3.491E-13

      iter #   5 total cpu time :224478.1 secs   av.it.:  16.9
      thresh= 5.909E-08 alpha_mix =  0.700 |ddv_scf|^2 =  2.547E-14

      iter #   6 total cpu time :224673.5 secs   av.it.:  16.5
      thresh= 1.596E-08 alpha_mix =  0.700 |ddv_scf|^2 =  8.054E-16

     End of self-consistent calculation

     Convergence has been achieved 


     Representation #   5 modes #   9  10

     Self-consistent Calculation

      iter #   1 total cpu time :224774.2 secs   av.it.:   4.4
      thresh= 1.000E-02 alpha_mix =  0.700 |ddv_scf|^2 =  3.286E-09

      iter #   2 total cpu time :224980.9 secs   av.it.:  16.8
      thresh= 5.732E-06 alpha_mix =  0.700 |ddv_scf|^2 =  2.566E-09

      iter #   3 total cpu time :225173.0 secs   av.it.:  15.1
      thresh= 5.066E-06 alpha_mix =  0.700 |ddv_scf|^2 =  9.647E-11

      iter #   4 total cpu time :225370.7 secs   av.it.:  15.9
      thresh= 9.822E-07 alpha_mix =  0.700 |ddv_scf|^2 =  1.016E-12

      iter #   5 total cpu time :225577.4 secs   av.it.:  16.9
      thresh= 1.008E-07 alpha_mix =  0.700 |ddv_scf|^2 =  1.814E-13

      iter #   6 total cpu time :225782.6 secs   av.it.:  16.8
      thresh= 4.259E-08 alpha_mix =  0.700 |ddv_scf|^2 =  1.514E-15

     End of self-consistent calculation

     Convergence has been achieved 


     Representation #   6 modes #  11  12

     Self-consistent Calculation

      iter #   1 total cpu time :225871.2 secs   av.it.:   3.0
      thresh= 1.000E-02 alpha_mix =  0.700 |ddv_scf|^2 =  9.485E-10

      iter #   2 total cpu time :226072.9 secs   av.it.:  16.0
      thresh= 3.080E-06 alpha_mix =  0.700 |ddv_scf|^2 =  8.496E-10

      iter #   3 total cpu time :226262.2 secs   av.it.:  15.0
      thresh= 2.915E-06 alpha_mix =  0.700 |ddv_scf|^2 =  1.580E-11

      iter #   4 total cpu time :226459.9 secs   av.it.:  15.9
      thresh= 3.975E-07 alpha_mix =  0.700 |ddv_scf|^2 =  3.944E-13

      iter #   5 total cpu time :226666.0 secs   av.it.:  16.9
      thresh= 6.280E-08 alpha_mix =  0.700 |ddv_scf|^2 =  1.708E-14

      iter #   6 total cpu time :226874.0 secs   av.it.:  16.9
      thresh= 1.307E-08 alpha_mix =  0.700 |ddv_scf|^2 =  9.942E-16

     End of self-consistent calculation

     Convergence has been achieved 


     Representation #   7 modes #  13  14

     Self-consistent Calculation

      iter #   1 total cpu time :226961.9 secs   av.it.:   3.0
      thresh= 1.000E-02 alpha_mix =  0.700 |ddv_scf|^2 =  1.232E-09

      iter #   2 total cpu time :227163.1 secs   av.it.:  16.1
      thresh= 3.510E-06 alpha_mix =  0.700 |ddv_scf|^2 =  1.591E-09

      iter #   3 total cpu time :227347.3 secs   av.it.:  15.0
      thresh= 3.989E-06 alpha_mix =  0.700 |ddv_scf|^2 =  5.191E-12

      iter #   4 total cpu time :227540.8 secs   av.it.:  16.3
      thresh= 2.278E-07 alpha_mix =  0.700 |ddv_scf|^2 =  2.162E-13

      iter #   5 total cpu time :227738.4 secs   av.it.:  16.9
      thresh= 4.650E-08 alpha_mix =  0.700 |ddv_scf|^2 =  2.318E-14

      iter #   6 total cpu time :227930.1 secs   av.it.:  16.0
      thresh= 1.523E-08 alpha_mix =  0.700 |ddv_scf|^2 =  1.338E-15

     End of self-consistent calculation

     Convergence has been achieved 


     Representation #   8 modes #  15  16

     Self-consistent Calculation

      iter #   1 total cpu time :228017.7 secs   av.it.:   3.2
      thresh= 1.000E-02 alpha_mix =  0.700 |ddv_scf|^2 =  6.700E-10

      iter #   2 total cpu time :228215.7 secs   av.it.:  16.9
      thresh= 2.588E-06 alpha_mix =  0.700 |ddv_scf|^2 =  5.048E-10

      iter #   3 total cpu time :228403.1 secs   av.it.:  15.9
      thresh= 2.247E-06 alpha_mix =  0.700 |ddv_scf|^2 =  2.007E-11

      iter #   4 total cpu time :228591.0 secs   av.it.:  15.9
      thresh= 4.480E-07 alpha_mix =  0.700 |ddv_scf|^2 =  7.460E-13

      iter #   5 total cpu time :228784.4 secs   av.it.:  16.0
      thresh= 8.637E-08 alpha_mix =  0.700 |ddv_scf|^2 =  1.223E-14

      iter #   6 total cpu time :228987.8 secs   av.it.:  16.9
      thresh= 1.106E-08 alpha_mix =  0.700 |ddv_scf|^2 =  1.192E-15

     End of self-consistent calculation

     Convergence has been achieved 


     Representation #   9 modes #  17  18

     Self-consistent Calculation

      iter #   1 total cpu time :229076.2 secs   av.it.:   3.0
      thresh= 1.000E-02 alpha_mix =  0.700 |ddv_scf|^2 =  3.010E-09

      iter #   2 total cpu time :229299.7 secs   av.it.:  15.9
      thresh= 5.486E-06 alpha_mix =  0.700 |ddv_scf|^2 =  2.118E-09

      iter #   3 total cpu time :229488.2 secs   av.it.:  15.0
      thresh= 4.602E-06 alpha_mix =  0.700 |ddv_scf|^2 =  6.316E-13

      iter #   4 total cpu time :229697.8 secs   av.it.:  16.9
      thresh= 7.948E-08 alpha_mix =  0.700 |ddv_scf|^2 =  1.336E-13

      iter #   5 total cpu time :229901.5 secs   av.it.:  16.5
      thresh= 3.655E-08 alpha_mix =  0.700 |ddv_scf|^2 =  1.255E-14

      iter #   6 total cpu time :230103.5 secs   av.it.:  16.0
      thresh= 1.120E-08 alpha_mix =  0.700 |ddv_scf|^2 =  5.805E-16

     End of self-consistent calculation

     Convergence has been achieved 


     Representation #  10 modes #  19  20

     Self-consistent Calculation

      iter #   1 total cpu time :230194.5 secs   av.it.:   3.2
      thresh= 1.000E-02 alpha_mix =  0.700 |ddv_scf|^2 =  1.108E-09

      iter #   2 total cpu time :230398.5 secs   av.it.:  16.6
      thresh= 3.329E-06 alpha_mix =  0.700 |ddv_scf|^2 =  6.247E-10

      iter #   3 total cpu time :230592.4 secs   av.it.:  15.9
      thresh= 2.499E-06 alpha_mix =  0.700 |ddv_scf|^2 =  1.589E-12

      iter #   4 total cpu time :230797.3 secs   av.it.:  16.8
      thresh= 1.261E-07 alpha_mix =  0.700 |ddv_scf|^2 =  4.223E-13

      iter #   5 total cpu time :230997.0 secs   av.it.:  16.0
      thresh= 6.498E-08 alpha_mix =  0.700 |ddv_scf|^2 =  6.313E-15

     End of self-consistent calculation

     Convergence has been achieved 


     Representation #  11 modes #  21  22

     Self-consistent Calculation

      iter #   1 total cpu time :231118.5 secs   av.it.:   6.6
      thresh= 1.000E-02 alpha_mix =  0.700 |ddv_scf|^2 =  1.094E-08

      iter #   2 total cpu time :231319.2 secs   av.it.:  16.3
      thresh= 1.046E-05 alpha_mix =  0.700 |ddv_scf|^2 =  2.180E-09

      iter #   3 total cpu time :231516.5 secs   av.it.:  15.8
      thresh= 4.669E-06 alpha_mix =  0.700 |ddv_scf|^2 =  7.542E-12

      iter #   4 total cpu time :231714.1 secs   av.it.:  16.1
      thresh= 2.746E-07 alpha_mix =  0.700 |ddv_scf|^2 =  1.068E-13

      iter #   5 total cpu time :231908.2 secs   av.it.:  16.2
      thresh= 3.268E-08 alpha_mix =  0.700 |ddv_scf|^2 =  2.081E-15

     End of self-consistent calculation

     Convergence has been achieved 


     Representation #  12 modes #  23  24

     Self-consistent Calculation

      iter #   1 total cpu time :231997.1 secs   av.it.:   3.2
      thresh= 1.000E-02 alpha_mix =  0.700 |ddv_scf|^2 =  9.102E-10

      iter #   2 total cpu time :232195.6 secs   av.it.:  16.9
      thresh= 3.017E-06 alpha_mix =  0.700 |ddv_scf|^2 =  1.031E-09

      iter #   3 total cpu time :232378.4 secs   av.it.:  15.1
      thresh= 3.211E-06 alpha_mix =  0.700 |ddv_scf|^2 =  1.285E-11

      iter #   4 total cpu time :232572.1 secs   av.it.:  16.3
      thresh= 3.584E-07 alpha_mix =  0.700 |ddv_scf|^2 =  7.356E-13

      iter #   5 total cpu time :232766.8 secs   av.it.:  16.4
      thresh= 8.577E-08 alpha_mix =  0.700 |ddv_scf|^2 =  1.504E-14

      iter #   6 total cpu time :232958.5 secs   av.it.:  16.9
      thresh= 1.226E-08 alpha_mix =  0.700 |ddv_scf|^2 =  1.303E-15

     End of self-consistent calculation

     Convergence has been achieved 


     Representation #  13 modes #  25  26

     Self-consistent Calculation

      iter #   1 total cpu time :233056.3 secs   av.it.:   4.9
      thresh= 1.000E-02 alpha_mix =  0.700 |ddv_scf|^2 =  2.033E-08

      iter #   2 total cpu time :233245.5 secs   av.it.:  16.0
      thresh= 1.426E-05 alpha_mix =  0.700 |ddv_scf|^2 =  2.908E-08

      iter #   3 total cpu time :233422.2 secs   av.it.:  15.0
      thresh= 1.705E-05 alpha_mix =  0.700 |ddv_scf|^2 =  3.378E-11

      iter #   4 total cpu time :233617.5 secs   av.it.:  16.9
      thresh= 5.812E-07 alpha_mix =  0.700 |ddv_scf|^2 =  3.518E-12

      iter #   5 total cpu time :233810.8 secs   av.it.:  16.2
      thresh= 1.876E-07 alpha_mix =  0.700 |ddv_scf|^2 =  2.218E-13

      iter #   6 total cpu time :234017.2 secs   av.it.:  16.9
      thresh= 4.709E-08 alpha_mix =  0.700 |ddv_scf|^2 =  1.604E-14

      iter #   7 total cpu time :234214.6 secs   av.it.:  15.9
      thresh= 1.267E-08 alpha_mix =  0.700 |ddv_scf|^2 =  2.751E-16

     End of self-consistent calculation

     Convergence has been achieved 


     Representation #  14 modes #  27  28

     Self-consistent Calculation

      iter #   1 total cpu time :234303.6 secs   av.it.:   3.1
      thresh= 1.000E-02 alpha_mix =  0.700 |ddv_scf|^2 =  5.946E-10

      iter #   2 total cpu time :234499.9 secs   av.it.:  16.9
      thresh= 2.438E-06 alpha_mix =  0.700 |ddv_scf|^2 =  4.938E-10

      iter #   3 total cpu time :234690.9 secs   av.it.:  15.4
      thresh= 2.222E-06 alpha_mix =  0.700 |ddv_scf|^2 =  1.526E-11

      iter #   4 total cpu time :234878.5 secs   av.it.:  15.9
      thresh= 3.907E-07 alpha_mix =  0.700 |ddv_scf|^2 =  3.946E-13

      iter #   5 total cpu time :235079.3 secs   av.it.:  16.9
      thresh= 6.282E-08 alpha_mix =  0.700 |ddv_scf|^2 =  1.864E-14

      iter #   6 total cpu time :235283.1 secs   av.it.:  16.9
      thresh= 1.365E-08 alpha_mix =  0.700 |ddv_scf|^2 =  8.391E-16

     End of self-consistent calculation

     Convergence has been achieved 


     Representation #  15 modes #  29  30

     Self-consistent Calculation

      iter #   1 total cpu time :235371.0 secs   av.it.:   3.0
      thresh= 1.000E-02 alpha_mix =  0.700 |ddv_scf|^2 =  2.213E-09

      iter #   2 total cpu time :235569.7 secs   av.it.:  15.9
      thresh= 4.704E-06 alpha_mix =  0.700 |ddv_scf|^2 =  1.573E-09

      iter #   3 total cpu time :235758.0 secs   av.it.:  15.0
      thresh= 3.966E-06 alpha_mix =  0.700 |ddv_scf|^2 =  6.633E-13

      iter #   4 total cpu time :235969.4 secs   av.it.:  16.9
      thresh= 8.144E-08 alpha_mix =  0.700 |ddv_scf|^2 =  1.570E-13

      iter #   5 total cpu time :236175.3 secs   av.it.:  16.9
      thresh= 3.962E-08 alpha_mix =  0.700 |ddv_scf|^2 =  9.474E-15

     End of self-consistent calculation

     Convergence has been achieved 


     Representation #  16 modes #  31  32

     Self-consistent Calculation

      iter #   1 total cpu time :236300.4 secs   av.it.:   6.6
      thresh= 1.000E-02 alpha_mix =  0.700 |ddv_scf|^2 =  8.296E-08

      iter #   2 total cpu time :236494.7 secs   av.it.:  15.9
      thresh= 2.880E-05 alpha_mix =  0.700 |ddv_scf|^2 =  1.183E-07

      iter #   3 total cpu time :236675.7 secs   av.it.:  14.9
      thresh= 3.439E-05 alpha_mix =  0.700 |ddv_scf|^2 =  2.551E-10

      iter #   4 total cpu time :236878.3 secs   av.it.:  16.5
      thresh= 1.597E-06 alpha_mix =  0.700 |ddv_scf|^2 =  5.778E-12

      iter #   5 total cpu time :237078.8 secs   av.it.:  16.6
      thresh= 2.404E-07 alpha_mix =  0.700 |ddv_scf|^2 =  4.622E-13

      iter #   6 total cpu time :237278.1 secs   av.it.:  16.6
      thresh= 6.798E-08 alpha_mix =  0.700 |ddv_scf|^2 =  1.786E-14

      iter #   7 total cpu time :237476.2 secs   av.it.:  16.6
      thresh= 1.336E-08 alpha_mix =  0.700 |ddv_scf|^2 =  1.885E-15

     End of self-consistent calculation

     Convergence has been achieved 


     Representation #  17 modes #  33  34

     Self-consistent Calculation

      iter #   1 total cpu time :237562.8 secs   av.it.:   3.0
      thresh= 1.000E-02 alpha_mix =  0.700 |ddv_scf|^2 =  1.643E-09

      iter #   2 total cpu time :237758.5 secs   av.it.:  16.0
      thresh= 4.054E-06 alpha_mix =  0.700 |ddv_scf|^2 =  9.874E-10

      iter #   3 total cpu time :237944.8 secs   av.it.:  15.0
      thresh= 3.142E-06 alpha_mix =  0.700 |ddv_scf|^2 =  1.766E-12

      iter #   4 total cpu time :238143.7 secs   av.it.:  16.0
      thresh= 1.329E-07 alpha_mix =  0.700 |ddv_scf|^2 =  1.492E-13

      iter #   5 total cpu time :238345.9 secs   av.it.:  16.2
      thresh= 3.863E-08 alpha_mix =  0.700 |ddv_scf|^2 =  1.825E-14

      iter #   6 total cpu time :238546.8 secs   av.it.:  16.0
      thresh= 1.351E-08 alpha_mix =  0.700 |ddv_scf|^2 =  8.027E-16

     End of self-consistent calculation

     Convergence has been achieved 


     Representation #  18 modes #  35  36

     Self-consistent Calculation

      iter #   1 total cpu time :238632.9 secs   av.it.:   3.0
      thresh= 1.000E-02 alpha_mix =  0.700 |ddv_scf|^2 =  4.777E-10

      iter #   2 total cpu time :238832.8 secs   av.it.:  16.0
      thresh= 2.186E-06 alpha_mix =  0.700 |ddv_scf|^2 =  2.458E-10

      iter #   3 total cpu time :239023.4 secs   av.it.:  15.2
      thresh= 1.568E-06 alpha_mix =  0.700 |ddv_scf|^2 =  1.913E-12

      iter #   4 total cpu time :239221.7 secs   av.it.:  16.0
      thresh= 1.383E-07 alpha_mix =  0.700 |ddv_scf|^2 =  8.791E-14

      iter #   5 total cpu time :239424.8 secs   av.it.:  16.9
      thresh= 2.965E-08 alpha_mix =  0.700 |ddv_scf|^2 =  7.764E-15

     End of self-consistent calculation

     Convergence has been achieved 


     Representation #  19 modes #  37  38

     Self-consistent Calculation

      iter #   1 total cpu time :239513.1 secs   av.it.:   3.0
      thresh= 1.000E-02 alpha_mix =  0.700 |ddv_scf|^2 =  1.085E-09

      iter #   2 total cpu time :239713.9 secs   av.it.:  16.6
      thresh= 3.294E-06 alpha_mix =  0.700 |ddv_scf|^2 =  9.955E-10

      iter #   3 total cpu time :239905.4 secs   av.it.:  15.1
      thresh= 3.155E-06 alpha_mix =  0.700 |ddv_scf|^2 =  1.964E-11

      iter #   4 total cpu time :240102.0 secs   av.it.:  15.9
      thresh= 4.431E-07 alpha_mix =  0.700 |ddv_scf|^2 =  6.279E-13

      iter #   5 total cpu time :240302.8 secs   av.it.:  16.8
      thresh= 7.924E-08 alpha_mix =  0.700 |ddv_scf|^2 =  2.488E-14

      iter #   6 total cpu time :240499.7 secs   av.it.:  16.0
      thresh= 1.577E-08 alpha_mix =  0.700 |ddv_scf|^2 =  1.278E-15

     End of self-consistent calculation

     Convergence has been achieved 


     Representation #  20 modes #  39  40

     Self-consistent Calculation

      iter #   1 total cpu time :240587.1 secs   av.it.:   3.0
      thresh= 1.000E-02 alpha_mix =  0.700 |ddv_scf|^2 =  1.278E-09

      iter #   2 total cpu time :240786.7 secs   av.it.:  16.0
      thresh= 3.574E-06 alpha_mix =  0.700 |ddv_scf|^2 =  8.319E-10

      iter #   3 total cpu time :240977.9 secs   av.it.:  15.0
      thresh= 2.884E-06 alpha_mix =  0.700 |ddv_scf|^2 =  1.143E-12

      iter #   4 total cpu time :241187.8 secs   av.it.:  16.9
      thresh= 1.069E-07 alpha_mix =  0.700 |ddv_scf|^2 =  1.709E-13

      iter #   5 total cpu time :241393.3 secs   av.it.:  16.9
      thresh= 4.135E-08 alpha_mix =  0.700 |ddv_scf|^2 =  7.616E-15

     End of self-consistent calculation

     Convergence has been achieved 


     Representation #  21 modes #  41  42

     Self-consistent Calculation

      iter #   1 total cpu time :241481.4 secs   av.it.:   3.0
      thresh= 1.000E-02 alpha_mix =  0.700 |ddv_scf|^2 =  2.328E-09

      iter #   2 total cpu time :241680.8 secs   av.it.:  16.0
      thresh= 4.825E-06 alpha_mix =  0.700 |ddv_scf|^2 =  2.997E-09

      iter #   3 total cpu time :241925.2 secs   av.it.:  15.0
      thresh= 5.475E-06 alpha_mix =  0.700 |ddv_scf|^2 =  6.505E-12

      iter #   4 total cpu time :242125.2 secs   av.it.:  16.0
      thresh= 2.551E-07 alpha_mix =  0.700 |ddv_scf|^2 =  2.136E-13

      iter #   5 total cpu time :242330.9 secs   av.it.:  16.7
      thresh= 4.622E-08 alpha_mix =  0.700 |ddv_scf|^2 =  2.546E-14

      iter #   6 total cpu time :242530.8 secs   av.it.:  16.0
      thresh= 1.596E-08 alpha_mix =  0.700 |ddv_scf|^2 =  7.624E-16

     End of self-consistent calculation

     Convergence has been achieved 


     Representation #  22 modes #  43  44

     Self-consistent Calculation

      iter #   1 total cpu time :242632.0 secs   av.it.:   4.7
      thresh= 1.000E-02 alpha_mix =  0.700 |ddv_scf|^2 =  5.738E-09

      iter #   2 total cpu time :242824.3 secs   av.it.:  16.4
      thresh= 7.575E-06 alpha_mix =  0.700 |ddv_scf|^2 =  3.658E-09

      iter #   3 total cpu time :243004.3 secs   av.it.:  15.0
      thresh= 6.048E-06 alpha_mix =  0.700 |ddv_scf|^2 =  1.395E-11

      iter #   4 total cpu time :243199.3 secs   av.it.:  16.8
      thresh= 3.735E-07 alpha_mix =  0.700 |ddv_scf|^2 =  8.077E-13

      iter #   5 total cpu time :243404.2 secs   av.it.:  16.9
      thresh= 8.987E-08 alpha_mix =  0.700 |ddv_scf|^2 =  1.108E-13

      iter #   6 total cpu time :243608.9 secs   av.it.:  16.9
      thresh= 3.329E-08 alpha_mix =  0.700 |ddv_scf|^2 =  2.473E-15

     End of self-consistent calculation

     Convergence has been achieved 


     Representation #  23 modes #  45  46

     Self-consistent Calculation

      iter #   1 total cpu time :243695.1 secs   av.it.:   3.0
      thresh= 1.000E-02 alpha_mix =  0.700 |ddv_scf|^2 =  8.915E-10

      iter #   2 total cpu time :243888.9 secs   av.it.:  16.3
      thresh= 2.986E-06 alpha_mix =  0.700 |ddv_scf|^2 =  5.091E-10

      iter #   3 total cpu time :244074.1 secs   av.it.:  15.7
      thresh= 2.256E-06 alpha_mix =  0.700 |ddv_scf|^2 =  1.931E-12

      iter #   4 total cpu time :244272.2 secs   av.it.:  16.5
      thresh= 1.389E-07 alpha_mix =  0.700 |ddv_scf|^2 =  3.042E-13

      iter #   5 total cpu time :244473.5 secs   av.it.:  16.6
      thresh= 5.516E-08 alpha_mix =  0.700 |ddv_scf|^2 =  1.569E-14

      iter #   6 total cpu time :244667.5 secs   av.it.:  16.0
      thresh= 1.253E-08 alpha_mix =  0.700 |ddv_scf|^2 =  8.132E-16

     End of self-consistent calculation

     Convergence has been achieved 


     Representation #  24 modes #  47  48

     Self-consistent Calculation

      iter #   1 total cpu time :244767.9 secs   av.it.:   4.9
      thresh= 1.000E-02 alpha_mix =  0.700 |ddv_scf|^2 =  8.601E-09

      iter #   2 total cpu time :244970.8 secs   av.it.:  16.3
      thresh= 9.274E-06 alpha_mix =  0.700 |ddv_scf|^2 =  1.026E-08

      iter #   3 total cpu time :245159.5 secs   av.it.:  15.0
      thresh= 1.013E-05 alpha_mix =  0.700 |ddv_scf|^2 =  5.810E-11

      iter #   4 total cpu time :245357.4 secs   av.it.:  16.1
      thresh= 7.622E-07 alpha_mix =  0.700 |ddv_scf|^2 =  2.465E-12

      iter #   5 total cpu time :245553.0 secs   av.it.:  16.7
      thresh= 1.570E-07 alpha_mix =  0.700 |ddv_scf|^2 =  1.838E-13

      iter #   6 total cpu time :245758.6 secs   av.it.:  16.9
      thresh= 4.287E-08 alpha_mix =  0.700 |ddv_scf|^2 =  1.130E-14

      iter #   7 total cpu time :245962.9 secs   av.it.:  16.7
      thresh= 1.063E-08 alpha_mix =  0.700 |ddv_scf|^2 =  5.713E-16

     End of self-consistent calculation

     Convergence has been achieved 


     Representation #  25 modes #  49  50

     Self-consistent Calculation

      iter #   1 total cpu time :246052.7 secs   av.it.:   3.7
      thresh= 1.000E-02 alpha_mix =  0.700 |ddv_scf|^2 =  7.505E-10

      iter #   2 total cpu time :246248.2 secs   av.it.:  16.9
      thresh= 2.739E-06 alpha_mix =  0.700 |ddv_scf|^2 =  2.695E-10

      iter #   3 total cpu time :246437.9 secs   av.it.:  16.0
      thresh= 1.642E-06 alpha_mix =  0.700 |ddv_scf|^2 =  1.375E-12

      iter #   4 total cpu time :246639.6 secs   av.it.:  16.3
      thresh= 1.172E-07 alpha_mix =  0.700 |ddv_scf|^2 =  1.831E-13

      iter #   5 total cpu time :246835.8 secs   av.it.:  15.9
      thresh= 4.280E-08 alpha_mix =  0.700 |ddv_scf|^2 =  8.669E-15

     End of self-consistent calculation

     Convergence has been achieved 


     Representation #  26 modes #  51  52

     Self-consistent Calculation

      iter #   1 total cpu time :246961.4 secs   av.it.:   6.9
      thresh= 1.000E-02 alpha_mix =  0.700 |ddv_scf|^2 =  1.778E-07

      iter #   2 total cpu time :247150.3 secs   av.it.:  15.9
      thresh= 4.217E-05 alpha_mix =  0.700 |ddv_scf|^2 =  2.570E-07

      iter #   3 total cpu time :247328.3 secs   av.it.:  14.9
      thresh= 5.069E-05 alpha_mix =  0.700 |ddv_scf|^2 =  1.709E-10

      iter #   4 total cpu time :247524.7 secs   av.it.:  16.8
      thresh= 1.307E-06 alpha_mix =  0.700 |ddv_scf|^2 =  6.769E-12

      iter #   5 total cpu time :247720.2 secs   av.it.:  16.6
      thresh= 2.602E-07 alpha_mix =  0.700 |ddv_scf|^2 =  3.774E-13

      iter #   6 total cpu time :247916.7 secs   av.it.:  16.7
      thresh= 6.144E-08 alpha_mix =  0.700 |ddv_scf|^2 =  4.551E-14

      iter #   7 total cpu time :248107.6 secs   av.it.:  15.9
      thresh= 2.133E-08 alpha_mix =  0.700 |ddv_scf|^2 =  5.543E-15

     End of self-consistent calculation

     Convergence has been achieved 


     Representation #  27 modes #  53  54

     Self-consistent Calculation

      iter #   1 total cpu time :248194.6 secs   av.it.:   3.9
      thresh= 1.000E-02 alpha_mix =  0.700 |ddv_scf|^2 =  1.829E-09

      iter #   2 total cpu time :248387.5 secs   av.it.:  16.6
      thresh= 4.277E-06 alpha_mix =  0.700 |ddv_scf|^2 =  2.276E-09

      iter #   3 total cpu time :248567.7 secs   av.it.:  15.0
      thresh= 4.771E-06 alpha_mix =  0.700 |ddv_scf|^2 =  1.479E-11

      iter #   4 total cpu time :248766.4 secs   av.it.:  16.0
      thresh= 3.846E-07 alpha_mix =  0.700 |ddv_scf|^2 =  4.618E-13

      iter #   5 total cpu time :248970.9 secs   av.it.:  16.8
      thresh= 6.796E-08 alpha_mix =  0.700 |ddv_scf|^2 =  2.103E-14

      iter #   6 total cpu time :249163.1 secs   av.it.:  16.0
      thresh= 1.450E-08 alpha_mix =  0.700 |ddv_scf|^2 =  6.913E-16

     End of self-consistent calculation

     Convergence has been achieved 


     Representation #  28 modes #  55  56

     Self-consistent Calculation

      iter #   1 total cpu time :249263.1 secs   av.it.:   5.0
      thresh= 1.000E-02 alpha_mix =  0.700 |ddv_scf|^2 =  1.688E-08

      iter #   2 total cpu time :249451.4 secs   av.it.:  15.9
      thresh= 1.299E-05 alpha_mix =  0.700 |ddv_scf|^2 =  1.332E-08

      iter #   3 total cpu time :249628.2 secs   av.it.:  14.9
      thresh= 1.154E-05 alpha_mix =  0.700 |ddv_scf|^2 =  1.620E-11

      iter #   4 total cpu time :249820.2 secs   av.it.:  16.0
      thresh= 4.024E-07 alpha_mix =  0.700 |ddv_scf|^2 =  1.020E-12

      iter #   5 total cpu time :250015.0 secs   av.it.:  16.8
      thresh= 1.010E-07 alpha_mix =  0.700 |ddv_scf|^2 =  1.367E-13

      iter #   6 total cpu time :250217.2 secs   av.it.:  16.6
      thresh= 3.697E-08 alpha_mix =  0.700 |ddv_scf|^2 =  5.760E-15

     End of self-consistent calculation

     Convergence has been achieved 


     Representation #  29 modes #  57  58

     Self-consistent Calculation

      iter #   1 total cpu time :250305.1 secs   av.it.:   3.0
      thresh= 1.000E-02 alpha_mix =  0.700 |ddv_scf|^2 =  1.846E-09

      iter #   2 total cpu time :250501.7 secs   av.it.:  16.0
      thresh= 4.296E-06 alpha_mix =  0.700 |ddv_scf|^2 =  2.501E-09

      iter #   3 total cpu time :250684.4 secs   av.it.:  15.0
      thresh= 5.001E-06 alpha_mix =  0.700 |ddv_scf|^2 =  4.137E-12

      iter #   4 total cpu time :250887.0 secs   av.it.:  16.9
      thresh= 2.034E-07 alpha_mix =  0.700 |ddv_scf|^2 =  5.513E-13

      iter #   5 total cpu time :251084.7 secs   av.it.:  16.7
      thresh= 7.425E-08 alpha_mix =  0.700 |ddv_scf|^2 =  1.663E-14

      iter #   6 total cpu time :251283.9 secs   av.it.:  16.9
      thresh= 1.289E-08 alpha_mix =  0.700 |ddv_scf|^2 =  6.275E-16

     End of self-consistent calculation

     Convergence has been achieved 


     Representation #  30 modes #  59  60

     Self-consistent Calculation

      iter #   1 total cpu time :251371.2 secs   av.it.:   3.0
      thresh= 1.000E-02 alpha_mix =  0.700 |ddv_scf|^2 =  9.380E-10

      iter #   2 total cpu time :251572.2 secs   av.it.:  16.1
      thresh= 3.063E-06 alpha_mix =  0.700 |ddv_scf|^2 =  6.330E-10

      iter #   3 total cpu time :251759.5 secs   av.it.:  15.1
      thresh= 2.516E-06 alpha_mix =  0.700 |ddv_scf|^2 =  1.027E-12

      iter #   4 total cpu time :251965.5 secs   av.it.:  16.9
      thresh= 1.013E-07 alpha_mix =  0.700 |ddv_scf|^2 =  1.402E-13

      iter #   5 total cpu time :252171.8 secs   av.it.:  16.9
      thresh= 3.744E-08 alpha_mix =  0.700 |ddv_scf|^2 =  5.531E-15

     End of self-consistent calculation

     Convergence has been achieved 


     Representation #  31 modes #  61  62

     Self-consistent Calculation

      iter #   1 total cpu time :252263.3 secs   av.it.:   3.8
      thresh= 1.000E-02 alpha_mix =  0.700 |ddv_scf|^2 =  2.307E-09

      iter #   2 total cpu time :252461.1 secs   av.it.:  16.2
      thresh= 4.803E-06 alpha_mix =  0.700 |ddv_scf|^2 =  2.986E-09

      iter #   3 total cpu time :252645.1 secs   av.it.:  15.0
      thresh= 5.465E-06 alpha_mix =  0.700 |ddv_scf|^2 =  1.121E-11

      iter #   4 total cpu time :252843.6 secs   av.it.:  16.4
      thresh= 3.348E-07 alpha_mix =  0.700 |ddv_scf|^2 =  5.410E-13

      iter #   5 total cpu time :253046.9 secs   av.it.:  16.9
      thresh= 7.355E-08 alpha_mix =  0.700 |ddv_scf|^2 =  2.419E-14

      iter #   6 total cpu time :253248.0 secs   av.it.:  16.1
      thresh= 1.555E-08 alpha_mix =  0.700 |ddv_scf|^2 =  2.844E-15

     End of self-consistent calculation

     Convergence has been achieved 


     Representation #  32 modes #  63  64

     Self-consistent Calculation

      iter #   1 total cpu time :253336.4 secs   av.it.:   3.1
      thresh= 1.000E-02 alpha_mix =  0.700 |ddv_scf|^2 =  1.254E-09

      iter #   2 total cpu time :253537.4 secs   av.it.:  16.7
      thresh= 3.542E-06 alpha_mix =  0.700 |ddv_scf|^2 =  1.630E-09

      iter #   3 total cpu time :253727.0 secs   av.it.:  15.0
      thresh= 4.037E-06 alpha_mix =  0.700 |ddv_scf|^2 =  7.509E-12

      iter #   4 total cpu time :253933.6 secs   av.it.:  16.9
      thresh= 2.740E-07 alpha_mix =  0.700 |ddv_scf|^2 =  7.495E-13

      iter #   5 total cpu time :254136.5 secs   av.it.:  16.1
      thresh= 8.657E-08 alpha_mix =  0.700 |ddv_scf|^2 =  1.076E-14

      iter #   6 total cpu time :254343.5 secs   av.it.:  16.9
      thresh= 1.037E-08 alpha_mix =  0.700 |ddv_scf|^2 =  3.726E-16

     End of self-consistent calculation

     Convergence has been achieved 


     Representation #  33 modes #  65  66

     Self-consistent Calculation

      iter #   1 total cpu time :254433.0 secs   av.it.:   3.1
      thresh= 1.000E-02 alpha_mix =  0.700 |ddv_scf|^2 =  6.488E-10

      iter #   2 total cpu time :254639.2 secs   av.it.:  16.9
      thresh= 2.547E-06 alpha_mix =  0.700 |ddv_scf|^2 =  2.875E-10

      iter #   3 total cpu time :254836.7 secs   av.it.:  16.0
      thresh= 1.696E-06 alpha_mix =  0.700 |ddv_scf|^2 =  2.176E-12

      iter #   4 total cpu time :255025.9 secs   av.it.:  15.9
      thresh= 1.475E-07 alpha_mix =  0.700 |ddv_scf|^2 =  6.036E-13

      iter #   5 total cpu time :255213.1 secs   av.it.:  15.9
      thresh= 7.769E-08 alpha_mix =  0.700 |ddv_scf|^2 =  1.041E-14

      iter #   6 total cpu time :255404.5 secs   av.it.:  16.0
      thresh= 1.020E-08 alpha_mix =  0.700 |ddv_scf|^2 =  3.726E-16

     End of self-consistent calculation

     Convergence has been achieved 

     Number of q in the star =    1
     List of q in the star:
          1  -0.500000000  -0.497514774   0.000000000

     Diagonalizing the dynamical matrix

     q = (   -0.500000000  -0.497514774   0.000000000 ) 

 **************************************************************************
     freq (    1) =       0.973374 [THz] =      32.468264 [cm-1]
     freq (    2) =       0.973374 [THz] =      32.468264 [cm-1]
     freq (    3) =       1.252814 [THz] =      41.789375 [cm-1]
     freq (    4) =       1.252814 [THz] =      41.789375 [cm-1]
     freq (    5) =       2.054143 [THz] =      68.518821 [cm-1]
     freq (    6) =       2.054143 [THz] =      68.518821 [cm-1]
     freq (    7) =       4.649769 [THz] =     155.099616 [cm-1]
     freq (    8) =       4.649769 [THz] =     155.099616 [cm-1]
     freq (    9) =       5.438506 [THz] =     181.409033 [cm-1]
     freq (   10) =       5.438506 [THz] =     181.409033 [cm-1]
     freq (   11) =       6.056985 [THz] =     202.039279 [cm-1]
     freq (   12) =       6.056985 [THz] =     202.039279 [cm-1]
     freq (   13) =       6.405577 [THz] =     213.667037 [cm-1]
     freq (   14) =       6.405577 [THz] =     213.667037 [cm-1]
     freq (   15) =       6.516350 [THz] =     217.362035 [cm-1]
     freq (   16) =       6.516350 [THz] =     217.362035 [cm-1]
     freq (   17) =       7.552517 [THz] =     251.924839 [cm-1]
     freq (   18) =       7.552517 [THz] =     251.924839 [cm-1]
     freq (   19) =       7.945441 [THz] =     265.031380 [cm-1]
     freq (   20) =       7.945441 [THz] =     265.031380 [cm-1]
     freq (   21) =       8.652959 [THz] =     288.631646 [cm-1]
     freq (   22) =       8.652959 [THz] =     288.631646 [cm-1]
     freq (   23) =       9.443730 [THz] =     315.008936 [cm-1]
     freq (   24) =       9.443730 [THz] =     315.008936 [cm-1]
     freq (   25) =       9.526538 [THz] =     317.771119 [cm-1]
     freq (   26) =       9.526538 [THz] =     317.771119 [cm-1]
     freq (   27) =      12.048307 [THz] =     401.888256 [cm-1]
     freq (   28) =      12.048307 [THz] =     401.888256 [cm-1]
     freq (   29) =      12.565557 [THz] =     419.141853 [cm-1]
     freq (   30) =      12.565557 [THz] =     419.141853 [cm-1]
     freq (   31) =      30.710449 [THz] =    1024.390324 [cm-1]
     freq (   32) =      30.710449 [THz] =    1024.390324 [cm-1]
     freq (   33) =      30.908529 [THz] =    1030.997536 [cm-1]
     freq (   34) =      30.908529 [THz] =    1030.997536 [cm-1]
     freq (   35) =      31.917297 [THz] =    1064.646435 [cm-1]
     freq (   36) =      31.917297 [THz] =    1064.646435 [cm-1]
     freq (   37) =      32.123529 [THz] =    1071.525604 [cm-1]
     freq (   38) =      32.123529 [THz] =    1071.525604 [cm-1]
     freq (   39) =      32.205633 [THz] =    1074.264292 [cm-1]
     freq (   40) =      32.205633 [THz] =    1074.264292 [cm-1]
     freq (   41) =      32.273809 [THz] =    1076.538388 [cm-1]
     freq (   42) =      32.273809 [THz] =    1076.538388 [cm-1]
     freq (   43) =      35.945784 [THz] =    1199.022279 [cm-1]
     freq (   44) =      35.945784 [THz] =    1199.022279 [cm-1]
     freq (   45) =      35.996463 [THz] =    1200.712769 [cm-1]
     freq (   46) =      35.996463 [THz] =    1200.712769 [cm-1]
     freq (   47) =      36.024436 [THz] =    1201.645853 [cm-1]
     freq (   48) =      36.024436 [THz] =    1201.645853 [cm-1]
     freq (   49) =      36.286100 [THz] =    1210.373996 [cm-1]
     freq (   50) =      36.286100 [THz] =    1210.373996 [cm-1]
     freq (   51) =      68.310616 [THz] =    2278.596878 [cm-1]
     freq (   52) =      68.310616 [THz] =    2278.596878 [cm-1]
     freq (   53) =      68.474637 [THz] =    2284.068036 [cm-1]
     freq (   54) =      68.474637 [THz] =    2284.068036 [cm-1]
     freq (   55) =      70.030175 [THz] =    2335.955185 [cm-1]
     freq (   56) =      70.030175 [THz] =    2335.955185 [cm-1]
     freq (   57) =      70.223033 [THz] =    2342.388258 [cm-1]
     freq (   58) =      70.223033 [THz] =    2342.388258 [cm-1]
     freq (   59) =      70.725885 [THz] =    2359.161590 [cm-1]
     freq (   60) =      70.725885 [THz] =    2359.161590 [cm-1]
     freq (   61) =      70.968592 [THz] =    2367.257414 [cm-1]
     freq (   62) =      70.968592 [THz] =    2367.257414 [cm-1]
     freq (   63) =      71.184879 [THz] =    2374.471975 [cm-1]
     freq (   64) =      71.184879 [THz] =    2374.471975 [cm-1]
     freq (   65) =      71.242607 [THz] =    2376.397570 [cm-1]
     freq (   66) =      71.242607 [THz] =    2376.397570 [cm-1]
 **************************************************************************

     Calculation of q =   -0.5000000  -0.4975148  -0.7518535

     Parallelization info
     --------------------
     sticks:   dense  smooth     PW     G-vecs:    dense   smooth      PW
     Min         460     230     63                24198     8554    1237
     Max         461     231     64                24201     8557    1238
     Sum       11053    5527   1523               580795   205333   29699

     Using Slab Decomposition



     bravais-lattice index     =            8
     lattice parameter (alat)  =      13.1499  a.u.
     unit-cell volume          =    1519.7234 (a.u.)^3
     number of atoms/cell      =           22
     number of atomic types    =            3
     number of electrons       =        48.00
     number of Kohn-Sham states=           24
     kinetic-energy cutoff     =     100.0000  Ry
     charge density cutoff     =     800.0000  Ry
     Exchange-correlation= PBESOL
                           (   1   4  10   8   0   0   0)

     celldm(1)=  13.149863  celldm(2)=   1.004995  celldm(3)=   0.665023
     celldm(4)=   0.000000  celldm(5)=   0.000000  celldm(6)=   0.000000

     crystal axes: (cart. coord. in units of alat)
               a(1) = (   1.000000   0.000000   0.000000 )  
               a(2) = (   0.000000   1.004995   0.000000 )  
               a(3) = (   0.000000   0.000000   0.665023 )  

     reciprocal axes: (cart. coord. in units 2 pi/alat)
               b(1) = (  1.000000  0.000000  0.000000 )  
               b(2) = (  0.000000  0.995030  0.000000 )  
               b(3) = (  0.000000  0.000000  1.503707 )  


     PseudoPot. # 1 for B  read from file:
     /home/mehlhorn/pseudos/b_pbesol_v1.4.uspp.F.UPF
     MD5 check sum: 369b69bef2c3aeed4453bd8b804fd6a8
     Pseudo is Ultrasoft + core correction, Zval =  3.0
     Generated by new atomic code, or converted to UPF format
     Using radial grid of  781 points,  4 beta functions with: 
                l(1) =   0
                l(2) =   0
                l(3) =   1
                l(4) =   1
     Q(r) pseudized with  8 coefficients,  rinner =    1.100   1.100   1.100


     PseudoPot. # 2 for Ba read from file:
     /home/mehlhorn/pseudos/Ba.nc.z_10.oncvpsp4.dojo.v4-sp.upf
     MD5 check sum: c10ed334bb677c0554edec7181ce9143
     Pseudo is Norm-conserving + core correction, Zval = 10.0
     Generated using ONCVPSP code by D. R. Hamann
     Using radial grid of 1938 points,  8 beta functions with: 
                l(1) =   0
                l(2) =   0
                l(3) =   1
                l(4) =   1
                l(5) =   2
                l(6) =   2
                l(7) =   3
                l(8) =   3

     PseudoPot. # 3 for H  read from file:
     /home/mehlhorn/pseudos/H_ONCV_PBEsol-1.0.upf
     MD5 check sum: 398ef8f67c0a7342c05c87c5e19ea467
     Pseudo is Norm-conserving, Zval =  1.0
     Generated using ONCVPSP code by D. R. Hamann
     Using radial grid of 1180 points,  2 beta functions with: 
                l(1) =   0
                l(2) =   0

     atomic species   valence    mass     pseudopotential
     B                 3.00    10.81100     B ( 1.00)
     Ba               10.00   137.32700     Ba( 1.00)
     H                 1.00     1.00794     H ( 1.00)

      4 Sym. Ops. (no inversion) found



   Cartesian axes

     site n.     atom                  positions (alat units)
         1        Ba     tau(   1) = (   0.5000000   0.5024976   0.3325149  )
         2        Ba     tau(   2) = (   0.0000000   0.0000000   0.6650199  )
         3        B      tau(   3) = (   0.6221553   0.2503544   0.0000034  )
         4        B      tau(   4) = (   0.3778447   0.7546409   0.0000034  )
         5        B      tau(   5) = (   0.1221553   0.2521432   0.3325082  )
         6        B      tau(   6) = (   0.8778447   0.7528520   0.3325082  )
         7        H      tau(   7) = (   0.4492521   0.2889572  -0.0000129  )
         8        H      tau(   8) = (   0.5507479   0.7160381  -0.0000129  )
         9        H      tau(   9) = (   0.9492521   0.2135405   0.3325245  )
        10        H      tau(  10) = (   0.0507479   0.7914548   0.3325245  )
        11        H      tau(  11) = (   0.7177062   0.4004542   0.0000031  )
        12        H      tau(  12) = (   0.2822938   0.6045411   0.0000031  )
        13        H      tau(  13) = (   0.2177062   0.1020434   0.3325085  )
        14        H      tau(  14) = (   0.7822938   0.9029519   0.3325085  )
        15        H      tau(  15) = (   0.6574615   0.1574470   0.5188345  )
        16        H      tau(  16) = (   0.3425385   0.8475482   0.5188345  )
        17        H      tau(  17) = (   0.1574615   0.3450506   0.4787003  )
        18        H      tau(  18) = (   0.8425385   0.6599447   0.4787003  )
        19        H      tau(  19) = (   0.3425472   0.8475474   0.1461992  )
        20        H      tau(  20) = (   0.6574528   0.1574478   0.1461992  )
        21        H      tau(  21) = (   0.8425472   0.6599455   0.1863124  )
        22        H      tau(  22) = (   0.1574528   0.3450498   0.1863124  )

     number of k points=    54
                       cart. coord. in units 2pi/alat
        k(    1) = (   0.0000000   0.0000000   0.0000000), wk =   0.0160000
        k(    2) = (  -0.5000000  -0.4975148  -0.7518535), wk =   0.0000000
        k(    3) = (   0.0000000   0.0000000   0.3007414), wk =   0.0320000
        k(    4) = (  -0.5000000  -0.4975148  -0.4511121), wk =   0.0000000
        k(    5) = (   0.0000000   0.0000000   0.6014828), wk =   0.0320000
        k(    6) = (  -0.5000000  -0.4975148  -0.1503707), wk =   0.0000000
        k(    7) = (   0.0000000   0.1990059   0.0000000), wk =   0.0320000
        k(    8) = (  -0.5000000  -0.2985089  -0.7518535), wk =   0.0000000
        k(    9) = (   0.0000000   0.1990059   0.3007414), wk =   0.0640000
        k(   10) = (  -0.5000000  -0.2985089  -0.4511121), wk =   0.0000000
        k(   11) = (   0.0000000   0.1990059   0.6014828), wk =   0.0640000
        k(   12) = (  -0.5000000  -0.2985089  -0.1503707), wk =   0.0000000
        k(   13) = (   0.0000000   0.3980118   0.0000000), wk =   0.0320000
        k(   14) = (  -0.5000000  -0.0995030  -0.7518535), wk =   0.0000000
        k(   15) = (   0.0000000   0.3980118   0.3007414), wk =   0.0640000
        k(   16) = (  -0.5000000  -0.0995030  -0.4511121), wk =   0.0000000
        k(   17) = (   0.0000000   0.3980118   0.6014828), wk =   0.0640000
        k(   18) = (  -0.5000000  -0.0995030  -0.1503707), wk =   0.0000000
        k(   19) = (   0.2000000   0.0000000   0.0000000), wk =   0.0320000
        k(   20) = (  -0.3000000  -0.4975148  -0.7518535), wk =   0.0000000
        k(   21) = (   0.2000000   0.0000000   0.3007414), wk =   0.0640000
        k(   22) = (  -0.3000000  -0.4975148  -0.4511121), wk =   0.0000000
        k(   23) = (   0.2000000   0.0000000   0.6014828), wk =   0.0640000
        k(   24) = (  -0.3000000  -0.4975148  -0.1503707), wk =   0.0000000
        k(   25) = (   0.2000000   0.1990059   0.0000000), wk =   0.0640000
        k(   26) = (  -0.3000000  -0.2985089  -0.7518535), wk =   0.0000000
        k(   27) = (   0.2000000   0.1990059   0.3007414), wk =   0.1280000
        k(   28) = (  -0.3000000  -0.2985089  -0.4511121), wk =   0.0000000
        k(   29) = (   0.2000000   0.1990059   0.6014828), wk =   0.1280000
        k(   30) = (  -0.3000000  -0.2985089  -0.1503707), wk =   0.0000000
        k(   31) = (   0.2000000   0.3980118   0.0000000), wk =   0.0640000
        k(   32) = (  -0.3000000  -0.0995030  -0.7518535), wk =   0.0000000
        k(   33) = (   0.2000000   0.3980118   0.3007414), wk =   0.1280000
        k(   34) = (  -0.3000000  -0.0995030  -0.4511121), wk =   0.0000000
        k(   35) = (   0.2000000   0.3980118   0.6014828), wk =   0.1280000
        k(   36) = (  -0.3000000  -0.0995030  -0.1503707), wk =   0.0000000
        k(   37) = (   0.4000000   0.0000000   0.0000000), wk =   0.0320000
        k(   38) = (  -0.1000000  -0.4975148  -0.7518535), wk =   0.0000000
        k(   39) = (   0.4000000   0.0000000   0.3007414), wk =   0.0640000
        k(   40) = (  -0.1000000  -0.4975148  -0.4511121), wk =   0.0000000
        k(   41) = (   0.4000000   0.0000000   0.6014828), wk =   0.0640000
        k(   42) = (  -0.1000000  -0.4975148  -0.1503707), wk =   0.0000000
        k(   43) = (   0.4000000   0.1990059   0.0000000), wk =   0.0640000
        k(   44) = (  -0.1000000  -0.2985089  -0.7518535), wk =   0.0000000
        k(   45) = (   0.4000000   0.1990059   0.3007414), wk =   0.1280000
        k(   46) = (  -0.1000000  -0.2985089  -0.4511121), wk =   0.0000000
        k(   47) = (   0.4000000   0.1990059   0.6014828), wk =   0.1280000
        k(   48) = (  -0.1000000  -0.2985089  -0.1503707), wk =   0.0000000
        k(   49) = (   0.4000000   0.3980118   0.0000000), wk =   0.0640000
        k(   50) = (  -0.1000000  -0.0995030  -0.7518535), wk =   0.0000000
        k(   51) = (   0.4000000   0.3980118   0.3007414), wk =   0.1280000
        k(   52) = (  -0.1000000  -0.0995030  -0.4511121), wk =   0.0000000
        k(   53) = (   0.4000000   0.3980118   0.6014828), wk =   0.1280000
        k(   54) = (  -0.1000000  -0.0995030  -0.1503707), wk =   0.0000000

     Dense  grid:   580795 G-vectors     FFT dimensions: ( 120, 120,  80)

     Smooth grid:   205333 G-vectors     FFT dimensions: (  90,  90,  60)

     Estimated max dynamical RAM per process >      52.76 MB

     Estimated total dynamical RAM >       1.24 GB

     The potential is recalculated from file :
     ./_ph0/pwscf.q_8/pwscf.save/charge-density

     Starting wfcs are   42 atomic wfcs

     Band Structure Calculation
     Davidson diagonalization with overlap

     ethr =  2.08E-11,  avg # of iterations = 21.8

     total cpu time spent up to now is     1469.7 secs

     End of band structure calculation

          k = 0.0000 0.0000 0.0000 ( 25605 PWs)   bands (ev):

   -24.3490 -24.3424  -9.8493  -9.7888  -9.6043  -9.5683  -9.5211  -9.4692
    -6.2954  -5.4245  -4.8456  -4.7501  -1.9996  -1.0651  -1.0565  -0.7047
    -0.5314  -0.4256  -0.3215  -0.2480   0.0202   0.3169   0.3292   0.3606

          k =-0.5000-0.4975-0.7519 ( 25712 PWs)   bands (ev):

   -24.3324 -24.3324  -9.9904  -9.9904  -9.6288  -9.6288  -9.6013  -9.6013
    -5.3296  -5.3296  -4.9125  -4.9125  -1.8032  -1.8032  -1.2669  -1.2669
    -0.2143  -0.2143  -0.0213  -0.0213  -0.0204  -0.0204   0.2408   0.2408

          k = 0.0000 0.0000 0.3007 ( 25610 PWs)   bands (ev):

   -24.3438 -24.3384  -9.7887  -9.7410  -9.7007  -9.6731  -9.5905  -9.5641
    -5.9568  -5.2250  -4.9646  -4.8909  -1.7164  -1.3728  -1.0041  -0.9195
    -0.6232  -0.5430  -0.2758  -0.1297   0.0923   0.1860   0.2095   0.3303

          k =-0.5000-0.4975-0.4511 ( 25688 PWs)   bands (ev):

   -24.3370 -24.3370  -9.8356  -9.8356  -9.7321  -9.7321  -9.5664  -9.5664
    -5.2083  -5.2083  -5.1979  -5.1979  -1.6217  -1.6217  -1.0884  -1.0884
    -0.3546  -0.3546  -0.0396  -0.0396  -0.0389  -0.0389   0.2092   0.2092

          k = 0.0000 0.0000 0.6015 ( 25676 PWs)   bands (ev):

   -24.3347 -24.3327  -9.9565  -9.9512  -9.6649  -9.6443  -9.5865  -9.5752
    -5.3328  -5.1570  -5.1317  -5.0244  -1.5433  -1.4387  -1.3896  -1.1548
    -0.5474  -0.5454  -0.2223  -0.1142   0.0585   0.1041   0.1964   0.2398

          k =-0.5000-0.4975-0.1504 ( 25660 PWs)   bands (ev):

   -24.3444 -24.3444  -9.8360  -9.8360  -9.5684  -9.5684  -9.5493  -9.5493
    -5.6584  -5.6584  -5.0231  -5.0231  -1.2187  -1.2187  -1.0770  -1.0770
    -0.3009  -0.3009  -0.1753  -0.1753  -0.0045  -0.0045   0.0951   0.0951

          k = 0.0000 0.1990 0.0000 ( 25628 PWs)   bands (ev):

   -24.3484 -24.3430  -9.8328  -9.7719  -9.6311  -9.5889  -9.5161  -9.4741
    -6.1839  -5.3945  -4.9917  -4.8109  -1.8044  -1.2083  -1.1193  -0.5088
    -0.4493  -0.4018  -0.3589  -0.1533   0.0281   0.1248   0.2743   0.3108

          k =-0.5000-0.2985-0.7519 ( 25696 PWs)   bands (ev):

   -24.3324 -24.3324 -10.0010 -10.0010  -9.6188  -9.6188  -9.5973  -9.5973
    -5.3388  -5.3388  -4.9057  -4.9057  -1.9079  -1.9079  -1.0732  -1.0732
    -0.2440  -0.2440  -0.2010  -0.2010   0.0791   0.0791   0.2429   0.2429

          k = 0.0000 0.1990 0.3007 ( 25678 PWs)   bands (ev):

   -24.3433 -24.3389  -9.7869  -9.7270  -9.6946  -9.6870  -9.5907  -9.5779
    -5.8740  -5.1983  -5.0766  -4.9270  -1.5843  -1.3983  -1.1796  -0.6777
    -0.5540  -0.4976  -0.4365  -0.0560   0.0797   0.1838   0.1843   0.2276

          k =-0.5000-0.2985-0.4511 ( 25670 PWs)   bands (ev):

   -24.3370 -24.3370  -9.8517  -9.8517  -9.7064  -9.7064  -9.5744  -9.5744
    -5.2708  -5.2708  -5.1358  -5.1358  -1.6398  -1.6398  -1.0326  -1.0326
    -0.3644  -0.3644  -0.2043  -0.2043   0.0886   0.0886   0.1971   0.1971

          k = 0.0000 0.1990 0.6015 ( 25666 PWs)   bands (ev):

   -24.3345 -24.3329  -9.9639  -9.9590  -9.6490  -9.6353  -9.5870  -9.5803
    -5.4319  -5.3173  -5.0047  -4.8868  -1.5883  -1.5277  -1.3139  -1.0826
    -0.5053  -0.3878  -0.2396  -0.1135   0.0188   0.0410   0.1615   0.1952

          k =-0.5000-0.2985-0.1504 ( 25674 PWs)   bands (ev):

   -24.3444 -24.3444  -9.8134  -9.8134  -9.6008  -9.6008  -9.5414  -9.5414
    -5.6674  -5.6674  -5.0051  -5.0051  -1.3070  -1.3070  -0.9429  -0.9429
    -0.3473  -0.3473  -0.2015  -0.2015  -0.0806  -0.0806   0.1687   0.1687

          k = 0.0000 0.3980 0.0000 ( 25648 PWs)   bands (ev):

   -24.3467 -24.3446  -9.7869  -9.7435  -9.6767  -9.6398  -9.5030  -9.4869
    -5.8864  -5.5162  -5.1095  -4.9620  -1.4914  -1.3670  -0.9774  -0.4808
    -0.4690  -0.4342  -0.1933  -0.0974  -0.0464   0.0173   0.1445   0.2189

          k =-0.5000-0.0995-0.7519 ( 25688 PWs)   bands (ev):

   -24.3324 -24.3324 -10.0168 -10.0168  -9.6081  -9.6081  -9.5866  -9.5866
    -5.3536  -5.3536  -4.8947  -4.8947  -2.0130  -2.0130  -0.8108  -0.8108
    -0.3381  -0.3381  -0.2508  -0.2508   0.0993   0.0993   0.1751   0.1751

          k = 0.0000 0.3980 0.3007 ( 25636 PWs)   bands (ev):

   -24.3419 -24.3403  -9.7718  -9.7376  -9.6912  -9.6682  -9.6042  -9.6006
    -5.6500  -5.3519  -5.1169  -5.0161  -1.4273  -1.4219  -1.1190  -0.7579
    -0.4774  -0.4215  -0.3055  -0.0695  -0.0286  -0.0003   0.2048   0.2070

          k =-0.5000-0.0995-0.4511 ( 25672 PWs)   bands (ev):

   -24.3370 -24.3370  -9.8706  -9.8706  -9.6641  -9.6641  -9.5953  -9.5953
    -5.3134  -5.3134  -5.0939  -5.0939  -1.6561  -1.6561  -0.9749  -0.9749
    -0.3987  -0.3987  -0.2388  -0.2388   0.0792   0.0792   0.1982   0.1982

          k = 0.0000 0.3980 0.6015 ( 25691 PWs)   bands (ev):

   -24.3340 -24.3334  -9.9739  -9.9718  -9.6184  -9.6161  -9.5939  -9.5937
    -5.5076  -5.4677  -4.8541  -4.8031  -1.6539  -1.6432  -1.1097  -0.9862
    -0.4022  -0.3177  -0.2148  -0.1666  -0.0649   0.0097   0.0645   0.1719

          k =-0.5000-0.0995-0.1504 ( 25638 PWs)   bands (ev):

   -24.3444 -24.3444  -9.7558  -9.7558  -9.6648  -9.6648  -9.5377  -9.5377
    -5.6814  -5.6814  -4.9765  -4.9765  -1.3773  -1.3773  -0.7894  -0.7894
    -0.4006  -0.4006  -0.3053  -0.3053  -0.0772  -0.0772   0.1901   0.1901

          k = 0.2000 0.0000 0.0000 ( 25622 PWs)   bands (ev):

   -24.3484 -24.3430  -9.8283  -9.7758  -9.6272  -9.5956  -9.5161  -9.4741
    -6.1902  -5.4507  -4.8688  -4.8381  -1.8718  -1.0038  -0.9338  -0.9076
    -0.3926  -0.3454  -0.3217  -0.2537  -0.0240   0.0629   0.3014   0.3194

          k =-0.3000-0.4975-0.7519 ( 25696 PWs)   bands (ev):

   -24.3324 -24.3324  -9.9991  -9.9991  -9.6165  -9.6165  -9.5991  -9.5991
    -5.4113  -5.4113  -4.8410  -4.8410  -1.7808  -1.7808  -1.1784  -1.1784
    -0.2778  -0.2778  -0.1185  -0.1185   0.0345   0.0345   0.1915   0.1915

          k = 0.2000 0.0000 0.3007 ( 25667 PWs)   bands (ev):

   -24.3433 -24.3389  -9.7726  -9.7530  -9.6906  -9.6795  -9.6034  -9.5681
    -5.8680  -5.2317  -4.9835  -4.9712  -1.6294  -1.3656  -1.1138  -0.7820
    -0.6107  -0.4900  -0.3240  -0.0885  -0.0655   0.1710   0.2536   0.2886

          k =-0.3000-0.4975-0.4511 ( 25670 PWs)   bands (ev):

   -24.3370 -24.3370  -9.8502  -9.8502  -9.7055  -9.7055  -9.5750  -9.5750
    -5.3523  -5.3523  -5.0621  -5.0621  -1.5936  -1.5936  -1.0383  -1.0383
    -0.4325  -0.4325  -0.0953  -0.0953   0.0262   0.0262   0.1788   0.1788

          k = 0.2000 0.0000 0.6015 ( 25657 PWs)   bands (ev):

   -24.3345 -24.3329  -9.9656  -9.9609  -9.6544  -9.6302  -9.5920  -9.5758
    -5.3448  -5.2118  -5.1057  -4.9643  -1.7776  -1.6229  -1.2133  -0.9523
    -0.5108  -0.3688  -0.1995  -0.1614   0.0256   0.1044   0.1243   0.2436

          k =-0.3000-0.4975-0.1504 ( 25670 PWs)   bands (ev):

   -24.3444 -24.3444  -9.8145  -9.8145  -9.5969  -9.5969  -9.5429  -9.5429
    -5.6500  -5.6500  -5.0363  -5.0363  -1.3201  -1.3201  -0.9462  -0.9462
    -0.3768  -0.3768  -0.1475  -0.1475  -0.0230  -0.0230   0.1467   0.1467

          k = 0.2000 0.1990 0.0000 ( 25639 PWs)   bands (ev):

   -24.3478 -24.3435  -9.8379  -9.7457  -9.6730  -9.5777  -9.5120  -9.4780
    -6.1018  -5.4398  -5.0125  -4.8425  -1.7090  -1.1937  -1.0197  -0.6333
    -0.4582  -0.3966  -0.1980  -0.1464  -0.0612   0.0146   0.2042   0.2872

          k =-0.3000-0.2985-0.7519 ( 25680 PWs)   bands (ev):

   -24.3324 -24.3324 -10.0108  -9.9956  -9.6260  -9.6036  -9.5959  -9.5951
    -5.4462  -5.2985  -4.9608  -4.8075  -1.8879  -1.7728  -1.1596  -1.0089
    -0.3677  -0.3146  -0.1449  -0.0623   0.0008   0.0538   0.1724   0.2034

          k = 0.2000 0.1990 0.3007 ( 25659 PWs)   bands (ev):

   -24.3429 -24.3393  -9.7816  -9.7368  -9.7115  -9.6665  -9.6049  -9.5698
    -5.7983  -5.2065  -5.1142  -4.9632  -1.5346  -1.3791  -1.2026  -0.6765
    -0.5910  -0.4630  -0.3300  -0.0993  -0.0327   0.1310   0.2072   0.2698

          k =-0.3000-0.2985-0.4511 ( 25673 PWs)   bands (ev):

   -24.3377 -24.3363  -9.8640  -9.8430  -9.7254  -9.6620  -9.5965  -9.5683
    -5.4444  -5.2394  -5.1091  -5.0309  -1.6471  -1.5388  -1.1646  -0.8882
    -0.4981  -0.3544  -0.2515  -0.0951  -0.0145   0.0710   0.1649   0.2635

          k = 0.2000 0.1990 0.6015 ( 25694 PWs)   bands (ev):

   -24.3344 -24.3330  -9.9722  -9.9558  -9.6612  -9.6128  -9.5974  -9.5787
    -5.4307  -5.2437  -5.0745  -4.8728  -1.7683  -1.6234  -1.1906  -0.9943
    -0.4625  -0.3211  -0.2185  -0.1001  -0.0435   0.0768   0.1239   0.2396

          k =-0.3000-0.2985-0.1504 ( 25658 PWs)   bands (ev):

   -24.3455 -24.3433  -9.8275  -9.7640  -9.6549  -9.5730  -9.5517  -9.5359
    -5.8501  -5.4733  -5.0809  -4.9393  -1.4481  -1.2610  -1.0966  -0.6780
    -0.5247  -0.3060  -0.2546  -0.1266  -0.0675   0.0265   0.1157   0.2280

          k = 0.2000 0.3980 0.0000 ( 25639 PWs)   bands (ev):

   -24.3465 -24.3448  -9.8239  -9.7750  -9.6506  -9.5969  -9.5013  -9.4884
    -5.8636  -5.5683  -5.0803  -4.9570  -1.4348  -1.3298  -0.9500  -0.5093
    -0.5006  -0.4839  -0.2838  -0.0231  -0.0220   0.0373   0.1040   0.1813

          k =-0.3000-0.0995-0.7519 ( 25650 PWs)   bands (ev):

   -24.3324 -24.3324 -10.0147 -10.0056  -9.6169  -9.6060  -9.5908  -9.5888
    -5.3796  -5.2613  -5.0034  -4.8815  -1.9258  -1.8761  -0.9830  -0.9375
    -0.3726  -0.3311  -0.1407  -0.1062  -0.0335   0.0007   0.1384   0.2289

          k = 0.2000 0.3980 0.3007 ( 25659 PWs)   bands (ev):

   -24.3418 -24.3404  -9.7796  -9.7547  -9.6982  -9.6662  -9.5990  -9.5793
    -5.6093  -5.3570  -5.1262  -5.0327  -1.4443  -1.3970  -1.1229  -0.8257
    -0.4592  -0.3747  -0.3000  -0.0997  -0.0197   0.0511   0.1735   0.2072

          k =-0.3000-0.0995-0.4511 ( 25674 PWs)   bands (ev):

   -24.3381 -24.3359  -9.8687  -9.8545  -9.7028  -9.6460  -9.6093  -9.5744
    -5.4969  -5.1580  -5.1140  -5.0472  -1.6805  -1.4903  -1.2419  -0.7945
    -0.5546  -0.3982  -0.2637  -0.1676   0.0115   0.1192   0.1634   0.2734

          k = 0.2000 0.3980 0.6015 ( 25671 PWs)   bands (ev):

   -24.3339 -24.3334  -9.9709  -9.9611  -9.6495  -9.6220  -9.5913  -9.5824
    -5.4683  -5.3977  -4.9134  -4.8342  -1.7334  -1.6624  -1.1207  -1.0314
    -0.4350  -0.3244  -0.1817  -0.0669  -0.0176   0.0525   0.0907   0.1922

          k =-0.3000-0.0995-0.1504 ( 25643 PWs)   bands (ev):

   -24.3462 -24.3426  -9.8025  -9.7367  -9.6755  -9.6087  -9.5547  -9.5263
    -5.9686  -5.4373  -4.9833  -4.9056  -1.6460  -1.1530  -1.0405  -0.7068
    -0.4541  -0.3959  -0.2539  -0.2392  -0.1511   0.0883   0.1795   0.2829

          k = 0.4000 0.0000 0.0000 ( 25652 PWs)   bands (ev):

   -24.3467 -24.3446  -9.7745  -9.7437  -9.6782  -9.6562  -9.5030  -9.4870
    -5.9200  -5.6135  -4.9394  -4.9208  -1.5774  -1.2480  -0.7888  -0.5366
    -0.4262  -0.3288  -0.3198  -0.2383  -0.1723  -0.1329   0.1149   0.2066

          k =-0.1000-0.4975-0.7519 ( 25696 PWs)   bands (ev):

   -24.3324 -24.3324 -10.0121 -10.0121  -9.5984  -9.5984  -9.5948  -9.5948
    -5.5121  -5.5121  -4.7565  -4.7565  -1.7391  -1.7391  -1.0216  -1.0216
    -0.3066  -0.3066  -0.2249  -0.2249  -0.0883  -0.0883   0.1795   0.1795

          k = 0.4000 0.0000 0.3007 ( 25649 PWs)   bands (ev):

   -24.3419 -24.3403  -9.7540  -9.7400  -9.7155  -9.6783  -9.6092  -9.5847
    -5.6357  -5.3605  -5.0568  -5.0276  -1.4802  -1.3149  -1.1723  -0.8050
    -0.5262  -0.3700  -0.3668  -0.2659  -0.0097   0.0998   0.2294   0.2406

          k =-0.1000-0.4975-0.4511 ( 25676 PWs)   bands (ev):

   -24.3370 -24.3370  -9.8672  -9.8672  -9.6581  -9.6581  -9.5997  -9.5997
    -5.4491  -5.4491  -4.9781  -4.9781  -1.5310  -1.5310  -1.0159  -1.0159
    -0.4582  -0.4582  -0.0786  -0.0786  -0.0357  -0.0357   0.1289   0.1289

          k = 0.4000 0.0000 0.6015 ( 25656 PWs)   bands (ev):

   -24.3340 -24.3334  -9.9784  -9.9764  -9.6312  -9.6089  -9.6018  -9.5827
    -5.3452  -5.3017  -5.0059  -4.9418  -1.9270  -1.8630  -0.9558  -0.7996
    -0.4171  -0.2960  -0.2563  -0.1332  -0.0218   0.1036   0.1537   0.1900

          k =-0.1000-0.4975-0.1504 ( 25626 PWs)   bands (ev):

   -24.3444 -24.3444  -9.7638  -9.7638  -9.6513  -9.6513  -9.5400  -9.5400
    -5.6364  -5.6364  -5.0572  -5.0572  -1.4043  -1.4043  -0.8278  -0.8278
    -0.4206  -0.4206  -0.1442  -0.1442  -0.0525  -0.0525   0.2044   0.2044

          k = 0.4000 0.1990 0.0000 ( 25661 PWs)   bands (ev):

   -24.3465 -24.3448  -9.8212  -9.7721  -9.6554  -9.6010  -9.5014  -9.4884
    -5.8862  -5.6228  -4.9936  -4.9172  -1.4888  -1.2701  -0.7953  -0.5713
    -0.4513  -0.4194  -0.3900  -0.1818  -0.1003  -0.0323   0.1007   0.2189

          k =-0.1000-0.2985-0.7519 ( 25666 PWs)   bands (ev):

   -24.3324 -24.3324 -10.0118 -10.0027  -9.6124  -9.5982  -9.5957  -9.5945
    -5.4799  -5.4080  -4.8688  -4.7936  -1.7482  -1.6312  -1.2127  -1.0426
    -0.3364  -0.3237  -0.2158  -0.1695  -0.0155   0.0126   0.1077   0.1606

          k = 0.4000 0.1990 0.3007 ( 25667 PWs)   bands (ev):

   -24.3418 -24.3404  -9.7742  -9.7534  -9.7088  -9.6732  -9.5971  -9.5753
    -5.6010  -5.3615  -5.0971  -5.0322  -1.4603  -1.3352  -1.1810  -0.8613
    -0.4758  -0.3521  -0.2981  -0.2031  -0.0240   0.0788   0.1899   0.2323

          k =-0.1000-0.2985-0.4511 ( 25688 PWs)   bands (ev):

   -24.3381 -24.3359  -9.8673  -9.8519  -9.6966  -9.6506  -9.6045  -9.5787
    -5.5579  -5.3033  -5.0120  -4.9677  -1.5573  -1.4463  -1.2675  -0.8312
    -0.5914  -0.3647  -0.3159  -0.0732   0.0092   0.0460   0.1526   0.2176

          k = 0.4000 0.1990 0.6015 ( 25670 PWs)   bands (ev):

   -24.3339 -24.3334  -9.9738  -9.9641  -9.6515  -9.6241  -9.5902  -9.5806
    -5.3713  -5.2589  -5.0411  -4.9188  -1.8869  -1.8274  -0.9999  -0.9266
    -0.4063  -0.2900  -0.2453  -0.1332   0.0290   0.0897   0.1691   0.2471

          k =-0.1000-0.2985-0.1504 ( 25641 PWs)   bands (ev):

   -24.3462 -24.3426  -9.8083  -9.7337  -9.6748  -9.5991  -9.5551  -9.5293
    -5.9589  -5.3488  -5.1238  -4.9091  -1.5611  -1.3203  -1.1246  -0.5566
    -0.4743  -0.3673  -0.3199  -0.0822  -0.0285   0.0255   0.2236   0.2380

          k = 0.4000 0.3980 0.0000 ( 25660 PWs)   bands (ev):

   -24.3460 -24.3453  -9.8492  -9.8304  -9.5943  -9.5715  -9.4971  -9.4922
    -5.7934  -5.6829  -5.0169  -4.9677  -1.3248  -1.2761  -0.8633  -0.6802
    -0.5354  -0.5223  -0.2852  -0.1027   0.0278   0.0535   0.0840   0.1471

          k =-0.1000-0.0995-0.7519 ( 25688 PWs)   bands (ev):

   -24.3324 -24.3324 -10.0022  -9.9962  -9.6217  -9.6125  -9.5953  -9.5945
    -5.3235  -5.2152  -5.0713  -4.9609  -1.6717  -1.5816  -1.2902  -1.1852
    -0.3407  -0.3372  -0.2638  -0.2576   0.0604   0.1045   0.1434   0.1892

          k = 0.4000 0.3980 0.3007 ( 25682 PWs)   bands (ev):

   -24.3413 -24.3408  -9.7905  -9.7818  -9.6918  -9.6772  -9.5752  -9.5661
    -5.5101  -5.4070  -5.1176  -5.0747  -1.4238  -1.3713  -1.1479  -1.0096
    -0.3275  -0.2931  -0.2183  -0.1098  -0.0403   0.0574   0.1034   0.1738

          k =-0.1000-0.0995-0.4511 ( 25649 PWs)   bands (ev):

   -24.3388 -24.3352  -9.8543  -9.8379  -9.7204  -9.6806  -9.5877  -9.5678
    -5.6163  -5.1482  -5.0394  -5.0153  -1.5672  -1.4290  -1.2952  -0.8243
    -0.6939  -0.5942  -0.2726   0.0004   0.0159   0.0865   0.2201   0.2663

          k = 0.4000 0.3980 0.6015 ( 25701 PWs)   bands (ev):

   -24.3338 -24.3336  -9.9577  -9.9509  -9.6682  -9.6541  -9.5816  -9.5797
    -5.3535  -5.2897  -5.0035  -4.9359  -1.7886  -1.7529  -1.1556  -1.1321
    -0.3445  -0.2665  -0.1105  -0.0970   0.0314   0.0433   0.2097   0.2455

          k =-0.1000-0.0995-0.1504 ( 25619 PWs)   bands (ev):

   -24.3473 -24.3416  -9.8265  -9.7673  -9.6206  -9.5759  -9.5677  -9.5264
    -6.1501  -5.3606  -4.9267  -4.8202  -1.8435  -1.2012  -1.0395  -0.7593
    -0.5495  -0.3683  -0.3085  -0.1103  -0.0797   0.2013   0.2940   0.3195

     highest occupied level (ev):     0.3606

     Writing config to output data dir ./_ph0/pwscf.q_8/pwscf.save/ :
     XML data file

                                                                                

     bravais-lattice index     =            8
     lattice parameter (alat)  =      13.1499  a.u.
     unit-cell volume          =    1519.7234 (a.u.)^3
     number of atoms/cell      =           22
     number of atomic types    =            3
     kinetic-energy cut-off    =     100.0000  Ry
     charge density cut-off    =     800.0000  Ry
     convergence threshold     =      1.0E-14
     beta                      =       0.7000
     number of iterations used =            4
     Exchange-correlation= PBESOL
                           (   1   4  10   8   0   0   0)


     celldm(1)=   13.14986  celldm(2)=    1.00500  celldm(3)=    0.66502
     celldm(4)=    0.00000  celldm(5)=    0.00000  celldm(6)=    0.00000

     crystal axes: (cart. coord. in units of alat)
               a(1) = (  1.0000  0.0000  0.0000 )  
               a(2) = (  0.0000  1.0050  0.0000 )  
               a(3) = (  0.0000  0.0000  0.6650 )  

     reciprocal axes: (cart. coord. in units 2 pi/alat)
               b(1) = (  1.0000  0.0000  0.0000 )  
               b(2) = (  0.0000  0.9950  0.0000 )  
               b(3) = (  0.0000  0.0000  1.5037 )  


     Atoms inside the unit cell: 

     Cartesian axes

     site n.  atom      mass           positions (alat units)
        1  Ba    137.3270   tau(    1) = (    0.50000    0.50250    0.33251  )
        2  Ba    137.3270   tau(    2) = (    0.00000    0.00000    0.66502  )
        3  B      10.8110   tau(    3) = (    0.62216    0.25035    0.00000  )
        4  B      10.8110   tau(    4) = (    0.37784    0.75464    0.00000  )
        5  B      10.8110   tau(    5) = (    0.12216    0.25214    0.33251  )
        6  B      10.8110   tau(    6) = (    0.87784    0.75285    0.33251  )
        7  H       1.0079   tau(    7) = (    0.44925    0.28896   -0.00001  )
        8  H       1.0079   tau(    8) = (    0.55075    0.71604   -0.00001  )
        9  H       1.0079   tau(    9) = (    0.94925    0.21354    0.33252  )
       10  H       1.0079   tau(   10) = (    0.05075    0.79145    0.33252  )
       11  H       1.0079   tau(   11) = (    0.71771    0.40045    0.00000  )
       12  H       1.0079   tau(   12) = (    0.28229    0.60454    0.00000  )
       13  H       1.0079   tau(   13) = (    0.21771    0.10204    0.33251  )
       14  H       1.0079   tau(   14) = (    0.78229    0.90295    0.33251  )
       15  H       1.0079   tau(   15) = (    0.65746    0.15745    0.51883  )
       16  H       1.0079   tau(   16) = (    0.34254    0.84755    0.51883  )
       17  H       1.0079   tau(   17) = (    0.15746    0.34505    0.47870  )
       18  H       1.0079   tau(   18) = (    0.84254    0.65994    0.47870  )
       19  H       1.0079   tau(   19) = (    0.34255    0.84755    0.14620  )
       20  H       1.0079   tau(   20) = (    0.65745    0.15745    0.14620  )
       21  H       1.0079   tau(   21) = (    0.84255    0.65995    0.18631  )
       22  H       1.0079   tau(   22) = (    0.15745    0.34505    0.18631  )

     Computing dynamical matrix for 
                    q = (  -0.5000000  -0.4975148  -0.7518535 )

      5 Sym.Ops. (with q -> -q+G )


     G cutoff = 3504.0696  (  24200 G-vectors)     FFT grid: (120,120, 80)
     G cutoff = 1752.0348  (   8556 G-vectors)  smooth grid: ( 90, 90, 60)
     number of k points=    54

     PseudoPot. # 1 for B  read from file:
     /home/mehlhorn/pseudos/b_pbesol_v1.4.uspp.F.UPF
     MD5 check sum: 369b69bef2c3aeed4453bd8b804fd6a8
     Pseudo is Ultrasoft + core correction, Zval =  3.0
     Generated by new atomic code, or converted to UPF format
     Using radial grid of  781 points,  4 beta functions with: 
                l(1) =   0
                l(2) =   0
                l(3) =   1
                l(4) =   1
     Q(r) pseudized with  8 coefficients,  rinner =    1.100   1.100   1.100


     PseudoPot. # 2 for Ba read from file:
     /home/mehlhorn/pseudos/Ba.nc.z_10.oncvpsp4.dojo.v4-sp.upf
     MD5 check sum: c10ed334bb677c0554edec7181ce9143
     Pseudo is Norm-conserving + core correction, Zval = 10.0
     Generated using ONCVPSP code by D. R. Hamann
     Using radial grid of 1938 points,  8 beta functions with: 
                l(1) =   0
                l(2) =   0
                l(3) =   1
                l(4) =   1
                l(5) =   2
                l(6) =   2
                l(7) =   3
                l(8) =   3

     PseudoPot. # 3 for H  read from file:
     /home/mehlhorn/pseudos/H_ONCV_PBEsol-1.0.upf
     MD5 check sum: 398ef8f67c0a7342c05c87c5e19ea467
     Pseudo is Norm-conserving, Zval =  1.0
     Generated using ONCVPSP code by D. R. Hamann
     Using radial grid of 1180 points,  2 beta functions with: 
                l(1) =   0
                l(2) =   0


     Atomic displacements:
     There are   33 irreducible representations

     Representation     1      2 modes -  To be done

     Representation     2      2 modes -  To be done

     Representation     3      2 modes -  To be done

     Representation     4      2 modes -  To be done

     Representation     5      2 modes -  To be done

     Representation     6      2 modes -  To be done

     Representation     7      2 modes -  To be done

     Representation     8      2 modes -  To be done

     Representation     9      2 modes -  To be done

     Representation    10      2 modes -  To be done

     Representation    11      2 modes -  To be done

     Representation    12      2 modes -  To be done

     Representation    13      2 modes -  To be done

     Representation    14      2 modes -  To be done

     Representation    15      2 modes -  To be done

     Representation    16      2 modes -  To be done

     Representation    17      2 modes -  To be done

     Representation    18      2 modes -  To be done

     Representation    19      2 modes -  To be done

     Representation    20      2 modes -  To be done

     Representation    21      2 modes -  To be done

     Representation    22      2 modes -  To be done

     Representation    23      2 modes -  To be done

     Representation    24      2 modes -  To be done

     Representation    25      2 modes -  To be done

     Representation    26      2 modes -  To be done

     Representation    27      2 modes -  To be done

     Representation    28      2 modes -  To be done

     Representation    29      2 modes -  To be done

     Representation    30      2 modes -  To be done

     Representation    31      2 modes -  To be done

     Representation    32      2 modes -  To be done

     Representation    33      2 modes -  To be done



     Alpha used in Ewald sum =   2.8000
     PHONON       :   2d22h20m CPU   2d23h 3m WALL



     Representation #   1 modes #   1   2

     Self-consistent Calculation

      iter #   1 total cpu time :255914.1 secs   av.it.:   3.0
      thresh= 1.000E-02 alpha_mix =  0.700 |ddv_scf|^2 =  9.237E-10

      iter #   2 total cpu time :256106.8 secs   av.it.:  16.1
      thresh= 3.039E-06 alpha_mix =  0.700 |ddv_scf|^2 =  4.494E-10

      iter #   3 total cpu time :256293.9 secs   av.it.:  15.9
      thresh= 2.120E-06 alpha_mix =  0.700 |ddv_scf|^2 =  4.767E-12

      iter #   4 total cpu time :256493.2 secs   av.it.:  16.0
      thresh= 2.183E-07 alpha_mix =  0.700 |ddv_scf|^2 =  3.305E-13

      iter #   5 total cpu time :256692.9 secs   av.it.:  16.0
      thresh= 5.748E-08 alpha_mix =  0.700 |ddv_scf|^2 =  1.686E-14

      iter #   6 total cpu time :256886.9 secs   av.it.:  16.0
      thresh= 1.298E-08 alpha_mix =  0.700 |ddv_scf|^2 =  1.283E-15

     End of self-consistent calculation

     Convergence has been achieved 


     Representation #   2 modes #   3   4

     Self-consistent Calculation

      iter #   1 total cpu time :256988.6 secs   av.it.:   4.9
      thresh= 1.000E-02 alpha_mix =  0.700 |ddv_scf|^2 =  6.978E-09

      iter #   2 total cpu time :257193.4 secs   av.it.:  16.8
      thresh= 8.353E-06 alpha_mix =  0.700 |ddv_scf|^2 =  4.553E-09

      iter #   3 total cpu time :257386.2 secs   av.it.:  15.8
      thresh= 6.748E-06 alpha_mix =  0.700 |ddv_scf|^2 =  2.114E-11

      iter #   4 total cpu time :257586.5 secs   av.it.:  16.7
      thresh= 4.598E-07 alpha_mix =  0.700 |ddv_scf|^2 =  2.150E-12

      iter #   5 total cpu time :257779.1 secs   av.it.:  16.1
      thresh= 1.466E-07 alpha_mix =  0.700 |ddv_scf|^2 =  1.970E-13

      iter #   6 total cpu time :257973.4 secs   av.it.:  16.4
      thresh= 4.438E-08 alpha_mix =  0.700 |ddv_scf|^2 =  7.789E-15

     End of self-consistent calculation

     Convergence has been achieved 


     Representation #   3 modes #   5   6

     Self-consistent Calculation

      iter #   1 total cpu time :258061.7 secs   av.it.:   3.1
      thresh= 1.000E-02 alpha_mix =  0.700 |ddv_scf|^2 =  8.873E-10

      iter #   2 total cpu time :258264.5 secs   av.it.:  16.9
      thresh= 2.979E-06 alpha_mix =  0.700 |ddv_scf|^2 =  5.205E-10

      iter #   3 total cpu time :258452.5 secs   av.it.:  16.0
      thresh= 2.282E-06 alpha_mix =  0.700 |ddv_scf|^2 =  3.942E-12

      iter #   4 total cpu time :258645.1 secs   av.it.:  16.6
      thresh= 1.985E-07 alpha_mix =  0.700 |ddv_scf|^2 =  2.734E-13

      iter #   5 total cpu time :258845.7 secs   av.it.:  16.9
      thresh= 5.229E-08 alpha_mix =  0.700 |ddv_scf|^2 =  2.832E-14

      iter #   6 total cpu time :259043.8 secs   av.it.:  15.9
      thresh= 1.683E-08 alpha_mix =  0.700 |ddv_scf|^2 =  2.051E-15

     End of self-consistent calculation

     Convergence has been achieved 


     Representation #   4 modes #   7   8

     Self-consistent Calculation

      iter #   1 total cpu time :259135.0 secs   av.it.:   3.3
      thresh= 1.000E-02 alpha_mix =  0.700 |ddv_scf|^2 =  1.236E-09

      iter #   2 total cpu time :259340.9 secs   av.it.:  16.8
      thresh= 3.515E-06 alpha_mix =  0.700 |ddv_scf|^2 =  7.257E-10

      iter #   3 total cpu time :259538.8 secs   av.it.:  15.9
      thresh= 2.694E-06 alpha_mix =  0.700 |ddv_scf|^2 =  1.470E-12

      iter #   4 total cpu time :259742.3 secs   av.it.:  16.3
      thresh= 1.213E-07 alpha_mix =  0.700 |ddv_scf|^2 =  8.133E-14

      iter #   5 total cpu time :259946.1 secs   av.it.:  16.3
      thresh= 2.852E-08 alpha_mix =  0.700 |ddv_scf|^2 =  1.506E-14

      iter #   6 total cpu time :260144.5 secs   av.it.:  15.9
      thresh= 1.227E-08 alpha_mix =  0.700 |ddv_scf|^2 =  2.813E-16

     End of self-consistent calculation

     Convergence has been achieved 


     Representation #   5 modes #   9  10

     Self-consistent Calculation

      iter #   1 total cpu time :260248.9 secs   av.it.:   5.0
      thresh= 1.000E-02 alpha_mix =  0.700 |ddv_scf|^2 =  1.050E-08

      iter #   2 total cpu time :260453.2 secs   av.it.:  16.5
      thresh= 1.025E-05 alpha_mix =  0.700 |ddv_scf|^2 =  7.243E-09

      iter #   3 total cpu time :260647.3 secs   av.it.:  15.4
      thresh= 8.510E-06 alpha_mix =  0.700 |ddv_scf|^2 =  4.792E-12

      iter #   4 total cpu time :260855.2 secs   av.it.:  16.9
      thresh= 2.189E-07 alpha_mix =  0.700 |ddv_scf|^2 =  5.301E-13

      iter #   5 total cpu time :261060.2 secs   av.it.:  16.6
      thresh= 7.281E-08 alpha_mix =  0.700 |ddv_scf|^2 =  3.915E-14

      iter #   6 total cpu time :261266.0 secs   av.it.:  16.8
      thresh= 1.979E-08 alpha_mix =  0.700 |ddv_scf|^2 =  2.947E-15

     End of self-consistent calculation

     Convergence has been achieved 


     Representation #   6 modes #  11  12

     Self-consistent Calculation

      iter #   1 total cpu time :261354.2 secs   av.it.:   3.0
      thresh= 1.000E-02 alpha_mix =  0.700 |ddv_scf|^2 =  6.182E-10

      iter #   2 total cpu time :261560.8 secs   av.it.:  16.8
      thresh= 2.486E-06 alpha_mix =  0.700 |ddv_scf|^2 =  3.234E-10

      iter #   3 total cpu time :261759.1 secs   av.it.:  15.9
      thresh= 1.798E-06 alpha_mix =  0.700 |ddv_scf|^2 =  2.468E-12

      iter #   4 total cpu time :261963.1 secs   av.it.:  16.4
      thresh= 1.571E-07 alpha_mix =  0.700 |ddv_scf|^2 =  1.091E-13

      iter #   5 total cpu time :262170.5 secs   av.it.:  16.9
      thresh= 3.303E-08 alpha_mix =  0.700 |ddv_scf|^2 =  5.564E-15

     End of self-consistent calculation

     Convergence has been achieved 


     Representation #   7 modes #  13  14

     Self-consistent Calculation

      iter #   1 total cpu time :262259.5 secs   av.it.:   3.0
      thresh= 1.000E-02 alpha_mix =  0.700 |ddv_scf|^2 =  6.728E-10

      iter #   2 total cpu time :262467.0 secs   av.it.:  16.9
      thresh= 2.594E-06 alpha_mix =  0.700 |ddv_scf|^2 =  3.324E-10

      iter #   3 total cpu time :262667.6 secs   av.it.:  16.0
      thresh= 1.823E-06 alpha_mix =  0.700 |ddv_scf|^2 =  2.275E-12

      iter #   4 total cpu time :262873.2 secs   av.it.:  16.5
      thresh= 1.508E-07 alpha_mix =  0.700 |ddv_scf|^2 =  9.827E-14

      iter #   5 total cpu time :263080.3 secs   av.it.:  16.8
      thresh= 3.135E-08 alpha_mix =  0.700 |ddv_scf|^2 =  9.488E-15

     End of self-consistent calculation

     Convergence has been achieved 


     Representation #   8 modes #  15  16

     Self-consistent Calculation

      iter #   1 total cpu time :263172.1 secs   av.it.:   3.6
      thresh= 1.000E-02 alpha_mix =  0.700 |ddv_scf|^2 =  1.091E-09

      iter #   2 total cpu time :263374.5 secs   av.it.:  16.9
      thresh= 3.304E-06 alpha_mix =  0.700 |ddv_scf|^2 =  6.702E-10

      iter #   3 total cpu time :263562.6 secs   av.it.:  16.0
      thresh= 2.589E-06 alpha_mix =  0.700 |ddv_scf|^2 =  1.377E-12

      iter #   4 total cpu time :263759.3 secs   av.it.:  16.9
      thresh= 1.174E-07 alpha_mix =  0.700 |ddv_scf|^2 =  1.280E-13

      iter #   5 total cpu time :263961.6 secs   av.it.:  16.9
      thresh= 3.578E-08 alpha_mix =  0.700 |ddv_scf|^2 =  1.172E-14

      iter #   6 total cpu time :264160.4 secs   av.it.:  16.1
      thresh= 1.082E-08 alpha_mix =  0.700 |ddv_scf|^2 =  1.158E-15

     End of self-consistent calculation

     Convergence has been achieved 


     Representation #   9 modes #  17  18

     Self-consistent Calculation

      iter #   1 total cpu time :264246.5 secs   av.it.:   3.1
      thresh= 1.000E-02 alpha_mix =  0.700 |ddv_scf|^2 =  9.437E-10

      iter #   2 total cpu time :264440.8 secs   av.it.:  16.8
      thresh= 3.072E-06 alpha_mix =  0.700 |ddv_scf|^2 =  5.046E-10

      iter #   3 total cpu time :264628.4 secs   av.it.:  15.9
      thresh= 2.246E-06 alpha_mix =  0.700 |ddv_scf|^2 =  3.738E-12

      iter #   4 total cpu time :264826.2 secs   av.it.:  16.1
      thresh= 1.933E-07 alpha_mix =  0.700 |ddv_scf|^2 =  3.659E-13

      iter #   5 total cpu time :265024.0 secs   av.it.:  16.0
      thresh= 6.049E-08 alpha_mix =  0.700 |ddv_scf|^2 =  2.160E-14

      iter #   6 total cpu time :265219.9 secs   av.it.:  16.0
      thresh= 1.470E-08 alpha_mix =  0.700 |ddv_scf|^2 =  7.978E-16

     End of self-consistent calculation

     Convergence has been achieved 


     Representation #  10 modes #  19  20

     Self-consistent Calculation

      iter #   1 total cpu time :265309.4 secs   av.it.:   3.3
      thresh= 1.000E-02 alpha_mix =  0.700 |ddv_scf|^2 =  6.196E-10

      iter #   2 total cpu time :265506.5 secs   av.it.:  16.9
      thresh= 2.489E-06 alpha_mix =  0.700 |ddv_scf|^2 =  4.205E-10

      iter #   3 total cpu time :265692.6 secs   av.it.:  15.9
      thresh= 2.051E-06 alpha_mix =  0.700 |ddv_scf|^2 =  1.204E-12

      iter #   4 total cpu time :265890.9 secs   av.it.:  16.9
      thresh= 1.097E-07 alpha_mix =  0.700 |ddv_scf|^2 =  3.180E-13

      iter #   5 total cpu time :266081.5 secs   av.it.:  16.1
      thresh= 5.639E-08 alpha_mix =  0.700 |ddv_scf|^2 =  2.657E-14

      iter #   6 total cpu time :266275.9 secs   av.it.:  16.0
      thresh= 1.630E-08 alpha_mix =  0.700 |ddv_scf|^2 =  1.293E-15

     End of self-consistent calculation

     Convergence has been achieved 


     Representation #  11 modes #  21  22

     Self-consistent Calculation

      iter #   1 total cpu time :266399.0 secs   av.it.:   6.7
      thresh= 1.000E-02 alpha_mix =  0.700 |ddv_scf|^2 =  6.237E-08

      iter #   2 total cpu time :266600.4 secs   av.it.:  16.5
      thresh= 2.497E-05 alpha_mix =  0.700 |ddv_scf|^2 =  4.441E-08

      iter #   3 total cpu time :266794.7 secs   av.it.:  15.9
      thresh= 2.107E-05 alpha_mix =  0.700 |ddv_scf|^2 =  1.604E-10

      iter #   4 total cpu time :266994.5 secs   av.it.:  16.0
      thresh= 1.267E-06 alpha_mix =  0.700 |ddv_scf|^2 =  3.898E-12

      iter #   5 total cpu time :267196.6 secs   av.it.:  16.5
      thresh= 1.974E-07 alpha_mix =  0.700 |ddv_scf|^2 =  2.389E-13

      iter #   6 total cpu time :267397.9 secs   av.it.:  16.3
      thresh= 4.888E-08 alpha_mix =  0.700 |ddv_scf|^2 =  1.711E-14

      iter #   7 total cpu time :267600.0 secs   av.it.:  16.5
      thresh= 1.308E-08 alpha_mix =  0.700 |ddv_scf|^2 =  1.790E-15

     End of self-consistent calculation

     Convergence has been achieved 


     Representation #  12 modes #  23  24

     Self-consistent Calculation

      iter #   1 total cpu time :267690.5 secs   av.it.:   3.6
      thresh= 1.000E-02 alpha_mix =  0.700 |ddv_scf|^2 =  1.065E-09

      iter #   2 total cpu time :267896.3 secs   av.it.:  16.9
      thresh= 3.263E-06 alpha_mix =  0.700 |ddv_scf|^2 =  6.309E-10

      iter #   3 total cpu time :268092.1 secs   av.it.:  16.0
      thresh= 2.512E-06 alpha_mix =  0.700 |ddv_scf|^2 =  1.406E-12

      iter #   4 total cpu time :268294.4 secs   av.it.:  16.9
      thresh= 1.186E-07 alpha_mix =  0.700 |ddv_scf|^2 =  1.044E-13

      iter #   5 total cpu time :268496.1 secs   av.it.:  16.9
      thresh= 3.231E-08 alpha_mix =  0.700 |ddv_scf|^2 =  1.254E-14

      iter #   6 total cpu time :268690.3 secs   av.it.:  16.0
      thresh= 1.120E-08 alpha_mix =  0.700 |ddv_scf|^2 =  1.008E-15

     End of self-consistent calculation

     Convergence has been achieved 


     Representation #  13 modes #  25  26

     Self-consistent Calculation

      iter #   1 total cpu time :268788.4 secs   av.it.:   4.4
      thresh= 1.000E-02 alpha_mix =  0.700 |ddv_scf|^2 =  3.413E-09

      iter #   2 total cpu time :268981.7 secs   av.it.:  16.7
      thresh= 5.842E-06 alpha_mix =  0.700 |ddv_scf|^2 =  1.454E-09

      iter #   3 total cpu time :269173.7 secs   av.it.:  15.9
      thresh= 3.813E-06 alpha_mix =  0.700 |ddv_scf|^2 =  2.372E-11

      iter #   4 total cpu time :269375.5 secs   av.it.:  16.0
      thresh= 4.871E-07 alpha_mix =  0.700 |ddv_scf|^2 =  7.636E-13

      iter #   5 total cpu time :269578.4 secs   av.it.:  16.3
      thresh= 8.739E-08 alpha_mix =  0.700 |ddv_scf|^2 =  5.272E-14

      iter #   6 total cpu time :269781.2 secs   av.it.:  16.3
      thresh= 2.296E-08 alpha_mix =  0.700 |ddv_scf|^2 =  1.315E-15

     End of self-consistent calculation

     Convergence has been achieved 


     Representation #  14 modes #  27  28

     Self-consistent Calculation

      iter #   1 total cpu time :269870.9 secs   av.it.:   3.1
      thresh= 1.000E-02 alpha_mix =  0.700 |ddv_scf|^2 =  5.090E-10

      iter #   2 total cpu time :270067.7 secs   av.it.:  16.9
      thresh= 2.256E-06 alpha_mix =  0.700 |ddv_scf|^2 =  2.701E-10

      iter #   3 total cpu time :270254.2 secs   av.it.:  15.9
      thresh= 1.643E-06 alpha_mix =  0.700 |ddv_scf|^2 =  1.939E-12

      iter #   4 total cpu time :270445.7 secs   av.it.:  16.8
      thresh= 1.393E-07 alpha_mix =  0.700 |ddv_scf|^2 =  1.316E-13

      iter #   5 total cpu time :270642.3 secs   av.it.:  16.9
      thresh= 3.627E-08 alpha_mix =  0.700 |ddv_scf|^2 =  5.925E-15

     End of self-consistent calculation

     Convergence has been achieved 


     Representation #  15 modes #  29  30

     Self-consistent Calculation

      iter #   1 total cpu time :270731.6 secs   av.it.:   3.0
      thresh= 1.000E-02 alpha_mix =  0.700 |ddv_scf|^2 =  8.914E-10

      iter #   2 total cpu time :270936.4 secs   av.it.:  16.5
      thresh= 2.986E-06 alpha_mix =  0.700 |ddv_scf|^2 =  4.683E-10

      iter #   3 total cpu time :271130.1 secs   av.it.:  15.9
      thresh= 2.164E-06 alpha_mix =  0.700 |ddv_scf|^2 =  2.882E-12

      iter #   4 total cpu time :271320.0 secs   av.it.:  16.0
      thresh= 1.698E-07 alpha_mix =  0.700 |ddv_scf|^2 =  3.412E-13

      iter #   5 total cpu time :271509.2 secs   av.it.:  16.0
      thresh= 5.842E-08 alpha_mix =  0.700 |ddv_scf|^2 =  2.225E-14

      iter #   6 total cpu time :271696.6 secs   av.it.:  16.0
      thresh= 1.492E-08 alpha_mix =  0.700 |ddv_scf|^2 =  5.350E-16

     End of self-consistent calculation

     Convergence has been achieved 


     Representation #  16 modes #  31  32

     Self-consistent Calculation

      iter #   1 total cpu time :271821.0 secs   av.it.:   6.6
      thresh= 1.000E-02 alpha_mix =  0.700 |ddv_scf|^2 =  3.117E-08

      iter #   2 total cpu time :272024.7 secs   av.it.:  16.9
      thresh= 1.765E-05 alpha_mix =  0.700 |ddv_scf|^2 =  1.627E-08

      iter #   3 total cpu time :272210.0 secs   av.it.:  15.9
      thresh= 1.276E-05 alpha_mix =  0.700 |ddv_scf|^2 =  9.240E-11

      iter #   4 total cpu time :272401.9 secs   av.it.:  16.8
      thresh= 9.612E-07 alpha_mix =  0.700 |ddv_scf|^2 =  3.370E-12

      iter #   5 total cpu time :272592.5 secs   av.it.:  16.4
      thresh= 1.836E-07 alpha_mix =  0.700 |ddv_scf|^2 =  1.517E-13

      iter #   6 total cpu time :272783.4 secs   av.it.:  16.5
      thresh= 3.895E-08 alpha_mix =  0.700 |ddv_scf|^2 =  1.301E-14

      iter #   7 total cpu time :272975.2 secs   av.it.:  16.8
      thresh= 1.141E-08 alpha_mix =  0.700 |ddv_scf|^2 =  1.981E-15

     End of self-consistent calculation

     Convergence has been achieved 


     Representation #  17 modes #  33  34

     Self-consistent Calculation

      iter #   1 total cpu time :273061.3 secs   av.it.:   3.0
      thresh= 1.000E-02 alpha_mix =  0.700 |ddv_scf|^2 =  6.468E-10

      iter #   2 total cpu time :273262.4 secs   av.it.:  16.9
      thresh= 2.543E-06 alpha_mix =  0.700 |ddv_scf|^2 =  3.893E-10

      iter #   3 total cpu time :273454.7 secs   av.it.:  15.9
      thresh= 1.973E-06 alpha_mix =  0.700 |ddv_scf|^2 =  2.143E-12

      iter #   4 total cpu time :273657.8 secs   av.it.:  16.5
      thresh= 1.464E-07 alpha_mix =  0.700 |ddv_scf|^2 =  4.891E-13

      iter #   5 total cpu time :273856.9 secs   av.it.:  15.9
      thresh= 6.993E-08 alpha_mix =  0.700 |ddv_scf|^2 =  1.203E-14

      iter #   6 total cpu time :274060.4 secs   av.it.:  16.1
      thresh= 1.097E-08 alpha_mix =  0.700 |ddv_scf|^2 =  8.955E-16

     End of self-consistent calculation

     Convergence has been achieved 


     Representation #  18 modes #  35  36

     Self-consistent Calculation

      iter #   1 total cpu time :274147.8 secs   av.it.:   3.0
      thresh= 1.000E-02 alpha_mix =  0.700 |ddv_scf|^2 =  2.946E-10

      iter #   2 total cpu time :274353.2 secs   av.it.:  16.9
      thresh= 1.717E-06 alpha_mix =  0.700 |ddv_scf|^2 =  1.488E-10

      iter #   3 total cpu time :274550.2 secs   av.it.:  16.0
      thresh= 1.220E-06 alpha_mix =  0.700 |ddv_scf|^2 =  2.476E-12

      iter #   4 total cpu time :274751.4 secs   av.it.:  16.1
      thresh= 1.574E-07 alpha_mix =  0.700 |ddv_scf|^2 =  1.568E-13

      iter #   5 total cpu time :274953.5 secs   av.it.:  16.4
      thresh= 3.960E-08 alpha_mix =  0.700 |ddv_scf|^2 =  1.016E-14

      iter #   6 total cpu time :275154.5 secs   av.it.:  16.0
      thresh= 1.008E-08 alpha_mix =  0.700 |ddv_scf|^2 =  6.089E-16

     End of self-consistent calculation

     Convergence has been achieved 


     Representation #  19 modes #  37  38

     Self-consistent Calculation

      iter #   1 total cpu time :275242.5 secs   av.it.:   3.0
      thresh= 1.000E-02 alpha_mix =  0.700 |ddv_scf|^2 =  7.149E-10

      iter #   2 total cpu time :275448.1 secs   av.it.:  16.9
      thresh= 2.674E-06 alpha_mix =  0.700 |ddv_scf|^2 =  4.078E-10

      iter #   3 total cpu time :275645.6 secs   av.it.:  16.0
      thresh= 2.019E-06 alpha_mix =  0.700 |ddv_scf|^2 =  2.290E-12

      iter #   4 total cpu time :275846.6 secs   av.it.:  16.1
      thresh= 1.513E-07 alpha_mix =  0.700 |ddv_scf|^2 =  1.207E-13

      iter #   5 total cpu time :276053.9 secs   av.it.:  16.9
      thresh= 3.475E-08 alpha_mix =  0.700 |ddv_scf|^2 =  9.761E-15

     End of self-consistent calculation

     Convergence has been achieved 


     Representation #  20 modes #  39  40

     Self-consistent Calculation

      iter #   1 total cpu time :276141.6 secs   av.it.:   3.0
      thresh= 1.000E-02 alpha_mix =  0.700 |ddv_scf|^2 =  1.573E-09

      iter #   2 total cpu time :276344.3 secs   av.it.:  16.1
      thresh= 3.966E-06 alpha_mix =  0.700 |ddv_scf|^2 =  1.158E-09

      iter #   3 total cpu time :276537.6 secs   av.it.:  15.8
      thresh= 3.404E-06 alpha_mix =  0.700 |ddv_scf|^2 =  1.840E-12

      iter #   4 total cpu time :276740.2 secs   av.it.:  16.8
      thresh= 1.357E-07 alpha_mix =  0.700 |ddv_scf|^2 =  4.089E-13

      iter #   5 total cpu time :276937.1 secs   av.it.:  16.0
      thresh= 6.394E-08 alpha_mix =  0.700 |ddv_scf|^2 =  6.208E-15

     End of self-consistent calculation

     Convergence has been achieved 


     Representation #  21 modes #  41  42

     Self-consistent Calculation

      iter #   1 total cpu time :277020.0 secs   av.it.:   3.0
      thresh= 1.000E-02 alpha_mix =  0.700 |ddv_scf|^2 =  5.213E-10

      iter #   2 total cpu time :277216.0 secs   av.it.:  16.8
      thresh= 2.283E-06 alpha_mix =  0.700 |ddv_scf|^2 =  2.381E-10

      iter #   3 total cpu time :277409.1 secs   av.it.:  16.0
      thresh= 1.543E-06 alpha_mix =  0.700 |ddv_scf|^2 =  2.399E-12

      iter #   4 total cpu time :277603.5 secs   av.it.:  16.4
      thresh= 1.549E-07 alpha_mix =  0.700 |ddv_scf|^2 =  6.292E-14

      iter #   5 total cpu time :277797.6 secs   av.it.:  16.8
      thresh= 2.508E-08 alpha_mix =  0.700 |ddv_scf|^2 =  7.901E-15

     End of self-consistent calculation

     Convergence has been achieved 


     Representation #  22 modes #  43  44

     Self-consistent Calculation

      iter #   1 total cpu time :277898.3 secs   av.it.:   5.0
      thresh= 1.000E-02 alpha_mix =  0.700 |ddv_scf|^2 =  7.855E-09

      iter #   2 total cpu time :278101.6 secs   av.it.:  16.8
      thresh= 8.863E-06 alpha_mix =  0.700 |ddv_scf|^2 =  5.826E-09

      iter #   3 total cpu time :278294.6 secs   av.it.:  15.9
      thresh= 7.633E-06 alpha_mix =  0.700 |ddv_scf|^2 =  1.422E-11

      iter #   4 total cpu time :278500.5 secs   av.it.:  16.9
      thresh= 3.771E-07 alpha_mix =  0.700 |ddv_scf|^2 =  1.388E-12

      iter #   5 total cpu time :278704.0 secs   av.it.:  16.5
      thresh= 1.178E-07 alpha_mix =  0.700 |ddv_scf|^2 =  2.410E-13

      iter #   6 total cpu time :278903.2 secs   av.it.:  16.1
      thresh= 4.909E-08 alpha_mix =  0.700 |ddv_scf|^2 =  1.873E-15

     End of self-consistent calculation

     Convergence has been achieved 


     Representation #  23 modes #  45  46

     Self-consistent Calculation

      iter #   1 total cpu time :278990.4 secs   av.it.:   3.0
      thresh= 1.000E-02 alpha_mix =  0.700 |ddv_scf|^2 =  5.807E-10

      iter #   2 total cpu time :279196.7 secs   av.it.:  16.9
      thresh= 2.410E-06 alpha_mix =  0.700 |ddv_scf|^2 =  3.532E-10

      iter #   3 total cpu time :279387.0 secs   av.it.:  15.9
      thresh= 1.879E-06 alpha_mix =  0.700 |ddv_scf|^2 =  1.822E-12

      iter #   4 total cpu time :279587.9 secs   av.it.:  16.9
      thresh= 1.350E-07 alpha_mix =  0.700 |ddv_scf|^2 =  3.721E-13

      iter #   5 total cpu time :279791.1 secs   av.it.:  16.2
      thresh= 6.100E-08 alpha_mix =  0.700 |ddv_scf|^2 =  1.940E-14

      iter #   6 total cpu time :279984.5 secs   av.it.:  16.0
      thresh= 1.393E-08 alpha_mix =  0.700 |ddv_scf|^2 =  1.113E-15

     End of self-consistent calculation

     Convergence has been achieved 


     Representation #  24 modes #  47  48

     Self-consistent Calculation

      iter #   1 total cpu time :280084.6 secs   av.it.:   4.6
      thresh= 1.000E-02 alpha_mix =  0.700 |ddv_scf|^2 =  3.150E-09

      iter #   2 total cpu time :280292.4 secs   av.it.:  16.9
      thresh= 5.613E-06 alpha_mix =  0.700 |ddv_scf|^2 =  1.096E-09

      iter #   3 total cpu time :280485.0 secs   av.it.:  16.0
      thresh= 3.311E-06 alpha_mix =  0.700 |ddv_scf|^2 =  2.107E-11

      iter #   4 total cpu time :280678.6 secs   av.it.:  16.3
      thresh= 4.590E-07 alpha_mix =  0.700 |ddv_scf|^2 =  1.043E-12

      iter #   5 total cpu time :280876.1 secs   av.it.:  16.9
      thresh= 1.021E-07 alpha_mix =  0.700 |ddv_scf|^2 =  9.463E-14

      iter #   6 total cpu time :281070.5 secs   av.it.:  16.6
      thresh= 3.076E-08 alpha_mix =  0.700 |ddv_scf|^2 =  2.383E-15

     End of self-consistent calculation

     Convergence has been achieved 


     Representation #  25 modes #  49  50

     Self-consistent Calculation

      iter #   1 total cpu time :281158.9 secs   av.it.:   3.6
      thresh= 1.000E-02 alpha_mix =  0.700 |ddv_scf|^2 =  9.076E-10

      iter #   2 total cpu time :281365.7 secs   av.it.:  16.9
      thresh= 3.013E-06 alpha_mix =  0.700 |ddv_scf|^2 =  5.333E-10

      iter #   3 total cpu time :281556.4 secs   av.it.:  15.9
      thresh= 2.309E-06 alpha_mix =  0.700 |ddv_scf|^2 =  1.414E-12

      iter #   4 total cpu time :281748.9 secs   av.it.:  16.9
      thresh= 1.189E-07 alpha_mix =  0.700 |ddv_scf|^2 =  1.899E-13

      iter #   5 total cpu time :281937.9 secs   av.it.:  16.8
      thresh= 4.357E-08 alpha_mix =  0.700 |ddv_scf|^2 =  2.341E-14

      iter #   6 total cpu time :282128.4 secs   av.it.:  16.0
      thresh= 1.530E-08 alpha_mix =  0.700 |ddv_scf|^2 =  1.124E-15

     End of self-consistent calculation

     Convergence has been achieved 


     Representation #  26 modes #  51  52

     Self-consistent Calculation

      iter #   1 total cpu time :282248.5 secs   av.it.:   6.4
      thresh= 1.000E-02 alpha_mix =  0.700 |ddv_scf|^2 =  3.439E-08

      iter #   2 total cpu time :282444.1 secs   av.it.:  16.7
      thresh= 1.854E-05 alpha_mix =  0.700 |ddv_scf|^2 =  2.205E-08

      iter #   3 total cpu time :282631.4 secs   av.it.:  15.9
      thresh= 1.485E-05 alpha_mix =  0.700 |ddv_scf|^2 =  6.646E-11

      iter #   4 total cpu time :282837.4 secs   av.it.:  16.9
      thresh= 8.152E-07 alpha_mix =  0.700 |ddv_scf|^2 =  3.108E-12

      iter #   5 total cpu time :283042.0 secs   av.it.:  16.7
      thresh= 1.763E-07 alpha_mix =  0.700 |ddv_scf|^2 =  1.408E-13

      iter #   6 total cpu time :283241.2 secs   av.it.:  16.7
      thresh= 3.752E-08 alpha_mix =  0.700 |ddv_scf|^2 =  5.871E-15

     End of self-consistent calculation

     Convergence has been achieved 


     Representation #  27 modes #  53  54

     Self-consistent Calculation

      iter #   1 total cpu time :283331.1 secs   av.it.:   3.1
      thresh= 1.000E-02 alpha_mix =  0.700 |ddv_scf|^2 =  5.697E-10

      iter #   2 total cpu time :283535.9 secs   av.it.:  16.9
      thresh= 2.387E-06 alpha_mix =  0.700 |ddv_scf|^2 =  3.454E-10

      iter #   3 total cpu time :283729.2 secs   av.it.:  15.9
      thresh= 1.859E-06 alpha_mix =  0.700 |ddv_scf|^2 =  1.601E-12

      iter #   4 total cpu time :283928.5 secs   av.it.:  16.7
      thresh= 1.265E-07 alpha_mix =  0.700 |ddv_scf|^2 =  1.543E-13

      iter #   5 total cpu time :284125.9 secs   av.it.:  16.7
      thresh= 3.928E-08 alpha_mix =  0.700 |ddv_scf|^2 =  4.178E-15

     End of self-consistent calculation

     Convergence has been achieved 


     Representation #  28 modes #  55  56

     Self-consistent Calculation

      iter #   1 total cpu time :284225.2 secs   av.it.:   4.8
      thresh= 1.000E-02 alpha_mix =  0.700 |ddv_scf|^2 =  4.550E-09

      iter #   2 total cpu time :284423.4 secs   av.it.:  16.8
      thresh= 6.746E-06 alpha_mix =  0.700 |ddv_scf|^2 =  2.634E-09

      iter #   3 total cpu time :284612.9 secs   av.it.:  15.9
      thresh= 5.133E-06 alpha_mix =  0.700 |ddv_scf|^2 =  2.681E-11

      iter #   4 total cpu time :284816.0 secs   av.it.:  16.1
      thresh= 5.178E-07 alpha_mix =  0.700 |ddv_scf|^2 =  1.631E-12

      iter #   5 total cpu time :285019.7 secs   av.it.:  16.4
      thresh= 1.277E-07 alpha_mix =  0.700 |ddv_scf|^2 =  1.468E-13

      iter #   6 total cpu time :285222.6 secs   av.it.:  16.2
      thresh= 3.832E-08 alpha_mix =  0.700 |ddv_scf|^2 =  7.653E-15

     End of self-consistent calculation

     Convergence has been achieved 


     Representation #  29 modes #  57  58

     Self-consistent Calculation

      iter #   1 total cpu time :285309.2 secs   av.it.:   3.0
      thresh= 1.000E-02 alpha_mix =  0.700 |ddv_scf|^2 =  7.349E-10

      iter #   2 total cpu time :285513.1 secs   av.it.:  16.7
      thresh= 2.711E-06 alpha_mix =  0.700 |ddv_scf|^2 =  3.315E-10

      iter #   3 total cpu time :285711.1 secs   av.it.:  16.0
      thresh= 1.821E-06 alpha_mix =  0.700 |ddv_scf|^2 =  3.340E-12

      iter #   4 total cpu time :285914.6 secs   av.it.:  16.5
      thresh= 1.828E-07 alpha_mix =  0.700 |ddv_scf|^2 =  1.051E-13

      iter #   5 total cpu time :286121.7 secs   av.it.:  16.9
      thresh= 3.242E-08 alpha_mix =  0.700 |ddv_scf|^2 =  9.260E-15

     End of self-consistent calculation

     Convergence has been achieved 


     Representation #  30 modes #  59  60

     Self-consistent Calculation

      iter #   1 total cpu time :286208.1 secs   av.it.:   3.0
      thresh= 1.000E-02 alpha_mix =  0.700 |ddv_scf|^2 =  5.853E-10

      iter #   2 total cpu time :286409.7 secs   av.it.:  16.8
      thresh= 2.419E-06 alpha_mix =  0.700 |ddv_scf|^2 =  2.808E-10

      iter #   3 total cpu time :286604.2 secs   av.it.:  15.9
      thresh= 1.676E-06 alpha_mix =  0.700 |ddv_scf|^2 =  2.659E-12

      iter #   4 total cpu time :286803.5 secs   av.it.:  16.7
      thresh= 1.631E-07 alpha_mix =  0.700 |ddv_scf|^2 =  3.720E-13

      iter #   5 total cpu time :286999.3 secs   av.it.:  16.0
      thresh= 6.100E-08 alpha_mix =  0.700 |ddv_scf|^2 =  1.683E-14

      iter #   6 total cpu time :287191.1 secs   av.it.:  16.0
      thresh= 1.297E-08 alpha_mix =  0.700 |ddv_scf|^2 =  7.961E-16

     End of self-consistent calculation

     Convergence has been achieved 


     Representation #  31 modes #  61  62

     Self-consistent Calculation

      iter #   1 total cpu time :287280.0 secs   av.it.:   3.3
      thresh= 1.000E-02 alpha_mix =  0.700 |ddv_scf|^2 =  8.571E-10

      iter #   2 total cpu time :287482.1 secs   av.it.:  16.9
      thresh= 2.928E-06 alpha_mix =  0.700 |ddv_scf|^2 =  5.379E-10

      iter #   3 total cpu time :287669.9 secs   av.it.:  16.0
      thresh= 2.319E-06 alpha_mix =  0.700 |ddv_scf|^2 =  1.139E-12

      iter #   4 total cpu time :287868.3 secs   av.it.:  16.9
      thresh= 1.067E-07 alpha_mix =  0.700 |ddv_scf|^2 =  9.376E-14

      iter #   5 total cpu time :288070.3 secs   av.it.:  16.9
      thresh= 3.062E-08 alpha_mix =  0.700 |ddv_scf|^2 =  1.219E-14

      iter #   6 total cpu time :288263.9 secs   av.it.:  16.2
      thresh= 1.104E-08 alpha_mix =  0.700 |ddv_scf|^2 =  9.456E-16

     End of self-consistent calculation

     Convergence has been achieved 


     Representation #  32 modes #  63  64

     Self-consistent Calculation

      iter #   1 total cpu time :288350.5 secs   av.it.:   3.1
      thresh= 1.000E-02 alpha_mix =  0.700 |ddv_scf|^2 =  6.687E-10

      iter #   2 total cpu time :288554.4 secs   av.it.:  16.9
      thresh= 2.586E-06 alpha_mix =  0.700 |ddv_scf|^2 =  3.406E-10

      iter #   3 total cpu time :288749.3 secs   av.it.:  15.9
      thresh= 1.845E-06 alpha_mix =  0.700 |ddv_scf|^2 =  2.162E-12

      iter #   4 total cpu time :288951.4 secs   av.it.:  16.9
      thresh= 1.470E-07 alpha_mix =  0.700 |ddv_scf|^2 =  1.299E-13

      iter #   5 total cpu time :289156.2 secs   av.it.:  16.9
      thresh= 3.605E-08 alpha_mix =  0.700 |ddv_scf|^2 =  8.143E-15

     End of self-consistent calculation

     Convergence has been achieved 


     Representation #  33 modes #  65  66

     Self-consistent Calculation

      iter #   1 total cpu time :289246.6 secs   av.it.:   3.3
      thresh= 1.000E-02 alpha_mix =  0.700 |ddv_scf|^2 =  1.127E-09

      iter #   2 total cpu time :289455.0 secs   av.it.:  16.9
      thresh= 3.357E-06 alpha_mix =  0.700 |ddv_scf|^2 =  6.970E-10

      iter #   3 total cpu time :289652.4 secs   av.it.:  15.9
      thresh= 2.640E-06 alpha_mix =  0.700 |ddv_scf|^2 =  3.043E-12

      iter #   4 total cpu time :289856.1 secs   av.it.:  16.9
      thresh= 1.744E-07 alpha_mix =  0.700 |ddv_scf|^2 =  4.170E-13

      iter #   5 total cpu time :290056.6 secs   av.it.:  16.7
      thresh= 6.458E-08 alpha_mix =  0.700 |ddv_scf|^2 =  3.017E-14

      iter #   6 total cpu time :290253.6 secs   av.it.:  16.0
      thresh= 1.737E-08 alpha_mix =  0.700 |ddv_scf|^2 =  2.083E-15

     End of self-consistent calculation

     Convergence has been achieved 

     Number of q in the star =    1
     List of q in the star:
          1  -0.500000000  -0.497514774  -0.751853469

     Diagonalizing the dynamical matrix

     q = (   -0.500000000  -0.497514774  -0.751853469 ) 

 **************************************************************************
     freq (    1) =       1.225896 [THz] =      40.891476 [cm-1]
     freq (    2) =       1.225896 [THz] =      40.891476 [cm-1]
     freq (    3) =       1.860300 [THz] =      62.052917 [cm-1]
     freq (    4) =       1.860300 [THz] =      62.052917 [cm-1]
     freq (    5) =       3.215875 [THz] =     107.270041 [cm-1]
     freq (    6) =       3.215875 [THz] =     107.270041 [cm-1]
     freq (    7) =       4.677451 [THz] =     156.022962 [cm-1]
     freq (    8) =       4.677451 [THz] =     156.022962 [cm-1]
     freq (    9) =       4.791079 [THz] =     159.813179 [cm-1]
     freq (   10) =       4.791079 [THz] =     159.813179 [cm-1]
     freq (   11) =       5.824021 [THz] =     194.268421 [cm-1]
     freq (   12) =       5.824021 [THz] =     194.268421 [cm-1]
     freq (   13) =       6.226359 [THz] =     207.688968 [cm-1]
     freq (   14) =       6.226359 [THz] =     207.688968 [cm-1]
     freq (   15) =       6.890191 [THz] =     229.832046 [cm-1]
     freq (   16) =       6.890191 [THz] =     229.832046 [cm-1]
     freq (   17) =       8.075359 [THz] =     269.364998 [cm-1]
     freq (   18) =       8.075359 [THz] =     269.364998 [cm-1]
     freq (   19) =       8.279054 [THz] =     276.159501 [cm-1]
     freq (   20) =       8.279054 [THz] =     276.159501 [cm-1]
     freq (   21) =       8.425610 [THz] =     281.048096 [cm-1]
     freq (   22) =       8.425610 [THz] =     281.048096 [cm-1]
     freq (   23) =       9.168218 [THz] =     305.818822 [cm-1]
     freq (   24) =       9.168218 [THz] =     305.818822 [cm-1]
     freq (   25) =       9.346027 [THz] =     311.749915 [cm-1]
     freq (   26) =       9.346027 [THz] =     311.749915 [cm-1]
     freq (   27) =      12.162766 [THz] =     405.706195 [cm-1]
     freq (   28) =      12.162766 [THz] =     405.706195 [cm-1]
     freq (   29) =      12.464609 [THz] =     415.774596 [cm-1]
     freq (   30) =      12.464609 [THz] =     415.774596 [cm-1]
     freq (   31) =      30.663885 [THz] =    1022.837095 [cm-1]
     freq (   32) =      30.663885 [THz] =    1022.837095 [cm-1]
     freq (   33) =      30.816796 [THz] =    1027.937658 [cm-1]
     freq (   34) =      30.816796 [THz] =    1027.937658 [cm-1]
     freq (   35) =      31.805391 [THz] =    1060.913655 [cm-1]
     freq (   36) =      31.805391 [THz] =    1060.913655 [cm-1]
     freq (   37) =      31.819965 [THz] =    1061.399784 [cm-1]
     freq (   38) =      31.819965 [THz] =    1061.399784 [cm-1]
     freq (   39) =      32.333052 [THz] =    1078.514514 [cm-1]
     freq (   40) =      32.333052 [THz] =    1078.514514 [cm-1]
     freq (   41) =      32.429912 [THz] =    1081.745413 [cm-1]
     freq (   42) =      32.429912 [THz] =    1081.745413 [cm-1]
     freq (   43) =      35.915430 [THz] =    1198.009791 [cm-1]
     freq (   44) =      35.915430 [THz] =    1198.009791 [cm-1]
     freq (   45) =      35.956952 [THz] =    1199.394824 [cm-1]
     freq (   46) =      35.956952 [THz] =    1199.394824 [cm-1]
     freq (   47) =      36.138125 [THz] =    1205.438090 [cm-1]
     freq (   48) =      36.138125 [THz] =    1205.438090 [cm-1]
     freq (   49) =      36.216836 [THz] =    1208.063618 [cm-1]
     freq (   50) =      36.216836 [THz] =    1208.063618 [cm-1]
     freq (   51) =      68.308045 [THz] =    2278.511121 [cm-1]
     freq (   52) =      68.308045 [THz] =    2278.511121 [cm-1]
     freq (   53) =      68.448657 [THz] =    2283.201417 [cm-1]
     freq (   54) =      68.448657 [THz] =    2283.201417 [cm-1]
     freq (   55) =      70.032644 [THz] =    2336.037552 [cm-1]
     freq (   56) =      70.032644 [THz] =    2336.037552 [cm-1]
     freq (   57) =      70.200709 [THz] =    2341.643610 [cm-1]
     freq (   58) =      70.200709 [THz] =    2341.643610 [cm-1]
     freq (   59) =      70.618549 [THz] =    2355.581240 [cm-1]
     freq (   60) =      70.618549 [THz] =    2355.581240 [cm-1]
     freq (   61) =      70.702491 [THz] =    2358.381245 [cm-1]
     freq (   62) =      70.702491 [THz] =    2358.381245 [cm-1]
     freq (   63) =      71.404625 [THz] =    2381.801897 [cm-1]
     freq (   64) =      71.404625 [THz] =    2381.801897 [cm-1]
     freq (   65) =      71.417849 [THz] =    2382.243023 [cm-1]
     freq (   66) =      71.417849 [THz] =    2382.243023 [cm-1]
 **************************************************************************

     init_run     :      8.50s CPU      8.77s WALL (       7 calls)
     electrons    :   1450.27s CPU   1460.86s WALL (       7 calls)

     Called by init_run:
     wfcinit      :      0.00s CPU      0.01s WALL (       7 calls)
     potinit      :      1.06s CPU      1.13s WALL (       7 calls)
     hinit0       :      0.95s CPU      0.99s WALL (       7 calls)

     Called by electrons:
     c_bands      :   1450.26s CPU   1460.69s WALL (       7 calls)
     v_of_rho     :      0.99s CPU      1.02s WALL (       8 calls)
     newd         :      1.58s CPU      1.61s WALL (       8 calls)

     Called by c_bands:
     init_us_2    :    393.08s CPU    433.16s WALL (   76734 calls)
     cegterg      :   1334.12s CPU   1342.81s WALL (     742 calls)

     Called by *egterg:
     cdiaghg      :     38.01s CPU     38.19s WALL (    8670 calls)
     h_psi        : 149576.40s CPU 150853.14s WALL ( 1472083 calls)
     s_psi        :  59811.37s CPU  60064.48s WALL ( 3021613 calls)
     g_psi        :      2.80s CPU      2.81s WALL (    8292 calls)

     Called by h_psi:
     h_psi:calbec :  25686.01s CPU  25814.61s WALL ( 1472083 calls)
     vloc_psi     :  94234.52s CPU  95259.84s WALL ( 1472083 calls)
     add_vuspsi   :  28991.93s CPU  29114.75s WALL ( 1472083 calls)

     General routines
     calbec       :  57730.03s CPU  58015.71s WALL ( 3268204 calls)
     fft          :   1257.41s CPU   1319.50s WALL (   94047 calls)
     ffts         :    990.52s CPU   1006.07s WALL (   45314 calls)
     fftw         :  97044.85s CPU  98156.44s WALL (69614188 calls)
     interpolate  :     59.38s CPU     68.89s WALL (    6968 calls)
     davcio       :    200.68s CPU    376.36s WALL (  464481 calls)

     Parallel routines

     PHONON       :   3d 7h48m CPU   3d 8h37m WALL

     INITIALIZATION: 
     phq_setup    :      2.81s CPU      3.42s WALL (       8 calls)
     phq_init     :   1640.55s CPU   1657.58s WALL (       8 calls)

     phq_init     :   1640.55s CPU   1657.58s WALL (       8 calls)
     set_drhoc    :      0.10s CPU      0.11s WALL (      24 calls)
     init_vloc    :      0.20s CPU      0.20s WALL (       8 calls)
     init_us_1    :      0.16s CPU      0.21s WALL (       8 calls)
     init_us_2    :    393.08s CPU    433.16s WALL (   76734 calls)
     newd         :      1.58s CPU      1.61s WALL (       8 calls)
     dvanqq       :    180.55s CPU    182.54s WALL (       8 calls)
     drho         :   1336.93s CPU   1351.19s WALL (       8 calls)
     drhous       :   1142.04s CPU   1151.31s WALL (       8 calls)
     nldyntot     :     25.06s CPU     25.09s WALL (       8 calls)

     DYNAMICAL MATRIX:
     dynmat0      :    103.58s CPU    104.09s WALL (       8 calls)
     dynmat_us    :     53.87s CPU     54.23s WALL (       8 calls)
     addusdynmat  :      0.01s CPU      0.04s WALL (       8 calls)
     d2ionq       :     47.24s CPU     47.30s WALL (       8 calls)
     dynmatcc     :      2.32s CPU      2.40s WALL (       8 calls)
     phqscf       : 279357.09s CPU 282234.68s WALL (       8 calls)
     dynmatrix    :      0.39s CPU      0.48s WALL (       8 calls)

     phqscf       : 279357.09s CPU 282234.68s WALL (       8 calls)
     solve_linter : 276212.65s CPU 279000.24s WALL (     330 calls)
     sth_kernel   : 264409.71s CPU 266570.21s WALL (    1999 calls)
     h_prec       :    131.48s CPU    132.50s WALL (   54054 calls)
     apply_dpot_b :   5443.22s CPU   5549.08s WALL (   72360 calls)
     ortho        :   4254.07s CPU   4279.79s WALL (   86778 calls)
     cgsolve      : 245171.27s CPU 246920.86s WALL (   86778 calls)
     incdrhoscf   :   9181.41s CPU   9341.32s WALL (   86778 calls)
                                        0.00s GPU  (   86778 calls)
     addusddens   :    851.28s CPU    863.59s WALL (    2322 calls)
     dv_of_drho   :    321.05s CPU    347.86s WALL (    3214 calls)
     mix_pot      :     33.06s CPU     89.78s WALL (    1999 calls)
     drhodv       :   1455.47s CPU   1472.83s WALL (     330 calls)
     psymdvscf    :   3367.27s CPU   3497.49s WALL (    1992 calls)
     newdq        :   1376.26s CPU   1383.97s WALL (    1999 calls)
     adddvscf     :    269.01s CPU    272.90s WALL (   72360 calls)
     drhodvus     :     22.54s CPU     36.34s WALL (     330 calls)

     dvqpsi_us    :   7734.44s CPU   7766.80s WALL (   16038 calls)
                                        0.00s GPU  (   16038 calls)
     dvqpsi_us_on :   5624.04s CPU   5633.76s WALL (   16038 calls)

     add_vuspsi   :  28991.93s CPU  29114.75s WALL ( 1472083 calls)
     addusdbec    :   2046.07s CPU   2054.69s WALL (  101034 calls)

     drhodvus     :     22.54s CPU     36.34s WALL (     330 calls)

      General routines
     calbec       :  57730.03s CPU  58015.71s WALL ( 3268204 calls)
     fft          :   1257.41s CPU   1319.50s WALL (   94047 calls)
     ffts         :    990.52s CPU   1006.07s WALL (   45314 calls)
     fftw         :  97044.85s CPU  98156.44s WALL (69614188 calls)
     davcio       :    200.68s CPU    376.36s WALL (  464481 calls)
     write_rec    :     39.37s CPU    389.29s WALL (    2329 calls)

      Additional routines
     ch_psi       : 242137.85s CPU 243843.05s WALL ( 1462671 calls)
     last         :  63477.91s CPU  63792.65s WALL ( 1462671 calls)
     Hesh         :    412.63s CPU    416.99s WALL ( 1462671 calls)
     ch_psi_all_k :  63041.01s CPU  63353.66s WALL ( 1462671 calls)
                                        0.00s GPU  ( 1462671 calls)
     ch_psi_calbe :  25438.26s CPU  25538.27s WALL ( 1462671 calls)
                                        0.00s GPU  ( 1462671 calls)
     h_psi_bgrp   : 149589.83s CPU 150863.66s WALL ( 1472083 calls)
     h_psi        : 149576.40s CPU 150853.14s WALL ( 1472083 calls)
     h_psi:pot    : 148949.46s CPU 150214.38s WALL ( 1472083 calls)
     h_psi:calbec :  25686.01s CPU  25814.61s WALL ( 1472083 calls)
     s_psi_bgrp   :  60494.55s CPU  60735.80s WALL ( 3021613 calls)
     s_psi        :  59811.37s CPU  60064.48s WALL ( 3021613 calls)


     PHONON       :   3d 7h48m CPU   3d 8h37m WALL


   This run was terminated on:  19:54: 3  15Aug2024            

=------------------------------------------------------------------------------=
   JOB DONE.
=------------------------------------------------------------------------------=
