Dynamical matrix file
                                                                           
  3   22   8  13.2391868   1.0017055   0.6599323   0.0000000   0.0000000   0.0000000
           1  'B      '    9853.6237122476850     
           2  'Ba     '    125165.90357338246     
           3  'H      '    918.68111039893927     
    1    2      0.5000000000      0.5008527450      0.3299705772
    2    2      0.0000000000      0.0000000000      0.6599279328
    3    1      0.6246453383      0.2518284268      0.0000043332
    4    1      0.3753546617      0.7498770632      0.0000043332
    5    1      0.1246453383      0.2490243182      0.3299618368
    6    1      0.8753546617      0.7526811718      0.3299618368
    7    3      0.4521950405      0.2869609137     -0.0000113396
    8    3      0.5478049595      0.7147445763     -0.0000113396
    9    3      0.9521950405      0.2138918313      0.3299775096
   10    3      0.0478049595      0.7878136587      0.3299775096
   11    3      0.7167337766      0.4026430768      0.0000042581
   12    3      0.2832662234      0.5990624132      0.0000042581
   13    3      0.2167337766      0.0982096682      0.3299619119
   14    3      0.7832662234      0.9034958218      0.3299619119
   15    3      0.6614430564      0.1603257435      0.5146572476
   16    3      0.3385569436      0.8413797465      0.5146572476
   17    3      0.1614430564      0.3405270015      0.4752412624
   18    3      0.8385569436      0.6611784885      0.4752412624
   19    3      0.3385645361      0.8413787517      0.1452873931
   20    3      0.6614354639      0.1603267383      0.1452873931
   21    3      0.8385645361      0.6611794833      0.1846787769
   22    3      0.1614354639      0.3405260067      0.1846787769

     Dynamical  Matrix in cartesian axes

     q = (    0.000000000   0.000000000  -0.757653429 ) 

    1    1
  0.05147606   0.00000000     0.00696867   0.00000000     0.00000000   0.00000000
  0.00696867   0.00000000     0.04898052   0.00000000     0.00000000   0.00000000
  0.00000000   0.00000000     0.00000000   0.00000000     0.14888541   0.00000000
    1    2
 -0.00051311   0.00000000     0.00030593   0.00000000     0.00000000   0.00000000
 -0.00030593   0.00000000    -0.00072985   0.00000000     0.00000000   0.00000000
  0.00000000   0.00000000     0.00000000   0.00000000     0.00000159   0.00000000
    1    3
 -0.00011604  -0.00000000     0.00015690   0.00000000     0.01281069   0.00000000
  0.00003795   0.00000000     0.00007439   0.00000000    -0.02631747  -0.00000000
  0.01057948   0.00000000    -0.02940893  -0.00000000    -0.00005774  -0.00000000
    1    4
 -0.00011604  -0.00000000     0.00015690   0.00000000    -0.01281069  -0.00000000
  0.00003795   0.00000000     0.00007439   0.00000000     0.02631747   0.00000000
 -0.01057948  -0.00000000     0.02940893   0.00000000    -0.00005774  -0.00000000
    1    5
 -0.01262979  -0.00000000    -0.00764304  -0.00000000     0.00007646   0.00000000
 -0.00567858  -0.00000000    -0.00117116  -0.00000000    -0.00016347  -0.00000000
  0.00001322   0.00000000    -0.00005807  -0.00000000     0.00515474   0.00000000
    1    6
 -0.01262979  -0.00000000    -0.00764304  -0.00000000    -0.00007646  -0.00000000
 -0.00567858  -0.00000000    -0.00117116  -0.00000000     0.00016347   0.00000000
 -0.00001322  -0.00000000     0.00005807   0.00000000     0.00515474   0.00000000
    1    7
  0.00005536   0.00000000    -0.00006868  -0.00000000    -0.00624266  -0.00000000
  0.00003252   0.00000000    -0.00004048  -0.00000000    -0.00354356  -0.00000000
 -0.00127936  -0.00000000    -0.00486187  -0.00000000     0.00008085   0.00000000
    1    8
  0.00005536   0.00000000    -0.00006868  -0.00000000     0.00624266   0.00000000
  0.00003252   0.00000000    -0.00004048  -0.00000000     0.00354356   0.00000000
  0.00127936   0.00000000     0.00486187   0.00000000     0.00008085   0.00000000
    1    9
  0.00572139   0.00000000     0.00193944   0.00000000     0.00018752   0.00000000
  0.00197976   0.00000000     0.00012030   0.00000000     0.00042630   0.00000000
 -0.00004222  -0.00000000     0.00012471   0.00000000    -0.00464774  -0.00000000
    1   10
  0.00572139   0.00000000     0.00193944   0.00000000    -0.00018752  -0.00000000
  0.00197976   0.00000000     0.00012030   0.00000000    -0.00042630  -0.00000000
  0.00004222   0.00000000    -0.00012471  -0.00000000    -0.00464774  -0.00000000
    1   11
  0.00003383   0.00000000     0.00012976   0.00000000     0.00248234   0.00000000
 -0.00002143  -0.00000000     0.00009074   0.00000000     0.00432678   0.00000000
  0.00037834   0.00000000     0.00049102   0.00000000    -0.00011668  -0.00000000
    1   12
  0.00003383   0.00000000     0.00012976   0.00000000    -0.00248234  -0.00000000
 -0.00002143  -0.00000000     0.00009074   0.00000000    -0.00432678  -0.00000000
 -0.00037834  -0.00000000    -0.00049102  -0.00000000    -0.00011668  -0.00000000
    1   13
  0.00369525   0.00000000     0.00385364   0.00000000    -0.00006422  -0.00000000
  0.00164336   0.00000000     0.00105030   0.00000000     0.00002967   0.00000000
 -0.00006627  -0.00000000    -0.00017041  -0.00000000    -0.00352009  -0.00000000
    1   14
  0.00369525   0.00000000     0.00385364   0.00000000     0.00006422   0.00000000
  0.00164336   0.00000000     0.00105030   0.00000000    -0.00002967  -0.00000000
  0.00006627   0.00000000     0.00017041   0.00000000    -0.00352009  -0.00000000
    1   15
  0.00079427  -0.00000000     0.00126809  -0.00000000     0.00183706  -0.00000000
  0.00029114  -0.00000000    -0.00143003   0.00000000    -0.00409135   0.00000000
  0.00359672  -0.00000000    -0.00756268   0.00000000    -0.00263724   0.00000000
    1   16
  0.00079427  -0.00000000     0.00126809  -0.00000000    -0.00183706   0.00000000
  0.00029114  -0.00000000    -0.00143003   0.00000000     0.00409135  -0.00000000
 -0.00359672   0.00000000     0.00756268  -0.00000000    -0.00263724   0.00000000
    1   17
 -0.00342970   0.00000000    -0.00076545   0.00000000     0.00145792  -0.00000000
 -0.00150651   0.00000000     0.00017301  -0.00000000    -0.00043850   0.00000000
  0.00211335  -0.00000000    -0.00110288   0.00000000    -0.00702089   0.00000000
    1   18
 -0.00342970   0.00000000    -0.00076545   0.00000000    -0.00145792   0.00000000
 -0.00150651   0.00000000     0.00017301  -0.00000000     0.00043850  -0.00000000
 -0.00211335   0.00000000     0.00110288  -0.00000000    -0.00702089   0.00000000
    1   19
  0.00080807   0.00000000     0.00102993   0.00000000     0.00203663   0.00000000
  0.00018330   0.00000000    -0.00146836  -0.00000000    -0.00417475  -0.00000000
  0.00358084   0.00000000    -0.00743485  -0.00000000    -0.00284252  -0.00000000
    1   20
  0.00080807   0.00000000     0.00102993   0.00000000    -0.00203663  -0.00000000
  0.00018330   0.00000000    -0.00146836  -0.00000000     0.00417475   0.00000000
 -0.00358084  -0.00000000     0.00743485   0.00000000    -0.00284252  -0.00000000
    1   21
 -0.00338333  -0.00000000    -0.00057332  -0.00000000     0.00117663   0.00000000
 -0.00158490  -0.00000000     0.00018365   0.00000000    -0.00058526  -0.00000000
  0.00189670   0.00000000    -0.00059645  -0.00000000    -0.00713305  -0.00000000
    1   22
 -0.00338333  -0.00000000    -0.00057332  -0.00000000    -0.00117663  -0.00000000
 -0.00158490  -0.00000000     0.00018365   0.00000000     0.00058526   0.00000000
 -0.00189670  -0.00000000     0.00059645   0.00000000    -0.00713305  -0.00000000
    2    1
 -0.00051311   0.00000000    -0.00030593   0.00000000     0.00000000   0.00000000
  0.00030593   0.00000000    -0.00072985   0.00000000     0.00000000   0.00000000
  0.00000000   0.00000000     0.00000000   0.00000000     0.00000159   0.00000000
    2    2
  0.05147606   0.00000000    -0.00696867   0.00000000     0.00000000   0.00000000
 -0.00696867   0.00000000     0.04898052   0.00000000     0.00000000   0.00000000
  0.00000000   0.00000000     0.00000000   0.00000000     0.14888541   0.00000000
    2    3
  0.01262979   0.00000000    -0.00764304  -0.00000000     0.00007646   0.00000000
 -0.00567858  -0.00000000     0.00117116   0.00000000     0.00016347   0.00000000
  0.00001322   0.00000000     0.00005807   0.00000000    -0.00515474  -0.00000000
    2    4
  0.01262979   0.00000000    -0.00764304  -0.00000000    -0.00007646  -0.00000000
 -0.00567858  -0.00000000     0.00117116   0.00000000    -0.00016347  -0.00000000
 -0.00001322  -0.00000000    -0.00005807  -0.00000000    -0.00515474  -0.00000000
    2    5
  0.00011604   0.00000000     0.00015690   0.00000000     0.01281069   0.00000000
  0.00003795   0.00000000    -0.00007439  -0.00000000     0.02631747   0.00000000
  0.01057948   0.00000000     0.02940893   0.00000000     0.00005774   0.00000000
    2    6
  0.00011604   0.00000000     0.00015690   0.00000000    -0.01281069  -0.00000000
  0.00003795   0.00000000    -0.00007439  -0.00000000    -0.02631747  -0.00000000
 -0.01057948  -0.00000000    -0.02940893  -0.00000000     0.00005774   0.00000000
    2    7
 -0.00572139  -0.00000000     0.00193944   0.00000000     0.00018752   0.00000000
  0.00197976   0.00000000    -0.00012030  -0.00000000    -0.00042630  -0.00000000
 -0.00004222  -0.00000000    -0.00012471  -0.00000000     0.00464774   0.00000000
    2    8
 -0.00572139  -0.00000000     0.00193944   0.00000000    -0.00018752  -0.00000000
  0.00197976   0.00000000    -0.00012030  -0.00000000     0.00042630   0.00000000
  0.00004222   0.00000000     0.00012471   0.00000000     0.00464774   0.00000000
    2    9
 -0.00005536  -0.00000000    -0.00006868  -0.00000000    -0.00624266  -0.00000000
  0.00003252   0.00000000     0.00004048   0.00000000     0.00354356   0.00000000
 -0.00127936  -0.00000000     0.00486187   0.00000000    -0.00008085  -0.00000000
    2   10
 -0.00005536  -0.00000000    -0.00006868  -0.00000000     0.00624266   0.00000000
  0.00003252   0.00000000     0.00004048   0.00000000    -0.00354356  -0.00000000
  0.00127936   0.00000000    -0.00486187  -0.00000000    -0.00008085  -0.00000000
    2   11
 -0.00369525  -0.00000000     0.00385364   0.00000000    -0.00006422  -0.00000000
  0.00164336   0.00000000    -0.00105030  -0.00000000    -0.00002967  -0.00000000
 -0.00006627  -0.00000000     0.00017041   0.00000000     0.00352009   0.00000000
    2   12
 -0.00369525  -0.00000000     0.00385364   0.00000000     0.00006422   0.00000000
  0.00164336   0.00000000    -0.00105030  -0.00000000     0.00002967   0.00000000
  0.00006627   0.00000000    -0.00017041  -0.00000000     0.00352009   0.00000000
    2   13
 -0.00003383  -0.00000000     0.00012976   0.00000000     0.00248234   0.00000000
 -0.00002143  -0.00000000    -0.00009074  -0.00000000    -0.00432678  -0.00000000
  0.00037834   0.00000000    -0.00049102  -0.00000000     0.00011668   0.00000000
    2   14
 -0.00003383  -0.00000000     0.00012976   0.00000000    -0.00248234  -0.00000000
 -0.00002143  -0.00000000    -0.00009074  -0.00000000     0.00432678   0.00000000
 -0.00037834  -0.00000000     0.00049102   0.00000000     0.00011668   0.00000000
    2   15
 -0.00342970   0.00000000     0.00076545  -0.00000000    -0.00145792   0.00000000
  0.00150651  -0.00000000     0.00017301  -0.00000000    -0.00043850   0.00000000
 -0.00211335   0.00000000    -0.00110288   0.00000000    -0.00702089   0.00000000
    2   16
 -0.00342970   0.00000000     0.00076545  -0.00000000     0.00145792  -0.00000000
  0.00150651  -0.00000000     0.00017301  -0.00000000     0.00043850  -0.00000000
  0.00211335  -0.00000000     0.00110288  -0.00000000    -0.00702089   0.00000000
    2   17
  0.00079427  -0.00000000    -0.00126809   0.00000000    -0.00183706   0.00000000
 -0.00029114   0.00000000    -0.00143003   0.00000000    -0.00409135   0.00000000
 -0.00359672   0.00000000    -0.00756268   0.00000000    -0.00263724   0.00000000
    2   18
  0.00079427  -0.00000000    -0.00126809   0.00000000     0.00183706  -0.00000000
 -0.00029114   0.00000000    -0.00143003   0.00000000     0.00409135  -0.00000000
  0.00359672  -0.00000000     0.00756268  -0.00000000    -0.00263724   0.00000000
    2   19
  0.00338333   0.00000000    -0.00057332  -0.00000000     0.00117663   0.00000000
 -0.00158490  -0.00000000    -0.00018365  -0.00000000     0.00058526   0.00000000
  0.00189670   0.00000000     0.00059645   0.00000000     0.00713305   0.00000000
    2   20
  0.00338333   0.00000000    -0.00057332  -0.00000000    -0.00117663  -0.00000000
 -0.00158490  -0.00000000    -0.00018365  -0.00000000    -0.00058526  -0.00000000
 -0.00189670  -0.00000000    -0.00059645  -0.00000000     0.00713305   0.00000000
    2   21
 -0.00080807  -0.00000000     0.00102993   0.00000000     0.00203663   0.00000000
  0.00018330   0.00000000     0.00146836   0.00000000     0.00417475   0.00000000
  0.00358084   0.00000000     0.00743485   0.00000000     0.00284252   0.00000000
    2   22
 -0.00080807  -0.00000000     0.00102993   0.00000000    -0.00203663  -0.00000000
  0.00018330   0.00000000     0.00146836   0.00000000    -0.00417475  -0.00000000
 -0.00358084  -0.00000000    -0.00743485  -0.00000000     0.00284252   0.00000000
    3    1
 -0.00011604   0.00000000     0.00003795  -0.00000000     0.01057948  -0.00000000
  0.00015690  -0.00000000     0.00007439  -0.00000000    -0.02940893   0.00000000
  0.01281069  -0.00000000    -0.02631747   0.00000000    -0.00005774   0.00000000
    3    2
  0.01262979  -0.00000000    -0.00567858   0.00000000     0.00001322  -0.00000000
 -0.00764304   0.00000000     0.00117116  -0.00000000     0.00005807  -0.00000000
  0.00007646  -0.00000000     0.00016347  -0.00000000    -0.00515474   0.00000000
    3    3
  0.59428997   0.00000000    -0.01926506   0.00000000     0.00001414   0.00000000
 -0.01926506   0.00000000     0.59528744   0.00000000     0.00012847   0.00000000
  0.00001414   0.00000000     0.00012847   0.00000000     0.64453976   0.00000000
    3    4
  0.00112880   0.00000000     0.00075005   0.00000000     0.00006911   0.00000000
  0.00075005   0.00000000    -0.00017291   0.00000000     0.00011542   0.00000000
 -0.00006911   0.00000000    -0.00011542   0.00000000     0.00230765   0.00000000
    3    5
  0.00005763   0.00000000    -0.00004014   0.00000000    -0.00176318   0.00000000
  0.00004014   0.00000000     0.00007674   0.00000000    -0.00050612   0.00000000
  0.00176318   0.00000000    -0.00050612   0.00000000    -0.00001591   0.00000000
    3    6
 -0.00001140   0.00000000     0.00008190   0.00000000     0.00026851   0.00000000
 -0.00008190   0.00000000    -0.00008581   0.00000000    -0.00001427   0.00000000
  0.00026851   0.00000000     0.00001427   0.00000000    -0.00013813   0.00000000
    3    7
 -0.33168623   0.00000000     0.05703695  -0.00000000     0.00002833  -0.00000000
  0.05298900  -0.00000000    -0.05697655   0.00000000    -0.00002496   0.00000000
 -0.00005407   0.00000000     0.00000867  -0.00000000    -0.04867565   0.00000000
    3    8
 -0.00171798   0.00000000     0.00089685  -0.00000000    -0.00000003   0.00000000
  0.00054835  -0.00000000    -0.00067800   0.00000000     0.00004683  -0.00000000
 -0.00001269   0.00000000     0.00000550  -0.00000000     0.00074598  -0.00000000
    3    9
  0.00003664  -0.00000000     0.00001524  -0.00000000    -0.00160990   0.00000000
 -0.00005224   0.00000000    -0.00002206   0.00000000     0.00101367  -0.00000000
 -0.00115581   0.00000000     0.00008067  -0.00000000    -0.00001494   0.00000000
    3   10
  0.00004753  -0.00000000    -0.00001890   0.00000000     0.00009124  -0.00000000
  0.00003674  -0.00000000     0.00004872  -0.00000000     0.00039417  -0.00000000
  0.00035432  -0.00000000    -0.00098783   0.00000000    -0.00002811   0.00000000
    3   11
 -0.12890384   0.00000000    -0.12489386   0.00000000    -0.00002751   0.00000000
 -0.12285592   0.00000000    -0.25103215   0.00000000     0.00006883   0.00000000
  0.00005890   0.00000000     0.00007888   0.00000000    -0.05370494   0.00000000
    3   12
 -0.00083863   0.00000000    -0.00047402   0.00000000     0.00000068   0.00000000
 -0.00034247   0.00000000    -0.00134802   0.00000000     0.00005417   0.00000000
 -0.00000778   0.00000000    -0.00003378   0.00000000     0.00017266   0.00000000
    3   13
 -0.00004091   0.00000000     0.00005289   0.00000000    -0.00044035   0.00000000
  0.00007393   0.00000000    -0.00001073   0.00000000     0.00031232   0.00000000
  0.00044732   0.00000000     0.00010513   0.00000000    -0.00000543   0.00000000
    3   14
 -0.00001947   0.00000000     0.00007315   0.00000000     0.00008012   0.00000000
 -0.00006551   0.00000000    -0.00003375   0.00000000     0.00201584   0.00000000
 -0.00025473   0.00000000    -0.00009365   0.00000000     0.00001304   0.00000000
    3   15
  0.05941655  -0.00000000    -0.03581363   0.00000000    -0.04921495   0.00000000
 -0.03641009   0.00000000     0.13353029  -0.00000000     0.13047119  -0.00000000
 -0.04934434   0.00000000     0.12969910  -0.00000000     0.25577909  -0.00000000
    3   16
  0.00108188  -0.00000000     0.00009649  -0.00000000     0.00018508  -0.00000000
  0.00012658  -0.00000000     0.00052482  -0.00000000     0.00018002  -0.00000000
 -0.00011316   0.00000000     0.00021022  -0.00000000    -0.00059115   0.00000000
    3   17
  0.00019793  -0.00000000    -0.00027504   0.00000000    -0.00055961   0.00000000
  0.00007780  -0.00000000     0.00046167  -0.00000000     0.00142399  -0.00000000
  0.00094387  -0.00000000     0.00070050  -0.00000000     0.00039298  -0.00000000
    3   18
  0.00047590  -0.00000000     0.00058285  -0.00000000    -0.00042978   0.00000000
  0.00023273  -0.00000000     0.00049014  -0.00000000     0.00035430  -0.00000000
 -0.00008902   0.00000000    -0.00123553   0.00000000     0.00071253  -0.00000000
    3   19
 -0.00107273   0.00000000    -0.00009802   0.00000000     0.00013651   0.00000000
 -0.00009862   0.00000000    -0.00051083   0.00000000     0.00019851   0.00000000
 -0.00005713   0.00000000     0.00024354   0.00000000     0.00058592   0.00000000
    3   20
 -0.05944721   0.00000000     0.03585017   0.00000000    -0.04922732   0.00000000
  0.03636471   0.00000000    -0.13352305   0.00000000     0.13047821   0.00000000
 -0.04931386   0.00000000     0.12960025   0.00000000    -0.25570601   0.00000000
    3   21
 -0.00054145   0.00000000    -0.00066746   0.00000000    -0.00051423   0.00000000
 -0.00030436   0.00000000    -0.00063930   0.00000000     0.00029222   0.00000000
 -0.00009253   0.00000000    -0.00117320   0.00000000    -0.00075366   0.00000000
    3   22
 -0.00014962   0.00000000     0.00023499   0.00000000    -0.00054899   0.00000000
 -0.00003310   0.00000000    -0.00021981   0.00000000     0.00133629   0.00000000
  0.00094679   0.00000000     0.00065810   0.00000000    -0.00045043   0.00000000
    4    1
 -0.00011604   0.00000000     0.00003795  -0.00000000    -0.01057948   0.00000000
  0.00015690  -0.00000000     0.00007439  -0.00000000     0.02940893  -0.00000000
 -0.01281069   0.00000000     0.02631747  -0.00000000    -0.00005774   0.00000000
    4    2
  0.01262979  -0.00000000    -0.00567858   0.00000000    -0.00001322   0.00000000
 -0.00764304   0.00000000     0.00117116  -0.00000000    -0.00005807   0.00000000
 -0.00007646   0.00000000    -0.00016347   0.00000000    -0.00515474   0.00000000
    4    3
  0.00112880   0.00000000     0.00075005   0.00000000    -0.00006911   0.00000000
  0.00075005   0.00000000    -0.00017291   0.00000000    -0.00011542   0.00000000
  0.00006911   0.00000000     0.00011542   0.00000000     0.00230765   0.00000000
    4    4
  0.59428997   0.00000000    -0.01926506   0.00000000    -0.00001414   0.00000000
 -0.01926506   0.00000000     0.59528744   0.00000000    -0.00012847   0.00000000
 -0.00001414   0.00000000    -0.00012847   0.00000000     0.64453976   0.00000000
    4    5
 -0.00001140   0.00000000     0.00008190   0.00000000    -0.00026851   0.00000000
 -0.00008190   0.00000000    -0.00008581   0.00000000     0.00001427   0.00000000
 -0.00026851   0.00000000    -0.00001427   0.00000000    -0.00013813   0.00000000
    4    6
  0.00005763   0.00000000    -0.00004014   0.00000000     0.00176318   0.00000000
  0.00004014   0.00000000     0.00007674   0.00000000     0.00050612   0.00000000
 -0.00176318   0.00000000     0.00050612   0.00000000    -0.00001591   0.00000000
    4    7
 -0.00171798   0.00000000     0.00089685  -0.00000000     0.00000003  -0.00000000
  0.00054835  -0.00000000    -0.00067800   0.00000000    -0.00004683   0.00000000
  0.00001269  -0.00000000    -0.00000550   0.00000000     0.00074598  -0.00000000
    4    8
 -0.33168623   0.00000000     0.05703695  -0.00000000    -0.00002833   0.00000000
  0.05298900  -0.00000000    -0.05697655   0.00000000     0.00002496  -0.00000000
  0.00005407  -0.00000000    -0.00000867   0.00000000    -0.04867565   0.00000000
    4    9
  0.00004753  -0.00000000    -0.00001890   0.00000000    -0.00009124   0.00000000
  0.00003674  -0.00000000     0.00004872  -0.00000000    -0.00039417   0.00000000
 -0.00035432   0.00000000     0.00098783  -0.00000000    -0.00002811   0.00000000
    4   10
  0.00003664  -0.00000000     0.00001524  -0.00000000     0.00160990  -0.00000000
 -0.00005224   0.00000000    -0.00002206   0.00000000    -0.00101367   0.00000000
  0.00115581  -0.00000000    -0.00008067   0.00000000    -0.00001494   0.00000000
    4   11
 -0.00083863   0.00000000    -0.00047402   0.00000000    -0.00000068   0.00000000
 -0.00034247   0.00000000    -0.00134802   0.00000000    -0.00005417   0.00000000
  0.00000778   0.00000000     0.00003378   0.00000000     0.00017266   0.00000000
    4   12
 -0.12890384   0.00000000    -0.12489386   0.00000000     0.00002751   0.00000000
 -0.12285592   0.00000000    -0.25103215   0.00000000    -0.00006883   0.00000000
 -0.00005890   0.00000000    -0.00007888   0.00000000    -0.05370494   0.00000000
    4   13
 -0.00001947   0.00000000     0.00007315   0.00000000    -0.00008012   0.00000000
 -0.00006551   0.00000000    -0.00003375   0.00000000    -0.00201584   0.00000000
  0.00025473   0.00000000     0.00009365   0.00000000     0.00001304   0.00000000
    4   14
 -0.00004091   0.00000000     0.00005289   0.00000000     0.00044035   0.00000000
  0.00007393   0.00000000    -0.00001073   0.00000000    -0.00031232   0.00000000
 -0.00044732   0.00000000    -0.00010513   0.00000000    -0.00000543   0.00000000
    4   15
  0.00108188  -0.00000000     0.00009649  -0.00000000    -0.00018508   0.00000000
  0.00012658  -0.00000000     0.00052482  -0.00000000    -0.00018002   0.00000000
  0.00011316  -0.00000000    -0.00021022   0.00000000    -0.00059115   0.00000000
    4   16
  0.05941655  -0.00000000    -0.03581363   0.00000000     0.04921495  -0.00000000
 -0.03641009   0.00000000     0.13353029  -0.00000000    -0.13047119   0.00000000
  0.04934434  -0.00000000    -0.12969910   0.00000000     0.25577909  -0.00000000
    4   17
  0.00047590  -0.00000000     0.00058285  -0.00000000     0.00042978  -0.00000000
  0.00023273  -0.00000000     0.00049014  -0.00000000    -0.00035430   0.00000000
  0.00008902  -0.00000000     0.00123553  -0.00000000     0.00071253  -0.00000000
    4   18
  0.00019793  -0.00000000    -0.00027504   0.00000000     0.00055961  -0.00000000
  0.00007780  -0.00000000     0.00046167  -0.00000000    -0.00142399   0.00000000
 -0.00094387   0.00000000    -0.00070050   0.00000000     0.00039298  -0.00000000
    4   19
 -0.05944721   0.00000000     0.03585017   0.00000000     0.04922732   0.00000000
  0.03636471   0.00000000    -0.13352305   0.00000000    -0.13047821   0.00000000
  0.04931386   0.00000000    -0.12960025   0.00000000    -0.25570601   0.00000000
    4   20
 -0.00107273   0.00000000    -0.00009802   0.00000000    -0.00013651   0.00000000
 -0.00009862   0.00000000    -0.00051083   0.00000000    -0.00019851   0.00000000
  0.00005713   0.00000000    -0.00024354   0.00000000     0.00058592   0.00000000
    4   21
 -0.00014962   0.00000000     0.00023499   0.00000000     0.00054899   0.00000000
 -0.00003310   0.00000000    -0.00021981   0.00000000    -0.00133629   0.00000000
 -0.00094679   0.00000000    -0.00065810   0.00000000    -0.00045043   0.00000000
    4   22
 -0.00054145   0.00000000    -0.00066746   0.00000000     0.00051423   0.00000000
 -0.00030436   0.00000000    -0.00063930   0.00000000    -0.00029222   0.00000000
  0.00009253   0.00000000     0.00117320   0.00000000    -0.00075366   0.00000000
    5    1
 -0.01262979   0.00000000    -0.00567858   0.00000000     0.00001322  -0.00000000
 -0.00764304   0.00000000    -0.00117116   0.00000000    -0.00005807   0.00000000
  0.00007646  -0.00000000    -0.00016347   0.00000000     0.00515474  -0.00000000
    5    2
  0.00011604  -0.00000000     0.00003795  -0.00000000     0.01057948  -0.00000000
  0.00015690  -0.00000000    -0.00007439   0.00000000     0.02940893  -0.00000000
  0.01281069  -0.00000000     0.02631747  -0.00000000     0.00005774  -0.00000000
    5    3
  0.00005763   0.00000000     0.00004014   0.00000000     0.00176318   0.00000000
 -0.00004014   0.00000000     0.00007674   0.00000000    -0.00050612   0.00000000
 -0.00176318   0.00000000    -0.00050612   0.00000000    -0.00001591   0.00000000
    5    4
 -0.00001140   0.00000000    -0.00008190   0.00000000    -0.00026851   0.00000000
  0.00008190   0.00000000    -0.00008581   0.00000000    -0.00001427   0.00000000
 -0.00026851   0.00000000     0.00001427   0.00000000    -0.00013813   0.00000000
    5    5
  0.59428997   0.00000000     0.01926506   0.00000000    -0.00001414   0.00000000
  0.01926506   0.00000000     0.59528744   0.00000000     0.00012847   0.00000000
 -0.00001414   0.00000000     0.00012847   0.00000000     0.64453976   0.00000000
    5    6
  0.00112880   0.00000000    -0.00075005   0.00000000    -0.00006911   0.00000000
 -0.00075005   0.00000000    -0.00017291   0.00000000     0.00011542   0.00000000
  0.00006911   0.00000000    -0.00011542   0.00000000     0.00230765   0.00000000
    5    7
  0.00003664  -0.00000000    -0.00001524   0.00000000     0.00160990  -0.00000000
  0.00005224  -0.00000000    -0.00002206   0.00000000     0.00101367  -0.00000000
  0.00115581  -0.00000000     0.00008067  -0.00000000    -0.00001494   0.00000000
    5    8
  0.00004753  -0.00000000     0.00001890  -0.00000000    -0.00009124   0.00000000
 -0.00003674   0.00000000     0.00004872  -0.00000000     0.00039417  -0.00000000
 -0.00035432   0.00000000    -0.00098783   0.00000000    -0.00002811   0.00000000
    5    9
 -0.33168623   0.00000000    -0.05703695   0.00000000    -0.00002833   0.00000000
 -0.05298900   0.00000000    -0.05697655   0.00000000    -0.00002496   0.00000000
  0.00005407  -0.00000000     0.00000867  -0.00000000    -0.04867565   0.00000000
    5   10
 -0.00171798   0.00000000    -0.00089685   0.00000000     0.00000003  -0.00000000
 -0.00054835   0.00000000    -0.00067800   0.00000000     0.00004683  -0.00000000
  0.00001269  -0.00000000     0.00000550  -0.00000000     0.00074598  -0.00000000
    5   11
 -0.00004091   0.00000000    -0.00005289   0.00000000     0.00044035   0.00000000
 -0.00007393   0.00000000    -0.00001073   0.00000000     0.00031232   0.00000000
 -0.00044732   0.00000000     0.00010513   0.00000000    -0.00000543   0.00000000
    5   12
 -0.00001947   0.00000000    -0.00007315   0.00000000    -0.00008012   0.00000000
  0.00006551   0.00000000    -0.00003375   0.00000000     0.00201584   0.00000000
  0.00025473   0.00000000    -0.00009365   0.00000000     0.00001304   0.00000000
    5   13
 -0.12890384   0.00000000     0.12489386   0.00000000     0.00002751   0.00000000
  0.12285592   0.00000000    -0.25103215   0.00000000     0.00006883   0.00000000
 -0.00005890   0.00000000     0.00007888   0.00000000    -0.05370494   0.00000000
    5   14
 -0.00083863   0.00000000     0.00047402   0.00000000    -0.00000068   0.00000000
  0.00034247   0.00000000    -0.00134802   0.00000000     0.00005417   0.00000000
  0.00000778   0.00000000    -0.00003378   0.00000000     0.00017266   0.00000000
    5   15
 -0.00019793   0.00000000    -0.00027504   0.00000000    -0.00055961   0.00000000
  0.00007780  -0.00000000    -0.00046167   0.00000000    -0.00142399   0.00000000
  0.00094387  -0.00000000    -0.00070050   0.00000000    -0.00039298   0.00000000
    5   16
 -0.00047590   0.00000000     0.00058285  -0.00000000    -0.00042978   0.00000000
  0.00023273  -0.00000000    -0.00049014   0.00000000    -0.00035430   0.00000000
 -0.00008902   0.00000000     0.00123553  -0.00000000    -0.00071253   0.00000000
    5   17
 -0.05941655   0.00000000    -0.03581363   0.00000000    -0.04921495   0.00000000
 -0.03641009   0.00000000    -0.13353029   0.00000000    -0.13047119   0.00000000
 -0.04934434   0.00000000    -0.12969910   0.00000000    -0.25577909   0.00000000
    5   18
 -0.00108188   0.00000000     0.00009649  -0.00000000     0.00018508  -0.00000000
  0.00012658  -0.00000000    -0.00052482   0.00000000    -0.00018002   0.00000000
 -0.00011316   0.00000000    -0.00021022   0.00000000     0.00059115  -0.00000000
    5   19
 -0.00054145   0.00000000     0.00066746   0.00000000     0.00051423   0.00000000
  0.00030436   0.00000000    -0.00063930   0.00000000     0.00029222   0.00000000
  0.00009253   0.00000000    -0.00117320   0.00000000    -0.00075366   0.00000000
    5   20
 -0.00014962   0.00000000    -0.00023499   0.00000000     0.00054899   0.00000000
  0.00003310   0.00000000    -0.00021981   0.00000000     0.00133629   0.00000000
 -0.00094679   0.00000000     0.00065810   0.00000000    -0.00045043   0.00000000
    5   21
 -0.00107273   0.00000000     0.00009802   0.00000000    -0.00013651   0.00000000
  0.00009862   0.00000000    -0.00051083   0.00000000     0.00019851   0.00000000
  0.00005713   0.00000000     0.00024354   0.00000000     0.00058592   0.00000000
    5   22
 -0.05944721   0.00000000    -0.03585017   0.00000000     0.04922732   0.00000000
 -0.03636471   0.00000000    -0.13352305   0.00000000     0.13047821   0.00000000
  0.04931386   0.00000000     0.12960025   0.00000000    -0.25570601   0.00000000
    6    1
 -0.01262979   0.00000000    -0.00567858   0.00000000    -0.00001322   0.00000000
 -0.00764304   0.00000000    -0.00117116   0.00000000     0.00005807  -0.00000000
 -0.00007646   0.00000000     0.00016347  -0.00000000     0.00515474  -0.00000000
    6    2
  0.00011604  -0.00000000     0.00003795  -0.00000000    -0.01057948   0.00000000
  0.00015690  -0.00000000    -0.00007439   0.00000000    -0.02940893   0.00000000
 -0.01281069   0.00000000    -0.02631747   0.00000000     0.00005774  -0.00000000
    6    3
 -0.00001140   0.00000000    -0.00008190   0.00000000     0.00026851   0.00000000
  0.00008190   0.00000000    -0.00008581   0.00000000     0.00001427   0.00000000
  0.00026851   0.00000000    -0.00001427   0.00000000    -0.00013813   0.00000000
    6    4
  0.00005763   0.00000000     0.00004014   0.00000000    -0.00176318   0.00000000
 -0.00004014   0.00000000     0.00007674   0.00000000     0.00050612   0.00000000
  0.00176318   0.00000000     0.00050612   0.00000000    -0.00001591   0.00000000
    6    5
  0.00112880   0.00000000    -0.00075005   0.00000000     0.00006911   0.00000000
 -0.00075005   0.00000000    -0.00017291   0.00000000    -0.00011542   0.00000000
 -0.00006911   0.00000000     0.00011542   0.00000000     0.00230765   0.00000000
    6    6
  0.59428997   0.00000000     0.01926506   0.00000000     0.00001414   0.00000000
  0.01926506   0.00000000     0.59528744   0.00000000    -0.00012847   0.00000000
  0.00001414   0.00000000    -0.00012847   0.00000000     0.64453976   0.00000000
    6    7
  0.00004753  -0.00000000     0.00001890  -0.00000000     0.00009124  -0.00000000
 -0.00003674   0.00000000     0.00004872  -0.00000000    -0.00039417   0.00000000
  0.00035432  -0.00000000     0.00098783  -0.00000000    -0.00002811   0.00000000
    6    8
  0.00003664  -0.00000000    -0.00001524   0.00000000    -0.00160990   0.00000000
  0.00005224  -0.00000000    -0.00002206   0.00000000    -0.00101367   0.00000000
 -0.00115581   0.00000000    -0.00008067   0.00000000    -0.00001494   0.00000000
    6    9
 -0.00171798   0.00000000    -0.00089685   0.00000000    -0.00000003   0.00000000
 -0.00054835   0.00000000    -0.00067800   0.00000000    -0.00004683   0.00000000
 -0.00001269   0.00000000    -0.00000550   0.00000000     0.00074598  -0.00000000
    6   10
 -0.33168623   0.00000000    -0.05703695   0.00000000     0.00002833  -0.00000000
 -0.05298900   0.00000000    -0.05697655   0.00000000     0.00002496  -0.00000000
 -0.00005407   0.00000000    -0.00000867   0.00000000    -0.04867565   0.00000000
    6   11
 -0.00001947   0.00000000    -0.00007315   0.00000000     0.00008012   0.00000000
  0.00006551   0.00000000    -0.00003375   0.00000000    -0.00201584   0.00000000
 -0.00025473   0.00000000     0.00009365   0.00000000     0.00001304   0.00000000
    6   12
 -0.00004091   0.00000000    -0.00005289   0.00000000    -0.00044035   0.00000000
 -0.00007393   0.00000000    -0.00001073   0.00000000    -0.00031232   0.00000000
  0.00044732   0.00000000    -0.00010513   0.00000000    -0.00000543   0.00000000
    6   13
 -0.00083863   0.00000000     0.00047402   0.00000000     0.00000068   0.00000000
  0.00034247   0.00000000    -0.00134802   0.00000000    -0.00005417   0.00000000
 -0.00000778   0.00000000     0.00003378   0.00000000     0.00017266   0.00000000
    6   14
 -0.12890384   0.00000000     0.12489386   0.00000000    -0.00002751   0.00000000
  0.12285592   0.00000000    -0.25103215   0.00000000    -0.00006883   0.00000000
  0.00005890   0.00000000    -0.00007888   0.00000000    -0.05370494   0.00000000
    6   15
 -0.00047590   0.00000000     0.00058285  -0.00000000     0.00042978  -0.00000000
  0.00023273  -0.00000000    -0.00049014   0.00000000     0.00035430  -0.00000000
  0.00008902  -0.00000000    -0.00123553   0.00000000    -0.00071253   0.00000000
    6   16
 -0.00019793   0.00000000    -0.00027504   0.00000000     0.00055961  -0.00000000
  0.00007780  -0.00000000    -0.00046167   0.00000000     0.00142399  -0.00000000
 -0.00094387   0.00000000     0.00070050  -0.00000000    -0.00039298   0.00000000
    6   17
 -0.00108188   0.00000000     0.00009649  -0.00000000    -0.00018508   0.00000000
  0.00012658  -0.00000000    -0.00052482   0.00000000     0.00018002  -0.00000000
  0.00011316  -0.00000000     0.00021022  -0.00000000     0.00059115  -0.00000000
    6   18
 -0.05941655   0.00000000    -0.03581363   0.00000000     0.04921495  -0.00000000
 -0.03641009   0.00000000    -0.13353029   0.00000000     0.13047119  -0.00000000
  0.04934434  -0.00000000     0.12969910  -0.00000000    -0.25577909   0.00000000
    6   19
 -0.00014962   0.00000000    -0.00023499   0.00000000    -0.00054899   0.00000000
  0.00003310   0.00000000    -0.00021981   0.00000000    -0.00133629   0.00000000
  0.00094679   0.00000000    -0.00065810   0.00000000    -0.00045043   0.00000000
    6   20
 -0.00054145   0.00000000     0.00066746   0.00000000    -0.00051423   0.00000000
  0.00030436   0.00000000    -0.00063930   0.00000000    -0.00029222   0.00000000
 -0.00009253   0.00000000     0.00117320   0.00000000    -0.00075366   0.00000000
    6   21
 -0.05944721   0.00000000    -0.03585017   0.00000000    -0.04922732   0.00000000
 -0.03636471   0.00000000    -0.13352305   0.00000000    -0.13047821   0.00000000
 -0.04931386   0.00000000    -0.12960025   0.00000000    -0.25570601   0.00000000
    6   22
 -0.00107273   0.00000000     0.00009802   0.00000000     0.00013651   0.00000000
  0.00009862   0.00000000    -0.00051083   0.00000000    -0.00019851   0.00000000
 -0.00005713   0.00000000    -0.00024354   0.00000000     0.00058592   0.00000000
    7    1
  0.00005536  -0.00000000     0.00003252  -0.00000000    -0.00127936   0.00000000
 -0.00006868   0.00000000    -0.00004048   0.00000000    -0.00486187   0.00000000
 -0.00624266   0.00000000    -0.00354356   0.00000000     0.00008085  -0.00000000
    7    2
 -0.00572139   0.00000000     0.00197976  -0.00000000    -0.00004222   0.00000000
  0.00193944  -0.00000000    -0.00012030   0.00000000    -0.00012471   0.00000000
  0.00018752  -0.00000000    -0.00042630   0.00000000     0.00464774  -0.00000000
    7    3
 -0.33168623  -0.00000000     0.05298900   0.00000000    -0.00005407  -0.00000000
  0.05703695   0.00000000    -0.05697655  -0.00000000     0.00000867   0.00000000
  0.00002833   0.00000000    -0.00002496  -0.00000000    -0.04867565  -0.00000000
    7    4
 -0.00171798  -0.00000000     0.00054835   0.00000000     0.00001269   0.00000000
  0.00089685   0.00000000    -0.00067800  -0.00000000    -0.00000550  -0.00000000
  0.00000003   0.00000000    -0.00004683  -0.00000000     0.00074598   0.00000000
    7    5
  0.00003664   0.00000000     0.00005224   0.00000000     0.00115581   0.00000000
 -0.00001524  -0.00000000    -0.00002206  -0.00000000     0.00008067   0.00000000
  0.00160990   0.00000000     0.00101367   0.00000000    -0.00001494  -0.00000000
    7    6
  0.00004753   0.00000000    -0.00003674  -0.00000000     0.00035432   0.00000000
  0.00001890   0.00000000     0.00004872   0.00000000     0.00098783   0.00000000
  0.00009124   0.00000000    -0.00039417  -0.00000000    -0.00002811  -0.00000000
    7    7
  0.37460434   0.00000000    -0.06206524   0.00000000     0.00000867   0.00000000
 -0.06206524   0.00000000     0.06953250   0.00000000    -0.00001859   0.00000000
  0.00000867   0.00000000    -0.00001859   0.00000000     0.06348610   0.00000000
    7    8
  0.00039723   0.00000000    -0.00028501   0.00000000     0.00002304   0.00000000
 -0.00028501   0.00000000     0.00022898   0.00000000    -0.00002043   0.00000000
 -0.00002304   0.00000000     0.00002043   0.00000000     0.00042784   0.00000000
    7    9
 -0.00007660   0.00000000    -0.00002489   0.00000000     0.00099627   0.00000000
  0.00002489   0.00000000    -0.00001747   0.00000000    -0.00012685   0.00000000
 -0.00099627   0.00000000    -0.00012685   0.00000000    -0.00004290   0.00000000
    7   10
  0.00009166   0.00000000     0.00002607   0.00000000    -0.00043860   0.00000000
 -0.00002607   0.00000000     0.00002687   0.00000000     0.00011863   0.00000000
 -0.00043860   0.00000000    -0.00011863   0.00000000     0.00001992   0.00000000
    7   11
 -0.01906491  -0.00000000     0.00408525   0.00000000    -0.00000353  -0.00000000
 -0.03031006  -0.00000000     0.00533220   0.00000000    -0.00000002  -0.00000000
  0.00004001   0.00000000     0.00000438   0.00000000    -0.00216929  -0.00000000
    7   12
  0.00025040   0.00000000     0.00075131   0.00000000     0.00000061   0.00000000
  0.00050934   0.00000000    -0.00090629  -0.00000000     0.00001199   0.00000000
  0.00002209   0.00000000     0.00000083   0.00000000     0.00011175   0.00000000
    7   13
 -0.00000375  -0.00000000    -0.00002190  -0.00000000    -0.00095235  -0.00000000
 -0.00000053  -0.00000000     0.00001508   0.00000000     0.00023078   0.00000000
 -0.00067023  -0.00000000     0.00019040   0.00000000     0.00000419   0.00000000
    7   14
  0.00001782   0.00000000     0.00000378   0.00000000    -0.00038476  -0.00000000
 -0.00000448  -0.00000000    -0.00000512  -0.00000000    -0.00034428  -0.00000000
 -0.00011314  -0.00000000    -0.00029124  -0.00000000    -0.00000125  -0.00000000
    7   15
  0.00690513  -0.00000000    -0.00133105   0.00000000    -0.00058142   0.00000000
 -0.01961886   0.00000000     0.00474704  -0.00000000    -0.00057150   0.00000000
 -0.02970522   0.00000000     0.00531853  -0.00000000    -0.00096401   0.00000000
    7   16
 -0.00001981   0.00000000    -0.00074872   0.00000000    -0.00000128   0.00000000
  0.00003056  -0.00000000     0.00026216  -0.00000000     0.00000258  -0.00000000
 -0.00017619   0.00000000    -0.00003401   0.00000000    -0.00041199   0.00000000
    7   17
  0.00034112  -0.00000000     0.00000638  -0.00000000     0.00092948  -0.00000000
  0.00019724  -0.00000000     0.00006259  -0.00000000    -0.00009457   0.00000000
  0.00032444  -0.00000000    -0.00024114   0.00000000    -0.00012823   0.00000000
    7   18
 -0.00001709   0.00000000     0.00024357  -0.00000000    -0.00040026   0.00000000
  0.00021574  -0.00000000     0.00004359  -0.00000000    -0.00017540   0.00000000
 -0.00014255   0.00000000     0.00006507  -0.00000000    -0.00009024   0.00000000
    7   19
  0.00005743   0.00000000     0.00070841   0.00000000     0.00005228   0.00000000
 -0.00005081  -0.00000000    -0.00023983  -0.00000000    -0.00002135  -0.00000000
 -0.00011944  -0.00000000    -0.00004499  -0.00000000     0.00037452   0.00000000
    7   20
 -0.00689168  -0.00000000     0.00136737   0.00000000    -0.00056567  -0.00000000
  0.01960897   0.00000000    -0.00475604  -0.00000000    -0.00057616  -0.00000000
 -0.02964379  -0.00000000     0.00525574   0.00000000     0.00097921   0.00000000
    7   21
  0.00001797   0.00000000    -0.00024790  -0.00000000    -0.00048238  -0.00000000
 -0.00020493  -0.00000000    -0.00009541  -0.00000000    -0.00018038  -0.00000000
 -0.00017641  -0.00000000     0.00008839   0.00000000     0.00011085   0.00000000
    7   22
 -0.00032580  -0.00000000     0.00004733   0.00000000     0.00090203   0.00000000
 -0.00020854  -0.00000000    -0.00002928  -0.00000000    -0.00010082  -0.00000000
  0.00028127   0.00000000    -0.00028635  -0.00000000     0.00008205   0.00000000
    8    1
  0.00005536  -0.00000000     0.00003252  -0.00000000     0.00127936  -0.00000000
 -0.00006868   0.00000000    -0.00004048   0.00000000     0.00486187  -0.00000000
  0.00624266  -0.00000000     0.00354356  -0.00000000     0.00008085  -0.00000000
    8    2
 -0.00572139   0.00000000     0.00197976  -0.00000000     0.00004222  -0.00000000
  0.00193944  -0.00000000    -0.00012030   0.00000000     0.00012471  -0.00000000
 -0.00018752   0.00000000     0.00042630  -0.00000000     0.00464774  -0.00000000
    8    3
 -0.00171798  -0.00000000     0.00054835   0.00000000    -0.00001269  -0.00000000
  0.00089685   0.00000000    -0.00067800  -0.00000000     0.00000550   0.00000000
 -0.00000003  -0.00000000     0.00004683   0.00000000     0.00074598   0.00000000
    8    4
 -0.33168623  -0.00000000     0.05298900   0.00000000     0.00005407   0.00000000
  0.05703695   0.00000000    -0.05697655  -0.00000000    -0.00000867  -0.00000000
 -0.00002833  -0.00000000     0.00002496   0.00000000    -0.04867565  -0.00000000
    8    5
  0.00004753   0.00000000    -0.00003674  -0.00000000    -0.00035432  -0.00000000
  0.00001890   0.00000000     0.00004872   0.00000000    -0.00098783  -0.00000000
 -0.00009124  -0.00000000     0.00039417   0.00000000    -0.00002811  -0.00000000
    8    6
  0.00003664   0.00000000     0.00005224   0.00000000    -0.00115581  -0.00000000
 -0.00001524  -0.00000000    -0.00002206  -0.00000000    -0.00008067  -0.00000000
 -0.00160990  -0.00000000    -0.00101367  -0.00000000    -0.00001494  -0.00000000
    8    7
  0.00039723   0.00000000    -0.00028501   0.00000000    -0.00002304   0.00000000
 -0.00028501   0.00000000     0.00022898   0.00000000     0.00002043   0.00000000
  0.00002304   0.00000000    -0.00002043   0.00000000     0.00042784   0.00000000
    8    8
  0.37460434   0.00000000    -0.06206524   0.00000000    -0.00000867   0.00000000
 -0.06206524   0.00000000     0.06953250   0.00000000     0.00001859   0.00000000
 -0.00000867   0.00000000     0.00001859   0.00000000     0.06348610   0.00000000
    8    9
  0.00009166   0.00000000     0.00002607   0.00000000     0.00043860   0.00000000
 -0.00002607   0.00000000     0.00002687   0.00000000    -0.00011863   0.00000000
  0.00043860   0.00000000     0.00011863   0.00000000     0.00001992   0.00000000
    8   10
 -0.00007660   0.00000000    -0.00002489   0.00000000    -0.00099627   0.00000000
  0.00002489   0.00000000    -0.00001747   0.00000000     0.00012685   0.00000000
  0.00099627   0.00000000     0.00012685   0.00000000    -0.00004290   0.00000000
    8   11
  0.00025040   0.00000000     0.00075131   0.00000000    -0.00000061  -0.00000000
  0.00050934   0.00000000    -0.00090629  -0.00000000    -0.00001199  -0.00000000
 -0.00002209  -0.00000000    -0.00000083  -0.00000000     0.00011175   0.00000000
    8   12
 -0.01906491  -0.00000000     0.00408525   0.00000000     0.00000353   0.00000000
 -0.03031006  -0.00000000     0.00533220   0.00000000     0.00000002   0.00000000
 -0.00004001  -0.00000000    -0.00000438  -0.00000000    -0.00216929  -0.00000000
    8   13
  0.00001782   0.00000000     0.00000378   0.00000000     0.00038476   0.00000000
 -0.00000448  -0.00000000    -0.00000512  -0.00000000     0.00034428   0.00000000
  0.00011314   0.00000000     0.00029124   0.00000000    -0.00000125  -0.00000000
    8   14
 -0.00000375  -0.00000000    -0.00002190  -0.00000000     0.00095235   0.00000000
 -0.00000053  -0.00000000     0.00001508   0.00000000    -0.00023078  -0.00000000
  0.00067023   0.00000000    -0.00019040  -0.00000000     0.00000419   0.00000000
    8   15
 -0.00001981   0.00000000    -0.00074872   0.00000000     0.00000128  -0.00000000
  0.00003056  -0.00000000     0.00026216  -0.00000000    -0.00000258   0.00000000
  0.00017619  -0.00000000     0.00003401  -0.00000000    -0.00041199   0.00000000
    8   16
  0.00690513  -0.00000000    -0.00133105   0.00000000     0.00058142  -0.00000000
 -0.01961886   0.00000000     0.00474704  -0.00000000     0.00057150  -0.00000000
  0.02970522  -0.00000000    -0.00531853   0.00000000    -0.00096401   0.00000000
    8   17
 -0.00001709   0.00000000     0.00024357  -0.00000000     0.00040026  -0.00000000
  0.00021574  -0.00000000     0.00004359  -0.00000000     0.00017540  -0.00000000
  0.00014255  -0.00000000    -0.00006507   0.00000000    -0.00009024   0.00000000
    8   18
  0.00034112  -0.00000000     0.00000638  -0.00000000    -0.00092948   0.00000000
  0.00019724  -0.00000000     0.00006259  -0.00000000     0.00009457  -0.00000000
 -0.00032444   0.00000000     0.00024114  -0.00000000    -0.00012823   0.00000000
    8   19
 -0.00689168  -0.00000000     0.00136737   0.00000000     0.00056567   0.00000000
  0.01960897   0.00000000    -0.00475604  -0.00000000     0.00057616   0.00000000
  0.02964379   0.00000000    -0.00525574  -0.00000000     0.00097921   0.00000000
    8   20
  0.00005743   0.00000000     0.00070841   0.00000000    -0.00005228  -0.00000000
 -0.00005081  -0.00000000    -0.00023983  -0.00000000     0.00002135   0.00000000
  0.00011944   0.00000000     0.00004499   0.00000000     0.00037452   0.00000000
    8   21
 -0.00032580  -0.00000000     0.00004733   0.00000000    -0.00090203  -0.00000000
 -0.00020854  -0.00000000    -0.00002928  -0.00000000     0.00010082   0.00000000
 -0.00028127  -0.00000000     0.00028635   0.00000000     0.00008205   0.00000000
    8   22
  0.00001797   0.00000000    -0.00024790  -0.00000000     0.00048238   0.00000000
 -0.00020493  -0.00000000    -0.00009541  -0.00000000     0.00018038   0.00000000
  0.00017641   0.00000000    -0.00008839  -0.00000000     0.00011085   0.00000000
    9    1
  0.00572139  -0.00000000     0.00197976  -0.00000000    -0.00004222   0.00000000
  0.00193944  -0.00000000     0.00012030  -0.00000000     0.00012471  -0.00000000
  0.00018752  -0.00000000     0.00042630  -0.00000000    -0.00464774   0.00000000
    9    2
 -0.00005536   0.00000000     0.00003252  -0.00000000    -0.00127936   0.00000000
 -0.00006868   0.00000000     0.00004048  -0.00000000     0.00486187  -0.00000000
 -0.00624266   0.00000000     0.00354356  -0.00000000    -0.00008085   0.00000000
    9    3
  0.00003664   0.00000000    -0.00005224  -0.00000000    -0.00115581  -0.00000000
  0.00001524   0.00000000    -0.00002206  -0.00000000     0.00008067   0.00000000
 -0.00160990  -0.00000000     0.00101367   0.00000000    -0.00001494  -0.00000000
    9    4
  0.00004753   0.00000000     0.00003674   0.00000000    -0.00035432  -0.00000000
 -0.00001890  -0.00000000     0.00004872   0.00000000     0.00098783   0.00000000
 -0.00009124  -0.00000000    -0.00039417  -0.00000000    -0.00002811  -0.00000000
    9    5
 -0.33168623  -0.00000000    -0.05298900  -0.00000000     0.00005407   0.00000000
 -0.05703695  -0.00000000    -0.05697655  -0.00000000     0.00000867   0.00000000
 -0.00002833  -0.00000000    -0.00002496  -0.00000000    -0.04867565  -0.00000000
    9    6
 -0.00171798  -0.00000000    -0.00054835  -0.00000000    -0.00001269  -0.00000000
 -0.00089685  -0.00000000    -0.00067800  -0.00000000    -0.00000550  -0.00000000
 -0.00000003  -0.00000000    -0.00004683  -0.00000000     0.00074598   0.00000000
    9    7
 -0.00007660   0.00000000     0.00002489   0.00000000    -0.00099627   0.00000000
 -0.00002489   0.00000000    -0.00001747   0.00000000    -0.00012685   0.00000000
  0.00099627   0.00000000    -0.00012685   0.00000000    -0.00004290   0.00000000
    9    8
  0.00009166   0.00000000    -0.00002607   0.00000000     0.00043860   0.00000000
  0.00002607   0.00000000     0.00002687   0.00000000     0.00011863   0.00000000
  0.00043860   0.00000000    -0.00011863   0.00000000     0.00001992   0.00000000
    9    9
  0.37460434   0.00000000     0.06206524   0.00000000    -0.00000867   0.00000000
  0.06206524   0.00000000     0.06953250   0.00000000    -0.00001859   0.00000000
 -0.00000867   0.00000000    -0.00001859   0.00000000     0.06348610   0.00000000
    9   10
  0.00039723   0.00000000     0.00028501   0.00000000    -0.00002304   0.00000000
  0.00028501   0.00000000     0.00022898   0.00000000    -0.00002043   0.00000000
  0.00002304   0.00000000     0.00002043   0.00000000     0.00042784   0.00000000
    9   11
 -0.00000375  -0.00000000     0.00002190   0.00000000     0.00095235   0.00000000
  0.00000053   0.00000000     0.00001508   0.00000000     0.00023078   0.00000000
  0.00067023   0.00000000     0.00019040   0.00000000     0.00000419   0.00000000
    9   12
  0.00001782   0.00000000    -0.00000378  -0.00000000     0.00038476   0.00000000
  0.00000448   0.00000000    -0.00000512  -0.00000000    -0.00034428  -0.00000000
  0.00011314   0.00000000    -0.00029124  -0.00000000    -0.00000125  -0.00000000
    9   13
 -0.01906491  -0.00000000    -0.00408525  -0.00000000     0.00000353   0.00000000
  0.03031006   0.00000000     0.00533220   0.00000000    -0.00000002  -0.00000000
 -0.00004001  -0.00000000     0.00000438   0.00000000    -0.00216929  -0.00000000
    9   14
  0.00025040   0.00000000    -0.00075131  -0.00000000    -0.00000061  -0.00000000
 -0.00050934  -0.00000000    -0.00090629  -0.00000000     0.00001199   0.00000000
 -0.00002209  -0.00000000     0.00000083   0.00000000     0.00011175   0.00000000
    9   15
 -0.00034112   0.00000000     0.00000638  -0.00000000     0.00092948  -0.00000000
  0.00019724  -0.00000000    -0.00006259   0.00000000     0.00009457  -0.00000000
  0.00032444  -0.00000000     0.00024114  -0.00000000     0.00012823  -0.00000000
    9   16
  0.00001709  -0.00000000     0.00024357  -0.00000000    -0.00040026   0.00000000
  0.00021574  -0.00000000    -0.00004359   0.00000000     0.00017540  -0.00000000
 -0.00014255   0.00000000    -0.00006507   0.00000000     0.00009024  -0.00000000
    9   17
 -0.00690513   0.00000000    -0.00133105   0.00000000    -0.00058142   0.00000000
 -0.01961886   0.00000000    -0.00474704   0.00000000     0.00057150  -0.00000000
 -0.02970522   0.00000000    -0.00531853   0.00000000     0.00096401  -0.00000000
    9   18
  0.00001981  -0.00000000    -0.00074872   0.00000000    -0.00000128   0.00000000
  0.00003056  -0.00000000    -0.00026216   0.00000000    -0.00000258   0.00000000
 -0.00017619   0.00000000     0.00003401  -0.00000000     0.00041199  -0.00000000
    9   19
  0.00001797   0.00000000     0.00024790   0.00000000     0.00048238   0.00000000
  0.00020493   0.00000000    -0.00009541  -0.00000000    -0.00018038  -0.00000000
  0.00017641   0.00000000     0.00008839   0.00000000     0.00011085   0.00000000
    9   20
 -0.00032580  -0.00000000    -0.00004733  -0.00000000    -0.00090203  -0.00000000
  0.00020854   0.00000000    -0.00002928  -0.00000000    -0.00010082  -0.00000000
 -0.00028127  -0.00000000    -0.00028635  -0.00000000     0.00008205   0.00000000
    9   21
  0.00005743   0.00000000    -0.00070841  -0.00000000    -0.00005228  -0.00000000
  0.00005081   0.00000000    -0.00023983  -0.00000000    -0.00002135  -0.00000000
  0.00011944   0.00000000    -0.00004499  -0.00000000     0.00037452   0.00000000
    9   22
 -0.00689168  -0.00000000    -0.00136737  -0.00000000     0.00056567   0.00000000
 -0.01960897  -0.00000000    -0.00475604  -0.00000000    -0.00057616  -0.00000000
  0.02964379   0.00000000     0.00525574   0.00000000     0.00097921   0.00000000
   10    1
  0.00572139  -0.00000000     0.00197976  -0.00000000     0.00004222  -0.00000000
  0.00193944  -0.00000000     0.00012030  -0.00000000    -0.00012471   0.00000000
 -0.00018752   0.00000000    -0.00042630   0.00000000    -0.00464774   0.00000000
   10    2
 -0.00005536   0.00000000     0.00003252  -0.00000000     0.00127936  -0.00000000
 -0.00006868   0.00000000     0.00004048  -0.00000000    -0.00486187   0.00000000
  0.00624266  -0.00000000    -0.00354356   0.00000000    -0.00008085   0.00000000
   10    3
  0.00004753   0.00000000     0.00003674   0.00000000     0.00035432   0.00000000
 -0.00001890  -0.00000000     0.00004872   0.00000000    -0.00098783  -0.00000000
  0.00009124   0.00000000     0.00039417   0.00000000    -0.00002811  -0.00000000
   10    4
  0.00003664   0.00000000    -0.00005224  -0.00000000     0.00115581   0.00000000
  0.00001524   0.00000000    -0.00002206  -0.00000000    -0.00008067  -0.00000000
  0.00160990   0.00000000    -0.00101367  -0.00000000    -0.00001494  -0.00000000
   10    5
 -0.00171798  -0.00000000    -0.00054835  -0.00000000     0.00001269   0.00000000
 -0.00089685  -0.00000000    -0.00067800  -0.00000000     0.00000550   0.00000000
  0.00000003   0.00000000     0.00004683   0.00000000     0.00074598   0.00000000
   10    6
 -0.33168623  -0.00000000    -0.05298900  -0.00000000    -0.00005407  -0.00000000
 -0.05703695  -0.00000000    -0.05697655  -0.00000000    -0.00000867  -0.00000000
  0.00002833   0.00000000     0.00002496   0.00000000    -0.04867565  -0.00000000
   10    7
  0.00009166   0.00000000    -0.00002607   0.00000000    -0.00043860   0.00000000
  0.00002607   0.00000000     0.00002687   0.00000000    -0.00011863   0.00000000
 -0.00043860   0.00000000     0.00011863   0.00000000     0.00001992   0.00000000
   10    8
 -0.00007660   0.00000000     0.00002489   0.00000000     0.00099627   0.00000000
 -0.00002489   0.00000000    -0.00001747   0.00000000     0.00012685   0.00000000
 -0.00099627   0.00000000     0.00012685   0.00000000    -0.00004290   0.00000000
   10    9
  0.00039723   0.00000000     0.00028501   0.00000000     0.00002304   0.00000000
  0.00028501   0.00000000     0.00022898   0.00000000     0.00002043   0.00000000
 -0.00002304   0.00000000    -0.00002043   0.00000000     0.00042784   0.00000000
   10   10
  0.37460434   0.00000000     0.06206524   0.00000000     0.00000867   0.00000000
  0.06206524   0.00000000     0.06953250   0.00000000     0.00001859   0.00000000
  0.00000867   0.00000000     0.00001859   0.00000000     0.06348610   0.00000000
   10   11
  0.00001782   0.00000000    -0.00000378  -0.00000000    -0.00038476  -0.00000000
  0.00000448   0.00000000    -0.00000512  -0.00000000     0.00034428   0.00000000
 -0.00011314  -0.00000000     0.00029124   0.00000000    -0.00000125  -0.00000000
   10   12
 -0.00000375  -0.00000000     0.00002190   0.00000000    -0.00095235  -0.00000000
  0.00000053   0.00000000     0.00001508   0.00000000    -0.00023078  -0.00000000
 -0.00067023  -0.00000000    -0.00019040  -0.00000000     0.00000419   0.00000000
   10   13
  0.00025040   0.00000000    -0.00075131  -0.00000000     0.00000061   0.00000000
 -0.00050934  -0.00000000    -0.00090629  -0.00000000    -0.00001199  -0.00000000
  0.00002209   0.00000000    -0.00000083  -0.00000000     0.00011175   0.00000000
   10   14
 -0.01906491  -0.00000000    -0.00408525  -0.00000000    -0.00000353  -0.00000000
  0.03031006   0.00000000     0.00533220   0.00000000     0.00000002   0.00000000
  0.00004001   0.00000000    -0.00000438  -0.00000000    -0.00216929  -0.00000000
   10   15
  0.00001709  -0.00000000     0.00024357  -0.00000000     0.00040026  -0.00000000
  0.00021574  -0.00000000    -0.00004359   0.00000000    -0.00017540   0.00000000
  0.00014255  -0.00000000     0.00006507  -0.00000000     0.00009024  -0.00000000
   10   16
 -0.00034112   0.00000000     0.00000638  -0.00000000    -0.00092948   0.00000000
  0.00019724  -0.00000000    -0.00006259   0.00000000    -0.00009457   0.00000000
 -0.00032444   0.00000000    -0.00024114   0.00000000     0.00012823  -0.00000000
   10   17
  0.00001981  -0.00000000    -0.00074872   0.00000000     0.00000128  -0.00000000
  0.00003056  -0.00000000    -0.00026216   0.00000000     0.00000258  -0.00000000
  0.00017619  -0.00000000    -0.00003401   0.00000000     0.00041199  -0.00000000
   10   18
 -0.00690513   0.00000000    -0.00133105   0.00000000     0.00058142  -0.00000000
 -0.01961886   0.00000000    -0.00474704   0.00000000    -0.00057150   0.00000000
  0.02970522  -0.00000000     0.00531853  -0.00000000     0.00096401  -0.00000000
   10   19
 -0.00032580  -0.00000000    -0.00004733  -0.00000000     0.00090203   0.00000000
  0.00020854   0.00000000    -0.00002928  -0.00000000     0.00010082   0.00000000
  0.00028127   0.00000000     0.00028635   0.00000000     0.00008205   0.00000000
   10   20
  0.00001797   0.00000000     0.00024790   0.00000000    -0.00048238  -0.00000000
  0.00020493   0.00000000    -0.00009541  -0.00000000     0.00018038   0.00000000
 -0.00017641  -0.00000000    -0.00008839  -0.00000000     0.00011085   0.00000000
   10   21
 -0.00689168  -0.00000000    -0.00136737  -0.00000000    -0.00056567  -0.00000000
 -0.01960897  -0.00000000    -0.00475604  -0.00000000     0.00057616   0.00000000
 -0.02964379  -0.00000000    -0.00525574  -0.00000000     0.00097921   0.00000000
   10   22
  0.00005743   0.00000000    -0.00070841  -0.00000000     0.00005228   0.00000000
  0.00005081   0.00000000    -0.00023983  -0.00000000     0.00002135   0.00000000
 -0.00011944  -0.00000000     0.00004499   0.00000000     0.00037452   0.00000000
   11    1
  0.00003383  -0.00000000    -0.00002143   0.00000000     0.00037834  -0.00000000
  0.00012976  -0.00000000     0.00009074  -0.00000000     0.00049102  -0.00000000
  0.00248234  -0.00000000     0.00432678  -0.00000000    -0.00011668   0.00000000
   11    2
 -0.00369525   0.00000000     0.00164336  -0.00000000    -0.00006627   0.00000000
  0.00385364  -0.00000000    -0.00105030   0.00000000     0.00017041  -0.00000000
 -0.00006422   0.00000000    -0.00002967   0.00000000     0.00352009  -0.00000000
   11    3
 -0.12890384   0.00000000    -0.12285592   0.00000000     0.00005890   0.00000000
 -0.12489386   0.00000000    -0.25103215   0.00000000     0.00007888   0.00000000
 -0.00002751   0.00000000     0.00006883   0.00000000    -0.05370494   0.00000000
   11    4
 -0.00083863   0.00000000    -0.00034247   0.00000000     0.00000778   0.00000000
 -0.00047402   0.00000000    -0.00134802   0.00000000     0.00003378   0.00000000
 -0.00000068   0.00000000    -0.00005417   0.00000000     0.00017266   0.00000000
   11    5
 -0.00004091   0.00000000    -0.00007393   0.00000000    -0.00044732   0.00000000
 -0.00005289   0.00000000    -0.00001073   0.00000000     0.00010513   0.00000000
  0.00044035   0.00000000     0.00031232   0.00000000    -0.00000543   0.00000000
   11    6
 -0.00001947   0.00000000     0.00006551   0.00000000    -0.00025473   0.00000000
 -0.00007315   0.00000000    -0.00003375   0.00000000     0.00009365   0.00000000
  0.00008012   0.00000000    -0.00201584   0.00000000     0.00001304   0.00000000
   11    7
 -0.01906491   0.00000000    -0.03031006   0.00000000     0.00004001  -0.00000000
  0.00408525  -0.00000000     0.00533220  -0.00000000     0.00000438  -0.00000000
 -0.00000353   0.00000000    -0.00000002   0.00000000    -0.00216929   0.00000000
   11    8
  0.00025040  -0.00000000     0.00050934  -0.00000000    -0.00002209   0.00000000
  0.00075131  -0.00000000    -0.00090629   0.00000000    -0.00000083   0.00000000
 -0.00000061   0.00000000    -0.00001199   0.00000000     0.00011175  -0.00000000
   11    9
 -0.00000375   0.00000000     0.00000053  -0.00000000     0.00067023  -0.00000000
  0.00002190  -0.00000000     0.00001508  -0.00000000     0.00019040  -0.00000000
  0.00095235  -0.00000000     0.00023078  -0.00000000     0.00000419  -0.00000000
   11   10
  0.00001782  -0.00000000     0.00000448  -0.00000000    -0.00011314   0.00000000
 -0.00000378   0.00000000    -0.00000512   0.00000000     0.00029124  -0.00000000
 -0.00038476   0.00000000     0.00034428  -0.00000000    -0.00000125   0.00000000
   11   11
  0.14506366   0.00000000     0.14300982   0.00000000     0.00000451   0.00000000
  0.14300982   0.00000000     0.28910228   0.00000000     0.00002958   0.00000000
  0.00000451   0.00000000     0.00002958   0.00000000     0.06153335   0.00000000
   11   12
  0.00025551   0.00000000    -0.00005896   0.00000000    -0.00000567   0.00000000
 -0.00005896   0.00000000     0.00009334   0.00000000     0.00001901   0.00000000
  0.00000567   0.00000000    -0.00001901   0.00000000     0.00069087   0.00000000
   11   13
 -0.00000089   0.00000000    -0.00003357   0.00000000    -0.00035459   0.00000000
  0.00003357   0.00000000    -0.00002716   0.00000000     0.00001757   0.00000000
  0.00035459   0.00000000     0.00001757   0.00000000     0.00000370   0.00000000
   11   14
 -0.00003003   0.00000000     0.00007782   0.00000000    -0.00036232   0.00000000
 -0.00007782   0.00000000     0.00004682   0.00000000    -0.00062977   0.00000000
 -0.00036232   0.00000000     0.00062977   0.00000000     0.00002139   0.00000000
   11   15
 -0.00413790   0.00000000    -0.00875248   0.00000000     0.00078523  -0.00000000
  0.00959795  -0.00000000     0.01703671  -0.00000000    -0.00021163   0.00000000
  0.01623695  -0.00000000     0.02496204  -0.00000000    -0.00080213   0.00000000
   11   16
 -0.00026888   0.00000000     0.00018422  -0.00000000    -0.00007941   0.00000000
 -0.00061702   0.00000000     0.00017144  -0.00000000    -0.00012188   0.00000000
 -0.00005267   0.00000000     0.00020172  -0.00000000    -0.00059891   0.00000000
   11   17
 -0.00004924   0.00000000     0.00031996  -0.00000000     0.00076547  -0.00000000
 -0.00016535   0.00000000     0.00006554  -0.00000000     0.00006487  -0.00000000
  0.00012525  -0.00000000     0.00008067  -0.00000000    -0.00006051   0.00000000
   11   18
  0.00001952  -0.00000000     0.00025546  -0.00000000    -0.00033089   0.00000000
  0.00010295  -0.00000000     0.00002434  -0.00000000    -0.00037988   0.00000000
 -0.00007298   0.00000000     0.00004751  -0.00000000    -0.00015139   0.00000000
   11   19
  0.00025300   0.00000000    -0.00017771   0.00000000    -0.00011667   0.00000000
  0.00060256   0.00000000    -0.00015160   0.00000000    -0.00015790   0.00000000
 -0.00002594   0.00000000     0.00017555   0.00000000     0.00061740   0.00000000
   11   20
  0.00414899   0.00000000     0.00875575   0.00000000     0.00078735   0.00000000
 -0.00959137   0.00000000    -0.01706402   0.00000000    -0.00020730   0.00000000
  0.01622811   0.00000000     0.02496584   0.00000000     0.00079327   0.00000000
   11   21
 -0.00005601   0.00000000    -0.00031117   0.00000000    -0.00039799   0.00000000
 -0.00015815   0.00000000    -0.00012391   0.00000000    -0.00039370   0.00000000
 -0.00007038   0.00000000     0.00005197   0.00000000     0.00012613   0.00000000
   11   22
  0.00005146   0.00000000    -0.00034569   0.00000000     0.00070939   0.00000000
  0.00013069   0.00000000    -0.00006016   0.00000000     0.00002020   0.00000000
  0.00013844   0.00000000     0.00008447   0.00000000     0.00004376   0.00000000
   12    1
  0.00003383  -0.00000000    -0.00002143   0.00000000    -0.00037834   0.00000000
  0.00012976  -0.00000000     0.00009074  -0.00000000    -0.00049102   0.00000000
 -0.00248234   0.00000000    -0.00432678   0.00000000    -0.00011668   0.00000000
   12    2
 -0.00369525   0.00000000     0.00164336  -0.00000000     0.00006627  -0.00000000
  0.00385364  -0.00000000    -0.00105030   0.00000000    -0.00017041   0.00000000
  0.00006422  -0.00000000     0.00002967  -0.00000000     0.00352009  -0.00000000
   12    3
 -0.00083863   0.00000000    -0.00034247   0.00000000    -0.00000778   0.00000000
 -0.00047402   0.00000000    -0.00134802   0.00000000    -0.00003378   0.00000000
  0.00000068   0.00000000     0.00005417   0.00000000     0.00017266   0.00000000
   12    4
 -0.12890384   0.00000000    -0.12285592   0.00000000    -0.00005890   0.00000000
 -0.12489386   0.00000000    -0.25103215   0.00000000    -0.00007888   0.00000000
  0.00002751   0.00000000    -0.00006883   0.00000000    -0.05370494   0.00000000
   12    5
 -0.00001947   0.00000000     0.00006551   0.00000000     0.00025473   0.00000000
 -0.00007315   0.00000000    -0.00003375   0.00000000    -0.00009365   0.00000000
 -0.00008012   0.00000000     0.00201584   0.00000000     0.00001304   0.00000000
   12    6
 -0.00004091   0.00000000    -0.00007393   0.00000000     0.00044732   0.00000000
 -0.00005289   0.00000000    -0.00001073   0.00000000    -0.00010513   0.00000000
 -0.00044035   0.00000000    -0.00031232   0.00000000    -0.00000543   0.00000000
   12    7
  0.00025040  -0.00000000     0.00050934  -0.00000000     0.00002209  -0.00000000
  0.00075131  -0.00000000    -0.00090629   0.00000000     0.00000083  -0.00000000
  0.00000061  -0.00000000     0.00001199  -0.00000000     0.00011175  -0.00000000
   12    8
 -0.01906491   0.00000000    -0.03031006   0.00000000    -0.00004001   0.00000000
  0.00408525  -0.00000000     0.00533220  -0.00000000    -0.00000438   0.00000000
  0.00000353  -0.00000000     0.00000002  -0.00000000    -0.00216929   0.00000000
   12    9
  0.00001782  -0.00000000     0.00000448  -0.00000000     0.00011314  -0.00000000
 -0.00000378   0.00000000    -0.00000512   0.00000000    -0.00029124   0.00000000
  0.00038476  -0.00000000    -0.00034428   0.00000000    -0.00000125   0.00000000
   12   10
 -0.00000375   0.00000000     0.00000053  -0.00000000    -0.00067023   0.00000000
  0.00002190  -0.00000000     0.00001508  -0.00000000    -0.00019040   0.00000000
 -0.00095235   0.00000000    -0.00023078   0.00000000     0.00000419  -0.00000000
   12   11
  0.00025551   0.00000000    -0.00005896   0.00000000     0.00000567   0.00000000
 -0.00005896   0.00000000     0.00009334   0.00000000    -0.00001901   0.00000000
 -0.00000567   0.00000000     0.00001901   0.00000000     0.00069087   0.00000000
   12   12
  0.14506366   0.00000000     0.14300982   0.00000000    -0.00000451   0.00000000
  0.14300982   0.00000000     0.28910228   0.00000000    -0.00002958   0.00000000
 -0.00000451   0.00000000    -0.00002958   0.00000000     0.06153335   0.00000000
   12   13
 -0.00003003   0.00000000     0.00007782   0.00000000     0.00036232   0.00000000
 -0.00007782   0.00000000     0.00004682   0.00000000     0.00062977   0.00000000
  0.00036232   0.00000000    -0.00062977   0.00000000     0.00002139   0.00000000
   12   14
 -0.00000089   0.00000000    -0.00003357   0.00000000     0.00035459   0.00000000
  0.00003357   0.00000000    -0.00002716   0.00000000    -0.00001757   0.00000000
 -0.00035459   0.00000000    -0.00001757   0.00000000     0.00000370   0.00000000
   12   15
 -0.00026888   0.00000000     0.00018422  -0.00000000     0.00007941  -0.00000000
 -0.00061702   0.00000000     0.00017144  -0.00000000     0.00012188  -0.00000000
  0.00005267  -0.00000000    -0.00020172   0.00000000    -0.00059891   0.00000000
   12   16
 -0.00413790   0.00000000    -0.00875248   0.00000000    -0.00078523   0.00000000
  0.00959795  -0.00000000     0.01703671  -0.00000000     0.00021163  -0.00000000
 -0.01623695   0.00000000    -0.02496204   0.00000000    -0.00080213   0.00000000
   12   17
  0.00001952  -0.00000000     0.00025546  -0.00000000     0.00033089  -0.00000000
  0.00010295  -0.00000000     0.00002434  -0.00000000     0.00037988  -0.00000000
  0.00007298  -0.00000000    -0.00004751   0.00000000    -0.00015139   0.00000000
   12   18
 -0.00004924   0.00000000     0.00031996  -0.00000000    -0.00076547   0.00000000
 -0.00016535   0.00000000     0.00006554  -0.00000000    -0.00006487   0.00000000
 -0.00012525   0.00000000    -0.00008067   0.00000000    -0.00006051   0.00000000
   12   19
  0.00414899   0.00000000     0.00875575   0.00000000    -0.00078735   0.00000000
 -0.00959137   0.00000000    -0.01706402   0.00000000     0.00020730   0.00000000
 -0.01622811   0.00000000    -0.02496584   0.00000000     0.00079327   0.00000000
   12   20
  0.00025300   0.00000000    -0.00017771   0.00000000     0.00011667   0.00000000
  0.00060256   0.00000000    -0.00015160   0.00000000     0.00015790   0.00000000
  0.00002594   0.00000000    -0.00017555   0.00000000     0.00061740   0.00000000
   12   21
  0.00005146   0.00000000    -0.00034569   0.00000000    -0.00070939   0.00000000
  0.00013069   0.00000000    -0.00006016   0.00000000    -0.00002020   0.00000000
 -0.00013844   0.00000000    -0.00008447   0.00000000     0.00004376   0.00000000
   12   22
 -0.00005601   0.00000000    -0.00031117   0.00000000     0.00039799   0.00000000
 -0.00015815   0.00000000    -0.00012391   0.00000000     0.00039370   0.00000000
  0.00007038   0.00000000    -0.00005197   0.00000000     0.00012613   0.00000000
   13    1
  0.00369525  -0.00000000     0.00164336  -0.00000000    -0.00006627   0.00000000
  0.00385364  -0.00000000     0.00105030  -0.00000000    -0.00017041   0.00000000
 -0.00006422   0.00000000     0.00002967  -0.00000000    -0.00352009   0.00000000
   13    2
 -0.00003383   0.00000000    -0.00002143   0.00000000     0.00037834  -0.00000000
  0.00012976  -0.00000000    -0.00009074   0.00000000    -0.00049102   0.00000000
  0.00248234  -0.00000000    -0.00432678   0.00000000     0.00011668  -0.00000000
   13    3
 -0.00004091   0.00000000     0.00007393   0.00000000     0.00044732   0.00000000
  0.00005289   0.00000000    -0.00001073   0.00000000     0.00010513   0.00000000
 -0.00044035   0.00000000     0.00031232   0.00000000    -0.00000543   0.00000000
   13    4
 -0.00001947   0.00000000    -0.00006551   0.00000000     0.00025473   0.00000000
  0.00007315   0.00000000    -0.00003375   0.00000000     0.00009365   0.00000000
 -0.00008012   0.00000000    -0.00201584   0.00000000     0.00001304   0.00000000
   13    5
 -0.12890384   0.00000000     0.12285592   0.00000000    -0.00005890   0.00000000
  0.12489386   0.00000000    -0.25103215   0.00000000     0.00007888   0.00000000
  0.00002751   0.00000000     0.00006883   0.00000000    -0.05370494   0.00000000
   13    6
 -0.00083863   0.00000000     0.00034247   0.00000000    -0.00000778   0.00000000
  0.00047402   0.00000000    -0.00134802   0.00000000     0.00003378   0.00000000
  0.00000068   0.00000000    -0.00005417   0.00000000     0.00017266   0.00000000
   13    7
 -0.00000375   0.00000000    -0.00000053   0.00000000    -0.00067023   0.00000000
 -0.00002190   0.00000000     0.00001508  -0.00000000     0.00019040  -0.00000000
 -0.00095235   0.00000000     0.00023078  -0.00000000     0.00000419  -0.00000000
   13    8
  0.00001782  -0.00000000    -0.00000448   0.00000000     0.00011314  -0.00000000
  0.00000378  -0.00000000    -0.00000512   0.00000000     0.00029124  -0.00000000
  0.00038476  -0.00000000     0.00034428  -0.00000000    -0.00000125   0.00000000
   13    9
 -0.01906491   0.00000000     0.03031006  -0.00000000    -0.00004001   0.00000000
 -0.00408525   0.00000000     0.00533220  -0.00000000     0.00000438  -0.00000000
  0.00000353  -0.00000000    -0.00000002   0.00000000    -0.00216929   0.00000000
   13   10
  0.00025040  -0.00000000    -0.00050934   0.00000000     0.00002209  -0.00000000
 -0.00075131   0.00000000    -0.00090629   0.00000000    -0.00000083   0.00000000
  0.00000061  -0.00000000    -0.00001199   0.00000000     0.00011175  -0.00000000
   13   11
 -0.00000089   0.00000000     0.00003357   0.00000000     0.00035459   0.00000000
 -0.00003357   0.00000000    -0.00002716   0.00000000     0.00001757   0.00000000
 -0.00035459   0.00000000     0.00001757   0.00000000     0.00000370   0.00000000
   13   12
 -0.00003003   0.00000000    -0.00007782   0.00000000     0.00036232   0.00000000
  0.00007782   0.00000000     0.00004682   0.00000000    -0.00062977   0.00000000
  0.00036232   0.00000000     0.00062977   0.00000000     0.00002139   0.00000000
   13   13
  0.14506366   0.00000000    -0.14300982   0.00000000    -0.00000451   0.00000000
 -0.14300982   0.00000000     0.28910228   0.00000000     0.00002958   0.00000000
 -0.00000451   0.00000000     0.00002958   0.00000000     0.06153335   0.00000000
   13   14
  0.00025551   0.00000000     0.00005896   0.00000000     0.00000567   0.00000000
  0.00005896   0.00000000     0.00009334   0.00000000     0.00001901   0.00000000
 -0.00000567   0.00000000    -0.00001901   0.00000000     0.00069087   0.00000000
   13   15
  0.00004924  -0.00000000     0.00031996  -0.00000000     0.00076547  -0.00000000
 -0.00016535   0.00000000    -0.00006554   0.00000000    -0.00006487   0.00000000
  0.00012525  -0.00000000    -0.00008067   0.00000000     0.00006051  -0.00000000
   13   16
 -0.00001952   0.00000000     0.00025546  -0.00000000    -0.00033089   0.00000000
  0.00010295  -0.00000000    -0.00002434   0.00000000     0.00037988  -0.00000000
 -0.00007298   0.00000000    -0.00004751   0.00000000     0.00015139  -0.00000000
   13   17
  0.00413790  -0.00000000    -0.00875248   0.00000000     0.00078523  -0.00000000
  0.00959795  -0.00000000    -0.01703671   0.00000000     0.00021163  -0.00000000
  0.01623695  -0.00000000    -0.02496204   0.00000000     0.00080213  -0.00000000
   13   18
  0.00026888  -0.00000000     0.00018422  -0.00000000    -0.00007941   0.00000000
 -0.00061702   0.00000000    -0.00017144   0.00000000     0.00012188  -0.00000000
 -0.00005267   0.00000000    -0.00020172   0.00000000     0.00059891  -0.00000000
   13   19
 -0.00005601   0.00000000     0.00031117   0.00000000     0.00039799   0.00000000
  0.00015815   0.00000000    -0.00012391   0.00000000    -0.00039370   0.00000000
  0.00007038   0.00000000     0.00005197   0.00000000     0.00012613   0.00000000
   13   20
  0.00005146   0.00000000     0.00034569   0.00000000    -0.00070939   0.00000000
 -0.00013069   0.00000000    -0.00006016   0.00000000     0.00002020   0.00000000
 -0.00013844   0.00000000     0.00008447   0.00000000     0.00004376   0.00000000
   13   21
  0.00025300   0.00000000     0.00017771   0.00000000     0.00011667   0.00000000
 -0.00060256   0.00000000    -0.00015160   0.00000000    -0.00015790   0.00000000
  0.00002594   0.00000000     0.00017555   0.00000000     0.00061740   0.00000000
   13   22
  0.00414899   0.00000000    -0.00875575   0.00000000    -0.00078735   0.00000000
  0.00959137   0.00000000    -0.01706402   0.00000000    -0.00020730   0.00000000
 -0.01622811   0.00000000     0.02496584   0.00000000     0.00079327   0.00000000
   14    1
  0.00369525  -0.00000000     0.00164336  -0.00000000     0.00006627  -0.00000000
  0.00385364  -0.00000000     0.00105030  -0.00000000     0.00017041  -0.00000000
  0.00006422  -0.00000000    -0.00002967   0.00000000    -0.00352009   0.00000000
   14    2
 -0.00003383   0.00000000    -0.00002143   0.00000000    -0.00037834   0.00000000
  0.00012976  -0.00000000    -0.00009074   0.00000000     0.00049102  -0.00000000
 -0.00248234   0.00000000     0.00432678  -0.00000000     0.00011668  -0.00000000
   14    3
 -0.00001947   0.00000000    -0.00006551   0.00000000    -0.00025473   0.00000000
  0.00007315   0.00000000    -0.00003375   0.00000000    -0.00009365   0.00000000
  0.00008012   0.00000000     0.00201584   0.00000000     0.00001304   0.00000000
   14    4
 -0.00004091   0.00000000     0.00007393   0.00000000    -0.00044732   0.00000000
  0.00005289   0.00000000    -0.00001073   0.00000000    -0.00010513   0.00000000
  0.00044035   0.00000000    -0.00031232   0.00000000    -0.00000543   0.00000000
   14    5
 -0.00083863   0.00000000     0.00034247   0.00000000     0.00000778   0.00000000
  0.00047402   0.00000000    -0.00134802   0.00000000    -0.00003378   0.00000000
 -0.00000068   0.00000000     0.00005417   0.00000000     0.00017266   0.00000000
   14    6
 -0.12890384   0.00000000     0.12285592   0.00000000     0.00005890   0.00000000
  0.12489386   0.00000000    -0.25103215   0.00000000    -0.00007888   0.00000000
 -0.00002751   0.00000000    -0.00006883   0.00000000    -0.05370494   0.00000000
   14    7
  0.00001782  -0.00000000    -0.00000448   0.00000000    -0.00011314   0.00000000
  0.00000378  -0.00000000    -0.00000512   0.00000000    -0.00029124   0.00000000
 -0.00038476   0.00000000    -0.00034428   0.00000000    -0.00000125   0.00000000
   14    8
 -0.00000375   0.00000000    -0.00000053   0.00000000     0.00067023  -0.00000000
 -0.00002190   0.00000000     0.00001508  -0.00000000    -0.00019040   0.00000000
  0.00095235  -0.00000000    -0.00023078   0.00000000     0.00000419  -0.00000000
   14    9
  0.00025040  -0.00000000    -0.00050934   0.00000000    -0.00002209   0.00000000
 -0.00075131   0.00000000    -0.00090629   0.00000000     0.00000083  -0.00000000
 -0.00000061   0.00000000     0.00001199  -0.00000000     0.00011175  -0.00000000
   14   10
 -0.01906491   0.00000000     0.03031006  -0.00000000     0.00004001  -0.00000000
 -0.00408525   0.00000000     0.00533220  -0.00000000    -0.00000438   0.00000000
 -0.00000353   0.00000000     0.00000002  -0.00000000    -0.00216929   0.00000000
   14   11
 -0.00003003   0.00000000    -0.00007782   0.00000000    -0.00036232   0.00000000
  0.00007782   0.00000000     0.00004682   0.00000000     0.00062977   0.00000000
 -0.00036232   0.00000000    -0.00062977   0.00000000     0.00002139   0.00000000
   14   12
 -0.00000089   0.00000000     0.00003357   0.00000000    -0.00035459   0.00000000
 -0.00003357   0.00000000    -0.00002716   0.00000000    -0.00001757   0.00000000
  0.00035459   0.00000000    -0.00001757   0.00000000     0.00000370   0.00000000
   14   13
  0.00025551   0.00000000     0.00005896   0.00000000    -0.00000567   0.00000000
  0.00005896   0.00000000     0.00009334   0.00000000    -0.00001901   0.00000000
  0.00000567   0.00000000     0.00001901   0.00000000     0.00069087   0.00000000
   14   14
  0.14506366   0.00000000    -0.14300982   0.00000000     0.00000451   0.00000000
 -0.14300982   0.00000000     0.28910228   0.00000000    -0.00002958   0.00000000
  0.00000451   0.00000000    -0.00002958   0.00000000     0.06153335   0.00000000
   14   15
 -0.00001952   0.00000000     0.00025546  -0.00000000     0.00033089  -0.00000000
  0.00010295  -0.00000000    -0.00002434   0.00000000    -0.00037988   0.00000000
  0.00007298  -0.00000000     0.00004751  -0.00000000     0.00015139  -0.00000000
   14   16
  0.00004924  -0.00000000     0.00031996  -0.00000000    -0.00076547   0.00000000
 -0.00016535   0.00000000    -0.00006554   0.00000000     0.00006487  -0.00000000
 -0.00012525   0.00000000     0.00008067  -0.00000000     0.00006051  -0.00000000
   14   17
  0.00026888  -0.00000000     0.00018422  -0.00000000     0.00007941  -0.00000000
 -0.00061702   0.00000000    -0.00017144   0.00000000    -0.00012188   0.00000000
  0.00005267  -0.00000000     0.00020172  -0.00000000     0.00059891  -0.00000000
   14   18
  0.00413790  -0.00000000    -0.00875248   0.00000000    -0.00078523   0.00000000
  0.00959795  -0.00000000    -0.01703671   0.00000000    -0.00021163   0.00000000
 -0.01623695   0.00000000     0.02496204  -0.00000000     0.00080213  -0.00000000
   14   19
  0.00005146   0.00000000     0.00034569   0.00000000     0.00070939   0.00000000
 -0.00013069   0.00000000    -0.00006016   0.00000000    -0.00002020   0.00000000
  0.00013844   0.00000000    -0.00008447   0.00000000     0.00004376   0.00000000
   14   20
 -0.00005601   0.00000000     0.00031117   0.00000000    -0.00039799   0.00000000
  0.00015815   0.00000000    -0.00012391   0.00000000     0.00039370   0.00000000
 -0.00007038   0.00000000    -0.00005197   0.00000000     0.00012613   0.00000000
   14   21
  0.00414899   0.00000000    -0.00875575   0.00000000     0.00078735   0.00000000
  0.00959137   0.00000000    -0.01706402   0.00000000     0.00020730   0.00000000
  0.01622811   0.00000000    -0.02496584   0.00000000     0.00079327   0.00000000
   14   22
  0.00025300   0.00000000     0.00017771   0.00000000    -0.00011667   0.00000000
 -0.00060256   0.00000000    -0.00015160   0.00000000     0.00015790   0.00000000
 -0.00002594   0.00000000    -0.00017555   0.00000000     0.00061740   0.00000000
   15    1
  0.00079427   0.00000000     0.00029114   0.00000000     0.00359672   0.00000000
  0.00126809   0.00000000    -0.00143003  -0.00000000    -0.00756268  -0.00000000
  0.00183706   0.00000000    -0.00409135  -0.00000000    -0.00263724  -0.00000000
   15    2
 -0.00342970  -0.00000000     0.00150651   0.00000000    -0.00211335  -0.00000000
  0.00076545   0.00000000     0.00017301   0.00000000    -0.00110288  -0.00000000
 -0.00145792  -0.00000000    -0.00043850  -0.00000000    -0.00702089  -0.00000000
   15    3
  0.05941655   0.00000000    -0.03641009  -0.00000000    -0.04934434  -0.00000000
 -0.03581363  -0.00000000     0.13353029   0.00000000     0.12969910   0.00000000
 -0.04921495  -0.00000000     0.13047119   0.00000000     0.25577909   0.00000000
   15    4
  0.00108188   0.00000000     0.00012658   0.00000000     0.00011316   0.00000000
  0.00009649   0.00000000     0.00052482   0.00000000    -0.00021022  -0.00000000
 -0.00018508  -0.00000000    -0.00018002  -0.00000000    -0.00059115  -0.00000000
   15    5
 -0.00019793  -0.00000000     0.00007780   0.00000000     0.00094387   0.00000000
 -0.00027504  -0.00000000    -0.00046167  -0.00000000    -0.00070050  -0.00000000
 -0.00055961  -0.00000000    -0.00142399  -0.00000000    -0.00039298  -0.00000000
   15    6
 -0.00047590  -0.00000000     0.00023273   0.00000000     0.00008902   0.00000000
  0.00058285   0.00000000    -0.00049014  -0.00000000    -0.00123553  -0.00000000
  0.00042978   0.00000000     0.00035430   0.00000000    -0.00071253  -0.00000000
   15    7
  0.00690513   0.00000000    -0.01961886  -0.00000000    -0.02970522  -0.00000000
 -0.00133105  -0.00000000     0.00474704   0.00000000     0.00531853   0.00000000
 -0.00058142  -0.00000000    -0.00057150  -0.00000000    -0.00096401  -0.00000000
   15    8
 -0.00001981  -0.00000000     0.00003056   0.00000000     0.00017619   0.00000000
 -0.00074872  -0.00000000     0.00026216   0.00000000     0.00003401   0.00000000
  0.00000128   0.00000000    -0.00000258  -0.00000000    -0.00041199  -0.00000000
   15    9
 -0.00034112  -0.00000000     0.00019724   0.00000000     0.00032444   0.00000000
  0.00000638   0.00000000    -0.00006259  -0.00000000     0.00024114   0.00000000
  0.00092948   0.00000000     0.00009457   0.00000000     0.00012823   0.00000000
   15   10
  0.00001709   0.00000000     0.00021574   0.00000000     0.00014255   0.00000000
  0.00024357   0.00000000    -0.00004359  -0.00000000     0.00006507   0.00000000
  0.00040026   0.00000000    -0.00017540  -0.00000000     0.00009024   0.00000000
   15   11
 -0.00413790  -0.00000000     0.00959795   0.00000000     0.01623695   0.00000000
 -0.00875248  -0.00000000     0.01703671   0.00000000     0.02496204   0.00000000
  0.00078523   0.00000000    -0.00021163  -0.00000000    -0.00080213  -0.00000000
   15   12
 -0.00026888  -0.00000000    -0.00061702  -0.00000000     0.00005267   0.00000000
  0.00018422   0.00000000     0.00017144   0.00000000    -0.00020172  -0.00000000
  0.00007941   0.00000000     0.00012188   0.00000000    -0.00059891  -0.00000000
   15   13
  0.00004924   0.00000000    -0.00016535  -0.00000000     0.00012525   0.00000000
  0.00031996   0.00000000    -0.00006554  -0.00000000    -0.00008067  -0.00000000
  0.00076547   0.00000000    -0.00006487  -0.00000000     0.00006051   0.00000000
   15   14
 -0.00001952  -0.00000000     0.00010295   0.00000000     0.00007298   0.00000000
  0.00025546   0.00000000    -0.00002434  -0.00000000     0.00004751   0.00000000
  0.00033089   0.00000000    -0.00037988  -0.00000000     0.00015139   0.00000000
   15   15
  0.07124949   0.00000000    -0.04269013   0.00000000    -0.05615440   0.00000000
 -0.04269013   0.00000000     0.14844971   0.00000000     0.14579865   0.00000000
 -0.05615440   0.00000000     0.14579865   0.00000000     0.28406260   0.00000000
   15   16
 -0.00010511   0.00000000     0.00038223   0.00000000    -0.00011048   0.00000000
  0.00038223   0.00000000    -0.00052021   0.00000000     0.00009030   0.00000000
  0.00011048   0.00000000    -0.00009030   0.00000000     0.00094746   0.00000000
   15   17
  0.00026568   0.00000000    -0.00002360   0.00000000    -0.00018138   0.00000000
  0.00002360   0.00000000    -0.00001234   0.00000000     0.00017310   0.00000000
  0.00018138   0.00000000     0.00017310   0.00000000     0.00059758   0.00000000
   15   18
  0.00004177   0.00000000     0.00007407   0.00000000     0.00007706   0.00000000
 -0.00007407   0.00000000     0.00000576   0.00000000     0.00013896   0.00000000
  0.00007706   0.00000000    -0.00013896   0.00000000     0.00014455   0.00000000
   15   19
 -0.00002080  -0.00000000    -0.00034908  -0.00000000     0.00017790   0.00000000
 -0.00035271  -0.00000000     0.00027974   0.00000000    -0.00015068  -0.00000000
  0.00010939   0.00000000    -0.00010934  -0.00000000    -0.00070422  -0.00000000
   15   20
 -0.00085067  -0.00000000     0.00565068   0.00000000     0.00671751   0.00000000
  0.00567030   0.00000000    -0.01226339  -0.00000000    -0.01677746  -0.00000000
 -0.00672445  -0.00000000     0.01678034   0.00000000     0.02106734   0.00000000
   15   21
  0.00001899   0.00000000     0.00007149   0.00000000     0.00025181   0.00000000
  0.00002837   0.00000000    -0.00000353  -0.00000000     0.00022169   0.00000000
  0.00024096   0.00000000    -0.00024245  -0.00000000     0.00000914   0.00000000
   15   22
 -0.00000862  -0.00000000     0.00018498   0.00000000    -0.00024815  -0.00000000
  0.00016064   0.00000000    -0.00006342  -0.00000000     0.00010032   0.00000000
  0.00026140   0.00000000     0.00014078   0.00000000    -0.00002739  -0.00000000
   16    1
  0.00079427   0.00000000     0.00029114   0.00000000    -0.00359672  -0.00000000
  0.00126809   0.00000000    -0.00143003  -0.00000000     0.00756268   0.00000000
 -0.00183706  -0.00000000     0.00409135   0.00000000    -0.00263724  -0.00000000
   16    2
 -0.00342970  -0.00000000     0.00150651   0.00000000     0.00211335   0.00000000
  0.00076545   0.00000000     0.00017301   0.00000000     0.00110288   0.00000000
  0.00145792   0.00000000     0.00043850   0.00000000    -0.00702089  -0.00000000
   16    3
  0.00108188   0.00000000     0.00012658   0.00000000    -0.00011316  -0.00000000
  0.00009649   0.00000000     0.00052482   0.00000000     0.00021022   0.00000000
  0.00018508   0.00000000     0.00018002   0.00000000    -0.00059115  -0.00000000
   16    4
  0.05941655   0.00000000    -0.03641009  -0.00000000     0.04934434   0.00000000
 -0.03581363  -0.00000000     0.13353029   0.00000000    -0.12969910  -0.00000000
  0.04921495   0.00000000    -0.13047119  -0.00000000     0.25577909   0.00000000
   16    5
 -0.00047590  -0.00000000     0.00023273   0.00000000    -0.00008902  -0.00000000
  0.00058285   0.00000000    -0.00049014  -0.00000000     0.00123553   0.00000000
 -0.00042978  -0.00000000    -0.00035430  -0.00000000    -0.00071253  -0.00000000
   16    6
 -0.00019793  -0.00000000     0.00007780   0.00000000    -0.00094387  -0.00000000
 -0.00027504  -0.00000000    -0.00046167  -0.00000000     0.00070050   0.00000000
  0.00055961   0.00000000     0.00142399   0.00000000    -0.00039298  -0.00000000
   16    7
 -0.00001981  -0.00000000     0.00003056   0.00000000    -0.00017619  -0.00000000
 -0.00074872  -0.00000000     0.00026216   0.00000000    -0.00003401  -0.00000000
 -0.00000128  -0.00000000     0.00000258   0.00000000    -0.00041199  -0.00000000
   16    8
  0.00690513   0.00000000    -0.01961886  -0.00000000     0.02970522   0.00000000
 -0.00133105  -0.00000000     0.00474704   0.00000000    -0.00531853  -0.00000000
  0.00058142   0.00000000     0.00057150   0.00000000    -0.00096401  -0.00000000
   16    9
  0.00001709   0.00000000     0.00021574   0.00000000    -0.00014255  -0.00000000
  0.00024357   0.00000000    -0.00004359  -0.00000000    -0.00006507  -0.00000000
 -0.00040026  -0.00000000     0.00017540   0.00000000     0.00009024   0.00000000
   16   10
 -0.00034112  -0.00000000     0.00019724   0.00000000    -0.00032444  -0.00000000
  0.00000638   0.00000000    -0.00006259  -0.00000000    -0.00024114  -0.00000000
 -0.00092948  -0.00000000    -0.00009457  -0.00000000     0.00012823   0.00000000
   16   11
 -0.00026888  -0.00000000    -0.00061702  -0.00000000    -0.00005267  -0.00000000
  0.00018422   0.00000000     0.00017144   0.00000000     0.00020172   0.00000000
 -0.00007941  -0.00000000    -0.00012188  -0.00000000    -0.00059891  -0.00000000
   16   12
 -0.00413790  -0.00000000     0.00959795   0.00000000    -0.01623695  -0.00000000
 -0.00875248  -0.00000000     0.01703671   0.00000000    -0.02496204  -0.00000000
 -0.00078523  -0.00000000     0.00021163   0.00000000    -0.00080213  -0.00000000
   16   13
 -0.00001952  -0.00000000     0.00010295   0.00000000    -0.00007298  -0.00000000
  0.00025546   0.00000000    -0.00002434  -0.00000000    -0.00004751  -0.00000000
 -0.00033089  -0.00000000     0.00037988   0.00000000     0.00015139   0.00000000
   16   14
  0.00004924   0.00000000    -0.00016535  -0.00000000    -0.00012525  -0.00000000
  0.00031996   0.00000000    -0.00006554  -0.00000000     0.00008067   0.00000000
 -0.00076547  -0.00000000     0.00006487   0.00000000     0.00006051   0.00000000
   16   15
 -0.00010511   0.00000000     0.00038223   0.00000000     0.00011048   0.00000000
  0.00038223   0.00000000    -0.00052021   0.00000000    -0.00009030   0.00000000
 -0.00011048   0.00000000     0.00009030   0.00000000     0.00094746   0.00000000
   16   16
  0.07124949   0.00000000    -0.04269013   0.00000000     0.05615440   0.00000000
 -0.04269013   0.00000000     0.14844971   0.00000000    -0.14579865   0.00000000
  0.05615440   0.00000000    -0.14579865   0.00000000     0.28406260   0.00000000
   16   17
  0.00004177   0.00000000     0.00007407   0.00000000    -0.00007706   0.00000000
 -0.00007407   0.00000000     0.00000576   0.00000000    -0.00013896   0.00000000
 -0.00007706   0.00000000     0.00013896   0.00000000     0.00014455   0.00000000
   16   18
  0.00026568   0.00000000    -0.00002360   0.00000000     0.00018138   0.00000000
  0.00002360   0.00000000    -0.00001234   0.00000000    -0.00017310   0.00000000
 -0.00018138   0.00000000    -0.00017310   0.00000000     0.00059758   0.00000000
   16   19
 -0.00085067  -0.00000000     0.00565068   0.00000000    -0.00671751  -0.00000000
  0.00567030   0.00000000    -0.01226339  -0.00000000     0.01677746   0.00000000
  0.00672445   0.00000000    -0.01678034  -0.00000000     0.02106734   0.00000000
   16   20
 -0.00002080  -0.00000000    -0.00034908  -0.00000000    -0.00017790  -0.00000000
 -0.00035271  -0.00000000     0.00027974   0.00000000     0.00015068   0.00000000
 -0.00010939  -0.00000000     0.00010934   0.00000000    -0.00070422  -0.00000000
   16   21
 -0.00000862  -0.00000000     0.00018498   0.00000000     0.00024815   0.00000000
  0.00016064   0.00000000    -0.00006342  -0.00000000    -0.00010032  -0.00000000
 -0.00026140  -0.00000000    -0.00014078  -0.00000000    -0.00002739  -0.00000000
   16   22
  0.00001899   0.00000000     0.00007149   0.00000000    -0.00025181  -0.00000000
  0.00002837   0.00000000    -0.00000353  -0.00000000    -0.00022169  -0.00000000
 -0.00024096  -0.00000000     0.00024245   0.00000000     0.00000914   0.00000000
   17    1
 -0.00342970  -0.00000000    -0.00150651  -0.00000000     0.00211335   0.00000000
 -0.00076545  -0.00000000     0.00017301   0.00000000    -0.00110288  -0.00000000
  0.00145792   0.00000000    -0.00043850  -0.00000000    -0.00702089  -0.00000000
   17    2
  0.00079427   0.00000000    -0.00029114  -0.00000000    -0.00359672  -0.00000000
 -0.00126809  -0.00000000    -0.00143003  -0.00000000    -0.00756268  -0.00000000
 -0.00183706  -0.00000000    -0.00409135  -0.00000000    -0.00263724  -0.00000000
   17    3
  0.00019793   0.00000000     0.00007780   0.00000000     0.00094387   0.00000000
 -0.00027504  -0.00000000     0.00046167   0.00000000     0.00070050   0.00000000
 -0.00055961  -0.00000000     0.00142399   0.00000000     0.00039298   0.00000000
   17    4
  0.00047590   0.00000000     0.00023273   0.00000000     0.00008902   0.00000000
  0.00058285   0.00000000     0.00049014   0.00000000     0.00123553   0.00000000
  0.00042978   0.00000000    -0.00035430  -0.00000000     0.00071253   0.00000000
   17    5
 -0.05941655  -0.00000000    -0.03641009  -0.00000000    -0.04934434  -0.00000000
 -0.03581363  -0.00000000    -0.13353029  -0.00000000    -0.12969910  -0.00000000
 -0.04921495  -0.00000000    -0.13047119  -0.00000000    -0.25577909  -0.00000000
   17    6
 -0.00108188  -0.00000000     0.00012658   0.00000000     0.00011316   0.00000000
  0.00009649   0.00000000    -0.00052482  -0.00000000     0.00021022   0.00000000
 -0.00018508  -0.00000000     0.00018002   0.00000000     0.00059115   0.00000000
   17    7
  0.00034112   0.00000000     0.00019724   0.00000000     0.00032444   0.00000000
  0.00000638   0.00000000     0.00006259   0.00000000    -0.00024114  -0.00000000
  0.00092948   0.00000000    -0.00009457  -0.00000000    -0.00012823  -0.00000000
   17    8
 -0.00001709  -0.00000000     0.00021574   0.00000000     0.00014255   0.00000000
  0.00024357   0.00000000     0.00004359   0.00000000    -0.00006507  -0.00000000
  0.00040026   0.00000000     0.00017540   0.00000000    -0.00009024  -0.00000000
   17    9
 -0.00690513  -0.00000000    -0.01961886  -0.00000000    -0.02970522  -0.00000000
 -0.00133105  -0.00000000    -0.00474704  -0.00000000    -0.00531853  -0.00000000
 -0.00058142  -0.00000000     0.00057150   0.00000000     0.00096401   0.00000000
   17   10
  0.00001981   0.00000000     0.00003056   0.00000000     0.00017619   0.00000000
 -0.00074872  -0.00000000    -0.00026216  -0.00000000    -0.00003401  -0.00000000
  0.00000128   0.00000000     0.00000258   0.00000000     0.00041199   0.00000000
   17   11
 -0.00004924  -0.00000000    -0.00016535  -0.00000000     0.00012525   0.00000000
  0.00031996   0.00000000     0.00006554   0.00000000     0.00008067   0.00000000
  0.00076547   0.00000000     0.00006487   0.00000000    -0.00006051  -0.00000000
   17   12
  0.00001952   0.00000000     0.00010295   0.00000000     0.00007298   0.00000000
  0.00025546   0.00000000     0.00002434   0.00000000    -0.00004751  -0.00000000
  0.00033089   0.00000000     0.00037988   0.00000000    -0.00015139  -0.00000000
   17   13
  0.00413790   0.00000000     0.00959795   0.00000000     0.01623695   0.00000000
 -0.00875248  -0.00000000    -0.01703671  -0.00000000    -0.02496204  -0.00000000
  0.00078523   0.00000000     0.00021163   0.00000000     0.00080213   0.00000000
   17   14
  0.00026888   0.00000000    -0.00061702  -0.00000000     0.00005267   0.00000000
  0.00018422   0.00000000    -0.00017144  -0.00000000     0.00020172   0.00000000
  0.00007941   0.00000000    -0.00012188  -0.00000000     0.00059891   0.00000000
   17   15
  0.00026568   0.00000000     0.00002360   0.00000000     0.00018138   0.00000000
 -0.00002360   0.00000000    -0.00001234   0.00000000     0.00017310   0.00000000
 -0.00018138   0.00000000     0.00017310   0.00000000     0.00059758   0.00000000
   17   16
  0.00004177   0.00000000    -0.00007407   0.00000000    -0.00007706   0.00000000
  0.00007407   0.00000000     0.00000576   0.00000000     0.00013896   0.00000000
 -0.00007706   0.00000000    -0.00013896   0.00000000     0.00014455   0.00000000
   17   17
  0.07124949   0.00000000     0.04269013   0.00000000     0.05615440   0.00000000
  0.04269013   0.00000000     0.14844971   0.00000000     0.14579865   0.00000000
  0.05615440   0.00000000     0.14579865   0.00000000     0.28406260   0.00000000
   17   18
 -0.00010511   0.00000000    -0.00038223   0.00000000     0.00011048   0.00000000
 -0.00038223   0.00000000    -0.00052021   0.00000000     0.00009030   0.00000000
 -0.00011048   0.00000000    -0.00009030   0.00000000     0.00094746   0.00000000
   17   19
 -0.00001899  -0.00000000     0.00007149   0.00000000     0.00025181   0.00000000
  0.00002837   0.00000000     0.00000353   0.00000000    -0.00022169  -0.00000000
  0.00024096   0.00000000     0.00024245   0.00000000    -0.00000914  -0.00000000
   17   20
  0.00000862   0.00000000     0.00018498   0.00000000    -0.00024815  -0.00000000
  0.00016064   0.00000000     0.00006342   0.00000000    -0.00010032  -0.00000000
  0.00026140   0.00000000    -0.00014078  -0.00000000     0.00002739   0.00000000
   17   21
  0.00002080   0.00000000    -0.00034908  -0.00000000     0.00017790   0.00000000
 -0.00035271  -0.00000000    -0.00027974  -0.00000000     0.00015068   0.00000000
  0.00010939   0.00000000     0.00010934   0.00000000     0.00070422   0.00000000
   17   22
  0.00085067   0.00000000     0.00565068   0.00000000     0.00671751   0.00000000
  0.00567030   0.00000000     0.01226339   0.00000000     0.01677746   0.00000000
 -0.00672445  -0.00000000    -0.01678034  -0.00000000    -0.02106734  -0.00000000
   18    1
 -0.00342970  -0.00000000    -0.00150651  -0.00000000    -0.00211335  -0.00000000
 -0.00076545  -0.00000000     0.00017301   0.00000000     0.00110288   0.00000000
 -0.00145792  -0.00000000     0.00043850   0.00000000    -0.00702089  -0.00000000
   18    2
  0.00079427   0.00000000    -0.00029114  -0.00000000     0.00359672   0.00000000
 -0.00126809  -0.00000000    -0.00143003  -0.00000000     0.00756268   0.00000000
  0.00183706   0.00000000     0.00409135   0.00000000    -0.00263724  -0.00000000
   18    3
  0.00047590   0.00000000     0.00023273   0.00000000    -0.00008902  -0.00000000
  0.00058285   0.00000000     0.00049014   0.00000000    -0.00123553  -0.00000000
 -0.00042978  -0.00000000     0.00035430   0.00000000     0.00071253   0.00000000
   18    4
  0.00019793   0.00000000     0.00007780   0.00000000    -0.00094387  -0.00000000
 -0.00027504  -0.00000000     0.00046167   0.00000000    -0.00070050  -0.00000000
  0.00055961   0.00000000    -0.00142399  -0.00000000     0.00039298   0.00000000
   18    5
 -0.00108188  -0.00000000     0.00012658   0.00000000    -0.00011316  -0.00000000
  0.00009649   0.00000000    -0.00052482  -0.00000000    -0.00021022  -0.00000000
  0.00018508   0.00000000    -0.00018002  -0.00000000     0.00059115   0.00000000
   18    6
 -0.05941655  -0.00000000    -0.03641009  -0.00000000     0.04934434   0.00000000
 -0.03581363  -0.00000000    -0.13353029  -0.00000000     0.12969910   0.00000000
  0.04921495   0.00000000     0.13047119   0.00000000    -0.25577909  -0.00000000
   18    7
 -0.00001709  -0.00000000     0.00021574   0.00000000    -0.00014255  -0.00000000
  0.00024357   0.00000000     0.00004359   0.00000000     0.00006507   0.00000000
 -0.00040026  -0.00000000    -0.00017540  -0.00000000    -0.00009024  -0.00000000
   18    8
  0.00034112   0.00000000     0.00019724   0.00000000    -0.00032444  -0.00000000
  0.00000638   0.00000000     0.00006259   0.00000000     0.00024114   0.00000000
 -0.00092948  -0.00000000     0.00009457   0.00000000    -0.00012823  -0.00000000
   18    9
  0.00001981   0.00000000     0.00003056   0.00000000    -0.00017619  -0.00000000
 -0.00074872  -0.00000000    -0.00026216  -0.00000000     0.00003401   0.00000000
 -0.00000128  -0.00000000    -0.00000258  -0.00000000     0.00041199   0.00000000
   18   10
 -0.00690513  -0.00000000    -0.01961886  -0.00000000     0.02970522   0.00000000
 -0.00133105  -0.00000000    -0.00474704  -0.00000000     0.00531853   0.00000000
  0.00058142   0.00000000    -0.00057150  -0.00000000     0.00096401   0.00000000
   18   11
  0.00001952   0.00000000     0.00010295   0.00000000    -0.00007298  -0.00000000
  0.00025546   0.00000000     0.00002434   0.00000000     0.00004751   0.00000000
 -0.00033089  -0.00000000    -0.00037988  -0.00000000    -0.00015139  -0.00000000
   18   12
 -0.00004924  -0.00000000    -0.00016535  -0.00000000    -0.00012525  -0.00000000
  0.00031996   0.00000000     0.00006554   0.00000000    -0.00008067  -0.00000000
 -0.00076547  -0.00000000    -0.00006487  -0.00000000    -0.00006051  -0.00000000
   18   13
  0.00026888   0.00000000    -0.00061702  -0.00000000    -0.00005267  -0.00000000
  0.00018422   0.00000000    -0.00017144  -0.00000000    -0.00020172  -0.00000000
 -0.00007941  -0.00000000     0.00012188   0.00000000     0.00059891   0.00000000
   18   14
  0.00413790   0.00000000     0.00959795   0.00000000    -0.01623695  -0.00000000
 -0.00875248  -0.00000000    -0.01703671  -0.00000000     0.02496204   0.00000000
 -0.00078523  -0.00000000    -0.00021163  -0.00000000     0.00080213   0.00000000
   18   15
  0.00004177   0.00000000    -0.00007407   0.00000000     0.00007706   0.00000000
  0.00007407   0.00000000     0.00000576   0.00000000    -0.00013896   0.00000000
  0.00007706   0.00000000     0.00013896   0.00000000     0.00014455   0.00000000
   18   16
  0.00026568   0.00000000     0.00002360   0.00000000    -0.00018138   0.00000000
 -0.00002360   0.00000000    -0.00001234   0.00000000    -0.00017310   0.00000000
  0.00018138   0.00000000    -0.00017310   0.00000000     0.00059758   0.00000000
   18   17
 -0.00010511   0.00000000    -0.00038223   0.00000000    -0.00011048   0.00000000
 -0.00038223   0.00000000    -0.00052021   0.00000000    -0.00009030   0.00000000
  0.00011048   0.00000000     0.00009030   0.00000000     0.00094746   0.00000000
   18   18
  0.07124949   0.00000000     0.04269013   0.00000000    -0.05615440   0.00000000
  0.04269013   0.00000000     0.14844971   0.00000000    -0.14579865   0.00000000
 -0.05615440   0.00000000    -0.14579865   0.00000000     0.28406260   0.00000000
   18   19
  0.00000862   0.00000000     0.00018498   0.00000000     0.00024815   0.00000000
  0.00016064   0.00000000     0.00006342   0.00000000     0.00010032   0.00000000
 -0.00026140  -0.00000000     0.00014078   0.00000000     0.00002739   0.00000000
   18   20
 -0.00001899  -0.00000000     0.00007149   0.00000000    -0.00025181  -0.00000000
  0.00002837   0.00000000     0.00000353   0.00000000     0.00022169   0.00000000
 -0.00024096  -0.00000000    -0.00024245  -0.00000000    -0.00000914  -0.00000000
   18   21
  0.00085067   0.00000000     0.00565068   0.00000000    -0.00671751  -0.00000000
  0.00567030   0.00000000     0.01226339   0.00000000    -0.01677746  -0.00000000
  0.00672445   0.00000000     0.01678034   0.00000000    -0.02106734  -0.00000000
   18   22
  0.00002080   0.00000000    -0.00034908  -0.00000000    -0.00017790  -0.00000000
 -0.00035271  -0.00000000    -0.00027974  -0.00000000    -0.00015068  -0.00000000
 -0.00010939  -0.00000000    -0.00010934  -0.00000000     0.00070422   0.00000000
   19    1
  0.00080807  -0.00000000     0.00018330  -0.00000000     0.00358084  -0.00000000
  0.00102993  -0.00000000    -0.00146836   0.00000000    -0.00743485   0.00000000
  0.00203663  -0.00000000    -0.00417475   0.00000000    -0.00284252   0.00000000
   19    2
  0.00338333  -0.00000000    -0.00158490   0.00000000     0.00189670  -0.00000000
 -0.00057332   0.00000000    -0.00018365   0.00000000     0.00059645  -0.00000000
  0.00117663  -0.00000000     0.00058526  -0.00000000     0.00713305  -0.00000000
   19    3
 -0.00107273   0.00000000    -0.00009862   0.00000000    -0.00005713   0.00000000
 -0.00009802   0.00000000    -0.00051083   0.00000000     0.00024354   0.00000000
  0.00013651   0.00000000     0.00019851   0.00000000     0.00058592   0.00000000
   19    4
 -0.05944721   0.00000000     0.03636471   0.00000000     0.04931386   0.00000000
  0.03585017   0.00000000    -0.13352305   0.00000000    -0.12960025   0.00000000
  0.04922732   0.00000000    -0.13047821   0.00000000    -0.25570601   0.00000000
   19    5
 -0.00054145   0.00000000     0.00030436   0.00000000     0.00009253   0.00000000
  0.00066746   0.00000000    -0.00063930   0.00000000    -0.00117320   0.00000000
  0.00051423   0.00000000     0.00029222   0.00000000    -0.00075366   0.00000000
   19    6
 -0.00014962   0.00000000     0.00003310   0.00000000     0.00094679   0.00000000
 -0.00023499   0.00000000    -0.00021981   0.00000000    -0.00065810   0.00000000
 -0.00054899   0.00000000    -0.00133629   0.00000000    -0.00045043   0.00000000
   19    7
  0.00005743  -0.00000000    -0.00005081   0.00000000    -0.00011944   0.00000000
  0.00070841  -0.00000000    -0.00023983   0.00000000    -0.00004499   0.00000000
  0.00005228  -0.00000000    -0.00002135   0.00000000     0.00037452  -0.00000000
   19    8
 -0.00689168   0.00000000     0.01960897  -0.00000000     0.02964379  -0.00000000
  0.00136737  -0.00000000    -0.00475604   0.00000000    -0.00525574   0.00000000
  0.00056567  -0.00000000     0.00057616  -0.00000000     0.00097921  -0.00000000
   19    9
  0.00001797  -0.00000000     0.00020493  -0.00000000     0.00017641  -0.00000000
  0.00024790  -0.00000000    -0.00009541   0.00000000     0.00008839  -0.00000000
  0.00048238  -0.00000000    -0.00018038   0.00000000     0.00011085  -0.00000000
   19   10
 -0.00032580   0.00000000     0.00020854  -0.00000000     0.00028127  -0.00000000
 -0.00004733   0.00000000    -0.00002928   0.00000000     0.00028635  -0.00000000
  0.00090203  -0.00000000     0.00010082  -0.00000000     0.00008205  -0.00000000
   19   11
  0.00025300   0.00000000     0.00060256   0.00000000    -0.00002594   0.00000000
 -0.00017771   0.00000000    -0.00015160   0.00000000     0.00017555   0.00000000
 -0.00011667   0.00000000    -0.00015790   0.00000000     0.00061740   0.00000000
   19   12
  0.00414899   0.00000000    -0.00959137   0.00000000    -0.01622811   0.00000000
  0.00875575   0.00000000    -0.01706402   0.00000000    -0.02496584   0.00000000
 -0.00078735   0.00000000     0.00020730   0.00000000     0.00079327   0.00000000
   19   13
 -0.00005601   0.00000000     0.00015815   0.00000000     0.00007038   0.00000000
  0.00031117   0.00000000    -0.00012391   0.00000000     0.00005197   0.00000000
  0.00039799   0.00000000    -0.00039370   0.00000000     0.00012613   0.00000000
   19   14
  0.00005146   0.00000000    -0.00013069   0.00000000     0.00013844   0.00000000
  0.00034569   0.00000000    -0.00006016   0.00000000    -0.00008447   0.00000000
  0.00070939   0.00000000    -0.00002020   0.00000000     0.00004376   0.00000000
   19   15
 -0.00002080   0.00000000    -0.00035271   0.00000000     0.00010939  -0.00000000
 -0.00034908   0.00000000     0.00027974  -0.00000000    -0.00010934   0.00000000
  0.00017790  -0.00000000    -0.00015068   0.00000000    -0.00070422   0.00000000
   19   16
 -0.00085067   0.00000000     0.00567030  -0.00000000     0.00672445  -0.00000000
  0.00565068  -0.00000000    -0.01226339   0.00000000    -0.01678034   0.00000000
 -0.00671751   0.00000000     0.01677746  -0.00000000     0.02106734  -0.00000000
   19   17
 -0.00001899   0.00000000     0.00002837  -0.00000000     0.00024096  -0.00000000
  0.00007149  -0.00000000     0.00000353  -0.00000000     0.00024245  -0.00000000
  0.00025181  -0.00000000    -0.00022169   0.00000000    -0.00000914   0.00000000
   19   18
  0.00000862  -0.00000000     0.00016064  -0.00000000    -0.00026140   0.00000000
  0.00018498  -0.00000000     0.00006342  -0.00000000     0.00014078  -0.00000000
  0.00024815  -0.00000000     0.00010032  -0.00000000     0.00002739  -0.00000000
   19   19
  0.07121977   0.00000000    -0.04266928   0.00000000    -0.05613893   0.00000000
 -0.04266928   0.00000000     0.14849508   0.00000000     0.14588375   0.00000000
 -0.05613893   0.00000000     0.14588375   0.00000000     0.28402130   0.00000000
   19   20
 -0.00011089   0.00000000     0.00041406   0.00000000    -0.00007839   0.00000000
  0.00041406   0.00000000    -0.00060360   0.00000000     0.00012780   0.00000000
  0.00007839   0.00000000    -0.00012780   0.00000000     0.00087735   0.00000000
   19   21
  0.00028622   0.00000000    -0.00003040   0.00000000    -0.00015034   0.00000000
  0.00003040   0.00000000     0.00009127   0.00000000     0.00017335   0.00000000
  0.00015034   0.00000000     0.00017335   0.00000000     0.00052461   0.00000000
   19   22
  0.00001092   0.00000000     0.00003317   0.00000000     0.00009883   0.00000000
 -0.00003317   0.00000000    -0.00000269   0.00000000     0.00016206   0.00000000
  0.00009883   0.00000000    -0.00016206   0.00000000     0.00016141   0.00000000
   20    1
  0.00080807  -0.00000000     0.00018330  -0.00000000    -0.00358084   0.00000000
  0.00102993  -0.00000000    -0.00146836   0.00000000     0.00743485  -0.00000000
 -0.00203663   0.00000000     0.00417475  -0.00000000    -0.00284252   0.00000000
   20    2
  0.00338333  -0.00000000    -0.00158490   0.00000000    -0.00189670   0.00000000
 -0.00057332   0.00000000    -0.00018365   0.00000000    -0.00059645   0.00000000
 -0.00117663   0.00000000    -0.00058526   0.00000000     0.00713305  -0.00000000
   20    3
 -0.05944721   0.00000000     0.03636471   0.00000000    -0.04931386   0.00000000
  0.03585017   0.00000000    -0.13352305   0.00000000     0.12960025   0.00000000
 -0.04922732   0.00000000     0.13047821   0.00000000    -0.25570601   0.00000000
   20    4
 -0.00107273   0.00000000    -0.00009862   0.00000000     0.00005713   0.00000000
 -0.00009802   0.00000000    -0.00051083   0.00000000    -0.00024354   0.00000000
 -0.00013651   0.00000000    -0.00019851   0.00000000     0.00058592   0.00000000
   20    5
 -0.00014962   0.00000000     0.00003310   0.00000000    -0.00094679   0.00000000
 -0.00023499   0.00000000    -0.00021981   0.00000000     0.00065810   0.00000000
  0.00054899   0.00000000     0.00133629   0.00000000    -0.00045043   0.00000000
   20    6
 -0.00054145   0.00000000     0.00030436   0.00000000    -0.00009253   0.00000000
  0.00066746   0.00000000    -0.00063930   0.00000000     0.00117320   0.00000000
 -0.00051423   0.00000000    -0.00029222   0.00000000    -0.00075366   0.00000000
   20    7
 -0.00689168   0.00000000     0.01960897  -0.00000000    -0.02964379   0.00000000
  0.00136737  -0.00000000    -0.00475604   0.00000000     0.00525574  -0.00000000
 -0.00056567   0.00000000    -0.00057616   0.00000000     0.00097921  -0.00000000
   20    8
  0.00005743  -0.00000000    -0.00005081   0.00000000     0.00011944  -0.00000000
  0.00070841  -0.00000000    -0.00023983   0.00000000     0.00004499  -0.00000000
 -0.00005228   0.00000000     0.00002135  -0.00000000     0.00037452  -0.00000000
   20    9
 -0.00032580   0.00000000     0.00020854  -0.00000000    -0.00028127   0.00000000
 -0.00004733   0.00000000    -0.00002928   0.00000000    -0.00028635   0.00000000
 -0.00090203   0.00000000    -0.00010082   0.00000000     0.00008205  -0.00000000
   20   10
  0.00001797  -0.00000000     0.00020493  -0.00000000    -0.00017641   0.00000000
  0.00024790  -0.00000000    -0.00009541   0.00000000    -0.00008839   0.00000000
 -0.00048238   0.00000000     0.00018038  -0.00000000     0.00011085  -0.00000000
   20   11
  0.00414899   0.00000000    -0.00959137   0.00000000     0.01622811   0.00000000
  0.00875575   0.00000000    -0.01706402   0.00000000     0.02496584   0.00000000
  0.00078735   0.00000000    -0.00020730   0.00000000     0.00079327   0.00000000
   20   12
  0.00025300   0.00000000     0.00060256   0.00000000     0.00002594   0.00000000
 -0.00017771   0.00000000    -0.00015160   0.00000000    -0.00017555   0.00000000
  0.00011667   0.00000000     0.00015790   0.00000000     0.00061740   0.00000000
   20   13
  0.00005146   0.00000000    -0.00013069   0.00000000    -0.00013844   0.00000000
  0.00034569   0.00000000    -0.00006016   0.00000000     0.00008447   0.00000000
 -0.00070939   0.00000000     0.00002020   0.00000000     0.00004376   0.00000000
   20   14
 -0.00005601   0.00000000     0.00015815   0.00000000    -0.00007038   0.00000000
  0.00031117   0.00000000    -0.00012391   0.00000000    -0.00005197   0.00000000
 -0.00039799   0.00000000     0.00039370   0.00000000     0.00012613   0.00000000
   20   15
 -0.00085067   0.00000000     0.00567030  -0.00000000    -0.00672445   0.00000000
  0.00565068  -0.00000000    -0.01226339   0.00000000     0.01678034  -0.00000000
  0.00671751  -0.00000000    -0.01677746   0.00000000     0.02106734  -0.00000000
   20   16
 -0.00002080   0.00000000    -0.00035271   0.00000000    -0.00010939   0.00000000
 -0.00034908   0.00000000     0.00027974  -0.00000000     0.00010934  -0.00000000
 -0.00017790   0.00000000     0.00015068  -0.00000000    -0.00070422   0.00000000
   20   17
  0.00000862  -0.00000000     0.00016064  -0.00000000     0.00026140  -0.00000000
  0.00018498  -0.00000000     0.00006342  -0.00000000    -0.00014078   0.00000000
 -0.00024815   0.00000000    -0.00010032   0.00000000     0.00002739  -0.00000000
   20   18
 -0.00001899   0.00000000     0.00002837  -0.00000000    -0.00024096   0.00000000
  0.00007149  -0.00000000     0.00000353  -0.00000000    -0.00024245   0.00000000
 -0.00025181   0.00000000     0.00022169  -0.00000000    -0.00000914   0.00000000
   20   19
 -0.00011089   0.00000000     0.00041406   0.00000000     0.00007839   0.00000000
  0.00041406   0.00000000    -0.00060360   0.00000000    -0.00012780   0.00000000
 -0.00007839   0.00000000     0.00012780   0.00000000     0.00087735   0.00000000
   20   20
  0.07121977   0.00000000    -0.04266928   0.00000000     0.05613893   0.00000000
 -0.04266928   0.00000000     0.14849508   0.00000000    -0.14588375   0.00000000
  0.05613893   0.00000000    -0.14588375   0.00000000     0.28402130   0.00000000
   20   21
  0.00001092   0.00000000     0.00003317   0.00000000    -0.00009883   0.00000000
 -0.00003317   0.00000000    -0.00000269   0.00000000    -0.00016206   0.00000000
 -0.00009883   0.00000000     0.00016206   0.00000000     0.00016141   0.00000000
   20   22
  0.00028622   0.00000000    -0.00003040   0.00000000     0.00015034   0.00000000
  0.00003040   0.00000000     0.00009127   0.00000000    -0.00017335   0.00000000
 -0.00015034   0.00000000    -0.00017335   0.00000000     0.00052461   0.00000000
   21    1
 -0.00338333   0.00000000    -0.00158490   0.00000000     0.00189670  -0.00000000
 -0.00057332   0.00000000     0.00018365  -0.00000000    -0.00059645   0.00000000
  0.00117663  -0.00000000    -0.00058526   0.00000000    -0.00713305   0.00000000
   21    2
 -0.00080807   0.00000000     0.00018330  -0.00000000     0.00358084  -0.00000000
  0.00102993  -0.00000000     0.00146836  -0.00000000     0.00743485  -0.00000000
  0.00203663  -0.00000000     0.00417475  -0.00000000     0.00284252  -0.00000000
   21    3
 -0.00054145   0.00000000    -0.00030436   0.00000000    -0.00009253   0.00000000
 -0.00066746   0.00000000    -0.00063930   0.00000000    -0.00117320   0.00000000
 -0.00051423   0.00000000     0.00029222   0.00000000    -0.00075366   0.00000000
   21    4
 -0.00014962   0.00000000    -0.00003310   0.00000000    -0.00094679   0.00000000
  0.00023499   0.00000000    -0.00021981   0.00000000    -0.00065810   0.00000000
  0.00054899   0.00000000    -0.00133629   0.00000000    -0.00045043   0.00000000
   21    5
 -0.00107273   0.00000000     0.00009862   0.00000000     0.00005713   0.00000000
  0.00009802   0.00000000    -0.00051083   0.00000000     0.00024354   0.00000000
 -0.00013651   0.00000000     0.00019851   0.00000000     0.00058592   0.00000000
   21    6
 -0.05944721   0.00000000    -0.03636471   0.00000000    -0.04931386   0.00000000
 -0.03585017   0.00000000    -0.13352305   0.00000000    -0.12960025   0.00000000
 -0.04922732   0.00000000    -0.13047821   0.00000000    -0.25570601   0.00000000
   21    7
  0.00001797  -0.00000000    -0.00020493   0.00000000    -0.00017641   0.00000000
 -0.00024790   0.00000000    -0.00009541   0.00000000     0.00008839  -0.00000000
 -0.00048238   0.00000000    -0.00018038   0.00000000     0.00011085  -0.00000000
   21    8
 -0.00032580   0.00000000    -0.00020854   0.00000000    -0.00028127   0.00000000
  0.00004733  -0.00000000    -0.00002928   0.00000000     0.00028635  -0.00000000
 -0.00090203   0.00000000     0.00010082  -0.00000000     0.00008205  -0.00000000
   21    9
  0.00005743  -0.00000000     0.00005081  -0.00000000     0.00011944  -0.00000000
 -0.00070841   0.00000000    -0.00023983   0.00000000    -0.00004499   0.00000000
 -0.00005228   0.00000000    -0.00002135   0.00000000     0.00037452  -0.00000000
   21   10
 -0.00689168   0.00000000    -0.01960897   0.00000000    -0.02964379   0.00000000
 -0.00136737   0.00000000    -0.00475604   0.00000000    -0.00525574   0.00000000
 -0.00056567   0.00000000     0.00057616  -0.00000000     0.00097921  -0.00000000
   21   11
 -0.00005601   0.00000000    -0.00015815   0.00000000    -0.00007038   0.00000000
 -0.00031117   0.00000000    -0.00012391   0.00000000     0.00005197   0.00000000
 -0.00039799   0.00000000    -0.00039370   0.00000000     0.00012613   0.00000000
   21   12
  0.00005146   0.00000000     0.00013069   0.00000000    -0.00013844   0.00000000
 -0.00034569   0.00000000    -0.00006016   0.00000000    -0.00008447   0.00000000
 -0.00070939   0.00000000    -0.00002020   0.00000000     0.00004376   0.00000000
   21   13
  0.00025300   0.00000000    -0.00060256   0.00000000     0.00002594   0.00000000
  0.00017771   0.00000000    -0.00015160   0.00000000     0.00017555   0.00000000
  0.00011667   0.00000000    -0.00015790   0.00000000     0.00061740   0.00000000
   21   14
  0.00414899   0.00000000     0.00959137   0.00000000     0.01622811   0.00000000
 -0.00875575   0.00000000    -0.01706402   0.00000000    -0.02496584   0.00000000
  0.00078735   0.00000000     0.00020730   0.00000000     0.00079327   0.00000000
   21   15
  0.00001899  -0.00000000     0.00002837  -0.00000000     0.00024096  -0.00000000
  0.00007149  -0.00000000    -0.00000353   0.00000000    -0.00024245   0.00000000
  0.00025181  -0.00000000     0.00022169  -0.00000000     0.00000914  -0.00000000
   21   16
 -0.00000862   0.00000000     0.00016064  -0.00000000    -0.00026140   0.00000000
  0.00018498  -0.00000000    -0.00006342   0.00000000    -0.00014078   0.00000000
  0.00024815  -0.00000000    -0.00010032   0.00000000    -0.00002739   0.00000000
   21   17
  0.00002080  -0.00000000    -0.00035271   0.00000000     0.00010939  -0.00000000
 -0.00034908   0.00000000    -0.00027974   0.00000000     0.00010934  -0.00000000
  0.00017790  -0.00000000     0.00015068  -0.00000000     0.00070422  -0.00000000
   21   18
  0.00085067  -0.00000000     0.00567030  -0.00000000     0.00672445  -0.00000000
  0.00565068  -0.00000000     0.01226339  -0.00000000     0.01678034  -0.00000000
 -0.00671751   0.00000000    -0.01677746   0.00000000    -0.02106734   0.00000000
   21   19
  0.00028622   0.00000000     0.00003040   0.00000000     0.00015034   0.00000000
 -0.00003040   0.00000000     0.00009127   0.00000000     0.00017335   0.00000000
 -0.00015034   0.00000000     0.00017335   0.00000000     0.00052461   0.00000000
   21   20
  0.00001092   0.00000000    -0.00003317   0.00000000    -0.00009883   0.00000000
  0.00003317   0.00000000    -0.00000269   0.00000000     0.00016206   0.00000000
 -0.00009883   0.00000000    -0.00016206   0.00000000     0.00016141   0.00000000
   21   21
  0.07121977   0.00000000     0.04266928   0.00000000     0.05613893   0.00000000
  0.04266928   0.00000000     0.14849508   0.00000000     0.14588375   0.00000000
  0.05613893   0.00000000     0.14588375   0.00000000     0.28402130   0.00000000
   21   22
 -0.00011089   0.00000000    -0.00041406   0.00000000     0.00007839   0.00000000
 -0.00041406   0.00000000    -0.00060360   0.00000000     0.00012780   0.00000000
 -0.00007839   0.00000000    -0.00012780   0.00000000     0.00087735   0.00000000
   22    1
 -0.00338333   0.00000000    -0.00158490   0.00000000    -0.00189670   0.00000000
 -0.00057332   0.00000000     0.00018365  -0.00000000     0.00059645  -0.00000000
 -0.00117663   0.00000000     0.00058526  -0.00000000    -0.00713305   0.00000000
   22    2
 -0.00080807   0.00000000     0.00018330  -0.00000000    -0.00358084   0.00000000
  0.00102993  -0.00000000     0.00146836  -0.00000000    -0.00743485   0.00000000
 -0.00203663   0.00000000    -0.00417475   0.00000000     0.00284252  -0.00000000
   22    3
 -0.00014962   0.00000000    -0.00003310   0.00000000     0.00094679   0.00000000
  0.00023499   0.00000000    -0.00021981   0.00000000     0.00065810   0.00000000
 -0.00054899   0.00000000     0.00133629   0.00000000    -0.00045043   0.00000000
   22    4
 -0.00054145   0.00000000    -0.00030436   0.00000000     0.00009253   0.00000000
 -0.00066746   0.00000000    -0.00063930   0.00000000     0.00117320   0.00000000
  0.00051423   0.00000000    -0.00029222   0.00000000    -0.00075366   0.00000000
   22    5
 -0.05944721   0.00000000    -0.03636471   0.00000000     0.04931386   0.00000000
 -0.03585017   0.00000000    -0.13352305   0.00000000     0.12960025   0.00000000
  0.04922732   0.00000000     0.13047821   0.00000000    -0.25570601   0.00000000
   22    6
 -0.00107273   0.00000000     0.00009862   0.00000000    -0.00005713   0.00000000
  0.00009802   0.00000000    -0.00051083   0.00000000    -0.00024354   0.00000000
  0.00013651   0.00000000    -0.00019851   0.00000000     0.00058592   0.00000000
   22    7
 -0.00032580   0.00000000    -0.00020854   0.00000000     0.00028127  -0.00000000
  0.00004733  -0.00000000    -0.00002928   0.00000000    -0.00028635   0.00000000
  0.00090203  -0.00000000    -0.00010082   0.00000000     0.00008205  -0.00000000
   22    8
  0.00001797  -0.00000000    -0.00020493   0.00000000     0.00017641  -0.00000000
 -0.00024790   0.00000000    -0.00009541   0.00000000    -0.00008839   0.00000000
  0.00048238  -0.00000000     0.00018038  -0.00000000     0.00011085  -0.00000000
   22    9
 -0.00689168   0.00000000    -0.01960897   0.00000000     0.02964379  -0.00000000
 -0.00136737   0.00000000    -0.00475604   0.00000000     0.00525574  -0.00000000
  0.00056567  -0.00000000    -0.00057616   0.00000000     0.00097921  -0.00000000
   22   10
  0.00005743  -0.00000000     0.00005081  -0.00000000    -0.00011944   0.00000000
 -0.00070841   0.00000000    -0.00023983   0.00000000     0.00004499  -0.00000000
  0.00005228  -0.00000000     0.00002135  -0.00000000     0.00037452  -0.00000000
   22   11
  0.00005146   0.00000000     0.00013069   0.00000000     0.00013844   0.00000000
 -0.00034569   0.00000000    -0.00006016   0.00000000     0.00008447   0.00000000
  0.00070939   0.00000000     0.00002020   0.00000000     0.00004376   0.00000000
   22   12
 -0.00005601   0.00000000    -0.00015815   0.00000000     0.00007038   0.00000000
 -0.00031117   0.00000000    -0.00012391   0.00000000    -0.00005197   0.00000000
  0.00039799   0.00000000     0.00039370   0.00000000     0.00012613   0.00000000
   22   13
  0.00414899   0.00000000     0.00959137   0.00000000    -0.01622811   0.00000000
 -0.00875575   0.00000000    -0.01706402   0.00000000     0.02496584   0.00000000
 -0.00078735   0.00000000    -0.00020730   0.00000000     0.00079327   0.00000000
   22   14
  0.00025300   0.00000000    -0.00060256   0.00000000    -0.00002594   0.00000000
  0.00017771   0.00000000    -0.00015160   0.00000000    -0.00017555   0.00000000
 -0.00011667   0.00000000     0.00015790   0.00000000     0.00061740   0.00000000
   22   15
 -0.00000862   0.00000000     0.00016064  -0.00000000     0.00026140  -0.00000000
  0.00018498  -0.00000000    -0.00006342   0.00000000     0.00014078  -0.00000000
 -0.00024815   0.00000000     0.00010032  -0.00000000    -0.00002739   0.00000000
   22   16
  0.00001899  -0.00000000     0.00002837  -0.00000000    -0.00024096   0.00000000
  0.00007149  -0.00000000    -0.00000353   0.00000000     0.00024245  -0.00000000
 -0.00025181   0.00000000    -0.00022169   0.00000000     0.00000914  -0.00000000
   22   17
  0.00085067  -0.00000000     0.00567030  -0.00000000    -0.00672445   0.00000000
  0.00565068  -0.00000000     0.01226339  -0.00000000    -0.01678034   0.00000000
  0.00671751  -0.00000000     0.01677746  -0.00000000    -0.02106734   0.00000000
   22   18
  0.00002080  -0.00000000    -0.00035271   0.00000000    -0.00010939   0.00000000
 -0.00034908   0.00000000    -0.00027974   0.00000000    -0.00010934   0.00000000
 -0.00017790   0.00000000    -0.00015068   0.00000000     0.00070422  -0.00000000
   22   19
  0.00001092   0.00000000    -0.00003317   0.00000000     0.00009883   0.00000000
  0.00003317   0.00000000    -0.00000269   0.00000000    -0.00016206   0.00000000
  0.00009883   0.00000000     0.00016206   0.00000000     0.00016141   0.00000000
   22   20
  0.00028622   0.00000000     0.00003040   0.00000000    -0.00015034   0.00000000
 -0.00003040   0.00000000     0.00009127   0.00000000    -0.00017335   0.00000000
  0.00015034   0.00000000    -0.00017335   0.00000000     0.00052461   0.00000000
   22   21
 -0.00011089   0.00000000    -0.00041406   0.00000000    -0.00007839   0.00000000
 -0.00041406   0.00000000    -0.00060360   0.00000000    -0.00012780   0.00000000
  0.00007839   0.00000000     0.00012780   0.00000000     0.00087735   0.00000000
   22   22
  0.07121977   0.00000000     0.04266928   0.00000000    -0.05613893   0.00000000
  0.04266928   0.00000000     0.14849508   0.00000000    -0.14588375   0.00000000
 -0.05613893   0.00000000    -0.14588375   0.00000000     0.28402130   0.00000000

     Diagonalizing the dynamical matrix

     q = (    0.000000000   0.000000000  -0.757653429 ) 

 **************************************************************************
     freq (    1) =       1.547452 [THz] =      51.617434 [cm-1]
 ( -0.129119  0.000000  0.418662  0.000000  0.000000  0.000000 ) 
 (  0.129119  0.000000  0.418662  0.000000  0.000000  0.000000 ) 
 (  0.041901  0.000000  0.037147  0.000000  0.162134  0.000000 ) 
 (  0.041901  0.000000  0.037147  0.000000 -0.162134  0.000000 ) 
 (  0.041901  0.000000 -0.037147  0.000000 -0.162134  0.000000 ) 
 (  0.041901  0.000000 -0.037147  0.000000  0.162134  0.000000 ) 
 (  0.037415  0.000000  0.008948  0.000000  0.185459  0.000000 ) 
 (  0.037415  0.000000  0.008948  0.000000 -0.185459  0.000000 ) 
 (  0.037415  0.000000 -0.008948  0.000000 -0.185459  0.000000 ) 
 (  0.037415  0.000000 -0.008948  0.000000  0.185459  0.000000 ) 
 (  0.022011  0.000000  0.047509  0.000000  0.043253  0.000000 ) 
 (  0.022011  0.000000  0.047509  0.000000 -0.043253  0.000000 ) 
 (  0.022011  0.000000 -0.047509  0.000000 -0.043253  0.000000 ) 
 (  0.022011  0.000000 -0.047509  0.000000  0.043253  0.000000 ) 
 (  0.008659  0.000000  0.016098  0.000000 -0.171956  0.000000 ) 
 (  0.008659  0.000000  0.016098  0.000000  0.171956  0.000000 ) 
 ( -0.008659  0.000000  0.016098  0.000000 -0.171956  0.000000 ) 
 ( -0.008659  0.000000  0.016098  0.000000  0.171956  0.000000 ) 
 (  0.111213  0.000000  0.102831  0.000000 -0.176831  0.000000 ) 
 (  0.111213  0.000000  0.102831  0.000000  0.176831  0.000000 ) 
 (  0.111213  0.000000 -0.102831  0.000000  0.176831  0.000000 ) 
 (  0.111213  0.000000 -0.102831  0.000000 -0.176831  0.000000 ) 
     freq (    2) =       1.599840 [THz] =      53.364932 [cm-1]
 ( -0.241978  0.000000  0.401108  0.000000 -0.000000  0.000000 ) 
 ( -0.241978  0.000000 -0.401108  0.000000 -0.000000  0.000000 ) 
 ( -0.011414  0.000000 -0.028035  0.000000  0.172796  0.000000 ) 
 ( -0.011414  0.000000 -0.028035  0.000000 -0.172796  0.000000 ) 
 (  0.011414  0.000000 -0.028035  0.000000  0.172796  0.000000 ) 
 (  0.011414  0.000000 -0.028035  0.000000 -0.172796  0.000000 ) 
 ( -0.018244  0.000000 -0.043490  0.000000  0.154781  0.000000 ) 
 ( -0.018244  0.000000 -0.043490  0.000000 -0.154781  0.000000 ) 
 (  0.018244  0.000000 -0.043490  0.000000  0.154781  0.000000 ) 
 (  0.018244  0.000000 -0.043490  0.000000 -0.154781  0.000000 ) 
 ( -0.035469  0.000000 -0.012269  0.000000  0.082203  0.000000 ) 
 ( -0.035469  0.000000 -0.012269  0.000000 -0.082203  0.000000 ) 
 (  0.035469  0.000000 -0.012269  0.000000  0.082203  0.000000 ) 
 (  0.035469  0.000000 -0.012269  0.000000 -0.082203  0.000000 ) 
 (  0.026017  0.000000  0.070870  0.000000 -0.186451  0.000000 ) 
 (  0.026017  0.000000  0.070870  0.000000  0.186451  0.000000 ) 
 (  0.026017  0.000000 -0.070870  0.000000  0.186451  0.000000 ) 
 (  0.026017  0.000000 -0.070870  0.000000 -0.186451  0.000000 ) 
 (  0.036992  0.000000  0.024714  0.000000 -0.180871  0.000000 ) 
 (  0.036992  0.000000  0.024714  0.000000  0.180871  0.000000 ) 
 ( -0.036992  0.000000  0.024714  0.000000 -0.180871  0.000000 ) 
 ( -0.036992  0.000000  0.024714  0.000000  0.180871  0.000000 ) 
     freq (    3) =       1.752143 [THz] =      58.445189 [cm-1]
 (  0.301166  0.000000  0.178726  0.000000 -0.000000  0.000000 ) 
 (  0.301166  0.000000 -0.178726  0.000000 -0.000000  0.000000 ) 
 ( -0.115265  0.000000 -0.043450  0.000000  0.013170  0.000000 ) 
 ( -0.115265  0.000000 -0.043450  0.000000 -0.013170  0.000000 ) 
 (  0.115265  0.000000 -0.043450  0.000000  0.013170  0.000000 ) 
 (  0.115265  0.000000 -0.043450  0.000000 -0.013170  0.000000 ) 
 ( -0.077239  0.000000  0.106483  0.000000  0.105318  0.000000 ) 
 ( -0.077239  0.000000  0.106483  0.000000 -0.105318  0.000000 ) 
 (  0.077239  0.000000  0.106483  0.000000  0.105318  0.000000 ) 
 (  0.077239  0.000000  0.106483  0.000000 -0.105318  0.000000 ) 
 (  0.031752  0.000000 -0.130774  0.000000 -0.104488  0.000000 ) 
 (  0.031752  0.000000 -0.130774  0.000000  0.104488  0.000000 ) 
 ( -0.031752  0.000000 -0.130774  0.000000 -0.104488  0.000000 ) 
 ( -0.031752  0.000000 -0.130774  0.000000  0.104488  0.000000 ) 
 (  0.278877  0.000000  0.142792  0.000000 -0.033635  0.000000 ) 
 (  0.278877  0.000000  0.142792  0.000000  0.033635  0.000000 ) 
 (  0.278877  0.000000 -0.142792  0.000000  0.033635  0.000000 ) 
 (  0.278877  0.000000 -0.142792  0.000000 -0.033635  0.000000 ) 
 ( -0.123291  0.000000 -0.020214  0.000000 -0.031695  0.000000 ) 
 ( -0.123291  0.000000 -0.020214  0.000000  0.031695  0.000000 ) 
 (  0.123291  0.000000 -0.020214  0.000000 -0.031695  0.000000 ) 
 (  0.123291  0.000000 -0.020214  0.000000  0.031695  0.000000 ) 
     freq (    4) =       1.752789 [THz] =      58.466741 [cm-1]
 (  0.342725  0.000000  0.101862  0.000000  0.000000  0.000000 ) 
 ( -0.342725  0.000000  0.101862  0.000000  0.000000  0.000000 ) 
 (  0.112918  0.000000  0.039023  0.000000 -0.012908  0.000000 ) 
 (  0.112918  0.000000  0.039023  0.000000  0.012908  0.000000 ) 
 (  0.112918  0.000000 -0.039023  0.000000  0.012908  0.000000 ) 
 (  0.112918  0.000000 -0.039023  0.000000 -0.012908  0.000000 ) 
 (  0.074323  0.000000 -0.110310  0.000000  0.086669  0.000000 ) 
 (  0.074323  0.000000 -0.110310  0.000000 -0.086669  0.000000 ) 
 (  0.074323  0.000000  0.110310  0.000000 -0.086669  0.000000 ) 
 (  0.074323  0.000000  0.110310  0.000000  0.086669  0.000000 ) 
 ( -0.035674  0.000000  0.127415  0.000000 -0.127018  0.000000 ) 
 ( -0.035674  0.000000  0.127415  0.000000  0.127018  0.000000 ) 
 ( -0.035674  0.000000 -0.127415  0.000000  0.127018  0.000000 ) 
 ( -0.035674  0.000000 -0.127415  0.000000 -0.127018  0.000000 ) 
 ( -0.122627  0.000000 -0.014093  0.000000 -0.009655  0.000000 ) 
 ( -0.122627  0.000000 -0.014093  0.000000  0.009655  0.000000 ) 
 (  0.122627  0.000000 -0.014093  0.000000 -0.009655  0.000000 ) 
 (  0.122627  0.000000 -0.014093  0.000000  0.009655  0.000000 ) 
 (  0.277738  0.000000  0.142104  0.000000 -0.011693  0.000000 ) 
 (  0.277738  0.000000  0.142104  0.000000  0.011693  0.000000 ) 
 (  0.277738  0.000000 -0.142104  0.000000  0.011693  0.000000 ) 
 (  0.277738  0.000000 -0.142104  0.000000 -0.011693  0.000000 ) 
     freq (    5) =       3.210372 [THz] =     107.086482 [cm-1]
 (  0.000000  0.000000  0.000000  0.000000 -0.360212  0.000000 ) 
 (  0.000000  0.000000  0.000000  0.000000  0.360212  0.000000 ) 
 ( -0.061370  0.000000 -0.168967  0.000000 -0.075969  0.000000 ) 
 (  0.061370  0.000000  0.168967  0.000000 -0.075969  0.000000 ) 
 (  0.061370  0.000000 -0.168967  0.000000 -0.075969  0.000000 ) 
 ( -0.061370  0.000000  0.168967  0.000000 -0.075969  0.000000 ) 
 ( -0.061993  0.000000 -0.162454  0.000000 -0.030748  0.000000 ) 
 (  0.061993  0.000000  0.162454  0.000000 -0.030748  0.000000 ) 
 (  0.061993  0.000000 -0.162454  0.000000 -0.030748  0.000000 ) 
 ( -0.061993  0.000000  0.162454  0.000000 -0.030748  0.000000 ) 
 ( -0.062461  0.000000 -0.158466  0.000000 -0.076757  0.000000 ) 
 (  0.062461  0.000000  0.158466  0.000000 -0.076757  0.000000 ) 
 (  0.062461  0.000000 -0.158466  0.000000 -0.076757  0.000000 ) 
 ( -0.062461  0.000000  0.158466  0.000000 -0.076757  0.000000 ) 
 (  0.113194  0.000000  0.102821  0.000000  0.126473  0.000000 ) 
 ( -0.113194  0.000000 -0.102821  0.000000  0.126473  0.000000 ) 
 (  0.113194  0.000000 -0.102821  0.000000 -0.126473  0.000000 ) 
 ( -0.113194  0.000000  0.102821  0.000000 -0.126473  0.000000 ) 
 (  0.021814  0.000000  0.173851  0.000000 -0.104267  0.000000 ) 
 ( -0.021814  0.000000 -0.173851  0.000000 -0.104267  0.000000 ) 
 ( -0.021814  0.000000  0.173851  0.000000 -0.104267  0.000000 ) 
 (  0.021814  0.000000 -0.173851  0.000000 -0.104267  0.000000 ) 
     freq (    6) =       3.234387 [THz] =     107.887537 [cm-1]
 ( -0.000000  0.000000 -0.000000  0.000000  0.375350  0.000000 ) 
 ( -0.000000  0.000000 -0.000000  0.000000  0.375350  0.000000 ) 
 (  0.056951  0.000000  0.167699  0.000000 -0.074898  0.000000 ) 
 ( -0.056951  0.000000 -0.167699  0.000000 -0.074898  0.000000 ) 
 (  0.056951  0.000000 -0.167699  0.000000  0.074898  0.000000 ) 
 ( -0.056951  0.000000  0.167699  0.000000  0.074898  0.000000 ) 
 (  0.063998  0.000000  0.191787  0.000000 -0.029737  0.000000 ) 
 ( -0.063998  0.000000 -0.191787  0.000000 -0.029737  0.000000 ) 
 (  0.063998  0.000000 -0.191787  0.000000  0.029737  0.000000 ) 
 ( -0.063998  0.000000  0.191787  0.000000  0.029737  0.000000 ) 
 (  0.084316  0.000000  0.140577  0.000000 -0.086596  0.000000 ) 
 ( -0.084316  0.000000 -0.140577  0.000000 -0.086596  0.000000 ) 
 (  0.084316  0.000000 -0.140577  0.000000  0.086596  0.000000 ) 
 ( -0.084316  0.000000  0.140577  0.000000  0.086596  0.000000 ) 
 (  0.004382  0.000000 -0.152275  0.000000  0.096187  0.000000 ) 
 ( -0.004382  0.000000  0.152275  0.000000  0.096187  0.000000 ) 
 ( -0.004382  0.000000 -0.152275  0.000000  0.096187  0.000000 ) 
 (  0.004382  0.000000  0.152275  0.000000  0.096187  0.000000 ) 
 ( -0.094533  0.000000 -0.101120  0.000000 -0.121767  0.000000 ) 
 (  0.094533  0.000000  0.101120  0.000000 -0.121767  0.000000 ) 
 ( -0.094533  0.000000  0.101120  0.000000  0.121767  0.000000 ) 
 (  0.094533  0.000000 -0.101120  0.000000  0.121767  0.000000 ) 
     freq (    7) =       4.718517 [THz] =     157.392780 [cm-1]
 (  0.011492  0.000000  0.010044  0.000000 -0.000000  0.000000 ) 
 ( -0.011492  0.000000  0.010044  0.000000  0.000000  0.000000 ) 
 ( -0.113547  0.000000 -0.190551  0.000000 -0.001584  0.000000 ) 
 ( -0.113547  0.000000 -0.190551  0.000000  0.001584  0.000000 ) 
 ( -0.113547  0.000000  0.190551  0.000000  0.001584  0.000000 ) 
 ( -0.113547  0.000000  0.190551  0.000000 -0.001584  0.000000 ) 
 ( -0.092653  0.000000 -0.096683  0.000000 -0.000574  0.000000 ) 
 ( -0.092653  0.000000 -0.096683  0.000000  0.000574  0.000000 ) 
 ( -0.092653  0.000000  0.096683  0.000000  0.000574  0.000000 ) 
 ( -0.092653  0.000000  0.096683  0.000000 -0.000574  0.000000 ) 
 ( -0.037412  0.000000 -0.228884  0.000000  0.019116  0.000000 ) 
 ( -0.037412  0.000000 -0.228884  0.000000 -0.019116  0.000000 ) 
 ( -0.037412  0.000000  0.228884  0.000000 -0.019116  0.000000 ) 
 ( -0.037412  0.000000  0.228884  0.000000  0.019116  0.000000 ) 
 (  0.140422  0.000000  0.187977  0.000000  0.012809  0.000000 ) 
 (  0.140422  0.000000  0.187977  0.000000 -0.012809  0.000000 ) 
 ( -0.140422  0.000000  0.187977  0.000000  0.012809  0.000000 ) 
 ( -0.140422  0.000000  0.187977  0.000000 -0.012809  0.000000 ) 
 ( -0.153373  0.000000 -0.222852  0.000000  0.013733  0.000000 ) 
 ( -0.153373  0.000000 -0.222852  0.000000 -0.013733  0.000000 ) 
 ( -0.153373  0.000000  0.222852  0.000000 -0.013733  0.000000 ) 
 ( -0.153373  0.000000  0.222852  0.000000  0.013733  0.000000 ) 
     freq (    8) =       4.746468 [THz] =     158.325127 [cm-1]
 (  0.011196  0.000000  0.010463  0.000000  0.000000  0.000000 ) 
 (  0.011196  0.000000 -0.010463  0.000000  0.000000  0.000000 ) 
 (  0.115628  0.000000  0.189462  0.000000 -0.002859  0.000000 ) 
 (  0.115628  0.000000  0.189462  0.000000  0.002859  0.000000 ) 
 ( -0.115628  0.000000  0.189462  0.000000 -0.002859  0.000000 ) 
 ( -0.115628  0.000000  0.189462  0.000000  0.002859  0.000000 ) 
 (  0.094908  0.000000  0.096404  0.000000 -0.001620  0.000000 ) 
 (  0.094908  0.000000  0.096404  0.000000  0.001620  0.000000 ) 
 ( -0.094908  0.000000  0.096404  0.000000 -0.001620  0.000000 ) 
 ( -0.094908  0.000000  0.096404  0.000000  0.001620  0.000000 ) 
 (  0.040326  0.000000  0.227225  0.000000  0.021115  0.000000 ) 
 (  0.040326  0.000000  0.227225  0.000000 -0.021115  0.000000 ) 
 ( -0.040326  0.000000  0.227225  0.000000  0.021115  0.000000 ) 
 ( -0.040326  0.000000  0.227225  0.000000 -0.021115  0.000000 ) 
 ( -0.155288  0.000000 -0.224595  0.000000  0.016864  0.000000 ) 
 ( -0.155288  0.000000 -0.224595  0.000000 -0.016864  0.000000 ) 
 ( -0.155288  0.000000  0.224595  0.000000 -0.016864  0.000000 ) 
 ( -0.155288  0.000000  0.224595  0.000000  0.016864  0.000000 ) 
 (  0.141097  0.000000  0.183284  0.000000  0.016069  0.000000 ) 
 (  0.141097  0.000000  0.183284  0.000000 -0.016069  0.000000 ) 
 ( -0.141097  0.000000  0.183284  0.000000  0.016069  0.000000 ) 
 ( -0.141097  0.000000  0.183284  0.000000 -0.016069  0.000000 ) 
     freq (    9) =       5.147268 [THz] =     171.694363 [cm-1]
 (  0.000000  0.000000  0.000000  0.000000 -0.017381  0.000000 ) 
 (  0.000000  0.000000 -0.000000  0.000000 -0.017381  0.000000 ) 
 (  0.132090  0.000000  0.152368  0.000000  0.008474  0.000000 ) 
 ( -0.132090  0.000000 -0.152368  0.000000  0.008474  0.000000 ) 
 (  0.132090  0.000000 -0.152368  0.000000 -0.008474  0.000000 ) 
 ( -0.132090  0.000000  0.152368  0.000000 -0.008474  0.000000 ) 
 (  0.100917  0.000000 -0.000639  0.000000 -0.007913  0.000000 ) 
 ( -0.100917  0.000000  0.000639  0.000000 -0.007913  0.000000 ) 
 (  0.100917  0.000000  0.000639  0.000000  0.007913  0.000000 ) 
 ( -0.100917  0.000000 -0.000639  0.000000  0.007913  0.000000 ) 
 (  0.006676  0.000000  0.221443  0.000000 -0.003461  0.000000 ) 
 ( -0.006676  0.000000 -0.221443  0.000000 -0.003461  0.000000 ) 
 (  0.006676  0.000000 -0.221443  0.000000  0.003461  0.000000 ) 
 ( -0.006676  0.000000  0.221443  0.000000  0.003461  0.000000 ) 
 ( -0.209609  0.000000 -0.166355  0.000000 -0.020561  0.000000 ) 
 (  0.209609  0.000000  0.166355  0.000000 -0.020561  0.000000 ) 
 (  0.209609  0.000000 -0.166355  0.000000 -0.020561  0.000000 ) 
 ( -0.209609  0.000000  0.166355  0.000000 -0.020561  0.000000 ) 
 ( -0.189938  0.000000 -0.202661  0.000000  0.024327  0.000000 ) 
 (  0.189938  0.000000  0.202661  0.000000  0.024327  0.000000 ) 
 ( -0.189938  0.000000  0.202661  0.000000 -0.024327  0.000000 ) 
 (  0.189938  0.000000 -0.202661  0.000000 -0.024327  0.000000 ) 
     freq (   10) =       5.237281 [THz] =     174.696874 [cm-1]
 (  0.000000  0.000000  0.000000  0.000000  0.019027  0.000000 ) 
 ( -0.000000  0.000000 -0.000000  0.000000 -0.019027  0.000000 ) 
 ( -0.146217  0.000000 -0.146808  0.000000  0.008851  0.000000 ) 
 (  0.146217  0.000000  0.146808  0.000000  0.008851  0.000000 ) 
 (  0.146217  0.000000 -0.146808  0.000000  0.008851  0.000000 ) 
 ( -0.146217  0.000000  0.146808  0.000000  0.008851  0.000000 ) 
 ( -0.116593  0.000000 -0.004517  0.000000 -0.008777  0.000000 ) 
 (  0.116593  0.000000  0.004517  0.000000 -0.008777  0.000000 ) 
 (  0.116593  0.000000 -0.004517  0.000000 -0.008777  0.000000 ) 
 ( -0.116593  0.000000  0.004517  0.000000 -0.008777  0.000000 ) 
 ( -0.031313  0.000000 -0.209513  0.000000 -0.005331  0.000000 ) 
 (  0.031313  0.000000  0.209513  0.000000 -0.005331  0.000000 ) 
 (  0.031313  0.000000 -0.209513  0.000000 -0.005331  0.000000 ) 
 ( -0.031313  0.000000  0.209513  0.000000 -0.005331  0.000000 ) 
 (  0.195318  0.000000  0.196104  0.000000 -0.026427  0.000000 ) 
 ( -0.195318  0.000000 -0.196104  0.000000 -0.026427  0.000000 ) 
 (  0.195318  0.000000 -0.196104  0.000000  0.026427  0.000000 ) 
 ( -0.195318  0.000000  0.196104  0.000000  0.026427  0.000000 ) 
 (  0.216109  0.000000  0.153867  0.000000  0.023020  0.000000 ) 
 ( -0.216109  0.000000 -0.153867  0.000000  0.023020  0.000000 ) 
 ( -0.216109  0.000000  0.153867  0.000000  0.023020  0.000000 ) 
 (  0.216109  0.000000 -0.153867  0.000000  0.023020  0.000000 ) 
     freq (   11) =       6.052684 [THz] =     201.895822 [cm-1]
 (  0.003927  0.000000  0.010015  0.000000  0.000000  0.000000 ) 
 (  0.003927  0.000000 -0.010015  0.000000 -0.000000  0.000000 ) 
 (  0.167621  0.000000 -0.097337  0.000000 -0.083174  0.000000 ) 
 (  0.167621  0.000000 -0.097337  0.000000  0.083174  0.000000 ) 
 ( -0.167621  0.000000 -0.097337  0.000000 -0.083174  0.000000 ) 
 ( -0.167621  0.000000 -0.097337  0.000000  0.083174  0.000000 ) 
 (  0.182114  0.000000 -0.018227  0.000000 -0.067180  0.000000 ) 
 (  0.182114  0.000000 -0.018227  0.000000  0.067180  0.000000 ) 
 ( -0.182114  0.000000 -0.018227  0.000000 -0.067180  0.000000 ) 
 ( -0.182114  0.000000 -0.018227  0.000000  0.067180  0.000000 ) 
 (  0.247246  0.000000 -0.147196  0.000000 -0.026941  0.000000 ) 
 (  0.247246  0.000000 -0.147196  0.000000  0.026941  0.000000 ) 
 ( -0.247246  0.000000 -0.147196  0.000000 -0.026941  0.000000 ) 
 ( -0.247246  0.000000 -0.147196  0.000000  0.026941  0.000000 ) 
 ( -0.107941  0.000000  0.070193  0.000000  0.115859  0.000000 ) 
 ( -0.107941  0.000000  0.070193  0.000000 -0.115859  0.000000 ) 
 ( -0.107941  0.000000 -0.070193  0.000000 -0.115859  0.000000 ) 
 ( -0.107941  0.000000 -0.070193  0.000000  0.115859  0.000000 ) 
 (  0.094378  0.000000 -0.177309  0.000000  0.116497  0.000000 ) 
 (  0.094378  0.000000 -0.177309  0.000000 -0.116497  0.000000 ) 
 ( -0.094378  0.000000 -0.177309  0.000000  0.116497  0.000000 ) 
 ( -0.094378  0.000000 -0.177309  0.000000 -0.116497  0.000000 ) 
     freq (   12) =       6.094871 [THz] =     203.303026 [cm-1]
 (  0.005042  0.000000  0.009349  0.000000 -0.000000  0.000000 ) 
 ( -0.005042  0.000000  0.009349  0.000000  0.000000  0.000000 ) 
 ( -0.175107  0.000000  0.098002  0.000000 -0.072065  0.000000 ) 
 ( -0.175107  0.000000  0.098002  0.000000  0.072065  0.000000 ) 
 ( -0.175107  0.000000 -0.098002  0.000000  0.072065  0.000000 ) 
 ( -0.175107  0.000000 -0.098002  0.000000 -0.072065  0.000000 ) 
 ( -0.188998  0.000000  0.019948  0.000000 -0.053571  0.000000 ) 
 ( -0.188998  0.000000  0.019948  0.000000  0.053571  0.000000 ) 
 ( -0.188998  0.000000 -0.019948  0.000000  0.053571  0.000000 ) 
 ( -0.188998  0.000000 -0.019948  0.000000 -0.053571  0.000000 ) 
 ( -0.254077  0.000000  0.147475  0.000000 -0.026621  0.000000 ) 
 ( -0.254077  0.000000  0.147475  0.000000  0.026621  0.000000 ) 
 ( -0.254077  0.000000 -0.147475  0.000000  0.026621  0.000000 ) 
 ( -0.254077  0.000000 -0.147475  0.000000 -0.026621  0.000000 ) 
 (  0.105400  0.000000 -0.169078  0.000000  0.100648  0.000000 ) 
 (  0.105400  0.000000 -0.169078  0.000000 -0.100648  0.000000 ) 
 ( -0.105400  0.000000 -0.169078  0.000000  0.100648  0.000000 ) 
 ( -0.105400  0.000000 -0.169078  0.000000 -0.100648  0.000000 ) 
 ( -0.110267  0.000000  0.080667  0.000000  0.099951  0.000000 ) 
 ( -0.110267  0.000000  0.080667  0.000000 -0.099951  0.000000 ) 
 ( -0.110267  0.000000 -0.080667  0.000000 -0.099951  0.000000 ) 
 ( -0.110267  0.000000 -0.080667  0.000000  0.099951  0.000000 ) 
     freq (   13) =       6.562516 [THz] =     218.901962 [cm-1]
 (  0.009540  0.000000 -0.013198  0.000000 -0.000000  0.000000 ) 
 ( -0.009540  0.000000 -0.013198  0.000000 -0.000000  0.000000 ) 
 ( -0.070705  0.000000  0.038224  0.000000  0.209409  0.000000 ) 
 ( -0.070705  0.000000  0.038224  0.000000 -0.209409  0.000000 ) 
 ( -0.070705  0.000000 -0.038224  0.000000 -0.209409  0.000000 ) 
 ( -0.070705  0.000000 -0.038224  0.000000  0.209409  0.000000 ) 
 ( -0.064880  0.000000  0.049412  0.000000  0.135503  0.000000 ) 
 ( -0.064880  0.000000  0.049412  0.000000 -0.135503  0.000000 ) 
 ( -0.064880  0.000000 -0.049412  0.000000 -0.135503  0.000000 ) 
 ( -0.064880  0.000000 -0.049412  0.000000  0.135503  0.000000 ) 
 ( -0.061491  0.000000  0.034868  0.000000  0.185608  0.000000 ) 
 ( -0.061491  0.000000  0.034868  0.000000 -0.185608  0.000000 ) 
 ( -0.061491  0.000000 -0.034868  0.000000 -0.185608  0.000000 ) 
 ( -0.061491  0.000000 -0.034868  0.000000  0.185608  0.000000 ) 
 (  0.036302  0.000000  0.004820  0.000000 -0.242269  0.000000 ) 
 (  0.036302  0.000000  0.004820  0.000000  0.242269  0.000000 ) 
 ( -0.036302  0.000000  0.004820  0.000000 -0.242269  0.000000 ) 
 ( -0.036302  0.000000  0.004820  0.000000  0.242269  0.000000 ) 
 ( -0.103566  0.000000  0.077911  0.000000 -0.241380  0.000000 ) 
 ( -0.103566  0.000000  0.077911  0.000000  0.241380  0.000000 ) 
 ( -0.103566  0.000000 -0.077911  0.000000  0.241380  0.000000 ) 
 ( -0.103566  0.000000 -0.077911  0.000000 -0.241380  0.000000 ) 
     freq (   14) =       6.583829 [THz] =     219.612903 [cm-1]
 ( -0.010598  0.000000  0.012193  0.000000 -0.000000  0.000000 ) 
 ( -0.010598  0.000000 -0.012193  0.000000  0.000000  0.000000 ) 
 ( -0.081734  0.000000  0.043986  0.000000 -0.205326  0.000000 ) 
 ( -0.081734  0.000000  0.043986  0.000000  0.205326  0.000000 ) 
 (  0.081734  0.000000  0.043986  0.000000 -0.205326  0.000000 ) 
 (  0.081734  0.000000  0.043986  0.000000  0.205326  0.000000 ) 
 ( -0.077510  0.000000  0.047699  0.000000 -0.131711  0.000000 ) 
 ( -0.077510  0.000000  0.047699  0.000000  0.131711  0.000000 ) 
 (  0.077510  0.000000  0.047699  0.000000 -0.131711  0.000000 ) 
 (  0.077510  0.000000  0.047699  0.000000  0.131711  0.000000 ) 
 ( -0.079231  0.000000  0.045197  0.000000 -0.189429  0.000000 ) 
 ( -0.079231  0.000000  0.045197  0.000000  0.189429  0.000000 ) 
 (  0.079231  0.000000  0.045197  0.000000 -0.189429  0.000000 ) 
 (  0.079231  0.000000  0.045197  0.000000  0.189429  0.000000 ) 
 (  0.110397  0.000000 -0.078537  0.000000  0.233212  0.000000 ) 
 (  0.110397  0.000000 -0.078537  0.000000 -0.233212  0.000000 ) 
 (  0.110397  0.000000  0.078537  0.000000 -0.233212  0.000000 ) 
 (  0.110397  0.000000  0.078537  0.000000  0.233212  0.000000 ) 
 ( -0.038692  0.000000  0.009888  0.000000  0.234356  0.000000 ) 
 ( -0.038692  0.000000  0.009888  0.000000 -0.234356  0.000000 ) 
 (  0.038692  0.000000  0.009888  0.000000  0.234356  0.000000 ) 
 (  0.038692  0.000000  0.009888  0.000000 -0.234356  0.000000 ) 
     freq (   15) =       6.756728 [THz] =     225.380183 [cm-1]
 (  0.000000  0.000000  0.000000  0.000000  0.000123  0.000000 ) 
 ( -0.000000  0.000000 -0.000000  0.000000  0.000123  0.000000 ) 
 ( -0.122547  0.000000  0.063528  0.000000  0.032351  0.000000 ) 
 (  0.122547  0.000000 -0.063528  0.000000  0.032351  0.000000 ) 
 ( -0.122547  0.000000 -0.063528  0.000000 -0.032351  0.000000 ) 
 (  0.122547  0.000000  0.063528  0.000000 -0.032351  0.000000 ) 
 ( -0.159295  0.000000 -0.139719  0.000000  0.000547  0.000000 ) 
 (  0.159295  0.000000  0.139719  0.000000  0.000547  0.000000 ) 
 ( -0.159295  0.000000  0.139719  0.000000 -0.000547  0.000000 ) 
 (  0.159295  0.000000 -0.139719  0.000000 -0.000547  0.000000 ) 
 ( -0.301446  0.000000  0.173411  0.000000  0.132748  0.000000 ) 
 (  0.301446  0.000000 -0.173411  0.000000  0.132748  0.000000 ) 
 ( -0.301446  0.000000 -0.173411  0.000000 -0.132748  0.000000 ) 
 (  0.301446  0.000000  0.173411  0.000000 -0.132748  0.000000 ) 
 ( -0.058565  0.000000 -0.200525  0.000000  0.010570  0.000000 ) 
 (  0.058565  0.000000  0.200525  0.000000  0.010570  0.000000 ) 
 (  0.058565  0.000000 -0.200525  0.000000  0.010570  0.000000 ) 
 ( -0.058565  0.000000  0.200525  0.000000  0.010570  0.000000 ) 
 (  0.032806  0.000000 -0.039650  0.000000 -0.006326  0.000000 ) 
 ( -0.032806  0.000000  0.039650  0.000000 -0.006326  0.000000 ) 
 (  0.032806  0.000000  0.039650  0.000000  0.006326  0.000000 ) 
 ( -0.032806  0.000000 -0.039650  0.000000  0.006326  0.000000 ) 
     freq (   16) =       6.843039 [THz] =     228.259206 [cm-1]
 (  0.000000  0.000000 -0.000000  0.000000 -0.001366  0.000000 ) 
 (  0.000000  0.000000  0.000000  0.000000  0.001366  0.000000 ) 
 ( -0.110905  0.000000  0.068520  0.000000 -0.033011  0.000000 ) 
 (  0.110905  0.000000 -0.068520  0.000000 -0.033011  0.000000 ) 
 (  0.110905  0.000000  0.068520  0.000000 -0.033011  0.000000 ) 
 ( -0.110905  0.000000 -0.068520  0.000000 -0.033011  0.000000 ) 
 ( -0.148818  0.000000 -0.139654  0.000000  0.003419  0.000000 ) 
 (  0.148818  0.000000  0.139654  0.000000  0.003419  0.000000 ) 
 (  0.148818  0.000000 -0.139654  0.000000  0.003419  0.000000 ) 
 ( -0.148818  0.000000  0.139654  0.000000  0.003419  0.000000 ) 
 ( -0.292895  0.000000  0.179856  0.000000 -0.140275  0.000000 ) 
 (  0.292895  0.000000 -0.179856  0.000000 -0.140275  0.000000 ) 
 (  0.292895  0.000000  0.179856  0.000000 -0.140275  0.000000 ) 
 ( -0.292895  0.000000 -0.179856  0.000000 -0.140275  0.000000 ) 
 (  0.025392  0.000000 -0.040678  0.000000 -0.007296  0.000000 ) 
 ( -0.025392  0.000000  0.040678  0.000000 -0.007296  0.000000 ) 
 (  0.025392  0.000000  0.040678  0.000000  0.007296  0.000000 ) 
 ( -0.025392  0.000000 -0.040678  0.000000  0.007296  0.000000 ) 
 ( -0.075953  0.000000 -0.210215  0.000000  0.011312  0.000000 ) 
 (  0.075953  0.000000  0.210215  0.000000  0.011312  0.000000 ) 
 (  0.075953  0.000000 -0.210215  0.000000  0.011312  0.000000 ) 
 ( -0.075953  0.000000  0.210215  0.000000  0.011312  0.000000 ) 
     freq (   17) =       7.750071 [THz] =     258.514553 [cm-1]
 (  0.000000  0.000000 -0.000000  0.000000  0.005198  0.000000 ) 
 ( -0.000000  0.000000 -0.000000  0.000000 -0.005198  0.000000 ) 
 ( -0.014820  0.000000  0.036579  0.000000 -0.163134  0.000000 ) 
 (  0.014820  0.000000 -0.036579  0.000000 -0.163134  0.000000 ) 
 (  0.014820  0.000000  0.036579  0.000000 -0.163134  0.000000 ) 
 ( -0.014820  0.000000 -0.036579  0.000000 -0.163134  0.000000 ) 
 (  0.020046  0.000000  0.203333  0.000000 -0.113756  0.000000 ) 
 ( -0.020046  0.000000 -0.203333  0.000000 -0.113756  0.000000 ) 
 ( -0.020046  0.000000  0.203333  0.000000 -0.113756  0.000000 ) 
 (  0.020046  0.000000 -0.203333  0.000000 -0.113756  0.000000 ) 
 (  0.131758  0.000000 -0.055670  0.000000 -0.061092  0.000000 ) 
 ( -0.131758  0.000000  0.055670  0.000000 -0.061092  0.000000 ) 
 ( -0.131758  0.000000 -0.055670  0.000000 -0.061092  0.000000 ) 
 (  0.131758  0.000000  0.055670  0.000000 -0.061092  0.000000 ) 
 (  0.113678  0.000000 -0.083597  0.000000  0.215149  0.000000 ) 
 ( -0.113678  0.000000  0.083597  0.000000  0.215149  0.000000 ) 
 (  0.113678  0.000000  0.083597  0.000000 -0.215149  0.000000 ) 
 ( -0.113678  0.000000 -0.083597  0.000000 -0.215149  0.000000 ) 
 (  0.118447  0.000000  0.110185  0.000000 -0.224872  0.000000 ) 
 ( -0.118447  0.000000 -0.110185  0.000000 -0.224872  0.000000 ) 
 ( -0.118447  0.000000  0.110185  0.000000 -0.224872  0.000000 ) 
 (  0.118447  0.000000 -0.110185  0.000000 -0.224872  0.000000 ) 
     freq (   18) =       7.853322 [THz] =     261.958631 [cm-1]
 ( -0.000000  0.000000 -0.000000  0.000000 -0.004393  0.000000 ) 
 (  0.000000  0.000000  0.000000  0.000000 -0.004393  0.000000 ) 
 (  0.012290  0.000000 -0.034486  0.000000 -0.166668  0.000000 ) 
 ( -0.012290  0.000000  0.034486  0.000000 -0.166668  0.000000 ) 
 (  0.012290  0.000000  0.034486  0.000000  0.166668  0.000000 ) 
 ( -0.012290  0.000000 -0.034486  0.000000  0.166668  0.000000 ) 
 ( -0.022629  0.000000 -0.202515  0.000000 -0.112905  0.000000 ) 
 (  0.022629  0.000000  0.202515  0.000000 -0.112905  0.000000 ) 
 ( -0.022629  0.000000  0.202515  0.000000  0.112905  0.000000 ) 
 (  0.022629  0.000000 -0.202515  0.000000  0.112905  0.000000 ) 
 ( -0.135338  0.000000  0.058418  0.000000 -0.072999  0.000000 ) 
 (  0.135338  0.000000 -0.058418  0.000000 -0.072999  0.000000 ) 
 ( -0.135338  0.000000 -0.058418  0.000000  0.072999  0.000000 ) 
 (  0.135338  0.000000  0.058418  0.000000  0.072999  0.000000 ) 
 ( -0.111347  0.000000 -0.104642  0.000000  0.224679  0.000000 ) 
 (  0.111347  0.000000  0.104642  0.000000  0.224679  0.000000 ) 
 (  0.111347  0.000000 -0.104642  0.000000  0.224679  0.000000 ) 
 ( -0.111347  0.000000  0.104642  0.000000  0.224679  0.000000 ) 
 ( -0.116677  0.000000  0.074877  0.000000 -0.215622  0.000000 ) 
 (  0.116677  0.000000 -0.074877  0.000000 -0.215622  0.000000 ) 
 ( -0.116677  0.000000 -0.074877  0.000000  0.215622  0.000000 ) 
 (  0.116677  0.000000  0.074877  0.000000  0.215622  0.000000 ) 
     freq (   19) =       8.115679 [THz] =     270.709923 [cm-1]
 (  0.001689  0.000000  0.002069  0.000000  0.000000  0.000000 ) 
 (  0.001689  0.000000 -0.002069  0.000000  0.000000  0.000000 ) 
 ( -0.015694  0.000000  0.001880  0.000000  0.012719  0.000000 ) 
 ( -0.015694  0.000000  0.001880  0.000000 -0.012719  0.000000 ) 
 (  0.015694  0.000000  0.001880  0.000000  0.012719  0.000000 ) 
 (  0.015694  0.000000  0.001880  0.000000 -0.012719  0.000000 ) 
 ( -0.011877  0.000000  0.012810  0.000000 -0.061262  0.000000 ) 
 ( -0.011877  0.000000  0.012810  0.000000  0.061262  0.000000 ) 
 (  0.011877  0.000000  0.012810  0.000000 -0.061262  0.000000 ) 
 (  0.011877  0.000000  0.012810  0.000000  0.061262  0.000000 ) 
 ( -0.005728  0.000000 -0.004461  0.000000  0.292915  0.000000 ) 
 ( -0.005728  0.000000 -0.004461  0.000000 -0.292915  0.000000 ) 
 (  0.005728  0.000000 -0.004461  0.000000  0.292915  0.000000 ) 
 (  0.005728  0.000000 -0.004461  0.000000 -0.292915  0.000000 ) 
 ( -0.102717  0.000000 -0.230017  0.000000  0.103306  0.000000 ) 
 ( -0.102717  0.000000 -0.230017  0.000000 -0.103306  0.000000 ) 
 ( -0.102717  0.000000  0.230017  0.000000 -0.103306  0.000000 ) 
 ( -0.102717  0.000000  0.230017  0.000000  0.103306  0.000000 ) 
 ( -0.144227  0.000000 -0.232173  0.000000  0.104109  0.000000 ) 
 ( -0.144227  0.000000 -0.232173  0.000000 -0.104109  0.000000 ) 
 (  0.144227  0.000000 -0.232173  0.000000  0.104109  0.000000 ) 
 (  0.144227  0.000000 -0.232173  0.000000 -0.104109  0.000000 ) 
     freq (   20) =       8.135385 [THz] =     271.367247 [cm-1]
 (  0.002265  0.000000  0.002336  0.000000 -0.000000  0.000000 ) 
 ( -0.002265  0.000000  0.002336  0.000000 -0.000000  0.000000 ) 
 (  0.012681  0.000000 -0.001045  0.000000  0.012867  0.000000 ) 
 (  0.012681  0.000000 -0.001045  0.000000 -0.012867  0.000000 ) 
 (  0.012681  0.000000  0.001045  0.000000 -0.012867  0.000000 ) 
 (  0.012681  0.000000  0.001045  0.000000  0.012867  0.000000 ) 
 (  0.008431  0.000000 -0.014302  0.000000 -0.061876  0.000000 ) 
 (  0.008431  0.000000 -0.014302  0.000000  0.061876  0.000000 ) 
 (  0.008431  0.000000  0.014302  0.000000  0.061876  0.000000 ) 
 (  0.008431  0.000000  0.014302  0.000000 -0.061876  0.000000 ) 
 (  0.000507  0.000000  0.006740  0.000000  0.293189  0.000000 ) 
 (  0.000507  0.000000  0.006740  0.000000 -0.293189  0.000000 ) 
 (  0.000507  0.000000 -0.006740  0.000000 -0.293189  0.000000 ) 
 (  0.000507  0.000000 -0.006740  0.000000  0.293189  0.000000 ) 
 ( -0.144171  0.000000 -0.233477  0.000000  0.103589  0.000000 ) 
 ( -0.144171  0.000000 -0.233477  0.000000 -0.103589  0.000000 ) 
 (  0.144171  0.000000 -0.233477  0.000000  0.103589  0.000000 ) 
 (  0.144171  0.000000 -0.233477  0.000000 -0.103589  0.000000 ) 
 ( -0.104514  0.000000 -0.228135  0.000000  0.102769  0.000000 ) 
 ( -0.104514  0.000000 -0.228135  0.000000 -0.102769  0.000000 ) 
 ( -0.104514  0.000000  0.228135  0.000000 -0.102769  0.000000 ) 
 ( -0.104514  0.000000  0.228135  0.000000  0.102769  0.000000 ) 
     freq (   21) =       8.792611 [THz] =     293.289920 [cm-1]
 ( -0.000000  0.000000 -0.000000  0.000000 -0.001038  0.000000 ) 
 ( -0.000000  0.000000 -0.000000  0.000000 -0.001038  0.000000 ) 
 ( -0.031649  0.000000  0.012540  0.000000 -0.027159  0.000000 ) 
 (  0.031649  0.000000 -0.012540  0.000000 -0.027159  0.000000 ) 
 ( -0.031649  0.000000 -0.012540  0.000000  0.027159  0.000000 ) 
 (  0.031649  0.000000  0.012540  0.000000  0.027159  0.000000 ) 
 ( -0.039103  0.000000 -0.037545  0.000000  0.040444  0.000000 ) 
 (  0.039103  0.000000  0.037545  0.000000  0.040444  0.000000 ) 
 ( -0.039103  0.000000  0.037545  0.000000 -0.040444  0.000000 ) 
 (  0.039103  0.000000 -0.037545  0.000000 -0.040444  0.000000 ) 
 ( -0.075151  0.000000  0.040186  0.000000 -0.297541  0.000000 ) 
 (  0.075151  0.000000 -0.040186  0.000000 -0.297541  0.000000 ) 
 ( -0.075151  0.000000 -0.040186  0.000000  0.297541  0.000000 ) 
 (  0.075151  0.000000  0.040186  0.000000  0.297541  0.000000 ) 
 (  0.115069  0.000000  0.200689  0.000000 -0.088444  0.000000 ) 
 ( -0.115069  0.000000 -0.200689  0.000000 -0.088444  0.000000 ) 
 ( -0.115069  0.000000  0.200689  0.000000 -0.088444  0.000000 ) 
 (  0.115069  0.000000 -0.200689  0.000000 -0.088444  0.000000 ) 
 ( -0.118712  0.000000 -0.253386  0.000000  0.089994  0.000000 ) 
 (  0.118712  0.000000  0.253386  0.000000  0.089994  0.000000 ) 
 ( -0.118712  0.000000  0.253386  0.000000 -0.089994  0.000000 ) 
 (  0.118712  0.000000 -0.253386  0.000000 -0.089994  0.000000 ) 
     freq (   22) =       8.819200 [THz] =     294.176842 [cm-1]
 (  0.000000  0.000000  0.000000  0.000000 -0.000713  0.000000 ) 
 (  0.000000  0.000000  0.000000  0.000000  0.000713  0.000000 ) 
 (  0.022740  0.000000  0.001656  0.000000 -0.016732  0.000000 ) 
 ( -0.022740  0.000000 -0.001656  0.000000 -0.016732  0.000000 ) 
 ( -0.022740  0.000000  0.001656  0.000000 -0.016732  0.000000 ) 
 (  0.022740  0.000000 -0.001656  0.000000 -0.016732  0.000000 ) 
 (  0.039886  0.000000  0.100095  0.000000  0.039735  0.000000 ) 
 ( -0.039886  0.000000 -0.100095  0.000000  0.039735  0.000000 ) 
 ( -0.039886  0.000000  0.100095  0.000000  0.039735  0.000000 ) 
 (  0.039886  0.000000 -0.100095  0.000000  0.039735  0.000000 ) 
 (  0.107869  0.000000 -0.051922  0.000000 -0.277522  0.000000 ) 
 ( -0.107869  0.000000  0.051922  0.000000 -0.277522  0.000000 ) 
 ( -0.107869  0.000000 -0.051922  0.000000 -0.277522  0.000000 ) 
 (  0.107869  0.000000  0.051922  0.000000 -0.277522  0.000000 ) 
 (  0.146384  0.000000  0.247668  0.000000 -0.100089  0.000000 ) 
 ( -0.146384  0.000000 -0.247668  0.000000 -0.100089  0.000000 ) 
 (  0.146384  0.000000 -0.247668  0.000000  0.100089  0.000000 ) 
 ( -0.146384  0.000000  0.247668  0.000000  0.100089  0.000000 ) 
 ( -0.068321  0.000000 -0.194932  0.000000  0.095965  0.000000 ) 
 (  0.068321  0.000000  0.194932  0.000000  0.095965  0.000000 ) 
 (  0.068321  0.000000 -0.194932  0.000000  0.095965  0.000000 ) 
 ( -0.068321  0.000000  0.194932  0.000000  0.095965  0.000000 ) 
     freq (   23) =       9.099075 [THz] =     303.512469 [cm-1]
 (  0.000000  0.000000 -0.000000  0.000000  0.011150  0.000000 ) 
 ( -0.000000  0.000000 -0.000000  0.000000 -0.011150  0.000000 ) 
 (  0.057587  0.000000 -0.098566  0.000000 -0.077157  0.000000 ) 
 ( -0.057587  0.000000  0.098566  0.000000 -0.077157  0.000000 ) 
 ( -0.057587  0.000000 -0.098566  0.000000 -0.077157  0.000000 ) 
 (  0.057587  0.000000  0.098566  0.000000 -0.077157  0.000000 ) 
 (  0.010920  0.000000 -0.324575  0.000000 -0.002842  0.000000 ) 
 ( -0.010920  0.000000  0.324575  0.000000 -0.002842  0.000000 ) 
 ( -0.010920  0.000000 -0.324575  0.000000 -0.002842  0.000000 ) 
 (  0.010920  0.000000  0.324575  0.000000 -0.002842  0.000000 ) 
 ( -0.139662  0.000000  0.025995  0.000000 -0.114310  0.000000 ) 
 (  0.139662  0.000000 -0.025995  0.000000 -0.114310  0.000000 ) 
 (  0.139662  0.000000  0.025995  0.000000 -0.114310  0.000000 ) 
 ( -0.139662  0.000000 -0.025995  0.000000 -0.114310  0.000000 ) 
 ( -0.133665  0.000000  0.047054  0.000000  0.085744  0.000000 ) 
 (  0.133665  0.000000 -0.047054  0.000000  0.085744  0.000000 ) 
 ( -0.133665  0.000000 -0.047054  0.000000 -0.085744  0.000000 ) 
 (  0.133665  0.000000  0.047054  0.000000 -0.085744  0.000000 ) 
 ( -0.244704  0.000000  0.011989  0.000000 -0.069085  0.000000 ) 
 (  0.244704  0.000000 -0.011989  0.000000 -0.069085  0.000000 ) 
 (  0.244704  0.000000  0.011989  0.000000 -0.069085  0.000000 ) 
 ( -0.244704  0.000000 -0.011989  0.000000 -0.069085  0.000000 ) 
     freq (   24) =       9.125863 [THz] =     304.406016 [cm-1]
 ( -0.000000  0.000000  0.000000  0.000000 -0.010610  0.000000 ) 
 (  0.000000  0.000000  0.000000  0.000000 -0.010610  0.000000 ) 
 ( -0.048236  0.000000  0.089563  0.000000 -0.065461  0.000000 ) 
 (  0.048236  0.000000 -0.089563  0.000000 -0.065461  0.000000 ) 
 ( -0.048236  0.000000 -0.089563  0.000000  0.065461  0.000000 ) 
 (  0.048236  0.000000  0.089563  0.000000  0.065461  0.000000 ) 
 (  0.000747  0.000000  0.330832  0.000000 -0.009834  0.000000 ) 
 ( -0.000747  0.000000 -0.330832  0.000000 -0.009834  0.000000 ) 
 (  0.000747  0.000000 -0.330832  0.000000  0.009834  0.000000 ) 
 ( -0.000747  0.000000  0.330832  0.000000  0.009834  0.000000 ) 
 (  0.162456  0.000000 -0.043287  0.000000 -0.031448  0.000000 ) 
 ( -0.162456  0.000000  0.043287  0.000000 -0.031448  0.000000 ) 
 (  0.162456  0.000000  0.043287  0.000000  0.031448  0.000000 ) 
 ( -0.162456  0.000000 -0.043287  0.000000  0.031448  0.000000 ) 
 (  0.214313  0.000000 -0.059404  0.000000  0.088283  0.000000 ) 
 ( -0.214313  0.000000  0.059404  0.000000  0.088283  0.000000 ) 
 ( -0.214313  0.000000 -0.059404  0.000000  0.088283  0.000000 ) 
 (  0.214313  0.000000  0.059404  0.000000  0.088283  0.000000 ) 
 (  0.165978  0.000000  0.025947  0.000000 -0.105041  0.000000 ) 
 ( -0.165978  0.000000 -0.025947  0.000000 -0.105041  0.000000 ) 
 (  0.165978  0.000000 -0.025947  0.000000  0.105041  0.000000 ) 
 ( -0.165978  0.000000  0.025947  0.000000  0.105041  0.000000 ) 
     freq (   25) =       9.547448 [THz] =     318.468600 [cm-1]
 ( -0.004481  0.000000 -0.002220  0.000000  0.000000  0.000000 ) 
 (  0.004481  0.000000 -0.002220  0.000000  0.000000  0.000000 ) 
 (  0.003728  0.000000 -0.032260  0.000000  0.007373 -0.000000 ) 
 (  0.003728  0.000000 -0.032260  0.000000 -0.007373  0.000000 ) 
 (  0.003728 -0.000000  0.032260 -0.000000 -0.007373  0.000000 ) 
 (  0.003728 -0.000000  0.032260 -0.000000  0.007373  0.000000 ) 
 ( -0.053149  0.000000 -0.315151  0.000000 -0.038842  0.000000 ) 
 ( -0.053149  0.000000 -0.315151  0.000000  0.038842 -0.000000 ) 
 ( -0.053149  0.000000  0.315151 -0.000000  0.038842  0.000000 ) 
 ( -0.053149  0.000000  0.315151 -0.000000 -0.038842  0.000000 ) 
 ( -0.241153  0.000000  0.118344  0.000000 -0.005405  0.000000 ) 
 ( -0.241153  0.000000  0.118344  0.000000  0.005405 -0.000000 ) 
 ( -0.241153  0.000000 -0.118344  0.000000  0.005405  0.000000 ) 
 ( -0.241153  0.000000 -0.118344  0.000000 -0.005405  0.000000 ) 
 ( -0.206447  0.000000 -0.018255  0.000000 -0.027047  0.000000 ) 
 ( -0.206447  0.000000 -0.018255  0.000000  0.027047 -0.000000 ) 
 (  0.206447 -0.000000 -0.018255  0.000000 -0.027047  0.000000 ) 
 (  0.206447 -0.000000 -0.018255  0.000000  0.027047  0.000000 ) 
 (  0.146141  0.000000  0.079653  0.000000 -0.040608  0.000000 ) 
 (  0.146141  0.000000  0.079653  0.000000  0.040608 -0.000000 ) 
 (  0.146141 -0.000000 -0.079653  0.000000  0.040608  0.000000 ) 
 (  0.146141 -0.000000 -0.079653  0.000000 -0.040608  0.000000 ) 
     freq (   26) =       9.560231 [THz] =     318.894983 [cm-1]
 (  0.004482  0.000000  0.002285  0.000000  0.000000 -0.000000 ) 
 (  0.004482 -0.000000 -0.002285  0.000000  0.000000 -0.000000 ) 
 (  0.003917 -0.000000 -0.032467  0.000000 -0.006939  0.000000 ) 
 (  0.003917 -0.000000 -0.032467  0.000000  0.006939  0.000000 ) 
 ( -0.003917  0.000000 -0.032467  0.000000 -0.006939  0.000000 ) 
 ( -0.003917  0.000000 -0.032467  0.000000  0.006939 -0.000000 ) 
 ( -0.053046  0.000000 -0.315588  0.000000  0.037956  0.000000 ) 
 ( -0.053046  0.000000 -0.315588  0.000000 -0.037956  0.000000 ) 
 (  0.053046  0.000000 -0.315588  0.000000  0.037956 -0.000000 ) 
 (  0.053046  0.000000 -0.315588  0.000000 -0.037956  0.000000 ) 
 ( -0.241285  0.000000  0.118328 -0.000000  0.004045  0.000000 ) 
 ( -0.241285  0.000000  0.118328 -0.000000 -0.004045  0.000000 ) 
 (  0.241285  0.000000  0.118328  0.000000  0.004045 -0.000000 ) 
 (  0.241285  0.000000  0.118328  0.000000 -0.004045  0.000000 ) 
 ( -0.146961  0.000000 -0.077603  0.000000  0.038867  0.000000 ) 
 ( -0.146961  0.000000 -0.077603  0.000000 -0.038867  0.000000 ) 
 ( -0.146961  0.000000  0.077603  0.000000 -0.038867  0.000000 ) 
 ( -0.146961  0.000000  0.077603  0.000000  0.038867 -0.000000 ) 
 (  0.206425 -0.000000  0.020190 -0.000000  0.025177  0.000000 ) 
 (  0.206425 -0.000000  0.020190 -0.000000 -0.025177  0.000000 ) 
 ( -0.206425  0.000000  0.020190  0.000000  0.025177 -0.000000 ) 
 ( -0.206425  0.000000  0.020190  0.000000 -0.025177  0.000000 ) 
     freq (   27) =      12.212282 [THz] =     407.357885 [cm-1]
 (  0.001828  0.000000  0.002831  0.000000  0.000000  0.000000 ) 
 ( -0.001828  0.000000  0.002831  0.000000  0.000000  0.000000 ) 
 ( -0.000914  0.000000  0.004469  0.000000 -0.017617  0.000000 ) 
 ( -0.000914  0.000000  0.004469  0.000000  0.017617  0.000000 ) 
 ( -0.000914  0.000000 -0.004469  0.000000  0.017617  0.000000 ) 
 ( -0.000914  0.000000 -0.004469  0.000000 -0.017617  0.000000 ) 
 (  0.006870  0.000000  0.047341  0.000000 -0.308080  0.000000 ) 
 (  0.006870  0.000000  0.047341  0.000000  0.308080  0.000000 ) 
 (  0.006870  0.000000 -0.047341  0.000000  0.308080  0.000000 ) 
 (  0.006870  0.000000 -0.047341  0.000000 -0.308080  0.000000 ) 
 (  0.035759  0.000000 -0.017818  0.000000  0.003595  0.000000 ) 
 (  0.035759  0.000000 -0.017818  0.000000 -0.003595  0.000000 ) 
 (  0.035759  0.000000  0.017818  0.000000 -0.003595  0.000000 ) 
 (  0.035759  0.000000  0.017818  0.000000  0.003595  0.000000 ) 
 ( -0.200258  0.000000  0.115073  0.000000 -0.110752  0.000000 ) 
 ( -0.200258  0.000000  0.115073  0.000000  0.110752  0.000000 ) 
 (  0.200258  0.000000  0.115073  0.000000 -0.110752  0.000000 ) 
 (  0.200258  0.000000  0.115073  0.000000  0.110752  0.000000 ) 
 ( -0.251114  0.000000  0.101060  0.000000 -0.109408  0.000000 ) 
 ( -0.251114  0.000000  0.101060  0.000000  0.109408  0.000000 ) 
 ( -0.251114  0.000000 -0.101060  0.000000  0.109408  0.000000 ) 
 ( -0.251114  0.000000 -0.101060  0.000000 -0.109408  0.000000 ) 
     freq (   28) =      12.243096 [THz] =     408.385733 [cm-1]
 (  0.001813  0.000000  0.002500  0.000000  0.000000  0.000000 ) 
 (  0.001813  0.000000 -0.002500  0.000000  0.000000  0.000000 ) 
 (  0.000388  0.000000 -0.003805  0.000000 -0.017186  0.000000 ) 
 (  0.000388  0.000000 -0.003805  0.000000  0.017186  0.000000 ) 
 ( -0.000388  0.000000 -0.003805  0.000000 -0.017186  0.000000 ) 
 ( -0.000388  0.000000 -0.003805  0.000000  0.017186  0.000000 ) 
 ( -0.007136  0.000000 -0.045752  0.000000 -0.308138  0.000000 ) 
 ( -0.007136  0.000000 -0.045752  0.000000  0.308138  0.000000 ) 
 (  0.007136  0.000000 -0.045752  0.000000 -0.308138  0.000000 ) 
 (  0.007136  0.000000 -0.045752  0.000000  0.308138  0.000000 ) 
 ( -0.035160  0.000000  0.017823  0.000000  0.004495  0.000000 ) 
 ( -0.035160  0.000000  0.017823  0.000000 -0.004495  0.000000 ) 
 (  0.035160  0.000000  0.017823  0.000000  0.004495  0.000000 ) 
 (  0.035160  0.000000  0.017823  0.000000 -0.004495  0.000000 ) 
 ( -0.250507  0.000000  0.100278  0.000000 -0.109674  0.000000 ) 
 ( -0.250507  0.000000  0.100278  0.000000  0.109674  0.000000 ) 
 ( -0.250507  0.000000 -0.100278  0.000000  0.109674  0.000000 ) 
 ( -0.250507  0.000000 -0.100278  0.000000 -0.109674  0.000000 ) 
 ( -0.201511  0.000000  0.115154  0.000000 -0.110964  0.000000 ) 
 ( -0.201511  0.000000  0.115154  0.000000  0.110964  0.000000 ) 
 (  0.201511  0.000000  0.115154  0.000000 -0.110964  0.000000 ) 
 (  0.201511  0.000000  0.115154  0.000000  0.110964  0.000000 ) 
     freq (   29) =      12.416553 [THz] =     414.171636 [cm-1]
 (  0.000000  0.000000  0.000000  0.000000 -0.000762  0.000000 ) 
 (  0.000000  0.000000 -0.000000  0.000000 -0.000762  0.000000 ) 
 (  0.006359  0.000000 -0.003346  0.000000  0.022600  0.000000 ) 
 ( -0.006359  0.000000  0.003346  0.000000  0.022600  0.000000 ) 
 (  0.006359  0.000000  0.003346  0.000000 -0.022600  0.000000 ) 
 ( -0.006359  0.000000 -0.003346  0.000000 -0.022600  0.000000 ) 
 (  0.003323  0.000000 -0.021240  0.000000  0.316553  0.000000 ) 
 ( -0.003323  0.000000  0.021240  0.000000  0.316553  0.000000 ) 
 (  0.003323  0.000000  0.021240  0.000000 -0.316553  0.000000 ) 
 ( -0.003323  0.000000 -0.021240  0.000000 -0.316553  0.000000 ) 
 ( -0.010071  0.000000  0.007189  0.000000 -0.010560  0.000000 ) 
 (  0.010071  0.000000 -0.007189  0.000000 -0.010560  0.000000 ) 
 ( -0.010071  0.000000 -0.007189  0.000000  0.010560  0.000000 ) 
 (  0.010071  0.000000  0.007189  0.000000  0.010560  0.000000 ) 
 (  0.217299  0.000000 -0.101136  0.000000  0.102002  0.000000 ) 
 ( -0.217299  0.000000  0.101136  0.000000  0.102002  0.000000 ) 
 ( -0.217299  0.000000 -0.101136  0.000000  0.102002  0.000000 ) 
 (  0.217299  0.000000  0.101136  0.000000  0.102002  0.000000 ) 
 ( -0.247392  0.000000  0.096868  0.000000 -0.100333  0.000000 ) 
 (  0.247392  0.000000 -0.096868  0.000000 -0.100333  0.000000 ) 
 ( -0.247392  0.000000 -0.096868  0.000000  0.100333  0.000000 ) 
 (  0.247392  0.000000  0.096868  0.000000  0.100333  0.000000 ) 
     freq (   30) =      12.430970 [THz] =     414.652534 [cm-1]
 ( -0.000000  0.000000 -0.000000  0.000000 -0.000956  0.000000 ) 
 (  0.000000  0.000000 -0.000000  0.000000  0.000956  0.000000 ) 
 (  0.005975  0.000000 -0.002746  0.000000 -0.022491  0.000000 ) 
 ( -0.005975  0.000000  0.002746  0.000000 -0.022491  0.000000 ) 
 ( -0.005975  0.000000 -0.002746  0.000000 -0.022491  0.000000 ) 
 (  0.005975  0.000000  0.002746  0.000000 -0.022491  0.000000 ) 
 (  0.002889  0.000000 -0.020627  0.000000 -0.316344  0.000000 ) 
 ( -0.002889  0.000000  0.020627  0.000000 -0.316344  0.000000 ) 
 ( -0.002889  0.000000 -0.020627  0.000000 -0.316344  0.000000 ) 
 (  0.002889  0.000000  0.020627  0.000000 -0.316344  0.000000 ) 
 ( -0.010094  0.000000  0.007681  0.000000  0.009472  0.000000 ) 
 (  0.010094  0.000000 -0.007681  0.000000  0.009472  0.000000 ) 
 (  0.010094  0.000000  0.007681  0.000000  0.009472  0.000000 ) 
 ( -0.010094  0.000000 -0.007681  0.000000  0.009472  0.000000 ) 
 ( -0.246434  0.000000  0.097513  0.000000 -0.100966  0.000000 ) 
 (  0.246434  0.000000 -0.097513  0.000000 -0.100966  0.000000 ) 
 ( -0.246434  0.000000 -0.097513  0.000000  0.100966  0.000000 ) 
 (  0.246434  0.000000  0.097513  0.000000  0.100966  0.000000 ) 
 (  0.217355  0.000000 -0.102426  0.000000  0.102596  0.000000 ) 
 ( -0.217355  0.000000  0.102426  0.000000  0.102596  0.000000 ) 
 ( -0.217355  0.000000 -0.102426  0.000000  0.102596  0.000000 ) 
 (  0.217355  0.000000  0.102426  0.000000  0.102596  0.000000 ) 
     freq (   31) =      30.655685 [THz] =    1022.563591 [cm-1]
 ( -0.000000  0.000000 -0.000000  0.000000  0.000027  0.000000 ) 
 (  0.000000  0.000000  0.000000  0.000000  0.000027  0.000000 ) 
 ( -0.043421  0.000000 -0.046072  0.000000  0.004458  0.000000 ) 
 (  0.043421  0.000000  0.046072  0.000000  0.004458  0.000000 ) 
 ( -0.043421  0.000000  0.046072  0.000000 -0.004458  0.000000 ) 
 (  0.043421  0.000000 -0.046072  0.000000 -0.004458  0.000000 ) 
 (  0.028514  0.000000  0.257980  0.000000 -0.018698  0.000000 ) 
 ( -0.028514  0.000000 -0.257980  0.000000 -0.018698  0.000000 ) 
 (  0.028514  0.000000 -0.257980  0.000000  0.018698  0.000000 ) 
 ( -0.028514  0.000000  0.257980  0.000000  0.018698  0.000000 ) 
 (  0.063710  0.000000 -0.082451  0.000000 -0.022977  0.000000 ) 
 ( -0.063710  0.000000  0.082451  0.000000 -0.022977  0.000000 ) 
 (  0.063710  0.000000  0.082451  0.000000  0.022977  0.000000 ) 
 ( -0.063710  0.000000 -0.082451  0.000000  0.022977  0.000000 ) 
 ( -0.211315  0.000000 -0.188331  0.000000  0.076760  0.000000 ) 
 (  0.211315  0.000000  0.188331  0.000000  0.076760  0.000000 ) 
 (  0.211315  0.000000 -0.188331  0.000000  0.076760  0.000000 ) 
 ( -0.211315  0.000000  0.188331  0.000000  0.076760  0.000000 ) 
 ( -0.220186  0.000000 -0.166939  0.000000  0.067126  0.000000 ) 
 (  0.220186  0.000000  0.166939  0.000000  0.067126  0.000000 ) 
 ( -0.220186  0.000000  0.166939  0.000000 -0.067126  0.000000 ) 
 (  0.220186  0.000000 -0.166939  0.000000 -0.067126  0.000000 ) 
     freq (   32) =      30.664010 [THz] =    1022.841281 [cm-1]
 ( -0.000000  0.000000 -0.000000  0.000000  0.000016  0.000000 ) 
 (  0.000000  0.000000  0.000000  0.000000 -0.000016  0.000000 ) 
 (  0.043699  0.000000  0.045629  0.000000  0.005018  0.000000 ) 
 ( -0.043699  0.000000 -0.045629  0.000000  0.005018  0.000000 ) 
 ( -0.043699  0.000000  0.045629  0.000000  0.005018  0.000000 ) 
 (  0.043699  0.000000 -0.045629  0.000000  0.005018  0.000000 ) 
 ( -0.028145  0.000000 -0.257189  0.000000 -0.020082  0.000000 ) 
 (  0.028145  0.000000  0.257189  0.000000 -0.020082  0.000000 ) 
 (  0.028145  0.000000 -0.257189  0.000000 -0.020082  0.000000 ) 
 ( -0.028145  0.000000  0.257189  0.000000 -0.020082  0.000000 ) 
 ( -0.064779  0.000000  0.082962  0.000000 -0.024285  0.000000 ) 
 (  0.064779  0.000000 -0.082962  0.000000 -0.024285  0.000000 ) 
 (  0.064779  0.000000  0.082962  0.000000 -0.024285  0.000000 ) 
 ( -0.064779  0.000000 -0.082962  0.000000 -0.024285  0.000000 ) 
 (  0.221766  0.000000  0.165598  0.000000 -0.066053  0.000000 ) 
 ( -0.221766  0.000000 -0.165598  0.000000 -0.066053  0.000000 ) 
 (  0.221766  0.000000 -0.165598  0.000000  0.066053  0.000000 ) 
 ( -0.221766  0.000000  0.165598  0.000000  0.066053  0.000000 ) 
 (  0.211736  0.000000  0.188129  0.000000 -0.076042  0.000000 ) 
 ( -0.211736  0.000000 -0.188129  0.000000 -0.076042  0.000000 ) 
 ( -0.211736  0.000000  0.188129  0.000000 -0.076042  0.000000 ) 
 (  0.211736  0.000000 -0.188129  0.000000 -0.076042  0.000000 ) 
     freq (   33) =      30.809347 [THz] =    1027.689200 [cm-1]
 ( -0.000127  0.000000 -0.000048  0.000000  0.000000  0.000000 ) 
 ( -0.000127  0.000000  0.000048  0.000000 -0.000000  0.000000 ) 
 (  0.037626  0.000000  0.051201  0.000000 -0.003198  0.000000 ) 
 (  0.037626  0.000000  0.051201  0.000000  0.003198  0.000000 ) 
 ( -0.037626  0.000000  0.051201  0.000000 -0.003198  0.000000 ) 
 ( -0.037626  0.000000  0.051201  0.000000  0.003198  0.000000 ) 
 ( -0.035382  0.000000 -0.275552  0.000000  0.010777  0.000000 ) 
 ( -0.035382  0.000000 -0.275552  0.000000 -0.010777  0.000000 ) 
 (  0.035382  0.000000 -0.275552  0.000000  0.010777  0.000000 ) 
 (  0.035382  0.000000 -0.275552  0.000000 -0.010777  0.000000 ) 
 ( -0.035724  0.000000  0.067809  0.000000  0.018633  0.000000 ) 
 ( -0.035724  0.000000  0.067809  0.000000 -0.018633  0.000000 ) 
 (  0.035724  0.000000  0.067809  0.000000  0.018633  0.000000 ) 
 (  0.035724  0.000000  0.067809  0.000000 -0.018633  0.000000 ) 
 (  0.199092  0.000000  0.193849  0.000000 -0.088765  0.000000 ) 
 (  0.199092  0.000000  0.193849  0.000000  0.088765  0.000000 ) 
 (  0.199092  0.000000 -0.193849  0.000000  0.088765  0.000000 ) 
 (  0.199092  0.000000 -0.193849  0.000000 -0.088765  0.000000 ) 
 ( -0.196805  0.000000 -0.178423  0.000000  0.082298  0.000000 ) 
 ( -0.196805  0.000000 -0.178423  0.000000 -0.082298  0.000000 ) 
 (  0.196805  0.000000 -0.178423  0.000000  0.082298  0.000000 ) 
 (  0.196805  0.000000 -0.178423  0.000000 -0.082298  0.000000 ) 
     freq (   34) =      30.812155 [THz] =    1027.782852 [cm-1]
 (  0.000159  0.000000  0.000068  0.000000 -0.000000  0.000000 ) 
 ( -0.000159  0.000000  0.000068  0.000000  0.000000  0.000000 ) 
 (  0.037069  0.000000  0.051709  0.000000  0.002898  0.000000 ) 
 (  0.037069  0.000000  0.051709  0.000000 -0.002898  0.000000 ) 
 (  0.037069  0.000000 -0.051709  0.000000 -0.002898  0.000000 ) 
 (  0.037069  0.000000 -0.051709  0.000000  0.002898  0.000000 ) 
 ( -0.036148  0.000000 -0.276540  0.000000 -0.009215  0.000000 ) 
 ( -0.036148  0.000000 -0.276540  0.000000  0.009215  0.000000 ) 
 ( -0.036148  0.000000  0.276540  0.000000  0.009215  0.000000 ) 
 ( -0.036148  0.000000  0.276540  0.000000 -0.009215  0.000000 ) 
 ( -0.033394  0.000000  0.066560  0.000000 -0.017950  0.000000 ) 
 ( -0.033394  0.000000  0.066560  0.000000  0.017950  0.000000 ) 
 ( -0.033394  0.000000 -0.066560  0.000000  0.017950  0.000000 ) 
 ( -0.033394  0.000000 -0.066560  0.000000 -0.017950  0.000000 ) 
 (  0.194201  0.000000  0.179628  0.000000 -0.083789  0.000000 ) 
 (  0.194201  0.000000  0.179628  0.000000  0.083789  0.000000 ) 
 ( -0.194201  0.000000  0.179628  0.000000 -0.083789  0.000000 ) 
 ( -0.194201  0.000000  0.179628  0.000000  0.083789  0.000000 ) 
 ( -0.198232  0.000000 -0.194493  0.000000  0.089921  0.000000 ) 
 ( -0.198232  0.000000 -0.194493  0.000000 -0.089921  0.000000 ) 
 ( -0.198232  0.000000  0.194493  0.000000 -0.089921  0.000000 ) 
 ( -0.198232  0.000000  0.194493  0.000000  0.089921  0.000000 ) 
     freq (   35) =      31.754732 [THz] =    1059.223845 [cm-1]
 (  0.000144  0.000000  0.000056  0.000000 -0.000000  0.000000 ) 
 ( -0.000144  0.000000  0.000056  0.000000 -0.000000  0.000000 ) 
 ( -0.052963  0.000000  0.043167  0.000000  0.000350  0.000000 ) 
 ( -0.052963  0.000000  0.043167  0.000000 -0.000350  0.000000 ) 
 ( -0.052963  0.000000 -0.043167  0.000000 -0.000350  0.000000 ) 
 ( -0.052963  0.000000 -0.043167  0.000000  0.000350  0.000000 ) 
 ( -0.069053  0.000000 -0.142429  0.000000  0.007090  0.000000 ) 
 ( -0.069053  0.000000 -0.142429  0.000000 -0.007090  0.000000 ) 
 ( -0.069053  0.000000  0.142429  0.000000 -0.007090  0.000000 ) 
 ( -0.069053  0.000000  0.142429  0.000000  0.007090  0.000000 ) 
 (  0.283213  0.000000 -0.169056  0.000000 -0.012589  0.000000 ) 
 (  0.283213  0.000000 -0.169056  0.000000  0.012589  0.000000 ) 
 (  0.283213  0.000000  0.169056  0.000000  0.012589  0.000000 ) 
 (  0.283213  0.000000  0.169056  0.000000 -0.012589  0.000000 ) 
 ( -0.193850  0.000000  0.067546  0.000000 -0.123884  0.000000 ) 
 ( -0.193850  0.000000  0.067546  0.000000  0.123884  0.000000 ) 
 (  0.193850  0.000000  0.067546  0.000000 -0.123884  0.000000 ) 
 (  0.193850  0.000000  0.067546  0.000000  0.123884  0.000000 ) 
 (  0.179235  0.000000 -0.078270  0.000000  0.124661  0.000000 ) 
 (  0.179235  0.000000 -0.078270  0.000000 -0.124661  0.000000 ) 
 (  0.179235  0.000000  0.078270  0.000000 -0.124661  0.000000 ) 
 (  0.179235  0.000000  0.078270  0.000000  0.124661  0.000000 ) 
     freq (   36) =      31.755578 [THz] =    1059.252049 [cm-1]
 (  0.000119  0.000000  0.000089  0.000000  0.000000  0.000000 ) 
 (  0.000119  0.000000 -0.000089  0.000000  0.000000  0.000000 ) 
 (  0.052477  0.000000 -0.043722  0.000000 -0.002275  0.000000 ) 
 (  0.052477  0.000000 -0.043722  0.000000  0.002275  0.000000 ) 
 ( -0.052477  0.000000 -0.043722  0.000000 -0.002275  0.000000 ) 
 ( -0.052477  0.000000 -0.043722  0.000000  0.002275  0.000000 ) 
 (  0.069438  0.000000  0.146199  0.000000  0.017322  0.000000 ) 
 (  0.069438  0.000000  0.146199  0.000000 -0.017322  0.000000 ) 
 ( -0.069438  0.000000  0.146199  0.000000  0.017322  0.000000 ) 
 ( -0.069438  0.000000  0.146199  0.000000 -0.017322  0.000000 ) 
 ( -0.283141  0.000000  0.168652  0.000000 -0.000117  0.000000 ) 
 ( -0.283141  0.000000  0.168652  0.000000  0.000117  0.000000 ) 
 (  0.283141  0.000000  0.168652  0.000000 -0.000117  0.000000 ) 
 (  0.283141  0.000000  0.168652  0.000000  0.000117  0.000000 ) 
 (  0.174412  0.000000 -0.074100  0.000000  0.122952  0.000000 ) 
 (  0.174412  0.000000 -0.074100  0.000000 -0.122952  0.000000 ) 
 (  0.174412  0.000000  0.074100  0.000000 -0.122952  0.000000 ) 
 (  0.174412  0.000000  0.074100  0.000000  0.122952  0.000000 ) 
 ( -0.193641  0.000000  0.074827  0.000000 -0.126878  0.000000 ) 
 ( -0.193641  0.000000  0.074827  0.000000  0.126878  0.000000 ) 
 (  0.193641  0.000000  0.074827  0.000000 -0.126878  0.000000 ) 
 (  0.193641  0.000000  0.074827  0.000000  0.126878  0.000000 ) 
     freq (   37) =      31.833593 [THz] =    1061.854363 [cm-1]
 ( -0.000000  0.000000  0.000000  0.000000 -0.000431  0.000000 ) 
 (  0.000000  0.000000 -0.000000  0.000000 -0.000431  0.000000 ) 
 ( -0.047176  0.000000  0.046560  0.000000 -0.004476  0.000000 ) 
 (  0.047176  0.000000 -0.046560  0.000000 -0.004476  0.000000 ) 
 ( -0.047176  0.000000 -0.046560  0.000000  0.004476  0.000000 ) 
 (  0.047176  0.000000  0.046560  0.000000  0.004476  0.000000 ) 
 ( -0.072042  0.000000 -0.176388  0.000000  0.022973  0.000000 ) 
 (  0.072042  0.000000  0.176388  0.000000  0.022973  0.000000 ) 
 ( -0.072042  0.000000  0.176388  0.000000 -0.022973  0.000000 ) 
 (  0.072042  0.000000 -0.176388  0.000000 -0.022973  0.000000 ) 
 (  0.277868  0.000000 -0.160317  0.000000  0.022958  0.000000 ) 
 ( -0.277868  0.000000  0.160317  0.000000  0.022958  0.000000 ) 
 (  0.277868  0.000000  0.160317  0.000000 -0.022958  0.000000 ) 
 ( -0.277868  0.000000 -0.160317  0.000000 -0.022958  0.000000 ) 
 ( -0.167852  0.000000  0.102143  0.000000 -0.136553  0.000000 ) 
 (  0.167852  0.000000 -0.102143  0.000000 -0.136553  0.000000 ) 
 (  0.167852  0.000000  0.102143  0.000000 -0.136553  0.000000 ) 
 ( -0.167852  0.000000 -0.102143  0.000000 -0.136553  0.000000 ) 
 ( -0.159894  0.000000  0.081933  0.000000 -0.125633  0.000000 ) 
 (  0.159894  0.000000 -0.081933  0.000000 -0.125633  0.000000 ) 
 ( -0.159894  0.000000 -0.081933  0.000000  0.125633  0.000000 ) 
 (  0.159894  0.000000  0.081933  0.000000  0.125633  0.000000 ) 
     freq (   38) =      31.839087 [THz] =    1062.037639 [cm-1]
 (  0.000000  0.000000  0.000000  0.000000  0.000408  0.000000 ) 
 ( -0.000000  0.000000  0.000000  0.000000 -0.000408  0.000000 ) 
 (  0.046932  0.000000 -0.046542  0.000000 -0.004955  0.000000 ) 
 ( -0.046932  0.000000  0.046542  0.000000 -0.004955  0.000000 ) 
 ( -0.046932  0.000000 -0.046542  0.000000 -0.004955  0.000000 ) 
 (  0.046932  0.000000  0.046542  0.000000 -0.004955  0.000000 ) 
 (  0.072177  0.000000  0.177448  0.000000  0.025320  0.000000 ) 
 ( -0.072177  0.000000 -0.177448  0.000000  0.025320  0.000000 ) 
 ( -0.072177  0.000000  0.177448  0.000000  0.025320  0.000000 ) 
 (  0.072177  0.000000 -0.177448  0.000000  0.025320  0.000000 ) 
 ( -0.277840  0.000000  0.160217  0.000000  0.025006  0.000000 ) 
 (  0.277840  0.000000 -0.160217  0.000000  0.025006  0.000000 ) 
 (  0.277840  0.000000  0.160217  0.000000  0.025006  0.000000 ) 
 ( -0.277840  0.000000 -0.160217  0.000000  0.025006  0.000000 ) 
 (  0.157358  0.000000 -0.082093  0.000000  0.125323  0.000000 ) 
 ( -0.157358  0.000000  0.082093  0.000000  0.125323  0.000000 ) 
 (  0.157358  0.000000  0.082093  0.000000 -0.125323  0.000000 ) 
 ( -0.157358  0.000000 -0.082093  0.000000 -0.125323  0.000000 ) 
 (  0.167454  0.000000 -0.103773  0.000000  0.136974  0.000000 ) 
 ( -0.167454  0.000000  0.103773  0.000000  0.136974  0.000000 ) 
 ( -0.167454  0.000000 -0.103773  0.000000  0.136974  0.000000 ) 
 (  0.167454  0.000000  0.103773  0.000000  0.136974  0.000000 ) 
     freq (   39) =      32.277397 [THz] =    1076.658083 [cm-1]
 (  0.000252  0.000000 -0.000410  0.000000 -0.000000  0.000000 ) 
 (  0.000252  0.000000  0.000410  0.000000 -0.000000  0.000000 ) 
 (  0.003163  0.000000  0.001545  0.000000  0.064630  0.000000 ) 
 (  0.003163  0.000000  0.001545  0.000000 -0.064630  0.000000 ) 
 ( -0.003163  0.000000  0.001545  0.000000  0.064630  0.000000 ) 
 ( -0.003163  0.000000  0.001545  0.000000 -0.064630  0.000000 ) 
 (  0.000918  0.000000 -0.008489  0.000000 -0.260535  0.000000 ) 
 (  0.000918  0.000000 -0.008489  0.000000  0.260535  0.000000 ) 
 ( -0.000918  0.000000 -0.008489  0.000000 -0.260535  0.000000 ) 
 ( -0.000918  0.000000 -0.008489  0.000000  0.260535  0.000000 ) 
 ( -0.010185  0.000000  0.009782  0.000000 -0.341272  0.000000 ) 
 ( -0.010185  0.000000  0.009782  0.000000  0.341272  0.000000 ) 
 (  0.010185  0.000000  0.009782  0.000000 -0.341272  0.000000 ) 
 (  0.010185  0.000000  0.009782  0.000000  0.341272  0.000000 ) 
 (  0.054731  0.000000 -0.147684  0.000000  0.062272  0.000000 ) 
 (  0.054731  0.000000 -0.147684  0.000000 -0.062272  0.000000 ) 
 (  0.054731  0.000000  0.147684  0.000000 -0.062272  0.000000 ) 
 (  0.054731  0.000000  0.147684  0.000000  0.062272  0.000000 ) 
 (  0.029171  0.000000 -0.164732  0.000000  0.067244  0.000000 ) 
 (  0.029171  0.000000 -0.164732  0.000000 -0.067244  0.000000 ) 
 ( -0.029171  0.000000 -0.164732  0.000000  0.067244  0.000000 ) 
 ( -0.029171  0.000000 -0.164732  0.000000 -0.067244  0.000000 ) 
     freq (   40) =      32.289291 [THz] =    1077.054829 [cm-1]
 (  0.000267  0.000000 -0.000367  0.000000  0.000000  0.000000 ) 
 ( -0.000267  0.000000 -0.000367  0.000000 -0.000000  0.000000 ) 
 ( -0.001156  0.000000 -0.002942  0.000000  0.064575  0.000000 ) 
 ( -0.001156  0.000000 -0.002942  0.000000 -0.064575  0.000000 ) 
 ( -0.001156  0.000000  0.002942  0.000000 -0.064575  0.000000 ) 
 ( -0.001156  0.000000  0.002942  0.000000  0.064575  0.000000 ) 
 (  0.001561  0.000000  0.013803  0.000000 -0.260032  0.000000 ) 
 (  0.001561  0.000000  0.013803  0.000000  0.260032  0.000000 ) 
 (  0.001561  0.000000 -0.013803  0.000000  0.260032  0.000000 ) 
 (  0.001561  0.000000 -0.013803  0.000000 -0.260032  0.000000 ) 
 ( -0.001249  0.000000 -0.002679  0.000000 -0.341872  0.000000 ) 
 ( -0.001249  0.000000 -0.002679  0.000000  0.341872  0.000000 ) 
 ( -0.001249  0.000000  0.002679  0.000000  0.341872  0.000000 ) 
 ( -0.001249  0.000000  0.002679  0.000000 -0.341872  0.000000 ) 
 (  0.036112  0.000000 -0.166578  0.000000  0.071409  0.000000 ) 
 (  0.036112  0.000000 -0.166578  0.000000 -0.071409  0.000000 ) 
 ( -0.036112  0.000000 -0.166578  0.000000  0.071409  0.000000 ) 
 ( -0.036112  0.000000 -0.166578  0.000000 -0.071409  0.000000 ) 
 (  0.046624  0.000000 -0.146291  0.000000  0.058298  0.000000 ) 
 (  0.046624  0.000000 -0.146291  0.000000 -0.058298  0.000000 ) 
 (  0.046624  0.000000  0.146291  0.000000 -0.058298  0.000000 ) 
 (  0.046624  0.000000  0.146291  0.000000  0.058298  0.000000 ) 
     freq (   41) =      32.495078 [THz] =    1083.919116 [cm-1]
 ( -0.000000  0.000000  0.000000  0.000000  0.000645  0.000000 ) 
 (  0.000000  0.000000  0.000000  0.000000 -0.000645  0.000000 ) 
 (  0.001169  0.000000 -0.007739  0.000000  0.061988  0.000000 ) 
 ( -0.001169  0.000000  0.007739  0.000000  0.061988  0.000000 ) 
 ( -0.001169  0.000000 -0.007739  0.000000  0.061988  0.000000 ) 
 (  0.001169  0.000000  0.007739  0.000000  0.061988  0.000000 ) 
 (  0.007309  0.000000  0.029309  0.000000 -0.262328  0.000000 ) 
 ( -0.007309  0.000000 -0.029309  0.000000 -0.262328  0.000000 ) 
 ( -0.007309  0.000000  0.029309  0.000000 -0.262328  0.000000 ) 
 (  0.007309  0.000000 -0.029309  0.000000 -0.262328  0.000000 ) 
 ( -0.015079  0.000000  0.004353  0.000000 -0.337224  0.000000 ) 
 (  0.015079  0.000000 -0.004353  0.000000 -0.337224  0.000000 ) 
 (  0.015079  0.000000  0.004353  0.000000 -0.337224  0.000000 ) 
 ( -0.015079  0.000000 -0.004353  0.000000 -0.337224  0.000000 ) 
 (  0.041139  0.000000 -0.177212  0.000000  0.083801  0.000000 ) 
 ( -0.041139  0.000000  0.177212  0.000000  0.083801  0.000000 ) 
 (  0.041139  0.000000  0.177212  0.000000 -0.083801  0.000000 ) 
 ( -0.041139  0.000000 -0.177212  0.000000 -0.083801  0.000000 ) 
 ( -0.047566  0.000000  0.133503  0.000000 -0.046871  0.000000 ) 
 (  0.047566  0.000000 -0.133503  0.000000 -0.046871  0.000000 ) 
 (  0.047566  0.000000  0.133503  0.000000 -0.046871  0.000000 ) 
 ( -0.047566  0.000000 -0.133503  0.000000 -0.046871  0.000000 ) 
     freq (   42) =      32.499650 [THz] =    1084.071645 [cm-1]
 ( -0.000000  0.000000 -0.000000  0.000000 -0.000629  0.000000 ) 
 ( -0.000000  0.000000 -0.000000  0.000000 -0.000629  0.000000 ) 
 ( -0.001119  0.000000  0.007126  0.000000  0.061946  0.000000 ) 
 (  0.001119  0.000000 -0.007126  0.000000  0.061946  0.000000 ) 
 ( -0.001119  0.000000 -0.007126  0.000000 -0.061946  0.000000 ) 
 (  0.001119  0.000000  0.007126  0.000000 -0.061946  0.000000 ) 
 ( -0.006493  0.000000 -0.026790  0.000000 -0.262188  0.000000 ) 
 (  0.006493  0.000000  0.026790  0.000000 -0.262188  0.000000 ) 
 ( -0.006493  0.000000  0.026790  0.000000  0.262188  0.000000 ) 
 (  0.006493  0.000000 -0.026790  0.000000  0.262188  0.000000 ) 
 (  0.013589  0.000000 -0.003858  0.000000 -0.337588  0.000000 ) 
 ( -0.013589  0.000000  0.003858  0.000000 -0.337588  0.000000 ) 
 (  0.013589  0.000000  0.003858  0.000000  0.337588  0.000000 ) 
 ( -0.013589  0.000000 -0.003858  0.000000  0.337588  0.000000 ) 
 (  0.047145  0.000000 -0.135523  0.000000  0.048234  0.000000 ) 
 ( -0.047145  0.000000  0.135523  0.000000  0.048234  0.000000 ) 
 ( -0.047145  0.000000 -0.135523  0.000000  0.048234  0.000000 ) 
 (  0.047145  0.000000  0.135523  0.000000  0.048234  0.000000 ) 
 ( -0.040798  0.000000  0.176057  0.000000 -0.082865  0.000000 ) 
 (  0.040798  0.000000 -0.176057  0.000000 -0.082865  0.000000 ) 
 ( -0.040798  0.000000 -0.176057  0.000000  0.082865  0.000000 ) 
 (  0.040798  0.000000  0.176057  0.000000  0.082865  0.000000 ) 
     freq (   43) =      35.894304 [THz] =    1197.305108 [cm-1]
 ( -0.000094  0.000000 -0.000136  0.000000  0.000000  0.000000 ) 
 ( -0.000094  0.000000  0.000136  0.000000  0.000000  0.000000 ) 
 ( -0.003352  0.000000  0.002339  0.000000 -0.004533  0.000000 ) 
 ( -0.003352  0.000000  0.002339  0.000000  0.004533  0.000000 ) 
 (  0.003352  0.000000  0.002339  0.000000 -0.004533  0.000000 ) 
 (  0.003352  0.000000  0.002339  0.000000  0.004533  0.000000 ) 
 (  0.022609  0.000000  0.137449  0.000000  0.233201  0.000000 ) 
 (  0.022609  0.000000  0.137449  0.000000 -0.233201  0.000000 ) 
 ( -0.022609  0.000000  0.137449  0.000000  0.233201  0.000000 ) 
 ( -0.022609  0.000000  0.137449  0.000000 -0.233201  0.000000 ) 
 ( -0.105712  0.000000  0.066036  0.000000 -0.181473  0.000000 ) 
 ( -0.105712  0.000000  0.066036  0.000000  0.181473  0.000000 ) 
 (  0.105712  0.000000  0.066036  0.000000 -0.181473  0.000000 ) 
 (  0.105712  0.000000  0.066036  0.000000  0.181473  0.000000 ) 
 ( -0.251218  0.000000  0.062416  0.000000 -0.105158  0.000000 ) 
 ( -0.251218  0.000000  0.062416  0.000000  0.105158  0.000000 ) 
 ( -0.251218  0.000000 -0.062416  0.000000  0.105158  0.000000 ) 
 ( -0.251218  0.000000 -0.062416  0.000000 -0.105158  0.000000 ) 
 ( -0.111162  0.000000 -0.171601  0.000000  0.088544  0.000000 ) 
 ( -0.111162  0.000000 -0.171601  0.000000 -0.088544  0.000000 ) 
 (  0.111162  0.000000 -0.171601  0.000000  0.088544  0.000000 ) 
 (  0.111162  0.000000 -0.171601  0.000000 -0.088544  0.000000 ) 
     freq (   44) =      35.897918 [THz] =    1197.425659 [cm-1]
 (  0.000041  0.000000  0.000124  0.000000  0.000000  0.000000 ) 
 ( -0.000041  0.000000  0.000124  0.000000  0.000000  0.000000 ) 
 ( -0.003634  0.000000  0.002338  0.000000  0.004147  0.000000 ) 
 ( -0.003634  0.000000  0.002338  0.000000 -0.004147  0.000000 ) 
 ( -0.003634  0.000000 -0.002338  0.000000 -0.004147  0.000000 ) 
 ( -0.003634  0.000000 -0.002338  0.000000  0.004147  0.000000 ) 
 (  0.027627  0.000000  0.164787  0.000000 -0.205220  0.000000 ) 
 (  0.027627  0.000000  0.164787  0.000000  0.205220  0.000000 ) 
 (  0.027627  0.000000 -0.164787  0.000000  0.205220  0.000000 ) 
 (  0.027627  0.000000 -0.164787  0.000000 -0.205220  0.000000 ) 
 ( -0.128371  0.000000  0.080362  0.000000  0.158672  0.000000 ) 
 ( -0.128371  0.000000  0.080362  0.000000 -0.158672  0.000000 ) 
 ( -0.128371  0.000000 -0.080362  0.000000 -0.158672  0.000000 ) 
 ( -0.128371  0.000000 -0.080362  0.000000  0.158672  0.000000 ) 
 (  0.077812  0.000000  0.185273  0.000000 -0.105571  0.000000 ) 
 (  0.077812  0.000000  0.185273  0.000000  0.105571  0.000000 ) 
 ( -0.077812  0.000000  0.185273  0.000000 -0.105571  0.000000 ) 
 ( -0.077812  0.000000  0.185273  0.000000  0.105571  0.000000 ) 
 (  0.240282  0.000000 -0.089908  0.000000  0.120298  0.000000 ) 
 (  0.240282  0.000000 -0.089908  0.000000 -0.120298  0.000000 ) 
 (  0.240282  0.000000  0.089908  0.000000 -0.120298  0.000000 ) 
 (  0.240282  0.000000  0.089908  0.000000  0.120298  0.000000 ) 
     freq (   45) =      35.977309 [THz] =    1200.073853 [cm-1]
 ( -0.000000  0.000000 -0.000000  0.000000 -0.000192  0.000000 ) 
 (  0.000000  0.000000  0.000000  0.000000 -0.000192  0.000000 ) 
 (  0.000482  0.000000  0.000548  0.000000  0.004719  0.000000 ) 
 ( -0.000482  0.000000 -0.000548  0.000000  0.004719  0.000000 ) 
 (  0.000482  0.000000 -0.000548  0.000000 -0.004719  0.000000 ) 
 ( -0.000482  0.000000  0.000548  0.000000 -0.004719  0.000000 ) 
 ( -0.004614  0.000000 -0.021632  0.000000 -0.288793  0.000000 ) 
 (  0.004614  0.000000  0.021632  0.000000 -0.288793  0.000000 ) 
 ( -0.004614  0.000000  0.021632  0.000000  0.288793  0.000000 ) 
 (  0.004614  0.000000 -0.021632  0.000000  0.288793  0.000000 ) 
 (  0.018263  0.000000 -0.013068  0.000000  0.231886  0.000000 ) 
 ( -0.018263  0.000000  0.013068  0.000000  0.231886  0.000000 ) 
 (  0.018263  0.000000  0.013068  0.000000 -0.231886  0.000000 ) 
 ( -0.018263  0.000000 -0.013068  0.000000 -0.231886  0.000000 ) 
 (  0.234531  0.000000  0.053856  0.000000  0.022581  0.000000 ) 
 ( -0.234531  0.000000 -0.053856  0.000000  0.022581  0.000000 ) 
 ( -0.234531  0.000000  0.053856  0.000000  0.022581  0.000000 ) 
 (  0.234531  0.000000 -0.053856  0.000000  0.022581  0.000000 ) 
 ( -0.214855  0.000000 -0.085028  0.000000  0.002025  0.000000 ) 
 (  0.214855  0.000000  0.085028  0.000000  0.002025  0.000000 ) 
 ( -0.214855  0.000000  0.085028  0.000000 -0.002025  0.000000 ) 
 (  0.214855  0.000000 -0.085028  0.000000 -0.002025  0.000000 ) 
     freq (   46) =      35.977556 [THz] =    1200.082089 [cm-1]
 ( -0.000000  0.000000 -0.000000  0.000000  0.000173  0.000000 ) 
 ( -0.000000  0.000000  0.000000  0.000000 -0.000173  0.000000 ) 
 ( -0.000540  0.000000 -0.000587  0.000000  0.004614  0.000000 ) 
 (  0.000540  0.000000  0.000587  0.000000  0.004614  0.000000 ) 
 (  0.000540  0.000000 -0.000587  0.000000  0.004614  0.000000 ) 
 ( -0.000540  0.000000  0.000587  0.000000  0.004614  0.000000 ) 
 (  0.005278  0.000000  0.025042  0.000000 -0.288083  0.000000 ) 
 ( -0.005278  0.000000 -0.025042  0.000000 -0.288083  0.000000 ) 
 ( -0.005278  0.000000  0.025042  0.000000 -0.288083  0.000000 ) 
 (  0.005278  0.000000 -0.025042  0.000000 -0.288083  0.000000 ) 
 ( -0.020973  0.000000  0.014635  0.000000  0.232029  0.000000 ) 
 (  0.020973  0.000000 -0.014635  0.000000  0.232029  0.000000 ) 
 (  0.020973  0.000000  0.014635  0.000000  0.232029  0.000000 ) 
 ( -0.020973  0.000000 -0.014635  0.000000  0.232029  0.000000 ) 
 (  0.213462  0.000000  0.087013  0.000000 -0.003685  0.000000 ) 
 ( -0.213462  0.000000 -0.087013  0.000000 -0.003685  0.000000 ) 
 (  0.213462  0.000000 -0.087013  0.000000  0.003685  0.000000 ) 
 ( -0.213462  0.000000  0.087013  0.000000  0.003685  0.000000 ) 
 ( -0.235367  0.000000 -0.052162  0.000000 -0.023874  0.000000 ) 
 (  0.235367  0.000000  0.052162  0.000000 -0.023874  0.000000 ) 
 (  0.235367  0.000000 -0.052162  0.000000 -0.023874  0.000000 ) 
 ( -0.235367  0.000000  0.052162  0.000000 -0.023874  0.000000 ) 
     freq (   47) =      36.036179 [THz] =    1202.037533 [cm-1]
 ( -0.000533  0.000000 -0.000182  0.000000 -0.000000  0.000000 ) 
 ( -0.000533  0.000000  0.000182  0.000000  0.000000  0.000000 ) 
 (  0.002825  0.000000 -0.000403  0.000000 -0.002572  0.000000 ) 
 (  0.002825  0.000000 -0.000403  0.000000  0.002572  0.000000 ) 
 ( -0.002825  0.000000 -0.000403  0.000000 -0.002572  0.000000 ) 
 ( -0.002825  0.000000 -0.000403  0.000000  0.002572  0.000000 ) 
 ( -0.036318  0.000000 -0.193018  0.000000  0.173858  0.000000 ) 
 ( -0.036318  0.000000 -0.193018  0.000000 -0.173858  0.000000 ) 
 (  0.036318  0.000000 -0.193018  0.000000  0.173858  0.000000 ) 
 (  0.036318  0.000000 -0.193018  0.000000 -0.173858  0.000000 ) 
 (  0.155476  0.000000 -0.096379  0.000000 -0.140108  0.000000 ) 
 (  0.155476  0.000000 -0.096379  0.000000  0.140108  0.000000 ) 
 ( -0.155476  0.000000 -0.096379  0.000000 -0.140108  0.000000 ) 
 ( -0.155476  0.000000 -0.096379  0.000000  0.140108  0.000000 ) 
 ( -0.050378  0.000000 -0.190734  0.000000  0.113666  0.000000 ) 
 ( -0.050378  0.000000 -0.190734  0.000000 -0.113666  0.000000 ) 
 ( -0.050378  0.000000  0.190734  0.000000 -0.113666  0.000000 ) 
 ( -0.050378  0.000000  0.190734  0.000000  0.113666  0.000000 ) 
 ( -0.221990  0.000000  0.106147  0.000000 -0.125329  0.000000 ) 
 ( -0.221990  0.000000  0.106147  0.000000  0.125329  0.000000 ) 
 (  0.221990  0.000000  0.106147  0.000000 -0.125329  0.000000 ) 
 (  0.221990  0.000000  0.106147  0.000000  0.125329  0.000000 ) 
     freq (   48) =      36.038422 [THz] =    1202.112347 [cm-1]
 (  0.000542  0.000000  0.000220  0.000000 -0.000000  0.000000 ) 
 ( -0.000542  0.000000  0.000220  0.000000 -0.000000  0.000000 ) 
 (  0.002346  0.000000  0.000075  0.000000  0.003402  0.000000 ) 
 (  0.002346  0.000000  0.000075  0.000000 -0.003402  0.000000 ) 
 (  0.002346  0.000000 -0.000075  0.000000 -0.003402  0.000000 ) 
 (  0.002346  0.000000 -0.000075  0.000000  0.003402  0.000000 ) 
 ( -0.032693  0.000000 -0.171252  0.000000 -0.207480  0.000000 ) 
 ( -0.032693  0.000000 -0.171252  0.000000  0.207480  0.000000 ) 
 ( -0.032693  0.000000  0.171252  0.000000  0.207480  0.000000 ) 
 ( -0.032693  0.000000  0.171252  0.000000 -0.207480  0.000000 ) 
 (  0.138131  0.000000 -0.085581  0.000000  0.164050  0.000000 ) 
 (  0.138131  0.000000 -0.085581  0.000000 -0.164050  0.000000 ) 
 (  0.138131  0.000000  0.085581  0.000000 -0.164050  0.000000 ) 
 (  0.138131  0.000000  0.085581  0.000000  0.164050  0.000000 ) 
 (  0.236452  0.000000 -0.080075  0.000000  0.111083  0.000000 ) 
 (  0.236452  0.000000 -0.080075  0.000000 -0.111083  0.000000 ) 
 ( -0.236452  0.000000 -0.080075  0.000000  0.111083  0.000000 ) 
 ( -0.236452  0.000000 -0.080075  0.000000 -0.111083  0.000000 ) 
 (  0.086697  0.000000  0.178251  0.000000 -0.096289  0.000000 ) 
 (  0.086697  0.000000  0.178251  0.000000  0.096289  0.000000 ) 
 (  0.086697  0.000000 -0.178251  0.000000  0.096289  0.000000 ) 
 (  0.086697  0.000000 -0.178251  0.000000 -0.096289  0.000000 ) 
     freq (   49) =      36.231782 [THz] =    1208.562172 [cm-1]
 ( -0.000000  0.000000 -0.000000  0.000000  0.000547  0.000000 ) 
 ( -0.000000  0.000000  0.000000  0.000000 -0.000547  0.000000 ) 
 (  0.003958  0.000000 -0.001470  0.000000  0.000164  0.000000 ) 
 ( -0.003958  0.000000  0.001470  0.000000  0.000164  0.000000 ) 
 ( -0.003958  0.000000 -0.001470  0.000000  0.000164  0.000000 ) 
 (  0.003958  0.000000  0.001470  0.000000  0.000164  0.000000 ) 
 ( -0.040584  0.000000 -0.233568  0.000000 -0.025834  0.000000 ) 
 (  0.040584  0.000000  0.233568  0.000000 -0.025834  0.000000 ) 
 (  0.040584  0.000000 -0.233568  0.000000 -0.025834  0.000000 ) 
 ( -0.040584  0.000000  0.233568  0.000000 -0.025834  0.000000 ) 
 (  0.185199  0.000000 -0.115502  0.000000  0.027090  0.000000 ) 
 ( -0.185199  0.000000  0.115502  0.000000  0.027090  0.000000 ) 
 ( -0.185199  0.000000 -0.115502  0.000000  0.027090  0.000000 ) 
 (  0.185199  0.000000  0.115502  0.000000  0.027090  0.000000 ) 
 (  0.133076  0.000000 -0.180092  0.000000  0.154489  0.000000 ) 
 ( -0.133076  0.000000  0.180092  0.000000  0.154489  0.000000 ) 
 (  0.133076  0.000000  0.180092  0.000000 -0.154489  0.000000 ) 
 ( -0.133076  0.000000 -0.180092  0.000000 -0.154489  0.000000 ) 
 (  0.088765  0.000000 -0.197732  0.000000  0.154124  0.000000 ) 
 ( -0.088765  0.000000  0.197732  0.000000  0.154124  0.000000 ) 
 ( -0.088765  0.000000 -0.197732  0.000000  0.154124  0.000000 ) 
 (  0.088765  0.000000  0.197732  0.000000  0.154124  0.000000 ) 
     freq (   50) =      36.236325 [THz] =    1208.713691 [cm-1]
 ( -0.000000  0.000000 -0.000000  0.000000 -0.000569  0.000000 ) 
 (  0.000000  0.000000 -0.000000  0.000000 -0.000569  0.000000 ) 
 ( -0.003968  0.000000  0.001476  0.000000  0.000177  0.000000 ) 
 (  0.003968  0.000000 -0.001476  0.000000  0.000177  0.000000 ) 
 ( -0.003968  0.000000 -0.001476  0.000000 -0.000177  0.000000 ) 
 (  0.003968  0.000000  0.001476  0.000000 -0.000177  0.000000 ) 
 (  0.040758  0.000000  0.234567  0.000000 -0.022504  0.000000 ) 
 ( -0.040758  0.000000 -0.234567  0.000000 -0.022504  0.000000 ) 
 (  0.040758  0.000000 -0.234567  0.000000  0.022504  0.000000 ) 
 ( -0.040758  0.000000  0.234567  0.000000  0.022504  0.000000 ) 
 ( -0.185437  0.000000  0.115772  0.000000  0.024290  0.000000 ) 
 (  0.185437  0.000000 -0.115772  0.000000  0.024290  0.000000 ) 
 ( -0.185437  0.000000 -0.115772  0.000000 -0.024290  0.000000 ) 
 (  0.185437  0.000000  0.115772  0.000000 -0.024290  0.000000 ) 
 ( -0.091584  0.000000  0.196780  0.000000 -0.154163  0.000000 ) 
 (  0.091584  0.000000 -0.196780  0.000000 -0.154163  0.000000 ) 
 (  0.091584  0.000000  0.196780  0.000000 -0.154163  0.000000 ) 
 ( -0.091584  0.000000 -0.196780  0.000000 -0.154163  0.000000 ) 
 ( -0.130633  0.000000  0.180727  0.000000 -0.154302  0.000000 ) 
 (  0.130633  0.000000 -0.180727  0.000000 -0.154302  0.000000 ) 
 ( -0.130633  0.000000 -0.180727  0.000000  0.154302  0.000000 ) 
 (  0.130633  0.000000  0.180727  0.000000  0.154302  0.000000 ) 
     freq (   51) =      68.293062 [THz] =    2278.011348 [cm-1]
 (  0.000000 -0.000000  0.000000  0.000000 -0.000075  0.000000 ) 
 (  0.000000 -0.000000 -0.000000  0.000000  0.000075  0.000000 ) 
 ( -0.005771  0.000000 -0.012174  0.000000  0.000103  0.000000 ) 
 (  0.005771 -0.000000  0.012174 -0.000000  0.000103  0.000000 ) 
 (  0.005771  0.000000 -0.012174  0.000000  0.000103 -0.000000 ) 
 ( -0.005771  0.000000  0.012174  0.000000  0.000103 -0.000000 ) 
 ( -0.204265  0.000000  0.034301 -0.000000  0.000911  0.000000 ) 
 (  0.204265 -0.000000 -0.034301  0.000000  0.000911  0.000000 ) 
 (  0.204265  0.000000  0.034301  0.000000  0.000911 -0.000000 ) 
 ( -0.204265  0.000000 -0.034301  0.000000  0.000911 -0.000000 ) 
 (  0.193509 -0.000000  0.313618 -0.000000 -0.000101  0.000000 ) 
 ( -0.193509  0.000000 -0.313618  0.000000 -0.000101  0.000000 ) 
 ( -0.193509  0.000000  0.313618  0.000000 -0.000101  0.000000 ) 
 (  0.193509  0.000000 -0.313618  0.000000 -0.000101  0.000000 ) 
 ( -0.038669  0.000000  0.103928 -0.000000  0.155652 -0.000000 ) 
 (  0.038669 -0.000000 -0.103928  0.000000  0.155652 -0.000000 ) 
 ( -0.038669  0.000000 -0.103928  0.000000 -0.155652  0.000000 ) 
 (  0.038669  0.000000  0.103928  0.000000 -0.155652  0.000000 ) 
 ( -0.036381  0.000000  0.101671 -0.000000  0.151427 -0.000000 ) 
 (  0.036381 -0.000000 -0.101671  0.000000  0.151427 -0.000000 ) 
 (  0.036381  0.000000  0.101671  0.000000  0.151427  0.000000 ) 
 ( -0.036381  0.000000 -0.101671  0.000000  0.151427  0.000000 ) 
     freq (   52) =      68.309618 [THz] =    2278.563608 [cm-1]
 ( -0.000000  0.000000 -0.000000  0.000000  0.000074  0.000000 ) 
 ( -0.000000  0.000000  0.000000  0.000000  0.000074 -0.000000 ) 
 (  0.005003  0.000000  0.011949  0.000000  0.000072 -0.000000 ) 
 ( -0.005003  0.000000 -0.011949  0.000000  0.000072 -0.000000 ) 
 (  0.005003 -0.000000 -0.011949  0.000000 -0.000072  0.000000 ) 
 ( -0.005003  0.000000  0.011949 -0.000000 -0.000072  0.000000 ) 
 (  0.210571  0.000000 -0.035649  0.000000  0.000929 -0.000000 ) 
 ( -0.210571  0.000000  0.035649  0.000000  0.000929 -0.000000 ) 
 (  0.210571 -0.000000  0.035649 -0.000000 -0.000929  0.000000 ) 
 ( -0.210571  0.000000 -0.035649  0.000000 -0.000929  0.000000 ) 
 ( -0.191866  0.000000 -0.310348  0.000000 -0.000105  0.000000 ) 
 (  0.191866  0.000000  0.310348  0.000000 -0.000105  0.000000 ) 
 ( -0.191866  0.000000  0.310348 -0.000000  0.000105  0.000000 ) 
 (  0.191866 -0.000000 -0.310348  0.000000  0.000105  0.000000 ) 
 (  0.036523  0.000000 -0.101309  0.000000 -0.151454  0.000000 ) 
 ( -0.036523  0.000000  0.101309  0.000000 -0.151454  0.000000 ) 
 ( -0.036523  0.000000 -0.101309  0.000000 -0.151454  0.000000 ) 
 (  0.036523 -0.000000  0.101309 -0.000000 -0.151454  0.000000 ) 
 (  0.038994  0.000000 -0.104041  0.000000 -0.155600  0.000000 ) 
 ( -0.038994  0.000000  0.104041  0.000000 -0.155600  0.000000 ) 
 (  0.038994 -0.000000  0.104041 -0.000000  0.155600 -0.000000 ) 
 ( -0.038994  0.000000 -0.104041  0.000000  0.155600 -0.000000 ) 
     freq (   53) =      68.334204 [THz] =    2279.383705 [cm-1]
 ( -0.000067  0.000000 -0.000022  0.000000  0.000000  0.000000 ) 
 (  0.000067  0.000000 -0.000022  0.000000  0.000000  0.000000 ) 
 ( -0.004924  0.000000 -0.013103  0.000000 -0.000538  0.000000 ) 
 ( -0.004924  0.000000 -0.013103  0.000000  0.000538  0.000000 ) 
 ( -0.004924  0.000000  0.013103  0.000000  0.000538  0.000000 ) 
 ( -0.004924  0.000000  0.013103  0.000000 -0.000538  0.000000 ) 
 ( -0.212222  0.000000  0.035480  0.000000  0.000437  0.000000 ) 
 ( -0.212222  0.000000  0.035480  0.000000 -0.000437  0.000000 ) 
 ( -0.212222  0.000000 -0.035480  0.000000 -0.000437  0.000000 ) 
 ( -0.212222  0.000000 -0.035480  0.000000  0.000437  0.000000 ) 
 (  0.194498  0.000000  0.313468  0.000000 -0.000998  0.000000 ) 
 (  0.194498  0.000000  0.313468  0.000000  0.000998  0.000000 ) 
 (  0.194498  0.000000 -0.313468  0.000000  0.000998  0.000000 ) 
 (  0.194498  0.000000 -0.313468  0.000000 -0.000998  0.000000 ) 
 ( -0.036261  0.000000  0.098578  0.000000  0.146051  0.000000 ) 
 ( -0.036261  0.000000  0.098578  0.000000 -0.146051  0.000000 ) 
 (  0.036261  0.000000  0.098578  0.000000  0.146051  0.000000 ) 
 (  0.036261  0.000000  0.098578  0.000000 -0.146051  0.000000 ) 
 (  0.038583  0.000000 -0.102257  0.000000 -0.152004  0.000000 ) 
 (  0.038583  0.000000 -0.102257  0.000000  0.152004  0.000000 ) 
 (  0.038583  0.000000  0.102257  0.000000  0.152004  0.000000 ) 
 (  0.038583  0.000000  0.102257  0.000000 -0.152004  0.000000 ) 
     freq (   54) =      68.346588 [THz] =    2279.796771 [cm-1]
 (  0.000069  0.000000  0.000024  0.000000  0.000000  0.000000 ) 
 (  0.000069  0.000000 -0.000024  0.000000  0.000000  0.000000 ) 
 ( -0.004847  0.000000 -0.012948  0.000000  0.000634  0.000000 ) 
 ( -0.004847  0.000000 -0.012948  0.000000 -0.000634  0.000000 ) 
 (  0.004847  0.000000 -0.012948  0.000000  0.000634  0.000000 ) 
 (  0.004847  0.000000 -0.012948  0.000000 -0.000634  0.000000 ) 
 ( -0.212378  0.000000  0.035606  0.000000 -0.000182  0.000000 ) 
 ( -0.212378  0.000000  0.035606  0.000000  0.000182  0.000000 ) 
 (  0.212378  0.000000  0.035606  0.000000 -0.000182  0.000000 ) 
 (  0.212378  0.000000  0.035606  0.000000  0.000182  0.000000 ) 
 (  0.194014  0.000000  0.312606  0.000000  0.001027  0.000000 ) 
 (  0.194014  0.000000  0.312606  0.000000 -0.001027  0.000000 ) 
 ( -0.194014  0.000000  0.312606  0.000000  0.001027  0.000000 ) 
 ( -0.194014  0.000000  0.312606  0.000000 -0.001027  0.000000 ) 
 ( -0.039141  0.000000  0.103217  0.000000  0.152837  0.000000 ) 
 ( -0.039141  0.000000  0.103217  0.000000 -0.152837  0.000000 ) 
 ( -0.039141  0.000000 -0.103217  0.000000 -0.152837  0.000000 ) 
 ( -0.039141  0.000000 -0.103217  0.000000  0.152837  0.000000 ) 
 (  0.036395  0.000000 -0.098963  0.000000 -0.146312  0.000000 ) 
 (  0.036395  0.000000 -0.098963  0.000000  0.146312  0.000000 ) 
 ( -0.036395  0.000000 -0.098963  0.000000 -0.146312  0.000000 ) 
 ( -0.036395  0.000000 -0.098963  0.000000  0.146312  0.000000 ) 
     freq (   55) =      70.049119 [THz] =    2336.587086 [cm-1]
 (  0.000000  0.000000  0.000000  0.000000  0.000095  0.000000 ) 
 (  0.000000  0.000000  0.000000  0.000000  0.000095  0.000000 ) 
 ( -0.036068  0.000000 -0.031312  0.000000  0.000503  0.000000 ) 
 (  0.036068  0.000000  0.031312  0.000000  0.000503  0.000000 ) 
 ( -0.036068  0.000000  0.031312  0.000000 -0.000503  0.000000 ) 
 (  0.036068  0.000000 -0.031312  0.000000 -0.000503  0.000000 ) 
 (  0.311317  0.000000 -0.071934  0.000000 -0.000793  0.000000 ) 
 ( -0.311317  0.000000  0.071934  0.000000 -0.000793  0.000000 ) 
 (  0.311317  0.000000  0.071934  0.000000  0.000793  0.000000 ) 
 ( -0.311317  0.000000 -0.071934  0.000000  0.000793  0.000000 ) 
 (  0.164854  0.000000  0.275066  0.000000  0.002439  0.000000 ) 
 ( -0.164854  0.000000 -0.275066  0.000000  0.002439  0.000000 ) 
 (  0.164854  0.000000 -0.275066  0.000000 -0.002439  0.000000 ) 
 ( -0.164854  0.000000  0.275066  0.000000 -0.002439  0.000000 ) 
 (  0.040190  0.000000 -0.067180  0.000000 -0.117141  0.000000 ) 
 ( -0.040190  0.000000  0.067180  0.000000 -0.117141  0.000000 ) 
 ( -0.040190  0.000000 -0.067180  0.000000 -0.117141  0.000000 ) 
 (  0.040190  0.000000  0.067180  0.000000 -0.117141  0.000000 ) 
 (  0.042394  0.000000 -0.073107  0.000000 -0.125651  0.000000 ) 
 ( -0.042394  0.000000  0.073107  0.000000 -0.125651  0.000000 ) 
 (  0.042394  0.000000  0.073107  0.000000  0.125651  0.000000 ) 
 ( -0.042394  0.000000 -0.073107  0.000000  0.125651  0.000000 ) 
     freq (   56) =      70.059344 [THz] =    2336.928177 [cm-1]
 ( -0.000000  0.000000 -0.000000  0.000000  0.000094  0.000000 ) 
 (  0.000000  0.000000  0.000000  0.000000 -0.000094  0.000000 ) 
 ( -0.035620  0.000000 -0.031458  0.000000 -0.000576  0.000000 ) 
 (  0.035620  0.000000  0.031458  0.000000 -0.000576  0.000000 ) 
 (  0.035620  0.000000 -0.031458  0.000000 -0.000576  0.000000 ) 
 ( -0.035620  0.000000  0.031458  0.000000 -0.000576  0.000000 ) 
 (  0.310970  0.000000 -0.071800  0.000000  0.000838  0.000000 ) 
 ( -0.310970  0.000000  0.071800  0.000000  0.000838  0.000000 ) 
 ( -0.310970  0.000000 -0.071800  0.000000  0.000838  0.000000 ) 
 (  0.310970  0.000000  0.071800  0.000000  0.000838  0.000000 ) 
 (  0.162653  0.000000  0.271101  0.000000 -0.002369  0.000000 ) 
 ( -0.162653  0.000000 -0.271101  0.000000 -0.002369  0.000000 ) 
 ( -0.162653  0.000000  0.271101  0.000000 -0.002369  0.000000 ) 
 (  0.162653  0.000000 -0.271101  0.000000 -0.002369  0.000000 ) 
 (  0.043497  0.000000 -0.076121  0.000000 -0.130488  0.000000 ) 
 ( -0.043497  0.000000  0.076121  0.000000 -0.130488  0.000000 ) 
 (  0.043497  0.000000  0.076121  0.000000  0.130488  0.000000 ) 
 ( -0.043497  0.000000 -0.076121  0.000000  0.130488  0.000000 ) 
 (  0.041045  0.000000 -0.069849  0.000000 -0.121032  0.000000 ) 
 ( -0.041045  0.000000  0.069849  0.000000 -0.121032  0.000000 ) 
 ( -0.041045  0.000000 -0.069849  0.000000 -0.121032  0.000000 ) 
 (  0.041045  0.000000  0.069849  0.000000 -0.121032  0.000000 ) 
     freq (   57) =      70.168644 [THz] =    2340.574012 [cm-1]
 ( -0.000023  0.000000 -0.000040  0.000000  0.000000  0.000000 ) 
 ( -0.000023  0.000000  0.000040  0.000000  0.000000  0.000000 ) 
 ( -0.024400  0.000000 -0.040378  0.000000  0.004050  0.000000 ) 
 ( -0.024400  0.000000 -0.040378  0.000000 -0.004050  0.000000 ) 
 (  0.024400  0.000000 -0.040378  0.000000  0.004050  0.000000 ) 
 (  0.024400  0.000000 -0.040378  0.000000 -0.004050  0.000000 ) 
 (  0.204564  0.000000 -0.053620  0.000000  0.001882  0.000000 ) 
 (  0.204564  0.000000 -0.053620  0.000000 -0.001882  0.000000 ) 
 ( -0.204564  0.000000 -0.053620  0.000000  0.001882  0.000000 ) 
 ( -0.204564  0.000000 -0.053620  0.000000 -0.001882  0.000000 ) 
 (  0.169886  0.000000  0.275705  0.000000  0.001454  0.000000 ) 
 (  0.169886  0.000000  0.275705  0.000000 -0.001454  0.000000 ) 
 ( -0.169886  0.000000  0.275705  0.000000  0.001454  0.000000 ) 
 ( -0.169886  0.000000  0.275705  0.000000 -0.001454  0.000000 ) 
 (  0.047450  0.000000 -0.094088  0.000000 -0.161566  0.000000 ) 
 (  0.047450  0.000000 -0.094088  0.000000  0.161566  0.000000 ) 
 (  0.047450  0.000000  0.094088  0.000000  0.161566  0.000000 ) 
 (  0.047450  0.000000  0.094088  0.000000 -0.161566  0.000000 ) 
 ( -0.059191  0.000000  0.124021  0.000000  0.205095  0.000000 ) 
 ( -0.059191  0.000000  0.124021  0.000000 -0.205095  0.000000 ) 
 (  0.059191  0.000000  0.124021  0.000000  0.205095  0.000000 ) 
 (  0.059191  0.000000  0.124021  0.000000 -0.205095  0.000000 ) 
     freq (   58) =      70.175968 [THz] =    2340.818316 [cm-1]
 (  0.000028  0.000000  0.000041  0.000000  0.000000  0.000000 ) 
 ( -0.000028  0.000000  0.000041  0.000000 -0.000000  0.000000 ) 
 ( -0.024539  0.000000 -0.040233  0.000000 -0.004041  0.000000 ) 
 ( -0.024539  0.000000 -0.040233  0.000000  0.004041  0.000000 ) 
 ( -0.024539  0.000000  0.040233  0.000000  0.004041  0.000000 ) 
 ( -0.024539  0.000000  0.040233  0.000000 -0.004041  0.000000 ) 
 (  0.206708  0.000000 -0.053993  0.000000 -0.001971  0.000000 ) 
 (  0.206708  0.000000 -0.053993  0.000000  0.001971  0.000000 ) 
 (  0.206708  0.000000  0.053993  0.000000  0.001971  0.000000 ) 
 (  0.206708  0.000000  0.053993  0.000000 -0.001971  0.000000 ) 
 (  0.169250  0.000000  0.274811  0.000000 -0.001404  0.000000 ) 
 (  0.169250  0.000000  0.274811  0.000000  0.001404  0.000000 ) 
 (  0.169250  0.000000 -0.274811  0.000000  0.001404  0.000000 ) 
 (  0.169250  0.000000 -0.274811  0.000000 -0.001404  0.000000 ) 
 (  0.059240  0.000000 -0.123847  0.000000 -0.204792  0.000000 ) 
 (  0.059240  0.000000 -0.123847  0.000000  0.204792  0.000000 ) 
 ( -0.059240  0.000000 -0.123847  0.000000 -0.204792  0.000000 ) 
 ( -0.059240  0.000000 -0.123847  0.000000  0.204792  0.000000 ) 
 ( -0.047378  0.000000  0.093977  0.000000  0.161504  0.000000 ) 
 ( -0.047378  0.000000  0.093977  0.000000 -0.161504  0.000000 ) 
 ( -0.047378  0.000000 -0.093977  0.000000 -0.161504  0.000000 ) 
 ( -0.047378  0.000000 -0.093977  0.000000  0.161504  0.000000 ) 
     freq (   59) =      70.626309 [THz] =    2355.840101 [cm-1]
 ( -0.000092  0.000000 -0.000051  0.000000 -0.000000  0.000000 ) 
 ( -0.000092  0.000000  0.000051  0.000000 -0.000000  0.000000 ) 
 ( -0.041713  0.000000  0.024604  0.000000  0.008890  0.000000 ) 
 ( -0.041713  0.000000  0.024604  0.000000 -0.008890  0.000000 ) 
 (  0.041713  0.000000  0.024604  0.000000  0.008890  0.000000 ) 
 (  0.041713  0.000000  0.024604  0.000000 -0.008890  0.000000 ) 
 (  0.382702  0.000000 -0.071317  0.000000  0.003718  0.000000 ) 
 (  0.382702  0.000000 -0.071317  0.000000 -0.003718  0.000000 ) 
 ( -0.382702  0.000000 -0.071317  0.000000  0.003718  0.000000 ) 
 ( -0.382702  0.000000 -0.071317  0.000000 -0.003718  0.000000 ) 
 ( -0.002241  0.000000  0.024017  0.000000  0.001012  0.000000 ) 
 ( -0.002241  0.000000  0.024017  0.000000 -0.001012  0.000000 ) 
 (  0.002241  0.000000  0.024017  0.000000  0.001012  0.000000 ) 
 (  0.002241  0.000000  0.024017  0.000000 -0.001012  0.000000 ) 
 ( -0.050435  0.000000  0.140983  0.000000  0.224056  0.000000 ) 
 ( -0.050435  0.000000  0.140983  0.000000 -0.224056  0.000000 ) 
 ( -0.050435  0.000000 -0.140983  0.000000 -0.224056  0.000000 ) 
 ( -0.050435  0.000000 -0.140983  0.000000  0.224056  0.000000 ) 
 (  0.023596  0.000000 -0.075986  0.000000 -0.128377  0.000000 ) 
 (  0.023596  0.000000 -0.075986  0.000000  0.128377  0.000000 ) 
 ( -0.023596  0.000000 -0.075986  0.000000 -0.128377  0.000000 ) 
 ( -0.023596  0.000000 -0.075986  0.000000  0.128377  0.000000 ) 
     freq (   60) =      70.628650 [THz] =    2355.918184 [cm-1]
 (  0.000094  0.000000  0.000052  0.000000  0.000000  0.000000 ) 
 ( -0.000094  0.000000  0.000052  0.000000  0.000000  0.000000 ) 
 ( -0.041629  0.000000  0.024738  0.000000 -0.008862  0.000000 ) 
 ( -0.041629  0.000000  0.024738  0.000000  0.008862  0.000000 ) 
 ( -0.041629  0.000000 -0.024738  0.000000  0.008862  0.000000 ) 
 ( -0.041629  0.000000 -0.024738  0.000000 -0.008862  0.000000 ) 
 (  0.381654  0.000000 -0.071087  0.000000 -0.003630  0.000000 ) 
 (  0.381654  0.000000 -0.071087  0.000000  0.003630  0.000000 ) 
 (  0.381654  0.000000  0.071087  0.000000  0.003630  0.000000 ) 
 (  0.381654  0.000000  0.071087  0.000000 -0.003630  0.000000 ) 
 ( -0.002631  0.000000  0.023450  0.000000 -0.001008  0.000000 ) 
 ( -0.002631  0.000000  0.023450  0.000000  0.001008  0.000000 ) 
 ( -0.002631  0.000000 -0.023450  0.000000  0.001008  0.000000 ) 
 ( -0.002631  0.000000 -0.023450  0.000000 -0.001008  0.000000 ) 
 ( -0.023841  0.000000  0.076626  0.000000  0.129420  0.000000 ) 
 ( -0.023841  0.000000  0.076626  0.000000 -0.129420  0.000000 ) 
 (  0.023841  0.000000  0.076626  0.000000  0.129420  0.000000 ) 
 (  0.023841  0.000000  0.076626  0.000000 -0.129420  0.000000 ) 
 (  0.050630  0.000000 -0.141415  0.000000 -0.224813  0.000000 ) 
 (  0.050630  0.000000 -0.141415  0.000000  0.224813  0.000000 ) 
 (  0.050630  0.000000  0.141415  0.000000  0.224813  0.000000 ) 
 (  0.050630  0.000000  0.141415  0.000000 -0.224813  0.000000 ) 
     freq (   61) =      70.684243 [THz] =    2357.772547 [cm-1]
 ( -0.000000  0.000000 -0.000000  0.000000 -0.000158  0.000000 ) 
 ( -0.000000  0.000000 -0.000000  0.000000  0.000158  0.000000 ) 
 ( -0.033047  0.000000  0.034707  0.000000  0.006195  0.000000 ) 
 (  0.033047  0.000000 -0.034707  0.000000  0.006195  0.000000 ) 
 (  0.033047  0.000000  0.034707  0.000000  0.006195  0.000000 ) 
 ( -0.033047  0.000000 -0.034707  0.000000  0.006195  0.000000 ) 
 (  0.316846  0.000000 -0.054172  0.000000  0.002168  0.000000 ) 
 ( -0.316846  0.000000  0.054172  0.000000  0.002168  0.000000 ) 
 ( -0.316846  0.000000 -0.054172  0.000000  0.002168  0.000000 ) 
 (  0.316846  0.000000  0.054172  0.000000  0.002168  0.000000 ) 
 ( -0.052710  0.000000 -0.059352  0.000000  0.000695  0.000000 ) 
 (  0.052710  0.000000  0.059352  0.000000  0.000695  0.000000 ) 
 (  0.052710  0.000000 -0.059352  0.000000  0.000695  0.000000 ) 
 ( -0.052710  0.000000  0.059352  0.000000  0.000695  0.000000 ) 
 ( -0.059257  0.000000  0.157855  0.000000  0.251046  0.000000 ) 
 (  0.059257  0.000000 -0.157855  0.000000  0.251046  0.000000 ) 
 ( -0.059257  0.000000 -0.157855  0.000000 -0.251046  0.000000 ) 
 (  0.059257  0.000000  0.157855  0.000000 -0.251046  0.000000 ) 
 ( -0.040494  0.000000  0.109863  0.000000  0.181300  0.000000 ) 
 (  0.040494  0.000000 -0.109863  0.000000  0.181300  0.000000 ) 
 (  0.040494  0.000000  0.109863  0.000000  0.181300  0.000000 ) 
 ( -0.040494  0.000000 -0.109863  0.000000  0.181300  0.000000 ) 
     freq (   62) =      70.686004 [THz] =    2357.831283 [cm-1]
 (  0.000000  0.000000  0.000000  0.000000 -0.000163  0.000000 ) 
 ( -0.000000  0.000000 -0.000000  0.000000 -0.000163  0.000000 ) 
 ( -0.032726  0.000000  0.034965  0.000000 -0.005992  0.000000 ) 
 (  0.032726  0.000000 -0.034965  0.000000 -0.005992  0.000000 ) 
 ( -0.032726  0.000000 -0.034965  0.000000  0.005992  0.000000 ) 
 (  0.032726  0.000000  0.034965  0.000000  0.005992  0.000000 ) 
 (  0.312165  0.000000 -0.053047  0.000000 -0.002063  0.000000 ) 
 ( -0.312165  0.000000  0.053047  0.000000 -0.002063  0.000000 ) 
 (  0.312165  0.000000  0.053047  0.000000  0.002063  0.000000 ) 
 ( -0.312165  0.000000 -0.053047  0.000000  0.002063  0.000000 ) 
 ( -0.052867  0.000000 -0.059737  0.000000 -0.000699  0.000000 ) 
 (  0.052867  0.000000  0.059737  0.000000 -0.000699  0.000000 ) 
 ( -0.052867  0.000000  0.059737  0.000000  0.000699  0.000000 ) 
 (  0.052867  0.000000 -0.059737  0.000000  0.000699  0.000000 ) 
 ( -0.041590  0.000000  0.112050  0.000000  0.184957  0.000000 ) 
 (  0.041590  0.000000 -0.112050  0.000000  0.184957  0.000000 ) 
 (  0.041590  0.000000  0.112050  0.000000  0.184957  0.000000 ) 
 ( -0.041590  0.000000 -0.112050  0.000000  0.184957  0.000000 ) 
 ( -0.059742  0.000000  0.158713  0.000000  0.252564  0.000000 ) 
 (  0.059742  0.000000 -0.158713  0.000000  0.252564  0.000000 ) 
 ( -0.059742  0.000000 -0.158713  0.000000 -0.252564  0.000000 ) 
 (  0.059742  0.000000  0.158713  0.000000 -0.252564  0.000000 ) 
     freq (   63) =      71.327099 [THz] =    2379.215918 [cm-1]
 ( -0.000086  0.000000  0.000138  0.000000  0.000000  0.000000 ) 
 ( -0.000086  0.000000 -0.000138  0.000000 -0.000000  0.000000 ) 
 ( -0.008991  0.000000  0.001145  0.000000 -0.049786  0.000000 ) 
 ( -0.008991  0.000000  0.001145  0.000000  0.049786  0.000000 ) 
 (  0.008991  0.000000  0.001145  0.000000 -0.049786  0.000000 ) 
 (  0.008991  0.000000  0.001145  0.000000  0.049786  0.000000 ) 
 (  0.080307  0.000000 -0.015359  0.000000 -0.009396  0.000000 ) 
 (  0.080307  0.000000 -0.015359  0.000000  0.009396  0.000000 ) 
 ( -0.080307  0.000000 -0.015359  0.000000 -0.009396  0.000000 ) 
 ( -0.080307  0.000000 -0.015359  0.000000  0.009396  0.000000 ) 
 (  0.017250  0.000000  0.029677  0.000000 -0.011286  0.000000 ) 
 (  0.017250  0.000000  0.029677  0.000000  0.011286  0.000000 ) 
 ( -0.017250  0.000000  0.029677  0.000000 -0.011286  0.000000 ) 
 ( -0.017250  0.000000  0.029677  0.000000  0.011286  0.000000 ) 
 (  0.071368  0.000000 -0.175434  0.000000 -0.262905  0.000000 ) 
 (  0.071368  0.000000 -0.175434  0.000000  0.262905  0.000000 ) 
 (  0.071368  0.000000  0.175434  0.000000  0.262905  0.000000 ) 
 (  0.071368  0.000000  0.175434  0.000000 -0.262905  0.000000 ) 
 (  0.078204  0.000000 -0.197575  0.000000 -0.298696  0.000000 ) 
 (  0.078204  0.000000 -0.197575  0.000000  0.298696  0.000000 ) 
 ( -0.078204  0.000000 -0.197575  0.000000 -0.298696  0.000000 ) 
 ( -0.078204  0.000000 -0.197575  0.000000  0.298696  0.000000 ) 
     freq (   64) =      71.328390 [THz] =    2379.258975 [cm-1]
 ( -0.000089  0.000000  0.000134  0.000000 -0.000000  0.000000 ) 
 (  0.000089  0.000000  0.000134  0.000000  0.000000  0.000000 ) 
 (  0.008956  0.000000 -0.001195  0.000000 -0.049784  0.000000 ) 
 (  0.008956  0.000000 -0.001195  0.000000  0.049784  0.000000 ) 
 (  0.008956  0.000000  0.001195  0.000000  0.049784  0.000000 ) 
 (  0.008956  0.000000  0.001195  0.000000 -0.049784  0.000000 ) 
 ( -0.080338  0.000000  0.015348  0.000000 -0.009361  0.000000 ) 
 ( -0.080338  0.000000  0.015348  0.000000  0.009361  0.000000 ) 
 ( -0.080338  0.000000 -0.015348  0.000000  0.009361  0.000000 ) 
 ( -0.080338  0.000000 -0.015348  0.000000 -0.009361  0.000000 ) 
 ( -0.016811  0.000000 -0.028968  0.000000 -0.011297  0.000000 ) 
 ( -0.016811  0.000000 -0.028968  0.000000  0.011297  0.000000 ) 
 ( -0.016811  0.000000  0.028968  0.000000  0.011297  0.000000 ) 
 ( -0.016811  0.000000  0.028968  0.000000 -0.011297  0.000000 ) 
 (  0.078183  0.000000 -0.197506  0.000000 -0.298643  0.000000 ) 
 (  0.078183  0.000000 -0.197506  0.000000  0.298643  0.000000 ) 
 ( -0.078183  0.000000 -0.197506  0.000000 -0.298643  0.000000 ) 
 ( -0.078183  0.000000 -0.197506  0.000000  0.298643  0.000000 ) 
 (  0.071417  0.000000 -0.175572  0.000000 -0.263018  0.000000 ) 
 (  0.071417  0.000000 -0.175572  0.000000  0.263018  0.000000 ) 
 (  0.071417  0.000000  0.175572  0.000000  0.263018  0.000000 ) 
 (  0.071417  0.000000  0.175572  0.000000 -0.263018  0.000000 ) 
     freq (   65) =      71.497065 [THz] =    2384.885391 [cm-1]
 (  0.000000  0.000000  0.000000  0.000000  0.000166  0.000000 ) 
 ( -0.000000  0.000000 -0.000000  0.000000  0.000166  0.000000 ) 
 (  0.003606  0.000000 -0.004720  0.000000 -0.050001  0.000000 ) 
 ( -0.003606  0.000000  0.004720  0.000000 -0.050001  0.000000 ) 
 (  0.003606  0.000000  0.004720  0.000000  0.050001  0.000000 ) 
 ( -0.003606  0.000000 -0.004720  0.000000  0.050001  0.000000 ) 
 ( -0.031394  0.000000  0.005668  0.000000 -0.008777  0.000000 ) 
 (  0.031394  0.000000 -0.005668  0.000000 -0.008777  0.000000 ) 
 ( -0.031394  0.000000 -0.005668  0.000000  0.008777  0.000000 ) 
 (  0.031394  0.000000  0.005668  0.000000  0.008777  0.000000 ) 
 (  0.006468  0.000000  0.009483  0.000000 -0.008996  0.000000 ) 
 ( -0.006468  0.000000 -0.009483  0.000000 -0.008996  0.000000 ) 
 (  0.006468  0.000000 -0.009483  0.000000  0.008996  0.000000 ) 
 ( -0.006468  0.000000  0.009483  0.000000  0.008996  0.000000 ) 
 (  0.082853  0.000000 -0.206165  0.000000 -0.313680  0.000000 ) 
 ( -0.082853  0.000000  0.206165  0.000000 -0.313680  0.000000 ) 
 ( -0.082853  0.000000 -0.206165  0.000000 -0.313680  0.000000 ) 
 (  0.082853  0.000000  0.206165  0.000000 -0.313680  0.000000 ) 
 ( -0.068484  0.000000  0.169335  0.000000  0.255007  0.000000 ) 
 (  0.068484  0.000000 -0.169335  0.000000  0.255007  0.000000 ) 
 ( -0.068484  0.000000 -0.169335  0.000000 -0.255007  0.000000 ) 
 (  0.068484  0.000000  0.169335  0.000000 -0.255007  0.000000 ) 
     freq (   66) =      71.501676 [THz] =    2385.039182 [cm-1]
 ( -0.000000  0.000000 -0.000000  0.000000  0.000168  0.000000 ) 
 (  0.000000  0.000000  0.000000  0.000000 -0.000168  0.000000 ) 
 (  0.003738  0.000000 -0.004863  0.000000  0.049969  0.000000 ) 
 ( -0.003738  0.000000  0.004863  0.000000  0.049969  0.000000 ) 
 ( -0.003738  0.000000 -0.004863  0.000000  0.049969  0.000000 ) 
 (  0.003738  0.000000  0.004863  0.000000  0.049969  0.000000 ) 
 ( -0.032803  0.000000  0.005928  0.000000  0.008707  0.000000 ) 
 (  0.032803  0.000000 -0.005928  0.000000  0.008707  0.000000 ) 
 (  0.032803  0.000000  0.005928  0.000000  0.008707  0.000000 ) 
 ( -0.032803  0.000000 -0.005928  0.000000  0.008707  0.000000 ) 
 (  0.006943  0.000000  0.010051  0.000000  0.009075  0.000000 ) 
 ( -0.006943  0.000000 -0.010051  0.000000  0.009075  0.000000 ) 
 ( -0.006943  0.000000  0.010051  0.000000  0.009075  0.000000 ) 
 (  0.006943  0.000000 -0.010051  0.000000  0.009075  0.000000 ) 
 ( -0.068332  0.000000  0.168715  0.000000  0.254188  0.000000 ) 
 (  0.068332  0.000000 -0.168715  0.000000  0.254188  0.000000 ) 
 ( -0.068332  0.000000 -0.168715  0.000000 -0.254188  0.000000 ) 
 (  0.068332  0.000000  0.168715  0.000000 -0.254188  0.000000 ) 
 (  0.082836  0.000000 -0.206654  0.000000 -0.314219  0.000000 ) 
 ( -0.082836  0.000000  0.206654  0.000000 -0.314219  0.000000 ) 
 ( -0.082836  0.000000 -0.206654  0.000000 -0.314219  0.000000 ) 
 (  0.082836  0.000000  0.206654  0.000000 -0.314219  0.000000 ) 
 **************************************************************************
