Dynamical matrix file
                                                                           
  3   22   8  13.2391868   1.0017055   0.6599323   0.0000000   0.0000000   0.0000000
           1  'B      '    9853.6237122476850     
           2  'Ba     '    125165.90357338246     
           3  'H      '    918.68111039893927     
    1    2      0.5000000000      0.5008527450      0.3299705772
    2    2      0.0000000000      0.0000000000      0.6599279328
    3    1      0.6246453383      0.2518284268      0.0000043332
    4    1      0.3753546617      0.7498770632      0.0000043332
    5    1      0.1246453383      0.2490243182      0.3299618368
    6    1      0.8753546617      0.7526811718      0.3299618368
    7    3      0.4521950405      0.2869609137     -0.0000113396
    8    3      0.5478049595      0.7147445763     -0.0000113396
    9    3      0.9521950405      0.2138918313      0.3299775096
   10    3      0.0478049595      0.7878136587      0.3299775096
   11    3      0.7167337766      0.4026430768      0.0000042581
   12    3      0.2832662234      0.5990624132      0.0000042581
   13    3      0.2167337766      0.0982096682      0.3299619119
   14    3      0.7832662234      0.9034958218      0.3299619119
   15    3      0.6614430564      0.1603257435      0.5146572476
   16    3      0.3385569436      0.8413797465      0.5146572476
   17    3      0.1614430564      0.3405270015      0.4752412624
   18    3      0.8385569436      0.6611784885      0.4752412624
   19    3      0.3385645361      0.8413787517      0.1452873931
   20    3      0.6614354639      0.1603267383      0.1452873931
   21    3      0.8385645361      0.6611794833      0.1846787769
   22    3      0.1614354639      0.3405260067      0.1846787769

     Dynamical  Matrix in cartesian axes

     q = (   -0.500000000  -0.499148707   0.000000000 ) 

    1    1
  0.07558297   0.00000000    -0.00048817   0.00000000     0.00000000   0.00000000
 -0.00048817   0.00000000     0.08061135   0.00000000     0.00000000   0.00000000
  0.00000000   0.00000000     0.00000000   0.00000000     0.06706893   0.00000000
    1    2
 -0.00000000  -0.00000000    -0.03537301  -0.00000000     0.00000000   0.00000000
 -0.03537301  -0.00000000    -0.00000000  -0.00000000     0.00000000  -0.00000000
  0.00000000   0.00000000     0.00000000   0.00000000     0.00000000   0.00000000
    1    3
  0.00621280  -0.00000000     0.01131897  -0.00000000    -0.00017080   0.00000000
  0.00566082  -0.00000000    -0.01186379   0.00000000     0.00036445  -0.00000000
  0.00029089  -0.00000000    -0.00016541   0.00000000    -0.02584769   0.00000000
    1    4
  0.00621280   0.00000000     0.01131897   0.00000000     0.00017080   0.00000000
  0.00566082   0.00000000    -0.01186379  -0.00000000    -0.00036445  -0.00000000
 -0.00029089  -0.00000000     0.00016541   0.00000000    -0.02584769  -0.00000000
    1    5
 -0.01097317  -0.00000000    -0.00465725  -0.00000000    -0.00034749  -0.00000000
 -0.00860728  -0.00000000    -0.00253863  -0.00000000    -0.00009504  -0.00000000
 -0.00008419  -0.00000000     0.00007088   0.00000000     0.00516234   0.00000000
    1    6
 -0.01097317   0.00000000    -0.00465725   0.00000000     0.00034749  -0.00000000
 -0.00860728   0.00000000    -0.00253863   0.00000000     0.00009504  -0.00000000
  0.00008419  -0.00000000    -0.00007088   0.00000000     0.00516234  -0.00000000
    1    7
 -0.00850629  -0.00000000    -0.00375048  -0.00000000    -0.00002977  -0.00000000
  0.00119628   0.00000000    -0.00555787  -0.00000000    -0.00004353  -0.00000000
  0.00004208   0.00000000    -0.00001762  -0.00000000    -0.00719713  -0.00000000
    1    8
 -0.00850629   0.00000000    -0.00375048   0.00000000     0.00002977  -0.00000000
  0.00119628  -0.00000000    -0.00555787   0.00000000     0.00004353  -0.00000000
 -0.00004208   0.00000000     0.00001762  -0.00000000    -0.00719713   0.00000000
    1    9
 -0.00197493  -0.00000000    -0.00211672  -0.00000000    -0.00009950  -0.00000000
 -0.00690806  -0.00000000     0.00027040   0.00000000     0.00005045   0.00000000
 -0.00005342  -0.00000000    -0.00012826  -0.00000000     0.00202016   0.00000000
    1   10
 -0.00197493  -0.00000000    -0.00211672  -0.00000000     0.00009950   0.00000000
 -0.00690806  -0.00000000     0.00027040   0.00000000    -0.00005045  -0.00000000
  0.00005342   0.00000000     0.00012826   0.00000000     0.00202016   0.00000000
    1   11
 -0.00675533  -0.00000000    -0.00122792  -0.00000000    -0.00006960  -0.00000000
 -0.00496949  -0.00000000    -0.00684235  -0.00000000    -0.00007263  -0.00000000
  0.00030065   0.00000000     0.00010043   0.00000000    -0.00239274  -0.00000000
    1   12
 -0.00675533  -0.00000000    -0.00122792  -0.00000000     0.00006960   0.00000000
 -0.00496949  -0.00000000    -0.00684235  -0.00000000     0.00007263   0.00000000
 -0.00030065  -0.00000000    -0.00010043  -0.00000000    -0.00239274  -0.00000000
    1   13
 -0.00008945  -0.00000000     0.00702733   0.00000000    -0.00005688  -0.00000000
  0.00456876   0.00000000    -0.00075533  -0.00000000     0.00001749   0.00000000
  0.00050087   0.00000000    -0.00036411  -0.00000000    -0.00071567  -0.00000000
    1   14
 -0.00008945   0.00000000     0.00702733  -0.00000000     0.00005688  -0.00000000
  0.00456876  -0.00000000    -0.00075533   0.00000000    -0.00001749   0.00000000
 -0.00050087   0.00000000     0.00036411  -0.00000000    -0.00071567   0.00000000
    1   15
 -0.00300675   0.00000000    -0.00068581   0.00000000    -0.00109673   0.00000000
 -0.00127016   0.00000000    -0.00290342   0.00000000     0.00263912  -0.00000000
  0.00091349  -0.00000000    -0.00031991   0.00000000     0.00238888  -0.00000000
    1   16
 -0.00300675  -0.00000000    -0.00068581  -0.00000000     0.00109673   0.00000000
 -0.00127016  -0.00000000    -0.00290342  -0.00000000    -0.00263912  -0.00000000
 -0.00091349  -0.00000000     0.00031991   0.00000000     0.00238888   0.00000000
    1   17
 -0.00441630  -0.00000000     0.00056961   0.00000000     0.00091451   0.00000000
 -0.00022315  -0.00000000     0.00020886   0.00000000    -0.00026226  -0.00000000
  0.00245781   0.00000000     0.00023141   0.00000000    -0.00320628  -0.00000000
    1   18
 -0.00441630   0.00000000     0.00056961  -0.00000000    -0.00091451   0.00000000
 -0.00022315   0.00000000     0.00020886  -0.00000000     0.00026226  -0.00000000
 -0.00245781   0.00000000    -0.00023141   0.00000000    -0.00320628   0.00000000
    1   19
 -0.00307978  -0.00000000    -0.00068335  -0.00000000    -0.00118408  -0.00000000
 -0.00122283  -0.00000000    -0.00278963  -0.00000000     0.00258387   0.00000000
  0.00118843   0.00000000     0.00003545   0.00000000     0.00234318   0.00000000
    1   20
 -0.00307978  -0.00000000    -0.00068335  -0.00000000     0.00118408   0.00000000
 -0.00122283  -0.00000000    -0.00278963  -0.00000000    -0.00258387  -0.00000000
 -0.00118843  -0.00000000    -0.00003545  -0.00000000     0.00234318   0.00000000
    1   21
 -0.00461620   0.00000000     0.00053964  -0.00000000     0.00086148  -0.00000000
 -0.00025728   0.00000000     0.00025682  -0.00000000    -0.00029881   0.00000000
  0.00197132  -0.00000000     0.00034049  -0.00000000    -0.00295780   0.00000000
    1   22
 -0.00461620  -0.00000000     0.00053964   0.00000000    -0.00086148  -0.00000000
 -0.00025728  -0.00000000     0.00025682   0.00000000     0.00029881   0.00000000
 -0.00197132  -0.00000000    -0.00034049  -0.00000000    -0.00295780  -0.00000000
    2    1
  0.00000000  -0.00000000    -0.03537301   0.00000000     0.00000000  -0.00000000
 -0.03537301   0.00000000     0.00000000  -0.00000000     0.00000000  -0.00000000
  0.00000000  -0.00000000     0.00000000   0.00000000    -0.00000000   0.00000000
    2    2
  0.07558297   0.00000000     0.00048817   0.00000000     0.00000000   0.00000000
  0.00048817   0.00000000     0.08061135   0.00000000     0.00000000   0.00000000
  0.00000000   0.00000000     0.00000000   0.00000000     0.06706893   0.00000000
    2    3
  0.01097317  -0.00000000    -0.00465725   0.00000000    -0.00034749   0.00000000
 -0.00860728   0.00000000     0.00253863  -0.00000000     0.00009504  -0.00000000
 -0.00008419   0.00000000    -0.00007088   0.00000000    -0.00516234   0.00000000
    2    4
  0.01097317  -0.00000000    -0.00465725   0.00000000     0.00034749  -0.00000000
 -0.00860728   0.00000000     0.00253863  -0.00000000    -0.00009504   0.00000000
  0.00008419  -0.00000000     0.00007088  -0.00000000    -0.00516234   0.00000000
    2    5
  0.00621280  -0.00000000    -0.01131897   0.00000000     0.00017080  -0.00000000
 -0.00566082   0.00000000    -0.01186379   0.00000000     0.00036445  -0.00000000
 -0.00029089   0.00000000    -0.00016541   0.00000000    -0.02584769   0.00000000
    2    6
  0.00621280  -0.00000000    -0.01131897   0.00000000    -0.00017080   0.00000000
 -0.00566082   0.00000000    -0.01186379   0.00000000    -0.00036445   0.00000000
  0.00029089  -0.00000000     0.00016541  -0.00000000    -0.02584769   0.00000000
    2    7
 -0.00197493   0.00000000     0.00211672  -0.00000000     0.00009950  -0.00000000
  0.00690806  -0.00000000     0.00027040  -0.00000000     0.00005045  -0.00000000
  0.00005342  -0.00000000    -0.00012826   0.00000000     0.00202016  -0.00000000
    2    8
 -0.00197493   0.00000000     0.00211672  -0.00000000    -0.00009950   0.00000000
  0.00690806  -0.00000000     0.00027040  -0.00000000    -0.00005045   0.00000000
 -0.00005342   0.00000000     0.00012826  -0.00000000     0.00202016  -0.00000000
    2    9
  0.00850629  -0.00000000    -0.00375048   0.00000000    -0.00002977   0.00000000
  0.00119628  -0.00000000     0.00555787  -0.00000000     0.00004353  -0.00000000
  0.00004208  -0.00000000     0.00001762  -0.00000000     0.00719713  -0.00000000
    2   10
  0.00850629  -0.00000000    -0.00375048   0.00000000     0.00002977  -0.00000000
  0.00119628  -0.00000000     0.00555787  -0.00000000    -0.00004353   0.00000000
 -0.00004208   0.00000000    -0.00001762   0.00000000     0.00719713  -0.00000000
    2   11
  0.00008945  -0.00000000     0.00702733  -0.00000000    -0.00005688   0.00000000
  0.00456876  -0.00000000     0.00075533  -0.00000000    -0.00001749   0.00000000
  0.00050087  -0.00000000     0.00036411  -0.00000000     0.00071567  -0.00000000
    2   12
  0.00008945  -0.00000000     0.00702733  -0.00000000     0.00005688  -0.00000000
  0.00456876  -0.00000000     0.00075533  -0.00000000     0.00001749  -0.00000000
 -0.00050087   0.00000000    -0.00036411   0.00000000     0.00071567  -0.00000000
    2   13
 -0.00675533   0.00000000     0.00122792  -0.00000000     0.00006960  -0.00000000
  0.00496949  -0.00000000    -0.00684235   0.00000000    -0.00007263   0.00000000
 -0.00030065   0.00000000     0.00010043  -0.00000000    -0.00239274   0.00000000
    2   14
 -0.00675533   0.00000000     0.00122792  -0.00000000    -0.00006960   0.00000000
  0.00496949  -0.00000000    -0.00684235   0.00000000     0.00007263  -0.00000000
  0.00030065  -0.00000000    -0.00010043   0.00000000    -0.00239274   0.00000000
    2   15
  0.00441630  -0.00000000     0.00056961  -0.00000000     0.00091451  -0.00000000
 -0.00022315   0.00000000    -0.00020886   0.00000000     0.00026226  -0.00000000
  0.00245781  -0.00000000    -0.00023141   0.00000000     0.00320628  -0.00000000
    2   16
  0.00441630  -0.00000000     0.00056961  -0.00000000    -0.00091451   0.00000000
 -0.00022315   0.00000000    -0.00020886   0.00000000    -0.00026226   0.00000000
 -0.00245781   0.00000000     0.00023141  -0.00000000     0.00320628  -0.00000000
    2   17
 -0.00300675   0.00000000     0.00068581  -0.00000000     0.00109673  -0.00000000
  0.00127016  -0.00000000    -0.00290342   0.00000000     0.00263912  -0.00000000
 -0.00091349   0.00000000    -0.00031991   0.00000000     0.00238888  -0.00000000
    2   18
 -0.00300675   0.00000000     0.00068581  -0.00000000    -0.00109673   0.00000000
  0.00127016  -0.00000000    -0.00290342   0.00000000    -0.00263912   0.00000000
  0.00091349  -0.00000000     0.00031991  -0.00000000     0.00238888  -0.00000000
    2   19
  0.00461620  -0.00000000     0.00053964  -0.00000000     0.00086148  -0.00000000
 -0.00025728   0.00000000    -0.00025682   0.00000000     0.00029881  -0.00000000
  0.00197132  -0.00000000    -0.00034049   0.00000000     0.00295780  -0.00000000
    2   20
  0.00461620  -0.00000000     0.00053964  -0.00000000    -0.00086148   0.00000000
 -0.00025728   0.00000000    -0.00025682   0.00000000    -0.00029881   0.00000000
 -0.00197132   0.00000000     0.00034049  -0.00000000     0.00295780  -0.00000000
    2   21
 -0.00307978   0.00000000     0.00068335  -0.00000000     0.00118408  -0.00000000
  0.00122283  -0.00000000    -0.00278963   0.00000000     0.00258387  -0.00000000
 -0.00118843   0.00000000     0.00003545  -0.00000000     0.00234318  -0.00000000
    2   22
 -0.00307978   0.00000000     0.00068335  -0.00000000    -0.00118408   0.00000000
  0.00122283  -0.00000000    -0.00278963   0.00000000    -0.00258387   0.00000000
  0.00118843  -0.00000000    -0.00003545   0.00000000     0.00234318  -0.00000000
    3    1
  0.00621280   0.00000000     0.00566082   0.00000000     0.00029089   0.00000000
  0.01131897   0.00000000    -0.01186379  -0.00000000    -0.00016541  -0.00000000
 -0.00017080  -0.00000000     0.00036445   0.00000000    -0.02584769  -0.00000000
    3    2
  0.01097317   0.00000000    -0.00860728  -0.00000000    -0.00008419  -0.00000000
 -0.00465725  -0.00000000     0.00253863   0.00000000    -0.00007088  -0.00000000
 -0.00034749  -0.00000000     0.00009504   0.00000000    -0.00516234  -0.00000000
    3    3
  0.59474211   0.00000000    -0.01977777   0.00000000     0.00000527   0.00000000
 -0.01977777   0.00000000     0.59721483   0.00000000     0.00012191   0.00000000
  0.00000527   0.00000000     0.00012191   0.00000000     0.64486062   0.00000000
    3    4
  0.00089775   0.00000000     0.00057977   0.00000000     0.00006073   0.00000000
  0.00057977   0.00000000    -0.00069273  -0.00000000    -0.00002188  -0.00000000
 -0.00006073  -0.00000000     0.00002188   0.00000000    -0.00182688  -0.00000000
    3    5
 -0.00000000  -0.00000000    -0.00201484  -0.00000000    -0.00009584  -0.00000000
 -0.00201484  -0.00000000    -0.00000000  -0.00000000    -0.00002493  -0.00000000
 -0.00009584  -0.00000000     0.00002493   0.00000000     0.00000000   0.00000000
    3    6
  0.00000000  -0.00000000     0.00018104  -0.00000000     0.00014174  -0.00000000
  0.00018104  -0.00000000     0.00000000  -0.00000000     0.00012720  -0.00000000
 -0.00014174   0.00000000     0.00012720  -0.00000000    -0.00000000   0.00000000
    3    7
 -0.33180430  -0.00000000     0.05698324   0.00000000    -0.00010650  -0.00000000
  0.05372566   0.00000000    -0.05756500  -0.00000000     0.00002315   0.00000000
 -0.00007138  -0.00000000     0.00003442   0.00000000    -0.04882776  -0.00000000
    3    8
 -0.00153426   0.00000000     0.00074080  -0.00000000    -0.00006072   0.00000000
  0.00047032  -0.00000000    -0.00076104   0.00000000     0.00004418  -0.00000000
  0.00004625  -0.00000000    -0.00002535   0.00000000    -0.00095398   0.00000000
    3    9
 -0.00317429  -0.00000000    -0.00051623  -0.00000000     0.00002068   0.00000000
 -0.00085549  -0.00000000    -0.00026799  -0.00000000     0.00003636   0.00000000
  0.00012969   0.00000000    -0.00000757  -0.00000000    -0.00069511  -0.00000000
    3   10
  0.00037938   0.00000000    -0.00033821  -0.00000000     0.00003514   0.00000000
  0.00009340   0.00000000    -0.00019948  -0.00000000     0.00001757   0.00000000
  0.00002189   0.00000000    -0.00003363  -0.00000000     0.00033649   0.00000000
    3   11
 -0.12876652  -0.00000000    -0.12412257  -0.00000000     0.00006060   0.00000000
 -0.12259634  -0.00000000    -0.25151918  -0.00000000    -0.00005426  -0.00000000
 -0.00008223  -0.00000000    -0.00001779  -0.00000000    -0.05360962  -0.00000000
    3   12
 -0.00026266  -0.00000000     0.00046922   0.00000000     0.00007478   0.00000000
 -0.00048536  -0.00000000    -0.00096102  -0.00000000    -0.00006245  -0.00000000
  0.00007113   0.00000000     0.00000997   0.00000000    -0.00029929  -0.00000000
    3   13
  0.00056571   0.00000000     0.00048909   0.00000000     0.00000030   0.00000000
  0.00057281   0.00000000     0.00088609   0.00000000    -0.00000579  -0.00000000
 -0.00011255  -0.00000000     0.00009443   0.00000000     0.00034681   0.00000000
    3   14
  0.00008068  -0.00000000     0.00043822  -0.00000000    -0.00001122   0.00000000
 -0.00115669   0.00000000     0.00229205  -0.00000000     0.00003897  -0.00000000
  0.00008784  -0.00000000    -0.00002461   0.00000000     0.00050346  -0.00000000
    3   15
 -0.05943625   0.00000000     0.03616412  -0.00000000     0.04896643  -0.00000000
  0.03639945  -0.00000000    -0.13417870   0.00000000    -0.13009880   0.00000000
  0.04933651  -0.00000000    -0.12987663   0.00000000    -0.25670101   0.00000000
    3   16
 -0.00112521  -0.00000000     0.00041822   0.00000000    -0.00031638  -0.00000000
  0.00031136   0.00000000    -0.00054523  -0.00000000    -0.00031071  -0.00000000
 -0.00002318  -0.00000000     0.00017361   0.00000000    -0.00027903  -0.00000000
    3   17
 -0.00021504  -0.00000000     0.00052794   0.00000000    -0.00009711  -0.00000000
  0.00010392   0.00000000     0.00021014   0.00000000     0.00020376   0.00000000
 -0.00019586  -0.00000000    -0.00020793  -0.00000000    -0.00076503  -0.00000000
    3   18
 -0.00059436   0.00000000    -0.00052760   0.00000000     0.00043315  -0.00000000
 -0.00038716   0.00000000    -0.00081232   0.00000000     0.00063541  -0.00000000
 -0.00013277   0.00000000     0.00068027  -0.00000000    -0.00076923   0.00000000
    3   19
 -0.00110320  -0.00000000     0.00055637   0.00000000     0.00024672   0.00000000
  0.00018841   0.00000000    -0.00050345  -0.00000000     0.00023376   0.00000000
 -0.00003954  -0.00000000    -0.00012773  -0.00000000    -0.00012138  -0.00000000
    3   20
 -0.05940738  -0.00000000     0.03599794   0.00000000    -0.04897242  -0.00000000
  0.03643374   0.00000000    -0.13426791  -0.00000000     0.13000914   0.00000000
 -0.04935150  -0.00000000     0.12992171   0.00000000    -0.25668447  -0.00000000
    3   21
 -0.00058547  -0.00000000    -0.00044637  -0.00000000    -0.00046301  -0.00000000
 -0.00043817  -0.00000000    -0.00100260  -0.00000000    -0.00058760  -0.00000000
  0.00009944   0.00000000    -0.00069488  -0.00000000    -0.00085101  -0.00000000
    3   22
 -0.00028550  -0.00000000     0.00045469   0.00000000     0.00005534   0.00000000
  0.00013785   0.00000000     0.00042016   0.00000000    -0.00012137  -0.00000000
  0.00012199   0.00000000     0.00031097   0.00000000    -0.00079429  -0.00000000
    4    1
  0.00621280  -0.00000000     0.00566082  -0.00000000    -0.00029089   0.00000000
  0.01131897  -0.00000000    -0.01186379   0.00000000     0.00016541  -0.00000000
  0.00017080  -0.00000000    -0.00036445   0.00000000    -0.02584769   0.00000000
    4    2
  0.01097317   0.00000000    -0.00860728  -0.00000000     0.00008419   0.00000000
 -0.00465725  -0.00000000     0.00253863   0.00000000     0.00007088   0.00000000
  0.00034749   0.00000000    -0.00009504  -0.00000000    -0.00516234  -0.00000000
    4    3
  0.00089775  -0.00000000     0.00057977  -0.00000000    -0.00006073   0.00000000
  0.00057977  -0.00000000    -0.00069273   0.00000000     0.00002188  -0.00000000
  0.00006073  -0.00000000    -0.00002188   0.00000000    -0.00182688   0.00000000
    4    4
  0.59474211   0.00000000    -0.01977777   0.00000000    -0.00000527   0.00000000
 -0.01977777   0.00000000     0.59721483   0.00000000    -0.00012191   0.00000000
 -0.00000527   0.00000000    -0.00012191   0.00000000     0.64486062   0.00000000
    4    5
  0.00000000   0.00000000     0.00018104   0.00000000    -0.00014174  -0.00000000
  0.00018104   0.00000000     0.00000000   0.00000000    -0.00012720  -0.00000000
  0.00014174   0.00000000    -0.00012720  -0.00000000    -0.00000000  -0.00000000
    4    6
 -0.00000000  -0.00000000    -0.00201484   0.00000000     0.00009584  -0.00000000
 -0.00201484   0.00000000    -0.00000000  -0.00000000     0.00002493  -0.00000000
  0.00009584  -0.00000000    -0.00002493   0.00000000     0.00000000   0.00000000
    4    7
 -0.00153426  -0.00000000     0.00074080   0.00000000     0.00006072   0.00000000
  0.00047032   0.00000000    -0.00076104  -0.00000000    -0.00004418  -0.00000000
 -0.00004625  -0.00000000     0.00002535   0.00000000    -0.00095398  -0.00000000
    4    8
 -0.33180430   0.00000000     0.05698324  -0.00000000     0.00010650  -0.00000000
  0.05372566  -0.00000000    -0.05756500   0.00000000    -0.00002315   0.00000000
  0.00007138  -0.00000000    -0.00003442   0.00000000    -0.04882776   0.00000000
    4    9
  0.00037938   0.00000000    -0.00033821  -0.00000000    -0.00003514  -0.00000000
  0.00009340   0.00000000    -0.00019948  -0.00000000    -0.00001757  -0.00000000
 -0.00002189  -0.00000000     0.00003363   0.00000000     0.00033649   0.00000000
    4   10
 -0.00317429  -0.00000000    -0.00051623  -0.00000000    -0.00002068  -0.00000000
 -0.00085549  -0.00000000    -0.00026799  -0.00000000    -0.00003636  -0.00000000
 -0.00012969  -0.00000000     0.00000757   0.00000000    -0.00069511  -0.00000000
    4   11
 -0.00026266   0.00000000     0.00046922  -0.00000000    -0.00007478   0.00000000
 -0.00048536   0.00000000    -0.00096102   0.00000000     0.00006245  -0.00000000
 -0.00007113   0.00000000    -0.00000997   0.00000000    -0.00029929   0.00000000
    4   12
 -0.12876652  -0.00000000    -0.12412257  -0.00000000    -0.00006060  -0.00000000
 -0.12259634  -0.00000000    -0.25151918  -0.00000000     0.00005426   0.00000000
  0.00008223   0.00000000     0.00001779   0.00000000    -0.05360962  -0.00000000
    4   13
  0.00008068   0.00000000     0.00043822   0.00000000     0.00001122   0.00000000
 -0.00115669  -0.00000000     0.00229205   0.00000000    -0.00003897  -0.00000000
 -0.00008784  -0.00000000     0.00002461   0.00000000     0.00050346   0.00000000
    4   14
  0.00056571  -0.00000000     0.00048909  -0.00000000    -0.00000030   0.00000000
  0.00057281  -0.00000000     0.00088609  -0.00000000     0.00000579  -0.00000000
  0.00011255  -0.00000000    -0.00009443   0.00000000     0.00034681  -0.00000000
    4   15
 -0.00112521   0.00000000     0.00041822  -0.00000000     0.00031638  -0.00000000
  0.00031136  -0.00000000    -0.00054523   0.00000000     0.00031071  -0.00000000
  0.00002318  -0.00000000    -0.00017361   0.00000000    -0.00027903   0.00000000
    4   16
 -0.05943625  -0.00000000     0.03616412   0.00000000    -0.04896643  -0.00000000
  0.03639945   0.00000000    -0.13417870  -0.00000000     0.13009880   0.00000000
 -0.04933651  -0.00000000     0.12987663   0.00000000    -0.25670101  -0.00000000
    4   17
 -0.00059436  -0.00000000    -0.00052760  -0.00000000    -0.00043315  -0.00000000
 -0.00038716  -0.00000000    -0.00081232  -0.00000000    -0.00063541  -0.00000000
  0.00013277   0.00000000    -0.00068027  -0.00000000    -0.00076923  -0.00000000
    4   18
 -0.00021504   0.00000000     0.00052794  -0.00000000     0.00009711  -0.00000000
  0.00010392  -0.00000000     0.00021014  -0.00000000    -0.00020376   0.00000000
  0.00019586  -0.00000000     0.00020793  -0.00000000    -0.00076503   0.00000000
    4   19
 -0.05940738  -0.00000000     0.03599794   0.00000000     0.04897242   0.00000000
  0.03643374   0.00000000    -0.13426791  -0.00000000    -0.13000914  -0.00000000
  0.04935150   0.00000000    -0.12992171  -0.00000000    -0.25668447  -0.00000000
    4   20
 -0.00110320   0.00000000     0.00055637  -0.00000000    -0.00024672   0.00000000
  0.00018841  -0.00000000    -0.00050345   0.00000000    -0.00023376   0.00000000
  0.00003954  -0.00000000     0.00012773  -0.00000000    -0.00012138   0.00000000
    4   21
 -0.00028550   0.00000000     0.00045469  -0.00000000    -0.00005534   0.00000000
  0.00013785  -0.00000000     0.00042016  -0.00000000     0.00012137  -0.00000000
 -0.00012199   0.00000000    -0.00031097   0.00000000    -0.00079429   0.00000000
    4   22
 -0.00058547  -0.00000000    -0.00044637  -0.00000000     0.00046301   0.00000000
 -0.00043817  -0.00000000    -0.00100260  -0.00000000     0.00058760   0.00000000
 -0.00009944  -0.00000000     0.00069488   0.00000000    -0.00085101  -0.00000000
    5    1
 -0.01097317   0.00000000    -0.00860728   0.00000000    -0.00008419   0.00000000
 -0.00465725   0.00000000    -0.00253863   0.00000000     0.00007088  -0.00000000
 -0.00034749   0.00000000    -0.00009504   0.00000000     0.00516234  -0.00000000
    5    2
  0.00621280   0.00000000    -0.00566082  -0.00000000    -0.00029089  -0.00000000
 -0.01131897  -0.00000000    -0.01186379  -0.00000000    -0.00016541  -0.00000000
  0.00017080   0.00000000     0.00036445   0.00000000    -0.02584769  -0.00000000
    5    3
  0.00000000   0.00000000    -0.00201484   0.00000000    -0.00009584   0.00000000
 -0.00201484   0.00000000     0.00000000   0.00000000     0.00002493  -0.00000000
 -0.00009584   0.00000000    -0.00002493   0.00000000    -0.00000000  -0.00000000
    5    4
 -0.00000000  -0.00000000     0.00018104  -0.00000000     0.00014174  -0.00000000
  0.00018104  -0.00000000    -0.00000000  -0.00000000    -0.00012720   0.00000000
 -0.00014174   0.00000000    -0.00012720   0.00000000     0.00000000   0.00000000
    5    5
  0.59474211   0.00000000     0.01977777   0.00000000    -0.00000527   0.00000000
  0.01977777   0.00000000     0.59721483   0.00000000     0.00012191   0.00000000
 -0.00000527   0.00000000     0.00012191   0.00000000     0.64486062   0.00000000
    5    6
  0.00089775  -0.00000000    -0.00057977   0.00000000    -0.00006073   0.00000000
 -0.00057977   0.00000000    -0.00069273   0.00000000    -0.00002188   0.00000000
  0.00006073  -0.00000000     0.00002188  -0.00000000    -0.00182688   0.00000000
    5    7
 -0.00317429   0.00000000     0.00051623  -0.00000000    -0.00002068   0.00000000
  0.00085549  -0.00000000    -0.00026799   0.00000000     0.00003636  -0.00000000
 -0.00012969   0.00000000    -0.00000757   0.00000000    -0.00069511   0.00000000
    5    8
  0.00037938  -0.00000000     0.00033821  -0.00000000    -0.00003514   0.00000000
 -0.00009340   0.00000000    -0.00019948   0.00000000     0.00001757  -0.00000000
 -0.00002189   0.00000000    -0.00003363   0.00000000     0.00033649  -0.00000000
    5    9
  0.33180430  -0.00000000     0.05698324  -0.00000000    -0.00010650   0.00000000
  0.05372566  -0.00000000     0.05756500  -0.00000000    -0.00002315   0.00000000
 -0.00007138   0.00000000    -0.00003442   0.00000000     0.04882776  -0.00000000
    5   10
  0.00153426  -0.00000000     0.00074080  -0.00000000    -0.00006072   0.00000000
  0.00047032  -0.00000000     0.00076104  -0.00000000    -0.00004418   0.00000000
  0.00004625  -0.00000000     0.00002535  -0.00000000     0.00095398  -0.00000000
    5   11
 -0.00056571   0.00000000     0.00048909  -0.00000000     0.00000030  -0.00000000
  0.00057281  -0.00000000    -0.00088609   0.00000000     0.00000579  -0.00000000
 -0.00011255   0.00000000    -0.00009443   0.00000000    -0.00034681   0.00000000
    5   12
 -0.00008068   0.00000000     0.00043822  -0.00000000    -0.00001122   0.00000000
 -0.00115669   0.00000000    -0.00229205   0.00000000    -0.00003897   0.00000000
  0.00008784  -0.00000000     0.00002461  -0.00000000    -0.00050346   0.00000000
    5   13
 -0.12876652   0.00000000     0.12412257  -0.00000000    -0.00006060   0.00000000
  0.12259634  -0.00000000    -0.25151918   0.00000000    -0.00005426   0.00000000
  0.00008223  -0.00000000    -0.00001779   0.00000000    -0.05360962   0.00000000
    5   14
 -0.00026266   0.00000000    -0.00046922   0.00000000    -0.00007478   0.00000000
  0.00048536  -0.00000000    -0.00096102   0.00000000    -0.00006245   0.00000000
 -0.00007113   0.00000000     0.00000997  -0.00000000    -0.00029929   0.00000000
    5   15
  0.00021504  -0.00000000     0.00052794  -0.00000000    -0.00009711   0.00000000
  0.00010392  -0.00000000    -0.00021014   0.00000000    -0.00020376   0.00000000
 -0.00019586   0.00000000     0.00020793  -0.00000000     0.00076503  -0.00000000
    5   16
  0.00059436  -0.00000000    -0.00052760   0.00000000     0.00043315  -0.00000000
 -0.00038716   0.00000000     0.00081232  -0.00000000    -0.00063541   0.00000000
 -0.00013277   0.00000000    -0.00068027   0.00000000     0.00076923  -0.00000000
    5   17
 -0.05943625   0.00000000    -0.03616412   0.00000000    -0.04896643   0.00000000
 -0.03639945   0.00000000    -0.13417870   0.00000000    -0.13009880   0.00000000
 -0.04933651   0.00000000    -0.12987663   0.00000000    -0.25670101   0.00000000
    5   18
 -0.00112521   0.00000000    -0.00041822   0.00000000     0.00031638  -0.00000000
 -0.00031136   0.00000000    -0.00054523   0.00000000    -0.00031071   0.00000000
  0.00002318  -0.00000000     0.00017361  -0.00000000    -0.00027903   0.00000000
    5   19
  0.00058547  -0.00000000    -0.00044637   0.00000000    -0.00046301   0.00000000
 -0.00043817   0.00000000     0.00100260  -0.00000000     0.00058760  -0.00000000
  0.00009944  -0.00000000     0.00069488  -0.00000000     0.00085101  -0.00000000
    5   20
  0.00028550  -0.00000000     0.00045469  -0.00000000     0.00005534  -0.00000000
  0.00013785  -0.00000000    -0.00042016   0.00000000     0.00012137  -0.00000000
  0.00012199  -0.00000000    -0.00031097   0.00000000     0.00079429  -0.00000000
    5   21
 -0.00110320   0.00000000    -0.00055637   0.00000000    -0.00024672   0.00000000
 -0.00018841   0.00000000    -0.00050345   0.00000000     0.00023376  -0.00000000
  0.00003954  -0.00000000    -0.00012773   0.00000000    -0.00012138   0.00000000
    5   22
 -0.05940738   0.00000000    -0.03599794   0.00000000     0.04897242  -0.00000000
 -0.03643374   0.00000000    -0.13426791   0.00000000     0.13000914  -0.00000000
  0.04935150  -0.00000000     0.12992171  -0.00000000    -0.25668447   0.00000000
    6    1
 -0.01097317  -0.00000000    -0.00860728  -0.00000000     0.00008419   0.00000000
 -0.00465725  -0.00000000    -0.00253863  -0.00000000    -0.00007088  -0.00000000
  0.00034749   0.00000000     0.00009504   0.00000000     0.00516234   0.00000000
    6    2
  0.00621280   0.00000000    -0.00566082  -0.00000000     0.00029089   0.00000000
 -0.01131897  -0.00000000    -0.01186379  -0.00000000     0.00016541   0.00000000
 -0.00017080  -0.00000000    -0.00036445  -0.00000000    -0.02584769  -0.00000000
    6    3
 -0.00000000   0.00000000     0.00018104   0.00000000    -0.00014174  -0.00000000
  0.00018104   0.00000000    -0.00000000   0.00000000     0.00012720   0.00000000
  0.00014174   0.00000000     0.00012720   0.00000000     0.00000000  -0.00000000
    6    4
  0.00000000  -0.00000000    -0.00201484  -0.00000000     0.00009584   0.00000000
 -0.00201484  -0.00000000     0.00000000  -0.00000000    -0.00002493  -0.00000000
  0.00009584   0.00000000     0.00002493   0.00000000    -0.00000000   0.00000000
    6    5
  0.00089775   0.00000000    -0.00057977  -0.00000000     0.00006073   0.00000000
 -0.00057977  -0.00000000    -0.00069273  -0.00000000     0.00002188   0.00000000
 -0.00006073  -0.00000000    -0.00002188  -0.00000000    -0.00182688  -0.00000000
    6    6
  0.59474211   0.00000000     0.01977777   0.00000000     0.00000527   0.00000000
  0.01977777   0.00000000     0.59721483   0.00000000    -0.00012191   0.00000000
  0.00000527   0.00000000    -0.00012191   0.00000000     0.64486062   0.00000000
    6    7
  0.00037938   0.00000000     0.00033821   0.00000000     0.00003514   0.00000000
 -0.00009340  -0.00000000    -0.00019948  -0.00000000    -0.00001757  -0.00000000
  0.00002189   0.00000000     0.00003363   0.00000000     0.00033649   0.00000000
    6    8
 -0.00317429  -0.00000000     0.00051623   0.00000000     0.00002068   0.00000000
  0.00085549   0.00000000    -0.00026799  -0.00000000    -0.00003636  -0.00000000
  0.00012969   0.00000000     0.00000757   0.00000000    -0.00069511  -0.00000000
    6    9
  0.00153426   0.00000000     0.00074080   0.00000000     0.00006072   0.00000000
  0.00047032   0.00000000     0.00076104   0.00000000     0.00004418   0.00000000
 -0.00004625  -0.00000000    -0.00002535  -0.00000000     0.00095398   0.00000000
    6   10
  0.33180430   0.00000000     0.05698324   0.00000000     0.00010650   0.00000000
  0.05372566   0.00000000     0.05756500   0.00000000     0.00002315   0.00000000
  0.00007138   0.00000000     0.00003442   0.00000000     0.04882776   0.00000000
    6   11
 -0.00008068  -0.00000000     0.00043822   0.00000000     0.00001122   0.00000000
 -0.00115669  -0.00000000    -0.00229205  -0.00000000     0.00003897   0.00000000
 -0.00008784  -0.00000000    -0.00002461  -0.00000000    -0.00050346  -0.00000000
    6   12
 -0.00056571  -0.00000000     0.00048909   0.00000000    -0.00000030  -0.00000000
  0.00057281   0.00000000    -0.00088609  -0.00000000    -0.00000579  -0.00000000
  0.00011255   0.00000000     0.00009443   0.00000000    -0.00034681  -0.00000000
    6   13
 -0.00026266  -0.00000000    -0.00046922  -0.00000000     0.00007478   0.00000000
  0.00048536   0.00000000    -0.00096102  -0.00000000     0.00006245   0.00000000
  0.00007113   0.00000000    -0.00000997  -0.00000000    -0.00029929  -0.00000000
    6   14
 -0.12876652   0.00000000     0.12412257  -0.00000000     0.00006060  -0.00000000
  0.12259634  -0.00000000    -0.25151918   0.00000000     0.00005426  -0.00000000
 -0.00008223   0.00000000     0.00001779  -0.00000000    -0.05360962   0.00000000
    6   15
  0.00059436   0.00000000    -0.00052760  -0.00000000    -0.00043315  -0.00000000
 -0.00038716  -0.00000000     0.00081232   0.00000000     0.00063541   0.00000000
  0.00013277   0.00000000     0.00068027   0.00000000     0.00076923   0.00000000
    6   16
  0.00021504   0.00000000     0.00052794   0.00000000     0.00009711   0.00000000
  0.00010392   0.00000000    -0.00021014  -0.00000000     0.00020376   0.00000000
  0.00019586   0.00000000    -0.00020793  -0.00000000     0.00076503   0.00000000
    6   17
 -0.00112521  -0.00000000    -0.00041822  -0.00000000    -0.00031638  -0.00000000
 -0.00031136  -0.00000000    -0.00054523  -0.00000000     0.00031071   0.00000000
 -0.00002318  -0.00000000    -0.00017361  -0.00000000    -0.00027903  -0.00000000
    6   18
 -0.05943625   0.00000000    -0.03616412   0.00000000     0.04896643  -0.00000000
 -0.03639945   0.00000000    -0.13417870   0.00000000     0.13009880  -0.00000000
  0.04933651  -0.00000000     0.12987663  -0.00000000    -0.25670101   0.00000000
    6   19
  0.00028550   0.00000000     0.00045469   0.00000000    -0.00005534  -0.00000000
  0.00013785   0.00000000    -0.00042016  -0.00000000    -0.00012137  -0.00000000
 -0.00012199  -0.00000000     0.00031097   0.00000000     0.00079429   0.00000000
    6   20
  0.00058547   0.00000000    -0.00044637  -0.00000000     0.00046301   0.00000000
 -0.00043817  -0.00000000     0.00100260   0.00000000    -0.00058760  -0.00000000
 -0.00009944  -0.00000000    -0.00069488  -0.00000000     0.00085101   0.00000000
    6   21
 -0.05940738  -0.00000000    -0.03599794  -0.00000000    -0.04897242  -0.00000000
 -0.03643374  -0.00000000    -0.13426791  -0.00000000    -0.13000914  -0.00000000
 -0.04935150  -0.00000000    -0.12992171  -0.00000000    -0.25668447  -0.00000000
    6   22
 -0.00110320  -0.00000000    -0.00055637  -0.00000000     0.00024672   0.00000000
 -0.00018841  -0.00000000    -0.00050345  -0.00000000    -0.00023376  -0.00000000
 -0.00003954  -0.00000000     0.00012773   0.00000000    -0.00012138  -0.00000000
    7    1
 -0.00850629   0.00000000     0.00119628  -0.00000000     0.00004208  -0.00000000
 -0.00375048   0.00000000    -0.00555787   0.00000000    -0.00001762   0.00000000
 -0.00002977   0.00000000    -0.00004353   0.00000000    -0.00719713   0.00000000
    7    2
 -0.00197493  -0.00000000     0.00690806   0.00000000     0.00005342   0.00000000
  0.00211672   0.00000000     0.00027040   0.00000000    -0.00012826  -0.00000000
  0.00009950   0.00000000     0.00005045   0.00000000     0.00202016   0.00000000
    7    3
 -0.33180430   0.00000000     0.05372566  -0.00000000    -0.00007138   0.00000000
  0.05698324  -0.00000000    -0.05756500   0.00000000     0.00003442  -0.00000000
 -0.00010650   0.00000000     0.00002315  -0.00000000    -0.04882776   0.00000000
    7    4
 -0.00153426   0.00000000     0.00047032  -0.00000000    -0.00004625   0.00000000
  0.00074080  -0.00000000    -0.00076104   0.00000000     0.00002535  -0.00000000
  0.00006072  -0.00000000    -0.00004418   0.00000000    -0.00095398   0.00000000
    7    5
 -0.00317429  -0.00000000     0.00085549   0.00000000    -0.00012969  -0.00000000
  0.00051623   0.00000000    -0.00026799  -0.00000000    -0.00000757  -0.00000000
 -0.00002068  -0.00000000     0.00003636   0.00000000    -0.00069511  -0.00000000
    7    6
  0.00037938  -0.00000000    -0.00009340   0.00000000     0.00002189  -0.00000000
  0.00033821  -0.00000000    -0.00019948   0.00000000     0.00003363  -0.00000000
  0.00003514  -0.00000000    -0.00001757   0.00000000     0.00033649  -0.00000000
    7    7
  0.37574097   0.00000000    -0.06249228   0.00000000    -0.00000012   0.00000000
 -0.06249228   0.00000000     0.06994494   0.00000000     0.00000723   0.00000000
 -0.00000012   0.00000000     0.00000723   0.00000000     0.06298707   0.00000000
    7    8
 -0.00067267   0.00000000     0.00060854  -0.00000000    -0.00003660   0.00000000
  0.00060854  -0.00000000    -0.00027041   0.00000000     0.00003685  -0.00000000
  0.00003660  -0.00000000    -0.00003685   0.00000000    -0.00021565   0.00000000
    7    9
 -0.00000000   0.00000000     0.00037978   0.00000000     0.00012101   0.00000000
  0.00037978   0.00000000    -0.00000000  -0.00000000    -0.00001790  -0.00000000
  0.00012101   0.00000000     0.00001790   0.00000000     0.00000000  -0.00000000
    7   10
  0.00000000  -0.00000000     0.00031153   0.00000000     0.00009526   0.00000000
  0.00031153   0.00000000     0.00000000  -0.00000000    -0.00003170  -0.00000000
 -0.00009526  -0.00000000    -0.00003170  -0.00000000    -0.00000000   0.00000000
    7   11
 -0.01897453   0.00000000     0.00317611  -0.00000000     0.00008245  -0.00000000
 -0.03037778   0.00000000     0.00616020  -0.00000000    -0.00004583   0.00000000
 -0.00002139   0.00000000     0.00001641  -0.00000000    -0.00248725   0.00000000
    7   12
  0.00029999   0.00000000     0.00192242   0.00000000     0.00005103   0.00000000
  0.00074464   0.00000000    -0.00128480  -0.00000000    -0.00003501  -0.00000000
  0.00000704   0.00000000    -0.00005073  -0.00000000    -0.00004232  -0.00000000
    7   13
  0.00029157   0.00000000    -0.00037190  -0.00000000     0.00011780   0.00000000
  0.00004008   0.00000000    -0.00028888  -0.00000000    -0.00004281  -0.00000000
 -0.00002031  -0.00000000    -0.00002220  -0.00000000     0.00030863   0.00000000
    7   14
  0.00062797  -0.00000000    -0.00111935   0.00000000     0.00012811  -0.00000000
 -0.00054493   0.00000000    -0.00005144   0.00000000    -0.00003307   0.00000000
  0.00002417  -0.00000000     0.00003321  -0.00000000    -0.00029865   0.00000000
    7   15
 -0.00645849   0.00000000     0.00069805  -0.00000000     0.00070591  -0.00000000
  0.01941624  -0.00000000    -0.00430881   0.00000000     0.00059039  -0.00000000
  0.02973562  -0.00000000    -0.00550406   0.00000000     0.00023512  -0.00000000
    7   16
 -0.00028339  -0.00000000     0.00102480   0.00000000    -0.00006261  -0.00000000
  0.00032023   0.00000000    -0.00038855  -0.00000000     0.00001134   0.00000000
 -0.00016307  -0.00000000     0.00016434   0.00000000     0.00010044   0.00000000
    7   17
 -0.00088495  -0.00000000    -0.00023092  -0.00000000    -0.00032924  -0.00000000
 -0.00012493  -0.00000000    -0.00000029  -0.00000000    -0.00010190  -0.00000000
 -0.00006907  -0.00000000     0.00039559   0.00000000    -0.00001986  -0.00000000
    7   18
  0.00004881  -0.00000000    -0.00049335   0.00000000     0.00015345  -0.00000000
 -0.00025822   0.00000000    -0.00007268   0.00000000     0.00007455  -0.00000000
  0.00010667  -0.00000000    -0.00006398   0.00000000    -0.00001444   0.00000000
    7   19
 -0.00021225  -0.00000000     0.00078665   0.00000000     0.00021517   0.00000000
  0.00027928   0.00000000    -0.00030889  -0.00000000    -0.00005782  -0.00000000
  0.00011738   0.00000000    -0.00013423  -0.00000000     0.00016614   0.00000000
    7   20
 -0.00659854   0.00000000     0.00089763  -0.00000000    -0.00053518   0.00000000
  0.01946075  -0.00000000    -0.00440019   0.00000000    -0.00064238   0.00000000
 -0.02972387   0.00000000     0.00547955  -0.00000000     0.00024893  -0.00000000
    7   21
  0.00014725  -0.00000000    -0.00038508   0.00000000    -0.00019886   0.00000000
 -0.00028732   0.00000000    -0.00013189   0.00000000    -0.00005730   0.00000000
 -0.00007410   0.00000000    -0.00003201   0.00000000    -0.00014631   0.00000000
    7   22
 -0.00095909  -0.00000000    -0.00039190  -0.00000000     0.00030449   0.00000000
 -0.00010281  -0.00000000     0.00006825   0.00000000     0.00012401   0.00000000
  0.00002458   0.00000000    -0.00031578  -0.00000000    -0.00012714  -0.00000000
    8    1
 -0.00850629  -0.00000000     0.00119628   0.00000000    -0.00004208  -0.00000000
 -0.00375048  -0.00000000    -0.00555787  -0.00000000     0.00001762   0.00000000
  0.00002977   0.00000000     0.00004353   0.00000000    -0.00719713  -0.00000000
    8    2
 -0.00197493  -0.00000000     0.00690806   0.00000000    -0.00005342  -0.00000000
  0.00211672   0.00000000     0.00027040   0.00000000     0.00012826   0.00000000
 -0.00009950  -0.00000000    -0.00005045  -0.00000000     0.00202016   0.00000000
    8    3
 -0.00153426  -0.00000000     0.00047032   0.00000000     0.00004625   0.00000000
  0.00074080   0.00000000    -0.00076104  -0.00000000    -0.00002535  -0.00000000
 -0.00006072  -0.00000000     0.00004418   0.00000000    -0.00095398  -0.00000000
    8    4
 -0.33180430  -0.00000000     0.05372566   0.00000000     0.00007138   0.00000000
  0.05698324   0.00000000    -0.05756500  -0.00000000    -0.00003442  -0.00000000
  0.00010650   0.00000000    -0.00002315  -0.00000000    -0.04882776  -0.00000000
    8    5
  0.00037938   0.00000000    -0.00009340  -0.00000000    -0.00002189  -0.00000000
  0.00033821   0.00000000    -0.00019948  -0.00000000    -0.00003363  -0.00000000
 -0.00003514  -0.00000000     0.00001757   0.00000000     0.00033649   0.00000000
    8    6
 -0.00317429   0.00000000     0.00085549  -0.00000000     0.00012969  -0.00000000
  0.00051623  -0.00000000    -0.00026799   0.00000000     0.00000757  -0.00000000
  0.00002068  -0.00000000    -0.00003636   0.00000000    -0.00069511   0.00000000
    8    7
 -0.00067267  -0.00000000     0.00060854   0.00000000     0.00003660   0.00000000
  0.00060854   0.00000000    -0.00027041  -0.00000000    -0.00003685  -0.00000000
 -0.00003660  -0.00000000     0.00003685   0.00000000    -0.00021565  -0.00000000
    8    8
  0.37574097   0.00000000    -0.06249228   0.00000000     0.00000012   0.00000000
 -0.06249228   0.00000000     0.06994494   0.00000000    -0.00000723   0.00000000
  0.00000012   0.00000000    -0.00000723   0.00000000     0.06298707   0.00000000
    8    9
  0.00000000   0.00000000     0.00031153   0.00000000    -0.00009526  -0.00000000
  0.00031153   0.00000000     0.00000000   0.00000000     0.00003170   0.00000000
  0.00009526   0.00000000     0.00003170   0.00000000    -0.00000000  -0.00000000
    8   10
 -0.00000000  -0.00000000     0.00037978   0.00000000    -0.00012101  -0.00000000
  0.00037978   0.00000000    -0.00000000  -0.00000000     0.00001790   0.00000000
 -0.00012101  -0.00000000    -0.00001790  -0.00000000     0.00000000   0.00000000
    8   11
  0.00029999   0.00000000     0.00192242   0.00000000    -0.00005103  -0.00000000
  0.00074464   0.00000000    -0.00128480  -0.00000000     0.00003501   0.00000000
 -0.00000704  -0.00000000     0.00005073   0.00000000    -0.00004232  -0.00000000
    8   12
 -0.01897453  -0.00000000     0.00317611   0.00000000    -0.00008245  -0.00000000
 -0.03037778  -0.00000000     0.00616020   0.00000000     0.00004583   0.00000000
  0.00002139   0.00000000    -0.00001641  -0.00000000    -0.00248725  -0.00000000
    8   13
  0.00062797   0.00000000    -0.00111935  -0.00000000    -0.00012811  -0.00000000
 -0.00054493  -0.00000000    -0.00005144  -0.00000000     0.00003307   0.00000000
 -0.00002417  -0.00000000    -0.00003321  -0.00000000    -0.00029865  -0.00000000
    8   14
  0.00029157  -0.00000000    -0.00037190   0.00000000    -0.00011780   0.00000000
  0.00004008  -0.00000000    -0.00028888   0.00000000     0.00004281  -0.00000000
  0.00002031  -0.00000000     0.00002220  -0.00000000     0.00030863  -0.00000000
    8   15
 -0.00028339  -0.00000000     0.00102480   0.00000000     0.00006261   0.00000000
  0.00032023   0.00000000    -0.00038855  -0.00000000    -0.00001134  -0.00000000
  0.00016307   0.00000000    -0.00016434  -0.00000000     0.00010044   0.00000000
    8   16
 -0.00645849  -0.00000000     0.00069805   0.00000000    -0.00070591  -0.00000000
  0.01941624   0.00000000    -0.00430881  -0.00000000    -0.00059039  -0.00000000
 -0.02973562  -0.00000000     0.00550406   0.00000000     0.00023512   0.00000000
    8   17
  0.00004881   0.00000000    -0.00049335  -0.00000000    -0.00015345  -0.00000000
 -0.00025822  -0.00000000    -0.00007268  -0.00000000    -0.00007455  -0.00000000
 -0.00010667  -0.00000000     0.00006398   0.00000000    -0.00001444  -0.00000000
    8   18
 -0.00088495   0.00000000    -0.00023092   0.00000000     0.00032924  -0.00000000
 -0.00012493   0.00000000    -0.00000029   0.00000000     0.00010190  -0.00000000
  0.00006907  -0.00000000    -0.00039559   0.00000000    -0.00001986   0.00000000
    8   19
 -0.00659854  -0.00000000     0.00089763   0.00000000     0.00053518   0.00000000
  0.01946075   0.00000000    -0.00440019  -0.00000000     0.00064238   0.00000000
  0.02972387   0.00000000    -0.00547955  -0.00000000     0.00024893   0.00000000
    8   20
 -0.00021225  -0.00000000     0.00078665   0.00000000    -0.00021517  -0.00000000
  0.00027928   0.00000000    -0.00030889  -0.00000000     0.00005782   0.00000000
 -0.00011738  -0.00000000     0.00013423   0.00000000     0.00016614   0.00000000
    8   21
 -0.00095909  -0.00000000    -0.00039190  -0.00000000    -0.00030449  -0.00000000
 -0.00010281  -0.00000000     0.00006825   0.00000000    -0.00012401  -0.00000000
 -0.00002458  -0.00000000     0.00031578   0.00000000    -0.00012714  -0.00000000
    8   22
  0.00014725   0.00000000    -0.00038508  -0.00000000     0.00019886   0.00000000
 -0.00028732  -0.00000000    -0.00013189  -0.00000000     0.00005730   0.00000000
  0.00007410   0.00000000     0.00003201   0.00000000    -0.00014631  -0.00000000
    9    1
 -0.00197493   0.00000000    -0.00690806   0.00000000    -0.00005342   0.00000000
 -0.00211672   0.00000000     0.00027040  -0.00000000    -0.00012826   0.00000000
 -0.00009950   0.00000000     0.00005045  -0.00000000     0.00202016  -0.00000000
    9    2
  0.00850629   0.00000000     0.00119628   0.00000000     0.00004208   0.00000000
 -0.00375048  -0.00000000     0.00555787   0.00000000     0.00001762   0.00000000
 -0.00002977  -0.00000000     0.00004353   0.00000000     0.00719713   0.00000000
    9    3
 -0.00317429   0.00000000    -0.00085549   0.00000000     0.00012969  -0.00000000
 -0.00051623   0.00000000    -0.00026799   0.00000000    -0.00000757   0.00000000
  0.00002068  -0.00000000     0.00003636  -0.00000000    -0.00069511   0.00000000
    9    4
  0.00037938  -0.00000000     0.00009340  -0.00000000    -0.00002189   0.00000000
 -0.00033821   0.00000000    -0.00019948   0.00000000     0.00003363  -0.00000000
 -0.00003514   0.00000000    -0.00001757   0.00000000     0.00033649  -0.00000000
    9    5
  0.33180430   0.00000000     0.05372566   0.00000000    -0.00007138  -0.00000000
  0.05698324   0.00000000     0.05756500   0.00000000    -0.00003442  -0.00000000
 -0.00010650  -0.00000000    -0.00002315  -0.00000000     0.04882776   0.00000000
    9    6
  0.00153426  -0.00000000     0.00047032  -0.00000000    -0.00004625   0.00000000
  0.00074080  -0.00000000     0.00076104  -0.00000000    -0.00002535   0.00000000
  0.00006072  -0.00000000     0.00004418  -0.00000000     0.00095398  -0.00000000
    9    7
  0.00000000  -0.00000000     0.00037978  -0.00000000     0.00012101  -0.00000000
  0.00037978  -0.00000000     0.00000000  -0.00000000     0.00001790  -0.00000000
  0.00012101  -0.00000000    -0.00001790   0.00000000    -0.00000000   0.00000000
    9    8
 -0.00000000  -0.00000000     0.00031153  -0.00000000     0.00009526  -0.00000000
  0.00031153  -0.00000000    -0.00000000  -0.00000000     0.00003170  -0.00000000
 -0.00009526   0.00000000     0.00003170  -0.00000000     0.00000000   0.00000000
    9    9
  0.37574097   0.00000000     0.06249228   0.00000000     0.00000012   0.00000000
  0.06249228   0.00000000     0.06994494   0.00000000     0.00000723   0.00000000
  0.00000012   0.00000000     0.00000723   0.00000000     0.06298707   0.00000000
    9   10
 -0.00067267  -0.00000000    -0.00060854  -0.00000000     0.00003660   0.00000000
 -0.00060854  -0.00000000    -0.00027041  -0.00000000     0.00003685   0.00000000
 -0.00003660  -0.00000000    -0.00003685  -0.00000000    -0.00021565  -0.00000000
    9   11
  0.00029157  -0.00000000     0.00037190  -0.00000000    -0.00011780   0.00000000
 -0.00004008   0.00000000    -0.00028888   0.00000000    -0.00004281   0.00000000
  0.00002031  -0.00000000    -0.00002220   0.00000000     0.00030863  -0.00000000
    9   12
  0.00062797  -0.00000000     0.00111935  -0.00000000    -0.00012811   0.00000000
  0.00054493  -0.00000000    -0.00005144   0.00000000    -0.00003307   0.00000000
 -0.00002417   0.00000000     0.00003321  -0.00000000    -0.00029865   0.00000000
    9   13
  0.01897453  -0.00000000     0.00317611  -0.00000000     0.00008245  -0.00000000
 -0.03037778   0.00000000    -0.00616020   0.00000000     0.00004583  -0.00000000
 -0.00002139   0.00000000    -0.00001641   0.00000000     0.00248725  -0.00000000
    9   14
 -0.00029999   0.00000000     0.00192242  -0.00000000     0.00005103  -0.00000000
  0.00074464  -0.00000000     0.00128480  -0.00000000     0.00003501  -0.00000000
  0.00000704  -0.00000000     0.00005073  -0.00000000     0.00004232  -0.00000000
    9   15
 -0.00088495   0.00000000     0.00023092  -0.00000000     0.00032924  -0.00000000
  0.00012493  -0.00000000    -0.00000029   0.00000000    -0.00010190   0.00000000
  0.00006907  -0.00000000     0.00039559  -0.00000000    -0.00001986   0.00000000
    9   16
  0.00004881  -0.00000000     0.00049335  -0.00000000    -0.00015345   0.00000000
  0.00025822  -0.00000000    -0.00007268   0.00000000     0.00007455  -0.00000000
 -0.00010667   0.00000000    -0.00006398   0.00000000    -0.00001444   0.00000000
    9   17
  0.00645849   0.00000000     0.00069805   0.00000000     0.00070591   0.00000000
  0.01941624   0.00000000     0.00430881   0.00000000    -0.00059039  -0.00000000
  0.02973562   0.00000000     0.00550406   0.00000000    -0.00023512  -0.00000000
    9   18
  0.00028339  -0.00000000     0.00102480  -0.00000000    -0.00006261   0.00000000
  0.00032023  -0.00000000     0.00038855  -0.00000000    -0.00001134   0.00000000
 -0.00016307   0.00000000    -0.00016434   0.00000000    -0.00010044   0.00000000
    9   19
  0.00014725  -0.00000000     0.00038508  -0.00000000     0.00019886  -0.00000000
  0.00028732  -0.00000000    -0.00013189   0.00000000    -0.00005730   0.00000000
  0.00007410  -0.00000000    -0.00003201   0.00000000    -0.00014631   0.00000000
    9   20
 -0.00095909   0.00000000     0.00039190  -0.00000000    -0.00030449   0.00000000
  0.00010281  -0.00000000     0.00006825  -0.00000000     0.00012401  -0.00000000
 -0.00002458   0.00000000    -0.00031578   0.00000000    -0.00012714   0.00000000
    9   21
  0.00021225  -0.00000000     0.00078665  -0.00000000     0.00021517  -0.00000000
  0.00027928  -0.00000000     0.00030889  -0.00000000     0.00005782  -0.00000000
  0.00011738  -0.00000000     0.00013423  -0.00000000    -0.00016614   0.00000000
    9   22
  0.00659854   0.00000000     0.00089763   0.00000000    -0.00053518  -0.00000000
  0.01946075   0.00000000     0.00440019   0.00000000     0.00064238   0.00000000
 -0.02972387  -0.00000000    -0.00547955  -0.00000000    -0.00024893  -0.00000000
   10    1
 -0.00197493   0.00000000    -0.00690806   0.00000000     0.00005342  -0.00000000
 -0.00211672   0.00000000     0.00027040  -0.00000000     0.00012826  -0.00000000
  0.00009950  -0.00000000    -0.00005045   0.00000000     0.00202016  -0.00000000
   10    2
  0.00850629   0.00000000     0.00119628   0.00000000    -0.00004208  -0.00000000
 -0.00375048  -0.00000000     0.00555787   0.00000000    -0.00001762  -0.00000000
  0.00002977   0.00000000    -0.00004353  -0.00000000     0.00719713   0.00000000
   10    3
  0.00037938  -0.00000000     0.00009340  -0.00000000     0.00002189  -0.00000000
 -0.00033821   0.00000000    -0.00019948   0.00000000    -0.00003363   0.00000000
  0.00003514  -0.00000000     0.00001757  -0.00000000     0.00033649  -0.00000000
   10    4
 -0.00317429   0.00000000    -0.00085549   0.00000000    -0.00012969   0.00000000
 -0.00051623   0.00000000    -0.00026799   0.00000000     0.00000757  -0.00000000
 -0.00002068   0.00000000    -0.00003636   0.00000000    -0.00069511   0.00000000
   10    5
  0.00153426   0.00000000     0.00047032   0.00000000     0.00004625   0.00000000
  0.00074080   0.00000000     0.00076104   0.00000000     0.00002535   0.00000000
 -0.00006072  -0.00000000    -0.00004418  -0.00000000     0.00095398   0.00000000
   10    6
  0.33180430  -0.00000000     0.05372566  -0.00000000     0.00007138  -0.00000000
  0.05698324  -0.00000000     0.05756500  -0.00000000     0.00003442  -0.00000000
  0.00010650  -0.00000000     0.00002315  -0.00000000     0.04882776  -0.00000000
   10    7
 -0.00000000   0.00000000     0.00031153  -0.00000000    -0.00009526   0.00000000
  0.00031153  -0.00000000    -0.00000000   0.00000000    -0.00003170   0.00000000
  0.00009526  -0.00000000    -0.00003170   0.00000000     0.00000000  -0.00000000
   10    8
  0.00000000   0.00000000     0.00037978  -0.00000000    -0.00012101   0.00000000
  0.00037978  -0.00000000     0.00000000  -0.00000000    -0.00001790   0.00000000
 -0.00012101   0.00000000     0.00001790  -0.00000000    -0.00000000  -0.00000000
   10    9
 -0.00067267   0.00000000    -0.00060854   0.00000000    -0.00003660   0.00000000
 -0.00060854   0.00000000    -0.00027041   0.00000000    -0.00003685   0.00000000
  0.00003660  -0.00000000     0.00003685  -0.00000000    -0.00021565   0.00000000
   10   10
  0.37574097   0.00000000     0.06249228   0.00000000    -0.00000012   0.00000000
  0.06249228   0.00000000     0.06994494   0.00000000    -0.00000723   0.00000000
 -0.00000012   0.00000000    -0.00000723   0.00000000     0.06298707   0.00000000
   10   11
  0.00062797  -0.00000000     0.00111935  -0.00000000     0.00012811  -0.00000000
  0.00054493  -0.00000000    -0.00005144   0.00000000     0.00003307  -0.00000000
  0.00002417  -0.00000000    -0.00003321   0.00000000    -0.00029865   0.00000000
   10   12
  0.00029157  -0.00000000     0.00037190  -0.00000000     0.00011780  -0.00000000
 -0.00004008   0.00000000    -0.00028888   0.00000000     0.00004281  -0.00000000
 -0.00002031   0.00000000     0.00002220  -0.00000000     0.00030863  -0.00000000
   10   13
 -0.00029999   0.00000000     0.00192242  -0.00000000    -0.00005103   0.00000000
  0.00074464  -0.00000000     0.00128480  -0.00000000    -0.00003501   0.00000000
 -0.00000704   0.00000000    -0.00005073   0.00000000     0.00004232  -0.00000000
   10   14
  0.01897453  -0.00000000     0.00317611  -0.00000000    -0.00008245   0.00000000
 -0.03037778   0.00000000    -0.00616020   0.00000000    -0.00004583   0.00000000
  0.00002139  -0.00000000     0.00001641  -0.00000000     0.00248725  -0.00000000
   10   15
  0.00004881  -0.00000000     0.00049335  -0.00000000     0.00015345  -0.00000000
  0.00025822  -0.00000000    -0.00007268   0.00000000    -0.00007455   0.00000000
  0.00010667  -0.00000000     0.00006398  -0.00000000    -0.00001444   0.00000000
   10   16
 -0.00088495   0.00000000     0.00023092  -0.00000000    -0.00032924   0.00000000
  0.00012493  -0.00000000    -0.00000029   0.00000000     0.00010190  -0.00000000
 -0.00006907   0.00000000    -0.00039559   0.00000000    -0.00001986   0.00000000
   10   17
  0.00028339  -0.00000000     0.00102480  -0.00000000     0.00006261  -0.00000000
  0.00032023  -0.00000000     0.00038855  -0.00000000     0.00001134  -0.00000000
  0.00016307  -0.00000000     0.00016434  -0.00000000    -0.00010044   0.00000000
   10   18
  0.00645849  -0.00000000     0.00069805  -0.00000000    -0.00070591   0.00000000
  0.01941624  -0.00000000     0.00430881  -0.00000000     0.00059039  -0.00000000
 -0.02973562   0.00000000    -0.00550406   0.00000000    -0.00023512   0.00000000
   10   19
 -0.00095909   0.00000000     0.00039190  -0.00000000     0.00030449  -0.00000000
  0.00010281  -0.00000000     0.00006825  -0.00000000    -0.00012401   0.00000000
  0.00002458  -0.00000000     0.00031578  -0.00000000    -0.00012714   0.00000000
   10   20
  0.00014725  -0.00000000     0.00038508  -0.00000000    -0.00019886   0.00000000
  0.00028732  -0.00000000    -0.00013189   0.00000000     0.00005730  -0.00000000
 -0.00007410   0.00000000     0.00003201  -0.00000000    -0.00014631   0.00000000
   10   21
  0.00659854  -0.00000000     0.00089763  -0.00000000     0.00053518  -0.00000000
  0.01946075  -0.00000000     0.00440019  -0.00000000    -0.00064238   0.00000000
  0.02972387  -0.00000000     0.00547955  -0.00000000    -0.00024893   0.00000000
   10   22
  0.00021225  -0.00000000     0.00078665  -0.00000000    -0.00021517   0.00000000
  0.00027928  -0.00000000     0.00030889  -0.00000000    -0.00005782   0.00000000
 -0.00011738   0.00000000    -0.00013423   0.00000000    -0.00016614   0.00000000
   11    1
 -0.00675533   0.00000000    -0.00496949   0.00000000     0.00030065  -0.00000000
 -0.00122792   0.00000000    -0.00684235   0.00000000     0.00010043  -0.00000000
 -0.00006960   0.00000000    -0.00007263   0.00000000    -0.00239274   0.00000000
   11    2
  0.00008945   0.00000000     0.00456876   0.00000000     0.00050087   0.00000000
  0.00702733   0.00000000     0.00075533   0.00000000     0.00036411   0.00000000
 -0.00005688  -0.00000000    -0.00001749  -0.00000000     0.00071567   0.00000000
   11    3
 -0.12876652   0.00000000    -0.12259634   0.00000000    -0.00008223   0.00000000
 -0.12412257   0.00000000    -0.25151918   0.00000000    -0.00001779   0.00000000
  0.00006060  -0.00000000    -0.00005426   0.00000000    -0.05360962   0.00000000
   11    4
 -0.00026266  -0.00000000    -0.00048536  -0.00000000    -0.00007113  -0.00000000
  0.00046922   0.00000000    -0.00096102  -0.00000000    -0.00000997  -0.00000000
 -0.00007478  -0.00000000     0.00006245   0.00000000    -0.00029929  -0.00000000
   11    5
 -0.00056571  -0.00000000     0.00057281   0.00000000    -0.00011255  -0.00000000
  0.00048909   0.00000000    -0.00088609  -0.00000000    -0.00009443  -0.00000000
  0.00000030   0.00000000     0.00000579   0.00000000    -0.00034681  -0.00000000
   11    6
 -0.00008068   0.00000000    -0.00115669   0.00000000    -0.00008784   0.00000000
  0.00043822  -0.00000000    -0.00229205   0.00000000    -0.00002461   0.00000000
  0.00001122  -0.00000000     0.00003897  -0.00000000    -0.00050346   0.00000000
   11    7
 -0.01897453  -0.00000000    -0.03037778  -0.00000000    -0.00002139  -0.00000000
  0.00317611   0.00000000     0.00616020   0.00000000     0.00001641   0.00000000
  0.00008245   0.00000000    -0.00004583  -0.00000000    -0.00248725  -0.00000000
   11    8
  0.00029999  -0.00000000     0.00074464  -0.00000000    -0.00000704   0.00000000
  0.00192242  -0.00000000    -0.00128480   0.00000000     0.00005073  -0.00000000
 -0.00005103   0.00000000     0.00003501  -0.00000000    -0.00004232   0.00000000
   11    9
  0.00029157   0.00000000    -0.00004008  -0.00000000     0.00002031   0.00000000
  0.00037190   0.00000000    -0.00028888  -0.00000000    -0.00002220  -0.00000000
 -0.00011780  -0.00000000    -0.00004281  -0.00000000     0.00030863   0.00000000
   11   10
  0.00062797   0.00000000     0.00054493   0.00000000     0.00002417   0.00000000
  0.00111935   0.00000000    -0.00005144  -0.00000000    -0.00003321  -0.00000000
  0.00012811   0.00000000     0.00003307   0.00000000    -0.00029865  -0.00000000
   11   11
  0.14520198   0.00000000     0.14322599   0.00000000    -0.00006400   0.00000000
  0.14322599   0.00000000     0.29038979   0.00000000    -0.00012706   0.00000000
 -0.00006400   0.00000000    -0.00012706   0.00000000     0.06108237   0.00000000
   11   12
  0.00010553   0.00000000     0.00035840   0.00000000    -0.00006457  -0.00000000
  0.00035840   0.00000000     0.00038170   0.00000000    -0.00008256  -0.00000000
  0.00006457   0.00000000     0.00008256   0.00000000    -0.00030036  -0.00000000
   11   13
  0.00000000   0.00000000     0.00016936   0.00000000    -0.00012306  -0.00000000
  0.00016936   0.00000000     0.00000000   0.00000000    -0.00016236  -0.00000000
 -0.00012306  -0.00000000     0.00016236   0.00000000    -0.00000000  -0.00000000
   11   14
 -0.00000000   0.00000000    -0.00113036   0.00000000    -0.00013218   0.00000000
 -0.00113036   0.00000000    -0.00000000   0.00000000    -0.00013080   0.00000000
  0.00013218  -0.00000000    -0.00013080   0.00000000     0.00000000  -0.00000000
   11   15
  0.00426914  -0.00000000     0.00875655  -0.00000000    -0.00096787   0.00000000
 -0.01001289   0.00000000    -0.01630576   0.00000000     0.00007278  -0.00000000
 -0.01622603   0.00000000    -0.02515251   0.00000000    -0.00004312   0.00000000
   11   16
  0.00023898   0.00000000     0.00012929   0.00000000    -0.00025411  -0.00000000
  0.00083005   0.00000000    -0.00018852  -0.00000000    -0.00017297  -0.00000000
 -0.00011131  -0.00000000     0.00021116   0.00000000    -0.00000944  -0.00000000
   11   17
 -0.00035649  -0.00000000    -0.00038860  -0.00000000    -0.00023752  -0.00000000
 -0.00000310  -0.00000000     0.00007797   0.00000000     0.00021161   0.00000000
 -0.00011889  -0.00000000    -0.00014739  -0.00000000    -0.00020858  -0.00000000
   11   18
 -0.00011034   0.00000000    -0.00040222   0.00000000     0.00006903  -0.00000000
 -0.00037524   0.00000000    -0.00017252   0.00000000     0.00007570  -0.00000000
  0.00010237  -0.00000000     0.00014893  -0.00000000    -0.00012056   0.00000000
   11   19
  0.00024798   0.00000000     0.00025198   0.00000000     0.00019257   0.00000000
  0.00076326   0.00000000     0.00004169   0.00000000     0.00001496   0.00000000
  0.00006994   0.00000000    -0.00028158  -0.00000000    -0.00007047  -0.00000000
   11   20
  0.00430081   0.00000000     0.00864955   0.00000000     0.00091386   0.00000000
 -0.00990079  -0.00000000    -0.01651038  -0.00000000    -0.00023408  -0.00000000
  0.01622164   0.00000000     0.02528328   0.00000000    -0.00018726  -0.00000000
   11   21
 -0.00012073   0.00000000    -0.00039836   0.00000000    -0.00005675   0.00000000
 -0.00047839   0.00000000    -0.00031320   0.00000000    -0.00001608   0.00000000
  0.00002864  -0.00000000    -0.00002128   0.00000000     0.00005349  -0.00000000
   11   22
 -0.00036550  -0.00000000    -0.00037220  -0.00000000     0.00023745   0.00000000
  0.00005419   0.00000000     0.00024518   0.00000000    -0.00015202  -0.00000000
 -0.00000727  -0.00000000     0.00002576   0.00000000     0.00000666   0.00000000
   12    1
 -0.00675533   0.00000000    -0.00496949   0.00000000    -0.00030065   0.00000000
 -0.00122792   0.00000000    -0.00684235   0.00000000    -0.00010043   0.00000000
  0.00006960  -0.00000000     0.00007263  -0.00000000    -0.00239274   0.00000000
   12    2
  0.00008945   0.00000000     0.00456876   0.00000000    -0.00050087  -0.00000000
  0.00702733   0.00000000     0.00075533   0.00000000    -0.00036411  -0.00000000
  0.00005688   0.00000000     0.00001749   0.00000000     0.00071567   0.00000000
   12    3
 -0.00026266   0.00000000    -0.00048536   0.00000000     0.00007113  -0.00000000
  0.00046922  -0.00000000    -0.00096102   0.00000000     0.00000997  -0.00000000
  0.00007478  -0.00000000    -0.00006245   0.00000000    -0.00029929   0.00000000
   12    4
 -0.12876652   0.00000000    -0.12259634   0.00000000     0.00008223  -0.00000000
 -0.12412257   0.00000000    -0.25151918   0.00000000     0.00001779  -0.00000000
 -0.00006060   0.00000000     0.00005426  -0.00000000    -0.05360962   0.00000000
   12    5
 -0.00008068  -0.00000000    -0.00115669  -0.00000000     0.00008784   0.00000000
  0.00043822   0.00000000    -0.00229205  -0.00000000     0.00002461   0.00000000
 -0.00001122  -0.00000000    -0.00003897  -0.00000000    -0.00050346  -0.00000000
   12    6
 -0.00056571   0.00000000     0.00057281  -0.00000000     0.00011255  -0.00000000
  0.00048909  -0.00000000    -0.00088609   0.00000000     0.00009443  -0.00000000
 -0.00000030   0.00000000    -0.00000579   0.00000000    -0.00034681   0.00000000
   12    7
  0.00029999  -0.00000000     0.00074464  -0.00000000     0.00000704  -0.00000000
  0.00192242  -0.00000000    -0.00128480   0.00000000    -0.00005073   0.00000000
  0.00005103  -0.00000000    -0.00003501   0.00000000    -0.00004232   0.00000000
   12    8
 -0.01897453   0.00000000    -0.03037778   0.00000000     0.00002139  -0.00000000
  0.00317611  -0.00000000     0.00616020  -0.00000000    -0.00001641   0.00000000
 -0.00008245   0.00000000     0.00004583  -0.00000000    -0.00248725   0.00000000
   12    9
  0.00062797   0.00000000     0.00054493   0.00000000    -0.00002417  -0.00000000
  0.00111935   0.00000000    -0.00005144  -0.00000000     0.00003321   0.00000000
 -0.00012811  -0.00000000    -0.00003307  -0.00000000    -0.00029865  -0.00000000
   12   10
  0.00029157   0.00000000    -0.00004008  -0.00000000    -0.00002031  -0.00000000
  0.00037190   0.00000000    -0.00028888  -0.00000000     0.00002220   0.00000000
  0.00011780   0.00000000     0.00004281   0.00000000     0.00030863   0.00000000
   12   11
  0.00010553  -0.00000000     0.00035840  -0.00000000     0.00006457  -0.00000000
  0.00035840  -0.00000000     0.00038170  -0.00000000     0.00008256  -0.00000000
 -0.00006457   0.00000000    -0.00008256   0.00000000    -0.00030036   0.00000000
   12   12
  0.14520198   0.00000000     0.14322599   0.00000000     0.00006400   0.00000000
  0.14322599   0.00000000     0.29038979   0.00000000     0.00012706   0.00000000
  0.00006400   0.00000000     0.00012706   0.00000000     0.06108237   0.00000000
   12   13
 -0.00000000   0.00000000    -0.00113036   0.00000000     0.00013218  -0.00000000
 -0.00113036   0.00000000    -0.00000000   0.00000000     0.00013080  -0.00000000
 -0.00013218   0.00000000     0.00013080  -0.00000000     0.00000000  -0.00000000
   12   14
  0.00000000  -0.00000000     0.00016936  -0.00000000     0.00012306  -0.00000000
  0.00016936  -0.00000000     0.00000000  -0.00000000     0.00016236  -0.00000000
  0.00012306  -0.00000000    -0.00016236   0.00000000    -0.00000000   0.00000000
   12   15
  0.00023898  -0.00000000     0.00012929  -0.00000000     0.00025411  -0.00000000
  0.00083005  -0.00000000    -0.00018852   0.00000000     0.00017297  -0.00000000
  0.00011131  -0.00000000    -0.00021116   0.00000000    -0.00000944   0.00000000
   12   16
  0.00426914  -0.00000000     0.00875655  -0.00000000     0.00096787  -0.00000000
 -0.01001289   0.00000000    -0.01630576   0.00000000    -0.00007278   0.00000000
  0.01622603  -0.00000000     0.02515251  -0.00000000    -0.00004312   0.00000000
   12   17
 -0.00011034  -0.00000000    -0.00040222  -0.00000000    -0.00006903  -0.00000000
 -0.00037524  -0.00000000    -0.00017252  -0.00000000    -0.00007570  -0.00000000
 -0.00010237  -0.00000000    -0.00014893  -0.00000000    -0.00012056  -0.00000000
   12   18
 -0.00035649   0.00000000    -0.00038860   0.00000000     0.00023752  -0.00000000
 -0.00000310   0.00000000     0.00007797  -0.00000000    -0.00021161   0.00000000
  0.00011889  -0.00000000     0.00014739  -0.00000000    -0.00020858   0.00000000
   12   19
  0.00430081  -0.00000000     0.00864955  -0.00000000    -0.00091386   0.00000000
 -0.00990079   0.00000000    -0.01651038   0.00000000     0.00023408  -0.00000000
 -0.01622164   0.00000000    -0.02528328   0.00000000    -0.00018726   0.00000000
   12   20
  0.00024798  -0.00000000     0.00025198  -0.00000000    -0.00019257   0.00000000
  0.00076326  -0.00000000     0.00004169  -0.00000000    -0.00001496   0.00000000
 -0.00006994   0.00000000     0.00028158  -0.00000000    -0.00007047   0.00000000
   12   21
 -0.00036550   0.00000000    -0.00037220   0.00000000    -0.00023745   0.00000000
  0.00005419  -0.00000000     0.00024518  -0.00000000     0.00015202  -0.00000000
  0.00000727  -0.00000000    -0.00002576   0.00000000     0.00000666  -0.00000000
   12   22
 -0.00012073  -0.00000000    -0.00039836  -0.00000000     0.00005675   0.00000000
 -0.00047839  -0.00000000    -0.00031320  -0.00000000     0.00001608   0.00000000
 -0.00002864  -0.00000000     0.00002128   0.00000000     0.00005349   0.00000000
   13    1
 -0.00008945   0.00000000     0.00456876  -0.00000000     0.00050087  -0.00000000
  0.00702733  -0.00000000    -0.00075533   0.00000000    -0.00036411   0.00000000
 -0.00005688   0.00000000     0.00001749  -0.00000000    -0.00071567   0.00000000
   13    2
 -0.00675533  -0.00000000     0.00496949   0.00000000    -0.00030065  -0.00000000
  0.00122792   0.00000000    -0.00684235  -0.00000000     0.00010043   0.00000000
  0.00006960   0.00000000    -0.00007263  -0.00000000    -0.00239274  -0.00000000
   13    3
  0.00056571  -0.00000000     0.00057281  -0.00000000    -0.00011255   0.00000000
  0.00048909  -0.00000000     0.00088609  -0.00000000     0.00009443  -0.00000000
  0.00000030  -0.00000000    -0.00000579   0.00000000     0.00034681  -0.00000000
   13    4
  0.00008068  -0.00000000    -0.00115669   0.00000000    -0.00008784   0.00000000
  0.00043822  -0.00000000     0.00229205  -0.00000000     0.00002461  -0.00000000
  0.00001122  -0.00000000    -0.00003897   0.00000000     0.00050346  -0.00000000
   13    5
 -0.12876652  -0.00000000     0.12259634   0.00000000     0.00008223   0.00000000
  0.12412257   0.00000000    -0.25151918  -0.00000000    -0.00001779  -0.00000000
 -0.00006060  -0.00000000    -0.00005426  -0.00000000    -0.05360962  -0.00000000
   13    6
 -0.00026266   0.00000000     0.00048536  -0.00000000     0.00007113  -0.00000000
 -0.00046922   0.00000000    -0.00096102   0.00000000    -0.00000997   0.00000000
  0.00007478  -0.00000000     0.00006245  -0.00000000    -0.00029929   0.00000000
   13    7
  0.00029157  -0.00000000     0.00004008  -0.00000000    -0.00002031   0.00000000
 -0.00037190   0.00000000    -0.00028888   0.00000000    -0.00002220   0.00000000
  0.00011780  -0.00000000    -0.00004281   0.00000000     0.00030863  -0.00000000
   13    8
  0.00062797  -0.00000000    -0.00054493   0.00000000    -0.00002417   0.00000000
 -0.00111935   0.00000000    -0.00005144   0.00000000    -0.00003321   0.00000000
 -0.00012811   0.00000000     0.00003307  -0.00000000    -0.00029865   0.00000000
   13    9
  0.01897453   0.00000000    -0.03037778  -0.00000000    -0.00002139  -0.00000000
  0.00317611   0.00000000    -0.00616020  -0.00000000    -0.00001641  -0.00000000
  0.00008245   0.00000000     0.00004583   0.00000000     0.00248725   0.00000000
   13   10
 -0.00029999  -0.00000000     0.00074464   0.00000000    -0.00000704  -0.00000000
  0.00192242   0.00000000     0.00128480   0.00000000    -0.00005073  -0.00000000
 -0.00005103  -0.00000000    -0.00003501  -0.00000000     0.00004232   0.00000000
   13   11
 -0.00000000  -0.00000000     0.00016936  -0.00000000    -0.00012306   0.00000000
  0.00016936  -0.00000000    -0.00000000  -0.00000000     0.00016236  -0.00000000
 -0.00012306   0.00000000    -0.00016236   0.00000000     0.00000000   0.00000000
   13   12
  0.00000000  -0.00000000    -0.00113036  -0.00000000    -0.00013218  -0.00000000
 -0.00113036  -0.00000000     0.00000000  -0.00000000     0.00013080   0.00000000
  0.00013218   0.00000000     0.00013080   0.00000000    -0.00000000  -0.00000000
   13   13
  0.14520198   0.00000000    -0.14322599   0.00000000     0.00006400   0.00000000
 -0.14322599   0.00000000     0.29038979   0.00000000    -0.00012706   0.00000000
  0.00006400   0.00000000    -0.00012706   0.00000000     0.06108237   0.00000000
   13   14
  0.00010553  -0.00000000    -0.00035840   0.00000000     0.00006457  -0.00000000
 -0.00035840   0.00000000     0.00038170  -0.00000000    -0.00008256   0.00000000
 -0.00006457   0.00000000     0.00008256  -0.00000000    -0.00030036   0.00000000
   13   15
  0.00035649  -0.00000000    -0.00038860   0.00000000    -0.00023752   0.00000000
 -0.00000310   0.00000000    -0.00007797   0.00000000    -0.00021161   0.00000000
 -0.00011889   0.00000000     0.00014739  -0.00000000     0.00020858  -0.00000000
   13   16
  0.00011034  -0.00000000    -0.00040222   0.00000000     0.00006903  -0.00000000
 -0.00037524   0.00000000     0.00017252  -0.00000000    -0.00007570   0.00000000
  0.00010237  -0.00000000    -0.00014893   0.00000000     0.00012056  -0.00000000
   13   17
  0.00426914   0.00000000    -0.00875655  -0.00000000     0.00096787   0.00000000
  0.01001289   0.00000000    -0.01630576  -0.00000000     0.00007278   0.00000000
  0.01622603   0.00000000    -0.02515251  -0.00000000    -0.00004312  -0.00000000
   13   18
  0.00023898  -0.00000000    -0.00012929   0.00000000     0.00025411  -0.00000000
 -0.00083005   0.00000000    -0.00018852   0.00000000    -0.00017297   0.00000000
  0.00011131  -0.00000000     0.00021116  -0.00000000    -0.00000944   0.00000000
   13   19
  0.00012073   0.00000000    -0.00039836  -0.00000000    -0.00005675  -0.00000000
 -0.00047839  -0.00000000     0.00031320   0.00000000     0.00001608   0.00000000
  0.00002864   0.00000000     0.00002128   0.00000000    -0.00005349  -0.00000000
   13   20
  0.00036550  -0.00000000    -0.00037220   0.00000000     0.00023745  -0.00000000
  0.00005419  -0.00000000    -0.00024518   0.00000000     0.00015202  -0.00000000
 -0.00000727   0.00000000    -0.00002576   0.00000000    -0.00000666   0.00000000
   13   21
  0.00024798  -0.00000000    -0.00025198   0.00000000    -0.00019257   0.00000000
 -0.00076326   0.00000000     0.00004169  -0.00000000     0.00001496  -0.00000000
 -0.00006994   0.00000000    -0.00028158   0.00000000    -0.00007047   0.00000000
   13   22
  0.00430081   0.00000000    -0.00864955  -0.00000000    -0.00091386  -0.00000000
  0.00990079   0.00000000    -0.01651038  -0.00000000    -0.00023408  -0.00000000
 -0.01622164  -0.00000000     0.02528328   0.00000000    -0.00018726  -0.00000000
   14    1
 -0.00008945  -0.00000000     0.00456876   0.00000000    -0.00050087  -0.00000000
  0.00702733   0.00000000    -0.00075533  -0.00000000     0.00036411   0.00000000
  0.00005688   0.00000000    -0.00001749  -0.00000000    -0.00071567  -0.00000000
   14    2
 -0.00675533  -0.00000000     0.00496949   0.00000000     0.00030065   0.00000000
  0.00122792   0.00000000    -0.00684235  -0.00000000    -0.00010043  -0.00000000
 -0.00006960  -0.00000000     0.00007263   0.00000000    -0.00239274  -0.00000000
   14    3
  0.00008068   0.00000000    -0.00115669  -0.00000000     0.00008784   0.00000000
  0.00043822   0.00000000     0.00229205   0.00000000    -0.00002461  -0.00000000
 -0.00001122  -0.00000000     0.00003897   0.00000000     0.00050346   0.00000000
   14    4
  0.00056571   0.00000000     0.00057281   0.00000000     0.00011255   0.00000000
  0.00048909   0.00000000     0.00088609   0.00000000    -0.00009443  -0.00000000
 -0.00000030  -0.00000000     0.00000579   0.00000000     0.00034681   0.00000000
   14    5
 -0.00026266  -0.00000000     0.00048536   0.00000000    -0.00007113  -0.00000000
 -0.00046922  -0.00000000    -0.00096102  -0.00000000     0.00000997   0.00000000
 -0.00007478  -0.00000000    -0.00006245  -0.00000000    -0.00029929  -0.00000000
   14    6
 -0.12876652  -0.00000000     0.12259634   0.00000000    -0.00008223  -0.00000000
  0.12412257   0.00000000    -0.25151918  -0.00000000     0.00001779   0.00000000
  0.00006060   0.00000000     0.00005426   0.00000000    -0.05360962  -0.00000000
   14    7
  0.00062797   0.00000000    -0.00054493  -0.00000000     0.00002417   0.00000000
 -0.00111935  -0.00000000    -0.00005144  -0.00000000     0.00003321   0.00000000
  0.00012811   0.00000000    -0.00003307  -0.00000000    -0.00029865  -0.00000000
   14    8
  0.00029157   0.00000000     0.00004008   0.00000000     0.00002031   0.00000000
 -0.00037190  -0.00000000    -0.00028888  -0.00000000     0.00002220   0.00000000
 -0.00011780  -0.00000000     0.00004281   0.00000000     0.00030863   0.00000000
   14    9
 -0.00029999  -0.00000000     0.00074464   0.00000000     0.00000704   0.00000000
  0.00192242   0.00000000     0.00128480   0.00000000     0.00005073   0.00000000
  0.00005103   0.00000000     0.00003501   0.00000000     0.00004232   0.00000000
   14   10
  0.01897453   0.00000000    -0.03037778  -0.00000000     0.00002139   0.00000000
  0.00317611   0.00000000    -0.00616020  -0.00000000     0.00001641   0.00000000
 -0.00008245  -0.00000000    -0.00004583  -0.00000000     0.00248725   0.00000000
   14   11
  0.00000000   0.00000000    -0.00113036  -0.00000000     0.00013218   0.00000000
 -0.00113036  -0.00000000     0.00000000   0.00000000    -0.00013080  -0.00000000
 -0.00013218  -0.00000000    -0.00013080  -0.00000000    -0.00000000  -0.00000000
   14   12
 -0.00000000   0.00000000     0.00016936   0.00000000     0.00012306   0.00000000
  0.00016936   0.00000000    -0.00000000   0.00000000    -0.00016236  -0.00000000
  0.00012306   0.00000000     0.00016236   0.00000000     0.00000000  -0.00000000
   14   13
  0.00010553   0.00000000    -0.00035840  -0.00000000    -0.00006457  -0.00000000
 -0.00035840  -0.00000000     0.00038170   0.00000000     0.00008256   0.00000000
  0.00006457   0.00000000    -0.00008256  -0.00000000    -0.00030036  -0.00000000
   14   14
  0.14520198   0.00000000    -0.14322599   0.00000000    -0.00006400   0.00000000
 -0.14322599   0.00000000     0.29038979   0.00000000     0.00012706   0.00000000
 -0.00006400   0.00000000     0.00012706   0.00000000     0.06108237   0.00000000
   14   15
  0.00011034   0.00000000    -0.00040222  -0.00000000    -0.00006903  -0.00000000
 -0.00037524  -0.00000000     0.00017252   0.00000000     0.00007570   0.00000000
 -0.00010237  -0.00000000     0.00014893   0.00000000     0.00012056   0.00000000
   14   16
  0.00035649   0.00000000    -0.00038860  -0.00000000     0.00023752   0.00000000
 -0.00000310  -0.00000000    -0.00007797  -0.00000000     0.00021161   0.00000000
  0.00011889   0.00000000    -0.00014739  -0.00000000     0.00020858   0.00000000
   14   17
  0.00023898   0.00000000    -0.00012929  -0.00000000    -0.00025411  -0.00000000
 -0.00083005  -0.00000000    -0.00018852  -0.00000000     0.00017297   0.00000000
 -0.00011131  -0.00000000    -0.00021116  -0.00000000    -0.00000944  -0.00000000
   14   18
  0.00426914   0.00000000    -0.00875655  -0.00000000    -0.00096787  -0.00000000
  0.01001289   0.00000000    -0.01630576  -0.00000000    -0.00007278  -0.00000000
 -0.01622603  -0.00000000     0.02515251   0.00000000    -0.00004312  -0.00000000
   14   19
  0.00036550   0.00000000    -0.00037220  -0.00000000    -0.00023745  -0.00000000
  0.00005419   0.00000000    -0.00024518  -0.00000000    -0.00015202  -0.00000000
  0.00000727   0.00000000     0.00002576   0.00000000    -0.00000666  -0.00000000
   14   20
  0.00012073   0.00000000    -0.00039836  -0.00000000     0.00005675   0.00000000
 -0.00047839  -0.00000000     0.00031320   0.00000000    -0.00001608  -0.00000000
 -0.00002864  -0.00000000    -0.00002128  -0.00000000    -0.00005349  -0.00000000
   14   21
  0.00430081   0.00000000    -0.00864955  -0.00000000     0.00091386   0.00000000
  0.00990079   0.00000000    -0.01651038  -0.00000000     0.00023408   0.00000000
  0.01622164   0.00000000    -0.02528328  -0.00000000    -0.00018726  -0.00000000
   14   22
  0.00024798   0.00000000    -0.00025198  -0.00000000     0.00019257   0.00000000
 -0.00076326  -0.00000000     0.00004169   0.00000000    -0.00001496  -0.00000000
  0.00006994   0.00000000     0.00028158   0.00000000    -0.00007047  -0.00000000
   15    1
 -0.00300675  -0.00000000    -0.00127016  -0.00000000     0.00091349   0.00000000
 -0.00068581  -0.00000000    -0.00290342  -0.00000000    -0.00031991  -0.00000000
 -0.00109673  -0.00000000     0.00263912   0.00000000     0.00238888   0.00000000
   15    2
  0.00441630   0.00000000    -0.00022315  -0.00000000     0.00245781   0.00000000
  0.00056961   0.00000000    -0.00020886  -0.00000000    -0.00023141  -0.00000000
  0.00091451   0.00000000     0.00026226   0.00000000     0.00320628   0.00000000
   15    3
 -0.05943625  -0.00000000     0.03639945   0.00000000     0.04933651   0.00000000
  0.03616412   0.00000000    -0.13417870  -0.00000000    -0.12987663  -0.00000000
  0.04896643   0.00000000    -0.13009880  -0.00000000    -0.25670101  -0.00000000
   15    4
 -0.00112521  -0.00000000     0.00031136   0.00000000     0.00002318   0.00000000
  0.00041822   0.00000000    -0.00054523  -0.00000000    -0.00017361  -0.00000000
  0.00031638   0.00000000     0.00031071   0.00000000    -0.00027903  -0.00000000
   15    5
  0.00021504   0.00000000     0.00010392   0.00000000    -0.00019586  -0.00000000
  0.00052794   0.00000000    -0.00021014  -0.00000000     0.00020793   0.00000000
 -0.00009711  -0.00000000    -0.00020376  -0.00000000     0.00076503   0.00000000
   15    6
  0.00059436  -0.00000000    -0.00038716   0.00000000     0.00013277  -0.00000000
 -0.00052760   0.00000000     0.00081232  -0.00000000     0.00068027  -0.00000000
 -0.00043315   0.00000000     0.00063541  -0.00000000     0.00076923  -0.00000000
   15    7
 -0.00645849  -0.00000000     0.01941624   0.00000000     0.02973562   0.00000000
  0.00069805   0.00000000    -0.00430881  -0.00000000    -0.00550406  -0.00000000
  0.00070591   0.00000000     0.00059039   0.00000000     0.00023512   0.00000000
   15    8
 -0.00028339   0.00000000     0.00032023  -0.00000000     0.00016307  -0.00000000
  0.00102480  -0.00000000    -0.00038855   0.00000000    -0.00016434   0.00000000
  0.00006261  -0.00000000    -0.00001134   0.00000000     0.00010044  -0.00000000
   15    9
 -0.00088495  -0.00000000     0.00012493   0.00000000     0.00006907   0.00000000
  0.00023092   0.00000000    -0.00000029  -0.00000000     0.00039559   0.00000000
  0.00032924   0.00000000    -0.00010190  -0.00000000    -0.00001986  -0.00000000
   15   10
  0.00004881   0.00000000     0.00025822   0.00000000     0.00010667   0.00000000
  0.00049335   0.00000000    -0.00007268  -0.00000000     0.00006398   0.00000000
  0.00015345   0.00000000    -0.00007455  -0.00000000    -0.00001444  -0.00000000
   15   11
  0.00426914   0.00000000    -0.01001289  -0.00000000    -0.01622603  -0.00000000
  0.00875655   0.00000000    -0.01630576  -0.00000000    -0.02515251  -0.00000000
 -0.00096787  -0.00000000     0.00007278   0.00000000    -0.00004312  -0.00000000
   15   12
  0.00023898   0.00000000     0.00083005   0.00000000     0.00011131   0.00000000
  0.00012929   0.00000000    -0.00018852  -0.00000000    -0.00021116  -0.00000000
  0.00025411   0.00000000     0.00017297   0.00000000    -0.00000944  -0.00000000
   15   13
  0.00035649   0.00000000    -0.00000310  -0.00000000    -0.00011889  -0.00000000
 -0.00038860  -0.00000000    -0.00007797  -0.00000000     0.00014739   0.00000000
 -0.00023752  -0.00000000    -0.00021161  -0.00000000     0.00020858   0.00000000
   15   14
  0.00011034  -0.00000000    -0.00037524   0.00000000    -0.00010237   0.00000000
 -0.00040222   0.00000000     0.00017252  -0.00000000     0.00014893  -0.00000000
 -0.00006903   0.00000000     0.00007570  -0.00000000     0.00012056  -0.00000000
   15   15
  0.07129949   0.00000000    -0.04287776   0.00000000    -0.05601615   0.00000000
 -0.04287776   0.00000000     0.14891811   0.00000000     0.14543354   0.00000000
 -0.05601615   0.00000000     0.14543354   0.00000000     0.28275712   0.00000000
   15   16
  0.00000680   0.00000000     0.00055053   0.00000000    -0.00007372  -0.00000000
  0.00055053   0.00000000    -0.00055690  -0.00000000     0.00018607   0.00000000
  0.00007372   0.00000000    -0.00018607  -0.00000000     0.00020698   0.00000000
   15   17
 -0.00000000  -0.00000000    -0.00006229  -0.00000000     0.00020092   0.00000000
 -0.00006229  -0.00000000    -0.00000000  -0.00000000    -0.00000541  -0.00000000
  0.00020092   0.00000000     0.00000541   0.00000000     0.00000000   0.00000000
   15   18
 -0.00000000   0.00000000     0.00005067  -0.00000000    -0.00010033   0.00000000
  0.00005067  -0.00000000     0.00000000  -0.00000000    -0.00020245   0.00000000
  0.00010033  -0.00000000    -0.00020245   0.00000000    -0.00000000   0.00000000
   15   19
 -0.00030780  -0.00000000     0.00064815   0.00000000     0.00005493   0.00000000
  0.00055113   0.00000000    -0.00094304  -0.00000000    -0.00020563  -0.00000000
  0.00020553   0.00000000    -0.00045948  -0.00000000    -0.00040867  -0.00000000
   15   20
  0.00109372   0.00000000    -0.00594723  -0.00000000    -0.00687362  -0.00000000
 -0.00590161  -0.00000000     0.01289077   0.00000000     0.01663770   0.00000000
  0.00668220   0.00000000    -0.01638831  -0.00000000    -0.02315752  -0.00000000
   15   21
 -0.00001742  -0.00000000    -0.00005961  -0.00000000    -0.00014526  -0.00000000
 -0.00001097  -0.00000000     0.00001748   0.00000000     0.00000045   0.00000000
 -0.00006090  -0.00000000     0.00012702   0.00000000    -0.00003872  -0.00000000
   15   22
 -0.00000384  -0.00000000    -0.00023403  -0.00000000     0.00023083   0.00000000
 -0.00028253  -0.00000000    -0.00003130  -0.00000000     0.00008459   0.00000000
 -0.00029204  -0.00000000    -0.00008366  -0.00000000    -0.00002945  -0.00000000
   16    1
 -0.00300675   0.00000000    -0.00127016   0.00000000    -0.00091349   0.00000000
 -0.00068581   0.00000000    -0.00290342   0.00000000     0.00031991  -0.00000000
  0.00109673  -0.00000000    -0.00263912   0.00000000     0.00238888  -0.00000000
   16    2
  0.00441630   0.00000000    -0.00022315  -0.00000000    -0.00245781  -0.00000000
  0.00056961   0.00000000    -0.00020886  -0.00000000     0.00023141   0.00000000
 -0.00091451  -0.00000000    -0.00026226  -0.00000000     0.00320628   0.00000000
   16    3
 -0.00112521   0.00000000     0.00031136  -0.00000000    -0.00002318   0.00000000
  0.00041822  -0.00000000    -0.00054523   0.00000000     0.00017361  -0.00000000
 -0.00031638   0.00000000    -0.00031071   0.00000000    -0.00027903   0.00000000
   16    4
 -0.05943625   0.00000000     0.03639945  -0.00000000    -0.04933651   0.00000000
  0.03616412  -0.00000000    -0.13417870   0.00000000     0.12987663  -0.00000000
 -0.04896643   0.00000000     0.13009880  -0.00000000    -0.25670101   0.00000000
   16    5
  0.00059436   0.00000000    -0.00038716  -0.00000000    -0.00013277  -0.00000000
 -0.00052760  -0.00000000     0.00081232   0.00000000    -0.00068027  -0.00000000
  0.00043315   0.00000000    -0.00063541  -0.00000000     0.00076923   0.00000000
   16    6
  0.00021504  -0.00000000     0.00010392  -0.00000000     0.00019586  -0.00000000
  0.00052794  -0.00000000    -0.00021014   0.00000000    -0.00020793   0.00000000
  0.00009711  -0.00000000     0.00020376  -0.00000000     0.00076503  -0.00000000
   16    7
 -0.00028339   0.00000000     0.00032023  -0.00000000    -0.00016307   0.00000000
  0.00102480  -0.00000000    -0.00038855   0.00000000     0.00016434  -0.00000000
 -0.00006261   0.00000000     0.00001134  -0.00000000     0.00010044  -0.00000000
   16    8
 -0.00645849   0.00000000     0.01941624  -0.00000000    -0.02973562   0.00000000
  0.00069805  -0.00000000    -0.00430881   0.00000000     0.00550406  -0.00000000
 -0.00070591   0.00000000    -0.00059039   0.00000000     0.00023512  -0.00000000
   16    9
  0.00004881   0.00000000     0.00025822   0.00000000    -0.00010667  -0.00000000
  0.00049335   0.00000000    -0.00007268  -0.00000000    -0.00006398  -0.00000000
 -0.00015345  -0.00000000     0.00007455   0.00000000    -0.00001444  -0.00000000
   16   10
 -0.00088495  -0.00000000     0.00012493   0.00000000    -0.00006907  -0.00000000
  0.00023092   0.00000000    -0.00000029  -0.00000000    -0.00039559  -0.00000000
 -0.00032924  -0.00000000     0.00010190   0.00000000    -0.00001986  -0.00000000
   16   11
  0.00023898  -0.00000000     0.00083005  -0.00000000    -0.00011131   0.00000000
  0.00012929  -0.00000000    -0.00018852   0.00000000     0.00021116  -0.00000000
 -0.00025411   0.00000000    -0.00017297   0.00000000    -0.00000944   0.00000000
   16   12
  0.00426914   0.00000000    -0.01001289  -0.00000000     0.01622603   0.00000000
  0.00875655   0.00000000    -0.01630576  -0.00000000     0.02515251   0.00000000
  0.00096787   0.00000000    -0.00007278  -0.00000000    -0.00004312  -0.00000000
   16   13
  0.00011034   0.00000000    -0.00037524  -0.00000000     0.00010237   0.00000000
 -0.00040222  -0.00000000     0.00017252   0.00000000    -0.00014893  -0.00000000
  0.00006903   0.00000000    -0.00007570  -0.00000000     0.00012056   0.00000000
   16   14
  0.00035649  -0.00000000    -0.00000310   0.00000000     0.00011889  -0.00000000
 -0.00038860   0.00000000    -0.00007797   0.00000000    -0.00014739   0.00000000
  0.00023752  -0.00000000     0.00021161  -0.00000000     0.00020858  -0.00000000
   16   15
  0.00000680  -0.00000000     0.00055053  -0.00000000     0.00007372  -0.00000000
  0.00055053  -0.00000000    -0.00055690   0.00000000    -0.00018607   0.00000000
 -0.00007372   0.00000000     0.00018607  -0.00000000     0.00020698  -0.00000000
   16   16
  0.07129949   0.00000000    -0.04287776   0.00000000     0.05601615   0.00000000
 -0.04287776   0.00000000     0.14891811   0.00000000    -0.14543354   0.00000000
  0.05601615   0.00000000    -0.14543354   0.00000000     0.28275712   0.00000000
   16   17
 -0.00000000  -0.00000000     0.00005067   0.00000000     0.00010033   0.00000000
  0.00005067   0.00000000     0.00000000   0.00000000     0.00020245   0.00000000
 -0.00010033  -0.00000000     0.00020245   0.00000000    -0.00000000  -0.00000000
   16   18
 -0.00000000   0.00000000    -0.00006229   0.00000000    -0.00020092   0.00000000
 -0.00006229   0.00000000    -0.00000000   0.00000000     0.00000541  -0.00000000
 -0.00020092   0.00000000    -0.00000541   0.00000000     0.00000000  -0.00000000
   16   19
  0.00109372   0.00000000    -0.00594723  -0.00000000     0.00687362   0.00000000
 -0.00590161  -0.00000000     0.01289077   0.00000000    -0.01663770  -0.00000000
 -0.00668220  -0.00000000     0.01638831   0.00000000    -0.02315752  -0.00000000
   16   20
 -0.00030780   0.00000000     0.00064815  -0.00000000    -0.00005493   0.00000000
  0.00055113  -0.00000000    -0.00094304   0.00000000     0.00020563  -0.00000000
 -0.00020553   0.00000000     0.00045948  -0.00000000    -0.00040867   0.00000000
   16   21
 -0.00000384   0.00000000    -0.00023403   0.00000000    -0.00023083   0.00000000
 -0.00028253   0.00000000    -0.00003130   0.00000000    -0.00008459   0.00000000
  0.00029204  -0.00000000     0.00008366  -0.00000000    -0.00002945   0.00000000
   16   22
 -0.00001742  -0.00000000    -0.00005961  -0.00000000     0.00014526   0.00000000
 -0.00001097  -0.00000000     0.00001748   0.00000000    -0.00000045  -0.00000000
  0.00006090   0.00000000    -0.00012702  -0.00000000    -0.00003872  -0.00000000
   17    1
 -0.00441630   0.00000000    -0.00022315   0.00000000     0.00245781  -0.00000000
  0.00056961  -0.00000000     0.00020886  -0.00000000     0.00023141  -0.00000000
  0.00091451  -0.00000000    -0.00026226   0.00000000    -0.00320628   0.00000000
   17    2
 -0.00300675  -0.00000000     0.00127016   0.00000000    -0.00091349  -0.00000000
  0.00068581   0.00000000    -0.00290342  -0.00000000    -0.00031991  -0.00000000
  0.00109673   0.00000000     0.00263912   0.00000000     0.00238888   0.00000000
   17    3
 -0.00021504   0.00000000     0.00010392  -0.00000000    -0.00019586   0.00000000
  0.00052794  -0.00000000     0.00021014  -0.00000000    -0.00020793   0.00000000
 -0.00009711   0.00000000     0.00020376  -0.00000000    -0.00076503   0.00000000
   17    4
 -0.00059436   0.00000000    -0.00038716   0.00000000     0.00013277  -0.00000000
 -0.00052760   0.00000000    -0.00081232   0.00000000    -0.00068027   0.00000000
 -0.00043315   0.00000000    -0.00063541   0.00000000    -0.00076923   0.00000000
   17    5
 -0.05943625  -0.00000000    -0.03639945  -0.00000000    -0.04933651  -0.00000000
 -0.03616412  -0.00000000    -0.13417870  -0.00000000    -0.12987663  -0.00000000
 -0.04896643  -0.00000000    -0.13009880  -0.00000000    -0.25670101  -0.00000000
   17    6
 -0.00112521   0.00000000    -0.00031136   0.00000000    -0.00002318   0.00000000
 -0.00041822   0.00000000    -0.00054523   0.00000000    -0.00017361   0.00000000
 -0.00031638   0.00000000     0.00031071  -0.00000000    -0.00027903   0.00000000
   17    7
 -0.00088495   0.00000000    -0.00012493   0.00000000    -0.00006907   0.00000000
 -0.00023092   0.00000000    -0.00000029   0.00000000     0.00039559  -0.00000000
 -0.00032924   0.00000000    -0.00010190   0.00000000    -0.00001986   0.00000000
   17    8
  0.00004881  -0.00000000    -0.00025822   0.00000000    -0.00010667   0.00000000
 -0.00049335   0.00000000    -0.00007268   0.00000000     0.00006398  -0.00000000
 -0.00015345   0.00000000    -0.00007455   0.00000000    -0.00001444   0.00000000
   17    9
  0.00645849  -0.00000000     0.01941624  -0.00000000     0.02973562  -0.00000000
  0.00069805  -0.00000000     0.00430881  -0.00000000     0.00550406  -0.00000000
  0.00070591  -0.00000000    -0.00059039   0.00000000    -0.00023512   0.00000000
   17   10
  0.00028339   0.00000000     0.00032023   0.00000000     0.00016307   0.00000000
  0.00102480   0.00000000     0.00038855   0.00000000     0.00016434   0.00000000
  0.00006261   0.00000000     0.00001134   0.00000000    -0.00010044  -0.00000000
   17   11
 -0.00035649   0.00000000    -0.00000310   0.00000000    -0.00011889   0.00000000
 -0.00038860   0.00000000     0.00007797  -0.00000000    -0.00014739   0.00000000
 -0.00023752   0.00000000     0.00021161  -0.00000000    -0.00020858   0.00000000
   17   12
 -0.00011034   0.00000000    -0.00037524   0.00000000    -0.00010237   0.00000000
 -0.00040222   0.00000000    -0.00017252   0.00000000    -0.00014893   0.00000000
 -0.00006903   0.00000000    -0.00007570   0.00000000    -0.00012056   0.00000000
   17   13
  0.00426914  -0.00000000     0.01001289  -0.00000000     0.01622603  -0.00000000
 -0.00875655   0.00000000    -0.01630576   0.00000000    -0.02515251   0.00000000
  0.00096787  -0.00000000     0.00007278  -0.00000000    -0.00004312   0.00000000
   17   14
  0.00023898  -0.00000000    -0.00083005   0.00000000    -0.00011131   0.00000000
 -0.00012929   0.00000000    -0.00018852   0.00000000    -0.00021116   0.00000000
 -0.00025411   0.00000000     0.00017297  -0.00000000    -0.00000944   0.00000000
   17   15
  0.00000000   0.00000000    -0.00006229   0.00000000     0.00020092  -0.00000000
 -0.00006229   0.00000000     0.00000000  -0.00000000     0.00000541  -0.00000000
  0.00020092  -0.00000000    -0.00000541   0.00000000    -0.00000000  -0.00000000
   17   16
  0.00000000   0.00000000     0.00005067  -0.00000000    -0.00010033   0.00000000
  0.00005067  -0.00000000    -0.00000000  -0.00000000     0.00020245  -0.00000000
  0.00010033  -0.00000000     0.00020245  -0.00000000     0.00000000   0.00000000
   17   17
  0.07129949   0.00000000     0.04287776   0.00000000     0.05601615   0.00000000
  0.04287776   0.00000000     0.14891811   0.00000000     0.14543354   0.00000000
  0.05601615   0.00000000     0.14543354   0.00000000     0.28275712   0.00000000
   17   18
  0.00000680  -0.00000000    -0.00055053   0.00000000     0.00007372  -0.00000000
 -0.00055053   0.00000000    -0.00055690   0.00000000     0.00018607  -0.00000000
 -0.00007372   0.00000000    -0.00018607   0.00000000     0.00020698  -0.00000000
   17   19
  0.00001742  -0.00000000    -0.00005961   0.00000000    -0.00014526   0.00000000
 -0.00001097   0.00000000    -0.00001748   0.00000000    -0.00000045   0.00000000
 -0.00006090   0.00000000    -0.00012702   0.00000000     0.00003872  -0.00000000
   17   20
  0.00000384  -0.00000000    -0.00023403   0.00000000     0.00023083  -0.00000000
 -0.00028253   0.00000000     0.00003130  -0.00000000    -0.00008459   0.00000000
 -0.00029204   0.00000000     0.00008366  -0.00000000     0.00002945  -0.00000000
   17   21
 -0.00030780   0.00000000    -0.00064815   0.00000000    -0.00005493   0.00000000
 -0.00055113   0.00000000    -0.00094304   0.00000000    -0.00020563   0.00000000
 -0.00020553   0.00000000    -0.00045948   0.00000000    -0.00040867   0.00000000
   17   22
  0.00109372   0.00000000     0.00594723   0.00000000     0.00687362   0.00000000
  0.00590161   0.00000000     0.01289077   0.00000000     0.01663770   0.00000000
 -0.00668220  -0.00000000    -0.01638831  -0.00000000    -0.02315752  -0.00000000
   18    1
 -0.00441630  -0.00000000    -0.00022315  -0.00000000    -0.00245781  -0.00000000
  0.00056961   0.00000000     0.00020886   0.00000000    -0.00023141  -0.00000000
 -0.00091451  -0.00000000     0.00026226   0.00000000    -0.00320628  -0.00000000
   18    2
 -0.00300675  -0.00000000     0.00127016   0.00000000     0.00091349   0.00000000
  0.00068581   0.00000000    -0.00290342  -0.00000000     0.00031991   0.00000000
 -0.00109673  -0.00000000    -0.00263912  -0.00000000     0.00238888   0.00000000
   18    3
 -0.00059436  -0.00000000    -0.00038716  -0.00000000    -0.00013277  -0.00000000
 -0.00052760  -0.00000000    -0.00081232  -0.00000000     0.00068027   0.00000000
  0.00043315   0.00000000     0.00063541   0.00000000    -0.00076923  -0.00000000
   18    4
 -0.00021504  -0.00000000     0.00010392   0.00000000     0.00019586   0.00000000
  0.00052794   0.00000000     0.00021014   0.00000000     0.00020793   0.00000000
  0.00009711   0.00000000    -0.00020376  -0.00000000    -0.00076503  -0.00000000
   18    5
 -0.00112521  -0.00000000    -0.00031136  -0.00000000     0.00002318   0.00000000
 -0.00041822  -0.00000000    -0.00054523  -0.00000000     0.00017361   0.00000000
  0.00031638   0.00000000    -0.00031071  -0.00000000    -0.00027903  -0.00000000
   18    6
 -0.05943625  -0.00000000    -0.03639945  -0.00000000     0.04933651   0.00000000
 -0.03616412  -0.00000000    -0.13417870  -0.00000000     0.12987663   0.00000000
  0.04896643   0.00000000     0.13009880   0.00000000    -0.25670101  -0.00000000
   18    7
  0.00004881   0.00000000    -0.00025822  -0.00000000     0.00010667   0.00000000
 -0.00049335  -0.00000000    -0.00007268  -0.00000000    -0.00006398  -0.00000000
  0.00015345   0.00000000     0.00007455   0.00000000    -0.00001444  -0.00000000
   18    8
 -0.00088495  -0.00000000    -0.00012493  -0.00000000     0.00006907   0.00000000
 -0.00023092  -0.00000000    -0.00000029  -0.00000000    -0.00039559  -0.00000000
  0.00032924   0.00000000     0.00010190   0.00000000    -0.00001986  -0.00000000
   18    9
  0.00028339   0.00000000     0.00032023   0.00000000    -0.00016307  -0.00000000
  0.00102480   0.00000000     0.00038855   0.00000000    -0.00016434  -0.00000000
 -0.00006261  -0.00000000    -0.00001134  -0.00000000    -0.00010044  -0.00000000
   18   10
  0.00645849   0.00000000     0.01941624   0.00000000    -0.02973562  -0.00000000
  0.00069805   0.00000000     0.00430881   0.00000000    -0.00550406  -0.00000000
 -0.00070591  -0.00000000     0.00059039   0.00000000    -0.00023512  -0.00000000
   18   11
 -0.00011034  -0.00000000    -0.00037524  -0.00000000     0.00010237   0.00000000
 -0.00040222  -0.00000000    -0.00017252  -0.00000000     0.00014893   0.00000000
  0.00006903   0.00000000     0.00007570   0.00000000    -0.00012056  -0.00000000
   18   12
 -0.00035649  -0.00000000    -0.00000310  -0.00000000     0.00011889   0.00000000
 -0.00038860  -0.00000000     0.00007797   0.00000000     0.00014739   0.00000000
  0.00023752   0.00000000    -0.00021161  -0.00000000    -0.00020858  -0.00000000
   18   13
  0.00023898   0.00000000    -0.00083005  -0.00000000     0.00011131   0.00000000
 -0.00012929  -0.00000000    -0.00018852  -0.00000000     0.00021116   0.00000000
  0.00025411   0.00000000    -0.00017297  -0.00000000    -0.00000944  -0.00000000
   18   14
  0.00426914  -0.00000000     0.01001289  -0.00000000    -0.01622603   0.00000000
 -0.00875655   0.00000000    -0.01630576   0.00000000     0.02515251  -0.00000000
 -0.00096787   0.00000000    -0.00007278   0.00000000    -0.00004312   0.00000000
   18   15
  0.00000000  -0.00000000     0.00005067   0.00000000     0.00010033   0.00000000
  0.00005067   0.00000000    -0.00000000   0.00000000    -0.00020245  -0.00000000
 -0.00010033  -0.00000000    -0.00020245  -0.00000000     0.00000000  -0.00000000
   18   16
  0.00000000  -0.00000000    -0.00006229  -0.00000000    -0.00020092  -0.00000000
 -0.00006229  -0.00000000     0.00000000   0.00000000    -0.00000541  -0.00000000
 -0.00020092  -0.00000000     0.00000541   0.00000000    -0.00000000   0.00000000
   18   17
  0.00000680   0.00000000    -0.00055053  -0.00000000    -0.00007372  -0.00000000
 -0.00055053  -0.00000000    -0.00055690  -0.00000000    -0.00018607  -0.00000000
  0.00007372   0.00000000     0.00018607   0.00000000     0.00020698   0.00000000
   18   18
  0.07129949   0.00000000     0.04287776   0.00000000    -0.05601615   0.00000000
  0.04287776   0.00000000     0.14891811   0.00000000    -0.14543354   0.00000000
 -0.05601615   0.00000000    -0.14543354   0.00000000     0.28275712   0.00000000
   18   19
  0.00000384   0.00000000    -0.00023403  -0.00000000    -0.00023083  -0.00000000
 -0.00028253  -0.00000000     0.00003130   0.00000000     0.00008459   0.00000000
  0.00029204   0.00000000    -0.00008366  -0.00000000     0.00002945   0.00000000
   18   20
  0.00001742   0.00000000    -0.00005961  -0.00000000     0.00014526   0.00000000
 -0.00001097  -0.00000000    -0.00001748  -0.00000000     0.00000045   0.00000000
  0.00006090   0.00000000     0.00012702   0.00000000     0.00003872   0.00000000
   18   21
  0.00109372   0.00000000     0.00594723   0.00000000    -0.00687362  -0.00000000
  0.00590161   0.00000000     0.01289077   0.00000000    -0.01663770  -0.00000000
  0.00668220   0.00000000     0.01638831   0.00000000    -0.02315752  -0.00000000
   18   22
 -0.00030780  -0.00000000    -0.00064815  -0.00000000     0.00005493   0.00000000
 -0.00055113  -0.00000000    -0.00094304  -0.00000000     0.00020563   0.00000000
  0.00020553   0.00000000     0.00045948   0.00000000    -0.00040867  -0.00000000
   19    1
 -0.00307978   0.00000000    -0.00122283   0.00000000     0.00118843  -0.00000000
 -0.00068335   0.00000000    -0.00278963   0.00000000     0.00003545  -0.00000000
 -0.00118408   0.00000000     0.00258387  -0.00000000     0.00234318  -0.00000000
   19    2
  0.00461620   0.00000000    -0.00025728  -0.00000000     0.00197132   0.00000000
  0.00053964   0.00000000    -0.00025682  -0.00000000    -0.00034049  -0.00000000
  0.00086148   0.00000000     0.00029881   0.00000000     0.00295780   0.00000000
   19    3
 -0.00110320   0.00000000     0.00018841  -0.00000000    -0.00003954   0.00000000
  0.00055637  -0.00000000    -0.00050345   0.00000000    -0.00012773   0.00000000
  0.00024672  -0.00000000     0.00023376  -0.00000000    -0.00012138   0.00000000
   19    4
 -0.05940738   0.00000000     0.03643374  -0.00000000     0.04935150  -0.00000000
  0.03599794  -0.00000000    -0.13426791   0.00000000    -0.12992171   0.00000000
  0.04897242  -0.00000000    -0.13000914   0.00000000    -0.25668447   0.00000000
   19    5
  0.00058547   0.00000000    -0.00043817  -0.00000000     0.00009944   0.00000000
 -0.00044637  -0.00000000     0.00100260   0.00000000     0.00069488   0.00000000
 -0.00046301  -0.00000000     0.00058760   0.00000000     0.00085101   0.00000000
   19    6
  0.00028550  -0.00000000     0.00013785  -0.00000000    -0.00012199   0.00000000
  0.00045469  -0.00000000    -0.00042016   0.00000000     0.00031097  -0.00000000
 -0.00005534   0.00000000    -0.00012137   0.00000000     0.00079429  -0.00000000
   19    7
 -0.00021225   0.00000000     0.00027928  -0.00000000     0.00011738  -0.00000000
  0.00078665  -0.00000000    -0.00030889   0.00000000    -0.00013423   0.00000000
  0.00021517  -0.00000000    -0.00005782   0.00000000     0.00016614  -0.00000000
   19    8
 -0.00659854   0.00000000     0.01946075  -0.00000000     0.02972387  -0.00000000
  0.00089763  -0.00000000    -0.00440019   0.00000000    -0.00547955   0.00000000
  0.00053518  -0.00000000     0.00064238  -0.00000000     0.00024893  -0.00000000
   19    9
  0.00014725   0.00000000     0.00028732   0.00000000     0.00007410   0.00000000
  0.00038508   0.00000000    -0.00013189  -0.00000000    -0.00003201  -0.00000000
  0.00019886   0.00000000    -0.00005730  -0.00000000    -0.00014631  -0.00000000
   19   10
 -0.00095909  -0.00000000     0.00010281   0.00000000     0.00002458   0.00000000
  0.00039190   0.00000000     0.00006825   0.00000000     0.00031578   0.00000000
  0.00030449   0.00000000    -0.00012401  -0.00000000    -0.00012714  -0.00000000
   19   11
  0.00024798  -0.00000000     0.00076326  -0.00000000     0.00006994  -0.00000000
  0.00025198  -0.00000000     0.00004169  -0.00000000    -0.00028158   0.00000000
  0.00019257  -0.00000000     0.00001496  -0.00000000    -0.00007047   0.00000000
   19   12
  0.00430081   0.00000000    -0.00990079  -0.00000000    -0.01622164  -0.00000000
  0.00864955   0.00000000    -0.01651038  -0.00000000    -0.02528328  -0.00000000
 -0.00091386  -0.00000000     0.00023408   0.00000000    -0.00018726  -0.00000000
   19   13
  0.00012073  -0.00000000    -0.00047839   0.00000000     0.00002864  -0.00000000
 -0.00039836   0.00000000     0.00031320  -0.00000000     0.00002128  -0.00000000
 -0.00005675   0.00000000     0.00001608  -0.00000000    -0.00005349   0.00000000
   19   14
  0.00036550  -0.00000000     0.00005419  -0.00000000     0.00000727  -0.00000000
 -0.00037220   0.00000000    -0.00024518   0.00000000     0.00002576  -0.00000000
 -0.00023745   0.00000000    -0.00015202   0.00000000    -0.00000666   0.00000000
   19   15
 -0.00030780   0.00000000     0.00055113  -0.00000000     0.00020553  -0.00000000
  0.00064815  -0.00000000    -0.00094304   0.00000000    -0.00045948   0.00000000
  0.00005493  -0.00000000    -0.00020563   0.00000000    -0.00040867   0.00000000
   19   16
  0.00109372  -0.00000000    -0.00590161   0.00000000    -0.00668220   0.00000000
 -0.00594723   0.00000000     0.01289077  -0.00000000     0.01638831  -0.00000000
  0.00687362  -0.00000000    -0.01663770   0.00000000    -0.02315752   0.00000000
   19   17
  0.00001742   0.00000000    -0.00001097  -0.00000000    -0.00006090  -0.00000000
 -0.00005961  -0.00000000    -0.00001748  -0.00000000    -0.00012702  -0.00000000
 -0.00014526  -0.00000000    -0.00000045  -0.00000000     0.00003872   0.00000000
   19   18
  0.00000384  -0.00000000    -0.00028253   0.00000000     0.00029204  -0.00000000
 -0.00023403   0.00000000     0.00003130  -0.00000000    -0.00008366   0.00000000
 -0.00023083   0.00000000     0.00008459  -0.00000000     0.00002945  -0.00000000
   19   19
  0.07138689   0.00000000    -0.04305338   0.00000000    -0.05602230   0.00000000
 -0.04305338   0.00000000     0.14909286   0.00000000     0.14555486   0.00000000
 -0.05602230   0.00000000     0.14555486   0.00000000     0.28253063   0.00000000
   19   20
 -0.00001687   0.00000000     0.00068395  -0.00000000    -0.00003108   0.00000000
  0.00068395  -0.00000000    -0.00077771   0.00000000     0.00032767  -0.00000000
  0.00003108  -0.00000000    -0.00032767   0.00000000    -0.00000631   0.00000000
   19   21
 -0.00000000   0.00000000    -0.00003922   0.00000000     0.00014562  -0.00000000
 -0.00003922   0.00000000     0.00000000  -0.00000000     0.00010821  -0.00000000
  0.00014562  -0.00000000    -0.00010821   0.00000000     0.00000000  -0.00000000
   19   22
  0.00000000  -0.00000000     0.00004979   0.00000000    -0.00019949  -0.00000000
  0.00004979   0.00000000    -0.00000000   0.00000000    -0.00010134  -0.00000000
  0.00019949   0.00000000    -0.00010134  -0.00000000     0.00000000  -0.00000000
   20    1
 -0.00307978   0.00000000    -0.00122283   0.00000000    -0.00118843   0.00000000
 -0.00068335   0.00000000    -0.00278963   0.00000000    -0.00003545   0.00000000
  0.00118408  -0.00000000    -0.00258387   0.00000000     0.00234318  -0.00000000
   20    2
  0.00461620   0.00000000    -0.00025728  -0.00000000    -0.00197132  -0.00000000
  0.00053964   0.00000000    -0.00025682  -0.00000000     0.00034049   0.00000000
 -0.00086148  -0.00000000    -0.00029881  -0.00000000     0.00295780   0.00000000
   20    3
 -0.05940738   0.00000000     0.03643374  -0.00000000    -0.04935150   0.00000000
  0.03599794  -0.00000000    -0.13426791   0.00000000     0.12992171  -0.00000000
 -0.04897242   0.00000000     0.13000914  -0.00000000    -0.25668447   0.00000000
   20    4
 -0.00110320  -0.00000000     0.00018841   0.00000000     0.00003954   0.00000000
  0.00055637   0.00000000    -0.00050345  -0.00000000     0.00012773   0.00000000
 -0.00024672  -0.00000000    -0.00023376  -0.00000000    -0.00012138  -0.00000000
   20    5
  0.00028550   0.00000000     0.00013785   0.00000000     0.00012199   0.00000000
  0.00045469   0.00000000    -0.00042016  -0.00000000    -0.00031097  -0.00000000
  0.00005534   0.00000000     0.00012137   0.00000000     0.00079429   0.00000000
   20    6
  0.00058547  -0.00000000    -0.00043817   0.00000000    -0.00009944   0.00000000
 -0.00044637   0.00000000     0.00100260  -0.00000000    -0.00069488   0.00000000
  0.00046301  -0.00000000    -0.00058760   0.00000000     0.00085101  -0.00000000
   20    7
 -0.00659854  -0.00000000     0.01946075   0.00000000    -0.02972387  -0.00000000
  0.00089763   0.00000000    -0.00440019  -0.00000000     0.00547955   0.00000000
 -0.00053518  -0.00000000    -0.00064238  -0.00000000     0.00024893   0.00000000
   20    8
 -0.00021225   0.00000000     0.00027928  -0.00000000    -0.00011738   0.00000000
  0.00078665  -0.00000000    -0.00030889   0.00000000     0.00013423  -0.00000000
 -0.00021517   0.00000000     0.00005782  -0.00000000     0.00016614  -0.00000000
   20    9
 -0.00095909  -0.00000000     0.00010281   0.00000000    -0.00002458  -0.00000000
  0.00039190   0.00000000     0.00006825   0.00000000    -0.00031578  -0.00000000
 -0.00030449  -0.00000000     0.00012401   0.00000000    -0.00012714  -0.00000000
   20   10
  0.00014725   0.00000000     0.00028732   0.00000000    -0.00007410  -0.00000000
  0.00038508   0.00000000    -0.00013189  -0.00000000     0.00003201   0.00000000
 -0.00019886  -0.00000000     0.00005730   0.00000000    -0.00014631  -0.00000000
   20   11
  0.00430081  -0.00000000    -0.00990079   0.00000000     0.01622164  -0.00000000
  0.00864955  -0.00000000    -0.01651038   0.00000000     0.02528328  -0.00000000
  0.00091386  -0.00000000    -0.00023408   0.00000000    -0.00018726   0.00000000
   20   12
  0.00024798   0.00000000     0.00076326   0.00000000    -0.00006994  -0.00000000
  0.00025198   0.00000000     0.00004169   0.00000000     0.00028158   0.00000000
 -0.00019257  -0.00000000    -0.00001496  -0.00000000    -0.00007047  -0.00000000
   20   13
  0.00036550   0.00000000     0.00005419   0.00000000    -0.00000727  -0.00000000
 -0.00037220  -0.00000000    -0.00024518  -0.00000000    -0.00002576  -0.00000000
  0.00023745   0.00000000     0.00015202   0.00000000    -0.00000666  -0.00000000
   20   14
  0.00012073  -0.00000000    -0.00047839   0.00000000    -0.00002864   0.00000000
 -0.00039836   0.00000000     0.00031320  -0.00000000    -0.00002128   0.00000000
  0.00005675  -0.00000000    -0.00001608   0.00000000    -0.00005349   0.00000000
   20   15
  0.00109372  -0.00000000    -0.00590161   0.00000000     0.00668220  -0.00000000
 -0.00594723   0.00000000     0.01289077  -0.00000000    -0.01638831   0.00000000
 -0.00687362   0.00000000     0.01663770  -0.00000000    -0.02315752   0.00000000
   20   16
 -0.00030780  -0.00000000     0.00055113   0.00000000    -0.00020553  -0.00000000
  0.00064815   0.00000000    -0.00094304  -0.00000000     0.00045948   0.00000000
 -0.00005493  -0.00000000     0.00020563   0.00000000    -0.00040867  -0.00000000
   20   17
  0.00000384   0.00000000    -0.00028253  -0.00000000    -0.00029204  -0.00000000
 -0.00023403  -0.00000000     0.00003130   0.00000000     0.00008366   0.00000000
  0.00023083   0.00000000    -0.00008459  -0.00000000     0.00002945   0.00000000
   20   18
  0.00001742  -0.00000000    -0.00001097   0.00000000     0.00006090  -0.00000000
 -0.00005961   0.00000000    -0.00001748   0.00000000     0.00012702  -0.00000000
  0.00014526  -0.00000000     0.00000045  -0.00000000     0.00003872  -0.00000000
   20   19
 -0.00001687  -0.00000000     0.00068395   0.00000000     0.00003108   0.00000000
  0.00068395   0.00000000    -0.00077771  -0.00000000    -0.00032767  -0.00000000
 -0.00003108  -0.00000000     0.00032767   0.00000000    -0.00000631  -0.00000000
   20   20
  0.07138689   0.00000000    -0.04305338   0.00000000     0.05602230   0.00000000
 -0.04305338   0.00000000     0.14909286   0.00000000    -0.14555486   0.00000000
  0.05602230   0.00000000    -0.14555486   0.00000000     0.28253063   0.00000000
   20   21
  0.00000000   0.00000000     0.00004979  -0.00000000     0.00019949  -0.00000000
  0.00004979  -0.00000000    -0.00000000  -0.00000000     0.00010134  -0.00000000
 -0.00019949   0.00000000     0.00010134  -0.00000000     0.00000000   0.00000000
   20   22
 -0.00000000  -0.00000000    -0.00003922  -0.00000000    -0.00014562  -0.00000000
 -0.00003922  -0.00000000     0.00000000   0.00000000    -0.00010821  -0.00000000
 -0.00014562  -0.00000000     0.00010821   0.00000000     0.00000000   0.00000000
   21    1
 -0.00461620  -0.00000000    -0.00025728  -0.00000000     0.00197132   0.00000000
  0.00053964   0.00000000     0.00025682   0.00000000     0.00034049   0.00000000
  0.00086148   0.00000000    -0.00029881  -0.00000000    -0.00295780  -0.00000000
   21    2
 -0.00307978  -0.00000000     0.00122283   0.00000000    -0.00118843  -0.00000000
  0.00068335   0.00000000    -0.00278963  -0.00000000     0.00003545   0.00000000
  0.00118408   0.00000000     0.00258387   0.00000000     0.00234318   0.00000000
   21    3
 -0.00058547   0.00000000    -0.00043817   0.00000000     0.00009944  -0.00000000
 -0.00044637   0.00000000    -0.00100260   0.00000000    -0.00069488   0.00000000
 -0.00046301   0.00000000    -0.00058760   0.00000000    -0.00085101   0.00000000
   21    4
 -0.00028550  -0.00000000     0.00013785   0.00000000    -0.00012199  -0.00000000
  0.00045469   0.00000000     0.00042016   0.00000000    -0.00031097  -0.00000000
 -0.00005534  -0.00000000     0.00012137   0.00000000    -0.00079429  -0.00000000
   21    5
 -0.00110320  -0.00000000    -0.00018841  -0.00000000     0.00003954   0.00000000
 -0.00055637  -0.00000000    -0.00050345  -0.00000000    -0.00012773  -0.00000000
 -0.00024672  -0.00000000     0.00023376   0.00000000    -0.00012138  -0.00000000
   21    6
 -0.05940738   0.00000000    -0.03643374   0.00000000    -0.04935150   0.00000000
 -0.03599794   0.00000000    -0.13426791   0.00000000    -0.12992171   0.00000000
 -0.04897242   0.00000000    -0.13000914   0.00000000    -0.25668447   0.00000000
   21    7
  0.00014725   0.00000000    -0.00028732  -0.00000000    -0.00007410  -0.00000000
 -0.00038508  -0.00000000    -0.00013189  -0.00000000    -0.00003201  -0.00000000
 -0.00019886  -0.00000000    -0.00005730  -0.00000000    -0.00014631  -0.00000000
   21    8
 -0.00095909   0.00000000    -0.00010281   0.00000000    -0.00002458   0.00000000
 -0.00039190   0.00000000     0.00006825  -0.00000000     0.00031578  -0.00000000
 -0.00030449   0.00000000    -0.00012401   0.00000000    -0.00012714   0.00000000
   21    9
  0.00021225   0.00000000     0.00027928   0.00000000     0.00011738   0.00000000
  0.00078665   0.00000000     0.00030889   0.00000000     0.00013423   0.00000000
  0.00021517   0.00000000     0.00005782   0.00000000    -0.00016614  -0.00000000
   21   10
  0.00659854   0.00000000     0.01946075   0.00000000     0.02972387   0.00000000
  0.00089763   0.00000000     0.00440019   0.00000000     0.00547955   0.00000000
  0.00053518   0.00000000    -0.00064238  -0.00000000    -0.00024893  -0.00000000
   21   11
 -0.00012073  -0.00000000    -0.00047839  -0.00000000     0.00002864   0.00000000
 -0.00039836  -0.00000000    -0.00031320  -0.00000000    -0.00002128  -0.00000000
 -0.00005675  -0.00000000    -0.00001608  -0.00000000     0.00005349   0.00000000
   21   12
 -0.00036550  -0.00000000     0.00005419   0.00000000     0.00000727   0.00000000
 -0.00037220  -0.00000000     0.00024518   0.00000000    -0.00002576  -0.00000000
 -0.00023745  -0.00000000     0.00015202   0.00000000     0.00000666   0.00000000
   21   13
  0.00024798   0.00000000    -0.00076326  -0.00000000    -0.00006994  -0.00000000
 -0.00025198  -0.00000000     0.00004169   0.00000000    -0.00028158  -0.00000000
 -0.00019257  -0.00000000     0.00001496   0.00000000    -0.00007047  -0.00000000
   21   14
  0.00430081  -0.00000000     0.00990079  -0.00000000     0.01622164  -0.00000000
 -0.00864955   0.00000000    -0.01651038   0.00000000    -0.02528328   0.00000000
  0.00091386  -0.00000000     0.00023408  -0.00000000    -0.00018726   0.00000000
   21   15
 -0.00001742   0.00000000    -0.00001097   0.00000000    -0.00006090   0.00000000
 -0.00005961   0.00000000     0.00001748  -0.00000000     0.00012702  -0.00000000
 -0.00014526   0.00000000     0.00000045  -0.00000000    -0.00003872   0.00000000
   21   16
 -0.00000384  -0.00000000    -0.00028253  -0.00000000     0.00029204   0.00000000
 -0.00023403  -0.00000000    -0.00003130  -0.00000000     0.00008366   0.00000000
 -0.00023083  -0.00000000    -0.00008459  -0.00000000    -0.00002945  -0.00000000
   21   17
 -0.00030780  -0.00000000    -0.00055113  -0.00000000    -0.00020553  -0.00000000
 -0.00064815  -0.00000000    -0.00094304  -0.00000000    -0.00045948  -0.00000000
 -0.00005493  -0.00000000    -0.00020563  -0.00000000    -0.00040867  -0.00000000
   21   18
  0.00109372  -0.00000000     0.00590161  -0.00000000     0.00668220  -0.00000000
  0.00594723  -0.00000000     0.01289077  -0.00000000     0.01638831  -0.00000000
 -0.00687362   0.00000000    -0.01663770   0.00000000    -0.02315752   0.00000000
   21   19
  0.00000000   0.00000000    -0.00003922  -0.00000000     0.00014562   0.00000000
 -0.00003922  -0.00000000    -0.00000000  -0.00000000    -0.00010821  -0.00000000
  0.00014562   0.00000000     0.00010821   0.00000000    -0.00000000  -0.00000000
   21   20
 -0.00000000  -0.00000000     0.00004979   0.00000000    -0.00019949  -0.00000000
  0.00004979   0.00000000     0.00000000   0.00000000     0.00010134   0.00000000
  0.00019949   0.00000000     0.00010134   0.00000000    -0.00000000  -0.00000000
   21   21
  0.07138689   0.00000000     0.04305338   0.00000000     0.05602230   0.00000000
  0.04305338   0.00000000     0.14909286   0.00000000     0.14555486   0.00000000
  0.05602230   0.00000000     0.14555486   0.00000000     0.28253063   0.00000000
   21   22
 -0.00001687  -0.00000000    -0.00068395  -0.00000000     0.00003108   0.00000000
 -0.00068395  -0.00000000    -0.00077771  -0.00000000     0.00032767   0.00000000
 -0.00003108  -0.00000000    -0.00032767  -0.00000000    -0.00000631  -0.00000000
   22    1
 -0.00461620   0.00000000    -0.00025728   0.00000000    -0.00197132   0.00000000
  0.00053964  -0.00000000     0.00025682  -0.00000000    -0.00034049   0.00000000
 -0.00086148   0.00000000     0.00029881  -0.00000000    -0.00295780   0.00000000
   22    2
 -0.00307978  -0.00000000     0.00122283   0.00000000     0.00118843   0.00000000
  0.00068335   0.00000000    -0.00278963  -0.00000000    -0.00003545  -0.00000000
 -0.00118408  -0.00000000    -0.00258387  -0.00000000     0.00234318   0.00000000
   22    3
 -0.00028550   0.00000000     0.00013785  -0.00000000     0.00012199  -0.00000000
  0.00045469  -0.00000000     0.00042016  -0.00000000     0.00031097  -0.00000000
  0.00005534  -0.00000000    -0.00012137   0.00000000    -0.00079429   0.00000000
   22    4
 -0.00058547   0.00000000    -0.00043817   0.00000000    -0.00009944   0.00000000
 -0.00044637   0.00000000    -0.00100260   0.00000000     0.00069488  -0.00000000
  0.00046301  -0.00000000     0.00058760  -0.00000000    -0.00085101   0.00000000
   22    5
 -0.05940738  -0.00000000    -0.03643374  -0.00000000     0.04935150   0.00000000
 -0.03599794  -0.00000000    -0.13426791  -0.00000000     0.12992171   0.00000000
  0.04897242   0.00000000     0.13000914   0.00000000    -0.25668447  -0.00000000
   22    6
 -0.00110320   0.00000000    -0.00018841   0.00000000    -0.00003954   0.00000000
 -0.00055637   0.00000000    -0.00050345   0.00000000     0.00012773  -0.00000000
  0.00024672  -0.00000000    -0.00023376   0.00000000    -0.00012138   0.00000000
   22    7
 -0.00095909   0.00000000    -0.00010281   0.00000000     0.00002458  -0.00000000
 -0.00039190   0.00000000     0.00006825  -0.00000000    -0.00031578   0.00000000
  0.00030449  -0.00000000     0.00012401  -0.00000000    -0.00012714   0.00000000
   22    8
  0.00014725  -0.00000000    -0.00028732   0.00000000     0.00007410  -0.00000000
 -0.00038508   0.00000000    -0.00013189   0.00000000     0.00003201  -0.00000000
  0.00019886  -0.00000000     0.00005730  -0.00000000    -0.00014631   0.00000000
   22    9
  0.00659854  -0.00000000     0.01946075  -0.00000000    -0.02972387   0.00000000
  0.00089763  -0.00000000     0.00440019  -0.00000000    -0.00547955   0.00000000
 -0.00053518   0.00000000     0.00064238  -0.00000000    -0.00024893   0.00000000
   22   10
  0.00021225   0.00000000     0.00027928   0.00000000    -0.00011738  -0.00000000
  0.00078665   0.00000000     0.00030889   0.00000000    -0.00013423  -0.00000000
 -0.00021517  -0.00000000    -0.00005782  -0.00000000    -0.00016614  -0.00000000
   22   11
 -0.00036550   0.00000000     0.00005419  -0.00000000    -0.00000727   0.00000000
 -0.00037220   0.00000000     0.00024518  -0.00000000     0.00002576  -0.00000000
  0.00023745  -0.00000000    -0.00015202   0.00000000     0.00000666  -0.00000000
   22   12
 -0.00012073   0.00000000    -0.00047839   0.00000000    -0.00002864   0.00000000
 -0.00039836   0.00000000    -0.00031320   0.00000000     0.00002128  -0.00000000
  0.00005675  -0.00000000     0.00001608  -0.00000000     0.00005349  -0.00000000
   22   13
  0.00430081  -0.00000000     0.00990079  -0.00000000    -0.01622164   0.00000000
 -0.00864955   0.00000000    -0.01651038   0.00000000     0.02528328  -0.00000000
 -0.00091386   0.00000000    -0.00023408   0.00000000    -0.00018726   0.00000000
   22   14
  0.00024798  -0.00000000    -0.00076326   0.00000000     0.00006994  -0.00000000
 -0.00025198   0.00000000     0.00004169  -0.00000000     0.00028158  -0.00000000
  0.00019257  -0.00000000    -0.00001496   0.00000000    -0.00007047   0.00000000
   22   15
 -0.00000384   0.00000000    -0.00028253   0.00000000    -0.00029204   0.00000000
 -0.00023403   0.00000000    -0.00003130   0.00000000    -0.00008366   0.00000000
  0.00023083  -0.00000000     0.00008459  -0.00000000    -0.00002945   0.00000000
   22   16
 -0.00001742   0.00000000    -0.00001097   0.00000000     0.00006090  -0.00000000
 -0.00005961   0.00000000     0.00001748  -0.00000000    -0.00012702   0.00000000
  0.00014526  -0.00000000    -0.00000045   0.00000000    -0.00003872   0.00000000
   22   17
  0.00109372  -0.00000000     0.00590161  -0.00000000    -0.00668220   0.00000000
  0.00594723  -0.00000000     0.01289077  -0.00000000    -0.01638831   0.00000000
  0.00687362  -0.00000000     0.01663770  -0.00000000    -0.02315752   0.00000000
   22   18
 -0.00030780   0.00000000    -0.00055113   0.00000000     0.00020553  -0.00000000
 -0.00064815   0.00000000    -0.00094304   0.00000000     0.00045948  -0.00000000
  0.00005493  -0.00000000     0.00020563  -0.00000000    -0.00040867   0.00000000
   22   19
 -0.00000000   0.00000000     0.00004979  -0.00000000     0.00019949  -0.00000000
  0.00004979  -0.00000000     0.00000000  -0.00000000    -0.00010134   0.00000000
 -0.00019949   0.00000000    -0.00010134   0.00000000    -0.00000000   0.00000000
   22   20
  0.00000000  -0.00000000    -0.00003922   0.00000000    -0.00014562   0.00000000
 -0.00003922   0.00000000    -0.00000000   0.00000000     0.00010821  -0.00000000
 -0.00014562   0.00000000    -0.00010821   0.00000000    -0.00000000   0.00000000
   22   21
 -0.00001687   0.00000000    -0.00068395   0.00000000    -0.00003108   0.00000000
 -0.00068395   0.00000000    -0.00077771   0.00000000    -0.00032767   0.00000000
  0.00003108  -0.00000000     0.00032767  -0.00000000    -0.00000631   0.00000000
   22   22
  0.07138689   0.00000000     0.04305338   0.00000000    -0.05602230   0.00000000
  0.04305338   0.00000000     0.14909286   0.00000000    -0.14555486   0.00000000
 -0.05602230   0.00000000    -0.14555486   0.00000000     0.28253063   0.00000000

     Diagonalizing the dynamical matrix

     q = (   -0.500000000  -0.499148707   0.000000000 ) 

 **************************************************************************
     freq (    1) =       0.967326 [THz] =      32.266508 [cm-1]
 (  0.041533 -0.000000 -0.313872  0.000000 -0.000000  0.000000 ) 
 ( -0.311730  0.000000  0.044837 -0.000000  0.000000 -0.000000 ) 
 (  0.119677 -0.000000 -0.198226  0.000000  0.000455 -0.000000 ) 
 (  0.119677 -0.000000 -0.198226  0.000000 -0.000455  0.000000 ) 
 ( -0.118225  0.000000 -0.022749  0.000000  0.000655 -0.000000 ) 
 ( -0.118225  0.000000 -0.022749  0.000000 -0.000655  0.000000 ) 
 (  0.094099 -0.000000 -0.306293  0.000000  0.001944 -0.000000 ) 
 (  0.094099 -0.000000 -0.306293  0.000000 -0.001944  0.000000 ) 
 (  0.139199 -0.000000 -0.075858  0.000000 -0.000024  0.000000 ) 
 (  0.139199 -0.000000 -0.075858  0.000000  0.000024  0.000000 ) 
 (  0.021059 -0.000000 -0.137564  0.000000 -0.003063  0.000000 ) 
 (  0.021059 -0.000000 -0.137564  0.000000  0.003063 -0.000000 ) 
 ( -0.202990  0.000000 -0.070733  0.000000  0.000780 -0.000000 ) 
 ( -0.202990  0.000000 -0.070733  0.000000 -0.000780  0.000000 ) 
 (  0.180446 -0.000000 -0.174833  0.000000  0.003269 -0.000000 ) 
 (  0.180446 -0.000000 -0.174833  0.000000 -0.003269  0.000000 ) 
 ( -0.068112  0.000000 -0.041605  0.000000  0.000878  0.000000 ) 
 ( -0.068112  0.000000 -0.041605  0.000000 -0.000878  0.000000 ) 
 (  0.184818 -0.000000 -0.169900  0.000000  0.000296  0.000000 ) 
 (  0.184818 -0.000000 -0.169900  0.000000 -0.000296  0.000000 ) 
 ( -0.067503  0.000000 -0.041185  0.000000 -0.000781  0.000000 ) 
 ( -0.067503  0.000000 -0.041185  0.000000  0.000781 -0.000000 ) 
     freq (    2) =       0.967326 [THz] =      32.266508 [cm-1]
 ( -0.311730  0.000000 -0.044837  0.000000  0.000000  0.000000 ) 
 ( -0.041533  0.000000 -0.313872  0.000000  0.000000  0.000000 ) 
 ( -0.118225  0.000000  0.022749  0.000000 -0.000655  0.000000 ) 
 ( -0.118225  0.000000  0.022749  0.000000  0.000655  0.000000 ) 
 ( -0.119677  0.000000 -0.198226  0.000000  0.000455  0.000000 ) 
 ( -0.119677  0.000000 -0.198226  0.000000 -0.000455  0.000000 ) 
 ( -0.139199  0.000000 -0.075858  0.000000 -0.000024  0.000000 ) 
 ( -0.139199  0.000000 -0.075858  0.000000  0.000024  0.000000 ) 
 (  0.094099  0.000000  0.306293  0.000000 -0.001944  0.000000 ) 
 (  0.094099  0.000000  0.306293  0.000000  0.001944  0.000000 ) 
 ( -0.202990  0.000000  0.070733  0.000000 -0.000780  0.000000 ) 
 ( -0.202990  0.000000  0.070733  0.000000  0.000780  0.000000 ) 
 ( -0.021059  0.000000 -0.137564  0.000000 -0.003063  0.000000 ) 
 ( -0.021059  0.000000 -0.137564  0.000000  0.003063  0.000000 ) 
 ( -0.068112  0.000000  0.041605  0.000000 -0.000878  0.000000 ) 
 ( -0.068112  0.000000  0.041605  0.000000  0.000878  0.000000 ) 
 ( -0.180446  0.000000 -0.174833  0.000000  0.003269  0.000000 ) 
 ( -0.180446  0.000000 -0.174833  0.000000 -0.003269  0.000000 ) 
 ( -0.067503  0.000000  0.041185  0.000000  0.000781  0.000000 ) 
 ( -0.067503  0.000000  0.041185  0.000000 -0.000781  0.000000 ) 
 ( -0.184818  0.000000 -0.169900  0.000000  0.000296  0.000000 ) 
 ( -0.184818  0.000000 -0.169900  0.000000 -0.000296  0.000000 ) 
     freq (    3) =       1.240737 [THz] =      41.386527 [cm-1]
 ( -0.000000  0.000000  0.000000  0.000000 -0.358968  0.000000 ) 
 (  0.000000  0.000000  0.000000  0.000000  0.169537  0.000000 ) 
 ( -0.002722  0.000000 -0.006775  0.000000 -0.269052  0.000000 ) 
 (  0.002722  0.000000  0.006775  0.000000 -0.269052  0.000000 ) 
 (  0.006744  0.000000 -0.005101  0.000000  0.070946  0.000000 ) 
 ( -0.006744  0.000000  0.005101  0.000000  0.070946  0.000000 ) 
 (  0.000612  0.000000  0.009591  0.000000 -0.285449  0.000000 ) 
 ( -0.000612  0.000000 -0.009591  0.000000 -0.285449  0.000000 ) 
 ( -0.005633  0.000000 -0.000039  0.000000 -0.137310  0.000000 ) 
 (  0.005633  0.000000  0.000039  0.000000 -0.137310  0.000000 ) 
 (  0.010878  0.000000 -0.015098  0.000000 -0.271987  0.000000 ) 
 ( -0.010878  0.000000  0.015098  0.000000 -0.271987  0.000000 ) 
 (  0.003436  0.000000 -0.007356  0.000000  0.127900  0.000000 ) 
 ( -0.003436  0.000000  0.007356  0.000000  0.127900  0.000000 ) 
 (  0.001510  0.000000 -0.026493  0.000000 -0.252757  0.000000 ) 
 ( -0.001510  0.000000  0.026493  0.000000 -0.252757  0.000000 ) 
 (  0.059759  0.000000  0.087814  0.000000 -0.008429  0.000000 ) 
 ( -0.059759  0.000000 -0.087814  0.000000 -0.008429  0.000000 ) 
 (  0.027286  0.000000 -0.004157  0.000000 -0.253100  0.000000 ) 
 ( -0.027286  0.000000  0.004157  0.000000 -0.253100  0.000000 ) 
 (  0.041585  0.000000  0.099410  0.000000 -0.008282  0.000000 ) 
 ( -0.041585  0.000000 -0.099410  0.000000 -0.008282  0.000000 ) 
     freq (    4) =       1.240737 [THz] =      41.386527 [cm-1]
 ( -0.000000  0.000000 -0.000000  0.000000 -0.169537  0.000000 ) 
 ( -0.000000  0.000000 -0.000000  0.000000 -0.358968  0.000000 ) 
 (  0.006744  0.000000  0.005101  0.000000 -0.070946  0.000000 ) 
 ( -0.006744  0.000000 -0.005101  0.000000 -0.070946  0.000000 ) 
 (  0.002722  0.000000 -0.006775  0.000000 -0.269052  0.000000 ) 
 ( -0.002722  0.000000  0.006775  0.000000 -0.269052  0.000000 ) 
 (  0.005633  0.000000 -0.000039  0.000000 -0.137310  0.000000 ) 
 ( -0.005633  0.000000  0.000039  0.000000 -0.137310  0.000000 ) 
 (  0.000612  0.000000 -0.009591  0.000000  0.285449  0.000000 ) 
 ( -0.000612  0.000000  0.009591  0.000000  0.285449  0.000000 ) 
 (  0.003436  0.000000  0.007356  0.000000 -0.127900  0.000000 ) 
 ( -0.003436  0.000000 -0.007356  0.000000 -0.127900  0.000000 ) 
 ( -0.010878  0.000000 -0.015098  0.000000 -0.271987  0.000000 ) 
 (  0.010878  0.000000  0.015098  0.000000 -0.271987  0.000000 ) 
 (  0.059759  0.000000 -0.087814  0.000000  0.008429  0.000000 ) 
 ( -0.059759  0.000000  0.087814  0.000000  0.008429  0.000000 ) 
 ( -0.001510  0.000000 -0.026493  0.000000 -0.252757  0.000000 ) 
 (  0.001510  0.000000  0.026493  0.000000 -0.252757  0.000000 ) 
 (  0.041585  0.000000 -0.099410  0.000000  0.008282  0.000000 ) 
 ( -0.041585  0.000000  0.099410  0.000000  0.008282  0.000000 ) 
 ( -0.027286  0.000000 -0.004157  0.000000 -0.253100  0.000000 ) 
 (  0.027286  0.000000  0.004157  0.000000 -0.253100  0.000000 ) 
     freq (    5) =       2.034535 [THz] =      67.864790 [cm-1]
 ( -0.214929  0.000000 -0.008644  0.000000  0.000000  0.000000 ) 
 (  0.010666  0.000000  0.202822 -0.000000  0.000000  0.000000 ) 
 ( -0.060517  0.000000  0.003955  0.000000 -0.004214  0.000000 ) 
 ( -0.060517  0.000000  0.003955  0.000000  0.004214  0.000000 ) 
 ( -0.124259  0.000000  0.217746 -0.000000 -0.004099  0.000000 ) 
 ( -0.124259  0.000000  0.217746 -0.000000  0.004099 -0.000000 ) 
 ( -0.095330  0.000000 -0.134215  0.000000 -0.003179  0.000000 ) 
 ( -0.095330  0.000000 -0.134215  0.000000  0.003179 -0.000000 ) 
 (  0.089136  0.000000 -0.071011  0.000000 -0.000634  0.000000 ) 
 (  0.089136  0.000000 -0.071011  0.000000  0.000634  0.000000 ) 
 ( -0.189254  0.000000  0.080573  0.000000 -0.006529  0.000000 ) 
 ( -0.189254  0.000000  0.080573  0.000000  0.006529  0.000000 ) 
 (  0.010334  0.000000  0.295407 -0.000000 -0.003749  0.000000 ) 
 (  0.010334  0.000000  0.295407 -0.000000  0.003749 -0.000000 ) 
 (  0.016212  0.000000  0.036421  0.000000 -0.006499  0.000000 ) 
 (  0.016212  0.000000  0.036421  0.000000  0.006499  0.000000 ) 
 ( -0.204431  0.000000  0.256505 -0.000000 -0.009472  0.000000 ) 
 ( -0.204431  0.000000  0.256505 -0.000000  0.009472 -0.000000 ) 
 (  0.018562  0.000000  0.040397  0.000000 -0.000236  0.000000 ) 
 (  0.018562  0.000000  0.040397  0.000000  0.000236 -0.000000 ) 
 ( -0.210403  0.000000  0.253532 -0.000000  0.001974  0.000000 ) 
 ( -0.210403  0.000000  0.253532 -0.000000 -0.001974  0.000000 ) 
     freq (    6) =       2.034535 [THz] =      67.864790 [cm-1]
 ( -0.010666  0.000000  0.202822 -0.000000  0.000000 -0.000000 ) 
 ( -0.214929  0.000000  0.008644  0.000000 -0.000000  0.000000 ) 
 (  0.124259  0.000000  0.217746 -0.000000 -0.004099  0.000000 ) 
 (  0.124259  0.000000  0.217746 -0.000000  0.004099 -0.000000 ) 
 ( -0.060517  0.000000 -0.003955  0.000000  0.004214  0.000000 ) 
 ( -0.060517  0.000000 -0.003955  0.000000 -0.004214  0.000000 ) 
 (  0.089136  0.000000  0.071011  0.000000  0.000634  0.000000 ) 
 (  0.089136  0.000000  0.071011  0.000000 -0.000634  0.000000 ) 
 (  0.095330 -0.000000 -0.134215  0.000000 -0.003179  0.000000 ) 
 (  0.095330 -0.000000 -0.134215  0.000000  0.003179 -0.000000 ) 
 ( -0.010334  0.000000  0.295407 -0.000000 -0.003749  0.000000 ) 
 ( -0.010334  0.000000  0.295407 -0.000000  0.003749 -0.000000 ) 
 ( -0.189254  0.000000 -0.080573  0.000000  0.006529  0.000000 ) 
 ( -0.189254  0.000000 -0.080573  0.000000 -0.006529  0.000000 ) 
 (  0.204431 -0.000000  0.256505 -0.000000 -0.009472  0.000000 ) 
 (  0.204431 -0.000000  0.256505 -0.000000  0.009472 -0.000000 ) 
 (  0.016212  0.000000 -0.036421  0.000000  0.006499  0.000000 ) 
 (  0.016212  0.000000 -0.036421  0.000000 -0.006499  0.000000 ) 
 (  0.210403 -0.000000  0.253532 -0.000000  0.001974  0.000000 ) 
 (  0.210403 -0.000000  0.253532 -0.000000 -0.001974  0.000000 ) 
 (  0.018562  0.000000 -0.040397  0.000000  0.000236 -0.000000 ) 
 (  0.018562  0.000000 -0.040397  0.000000 -0.000236  0.000000 ) 
     freq (    7) =       4.584834 [THz] =     152.933594 [cm-1]
 ( -0.000000  0.000000  0.000000 -0.000000  0.001050 -0.000000 ) 
 ( -0.000000  0.000000  0.000000 -0.000000  0.001007 -0.000000 ) 
 (  0.062904 -0.000000 -0.003276  0.000000  0.006764 -0.000000 ) 
 ( -0.062904  0.000000  0.003276  0.000000  0.006764 -0.000000 ) 
 (  0.180483 -0.000000 -0.198269  0.000000 -0.001911  0.000000 ) 
 ( -0.180483  0.000000  0.198269 -0.000000 -0.001911  0.000000 ) 
 (  0.087004 -0.000000  0.108550 -0.000000  0.008939 -0.000000 ) 
 ( -0.087004  0.000000 -0.108550  0.000000  0.008939 -0.000000 ) 
 ( -0.138803  0.000000 -0.004070  0.000000 -0.000571  0.000000 ) 
 (  0.138803 -0.000000  0.004070 -0.000000 -0.000571  0.000000 ) 
 (  0.166009 -0.000000 -0.065876  0.000000  0.018763 -0.000000 ) 
 ( -0.166009  0.000000  0.065876  0.000000  0.018763 -0.000000 ) 
 (  0.014800  0.000000 -0.291094  0.000000  0.013127 -0.000000 ) 
 ( -0.014800  0.000000  0.291094 -0.000000  0.013127 -0.000000 ) 
 ( -0.010175  0.000000 -0.025350  0.000000  0.001474 -0.000000 ) 
 (  0.010175  0.000000  0.025350  0.000000  0.001474 -0.000000 ) 
 (  0.271201 -0.000000 -0.223851  0.000000 -0.009455  0.000000 ) 
 ( -0.271201  0.000000  0.223851 -0.000000 -0.009455  0.000000 ) 
 (  0.012825  0.000000  0.049320  0.000000 -0.002738  0.000000 ) 
 ( -0.012825  0.000000 -0.049320  0.000000 -0.002738  0.000000 ) 
 ( -0.275335  0.000000  0.254793 -0.000000 -0.013162  0.000000 ) 
 (  0.275335 -0.000000 -0.254793  0.000000 -0.013162  0.000000 ) 
     freq (    8) =       4.584834 [THz] =     152.933594 [cm-1]
 ( -0.000000  0.000000  0.000000  0.000000  0.001007  0.000000 ) 
 ( -0.000000  0.000000 -0.000000  0.000000 -0.001050  0.000000 ) 
 ( -0.180483  0.000000 -0.198269  0.000000 -0.001911  0.000000 ) 
 (  0.180483  0.000000  0.198269  0.000000 -0.001911  0.000000 ) 
 (  0.062904  0.000000  0.003276  0.000000 -0.006764  0.000000 ) 
 ( -0.062904  0.000000 -0.003276  0.000000 -0.006764  0.000000 ) 
 ( -0.138803  0.000000  0.004070  0.000000  0.000571  0.000000 ) 
 (  0.138803  0.000000 -0.004070  0.000000  0.000571  0.000000 ) 
 ( -0.087004  0.000000  0.108550  0.000000  0.008939  0.000000 ) 
 (  0.087004  0.000000 -0.108550  0.000000  0.008939  0.000000 ) 
 ( -0.014800  0.000000 -0.291094  0.000000  0.013127  0.000000 ) 
 (  0.014800  0.000000  0.291094  0.000000  0.013127  0.000000 ) 
 (  0.166009  0.000000  0.065876  0.000000 -0.018763  0.000000 ) 
 ( -0.166009  0.000000 -0.065876  0.000000 -0.018763  0.000000 ) 
 ( -0.271201  0.000000 -0.223851  0.000000 -0.009455  0.000000 ) 
 (  0.271201  0.000000  0.223851  0.000000 -0.009455  0.000000 ) 
 ( -0.010175  0.000000  0.025350  0.000000 -0.001474  0.000000 ) 
 (  0.010175  0.000000 -0.025350  0.000000 -0.001474  0.000000 ) 
 (  0.275335  0.000000  0.254793  0.000000 -0.013162  0.000000 ) 
 ( -0.275335  0.000000 -0.254793  0.000000 -0.013162  0.000000 ) 
 (  0.012825  0.000000 -0.049320  0.000000  0.002738  0.000000 ) 
 ( -0.012825  0.000000  0.049320  0.000000  0.002738  0.000000 ) 
     freq (    9) =       5.369340 [THz] =     179.101891 [cm-1]
 (  0.011232  0.000000  0.025444  0.000000 -0.000000  0.000000 ) 
 (  0.009068  0.000000 -0.041493  0.000000  0.000000  0.000000 ) 
 (  0.122099  0.000000 -0.150516  0.000000 -0.007488  0.000000 ) 
 (  0.122099  0.000000 -0.150516  0.000000  0.007488  0.000000 ) 
 ( -0.161625  0.000000  0.190723  0.000000  0.001007  0.000000 ) 
 ( -0.161625  0.000000  0.190723  0.000000 -0.001007  0.000000 ) 
 (  0.139482  0.000000 -0.058321  0.000000 -0.004717  0.000000 ) 
 (  0.139482  0.000000 -0.058321  0.000000  0.004717  0.000000 ) 
 (  0.150555  0.000000 -0.141214  0.000000 -0.002719  0.000000 ) 
 (  0.150555  0.000000 -0.141214  0.000000  0.002719  0.000000 ) 
 (  0.210742  0.000000 -0.200476  0.000000 -0.005231  0.000000 ) 
 (  0.210742  0.000000 -0.200476  0.000000  0.005231  0.000000 ) 
 ( -0.129500  0.000000  0.200113  0.000000 -0.003325  0.000000 ) 
 ( -0.129500  0.000000  0.200113  0.000000  0.003325  0.000000 ) 
 (  0.062387  0.000000 -0.172741  0.000000 -0.009777  0.000000 ) 
 (  0.062387  0.000000 -0.172741  0.000000  0.009777  0.000000 ) 
 ( -0.156802  0.000000  0.185163  0.000000  0.004227  0.000000 ) 
 ( -0.156802  0.000000  0.185163  0.000000 -0.004227  0.000000 ) 
 (  0.064309  0.000000 -0.178486  0.000000  0.009284  0.000000 ) 
 (  0.064309  0.000000 -0.178486  0.000000 -0.009284  0.000000 ) 
 ( -0.161364  0.000000  0.191849  0.000000 -0.000871  0.000000 ) 
 ( -0.161364  0.000000  0.191849  0.000000  0.000871  0.000000 ) 
     freq (   10) =       5.369340 [THz] =     179.101891 [cm-1]
 ( -0.009068  0.000000 -0.041493  0.000000 -0.000000  0.000000 ) 
 (  0.011232  0.000000 -0.025444  0.000000  0.000000  0.000000 ) 
 (  0.161625  0.000000  0.190723  0.000000  0.001007  0.000000 ) 
 (  0.161625  0.000000  0.190723  0.000000 -0.001007  0.000000 ) 
 (  0.122099  0.000000  0.150516  0.000000  0.007488  0.000000 ) 
 (  0.122099  0.000000  0.150516  0.000000 -0.007488  0.000000 ) 
 (  0.150555  0.000000  0.141214  0.000000  0.002719  0.000000 ) 
 (  0.150555  0.000000  0.141214  0.000000 -0.002719  0.000000 ) 
 ( -0.139482  0.000000 -0.058321  0.000000 -0.004717  0.000000 ) 
 ( -0.139482  0.000000 -0.058321  0.000000  0.004717  0.000000 ) 
 (  0.129500  0.000000  0.200113  0.000000 -0.003325  0.000000 ) 
 (  0.129500  0.000000  0.200113  0.000000  0.003325  0.000000 ) 
 (  0.210742  0.000000  0.200476  0.000000  0.005231  0.000000 ) 
 (  0.210742  0.000000  0.200476  0.000000 -0.005231  0.000000 ) 
 (  0.156802  0.000000  0.185163  0.000000  0.004227  0.000000 ) 
 (  0.156802  0.000000  0.185163  0.000000 -0.004227  0.000000 ) 
 (  0.062387  0.000000  0.172741  0.000000  0.009777  0.000000 ) 
 (  0.062387  0.000000  0.172741  0.000000 -0.009777  0.000000 ) 
 (  0.161364  0.000000  0.191849  0.000000 -0.000871  0.000000 ) 
 (  0.161364  0.000000  0.191849  0.000000  0.000871  0.000000 ) 
 (  0.064309  0.000000  0.178486  0.000000 -0.009284  0.000000 ) 
 (  0.064309  0.000000  0.178486  0.000000  0.009284  0.000000 ) 
     freq (   11) =       6.051523 [THz] =     201.857095 [cm-1]
 ( -0.000000  0.000000  0.000000  0.000000 -0.035175  0.000000 ) 
 (  0.000000 -0.000000  0.000000 -0.000000  0.027666 -0.000000 ) 
 ( -0.002150  0.000000  0.003374 -0.000000  0.273277  0.000000 ) 
 (  0.002150 -0.000000 -0.003374  0.000000  0.273277  0.000000 ) 
 (  0.006672  0.000000  0.008409  0.000000 -0.126901  0.000000 ) 
 ( -0.006672  0.000000 -0.008409  0.000000 -0.126901  0.000000 ) 
 ( -0.003980  0.000000 -0.004270  0.000000  0.159619  0.000000 ) 
 (  0.003980 -0.000000  0.004270 -0.000000  0.159619  0.000000 ) 
 ( -0.010998  0.000000  0.015301  0.000000  0.078890 -0.000000 ) 
 (  0.010998  0.000000 -0.015301  0.000000  0.078890 -0.000000 ) 
 ( -0.008752  0.000000  0.007665 -0.000000  0.190240  0.000000 ) 
 (  0.008752 -0.000000 -0.007665  0.000000  0.190240  0.000000 ) 
 (  0.028119  0.000000  0.020899  0.000000 -0.139111  0.000000 ) 
 ( -0.028119  0.000000 -0.020899  0.000000 -0.139111  0.000000 ) 
 (  0.047694  0.000000 -0.102707  0.000000  0.353782  0.000000 ) 
 ( -0.047694  0.000000  0.102707 -0.000000  0.353782  0.000000 ) 
 (  0.024592 -0.000000  0.021556 -0.000000 -0.138886  0.000000 ) 
 ( -0.024592  0.000000 -0.021556  0.000000 -0.138886  0.000000 ) 
 (  0.042320  0.000000 -0.112740  0.000000  0.354360  0.000000 ) 
 ( -0.042320  0.000000  0.112740 -0.000000  0.354360  0.000000 ) 
 (  0.040031 -0.000000 -0.007961  0.000000 -0.137854  0.000000 ) 
 ( -0.040031  0.000000  0.007961  0.000000 -0.137854  0.000000 ) 
     freq (   12) =       6.051523 [THz] =     201.857095 [cm-1]
 (  0.000000  0.000000  0.000000  0.000000 -0.027666  0.000000 ) 
 ( -0.000000  0.000000 -0.000000  0.000000 -0.035175  0.000000 ) 
 (  0.006672  0.000000 -0.008409  0.000000  0.126901  0.000000 ) 
 ( -0.006672  0.000000  0.008409  0.000000  0.126901  0.000000 ) 
 (  0.002150  0.000000  0.003374  0.000000  0.273277  0.000000 ) 
 ( -0.002150  0.000000 -0.003374  0.000000  0.273277  0.000000 ) 
 (  0.010998  0.000000  0.015301  0.000000  0.078890  0.000000 ) 
 ( -0.010998  0.000000 -0.015301  0.000000  0.078890  0.000000 ) 
 ( -0.003980  0.000000  0.004270  0.000000 -0.159619  0.000000 ) 
 (  0.003980  0.000000 -0.004270  0.000000 -0.159619  0.000000 ) 
 (  0.028119  0.000000 -0.020899  0.000000  0.139111  0.000000 ) 
 ( -0.028119  0.000000  0.020899  0.000000  0.139111  0.000000 ) 
 (  0.008752  0.000000  0.007665  0.000000  0.190240  0.000000 ) 
 ( -0.008752  0.000000 -0.007665  0.000000  0.190240  0.000000 ) 
 (  0.024592  0.000000 -0.021556  0.000000  0.138886  0.000000 ) 
 ( -0.024592  0.000000  0.021556  0.000000  0.138886  0.000000 ) 
 ( -0.047694  0.000000 -0.102707  0.000000  0.353782  0.000000 ) 
 (  0.047694  0.000000  0.102707  0.000000  0.353782  0.000000 ) 
 (  0.040031  0.000000  0.007961  0.000000  0.137854  0.000000 ) 
 ( -0.040031  0.000000 -0.007961  0.000000  0.137854  0.000000 ) 
 ( -0.042320  0.000000 -0.112740  0.000000  0.354360  0.000000 ) 
 (  0.042320  0.000000  0.112740  0.000000  0.354360  0.000000 ) 
     freq (   13) =       6.386507 [THz] =     213.030937 [cm-1]
 (  0.013663  0.000000 -0.007876  0.000000  0.000000 -0.000000 ) 
 (  0.002300 -0.000000 -0.004223  0.000000  0.000000 -0.000000 ) 
 ( -0.050500  0.000000  0.052580 -0.000000 -0.280701  0.000000 ) 
 ( -0.050500  0.000000  0.052580 -0.000000  0.280701  0.000000 ) 
 ( -0.056648  0.000000  0.016762  0.000000  0.014841 -0.000000 ) 
 ( -0.056648  0.000000  0.016762  0.000000 -0.014841  0.000000 ) 
 ( -0.058878  0.000000  0.006623  0.000000 -0.165679  0.000000 ) 
 ( -0.058878  0.000000  0.006623  0.000000  0.165679  0.000000 ) 
 (  0.046765 -0.000000  0.024353 -0.000000 -0.027607  0.000000 ) 
 (  0.046765 -0.000000  0.024353 -0.000000  0.027607 -0.000000 ) 
 ( -0.092869  0.000000  0.077964 -0.000000 -0.186153  0.000000 ) 
 ( -0.092869  0.000000  0.077964 -0.000000  0.186153  0.000000 ) 
 ( -0.023905  0.000000  0.032580  0.000000  0.019360 -0.000000 ) 
 ( -0.023905  0.000000  0.032580  0.000000 -0.019360  0.000000 ) 
 ( -0.060668  0.000000  0.187221 -0.000000 -0.368460  0.000000 ) 
 ( -0.060668  0.000000  0.187221 -0.000000  0.368460 -0.000000 ) 
 ( -0.062448  0.000000  0.032858  0.000000  0.005970 -0.000000 ) 
 ( -0.062448  0.000000  0.032858  0.000000 -0.005970  0.000000 ) 
 (  0.027852 -0.000000 -0.055942  0.000000  0.368752 -0.000000 ) 
 (  0.027852 -0.000000 -0.055942  0.000000 -0.368752  0.000000 ) 
 ( -0.080607  0.000000  0.015052 -0.000000 -0.007929  0.000000 ) 
 ( -0.080607  0.000000  0.015052 -0.000000  0.007929 -0.000000 ) 
     freq (   14) =       6.386507 [THz] =     213.030937 [cm-1]
 (  0.002300  0.000000  0.004223  0.000000 -0.000000  0.000000 ) 
 ( -0.013663  0.000000 -0.007876  0.000000 -0.000000  0.000000 ) 
 ( -0.056648  0.000000 -0.016762  0.000000 -0.014841  0.000000 ) 
 ( -0.056648  0.000000 -0.016762  0.000000  0.014841  0.000000 ) 
 (  0.050500  0.000000  0.052580  0.000000 -0.280701  0.000000 ) 
 (  0.050500  0.000000  0.052580  0.000000  0.280701  0.000000 ) 
 ( -0.046765  0.000000  0.024353  0.000000 -0.027607  0.000000 ) 
 ( -0.046765  0.000000  0.024353  0.000000  0.027607  0.000000 ) 
 ( -0.058878  0.000000 -0.006623  0.000000  0.165679  0.000000 ) 
 ( -0.058878  0.000000 -0.006623  0.000000 -0.165679  0.000000 ) 
 ( -0.023905  0.000000 -0.032580  0.000000 -0.019360  0.000000 ) 
 ( -0.023905  0.000000 -0.032580  0.000000  0.019360  0.000000 ) 
 (  0.092869  0.000000  0.077964  0.000000 -0.186153  0.000000 ) 
 (  0.092869  0.000000  0.077964  0.000000  0.186153  0.000000 ) 
 ( -0.062448  0.000000 -0.032858  0.000000 -0.005970  0.000000 ) 
 ( -0.062448  0.000000 -0.032858  0.000000  0.005970  0.000000 ) 
 (  0.060668  0.000000  0.187221  0.000000 -0.368460  0.000000 ) 
 (  0.060668  0.000000  0.187221  0.000000  0.368460  0.000000 ) 
 ( -0.080607  0.000000 -0.015052  0.000000  0.007929  0.000000 ) 
 ( -0.080607  0.000000 -0.015052  0.000000 -0.007929  0.000000 ) 
 ( -0.027852  0.000000 -0.055942  0.000000  0.368752  0.000000 ) 
 ( -0.027852  0.000000 -0.055942  0.000000 -0.368752  0.000000 ) 
     freq (   15) =       6.477690 [THz] =     216.072496 [cm-1]
 (  0.001462 -0.000000  0.015396 -0.000000  0.000000 -0.000000 ) 
 ( -0.038850  0.000000 -0.017366  0.000000  0.000000 -0.000000 ) 
 ( -0.160167  0.000000 -0.076130  0.000000 -0.005875  0.000000 ) 
 ( -0.160167  0.000000 -0.076130  0.000000  0.005875  0.000000 ) 
 (  0.156920 -0.000000  0.134728 -0.000000  0.103135 -0.000000 ) 
 (  0.156920 -0.000000  0.134728 -0.000000 -0.103135  0.000000 ) 
 ( -0.128251  0.000000  0.059148 -0.000000  0.004196 -0.000000 ) 
 ( -0.128251  0.000000  0.059148 -0.000000 -0.004196  0.000000 ) 
 ( -0.178526  0.000000 -0.013667  0.000000 -0.063986  0.000000 ) 
 ( -0.178526  0.000000 -0.013667  0.000000  0.063986 -0.000000 ) 
 ( -0.052106  0.000000 -0.129127  0.000000 -0.004070  0.000000 ) 
 ( -0.052106  0.000000 -0.129127  0.000000  0.004070  0.000000 ) 
 (  0.270375 -0.000000  0.204510 -0.000000  0.062268 -0.000000 ) 
 (  0.270375 -0.000000  0.204510 -0.000000 -0.062268  0.000000 ) 
 ( -0.219063  0.000000 -0.094658  0.000000 -0.008462  0.000000 ) 
 ( -0.219063  0.000000 -0.094658  0.000000  0.008462  0.000000 ) 
 (  0.049395 -0.000000  0.121624 -0.000000  0.137616 -0.000000 ) 
 (  0.049395 -0.000000  0.121624 -0.000000 -0.137616  0.000000 ) 
 ( -0.205894  0.000000 -0.105380  0.000000  0.013252  0.000000 ) 
 ( -0.205894  0.000000 -0.105380  0.000000 -0.013252  0.000000 ) 
 (  0.073850 -0.000000  0.220367 -0.000000 -0.137382  0.000000 ) 
 (  0.073850 -0.000000  0.220367 -0.000000  0.137382 -0.000000 ) 
     freq (   16) =       6.477690 [THz] =     216.072496 [cm-1]
 ( -0.038850  0.000000  0.017366  0.000000  0.000000  0.000000 ) 
 ( -0.001462  0.000000  0.015396  0.000000 -0.000000  0.000000 ) 
 (  0.156920  0.000000 -0.134728  0.000000 -0.103135  0.000000 ) 
 (  0.156920  0.000000 -0.134728  0.000000  0.103135  0.000000 ) 
 (  0.160167  0.000000 -0.076130  0.000000 -0.005875  0.000000 ) 
 (  0.160167  0.000000 -0.076130  0.000000  0.005875  0.000000 ) 
 (  0.178526  0.000000 -0.013667  0.000000 -0.063986  0.000000 ) 
 (  0.178526  0.000000 -0.013667  0.000000  0.063986  0.000000 ) 
 ( -0.128251  0.000000 -0.059148  0.000000 -0.004196  0.000000 ) 
 ( -0.128251  0.000000 -0.059148  0.000000  0.004196  0.000000 ) 
 (  0.270375  0.000000 -0.204510  0.000000 -0.062268  0.000000 ) 
 (  0.270375  0.000000 -0.204510  0.000000  0.062268  0.000000 ) 
 (  0.052106  0.000000 -0.129127  0.000000 -0.004070  0.000000 ) 
 (  0.052106  0.000000 -0.129127  0.000000  0.004070  0.000000 ) 
 (  0.049395  0.000000 -0.121624  0.000000 -0.137616  0.000000 ) 
 (  0.049395  0.000000 -0.121624  0.000000  0.137616  0.000000 ) 
 (  0.219063  0.000000 -0.094658  0.000000 -0.008462  0.000000 ) 
 (  0.219063  0.000000 -0.094658  0.000000  0.008462  0.000000 ) 
 (  0.073850  0.000000 -0.220367  0.000000  0.137382  0.000000 ) 
 (  0.073850  0.000000 -0.220367  0.000000 -0.137382  0.000000 ) 
 (  0.205894  0.000000 -0.105380  0.000000  0.013252  0.000000 ) 
 (  0.205894  0.000000 -0.105380  0.000000 -0.013252  0.000000 ) 
     freq (   17) =       7.551307 [THz] =     251.884491 [cm-1]
 ( -0.000000  0.000000  0.000000  0.000000  0.001560  0.000000 ) 
 ( -0.000000  0.000000 -0.000000  0.000000 -0.001225  0.000000 ) 
 (  0.010248  0.000000  0.055337  0.000000 -0.011425  0.000000 ) 
 ( -0.010248  0.000000 -0.055337  0.000000 -0.011425  0.000000 ) 
 (  0.141220  0.000000  0.046800  0.000000  0.007089  0.000000 ) 
 ( -0.141220  0.000000 -0.046800  0.000000  0.007089  0.000000 ) 
 ( -0.009197  0.000000 -0.052134  0.000000 -0.001350  0.000000 ) 
 (  0.009197  0.000000  0.052134  0.000000 -0.001350  0.000000 ) 
 ( -0.201912  0.000000  0.294452  0.000000  0.008744  0.000000 ) 
 (  0.201912  0.000000 -0.294452  0.000000  0.008744  0.000000 ) 
 ( -0.077571  0.000000  0.105075  0.000000 -0.065526  0.000000 ) 
 (  0.077571  0.000000 -0.105075  0.000000 -0.065526  0.000000 ) 
 (  0.433312  0.000000  0.227740  0.000000  0.042408  0.000000 ) 
 ( -0.433312  0.000000 -0.227740  0.000000  0.042408  0.000000 ) 
 (  0.048585  0.000000  0.031281  0.000000  0.013804  0.000000 ) 
 ( -0.048585  0.000000 -0.031281  0.000000  0.013804  0.000000 ) 
 ( -0.100117  0.000000  0.165243  0.000000 -0.009339  0.000000 ) 
 (  0.100117  0.000000 -0.165243  0.000000 -0.009339  0.000000 ) 
 ( -0.088511  0.000000 -0.127450  0.000000  0.014660  0.000000 ) 
 (  0.088511  0.000000  0.127450  0.000000  0.014660  0.000000 ) 
 (  0.060235  0.000000 -0.111910  0.000000 -0.000447  0.000000 ) 
 ( -0.060235  0.000000  0.111910  0.000000 -0.000447  0.000000 ) 
     freq (   18) =       7.551307 [THz] =     251.884491 [cm-1]
 ( -0.000000  0.000000  0.000000  0.000000 -0.001225  0.000000 ) 
 (  0.000000  0.000000  0.000000  0.000000 -0.001560  0.000000 ) 
 ( -0.141220  0.000000  0.046800  0.000000  0.007089  0.000000 ) 
 (  0.141220  0.000000 -0.046800  0.000000  0.007089  0.000000 ) 
 (  0.010248  0.000000 -0.055337  0.000000  0.011425  0.000000 ) 
 ( -0.010248  0.000000  0.055337  0.000000  0.011425  0.000000 ) 
 ( -0.201912  0.000000 -0.294452  0.000000 -0.008744  0.000000 ) 
 (  0.201912  0.000000  0.294452  0.000000 -0.008744  0.000000 ) 
 (  0.009197  0.000000 -0.052134  0.000000 -0.001350  0.000000 ) 
 ( -0.009197  0.000000  0.052134  0.000000 -0.001350  0.000000 ) 
 ( -0.433312  0.000000  0.227740  0.000000  0.042408  0.000000 ) 
 (  0.433312  0.000000 -0.227740  0.000000  0.042408  0.000000 ) 
 ( -0.077571  0.000000 -0.105075  0.000000  0.065526  0.000000 ) 
 (  0.077571  0.000000  0.105075  0.000000  0.065526  0.000000 ) 
 (  0.100117  0.000000  0.165243  0.000000 -0.009339  0.000000 ) 
 ( -0.100117  0.000000 -0.165243  0.000000 -0.009339  0.000000 ) 
 (  0.048585  0.000000 -0.031281  0.000000 -0.013804  0.000000 ) 
 ( -0.048585  0.000000  0.031281  0.000000 -0.013804  0.000000 ) 
 ( -0.060235  0.000000 -0.111910  0.000000 -0.000447  0.000000 ) 
 (  0.060235  0.000000  0.111910  0.000000 -0.000447  0.000000 ) 
 ( -0.088511  0.000000  0.127450  0.000000 -0.014660  0.000000 ) 
 (  0.088511  0.000000 -0.127450  0.000000 -0.014660  0.000000 ) 
     freq (   19) =       7.975148 [THz] =     266.022298 [cm-1]
 ( -0.000000  0.000000  0.000000 -0.000000  0.003720 -0.000000 ) 
 ( -0.000000  0.000000  0.000000 -0.000000  0.000852  0.000000 ) 
 ( -0.007722  0.000000 -0.012123  0.000000 -0.019533  0.000000 ) 
 (  0.007722  0.000000  0.012123 -0.000000 -0.019533  0.000000 ) 
 ( -0.007693  0.000000 -0.008484  0.000000  0.011296 -0.000000 ) 
 (  0.007693 -0.000000  0.008484  0.000000  0.011296 -0.000000 ) 
 ( -0.011485  0.000000 -0.030180  0.000000  0.073930 -0.000000 ) 
 (  0.011485  0.000000  0.030180  0.000000  0.073930 -0.000000 ) 
 (  0.015929 -0.000000 -0.038904  0.000000  0.013518 -0.000000 ) 
 ( -0.015929  0.000000  0.038904 -0.000000  0.013518 -0.000000 ) 
 ( -0.024347  0.000000 -0.000734  0.000000 -0.412457  0.000000 ) 
 (  0.024347  0.000000  0.000734 -0.000000 -0.412457  0.000000 ) 
 ( -0.047760  0.000000 -0.032198  0.000000  0.002080 -0.000000 ) 
 (  0.047760 -0.000000  0.032198 -0.000000  0.002080 -0.000000 ) 
 ( -0.161785  0.000000 -0.332107  0.000000  0.145714 -0.000000 ) 
 (  0.161785 -0.000000  0.332107 -0.000000  0.145714 -0.000000 ) 
 (  0.007030  0.000000 -0.039458  0.000000  0.026553  0.000000 ) 
 ( -0.007030  0.000000  0.039458  0.000000  0.026553  0.000000 ) 
 ( -0.173165  0.000000 -0.320943  0.000000  0.147733 -0.000000 ) 
 (  0.173165 -0.000000  0.320943 -0.000000  0.147733 -0.000000 ) 
 ( -0.033608  0.000000  0.001770 -0.000000  0.026247  0.000000 ) 
 (  0.033608 -0.000000 -0.001770  0.000000  0.026247  0.000000 ) 
     freq (   20) =       7.975148 [THz] =     266.022298 [cm-1]
 ( -0.000000  0.000000 -0.000000  0.000000 -0.000852  0.000000 ) 
 (  0.000000  0.000000  0.000000  0.000000  0.003720  0.000000 ) 
 ( -0.007693  0.000000  0.008484  0.000000 -0.011296  0.000000 ) 
 (  0.007693  0.000000 -0.008484  0.000000 -0.011296  0.000000 ) 
 (  0.007722  0.000000 -0.012123  0.000000 -0.019533  0.000000 ) 
 ( -0.007722  0.000000  0.012123  0.000000 -0.019533  0.000000 ) 
 ( -0.015929  0.000000 -0.038904  0.000000  0.013518  0.000000 ) 
 (  0.015929  0.000000  0.038904  0.000000  0.013518  0.000000 ) 
 ( -0.011485  0.000000  0.030180  0.000000 -0.073930  0.000000 ) 
 (  0.011485  0.000000 -0.030180  0.000000 -0.073930  0.000000 ) 
 ( -0.047760  0.000000  0.032198  0.000000 -0.002080  0.000000 ) 
 (  0.047760  0.000000 -0.032198  0.000000 -0.002080  0.000000 ) 
 (  0.024347  0.000000 -0.000734  0.000000 -0.412457  0.000000 ) 
 ( -0.024347  0.000000  0.000734  0.000000 -0.412457  0.000000 ) 
 (  0.007030  0.000000  0.039458  0.000000 -0.026553  0.000000 ) 
 ( -0.007030  0.000000 -0.039458  0.000000 -0.026553  0.000000 ) 
 (  0.161785  0.000000 -0.332107  0.000000  0.145714  0.000000 ) 
 ( -0.161785  0.000000  0.332107  0.000000  0.145714  0.000000 ) 
 ( -0.033608  0.000000 -0.001770  0.000000 -0.026247  0.000000 ) 
 (  0.033608  0.000000  0.001770  0.000000 -0.026247  0.000000 ) 
 (  0.173165  0.000000 -0.320943  0.000000  0.147733  0.000000 ) 
 ( -0.173165  0.000000  0.320943  0.000000  0.147733  0.000000 ) 
     freq (   21) =       8.592652 [THz] =     286.620028 [cm-1]
 (  0.000154  0.000000 -0.000161  0.000000  0.000000  0.000000 ) 
 ( -0.000100  0.000000 -0.000173  0.000000 -0.000000  0.000000 ) 
 ( -0.000807  0.000000  0.000487  0.000000  0.031197  0.000000 ) 
 ( -0.000807  0.000000  0.000487  0.000000 -0.031197  0.000000 ) 
 (  0.000231  0.000000  0.001670  0.000000 -0.004720  0.000000 ) 
 (  0.000231  0.000000  0.001670  0.000000  0.004720  0.000000 ) 
 ( -0.002364  0.000000 -0.007078  0.000000 -0.078987  0.000000 ) 
 ( -0.002364  0.000000 -0.007078  0.000000  0.078987  0.000000 ) 
 ( -0.000273  0.000000 -0.001119  0.000000 -0.042817  0.000000 ) 
 ( -0.000273  0.000000 -0.001119  0.000000  0.042817  0.000000 ) 
 ( -0.007414  0.000000  0.004658  0.000000  0.422440  0.000000 ) 
 ( -0.007414  0.000000  0.004658  0.000000 -0.422440  0.000000 ) 
 (  0.000568  0.000000  0.001676  0.000000 -0.060190  0.000000 ) 
 (  0.000568  0.000000  0.001676  0.000000  0.060190  0.000000 ) 
 (  0.181877  0.000000  0.322917  0.000000 -0.129304  0.000000 ) 
 (  0.181877  0.000000  0.322917  0.000000  0.129304  0.000000 ) 
 (  0.046570  0.000000 -0.032916  0.000000  0.005152  0.000000 ) 
 (  0.046570  0.000000 -0.032916  0.000000 -0.005152  0.000000 ) 
 ( -0.173849  0.000000 -0.317805  0.000000  0.128945  0.000000 ) 
 ( -0.173849  0.000000 -0.317805  0.000000 -0.128945  0.000000 ) 
 ( -0.046598  0.000000  0.036261  0.000000 -0.004928  0.000000 ) 
 ( -0.046598  0.000000  0.036261  0.000000  0.004928  0.000000 ) 
     freq (   22) =       8.592652 [THz] =     286.620028 [cm-1]
 (  0.000100  0.000000 -0.000173  0.000000  0.000000  0.000000 ) 
 (  0.000154  0.000000  0.000161  0.000000  0.000000  0.000000 ) 
 ( -0.000231  0.000000  0.001670  0.000000 -0.004720  0.000000 ) 
 ( -0.000231  0.000000  0.001670  0.000000  0.004720  0.000000 ) 
 ( -0.000807  0.000000 -0.000487  0.000000 -0.031197  0.000000 ) 
 ( -0.000807  0.000000 -0.000487  0.000000  0.031197  0.000000 ) 
 ( -0.000273  0.000000  0.001119  0.000000  0.042817  0.000000 ) 
 ( -0.000273  0.000000  0.001119  0.000000 -0.042817  0.000000 ) 
 (  0.002364  0.000000 -0.007078  0.000000 -0.078987  0.000000 ) 
 (  0.002364  0.000000 -0.007078  0.000000  0.078987  0.000000 ) 
 ( -0.000568  0.000000  0.001676  0.000000 -0.060190  0.000000 ) 
 ( -0.000568  0.000000  0.001676  0.000000  0.060190  0.000000 ) 
 ( -0.007414  0.000000 -0.004658  0.000000 -0.422440  0.000000 ) 
 ( -0.007414  0.000000 -0.004658  0.000000  0.422440  0.000000 ) 
 ( -0.046570  0.000000 -0.032916  0.000000  0.005152  0.000000 ) 
 ( -0.046570  0.000000 -0.032916  0.000000 -0.005152  0.000000 ) 
 (  0.181877  0.000000 -0.322917  0.000000  0.129304  0.000000 ) 
 (  0.181877  0.000000 -0.322917  0.000000 -0.129304  0.000000 ) 
 (  0.046598  0.000000  0.036261  0.000000 -0.004928  0.000000 ) 
 (  0.046598  0.000000  0.036261  0.000000  0.004928  0.000000 ) 
 ( -0.173849  0.000000  0.317805  0.000000 -0.128945  0.000000 ) 
 ( -0.173849  0.000000  0.317805  0.000000  0.128945  0.000000 ) 
     freq (   23) =       9.389753 [THz] =     313.208430 [cm-1]
 (  0.000000  0.000000  0.000000  0.000000 -0.000106  0.000000 ) 
 ( -0.000000  0.000000  0.000000 -0.000000  0.000369  0.000000 ) 
 (  0.095289 -0.000000 -0.143969  0.000000  0.000332  0.000000 ) 
 ( -0.095289  0.000000  0.143969 -0.000000  0.000332  0.000000 ) 
 (  0.057775  0.000000  0.081978  0.000000 -0.002523  0.000000 ) 
 ( -0.057775  0.000000 -0.081978  0.000000 -0.002523  0.000000 ) 
 (  0.033828 -0.000000 -0.429957  0.000000 -0.006070  0.000000 ) 
 ( -0.033828  0.000000  0.429957 -0.000000 -0.006070  0.000000 ) 
 ( -0.022374  0.000000 -0.234176  0.000000  0.001958 -0.000000 ) 
 (  0.022374  0.000000  0.234176  0.000000  0.001958 -0.000000 ) 
 ( -0.164303  0.000000  0.021620 -0.000000  0.028757 -0.000000 ) 
 (  0.164303 -0.000000 -0.021620  0.000000  0.028757 -0.000000 ) 
 ( -0.077124  0.000000 -0.006276  0.000000 -0.003921  0.000000 ) 
 (  0.077124  0.000000  0.006276  0.000000 -0.003921  0.000000 ) 
 (  0.270907 -0.000000 -0.026036  0.000000 -0.025285  0.000000 ) 
 ( -0.270907  0.000000  0.026036 -0.000000 -0.025285  0.000000 ) 
 (  0.143773  0.000000  0.032117  0.000000  0.005481  0.000000 ) 
 ( -0.143773  0.000000 -0.032117  0.000000  0.005481  0.000000 ) 
 ( -0.246231  0.000000  0.073609 -0.000000  0.001831  0.000000 ) 
 (  0.246231 -0.000000 -0.073609  0.000000  0.001831  0.000000 ) 
 ( -0.143352  0.000000 -0.036718  0.000000 -0.007645  0.000000 ) 
 (  0.143352  0.000000  0.036718  0.000000 -0.007645  0.000000 ) 
     freq (   24) =       9.389753 [THz] =     313.208430 [cm-1]
 (  0.000000 -0.000000  0.000000 -0.000000  0.000369  0.000000 ) 
 (  0.000000  0.000000 -0.000000  0.000000  0.000106 -0.000000 ) 
 ( -0.057775  0.000000  0.081978  0.000000 -0.002523  0.000000 ) 
 (  0.057775  0.000000 -0.081978  0.000000 -0.002523  0.000000 ) 
 (  0.095289 -0.000000  0.143969 -0.000000 -0.000332  0.000000 ) 
 ( -0.095289  0.000000 -0.143969  0.000000 -0.000332  0.000000 ) 
 ( -0.022374  0.000000  0.234176  0.000000 -0.001958  0.000000 ) 
 (  0.022374  0.000000 -0.234176  0.000000 -0.001958  0.000000 ) 
 ( -0.033828  0.000000 -0.429957  0.000000 -0.006070  0.000000 ) 
 (  0.033828 -0.000000  0.429957 -0.000000 -0.006070  0.000000 ) 
 (  0.077124  0.000000 -0.006276  0.000000 -0.003921  0.000000 ) 
 ( -0.077124  0.000000  0.006276  0.000000 -0.003921  0.000000 ) 
 ( -0.164303  0.000000 -0.021620  0.000000 -0.028757  0.000000 ) 
 (  0.164303 -0.000000  0.021620 -0.000000 -0.028757  0.000000 ) 
 ( -0.143773  0.000000  0.032117  0.000000  0.005481  0.000000 ) 
 (  0.143773  0.000000 -0.032117  0.000000  0.005481  0.000000 ) 
 (  0.270907 -0.000000  0.026036 -0.000000  0.025285 -0.000000 ) 
 ( -0.270907  0.000000 -0.026036  0.000000  0.025285 -0.000000 ) 
 (  0.143352  0.000000 -0.036718  0.000000 -0.007645  0.000000 ) 
 ( -0.143352  0.000000  0.036718  0.000000 -0.007645  0.000000 ) 
 ( -0.246231  0.000000 -0.073609  0.000000 -0.001831  0.000000 ) 
 (  0.246231 -0.000000  0.073609 -0.000000 -0.001831  0.000000 ) 
     freq (   25) =       9.460404 [THz] =     315.565094 [cm-1]
 ( -0.003648  0.000000 -0.004733  0.000000  0.000000  0.000000 ) 
 ( -0.005120  0.000000  0.006527  0.000000  0.000000  0.000000 ) 
 (  0.000816  0.000000  0.049869  0.000000  0.001247  0.000000 ) 
 (  0.000816  0.000000  0.049869  0.000000 -0.001247  0.000000 ) 
 ( -0.032980  0.000000 -0.018554  0.000000 -0.000039  0.000000 ) 
 ( -0.032980  0.000000 -0.018554  0.000000  0.000039  0.000000 ) 
 (  0.079834  0.000000  0.449852  0.000000 -0.000533  0.000000 ) 
 (  0.079834  0.000000  0.449852  0.000000  0.000533  0.000000 ) 
 (  0.023363  0.000000  0.055815  0.000000 -0.001548  0.000000 ) 
 (  0.023363  0.000000  0.055815  0.000000  0.001548  0.000000 ) 
 (  0.348070  0.000000 -0.164818  0.000000  0.008129  0.000000 ) 
 (  0.348070  0.000000 -0.164818  0.000000 -0.008129  0.000000 ) 
 ( -0.000176  0.000000  0.001951  0.000000 -0.000771  0.000000 ) 
 ( -0.000176  0.000000  0.001951  0.000000  0.000771  0.000000 ) 
 ( -0.242978  0.000000 -0.060528  0.000000  0.007850  0.000000 ) 
 ( -0.242978  0.000000 -0.060528  0.000000 -0.007850  0.000000 ) 
 ( -0.049241  0.000000 -0.007089  0.000000 -0.001619  0.000000 ) 
 ( -0.049241  0.000000 -0.007089  0.000000  0.001619  0.000000 ) 
 ( -0.248861  0.000000 -0.072064  0.000000  0.011260  0.000000 ) 
 ( -0.248861  0.000000 -0.072064  0.000000 -0.011260  0.000000 ) 
 ( -0.051883  0.000000 -0.006960  0.000000 -0.000904  0.000000 ) 
 ( -0.051883  0.000000 -0.006960  0.000000  0.000904  0.000000 ) 
     freq (   26) =       9.460404 [THz] =     315.565094 [cm-1]
 (  0.005120  0.000000  0.006527  0.000000  0.000000  0.000000 ) 
 ( -0.003648  0.000000  0.004733  0.000000  0.000000  0.000000 ) 
 (  0.032980  0.000000 -0.018554  0.000000 -0.000039  0.000000 ) 
 (  0.032980  0.000000 -0.018554  0.000000  0.000039  0.000000 ) 
 (  0.000816  0.000000 -0.049869  0.000000 -0.001247  0.000000 ) 
 (  0.000816  0.000000 -0.049869  0.000000  0.001247  0.000000 ) 
 (  0.023363  0.000000 -0.055815  0.000000  0.001548  0.000000 ) 
 (  0.023363  0.000000 -0.055815  0.000000 -0.001548  0.000000 ) 
 ( -0.079834  0.000000  0.449852  0.000000 -0.000533  0.000000 ) 
 ( -0.079834  0.000000  0.449852  0.000000  0.000533  0.000000 ) 
 (  0.000176  0.000000  0.001951  0.000000 -0.000771  0.000000 ) 
 (  0.000176  0.000000  0.001951  0.000000  0.000771  0.000000 ) 
 (  0.348070  0.000000  0.164818  0.000000 -0.008129  0.000000 ) 
 (  0.348070  0.000000  0.164818  0.000000  0.008129  0.000000 ) 
 (  0.049241  0.000000 -0.007089  0.000000 -0.001619  0.000000 ) 
 (  0.049241  0.000000 -0.007089  0.000000  0.001619  0.000000 ) 
 ( -0.242978  0.000000  0.060528  0.000000 -0.007850  0.000000 ) 
 ( -0.242978  0.000000  0.060528  0.000000  0.007850  0.000000 ) 
 (  0.051883  0.000000 -0.006960  0.000000 -0.000904  0.000000 ) 
 (  0.051883  0.000000 -0.006960  0.000000  0.000904  0.000000 ) 
 ( -0.248861  0.000000  0.072064  0.000000 -0.011260  0.000000 ) 
 ( -0.248861  0.000000  0.072064  0.000000  0.011260  0.000000 ) 
     freq (   27) =      11.962884 [THz] =     399.038841 [cm-1]
 (  0.000000  0.000000  0.000000  0.000000 -0.001539  0.000000 ) 
 ( -0.000000  0.000000 -0.000000  0.000000  0.006768  0.000000 ) 
 ( -0.000121  0.000000  0.002284  0.000000 -0.006098  0.000000 ) 
 (  0.000121  0.000000 -0.002284  0.000000 -0.006098  0.000000 ) 
 ( -0.000198  0.000000 -0.002063  0.000000 -0.026505  0.000000 ) 
 (  0.000198  0.000000  0.002063  0.000000 -0.026505  0.000000 ) 
 ( -0.000572  0.000000 -0.000250  0.000000 -0.042626  0.000000 ) 
 (  0.000572  0.000000  0.000250  0.000000 -0.042626  0.000000 ) 
 (  0.000535  0.000000 -0.002471  0.000000  0.442298  0.000000 ) 
 ( -0.000535  0.000000  0.002471  0.000000  0.442298  0.000000 ) 
 ( -0.002082  0.000000  0.003163  0.000000  0.018123  0.000000 ) 
 (  0.002082  0.000000 -0.003163  0.000000  0.018123  0.000000 ) 
 ( -0.003224  0.000000 -0.003218  0.000000  0.012539  0.000000 ) 
 (  0.003224  0.000000  0.003218  0.000000  0.012539  0.000000 ) 
 (  0.034520  0.000000  0.009017  0.000000 -0.001156  0.000000 ) 
 ( -0.034520  0.000000 -0.009017  0.000000 -0.001156  0.000000 ) 
 ( -0.323673  0.000000 -0.148309  0.000000  0.150343  0.000000 ) 
 (  0.323673  0.000000  0.148309  0.000000  0.150343  0.000000 ) 
 (  0.032686  0.000000  0.004320  0.000000 -0.001644  0.000000 ) 
 ( -0.032686  0.000000 -0.004320  0.000000 -0.001644  0.000000 ) 
 ( -0.326269  0.000000 -0.142305  0.000000  0.151081  0.000000 ) 
 (  0.326269  0.000000  0.142305  0.000000  0.151081  0.000000 ) 
     freq (   28) =      11.962884 [THz] =     399.038841 [cm-1]
 ( -0.000000  0.000000 -0.000000  0.000000  0.006768  0.000000 ) 
 ( -0.000000  0.000000  0.000000  0.000000  0.001539  0.000000 ) 
 (  0.000198  0.000000 -0.002063  0.000000 -0.026505  0.000000 ) 
 ( -0.000198  0.000000  0.002063  0.000000 -0.026505  0.000000 ) 
 ( -0.000121  0.000000 -0.002284  0.000000  0.006098  0.000000 ) 
 (  0.000121  0.000000  0.002284  0.000000  0.006098  0.000000 ) 
 (  0.000535  0.000000  0.002471  0.000000 -0.442298  0.000000 ) 
 ( -0.000535  0.000000 -0.002471  0.000000 -0.442298  0.000000 ) 
 (  0.000572  0.000000 -0.000250  0.000000 -0.042626  0.000000 ) 
 ( -0.000572  0.000000  0.000250  0.000000 -0.042626  0.000000 ) 
 (  0.003224  0.000000 -0.003218  0.000000  0.012539  0.000000 ) 
 ( -0.003224  0.000000  0.003218  0.000000  0.012539  0.000000 ) 
 ( -0.002082  0.000000 -0.003163  0.000000 -0.018123  0.000000 ) 
 (  0.002082  0.000000  0.003163  0.000000 -0.018123  0.000000 ) 
 (  0.323673  0.000000 -0.148309  0.000000  0.150343  0.000000 ) 
 ( -0.323673  0.000000  0.148309  0.000000  0.150343  0.000000 ) 
 (  0.034520  0.000000 -0.009017  0.000000  0.001156  0.000000 ) 
 ( -0.034520  0.000000  0.009017  0.000000  0.001156  0.000000 ) 
 (  0.326269  0.000000 -0.142305  0.000000  0.151081  0.000000 ) 
 ( -0.326269  0.000000  0.142305  0.000000  0.151081  0.000000 ) 
 (  0.032686  0.000000 -0.004320  0.000000  0.001644  0.000000 ) 
 ( -0.032686  0.000000  0.004320  0.000000  0.001644  0.000000 ) 
     freq (   29) =      12.479613 [THz] =     416.275075 [cm-1]
 ( -0.000095  0.000000 -0.000015  0.000000 -0.000000  0.000000 ) 
 (  0.000095  0.000000  0.000016  0.000000  0.000000  0.000000 ) 
 ( -0.000085  0.000000 -0.000365  0.000000  0.032730  0.000000 ) 
 ( -0.000085  0.000000 -0.000365  0.000000 -0.032730  0.000000 ) 
 (  0.000092  0.000000  0.000297  0.000000 -0.008904  0.000000 ) 
 (  0.000092  0.000000  0.000297  0.000000  0.008904  0.000000 ) 
 ( -0.000079  0.000000 -0.000299  0.000000  0.436948  0.000000 ) 
 ( -0.000079  0.000000 -0.000299  0.000000 -0.436948  0.000000 ) 
 ( -0.000008  0.000000 -0.000979  0.000000  0.081675  0.000000 ) 
 ( -0.000008  0.000000 -0.000979  0.000000 -0.081675  0.000000 ) 
 ( -0.000142  0.000000 -0.000301  0.000000  0.010005  0.000000 ) 
 ( -0.000142  0.000000 -0.000301  0.000000 -0.010005  0.000000 ) 
 ( -0.000642  0.000000 -0.000135  0.000000  0.023088  0.000000 ) 
 ( -0.000642  0.000000 -0.000135  0.000000 -0.023088  0.000000 ) 
 ( -0.313176  0.000000  0.159070  0.000000 -0.150607  0.000000 ) 
 ( -0.313176  0.000000  0.159070  0.000000  0.150607  0.000000 ) 
 ( -0.063707  0.000000 -0.001167  0.000000  0.008674  0.000000 ) 
 ( -0.063707  0.000000 -0.001167  0.000000 -0.008674  0.000000 ) 
 (  0.313073  0.000000 -0.159604  0.000000  0.150509  0.000000 ) 
 (  0.313073  0.000000 -0.159604  0.000000 -0.150509  0.000000 ) 
 (  0.064841  0.000000  0.001226  0.000000 -0.008614  0.000000 ) 
 (  0.064841  0.000000  0.001226  0.000000  0.008614  0.000000 ) 
     freq (   30) =      12.479613 [THz] =     416.275075 [cm-1]
 ( -0.000095  0.000000  0.000016  0.000000 -0.000000  0.000000 ) 
 ( -0.000095  0.000000  0.000015  0.000000  0.000000  0.000000 ) 
 ( -0.000092  0.000000  0.000297  0.000000 -0.008904  0.000000 ) 
 ( -0.000092  0.000000  0.000297  0.000000  0.008904  0.000000 ) 
 ( -0.000085  0.000000  0.000365  0.000000 -0.032730  0.000000 ) 
 ( -0.000085  0.000000  0.000365  0.000000  0.032730  0.000000 ) 
 ( -0.000008  0.000000  0.000979  0.000000 -0.081675  0.000000 ) 
 ( -0.000008  0.000000  0.000979  0.000000  0.081675  0.000000 ) 
 (  0.000079  0.000000 -0.000299  0.000000  0.436948  0.000000 ) 
 (  0.000079  0.000000 -0.000299  0.000000 -0.436948  0.000000 ) 
 (  0.000642  0.000000 -0.000135  0.000000  0.023088  0.000000 ) 
 (  0.000642  0.000000 -0.000135  0.000000 -0.023088  0.000000 ) 
 ( -0.000142  0.000000  0.000301  0.000000 -0.010005  0.000000 ) 
 ( -0.000142  0.000000  0.000301  0.000000  0.010005  0.000000 ) 
 (  0.063707  0.000000 -0.001167  0.000000  0.008674  0.000000 ) 
 (  0.063707  0.000000 -0.001167  0.000000 -0.008674  0.000000 ) 
 ( -0.313176  0.000000 -0.159070  0.000000  0.150607  0.000000 ) 
 ( -0.313176  0.000000 -0.159070  0.000000 -0.150607  0.000000 ) 
 ( -0.064841  0.000000  0.001226  0.000000 -0.008614  0.000000 ) 
 ( -0.064841  0.000000  0.001226  0.000000  0.008614  0.000000 ) 
 (  0.313073  0.000000  0.159604  0.000000 -0.150509  0.000000 ) 
 (  0.313073  0.000000  0.159604  0.000000  0.150509  0.000000 ) 
     freq (   31) =      30.681717 [THz] =    1023.431924 [cm-1]
 (  0.000000  0.000000  0.000000  0.000000  0.000035  0.000000 ) 
 ( -0.000000  0.000000  0.000000  0.000000 -0.000027  0.000000 ) 
 (  0.065947  0.000000  0.061011  0.000000  0.000241  0.000000 ) 
 ( -0.065947  0.000000 -0.061011  0.000000  0.000241  0.000000 ) 
 (  0.001741  0.000000 -0.001190  0.000000  0.000644  0.000000 ) 
 ( -0.001741  0.000000  0.001190  0.000000  0.000644  0.000000 ) 
 ( -0.033822  0.000000 -0.349554  0.000000 -0.001265  0.000000 ) 
 (  0.033822  0.000000  0.349554  0.000000 -0.001265  0.000000 ) 
 (  0.000645  0.000000 -0.013594  0.000000  0.001620  0.000000 ) 
 ( -0.000645  0.000000  0.013594  0.000000  0.001620  0.000000 ) 
 ( -0.112079  0.000000  0.130259  0.000000 -0.001824  0.000000 ) 
 (  0.112079  0.000000 -0.130259  0.000000 -0.001824  0.000000 ) 
 ( -0.003819  0.000000 -0.002703  0.000000 -0.002352  0.000000 ) 
 (  0.003819  0.000000  0.002703  0.000000 -0.002352  0.000000 ) 
 ( -0.320543  0.000000 -0.241861  0.000000  0.089976  0.000000 ) 
 (  0.320543  0.000000  0.241861  0.000000  0.089976  0.000000 ) 
 ( -0.010102  0.000000  0.003828  0.000000 -0.000815  0.000000 ) 
 (  0.010102  0.000000 -0.003828  0.000000 -0.000815  0.000000 ) 
 (  0.320688  0.000000  0.241681  0.000000 -0.089535  0.000000 ) 
 ( -0.320688  0.000000 -0.241681  0.000000 -0.089535  0.000000 ) 
 (  0.010857  0.000000 -0.000144  0.000000 -0.000745  0.000000 ) 
 ( -0.010857  0.000000  0.000144  0.000000 -0.000745  0.000000 ) 
     freq (   32) =      30.681717 [THz] =    1023.431924 [cm-1]
 ( -0.000000  0.000000  0.000000  0.000000 -0.000027  0.000000 ) 
 ( -0.000000  0.000000  0.000000  0.000000 -0.000035  0.000000 ) 
 ( -0.001741  0.000000 -0.001190  0.000000  0.000644  0.000000 ) 
 (  0.001741  0.000000  0.001190  0.000000  0.000644  0.000000 ) 
 (  0.065947  0.000000 -0.061011  0.000000 -0.000241  0.000000 ) 
 ( -0.065947  0.000000  0.061011  0.000000 -0.000241  0.000000 ) 
 (  0.000645  0.000000  0.013594  0.000000 -0.001620  0.000000 ) 
 ( -0.000645  0.000000 -0.013594  0.000000 -0.001620  0.000000 ) 
 (  0.033822  0.000000 -0.349554  0.000000 -0.001265  0.000000 ) 
 ( -0.033822  0.000000  0.349554  0.000000 -0.001265  0.000000 ) 
 (  0.003819  0.000000 -0.002703  0.000000 -0.002352  0.000000 ) 
 ( -0.003819  0.000000  0.002703  0.000000 -0.002352  0.000000 ) 
 ( -0.112079  0.000000 -0.130259  0.000000  0.001824  0.000000 ) 
 (  0.112079  0.000000  0.130259  0.000000  0.001824  0.000000 ) 
 (  0.010102  0.000000  0.003828  0.000000 -0.000815  0.000000 ) 
 ( -0.010102  0.000000 -0.003828  0.000000 -0.000815  0.000000 ) 
 ( -0.320543  0.000000  0.241861  0.000000 -0.089976  0.000000 ) 
 (  0.320543  0.000000 -0.241861  0.000000 -0.089976  0.000000 ) 
 ( -0.010857  0.000000 -0.000144  0.000000 -0.000745  0.000000 ) 
 (  0.010857  0.000000  0.000144  0.000000 -0.000745  0.000000 ) 
 (  0.320688  0.000000 -0.241681  0.000000  0.089535  0.000000 ) 
 ( -0.320688  0.000000  0.241681  0.000000  0.089535  0.000000 ) 
     freq (   33) =      30.881154 [THz] =    1030.084434 [cm-1]
 (  0.000192  0.000000 -0.000241  0.000000 -0.000000  0.000000 ) 
 (  0.000970  0.000000 -0.000631  0.000000  0.000000  0.000000 ) 
 ( -0.021185  0.000000 -0.003461  0.000000  0.000014  0.000000 ) 
 ( -0.021185  0.000000 -0.003461  0.000000 -0.000014  0.000000 ) 
 (  0.052808  0.000000 -0.069019  0.000000 -0.000201  0.000000 ) 
 (  0.052808  0.000000 -0.069019  0.000000  0.000201  0.000000 ) 
 ( -0.004916  0.000000  0.040052  0.000000  0.000133  0.000000 ) 
 ( -0.004916  0.000000  0.040052  0.000000 -0.000133  0.000000 ) 
 (  0.047712  0.000000 -0.376162  0.000000 -0.000745  0.000000 ) 
 (  0.047712  0.000000 -0.376162  0.000000  0.000745  0.000000 ) 
 (  0.073556  0.000000 -0.057067  0.000000  0.000336  0.000000 ) 
 (  0.073556  0.000000 -0.057067  0.000000 -0.000336  0.000000 ) 
 ( -0.055417  0.000000 -0.097176  0.000000  0.000674  0.000000 ) 
 ( -0.055417  0.000000 -0.097176  0.000000 -0.000674  0.000000 ) 
 (  0.090959  0.000000  0.038280  0.000000  0.000712  0.000000 ) 
 (  0.090959  0.000000  0.038280  0.000000 -0.000712  0.000000 ) 
 ( -0.277911  0.000000  0.251193  0.000000 -0.112213  0.000000 ) 
 ( -0.277911  0.000000  0.251193  0.000000  0.112213  0.000000 ) 
 (  0.091019  0.000000  0.038432  0.000000  0.000559  0.000000 ) 
 (  0.091019  0.000000  0.038432  0.000000 -0.000559  0.000000 ) 
 ( -0.277280  0.000000  0.251875  0.000000 -0.112473  0.000000 ) 
 ( -0.277280  0.000000  0.251875  0.000000  0.112473  0.000000 ) 
     freq (   34) =      30.881154 [THz] =    1030.084434 [cm-1]
 ( -0.000970  0.000000 -0.000631  0.000000 -0.000000  0.000000 ) 
 (  0.000192  0.000000  0.000241  0.000000 -0.000000  0.000000 ) 
 ( -0.052808  0.000000 -0.069019  0.000000 -0.000201  0.000000 ) 
 ( -0.052808  0.000000 -0.069019  0.000000  0.000201  0.000000 ) 
 ( -0.021185  0.000000  0.003461  0.000000 -0.000014  0.000000 ) 
 ( -0.021185  0.000000  0.003461  0.000000  0.000014  0.000000 ) 
 (  0.047712  0.000000  0.376162  0.000000  0.000745  0.000000 ) 
 (  0.047712  0.000000  0.376162  0.000000 -0.000745  0.000000 ) 
 (  0.004916  0.000000  0.040052  0.000000  0.000133  0.000000 ) 
 (  0.004916  0.000000  0.040052  0.000000 -0.000133  0.000000 ) 
 (  0.055417  0.000000 -0.097176  0.000000  0.000674  0.000000 ) 
 (  0.055417  0.000000 -0.097176  0.000000 -0.000674  0.000000 ) 
 (  0.073556  0.000000  0.057067  0.000000 -0.000336  0.000000 ) 
 (  0.073556  0.000000  0.057067  0.000000  0.000336  0.000000 ) 
 (  0.277911  0.000000  0.251193  0.000000 -0.112213  0.000000 ) 
 (  0.277911  0.000000  0.251193  0.000000  0.112213  0.000000 ) 
 (  0.090959  0.000000 -0.038280  0.000000 -0.000712  0.000000 ) 
 (  0.090959  0.000000 -0.038280  0.000000  0.000712  0.000000 ) 
 (  0.277280  0.000000  0.251875  0.000000 -0.112473  0.000000 ) 
 (  0.277280  0.000000  0.251875  0.000000  0.112473  0.000000 ) 
 (  0.091019  0.000000 -0.038432  0.000000 -0.000559  0.000000 ) 
 (  0.091019  0.000000 -0.038432  0.000000  0.000559  0.000000 ) 
     freq (   35) =      31.913193 [THz] =    1064.509524 [cm-1]
 ( -0.000349  0.000000 -0.000343  0.000000  0.000000 -0.000000 ) 
 (  0.000336 -0.000000  0.000223 -0.000000  0.000000 -0.000000 ) 
 ( -0.027652  0.000000  0.009369  0.000000 -0.000829  0.000000 ) 
 ( -0.027652  0.000000  0.009369  0.000000  0.000829 -0.000000 ) 
 (  0.065472 -0.000000  0.063891 -0.000000  0.000992 -0.000000 ) 
 (  0.065472 -0.000000  0.063891 -0.000000 -0.000992  0.000000 ) 
 ( -0.022503  0.000000 -0.009794  0.000000  0.003232 -0.000000 ) 
 ( -0.022503  0.000000 -0.009794  0.000000 -0.003232  0.000000 ) 
 ( -0.099458  0.000000  0.239005 -0.000000  0.003651 -0.000000 ) 
 ( -0.099458  0.000000  0.239005 -0.000000 -0.003651  0.000000 ) 
 (  0.125853  0.000000 -0.083563  0.000000  0.003936 -0.000000 ) 
 (  0.125853  0.000000 -0.083563  0.000000 -0.003936  0.000000 ) 
 ( -0.380360  0.000000 -0.218829  0.000000 -0.005218  0.000000 ) 
 ( -0.380360  0.000000 -0.218829  0.000000  0.005218 -0.000000 ) 
 (  0.111185  0.000000  0.001623 -0.000000  0.035535  0.000000 ) 
 (  0.111185  0.000000  0.001623 -0.000000 -0.035535  0.000000 ) 
 ( -0.215917  0.000000 -0.114889  0.000000  0.171607 -0.000000 ) 
 ( -0.215917  0.000000 -0.114889  0.000000 -0.171607  0.000000 ) 
 (  0.110021  0.000000  0.005477 -0.000000  0.034012  0.000000 ) 
 (  0.110021  0.000000  0.005477 -0.000000 -0.034012  0.000000 ) 
 ( -0.216984  0.000000 -0.119698  0.000000  0.173534 -0.000000 ) 
 ( -0.216984  0.000000 -0.119698  0.000000 -0.173534  0.000000 ) 
     freq (   36) =      31.913193 [THz] =    1064.509524 [cm-1]
 ( -0.000336  0.000000  0.000223  0.000000 -0.000000  0.000000 ) 
 ( -0.000349  0.000000  0.000343  0.000000  0.000000  0.000000 ) 
 ( -0.065472  0.000000  0.063891  0.000000  0.000992  0.000000 ) 
 ( -0.065472  0.000000  0.063891  0.000000 -0.000992  0.000000 ) 
 ( -0.027652  0.000000 -0.009369  0.000000  0.000829  0.000000 ) 
 ( -0.027652  0.000000 -0.009369  0.000000 -0.000829  0.000000 ) 
 ( -0.099458  0.000000 -0.239005  0.000000 -0.003651  0.000000 ) 
 ( -0.099458  0.000000 -0.239005  0.000000  0.003651  0.000000 ) 
 (  0.022503  0.000000 -0.009794  0.000000  0.003232  0.000000 ) 
 (  0.022503  0.000000 -0.009794  0.000000 -0.003232  0.000000 ) 
 (  0.380360  0.000000 -0.218829  0.000000 -0.005218  0.000000 ) 
 (  0.380360  0.000000 -0.218829  0.000000  0.005218  0.000000 ) 
 (  0.125853  0.000000  0.083563  0.000000 -0.003936  0.000000 ) 
 (  0.125853  0.000000  0.083563  0.000000  0.003936  0.000000 ) 
 (  0.215917  0.000000 -0.114889  0.000000  0.171607  0.000000 ) 
 (  0.215917  0.000000 -0.114889  0.000000 -0.171607  0.000000 ) 
 (  0.111185  0.000000 -0.001623  0.000000 -0.035535  0.000000 ) 
 (  0.111185  0.000000 -0.001623  0.000000  0.035535  0.000000 ) 
 (  0.216984  0.000000 -0.119698  0.000000  0.173534  0.000000 ) 
 (  0.216984  0.000000 -0.119698  0.000000 -0.173534  0.000000 ) 
 (  0.110021  0.000000 -0.005477  0.000000 -0.034012  0.000000 ) 
 (  0.110021  0.000000 -0.005477  0.000000  0.034012  0.000000 ) 
     freq (   37) =      32.133499 [THz] =    1071.858154 [cm-1]
 (  0.000000  0.000000  0.000000  0.000000  0.000022  0.000000 ) 
 ( -0.000000  0.000000 -0.000000  0.000000  0.000043  0.000000 ) 
 ( -0.003312  0.000000  0.006030  0.000000 -0.011817  0.000000 ) 
 (  0.003312  0.000000 -0.006030  0.000000 -0.011817  0.000000 ) 
 ( -0.059596  0.000000 -0.066764  0.000000 -0.001962  0.000000 ) 
 (  0.059596  0.000000  0.066764  0.000000 -0.001962  0.000000 ) 
 ( -0.007171  0.000000 -0.024444  0.000000  0.047356  0.000000 ) 
 (  0.007171  0.000000  0.024444  0.000000  0.047356  0.000000 ) 
 (  0.105477  0.000000 -0.274447  0.000000 -0.007418  0.000000 ) 
 ( -0.105477  0.000000  0.274447  0.000000 -0.007418  0.000000 ) 
 (  0.030991  0.000000 -0.018215  0.000000  0.059879  0.000000 ) 
 ( -0.030991  0.000000  0.018215  0.000000  0.059879  0.000000 ) 
 (  0.385767  0.000000  0.216848  0.000000  0.011106  0.000000 ) 
 ( -0.385767  0.000000 -0.216848  0.000000  0.011106  0.000000 ) 
 (  0.018563  0.000000 -0.033375  0.000000  0.022063  0.000000 ) 
 ( -0.018563  0.000000  0.033375  0.000000  0.022063  0.000000 ) 
 (  0.206855  0.000000  0.139600  0.000000 -0.186924  0.000000 ) 
 ( -0.206855  0.000000 -0.139600  0.000000 -0.186924  0.000000 ) 
 ( -0.002405  0.000000 -0.021783  0.000000  0.000704  0.000000 ) 
 (  0.002405  0.000000  0.021783  0.000000  0.000704  0.000000 ) 
 ( -0.207886  0.000000 -0.149568  0.000000  0.190619  0.000000 ) 
 (  0.207886  0.000000  0.149568  0.000000  0.190619  0.000000 ) 
     freq (   38) =      32.133499 [THz] =    1071.858154 [cm-1]
 ( -0.000000  0.000000  0.000000  0.000000  0.000043  0.000000 ) 
 (  0.000000  0.000000 -0.000000  0.000000 -0.000022  0.000000 ) 
 (  0.059596  0.000000 -0.066764  0.000000 -0.001962  0.000000 ) 
 ( -0.059596  0.000000  0.066764  0.000000 -0.001962  0.000000 ) 
 ( -0.003312  0.000000 -0.006030  0.000000  0.011817  0.000000 ) 
 (  0.003312  0.000000  0.006030  0.000000  0.011817  0.000000 ) 
 (  0.105477  0.000000  0.274447  0.000000  0.007418  0.000000 ) 
 ( -0.105477  0.000000 -0.274447  0.000000  0.007418  0.000000 ) 
 (  0.007171  0.000000 -0.024444  0.000000  0.047356  0.000000 ) 
 ( -0.007171  0.000000  0.024444  0.000000  0.047356  0.000000 ) 
 ( -0.385767  0.000000  0.216848  0.000000  0.011106  0.000000 ) 
 (  0.385767  0.000000 -0.216848  0.000000  0.011106  0.000000 ) 
 (  0.030991  0.000000  0.018215  0.000000 -0.059879  0.000000 ) 
 ( -0.030991  0.000000 -0.018215  0.000000 -0.059879  0.000000 ) 
 ( -0.206855  0.000000  0.139600  0.000000 -0.186924  0.000000 ) 
 (  0.206855  0.000000 -0.139600  0.000000 -0.186924  0.000000 ) 
 (  0.018563  0.000000  0.033375  0.000000 -0.022063  0.000000 ) 
 ( -0.018563  0.000000 -0.033375  0.000000 -0.022063  0.000000 ) 
 (  0.207886  0.000000 -0.149568  0.000000  0.190619  0.000000 ) 
 ( -0.207886  0.000000  0.149568  0.000000  0.190619  0.000000 ) 
 ( -0.002405  0.000000  0.021783  0.000000 -0.000704  0.000000 ) 
 (  0.002405  0.000000 -0.021783  0.000000 -0.000704  0.000000 ) 
     freq (   39) =      32.226925 [THz] =    1074.974516 [cm-1]
 ( -0.000002  0.000000 -0.000004  0.000000 -0.000000  0.000000 ) 
 ( -0.000002  0.000000 -0.000000  0.000000  0.000000  0.000000 ) 
 ( -0.000305  0.000000  0.000621  0.000000 -0.092079  0.000000 ) 
 ( -0.000305  0.000000  0.000621  0.000000  0.092079  0.000000 ) 
 ( -0.000827  0.000000 -0.000661  0.000000  0.007117  0.000000 ) 
 ( -0.000827  0.000000 -0.000661  0.000000 -0.007117  0.000000 ) 
 ( -0.000915  0.000000 -0.002634  0.000000  0.376832  0.000000 ) 
 ( -0.000915  0.000000 -0.002634  0.000000 -0.376832  0.000000 ) 
 (  0.001043  0.000000 -0.002164  0.000000  0.024449  0.000000 ) 
 (  0.001043  0.000000 -0.002164  0.000000 -0.024449  0.000000 ) 
 (  0.002281  0.000000 -0.001034  0.000000  0.475743  0.000000 ) 
 (  0.002281  0.000000 -0.001034  0.000000 -0.475743  0.000000 ) 
 (  0.004581  0.000000  0.002706  0.000000 -0.042149  0.000000 ) 
 (  0.004581  0.000000  0.002706  0.000000  0.042149  0.000000 ) 
 (  0.065441  0.000000 -0.219395  0.000000  0.093154  0.000000 ) 
 (  0.065441  0.000000 -0.219395  0.000000 -0.093154  0.000000 ) 
 (  0.001747  0.000000  0.021590  0.000000 -0.009835  0.000000 ) 
 (  0.001747  0.000000  0.021590  0.000000  0.009835  0.000000 ) 
 ( -0.064131  0.000000  0.215508  0.000000 -0.089848  0.000000 ) 
 ( -0.064131  0.000000  0.215508  0.000000  0.089848  0.000000 ) 
 (  0.004419  0.000000 -0.019215  0.000000  0.005920  0.000000 ) 
 (  0.004419  0.000000 -0.019215  0.000000 -0.005920  0.000000 ) 
     freq (   40) =      32.226925 [THz] =    1074.974516 [cm-1]
 ( -0.000002  0.000000  0.000000  0.000000  0.000000  0.000000 ) 
 (  0.000002  0.000000 -0.000004  0.000000 -0.000000  0.000000 ) 
 ( -0.000827  0.000000  0.000661  0.000000 -0.007117  0.000000 ) 
 ( -0.000827  0.000000  0.000661  0.000000  0.007117  0.000000 ) 
 (  0.000305  0.000000  0.000621  0.000000 -0.092079  0.000000 ) 
 (  0.000305  0.000000  0.000621  0.000000  0.092079  0.000000 ) 
 ( -0.001043  0.000000 -0.002164  0.000000  0.024449  0.000000 ) 
 ( -0.001043  0.000000 -0.002164  0.000000 -0.024449  0.000000 ) 
 ( -0.000915  0.000000  0.002634  0.000000 -0.376832  0.000000 ) 
 ( -0.000915  0.000000  0.002634  0.000000  0.376832  0.000000 ) 
 (  0.004581  0.000000 -0.002706  0.000000  0.042149  0.000000 ) 
 (  0.004581  0.000000 -0.002706  0.000000 -0.042149  0.000000 ) 
 ( -0.002281  0.000000 -0.001034  0.000000  0.475743  0.000000 ) 
 ( -0.002281  0.000000 -0.001034  0.000000 -0.475743  0.000000 ) 
 (  0.001747  0.000000 -0.021590  0.000000  0.009835  0.000000 ) 
 (  0.001747  0.000000 -0.021590  0.000000 -0.009835  0.000000 ) 
 ( -0.065441  0.000000 -0.219395  0.000000  0.093154  0.000000 ) 
 ( -0.065441  0.000000 -0.219395  0.000000 -0.093154  0.000000 ) 
 (  0.004419  0.000000  0.019215  0.000000 -0.005920  0.000000 ) 
 (  0.004419  0.000000  0.019215  0.000000  0.005920  0.000000 ) 
 (  0.064131  0.000000  0.215508  0.000000 -0.089848  0.000000 ) 
 (  0.064131  0.000000  0.215508  0.000000  0.089848  0.000000 ) 
     freq (   41) =      32.304657 [THz] =    1077.567377 [cm-1]
 (  0.000000  0.000000  0.000000  0.000000  0.000229  0.000000 ) 
 (  0.000000  0.000000 -0.000000  0.000000 -0.000381  0.000000 ) 
 ( -0.001108  0.000000  0.001316  0.000000  0.088920  0.000000 ) 
 (  0.001108  0.000000 -0.001316  0.000000  0.088920  0.000000 ) 
 ( -0.007743  0.000000 -0.008118  0.000000  0.022610  0.000000 ) 
 (  0.007743  0.000000  0.008118  0.000000  0.022610  0.000000 ) 
 ( -0.001102  0.000000 -0.005038  0.000000 -0.357627  0.000000 ) 
 (  0.001102  0.000000  0.005038  0.000000 -0.357627  0.000000 ) 
 (  0.013357  0.000000 -0.033501  0.000000  0.081333  0.000000 ) 
 ( -0.013357  0.000000  0.033501  0.000000  0.081333  0.000000 ) 
 (  0.008473  0.000000 -0.005905  0.000000 -0.461525  0.000000 ) 
 ( -0.008473  0.000000  0.005905  0.000000 -0.461525  0.000000 ) 
 (  0.050447  0.000000  0.028743  0.000000 -0.122723  0.000000 ) 
 ( -0.050447  0.000000 -0.028743  0.000000 -0.122723  0.000000 ) 
 ( -0.054828  0.000000  0.212439  0.000000 -0.086487  0.000000 ) 
 (  0.054828  0.000000 -0.212439  0.000000 -0.086487  0.000000 ) 
 (  0.037101  0.000000  0.072791  0.000000 -0.044724  0.000000 ) 
 ( -0.037101  0.000000 -0.072791  0.000000 -0.044724  0.000000 ) 
 ( -0.063335  0.000000  0.213053  0.000000 -0.092466  0.000000 ) 
 (  0.063335  0.000000 -0.213053  0.000000 -0.092466  0.000000 ) 
 ( -0.019886  0.000000  0.037734  0.000000  0.002537  0.000000 ) 
 (  0.019886  0.000000 -0.037734  0.000000  0.002537  0.000000 ) 
     freq (   42) =      32.304657 [THz] =    1077.567377 [cm-1]
 ( -0.000000  0.000000 -0.000000  0.000000 -0.000381  0.000000 ) 
 (  0.000000  0.000000  0.000000  0.000000 -0.000229  0.000000 ) 
 (  0.007743  0.000000 -0.008118  0.000000  0.022610  0.000000 ) 
 ( -0.007743  0.000000  0.008118  0.000000  0.022610  0.000000 ) 
 ( -0.001108  0.000000 -0.001316  0.000000 -0.088920  0.000000 ) 
 (  0.001108  0.000000  0.001316  0.000000 -0.088920  0.000000 ) 
 (  0.013357  0.000000  0.033501  0.000000 -0.081333  0.000000 ) 
 ( -0.013357  0.000000 -0.033501  0.000000 -0.081333  0.000000 ) 
 (  0.001102  0.000000 -0.005038  0.000000 -0.357627  0.000000 ) 
 ( -0.001102  0.000000  0.005038  0.000000 -0.357627  0.000000 ) 
 ( -0.050447  0.000000  0.028743  0.000000 -0.122723  0.000000 ) 
 (  0.050447  0.000000 -0.028743  0.000000 -0.122723  0.000000 ) 
 (  0.008473  0.000000  0.005905  0.000000  0.461525  0.000000 ) 
 ( -0.008473  0.000000 -0.005905  0.000000  0.461525  0.000000 ) 
 ( -0.037101  0.000000  0.072791  0.000000 -0.044724  0.000000 ) 
 (  0.037101  0.000000 -0.072791  0.000000 -0.044724  0.000000 ) 
 ( -0.054828  0.000000 -0.212439  0.000000  0.086487  0.000000 ) 
 (  0.054828  0.000000  0.212439  0.000000  0.086487  0.000000 ) 
 (  0.019886  0.000000  0.037734  0.000000  0.002537  0.000000 ) 
 ( -0.019886  0.000000 -0.037734  0.000000  0.002537  0.000000 ) 
 ( -0.063335  0.000000 -0.213053  0.000000  0.092466  0.000000 ) 
 (  0.063335  0.000000  0.213053  0.000000  0.092466  0.000000 ) 
     freq (   43) =      35.924870 [THz] =    1198.324660 [cm-1]
 (  0.000000  0.000000 -0.000000  0.000000 -0.000209  0.000000 ) 
 ( -0.000000  0.000000  0.000000  0.000000  0.000250  0.000000 ) 
 (  0.000020  0.000000 -0.000005  0.000000 -0.007702  0.000000 ) 
 ( -0.000020  0.000000  0.000005  0.000000 -0.007702  0.000000 ) 
 (  0.000006  0.000000  0.000130  0.000000  0.000514  0.000000 ) 
 ( -0.000006  0.000000 -0.000130  0.000000  0.000514  0.000000 ) 
 ( -0.000588  0.000000 -0.004224  0.000000  0.406458  0.000000 ) 
 (  0.000588  0.000000  0.004224  0.000000  0.406458  0.000000 ) 
 ( -0.000701  0.000000  0.000166  0.000000 -0.061394  0.000000 ) 
 (  0.000701  0.000000 -0.000166  0.000000 -0.061394  0.000000 ) 
 (  0.003409  0.000000 -0.002614  0.000000 -0.321045  0.000000 ) 
 ( -0.003409  0.000000  0.002614  0.000000 -0.321045  0.000000 ) 
 ( -0.000853  0.000000  0.000151  0.000000 -0.060418  0.000000 ) 
 (  0.000853  0.000000 -0.000151  0.000000 -0.060418  0.000000 ) 
 (  0.313415  0.000000  0.099249  0.000000  0.011705  0.000000 ) 
 ( -0.313415  0.000000 -0.099249  0.000000  0.011705  0.000000 ) 
 ( -0.052941  0.000000  0.019978  0.000000  0.000113  0.000000 ) 
 (  0.052941  0.000000 -0.019978  0.000000  0.000113  0.000000 ) 
 (  0.317747  0.000000  0.091585  0.000000  0.017221  0.000000 ) 
 ( -0.317747  0.000000 -0.091585  0.000000  0.017221  0.000000 ) 
 ( -0.051871  0.000000  0.021168  0.000000  0.000145  0.000000 ) 
 (  0.051871  0.000000 -0.021168  0.000000  0.000145  0.000000 ) 
     freq (   44) =      35.924870 [THz] =    1198.324660 [cm-1]
 ( -0.000000  0.000000 -0.000000  0.000000 -0.000250  0.000000 ) 
 ( -0.000000  0.000000  0.000000  0.000000 -0.000209  0.000000 ) 
 (  0.000006  0.000000 -0.000130  0.000000 -0.000514  0.000000 ) 
 ( -0.000006  0.000000  0.000130  0.000000 -0.000514  0.000000 ) 
 ( -0.000020  0.000000 -0.000005  0.000000 -0.007702  0.000000 ) 
 (  0.000020  0.000000  0.000005  0.000000 -0.007702  0.000000 ) 
 (  0.000701  0.000000  0.000166  0.000000 -0.061394  0.000000 ) 
 ( -0.000701  0.000000 -0.000166  0.000000 -0.061394  0.000000 ) 
 ( -0.000588  0.000000  0.004224  0.000000 -0.406458  0.000000 ) 
 (  0.000588  0.000000 -0.004224  0.000000 -0.406458  0.000000 ) 
 ( -0.000853  0.000000 -0.000151  0.000000  0.060418  0.000000 ) 
 (  0.000853  0.000000  0.000151  0.000000  0.060418  0.000000 ) 
 ( -0.003409  0.000000 -0.002614  0.000000 -0.321045  0.000000 ) 
 (  0.003409  0.000000  0.002614  0.000000 -0.321045  0.000000 ) 
 ( -0.052941  0.000000 -0.019978  0.000000 -0.000113  0.000000 ) 
 (  0.052941  0.000000  0.019978  0.000000 -0.000113  0.000000 ) 
 ( -0.313415  0.000000  0.099249  0.000000  0.011705  0.000000 ) 
 (  0.313415  0.000000 -0.099249  0.000000  0.011705  0.000000 ) 
 ( -0.051871  0.000000 -0.021168  0.000000 -0.000145  0.000000 ) 
 (  0.051871  0.000000  0.021168  0.000000 -0.000145  0.000000 ) 
 ( -0.317747  0.000000  0.091585  0.000000  0.017221  0.000000 ) 
 (  0.317747  0.000000 -0.091585  0.000000  0.017221  0.000000 ) 
     freq (   45) =      35.973060 [THz] =    1199.932112 [cm-1]
 ( -0.000002  0.000000 -0.000004  0.000000 -0.000000  0.000000 ) 
 (  0.000002  0.000000 -0.000003  0.000000 -0.000000  0.000000 ) 
 ( -0.000109  0.000000  0.000076  0.000000  0.000034  0.000000 ) 
 ( -0.000109  0.000000  0.000076  0.000000 -0.000034  0.000000 ) 
 ( -0.000013  0.000000 -0.000018  0.000000 -0.006326  0.000000 ) 
 ( -0.000013  0.000000 -0.000018  0.000000  0.006326  0.000000 ) 
 (  0.000854  0.000000  0.005322  0.000000  0.058758  0.000000 ) 
 (  0.000854  0.000000  0.005322  0.000000 -0.058758  0.000000 ) 
 ( -0.000136  0.000000  0.000206  0.000000 -0.401501  0.000000 ) 
 ( -0.000136  0.000000  0.000206  0.000000  0.401501  0.000000 ) 
 ( -0.004295  0.000000  0.002766  0.000000 -0.060841  0.000000 ) 
 ( -0.004295  0.000000  0.002766  0.000000  0.060841  0.000000 ) 
 ( -0.000041  0.000000  0.000063  0.000000 -0.327167  0.000000 ) 
 ( -0.000041  0.000000  0.000063  0.000000  0.327167  0.000000 ) 
 (  0.052240  0.000000  0.014387  0.000000  0.005786  0.000000 ) 
 (  0.052240  0.000000  0.014387  0.000000 -0.005786  0.000000 ) 
 ( -0.314955  0.000000  0.099442  0.000000  0.013055  0.000000 ) 
 ( -0.314955  0.000000  0.099442  0.000000 -0.013055  0.000000 ) 
 ( -0.047343  0.000000 -0.023363  0.000000  0.001289  0.000000 ) 
 ( -0.047343  0.000000 -0.023363  0.000000 -0.001289  0.000000 ) 
 (  0.315423  0.000000 -0.099096  0.000000 -0.013528  0.000000 ) 
 (  0.315423  0.000000 -0.099096  0.000000  0.013528  0.000000 ) 
     freq (   46) =      35.973060 [THz] =    1199.932112 [cm-1]
 ( -0.000002  0.000000 -0.000003  0.000000 -0.000000  0.000000 ) 
 ( -0.000002  0.000000  0.000004  0.000000  0.000000  0.000000 ) 
 (  0.000013  0.000000 -0.000018  0.000000 -0.006326  0.000000 ) 
 (  0.000013  0.000000 -0.000018  0.000000  0.006326  0.000000 ) 
 ( -0.000109  0.000000 -0.000076  0.000000 -0.000034  0.000000 ) 
 ( -0.000109  0.000000 -0.000076  0.000000  0.000034  0.000000 ) 
 ( -0.000136  0.000000 -0.000206  0.000000  0.401501  0.000000 ) 
 ( -0.000136  0.000000 -0.000206  0.000000 -0.401501  0.000000 ) 
 ( -0.000854  0.000000  0.005322  0.000000  0.058758  0.000000 ) 
 ( -0.000854  0.000000  0.005322  0.000000 -0.058758  0.000000 ) 
 (  0.000041  0.000000  0.000063  0.000000 -0.327167  0.000000 ) 
 (  0.000041  0.000000  0.000063  0.000000  0.327167  0.000000 ) 
 ( -0.004295  0.000000 -0.002766  0.000000  0.060841  0.000000 ) 
 ( -0.004295  0.000000 -0.002766  0.000000 -0.060841  0.000000 ) 
 (  0.314955  0.000000  0.099442  0.000000  0.013055  0.000000 ) 
 (  0.314955  0.000000  0.099442  0.000000 -0.013055  0.000000 ) 
 (  0.052240  0.000000 -0.014387  0.000000 -0.005786  0.000000 ) 
 (  0.052240  0.000000 -0.014387  0.000000  0.005786  0.000000 ) 
 ( -0.315423  0.000000 -0.099096  0.000000 -0.013528  0.000000 ) 
 ( -0.315423  0.000000 -0.099096  0.000000  0.013528  0.000000 ) 
 ( -0.047343  0.000000  0.023363  0.000000 -0.001289  0.000000 ) 
 ( -0.047343  0.000000  0.023363  0.000000  0.001289  0.000000 ) 
     freq (   47) =      36.054387 [THz] =    1202.644890 [cm-1]
 (  0.000272 -0.000000  0.000082 -0.000000 -0.000000  0.000000 ) 
 (  0.000368 -0.000000  0.000045 -0.000000 -0.000000  0.000000 ) 
 ( -0.002936  0.000000  0.003214 -0.000000 -0.000077  0.000000 ) 
 ( -0.002936  0.000000  0.003214  0.000000  0.000077 -0.000000 ) 
 (  0.006512  0.000000  0.002887  0.000000  0.000097 -0.000000 ) 
 (  0.006512 -0.000000  0.002887 -0.000000 -0.000097  0.000000 ) 
 (  0.029150 -0.000000  0.170265 -0.000000  0.005244 -0.000000 ) 
 (  0.029150  0.000000  0.170265  0.000000 -0.005244  0.000000 ) 
 (  0.048392 -0.000000 -0.281891  0.000000  0.004310  0.000000 ) 
 (  0.048392  0.000000 -0.281891  0.000000 -0.004310  0.000000 ) 
 ( -0.133813  0.000000  0.084454 -0.000000 -0.004276  0.000000 ) 
 ( -0.133813  0.000000  0.084454  0.000000  0.004276  0.000000 ) 
 (  0.218712 -0.000000  0.136610 -0.000000  0.003059  0.000000 ) 
 (  0.218712  0.000000  0.136610  0.000000 -0.003059  0.000000 ) 
 (  0.086769 -0.000000 -0.142742  0.000000  0.117356 -0.000000 ) 
 (  0.086769  0.000000 -0.142742  0.000000 -0.117356  0.000000 ) 
 ( -0.134530  0.000000 -0.230699  0.000000  0.187433 -0.000000 ) 
 ( -0.134530  0.000000 -0.230699  0.000000 -0.187433  0.000000 ) 
 (  0.078683  0.000000 -0.145294  0.000000  0.117027  0.000000 ) 
 (  0.078683 -0.000000 -0.145294  0.000000 -0.117027  0.000000 ) 
 ( -0.141079  0.000000 -0.228832  0.000000  0.187842 -0.000000 ) 
 ( -0.141079  0.000000 -0.228832  0.000000 -0.187842  0.000000 ) 
     freq (   48) =      36.054387 [THz] =    1202.644890 [cm-1]
 ( -0.000368  0.000000  0.000045  0.000000 -0.000000  0.000000 ) 
 (  0.000272  0.000000 -0.000082  0.000000 -0.000000  0.000000 ) 
 ( -0.006512  0.000000  0.002887  0.000000  0.000097  0.000000 ) 
 ( -0.006512  0.000000  0.002887  0.000000 -0.000097  0.000000 ) 
 ( -0.002936  0.000000 -0.003214  0.000000  0.000077  0.000000 ) 
 ( -0.002936  0.000000 -0.003214  0.000000 -0.000077  0.000000 ) 
 (  0.048392  0.000000  0.281891  0.000000 -0.004310  0.000000 ) 
 (  0.048392  0.000000  0.281891  0.000000  0.004310  0.000000 ) 
 ( -0.029150  0.000000  0.170265  0.000000  0.005244  0.000000 ) 
 ( -0.029150  0.000000  0.170265  0.000000 -0.005244  0.000000 ) 
 ( -0.218712  0.000000  0.136610  0.000000  0.003059  0.000000 ) 
 ( -0.218712  0.000000  0.136610  0.000000 -0.003059  0.000000 ) 
 ( -0.133813  0.000000 -0.084454  0.000000  0.004276  0.000000 ) 
 ( -0.133813  0.000000 -0.084454  0.000000 -0.004276  0.000000 ) 
 (  0.134530  0.000000 -0.230699  0.000000  0.187433  0.000000 ) 
 (  0.134530  0.000000 -0.230699  0.000000 -0.187433  0.000000 ) 
 (  0.086769  0.000000  0.142742  0.000000 -0.117356  0.000000 ) 
 (  0.086769  0.000000  0.142742  0.000000  0.117356  0.000000 ) 
 (  0.141079  0.000000 -0.228832  0.000000  0.187842  0.000000 ) 
 (  0.141079  0.000000 -0.228832  0.000000 -0.187842  0.000000 ) 
 (  0.078683  0.000000  0.145294  0.000000 -0.117027  0.000000 ) 
 (  0.078683  0.000000  0.145294  0.000000  0.117027  0.000000 ) 
     freq (   49) =      36.321070 [THz] =    1211.540475 [cm-1]
 (  0.000000  0.000000  0.000000  0.000000  0.000002  0.000000 ) 
 ( -0.000000  0.000000  0.000000  0.000000  0.000003  0.000000 ) 
 (  0.001033  0.000000 -0.000161  0.000000  0.000059  0.000000 ) 
 ( -0.001033  0.000000  0.000161  0.000000  0.000059  0.000000 ) 
 ( -0.005909  0.000000 -0.002535  0.000000 -0.000002  0.000000 ) 
 (  0.005909  0.000000  0.002535  0.000000 -0.000002  0.000000 ) 
 (  0.001976  0.000000  0.003615  0.000000  0.000914  0.000000 ) 
 ( -0.001976  0.000000 -0.003615  0.000000  0.000914  0.000000 ) 
 ( -0.057332  0.000000  0.328805  0.000000  0.005259  0.000000 ) 
 (  0.057332  0.000000 -0.328805  0.000000  0.005259  0.000000 ) 
 ( -0.008939  0.000000  0.007132  0.000000 -0.001350  0.000000 ) 
 (  0.008939  0.000000 -0.007132  0.000000 -0.001350  0.000000 ) 
 ( -0.260245  0.000000 -0.163359  0.000000  0.004953  0.000000 ) 
 (  0.260245  0.000000  0.163359  0.000000  0.004953  0.000000 ) 
 ( -0.003708  0.000000 -0.002217  0.000000 -0.000057  0.000000 ) 
 (  0.003708  0.000000  0.002217  0.000000 -0.000057  0.000000 ) 
 (  0.161914  0.000000  0.268664  0.000000 -0.220748  0.000000 ) 
 ( -0.161914  0.000000 -0.268664  0.000000 -0.220748  0.000000 ) 
 (  0.005197  0.000000  0.003173  0.000000 -0.000000  0.000000 ) 
 ( -0.005197  0.000000 -0.003173  0.000000  0.000000  0.000000 ) 
 ( -0.154237  0.000000 -0.272253  0.000000  0.221019  0.000000 ) 
 (  0.154237  0.000000  0.272253  0.000000  0.221019  0.000000 ) 
     freq (   50) =      36.321070 [THz] =    1211.540475 [cm-1]
 ( -0.000000  0.000000  0.000000  0.000000  0.000003  0.000000 ) 
 (  0.000000  0.000000 -0.000000  0.000000 -0.000002  0.000000 ) 
 (  0.005909  0.000000 -0.002535  0.000000 -0.000002  0.000000 ) 
 ( -0.005909  0.000000  0.002535  0.000000 -0.000002  0.000000 ) 
 (  0.001033  0.000000  0.000161  0.000000 -0.000059  0.000000 ) 
 ( -0.001033  0.000000 -0.000161  0.000000 -0.000059  0.000000 ) 
 ( -0.057332  0.000000 -0.328805  0.000000 -0.005259  0.000000 ) 
 (  0.057332  0.000000  0.328805  0.000000 -0.005259  0.000000 ) 
 ( -0.001976  0.000000  0.003615  0.000000  0.000914  0.000000 ) 
 (  0.001976  0.000000 -0.003615  0.000000  0.000914  0.000000 ) 
 (  0.260245  0.000000 -0.163359  0.000000  0.004953  0.000000 ) 
 ( -0.260245  0.000000  0.163359  0.000000  0.004953  0.000000 ) 
 ( -0.008939  0.000000 -0.007132  0.000000  0.001350  0.000000 ) 
 (  0.008939  0.000000  0.007132  0.000000  0.001350  0.000000 ) 
 ( -0.161914  0.000000  0.268664  0.000000 -0.220748  0.000000 ) 
 (  0.161914  0.000000 -0.268664  0.000000 -0.220748  0.000000 ) 
 ( -0.003708  0.000000  0.002217  0.000000  0.000057  0.000000 ) 
 (  0.003708  0.000000 -0.002217  0.000000  0.000057  0.000000 ) 
 (  0.154237  0.000000 -0.272253  0.000000  0.221019  0.000000 ) 
 ( -0.154237  0.000000  0.272253  0.000000  0.221019  0.000000 ) 
 (  0.005197  0.000000 -0.003173  0.000000 -0.000000  0.000000 ) 
 ( -0.005197  0.000000  0.003173  0.000000 -0.000000  0.000000 ) 
     freq (   51) =      68.325208 [THz] =    2279.083626 [cm-1]
 ( -0.000018  0.000000  0.000184  0.000000  0.000000  0.000000 ) 
 ( -0.000127  0.000000  0.000036  0.000000 -0.000000  0.000000 ) 
 (  0.005891  0.000000  0.015609  0.000000 -0.000001  0.000000 ) 
 (  0.005891  0.000000  0.015609  0.000000  0.000001  0.000000 ) 
 (  0.001304  0.000000 -0.000015  0.000000  0.000064  0.000000 ) 
 (  0.001304  0.000000 -0.000015  0.000000 -0.000064  0.000000 ) 
 (  0.303724  0.000000 -0.051975  0.000000  0.000151  0.000000 ) 
 (  0.303724  0.000000 -0.051975  0.000000 -0.000151  0.000000 ) 
 (  0.042524  0.000000  0.008848  0.000000 -0.000057  0.000000 ) 
 (  0.042524  0.000000  0.008848  0.000000  0.000057  0.000000 ) 
 ( -0.263364  0.000000 -0.425503  0.000000  0.000150  0.000000 ) 
 ( -0.263364  0.000000 -0.425503  0.000000 -0.000150  0.000000 ) 
 (  0.012611  0.000000 -0.018792  0.000000  0.000061  0.000000 ) 
 (  0.012611  0.000000 -0.018792  0.000000 -0.000061  0.000000 ) 
 ( -0.056070  0.000000  0.148150  0.000000  0.223581  0.000000 ) 
 ( -0.056070  0.000000  0.148150  0.000000 -0.223581  0.000000 ) 
 (  0.006814  0.000000  0.015951  0.000000  0.024690  0.000000 ) 
 (  0.006814  0.000000  0.015951  0.000000 -0.024690  0.000000 ) 
 ( -0.056300  0.000000  0.148004  0.000000  0.223453  0.000000 ) 
 ( -0.056300  0.000000  0.148004  0.000000 -0.223453  0.000000 ) 
 (  0.007195  0.000000  0.016301  0.000000  0.025371  0.000000 ) 
 (  0.007195  0.000000  0.016301  0.000000 -0.025371  0.000000 ) 
     freq (   52) =      68.325208 [THz] =    2279.083626 [cm-1]
 (  0.000127 -0.000000  0.000036 -0.000000  0.000000 -0.000000 ) 
 ( -0.000018  0.000000 -0.000184  0.000000  0.000000  0.000000 ) 
 ( -0.001304  0.000000 -0.000015  0.000000  0.000064  0.000000 ) 
 ( -0.001304  0.000000 -0.000015  0.000000 -0.000064  0.000000 ) 
 (  0.005891 -0.000000 -0.015609  0.000000  0.000001  0.000000 ) 
 (  0.005891 -0.000000 -0.015609  0.000000 -0.000001  0.000000 ) 
 (  0.042524 -0.000000 -0.008848  0.000000  0.000057 -0.000000 ) 
 (  0.042524  0.000000 -0.008848  0.000000 -0.000057  0.000000 ) 
 ( -0.303724  0.000000 -0.051975  0.000000  0.000151 -0.000000 ) 
 ( -0.303724  0.000000 -0.051975  0.000000 -0.000151  0.000000 ) 
 ( -0.012611  0.000000 -0.018792  0.000000  0.000061  0.000000 ) 
 ( -0.012611  0.000000 -0.018792  0.000000 -0.000061  0.000000 ) 
 ( -0.263364  0.000000  0.425503 -0.000000 -0.000150  0.000000 ) 
 ( -0.263364  0.000000  0.425503 -0.000000  0.000150 -0.000000 ) 
 ( -0.006814  0.000000  0.015951 -0.000000  0.024690 -0.000000 ) 
 ( -0.006814  0.000000  0.015951 -0.000000 -0.024690  0.000000 ) 
 ( -0.056070  0.000000 -0.148150  0.000000 -0.223581  0.000000 ) 
 ( -0.056070  0.000000 -0.148150  0.000000  0.223581  0.000000 ) 
 ( -0.007195  0.000000  0.016301 -0.000000  0.025371 -0.000000 ) 
 ( -0.007195  0.000000  0.016301 -0.000000 -0.025371  0.000000 ) 
 ( -0.056300  0.000000 -0.148004  0.000000 -0.223453  0.000000 ) 
 ( -0.056300  0.000000 -0.148004  0.000000  0.223453 -0.000000 ) 
     freq (   53) =      68.496812 [THz] =    2284.807711 [cm-1]
 ( -0.000000  0.000000  0.000000  0.000000  0.000004  0.000000 ) 
 ( -0.000000  0.000000  0.000000  0.000000  0.000009  0.000000 ) 
 ( -0.010900  0.000000 -0.017284  0.000000  0.000163  0.000000 ) 
 (  0.010900  0.000000  0.017284  0.000000  0.000163  0.000000 ) 
 (  0.002056  0.000000  0.000387  0.000000 -0.000318  0.000000 ) 
 ( -0.002056  0.000000 -0.000387  0.000000 -0.000318  0.000000 ) 
 ( -0.263987  0.000000  0.044609  0.000000  0.000148  0.000000 ) 
 (  0.263987  0.000000 -0.044609  0.000000  0.000148  0.000000 ) 
 (  0.018205  0.000000  0.003007  0.000000 -0.000462  0.000000 ) 
 ( -0.018205  0.000000 -0.003007  0.000000 -0.000462  0.000000 ) 
 (  0.277882  0.000000  0.452827  0.000000 -0.000803  0.000000 ) 
 ( -0.277882  0.000000 -0.452827  0.000000 -0.000803  0.000000 ) 
 ( -0.000713  0.000000  0.007068  0.000000 -0.001269  0.000000 ) 
 (  0.000713  0.000000 -0.007068  0.000000 -0.001269  0.000000 ) 
 (  0.052069  0.000000 -0.146092  0.000000 -0.221340  0.000000 ) 
 ( -0.052069  0.000000  0.146092  0.000000 -0.221340  0.000000 ) 
 (  0.001556  0.000000 -0.000138  0.000000  0.000595  0.000000 ) 
 ( -0.001556  0.000000  0.000138  0.000000  0.000595  0.000000 ) 
 ( -0.052243  0.000000  0.146901  0.000000  0.218775  0.000000 ) 
 (  0.052243  0.000000 -0.146901  0.000000  0.218775  0.000000 ) 
 ( -0.001408  0.000000  0.001633  0.000000  0.003096  0.000000 ) 
 (  0.001408  0.000000 -0.001633  0.000000  0.003096  0.000000 ) 
     freq (   54) =      68.496812 [THz] =    2284.807711 [cm-1]
 ( -0.000000  0.000000 -0.000000  0.000000 -0.000009  0.000000 ) 
 (  0.000000  0.000000  0.000000  0.000000  0.000004  0.000000 ) 
 (  0.002056  0.000000 -0.000387  0.000000  0.000318  0.000000 ) 
 ( -0.002056  0.000000  0.000387  0.000000  0.000318  0.000000 ) 
 (  0.010900  0.000000 -0.017284  0.000000  0.000163  0.000000 ) 
 ( -0.010900  0.000000  0.017284  0.000000  0.000163  0.000000 ) 
 ( -0.018205  0.000000  0.003007  0.000000 -0.000462  0.000000 ) 
 (  0.018205 -0.000000 -0.003007  0.000000 -0.000462  0.000000 ) 
 ( -0.263987  0.000000 -0.044609  0.000000 -0.000148  0.000000 ) 
 (  0.263987  0.000000  0.044609  0.000000 -0.000148  0.000000 ) 
 ( -0.000713  0.000000 -0.007068  0.000000  0.001269  0.000000 ) 
 (  0.000713  0.000000  0.007068  0.000000  0.001269  0.000000 ) 
 ( -0.277882  0.000000  0.452827  0.000000 -0.000803  0.000000 ) 
 (  0.277882  0.000000 -0.452827  0.000000 -0.000803  0.000000 ) 
 (  0.001556  0.000000  0.000138  0.000000 -0.000595  0.000000 ) 
 ( -0.001556  0.000000 -0.000138  0.000000 -0.000595  0.000000 ) 
 ( -0.052069  0.000000 -0.146092  0.000000 -0.221340  0.000000 ) 
 (  0.052069  0.000000  0.146092  0.000000 -0.221340  0.000000 ) 
 ( -0.001408  0.000000 -0.001633  0.000000 -0.003096  0.000000 ) 
 (  0.001408  0.000000  0.001633  0.000000 -0.003096  0.000000 ) 
 (  0.052243  0.000000  0.146901  0.000000  0.218775  0.000000 ) 
 ( -0.052243  0.000000 -0.146901  0.000000  0.218775  0.000000 ) 
     freq (   55) =      70.024333 [THz] =    2335.760342 [cm-1]
 (  0.000000  0.000000  0.000000  0.000000 -0.000011  0.000000 ) 
 ( -0.000000  0.000000 -0.000000  0.000000  0.000001  0.000000 ) 
 (  0.012488  0.000000  0.011349  0.000000 -0.000508  0.000000 ) 
 ( -0.012488  0.000000 -0.011349  0.000000 -0.000508  0.000000 ) 
 (  0.048094  0.000000 -0.043094  0.000000 -0.000198  0.000000 ) 
 ( -0.048094  0.000000  0.043094  0.000000 -0.000198  0.000000 ) 
 ( -0.105963  0.000000  0.024263  0.000000  0.000309  0.000000 ) 
 (  0.105963  0.000000 -0.024263  0.000000  0.000309  0.000000 ) 
 (  0.430165  0.000000  0.099412  0.000000 -0.000041  0.000000 ) 
 ( -0.430165  0.000000 -0.099412  0.000000 -0.000041  0.000000 ) 
 ( -0.061299  0.000000 -0.103396  0.000000 -0.000332  0.000000 ) 
 (  0.061299  0.000000  0.103396  0.000000 -0.000332  0.000000 ) 
 ( -0.213534  0.000000  0.354839  0.000000  0.000028  0.000000 ) 
 (  0.213534  0.000000 -0.354839  0.000000  0.000028  0.000000 ) 
 (  0.012546  0.000000 -0.022717  0.000000 -0.039099  0.000000 ) 
 ( -0.012546  0.000000  0.022717  0.000000 -0.039099  0.000000 ) 
 (  0.060814  0.000000  0.107855  0.000000  0.184413  0.000000 ) 
 ( -0.060814  0.000000 -0.107855  0.000000  0.184413  0.000000 ) 
 ( -0.013950  0.000000  0.026615  0.000000  0.045207  0.000000 ) 
 (  0.013950  0.000000 -0.026615  0.000000  0.045207  0.000000 ) 
 ( -0.060675  0.000000 -0.107263  0.000000 -0.182134  0.000000 ) 
 (  0.060675  0.000000  0.107263  0.000000 -0.182134  0.000000 ) 
     freq (   56) =      70.024333 [THz] =    2335.760342 [cm-1]
 ( -0.000000  0.000000  0.000000  0.000000  0.000001  0.000000 ) 
 (  0.000000  0.000000 -0.000000  0.000000  0.000011  0.000000 ) 
 ( -0.048094  0.000000 -0.043094  0.000000 -0.000198  0.000000 ) 
 (  0.048094  0.000000  0.043094  0.000000 -0.000198  0.000000 ) 
 (  0.012488  0.000000 -0.011349  0.000000  0.000508  0.000000 ) 
 ( -0.012488  0.000000  0.011349  0.000000  0.000508  0.000000 ) 
 (  0.430165  0.000000 -0.099412  0.000000  0.000041  0.000000 ) 
 ( -0.430165  0.000000  0.099412  0.000000  0.000041  0.000000 ) 
 (  0.105963  0.000000  0.024263  0.000000  0.000309  0.000000 ) 
 ( -0.105963  0.000000 -0.024263  0.000000  0.000309  0.000000 ) 
 (  0.213534  0.000000  0.354839  0.000000  0.000028  0.000000 ) 
 ( -0.213534  0.000000 -0.354839  0.000000  0.000028  0.000000 ) 
 ( -0.061299  0.000000  0.103396  0.000000  0.000332  0.000000 ) 
 (  0.061299  0.000000 -0.103396  0.000000  0.000332  0.000000 ) 
 ( -0.060814  0.000000  0.107855  0.000000  0.184413  0.000000 ) 
 (  0.060814  0.000000 -0.107855  0.000000  0.184413  0.000000 ) 
 (  0.012546  0.000000  0.022717  0.000000  0.039099  0.000000 ) 
 ( -0.012546  0.000000 -0.022717  0.000000  0.039099  0.000000 ) 
 (  0.060675  0.000000 -0.107263  0.000000 -0.182134  0.000000 ) 
 ( -0.060675  0.000000  0.107263  0.000000 -0.182134  0.000000 ) 
 ( -0.013950  0.000000 -0.026615  0.000000 -0.045207  0.000000 ) 
 (  0.013950  0.000000  0.026615  0.000000 -0.045207  0.000000 ) 
     freq (   57) =      70.219056 [THz] =    2342.255600 [cm-1]
 (  0.000118 -0.000000  0.000102  0.000000  0.000000  0.000000 ) 
 ( -0.000121  0.000000 -0.000092  0.000000 -0.000000  0.000000 ) 
 (  0.039300 -0.000000  0.035732 -0.000000  0.000044  0.000000 ) 
 (  0.039300 -0.000000  0.035732 -0.000000 -0.000044  0.000000 ) 
 ( -0.005026  0.000000  0.041671  0.000000 -0.000099  0.000000 ) 
 ( -0.005026  0.000000  0.041671  0.000000  0.000099 -0.000000 ) 
 ( -0.321840  0.000000  0.076079 -0.000000 -0.000004  0.000000 ) 
 ( -0.321840  0.000000  0.076079 -0.000000  0.000004  0.000000 ) 
 ( -0.037681  0.000000 -0.018895  0.000000  0.000034 -0.000000 ) 
 ( -0.037681  0.000000 -0.018895  0.000000 -0.000034  0.000000 ) 
 ( -0.192413  0.000000 -0.324691  0.000000 -0.000017  0.000000 ) 
 ( -0.192413  0.000000 -0.324691  0.000000  0.000017  0.000000 ) 
 (  0.139628  0.000000 -0.214832  0.000000 -0.000059  0.000000 ) 
 (  0.139628  0.000000 -0.214832  0.000000  0.000059 -0.000000 ) 
 (  0.042638 -0.000000 -0.074674  0.000000 -0.128193  0.000000 ) 
 (  0.042638 -0.000000 -0.074674  0.000000  0.128193 -0.000000 ) 
 ( -0.055314  0.000000 -0.126688  0.000000 -0.211888  0.000000 ) 
 ( -0.055314  0.000000 -0.126688  0.000000  0.211888  0.000000 ) 
 (  0.042519 -0.000000 -0.074333  0.000000 -0.127650  0.000000 ) 
 (  0.042519 -0.000000 -0.074333  0.000000  0.127650 -0.000000 ) 
 ( -0.055690  0.000000 -0.127422  0.000000 -0.213017  0.000000 ) 
 ( -0.055690  0.000000 -0.127422  0.000000  0.213017  0.000000 ) 
     freq (   58) =      70.219056 [THz] =    2342.255600 [cm-1]
 ( -0.000121  0.000000  0.000092  0.000000 -0.000000  0.000000 ) 
 ( -0.000118  0.000000  0.000102  0.000000  0.000000  0.000000 ) 
 ( -0.005026  0.000000 -0.041671  0.000000  0.000099  0.000000 ) 
 ( -0.005026  0.000000 -0.041671  0.000000 -0.000099  0.000000 ) 
 ( -0.039300  0.000000  0.035732  0.000000  0.000044  0.000000 ) 
 ( -0.039300  0.000000  0.035732  0.000000 -0.000044  0.000000 ) 
 (  0.037681  0.000000 -0.018895  0.000000  0.000034  0.000000 ) 
 (  0.037681  0.000000 -0.018895  0.000000 -0.000034  0.000000 ) 
 ( -0.321840  0.000000 -0.076079  0.000000  0.000004  0.000000 ) 
 ( -0.321840  0.000000 -0.076079  0.000000 -0.000004  0.000000 ) 
 (  0.139628  0.000000  0.214832  0.000000  0.000059  0.000000 ) 
 (  0.139628  0.000000  0.214832  0.000000 -0.000059  0.000000 ) 
 (  0.192413  0.000000 -0.324691  0.000000 -0.000017  0.000000 ) 
 (  0.192413  0.000000 -0.324691  0.000000  0.000017  0.000000 ) 
 ( -0.055314  0.000000  0.126688  0.000000  0.211888  0.000000 ) 
 ( -0.055314  0.000000  0.126688  0.000000 -0.211888  0.000000 ) 
 ( -0.042638  0.000000 -0.074674  0.000000 -0.128193  0.000000 ) 
 ( -0.042638  0.000000 -0.074674  0.000000  0.128193  0.000000 ) 
 ( -0.055690  0.000000  0.127422  0.000000  0.213017  0.000000 ) 
 ( -0.055690  0.000000  0.127422  0.000000 -0.213017  0.000000 ) 
 ( -0.042519  0.000000 -0.074333  0.000000 -0.127650  0.000000 ) 
 ( -0.042519  0.000000 -0.074333  0.000000  0.127650  0.000000 ) 
     freq (   59) =      70.699362 [THz] =    2358.276888 [cm-1]
 ( -0.000160  0.000000 -0.000156  0.000000 -0.000000  0.000000 ) 
 (  0.000116  0.000000  0.000070  0.000000 -0.000000  0.000000 ) 
 ( -0.023019  0.000000 -0.011059  0.000000 -0.000161  0.000000 ) 
 ( -0.023019  0.000000 -0.011059  0.000000  0.000161  0.000000 ) 
 (  0.052162  0.000000  0.037689  0.000000  0.000220  0.000000 ) 
 (  0.052162  0.000000  0.037689  0.000000 -0.000220  0.000000 ) 
 (  0.195402  0.000000 -0.041213  0.000000  0.000037  0.000000 ) 
 (  0.195402  0.000000 -0.041213  0.000000 -0.000037  0.000000 ) 
 (  0.491828  0.000000  0.089345  0.000000 -0.000062  0.000000 ) 
 (  0.491828  0.000000  0.089345  0.000000  0.000062  0.000000 ) 
 (  0.082016  0.000000  0.139037  0.000000  0.000012  0.000000 ) 
 (  0.082016  0.000000  0.139037  0.000000 -0.000012  0.000000 ) 
 (  0.028959  0.000000 -0.012178  0.000000  0.000005  0.000000 ) 
 (  0.028959  0.000000 -0.012178  0.000000 -0.000005  0.000000 ) 
 ( -0.012543  0.000000  0.015615  0.000000  0.027538  0.000000 ) 
 ( -0.012543  0.000000  0.015615  0.000000 -0.027538  0.000000 ) 
 ( -0.054709  0.000000 -0.154183  0.000000 -0.249652  0.000000 ) 
 ( -0.054709  0.000000 -0.154183  0.000000  0.249652  0.000000 ) 
 ( -0.012057  0.000000  0.014337  0.000000  0.025584  0.000000 ) 
 ( -0.012057  0.000000  0.014337  0.000000 -0.025584  0.000000 ) 
 ( -0.053976  0.000000 -0.152426  0.000000 -0.246981  0.000000 ) 
 ( -0.053976  0.000000 -0.152426  0.000000  0.246981  0.000000 ) 
     freq (   60) =      70.699362 [THz] =    2358.276888 [cm-1]
 ( -0.000116  0.000000  0.000070  0.000000 -0.000000  0.000000 ) 
 ( -0.000160  0.000000  0.000156  0.000000 -0.000000  0.000000 ) 
 ( -0.052162  0.000000  0.037689  0.000000  0.000220  0.000000 ) 
 ( -0.052162  0.000000  0.037689  0.000000 -0.000220  0.000000 ) 
 ( -0.023019  0.000000  0.011059  0.000000  0.000161  0.000000 ) 
 ( -0.023019  0.000000  0.011059  0.000000 -0.000161  0.000000 ) 
 (  0.491828  0.000000 -0.089345  0.000000  0.000062  0.000000 ) 
 (  0.491828  0.000000 -0.089345  0.000000 -0.000062  0.000000 ) 
 ( -0.195402  0.000000 -0.041213  0.000000  0.000037  0.000000 ) 
 ( -0.195402  0.000000 -0.041213  0.000000 -0.000037  0.000000 ) 
 ( -0.028959  0.000000 -0.012178  0.000000  0.000005  0.000000 ) 
 ( -0.028959  0.000000 -0.012178  0.000000 -0.000005  0.000000 ) 
 (  0.082016  0.000000 -0.139037  0.000000 -0.000012  0.000000 ) 
 (  0.082016  0.000000 -0.139037  0.000000  0.000012  0.000000 ) 
 (  0.054709  0.000000 -0.154183  0.000000 -0.249652  0.000000 ) 
 (  0.054709  0.000000 -0.154183  0.000000  0.249652  0.000000 ) 
 ( -0.012543  0.000000 -0.015615  0.000000 -0.027538  0.000000 ) 
 ( -0.012543  0.000000 -0.015615  0.000000  0.027538  0.000000 ) 
 (  0.053976  0.000000 -0.152426  0.000000 -0.246981  0.000000 ) 
 (  0.053976  0.000000 -0.152426  0.000000  0.246981  0.000000 ) 
 ( -0.012057  0.000000 -0.014337  0.000000 -0.025584  0.000000 ) 
 ( -0.012057  0.000000 -0.014337  0.000000  0.025584  0.000000 ) 
     freq (   61) =      70.950511 [THz] =    2366.654285 [cm-1]
 (  0.000000  0.000000 -0.000000  0.000000  0.000002  0.000000 ) 
 (  0.000000  0.000000 -0.000000  0.000000  0.000002  0.000000 ) 
 (  0.046871  0.000000 -0.049254  0.000000 -0.000590  0.000000 ) 
 ( -0.046871  0.000000  0.049254  0.000000 -0.000590  0.000000 ) 
 ( -0.002740  0.000000 -0.003097  0.000000  0.000853  0.000000 ) 
 (  0.002740  0.000000  0.003097  0.000000  0.000853  0.000000 ) 
 ( -0.462004  0.000000  0.081475  0.000000 -0.000184  0.000000 ) 
 (  0.462004  0.000000 -0.081475  0.000000 -0.000184  0.000000 ) 
 ( -0.025277  0.000000 -0.004598  0.000000 -0.000189  0.000000 ) 
 (  0.025277  0.000000  0.004598  0.000000 -0.000189  0.000000 ) 
 (  0.077648  0.000000  0.095489  0.000000 -0.000127  0.000000 ) 
 ( -0.077648  0.000000 -0.095489  0.000000 -0.000127  0.000000 ) 
 (  0.000626  0.000000 -0.003908  0.000000  0.000254  0.000000 ) 
 ( -0.000626  0.000000  0.003908  0.000000  0.000254  0.000000 ) 
 ( -0.070991  0.000000  0.188901  0.000000  0.301790  0.000000 ) 
 (  0.070991  0.000000 -0.188901  0.000000  0.301790  0.000000 ) 
 (  0.005129  0.000000  0.011597  0.000000  0.018453  0.000000 ) 
 ( -0.005129  0.000000 -0.011597  0.000000  0.018453  0.000000 ) 
 (  0.069242  0.000000 -0.184623  0.000000 -0.295135  0.000000 ) 
 ( -0.069242  0.000000  0.184623  0.000000 -0.295135  0.000000 ) 
 ( -0.007676  0.000000 -0.017939  0.000000 -0.027986  0.000000 ) 
 (  0.007676  0.000000  0.017939  0.000000 -0.027986  0.000000 ) 
     freq (   62) =      70.950511 [THz] =    2366.654285 [cm-1]
 (  0.000000  0.000000  0.000000  0.000000  0.000002  0.000000 ) 
 (  0.000000  0.000000 -0.000000  0.000000 -0.000002  0.000000 ) 
 (  0.002740  0.000000 -0.003097  0.000000  0.000853  0.000000 ) 
 ( -0.002740  0.000000  0.003097  0.000000  0.000853  0.000000 ) 
 (  0.046871  0.000000  0.049254  0.000000  0.000590  0.000000 ) 
 ( -0.046871  0.000000 -0.049254  0.000000  0.000590  0.000000 ) 
 ( -0.025277  0.000000  0.004598  0.000000  0.000189  0.000000 ) 
 (  0.025277  0.000000 -0.004598  0.000000  0.000189  0.000000 ) 
 (  0.462004  0.000000  0.081475  0.000000 -0.000184  0.000000 ) 
 ( -0.462004  0.000000 -0.081475  0.000000 -0.000184  0.000000 ) 
 ( -0.000626  0.000000 -0.003908  0.000000  0.000254  0.000000 ) 
 (  0.000626  0.000000  0.003908  0.000000  0.000254  0.000000 ) 
 (  0.077648  0.000000 -0.095489  0.000000  0.000127  0.000000 ) 
 ( -0.077648  0.000000  0.095489  0.000000  0.000127  0.000000 ) 
 ( -0.005129  0.000000  0.011597  0.000000  0.018453  0.000000 ) 
 (  0.005129  0.000000 -0.011597  0.000000  0.018453  0.000000 ) 
 ( -0.070991  0.000000 -0.188901  0.000000 -0.301790  0.000000 ) 
 (  0.070991  0.000000  0.188901  0.000000 -0.301790  0.000000 ) 
 (  0.007676  0.000000 -0.017939  0.000000 -0.027986  0.000000 ) 
 ( -0.007676  0.000000  0.017939  0.000000 -0.027986  0.000000 ) 
 (  0.069242  0.000000  0.184623  0.000000  0.295135  0.000000 ) 
 ( -0.069242  0.000000 -0.184623  0.000000  0.295135  0.000000 ) 
     freq (   63) =      71.180434 [THz] =    2374.323710 [cm-1]
 (  0.000000  0.000000  0.000000  0.000000  0.000048  0.000000 ) 
 ( -0.000000  0.000000 -0.000000  0.000000 -0.000136  0.000000 ) 
 ( -0.000181  0.000000  0.000806  0.000000  0.014711  0.000000 ) 
 (  0.000181  0.000000 -0.000806  0.000000  0.014711  0.000000 ) 
 ( -0.000377  0.000000 -0.000515  0.000000  0.070616  0.000000 ) 
 (  0.000377  0.000000  0.000515  0.000000  0.070616  0.000000 ) 
 (  0.000580  0.000000  0.000104  0.000000  0.002696  0.000000 ) 
 ( -0.000580  0.000000 -0.000104  0.000000  0.002696  0.000000 ) 
 ( -0.002942  0.000000 -0.000445  0.000000 -0.014944  0.000000 ) 
 (  0.002942  0.000000  0.000445  0.000000 -0.014944  0.000000 ) 
 ( -0.001492  0.000000 -0.001919  0.000000  0.003796  0.000000 ) 
 (  0.001492  0.000000  0.001919  0.000000  0.003796  0.000000 ) 
 ( -0.000441  0.000000  0.000498  0.000000  0.016968  0.000000 ) 
 (  0.000441  0.000000 -0.000498  0.000000  0.016968  0.000000 ) 
 (  0.022574  0.000000 -0.056548  0.000000 -0.085400  0.000000 ) 
 ( -0.022574  0.000000  0.056548  0.000000 -0.085400  0.000000 ) 
 ( -0.105367  0.000000 -0.261665  0.000000 -0.391577  0.000000 ) 
 (  0.105367  0.000000  0.261665  0.000000 -0.391577  0.000000 ) 
 (  0.019707  0.000000 -0.049688  0.000000 -0.074392  0.000000 ) 
 ( -0.019707  0.000000  0.049688  0.000000 -0.074392  0.000000 ) 
 ( -0.107164  0.000000 -0.266495  0.000000 -0.399310  0.000000 ) 
 (  0.107164  0.000000  0.266495  0.000000 -0.399310  0.000000 ) 
     freq (   64) =      71.180434 [THz] =    2374.323710 [cm-1]
 ( -0.000000  0.000000  0.000000  0.000000 -0.000136  0.000000 ) 
 (  0.000000  0.000000 -0.000000  0.000000 -0.000048  0.000000 ) 
 (  0.000377  0.000000 -0.000515  0.000000  0.070616  0.000000 ) 
 ( -0.000377  0.000000  0.000515  0.000000  0.070616  0.000000 ) 
 ( -0.000181  0.000000 -0.000806  0.000000 -0.014711  0.000000 ) 
 (  0.000181  0.000000  0.000806  0.000000 -0.014711  0.000000 ) 
 ( -0.002942  0.000000  0.000445  0.000000  0.014944  0.000000 ) 
 (  0.002942  0.000000 -0.000445  0.000000  0.014944  0.000000 ) 
 ( -0.000580  0.000000  0.000104  0.000000  0.002696  0.000000 ) 
 (  0.000580  0.000000 -0.000104  0.000000  0.002696  0.000000 ) 
 (  0.000441  0.000000  0.000498  0.000000  0.016968  0.000000 ) 
 ( -0.000441  0.000000 -0.000498  0.000000  0.016968  0.000000 ) 
 ( -0.001492  0.000000  0.001919  0.000000 -0.003796  0.000000 ) 
 (  0.001492  0.000000 -0.001919  0.000000 -0.003796  0.000000 ) 
 (  0.105367  0.000000 -0.261665  0.000000 -0.391577  0.000000 ) 
 ( -0.105367  0.000000  0.261665  0.000000 -0.391577  0.000000 ) 
 (  0.022574  0.000000  0.056548  0.000000  0.085400  0.000000 ) 
 ( -0.022574  0.000000 -0.056548  0.000000  0.085400  0.000000 ) 
 (  0.107164  0.000000 -0.266495  0.000000 -0.399310  0.000000 ) 
 ( -0.107164  0.000000  0.266495  0.000000 -0.399310  0.000000 ) 
 (  0.019707  0.000000  0.049688  0.000000  0.074392  0.000000 ) 
 ( -0.019707  0.000000 -0.049688  0.000000  0.074392  0.000000 ) 
     freq (   65) =      71.229336 [THz] =    2375.954886 [cm-1]
 (  0.000001  0.000000  0.000000  0.000000  0.000000  0.000000 ) 
 ( -0.000002  0.000000 -0.000000  0.000000  0.000000  0.000000 ) 
 ( -0.000236  0.000000 -0.000016  0.000000  0.007006  0.000000 ) 
 ( -0.000236  0.000000 -0.000016  0.000000 -0.007006  0.000000 ) 
 (  0.000113  0.000000  0.000108  0.000000 -0.071648  0.000000 ) 
 (  0.000113  0.000000  0.000108  0.000000  0.071648  0.000000 ) 
 (  0.002487  0.000000 -0.000476  0.000000  0.002378  0.000000 ) 
 (  0.002487  0.000000 -0.000476  0.000000 -0.002378  0.000000 ) 
 (  0.001257  0.000000  0.000214  0.000000  0.015428  0.000000 ) 
 (  0.001257  0.000000  0.000214  0.000000 -0.015428  0.000000 ) 
 (  0.000326  0.000000  0.000677  0.000000  0.001265  0.000000 ) 
 (  0.000326  0.000000  0.000677  0.000000 -0.001265  0.000000 ) 
 (  0.000158  0.000000 -0.000186  0.000000 -0.016458  0.000000 ) 
 (  0.000158  0.000000 -0.000186  0.000000  0.016458  0.000000 ) 
 (  0.011518  0.000000 -0.025555  0.000000 -0.038983  0.000000 ) 
 (  0.011518  0.000000 -0.025555  0.000000  0.038983  0.000000 ) 
 (  0.107761  0.000000  0.267715  0.000000  0.400944  0.000000 ) 
 (  0.107761  0.000000  0.267715  0.000000 -0.400944  0.000000 ) 
 ( -0.011665  0.000000  0.025683  0.000000  0.039140  0.000000 ) 
 ( -0.011665  0.000000  0.025683  0.000000 -0.039140  0.000000 ) 
 ( -0.108097  0.000000 -0.268518  0.000000 -0.402285  0.000000 ) 
 ( -0.108097  0.000000 -0.268518  0.000000  0.402285  0.000000 ) 
     freq (   66) =      71.229336 [THz] =    2375.954886 [cm-1]
 ( -0.000002  0.000000  0.000000  0.000000 -0.000000  0.000000 ) 
 ( -0.000001  0.000000  0.000000  0.000000 -0.000000  0.000000 ) 
 (  0.000113  0.000000 -0.000108  0.000000  0.071648  0.000000 ) 
 (  0.000113  0.000000 -0.000108  0.000000 -0.071648  0.000000 ) 
 (  0.000236  0.000000 -0.000016  0.000000  0.007006  0.000000 ) 
 (  0.000236  0.000000 -0.000016  0.000000 -0.007006  0.000000 ) 
 ( -0.001257  0.000000  0.000214  0.000000  0.015428  0.000000 ) 
 ( -0.001257  0.000000  0.000214  0.000000 -0.015428  0.000000 ) 
 (  0.002487  0.000000  0.000476  0.000000 -0.002378  0.000000 ) 
 (  0.002487  0.000000  0.000476  0.000000  0.002378  0.000000 ) 
 (  0.000158  0.000000  0.000186  0.000000  0.016458  0.000000 ) 
 (  0.000158  0.000000  0.000186  0.000000 -0.016458  0.000000 ) 
 ( -0.000326  0.000000  0.000677  0.000000  0.001265  0.000000 ) 
 ( -0.000326  0.000000  0.000677  0.000000 -0.001265  0.000000 ) 
 (  0.107761  0.000000 -0.267715  0.000000 -0.400944  0.000000 ) 
 (  0.107761  0.000000 -0.267715  0.000000  0.400944  0.000000 ) 
 ( -0.011518  0.000000 -0.025555  0.000000 -0.038983  0.000000 ) 
 ( -0.011518  0.000000 -0.025555  0.000000  0.038983  0.000000 ) 
 ( -0.108097  0.000000  0.268518  0.000000  0.402285  0.000000 ) 
 ( -0.108097  0.000000  0.268518  0.000000 -0.402285  0.000000 ) 
 (  0.011665  0.000000  0.025683  0.000000  0.039140  0.000000 ) 
 (  0.011665  0.000000  0.025683  0.000000 -0.039140  0.000000 ) 
 **************************************************************************
