
     Program PHONON v.7.3.1 starts on 12Aug2024 at 11:16:56 

     This program is part of the open-source Quantum ESPRESSO suite
     for quantum simulation of materials; please cite
         "P. Giannozzi et al., J. Phys.:Condens. Matter 21 395502 (2009);
         "P. Giannozzi et al., J. Phys.:Condens. Matter 29 465901 (2017);
         "P. Giannozzi et al., J. Chem. Phys. 152 154105 (2020);
          URL http://www.quantum-espresso.org", 
     in publications or presentations arising from this work. More details at
     http://www.quantum-espresso.org/quote

     Parallel version (MPI), running on    24 processors

     MPI processes distributed on     1 nodes
     93376 MiB available memory on the printing compute node when the environment starts

     Waiting for input...
     Reading input from standard input

     Reading xml data from directory:

     ./pwscf.save/

     R & G space division:  proc/nbgrp/npool/nimage =      24
     Subspace diagonalization in iterative solution of the eigenvalue problem:
     a serial algorithm will be used


     IMPORTANT: XC functional enforced from input :
     Exchange-correlation= PBESOL
                           (   1   4  10   8   0   0   0)
     Any further DFT definition will be discarded
     Please, verify this is what you really want


     Parallelization info
     --------------------
     sticks:   dense  smooth     PW     G-vecs:    dense   smooth      PW
     Min         465     233     62                24421     8638    1212
     Max         466     234     63                24424     8639    1215
     Sum       11181    5597   1489               586151   207331   29109

     Using Slab Decomposition

     Reading collected, re-writing distributed wavefunctions in ./


     Dynamical matrices for ( 2, 2, 2)  uniform grid of q-points
     (   8 q-points):
       N         xq(1)         xq(2)         xq(3) 
       1   0.000000000   0.000000000   0.000000000
       2   0.000000000   0.000000000  -0.757653429
       3   0.000000000  -0.499148707   0.000000000
       4   0.000000000  -0.499148707  -0.757653429
       5  -0.500000000   0.000000000   0.000000000
       6  -0.500000000   0.000000000  -0.757653429
       7  -0.500000000  -0.499148707   0.000000000
       8  -0.500000000  -0.499148707  -0.757653429

     Number and degeneracy of irreps per q-point
       N         xq(1)         xq(2)         xq(3)   N irreps
       1   0.000000000   0.000000000   0.000000000      66
     No degeneracy
       2   0.000000000   0.000000000  -0.757653429      66
     No degeneracy
       3   0.000000000  -0.499148707   0.000000000      33
        2   2   2   2   2   2   2   2   2   2   2   2   2   2   2   2   2   2
   2   2   2   2   2   2   2   2   2   2   2   2   2   2   2
       4   0.000000000  -0.499148707  -0.757653429      33
        2   2   2   2   2   2   2   2   2   2   2   2   2   2   2   2   2   2
   2   2   2   2   2   2   2   2   2   2   2   2   2   2   2
       5  -0.500000000   0.000000000   0.000000000      33
        2   2   2   2   2   2   2   2   2   2   2   2   2   2   2   2   2   2
   2   2   2   2   2   2   2   2   2   2   2   2   2   2   2
       6  -0.500000000   0.000000000  -0.757653429      33
        2   2   2   2   2   2   2   2   2   2   2   2   2   2   2   2   2   2
   2   2   2   2   2   2   2   2   2   2   2   2   2   2   2
       7  -0.500000000  -0.499148707   0.000000000      33
        2   2   2   2   2   2   2   2   2   2   2   2   2   2   2   2   2   2
   2   2   2   2   2   2   2   2   2   2   2   2   2   2   2
       8  -0.500000000  -0.499148707  -0.757653429      33
        2   2   2   2   2   2   2   2   2   2   2   2   2   2   2   2   2   2
   2   2   2   2   2   2   2   2   2   2   2   2   2   2   2

     Saving dvscf to file. Distribute only q points, not irreducible representations.

     Calculation of q =    0.0000000   0.0000000   0.0000000

                                                                                

     bravais-lattice index     =            8
     lattice parameter (alat)  =      13.2392  a.u.
     unit-cell volume          =    1533.9930 (a.u.)^3
     number of atoms/cell      =           22
     number of atomic types    =            3
     kinetic-energy cut-off    =     100.0000  Ry
     charge density cut-off    =     800.0000  Ry
     convergence threshold     =      1.0E-14
     beta                      =       0.7000
     number of iterations used =            4
     Exchange-correlation= PBESOL
                           (   1   4  10   8   0   0   0)


     celldm(1)=   13.23919  celldm(2)=    1.00171  celldm(3)=    0.65993
     celldm(4)=    0.00000  celldm(5)=    0.00000  celldm(6)=    0.00000

     crystal axes: (cart. coord. in units of alat)
               a(1) = (  1.0000  0.0000  0.0000 )  
               a(2) = (  0.0000  1.0017  0.0000 )  
               a(3) = (  0.0000  0.0000  0.6599 )  

     reciprocal axes: (cart. coord. in units 2 pi/alat)
               b(1) = (  1.0000  0.0000  0.0000 )  
               b(2) = (  0.0000  0.9983  0.0000 )  
               b(3) = (  0.0000  0.0000  1.5153 )  


     Atoms inside the unit cell: 

     Cartesian axes

     site n.  atom      mass           positions (alat units)
        1  Ba    137.3270   tau(    1) = (    0.50000    0.50085    0.32997  )
        2  Ba    137.3270   tau(    2) = (    0.00000    0.00000    0.65993  )
        3  B      10.8110   tau(    3) = (    0.62465    0.25183    0.00000  )
        4  B      10.8110   tau(    4) = (    0.37535    0.74988    0.00000  )
        5  B      10.8110   tau(    5) = (    0.12465    0.24902    0.32996  )
        6  B      10.8110   tau(    6) = (    0.87535    0.75268    0.32996  )
        7  H       1.0079   tau(    7) = (    0.45220    0.28696   -0.00001  )
        8  H       1.0079   tau(    8) = (    0.54780    0.71474   -0.00001  )
        9  H       1.0079   tau(    9) = (    0.95220    0.21389    0.32998  )
       10  H       1.0079   tau(   10) = (    0.04780    0.78781    0.32998  )
       11  H       1.0079   tau(   11) = (    0.71673    0.40264    0.00000  )
       12  H       1.0079   tau(   12) = (    0.28327    0.59906    0.00000  )
       13  H       1.0079   tau(   13) = (    0.21673    0.09821    0.32996  )
       14  H       1.0079   tau(   14) = (    0.78327    0.90350    0.32996  )
       15  H       1.0079   tau(   15) = (    0.66144    0.16033    0.51466  )
       16  H       1.0079   tau(   16) = (    0.33856    0.84138    0.51466  )
       17  H       1.0079   tau(   17) = (    0.16144    0.34053    0.47524  )
       18  H       1.0079   tau(   18) = (    0.83856    0.66118    0.47524  )
       19  H       1.0079   tau(   19) = (    0.33856    0.84138    0.14529  )
       20  H       1.0079   tau(   20) = (    0.66144    0.16033    0.14529  )
       21  H       1.0079   tau(   21) = (    0.83856    0.66118    0.18468  )
       22  H       1.0079   tau(   22) = (    0.16144    0.34053    0.18468  )

     Computing dynamical matrix for 
                    q = (   0.0000000   0.0000000   0.0000000 )

      5 Sym.Ops. (with q -> -q+G )


     G cutoff = 3551.8357  (  24424 G-vectors)     FFT grid: (120,120, 80)
     G cutoff = 1775.9178  (   8639 G-vectors)  smooth grid: ( 90, 90, 60)
     number of k points=    27

     PseudoPot. # 1 for B  read from file:
     /home/mehlhorn/pseudos/b_pbesol_v1.4.uspp.F.UPF
     MD5 check sum: 369b69bef2c3aeed4453bd8b804fd6a8
     Pseudo is Ultrasoft + core correction, Zval =  3.0
     Generated by new atomic code, or converted to UPF format
     Using radial grid of  781 points,  4 beta functions with: 
                l(1) =   0
                l(2) =   0
                l(3) =   1
                l(4) =   1
     Q(r) pseudized with  8 coefficients,  rinner =    1.100   1.100   1.100


     PseudoPot. # 2 for Ba read from file:
     /home/mehlhorn/pseudos/Ba.nc.z_10.oncvpsp4.dojo.v4-sp.upf
     MD5 check sum: c10ed334bb677c0554edec7181ce9143
     Pseudo is Norm-conserving + core correction, Zval = 10.0
     Generated using ONCVPSP code by D. R. Hamann
     Using radial grid of 1938 points,  8 beta functions with: 
                l(1) =   0
                l(2) =   0
                l(3) =   1
                l(4) =   1
                l(5) =   2
                l(6) =   2
                l(7) =   3
                l(8) =   3

     PseudoPot. # 3 for H  read from file:
     /home/mehlhorn/pseudos/H_ONCV_PBEsol-1.0.upf
     MD5 check sum: 398ef8f67c0a7342c05c87c5e19ea467
     Pseudo is Norm-conserving, Zval =  1.0
     Generated using ONCVPSP code by D. R. Hamann
     Using radial grid of 1180 points,  2 beta functions with: 
                l(1) =   0
                l(2) =   0

     Mode symmetry, D_2  (222)  point group:


     Electric field:
     Dielectric constant
     Born effective charges in two ways 


     Atomic displacements:
     There are   66 irreducible representations

     Representation     1      1 modes -  To be done

     Representation     2      1 modes -  To be done

     Representation     3      1 modes -  To be done

     Representation     4      1 modes -  To be done

     Representation     5      1 modes -  To be done

     Representation     6      1 modes -  To be done

     Representation     7      1 modes -  To be done

     Representation     8      1 modes -  To be done

     Representation     9      1 modes -  To be done

     Representation    10      1 modes -  To be done

     Representation    11      1 modes -  To be done

     Representation    12      1 modes -  To be done

     Representation    13      1 modes -  To be done

     Representation    14      1 modes -  To be done

     Representation    15      1 modes -  To be done

     Representation    16      1 modes -  To be done

     Representation    17      1 modes -  To be done

     Representation    18      1 modes -  To be done

     Representation    19      1 modes -  To be done

     Representation    20      1 modes -  To be done

     Representation    21      1 modes -  To be done

     Representation    22      1 modes -  To be done

     Representation    23      1 modes -  To be done

     Representation    24      1 modes -  To be done

     Representation    25      1 modes -  To be done

     Representation    26      1 modes -  To be done

     Representation    27      1 modes -  To be done

     Representation    28      1 modes -  To be done

     Representation    29      1 modes -  To be done

     Representation    30      1 modes -  To be done

     Representation    31      1 modes -  To be done

     Representation    32      1 modes -  To be done

     Representation    33      1 modes -  To be done

     Representation    34      1 modes -  To be done

     Representation    35      1 modes -  To be done

     Representation    36      1 modes -  To be done

     Representation    37      1 modes -  To be done

     Representation    38      1 modes -  To be done

     Representation    39      1 modes -  To be done

     Representation    40      1 modes -  To be done

     Representation    41      1 modes -  To be done

     Representation    42      1 modes -  To be done

     Representation    43      1 modes -  To be done

     Representation    44      1 modes -  To be done

     Representation    45      1 modes -  To be done

     Representation    46      1 modes -  To be done

     Representation    47      1 modes -  To be done

     Representation    48      1 modes -  To be done

     Representation    49      1 modes -  To be done

     Representation    50      1 modes -  To be done

     Representation    51      1 modes -  To be done

     Representation    52      1 modes -  To be done

     Representation    53      1 modes -  To be done

     Representation    54      1 modes -  To be done

     Representation    55      1 modes -  To be done

     Representation    56      1 modes -  To be done

     Representation    57      1 modes -  To be done

     Representation    58      1 modes -  To be done

     Representation    59      1 modes -  To be done

     Representation    60      1 modes -  To be done

     Representation    61      1 modes -  To be done

     Representation    62      1 modes -  To be done

     Representation    63      1 modes -  To be done

     Representation    64      1 modes -  To be done

     Representation    65      1 modes -  To be done

     Representation    66      1 modes -  To be done



     Alpha used in Ewald sum =   2.8000
     PHONON       :   3m43.30s CPU   3m47.63s WALL


     Electric Fields Calculation

      iter #   1 total cpu time :   938.7 secs   av.it.:   7.6
      thresh= 1.000E-02 alpha_mix =  0.700 |ddv_scf|^2 =  6.343E-09

      iter #   2 total cpu time :  1250.8 secs   av.it.:  16.9
      thresh= 7.964E-06 alpha_mix =  0.700 |ddv_scf|^2 =  1.091E-09

      iter #   3 total cpu time :  1550.9 secs   av.it.:  16.1
      thresh= 3.304E-06 alpha_mix =  0.700 |ddv_scf|^2 =  7.465E-11

      iter #   4 total cpu time :  1847.6 secs   av.it.:  15.8
      thresh= 8.640E-07 alpha_mix =  0.700 |ddv_scf|^2 =  1.189E-11

      iter #   5 total cpu time :  2140.1 secs   av.it.:  15.7
      thresh= 3.448E-07 alpha_mix =  0.700 |ddv_scf|^2 =  1.072E-12

      iter #   6 total cpu time :  2430.0 secs   av.it.:  15.7
      thresh= 1.035E-07 alpha_mix =  0.700 |ddv_scf|^2 =  2.618E-14

      iter #   7 total cpu time :  2726.0 secs   av.it.:  15.9
      thresh= 1.618E-08 alpha_mix =  0.700 |ddv_scf|^2 =  3.478E-15

     End of electric fields calculation

          Dielectric constant in cartesian axis 

          (       2.940456764       0.000000000       0.000000000 )
          (       0.000000000       2.985151146       0.000000000 )
          (       0.000000000       0.000000000       3.167530395 )

          Effective charges (d Force / dE) in cartesian axis without acoustic sum rule applied (asr)

           atom    1  Ba    Mean Z*:        2.61678
      Ex  (        2.42710       -0.06923        0.00000 )
      Ey  (        0.26158        2.44443        0.00000 )
      Ez  (        0.00000        0.00000        2.97882 )
           atom    2  Ba    Mean Z*:        2.61678
      Ex  (        2.42710        0.06923        0.00000 )
      Ey  (       -0.26158        2.44443        0.00000 )
      Ez  (        0.00000        0.00000        2.97882 )
           atom    3  B     Mean Z*:       -0.10651
      Ex  (       -0.12857        0.01691       -0.00000 )
      Ey  (        0.16578       -0.00111        0.00000 )
      Ez  (        0.00003       -0.00001       -0.18985 )
           atom    4  B     Mean Z*:       -0.10651
      Ex  (       -0.12857        0.01691        0.00000 )
      Ey  (        0.16578       -0.00111       -0.00000 )
      Ez  (       -0.00003        0.00001       -0.18985 )
           atom    5  B     Mean Z*:       -0.10651
      Ex  (       -0.12857       -0.01691        0.00000 )
      Ey  (       -0.16578       -0.00111        0.00000 )
      Ez  (       -0.00003       -0.00001       -0.18985 )
           atom    6  B     Mean Z*:       -0.10651
      Ex  (       -0.12857       -0.01691       -0.00000 )
      Ey  (       -0.16578       -0.00111       -0.00000 )
      Ez  (        0.00003        0.00001       -0.18985 )
           atom    7  H     Mean Z*:       -0.31180
      Ex  (       -0.44688        0.13535       -0.00003 )
      Ey  (        0.14001       -0.23560        0.00004 )
      Ez  (       -0.00003        0.00004       -0.25290 )
           atom    8  H     Mean Z*:       -0.31180
      Ex  (       -0.44688        0.13535        0.00003 )
      Ey  (        0.14001       -0.23560       -0.00004 )
      Ez  (        0.00003       -0.00004       -0.25290 )
           atom    9  H     Mean Z*:       -0.31180
      Ex  (       -0.44688       -0.13535        0.00003 )
      Ey  (       -0.14001       -0.23560        0.00004 )
      Ez  (        0.00003        0.00004       -0.25290 )
           atom   10  H     Mean Z*:       -0.31180
      Ex  (       -0.44688       -0.13535       -0.00003 )
      Ey  (       -0.14001       -0.23560       -0.00004 )
      Ez  (       -0.00003       -0.00004       -0.25290 )
           atom   11  H     Mean Z*:       -0.30906
      Ex  (       -0.22520       -0.01087       -0.00000 )
      Ey  (       -0.10009       -0.44791        0.00001 )
      Ez  (       -0.00001        0.00000       -0.25407 )
           atom   12  H     Mean Z*:       -0.30906
      Ex  (       -0.22520       -0.01087        0.00000 )
      Ey  (       -0.10009       -0.44791       -0.00001 )
      Ez  (        0.00001       -0.00000       -0.25407 )
           atom   13  H     Mean Z*:       -0.30906
      Ex  (       -0.22520        0.01087        0.00000 )
      Ey  (        0.10009       -0.44791        0.00001 )
      Ez  (        0.00001        0.00000       -0.25407 )
           atom   14  H     Mean Z*:       -0.30906
      Ex  (       -0.22520        0.01087       -0.00000 )
      Ey  (        0.10009       -0.44791       -0.00001 )
      Ez  (       -0.00001       -0.00000       -0.25407 )
           atom   15  H     Mean Z*:       -0.29022
      Ex  (       -0.20655        0.15879        0.07422 )
      Ey  (        0.11473       -0.26802       -0.10030 )
      Ez  (        0.03694       -0.11209       -0.39610 )
           atom   16  H     Mean Z*:       -0.29022
      Ex  (       -0.20655        0.15879       -0.07422 )
      Ey  (        0.11473       -0.26802        0.10030 )
      Ez  (       -0.03694        0.11209       -0.39610 )
           atom   17  H     Mean Z*:       -0.29022
      Ex  (       -0.20655       -0.15879       -0.07422 )
      Ey  (       -0.11473       -0.26802       -0.10030 )
      Ez  (       -0.03694       -0.11209       -0.39610 )
           atom   18  H     Mean Z*:       -0.29022
      Ex  (       -0.20655       -0.15879        0.07422 )
      Ey  (       -0.11473       -0.26802        0.10030 )
      Ez  (        0.03694        0.11209       -0.39610 )
           atom   19  H     Mean Z*:       -0.29020
      Ex  (       -0.20653        0.15875        0.07417 )
      Ey  (        0.11470       -0.26800       -0.10028 )
      Ez  (        0.03692       -0.11208       -0.39609 )
           atom   20  H     Mean Z*:       -0.29020
      Ex  (       -0.20653        0.15875       -0.07417 )
      Ey  (        0.11470       -0.26800        0.10028 )
      Ez  (       -0.03692        0.11208       -0.39609 )
           atom   21  H     Mean Z*:       -0.29020
      Ex  (       -0.20653       -0.15875       -0.07417 )
      Ey  (       -0.11470       -0.26800       -0.10028 )
      Ez  (       -0.03692       -0.11208       -0.39609 )
           atom   22  H     Mean Z*:       -0.29020
      Ex  (       -0.20653       -0.15875        0.07417 )
      Ey  (       -0.11470       -0.26800        0.10028 )
      Ez  (        0.03692        0.11208       -0.39609 )

          Effective charges Sum: Mean:        0.00240
             -0.00067        0.00000        0.00000
              0.00000        0.00628        0.00000
              0.00000        0.00000        0.00159

          Effective charges (d Force / dE) in cartesian axis with asr applied: 
           atom    1  Ba    Mean Z*:        2.61668
      E*x (        2.42713       -0.06923        0.00000 )
      E*y (        0.26158        2.44414        0.00000 )
      E*z (        0.00000        0.00000        2.97875 )
           atom    2  Ba    Mean Z*:        2.61668
      E*x (        2.42713        0.06923        0.00000 )
      E*y (       -0.26158        2.44414        0.00000 )
      E*z (        0.00000        0.00000        2.97875 )
           atom    3  B     Mean Z*:       -0.10662
      E*x (       -0.12854        0.01691       -0.00000 )
      E*y (        0.16578       -0.00139        0.00000 )
      E*z (        0.00003       -0.00001       -0.18993 )
           atom    4  B     Mean Z*:       -0.10662
      E*x (       -0.12854        0.01691        0.00000 )
      E*y (        0.16578       -0.00139       -0.00000 )
      E*z (       -0.00003        0.00001       -0.18993 )
           atom    5  B     Mean Z*:       -0.10662
      E*x (       -0.12854       -0.01691        0.00000 )
      E*y (       -0.16578       -0.00139        0.00000 )
      E*z (       -0.00003       -0.00001       -0.18993 )
           atom    6  B     Mean Z*:       -0.10662
      E*x (       -0.12854       -0.01691       -0.00000 )
      E*y (       -0.16578       -0.00139       -0.00000 )
      E*z (        0.00003        0.00001       -0.18993 )
           atom    7  H     Mean Z*:       -0.31190
      E*x (       -0.44685        0.13535       -0.00003 )
      E*y (        0.14001       -0.23589        0.00004 )
      E*z (       -0.00003        0.00004       -0.25297 )
           atom    8  H     Mean Z*:       -0.31190
      E*x (       -0.44685        0.13535        0.00003 )
      E*y (        0.14001       -0.23589       -0.00004 )
      E*z (        0.00003       -0.00004       -0.25297 )
           atom    9  H     Mean Z*:       -0.31190
      E*x (       -0.44685       -0.13535        0.00003 )
      E*y (       -0.14001       -0.23589        0.00004 )
      E*z (        0.00003        0.00004       -0.25297 )
           atom   10  H     Mean Z*:       -0.31190
      E*x (       -0.44685       -0.13535       -0.00003 )
      E*y (       -0.14001       -0.23589       -0.00004 )
      E*z (       -0.00003       -0.00004       -0.25297 )
           atom   11  H     Mean Z*:       -0.30917
      E*x (       -0.22516       -0.01087       -0.00000 )
      E*y (       -0.10009       -0.44819        0.00001 )
      E*z (       -0.00001        0.00000       -0.25414 )
           atom   12  H     Mean Z*:       -0.30917
      E*x (       -0.22516       -0.01087        0.00000 )
      E*y (       -0.10009       -0.44819       -0.00001 )
      E*z (        0.00001       -0.00000       -0.25414 )
           atom   13  H     Mean Z*:       -0.30917
      E*x (       -0.22516        0.01087        0.00000 )
      E*y (        0.10009       -0.44819        0.00001 )
      E*z (        0.00001        0.00000       -0.25414 )
           atom   14  H     Mean Z*:       -0.30917
      E*x (       -0.22516        0.01087       -0.00000 )
      E*y (        0.10009       -0.44819       -0.00001 )
      E*z (       -0.00001       -0.00000       -0.25414 )
           atom   15  H     Mean Z*:       -0.29033
      E*x (       -0.20652        0.15879        0.07422 )
      E*y (        0.11473       -0.26831       -0.10030 )
      E*z (        0.03694       -0.11209       -0.39617 )
           atom   16  H     Mean Z*:       -0.29033
      E*x (       -0.20652        0.15879       -0.07422 )
      E*y (        0.11473       -0.26831        0.10030 )
      E*z (       -0.03694        0.11209       -0.39617 )
           atom   17  H     Mean Z*:       -0.29033
      E*x (       -0.20652       -0.15879       -0.07422 )
      E*y (       -0.11473       -0.26831       -0.10030 )
      E*z (       -0.03694       -0.11209       -0.39617 )
           atom   18  H     Mean Z*:       -0.29033
      E*x (       -0.20652       -0.15879        0.07422 )
      E*y (       -0.11473       -0.26831        0.10030 )
      E*z (        0.03694        0.11209       -0.39617 )
           atom   19  H     Mean Z*:       -0.29031
      E*x (       -0.20649        0.15875        0.07417 )
      E*y (        0.11470       -0.26828       -0.10028 )
      E*z (        0.03692       -0.11208       -0.39616 )
           atom   20  H     Mean Z*:       -0.29031
      E*x (       -0.20649        0.15875       -0.07417 )
      E*y (        0.11470       -0.26828        0.10028 )
      E*z (       -0.03692        0.11208       -0.39616 )
           atom   21  H     Mean Z*:       -0.29031
      E*x (       -0.20649       -0.15875       -0.07417 )
      E*y (       -0.11470       -0.26828       -0.10028 )
      E*z (       -0.03692       -0.11208       -0.39616 )
           atom   22  H     Mean Z*:       -0.29031
      E*x (       -0.20649       -0.15875        0.07417 )
      E*y (       -0.11470       -0.26828        0.10028 )
      E*z (        0.03692        0.11208       -0.39616 )


     Representation #   1 mode #   1

     Self-consistent Calculation

      iter #   1 total cpu time :  5403.7 secs   av.it.:   3.0
      thresh= 1.000E-02 alpha_mix =  0.700 |ddv_scf|^2 =  1.480E-09

      iter #   2 total cpu time :  5501.1 secs   av.it.:  15.6
      thresh= 3.847E-06 alpha_mix =  0.700 |ddv_scf|^2 =  2.861E-10

      iter #   3 total cpu time :  5596.8 secs   av.it.:  15.2
      thresh= 1.691E-06 alpha_mix =  0.700 |ddv_scf|^2 =  2.519E-12

      iter #   4 total cpu time :  5693.7 secs   av.it.:  15.6
      thresh= 1.587E-07 alpha_mix =  0.700 |ddv_scf|^2 =  4.446E-14

      iter #   5 total cpu time :  5792.3 secs   av.it.:  15.9
      thresh= 2.109E-08 alpha_mix =  0.700 |ddv_scf|^2 =  1.962E-15

     End of self-consistent calculation

     Convergence has been achieved 


     Representation #   2 mode #   2

     Self-consistent Calculation

      iter #   1 total cpu time :  5860.0 secs   av.it.:   3.0
      thresh= 1.000E-02 alpha_mix =  0.700 |ddv_scf|^2 =  1.313E-09

      iter #   2 total cpu time :  5955.3 secs   av.it.:  15.9
      thresh= 3.624E-06 alpha_mix =  0.700 |ddv_scf|^2 =  3.704E-10

      iter #   3 total cpu time :  6050.8 secs   av.it.:  15.4
      thresh= 1.925E-06 alpha_mix =  0.700 |ddv_scf|^2 =  2.685E-12

      iter #   4 total cpu time :  6149.6 secs   av.it.:  15.9
      thresh= 1.639E-07 alpha_mix =  0.700 |ddv_scf|^2 =  8.878E-14

      iter #   5 total cpu time :  6247.5 secs   av.it.:  15.9
      thresh= 2.980E-08 alpha_mix =  0.700 |ddv_scf|^2 =  4.181E-15

     End of self-consistent calculation

     Convergence has been achieved 


     Representation #   3 mode #   3

     Self-consistent Calculation

      iter #   1 total cpu time :  6315.4 secs   av.it.:   3.0
      thresh= 1.000E-02 alpha_mix =  0.700 |ddv_scf|^2 =  5.131E-10

      iter #   2 total cpu time :  6415.3 secs   av.it.:  16.0
      thresh= 2.265E-06 alpha_mix =  0.700 |ddv_scf|^2 =  3.685E-11

      iter #   3 total cpu time :  6515.9 secs   av.it.:  16.0
      thresh= 6.071E-07 alpha_mix =  0.700 |ddv_scf|^2 =  4.880E-12

      iter #   4 total cpu time :  6614.7 secs   av.it.:  15.9
      thresh= 2.209E-07 alpha_mix =  0.700 |ddv_scf|^2 =  1.100E-13

      iter #   5 total cpu time :  6714.1 secs   av.it.:  15.9
      thresh= 3.317E-08 alpha_mix =  0.700 |ddv_scf|^2 =  4.197E-15

     End of self-consistent calculation

     Convergence has been achieved 


     Representation #   4 mode #   4

     Self-consistent Calculation

      iter #   1 total cpu time :  6790.7 secs   av.it.:   4.9
      thresh= 1.000E-02 alpha_mix =  0.700 |ddv_scf|^2 =  1.051E-08

      iter #   2 total cpu time :  6891.1 secs   av.it.:  15.9
      thresh= 1.025E-05 alpha_mix =  0.700 |ddv_scf|^2 =  2.034E-09

      iter #   3 total cpu time :  6988.0 secs   av.it.:  15.1
      thresh= 4.510E-06 alpha_mix =  0.700 |ddv_scf|^2 =  1.732E-11

      iter #   4 total cpu time :  7085.8 secs   av.it.:  15.7
      thresh= 4.162E-07 alpha_mix =  0.700 |ddv_scf|^2 =  1.242E-12

      iter #   5 total cpu time :  7183.4 secs   av.it.:  15.7
      thresh= 1.114E-07 alpha_mix =  0.700 |ddv_scf|^2 =  1.494E-14

      iter #   6 total cpu time :  7282.0 secs   av.it.:  15.9
      thresh= 1.222E-08 alpha_mix =  0.700 |ddv_scf|^2 =  1.756E-16

     End of self-consistent calculation

     Convergence has been achieved 


     Representation #   5 mode #   5

     Self-consistent Calculation

      iter #   1 total cpu time :  7385.7 secs   av.it.:   6.5
      thresh= 1.000E-02 alpha_mix =  0.700 |ddv_scf|^2 =  5.228E-08

      iter #   2 total cpu time :  7482.0 secs   av.it.:  15.3
      thresh= 2.286E-05 alpha_mix =  0.700 |ddv_scf|^2 =  1.345E-08

      iter #   3 total cpu time :  7575.7 secs   av.it.:  14.7
      thresh= 1.160E-05 alpha_mix =  0.700 |ddv_scf|^2 =  3.011E-11

      iter #   4 total cpu time :  7670.6 secs   av.it.:  15.3
      thresh= 5.487E-07 alpha_mix =  0.700 |ddv_scf|^2 =  9.414E-13

      iter #   5 total cpu time :  7766.6 secs   av.it.:  15.0
      thresh= 9.703E-08 alpha_mix =  0.700 |ddv_scf|^2 =  1.021E-14

      iter #   6 total cpu time :  7859.2 secs   av.it.:  14.9
      thresh= 1.010E-08 alpha_mix =  0.700 |ddv_scf|^2 =  1.899E-16

     End of self-consistent calculation

     Convergence has been achieved 


     Representation #   6 mode #   6

     Self-consistent Calculation

      iter #   1 total cpu time :  7931.2 secs   av.it.:   3.1
      thresh= 1.000E-02 alpha_mix =  0.700 |ddv_scf|^2 =  1.579E-09

      iter #   2 total cpu time :  8027.3 secs   av.it.:  15.9
      thresh= 3.974E-06 alpha_mix =  0.700 |ddv_scf|^2 =  4.296E-10

      iter #   3 total cpu time :  8122.6 secs   av.it.:  15.6
      thresh= 2.073E-06 alpha_mix =  0.700 |ddv_scf|^2 =  4.452E-12

      iter #   4 total cpu time :  8222.4 secs   av.it.:  15.7
      thresh= 2.110E-07 alpha_mix =  0.700 |ddv_scf|^2 =  2.058E-13

      iter #   5 total cpu time :  8322.2 secs   av.it.:  15.7
      thresh= 4.537E-08 alpha_mix =  0.700 |ddv_scf|^2 =  5.329E-15

     End of self-consistent calculation

     Convergence has been achieved 


     Representation #   7 mode #   7

     Self-consistent Calculation

      iter #   1 total cpu time :  8390.4 secs   av.it.:   3.0
      thresh= 1.000E-02 alpha_mix =  0.700 |ddv_scf|^2 =  1.313E-09

      iter #   2 total cpu time :  8489.8 secs   av.it.:  15.6
      thresh= 3.624E-06 alpha_mix =  0.700 |ddv_scf|^2 =  1.076E-10

      iter #   3 total cpu time :  8589.8 secs   av.it.:  15.9
      thresh= 1.037E-06 alpha_mix =  0.700 |ddv_scf|^2 =  1.575E-12

      iter #   4 total cpu time :  8691.4 secs   av.it.:  16.0
      thresh= 1.255E-07 alpha_mix =  0.700 |ddv_scf|^2 =  2.620E-13

      iter #   5 total cpu time :  8791.0 secs   av.it.:  15.7
      thresh= 5.119E-08 alpha_mix =  0.700 |ddv_scf|^2 =  5.697E-15

     End of self-consistent calculation

     Convergence has been achieved 


     Representation #   8 mode #   8

     Self-consistent Calculation

      iter #   1 total cpu time :  8858.5 secs   av.it.:   3.0
      thresh= 1.000E-02 alpha_mix =  0.700 |ddv_scf|^2 =  6.884E-10

      iter #   2 total cpu time :  8957.5 secs   av.it.:  15.8
      thresh= 2.624E-06 alpha_mix =  0.700 |ddv_scf|^2 =  4.890E-11

      iter #   3 total cpu time :  9057.1 secs   av.it.:  16.0
      thresh= 6.993E-07 alpha_mix =  0.700 |ddv_scf|^2 =  1.815E-12

      iter #   4 total cpu time :  9156.9 secs   av.it.:  16.0
      thresh= 1.347E-07 alpha_mix =  0.700 |ddv_scf|^2 =  1.485E-13

      iter #   5 total cpu time :  9256.0 secs   av.it.:  15.9
      thresh= 3.854E-08 alpha_mix =  0.700 |ddv_scf|^2 =  5.937E-15

     End of self-consistent calculation

     Convergence has been achieved 


     Representation #   9 mode #   9

     Self-consistent Calculation

      iter #   1 total cpu time :  9331.4 secs   av.it.:   4.6
      thresh= 1.000E-02 alpha_mix =  0.700 |ddv_scf|^2 =  7.386E-09

      iter #   2 total cpu time :  9432.6 secs   av.it.:  16.0
      thresh= 8.594E-06 alpha_mix =  0.700 |ddv_scf|^2 =  9.853E-10

      iter #   3 total cpu time :  9531.1 secs   av.it.:  15.7
      thresh= 3.139E-06 alpha_mix =  0.700 |ddv_scf|^2 =  1.768E-11

      iter #   4 total cpu time :  9630.6 secs   av.it.:  15.8
      thresh= 4.205E-07 alpha_mix =  0.700 |ddv_scf|^2 =  1.499E-12

      iter #   5 total cpu time :  9730.5 secs   av.it.:  15.9
      thresh= 1.224E-07 alpha_mix =  0.700 |ddv_scf|^2 =  2.480E-14

      iter #   6 total cpu time :  9831.0 secs   av.it.:  15.9
      thresh= 1.575E-08 alpha_mix =  0.700 |ddv_scf|^2 =  2.021E-16

     End of self-consistent calculation

     Convergence has been achieved 


     Representation #  10 mode #  10

     Self-consistent Calculation

      iter #   1 total cpu time :  9917.0 secs   av.it.:   3.0
      thresh= 1.000E-02 alpha_mix =  0.700 |ddv_scf|^2 =  1.092E-09

      iter #   2 total cpu time : 10017.0 secs   av.it.:  15.9
      thresh= 3.304E-06 alpha_mix =  0.700 |ddv_scf|^2 =  1.239E-10

      iter #   3 total cpu time : 10116.9 secs   av.it.:  15.9
      thresh= 1.113E-06 alpha_mix =  0.700 |ddv_scf|^2 =  4.709E-12

      iter #   4 total cpu time : 10215.6 secs   av.it.:  15.9
      thresh= 2.170E-07 alpha_mix =  0.700 |ddv_scf|^2 =  1.784E-13

      iter #   5 total cpu time : 10313.6 secs   av.it.:  15.9
      thresh= 4.224E-08 alpha_mix =  0.700 |ddv_scf|^2 =  6.683E-15

     End of self-consistent calculation

     Convergence has been achieved 


     Representation #  11 mode #  11

     Self-consistent Calculation

      iter #   1 total cpu time : 10381.7 secs   av.it.:   3.0
      thresh= 1.000E-02 alpha_mix =  0.700 |ddv_scf|^2 =  7.382E-10

      iter #   2 total cpu time : 10481.0 secs   av.it.:  15.9
      thresh= 2.717E-06 alpha_mix =  0.700 |ddv_scf|^2 =  1.236E-10

      iter #   3 total cpu time : 10578.6 secs   av.it.:  15.9
      thresh= 1.112E-06 alpha_mix =  0.700 |ddv_scf|^2 =  6.235E-12

      iter #   4 total cpu time : 10676.5 secs   av.it.:  15.9
      thresh= 2.497E-07 alpha_mix =  0.700 |ddv_scf|^2 =  9.804E-14

      iter #   5 total cpu time : 10773.4 secs   av.it.:  15.4
      thresh= 3.131E-08 alpha_mix =  0.700 |ddv_scf|^2 =  4.560E-15

     End of self-consistent calculation

     Convergence has been achieved 


     Representation #  12 mode #  12

     Self-consistent Calculation

      iter #   1 total cpu time : 10841.1 secs   av.it.:   3.0
      thresh= 1.000E-02 alpha_mix =  0.700 |ddv_scf|^2 =  7.119E-10

      iter #   2 total cpu time : 10940.5 secs   av.it.:  16.0
      thresh= 2.668E-06 alpha_mix =  0.700 |ddv_scf|^2 =  1.069E-10

      iter #   3 total cpu time : 11038.7 secs   av.it.:  15.9
      thresh= 1.034E-06 alpha_mix =  0.700 |ddv_scf|^2 =  4.348E-12

      iter #   4 total cpu time : 11136.9 secs   av.it.:  15.9
      thresh= 2.085E-07 alpha_mix =  0.700 |ddv_scf|^2 =  2.513E-13

      iter #   5 total cpu time : 11231.6 secs   av.it.:  15.6
      thresh= 5.013E-08 alpha_mix =  0.700 |ddv_scf|^2 =  6.185E-15

     End of self-consistent calculation

     Convergence has been achieved 


     Representation #  13 mode #  13

     Self-consistent Calculation

      iter #   1 total cpu time : 11300.0 secs   av.it.:   3.4
      thresh= 1.000E-02 alpha_mix =  0.700 |ddv_scf|^2 =  1.713E-09

      iter #   2 total cpu time : 11399.4 secs   av.it.:  15.9
      thresh= 4.139E-06 alpha_mix =  0.700 |ddv_scf|^2 =  5.457E-10

      iter #   3 total cpu time : 11495.7 secs   av.it.:  15.3
      thresh= 2.336E-06 alpha_mix =  0.700 |ddv_scf|^2 =  1.861E-12

      iter #   4 total cpu time : 11593.9 secs   av.it.:  15.7
      thresh= 1.364E-07 alpha_mix =  0.700 |ddv_scf|^2 =  6.204E-14

      iter #   5 total cpu time : 11689.5 secs   av.it.:  15.9
      thresh= 2.491E-08 alpha_mix =  0.700 |ddv_scf|^2 =  2.981E-15

     End of self-consistent calculation

     Convergence has been achieved 


     Representation #  14 mode #  14

     Self-consistent Calculation

      iter #   1 total cpu time : 11761.9 secs   av.it.:   4.0
      thresh= 1.000E-02 alpha_mix =  0.700 |ddv_scf|^2 =  8.468E-09

      iter #   2 total cpu time : 11859.3 secs   av.it.:  15.7
      thresh= 9.202E-06 alpha_mix =  0.700 |ddv_scf|^2 =  9.577E-10

      iter #   3 total cpu time : 11955.9 secs   av.it.:  15.1
      thresh= 3.095E-06 alpha_mix =  0.700 |ddv_scf|^2 =  1.029E-11

      iter #   4 total cpu time : 12054.6 secs   av.it.:  15.9
      thresh= 3.208E-07 alpha_mix =  0.700 |ddv_scf|^2 =  1.480E-12

      iter #   5 total cpu time : 12152.7 secs   av.it.:  15.7
      thresh= 1.216E-07 alpha_mix =  0.700 |ddv_scf|^2 =  6.621E-14

      iter #   6 total cpu time : 12250.5 secs   av.it.:  15.6
      thresh= 2.573E-08 alpha_mix =  0.700 |ddv_scf|^2 =  1.977E-16

     End of self-consistent calculation

     Convergence has been achieved 


     Representation #  15 mode #  15

     Self-consistent Calculation

      iter #   1 total cpu time : 12337.3 secs   av.it.:   3.0
      thresh= 1.000E-02 alpha_mix =  0.700 |ddv_scf|^2 =  1.379E-09

      iter #   2 total cpu time : 12436.6 secs   av.it.:  15.9
      thresh= 3.713E-06 alpha_mix =  0.700 |ddv_scf|^2 =  2.364E-10

      iter #   3 total cpu time : 12534.6 secs   av.it.:  15.6
      thresh= 1.538E-06 alpha_mix =  0.700 |ddv_scf|^2 =  3.267E-12

      iter #   4 total cpu time : 12633.9 secs   av.it.:  15.9
      thresh= 1.808E-07 alpha_mix =  0.700 |ddv_scf|^2 =  1.261E-13

      iter #   5 total cpu time : 12732.6 secs   av.it.:  15.9
      thresh= 3.551E-08 alpha_mix =  0.700 |ddv_scf|^2 =  5.385E-15

     End of self-consistent calculation

     Convergence has been achieved 


     Representation #  16 mode #  16

     Self-consistent Calculation

      iter #   1 total cpu time : 12802.2 secs   av.it.:   3.0
      thresh= 1.000E-02 alpha_mix =  0.700 |ddv_scf|^2 =  1.565E-09

      iter #   2 total cpu time : 12902.9 secs   av.it.:  15.9
      thresh= 3.956E-06 alpha_mix =  0.700 |ddv_scf|^2 =  5.250E-10

      iter #   3 total cpu time : 12999.7 secs   av.it.:  15.2
      thresh= 2.291E-06 alpha_mix =  0.700 |ddv_scf|^2 =  1.629E-12

      iter #   4 total cpu time : 13100.0 secs   av.it.:  16.0
      thresh= 1.276E-07 alpha_mix =  0.700 |ddv_scf|^2 =  4.851E-14

      iter #   5 total cpu time : 13198.0 secs   av.it.:  15.8
      thresh= 2.203E-08 alpha_mix =  0.700 |ddv_scf|^2 =  3.163E-15

     End of self-consistent calculation

     Convergence has been achieved 


     Representation #  17 mode #  17

     Self-consistent Calculation

      iter #   1 total cpu time : 13273.6 secs   av.it.:   4.7
      thresh= 1.000E-02 alpha_mix =  0.700 |ddv_scf|^2 =  1.417E-08

      iter #   2 total cpu time : 13373.1 secs   av.it.:  15.9
      thresh= 1.190E-05 alpha_mix =  0.700 |ddv_scf|^2 =  6.437E-09

      iter #   3 total cpu time : 13467.2 secs   av.it.:  15.0
      thresh= 8.023E-06 alpha_mix =  0.700 |ddv_scf|^2 =  8.792E-11

      iter #   4 total cpu time : 13564.3 secs   av.it.:  15.4
      thresh= 9.377E-07 alpha_mix =  0.700 |ddv_scf|^2 =  5.791E-12

      iter #   5 total cpu time : 13660.1 secs   av.it.:  15.5
      thresh= 2.406E-07 alpha_mix =  0.700 |ddv_scf|^2 =  4.451E-13

      iter #   6 total cpu time : 13752.6 secs   av.it.:  15.1
      thresh= 6.671E-08 alpha_mix =  0.700 |ddv_scf|^2 =  7.761E-15

     End of self-consistent calculation

     Convergence has been achieved 


     Representation #  18 mode #  18

     Self-consistent Calculation

      iter #   1 total cpu time : 13839.1 secs   av.it.:   3.2
      thresh= 1.000E-02 alpha_mix =  0.700 |ddv_scf|^2 =  3.551E-09

      iter #   2 total cpu time : 13932.7 secs   av.it.:  15.7
      thresh= 5.959E-06 alpha_mix =  0.700 |ddv_scf|^2 =  1.948E-09

      iter #   3 total cpu time : 14026.5 secs   av.it.:  14.9
      thresh= 4.413E-06 alpha_mix =  0.700 |ddv_scf|^2 =  2.695E-12

      iter #   4 total cpu time : 14121.2 secs   av.it.:  16.0
      thresh= 1.642E-07 alpha_mix =  0.700 |ddv_scf|^2 =  3.444E-13

      iter #   5 total cpu time : 14216.7 secs   av.it.:  15.5
      thresh= 5.869E-08 alpha_mix =  0.700 |ddv_scf|^2 =  2.948E-14

      iter #   6 total cpu time : 14314.1 secs   av.it.:  15.3
      thresh= 1.717E-08 alpha_mix =  0.700 |ddv_scf|^2 =  1.826E-15

     End of self-consistent calculation

     Convergence has been achieved 


     Representation #  19 mode #  19

     Self-consistent Calculation

      iter #   1 total cpu time : 14382.7 secs   av.it.:   3.0
      thresh= 1.000E-02 alpha_mix =  0.700 |ddv_scf|^2 =  9.341E-10

      iter #   2 total cpu time : 14483.9 secs   av.it.:  16.0
      thresh= 3.056E-06 alpha_mix =  0.700 |ddv_scf|^2 =  1.998E-10

      iter #   3 total cpu time : 14582.6 secs   av.it.:  15.8
      thresh= 1.414E-06 alpha_mix =  0.700 |ddv_scf|^2 =  1.082E-11

      iter #   4 total cpu time : 14677.4 secs   av.it.:  15.0
      thresh= 3.290E-07 alpha_mix =  0.700 |ddv_scf|^2 =  5.948E-13

      iter #   5 total cpu time : 14770.7 secs   av.it.:  15.6
      thresh= 7.713E-08 alpha_mix =  0.700 |ddv_scf|^2 =  1.408E-14

      iter #   6 total cpu time : 14863.8 secs   av.it.:  15.8
      thresh= 1.187E-08 alpha_mix =  0.700 |ddv_scf|^2 =  2.558E-15

     End of self-consistent calculation

     Convergence has been achieved 


     Representation #  20 mode #  20

     Self-consistent Calculation

      iter #   1 total cpu time : 14931.7 secs   av.it.:   3.8
      thresh= 1.000E-02 alpha_mix =  0.700 |ddv_scf|^2 =  5.450E-09

      iter #   2 total cpu time : 15022.7 secs   av.it.:  15.5
      thresh= 7.382E-06 alpha_mix =  0.700 |ddv_scf|^2 =  3.048E-09

      iter #   3 total cpu time : 15111.4 secs   av.it.:  14.7
      thresh= 5.521E-06 alpha_mix =  0.700 |ddv_scf|^2 =  8.882E-12

      iter #   4 total cpu time : 15200.3 secs   av.it.:  14.9
      thresh= 2.980E-07 alpha_mix =  0.700 |ddv_scf|^2 =  8.236E-13

      iter #   5 total cpu time : 15293.8 secs   av.it.:  15.0
      thresh= 9.075E-08 alpha_mix =  0.700 |ddv_scf|^2 =  6.851E-14

      iter #   6 total cpu time : 15383.5 secs   av.it.:  14.9
      thresh= 2.618E-08 alpha_mix =  0.700 |ddv_scf|^2 =  6.249E-15

     End of self-consistent calculation

     Convergence has been achieved 


     Representation #  21 mode #  21

     Self-consistent Calculation

      iter #   1 total cpu time : 15451.7 secs   av.it.:   3.0
      thresh= 1.000E-02 alpha_mix =  0.700 |ddv_scf|^2 =  7.067E-09

      iter #   2 total cpu time : 15543.8 secs   av.it.:  15.4
      thresh= 8.407E-06 alpha_mix =  0.700 |ddv_scf|^2 =  4.813E-09

      iter #   3 total cpu time : 15631.6 secs   av.it.:  14.9
      thresh= 6.938E-06 alpha_mix =  0.700 |ddv_scf|^2 =  4.371E-12

      iter #   4 total cpu time : 15728.8 secs   av.it.:  15.9
      thresh= 2.091E-07 alpha_mix =  0.700 |ddv_scf|^2 =  6.551E-13

      iter #   5 total cpu time : 15829.2 secs   av.it.:  15.9
      thresh= 8.094E-08 alpha_mix =  0.700 |ddv_scf|^2 =  6.870E-14

      iter #   6 total cpu time : 15928.0 secs   av.it.:  15.2
      thresh= 2.621E-08 alpha_mix =  0.700 |ddv_scf|^2 =  3.470E-15

     End of self-consistent calculation

     Convergence has been achieved 


     Representation #  22 mode #  22

     Self-consistent Calculation

      iter #   1 total cpu time : 16014.2 secs   av.it.:   6.5
      thresh= 1.000E-02 alpha_mix =  0.700 |ddv_scf|^2 =  3.733E-08

      iter #   2 total cpu time : 16112.0 secs   av.it.:  15.3
      thresh= 1.932E-05 alpha_mix =  0.700 |ddv_scf|^2 =  6.017E-09

      iter #   3 total cpu time : 16208.6 secs   av.it.:  15.1
      thresh= 7.757E-06 alpha_mix =  0.700 |ddv_scf|^2 =  2.881E-11

      iter #   4 total cpu time : 16304.0 secs   av.it.:  15.2
      thresh= 5.368E-07 alpha_mix =  0.700 |ddv_scf|^2 =  2.212E-13

      iter #   5 total cpu time : 16400.8 secs   av.it.:  15.5
      thresh= 4.703E-08 alpha_mix =  0.700 |ddv_scf|^2 =  7.599E-15

     End of self-consistent calculation

     Convergence has been achieved 


     Representation #  23 mode #  23

     Self-consistent Calculation

      iter #   1 total cpu time : 16474.2 secs   av.it.:   3.0
      thresh= 1.000E-02 alpha_mix =  0.700 |ddv_scf|^2 =  5.062E-09

      iter #   2 total cpu time : 16570.5 secs   av.it.:  15.0
      thresh= 7.115E-06 alpha_mix =  0.700 |ddv_scf|^2 =  2.768E-09

      iter #   3 total cpu time : 16663.3 secs   av.it.:  14.8
      thresh= 5.261E-06 alpha_mix =  0.700 |ddv_scf|^2 =  1.436E-11

      iter #   4 total cpu time : 16759.8 secs   av.it.:  15.0
      thresh= 3.790E-07 alpha_mix =  0.700 |ddv_scf|^2 =  1.381E-12

      iter #   5 total cpu time : 16854.8 secs   av.it.:  15.0
      thresh= 1.175E-07 alpha_mix =  0.700 |ddv_scf|^2 =  2.405E-14

      iter #   6 total cpu time : 16952.7 secs   av.it.:  15.8
      thresh= 1.551E-08 alpha_mix =  0.700 |ddv_scf|^2 =  2.178E-15

     End of self-consistent calculation

     Convergence has been achieved 


     Representation #  24 mode #  24

     Self-consistent Calculation

      iter #   1 total cpu time : 17020.7 secs   av.it.:   3.0
      thresh= 1.000E-02 alpha_mix =  0.700 |ddv_scf|^2 =  7.193E-10

      iter #   2 total cpu time : 17119.4 secs   av.it.:  15.8
      thresh= 2.682E-06 alpha_mix =  0.700 |ddv_scf|^2 =  1.073E-10

      iter #   3 total cpu time : 17217.1 secs   av.it.:  15.6
      thresh= 1.036E-06 alpha_mix =  0.700 |ddv_scf|^2 =  8.956E-12

      iter #   4 total cpu time : 17312.0 secs   av.it.:  15.0
      thresh= 2.993E-07 alpha_mix =  0.700 |ddv_scf|^2 =  7.014E-13

      iter #   5 total cpu time : 17408.4 secs   av.it.:  15.0
      thresh= 8.375E-08 alpha_mix =  0.700 |ddv_scf|^2 =  1.082E-14

      iter #   6 total cpu time : 17506.1 secs   av.it.:  15.5
      thresh= 1.040E-08 alpha_mix =  0.700 |ddv_scf|^2 =  9.791E-16

     End of self-consistent calculation

     Convergence has been achieved 


     Representation #  25 mode #  25

     Self-consistent Calculation

      iter #   1 total cpu time : 17574.7 secs   av.it.:   3.1
      thresh= 1.000E-02 alpha_mix =  0.700 |ddv_scf|^2 =  5.312E-09

      iter #   2 total cpu time : 17669.2 secs   av.it.:  15.7
      thresh= 7.289E-06 alpha_mix =  0.700 |ddv_scf|^2 =  2.868E-09

      iter #   3 total cpu time : 17759.3 secs   av.it.:  14.9
      thresh= 5.355E-06 alpha_mix =  0.700 |ddv_scf|^2 =  2.021E-11

      iter #   4 total cpu time : 17849.9 secs   av.it.:  14.9
      thresh= 4.495E-07 alpha_mix =  0.700 |ddv_scf|^2 =  1.279E-12

      iter #   5 total cpu time : 17940.8 secs   av.it.:  15.0
      thresh= 1.131E-07 alpha_mix =  0.700 |ddv_scf|^2 =  3.660E-14

      iter #   6 total cpu time : 18032.3 secs   av.it.:  15.8
      thresh= 1.913E-08 alpha_mix =  0.700 |ddv_scf|^2 =  6.842E-15

     End of self-consistent calculation

     Convergence has been achieved 


     Representation #  26 mode #  26

     Self-consistent Calculation

      iter #   1 total cpu time : 18097.9 secs   av.it.:   3.0
      thresh= 1.000E-02 alpha_mix =  0.700 |ddv_scf|^2 =  4.477E-09

      iter #   2 total cpu time : 18188.4 secs   av.it.:  15.0
      thresh= 6.691E-06 alpha_mix =  0.700 |ddv_scf|^2 =  1.443E-09

      iter #   3 total cpu time : 18276.6 secs   av.it.:  14.7
      thresh= 3.798E-06 alpha_mix =  0.700 |ddv_scf|^2 =  5.320E-12

      iter #   4 total cpu time : 18369.3 secs   av.it.:  15.3
      thresh= 2.306E-07 alpha_mix =  0.700 |ddv_scf|^2 =  1.126E-12

      iter #   5 total cpu time : 18460.7 secs   av.it.:  15.0
      thresh= 1.061E-07 alpha_mix =  0.700 |ddv_scf|^2 =  1.471E-14

      iter #   6 total cpu time : 18552.5 secs   av.it.:  15.0
      thresh= 1.213E-08 alpha_mix =  0.700 |ddv_scf|^2 =  1.988E-15

     End of self-consistent calculation

     Convergence has been achieved 


     Representation #  27 mode #  27

     Self-consistent Calculation

      iter #   1 total cpu time : 18627.6 secs   av.it.:   5.0
      thresh= 1.000E-02 alpha_mix =  0.700 |ddv_scf|^2 =  4.549E-08

      iter #   2 total cpu time : 18722.3 secs   av.it.:  15.0
      thresh= 2.133E-05 alpha_mix =  0.700 |ddv_scf|^2 =  2.406E-08

      iter #   3 total cpu time : 18813.0 secs   av.it.:  14.3
      thresh= 1.551E-05 alpha_mix =  0.700 |ddv_scf|^2 =  1.378E-10

      iter #   4 total cpu time : 18906.9 secs   av.it.:  14.9
      thresh= 1.174E-06 alpha_mix =  0.700 |ddv_scf|^2 =  5.974E-12

      iter #   5 total cpu time : 19001.2 secs   av.it.:  15.0
      thresh= 2.444E-07 alpha_mix =  0.700 |ddv_scf|^2 =  1.376E-13

      iter #   6 total cpu time : 19099.0 secs   av.it.:  15.9
      thresh= 3.709E-08 alpha_mix =  0.700 |ddv_scf|^2 =  2.268E-14

      iter #   7 total cpu time : 19194.0 secs   av.it.:  15.0
      thresh= 1.506E-08 alpha_mix =  0.700 |ddv_scf|^2 =  5.130E-16

     End of self-consistent calculation

     Convergence has been achieved 


     Representation #  28 mode #  28

     Self-consistent Calculation

      iter #   1 total cpu time : 19280.3 secs   av.it.:   3.0
      thresh= 1.000E-02 alpha_mix =  0.700 |ddv_scf|^2 =  7.606E-09

      iter #   2 total cpu time : 19376.3 secs   av.it.:  14.9
      thresh= 8.722E-06 alpha_mix =  0.700 |ddv_scf|^2 =  5.180E-09

      iter #   3 total cpu time : 19468.0 secs   av.it.:  14.0
      thresh= 7.197E-06 alpha_mix =  0.700 |ddv_scf|^2 =  6.274E-12

      iter #   4 total cpu time : 19566.2 secs   av.it.:  15.0
      thresh= 2.505E-07 alpha_mix =  0.700 |ddv_scf|^2 =  1.328E-12

      iter #   5 total cpu time : 19660.1 secs   av.it.:  14.6
      thresh= 1.152E-07 alpha_mix =  0.700 |ddv_scf|^2 =  1.482E-14

      iter #   6 total cpu time : 19758.8 secs   av.it.:  15.4
      thresh= 1.218E-08 alpha_mix =  0.700 |ddv_scf|^2 =  2.721E-15

     End of self-consistent calculation

     Convergence has been achieved 


     Representation #  29 mode #  29

     Self-consistent Calculation

      iter #   1 total cpu time : 19828.1 secs   av.it.:   3.8
      thresh= 1.000E-02 alpha_mix =  0.700 |ddv_scf|^2 =  4.149E-09

      iter #   2 total cpu time : 19926.5 secs   av.it.:  15.8
      thresh= 6.441E-06 alpha_mix =  0.700 |ddv_scf|^2 =  2.490E-09

      iter #   3 total cpu time : 20017.6 secs   av.it.:  14.9
      thresh= 4.990E-06 alpha_mix =  0.700 |ddv_scf|^2 =  1.701E-12

      iter #   4 total cpu time : 20112.2 secs   av.it.:  15.9
      thresh= 1.304E-07 alpha_mix =  0.700 |ddv_scf|^2 =  3.541E-13

      iter #   5 total cpu time : 20203.8 secs   av.it.:  15.0
      thresh= 5.951E-08 alpha_mix =  0.700 |ddv_scf|^2 =  2.135E-14

      iter #   6 total cpu time : 20294.8 secs   av.it.:  15.0
      thresh= 1.461E-08 alpha_mix =  0.700 |ddv_scf|^2 =  1.898E-15

     End of self-consistent calculation

     Convergence has been achieved 


     Representation #  30 mode #  30

     Self-consistent Calculation

      iter #   1 total cpu time : 20369.8 secs   av.it.:   5.0
      thresh= 1.000E-02 alpha_mix =  0.700 |ddv_scf|^2 =  5.054E-08

      iter #   2 total cpu time : 20462.2 secs   av.it.:  15.0
      thresh= 2.248E-05 alpha_mix =  0.700 |ddv_scf|^2 =  3.770E-08

      iter #   3 total cpu time : 20553.7 secs   av.it.:  14.4
      thresh= 1.942E-05 alpha_mix =  0.700 |ddv_scf|^2 =  4.631E-11

      iter #   4 total cpu time : 20652.1 secs   av.it.:  15.9
      thresh= 6.805E-07 alpha_mix =  0.700 |ddv_scf|^2 =  5.733E-12

      iter #   5 total cpu time : 20749.4 secs   av.it.:  15.5
      thresh= 2.394E-07 alpha_mix =  0.700 |ddv_scf|^2 =  2.408E-13

      iter #   6 total cpu time : 20846.9 secs   av.it.:  15.7
      thresh= 4.907E-08 alpha_mix =  0.700 |ddv_scf|^2 =  3.340E-15

     End of self-consistent calculation

     Convergence has been achieved 


     Representation #  31 mode #  31

     Self-consistent Calculation

      iter #   1 total cpu time : 20933.2 secs   av.it.:   3.0
      thresh= 1.000E-02 alpha_mix =  0.700 |ddv_scf|^2 =  6.249E-09

      iter #   2 total cpu time : 21029.9 secs   av.it.:  15.0
      thresh= 7.905E-06 alpha_mix =  0.700 |ddv_scf|^2 =  3.402E-09

      iter #   3 total cpu time : 21123.1 secs   av.it.:  14.5
      thresh= 5.832E-06 alpha_mix =  0.700 |ddv_scf|^2 =  1.374E-11

      iter #   4 total cpu time : 21220.1 secs   av.it.:  15.0
      thresh= 3.707E-07 alpha_mix =  0.700 |ddv_scf|^2 =  1.742E-12

      iter #   5 total cpu time : 21312.5 secs   av.it.:  14.7
      thresh= 1.320E-07 alpha_mix =  0.700 |ddv_scf|^2 =  3.437E-14

      iter #   6 total cpu time : 21408.7 secs   av.it.:  15.1
      thresh= 1.854E-08 alpha_mix =  0.700 |ddv_scf|^2 =  7.095E-15

     End of self-consistent calculation

     Convergence has been achieved 


     Representation #  32 mode #  32

     Self-consistent Calculation

      iter #   1 total cpu time : 21477.8 secs   av.it.:   3.4
      thresh= 1.000E-02 alpha_mix =  0.700 |ddv_scf|^2 =  2.346E-09

      iter #   2 total cpu time : 21574.1 secs   av.it.:  15.9
      thresh= 4.844E-06 alpha_mix =  0.700 |ddv_scf|^2 =  1.315E-09

      iter #   3 total cpu time : 21666.7 secs   av.it.:  14.9
      thresh= 3.626E-06 alpha_mix =  0.700 |ddv_scf|^2 =  4.409E-12

      iter #   4 total cpu time : 21763.0 secs   av.it.:  15.0
      thresh= 2.100E-07 alpha_mix =  0.700 |ddv_scf|^2 =  5.073E-13

      iter #   5 total cpu time : 21858.9 secs   av.it.:  15.0
      thresh= 7.123E-08 alpha_mix =  0.700 |ddv_scf|^2 =  3.119E-14

      iter #   6 total cpu time : 21954.8 secs   av.it.:  15.1
      thresh= 1.766E-08 alpha_mix =  0.700 |ddv_scf|^2 =  3.188E-15

     End of self-consistent calculation

     Convergence has been achieved 


     Representation #  33 mode #  33

     Self-consistent Calculation

      iter #   1 total cpu time : 22024.4 secs   av.it.:   3.3
      thresh= 1.000E-02 alpha_mix =  0.700 |ddv_scf|^2 =  3.871E-09

      iter #   2 total cpu time : 22123.2 secs   av.it.:  15.9
      thresh= 6.222E-06 alpha_mix =  0.700 |ddv_scf|^2 =  2.828E-09

      iter #   3 total cpu time : 22216.7 secs   av.it.:  14.9
      thresh= 5.318E-06 alpha_mix =  0.700 |ddv_scf|^2 =  5.517E-12

      iter #   4 total cpu time : 22317.0 secs   av.it.:  16.0
      thresh= 2.349E-07 alpha_mix =  0.700 |ddv_scf|^2 =  4.950E-13

      iter #   5 total cpu time : 22417.6 secs   av.it.:  16.0
      thresh= 7.036E-08 alpha_mix =  0.700 |ddv_scf|^2 =  1.762E-14

      iter #   6 total cpu time : 22516.8 secs   av.it.:  15.9
      thresh= 1.327E-08 alpha_mix =  0.700 |ddv_scf|^2 =  1.361E-15

     End of self-consistent calculation

     Convergence has been achieved 


     Representation #  34 mode #  34

     Self-consistent Calculation

      iter #   1 total cpu time : 22584.0 secs   av.it.:   3.0
      thresh= 1.000E-02 alpha_mix =  0.700 |ddv_scf|^2 =  8.639E-10

      iter #   2 total cpu time : 22683.5 secs   av.it.:  15.9
      thresh= 2.939E-06 alpha_mix =  0.700 |ddv_scf|^2 =  1.266E-10

      iter #   3 total cpu time : 22781.1 secs   av.it.:  15.0
      thresh= 1.125E-06 alpha_mix =  0.700 |ddv_scf|^2 =  9.750E-12

      iter #   4 total cpu time : 22878.2 secs   av.it.:  15.1
      thresh= 3.123E-07 alpha_mix =  0.700 |ddv_scf|^2 =  6.154E-13

      iter #   5 total cpu time : 22975.4 secs   av.it.:  15.0
      thresh= 7.845E-08 alpha_mix =  0.700 |ddv_scf|^2 =  2.356E-14

      iter #   6 total cpu time : 23072.7 secs   av.it.:  15.0
      thresh= 1.535E-08 alpha_mix =  0.700 |ddv_scf|^2 =  8.578E-16

     End of self-consistent calculation

     Convergence has been achieved 


     Representation #  35 mode #  35

     Self-consistent Calculation

      iter #   1 total cpu time : 23141.6 secs   av.it.:   3.0
      thresh= 1.000E-02 alpha_mix =  0.700 |ddv_scf|^2 =  2.329E-09

      iter #   2 total cpu time : 23240.5 secs   av.it.:  15.6
      thresh= 4.826E-06 alpha_mix =  0.700 |ddv_scf|^2 =  8.004E-10

      iter #   3 total cpu time : 23336.6 secs   av.it.:  15.0
      thresh= 2.829E-06 alpha_mix =  0.700 |ddv_scf|^2 =  1.891E-11

      iter #   4 total cpu time : 23433.0 secs   av.it.:  15.0
      thresh= 4.348E-07 alpha_mix =  0.700 |ddv_scf|^2 =  7.223E-13

      iter #   5 total cpu time : 23530.0 secs   av.it.:  15.5
      thresh= 8.499E-08 alpha_mix =  0.700 |ddv_scf|^2 =  3.379E-14

      iter #   6 total cpu time : 23626.6 secs   av.it.:  15.4
      thresh= 1.838E-08 alpha_mix =  0.700 |ddv_scf|^2 =  1.373E-15

     End of self-consistent calculation

     Convergence has been achieved 


     Representation #  36 mode #  36

     Self-consistent Calculation

      iter #   1 total cpu time : 23701.2 secs   av.it.:   4.1
      thresh= 1.000E-02 alpha_mix =  0.700 |ddv_scf|^2 =  5.183E-09

      iter #   2 total cpu time : 23803.3 secs   av.it.:  16.0
      thresh= 7.199E-06 alpha_mix =  0.700 |ddv_scf|^2 =  3.235E-10

      iter #   3 total cpu time : 23904.4 secs   av.it.:  15.9
      thresh= 1.799E-06 alpha_mix =  0.700 |ddv_scf|^2 =  9.523E-12

      iter #   4 total cpu time : 24001.0 secs   av.it.:  15.9
      thresh= 3.086E-07 alpha_mix =  0.700 |ddv_scf|^2 =  3.375E-12

      iter #   5 total cpu time : 24093.7 secs   av.it.:  15.0
      thresh= 1.837E-07 alpha_mix =  0.700 |ddv_scf|^2 =  5.832E-14

      iter #   6 total cpu time : 24192.5 secs   av.it.:  15.8
      thresh= 2.415E-08 alpha_mix =  0.700 |ddv_scf|^2 =  3.220E-15

     End of self-consistent calculation

     Convergence has been achieved 


     Representation #  37 mode #  37

     Self-consistent Calculation

      iter #   1 total cpu time : 24277.5 secs   av.it.:   3.0
      thresh= 1.000E-02 alpha_mix =  0.700 |ddv_scf|^2 =  7.914E-10

      iter #   2 total cpu time : 24371.9 secs   av.it.:  15.9
      thresh= 2.813E-06 alpha_mix =  0.700 |ddv_scf|^2 =  1.270E-10

      iter #   3 total cpu time : 24464.9 secs   av.it.:  15.7
      thresh= 1.127E-06 alpha_mix =  0.700 |ddv_scf|^2 =  1.717E-11

      iter #   4 total cpu time : 24559.9 secs   av.it.:  15.0
      thresh= 4.144E-07 alpha_mix =  0.700 |ddv_scf|^2 =  2.750E-13

      iter #   5 total cpu time : 24656.8 secs   av.it.:  15.4
      thresh= 5.244E-08 alpha_mix =  0.700 |ddv_scf|^2 =  6.227E-15

     End of self-consistent calculation

     Convergence has been achieved 


     Representation #  38 mode #  38

     Self-consistent Calculation

      iter #   1 total cpu time : 24725.8 secs   av.it.:   3.0
      thresh= 1.000E-02 alpha_mix =  0.700 |ddv_scf|^2 =  1.592E-09

      iter #   2 total cpu time : 24825.0 secs   av.it.:  15.9
      thresh= 3.991E-06 alpha_mix =  0.700 |ddv_scf|^2 =  3.164E-10

      iter #   3 total cpu time : 24922.5 secs   av.it.:  15.3
      thresh= 1.779E-06 alpha_mix =  0.700 |ddv_scf|^2 =  1.140E-11

      iter #   4 total cpu time : 25018.9 secs   av.it.:  15.1
      thresh= 3.377E-07 alpha_mix =  0.700 |ddv_scf|^2 =  9.816E-13

      iter #   5 total cpu time : 25115.3 secs   av.it.:  15.0
      thresh= 9.907E-08 alpha_mix =  0.700 |ddv_scf|^2 =  2.137E-14

      iter #   6 total cpu time : 25213.3 secs   av.it.:  15.7
      thresh= 1.462E-08 alpha_mix =  0.700 |ddv_scf|^2 =  1.048E-15

     End of self-consistent calculation

     Convergence has been achieved 


     Representation #  39 mode #  39

     Self-consistent Calculation

      iter #   1 total cpu time : 25297.6 secs   av.it.:   6.1
      thresh= 1.000E-02 alpha_mix =  0.700 |ddv_scf|^2 =  1.985E-07

      iter #   2 total cpu time : 25393.0 secs   av.it.:  15.1
      thresh= 4.456E-05 alpha_mix =  0.700 |ddv_scf|^2 =  9.418E-08

      iter #   3 total cpu time : 25486.0 secs   av.it.:  14.8
      thresh= 3.069E-05 alpha_mix =  0.700 |ddv_scf|^2 =  4.849E-10

      iter #   4 total cpu time : 25582.9 secs   av.it.:  15.3
      thresh= 2.202E-06 alpha_mix =  0.700 |ddv_scf|^2 =  1.242E-11

      iter #   5 total cpu time : 25681.4 secs   av.it.:  15.6
      thresh= 3.524E-07 alpha_mix =  0.700 |ddv_scf|^2 =  5.759E-13

      iter #   6 total cpu time : 25776.6 secs   av.it.:  14.9
      thresh= 7.589E-08 alpha_mix =  0.700 |ddv_scf|^2 =  7.437E-14

      iter #   7 total cpu time : 25868.7 secs   av.it.:  14.5
      thresh= 2.727E-08 alpha_mix =  0.700 |ddv_scf|^2 =  6.262E-15

     End of self-consistent calculation

     Convergence has been achieved 


     Representation #  40 mode #  40

     Self-consistent Calculation

      iter #   1 total cpu time : 25950.1 secs   av.it.:   4.6
      thresh= 1.000E-02 alpha_mix =  0.700 |ddv_scf|^2 =  8.996E-09

      iter #   2 total cpu time : 26050.4 secs   av.it.:  15.9
      thresh= 9.485E-06 alpha_mix =  0.700 |ddv_scf|^2 =  1.913E-09

      iter #   3 total cpu time : 26148.3 secs   av.it.:  15.2
      thresh= 4.373E-06 alpha_mix =  0.700 |ddv_scf|^2 =  3.000E-11

      iter #   4 total cpu time : 26245.8 secs   av.it.:  15.6
      thresh= 5.477E-07 alpha_mix =  0.700 |ddv_scf|^2 =  5.122E-12

      iter #   5 total cpu time : 26341.6 secs   av.it.:  15.0
      thresh= 2.263E-07 alpha_mix =  0.700 |ddv_scf|^2 =  4.175E-13

      iter #   6 total cpu time : 26439.4 secs   av.it.:  15.4
      thresh= 6.462E-08 alpha_mix =  0.700 |ddv_scf|^2 =  1.644E-15

     End of self-consistent calculation

     Convergence has been achieved 


     Representation #  41 mode #  41

     Self-consistent Calculation

      iter #   1 total cpu time : 26528.5 secs   av.it.:   3.9
      thresh= 1.000E-02 alpha_mix =  0.700 |ddv_scf|^2 =  6.182E-09

      iter #   2 total cpu time : 26626.4 secs   av.it.:  15.6
      thresh= 7.863E-06 alpha_mix =  0.700 |ddv_scf|^2 =  4.019E-09

      iter #   3 total cpu time : 26720.6 secs   av.it.:  14.9
      thresh= 6.339E-06 alpha_mix =  0.700 |ddv_scf|^2 =  3.697E-12

      iter #   4 total cpu time : 26820.2 secs   av.it.:  15.9
      thresh= 1.923E-07 alpha_mix =  0.700 |ddv_scf|^2 =  6.692E-13

      iter #   5 total cpu time : 26917.5 secs   av.it.:  15.2
      thresh= 8.181E-08 alpha_mix =  0.700 |ddv_scf|^2 =  5.288E-14

      iter #   6 total cpu time : 27013.5 secs   av.it.:  15.0
      thresh= 2.300E-08 alpha_mix =  0.700 |ddv_scf|^2 =  7.771E-16

     End of self-consistent calculation

     Convergence has been achieved 


     Representation #  42 mode #  42

     Self-consistent Calculation

      iter #   1 total cpu time : 27079.5 secs   av.it.:   3.0
      thresh= 1.000E-02 alpha_mix =  0.700 |ddv_scf|^2 =  4.112E-10

      iter #   2 total cpu time : 27173.3 secs   av.it.:  15.9
      thresh= 2.028E-06 alpha_mix =  0.700 |ddv_scf|^2 =  1.424E-10

      iter #   3 total cpu time : 27263.8 secs   av.it.:  15.0
      thresh= 1.193E-06 alpha_mix =  0.700 |ddv_scf|^2 =  1.265E-11

      iter #   4 total cpu time : 27353.6 secs   av.it.:  14.9
      thresh= 3.557E-07 alpha_mix =  0.700 |ddv_scf|^2 =  2.688E-13

      iter #   5 total cpu time : 27446.1 secs   av.it.:  15.7
      thresh= 5.184E-08 alpha_mix =  0.700 |ddv_scf|^2 =  1.456E-14

      iter #   6 total cpu time : 27537.9 secs   av.it.:  15.5
      thresh= 1.207E-08 alpha_mix =  0.700 |ddv_scf|^2 =  6.801E-16

     End of self-consistent calculation

     Convergence has been achieved 


     Representation #  43 mode #  43

     Self-consistent Calculation

      iter #   1 total cpu time : 27611.7 secs   av.it.:   4.1
      thresh= 1.000E-02 alpha_mix =  0.700 |ddv_scf|^2 =  5.451E-09

      iter #   2 total cpu time : 27711.8 secs   av.it.:  16.0
      thresh= 7.383E-06 alpha_mix =  0.700 |ddv_scf|^2 =  3.794E-10

      iter #   3 total cpu time : 27810.1 secs   av.it.:  15.9
      thresh= 1.948E-06 alpha_mix =  0.700 |ddv_scf|^2 =  1.502E-11

      iter #   4 total cpu time : 27907.7 secs   av.it.:  15.8
      thresh= 3.875E-07 alpha_mix =  0.700 |ddv_scf|^2 =  4.826E-12

      iter #   5 total cpu time : 28002.5 secs   av.it.:  15.0
      thresh= 2.197E-07 alpha_mix =  0.700 |ddv_scf|^2 =  3.477E-14

      iter #   6 total cpu time : 28100.7 secs   av.it.:  15.9
      thresh= 1.865E-08 alpha_mix =  0.700 |ddv_scf|^2 =  1.993E-15

     End of self-consistent calculation

     Convergence has been achieved 


     Representation #  44 mode #  44

     Self-consistent Calculation

      iter #   1 total cpu time : 28204.5 secs   av.it.:   6.3
      thresh= 1.000E-02 alpha_mix =  0.700 |ddv_scf|^2 =  7.384E-08

      iter #   2 total cpu time : 28301.5 secs   av.it.:  15.6
      thresh= 2.717E-05 alpha_mix =  0.700 |ddv_scf|^2 =  2.277E-08

      iter #   3 total cpu time : 28396.4 secs   av.it.:  15.1
      thresh= 1.509E-05 alpha_mix =  0.700 |ddv_scf|^2 =  2.676E-10

      iter #   4 total cpu time : 28490.6 secs   av.it.:  14.9
      thresh= 1.636E-06 alpha_mix =  0.700 |ddv_scf|^2 =  2.033E-11

      iter #   5 total cpu time : 28581.7 secs   av.it.:  14.9
      thresh= 4.509E-07 alpha_mix =  0.700 |ddv_scf|^2 =  2.912E-13

      iter #   6 total cpu time : 28675.3 secs   av.it.:  15.7
      thresh= 5.397E-08 alpha_mix =  0.700 |ddv_scf|^2 =  1.128E-14

      iter #   7 total cpu time : 28769.0 secs   av.it.:  15.6
      thresh= 1.062E-08 alpha_mix =  0.700 |ddv_scf|^2 =  1.247E-15

     End of self-consistent calculation

     Convergence has been achieved 


     Representation #  45 mode #  45

     Self-consistent Calculation

      iter #   1 total cpu time : 28841.5 secs   av.it.:   3.0
      thresh= 1.000E-02 alpha_mix =  0.700 |ddv_scf|^2 =  1.189E-09

      iter #   2 total cpu time : 28940.7 secs   av.it.:  15.9
      thresh= 3.449E-06 alpha_mix =  0.700 |ddv_scf|^2 =  3.347E-10

      iter #   3 total cpu time : 29032.9 secs   av.it.:  15.0
      thresh= 1.830E-06 alpha_mix =  0.700 |ddv_scf|^2 =  1.461E-11

      iter #   4 total cpu time : 29124.5 secs   av.it.:  15.0
      thresh= 3.822E-07 alpha_mix =  0.700 |ddv_scf|^2 =  4.025E-13

      iter #   5 total cpu time : 29217.4 secs   av.it.:  15.5
      thresh= 6.344E-08 alpha_mix =  0.700 |ddv_scf|^2 =  2.283E-14

      iter #   6 total cpu time : 29310.1 secs   av.it.:  15.4
      thresh= 1.511E-08 alpha_mix =  0.700 |ddv_scf|^2 =  1.250E-15

     End of self-consistent calculation

     Convergence has been achieved 


     Representation #  46 mode #  46

     Self-consistent Calculation

      iter #   1 total cpu time : 29379.0 secs   av.it.:   3.0
      thresh= 1.000E-02 alpha_mix =  0.700 |ddv_scf|^2 =  2.293E-09

      iter #   2 total cpu time : 29478.7 secs   av.it.:  15.9
      thresh= 4.789E-06 alpha_mix =  0.700 |ddv_scf|^2 =  1.719E-09

      iter #   3 total cpu time : 29572.4 secs   av.it.:  14.9
      thresh= 4.146E-06 alpha_mix =  0.700 |ddv_scf|^2 =  4.741E-12

      iter #   4 total cpu time : 29674.1 secs   av.it.:  16.0
      thresh= 2.177E-07 alpha_mix =  0.700 |ddv_scf|^2 =  4.989E-13

      iter #   5 total cpu time : 29774.8 secs   av.it.:  16.0
      thresh= 7.063E-08 alpha_mix =  0.700 |ddv_scf|^2 =  8.764E-15

     End of self-consistent calculation

     Convergence has been achieved 


     Representation #  47 mode #  47

     Self-consistent Calculation

      iter #   1 total cpu time : 29841.8 secs   av.it.:   3.0
      thresh= 1.000E-02 alpha_mix =  0.700 |ddv_scf|^2 =  3.672E-10

      iter #   2 total cpu time : 29940.2 secs   av.it.:  15.9
      thresh= 1.916E-06 alpha_mix =  0.700 |ddv_scf|^2 =  3.133E-11

      iter #   3 total cpu time : 30040.7 secs   av.it.:  15.9
      thresh= 5.597E-07 alpha_mix =  0.700 |ddv_scf|^2 =  1.162E-11

      iter #   4 total cpu time : 30135.4 secs   av.it.:  15.0
      thresh= 3.408E-07 alpha_mix =  0.700 |ddv_scf|^2 =  2.127E-13

      iter #   5 total cpu time : 30229.6 secs   av.it.:  15.9
      thresh= 4.612E-08 alpha_mix =  0.700 |ddv_scf|^2 =  1.325E-14

      iter #   6 total cpu time : 30322.0 secs   av.it.:  15.7
      thresh= 1.151E-08 alpha_mix =  0.700 |ddv_scf|^2 =  6.381E-16

     End of self-consistent calculation

     Convergence has been achieved 


     Representation #  48 mode #  48

     Self-consistent Calculation

      iter #   1 total cpu time : 30391.3 secs   av.it.:   3.6
      thresh= 1.000E-02 alpha_mix =  0.700 |ddv_scf|^2 =  2.549E-09

      iter #   2 total cpu time : 30490.8 secs   av.it.:  15.9
      thresh= 5.049E-06 alpha_mix =  0.700 |ddv_scf|^2 =  1.933E-09

      iter #   3 total cpu time : 30584.4 secs   av.it.:  14.9
      thresh= 4.396E-06 alpha_mix =  0.700 |ddv_scf|^2 =  5.484E-12

      iter #   4 total cpu time : 30685.6 secs   av.it.:  16.0
      thresh= 2.342E-07 alpha_mix =  0.700 |ddv_scf|^2 =  4.902E-13

      iter #   5 total cpu time : 30785.5 secs   av.it.:  15.9
      thresh= 7.002E-08 alpha_mix =  0.700 |ddv_scf|^2 =  1.146E-14

      iter #   6 total cpu time : 30885.4 secs   av.it.:  15.9
      thresh= 1.071E-08 alpha_mix =  0.700 |ddv_scf|^2 =  1.250E-15

     End of self-consistent calculation

     Convergence has been achieved 


     Representation #  49 mode #  49

     Self-consistent Calculation

      iter #   1 total cpu time : 30953.2 secs   av.it.:   3.0
      thresh= 1.000E-02 alpha_mix =  0.700 |ddv_scf|^2 =  1.211E-09

      iter #   2 total cpu time : 31051.7 secs   av.it.:  15.9
      thresh= 3.480E-06 alpha_mix =  0.700 |ddv_scf|^2 =  6.778E-10

      iter #   3 total cpu time : 31143.3 secs   av.it.:  14.9
      thresh= 2.603E-06 alpha_mix =  0.700 |ddv_scf|^2 =  6.635E-12

      iter #   4 total cpu time : 31238.8 secs   av.it.:  15.7
      thresh= 2.576E-07 alpha_mix =  0.700 |ddv_scf|^2 =  4.133E-13

      iter #   5 total cpu time : 31334.9 secs   av.it.:  15.9
      thresh= 6.429E-08 alpha_mix =  0.700 |ddv_scf|^2 =  1.732E-14

      iter #   6 total cpu time : 31429.4 secs   av.it.:  15.9
      thresh= 1.316E-08 alpha_mix =  0.700 |ddv_scf|^2 =  9.651E-16

     End of self-consistent calculation

     Convergence has been achieved 


     Representation #  50 mode #  50

     Self-consistent Calculation

      iter #   1 total cpu time : 31504.8 secs   av.it.:   4.3
      thresh= 1.000E-02 alpha_mix =  0.700 |ddv_scf|^2 =  9.179E-09

      iter #   2 total cpu time : 31604.0 secs   av.it.:  16.0
      thresh= 9.581E-06 alpha_mix =  0.700 |ddv_scf|^2 =  3.246E-09

      iter #   3 total cpu time : 31697.9 secs   av.it.:  14.9
      thresh= 5.697E-06 alpha_mix =  0.700 |ddv_scf|^2 =  1.210E-10

      iter #   4 total cpu time : 31791.0 secs   av.it.:  15.0
      thresh= 1.100E-06 alpha_mix =  0.700 |ddv_scf|^2 =  2.527E-12

      iter #   5 total cpu time : 31886.8 secs   av.it.:  15.6
      thresh= 1.590E-07 alpha_mix =  0.700 |ddv_scf|^2 =  3.811E-13

      iter #   6 total cpu time : 31982.5 secs   av.it.:  15.1
      thresh= 6.173E-08 alpha_mix =  0.700 |ddv_scf|^2 =  1.726E-15

     End of self-consistent calculation

     Convergence has been achieved 


     Representation #  51 mode #  51

     Self-consistent Calculation

      iter #   1 total cpu time : 32070.5 secs   av.it.:   3.1
      thresh= 1.000E-02 alpha_mix =  0.700 |ddv_scf|^2 =  2.649E-09

      iter #   2 total cpu time : 32169.5 secs   av.it.:  15.9
      thresh= 5.147E-06 alpha_mix =  0.700 |ddv_scf|^2 =  2.032E-09

      iter #   3 total cpu time : 32262.9 secs   av.it.:  14.8
      thresh= 4.508E-06 alpha_mix =  0.700 |ddv_scf|^2 =  4.102E-12

      iter #   4 total cpu time : 32360.2 secs   av.it.:  16.0
      thresh= 2.025E-07 alpha_mix =  0.700 |ddv_scf|^2 =  8.294E-13

      iter #   5 total cpu time : 32455.0 secs   av.it.:  15.9
      thresh= 9.107E-08 alpha_mix =  0.700 |ddv_scf|^2 =  4.670E-14

      iter #   6 total cpu time : 32551.8 secs   av.it.:  15.2
      thresh= 2.161E-08 alpha_mix =  0.700 |ddv_scf|^2 =  2.790E-15

     End of self-consistent calculation

     Convergence has been achieved 


     Representation #  52 mode #  52

     Self-consistent Calculation

      iter #   1 total cpu time : 32620.8 secs   av.it.:   3.1
      thresh= 1.000E-02 alpha_mix =  0.700 |ddv_scf|^2 =  2.229E-09

      iter #   2 total cpu time : 32720.4 secs   av.it.:  15.9
      thresh= 4.721E-06 alpha_mix =  0.700 |ddv_scf|^2 =  1.143E-09

      iter #   3 total cpu time : 32815.5 secs   av.it.:  14.9
      thresh= 3.380E-06 alpha_mix =  0.700 |ddv_scf|^2 =  1.120E-11

      iter #   4 total cpu time : 32913.3 secs   av.it.:  15.2
      thresh= 3.347E-07 alpha_mix =  0.700 |ddv_scf|^2 =  8.871E-13

      iter #   5 total cpu time : 33011.4 secs   av.it.:  15.4
      thresh= 9.419E-08 alpha_mix =  0.700 |ddv_scf|^2 =  6.055E-14

      iter #   6 total cpu time : 33108.9 secs   av.it.:  15.1
      thresh= 2.461E-08 alpha_mix =  0.700 |ddv_scf|^2 =  1.702E-15

     End of self-consistent calculation

     Convergence has been achieved 


     Representation #  53 mode #  53

     Self-consistent Calculation

      iter #   1 total cpu time : 33177.7 secs   av.it.:   3.0
      thresh= 1.000E-02 alpha_mix =  0.700 |ddv_scf|^2 =  1.326E-09

      iter #   2 total cpu time : 33276.9 secs   av.it.:  16.0
      thresh= 3.641E-06 alpha_mix =  0.700 |ddv_scf|^2 =  5.798E-10

      iter #   3 total cpu time : 33371.7 secs   av.it.:  15.0
      thresh= 2.408E-06 alpha_mix =  0.700 |ddv_scf|^2 =  7.808E-12

      iter #   4 total cpu time : 33468.1 secs   av.it.:  15.5
      thresh= 2.794E-07 alpha_mix =  0.700 |ddv_scf|^2 =  9.466E-13

      iter #   5 total cpu time : 33563.3 secs   av.it.:  15.0
      thresh= 9.729E-08 alpha_mix =  0.700 |ddv_scf|^2 =  6.121E-14

      iter #   6 total cpu time : 33659.2 secs   av.it.:  15.1
      thresh= 2.474E-08 alpha_mix =  0.700 |ddv_scf|^2 =  1.784E-15

     End of self-consistent calculation

     Convergence has been achieved 


     Representation #  54 mode #  54

     Self-consistent Calculation

      iter #   1 total cpu time : 33727.8 secs   av.it.:   3.0
      thresh= 1.000E-02 alpha_mix =  0.700 |ddv_scf|^2 =  3.365E-09

      iter #   2 total cpu time : 33824.2 secs   av.it.:  15.6
      thresh= 5.801E-06 alpha_mix =  0.700 |ddv_scf|^2 =  2.178E-09

      iter #   3 total cpu time : 33915.7 secs   av.it.:  14.8
      thresh= 4.667E-06 alpha_mix =  0.700 |ddv_scf|^2 =  6.382E-12

      iter #   4 total cpu time : 34012.4 secs   av.it.:  15.7
      thresh= 2.526E-07 alpha_mix =  0.700 |ddv_scf|^2 =  7.669E-13

      iter #   5 total cpu time : 34108.2 secs   av.it.:  15.3
      thresh= 8.757E-08 alpha_mix =  0.700 |ddv_scf|^2 =  2.420E-14

      iter #   6 total cpu time : 34206.7 secs   av.it.:  15.9
      thresh= 1.556E-08 alpha_mix =  0.700 |ddv_scf|^2 =  2.108E-15

     End of self-consistent calculation

     Convergence has been achieved 


     Representation #  55 mode #  55

     Self-consistent Calculation

      iter #   1 total cpu time : 34274.1 secs   av.it.:   3.0
      thresh= 1.000E-02 alpha_mix =  0.700 |ddv_scf|^2 =  5.765E-10

      iter #   2 total cpu time : 34374.7 secs   av.it.:  16.0
      thresh= 2.401E-06 alpha_mix =  0.700 |ddv_scf|^2 =  1.204E-10

      iter #   3 total cpu time : 34473.1 secs   av.it.:  15.6
      thresh= 1.097E-06 alpha_mix =  0.700 |ddv_scf|^2 =  7.136E-12

      iter #   4 total cpu time : 34571.2 secs   av.it.:  15.4
      thresh= 2.671E-07 alpha_mix =  0.700 |ddv_scf|^2 =  2.003E-13

      iter #   5 total cpu time : 34666.2 secs   av.it.:  15.8
      thresh= 4.475E-08 alpha_mix =  0.700 |ddv_scf|^2 =  3.412E-14

      iter #   6 total cpu time : 34757.1 secs   av.it.:  14.9
      thresh= 1.847E-08 alpha_mix =  0.700 |ddv_scf|^2 =  1.628E-15

     End of self-consistent calculation

     Convergence has been achieved 


     Representation #  56 mode #  56

     Self-consistent Calculation

      iter #   1 total cpu time : 34843.1 secs   av.it.:   6.6
      thresh= 1.000E-02 alpha_mix =  0.700 |ddv_scf|^2 =  2.116E-07

      iter #   2 total cpu time : 34936.6 secs   av.it.:  15.1
      thresh= 4.600E-05 alpha_mix =  0.700 |ddv_scf|^2 =  1.596E-07

      iter #   3 total cpu time : 35028.4 secs   av.it.:  14.5
      thresh= 3.995E-05 alpha_mix =  0.700 |ddv_scf|^2 =  1.159E-10

      iter #   4 total cpu time : 35127.9 secs   av.it.:  15.8
      thresh= 1.077E-06 alpha_mix =  0.700 |ddv_scf|^2 =  2.148E-11

      iter #   5 total cpu time : 35225.8 secs   av.it.:  15.6
      thresh= 4.635E-07 alpha_mix =  0.700 |ddv_scf|^2 =  9.614E-13

      iter #   6 total cpu time : 35323.7 secs   av.it.:  15.6
      thresh= 9.805E-08 alpha_mix =  0.700 |ddv_scf|^2 =  2.761E-14

      iter #   7 total cpu time : 35420.6 secs   av.it.:  15.4
      thresh= 1.662E-08 alpha_mix =  0.700 |ddv_scf|^2 =  1.879E-15

     End of self-consistent calculation

     Convergence has been achieved 


     Representation #  57 mode #  57

     Self-consistent Calculation

      iter #   1 total cpu time : 35502.2 secs   av.it.:   5.0
      thresh= 1.000E-02 alpha_mix =  0.700 |ddv_scf|^2 =  3.176E-08

      iter #   2 total cpu time : 35600.2 secs   av.it.:  15.4
      thresh= 1.782E-05 alpha_mix =  0.700 |ddv_scf|^2 =  2.074E-08

      iter #   3 total cpu time : 35693.4 secs   av.it.:  14.7
      thresh= 1.440E-05 alpha_mix =  0.700 |ddv_scf|^2 =  5.425E-11

      iter #   4 total cpu time : 35792.9 secs   av.it.:  15.9
      thresh= 7.366E-07 alpha_mix =  0.700 |ddv_scf|^2 =  4.928E-12

      iter #   5 total cpu time : 35891.6 secs   av.it.:  15.7
      thresh= 2.220E-07 alpha_mix =  0.700 |ddv_scf|^2 =  8.080E-13

      iter #   6 total cpu time : 35990.3 secs   av.it.:  15.6
      thresh= 8.989E-08 alpha_mix =  0.700 |ddv_scf|^2 =  6.431E-15

     End of self-consistent calculation

     Convergence has been achieved 


     Representation #  58 mode #  58

     Self-consistent Calculation

      iter #   1 total cpu time : 36075.3 secs   av.it.:   3.0
      thresh= 1.000E-02 alpha_mix =  0.700 |ddv_scf|^2 =  8.626E-10

      iter #   2 total cpu time : 36173.1 secs   av.it.:  15.8
      thresh= 2.937E-06 alpha_mix =  0.700 |ddv_scf|^2 =  3.977E-10

      iter #   3 total cpu time : 36266.9 secs   av.it.:  14.9
      thresh= 1.994E-06 alpha_mix =  0.700 |ddv_scf|^2 =  9.501E-12

      iter #   4 total cpu time : 36362.2 secs   av.it.:  15.0
      thresh= 3.082E-07 alpha_mix =  0.700 |ddv_scf|^2 =  2.404E-13

      iter #   5 total cpu time : 36459.1 secs   av.it.:  15.6
      thresh= 4.903E-08 alpha_mix =  0.700 |ddv_scf|^2 =  9.804E-15

     End of self-consistent calculation

     Convergence has been achieved 


     Representation #  59 mode #  59

     Self-consistent Calculation

      iter #   1 total cpu time : 36527.5 secs   av.it.:   3.0
      thresh= 1.000E-02 alpha_mix =  0.700 |ddv_scf|^2 =  1.478E-09

      iter #   2 total cpu time : 36625.6 secs   av.it.:  15.9
      thresh= 3.844E-06 alpha_mix =  0.700 |ddv_scf|^2 =  6.771E-10

      iter #   3 total cpu time : 36719.7 secs   av.it.:  15.0
      thresh= 2.602E-06 alpha_mix =  0.700 |ddv_scf|^2 =  1.068E-11

      iter #   4 total cpu time : 36816.7 secs   av.it.:  15.0
      thresh= 3.268E-07 alpha_mix =  0.700 |ddv_scf|^2 =  8.112E-13

      iter #   5 total cpu time : 36912.7 secs   av.it.:  15.3
      thresh= 9.007E-08 alpha_mix =  0.700 |ddv_scf|^2 =  5.445E-14

      iter #   6 total cpu time : 37004.4 secs   av.it.:  15.1
      thresh= 2.333E-08 alpha_mix =  0.700 |ddv_scf|^2 =  1.840E-15

     End of self-consistent calculation

     Convergence has been achieved 


     Representation #  60 mode #  60

     Self-consistent Calculation

      iter #   1 total cpu time : 37072.4 secs   av.it.:   3.0
      thresh= 1.000E-02 alpha_mix =  0.700 |ddv_scf|^2 =  1.965E-09

      iter #   2 total cpu time : 37167.4 secs   av.it.:  15.9
      thresh= 4.433E-06 alpha_mix =  0.700 |ddv_scf|^2 =  1.148E-09

      iter #   3 total cpu time : 37257.7 secs   av.it.:  14.9
      thresh= 3.387E-06 alpha_mix =  0.700 |ddv_scf|^2 =  5.067E-12

      iter #   4 total cpu time : 37351.3 secs   av.it.:  15.9
      thresh= 2.251E-07 alpha_mix =  0.700 |ddv_scf|^2 =  1.560E-12

      iter #   5 total cpu time : 37442.2 secs   av.it.:  15.0
      thresh= 1.249E-07 alpha_mix =  0.700 |ddv_scf|^2 =  4.307E-14

      iter #   6 total cpu time : 37534.9 secs   av.it.:  15.9
      thresh= 2.075E-08 alpha_mix =  0.700 |ddv_scf|^2 =  2.437E-15

     End of self-consistent calculation

     Convergence has been achieved 


     Representation #  61 mode #  61

     Self-consistent Calculation

      iter #   1 total cpu time : 37602.9 secs   av.it.:   3.3
      thresh= 1.000E-02 alpha_mix =  0.700 |ddv_scf|^2 =  5.875E-09

      iter #   2 total cpu time : 37696.7 secs   av.it.:  15.3
      thresh= 7.665E-06 alpha_mix =  0.700 |ddv_scf|^2 =  3.581E-09

      iter #   3 total cpu time : 37789.4 secs   av.it.:  14.9
      thresh= 5.984E-06 alpha_mix =  0.700 |ddv_scf|^2 =  1.270E-11

      iter #   4 total cpu time : 37884.4 secs   av.it.:  15.0
      thresh= 3.563E-07 alpha_mix =  0.700 |ddv_scf|^2 =  1.122E-12

      iter #   5 total cpu time : 37980.9 secs   av.it.:  15.4
      thresh= 1.059E-07 alpha_mix =  0.700 |ddv_scf|^2 =  8.751E-14

      iter #   6 total cpu time : 38075.5 secs   av.it.:  15.0
      thresh= 2.958E-08 alpha_mix =  0.700 |ddv_scf|^2 =  1.614E-15

     End of self-consistent calculation

     Convergence has been achieved 


     Representation #  62 mode #  62

     Self-consistent Calculation

      iter #   1 total cpu time : 38150.7 secs   av.it.:   4.4
      thresh= 1.000E-02 alpha_mix =  0.700 |ddv_scf|^2 =  8.670E-09

      iter #   2 total cpu time : 38251.3 secs   av.it.:  15.9
      thresh= 9.311E-06 alpha_mix =  0.700 |ddv_scf|^2 =  3.782E-09

      iter #   3 total cpu time : 38347.3 secs   av.it.:  15.0
      thresh= 6.150E-06 alpha_mix =  0.700 |ddv_scf|^2 =  8.546E-11

      iter #   4 total cpu time : 38444.4 secs   av.it.:  15.0
      thresh= 9.245E-07 alpha_mix =  0.700 |ddv_scf|^2 =  3.432E-12

      iter #   5 total cpu time : 38543.8 secs   av.it.:  15.7
      thresh= 1.853E-07 alpha_mix =  0.700 |ddv_scf|^2 =  6.001E-13

      iter #   6 total cpu time : 38642.3 secs   av.it.:  15.4
      thresh= 7.746E-08 alpha_mix =  0.700 |ddv_scf|^2 =  6.741E-15

     End of self-consistent calculation

     Convergence has been achieved 


     Representation #  63 mode #  63

     Self-consistent Calculation

      iter #   1 total cpu time : 38745.2 secs   av.it.:   6.0
      thresh= 1.000E-02 alpha_mix =  0.700 |ddv_scf|^2 =  1.117E-07

      iter #   2 total cpu time : 38843.4 secs   av.it.:  15.4
      thresh= 3.342E-05 alpha_mix =  0.700 |ddv_scf|^2 =  4.683E-08

      iter #   3 total cpu time : 38938.7 secs   av.it.:  14.9
      thresh= 2.164E-05 alpha_mix =  0.700 |ddv_scf|^2 =  6.847E-10

      iter #   4 total cpu time : 39035.5 secs   av.it.:  14.9
      thresh= 2.617E-06 alpha_mix =  0.700 |ddv_scf|^2 =  1.583E-11

      iter #   5 total cpu time : 39134.1 secs   av.it.:  15.4
      thresh= 3.978E-07 alpha_mix =  0.700 |ddv_scf|^2 =  1.062E-12

      iter #   6 total cpu time : 39231.9 secs   av.it.:  15.2
      thresh= 1.031E-07 alpha_mix =  0.700 |ddv_scf|^2 =  6.526E-14

      iter #   7 total cpu time : 39325.1 secs   av.it.:  14.5
      thresh= 2.555E-08 alpha_mix =  0.700 |ddv_scf|^2 =  5.604E-15

     End of self-consistent calculation

     Convergence has been achieved 


     Representation #  64 mode #  64

     Self-consistent Calculation

      iter #   1 total cpu time : 39399.2 secs   av.it.:   3.5
      thresh= 1.000E-02 alpha_mix =  0.700 |ddv_scf|^2 =  3.017E-09

      iter #   2 total cpu time : 39493.6 secs   av.it.:  15.9
      thresh= 5.493E-06 alpha_mix =  0.700 |ddv_scf|^2 =  1.384E-09

      iter #   3 total cpu time : 39584.0 secs   av.it.:  15.0
      thresh= 3.720E-06 alpha_mix =  0.700 |ddv_scf|^2 =  6.398E-12

      iter #   4 total cpu time : 39676.9 secs   av.it.:  15.7
      thresh= 2.529E-07 alpha_mix =  0.700 |ddv_scf|^2 =  1.130E-12

      iter #   5 total cpu time : 39772.2 secs   av.it.:  15.1
      thresh= 1.063E-07 alpha_mix =  0.700 |ddv_scf|^2 =  4.810E-14

      iter #   6 total cpu time : 39865.0 secs   av.it.:  15.2
      thresh= 2.193E-08 alpha_mix =  0.700 |ddv_scf|^2 =  1.589E-15

     End of self-consistent calculation

     Convergence has been achieved 


     Representation #  65 mode #  65

     Self-consistent Calculation

      iter #   1 total cpu time : 39931.5 secs   av.it.:   3.0
      thresh= 1.000E-02 alpha_mix =  0.700 |ddv_scf|^2 =  9.318E-10

      iter #   2 total cpu time : 40027.5 secs   av.it.:  15.9
      thresh= 3.053E-06 alpha_mix =  0.700 |ddv_scf|^2 =  2.569E-10

      iter #   3 total cpu time : 40120.2 secs   av.it.:  15.4
      thresh= 1.603E-06 alpha_mix =  0.700 |ddv_scf|^2 =  7.155E-12

      iter #   4 total cpu time : 40213.3 secs   av.it.:  15.7
      thresh= 2.675E-07 alpha_mix =  0.700 |ddv_scf|^2 =  3.010E-13

      iter #   5 total cpu time : 40307.2 secs   av.it.:  15.6
      thresh= 5.487E-08 alpha_mix =  0.700 |ddv_scf|^2 =  2.036E-14

      iter #   6 total cpu time : 40403.4 secs   av.it.:  15.0
      thresh= 1.427E-08 alpha_mix =  0.700 |ddv_scf|^2 =  2.754E-15

     End of self-consistent calculation

     Convergence has been achieved 


     Representation #  66 mode #  66

     Self-consistent Calculation

      iter #   1 total cpu time : 40471.2 secs   av.it.:   3.0
      thresh= 1.000E-02 alpha_mix =  0.700 |ddv_scf|^2 =  1.725E-09

      iter #   2 total cpu time : 40567.2 secs   av.it.:  16.0
      thresh= 4.153E-06 alpha_mix =  0.700 |ddv_scf|^2 =  8.104E-10

      iter #   3 total cpu time : 40663.5 secs   av.it.:  15.0
      thresh= 2.847E-06 alpha_mix =  0.700 |ddv_scf|^2 =  4.870E-12

      iter #   4 total cpu time : 40762.3 secs   av.it.:  15.9
      thresh= 2.207E-07 alpha_mix =  0.700 |ddv_scf|^2 =  9.716E-13

      iter #   5 total cpu time : 40857.3 secs   av.it.:  15.0
      thresh= 9.857E-08 alpha_mix =  0.700 |ddv_scf|^2 =  5.737E-14

      iter #   6 total cpu time : 40955.3 secs   av.it.:  15.1
      thresh= 2.395E-08 alpha_mix =  0.700 |ddv_scf|^2 =  2.080E-15

     End of self-consistent calculation

     Convergence has been achieved 

     Number of q in the star =    1
     List of q in the star:
          1   0.000000000   0.000000000   0.000000000

          Dielectric constant in cartesian axis 

          (       2.940456764       0.000000000       0.000000000 )
          (       0.000000000       2.985151146       0.000000000 )
          (       0.000000000       0.000000000       3.167530395 )

          Effective charges (d Force / dE) in cartesian axis without acoustic sum rule applied (asr)

           atom    1  Ba    Mean Z*:        2.61678
      Ex  (        2.42710       -0.06923        0.00000 )
      Ey  (        0.26158        2.44443        0.00000 )
      Ez  (        0.00000        0.00000        2.97882 )
           atom    2  Ba    Mean Z*:        2.61678
      Ex  (        2.42710        0.06923        0.00000 )
      Ey  (       -0.26158        2.44443        0.00000 )
      Ez  (        0.00000        0.00000        2.97882 )
           atom    3  B     Mean Z*:       -0.10651
      Ex  (       -0.12857        0.01691       -0.00000 )
      Ey  (        0.16578       -0.00111        0.00000 )
      Ez  (        0.00003       -0.00001       -0.18985 )
           atom    4  B     Mean Z*:       -0.10651
      Ex  (       -0.12857        0.01691        0.00000 )
      Ey  (        0.16578       -0.00111       -0.00000 )
      Ez  (       -0.00003        0.00001       -0.18985 )
           atom    5  B     Mean Z*:       -0.10651
      Ex  (       -0.12857       -0.01691        0.00000 )
      Ey  (       -0.16578       -0.00111        0.00000 )
      Ez  (       -0.00003       -0.00001       -0.18985 )
           atom    6  B     Mean Z*:       -0.10651
      Ex  (       -0.12857       -0.01691       -0.00000 )
      Ey  (       -0.16578       -0.00111       -0.00000 )
      Ez  (        0.00003        0.00001       -0.18985 )
           atom    7  H     Mean Z*:       -0.31180
      Ex  (       -0.44688        0.13535       -0.00003 )
      Ey  (        0.14001       -0.23560        0.00004 )
      Ez  (       -0.00003        0.00004       -0.25290 )
           atom    8  H     Mean Z*:       -0.31180
      Ex  (       -0.44688        0.13535        0.00003 )
      Ey  (        0.14001       -0.23560       -0.00004 )
      Ez  (        0.00003       -0.00004       -0.25290 )
           atom    9  H     Mean Z*:       -0.31180
      Ex  (       -0.44688       -0.13535        0.00003 )
      Ey  (       -0.14001       -0.23560        0.00004 )
      Ez  (        0.00003        0.00004       -0.25290 )
           atom   10  H     Mean Z*:       -0.31180
      Ex  (       -0.44688       -0.13535       -0.00003 )
      Ey  (       -0.14001       -0.23560       -0.00004 )
      Ez  (       -0.00003       -0.00004       -0.25290 )
           atom   11  H     Mean Z*:       -0.30906
      Ex  (       -0.22520       -0.01087       -0.00000 )
      Ey  (       -0.10009       -0.44791        0.00001 )
      Ez  (       -0.00001        0.00000       -0.25407 )
           atom   12  H     Mean Z*:       -0.30906
      Ex  (       -0.22520       -0.01087        0.00000 )
      Ey  (       -0.10009       -0.44791       -0.00001 )
      Ez  (        0.00001       -0.00000       -0.25407 )
           atom   13  H     Mean Z*:       -0.30906
      Ex  (       -0.22520        0.01087        0.00000 )
      Ey  (        0.10009       -0.44791        0.00001 )
      Ez  (        0.00001        0.00000       -0.25407 )
           atom   14  H     Mean Z*:       -0.30906
      Ex  (       -0.22520        0.01087       -0.00000 )
      Ey  (        0.10009       -0.44791       -0.00001 )
      Ez  (       -0.00001       -0.00000       -0.25407 )
           atom   15  H     Mean Z*:       -0.29022
      Ex  (       -0.20655        0.15879        0.07422 )
      Ey  (        0.11473       -0.26802       -0.10030 )
      Ez  (        0.03694       -0.11209       -0.39610 )
           atom   16  H     Mean Z*:       -0.29022
      Ex  (       -0.20655        0.15879       -0.07422 )
      Ey  (        0.11473       -0.26802        0.10030 )
      Ez  (       -0.03694        0.11209       -0.39610 )
           atom   17  H     Mean Z*:       -0.29022
      Ex  (       -0.20655       -0.15879       -0.07422 )
      Ey  (       -0.11473       -0.26802       -0.10030 )
      Ez  (       -0.03694       -0.11209       -0.39610 )
           atom   18  H     Mean Z*:       -0.29022
      Ex  (       -0.20655       -0.15879        0.07422 )
      Ey  (       -0.11473       -0.26802        0.10030 )
      Ez  (        0.03694        0.11209       -0.39610 )
           atom   19  H     Mean Z*:       -0.29020
      Ex  (       -0.20653        0.15875        0.07417 )
      Ey  (        0.11470       -0.26800       -0.10028 )
      Ez  (        0.03692       -0.11208       -0.39609 )
           atom   20  H     Mean Z*:       -0.29020
      Ex  (       -0.20653        0.15875       -0.07417 )
      Ey  (        0.11470       -0.26800        0.10028 )
      Ez  (       -0.03692        0.11208       -0.39609 )
           atom   21  H     Mean Z*:       -0.29020
      Ex  (       -0.20653       -0.15875       -0.07417 )
      Ey  (       -0.11470       -0.26800       -0.10028 )
      Ez  (       -0.03692       -0.11208       -0.39609 )
           atom   22  H     Mean Z*:       -0.29020
      Ex  (       -0.20653       -0.15875        0.07417 )
      Ey  (       -0.11470       -0.26800        0.10028 )
      Ez  (        0.03692        0.11208       -0.39609 )

          Effective charges Sum: Mean:        0.00240
             -0.00067        0.00000        0.00000
              0.00000        0.00628        0.00000
              0.00000        0.00000        0.00159

          Effective charges (d Force / dE) in cartesian axis with asr applied: 
           atom    1  Ba    Mean Z*:        2.61668
      E*x (        2.42713       -0.06923        0.00000 )
      E*y (        0.26158        2.44414        0.00000 )
      E*z (        0.00000        0.00000        2.97875 )
           atom    2  Ba    Mean Z*:        2.61668
      E*x (        2.42713        0.06923        0.00000 )
      E*y (       -0.26158        2.44414        0.00000 )
      E*z (        0.00000        0.00000        2.97875 )
           atom    3  B     Mean Z*:       -0.10662
      E*x (       -0.12854        0.01691       -0.00000 )
      E*y (        0.16578       -0.00139        0.00000 )
      E*z (        0.00003       -0.00001       -0.18993 )
           atom    4  B     Mean Z*:       -0.10662
      E*x (       -0.12854        0.01691        0.00000 )
      E*y (        0.16578       -0.00139       -0.00000 )
      E*z (       -0.00003        0.00001       -0.18993 )
           atom    5  B     Mean Z*:       -0.10662
      E*x (       -0.12854       -0.01691        0.00000 )
      E*y (       -0.16578       -0.00139        0.00000 )
      E*z (       -0.00003       -0.00001       -0.18993 )
           atom    6  B     Mean Z*:       -0.10662
      E*x (       -0.12854       -0.01691       -0.00000 )
      E*y (       -0.16578       -0.00139       -0.00000 )
      E*z (        0.00003        0.00001       -0.18993 )
           atom    7  H     Mean Z*:       -0.31190
      E*x (       -0.44685        0.13535       -0.00003 )
      E*y (        0.14001       -0.23589        0.00004 )
      E*z (       -0.00003        0.00004       -0.25297 )
           atom    8  H     Mean Z*:       -0.31190
      E*x (       -0.44685        0.13535        0.00003 )
      E*y (        0.14001       -0.23589       -0.00004 )
      E*z (        0.00003       -0.00004       -0.25297 )
           atom    9  H     Mean Z*:       -0.31190
      E*x (       -0.44685       -0.13535        0.00003 )
      E*y (       -0.14001       -0.23589        0.00004 )
      E*z (        0.00003        0.00004       -0.25297 )
           atom   10  H     Mean Z*:       -0.31190
      E*x (       -0.44685       -0.13535       -0.00003 )
      E*y (       -0.14001       -0.23589       -0.00004 )
      E*z (       -0.00003       -0.00004       -0.25297 )
           atom   11  H     Mean Z*:       -0.30917
      E*x (       -0.22516       -0.01087       -0.00000 )
      E*y (       -0.10009       -0.44819        0.00001 )
      E*z (       -0.00001        0.00000       -0.25414 )
           atom   12  H     Mean Z*:       -0.30917
      E*x (       -0.22516       -0.01087        0.00000 )
      E*y (       -0.10009       -0.44819       -0.00001 )
      E*z (        0.00001       -0.00000       -0.25414 )
           atom   13  H     Mean Z*:       -0.30917
      E*x (       -0.22516        0.01087        0.00000 )
      E*y (        0.10009       -0.44819        0.00001 )
      E*z (        0.00001        0.00000       -0.25414 )
           atom   14  H     Mean Z*:       -0.30917
      E*x (       -0.22516        0.01087       -0.00000 )
      E*y (        0.10009       -0.44819       -0.00001 )
      E*z (       -0.00001       -0.00000       -0.25414 )
           atom   15  H     Mean Z*:       -0.29033
      E*x (       -0.20652        0.15879        0.07422 )
      E*y (        0.11473       -0.26831       -0.10030 )
      E*z (        0.03694       -0.11209       -0.39617 )
           atom   16  H     Mean Z*:       -0.29033
      E*x (       -0.20652        0.15879       -0.07422 )
      E*y (        0.11473       -0.26831        0.10030 )
      E*z (       -0.03694        0.11209       -0.39617 )
           atom   17  H     Mean Z*:       -0.29033
      E*x (       -0.20652       -0.15879       -0.07422 )
      E*y (       -0.11473       -0.26831       -0.10030 )
      E*z (       -0.03694       -0.11209       -0.39617 )
           atom   18  H     Mean Z*:       -0.29033
      E*x (       -0.20652       -0.15879        0.07422 )
      E*y (       -0.11473       -0.26831        0.10030 )
      E*z (        0.03694        0.11209       -0.39617 )
           atom   19  H     Mean Z*:       -0.29031
      E*x (       -0.20649        0.15875        0.07417 )
      E*y (        0.11470       -0.26828       -0.10028 )
      E*z (        0.03692       -0.11208       -0.39616 )
           atom   20  H     Mean Z*:       -0.29031
      E*x (       -0.20649        0.15875       -0.07417 )
      E*y (        0.11470       -0.26828        0.10028 )
      E*z (       -0.03692        0.11208       -0.39616 )
           atom   21  H     Mean Z*:       -0.29031
      E*x (       -0.20649       -0.15875       -0.07417 )
      E*y (       -0.11470       -0.26828       -0.10028 )
      E*z (       -0.03692       -0.11208       -0.39616 )
           atom   22  H     Mean Z*:       -0.29031
      E*x (       -0.20649       -0.15875        0.07417 )
      E*y (       -0.11470       -0.26828        0.10028 )
      E*z (        0.03692        0.11208       -0.39616 )

          Effective charges (d P / du) in cartesian axis 

           atom      1Ba    
      Px  (        2.42932       -0.06851        0.00000 )
      Py  (        0.25779        2.44304        0.00000 )
      Pz  (        0.00000        0.00000        2.97830 )
           atom      2Ba    
      Px  (        2.42932        0.06851        0.00000 )
      Py  (       -0.25779        2.44304        0.00000 )
      Pz  (        0.00000        0.00000        2.97830 )
           atom      3B     
      Px  (       -0.12869        0.01726        0.00043 )
      Py  (        0.16487       -0.00125        0.00028 )
      Pz  (       -0.00031        0.00001       -0.19005 )
           atom      4B     
      Px  (       -0.12869        0.01726       -0.00043 )
      Py  (        0.16487       -0.00125       -0.00028 )
      Pz  (        0.00031       -0.00001       -0.19005 )
           atom      5B     
      Px  (       -0.12869       -0.01726       -0.00043 )
      Py  (       -0.16487       -0.00125        0.00028 )
      Pz  (        0.00031        0.00001       -0.19005 )
           atom      6B     
      Px  (       -0.12869       -0.01726        0.00043 )
      Py  (       -0.16487       -0.00125       -0.00028 )
      Pz  (       -0.00031       -0.00001       -0.19005 )
           atom      7H     
      Px  (       -0.44726        0.13532       -0.00028 )
      Py  (        0.14046       -0.23611        0.00002 )
      Pz  (       -0.00002        0.00006       -0.25308 )
           atom      8H     
      Px  (       -0.44726        0.13532        0.00028 )
      Py  (        0.14046       -0.23611       -0.00002 )
      Pz  (        0.00002       -0.00006       -0.25308 )
           atom      9H     
      Px  (       -0.44726       -0.13532        0.00028 )
      Py  (       -0.14046       -0.23611        0.00002 )
      Pz  (        0.00002        0.00006       -0.25308 )
           atom     10H     
      Px  (       -0.44726       -0.13532       -0.00028 )
      Py  (       -0.14046       -0.23611       -0.00002 )
      Pz  (       -0.00002       -0.00006       -0.25308 )
           atom     11H     
      Px  (       -0.22538       -0.01096        0.00007 )
      Py  (       -0.09960       -0.44984        0.00022 )
      Pz  (       -0.00004       -0.00001       -0.25417 )
           atom     12H     
      Px  (       -0.22538       -0.01096       -0.00007 )
      Py  (       -0.09960       -0.44984       -0.00022 )
      Pz  (        0.00004        0.00001       -0.25417 )
           atom     13H     
      Px  (       -0.22538        0.01096       -0.00007 )
      Py  (        0.09960       -0.44984        0.00022 )
      Pz  (        0.00004       -0.00001       -0.25417 )
           atom     14H     
      Px  (       -0.22538        0.01096        0.00007 )
      Py  (        0.09960       -0.44984       -0.00022 )
      Pz  (       -0.00004        0.00001       -0.25417 )
           atom     15H     
      Px  (       -0.20658        0.15894        0.07421 )
      Py  (        0.11430       -0.26787       -0.09979 )
      Pz  (        0.03702       -0.11213       -0.39633 )
           atom     16H     
      Px  (       -0.20658        0.15894       -0.07421 )
      Py  (        0.11430       -0.26787        0.09979 )
      Pz  (       -0.03702        0.11213       -0.39633 )
           atom     17H     
      Px  (       -0.20658       -0.15894       -0.07421 )
      Py  (       -0.11430       -0.26787       -0.09979 )
      Pz  (       -0.03702       -0.11213       -0.39633 )
           atom     18H     
      Px  (       -0.20658       -0.15894        0.07421 )
      Py  (       -0.11430       -0.26787        0.09979 )
      Pz  (        0.03702        0.11213       -0.39633 )
           atom     19H     
      Px  (       -0.20761        0.15929        0.07527 )
      Py  (        0.11435       -0.26789       -0.09939 )
      Pz  (        0.03692       -0.11211       -0.39637 )
           atom     20H     
      Px  (       -0.20761        0.15929       -0.07527 )
      Py  (        0.11435       -0.26789        0.09939 )
      Pz  (       -0.03692        0.11211       -0.39637 )
           atom     21H     
      Px  (       -0.20761       -0.15929       -0.07527 )
      Py  (       -0.11435       -0.26789       -0.09939 )
      Pz  (       -0.03692       -0.11211       -0.39637 )
           atom     22H     
      Px  (       -0.20761       -0.15929        0.07527 )
      Py  (       -0.11435       -0.26789        0.09939 )
      Pz  (        0.03692        0.11211       -0.39637 )

     Diagonalizing the dynamical matrix

     q = (    0.000000000   0.000000000   0.000000000 ) 

 **************************************************************************
     freq (    1) =      -0.547309 [THz] =     -18.256278 [cm-1]
     freq (    2) =      -0.323383 [THz] =     -10.786893 [cm-1]
     freq (    3) =       0.118630 [THz] =       3.957073 [cm-1]
     freq (    4) =       1.869978 [THz] =      62.375763 [cm-1]
     freq (    5) =       1.881040 [THz] =      62.744742 [cm-1]
     freq (    6) =       2.053581 [THz] =      68.500098 [cm-1]
     freq (    7) =       3.912244 [THz] =     130.498427 [cm-1]
     freq (    8) =       4.435283 [THz] =     147.945130 [cm-1]
     freq (    9) =       4.462473 [THz] =     148.852078 [cm-1]
     freq (   10) =       5.593730 [THz] =     186.586735 [cm-1]
     freq (   11) =       5.912998 [THz] =     197.236371 [cm-1]
     freq (   12) =       6.098898 [THz] =     203.437338 [cm-1]
     freq (   13) =       6.220538 [THz] =     207.494801 [cm-1]
     freq (   14) =       6.455297 [THz] =     215.325533 [cm-1]
     freq (   15) =       6.468491 [THz] =     215.765633 [cm-1]
     freq (   16) =       6.886929 [THz] =     229.723217 [cm-1]
     freq (   17) =       7.023403 [THz] =     234.275495 [cm-1]
     freq (   18) =       7.675712 [THz] =     256.034200 [cm-1]
     freq (   19) =       8.110676 [THz] =     270.543017 [cm-1]
     freq (   20) =       8.217114 [THz] =     274.093406 [cm-1]
     freq (   21) =       8.705400 [THz] =     290.380898 [cm-1]
     freq (   22) =       8.745539 [THz] =     291.719774 [cm-1]
     freq (   23) =       8.900197 [THz] =     296.878611 [cm-1]
     freq (   24) =       9.224709 [THz] =     307.703179 [cm-1]
     freq (   25) =       9.684901 [THz] =     323.053537 [cm-1]
     freq (   26) =       9.712042 [THz] =     323.958860 [cm-1]
     freq (   27) =      11.970316 [THz] =     399.286770 [cm-1]
     freq (   28) =      12.287373 [THz] =     409.862660 [cm-1]
     freq (   29) =      12.316615 [THz] =     410.838042 [cm-1]
     freq (   30) =      12.684790 [THz] =     423.119047 [cm-1]
     freq (   31) =      30.630656 [THz] =    1021.728697 [cm-1]
     freq (   32) =      30.756551 [THz] =    1025.928104 [cm-1]
     freq (   33) =      30.808736 [THz] =    1027.668816 [cm-1]
     freq (   34) =      30.940877 [THz] =    1032.076565 [cm-1]
     freq (   35) =      31.783062 [THz] =    1060.168845 [cm-1]
     freq (   36) =      31.784538 [THz] =    1060.218071 [cm-1]
     freq (   37) =      31.953831 [THz] =    1065.865067 [cm-1]
     freq (   38) =      32.154215 [THz] =    1072.549176 [cm-1]
     freq (   39) =      32.211066 [THz] =    1074.445519 [cm-1]
     freq (   40) =      32.211880 [THz] =    1074.472646 [cm-1]
     freq (   41) =      32.236554 [THz] =    1075.295687 [cm-1]
     freq (   42) =      32.375438 [THz] =    1079.928365 [cm-1]
     freq (   43) =      35.803873 [THz] =    1194.288661 [cm-1]
     freq (   44) =      35.817552 [THz] =    1194.744932 [cm-1]
     freq (   45) =      35.971876 [THz] =    1199.892634 [cm-1]
     freq (   46) =      36.058906 [THz] =    1202.795645 [cm-1]
     freq (   47) =      36.085708 [THz] =    1203.689646 [cm-1]
     freq (   48) =      36.091660 [THz] =    1203.888176 [cm-1]
     freq (   49) =      36.218173 [THz] =    1208.108215 [cm-1]
     freq (   50) =      36.430282 [THz] =    1215.183403 [cm-1]
     freq (   51) =      68.279766 [THz] =    2277.567830 [cm-1]
     freq (   52) =      68.301043 [THz] =    2278.277553 [cm-1]
     freq (   53) =      68.319940 [THz] =    2278.907898 [cm-1]
     freq (   54) =      68.351251 [THz] =    2279.952330 [cm-1]
     freq (   55) =      70.045317 [THz] =    2336.460295 [cm-1]
     freq (   56) =      70.129021 [THz] =    2339.252331 [cm-1]
     freq (   57) =      70.154173 [THz] =    2340.091318 [cm-1]
     freq (   58) =      70.186751 [THz] =    2341.178022 [cm-1]
     freq (   59) =      70.480019 [THz] =    2350.960393 [cm-1]
     freq (   60) =      70.595435 [THz] =    2354.810245 [cm-1]
     freq (   61) =      70.840843 [THz] =    2362.996155 [cm-1]
     freq (   62) =      71.054647 [THz] =    2370.127901 [cm-1]
     freq (   63) =      71.181352 [THz] =    2374.354334 [cm-1]
     freq (   64) =      71.187323 [THz] =    2374.553510 [cm-1]
     freq (   65) =      71.209041 [THz] =    2375.277933 [cm-1]
     freq (   66) =      71.238605 [THz] =    2376.264091 [cm-1]
 **************************************************************************

     Mode symmetry, D_2  (222)  point group:

     freq (   1-   1) =        -18.3  [cm-1]   --> B_3             I+R
     freq (   2-   2) =        -10.8  [cm-1]   --> B_1             I+R
     freq (   3-   3) =          4.0  [cm-1]   --> B_2             I+R
     freq (   4-   4) =         62.4  [cm-1]   --> A               R  
     freq (   5-   5) =         62.7  [cm-1]   --> B_3             I+R
     freq (   6-   6) =         68.5  [cm-1]   --> B_2             I+R
     freq (   7-   7) =        130.5  [cm-1]   --> A               R  
     freq (   8-   8) =        147.9  [cm-1]   --> B_2             I+R
     freq (   9-   9) =        148.9  [cm-1]   --> B_3             I+R
     freq (  10-  10) =        186.6  [cm-1]   --> B_1             I+R
     freq (  11-  11) =        197.2  [cm-1]   --> B_2             I+R
     freq (  12-  12) =        203.4  [cm-1]   --> B_3             I+R
     freq (  13-  13) =        207.5  [cm-1]   --> B_1             I+R
     freq (  14-  14) =        215.3  [cm-1]   --> B_2             I+R
     freq (  15-  15) =        215.8  [cm-1]   --> A               R  
     freq (  16-  16) =        229.7  [cm-1]   --> A               R  
     freq (  17-  17) =        234.3  [cm-1]   --> B_3             I+R
     freq (  18-  18) =        256.0  [cm-1]   --> B_1             I+R
     freq (  19-  19) =        270.5  [cm-1]   --> B_1             I+R
     freq (  20-  20) =        274.1  [cm-1]   --> B_2             I+R
     freq (  21-  21) =        290.4  [cm-1]   --> B_3             I+R
     freq (  22-  22) =        291.7  [cm-1]   --> A               R  
     freq (  23-  23) =        296.9  [cm-1]   --> A               R  
     freq (  24-  24) =        307.7  [cm-1]   --> B_3             I+R
     freq (  25-  25) =        323.1  [cm-1]   --> B_2             I+R
     freq (  26-  26) =        324.0  [cm-1]   --> B_1             I+R
     freq (  27-  27) =        399.3  [cm-1]   --> B_1             I+R
     freq (  28-  28) =        409.9  [cm-1]   --> A               R  
     freq (  29-  29) =        410.8  [cm-1]   --> B_3             I+R
     freq (  30-  30) =        423.1  [cm-1]   --> B_2             I+R
     freq (  31-  31) =       1021.7  [cm-1]   --> B_1             I+R
     freq (  32-  32) =       1025.9  [cm-1]   --> A               R  
     freq (  33-  33) =       1027.7  [cm-1]   --> B_3             I+R
     freq (  34-  34) =       1032.1  [cm-1]   --> B_2             I+R
     freq (  35-  35) =       1060.2  [cm-1]   --> A               R  
     freq (  36-  36) =       1060.2  [cm-1]   --> B_2             I+R
     freq (  37-  37) =       1065.9  [cm-1]   --> B_3             I+R
     freq (  38-  38) =       1072.5  [cm-1]   --> B_3             I+R
     freq (  39-  39) =       1074.4  [cm-1]   --> A               R  
     freq (  40-  40) =       1074.5  [cm-1]   --> B_1             I+R
     freq (  41-  41) =       1075.3  [cm-1]   --> B_2             I+R
     freq (  42-  42) =       1079.9  [cm-1]   --> B_1             I+R
     freq (  43-  43) =       1194.3  [cm-1]   --> B_2             I+R
     freq (  44-  44) =       1194.7  [cm-1]   --> A               R  
     freq (  45-  45) =       1199.9  [cm-1]   --> B_3             I+R
     freq (  46-  46) =       1202.8  [cm-1]   --> B_1             I+R
     freq (  47-  47) =       1203.7  [cm-1]   --> B_3             I+R
     freq (  48-  48) =       1203.9  [cm-1]   --> B_2             I+R
     freq (  49-  49) =       1208.1  [cm-1]   --> B_1             I+R
     freq (  50-  50) =       1215.2  [cm-1]   --> A               R  
     freq (  51-  51) =       2277.6  [cm-1]   --> A               R  
     freq (  52-  52) =       2278.3  [cm-1]   --> B_1             I+R
     freq (  53-  53) =       2278.9  [cm-1]   --> B_3             I+R
     freq (  54-  54) =       2280.0  [cm-1]   --> B_2             I+R
     freq (  55-  55) =       2336.5  [cm-1]   --> A               R  
     freq (  56-  56) =       2339.3  [cm-1]   --> B_3             I+R
     freq (  57-  57) =       2340.1  [cm-1]   --> B_1             I+R
     freq (  58-  58) =       2341.2  [cm-1]   --> B_2             I+R
     freq (  59-  59) =       2351.0  [cm-1]   --> B_2             I+R
     freq (  60-  60) =       2354.8  [cm-1]   --> A               R  
     freq (  61-  61) =       2363.0  [cm-1]   --> B_3             I+R
     freq (  62-  62) =       2370.1  [cm-1]   --> B_1             I+R
     freq (  63-  63) =       2374.4  [cm-1]   --> B_2             I+R
     freq (  64-  64) =       2374.6  [cm-1]   --> B_3             I+R
     freq (  65-  65) =       2375.3  [cm-1]   --> B_1             I+R
     freq (  66-  66) =       2376.3  [cm-1]   --> A               R  

     Calculation of q =    0.0000000   0.0000000  -0.7576534

     Parallelization info
     --------------------
     sticks:   dense  smooth     PW     G-vecs:    dense   smooth      PW
     Min         465     233     63                24421     8638    1232
     Max         466     234     65                24424     8639    1234
     Sum       11181    5597   1529               586151   207331   29585

     Using Slab Decomposition



     bravais-lattice index     =            8
     lattice parameter (alat)  =      13.2392  a.u.
     unit-cell volume          =    1533.9930 (a.u.)^3
     number of atoms/cell      =           22
     number of atomic types    =            3
     number of electrons       =        48.00
     number of Kohn-Sham states=           24
     kinetic-energy cutoff     =     100.0000  Ry
     charge density cutoff     =     800.0000  Ry
     Exchange-correlation= PBESOL
                           (   1   4  10   8   0   0   0)

     celldm(1)=  13.239187  celldm(2)=   1.001705  celldm(3)=   0.659932
     celldm(4)=   0.000000  celldm(5)=   0.000000  celldm(6)=   0.000000

     crystal axes: (cart. coord. in units of alat)
               a(1) = (   1.000000   0.000000   0.000000 )  
               a(2) = (   0.000000   1.001705   0.000000 )  
               a(3) = (   0.000000   0.000000   0.659932 )  

     reciprocal axes: (cart. coord. in units 2 pi/alat)
               b(1) = (  1.000000  0.000000  0.000000 )  
               b(2) = (  0.000000  0.998297  0.000000 )  
               b(3) = (  0.000000  0.000000  1.515307 )  


     PseudoPot. # 1 for B  read from file:
     /home/mehlhorn/pseudos/b_pbesol_v1.4.uspp.F.UPF
     MD5 check sum: 369b69bef2c3aeed4453bd8b804fd6a8
     Pseudo is Ultrasoft + core correction, Zval =  3.0
     Generated by new atomic code, or converted to UPF format
     Using radial grid of  781 points,  4 beta functions with: 
                l(1) =   0
                l(2) =   0
                l(3) =   1
                l(4) =   1
     Q(r) pseudized with  8 coefficients,  rinner =    1.100   1.100   1.100


     PseudoPot. # 2 for Ba read from file:
     /home/mehlhorn/pseudos/Ba.nc.z_10.oncvpsp4.dojo.v4-sp.upf
     MD5 check sum: c10ed334bb677c0554edec7181ce9143
     Pseudo is Norm-conserving + core correction, Zval = 10.0
     Generated using ONCVPSP code by D. R. Hamann
     Using radial grid of 1938 points,  8 beta functions with: 
                l(1) =   0
                l(2) =   0
                l(3) =   1
                l(4) =   1
                l(5) =   2
                l(6) =   2
                l(7) =   3
                l(8) =   3

     PseudoPot. # 3 for H  read from file:
     /home/mehlhorn/pseudos/H_ONCV_PBEsol-1.0.upf
     MD5 check sum: 398ef8f67c0a7342c05c87c5e19ea467
     Pseudo is Norm-conserving, Zval =  1.0
     Generated using ONCVPSP code by D. R. Hamann
     Using radial grid of 1180 points,  2 beta functions with: 
                l(1) =   0
                l(2) =   0

     atomic species   valence    mass     pseudopotential
     B                 3.00    10.81100     B ( 1.00)
     Ba               10.00   137.32700     Ba( 1.00)
     H                 1.00     1.00794     H ( 1.00)

      4 Sym. Ops. (no inversion) found



   Cartesian axes

     site n.     atom                  positions (alat units)
         1        Ba     tau(   1) = (   0.5000000   0.5008527   0.3299706  )
         2        Ba     tau(   2) = (   0.0000000   0.0000000   0.6599279  )
         3        B      tau(   3) = (   0.6246453   0.2518284   0.0000043  )
         4        B      tau(   4) = (   0.3753547   0.7498771   0.0000043  )
         5        B      tau(   5) = (   0.1246453   0.2490243   0.3299618  )
         6        B      tau(   6) = (   0.8753547   0.7526812   0.3299618  )
         7        H      tau(   7) = (   0.4521950   0.2869609  -0.0000113  )
         8        H      tau(   8) = (   0.5478050   0.7147446  -0.0000113  )
         9        H      tau(   9) = (   0.9521950   0.2138918   0.3299775  )
        10        H      tau(  10) = (   0.0478050   0.7878137   0.3299775  )
        11        H      tau(  11) = (   0.7167338   0.4026431   0.0000043  )
        12        H      tau(  12) = (   0.2832662   0.5990624   0.0000043  )
        13        H      tau(  13) = (   0.2167338   0.0982097   0.3299619  )
        14        H      tau(  14) = (   0.7832662   0.9034958   0.3299619  )
        15        H      tau(  15) = (   0.6614431   0.1603257   0.5146572  )
        16        H      tau(  16) = (   0.3385569   0.8413797   0.5146572  )
        17        H      tau(  17) = (   0.1614431   0.3405270   0.4752413  )
        18        H      tau(  18) = (   0.8385569   0.6611785   0.4752413  )
        19        H      tau(  19) = (   0.3385645   0.8413788   0.1452874  )
        20        H      tau(  20) = (   0.6614355   0.1603267   0.1452874  )
        21        H      tau(  21) = (   0.8385645   0.6611795   0.1846788  )
        22        H      tau(  22) = (   0.1614355   0.3405260   0.1846788  )

     number of k points=    54
                       cart. coord. in units 2pi/alat
        k(    1) = (   0.0000000   0.0000000   0.0000000), wk =   0.0160000
        k(    2) = (   0.0000000   0.0000000  -0.7576534), wk =   0.0000000
        k(    3) = (   0.0000000   0.0000000   0.3030614), wk =   0.0320000
        k(    4) = (   0.0000000   0.0000000  -0.4545921), wk =   0.0000000
        k(    5) = (   0.0000000   0.0000000   0.6061227), wk =   0.0320000
        k(    6) = (   0.0000000   0.0000000  -0.1515307), wk =   0.0000000
        k(    7) = (   0.0000000   0.1996595   0.0000000), wk =   0.0320000
        k(    8) = (   0.0000000   0.1996595  -0.7576534), wk =   0.0000000
        k(    9) = (   0.0000000   0.1996595   0.3030614), wk =   0.0640000
        k(   10) = (   0.0000000   0.1996595  -0.4545921), wk =   0.0000000
        k(   11) = (   0.0000000   0.1996595   0.6061227), wk =   0.0640000
        k(   12) = (   0.0000000   0.1996595  -0.1515307), wk =   0.0000000
        k(   13) = (   0.0000000   0.3993190   0.0000000), wk =   0.0320000
        k(   14) = (   0.0000000   0.3993190  -0.7576534), wk =   0.0000000
        k(   15) = (   0.0000000   0.3993190   0.3030614), wk =   0.0640000
        k(   16) = (   0.0000000   0.3993190  -0.4545921), wk =   0.0000000
        k(   17) = (   0.0000000   0.3993190   0.6061227), wk =   0.0640000
        k(   18) = (   0.0000000   0.3993190  -0.1515307), wk =   0.0000000
        k(   19) = (   0.2000000   0.0000000   0.0000000), wk =   0.0320000
        k(   20) = (   0.2000000   0.0000000  -0.7576534), wk =   0.0000000
        k(   21) = (   0.2000000   0.0000000   0.3030614), wk =   0.0640000
        k(   22) = (   0.2000000   0.0000000  -0.4545921), wk =   0.0000000
        k(   23) = (   0.2000000   0.0000000   0.6061227), wk =   0.0640000
        k(   24) = (   0.2000000   0.0000000  -0.1515307), wk =   0.0000000
        k(   25) = (   0.2000000   0.1996595   0.0000000), wk =   0.0640000
        k(   26) = (   0.2000000   0.1996595  -0.7576534), wk =   0.0000000
        k(   27) = (   0.2000000   0.1996595   0.3030614), wk =   0.1280000
        k(   28) = (   0.2000000   0.1996595  -0.4545921), wk =   0.0000000
        k(   29) = (   0.2000000   0.1996595   0.6061227), wk =   0.1280000
        k(   30) = (   0.2000000   0.1996595  -0.1515307), wk =   0.0000000
        k(   31) = (   0.2000000   0.3993190   0.0000000), wk =   0.0640000
        k(   32) = (   0.2000000   0.3993190  -0.7576534), wk =   0.0000000
        k(   33) = (   0.2000000   0.3993190   0.3030614), wk =   0.1280000
        k(   34) = (   0.2000000   0.3993190  -0.4545921), wk =   0.0000000
        k(   35) = (   0.2000000   0.3993190   0.6061227), wk =   0.1280000
        k(   36) = (   0.2000000   0.3993190  -0.1515307), wk =   0.0000000
        k(   37) = (   0.4000000   0.0000000   0.0000000), wk =   0.0320000
        k(   38) = (   0.4000000   0.0000000  -0.7576534), wk =   0.0000000
        k(   39) = (   0.4000000   0.0000000   0.3030614), wk =   0.0640000
        k(   40) = (   0.4000000   0.0000000  -0.4545921), wk =   0.0000000
        k(   41) = (   0.4000000   0.0000000   0.6061227), wk =   0.0640000
        k(   42) = (   0.4000000   0.0000000  -0.1515307), wk =   0.0000000
        k(   43) = (   0.4000000   0.1996595   0.0000000), wk =   0.0640000
        k(   44) = (   0.4000000   0.1996595  -0.7576534), wk =   0.0000000
        k(   45) = (   0.4000000   0.1996595   0.3030614), wk =   0.1280000
        k(   46) = (   0.4000000   0.1996595  -0.4545921), wk =   0.0000000
        k(   47) = (   0.4000000   0.1996595   0.6061227), wk =   0.1280000
        k(   48) = (   0.4000000   0.1996595  -0.1515307), wk =   0.0000000
        k(   49) = (   0.4000000   0.3993190   0.0000000), wk =   0.0640000
        k(   50) = (   0.4000000   0.3993190  -0.7576534), wk =   0.0000000
        k(   51) = (   0.4000000   0.3993190   0.3030614), wk =   0.1280000
        k(   52) = (   0.4000000   0.3993190  -0.4545921), wk =   0.0000000
        k(   53) = (   0.4000000   0.3993190   0.6061227), wk =   0.1280000
        k(   54) = (   0.4000000   0.3993190  -0.1515307), wk =   0.0000000

     Dense  grid:   586151 G-vectors     FFT dimensions: ( 120, 120,  80)

     Smooth grid:   207331 G-vectors     FFT dimensions: (  90,  90,  60)

     Estimated max dynamical RAM per process >      53.00 MB

     Estimated total dynamical RAM >       1.24 GB

     The potential is recalculated from file :
     ./_ph0/pwscf.q_2/pwscf.save/charge-density

     Starting wfcs are   42 atomic wfcs

     Band Structure Calculation
     Davidson diagonalization with overlap

     ethr =  2.08E-11,  avg # of iterations = 22.0

     total cpu time spent up to now is      221.3 secs

     End of band structure calculation

          k = 0.0000 0.0000 0.0000 ( 25815 PWs)   bands (ev):

   -24.4249 -24.4186  -9.9198  -9.8642  -9.6796  -9.6448  -9.5942  -9.5441
    -6.3460  -5.4881  -4.9234  -4.8369  -2.0560  -1.1217  -1.0984  -0.7617
    -0.6275  -0.4988  -0.4076  -0.3035  -0.0395   0.2368   0.2605   0.2847

          k = 0.0000 0.0000-0.7577 ( 25892 PWs)   bands (ev):

   -24.4084 -24.4084 -10.0703 -10.0703  -9.6929  -9.6928  -9.6713  -9.6713
    -5.2623  -5.2623  -5.1627  -5.1627  -1.5791  -1.5790  -1.4162  -1.4161
    -0.3889  -0.3888  -0.3846  -0.3845   0.0153   0.0153   0.1161   0.1163

          k = 0.0000 0.0000 0.3031 ( 25898 PWs)   bands (ev):

   -24.4197 -24.4146  -9.8596  -9.8156  -9.7745  -9.7478  -9.6658  -9.6400
    -6.0078  -5.2862  -5.0427  -4.9756  -1.7709  -1.4373  -1.0973  -0.9637
    -0.6766  -0.6018  -0.3393  -0.1988   0.0078   0.1142   0.1356   0.2476

          k = 0.0000 0.0000-0.4546 ( 25910 PWs)   bands (ev):

   -24.4149 -24.4112  -9.9211  -9.9077  -9.7987  -9.7668  -9.6579  -9.6403
    -5.6917  -5.1505  -5.1410  -5.1042  -1.5701  -1.5590  -1.3106  -0.9027
    -0.8090  -0.7291  -0.3269  -0.0646   0.0047   0.0069   0.1404   0.1912

          k = 0.0000 0.0000 0.6061 ( 25892 PWs)   bands (ev):

   -24.4107 -24.4087 -10.0311 -10.0261  -9.7370  -9.7175  -9.6616  -9.6501
    -5.3850  -5.2363  -5.2131  -5.0804  -1.6158  -1.4894  -1.4731  -1.2090
    -0.6117  -0.5977  -0.2870  -0.1743  -0.0234   0.0282   0.1104   0.1599

          k = 0.0000 0.0000-0.1515 ( 25876 PWs)   bands (ev):

   -24.4235 -24.4175  -9.9037  -9.8512  -9.6755  -9.6461  -9.6431  -9.6037
    -6.2522  -5.4289  -4.9562  -4.8747  -1.9771  -1.2440  -1.0639  -0.8388
    -0.7201  -0.3954  -0.3808  -0.2057  -0.1414   0.2124   0.2149   0.2760

          k = 0.0000 0.1997 0.0000 ( 25878 PWs)   bands (ev):

   -24.4243 -24.4192  -9.9037  -9.8478  -9.7050  -9.6649  -9.5894  -9.5488
    -6.2379  -5.4647  -5.0601  -4.8935  -1.8697  -1.2649  -1.1609  -0.5716
    -0.5165  -0.4683  -0.4504  -0.2283  -0.0394   0.0497   0.2051   0.2344

          k = 0.0000 0.1997-0.7577 ( 25900 PWs)   bands (ev):

   -24.4084 -24.4084 -10.0766 -10.0766  -9.6838  -9.6838  -9.6713  -9.6713
    -5.4357  -5.4357  -4.9827  -4.9827  -1.6824  -1.6824  -1.2930  -1.2930
    -0.3681  -0.3679  -0.3315  -0.3314   0.0021   0.0022   0.0382   0.0383

          k = 0.0000 0.1997 0.3031 ( 25891 PWs)   bands (ev):

   -24.4192 -24.4151  -9.8577  -9.8018  -9.7685  -9.7616  -9.6661  -9.6533
    -5.9271  -5.2603  -5.1524  -5.0092  -1.6449  -1.4620  -1.2449  -0.7441
    -0.6153  -0.5599  -0.4961  -0.1302  -0.0012   0.1098   0.1169   0.1449

          k = 0.0000 0.1997-0.4546 ( 25908 PWs)   bands (ev):

   -24.4145 -24.4115  -9.9325  -9.9184  -9.7747  -9.7542  -9.6626  -9.6503
    -5.6622  -5.2930  -5.0931  -5.0531  -1.5845  -1.4962  -1.3951  -0.8820
    -0.7329  -0.5515  -0.3856  -0.0874  -0.0262  -0.0136   0.1122   0.1514

          k = 0.0000 0.1997 0.6061 ( 25907 PWs)   bands (ev):

   -24.4105 -24.4089 -10.0380 -10.0334  -9.7221  -9.7090  -9.6620  -9.6550
    -5.4875  -5.3818  -5.0828  -4.9576  -1.6619  -1.6067  -1.3669  -1.1400
    -0.5674  -0.4476  -0.3020  -0.1734  -0.0551  -0.0423   0.0864   0.1095

          k = 0.0000 0.1997-0.1515 ( 25860 PWs)   bands (ev):

   -24.4229 -24.4181  -9.8894  -9.8352  -9.7054  -9.6666  -9.6360  -9.6015
    -6.1504  -5.4014  -5.0889  -4.9262  -1.8062  -1.3265  -1.1726  -0.6367
    -0.6168  -0.4360  -0.4332  -0.1393  -0.1189   0.0921   0.1783   0.2069

          k = 0.0000 0.3993 0.0000 ( 25920 PWs)   bands (ev):

   -24.4227 -24.4208  -9.8595  -9.8204  -9.7480  -9.7144  -9.5768  -9.5613
    -5.9494  -5.5928  -5.1682  -5.0340  -1.5661  -1.4294  -1.0192  -0.5398
    -0.5270  -0.4989  -0.2605  -0.1841  -0.1291  -0.0619   0.0741   0.1396

          k = 0.0000 0.3993-0.7577 ( 25900 PWs)   bands (ev):

   -24.4084 -24.4084 -10.0863 -10.0863  -9.6714  -9.6714  -9.6696  -9.6696
    -5.5658  -5.5658  -4.8417  -4.8417  -1.7936  -1.7936  -1.0969  -1.0969
    -0.3397  -0.3397  -0.2975  -0.2973  -0.1874  -0.1872   0.0882   0.0882

          k = 0.0000 0.3993 0.3031 ( 25924 PWs)   bands (ev):

   -24.4179 -24.4164  -9.8428  -9.8095  -9.7673  -9.7445  -9.6785  -9.6753
    -5.7084  -5.4169  -5.1873  -5.0925  -1.4929  -1.4922  -1.1731  -0.8184
    -0.5442  -0.4910  -0.3774  -0.1493  -0.0905  -0.0730   0.1282   0.1315

          k = 0.0000 0.3993-0.4546 ( 25914 PWs)   bands (ev):

   -24.4136 -24.4125  -9.9435  -9.9368  -9.7330  -9.7276  -9.6778  -9.6743
    -5.5782  -5.4492  -5.0625  -5.0346  -1.5982  -1.5596  -1.2244  -0.9672
    -0.5748  -0.4588  -0.2442  -0.1600  -0.1167  -0.0417   0.0572   0.0588

          k = 0.0000 0.3993 0.6061 ( 25896 PWs)   bands (ev):

   -24.4100 -24.4094 -10.0475 -10.0455  -9.6935  -9.6910  -9.6681  -9.6677
    -5.5629  -5.5253  -4.9330  -4.8804  -1.7295  -1.7210  -1.1679  -1.0506
    -0.4632  -0.3700  -0.2775  -0.2362  -0.1319  -0.0609  -0.0171   0.0883

          k = 0.0000 0.3993-0.1515 ( 25916 PWs)   bands (ev):

   -24.4214 -24.4196  -9.8487  -9.8083  -9.7504  -9.7142  -9.6220  -9.6076
    -5.8768  -5.5280  -5.1871  -5.0548  -1.5379  -1.4405  -1.0687  -0.6745
    -0.5025  -0.4517  -0.3210  -0.1879  -0.1252  -0.0987   0.1248   0.1593

          k = 0.2000 0.0000 0.0000 ( 25878 PWs)   bands (ev):

   -24.4243 -24.4192  -9.8996  -9.8511  -9.7015  -9.6709  -9.5894  -9.5489
    -6.2440  -5.5161  -4.9461  -4.9211  -1.9277  -1.0591  -1.0003  -0.9567
    -0.4670  -0.4302  -0.4054  -0.3093  -0.0842   0.0002   0.2206   0.2424

          k = 0.2000 0.0000-0.7577 ( 25872 PWs)   bands (ev):

   -24.4084 -24.4084 -10.0782 -10.0782  -9.6873  -9.6873  -9.6682  -9.6682
    -5.3497  -5.3497  -5.0623  -5.0623  -1.8387  -1.8386  -1.1582  -1.1582
    -0.3830  -0.3830  -0.2855  -0.2854  -0.0604  -0.0603   0.1119   0.1120

          k = 0.2000 0.0000 0.3031 ( 25877 PWs)   bands (ev):

   -24.4192 -24.4151  -9.8439  -9.8258  -9.7647  -9.7553  -9.6779  -9.6440
    -5.9220  -5.2948  -5.0606  -5.0529  -1.6842  -1.4247  -1.1946  -0.8324
    -0.6638  -0.5542  -0.4003  -0.1577  -0.1380   0.1011   0.1714   0.2058

          k = 0.2000 0.0000-0.4546 ( 25910 PWs)   bands (ev):

   -24.4145 -24.4115  -9.9328  -9.9202  -9.7829  -9.7464  -9.6683  -9.6453
    -5.6315  -5.1841  -5.1553  -5.1172  -1.6928  -1.4392  -1.4243  -0.8546
    -0.7059  -0.5925  -0.3316  -0.1523  -0.0360   0.0257   0.1283   0.1810

          k = 0.2000 0.0000 0.6061 ( 25910 PWs)   bands (ev):

   -24.4105 -24.4089 -10.0395 -10.0350  -9.7271  -9.7041  -9.6668  -9.6507
    -5.4079  -5.2887  -5.1754  -5.0253  -1.8331  -1.6865  -1.2778  -1.0228
    -0.5629  -0.4405  -0.2723  -0.2241  -0.0444   0.0201   0.0473   0.1592

          k = 0.2000 0.0000-0.1515 ( 25870 PWs)   bands (ev):

   -24.4229 -24.4181  -9.8844  -9.8401  -9.6994  -9.6764  -9.6371  -9.5987
    -6.1543  -5.4520  -4.9779  -4.9570  -1.8584  -1.1949  -1.0370  -0.9247
    -0.5745  -0.4219  -0.3154  -0.2521  -0.2261   0.0696   0.2072   0.2381

          k = 0.2000 0.1997 0.0000 ( 25883 PWs)   bands (ev):

   -24.4238 -24.4197  -9.9090  -9.8226  -9.7443  -9.6541  -9.5855  -9.5526
    -6.1587  -5.5118  -5.0809  -4.9214  -1.7734  -1.2510  -1.0713  -0.6966
    -0.5244  -0.4617  -0.2811  -0.2213  -0.1338  -0.0547   0.1321   0.2152

          k = 0.2000 0.1997-0.7577 ( 25908 PWs)   bands (ev):

   -24.4084 -24.4084 -10.0859 -10.0718  -9.6949  -9.6775  -9.6693  -9.6667
    -5.4962  -5.3298  -5.0800  -4.9078  -1.8947  -1.7517  -1.2666  -1.0813
    -0.4319  -0.4063  -0.2088  -0.1861  -0.0929  -0.0377   0.0400   0.1126

          k = 0.2000 0.1997 0.3031 ( 25901 PWs)   bands (ev):

   -24.4188 -24.4155  -9.8528  -9.8092  -9.7856  -9.7426  -9.6793  -9.6457
    -5.8544  -5.2744  -5.1857  -5.0420  -1.5935  -1.4408  -1.2710  -0.7308
    -0.6557  -0.5312  -0.3995  -0.1699  -0.1061   0.0618   0.1290   0.1889

          k = 0.2000 0.1997-0.4546 ( 25912 PWs)   bands (ev):

   -24.4142 -24.4118  -9.9382  -9.9174  -9.7921  -9.7245  -9.6801  -9.6447
    -5.6032  -5.2742  -5.1463  -5.0736  -1.6809  -1.5016  -1.3605  -0.8819
    -0.6375  -0.5115  -0.3438  -0.1334  -0.1093   0.0144   0.0984   0.1955

          k = 0.2000 0.1997 0.6061 ( 25915 PWs)   bands (ev):

   -24.4103 -24.4090 -10.0458 -10.0304  -9.7334  -9.6882  -9.6713  -9.6535
    -5.4921  -5.3089  -5.1484  -4.9433  -1.8297  -1.6853  -1.2597  -1.0660
    -0.5136  -0.3864  -0.2833  -0.1688  -0.1173  -0.0014   0.0424   0.1596

          k = 0.2000 0.1997-0.1515 ( 25880 PWs)   bands (ev):

   -24.4225 -24.4185  -9.8937  -9.8112  -9.7466  -9.6524  -9.6339  -9.6038
    -6.0729  -5.4433  -5.1104  -4.9547  -1.7176  -1.2938  -1.1405  -0.7452
    -0.5262  -0.4485  -0.3641  -0.1976  -0.1540   0.0199   0.1244   0.2083

          k = 0.2000 0.3993 0.0000 ( 25889 PWs)   bands (ev):

   -24.4225 -24.4210  -9.8952  -9.8484  -9.7246  -9.6730  -9.5752  -9.5626
    -5.9290  -5.6449  -5.1400  -5.0266  -1.5106  -1.3938  -0.9976  -0.5678
    -0.5675  -0.5415  -0.3525  -0.1043  -0.1020  -0.0426   0.0281   0.1162

          k = 0.2000 0.3993-0.7577 ( 25932 PWs)   bands (ev):

   -24.4084 -24.4084 -10.0846 -10.0760  -9.6862  -9.6743  -9.6716  -9.6712
    -5.5485  -5.4804  -4.9198  -4.8483  -1.8731  -1.7739  -1.2444  -1.0966
    -0.4005  -0.3379  -0.3089  -0.1479  -0.0866  -0.0563   0.0596   0.0977

          k = 0.2000 0.3993 0.3031 ( 25902 PWs)   bands (ev):

   -24.4178 -24.4165  -9.8505  -9.8261  -9.7729  -9.7422  -9.6738  -9.6551
    -5.6710  -5.4271  -5.1927  -5.1062  -1.5052  -1.4646  -1.1853  -0.8926
    -0.5260  -0.4404  -0.3706  -0.1757  -0.0838  -0.0145   0.0950   0.1293

          k = 0.2000 0.3993-0.4546 ( 25912 PWs)   bands (ev):

   -24.4135 -24.4126  -9.9380  -9.9269  -9.7742  -9.7356  -9.6721  -9.6522
    -5.5242  -5.4075  -5.1089  -5.0717  -1.6499  -1.5932  -1.1894  -0.9914
    -0.5841  -0.4599  -0.2414  -0.1427  -0.0875  -0.0344   0.0719   0.1184

          k = 0.2000 0.3993 0.6061 ( 25926 PWs)   bands (ev):

   -24.4099 -24.4094 -10.0447 -10.0355  -9.7222  -9.6964  -9.6657  -9.6572
    -5.5269  -5.4569  -4.9908  -4.9106  -1.8007  -1.7282  -1.1936  -1.1049
    -0.4883  -0.3829  -0.2401  -0.1304  -0.0953  -0.0224   0.0113   0.1126

          k = 0.2000 0.3993-0.1515 ( 25882 PWs)   bands (ev):

   -24.4212 -24.4197  -9.8813  -9.8370  -9.7266  -9.6738  -9.6215  -9.6109
    -5.8529  -5.5749  -5.1624  -5.0515  -1.4867  -1.4029  -1.0894  -0.7647
    -0.5238  -0.4250  -0.3001  -0.1706  -0.1393  -0.0617   0.0841   0.1330

          k = 0.4000 0.0000 0.0000 ( 25912 PWs)   bands (ev):

   -24.4227 -24.4208  -9.8482  -9.8204  -9.7492  -9.7289  -9.5768  -9.5613
    -5.9811  -5.6803  -5.0163  -4.9970  -1.6349  -1.3106  -0.8423  -0.6010
    -0.4869  -0.4069  -0.3989  -0.2940  -0.2450  -0.1929   0.0343   0.1273

          k = 0.4000 0.0000-0.7577 ( 25908 PWs)   bands (ev):

   -24.4084 -24.4084 -10.0905 -10.0905  -9.6816  -9.6816  -9.6606  -9.6606
    -5.4215  -5.4215  -4.9683  -4.9683  -2.0470  -2.0470  -0.9024  -0.9024
    -0.3776  -0.3776  -0.3053  -0.3053  -0.0276  -0.0275   0.0878   0.0878

          k = 0.4000 0.0000 0.3031 ( 25937 PWs)   bands (ev):

   -24.4179 -24.4164  -9.8254  -9.8105  -9.7905  -9.7545  -9.6835  -9.6602
    -5.6969  -5.4275  -5.1314  -5.1027  -1.5368  -1.3794  -1.2290  -0.8636
    -0.5851  -0.4423  -0.4380  -0.3326  -0.0806   0.0266   0.1459   0.1567

          k = 0.4000 0.0000-0.4546 ( 25911 PWs)   bands (ev):

   -24.4136 -24.4124  -9.9458  -9.9401  -9.7479  -9.7196  -9.6851  -9.6629
    -5.4789  -5.3053  -5.1596  -5.1462  -1.7428  -1.6399  -1.1839  -0.9184
    -0.5527  -0.3650  -0.3303  -0.3247  -0.0322   0.0222   0.0811   0.1526

          k = 0.4000 0.0000 0.6061 ( 25894 PWs)   bands (ev):

   -24.4100 -24.4094 -10.0514 -10.0495  -9.7052  -9.6848  -9.6749  -9.6574
    -5.4179  -5.3776  -5.0692  -5.0038  -1.9761  -1.9148  -1.0290  -0.8794
    -0.4695  -0.3563  -0.3196  -0.2003  -0.1114   0.0274   0.0713   0.0999

          k = 0.4000 0.0000-0.1515 ( 25913 PWs)   bands (ev):

   -24.4214 -24.4196  -9.8346  -9.8106  -9.7499  -9.7358  -9.6206  -9.6048
    -5.9004  -5.6075  -5.0489  -5.0273  -1.5914  -1.3070  -0.9911  -0.6199
    -0.6036  -0.4523  -0.4249  -0.3320  -0.2125  -0.0379   0.0871   0.1495

          k = 0.4000 0.1997 0.0000 ( 25891 PWs)   bands (ev):

   -24.4225 -24.4210  -9.8927  -9.8457  -9.7289  -9.6766  -9.5752  -9.5627
    -5.9501  -5.6934  -5.0634  -4.9907  -1.5527  -1.3331  -0.8593  -0.6274
    -0.5157  -0.4831  -0.4575  -0.2506  -0.1746  -0.1046   0.0241   0.1456

          k = 0.4000 0.1997-0.7577 ( 25938 PWs)   bands (ev):

   -24.4084 -24.4084 -10.0872 -10.0787  -9.6904  -9.6809  -9.6680  -9.6653
    -5.4639  -5.3655  -5.0239  -4.9218  -2.0227  -1.9718  -1.0542  -1.0013
    -0.4214  -0.3687  -0.2485  -0.2347  -0.0286   0.0095   0.0767   0.1673

          k = 0.4000 0.1997 0.3031 ( 25906 PWs)   bands (ev):

   -24.4178 -24.4165  -9.8452  -9.8243  -9.7831  -9.7489  -9.6722  -9.6512
    -5.6644  -5.4324  -5.1658  -5.1054  -1.5166  -1.3970  -1.2448  -0.9283
    -0.5306  -0.4273  -0.3688  -0.2696  -0.0926   0.0071   0.1103   0.1505

          k = 0.4000 0.1997-0.4546 ( 25909 PWs)   bands (ev):

   -24.4135 -24.4126  -9.9397  -9.9289  -9.7767  -9.7374  -9.6709  -9.6504
    -5.4541  -5.2853  -5.2120  -5.1395  -1.7288  -1.6481  -1.1775  -0.9712
    -0.4900  -0.4445  -0.3386  -0.2302  -0.0522   0.0577   0.0694   0.1664

          k = 0.4000 0.1997 0.6061 ( 25937 PWs)   bands (ev):

   -24.4099 -24.4094 -10.0472 -10.0381  -9.7241  -9.6983  -9.6647  -9.6554
    -5.4400  -5.3329  -5.1052  -4.9866  -1.9391  -1.8793  -1.0777  -1.0087
    -0.4584  -0.3509  -0.3061  -0.2053  -0.0513   0.0123   0.0864   0.1658

          k = 0.4000 0.1997-0.1515 ( 25893 PWs)   bands (ev):

   -24.4212 -24.4197  -9.8786  -9.8342  -9.7325  -9.6800  -9.6203  -9.6086
    -5.8690  -5.6186  -5.0928  -5.0226  -1.5181  -1.3221  -1.0526  -0.7609
    -0.5715  -0.3876  -0.3336  -0.2739  -0.1871  -0.0989   0.0736   0.1549

          k = 0.4000 0.3993 0.0000 ( 25911 PWs)   bands (ev):

   -24.4220 -24.4214  -9.9194  -9.9012  -9.6705  -9.6484  -9.5711  -9.5663
    -5.8640  -5.7577  -5.0790  -5.0332  -1.3996  -1.3452  -0.9239  -0.7472
    -0.5930  -0.5794  -0.3508  -0.1745  -0.0539  -0.0275   0.0181   0.0864

          k = 0.4000 0.3993-0.7577 ( 25940 PWs)   bands (ev):

   -24.4084 -24.4084 -10.0731 -10.0674  -9.6988  -9.6896  -9.6758  -9.6746
    -5.4463  -5.3867  -4.9981  -4.9362  -1.9082  -1.8543  -1.3054  -1.2396
    -0.3378  -0.2824  -0.2093  -0.1343  -0.0458  -0.0177   0.1475   0.1572

          k = 0.4000 0.3993 0.3031 ( 25901 PWs)   bands (ev):

   -24.4174 -24.4169  -9.8610  -9.8524  -9.7661  -9.7522  -9.6512  -9.6423
    -5.5795  -5.4818  -5.1804  -5.1419  -1.4807  -1.4313  -1.2180  -1.0812
    -0.3947  -0.3695  -0.2876  -0.1807  -0.1014  -0.0166   0.0339   0.1018

          k = 0.4000 0.3993-0.4546 ( 25913 PWs)   bands (ev):

   -24.4132 -24.4128  -9.9225  -9.9132  -9.8011  -9.7795  -9.6496  -9.6425
    -5.3881  -5.3010  -5.2301  -5.1727  -1.6898  -1.6594  -1.1707  -1.0984
    -0.4759  -0.4254  -0.2349  -0.1443  -0.0669   0.0006   0.0963   0.1551

          k = 0.4000 0.3993 0.6061 ( 25924 PWs)   bands (ev):

   -24.4098 -24.4096 -10.0323 -10.0260  -9.7396  -9.7263  -9.6565  -9.6545
    -5.4176  -5.3541  -5.0772  -5.0094  -1.8452  -1.8072  -1.2357  -1.2083
    -0.4089  -0.3398  -0.1733  -0.1610  -0.0385  -0.0294   0.1340   0.1706

          k = 0.4000 0.3993-0.1515 ( 25885 PWs)   bands (ev):

   -24.4208 -24.4202  -9.9039  -9.8869  -9.6735  -9.6465  -9.6229  -9.6172
    -5.7831  -5.6791  -5.1077  -5.0633  -1.3759  -1.3101  -1.1456  -0.9850
    -0.4374  -0.3481  -0.3012  -0.1864  -0.1376  -0.0787   0.0231   0.0974

     highest occupied level (ev):     0.2847

     Writing config to output data dir ./_ph0/pwscf.q_2/pwscf.save/ :
     XML data file

                                                                                

     bravais-lattice index     =            8
     lattice parameter (alat)  =      13.2392  a.u.
     unit-cell volume          =    1533.9930 (a.u.)^3
     number of atoms/cell      =           22
     number of atomic types    =            3
     kinetic-energy cut-off    =     100.0000  Ry
     charge density cut-off    =     800.0000  Ry
     convergence threshold     =      1.0E-14
     beta                      =       0.7000
     number of iterations used =            4
     Exchange-correlation= PBESOL
                           (   1   4  10   8   0   0   0)


     celldm(1)=   13.23919  celldm(2)=    1.00171  celldm(3)=    0.65993
     celldm(4)=    0.00000  celldm(5)=    0.00000  celldm(6)=    0.00000

     crystal axes: (cart. coord. in units of alat)
               a(1) = (  1.0000  0.0000  0.0000 )  
               a(2) = (  0.0000  1.0017  0.0000 )  
               a(3) = (  0.0000  0.0000  0.6599 )  

     reciprocal axes: (cart. coord. in units 2 pi/alat)
               b(1) = (  1.0000  0.0000  0.0000 )  
               b(2) = (  0.0000  0.9983  0.0000 )  
               b(3) = (  0.0000  0.0000  1.5153 )  


     Atoms inside the unit cell: 

     Cartesian axes

     site n.  atom      mass           positions (alat units)
        1  Ba    137.3270   tau(    1) = (    0.50000    0.50085    0.32997  )
        2  Ba    137.3270   tau(    2) = (    0.00000    0.00000    0.65993  )
        3  B      10.8110   tau(    3) = (    0.62465    0.25183    0.00000  )
        4  B      10.8110   tau(    4) = (    0.37535    0.74988    0.00000  )
        5  B      10.8110   tau(    5) = (    0.12465    0.24902    0.32996  )
        6  B      10.8110   tau(    6) = (    0.87535    0.75268    0.32996  )
        7  H       1.0079   tau(    7) = (    0.45220    0.28696   -0.00001  )
        8  H       1.0079   tau(    8) = (    0.54780    0.71474   -0.00001  )
        9  H       1.0079   tau(    9) = (    0.95220    0.21389    0.32998  )
       10  H       1.0079   tau(   10) = (    0.04780    0.78781    0.32998  )
       11  H       1.0079   tau(   11) = (    0.71673    0.40264    0.00000  )
       12  H       1.0079   tau(   12) = (    0.28327    0.59906    0.00000  )
       13  H       1.0079   tau(   13) = (    0.21673    0.09821    0.32996  )
       14  H       1.0079   tau(   14) = (    0.78327    0.90350    0.32996  )
       15  H       1.0079   tau(   15) = (    0.66144    0.16033    0.51466  )
       16  H       1.0079   tau(   16) = (    0.33856    0.84138    0.51466  )
       17  H       1.0079   tau(   17) = (    0.16144    0.34053    0.47524  )
       18  H       1.0079   tau(   18) = (    0.83856    0.66118    0.47524  )
       19  H       1.0079   tau(   19) = (    0.33856    0.84138    0.14529  )
       20  H       1.0079   tau(   20) = (    0.66144    0.16033    0.14529  )
       21  H       1.0079   tau(   21) = (    0.83856    0.66118    0.18468  )
       22  H       1.0079   tau(   22) = (    0.16144    0.34053    0.18468  )

     Computing dynamical matrix for 
                    q = (   0.0000000   0.0000000  -0.7576534 )

      5 Sym.Ops. (with q -> -q+G )


     G cutoff = 3551.8357  (  24424 G-vectors)     FFT grid: (120,120, 80)
     G cutoff = 1775.9178  (   8639 G-vectors)  smooth grid: ( 90, 90, 60)
     number of k points=    54

     PseudoPot. # 1 for B  read from file:
     /home/mehlhorn/pseudos/b_pbesol_v1.4.uspp.F.UPF
     MD5 check sum: 369b69bef2c3aeed4453bd8b804fd6a8
     Pseudo is Ultrasoft + core correction, Zval =  3.0
     Generated by new atomic code, or converted to UPF format
     Using radial grid of  781 points,  4 beta functions with: 
                l(1) =   0
                l(2) =   0
                l(3) =   1
                l(4) =   1
     Q(r) pseudized with  8 coefficients,  rinner =    1.100   1.100   1.100


     PseudoPot. # 2 for Ba read from file:
     /home/mehlhorn/pseudos/Ba.nc.z_10.oncvpsp4.dojo.v4-sp.upf
     MD5 check sum: c10ed334bb677c0554edec7181ce9143
     Pseudo is Norm-conserving + core correction, Zval = 10.0
     Generated using ONCVPSP code by D. R. Hamann
     Using radial grid of 1938 points,  8 beta functions with: 
                l(1) =   0
                l(2) =   0
                l(3) =   1
                l(4) =   1
                l(5) =   2
                l(6) =   2
                l(7) =   3
                l(8) =   3

     PseudoPot. # 3 for H  read from file:
     /home/mehlhorn/pseudos/H_ONCV_PBEsol-1.0.upf
     MD5 check sum: 398ef8f67c0a7342c05c87c5e19ea467
     Pseudo is Norm-conserving, Zval =  1.0
     Generated using ONCVPSP code by D. R. Hamann
     Using radial grid of 1180 points,  2 beta functions with: 
                l(1) =   0
                l(2) =   0


     Atomic displacements:
     There are   66 irreducible representations

     Representation     1      1 modes -  To be done

     Representation     2      1 modes -  To be done

     Representation     3      1 modes -  To be done

     Representation     4      1 modes -  To be done

     Representation     5      1 modes -  To be done

     Representation     6      1 modes -  To be done

     Representation     7      1 modes -  To be done

     Representation     8      1 modes -  To be done

     Representation     9      1 modes -  To be done

     Representation    10      1 modes -  To be done

     Representation    11      1 modes -  To be done

     Representation    12      1 modes -  To be done

     Representation    13      1 modes -  To be done

     Representation    14      1 modes -  To be done

     Representation    15      1 modes -  To be done

     Representation    16      1 modes -  To be done

     Representation    17      1 modes -  To be done

     Representation    18      1 modes -  To be done

     Representation    19      1 modes -  To be done

     Representation    20      1 modes -  To be done

     Representation    21      1 modes -  To be done

     Representation    22      1 modes -  To be done

     Representation    23      1 modes -  To be done

     Representation    24      1 modes -  To be done

     Representation    25      1 modes -  To be done

     Representation    26      1 modes -  To be done

     Representation    27      1 modes -  To be done

     Representation    28      1 modes -  To be done

     Representation    29      1 modes -  To be done

     Representation    30      1 modes -  To be done

     Representation    31      1 modes -  To be done

     Representation    32      1 modes -  To be done

     Representation    33      1 modes -  To be done

     Representation    34      1 modes -  To be done

     Representation    35      1 modes -  To be done

     Representation    36      1 modes -  To be done

     Representation    37      1 modes -  To be done

     Representation    38      1 modes -  To be done

     Representation    39      1 modes -  To be done

     Representation    40      1 modes -  To be done

     Representation    41      1 modes -  To be done

     Representation    42      1 modes -  To be done

     Representation    43      1 modes -  To be done

     Representation    44      1 modes -  To be done

     Representation    45      1 modes -  To be done

     Representation    46      1 modes -  To be done

     Representation    47      1 modes -  To be done

     Representation    48      1 modes -  To be done

     Representation    49      1 modes -  To be done

     Representation    50      1 modes -  To be done

     Representation    51      1 modes -  To be done

     Representation    52      1 modes -  To be done

     Representation    53      1 modes -  To be done

     Representation    54      1 modes -  To be done

     Representation    55      1 modes -  To be done

     Representation    56      1 modes -  To be done

     Representation    57      1 modes -  To be done

     Representation    58      1 modes -  To be done

     Representation    59      1 modes -  To be done

     Representation    60      1 modes -  To be done

     Representation    61      1 modes -  To be done

     Representation    62      1 modes -  To be done

     Representation    63      1 modes -  To be done

     Representation    64      1 modes -  To be done

     Representation    65      1 modes -  To be done

     Representation    66      1 modes -  To be done


     Message from routine init_vloc:
     Interpolation table for Vloc re-allocated

     Alpha used in Ewald sum =   2.8000
     PHONON       :     11h23m CPU     11h30m WALL



     Representation #   1 mode #   1

     Self-consistent Calculation

      iter #   1 total cpu time : 41466.9 secs   av.it.:   3.0
      thresh= 1.000E-02 alpha_mix =  0.700 |ddv_scf|^2 =  1.113E-08

      iter #   2 total cpu time : 41563.6 secs   av.it.:  15.0
      thresh= 1.055E-05 alpha_mix =  0.700 |ddv_scf|^2 =  1.070E-08

      iter #   3 total cpu time : 41654.8 secs   av.it.:  14.0
      thresh= 1.034E-05 alpha_mix =  0.700 |ddv_scf|^2 =  2.073E-11

      iter #   4 total cpu time : 41751.3 secs   av.it.:  15.4
      thresh= 4.553E-07 alpha_mix =  0.700 |ddv_scf|^2 =  1.972E-12

      iter #   5 total cpu time : 41847.2 secs   av.it.:  15.1
      thresh= 1.404E-07 alpha_mix =  0.700 |ddv_scf|^2 =  2.924E-14

      iter #   6 total cpu time : 41947.4 secs   av.it.:  15.9
      thresh= 1.710E-08 alpha_mix =  0.700 |ddv_scf|^2 =  3.716E-15

     End of self-consistent calculation

     Convergence has been achieved 


     Representation #   2 mode #   2

     Self-consistent Calculation

      iter #   1 total cpu time : 42000.5 secs   av.it.:   4.9
      thresh= 1.000E-02 alpha_mix =  0.700 |ddv_scf|^2 =  1.412E-08

      iter #   2 total cpu time : 42100.1 secs   av.it.:  15.9
      thresh= 1.188E-05 alpha_mix =  0.700 |ddv_scf|^2 =  4.486E-09

      iter #   3 total cpu time : 42197.1 secs   av.it.:  15.0
      thresh= 6.698E-06 alpha_mix =  0.700 |ddv_scf|^2 =  2.723E-11

      iter #   4 total cpu time : 42296.5 secs   av.it.:  15.9
      thresh= 5.218E-07 alpha_mix =  0.700 |ddv_scf|^2 =  2.325E-12

      iter #   5 total cpu time : 42396.3 secs   av.it.:  15.9
      thresh= 1.525E-07 alpha_mix =  0.700 |ddv_scf|^2 =  4.101E-13

      iter #   6 total cpu time : 42494.3 secs   av.it.:  15.9
      thresh= 6.404E-08 alpha_mix =  0.700 |ddv_scf|^2 =  4.791E-15

     End of self-consistent calculation

     Convergence has been achieved 


     Representation #   3 mode #   3

     Self-consistent Calculation

      iter #   1 total cpu time : 42541.3 secs   av.it.:   3.2
      thresh= 1.000E-02 alpha_mix =  0.700 |ddv_scf|^2 =  2.857E-09

      iter #   2 total cpu time : 42642.1 secs   av.it.:  15.9
      thresh= 5.345E-06 alpha_mix =  0.700 |ddv_scf|^2 =  1.471E-09

      iter #   3 total cpu time : 42739.4 secs   av.it.:  15.0
      thresh= 3.836E-06 alpha_mix =  0.700 |ddv_scf|^2 =  2.740E-12

      iter #   4 total cpu time : 42840.8 secs   av.it.:  16.0
      thresh= 1.655E-07 alpha_mix =  0.700 |ddv_scf|^2 =  2.285E-13

      iter #   5 total cpu time : 42941.4 secs   av.it.:  16.0
      thresh= 4.780E-08 alpha_mix =  0.700 |ddv_scf|^2 =  1.252E-14

      iter #   6 total cpu time : 43041.1 secs   av.it.:  15.9
      thresh= 1.119E-08 alpha_mix =  0.700 |ddv_scf|^2 =  1.099E-15

     End of self-consistent calculation

     Convergence has been achieved 


     Representation #   4 mode #   4

     Self-consistent Calculation

      iter #   1 total cpu time : 43089.0 secs   av.it.:   3.5
      thresh= 1.000E-02 alpha_mix =  0.700 |ddv_scf|^2 =  3.708E-09

      iter #   2 total cpu time : 43189.1 secs   av.it.:  16.0
      thresh= 6.089E-06 alpha_mix =  0.700 |ddv_scf|^2 =  1.990E-09

      iter #   3 total cpu time : 43285.6 secs   av.it.:  15.0
      thresh= 4.461E-06 alpha_mix =  0.700 |ddv_scf|^2 =  2.843E-12

      iter #   4 total cpu time : 43385.2 secs   av.it.:  16.0
      thresh= 1.686E-07 alpha_mix =  0.700 |ddv_scf|^2 =  3.150E-13

      iter #   5 total cpu time : 43482.1 secs   av.it.:  15.9
      thresh= 5.613E-08 alpha_mix =  0.700 |ddv_scf|^2 =  1.798E-14

      iter #   6 total cpu time : 43576.2 secs   av.it.:  15.9
      thresh= 1.341E-08 alpha_mix =  0.700 |ddv_scf|^2 =  1.654E-15

     End of self-consistent calculation

     Convergence has been achieved 


     Representation #   5 mode #   5

     Self-consistent Calculation

      iter #   1 total cpu time : 43628.3 secs   av.it.:   5.0
      thresh= 1.000E-02 alpha_mix =  0.700 |ddv_scf|^2 =  7.526E-08

      iter #   2 total cpu time : 43717.8 secs   av.it.:  15.0
      thresh= 2.743E-05 alpha_mix =  0.700 |ddv_scf|^2 =  8.220E-08

      iter #   3 total cpu time : 43802.7 secs   av.it.:  14.0
      thresh= 2.867E-05 alpha_mix =  0.700 |ddv_scf|^2 =  8.481E-11

      iter #   4 total cpu time : 43896.3 secs   av.it.:  16.0
      thresh= 9.209E-07 alpha_mix =  0.700 |ddv_scf|^2 =  1.317E-11

      iter #   5 total cpu time : 43987.5 secs   av.it.:  15.4
      thresh= 3.629E-07 alpha_mix =  0.700 |ddv_scf|^2 =  9.135E-13

      iter #   6 total cpu time : 44079.0 secs   av.it.:  15.4
      thresh= 9.558E-08 alpha_mix =  0.700 |ddv_scf|^2 =  4.584E-14

      iter #   7 total cpu time : 44168.6 secs   av.it.:  15.0
      thresh= 2.141E-08 alpha_mix =  0.700 |ddv_scf|^2 =  3.543E-16

     End of self-consistent calculation

     Convergence has been achieved 


     Representation #   6 mode #   6

     Self-consistent Calculation

      iter #   1 total cpu time : 44213.2 secs   av.it.:   3.0
      thresh= 1.000E-02 alpha_mix =  0.700 |ddv_scf|^2 =  2.127E-09

      iter #   2 total cpu time : 44307.8 secs   av.it.:  16.0
      thresh= 4.611E-06 alpha_mix =  0.700 |ddv_scf|^2 =  9.535E-10

      iter #   3 total cpu time : 44398.7 secs   av.it.:  15.0
      thresh= 3.088E-06 alpha_mix =  0.700 |ddv_scf|^2 =  9.476E-12

      iter #   4 total cpu time : 44489.9 secs   av.it.:  15.2
      thresh= 3.078E-07 alpha_mix =  0.700 |ddv_scf|^2 =  2.800E-12

      iter #   5 total cpu time : 44577.9 secs   av.it.:  14.9
      thresh= 1.673E-07 alpha_mix =  0.700 |ddv_scf|^2 =  1.129E-13

      iter #   6 total cpu time : 44666.5 secs   av.it.:  15.0
      thresh= 3.360E-08 alpha_mix =  0.700 |ddv_scf|^2 =  5.373E-15

     End of self-consistent calculation

     Convergence has been achieved 


     Representation #   7 mode #   7

     Self-consistent Calculation

      iter #   1 total cpu time : 44713.0 secs   av.it.:   3.9
      thresh= 1.000E-02 alpha_mix =  0.700 |ddv_scf|^2 =  1.588E-08

      iter #   2 total cpu time : 44807.8 secs   av.it.:  15.0
      thresh= 1.260E-05 alpha_mix =  0.700 |ddv_scf|^2 =  1.467E-08

      iter #   3 total cpu time : 44898.3 secs   av.it.:  14.3
      thresh= 1.211E-05 alpha_mix =  0.700 |ddv_scf|^2 =  3.534E-11

      iter #   4 total cpu time : 44993.9 secs   av.it.:  15.3
      thresh= 5.945E-07 alpha_mix =  0.700 |ddv_scf|^2 =  1.275E-12

      iter #   5 total cpu time : 45091.5 secs   av.it.:  15.9
      thresh= 1.129E-07 alpha_mix =  0.700 |ddv_scf|^2 =  2.304E-13

      iter #   6 total cpu time : 45184.9 secs   av.it.:  15.0
      thresh= 4.800E-08 alpha_mix =  0.700 |ddv_scf|^2 =  9.684E-15

     End of self-consistent calculation

     Convergence has been achieved 


     Representation #   8 mode #   8

     Self-consistent Calculation

      iter #   1 total cpu time : 45230.2 secs   av.it.:   3.1
      thresh= 1.000E-02 alpha_mix =  0.700 |ddv_scf|^2 =  1.536E-09

      iter #   2 total cpu time : 45325.1 secs   av.it.:  16.0
      thresh= 3.919E-06 alpha_mix =  0.700 |ddv_scf|^2 =  4.914E-10

      iter #   3 total cpu time : 45417.3 secs   av.it.:  15.7
      thresh= 2.217E-06 alpha_mix =  0.700 |ddv_scf|^2 =  6.334E-12

      iter #   4 total cpu time : 45510.5 secs   av.it.:  15.9
      thresh= 2.517E-07 alpha_mix =  0.700 |ddv_scf|^2 =  6.607E-13

      iter #   5 total cpu time : 45603.1 secs   av.it.:  15.8
      thresh= 8.129E-08 alpha_mix =  0.700 |ddv_scf|^2 =  1.967E-14

      iter #   6 total cpu time : 45696.3 secs   av.it.:  15.9
      thresh= 1.402E-08 alpha_mix =  0.700 |ddv_scf|^2 =  1.401E-15

     End of self-consistent calculation

     Convergence has been achieved 


     Representation #   9 mode #   9

     Self-consistent Calculation

      iter #   1 total cpu time : 45739.2 secs   av.it.:   3.0
      thresh= 1.000E-02 alpha_mix =  0.700 |ddv_scf|^2 =  8.809E-10

      iter #   2 total cpu time : 45832.2 secs   av.it.:  15.9
      thresh= 2.968E-06 alpha_mix =  0.700 |ddv_scf|^2 =  1.765E-10

      iter #   3 total cpu time : 45923.7 secs   av.it.:  15.5
      thresh= 1.328E-06 alpha_mix =  0.700 |ddv_scf|^2 =  5.299E-12

      iter #   4 total cpu time : 46020.9 secs   av.it.:  15.8
      thresh= 2.302E-07 alpha_mix =  0.700 |ddv_scf|^2 =  2.871E-13

      iter #   5 total cpu time : 46117.6 secs   av.it.:  15.9
      thresh= 5.358E-08 alpha_mix =  0.700 |ddv_scf|^2 =  1.555E-14

      iter #   6 total cpu time : 46215.0 secs   av.it.:  15.9
      thresh= 1.247E-08 alpha_mix =  0.700 |ddv_scf|^2 =  1.144E-15

     End of self-consistent calculation

     Convergence has been achieved 


     Representation #  10 mode #  10

     Self-consistent Calculation

      iter #   1 total cpu time : 46260.0 secs   av.it.:   3.0
      thresh= 1.000E-02 alpha_mix =  0.700 |ddv_scf|^2 =  8.529E-10

      iter #   2 total cpu time : 46358.2 secs   av.it.:  15.9
      thresh= 2.920E-06 alpha_mix =  0.700 |ddv_scf|^2 =  1.767E-10

      iter #   3 total cpu time : 46451.5 secs   av.it.:  15.9
      thresh= 1.329E-06 alpha_mix =  0.700 |ddv_scf|^2 =  1.310E-11

      iter #   4 total cpu time : 46547.6 secs   av.it.:  15.3
      thresh= 3.619E-07 alpha_mix =  0.700 |ddv_scf|^2 =  1.069E-12

      iter #   5 total cpu time : 46643.3 secs   av.it.:  15.0
      thresh= 1.034E-07 alpha_mix =  0.700 |ddv_scf|^2 =  9.327E-14

      iter #   6 total cpu time : 46738.5 secs   av.it.:  15.0
      thresh= 3.054E-08 alpha_mix =  0.700 |ddv_scf|^2 =  2.703E-15

     End of self-consistent calculation

     Convergence has been achieved 


     Representation #  11 mode #  11

     Self-consistent Calculation

      iter #   1 total cpu time : 46791.8 secs   av.it.:   5.0
      thresh= 1.000E-02 alpha_mix =  0.700 |ddv_scf|^2 =  7.995E-08

      iter #   2 total cpu time : 46885.9 secs   av.it.:  15.0
      thresh= 2.828E-05 alpha_mix =  0.700 |ddv_scf|^2 =  7.810E-08

      iter #   3 total cpu time : 46975.3 secs   av.it.:  14.0
      thresh= 2.795E-05 alpha_mix =  0.700 |ddv_scf|^2 =  2.237E-10

      iter #   4 total cpu time : 47067.5 secs   av.it.:  15.3
      thresh= 1.496E-06 alpha_mix =  0.700 |ddv_scf|^2 =  1.872E-11

      iter #   5 total cpu time : 47159.0 secs   av.it.:  15.0
      thresh= 4.327E-07 alpha_mix =  0.700 |ddv_scf|^2 =  4.478E-13

      iter #   6 total cpu time : 47252.4 secs   av.it.:  15.8
      thresh= 6.692E-08 alpha_mix =  0.700 |ddv_scf|^2 =  3.205E-14

      iter #   7 total cpu time : 47346.5 secs   av.it.:  16.0
      thresh= 1.790E-08 alpha_mix =  0.700 |ddv_scf|^2 =  2.338E-15

     End of self-consistent calculation

     Convergence has been achieved 


     Representation #  12 mode #  12

     Self-consistent Calculation

      iter #   1 total cpu time : 47392.0 secs   av.it.:   3.0
      thresh= 1.000E-02 alpha_mix =  0.700 |ddv_scf|^2 =  1.774E-09

      iter #   2 total cpu time : 47489.8 secs   av.it.:  15.9
      thresh= 4.212E-06 alpha_mix =  0.700 |ddv_scf|^2 =  4.589E-10

      iter #   3 total cpu time : 47585.9 secs   av.it.:  15.4
      thresh= 2.142E-06 alpha_mix =  0.700 |ddv_scf|^2 =  8.777E-12

      iter #   4 total cpu time : 47682.6 secs   av.it.:  15.7
      thresh= 2.963E-07 alpha_mix =  0.700 |ddv_scf|^2 =  3.975E-13

      iter #   5 total cpu time : 47779.6 secs   av.it.:  15.7
      thresh= 6.305E-08 alpha_mix =  0.700 |ddv_scf|^2 =  3.259E-14

      iter #   6 total cpu time : 47876.4 secs   av.it.:  15.8
      thresh= 1.805E-08 alpha_mix =  0.700 |ddv_scf|^2 =  2.102E-15

     End of self-consistent calculation

     Convergence has been achieved 


     Representation #  13 mode #  13

     Self-consistent Calculation

      iter #   1 total cpu time : 47922.9 secs   av.it.:   3.1
      thresh= 1.000E-02 alpha_mix =  0.700 |ddv_scf|^2 =  1.132E-08

      iter #   2 total cpu time : 48018.1 secs   av.it.:  15.0
      thresh= 1.064E-05 alpha_mix =  0.700 |ddv_scf|^2 =  1.138E-08

      iter #   3 total cpu time : 48107.9 secs   av.it.:  14.0
      thresh= 1.067E-05 alpha_mix =  0.700 |ddv_scf|^2 =  1.400E-11

      iter #   4 total cpu time : 48205.0 secs   av.it.:  15.9
      thresh= 3.742E-07 alpha_mix =  0.700 |ddv_scf|^2 =  2.126E-12

      iter #   5 total cpu time : 48300.5 secs   av.it.:  15.2
      thresh= 1.458E-07 alpha_mix =  0.700 |ddv_scf|^2 =  3.019E-14

      iter #   6 total cpu time : 48397.6 secs   av.it.:  15.9
      thresh= 1.738E-08 alpha_mix =  0.700 |ddv_scf|^2 =  4.275E-15

     End of self-consistent calculation

     Convergence has been achieved 


     Representation #  14 mode #  14

     Self-consistent Calculation

      iter #   1 total cpu time : 48449.8 secs   av.it.:   4.5
      thresh= 1.000E-02 alpha_mix =  0.700 |ddv_scf|^2 =  1.106E-08

      iter #   2 total cpu time : 48548.6 secs   av.it.:  16.0
      thresh= 1.052E-05 alpha_mix =  0.700 |ddv_scf|^2 =  2.844E-09

      iter #   3 total cpu time : 48644.7 secs   av.it.:  15.4
      thresh= 5.333E-06 alpha_mix =  0.700 |ddv_scf|^2 =  3.922E-11

      iter #   4 total cpu time : 48742.2 secs   av.it.:  15.9
      thresh= 6.263E-07 alpha_mix =  0.700 |ddv_scf|^2 =  3.055E-12

      iter #   5 total cpu time : 48840.6 secs   av.it.:  15.9
      thresh= 1.748E-07 alpha_mix =  0.700 |ddv_scf|^2 =  3.581E-13

      iter #   6 total cpu time : 48938.5 secs   av.it.:  15.9
      thresh= 5.984E-08 alpha_mix =  0.700 |ddv_scf|^2 =  6.949E-15

     End of self-consistent calculation

     Convergence has been achieved 


     Representation #  15 mode #  15

     Self-consistent Calculation

      iter #   1 total cpu time : 48984.2 secs   av.it.:   3.0
      thresh= 1.000E-02 alpha_mix =  0.700 |ddv_scf|^2 =  1.428E-09

      iter #   2 total cpu time : 49082.8 secs   av.it.:  15.9
      thresh= 3.779E-06 alpha_mix =  0.700 |ddv_scf|^2 =  3.412E-10

      iter #   3 total cpu time : 49179.1 secs   av.it.:  15.5
      thresh= 1.847E-06 alpha_mix =  0.700 |ddv_scf|^2 =  3.902E-12

      iter #   4 total cpu time : 49275.6 secs   av.it.:  15.6
      thresh= 1.975E-07 alpha_mix =  0.700 |ddv_scf|^2 =  2.307E-13

      iter #   5 total cpu time : 49373.5 secs   av.it.:  16.0
      thresh= 4.803E-08 alpha_mix =  0.700 |ddv_scf|^2 =  9.243E-15

     End of self-consistent calculation

     Convergence has been achieved 


     Representation #  16 mode #  16

     Self-consistent Calculation

      iter #   1 total cpu time : 49419.7 secs   av.it.:   3.3
      thresh= 1.000E-02 alpha_mix =  0.700 |ddv_scf|^2 =  2.838E-09

      iter #   2 total cpu time : 49518.4 secs   av.it.:  16.0
      thresh= 5.328E-06 alpha_mix =  0.700 |ddv_scf|^2 =  1.239E-09

      iter #   3 total cpu time : 49610.1 secs   av.it.:  15.0
      thresh= 3.521E-06 alpha_mix =  0.700 |ddv_scf|^2 =  4.788E-12

      iter #   4 total cpu time : 49704.5 secs   av.it.:  16.0
      thresh= 2.188E-07 alpha_mix =  0.700 |ddv_scf|^2 =  8.603E-13

      iter #   5 total cpu time : 49796.0 secs   av.it.:  15.2
      thresh= 9.275E-08 alpha_mix =  0.700 |ddv_scf|^2 =  1.943E-14

      iter #   6 total cpu time : 49888.8 secs   av.it.:  15.9
      thresh= 1.394E-08 alpha_mix =  0.700 |ddv_scf|^2 =  1.096E-15

     End of self-consistent calculation

     Convergence has been achieved 


     Representation #  17 mode #  17

     Self-consistent Calculation

      iter #   1 total cpu time : 49950.7 secs   av.it.:   6.9
      thresh= 1.000E-02 alpha_mix =  0.700 |ddv_scf|^2 =  4.214E-07

      iter #   2 total cpu time : 50042.5 secs   av.it.:  15.4
      thresh= 6.492E-05 alpha_mix =  0.700 |ddv_scf|^2 =  4.203E-07

      iter #   3 total cpu time : 50129.3 secs   av.it.:  14.2
      thresh= 6.483E-05 alpha_mix =  0.700 |ddv_scf|^2 =  1.188E-09

      iter #   4 total cpu time : 50220.1 secs   av.it.:  15.0
      thresh= 3.447E-06 alpha_mix =  0.700 |ddv_scf|^2 =  3.053E-11

      iter #   5 total cpu time : 50312.0 secs   av.it.:  15.5
      thresh= 5.525E-07 alpha_mix =  0.700 |ddv_scf|^2 =  6.909E-13

      iter #   6 total cpu time : 50406.1 secs   av.it.:  16.0
      thresh= 8.312E-08 alpha_mix =  0.700 |ddv_scf|^2 =  1.064E-13

      iter #   7 total cpu time : 50499.8 secs   av.it.:  15.3
      thresh= 3.261E-08 alpha_mix =  0.700 |ddv_scf|^2 =  1.605E-14

      iter #   8 total cpu time : 50594.3 secs   av.it.:  15.0
      thresh= 1.267E-08 alpha_mix =  0.700 |ddv_scf|^2 =  7.984E-16

     End of self-consistent calculation

     Convergence has been achieved 


     Representation #  18 mode #  18

     Self-consistent Calculation

      iter #   1 total cpu time : 50641.0 secs   av.it.:   3.5
      thresh= 1.000E-02 alpha_mix =  0.700 |ddv_scf|^2 =  3.034E-09

      iter #   2 total cpu time : 50736.2 secs   av.it.:  16.0
      thresh= 5.508E-06 alpha_mix =  0.700 |ddv_scf|^2 =  1.990E-09

      iter #   3 total cpu time : 50824.5 secs   av.it.:  15.0
      thresh= 4.461E-06 alpha_mix =  0.700 |ddv_scf|^2 =  3.198E-11

      iter #   4 total cpu time : 50914.6 secs   av.it.:  15.0
      thresh= 5.655E-07 alpha_mix =  0.700 |ddv_scf|^2 =  2.947E-12

      iter #   5 total cpu time : 51004.8 secs   av.it.:  15.0
      thresh= 1.717E-07 alpha_mix =  0.700 |ddv_scf|^2 =  5.873E-14

      iter #   6 total cpu time : 51096.3 secs   av.it.:  15.8
      thresh= 2.424E-08 alpha_mix =  0.700 |ddv_scf|^2 =  5.279E-15

     End of self-consistent calculation

     Convergence has been achieved 


     Representation #  19 mode #  19

     Self-consistent Calculation

      iter #   1 total cpu time : 51141.8 secs   av.it.:   3.0
      thresh= 1.000E-02 alpha_mix =  0.700 |ddv_scf|^2 =  1.738E-09

      iter #   2 total cpu time : 51239.3 secs   av.it.:  15.9
      thresh= 4.169E-06 alpha_mix =  0.700 |ddv_scf|^2 =  3.996E-10

      iter #   3 total cpu time : 51335.3 secs   av.it.:  15.4
      thresh= 1.999E-06 alpha_mix =  0.700 |ddv_scf|^2 =  7.438E-12

      iter #   4 total cpu time : 51432.0 secs   av.it.:  15.8
      thresh= 2.727E-07 alpha_mix =  0.700 |ddv_scf|^2 =  5.784E-13

      iter #   5 total cpu time : 51528.9 secs   av.it.:  15.9
      thresh= 7.605E-08 alpha_mix =  0.700 |ddv_scf|^2 =  1.388E-14

      iter #   6 total cpu time : 51627.1 secs   av.it.:  16.0
      thresh= 1.178E-08 alpha_mix =  0.700 |ddv_scf|^2 =  7.132E-16

     End of self-consistent calculation

     Convergence has been achieved 


     Representation #  20 mode #  20

     Self-consistent Calculation

      iter #   1 total cpu time : 51671.5 secs   av.it.:   3.0
      thresh= 1.000E-02 alpha_mix =  0.700 |ddv_scf|^2 =  6.400E-10

      iter #   2 total cpu time : 51770.3 secs   av.it.:  16.0
      thresh= 2.530E-06 alpha_mix =  0.700 |ddv_scf|^2 =  1.259E-10

      iter #   3 total cpu time : 51867.7 secs   av.it.:  15.9
      thresh= 1.122E-06 alpha_mix =  0.700 |ddv_scf|^2 =  5.093E-12

      iter #   4 total cpu time : 51965.1 secs   av.it.:  15.9
      thresh= 2.257E-07 alpha_mix =  0.700 |ddv_scf|^2 =  4.193E-13

      iter #   5 total cpu time : 52061.5 secs   av.it.:  15.6
      thresh= 6.476E-08 alpha_mix =  0.700 |ddv_scf|^2 =  1.543E-14

      iter #   6 total cpu time : 52158.6 secs   av.it.:  15.9
      thresh= 1.242E-08 alpha_mix =  0.700 |ddv_scf|^2 =  1.188E-15

     End of self-consistent calculation

     Convergence has been achieved 


     Representation #  21 mode #  21

     Self-consistent Calculation

      iter #   1 total cpu time : 52205.3 secs   av.it.:   3.2
      thresh= 1.000E-02 alpha_mix =  0.700 |ddv_scf|^2 =  2.940E-09

      iter #   2 total cpu time : 52304.2 secs   av.it.:  16.0
      thresh= 5.422E-06 alpha_mix =  0.700 |ddv_scf|^2 =  1.391E-09

      iter #   3 total cpu time : 52399.6 secs   av.it.:  15.1
      thresh= 3.729E-06 alpha_mix =  0.700 |ddv_scf|^2 =  8.490E-12

      iter #   4 total cpu time : 52495.2 secs   av.it.:  15.1
      thresh= 2.914E-07 alpha_mix =  0.700 |ddv_scf|^2 =  2.755E-12

      iter #   5 total cpu time : 52587.7 secs   av.it.:  14.9
      thresh= 1.660E-07 alpha_mix =  0.700 |ddv_scf|^2 =  7.083E-14

      iter #   6 total cpu time : 52684.4 secs   av.it.:  15.7
      thresh= 2.661E-08 alpha_mix =  0.700 |ddv_scf|^2 =  5.716E-15

     End of self-consistent calculation

     Convergence has been achieved 


     Representation #  22 mode #  22

     Self-consistent Calculation

      iter #   1 total cpu time : 52730.0 secs   av.it.:   3.0
      thresh= 1.000E-02 alpha_mix =  0.700 |ddv_scf|^2 =  1.843E-09

      iter #   2 total cpu time : 52823.7 secs   av.it.:  15.9
      thresh= 4.293E-06 alpha_mix =  0.700 |ddv_scf|^2 =  4.949E-10

      iter #   3 total cpu time : 52915.1 secs   av.it.:  15.0
      thresh= 2.225E-06 alpha_mix =  0.700 |ddv_scf|^2 =  5.620E-12

      iter #   4 total cpu time : 53007.3 secs   av.it.:  15.4
      thresh= 2.371E-07 alpha_mix =  0.700 |ddv_scf|^2 =  1.069E-13

      iter #   5 total cpu time : 53101.7 secs   av.it.:  15.9
      thresh= 3.270E-08 alpha_mix =  0.700 |ddv_scf|^2 =  7.908E-15

     End of self-consistent calculation

     Convergence has been achieved 


     Representation #  23 mode #  23

     Self-consistent Calculation

      iter #   1 total cpu time : 53147.6 secs   av.it.:   3.9
      thresh= 1.000E-02 alpha_mix =  0.700 |ddv_scf|^2 =  3.736E-09

      iter #   2 total cpu time : 53244.7 secs   av.it.:  15.9
      thresh= 6.112E-06 alpha_mix =  0.700 |ddv_scf|^2 =  1.848E-09

      iter #   3 total cpu time : 53340.9 secs   av.it.:  15.0
      thresh= 4.299E-06 alpha_mix =  0.700 |ddv_scf|^2 =  3.973E-11

      iter #   4 total cpu time : 53434.5 secs   av.it.:  14.9
      thresh= 6.303E-07 alpha_mix =  0.700 |ddv_scf|^2 =  2.589E-12

      iter #   5 total cpu time : 53529.8 secs   av.it.:  15.0
      thresh= 1.609E-07 alpha_mix =  0.700 |ddv_scf|^2 =  6.333E-14

      iter #   6 total cpu time : 53625.7 secs   av.it.:  15.1
      thresh= 2.517E-08 alpha_mix =  0.700 |ddv_scf|^2 =  6.032E-15

     End of self-consistent calculation

     Convergence has been achieved 


     Representation #  24 mode #  24

     Self-consistent Calculation

      iter #   1 total cpu time : 53671.1 secs   av.it.:   3.0
      thresh= 1.000E-02 alpha_mix =  0.700 |ddv_scf|^2 =  2.382E-09

      iter #   2 total cpu time : 53768.4 secs   av.it.:  15.9
      thresh= 4.881E-06 alpha_mix =  0.700 |ddv_scf|^2 =  9.112E-10

      iter #   3 total cpu time : 53864.0 secs   av.it.:  15.1
      thresh= 3.019E-06 alpha_mix =  0.700 |ddv_scf|^2 =  3.224E-11

      iter #   4 total cpu time : 53958.0 secs   av.it.:  15.0
      thresh= 5.678E-07 alpha_mix =  0.700 |ddv_scf|^2 =  3.136E-12

      iter #   5 total cpu time : 54051.0 secs   av.it.:  14.8
      thresh= 1.771E-07 alpha_mix =  0.700 |ddv_scf|^2 =  8.269E-14

      iter #   6 total cpu time : 54147.4 secs   av.it.:  15.0
      thresh= 2.876E-08 alpha_mix =  0.700 |ddv_scf|^2 =  3.509E-15

     End of self-consistent calculation

     Convergence has been achieved 


     Representation #  25 mode #  25

     Self-consistent Calculation

      iter #   1 total cpu time : 54209.4 secs   av.it.:   6.9
      thresh= 1.000E-02 alpha_mix =  0.700 |ddv_scf|^2 =  4.214E-07

      iter #   2 total cpu time : 54300.7 secs   av.it.:  15.4
      thresh= 6.492E-05 alpha_mix =  0.700 |ddv_scf|^2 =  4.203E-07

      iter #   3 total cpu time : 54386.7 secs   av.it.:  14.2
      thresh= 6.483E-05 alpha_mix =  0.700 |ddv_scf|^2 =  1.189E-09

      iter #   4 total cpu time : 54477.0 secs   av.it.:  15.0
      thresh= 3.448E-06 alpha_mix =  0.700 |ddv_scf|^2 =  3.053E-11

      iter #   5 total cpu time : 54568.8 secs   av.it.:  15.5
      thresh= 5.525E-07 alpha_mix =  0.700 |ddv_scf|^2 =  6.909E-13

      iter #   6 total cpu time : 54662.6 secs   av.it.:  16.0
      thresh= 8.312E-08 alpha_mix =  0.700 |ddv_scf|^2 =  1.063E-13

      iter #   7 total cpu time : 54754.0 secs   av.it.:  15.3
      thresh= 3.261E-08 alpha_mix =  0.700 |ddv_scf|^2 =  1.604E-14

      iter #   8 total cpu time : 54847.6 secs   av.it.:  15.0
      thresh= 1.267E-08 alpha_mix =  0.700 |ddv_scf|^2 =  7.983E-16

     End of self-consistent calculation

     Convergence has been achieved 


     Representation #  26 mode #  26

     Self-consistent Calculation

      iter #   1 total cpu time : 54891.6 secs   av.it.:   3.0
      thresh= 1.000E-02 alpha_mix =  0.700 |ddv_scf|^2 =  1.051E-09

      iter #   2 total cpu time : 54984.5 secs   av.it.:  15.9
      thresh= 3.242E-06 alpha_mix =  0.700 |ddv_scf|^2 =  8.175E-10

      iter #   3 total cpu time : 55071.2 secs   av.it.:  14.8
      thresh= 2.859E-06 alpha_mix =  0.700 |ddv_scf|^2 =  1.271E-11

      iter #   4 total cpu time : 55160.8 secs   av.it.:  15.0
      thresh= 3.566E-07 alpha_mix =  0.700 |ddv_scf|^2 =  7.897E-13

      iter #   5 total cpu time : 55250.2 secs   av.it.:  15.0
      thresh= 8.886E-08 alpha_mix =  0.700 |ddv_scf|^2 =  2.948E-14

      iter #   6 total cpu time : 55342.5 secs   av.it.:  16.0
      thresh= 1.717E-08 alpha_mix =  0.700 |ddv_scf|^2 =  3.066E-15

     End of self-consistent calculation

     Convergence has been achieved 


     Representation #  27 mode #  27

     Self-consistent Calculation

      iter #   1 total cpu time : 55401.7 secs   av.it.:   6.3
      thresh= 1.000E-02 alpha_mix =  0.700 |ddv_scf|^2 =  8.141E-08

      iter #   2 total cpu time : 55493.9 secs   av.it.:  15.9
      thresh= 2.853E-05 alpha_mix =  0.700 |ddv_scf|^2 =  2.628E-08

      iter #   3 total cpu time : 55584.0 secs   av.it.:  15.3
      thresh= 1.621E-05 alpha_mix =  0.700 |ddv_scf|^2 =  2.012E-10

      iter #   4 total cpu time : 55675.4 secs   av.it.:  15.9
      thresh= 1.418E-06 alpha_mix =  0.700 |ddv_scf|^2 =  1.426E-11

      iter #   5 total cpu time : 55768.2 secs   av.it.:  16.0
      thresh= 3.776E-07 alpha_mix =  0.700 |ddv_scf|^2 =  2.318E-13

      iter #   6 total cpu time : 55860.8 secs   av.it.:  15.9
      thresh= 4.814E-08 alpha_mix =  0.700 |ddv_scf|^2 =  2.860E-14

      iter #   7 total cpu time : 55955.1 secs   av.it.:  15.0
      thresh= 1.691E-08 alpha_mix =  0.700 |ddv_scf|^2 =  1.953E-15

     End of self-consistent calculation

     Convergence has been achieved 


     Representation #  28 mode #  28

     Self-consistent Calculation

      iter #   1 total cpu time : 56008.6 secs   av.it.:   5.0
      thresh= 1.000E-02 alpha_mix =  0.700 |ddv_scf|^2 =  3.176E-08

      iter #   2 total cpu time : 56106.4 secs   av.it.:  15.7
      thresh= 1.782E-05 alpha_mix =  0.700 |ddv_scf|^2 =  3.042E-08

      iter #   3 total cpu time : 56198.3 secs   av.it.:  14.1
      thresh= 1.744E-05 alpha_mix =  0.700 |ddv_scf|^2 =  1.383E-10

      iter #   4 total cpu time : 56296.1 secs   av.it.:  15.6
      thresh= 1.176E-06 alpha_mix =  0.700 |ddv_scf|^2 =  7.843E-12

      iter #   5 total cpu time : 56395.0 secs   av.it.:  15.9
      thresh= 2.801E-07 alpha_mix =  0.700 |ddv_scf|^2 =  7.994E-13

      iter #   6 total cpu time : 56493.7 secs   av.it.:  15.9
      thresh= 8.941E-08 alpha_mix =  0.700 |ddv_scf|^2 =  2.411E-14

      iter #   7 total cpu time : 56590.2 secs   av.it.:  15.0
      thresh= 1.553E-08 alpha_mix =  0.700 |ddv_scf|^2 =  4.936E-16

     End of self-consistent calculation

     Convergence has been achieved 


     Representation #  29 mode #  29

     Self-consistent Calculation

      iter #   1 total cpu time : 56636.1 secs   av.it.:   3.0
      thresh= 1.000E-02 alpha_mix =  0.700 |ddv_scf|^2 =  5.155E-09

      iter #   2 total cpu time : 56732.0 secs   av.it.:  15.1
      thresh= 7.180E-06 alpha_mix =  0.700 |ddv_scf|^2 =  3.460E-09

      iter #   3 total cpu time : 56823.2 secs   av.it.:  14.6
      thresh= 5.882E-06 alpha_mix =  0.700 |ddv_scf|^2 =  3.170E-11

      iter #   4 total cpu time : 56918.3 secs   av.it.:  15.0
      thresh= 5.630E-07 alpha_mix =  0.700 |ddv_scf|^2 =  2.679E-12

      iter #   5 total cpu time : 57013.7 secs   av.it.:  15.0
      thresh= 1.637E-07 alpha_mix =  0.700 |ddv_scf|^2 =  6.199E-14

      iter #   6 total cpu time : 57110.6 secs   av.it.:  15.7
      thresh= 2.490E-08 alpha_mix =  0.700 |ddv_scf|^2 =  2.391E-15

     End of self-consistent calculation

     Convergence has been achieved 


     Representation #  30 mode #  30

     Self-consistent Calculation

      iter #   1 total cpu time : 57174.0 secs   av.it.:   6.6
      thresh= 1.000E-02 alpha_mix =  0.700 |ddv_scf|^2 =  8.445E-08

      iter #   2 total cpu time : 57273.2 secs   av.it.:  15.9
      thresh= 2.906E-05 alpha_mix =  0.700 |ddv_scf|^2 =  2.909E-08

      iter #   3 total cpu time : 57370.2 secs   av.it.:  15.3
      thresh= 1.706E-05 alpha_mix =  0.700 |ddv_scf|^2 =  1.633E-10

      iter #   4 total cpu time : 57468.3 secs   av.it.:  15.9
      thresh= 1.278E-06 alpha_mix =  0.700 |ddv_scf|^2 =  1.459E-11

      iter #   5 total cpu time : 57565.4 secs   av.it.:  15.9
      thresh= 3.820E-07 alpha_mix =  0.700 |ddv_scf|^2 =  3.270E-13

      iter #   6 total cpu time : 57663.6 secs   av.it.:  15.9
      thresh= 5.718E-08 alpha_mix =  0.700 |ddv_scf|^2 =  3.966E-14

      iter #   7 total cpu time : 57760.8 secs   av.it.:  15.1
      thresh= 1.991E-08 alpha_mix =  0.700 |ddv_scf|^2 =  1.619E-15

     End of self-consistent calculation

     Convergence has been achieved 


     Representation #  31 mode #  31

     Self-consistent Calculation

      iter #   1 total cpu time : 57806.7 secs   av.it.:   3.0
      thresh= 1.000E-02 alpha_mix =  0.700 |ddv_scf|^2 =  3.207E-09

      iter #   2 total cpu time : 57905.2 secs   av.it.:  15.9
      thresh= 5.663E-06 alpha_mix =  0.700 |ddv_scf|^2 =  1.606E-09

      iter #   3 total cpu time : 57995.8 secs   av.it.:  14.9
      thresh= 4.007E-06 alpha_mix =  0.700 |ddv_scf|^2 =  2.601E-11

      iter #   4 total cpu time : 58083.5 secs   av.it.:  15.0
      thresh= 5.100E-07 alpha_mix =  0.700 |ddv_scf|^2 =  2.190E-12

      iter #   5 total cpu time : 58172.2 secs   av.it.:  15.0
      thresh= 1.480E-07 alpha_mix =  0.700 |ddv_scf|^2 =  5.538E-14

      iter #   6 total cpu time : 58262.3 secs   av.it.:  15.2
      thresh= 2.353E-08 alpha_mix =  0.700 |ddv_scf|^2 =  1.748E-15

     End of self-consistent calculation

     Convergence has been achieved 


     Representation #  32 mode #  32

     Self-consistent Calculation

      iter #   1 total cpu time : 58314.3 secs   av.it.:   4.3
      thresh= 1.000E-02 alpha_mix =  0.700 |ddv_scf|^2 =  6.307E-09

      iter #   2 total cpu time : 58413.2 secs   av.it.:  16.0
      thresh= 7.942E-06 alpha_mix =  0.700 |ddv_scf|^2 =  9.433E-10

      iter #   3 total cpu time : 58509.4 secs   av.it.:  15.9
      thresh= 3.071E-06 alpha_mix =  0.700 |ddv_scf|^2 =  3.375E-11

      iter #   4 total cpu time : 58605.7 secs   av.it.:  15.8
      thresh= 5.809E-07 alpha_mix =  0.700 |ddv_scf|^2 =  1.971E-12

      iter #   5 total cpu time : 58702.8 secs   av.it.:  15.9
      thresh= 1.404E-07 alpha_mix =  0.700 |ddv_scf|^2 =  1.150E-13

      iter #   6 total cpu time : 58800.8 secs   av.it.:  16.0
      thresh= 3.391E-08 alpha_mix =  0.700 |ddv_scf|^2 =  4.409E-15

     End of self-consistent calculation

     Convergence has been achieved 


     Representation #  33 mode #  33

     Self-consistent Calculation

      iter #   1 total cpu time : 58854.6 secs   av.it.:   4.9
      thresh= 1.000E-02 alpha_mix =  0.700 |ddv_scf|^2 =  1.404E-08

      iter #   2 total cpu time : 58954.7 secs   av.it.:  15.9
      thresh= 1.185E-05 alpha_mix =  0.700 |ddv_scf|^2 =  3.945E-09

      iter #   3 total cpu time : 59051.9 secs   av.it.:  15.0
      thresh= 6.281E-06 alpha_mix =  0.700 |ddv_scf|^2 =  2.745E-11

      iter #   4 total cpu time : 59151.9 secs   av.it.:  15.9
      thresh= 5.239E-07 alpha_mix =  0.700 |ddv_scf|^2 =  2.634E-12

      iter #   5 total cpu time : 59252.0 secs   av.it.:  15.9
      thresh= 1.623E-07 alpha_mix =  0.700 |ddv_scf|^2 =  1.492E-13

      iter #   6 total cpu time : 59352.6 secs   av.it.:  15.9
      thresh= 3.862E-08 alpha_mix =  0.700 |ddv_scf|^2 =  1.334E-14

      iter #   7 total cpu time : 59451.1 secs   av.it.:  15.5
      thresh= 1.155E-08 alpha_mix =  0.700 |ddv_scf|^2 =  3.381E-16

     End of self-consistent calculation

     Convergence has been achieved 


     Representation #  34 mode #  34

     Self-consistent Calculation

      iter #   1 total cpu time : 59497.3 secs   av.it.:   3.0
      thresh= 1.000E-02 alpha_mix =  0.700 |ddv_scf|^2 =  1.030E-08

      iter #   2 total cpu time : 59593.7 secs   av.it.:  15.0
      thresh= 1.015E-05 alpha_mix =  0.700 |ddv_scf|^2 =  9.551E-09

      iter #   3 total cpu time : 59685.6 secs   av.it.:  14.0
      thresh= 9.773E-06 alpha_mix =  0.700 |ddv_scf|^2 =  1.895E-11

      iter #   4 total cpu time : 59779.2 secs   av.it.:  15.5
      thresh= 4.353E-07 alpha_mix =  0.700 |ddv_scf|^2 =  2.493E-12

      iter #   5 total cpu time : 59871.9 secs   av.it.:  15.0
      thresh= 1.579E-07 alpha_mix =  0.700 |ddv_scf|^2 =  5.832E-14

      iter #   6 total cpu time : 59965.1 secs   av.it.:  15.2
      thresh= 2.415E-08 alpha_mix =  0.700 |ddv_scf|^2 =  4.074E-15

     End of self-consistent calculation

     Convergence has been achieved 


     Representation #  35 mode #  35

     Self-consistent Calculation

      iter #   1 total cpu time : 60009.7 secs   av.it.:   3.0
      thresh= 1.000E-02 alpha_mix =  0.700 |ddv_scf|^2 =  1.251E-09

      iter #   2 total cpu time : 60105.7 secs   av.it.:  15.9
      thresh= 3.538E-06 alpha_mix =  0.700 |ddv_scf|^2 =  3.906E-10

      iter #   3 total cpu time : 60199.5 secs   av.it.:  15.3
      thresh= 1.976E-06 alpha_mix =  0.700 |ddv_scf|^2 =  1.036E-11

      iter #   4 total cpu time : 60293.1 secs   av.it.:  15.1
      thresh= 3.218E-07 alpha_mix =  0.700 |ddv_scf|^2 =  2.234E-12

      iter #   5 total cpu time : 60382.9 secs   av.it.:  14.9
      thresh= 1.495E-07 alpha_mix =  0.700 |ddv_scf|^2 =  6.858E-14

      iter #   6 total cpu time : 60476.4 secs   av.it.:  15.0
      thresh= 2.619E-08 alpha_mix =  0.700 |ddv_scf|^2 =  4.754E-15

     End of self-consistent calculation

     Convergence has been achieved 


     Representation #  36 mode #  36

     Self-consistent Calculation

      iter #   1 total cpu time : 60519.9 secs   av.it.:   3.0
      thresh= 1.000E-02 alpha_mix =  0.700 |ddv_scf|^2 =  8.482E-10

      iter #   2 total cpu time : 60613.5 secs   av.it.:  15.9
      thresh= 2.912E-06 alpha_mix =  0.700 |ddv_scf|^2 =  1.907E-10

      iter #   3 total cpu time : 60705.5 secs   av.it.:  15.7
      thresh= 1.381E-06 alpha_mix =  0.700 |ddv_scf|^2 =  8.509E-12

      iter #   4 total cpu time : 60797.4 secs   av.it.:  15.6
      thresh= 2.917E-07 alpha_mix =  0.700 |ddv_scf|^2 =  3.225E-13

      iter #   5 total cpu time : 60889.7 secs   av.it.:  15.9
      thresh= 5.679E-08 alpha_mix =  0.700 |ddv_scf|^2 =  1.263E-14

      iter #   6 total cpu time : 60982.5 secs   av.it.:  15.9
      thresh= 1.124E-08 alpha_mix =  0.700 |ddv_scf|^2 =  7.219E-16

     End of self-consistent calculation

     Convergence has been achieved 


     Representation #  37 mode #  37

     Self-consistent Calculation

      iter #   1 total cpu time : 61028.8 secs   av.it.:   3.1
      thresh= 1.000E-02 alpha_mix =  0.700 |ddv_scf|^2 =  1.718E-09

      iter #   2 total cpu time : 61128.3 secs   av.it.:  16.0
      thresh= 4.145E-06 alpha_mix =  0.700 |ddv_scf|^2 =  7.070E-10

      iter #   3 total cpu time : 61218.9 secs   av.it.:  15.1
      thresh= 2.659E-06 alpha_mix =  0.700 |ddv_scf|^2 =  5.798E-12

      iter #   4 total cpu time : 61315.2 secs   av.it.:  15.9
      thresh= 2.408E-07 alpha_mix =  0.700 |ddv_scf|^2 =  1.780E-13

      iter #   5 total cpu time : 61414.4 secs   av.it.:  15.9
      thresh= 4.218E-08 alpha_mix =  0.700 |ddv_scf|^2 =  1.782E-14

      iter #   6 total cpu time : 61512.7 secs   av.it.:  15.4
      thresh= 1.335E-08 alpha_mix =  0.700 |ddv_scf|^2 =  5.730E-16

     End of self-consistent calculation

     Convergence has been achieved 


     Representation #  38 mode #  38

     Self-consistent Calculation

      iter #   1 total cpu time : 61560.2 secs   av.it.:   3.9
      thresh= 1.000E-02 alpha_mix =  0.700 |ddv_scf|^2 =  5.607E-09

      iter #   2 total cpu time : 61652.0 secs   av.it.:  15.8
      thresh= 7.488E-06 alpha_mix =  0.700 |ddv_scf|^2 =  4.350E-09

      iter #   3 total cpu time : 61739.6 secs   av.it.:  14.9
      thresh= 6.596E-06 alpha_mix =  0.700 |ddv_scf|^2 =  5.562E-11

      iter #   4 total cpu time : 61829.3 secs   av.it.:  15.0
      thresh= 7.458E-07 alpha_mix =  0.700 |ddv_scf|^2 =  2.026E-12

      iter #   5 total cpu time : 61921.2 secs   av.it.:  15.7
      thresh= 1.423E-07 alpha_mix =  0.700 |ddv_scf|^2 =  1.706E-13

      iter #   6 total cpu time : 62013.7 secs   av.it.:  15.0
      thresh= 4.131E-08 alpha_mix =  0.700 |ddv_scf|^2 =  1.232E-14

      iter #   7 total cpu time : 62107.1 secs   av.it.:  15.0
      thresh= 1.110E-08 alpha_mix =  0.700 |ddv_scf|^2 =  1.726E-16

     End of self-consistent calculation

     Convergence has been achieved 


     Representation #  39 mode #  39

     Self-consistent Calculation

      iter #   1 total cpu time : 62152.5 secs   av.it.:   3.0
      thresh= 1.000E-02 alpha_mix =  0.700 |ddv_scf|^2 =  1.958E-09

      iter #   2 total cpu time : 62250.9 secs   av.it.:  15.6
      thresh= 4.425E-06 alpha_mix =  0.700 |ddv_scf|^2 =  2.166E-10

      iter #   3 total cpu time : 62348.7 secs   av.it.:  15.3
      thresh= 1.472E-06 alpha_mix =  0.700 |ddv_scf|^2 =  1.458E-11

      iter #   4 total cpu time : 62443.4 secs   av.it.:  14.9
      thresh= 3.818E-07 alpha_mix =  0.700 |ddv_scf|^2 =  8.701E-13

      iter #   5 total cpu time : 62538.1 secs   av.it.:  15.0
      thresh= 9.328E-08 alpha_mix =  0.700 |ddv_scf|^2 =  8.334E-14

      iter #   6 total cpu time : 62633.7 secs   av.it.:  15.0
      thresh= 2.887E-08 alpha_mix =  0.700 |ddv_scf|^2 =  3.410E-15

     End of self-consistent calculation

     Convergence has been achieved 


     Representation #  40 mode #  40

     Self-consistent Calculation

      iter #   1 total cpu time : 62680.6 secs   av.it.:   3.4
      thresh= 1.000E-02 alpha_mix =  0.700 |ddv_scf|^2 =  3.079E-09

      iter #   2 total cpu time : 62778.8 secs   av.it.:  16.0
      thresh= 5.549E-06 alpha_mix =  0.700 |ddv_scf|^2 =  1.756E-09

      iter #   3 total cpu time : 62873.3 secs   av.it.:  15.0
      thresh= 4.190E-06 alpha_mix =  0.700 |ddv_scf|^2 =  2.204E-12

      iter #   4 total cpu time : 62971.9 secs   av.it.:  16.0
      thresh= 1.485E-07 alpha_mix =  0.700 |ddv_scf|^2 =  4.026E-13

      iter #   5 total cpu time : 63068.9 secs   av.it.:  15.9
      thresh= 6.345E-08 alpha_mix =  0.700 |ddv_scf|^2 =  1.772E-14

      iter #   6 total cpu time : 63166.0 secs   av.it.:  15.9
      thresh= 1.331E-08 alpha_mix =  0.700 |ddv_scf|^2 =  6.960E-16

     End of self-consistent calculation

     Convergence has been achieved 


     Representation #  41 mode #  41

     Self-consistent Calculation

      iter #   1 total cpu time : 63219.8 secs   av.it.:   4.6
      thresh= 1.000E-02 alpha_mix =  0.700 |ddv_scf|^2 =  1.882E-08

      iter #   2 total cpu time : 63316.5 secs   av.it.:  15.8
      thresh= 1.372E-05 alpha_mix =  0.700 |ddv_scf|^2 =  1.031E-08

      iter #   3 total cpu time : 63409.1 secs   av.it.:  14.9
      thresh= 1.015E-05 alpha_mix =  0.700 |ddv_scf|^2 =  4.045E-10

      iter #   4 total cpu time : 63501.5 secs   av.it.:  14.9
      thresh= 2.011E-06 alpha_mix =  0.700 |ddv_scf|^2 =  5.007E-12

      iter #   5 total cpu time : 63599.1 secs   av.it.:  15.9
      thresh= 2.238E-07 alpha_mix =  0.700 |ddv_scf|^2 =  9.521E-13

      iter #   6 total cpu time : 63696.6 secs   av.it.:  15.9
      thresh= 9.757E-08 alpha_mix =  0.700 |ddv_scf|^2 =  7.495E-15

     End of self-consistent calculation

     Convergence has been achieved 


     Representation #  42 mode #  42

     Self-consistent Calculation

      iter #   1 total cpu time : 63742.0 secs   av.it.:   3.0
      thresh= 1.000E-02 alpha_mix =  0.700 |ddv_scf|^2 =  2.523E-09

      iter #   2 total cpu time : 63839.0 secs   av.it.:  15.7
      thresh= 5.023E-06 alpha_mix =  0.700 |ddv_scf|^2 =  7.581E-10

      iter #   3 total cpu time : 63934.5 secs   av.it.:  15.0
      thresh= 2.753E-06 alpha_mix =  0.700 |ddv_scf|^2 =  1.693E-11

      iter #   4 total cpu time : 64030.8 secs   av.it.:  15.0
      thresh= 4.114E-07 alpha_mix =  0.700 |ddv_scf|^2 =  2.617E-12

      iter #   5 total cpu time : 64124.9 secs   av.it.:  14.9
      thresh= 1.618E-07 alpha_mix =  0.700 |ddv_scf|^2 =  8.056E-14

      iter #   6 total cpu time : 64221.9 secs   av.it.:  15.0
      thresh= 2.838E-08 alpha_mix =  0.700 |ddv_scf|^2 =  2.399E-15

     End of self-consistent calculation

     Convergence has been achieved 


     Representation #  43 mode #  43

     Self-consistent Calculation

      iter #   1 total cpu time : 64267.5 secs   av.it.:   3.0
      thresh= 1.000E-02 alpha_mix =  0.700 |ddv_scf|^2 =  1.149E-09

      iter #   2 total cpu time : 64368.7 secs   av.it.:  16.0
      thresh= 3.390E-06 alpha_mix =  0.700 |ddv_scf|^2 =  1.378E-09

      iter #   3 total cpu time : 64461.7 secs   av.it.:  14.4
      thresh= 3.713E-06 alpha_mix =  0.700 |ddv_scf|^2 =  5.303E-12

      iter #   4 total cpu time : 64564.0 secs   av.it.:  16.0
      thresh= 2.303E-07 alpha_mix =  0.700 |ddv_scf|^2 =  1.116E-12

      iter #   5 total cpu time : 64662.5 secs   av.it.:  15.5
      thresh= 1.057E-07 alpha_mix =  0.700 |ddv_scf|^2 =  6.742E-14

      iter #   6 total cpu time : 64760.2 secs   av.it.:  15.0
      thresh= 2.597E-08 alpha_mix =  0.700 |ddv_scf|^2 =  3.131E-15

     End of self-consistent calculation

     Convergence has been achieved 


     Representation #  44 mode #  44

     Self-consistent Calculation

      iter #   1 total cpu time : 64804.8 secs   av.it.:   3.0
      thresh= 1.000E-02 alpha_mix =  0.700 |ddv_scf|^2 =  8.005E-10

      iter #   2 total cpu time : 64903.7 secs   av.it.:  15.9
      thresh= 2.829E-06 alpha_mix =  0.700 |ddv_scf|^2 =  2.264E-10

      iter #   3 total cpu time : 65000.5 secs   av.it.:  15.4
      thresh= 1.505E-06 alpha_mix =  0.700 |ddv_scf|^2 =  7.212E-12

      iter #   4 total cpu time : 65097.8 secs   av.it.:  15.7
      thresh= 2.686E-07 alpha_mix =  0.700 |ddv_scf|^2 =  3.957E-13

      iter #   5 total cpu time : 65192.5 secs   av.it.:  15.6
      thresh= 6.290E-08 alpha_mix =  0.700 |ddv_scf|^2 =  1.715E-14

      iter #   6 total cpu time : 65284.3 secs   av.it.:  15.6
      thresh= 1.310E-08 alpha_mix =  0.700 |ddv_scf|^2 =  1.951E-15

     End of self-consistent calculation

     Convergence has been achieved 


     Representation #  45 mode #  45

     Self-consistent Calculation

      iter #   1 total cpu time : 65329.6 secs   av.it.:   3.7
      thresh= 1.000E-02 alpha_mix =  0.700 |ddv_scf|^2 =  3.075E-09

      iter #   2 total cpu time : 65427.8 secs   av.it.:  16.0
      thresh= 5.546E-06 alpha_mix =  0.700 |ddv_scf|^2 =  1.939E-09

      iter #   3 total cpu time : 65521.1 secs   av.it.:  15.0
      thresh= 4.403E-06 alpha_mix =  0.700 |ddv_scf|^2 =  2.617E-11

      iter #   4 total cpu time : 65612.3 secs   av.it.:  15.0
      thresh= 5.116E-07 alpha_mix =  0.700 |ddv_scf|^2 =  3.356E-12

      iter #   5 total cpu time : 65701.5 secs   av.it.:  15.0
      thresh= 1.832E-07 alpha_mix =  0.700 |ddv_scf|^2 =  3.592E-14

      iter #   6 total cpu time : 65793.9 secs   av.it.:  15.9
      thresh= 1.895E-08 alpha_mix =  0.700 |ddv_scf|^2 =  5.587E-15

     End of self-consistent calculation

     Convergence has been achieved 


     Representation #  46 mode #  46

     Self-consistent Calculation

      iter #   1 total cpu time : 65839.5 secs   av.it.:   3.7
      thresh= 1.000E-02 alpha_mix =  0.700 |ddv_scf|^2 =  2.776E-09

      iter #   2 total cpu time : 65933.5 secs   av.it.:  16.0
      thresh= 5.269E-06 alpha_mix =  0.700 |ddv_scf|^2 =  1.464E-09

      iter #   3 total cpu time : 66023.5 secs   av.it.:  15.0
      thresh= 3.827E-06 alpha_mix =  0.700 |ddv_scf|^2 =  6.171E-12

      iter #   4 total cpu time : 66115.2 secs   av.it.:  15.0
      thresh= 2.484E-07 alpha_mix =  0.700 |ddv_scf|^2 =  3.265E-12

      iter #   5 total cpu time : 66204.0 secs   av.it.:  14.9
      thresh= 1.807E-07 alpha_mix =  0.700 |ddv_scf|^2 =  3.349E-14

      iter #   6 total cpu time : 66297.2 secs   av.it.:  15.9
      thresh= 1.830E-08 alpha_mix =  0.700 |ddv_scf|^2 =  4.854E-15

     End of self-consistent calculation

     Convergence has been achieved 


     Representation #  47 mode #  47

     Self-consistent Calculation

      iter #   1 total cpu time : 66341.7 secs   av.it.:   3.1
      thresh= 1.000E-02 alpha_mix =  0.700 |ddv_scf|^2 =  2.366E-09

      iter #   2 total cpu time : 66436.1 secs   av.it.:  16.0
      thresh= 4.865E-06 alpha_mix =  0.700 |ddv_scf|^2 =  1.317E-09

      iter #   3 total cpu time : 66531.9 secs   av.it.:  15.0
      thresh= 3.629E-06 alpha_mix =  0.700 |ddv_scf|^2 =  3.006E-12

      iter #   4 total cpu time : 66631.4 secs   av.it.:  15.9
      thresh= 1.734E-07 alpha_mix =  0.700 |ddv_scf|^2 =  4.767E-13

      iter #   5 total cpu time : 66731.1 secs   av.it.:  15.9
      thresh= 6.905E-08 alpha_mix =  0.700 |ddv_scf|^2 =  1.287E-14

      iter #   6 total cpu time : 66829.2 secs   av.it.:  15.9
      thresh= 1.135E-08 alpha_mix =  0.700 |ddv_scf|^2 =  8.708E-16

     End of self-consistent calculation

     Convergence has been achieved 


     Representation #  48 mode #  48

     Self-consistent Calculation

      iter #   1 total cpu time : 66874.9 secs   av.it.:   3.0
      thresh= 1.000E-02 alpha_mix =  0.700 |ddv_scf|^2 =  2.318E-09

      iter #   2 total cpu time : 66973.2 secs   av.it.:  15.9
      thresh= 4.815E-06 alpha_mix =  0.700 |ddv_scf|^2 =  1.082E-09

      iter #   3 total cpu time : 67068.0 secs   av.it.:  15.0
      thresh= 3.289E-06 alpha_mix =  0.700 |ddv_scf|^2 =  5.302E-12

      iter #   4 total cpu time : 67165.4 secs   av.it.:  15.9
      thresh= 2.303E-07 alpha_mix =  0.700 |ddv_scf|^2 =  4.459E-13

      iter #   5 total cpu time : 67261.1 secs   av.it.:  15.2
      thresh= 6.678E-08 alpha_mix =  0.700 |ddv_scf|^2 =  2.252E-14

      iter #   6 total cpu time : 67357.2 secs   av.it.:  15.7
      thresh= 1.501E-08 alpha_mix =  0.700 |ddv_scf|^2 =  2.544E-15

     End of self-consistent calculation

     Convergence has been achieved 


     Representation #  49 mode #  49

     Self-consistent Calculation

      iter #   1 total cpu time : 67409.3 secs   av.it.:   4.4
      thresh= 1.000E-02 alpha_mix =  0.700 |ddv_scf|^2 =  6.379E-09

      iter #   2 total cpu time : 67508.4 secs   av.it.:  16.0
      thresh= 7.987E-06 alpha_mix =  0.700 |ddv_scf|^2 =  9.558E-10

      iter #   3 total cpu time : 67604.9 secs   av.it.:  15.8
      thresh= 3.092E-06 alpha_mix =  0.700 |ddv_scf|^2 =  3.160E-11

      iter #   4 total cpu time : 67701.4 secs   av.it.:  15.9
      thresh= 5.621E-07 alpha_mix =  0.700 |ddv_scf|^2 =  2.486E-12

      iter #   5 total cpu time : 67798.2 secs   av.it.:  15.8
      thresh= 1.577E-07 alpha_mix =  0.700 |ddv_scf|^2 =  2.625E-13

      iter #   6 total cpu time : 67895.4 secs   av.it.:  15.9
      thresh= 5.123E-08 alpha_mix =  0.700 |ddv_scf|^2 =  2.423E-15

     End of self-consistent calculation

     Convergence has been achieved 


     Representation #  50 mode #  50

     Self-consistent Calculation

      iter #   1 total cpu time : 67948.3 secs   av.it.:   4.9
      thresh= 1.000E-02 alpha_mix =  0.700 |ddv_scf|^2 =  1.718E-08

      iter #   2 total cpu time : 68045.7 secs   av.it.:  16.0
      thresh= 1.311E-05 alpha_mix =  0.700 |ddv_scf|^2 =  5.608E-09

      iter #   3 total cpu time : 68136.1 secs   av.it.:  15.0
      thresh= 7.489E-06 alpha_mix =  0.700 |ddv_scf|^2 =  2.196E-11

      iter #   4 total cpu time : 68231.3 secs   av.it.:  15.8
      thresh= 4.686E-07 alpha_mix =  0.700 |ddv_scf|^2 =  2.160E-12

      iter #   5 total cpu time : 68327.5 secs   av.it.:  15.8
      thresh= 1.470E-07 alpha_mix =  0.700 |ddv_scf|^2 =  3.102E-14

      iter #   6 total cpu time : 68426.3 secs   av.it.:  16.0
      thresh= 1.761E-08 alpha_mix =  0.700 |ddv_scf|^2 =  3.118E-15

     End of self-consistent calculation

     Convergence has been achieved 


     Representation #  51 mode #  51

     Self-consistent Calculation

      iter #   1 total cpu time : 68489.2 secs   av.it.:   6.5
      thresh= 1.000E-02 alpha_mix =  0.700 |ddv_scf|^2 =  8.847E-08

      iter #   2 total cpu time : 68586.0 secs   av.it.:  15.9
      thresh= 2.974E-05 alpha_mix =  0.700 |ddv_scf|^2 =  3.359E-08

      iter #   3 total cpu time : 68680.2 secs   av.it.:  15.0
      thresh= 1.833E-05 alpha_mix =  0.700 |ddv_scf|^2 =  6.352E-11

      iter #   4 total cpu time : 68777.6 secs   av.it.:  16.0
      thresh= 7.970E-07 alpha_mix =  0.700 |ddv_scf|^2 =  6.686E-12

      iter #   5 total cpu time : 68875.0 secs   av.it.:  15.9
      thresh= 2.586E-07 alpha_mix =  0.700 |ddv_scf|^2 =  5.562E-13

      iter #   6 total cpu time : 68971.1 secs   av.it.:  15.6
      thresh= 7.458E-08 alpha_mix =  0.700 |ddv_scf|^2 =  1.462E-14

      iter #   7 total cpu time : 69067.4 secs   av.it.:  15.4
      thresh= 1.209E-08 alpha_mix =  0.700 |ddv_scf|^2 =  1.152E-15

     End of self-consistent calculation

     Convergence has been achieved 


     Representation #  52 mode #  52

     Self-consistent Calculation

      iter #   1 total cpu time : 69130.3 secs   av.it.:   6.4
      thresh= 1.000E-02 alpha_mix =  0.700 |ddv_scf|^2 =  8.536E-08

      iter #   2 total cpu time : 69227.9 secs   av.it.:  15.9
      thresh= 2.922E-05 alpha_mix =  0.700 |ddv_scf|^2 =  3.070E-08

      iter #   3 total cpu time : 69323.8 secs   av.it.:  15.3
      thresh= 1.752E-05 alpha_mix =  0.700 |ddv_scf|^2 =  9.373E-11

      iter #   4 total cpu time : 69422.2 secs   av.it.:  16.0
      thresh= 9.681E-07 alpha_mix =  0.700 |ddv_scf|^2 =  9.601E-12

      iter #   5 total cpu time : 69520.4 secs   av.it.:  15.9
      thresh= 3.099E-07 alpha_mix =  0.700 |ddv_scf|^2 =  7.618E-13

      iter #   6 total cpu time : 69617.4 secs   av.it.:  15.9
      thresh= 8.728E-08 alpha_mix =  0.700 |ddv_scf|^2 =  3.229E-14

      iter #   7 total cpu time : 69713.2 secs   av.it.:  15.3
      thresh= 1.797E-08 alpha_mix =  0.700 |ddv_scf|^2 =  2.134E-15

     End of self-consistent calculation

     Convergence has been achieved 


     Representation #  53 mode #  53

     Self-consistent Calculation

      iter #   1 total cpu time : 69759.0 secs   av.it.:   3.0
      thresh= 1.000E-02 alpha_mix =  0.700 |ddv_scf|^2 =  1.821E-09

      iter #   2 total cpu time : 69857.0 secs   av.it.:  16.0
      thresh= 4.268E-06 alpha_mix =  0.700 |ddv_scf|^2 =  5.898E-10

      iter #   3 total cpu time : 69952.2 secs   av.it.:  15.1
      thresh= 2.429E-06 alpha_mix =  0.700 |ddv_scf|^2 =  4.314E-12

      iter #   4 total cpu time : 70050.1 secs   av.it.:  15.9
      thresh= 2.077E-07 alpha_mix =  0.700 |ddv_scf|^2 =  4.664E-13

      iter #   5 total cpu time : 70151.8 secs   av.it.:  15.5
      thresh= 6.829E-08 alpha_mix =  0.700 |ddv_scf|^2 =  2.081E-14

      iter #   6 total cpu time : 70248.4 secs   av.it.:  15.9
      thresh= 1.443E-08 alpha_mix =  0.700 |ddv_scf|^2 =  5.696E-16

     End of self-consistent calculation

     Convergence has been achieved 


     Representation #  54 mode #  54

     Self-consistent Calculation

      iter #   1 total cpu time : 70294.8 secs   av.it.:   3.5
      thresh= 1.000E-02 alpha_mix =  0.700 |ddv_scf|^2 =  2.315E-09

      iter #   2 total cpu time : 70393.5 secs   av.it.:  16.0
      thresh= 4.812E-06 alpha_mix =  0.700 |ddv_scf|^2 =  1.252E-09

      iter #   3 total cpu time : 70487.7 secs   av.it.:  15.0
      thresh= 3.538E-06 alpha_mix =  0.700 |ddv_scf|^2 =  2.405E-12

      iter #   4 total cpu time : 70586.1 secs   av.it.:  16.0
      thresh= 1.551E-07 alpha_mix =  0.700 |ddv_scf|^2 =  3.802E-13

      iter #   5 total cpu time : 70683.5 secs   av.it.:  15.9
      thresh= 6.166E-08 alpha_mix =  0.700 |ddv_scf|^2 =  1.257E-14

      iter #   6 total cpu time : 70781.2 secs   av.it.:  15.9
      thresh= 1.121E-08 alpha_mix =  0.700 |ddv_scf|^2 =  5.290E-16

     End of self-consistent calculation

     Convergence has been achieved 


     Representation #  55 mode #  55

     Self-consistent Calculation

      iter #   1 total cpu time : 70834.6 secs   av.it.:   5.0
      thresh= 1.000E-02 alpha_mix =  0.700 |ddv_scf|^2 =  3.376E-08

      iter #   2 total cpu time : 70931.3 secs   av.it.:  15.7
      thresh= 1.837E-05 alpha_mix =  0.700 |ddv_scf|^2 =  2.101E-08

      iter #   3 total cpu time : 71023.0 secs   av.it.:  14.9
      thresh= 1.449E-05 alpha_mix =  0.700 |ddv_scf|^2 =  1.812E-10

      iter #   4 total cpu time : 71115.5 secs   av.it.:  15.0
      thresh= 1.346E-06 alpha_mix =  0.700 |ddv_scf|^2 =  1.526E-11

      iter #   5 total cpu time : 71210.5 secs   av.it.:  15.0
      thresh= 3.907E-07 alpha_mix =  0.700 |ddv_scf|^2 =  5.215E-13

      iter #   6 total cpu time : 71306.1 secs   av.it.:  15.9
      thresh= 7.222E-08 alpha_mix =  0.700 |ddv_scf|^2 =  2.598E-14

      iter #   7 total cpu time : 71401.2 secs   av.it.:  16.0
      thresh= 1.612E-08 alpha_mix =  0.700 |ddv_scf|^2 =  3.105E-15

     End of self-consistent calculation

     Convergence has been achieved 


     Representation #  56 mode #  56

     Self-consistent Calculation

      iter #   1 total cpu time : 71444.4 secs   av.it.:   3.0
      thresh= 1.000E-02 alpha_mix =  0.700 |ddv_scf|^2 =  3.861E-10

      iter #   2 total cpu time : 71543.4 secs   av.it.:  16.0
      thresh= 1.965E-06 alpha_mix =  0.700 |ddv_scf|^2 =  4.778E-11

      iter #   3 total cpu time : 71642.8 secs   av.it.:  16.0
      thresh= 6.913E-07 alpha_mix =  0.700 |ddv_scf|^2 =  5.871E-12

      iter #   4 total cpu time : 71741.1 secs   av.it.:  15.9
      thresh= 2.423E-07 alpha_mix =  0.700 |ddv_scf|^2 =  2.998E-13

      iter #   5 total cpu time : 71839.5 secs   av.it.:  15.6
      thresh= 5.475E-08 alpha_mix =  0.700 |ddv_scf|^2 =  1.340E-14

      iter #   6 total cpu time : 71938.4 secs   av.it.:  15.9
      thresh= 1.158E-08 alpha_mix =  0.700 |ddv_scf|^2 =  4.583E-16

     End of self-consistent calculation

     Convergence has been achieved 


     Representation #  57 mode #  57

     Self-consistent Calculation

      iter #   1 total cpu time : 71986.3 secs   av.it.:   3.8
      thresh= 1.000E-02 alpha_mix =  0.700 |ddv_scf|^2 =  3.388E-09

      iter #   2 total cpu time : 72085.1 secs   av.it.:  16.0
      thresh= 5.820E-06 alpha_mix =  0.700 |ddv_scf|^2 =  1.772E-09

      iter #   3 total cpu time : 72180.1 secs   av.it.:  15.0
      thresh= 4.210E-06 alpha_mix =  0.700 |ddv_scf|^2 =  3.465E-12

      iter #   4 total cpu time : 72279.6 secs   av.it.:  15.9
      thresh= 1.862E-07 alpha_mix =  0.700 |ddv_scf|^2 =  3.178E-13

      iter #   5 total cpu time : 72378.3 secs   av.it.:  15.9
      thresh= 5.637E-08 alpha_mix =  0.700 |ddv_scf|^2 =  1.962E-14

      iter #   6 total cpu time : 72476.5 secs   av.it.:  15.9
      thresh= 1.401E-08 alpha_mix =  0.700 |ddv_scf|^2 =  1.330E-15

     End of self-consistent calculation

     Convergence has been achieved 


     Representation #  58 mode #  58

     Self-consistent Calculation

      iter #   1 total cpu time : 72521.8 secs   av.it.:   3.0
      thresh= 1.000E-02 alpha_mix =  0.700 |ddv_scf|^2 =  2.452E-09

      iter #   2 total cpu time : 72620.3 secs   av.it.:  15.9
      thresh= 4.952E-06 alpha_mix =  0.700 |ddv_scf|^2 =  9.173E-10

      iter #   3 total cpu time : 72711.5 secs   av.it.:  15.1
      thresh= 3.029E-06 alpha_mix =  0.700 |ddv_scf|^2 =  1.413E-11

      iter #   4 total cpu time : 72802.6 secs   av.it.:  15.0
      thresh= 3.759E-07 alpha_mix =  0.700 |ddv_scf|^2 =  4.105E-12

      iter #   5 total cpu time : 72889.4 secs   av.it.:  14.5
      thresh= 2.026E-07 alpha_mix =  0.700 |ddv_scf|^2 =  4.157E-14

      iter #   6 total cpu time : 72981.9 secs   av.it.:  15.7
      thresh= 2.039E-08 alpha_mix =  0.700 |ddv_scf|^2 =  4.220E-15

     End of self-consistent calculation

     Convergence has been achieved 


     Representation #  59 mode #  59

     Self-consistent Calculation

      iter #   1 total cpu time : 73034.0 secs   av.it.:   4.7
      thresh= 1.000E-02 alpha_mix =  0.700 |ddv_scf|^2 =  1.634E-08

      iter #   2 total cpu time : 73132.2 secs   av.it.:  15.9
      thresh= 1.278E-05 alpha_mix =  0.700 |ddv_scf|^2 =  5.415E-09

      iter #   3 total cpu time : 73227.3 secs   av.it.:  15.0
      thresh= 7.358E-06 alpha_mix =  0.700 |ddv_scf|^2 =  3.177E-10

      iter #   4 total cpu time : 73319.4 secs   av.it.:  14.7
      thresh= 1.782E-06 alpha_mix =  0.700 |ddv_scf|^2 =  7.419E-12

      iter #   5 total cpu time : 73416.8 secs   av.it.:  15.7
      thresh= 2.724E-07 alpha_mix =  0.700 |ddv_scf|^2 =  1.089E-12

      iter #   6 total cpu time : 73514.2 secs   av.it.:  15.7
      thresh= 1.043E-07 alpha_mix =  0.700 |ddv_scf|^2 =  3.220E-15

     End of self-consistent calculation

     Convergence has been achieved 


     Representation #  60 mode #  60

     Self-consistent Calculation

      iter #   1 total cpu time : 73561.4 secs   av.it.:   3.6
      thresh= 1.000E-02 alpha_mix =  0.700 |ddv_scf|^2 =  2.355E-09

      iter #   2 total cpu time : 73659.9 secs   av.it.:  16.0
      thresh= 4.853E-06 alpha_mix =  0.700 |ddv_scf|^2 =  7.532E-10

      iter #   3 total cpu time : 73755.9 secs   av.it.:  15.3
      thresh= 2.744E-06 alpha_mix =  0.700 |ddv_scf|^2 =  1.409E-11

      iter #   4 total cpu time : 73852.0 secs   av.it.:  15.5
      thresh= 3.754E-07 alpha_mix =  0.700 |ddv_scf|^2 =  5.685E-13

      iter #   5 total cpu time : 73948.1 secs   av.it.:  15.6
      thresh= 7.540E-08 alpha_mix =  0.700 |ddv_scf|^2 =  2.259E-14

      iter #   6 total cpu time : 74044.6 secs   av.it.:  15.9
      thresh= 1.503E-08 alpha_mix =  0.700 |ddv_scf|^2 =  1.424E-15

     End of self-consistent calculation

     Convergence has been achieved 


     Representation #  61 mode #  61

     Self-consistent Calculation

      iter #   1 total cpu time : 74090.3 secs   av.it.:   3.1
      thresh= 1.000E-02 alpha_mix =  0.700 |ddv_scf|^2 =  9.708E-09

      iter #   2 total cpu time : 74185.2 secs   av.it.:  15.0
      thresh= 9.853E-06 alpha_mix =  0.700 |ddv_scf|^2 =  9.573E-09

      iter #   3 total cpu time : 74275.0 secs   av.it.:  14.1
      thresh= 9.784E-06 alpha_mix =  0.700 |ddv_scf|^2 =  8.641E-12

      iter #   4 total cpu time : 74372.2 secs   av.it.:  15.9
      thresh= 2.940E-07 alpha_mix =  0.700 |ddv_scf|^2 =  1.418E-12

      iter #   5 total cpu time : 74467.4 secs   av.it.:  15.1
      thresh= 1.191E-07 alpha_mix =  0.700 |ddv_scf|^2 =  6.811E-14

      iter #   6 total cpu time : 74562.8 secs   av.it.:  15.0
      thresh= 2.610E-08 alpha_mix =  0.700 |ddv_scf|^2 =  4.881E-15

     End of self-consistent calculation

     Convergence has been achieved 


     Representation #  62 mode #  62

     Self-consistent Calculation

      iter #   1 total cpu time : 74607.5 secs   av.it.:   3.0
      thresh= 1.000E-02 alpha_mix =  0.700 |ddv_scf|^2 =  1.734E-09

      iter #   2 total cpu time : 74706.3 secs   av.it.:  15.9
      thresh= 4.164E-06 alpha_mix =  0.700 |ddv_scf|^2 =  6.070E-10

      iter #   3 total cpu time : 74803.0 secs   av.it.:  15.2
      thresh= 2.464E-06 alpha_mix =  0.700 |ddv_scf|^2 =  9.318E-12

      iter #   4 total cpu time : 74897.9 secs   av.it.:  15.7
      thresh= 3.053E-07 alpha_mix =  0.700 |ddv_scf|^2 =  4.230E-13

      iter #   5 total cpu time : 74991.9 secs   av.it.:  15.2
      thresh= 6.504E-08 alpha_mix =  0.700 |ddv_scf|^2 =  2.320E-14

      iter #   6 total cpu time : 75086.5 secs   av.it.:  15.7
      thresh= 1.523E-08 alpha_mix =  0.700 |ddv_scf|^2 =  1.744E-15

     End of self-consistent calculation

     Convergence has been achieved 


     Representation #  63 mode #  63

     Self-consistent Calculation

      iter #   1 total cpu time : 75131.6 secs   av.it.:   3.0
      thresh= 1.000E-02 alpha_mix =  0.700 |ddv_scf|^2 =  1.817E-09

      iter #   2 total cpu time : 75229.4 secs   av.it.:  15.9
      thresh= 4.263E-06 alpha_mix =  0.700 |ddv_scf|^2 =  7.892E-10

      iter #   3 total cpu time : 75326.7 secs   av.it.:  15.0
      thresh= 2.809E-06 alpha_mix =  0.700 |ddv_scf|^2 =  4.603E-12

      iter #   4 total cpu time : 75427.1 secs   av.it.:  16.0
      thresh= 2.146E-07 alpha_mix =  0.700 |ddv_scf|^2 =  5.051E-13

      iter #   5 total cpu time : 75525.3 secs   av.it.:  15.2
      thresh= 7.107E-08 alpha_mix =  0.700 |ddv_scf|^2 =  1.621E-14

      iter #   6 total cpu time : 75624.0 secs   av.it.:  15.8
      thresh= 1.273E-08 alpha_mix =  0.700 |ddv_scf|^2 =  1.456E-15

     End of self-consistent calculation

     Convergence has been achieved 


     Representation #  64 mode #  64

     Self-consistent Calculation

      iter #   1 total cpu time : 75671.1 secs   av.it.:   3.2
      thresh= 1.000E-02 alpha_mix =  0.700 |ddv_scf|^2 =  2.609E-09

      iter #   2 total cpu time : 75771.8 secs   av.it.:  16.0
      thresh= 5.108E-06 alpha_mix =  0.700 |ddv_scf|^2 =  1.692E-09

      iter #   3 total cpu time : 75865.8 secs   av.it.:  15.0
      thresh= 4.113E-06 alpha_mix =  0.700 |ddv_scf|^2 =  2.158E-11

      iter #   4 total cpu time : 75959.0 secs   av.it.:  15.1
      thresh= 4.645E-07 alpha_mix =  0.700 |ddv_scf|^2 =  4.451E-12

      iter #   5 total cpu time : 76048.6 secs   av.it.:  14.8
      thresh= 2.110E-07 alpha_mix =  0.700 |ddv_scf|^2 =  1.009E-13

      iter #   6 total cpu time : 76139.9 secs   av.it.:  15.0
      thresh= 3.177E-08 alpha_mix =  0.700 |ddv_scf|^2 =  6.951E-15

     End of self-consistent calculation

     Convergence has been achieved 


     Representation #  65 mode #  65

     Self-consistent Calculation

      iter #   1 total cpu time : 76185.5 secs   av.it.:   3.0
      thresh= 1.000E-02 alpha_mix =  0.700 |ddv_scf|^2 =  2.069E-09

      iter #   2 total cpu time : 76281.4 secs   av.it.:  16.0
      thresh= 4.549E-06 alpha_mix =  0.700 |ddv_scf|^2 =  1.059E-09

      iter #   3 total cpu time : 76373.8 secs   av.it.:  15.0
      thresh= 3.254E-06 alpha_mix =  0.700 |ddv_scf|^2 =  3.046E-12

      iter #   4 total cpu time : 76469.3 secs   av.it.:  16.0
      thresh= 1.745E-07 alpha_mix =  0.700 |ddv_scf|^2 =  4.504E-13

      iter #   5 total cpu time : 76562.7 secs   av.it.:  15.7
      thresh= 6.711E-08 alpha_mix =  0.700 |ddv_scf|^2 =  1.994E-14

      iter #   6 total cpu time : 76655.5 secs   av.it.:  15.0
      thresh= 1.412E-08 alpha_mix =  0.700 |ddv_scf|^2 =  1.487E-15

     End of self-consistent calculation

     Convergence has been achieved 


     Representation #  66 mode #  66

     Self-consistent Calculation

      iter #   1 total cpu time : 76703.3 secs   av.it.:   4.0
      thresh= 1.000E-02 alpha_mix =  0.700 |ddv_scf|^2 =  2.095E-08

      iter #   2 total cpu time : 76795.9 secs   av.it.:  15.0
      thresh= 1.447E-05 alpha_mix =  0.700 |ddv_scf|^2 =  2.042E-08

      iter #   3 total cpu time : 76884.3 secs   av.it.:  14.2
      thresh= 1.429E-05 alpha_mix =  0.700 |ddv_scf|^2 =  2.606E-11

      iter #   4 total cpu time : 76978.4 secs   av.it.:  15.7
      thresh= 5.105E-07 alpha_mix =  0.700 |ddv_scf|^2 =  1.581E-12

      iter #   5 total cpu time : 77073.5 secs   av.it.:  15.9
      thresh= 1.257E-07 alpha_mix =  0.700 |ddv_scf|^2 =  2.111E-13

      iter #   6 total cpu time : 77164.5 secs   av.it.:  14.9
      thresh= 4.594E-08 alpha_mix =  0.700 |ddv_scf|^2 =  2.630E-15

     End of self-consistent calculation

     Convergence has been achieved 

     Number of q in the star =    1
     List of q in the star:
          1   0.000000000   0.000000000  -0.757653429

     Diagonalizing the dynamical matrix

     q = (    0.000000000   0.000000000  -0.757653429 ) 

 **************************************************************************
     freq (    1) =       1.547452 [THz] =      51.617434 [cm-1]
     freq (    2) =       1.599840 [THz] =      53.364932 [cm-1]
     freq (    3) =       1.752143 [THz] =      58.445189 [cm-1]
     freq (    4) =       1.752789 [THz] =      58.466741 [cm-1]
     freq (    5) =       3.210372 [THz] =     107.086482 [cm-1]
     freq (    6) =       3.234387 [THz] =     107.887537 [cm-1]
     freq (    7) =       4.718517 [THz] =     157.392780 [cm-1]
     freq (    8) =       4.746468 [THz] =     158.325127 [cm-1]
     freq (    9) =       5.147268 [THz] =     171.694363 [cm-1]
     freq (   10) =       5.237281 [THz] =     174.696874 [cm-1]
     freq (   11) =       6.052684 [THz] =     201.895822 [cm-1]
     freq (   12) =       6.094871 [THz] =     203.303026 [cm-1]
     freq (   13) =       6.562516 [THz] =     218.901962 [cm-1]
     freq (   14) =       6.583829 [THz] =     219.612903 [cm-1]
     freq (   15) =       6.756728 [THz] =     225.380183 [cm-1]
     freq (   16) =       6.843039 [THz] =     228.259206 [cm-1]
     freq (   17) =       7.750071 [THz] =     258.514553 [cm-1]
     freq (   18) =       7.853322 [THz] =     261.958631 [cm-1]
     freq (   19) =       8.115679 [THz] =     270.709923 [cm-1]
     freq (   20) =       8.135385 [THz] =     271.367247 [cm-1]
     freq (   21) =       8.792611 [THz] =     293.289920 [cm-1]
     freq (   22) =       8.819200 [THz] =     294.176842 [cm-1]
     freq (   23) =       9.099075 [THz] =     303.512469 [cm-1]
     freq (   24) =       9.125863 [THz] =     304.406016 [cm-1]
     freq (   25) =       9.547448 [THz] =     318.468600 [cm-1]
     freq (   26) =       9.560231 [THz] =     318.894983 [cm-1]
     freq (   27) =      12.212282 [THz] =     407.357885 [cm-1]
     freq (   28) =      12.243096 [THz] =     408.385733 [cm-1]
     freq (   29) =      12.416553 [THz] =     414.171636 [cm-1]
     freq (   30) =      12.430970 [THz] =     414.652534 [cm-1]
     freq (   31) =      30.655685 [THz] =    1022.563591 [cm-1]
     freq (   32) =      30.664010 [THz] =    1022.841281 [cm-1]
     freq (   33) =      30.809347 [THz] =    1027.689200 [cm-1]
     freq (   34) =      30.812155 [THz] =    1027.782852 [cm-1]
     freq (   35) =      31.754732 [THz] =    1059.223845 [cm-1]
     freq (   36) =      31.755578 [THz] =    1059.252049 [cm-1]
     freq (   37) =      31.833593 [THz] =    1061.854363 [cm-1]
     freq (   38) =      31.839087 [THz] =    1062.037639 [cm-1]
     freq (   39) =      32.277397 [THz] =    1076.658083 [cm-1]
     freq (   40) =      32.289291 [THz] =    1077.054829 [cm-1]
     freq (   41) =      32.495078 [THz] =    1083.919116 [cm-1]
     freq (   42) =      32.499650 [THz] =    1084.071645 [cm-1]
     freq (   43) =      35.894304 [THz] =    1197.305108 [cm-1]
     freq (   44) =      35.897918 [THz] =    1197.425659 [cm-1]
     freq (   45) =      35.977309 [THz] =    1200.073853 [cm-1]
     freq (   46) =      35.977556 [THz] =    1200.082089 [cm-1]
     freq (   47) =      36.036179 [THz] =    1202.037533 [cm-1]
     freq (   48) =      36.038422 [THz] =    1202.112347 [cm-1]
     freq (   49) =      36.231782 [THz] =    1208.562172 [cm-1]
     freq (   50) =      36.236325 [THz] =    1208.713691 [cm-1]
     freq (   51) =      68.293062 [THz] =    2278.011348 [cm-1]
     freq (   52) =      68.309618 [THz] =    2278.563608 [cm-1]
     freq (   53) =      68.334204 [THz] =    2279.383705 [cm-1]
     freq (   54) =      68.346588 [THz] =    2279.796771 [cm-1]
     freq (   55) =      70.049119 [THz] =    2336.587086 [cm-1]
     freq (   56) =      70.059344 [THz] =    2336.928177 [cm-1]
     freq (   57) =      70.168644 [THz] =    2340.574012 [cm-1]
     freq (   58) =      70.175968 [THz] =    2340.818316 [cm-1]
     freq (   59) =      70.626309 [THz] =    2355.840101 [cm-1]
     freq (   60) =      70.628650 [THz] =    2355.918184 [cm-1]
     freq (   61) =      70.684243 [THz] =    2357.772547 [cm-1]
     freq (   62) =      70.686004 [THz] =    2357.831283 [cm-1]
     freq (   63) =      71.327099 [THz] =    2379.215918 [cm-1]
     freq (   64) =      71.328390 [THz] =    2379.258975 [cm-1]
     freq (   65) =      71.497065 [THz] =    2384.885391 [cm-1]
     freq (   66) =      71.501676 [THz] =    2385.039182 [cm-1]
 **************************************************************************

     Calculation of q =    0.0000000  -0.4991487   0.0000000

     Parallelization info
     --------------------
     sticks:   dense  smooth     PW     G-vecs:    dense   smooth      PW
     Min         465     233     62                24421     8638    1220
     Max         466     234     64                24424     8639    1221
     Sum       11181    5597   1513               586151   207331   29297

     Using Slab Decomposition



     bravais-lattice index     =            8
     lattice parameter (alat)  =      13.2392  a.u.
     unit-cell volume          =    1533.9930 (a.u.)^3
     number of atoms/cell      =           22
     number of atomic types    =            3
     number of electrons       =        48.00
     number of Kohn-Sham states=           24
     kinetic-energy cutoff     =     100.0000  Ry
     charge density cutoff     =     800.0000  Ry
     Exchange-correlation= PBESOL
                           (   1   4  10   8   0   0   0)

     celldm(1)=  13.239187  celldm(2)=   1.001705  celldm(3)=   0.659932
     celldm(4)=   0.000000  celldm(5)=   0.000000  celldm(6)=   0.000000

     crystal axes: (cart. coord. in units of alat)
               a(1) = (   1.000000   0.000000   0.000000 )  
               a(2) = (   0.000000   1.001705   0.000000 )  
               a(3) = (   0.000000   0.000000   0.659932 )  

     reciprocal axes: (cart. coord. in units 2 pi/alat)
               b(1) = (  1.000000  0.000000  0.000000 )  
               b(2) = (  0.000000  0.998297  0.000000 )  
               b(3) = (  0.000000  0.000000  1.515307 )  


     PseudoPot. # 1 for B  read from file:
     /home/mehlhorn/pseudos/b_pbesol_v1.4.uspp.F.UPF
     MD5 check sum: 369b69bef2c3aeed4453bd8b804fd6a8
     Pseudo is Ultrasoft + core correction, Zval =  3.0
     Generated by new atomic code, or converted to UPF format
     Using radial grid of  781 points,  4 beta functions with: 
                l(1) =   0
                l(2) =   0
                l(3) =   1
                l(4) =   1
     Q(r) pseudized with  8 coefficients,  rinner =    1.100   1.100   1.100


     PseudoPot. # 2 for Ba read from file:
     /home/mehlhorn/pseudos/Ba.nc.z_10.oncvpsp4.dojo.v4-sp.upf
     MD5 check sum: c10ed334bb677c0554edec7181ce9143
     Pseudo is Norm-conserving + core correction, Zval = 10.0
     Generated using ONCVPSP code by D. R. Hamann
     Using radial grid of 1938 points,  8 beta functions with: 
                l(1) =   0
                l(2) =   0
                l(3) =   1
                l(4) =   1
                l(5) =   2
                l(6) =   2
                l(7) =   3
                l(8) =   3

     PseudoPot. # 3 for H  read from file:
     /home/mehlhorn/pseudos/H_ONCV_PBEsol-1.0.upf
     MD5 check sum: 398ef8f67c0a7342c05c87c5e19ea467
     Pseudo is Norm-conserving, Zval =  1.0
     Generated using ONCVPSP code by D. R. Hamann
     Using radial grid of 1180 points,  2 beta functions with: 
                l(1) =   0
                l(2) =   0

     atomic species   valence    mass     pseudopotential
     B                 3.00    10.81100     B ( 1.00)
     Ba               10.00   137.32700     Ba( 1.00)
     H                 1.00     1.00794     H ( 1.00)

      4 Sym. Ops. (no inversion) found



   Cartesian axes

     site n.     atom                  positions (alat units)
         1        Ba     tau(   1) = (   0.5000000   0.5008527   0.3299706  )
         2        Ba     tau(   2) = (   0.0000000   0.0000000   0.6599279  )
         3        B      tau(   3) = (   0.6246453   0.2518284   0.0000043  )
         4        B      tau(   4) = (   0.3753547   0.7498771   0.0000043  )
         5        B      tau(   5) = (   0.1246453   0.2490243   0.3299618  )
         6        B      tau(   6) = (   0.8753547   0.7526812   0.3299618  )
         7        H      tau(   7) = (   0.4521950   0.2869609  -0.0000113  )
         8        H      tau(   8) = (   0.5478050   0.7147446  -0.0000113  )
         9        H      tau(   9) = (   0.9521950   0.2138918   0.3299775  )
        10        H      tau(  10) = (   0.0478050   0.7878137   0.3299775  )
        11        H      tau(  11) = (   0.7167338   0.4026431   0.0000043  )
        12        H      tau(  12) = (   0.2832662   0.5990624   0.0000043  )
        13        H      tau(  13) = (   0.2167338   0.0982097   0.3299619  )
        14        H      tau(  14) = (   0.7832662   0.9034958   0.3299619  )
        15        H      tau(  15) = (   0.6614431   0.1603257   0.5146572  )
        16        H      tau(  16) = (   0.3385569   0.8413797   0.5146572  )
        17        H      tau(  17) = (   0.1614431   0.3405270   0.4752413  )
        18        H      tau(  18) = (   0.8385569   0.6611785   0.4752413  )
        19        H      tau(  19) = (   0.3385645   0.8413788   0.1452874  )
        20        H      tau(  20) = (   0.6614355   0.1603267   0.1452874  )
        21        H      tau(  21) = (   0.8385645   0.6611795   0.1846788  )
        22        H      tau(  22) = (   0.1614355   0.3405260   0.1846788  )

     number of k points=    54
                       cart. coord. in units 2pi/alat
        k(    1) = (   0.0000000   0.0000000   0.0000000), wk =   0.0160000
        k(    2) = (   0.0000000  -0.4991487   0.0000000), wk =   0.0000000
        k(    3) = (   0.0000000   0.0000000   0.3030614), wk =   0.0320000
        k(    4) = (   0.0000000  -0.4991487   0.3030614), wk =   0.0000000
        k(    5) = (   0.0000000   0.0000000   0.6061227), wk =   0.0320000
        k(    6) = (   0.0000000  -0.4991487   0.6061227), wk =   0.0000000
        k(    7) = (   0.0000000   0.1996595   0.0000000), wk =   0.0320000
        k(    8) = (   0.0000000  -0.2994892   0.0000000), wk =   0.0000000
        k(    9) = (   0.0000000   0.1996595   0.3030614), wk =   0.0640000
        k(   10) = (   0.0000000  -0.2994892   0.3030614), wk =   0.0000000
        k(   11) = (   0.0000000   0.1996595   0.6061227), wk =   0.0640000
        k(   12) = (   0.0000000  -0.2994892   0.6061227), wk =   0.0000000
        k(   13) = (   0.0000000   0.3993190   0.0000000), wk =   0.0320000
        k(   14) = (   0.0000000  -0.0998297   0.0000000), wk =   0.0000000
        k(   15) = (   0.0000000   0.3993190   0.3030614), wk =   0.0640000
        k(   16) = (   0.0000000  -0.0998297   0.3030614), wk =   0.0000000
        k(   17) = (   0.0000000   0.3993190   0.6061227), wk =   0.0640000
        k(   18) = (   0.0000000  -0.0998297   0.6061227), wk =   0.0000000
        k(   19) = (   0.2000000   0.0000000   0.0000000), wk =   0.0320000
        k(   20) = (   0.2000000  -0.4991487   0.0000000), wk =   0.0000000
        k(   21) = (   0.2000000   0.0000000   0.3030614), wk =   0.0640000
        k(   22) = (   0.2000000  -0.4991487   0.3030614), wk =   0.0000000
        k(   23) = (   0.2000000   0.0000000   0.6061227), wk =   0.0640000
        k(   24) = (   0.2000000  -0.4991487   0.6061227), wk =   0.0000000
        k(   25) = (   0.2000000   0.1996595   0.0000000), wk =   0.0640000
        k(   26) = (   0.2000000  -0.2994892   0.0000000), wk =   0.0000000
        k(   27) = (   0.2000000   0.1996595   0.3030614), wk =   0.1280000
        k(   28) = (   0.2000000  -0.2994892   0.3030614), wk =   0.0000000
        k(   29) = (   0.2000000   0.1996595   0.6061227), wk =   0.1280000
        k(   30) = (   0.2000000  -0.2994892   0.6061227), wk =   0.0000000
        k(   31) = (   0.2000000   0.3993190   0.0000000), wk =   0.0640000
        k(   32) = (   0.2000000  -0.0998297   0.0000000), wk =   0.0000000
        k(   33) = (   0.2000000   0.3993190   0.3030614), wk =   0.1280000
        k(   34) = (   0.2000000  -0.0998297   0.3030614), wk =   0.0000000
        k(   35) = (   0.2000000   0.3993190   0.6061227), wk =   0.1280000
        k(   36) = (   0.2000000  -0.0998297   0.6061227), wk =   0.0000000
        k(   37) = (   0.4000000   0.0000000   0.0000000), wk =   0.0320000
        k(   38) = (   0.4000000  -0.4991487   0.0000000), wk =   0.0000000
        k(   39) = (   0.4000000   0.0000000   0.3030614), wk =   0.0640000
        k(   40) = (   0.4000000  -0.4991487   0.3030614), wk =   0.0000000
        k(   41) = (   0.4000000   0.0000000   0.6061227), wk =   0.0640000
        k(   42) = (   0.4000000  -0.4991487   0.6061227), wk =   0.0000000
        k(   43) = (   0.4000000   0.1996595   0.0000000), wk =   0.0640000
        k(   44) = (   0.4000000  -0.2994892   0.0000000), wk =   0.0000000
        k(   45) = (   0.4000000   0.1996595   0.3030614), wk =   0.1280000
        k(   46) = (   0.4000000  -0.2994892   0.3030614), wk =   0.0000000
        k(   47) = (   0.4000000   0.1996595   0.6061227), wk =   0.1280000
        k(   48) = (   0.4000000  -0.2994892   0.6061227), wk =   0.0000000
        k(   49) = (   0.4000000   0.3993190   0.0000000), wk =   0.0640000
        k(   50) = (   0.4000000  -0.0998297   0.0000000), wk =   0.0000000
        k(   51) = (   0.4000000   0.3993190   0.3030614), wk =   0.1280000
        k(   52) = (   0.4000000  -0.0998297   0.3030614), wk =   0.0000000
        k(   53) = (   0.4000000   0.3993190   0.6061227), wk =   0.1280000
        k(   54) = (   0.4000000  -0.0998297   0.6061227), wk =   0.0000000

     Dense  grid:   586151 G-vectors     FFT dimensions: ( 120, 120,  80)

     Smooth grid:   207331 G-vectors     FFT dimensions: (  90,  90,  60)

     Estimated max dynamical RAM per process >      52.93 MB

     Estimated total dynamical RAM >       1.24 GB

     The potential is recalculated from file :
     ./_ph0/pwscf.q_3/pwscf.save/charge-density

     Starting wfcs are   42 atomic wfcs

     Band Structure Calculation
     Davidson diagonalization with overlap

     ethr =  2.08E-11,  avg # of iterations = 22.1

     total cpu time spent up to now is      429.8 secs

     End of band structure calculation

          k = 0.0000 0.0000 0.0000 ( 25815 PWs)   bands (ev):

   -24.4249 -24.4186  -9.9198  -9.8642  -9.6796  -9.6448  -9.5942  -9.5441
    -6.3460  -5.4881  -4.9234  -4.8369  -2.0560  -1.1217  -1.0984  -0.7617
    -0.6275  -0.4988  -0.4076  -0.3035  -0.0395   0.2368   0.2605   0.2847

          k = 0.0000-0.4991 0.0000 ( 25954 PWs)   bands (ev):

   -24.4218 -24.4218  -9.8335  -9.8335  -9.7394  -9.7394  -9.5690  -9.5690
    -5.7677  -5.7677  -5.1114  -5.1114  -1.4913  -1.4913  -0.7777  -0.7777
    -0.5393  -0.5393  -0.1694  -0.1694  -0.0900  -0.0900   0.0730   0.0730

          k = 0.0000 0.0000 0.3031 ( 25898 PWs)   bands (ev):

   -24.4197 -24.4146  -9.8596  -9.8156  -9.7745  -9.7478  -9.6658  -9.6400
    -6.0078  -5.2862  -5.0427  -4.9756  -1.7709  -1.4373  -1.0973  -0.9637
    -0.6766  -0.6018  -0.3393  -0.1988   0.0078   0.1142   0.1356   0.2476

          k = 0.0000-0.4991 0.3031 ( 25902 PWs)   bands (ev):

   -24.4172 -24.4172  -9.8282  -9.8282  -9.7509  -9.7509  -9.6807  -9.6807
    -5.5662  -5.5662  -5.1409  -5.1409  -1.4935  -1.4935  -0.9996  -0.9996
    -0.4961  -0.4961  -0.2498  -0.2498  -0.1089  -0.1089   0.1337   0.1337

          k = 0.0000 0.0000 0.6061 ( 25892 PWs)   bands (ev):

   -24.4107 -24.4087 -10.0311 -10.0261  -9.7370  -9.7175  -9.6616  -9.6501
    -5.3850  -5.2363  -5.2131  -5.0804  -1.6158  -1.4894  -1.4731  -1.2090
    -0.6117  -0.5977  -0.2870  -0.1743  -0.0234   0.0282   0.1104   0.1599

          k = 0.0000-0.4991 0.6061 ( 25892 PWs)   bands (ev):

   -24.4097 -24.4097 -10.0482 -10.0482  -9.6855  -9.6855  -9.6724  -9.6724
    -5.5591  -5.5591  -4.8910  -4.8910  -1.7388  -1.7388  -1.0813  -1.0813
    -0.4085  -0.4085  -0.2749  -0.2749  -0.1029  -0.1029   0.0406   0.0406

          k = 0.0000 0.1997 0.0000 ( 25878 PWs)   bands (ev):

   -24.4243 -24.4192  -9.9037  -9.8478  -9.7050  -9.6649  -9.5894  -9.5488
    -6.2379  -5.4647  -5.0601  -4.8935  -1.8697  -1.2649  -1.1609  -0.5716
    -0.5165  -0.4683  -0.4504  -0.2283  -0.0394   0.0497   0.2051   0.2344

          k = 0.0000-0.2995 0.0000 ( 25906 PWs)   bands (ev):

   -24.4236 -24.4199  -9.8844  -9.8311  -9.7300  -9.6875  -9.5838  -9.5543
    -6.1113  -5.4807  -5.1573  -4.9573  -1.6985  -1.3553  -1.1474  -0.5306
    -0.5026  -0.4359  -0.3057  -0.1781  -0.1765  -0.0456   0.1416   0.1978

          k = 0.0000 0.1997 0.3031 ( 25891 PWs)   bands (ev):

   -24.4192 -24.4151  -9.8577  -9.8018  -9.7685  -9.7616  -9.6661  -9.6533
    -5.9271  -5.2603  -5.1524  -5.0092  -1.6449  -1.4620  -1.2449  -0.7441
    -0.6153  -0.5599  -0.4961  -0.1302  -0.0012   0.1098   0.1169   0.1449

          k = 0.0000-0.2995 0.3031 ( 25905 PWs)   bands (ev):

   -24.4187 -24.4157  -9.8526  -9.7900  -9.7845  -9.7506  -9.6694  -9.6669
    -5.8318  -5.2756  -5.2263  -5.0468  -1.5372  -1.4806  -1.2687  -0.6607
    -0.6240  -0.5281  -0.4916  -0.1228  -0.0298   0.0180   0.1172   0.1283

          k = 0.0000 0.1997 0.6061 ( 25907 PWs)   bands (ev):

   -24.4105 -24.4089 -10.0380 -10.0334  -9.7221  -9.7090  -9.6620  -9.6550
    -5.4875  -5.3818  -5.0828  -4.9576  -1.6619  -1.6067  -1.3669  -1.1400
    -0.5674  -0.4476  -0.3020  -0.1734  -0.0551  -0.0423   0.0864   0.1095

          k = 0.0000-0.2995 0.6061 ( 25913 PWs)   bands (ev):

   -24.4103 -24.4091 -10.0436 -10.0400  -9.7076  -9.7003  -9.6639  -9.6607
    -5.5375  -5.4641  -5.0000  -4.9036  -1.7001  -1.6746  -1.2732  -1.0816
    -0.5207  -0.3321  -0.3315  -0.1801  -0.1269  -0.0541   0.0156   0.1078

          k = 0.0000 0.3993 0.0000 ( 25920 PWs)   bands (ev):

   -24.4227 -24.4208  -9.8595  -9.8204  -9.7480  -9.7144  -9.5768  -9.5613
    -5.9494  -5.5928  -5.1682  -5.0340  -1.5661  -1.4294  -1.0192  -0.5398
    -0.5270  -0.4989  -0.2605  -0.1841  -0.1291  -0.0619   0.0741   0.1396

          k = 0.0000-0.0998 0.0000 ( 25827 PWs)   bands (ev):

   -24.4248 -24.4188  -9.9157  -9.8599  -9.6864  -9.6500  -9.5930  -9.5453
    -6.3184  -5.4803  -4.9620  -4.8515  -2.0053  -1.1711  -1.1234  -0.7000
    -0.5744  -0.5038  -0.4299  -0.2776  -0.0389   0.2009   0.2463   0.2593

          k = 0.0000 0.3993 0.3031 ( 25924 PWs)   bands (ev):

   -24.4179 -24.4164  -9.8428  -9.8095  -9.7673  -9.7445  -9.6785  -9.6753
    -5.7084  -5.4169  -5.1873  -5.0925  -1.4929  -1.4922  -1.1731  -0.8184
    -0.5442  -0.4910  -0.3774  -0.1493  -0.0905  -0.0730   0.1282   0.1315

          k = 0.0000-0.0998 0.3031 ( 25892 PWs)   bands (ev):

   -24.4196 -24.4147  -9.8594  -9.8120  -9.7709  -9.7536  -9.6656  -9.6435
    -5.9872  -5.2796  -5.0715  -4.9843  -1.7368  -1.4445  -1.1650  -0.8779
    -0.6583  -0.5920  -0.3929  -0.1675   0.0075   0.1116   0.1323   0.2180

          k = 0.0000 0.3993 0.6061 ( 25896 PWs)   bands (ev):

   -24.4100 -24.4094 -10.0475 -10.0455  -9.6935  -9.6910  -9.6681  -9.6677
    -5.5629  -5.5253  -4.9330  -4.8804  -1.7295  -1.7210  -1.1679  -1.0506
    -0.4632  -0.3700  -0.2775  -0.2362  -0.1319  -0.0609  -0.0171   0.0883

          k = 0.0000-0.0998 0.6061 ( 25899 PWs)   bands (ev):

   -24.4106 -24.4088 -10.0331 -10.0281  -9.7329  -9.7152  -9.6616  -9.6513
    -5.4242  -5.2914  -5.1669  -5.0310  -1.6290  -1.5357  -1.4341  -1.1898
    -0.5977  -0.5561  -0.2896  -0.1738  -0.0287   0.0066   0.1090   0.1402

          k = 0.2000 0.0000 0.0000 ( 25878 PWs)   bands (ev):

   -24.4243 -24.4192  -9.8996  -9.8511  -9.7015  -9.6709  -9.5894  -9.5489
    -6.2440  -5.5161  -4.9461  -4.9211  -1.9277  -1.0591  -1.0003  -0.9567
    -0.4670  -0.4302  -0.4054  -0.3093  -0.0842   0.0002   0.2206   0.2424

          k = 0.2000-0.4991 0.0000 ( 25876 PWs)   bands (ev):

   -24.4218 -24.4218  -9.8749  -9.8749  -9.6966  -9.6966  -9.5689  -9.5689
    -5.7842  -5.7842  -5.0916  -5.0916  -1.4449  -1.4449  -0.8047  -0.8047
    -0.5635  -0.5635  -0.1998  -0.1998  -0.0641  -0.0641   0.0664   0.0664

          k = 0.2000 0.0000 0.3031 ( 25877 PWs)   bands (ev):

   -24.4192 -24.4151  -9.8439  -9.8258  -9.7647  -9.7553  -9.6779  -9.6440
    -5.9220  -5.2948  -5.0606  -5.0529  -1.6842  -1.4247  -1.1946  -0.8324
    -0.6638  -0.5542  -0.4003  -0.1577  -0.1380   0.1011   0.1714   0.2058

          k = 0.2000-0.4991 0.3031 ( 25896 PWs)   bands (ev):

   -24.4171 -24.4171  -9.8409  -9.8409  -9.7558  -9.7558  -9.6642  -9.6642
    -5.5520  -5.5520  -5.1499  -5.1499  -1.4881  -1.4881  -1.0395  -1.0395
    -0.4779  -0.4779  -0.2604  -0.2604  -0.0504  -0.0504   0.1062   0.1062

          k = 0.2000 0.0000 0.6061 ( 25910 PWs)   bands (ev):

   -24.4105 -24.4089 -10.0395 -10.0350  -9.7271  -9.7041  -9.6668  -9.6507
    -5.4079  -5.2887  -5.1754  -5.0253  -1.8331  -1.6865  -1.2778  -1.0228
    -0.5629  -0.4405  -0.2723  -0.2241  -0.0444   0.0201   0.0473   0.1592

          k = 0.2000-0.4991 0.6061 ( 25914 PWs)   bands (ev):

   -24.4097 -24.4097 -10.0405 -10.0405  -9.7098  -9.7098  -9.6605  -9.6605
    -5.5045  -5.5045  -4.9374  -4.9374  -1.7674  -1.7674  -1.1431  -1.1431
    -0.4484  -0.4484  -0.1737  -0.1737  -0.0552  -0.0552   0.0606   0.0606

          k = 0.2000 0.1997 0.0000 ( 25883 PWs)   bands (ev):

   -24.4238 -24.4197  -9.9090  -9.8226  -9.7443  -9.6541  -9.5855  -9.5526
    -6.1587  -5.5118  -5.0809  -4.9214  -1.7734  -1.2510  -1.0713  -0.6966
    -0.5244  -0.4617  -0.2811  -0.2213  -0.1338  -0.0547   0.1321   0.2152

          k = 0.2000-0.2995 0.0000 ( 25876 PWs)   bands (ev):

   -24.4233 -24.4203  -9.9067  -9.8237  -9.7478  -9.6580  -9.5809  -9.5571
    -6.0582  -5.5462  -5.1416  -4.9651  -1.6278  -1.3320  -1.0839  -0.5539
    -0.5316  -0.5052  -0.3215  -0.1656  -0.1590  -0.0407   0.0881   0.1589

          k = 0.2000 0.1997 0.3031 ( 25901 PWs)   bands (ev):

   -24.4188 -24.4155  -9.8528  -9.8092  -9.7856  -9.7426  -9.6793  -9.6457
    -5.8544  -5.2744  -5.1857  -5.0420  -1.5935  -1.4408  -1.2710  -0.7308
    -0.6557  -0.5312  -0.3995  -0.1699  -0.1061   0.0618   0.1290   0.1889

          k = 0.2000-0.2995 0.3031 ( 25907 PWs)   bands (ev):

   -24.4184 -24.4159  -9.8543  -9.8093  -9.7889  -9.7375  -9.6794  -9.6489
    -5.7745  -5.3113  -5.2255  -5.0679  -1.5303  -1.4468  -1.2782  -0.7745
    -0.5945  -0.4670  -0.4126  -0.1654  -0.0850   0.0128   0.1158   0.1536

          k = 0.2000 0.1997 0.6061 ( 25915 PWs)   bands (ev):

   -24.4103 -24.4090 -10.0458 -10.0304  -9.7334  -9.6882  -9.6713  -9.6535
    -5.4921  -5.3089  -5.1484  -4.9433  -1.8297  -1.6853  -1.2597  -1.0660
    -0.5136  -0.3864  -0.2833  -0.1688  -0.1173  -0.0014   0.0424   0.1596

          k = 0.2000-0.2995 0.6061 ( 25920 PWs)   bands (ev):

   -24.4101 -24.4092 -10.0466 -10.0316  -9.7307  -9.6859  -9.6720  -9.6553
    -5.5223  -5.3888  -5.0644  -4.9131  -1.8210  -1.6975  -1.2358  -1.0845
    -0.5060  -0.3142  -0.3024  -0.1679  -0.1111  -0.0050   0.0167   0.1447

          k = 0.2000 0.3993 0.0000 ( 25889 PWs)   bands (ev):

   -24.4225 -24.4210  -9.8952  -9.8484  -9.7246  -9.6730  -9.5752  -9.5626
    -5.9290  -5.6449  -5.1400  -5.0266  -1.5106  -1.3938  -0.9976  -0.5678
    -0.5675  -0.5415  -0.3525  -0.1043  -0.1020  -0.0426   0.0281   0.1162

          k = 0.2000-0.0998 0.0000 ( 25883 PWs)   bands (ev):

   -24.4242 -24.4193  -9.9041  -9.8408  -9.7188  -9.6614  -9.5884  -9.5498
    -6.2223  -5.5126  -4.9982  -4.9071  -1.8861  -1.1492  -1.0212  -0.8543
    -0.4876  -0.4228  -0.3851  -0.2801  -0.0745  -0.0267   0.1775   0.2484

          k = 0.2000 0.3993 0.3031 ( 25902 PWs)   bands (ev):

   -24.4178 -24.4165  -9.8505  -9.8261  -9.7729  -9.7422  -9.6738  -9.6551
    -5.6710  -5.4271  -5.1927  -5.1062  -1.5052  -1.4646  -1.1853  -0.8926
    -0.5260  -0.4404  -0.3706  -0.1757  -0.0838  -0.0145   0.0950   0.1293

          k = 0.2000-0.0998 0.3031 ( 25904 PWs)   bands (ev):

   -24.4191 -24.4152  -9.8476  -9.8202  -9.7713  -9.7509  -9.6781  -9.6444
    -5.9048  -5.2889  -5.1081  -5.0359  -1.6588  -1.4303  -1.2218  -0.7961
    -0.6560  -0.5563  -0.3977  -0.1632  -0.1293   0.0985   0.1452   0.2090

          k = 0.2000 0.3993 0.6061 ( 25926 PWs)   bands (ev):

   -24.4099 -24.4094 -10.0447 -10.0355  -9.7222  -9.6964  -9.6657  -9.6572
    -5.5269  -5.4569  -4.9908  -4.9106  -1.8007  -1.7282  -1.1936  -1.1049
    -0.4883  -0.3829  -0.2401  -0.1304  -0.0953  -0.0224   0.0113   0.1126

          k = 0.2000-0.0998 0.6061 ( 25903 PWs)   bands (ev):

   -24.4104 -24.4089 -10.0426 -10.0324  -9.7304  -9.6982  -9.6678  -9.6516
    -5.4434  -5.2533  -5.2072  -4.9922  -1.8324  -1.6853  -1.2728  -1.0386
    -0.5385  -0.4365  -0.2742  -0.2071  -0.0658   0.0221   0.0361   0.1628

          k = 0.4000 0.0000 0.0000 ( 25912 PWs)   bands (ev):

   -24.4227 -24.4208  -9.8482  -9.8204  -9.7492  -9.7289  -9.5768  -9.5613
    -5.9811  -5.6803  -5.0163  -4.9970  -1.6349  -1.3106  -0.8423  -0.6010
    -0.4869  -0.4069  -0.3989  -0.2940  -0.2450  -0.1929   0.0343   0.1273

          k = 0.4000-0.4991 0.0000 ( 25918 PWs)   bands (ev):

   -24.4217 -24.4217  -9.9160  -9.9160  -9.6533  -9.6533  -9.5687  -9.5687
    -5.8095  -5.8095  -5.0605  -5.0605  -1.3585  -1.3585  -0.8624  -0.8624
    -0.5981  -0.5981  -0.2359  -0.2359  -0.0268  -0.0268   0.0445   0.0445

          k = 0.4000 0.0000 0.3031 ( 25937 PWs)   bands (ev):

   -24.4179 -24.4164  -9.8254  -9.8105  -9.7905  -9.7545  -9.6835  -9.6602
    -5.6969  -5.4275  -5.1314  -5.1027  -1.5368  -1.3794  -1.2290  -0.8636
    -0.5851  -0.4423  -0.4380  -0.3326  -0.0806   0.0266   0.1459   0.1567

          k = 0.4000-0.4991 0.3031 ( 25910 PWs)   bands (ev):

   -24.4171 -24.4171  -9.8599  -9.8599  -9.7583  -9.7583  -9.6444  -9.6444
    -5.5285  -5.5285  -5.1646  -5.1646  -1.4575  -1.4575  -1.1582  -1.1582
    -0.3645  -0.3645  -0.2271  -0.2271  -0.0569  -0.0569   0.0583   0.0583

          k = 0.4000 0.0000 0.6061 ( 25894 PWs)   bands (ev):

   -24.4100 -24.4094 -10.0514 -10.0495  -9.7052  -9.6848  -9.6749  -9.6574
    -5.4179  -5.3776  -5.0692  -5.0038  -1.9761  -1.9148  -1.0290  -0.8794
    -0.4695  -0.3563  -0.3196  -0.2003  -0.1114   0.0274   0.0713   0.0999

          k = 0.4000-0.4991 0.6061 ( 25946 PWs)   bands (ev):

   -24.4097 -24.4097 -10.0268 -10.0268  -9.7365  -9.7365  -9.6550  -9.6550
    -5.3879  -5.3879  -5.0407  -5.0407  -1.8070  -1.8070  -1.2579  -1.2579
    -0.3729  -0.3729  -0.1112  -0.1112  -0.0693  -0.0693   0.1526   0.1526

          k = 0.4000 0.1997 0.0000 ( 25891 PWs)   bands (ev):

   -24.4225 -24.4210  -9.8927  -9.8457  -9.7289  -9.6766  -9.5752  -9.5627
    -5.9501  -5.6934  -5.0634  -4.9907  -1.5527  -1.3331  -0.8593  -0.6274
    -0.5157  -0.4831  -0.4575  -0.2506  -0.1746  -0.1046   0.0241   0.1456

          k = 0.4000-0.2995 0.0000 ( 25868 PWs)   bands (ev):

   -24.4223 -24.4212  -9.9112  -9.8765  -9.6972  -9.6565  -9.5734  -9.5643
    -5.9127  -5.7175  -5.0805  -5.0071  -1.4717  -1.3423  -0.9114  -0.6331
    -0.5646  -0.5392  -0.4579  -0.2004  -0.1055  -0.0553   0.0236   0.1240

          k = 0.4000 0.1997 0.3031 ( 25906 PWs)   bands (ev):

   -24.4178 -24.4165  -9.8452  -9.8243  -9.7831  -9.7489  -9.6722  -9.6512
    -5.6644  -5.4324  -5.1658  -5.1054  -1.5166  -1.3970  -1.2448  -0.9283
    -0.5306  -0.4273  -0.3688  -0.2696  -0.0926   0.0071   0.1103   0.1505

          k = 0.4000-0.2995 0.3031 ( 25893 PWs)   bands (ev):

   -24.4176 -24.4167  -9.8556  -9.8395  -9.7747  -9.7487  -9.6614  -9.6451
    -5.6267  -5.4485  -5.1813  -5.1202  -1.4994  -1.4102  -1.2468  -1.0001
    -0.4609  -0.3993  -0.3241  -0.2187  -0.0889  -0.0225   0.0762   0.1321

          k = 0.4000 0.1997 0.6061 ( 25937 PWs)   bands (ev):

   -24.4099 -24.4094 -10.0472 -10.0381  -9.7241  -9.6983  -9.6647  -9.6554
    -5.4400  -5.3329  -5.1052  -4.9866  -1.9391  -1.8793  -1.0777  -1.0087
    -0.4584  -0.3509  -0.3061  -0.2053  -0.0513   0.0123   0.0864   0.1658

          k = 0.4000-0.2995 0.6061 ( 25923 PWs)   bands (ev):

   -24.4098 -24.4095 -10.0401 -10.0305  -9.7348  -9.7123  -9.6595  -9.6546
    -5.4361  -5.3302  -5.1044  -4.9905  -1.8960  -1.8406  -1.1540  -1.1186
    -0.4413  -0.3220  -0.2570  -0.2078  -0.0277  -0.0003   0.1133   0.1787

          k = 0.4000 0.3993 0.0000 ( 25911 PWs)   bands (ev):

   -24.4220 -24.4214  -9.9194  -9.9012  -9.6705  -9.6484  -9.5711  -9.5663
    -5.8640  -5.7577  -5.0790  -5.0332  -1.3996  -1.3452  -0.9239  -0.7472
    -0.5930  -0.5794  -0.3508  -0.1745  -0.0539  -0.0275   0.0181   0.0864

          k = 0.4000-0.0998 0.0000 ( 25895 PWs)   bands (ev):

   -24.4227 -24.4208  -9.8672  -9.8202  -9.7533  -9.7053  -9.5764  -9.5617
    -5.9733  -5.6829  -5.0358  -4.9891  -1.6129  -1.3183  -0.8352  -0.6336
    -0.4546  -0.4536  -0.4240  -0.2567  -0.2493  -0.1617   0.0258   0.1400

          k = 0.4000 0.3993 0.3031 ( 25901 PWs)   bands (ev):

   -24.4174 -24.4169  -9.8610  -9.8524  -9.7661  -9.7522  -9.6512  -9.6423
    -5.5795  -5.4818  -5.1804  -5.1419  -1.4807  -1.4313  -1.2180  -1.0812
    -0.3947  -0.3695  -0.2876  -0.1807  -0.1014  -0.0166   0.0339   0.1018

          k = 0.4000-0.0998 0.3031 ( 25900 PWs)   bands (ev):

   -24.4179 -24.4164  -9.8328  -9.8125  -9.7894  -9.7521  -9.6804  -9.6575
    -5.6886  -5.4279  -5.1437  -5.1009  -1.5310  -1.3853  -1.2336  -0.8800
    -0.5722  -0.4513  -0.4049  -0.3151  -0.0871   0.0257   0.1310   0.1596

          k = 0.4000 0.3993 0.6061 ( 25924 PWs)   bands (ev):

   -24.4098 -24.4096 -10.0323 -10.0260  -9.7396  -9.7263  -9.6565  -9.6545
    -5.4176  -5.3541  -5.0772  -5.0094  -1.8452  -1.8072  -1.2357  -1.2083
    -0.4089  -0.3398  -0.1733  -0.1610  -0.0385  -0.0294   0.1340   0.1706

          k = 0.4000-0.0998 0.6061 ( 25904 PWs)   bands (ev):

   -24.4100 -24.4094 -10.0511 -10.0455  -9.7118  -9.6880  -9.6713  -9.6566
    -5.4300  -5.3582  -5.0840  -4.9953  -1.9667  -1.9058  -1.0391  -0.9150
    -0.4656  -0.3673  -0.3171  -0.1987  -0.0872   0.0202   0.0651   0.1320

     highest occupied level (ev):     0.2847

     Writing config to output data dir ./_ph0/pwscf.q_3/pwscf.save/ :
     XML data file

                                                                                

     bravais-lattice index     =            8
     lattice parameter (alat)  =      13.2392  a.u.
     unit-cell volume          =    1533.9930 (a.u.)^3
     number of atoms/cell      =           22
     number of atomic types    =            3
     kinetic-energy cut-off    =     100.0000  Ry
     charge density cut-off    =     800.0000  Ry
     convergence threshold     =      1.0E-14
     beta                      =       0.7000
     number of iterations used =            4
     Exchange-correlation= PBESOL
                           (   1   4  10   8   0   0   0)


     celldm(1)=   13.23919  celldm(2)=    1.00171  celldm(3)=    0.65993
     celldm(4)=    0.00000  celldm(5)=    0.00000  celldm(6)=    0.00000

     crystal axes: (cart. coord. in units of alat)
               a(1) = (  1.0000  0.0000  0.0000 )  
               a(2) = (  0.0000  1.0017  0.0000 )  
               a(3) = (  0.0000  0.0000  0.6599 )  

     reciprocal axes: (cart. coord. in units 2 pi/alat)
               b(1) = (  1.0000  0.0000  0.0000 )  
               b(2) = (  0.0000  0.9983  0.0000 )  
               b(3) = (  0.0000  0.0000  1.5153 )  


     Atoms inside the unit cell: 

     Cartesian axes

     site n.  atom      mass           positions (alat units)
        1  Ba    137.3270   tau(    1) = (    0.50000    0.50085    0.32997  )
        2  Ba    137.3270   tau(    2) = (    0.00000    0.00000    0.65993  )
        3  B      10.8110   tau(    3) = (    0.62465    0.25183    0.00000  )
        4  B      10.8110   tau(    4) = (    0.37535    0.74988    0.00000  )
        5  B      10.8110   tau(    5) = (    0.12465    0.24902    0.32996  )
        6  B      10.8110   tau(    6) = (    0.87535    0.75268    0.32996  )
        7  H       1.0079   tau(    7) = (    0.45220    0.28696   -0.00001  )
        8  H       1.0079   tau(    8) = (    0.54780    0.71474   -0.00001  )
        9  H       1.0079   tau(    9) = (    0.95220    0.21389    0.32998  )
       10  H       1.0079   tau(   10) = (    0.04780    0.78781    0.32998  )
       11  H       1.0079   tau(   11) = (    0.71673    0.40264    0.00000  )
       12  H       1.0079   tau(   12) = (    0.28327    0.59906    0.00000  )
       13  H       1.0079   tau(   13) = (    0.21673    0.09821    0.32996  )
       14  H       1.0079   tau(   14) = (    0.78327    0.90350    0.32996  )
       15  H       1.0079   tau(   15) = (    0.66144    0.16033    0.51466  )
       16  H       1.0079   tau(   16) = (    0.33856    0.84138    0.51466  )
       17  H       1.0079   tau(   17) = (    0.16144    0.34053    0.47524  )
       18  H       1.0079   tau(   18) = (    0.83856    0.66118    0.47524  )
       19  H       1.0079   tau(   19) = (    0.33856    0.84138    0.14529  )
       20  H       1.0079   tau(   20) = (    0.66144    0.16033    0.14529  )
       21  H       1.0079   tau(   21) = (    0.83856    0.66118    0.18468  )
       22  H       1.0079   tau(   22) = (    0.16144    0.34053    0.18468  )

     Computing dynamical matrix for 
                    q = (   0.0000000  -0.4991487   0.0000000 )

      5 Sym.Ops. (with q -> -q+G )


     G cutoff = 3551.8357  (  24424 G-vectors)     FFT grid: (120,120, 80)
     G cutoff = 1775.9178  (   8639 G-vectors)  smooth grid: ( 90, 90, 60)
     number of k points=    54

     PseudoPot. # 1 for B  read from file:
     /home/mehlhorn/pseudos/b_pbesol_v1.4.uspp.F.UPF
     MD5 check sum: 369b69bef2c3aeed4453bd8b804fd6a8
     Pseudo is Ultrasoft + core correction, Zval =  3.0
     Generated by new atomic code, or converted to UPF format
     Using radial grid of  781 points,  4 beta functions with: 
                l(1) =   0
                l(2) =   0
                l(3) =   1
                l(4) =   1
     Q(r) pseudized with  8 coefficients,  rinner =    1.100   1.100   1.100


     PseudoPot. # 2 for Ba read from file:
     /home/mehlhorn/pseudos/Ba.nc.z_10.oncvpsp4.dojo.v4-sp.upf
     MD5 check sum: c10ed334bb677c0554edec7181ce9143
     Pseudo is Norm-conserving + core correction, Zval = 10.0
     Generated using ONCVPSP code by D. R. Hamann
     Using radial grid of 1938 points,  8 beta functions with: 
                l(1) =   0
                l(2) =   0
                l(3) =   1
                l(4) =   1
                l(5) =   2
                l(6) =   2
                l(7) =   3
                l(8) =   3

     PseudoPot. # 3 for H  read from file:
     /home/mehlhorn/pseudos/H_ONCV_PBEsol-1.0.upf
     MD5 check sum: 398ef8f67c0a7342c05c87c5e19ea467
     Pseudo is Norm-conserving, Zval =  1.0
     Generated using ONCVPSP code by D. R. Hamann
     Using radial grid of 1180 points,  2 beta functions with: 
                l(1) =   0
                l(2) =   0


     Atomic displacements:
     There are   33 irreducible representations

     Representation     1      2 modes -  To be done

     Representation     2      2 modes -  To be done

     Representation     3      2 modes -  To be done

     Representation     4      2 modes -  To be done

     Representation     5      2 modes -  To be done

     Representation     6      2 modes -  To be done

     Representation     7      2 modes -  To be done

     Representation     8      2 modes -  To be done

     Representation     9      2 modes -  To be done

     Representation    10      2 modes -  To be done

     Representation    11      2 modes -  To be done

     Representation    12      2 modes -  To be done

     Representation    13      2 modes -  To be done

     Representation    14      2 modes -  To be done

     Representation    15      2 modes -  To be done

     Representation    16      2 modes -  To be done

     Representation    17      2 modes -  To be done

     Representation    18      2 modes -  To be done

     Representation    19      2 modes -  To be done

     Representation    20      2 modes -  To be done

     Representation    21      2 modes -  To be done

     Representation    22      2 modes -  To be done

     Representation    23      2 modes -  To be done

     Representation    24      2 modes -  To be done

     Representation    25      2 modes -  To be done

     Representation    26      2 modes -  To be done

     Representation    27      2 modes -  To be done

     Representation    28      2 modes -  To be done

     Representation    29      2 modes -  To be done

     Representation    30      2 modes -  To be done

     Representation    31      2 modes -  To be done

     Representation    32      2 modes -  To be done

     Representation    33      2 modes -  To be done



     Alpha used in Ewald sum =   2.8000
     PHONON       :     21h19m CPU     21h32m WALL



     Representation #   1 modes #   1   2

     Self-consistent Calculation

      iter #   1 total cpu time : 77664.1 secs   av.it.:   4.0
      thresh= 1.000E-02 alpha_mix =  0.700 |ddv_scf|^2 =  2.604E-09

      iter #   2 total cpu time : 77856.0 secs   av.it.:  16.8
      thresh= 5.103E-06 alpha_mix =  0.700 |ddv_scf|^2 =  1.679E-09

      iter #   3 total cpu time : 78033.1 secs   av.it.:  15.0
      thresh= 4.098E-06 alpha_mix =  0.700 |ddv_scf|^2 =  9.277E-11

      iter #   4 total cpu time : 78215.1 secs   av.it.:  15.7
      thresh= 9.632E-07 alpha_mix =  0.700 |ddv_scf|^2 =  1.062E-12

      iter #   5 total cpu time : 78408.2 secs   av.it.:  16.9
      thresh= 1.031E-07 alpha_mix =  0.700 |ddv_scf|^2 =  1.844E-13

      iter #   6 total cpu time : 78599.2 secs   av.it.:  16.3
      thresh= 4.294E-08 alpha_mix =  0.700 |ddv_scf|^2 =  2.533E-15

     End of self-consistent calculation

     Convergence has been achieved 


     Representation #   2 modes #   3   4

     Self-consistent Calculation

      iter #   1 total cpu time : 78683.2 secs   av.it.:   3.0
      thresh= 1.000E-02 alpha_mix =  0.700 |ddv_scf|^2 =  3.075E-10

      iter #   2 total cpu time : 78886.6 secs   av.it.:  17.0
      thresh= 1.754E-06 alpha_mix =  0.700 |ddv_scf|^2 =  1.453E-10

      iter #   3 total cpu time : 79078.6 secs   av.it.:  16.0
      thresh= 1.206E-06 alpha_mix =  0.700 |ddv_scf|^2 =  1.400E-11

      iter #   4 total cpu time : 79266.9 secs   av.it.:  15.1
      thresh= 3.742E-07 alpha_mix =  0.700 |ddv_scf|^2 =  3.061E-13

      iter #   5 total cpu time : 79469.6 secs   av.it.:  16.9
      thresh= 5.532E-08 alpha_mix =  0.700 |ddv_scf|^2 =  1.898E-14

      iter #   6 total cpu time : 79665.8 secs   av.it.:  16.9
      thresh= 1.378E-08 alpha_mix =  0.700 |ddv_scf|^2 =  1.076E-15

     End of self-consistent calculation

     Convergence has been achieved 


     Representation #   3 modes #   5   6

     Self-consistent Calculation

      iter #   1 total cpu time : 79751.2 secs   av.it.:   3.1
      thresh= 1.000E-02 alpha_mix =  0.700 |ddv_scf|^2 =  7.425E-10

      iter #   2 total cpu time : 79945.2 secs   av.it.:  17.0
      thresh= 2.725E-06 alpha_mix =  0.700 |ddv_scf|^2 =  8.048E-10

      iter #   3 total cpu time : 80123.3 secs   av.it.:  15.1
      thresh= 2.837E-06 alpha_mix =  0.700 |ddv_scf|^2 =  1.345E-11

      iter #   4 total cpu time : 80325.9 secs   av.it.:  16.3
      thresh= 3.668E-07 alpha_mix =  0.700 |ddv_scf|^2 =  1.217E-12

      iter #   5 total cpu time : 80525.9 secs   av.it.:  16.0
      thresh= 1.103E-07 alpha_mix =  0.700 |ddv_scf|^2 =  3.257E-14

      iter #   6 total cpu time : 80734.2 secs   av.it.:  16.9
      thresh= 1.805E-08 alpha_mix =  0.700 |ddv_scf|^2 =  2.154E-15

     End of self-consistent calculation

     Convergence has been achieved 


     Representation #   4 modes #   7   8

     Self-consistent Calculation

      iter #   1 total cpu time : 80824.6 secs   av.it.:   3.0
      thresh= 1.000E-02 alpha_mix =  0.700 |ddv_scf|^2 =  1.823E-09

      iter #   2 total cpu time : 81027.0 secs   av.it.:  16.0
      thresh= 4.269E-06 alpha_mix =  0.700 |ddv_scf|^2 =  1.848E-09

      iter #   3 total cpu time : 81216.1 secs   av.it.:  15.0
      thresh= 4.299E-06 alpha_mix =  0.700 |ddv_scf|^2 =  1.449E-11

      iter #   4 total cpu time : 81416.4 secs   av.it.:  16.0
      thresh= 3.806E-07 alpha_mix =  0.700 |ddv_scf|^2 =  7.995E-13

      iter #   5 total cpu time : 81622.2 secs   av.it.:  16.3
      thresh= 8.941E-08 alpha_mix =  0.700 |ddv_scf|^2 =  3.118E-14

      iter #   6 total cpu time : 81829.7 secs   av.it.:  16.7
      thresh= 1.766E-08 alpha_mix =  0.700 |ddv_scf|^2 =  6.091E-15

     End of self-consistent calculation

     Convergence has been achieved 


     Representation #   5 modes #   9  10

     Self-consistent Calculation

      iter #   1 total cpu time : 81922.7 secs   av.it.:   3.9
      thresh= 1.000E-02 alpha_mix =  0.700 |ddv_scf|^2 =  4.581E-09

      iter #   2 total cpu time : 82112.3 secs   av.it.:  16.0
      thresh= 6.768E-06 alpha_mix =  0.700 |ddv_scf|^2 =  5.874E-09

      iter #   3 total cpu time : 82289.5 secs   av.it.:  15.0
      thresh= 7.664E-06 alpha_mix =  0.700 |ddv_scf|^2 =  1.972E-11

      iter #   4 total cpu time : 82479.8 secs   av.it.:  16.0
      thresh= 4.441E-07 alpha_mix =  0.700 |ddv_scf|^2 =  1.190E-12

      iter #   5 total cpu time : 82668.4 secs   av.it.:  16.0
      thresh= 1.091E-07 alpha_mix =  0.700 |ddv_scf|^2 =  1.121E-13

      iter #   6 total cpu time : 82857.9 secs   av.it.:  15.9
      thresh= 3.348E-08 alpha_mix =  0.700 |ddv_scf|^2 =  9.928E-15

     End of self-consistent calculation

     Convergence has been achieved 


     Representation #   6 modes #  11  12

     Self-consistent Calculation

      iter #   1 total cpu time : 82947.3 secs   av.it.:   3.0
      thresh= 1.000E-02 alpha_mix =  0.700 |ddv_scf|^2 =  2.638E-10

      iter #   2 total cpu time : 83158.4 secs   av.it.:  17.0
      thresh= 1.624E-06 alpha_mix =  0.700 |ddv_scf|^2 =  5.300E-11

      iter #   3 total cpu time : 83367.3 secs   av.it.:  17.0
      thresh= 7.280E-07 alpha_mix =  0.700 |ddv_scf|^2 =  1.072E-12

      iter #   4 total cpu time : 83602.4 secs   av.it.:  17.0
      thresh= 1.035E-07 alpha_mix =  0.700 |ddv_scf|^2 =  7.349E-14

      iter #   5 total cpu time : 83798.1 secs   av.it.:  17.0
      thresh= 2.711E-08 alpha_mix =  0.700 |ddv_scf|^2 =  3.033E-15

     End of self-consistent calculation

     Convergence has been achieved 


     Representation #   7 modes #  13  14

     Self-consistent Calculation

      iter #   1 total cpu time : 83884.5 secs   av.it.:   3.1
      thresh= 1.000E-02 alpha_mix =  0.700 |ddv_scf|^2 =  3.330E-09

      iter #   2 total cpu time : 84080.2 secs   av.it.:  16.0
      thresh= 5.771E-06 alpha_mix =  0.700 |ddv_scf|^2 =  3.877E-09

      iter #   3 total cpu time : 84260.0 secs   av.it.:  15.0
      thresh= 6.226E-06 alpha_mix =  0.700 |ddv_scf|^2 =  1.861E-11

      iter #   4 total cpu time : 84447.8 secs   av.it.:  16.0
      thresh= 4.314E-07 alpha_mix =  0.700 |ddv_scf|^2 =  1.251E-12

      iter #   5 total cpu time : 84637.2 secs   av.it.:  16.0
      thresh= 1.118E-07 alpha_mix =  0.700 |ddv_scf|^2 =  8.795E-14

      iter #   6 total cpu time : 84826.0 secs   av.it.:  16.0
      thresh= 2.966E-08 alpha_mix =  0.700 |ddv_scf|^2 =  7.915E-15

     End of self-consistent calculation

     Convergence has been achieved 


     Representation #   8 modes #  15  16

     Self-consistent Calculation

      iter #   1 total cpu time : 84944.8 secs   av.it.:   6.7
      thresh= 1.000E-02 alpha_mix =  0.700 |ddv_scf|^2 =  4.987E-08

      iter #   2 total cpu time : 85135.1 secs   av.it.:  16.1
      thresh= 2.233E-05 alpha_mix =  0.700 |ddv_scf|^2 =  5.416E-08

      iter #   3 total cpu time : 85312.5 secs   av.it.:  15.0
      thresh= 2.327E-05 alpha_mix =  0.700 |ddv_scf|^2 =  5.055E-10

      iter #   4 total cpu time : 85511.2 secs   av.it.:  16.0
      thresh= 2.248E-06 alpha_mix =  0.700 |ddv_scf|^2 =  1.383E-11

      iter #   5 total cpu time : 85715.6 secs   av.it.:  16.2
      thresh= 3.719E-07 alpha_mix =  0.700 |ddv_scf|^2 =  1.115E-12

      iter #   6 total cpu time : 85922.8 secs   av.it.:  16.8
      thresh= 1.056E-07 alpha_mix =  0.700 |ddv_scf|^2 =  3.889E-14

      iter #   7 total cpu time : 86113.4 secs   av.it.:  16.0
      thresh= 1.972E-08 alpha_mix =  0.700 |ddv_scf|^2 =  2.286E-15

     End of self-consistent calculation

     Convergence has been achieved 


     Representation #   9 modes #  17  18

     Self-consistent Calculation

      iter #   1 total cpu time : 86211.4 secs   av.it.:   4.6
      thresh= 1.000E-02 alpha_mix =  0.700 |ddv_scf|^2 =  7.781E-09

      iter #   2 total cpu time : 86411.0 secs   av.it.:  16.0
      thresh= 8.821E-06 alpha_mix =  0.700 |ddv_scf|^2 =  1.011E-08

      iter #   3 total cpu time : 86586.3 secs   av.it.:  15.0
      thresh= 1.005E-05 alpha_mix =  0.700 |ddv_scf|^2 =  5.346E-11

      iter #   4 total cpu time : 86776.1 secs   av.it.:  16.1
      thresh= 7.312E-07 alpha_mix =  0.700 |ddv_scf|^2 =  4.747E-12

      iter #   5 total cpu time : 86965.7 secs   av.it.:  16.1
      thresh= 2.179E-07 alpha_mix =  0.700 |ddv_scf|^2 =  3.438E-13

      iter #   6 total cpu time : 87168.3 secs   av.it.:  16.2
      thresh= 5.863E-08 alpha_mix =  0.700 |ddv_scf|^2 =  1.024E-14

      iter #   7 total cpu time : 87376.9 secs   av.it.:  17.0
      thresh= 1.012E-08 alpha_mix =  0.700 |ddv_scf|^2 =  1.135E-15

     End of self-consistent calculation

     Convergence has been achieved 


     Representation #  10 modes #  19  20

     Self-consistent Calculation

      iter #   1 total cpu time : 87462.7 secs   av.it.:   3.1
      thresh= 1.000E-02 alpha_mix =  0.700 |ddv_scf|^2 =  4.547E-10

      iter #   2 total cpu time : 87672.4 secs   av.it.:  17.0
      thresh= 2.132E-06 alpha_mix =  0.700 |ddv_scf|^2 =  1.967E-10

      iter #   3 total cpu time : 87874.5 secs   av.it.:  16.0
      thresh= 1.403E-06 alpha_mix =  0.700 |ddv_scf|^2 =  1.314E-11

      iter #   4 total cpu time : 88063.5 secs   av.it.:  15.0
      thresh= 3.624E-07 alpha_mix =  0.700 |ddv_scf|^2 =  9.034E-13

      iter #   5 total cpu time : 88246.7 secs   av.it.:  16.0
      thresh= 9.504E-08 alpha_mix =  0.700 |ddv_scf|^2 =  3.320E-14

      iter #   6 total cpu time : 88435.6 secs   av.it.:  16.1
      thresh= 1.822E-08 alpha_mix =  0.700 |ddv_scf|^2 =  2.193E-15

     End of self-consistent calculation

     Convergence has been achieved 


     Representation #  11 modes #  21  22

     Self-consistent Calculation

      iter #   1 total cpu time : 88520.1 secs   av.it.:   3.0
      thresh= 1.000E-02 alpha_mix =  0.700 |ddv_scf|^2 =  2.410E-09

      iter #   2 total cpu time : 88717.0 secs   av.it.:  16.0
      thresh= 4.909E-06 alpha_mix =  0.700 |ddv_scf|^2 =  3.263E-09

      iter #   3 total cpu time : 88896.2 secs   av.it.:  14.9
      thresh= 5.712E-06 alpha_mix =  0.700 |ddv_scf|^2 =  7.302E-12

      iter #   4 total cpu time : 89090.7 secs   av.it.:  16.6
      thresh= 2.702E-07 alpha_mix =  0.700 |ddv_scf|^2 =  1.063E-12

      iter #   5 total cpu time : 89277.5 secs   av.it.:  16.0
      thresh= 1.031E-07 alpha_mix =  0.700 |ddv_scf|^2 =  6.264E-14

      iter #   6 total cpu time : 89462.1 secs   av.it.:  16.0
      thresh= 2.503E-08 alpha_mix =  0.700 |ddv_scf|^2 =  5.298E-15

     End of self-consistent calculation

     Convergence has been achieved 


     Representation #  12 modes #  23  24

     Self-consistent Calculation

      iter #   1 total cpu time : 89547.0 secs   av.it.:   3.0
      thresh= 1.000E-02 alpha_mix =  0.700 |ddv_scf|^2 =  2.767E-09

      iter #   2 total cpu time : 89742.4 secs   av.it.:  16.0
      thresh= 5.261E-06 alpha_mix =  0.700 |ddv_scf|^2 =  3.458E-09

      iter #   3 total cpu time : 89925.3 secs   av.it.:  14.8
      thresh= 5.881E-06 alpha_mix =  0.700 |ddv_scf|^2 =  6.810E-12

      iter #   4 total cpu time : 90123.6 secs   av.it.:  16.6
      thresh= 2.610E-07 alpha_mix =  0.700 |ddv_scf|^2 =  1.106E-12

      iter #   5 total cpu time : 90318.7 secs   av.it.:  16.0
      thresh= 1.052E-07 alpha_mix =  0.700 |ddv_scf|^2 =  3.340E-14

      iter #   6 total cpu time : 90521.2 secs   av.it.:  16.8
      thresh= 1.828E-08 alpha_mix =  0.700 |ddv_scf|^2 =  1.570E-15

     End of self-consistent calculation

     Convergence has been achieved 


     Representation #  13 modes #  25  26

     Self-consistent Calculation

      iter #   1 total cpu time : 90609.0 secs   av.it.:   3.2
      thresh= 1.000E-02 alpha_mix =  0.700 |ddv_scf|^2 =  3.060E-09

      iter #   2 total cpu time : 90805.2 secs   av.it.:  16.0
      thresh= 5.531E-06 alpha_mix =  0.700 |ddv_scf|^2 =  3.993E-09

      iter #   3 total cpu time : 90989.0 secs   av.it.:  15.0
      thresh= 6.319E-06 alpha_mix =  0.700 |ddv_scf|^2 =  1.744E-11

      iter #   4 total cpu time : 91186.0 secs   av.it.:  16.0
      thresh= 4.176E-07 alpha_mix =  0.700 |ddv_scf|^2 =  6.779E-13

      iter #   5 total cpu time : 91389.9 secs   av.it.:  16.6
      thresh= 8.233E-08 alpha_mix =  0.700 |ddv_scf|^2 =  6.154E-14

      iter #   6 total cpu time : 91588.2 secs   av.it.:  16.0
      thresh= 2.481E-08 alpha_mix =  0.700 |ddv_scf|^2 =  3.354E-15

     End of self-consistent calculation

     Convergence has been achieved 


     Representation #  14 modes #  27  28

     Self-consistent Calculation

      iter #   1 total cpu time : 91677.7 secs   av.it.:   3.0
      thresh= 1.000E-02 alpha_mix =  0.700 |ddv_scf|^2 =  7.217E-10

      iter #   2 total cpu time : 91886.9 secs   av.it.:  16.9
      thresh= 2.686E-06 alpha_mix =  0.700 |ddv_scf|^2 =  5.981E-10

      iter #   3 total cpu time : 92083.0 secs   av.it.:  15.7
      thresh= 2.446E-06 alpha_mix =  0.700 |ddv_scf|^2 =  1.674E-11

      iter #   4 total cpu time : 92282.0 secs   av.it.:  16.0
      thresh= 4.091E-07 alpha_mix =  0.700 |ddv_scf|^2 =  6.218E-13

      iter #   5 total cpu time : 92488.2 secs   av.it.:  16.3
      thresh= 7.886E-08 alpha_mix =  0.700 |ddv_scf|^2 =  4.507E-14

      iter #   6 total cpu time : 92693.0 secs   av.it.:  16.0
      thresh= 2.123E-08 alpha_mix =  0.700 |ddv_scf|^2 =  3.815E-15

     End of self-consistent calculation

     Convergence has been achieved 


     Representation #  15 modes #  29  30

     Self-consistent Calculation

      iter #   1 total cpu time : 92783.2 secs   av.it.:   3.3
      thresh= 1.000E-02 alpha_mix =  0.700 |ddv_scf|^2 =  7.888E-10

      iter #   2 total cpu time : 92990.3 secs   av.it.:  17.0
      thresh= 2.809E-06 alpha_mix =  0.700 |ddv_scf|^2 =  4.327E-10

      iter #   3 total cpu time : 93188.3 secs   av.it.:  16.0
      thresh= 2.080E-06 alpha_mix =  0.700 |ddv_scf|^2 =  1.521E-11

      iter #   4 total cpu time : 93377.1 secs   av.it.:  15.0
      thresh= 3.900E-07 alpha_mix =  0.700 |ddv_scf|^2 =  1.596E-12

      iter #   5 total cpu time : 93567.3 secs   av.it.:  15.1
      thresh= 1.263E-07 alpha_mix =  0.700 |ddv_scf|^2 =  5.191E-14

      iter #   6 total cpu time : 93766.2 secs   av.it.:  16.0
      thresh= 2.278E-08 alpha_mix =  0.700 |ddv_scf|^2 =  6.569E-15

     End of self-consistent calculation

     Convergence has been achieved 


     Representation #  16 modes #  31  32

     Self-consistent Calculation

      iter #   1 total cpu time : 93851.2 secs   av.it.:   3.0
      thresh= 1.000E-02 alpha_mix =  0.700 |ddv_scf|^2 =  1.841E-09

      iter #   2 total cpu time : 94036.0 secs   av.it.:  16.0
      thresh= 4.291E-06 alpha_mix =  0.700 |ddv_scf|^2 =  2.022E-09

      iter #   3 total cpu time : 94209.9 secs   av.it.:  14.9
      thresh= 4.497E-06 alpha_mix =  0.700 |ddv_scf|^2 =  1.076E-11

      iter #   4 total cpu time : 94396.0 secs   av.it.:  16.0
      thresh= 3.281E-07 alpha_mix =  0.700 |ddv_scf|^2 =  8.912E-13

      iter #   5 total cpu time : 94584.5 secs   av.it.:  16.0
      thresh= 9.441E-08 alpha_mix =  0.700 |ddv_scf|^2 =  5.300E-14

      iter #   6 total cpu time : 94778.7 secs   av.it.:  16.0
      thresh= 2.302E-08 alpha_mix =  0.700 |ddv_scf|^2 =  4.295E-15

     End of self-consistent calculation

     Convergence has been achieved 


     Representation #  17 modes #  33  34

     Self-consistent Calculation

      iter #   1 total cpu time : 94882.3 secs   av.it.:   5.0
      thresh= 1.000E-02 alpha_mix =  0.700 |ddv_scf|^2 =  8.840E-09

      iter #   2 total cpu time : 95085.3 secs   av.it.:  16.9
      thresh= 9.402E-06 alpha_mix =  0.700 |ddv_scf|^2 =  6.617E-09

      iter #   3 total cpu time : 95277.4 secs   av.it.:  15.8
      thresh= 8.134E-06 alpha_mix =  0.700 |ddv_scf|^2 =  1.074E-10

      iter #   4 total cpu time : 95468.3 secs   av.it.:  15.4
      thresh= 1.036E-06 alpha_mix =  0.700 |ddv_scf|^2 =  6.642E-12

      iter #   5 total cpu time : 95664.2 secs   av.it.:  16.0
      thresh= 2.577E-07 alpha_mix =  0.700 |ddv_scf|^2 =  3.011E-13

      iter #   6 total cpu time : 95867.1 secs   av.it.:  16.8
      thresh= 5.487E-08 alpha_mix =  0.700 |ddv_scf|^2 =  1.168E-14

      iter #   7 total cpu time : 96075.3 secs   av.it.:  17.0
      thresh= 1.081E-08 alpha_mix =  0.700 |ddv_scf|^2 =  1.196E-15

     End of self-consistent calculation

     Convergence has been achieved 


     Representation #  18 modes #  35  36

     Self-consistent Calculation

      iter #   1 total cpu time : 96162.9 secs   av.it.:   3.0
      thresh= 1.000E-02 alpha_mix =  0.700 |ddv_scf|^2 =  4.731E-09

      iter #   2 total cpu time : 96356.2 secs   av.it.:  16.0
      thresh= 6.878E-06 alpha_mix =  0.700 |ddv_scf|^2 =  7.595E-09

      iter #   3 total cpu time : 96535.6 secs   av.it.:  14.7
      thresh= 8.715E-06 alpha_mix =  0.700 |ddv_scf|^2 =  6.669E-12

      iter #   4 total cpu time : 96732.2 secs   av.it.:  16.9
      thresh= 2.582E-07 alpha_mix =  0.700 |ddv_scf|^2 =  8.572E-13

      iter #   5 total cpu time : 96917.7 secs   av.it.:  16.0
      thresh= 9.258E-08 alpha_mix =  0.700 |ddv_scf|^2 =  3.306E-14

      iter #   6 total cpu time : 97105.3 secs   av.it.:  16.1
      thresh= 1.818E-08 alpha_mix =  0.700 |ddv_scf|^2 =  1.907E-15

     End of self-consistent calculation

     Convergence has been achieved 


     Representation #  19 modes #  37  38

     Self-consistent Calculation

      iter #   1 total cpu time : 97226.0 secs   av.it.:   6.8
      thresh= 1.000E-02 alpha_mix =  0.700 |ddv_scf|^2 =  1.822E-07

      iter #   2 total cpu time : 97419.4 secs   av.it.:  16.0
      thresh= 4.269E-05 alpha_mix =  0.700 |ddv_scf|^2 =  2.463E-07

      iter #   3 total cpu time : 97600.0 secs   av.it.:  14.9
      thresh= 4.963E-05 alpha_mix =  0.700 |ddv_scf|^2 =  4.840E-10

      iter #   4 total cpu time : 97797.8 secs   av.it.:  16.1
      thresh= 2.200E-06 alpha_mix =  0.700 |ddv_scf|^2 =  2.041E-11

      iter #   5 total cpu time : 97990.5 secs   av.it.:  16.0
      thresh= 4.517E-07 alpha_mix =  0.700 |ddv_scf|^2 =  8.849E-13

      iter #   6 total cpu time : 98185.1 secs   av.it.:  17.0
      thresh= 9.407E-08 alpha_mix =  0.700 |ddv_scf|^2 =  1.222E-13

      iter #   7 total cpu time : 98369.2 secs   av.it.:  16.0
      thresh= 3.495E-08 alpha_mix =  0.700 |ddv_scf|^2 =  5.472E-15

     End of self-consistent calculation

     Convergence has been achieved 


     Representation #  20 modes #  39  40

     Self-consistent Calculation

      iter #   1 total cpu time : 98456.6 secs   av.it.:   3.3
      thresh= 1.000E-02 alpha_mix =  0.700 |ddv_scf|^2 =  1.038E-09

      iter #   2 total cpu time : 98652.1 secs   av.it.:  16.9
      thresh= 3.222E-06 alpha_mix =  0.700 |ddv_scf|^2 =  7.510E-10

      iter #   3 total cpu time : 98837.6 secs   av.it.:  15.9
      thresh= 2.740E-06 alpha_mix =  0.700 |ddv_scf|^2 =  2.707E-11

      iter #   4 total cpu time : 99018.7 secs   av.it.:  15.0
      thresh= 5.203E-07 alpha_mix =  0.700 |ddv_scf|^2 =  5.175E-13

      iter #   5 total cpu time : 99213.5 secs   av.it.:  16.8
      thresh= 7.194E-08 alpha_mix =  0.700 |ddv_scf|^2 =  5.542E-14

      iter #   6 total cpu time : 99410.6 secs   av.it.:  16.0
      thresh= 2.354E-08 alpha_mix =  0.700 |ddv_scf|^2 =  5.697E-15

     End of self-consistent calculation

     Convergence has been achieved 


     Representation #  21 modes #  41  42

     Self-consistent Calculation

      iter #   1 total cpu time : 99514.1 secs   av.it.:   5.0
      thresh= 1.000E-02 alpha_mix =  0.700 |ddv_scf|^2 =  2.470E-08

      iter #   2 total cpu time : 99708.9 secs   av.it.:  16.0
      thresh= 1.572E-05 alpha_mix =  0.700 |ddv_scf|^2 =  3.487E-08

      iter #   3 total cpu time : 99889.2 secs   av.it.:  14.6
      thresh= 1.867E-05 alpha_mix =  0.700 |ddv_scf|^2 =  4.060E-11

      iter #   4 total cpu time :100093.1 secs   av.it.:  17.0
      thresh= 6.372E-07 alpha_mix =  0.700 |ddv_scf|^2 =  5.743E-12

      iter #   5 total cpu time :100290.4 secs   av.it.:  16.0
      thresh= 2.396E-07 alpha_mix =  0.700 |ddv_scf|^2 =  2.382E-13

      iter #   6 total cpu time :100494.6 secs   av.it.:  17.0
      thresh= 4.880E-08 alpha_mix =  0.700 |ddv_scf|^2 =  3.386E-14

      iter #   7 total cpu time :100694.0 secs   av.it.:  16.0
      thresh= 1.840E-08 alpha_mix =  0.700 |ddv_scf|^2 =  1.274E-15

     End of self-consistent calculation

     Convergence has been achieved 


     Representation #  22 modes #  43  44

     Self-consistent Calculation

      iter #   1 total cpu time :100782.3 secs   av.it.:   3.1
      thresh= 1.000E-02 alpha_mix =  0.700 |ddv_scf|^2 =  2.159E-09

      iter #   2 total cpu time :100981.0 secs   av.it.:  16.0
      thresh= 4.647E-06 alpha_mix =  0.700 |ddv_scf|^2 =  1.761E-09

      iter #   3 total cpu time :101172.1 secs   av.it.:  15.0
      thresh= 4.197E-06 alpha_mix =  0.700 |ddv_scf|^2 =  1.521E-11

      iter #   4 total cpu time :101367.0 secs   av.it.:  16.0
      thresh= 3.900E-07 alpha_mix =  0.700 |ddv_scf|^2 =  1.339E-12

      iter #   5 total cpu time :101555.5 secs   av.it.:  16.0
      thresh= 1.157E-07 alpha_mix =  0.700 |ddv_scf|^2 =  2.760E-14

      iter #   6 total cpu time :101750.5 secs   av.it.:  16.6
      thresh= 1.661E-08 alpha_mix =  0.700 |ddv_scf|^2 =  2.548E-15

     End of self-consistent calculation

     Convergence has been achieved 


     Representation #  23 modes #  45  46

     Self-consistent Calculation

      iter #   1 total cpu time :101837.0 secs   av.it.:   3.0
      thresh= 1.000E-02 alpha_mix =  0.700 |ddv_scf|^2 =  5.258E-09

      iter #   2 total cpu time :102023.7 secs   av.it.:  15.9
      thresh= 7.251E-06 alpha_mix =  0.700 |ddv_scf|^2 =  6.351E-09

      iter #   3 total cpu time :102199.3 secs   av.it.:  14.9
      thresh= 7.969E-06 alpha_mix =  0.700 |ddv_scf|^2 =  1.491E-11

      iter #   4 total cpu time :102390.8 secs   av.it.:  16.0
      thresh= 3.861E-07 alpha_mix =  0.700 |ddv_scf|^2 =  9.902E-13

      iter #   5 total cpu time :102583.7 secs   av.it.:  16.0
      thresh= 9.951E-08 alpha_mix =  0.700 |ddv_scf|^2 =  5.473E-14

      iter #   6 total cpu time :102774.1 secs   av.it.:  16.0
      thresh= 2.339E-08 alpha_mix =  0.700 |ddv_scf|^2 =  5.015E-15

     End of self-consistent calculation

     Convergence has been achieved 


     Representation #  24 modes #  47  48

     Self-consistent Calculation

      iter #   1 total cpu time :102861.1 secs   av.it.:   3.0
      thresh= 1.000E-02 alpha_mix =  0.700 |ddv_scf|^2 =  7.583E-10

      iter #   2 total cpu time :103057.6 secs   av.it.:  16.7
      thresh= 2.754E-06 alpha_mix =  0.700 |ddv_scf|^2 =  5.013E-10

      iter #   3 total cpu time :103248.5 secs   av.it.:  15.4
      thresh= 2.239E-06 alpha_mix =  0.700 |ddv_scf|^2 =  6.154E-12

      iter #   4 total cpu time :103437.9 secs   av.it.:  16.0
      thresh= 2.481E-07 alpha_mix =  0.700 |ddv_scf|^2 =  1.448E-12

      iter #   5 total cpu time :103626.1 secs   av.it.:  16.0
      thresh= 1.203E-07 alpha_mix =  0.700 |ddv_scf|^2 =  2.320E-14

      iter #   6 total cpu time :103818.8 secs   av.it.:  16.0
      thresh= 1.523E-08 alpha_mix =  0.700 |ddv_scf|^2 =  2.032E-15

     End of self-consistent calculation

     Convergence has been achieved 


     Representation #  25 modes #  49  50

     Self-consistent Calculation

      iter #   1 total cpu time :103900.9 secs   av.it.:   3.0
      thresh= 1.000E-02 alpha_mix =  0.700 |ddv_scf|^2 =  1.272E-09

      iter #   2 total cpu time :104099.7 secs   av.it.:  16.0
      thresh= 3.567E-06 alpha_mix =  0.700 |ddv_scf|^2 =  1.310E-09

      iter #   3 total cpu time :104283.8 secs   av.it.:  14.9
      thresh= 3.620E-06 alpha_mix =  0.700 |ddv_scf|^2 =  8.957E-12

      iter #   4 total cpu time :104474.3 secs   av.it.:  16.0
      thresh= 2.993E-07 alpha_mix =  0.700 |ddv_scf|^2 =  1.039E-12

      iter #   5 total cpu time :104661.4 secs   av.it.:  16.0
      thresh= 1.019E-07 alpha_mix =  0.700 |ddv_scf|^2 =  3.909E-14

      iter #   6 total cpu time :104849.4 secs   av.it.:  16.0
      thresh= 1.977E-08 alpha_mix =  0.700 |ddv_scf|^2 =  1.619E-15

     End of self-consistent calculation

     Convergence has been achieved 


     Representation #  26 modes #  51  52

     Self-consistent Calculation

      iter #   1 total cpu time :104974.2 secs   av.it.:   6.6
      thresh= 1.000E-02 alpha_mix =  0.700 |ddv_scf|^2 =  9.410E-08

      iter #   2 total cpu time :105163.3 secs   av.it.:  16.0
      thresh= 3.068E-05 alpha_mix =  0.700 |ddv_scf|^2 =  1.258E-07

      iter #   3 total cpu time :105336.8 secs   av.it.:  15.0
      thresh= 3.547E-05 alpha_mix =  0.700 |ddv_scf|^2 =  6.084E-10

      iter #   4 total cpu time :105521.2 secs   av.it.:  16.0
      thresh= 2.467E-06 alpha_mix =  0.700 |ddv_scf|^2 =  1.794E-11

      iter #   5 total cpu time :105709.5 secs   av.it.:  16.2
      thresh= 4.236E-07 alpha_mix =  0.700 |ddv_scf|^2 =  1.088E-12

      iter #   6 total cpu time :105901.8 secs   av.it.:  16.7
      thresh= 1.043E-07 alpha_mix =  0.700 |ddv_scf|^2 =  5.642E-14

      iter #   7 total cpu time :106093.0 secs   av.it.:  16.0
      thresh= 2.375E-08 alpha_mix =  0.700 |ddv_scf|^2 =  2.815E-15

     End of self-consistent calculation

     Convergence has been achieved 


     Representation #  27 modes #  53  54

     Self-consistent Calculation

      iter #   1 total cpu time :106193.8 secs   av.it.:   5.0
      thresh= 1.000E-02 alpha_mix =  0.700 |ddv_scf|^2 =  2.738E-08

      iter #   2 total cpu time :106381.9 secs   av.it.:  16.0
      thresh= 1.655E-05 alpha_mix =  0.700 |ddv_scf|^2 =  4.111E-08

      iter #   3 total cpu time :106556.8 secs   av.it.:  14.5
      thresh= 2.028E-05 alpha_mix =  0.700 |ddv_scf|^2 =  6.185E-11

      iter #   4 total cpu time :106748.3 secs   av.it.:  16.1
      thresh= 7.864E-07 alpha_mix =  0.700 |ddv_scf|^2 =  9.542E-12

      iter #   5 total cpu time :106948.4 secs   av.it.:  16.0
      thresh= 3.089E-07 alpha_mix =  0.700 |ddv_scf|^2 =  2.474E-13

      iter #   6 total cpu time :107154.4 secs   av.it.:  16.5
      thresh= 4.974E-08 alpha_mix =  0.700 |ddv_scf|^2 =  2.910E-14

      iter #   7 total cpu time :107358.5 secs   av.it.:  16.0
      thresh= 1.706E-08 alpha_mix =  0.700 |ddv_scf|^2 =  3.050E-15

     End of self-consistent calculation

     Convergence has been achieved 


     Representation #  28 modes #  55  56

     Self-consistent Calculation

      iter #   1 total cpu time :107448.4 secs   av.it.:   3.1
      thresh= 1.000E-02 alpha_mix =  0.700 |ddv_scf|^2 =  7.120E-10

      iter #   2 total cpu time :107654.7 secs   av.it.:  16.4
      thresh= 2.668E-06 alpha_mix =  0.700 |ddv_scf|^2 =  6.638E-10

      iter #   3 total cpu time :107847.9 secs   av.it.:  15.0
      thresh= 2.576E-06 alpha_mix =  0.700 |ddv_scf|^2 =  9.881E-12

      iter #   4 total cpu time :108047.8 secs   av.it.:  16.0
      thresh= 3.143E-07 alpha_mix =  0.700 |ddv_scf|^2 =  1.186E-12

      iter #   5 total cpu time :108249.2 secs   av.it.:  16.0
      thresh= 1.089E-07 alpha_mix =  0.700 |ddv_scf|^2 =  1.617E-14

      iter #   6 total cpu time :108457.9 secs   av.it.:  17.0
      thresh= 1.272E-08 alpha_mix =  0.700 |ddv_scf|^2 =  1.589E-15

     End of self-consistent calculation

     Convergence has been achieved 


     Representation #  29 modes #  57  58

     Self-consistent Calculation

      iter #   1 total cpu time :108560.7 secs   av.it.:   5.0
      thresh= 1.000E-02 alpha_mix =  0.700 |ddv_scf|^2 =  1.405E-08

      iter #   2 total cpu time :108761.1 secs   av.it.:  16.0
      thresh= 1.185E-05 alpha_mix =  0.700 |ddv_scf|^2 =  1.827E-08

      iter #   3 total cpu time :108945.6 secs   av.it.:  15.0
      thresh= 1.352E-05 alpha_mix =  0.700 |ddv_scf|^2 =  5.875E-11

      iter #   4 total cpu time :109150.0 secs   av.it.:  16.8
      thresh= 7.665E-07 alpha_mix =  0.700 |ddv_scf|^2 =  6.446E-12

      iter #   5 total cpu time :109349.5 secs   av.it.:  16.0
      thresh= 2.539E-07 alpha_mix =  0.700 |ddv_scf|^2 =  3.582E-13

      iter #   6 total cpu time :109554.3 secs   av.it.:  16.8
      thresh= 5.985E-08 alpha_mix =  0.700 |ddv_scf|^2 =  3.532E-14

      iter #   7 total cpu time :109755.2 secs   av.it.:  16.2
      thresh= 1.879E-08 alpha_mix =  0.700 |ddv_scf|^2 =  1.108E-15

     End of self-consistent calculation

     Convergence has been achieved 


     Representation #  30 modes #  59  60

     Self-consistent Calculation

      iter #   1 total cpu time :109841.5 secs   av.it.:   3.4
      thresh= 1.000E-02 alpha_mix =  0.700 |ddv_scf|^2 =  4.131E-10

      iter #   2 total cpu time :110037.1 secs   av.it.:  17.0
      thresh= 2.033E-06 alpha_mix =  0.700 |ddv_scf|^2 =  2.273E-10

      iter #   3 total cpu time :110228.1 secs   av.it.:  16.0
      thresh= 1.508E-06 alpha_mix =  0.700 |ddv_scf|^2 =  1.314E-11

      iter #   4 total cpu time :110418.2 secs   av.it.:  15.4
      thresh= 3.624E-07 alpha_mix =  0.700 |ddv_scf|^2 =  8.718E-13

      iter #   5 total cpu time :110611.8 secs   av.it.:  16.0
      thresh= 9.337E-08 alpha_mix =  0.700 |ddv_scf|^2 =  1.295E-14

      iter #   6 total cpu time :110815.8 secs   av.it.:  17.0
      thresh= 1.138E-08 alpha_mix =  0.700 |ddv_scf|^2 =  2.426E-15

     End of self-consistent calculation

     Convergence has been achieved 


     Representation #  31 modes #  61  62

     Self-consistent Calculation

      iter #   1 total cpu time :110903.4 secs   av.it.:   3.0
      thresh= 1.000E-02 alpha_mix =  0.700 |ddv_scf|^2 =  7.433E-10

      iter #   2 total cpu time :111107.4 secs   av.it.:  17.0
      thresh= 2.726E-06 alpha_mix =  0.700 |ddv_scf|^2 =  8.206E-10

      iter #   3 total cpu time :111298.0 secs   av.it.:  15.4
      thresh= 2.865E-06 alpha_mix =  0.700 |ddv_scf|^2 =  1.730E-11

      iter #   4 total cpu time :111491.9 secs   av.it.:  16.0
      thresh= 4.159E-07 alpha_mix =  0.700 |ddv_scf|^2 =  1.157E-12

      iter #   5 total cpu time :111686.6 secs   av.it.:  16.0
      thresh= 1.076E-07 alpha_mix =  0.700 |ddv_scf|^2 =  2.483E-14

      iter #   6 total cpu time :111889.3 secs   av.it.:  16.8
      thresh= 1.576E-08 alpha_mix =  0.700 |ddv_scf|^2 =  3.042E-15

     End of self-consistent calculation

     Convergence has been achieved 


     Representation #  32 modes #  63  64

     Self-consistent Calculation

      iter #   1 total cpu time :111976.6 secs   av.it.:   3.0
      thresh= 1.000E-02 alpha_mix =  0.700 |ddv_scf|^2 =  7.367E-10

      iter #   2 total cpu time :112180.6 secs   av.it.:  17.0
      thresh= 2.714E-06 alpha_mix =  0.700 |ddv_scf|^2 =  5.421E-10

      iter #   3 total cpu time :112373.2 secs   av.it.:  15.9
      thresh= 2.328E-06 alpha_mix =  0.700 |ddv_scf|^2 =  2.498E-11

      iter #   4 total cpu time :112561.4 secs   av.it.:  15.0
      thresh= 4.998E-07 alpha_mix =  0.700 |ddv_scf|^2 =  8.964E-13

      iter #   5 total cpu time :112762.9 secs   av.it.:  16.1
      thresh= 9.468E-08 alpha_mix =  0.700 |ddv_scf|^2 =  3.105E-14

      iter #   6 total cpu time :112965.4 secs   av.it.:  16.0
      thresh= 1.762E-08 alpha_mix =  0.700 |ddv_scf|^2 =  4.825E-15

     End of self-consistent calculation

     Convergence has been achieved 


     Representation #  33 modes #  65  66

     Self-consistent Calculation

      iter #   1 total cpu time :113056.1 secs   av.it.:   3.3
      thresh= 1.000E-02 alpha_mix =  0.700 |ddv_scf|^2 =  5.173E-10

      iter #   2 total cpu time :113267.4 secs   av.it.:  17.0
      thresh= 2.275E-06 alpha_mix =  0.700 |ddv_scf|^2 =  3.116E-10

      iter #   3 total cpu time :113468.8 secs   av.it.:  16.0
      thresh= 1.765E-06 alpha_mix =  0.700 |ddv_scf|^2 =  1.325E-11

      iter #   4 total cpu time :113662.8 secs   av.it.:  15.5
      thresh= 3.639E-07 alpha_mix =  0.700 |ddv_scf|^2 =  1.027E-12

      iter #   5 total cpu time :113858.9 secs   av.it.:  16.0
      thresh= 1.013E-07 alpha_mix =  0.700 |ddv_scf|^2 =  3.158E-14

      iter #   6 total cpu time :114064.9 secs   av.it.:  16.9
      thresh= 1.777E-08 alpha_mix =  0.700 |ddv_scf|^2 =  3.113E-15

     End of self-consistent calculation

     Convergence has been achieved 

     Number of q in the star =    1
     List of q in the star:
          1   0.000000000  -0.499148707   0.000000000

     Diagonalizing the dynamical matrix

     q = (    0.000000000  -0.499148707   0.000000000 ) 

 **************************************************************************
     freq (    1) =       1.310208 [THz] =      43.703839 [cm-1]
     freq (    2) =       1.310208 [THz] =      43.703839 [cm-1]
     freq (    3) =       1.367453 [THz] =      45.613335 [cm-1]
     freq (    4) =       1.367453 [THz] =      45.613335 [cm-1]
     freq (    5) =       1.693327 [THz] =      56.483311 [cm-1]
     freq (    6) =       1.693327 [THz] =      56.483311 [cm-1]
     freq (    7) =       4.292903 [THz] =     143.195844 [cm-1]
     freq (    8) =       4.292903 [THz] =     143.195844 [cm-1]
     freq (    9) =       5.714257 [THz] =     190.607109 [cm-1]
     freq (   10) =       5.714257 [THz] =     190.607109 [cm-1]
     freq (   11) =       5.811581 [THz] =     193.853480 [cm-1]
     freq (   12) =       5.811581 [THz] =     193.853480 [cm-1]
     freq (   13) =       6.444004 [THz] =     214.948824 [cm-1]
     freq (   14) =       6.444004 [THz] =     214.948824 [cm-1]
     freq (   15) =       6.576512 [THz] =     219.368822 [cm-1]
     freq (   16) =       6.576512 [THz] =     219.368822 [cm-1]
     freq (   17) =       7.687032 [THz] =     256.411788 [cm-1]
     freq (   18) =       7.687032 [THz] =     256.411788 [cm-1]
     freq (   19) =       8.084068 [THz] =     269.655480 [cm-1]
     freq (   20) =       8.084068 [THz] =     269.655480 [cm-1]
     freq (   21) =       8.570965 [THz] =     285.896619 [cm-1]
     freq (   22) =       8.570965 [THz] =     285.896619 [cm-1]
     freq (   23) =       9.209904 [THz] =     307.209345 [cm-1]
     freq (   24) =       9.209904 [THz] =     307.209345 [cm-1]
     freq (   25) =       9.660150 [THz] =     322.227916 [cm-1]
     freq (   26) =       9.660150 [THz] =     322.227916 [cm-1]
     freq (   27) =      11.994119 [THz] =     400.080743 [cm-1]
     freq (   28) =      11.994119 [THz] =     400.080743 [cm-1]
     freq (   29) =      12.534773 [THz] =     418.115035 [cm-1]
     freq (   30) =      12.534773 [THz] =     418.115035 [cm-1]
     freq (   31) =      30.653927 [THz] =    1022.504929 [cm-1]
     freq (   32) =      30.653927 [THz] =    1022.504929 [cm-1]
     freq (   33) =      30.922987 [THz] =    1031.479806 [cm-1]
     freq (   34) =      30.922987 [THz] =    1031.479806 [cm-1]
     freq (   35) =      31.756513 [THz] =    1059.283253 [cm-1]
     freq (   36) =      31.756513 [THz] =    1059.283253 [cm-1]
     freq (   37) =      32.172316 [THz] =    1073.152939 [cm-1]
     freq (   38) =      32.172316 [THz] =    1073.152939 [cm-1]
     freq (   39) =      32.210903 [THz] =    1074.440069 [cm-1]
     freq (   40) =      32.210903 [THz] =    1074.440069 [cm-1]
     freq (   41) =      32.317283 [THz] =    1077.988542 [cm-1]
     freq (   42) =      32.317283 [THz] =    1077.988542 [cm-1]
     freq (   43) =      35.798151 [THz] =    1194.097780 [cm-1]
     freq (   44) =      35.798151 [THz] =    1194.097780 [cm-1]
     freq (   45) =      36.024858 [THz] =    1201.659924 [cm-1]
     freq (   46) =      36.024858 [THz] =    1201.659924 [cm-1]
     freq (   47) =      36.104559 [THz] =    1204.318466 [cm-1]
     freq (   48) =      36.104559 [THz] =    1204.318466 [cm-1]
     freq (   49) =      36.362787 [THz] =    1212.932004 [cm-1]
     freq (   50) =      36.362787 [THz] =    1212.932004 [cm-1]
     freq (   51) =      68.422306 [THz] =    2282.322462 [cm-1]
     freq (   52) =      68.422306 [THz] =    2282.322462 [cm-1]
     freq (   53) =      68.474341 [THz] =    2284.058165 [cm-1]
     freq (   54) =      68.474341 [THz] =    2284.058165 [cm-1]
     freq (   55) =      70.054779 [THz] =    2336.775906 [cm-1]
     freq (   56) =      70.054779 [THz] =    2336.775906 [cm-1]
     freq (   57) =      70.311858 [THz] =    2345.351126 [cm-1]
     freq (   58) =      70.311858 [THz] =    2345.351126 [cm-1]
     freq (   59) =      70.532685 [THz] =    2352.717110 [cm-1]
     freq (   60) =      70.532685 [THz] =    2352.717110 [cm-1]
     freq (   61) =      71.067072 [THz] =    2370.542371 [cm-1]
     freq (   62) =      71.067072 [THz] =    2370.542371 [cm-1]
     freq (   63) =      71.169851 [THz] =    2373.970680 [cm-1]
     freq (   64) =      71.169851 [THz] =    2373.970680 [cm-1]
     freq (   65) =      71.222392 [THz] =    2375.723286 [cm-1]
     freq (   66) =      71.222392 [THz] =    2375.723286 [cm-1]
 **************************************************************************

     Calculation of q =    0.0000000  -0.4991487  -0.7576534

     Parallelization info
     --------------------
     sticks:   dense  smooth     PW     G-vecs:    dense   smooth      PW
     Min         465     233     64                24421     8638    1242
     Max         466     234     65                24424     8639    1244
     Sum       11181    5597   1537               586151   207331   29813

     Using Slab Decomposition



     bravais-lattice index     =            8
     lattice parameter (alat)  =      13.2392  a.u.
     unit-cell volume          =    1533.9930 (a.u.)^3
     number of atoms/cell      =           22
     number of atomic types    =            3
     number of electrons       =        48.00
     number of Kohn-Sham states=           24
     kinetic-energy cutoff     =     100.0000  Ry
     charge density cutoff     =     800.0000  Ry
     Exchange-correlation= PBESOL
                           (   1   4  10   8   0   0   0)

     celldm(1)=  13.239187  celldm(2)=   1.001705  celldm(3)=   0.659932
     celldm(4)=   0.000000  celldm(5)=   0.000000  celldm(6)=   0.000000

     crystal axes: (cart. coord. in units of alat)
               a(1) = (   1.000000   0.000000   0.000000 )  
               a(2) = (   0.000000   1.001705   0.000000 )  
               a(3) = (   0.000000   0.000000   0.659932 )  

     reciprocal axes: (cart. coord. in units 2 pi/alat)
               b(1) = (  1.000000  0.000000  0.000000 )  
               b(2) = (  0.000000  0.998297  0.000000 )  
               b(3) = (  0.000000  0.000000  1.515307 )  


     PseudoPot. # 1 for B  read from file:
     /home/mehlhorn/pseudos/b_pbesol_v1.4.uspp.F.UPF
     MD5 check sum: 369b69bef2c3aeed4453bd8b804fd6a8
     Pseudo is Ultrasoft + core correction, Zval =  3.0
     Generated by new atomic code, or converted to UPF format
     Using radial grid of  781 points,  4 beta functions with: 
                l(1) =   0
                l(2) =   0
                l(3) =   1
                l(4) =   1
     Q(r) pseudized with  8 coefficients,  rinner =    1.100   1.100   1.100


     PseudoPot. # 2 for Ba read from file:
     /home/mehlhorn/pseudos/Ba.nc.z_10.oncvpsp4.dojo.v4-sp.upf
     MD5 check sum: c10ed334bb677c0554edec7181ce9143
     Pseudo is Norm-conserving + core correction, Zval = 10.0
     Generated using ONCVPSP code by D. R. Hamann
     Using radial grid of 1938 points,  8 beta functions with: 
                l(1) =   0
                l(2) =   0
                l(3) =   1
                l(4) =   1
                l(5) =   2
                l(6) =   2
                l(7) =   3
                l(8) =   3

     PseudoPot. # 3 for H  read from file:
     /home/mehlhorn/pseudos/H_ONCV_PBEsol-1.0.upf
     MD5 check sum: 398ef8f67c0a7342c05c87c5e19ea467
     Pseudo is Norm-conserving, Zval =  1.0
     Generated using ONCVPSP code by D. R. Hamann
     Using radial grid of 1180 points,  2 beta functions with: 
                l(1) =   0
                l(2) =   0

     atomic species   valence    mass     pseudopotential
     B                 3.00    10.81100     B ( 1.00)
     Ba               10.00   137.32700     Ba( 1.00)
     H                 1.00     1.00794     H ( 1.00)

      4 Sym. Ops. (no inversion) found



   Cartesian axes

     site n.     atom                  positions (alat units)
         1        Ba     tau(   1) = (   0.5000000   0.5008527   0.3299706  )
         2        Ba     tau(   2) = (   0.0000000   0.0000000   0.6599279  )
         3        B      tau(   3) = (   0.6246453   0.2518284   0.0000043  )
         4        B      tau(   4) = (   0.3753547   0.7498771   0.0000043  )
         5        B      tau(   5) = (   0.1246453   0.2490243   0.3299618  )
         6        B      tau(   6) = (   0.8753547   0.7526812   0.3299618  )
         7        H      tau(   7) = (   0.4521950   0.2869609  -0.0000113  )
         8        H      tau(   8) = (   0.5478050   0.7147446  -0.0000113  )
         9        H      tau(   9) = (   0.9521950   0.2138918   0.3299775  )
        10        H      tau(  10) = (   0.0478050   0.7878137   0.3299775  )
        11        H      tau(  11) = (   0.7167338   0.4026431   0.0000043  )
        12        H      tau(  12) = (   0.2832662   0.5990624   0.0000043  )
        13        H      tau(  13) = (   0.2167338   0.0982097   0.3299619  )
        14        H      tau(  14) = (   0.7832662   0.9034958   0.3299619  )
        15        H      tau(  15) = (   0.6614431   0.1603257   0.5146572  )
        16        H      tau(  16) = (   0.3385569   0.8413797   0.5146572  )
        17        H      tau(  17) = (   0.1614431   0.3405270   0.4752413  )
        18        H      tau(  18) = (   0.8385569   0.6611785   0.4752413  )
        19        H      tau(  19) = (   0.3385645   0.8413788   0.1452874  )
        20        H      tau(  20) = (   0.6614355   0.1603267   0.1452874  )
        21        H      tau(  21) = (   0.8385645   0.6611795   0.1846788  )
        22        H      tau(  22) = (   0.1614355   0.3405260   0.1846788  )

     number of k points=    54
                       cart. coord. in units 2pi/alat
        k(    1) = (   0.0000000   0.0000000   0.0000000), wk =   0.0160000
        k(    2) = (   0.0000000  -0.4991487  -0.7576534), wk =   0.0000000
        k(    3) = (   0.0000000   0.0000000   0.3030614), wk =   0.0320000
        k(    4) = (   0.0000000  -0.4991487  -0.4545921), wk =   0.0000000
        k(    5) = (   0.0000000   0.0000000   0.6061227), wk =   0.0320000
        k(    6) = (   0.0000000  -0.4991487  -0.1515307), wk =   0.0000000
        k(    7) = (   0.0000000   0.1996595   0.0000000), wk =   0.0320000
        k(    8) = (   0.0000000  -0.2994892  -0.7576534), wk =   0.0000000
        k(    9) = (   0.0000000   0.1996595   0.3030614), wk =   0.0640000
        k(   10) = (   0.0000000  -0.2994892  -0.4545921), wk =   0.0000000
        k(   11) = (   0.0000000   0.1996595   0.6061227), wk =   0.0640000
        k(   12) = (   0.0000000  -0.2994892  -0.1515307), wk =   0.0000000
        k(   13) = (   0.0000000   0.3993190   0.0000000), wk =   0.0320000
        k(   14) = (   0.0000000  -0.0998297  -0.7576534), wk =   0.0000000
        k(   15) = (   0.0000000   0.3993190   0.3030614), wk =   0.0640000
        k(   16) = (   0.0000000  -0.0998297  -0.4545921), wk =   0.0000000
        k(   17) = (   0.0000000   0.3993190   0.6061227), wk =   0.0640000
        k(   18) = (   0.0000000  -0.0998297  -0.1515307), wk =   0.0000000
        k(   19) = (   0.2000000   0.0000000   0.0000000), wk =   0.0320000
        k(   20) = (   0.2000000  -0.4991487  -0.7576534), wk =   0.0000000
        k(   21) = (   0.2000000   0.0000000   0.3030614), wk =   0.0640000
        k(   22) = (   0.2000000  -0.4991487  -0.4545921), wk =   0.0000000
        k(   23) = (   0.2000000   0.0000000   0.6061227), wk =   0.0640000
        k(   24) = (   0.2000000  -0.4991487  -0.1515307), wk =   0.0000000
        k(   25) = (   0.2000000   0.1996595   0.0000000), wk =   0.0640000
        k(   26) = (   0.2000000  -0.2994892  -0.7576534), wk =   0.0000000
        k(   27) = (   0.2000000   0.1996595   0.3030614), wk =   0.1280000
        k(   28) = (   0.2000000  -0.2994892  -0.4545921), wk =   0.0000000
        k(   29) = (   0.2000000   0.1996595   0.6061227), wk =   0.1280000
        k(   30) = (   0.2000000  -0.2994892  -0.1515307), wk =   0.0000000
        k(   31) = (   0.2000000   0.3993190   0.0000000), wk =   0.0640000
        k(   32) = (   0.2000000  -0.0998297  -0.7576534), wk =   0.0000000
        k(   33) = (   0.2000000   0.3993190   0.3030614), wk =   0.1280000
        k(   34) = (   0.2000000  -0.0998297  -0.4545921), wk =   0.0000000
        k(   35) = (   0.2000000   0.3993190   0.6061227), wk =   0.1280000
        k(   36) = (   0.2000000  -0.0998297  -0.1515307), wk =   0.0000000
        k(   37) = (   0.4000000   0.0000000   0.0000000), wk =   0.0320000
        k(   38) = (   0.4000000  -0.4991487  -0.7576534), wk =   0.0000000
        k(   39) = (   0.4000000   0.0000000   0.3030614), wk =   0.0640000
        k(   40) = (   0.4000000  -0.4991487  -0.4545921), wk =   0.0000000
        k(   41) = (   0.4000000   0.0000000   0.6061227), wk =   0.0640000
        k(   42) = (   0.4000000  -0.4991487  -0.1515307), wk =   0.0000000
        k(   43) = (   0.4000000   0.1996595   0.0000000), wk =   0.0640000
        k(   44) = (   0.4000000  -0.2994892  -0.7576534), wk =   0.0000000
        k(   45) = (   0.4000000   0.1996595   0.3030614), wk =   0.1280000
        k(   46) = (   0.4000000  -0.2994892  -0.4545921), wk =   0.0000000
        k(   47) = (   0.4000000   0.1996595   0.6061227), wk =   0.1280000
        k(   48) = (   0.4000000  -0.2994892  -0.1515307), wk =   0.0000000
        k(   49) = (   0.4000000   0.3993190   0.0000000), wk =   0.0640000
        k(   50) = (   0.4000000  -0.0998297  -0.7576534), wk =   0.0000000
        k(   51) = (   0.4000000   0.3993190   0.3030614), wk =   0.1280000
        k(   52) = (   0.4000000  -0.0998297  -0.4545921), wk =   0.0000000
        k(   53) = (   0.4000000   0.3993190   0.6061227), wk =   0.1280000
        k(   54) = (   0.4000000  -0.0998297  -0.1515307), wk =   0.0000000

     Dense  grid:   586151 G-vectors     FFT dimensions: ( 120, 120,  80)

     Smooth grid:   207331 G-vectors     FFT dimensions: (  90,  90,  60)

     Estimated max dynamical RAM per process >      53.03 MB

     Estimated total dynamical RAM >       1.24 GB

     The potential is recalculated from file :
     ./_ph0/pwscf.q_4/pwscf.save/charge-density

     Starting wfcs are   42 atomic wfcs

     Band Structure Calculation
     Davidson diagonalization with overlap

     ethr =  2.08E-11,  avg # of iterations = 21.9

     total cpu time spent up to now is      648.7 secs

     End of band structure calculation

          k = 0.0000 0.0000 0.0000 ( 25815 PWs)   bands (ev):

   -24.4249 -24.4186  -9.9198  -9.8642  -9.6796  -9.6448  -9.5942  -9.5441
    -6.3460  -5.4881  -4.9234  -4.8369  -2.0560  -1.1217  -1.0984  -0.7617
    -0.6275  -0.4988  -0.4076  -0.3035  -0.0395   0.2368   0.2605   0.2847

          k = 0.0000-0.4991-0.7577 ( 25932 PWs)   bands (ev):

   -24.4084 -24.4084 -10.0879 -10.0879  -9.6714  -9.6714  -9.6672  -9.6672
    -5.5833  -5.5833  -4.8223  -4.8223  -1.8100  -1.8100  -1.0555  -1.0555
    -0.3544  -0.3544  -0.2692  -0.2692  -0.2382  -0.2382   0.1023   0.1023

          k = 0.0000 0.0000 0.3031 ( 25898 PWs)   bands (ev):

   -24.4197 -24.4146  -9.8596  -9.8156  -9.7745  -9.7478  -9.6658  -9.6400
    -6.0078  -5.2862  -5.0427  -4.9756  -1.7709  -1.4373  -1.0973  -0.9637
    -0.6766  -0.6018  -0.3393  -0.1988   0.0078   0.1142   0.1356   0.2476

          k = 0.0000-0.4991-0.4546 ( 25892 PWs)   bands (ev):

   -24.4130 -24.4130  -9.9424  -9.9424  -9.7218  -9.7218  -9.6824  -9.6824
    -5.5185  -5.5185  -5.0457  -5.0457  -1.5879  -1.5879  -1.0881  -1.0881
    -0.5010  -0.5010  -0.1646  -0.1646  -0.1106  -0.1106   0.0427   0.0427

          k = 0.0000 0.0000 0.6061 ( 25892 PWs)   bands (ev):

   -24.4107 -24.4087 -10.0311 -10.0261  -9.7370  -9.7175  -9.6616  -9.6501
    -5.3850  -5.2363  -5.2131  -5.0804  -1.6158  -1.4894  -1.4731  -1.2090
    -0.6117  -0.5977  -0.2870  -0.1743  -0.0234   0.0282   0.1104   0.1599

          k = 0.0000-0.4991-0.1515 ( 25896 PWs)   bands (ev):

   -24.4205 -24.4205  -9.8232  -9.8232  -9.7395  -9.7395  -9.6143  -9.6143
    -5.7019  -5.7019  -5.1278  -5.1278  -1.4834  -1.4834  -0.8663  -0.8663
    -0.4850  -0.4850  -0.2189  -0.2189  -0.1366  -0.1366   0.1349   0.1349

          k = 0.0000 0.1997 0.0000 ( 25878 PWs)   bands (ev):

   -24.4243 -24.4192  -9.9037  -9.8478  -9.7050  -9.6649  -9.5894  -9.5488
    -6.2379  -5.4647  -5.0601  -4.8935  -1.8697  -1.2649  -1.1609  -0.5716
    -0.5165  -0.4683  -0.4504  -0.2283  -0.0394   0.0497   0.2051   0.2344

          k = 0.0000-0.2995-0.7577 ( 25904 PWs)   bands (ev):

   -24.4084 -24.4084 -10.0821 -10.0821  -9.6759  -9.6759  -9.6714  -9.6714
    -5.5149  -5.5149  -4.8976  -4.8976  -1.7478  -1.7477  -1.1910  -1.1910
    -0.3455  -0.3453  -0.3100  -0.3100  -0.0940  -0.0939   0.0574   0.0575

          k = 0.0000 0.1997 0.3031 ( 25891 PWs)   bands (ev):

   -24.4192 -24.4151  -9.8577  -9.8018  -9.7685  -9.7616  -9.6661  -9.6533
    -5.9271  -5.2603  -5.1524  -5.0092  -1.6449  -1.4620  -1.2449  -0.7441
    -0.6153  -0.5599  -0.4961  -0.1302  -0.0012   0.1098   0.1169   0.1449

          k = 0.0000-0.2995-0.4546 ( 25916 PWs)   bands (ev):

   -24.4141 -24.4119  -9.9398  -9.9281  -9.7532  -9.7411  -9.6691  -9.6615
    -5.6265  -5.3727  -5.0795  -5.0354  -1.5949  -1.5148  -1.3455  -0.8954
    -0.6589  -0.4301  -0.3952  -0.1226  -0.0672  -0.0243   0.0849   0.1065

          k = 0.0000 0.1997 0.6061 ( 25907 PWs)   bands (ev):

   -24.4105 -24.4089 -10.0380 -10.0334  -9.7221  -9.7090  -9.6620  -9.6550
    -5.4875  -5.3818  -5.0828  -4.9576  -1.6619  -1.6067  -1.3669  -1.1400
    -0.5674  -0.4476  -0.3020  -0.1734  -0.0551  -0.0423   0.0864   0.1095

          k = 0.0000-0.2995-0.1515 ( 25882 PWs)   bands (ev):

   -24.4223 -24.4187  -9.8718  -9.8186  -9.7322  -9.6882  -9.6296  -9.6030
    -6.0307  -5.4109  -5.1863  -4.9842  -1.6504  -1.3881  -1.1771  -0.5854
    -0.5265  -0.4479  -0.4239  -0.1352  -0.1012  -0.0550   0.1440   0.1850

          k = 0.0000 0.3993 0.0000 ( 25920 PWs)   bands (ev):

   -24.4227 -24.4208  -9.8595  -9.8204  -9.7480  -9.7144  -9.5768  -9.5613
    -5.9494  -5.5928  -5.1682  -5.0340  -1.5661  -1.4294  -1.0192  -0.5398
    -0.5270  -0.4989  -0.2605  -0.1841  -0.1291  -0.0619   0.0741   0.1396

          k = 0.0000-0.0998-0.7577 ( 25884 PWs)   bands (ev):

   -24.4084 -24.4084 -10.0721 -10.0721  -9.6903  -9.6903  -9.6713  -9.6713
    -5.3378  -5.3378  -5.0853  -5.0853  -1.6147  -1.6146  -1.3770  -1.3770
    -0.3834  -0.3832  -0.3674  -0.3673   0.0164   0.0164   0.0894   0.0895

          k = 0.0000 0.3993 0.3031 ( 25924 PWs)   bands (ev):

   -24.4179 -24.4164  -9.8428  -9.8095  -9.7673  -9.7445  -9.6785  -9.6753
    -5.7084  -5.4169  -5.1873  -5.0925  -1.4929  -1.4922  -1.1731  -0.8184
    -0.5442  -0.4910  -0.3774  -0.1493  -0.0905  -0.0730   0.1282   0.1315

          k = 0.0000-0.0998-0.4546 ( 25906 PWs)   bands (ev):

   -24.4148 -24.4113  -9.9247  -9.9107  -9.7919  -9.7634  -9.6590  -9.6429
    -5.6843  -5.2154  -5.1014  -5.0902  -1.5743  -1.5396  -1.3432  -0.8949
    -0.7860  -0.6790  -0.3433  -0.0698  -0.0014  -0.0007   0.1328   0.1807

          k = 0.0000 0.3993 0.6061 ( 25896 PWs)   bands (ev):

   -24.4100 -24.4094 -10.0475 -10.0455  -9.6935  -9.6910  -9.6681  -9.6677
    -5.5629  -5.5253  -4.9330  -4.8804  -1.7295  -1.7210  -1.1679  -1.0506
    -0.4632  -0.3700  -0.2775  -0.2362  -0.1319  -0.0609  -0.0171   0.0883

          k = 0.0000-0.0998-0.1515 ( 25853 PWs)   bands (ev):

   -24.4234 -24.4177  -9.9001  -9.8470  -9.6839  -9.6521  -9.6406  -9.6026
    -6.2262  -5.4205  -4.9930  -4.8880  -1.9307  -1.2693  -1.1113  -0.7681
    -0.6874  -0.4106  -0.3976  -0.1841  -0.1321   0.1989   0.2051   0.2388

          k = 0.2000 0.0000 0.0000 ( 25878 PWs)   bands (ev):

   -24.4243 -24.4192  -9.8996  -9.8511  -9.7015  -9.6709  -9.5894  -9.5489
    -6.2440  -5.5161  -4.9461  -4.9211  -1.9277  -1.0591  -1.0003  -0.9567
    -0.4670  -0.4302  -0.4054  -0.3093  -0.0842   0.0002   0.2206   0.2424

          k = 0.2000-0.4991-0.7577 ( 25936 PWs)   bands (ev):

   -24.4084 -24.4084 -10.0806 -10.0806  -9.6782  -9.6782  -9.6730  -9.6730
    -5.5288  -5.5288  -4.8683  -4.8683  -1.8283  -1.8283  -1.1659  -1.1659
    -0.3647  -0.3647  -0.2406  -0.2406  -0.0718  -0.0718   0.0901   0.0901

          k = 0.2000 0.0000 0.3031 ( 25877 PWs)   bands (ev):

   -24.4192 -24.4151  -9.8439  -9.8258  -9.7647  -9.7553  -9.6779  -9.6440
    -5.9220  -5.2948  -5.0606  -5.0529  -1.6842  -1.4247  -1.1946  -0.8324
    -0.6638  -0.5542  -0.4003  -0.1577  -0.1380   0.1011   0.1714   0.2058

          k = 0.2000-0.4991-0.4546 ( 25902 PWs)   bands (ev):

   -24.4130 -24.4130  -9.9334  -9.9334  -9.7553  -9.7553  -9.6608  -9.6608
    -5.4696  -5.4696  -5.0878  -5.0878  -1.6260  -1.6260  -1.0862  -1.0862
    -0.5280  -0.5280  -0.1570  -0.1570  -0.0649  -0.0649   0.0760   0.0760

          k = 0.2000 0.0000 0.6061 ( 25910 PWs)   bands (ev):

   -24.4105 -24.4089 -10.0395 -10.0350  -9.7271  -9.7041  -9.6668  -9.6507
    -5.4079  -5.2887  -5.1754  -5.0253  -1.8331  -1.6865  -1.2778  -1.0228
    -0.5629  -0.4405  -0.2723  -0.2241  -0.0444   0.0201   0.0473   0.1592

          k = 0.2000-0.4991-0.1515 ( 25902 PWs)   bands (ev):

   -24.4205 -24.4205  -9.8624  -9.8624  -9.6984  -9.6984  -9.6155  -9.6155
    -5.7126  -5.7126  -5.1132  -5.1132  -1.4396  -1.4396  -0.9317  -0.9317
    -0.4714  -0.4714  -0.2201  -0.2201  -0.1086  -0.1086   0.1054   0.1054

          k = 0.2000 0.1997 0.0000 ( 25883 PWs)   bands (ev):

   -24.4238 -24.4197  -9.9090  -9.8226  -9.7443  -9.6541  -9.5855  -9.5526
    -6.1587  -5.5118  -5.0809  -4.9214  -1.7734  -1.2510  -1.0713  -0.6966
    -0.5244  -0.4617  -0.2811  -0.2213  -0.1338  -0.0547   0.1321   0.2152

          k = 0.2000-0.2995-0.7577 ( 25934 PWs)   bands (ev):

   -24.4084 -24.4084 -10.0866 -10.0726  -9.6925  -9.6756  -9.6703  -9.6673
    -5.5373  -5.4096  -4.9956  -4.8622  -1.8956  -1.7397  -1.2868  -1.0681
    -0.4229  -0.3950  -0.2408  -0.1469  -0.0731  -0.0537   0.0622   0.0752

          k = 0.2000 0.1997 0.3031 ( 25901 PWs)   bands (ev):

   -24.4188 -24.4155  -9.8528  -9.8092  -9.7856  -9.7426  -9.6793  -9.6457
    -5.8544  -5.2744  -5.1857  -5.0420  -1.5935  -1.4408  -1.2710  -0.7308
    -0.6557  -0.5312  -0.3995  -0.1699  -0.1061   0.0618   0.1290   0.1889

          k = 0.2000-0.2995-0.4546 ( 25914 PWs)   bands (ev):

   -24.4139 -24.4121  -9.9396  -9.9205  -9.7876  -9.7217  -9.6818  -9.6469
    -5.5693  -5.3409  -5.1297  -5.0656  -1.6677  -1.5506  -1.2851  -0.9213
    -0.6175  -0.4250  -0.3384  -0.1609  -0.0900  -0.0112   0.0832   0.1700

          k = 0.2000 0.1997 0.6061 ( 25915 PWs)   bands (ev):

   -24.4103 -24.4090 -10.0458 -10.0304  -9.7334  -9.6882  -9.6713  -9.6535
    -5.4921  -5.3089  -5.1484  -4.9433  -1.8297  -1.6853  -1.2597  -1.0660
    -0.5136  -0.3864  -0.2833  -0.1688  -0.1173  -0.0014   0.0424   0.1596

          k = 0.2000-0.2995-0.1515 ( 25876 PWs)   bands (ev):

   -24.4219 -24.4191  -9.8918  -9.8121  -9.7506  -9.6569  -9.6281  -9.6074
    -5.9768  -5.4748  -5.1691  -4.9946  -1.5856  -1.3553  -1.1607  -0.6611
    -0.5848  -0.4040  -0.3484  -0.1923  -0.1235  -0.0324   0.0981   0.1639

          k = 0.2000 0.3993 0.0000 ( 25889 PWs)   bands (ev):

   -24.4225 -24.4210  -9.8952  -9.8484  -9.7246  -9.6730  -9.5752  -9.5626
    -5.9290  -5.6449  -5.1400  -5.0266  -1.5106  -1.3938  -0.9976  -0.5678
    -0.5675  -0.5415  -0.3525  -0.1043  -0.1020  -0.0426   0.0281   0.1162

          k = 0.2000-0.0998-0.7577 ( 25904 PWs)   bands (ev):

   -24.4084 -24.4084 -10.0828 -10.0740  -9.6927  -9.6814  -9.6686  -9.6675
    -5.4301  -5.2908  -5.1216  -4.9787  -1.8741  -1.7937  -1.2115  -1.1154
    -0.4174  -0.3878  -0.2530  -0.2439  -0.0877  -0.0274   0.0552   0.1353

          k = 0.2000 0.3993 0.3031 ( 25902 PWs)   bands (ev):

   -24.4178 -24.4165  -9.8505  -9.8261  -9.7729  -9.7422  -9.6738  -9.6551
    -5.6710  -5.4271  -5.1927  -5.1062  -1.5052  -1.4646  -1.1853  -0.8926
    -0.5260  -0.4404  -0.3706  -0.1757  -0.0838  -0.0145   0.0950   0.1293

          k = 0.2000-0.0998-0.4546 ( 25921 PWs)   bands (ev):

   -24.4145 -24.4116  -9.9350  -9.9185  -9.7878  -9.7381  -9.6721  -9.6448
    -5.6243  -5.2144  -5.1559  -5.0960  -1.6896  -1.4580  -1.4078  -0.8628
    -0.6744  -0.5802  -0.3342  -0.1461  -0.0626   0.0247   0.1166   0.1917

          k = 0.2000 0.3993 0.6061 ( 25926 PWs)   bands (ev):

   -24.4099 -24.4094 -10.0447 -10.0355  -9.7222  -9.6964  -9.6657  -9.6572
    -5.5269  -5.4569  -4.9908  -4.9106  -1.8007  -1.7282  -1.1936  -1.1049
    -0.4883  -0.3829  -0.2401  -0.1304  -0.0953  -0.0224   0.0113   0.1126

          k = 0.2000-0.0998-0.1515 ( 25879 PWs)   bands (ev):

   -24.4228 -24.4182  -9.8888  -9.8298  -9.7194  -9.6629  -9.6364  -9.6003
    -6.1336  -5.4476  -5.0291  -4.9423  -1.8205  -1.2284  -1.0810  -0.8591
    -0.5371  -0.4530  -0.3359  -0.2293  -0.2001   0.0623   0.1696   0.2381

          k = 0.4000 0.0000 0.0000 ( 25912 PWs)   bands (ev):

   -24.4227 -24.4208  -9.8482  -9.8204  -9.7492  -9.7289  -9.5768  -9.5613
    -5.9811  -5.6803  -5.0163  -4.9970  -1.6349  -1.3106  -0.8423  -0.6010
    -0.4869  -0.4069  -0.3989  -0.2940  -0.2450  -0.1929   0.0343   0.1273

          k = 0.4000-0.4991-0.7577 ( 25912 PWs)   bands (ev):

   -24.4084 -24.4084 -10.0680 -10.0680  -9.6962  -9.6962  -9.6761  -9.6761
    -5.4183  -5.4183  -4.9647  -4.9647  -1.8536  -1.8536  -1.3212  -1.3212
    -0.3056  -0.3056  -0.1228  -0.1228  -0.0577  -0.0577   0.1513   0.1513

          k = 0.4000 0.0000 0.3031 ( 25937 PWs)   bands (ev):

   -24.4179 -24.4164  -9.8254  -9.8105  -9.7905  -9.7545  -9.6835  -9.6602
    -5.6969  -5.4275  -5.1314  -5.1027  -1.5368  -1.3794  -1.2290  -0.8636
    -0.5851  -0.4423  -0.4380  -0.3326  -0.0806   0.0266   0.1459   0.1567

          k = 0.4000-0.4991-0.4546 ( 25928 PWs)   bands (ev):

   -24.4130 -24.4130  -9.9147  -9.9147  -9.7958  -9.7958  -9.6441  -9.6441
    -5.3457  -5.3457  -5.2003  -5.2003  -1.6710  -1.6710  -1.1471  -1.1471
    -0.4524  -0.4524  -0.1526  -0.1526  -0.0558  -0.0558   0.1283   0.1283

          k = 0.4000 0.0000 0.6061 ( 25894 PWs)   bands (ev):

   -24.4100 -24.4094 -10.0514 -10.0495  -9.7052  -9.6848  -9.6749  -9.6574
    -5.4179  -5.3776  -5.0692  -5.0038  -1.9761  -1.9148  -1.0290  -0.8794
    -0.4695  -0.3563  -0.3196  -0.2003  -0.1114   0.0274   0.0713   0.0999

          k = 0.4000-0.4991-0.1515 ( 25894 PWs)   bands (ev):

   -24.4205 -24.4205  -9.9008  -9.9008  -9.6534  -9.6534  -9.6210  -9.6210
    -5.7295  -5.7295  -5.0896  -5.0896  -1.3295  -1.3295  -1.0905  -1.0905
    -0.3889  -0.3889  -0.2327  -0.2327  -0.0912  -0.0912   0.0478   0.0478

          k = 0.4000 0.1997 0.0000 ( 25891 PWs)   bands (ev):

   -24.4225 -24.4210  -9.8927  -9.8457  -9.7289  -9.6766  -9.5752  -9.5627
    -5.9501  -5.6934  -5.0634  -4.9907  -1.5527  -1.3331  -0.8593  -0.6274
    -0.5157  -0.4831  -0.4575  -0.2506  -0.1746  -0.1046   0.0241   0.1456

          k = 0.4000-0.2995-0.7577 ( 25934 PWs)   bands (ev):

   -24.4084 -24.4084 -10.0805 -10.0716  -9.6961  -9.6834  -9.6720  -9.6718
    -5.4628  -5.3646  -5.0227  -4.9207  -1.9735  -1.9081  -1.1961  -1.1166
    -0.3798  -0.3172  -0.2394  -0.2005  -0.0230  -0.0009   0.1260   0.1693

          k = 0.4000 0.1997 0.3031 ( 25906 PWs)   bands (ev):

   -24.4178 -24.4165  -9.8452  -9.8243  -9.7831  -9.7489  -9.6722  -9.6512
    -5.6644  -5.4324  -5.1658  -5.1054  -1.5166  -1.3970  -1.2448  -0.9283
    -0.5306  -0.4273  -0.3688  -0.2696  -0.0926   0.0071   0.1103   0.1505

          k = 0.4000-0.2995-0.4546 ( 25915 PWs)   bands (ev):

   -24.4133 -24.4127  -9.9319  -9.9193  -9.7933  -9.7583  -9.6589  -9.6448
    -5.4251  -5.2675  -5.2475  -5.1513  -1.7112  -1.6534  -1.1761  -1.0332
    -0.4814  -0.4256  -0.3053  -0.2006  -0.0385   0.0329   0.0769   0.1688

          k = 0.4000 0.1997 0.6061 ( 25937 PWs)   bands (ev):

   -24.4099 -24.4094 -10.0472 -10.0381  -9.7241  -9.6983  -9.6647  -9.6554
    -5.4400  -5.3329  -5.1052  -4.9866  -1.9391  -1.8793  -1.0777  -1.0087
    -0.4584  -0.3509  -0.3061  -0.2053  -0.0513   0.0123   0.0864   0.1658

          k = 0.4000-0.2995-0.1515 ( 25902 PWs)   bands (ev):

   -24.4210 -24.4199  -9.8961  -9.8637  -9.7011  -9.6575  -9.6209  -9.6130
    -5.8315  -5.6407  -5.1093  -5.0383  -1.4439  -1.3211  -1.1147  -0.8702
    -0.5044  -0.3537  -0.3234  -0.1842  -0.1820  -0.1172   0.0546   0.1338

          k = 0.4000 0.3993 0.0000 ( 25911 PWs)   bands (ev):

   -24.4220 -24.4214  -9.9194  -9.9012  -9.6705  -9.6484  -9.5711  -9.5663
    -5.8640  -5.7577  -5.0790  -5.0332  -1.3996  -1.3452  -0.9239  -0.7472
    -0.5930  -0.5794  -0.3508  -0.1745  -0.0539  -0.0275   0.0181   0.0864

          k = 0.4000-0.0998-0.7577 ( 25924 PWs)   bands (ev):

   -24.4084 -24.4084 -10.0910 -10.0859  -9.6849  -9.6804  -9.6637  -9.6608
    -5.4491  -5.3892  -5.0012  -4.9390  -2.0477  -2.0209  -0.9425  -0.9259
    -0.4232  -0.3766  -0.2839  -0.2631  -0.0371   0.0099   0.0426   0.1373

          k = 0.4000 0.3993 0.3031 ( 25901 PWs)   bands (ev):

   -24.4174 -24.4169  -9.8610  -9.8524  -9.7661  -9.7522  -9.6512  -9.6423
    -5.5795  -5.4818  -5.1804  -5.1419  -1.4807  -1.4313  -1.2180  -1.0812
    -0.3947  -0.3695  -0.2876  -0.1807  -0.1014  -0.0166   0.0339   0.1018

          k = 0.4000-0.0998-0.4546 ( 25921 PWs)   bands (ev):

   -24.4136 -24.4125  -9.9444  -9.9369  -9.7581  -9.7226  -9.6819  -9.6582
    -5.4726  -5.3001  -5.1785  -5.1391  -1.7394  -1.6426  -1.1814  -0.9311
    -0.5352  -0.3981  -0.3549  -0.2663  -0.0508   0.0458   0.0759   0.1569

          k = 0.4000 0.3993 0.6061 ( 25924 PWs)   bands (ev):

   -24.4098 -24.4096 -10.0323 -10.0260  -9.7396  -9.7263  -9.6565  -9.6545
    -5.4176  -5.3541  -5.0772  -5.0094  -1.8452  -1.8072  -1.2357  -1.2083
    -0.4089  -0.3398  -0.1733  -0.1610  -0.0385  -0.0294   0.1340   0.1706

          k = 0.4000-0.0998-0.1515 ( 25898 PWs)   bands (ev):

   -24.4214 -24.4196  -9.8541  -9.8083  -9.7575  -9.7096  -9.6205  -9.6058
    -5.8925  -5.6096  -5.0666  -5.0207  -1.5720  -1.3128  -1.0056  -0.6680
    -0.6020  -0.4310  -0.3729  -0.3323  -0.2036  -0.0568   0.0809   0.1562

     highest occupied level (ev):     0.2847

     Writing config to output data dir ./_ph0/pwscf.q_4/pwscf.save/ :
     XML data file

                                                                                

     bravais-lattice index     =            8
     lattice parameter (alat)  =      13.2392  a.u.
     unit-cell volume          =    1533.9930 (a.u.)^3
     number of atoms/cell      =           22
     number of atomic types    =            3
     kinetic-energy cut-off    =     100.0000  Ry
     charge density cut-off    =     800.0000  Ry
     convergence threshold     =      1.0E-14
     beta                      =       0.7000
     number of iterations used =            4
     Exchange-correlation= PBESOL
                           (   1   4  10   8   0   0   0)


     celldm(1)=   13.23919  celldm(2)=    1.00171  celldm(3)=    0.65993
     celldm(4)=    0.00000  celldm(5)=    0.00000  celldm(6)=    0.00000

     crystal axes: (cart. coord. in units of alat)
               a(1) = (  1.0000  0.0000  0.0000 )  
               a(2) = (  0.0000  1.0017  0.0000 )  
               a(3) = (  0.0000  0.0000  0.6599 )  

     reciprocal axes: (cart. coord. in units 2 pi/alat)
               b(1) = (  1.0000  0.0000  0.0000 )  
               b(2) = (  0.0000  0.9983  0.0000 )  
               b(3) = (  0.0000  0.0000  1.5153 )  


     Atoms inside the unit cell: 

     Cartesian axes

     site n.  atom      mass           positions (alat units)
        1  Ba    137.3270   tau(    1) = (    0.50000    0.50085    0.32997  )
        2  Ba    137.3270   tau(    2) = (    0.00000    0.00000    0.65993  )
        3  B      10.8110   tau(    3) = (    0.62465    0.25183    0.00000  )
        4  B      10.8110   tau(    4) = (    0.37535    0.74988    0.00000  )
        5  B      10.8110   tau(    5) = (    0.12465    0.24902    0.32996  )
        6  B      10.8110   tau(    6) = (    0.87535    0.75268    0.32996  )
        7  H       1.0079   tau(    7) = (    0.45220    0.28696   -0.00001  )
        8  H       1.0079   tau(    8) = (    0.54780    0.71474   -0.00001  )
        9  H       1.0079   tau(    9) = (    0.95220    0.21389    0.32998  )
       10  H       1.0079   tau(   10) = (    0.04780    0.78781    0.32998  )
       11  H       1.0079   tau(   11) = (    0.71673    0.40264    0.00000  )
       12  H       1.0079   tau(   12) = (    0.28327    0.59906    0.00000  )
       13  H       1.0079   tau(   13) = (    0.21673    0.09821    0.32996  )
       14  H       1.0079   tau(   14) = (    0.78327    0.90350    0.32996  )
       15  H       1.0079   tau(   15) = (    0.66144    0.16033    0.51466  )
       16  H       1.0079   tau(   16) = (    0.33856    0.84138    0.51466  )
       17  H       1.0079   tau(   17) = (    0.16144    0.34053    0.47524  )
       18  H       1.0079   tau(   18) = (    0.83856    0.66118    0.47524  )
       19  H       1.0079   tau(   19) = (    0.33856    0.84138    0.14529  )
       20  H       1.0079   tau(   20) = (    0.66144    0.16033    0.14529  )
       21  H       1.0079   tau(   21) = (    0.83856    0.66118    0.18468  )
       22  H       1.0079   tau(   22) = (    0.16144    0.34053    0.18468  )

     Computing dynamical matrix for 
                    q = (   0.0000000  -0.4991487  -0.7576534 )

      5 Sym.Ops. (with q -> -q+G )


     G cutoff = 3551.8357  (  24423 G-vectors)     FFT grid: (120,120, 80)
     G cutoff = 1775.9178  (   8639 G-vectors)  smooth grid: ( 90, 90, 60)
     number of k points=    54

     PseudoPot. # 1 for B  read from file:
     /home/mehlhorn/pseudos/b_pbesol_v1.4.uspp.F.UPF
     MD5 check sum: 369b69bef2c3aeed4453bd8b804fd6a8
     Pseudo is Ultrasoft + core correction, Zval =  3.0
     Generated by new atomic code, or converted to UPF format
     Using radial grid of  781 points,  4 beta functions with: 
                l(1) =   0
                l(2) =   0
                l(3) =   1
                l(4) =   1
     Q(r) pseudized with  8 coefficients,  rinner =    1.100   1.100   1.100


     PseudoPot. # 2 for Ba read from file:
     /home/mehlhorn/pseudos/Ba.nc.z_10.oncvpsp4.dojo.v4-sp.upf
     MD5 check sum: c10ed334bb677c0554edec7181ce9143
     Pseudo is Norm-conserving + core correction, Zval = 10.0
     Generated using ONCVPSP code by D. R. Hamann
     Using radial grid of 1938 points,  8 beta functions with: 
                l(1) =   0
                l(2) =   0
                l(3) =   1
                l(4) =   1
                l(5) =   2
                l(6) =   2
                l(7) =   3
                l(8) =   3

     PseudoPot. # 3 for H  read from file:
     /home/mehlhorn/pseudos/H_ONCV_PBEsol-1.0.upf
     MD5 check sum: 398ef8f67c0a7342c05c87c5e19ea467
     Pseudo is Norm-conserving, Zval =  1.0
     Generated using ONCVPSP code by D. R. Hamann
     Using radial grid of 1180 points,  2 beta functions with: 
                l(1) =   0
                l(2) =   0


     Atomic displacements:
     There are   33 irreducible representations

     Representation     1      2 modes -  To be done

     Representation     2      2 modes -  To be done

     Representation     3      2 modes -  To be done

     Representation     4      2 modes -  To be done

     Representation     5      2 modes -  To be done

     Representation     6      2 modes -  To be done

     Representation     7      2 modes -  To be done

     Representation     8      2 modes -  To be done

     Representation     9      2 modes -  To be done

     Representation    10      2 modes -  To be done

     Representation    11      2 modes -  To be done

     Representation    12      2 modes -  To be done

     Representation    13      2 modes -  To be done

     Representation    14      2 modes -  To be done

     Representation    15      2 modes -  To be done

     Representation    16      2 modes -  To be done

     Representation    17      2 modes -  To be done

     Representation    18      2 modes -  To be done

     Representation    19      2 modes -  To be done

     Representation    20      2 modes -  To be done

     Representation    21      2 modes -  To be done

     Representation    22      2 modes -  To be done

     Representation    23      2 modes -  To be done

     Representation    24      2 modes -  To be done

     Representation    25      2 modes -  To be done

     Representation    26      2 modes -  To be done

     Representation    27      2 modes -  To be done

     Representation    28      2 modes -  To be done

     Representation    29      2 modes -  To be done

     Representation    30      2 modes -  To be done

     Representation    31      2 modes -  To be done

     Representation    32      2 modes -  To be done

     Representation    33      2 modes -  To be done



     Alpha used in Ewald sum =   2.8000
     PHONON       :   1d 7h28m CPU   1d 7h48m WALL



     Representation #   1 modes #   1   2

     Self-consistent Calculation

      iter #   1 total cpu time :114594.8 secs   av.it.:   4.9
      thresh= 1.000E-02 alpha_mix =  0.700 |ddv_scf|^2 =  9.684E-09

      iter #   2 total cpu time :114789.4 secs   av.it.:  16.5
      thresh= 9.841E-06 alpha_mix =  0.700 |ddv_scf|^2 =  7.360E-09

      iter #   3 total cpu time :114971.9 secs   av.it.:  15.6
      thresh= 8.579E-06 alpha_mix =  0.700 |ddv_scf|^2 =  3.144E-11

      iter #   4 total cpu time :115164.0 secs   av.it.:  16.2
      thresh= 5.607E-07 alpha_mix =  0.700 |ddv_scf|^2 =  2.172E-12

      iter #   5 total cpu time :115357.2 secs   av.it.:  16.7
      thresh= 1.474E-07 alpha_mix =  0.700 |ddv_scf|^2 =  1.496E-13

      iter #   6 total cpu time :115558.6 secs   av.it.:  17.0
      thresh= 3.868E-08 alpha_mix =  0.700 |ddv_scf|^2 =  8.003E-15

     End of self-consistent calculation

     Convergence has been achieved 


     Representation #   2 modes #   3   4

     Self-consistent Calculation

      iter #   1 total cpu time :115647.5 secs   av.it.:   3.0
      thresh= 1.000E-02 alpha_mix =  0.700 |ddv_scf|^2 =  9.967E-10

      iter #   2 total cpu time :115853.0 secs   av.it.:  16.3
      thresh= 3.157E-06 alpha_mix =  0.700 |ddv_scf|^2 =  6.268E-10

      iter #   3 total cpu time :116049.6 secs   av.it.:  16.0
      thresh= 2.504E-06 alpha_mix =  0.700 |ddv_scf|^2 =  4.969E-12

      iter #   4 total cpu time :116253.5 secs   av.it.:  16.1
      thresh= 2.229E-07 alpha_mix =  0.700 |ddv_scf|^2 =  3.960E-13

      iter #   5 total cpu time :116458.0 secs   av.it.:  16.4
      thresh= 6.293E-08 alpha_mix =  0.700 |ddv_scf|^2 =  1.046E-14

      iter #   6 total cpu time :116664.7 secs   av.it.:  17.0
      thresh= 1.023E-08 alpha_mix =  0.700 |ddv_scf|^2 =  1.207E-15

     End of self-consistent calculation

     Convergence has been achieved 


     Representation #   3 modes #   5   6

     Self-consistent Calculation

      iter #   1 total cpu time :116756.3 secs   av.it.:   3.6
      thresh= 1.000E-02 alpha_mix =  0.700 |ddv_scf|^2 =  1.109E-09

      iter #   2 total cpu time :116965.4 secs   av.it.:  17.0
      thresh= 3.330E-06 alpha_mix =  0.700 |ddv_scf|^2 =  6.564E-10

      iter #   3 total cpu time :117164.8 secs   av.it.:  16.0
      thresh= 2.562E-06 alpha_mix =  0.700 |ddv_scf|^2 =  2.902E-12

      iter #   4 total cpu time :117370.9 secs   av.it.:  16.7
      thresh= 1.703E-07 alpha_mix =  0.700 |ddv_scf|^2 =  3.687E-13

      iter #   5 total cpu time :117573.8 secs   av.it.:  16.0
      thresh= 6.072E-08 alpha_mix =  0.700 |ddv_scf|^2 =  2.362E-14

      iter #   6 total cpu time :117777.4 secs   av.it.:  16.0
      thresh= 1.537E-08 alpha_mix =  0.700 |ddv_scf|^2 =  1.941E-15

     End of self-consistent calculation

     Convergence has been achieved 


     Representation #   4 modes #   7   8

     Self-consistent Calculation

      iter #   1 total cpu time :117866.9 secs   av.it.:   3.1
      thresh= 1.000E-02 alpha_mix =  0.700 |ddv_scf|^2 =  9.553E-10

      iter #   2 total cpu time :118071.7 secs   av.it.:  17.0
      thresh= 3.091E-06 alpha_mix =  0.700 |ddv_scf|^2 =  6.460E-10

      iter #   3 total cpu time :118260.7 secs   av.it.:  16.0
      thresh= 2.542E-06 alpha_mix =  0.700 |ddv_scf|^2 =  4.750E-12

      iter #   4 total cpu time :118459.7 secs   av.it.:  16.2
      thresh= 2.180E-07 alpha_mix =  0.700 |ddv_scf|^2 =  3.326E-13

      iter #   5 total cpu time :118664.0 secs   av.it.:  16.8
      thresh= 5.768E-08 alpha_mix =  0.700 |ddv_scf|^2 =  2.247E-14

      iter #   6 total cpu time :118866.3 secs   av.it.:  16.1
      thresh= 1.499E-08 alpha_mix =  0.700 |ddv_scf|^2 =  2.001E-15

     End of self-consistent calculation

     Convergence has been achieved 


     Representation #   5 modes #   9  10

     Self-consistent Calculation

      iter #   1 total cpu time :118956.9 secs   av.it.:   3.5
      thresh= 1.000E-02 alpha_mix =  0.700 |ddv_scf|^2 =  1.893E-09

      iter #   2 total cpu time :119161.6 secs   av.it.:  16.7
      thresh= 4.351E-06 alpha_mix =  0.700 |ddv_scf|^2 =  1.354E-09

      iter #   3 total cpu time :119356.2 secs   av.it.:  15.9
      thresh= 3.680E-06 alpha_mix =  0.700 |ddv_scf|^2 =  1.367E-12

      iter #   4 total cpu time :119561.6 secs   av.it.:  17.0
      thresh= 1.169E-07 alpha_mix =  0.700 |ddv_scf|^2 =  4.894E-13

      iter #   5 total cpu time :119758.9 secs   av.it.:  16.0
      thresh= 6.996E-08 alpha_mix =  0.700 |ddv_scf|^2 =  2.022E-14

      iter #   6 total cpu time :119960.2 secs   av.it.:  16.0
      thresh= 1.422E-08 alpha_mix =  0.700 |ddv_scf|^2 =  1.389E-15

     End of self-consistent calculation

     Convergence has been achieved 


     Representation #   6 modes #  11  12

     Self-consistent Calculation

      iter #   1 total cpu time :120050.0 secs   av.it.:   3.2
      thresh= 1.000E-02 alpha_mix =  0.700 |ddv_scf|^2 =  1.234E-09

      iter #   2 total cpu time :120255.2 secs   av.it.:  16.7
      thresh= 3.513E-06 alpha_mix =  0.700 |ddv_scf|^2 =  7.193E-10

      iter #   3 total cpu time :120451.0 secs   av.it.:  15.9
      thresh= 2.682E-06 alpha_mix =  0.700 |ddv_scf|^2 =  1.883E-12

      iter #   4 total cpu time :120659.5 secs   av.it.:  16.9
      thresh= 1.372E-07 alpha_mix =  0.700 |ddv_scf|^2 =  1.926E-13

      iter #   5 total cpu time :120867.0 secs   av.it.:  17.0
      thresh= 4.389E-08 alpha_mix =  0.700 |ddv_scf|^2 =  1.169E-14

      iter #   6 total cpu time :121074.7 secs   av.it.:  17.0
      thresh= 1.081E-08 alpha_mix =  0.700 |ddv_scf|^2 =  9.876E-16

     End of self-consistent calculation

     Convergence has been achieved 


     Representation #   7 modes #  13  14

     Self-consistent Calculation

      iter #   1 total cpu time :121165.8 secs   av.it.:   3.2
      thresh= 1.000E-02 alpha_mix =  0.700 |ddv_scf|^2 =  8.638E-10

      iter #   2 total cpu time :121374.5 secs   av.it.:  17.0
      thresh= 2.939E-06 alpha_mix =  0.700 |ddv_scf|^2 =  5.061E-10

      iter #   3 total cpu time :121574.1 secs   av.it.:  16.0
      thresh= 2.250E-06 alpha_mix =  0.700 |ddv_scf|^2 =  5.551E-12

      iter #   4 total cpu time :121777.6 secs   av.it.:  16.0
      thresh= 2.356E-07 alpha_mix =  0.700 |ddv_scf|^2 =  4.893E-13

      iter #   5 total cpu time :121975.7 secs   av.it.:  16.0
      thresh= 6.995E-08 alpha_mix =  0.700 |ddv_scf|^2 =  3.593E-14

      iter #   6 total cpu time :122177.4 secs   av.it.:  16.0
      thresh= 1.896E-08 alpha_mix =  0.700 |ddv_scf|^2 =  1.411E-15

     End of self-consistent calculation

     Convergence has been achieved 


     Representation #   8 modes #  15  16

     Self-consistent Calculation

      iter #   1 total cpu time :122303.4 secs   av.it.:   6.7
      thresh= 1.000E-02 alpha_mix =  0.700 |ddv_scf|^2 =  8.490E-08

      iter #   2 total cpu time :122506.7 secs   av.it.:  16.0
      thresh= 2.914E-05 alpha_mix =  0.700 |ddv_scf|^2 =  7.202E-08

      iter #   3 total cpu time :122698.9 secs   av.it.:  15.6
      thresh= 2.684E-05 alpha_mix =  0.700 |ddv_scf|^2 =  1.100E-10

      iter #   4 total cpu time :122900.3 secs   av.it.:  16.8
      thresh= 1.049E-06 alpha_mix =  0.700 |ddv_scf|^2 =  3.327E-12

      iter #   5 total cpu time :123088.6 secs   av.it.:  16.0
      thresh= 1.824E-07 alpha_mix =  0.700 |ddv_scf|^2 =  9.355E-14

      iter #   6 total cpu time :123289.1 secs   av.it.:  16.9
      thresh= 3.059E-08 alpha_mix =  0.700 |ddv_scf|^2 =  1.991E-14

      iter #   7 total cpu time :123481.4 secs   av.it.:  16.0
      thresh= 1.411E-08 alpha_mix =  0.700 |ddv_scf|^2 =  2.854E-15

     End of self-consistent calculation

     Convergence has been achieved 


     Representation #   9 modes #  17  18

     Self-consistent Calculation

      iter #   1 total cpu time :123585.1 secs   av.it.:   4.7
      thresh= 1.000E-02 alpha_mix =  0.700 |ddv_scf|^2 =  4.193E-09

      iter #   2 total cpu time :123796.0 secs   av.it.:  17.0
      thresh= 6.475E-06 alpha_mix =  0.700 |ddv_scf|^2 =  2.044E-09

      iter #   3 total cpu time :123997.0 secs   av.it.:  16.0
      thresh= 4.521E-06 alpha_mix =  0.700 |ddv_scf|^2 =  5.393E-11

      iter #   4 total cpu time :124198.9 secs   av.it.:  16.0
      thresh= 7.344E-07 alpha_mix =  0.700 |ddv_scf|^2 =  1.438E-12

      iter #   5 total cpu time :124405.5 secs   av.it.:  16.9
      thresh= 1.199E-07 alpha_mix =  0.700 |ddv_scf|^2 =  2.014E-13

      iter #   6 total cpu time :124610.2 secs   av.it.:  16.4
      thresh= 4.488E-08 alpha_mix =  0.700 |ddv_scf|^2 =  9.504E-15

     End of self-consistent calculation

     Convergence has been achieved 


     Representation #  10 modes #  19  20

     Self-consistent Calculation

      iter #   1 total cpu time :124699.5 secs   av.it.:   3.1
      thresh= 1.000E-02 alpha_mix =  0.700 |ddv_scf|^2 =  3.666E-10

      iter #   2 total cpu time :124913.9 secs   av.it.:  17.0
      thresh= 1.915E-06 alpha_mix =  0.700 |ddv_scf|^2 =  1.452E-10

      iter #   3 total cpu time :125120.7 secs   av.it.:  16.4
      thresh= 1.205E-06 alpha_mix =  0.700 |ddv_scf|^2 =  3.837E-12

      iter #   4 total cpu time :125325.4 secs   av.it.:  16.0
      thresh= 1.959E-07 alpha_mix =  0.700 |ddv_scf|^2 =  3.691E-13

      iter #   5 total cpu time :125530.4 secs   av.it.:  16.0
      thresh= 6.075E-08 alpha_mix =  0.700 |ddv_scf|^2 =  1.849E-14

      iter #   6 total cpu time :125722.8 secs   av.it.:  16.0
      thresh= 1.360E-08 alpha_mix =  0.700 |ddv_scf|^2 =  1.486E-15

     End of self-consistent calculation

     Convergence has been achieved 


     Representation #  11 modes #  21  22

     Self-consistent Calculation

      iter #   1 total cpu time :125811.1 secs   av.it.:   3.0
      thresh= 1.000E-02 alpha_mix =  0.700 |ddv_scf|^2 =  6.784E-10

      iter #   2 total cpu time :126021.6 secs   av.it.:  17.0
      thresh= 2.605E-06 alpha_mix =  0.700 |ddv_scf|^2 =  4.063E-10

      iter #   3 total cpu time :126222.9 secs   av.it.:  16.0
      thresh= 2.016E-06 alpha_mix =  0.700 |ddv_scf|^2 =  4.433E-12

      iter #   4 total cpu time :126423.7 secs   av.it.:  16.0
      thresh= 2.105E-07 alpha_mix =  0.700 |ddv_scf|^2 =  4.758E-13

      iter #   5 total cpu time :126628.9 secs   av.it.:  16.1
      thresh= 6.898E-08 alpha_mix =  0.700 |ddv_scf|^2 =  2.448E-14

      iter #   6 total cpu time :126831.2 secs   av.it.:  16.0
      thresh= 1.565E-08 alpha_mix =  0.700 |ddv_scf|^2 =  2.512E-15

     End of self-consistent calculation

     Convergence has been achieved 


     Representation #  12 modes #  23  24

     Self-consistent Calculation

      iter #   1 total cpu time :126918.9 secs   av.it.:   3.0
      thresh= 1.000E-02 alpha_mix =  0.700 |ddv_scf|^2 =  4.385E-10

      iter #   2 total cpu time :127126.9 secs   av.it.:  16.9
      thresh= 2.094E-06 alpha_mix =  0.700 |ddv_scf|^2 =  1.531E-10

      iter #   3 total cpu time :127328.4 secs   av.it.:  16.0
      thresh= 1.237E-06 alpha_mix =  0.700 |ddv_scf|^2 =  2.613E-12

      iter #   4 total cpu time :127522.7 secs   av.it.:  16.3
      thresh= 1.617E-07 alpha_mix =  0.700 |ddv_scf|^2 =  1.769E-13

      iter #   5 total cpu time :127716.0 secs   av.it.:  16.4
      thresh= 4.205E-08 alpha_mix =  0.700 |ddv_scf|^2 =  1.495E-14

      iter #   6 total cpu time :127919.7 secs   av.it.:  16.4
      thresh= 1.223E-08 alpha_mix =  0.700 |ddv_scf|^2 =  7.887E-16

     End of self-consistent calculation

     Convergence has been achieved 


     Representation #  13 modes #  25  26

     Self-consistent Calculation

      iter #   1 total cpu time :128007.7 secs   av.it.:   3.0
      thresh= 1.000E-02 alpha_mix =  0.700 |ddv_scf|^2 =  8.618E-10

      iter #   2 total cpu time :128202.7 secs   av.it.:  16.9
      thresh= 2.936E-06 alpha_mix =  0.700 |ddv_scf|^2 =  5.114E-10

      iter #   3 total cpu time :128389.1 secs   av.it.:  16.0
      thresh= 2.261E-06 alpha_mix =  0.700 |ddv_scf|^2 =  2.789E-12

      iter #   4 total cpu time :128581.3 secs   av.it.:  16.1
      thresh= 1.670E-07 alpha_mix =  0.700 |ddv_scf|^2 =  4.634E-13

      iter #   5 total cpu time :128779.5 secs   av.it.:  16.0
      thresh= 6.807E-08 alpha_mix =  0.700 |ddv_scf|^2 =  2.262E-14

      iter #   6 total cpu time :128979.9 secs   av.it.:  16.0
      thresh= 1.504E-08 alpha_mix =  0.700 |ddv_scf|^2 =  2.200E-15

     End of self-consistent calculation

     Convergence has been achieved 


     Representation #  14 modes #  27  28

     Self-consistent Calculation

      iter #   1 total cpu time :129068.4 secs   av.it.:   3.0
      thresh= 1.000E-02 alpha_mix =  0.700 |ddv_scf|^2 =  7.727E-10

      iter #   2 total cpu time :129267.0 secs   av.it.:  17.0
      thresh= 2.780E-06 alpha_mix =  0.700 |ddv_scf|^2 =  3.455E-10

      iter #   3 total cpu time :129468.8 secs   av.it.:  16.0
      thresh= 1.859E-06 alpha_mix =  0.700 |ddv_scf|^2 =  8.647E-13

      iter #   4 total cpu time :129676.1 secs   av.it.:  17.0
      thresh= 9.299E-08 alpha_mix =  0.700 |ddv_scf|^2 =  2.652E-13

      iter #   5 total cpu time :129865.4 secs   av.it.:  16.0
      thresh= 5.149E-08 alpha_mix =  0.700 |ddv_scf|^2 =  6.274E-15

     End of self-consistent calculation

     Convergence has been achieved 


     Representation #  15 modes #  29  30

     Self-consistent Calculation

      iter #   1 total cpu time :129956.1 secs   av.it.:   4.0
      thresh= 1.000E-02 alpha_mix =  0.700 |ddv_scf|^2 =  1.627E-09

      iter #   2 total cpu time :130157.3 secs   av.it.:  17.0
      thresh= 4.033E-06 alpha_mix =  0.700 |ddv_scf|^2 =  1.163E-09

      iter #   3 total cpu time :130341.8 secs   av.it.:  16.0
      thresh= 3.411E-06 alpha_mix =  0.700 |ddv_scf|^2 =  5.942E-12

      iter #   4 total cpu time :130533.8 secs   av.it.:  16.1
      thresh= 2.438E-07 alpha_mix =  0.700 |ddv_scf|^2 =  4.316E-13

      iter #   5 total cpu time :130726.3 secs   av.it.:  16.1
      thresh= 6.570E-08 alpha_mix =  0.700 |ddv_scf|^2 =  4.772E-14

      iter #   6 total cpu time :130915.8 secs   av.it.:  16.0
      thresh= 2.185E-08 alpha_mix =  0.700 |ddv_scf|^2 =  2.709E-15

     End of self-consistent calculation

     Convergence has been achieved 


     Representation #  16 modes #  31  32

     Self-consistent Calculation

      iter #   1 total cpu time :130998.0 secs   av.it.:   3.0
      thresh= 1.000E-02 alpha_mix =  0.700 |ddv_scf|^2 =  4.301E-10

      iter #   2 total cpu time :131199.1 secs   av.it.:  16.7
      thresh= 2.074E-06 alpha_mix =  0.700 |ddv_scf|^2 =  2.335E-10

      iter #   3 total cpu time :131394.0 secs   av.it.:  16.0
      thresh= 1.528E-06 alpha_mix =  0.700 |ddv_scf|^2 =  4.252E-12

      iter #   4 total cpu time :131593.7 secs   av.it.:  16.0
      thresh= 2.062E-07 alpha_mix =  0.700 |ddv_scf|^2 =  3.255E-13

      iter #   5 total cpu time :131792.5 secs   av.it.:  16.0
      thresh= 5.706E-08 alpha_mix =  0.700 |ddv_scf|^2 =  1.942E-14

      iter #   6 total cpu time :131987.2 secs   av.it.:  16.0
      thresh= 1.394E-08 alpha_mix =  0.700 |ddv_scf|^2 =  1.151E-15

     End of self-consistent calculation

     Convergence has been achieved 


     Representation #  17 modes #  33  34

     Self-consistent Calculation

      iter #   1 total cpu time :132090.9 secs   av.it.:   5.0
      thresh= 1.000E-02 alpha_mix =  0.700 |ddv_scf|^2 =  6.470E-09

      iter #   2 total cpu time :132295.6 secs   av.it.:  17.0
      thresh= 8.043E-06 alpha_mix =  0.700 |ddv_scf|^2 =  3.594E-09

      iter #   3 total cpu time :132490.8 secs   av.it.:  16.0
      thresh= 5.995E-06 alpha_mix =  0.700 |ddv_scf|^2 =  3.013E-11

      iter #   4 total cpu time :132691.5 secs   av.it.:  16.1
      thresh= 5.489E-07 alpha_mix =  0.700 |ddv_scf|^2 =  2.513E-12

      iter #   5 total cpu time :132893.8 secs   av.it.:  16.4
      thresh= 1.585E-07 alpha_mix =  0.700 |ddv_scf|^2 =  2.726E-13

      iter #   6 total cpu time :133094.7 secs   av.it.:  16.0
      thresh= 5.221E-08 alpha_mix =  0.700 |ddv_scf|^2 =  1.701E-14

      iter #   7 total cpu time :133299.4 secs   av.it.:  17.0
      thresh= 1.304E-08 alpha_mix =  0.700 |ddv_scf|^2 =  2.330E-15

     End of self-consistent calculation

     Convergence has been achieved 


     Representation #  18 modes #  35  36

     Self-consistent Calculation

      iter #   1 total cpu time :133386.7 secs   av.it.:   3.0
      thresh= 1.000E-02 alpha_mix =  0.700 |ddv_scf|^2 =  5.928E-10

      iter #   2 total cpu time :133594.6 secs   av.it.:  17.0
      thresh= 2.435E-06 alpha_mix =  0.700 |ddv_scf|^2 =  3.179E-10

      iter #   3 total cpu time :133795.5 secs   av.it.:  16.0
      thresh= 1.783E-06 alpha_mix =  0.700 |ddv_scf|^2 =  5.253E-12

      iter #   4 total cpu time :133999.2 secs   av.it.:  16.0
      thresh= 2.292E-07 alpha_mix =  0.700 |ddv_scf|^2 =  4.626E-13

      iter #   5 total cpu time :134204.9 secs   av.it.:  16.5
      thresh= 6.801E-08 alpha_mix =  0.700 |ddv_scf|^2 =  1.754E-14

      iter #   6 total cpu time :134406.4 secs   av.it.:  16.5
      thresh= 1.324E-08 alpha_mix =  0.700 |ddv_scf|^2 =  2.075E-15

     End of self-consistent calculation

     Convergence has been achieved 


     Representation #  19 modes #  37  38

     Self-consistent Calculation

      iter #   1 total cpu time :134532.1 secs   av.it.:   6.6
      thresh= 1.000E-02 alpha_mix =  0.700 |ddv_scf|^2 =  2.026E-08

      iter #   2 total cpu time :134728.6 secs   av.it.:  16.9
      thresh= 1.423E-05 alpha_mix =  0.700 |ddv_scf|^2 =  7.175E-09

      iter #   3 total cpu time :134925.8 secs   av.it.:  15.9
      thresh= 8.471E-06 alpha_mix =  0.700 |ddv_scf|^2 =  3.760E-11

      iter #   4 total cpu time :135124.0 secs   av.it.:  15.9
      thresh= 6.132E-07 alpha_mix =  0.700 |ddv_scf|^2 =  8.837E-12

      iter #   5 total cpu time :135319.9 secs   av.it.:  15.9
      thresh= 2.973E-07 alpha_mix =  0.700 |ddv_scf|^2 =  8.074E-14

      iter #   6 total cpu time :135524.1 secs   av.it.:  16.9
      thresh= 2.841E-08 alpha_mix =  0.700 |ddv_scf|^2 =  2.147E-15

     End of self-consistent calculation

     Convergence has been achieved 


     Representation #  20 modes #  39  40

     Self-consistent Calculation

      iter #   1 total cpu time :135614.3 secs   av.it.:   3.2
      thresh= 1.000E-02 alpha_mix =  0.700 |ddv_scf|^2 =  7.520E-10

      iter #   2 total cpu time :135820.1 secs   av.it.:  17.0
      thresh= 2.742E-06 alpha_mix =  0.700 |ddv_scf|^2 =  4.541E-10

      iter #   3 total cpu time :136016.8 secs   av.it.:  16.0
      thresh= 2.131E-06 alpha_mix =  0.700 |ddv_scf|^2 =  2.699E-12

      iter #   4 total cpu time :136219.0 secs   av.it.:  16.6
      thresh= 1.643E-07 alpha_mix =  0.700 |ddv_scf|^2 =  7.051E-13

      iter #   5 total cpu time :136415.4 secs   av.it.:  16.0
      thresh= 8.397E-08 alpha_mix =  0.700 |ddv_scf|^2 =  1.360E-14

      iter #   6 total cpu time :136621.2 secs   av.it.:  17.0
      thresh= 1.166E-08 alpha_mix =  0.700 |ddv_scf|^2 =  1.523E-15

     End of self-consistent calculation

     Convergence has been achieved 


     Representation #  21 modes #  41  42

     Self-consistent Calculation

      iter #   1 total cpu time :136722.9 secs   av.it.:   4.5
      thresh= 1.000E-02 alpha_mix =  0.700 |ddv_scf|^2 =  2.020E-09

      iter #   2 total cpu time :136930.4 secs   av.it.:  17.0
      thresh= 4.494E-06 alpha_mix =  0.700 |ddv_scf|^2 =  3.160E-10

      iter #   3 total cpu time :137132.7 secs   av.it.:  16.4
      thresh= 1.778E-06 alpha_mix =  0.700 |ddv_scf|^2 =  2.342E-11

      iter #   4 total cpu time :137324.6 secs   av.it.:  16.0
      thresh= 4.840E-07 alpha_mix =  0.700 |ddv_scf|^2 =  1.200E-12

      iter #   5 total cpu time :137531.6 secs   av.it.:  16.5
      thresh= 1.095E-07 alpha_mix =  0.700 |ddv_scf|^2 =  1.393E-13

      iter #   6 total cpu time :137738.4 secs   av.it.:  16.9
      thresh= 3.732E-08 alpha_mix =  0.700 |ddv_scf|^2 =  2.168E-15

     End of self-consistent calculation

     Convergence has been achieved 


     Representation #  22 modes #  43  44

     Self-consistent Calculation

      iter #   1 total cpu time :137827.4 secs   av.it.:   3.0
      thresh= 1.000E-02 alpha_mix =  0.700 |ddv_scf|^2 =  5.603E-10

      iter #   2 total cpu time :138035.5 secs   av.it.:  17.0
      thresh= 2.367E-06 alpha_mix =  0.700 |ddv_scf|^2 =  2.704E-10

      iter #   3 total cpu time :138235.4 secs   av.it.:  16.0
      thresh= 1.644E-06 alpha_mix =  0.700 |ddv_scf|^2 =  3.545E-12

      iter #   4 total cpu time :138435.7 secs   av.it.:  16.0
      thresh= 1.883E-07 alpha_mix =  0.700 |ddv_scf|^2 =  6.895E-13

      iter #   5 total cpu time :138634.7 secs   av.it.:  16.0
      thresh= 8.304E-08 alpha_mix =  0.700 |ddv_scf|^2 =  1.226E-14

      iter #   6 total cpu time :138840.3 secs   av.it.:  16.9
      thresh= 1.107E-08 alpha_mix =  0.700 |ddv_scf|^2 =  1.412E-15

     End of self-consistent calculation

     Convergence has been achieved 


     Representation #  23 modes #  45  46

     Self-consistent Calculation

      iter #   1 total cpu time :138927.4 secs   av.it.:   3.0
      thresh= 1.000E-02 alpha_mix =  0.700 |ddv_scf|^2 =  7.149E-10

      iter #   2 total cpu time :139134.7 secs   av.it.:  16.9
      thresh= 2.674E-06 alpha_mix =  0.700 |ddv_scf|^2 =  3.886E-10

      iter #   3 total cpu time :139335.6 secs   av.it.:  16.0
      thresh= 1.971E-06 alpha_mix =  0.700 |ddv_scf|^2 =  5.942E-12

      iter #   4 total cpu time :139534.2 secs   av.it.:  16.0
      thresh= 2.438E-07 alpha_mix =  0.700 |ddv_scf|^2 =  6.174E-13

      iter #   5 total cpu time :139727.9 secs   av.it.:  16.2
      thresh= 7.857E-08 alpha_mix =  0.700 |ddv_scf|^2 =  1.897E-14

      iter #   6 total cpu time :139922.7 secs   av.it.:  16.1
      thresh= 1.377E-08 alpha_mix =  0.700 |ddv_scf|^2 =  1.146E-15

     End of self-consistent calculation

     Convergence has been achieved 


     Representation #  24 modes #  47  48

     Self-consistent Calculation

      iter #   1 total cpu time :140008.5 secs   av.it.:   3.1
      thresh= 1.000E-02 alpha_mix =  0.700 |ddv_scf|^2 =  5.850E-10

      iter #   2 total cpu time :140214.4 secs   av.it.:  17.0
      thresh= 2.419E-06 alpha_mix =  0.700 |ddv_scf|^2 =  3.285E-10

      iter #   3 total cpu time :140412.0 secs   av.it.:  16.0
      thresh= 1.812E-06 alpha_mix =  0.700 |ddv_scf|^2 =  3.395E-12

      iter #   4 total cpu time :140613.8 secs   av.it.:  16.3
      thresh= 1.843E-07 alpha_mix =  0.700 |ddv_scf|^2 =  4.489E-13

      iter #   5 total cpu time :140817.2 secs   av.it.:  16.3
      thresh= 6.700E-08 alpha_mix =  0.700 |ddv_scf|^2 =  2.375E-14

      iter #   6 total cpu time :141017.1 secs   av.it.:  16.0
      thresh= 1.541E-08 alpha_mix =  0.700 |ddv_scf|^2 =  2.198E-15

     End of self-consistent calculation

     Convergence has been achieved 


     Representation #  25 modes #  49  50

     Self-consistent Calculation

      iter #   1 total cpu time :141102.8 secs   av.it.:   3.0
      thresh= 1.000E-02 alpha_mix =  0.700 |ddv_scf|^2 =  3.029E-10

      iter #   2 total cpu time :141311.6 secs   av.it.:  17.0
      thresh= 1.740E-06 alpha_mix =  0.700 |ddv_scf|^2 =  1.490E-10

      iter #   3 total cpu time :141510.7 secs   av.it.:  16.0
      thresh= 1.220E-06 alpha_mix =  0.700 |ddv_scf|^2 =  4.190E-12

      iter #   4 total cpu time :141712.8 secs   av.it.:  16.0
      thresh= 2.047E-07 alpha_mix =  0.700 |ddv_scf|^2 =  2.774E-13

      iter #   5 total cpu time :141913.8 secs   av.it.:  16.1
      thresh= 5.267E-08 alpha_mix =  0.700 |ddv_scf|^2 =  1.142E-14

      iter #   6 total cpu time :142116.4 secs   av.it.:  16.8
      thresh= 1.068E-08 alpha_mix =  0.700 |ddv_scf|^2 =  6.728E-16

     End of self-consistent calculation

     Convergence has been achieved 


     Representation #  26 modes #  51  52

     Self-consistent Calculation

      iter #   1 total cpu time :142240.4 secs   av.it.:   6.6
      thresh= 1.000E-02 alpha_mix =  0.700 |ddv_scf|^2 =  3.508E-08

      iter #   2 total cpu time :142442.4 secs   av.it.:  16.5
      thresh= 1.873E-05 alpha_mix =  0.700 |ddv_scf|^2 =  2.754E-08

      iter #   3 total cpu time :142629.0 secs   av.it.:  15.7
      thresh= 1.659E-05 alpha_mix =  0.700 |ddv_scf|^2 =  1.679E-10

      iter #   4 total cpu time :142817.4 secs   av.it.:  16.1
      thresh= 1.296E-06 alpha_mix =  0.700 |ddv_scf|^2 =  6.751E-12

      iter #   5 total cpu time :143023.2 secs   av.it.:  16.9
      thresh= 2.598E-07 alpha_mix =  0.700 |ddv_scf|^2 =  5.665E-13

      iter #   6 total cpu time :143229.8 secs   av.it.:  16.9
      thresh= 7.527E-08 alpha_mix =  0.700 |ddv_scf|^2 =  9.017E-15

     End of self-consistent calculation

     Convergence has been achieved 


     Representation #  27 modes #  53  54

     Self-consistent Calculation

      iter #   1 total cpu time :143332.4 secs   av.it.:   4.6
      thresh= 1.000E-02 alpha_mix =  0.700 |ddv_scf|^2 =  3.060E-09

      iter #   2 total cpu time :143541.4 secs   av.it.:  17.0
      thresh= 5.532E-06 alpha_mix =  0.700 |ddv_scf|^2 =  1.620E-09

      iter #   3 total cpu time :143736.5 secs   av.it.:  16.0
      thresh= 4.025E-06 alpha_mix =  0.700 |ddv_scf|^2 =  3.951E-11

      iter #   4 total cpu time :143935.0 secs   av.it.:  16.0
      thresh= 6.286E-07 alpha_mix =  0.700 |ddv_scf|^2 =  1.200E-12

      iter #   5 total cpu time :144139.9 secs   av.it.:  17.0
      thresh= 1.095E-07 alpha_mix =  0.700 |ddv_scf|^2 =  1.677E-13

      iter #   6 total cpu time :144342.9 secs   av.it.:  16.9
      thresh= 4.095E-08 alpha_mix =  0.700 |ddv_scf|^2 =  6.187E-15

     End of self-consistent calculation

     Convergence has been achieved 


     Representation #  28 modes #  55  56

     Self-consistent Calculation

      iter #   1 total cpu time :144430.8 secs   av.it.:   3.2
      thresh= 1.000E-02 alpha_mix =  0.700 |ddv_scf|^2 =  6.186E-10

      iter #   2 total cpu time :144636.9 secs   av.it.:  17.0
      thresh= 2.487E-06 alpha_mix =  0.700 |ddv_scf|^2 =  2.746E-10

      iter #   3 total cpu time :144835.2 secs   av.it.:  16.0
      thresh= 1.657E-06 alpha_mix =  0.700 |ddv_scf|^2 =  1.803E-12

      iter #   4 total cpu time :145037.5 secs   av.it.:  16.5
      thresh= 1.343E-07 alpha_mix =  0.700 |ddv_scf|^2 =  3.230E-13

      iter #   5 total cpu time :145238.8 secs   av.it.:  16.1
      thresh= 5.683E-08 alpha_mix =  0.700 |ddv_scf|^2 =  9.791E-15

     End of self-consistent calculation

     Convergence has been achieved 


     Representation #  29 modes #  57  58

     Self-consistent Calculation

      iter #   1 total cpu time :145343.0 secs   av.it.:   5.0
      thresh= 1.000E-02 alpha_mix =  0.700 |ddv_scf|^2 =  1.100E-08

      iter #   2 total cpu time :145548.3 secs   av.it.:  16.5
      thresh= 1.049E-05 alpha_mix =  0.700 |ddv_scf|^2 =  7.301E-09

      iter #   3 total cpu time :145743.6 secs   av.it.:  16.0
      thresh= 8.545E-06 alpha_mix =  0.700 |ddv_scf|^2 =  2.239E-11

      iter #   4 total cpu time :145946.5 secs   av.it.:  16.8
      thresh= 4.731E-07 alpha_mix =  0.700 |ddv_scf|^2 =  3.437E-12

      iter #   5 total cpu time :146146.9 secs   av.it.:  16.1
      thresh= 1.854E-07 alpha_mix =  0.700 |ddv_scf|^2 =  1.888E-13

      iter #   6 total cpu time :146349.0 secs   av.it.:  16.4
      thresh= 4.346E-08 alpha_mix =  0.700 |ddv_scf|^2 =  2.681E-14

      iter #   7 total cpu time :146550.2 secs   av.it.:  16.3
      thresh= 1.637E-08 alpha_mix =  0.700 |ddv_scf|^2 =  9.809E-16

     End of self-consistent calculation

     Convergence has been achieved 


     Representation #  30 modes #  59  60

     Self-consistent Calculation

      iter #   1 total cpu time :146640.5 secs   av.it.:   3.8
      thresh= 1.000E-02 alpha_mix =  0.700 |ddv_scf|^2 =  6.610E-10

      iter #   2 total cpu time :146850.1 secs   av.it.:  17.0
      thresh= 2.571E-06 alpha_mix =  0.700 |ddv_scf|^2 =  3.249E-10

      iter #   3 total cpu time :147041.6 secs   av.it.:  16.0
      thresh= 1.802E-06 alpha_mix =  0.700 |ddv_scf|^2 =  3.440E-12

      iter #   4 total cpu time :147232.2 secs   av.it.:  16.0
      thresh= 1.855E-07 alpha_mix =  0.700 |ddv_scf|^2 =  5.684E-13

      iter #   5 total cpu time :147421.1 secs   av.it.:  16.0
      thresh= 7.539E-08 alpha_mix =  0.700 |ddv_scf|^2 =  1.348E-14

      iter #   6 total cpu time :147617.8 secs   av.it.:  16.7
      thresh= 1.161E-08 alpha_mix =  0.700 |ddv_scf|^2 =  2.011E-15

     End of self-consistent calculation

     Convergence has been achieved 


     Representation #  31 modes #  61  62

     Self-consistent Calculation

      iter #   1 total cpu time :147707.3 secs   av.it.:   3.2
      thresh= 1.000E-02 alpha_mix =  0.700 |ddv_scf|^2 =  1.375E-09

      iter #   2 total cpu time :147912.4 secs   av.it.:  16.9
      thresh= 3.708E-06 alpha_mix =  0.700 |ddv_scf|^2 =  9.256E-10

      iter #   3 total cpu time :148107.8 secs   av.it.:  16.0
      thresh= 3.042E-06 alpha_mix =  0.700 |ddv_scf|^2 =  4.301E-12

      iter #   4 total cpu time :148309.8 secs   av.it.:  16.1
      thresh= 2.074E-07 alpha_mix =  0.700 |ddv_scf|^2 =  5.417E-13

      iter #   5 total cpu time :148511.6 secs   av.it.:  16.0
      thresh= 7.360E-08 alpha_mix =  0.700 |ddv_scf|^2 =  3.980E-14

      iter #   6 total cpu time :148714.4 secs   av.it.:  16.0
      thresh= 1.995E-08 alpha_mix =  0.700 |ddv_scf|^2 =  2.666E-15

     End of self-consistent calculation

     Convergence has been achieved 


     Representation #  32 modes #  63  64

     Self-consistent Calculation

      iter #   1 total cpu time :148803.1 secs   av.it.:   3.0
      thresh= 1.000E-02 alpha_mix =  0.700 |ddv_scf|^2 =  6.238E-10

      iter #   2 total cpu time :149012.9 secs   av.it.:  17.0
      thresh= 2.498E-06 alpha_mix =  0.700 |ddv_scf|^2 =  3.068E-10

      iter #   3 total cpu time :149214.4 secs   av.it.:  16.0
      thresh= 1.751E-06 alpha_mix =  0.700 |ddv_scf|^2 =  3.553E-12

      iter #   4 total cpu time :149410.1 secs   av.it.:  16.0
      thresh= 1.885E-07 alpha_mix =  0.700 |ddv_scf|^2 =  3.498E-13

      iter #   5 total cpu time :149606.0 secs   av.it.:  16.2
      thresh= 5.914E-08 alpha_mix =  0.700 |ddv_scf|^2 =  2.261E-14

      iter #   6 total cpu time :149807.4 secs   av.it.:  16.0
      thresh= 1.504E-08 alpha_mix =  0.700 |ddv_scf|^2 =  1.367E-15

     End of self-consistent calculation

     Convergence has been achieved 


     Representation #  33 modes #  65  66

     Self-consistent Calculation

      iter #   1 total cpu time :149899.0 secs   av.it.:   3.3
      thresh= 1.000E-02 alpha_mix =  0.700 |ddv_scf|^2 =  6.589E-10

      iter #   2 total cpu time :150108.1 secs   av.it.:  17.0
      thresh= 2.567E-06 alpha_mix =  0.700 |ddv_scf|^2 =  3.194E-10

      iter #   3 total cpu time :150301.4 secs   av.it.:  16.1
      thresh= 1.787E-06 alpha_mix =  0.700 |ddv_scf|^2 =  2.873E-12

      iter #   4 total cpu time :150494.7 secs   av.it.:  16.1
      thresh= 1.695E-07 alpha_mix =  0.700 |ddv_scf|^2 =  5.053E-13

      iter #   5 total cpu time :150684.3 secs   av.it.:  16.0
      thresh= 7.108E-08 alpha_mix =  0.700 |ddv_scf|^2 =  1.652E-14

      iter #   6 total cpu time :150874.4 secs   av.it.:  16.0
      thresh= 1.285E-08 alpha_mix =  0.700 |ddv_scf|^2 =  2.231E-15

     End of self-consistent calculation

     Convergence has been achieved 

     Number of q in the star =    1
     List of q in the star:
          1   0.000000000  -0.499148707  -0.757653429

     Diagonalizing the dynamical matrix

     q = (    0.000000000  -0.499148707  -0.757653429 ) 

 **************************************************************************
     freq (    1) =       1.285330 [THz] =      42.873994 [cm-1]
     freq (    2) =       1.285330 [THz] =      42.873994 [cm-1]
     freq (    3) =       1.495006 [THz] =      49.868031 [cm-1]
     freq (    4) =       1.495006 [THz] =      49.868031 [cm-1]
     freq (    5) =       3.230237 [THz] =     107.749124 [cm-1]
     freq (    6) =       3.230237 [THz] =     107.749124 [cm-1]
     freq (    7) =       4.664135 [THz] =     155.578810 [cm-1]
     freq (    8) =       4.664135 [THz] =     155.578810 [cm-1]
     freq (    9) =       5.155370 [THz] =     171.964620 [cm-1]
     freq (   10) =       5.155370 [THz] =     171.964620 [cm-1]
     freq (   11) =       6.351181 [THz] =     211.852592 [cm-1]
     freq (   12) =       6.351181 [THz] =     211.852592 [cm-1]
     freq (   13) =       6.536565 [THz] =     218.036338 [cm-1]
     freq (   14) =       6.536565 [THz] =     218.036338 [cm-1]
     freq (   15) =       7.116998 [THz] =     237.397510 [cm-1]
     freq (   16) =       7.116998 [THz] =     237.397510 [cm-1]
     freq (   17) =       7.902306 [THz] =     263.592569 [cm-1]
     freq (   18) =       7.902306 [THz] =     263.592569 [cm-1]
     freq (   19) =       8.228732 [THz] =     274.480942 [cm-1]
     freq (   20) =       8.228732 [THz] =     274.480942 [cm-1]
     freq (   21) =       8.469207 [THz] =     282.502347 [cm-1]
     freq (   22) =       8.469207 [THz] =     282.502347 [cm-1]
     freq (   23) =       8.733490 [THz] =     291.317860 [cm-1]
     freq (   24) =       8.733490 [THz] =     291.317860 [cm-1]
     freq (   25) =       9.676098 [THz] =     322.759898 [cm-1]
     freq (   26) =       9.676098 [THz] =     322.759898 [cm-1]
     freq (   27) =      12.117437 [THz] =     404.194183 [cm-1]
     freq (   28) =      12.117437 [THz] =     404.194183 [cm-1]
     freq (   29) =      12.409323 [THz] =     413.930473 [cm-1]
     freq (   30) =      12.409323 [THz] =     413.930473 [cm-1]
     freq (   31) =      30.631140 [THz] =    1021.744844 [cm-1]
     freq (   32) =      30.631140 [THz] =    1021.744844 [cm-1]
     freq (   33) =      30.853133 [THz] =    1029.149733 [cm-1]
     freq (   34) =      30.853133 [THz] =    1029.149733 [cm-1]
     freq (   35) =      31.773346 [THz] =    1059.844727 [cm-1]
     freq (   36) =      31.773346 [THz] =    1059.844727 [cm-1]
     freq (   37) =      31.861314 [THz] =    1062.779038 [cm-1]
     freq (   38) =      31.861314 [THz] =    1062.779038 [cm-1]
     freq (   39) =      32.393144 [THz] =    1080.518963 [cm-1]
     freq (   40) =      32.393144 [THz] =    1080.518963 [cm-1]
     freq (   41) =      32.439714 [THz] =    1082.072382 [cm-1]
     freq (   42) =      32.439714 [THz] =    1082.072382 [cm-1]
     freq (   43) =      35.928111 [THz] =    1198.432770 [cm-1]
     freq (   44) =      35.928111 [THz] =    1198.432770 [cm-1]
     freq (   45) =      35.993584 [THz] =    1200.616714 [cm-1]
     freq (   46) =      35.993584 [THz] =    1200.616714 [cm-1]
     freq (   47) =      36.000499 [THz] =    1200.847379 [cm-1]
     freq (   48) =      36.000499 [THz] =    1200.847379 [cm-1]
     freq (   49) =      36.250150 [THz] =    1209.174855 [cm-1]
     freq (   50) =      36.250150 [THz] =    1209.174855 [cm-1]
     freq (   51) =      68.326218 [THz] =    2279.117303 [cm-1]
     freq (   52) =      68.326218 [THz] =    2279.117303 [cm-1]
     freq (   53) =      68.366899 [THz] =    2280.474296 [cm-1]
     freq (   54) =      68.366899 [THz] =    2280.474296 [cm-1]
     freq (   55) =      70.025501 [THz] =    2335.799292 [cm-1]
     freq (   56) =      70.025501 [THz] =    2335.799292 [cm-1]
     freq (   57) =      70.208066 [THz] =    2341.889009 [cm-1]
     freq (   58) =      70.208066 [THz] =    2341.889009 [cm-1]
     freq (   59) =      70.639799 [THz] =    2356.290060 [cm-1]
     freq (   60) =      70.639799 [THz] =    2356.290060 [cm-1]
     freq (   61) =      70.652360 [THz] =    2356.709063 [cm-1]
     freq (   62) =      70.652360 [THz] =    2356.709063 [cm-1]
     freq (   63) =      71.382400 [THz] =    2381.060555 [cm-1]
     freq (   64) =      71.382400 [THz] =    2381.060555 [cm-1]
     freq (   65) =      71.437451 [THz] =    2382.896855 [cm-1]
     freq (   66) =      71.437451 [THz] =    2382.896855 [cm-1]
 **************************************************************************

     Calculation of q =   -0.5000000   0.0000000   0.0000000

     Parallelization info
     --------------------
     sticks:   dense  smooth     PW     G-vecs:    dense   smooth      PW
     Min         465     233     62                24421     8638    1220
     Max         466     234     64                24424     8639    1221
     Sum       11181    5597   1513               586151   207331   29297

     Using Slab Decomposition



     bravais-lattice index     =            8
     lattice parameter (alat)  =      13.2392  a.u.
     unit-cell volume          =    1533.9930 (a.u.)^3
     number of atoms/cell      =           22
     number of atomic types    =            3
     number of electrons       =        48.00
     number of Kohn-Sham states=           24
     kinetic-energy cutoff     =     100.0000  Ry
     charge density cutoff     =     800.0000  Ry
     Exchange-correlation= PBESOL
                           (   1   4  10   8   0   0   0)

     celldm(1)=  13.239187  celldm(2)=   1.001705  celldm(3)=   0.659932
     celldm(4)=   0.000000  celldm(5)=   0.000000  celldm(6)=   0.000000

     crystal axes: (cart. coord. in units of alat)
               a(1) = (   1.000000   0.000000   0.000000 )  
               a(2) = (   0.000000   1.001705   0.000000 )  
               a(3) = (   0.000000   0.000000   0.659932 )  

     reciprocal axes: (cart. coord. in units 2 pi/alat)
               b(1) = (  1.000000  0.000000  0.000000 )  
               b(2) = (  0.000000  0.998297  0.000000 )  
               b(3) = (  0.000000  0.000000  1.515307 )  


     PseudoPot. # 1 for B  read from file:
     /home/mehlhorn/pseudos/b_pbesol_v1.4.uspp.F.UPF
     MD5 check sum: 369b69bef2c3aeed4453bd8b804fd6a8
     Pseudo is Ultrasoft + core correction, Zval =  3.0
     Generated by new atomic code, or converted to UPF format
     Using radial grid of  781 points,  4 beta functions with: 
                l(1) =   0
                l(2) =   0
                l(3) =   1
                l(4) =   1
     Q(r) pseudized with  8 coefficients,  rinner =    1.100   1.100   1.100


     PseudoPot. # 2 for Ba read from file:
     /home/mehlhorn/pseudos/Ba.nc.z_10.oncvpsp4.dojo.v4-sp.upf
     MD5 check sum: c10ed334bb677c0554edec7181ce9143
     Pseudo is Norm-conserving + core correction, Zval = 10.0
     Generated using ONCVPSP code by D. R. Hamann
     Using radial grid of 1938 points,  8 beta functions with: 
                l(1) =   0
                l(2) =   0
                l(3) =   1
                l(4) =   1
                l(5) =   2
                l(6) =   2
                l(7) =   3
                l(8) =   3

     PseudoPot. # 3 for H  read from file:
     /home/mehlhorn/pseudos/H_ONCV_PBEsol-1.0.upf
     MD5 check sum: 398ef8f67c0a7342c05c87c5e19ea467
     Pseudo is Norm-conserving, Zval =  1.0
     Generated using ONCVPSP code by D. R. Hamann
     Using radial grid of 1180 points,  2 beta functions with: 
                l(1) =   0
                l(2) =   0

     atomic species   valence    mass     pseudopotential
     B                 3.00    10.81100     B ( 1.00)
     Ba               10.00   137.32700     Ba( 1.00)
     H                 1.00     1.00794     H ( 1.00)

      4 Sym. Ops. (no inversion) found



   Cartesian axes

     site n.     atom                  positions (alat units)
         1        Ba     tau(   1) = (   0.5000000   0.5008527   0.3299706  )
         2        Ba     tau(   2) = (   0.0000000   0.0000000   0.6599279  )
         3        B      tau(   3) = (   0.6246453   0.2518284   0.0000043  )
         4        B      tau(   4) = (   0.3753547   0.7498771   0.0000043  )
         5        B      tau(   5) = (   0.1246453   0.2490243   0.3299618  )
         6        B      tau(   6) = (   0.8753547   0.7526812   0.3299618  )
         7        H      tau(   7) = (   0.4521950   0.2869609  -0.0000113  )
         8        H      tau(   8) = (   0.5478050   0.7147446  -0.0000113  )
         9        H      tau(   9) = (   0.9521950   0.2138918   0.3299775  )
        10        H      tau(  10) = (   0.0478050   0.7878137   0.3299775  )
        11        H      tau(  11) = (   0.7167338   0.4026431   0.0000043  )
        12        H      tau(  12) = (   0.2832662   0.5990624   0.0000043  )
        13        H      tau(  13) = (   0.2167338   0.0982097   0.3299619  )
        14        H      tau(  14) = (   0.7832662   0.9034958   0.3299619  )
        15        H      tau(  15) = (   0.6614431   0.1603257   0.5146572  )
        16        H      tau(  16) = (   0.3385569   0.8413797   0.5146572  )
        17        H      tau(  17) = (   0.1614431   0.3405270   0.4752413  )
        18        H      tau(  18) = (   0.8385569   0.6611785   0.4752413  )
        19        H      tau(  19) = (   0.3385645   0.8413788   0.1452874  )
        20        H      tau(  20) = (   0.6614355   0.1603267   0.1452874  )
        21        H      tau(  21) = (   0.8385645   0.6611795   0.1846788  )
        22        H      tau(  22) = (   0.1614355   0.3405260   0.1846788  )

     number of k points=    54
                       cart. coord. in units 2pi/alat
        k(    1) = (   0.0000000   0.0000000   0.0000000), wk =   0.0160000
        k(    2) = (  -0.5000000   0.0000000   0.0000000), wk =   0.0000000
        k(    3) = (   0.0000000   0.0000000   0.3030614), wk =   0.0320000
        k(    4) = (  -0.5000000   0.0000000   0.3030614), wk =   0.0000000
        k(    5) = (   0.0000000   0.0000000   0.6061227), wk =   0.0320000
        k(    6) = (  -0.5000000   0.0000000   0.6061227), wk =   0.0000000
        k(    7) = (   0.0000000   0.1996595   0.0000000), wk =   0.0320000
        k(    8) = (  -0.5000000   0.1996595   0.0000000), wk =   0.0000000
        k(    9) = (   0.0000000   0.1996595   0.3030614), wk =   0.0640000
        k(   10) = (  -0.5000000   0.1996595   0.3030614), wk =   0.0000000
        k(   11) = (   0.0000000   0.1996595   0.6061227), wk =   0.0640000
        k(   12) = (  -0.5000000   0.1996595   0.6061227), wk =   0.0000000
        k(   13) = (   0.0000000   0.3993190   0.0000000), wk =   0.0320000
        k(   14) = (  -0.5000000   0.3993190   0.0000000), wk =   0.0000000
        k(   15) = (   0.0000000   0.3993190   0.3030614), wk =   0.0640000
        k(   16) = (  -0.5000000   0.3993190   0.3030614), wk =   0.0000000
        k(   17) = (   0.0000000   0.3993190   0.6061227), wk =   0.0640000
        k(   18) = (  -0.5000000   0.3993190   0.6061227), wk =   0.0000000
        k(   19) = (   0.2000000   0.0000000   0.0000000), wk =   0.0320000
        k(   20) = (  -0.3000000   0.0000000   0.0000000), wk =   0.0000000
        k(   21) = (   0.2000000   0.0000000   0.3030614), wk =   0.0640000
        k(   22) = (  -0.3000000   0.0000000   0.3030614), wk =   0.0000000
        k(   23) = (   0.2000000   0.0000000   0.6061227), wk =   0.0640000
        k(   24) = (  -0.3000000   0.0000000   0.6061227), wk =   0.0000000
        k(   25) = (   0.2000000   0.1996595   0.0000000), wk =   0.0640000
        k(   26) = (  -0.3000000   0.1996595   0.0000000), wk =   0.0000000
        k(   27) = (   0.2000000   0.1996595   0.3030614), wk =   0.1280000
        k(   28) = (  -0.3000000   0.1996595   0.3030614), wk =   0.0000000
        k(   29) = (   0.2000000   0.1996595   0.6061227), wk =   0.1280000
        k(   30) = (  -0.3000000   0.1996595   0.6061227), wk =   0.0000000
        k(   31) = (   0.2000000   0.3993190   0.0000000), wk =   0.0640000
        k(   32) = (  -0.3000000   0.3993190   0.0000000), wk =   0.0000000
        k(   33) = (   0.2000000   0.3993190   0.3030614), wk =   0.1280000
        k(   34) = (  -0.3000000   0.3993190   0.3030614), wk =   0.0000000
        k(   35) = (   0.2000000   0.3993190   0.6061227), wk =   0.1280000
        k(   36) = (  -0.3000000   0.3993190   0.6061227), wk =   0.0000000
        k(   37) = (   0.4000000   0.0000000   0.0000000), wk =   0.0320000
        k(   38) = (  -0.1000000   0.0000000   0.0000000), wk =   0.0000000
        k(   39) = (   0.4000000   0.0000000   0.3030614), wk =   0.0640000
        k(   40) = (  -0.1000000   0.0000000   0.3030614), wk =   0.0000000
        k(   41) = (   0.4000000   0.0000000   0.6061227), wk =   0.0640000
        k(   42) = (  -0.1000000   0.0000000   0.6061227), wk =   0.0000000
        k(   43) = (   0.4000000   0.1996595   0.0000000), wk =   0.0640000
        k(   44) = (  -0.1000000   0.1996595   0.0000000), wk =   0.0000000
        k(   45) = (   0.4000000   0.1996595   0.3030614), wk =   0.1280000
        k(   46) = (  -0.1000000   0.1996595   0.3030614), wk =   0.0000000
        k(   47) = (   0.4000000   0.1996595   0.6061227), wk =   0.1280000
        k(   48) = (  -0.1000000   0.1996595   0.6061227), wk =   0.0000000
        k(   49) = (   0.4000000   0.3993190   0.0000000), wk =   0.0640000
        k(   50) = (  -0.1000000   0.3993190   0.0000000), wk =   0.0000000
        k(   51) = (   0.4000000   0.3993190   0.3030614), wk =   0.1280000
        k(   52) = (  -0.1000000   0.3993190   0.3030614), wk =   0.0000000
        k(   53) = (   0.4000000   0.3993190   0.6061227), wk =   0.1280000
        k(   54) = (  -0.1000000   0.3993190   0.6061227), wk =   0.0000000

     Dense  grid:   586151 G-vectors     FFT dimensions: ( 120, 120,  80)

     Smooth grid:   207331 G-vectors     FFT dimensions: (  90,  90,  60)

     Estimated max dynamical RAM per process >      52.92 MB

     Estimated total dynamical RAM >       1.24 GB

     The potential is recalculated from file :
     ./_ph0/pwscf.q_5/pwscf.save/charge-density

     Starting wfcs are   42 atomic wfcs

     Band Structure Calculation
     Davidson diagonalization with overlap

     ethr =  2.08E-11,  avg # of iterations = 22.0

     total cpu time spent up to now is      854.5 secs

     End of band structure calculation

          k = 0.0000 0.0000 0.0000 ( 25815 PWs)   bands (ev):

   -24.4249 -24.4186  -9.9198  -9.8642  -9.6796  -9.6448  -9.5942  -9.5441
    -6.3460  -5.4881  -4.9234  -4.8369  -2.0560  -1.1217  -1.0984  -0.7617
    -0.6275  -0.4988  -0.4076  -0.3035  -0.0395   0.2368   0.2605   0.2847

          k =-0.5000 0.0000 0.0000 ( 25930 PWs)   bands (ev):

   -24.4218 -24.4218  -9.8230  -9.8230  -9.7523  -9.7523  -9.5691  -9.5691
    -5.8245  -5.8245  -5.0166  -5.0166  -1.4719  -1.4719  -0.6742  -0.6742
    -0.3977  -0.3977  -0.3974  -0.3974  -0.2511  -0.2511   0.0599   0.0599

          k = 0.0000 0.0000 0.3031 ( 25898 PWs)   bands (ev):

   -24.4197 -24.4146  -9.8596  -9.8156  -9.7745  -9.7478  -9.6658  -9.6400
    -6.0078  -5.2862  -5.0427  -4.9756  -1.7709  -1.4373  -1.0973  -0.9637
    -0.6766  -0.6018  -0.3393  -0.1988   0.0078   0.1142   0.1356   0.2476

          k =-0.5000 0.0000 0.3031 ( 25912 PWs)   bands (ev):

   -24.4172 -24.4172  -9.8171  -9.8171  -9.7740  -9.7740  -9.6724  -9.6724
    -5.5588  -5.5588  -5.1227  -5.1227  -1.4640  -1.4640  -1.0504  -1.0504
    -0.4860  -0.4860  -0.3880  -0.3880  -0.0351  -0.0351   0.1455   0.1455

          k = 0.0000 0.0000 0.6061 ( 25892 PWs)   bands (ev):

   -24.4107 -24.4087 -10.0311 -10.0261  -9.7370  -9.7175  -9.6616  -9.6501
    -5.3850  -5.2363  -5.2131  -5.0804  -1.6158  -1.4894  -1.4731  -1.2090
    -0.6117  -0.5977  -0.2870  -0.1743  -0.0234   0.0282   0.1104   0.1599

          k =-0.5000 0.0000 0.6061 ( 25884 PWs)   bands (ev):

   -24.4097 -24.4097 -10.0526 -10.0526  -9.6937  -9.6937  -9.6652  -9.6652
    -5.4047  -5.4047  -5.0271  -5.0271  -1.9712  -1.9712  -0.9236  -0.9236
    -0.4124  -0.4124  -0.2859  -0.2859   0.0026   0.0026   0.0690   0.0690

          k = 0.0000 0.1997 0.0000 ( 25878 PWs)   bands (ev):

   -24.4243 -24.4192  -9.9037  -9.8478  -9.7050  -9.6649  -9.5894  -9.5488
    -6.2379  -5.4647  -5.0601  -4.8935  -1.8697  -1.2649  -1.1609  -0.5716
    -0.5165  -0.4683  -0.4504  -0.2283  -0.0394   0.0497   0.2051   0.2344

          k =-0.5000 0.1997 0.0000 ( 25892 PWs)   bands (ev):

   -24.4218 -24.4218  -9.8721  -9.8721  -9.7010  -9.7010  -9.5689  -9.5689
    -5.8208  -5.8208  -5.0300  -5.0300  -1.4349  -1.4349  -0.7156  -0.7156
    -0.5010  -0.5010  -0.3932  -0.3932  -0.1393  -0.1393   0.0839   0.0839

          k = 0.0000 0.1997 0.3031 ( 25891 PWs)   bands (ev):

   -24.4192 -24.4151  -9.8577  -9.8018  -9.7685  -9.7616  -9.6661  -9.6533
    -5.9271  -5.2603  -5.1524  -5.0092  -1.6449  -1.4620  -1.2449  -0.7441
    -0.6153  -0.5599  -0.4961  -0.1302  -0.0012   0.1098   0.1169   0.1449

          k =-0.5000 0.1997 0.3031 ( 25894 PWs)   bands (ev):

   -24.4171 -24.4171  -9.8369  -9.8369  -9.7657  -9.7657  -9.6607  -9.6607
    -5.5476  -5.5476  -5.1374  -5.1374  -1.4634  -1.4634  -1.0912  -1.0912
    -0.4346  -0.4346  -0.3513  -0.3513  -0.0296  -0.0296   0.1170   0.1170

          k = 0.0000 0.1997 0.6061 ( 25907 PWs)   bands (ev):

   -24.4105 -24.4089 -10.0380 -10.0334  -9.7221  -9.7090  -9.6620  -9.6550
    -5.4875  -5.3818  -5.0828  -4.9576  -1.6619  -1.6067  -1.3669  -1.1400
    -0.5674  -0.4476  -0.3020  -0.1734  -0.0551  -0.0423   0.0864   0.1095

          k =-0.5000 0.1997 0.6061 ( 25936 PWs)   bands (ev):

   -24.4097 -24.4097 -10.0435 -10.0435  -9.7120  -9.7120  -9.6589  -9.6589
    -5.3902  -5.3902  -5.0397  -5.0397  -1.9311  -1.9311  -1.0251  -1.0251
    -0.4032  -0.4032  -0.2731  -0.2731   0.0071   0.0071   0.1278   0.1278

          k = 0.0000 0.3993 0.0000 ( 25920 PWs)   bands (ev):

   -24.4227 -24.4208  -9.8595  -9.8204  -9.7480  -9.7144  -9.5768  -9.5613
    -5.9494  -5.5928  -5.1682  -5.0340  -1.5661  -1.4294  -1.0192  -0.5398
    -0.5270  -0.4989  -0.2605  -0.1841  -0.1291  -0.0619   0.0741   0.1396

          k =-0.5000 0.3993 0.0000 ( 25920 PWs)   bands (ev):

   -24.4217 -24.4217  -9.9158  -9.9158  -9.6538  -9.6538  -9.5687  -9.5687
    -5.8147  -5.8147  -5.0516  -5.0516  -1.3584  -1.3584  -0.8471  -0.8471
    -0.5913  -0.5913  -0.2746  -0.2746  -0.0355  -0.0355   0.0568   0.0568

          k = 0.0000 0.3993 0.3031 ( 25924 PWs)   bands (ev):

   -24.4179 -24.4164  -9.8428  -9.8095  -9.7673  -9.7445  -9.6785  -9.6753
    -5.7084  -5.4169  -5.1873  -5.0925  -1.4929  -1.4922  -1.1731  -0.8184
    -0.5442  -0.4910  -0.3774  -0.1493  -0.0905  -0.0730   0.1282   0.1315

          k =-0.5000 0.3993 0.3031 ( 25910 PWs)   bands (ev):

   -24.4171 -24.4171  -9.8596  -9.8596  -9.7592  -9.7592  -9.6441  -9.6441
    -5.5280  -5.5280  -5.1626  -5.1626  -1.4513  -1.4513  -1.1697  -1.1697
    -0.3621  -0.3621  -0.2131  -0.2131  -0.0882  -0.0882   0.0719   0.0719

          k = 0.0000 0.3993 0.6061 ( 25896 PWs)   bands (ev):

   -24.4100 -24.4094 -10.0475 -10.0455  -9.6935  -9.6910  -9.6681  -9.6677
    -5.5629  -5.5253  -4.9330  -4.8804  -1.7295  -1.7210  -1.1679  -1.0506
    -0.4632  -0.3700  -0.2775  -0.2362  -0.1319  -0.0609  -0.0171   0.0883

          k =-0.5000 0.3993 0.6061 ( 25956 PWs)   bands (ev):

   -24.4097 -24.4097 -10.0272 -10.0272  -9.7367  -9.7367  -9.6549  -9.6549
    -5.3647  -5.3647  -5.0621  -5.0621  -1.8364  -1.8364  -1.2347  -1.2347
    -0.3556  -0.3556  -0.1735  -0.1735  -0.0271  -0.0271   0.1662   0.1662

          k = 0.2000 0.0000 0.0000 ( 25878 PWs)   bands (ev):

   -24.4243 -24.4192  -9.8996  -9.8511  -9.7015  -9.6709  -9.5894  -9.5489
    -6.2440  -5.5161  -4.9461  -4.9211  -1.9277  -1.0591  -1.0003  -0.9567
    -0.4670  -0.4302  -0.4054  -0.3093  -0.0842   0.0002   0.2206   0.2424

          k =-0.3000 0.0000 0.0000 ( 25918 PWs)   bands (ev):

   -24.4236 -24.4199  -9.8763  -9.8360  -9.7253  -9.6986  -9.5838  -9.5544
    -6.1268  -5.5739  -4.9831  -4.9706  -1.7920  -1.1531  -0.9715  -0.7973
    -0.4344  -0.4025  -0.3718  -0.3099  -0.1603  -0.1339   0.1171   0.1920

          k = 0.2000 0.0000 0.3031 ( 25877 PWs)   bands (ev):

   -24.4192 -24.4151  -9.8439  -9.8258  -9.7647  -9.7553  -9.6779  -9.6440
    -5.9220  -5.2948  -5.0606  -5.0529  -1.6842  -1.4247  -1.1946  -0.8324
    -0.6638  -0.5542  -0.4003  -0.1577  -0.1380   0.1011   0.1714   0.2058

          k =-0.3000 0.0000 0.3031 ( 25896 PWs)   bands (ev):

   -24.4187 -24.4157  -9.8284  -9.8263  -9.7806  -9.7473  -9.6859  -9.6504
    -5.8224  -5.3329  -5.1104  -5.0803  -1.6071  -1.3615  -1.2857  -0.7175
    -0.7083  -0.5003  -0.4371  -0.2432  -0.1189   0.0795   0.1668   0.1694

          k = 0.2000 0.0000 0.6061 ( 25910 PWs)   bands (ev):

   -24.4105 -24.4089 -10.0395 -10.0350  -9.7271  -9.7041  -9.6668  -9.6507
    -5.4079  -5.2887  -5.1754  -5.0253  -1.8331  -1.6865  -1.2778  -1.0228
    -0.5629  -0.4405  -0.2723  -0.2241  -0.0444   0.0201   0.0473   0.1592

          k =-0.3000 0.0000 0.6061 ( 25917 PWs)   bands (ev):

   -24.4103 -24.4091 -10.0464 -10.0429  -9.7168  -9.6915  -9.6728  -9.6528
    -5.4180  -5.3378  -5.1219  -5.0037  -1.9279  -1.8154  -1.1531  -0.9232
    -0.5213  -0.3054  -0.2838  -0.2807  -0.0736  -0.0144   0.0614   0.1426

          k = 0.2000 0.1997 0.0000 ( 25883 PWs)   bands (ev):

   -24.4238 -24.4197  -9.9090  -9.8226  -9.7443  -9.6541  -9.5855  -9.5526
    -6.1587  -5.5118  -5.0809  -4.9214  -1.7734  -1.2510  -1.0713  -0.6966
    -0.5244  -0.4617  -0.2811  -0.2213  -0.1338  -0.0547   0.1321   0.2152

          k =-0.3000 0.1997 0.0000 ( 25882 PWs)   bands (ev):

   -24.4233 -24.4203  -9.9051  -9.8222  -9.7503  -9.6601  -9.5809  -9.5571
    -6.0667  -5.5854  -5.0821  -4.9527  -1.6707  -1.2678  -0.9774  -0.6924
    -0.5238  -0.4679  -0.3100  -0.2037  -0.1996  -0.0754   0.0384   0.1914

          k = 0.2000 0.1997 0.3031 ( 25901 PWs)   bands (ev):

   -24.4188 -24.4155  -9.8528  -9.8092  -9.7856  -9.7426  -9.6793  -9.6457
    -5.8544  -5.2744  -5.1857  -5.0420  -1.5935  -1.4408  -1.2710  -0.7308
    -0.6557  -0.5312  -0.3995  -0.1699  -0.1061   0.0618   0.1290   0.1889

          k =-0.3000 0.1997 0.3031 ( 25915 PWs)   bands (ev):

   -24.4184 -24.4159  -9.8496  -9.8117  -9.7935  -9.7391  -9.6806  -9.6460
    -5.7702  -5.3341  -5.1859  -5.0727  -1.5563  -1.3699  -1.3250  -0.7847
    -0.6291  -0.4865  -0.3568  -0.1954  -0.1434   0.0293   0.1241   0.1813

          k = 0.2000 0.1997 0.6061 ( 25915 PWs)   bands (ev):

   -24.4103 -24.4090 -10.0458 -10.0304  -9.7334  -9.6882  -9.6713  -9.6535
    -5.4921  -5.3089  -5.1484  -4.9433  -1.8297  -1.6853  -1.2597  -1.0660
    -0.5136  -0.3864  -0.2833  -0.1688  -0.1173  -0.0014   0.0424   0.1596

          k =-0.3000 0.1997 0.6061 ( 25920 PWs)   bands (ev):

   -24.4101 -24.4092 -10.0480 -10.0330  -9.7319  -9.6865  -9.6722  -9.6538
    -5.4751  -5.2889  -5.1595  -4.9539  -1.9029  -1.7915  -1.1595  -1.0275
    -0.4967  -0.3237  -0.3023  -0.1511  -0.1354   0.0081   0.0506   0.1756

          k = 0.2000 0.3993 0.0000 ( 25889 PWs)   bands (ev):

   -24.4225 -24.4210  -9.8952  -9.8484  -9.7246  -9.6730  -9.5752  -9.5626
    -5.9290  -5.6449  -5.1400  -5.0266  -1.5106  -1.3938  -0.9976  -0.5678
    -0.5675  -0.5415  -0.3525  -0.1043  -0.1020  -0.0426   0.0281   0.1162

          k =-0.3000 0.3993 0.0000 ( 25881 PWs)   bands (ev):

   -24.4223 -24.4212  -9.9120  -9.8774  -9.6957  -9.6552  -9.5734  -9.5643
    -5.9024  -5.6985  -5.1106  -5.0255  -1.4553  -1.3624  -0.9707  -0.6464
    -0.5843  -0.5608  -0.3792  -0.0878  -0.0790  -0.0309  -0.0143   0.1051

          k = 0.2000 0.3993 0.3031 ( 25902 PWs)   bands (ev):

   -24.4178 -24.4165  -9.8505  -9.8261  -9.7729  -9.7422  -9.6738  -9.6551
    -5.6710  -5.4271  -5.1927  -5.1062  -1.5052  -1.4646  -1.1853  -0.8926
    -0.5260  -0.4404  -0.3706  -0.1757  -0.0838  -0.0145   0.0950   0.1293

          k =-0.3000 0.3993 0.3031 ( 25887 PWs)   bands (ev):

   -24.4176 -24.4167  -9.8571  -9.8403  -9.7713  -9.7461  -9.6622  -9.6463
    -5.6294  -5.4472  -5.1909  -5.1221  -1.5003  -1.4412  -1.2116  -0.9801
    -0.4710  -0.3909  -0.3448  -0.1948  -0.0536  -0.0141   0.0524   0.1207

          k = 0.2000 0.3993 0.6061 ( 25926 PWs)   bands (ev):

   -24.4099 -24.4094 -10.0447 -10.0355  -9.7222  -9.6964  -9.6657  -9.6572
    -5.5269  -5.4569  -4.9908  -4.9106  -1.8007  -1.7282  -1.1936  -1.1049
    -0.4883  -0.3829  -0.2401  -0.1304  -0.0953  -0.0224   0.0113   0.1126

          k =-0.3000 0.3993 0.6061 ( 25925 PWs)   bands (ev):

   -24.4098 -24.4095 -10.0390 -10.0293  -9.7342  -9.7117  -9.6599  -9.6552
    -5.4781  -5.3969  -5.0422  -4.9533  -1.8319  -1.7660  -1.2175  -1.1601
    -0.4645  -0.3583  -0.1977  -0.1294  -0.0718  -0.0277   0.0839   0.1447

          k = 0.4000 0.0000 0.0000 ( 25912 PWs)   bands (ev):

   -24.4227 -24.4208  -9.8482  -9.8204  -9.7492  -9.7289  -9.5768  -9.5613
    -5.9811  -5.6803  -5.0163  -4.9970  -1.6349  -1.3106  -0.8423  -0.6010
    -0.4869  -0.4069  -0.3989  -0.2940  -0.2450  -0.1929   0.0343   0.1273

          k =-0.1000 0.0000 0.0000 ( 25858 PWs)   bands (ev):

   -24.4248 -24.4188  -9.9146  -9.8609  -9.6853  -9.6517  -9.5930  -9.5453
    -6.3198  -5.4935  -4.9294  -4.8613  -2.0220  -1.1078  -1.0607  -0.8558
    -0.5423  -0.4904  -0.4071  -0.3053  -0.0511   0.1521   0.2719   0.2740

          k = 0.4000 0.0000 0.3031 ( 25937 PWs)   bands (ev):

   -24.4179 -24.4164  -9.8254  -9.8105  -9.7905  -9.7545  -9.6835  -9.6602
    -5.6969  -5.4275  -5.1314  -5.1027  -1.5368  -1.3794  -1.2290  -0.8636
    -0.5851  -0.4423  -0.4380  -0.3326  -0.0806   0.0266   0.1459   0.1567

          k =-0.1000 0.0000 0.3031 ( 25889 PWs)   bands (ev):

   -24.4196 -24.4147  -9.8556  -9.8196  -9.7680  -9.7524  -9.6692  -9.6409
    -5.9858  -5.2870  -5.0474  -4.9972  -1.7472  -1.4382  -1.1244  -0.9273
    -0.6692  -0.5895  -0.3557  -0.1876  -0.0384   0.1046   0.1589   0.2361

          k = 0.4000 0.0000 0.6061 ( 25894 PWs)   bands (ev):

   -24.4100 -24.4094 -10.0514 -10.0495  -9.7052  -9.6848  -9.6749  -9.6574
    -5.4179  -5.3776  -5.0692  -5.0038  -1.9761  -1.9148  -1.0290  -0.8794
    -0.4695  -0.3563  -0.3196  -0.2003  -0.1114   0.0274   0.0713   0.0999

          k =-0.1000 0.0000 0.6061 ( 25906 PWs)   bands (ev):

   -24.4106 -24.4088 -10.0335 -10.0286  -9.7344  -9.7139  -9.6629  -9.6502
    -5.3931  -5.2391  -5.2185  -5.0595  -1.7092  -1.5507  -1.4008  -1.1390
    -0.5905  -0.5626  -0.2771  -0.1871  -0.0349   0.0327   0.0875   0.1610

          k = 0.4000 0.1997 0.0000 ( 25891 PWs)   bands (ev):

   -24.4225 -24.4210  -9.8927  -9.8457  -9.7289  -9.6766  -9.5752  -9.5627
    -5.9501  -5.6934  -5.0634  -4.9907  -1.5527  -1.3331  -0.8593  -0.6274
    -0.5157  -0.4831  -0.4575  -0.2506  -0.1746  -0.1046   0.0241   0.1456

          k =-0.1000 0.1997 0.0000 ( 25898 PWs)   bands (ev):

   -24.4242 -24.4193  -9.9065  -9.8392  -9.7197  -9.6585  -9.5884  -9.5498
    -6.2176  -5.4749  -5.0676  -4.9008  -1.8442  -1.2593  -1.1371  -0.6320
    -0.5199  -0.4648  -0.3809  -0.2275  -0.0430  -0.0052   0.2048   0.2171

          k = 0.4000 0.1997 0.3031 ( 25906 PWs)   bands (ev):

   -24.4178 -24.4165  -9.8452  -9.8243  -9.7831  -9.7489  -9.6722  -9.6512
    -5.6644  -5.4324  -5.1658  -5.1054  -1.5166  -1.3970  -1.2448  -0.9283
    -0.5306  -0.4273  -0.3688  -0.2696  -0.0926   0.0071   0.1103   0.1505

          k =-0.1000 0.1997 0.3031 ( 25896 PWs)   bands (ev):

   -24.4191 -24.4152  -9.8561  -9.8055  -9.7738  -9.7542  -9.6716  -9.6495
    -5.9084  -5.2606  -5.1636  -5.0184  -1.6297  -1.4612  -1.2474  -0.7469
    -0.6206  -0.5575  -0.4622  -0.1461  -0.0363   0.0911   0.1236   0.1685

          k = 0.4000 0.1997 0.6061 ( 25937 PWs)   bands (ev):

   -24.4099 -24.4094 -10.0472 -10.0381  -9.7241  -9.6983  -9.6647  -9.6554
    -5.4400  -5.3329  -5.1052  -4.9866  -1.9391  -1.8793  -1.0777  -1.0087
    -0.4584  -0.3509  -0.3061  -0.2053  -0.0513   0.0123   0.0864   0.1658

          k =-0.1000 0.1997 0.6061 ( 25903 PWs)   bands (ev):

   -24.4104 -24.4089 -10.0415 -10.0312  -9.7283  -9.7003  -9.6649  -9.6543
    -5.4922  -5.3581  -5.1047  -4.9500  -1.7344  -1.6038  -1.3453  -1.1122
    -0.5410  -0.4442  -0.2883  -0.1757  -0.0737  -0.0331   0.0689   0.1312

          k = 0.4000 0.3993 0.0000 ( 25911 PWs)   bands (ev):

   -24.4220 -24.4214  -9.9194  -9.9012  -9.6705  -9.6484  -9.5711  -9.5663
    -5.8640  -5.7577  -5.0790  -5.0332  -1.3996  -1.3452  -0.9239  -0.7472
    -0.5930  -0.5794  -0.3508  -0.1745  -0.0539  -0.0275   0.0181   0.0864

          k =-0.1000 0.3993 0.0000 ( 25899 PWs)   bands (ev):

   -24.4227 -24.4208  -9.8732  -9.8248  -9.7463  -9.6977  -9.5763  -9.5616
    -5.9444  -5.6067  -5.1608  -5.0315  -1.5512  -1.4197  -1.0136  -0.5495
    -0.5293  -0.5174  -0.2969  -0.1518  -0.1226  -0.0559   0.0662   0.1300

          k = 0.4000 0.3993 0.3031 ( 25901 PWs)   bands (ev):

   -24.4174 -24.4169  -9.8610  -9.8524  -9.7661  -9.7522  -9.6512  -9.6423
    -5.5795  -5.4818  -5.1804  -5.1419  -1.4807  -1.4313  -1.2180  -1.0812
    -0.3947  -0.3695  -0.2876  -0.1807  -0.1014  -0.0166   0.0339   0.1018

          k =-0.1000 0.3993 0.3031 ( 25891 PWs)   bands (ev):

   -24.4179 -24.4164  -9.8449  -9.8143  -9.7703  -9.7425  -9.6803  -9.6666
    -5.6987  -5.4188  -5.1894  -5.0960  -1.5000  -1.4827  -1.1735  -0.8371
    -0.5437  -0.4785  -0.3760  -0.1564  -0.1033  -0.0409   0.1224   0.1296

          k = 0.4000 0.3993 0.6061 ( 25924 PWs)   bands (ev):

   -24.4098 -24.4096 -10.0323 -10.0260  -9.7396  -9.7263  -9.6565  -9.6545
    -5.4176  -5.3541  -5.0772  -5.0094  -1.8452  -1.8072  -1.2357  -1.2083
    -0.4089  -0.3398  -0.1733  -0.1610  -0.0385  -0.0294   0.1340   0.1706

          k =-0.1000 0.3993 0.6061 ( 25908 PWs)   bands (ev):

   -24.4100 -24.4094 -10.0476 -10.0419  -9.7070  -9.6856  -9.6722  -9.6614
    -5.5551  -5.5056  -4.9493  -4.8869  -1.7607  -1.7115  -1.1753  -1.0640
    -0.4775  -0.3784  -0.2848  -0.1814  -0.1018  -0.0584  -0.0171   0.0941

     highest occupied level (ev):     0.2847

     Writing config to output data dir ./_ph0/pwscf.q_5/pwscf.save/ :
     XML data file

                                                                                

     bravais-lattice index     =            8
     lattice parameter (alat)  =      13.2392  a.u.
     unit-cell volume          =    1533.9930 (a.u.)^3
     number of atoms/cell      =           22
     number of atomic types    =            3
     kinetic-energy cut-off    =     100.0000  Ry
     charge density cut-off    =     800.0000  Ry
     convergence threshold     =      1.0E-14
     beta                      =       0.7000
     number of iterations used =            4
     Exchange-correlation= PBESOL
                           (   1   4  10   8   0   0   0)


     celldm(1)=   13.23919  celldm(2)=    1.00171  celldm(3)=    0.65993
     celldm(4)=    0.00000  celldm(5)=    0.00000  celldm(6)=    0.00000

     crystal axes: (cart. coord. in units of alat)
               a(1) = (  1.0000  0.0000  0.0000 )  
               a(2) = (  0.0000  1.0017  0.0000 )  
               a(3) = (  0.0000  0.0000  0.6599 )  

     reciprocal axes: (cart. coord. in units 2 pi/alat)
               b(1) = (  1.0000  0.0000  0.0000 )  
               b(2) = (  0.0000  0.9983  0.0000 )  
               b(3) = (  0.0000  0.0000  1.5153 )  


     Atoms inside the unit cell: 

     Cartesian axes

     site n.  atom      mass           positions (alat units)
        1  Ba    137.3270   tau(    1) = (    0.50000    0.50085    0.32997  )
        2  Ba    137.3270   tau(    2) = (    0.00000    0.00000    0.65993  )
        3  B      10.8110   tau(    3) = (    0.62465    0.25183    0.00000  )
        4  B      10.8110   tau(    4) = (    0.37535    0.74988    0.00000  )
        5  B      10.8110   tau(    5) = (    0.12465    0.24902    0.32996  )
        6  B      10.8110   tau(    6) = (    0.87535    0.75268    0.32996  )
        7  H       1.0079   tau(    7) = (    0.45220    0.28696   -0.00001  )
        8  H       1.0079   tau(    8) = (    0.54780    0.71474   -0.00001  )
        9  H       1.0079   tau(    9) = (    0.95220    0.21389    0.32998  )
       10  H       1.0079   tau(   10) = (    0.04780    0.78781    0.32998  )
       11  H       1.0079   tau(   11) = (    0.71673    0.40264    0.00000  )
       12  H       1.0079   tau(   12) = (    0.28327    0.59906    0.00000  )
       13  H       1.0079   tau(   13) = (    0.21673    0.09821    0.32996  )
       14  H       1.0079   tau(   14) = (    0.78327    0.90350    0.32996  )
       15  H       1.0079   tau(   15) = (    0.66144    0.16033    0.51466  )
       16  H       1.0079   tau(   16) = (    0.33856    0.84138    0.51466  )
       17  H       1.0079   tau(   17) = (    0.16144    0.34053    0.47524  )
       18  H       1.0079   tau(   18) = (    0.83856    0.66118    0.47524  )
       19  H       1.0079   tau(   19) = (    0.33856    0.84138    0.14529  )
       20  H       1.0079   tau(   20) = (    0.66144    0.16033    0.14529  )
       21  H       1.0079   tau(   21) = (    0.83856    0.66118    0.18468  )
       22  H       1.0079   tau(   22) = (    0.16144    0.34053    0.18468  )

     Computing dynamical matrix for 
                    q = (  -0.5000000   0.0000000   0.0000000 )

      5 Sym.Ops. (with q -> -q+G )


     G cutoff = 3551.8357  (  24424 G-vectors)     FFT grid: (120,120, 80)
     G cutoff = 1775.9178  (   8639 G-vectors)  smooth grid: ( 90, 90, 60)
     number of k points=    54

     PseudoPot. # 1 for B  read from file:
     /home/mehlhorn/pseudos/b_pbesol_v1.4.uspp.F.UPF
     MD5 check sum: 369b69bef2c3aeed4453bd8b804fd6a8
     Pseudo is Ultrasoft + core correction, Zval =  3.0
     Generated by new atomic code, or converted to UPF format
     Using radial grid of  781 points,  4 beta functions with: 
                l(1) =   0
                l(2) =   0
                l(3) =   1
                l(4) =   1
     Q(r) pseudized with  8 coefficients,  rinner =    1.100   1.100   1.100


     PseudoPot. # 2 for Ba read from file:
     /home/mehlhorn/pseudos/Ba.nc.z_10.oncvpsp4.dojo.v4-sp.upf
     MD5 check sum: c10ed334bb677c0554edec7181ce9143
     Pseudo is Norm-conserving + core correction, Zval = 10.0
     Generated using ONCVPSP code by D. R. Hamann
     Using radial grid of 1938 points,  8 beta functions with: 
                l(1) =   0
                l(2) =   0
                l(3) =   1
                l(4) =   1
                l(5) =   2
                l(6) =   2
                l(7) =   3
                l(8) =   3

     PseudoPot. # 3 for H  read from file:
     /home/mehlhorn/pseudos/H_ONCV_PBEsol-1.0.upf
     MD5 check sum: 398ef8f67c0a7342c05c87c5e19ea467
     Pseudo is Norm-conserving, Zval =  1.0
     Generated using ONCVPSP code by D. R. Hamann
     Using radial grid of 1180 points,  2 beta functions with: 
                l(1) =   0
                l(2) =   0


     Atomic displacements:
     There are   33 irreducible representations

     Representation     1      2 modes -  To be done

     Representation     2      2 modes -  To be done

     Representation     3      2 modes -  To be done

     Representation     4      2 modes -  To be done

     Representation     5      2 modes -  To be done

     Representation     6      2 modes -  To be done

     Representation     7      2 modes -  To be done

     Representation     8      2 modes -  To be done

     Representation     9      2 modes -  To be done

     Representation    10      2 modes -  To be done

     Representation    11      2 modes -  To be done

     Representation    12      2 modes -  To be done

     Representation    13      2 modes -  To be done

     Representation    14      2 modes -  To be done

     Representation    15      2 modes -  To be done

     Representation    16      2 modes -  To be done

     Representation    17      2 modes -  To be done

     Representation    18      2 modes -  To be done

     Representation    19      2 modes -  To be done

     Representation    20      2 modes -  To be done

     Representation    21      2 modes -  To be done

     Representation    22      2 modes -  To be done

     Representation    23      2 modes -  To be done

     Representation    24      2 modes -  To be done

     Representation    25      2 modes -  To be done

     Representation    26      2 modes -  To be done

     Representation    27      2 modes -  To be done

     Representation    28      2 modes -  To be done

     Representation    29      2 modes -  To be done

     Representation    30      2 modes -  To be done

     Representation    31      2 modes -  To be done

     Representation    32      2 modes -  To be done

     Representation    33      2 modes -  To be done



     Alpha used in Ewald sum =   2.8000
     PHONON       :   1d17h35m CPU   1d18h 1m WALL



     Representation #   1 modes #   1   2

     Self-consistent Calculation

      iter #   1 total cpu time :151369.0 secs   av.it.:   4.1
      thresh= 1.000E-02 alpha_mix =  0.700 |ddv_scf|^2 =  4.647E-09

      iter #   2 total cpu time :151559.5 secs   av.it.:  16.3
      thresh= 6.817E-06 alpha_mix =  0.700 |ddv_scf|^2 =  4.798E-09

      iter #   3 total cpu time :151738.6 secs   av.it.:  15.0
      thresh= 6.927E-06 alpha_mix =  0.700 |ddv_scf|^2 =  4.755E-11

      iter #   4 total cpu time :151932.8 secs   av.it.:  16.0
      thresh= 6.896E-07 alpha_mix =  0.700 |ddv_scf|^2 =  1.351E-12

      iter #   5 total cpu time :152138.0 secs   av.it.:  16.9
      thresh= 1.162E-07 alpha_mix =  0.700 |ddv_scf|^2 =  2.232E-13

      iter #   6 total cpu time :152343.0 secs   av.it.:  16.5
      thresh= 4.724E-08 alpha_mix =  0.700 |ddv_scf|^2 =  4.656E-15

     End of self-consistent calculation

     Convergence has been achieved 


     Representation #   2 modes #   3   4

     Self-consistent Calculation

      iter #   1 total cpu time :152430.3 secs   av.it.:   3.0
      thresh= 1.000E-02 alpha_mix =  0.700 |ddv_scf|^2 =  2.704E-10

      iter #   2 total cpu time :152638.2 secs   av.it.:  17.0
      thresh= 1.644E-06 alpha_mix =  0.700 |ddv_scf|^2 =  1.489E-10

      iter #   3 total cpu time :152831.4 secs   av.it.:  15.1
      thresh= 1.220E-06 alpha_mix =  0.700 |ddv_scf|^2 =  1.075E-11

      iter #   4 total cpu time :153025.6 secs   av.it.:  15.4
      thresh= 3.279E-07 alpha_mix =  0.700 |ddv_scf|^2 =  2.126E-13

      iter #   5 total cpu time :153229.9 secs   av.it.:  17.0
      thresh= 4.611E-08 alpha_mix =  0.700 |ddv_scf|^2 =  1.171E-14

      iter #   6 total cpu time :153424.7 secs   av.it.:  16.9
      thresh= 1.082E-08 alpha_mix =  0.700 |ddv_scf|^2 =  5.025E-16

     End of self-consistent calculation

     Convergence has been achieved 


     Representation #   3 modes #   5   6

     Self-consistent Calculation

      iter #   1 total cpu time :153509.5 secs   av.it.:   3.0
      thresh= 1.000E-02 alpha_mix =  0.700 |ddv_scf|^2 =  2.438E-09

      iter #   2 total cpu time :153699.1 secs   av.it.:  16.0
      thresh= 4.938E-06 alpha_mix =  0.700 |ddv_scf|^2 =  3.491E-09

      iter #   3 total cpu time :153873.1 secs   av.it.:  14.9
      thresh= 5.908E-06 alpha_mix =  0.700 |ddv_scf|^2 =  5.656E-12

      iter #   4 total cpu time :154068.3 secs   av.it.:  17.0
      thresh= 2.378E-07 alpha_mix =  0.700 |ddv_scf|^2 =  1.095E-12

      iter #   5 total cpu time :154253.1 secs   av.it.:  16.0
      thresh= 1.046E-07 alpha_mix =  0.700 |ddv_scf|^2 =  1.348E-14

      iter #   6 total cpu time :154443.6 secs   av.it.:  16.7
      thresh= 1.161E-08 alpha_mix =  0.700 |ddv_scf|^2 =  1.341E-15

     End of self-consistent calculation

     Convergence has been achieved 


     Representation #   4 modes #   7   8

     Self-consistent Calculation

      iter #   1 total cpu time :154529.8 secs   av.it.:   3.0
      thresh= 1.000E-02 alpha_mix =  0.700 |ddv_scf|^2 =  5.258E-10

      iter #   2 total cpu time :154732.5 secs   av.it.:  17.0
      thresh= 2.293E-06 alpha_mix =  0.700 |ddv_scf|^2 =  3.978E-10

      iter #   3 total cpu time :154927.7 secs   av.it.:  16.0
      thresh= 1.994E-06 alpha_mix =  0.700 |ddv_scf|^2 =  6.920E-12

      iter #   4 total cpu time :155126.1 secs   av.it.:  16.0
      thresh= 2.631E-07 alpha_mix =  0.700 |ddv_scf|^2 =  1.371E-12

      iter #   5 total cpu time :155318.0 secs   av.it.:  15.8
      thresh= 1.171E-07 alpha_mix =  0.700 |ddv_scf|^2 =  7.275E-14

      iter #   6 total cpu time :155514.7 secs   av.it.:  16.0
      thresh= 2.697E-08 alpha_mix =  0.700 |ddv_scf|^2 =  2.980E-15

     End of self-consistent calculation

     Convergence has been achieved 


     Representation #   5 modes #   9  10

     Self-consistent Calculation

      iter #   1 total cpu time :155605.2 secs   av.it.:   3.8
      thresh= 1.000E-02 alpha_mix =  0.700 |ddv_scf|^2 =  1.029E-09

      iter #   2 total cpu time :155810.6 secs   av.it.:  17.0
      thresh= 3.208E-06 alpha_mix =  0.700 |ddv_scf|^2 =  5.473E-10

      iter #   3 total cpu time :156025.0 secs   av.it.:  16.0
      thresh= 2.340E-06 alpha_mix =  0.700 |ddv_scf|^2 =  1.132E-11

      iter #   4 total cpu time :156219.1 secs   av.it.:  15.6
      thresh= 3.365E-07 alpha_mix =  0.700 |ddv_scf|^2 =  1.131E-12

      iter #   5 total cpu time :156402.7 secs   av.it.:  15.9
      thresh= 1.063E-07 alpha_mix =  0.700 |ddv_scf|^2 =  5.055E-14

      iter #   6 total cpu time :156590.6 secs   av.it.:  16.1
      thresh= 2.248E-08 alpha_mix =  0.700 |ddv_scf|^2 =  7.788E-15

     End of self-consistent calculation

     Convergence has been achieved 


     Representation #   6 modes #  11  12

     Self-consistent Calculation

      iter #   1 total cpu time :156678.4 secs   av.it.:   3.0
      thresh= 1.000E-02 alpha_mix =  0.700 |ddv_scf|^2 =  8.177E-10

      iter #   2 total cpu time :156881.4 secs   av.it.:  16.8
      thresh= 2.859E-06 alpha_mix =  0.700 |ddv_scf|^2 =  4.246E-10

      iter #   3 total cpu time :157075.2 secs   av.it.:  16.0
      thresh= 2.061E-06 alpha_mix =  0.700 |ddv_scf|^2 =  4.296E-12

      iter #   4 total cpu time :157270.7 secs   av.it.:  16.0
      thresh= 2.073E-07 alpha_mix =  0.700 |ddv_scf|^2 =  1.379E-12

      iter #   5 total cpu time :157461.6 secs   av.it.:  15.6
      thresh= 1.174E-07 alpha_mix =  0.700 |ddv_scf|^2 =  3.073E-14

      iter #   6 total cpu time :157665.2 secs   av.it.:  16.7
      thresh= 1.753E-08 alpha_mix =  0.700 |ddv_scf|^2 =  4.497E-15

     End of self-consistent calculation

     Convergence has been achieved 


     Representation #   7 modes #  13  14

     Self-consistent Calculation

      iter #   1 total cpu time :157754.3 secs   av.it.:   3.1
      thresh= 1.000E-02 alpha_mix =  0.700 |ddv_scf|^2 =  6.464E-10

      iter #   2 total cpu time :157957.9 secs   av.it.:  16.9
      thresh= 2.542E-06 alpha_mix =  0.700 |ddv_scf|^2 =  3.808E-10

      iter #   3 total cpu time :158150.8 secs   av.it.:  15.9
      thresh= 1.951E-06 alpha_mix =  0.700 |ddv_scf|^2 =  1.455E-11

      iter #   4 total cpu time :158342.3 secs   av.it.:  15.7
      thresh= 3.815E-07 alpha_mix =  0.700 |ddv_scf|^2 =  6.660E-13

      iter #   5 total cpu time :158544.2 secs   av.it.:  16.1
      thresh= 8.161E-08 alpha_mix =  0.700 |ddv_scf|^2 =  5.365E-14

      iter #   6 total cpu time :158742.2 secs   av.it.:  16.0
      thresh= 2.316E-08 alpha_mix =  0.700 |ddv_scf|^2 =  9.095E-15

     End of self-consistent calculation

     Convergence has been achieved 


     Representation #   8 modes #  15  16

     Self-consistent Calculation

      iter #   1 total cpu time :158832.2 secs   av.it.:   3.6
      thresh= 1.000E-02 alpha_mix =  0.700 |ddv_scf|^2 =  2.032E-09

      iter #   2 total cpu time :159032.3 secs   av.it.:  16.2
      thresh= 4.507E-06 alpha_mix =  0.700 |ddv_scf|^2 =  1.640E-09

      iter #   3 total cpu time :159220.8 secs   av.it.:  15.1
      thresh= 4.049E-06 alpha_mix =  0.700 |ddv_scf|^2 =  1.806E-11

      iter #   4 total cpu time :159413.8 secs   av.it.:  16.0
      thresh= 4.250E-07 alpha_mix =  0.700 |ddv_scf|^2 =  1.268E-12

      iter #   5 total cpu time :159608.9 secs   av.it.:  16.0
      thresh= 1.126E-07 alpha_mix =  0.700 |ddv_scf|^2 =  4.641E-14

      iter #   6 total cpu time :159808.8 secs   av.it.:  16.4
      thresh= 2.154E-08 alpha_mix =  0.700 |ddv_scf|^2 =  4.237E-15

     End of self-consistent calculation

     Convergence has been achieved 


     Representation #   9 modes #  17  18

     Self-consistent Calculation

      iter #   1 total cpu time :159911.9 secs   av.it.:   5.0
      thresh= 1.000E-02 alpha_mix =  0.700 |ddv_scf|^2 =  4.706E-08

      iter #   2 total cpu time :160103.8 secs   av.it.:  15.9
      thresh= 2.169E-05 alpha_mix =  0.700 |ddv_scf|^2 =  7.256E-08

      iter #   3 total cpu time :160286.0 secs   av.it.:  14.4
      thresh= 2.694E-05 alpha_mix =  0.700 |ddv_scf|^2 =  6.402E-11

      iter #   4 total cpu time :160481.7 secs   av.it.:  16.2
      thresh= 8.001E-07 alpha_mix =  0.700 |ddv_scf|^2 =  6.308E-12

      iter #   5 total cpu time :160672.6 secs   av.it.:  16.0
      thresh= 2.512E-07 alpha_mix =  0.700 |ddv_scf|^2 =  2.308E-13

      iter #   6 total cpu time :160875.1 secs   av.it.:  16.7
      thresh= 4.804E-08 alpha_mix =  0.700 |ddv_scf|^2 =  3.775E-14

      iter #   7 total cpu time :161067.3 secs   av.it.:  16.0
      thresh= 1.943E-08 alpha_mix =  0.700 |ddv_scf|^2 =  6.793E-16

     End of self-consistent calculation

     Convergence has been achieved 


     Representation #  10 modes #  19  20

     Self-consistent Calculation

      iter #   1 total cpu time :161191.5 secs   av.it.:   6.6
      thresh= 1.000E-02 alpha_mix =  0.700 |ddv_scf|^2 =  3.403E-08

      iter #   2 total cpu time :161392.7 secs   av.it.:  16.1
      thresh= 1.845E-05 alpha_mix =  0.700 |ddv_scf|^2 =  3.661E-08

      iter #   3 total cpu time :161579.3 secs   av.it.:  15.0
      thresh= 1.914E-05 alpha_mix =  0.700 |ddv_scf|^2 =  4.218E-10

      iter #   4 total cpu time :161773.1 secs   av.it.:  16.0
      thresh= 2.054E-06 alpha_mix =  0.700 |ddv_scf|^2 =  4.959E-12

      iter #   5 total cpu time :161971.0 secs   av.it.:  17.0
      thresh= 2.227E-07 alpha_mix =  0.700 |ddv_scf|^2 =  6.268E-13

      iter #   6 total cpu time :162175.5 secs   av.it.:  16.5
      thresh= 7.917E-08 alpha_mix =  0.700 |ddv_scf|^2 =  2.247E-14

      iter #   7 total cpu time :162381.2 secs   av.it.:  16.6
      thresh= 1.499E-08 alpha_mix =  0.700 |ddv_scf|^2 =  1.951E-15

     End of self-consistent calculation

     Convergence has been achieved 


     Representation #  11 modes #  21  22

     Self-consistent Calculation

      iter #   1 total cpu time :162469.4 secs   av.it.:   3.0
      thresh= 1.000E-02 alpha_mix =  0.700 |ddv_scf|^2 =  2.159E-09

      iter #   2 total cpu time :162668.9 secs   av.it.:  16.0
      thresh= 4.647E-06 alpha_mix =  0.700 |ddv_scf|^2 =  2.166E-09

      iter #   3 total cpu time :162848.3 secs   av.it.:  15.0
      thresh= 4.654E-06 alpha_mix =  0.700 |ddv_scf|^2 =  1.229E-11

      iter #   4 total cpu time :163040.4 secs   av.it.:  16.0
      thresh= 3.505E-07 alpha_mix =  0.700 |ddv_scf|^2 =  1.097E-12

      iter #   5 total cpu time :163230.2 secs   av.it.:  16.0
      thresh= 1.048E-07 alpha_mix =  0.700 |ddv_scf|^2 =  2.505E-14

      iter #   6 total cpu time :163425.6 secs   av.it.:  16.7
      thresh= 1.583E-08 alpha_mix =  0.700 |ddv_scf|^2 =  1.646E-15

     End of self-consistent calculation

     Convergence has been achieved 


     Representation #  12 modes #  23  24

     Self-consistent Calculation

      iter #   1 total cpu time :163510.7 secs   av.it.:   3.0
      thresh= 1.000E-02 alpha_mix =  0.700 |ddv_scf|^2 =  1.142E-09

      iter #   2 total cpu time :163711.1 secs   av.it.:  16.0
      thresh= 3.379E-06 alpha_mix =  0.700 |ddv_scf|^2 =  1.378E-09

      iter #   3 total cpu time :163898.2 secs   av.it.:  15.0
      thresh= 3.712E-06 alpha_mix =  0.700 |ddv_scf|^2 =  5.917E-12

      iter #   4 total cpu time :164100.3 secs   av.it.:  16.0
      thresh= 2.432E-07 alpha_mix =  0.700 |ddv_scf|^2 =  6.521E-13

      iter #   5 total cpu time :164301.6 secs   av.it.:  16.0
      thresh= 8.075E-08 alpha_mix =  0.700 |ddv_scf|^2 =  2.897E-14

      iter #   6 total cpu time :164496.3 secs   av.it.:  16.3
      thresh= 1.702E-08 alpha_mix =  0.700 |ddv_scf|^2 =  1.126E-15

     End of self-consistent calculation

     Convergence has been achieved 


     Representation #  13 modes #  25  26

     Self-consistent Calculation

      iter #   1 total cpu time :164582.0 secs   av.it.:   3.0
      thresh= 1.000E-02 alpha_mix =  0.700 |ddv_scf|^2 =  8.169E-10

      iter #   2 total cpu time :164780.2 secs   av.it.:  16.2
      thresh= 2.858E-06 alpha_mix =  0.700 |ddv_scf|^2 =  6.358E-10

      iter #   3 total cpu time :164957.6 secs   av.it.:  15.0
      thresh= 2.522E-06 alpha_mix =  0.700 |ddv_scf|^2 =  9.613E-12

      iter #   4 total cpu time :165142.4 secs   av.it.:  16.0
      thresh= 3.100E-07 alpha_mix =  0.700 |ddv_scf|^2 =  1.008E-12

      iter #   5 total cpu time :165329.1 secs   av.it.:  16.0
      thresh= 1.004E-07 alpha_mix =  0.700 |ddv_scf|^2 =  4.635E-14

      iter #   6 total cpu time :165516.9 secs   av.it.:  16.0
      thresh= 2.153E-08 alpha_mix =  0.700 |ddv_scf|^2 =  3.391E-15

     End of self-consistent calculation

     Convergence has been achieved 


     Representation #  14 modes #  27  28

     Self-consistent Calculation

      iter #   1 total cpu time :165604.3 secs   av.it.:   3.1
      thresh= 1.000E-02 alpha_mix =  0.700 |ddv_scf|^2 =  8.260E-10

      iter #   2 total cpu time :165811.0 secs   av.it.:  16.9
      thresh= 2.874E-06 alpha_mix =  0.700 |ddv_scf|^2 =  5.856E-10

      iter #   3 total cpu time :166002.1 secs   av.it.:  15.2
      thresh= 2.420E-06 alpha_mix =  0.700 |ddv_scf|^2 =  1.071E-11

      iter #   4 total cpu time :166199.1 secs   av.it.:  16.0
      thresh= 3.273E-07 alpha_mix =  0.700 |ddv_scf|^2 =  1.129E-12

      iter #   5 total cpu time :166397.1 secs   av.it.:  16.0
      thresh= 1.063E-07 alpha_mix =  0.700 |ddv_scf|^2 =  1.681E-14

      iter #   6 total cpu time :166594.5 secs   av.it.:  16.8
      thresh= 1.297E-08 alpha_mix =  0.700 |ddv_scf|^2 =  2.847E-15

     End of self-consistent calculation

     Convergence has been achieved 


     Representation #  15 modes #  29  30

     Self-consistent Calculation

      iter #   1 total cpu time :166714.6 secs   av.it.:   6.7
      thresh= 1.000E-02 alpha_mix =  0.700 |ddv_scf|^2 =  1.188E-07

      iter #   2 total cpu time :166909.2 secs   av.it.:  16.0
      thresh= 3.447E-05 alpha_mix =  0.700 |ddv_scf|^2 =  1.681E-07

      iter #   3 total cpu time :167094.8 secs   av.it.:  14.9
      thresh= 4.100E-05 alpha_mix =  0.700 |ddv_scf|^2 =  5.628E-10

      iter #   4 total cpu time :167295.2 secs   av.it.:  16.0
      thresh= 2.372E-06 alpha_mix =  0.700 |ddv_scf|^2 =  1.094E-11

      iter #   5 total cpu time :167500.7 secs   av.it.:  16.6
      thresh= 3.307E-07 alpha_mix =  0.700 |ddv_scf|^2 =  9.392E-13

      iter #   6 total cpu time :167707.0 secs   av.it.:  17.0
      thresh= 9.691E-08 alpha_mix =  0.700 |ddv_scf|^2 =  4.997E-14

      iter #   7 total cpu time :167911.5 secs   av.it.:  16.4
      thresh= 2.235E-08 alpha_mix =  0.700 |ddv_scf|^2 =  8.683E-15

     End of self-consistent calculation

     Convergence has been achieved 


     Representation #  16 modes #  31  32

     Self-consistent Calculation

      iter #   1 total cpu time :167996.6 secs   av.it.:   3.0
      thresh= 1.000E-02 alpha_mix =  0.700 |ddv_scf|^2 =  5.426E-10

      iter #   2 total cpu time :168197.9 secs   av.it.:  16.4
      thresh= 2.329E-06 alpha_mix =  0.700 |ddv_scf|^2 =  3.777E-10

      iter #   3 total cpu time :168391.3 secs   av.it.:  15.9
      thresh= 1.943E-06 alpha_mix =  0.700 |ddv_scf|^2 =  2.075E-11

      iter #   4 total cpu time :168578.7 secs   av.it.:  15.0
      thresh= 4.555E-07 alpha_mix =  0.700 |ddv_scf|^2 =  4.512E-13

      iter #   5 total cpu time :168771.7 secs   av.it.:  16.0
      thresh= 6.717E-08 alpha_mix =  0.700 |ddv_scf|^2 =  1.692E-14

      iter #   6 total cpu time :168971.5 secs   av.it.:  17.0
      thresh= 1.301E-08 alpha_mix =  0.700 |ddv_scf|^2 =  1.041E-15

     End of self-consistent calculation

     Convergence has been achieved 


     Representation #  17 modes #  33  34

     Self-consistent Calculation

      iter #   1 total cpu time :169059.7 secs   av.it.:   3.0
      thresh= 1.000E-02 alpha_mix =  0.700 |ddv_scf|^2 =  5.347E-09

      iter #   2 total cpu time :169242.7 secs   av.it.:  15.8
      thresh= 7.312E-06 alpha_mix =  0.700 |ddv_scf|^2 =  7.542E-09

      iter #   3 total cpu time :169414.4 secs   av.it.:  14.7
      thresh= 8.684E-06 alpha_mix =  0.700 |ddv_scf|^2 =  1.807E-12

      iter #   4 total cpu time :169612.1 secs   av.it.:  17.0
      thresh= 1.344E-07 alpha_mix =  0.700 |ddv_scf|^2 =  5.165E-13

      iter #   5 total cpu time :169800.7 secs   av.it.:  16.1
      thresh= 7.187E-08 alpha_mix =  0.700 |ddv_scf|^2 =  2.099E-14

      iter #   6 total cpu time :169989.9 secs   av.it.:  16.0
      thresh= 1.449E-08 alpha_mix =  0.700 |ddv_scf|^2 =  1.506E-15

     End of self-consistent calculation

     Convergence has been achieved 


     Representation #  18 modes #  35  36

     Self-consistent Calculation

      iter #   1 total cpu time :170090.2 secs   av.it.:   5.0
      thresh= 1.000E-02 alpha_mix =  0.700 |ddv_scf|^2 =  6.796E-09

      iter #   2 total cpu time :170288.8 secs   av.it.:  16.9
      thresh= 8.244E-06 alpha_mix =  0.700 |ddv_scf|^2 =  3.043E-09

      iter #   3 total cpu time :170486.0 secs   av.it.:  16.0
      thresh= 5.516E-06 alpha_mix =  0.700 |ddv_scf|^2 =  9.865E-12

      iter #   4 total cpu time :170684.2 secs   av.it.:  16.8
      thresh= 3.141E-07 alpha_mix =  0.700 |ddv_scf|^2 =  5.088E-12

      iter #   5 total cpu time :170869.3 secs   av.it.:  15.4
      thresh= 2.256E-07 alpha_mix =  0.700 |ddv_scf|^2 =  3.252E-13

      iter #   6 total cpu time :171060.3 secs   av.it.:  16.0
      thresh= 5.702E-08 alpha_mix =  0.700 |ddv_scf|^2 =  1.066E-14

      iter #   7 total cpu time :171258.4 secs   av.it.:  17.0
      thresh= 1.033E-08 alpha_mix =  0.700 |ddv_scf|^2 =  6.276E-16

     End of self-consistent calculation

     Convergence has been achieved 


     Representation #  19 modes #  37  38

     Self-consistent Calculation

      iter #   1 total cpu time :171348.3 secs   av.it.:   4.0
      thresh= 1.000E-02 alpha_mix =  0.700 |ddv_scf|^2 =  1.446E-09

      iter #   2 total cpu time :171545.4 secs   av.it.:  16.9
      thresh= 3.802E-06 alpha_mix =  0.700 |ddv_scf|^2 =  9.491E-10

      iter #   3 total cpu time :171740.7 secs   av.it.:  16.0
      thresh= 3.081E-06 alpha_mix =  0.700 |ddv_scf|^2 =  2.015E-11

      iter #   4 total cpu time :171933.6 secs   av.it.:  15.0
      thresh= 4.488E-07 alpha_mix =  0.700 |ddv_scf|^2 =  9.526E-13

      iter #   5 total cpu time :172132.4 secs   av.it.:  16.1
      thresh= 9.760E-08 alpha_mix =  0.700 |ddv_scf|^2 =  8.404E-14

      iter #   6 total cpu time :172324.6 secs   av.it.:  16.0
      thresh= 2.899E-08 alpha_mix =  0.700 |ddv_scf|^2 =  2.743E-14

      iter #   7 total cpu time :172507.9 secs   av.it.:  15.1
      thresh= 1.656E-08 alpha_mix =  0.700 |ddv_scf|^2 =  1.932E-16

     End of self-consistent calculation

     Convergence has been achieved 


     Representation #  20 modes #  39  40

     Self-consistent Calculation

      iter #   1 total cpu time :172607.2 secs   av.it.:   4.9
      thresh= 1.000E-02 alpha_mix =  0.700 |ddv_scf|^2 =  5.146E-09

      iter #   2 total cpu time :172801.9 secs   av.it.:  16.9
      thresh= 7.173E-06 alpha_mix =  0.700 |ddv_scf|^2 =  3.322E-09

      iter #   3 total cpu time :172985.8 secs   av.it.:  15.7
      thresh= 5.764E-06 alpha_mix =  0.700 |ddv_scf|^2 =  1.450E-10

      iter #   4 total cpu time :173173.9 secs   av.it.:  15.1
      thresh= 1.204E-06 alpha_mix =  0.700 |ddv_scf|^2 =  3.497E-12

      iter #   5 total cpu time :173372.3 secs   av.it.:  16.0
      thresh= 1.870E-07 alpha_mix =  0.700 |ddv_scf|^2 =  3.433E-13

      iter #   6 total cpu time :173573.5 secs   av.it.:  16.9
      thresh= 5.859E-08 alpha_mix =  0.700 |ddv_scf|^2 =  2.280E-14

      iter #   7 total cpu time :173767.6 secs   av.it.:  16.9
      thresh= 1.510E-08 alpha_mix =  0.700 |ddv_scf|^2 =  2.015E-15

     End of self-consistent calculation

     Convergence has been achieved 


     Representation #  21 modes #  41  42

     Self-consistent Calculation

      iter #   1 total cpu time :173851.9 secs   av.it.:   3.0
      thresh= 1.000E-02 alpha_mix =  0.700 |ddv_scf|^2 =  1.367E-09

      iter #   2 total cpu time :174047.8 secs   av.it.:  16.0
      thresh= 3.697E-06 alpha_mix =  0.700 |ddv_scf|^2 =  1.014E-09

      iter #   3 total cpu time :174236.7 secs   av.it.:  15.0
      thresh= 3.185E-06 alpha_mix =  0.700 |ddv_scf|^2 =  1.865E-11

      iter #   4 total cpu time :174429.3 secs   av.it.:  15.7
      thresh= 4.318E-07 alpha_mix =  0.700 |ddv_scf|^2 =  7.056E-13

      iter #   5 total cpu time :174628.9 secs   av.it.:  16.0
      thresh= 8.400E-08 alpha_mix =  0.700 |ddv_scf|^2 =  2.423E-14

      iter #   6 total cpu time :174829.2 secs   av.it.:  16.3
      thresh= 1.557E-08 alpha_mix =  0.700 |ddv_scf|^2 =  5.945E-15

     End of self-consistent calculation

     Convergence has been achieved 


     Representation #  22 modes #  43  44

     Self-consistent Calculation

      iter #   1 total cpu time :174918.7 secs   av.it.:   3.3
      thresh= 1.000E-02 alpha_mix =  0.700 |ddv_scf|^2 =  3.224E-09

      iter #   2 total cpu time :175106.3 secs   av.it.:  16.0
      thresh= 5.678E-06 alpha_mix =  0.700 |ddv_scf|^2 =  4.208E-09

      iter #   3 total cpu time :175293.1 secs   av.it.:  15.0
      thresh= 6.487E-06 alpha_mix =  0.700 |ddv_scf|^2 =  1.194E-11

      iter #   4 total cpu time :175486.3 secs   av.it.:  16.6
      thresh= 3.456E-07 alpha_mix =  0.700 |ddv_scf|^2 =  5.942E-13

      iter #   5 total cpu time :175677.5 secs   av.it.:  16.5
      thresh= 7.709E-08 alpha_mix =  0.700 |ddv_scf|^2 =  4.626E-14

      iter #   6 total cpu time :175867.0 secs   av.it.:  16.0
      thresh= 2.151E-08 alpha_mix =  0.700 |ddv_scf|^2 =  6.044E-15

     End of self-consistent calculation

     Convergence has been achieved 


     Representation #  23 modes #  45  46

     Self-consistent Calculation

      iter #   1 total cpu time :175952.1 secs   av.it.:   3.0
      thresh= 1.000E-02 alpha_mix =  0.700 |ddv_scf|^2 =  3.025E-10

      iter #   2 total cpu time :176152.3 secs   av.it.:  17.0
      thresh= 1.739E-06 alpha_mix =  0.700 |ddv_scf|^2 =  9.204E-11

      iter #   3 total cpu time :176348.5 secs   av.it.:  16.0
      thresh= 9.594E-07 alpha_mix =  0.700 |ddv_scf|^2 =  8.561E-12

      iter #   4 total cpu time :176549.1 secs   av.it.:  15.1
      thresh= 2.926E-07 alpha_mix =  0.700 |ddv_scf|^2 =  6.306E-13

      iter #   5 total cpu time :176751.5 secs   av.it.:  16.0
      thresh= 7.941E-08 alpha_mix =  0.700 |ddv_scf|^2 =  2.318E-14

      iter #   6 total cpu time :176953.7 secs   av.it.:  16.7
      thresh= 1.522E-08 alpha_mix =  0.700 |ddv_scf|^2 =  1.568E-15

     End of self-consistent calculation

     Convergence has been achieved 


     Representation #  24 modes #  47  48

     Self-consistent Calculation

      iter #   1 total cpu time :177040.5 secs   av.it.:   3.0
      thresh= 1.000E-02 alpha_mix =  0.700 |ddv_scf|^2 =  1.981E-09

      iter #   2 total cpu time :177235.9 secs   av.it.:  16.0
      thresh= 4.450E-06 alpha_mix =  0.700 |ddv_scf|^2 =  2.137E-09

      iter #   3 total cpu time :177421.2 secs   av.it.:  15.0
      thresh= 4.623E-06 alpha_mix =  0.700 |ddv_scf|^2 =  9.287E-12

      iter #   4 total cpu time :177625.3 secs   av.it.:  16.1
      thresh= 3.047E-07 alpha_mix =  0.700 |ddv_scf|^2 =  6.731E-13

      iter #   5 total cpu time :177828.8 secs   av.it.:  16.2
      thresh= 8.204E-08 alpha_mix =  0.700 |ddv_scf|^2 =  2.723E-14

      iter #   6 total cpu time :178030.3 secs   av.it.:  16.0
      thresh= 1.650E-08 alpha_mix =  0.700 |ddv_scf|^2 =  1.895E-15

     End of self-consistent calculation

     Convergence has been achieved 


     Representation #  25 modes #  49  50

     Self-consistent Calculation

      iter #   1 total cpu time :178131.7 secs   av.it.:   4.3
      thresh= 1.000E-02 alpha_mix =  0.700 |ddv_scf|^2 =  4.194E-09

      iter #   2 total cpu time :178334.5 secs   av.it.:  16.7
      thresh= 6.476E-06 alpha_mix =  0.700 |ddv_scf|^2 =  3.366E-09

      iter #   3 total cpu time :178521.1 secs   av.it.:  15.0
      thresh= 5.802E-06 alpha_mix =  0.700 |ddv_scf|^2 =  1.090E-10

      iter #   4 total cpu time :178714.7 secs   av.it.:  15.9
      thresh= 1.044E-06 alpha_mix =  0.700 |ddv_scf|^2 =  2.474E-12

      iter #   5 total cpu time :178918.9 secs   av.it.:  16.1
      thresh= 1.573E-07 alpha_mix =  0.700 |ddv_scf|^2 =  2.655E-13

      iter #   6 total cpu time :179121.2 secs   av.it.:  16.7
      thresh= 5.153E-08 alpha_mix =  0.700 |ddv_scf|^2 =  1.483E-14

      iter #   7 total cpu time :179324.7 secs   av.it.:  16.9
      thresh= 1.218E-08 alpha_mix =  0.700 |ddv_scf|^2 =  1.584E-15

     End of self-consistent calculation

     Convergence has been achieved 


     Representation #  26 modes #  51  52

     Self-consistent Calculation

      iter #   1 total cpu time :179417.7 secs   av.it.:   4.0
      thresh= 1.000E-02 alpha_mix =  0.700 |ddv_scf|^2 =  5.869E-09

      iter #   2 total cpu time :179617.8 secs   av.it.:  16.0
      thresh= 7.661E-06 alpha_mix =  0.700 |ddv_scf|^2 =  7.474E-09

      iter #   3 total cpu time :179802.8 secs   av.it.:  15.0
      thresh= 8.645E-06 alpha_mix =  0.700 |ddv_scf|^2 =  1.825E-11

      iter #   4 total cpu time :179996.7 secs   av.it.:  16.0
      thresh= 4.272E-07 alpha_mix =  0.700 |ddv_scf|^2 =  7.337E-13

      iter #   5 total cpu time :180188.6 secs   av.it.:  16.4
      thresh= 8.565E-08 alpha_mix =  0.700 |ddv_scf|^2 =  1.238E-13

      iter #   6 total cpu time :180380.0 secs   av.it.:  15.9
      thresh= 3.519E-08 alpha_mix =  0.700 |ddv_scf|^2 =  1.936E-14

      iter #   7 total cpu time :180571.1 secs   av.it.:  15.7
      thresh= 1.391E-08 alpha_mix =  0.700 |ddv_scf|^2 =  2.231E-16

     End of self-consistent calculation

     Convergence has been achieved 


     Representation #  27 modes #  53  54

     Self-consistent Calculation

      iter #   1 total cpu time :180695.5 secs   av.it.:   6.8
      thresh= 1.000E-02 alpha_mix =  0.700 |ddv_scf|^2 =  1.862E-07

      iter #   2 total cpu time :180890.7 secs   av.it.:  16.0
      thresh= 4.315E-05 alpha_mix =  0.700 |ddv_scf|^2 =  2.578E-07

      iter #   3 total cpu time :181073.7 secs   av.it.:  15.0
      thresh= 5.077E-05 alpha_mix =  0.700 |ddv_scf|^2 =  3.744E-10

      iter #   4 total cpu time :181275.0 secs   av.it.:  16.1
      thresh= 1.935E-06 alpha_mix =  0.700 |ddv_scf|^2 =  1.571E-11

      iter #   5 total cpu time :181468.3 secs   av.it.:  16.4
      thresh= 3.964E-07 alpha_mix =  0.700 |ddv_scf|^2 =  8.822E-13

      iter #   6 total cpu time :181664.0 secs   av.it.:  17.0
      thresh= 9.393E-08 alpha_mix =  0.700 |ddv_scf|^2 =  9.536E-14

      iter #   7 total cpu time :181852.5 secs   av.it.:  16.0
      thresh= 3.088E-08 alpha_mix =  0.700 |ddv_scf|^2 =  1.172E-14

      iter #   8 total cpu time :182050.6 secs   av.it.:  16.0
      thresh= 1.083E-08 alpha_mix =  0.700 |ddv_scf|^2 =  2.263E-15

     End of self-consistent calculation

     Convergence has been achieved 


     Representation #  28 modes #  55  56

     Self-consistent Calculation

      iter #   1 total cpu time :182137.0 secs   av.it.:   3.0
      thresh= 1.000E-02 alpha_mix =  0.700 |ddv_scf|^2 =  2.614E-09

      iter #   2 total cpu time :182331.1 secs   av.it.:  16.0
      thresh= 5.112E-06 alpha_mix =  0.700 |ddv_scf|^2 =  2.931E-09

      iter #   3 total cpu time :182515.9 secs   av.it.:  14.9
      thresh= 5.414E-06 alpha_mix =  0.700 |ddv_scf|^2 =  1.191E-11

      iter #   4 total cpu time :182715.0 secs   av.it.:  16.0
      thresh= 3.451E-07 alpha_mix =  0.700 |ddv_scf|^2 =  4.592E-13

      iter #   5 total cpu time :182920.8 secs   av.it.:  17.0
      thresh= 6.776E-08 alpha_mix =  0.700 |ddv_scf|^2 =  3.610E-14

      iter #   6 total cpu time :183123.9 secs   av.it.:  16.0
      thresh= 1.900E-08 alpha_mix =  0.700 |ddv_scf|^2 =  2.910E-15

     End of self-consistent calculation

     Convergence has been achieved 


     Representation #  29 modes #  57  58

     Self-consistent Calculation

      iter #   1 total cpu time :183212.6 secs   av.it.:   3.1
      thresh= 1.000E-02 alpha_mix =  0.700 |ddv_scf|^2 =  9.635E-10

      iter #   2 total cpu time :183411.7 secs   av.it.:  16.0
      thresh= 3.104E-06 alpha_mix =  0.700 |ddv_scf|^2 =  7.555E-10

      iter #   3 total cpu time :183598.8 secs   av.it.:  15.0
      thresh= 2.749E-06 alpha_mix =  0.700 |ddv_scf|^2 =  9.496E-12

      iter #   4 total cpu time :183796.1 secs   av.it.:  16.0
      thresh= 3.082E-07 alpha_mix =  0.700 |ddv_scf|^2 =  1.090E-12

      iter #   5 total cpu time :183994.2 secs   av.it.:  16.0
      thresh= 1.044E-07 alpha_mix =  0.700 |ddv_scf|^2 =  1.853E-14

      iter #   6 total cpu time :184197.5 secs   av.it.:  16.8
      thresh= 1.361E-08 alpha_mix =  0.700 |ddv_scf|^2 =  1.256E-15

     End of self-consistent calculation

     Convergence has been achieved 


     Representation #  30 modes #  59  60

     Self-consistent Calculation

      iter #   1 total cpu time :184300.9 secs   av.it.:   5.0
      thresh= 1.000E-02 alpha_mix =  0.700 |ddv_scf|^2 =  1.675E-08

      iter #   2 total cpu time :184500.5 secs   av.it.:  16.0
      thresh= 1.294E-05 alpha_mix =  0.700 |ddv_scf|^2 =  2.144E-08

      iter #   3 total cpu time :184682.4 secs   av.it.:  14.9
      thresh= 1.464E-05 alpha_mix =  0.700 |ddv_scf|^2 =  5.566E-11

      iter #   4 total cpu time :184883.4 secs   av.it.:  16.9
      thresh= 7.461E-07 alpha_mix =  0.700 |ddv_scf|^2 =  8.432E-12

      iter #   5 total cpu time :185080.7 secs   av.it.:  16.0
      thresh= 2.904E-07 alpha_mix =  0.700 |ddv_scf|^2 =  2.095E-13

      iter #   6 total cpu time :185282.9 secs   av.it.:  16.9
      thresh= 4.578E-08 alpha_mix =  0.700 |ddv_scf|^2 =  2.451E-14

      iter #   7 total cpu time :185474.2 secs   av.it.:  16.1
      thresh= 1.566E-08 alpha_mix =  0.700 |ddv_scf|^2 =  6.052E-16

     End of self-consistent calculation

     Convergence has been achieved 


     Representation #  31 modes #  61  62

     Self-consistent Calculation

      iter #   1 total cpu time :185561.4 secs   av.it.:   3.4
      thresh= 1.000E-02 alpha_mix =  0.700 |ddv_scf|^2 =  2.050E-09

      iter #   2 total cpu time :185763.8 secs   av.it.:  16.1
      thresh= 4.528E-06 alpha_mix =  0.700 |ddv_scf|^2 =  1.972E-09

      iter #   3 total cpu time :185952.3 secs   av.it.:  15.0
      thresh= 4.441E-06 alpha_mix =  0.700 |ddv_scf|^2 =  1.651E-11

      iter #   4 total cpu time :186149.4 secs   av.it.:  16.0
      thresh= 4.063E-07 alpha_mix =  0.700 |ddv_scf|^2 =  6.952E-13

      iter #   5 total cpu time :186345.6 secs   av.it.:  16.1
      thresh= 8.338E-08 alpha_mix =  0.700 |ddv_scf|^2 =  4.802E-14

      iter #   6 total cpu time :186547.3 secs   av.it.:  16.9
      thresh= 2.191E-08 alpha_mix =  0.700 |ddv_scf|^2 =  4.777E-15

     End of self-consistent calculation

     Convergence has been achieved 


     Representation #  32 modes #  63  64

     Self-consistent Calculation

      iter #   1 total cpu time :186634.8 secs   av.it.:   3.0
      thresh= 1.000E-02 alpha_mix =  0.700 |ddv_scf|^2 =  4.166E-10

      iter #   2 total cpu time :186845.1 secs   av.it.:  17.0
      thresh= 2.041E-06 alpha_mix =  0.700 |ddv_scf|^2 =  1.426E-10

      iter #   3 total cpu time :187048.7 secs   av.it.:  16.0
      thresh= 1.194E-06 alpha_mix =  0.700 |ddv_scf|^2 =  7.025E-12

      iter #   4 total cpu time :187235.0 secs   av.it.:  16.0
      thresh= 2.650E-07 alpha_mix =  0.700 |ddv_scf|^2 =  9.835E-13

      iter #   5 total cpu time :187416.5 secs   av.it.:  15.6
      thresh= 9.917E-08 alpha_mix =  0.700 |ddv_scf|^2 =  3.987E-14

      iter #   6 total cpu time :187603.6 secs   av.it.:  16.0
      thresh= 1.997E-08 alpha_mix =  0.700 |ddv_scf|^2 =  3.170E-15

     End of self-consistent calculation

     Convergence has been achieved 


     Representation #  33 modes #  65  66

     Self-consistent Calculation

      iter #   1 total cpu time :187690.0 secs   av.it.:   3.1
      thresh= 1.000E-02 alpha_mix =  0.700 |ddv_scf|^2 =  8.867E-10

      iter #   2 total cpu time :187897.3 secs   av.it.:  17.0
      thresh= 2.978E-06 alpha_mix =  0.700 |ddv_scf|^2 =  6.858E-10

      iter #   3 total cpu time :188092.4 secs   av.it.:  15.7
      thresh= 2.619E-06 alpha_mix =  0.700 |ddv_scf|^2 =  8.890E-12

      iter #   4 total cpu time :188291.6 secs   av.it.:  16.0
      thresh= 2.982E-07 alpha_mix =  0.700 |ddv_scf|^2 =  1.338E-12

      iter #   5 total cpu time :188489.6 secs   av.it.:  16.0
      thresh= 1.157E-07 alpha_mix =  0.700 |ddv_scf|^2 =  3.524E-14

      iter #   6 total cpu time :188690.5 secs   av.it.:  16.5
      thresh= 1.877E-08 alpha_mix =  0.700 |ddv_scf|^2 =  2.951E-15

     End of self-consistent calculation

     Convergence has been achieved 

     Number of q in the star =    1
     List of q in the star:
          1  -0.500000000   0.000000000   0.000000000

     Diagonalizing the dynamical matrix

     q = (   -0.500000000   0.000000000   0.000000000 ) 

 **************************************************************************
     freq (    1) =       1.206524 [THz] =      40.245306 [cm-1]
     freq (    2) =       1.206524 [THz] =      40.245306 [cm-1]
     freq (    3) =       1.396892 [THz] =      46.595297 [cm-1]
     freq (    4) =       1.396892 [THz] =      46.595297 [cm-1]
     freq (    5) =       1.670099 [THz] =      55.708508 [cm-1]
     freq (    6) =       1.670099 [THz] =      55.708508 [cm-1]
     freq (    7) =       4.550968 [THz] =     151.803958 [cm-1]
     freq (    8) =       4.550968 [THz] =     151.803958 [cm-1]
     freq (    9) =       5.833870 [THz] =     194.596962 [cm-1]
     freq (   10) =       5.833870 [THz] =     194.596962 [cm-1]
     freq (   11) =       5.916005 [THz] =     197.336688 [cm-1]
     freq (   12) =       5.916005 [THz] =     197.336688 [cm-1]
     freq (   13) =       6.366017 [THz] =     212.347461 [cm-1]
     freq (   14) =       6.366017 [THz] =     212.347461 [cm-1]
     freq (   15) =       6.795459 [THz] =     226.672108 [cm-1]
     freq (   16) =       6.795459 [THz] =     226.672108 [cm-1]
     freq (   17) =       7.879028 [THz] =     262.816100 [cm-1]
     freq (   18) =       7.879028 [THz] =     262.816100 [cm-1]
     freq (   19) =       8.032173 [THz] =     267.924453 [cm-1]
     freq (   20) =       8.032173 [THz] =     267.924453 [cm-1]
     freq (   21) =       8.666674 [THz] =     289.089124 [cm-1]
     freq (   22) =       8.666674 [THz] =     289.089124 [cm-1]
     freq (   23) =       8.826685 [THz] =     294.426503 [cm-1]
     freq (   24) =       8.826685 [THz] =     294.426503 [cm-1]
     freq (   25) =       9.848701 [THz] =     328.517298 [cm-1]
     freq (   26) =       9.848701 [THz] =     328.517298 [cm-1]
     freq (   27) =      12.139820 [THz] =     404.940820 [cm-1]
     freq (   28) =      12.139820 [THz] =     404.940820 [cm-1]
     freq (   29) =      12.408830 [THz] =     413.914006 [cm-1]
     freq (   30) =      12.408830 [THz] =     413.914006 [cm-1]
     freq (   31) =      30.720174 [THz] =    1024.714721 [cm-1]
     freq (   32) =      30.720174 [THz] =    1024.714721 [cm-1]
     freq (   33) =      30.881959 [THz] =    1030.111266 [cm-1]
     freq (   34) =      30.881959 [THz] =    1030.111266 [cm-1]
     freq (   35) =      31.868475 [THz] =    1063.017897 [cm-1]
     freq (   36) =      31.868475 [THz] =    1063.017897 [cm-1]
     freq (   37) =      32.107335 [THz] =    1070.985408 [cm-1]
     freq (   38) =      32.107335 [THz] =    1070.985408 [cm-1]
     freq (   39) =      32.149791 [THz] =    1072.401583 [cm-1]
     freq (   40) =      32.149791 [THz] =    1072.401583 [cm-1]
     freq (   41) =      32.352456 [THz] =    1079.161765 [cm-1]
     freq (   42) =      32.352456 [THz] =    1079.161765 [cm-1]
     freq (   43) =      35.942721 [THz] =    1198.920107 [cm-1]
     freq (   44) =      35.942721 [THz] =    1198.920107 [cm-1]
     freq (   45) =      35.949950 [THz] =    1199.161257 [cm-1]
     freq (   46) =      35.949950 [THz] =    1199.161257 [cm-1]
     freq (   47) =      36.062309 [THz] =    1202.909161 [cm-1]
     freq (   48) =      36.062309 [THz] =    1202.909161 [cm-1]
     freq (   49) =      36.324472 [THz] =    1211.653950 [cm-1]
     freq (   50) =      36.324472 [THz] =    1211.653950 [cm-1]
     freq (   51) =      68.276608 [THz] =    2277.462489 [cm-1]
     freq (   52) =      68.276608 [THz] =    2277.462489 [cm-1]
     freq (   53) =      68.404155 [THz] =    2281.716992 [cm-1]
     freq (   54) =      68.404155 [THz] =    2281.716992 [cm-1]
     freq (   55) =      70.057735 [THz] =    2336.874514 [cm-1]
     freq (   56) =      70.057735 [THz] =    2336.874514 [cm-1]
     freq (   57) =      70.198393 [THz] =    2341.566330 [cm-1]
     freq (   58) =      70.198393 [THz] =    2341.566330 [cm-1]
     freq (   59) =      70.750311 [THz] =    2359.976332 [cm-1]
     freq (   60) =      70.750311 [THz] =    2359.976332 [cm-1]
     freq (   61) =      70.950316 [THz] =    2366.647806 [cm-1]
     freq (   62) =      70.950316 [THz] =    2366.647806 [cm-1]
     freq (   63) =      71.170796 [THz] =    2374.002230 [cm-1]
     freq (   64) =      71.170796 [THz] =    2374.002230 [cm-1]
     freq (   65) =      71.214250 [THz] =    2375.451697 [cm-1]
     freq (   66) =      71.214250 [THz] =    2375.451697 [cm-1]
 **************************************************************************

     Calculation of q =   -0.5000000   0.0000000  -0.7576534

     Parallelization info
     --------------------
     sticks:   dense  smooth     PW     G-vecs:    dense   smooth      PW
     Min         465     233     64                24421     8638    1242
     Max         466     234     65                24424     8639    1244
     Sum       11181    5597   1537               586151   207331   29813

     Using Slab Decomposition



     bravais-lattice index     =            8
     lattice parameter (alat)  =      13.2392  a.u.
     unit-cell volume          =    1533.9930 (a.u.)^3
     number of atoms/cell      =           22
     number of atomic types    =            3
     number of electrons       =        48.00
     number of Kohn-Sham states=           24
     kinetic-energy cutoff     =     100.0000  Ry
     charge density cutoff     =     800.0000  Ry
     Exchange-correlation= PBESOL
                           (   1   4  10   8   0   0   0)

     celldm(1)=  13.239187  celldm(2)=   1.001705  celldm(3)=   0.659932
     celldm(4)=   0.000000  celldm(5)=   0.000000  celldm(6)=   0.000000

     crystal axes: (cart. coord. in units of alat)
               a(1) = (   1.000000   0.000000   0.000000 )  
               a(2) = (   0.000000   1.001705   0.000000 )  
               a(3) = (   0.000000   0.000000   0.659932 )  

     reciprocal axes: (cart. coord. in units 2 pi/alat)
               b(1) = (  1.000000  0.000000  0.000000 )  
               b(2) = (  0.000000  0.998297  0.000000 )  
               b(3) = (  0.000000  0.000000  1.515307 )  


     PseudoPot. # 1 for B  read from file:
     /home/mehlhorn/pseudos/b_pbesol_v1.4.uspp.F.UPF
     MD5 check sum: 369b69bef2c3aeed4453bd8b804fd6a8
     Pseudo is Ultrasoft + core correction, Zval =  3.0
     Generated by new atomic code, or converted to UPF format
     Using radial grid of  781 points,  4 beta functions with: 
                l(1) =   0
                l(2) =   0
                l(3) =   1
                l(4) =   1
     Q(r) pseudized with  8 coefficients,  rinner =    1.100   1.100   1.100


     PseudoPot. # 2 for Ba read from file:
     /home/mehlhorn/pseudos/Ba.nc.z_10.oncvpsp4.dojo.v4-sp.upf
     MD5 check sum: c10ed334bb677c0554edec7181ce9143
     Pseudo is Norm-conserving + core correction, Zval = 10.0
     Generated using ONCVPSP code by D. R. Hamann
     Using radial grid of 1938 points,  8 beta functions with: 
                l(1) =   0
                l(2) =   0
                l(3) =   1
                l(4) =   1
                l(5) =   2
                l(6) =   2
                l(7) =   3
                l(8) =   3

     PseudoPot. # 3 for H  read from file:
     /home/mehlhorn/pseudos/H_ONCV_PBEsol-1.0.upf
     MD5 check sum: 398ef8f67c0a7342c05c87c5e19ea467
     Pseudo is Norm-conserving, Zval =  1.0
     Generated using ONCVPSP code by D. R. Hamann
     Using radial grid of 1180 points,  2 beta functions with: 
                l(1) =   0
                l(2) =   0

     atomic species   valence    mass     pseudopotential
     B                 3.00    10.81100     B ( 1.00)
     Ba               10.00   137.32700     Ba( 1.00)
     H                 1.00     1.00794     H ( 1.00)

      4 Sym. Ops. (no inversion) found



   Cartesian axes

     site n.     atom                  positions (alat units)
         1        Ba     tau(   1) = (   0.5000000   0.5008527   0.3299706  )
         2        Ba     tau(   2) = (   0.0000000   0.0000000   0.6599279  )
         3        B      tau(   3) = (   0.6246453   0.2518284   0.0000043  )
         4        B      tau(   4) = (   0.3753547   0.7498771   0.0000043  )
         5        B      tau(   5) = (   0.1246453   0.2490243   0.3299618  )
         6        B      tau(   6) = (   0.8753547   0.7526812   0.3299618  )
         7        H      tau(   7) = (   0.4521950   0.2869609  -0.0000113  )
         8        H      tau(   8) = (   0.5478050   0.7147446  -0.0000113  )
         9        H      tau(   9) = (   0.9521950   0.2138918   0.3299775  )
        10        H      tau(  10) = (   0.0478050   0.7878137   0.3299775  )
        11        H      tau(  11) = (   0.7167338   0.4026431   0.0000043  )
        12        H      tau(  12) = (   0.2832662   0.5990624   0.0000043  )
        13        H      tau(  13) = (   0.2167338   0.0982097   0.3299619  )
        14        H      tau(  14) = (   0.7832662   0.9034958   0.3299619  )
        15        H      tau(  15) = (   0.6614431   0.1603257   0.5146572  )
        16        H      tau(  16) = (   0.3385569   0.8413797   0.5146572  )
        17        H      tau(  17) = (   0.1614431   0.3405270   0.4752413  )
        18        H      tau(  18) = (   0.8385569   0.6611785   0.4752413  )
        19        H      tau(  19) = (   0.3385645   0.8413788   0.1452874  )
        20        H      tau(  20) = (   0.6614355   0.1603267   0.1452874  )
        21        H      tau(  21) = (   0.8385645   0.6611795   0.1846788  )
        22        H      tau(  22) = (   0.1614355   0.3405260   0.1846788  )

     number of k points=    54
                       cart. coord. in units 2pi/alat
        k(    1) = (   0.0000000   0.0000000   0.0000000), wk =   0.0160000
        k(    2) = (  -0.5000000   0.0000000  -0.7576534), wk =   0.0000000
        k(    3) = (   0.0000000   0.0000000   0.3030614), wk =   0.0320000
        k(    4) = (  -0.5000000   0.0000000  -0.4545921), wk =   0.0000000
        k(    5) = (   0.0000000   0.0000000   0.6061227), wk =   0.0320000
        k(    6) = (  -0.5000000   0.0000000  -0.1515307), wk =   0.0000000
        k(    7) = (   0.0000000   0.1996595   0.0000000), wk =   0.0320000
        k(    8) = (  -0.5000000   0.1996595  -0.7576534), wk =   0.0000000
        k(    9) = (   0.0000000   0.1996595   0.3030614), wk =   0.0640000
        k(   10) = (  -0.5000000   0.1996595  -0.4545921), wk =   0.0000000
        k(   11) = (   0.0000000   0.1996595   0.6061227), wk =   0.0640000
        k(   12) = (  -0.5000000   0.1996595  -0.1515307), wk =   0.0000000
        k(   13) = (   0.0000000   0.3993190   0.0000000), wk =   0.0320000
        k(   14) = (  -0.5000000   0.3993190  -0.7576534), wk =   0.0000000
        k(   15) = (   0.0000000   0.3993190   0.3030614), wk =   0.0640000
        k(   16) = (  -0.5000000   0.3993190  -0.4545921), wk =   0.0000000
        k(   17) = (   0.0000000   0.3993190   0.6061227), wk =   0.0640000
        k(   18) = (  -0.5000000   0.3993190  -0.1515307), wk =   0.0000000
        k(   19) = (   0.2000000   0.0000000   0.0000000), wk =   0.0320000
        k(   20) = (  -0.3000000   0.0000000  -0.7576534), wk =   0.0000000
        k(   21) = (   0.2000000   0.0000000   0.3030614), wk =   0.0640000
        k(   22) = (  -0.3000000   0.0000000  -0.4545921), wk =   0.0000000
        k(   23) = (   0.2000000   0.0000000   0.6061227), wk =   0.0640000
        k(   24) = (  -0.3000000   0.0000000  -0.1515307), wk =   0.0000000
        k(   25) = (   0.2000000   0.1996595   0.0000000), wk =   0.0640000
        k(   26) = (  -0.3000000   0.1996595  -0.7576534), wk =   0.0000000
        k(   27) = (   0.2000000   0.1996595   0.3030614), wk =   0.1280000
        k(   28) = (  -0.3000000   0.1996595  -0.4545921), wk =   0.0000000
        k(   29) = (   0.2000000   0.1996595   0.6061227), wk =   0.1280000
        k(   30) = (  -0.3000000   0.1996595  -0.1515307), wk =   0.0000000
        k(   31) = (   0.2000000   0.3993190   0.0000000), wk =   0.0640000
        k(   32) = (  -0.3000000   0.3993190  -0.7576534), wk =   0.0000000
        k(   33) = (   0.2000000   0.3993190   0.3030614), wk =   0.1280000
        k(   34) = (  -0.3000000   0.3993190  -0.4545921), wk =   0.0000000
        k(   35) = (   0.2000000   0.3993190   0.6061227), wk =   0.1280000
        k(   36) = (  -0.3000000   0.3993190  -0.1515307), wk =   0.0000000
        k(   37) = (   0.4000000   0.0000000   0.0000000), wk =   0.0320000
        k(   38) = (  -0.1000000   0.0000000  -0.7576534), wk =   0.0000000
        k(   39) = (   0.4000000   0.0000000   0.3030614), wk =   0.0640000
        k(   40) = (  -0.1000000   0.0000000  -0.4545921), wk =   0.0000000
        k(   41) = (   0.4000000   0.0000000   0.6061227), wk =   0.0640000
        k(   42) = (  -0.1000000   0.0000000  -0.1515307), wk =   0.0000000
        k(   43) = (   0.4000000   0.1996595   0.0000000), wk =   0.0640000
        k(   44) = (  -0.1000000   0.1996595  -0.7576534), wk =   0.0000000
        k(   45) = (   0.4000000   0.1996595   0.3030614), wk =   0.1280000
        k(   46) = (  -0.1000000   0.1996595  -0.4545921), wk =   0.0000000
        k(   47) = (   0.4000000   0.1996595   0.6061227), wk =   0.1280000
        k(   48) = (  -0.1000000   0.1996595  -0.1515307), wk =   0.0000000
        k(   49) = (   0.4000000   0.3993190   0.0000000), wk =   0.0640000
        k(   50) = (  -0.1000000   0.3993190  -0.7576534), wk =   0.0000000
        k(   51) = (   0.4000000   0.3993190   0.3030614), wk =   0.1280000
        k(   52) = (  -0.1000000   0.3993190  -0.4545921), wk =   0.0000000
        k(   53) = (   0.4000000   0.3993190   0.6061227), wk =   0.1280000
        k(   54) = (  -0.1000000   0.3993190  -0.1515307), wk =   0.0000000

     Dense  grid:   586151 G-vectors     FFT dimensions: ( 120, 120,  80)

     Smooth grid:   207331 G-vectors     FFT dimensions: (  90,  90,  60)

     Estimated max dynamical RAM per process >      53.03 MB

     Estimated total dynamical RAM >       1.24 GB

     The potential is recalculated from file :
     ./_ph0/pwscf.q_6/pwscf.save/charge-density

     Starting wfcs are   42 atomic wfcs

     Band Structure Calculation
     Davidson diagonalization with overlap

     ethr =  2.08E-11,  avg # of iterations = 21.8

     total cpu time spent up to now is     1065.1 secs

     End of band structure calculation

          k = 0.0000 0.0000 0.0000 ( 25815 PWs)   bands (ev):

   -24.4249 -24.4186  -9.9198  -9.8642  -9.6796  -9.6448  -9.5942  -9.5441
    -6.3460  -5.4881  -4.9234  -4.8369  -2.0560  -1.1217  -1.0984  -0.7617
    -0.6275  -0.4988  -0.4076  -0.3035  -0.0395   0.2368   0.2605   0.2847

          k =-0.5000 0.0000-0.7577 ( 25916 PWs)   bands (ev):

   -24.4084 -24.4084 -10.0925 -10.0925  -9.6809  -9.6809  -9.6590  -9.6590
    -5.4312  -5.4312  -4.9547  -4.9547  -2.0758  -2.0758  -0.8521  -0.8521
    -0.3682  -0.3682  -0.3555  -0.3555   0.0286   0.0286   0.0586   0.0586

          k = 0.0000 0.0000 0.3031 ( 25898 PWs)   bands (ev):

   -24.4197 -24.4146  -9.8596  -9.8156  -9.7745  -9.7478  -9.6658  -9.6400
    -6.0078  -5.2862  -5.0427  -4.9756  -1.7709  -1.4373  -1.0973  -0.9637
    -0.6766  -0.6018  -0.3393  -0.1988   0.0078   0.1142   0.1356   0.2476

          k =-0.5000 0.0000-0.4546 ( 25896 PWs)   bands (ev):

   -24.4130 -24.4130  -9.9455  -9.9455  -9.7298  -9.7298  -9.6759  -9.6759
    -5.3895  -5.3895  -5.1558  -5.1558  -1.7094  -1.7094  -1.0414  -1.0414
    -0.4602  -0.4602  -0.3018  -0.3018  -0.0130  -0.0130   0.1143   0.1143

          k = 0.0000 0.0000 0.6061 ( 25892 PWs)   bands (ev):

   -24.4107 -24.4087 -10.0311 -10.0261  -9.7370  -9.7175  -9.6616  -9.6501
    -5.3850  -5.2363  -5.2131  -5.0804  -1.6158  -1.4894  -1.4731  -1.2090
    -0.6117  -0.5977  -0.2870  -0.1743  -0.0234   0.0282   0.1104   0.1599

          k =-0.5000 0.0000-0.1515 ( 25906 PWs)   bands (ev):

   -24.4205 -24.4205  -9.8099  -9.8099  -9.7579  -9.7579  -9.6121  -9.6121
    -5.7482  -5.7482  -5.0473  -5.0473  -1.4475  -1.4475  -0.8196  -0.8196
    -0.4505  -0.4505  -0.4244  -0.4244  -0.1375  -0.1375   0.1073   0.1073

          k = 0.0000 0.1997 0.0000 ( 25878 PWs)   bands (ev):

   -24.4243 -24.4192  -9.9037  -9.8478  -9.7050  -9.6649  -9.5894  -9.5488
    -6.2379  -5.4647  -5.0601  -4.8935  -1.8697  -1.2649  -1.1609  -0.5716
    -0.5165  -0.4683  -0.4504  -0.2283  -0.0394   0.0497   0.2051   0.2344

          k =-0.5000 0.1997-0.7577 ( 25940 PWs)   bands (ev):

   -24.4084 -24.4084 -10.0837 -10.0837  -9.6850  -9.6850  -9.6670  -9.6670
    -5.4189  -5.4189  -4.9653  -4.9653  -2.0221  -2.0221  -1.0062  -1.0062
    -0.3664  -0.3664  -0.2912  -0.2912   0.0080   0.0080   0.1381   0.1381

          k = 0.0000 0.1997 0.3031 ( 25891 PWs)   bands (ev):

   -24.4192 -24.4151  -9.8577  -9.8018  -9.7685  -9.7616  -9.6661  -9.6533
    -5.9271  -5.2603  -5.1524  -5.0092  -1.6449  -1.4620  -1.2449  -0.7441
    -0.6153  -0.5599  -0.4961  -0.1302  -0.0012   0.1098   0.1169   0.1449

          k =-0.5000 0.1997-0.4546 ( 25898 PWs)   bands (ev):

   -24.4130 -24.4130  -9.9357  -9.9357  -9.7579  -9.7579  -9.6591  -9.6591
    -5.3667  -5.3667  -5.1782  -5.1782  -1.7032  -1.7032  -1.0697  -1.0697
    -0.4438  -0.4438  -0.3051  -0.3051   0.0203   0.0203   0.1132   0.1132

          k = 0.0000 0.1997 0.6061 ( 25907 PWs)   bands (ev):

   -24.4105 -24.4089 -10.0380 -10.0334  -9.7221  -9.7090  -9.6620  -9.6550
    -5.4875  -5.3818  -5.0828  -4.9576  -1.6619  -1.6067  -1.3669  -1.1400
    -0.5674  -0.4476  -0.3020  -0.1734  -0.0551  -0.0423   0.0864   0.1095

          k =-0.5000 0.1997-0.1515 ( 25912 PWs)   bands (ev):

   -24.4205 -24.4205  -9.8594  -9.8594  -9.7052  -9.7052  -9.6136  -9.6136
    -5.7428  -5.7428  -5.0605  -5.0605  -1.4136  -1.4136  -0.9166  -0.9166
    -0.4463  -0.4463  -0.3197  -0.3197  -0.1566  -0.1566   0.1102   0.1102

          k = 0.0000 0.3993 0.0000 ( 25920 PWs)   bands (ev):

   -24.4227 -24.4208  -9.8595  -9.8204  -9.7480  -9.7144  -9.5768  -9.5613
    -5.9494  -5.5928  -5.1682  -5.0340  -1.5661  -1.4294  -1.0192  -0.5398
    -0.5270  -0.4989  -0.2605  -0.1841  -0.1291  -0.0619   0.0741   0.1396

          k =-0.5000 0.3993-0.7577 ( 25924 PWs)   bands (ev):

   -24.4084 -24.4084 -10.0685 -10.0685  -9.6968  -9.6968  -9.6756  -9.6756
    -5.3980  -5.3980  -4.9832  -4.9832  -1.8918  -1.8918  -1.2876  -1.2876
    -0.2903  -0.2903  -0.1780  -0.1780  -0.0243  -0.0243   0.1689   0.1689

          k = 0.0000 0.3993 0.3031 ( 25924 PWs)   bands (ev):

   -24.4179 -24.4164  -9.8428  -9.8095  -9.7673  -9.7445  -9.6785  -9.6753
    -5.7084  -5.4169  -5.1873  -5.0925  -1.4929  -1.4922  -1.1731  -0.8184
    -0.5442  -0.4910  -0.3774  -0.1493  -0.0905  -0.0730   0.1282   0.1315

          k =-0.5000 0.3993-0.4546 ( 25920 PWs)   bands (ev):

   -24.4130 -24.4130  -9.9151  -9.9151  -9.7959  -9.7959  -9.6440  -9.6440
    -5.3079  -5.3079  -5.2363  -5.2363  -1.6825  -1.6825  -1.1455  -1.1455
    -0.4328  -0.4328  -0.1920  -0.1920  -0.0322  -0.0322   0.1340   0.1340

          k = 0.0000 0.3993 0.6061 ( 25896 PWs)   bands (ev):

   -24.4100 -24.4094 -10.0475 -10.0455  -9.6935  -9.6910  -9.6681  -9.6677
    -5.5629  -5.5253  -4.9330  -4.8804  -1.7295  -1.7210  -1.1679  -1.0506
    -0.4632  -0.3700  -0.2775  -0.2362  -0.1319  -0.0609  -0.0171   0.0883

          k =-0.5000 0.3993-0.1515 ( 25892 PWs)   bands (ev):

   -24.4205 -24.4205  -9.9005  -9.9005  -9.6546  -9.6546  -9.6203  -9.6203
    -5.7339  -5.7339  -5.0819  -5.0819  -1.3233  -1.3233  -1.0926  -1.0926
    -0.3733  -0.3733  -0.2495  -0.2495  -0.1194  -0.1194   0.0621   0.0621

          k = 0.2000 0.0000 0.0000 ( 25878 PWs)   bands (ev):

   -24.4243 -24.4192  -9.8996  -9.8511  -9.7015  -9.6709  -9.5894  -9.5489
    -6.2440  -5.5161  -4.9461  -4.9211  -1.9277  -1.0591  -1.0003  -0.9567
    -0.4670  -0.4302  -0.4054  -0.3093  -0.0842   0.0002   0.2206   0.2424

          k =-0.3000 0.0000-0.7577 ( 25922 PWs)   bands (ev):

   -24.4084 -24.4084 -10.0851 -10.0851  -9.6837  -9.6837  -9.6644  -9.6644
    -5.3934  -5.3934  -5.0065  -5.0065  -1.9644  -1.9643  -1.0176  -1.0175
    -0.3811  -0.3810  -0.2412  -0.2411  -0.0933  -0.0931   0.1059   0.1060

          k = 0.2000 0.0000 0.3031 ( 25877 PWs)   bands (ev):

   -24.4192 -24.4151  -9.8439  -9.8258  -9.7647  -9.7553  -9.6779  -9.6440
    -5.9220  -5.2948  -5.0606  -5.0529  -1.6842  -1.4247  -1.1946  -0.8324
    -0.6638  -0.5542  -0.4003  -0.1577  -0.1380   0.1011   0.1714   0.2058

          k =-0.3000 0.0000-0.4546 ( 25914 PWs)   bands (ev):

   -24.4141 -24.4119  -9.9410  -9.9309  -9.7666  -9.7290  -9.6791  -9.6524
    -5.5630  -5.2353  -5.1587  -5.1321  -1.7360  -1.5446  -1.3167  -0.8534
    -0.6356  -0.4434  -0.3468  -0.2560  -0.0191   0.0303   0.0798   0.1799

          k = 0.2000 0.0000 0.6061 ( 25910 PWs)   bands (ev):

   -24.4105 -24.4089 -10.0395 -10.0350  -9.7271  -9.7041  -9.6668  -9.6507
    -5.4079  -5.2887  -5.1754  -5.0253  -1.8331  -1.6865  -1.2778  -1.0228
    -0.5629  -0.4405  -0.2723  -0.2241  -0.0444   0.0201   0.0473   0.1592

          k =-0.3000 0.0000-0.1515 ( 25882 PWs)   bands (ev):

   -24.4223 -24.4187  -9.8620  -9.8265  -9.7238  -9.7057  -9.6293  -9.6000
    -6.0414  -5.5050  -5.0177  -5.0015  -1.7334  -1.1698  -1.1167  -0.7755
    -0.5122  -0.4249  -0.4017  -0.2698  -0.2685   0.0295   0.1314   0.1967

          k = 0.2000 0.1997 0.0000 ( 25883 PWs)   bands (ev):

   -24.4238 -24.4197  -9.9090  -9.8226  -9.7443  -9.6541  -9.5855  -9.5526
    -6.1587  -5.5118  -5.0809  -4.9214  -1.7734  -1.2510  -1.0713  -0.6966
    -0.5244  -0.4617  -0.2811  -0.2213  -0.1338  -0.0547   0.1321   0.2152

          k =-0.3000 0.1997-0.7577 ( 25922 PWs)   bands (ev):

   -24.4084 -24.4084 -10.0880 -10.0741  -9.6946  -9.6787  -9.6686  -9.6646
    -5.4913  -5.3240  -5.0754  -4.9020  -1.9772  -1.8761  -1.1489  -1.0266
    -0.4456  -0.3912  -0.1780  -0.1696  -0.0922  -0.0395   0.0439   0.1540

          k = 0.2000 0.1997 0.3031 ( 25901 PWs)   bands (ev):

   -24.4188 -24.4155  -9.8528  -9.8092  -9.7856  -9.7426  -9.6793  -9.6457
    -5.8544  -5.2744  -5.1857  -5.0420  -1.5935  -1.4408  -1.2710  -0.7308
    -0.6557  -0.5312  -0.3995  -0.1699  -0.1061   0.0618   0.1290   0.1889

          k =-0.3000 0.1997-0.4546 ( 25921 PWs)   bands (ev):

   -24.4139 -24.4121  -9.9404  -9.9217  -9.7894  -9.7218  -9.6820  -9.6456
    -5.5362  -5.2548  -5.2002  -5.1026  -1.7203  -1.5747  -1.2776  -0.9055
    -0.5612  -0.4790  -0.3243  -0.1746  -0.1146   0.0327   0.0862   0.1963

          k = 0.2000 0.1997 0.6061 ( 25915 PWs)   bands (ev):

   -24.4103 -24.4090 -10.0458 -10.0304  -9.7334  -9.6882  -9.6713  -9.6535
    -5.4921  -5.3089  -5.1484  -4.9433  -1.8297  -1.6853  -1.2597  -1.0660
    -0.5136  -0.3864  -0.2833  -0.1688  -0.1173  -0.0014   0.0424   0.1596

          k =-0.3000 0.1997-0.1515 ( 25877 PWs)   bands (ev):

   -24.4219 -24.4191  -9.8901  -9.8105  -9.7539  -9.6610  -9.6276  -9.6056
    -5.9829  -5.5135  -5.1115  -4.9857  -1.6239  -1.2743  -1.1283  -0.7039
    -0.6033  -0.4065  -0.3322  -0.2481  -0.1762  -0.0222   0.0690   0.1917

          k = 0.2000 0.3993 0.0000 ( 25889 PWs)   bands (ev):

   -24.4225 -24.4210  -9.8952  -9.8484  -9.7246  -9.6730  -9.5752  -9.5626
    -5.9290  -5.6449  -5.1400  -5.0266  -1.5106  -1.3938  -0.9976  -0.5678
    -0.5675  -0.5415  -0.3525  -0.1043  -0.1020  -0.0426   0.0281   0.1162

          k =-0.3000 0.3993-0.7577 ( 25954 PWs)   bands (ev):

   -24.4084 -24.4084 -10.0793 -10.0704  -9.6947  -9.6803  -9.6748  -9.6730
    -5.5032  -5.4226  -4.9696  -4.8854  -1.9007  -1.8081  -1.2911  -1.1688
    -0.3844  -0.3059  -0.2574  -0.1050  -0.0747  -0.0170   0.1081   0.1127

          k = 0.2000 0.3993 0.3031 ( 25902 PWs)   bands (ev):

   -24.4178 -24.4165  -9.8505  -9.8261  -9.7729  -9.7422  -9.6738  -9.6551
    -5.6710  -5.4271  -5.1927  -5.1062  -1.5052  -1.4646  -1.1853  -0.8926
    -0.5260  -0.4404  -0.3706  -0.1757  -0.0838  -0.0145   0.0950   0.1293

          k =-0.3000 0.3993-0.4546 ( 25914 PWs)   bands (ev):

   -24.4134 -24.4127  -9.9311  -9.9183  -9.7926  -9.7577  -9.6593  -9.6453
    -5.4630  -5.3599  -5.1622  -5.1159  -1.6782  -1.6270  -1.1793  -1.0397
    -0.5402  -0.4424  -0.2481  -0.1367  -0.0508  -0.0331   0.0849   0.1462

          k = 0.2000 0.3993 0.6061 ( 25926 PWs)   bands (ev):

   -24.4099 -24.4094 -10.0447 -10.0355  -9.7222  -9.6964  -9.6657  -9.6572
    -5.5269  -5.4569  -4.9908  -4.9106  -1.8007  -1.7282  -1.1936  -1.1049
    -0.4883  -0.3829  -0.2401  -0.1304  -0.0953  -0.0224   0.0113   0.1126

          k =-0.3000 0.3993-0.1515 ( 25905 PWs)   bands (ev):

   -24.4210 -24.4199  -9.8969  -9.8646  -9.6988  -9.6544  -9.6220  -9.6143
    -5.8234  -5.6238  -5.1364  -5.0536  -1.4338  -1.3560  -1.1227  -0.8672
    -0.4984  -0.3859  -0.2995  -0.1563  -0.1528  -0.0307   0.0134   0.1221

          k = 0.4000 0.0000 0.0000 ( 25912 PWs)   bands (ev):

   -24.4227 -24.4208  -9.8482  -9.8204  -9.7492  -9.7289  -9.5768  -9.5613
    -5.9811  -5.6803  -5.0163  -4.9970  -1.6349  -1.3106  -0.8423  -0.6010
    -0.4869  -0.4069  -0.3989  -0.2940  -0.2450  -0.1929   0.0343   0.1273

          k =-0.1000 0.0000-0.7577 ( 25908 PWs)   bands (ev):

   -24.4084 -24.4084 -10.0725 -10.0725  -9.6912  -9.6912  -9.6705  -9.6705
    -5.2970  -5.2970  -5.1244  -5.1244  -1.6883  -1.6883  -1.3088  -1.3088
    -0.3844  -0.3843  -0.3591  -0.3589  -0.0050  -0.0049   0.1145   0.1146

          k = 0.4000 0.0000 0.3031 ( 25937 PWs)   bands (ev):

   -24.4179 -24.4164  -9.8254  -9.8105  -9.7905  -9.7545  -9.6835  -9.6602
    -5.6969  -5.4275  -5.1314  -5.1027  -1.5368  -1.3794  -1.2290  -0.8636
    -0.5851  -0.4423  -0.4380  -0.3326  -0.0806   0.0266   0.1459   0.1567

          k =-0.1000 0.0000-0.4546 ( 25884 PWs)   bands (ev):

   -24.4148 -24.4113  -9.9246  -9.9113  -9.7944  -9.7610  -9.6606  -9.6415
    -5.6762  -5.1523  -5.1519  -5.1072  -1.6286  -1.5031  -1.3488  -0.8851
    -0.7705  -0.7002  -0.3253  -0.0577  -0.0566   0.0239   0.1586   0.1740

          k = 0.4000 0.0000 0.6061 ( 25894 PWs)   bands (ev):

   -24.4100 -24.4094 -10.0514 -10.0495  -9.7052  -9.6848  -9.6749  -9.6574
    -5.4179  -5.3776  -5.0692  -5.0038  -1.9761  -1.9148  -1.0290  -0.8794
    -0.4695  -0.3563  -0.3196  -0.2003  -0.1114   0.0274   0.0713   0.0999

          k =-0.1000 0.0000-0.1515 ( 25863 PWs)   bands (ev):

   -24.4234 -24.4177  -9.8988  -9.8484  -9.6822  -9.6531  -9.6433  -9.6011
    -6.2271  -5.4330  -4.9619  -4.8984  -1.9456  -1.2335  -1.0268  -0.9142
    -0.6578  -0.4110  -0.3552  -0.2142  -0.1603   0.1420   0.2396   0.2662

          k = 0.4000 0.1997 0.0000 ( 25891 PWs)   bands (ev):

   -24.4225 -24.4210  -9.8927  -9.8457  -9.7289  -9.6766  -9.5752  -9.5627
    -5.9501  -5.6934  -5.0634  -4.9907  -1.5527  -1.3331  -0.8593  -0.6274
    -0.5157  -0.4831  -0.4575  -0.2506  -0.1746  -0.1046   0.0241   0.1456

          k =-0.1000 0.1997-0.7577 ( 25906 PWs)   bands (ev):

   -24.4084 -24.4084 -10.0816 -10.0728  -9.6908  -9.6781  -9.6705  -9.6703
    -5.4770  -5.3799  -5.0371  -4.9365  -1.7886  -1.6513  -1.3483  -1.1746
    -0.4026  -0.3948  -0.2790  -0.2776  -0.0266  -0.0173   0.0452   0.0640

          k = 0.4000 0.1997 0.3031 ( 25906 PWs)   bands (ev):

   -24.4178 -24.4165  -9.8452  -9.8243  -9.7831  -9.7489  -9.6722  -9.6512
    -5.6644  -5.4324  -5.1658  -5.1054  -1.5166  -1.3970  -1.2448  -0.9283
    -0.5306  -0.4273  -0.3688  -0.2696  -0.0926   0.0071   0.1103   0.1505

          k =-0.1000 0.1997-0.4546 ( 25914 PWs)   bands (ev):

   -24.4145 -24.4116  -9.9346  -9.9173  -9.7842  -9.7414  -9.6691  -9.6473
    -5.6470  -5.2881  -5.1077  -5.0574  -1.6235  -1.4714  -1.4026  -0.8811
    -0.7033  -0.5414  -0.3727  -0.1035  -0.0547  -0.0050   0.1069   0.1716

          k = 0.4000 0.1997 0.6061 ( 25937 PWs)   bands (ev):

   -24.4099 -24.4094 -10.0472 -10.0381  -9.7241  -9.6983  -9.6647  -9.6554
    -5.4400  -5.3329  -5.1052  -4.9866  -1.9391  -1.8793  -1.0777  -1.0087
    -0.4584  -0.3509  -0.3061  -0.2053  -0.0513   0.0123   0.0864   0.1658

          k =-0.1000 0.1997-0.1515 ( 25871 PWs)   bands (ev):

   -24.4228 -24.4182  -9.8916  -9.8273  -9.7208  -9.6583  -9.6358  -9.6023
    -6.1305  -5.4100  -5.0967  -4.9337  -1.7828  -1.3184  -1.1597  -0.7078
    -0.5435  -0.4597  -0.4029  -0.1504  -0.1315   0.0596   0.1803   0.2009

          k = 0.4000 0.3993 0.0000 ( 25911 PWs)   bands (ev):

   -24.4220 -24.4214  -9.9194  -9.9012  -9.6705  -9.6484  -9.5711  -9.5663
    -5.8640  -5.7577  -5.0790  -5.0332  -1.3996  -1.3452  -0.9239  -0.7472
    -0.5930  -0.5794  -0.3508  -0.1745  -0.0539  -0.0275   0.0181   0.0864

          k =-0.1000 0.3993-0.7577 ( 25916 PWs)   bands (ev):

   -24.4084 -24.4084 -10.0873 -10.0821  -9.6768  -9.6724  -9.6709  -9.6678
    -5.5711  -5.5333  -4.8728  -4.8329  -1.8334  -1.7692  -1.1716  -1.0632
    -0.3776  -0.3557  -0.3225  -0.2031  -0.1674  -0.1319   0.0679   0.0975

          k = 0.4000 0.3993 0.3031 ( 25901 PWs)   bands (ev):

   -24.4174 -24.4169  -9.8610  -9.8524  -9.7661  -9.7522  -9.6512  -9.6423
    -5.5795  -5.4818  -5.1804  -5.1419  -1.4807  -1.4313  -1.2180  -1.0812
    -0.3947  -0.3695  -0.2876  -0.1807  -0.1014  -0.0166   0.0339   0.1018

          k =-0.1000 0.3993-0.4546 ( 25917 PWs)   bands (ev):

   -24.4136 -24.4125  -9.9422  -9.9340  -9.7516  -9.7216  -9.6822  -9.6630
    -5.5642  -5.4384  -5.0745  -5.0439  -1.6158  -1.5680  -1.2111  -0.9702
    -0.5867  -0.4591  -0.2390  -0.1665  -0.0994  -0.0377   0.0483   0.0883

          k = 0.4000 0.3993 0.6061 ( 25924 PWs)   bands (ev):

   -24.4098 -24.4096 -10.0323 -10.0260  -9.7396  -9.7263  -9.6565  -9.6545
    -5.4176  -5.3541  -5.0772  -5.0094  -1.8452  -1.8072  -1.2357  -1.2083
    -0.4089  -0.3398  -0.1733  -0.1610  -0.0385  -0.0294   0.1340   0.1706

          k =-0.1000 0.3993-0.1515 ( 25892 PWs)   bands (ev):

   -24.4214 -24.4196  -9.8610  -9.8134  -9.7480  -9.6984  -9.6218  -9.6084
    -5.8708  -5.5405  -5.1806  -5.0534  -1.5244  -1.4312  -1.0726  -0.6974
    -0.5128  -0.4481  -0.3108  -0.1845  -0.1288  -0.0883   0.1238   0.1444

     highest occupied level (ev):     0.2847

     Writing config to output data dir ./_ph0/pwscf.q_6/pwscf.save/ :
     XML data file

                                                                                

     bravais-lattice index     =            8
     lattice parameter (alat)  =      13.2392  a.u.
     unit-cell volume          =    1533.9930 (a.u.)^3
     number of atoms/cell      =           22
     number of atomic types    =            3
     kinetic-energy cut-off    =     100.0000  Ry
     charge density cut-off    =     800.0000  Ry
     convergence threshold     =      1.0E-14
     beta                      =       0.7000
     number of iterations used =            4
     Exchange-correlation= PBESOL
                           (   1   4  10   8   0   0   0)


     celldm(1)=   13.23919  celldm(2)=    1.00171  celldm(3)=    0.65993
     celldm(4)=    0.00000  celldm(5)=    0.00000  celldm(6)=    0.00000

     crystal axes: (cart. coord. in units of alat)
               a(1) = (  1.0000  0.0000  0.0000 )  
               a(2) = (  0.0000  1.0017  0.0000 )  
               a(3) = (  0.0000  0.0000  0.6599 )  

     reciprocal axes: (cart. coord. in units 2 pi/alat)
               b(1) = (  1.0000  0.0000  0.0000 )  
               b(2) = (  0.0000  0.9983  0.0000 )  
               b(3) = (  0.0000  0.0000  1.5153 )  


     Atoms inside the unit cell: 

     Cartesian axes

     site n.  atom      mass           positions (alat units)
        1  Ba    137.3270   tau(    1) = (    0.50000    0.50085    0.32997  )
        2  Ba    137.3270   tau(    2) = (    0.00000    0.00000    0.65993  )
        3  B      10.8110   tau(    3) = (    0.62465    0.25183    0.00000  )
        4  B      10.8110   tau(    4) = (    0.37535    0.74988    0.00000  )
        5  B      10.8110   tau(    5) = (    0.12465    0.24902    0.32996  )
        6  B      10.8110   tau(    6) = (    0.87535    0.75268    0.32996  )
        7  H       1.0079   tau(    7) = (    0.45220    0.28696   -0.00001  )
        8  H       1.0079   tau(    8) = (    0.54780    0.71474   -0.00001  )
        9  H       1.0079   tau(    9) = (    0.95220    0.21389    0.32998  )
       10  H       1.0079   tau(   10) = (    0.04780    0.78781    0.32998  )
       11  H       1.0079   tau(   11) = (    0.71673    0.40264    0.00000  )
       12  H       1.0079   tau(   12) = (    0.28327    0.59906    0.00000  )
       13  H       1.0079   tau(   13) = (    0.21673    0.09821    0.32996  )
       14  H       1.0079   tau(   14) = (    0.78327    0.90350    0.32996  )
       15  H       1.0079   tau(   15) = (    0.66144    0.16033    0.51466  )
       16  H       1.0079   tau(   16) = (    0.33856    0.84138    0.51466  )
       17  H       1.0079   tau(   17) = (    0.16144    0.34053    0.47524  )
       18  H       1.0079   tau(   18) = (    0.83856    0.66118    0.47524  )
       19  H       1.0079   tau(   19) = (    0.33856    0.84138    0.14529  )
       20  H       1.0079   tau(   20) = (    0.66144    0.16033    0.14529  )
       21  H       1.0079   tau(   21) = (    0.83856    0.66118    0.18468  )
       22  H       1.0079   tau(   22) = (    0.16144    0.34053    0.18468  )

     Computing dynamical matrix for 
                    q = (  -0.5000000   0.0000000  -0.7576534 )

      5 Sym.Ops. (with q -> -q+G )


     G cutoff = 3551.8357  (  24423 G-vectors)     FFT grid: (120,120, 80)
     G cutoff = 1775.9178  (   8639 G-vectors)  smooth grid: ( 90, 90, 60)
     number of k points=    54

     PseudoPot. # 1 for B  read from file:
     /home/mehlhorn/pseudos/b_pbesol_v1.4.uspp.F.UPF
     MD5 check sum: 369b69bef2c3aeed4453bd8b804fd6a8
     Pseudo is Ultrasoft + core correction, Zval =  3.0
     Generated by new atomic code, or converted to UPF format
     Using radial grid of  781 points,  4 beta functions with: 
                l(1) =   0
                l(2) =   0
                l(3) =   1
                l(4) =   1
     Q(r) pseudized with  8 coefficients,  rinner =    1.100   1.100   1.100


     PseudoPot. # 2 for Ba read from file:
     /home/mehlhorn/pseudos/Ba.nc.z_10.oncvpsp4.dojo.v4-sp.upf
     MD5 check sum: c10ed334bb677c0554edec7181ce9143
     Pseudo is Norm-conserving + core correction, Zval = 10.0
     Generated using ONCVPSP code by D. R. Hamann
     Using radial grid of 1938 points,  8 beta functions with: 
                l(1) =   0
                l(2) =   0
                l(3) =   1
                l(4) =   1
                l(5) =   2
                l(6) =   2
                l(7) =   3
                l(8) =   3

     PseudoPot. # 3 for H  read from file:
     /home/mehlhorn/pseudos/H_ONCV_PBEsol-1.0.upf
     MD5 check sum: 398ef8f67c0a7342c05c87c5e19ea467
     Pseudo is Norm-conserving, Zval =  1.0
     Generated using ONCVPSP code by D. R. Hamann
     Using radial grid of 1180 points,  2 beta functions with: 
                l(1) =   0
                l(2) =   0


     Atomic displacements:
     There are   33 irreducible representations

     Representation     1      2 modes -  To be done

     Representation     2      2 modes -  To be done

     Representation     3      2 modes -  To be done

     Representation     4      2 modes -  To be done

     Representation     5      2 modes -  To be done

     Representation     6      2 modes -  To be done

     Representation     7      2 modes -  To be done

     Representation     8      2 modes -  To be done

     Representation     9      2 modes -  To be done

     Representation    10      2 modes -  To be done

     Representation    11      2 modes -  To be done

     Representation    12      2 modes -  To be done

     Representation    13      2 modes -  To be done

     Representation    14      2 modes -  To be done

     Representation    15      2 modes -  To be done

     Representation    16      2 modes -  To be done

     Representation    17      2 modes -  To be done

     Representation    18      2 modes -  To be done

     Representation    19      2 modes -  To be done

     Representation    20      2 modes -  To be done

     Representation    21      2 modes -  To be done

     Representation    22      2 modes -  To be done

     Representation    23      2 modes -  To be done

     Representation    24      2 modes -  To be done

     Representation    25      2 modes -  To be done

     Representation    26      2 modes -  To be done

     Representation    27      2 modes -  To be done

     Representation    28      2 modes -  To be done

     Representation    29      2 modes -  To be done

     Representation    30      2 modes -  To be done

     Representation    31      2 modes -  To be done

     Representation    32      2 modes -  To be done

     Representation    33      2 modes -  To be done



     Alpha used in Ewald sum =   2.8000
     PHONON       :   2d 4h 0m CPU   2d 4h31m WALL



     Representation #   1 modes #   1   2

     Self-consistent Calculation

      iter #   1 total cpu time :189206.0 secs   av.it.:   4.7
      thresh= 1.000E-02 alpha_mix =  0.700 |ddv_scf|^2 =  6.306E-09

      iter #   2 total cpu time :189406.0 secs   av.it.:  16.8
      thresh= 7.941E-06 alpha_mix =  0.700 |ddv_scf|^2 =  3.472E-09

      iter #   3 total cpu time :189599.9 secs   av.it.:  16.0
      thresh= 5.892E-06 alpha_mix =  0.700 |ddv_scf|^2 =  2.373E-11

      iter #   4 total cpu time :189805.2 secs   av.it.:  16.1
      thresh= 4.872E-07 alpha_mix =  0.700 |ddv_scf|^2 =  2.279E-12

      iter #   5 total cpu time :190009.7 secs   av.it.:  16.4
      thresh= 1.510E-07 alpha_mix =  0.700 |ddv_scf|^2 =  1.720E-13

      iter #   6 total cpu time :190211.4 secs   av.it.:  16.9
      thresh= 4.148E-08 alpha_mix =  0.700 |ddv_scf|^2 =  1.348E-14

      iter #   7 total cpu time :190403.9 secs   av.it.:  16.0
      thresh= 1.161E-08 alpha_mix =  0.700 |ddv_scf|^2 =  1.686E-15

     End of self-consistent calculation

     Convergence has been achieved 


     Representation #   2 modes #   3   4

     Self-consistent Calculation

      iter #   1 total cpu time :190489.6 secs   av.it.:   3.0
      thresh= 1.000E-02 alpha_mix =  0.700 |ddv_scf|^2 =  7.193E-10

      iter #   2 total cpu time :190693.1 secs   av.it.:  17.0
      thresh= 2.682E-06 alpha_mix =  0.700 |ddv_scf|^2 =  3.956E-10

      iter #   3 total cpu time :190891.3 secs   av.it.:  16.0
      thresh= 1.989E-06 alpha_mix =  0.700 |ddv_scf|^2 =  4.837E-12

      iter #   4 total cpu time :191094.6 secs   av.it.:  16.0
      thresh= 2.199E-07 alpha_mix =  0.700 |ddv_scf|^2 =  4.157E-13

      iter #   5 total cpu time :191296.8 secs   av.it.:  16.0
      thresh= 6.447E-08 alpha_mix =  0.700 |ddv_scf|^2 =  8.533E-15

     End of self-consistent calculation

     Convergence has been achieved 


     Representation #   3 modes #   5   6

     Self-consistent Calculation

      iter #   1 total cpu time :191385.4 secs   av.it.:   3.3
      thresh= 1.000E-02 alpha_mix =  0.700 |ddv_scf|^2 =  6.010E-10

      iter #   2 total cpu time :191590.6 secs   av.it.:  17.0
      thresh= 2.452E-06 alpha_mix =  0.700 |ddv_scf|^2 =  3.688E-10

      iter #   3 total cpu time :191786.9 secs   av.it.:  16.0
      thresh= 1.920E-06 alpha_mix =  0.700 |ddv_scf|^2 =  3.018E-12

      iter #   4 total cpu time :191989.2 secs   av.it.:  16.1
      thresh= 1.737E-07 alpha_mix =  0.700 |ddv_scf|^2 =  4.880E-13

      iter #   5 total cpu time :192193.7 secs   av.it.:  16.0
      thresh= 6.986E-08 alpha_mix =  0.700 |ddv_scf|^2 =  1.755E-14

      iter #   6 total cpu time :192400.4 secs   av.it.:  16.6
      thresh= 1.325E-08 alpha_mix =  0.700 |ddv_scf|^2 =  9.842E-16

     End of self-consistent calculation

     Convergence has been achieved 


     Representation #   4 modes #   7   8

     Self-consistent Calculation

      iter #   1 total cpu time :192491.0 secs   av.it.:   3.6
      thresh= 1.000E-02 alpha_mix =  0.700 |ddv_scf|^2 =  1.641E-09

      iter #   2 total cpu time :192687.5 secs   av.it.:  16.9
      thresh= 4.051E-06 alpha_mix =  0.700 |ddv_scf|^2 =  1.221E-09

      iter #   3 total cpu time :192885.6 secs   av.it.:  16.0
      thresh= 3.494E-06 alpha_mix =  0.700 |ddv_scf|^2 =  3.564E-12

      iter #   4 total cpu time :193090.3 secs   av.it.:  16.9
      thresh= 1.888E-07 alpha_mix =  0.700 |ddv_scf|^2 =  4.389E-13

      iter #   5 total cpu time :193284.1 secs   av.it.:  16.6
      thresh= 6.625E-08 alpha_mix =  0.700 |ddv_scf|^2 =  2.368E-14

      iter #   6 total cpu time :193476.4 secs   av.it.:  16.1
      thresh= 1.539E-08 alpha_mix =  0.700 |ddv_scf|^2 =  2.452E-15

     End of self-consistent calculation

     Convergence has been achieved 


     Representation #   5 modes #   9  10

     Self-consistent Calculation

      iter #   1 total cpu time :193564.9 secs   av.it.:   3.5
      thresh= 1.000E-02 alpha_mix =  0.700 |ddv_scf|^2 =  1.075E-09

      iter #   2 total cpu time :193770.4 secs   av.it.:  16.9
      thresh= 3.279E-06 alpha_mix =  0.700 |ddv_scf|^2 =  6.255E-10

      iter #   3 total cpu time :193966.8 secs   av.it.:  16.0
      thresh= 2.501E-06 alpha_mix =  0.700 |ddv_scf|^2 =  4.030E-12

      iter #   4 total cpu time :194168.5 secs   av.it.:  16.0
      thresh= 2.008E-07 alpha_mix =  0.700 |ddv_scf|^2 =  4.770E-13

      iter #   5 total cpu time :194365.9 secs   av.it.:  16.0
      thresh= 6.906E-08 alpha_mix =  0.700 |ddv_scf|^2 =  1.427E-14

      iter #   6 total cpu time :194560.3 secs   av.it.:  16.1
      thresh= 1.195E-08 alpha_mix =  0.700 |ddv_scf|^2 =  4.615E-16

     End of self-consistent calculation

     Convergence has been achieved 


     Representation #   6 modes #  11  12

     Self-consistent Calculation

      iter #   1 total cpu time :194648.2 secs   av.it.:   3.1
      thresh= 1.000E-02 alpha_mix =  0.700 |ddv_scf|^2 =  5.127E-10

      iter #   2 total cpu time :194850.2 secs   av.it.:  17.0
      thresh= 2.264E-06 alpha_mix =  0.700 |ddv_scf|^2 =  2.979E-10

      iter #   3 total cpu time :195042.7 secs   av.it.:  16.0
      thresh= 1.726E-06 alpha_mix =  0.700 |ddv_scf|^2 =  3.565E-12

      iter #   4 total cpu time :195236.2 secs   av.it.:  16.0
      thresh= 1.888E-07 alpha_mix =  0.700 |ddv_scf|^2 =  3.085E-13

      iter #   5 total cpu time :195427.8 secs   av.it.:  16.6
      thresh= 5.554E-08 alpha_mix =  0.700 |ddv_scf|^2 =  1.705E-14

      iter #   6 total cpu time :195618.9 secs   av.it.:  16.5
      thresh= 1.306E-08 alpha_mix =  0.700 |ddv_scf|^2 =  1.302E-15

     End of self-consistent calculation

     Convergence has been achieved 


     Representation #   7 modes #  13  14

     Self-consistent Calculation

      iter #   1 total cpu time :195704.3 secs   av.it.:   3.0
      thresh= 1.000E-02 alpha_mix =  0.700 |ddv_scf|^2 =  9.685E-10

      iter #   2 total cpu time :195903.2 secs   av.it.:  16.8
      thresh= 3.112E-06 alpha_mix =  0.700 |ddv_scf|^2 =  7.431E-10

      iter #   3 total cpu time :196091.8 secs   av.it.:  15.7
      thresh= 2.726E-06 alpha_mix =  0.700 |ddv_scf|^2 =  1.951E-12

      iter #   4 total cpu time :196301.1 secs   av.it.:  17.0
      thresh= 1.397E-07 alpha_mix =  0.700 |ddv_scf|^2 =  4.098E-13

      iter #   5 total cpu time :196506.1 secs   av.it.:  16.6
      thresh= 6.401E-08 alpha_mix =  0.700 |ddv_scf|^2 =  9.518E-15

     End of self-consistent calculation

     Convergence has been achieved 


     Representation #   8 modes #  15  16

     Self-consistent Calculation

      iter #   1 total cpu time :196596.8 secs   av.it.:   3.9
      thresh= 1.000E-02 alpha_mix =  0.700 |ddv_scf|^2 =  8.087E-10

      iter #   2 total cpu time :196804.3 secs   av.it.:  17.0
      thresh= 2.844E-06 alpha_mix =  0.700 |ddv_scf|^2 =  3.442E-10

      iter #   3 total cpu time :197000.5 secs   av.it.:  16.1
      thresh= 1.855E-06 alpha_mix =  0.700 |ddv_scf|^2 =  3.634E-12

      iter #   4 total cpu time :197190.0 secs   av.it.:  16.0
      thresh= 1.906E-07 alpha_mix =  0.700 |ddv_scf|^2 =  5.157E-13

      iter #   5 total cpu time :197379.8 secs   av.it.:  16.0
      thresh= 7.181E-08 alpha_mix =  0.700 |ddv_scf|^2 =  1.797E-14

      iter #   6 total cpu time :197575.8 secs   av.it.:  16.5
      thresh= 1.341E-08 alpha_mix =  0.700 |ddv_scf|^2 =  1.343E-15

     End of self-consistent calculation

     Convergence has been achieved 


     Representation #   9 modes #  17  18

     Self-consistent Calculation

      iter #   1 total cpu time :197673.4 secs   av.it.:   4.3
      thresh= 1.000E-02 alpha_mix =  0.700 |ddv_scf|^2 =  1.630E-09

      iter #   2 total cpu time :197870.2 secs   av.it.:  17.0
      thresh= 4.037E-06 alpha_mix =  0.700 |ddv_scf|^2 =  4.214E-10

      iter #   3 total cpu time :198057.7 secs   av.it.:  16.0
      thresh= 2.053E-06 alpha_mix =  0.700 |ddv_scf|^2 =  4.024E-11

      iter #   4 total cpu time :198243.5 secs   av.it.:  16.0
      thresh= 6.343E-07 alpha_mix =  0.700 |ddv_scf|^2 =  6.716E-13

      iter #   5 total cpu time :198446.8 secs   av.it.:  16.9
      thresh= 8.195E-08 alpha_mix =  0.700 |ddv_scf|^2 =  1.218E-13

      iter #   6 total cpu time :198648.4 secs   av.it.:  16.2
      thresh= 3.490E-08 alpha_mix =  0.700 |ddv_scf|^2 =  9.717E-16

     End of self-consistent calculation

     Convergence has been achieved 


     Representation #  10 modes #  19  20

     Self-consistent Calculation

      iter #   1 total cpu time :198773.5 secs   av.it.:   6.7
      thresh= 1.000E-02 alpha_mix =  0.700 |ddv_scf|^2 =  8.238E-08

      iter #   2 total cpu time :198974.0 secs   av.it.:  16.0
      thresh= 2.870E-05 alpha_mix =  0.700 |ddv_scf|^2 =  5.797E-08

      iter #   3 total cpu time :199163.9 secs   av.it.:  15.8
      thresh= 2.408E-05 alpha_mix =  0.700 |ddv_scf|^2 =  6.435E-11

      iter #   4 total cpu time :199363.1 secs   av.it.:  16.8
      thresh= 8.022E-07 alpha_mix =  0.700 |ddv_scf|^2 =  5.675E-12

      iter #   5 total cpu time :199565.3 secs   av.it.:  16.8
      thresh= 2.382E-07 alpha_mix =  0.700 |ddv_scf|^2 =  2.299E-13

      iter #   6 total cpu time :199767.9 secs   av.it.:  16.6
      thresh= 4.795E-08 alpha_mix =  0.700 |ddv_scf|^2 =  3.495E-14

      iter #   7 total cpu time :199964.1 secs   av.it.:  15.9
      thresh= 1.869E-08 alpha_mix =  0.700 |ddv_scf|^2 =  2.231E-15

     End of self-consistent calculation

     Convergence has been achieved 


     Representation #  11 modes #  21  22

     Self-consistent Calculation

      iter #   1 total cpu time :200050.6 secs   av.it.:   3.0
      thresh= 1.000E-02 alpha_mix =  0.700 |ddv_scf|^2 =  1.124E-09

      iter #   2 total cpu time :200247.6 secs   av.it.:  16.3
      thresh= 3.353E-06 alpha_mix =  0.700 |ddv_scf|^2 =  8.605E-10

      iter #   3 total cpu time :200430.5 secs   av.it.:  15.9
      thresh= 2.933E-06 alpha_mix =  0.700 |ddv_scf|^2 =  2.704E-12

      iter #   4 total cpu time :200625.6 secs   av.it.:  16.9
      thresh= 1.644E-07 alpha_mix =  0.700 |ddv_scf|^2 =  2.989E-13

      iter #   5 total cpu time :200819.1 secs   av.it.:  16.9
      thresh= 5.467E-08 alpha_mix =  0.700 |ddv_scf|^2 =  1.116E-14

      iter #   6 total cpu time :201014.7 secs   av.it.:  17.0
      thresh= 1.057E-08 alpha_mix =  0.700 |ddv_scf|^2 =  5.636E-16

     End of self-consistent calculation

     Convergence has been achieved 


     Representation #  12 modes #  23  24

     Self-consistent Calculation

      iter #   1 total cpu time :201097.7 secs   av.it.:   3.0
      thresh= 1.000E-02 alpha_mix =  0.700 |ddv_scf|^2 =  3.282E-10

      iter #   2 total cpu time :201292.0 secs   av.it.:  17.0
      thresh= 1.812E-06 alpha_mix =  0.700 |ddv_scf|^2 =  1.017E-10

      iter #   3 total cpu time :201483.3 secs   av.it.:  16.0
      thresh= 1.008E-06 alpha_mix =  0.700 |ddv_scf|^2 =  3.707E-12

      iter #   4 total cpu time :201674.2 secs   av.it.:  16.0
      thresh= 1.925E-07 alpha_mix =  0.700 |ddv_scf|^2 =  2.614E-13

      iter #   5 total cpu time :201865.8 secs   av.it.:  16.0
      thresh= 5.113E-08 alpha_mix =  0.700 |ddv_scf|^2 =  1.569E-14

      iter #   6 total cpu time :202058.7 secs   av.it.:  16.3
      thresh= 1.253E-08 alpha_mix =  0.700 |ddv_scf|^2 =  7.215E-16

     End of self-consistent calculation

     Convergence has been achieved 


     Representation #  13 modes #  25  26

     Self-consistent Calculation

      iter #   1 total cpu time :202142.4 secs   av.it.:   3.0
      thresh= 1.000E-02 alpha_mix =  0.700 |ddv_scf|^2 =  9.445E-10

      iter #   2 total cpu time :202336.9 secs   av.it.:  17.0
      thresh= 3.073E-06 alpha_mix =  0.700 |ddv_scf|^2 =  7.005E-10

      iter #   3 total cpu time :202521.8 secs   av.it.:  16.0
      thresh= 2.647E-06 alpha_mix =  0.700 |ddv_scf|^2 =  2.184E-12

      iter #   4 total cpu time :202714.6 secs   av.it.:  16.7
      thresh= 1.478E-07 alpha_mix =  0.700 |ddv_scf|^2 =  3.139E-13

      iter #   5 total cpu time :202907.0 secs   av.it.:  16.7
      thresh= 5.603E-08 alpha_mix =  0.700 |ddv_scf|^2 =  2.303E-14

      iter #   6 total cpu time :203096.2 secs   av.it.:  16.0
      thresh= 1.518E-08 alpha_mix =  0.700 |ddv_scf|^2 =  1.387E-15

     End of self-consistent calculation

     Convergence has been achieved 


     Representation #  14 modes #  27  28

     Self-consistent Calculation

      iter #   1 total cpu time :203183.0 secs   av.it.:   3.3
      thresh= 1.000E-02 alpha_mix =  0.700 |ddv_scf|^2 =  5.772E-10

      iter #   2 total cpu time :203381.4 secs   av.it.:  17.0
      thresh= 2.403E-06 alpha_mix =  0.700 |ddv_scf|^2 =  3.663E-10

      iter #   3 total cpu time :203570.3 secs   av.it.:  16.0
      thresh= 1.914E-06 alpha_mix =  0.700 |ddv_scf|^2 =  3.111E-12

      iter #   4 total cpu time :203763.8 secs   av.it.:  16.4
      thresh= 1.764E-07 alpha_mix =  0.700 |ddv_scf|^2 =  2.892E-13

      iter #   5 total cpu time :203962.1 secs   av.it.:  17.0
      thresh= 5.377E-08 alpha_mix =  0.700 |ddv_scf|^2 =  1.789E-14

      iter #   6 total cpu time :204159.1 secs   av.it.:  16.9
      thresh= 1.338E-08 alpha_mix =  0.700 |ddv_scf|^2 =  8.517E-16

     End of self-consistent calculation

     Convergence has been achieved 


     Representation #  15 modes #  29  30

     Self-consistent Calculation

      iter #   1 total cpu time :204278.0 secs   av.it.:   6.3
      thresh= 1.000E-02 alpha_mix =  0.700 |ddv_scf|^2 =  2.201E-08

      iter #   2 total cpu time :204473.5 secs   av.it.:  16.9
      thresh= 1.484E-05 alpha_mix =  0.700 |ddv_scf|^2 =  7.513E-09

      iter #   3 total cpu time :204663.0 secs   av.it.:  16.0
      thresh= 8.668E-06 alpha_mix =  0.700 |ddv_scf|^2 =  5.033E-11

      iter #   4 total cpu time :204857.2 secs   av.it.:  16.9
      thresh= 7.095E-07 alpha_mix =  0.700 |ddv_scf|^2 =  3.517E-12

      iter #   5 total cpu time :205052.1 secs   av.it.:  16.9
      thresh= 1.875E-07 alpha_mix =  0.700 |ddv_scf|^2 =  3.931E-13

      iter #   6 total cpu time :205248.8 secs   av.it.:  15.9
      thresh= 6.270E-08 alpha_mix =  0.700 |ddv_scf|^2 =  2.473E-14

      iter #   7 total cpu time :205442.2 secs   av.it.:  15.9
      thresh= 1.573E-08 alpha_mix =  0.700 |ddv_scf|^2 =  5.893E-16

     End of self-consistent calculation

     Convergence has been achieved 


     Representation #  16 modes #  31  32

     Self-consistent Calculation

      iter #   1 total cpu time :205527.6 secs   av.it.:   3.0
      thresh= 1.000E-02 alpha_mix =  0.700 |ddv_scf|^2 =  3.928E-10

      iter #   2 total cpu time :205732.5 secs   av.it.:  17.0
      thresh= 1.982E-06 alpha_mix =  0.700 |ddv_scf|^2 =  1.641E-10

      iter #   3 total cpu time :205930.5 secs   av.it.:  16.0
      thresh= 1.281E-06 alpha_mix =  0.700 |ddv_scf|^2 =  4.691E-12

      iter #   4 total cpu time :206130.3 secs   av.it.:  16.0
      thresh= 2.166E-07 alpha_mix =  0.700 |ddv_scf|^2 =  3.319E-13

      iter #   5 total cpu time :206334.4 secs   av.it.:  16.1
      thresh= 5.761E-08 alpha_mix =  0.700 |ddv_scf|^2 =  1.245E-14

      iter #   6 total cpu time :206539.6 secs   av.it.:  16.8
      thresh= 1.116E-08 alpha_mix =  0.700 |ddv_scf|^2 =  1.038E-15

     End of self-consistent calculation

     Convergence has been achieved 


     Representation #  17 modes #  33  34

     Self-consistent Calculation

      iter #   1 total cpu time :206626.3 secs   av.it.:   3.0
      thresh= 1.000E-02 alpha_mix =  0.700 |ddv_scf|^2 =  6.468E-10

      iter #   2 total cpu time :206829.7 secs   av.it.:  16.7
      thresh= 2.543E-06 alpha_mix =  0.700 |ddv_scf|^2 =  3.072E-10

      iter #   3 total cpu time :207026.2 secs   av.it.:  16.0
      thresh= 1.753E-06 alpha_mix =  0.700 |ddv_scf|^2 =  4.589E-12

      iter #   4 total cpu time :207227.5 secs   av.it.:  16.0
      thresh= 2.142E-07 alpha_mix =  0.700 |ddv_scf|^2 =  2.060E-13

      iter #   5 total cpu time :207429.5 secs   av.it.:  16.2
      thresh= 4.539E-08 alpha_mix =  0.700 |ddv_scf|^2 =  2.075E-14

      iter #   6 total cpu time :207630.9 secs   av.it.:  16.0
      thresh= 1.440E-08 alpha_mix =  0.700 |ddv_scf|^2 =  1.542E-15

     End of self-consistent calculation

     Convergence has been achieved 


     Representation #  18 modes #  35  36

     Self-consistent Calculation

      iter #   1 total cpu time :207734.0 secs   av.it.:   5.0
      thresh= 1.000E-02 alpha_mix =  0.700 |ddv_scf|^2 =  6.087E-09

      iter #   2 total cpu time :207940.2 secs   av.it.:  17.0
      thresh= 7.802E-06 alpha_mix =  0.700 |ddv_scf|^2 =  4.154E-09

      iter #   3 total cpu time :208135.2 secs   av.it.:  16.0
      thresh= 6.445E-06 alpha_mix =  0.700 |ddv_scf|^2 =  2.836E-11

      iter #   4 total cpu time :208335.9 secs   av.it.:  16.4
      thresh= 5.325E-07 alpha_mix =  0.700 |ddv_scf|^2 =  2.078E-12

      iter #   5 total cpu time :208533.6 secs   av.it.:  16.9
      thresh= 1.441E-07 alpha_mix =  0.700 |ddv_scf|^2 =  2.029E-13

      iter #   6 total cpu time :208728.0 secs   av.it.:  16.6
      thresh= 4.504E-08 alpha_mix =  0.700 |ddv_scf|^2 =  1.245E-14

      iter #   7 total cpu time :208920.4 secs   av.it.:  16.3
      thresh= 1.116E-08 alpha_mix =  0.700 |ddv_scf|^2 =  1.969E-15

     End of self-consistent calculation

     Convergence has been achieved 


     Representation #  19 modes #  37  38

     Self-consistent Calculation

      iter #   1 total cpu time :209009.7 secs   av.it.:   3.9
      thresh= 1.000E-02 alpha_mix =  0.700 |ddv_scf|^2 =  1.517E-09

      iter #   2 total cpu time :209214.4 secs   av.it.:  17.0
      thresh= 3.895E-06 alpha_mix =  0.700 |ddv_scf|^2 =  1.250E-09

      iter #   3 total cpu time :209409.9 secs   av.it.:  16.0
      thresh= 3.535E-06 alpha_mix =  0.700 |ddv_scf|^2 =  2.895E-12

      iter #   4 total cpu time :209607.9 secs   av.it.:  17.0
      thresh= 1.702E-07 alpha_mix =  0.700 |ddv_scf|^2 =  4.690E-13

      iter #   5 total cpu time :209801.6 secs   av.it.:  16.8
      thresh= 6.848E-08 alpha_mix =  0.700 |ddv_scf|^2 =  2.292E-14

      iter #   6 total cpu time :209995.2 secs   av.it.:  16.1
      thresh= 1.514E-08 alpha_mix =  0.700 |ddv_scf|^2 =  1.786E-15

     End of self-consistent calculation

     Convergence has been achieved 


     Representation #  20 modes #  39  40

     Self-consistent Calculation

      iter #   1 total cpu time :210095.0 secs   av.it.:   4.6
      thresh= 1.000E-02 alpha_mix =  0.700 |ddv_scf|^2 =  3.445E-09

      iter #   2 total cpu time :210300.3 secs   av.it.:  17.0
      thresh= 5.870E-06 alpha_mix =  0.700 |ddv_scf|^2 =  1.605E-09

      iter #   3 total cpu time :210496.5 secs   av.it.:  16.0
      thresh= 4.007E-06 alpha_mix =  0.700 |ddv_scf|^2 =  4.515E-11

      iter #   4 total cpu time :210695.3 secs   av.it.:  16.0
      thresh= 6.719E-07 alpha_mix =  0.700 |ddv_scf|^2 =  1.135E-12

      iter #   5 total cpu time :210899.6 secs   av.it.:  17.0
      thresh= 1.065E-07 alpha_mix =  0.700 |ddv_scf|^2 =  1.915E-13

      iter #   6 total cpu time :211098.3 secs   av.it.:  16.1
      thresh= 4.376E-08 alpha_mix =  0.700 |ddv_scf|^2 =  4.807E-15

     End of self-consistent calculation

     Convergence has been achieved 


     Representation #  21 modes #  41  42

     Self-consistent Calculation

      iter #   1 total cpu time :211184.1 secs   av.it.:   3.0
      thresh= 1.000E-02 alpha_mix =  0.700 |ddv_scf|^2 =  3.801E-10

      iter #   2 total cpu time :211391.2 secs   av.it.:  17.0
      thresh= 1.950E-06 alpha_mix =  0.700 |ddv_scf|^2 =  1.398E-10

      iter #   3 total cpu time :211591.9 secs   av.it.:  16.0
      thresh= 1.182E-06 alpha_mix =  0.700 |ddv_scf|^2 =  4.388E-12

      iter #   4 total cpu time :211785.0 secs   av.it.:  16.0
      thresh= 2.095E-07 alpha_mix =  0.700 |ddv_scf|^2 =  3.355E-13

      iter #   5 total cpu time :211981.1 secs   av.it.:  16.1
      thresh= 5.792E-08 alpha_mix =  0.700 |ddv_scf|^2 =  1.467E-14

      iter #   6 total cpu time :212179.2 secs   av.it.:  16.7
      thresh= 1.211E-08 alpha_mix =  0.700 |ddv_scf|^2 =  9.236E-16

     End of self-consistent calculation

     Convergence has been achieved 


     Representation #  22 modes #  43  44

     Self-consistent Calculation

      iter #   1 total cpu time :212267.3 secs   av.it.:   3.2
      thresh= 1.000E-02 alpha_mix =  0.700 |ddv_scf|^2 =  7.630E-10

      iter #   2 total cpu time :212467.7 secs   av.it.:  17.0
      thresh= 2.762E-06 alpha_mix =  0.700 |ddv_scf|^2 =  5.625E-10

      iter #   3 total cpu time :212656.3 secs   av.it.:  16.0
      thresh= 2.372E-06 alpha_mix =  0.700 |ddv_scf|^2 =  2.488E-12

      iter #   4 total cpu time :212854.7 secs   av.it.:  17.0
      thresh= 1.577E-07 alpha_mix =  0.700 |ddv_scf|^2 =  3.652E-13

      iter #   5 total cpu time :213056.1 secs   av.it.:  16.6
      thresh= 6.043E-08 alpha_mix =  0.700 |ddv_scf|^2 =  1.773E-14

      iter #   6 total cpu time :213258.3 secs   av.it.:  16.8
      thresh= 1.331E-08 alpha_mix =  0.700 |ddv_scf|^2 =  1.307E-15

     End of self-consistent calculation

     Convergence has been achieved 


     Representation #  23 modes #  45  46

     Self-consistent Calculation

      iter #   1 total cpu time :213342.2 secs   av.it.:   3.0
      thresh= 1.000E-02 alpha_mix =  0.700 |ddv_scf|^2 =  2.570E-10

      iter #   2 total cpu time :213538.0 secs   av.it.:  17.0
      thresh= 1.603E-06 alpha_mix =  0.700 |ddv_scf|^2 =  1.292E-10

      iter #   3 total cpu time :213740.8 secs   av.it.:  16.0
      thresh= 1.137E-06 alpha_mix =  0.700 |ddv_scf|^2 =  2.400E-12

      iter #   4 total cpu time :213946.2 secs   av.it.:  16.1
      thresh= 1.549E-07 alpha_mix =  0.700 |ddv_scf|^2 =  2.163E-13

      iter #   5 total cpu time :214154.2 secs   av.it.:  16.9
      thresh= 4.651E-08 alpha_mix =  0.700 |ddv_scf|^2 =  1.537E-14

      iter #   6 total cpu time :214361.3 secs   av.it.:  16.7
      thresh= 1.240E-08 alpha_mix =  0.700 |ddv_scf|^2 =  7.651E-16

     End of self-consistent calculation

     Convergence has been achieved 


     Representation #  24 modes #  47  48

     Self-consistent Calculation

      iter #   1 total cpu time :214448.7 secs   av.it.:   3.0
      thresh= 1.000E-02 alpha_mix =  0.700 |ddv_scf|^2 =  2.735E-10

      iter #   2 total cpu time :214654.2 secs   av.it.:  17.0
      thresh= 1.654E-06 alpha_mix =  0.700 |ddv_scf|^2 =  8.065E-11

      iter #   3 total cpu time :214853.7 secs   av.it.:  16.8
      thresh= 8.981E-07 alpha_mix =  0.700 |ddv_scf|^2 =  2.715E-12

      iter #   4 total cpu time :215056.3 secs   av.it.:  16.1
      thresh= 1.648E-07 alpha_mix =  0.700 |ddv_scf|^2 =  2.412E-13

      iter #   5 total cpu time :215255.9 secs   av.it.:  16.0
      thresh= 4.911E-08 alpha_mix =  0.700 |ddv_scf|^2 =  1.452E-14

      iter #   6 total cpu time :215458.9 secs   av.it.:  16.2
      thresh= 1.205E-08 alpha_mix =  0.700 |ddv_scf|^2 =  7.585E-16

     End of self-consistent calculation

     Convergence has been achieved 


     Representation #  25 modes #  49  50

     Self-consistent Calculation

      iter #   1 total cpu time :215561.0 secs   av.it.:   4.6
      thresh= 1.000E-02 alpha_mix =  0.700 |ddv_scf|^2 =  3.608E-09

      iter #   2 total cpu time :215768.0 secs   av.it.:  17.0
      thresh= 6.007E-06 alpha_mix =  0.700 |ddv_scf|^2 =  1.606E-09

      iter #   3 total cpu time :215965.9 secs   av.it.:  16.0
      thresh= 4.007E-06 alpha_mix =  0.700 |ddv_scf|^2 =  4.630E-11

      iter #   4 total cpu time :216163.9 secs   av.it.:  16.0
      thresh= 6.804E-07 alpha_mix =  0.700 |ddv_scf|^2 =  1.387E-12

      iter #   5 total cpu time :216369.3 secs   av.it.:  17.0
      thresh= 1.178E-07 alpha_mix =  0.700 |ddv_scf|^2 =  2.186E-13

      iter #   6 total cpu time :216569.5 secs   av.it.:  16.7
      thresh= 4.675E-08 alpha_mix =  0.700 |ddv_scf|^2 =  3.778E-15

     End of self-consistent calculation

     Convergence has been achieved 


     Representation #  26 modes #  51  52

     Self-consistent Calculation

      iter #   1 total cpu time :216658.1 secs   av.it.:   3.9
      thresh= 1.000E-02 alpha_mix =  0.700 |ddv_scf|^2 =  1.351E-09

      iter #   2 total cpu time :216852.3 secs   av.it.:  17.0
      thresh= 3.676E-06 alpha_mix =  0.700 |ddv_scf|^2 =  1.039E-09

      iter #   3 total cpu time :217037.0 secs   av.it.:  16.0
      thresh= 3.223E-06 alpha_mix =  0.700 |ddv_scf|^2 =  4.007E-12

      iter #   4 total cpu time :217231.1 secs   av.it.:  17.0
      thresh= 2.002E-07 alpha_mix =  0.700 |ddv_scf|^2 =  4.691E-13

      iter #   5 total cpu time :217436.6 secs   av.it.:  16.9
      thresh= 6.849E-08 alpha_mix =  0.700 |ddv_scf|^2 =  1.901E-14

      iter #   6 total cpu time :217644.1 secs   av.it.:  17.0
      thresh= 1.379E-08 alpha_mix =  0.700 |ddv_scf|^2 =  1.560E-15

     End of self-consistent calculation

     Convergence has been achieved 


     Representation #  27 modes #  53  54

     Self-consistent Calculation

      iter #   1 total cpu time :217768.3 secs   av.it.:   6.5
      thresh= 1.000E-02 alpha_mix =  0.700 |ddv_scf|^2 =  2.089E-08

      iter #   2 total cpu time :217974.2 secs   av.it.:  16.8
      thresh= 1.445E-05 alpha_mix =  0.700 |ddv_scf|^2 =  7.692E-09

      iter #   3 total cpu time :218165.8 secs   av.it.:  15.9
      thresh= 8.771E-06 alpha_mix =  0.700 |ddv_scf|^2 =  2.330E-11

      iter #   4 total cpu time :218363.8 secs   av.it.:  16.4
      thresh= 4.827E-07 alpha_mix =  0.700 |ddv_scf|^2 =  4.952E-12

      iter #   5 total cpu time :218562.0 secs   av.it.:  15.9
      thresh= 2.225E-07 alpha_mix =  0.700 |ddv_scf|^2 =  2.161E-13

      iter #   6 total cpu time :218762.7 secs   av.it.:  16.0
      thresh= 4.648E-08 alpha_mix =  0.700 |ddv_scf|^2 =  4.835E-15

     End of self-consistent calculation

     Convergence has been achieved 


     Representation #  28 modes #  55  56

     Self-consistent Calculation

      iter #   1 total cpu time :218849.1 secs   av.it.:   3.0
      thresh= 1.000E-02 alpha_mix =  0.700 |ddv_scf|^2 =  5.646E-10

      iter #   2 total cpu time :219050.7 secs   av.it.:  16.8
      thresh= 2.376E-06 alpha_mix =  0.700 |ddv_scf|^2 =  2.567E-10

      iter #   3 total cpu time :219239.0 secs   av.it.:  16.0
      thresh= 1.602E-06 alpha_mix =  0.700 |ddv_scf|^2 =  5.409E-12

      iter #   4 total cpu time :219432.4 secs   av.it.:  16.0
      thresh= 2.326E-07 alpha_mix =  0.700 |ddv_scf|^2 =  1.494E-13

      iter #   5 total cpu time :219630.8 secs   av.it.:  17.0
      thresh= 3.865E-08 alpha_mix =  0.700 |ddv_scf|^2 =  1.014E-14

      iter #   6 total cpu time :219830.1 secs   av.it.:  16.9
      thresh= 1.007E-08 alpha_mix =  0.700 |ddv_scf|^2 =  8.689E-16

     End of self-consistent calculation

     Convergence has been achieved 


     Representation #  29 modes #  57  58

     Self-consistent Calculation

      iter #   1 total cpu time :219917.3 secs   av.it.:   3.2
      thresh= 1.000E-02 alpha_mix =  0.700 |ddv_scf|^2 =  9.854E-10

      iter #   2 total cpu time :220116.0 secs   av.it.:  16.8
      thresh= 3.139E-06 alpha_mix =  0.700 |ddv_scf|^2 =  6.591E-10

      iter #   3 total cpu time :220306.9 secs   av.it.:  16.0
      thresh= 2.567E-06 alpha_mix =  0.700 |ddv_scf|^2 =  3.951E-12

      iter #   4 total cpu time :220502.5 secs   av.it.:  16.1
      thresh= 1.988E-07 alpha_mix =  0.700 |ddv_scf|^2 =  4.222E-13

      iter #   5 total cpu time :220702.8 secs   av.it.:  16.7
      thresh= 6.497E-08 alpha_mix =  0.700 |ddv_scf|^2 =  1.128E-14

      iter #   6 total cpu time :220907.3 secs   av.it.:  17.0
      thresh= 1.062E-08 alpha_mix =  0.700 |ddv_scf|^2 =  7.373E-16

     End of self-consistent calculation

     Convergence has been achieved 


     Representation #  30 modes #  59  60

     Self-consistent Calculation

      iter #   1 total cpu time :221012.6 secs   av.it.:   5.0
      thresh= 1.000E-02 alpha_mix =  0.700 |ddv_scf|^2 =  1.745E-08

      iter #   2 total cpu time :221213.6 secs   av.it.:  16.1
      thresh= 1.321E-05 alpha_mix =  0.700 |ddv_scf|^2 =  1.615E-08

      iter #   3 total cpu time :221402.1 secs   av.it.:  15.0
      thresh= 1.271E-05 alpha_mix =  0.700 |ddv_scf|^2 =  1.296E-11

      iter #   4 total cpu time :221613.1 secs   av.it.:  17.0
      thresh= 3.599E-07 alpha_mix =  0.700 |ddv_scf|^2 =  1.848E-12

      iter #   5 total cpu time :221824.0 secs   av.it.:  17.0
      thresh= 1.359E-07 alpha_mix =  0.700 |ddv_scf|^2 =  1.228E-13

      iter #   6 total cpu time :222034.8 secs   av.it.:  17.0
      thresh= 3.505E-08 alpha_mix =  0.700 |ddv_scf|^2 =  6.264E-15

     End of self-consistent calculation

     Convergence has been achieved 


     Representation #  31 modes #  61  62

     Self-consistent Calculation

      iter #   1 total cpu time :222124.9 secs   av.it.:   3.6
      thresh= 1.000E-02 alpha_mix =  0.700 |ddv_scf|^2 =  7.759E-10

      iter #   2 total cpu time :222337.4 secs   av.it.:  17.0
      thresh= 2.786E-06 alpha_mix =  0.700 |ddv_scf|^2 =  3.446E-10

      iter #   3 total cpu time :222543.8 secs   av.it.:  16.1
      thresh= 1.856E-06 alpha_mix =  0.700 |ddv_scf|^2 =  1.108E-12

      iter #   4 total cpu time :222754.1 secs   av.it.:  17.0
      thresh= 1.053E-07 alpha_mix =  0.700 |ddv_scf|^2 =  2.212E-13

      iter #   5 total cpu time :222954.9 secs   av.it.:  16.0
      thresh= 4.703E-08 alpha_mix =  0.700 |ddv_scf|^2 =  1.274E-14

      iter #   6 total cpu time :223158.5 secs   av.it.:  16.2
      thresh= 1.129E-08 alpha_mix =  0.700 |ddv_scf|^2 =  8.194E-16

     End of self-consistent calculation

     Convergence has been achieved 


     Representation #  32 modes #  63  64

     Self-consistent Calculation

      iter #   1 total cpu time :223247.9 secs   av.it.:   3.0
      thresh= 1.000E-02 alpha_mix =  0.700 |ddv_scf|^2 =  9.350E-10

      iter #   2 total cpu time :223457.2 secs   av.it.:  17.0
      thresh= 3.058E-06 alpha_mix =  0.700 |ddv_scf|^2 =  5.306E-10

      iter #   3 total cpu time :223648.6 secs   av.it.:  16.0
      thresh= 2.303E-06 alpha_mix =  0.700 |ddv_scf|^2 =  3.086E-12

      iter #   4 total cpu time :223840.0 secs   av.it.:  16.3
      thresh= 1.757E-07 alpha_mix =  0.700 |ddv_scf|^2 =  4.668E-13

      iter #   5 total cpu time :224029.2 secs   av.it.:  16.0
      thresh= 6.832E-08 alpha_mix =  0.700 |ddv_scf|^2 =  1.223E-14

      iter #   6 total cpu time :224220.3 secs   av.it.:  16.7
      thresh= 1.106E-08 alpha_mix =  0.700 |ddv_scf|^2 =  1.843E-15

     End of self-consistent calculation

     Convergence has been achieved 


     Representation #  33 modes #  65  66

     Self-consistent Calculation

      iter #   1 total cpu time :224307.6 secs   av.it.:   3.7
      thresh= 1.000E-02 alpha_mix =  0.700 |ddv_scf|^2 =  2.132E-09

      iter #   2 total cpu time :224510.9 secs   av.it.:  16.8
      thresh= 4.618E-06 alpha_mix =  0.700 |ddv_scf|^2 =  1.662E-09

      iter #   3 total cpu time :224709.0 secs   av.it.:  16.0
      thresh= 4.076E-06 alpha_mix =  0.700 |ddv_scf|^2 =  3.123E-12

      iter #   4 total cpu time :224918.4 secs   av.it.:  17.0
      thresh= 1.767E-07 alpha_mix =  0.700 |ddv_scf|^2 =  4.416E-13

      iter #   5 total cpu time :225127.4 secs   av.it.:  16.9
      thresh= 6.646E-08 alpha_mix =  0.700 |ddv_scf|^2 =  2.946E-14

      iter #   6 total cpu time :225326.6 secs   av.it.:  16.0
      thresh= 1.716E-08 alpha_mix =  0.700 |ddv_scf|^2 =  2.883E-15

     End of self-consistent calculation

     Convergence has been achieved 

     Number of q in the star =    1
     List of q in the star:
          1  -0.500000000   0.000000000  -0.757653429

     Diagonalizing the dynamical matrix

     q = (   -0.500000000   0.000000000  -0.757653429 ) 

 **************************************************************************
     freq (    1) =       1.314497 [THz] =      43.846898 [cm-1]
     freq (    2) =       1.314497 [THz] =      43.846898 [cm-1]
     freq (    3) =       1.520977 [THz] =      50.734325 [cm-1]
     freq (    4) =       1.520977 [THz] =      50.734325 [cm-1]
     freq (    5) =       3.390321 [THz] =     113.088931 [cm-1]
     freq (    6) =       3.390321 [THz] =     113.088931 [cm-1]
     freq (    7) =       4.485841 [THz] =     149.631542 [cm-1]
     freq (    8) =       4.485841 [THz] =     149.631542 [cm-1]
     freq (    9) =       5.052385 [THz] =     168.529429 [cm-1]
     freq (   10) =       5.052385 [THz] =     168.529429 [cm-1]
     freq (   11) =       5.890508 [THz] =     196.486212 [cm-1]
     freq (   12) =       5.890508 [THz] =     196.486212 [cm-1]
     freq (   13) =       6.521012 [THz] =     217.517563 [cm-1]
     freq (   14) =       6.521012 [THz] =     217.517563 [cm-1]
     freq (   15) =       7.014639 [THz] =     233.983183 [cm-1]
     freq (   16) =       7.014639 [THz] =     233.983183 [cm-1]
     freq (   17) =       8.289172 [THz] =     276.497005 [cm-1]
     freq (   18) =       8.289172 [THz] =     276.497005 [cm-1]
     freq (   19) =       8.387709 [THz] =     279.783851 [cm-1]
     freq (   20) =       8.387709 [THz] =     279.783851 [cm-1]
     freq (   21) =       8.530568 [THz] =     284.549134 [cm-1]
     freq (   22) =       8.530568 [THz] =     284.549134 [cm-1]
     freq (   23) =       8.669175 [THz] =     289.172540 [cm-1]
     freq (   24) =       8.669175 [THz] =     289.172540 [cm-1]
     freq (   25) =       9.721357 [THz] =     324.269555 [cm-1]
     freq (   26) =       9.721357 [THz] =     324.269555 [cm-1]
     freq (   27) =      12.031938 [THz] =     401.342238 [cm-1]
     freq (   28) =      12.031938 [THz] =     401.342238 [cm-1]
     freq (   29) =      12.318248 [THz] =     410.892508 [cm-1]
     freq (   30) =      12.318248 [THz] =     410.892508 [cm-1]
     freq (   31) =      30.661394 [THz] =    1022.754002 [cm-1]
     freq (   32) =      30.661394 [THz] =    1022.754002 [cm-1]
     freq (   33) =      30.809175 [THz] =    1027.683466 [cm-1]
     freq (   34) =      30.809175 [THz] =    1027.683466 [cm-1]
     freq (   35) =      31.787232 [THz] =    1060.307942 [cm-1]
     freq (   36) =      31.787232 [THz] =    1060.307942 [cm-1]
     freq (   37) =      31.799951 [THz] =    1060.732190 [cm-1]
     freq (   38) =      31.799951 [THz] =    1060.732190 [cm-1]
     freq (   39) =      32.353370 [THz] =    1079.192269 [cm-1]
     freq (   40) =      32.353370 [THz] =    1079.192269 [cm-1]
     freq (   41) =      32.536497 [THz] =    1085.300720 [cm-1]
     freq (   42) =      32.536497 [THz] =    1085.300720 [cm-1]
     freq (   43) =      35.855992 [THz] =    1196.027136 [cm-1]
     freq (   44) =      35.855992 [THz] =    1196.027136 [cm-1]
     freq (   45) =      35.978389 [THz] =    1200.109868 [cm-1]
     freq (   46) =      35.978389 [THz] =    1200.109868 [cm-1]
     freq (   47) =      36.099216 [THz] =    1204.140242 [cm-1]
     freq (   48) =      36.099216 [THz] =    1204.140242 [cm-1]
     freq (   49) =      36.225669 [THz] =    1208.358261 [cm-1]
     freq (   50) =      36.225669 [THz] =    1208.358261 [cm-1]
     freq (   51) =      68.324754 [THz] =    2279.068483 [cm-1]
     freq (   52) =      68.324754 [THz] =    2279.068483 [cm-1]
     freq (   53) =      68.333124 [THz] =    2279.347662 [cm-1]
     freq (   54) =      68.333124 [THz] =    2279.347662 [cm-1]
     freq (   55) =      70.053372 [THz] =    2336.728965 [cm-1]
     freq (   56) =      70.053372 [THz] =    2336.728965 [cm-1]
     freq (   57) =      70.187563 [THz] =    2341.205092 [cm-1]
     freq (   58) =      70.187563 [THz] =    2341.205092 [cm-1]
     freq (   59) =      70.627700 [THz] =    2355.886491 [cm-1]
     freq (   60) =      70.627700 [THz] =    2355.886491 [cm-1]
     freq (   61) =      70.648167 [THz] =    2356.569188 [cm-1]
     freq (   62) =      70.648167 [THz] =    2356.569188 [cm-1]
     freq (   63) =      71.336445 [THz] =    2379.527686 [cm-1]
     freq (   64) =      71.336445 [THz] =    2379.527686 [cm-1]
     freq (   65) =      71.479448 [THz] =    2384.297733 [cm-1]
     freq (   66) =      71.479448 [THz] =    2384.297733 [cm-1]
 **************************************************************************

     Calculation of q =   -0.5000000  -0.4991487   0.0000000

     Parallelization info
     --------------------
     sticks:   dense  smooth     PW     G-vecs:    dense   smooth      PW
     Min         465     233     63                24421     8638    1230
     Max         466     234     65                24424     8639    1232
     Sum       11181    5597   1525               586151   207331   29537

     Using Slab Decomposition



     bravais-lattice index     =            8
     lattice parameter (alat)  =      13.2392  a.u.
     unit-cell volume          =    1533.9930 (a.u.)^3
     number of atoms/cell      =           22
     number of atomic types    =            3
     number of electrons       =        48.00
     number of Kohn-Sham states=           24
     kinetic-energy cutoff     =     100.0000  Ry
     charge density cutoff     =     800.0000  Ry
     Exchange-correlation= PBESOL
                           (   1   4  10   8   0   0   0)

     celldm(1)=  13.239187  celldm(2)=   1.001705  celldm(3)=   0.659932
     celldm(4)=   0.000000  celldm(5)=   0.000000  celldm(6)=   0.000000

     crystal axes: (cart. coord. in units of alat)
               a(1) = (   1.000000   0.000000   0.000000 )  
               a(2) = (   0.000000   1.001705   0.000000 )  
               a(3) = (   0.000000   0.000000   0.659932 )  

     reciprocal axes: (cart. coord. in units 2 pi/alat)
               b(1) = (  1.000000  0.000000  0.000000 )  
               b(2) = (  0.000000  0.998297  0.000000 )  
               b(3) = (  0.000000  0.000000  1.515307 )  


     PseudoPot. # 1 for B  read from file:
     /home/mehlhorn/pseudos/b_pbesol_v1.4.uspp.F.UPF
     MD5 check sum: 369b69bef2c3aeed4453bd8b804fd6a8
     Pseudo is Ultrasoft + core correction, Zval =  3.0
     Generated by new atomic code, or converted to UPF format
     Using radial grid of  781 points,  4 beta functions with: 
                l(1) =   0
                l(2) =   0
                l(3) =   1
                l(4) =   1
     Q(r) pseudized with  8 coefficients,  rinner =    1.100   1.100   1.100


     PseudoPot. # 2 for Ba read from file:
     /home/mehlhorn/pseudos/Ba.nc.z_10.oncvpsp4.dojo.v4-sp.upf
     MD5 check sum: c10ed334bb677c0554edec7181ce9143
     Pseudo is Norm-conserving + core correction, Zval = 10.0
     Generated using ONCVPSP code by D. R. Hamann
     Using radial grid of 1938 points,  8 beta functions with: 
                l(1) =   0
                l(2) =   0
                l(3) =   1
                l(4) =   1
                l(5) =   2
                l(6) =   2
                l(7) =   3
                l(8) =   3

     PseudoPot. # 3 for H  read from file:
     /home/mehlhorn/pseudos/H_ONCV_PBEsol-1.0.upf
     MD5 check sum: 398ef8f67c0a7342c05c87c5e19ea467
     Pseudo is Norm-conserving, Zval =  1.0
     Generated using ONCVPSP code by D. R. Hamann
     Using radial grid of 1180 points,  2 beta functions with: 
                l(1) =   0
                l(2) =   0

     atomic species   valence    mass     pseudopotential
     B                 3.00    10.81100     B ( 1.00)
     Ba               10.00   137.32700     Ba( 1.00)
     H                 1.00     1.00794     H ( 1.00)

      4 Sym. Ops. (no inversion) found



   Cartesian axes

     site n.     atom                  positions (alat units)
         1        Ba     tau(   1) = (   0.5000000   0.5008527   0.3299706  )
         2        Ba     tau(   2) = (   0.0000000   0.0000000   0.6599279  )
         3        B      tau(   3) = (   0.6246453   0.2518284   0.0000043  )
         4        B      tau(   4) = (   0.3753547   0.7498771   0.0000043  )
         5        B      tau(   5) = (   0.1246453   0.2490243   0.3299618  )
         6        B      tau(   6) = (   0.8753547   0.7526812   0.3299618  )
         7        H      tau(   7) = (   0.4521950   0.2869609  -0.0000113  )
         8        H      tau(   8) = (   0.5478050   0.7147446  -0.0000113  )
         9        H      tau(   9) = (   0.9521950   0.2138918   0.3299775  )
        10        H      tau(  10) = (   0.0478050   0.7878137   0.3299775  )
        11        H      tau(  11) = (   0.7167338   0.4026431   0.0000043  )
        12        H      tau(  12) = (   0.2832662   0.5990624   0.0000043  )
        13        H      tau(  13) = (   0.2167338   0.0982097   0.3299619  )
        14        H      tau(  14) = (   0.7832662   0.9034958   0.3299619  )
        15        H      tau(  15) = (   0.6614431   0.1603257   0.5146572  )
        16        H      tau(  16) = (   0.3385569   0.8413797   0.5146572  )
        17        H      tau(  17) = (   0.1614431   0.3405270   0.4752413  )
        18        H      tau(  18) = (   0.8385569   0.6611785   0.4752413  )
        19        H      tau(  19) = (   0.3385645   0.8413788   0.1452874  )
        20        H      tau(  20) = (   0.6614355   0.1603267   0.1452874  )
        21        H      tau(  21) = (   0.8385645   0.6611795   0.1846788  )
        22        H      tau(  22) = (   0.1614355   0.3405260   0.1846788  )

     number of k points=    54
                       cart. coord. in units 2pi/alat
        k(    1) = (   0.0000000   0.0000000   0.0000000), wk =   0.0160000
        k(    2) = (  -0.5000000  -0.4991487   0.0000000), wk =   0.0000000
        k(    3) = (   0.0000000   0.0000000   0.3030614), wk =   0.0320000
        k(    4) = (  -0.5000000  -0.4991487   0.3030614), wk =   0.0000000
        k(    5) = (   0.0000000   0.0000000   0.6061227), wk =   0.0320000
        k(    6) = (  -0.5000000  -0.4991487   0.6061227), wk =   0.0000000
        k(    7) = (   0.0000000   0.1996595   0.0000000), wk =   0.0320000
        k(    8) = (  -0.5000000  -0.2994892   0.0000000), wk =   0.0000000
        k(    9) = (   0.0000000   0.1996595   0.3030614), wk =   0.0640000
        k(   10) = (  -0.5000000  -0.2994892   0.3030614), wk =   0.0000000
        k(   11) = (   0.0000000   0.1996595   0.6061227), wk =   0.0640000
        k(   12) = (  -0.5000000  -0.2994892   0.6061227), wk =   0.0000000
        k(   13) = (   0.0000000   0.3993190   0.0000000), wk =   0.0320000
        k(   14) = (  -0.5000000  -0.0998297   0.0000000), wk =   0.0000000
        k(   15) = (   0.0000000   0.3993190   0.3030614), wk =   0.0640000
        k(   16) = (  -0.5000000  -0.0998297   0.3030614), wk =   0.0000000
        k(   17) = (   0.0000000   0.3993190   0.6061227), wk =   0.0640000
        k(   18) = (  -0.5000000  -0.0998297   0.6061227), wk =   0.0000000
        k(   19) = (   0.2000000   0.0000000   0.0000000), wk =   0.0320000
        k(   20) = (  -0.3000000  -0.4991487   0.0000000), wk =   0.0000000
        k(   21) = (   0.2000000   0.0000000   0.3030614), wk =   0.0640000
        k(   22) = (  -0.3000000  -0.4991487   0.3030614), wk =   0.0000000
        k(   23) = (   0.2000000   0.0000000   0.6061227), wk =   0.0640000
        k(   24) = (  -0.3000000  -0.4991487   0.6061227), wk =   0.0000000
        k(   25) = (   0.2000000   0.1996595   0.0000000), wk =   0.0640000
        k(   26) = (  -0.3000000  -0.2994892   0.0000000), wk =   0.0000000
        k(   27) = (   0.2000000   0.1996595   0.3030614), wk =   0.1280000
        k(   28) = (  -0.3000000  -0.2994892   0.3030614), wk =   0.0000000
        k(   29) = (   0.2000000   0.1996595   0.6061227), wk =   0.1280000
        k(   30) = (  -0.3000000  -0.2994892   0.6061227), wk =   0.0000000
        k(   31) = (   0.2000000   0.3993190   0.0000000), wk =   0.0640000
        k(   32) = (  -0.3000000  -0.0998297   0.0000000), wk =   0.0000000
        k(   33) = (   0.2000000   0.3993190   0.3030614), wk =   0.1280000
        k(   34) = (  -0.3000000  -0.0998297   0.3030614), wk =   0.0000000
        k(   35) = (   0.2000000   0.3993190   0.6061227), wk =   0.1280000
        k(   36) = (  -0.3000000  -0.0998297   0.6061227), wk =   0.0000000
        k(   37) = (   0.4000000   0.0000000   0.0000000), wk =   0.0320000
        k(   38) = (  -0.1000000  -0.4991487   0.0000000), wk =   0.0000000
        k(   39) = (   0.4000000   0.0000000   0.3030614), wk =   0.0640000
        k(   40) = (  -0.1000000  -0.4991487   0.3030614), wk =   0.0000000
        k(   41) = (   0.4000000   0.0000000   0.6061227), wk =   0.0640000
        k(   42) = (  -0.1000000  -0.4991487   0.6061227), wk =   0.0000000
        k(   43) = (   0.4000000   0.1996595   0.0000000), wk =   0.0640000
        k(   44) = (  -0.1000000  -0.2994892   0.0000000), wk =   0.0000000
        k(   45) = (   0.4000000   0.1996595   0.3030614), wk =   0.1280000
        k(   46) = (  -0.1000000  -0.2994892   0.3030614), wk =   0.0000000
        k(   47) = (   0.4000000   0.1996595   0.6061227), wk =   0.1280000
        k(   48) = (  -0.1000000  -0.2994892   0.6061227), wk =   0.0000000
        k(   49) = (   0.4000000   0.3993190   0.0000000), wk =   0.0640000
        k(   50) = (  -0.1000000  -0.0998297   0.0000000), wk =   0.0000000
        k(   51) = (   0.4000000   0.3993190   0.3030614), wk =   0.1280000
        k(   52) = (  -0.1000000  -0.0998297   0.3030614), wk =   0.0000000
        k(   53) = (   0.4000000   0.3993190   0.6061227), wk =   0.1280000
        k(   54) = (  -0.1000000  -0.0998297   0.6061227), wk =   0.0000000

     Dense  grid:   586151 G-vectors     FFT dimensions: ( 120, 120,  80)

     Smooth grid:   207331 G-vectors     FFT dimensions: (  90,  90,  60)

     Estimated max dynamical RAM per process >      52.98 MB

     Estimated total dynamical RAM >       1.24 GB

     The potential is recalculated from file :
     ./_ph0/pwscf.q_7/pwscf.save/charge-density

     Starting wfcs are   42 atomic wfcs

     Band Structure Calculation
     Davidson diagonalization with overlap

     ethr =  2.08E-11,  avg # of iterations = 21.9

     total cpu time spent up to now is     1283.0 secs

     End of band structure calculation

          k = 0.0000 0.0000 0.0000 ( 25815 PWs)   bands (ev):

   -24.4249 -24.4186  -9.9198  -9.8642  -9.6796  -9.6448  -9.5942  -9.5441
    -6.3460  -5.4881  -4.9234  -4.8369  -2.0560  -1.1217  -1.0984  -0.7617
    -0.6275  -0.4988  -0.4076  -0.3035  -0.0395   0.2368   0.2605   0.2847

          k =-0.5000-0.4991 0.0000 ( 25932 PWs)   bands (ev):

   -24.4217 -24.4217  -9.9218  -9.9218  -9.6472  -9.6472  -9.5687  -9.5687
    -5.8137  -5.8137  -5.0552  -5.0552  -1.3416  -1.3416  -0.8747  -0.8747
    -0.6036  -0.6036  -0.2407  -0.2407  -0.0209  -0.0209   0.0397   0.0397

          k = 0.0000 0.0000 0.3031 ( 25898 PWs)   bands (ev):

   -24.4197 -24.4146  -9.8596  -9.8156  -9.7745  -9.7478  -9.6658  -9.6400
    -6.0078  -5.2862  -5.0427  -4.9756  -1.7709  -1.4373  -1.0973  -0.9637
    -0.6766  -0.6018  -0.3393  -0.1988   0.0078   0.1142   0.1356   0.2476

          k =-0.5000-0.4991 0.3031 ( 25900 PWs)   bands (ev):

   -24.4171 -24.4171  -9.8630  -9.8630  -9.7584  -9.7584  -9.6415  -9.6415
    -5.5244  -5.5244  -5.1672  -5.1672  -1.4473  -1.4473  -1.1849  -1.1849
    -0.3484  -0.3484  -0.1446  -0.1446  -0.1412  -0.1412   0.0608   0.0608

          k = 0.0000 0.0000 0.6061 ( 25892 PWs)   bands (ev):

   -24.4107 -24.4087 -10.0311 -10.0261  -9.7370  -9.7175  -9.6616  -9.6501
    -5.3850  -5.2363  -5.2131  -5.0804  -1.6158  -1.4894  -1.4731  -1.2090
    -0.6117  -0.5977  -0.2870  -0.1743  -0.0234   0.0282   0.1104   0.1599

          k =-0.5000-0.4991 0.6061 ( 25940 PWs)   bands (ev):

   -24.4097 -24.4097 -10.0242 -10.0242  -9.7408  -9.7408  -9.6545  -9.6545
    -5.3600  -5.3600  -5.0663  -5.0663  -1.8130  -1.8130  -1.2776  -1.2776
    -0.3521  -0.3521  -0.0965  -0.0965  -0.0846  -0.0846   0.1686   0.1686

          k = 0.0000 0.1997 0.0000 ( 25878 PWs)   bands (ev):

   -24.4243 -24.4192  -9.9037  -9.8478  -9.7050  -9.6649  -9.5894  -9.5488
    -6.2379  -5.4647  -5.0601  -4.8935  -1.8697  -1.2649  -1.1609  -0.5716
    -0.5165  -0.4683  -0.4504  -0.2283  -0.0394   0.0497   0.2051   0.2344

          k =-0.5000-0.2995 0.0000 ( 25894 PWs)   bands (ev):

   -24.4217 -24.4217  -9.8985  -9.8985  -9.6727  -9.6727  -9.5688  -9.5688
    -5.8174  -5.8174  -5.0420  -5.0420  -1.3961  -1.3961  -0.7819  -0.7819
    -0.5557  -0.5557  -0.3417  -0.3417  -0.0771  -0.0771   0.0806   0.0806

          k = 0.0000 0.1997 0.3031 ( 25891 PWs)   bands (ev):

   -24.4192 -24.4151  -9.8577  -9.8018  -9.7685  -9.7616  -9.6661  -9.6533
    -5.9271  -5.2603  -5.1524  -5.0092  -1.6449  -1.4620  -1.2449  -0.7441
    -0.6153  -0.5599  -0.4961  -0.1302  -0.0012   0.1098   0.1169   0.1449

          k =-0.5000-0.2995 0.3031 ( 25888 PWs)   bands (ev):

   -24.4171 -24.4171  -9.8502  -9.8502  -9.7617  -9.7617  -9.6512  -9.6512
    -5.5370  -5.5370  -5.1511  -5.1511  -1.4587  -1.4587  -1.1326  -1.1326
    -0.3944  -0.3944  -0.2907  -0.2907  -0.0480  -0.0480   0.0938   0.0938

          k = 0.0000 0.1997 0.6061 ( 25907 PWs)   bands (ev):

   -24.4105 -24.4089 -10.0380 -10.0334  -9.7221  -9.7090  -9.6620  -9.6550
    -5.4875  -5.3818  -5.0828  -4.9576  -1.6619  -1.6067  -1.3669  -1.1400
    -0.5674  -0.4476  -0.3020  -0.1734  -0.0551  -0.0423   0.0864   0.1095

          k =-0.5000-0.2995 0.6061 ( 25936 PWs)   bands (ev):

   -24.4097 -24.4097 -10.0347 -10.0347  -9.7259  -9.7259  -9.6562  -9.6562
    -5.3765  -5.3765  -5.0518  -5.0518  -1.8853  -1.8853  -1.1341  -1.1341
    -0.3726  -0.3726  -0.2428  -0.2428   0.0026   0.0026   0.1551   0.1551

          k = 0.0000 0.3993 0.0000 ( 25920 PWs)   bands (ev):

   -24.4227 -24.4208  -9.8595  -9.8204  -9.7480  -9.7144  -9.5768  -9.5613
    -5.9494  -5.5928  -5.1682  -5.0340  -1.5661  -1.4294  -1.0192  -0.5398
    -0.5270  -0.4989  -0.2605  -0.1841  -0.1291  -0.0619   0.0741   0.1396

          k =-0.5000-0.0998 0.0000 ( 25896 PWs)   bands (ev):

   -24.4218 -24.4218  -9.8414  -9.8414  -9.7333  -9.7333  -9.5690  -9.5690
    -5.8234  -5.8234  -5.0203  -5.0203  -1.4621  -1.4621  -0.6808  -0.6808
    -0.4367  -0.4367  -0.4038  -0.4038  -0.2096  -0.2096   0.0697   0.0697

          k = 0.0000 0.3993 0.3031 ( 25924 PWs)   bands (ev):

   -24.4179 -24.4164  -9.8428  -9.8095  -9.7673  -9.7445  -9.6785  -9.6753
    -5.7084  -5.4169  -5.1873  -5.0925  -1.4929  -1.4922  -1.1731  -0.8184
    -0.5442  -0.4910  -0.3774  -0.1493  -0.0905  -0.0730   0.1282   0.1315

          k =-0.5000-0.0998 0.3031 ( 25900 PWs)   bands (ev):

   -24.4171 -24.4171  -9.8235  -9.8235  -9.7709  -9.7709  -9.6690  -9.6690
    -5.5558  -5.5558  -5.1267  -5.1267  -1.4643  -1.4643  -1.0611  -1.0611
    -0.4713  -0.4713  -0.3806  -0.3806  -0.0312  -0.0312   0.1373   0.1373

          k = 0.0000 0.3993 0.6061 ( 25896 PWs)   bands (ev):

   -24.4100 -24.4094 -10.0475 -10.0455  -9.6935  -9.6910  -9.6681  -9.6677
    -5.5629  -5.5253  -4.9330  -4.8804  -1.7295  -1.7210  -1.1679  -1.0506
    -0.4632  -0.3700  -0.2775  -0.2362  -0.1319  -0.0609  -0.0171   0.0883

          k =-0.5000-0.0998 0.6061 ( 25912 PWs)   bands (ev):

   -24.4097 -24.4097 -10.0501 -10.0501  -9.6994  -9.6994  -9.6628  -9.6628
    -5.4008  -5.4008  -5.0305  -5.0305  -1.9610  -1.9610  -0.9488  -0.9488
    -0.4158  -0.4158  -0.2824  -0.2824   0.0035   0.0035   0.0897   0.0897

          k = 0.2000 0.0000 0.0000 ( 25878 PWs)   bands (ev):

   -24.4243 -24.4192  -9.8996  -9.8511  -9.7015  -9.6709  -9.5894  -9.5489
    -6.2440  -5.5161  -4.9461  -4.9211  -1.9277  -1.0591  -1.0003  -0.9567
    -0.4670  -0.4302  -0.4054  -0.3093  -0.0842   0.0002   0.2206   0.2424

          k =-0.3000-0.4991 0.0000 ( 25892 PWs)   bands (ev):

   -24.4217 -24.4217  -9.8996  -9.8996  -9.6708  -9.6708  -9.5688  -9.5688
    -5.7983  -5.7983  -5.0743  -5.0743  -1.3994  -1.3994  -0.8340  -0.8340
    -0.5832  -0.5832  -0.2215  -0.2215  -0.0429  -0.0429   0.0558   0.0558

          k = 0.2000 0.0000 0.3031 ( 25877 PWs)   bands (ev):

   -24.4192 -24.4151  -9.8439  -9.8258  -9.7647  -9.7553  -9.6779  -9.6440
    -5.9220  -5.2948  -5.0606  -5.0529  -1.6842  -1.4247  -1.1946  -0.8324
    -0.6638  -0.5542  -0.4003  -0.1577  -0.1380   0.1011   0.1714   0.2058

          k =-0.3000-0.4991 0.3031 ( 25906 PWs)   bands (ev):

   -24.4171 -24.4171  -9.8516  -9.8516  -9.7576  -9.7576  -9.6526  -9.6526
    -5.5390  -5.5390  -5.1580  -5.1580  -1.4757  -1.4757  -1.0980  -1.0980
    -0.4216  -0.4216  -0.2610  -0.2610  -0.0235  -0.0235   0.0723   0.0723

          k = 0.2000 0.0000 0.6061 ( 25910 PWs)   bands (ev):

   -24.4105 -24.4089 -10.0395 -10.0350  -9.7271  -9.7041  -9.6668  -9.6507
    -5.4079  -5.2887  -5.1754  -5.0253  -1.8331  -1.6865  -1.2778  -1.0228
    -0.5629  -0.4405  -0.2723  -0.2241  -0.0444   0.0201   0.0473   0.1592

          k =-0.3000-0.4991 0.6061 ( 25918 PWs)   bands (ev):

   -24.4097 -24.4097 -10.0331 -10.0331  -9.7251  -9.7251  -9.6568  -9.6568
    -5.4466  -5.4466  -4.9880  -4.9880  -1.7902  -1.7902  -1.2061  -1.2061
    -0.4172  -0.4172  -0.1370  -0.1370  -0.0517  -0.0517   0.1089   0.1089

          k = 0.2000 0.1997 0.0000 ( 25883 PWs)   bands (ev):

   -24.4238 -24.4197  -9.9090  -9.8226  -9.7443  -9.6541  -9.5855  -9.5526
    -6.1587  -5.5118  -5.0809  -4.9214  -1.7734  -1.2510  -1.0713  -0.6966
    -0.5244  -0.4617  -0.2811  -0.2213  -0.1338  -0.0547   0.1321   0.2152

          k =-0.3000-0.2995 0.0000 ( 25879 PWs)   bands (ev):

   -24.4228 -24.4207  -9.9137  -9.8485  -9.7255  -9.6514  -9.5776  -9.5602
    -5.9950  -5.6232  -5.1159  -4.9808  -1.5537  -1.3227  -1.0112  -0.5637
    -0.5434  -0.5200  -0.4548  -0.1351  -0.1070  -0.0433  -0.0020   0.1497

          k = 0.2000 0.1997 0.3031 ( 25901 PWs)   bands (ev):

   -24.4188 -24.4155  -9.8528  -9.8092  -9.7856  -9.7426  -9.6793  -9.6457
    -5.8544  -5.2744  -5.1857  -5.0420  -1.5935  -1.4408  -1.2710  -0.7308
    -0.6557  -0.5312  -0.3995  -0.1699  -0.1061   0.0618   0.1290   0.1889

          k =-0.3000-0.2995 0.3031 ( 25917 PWs)   bands (ev):

   -24.4180 -24.4163  -9.8562  -9.8249  -9.7847  -9.7392  -9.6727  -9.6443
    -5.7087  -5.3703  -5.2074  -5.0914  -1.5228  -1.3989  -1.2989  -0.8722
    -0.5453  -0.4381  -0.3448  -0.1904  -0.0856  -0.0228   0.0975   0.1560

          k = 0.2000 0.1997 0.6061 ( 25915 PWs)   bands (ev):

   -24.4103 -24.4090 -10.0458 -10.0304  -9.7334  -9.6882  -9.6713  -9.6535
    -5.4921  -5.3089  -5.1484  -4.9433  -1.8297  -1.6853  -1.2597  -1.0660
    -0.5136  -0.3864  -0.2833  -0.1688  -0.1173  -0.0014   0.0424   0.1596

          k =-0.3000-0.2995 0.6061 ( 25927 PWs)   bands (ev):

   -24.4100 -24.4093 -10.0446 -10.0293  -9.7366  -9.6976  -9.6651  -9.6544
    -5.4878  -5.3369  -5.1070  -4.9419  -1.8725  -1.7709  -1.1886  -1.1010
    -0.4907  -0.3108  -0.2532  -0.1844  -0.0874  -0.0004   0.0658   0.1711

          k = 0.2000 0.3993 0.0000 ( 25889 PWs)   bands (ev):

   -24.4225 -24.4210  -9.8952  -9.8484  -9.7246  -9.6730  -9.5752  -9.5626
    -5.9290  -5.6449  -5.1400  -5.0266  -1.5106  -1.3938  -0.9976  -0.5678
    -0.5675  -0.5415  -0.3525  -0.1043  -0.1020  -0.0426   0.0281   0.1162

          k =-0.3000-0.0998 0.0000 ( 25893 PWs)   bands (ev):

   -24.4235 -24.4200  -9.8888  -9.8233  -9.7447  -9.6798  -9.5831  -9.5551
    -6.1116  -5.5749  -5.0269  -4.9500  -1.7595  -1.1983  -0.9477  -0.7891
    -0.4713  -0.4195  -0.3315  -0.2730  -0.1820  -0.1142   0.0815   0.2032

          k = 0.2000 0.3993 0.3031 ( 25902 PWs)   bands (ev):

   -24.4178 -24.4165  -9.8505  -9.8261  -9.7729  -9.7422  -9.6738  -9.6551
    -5.6710  -5.4271  -5.1927  -5.1062  -1.5052  -1.4646  -1.1853  -0.8926
    -0.5260  -0.4404  -0.3706  -0.1757  -0.0838  -0.0145   0.0950   0.1293

          k =-0.3000-0.0998 0.3031 ( 25900 PWs)   bands (ev):

   -24.4186 -24.4157  -9.8393  -9.8161  -9.7863  -9.7440  -9.6847  -9.6490
    -5.8091  -5.3312  -5.1395  -5.0709  -1.5922  -1.3652  -1.2988  -0.7309
    -0.6884  -0.5099  -0.4003  -0.2283  -0.1323   0.0699   0.1390   0.1878

          k = 0.2000 0.3993 0.6061 ( 25926 PWs)   bands (ev):

   -24.4099 -24.4094 -10.0447 -10.0355  -9.7222  -9.6964  -9.6657  -9.6572
    -5.5269  -5.4569  -4.9908  -4.9106  -1.8007  -1.7282  -1.1936  -1.1049
    -0.4883  -0.3829  -0.2401  -0.1304  -0.0953  -0.0224   0.0113   0.1126

          k =-0.3000-0.0998 0.6061 ( 25913 PWs)   bands (ev):

   -24.4102 -24.4091 -10.0483 -10.0388  -9.7228  -9.6865  -9.6744  -9.6531
    -5.4440  -5.3060  -5.1475  -4.9828  -1.9215  -1.8091  -1.1527  -0.9545
    -0.5086  -0.3378  -0.3008  -0.2120  -0.0904  -0.0049   0.0485   0.1597

          k = 0.4000 0.0000 0.0000 ( 25912 PWs)   bands (ev):

   -24.4227 -24.4208  -9.8482  -9.8204  -9.7492  -9.7289  -9.5768  -9.5613
    -5.9811  -5.6803  -5.0163  -4.9970  -1.6349  -1.3106  -0.8423  -0.6010
    -0.4869  -0.4069  -0.3989  -0.2940  -0.2450  -0.1929   0.0343   0.1273

          k =-0.1000-0.4991 0.0000 ( 25900 PWs)   bands (ev):

   -24.4218 -24.4218  -9.8479  -9.8479  -9.7246  -9.7246  -9.5690  -9.5690
    -5.7723  -5.7723  -5.1059  -5.1059  -1.4789  -1.4789  -0.7846  -0.7846
    -0.5463  -0.5463  -0.1786  -0.1786  -0.0826  -0.0826   0.0718   0.0718

          k = 0.4000 0.0000 0.3031 ( 25937 PWs)   bands (ev):

   -24.4179 -24.4164  -9.8254  -9.8105  -9.7905  -9.7545  -9.6835  -9.6602
    -5.6969  -5.4275  -5.1314  -5.1027  -1.5368  -1.3794  -1.2290  -0.8636
    -0.5851  -0.4423  -0.4380  -0.3326  -0.0806   0.0266   0.1459   0.1567

          k =-0.1000-0.4991 0.3031 ( 25896 PWs)   bands (ev):

   -24.4172 -24.4172  -9.8317  -9.8317  -9.7528  -9.7528  -9.6756  -9.6756
    -5.5623  -5.5623  -5.1434  -5.1434  -1.4928  -1.4928  -1.0073  -1.0073
    -0.4971  -0.4971  -0.2532  -0.2532  -0.0899  -0.0899   0.1274   0.1274

          k = 0.4000 0.0000 0.6061 ( 25894 PWs)   bands (ev):

   -24.4100 -24.4094 -10.0514 -10.0495  -9.7052  -9.6848  -9.6749  -9.6574
    -5.4179  -5.3776  -5.0692  -5.0038  -1.9761  -1.9148  -1.0290  -0.8794
    -0.4695  -0.3563  -0.3196  -0.2003  -0.1114   0.0274   0.0713   0.0999

          k =-0.1000-0.4991 0.6061 ( 25924 PWs)   bands (ev):

   -24.4097 -24.4097 -10.0461 -10.0461  -9.6945  -9.6945  -9.6667  -9.6667
    -5.5448  -5.5448  -4.9030  -4.9030  -1.7471  -1.7471  -1.0968  -1.0968
    -0.4373  -0.4373  -0.2295  -0.2295  -0.0869  -0.0869   0.0424   0.0424

          k = 0.4000 0.1997 0.0000 ( 25891 PWs)   bands (ev):

   -24.4225 -24.4210  -9.8927  -9.8457  -9.7289  -9.6766  -9.5752  -9.5627
    -5.9501  -5.6934  -5.0634  -4.9907  -1.5527  -1.3331  -0.8593  -0.6274
    -0.5157  -0.4831  -0.4575  -0.2506  -0.1746  -0.1046   0.0241   0.1456

          k =-0.1000-0.2995 0.0000 ( 25882 PWs)   bands (ev):

   -24.4235 -24.4200  -9.8933  -9.8226  -9.7437  -9.6743  -9.5830  -9.5550
    -6.0978  -5.4971  -5.1543  -4.9586  -1.6797  -1.3483  -1.1309  -0.5394
    -0.5007  -0.4796  -0.2537  -0.2162  -0.1726  -0.0436   0.1423   0.1752

          k = 0.4000 0.1997 0.3031 ( 25906 PWs)   bands (ev):

   -24.4178 -24.4165  -9.8452  -9.8243  -9.7831  -9.7489  -9.6722  -9.6512
    -5.6644  -5.4324  -5.1658  -5.1054  -1.5166  -1.3970  -1.2448  -0.9283
    -0.5306  -0.4273  -0.3688  -0.2696  -0.0926   0.0071   0.1103   0.1505

          k =-0.1000-0.2995 0.3031 ( 25898 PWs)   bands (ev):

   -24.4186 -24.4157  -9.8529  -9.7962  -9.7868  -9.7447  -9.6770  -9.6576
    -5.8170  -5.2812  -5.2296  -5.0523  -1.5334  -1.4761  -1.2678  -0.7081
    -0.6063  -0.4930  -0.4815  -0.1394  -0.0564   0.0282   0.1241   0.1319

          k = 0.4000 0.1997 0.6061 ( 25937 PWs)   bands (ev):

   -24.4099 -24.4094 -10.0472 -10.0381  -9.7241  -9.6983  -9.6647  -9.6554
    -5.4400  -5.3329  -5.1052  -4.9866  -1.9391  -1.8793  -1.0777  -1.0087
    -0.4584  -0.3509  -0.3061  -0.2053  -0.0513   0.0123   0.0864   0.1658

          k =-0.1000-0.2995 0.6061 ( 25916 PWs)   bands (ev):

   -24.4102 -24.4091 -10.0458 -10.0362  -9.7190  -9.6898  -9.6693  -9.6576
    -5.5365  -5.4410  -5.0196  -4.9035  -1.7536  -1.6594  -1.2683  -1.0790
    -0.5118  -0.3432  -0.3183  -0.1774  -0.0952  -0.0633   0.0177   0.1190

          k = 0.4000 0.3993 0.0000 ( 25911 PWs)   bands (ev):

   -24.4220 -24.4214  -9.9194  -9.9012  -9.6705  -9.6484  -9.5711  -9.5663
    -5.8640  -5.7577  -5.0790  -5.0332  -1.3996  -1.3452  -0.9239  -0.7472
    -0.5930  -0.5794  -0.3508  -0.1745  -0.0539  -0.0275   0.0181   0.0864

          k =-0.1000-0.0998 0.0000 ( 25862 PWs)   bands (ev):

   -24.4246 -24.4189  -9.9129  -9.8548  -9.6959  -9.6521  -9.5918  -9.5465
    -6.2937  -5.4866  -4.9717  -4.8681  -1.9738  -1.1620  -1.0939  -0.7774
    -0.4995  -0.4941  -0.4278  -0.2789  -0.0481   0.1222   0.2391   0.2642

          k = 0.4000 0.3993 0.3031 ( 25901 PWs)   bands (ev):

   -24.4174 -24.4169  -9.8610  -9.8524  -9.7661  -9.7522  -9.6512  -9.6423
    -5.5795  -5.4818  -5.1804  -5.1419  -1.4807  -1.4313  -1.2180  -1.0812
    -0.3947  -0.3695  -0.2876  -0.1807  -0.1014  -0.0166   0.0339   0.1018

          k =-0.1000-0.0998 0.3031 ( 25890 PWs)   bands (ev):

   -24.4195 -24.4149  -9.8561  -9.8158  -9.7649  -9.7576  -9.6694  -9.6433
    -5.9661  -5.2803  -5.0804  -5.0001  -1.7153  -1.4451  -1.1758  -0.8609
    -0.6516  -0.5831  -0.3922  -0.1701  -0.0364   0.1059   0.1452   0.2163

          k = 0.4000 0.3993 0.6061 ( 25924 PWs)   bands (ev):

   -24.4098 -24.4096 -10.0323 -10.0260  -9.7396  -9.7263  -9.6565  -9.6545
    -5.4176  -5.3541  -5.0772  -5.0094  -1.8452  -1.8072  -1.2357  -1.2083
    -0.4089  -0.3398  -0.1733  -0.1610  -0.0385  -0.0294   0.1340   0.1706

          k =-0.1000-0.0998 0.6061 ( 25893 PWs)   bands (ev):

   -24.4106 -24.4088 -10.0364 -10.0287  -9.7332  -9.7098  -9.6632  -9.6513
    -5.4323  -5.2701  -5.1907  -5.0156  -1.7162  -1.5638  -1.3889  -1.1341
    -0.5611  -0.5432  -0.2786  -0.1835  -0.0446   0.0122   0.0850   0.1512

     highest occupied level (ev):     0.2847

     Writing config to output data dir ./_ph0/pwscf.q_7/pwscf.save/ :
     XML data file

                                                                                

     bravais-lattice index     =            8
     lattice parameter (alat)  =      13.2392  a.u.
     unit-cell volume          =    1533.9930 (a.u.)^3
     number of atoms/cell      =           22
     number of atomic types    =            3
     kinetic-energy cut-off    =     100.0000  Ry
     charge density cut-off    =     800.0000  Ry
     convergence threshold     =      1.0E-14
     beta                      =       0.7000
     number of iterations used =            4
     Exchange-correlation= PBESOL
                           (   1   4  10   8   0   0   0)


     celldm(1)=   13.23919  celldm(2)=    1.00171  celldm(3)=    0.65993
     celldm(4)=    0.00000  celldm(5)=    0.00000  celldm(6)=    0.00000

     crystal axes: (cart. coord. in units of alat)
               a(1) = (  1.0000  0.0000  0.0000 )  
               a(2) = (  0.0000  1.0017  0.0000 )  
               a(3) = (  0.0000  0.0000  0.6599 )  

     reciprocal axes: (cart. coord. in units 2 pi/alat)
               b(1) = (  1.0000  0.0000  0.0000 )  
               b(2) = (  0.0000  0.9983  0.0000 )  
               b(3) = (  0.0000  0.0000  1.5153 )  


     Atoms inside the unit cell: 

     Cartesian axes

     site n.  atom      mass           positions (alat units)
        1  Ba    137.3270   tau(    1) = (    0.50000    0.50085    0.32997  )
        2  Ba    137.3270   tau(    2) = (    0.00000    0.00000    0.65993  )
        3  B      10.8110   tau(    3) = (    0.62465    0.25183    0.00000  )
        4  B      10.8110   tau(    4) = (    0.37535    0.74988    0.00000  )
        5  B      10.8110   tau(    5) = (    0.12465    0.24902    0.32996  )
        6  B      10.8110   tau(    6) = (    0.87535    0.75268    0.32996  )
        7  H       1.0079   tau(    7) = (    0.45220    0.28696   -0.00001  )
        8  H       1.0079   tau(    8) = (    0.54780    0.71474   -0.00001  )
        9  H       1.0079   tau(    9) = (    0.95220    0.21389    0.32998  )
       10  H       1.0079   tau(   10) = (    0.04780    0.78781    0.32998  )
       11  H       1.0079   tau(   11) = (    0.71673    0.40264    0.00000  )
       12  H       1.0079   tau(   12) = (    0.28327    0.59906    0.00000  )
       13  H       1.0079   tau(   13) = (    0.21673    0.09821    0.32996  )
       14  H       1.0079   tau(   14) = (    0.78327    0.90350    0.32996  )
       15  H       1.0079   tau(   15) = (    0.66144    0.16033    0.51466  )
       16  H       1.0079   tau(   16) = (    0.33856    0.84138    0.51466  )
       17  H       1.0079   tau(   17) = (    0.16144    0.34053    0.47524  )
       18  H       1.0079   tau(   18) = (    0.83856    0.66118    0.47524  )
       19  H       1.0079   tau(   19) = (    0.33856    0.84138    0.14529  )
       20  H       1.0079   tau(   20) = (    0.66144    0.16033    0.14529  )
       21  H       1.0079   tau(   21) = (    0.83856    0.66118    0.18468  )
       22  H       1.0079   tau(   22) = (    0.16144    0.34053    0.18468  )

     Computing dynamical matrix for 
                    q = (  -0.5000000  -0.4991487   0.0000000 )

      5 Sym.Ops. (with q -> -q+G )


     G cutoff = 3551.8357  (  24424 G-vectors)     FFT grid: (120,120, 80)
     G cutoff = 1775.9178  (   8639 G-vectors)  smooth grid: ( 90, 90, 60)
     number of k points=    54

     PseudoPot. # 1 for B  read from file:
     /home/mehlhorn/pseudos/b_pbesol_v1.4.uspp.F.UPF
     MD5 check sum: 369b69bef2c3aeed4453bd8b804fd6a8
     Pseudo is Ultrasoft + core correction, Zval =  3.0
     Generated by new atomic code, or converted to UPF format
     Using radial grid of  781 points,  4 beta functions with: 
                l(1) =   0
                l(2) =   0
                l(3) =   1
                l(4) =   1
     Q(r) pseudized with  8 coefficients,  rinner =    1.100   1.100   1.100


     PseudoPot. # 2 for Ba read from file:
     /home/mehlhorn/pseudos/Ba.nc.z_10.oncvpsp4.dojo.v4-sp.upf
     MD5 check sum: c10ed334bb677c0554edec7181ce9143
     Pseudo is Norm-conserving + core correction, Zval = 10.0
     Generated using ONCVPSP code by D. R. Hamann
     Using radial grid of 1938 points,  8 beta functions with: 
                l(1) =   0
                l(2) =   0
                l(3) =   1
                l(4) =   1
                l(5) =   2
                l(6) =   2
                l(7) =   3
                l(8) =   3

     PseudoPot. # 3 for H  read from file:
     /home/mehlhorn/pseudos/H_ONCV_PBEsol-1.0.upf
     MD5 check sum: 398ef8f67c0a7342c05c87c5e19ea467
     Pseudo is Norm-conserving, Zval =  1.0
     Generated using ONCVPSP code by D. R. Hamann
     Using radial grid of 1180 points,  2 beta functions with: 
                l(1) =   0
                l(2) =   0


     Atomic displacements:
     There are   33 irreducible representations

     Representation     1      2 modes -  To be done

     Representation     2      2 modes -  To be done

     Representation     3      2 modes -  To be done

     Representation     4      2 modes -  To be done

     Representation     5      2 modes -  To be done

     Representation     6      2 modes -  To be done

     Representation     7      2 modes -  To be done

     Representation     8      2 modes -  To be done

     Representation     9      2 modes -  To be done

     Representation    10      2 modes -  To be done

     Representation    11      2 modes -  To be done

     Representation    12      2 modes -  To be done

     Representation    13      2 modes -  To be done

     Representation    14      2 modes -  To be done

     Representation    15      2 modes -  To be done

     Representation    16      2 modes -  To be done

     Representation    17      2 modes -  To be done

     Representation    18      2 modes -  To be done

     Representation    19      2 modes -  To be done

     Representation    20      2 modes -  To be done

     Representation    21      2 modes -  To be done

     Representation    22      2 modes -  To be done

     Representation    23      2 modes -  To be done

     Representation    24      2 modes -  To be done

     Representation    25      2 modes -  To be done

     Representation    26      2 modes -  To be done

     Representation    27      2 modes -  To be done

     Representation    28      2 modes -  To be done

     Representation    29      2 modes -  To be done

     Representation    30      2 modes -  To be done

     Representation    31      2 modes -  To be done

     Representation    32      2 modes -  To be done

     Representation    33      2 modes -  To be done



     Alpha used in Ewald sum =   2.8000
     PHONON       :   2d14h 5m CPU   2d14h42m WALL



     Representation #   1 modes #   1   2

     Self-consistent Calculation

      iter #   1 total cpu time :225843.4 secs   av.it.:   3.0
      thresh= 1.000E-02 alpha_mix =  0.700 |ddv_scf|^2 =  3.181E-10

      iter #   2 total cpu time :226051.3 secs   av.it.:  16.9
      thresh= 1.783E-06 alpha_mix =  0.700 |ddv_scf|^2 =  7.453E-11

      iter #   3 total cpu time :226253.6 secs   av.it.:  16.5
      thresh= 8.633E-07 alpha_mix =  0.700 |ddv_scf|^2 =  2.318E-12

      iter #   4 total cpu time :226450.2 secs   av.it.:  15.9
      thresh= 1.523E-07 alpha_mix =  0.700 |ddv_scf|^2 =  1.987E-13

      iter #   5 total cpu time :226650.4 secs   av.it.:  16.0
      thresh= 4.458E-08 alpha_mix =  0.700 |ddv_scf|^2 =  3.608E-15

     End of self-consistent calculation

     Convergence has been achieved 


     Representation #   2 modes #   3   4

     Self-consistent Calculation

      iter #   1 total cpu time :226753.0 secs   av.it.:   4.8
      thresh= 1.000E-02 alpha_mix =  0.700 |ddv_scf|^2 =  5.798E-09

      iter #   2 total cpu time :226956.5 secs   av.it.:  16.6
      thresh= 7.615E-06 alpha_mix =  0.700 |ddv_scf|^2 =  3.605E-09

      iter #   3 total cpu time :227147.1 secs   av.it.:  15.1
      thresh= 6.004E-06 alpha_mix =  0.700 |ddv_scf|^2 =  1.394E-11

      iter #   4 total cpu time :227351.0 secs   av.it.:  16.7
      thresh= 3.733E-07 alpha_mix =  0.700 |ddv_scf|^2 =  1.048E-12

      iter #   5 total cpu time :227553.4 secs   av.it.:  16.7
      thresh= 1.024E-07 alpha_mix =  0.700 |ddv_scf|^2 =  8.077E-14

      iter #   6 total cpu time :227756.9 secs   av.it.:  16.9
      thresh= 2.842E-08 alpha_mix =  0.700 |ddv_scf|^2 =  2.127E-15

     End of self-consistent calculation

     Convergence has been achieved 


     Representation #   3 modes #   5   6

     Self-consistent Calculation

      iter #   1 total cpu time :227844.5 secs   av.it.:   3.0
      thresh= 1.000E-02 alpha_mix =  0.700 |ddv_scf|^2 =  9.877E-10

      iter #   2 total cpu time :228047.5 secs   av.it.:  16.6
      thresh= 3.143E-06 alpha_mix =  0.700 |ddv_scf|^2 =  5.175E-10

      iter #   3 total cpu time :228243.3 secs   av.it.:  15.9
      thresh= 2.275E-06 alpha_mix =  0.700 |ddv_scf|^2 =  2.565E-12

      iter #   4 total cpu time :228442.8 secs   av.it.:  16.1
      thresh= 1.602E-07 alpha_mix =  0.700 |ddv_scf|^2 =  3.639E-13

      iter #   5 total cpu time :228644.9 secs   av.it.:  16.1
      thresh= 6.032E-08 alpha_mix =  0.700 |ddv_scf|^2 =  1.403E-14

      iter #   6 total cpu time :228848.3 secs   av.it.:  16.1
      thresh= 1.185E-08 alpha_mix =  0.700 |ddv_scf|^2 =  7.462E-16

     End of self-consistent calculation

     Convergence has been achieved 


     Representation #   4 modes #   7   8

     Self-consistent Calculation

      iter #   1 total cpu time :228936.6 secs   av.it.:   3.0
      thresh= 1.000E-02 alpha_mix =  0.700 |ddv_scf|^2 =  8.218E-10

      iter #   2 total cpu time :229143.2 secs   av.it.:  16.6
      thresh= 2.867E-06 alpha_mix =  0.700 |ddv_scf|^2 =  9.021E-10

      iter #   3 total cpu time :229336.2 secs   av.it.:  15.0
      thresh= 3.003E-06 alpha_mix =  0.700 |ddv_scf|^2 =  8.986E-12

      iter #   4 total cpu time :229541.4 secs   av.it.:  16.0
      thresh= 2.998E-07 alpha_mix =  0.700 |ddv_scf|^2 =  3.501E-13

      iter #   5 total cpu time :229752.2 secs   av.it.:  16.9
      thresh= 5.917E-08 alpha_mix =  0.700 |ddv_scf|^2 =  2.534E-14

      iter #   6 total cpu time :229959.8 secs   av.it.:  16.5
      thresh= 1.592E-08 alpha_mix =  0.700 |ddv_scf|^2 =  8.026E-16

     End of self-consistent calculation

     Convergence has been achieved 


     Representation #   5 modes #   9  10

     Self-consistent Calculation

      iter #   1 total cpu time :230063.5 secs   av.it.:   4.4
      thresh= 1.000E-02 alpha_mix =  0.700 |ddv_scf|^2 =  3.241E-09

      iter #   2 total cpu time :230273.2 secs   av.it.:  16.8
      thresh= 5.693E-06 alpha_mix =  0.700 |ddv_scf|^2 =  2.524E-09

      iter #   3 total cpu time :230464.2 secs   av.it.:  15.1
      thresh= 5.024E-06 alpha_mix =  0.700 |ddv_scf|^2 =  9.454E-11

      iter #   4 total cpu time :230660.7 secs   av.it.:  15.9
      thresh= 9.723E-07 alpha_mix =  0.700 |ddv_scf|^2 =  1.008E-12

      iter #   5 total cpu time :230866.5 secs   av.it.:  16.9
      thresh= 1.004E-07 alpha_mix =  0.700 |ddv_scf|^2 =  1.812E-13

      iter #   6 total cpu time :231061.3 secs   av.it.:  16.8
      thresh= 4.257E-08 alpha_mix =  0.700 |ddv_scf|^2 =  1.533E-15

     End of self-consistent calculation

     Convergence has been achieved 


     Representation #   6 modes #  11  12

     Self-consistent Calculation

      iter #   1 total cpu time :231148.6 secs   av.it.:   3.0
      thresh= 1.000E-02 alpha_mix =  0.700 |ddv_scf|^2 =  9.598E-10

      iter #   2 total cpu time :231340.0 secs   av.it.:  16.0
      thresh= 3.098E-06 alpha_mix =  0.700 |ddv_scf|^2 =  8.616E-10

      iter #   3 total cpu time :231520.2 secs   av.it.:  15.0
      thresh= 2.935E-06 alpha_mix =  0.700 |ddv_scf|^2 =  1.562E-11

      iter #   4 total cpu time :231719.1 secs   av.it.:  15.9
      thresh= 3.953E-07 alpha_mix =  0.700 |ddv_scf|^2 =  3.877E-13

      iter #   5 total cpu time :231926.1 secs   av.it.:  16.9
      thresh= 6.227E-08 alpha_mix =  0.700 |ddv_scf|^2 =  1.732E-14

      iter #   6 total cpu time :232132.5 secs   av.it.:  16.9
      thresh= 1.316E-08 alpha_mix =  0.700 |ddv_scf|^2 =  1.009E-15

     End of self-consistent calculation

     Convergence has been achieved 


     Representation #   7 modes #  13  14

     Self-consistent Calculation

      iter #   1 total cpu time :232220.4 secs   av.it.:   3.0
      thresh= 1.000E-02 alpha_mix =  0.700 |ddv_scf|^2 =  1.271E-09

      iter #   2 total cpu time :232420.6 secs   av.it.:  16.2
      thresh= 3.565E-06 alpha_mix =  0.700 |ddv_scf|^2 =  1.652E-09

      iter #   3 total cpu time :232606.1 secs   av.it.:  15.0
      thresh= 4.065E-06 alpha_mix =  0.700 |ddv_scf|^2 =  4.929E-12

      iter #   4 total cpu time :232808.1 secs   av.it.:  16.7
      thresh= 2.220E-07 alpha_mix =  0.700 |ddv_scf|^2 =  2.233E-13

      iter #   5 total cpu time :233005.6 secs   av.it.:  16.9
      thresh= 4.726E-08 alpha_mix =  0.700 |ddv_scf|^2 =  2.373E-14

      iter #   6 total cpu time :233205.8 secs   av.it.:  16.1
      thresh= 1.540E-08 alpha_mix =  0.700 |ddv_scf|^2 =  1.355E-15

     End of self-consistent calculation

     Convergence has been achieved 


     Representation #   8 modes #  15  16

     Self-consistent Calculation

      iter #   1 total cpu time :233296.1 secs   av.it.:   3.2
      thresh= 1.000E-02 alpha_mix =  0.700 |ddv_scf|^2 =  6.766E-10

      iter #   2 total cpu time :233503.9 secs   av.it.:  16.9
      thresh= 2.601E-06 alpha_mix =  0.700 |ddv_scf|^2 =  5.167E-10

      iter #   3 total cpu time :233698.8 secs   av.it.:  15.9
      thresh= 2.273E-06 alpha_mix =  0.700 |ddv_scf|^2 =  1.975E-11

      iter #   4 total cpu time :233884.9 secs   av.it.:  15.9
      thresh= 4.445E-07 alpha_mix =  0.700 |ddv_scf|^2 =  7.344E-13

      iter #   5 total cpu time :234076.5 secs   av.it.:  16.1
      thresh= 8.570E-08 alpha_mix =  0.700 |ddv_scf|^2 =  1.248E-14

      iter #   6 total cpu time :234273.1 secs   av.it.:  16.9
      thresh= 1.117E-08 alpha_mix =  0.700 |ddv_scf|^2 =  1.210E-15

     End of self-consistent calculation

     Convergence has been achieved 


     Representation #   9 modes #  17  18

     Self-consistent Calculation

      iter #   1 total cpu time :234359.6 secs   av.it.:   3.0
      thresh= 1.000E-02 alpha_mix =  0.700 |ddv_scf|^2 =  2.924E-09

      iter #   2 total cpu time :234548.4 secs   av.it.:  15.9
      thresh= 5.407E-06 alpha_mix =  0.700 |ddv_scf|^2 =  2.014E-09

      iter #   3 total cpu time :234727.8 secs   av.it.:  15.0
      thresh= 4.488E-06 alpha_mix =  0.700 |ddv_scf|^2 =  6.178E-13

      iter #   4 total cpu time :234926.1 secs   av.it.:  16.9
      thresh= 7.860E-08 alpha_mix =  0.700 |ddv_scf|^2 =  1.328E-13

      iter #   5 total cpu time :235117.9 secs   av.it.:  16.6
      thresh= 3.644E-08 alpha_mix =  0.700 |ddv_scf|^2 =  1.257E-14

      iter #   6 total cpu time :235315.7 secs   av.it.:  16.1
      thresh= 1.121E-08 alpha_mix =  0.700 |ddv_scf|^2 =  5.894E-16

     End of self-consistent calculation

     Convergence has been achieved 


     Representation #  10 modes #  19  20

     Self-consistent Calculation

      iter #   1 total cpu time :235402.4 secs   av.it.:   3.4
      thresh= 1.000E-02 alpha_mix =  0.700 |ddv_scf|^2 =  1.103E-09

      iter #   2 total cpu time :235604.8 secs   av.it.:  16.7
      thresh= 3.321E-06 alpha_mix =  0.700 |ddv_scf|^2 =  6.076E-10

      iter #   3 total cpu time :235798.0 secs   av.it.:  15.9
      thresh= 2.465E-06 alpha_mix =  0.700 |ddv_scf|^2 =  1.452E-12

      iter #   4 total cpu time :236001.6 secs   av.it.:  16.9
      thresh= 1.205E-07 alpha_mix =  0.700 |ddv_scf|^2 =  3.947E-13

      iter #   5 total cpu time :236200.1 secs   av.it.:  16.0
      thresh= 6.283E-08 alpha_mix =  0.700 |ddv_scf|^2 =  6.648E-15

     End of self-consistent calculation

     Convergence has been achieved 


     Representation #  11 modes #  21  22

     Self-consistent Calculation

      iter #   1 total cpu time :236319.4 secs   av.it.:   6.6
      thresh= 1.000E-02 alpha_mix =  0.700 |ddv_scf|^2 =  1.081E-08

      iter #   2 total cpu time :236512.5 secs   av.it.:  16.3
      thresh= 1.040E-05 alpha_mix =  0.700 |ddv_scf|^2 =  2.147E-09

      iter #   3 total cpu time :236708.1 secs   av.it.:  16.2
      thresh= 4.634E-06 alpha_mix =  0.700 |ddv_scf|^2 =  7.478E-12

      iter #   4 total cpu time :236909.2 secs   av.it.:  16.3
      thresh= 2.735E-07 alpha_mix =  0.700 |ddv_scf|^2 =  1.072E-13

      iter #   5 total cpu time :237114.3 secs   av.it.:  16.5
      thresh= 3.275E-08 alpha_mix =  0.700 |ddv_scf|^2 =  2.084E-15

     End of self-consistent calculation

     Convergence has been achieved 


     Representation #  12 modes #  23  24

     Self-consistent Calculation

      iter #   1 total cpu time :237205.6 secs   av.it.:   3.3
      thresh= 1.000E-02 alpha_mix =  0.700 |ddv_scf|^2 =  9.251E-10

      iter #   2 total cpu time :237415.2 secs   av.it.:  16.9
      thresh= 3.042E-06 alpha_mix =  0.700 |ddv_scf|^2 =  1.059E-09

      iter #   3 total cpu time :237606.8 secs   av.it.:  15.1
      thresh= 3.255E-06 alpha_mix =  0.700 |ddv_scf|^2 =  1.233E-11

      iter #   4 total cpu time :237812.0 secs   av.it.:  16.5
      thresh= 3.512E-07 alpha_mix =  0.700 |ddv_scf|^2 =  7.272E-13

      iter #   5 total cpu time :238011.2 secs   av.it.:  16.5
      thresh= 8.528E-08 alpha_mix =  0.700 |ddv_scf|^2 =  1.523E-14

      iter #   6 total cpu time :238212.3 secs   av.it.:  16.9
      thresh= 1.234E-08 alpha_mix =  0.700 |ddv_scf|^2 =  1.318E-15

     End of self-consistent calculation

     Convergence has been achieved 


     Representation #  13 modes #  25  26

     Self-consistent Calculation

      iter #   1 total cpu time :238316.1 secs   av.it.:   4.9
      thresh= 1.000E-02 alpha_mix =  0.700 |ddv_scf|^2 =  2.034E-08

      iter #   2 total cpu time :238518.5 secs   av.it.:  16.0
      thresh= 1.426E-05 alpha_mix =  0.700 |ddv_scf|^2 =  2.899E-08

      iter #   3 total cpu time :238708.5 secs   av.it.:  15.0
      thresh= 1.703E-05 alpha_mix =  0.700 |ddv_scf|^2 =  3.343E-11

      iter #   4 total cpu time :238918.7 secs   av.it.:  16.9
      thresh= 5.782E-07 alpha_mix =  0.700 |ddv_scf|^2 =  3.495E-12

      iter #   5 total cpu time :239124.9 secs   av.it.:  16.2
      thresh= 1.869E-07 alpha_mix =  0.700 |ddv_scf|^2 =  2.210E-13

      iter #   6 total cpu time :239322.5 secs   av.it.:  16.9
      thresh= 4.701E-08 alpha_mix =  0.700 |ddv_scf|^2 =  1.606E-14

      iter #   7 total cpu time :239507.1 secs   av.it.:  15.9
      thresh= 1.267E-08 alpha_mix =  0.700 |ddv_scf|^2 =  2.755E-16

     End of self-consistent calculation

     Convergence has been achieved 


     Representation #  14 modes #  27  28

     Self-consistent Calculation

      iter #   1 total cpu time :239594.5 secs   av.it.:   3.1
      thresh= 1.000E-02 alpha_mix =  0.700 |ddv_scf|^2 =  6.053E-10

      iter #   2 total cpu time :239793.5 secs   av.it.:  16.9
      thresh= 2.460E-06 alpha_mix =  0.700 |ddv_scf|^2 =  5.076E-10

      iter #   3 total cpu time :239975.7 secs   av.it.:  15.4
      thresh= 2.253E-06 alpha_mix =  0.700 |ddv_scf|^2 =  1.499E-11

      iter #   4 total cpu time :240161.9 secs   av.it.:  15.9
      thresh= 3.872E-07 alpha_mix =  0.700 |ddv_scf|^2 =  3.945E-13

      iter #   5 total cpu time :240361.0 secs   av.it.:  16.9
      thresh= 6.281E-08 alpha_mix =  0.700 |ddv_scf|^2 =  1.892E-14

      iter #   6 total cpu time :240568.2 secs   av.it.:  16.9
      thresh= 1.376E-08 alpha_mix =  0.700 |ddv_scf|^2 =  8.451E-16

     End of self-consistent calculation

     Convergence has been achieved 


     Representation #  15 modes #  29  30

     Self-consistent Calculation

      iter #   1 total cpu time :240657.3 secs   av.it.:   3.1
      thresh= 1.000E-02 alpha_mix =  0.700 |ddv_scf|^2 =  2.167E-09

      iter #   2 total cpu time :240853.5 secs   av.it.:  15.9
      thresh= 4.655E-06 alpha_mix =  0.700 |ddv_scf|^2 =  1.513E-09

      iter #   3 total cpu time :241040.1 secs   av.it.:  15.0
      thresh= 3.890E-06 alpha_mix =  0.700 |ddv_scf|^2 =  6.359E-13

      iter #   4 total cpu time :241249.5 secs   av.it.:  16.9
      thresh= 7.974E-08 alpha_mix =  0.700 |ddv_scf|^2 =  1.444E-13

      iter #   5 total cpu time :241453.7 secs   av.it.:  16.9
      thresh= 3.800E-08 alpha_mix =  0.700 |ddv_scf|^2 =  9.462E-15

     End of self-consistent calculation

     Convergence has been achieved 


     Representation #  16 modes #  31  32

     Self-consistent Calculation

      iter #   1 total cpu time :241575.0 secs   av.it.:   6.7
      thresh= 1.000E-02 alpha_mix =  0.700 |ddv_scf|^2 =  8.283E-08

      iter #   2 total cpu time :241774.9 secs   av.it.:  15.9
      thresh= 2.878E-05 alpha_mix =  0.700 |ddv_scf|^2 =  1.181E-07

      iter #   3 total cpu time :241962.0 secs   av.it.:  14.9
      thresh= 3.436E-05 alpha_mix =  0.700 |ddv_scf|^2 =  2.508E-10

      iter #   4 total cpu time :242165.6 secs   av.it.:  16.5
      thresh= 1.584E-06 alpha_mix =  0.700 |ddv_scf|^2 =  5.904E-12

      iter #   5 total cpu time :242370.5 secs   av.it.:  16.7
      thresh= 2.430E-07 alpha_mix =  0.700 |ddv_scf|^2 =  4.860E-13

      iter #   6 total cpu time :242569.4 secs   av.it.:  16.6
      thresh= 6.971E-08 alpha_mix =  0.700 |ddv_scf|^2 =  1.731E-14

      iter #   7 total cpu time :242773.7 secs   av.it.:  16.7
      thresh= 1.316E-08 alpha_mix =  0.700 |ddv_scf|^2 =  1.910E-15

     End of self-consistent calculation

     Convergence has been achieved 


     Representation #  17 modes #  33  34

     Self-consistent Calculation

      iter #   1 total cpu time :242860.1 secs   av.it.:   3.0
      thresh= 1.000E-02 alpha_mix =  0.700 |ddv_scf|^2 =  1.626E-09

      iter #   2 total cpu time :243047.6 secs   av.it.:  16.0
      thresh= 4.032E-06 alpha_mix =  0.700 |ddv_scf|^2 =  9.646E-10

      iter #   3 total cpu time :243225.7 secs   av.it.:  15.0
      thresh= 3.106E-06 alpha_mix =  0.700 |ddv_scf|^2 =  1.589E-12

      iter #   4 total cpu time :243416.2 secs   av.it.:  16.0
      thresh= 1.260E-07 alpha_mix =  0.700 |ddv_scf|^2 =  1.543E-13

      iter #   5 total cpu time :243605.5 secs   av.it.:  16.0
      thresh= 3.928E-08 alpha_mix =  0.700 |ddv_scf|^2 =  1.850E-14

      iter #   6 total cpu time :243803.6 secs   av.it.:  16.0
      thresh= 1.360E-08 alpha_mix =  0.700 |ddv_scf|^2 =  7.814E-16

     End of self-consistent calculation

     Convergence has been achieved 


     Representation #  18 modes #  35  36

     Self-consistent Calculation

      iter #   1 total cpu time :243889.2 secs   av.it.:   3.0
      thresh= 1.000E-02 alpha_mix =  0.700 |ddv_scf|^2 =  4.725E-10

      iter #   2 total cpu time :244089.3 secs   av.it.:  16.0
      thresh= 2.174E-06 alpha_mix =  0.700 |ddv_scf|^2 =  2.377E-10

      iter #   3 total cpu time :244273.0 secs   av.it.:  15.2
      thresh= 1.542E-06 alpha_mix =  0.700 |ddv_scf|^2 =  1.840E-12

      iter #   4 total cpu time :244463.4 secs   av.it.:  16.0
      thresh= 1.356E-07 alpha_mix =  0.700 |ddv_scf|^2 =  8.485E-14

      iter #   5 total cpu time :244658.9 secs   av.it.:  16.8
      thresh= 2.913E-08 alpha_mix =  0.700 |ddv_scf|^2 =  7.331E-15

     End of self-consistent calculation

     Convergence has been achieved 


     Representation #  19 modes #  37  38

     Self-consistent Calculation

      iter #   1 total cpu time :244744.7 secs   av.it.:   3.0
      thresh= 1.000E-02 alpha_mix =  0.700 |ddv_scf|^2 =  1.043E-09

      iter #   2 total cpu time :244945.1 secs   av.it.:  16.5
      thresh= 3.229E-06 alpha_mix =  0.700 |ddv_scf|^2 =  9.330E-10

      iter #   3 total cpu time :245127.9 secs   av.it.:  15.1
      thresh= 3.054E-06 alpha_mix =  0.700 |ddv_scf|^2 =  1.963E-11

      iter #   4 total cpu time :245324.9 secs   av.it.:  15.9
      thresh= 4.431E-07 alpha_mix =  0.700 |ddv_scf|^2 =  6.293E-13

      iter #   5 total cpu time :245522.1 secs   av.it.:  16.8
      thresh= 7.933E-08 alpha_mix =  0.700 |ddv_scf|^2 =  2.433E-14

      iter #   6 total cpu time :245725.5 secs   av.it.:  16.0
      thresh= 1.560E-08 alpha_mix =  0.700 |ddv_scf|^2 =  1.271E-15

     End of self-consistent calculation

     Convergence has been achieved 


     Representation #  20 modes #  39  40

     Self-consistent Calculation

      iter #   1 total cpu time :245813.5 secs   av.it.:   3.0
      thresh= 1.000E-02 alpha_mix =  0.700 |ddv_scf|^2 =  1.257E-09

      iter #   2 total cpu time :246014.8 secs   av.it.:  16.0
      thresh= 3.545E-06 alpha_mix =  0.700 |ddv_scf|^2 =  8.058E-10

      iter #   3 total cpu time :246203.4 secs   av.it.:  15.0
      thresh= 2.839E-06 alpha_mix =  0.700 |ddv_scf|^2 =  1.071E-12

      iter #   4 total cpu time :246408.0 secs   av.it.:  16.9
      thresh= 1.035E-07 alpha_mix =  0.700 |ddv_scf|^2 =  1.647E-13

      iter #   5 total cpu time :246602.9 secs   av.it.:  16.9
      thresh= 4.058E-08 alpha_mix =  0.700 |ddv_scf|^2 =  7.370E-15

     End of self-consistent calculation

     Convergence has been achieved 


     Representation #  21 modes #  41  42

     Self-consistent Calculation

      iter #   1 total cpu time :246688.4 secs   av.it.:   3.0
      thresh= 1.000E-02 alpha_mix =  0.700 |ddv_scf|^2 =  2.266E-09

      iter #   2 total cpu time :246876.4 secs   av.it.:  16.0
      thresh= 4.761E-06 alpha_mix =  0.700 |ddv_scf|^2 =  2.882E-09

      iter #   3 total cpu time :247053.1 secs   av.it.:  15.0
      thresh= 5.368E-06 alpha_mix =  0.700 |ddv_scf|^2 =  6.740E-12

      iter #   4 total cpu time :247240.8 secs   av.it.:  16.0
      thresh= 2.596E-07 alpha_mix =  0.700 |ddv_scf|^2 =  2.074E-13

      iter #   5 total cpu time :247436.8 secs   av.it.:  16.7
      thresh= 4.554E-08 alpha_mix =  0.700 |ddv_scf|^2 =  2.392E-14

      iter #   6 total cpu time :247627.9 secs   av.it.:  16.0
      thresh= 1.546E-08 alpha_mix =  0.700 |ddv_scf|^2 =  7.628E-16

     End of self-consistent calculation

     Convergence has been achieved 


     Representation #  22 modes #  43  44

     Self-consistent Calculation

      iter #   1 total cpu time :247726.1 secs   av.it.:   4.8
      thresh= 1.000E-02 alpha_mix =  0.700 |ddv_scf|^2 =  5.785E-09

      iter #   2 total cpu time :247919.7 secs   av.it.:  16.4
      thresh= 7.606E-06 alpha_mix =  0.700 |ddv_scf|^2 =  3.635E-09

      iter #   3 total cpu time :248105.8 secs   av.it.:  15.0
      thresh= 6.029E-06 alpha_mix =  0.700 |ddv_scf|^2 =  1.339E-11

      iter #   4 total cpu time :248312.7 secs   av.it.:  16.9
      thresh= 3.659E-07 alpha_mix =  0.700 |ddv_scf|^2 =  7.875E-13

      iter #   5 total cpu time :248520.2 secs   av.it.:  16.9
      thresh= 8.874E-08 alpha_mix =  0.700 |ddv_scf|^2 =  1.041E-13

      iter #   6 total cpu time :248726.7 secs   av.it.:  16.9
      thresh= 3.226E-08 alpha_mix =  0.700 |ddv_scf|^2 =  2.493E-15

     End of self-consistent calculation

     Convergence has been achieved 


     Representation #  23 modes #  45  46

     Self-consistent Calculation

      iter #   1 total cpu time :248813.4 secs   av.it.:   3.0
      thresh= 1.000E-02 alpha_mix =  0.700 |ddv_scf|^2 =  8.758E-10

      iter #   2 total cpu time :249016.5 secs   av.it.:  16.3
      thresh= 2.959E-06 alpha_mix =  0.700 |ddv_scf|^2 =  4.872E-10

      iter #   3 total cpu time :249210.7 secs   av.it.:  15.7
      thresh= 2.207E-06 alpha_mix =  0.700 |ddv_scf|^2 =  1.827E-12

      iter #   4 total cpu time :249415.0 secs   av.it.:  16.6
      thresh= 1.352E-07 alpha_mix =  0.700 |ddv_scf|^2 =  2.908E-13

      iter #   5 total cpu time :249607.7 secs   av.it.:  16.7
      thresh= 5.393E-08 alpha_mix =  0.700 |ddv_scf|^2 =  1.576E-14

      iter #   6 total cpu time :249796.9 secs   av.it.:  16.0
      thresh= 1.255E-08 alpha_mix =  0.700 |ddv_scf|^2 =  8.317E-16

     End of self-consistent calculation

     Convergence has been achieved 


     Representation #  24 modes #  47  48

     Self-consistent Calculation

      iter #   1 total cpu time :249899.4 secs   av.it.:   4.9
      thresh= 1.000E-02 alpha_mix =  0.700 |ddv_scf|^2 =  8.588E-09

      iter #   2 total cpu time :250105.2 secs   av.it.:  16.1
      thresh= 9.267E-06 alpha_mix =  0.700 |ddv_scf|^2 =  1.023E-08

      iter #   3 total cpu time :250296.6 secs   av.it.:  15.0
      thresh= 1.011E-05 alpha_mix =  0.700 |ddv_scf|^2 =  5.689E-11

      iter #   4 total cpu time :250494.5 secs   av.it.:  16.1
      thresh= 7.543E-07 alpha_mix =  0.700 |ddv_scf|^2 =  2.471E-12

      iter #   5 total cpu time :250691.8 secs   av.it.:  16.6
      thresh= 1.572E-07 alpha_mix =  0.700 |ddv_scf|^2 =  1.846E-13

      iter #   6 total cpu time :250890.9 secs   av.it.:  16.9
      thresh= 4.296E-08 alpha_mix =  0.700 |ddv_scf|^2 =  1.137E-14

      iter #   7 total cpu time :251093.2 secs   av.it.:  16.7
      thresh= 1.066E-08 alpha_mix =  0.700 |ddv_scf|^2 =  5.715E-16

     End of self-consistent calculation

     Convergence has been achieved 


     Representation #  25 modes #  49  50

     Self-consistent Calculation

      iter #   1 total cpu time :251183.4 secs   av.it.:   3.6
      thresh= 1.000E-02 alpha_mix =  0.700 |ddv_scf|^2 =  7.611E-10

      iter #   2 total cpu time :251388.9 secs   av.it.:  16.9
      thresh= 2.759E-06 alpha_mix =  0.700 |ddv_scf|^2 =  2.752E-10

      iter #   3 total cpu time :251586.7 secs   av.it.:  16.0
      thresh= 1.659E-06 alpha_mix =  0.700 |ddv_scf|^2 =  1.407E-12

      iter #   4 total cpu time :251786.3 secs   av.it.:  16.2
      thresh= 1.186E-07 alpha_mix =  0.700 |ddv_scf|^2 =  1.827E-13

      iter #   5 total cpu time :251980.1 secs   av.it.:  15.9
      thresh= 4.274E-08 alpha_mix =  0.700 |ddv_scf|^2 =  8.777E-15

     End of self-consistent calculation

     Convergence has been achieved 


     Representation #  26 modes #  51  52

     Self-consistent Calculation

      iter #   1 total cpu time :252104.9 secs   av.it.:   6.9
      thresh= 1.000E-02 alpha_mix =  0.700 |ddv_scf|^2 =  1.764E-07

      iter #   2 total cpu time :252299.7 secs   av.it.:  15.9
      thresh= 4.200E-05 alpha_mix =  0.700 |ddv_scf|^2 =  2.538E-07

      iter #   3 total cpu time :252484.5 secs   av.it.:  14.9
      thresh= 5.038E-05 alpha_mix =  0.700 |ddv_scf|^2 =  1.713E-10

      iter #   4 total cpu time :252688.3 secs   av.it.:  16.7
      thresh= 1.309E-06 alpha_mix =  0.700 |ddv_scf|^2 =  6.642E-12

      iter #   5 total cpu time :252891.4 secs   av.it.:  16.6
      thresh= 2.577E-07 alpha_mix =  0.700 |ddv_scf|^2 =  3.717E-13

      iter #   6 total cpu time :253094.9 secs   av.it.:  16.7
      thresh= 6.096E-08 alpha_mix =  0.700 |ddv_scf|^2 =  4.531E-14

      iter #   7 total cpu time :253292.3 secs   av.it.:  15.9
      thresh= 2.129E-08 alpha_mix =  0.700 |ddv_scf|^2 =  5.628E-15

     End of self-consistent calculation

     Convergence has been achieved 


     Representation #  27 modes #  53  54

     Self-consistent Calculation

      iter #   1 total cpu time :253384.9 secs   av.it.:   4.0
      thresh= 1.000E-02 alpha_mix =  0.700 |ddv_scf|^2 =  1.828E-09

      iter #   2 total cpu time :253588.5 secs   av.it.:  16.6
      thresh= 4.276E-06 alpha_mix =  0.700 |ddv_scf|^2 =  2.275E-09

      iter #   3 total cpu time :253778.0 secs   av.it.:  15.0
      thresh= 4.769E-06 alpha_mix =  0.700 |ddv_scf|^2 =  1.461E-11

      iter #   4 total cpu time :253979.9 secs   av.it.:  16.0
      thresh= 3.822E-07 alpha_mix =  0.700 |ddv_scf|^2 =  4.650E-13

      iter #   5 total cpu time :254186.8 secs   av.it.:  16.8
      thresh= 6.819E-08 alpha_mix =  0.700 |ddv_scf|^2 =  2.108E-14

      iter #   6 total cpu time :254389.3 secs   av.it.:  16.0
      thresh= 1.452E-08 alpha_mix =  0.700 |ddv_scf|^2 =  7.388E-16

     End of self-consistent calculation

     Convergence has been achieved 


     Representation #  28 modes #  55  56

     Self-consistent Calculation

      iter #   1 total cpu time :254494.0 secs   av.it.:   5.0
      thresh= 1.000E-02 alpha_mix =  0.700 |ddv_scf|^2 =  1.637E-08

      iter #   2 total cpu time :254695.0 secs   av.it.:  15.9
      thresh= 1.279E-05 alpha_mix =  0.700 |ddv_scf|^2 =  1.270E-08

      iter #   3 total cpu time :254884.2 secs   av.it.:  14.9
      thresh= 1.127E-05 alpha_mix =  0.700 |ddv_scf|^2 =  1.593E-11

      iter #   4 total cpu time :255118.6 secs   av.it.:  16.1
      thresh= 3.992E-07 alpha_mix =  0.700 |ddv_scf|^2 =  9.636E-13

      iter #   5 total cpu time :255327.3 secs   av.it.:  16.8
      thresh= 9.816E-08 alpha_mix =  0.700 |ddv_scf|^2 =  1.300E-13

      iter #   6 total cpu time :255535.1 secs   av.it.:  16.7
      thresh= 3.606E-08 alpha_mix =  0.700 |ddv_scf|^2 =  5.619E-15

     End of self-consistent calculation

     Convergence has been achieved 


     Representation #  29 modes #  57  58

     Self-consistent Calculation

      iter #   1 total cpu time :255624.4 secs   av.it.:   3.0
      thresh= 1.000E-02 alpha_mix =  0.700 |ddv_scf|^2 =  1.853E-09

      iter #   2 total cpu time :255828.6 secs   av.it.:  16.0
      thresh= 4.304E-06 alpha_mix =  0.700 |ddv_scf|^2 =  2.496E-09

      iter #   3 total cpu time :256019.9 secs   av.it.:  15.0
      thresh= 4.996E-06 alpha_mix =  0.700 |ddv_scf|^2 =  4.215E-12

      iter #   4 total cpu time :256228.3 secs   av.it.:  16.9
      thresh= 2.053E-07 alpha_mix =  0.700 |ddv_scf|^2 =  5.576E-13

      iter #   5 total cpu time :256432.6 secs   av.it.:  16.8
      thresh= 7.467E-08 alpha_mix =  0.700 |ddv_scf|^2 =  1.676E-14

      iter #   6 total cpu time :256638.4 secs   av.it.:  16.9
      thresh= 1.295E-08 alpha_mix =  0.700 |ddv_scf|^2 =  6.402E-16

     End of self-consistent calculation

     Convergence has been achieved 


     Representation #  30 modes #  59  60

     Self-consistent Calculation

      iter #   1 total cpu time :256726.8 secs   av.it.:   3.0
      thresh= 1.000E-02 alpha_mix =  0.700 |ddv_scf|^2 =  9.140E-10

      iter #   2 total cpu time :256921.3 secs   av.it.:  16.1
      thresh= 3.023E-06 alpha_mix =  0.700 |ddv_scf|^2 =  6.076E-10

      iter #   3 total cpu time :257102.9 secs   av.it.:  15.2
      thresh= 2.465E-06 alpha_mix =  0.700 |ddv_scf|^2 =  9.693E-13

      iter #   4 total cpu time :257301.2 secs   av.it.:  16.9
      thresh= 9.845E-08 alpha_mix =  0.700 |ddv_scf|^2 =  1.356E-13

      iter #   5 total cpu time :257500.8 secs   av.it.:  16.9
      thresh= 3.683E-08 alpha_mix =  0.700 |ddv_scf|^2 =  5.159E-15

     End of self-consistent calculation

     Convergence has been achieved 


     Representation #  31 modes #  61  62

     Self-consistent Calculation

      iter #   1 total cpu time :257591.8 secs   av.it.:   3.8
      thresh= 1.000E-02 alpha_mix =  0.700 |ddv_scf|^2 =  2.288E-09

      iter #   2 total cpu time :257796.7 secs   av.it.:  16.3
      thresh= 4.784E-06 alpha_mix =  0.700 |ddv_scf|^2 =  2.950E-09

      iter #   3 total cpu time :257985.8 secs   av.it.:  15.0
      thresh= 5.431E-06 alpha_mix =  0.700 |ddv_scf|^2 =  1.114E-11

      iter #   4 total cpu time :258181.4 secs   av.it.:  16.4
      thresh= 3.337E-07 alpha_mix =  0.700 |ddv_scf|^2 =  5.421E-13

      iter #   5 total cpu time :258389.3 secs   av.it.:  16.9
      thresh= 7.363E-08 alpha_mix =  0.700 |ddv_scf|^2 =  2.370E-14

      iter #   6 total cpu time :258592.2 secs   av.it.:  16.1
      thresh= 1.539E-08 alpha_mix =  0.700 |ddv_scf|^2 =  2.861E-15

     End of self-consistent calculation

     Convergence has been achieved 


     Representation #  32 modes #  63  64

     Self-consistent Calculation

      iter #   1 total cpu time :258682.0 secs   av.it.:   3.2
      thresh= 1.000E-02 alpha_mix =  0.700 |ddv_scf|^2 =  1.259E-09

      iter #   2 total cpu time :258887.6 secs   av.it.:  16.7
      thresh= 3.549E-06 alpha_mix =  0.700 |ddv_scf|^2 =  1.630E-09

      iter #   3 total cpu time :259078.1 secs   av.it.:  15.0
      thresh= 4.037E-06 alpha_mix =  0.700 |ddv_scf|^2 =  7.599E-12

      iter #   4 total cpu time :259285.7 secs   av.it.:  16.9
      thresh= 2.757E-07 alpha_mix =  0.700 |ddv_scf|^2 =  7.507E-13

      iter #   5 total cpu time :259489.4 secs   av.it.:  16.1
      thresh= 8.664E-08 alpha_mix =  0.700 |ddv_scf|^2 =  1.060E-14

      iter #   6 total cpu time :259697.6 secs   av.it.:  16.9
      thresh= 1.030E-08 alpha_mix =  0.700 |ddv_scf|^2 =  3.713E-16

     End of self-consistent calculation

     Convergence has been achieved 


     Representation #  33 modes #  65  66

     Self-consistent Calculation

      iter #   1 total cpu time :259787.5 secs   av.it.:   3.1
      thresh= 1.000E-02 alpha_mix =  0.700 |ddv_scf|^2 =  6.443E-10

      iter #   2 total cpu time :259993.9 secs   av.it.:  16.9
      thresh= 2.538E-06 alpha_mix =  0.700 |ddv_scf|^2 =  2.801E-10

      iter #   3 total cpu time :260193.2 secs   av.it.:  16.0
      thresh= 1.674E-06 alpha_mix =  0.700 |ddv_scf|^2 =  1.979E-12

      iter #   4 total cpu time :260393.0 secs   av.it.:  16.0
      thresh= 1.407E-07 alpha_mix =  0.700 |ddv_scf|^2 =  5.742E-13

      iter #   5 total cpu time :260589.4 secs   av.it.:  15.9
      thresh= 7.578E-08 alpha_mix =  0.700 |ddv_scf|^2 =  1.020E-14

      iter #   6 total cpu time :260783.8 secs   av.it.:  16.0
      thresh= 1.010E-08 alpha_mix =  0.700 |ddv_scf|^2 =  3.749E-16

     End of self-consistent calculation

     Convergence has been achieved 

     Number of q in the star =    1
     List of q in the star:
          1  -0.500000000  -0.499148707   0.000000000

     Diagonalizing the dynamical matrix

     q = (   -0.500000000  -0.499148707   0.000000000 ) 

 **************************************************************************
     freq (    1) =       0.967326 [THz] =      32.266508 [cm-1]
     freq (    2) =       0.967326 [THz] =      32.266508 [cm-1]
     freq (    3) =       1.240737 [THz] =      41.386527 [cm-1]
     freq (    4) =       1.240737 [THz] =      41.386527 [cm-1]
     freq (    5) =       2.034535 [THz] =      67.864790 [cm-1]
     freq (    6) =       2.034535 [THz] =      67.864790 [cm-1]
     freq (    7) =       4.584834 [THz] =     152.933594 [cm-1]
     freq (    8) =       4.584834 [THz] =     152.933594 [cm-1]
     freq (    9) =       5.369340 [THz] =     179.101891 [cm-1]
     freq (   10) =       5.369340 [THz] =     179.101891 [cm-1]
     freq (   11) =       6.051523 [THz] =     201.857095 [cm-1]
     freq (   12) =       6.051523 [THz] =     201.857095 [cm-1]
     freq (   13) =       6.386507 [THz] =     213.030937 [cm-1]
     freq (   14) =       6.386507 [THz] =     213.030937 [cm-1]
     freq (   15) =       6.477690 [THz] =     216.072496 [cm-1]
     freq (   16) =       6.477690 [THz] =     216.072496 [cm-1]
     freq (   17) =       7.551307 [THz] =     251.884491 [cm-1]
     freq (   18) =       7.551307 [THz] =     251.884491 [cm-1]
     freq (   19) =       7.975148 [THz] =     266.022298 [cm-1]
     freq (   20) =       7.975148 [THz] =     266.022298 [cm-1]
     freq (   21) =       8.592652 [THz] =     286.620028 [cm-1]
     freq (   22) =       8.592652 [THz] =     286.620028 [cm-1]
     freq (   23) =       9.389753 [THz] =     313.208430 [cm-1]
     freq (   24) =       9.389753 [THz] =     313.208430 [cm-1]
     freq (   25) =       9.460404 [THz] =     315.565094 [cm-1]
     freq (   26) =       9.460404 [THz] =     315.565094 [cm-1]
     freq (   27) =      11.962884 [THz] =     399.038841 [cm-1]
     freq (   28) =      11.962884 [THz] =     399.038841 [cm-1]
     freq (   29) =      12.479613 [THz] =     416.275075 [cm-1]
     freq (   30) =      12.479613 [THz] =     416.275075 [cm-1]
     freq (   31) =      30.681717 [THz] =    1023.431924 [cm-1]
     freq (   32) =      30.681717 [THz] =    1023.431924 [cm-1]
     freq (   33) =      30.881154 [THz] =    1030.084434 [cm-1]
     freq (   34) =      30.881154 [THz] =    1030.084434 [cm-1]
     freq (   35) =      31.913193 [THz] =    1064.509524 [cm-1]
     freq (   36) =      31.913193 [THz] =    1064.509524 [cm-1]
     freq (   37) =      32.133499 [THz] =    1071.858154 [cm-1]
     freq (   38) =      32.133499 [THz] =    1071.858154 [cm-1]
     freq (   39) =      32.226925 [THz] =    1074.974516 [cm-1]
     freq (   40) =      32.226925 [THz] =    1074.974516 [cm-1]
     freq (   41) =      32.304657 [THz] =    1077.567377 [cm-1]
     freq (   42) =      32.304657 [THz] =    1077.567377 [cm-1]
     freq (   43) =      35.924870 [THz] =    1198.324660 [cm-1]
     freq (   44) =      35.924870 [THz] =    1198.324660 [cm-1]
     freq (   45) =      35.973060 [THz] =    1199.932112 [cm-1]
     freq (   46) =      35.973060 [THz] =    1199.932112 [cm-1]
     freq (   47) =      36.054387 [THz] =    1202.644890 [cm-1]
     freq (   48) =      36.054387 [THz] =    1202.644890 [cm-1]
     freq (   49) =      36.321070 [THz] =    1211.540475 [cm-1]
     freq (   50) =      36.321070 [THz] =    1211.540475 [cm-1]
     freq (   51) =      68.325208 [THz] =    2279.083626 [cm-1]
     freq (   52) =      68.325208 [THz] =    2279.083626 [cm-1]
     freq (   53) =      68.496812 [THz] =    2284.807711 [cm-1]
     freq (   54) =      68.496812 [THz] =    2284.807711 [cm-1]
     freq (   55) =      70.024333 [THz] =    2335.760342 [cm-1]
     freq (   56) =      70.024333 [THz] =    2335.760342 [cm-1]
     freq (   57) =      70.219056 [THz] =    2342.255600 [cm-1]
     freq (   58) =      70.219056 [THz] =    2342.255600 [cm-1]
     freq (   59) =      70.699362 [THz] =    2358.276888 [cm-1]
     freq (   60) =      70.699362 [THz] =    2358.276888 [cm-1]
     freq (   61) =      70.950511 [THz] =    2366.654285 [cm-1]
     freq (   62) =      70.950511 [THz] =    2366.654285 [cm-1]
     freq (   63) =      71.180434 [THz] =    2374.323710 [cm-1]
     freq (   64) =      71.180434 [THz] =    2374.323710 [cm-1]
     freq (   65) =      71.229336 [THz] =    2375.954886 [cm-1]
     freq (   66) =      71.229336 [THz] =    2375.954886 [cm-1]
 **************************************************************************

     Calculation of q =   -0.5000000  -0.4991487  -0.7576534

     Parallelization info
     --------------------
     sticks:   dense  smooth     PW     G-vecs:    dense   smooth      PW
     Min         465     233     64                24421     8638    1248
     Max         466     234     66                24424     8639    1249
     Sum       11181    5597   1545               586151   207331   29957

     Using Slab Decomposition



     bravais-lattice index     =            8
     lattice parameter (alat)  =      13.2392  a.u.
     unit-cell volume          =    1533.9930 (a.u.)^3
     number of atoms/cell      =           22
     number of atomic types    =            3
     number of electrons       =        48.00
     number of Kohn-Sham states=           24
     kinetic-energy cutoff     =     100.0000  Ry
     charge density cutoff     =     800.0000  Ry
     Exchange-correlation= PBESOL
                           (   1   4  10   8   0   0   0)

     celldm(1)=  13.239187  celldm(2)=   1.001705  celldm(3)=   0.659932
     celldm(4)=   0.000000  celldm(5)=   0.000000  celldm(6)=   0.000000

     crystal axes: (cart. coord. in units of alat)
               a(1) = (   1.000000   0.000000   0.000000 )  
               a(2) = (   0.000000   1.001705   0.000000 )  
               a(3) = (   0.000000   0.000000   0.659932 )  

     reciprocal axes: (cart. coord. in units 2 pi/alat)
               b(1) = (  1.000000  0.000000  0.000000 )  
               b(2) = (  0.000000  0.998297  0.000000 )  
               b(3) = (  0.000000  0.000000  1.515307 )  


     PseudoPot. # 1 for B  read from file:
     /home/mehlhorn/pseudos/b_pbesol_v1.4.uspp.F.UPF
     MD5 check sum: 369b69bef2c3aeed4453bd8b804fd6a8
     Pseudo is Ultrasoft + core correction, Zval =  3.0
     Generated by new atomic code, or converted to UPF format
     Using radial grid of  781 points,  4 beta functions with: 
                l(1) =   0
                l(2) =   0
                l(3) =   1
                l(4) =   1
     Q(r) pseudized with  8 coefficients,  rinner =    1.100   1.100   1.100


     PseudoPot. # 2 for Ba read from file:
     /home/mehlhorn/pseudos/Ba.nc.z_10.oncvpsp4.dojo.v4-sp.upf
     MD5 check sum: c10ed334bb677c0554edec7181ce9143
     Pseudo is Norm-conserving + core correction, Zval = 10.0
     Generated using ONCVPSP code by D. R. Hamann
     Using radial grid of 1938 points,  8 beta functions with: 
                l(1) =   0
                l(2) =   0
                l(3) =   1
                l(4) =   1
                l(5) =   2
                l(6) =   2
                l(7) =   3
                l(8) =   3

     PseudoPot. # 3 for H  read from file:
     /home/mehlhorn/pseudos/H_ONCV_PBEsol-1.0.upf
     MD5 check sum: 398ef8f67c0a7342c05c87c5e19ea467
     Pseudo is Norm-conserving, Zval =  1.0
     Generated using ONCVPSP code by D. R. Hamann
     Using radial grid of 1180 points,  2 beta functions with: 
                l(1) =   0
                l(2) =   0

     atomic species   valence    mass     pseudopotential
     B                 3.00    10.81100     B ( 1.00)
     Ba               10.00   137.32700     Ba( 1.00)
     H                 1.00     1.00794     H ( 1.00)

      4 Sym. Ops. (no inversion) found



   Cartesian axes

     site n.     atom                  positions (alat units)
         1        Ba     tau(   1) = (   0.5000000   0.5008527   0.3299706  )
         2        Ba     tau(   2) = (   0.0000000   0.0000000   0.6599279  )
         3        B      tau(   3) = (   0.6246453   0.2518284   0.0000043  )
         4        B      tau(   4) = (   0.3753547   0.7498771   0.0000043  )
         5        B      tau(   5) = (   0.1246453   0.2490243   0.3299618  )
         6        B      tau(   6) = (   0.8753547   0.7526812   0.3299618  )
         7        H      tau(   7) = (   0.4521950   0.2869609  -0.0000113  )
         8        H      tau(   8) = (   0.5478050   0.7147446  -0.0000113  )
         9        H      tau(   9) = (   0.9521950   0.2138918   0.3299775  )
        10        H      tau(  10) = (   0.0478050   0.7878137   0.3299775  )
        11        H      tau(  11) = (   0.7167338   0.4026431   0.0000043  )
        12        H      tau(  12) = (   0.2832662   0.5990624   0.0000043  )
        13        H      tau(  13) = (   0.2167338   0.0982097   0.3299619  )
        14        H      tau(  14) = (   0.7832662   0.9034958   0.3299619  )
        15        H      tau(  15) = (   0.6614431   0.1603257   0.5146572  )
        16        H      tau(  16) = (   0.3385569   0.8413797   0.5146572  )
        17        H      tau(  17) = (   0.1614431   0.3405270   0.4752413  )
        18        H      tau(  18) = (   0.8385569   0.6611785   0.4752413  )
        19        H      tau(  19) = (   0.3385645   0.8413788   0.1452874  )
        20        H      tau(  20) = (   0.6614355   0.1603267   0.1452874  )
        21        H      tau(  21) = (   0.8385645   0.6611795   0.1846788  )
        22        H      tau(  22) = (   0.1614355   0.3405260   0.1846788  )

     number of k points=    54
                       cart. coord. in units 2pi/alat
        k(    1) = (   0.0000000   0.0000000   0.0000000), wk =   0.0160000
        k(    2) = (  -0.5000000  -0.4991487  -0.7576534), wk =   0.0000000
        k(    3) = (   0.0000000   0.0000000   0.3030614), wk =   0.0320000
        k(    4) = (  -0.5000000  -0.4991487  -0.4545921), wk =   0.0000000
        k(    5) = (   0.0000000   0.0000000   0.6061227), wk =   0.0320000
        k(    6) = (  -0.5000000  -0.4991487  -0.1515307), wk =   0.0000000
        k(    7) = (   0.0000000   0.1996595   0.0000000), wk =   0.0320000
        k(    8) = (  -0.5000000  -0.2994892  -0.7576534), wk =   0.0000000
        k(    9) = (   0.0000000   0.1996595   0.3030614), wk =   0.0640000
        k(   10) = (  -0.5000000  -0.2994892  -0.4545921), wk =   0.0000000
        k(   11) = (   0.0000000   0.1996595   0.6061227), wk =   0.0640000
        k(   12) = (  -0.5000000  -0.2994892  -0.1515307), wk =   0.0000000
        k(   13) = (   0.0000000   0.3993190   0.0000000), wk =   0.0320000
        k(   14) = (  -0.5000000  -0.0998297  -0.7576534), wk =   0.0000000
        k(   15) = (   0.0000000   0.3993190   0.3030614), wk =   0.0640000
        k(   16) = (  -0.5000000  -0.0998297  -0.4545921), wk =   0.0000000
        k(   17) = (   0.0000000   0.3993190   0.6061227), wk =   0.0640000
        k(   18) = (  -0.5000000  -0.0998297  -0.1515307), wk =   0.0000000
        k(   19) = (   0.2000000   0.0000000   0.0000000), wk =   0.0320000
        k(   20) = (  -0.3000000  -0.4991487  -0.7576534), wk =   0.0000000
        k(   21) = (   0.2000000   0.0000000   0.3030614), wk =   0.0640000
        k(   22) = (  -0.3000000  -0.4991487  -0.4545921), wk =   0.0000000
        k(   23) = (   0.2000000   0.0000000   0.6061227), wk =   0.0640000
        k(   24) = (  -0.3000000  -0.4991487  -0.1515307), wk =   0.0000000
        k(   25) = (   0.2000000   0.1996595   0.0000000), wk =   0.0640000
        k(   26) = (  -0.3000000  -0.2994892  -0.7576534), wk =   0.0000000
        k(   27) = (   0.2000000   0.1996595   0.3030614), wk =   0.1280000
        k(   28) = (  -0.3000000  -0.2994892  -0.4545921), wk =   0.0000000
        k(   29) = (   0.2000000   0.1996595   0.6061227), wk =   0.1280000
        k(   30) = (  -0.3000000  -0.2994892  -0.1515307), wk =   0.0000000
        k(   31) = (   0.2000000   0.3993190   0.0000000), wk =   0.0640000
        k(   32) = (  -0.3000000  -0.0998297  -0.7576534), wk =   0.0000000
        k(   33) = (   0.2000000   0.3993190   0.3030614), wk =   0.1280000
        k(   34) = (  -0.3000000  -0.0998297  -0.4545921), wk =   0.0000000
        k(   35) = (   0.2000000   0.3993190   0.6061227), wk =   0.1280000
        k(   36) = (  -0.3000000  -0.0998297  -0.1515307), wk =   0.0000000
        k(   37) = (   0.4000000   0.0000000   0.0000000), wk =   0.0320000
        k(   38) = (  -0.1000000  -0.4991487  -0.7576534), wk =   0.0000000
        k(   39) = (   0.4000000   0.0000000   0.3030614), wk =   0.0640000
        k(   40) = (  -0.1000000  -0.4991487  -0.4545921), wk =   0.0000000
        k(   41) = (   0.4000000   0.0000000   0.6061227), wk =   0.0640000
        k(   42) = (  -0.1000000  -0.4991487  -0.1515307), wk =   0.0000000
        k(   43) = (   0.4000000   0.1996595   0.0000000), wk =   0.0640000
        k(   44) = (  -0.1000000  -0.2994892  -0.7576534), wk =   0.0000000
        k(   45) = (   0.4000000   0.1996595   0.3030614), wk =   0.1280000
        k(   46) = (  -0.1000000  -0.2994892  -0.4545921), wk =   0.0000000
        k(   47) = (   0.4000000   0.1996595   0.6061227), wk =   0.1280000
        k(   48) = (  -0.1000000  -0.2994892  -0.1515307), wk =   0.0000000
        k(   49) = (   0.4000000   0.3993190   0.0000000), wk =   0.0640000
        k(   50) = (  -0.1000000  -0.0998297  -0.7576534), wk =   0.0000000
        k(   51) = (   0.4000000   0.3993190   0.3030614), wk =   0.1280000
        k(   52) = (  -0.1000000  -0.0998297  -0.4545921), wk =   0.0000000
        k(   53) = (   0.4000000   0.3993190   0.6061227), wk =   0.1280000
        k(   54) = (  -0.1000000  -0.0998297  -0.1515307), wk =   0.0000000

     Dense  grid:   586151 G-vectors     FFT dimensions: ( 120, 120,  80)

     Smooth grid:   207331 G-vectors     FFT dimensions: (  90,  90,  60)

     Estimated max dynamical RAM per process >      53.07 MB

     Estimated total dynamical RAM >       1.24 GB

     The potential is recalculated from file :
     ./_ph0/pwscf.q_8/pwscf.save/charge-density

     Starting wfcs are   42 atomic wfcs

     Band Structure Calculation
     Davidson diagonalization with overlap

     ethr =  2.08E-11,  avg # of iterations = 21.8

     total cpu time spent up to now is     1495.5 secs

     End of band structure calculation

          k = 0.0000 0.0000 0.0000 ( 25815 PWs)   bands (ev):

   -24.4249 -24.4186  -9.9198  -9.8642  -9.6796  -9.6448  -9.5942  -9.5441
    -6.3460  -5.4881  -4.9234  -4.8369  -2.0560  -1.1217  -1.0984  -0.7617
    -0.6275  -0.4988  -0.4076  -0.3035  -0.0395   0.2368   0.2605   0.2847

          k =-0.5000-0.4991-0.7577 ( 25960 PWs)   bands (ev):

   -24.4084 -24.4084 -10.0658 -10.0658  -9.6994  -9.6994  -9.6766  -9.6766
    -5.3943  -5.3943  -4.9863  -4.9863  -1.8574  -1.8574  -1.3457  -1.3457
    -0.2883  -0.2883  -0.0955  -0.0955  -0.0774  -0.0774   0.1669   0.1669

          k = 0.0000 0.0000 0.3031 ( 25898 PWs)   bands (ev):

   -24.4197 -24.4146  -9.8596  -9.8156  -9.7745  -9.7478  -9.6658  -9.6400
    -6.0078  -5.2862  -5.0427  -4.9756  -1.7709  -1.4373  -1.0973  -0.9637
    -0.6766  -0.6018  -0.3393  -0.1988   0.0078   0.1142   0.1356   0.2476

          k =-0.5000-0.4991-0.4546 ( 25888 PWs)   bands (ev):

   -24.4130 -24.4130  -9.9106  -9.9106  -9.8029  -9.8029  -9.6420  -9.6420
    -5.2721  -5.2721  -5.2719  -5.2719  -1.6773  -1.6773  -1.1616  -1.1616
    -0.4330  -0.4330  -0.1164  -0.1164  -0.0956  -0.0956   0.1391   0.1391

          k = 0.0000 0.0000 0.6061 ( 25892 PWs)   bands (ev):

   -24.4107 -24.4087 -10.0311 -10.0261  -9.7370  -9.7175  -9.6616  -9.6501
    -5.3850  -5.2363  -5.2131  -5.0804  -1.6158  -1.4894  -1.4731  -1.2090
    -0.6117  -0.5977  -0.2870  -0.1743  -0.0234   0.0282   0.1104   0.1599

          k =-0.5000-0.4991-0.1515 ( 25884 PWs)   bands (ev):

   -24.4205 -24.4205  -9.9061  -9.9061  -9.6452  -9.6452  -9.6236  -9.6236
    -5.7324  -5.7324  -5.0856  -5.0856  -1.2923  -1.2923  -1.1367  -1.1367
    -0.3610  -0.3610  -0.2460  -0.2460  -0.0883  -0.0883   0.0360   0.0360

          k = 0.0000 0.1997 0.0000 ( 25878 PWs)   bands (ev):

   -24.4243 -24.4192  -9.9037  -9.8478  -9.7050  -9.6649  -9.5894  -9.5488
    -6.2379  -5.4647  -5.0601  -4.8935  -1.8697  -1.2649  -1.1609  -0.5716
    -0.5165  -0.4683  -0.4504  -0.2283  -0.0394   0.0497   0.2051   0.2344

          k =-0.5000-0.2995-0.7577 ( 25924 PWs)   bands (ev):

   -24.4084 -24.4084 -10.0755 -10.0755  -9.6906  -9.6906  -9.6725  -9.6725
    -5.4075  -5.4075  -4.9750  -4.9750  -1.9601  -1.9601  -1.1545  -1.1545
    -0.3080  -0.3080  -0.2626  -0.2626   0.0015   0.0015   0.1647   0.1647

          k = 0.0000 0.1997 0.3031 ( 25891 PWs)   bands (ev):

   -24.4192 -24.4151  -9.8577  -9.8018  -9.7685  -9.7616  -9.6661  -9.6533
    -5.9271  -5.2603  -5.1524  -5.0092  -1.6449  -1.4620  -1.2449  -0.7441
    -0.6153  -0.5599  -0.4961  -0.1302  -0.0012   0.1098   0.1169   0.1449

          k =-0.5000-0.2995-0.4546 ( 25904 PWs)   bands (ev):

   -24.4130 -24.4130  -9.9253  -9.9253  -9.7789  -9.7789  -9.6498  -9.6498
    -5.3405  -5.3405  -5.2040  -5.2040  -1.6937  -1.6937  -1.1075  -1.1075
    -0.4345  -0.4345  -0.2664  -0.2664   0.0129   0.0129   0.1217   0.1217

          k = 0.0000 0.1997 0.6061 ( 25907 PWs)   bands (ev):

   -24.4105 -24.4089 -10.0380 -10.0334  -9.7221  -9.7090  -9.6620  -9.6550
    -5.4875  -5.3818  -5.0828  -4.9576  -1.6619  -1.6067  -1.3669  -1.1400
    -0.5674  -0.4476  -0.3020  -0.1734  -0.0551  -0.0423   0.0864   0.1095

          k =-0.5000-0.2995-0.1515 ( 25906 PWs)   bands (ev):

   -24.4205 -24.4205  -9.8843  -9.8843  -9.6762  -9.6762  -9.6161  -9.6161
    -5.7379  -5.7379  -5.0723  -5.0723  -1.3731  -1.3731  -1.0067  -1.0067
    -0.4071  -0.4071  -0.2705  -0.2705  -0.1548  -0.1548   0.0955   0.0955

          k = 0.0000 0.3993 0.0000 ( 25920 PWs)   bands (ev):

   -24.4227 -24.4208  -9.8595  -9.8204  -9.7480  -9.7144  -9.5768  -9.5613
    -5.9494  -5.5928  -5.1682  -5.0340  -1.5661  -1.4294  -1.0192  -0.5398
    -0.5270  -0.4989  -0.2605  -0.1841  -0.1291  -0.0619   0.0741   0.1396

          k =-0.5000-0.0998-0.7577 ( 25924 PWs)   bands (ev):

   -24.4084 -24.4084 -10.0901 -10.0901  -9.6819  -9.6819  -9.6613  -9.6613
    -5.4278  -5.4278  -4.9576  -4.9576  -2.0621  -2.0621  -0.8929  -0.8929
    -0.3907  -0.3907  -0.3189  -0.3189   0.0150   0.0150   0.0921   0.0921

          k = 0.0000 0.3993 0.3031 ( 25924 PWs)   bands (ev):

   -24.4179 -24.4164  -9.8428  -9.8095  -9.7673  -9.7445  -9.6785  -9.6753
    -5.7084  -5.4169  -5.1873  -5.0925  -1.4929  -1.4922  -1.1731  -0.8184
    -0.5442  -0.4910  -0.3774  -0.1493  -0.0905  -0.0730   0.1282   0.1315

          k =-0.5000-0.0998-0.4546 ( 25890 PWs)   bands (ev):

   -24.4130 -24.4130  -9.9429  -9.9429  -9.7387  -9.7387  -9.6699  -9.6699
    -5.3836  -5.3836  -5.1616  -5.1616  -1.7081  -1.7081  -1.0475  -1.0475
    -0.4557  -0.4557  -0.3072  -0.3072   0.0001   0.0001   0.1133   0.1133

          k = 0.0000 0.3993 0.6061 ( 25896 PWs)   bands (ev):

   -24.4100 -24.4094 -10.0475 -10.0455  -9.6935  -9.6910  -9.6681  -9.6677
    -5.5629  -5.5253  -4.9330  -4.8804  -1.7295  -1.7210  -1.1679  -1.0506
    -0.4632  -0.3700  -0.2775  -0.2362  -0.1319  -0.0609  -0.0171   0.0883

          k =-0.5000-0.0998-0.1515 ( 25910 PWs)   bands (ev):

   -24.4205 -24.4205  -9.8295  -9.8295  -9.7374  -9.7374  -9.6124  -9.6124
    -5.7467  -5.7467  -5.0509  -5.0509  -1.4390  -1.4390  -0.8463  -0.8463
    -0.4638  -0.4638  -0.3806  -0.3806  -0.1442  -0.1442   0.1099   0.1099

          k = 0.2000 0.0000 0.0000 ( 25878 PWs)   bands (ev):

   -24.4243 -24.4192  -9.8996  -9.8511  -9.7015  -9.6709  -9.5894  -9.5489
    -6.2440  -5.5161  -4.9461  -4.9211  -1.9277  -1.0591  -1.0003  -0.9567
    -0.4670  -0.4302  -0.4054  -0.3093  -0.0842   0.0002   0.2206   0.2424

          k =-0.3000-0.4991-0.7577 ( 25916 PWs)   bands (ev):

   -24.4084 -24.4084 -10.0738 -10.0738  -9.6880  -9.6880  -9.6747  -9.6747
    -5.4725  -5.4725  -4.9169  -4.9169  -1.8429  -1.8429  -1.2546  -1.2546
    -0.3399  -0.3399  -0.1786  -0.1786  -0.0380  -0.0380   0.1124   0.1124

          k = 0.2000 0.0000 0.3031 ( 25877 PWs)   bands (ev):

   -24.4192 -24.4151  -9.8439  -9.8258  -9.7647  -9.7553  -9.6779  -9.6440
    -5.9220  -5.2948  -5.0606  -5.0529  -1.6842  -1.4247  -1.1946  -0.8324
    -0.6638  -0.5542  -0.4003  -0.1577  -0.1380   0.1011   0.1714   0.2058

          k =-0.3000-0.4991-0.4546 ( 25908 PWs)   bands (ev):

   -24.4130 -24.4130  -9.9240  -9.9240  -9.7779  -9.7779  -9.6504  -9.6504
    -5.4140  -5.4140  -5.1372  -5.1372  -1.6528  -1.6528  -1.1135  -1.1135
    -0.4974  -0.4974  -0.1679  -0.1679  -0.0370  -0.0370   0.1024   0.1024

          k = 0.2000 0.0000 0.6061 ( 25910 PWs)   bands (ev):

   -24.4105 -24.4089 -10.0395 -10.0350  -9.7271  -9.7041  -9.6668  -9.6507
    -5.4079  -5.2887  -5.1754  -5.0253  -1.8331  -1.6865  -1.2778  -1.0228
    -0.5629  -0.4405  -0.2723  -0.2241  -0.0444   0.0201   0.0473   0.1592

          k =-0.3000-0.4991-0.1515 ( 25912 PWs)   bands (ev):

   -24.4205 -24.4205  -9.8854  -9.8854  -9.6727  -9.6727  -9.6176  -9.6176
    -5.7220  -5.7220  -5.1001  -5.1001  -1.3894  -1.3894  -1.0077  -1.0077
    -0.4367  -0.4367  -0.2209  -0.2209  -0.0972  -0.0972   0.0755   0.0755

          k = 0.2000 0.1997 0.0000 ( 25883 PWs)   bands (ev):

   -24.4238 -24.4197  -9.9090  -9.8226  -9.7443  -9.6541  -9.5855  -9.5526
    -6.1587  -5.5118  -5.0809  -4.9214  -1.7734  -1.2510  -1.0713  -0.6966
    -0.5244  -0.4617  -0.2811  -0.2213  -0.1338  -0.0547   0.1321   0.2152

          k =-0.3000-0.2995-0.7577 ( 25934 PWs)   bands (ev):

   -24.4084 -24.4084 -10.0847 -10.0705  -9.6970  -9.6783  -9.6709  -9.6694
    -5.5099  -5.3645  -5.0315  -4.8803  -1.9496  -1.8256  -1.2449  -1.0822
    -0.4233  -0.3619  -0.2174  -0.1337  -0.0739  -0.0190   0.0859   0.1293

          k = 0.2000 0.1997 0.3031 ( 25901 PWs)   bands (ev):

   -24.4188 -24.4155  -9.8528  -9.8092  -9.7856  -9.7426  -9.6793  -9.6457
    -5.8544  -5.2744  -5.1857  -5.0420  -1.5935  -1.4408  -1.2710  -0.7308
    -0.6557  -0.5312  -0.3995  -0.1699  -0.1061   0.0618   0.1290   0.1889

          k =-0.3000-0.2995-0.4546 ( 25918 PWs)   bands (ev):

   -24.4137 -24.4124  -9.9369  -9.9174  -9.7968  -9.7368  -9.6711  -9.6438
    -5.5045  -5.3044  -5.1856  -5.1032  -1.7016  -1.6008  -1.2344  -0.9661
    -0.5570  -0.4247  -0.3155  -0.1569  -0.0889  -0.0019   0.0868   0.1843

          k = 0.2000 0.1997 0.6061 ( 25915 PWs)   bands (ev):

   -24.4103 -24.4090 -10.0458 -10.0304  -9.7334  -9.6882  -9.6713  -9.6535
    -5.4921  -5.3089  -5.1484  -4.9433  -1.8297  -1.6853  -1.2597  -1.0660
    -0.5136  -0.3864  -0.2833  -0.1688  -0.1173  -0.0014   0.0424   0.1596

          k =-0.3000-0.2995-0.1515 ( 25893 PWs)   bands (ev):

   -24.4215 -24.4194  -9.8983  -9.8370  -9.7286  -9.6494  -9.6259  -9.6106
    -5.9133  -5.5494  -5.1435  -5.0117  -1.5182  -1.3209  -1.1571  -0.7398
    -0.5836  -0.3712  -0.3281  -0.2009  -0.1402  -0.0416   0.0349   0.1585

          k = 0.2000 0.3993 0.0000 ( 25889 PWs)   bands (ev):

   -24.4225 -24.4210  -9.8952  -9.8484  -9.7246  -9.6730  -9.5752  -9.5626
    -5.9290  -5.6449  -5.1400  -5.0266  -1.5106  -1.3938  -0.9976  -0.5678
    -0.5675  -0.5415  -0.3525  -0.1043  -0.1020  -0.0426   0.0281   0.1162

          k =-0.3000-0.0998-0.7577 ( 25898 PWs)   bands (ev):

   -24.4084 -24.4084 -10.0882 -10.0797  -9.6891  -9.6802  -9.6664  -9.6632
    -5.4500  -5.3388  -5.0620  -4.9470  -1.9817  -1.9275  -1.0624  -1.0076
    -0.4279  -0.3812  -0.2206  -0.1911  -0.1033  -0.0694   0.0524   0.1475

          k = 0.2000 0.3993 0.3031 ( 25902 PWs)   bands (ev):

   -24.4178 -24.4165  -9.8505  -9.8261  -9.7729  -9.7422  -9.6738  -9.6551
    -5.6710  -5.4271  -5.1927  -5.1062  -1.5052  -1.4646  -1.1853  -0.8926
    -0.5260  -0.4404  -0.3706  -0.1757  -0.0838  -0.0145   0.0950   0.1293

          k =-0.3000-0.0998-0.4546 ( 25911 PWs)   bands (ev):

   -24.4141 -24.4120  -9.9413  -9.9278  -9.7756  -9.7225  -9.6826  -9.6497
    -5.5562  -5.2349  -5.1840  -5.1153  -1.7320  -1.5533  -1.3064  -0.8670
    -0.6075  -0.4701  -0.3317  -0.2326  -0.0607   0.0435   0.0813   0.1874

          k = 0.2000 0.3993 0.6061 ( 25926 PWs)   bands (ev):

   -24.4099 -24.4094 -10.0447 -10.0355  -9.7222  -9.6964  -9.6657  -9.6572
    -5.5269  -5.4569  -4.9908  -4.9106  -1.8007  -1.7282  -1.1936  -1.1049
    -0.4883  -0.3829  -0.2401  -0.1304  -0.0953  -0.0224   0.0113   0.1126

          k =-0.3000-0.0998-0.1515 ( 25884 PWs)   bands (ev):

   -24.4222 -24.4188  -9.8744  -9.8128  -9.7468  -9.6835  -9.6288  -9.6015
    -6.0265  -5.5052  -5.0582  -4.9835  -1.7041  -1.2141  -1.1047  -0.7610
    -0.5129  -0.4705  -0.3263  -0.3070  -0.2233   0.0203   0.1004   0.2040

          k = 0.4000 0.0000 0.0000 ( 25912 PWs)   bands (ev):

   -24.4227 -24.4208  -9.8482  -9.8204  -9.7492  -9.7289  -9.5768  -9.5613
    -5.9811  -5.6803  -5.0163  -4.9970  -1.6349  -1.3106  -0.8423  -0.6010
    -0.4869  -0.4069  -0.3989  -0.2940  -0.2450  -0.1929   0.0343   0.1273

          k =-0.1000-0.4991-0.7577 ( 25920 PWs)   bands (ev):

   -24.4084 -24.4084 -10.0860 -10.0860  -9.6721  -9.6721  -9.6700  -9.6700
    -5.5689  -5.5689  -4.8343  -4.8343  -1.8153  -1.8153  -1.0874  -1.0874
    -0.3636  -0.3636  -0.2807  -0.2807  -0.1631  -0.1631   0.0971   0.0971

          k = 0.4000 0.0000 0.3031 ( 25937 PWs)   bands (ev):

   -24.4179 -24.4164  -9.8254  -9.8105  -9.7905  -9.7545  -9.6835  -9.6602
    -5.6969  -5.4275  -5.1314  -5.1027  -1.5368  -1.3794  -1.2290  -0.8636
    -0.5851  -0.4423  -0.4380  -0.3326  -0.0806   0.0266   0.1459   0.1567

          k =-0.1000-0.4991-0.4546 ( 25888 PWs)   bands (ev):

   -24.4130 -24.4130  -9.9400  -9.9400  -9.7334  -9.7334  -9.6740  -9.6740
    -5.5059  -5.5059  -5.0565  -5.0565  -1.5995  -1.5995  -1.0833  -1.0833
    -0.5178  -0.5178  -0.1466  -0.1466  -0.1093  -0.1093   0.0536   0.0536

          k = 0.4000 0.0000 0.6061 ( 25894 PWs)   bands (ev):

   -24.4100 -24.4094 -10.0514 -10.0495  -9.7052  -9.6848  -9.6749  -9.6574
    -5.4179  -5.3776  -5.0692  -5.0038  -1.9761  -1.9148  -1.0290  -0.8794
    -0.4695  -0.3563  -0.3196  -0.2003  -0.1114   0.0274   0.0713   0.0999

          k =-0.1000-0.4991-0.1515 ( 25908 PWs)   bands (ev):

   -24.4205 -24.4205  -9.8369  -9.8369  -9.7253  -9.7253  -9.6145  -9.6145
    -5.7049  -5.7049  -5.1237  -5.1237  -1.4722  -1.4722  -0.8824  -0.8824
    -0.4841  -0.4841  -0.2203  -0.2203  -0.1263  -0.1263   0.1271   0.1271

          k = 0.4000 0.1997 0.0000 ( 25891 PWs)   bands (ev):

   -24.4225 -24.4210  -9.8927  -9.8457  -9.7289  -9.6766  -9.5752  -9.5627
    -5.9501  -5.6934  -5.0634  -4.9907  -1.5527  -1.3331  -0.8593  -0.6274
    -0.5157  -0.4831  -0.4575  -0.2506  -0.1746  -0.1046   0.0241   0.1456

          k =-0.1000-0.2995-0.7577 ( 25906 PWs)   bands (ev):

   -24.4084 -24.4084 -10.0856 -10.0771  -9.6844  -9.6737  -9.6705  -9.6690
    -5.5394  -5.4678  -4.9436  -4.8686  -1.8226  -1.7056  -1.2737  -1.1040
    -0.3924  -0.3845  -0.2739  -0.2364  -0.0923  -0.0605   0.0312   0.0743

          k = 0.4000 0.1997 0.3031 ( 25906 PWs)   bands (ev):

   -24.4178 -24.4165  -9.8452  -9.8243  -9.7831  -9.7489  -9.6722  -9.6512
    -5.6644  -5.4324  -5.1658  -5.1054  -1.5166  -1.3970  -1.2448  -0.9283
    -0.5306  -0.4273  -0.3688  -0.2696  -0.0926   0.0071   0.1103   0.1505

          k =-0.1000-0.2995-0.4546 ( 25909 PWs)   bands (ev):

   -24.4141 -24.4120  -9.9401  -9.9256  -9.7698  -9.7267  -9.6783  -9.6539
    -5.6118  -5.3645  -5.0927  -5.0427  -1.6216  -1.5200  -1.3275  -0.9008
    -0.6499  -0.4251  -0.3797  -0.1470  -0.0640  -0.0216   0.0749   0.1366

          k = 0.4000 0.1997 0.6061 ( 25937 PWs)   bands (ev):

   -24.4099 -24.4094 -10.0472 -10.0381  -9.7241  -9.6983  -9.6647  -9.6554
    -5.4400  -5.3329  -5.1052  -4.9866  -1.9391  -1.8793  -1.0777  -1.0087
    -0.4584  -0.3509  -0.3061  -0.2053  -0.0513   0.0123   0.0864   0.1658

          k =-0.1000-0.2995-0.1515 ( 25880 PWs)   bands (ev):

   -24.4222 -24.4188  -9.8797  -9.8105  -9.7461  -9.6747  -9.6291  -9.6043
    -6.0170  -5.4269  -5.1828  -4.9864  -1.6332  -1.3801  -1.1704  -0.6175
    -0.5409  -0.4327  -0.3952  -0.1567  -0.1091  -0.0474   0.1525   0.1624

          k = 0.4000 0.3993 0.0000 ( 25911 PWs)   bands (ev):

   -24.4220 -24.4214  -9.9194  -9.9012  -9.6705  -9.6484  -9.5711  -9.5663
    -5.8640  -5.7577  -5.0790  -5.0332  -1.3996  -1.3452  -0.9239  -0.7472
    -0.5930  -0.5794  -0.3508  -0.1745  -0.0539  -0.0275   0.0181   0.0864

          k =-0.1000-0.0998-0.7577 ( 25910 PWs)   bands (ev):

   -24.4084 -24.4084 -10.0766 -10.0710  -9.6934  -9.6852  -9.6707  -9.6703
    -5.3909  -5.2882  -5.1326  -5.0277  -1.7405  -1.6472  -1.3552  -1.2457
    -0.3992  -0.3942  -0.3278  -0.3237  -0.0230   0.0189   0.0652   0.1135

          k = 0.4000 0.3993 0.3031 ( 25901 PWs)   bands (ev):

   -24.4174 -24.4169  -9.8610  -9.8524  -9.7661  -9.7522  -9.6512  -9.6423
    -5.5795  -5.4818  -5.1804  -5.1419  -1.4807  -1.4313  -1.2180  -1.0812
    -0.3947  -0.3695  -0.2876  -0.1807  -0.1014  -0.0166   0.0339   0.1018

          k =-0.1000-0.0998-0.4546 ( 25905 PWs)   bands (ev):

   -24.4147 -24.4114  -9.9280  -9.9124  -9.7923  -9.7551  -9.6627  -9.6431
    -5.6688  -5.2148  -5.1200  -5.0876  -1.6264  -1.4890  -1.3753  -0.8836
    -0.7468  -0.6581  -0.3385  -0.0716  -0.0533   0.0146   0.1379   0.1813

          k = 0.4000 0.3993 0.6061 ( 25924 PWs)   bands (ev):

   -24.4098 -24.4096 -10.0323 -10.0260  -9.7396  -9.7263  -9.6565  -9.6545
    -5.4176  -5.3541  -5.0772  -5.0094  -1.8452  -1.8072  -1.2357  -1.2083
    -0.4089  -0.3398  -0.1733  -0.1610  -0.0385  -0.0294   0.1340   0.1706

          k =-0.1000-0.0998-0.1515 ( 25856 PWs)   bands (ev):

   -24.4232 -24.4178  -9.8973  -9.8425  -9.6949  -9.6518  -9.6414  -9.6015
    -6.2025  -5.4255  -5.0025  -4.9043  -1.9015  -1.2599  -1.0911  -0.8316
    -0.6204  -0.4293  -0.3720  -0.1921  -0.1492   0.1299   0.2192   0.2426

     highest occupied level (ev):     0.2847

     Writing config to output data dir ./_ph0/pwscf.q_8/pwscf.save/ :
     XML data file

                                                                                

     bravais-lattice index     =            8
     lattice parameter (alat)  =      13.2392  a.u.
     unit-cell volume          =    1533.9930 (a.u.)^3
     number of atoms/cell      =           22
     number of atomic types    =            3
     kinetic-energy cut-off    =     100.0000  Ry
     charge density cut-off    =     800.0000  Ry
     convergence threshold     =      1.0E-14
     beta                      =       0.7000
     number of iterations used =            4
     Exchange-correlation= PBESOL
                           (   1   4  10   8   0   0   0)


     celldm(1)=   13.23919  celldm(2)=    1.00171  celldm(3)=    0.65993
     celldm(4)=    0.00000  celldm(5)=    0.00000  celldm(6)=    0.00000

     crystal axes: (cart. coord. in units of alat)
               a(1) = (  1.0000  0.0000  0.0000 )  
               a(2) = (  0.0000  1.0017  0.0000 )  
               a(3) = (  0.0000  0.0000  0.6599 )  

     reciprocal axes: (cart. coord. in units 2 pi/alat)
               b(1) = (  1.0000  0.0000  0.0000 )  
               b(2) = (  0.0000  0.9983  0.0000 )  
               b(3) = (  0.0000  0.0000  1.5153 )  


     Atoms inside the unit cell: 

     Cartesian axes

     site n.  atom      mass           positions (alat units)
        1  Ba    137.3270   tau(    1) = (    0.50000    0.50085    0.32997  )
        2  Ba    137.3270   tau(    2) = (    0.00000    0.00000    0.65993  )
        3  B      10.8110   tau(    3) = (    0.62465    0.25183    0.00000  )
        4  B      10.8110   tau(    4) = (    0.37535    0.74988    0.00000  )
        5  B      10.8110   tau(    5) = (    0.12465    0.24902    0.32996  )
        6  B      10.8110   tau(    6) = (    0.87535    0.75268    0.32996  )
        7  H       1.0079   tau(    7) = (    0.45220    0.28696   -0.00001  )
        8  H       1.0079   tau(    8) = (    0.54780    0.71474   -0.00001  )
        9  H       1.0079   tau(    9) = (    0.95220    0.21389    0.32998  )
       10  H       1.0079   tau(   10) = (    0.04780    0.78781    0.32998  )
       11  H       1.0079   tau(   11) = (    0.71673    0.40264    0.00000  )
       12  H       1.0079   tau(   12) = (    0.28327    0.59906    0.00000  )
       13  H       1.0079   tau(   13) = (    0.21673    0.09821    0.32996  )
       14  H       1.0079   tau(   14) = (    0.78327    0.90350    0.32996  )
       15  H       1.0079   tau(   15) = (    0.66144    0.16033    0.51466  )
       16  H       1.0079   tau(   16) = (    0.33856    0.84138    0.51466  )
       17  H       1.0079   tau(   17) = (    0.16144    0.34053    0.47524  )
       18  H       1.0079   tau(   18) = (    0.83856    0.66118    0.47524  )
       19  H       1.0079   tau(   19) = (    0.33856    0.84138    0.14529  )
       20  H       1.0079   tau(   20) = (    0.66144    0.16033    0.14529  )
       21  H       1.0079   tau(   21) = (    0.83856    0.66118    0.18468  )
       22  H       1.0079   tau(   22) = (    0.16144    0.34053    0.18468  )

     Computing dynamical matrix for 
                    q = (  -0.5000000  -0.4991487  -0.7576534 )

      5 Sym.Ops. (with q -> -q+G )


     G cutoff = 3551.8357  (  24424 G-vectors)     FFT grid: (120,120, 80)
     G cutoff = 1775.9178  (   8639 G-vectors)  smooth grid: ( 90, 90, 60)
     number of k points=    54

     PseudoPot. # 1 for B  read from file:
     /home/mehlhorn/pseudos/b_pbesol_v1.4.uspp.F.UPF
     MD5 check sum: 369b69bef2c3aeed4453bd8b804fd6a8
     Pseudo is Ultrasoft + core correction, Zval =  3.0
     Generated by new atomic code, or converted to UPF format
     Using radial grid of  781 points,  4 beta functions with: 
                l(1) =   0
                l(2) =   0
                l(3) =   1
                l(4) =   1
     Q(r) pseudized with  8 coefficients,  rinner =    1.100   1.100   1.100


     PseudoPot. # 2 for Ba read from file:
     /home/mehlhorn/pseudos/Ba.nc.z_10.oncvpsp4.dojo.v4-sp.upf
     MD5 check sum: c10ed334bb677c0554edec7181ce9143
     Pseudo is Norm-conserving + core correction, Zval = 10.0
     Generated using ONCVPSP code by D. R. Hamann
     Using radial grid of 1938 points,  8 beta functions with: 
                l(1) =   0
                l(2) =   0
                l(3) =   1
                l(4) =   1
                l(5) =   2
                l(6) =   2
                l(7) =   3
                l(8) =   3

     PseudoPot. # 3 for H  read from file:
     /home/mehlhorn/pseudos/H_ONCV_PBEsol-1.0.upf
     MD5 check sum: 398ef8f67c0a7342c05c87c5e19ea467
     Pseudo is Norm-conserving, Zval =  1.0
     Generated using ONCVPSP code by D. R. Hamann
     Using radial grid of 1180 points,  2 beta functions with: 
                l(1) =   0
                l(2) =   0


     Atomic displacements:
     There are   33 irreducible representations

     Representation     1      2 modes -  To be done

     Representation     2      2 modes -  To be done

     Representation     3      2 modes -  To be done

     Representation     4      2 modes -  To be done

     Representation     5      2 modes -  To be done

     Representation     6      2 modes -  To be done

     Representation     7      2 modes -  To be done

     Representation     8      2 modes -  To be done

     Representation     9      2 modes -  To be done

     Representation    10      2 modes -  To be done

     Representation    11      2 modes -  To be done

     Representation    12      2 modes -  To be done

     Representation    13      2 modes -  To be done

     Representation    14      2 modes -  To be done

     Representation    15      2 modes -  To be done

     Representation    16      2 modes -  To be done

     Representation    17      2 modes -  To be done

     Representation    18      2 modes -  To be done

     Representation    19      2 modes -  To be done

     Representation    20      2 modes -  To be done

     Representation    21      2 modes -  To be done

     Representation    22      2 modes -  To be done

     Representation    23      2 modes -  To be done

     Representation    24      2 modes -  To be done

     Representation    25      2 modes -  To be done

     Representation    26      2 modes -  To be done

     Representation    27      2 modes -  To be done

     Representation    28      2 modes -  To be done

     Representation    29      2 modes -  To be done

     Representation    30      2 modes -  To be done

     Representation    31      2 modes -  To be done

     Representation    32      2 modes -  To be done

     Representation    33      2 modes -  To be done



     Alpha used in Ewald sum =   2.8000
     PHONON       :   2d23h50m CPU   3d 0h33m WALL



     Representation #   1 modes #   1   2

     Self-consistent Calculation

      iter #   1 total cpu time :261286.8 secs   av.it.:   3.0
      thresh= 1.000E-02 alpha_mix =  0.700 |ddv_scf|^2 =  9.124E-10

      iter #   2 total cpu time :261485.3 secs   av.it.:  16.1
      thresh= 3.021E-06 alpha_mix =  0.700 |ddv_scf|^2 =  4.431E-10

      iter #   3 total cpu time :261675.1 secs   av.it.:  15.9
      thresh= 2.105E-06 alpha_mix =  0.700 |ddv_scf|^2 =  4.690E-12

      iter #   4 total cpu time :261869.6 secs   av.it.:  16.0
      thresh= 2.166E-07 alpha_mix =  0.700 |ddv_scf|^2 =  3.253E-13

      iter #   5 total cpu time :262073.2 secs   av.it.:  16.0
      thresh= 5.704E-08 alpha_mix =  0.700 |ddv_scf|^2 =  1.641E-14

      iter #   6 total cpu time :262277.0 secs   av.it.:  16.0
      thresh= 1.281E-08 alpha_mix =  0.700 |ddv_scf|^2 =  1.297E-15

     End of self-consistent calculation

     Convergence has been achieved 


     Representation #   2 modes #   3   4

     Self-consistent Calculation

      iter #   1 total cpu time :262378.9 secs   av.it.:   5.0
      thresh= 1.000E-02 alpha_mix =  0.700 |ddv_scf|^2 =  6.990E-09

      iter #   2 total cpu time :262577.9 secs   av.it.:  16.8
      thresh= 8.361E-06 alpha_mix =  0.700 |ddv_scf|^2 =  4.553E-09

      iter #   3 total cpu time :262764.3 secs   av.it.:  15.9
      thresh= 6.748E-06 alpha_mix =  0.700 |ddv_scf|^2 =  2.099E-11

      iter #   4 total cpu time :262958.7 secs   av.it.:  16.7
      thresh= 4.581E-07 alpha_mix =  0.700 |ddv_scf|^2 =  2.114E-12

      iter #   5 total cpu time :263150.3 secs   av.it.:  16.1
      thresh= 1.454E-07 alpha_mix =  0.700 |ddv_scf|^2 =  1.938E-13

      iter #   6 total cpu time :263342.6 secs   av.it.:  16.4
      thresh= 4.402E-08 alpha_mix =  0.700 |ddv_scf|^2 =  7.918E-15

     End of self-consistent calculation

     Convergence has been achieved 


     Representation #   3 modes #   5   6

     Self-consistent Calculation

      iter #   1 total cpu time :263430.9 secs   av.it.:   3.1
      thresh= 1.000E-02 alpha_mix =  0.700 |ddv_scf|^2 =  8.920E-10

      iter #   2 total cpu time :263637.6 secs   av.it.:  16.9
      thresh= 2.987E-06 alpha_mix =  0.700 |ddv_scf|^2 =  5.223E-10

      iter #   3 total cpu time :263830.3 secs   av.it.:  16.0
      thresh= 2.285E-06 alpha_mix =  0.700 |ddv_scf|^2 =  3.819E-12

      iter #   4 total cpu time :264035.9 secs   av.it.:  16.7
      thresh= 1.954E-07 alpha_mix =  0.700 |ddv_scf|^2 =  2.792E-13

      iter #   5 total cpu time :264243.6 secs   av.it.:  16.9
      thresh= 5.284E-08 alpha_mix =  0.700 |ddv_scf|^2 =  2.869E-14

      iter #   6 total cpu time :264437.9 secs   av.it.:  16.0
      thresh= 1.694E-08 alpha_mix =  0.700 |ddv_scf|^2 =  2.048E-15

     End of self-consistent calculation

     Convergence has been achieved 


     Representation #   4 modes #   7   8

     Self-consistent Calculation

      iter #   1 total cpu time :264525.2 secs   av.it.:   3.4
      thresh= 1.000E-02 alpha_mix =  0.700 |ddv_scf|^2 =  1.214E-09

      iter #   2 total cpu time :264718.2 secs   av.it.:  16.8
      thresh= 3.485E-06 alpha_mix =  0.700 |ddv_scf|^2 =  7.046E-10

      iter #   3 total cpu time :264903.9 secs   av.it.:  15.9
      thresh= 2.654E-06 alpha_mix =  0.700 |ddv_scf|^2 =  1.463E-12

      iter #   4 total cpu time :265095.5 secs   av.it.:  16.3
      thresh= 1.210E-07 alpha_mix =  0.700 |ddv_scf|^2 =  7.294E-14

      iter #   5 total cpu time :265292.2 secs   av.it.:  16.6
      thresh= 2.701E-08 alpha_mix =  0.700 |ddv_scf|^2 =  1.395E-14

      iter #   6 total cpu time :265487.8 secs   av.it.:  16.0
      thresh= 1.181E-08 alpha_mix =  0.700 |ddv_scf|^2 =  2.805E-16

     End of self-consistent calculation

     Convergence has been achieved 


     Representation #   5 modes #   9  10

     Self-consistent Calculation

      iter #   1 total cpu time :265592.2 secs   av.it.:   5.0
      thresh= 1.000E-02 alpha_mix =  0.700 |ddv_scf|^2 =  1.029E-08

      iter #   2 total cpu time :265794.6 secs   av.it.:  16.5
      thresh= 1.014E-05 alpha_mix =  0.700 |ddv_scf|^2 =  7.009E-09

      iter #   3 total cpu time :265981.3 secs   av.it.:  15.6
      thresh= 8.372E-06 alpha_mix =  0.700 |ddv_scf|^2 =  4.692E-12

      iter #   4 total cpu time :266185.6 secs   av.it.:  16.9
      thresh= 2.166E-07 alpha_mix =  0.700 |ddv_scf|^2 =  5.068E-13

      iter #   5 total cpu time :266385.0 secs   av.it.:  16.7
      thresh= 7.119E-08 alpha_mix =  0.700 |ddv_scf|^2 =  3.192E-14

      iter #   6 total cpu time :266591.5 secs   av.it.:  16.8
      thresh= 1.787E-08 alpha_mix =  0.700 |ddv_scf|^2 =  2.518E-15

     End of self-consistent calculation

     Convergence has been achieved 


     Representation #   6 modes #  11  12

     Self-consistent Calculation

      iter #   1 total cpu time :266680.0 secs   av.it.:   3.0
      thresh= 1.000E-02 alpha_mix =  0.700 |ddv_scf|^2 =  6.109E-10

      iter #   2 total cpu time :266886.7 secs   av.it.:  16.8
      thresh= 2.472E-06 alpha_mix =  0.700 |ddv_scf|^2 =  3.154E-10

      iter #   3 total cpu time :267085.1 secs   av.it.:  15.9
      thresh= 1.776E-06 alpha_mix =  0.700 |ddv_scf|^2 =  2.410E-12

      iter #   4 total cpu time :267290.8 secs   av.it.:  16.4
      thresh= 1.552E-07 alpha_mix =  0.700 |ddv_scf|^2 =  1.066E-13

      iter #   5 total cpu time :267496.0 secs   av.it.:  16.9
      thresh= 3.265E-08 alpha_mix =  0.700 |ddv_scf|^2 =  5.208E-15

     End of self-consistent calculation

     Convergence has been achieved 


     Representation #   7 modes #  13  14

     Self-consistent Calculation

      iter #   1 total cpu time :267581.7 secs   av.it.:   3.0
      thresh= 1.000E-02 alpha_mix =  0.700 |ddv_scf|^2 =  6.793E-10

      iter #   2 total cpu time :267777.5 secs   av.it.:  16.9
      thresh= 2.606E-06 alpha_mix =  0.700 |ddv_scf|^2 =  3.353E-10

      iter #   3 total cpu time :267966.3 secs   av.it.:  16.0
      thresh= 1.831E-06 alpha_mix =  0.700 |ddv_scf|^2 =  2.174E-12

      iter #   4 total cpu time :268159.5 secs   av.it.:  16.6
      thresh= 1.475E-07 alpha_mix =  0.700 |ddv_scf|^2 =  9.248E-14

      iter #   5 total cpu time :268354.3 secs   av.it.:  16.9
      thresh= 3.041E-08 alpha_mix =  0.700 |ddv_scf|^2 =  8.930E-15

     End of self-consistent calculation

     Convergence has been achieved 


     Representation #   8 modes #  15  16

     Self-consistent Calculation

      iter #   1 total cpu time :268442.2 secs   av.it.:   3.7
      thresh= 1.000E-02 alpha_mix =  0.700 |ddv_scf|^2 =  1.075E-09

      iter #   2 total cpu time :268638.2 secs   av.it.:  16.9
      thresh= 3.278E-06 alpha_mix =  0.700 |ddv_scf|^2 =  6.546E-10

      iter #   3 total cpu time :268825.2 secs   av.it.:  16.0
      thresh= 2.558E-06 alpha_mix =  0.700 |ddv_scf|^2 =  1.332E-12

      iter #   4 total cpu time :269021.3 secs   av.it.:  16.9
      thresh= 1.154E-07 alpha_mix =  0.700 |ddv_scf|^2 =  1.228E-13

      iter #   5 total cpu time :269217.1 secs   av.it.:  16.9
      thresh= 3.505E-08 alpha_mix =  0.700 |ddv_scf|^2 =  1.044E-14

      iter #   6 total cpu time :269409.2 secs   av.it.:  16.4
      thresh= 1.022E-08 alpha_mix =  0.700 |ddv_scf|^2 =  1.092E-15

     End of self-consistent calculation

     Convergence has been achieved 


     Representation #   9 modes #  17  18

     Self-consistent Calculation

      iter #   1 total cpu time :269494.9 secs   av.it.:   3.1
      thresh= 1.000E-02 alpha_mix =  0.700 |ddv_scf|^2 =  9.159E-10

      iter #   2 total cpu time :269695.3 secs   av.it.:  16.8
      thresh= 3.026E-06 alpha_mix =  0.700 |ddv_scf|^2 =  4.862E-10

      iter #   3 total cpu time :269885.2 secs   av.it.:  15.9
      thresh= 2.205E-06 alpha_mix =  0.700 |ddv_scf|^2 =  3.679E-12

      iter #   4 total cpu time :270079.7 secs   av.it.:  16.2
      thresh= 1.918E-07 alpha_mix =  0.700 |ddv_scf|^2 =  3.546E-13

      iter #   5 total cpu time :270274.3 secs   av.it.:  16.0
      thresh= 5.955E-08 alpha_mix =  0.700 |ddv_scf|^2 =  2.177E-14

      iter #   6 total cpu time :270468.5 secs   av.it.:  16.0
      thresh= 1.475E-08 alpha_mix =  0.700 |ddv_scf|^2 =  7.978E-16

     End of self-consistent calculation

     Convergence has been achieved 


     Representation #  10 modes #  19  20

     Self-consistent Calculation

      iter #   1 total cpu time :270559.3 secs   av.it.:   3.3
      thresh= 1.000E-02 alpha_mix =  0.700 |ddv_scf|^2 =  6.199E-10

      iter #   2 total cpu time :270768.2 secs   av.it.:  16.9
      thresh= 2.490E-06 alpha_mix =  0.700 |ddv_scf|^2 =  4.218E-10

      iter #   3 total cpu time :270964.0 secs   av.it.:  15.9
      thresh= 2.054E-06 alpha_mix =  0.700 |ddv_scf|^2 =  1.179E-12

      iter #   4 total cpu time :271173.1 secs   av.it.:  16.9
      thresh= 1.086E-07 alpha_mix =  0.700 |ddv_scf|^2 =  3.090E-13

      iter #   5 total cpu time :271375.2 secs   av.it.:  16.1
      thresh= 5.559E-08 alpha_mix =  0.700 |ddv_scf|^2 =  2.637E-14

      iter #   6 total cpu time :271578.2 secs   av.it.:  16.0
      thresh= 1.624E-08 alpha_mix =  0.700 |ddv_scf|^2 =  1.317E-15

     End of self-consistent calculation

     Convergence has been achieved 


     Representation #  11 modes #  21  22

     Self-consistent Calculation

      iter #   1 total cpu time :271703.1 secs   av.it.:   6.9
      thresh= 1.000E-02 alpha_mix =  0.700 |ddv_scf|^2 =  6.186E-08

      iter #   2 total cpu time :271906.2 secs   av.it.:  16.7
      thresh= 2.487E-05 alpha_mix =  0.700 |ddv_scf|^2 =  4.390E-08

      iter #   3 total cpu time :272098.5 secs   av.it.:  15.9
      thresh= 2.095E-05 alpha_mix =  0.700 |ddv_scf|^2 =  1.588E-10

      iter #   4 total cpu time :272290.6 secs   av.it.:  16.0
      thresh= 1.260E-06 alpha_mix =  0.700 |ddv_scf|^2 =  3.905E-12

      iter #   5 total cpu time :272497.5 secs   av.it.:  16.7
      thresh= 1.976E-07 alpha_mix =  0.700 |ddv_scf|^2 =  2.415E-13

      iter #   6 total cpu time :272695.9 secs   av.it.:  16.4
      thresh= 4.914E-08 alpha_mix =  0.700 |ddv_scf|^2 =  1.743E-14

      iter #   7 total cpu time :272890.7 secs   av.it.:  16.7
      thresh= 1.320E-08 alpha_mix =  0.700 |ddv_scf|^2 =  1.816E-15

     End of self-consistent calculation

     Convergence has been achieved 


     Representation #  12 modes #  23  24

     Self-consistent Calculation

      iter #   1 total cpu time :272980.4 secs   av.it.:   3.6
      thresh= 1.000E-02 alpha_mix =  0.700 |ddv_scf|^2 =  1.041E-09

      iter #   2 total cpu time :273186.1 secs   av.it.:  16.9
      thresh= 3.227E-06 alpha_mix =  0.700 |ddv_scf|^2 =  6.096E-10

      iter #   3 total cpu time :273384.2 secs   av.it.:  16.0
      thresh= 2.469E-06 alpha_mix =  0.700 |ddv_scf|^2 =  1.388E-12

      iter #   4 total cpu time :273592.2 secs   av.it.:  16.9
      thresh= 1.178E-07 alpha_mix =  0.700 |ddv_scf|^2 =  9.883E-14

      iter #   5 total cpu time :273799.4 secs   av.it.:  16.9
      thresh= 3.144E-08 alpha_mix =  0.700 |ddv_scf|^2 =  1.119E-14

      iter #   6 total cpu time :274001.5 secs   av.it.:  16.1
      thresh= 1.058E-08 alpha_mix =  0.700 |ddv_scf|^2 =  9.717E-16

     End of self-consistent calculation

     Convergence has been achieved 


     Representation #  13 modes #  25  26

     Self-consistent Calculation

      iter #   1 total cpu time :274102.5 secs   av.it.:   4.2
      thresh= 1.000E-02 alpha_mix =  0.700 |ddv_scf|^2 =  3.375E-09

      iter #   2 total cpu time :274293.9 secs   av.it.:  16.7
      thresh= 5.810E-06 alpha_mix =  0.700 |ddv_scf|^2 =  1.407E-09

      iter #   3 total cpu time :274477.6 secs   av.it.:  15.9
      thresh= 3.751E-06 alpha_mix =  0.700 |ddv_scf|^2 =  2.316E-11

      iter #   4 total cpu time :274665.2 secs   av.it.:  16.0
      thresh= 4.813E-07 alpha_mix =  0.700 |ddv_scf|^2 =  7.604E-13

      iter #   5 total cpu time :274855.2 secs   av.it.:  16.3
      thresh= 8.720E-08 alpha_mix =  0.700 |ddv_scf|^2 =  5.143E-14

      iter #   6 total cpu time :275047.5 secs   av.it.:  16.4
      thresh= 2.268E-08 alpha_mix =  0.700 |ddv_scf|^2 =  1.230E-15

     End of self-consistent calculation

     Convergence has been achieved 


     Representation #  14 modes #  27  28

     Self-consistent Calculation

      iter #   1 total cpu time :275134.0 secs   av.it.:   3.2
      thresh= 1.000E-02 alpha_mix =  0.700 |ddv_scf|^2 =  5.040E-10

      iter #   2 total cpu time :275338.8 secs   av.it.:  16.9
      thresh= 2.245E-06 alpha_mix =  0.700 |ddv_scf|^2 =  2.643E-10

      iter #   3 total cpu time :275539.8 secs   av.it.:  16.0
      thresh= 1.626E-06 alpha_mix =  0.700 |ddv_scf|^2 =  1.918E-12

      iter #   4 total cpu time :275746.8 secs   av.it.:  16.8
      thresh= 1.385E-07 alpha_mix =  0.700 |ddv_scf|^2 =  1.294E-13

      iter #   5 total cpu time :275956.3 secs   av.it.:  16.9
      thresh= 3.598E-08 alpha_mix =  0.700 |ddv_scf|^2 =  5.408E-15

     End of self-consistent calculation

     Convergence has been achieved 


     Representation #  15 modes #  29  30

     Self-consistent Calculation

      iter #   1 total cpu time :276042.9 secs   av.it.:   3.0
      thresh= 1.000E-02 alpha_mix =  0.700 |ddv_scf|^2 =  8.766E-10

      iter #   2 total cpu time :276245.5 secs   av.it.:  16.5
      thresh= 2.961E-06 alpha_mix =  0.700 |ddv_scf|^2 =  4.601E-10

      iter #   3 total cpu time :276435.6 secs   av.it.:  15.9
      thresh= 2.145E-06 alpha_mix =  0.700 |ddv_scf|^2 =  2.878E-12

      iter #   4 total cpu time :276629.6 secs   av.it.:  16.1
      thresh= 1.696E-07 alpha_mix =  0.700 |ddv_scf|^2 =  3.322E-13

      iter #   5 total cpu time :276823.7 secs   av.it.:  16.0
      thresh= 5.764E-08 alpha_mix =  0.700 |ddv_scf|^2 =  2.235E-14

      iter #   6 total cpu time :277015.8 secs   av.it.:  16.0
      thresh= 1.495E-08 alpha_mix =  0.700 |ddv_scf|^2 =  5.408E-16

     End of self-consistent calculation

     Convergence has been achieved 


     Representation #  16 modes #  31  32

     Self-consistent Calculation

      iter #   1 total cpu time :277136.7 secs   av.it.:   6.6
      thresh= 1.000E-02 alpha_mix =  0.700 |ddv_scf|^2 =  3.051E-08

      iter #   2 total cpu time :277332.1 secs   av.it.:  16.9
      thresh= 1.747E-05 alpha_mix =  0.700 |ddv_scf|^2 =  1.559E-08

      iter #   3 total cpu time :277528.3 secs   av.it.:  15.9
      thresh= 1.249E-05 alpha_mix =  0.700 |ddv_scf|^2 =  9.135E-11

      iter #   4 total cpu time :277732.3 secs   av.it.:  16.9
      thresh= 9.558E-07 alpha_mix =  0.700 |ddv_scf|^2 =  3.298E-12

      iter #   5 total cpu time :277939.7 secs   av.it.:  16.6
      thresh= 1.816E-07 alpha_mix =  0.700 |ddv_scf|^2 =  1.301E-13

      iter #   6 total cpu time :278148.0 secs   av.it.:  16.6
      thresh= 3.607E-08 alpha_mix =  0.700 |ddv_scf|^2 =  1.235E-14

      iter #   7 total cpu time :278357.5 secs   av.it.:  16.9
      thresh= 1.111E-08 alpha_mix =  0.700 |ddv_scf|^2 =  1.951E-15

     End of self-consistent calculation

     Convergence has been achieved 


     Representation #  17 modes #  33  34

     Self-consistent Calculation

      iter #   1 total cpu time :278445.7 secs   av.it.:   3.0
      thresh= 1.000E-02 alpha_mix =  0.700 |ddv_scf|^2 =  6.475E-10

      iter #   2 total cpu time :278642.5 secs   av.it.:  16.9
      thresh= 2.545E-06 alpha_mix =  0.700 |ddv_scf|^2 =  3.948E-10

      iter #   3 total cpu time :278839.9 secs   av.it.:  15.9
      thresh= 1.987E-06 alpha_mix =  0.700 |ddv_scf|^2 =  1.993E-12

      iter #   4 total cpu time :279044.6 secs   av.it.:  16.6
      thresh= 1.412E-07 alpha_mix =  0.700 |ddv_scf|^2 =  4.852E-13

      iter #   5 total cpu time :279242.7 secs   av.it.:  15.9
      thresh= 6.966E-08 alpha_mix =  0.700 |ddv_scf|^2 =  1.203E-14

      iter #   6 total cpu time :279445.0 secs   av.it.:  16.1
      thresh= 1.097E-08 alpha_mix =  0.700 |ddv_scf|^2 =  8.884E-16

     End of self-consistent calculation

     Convergence has been achieved 


     Representation #  18 modes #  35  36

     Self-consistent Calculation

      iter #   1 total cpu time :279531.5 secs   av.it.:   3.0
      thresh= 1.000E-02 alpha_mix =  0.700 |ddv_scf|^2 =  2.907E-10

      iter #   2 total cpu time :279738.6 secs   av.it.:  16.9
      thresh= 1.705E-06 alpha_mix =  0.700 |ddv_scf|^2 =  1.454E-10

      iter #   3 total cpu time :279936.9 secs   av.it.:  16.0
      thresh= 1.206E-06 alpha_mix =  0.700 |ddv_scf|^2 =  2.488E-12

      iter #   4 total cpu time :280139.8 secs   av.it.:  16.1
      thresh= 1.577E-07 alpha_mix =  0.700 |ddv_scf|^2 =  1.521E-13

      iter #   5 total cpu time :280343.5 secs   av.it.:  16.4
      thresh= 3.900E-08 alpha_mix =  0.700 |ddv_scf|^2 =  1.005E-14

      iter #   6 total cpu time :280545.7 secs   av.it.:  16.1
      thresh= 1.002E-08 alpha_mix =  0.700 |ddv_scf|^2 =  6.165E-16

     End of self-consistent calculation

     Convergence has been achieved 


     Representation #  19 modes #  37  38

     Self-consistent Calculation

      iter #   1 total cpu time :280634.1 secs   av.it.:   3.0
      thresh= 1.000E-02 alpha_mix =  0.700 |ddv_scf|^2 =  6.851E-10

      iter #   2 total cpu time :280842.6 secs   av.it.:  16.9
      thresh= 2.618E-06 alpha_mix =  0.700 |ddv_scf|^2 =  3.816E-10

      iter #   3 total cpu time :281041.7 secs   av.it.:  16.0
      thresh= 1.954E-06 alpha_mix =  0.700 |ddv_scf|^2 =  2.299E-12

      iter #   4 total cpu time :281233.7 secs   av.it.:  16.0
      thresh= 1.516E-07 alpha_mix =  0.700 |ddv_scf|^2 =  1.171E-13

      iter #   5 total cpu time :281432.6 secs   av.it.:  16.9
      thresh= 3.422E-08 alpha_mix =  0.700 |ddv_scf|^2 =  8.814E-15

     End of self-consistent calculation

     Convergence has been achieved 


     Representation #  20 modes #  39  40

     Self-consistent Calculation

      iter #   1 total cpu time :281519.5 secs   av.it.:   3.0
      thresh= 1.000E-02 alpha_mix =  0.700 |ddv_scf|^2 =  1.541E-09

      iter #   2 total cpu time :281711.5 secs   av.it.:  16.2
      thresh= 3.926E-06 alpha_mix =  0.700 |ddv_scf|^2 =  1.129E-09

      iter #   3 total cpu time :281896.3 secs   av.it.:  15.9
      thresh= 3.361E-06 alpha_mix =  0.700 |ddv_scf|^2 =  1.816E-12

      iter #   4 total cpu time :282090.4 secs   av.it.:  16.8
      thresh= 1.348E-07 alpha_mix =  0.700 |ddv_scf|^2 =  4.007E-13

      iter #   5 total cpu time :282279.6 secs   av.it.:  16.0
      thresh= 6.330E-08 alpha_mix =  0.700 |ddv_scf|^2 =  6.462E-15

     End of self-consistent calculation

     Convergence has been achieved 


     Representation #  21 modes #  41  42

     Self-consistent Calculation

      iter #   1 total cpu time :282362.7 secs   av.it.:   3.0
      thresh= 1.000E-02 alpha_mix =  0.700 |ddv_scf|^2 =  4.993E-10

      iter #   2 total cpu time :282565.3 secs   av.it.:  16.8
      thresh= 2.234E-06 alpha_mix =  0.700 |ddv_scf|^2 =  2.206E-10

      iter #   3 total cpu time :282761.2 secs   av.it.:  16.0
      thresh= 1.485E-06 alpha_mix =  0.700 |ddv_scf|^2 =  2.462E-12

      iter #   4 total cpu time :282955.1 secs   av.it.:  16.4
      thresh= 1.569E-07 alpha_mix =  0.700 |ddv_scf|^2 =  5.936E-14

      iter #   5 total cpu time :283149.2 secs   av.it.:  16.9
      thresh= 2.436E-08 alpha_mix =  0.700 |ddv_scf|^2 =  6.622E-15

     End of self-consistent calculation

     Convergence has been achieved 


     Representation #  22 modes #  43  44

     Self-consistent Calculation

      iter #   1 total cpu time :283250.3 secs   av.it.:   5.0
      thresh= 1.000E-02 alpha_mix =  0.700 |ddv_scf|^2 =  7.743E-09

      iter #   2 total cpu time :283459.4 secs   av.it.:  16.8
      thresh= 8.799E-06 alpha_mix =  0.700 |ddv_scf|^2 =  5.723E-09

      iter #   3 total cpu time :283658.1 secs   av.it.:  15.9
      thresh= 7.565E-06 alpha_mix =  0.700 |ddv_scf|^2 =  1.404E-11

      iter #   4 total cpu time :283868.2 secs   av.it.:  16.9
      thresh= 3.747E-07 alpha_mix =  0.700 |ddv_scf|^2 =  1.322E-12

      iter #   5 total cpu time :284076.2 secs   av.it.:  16.6
      thresh= 1.150E-07 alpha_mix =  0.700 |ddv_scf|^2 =  2.410E-13

      iter #   6 total cpu time :284269.5 secs   av.it.:  16.0
      thresh= 4.909E-08 alpha_mix =  0.700 |ddv_scf|^2 =  1.762E-15

     End of self-consistent calculation

     Convergence has been achieved 


     Representation #  23 modes #  45  46

     Self-consistent Calculation

      iter #   1 total cpu time :284357.1 secs   av.it.:   3.0
      thresh= 1.000E-02 alpha_mix =  0.700 |ddv_scf|^2 =  5.700E-10

      iter #   2 total cpu time :284567.6 secs   av.it.:  16.9
      thresh= 2.388E-06 alpha_mix =  0.700 |ddv_scf|^2 =  3.444E-10

      iter #   3 total cpu time :284769.4 secs   av.it.:  15.9
      thresh= 1.856E-06 alpha_mix =  0.700 |ddv_scf|^2 =  1.808E-12

      iter #   4 total cpu time :284976.4 secs   av.it.:  16.9
      thresh= 1.344E-07 alpha_mix =  0.700 |ddv_scf|^2 =  3.601E-13

      iter #   5 total cpu time :285167.2 secs   av.it.:  16.4
      thresh= 6.001E-08 alpha_mix =  0.700 |ddv_scf|^2 =  1.969E-14

      iter #   6 total cpu time :285365.6 secs   av.it.:  16.0
      thresh= 1.403E-08 alpha_mix =  0.700 |ddv_scf|^2 =  1.134E-15

     End of self-consistent calculation

     Convergence has been achieved 


     Representation #  24 modes #  47  48

     Self-consistent Calculation

      iter #   1 total cpu time :285467.7 secs   av.it.:   4.6
      thresh= 1.000E-02 alpha_mix =  0.700 |ddv_scf|^2 =  3.086E-09

      iter #   2 total cpu time :285673.0 secs   av.it.:  16.9
      thresh= 5.555E-06 alpha_mix =  0.700 |ddv_scf|^2 =  1.054E-09

      iter #   3 total cpu time :285871.5 secs   av.it.:  16.0
      thresh= 3.246E-06 alpha_mix =  0.700 |ddv_scf|^2 =  2.050E-11

      iter #   4 total cpu time :286075.3 secs   av.it.:  16.3
      thresh= 4.528E-07 alpha_mix =  0.700 |ddv_scf|^2 =  1.015E-12

      iter #   5 total cpu time :286282.3 secs   av.it.:  16.9
      thresh= 1.007E-07 alpha_mix =  0.700 |ddv_scf|^2 =  9.085E-14

      iter #   6 total cpu time :286486.6 secs   av.it.:  16.7
      thresh= 3.014E-08 alpha_mix =  0.700 |ddv_scf|^2 =  2.010E-15

     End of self-consistent calculation

     Convergence has been achieved 


     Representation #  25 modes #  49  50

     Self-consistent Calculation

      iter #   1 total cpu time :286577.8 secs   av.it.:   3.4
      thresh= 1.000E-02 alpha_mix =  0.700 |ddv_scf|^2 =  9.032E-10

      iter #   2 total cpu time :286784.8 secs   av.it.:  16.9
      thresh= 3.005E-06 alpha_mix =  0.700 |ddv_scf|^2 =  5.323E-10

      iter #   3 total cpu time :286983.0 secs   av.it.:  15.9
      thresh= 2.307E-06 alpha_mix =  0.700 |ddv_scf|^2 =  1.444E-12

      iter #   4 total cpu time :287187.6 secs   av.it.:  16.9
      thresh= 1.202E-07 alpha_mix =  0.700 |ddv_scf|^2 =  2.000E-13

      iter #   5 total cpu time :287386.5 secs   av.it.:  16.6
      thresh= 4.473E-08 alpha_mix =  0.700 |ddv_scf|^2 =  2.426E-14

      iter #   6 total cpu time :287584.4 secs   av.it.:  16.0
      thresh= 1.558E-08 alpha_mix =  0.700 |ddv_scf|^2 =  1.077E-15

     End of self-consistent calculation

     Convergence has been achieved 


     Representation #  26 modes #  51  52

     Self-consistent Calculation

      iter #   1 total cpu time :287707.4 secs   av.it.:   6.5
      thresh= 1.000E-02 alpha_mix =  0.700 |ddv_scf|^2 =  3.386E-08

      iter #   2 total cpu time :287910.0 secs   av.it.:  16.8
      thresh= 1.840E-05 alpha_mix =  0.700 |ddv_scf|^2 =  2.152E-08

      iter #   3 total cpu time :288106.9 secs   av.it.:  15.9
      thresh= 1.467E-05 alpha_mix =  0.700 |ddv_scf|^2 =  6.360E-11

      iter #   4 total cpu time :288315.1 secs   av.it.:  16.9
      thresh= 7.975E-07 alpha_mix =  0.700 |ddv_scf|^2 =  3.047E-12

      iter #   5 total cpu time :288522.0 secs   av.it.:  16.6
      thresh= 1.745E-07 alpha_mix =  0.700 |ddv_scf|^2 =  1.348E-13

      iter #   6 total cpu time :288726.5 secs   av.it.:  16.6
      thresh= 3.672E-08 alpha_mix =  0.700 |ddv_scf|^2 =  5.378E-15

     End of self-consistent calculation

     Convergence has been achieved 


     Representation #  27 modes #  53  54

     Self-consistent Calculation

      iter #   1 total cpu time :288814.0 secs   av.it.:   3.2
      thresh= 1.000E-02 alpha_mix =  0.700 |ddv_scf|^2 =  5.728E-10

      iter #   2 total cpu time :289017.4 secs   av.it.:  16.9
      thresh= 2.393E-06 alpha_mix =  0.700 |ddv_scf|^2 =  3.496E-10

      iter #   3 total cpu time :289219.6 secs   av.it.:  15.9
      thresh= 1.870E-06 alpha_mix =  0.700 |ddv_scf|^2 =  1.507E-12

      iter #   4 total cpu time :289419.1 secs   av.it.:  16.8
      thresh= 1.227E-07 alpha_mix =  0.700 |ddv_scf|^2 =  1.546E-13

      iter #   5 total cpu time :289616.9 secs   av.it.:  16.7
      thresh= 3.933E-08 alpha_mix =  0.700 |ddv_scf|^2 =  4.179E-15

     End of self-consistent calculation

     Convergence has been achieved 


     Representation #  28 modes #  55  56

     Self-consistent Calculation

      iter #   1 total cpu time :289719.7 secs   av.it.:   4.8
      thresh= 1.000E-02 alpha_mix =  0.700 |ddv_scf|^2 =  4.468E-09

      iter #   2 total cpu time :289923.2 secs   av.it.:  16.8
      thresh= 6.684E-06 alpha_mix =  0.700 |ddv_scf|^2 =  2.574E-09

      iter #   3 total cpu time :290123.8 secs   av.it.:  15.9
      thresh= 5.073E-06 alpha_mix =  0.700 |ddv_scf|^2 =  2.669E-11

      iter #   4 total cpu time :290321.1 secs   av.it.:  16.2
      thresh= 5.166E-07 alpha_mix =  0.700 |ddv_scf|^2 =  1.576E-12

      iter #   5 total cpu time :290523.3 secs   av.it.:  16.5
      thresh= 1.256E-07 alpha_mix =  0.700 |ddv_scf|^2 =  1.447E-13

      iter #   6 total cpu time :290724.7 secs   av.it.:  16.2
      thresh= 3.804E-08 alpha_mix =  0.700 |ddv_scf|^2 =  7.305E-15

     End of self-consistent calculation

     Convergence has been achieved 


     Representation #  29 modes #  57  58

     Self-consistent Calculation

      iter #   1 total cpu time :290811.9 secs   av.it.:   3.0
      thresh= 1.000E-02 alpha_mix =  0.700 |ddv_scf|^2 =  7.237E-10

      iter #   2 total cpu time :291020.5 secs   av.it.:  16.8
      thresh= 2.690E-06 alpha_mix =  0.700 |ddv_scf|^2 =  3.225E-10

      iter #   3 total cpu time :291222.1 secs   av.it.:  16.0
      thresh= 1.796E-06 alpha_mix =  0.700 |ddv_scf|^2 =  3.249E-12

      iter #   4 total cpu time :291425.4 secs   av.it.:  16.7
      thresh= 1.802E-07 alpha_mix =  0.700 |ddv_scf|^2 =  1.019E-13

      iter #   5 total cpu time :291628.2 secs   av.it.:  16.9
      thresh= 3.192E-08 alpha_mix =  0.700 |ddv_scf|^2 =  8.345E-15

     End of self-consistent calculation

     Convergence has been achieved 


     Representation #  30 modes #  59  60

     Self-consistent Calculation

      iter #   1 total cpu time :291715.0 secs   av.it.:   3.0
      thresh= 1.000E-02 alpha_mix =  0.700 |ddv_scf|^2 =  5.870E-10

      iter #   2 total cpu time :291917.9 secs   av.it.:  16.8
      thresh= 2.423E-06 alpha_mix =  0.700 |ddv_scf|^2 =  2.764E-10

      iter #   3 total cpu time :292113.6 secs   av.it.:  15.9
      thresh= 1.662E-06 alpha_mix =  0.700 |ddv_scf|^2 =  2.695E-12

      iter #   4 total cpu time :292314.7 secs   av.it.:  16.7
      thresh= 1.642E-07 alpha_mix =  0.700 |ddv_scf|^2 =  3.614E-13

      iter #   5 total cpu time :292512.7 secs   av.it.:  16.0
      thresh= 6.011E-08 alpha_mix =  0.700 |ddv_scf|^2 =  1.696E-14

      iter #   6 total cpu time :292711.0 secs   av.it.:  16.0
      thresh= 1.302E-08 alpha_mix =  0.700 |ddv_scf|^2 =  8.110E-16

     End of self-consistent calculation

     Convergence has been achieved 


     Representation #  31 modes #  61  62

     Self-consistent Calculation

      iter #   1 total cpu time :292801.0 secs   av.it.:   3.3
      thresh= 1.000E-02 alpha_mix =  0.700 |ddv_scf|^2 =  8.407E-10

      iter #   2 total cpu time :293007.5 secs   av.it.:  16.9
      thresh= 2.900E-06 alpha_mix =  0.700 |ddv_scf|^2 =  5.213E-10

      iter #   3 total cpu time :293205.1 secs   av.it.:  15.9
      thresh= 2.283E-06 alpha_mix =  0.700 |ddv_scf|^2 =  1.126E-12

      iter #   4 total cpu time :293410.3 secs   av.it.:  16.9
      thresh= 1.061E-07 alpha_mix =  0.700 |ddv_scf|^2 =  9.031E-14

      iter #   5 total cpu time :293618.6 secs   av.it.:  16.9
      thresh= 3.005E-08 alpha_mix =  0.700 |ddv_scf|^2 =  1.080E-14

      iter #   6 total cpu time :293823.9 secs   av.it.:  16.4
      thresh= 1.039E-08 alpha_mix =  0.700 |ddv_scf|^2 =  9.035E-16

     End of self-consistent calculation

     Convergence has been achieved 


     Representation #  32 modes #  63  64

     Self-consistent Calculation

      iter #   1 total cpu time :293914.8 secs   av.it.:   3.1
      thresh= 1.000E-02 alpha_mix =  0.700 |ddv_scf|^2 =  6.646E-10

      iter #   2 total cpu time :294124.3 secs   av.it.:  16.9
      thresh= 2.578E-06 alpha_mix =  0.700 |ddv_scf|^2 =  3.360E-10

      iter #   3 total cpu time :294322.3 secs   av.it.:  16.0
      thresh= 1.833E-06 alpha_mix =  0.700 |ddv_scf|^2 =  2.110E-12

      iter #   4 total cpu time :294521.1 secs   av.it.:  16.9
      thresh= 1.453E-07 alpha_mix =  0.700 |ddv_scf|^2 =  1.271E-13

      iter #   5 total cpu time :294714.6 secs   av.it.:  16.9
      thresh= 3.565E-08 alpha_mix =  0.700 |ddv_scf|^2 =  7.428E-15

     End of self-consistent calculation

     Convergence has been achieved 


     Representation #  33 modes #  65  66

     Self-consistent Calculation

      iter #   1 total cpu time :294803.0 secs   av.it.:   3.2
      thresh= 1.000E-02 alpha_mix =  0.700 |ddv_scf|^2 =  1.132E-09

      iter #   2 total cpu time :295010.9 secs   av.it.:  16.9
      thresh= 3.364E-06 alpha_mix =  0.700 |ddv_scf|^2 =  6.948E-10

      iter #   3 total cpu time :295208.0 secs   av.it.:  15.9
      thresh= 2.636E-06 alpha_mix =  0.700 |ddv_scf|^2 =  3.035E-12

      iter #   4 total cpu time :295405.6 secs   av.it.:  16.8
      thresh= 1.742E-07 alpha_mix =  0.700 |ddv_scf|^2 =  4.116E-13

      iter #   5 total cpu time :295602.2 secs   av.it.:  16.8
      thresh= 6.416E-08 alpha_mix =  0.700 |ddv_scf|^2 =  3.020E-14

      iter #   6 total cpu time :295793.4 secs   av.it.:  16.0
      thresh= 1.738E-08 alpha_mix =  0.700 |ddv_scf|^2 =  2.131E-15

     End of self-consistent calculation

     Convergence has been achieved 

     Number of q in the star =    1
     List of q in the star:
          1  -0.500000000  -0.499148707  -0.757653429

     Diagonalizing the dynamical matrix

     q = (   -0.500000000  -0.499148707  -0.757653429 ) 

 **************************************************************************
     freq (    1) =       1.238547 [THz] =      41.313487 [cm-1]
     freq (    2) =       1.238547 [THz] =      41.313487 [cm-1]
     freq (    3) =       1.839834 [THz] =      61.370249 [cm-1]
     freq (    4) =       1.839834 [THz] =      61.370249 [cm-1]
     freq (    5) =       3.228975 [THz] =     107.706997 [cm-1]
     freq (    6) =       3.228975 [THz] =     107.706997 [cm-1]
     freq (    7) =       4.601184 [THz] =     153.478968 [cm-1]
     freq (    8) =       4.601184 [THz] =     153.478968 [cm-1]
     freq (    9) =       4.685686 [THz] =     156.297653 [cm-1]
     freq (   10) =       4.685686 [THz] =     156.297653 [cm-1]
     freq (   11) =       5.847583 [THz] =     195.054361 [cm-1]
     freq (   12) =       5.847583 [THz] =     195.054361 [cm-1]
     freq (   13) =       6.258506 [THz] =     208.761291 [cm-1]
     freq (   14) =       6.258506 [THz] =     208.761291 [cm-1]
     freq (   15) =       6.885781 [THz] =     229.684922 [cm-1]
     freq (   16) =       6.885781 [THz] =     229.684922 [cm-1]
     freq (   17) =       8.057803 [THz] =     268.779384 [cm-1]
     freq (   18) =       8.057803 [THz] =     268.779384 [cm-1]
     freq (   19) =       8.225209 [THz] =     274.363426 [cm-1]
     freq (   20) =       8.225209 [THz] =     274.363426 [cm-1]
     freq (   21) =       8.454362 [THz] =     282.007171 [cm-1]
     freq (   22) =       8.454362 [THz] =     282.007171 [cm-1]
     freq (   23) =       9.125785 [THz] =     304.403410 [cm-1]
     freq (   24) =       9.125785 [THz] =     304.403410 [cm-1]
     freq (   25) =       9.280452 [THz] =     309.562573 [cm-1]
     freq (   26) =       9.280452 [THz] =     309.562573 [cm-1]
     freq (   27) =      12.082999 [THz] =     403.045450 [cm-1]
     freq (   28) =      12.082999 [THz] =     403.045450 [cm-1]
     freq (   29) =      12.383148 [THz] =     413.057362 [cm-1]
     freq (   30) =      12.383148 [THz] =     413.057362 [cm-1]
     freq (   31) =      30.638994 [THz] =    1022.006823 [cm-1]
     freq (   32) =      30.638994 [THz] =    1022.006823 [cm-1]
     freq (   33) =      30.798371 [THz] =    1027.323069 [cm-1]
     freq (   34) =      30.798371 [THz] =    1027.323069 [cm-1]
     freq (   35) =      31.802030 [THz] =    1060.801537 [cm-1]
     freq (   36) =      31.802030 [THz] =    1060.801537 [cm-1]
     freq (   37) =      31.822126 [THz] =    1061.471866 [cm-1]
     freq (   38) =      31.822126 [THz] =    1061.471866 [cm-1]
     freq (   39) =      32.354514 [THz] =    1079.230409 [cm-1]
     freq (   40) =      32.354514 [THz] =    1079.230409 [cm-1]
     freq (   41) =      32.460882 [THz] =    1082.778460 [cm-1]
     freq (   42) =      32.460882 [THz] =    1082.778460 [cm-1]
     freq (   43) =      35.936960 [THz] =    1198.727941 [cm-1]
     freq (   44) =      35.936960 [THz] =    1198.727941 [cm-1]
     freq (   45) =      35.938414 [THz] =    1198.776446 [cm-1]
     freq (   46) =      35.938414 [THz] =    1198.776446 [cm-1]
     freq (   47) =      36.121775 [THz] =    1204.892731 [cm-1]
     freq (   48) =      36.121775 [THz] =    1204.892731 [cm-1]
     freq (   49) =      36.245231 [THz] =    1209.010752 [cm-1]
     freq (   50) =      36.245231 [THz] =    1209.010752 [cm-1]
     freq (   51) =      68.326429 [THz] =    2279.124344 [cm-1]
     freq (   52) =      68.326429 [THz] =    2279.124344 [cm-1]
     freq (   53) =      68.452478 [THz] =    2283.328890 [cm-1]
     freq (   54) =      68.452478 [THz] =    2283.328890 [cm-1]
     freq (   55) =      70.024883 [THz] =    2335.778658 [cm-1]
     freq (   56) =      70.024883 [THz] =    2335.778658 [cm-1]
     freq (   57) =      70.198374 [THz] =    2341.565715 [cm-1]
     freq (   58) =      70.198374 [THz] =    2341.565715 [cm-1]
     freq (   59) =      70.588143 [THz] =    2354.567002 [cm-1]
     freq (   60) =      70.588143 [THz] =    2354.567002 [cm-1]
     freq (   61) =      70.679187 [THz] =    2357.603897 [cm-1]
     freq (   62) =      70.679187 [THz] =    2357.603897 [cm-1]
     freq (   63) =      71.402861 [THz] =    2381.743087 [cm-1]
     freq (   64) =      71.402861 [THz] =    2381.743087 [cm-1]
     freq (   65) =      71.408593 [THz] =    2381.934261 [cm-1]
     freq (   66) =      71.408593 [THz] =    2381.934261 [cm-1]
 **************************************************************************

     init_run     :      8.46s CPU      8.76s WALL (       7 calls)
     electrons    :   1476.07s CPU   1486.62s WALL (       7 calls)

     Called by init_run:
     wfcinit      :      0.00s CPU      0.01s WALL (       7 calls)
     potinit      :      1.00s CPU      1.10s WALL (       7 calls)
     hinit0       :      0.85s CPU      0.91s WALL (       7 calls)

     Called by electrons:
     c_bands      :   1476.07s CPU   1486.45s WALL (       7 calls)
     v_of_rho     :      0.92s CPU      0.97s WALL (       8 calls)
     newd         :      1.57s CPU      1.59s WALL (       8 calls)

     Called by c_bands:
     init_us_2    :    393.45s CPU    432.89s WALL (   76707 calls)
     cegterg      :   1351.56s CPU   1360.27s WALL (     740 calls)

     Called by *egterg:
     cdiaghg      :     38.13s CPU     38.31s WALL (    8664 calls)
     h_psi        : 152486.43s CPU 153730.69s WALL ( 1473466 calls)
     s_psi        :  60716.92s CPU  60938.95s WALL ( 3024360 calls)
     g_psi        :      3.42s CPU      3.44s WALL (    8286 calls)

     Called by h_psi:
     h_psi:calbec :  26324.91s CPU  26439.73s WALL ( 1473466 calls)
     vloc_psi     :  96108.88s CPU  97131.20s WALL ( 1473466 calls)
     add_vuspsi   :  29412.50s CPU  29518.67s WALL ( 1473466 calls)

     General routines
     calbec       :  59173.12s CPU  59420.32s WALL ( 3270924 calls)
     fft          :   1253.20s CPU   1316.20s WALL (   94031 calls)
     ffts         :    744.57s CPU    759.69s WALL (   45312 calls)
     fftw         :  99030.65s CPU 100146.12s WALL (69640350 calls)
     interpolate  :     60.44s CPU     69.77s WALL (    6966 calls)
     davcio       :    201.99s CPU    396.37s WALL (  464360 calls)

     Parallel routines

     PHONON       :   3d 9h21m CPU   3d10h10m WALL

     INITIALIZATION: 
     phq_setup    :      2.68s CPU      3.34s WALL (       8 calls)
     phq_init     :   1640.40s CPU   1656.79s WALL (       8 calls)

     phq_init     :   1640.40s CPU   1656.79s WALL (       8 calls)
     set_drhoc    :      0.11s CPU      0.12s WALL (      24 calls)
     init_vloc    :      0.11s CPU      0.12s WALL (       8 calls)
     init_us_1    :      0.14s CPU      0.22s WALL (       8 calls)
     init_us_2    :    393.45s CPU    432.89s WALL (   76707 calls)
     newd         :      1.57s CPU      1.59s WALL (       8 calls)
     dvanqq       :    184.09s CPU    186.26s WALL (       8 calls)
     drho         :   1331.78s CPU   1345.20s WALL (       8 calls)
     drhous       :   1139.81s CPU   1148.80s WALL (       8 calls)
     nldyntot     :     24.92s CPU     24.95s WALL (       8 calls)

     DYNAMICAL MATRIX:
     dynmat0      :    104.66s CPU    105.18s WALL (       8 calls)
     dynmat_us    :     54.88s CPU     55.29s WALL (       8 calls)
     addusdynmat  :      0.02s CPU      0.08s WALL (       8 calls)
     d2ionq       :     47.27s CPU     47.31s WALL (       8 calls)
     dynmatcc     :      2.35s CPU      2.41s WALL (       8 calls)
     phqscf       : 284680.76s CPU 287504.32s WALL (       8 calls)
     dynmatrix    :      0.34s CPU      0.43s WALL (       8 calls)

     phqscf       : 284680.76s CPU 287504.32s WALL (       8 calls)
     solve_linter : 281468.06s CPU 284204.47s WALL (     330 calls)
     sth_kernel   : 269799.71s CPU 271894.98s WALL (    1998 calls)
     h_prec       :    129.57s CPU    130.47s WALL (   54027 calls)
     apply_dpot_b :   5533.97s CPU   5640.88s WALL (   72333 calls)
     ortho        :   4331.19s CPU   4355.27s WALL (   86751 calls)
     cgsolve      : 250288.40s CPU 251956.74s WALL (   86751 calls)
     incdrhoscf   :   9305.77s CPU   9464.91s WALL (   86751 calls)
                                        0.00s GPU  (   86751 calls)
     addusddens   :    847.60s CPU    859.02s WALL (    2321 calls)
     dv_of_drho   :    316.74s CPU    347.01s WALL (    3213 calls)
     mix_pot      :     30.89s CPU     88.89s WALL (    1998 calls)
     drhodv       :   1485.01s CPU   1502.06s WALL (     330 calls)
     psymdvscf    :   3326.51s CPU   3461.07s WALL (    1991 calls)
     newdq        :   1371.51s CPU   1379.64s WALL (    1998 calls)
     adddvscf     :    272.55s CPU    276.26s WALL (   72333 calls)
     drhodvus     :     22.71s CPU     36.41s WALL (     330 calls)

     dvqpsi_us    :   7823.79s CPU   7859.68s WALL (   16038 calls)
                                        0.00s GPU  (   16038 calls)
     dvqpsi_us_on :   5920.15s CPU   5932.05s WALL (   16038 calls)

     add_vuspsi   :  29412.50s CPU  29518.67s WALL ( 1473466 calls)
     addusdbec    :   2072.42s CPU   2079.72s WALL (  101007 calls)

     drhodvus     :     22.71s CPU     36.41s WALL (     330 calls)

      General routines
     calbec       :  59173.12s CPU  59420.32s WALL ( 3270924 calls)
     fft          :   1253.20s CPU   1316.20s WALL (   94031 calls)
     ffts         :    744.57s CPU    759.69s WALL (   45312 calls)
     fftw         :  99030.65s CPU 100146.12s WALL (69640350 calls)
     davcio       :    201.99s CPU    396.37s WALL (  464360 calls)
     write_rec    :     37.21s CPU    384.69s WALL (    2328 calls)

      Additional routines
     ch_psi       : 247040.86s CPU 248665.83s WALL ( 1464062 calls)
     last         :  65026.55s CPU  65305.13s WALL ( 1464062 calls)
     Hesh         :    439.57s CPU    444.12s WALL ( 1464062 calls)
     ch_psi_all_k :  64563.01s CPU  64839.68s WALL ( 1464062 calls)
                                        0.00s GPU  ( 1464062 calls)
     ch_psi_calbe :  26068.96s CPU  26154.67s WALL ( 1464062 calls)
                                        0.00s GPU  ( 1464062 calls)
     h_psi_bgrp   : 152499.75s CPU 153740.99s WALL ( 1473466 calls)
     h_psi        : 152486.43s CPU 153730.69s WALL ( 1473466 calls)
     h_psi:pot    : 151881.13s CPU 153114.16s WALL ( 1473466 calls)
     h_psi:calbec :  26324.91s CPU  26439.73s WALL ( 1473466 calls)
     s_psi_bgrp   :  61410.43s CPU  61623.78s WALL ( 3024360 calls)
     s_psi        :  60716.92s CPU  60938.95s WALL ( 3024360 calls)


     PHONON       :   3d 9h21m CPU   3d10h10m WALL


   This run was terminated on:  21:26:57  15Aug2024            

=------------------------------------------------------------------------------=
   JOB DONE.
=------------------------------------------------------------------------------=
