Dynamical matrix file
                                                                           
  3   22   8  13.0625686   1.0082751   0.6698886   0.0000000   0.0000000   0.0000000
           1  'B      '    9853.6237122476850     
           2  'Ba     '    125165.90357338246     
           3  'H      '    918.68111039893927     
    1    2      0.5000000000      0.5041375300      0.3349463533
    2    2      0.0000000000      0.0000000000      0.6698866067
    3    1      0.6199027667      0.2491213613      0.0000020759
    4    1      0.3800972333      0.7591536987      0.0000020759
    5    1      0.1199027667      0.2550161687      0.3349422441
    6    1      0.8800972333      0.7532588913      0.3349422441
    7    3      0.4465500107      0.2908847589     -0.0000131736
    8    3      0.5534499893      0.7173903011     -0.0000131736
    9    3      0.9465500107      0.2132527711      0.3349574936
   10    3      0.0534499893      0.7950222889      0.3349574936
   11    3      0.7186284160      0.3986060059      0.0000029817
   12    3      0.2813715840      0.6096690541      0.0000029817
   13    3      0.2186284160      0.1055315241      0.3349413383
   14    3      0.7813715840      0.9027435359      0.3349413383
   15    3      0.6538704440      0.1549260164      0.5227910429
   16    3      0.3461295560      0.8533490436      0.5227910429
   17    3      0.1538704440      0.3492115136      0.4820419171
   18    3      0.8461295560      0.6590635464      0.4820419171
   19    3      0.3461394558      0.8533469185      0.1471062934
   20    3      0.6538605442      0.1549281415      0.1471062934
   21    3      0.8461394558      0.6590656715      0.1878380266
   22    3      0.1538605442      0.3492093885      0.1878380266

     Dynamical  Matrix in cartesian axes

     q = (    0.000000000   0.000000000  -0.746392714 ) 

    1    1
  0.05206153   0.00000000     0.00839462   0.00000000     0.00000000   0.00000000
  0.00839462   0.00000000     0.04926679   0.00000000     0.00000000   0.00000000
  0.00000000   0.00000000     0.00000000   0.00000000     0.14860972   0.00000000
    1    2
 -0.00053315   0.00000000     0.00029855   0.00000000     0.00000000   0.00000000
 -0.00029855   0.00000000    -0.00073377   0.00000000     0.00000000   0.00000000
  0.00000000   0.00000000     0.00000000   0.00000000     0.00000058   0.00000000
    1    3
 -0.00011034   0.00000000     0.00015625  -0.00000000     0.01214565  -0.00000000
  0.00007495  -0.00000000     0.00001015  -0.00000000    -0.02642031   0.00000000
  0.00940586  -0.00000000    -0.02956143   0.00000000    -0.00004079   0.00000000
    1    4
 -0.00011034   0.00000000     0.00015625  -0.00000000    -0.01214565   0.00000000
  0.00007495  -0.00000000     0.00001015  -0.00000000     0.02642031  -0.00000000
 -0.00940586   0.00000000     0.02956143  -0.00000000    -0.00004079   0.00000000
    1    5
 -0.01379861   0.00000000    -0.00843894   0.00000000     0.00003903  -0.00000000
 -0.00641594   0.00000000    -0.00068519   0.00000000    -0.00018071   0.00000000
 -0.00001088   0.00000000    -0.00005498   0.00000000     0.00489412  -0.00000000
    1    6
 -0.01379861   0.00000000    -0.00843894   0.00000000    -0.00003903   0.00000000
 -0.00641594   0.00000000    -0.00068519   0.00000000     0.00018071  -0.00000000
  0.00001088  -0.00000000     0.00005498  -0.00000000     0.00489412  -0.00000000
    1    7
  0.00005284  -0.00000000    -0.00005968   0.00000000    -0.00627244   0.00000000
  0.00002610  -0.00000000    -0.00004199   0.00000000    -0.00362553   0.00000000
 -0.00142853   0.00000000    -0.00527456   0.00000000     0.00008791  -0.00000000
    1    8
  0.00005284  -0.00000000    -0.00005968   0.00000000     0.00627244  -0.00000000
  0.00002610  -0.00000000    -0.00004199   0.00000000     0.00362553  -0.00000000
  0.00142853  -0.00000000     0.00527456  -0.00000000     0.00008791  -0.00000000
    1    9
  0.00590887  -0.00000000     0.00205314  -0.00000000     0.00018221  -0.00000000
  0.00191464  -0.00000000    -0.00011971   0.00000000     0.00041495  -0.00000000
 -0.00001131   0.00000000     0.00013835  -0.00000000    -0.00464809   0.00000000
    1   10
  0.00590887  -0.00000000     0.00205314  -0.00000000    -0.00018221   0.00000000
  0.00191464  -0.00000000    -0.00011971   0.00000000    -0.00041495   0.00000000
  0.00001131  -0.00000000    -0.00013835   0.00000000    -0.00464809   0.00000000
    1   11
  0.00002186  -0.00000000     0.00012245  -0.00000000     0.00229082  -0.00000000
 -0.00000254   0.00000000     0.00008643  -0.00000000     0.00426473  -0.00000000
  0.00007716  -0.00000000     0.00069919  -0.00000000    -0.00012087   0.00000000
    1   12
  0.00002186  -0.00000000     0.00012245  -0.00000000    -0.00229082   0.00000000
 -0.00000254   0.00000000     0.00008643  -0.00000000    -0.00426473   0.00000000
 -0.00007716   0.00000000    -0.00069919   0.00000000    -0.00012087   0.00000000
    1   13
  0.00395811  -0.00000000     0.00397078  -0.00000000    -0.00005969   0.00000000
  0.00183005  -0.00000000     0.00091103  -0.00000000     0.00003805  -0.00000000
 -0.00005773   0.00000000    -0.00018270   0.00000000    -0.00357519   0.00000000
    1   14
  0.00395811  -0.00000000     0.00397078  -0.00000000     0.00005969  -0.00000000
  0.00183005  -0.00000000     0.00091103  -0.00000000    -0.00003805   0.00000000
  0.00005773  -0.00000000     0.00018270  -0.00000000    -0.00357519   0.00000000
    1   15
  0.00086114   0.00000000     0.00121651   0.00000000     0.00167792   0.00000000
  0.00020853   0.00000000    -0.00155316   0.00000000    -0.00407493   0.00000000
  0.00337616   0.00000000    -0.00756162   0.00000000    -0.00261562   0.00000000
    1   16
  0.00086114   0.00000000     0.00121651   0.00000000    -0.00167792   0.00000000
  0.00020853   0.00000000    -0.00155316   0.00000000     0.00407493   0.00000000
 -0.00337616   0.00000000     0.00756162   0.00000000    -0.00261562   0.00000000
    1   17
 -0.00351938   0.00000000    -0.00066804   0.00000000     0.00134416   0.00000000
 -0.00135409   0.00000000     0.00014747   0.00000000    -0.00060512   0.00000000
  0.00225974   0.00000000    -0.00114771   0.00000000    -0.00714992   0.00000000
    1   18
 -0.00351938   0.00000000    -0.00066804   0.00000000    -0.00134416   0.00000000
 -0.00135409   0.00000000     0.00014747   0.00000000     0.00060512   0.00000000
 -0.00225974   0.00000000     0.00114771   0.00000000    -0.00714992   0.00000000
    1   19
  0.00086363  -0.00000000     0.00098686  -0.00000000     0.00185161  -0.00000000
  0.00010176  -0.00000000    -0.00159864   0.00000000    -0.00416966   0.00000000
  0.00331895  -0.00000000    -0.00744065   0.00000000    -0.00280768   0.00000000
    1   20
  0.00086363  -0.00000000     0.00098686  -0.00000000    -0.00185161   0.00000000
  0.00010176  -0.00000000    -0.00159864   0.00000000     0.00416966  -0.00000000
 -0.00331895   0.00000000     0.00744065  -0.00000000    -0.00280768   0.00000000
    1   21
 -0.00347880   0.00000000    -0.00050967   0.00000000     0.00105548  -0.00000000
 -0.00142440   0.00000000     0.00016658  -0.00000000    -0.00074742   0.00000000
  0.00209492  -0.00000000    -0.00064936   0.00000000    -0.00723798   0.00000000
    1   22
 -0.00347880   0.00000000    -0.00050967   0.00000000    -0.00105548   0.00000000
 -0.00142440   0.00000000     0.00016658  -0.00000000     0.00074742  -0.00000000
 -0.00209492   0.00000000     0.00064936  -0.00000000    -0.00723798   0.00000000
    2    1
 -0.00053315   0.00000000    -0.00029855   0.00000000     0.00000000   0.00000000
  0.00029855   0.00000000    -0.00073377   0.00000000     0.00000000   0.00000000
  0.00000000   0.00000000     0.00000000   0.00000000     0.00000058   0.00000000
    2    2
  0.05206153   0.00000000    -0.00839462   0.00000000     0.00000000   0.00000000
 -0.00839462   0.00000000     0.04926679   0.00000000     0.00000000   0.00000000
  0.00000000   0.00000000     0.00000000   0.00000000     0.14860972   0.00000000
    2    3
  0.01379861  -0.00000000    -0.00843894   0.00000000     0.00003903  -0.00000000
 -0.00641594   0.00000000     0.00068519  -0.00000000     0.00018071  -0.00000000
 -0.00001088   0.00000000     0.00005498  -0.00000000    -0.00489412   0.00000000
    2    4
  0.01379861  -0.00000000    -0.00843894   0.00000000    -0.00003903   0.00000000
 -0.00641594   0.00000000     0.00068519  -0.00000000    -0.00018071   0.00000000
  0.00001088  -0.00000000    -0.00005498   0.00000000    -0.00489412   0.00000000
    2    5
  0.00011034  -0.00000000     0.00015625  -0.00000000     0.01214565  -0.00000000
  0.00007495  -0.00000000    -0.00001015   0.00000000     0.02642031  -0.00000000
  0.00940586  -0.00000000     0.02956143  -0.00000000     0.00004079  -0.00000000
    2    6
  0.00011034  -0.00000000     0.00015625  -0.00000000    -0.01214565   0.00000000
  0.00007495  -0.00000000    -0.00001015   0.00000000    -0.02642031   0.00000000
 -0.00940586   0.00000000    -0.02956143   0.00000000     0.00004079  -0.00000000
    2    7
 -0.00590887   0.00000000     0.00205314  -0.00000000     0.00018221  -0.00000000
  0.00191464  -0.00000000     0.00011971  -0.00000000    -0.00041495   0.00000000
 -0.00001131   0.00000000    -0.00013835   0.00000000     0.00464809  -0.00000000
    2    8
 -0.00590887   0.00000000     0.00205314  -0.00000000    -0.00018221   0.00000000
  0.00191464  -0.00000000     0.00011971  -0.00000000     0.00041495  -0.00000000
  0.00001131  -0.00000000     0.00013835  -0.00000000     0.00464809  -0.00000000
    2    9
 -0.00005284   0.00000000    -0.00005968   0.00000000    -0.00627244   0.00000000
  0.00002610  -0.00000000     0.00004199  -0.00000000     0.00362553  -0.00000000
 -0.00142853   0.00000000     0.00527456  -0.00000000    -0.00008791   0.00000000
    2   10
 -0.00005284   0.00000000    -0.00005968   0.00000000     0.00627244  -0.00000000
  0.00002610  -0.00000000     0.00004199  -0.00000000    -0.00362553   0.00000000
  0.00142853  -0.00000000    -0.00527456   0.00000000    -0.00008791   0.00000000
    2   11
 -0.00395811   0.00000000     0.00397078  -0.00000000    -0.00005969   0.00000000
  0.00183005  -0.00000000    -0.00091103   0.00000000    -0.00003805   0.00000000
 -0.00005773   0.00000000     0.00018270  -0.00000000     0.00357519  -0.00000000
    2   12
 -0.00395811   0.00000000     0.00397078  -0.00000000     0.00005969  -0.00000000
  0.00183005  -0.00000000    -0.00091103   0.00000000     0.00003805  -0.00000000
  0.00005773  -0.00000000    -0.00018270   0.00000000     0.00357519  -0.00000000
    2   13
 -0.00002186   0.00000000     0.00012245  -0.00000000     0.00229082  -0.00000000
 -0.00000254   0.00000000    -0.00008643   0.00000000    -0.00426473   0.00000000
  0.00007716  -0.00000000    -0.00069919   0.00000000     0.00012087  -0.00000000
    2   14
 -0.00002186   0.00000000     0.00012245  -0.00000000    -0.00229082   0.00000000
 -0.00000254   0.00000000    -0.00008643   0.00000000     0.00426473  -0.00000000
 -0.00007716   0.00000000     0.00069919  -0.00000000     0.00012087  -0.00000000
    2   15
 -0.00351938   0.00000000     0.00066804   0.00000000    -0.00134416   0.00000000
  0.00135409   0.00000000     0.00014747   0.00000000    -0.00060512   0.00000000
 -0.00225974   0.00000000    -0.00114771   0.00000000    -0.00714992   0.00000000
    2   16
 -0.00351938   0.00000000     0.00066804   0.00000000     0.00134416   0.00000000
  0.00135409   0.00000000     0.00014747   0.00000000     0.00060512   0.00000000
  0.00225974   0.00000000     0.00114771   0.00000000    -0.00714992   0.00000000
    2   17
  0.00086114   0.00000000    -0.00121651   0.00000000    -0.00167792   0.00000000
 -0.00020853   0.00000000    -0.00155316   0.00000000    -0.00407493   0.00000000
 -0.00337616   0.00000000    -0.00756162   0.00000000    -0.00261562   0.00000000
    2   18
  0.00086114   0.00000000    -0.00121651   0.00000000     0.00167792   0.00000000
 -0.00020853   0.00000000    -0.00155316   0.00000000     0.00407493   0.00000000
  0.00337616   0.00000000     0.00756162   0.00000000    -0.00261562   0.00000000
    2   19
  0.00347880  -0.00000000    -0.00050967   0.00000000     0.00105548  -0.00000000
 -0.00142440   0.00000000    -0.00016658   0.00000000     0.00074742  -0.00000000
  0.00209492  -0.00000000     0.00064936  -0.00000000     0.00723798  -0.00000000
    2   20
  0.00347880  -0.00000000    -0.00050967   0.00000000    -0.00105548   0.00000000
 -0.00142440   0.00000000    -0.00016658   0.00000000    -0.00074742   0.00000000
 -0.00209492   0.00000000    -0.00064936   0.00000000     0.00723798  -0.00000000
    2   21
 -0.00086363   0.00000000     0.00098686  -0.00000000     0.00185161  -0.00000000
  0.00010176  -0.00000000     0.00159864  -0.00000000     0.00416966  -0.00000000
  0.00331895  -0.00000000     0.00744065  -0.00000000     0.00280768  -0.00000000
    2   22
 -0.00086363   0.00000000     0.00098686  -0.00000000    -0.00185161   0.00000000
  0.00010176  -0.00000000     0.00159864  -0.00000000    -0.00416966   0.00000000
 -0.00331895   0.00000000    -0.00744065   0.00000000     0.00280768  -0.00000000
    3    1
 -0.00011034  -0.00000000     0.00007495   0.00000000     0.00940586   0.00000000
  0.00015625   0.00000000     0.00001015   0.00000000    -0.02956143  -0.00000000
  0.01214565   0.00000000    -0.02642031  -0.00000000    -0.00004079  -0.00000000
    3    2
  0.01379861   0.00000000    -0.00641594  -0.00000000    -0.00001088  -0.00000000
 -0.00843894  -0.00000000     0.00068519   0.00000000     0.00005498   0.00000000
  0.00003903   0.00000000     0.00018071   0.00000000    -0.00489412  -0.00000000
    3    3
  0.59626500   0.00000000    -0.02041555   0.00000000     0.00000193   0.00000000
 -0.02041555   0.00000000     0.59623755   0.00000000     0.00014379   0.00000000
  0.00000193   0.00000000     0.00014379   0.00000000     0.64427160   0.00000000
    3    4
  0.00090595   0.00000000     0.00055984   0.00000000     0.00007780   0.00000000
  0.00055984   0.00000000    -0.00043988   0.00000000     0.00009564   0.00000000
 -0.00007780   0.00000000    -0.00009564   0.00000000     0.00244791   0.00000000
    3    5
  0.00004938   0.00000000    -0.00004529   0.00000000    -0.00181896   0.00000000
  0.00004529   0.00000000     0.00007843   0.00000000    -0.00038512   0.00000000
  0.00181896   0.00000000    -0.00038512   0.00000000    -0.00002529   0.00000000
    3    6
 -0.00001104   0.00000000     0.00008484   0.00000000     0.00012468   0.00000000
 -0.00008484   0.00000000    -0.00008393   0.00000000    -0.00001025   0.00000000
  0.00012468   0.00000000     0.00001025   0.00000000    -0.00013538   0.00000000
    3    7
 -0.32823905   0.00000000     0.06704111  -0.00000000     0.00002611  -0.00000000
  0.06285434  -0.00000000    -0.06113015   0.00000000    -0.00001974   0.00000000
 -0.00004815   0.00000000     0.00001312  -0.00000000    -0.04842974   0.00000000
    3    8
 -0.00165987   0.00000000     0.00097119  -0.00000000    -0.00000034   0.00000000
  0.00062007  -0.00000000    -0.00076361   0.00000000     0.00003951  -0.00000000
 -0.00001582   0.00000000     0.00000597  -0.00000000     0.00076881  -0.00000000
    3    9
  0.00003632  -0.00000000     0.00001554  -0.00000000    -0.00158486   0.00000000
 -0.00006276   0.00000000    -0.00002796   0.00000000     0.00104881  -0.00000000
 -0.00139719   0.00000000     0.00001746  -0.00000000    -0.00001018   0.00000000
    3   10
  0.00004207  -0.00000000    -0.00001780   0.00000000     0.00008900  -0.00000000
  0.00004959  -0.00000000     0.00005402  -0.00000000     0.00041536  -0.00000000
  0.00034864  -0.00000000    -0.00095447   0.00000000    -0.00002787   0.00000000
    3   11
 -0.13767556   0.00000000    -0.12821965   0.00000000    -0.00002922   0.00000000
 -0.12628735   0.00000000    -0.24187896   0.00000000     0.00007550   0.00000000
  0.00005318   0.00000000     0.00007288   0.00000000    -0.05373498   0.00000000
    3   12
 -0.00088114   0.00000000    -0.00058609   0.00000000    -0.00000094   0.00000000
 -0.00035565   0.00000000    -0.00131750   0.00000000     0.00005699   0.00000000
 -0.00001619   0.00000000    -0.00003423   0.00000000     0.00001144   0.00000000
    3   13
 -0.00003981   0.00000000     0.00004888   0.00000000    -0.00044264   0.00000000
  0.00007606   0.00000000     0.00000014   0.00000000     0.00041824   0.00000000
  0.00043270   0.00000000     0.00008170   0.00000000    -0.00000766   0.00000000
    3   14
 -0.00002172   0.00000000     0.00006378   0.00000000     0.00016524   0.00000000
 -0.00006654   0.00000000    -0.00003607   0.00000000     0.00196362   0.00000000
 -0.00023992   0.00000000    -0.00007122   0.00000000     0.00001401   0.00000000
    3   15
  0.05712939   0.00000000    -0.03313612  -0.00000000    -0.04443749  -0.00000000
 -0.03380049  -0.00000000     0.13625790   0.00000000     0.13263214   0.00000000
 -0.04474317  -0.00000000     0.13198859   0.00000000     0.25558091   0.00000000
    3   16
  0.00111233   0.00000000     0.00016326   0.00000000     0.00014324   0.00000000
  0.00009473   0.00000000     0.00058502   0.00000000     0.00010159   0.00000000
 -0.00003274  -0.00000000     0.00018959   0.00000000    -0.00043415  -0.00000000
    3   17
  0.00018087   0.00000000    -0.00026939  -0.00000000    -0.00054822  -0.00000000
  0.00001166   0.00000000     0.00048875   0.00000000     0.00149160   0.00000000
  0.00097616   0.00000000     0.00071031   0.00000000     0.00046058   0.00000000
    3   18
  0.00047416   0.00000000     0.00057858   0.00000000    -0.00041603  -0.00000000
  0.00026352   0.00000000     0.00046430   0.00000000     0.00031008   0.00000000
 -0.00008491  -0.00000000    -0.00118665  -0.00000000     0.00077299   0.00000000
    3   19
 -0.00111273   0.00000000    -0.00017446   0.00000000     0.00010391  -0.00000000
 -0.00009156   0.00000000    -0.00058333   0.00000000     0.00017755  -0.00000000
 -0.00004174   0.00000000     0.00019871  -0.00000000     0.00053188  -0.00000000
    3   20
 -0.05714805   0.00000000     0.03316331  -0.00000000    -0.04443551   0.00000000
  0.03377982  -0.00000000    -0.13623233   0.00000000     0.13270161  -0.00000000
 -0.04465848   0.00000000     0.13192092  -0.00000000    -0.25540742   0.00000000
    3   21
 -0.00052423   0.00000000    -0.00065945   0.00000000    -0.00048489   0.00000000
 -0.00030350   0.00000000    -0.00062928   0.00000000     0.00030427  -0.00000000
 -0.00003589   0.00000000    -0.00115365   0.00000000    -0.00071539   0.00000000
    3   22
 -0.00013961   0.00000000     0.00023383  -0.00000000    -0.00052916   0.00000000
  0.00000614  -0.00000000    -0.00023141   0.00000000     0.00146950  -0.00000000
  0.00092335  -0.00000000     0.00068505  -0.00000000    -0.00041570   0.00000000
    4    1
 -0.00011034  -0.00000000     0.00007495   0.00000000    -0.00940586  -0.00000000
  0.00015625   0.00000000     0.00001015   0.00000000     0.02956143   0.00000000
 -0.01214565  -0.00000000     0.02642031   0.00000000    -0.00004079  -0.00000000
    4    2
  0.01379861   0.00000000    -0.00641594  -0.00000000     0.00001088   0.00000000
 -0.00843894  -0.00000000     0.00068519   0.00000000    -0.00005498  -0.00000000
 -0.00003903  -0.00000000    -0.00018071  -0.00000000    -0.00489412  -0.00000000
    4    3
  0.00090595   0.00000000     0.00055984   0.00000000    -0.00007780   0.00000000
  0.00055984   0.00000000    -0.00043988   0.00000000    -0.00009564   0.00000000
  0.00007780   0.00000000     0.00009564   0.00000000     0.00244791   0.00000000
    4    4
  0.59626500   0.00000000    -0.02041555   0.00000000    -0.00000193   0.00000000
 -0.02041555   0.00000000     0.59623755   0.00000000    -0.00014379   0.00000000
 -0.00000193   0.00000000    -0.00014379   0.00000000     0.64427160   0.00000000
    4    5
 -0.00001104   0.00000000     0.00008484   0.00000000    -0.00012468   0.00000000
 -0.00008484   0.00000000    -0.00008393   0.00000000     0.00001025   0.00000000
 -0.00012468   0.00000000    -0.00001025   0.00000000    -0.00013538   0.00000000
    4    6
  0.00004938   0.00000000    -0.00004529   0.00000000     0.00181896   0.00000000
  0.00004529   0.00000000     0.00007843   0.00000000     0.00038512   0.00000000
 -0.00181896   0.00000000     0.00038512   0.00000000    -0.00002529   0.00000000
    4    7
 -0.00165987   0.00000000     0.00097119  -0.00000000     0.00000034  -0.00000000
  0.00062007  -0.00000000    -0.00076361   0.00000000    -0.00003951   0.00000000
  0.00001582  -0.00000000    -0.00000597   0.00000000     0.00076881  -0.00000000
    4    8
 -0.32823905   0.00000000     0.06704111  -0.00000000    -0.00002611   0.00000000
  0.06285434  -0.00000000    -0.06113015   0.00000000     0.00001974  -0.00000000
  0.00004815  -0.00000000    -0.00001312   0.00000000    -0.04842974   0.00000000
    4    9
  0.00004207  -0.00000000    -0.00001780   0.00000000    -0.00008900   0.00000000
  0.00004959  -0.00000000     0.00005402  -0.00000000    -0.00041536   0.00000000
 -0.00034864   0.00000000     0.00095447  -0.00000000    -0.00002787   0.00000000
    4   10
  0.00003632  -0.00000000     0.00001554  -0.00000000     0.00158486  -0.00000000
 -0.00006276   0.00000000    -0.00002796   0.00000000    -0.00104881   0.00000000
  0.00139719  -0.00000000    -0.00001746   0.00000000    -0.00001018   0.00000000
    4   11
 -0.00088114   0.00000000    -0.00058609   0.00000000     0.00000094   0.00000000
 -0.00035565   0.00000000    -0.00131750   0.00000000    -0.00005699   0.00000000
  0.00001619   0.00000000     0.00003423   0.00000000     0.00001144   0.00000000
    4   12
 -0.13767556   0.00000000    -0.12821965   0.00000000     0.00002922   0.00000000
 -0.12628735   0.00000000    -0.24187896   0.00000000    -0.00007550   0.00000000
 -0.00005318   0.00000000    -0.00007288   0.00000000    -0.05373498   0.00000000
    4   13
 -0.00002172   0.00000000     0.00006378   0.00000000    -0.00016524   0.00000000
 -0.00006654   0.00000000    -0.00003607   0.00000000    -0.00196362   0.00000000
  0.00023992   0.00000000     0.00007122   0.00000000     0.00001401   0.00000000
    4   14
 -0.00003981   0.00000000     0.00004888   0.00000000     0.00044264   0.00000000
  0.00007606   0.00000000     0.00000014   0.00000000    -0.00041824   0.00000000
 -0.00043270   0.00000000    -0.00008170   0.00000000    -0.00000766   0.00000000
    4   15
  0.00111233   0.00000000     0.00016326   0.00000000    -0.00014324  -0.00000000
  0.00009473   0.00000000     0.00058502   0.00000000    -0.00010159  -0.00000000
  0.00003274   0.00000000    -0.00018959  -0.00000000    -0.00043415  -0.00000000
    4   16
  0.05712939   0.00000000    -0.03313612  -0.00000000     0.04443749   0.00000000
 -0.03380049  -0.00000000     0.13625790   0.00000000    -0.13263214  -0.00000000
  0.04474317   0.00000000    -0.13198859  -0.00000000     0.25558091   0.00000000
    4   17
  0.00047416   0.00000000     0.00057858   0.00000000     0.00041603   0.00000000
  0.00026352   0.00000000     0.00046430   0.00000000    -0.00031008  -0.00000000
  0.00008491   0.00000000     0.00118665   0.00000000     0.00077299   0.00000000
    4   18
  0.00018087   0.00000000    -0.00026939  -0.00000000     0.00054822   0.00000000
  0.00001166   0.00000000     0.00048875   0.00000000    -0.00149160  -0.00000000
 -0.00097616  -0.00000000    -0.00071031  -0.00000000     0.00046058   0.00000000
    4   19
 -0.05714805   0.00000000     0.03316331  -0.00000000     0.04443551  -0.00000000
  0.03377982  -0.00000000    -0.13623233   0.00000000    -0.13270161   0.00000000
  0.04465848  -0.00000000    -0.13192092   0.00000000    -0.25540742   0.00000000
    4   20
 -0.00111273   0.00000000    -0.00017446   0.00000000    -0.00010391   0.00000000
 -0.00009156   0.00000000    -0.00058333   0.00000000    -0.00017755   0.00000000
  0.00004174  -0.00000000    -0.00019871   0.00000000     0.00053188  -0.00000000
    4   21
 -0.00013961   0.00000000     0.00023383  -0.00000000     0.00052916  -0.00000000
  0.00000614  -0.00000000    -0.00023141   0.00000000    -0.00146950   0.00000000
 -0.00092335   0.00000000    -0.00068505   0.00000000    -0.00041570   0.00000000
    4   22
 -0.00052423   0.00000000    -0.00065945   0.00000000     0.00048489  -0.00000000
 -0.00030350   0.00000000    -0.00062928   0.00000000    -0.00030427   0.00000000
  0.00003589  -0.00000000     0.00115365  -0.00000000    -0.00071539   0.00000000
    5    1
 -0.01379861  -0.00000000    -0.00641594  -0.00000000    -0.00001088  -0.00000000
 -0.00843894  -0.00000000    -0.00068519  -0.00000000    -0.00005498  -0.00000000
  0.00003903   0.00000000    -0.00018071  -0.00000000     0.00489412   0.00000000
    5    2
  0.00011034   0.00000000     0.00007495   0.00000000     0.00940586   0.00000000
  0.00015625   0.00000000    -0.00001015  -0.00000000     0.02956143   0.00000000
  0.01214565   0.00000000     0.02642031   0.00000000     0.00004079   0.00000000
    5    3
  0.00004938   0.00000000     0.00004529   0.00000000     0.00181896   0.00000000
 -0.00004529   0.00000000     0.00007843   0.00000000    -0.00038512   0.00000000
 -0.00181896   0.00000000    -0.00038512   0.00000000    -0.00002529   0.00000000
    5    4
 -0.00001104   0.00000000    -0.00008484   0.00000000    -0.00012468   0.00000000
  0.00008484   0.00000000    -0.00008393   0.00000000    -0.00001025   0.00000000
 -0.00012468   0.00000000     0.00001025   0.00000000    -0.00013538   0.00000000
    5    5
  0.59626500   0.00000000     0.02041555   0.00000000    -0.00000193   0.00000000
  0.02041555   0.00000000     0.59623755   0.00000000     0.00014379   0.00000000
 -0.00000193   0.00000000     0.00014379   0.00000000     0.64427160   0.00000000
    5    6
  0.00090595   0.00000000    -0.00055984   0.00000000    -0.00007780   0.00000000
 -0.00055984   0.00000000    -0.00043988   0.00000000     0.00009564   0.00000000
  0.00007780   0.00000000    -0.00009564   0.00000000     0.00244791   0.00000000
    5    7
  0.00003632  -0.00000000    -0.00001554   0.00000000     0.00158486  -0.00000000
  0.00006276  -0.00000000    -0.00002796   0.00000000     0.00104881  -0.00000000
  0.00139719  -0.00000000     0.00001746  -0.00000000    -0.00001018   0.00000000
    5    8
  0.00004207  -0.00000000     0.00001780  -0.00000000    -0.00008900   0.00000000
 -0.00004959   0.00000000     0.00005402  -0.00000000     0.00041536  -0.00000000
 -0.00034864   0.00000000    -0.00095447   0.00000000    -0.00002787   0.00000000
    5    9
 -0.32823905   0.00000000    -0.06704111   0.00000000    -0.00002611   0.00000000
 -0.06285434   0.00000000    -0.06113015   0.00000000    -0.00001974   0.00000000
  0.00004815  -0.00000000     0.00001312  -0.00000000    -0.04842974   0.00000000
    5   10
 -0.00165987   0.00000000    -0.00097119   0.00000000     0.00000034  -0.00000000
 -0.00062007   0.00000000    -0.00076361   0.00000000     0.00003951  -0.00000000
  0.00001582  -0.00000000     0.00000597  -0.00000000     0.00076881  -0.00000000
    5   11
 -0.00003981   0.00000000    -0.00004888   0.00000000     0.00044264   0.00000000
 -0.00007606   0.00000000     0.00000014   0.00000000     0.00041824   0.00000000
 -0.00043270   0.00000000     0.00008170   0.00000000    -0.00000766   0.00000000
    5   12
 -0.00002172   0.00000000    -0.00006378   0.00000000    -0.00016524   0.00000000
  0.00006654   0.00000000    -0.00003607   0.00000000     0.00196362   0.00000000
  0.00023992   0.00000000    -0.00007122   0.00000000     0.00001401   0.00000000
    5   13
 -0.13767556   0.00000000     0.12821965   0.00000000     0.00002922   0.00000000
  0.12628735   0.00000000    -0.24187896   0.00000000     0.00007550   0.00000000
 -0.00005318   0.00000000     0.00007288   0.00000000    -0.05373498   0.00000000
    5   14
 -0.00088114   0.00000000     0.00058609   0.00000000     0.00000094   0.00000000
  0.00035565   0.00000000    -0.00131750   0.00000000     0.00005699   0.00000000
  0.00001619   0.00000000    -0.00003423   0.00000000     0.00001144   0.00000000
    5   15
 -0.00018087  -0.00000000    -0.00026939  -0.00000000    -0.00054822  -0.00000000
  0.00001166   0.00000000    -0.00048875  -0.00000000    -0.00149160  -0.00000000
  0.00097616   0.00000000    -0.00071031  -0.00000000    -0.00046058  -0.00000000
    5   16
 -0.00047416  -0.00000000     0.00057858   0.00000000    -0.00041603  -0.00000000
  0.00026352   0.00000000    -0.00046430  -0.00000000    -0.00031008  -0.00000000
 -0.00008491  -0.00000000     0.00118665   0.00000000    -0.00077299  -0.00000000
    5   17
 -0.05712939  -0.00000000    -0.03313612  -0.00000000    -0.04443749  -0.00000000
 -0.03380049  -0.00000000    -0.13625790  -0.00000000    -0.13263214  -0.00000000
 -0.04474317  -0.00000000    -0.13198859  -0.00000000    -0.25558091  -0.00000000
    5   18
 -0.00111233  -0.00000000     0.00016326   0.00000000     0.00014324   0.00000000
  0.00009473   0.00000000    -0.00058502  -0.00000000    -0.00010159  -0.00000000
 -0.00003274  -0.00000000    -0.00018959  -0.00000000     0.00043415   0.00000000
    5   19
 -0.00052423   0.00000000     0.00065945  -0.00000000     0.00048489  -0.00000000
  0.00030350  -0.00000000    -0.00062928   0.00000000     0.00030427  -0.00000000
  0.00003589  -0.00000000    -0.00115365   0.00000000    -0.00071539   0.00000000
    5   20
 -0.00013961   0.00000000    -0.00023383   0.00000000     0.00052916  -0.00000000
 -0.00000614   0.00000000    -0.00023141   0.00000000     0.00146950  -0.00000000
 -0.00092335   0.00000000     0.00068505  -0.00000000    -0.00041570   0.00000000
    5   21
 -0.00111273   0.00000000     0.00017446  -0.00000000    -0.00010391   0.00000000
  0.00009156  -0.00000000    -0.00058333   0.00000000     0.00017755  -0.00000000
  0.00004174  -0.00000000     0.00019871  -0.00000000     0.00053188  -0.00000000
    5   22
 -0.05714805   0.00000000    -0.03316331   0.00000000     0.04443551  -0.00000000
 -0.03377982   0.00000000    -0.13623233   0.00000000     0.13270161  -0.00000000
  0.04465848  -0.00000000     0.13192092  -0.00000000    -0.25540742   0.00000000
    6    1
 -0.01379861  -0.00000000    -0.00641594  -0.00000000     0.00001088   0.00000000
 -0.00843894  -0.00000000    -0.00068519  -0.00000000     0.00005498   0.00000000
 -0.00003903  -0.00000000     0.00018071   0.00000000     0.00489412   0.00000000
    6    2
  0.00011034   0.00000000     0.00007495   0.00000000    -0.00940586  -0.00000000
  0.00015625   0.00000000    -0.00001015  -0.00000000    -0.02956143  -0.00000000
 -0.01214565  -0.00000000    -0.02642031  -0.00000000     0.00004079   0.00000000
    6    3
 -0.00001104   0.00000000    -0.00008484   0.00000000     0.00012468   0.00000000
  0.00008484   0.00000000    -0.00008393   0.00000000     0.00001025   0.00000000
  0.00012468   0.00000000    -0.00001025   0.00000000    -0.00013538   0.00000000
    6    4
  0.00004938   0.00000000     0.00004529   0.00000000    -0.00181896   0.00000000
 -0.00004529   0.00000000     0.00007843   0.00000000     0.00038512   0.00000000
  0.00181896   0.00000000     0.00038512   0.00000000    -0.00002529   0.00000000
    6    5
  0.00090595   0.00000000    -0.00055984   0.00000000     0.00007780   0.00000000
 -0.00055984   0.00000000    -0.00043988   0.00000000    -0.00009564   0.00000000
 -0.00007780   0.00000000     0.00009564   0.00000000     0.00244791   0.00000000
    6    6
  0.59626500   0.00000000     0.02041555   0.00000000     0.00000193   0.00000000
  0.02041555   0.00000000     0.59623755   0.00000000    -0.00014379   0.00000000
  0.00000193   0.00000000    -0.00014379   0.00000000     0.64427160   0.00000000
    6    7
  0.00004207  -0.00000000     0.00001780  -0.00000000     0.00008900  -0.00000000
 -0.00004959   0.00000000     0.00005402  -0.00000000    -0.00041536   0.00000000
  0.00034864  -0.00000000     0.00095447  -0.00000000    -0.00002787   0.00000000
    6    8
  0.00003632  -0.00000000    -0.00001554   0.00000000    -0.00158486   0.00000000
  0.00006276  -0.00000000    -0.00002796   0.00000000    -0.00104881   0.00000000
 -0.00139719   0.00000000    -0.00001746   0.00000000    -0.00001018   0.00000000
    6    9
 -0.00165987   0.00000000    -0.00097119   0.00000000    -0.00000034   0.00000000
 -0.00062007   0.00000000    -0.00076361   0.00000000    -0.00003951   0.00000000
 -0.00001582   0.00000000    -0.00000597   0.00000000     0.00076881  -0.00000000
    6   10
 -0.32823905   0.00000000    -0.06704111   0.00000000     0.00002611  -0.00000000
 -0.06285434   0.00000000    -0.06113015   0.00000000     0.00001974  -0.00000000
 -0.00004815   0.00000000    -0.00001312   0.00000000    -0.04842974   0.00000000
    6   11
 -0.00002172   0.00000000    -0.00006378   0.00000000     0.00016524   0.00000000
  0.00006654   0.00000000    -0.00003607   0.00000000    -0.00196362   0.00000000
 -0.00023992   0.00000000     0.00007122   0.00000000     0.00001401   0.00000000
    6   12
 -0.00003981   0.00000000    -0.00004888   0.00000000    -0.00044264   0.00000000
 -0.00007606   0.00000000     0.00000014   0.00000000    -0.00041824   0.00000000
  0.00043270   0.00000000    -0.00008170   0.00000000    -0.00000766   0.00000000
    6   13
 -0.00088114   0.00000000     0.00058609   0.00000000    -0.00000094   0.00000000
  0.00035565   0.00000000    -0.00131750   0.00000000    -0.00005699   0.00000000
 -0.00001619   0.00000000     0.00003423   0.00000000     0.00001144   0.00000000
    6   14
 -0.13767556   0.00000000     0.12821965   0.00000000    -0.00002922   0.00000000
  0.12628735   0.00000000    -0.24187896   0.00000000    -0.00007550   0.00000000
  0.00005318   0.00000000    -0.00007288   0.00000000    -0.05373498   0.00000000
    6   15
 -0.00047416  -0.00000000     0.00057858   0.00000000     0.00041603   0.00000000
  0.00026352   0.00000000    -0.00046430  -0.00000000     0.00031008   0.00000000
  0.00008491   0.00000000    -0.00118665  -0.00000000    -0.00077299  -0.00000000
    6   16
 -0.00018087  -0.00000000    -0.00026939  -0.00000000     0.00054822   0.00000000
  0.00001166   0.00000000    -0.00048875  -0.00000000     0.00149160   0.00000000
 -0.00097616  -0.00000000     0.00071031   0.00000000    -0.00046058  -0.00000000
    6   17
 -0.00111233  -0.00000000     0.00016326   0.00000000    -0.00014324  -0.00000000
  0.00009473   0.00000000    -0.00058502  -0.00000000     0.00010159   0.00000000
  0.00003274   0.00000000     0.00018959   0.00000000     0.00043415   0.00000000
    6   18
 -0.05712939  -0.00000000    -0.03313612  -0.00000000     0.04443749   0.00000000
 -0.03380049  -0.00000000    -0.13625790  -0.00000000     0.13263214   0.00000000
  0.04474317   0.00000000     0.13198859   0.00000000    -0.25558091  -0.00000000
    6   19
 -0.00013961   0.00000000    -0.00023383   0.00000000    -0.00052916   0.00000000
 -0.00000614   0.00000000    -0.00023141   0.00000000    -0.00146950   0.00000000
  0.00092335  -0.00000000    -0.00068505   0.00000000    -0.00041570   0.00000000
    6   20
 -0.00052423   0.00000000     0.00065945  -0.00000000    -0.00048489   0.00000000
  0.00030350  -0.00000000    -0.00062928   0.00000000    -0.00030427   0.00000000
 -0.00003589   0.00000000     0.00115365  -0.00000000    -0.00071539   0.00000000
    6   21
 -0.05714805   0.00000000    -0.03316331   0.00000000    -0.04443551   0.00000000
 -0.03377982   0.00000000    -0.13623233   0.00000000    -0.13270161   0.00000000
 -0.04465848   0.00000000    -0.13192092   0.00000000    -0.25540742   0.00000000
    6   22
 -0.00111273   0.00000000     0.00017446  -0.00000000     0.00010391  -0.00000000
  0.00009156  -0.00000000    -0.00058333   0.00000000    -0.00017755   0.00000000
 -0.00004174   0.00000000    -0.00019871   0.00000000     0.00053188  -0.00000000
    7    1
  0.00005284   0.00000000     0.00002610   0.00000000    -0.00142853  -0.00000000
 -0.00005968  -0.00000000    -0.00004199  -0.00000000    -0.00527456  -0.00000000
 -0.00627244  -0.00000000    -0.00362553  -0.00000000     0.00008791   0.00000000
    7    2
 -0.00590887  -0.00000000     0.00191464   0.00000000    -0.00001131  -0.00000000
  0.00205314   0.00000000     0.00011971   0.00000000    -0.00013835  -0.00000000
  0.00018221   0.00000000    -0.00041495  -0.00000000     0.00464809   0.00000000
    7    3
 -0.32823905  -0.00000000     0.06285434   0.00000000    -0.00004815  -0.00000000
  0.06704111   0.00000000    -0.06113015  -0.00000000     0.00001312   0.00000000
  0.00002611   0.00000000    -0.00001974  -0.00000000    -0.04842974  -0.00000000
    7    4
 -0.00165987  -0.00000000     0.00062007   0.00000000     0.00001582   0.00000000
  0.00097119   0.00000000    -0.00076361  -0.00000000    -0.00000597  -0.00000000
  0.00000034   0.00000000    -0.00003951  -0.00000000     0.00076881   0.00000000
    7    5
  0.00003632   0.00000000     0.00006276   0.00000000     0.00139719   0.00000000
 -0.00001554  -0.00000000    -0.00002796  -0.00000000     0.00001746   0.00000000
  0.00158486   0.00000000     0.00104881   0.00000000    -0.00001018  -0.00000000
    7    6
  0.00004207   0.00000000    -0.00004959  -0.00000000     0.00034864   0.00000000
  0.00001780   0.00000000     0.00005402   0.00000000     0.00095447   0.00000000
  0.00008900   0.00000000    -0.00041536  -0.00000000    -0.00002787  -0.00000000
    7    7
  0.37052560   0.00000000    -0.07311180   0.00000000     0.00000728   0.00000000
 -0.07311180   0.00000000     0.07446226   0.00000000    -0.00001697   0.00000000
  0.00000728   0.00000000    -0.00001697   0.00000000     0.06390040   0.00000000
    7    8
  0.00033384   0.00000000    -0.00029920   0.00000000     0.00003551   0.00000000
 -0.00029920   0.00000000     0.00022642   0.00000000    -0.00002561   0.00000000
 -0.00003551   0.00000000     0.00002561   0.00000000     0.00041633   0.00000000
    7    9
 -0.00007943   0.00000000    -0.00001713   0.00000000     0.00101036   0.00000000
  0.00001713   0.00000000    -0.00002173   0.00000000    -0.00015749   0.00000000
 -0.00101036   0.00000000    -0.00015749   0.00000000    -0.00003774   0.00000000
    7   10
  0.00010152   0.00000000     0.00002199   0.00000000    -0.00044566   0.00000000
 -0.00002199   0.00000000     0.00003078   0.00000000     0.00012519   0.00000000
 -0.00044566   0.00000000    -0.00012519   0.00000000     0.00001722   0.00000000
    7   11
 -0.01988444  -0.00000000     0.00504413   0.00000000    -0.00000491  -0.00000000
 -0.02946945  -0.00000000     0.00634382   0.00000000     0.00000353   0.00000000
  0.00004296   0.00000000     0.00000559   0.00000000    -0.00212353  -0.00000000
    7   12
  0.00027465   0.00000000     0.00074101   0.00000000     0.00000196   0.00000000
  0.00048712   0.00000000    -0.00094524  -0.00000000     0.00001383   0.00000000
  0.00002828   0.00000000     0.00001074   0.00000000     0.00010323   0.00000000
    7   13
  0.00000403   0.00000000    -0.00002022  -0.00000000    -0.00094324  -0.00000000
 -0.00000025  -0.00000000     0.00001153   0.00000000     0.00024487   0.00000000
 -0.00066531  -0.00000000     0.00016420   0.00000000     0.00000454   0.00000000
    7   14
  0.00001281   0.00000000     0.00000704   0.00000000    -0.00036771  -0.00000000
 -0.00000537  -0.00000000    -0.00000253  -0.00000000    -0.00031182  -0.00000000
 -0.00012607  -0.00000000    -0.00026524  -0.00000000     0.00000077   0.00000000
    7   15
  0.00617991   0.00000000    -0.00135067  -0.00000000    -0.00059937  -0.00000000
 -0.01961541  -0.00000000     0.00545840   0.00000000    -0.00059776  -0.00000000
 -0.02942247  -0.00000000     0.00631180   0.00000000    -0.00094277  -0.00000000
    7   16
 -0.00002442  -0.00000000    -0.00074459  -0.00000000    -0.00002421  -0.00000000
  0.00002109   0.00000000     0.00027338   0.00000000    -0.00000492  -0.00000000
 -0.00016838  -0.00000000    -0.00004285  -0.00000000    -0.00038933  -0.00000000
    7   17
  0.00030366   0.00000000    -0.00002547  -0.00000000     0.00096380   0.00000000
  0.00017265   0.00000000     0.00007194   0.00000000    -0.00016472  -0.00000000
  0.00038280   0.00000000    -0.00025300  -0.00000000    -0.00008500  -0.00000000
    7   18
 -0.00001599  -0.00000000     0.00021163   0.00000000    -0.00041992  -0.00000000
  0.00022373   0.00000000     0.00002803   0.00000000    -0.00016487  -0.00000000
 -0.00016217  -0.00000000     0.00008412   0.00000000    -0.00008085  -0.00000000
    7   19
  0.00004747   0.00000000     0.00070576   0.00000000     0.00004439   0.00000000
 -0.00004784   0.00000000    -0.00025706   0.00000000    -0.00001067   0.00000000
 -0.00012307   0.00000000    -0.00007207   0.00000000     0.00036093   0.00000000
    7   20
 -0.00616037   0.00000000     0.00139784   0.00000000    -0.00055513   0.00000000
  0.01961570   0.00000000    -0.00546566   0.00000000    -0.00058393   0.00000000
 -0.02934657   0.00000000     0.00625389   0.00000000     0.00099162   0.00000000
    7   21
  0.00002643   0.00000000    -0.00024242   0.00000000    -0.00047015   0.00000000
 -0.00020540   0.00000000    -0.00008323   0.00000000    -0.00015803   0.00000000
 -0.00018315   0.00000000     0.00009716   0.00000000     0.00012897   0.00000000
    7   22
 -0.00030524   0.00000000     0.00008452   0.00000000     0.00095612   0.00000000
 -0.00018776   0.00000000    -0.00002997   0.00000000    -0.00016219   0.00000000
  0.00032614   0.00000000    -0.00029442   0.00000000     0.00006744   0.00000000
    8    1
  0.00005284   0.00000000     0.00002610   0.00000000     0.00142853   0.00000000
 -0.00005968  -0.00000000    -0.00004199  -0.00000000     0.00527456   0.00000000
  0.00627244   0.00000000     0.00362553   0.00000000     0.00008791   0.00000000
    8    2
 -0.00590887  -0.00000000     0.00191464   0.00000000     0.00001131   0.00000000
  0.00205314   0.00000000     0.00011971   0.00000000     0.00013835   0.00000000
 -0.00018221  -0.00000000     0.00041495   0.00000000     0.00464809   0.00000000
    8    3
 -0.00165987  -0.00000000     0.00062007   0.00000000    -0.00001582  -0.00000000
  0.00097119   0.00000000    -0.00076361  -0.00000000     0.00000597   0.00000000
 -0.00000034  -0.00000000     0.00003951   0.00000000     0.00076881   0.00000000
    8    4
 -0.32823905  -0.00000000     0.06285434   0.00000000     0.00004815   0.00000000
  0.06704111   0.00000000    -0.06113015  -0.00000000    -0.00001312  -0.00000000
 -0.00002611  -0.00000000     0.00001974   0.00000000    -0.04842974  -0.00000000
    8    5
  0.00004207   0.00000000    -0.00004959  -0.00000000    -0.00034864  -0.00000000
  0.00001780   0.00000000     0.00005402   0.00000000    -0.00095447  -0.00000000
 -0.00008900  -0.00000000     0.00041536   0.00000000    -0.00002787  -0.00000000
    8    6
  0.00003632   0.00000000     0.00006276   0.00000000    -0.00139719  -0.00000000
 -0.00001554  -0.00000000    -0.00002796  -0.00000000    -0.00001746  -0.00000000
 -0.00158486  -0.00000000    -0.00104881  -0.00000000    -0.00001018  -0.00000000
    8    7
  0.00033384   0.00000000    -0.00029920   0.00000000    -0.00003551   0.00000000
 -0.00029920   0.00000000     0.00022642   0.00000000     0.00002561   0.00000000
  0.00003551   0.00000000    -0.00002561   0.00000000     0.00041633   0.00000000
    8    8
  0.37052560   0.00000000    -0.07311180   0.00000000    -0.00000728   0.00000000
 -0.07311180   0.00000000     0.07446226   0.00000000     0.00001697   0.00000000
 -0.00000728   0.00000000     0.00001697   0.00000000     0.06390040   0.00000000
    8    9
  0.00010152   0.00000000     0.00002199   0.00000000     0.00044566   0.00000000
 -0.00002199   0.00000000     0.00003078   0.00000000    -0.00012519   0.00000000
  0.00044566   0.00000000     0.00012519   0.00000000     0.00001722   0.00000000
    8   10
 -0.00007943   0.00000000    -0.00001713   0.00000000    -0.00101036   0.00000000
  0.00001713   0.00000000    -0.00002173   0.00000000     0.00015749   0.00000000
  0.00101036   0.00000000     0.00015749   0.00000000    -0.00003774   0.00000000
    8   11
  0.00027465   0.00000000     0.00074101   0.00000000    -0.00000196  -0.00000000
  0.00048712   0.00000000    -0.00094524  -0.00000000    -0.00001383  -0.00000000
 -0.00002828  -0.00000000    -0.00001074  -0.00000000     0.00010323   0.00000000
    8   12
 -0.01988444  -0.00000000     0.00504413   0.00000000     0.00000491   0.00000000
 -0.02946945  -0.00000000     0.00634382   0.00000000    -0.00000353  -0.00000000
 -0.00004296  -0.00000000    -0.00000559  -0.00000000    -0.00212353  -0.00000000
    8   13
  0.00001281   0.00000000     0.00000704   0.00000000     0.00036771   0.00000000
 -0.00000537  -0.00000000    -0.00000253  -0.00000000     0.00031182   0.00000000
  0.00012607   0.00000000     0.00026524   0.00000000     0.00000077   0.00000000
    8   14
  0.00000403   0.00000000    -0.00002022  -0.00000000     0.00094324   0.00000000
 -0.00000025  -0.00000000     0.00001153   0.00000000    -0.00024487  -0.00000000
  0.00066531   0.00000000    -0.00016420  -0.00000000     0.00000454   0.00000000
    8   15
 -0.00002442  -0.00000000    -0.00074459  -0.00000000     0.00002421   0.00000000
  0.00002109   0.00000000     0.00027338   0.00000000     0.00000492   0.00000000
  0.00016838   0.00000000     0.00004285   0.00000000    -0.00038933  -0.00000000
    8   16
  0.00617991   0.00000000    -0.00135067  -0.00000000     0.00059937   0.00000000
 -0.01961541  -0.00000000     0.00545840   0.00000000     0.00059776   0.00000000
  0.02942247   0.00000000    -0.00631180  -0.00000000    -0.00094277  -0.00000000
    8   17
 -0.00001599  -0.00000000     0.00021163   0.00000000     0.00041992   0.00000000
  0.00022373   0.00000000     0.00002803   0.00000000     0.00016487   0.00000000
  0.00016217   0.00000000    -0.00008412  -0.00000000    -0.00008085  -0.00000000
    8   18
  0.00030366   0.00000000    -0.00002547  -0.00000000    -0.00096380  -0.00000000
  0.00017265   0.00000000     0.00007194   0.00000000     0.00016472   0.00000000
 -0.00038280  -0.00000000     0.00025300   0.00000000    -0.00008500  -0.00000000
    8   19
 -0.00616037   0.00000000     0.00139784   0.00000000     0.00055513   0.00000000
  0.01961570   0.00000000    -0.00546566   0.00000000     0.00058393   0.00000000
  0.02934657   0.00000000    -0.00625389   0.00000000     0.00099162   0.00000000
    8   20
  0.00004747   0.00000000     0.00070576   0.00000000    -0.00004439   0.00000000
 -0.00004784   0.00000000    -0.00025706   0.00000000     0.00001067   0.00000000
  0.00012307   0.00000000     0.00007207   0.00000000     0.00036093   0.00000000
    8   21
 -0.00030524   0.00000000     0.00008452   0.00000000    -0.00095612   0.00000000
 -0.00018776   0.00000000    -0.00002997   0.00000000     0.00016219   0.00000000
 -0.00032614   0.00000000     0.00029442   0.00000000     0.00006744   0.00000000
    8   22
  0.00002643   0.00000000    -0.00024242   0.00000000     0.00047015   0.00000000
 -0.00020540   0.00000000    -0.00008323   0.00000000     0.00015803   0.00000000
  0.00018315   0.00000000    -0.00009716   0.00000000     0.00012897   0.00000000
    9    1
  0.00590887   0.00000000     0.00191464   0.00000000    -0.00001131  -0.00000000
  0.00205314   0.00000000    -0.00011971  -0.00000000     0.00013835   0.00000000
  0.00018221   0.00000000     0.00041495   0.00000000    -0.00464809  -0.00000000
    9    2
 -0.00005284  -0.00000000     0.00002610   0.00000000    -0.00142853  -0.00000000
 -0.00005968  -0.00000000     0.00004199   0.00000000     0.00527456   0.00000000
 -0.00627244  -0.00000000     0.00362553   0.00000000    -0.00008791  -0.00000000
    9    3
  0.00003632   0.00000000    -0.00006276  -0.00000000    -0.00139719  -0.00000000
  0.00001554   0.00000000    -0.00002796  -0.00000000     0.00001746   0.00000000
 -0.00158486  -0.00000000     0.00104881   0.00000000    -0.00001018  -0.00000000
    9    4
  0.00004207   0.00000000     0.00004959   0.00000000    -0.00034864  -0.00000000
 -0.00001780  -0.00000000     0.00005402   0.00000000     0.00095447   0.00000000
 -0.00008900  -0.00000000    -0.00041536  -0.00000000    -0.00002787  -0.00000000
    9    5
 -0.32823905  -0.00000000    -0.06285434  -0.00000000     0.00004815   0.00000000
 -0.06704111  -0.00000000    -0.06113015  -0.00000000     0.00001312   0.00000000
 -0.00002611  -0.00000000    -0.00001974  -0.00000000    -0.04842974  -0.00000000
    9    6
 -0.00165987  -0.00000000    -0.00062007  -0.00000000    -0.00001582  -0.00000000
 -0.00097119  -0.00000000    -0.00076361  -0.00000000    -0.00000597  -0.00000000
 -0.00000034  -0.00000000    -0.00003951  -0.00000000     0.00076881   0.00000000
    9    7
 -0.00007943   0.00000000     0.00001713   0.00000000    -0.00101036   0.00000000
 -0.00001713   0.00000000    -0.00002173   0.00000000    -0.00015749   0.00000000
  0.00101036   0.00000000    -0.00015749   0.00000000    -0.00003774   0.00000000
    9    8
  0.00010152   0.00000000    -0.00002199   0.00000000     0.00044566   0.00000000
  0.00002199   0.00000000     0.00003078   0.00000000     0.00012519   0.00000000
  0.00044566   0.00000000    -0.00012519   0.00000000     0.00001722   0.00000000
    9    9
  0.37052560   0.00000000     0.07311180   0.00000000    -0.00000728   0.00000000
  0.07311180   0.00000000     0.07446226   0.00000000    -0.00001697   0.00000000
 -0.00000728   0.00000000    -0.00001697   0.00000000     0.06390040   0.00000000
    9   10
  0.00033384   0.00000000     0.00029920   0.00000000    -0.00003551   0.00000000
  0.00029920   0.00000000     0.00022642   0.00000000    -0.00002561   0.00000000
  0.00003551   0.00000000     0.00002561   0.00000000     0.00041633   0.00000000
    9   11
  0.00000403   0.00000000     0.00002022   0.00000000     0.00094324   0.00000000
  0.00000025   0.00000000     0.00001153   0.00000000     0.00024487   0.00000000
  0.00066531   0.00000000     0.00016420   0.00000000     0.00000454   0.00000000
    9   12
  0.00001281   0.00000000    -0.00000704  -0.00000000     0.00036771   0.00000000
  0.00000537   0.00000000    -0.00000253  -0.00000000    -0.00031182  -0.00000000
  0.00012607   0.00000000    -0.00026524  -0.00000000     0.00000077   0.00000000
    9   13
 -0.01988444  -0.00000000    -0.00504413  -0.00000000     0.00000491   0.00000000
  0.02946945   0.00000000     0.00634382   0.00000000     0.00000353   0.00000000
 -0.00004296  -0.00000000     0.00000559   0.00000000    -0.00212353  -0.00000000
    9   14
  0.00027465   0.00000000    -0.00074101  -0.00000000    -0.00000196  -0.00000000
 -0.00048712  -0.00000000    -0.00094524  -0.00000000     0.00001383   0.00000000
 -0.00002828  -0.00000000     0.00001074   0.00000000     0.00010323   0.00000000
    9   15
 -0.00030366  -0.00000000    -0.00002547  -0.00000000     0.00096380   0.00000000
  0.00017265   0.00000000    -0.00007194  -0.00000000     0.00016472   0.00000000
  0.00038280   0.00000000     0.00025300   0.00000000     0.00008500   0.00000000
    9   16
  0.00001599   0.00000000     0.00021163   0.00000000    -0.00041992  -0.00000000
  0.00022373   0.00000000    -0.00002803  -0.00000000     0.00016487   0.00000000
 -0.00016217  -0.00000000    -0.00008412  -0.00000000     0.00008085   0.00000000
    9   17
 -0.00617991  -0.00000000    -0.00135067  -0.00000000    -0.00059937  -0.00000000
 -0.01961541  -0.00000000    -0.00545840  -0.00000000     0.00059776   0.00000000
 -0.02942247  -0.00000000    -0.00631180  -0.00000000     0.00094277   0.00000000
    9   18
  0.00002442   0.00000000    -0.00074459  -0.00000000    -0.00002421  -0.00000000
  0.00002109   0.00000000    -0.00027338  -0.00000000     0.00000492   0.00000000
 -0.00016838  -0.00000000     0.00004285   0.00000000     0.00038933   0.00000000
    9   19
  0.00002643   0.00000000     0.00024242   0.00000000     0.00047015   0.00000000
  0.00020540   0.00000000    -0.00008323   0.00000000    -0.00015803   0.00000000
  0.00018315   0.00000000     0.00009716   0.00000000     0.00012897   0.00000000
    9   20
 -0.00030524   0.00000000    -0.00008452   0.00000000    -0.00095612   0.00000000
  0.00018776   0.00000000    -0.00002997   0.00000000    -0.00016219   0.00000000
 -0.00032614   0.00000000    -0.00029442   0.00000000     0.00006744   0.00000000
    9   21
  0.00004747   0.00000000    -0.00070576   0.00000000    -0.00004439   0.00000000
  0.00004784   0.00000000    -0.00025706   0.00000000    -0.00001067   0.00000000
  0.00012307   0.00000000    -0.00007207   0.00000000     0.00036093   0.00000000
    9   22
 -0.00616037   0.00000000    -0.00139784   0.00000000     0.00055513   0.00000000
 -0.01961570   0.00000000    -0.00546566   0.00000000    -0.00058393   0.00000000
  0.02934657   0.00000000     0.00625389   0.00000000     0.00099162   0.00000000
   10    1
  0.00590887   0.00000000     0.00191464   0.00000000     0.00001131   0.00000000
  0.00205314   0.00000000    -0.00011971  -0.00000000    -0.00013835  -0.00000000
 -0.00018221  -0.00000000    -0.00041495  -0.00000000    -0.00464809  -0.00000000
   10    2
 -0.00005284  -0.00000000     0.00002610   0.00000000     0.00142853   0.00000000
 -0.00005968  -0.00000000     0.00004199   0.00000000    -0.00527456  -0.00000000
  0.00627244   0.00000000    -0.00362553  -0.00000000    -0.00008791  -0.00000000
   10    3
  0.00004207   0.00000000     0.00004959   0.00000000     0.00034864   0.00000000
 -0.00001780  -0.00000000     0.00005402   0.00000000    -0.00095447  -0.00000000
  0.00008900   0.00000000     0.00041536   0.00000000    -0.00002787  -0.00000000
   10    4
  0.00003632   0.00000000    -0.00006276  -0.00000000     0.00139719   0.00000000
  0.00001554   0.00000000    -0.00002796  -0.00000000    -0.00001746  -0.00000000
  0.00158486   0.00000000    -0.00104881  -0.00000000    -0.00001018  -0.00000000
   10    5
 -0.00165987  -0.00000000    -0.00062007  -0.00000000     0.00001582   0.00000000
 -0.00097119  -0.00000000    -0.00076361  -0.00000000     0.00000597   0.00000000
  0.00000034   0.00000000     0.00003951   0.00000000     0.00076881   0.00000000
   10    6
 -0.32823905  -0.00000000    -0.06285434  -0.00000000    -0.00004815  -0.00000000
 -0.06704111  -0.00000000    -0.06113015  -0.00000000    -0.00001312  -0.00000000
  0.00002611   0.00000000     0.00001974   0.00000000    -0.04842974  -0.00000000
   10    7
  0.00010152   0.00000000    -0.00002199   0.00000000    -0.00044566   0.00000000
  0.00002199   0.00000000     0.00003078   0.00000000    -0.00012519   0.00000000
 -0.00044566   0.00000000     0.00012519   0.00000000     0.00001722   0.00000000
   10    8
 -0.00007943   0.00000000     0.00001713   0.00000000     0.00101036   0.00000000
 -0.00001713   0.00000000    -0.00002173   0.00000000     0.00015749   0.00000000
 -0.00101036   0.00000000     0.00015749   0.00000000    -0.00003774   0.00000000
   10    9
  0.00033384   0.00000000     0.00029920   0.00000000     0.00003551   0.00000000
  0.00029920   0.00000000     0.00022642   0.00000000     0.00002561   0.00000000
 -0.00003551   0.00000000    -0.00002561   0.00000000     0.00041633   0.00000000
   10   10
  0.37052560   0.00000000     0.07311180   0.00000000     0.00000728   0.00000000
  0.07311180   0.00000000     0.07446226   0.00000000     0.00001697   0.00000000
  0.00000728   0.00000000     0.00001697   0.00000000     0.06390040   0.00000000
   10   11
  0.00001281   0.00000000    -0.00000704  -0.00000000    -0.00036771  -0.00000000
  0.00000537   0.00000000    -0.00000253  -0.00000000     0.00031182   0.00000000
 -0.00012607  -0.00000000     0.00026524   0.00000000     0.00000077   0.00000000
   10   12
  0.00000403   0.00000000     0.00002022   0.00000000    -0.00094324  -0.00000000
  0.00000025   0.00000000     0.00001153   0.00000000    -0.00024487  -0.00000000
 -0.00066531  -0.00000000    -0.00016420  -0.00000000     0.00000454   0.00000000
   10   13
  0.00027465   0.00000000    -0.00074101  -0.00000000     0.00000196   0.00000000
 -0.00048712  -0.00000000    -0.00094524  -0.00000000    -0.00001383  -0.00000000
  0.00002828   0.00000000    -0.00001074  -0.00000000     0.00010323   0.00000000
   10   14
 -0.01988444  -0.00000000    -0.00504413  -0.00000000    -0.00000491  -0.00000000
  0.02946945   0.00000000     0.00634382   0.00000000    -0.00000353  -0.00000000
  0.00004296   0.00000000    -0.00000559  -0.00000000    -0.00212353  -0.00000000
   10   15
  0.00001599   0.00000000     0.00021163   0.00000000     0.00041992   0.00000000
  0.00022373   0.00000000    -0.00002803  -0.00000000    -0.00016487  -0.00000000
  0.00016217   0.00000000     0.00008412   0.00000000     0.00008085   0.00000000
   10   16
 -0.00030366  -0.00000000    -0.00002547  -0.00000000    -0.00096380  -0.00000000
  0.00017265   0.00000000    -0.00007194  -0.00000000    -0.00016472  -0.00000000
 -0.00038280  -0.00000000    -0.00025300  -0.00000000     0.00008500   0.00000000
   10   17
  0.00002442   0.00000000    -0.00074459  -0.00000000     0.00002421   0.00000000
  0.00002109   0.00000000    -0.00027338  -0.00000000    -0.00000492  -0.00000000
  0.00016838   0.00000000    -0.00004285  -0.00000000     0.00038933   0.00000000
   10   18
 -0.00617991  -0.00000000    -0.00135067  -0.00000000     0.00059937   0.00000000
 -0.01961541  -0.00000000    -0.00545840  -0.00000000    -0.00059776  -0.00000000
  0.02942247   0.00000000     0.00631180   0.00000000     0.00094277   0.00000000
   10   19
 -0.00030524   0.00000000    -0.00008452   0.00000000     0.00095612   0.00000000
  0.00018776   0.00000000    -0.00002997   0.00000000     0.00016219   0.00000000
  0.00032614   0.00000000     0.00029442   0.00000000     0.00006744   0.00000000
   10   20
  0.00002643   0.00000000     0.00024242   0.00000000    -0.00047015   0.00000000
  0.00020540   0.00000000    -0.00008323   0.00000000     0.00015803   0.00000000
 -0.00018315   0.00000000    -0.00009716   0.00000000     0.00012897   0.00000000
   10   21
 -0.00616037   0.00000000    -0.00139784   0.00000000    -0.00055513   0.00000000
 -0.01961570   0.00000000    -0.00546566   0.00000000     0.00058393   0.00000000
 -0.02934657   0.00000000    -0.00625389   0.00000000     0.00099162   0.00000000
   10   22
  0.00004747   0.00000000    -0.00070576   0.00000000     0.00004439   0.00000000
  0.00004784   0.00000000    -0.00025706   0.00000000     0.00001067   0.00000000
 -0.00012307   0.00000000     0.00007207   0.00000000     0.00036093   0.00000000
   11    1
  0.00002186   0.00000000    -0.00000254  -0.00000000     0.00007716   0.00000000
  0.00012245   0.00000000     0.00008643   0.00000000     0.00069919   0.00000000
  0.00229082   0.00000000     0.00426473   0.00000000    -0.00012087  -0.00000000
   11    2
 -0.00395811  -0.00000000     0.00183005   0.00000000    -0.00005773  -0.00000000
  0.00397078   0.00000000    -0.00091103  -0.00000000     0.00018270   0.00000000
 -0.00005969  -0.00000000    -0.00003805  -0.00000000     0.00357519   0.00000000
   11    3
 -0.13767556   0.00000000    -0.12628735   0.00000000     0.00005318   0.00000000
 -0.12821965   0.00000000    -0.24187896   0.00000000     0.00007288   0.00000000
 -0.00002922   0.00000000     0.00007550   0.00000000    -0.05373498   0.00000000
   11    4
 -0.00088114   0.00000000    -0.00035565   0.00000000     0.00001619   0.00000000
 -0.00058609   0.00000000    -0.00131750   0.00000000     0.00003423   0.00000000
  0.00000094   0.00000000    -0.00005699   0.00000000     0.00001144   0.00000000
   11    5
 -0.00003981   0.00000000    -0.00007606   0.00000000    -0.00043270   0.00000000
 -0.00004888   0.00000000     0.00000014   0.00000000     0.00008170   0.00000000
  0.00044264   0.00000000     0.00041824   0.00000000    -0.00000766   0.00000000
   11    6
 -0.00002172   0.00000000     0.00006654   0.00000000    -0.00023992   0.00000000
 -0.00006378   0.00000000    -0.00003607   0.00000000     0.00007122   0.00000000
  0.00016524   0.00000000    -0.00196362   0.00000000     0.00001401   0.00000000
   11    7
 -0.01988444   0.00000000    -0.02946945   0.00000000     0.00004296  -0.00000000
  0.00504413  -0.00000000     0.00634382  -0.00000000     0.00000559  -0.00000000
 -0.00000491   0.00000000     0.00000353  -0.00000000    -0.00212353   0.00000000
   11    8
  0.00027465  -0.00000000     0.00048712  -0.00000000    -0.00002828   0.00000000
  0.00074101  -0.00000000    -0.00094524   0.00000000    -0.00001074   0.00000000
 -0.00000196   0.00000000    -0.00001383   0.00000000     0.00010323  -0.00000000
   11    9
  0.00000403  -0.00000000     0.00000025  -0.00000000     0.00066531  -0.00000000
  0.00002022  -0.00000000     0.00001153  -0.00000000     0.00016420  -0.00000000
  0.00094324  -0.00000000     0.00024487  -0.00000000     0.00000454  -0.00000000
   11   10
  0.00001281  -0.00000000     0.00000537  -0.00000000    -0.00012607   0.00000000
 -0.00000704   0.00000000    -0.00000253   0.00000000     0.00026524  -0.00000000
 -0.00036771   0.00000000     0.00031182  -0.00000000     0.00000077  -0.00000000
   11   11
  0.15481804   0.00000000     0.14739333   0.00000000     0.00000505   0.00000000
  0.14739333   0.00000000     0.27861113   0.00000000     0.00003403   0.00000000
  0.00000505   0.00000000     0.00003403   0.00000000     0.06119930   0.00000000
   11   12
  0.00027335   0.00000000    -0.00004504   0.00000000    -0.00000441   0.00000000
 -0.00004504   0.00000000    -0.00002925   0.00000000     0.00002201   0.00000000
  0.00000441   0.00000000    -0.00002201   0.00000000     0.00073036   0.00000000
   11   13
 -0.00000154   0.00000000    -0.00003200   0.00000000    -0.00040867   0.00000000
  0.00003200   0.00000000    -0.00002659   0.00000000    -0.00001232   0.00000000
  0.00040867   0.00000000    -0.00001232   0.00000000     0.00000485   0.00000000
   11   14
 -0.00003528   0.00000000     0.00007510   0.00000000    -0.00037980   0.00000000
 -0.00007510   0.00000000     0.00003998   0.00000000    -0.00060866   0.00000000
 -0.00037980   0.00000000     0.00060866   0.00000000     0.00002108   0.00000000
   11   15
 -0.00400882  -0.00000000    -0.00793419  -0.00000000     0.00076794   0.00000000
  0.01034202   0.00000000     0.01695821   0.00000000    -0.00027115  -0.00000000
  0.01703723   0.00000000     0.02430534   0.00000000    -0.00073927  -0.00000000
   11   16
 -0.00027112  -0.00000000     0.00019380   0.00000000    -0.00008697  -0.00000000
 -0.00057294  -0.00000000     0.00019592   0.00000000    -0.00015043  -0.00000000
 -0.00002920  -0.00000000     0.00025650   0.00000000    -0.00059179  -0.00000000
   11   17
 -0.00009996  -0.00000000     0.00032182   0.00000000     0.00078299   0.00000000
 -0.00018011  -0.00000000     0.00006721   0.00000000     0.00001787   0.00000000
  0.00015010   0.00000000     0.00006052   0.00000000    -0.00003400  -0.00000000
   11   18
  0.00000884   0.00000000     0.00022754   0.00000000    -0.00031826  -0.00000000
  0.00009333   0.00000000     0.00002782   0.00000000    -0.00033656  -0.00000000
 -0.00010750  -0.00000000     0.00006870   0.00000000    -0.00010567  -0.00000000
   11   19
  0.00026231  -0.00000000    -0.00019008   0.00000000    -0.00013443   0.00000000
  0.00057177  -0.00000000    -0.00018247   0.00000000    -0.00019415   0.00000000
 -0.00002717   0.00000000     0.00021898  -0.00000000     0.00065562  -0.00000000
   11   20
  0.00401693  -0.00000000     0.00792869  -0.00000000     0.00075411  -0.00000000
 -0.01034206   0.00000000    -0.01699349   0.00000000    -0.00028788   0.00000000
  0.01705350  -0.00000000     0.02432058  -0.00000000     0.00078231  -0.00000000
   11   21
 -0.00004943   0.00000000    -0.00027543   0.00000000    -0.00040376   0.00000000
 -0.00015108   0.00000000    -0.00011439   0.00000000    -0.00037264   0.00000000
 -0.00008374   0.00000000     0.00005835  -0.00000000     0.00012091  -0.00000000
   11   22
  0.00010796  -0.00000000    -0.00035187   0.00000000     0.00072205  -0.00000000
  0.00015838  -0.00000000    -0.00005390   0.00000000    -0.00003623   0.00000000
  0.00014056  -0.00000000     0.00007108  -0.00000000     0.00005885  -0.00000000
   12    1
  0.00002186   0.00000000    -0.00000254  -0.00000000    -0.00007716  -0.00000000
  0.00012245   0.00000000     0.00008643   0.00000000    -0.00069919  -0.00000000
 -0.00229082  -0.00000000    -0.00426473  -0.00000000    -0.00012087  -0.00000000
   12    2
 -0.00395811  -0.00000000     0.00183005   0.00000000     0.00005773   0.00000000
  0.00397078   0.00000000    -0.00091103  -0.00000000    -0.00018270  -0.00000000
  0.00005969   0.00000000     0.00003805   0.00000000     0.00357519   0.00000000
   12    3
 -0.00088114   0.00000000    -0.00035565   0.00000000    -0.00001619   0.00000000
 -0.00058609   0.00000000    -0.00131750   0.00000000    -0.00003423   0.00000000
 -0.00000094   0.00000000     0.00005699   0.00000000     0.00001144   0.00000000
   12    4
 -0.13767556   0.00000000    -0.12628735   0.00000000    -0.00005318   0.00000000
 -0.12821965   0.00000000    -0.24187896   0.00000000    -0.00007288   0.00000000
  0.00002922   0.00000000    -0.00007550   0.00000000    -0.05373498   0.00000000
   12    5
 -0.00002172   0.00000000     0.00006654   0.00000000     0.00023992   0.00000000
 -0.00006378   0.00000000    -0.00003607   0.00000000    -0.00007122   0.00000000
 -0.00016524   0.00000000     0.00196362   0.00000000     0.00001401   0.00000000
   12    6
 -0.00003981   0.00000000    -0.00007606   0.00000000     0.00043270   0.00000000
 -0.00004888   0.00000000     0.00000014   0.00000000    -0.00008170   0.00000000
 -0.00044264   0.00000000    -0.00041824   0.00000000    -0.00000766   0.00000000
   12    7
  0.00027465  -0.00000000     0.00048712  -0.00000000     0.00002828  -0.00000000
  0.00074101  -0.00000000    -0.00094524   0.00000000     0.00001074  -0.00000000
  0.00000196  -0.00000000     0.00001383  -0.00000000     0.00010323  -0.00000000
   12    8
 -0.01988444   0.00000000    -0.02946945   0.00000000    -0.00004296   0.00000000
  0.00504413  -0.00000000     0.00634382  -0.00000000    -0.00000559   0.00000000
  0.00000491  -0.00000000    -0.00000353   0.00000000    -0.00212353   0.00000000
   12    9
  0.00001281  -0.00000000     0.00000537  -0.00000000     0.00012607  -0.00000000
 -0.00000704   0.00000000    -0.00000253   0.00000000    -0.00026524   0.00000000
  0.00036771  -0.00000000    -0.00031182   0.00000000     0.00000077  -0.00000000
   12   10
  0.00000403  -0.00000000     0.00000025  -0.00000000    -0.00066531   0.00000000
  0.00002022  -0.00000000     0.00001153  -0.00000000    -0.00016420   0.00000000
 -0.00094324   0.00000000    -0.00024487   0.00000000     0.00000454  -0.00000000
   12   11
  0.00027335   0.00000000    -0.00004504   0.00000000     0.00000441   0.00000000
 -0.00004504   0.00000000    -0.00002925   0.00000000    -0.00002201   0.00000000
 -0.00000441   0.00000000     0.00002201   0.00000000     0.00073036   0.00000000
   12   12
  0.15481804   0.00000000     0.14739333   0.00000000    -0.00000505   0.00000000
  0.14739333   0.00000000     0.27861113   0.00000000    -0.00003403   0.00000000
 -0.00000505   0.00000000    -0.00003403   0.00000000     0.06119930   0.00000000
   12   13
 -0.00003528   0.00000000     0.00007510   0.00000000     0.00037980   0.00000000
 -0.00007510   0.00000000     0.00003998   0.00000000     0.00060866   0.00000000
  0.00037980   0.00000000    -0.00060866   0.00000000     0.00002108   0.00000000
   12   14
 -0.00000154   0.00000000    -0.00003200   0.00000000     0.00040867   0.00000000
  0.00003200   0.00000000    -0.00002659   0.00000000     0.00001232   0.00000000
 -0.00040867   0.00000000     0.00001232   0.00000000     0.00000485   0.00000000
   12   15
 -0.00027112  -0.00000000     0.00019380   0.00000000     0.00008697   0.00000000
 -0.00057294  -0.00000000     0.00019592   0.00000000     0.00015043   0.00000000
  0.00002920   0.00000000    -0.00025650  -0.00000000    -0.00059179  -0.00000000
   12   16
 -0.00400882  -0.00000000    -0.00793419  -0.00000000    -0.00076794  -0.00000000
  0.01034202   0.00000000     0.01695821   0.00000000     0.00027115   0.00000000
 -0.01703723  -0.00000000    -0.02430534  -0.00000000    -0.00073927  -0.00000000
   12   17
  0.00000884   0.00000000     0.00022754   0.00000000     0.00031826   0.00000000
  0.00009333   0.00000000     0.00002782   0.00000000     0.00033656   0.00000000
  0.00010750   0.00000000    -0.00006870  -0.00000000    -0.00010567  -0.00000000
   12   18
 -0.00009996  -0.00000000     0.00032182   0.00000000    -0.00078299  -0.00000000
 -0.00018011  -0.00000000     0.00006721   0.00000000    -0.00001787  -0.00000000
 -0.00015010  -0.00000000    -0.00006052  -0.00000000    -0.00003400  -0.00000000
   12   19
  0.00401693  -0.00000000     0.00792869  -0.00000000    -0.00075411   0.00000000
 -0.01034206   0.00000000    -0.01699349   0.00000000     0.00028788  -0.00000000
 -0.01705350   0.00000000    -0.02432058   0.00000000     0.00078231  -0.00000000
   12   20
  0.00026231  -0.00000000    -0.00019008   0.00000000     0.00013443  -0.00000000
  0.00057177  -0.00000000    -0.00018247   0.00000000     0.00019415  -0.00000000
  0.00002717  -0.00000000    -0.00021898   0.00000000     0.00065562  -0.00000000
   12   21
  0.00010796  -0.00000000    -0.00035187   0.00000000    -0.00072205   0.00000000
  0.00015838  -0.00000000    -0.00005390   0.00000000     0.00003623  -0.00000000
 -0.00014056   0.00000000    -0.00007108   0.00000000     0.00005885  -0.00000000
   12   22
 -0.00004943   0.00000000    -0.00027543   0.00000000     0.00040376  -0.00000000
 -0.00015108   0.00000000    -0.00011439   0.00000000     0.00037264  -0.00000000
  0.00008374  -0.00000000    -0.00005835   0.00000000     0.00012091  -0.00000000
   13    1
  0.00395811   0.00000000     0.00183005   0.00000000    -0.00005773  -0.00000000
  0.00397078   0.00000000     0.00091103   0.00000000    -0.00018270  -0.00000000
 -0.00005969  -0.00000000     0.00003805   0.00000000    -0.00357519  -0.00000000
   13    2
 -0.00002186  -0.00000000    -0.00000254  -0.00000000     0.00007716   0.00000000
  0.00012245   0.00000000    -0.00008643  -0.00000000    -0.00069919  -0.00000000
  0.00229082   0.00000000    -0.00426473  -0.00000000     0.00012087   0.00000000
   13    3
 -0.00003981   0.00000000     0.00007606   0.00000000     0.00043270   0.00000000
  0.00004888   0.00000000     0.00000014   0.00000000     0.00008170   0.00000000
 -0.00044264   0.00000000     0.00041824   0.00000000    -0.00000766   0.00000000
   13    4
 -0.00002172   0.00000000    -0.00006654   0.00000000     0.00023992   0.00000000
  0.00006378   0.00000000    -0.00003607   0.00000000     0.00007122   0.00000000
 -0.00016524   0.00000000    -0.00196362   0.00000000     0.00001401   0.00000000
   13    5
 -0.13767556   0.00000000     0.12628735   0.00000000    -0.00005318   0.00000000
  0.12821965   0.00000000    -0.24187896   0.00000000     0.00007288   0.00000000
  0.00002922   0.00000000     0.00007550   0.00000000    -0.05373498   0.00000000
   13    6
 -0.00088114   0.00000000     0.00035565   0.00000000    -0.00001619   0.00000000
  0.00058609   0.00000000    -0.00131750   0.00000000     0.00003423   0.00000000
 -0.00000094   0.00000000    -0.00005699   0.00000000     0.00001144   0.00000000
   13    7
  0.00000403  -0.00000000    -0.00000025   0.00000000    -0.00066531   0.00000000
 -0.00002022   0.00000000     0.00001153  -0.00000000     0.00016420  -0.00000000
 -0.00094324   0.00000000     0.00024487  -0.00000000     0.00000454  -0.00000000
   13    8
  0.00001281  -0.00000000    -0.00000537   0.00000000     0.00012607  -0.00000000
  0.00000704  -0.00000000    -0.00000253   0.00000000     0.00026524  -0.00000000
  0.00036771  -0.00000000     0.00031182  -0.00000000     0.00000077  -0.00000000
   13    9
 -0.01988444   0.00000000     0.02946945  -0.00000000    -0.00004296   0.00000000
 -0.00504413   0.00000000     0.00634382  -0.00000000     0.00000559  -0.00000000
  0.00000491  -0.00000000     0.00000353  -0.00000000    -0.00212353   0.00000000
   13   10
  0.00027465  -0.00000000    -0.00048712   0.00000000     0.00002828  -0.00000000
 -0.00074101   0.00000000    -0.00094524   0.00000000    -0.00001074   0.00000000
  0.00000196  -0.00000000    -0.00001383   0.00000000     0.00010323  -0.00000000
   13   11
 -0.00000154   0.00000000     0.00003200   0.00000000     0.00040867   0.00000000
 -0.00003200   0.00000000    -0.00002659   0.00000000    -0.00001232   0.00000000
 -0.00040867   0.00000000    -0.00001232   0.00000000     0.00000485   0.00000000
   13   12
 -0.00003528   0.00000000    -0.00007510   0.00000000     0.00037980   0.00000000
  0.00007510   0.00000000     0.00003998   0.00000000    -0.00060866   0.00000000
  0.00037980   0.00000000     0.00060866   0.00000000     0.00002108   0.00000000
   13   13
  0.15481804   0.00000000    -0.14739333   0.00000000    -0.00000505   0.00000000
 -0.14739333   0.00000000     0.27861113   0.00000000     0.00003403   0.00000000
 -0.00000505   0.00000000     0.00003403   0.00000000     0.06119930   0.00000000
   13   14
  0.00027335   0.00000000     0.00004504   0.00000000     0.00000441   0.00000000
  0.00004504   0.00000000    -0.00002925   0.00000000     0.00002201   0.00000000
 -0.00000441   0.00000000    -0.00002201   0.00000000     0.00073036   0.00000000
   13   15
  0.00009996   0.00000000     0.00032182   0.00000000     0.00078299   0.00000000
 -0.00018011  -0.00000000    -0.00006721  -0.00000000    -0.00001787  -0.00000000
  0.00015010   0.00000000    -0.00006052  -0.00000000     0.00003400   0.00000000
   13   16
 -0.00000884  -0.00000000     0.00022754   0.00000000    -0.00031826  -0.00000000
  0.00009333   0.00000000    -0.00002782  -0.00000000     0.00033656   0.00000000
 -0.00010750  -0.00000000    -0.00006870  -0.00000000     0.00010567   0.00000000
   13   17
  0.00400882   0.00000000    -0.00793419  -0.00000000     0.00076794   0.00000000
  0.01034202   0.00000000    -0.01695821  -0.00000000     0.00027115   0.00000000
  0.01703723   0.00000000    -0.02430534  -0.00000000     0.00073927   0.00000000
   13   18
  0.00027112   0.00000000     0.00019380   0.00000000    -0.00008697  -0.00000000
 -0.00057294  -0.00000000    -0.00019592  -0.00000000     0.00015043   0.00000000
 -0.00002920  -0.00000000    -0.00025650  -0.00000000     0.00059179   0.00000000
   13   19
 -0.00004943   0.00000000     0.00027543  -0.00000000     0.00040376  -0.00000000
  0.00015108  -0.00000000    -0.00011439   0.00000000    -0.00037264   0.00000000
  0.00008374  -0.00000000     0.00005835  -0.00000000     0.00012091  -0.00000000
   13   20
  0.00010796  -0.00000000     0.00035187  -0.00000000    -0.00072205   0.00000000
 -0.00015838   0.00000000    -0.00005390   0.00000000    -0.00003623   0.00000000
 -0.00014056   0.00000000     0.00007108  -0.00000000     0.00005885  -0.00000000
   13   21
  0.00026231  -0.00000000     0.00019008  -0.00000000     0.00013443  -0.00000000
 -0.00057177   0.00000000    -0.00018247   0.00000000    -0.00019415   0.00000000
  0.00002717  -0.00000000     0.00021898  -0.00000000     0.00065562  -0.00000000
   13   22
  0.00401693  -0.00000000    -0.00792869   0.00000000    -0.00075411   0.00000000
  0.01034206  -0.00000000    -0.01699349   0.00000000    -0.00028788   0.00000000
 -0.01705350   0.00000000     0.02432058  -0.00000000     0.00078231  -0.00000000
   14    1
  0.00395811   0.00000000     0.00183005   0.00000000     0.00005773   0.00000000
  0.00397078   0.00000000     0.00091103   0.00000000     0.00018270   0.00000000
  0.00005969   0.00000000    -0.00003805  -0.00000000    -0.00357519  -0.00000000
   14    2
 -0.00002186  -0.00000000    -0.00000254  -0.00000000    -0.00007716  -0.00000000
  0.00012245   0.00000000    -0.00008643  -0.00000000     0.00069919   0.00000000
 -0.00229082  -0.00000000     0.00426473   0.00000000     0.00012087   0.00000000
   14    3
 -0.00002172   0.00000000    -0.00006654   0.00000000    -0.00023992   0.00000000
  0.00006378   0.00000000    -0.00003607   0.00000000    -0.00007122   0.00000000
  0.00016524   0.00000000     0.00196362   0.00000000     0.00001401   0.00000000
   14    4
 -0.00003981   0.00000000     0.00007606   0.00000000    -0.00043270   0.00000000
  0.00004888   0.00000000     0.00000014   0.00000000    -0.00008170   0.00000000
  0.00044264   0.00000000    -0.00041824   0.00000000    -0.00000766   0.00000000
   14    5
 -0.00088114   0.00000000     0.00035565   0.00000000     0.00001619   0.00000000
  0.00058609   0.00000000    -0.00131750   0.00000000    -0.00003423   0.00000000
  0.00000094   0.00000000     0.00005699   0.00000000     0.00001144   0.00000000
   14    6
 -0.13767556   0.00000000     0.12628735   0.00000000     0.00005318   0.00000000
  0.12821965   0.00000000    -0.24187896   0.00000000    -0.00007288   0.00000000
 -0.00002922   0.00000000    -0.00007550   0.00000000    -0.05373498   0.00000000
   14    7
  0.00001281  -0.00000000    -0.00000537   0.00000000    -0.00012607   0.00000000
  0.00000704  -0.00000000    -0.00000253   0.00000000    -0.00026524   0.00000000
 -0.00036771   0.00000000    -0.00031182   0.00000000     0.00000077  -0.00000000
   14    8
  0.00000403  -0.00000000    -0.00000025   0.00000000     0.00066531  -0.00000000
 -0.00002022   0.00000000     0.00001153  -0.00000000    -0.00016420   0.00000000
  0.00094324  -0.00000000    -0.00024487   0.00000000     0.00000454  -0.00000000
   14    9
  0.00027465  -0.00000000    -0.00048712   0.00000000    -0.00002828   0.00000000
 -0.00074101   0.00000000    -0.00094524   0.00000000     0.00001074  -0.00000000
 -0.00000196   0.00000000     0.00001383  -0.00000000     0.00010323  -0.00000000
   14   10
 -0.01988444   0.00000000     0.02946945  -0.00000000     0.00004296  -0.00000000
 -0.00504413   0.00000000     0.00634382  -0.00000000    -0.00000559   0.00000000
 -0.00000491   0.00000000    -0.00000353   0.00000000    -0.00212353   0.00000000
   14   11
 -0.00003528   0.00000000    -0.00007510   0.00000000    -0.00037980   0.00000000
  0.00007510   0.00000000     0.00003998   0.00000000     0.00060866   0.00000000
 -0.00037980   0.00000000    -0.00060866   0.00000000     0.00002108   0.00000000
   14   12
 -0.00000154   0.00000000     0.00003200   0.00000000    -0.00040867   0.00000000
 -0.00003200   0.00000000    -0.00002659   0.00000000     0.00001232   0.00000000
  0.00040867   0.00000000     0.00001232   0.00000000     0.00000485   0.00000000
   14   13
  0.00027335   0.00000000     0.00004504   0.00000000    -0.00000441   0.00000000
  0.00004504   0.00000000    -0.00002925   0.00000000    -0.00002201   0.00000000
  0.00000441   0.00000000     0.00002201   0.00000000     0.00073036   0.00000000
   14   14
  0.15481804   0.00000000    -0.14739333   0.00000000     0.00000505   0.00000000
 -0.14739333   0.00000000     0.27861113   0.00000000    -0.00003403   0.00000000
  0.00000505   0.00000000    -0.00003403   0.00000000     0.06119930   0.00000000
   14   15
 -0.00000884  -0.00000000     0.00022754   0.00000000     0.00031826   0.00000000
  0.00009333   0.00000000    -0.00002782  -0.00000000    -0.00033656  -0.00000000
  0.00010750   0.00000000     0.00006870   0.00000000     0.00010567   0.00000000
   14   16
  0.00009996   0.00000000     0.00032182   0.00000000    -0.00078299  -0.00000000
 -0.00018011  -0.00000000    -0.00006721  -0.00000000     0.00001787   0.00000000
 -0.00015010  -0.00000000     0.00006052   0.00000000     0.00003400   0.00000000
   14   17
  0.00027112   0.00000000     0.00019380   0.00000000     0.00008697   0.00000000
 -0.00057294  -0.00000000    -0.00019592  -0.00000000    -0.00015043  -0.00000000
  0.00002920   0.00000000     0.00025650   0.00000000     0.00059179   0.00000000
   14   18
  0.00400882   0.00000000    -0.00793419  -0.00000000    -0.00076794  -0.00000000
  0.01034202   0.00000000    -0.01695821  -0.00000000    -0.00027115  -0.00000000
 -0.01703723  -0.00000000     0.02430534   0.00000000     0.00073927   0.00000000
   14   19
  0.00010796  -0.00000000     0.00035187  -0.00000000     0.00072205  -0.00000000
 -0.00015838   0.00000000    -0.00005390   0.00000000     0.00003623  -0.00000000
  0.00014056  -0.00000000    -0.00007108   0.00000000     0.00005885  -0.00000000
   14   20
 -0.00004943   0.00000000     0.00027543  -0.00000000    -0.00040376   0.00000000
  0.00015108  -0.00000000    -0.00011439   0.00000000     0.00037264  -0.00000000
 -0.00008374   0.00000000    -0.00005835   0.00000000     0.00012091  -0.00000000
   14   21
  0.00401693  -0.00000000    -0.00792869   0.00000000     0.00075411  -0.00000000
  0.01034206  -0.00000000    -0.01699349   0.00000000     0.00028788  -0.00000000
  0.01705350  -0.00000000    -0.02432058   0.00000000     0.00078231  -0.00000000
   14   22
  0.00026231  -0.00000000     0.00019008  -0.00000000    -0.00013443   0.00000000
 -0.00057177   0.00000000    -0.00018247   0.00000000     0.00019415  -0.00000000
 -0.00002717   0.00000000    -0.00021898   0.00000000     0.00065562  -0.00000000
   15    1
  0.00086114   0.00000000     0.00020853   0.00000000     0.00337616   0.00000000
  0.00121651   0.00000000    -0.00155316   0.00000000    -0.00756162   0.00000000
  0.00167792   0.00000000    -0.00407493   0.00000000    -0.00261562   0.00000000
   15    2
 -0.00351938   0.00000000     0.00135409   0.00000000    -0.00225974   0.00000000
  0.00066804   0.00000000     0.00014747   0.00000000    -0.00114771   0.00000000
 -0.00134416   0.00000000    -0.00060512   0.00000000    -0.00714992   0.00000000
   15    3
  0.05712939  -0.00000000    -0.03380049   0.00000000    -0.04474317   0.00000000
 -0.03313612   0.00000000     0.13625790  -0.00000000     0.13198859  -0.00000000
 -0.04443749   0.00000000     0.13263214  -0.00000000     0.25558091  -0.00000000
   15    4
  0.00111233  -0.00000000     0.00009473  -0.00000000     0.00003274  -0.00000000
  0.00016326  -0.00000000     0.00058502  -0.00000000    -0.00018959   0.00000000
 -0.00014324   0.00000000    -0.00010159   0.00000000    -0.00043415   0.00000000
   15    5
 -0.00018087   0.00000000     0.00001166  -0.00000000     0.00097616  -0.00000000
 -0.00026939   0.00000000    -0.00048875   0.00000000    -0.00071031   0.00000000
 -0.00054822   0.00000000    -0.00149160   0.00000000    -0.00046058   0.00000000
   15    6
 -0.00047416   0.00000000     0.00026352  -0.00000000     0.00008491  -0.00000000
  0.00057858  -0.00000000    -0.00046430   0.00000000    -0.00118665   0.00000000
  0.00041603  -0.00000000     0.00031008  -0.00000000    -0.00077299   0.00000000
   15    7
  0.00617991  -0.00000000    -0.01961541   0.00000000    -0.02942247   0.00000000
 -0.00135067   0.00000000     0.00545840  -0.00000000     0.00631180  -0.00000000
 -0.00059937   0.00000000    -0.00059776   0.00000000    -0.00094277   0.00000000
   15    8
 -0.00002442   0.00000000     0.00002109  -0.00000000     0.00016838  -0.00000000
 -0.00074459   0.00000000     0.00027338  -0.00000000     0.00004285  -0.00000000
  0.00002421  -0.00000000     0.00000492  -0.00000000    -0.00038933   0.00000000
   15    9
 -0.00030366   0.00000000     0.00017265  -0.00000000     0.00038280  -0.00000000
 -0.00002547   0.00000000    -0.00007194   0.00000000     0.00025300  -0.00000000
  0.00096380  -0.00000000     0.00016472  -0.00000000     0.00008500  -0.00000000
   15   10
  0.00001599  -0.00000000     0.00022373  -0.00000000     0.00016217  -0.00000000
  0.00021163  -0.00000000    -0.00002803   0.00000000     0.00008412  -0.00000000
  0.00041992  -0.00000000    -0.00016487   0.00000000     0.00008085  -0.00000000
   15   11
 -0.00400882   0.00000000     0.01034202  -0.00000000     0.01703723  -0.00000000
 -0.00793419   0.00000000     0.01695821  -0.00000000     0.02430534  -0.00000000
  0.00076794  -0.00000000    -0.00027115   0.00000000    -0.00073927   0.00000000
   15   12
 -0.00027112   0.00000000    -0.00057294   0.00000000     0.00002920  -0.00000000
  0.00019380  -0.00000000     0.00019592  -0.00000000    -0.00025650   0.00000000
  0.00008697  -0.00000000     0.00015043  -0.00000000    -0.00059179   0.00000000
   15   13
  0.00009996  -0.00000000    -0.00018011   0.00000000     0.00015010  -0.00000000
  0.00032182  -0.00000000    -0.00006721   0.00000000    -0.00006052   0.00000000
  0.00078299  -0.00000000    -0.00001787   0.00000000     0.00003400  -0.00000000
   15   14
 -0.00000884   0.00000000     0.00009333  -0.00000000     0.00010750  -0.00000000
  0.00022754  -0.00000000    -0.00002782   0.00000000     0.00006870  -0.00000000
  0.00031826  -0.00000000    -0.00033656   0.00000000     0.00010567  -0.00000000
   15   15
  0.06898545   0.00000000    -0.03951179   0.00000000    -0.05084224   0.00000000
 -0.03951179   0.00000000     0.15168320   0.00000000     0.14824796   0.00000000
 -0.05084224   0.00000000     0.14824796   0.00000000     0.28369090   0.00000000
   15   16
 -0.00012517   0.00000000     0.00033804   0.00000000    -0.00008275   0.00000000
  0.00033804   0.00000000    -0.00062851   0.00000000     0.00015115   0.00000000
  0.00008275   0.00000000    -0.00015115   0.00000000     0.00091944   0.00000000
   15   17
  0.00026988   0.00000000    -0.00004258   0.00000000    -0.00016637   0.00000000
  0.00004258   0.00000000    -0.00001708   0.00000000     0.00023798   0.00000000
  0.00016637   0.00000000     0.00023798   0.00000000     0.00056477   0.00000000
   15   18
  0.00003667   0.00000000     0.00007673   0.00000000     0.00010993   0.00000000
 -0.00007673   0.00000000     0.00000631   0.00000000     0.00018188   0.00000000
  0.00010993   0.00000000    -0.00018188   0.00000000     0.00009974   0.00000000
   15   19
 -0.00003261   0.00000000    -0.00035477   0.00000000     0.00019195  -0.00000000
 -0.00035949   0.00000000     0.00027008  -0.00000000    -0.00015364   0.00000000
  0.00013895  -0.00000000    -0.00011477   0.00000000    -0.00070590   0.00000000
   15   20
 -0.00047817   0.00000000     0.00518306  -0.00000000     0.00607111  -0.00000000
  0.00519950  -0.00000000    -0.01251234   0.00000000    -0.01698590   0.00000000
 -0.00608161   0.00000000     0.01697222  -0.00000000     0.02116410  -0.00000000
   15   21
  0.00001609  -0.00000000     0.00007002  -0.00000000     0.00026090  -0.00000000
  0.00002634  -0.00000000     0.00000368  -0.00000000     0.00022670  -0.00000000
  0.00024431  -0.00000000    -0.00025161   0.00000000    -0.00001105   0.00000000
   15   22
 -0.00000905   0.00000000     0.00017950  -0.00000000    -0.00022807   0.00000000
  0.00016504  -0.00000000    -0.00006173   0.00000000     0.00011552  -0.00000000
  0.00024607  -0.00000000     0.00016786  -0.00000000    -0.00003414   0.00000000
   16    1
  0.00086114   0.00000000     0.00020853   0.00000000    -0.00337616   0.00000000
  0.00121651   0.00000000    -0.00155316   0.00000000     0.00756162   0.00000000
 -0.00167792   0.00000000     0.00407493   0.00000000    -0.00261562   0.00000000
   16    2
 -0.00351938   0.00000000     0.00135409   0.00000000     0.00225974   0.00000000
  0.00066804   0.00000000     0.00014747   0.00000000     0.00114771   0.00000000
  0.00134416   0.00000000     0.00060512   0.00000000    -0.00714992   0.00000000
   16    3
  0.00111233  -0.00000000     0.00009473  -0.00000000    -0.00003274   0.00000000
  0.00016326  -0.00000000     0.00058502  -0.00000000     0.00018959  -0.00000000
  0.00014324  -0.00000000     0.00010159  -0.00000000    -0.00043415   0.00000000
   16    4
  0.05712939  -0.00000000    -0.03380049   0.00000000     0.04474317  -0.00000000
 -0.03313612   0.00000000     0.13625790  -0.00000000    -0.13198859   0.00000000
  0.04443749  -0.00000000    -0.13263214   0.00000000     0.25558091  -0.00000000
   16    5
 -0.00047416   0.00000000     0.00026352  -0.00000000    -0.00008491   0.00000000
  0.00057858  -0.00000000    -0.00046430   0.00000000     0.00118665  -0.00000000
 -0.00041603   0.00000000    -0.00031008   0.00000000    -0.00077299   0.00000000
   16    6
 -0.00018087   0.00000000     0.00001166  -0.00000000    -0.00097616   0.00000000
 -0.00026939   0.00000000    -0.00048875   0.00000000     0.00071031  -0.00000000
  0.00054822  -0.00000000     0.00149160  -0.00000000    -0.00046058   0.00000000
   16    7
 -0.00002442   0.00000000     0.00002109  -0.00000000    -0.00016838   0.00000000
 -0.00074459   0.00000000     0.00027338  -0.00000000    -0.00004285   0.00000000
 -0.00002421   0.00000000    -0.00000492   0.00000000    -0.00038933   0.00000000
   16    8
  0.00617991  -0.00000000    -0.01961541   0.00000000     0.02942247  -0.00000000
 -0.00135067   0.00000000     0.00545840  -0.00000000    -0.00631180   0.00000000
  0.00059937  -0.00000000     0.00059776  -0.00000000    -0.00094277   0.00000000
   16    9
  0.00001599  -0.00000000     0.00022373  -0.00000000    -0.00016217   0.00000000
  0.00021163  -0.00000000    -0.00002803   0.00000000    -0.00008412   0.00000000
 -0.00041992   0.00000000     0.00016487  -0.00000000     0.00008085  -0.00000000
   16   10
 -0.00030366   0.00000000     0.00017265  -0.00000000    -0.00038280   0.00000000
 -0.00002547   0.00000000    -0.00007194   0.00000000    -0.00025300   0.00000000
 -0.00096380   0.00000000    -0.00016472   0.00000000     0.00008500  -0.00000000
   16   11
 -0.00027112   0.00000000    -0.00057294   0.00000000    -0.00002920   0.00000000
  0.00019380  -0.00000000     0.00019592  -0.00000000     0.00025650  -0.00000000
 -0.00008697   0.00000000    -0.00015043   0.00000000    -0.00059179   0.00000000
   16   12
 -0.00400882   0.00000000     0.01034202  -0.00000000    -0.01703723   0.00000000
 -0.00793419   0.00000000     0.01695821  -0.00000000    -0.02430534   0.00000000
 -0.00076794   0.00000000     0.00027115  -0.00000000    -0.00073927   0.00000000
   16   13
 -0.00000884   0.00000000     0.00009333  -0.00000000    -0.00010750   0.00000000
  0.00022754  -0.00000000    -0.00002782   0.00000000    -0.00006870   0.00000000
 -0.00031826   0.00000000     0.00033656  -0.00000000     0.00010567  -0.00000000
   16   14
  0.00009996  -0.00000000    -0.00018011   0.00000000    -0.00015010   0.00000000
  0.00032182  -0.00000000    -0.00006721   0.00000000     0.00006052  -0.00000000
 -0.00078299   0.00000000     0.00001787  -0.00000000     0.00003400  -0.00000000
   16   15
 -0.00012517   0.00000000     0.00033804   0.00000000     0.00008275   0.00000000
  0.00033804   0.00000000    -0.00062851   0.00000000    -0.00015115   0.00000000
 -0.00008275   0.00000000     0.00015115   0.00000000     0.00091944   0.00000000
   16   16
  0.06898545   0.00000000    -0.03951179   0.00000000     0.05084224   0.00000000
 -0.03951179   0.00000000     0.15168320   0.00000000    -0.14824796   0.00000000
  0.05084224   0.00000000    -0.14824796   0.00000000     0.28369090   0.00000000
   16   17
  0.00003667   0.00000000     0.00007673   0.00000000    -0.00010993   0.00000000
 -0.00007673   0.00000000     0.00000631   0.00000000    -0.00018188   0.00000000
 -0.00010993   0.00000000     0.00018188   0.00000000     0.00009974   0.00000000
   16   18
  0.00026988   0.00000000    -0.00004258   0.00000000     0.00016637   0.00000000
  0.00004258   0.00000000    -0.00001708   0.00000000    -0.00023798   0.00000000
 -0.00016637   0.00000000    -0.00023798   0.00000000     0.00056477   0.00000000
   16   19
 -0.00047817   0.00000000     0.00518306  -0.00000000    -0.00607111   0.00000000
  0.00519950  -0.00000000    -0.01251234   0.00000000     0.01698590  -0.00000000
  0.00608161  -0.00000000    -0.01697222   0.00000000     0.02116410  -0.00000000
   16   20
 -0.00003261   0.00000000    -0.00035477   0.00000000    -0.00019195   0.00000000
 -0.00035949   0.00000000     0.00027008  -0.00000000     0.00015364  -0.00000000
 -0.00013895   0.00000000     0.00011477  -0.00000000    -0.00070590   0.00000000
   16   21
 -0.00000905   0.00000000     0.00017950  -0.00000000     0.00022807  -0.00000000
  0.00016504  -0.00000000    -0.00006173   0.00000000    -0.00011552   0.00000000
 -0.00024607   0.00000000    -0.00016786   0.00000000    -0.00003414   0.00000000
   16   22
  0.00001609  -0.00000000     0.00007002  -0.00000000    -0.00026090   0.00000000
  0.00002634  -0.00000000     0.00000368  -0.00000000    -0.00022670   0.00000000
 -0.00024431   0.00000000     0.00025161  -0.00000000    -0.00001105   0.00000000
   17    1
 -0.00351938   0.00000000    -0.00135409   0.00000000     0.00225974   0.00000000
 -0.00066804   0.00000000     0.00014747   0.00000000    -0.00114771   0.00000000
  0.00134416   0.00000000    -0.00060512   0.00000000    -0.00714992   0.00000000
   17    2
  0.00086114   0.00000000    -0.00020853   0.00000000    -0.00337616   0.00000000
 -0.00121651   0.00000000    -0.00155316   0.00000000    -0.00756162   0.00000000
 -0.00167792   0.00000000    -0.00407493   0.00000000    -0.00261562   0.00000000
   17    3
  0.00018087  -0.00000000     0.00001166  -0.00000000     0.00097616  -0.00000000
 -0.00026939   0.00000000     0.00048875  -0.00000000     0.00071031  -0.00000000
 -0.00054822   0.00000000     0.00149160  -0.00000000     0.00046058  -0.00000000
   17    4
  0.00047416  -0.00000000     0.00026352  -0.00000000     0.00008491  -0.00000000
  0.00057858  -0.00000000     0.00046430  -0.00000000     0.00118665  -0.00000000
  0.00041603  -0.00000000    -0.00031008   0.00000000     0.00077299  -0.00000000
   17    5
 -0.05712939   0.00000000    -0.03380049   0.00000000    -0.04474317   0.00000000
 -0.03313612   0.00000000    -0.13625790   0.00000000    -0.13198859   0.00000000
 -0.04443749   0.00000000    -0.13263214   0.00000000    -0.25558091   0.00000000
   17    6
 -0.00111233   0.00000000     0.00009473  -0.00000000     0.00003274  -0.00000000
  0.00016326  -0.00000000    -0.00058502   0.00000000     0.00018959  -0.00000000
 -0.00014324   0.00000000     0.00010159  -0.00000000     0.00043415  -0.00000000
   17    7
  0.00030366  -0.00000000     0.00017265  -0.00000000     0.00038280  -0.00000000
 -0.00002547   0.00000000     0.00007194  -0.00000000    -0.00025300   0.00000000
  0.00096380  -0.00000000    -0.00016472   0.00000000    -0.00008500   0.00000000
   17    8
 -0.00001599   0.00000000     0.00022373  -0.00000000     0.00016217  -0.00000000
  0.00021163  -0.00000000     0.00002803  -0.00000000    -0.00008412   0.00000000
  0.00041992  -0.00000000     0.00016487  -0.00000000    -0.00008085   0.00000000
   17    9
 -0.00617991   0.00000000    -0.01961541   0.00000000    -0.02942247   0.00000000
 -0.00135067   0.00000000    -0.00545840   0.00000000    -0.00631180   0.00000000
 -0.00059937   0.00000000     0.00059776  -0.00000000     0.00094277  -0.00000000
   17   10
  0.00002442  -0.00000000     0.00002109  -0.00000000     0.00016838  -0.00000000
 -0.00074459   0.00000000    -0.00027338   0.00000000    -0.00004285   0.00000000
  0.00002421  -0.00000000    -0.00000492   0.00000000     0.00038933  -0.00000000
   17   11
 -0.00009996   0.00000000    -0.00018011   0.00000000     0.00015010  -0.00000000
  0.00032182  -0.00000000     0.00006721  -0.00000000     0.00006052  -0.00000000
  0.00078299  -0.00000000     0.00001787  -0.00000000    -0.00003400   0.00000000
   17   12
  0.00000884  -0.00000000     0.00009333  -0.00000000     0.00010750  -0.00000000
  0.00022754  -0.00000000     0.00002782  -0.00000000    -0.00006870   0.00000000
  0.00031826  -0.00000000     0.00033656  -0.00000000    -0.00010567   0.00000000
   17   13
  0.00400882  -0.00000000     0.01034202  -0.00000000     0.01703723  -0.00000000
 -0.00793419   0.00000000    -0.01695821   0.00000000    -0.02430534   0.00000000
  0.00076794  -0.00000000     0.00027115  -0.00000000     0.00073927  -0.00000000
   17   14
  0.00027112  -0.00000000    -0.00057294   0.00000000     0.00002920  -0.00000000
  0.00019380  -0.00000000    -0.00019592   0.00000000     0.00025650  -0.00000000
  0.00008697  -0.00000000    -0.00015043   0.00000000     0.00059179  -0.00000000
   17   15
  0.00026988   0.00000000     0.00004258   0.00000000     0.00016637   0.00000000
 -0.00004258   0.00000000    -0.00001708   0.00000000     0.00023798   0.00000000
 -0.00016637   0.00000000     0.00023798   0.00000000     0.00056477   0.00000000
   17   16
  0.00003667   0.00000000    -0.00007673   0.00000000    -0.00010993   0.00000000
  0.00007673   0.00000000     0.00000631   0.00000000     0.00018188   0.00000000
 -0.00010993   0.00000000    -0.00018188   0.00000000     0.00009974   0.00000000
   17   17
  0.06898545   0.00000000     0.03951179   0.00000000     0.05084224   0.00000000
  0.03951179   0.00000000     0.15168320   0.00000000     0.14824796   0.00000000
  0.05084224   0.00000000     0.14824796   0.00000000     0.28369090   0.00000000
   17   18
 -0.00012517   0.00000000    -0.00033804   0.00000000     0.00008275   0.00000000
 -0.00033804   0.00000000    -0.00062851   0.00000000     0.00015115   0.00000000
 -0.00008275   0.00000000    -0.00015115   0.00000000     0.00091944   0.00000000
   17   19
 -0.00001609   0.00000000     0.00007002  -0.00000000     0.00026090  -0.00000000
  0.00002634  -0.00000000    -0.00000368   0.00000000    -0.00022670   0.00000000
  0.00024431  -0.00000000     0.00025161  -0.00000000     0.00001105  -0.00000000
   17   20
  0.00000905  -0.00000000     0.00017950  -0.00000000    -0.00022807   0.00000000
  0.00016504  -0.00000000     0.00006173  -0.00000000    -0.00011552   0.00000000
  0.00024607  -0.00000000    -0.00016786   0.00000000     0.00003414  -0.00000000
   17   21
  0.00003261  -0.00000000    -0.00035477   0.00000000     0.00019195  -0.00000000
 -0.00035949   0.00000000    -0.00027008   0.00000000     0.00015364  -0.00000000
  0.00013895  -0.00000000     0.00011477  -0.00000000     0.00070590  -0.00000000
   17   22
  0.00047817  -0.00000000     0.00518306  -0.00000000     0.00607111  -0.00000000
  0.00519950  -0.00000000     0.01251234  -0.00000000     0.01698590  -0.00000000
 -0.00608161   0.00000000    -0.01697222   0.00000000    -0.02116410   0.00000000
   18    1
 -0.00351938   0.00000000    -0.00135409   0.00000000    -0.00225974   0.00000000
 -0.00066804   0.00000000     0.00014747   0.00000000     0.00114771   0.00000000
 -0.00134416   0.00000000     0.00060512   0.00000000    -0.00714992   0.00000000
   18    2
  0.00086114   0.00000000    -0.00020853   0.00000000     0.00337616   0.00000000
 -0.00121651   0.00000000    -0.00155316   0.00000000     0.00756162   0.00000000
  0.00167792   0.00000000     0.00407493   0.00000000    -0.00261562   0.00000000
   18    3
  0.00047416  -0.00000000     0.00026352  -0.00000000    -0.00008491   0.00000000
  0.00057858  -0.00000000     0.00046430  -0.00000000    -0.00118665   0.00000000
 -0.00041603   0.00000000     0.00031008  -0.00000000     0.00077299  -0.00000000
   18    4
  0.00018087  -0.00000000     0.00001166  -0.00000000    -0.00097616   0.00000000
 -0.00026939   0.00000000     0.00048875  -0.00000000    -0.00071031   0.00000000
  0.00054822  -0.00000000    -0.00149160   0.00000000     0.00046058  -0.00000000
   18    5
 -0.00111233   0.00000000     0.00009473  -0.00000000    -0.00003274   0.00000000
  0.00016326  -0.00000000    -0.00058502   0.00000000    -0.00018959   0.00000000
  0.00014324  -0.00000000    -0.00010159   0.00000000     0.00043415  -0.00000000
   18    6
 -0.05712939   0.00000000    -0.03380049   0.00000000     0.04474317  -0.00000000
 -0.03313612   0.00000000    -0.13625790   0.00000000     0.13198859  -0.00000000
  0.04443749  -0.00000000     0.13263214  -0.00000000    -0.25558091   0.00000000
   18    7
 -0.00001599   0.00000000     0.00022373  -0.00000000    -0.00016217   0.00000000
  0.00021163  -0.00000000     0.00002803  -0.00000000     0.00008412  -0.00000000
 -0.00041992   0.00000000    -0.00016487   0.00000000    -0.00008085   0.00000000
   18    8
  0.00030366  -0.00000000     0.00017265  -0.00000000    -0.00038280   0.00000000
 -0.00002547   0.00000000     0.00007194  -0.00000000     0.00025300  -0.00000000
 -0.00096380   0.00000000     0.00016472  -0.00000000    -0.00008500   0.00000000
   18    9
  0.00002442  -0.00000000     0.00002109  -0.00000000    -0.00016838   0.00000000
 -0.00074459   0.00000000    -0.00027338   0.00000000     0.00004285  -0.00000000
 -0.00002421   0.00000000     0.00000492  -0.00000000     0.00038933  -0.00000000
   18   10
 -0.00617991   0.00000000    -0.01961541   0.00000000     0.02942247  -0.00000000
 -0.00135067   0.00000000    -0.00545840   0.00000000     0.00631180  -0.00000000
  0.00059937  -0.00000000    -0.00059776   0.00000000     0.00094277  -0.00000000
   18   11
  0.00000884  -0.00000000     0.00009333  -0.00000000    -0.00010750   0.00000000
  0.00022754  -0.00000000     0.00002782  -0.00000000     0.00006870  -0.00000000
 -0.00031826   0.00000000    -0.00033656   0.00000000    -0.00010567   0.00000000
   18   12
 -0.00009996   0.00000000    -0.00018011   0.00000000    -0.00015010   0.00000000
  0.00032182  -0.00000000     0.00006721  -0.00000000    -0.00006052   0.00000000
 -0.00078299   0.00000000    -0.00001787   0.00000000    -0.00003400   0.00000000
   18   13
  0.00027112  -0.00000000    -0.00057294   0.00000000    -0.00002920   0.00000000
  0.00019380  -0.00000000    -0.00019592   0.00000000    -0.00025650   0.00000000
 -0.00008697   0.00000000     0.00015043  -0.00000000     0.00059179  -0.00000000
   18   14
  0.00400882  -0.00000000     0.01034202  -0.00000000    -0.01703723   0.00000000
 -0.00793419   0.00000000    -0.01695821   0.00000000     0.02430534  -0.00000000
 -0.00076794   0.00000000    -0.00027115   0.00000000     0.00073927  -0.00000000
   18   15
  0.00003667   0.00000000    -0.00007673   0.00000000     0.00010993   0.00000000
  0.00007673   0.00000000     0.00000631   0.00000000    -0.00018188   0.00000000
  0.00010993   0.00000000     0.00018188   0.00000000     0.00009974   0.00000000
   18   16
  0.00026988   0.00000000     0.00004258   0.00000000    -0.00016637   0.00000000
 -0.00004258   0.00000000    -0.00001708   0.00000000    -0.00023798   0.00000000
  0.00016637   0.00000000    -0.00023798   0.00000000     0.00056477   0.00000000
   18   17
 -0.00012517   0.00000000    -0.00033804   0.00000000    -0.00008275   0.00000000
 -0.00033804   0.00000000    -0.00062851   0.00000000    -0.00015115   0.00000000
  0.00008275   0.00000000     0.00015115   0.00000000     0.00091944   0.00000000
   18   18
  0.06898545   0.00000000     0.03951179   0.00000000    -0.05084224   0.00000000
  0.03951179   0.00000000     0.15168320   0.00000000    -0.14824796   0.00000000
 -0.05084224   0.00000000    -0.14824796   0.00000000     0.28369090   0.00000000
   18   19
  0.00000905  -0.00000000     0.00017950  -0.00000000     0.00022807  -0.00000000
  0.00016504  -0.00000000     0.00006173  -0.00000000     0.00011552  -0.00000000
 -0.00024607   0.00000000     0.00016786  -0.00000000     0.00003414  -0.00000000
   18   20
 -0.00001609   0.00000000     0.00007002  -0.00000000    -0.00026090   0.00000000
  0.00002634  -0.00000000    -0.00000368   0.00000000     0.00022670  -0.00000000
 -0.00024431   0.00000000    -0.00025161   0.00000000     0.00001105  -0.00000000
   18   21
  0.00047817  -0.00000000     0.00518306  -0.00000000    -0.00607111   0.00000000
  0.00519950  -0.00000000     0.01251234  -0.00000000    -0.01698590   0.00000000
  0.00608161  -0.00000000     0.01697222  -0.00000000    -0.02116410   0.00000000
   18   22
  0.00003261  -0.00000000    -0.00035477   0.00000000    -0.00019195   0.00000000
 -0.00035949   0.00000000    -0.00027008   0.00000000    -0.00015364   0.00000000
 -0.00013895   0.00000000    -0.00011477   0.00000000     0.00070590  -0.00000000
   19    1
  0.00086363   0.00000000     0.00010176   0.00000000     0.00331895   0.00000000
  0.00098686   0.00000000    -0.00159864  -0.00000000    -0.00744065  -0.00000000
  0.00185161   0.00000000    -0.00416966  -0.00000000    -0.00280768  -0.00000000
   19    2
  0.00347880   0.00000000    -0.00142440  -0.00000000     0.00209492   0.00000000
 -0.00050967  -0.00000000    -0.00016658  -0.00000000     0.00064936   0.00000000
  0.00105548   0.00000000     0.00074742   0.00000000     0.00723798   0.00000000
   19    3
 -0.00111273  -0.00000000    -0.00009156  -0.00000000    -0.00004174  -0.00000000
 -0.00017446  -0.00000000    -0.00058333  -0.00000000     0.00019871   0.00000000
  0.00010391   0.00000000     0.00017755   0.00000000     0.00053188   0.00000000
   19    4
 -0.05714805  -0.00000000     0.03377982   0.00000000     0.04465848   0.00000000
  0.03316331   0.00000000    -0.13623233  -0.00000000    -0.13192092  -0.00000000
  0.04443551   0.00000000    -0.13270161  -0.00000000    -0.25540742  -0.00000000
   19    5
 -0.00052423  -0.00000000     0.00030350   0.00000000     0.00003589   0.00000000
  0.00065945   0.00000000    -0.00062928  -0.00000000    -0.00115365  -0.00000000
  0.00048489   0.00000000     0.00030427   0.00000000    -0.00071539  -0.00000000
   19    6
 -0.00013961  -0.00000000    -0.00000614  -0.00000000     0.00092335   0.00000000
 -0.00023383  -0.00000000    -0.00023141  -0.00000000    -0.00068505  -0.00000000
 -0.00052916  -0.00000000    -0.00146950  -0.00000000    -0.00041570  -0.00000000
   19    7
  0.00004747   0.00000000    -0.00004784   0.00000000    -0.00012307   0.00000000
  0.00070576   0.00000000    -0.00025706   0.00000000    -0.00007207   0.00000000
  0.00004439   0.00000000    -0.00001067   0.00000000     0.00036093   0.00000000
   19    8
 -0.00616037   0.00000000     0.01961570   0.00000000     0.02934657   0.00000000
  0.00139784   0.00000000    -0.00546566   0.00000000    -0.00625389   0.00000000
  0.00055513   0.00000000     0.00058393   0.00000000     0.00099162   0.00000000
   19    9
  0.00002643   0.00000000     0.00020540   0.00000000     0.00018315   0.00000000
  0.00024242   0.00000000    -0.00008323   0.00000000     0.00009716   0.00000000
  0.00047015   0.00000000    -0.00015803   0.00000000     0.00012897   0.00000000
   19   10
 -0.00030524   0.00000000     0.00018776   0.00000000     0.00032614   0.00000000
 -0.00008452   0.00000000    -0.00002997   0.00000000     0.00029442   0.00000000
  0.00095612   0.00000000     0.00016219   0.00000000     0.00006744   0.00000000
   19   11
  0.00026231   0.00000000     0.00057177   0.00000000    -0.00002717  -0.00000000
 -0.00019008  -0.00000000    -0.00018247  -0.00000000     0.00021898   0.00000000
 -0.00013443  -0.00000000    -0.00019415  -0.00000000     0.00065562   0.00000000
   19   12
  0.00401693   0.00000000    -0.01034206  -0.00000000    -0.01705350  -0.00000000
  0.00792869   0.00000000    -0.01699349  -0.00000000    -0.02432058  -0.00000000
 -0.00075411  -0.00000000     0.00028788   0.00000000     0.00078231   0.00000000
   19   13
 -0.00004943  -0.00000000     0.00015108   0.00000000     0.00008374   0.00000000
  0.00027543   0.00000000    -0.00011439  -0.00000000     0.00005835   0.00000000
  0.00040376   0.00000000    -0.00037264  -0.00000000     0.00012091   0.00000000
   19   14
  0.00010796   0.00000000    -0.00015838  -0.00000000     0.00014056   0.00000000
  0.00035187   0.00000000    -0.00005390  -0.00000000    -0.00007108  -0.00000000
  0.00072205   0.00000000     0.00003623   0.00000000     0.00005885   0.00000000
   19   15
 -0.00003261  -0.00000000    -0.00035949  -0.00000000     0.00013895   0.00000000
 -0.00035477  -0.00000000     0.00027008   0.00000000    -0.00011477  -0.00000000
  0.00019195   0.00000000    -0.00015364  -0.00000000    -0.00070590  -0.00000000
   19   16
 -0.00047817  -0.00000000     0.00519950   0.00000000     0.00608161   0.00000000
  0.00518306   0.00000000    -0.01251234  -0.00000000    -0.01697222  -0.00000000
 -0.00607111  -0.00000000     0.01698590   0.00000000     0.02116410   0.00000000
   19   17
 -0.00001609  -0.00000000     0.00002634   0.00000000     0.00024431   0.00000000
  0.00007002   0.00000000    -0.00000368  -0.00000000     0.00025161   0.00000000
  0.00026090   0.00000000    -0.00022670  -0.00000000     0.00001105   0.00000000
   19   18
  0.00000905   0.00000000     0.00016504   0.00000000    -0.00024607  -0.00000000
  0.00017950   0.00000000     0.00006173   0.00000000     0.00016786   0.00000000
  0.00022807   0.00000000     0.00011552   0.00000000     0.00003414   0.00000000
   19   19
  0.06895523   0.00000000    -0.03947813   0.00000000    -0.05084011   0.00000000
 -0.03947813   0.00000000     0.15175140   0.00000000     0.14829483   0.00000000
 -0.05084011   0.00000000     0.14829483   0.00000000     0.28370233   0.00000000
   19   20
 -0.00012849   0.00000000     0.00034952   0.00000000    -0.00006357   0.00000000
  0.00034952   0.00000000    -0.00071622   0.00000000     0.00014709   0.00000000
  0.00006357   0.00000000    -0.00014709   0.00000000     0.00091964   0.00000000
   19   21
  0.00029500   0.00000000    -0.00002976   0.00000000    -0.00014734   0.00000000
  0.00002976   0.00000000     0.00009290   0.00000000     0.00019785   0.00000000
  0.00014734   0.00000000     0.00019785   0.00000000     0.00055787   0.00000000
   19   22
  0.00000735   0.00000000     0.00002423   0.00000000     0.00012244   0.00000000
 -0.00002423   0.00000000    -0.00002957   0.00000000     0.00016557   0.00000000
  0.00012244   0.00000000    -0.00016557   0.00000000     0.00015224   0.00000000
   20    1
  0.00086363   0.00000000     0.00010176   0.00000000    -0.00331895  -0.00000000
  0.00098686   0.00000000    -0.00159864  -0.00000000     0.00744065   0.00000000
 -0.00185161  -0.00000000     0.00416966   0.00000000    -0.00280768  -0.00000000
   20    2
  0.00347880   0.00000000    -0.00142440  -0.00000000    -0.00209492  -0.00000000
 -0.00050967  -0.00000000    -0.00016658  -0.00000000    -0.00064936  -0.00000000
 -0.00105548  -0.00000000    -0.00074742  -0.00000000     0.00723798   0.00000000
   20    3
 -0.05714805  -0.00000000     0.03377982   0.00000000    -0.04465848  -0.00000000
  0.03316331   0.00000000    -0.13623233  -0.00000000     0.13192092   0.00000000
 -0.04443551  -0.00000000     0.13270161   0.00000000    -0.25540742  -0.00000000
   20    4
 -0.00111273  -0.00000000    -0.00009156  -0.00000000     0.00004174   0.00000000
 -0.00017446  -0.00000000    -0.00058333  -0.00000000    -0.00019871  -0.00000000
 -0.00010391  -0.00000000    -0.00017755  -0.00000000     0.00053188   0.00000000
   20    5
 -0.00013961  -0.00000000    -0.00000614  -0.00000000    -0.00092335  -0.00000000
 -0.00023383  -0.00000000    -0.00023141  -0.00000000     0.00068505   0.00000000
  0.00052916   0.00000000     0.00146950   0.00000000    -0.00041570  -0.00000000
   20    6
 -0.00052423  -0.00000000     0.00030350   0.00000000    -0.00003589  -0.00000000
  0.00065945   0.00000000    -0.00062928  -0.00000000     0.00115365   0.00000000
 -0.00048489  -0.00000000    -0.00030427  -0.00000000    -0.00071539  -0.00000000
   20    7
 -0.00616037   0.00000000     0.01961570   0.00000000    -0.02934657   0.00000000
  0.00139784   0.00000000    -0.00546566   0.00000000     0.00625389   0.00000000
 -0.00055513   0.00000000    -0.00058393   0.00000000     0.00099162   0.00000000
   20    8
  0.00004747   0.00000000    -0.00004784   0.00000000     0.00012307   0.00000000
  0.00070576   0.00000000    -0.00025706   0.00000000     0.00007207   0.00000000
 -0.00004439   0.00000000     0.00001067   0.00000000     0.00036093   0.00000000
   20    9
 -0.00030524   0.00000000     0.00018776   0.00000000    -0.00032614   0.00000000
 -0.00008452   0.00000000    -0.00002997   0.00000000    -0.00029442   0.00000000
 -0.00095612   0.00000000    -0.00016219   0.00000000     0.00006744   0.00000000
   20   10
  0.00002643   0.00000000     0.00020540   0.00000000    -0.00018315   0.00000000
  0.00024242   0.00000000    -0.00008323   0.00000000    -0.00009716   0.00000000
 -0.00047015   0.00000000     0.00015803   0.00000000     0.00012897   0.00000000
   20   11
  0.00401693   0.00000000    -0.01034206  -0.00000000     0.01705350   0.00000000
  0.00792869   0.00000000    -0.01699349  -0.00000000     0.02432058   0.00000000
  0.00075411   0.00000000    -0.00028788  -0.00000000     0.00078231   0.00000000
   20   12
  0.00026231   0.00000000     0.00057177   0.00000000     0.00002717   0.00000000
 -0.00019008  -0.00000000    -0.00018247  -0.00000000    -0.00021898  -0.00000000
  0.00013443   0.00000000     0.00019415   0.00000000     0.00065562   0.00000000
   20   13
  0.00010796   0.00000000    -0.00015838  -0.00000000    -0.00014056  -0.00000000
  0.00035187   0.00000000    -0.00005390  -0.00000000     0.00007108   0.00000000
 -0.00072205  -0.00000000    -0.00003623  -0.00000000     0.00005885   0.00000000
   20   14
 -0.00004943  -0.00000000     0.00015108   0.00000000    -0.00008374  -0.00000000
  0.00027543   0.00000000    -0.00011439  -0.00000000    -0.00005835  -0.00000000
 -0.00040376  -0.00000000     0.00037264   0.00000000     0.00012091   0.00000000
   20   15
 -0.00047817  -0.00000000     0.00519950   0.00000000    -0.00608161  -0.00000000
  0.00518306   0.00000000    -0.01251234  -0.00000000     0.01697222   0.00000000
  0.00607111   0.00000000    -0.01698590  -0.00000000     0.02116410   0.00000000
   20   16
 -0.00003261  -0.00000000    -0.00035949  -0.00000000    -0.00013895  -0.00000000
 -0.00035477  -0.00000000     0.00027008   0.00000000     0.00011477   0.00000000
 -0.00019195  -0.00000000     0.00015364   0.00000000    -0.00070590  -0.00000000
   20   17
  0.00000905   0.00000000     0.00016504   0.00000000     0.00024607   0.00000000
  0.00017950   0.00000000     0.00006173   0.00000000    -0.00016786  -0.00000000
 -0.00022807  -0.00000000    -0.00011552  -0.00000000     0.00003414   0.00000000
   20   18
 -0.00001609  -0.00000000     0.00002634   0.00000000    -0.00024431  -0.00000000
  0.00007002   0.00000000    -0.00000368  -0.00000000    -0.00025161  -0.00000000
 -0.00026090  -0.00000000     0.00022670   0.00000000     0.00001105   0.00000000
   20   19
 -0.00012849   0.00000000     0.00034952   0.00000000     0.00006357   0.00000000
  0.00034952   0.00000000    -0.00071622   0.00000000    -0.00014709   0.00000000
 -0.00006357   0.00000000     0.00014709   0.00000000     0.00091964   0.00000000
   20   20
  0.06895523   0.00000000    -0.03947813   0.00000000     0.05084011   0.00000000
 -0.03947813   0.00000000     0.15175140   0.00000000    -0.14829483   0.00000000
  0.05084011   0.00000000    -0.14829483   0.00000000     0.28370233   0.00000000
   20   21
  0.00000735   0.00000000     0.00002423   0.00000000    -0.00012244   0.00000000
 -0.00002423   0.00000000    -0.00002957   0.00000000    -0.00016557   0.00000000
 -0.00012244   0.00000000     0.00016557   0.00000000     0.00015224   0.00000000
   20   22
  0.00029500   0.00000000    -0.00002976   0.00000000     0.00014734   0.00000000
  0.00002976   0.00000000     0.00009290   0.00000000    -0.00019785   0.00000000
 -0.00014734   0.00000000    -0.00019785   0.00000000     0.00055787   0.00000000
   21    1
 -0.00347880  -0.00000000    -0.00142440  -0.00000000     0.00209492   0.00000000
 -0.00050967  -0.00000000     0.00016658   0.00000000    -0.00064936  -0.00000000
  0.00105548   0.00000000    -0.00074742  -0.00000000    -0.00723798  -0.00000000
   21    2
 -0.00086363  -0.00000000     0.00010176   0.00000000     0.00331895   0.00000000
  0.00098686   0.00000000     0.00159864   0.00000000     0.00744065   0.00000000
  0.00185161   0.00000000     0.00416966   0.00000000     0.00280768   0.00000000
   21    3
 -0.00052423  -0.00000000    -0.00030350  -0.00000000    -0.00003589  -0.00000000
 -0.00065945  -0.00000000    -0.00062928  -0.00000000    -0.00115365  -0.00000000
 -0.00048489  -0.00000000     0.00030427   0.00000000    -0.00071539  -0.00000000
   21    4
 -0.00013961  -0.00000000     0.00000614   0.00000000    -0.00092335  -0.00000000
  0.00023383   0.00000000    -0.00023141  -0.00000000    -0.00068505  -0.00000000
  0.00052916   0.00000000    -0.00146950  -0.00000000    -0.00041570  -0.00000000
   21    5
 -0.00111273  -0.00000000     0.00009156   0.00000000     0.00004174   0.00000000
  0.00017446   0.00000000    -0.00058333  -0.00000000     0.00019871   0.00000000
 -0.00010391  -0.00000000     0.00017755   0.00000000     0.00053188   0.00000000
   21    6
 -0.05714805  -0.00000000    -0.03377982  -0.00000000    -0.04465848  -0.00000000
 -0.03316331  -0.00000000    -0.13623233  -0.00000000    -0.13192092  -0.00000000
 -0.04443551  -0.00000000    -0.13270161  -0.00000000    -0.25540742  -0.00000000
   21    7
  0.00002643   0.00000000    -0.00020540   0.00000000    -0.00018315   0.00000000
 -0.00024242   0.00000000    -0.00008323   0.00000000     0.00009716   0.00000000
 -0.00047015   0.00000000    -0.00015803   0.00000000     0.00012897   0.00000000
   21    8
 -0.00030524   0.00000000    -0.00018776   0.00000000    -0.00032614   0.00000000
  0.00008452   0.00000000    -0.00002997   0.00000000     0.00029442   0.00000000
 -0.00095612   0.00000000     0.00016219   0.00000000     0.00006744   0.00000000
   21    9
  0.00004747   0.00000000     0.00004784   0.00000000     0.00012307   0.00000000
 -0.00070576   0.00000000    -0.00025706   0.00000000    -0.00007207   0.00000000
 -0.00004439   0.00000000    -0.00001067   0.00000000     0.00036093   0.00000000
   21   10
 -0.00616037   0.00000000    -0.01961570   0.00000000    -0.02934657   0.00000000
 -0.00139784   0.00000000    -0.00546566   0.00000000    -0.00625389   0.00000000
 -0.00055513   0.00000000     0.00058393   0.00000000     0.00099162   0.00000000
   21   11
 -0.00004943  -0.00000000    -0.00015108  -0.00000000    -0.00008374  -0.00000000
 -0.00027543  -0.00000000    -0.00011439  -0.00000000     0.00005835   0.00000000
 -0.00040376  -0.00000000    -0.00037264  -0.00000000     0.00012091   0.00000000
   21   12
  0.00010796   0.00000000     0.00015838   0.00000000    -0.00014056  -0.00000000
 -0.00035187  -0.00000000    -0.00005390  -0.00000000    -0.00007108  -0.00000000
 -0.00072205  -0.00000000     0.00003623   0.00000000     0.00005885   0.00000000
   21   13
  0.00026231   0.00000000    -0.00057177  -0.00000000     0.00002717   0.00000000
  0.00019008   0.00000000    -0.00018247  -0.00000000     0.00021898   0.00000000
  0.00013443   0.00000000    -0.00019415  -0.00000000     0.00065562   0.00000000
   21   14
  0.00401693   0.00000000     0.01034206   0.00000000     0.01705350   0.00000000
 -0.00792869  -0.00000000    -0.01699349  -0.00000000    -0.02432058  -0.00000000
  0.00075411   0.00000000     0.00028788   0.00000000     0.00078231   0.00000000
   21   15
  0.00001609   0.00000000     0.00002634   0.00000000     0.00024431   0.00000000
  0.00007002   0.00000000     0.00000368   0.00000000    -0.00025161  -0.00000000
  0.00026090   0.00000000     0.00022670   0.00000000    -0.00001105  -0.00000000
   21   16
 -0.00000905  -0.00000000     0.00016504   0.00000000    -0.00024607  -0.00000000
  0.00017950   0.00000000    -0.00006173  -0.00000000    -0.00016786  -0.00000000
  0.00022807   0.00000000    -0.00011552  -0.00000000    -0.00003414  -0.00000000
   21   17
  0.00003261   0.00000000    -0.00035949  -0.00000000     0.00013895   0.00000000
 -0.00035477  -0.00000000    -0.00027008  -0.00000000     0.00011477   0.00000000
  0.00019195   0.00000000     0.00015364   0.00000000     0.00070590   0.00000000
   21   18
  0.00047817   0.00000000     0.00519950   0.00000000     0.00608161   0.00000000
  0.00518306   0.00000000     0.01251234   0.00000000     0.01697222   0.00000000
 -0.00607111  -0.00000000    -0.01698590  -0.00000000    -0.02116410  -0.00000000
   21   19
  0.00029500   0.00000000     0.00002976   0.00000000     0.00014734   0.00000000
 -0.00002976   0.00000000     0.00009290   0.00000000     0.00019785   0.00000000
 -0.00014734   0.00000000     0.00019785   0.00000000     0.00055787   0.00000000
   21   20
  0.00000735   0.00000000    -0.00002423   0.00000000    -0.00012244   0.00000000
  0.00002423   0.00000000    -0.00002957   0.00000000     0.00016557   0.00000000
 -0.00012244   0.00000000    -0.00016557   0.00000000     0.00015224   0.00000000
   21   21
  0.06895523   0.00000000     0.03947813   0.00000000     0.05084011   0.00000000
  0.03947813   0.00000000     0.15175140   0.00000000     0.14829483   0.00000000
  0.05084011   0.00000000     0.14829483   0.00000000     0.28370233   0.00000000
   21   22
 -0.00012849   0.00000000    -0.00034952   0.00000000     0.00006357   0.00000000
 -0.00034952   0.00000000    -0.00071622   0.00000000     0.00014709   0.00000000
 -0.00006357   0.00000000    -0.00014709   0.00000000     0.00091964   0.00000000
   22    1
 -0.00347880  -0.00000000    -0.00142440  -0.00000000    -0.00209492  -0.00000000
 -0.00050967  -0.00000000     0.00016658   0.00000000     0.00064936   0.00000000
 -0.00105548  -0.00000000     0.00074742   0.00000000    -0.00723798  -0.00000000
   22    2
 -0.00086363  -0.00000000     0.00010176   0.00000000    -0.00331895  -0.00000000
  0.00098686   0.00000000     0.00159864   0.00000000    -0.00744065  -0.00000000
 -0.00185161  -0.00000000    -0.00416966  -0.00000000     0.00280768   0.00000000
   22    3
 -0.00013961  -0.00000000     0.00000614   0.00000000     0.00092335   0.00000000
  0.00023383   0.00000000    -0.00023141  -0.00000000     0.00068505   0.00000000
 -0.00052916  -0.00000000     0.00146950   0.00000000    -0.00041570  -0.00000000
   22    4
 -0.00052423  -0.00000000    -0.00030350  -0.00000000     0.00003589   0.00000000
 -0.00065945  -0.00000000    -0.00062928  -0.00000000     0.00115365   0.00000000
  0.00048489   0.00000000    -0.00030427  -0.00000000    -0.00071539  -0.00000000
   22    5
 -0.05714805  -0.00000000    -0.03377982  -0.00000000     0.04465848   0.00000000
 -0.03316331  -0.00000000    -0.13623233  -0.00000000     0.13192092   0.00000000
  0.04443551   0.00000000     0.13270161   0.00000000    -0.25540742  -0.00000000
   22    6
 -0.00111273  -0.00000000     0.00009156   0.00000000    -0.00004174  -0.00000000
  0.00017446   0.00000000    -0.00058333  -0.00000000    -0.00019871  -0.00000000
  0.00010391   0.00000000    -0.00017755  -0.00000000     0.00053188   0.00000000
   22    7
 -0.00030524   0.00000000    -0.00018776   0.00000000     0.00032614   0.00000000
  0.00008452   0.00000000    -0.00002997   0.00000000    -0.00029442   0.00000000
  0.00095612   0.00000000    -0.00016219   0.00000000     0.00006744   0.00000000
   22    8
  0.00002643   0.00000000    -0.00020540   0.00000000     0.00018315   0.00000000
 -0.00024242   0.00000000    -0.00008323   0.00000000    -0.00009716   0.00000000
  0.00047015   0.00000000     0.00015803   0.00000000     0.00012897   0.00000000
   22    9
 -0.00616037   0.00000000    -0.01961570   0.00000000     0.02934657   0.00000000
 -0.00139784   0.00000000    -0.00546566   0.00000000     0.00625389   0.00000000
  0.00055513   0.00000000    -0.00058393   0.00000000     0.00099162   0.00000000
   22   10
  0.00004747   0.00000000     0.00004784   0.00000000    -0.00012307   0.00000000
 -0.00070576   0.00000000    -0.00025706   0.00000000     0.00007207   0.00000000
  0.00004439   0.00000000     0.00001067   0.00000000     0.00036093   0.00000000
   22   11
  0.00010796   0.00000000     0.00015838   0.00000000     0.00014056   0.00000000
 -0.00035187  -0.00000000    -0.00005390  -0.00000000     0.00007108   0.00000000
  0.00072205   0.00000000    -0.00003623  -0.00000000     0.00005885   0.00000000
   22   12
 -0.00004943  -0.00000000    -0.00015108  -0.00000000     0.00008374   0.00000000
 -0.00027543  -0.00000000    -0.00011439  -0.00000000    -0.00005835  -0.00000000
  0.00040376   0.00000000     0.00037264   0.00000000     0.00012091   0.00000000
   22   13
  0.00401693   0.00000000     0.01034206   0.00000000    -0.01705350  -0.00000000
 -0.00792869  -0.00000000    -0.01699349  -0.00000000     0.02432058   0.00000000
 -0.00075411  -0.00000000    -0.00028788  -0.00000000     0.00078231   0.00000000
   22   14
  0.00026231   0.00000000    -0.00057177  -0.00000000    -0.00002717  -0.00000000
  0.00019008   0.00000000    -0.00018247  -0.00000000    -0.00021898  -0.00000000
 -0.00013443  -0.00000000     0.00019415   0.00000000     0.00065562   0.00000000
   22   15
 -0.00000905  -0.00000000     0.00016504   0.00000000     0.00024607   0.00000000
  0.00017950   0.00000000    -0.00006173  -0.00000000     0.00016786   0.00000000
 -0.00022807  -0.00000000     0.00011552   0.00000000    -0.00003414  -0.00000000
   22   16
  0.00001609   0.00000000     0.00002634   0.00000000    -0.00024431  -0.00000000
  0.00007002   0.00000000     0.00000368   0.00000000     0.00025161   0.00000000
 -0.00026090  -0.00000000    -0.00022670  -0.00000000    -0.00001105  -0.00000000
   22   17
  0.00047817   0.00000000     0.00519950   0.00000000    -0.00608161  -0.00000000
  0.00518306   0.00000000     0.01251234   0.00000000    -0.01697222  -0.00000000
  0.00607111   0.00000000     0.01698590   0.00000000    -0.02116410  -0.00000000
   22   18
  0.00003261   0.00000000    -0.00035949  -0.00000000    -0.00013895  -0.00000000
 -0.00035477  -0.00000000    -0.00027008  -0.00000000    -0.00011477  -0.00000000
 -0.00019195  -0.00000000    -0.00015364  -0.00000000     0.00070590   0.00000000
   22   19
  0.00000735   0.00000000    -0.00002423   0.00000000     0.00012244   0.00000000
  0.00002423   0.00000000    -0.00002957   0.00000000    -0.00016557   0.00000000
  0.00012244   0.00000000     0.00016557   0.00000000     0.00015224   0.00000000
   22   20
  0.00029500   0.00000000     0.00002976   0.00000000    -0.00014734   0.00000000
 -0.00002976   0.00000000     0.00009290   0.00000000    -0.00019785   0.00000000
  0.00014734   0.00000000    -0.00019785   0.00000000     0.00055787   0.00000000
   22   21
 -0.00012849   0.00000000    -0.00034952   0.00000000    -0.00006357   0.00000000
 -0.00034952   0.00000000    -0.00071622   0.00000000    -0.00014709   0.00000000
  0.00006357   0.00000000     0.00014709   0.00000000     0.00091964   0.00000000
   22   22
  0.06895523   0.00000000     0.03947813   0.00000000    -0.05084011   0.00000000
  0.03947813   0.00000000     0.15175140   0.00000000    -0.14829483   0.00000000
 -0.05084011   0.00000000    -0.14829483   0.00000000     0.28370233   0.00000000

     Diagonalizing the dynamical matrix

     q = (    0.000000000   0.000000000  -0.746392714 ) 

 **************************************************************************
     freq (    1) =       1.531883 [THz] =      51.098114 [cm-1]
 ( -0.172435  0.000000  0.417464  0.000000  0.000000  0.000000 ) 
 (  0.172435  0.000000  0.417464  0.000000  0.000000  0.000000 ) 
 (  0.031175  0.000000  0.037547  0.000000  0.165978  0.000000 ) 
 (  0.031175  0.000000  0.037547  0.000000 -0.165978  0.000000 ) 
 (  0.031175  0.000000 -0.037547  0.000000 -0.165978  0.000000 ) 
 (  0.031175  0.000000 -0.037547  0.000000  0.165978  0.000000 ) 
 (  0.031035  0.000000  0.025949  0.000000  0.173374  0.000000 ) 
 (  0.031035  0.000000  0.025949  0.000000 -0.173374  0.000000 ) 
 (  0.031035  0.000000 -0.025949  0.000000 -0.173374  0.000000 ) 
 (  0.031035  0.000000 -0.025949  0.000000  0.173374  0.000000 ) 
 (  0.029456  0.000000  0.036425  0.000000  0.054699  0.000000 ) 
 (  0.029456  0.000000  0.036425  0.000000 -0.054699  0.000000 ) 
 (  0.029456  0.000000 -0.036425  0.000000 -0.054699  0.000000 ) 
 (  0.029456  0.000000 -0.036425  0.000000  0.054699  0.000000 ) 
 (  0.023495  0.000000  0.018627  0.000000 -0.177722  0.000000 ) 
 (  0.023495  0.000000  0.018627  0.000000  0.177722  0.000000 ) 
 ( -0.023495  0.000000  0.018627  0.000000 -0.177722  0.000000 ) 
 ( -0.023495  0.000000  0.018627  0.000000  0.177722  0.000000 ) 
 (  0.079581  0.000000  0.095105  0.000000 -0.182540  0.000000 ) 
 (  0.079581  0.000000  0.095105  0.000000  0.182540  0.000000 ) 
 (  0.079581  0.000000 -0.095105  0.000000  0.182540  0.000000 ) 
 (  0.079581  0.000000 -0.095105  0.000000 -0.182540  0.000000 ) 
     freq (    2) =       1.575727 [THz] =      52.560600 [cm-1]
 ( -0.268344  0.000000  0.389053  0.000000 -0.000000  0.000000 ) 
 ( -0.268344  0.000000 -0.389053  0.000000 -0.000000  0.000000 ) 
 ( -0.003430  0.000000 -0.028331  0.000000  0.170208  0.000000 ) 
 ( -0.003430  0.000000 -0.028331  0.000000 -0.170208  0.000000 ) 
 (  0.003430  0.000000 -0.028331  0.000000  0.170208  0.000000 ) 
 (  0.003430  0.000000 -0.028331  0.000000 -0.170208  0.000000 ) 
 ( -0.015383  0.000000 -0.057893  0.000000  0.142018  0.000000 ) 
 ( -0.015383  0.000000 -0.057893  0.000000 -0.142018  0.000000 ) 
 (  0.015383  0.000000 -0.057893  0.000000  0.142018  0.000000 ) 
 (  0.015383  0.000000 -0.057893  0.000000 -0.142018  0.000000 ) 
 ( -0.042356  0.000000 -0.001211  0.000000  0.083406  0.000000 ) 
 ( -0.042356  0.000000 -0.001211  0.000000 -0.083406  0.000000 ) 
 (  0.042356  0.000000 -0.001211  0.000000  0.083406  0.000000 ) 
 (  0.042356  0.000000 -0.001211  0.000000 -0.083406  0.000000 ) 
 (  0.002305  0.000000  0.068197  0.000000 -0.186861  0.000000 ) 
 (  0.002305  0.000000  0.068197  0.000000  0.186861  0.000000 ) 
 (  0.002305  0.000000 -0.068197  0.000000  0.186861  0.000000 ) 
 (  0.002305  0.000000 -0.068197  0.000000 -0.186861  0.000000 ) 
 (  0.050877  0.000000  0.029315  0.000000 -0.181656  0.000000 ) 
 (  0.050877  0.000000  0.029315  0.000000  0.181656  0.000000 ) 
 ( -0.050877  0.000000  0.029315  0.000000 -0.181656  0.000000 ) 
 ( -0.050877  0.000000  0.029315  0.000000  0.181656  0.000000 ) 
     freq (    3) =       1.764783 [THz] =      58.866828 [cm-1]
 ( -0.329241  0.000000 -0.132002  0.000000 -0.000000  0.000000 ) 
 (  0.329241  0.000000 -0.132002  0.000000 -0.000000  0.000000 ) 
 ( -0.116302  0.000000 -0.037384  0.000000 -0.002740  0.000000 ) 
 ( -0.116302  0.000000 -0.037384  0.000000  0.002740  0.000000 ) 
 ( -0.116302  0.000000  0.037384  0.000000  0.002740  0.000000 ) 
 ( -0.116302  0.000000  0.037384  0.000000 -0.002740  0.000000 ) 
 ( -0.071548  0.000000  0.113857  0.000000 -0.095673  0.000000 ) 
 ( -0.071548  0.000000  0.113857  0.000000  0.095673  0.000000 ) 
 ( -0.071548  0.000000 -0.113857  0.000000  0.095673  0.000000 ) 
 ( -0.071548  0.000000 -0.113857  0.000000 -0.095673  0.000000 ) 
 (  0.031617  0.000000 -0.132092  0.000000  0.110945  0.000000 ) 
 (  0.031617  0.000000 -0.132092  0.000000 -0.110945  0.000000 ) 
 (  0.031617  0.000000  0.132092  0.000000 -0.110945  0.000000 ) 
 (  0.031617  0.000000  0.132092  0.000000  0.110945  0.000000 ) 
 (  0.128102  0.000000  0.013328  0.000000  0.024153  0.000000 ) 
 (  0.128102  0.000000  0.013328  0.000000 -0.024153  0.000000 ) 
 ( -0.128102  0.000000  0.013328  0.000000  0.024153  0.000000 ) 
 ( -0.128102  0.000000  0.013328  0.000000 -0.024153  0.000000 ) 
 ( -0.279748  0.000000 -0.134111  0.000000  0.027355  0.000000 ) 
 ( -0.279748  0.000000 -0.134111  0.000000 -0.027355  0.000000 ) 
 ( -0.279748  0.000000  0.134111  0.000000 -0.027355  0.000000 ) 
 ( -0.279748  0.000000  0.134111  0.000000  0.027355  0.000000 ) 
     freq (    4) =       1.768310 [THz] =      58.984461 [cm-1]
 ( -0.290826  0.000000 -0.197471  0.000000  0.000000  0.000000 ) 
 ( -0.290826  0.000000  0.197471  0.000000  0.000000  0.000000 ) 
 (  0.117700  0.000000  0.041199  0.000000 -0.024688  0.000000 ) 
 (  0.117700  0.000000  0.041199  0.000000  0.024688  0.000000 ) 
 ( -0.117700  0.000000  0.041199  0.000000 -0.024688  0.000000 ) 
 ( -0.117700  0.000000  0.041199  0.000000  0.024688  0.000000 ) 
 (  0.073857  0.000000 -0.109240  0.000000 -0.109267  0.000000 ) 
 (  0.073857  0.000000 -0.109240  0.000000  0.109267  0.000000 ) 
 ( -0.073857  0.000000 -0.109240  0.000000 -0.109267  0.000000 ) 
 ( -0.073857  0.000000 -0.109240  0.000000  0.109267  0.000000 ) 
 ( -0.027448  0.000000  0.133938  0.000000  0.091130  0.000000 ) 
 ( -0.027448  0.000000  0.133938  0.000000 -0.091130  0.000000 ) 
 (  0.027448  0.000000  0.133938  0.000000  0.091130  0.000000 ) 
 (  0.027448  0.000000  0.133938  0.000000 -0.091130  0.000000 ) 
 ( -0.277586  0.000000 -0.134105  0.000000  0.045915  0.000000 ) 
 ( -0.277586  0.000000 -0.134105  0.000000 -0.045915  0.000000 ) 
 ( -0.277586  0.000000  0.134105  0.000000 -0.045915  0.000000 ) 
 ( -0.277586  0.000000  0.134105  0.000000  0.045915  0.000000 ) 
 (  0.128129  0.000000  0.018238  0.000000  0.042797  0.000000 ) 
 (  0.128129  0.000000  0.018238  0.000000 -0.042797  0.000000 ) 
 ( -0.128129  0.000000  0.018238  0.000000  0.042797  0.000000 ) 
 ( -0.128129  0.000000  0.018238  0.000000 -0.042797  0.000000 ) 
     freq (    5) =       3.197925 [THz] =     106.671287 [cm-1]
 ( -0.000000  0.000000 -0.000000  0.000000  0.373776  0.000000 ) 
 ( -0.000000  0.000000 -0.000000  0.000000 -0.373776  0.000000 ) 
 (  0.060602  0.000000  0.158857  0.000000  0.081299  0.000000 ) 
 ( -0.060602  0.000000 -0.158857  0.000000  0.081299  0.000000 ) 
 ( -0.060602  0.000000  0.158857  0.000000  0.081299  0.000000 ) 
 (  0.060602  0.000000 -0.158857  0.000000  0.081299  0.000000 ) 
 (  0.070498  0.000000  0.192751  0.000000  0.028803  0.000000 ) 
 ( -0.070498  0.000000 -0.192751  0.000000  0.028803  0.000000 ) 
 ( -0.070498  0.000000  0.192751  0.000000  0.028803  0.000000 ) 
 (  0.070498  0.000000 -0.192751  0.000000  0.028803  0.000000 ) 
 (  0.096231  0.000000  0.125351  0.000000  0.089167  0.000000 ) 
 ( -0.096231  0.000000 -0.125351  0.000000  0.089167  0.000000 ) 
 ( -0.096231  0.000000  0.125351  0.000000  0.089167  0.000000 ) 
 (  0.096231  0.000000 -0.125351  0.000000  0.089167  0.000000 ) 
 ( -0.094647  0.000000 -0.082838  0.000000 -0.133341  0.000000 ) 
 (  0.094647  0.000000  0.082838  0.000000 -0.133341  0.000000 ) 
 ( -0.094647  0.000000  0.082838  0.000000  0.133341  0.000000 ) 
 (  0.094647  0.000000 -0.082838  0.000000  0.133341  0.000000 ) 
 (  0.008823  0.000000 -0.152352  0.000000  0.108915  0.000000 ) 
 ( -0.008823  0.000000  0.152352  0.000000  0.108915  0.000000 ) 
 ( -0.008823  0.000000 -0.152352  0.000000  0.108915  0.000000 ) 
 (  0.008823  0.000000  0.152352  0.000000  0.108915  0.000000 ) 
     freq (    6) =       3.209989 [THz] =     107.073695 [cm-1]
 (  0.000000  0.000000  0.000000  0.000000 -0.375104  0.000000 ) 
 (  0.000000  0.000000  0.000000  0.000000 -0.375104  0.000000 ) 
 ( -0.059779  0.000000 -0.156254  0.000000  0.081389  0.000000 ) 
 (  0.059779  0.000000  0.156254  0.000000  0.081389  0.000000 ) 
 ( -0.059779  0.000000  0.156254  0.000000 -0.081389  0.000000 ) 
 (  0.059779  0.000000 -0.156254  0.000000 -0.081389  0.000000 ) 
 ( -0.074494  0.000000 -0.209868  0.000000  0.031949  0.000000 ) 
 (  0.074494  0.000000  0.209868  0.000000  0.031949  0.000000 ) 
 ( -0.074494  0.000000  0.209868  0.000000 -0.031949  0.000000 ) 
 (  0.074494  0.000000 -0.209868  0.000000 -0.031949  0.000000 ) 
 ( -0.111754  0.000000 -0.111531  0.000000  0.092127  0.000000 ) 
 (  0.111754  0.000000  0.111531  0.000000  0.092127  0.000000 ) 
 ( -0.111754  0.000000  0.111531  0.000000 -0.092127  0.000000 ) 
 (  0.111754  0.000000 -0.111531  0.000000 -0.092127  0.000000 ) 
 ( -0.020007  0.000000  0.140149  0.000000 -0.105236  0.000000 ) 
 (  0.020007  0.000000 -0.140149  0.000000 -0.105236  0.000000 ) 
 (  0.020007  0.000000  0.140149  0.000000 -0.105236  0.000000 ) 
 ( -0.020007  0.000000 -0.140149  0.000000 -0.105236  0.000000 ) 
 (  0.080506  0.000000  0.079132  0.000000  0.130942  0.000000 ) 
 ( -0.080506  0.000000 -0.079132  0.000000  0.130942  0.000000 ) 
 (  0.080506  0.000000 -0.079132  0.000000 -0.130942  0.000000 ) 
 ( -0.080506  0.000000  0.079132  0.000000 -0.130942  0.000000 ) 
     freq (    7) =       4.773970 [THz] =     159.242489 [cm-1]
 (  0.010514  0.000000  0.010128  0.000000 -0.000000  0.000000 ) 
 ( -0.010514  0.000000  0.010128  0.000000 -0.000000  0.000000 ) 
 ( -0.106084  0.000000 -0.196098  0.000000 -0.002678  0.000000 ) 
 ( -0.106084  0.000000 -0.196098  0.000000  0.002678  0.000000 ) 
 ( -0.106084  0.000000  0.196098  0.000000  0.002678  0.000000 ) 
 ( -0.106084  0.000000  0.196098  0.000000 -0.002678  0.000000 ) 
 ( -0.082995  0.000000 -0.106384  0.000000  0.000094  0.000000 ) 
 ( -0.082995  0.000000 -0.106384  0.000000 -0.000094  0.000000 ) 
 ( -0.082995  0.000000  0.106384  0.000000 -0.000094  0.000000 ) 
 ( -0.082995  0.000000  0.106384  0.000000  0.000094  0.000000 ) 
 ( -0.034779  0.000000 -0.234789  0.000000  0.016788  0.000000 ) 
 ( -0.034779  0.000000 -0.234789  0.000000 -0.016788  0.000000 ) 
 ( -0.034779  0.000000  0.234789  0.000000 -0.016788  0.000000 ) 
 ( -0.034779  0.000000  0.234789  0.000000  0.016788  0.000000 ) 
 (  0.131813  0.000000  0.191248  0.000000  0.014419  0.000000 ) 
 (  0.131813  0.000000  0.191248  0.000000 -0.014419  0.000000 ) 
 ( -0.131813  0.000000  0.191248  0.000000  0.014419  0.000000 ) 
 ( -0.131813  0.000000  0.191248  0.000000 -0.014419  0.000000 ) 
 ( -0.142546  0.000000 -0.225083  0.000000  0.014657  0.000000 ) 
 ( -0.142546  0.000000 -0.225083  0.000000 -0.014657  0.000000 ) 
 ( -0.142546  0.000000  0.225083  0.000000 -0.014657  0.000000 ) 
 ( -0.142546  0.000000  0.225083  0.000000  0.014657  0.000000 ) 
     freq (    8) =       4.801825 [THz] =     160.171653 [cm-1]
 (  0.010247  0.000000  0.010453  0.000000  0.000000  0.000000 ) 
 (  0.010247  0.000000 -0.010453  0.000000 -0.000000  0.000000 ) 
 (  0.108560  0.000000  0.194961  0.000000 -0.004490  0.000000 ) 
 (  0.108560  0.000000  0.194961  0.000000  0.004490  0.000000 ) 
 ( -0.108560  0.000000  0.194961  0.000000 -0.004490  0.000000 ) 
 ( -0.108560  0.000000  0.194961  0.000000  0.004490  0.000000 ) 
 (  0.085700  0.000000  0.106103  0.000000 -0.001229  0.000000 ) 
 (  0.085700  0.000000  0.106103  0.000000  0.001229  0.000000 ) 
 ( -0.085700  0.000000  0.106103  0.000000 -0.001229  0.000000 ) 
 ( -0.085700  0.000000  0.106103  0.000000  0.001229  0.000000 ) 
 (  0.038188  0.000000  0.232966  0.000000  0.017940  0.000000 ) 
 (  0.038188  0.000000  0.232966  0.000000 -0.017940  0.000000 ) 
 ( -0.038188  0.000000  0.232966  0.000000  0.017940  0.000000 ) 
 ( -0.038188  0.000000  0.232966  0.000000 -0.017940  0.000000 ) 
 ( -0.144661  0.000000 -0.226493  0.000000  0.018202  0.000000 ) 
 ( -0.144661  0.000000 -0.226493  0.000000 -0.018202  0.000000 ) 
 ( -0.144661  0.000000  0.226493  0.000000 -0.018202  0.000000 ) 
 ( -0.144661  0.000000  0.226493  0.000000  0.018202  0.000000 ) 
 (  0.132937  0.000000  0.186710  0.000000  0.018176  0.000000 ) 
 (  0.132937  0.000000  0.186710  0.000000 -0.018176  0.000000 ) 
 ( -0.132937  0.000000  0.186710  0.000000  0.018176  0.000000 ) 
 ( -0.132937  0.000000  0.186710  0.000000 -0.018176  0.000000 ) 
     freq (    9) =       5.469195 [THz] =     182.432709 [cm-1]
 (  0.000000  0.000000 -0.000000  0.000000  0.016931  0.000000 ) 
 (  0.000000  0.000000  0.000000  0.000000  0.016931  0.000000 ) 
 ( -0.139319  0.000000 -0.157649  0.000000 -0.007230  0.000000 ) 
 (  0.139319  0.000000  0.157649  0.000000 -0.007230  0.000000 ) 
 ( -0.139319  0.000000  0.157649  0.000000  0.007230  0.000000 ) 
 (  0.139319  0.000000 -0.157649  0.000000  0.007230  0.000000 ) 
 ( -0.106531  0.000000 -0.021232  0.000000  0.011014  0.000000 ) 
 (  0.106531  0.000000  0.021232  0.000000  0.011014  0.000000 ) 
 ( -0.106531  0.000000  0.021232  0.000000 -0.011014  0.000000 ) 
 (  0.106531  0.000000 -0.021232  0.000000 -0.011014  0.000000 ) 
 ( -0.031262  0.000000 -0.220361  0.000000  0.004023  0.000000 ) 
 (  0.031262  0.000000  0.220361  0.000000  0.004023  0.000000 ) 
 ( -0.031262  0.000000  0.220361  0.000000 -0.004023  0.000000 ) 
 (  0.031262  0.000000 -0.220361  0.000000 -0.004023  0.000000 ) 
 (  0.206558  0.000000  0.163050  0.000000  0.020197  0.000000 ) 
 ( -0.206558  0.000000 -0.163050  0.000000  0.020197  0.000000 ) 
 ( -0.206558  0.000000  0.163050  0.000000  0.020197  0.000000 ) 
 (  0.206558  0.000000 -0.163050  0.000000  0.020197  0.000000 ) 
 (  0.184306  0.000000  0.199777  0.000000 -0.022989  0.000000 ) 
 ( -0.184306  0.000000 -0.199777  0.000000 -0.022989  0.000000 ) 
 (  0.184306  0.000000 -0.199777  0.000000  0.022989  0.000000 ) 
 ( -0.184306  0.000000  0.199777  0.000000  0.022989  0.000000 ) 
     freq (   10) =       5.571924 [THz] =     185.859371 [cm-1]
 ( -0.000000  0.000000 -0.000000  0.000000  0.017396  0.000000 ) 
 ( -0.000000  0.000000 -0.000000  0.000000 -0.017396  0.000000 ) 
 ( -0.155969  0.000000 -0.151373  0.000000  0.011972  0.000000 ) 
 (  0.155969  0.000000  0.151373  0.000000  0.011972  0.000000 ) 
 (  0.155969  0.000000 -0.151373  0.000000  0.011972  0.000000 ) 
 ( -0.155969  0.000000  0.151373  0.000000  0.011972  0.000000 ) 
 ( -0.126809  0.000000 -0.033136  0.000000 -0.008891  0.000000 ) 
 (  0.126809  0.000000  0.033136  0.000000 -0.008891  0.000000 ) 
 (  0.126809  0.000000 -0.033136  0.000000 -0.008891  0.000000 ) 
 ( -0.126809  0.000000  0.033136  0.000000 -0.008891  0.000000 ) 
 ( -0.065034  0.000000 -0.202768  0.000000 -0.006730  0.000000 ) 
 (  0.065034  0.000000  0.202768  0.000000 -0.006730  0.000000 ) 
 (  0.065034  0.000000 -0.202768  0.000000 -0.006730  0.000000 ) 
 ( -0.065034  0.000000  0.202768  0.000000 -0.006730  0.000000 ) 
 (  0.188126  0.000000  0.195639  0.000000 -0.032190  0.000000 ) 
 ( -0.188126  0.000000 -0.195639  0.000000 -0.032190  0.000000 ) 
 (  0.188126  0.000000 -0.195639  0.000000  0.032190  0.000000 ) 
 ( -0.188126  0.000000  0.195639  0.000000  0.032190  0.000000 ) 
 (  0.209501  0.000000  0.142436  0.000000  0.030615  0.000000 ) 
 ( -0.209501  0.000000 -0.142436  0.000000  0.030615  0.000000 ) 
 ( -0.209501  0.000000  0.142436  0.000000  0.030615  0.000000 ) 
 (  0.209501  0.000000 -0.142436  0.000000  0.030615  0.000000 ) 
     freq (   11) =       6.050949 [THz] =     201.837926 [cm-1]
 (  0.004440  0.000000  0.010591  0.000000  0.000000  0.000000 ) 
 (  0.004440  0.000000 -0.010591  0.000000  0.000000  0.000000 ) 
 (  0.167399  0.000000 -0.089586  0.000000 -0.084327  0.000000 ) 
 (  0.167399  0.000000 -0.089586  0.000000  0.084327  0.000000 ) 
 ( -0.167399  0.000000 -0.089586  0.000000 -0.084327  0.000000 ) 
 ( -0.167399  0.000000 -0.089586  0.000000  0.084327  0.000000 ) 
 (  0.185574  0.000000 -0.008652  0.000000 -0.065283  0.000000 ) 
 (  0.185574  0.000000 -0.008652  0.000000  0.065283  0.000000 ) 
 ( -0.185574  0.000000 -0.008652  0.000000 -0.065283  0.000000 ) 
 ( -0.185574  0.000000 -0.008652  0.000000  0.065283  0.000000 ) 
 (  0.248331  0.000000 -0.144640  0.000000 -0.018340  0.000000 ) 
 (  0.248331  0.000000 -0.144640  0.000000  0.018340  0.000000 ) 
 ( -0.248331  0.000000 -0.144640  0.000000 -0.018340  0.000000 ) 
 ( -0.248331  0.000000 -0.144640  0.000000  0.018340  0.000000 ) 
 ( -0.108273  0.000000  0.051249  0.000000  0.123273  0.000000 ) 
 ( -0.108273  0.000000  0.051249  0.000000 -0.123273  0.000000 ) 
 ( -0.108273  0.000000 -0.051249  0.000000 -0.123273  0.000000 ) 
 ( -0.108273  0.000000 -0.051249  0.000000  0.123273  0.000000 ) 
 (  0.089784  0.000000 -0.178450  0.000000  0.124996  0.000000 ) 
 (  0.089784  0.000000 -0.178450  0.000000 -0.124996  0.000000 ) 
 ( -0.089784  0.000000 -0.178450  0.000000  0.124996  0.000000 ) 
 ( -0.089784  0.000000 -0.178450  0.000000 -0.124996  0.000000 ) 
     freq (   12) =       6.086040 [THz] =     203.008443 [cm-1]
 ( -0.005451  0.000000 -0.010134  0.000000  0.000000  0.000000 ) 
 (  0.005451  0.000000 -0.010134  0.000000  0.000000  0.000000 ) 
 (  0.173791  0.000000 -0.088835  0.000000  0.077610  0.000000 ) 
 (  0.173791  0.000000 -0.088835  0.000000 -0.077610  0.000000 ) 
 (  0.173791  0.000000  0.088835  0.000000 -0.077610  0.000000 ) 
 (  0.173791  0.000000  0.088835  0.000000  0.077610  0.000000 ) 
 (  0.191436  0.000000 -0.008816  0.000000  0.055675  0.000000 ) 
 (  0.191436  0.000000 -0.008816  0.000000 -0.055675  0.000000 ) 
 (  0.191436  0.000000  0.008816  0.000000 -0.055675  0.000000 ) 
 (  0.191436  0.000000  0.008816  0.000000  0.055675  0.000000 ) 
 (  0.254271  0.000000 -0.143605  0.000000  0.020447  0.000000 ) 
 (  0.254271  0.000000 -0.143605  0.000000 -0.020447  0.000000 ) 
 (  0.254271  0.000000  0.143605  0.000000 -0.020447  0.000000 ) 
 (  0.254271  0.000000  0.143605  0.000000  0.020447  0.000000 ) 
 ( -0.099433  0.000000  0.170742  0.000000 -0.114487  0.000000 ) 
 ( -0.099433  0.000000  0.170742  0.000000  0.114487  0.000000 ) 
 (  0.099433  0.000000  0.170742  0.000000 -0.114487  0.000000 ) 
 (  0.099433  0.000000  0.170742  0.000000  0.114487  0.000000 ) 
 (  0.109751  0.000000 -0.058420  0.000000 -0.112654  0.000000 ) 
 (  0.109751  0.000000 -0.058420  0.000000  0.112654  0.000000 ) 
 (  0.109751  0.000000  0.058420  0.000000  0.112654  0.000000 ) 
 (  0.109751  0.000000  0.058420  0.000000 -0.112654  0.000000 ) 
     freq (   13) =       6.605539 [THz] =     220.337055 [cm-1]
 ( -0.009692  0.000000  0.012588  0.000000 -0.000000  0.000000 ) 
 (  0.009692  0.000000  0.012588  0.000000  0.000000  0.000000 ) 
 (  0.079100  0.000000 -0.037188  0.000000 -0.207047  0.000000 ) 
 (  0.079100  0.000000 -0.037188  0.000000  0.207047  0.000000 ) 
 (  0.079100  0.000000  0.037188  0.000000  0.207047  0.000000 ) 
 (  0.079100  0.000000  0.037188  0.000000 -0.207047  0.000000 ) 
 (  0.073741  0.000000 -0.043654  0.000000 -0.127894  0.000000 ) 
 (  0.073741  0.000000 -0.043654  0.000000  0.127894  0.000000 ) 
 (  0.073741  0.000000  0.043654  0.000000  0.127894  0.000000 ) 
 (  0.073741  0.000000  0.043654  0.000000 -0.127894  0.000000 ) 
 (  0.074710  0.000000 -0.036866  0.000000 -0.194309  0.000000 ) 
 (  0.074710  0.000000 -0.036866  0.000000  0.194309  0.000000 ) 
 (  0.074710  0.000000  0.036866  0.000000  0.194309  0.000000 ) 
 (  0.074710  0.000000  0.036866  0.000000 -0.194309  0.000000 ) 
 ( -0.036359  0.000000  0.001948  0.000000  0.236476  0.000000 ) 
 ( -0.036359  0.000000  0.001948  0.000000 -0.236476  0.000000 ) 
 (  0.036359  0.000000  0.001948  0.000000  0.236476  0.000000 ) 
 (  0.036359  0.000000  0.001948  0.000000 -0.236476  0.000000 ) 
 (  0.112493  0.000000 -0.072731  0.000000  0.236174  0.000000 ) 
 (  0.112493  0.000000 -0.072731  0.000000 -0.236174  0.000000 ) 
 (  0.112493  0.000000  0.072731  0.000000 -0.236174  0.000000 ) 
 (  0.112493  0.000000  0.072731  0.000000  0.236174  0.000000 ) 
     freq (   14) =       6.620172 [THz] =     220.825168 [cm-1]
 (  0.010555  0.000000 -0.011760  0.000000  0.000000  0.000000 ) 
 (  0.010555  0.000000  0.011760  0.000000 -0.000000  0.000000 ) 
 (  0.086374  0.000000 -0.040215  0.000000  0.204221  0.000000 ) 
 (  0.086374  0.000000 -0.040215  0.000000 -0.204221  0.000000 ) 
 ( -0.086374  0.000000 -0.040215  0.000000  0.204221  0.000000 ) 
 ( -0.086374  0.000000 -0.040215  0.000000 -0.204221  0.000000 ) 
 (  0.082482  0.000000 -0.041104  0.000000  0.125184  0.000000 ) 
 (  0.082482  0.000000 -0.041104  0.000000 -0.125184  0.000000 ) 
 ( -0.082482  0.000000 -0.041104  0.000000  0.125184  0.000000 ) 
 ( -0.082482  0.000000 -0.041104  0.000000 -0.125184  0.000000 ) 
 (  0.086835  0.000000 -0.043526  0.000000  0.198044  0.000000 ) 
 (  0.086835  0.000000 -0.043526  0.000000 -0.198044  0.000000 ) 
 ( -0.086835  0.000000 -0.043526  0.000000  0.198044  0.000000 ) 
 ( -0.086835  0.000000 -0.043526  0.000000 -0.198044  0.000000 ) 
 ( -0.116969  0.000000  0.071246  0.000000 -0.229995  0.000000 ) 
 ( -0.116969  0.000000  0.071246  0.000000  0.229995  0.000000 ) 
 ( -0.116969  0.000000 -0.071246  0.000000  0.229995  0.000000 ) 
 ( -0.116969  0.000000 -0.071246  0.000000 -0.229995  0.000000 ) 
 (  0.036711  0.000000 -0.011839  0.000000 -0.230496  0.000000 ) 
 (  0.036711  0.000000 -0.011839  0.000000  0.230496  0.000000 ) 
 ( -0.036711  0.000000 -0.011839  0.000000 -0.230496  0.000000 ) 
 ( -0.036711  0.000000 -0.011839  0.000000  0.230496  0.000000 ) 
     freq (   15) =       6.799529 [THz] =     226.807870 [cm-1]
 (  0.000000  0.000000  0.000000  0.000000 -0.000681  0.000000 ) 
 ( -0.000000  0.000000 -0.000000  0.000000 -0.000681  0.000000 ) 
 (  0.121372  0.000000 -0.071455  0.000000 -0.029928  0.000000 ) 
 ( -0.121372  0.000000  0.071455  0.000000 -0.029928  0.000000 ) 
 (  0.121372  0.000000  0.071455  0.000000  0.029928  0.000000 ) 
 ( -0.121372  0.000000 -0.071455  0.000000  0.029928  0.000000 ) 
 (  0.165594  0.000000  0.131640  0.000000 -0.004717  0.000000 ) 
 ( -0.165594  0.000000 -0.131640  0.000000 -0.004717  0.000000 ) 
 (  0.165594  0.000000 -0.131640  0.000000  0.004717  0.000000 ) 
 ( -0.165594  0.000000  0.131640  0.000000  0.004717  0.000000 ) 
 (  0.297818  0.000000 -0.188176  0.000000 -0.123251  0.000000 ) 
 ( -0.297818  0.000000  0.188176  0.000000 -0.123251  0.000000 ) 
 (  0.297818  0.000000  0.188176  0.000000  0.123251  0.000000 ) 
 ( -0.297818  0.000000 -0.188176  0.000000  0.123251  0.000000 ) 
 (  0.055232  0.000000  0.197319  0.000000 -0.012471  0.000000 ) 
 ( -0.055232  0.000000 -0.197319  0.000000 -0.012471  0.000000 ) 
 ( -0.055232  0.000000  0.197319  0.000000 -0.012471  0.000000 ) 
 (  0.055232  0.000000 -0.197319  0.000000 -0.012471  0.000000 ) 
 ( -0.026468  0.000000  0.047892  0.000000  0.007913  0.000000 ) 
 (  0.026468  0.000000 -0.047892  0.000000  0.007913  0.000000 ) 
 ( -0.026468  0.000000 -0.047892  0.000000 -0.007913  0.000000 ) 
 (  0.026468  0.000000  0.047892  0.000000 -0.007913  0.000000 ) 
     freq (   16) =       6.884550 [THz] =     229.643854 [cm-1]
 (  0.000000  0.000000 -0.000000  0.000000 -0.000712  0.000000 ) 
 ( -0.000000  0.000000  0.000000  0.000000  0.000712  0.000000 ) 
 ( -0.107737  0.000000  0.078411  0.000000 -0.034219  0.000000 ) 
 (  0.107737  0.000000 -0.078411  0.000000 -0.034219  0.000000 ) 
 (  0.107737  0.000000  0.078411  0.000000 -0.034219  0.000000 ) 
 ( -0.107737  0.000000 -0.078411  0.000000 -0.034219  0.000000 ) 
 ( -0.153153  0.000000 -0.128852  0.000000 -0.002414  0.000000 ) 
 (  0.153153  0.000000  0.128852  0.000000 -0.002414  0.000000 ) 
 (  0.153153  0.000000 -0.128852  0.000000 -0.002414  0.000000 ) 
 ( -0.153153  0.000000  0.128852  0.000000 -0.002414  0.000000 ) 
 ( -0.286333  0.000000  0.195968  0.000000 -0.135579  0.000000 ) 
 (  0.286333  0.000000 -0.195968  0.000000 -0.135579  0.000000 ) 
 (  0.286333  0.000000  0.195968  0.000000 -0.135579  0.000000 ) 
 ( -0.286333  0.000000 -0.195968  0.000000 -0.135579  0.000000 ) 
 (  0.019506  0.000000 -0.050150  0.000000 -0.005372  0.000000 ) 
 ( -0.019506  0.000000  0.050150  0.000000 -0.005372  0.000000 ) 
 (  0.019506  0.000000  0.050150  0.000000  0.005372  0.000000 ) 
 ( -0.019506  0.000000 -0.050150  0.000000  0.005372  0.000000 ) 
 ( -0.075428  0.000000 -0.208643  0.000000  0.009539  0.000000 ) 
 (  0.075428  0.000000  0.208643  0.000000  0.009539  0.000000 ) 
 (  0.075428  0.000000 -0.208643  0.000000  0.009539  0.000000 ) 
 ( -0.075428  0.000000  0.208643  0.000000  0.009539  0.000000 ) 
     freq (   17) =       7.791534 [THz] =     259.897586 [cm-1]
 ( -0.000000  0.000000  0.000000  0.000000 -0.005891  0.000000 ) 
 (  0.000000  0.000000  0.000000  0.000000 -0.005891  0.000000 ) 
 (  0.009845  0.000000 -0.026790  0.000000 -0.175548  0.000000 ) 
 ( -0.009845  0.000000  0.026790  0.000000 -0.175548  0.000000 ) 
 (  0.009845  0.000000  0.026790  0.000000  0.175548  0.000000 ) 
 ( -0.009845  0.000000 -0.026790  0.000000  0.175548  0.000000 ) 
 ( -0.027838  0.000000 -0.179271  0.000000 -0.109039  0.000000 ) 
 (  0.027838  0.000000  0.179271  0.000000 -0.109039  0.000000 ) 
 ( -0.027838  0.000000  0.179271  0.000000  0.109039  0.000000 ) 
 (  0.027838  0.000000 -0.179271  0.000000  0.109039  0.000000 ) 
 ( -0.122878  0.000000  0.063226  0.000000 -0.086310  0.000000 ) 
 (  0.122878  0.000000 -0.063226  0.000000 -0.086310  0.000000 ) 
 ( -0.122878  0.000000 -0.063226  0.000000  0.086310  0.000000 ) 
 (  0.122878  0.000000  0.063226  0.000000  0.086310  0.000000 ) 
 ( -0.095362  0.000000 -0.106575  0.000000  0.236932  0.000000 ) 
 (  0.095362  0.000000  0.106575  0.000000  0.236932  0.000000 ) 
 (  0.095362  0.000000 -0.106575  0.000000  0.236932  0.000000 ) 
 ( -0.095362  0.000000  0.106575  0.000000  0.236932  0.000000 ) 
 ( -0.112491  0.000000  0.076298  0.000000 -0.227897  0.000000 ) 
 (  0.112491  0.000000 -0.076298  0.000000 -0.227897  0.000000 ) 
 ( -0.112491  0.000000 -0.076298  0.000000  0.227897  0.000000 ) 
 (  0.112491  0.000000  0.076298  0.000000  0.227897  0.000000 ) 
     freq (   18) =       7.800000 [THz] =     260.180001 [cm-1]
 (  0.000000  0.000000  0.000000  0.000000  0.006121  0.000000 ) 
 ( -0.000000  0.000000 -0.000000  0.000000 -0.006121  0.000000 ) 
 ( -0.013768  0.000000  0.025071  0.000000 -0.167993  0.000000 ) 
 (  0.013768  0.000000 -0.025071  0.000000 -0.167993  0.000000 ) 
 (  0.013768  0.000000  0.025071  0.000000 -0.167993  0.000000 ) 
 ( -0.013768  0.000000 -0.025071  0.000000 -0.167993  0.000000 ) 
 (  0.027517  0.000000  0.192301  0.000000 -0.106379  0.000000 ) 
 ( -0.027517  0.000000 -0.192301  0.000000 -0.106379  0.000000 ) 
 ( -0.027517  0.000000  0.192301  0.000000 -0.106379  0.000000 ) 
 (  0.027517  0.000000 -0.192301  0.000000 -0.106379  0.000000 ) 
 (  0.130939  0.000000 -0.072770  0.000000 -0.079487  0.000000 ) 
 ( -0.130939  0.000000  0.072770  0.000000 -0.079487  0.000000 ) 
 ( -0.130939  0.000000 -0.072770  0.000000 -0.079487  0.000000 ) 
 (  0.130939  0.000000  0.072770  0.000000 -0.079487  0.000000 ) 
 (  0.122116  0.000000 -0.068829  0.000000  0.218285  0.000000 ) 
 ( -0.122116  0.000000  0.068829  0.000000  0.218285  0.000000 ) 
 (  0.122116  0.000000  0.068829  0.000000 -0.218285  0.000000 ) 
 ( -0.122116  0.000000 -0.068829  0.000000 -0.218285  0.000000 ) 
 (  0.109876  0.000000  0.109509  0.000000 -0.227522  0.000000 ) 
 ( -0.109876  0.000000 -0.109509  0.000000 -0.227522  0.000000 ) 
 ( -0.109876  0.000000  0.109509  0.000000 -0.227522  0.000000 ) 
 (  0.109876  0.000000 -0.109509  0.000000 -0.227522  0.000000 ) 
     freq (   19) =       8.104178 [THz] =     270.326274 [cm-1]
 ( -0.001164  0.000000 -0.001923  0.000000  0.000000  0.000000 ) 
 ( -0.001164  0.000000  0.001923  0.000000 -0.000000  0.000000 ) 
 (  0.018769  0.000000 -0.003408  0.000000 -0.013038  0.000000 ) 
 (  0.018769  0.000000 -0.003408  0.000000  0.013038  0.000000 ) 
 ( -0.018769  0.000000 -0.003408  0.000000 -0.013038  0.000000 ) 
 ( -0.018769  0.000000 -0.003408  0.000000  0.013038  0.000000 ) 
 (  0.014653  0.000000 -0.013445  0.000000  0.047711  0.000000 ) 
 (  0.014653  0.000000 -0.013445  0.000000 -0.047711  0.000000 ) 
 ( -0.014653  0.000000 -0.013445  0.000000  0.047711  0.000000 ) 
 ( -0.014653  0.000000 -0.013445  0.000000 -0.047711  0.000000 ) 
 (  0.009951  0.000000  0.002587  0.000000 -0.292295  0.000000 ) 
 (  0.009951  0.000000  0.002587  0.000000  0.292295  0.000000 ) 
 ( -0.009951  0.000000  0.002587  0.000000 -0.292295  0.000000 ) 
 ( -0.009951  0.000000  0.002587  0.000000  0.292295  0.000000 ) 
 (  0.096783  0.000000  0.232717  0.000000 -0.109577  0.000000 ) 
 (  0.096783  0.000000  0.232717  0.000000  0.109577  0.000000 ) 
 (  0.096783  0.000000 -0.232717  0.000000  0.109577  0.000000 ) 
 (  0.096783  0.000000 -0.232717  0.000000 -0.109577  0.000000 ) 
 (  0.142629  0.000000  0.230656  0.000000 -0.110333  0.000000 ) 
 (  0.142629  0.000000  0.230656  0.000000  0.110333  0.000000 ) 
 ( -0.142629  0.000000  0.230656  0.000000 -0.110333  0.000000 ) 
 ( -0.142629  0.000000  0.230656  0.000000  0.110333  0.000000 ) 
     freq (   20) =       8.119518 [THz] =     270.837958 [cm-1]
 ( -0.001701  0.000000 -0.002166  0.000000  0.000000  0.000000 ) 
 (  0.001701  0.000000 -0.002166  0.000000 -0.000000  0.000000 ) 
 ( -0.016106  0.000000  0.002654  0.000000 -0.013007  0.000000 ) 
 ( -0.016106  0.000000  0.002654  0.000000  0.013007  0.000000 ) 
 ( -0.016106  0.000000 -0.002654  0.000000  0.013007  0.000000 ) 
 ( -0.016106  0.000000 -0.002654  0.000000 -0.013007  0.000000 ) 
 ( -0.011597  0.000000  0.014502  0.000000  0.048214  0.000000 ) 
 ( -0.011597  0.000000  0.014502  0.000000 -0.048214  0.000000 ) 
 ( -0.011597  0.000000 -0.014502  0.000000 -0.048214  0.000000 ) 
 ( -0.011597  0.000000 -0.014502  0.000000  0.048214  0.000000 ) 
 ( -0.005554  0.000000 -0.004553  0.000000 -0.292501  0.000000 ) 
 ( -0.005554  0.000000 -0.004553  0.000000  0.292501  0.000000 ) 
 ( -0.005554  0.000000  0.004553  0.000000  0.292501  0.000000 ) 
 ( -0.005554  0.000000  0.004553  0.000000 -0.292501  0.000000 ) 
 (  0.142322  0.000000  0.231835  0.000000 -0.110143  0.000000 ) 
 (  0.142322  0.000000  0.231835  0.000000  0.110143  0.000000 ) 
 ( -0.142322  0.000000  0.231835  0.000000 -0.110143  0.000000 ) 
 ( -0.142322  0.000000  0.231835  0.000000  0.110143  0.000000 ) 
 (  0.098395  0.000000  0.231294  0.000000 -0.109406  0.000000 ) 
 (  0.098395  0.000000  0.231294  0.000000  0.109406  0.000000 ) 
 (  0.098395  0.000000 -0.231294  0.000000  0.109406  0.000000 ) 
 (  0.098395  0.000000 -0.231294  0.000000 -0.109406  0.000000 ) 
     freq (   21) =       8.915693 [THz] =     297.395500 [cm-1]
 ( -0.000000  0.000000 -0.000000  0.000000  0.000151  0.000000 ) 
 (  0.000000  0.000000  0.000000  0.000000  0.000151  0.000000 ) 
 ( -0.023746  0.000000  0.004979  0.000000 -0.021357  0.000000 ) 
 (  0.023746  0.000000 -0.004979  0.000000 -0.021357  0.000000 ) 
 ( -0.023746  0.000000 -0.004979  0.000000  0.021357  0.000000 ) 
 (  0.023746  0.000000  0.004979  0.000000  0.021357  0.000000 ) 
 ( -0.037307  0.000000 -0.061970  0.000000  0.025467  0.000000 ) 
 (  0.037307  0.000000  0.061970  0.000000  0.025467  0.000000 ) 
 ( -0.037307  0.000000  0.061970  0.000000 -0.025467  0.000000 ) 
 (  0.037307  0.000000 -0.061970  0.000000 -0.025467  0.000000 ) 
 ( -0.080922  0.000000  0.044057  0.000000 -0.289367  0.000000 ) 
 (  0.080922  0.000000 -0.044057  0.000000 -0.289367  0.000000 ) 
 ( -0.080922  0.000000 -0.044057  0.000000  0.289367  0.000000 ) 
 (  0.080922  0.000000  0.044057  0.000000  0.289367  0.000000 ) 
 (  0.088120  0.000000  0.206516  0.000000 -0.101866  0.000000 ) 
 ( -0.088120  0.000000 -0.206516  0.000000 -0.101866  0.000000 ) 
 ( -0.088120  0.000000  0.206516  0.000000 -0.101866  0.000000 ) 
 (  0.088120  0.000000 -0.206516  0.000000 -0.101866  0.000000 ) 
 ( -0.126998  0.000000 -0.250897  0.000000  0.104803  0.000000 ) 
 (  0.126998  0.000000  0.250897  0.000000  0.104803  0.000000 ) 
 ( -0.126998  0.000000  0.250897  0.000000 -0.104803  0.000000 ) 
 (  0.126998  0.000000 -0.250897  0.000000 -0.104803  0.000000 ) 
     freq (   22) =       8.923311 [THz] =     297.649616 [cm-1]
 ( -0.000000  0.000000  0.000000  0.000000 -0.000686  0.000000 ) 
 ( -0.000000  0.000000 -0.000000  0.000000  0.000686  0.000000 ) 
 (  0.021994  0.000000 -0.001998  0.000000 -0.015851  0.000000 ) 
 ( -0.021994  0.000000  0.001998  0.000000 -0.015851  0.000000 ) 
 ( -0.021994  0.000000 -0.001998  0.000000 -0.015851  0.000000 ) 
 (  0.021994  0.000000  0.001998  0.000000 -0.015851  0.000000 ) 
 (  0.040352  0.000000  0.086014  0.000000  0.026187  0.000000 ) 
 ( -0.040352  0.000000 -0.086014  0.000000  0.026187  0.000000 ) 
 ( -0.040352  0.000000  0.086014  0.000000  0.026187  0.000000 ) 
 (  0.040352  0.000000 -0.086014  0.000000  0.026187  0.000000 ) 
 (  0.096880  0.000000 -0.052715  0.000000 -0.278840  0.000000 ) 
 ( -0.096880  0.000000  0.052715  0.000000 -0.278840  0.000000 ) 
 ( -0.096880  0.000000 -0.052715  0.000000 -0.278840  0.000000 ) 
 (  0.096880  0.000000  0.052715  0.000000 -0.278840  0.000000 ) 
 (  0.136978  0.000000  0.250230  0.000000 -0.109368  0.000000 ) 
 ( -0.136978  0.000000 -0.250230  0.000000 -0.109368  0.000000 ) 
 (  0.136978  0.000000 -0.250230  0.000000  0.109368  0.000000 ) 
 ( -0.136978  0.000000  0.250230  0.000000  0.109368  0.000000 ) 
 ( -0.069494  0.000000 -0.200708  0.000000  0.105733  0.000000 ) 
 (  0.069494  0.000000  0.200708  0.000000  0.105733  0.000000 ) 
 (  0.069494  0.000000 -0.200708  0.000000  0.105733  0.000000 ) 
 ( -0.069494  0.000000  0.200708  0.000000  0.105733  0.000000 ) 
     freq (   23) =       9.234817 [THz] =     308.040331 [cm-1]
 ( -0.000000  0.000000  0.000000  0.000000  0.010665  0.000000 ) 
 (  0.000000  0.000000 -0.000000  0.000000 -0.010665  0.000000 ) 
 (  0.055578  0.000000 -0.092336  0.000000 -0.067779  0.000000 ) 
 ( -0.055578  0.000000  0.092336  0.000000 -0.067779  0.000000 ) 
 ( -0.055578  0.000000 -0.092336  0.000000 -0.067779  0.000000 ) 
 (  0.055578  0.000000  0.092336  0.000000 -0.067779  0.000000 ) 
 ( -0.001841  0.000000 -0.328221  0.000000 -0.000552  0.000000 ) 
 (  0.001841  0.000000  0.328221  0.000000 -0.000552  0.000000 ) 
 (  0.001841  0.000000 -0.328221  0.000000 -0.000552  0.000000 ) 
 ( -0.001841  0.000000  0.328221  0.000000 -0.000552  0.000000 ) 
 ( -0.147125  0.000000  0.045259  0.000000 -0.102049  0.000000 ) 
 (  0.147125  0.000000 -0.045259  0.000000 -0.102049  0.000000 ) 
 (  0.147125  0.000000  0.045259  0.000000 -0.102049  0.000000 ) 
 ( -0.147125  0.000000 -0.045259  0.000000 -0.102049  0.000000 ) 
 ( -0.144686  0.000000  0.040706  0.000000  0.076033  0.000000 ) 
 (  0.144686  0.000000 -0.040706  0.000000  0.076033  0.000000 ) 
 ( -0.144686  0.000000 -0.040706  0.000000 -0.076033  0.000000 ) 
 (  0.144686  0.000000  0.040706  0.000000 -0.076033  0.000000 ) 
 ( -0.244696  0.000000  0.012013  0.000000 -0.059168  0.000000 ) 
 (  0.244696  0.000000 -0.012013  0.000000 -0.059168  0.000000 ) 
 (  0.244696  0.000000  0.012013  0.000000 -0.059168  0.000000 ) 
 ( -0.244696  0.000000 -0.012013  0.000000 -0.059168  0.000000 ) 
     freq (   24) =       9.278743 [THz] =     309.505546 [cm-1]
 (  0.000000  0.000000 -0.000000  0.000000 -0.010277  0.000000 ) 
 ( -0.000000  0.000000  0.000000  0.000000 -0.010277  0.000000 ) 
 ( -0.052164  0.000000  0.085893  0.000000 -0.058522  0.000000 ) 
 (  0.052164  0.000000 -0.085893  0.000000 -0.058522  0.000000 ) 
 ( -0.052164  0.000000 -0.085893  0.000000  0.058522  0.000000 ) 
 (  0.052164  0.000000  0.085893  0.000000  0.058522  0.000000 ) 
 (  0.007551  0.000000  0.332438  0.000000  0.003135  0.000000 ) 
 ( -0.007551  0.000000 -0.332438  0.000000  0.003135  0.000000 ) 
 (  0.007551  0.000000 -0.332438  0.000000 -0.003135  0.000000 ) 
 ( -0.007551  0.000000  0.332438  0.000000 -0.003135  0.000000 ) 
 (  0.159841  0.000000 -0.057724  0.000000 -0.070191  0.000000 ) 
 ( -0.159841  0.000000  0.057724  0.000000 -0.070191  0.000000 ) 
 (  0.159841  0.000000  0.057724  0.000000  0.070191  0.000000 ) 
 ( -0.159841  0.000000 -0.057724  0.000000  0.070191  0.000000 ) 
 (  0.237891  0.000000 -0.023442  0.000000  0.061128  0.000000 ) 
 ( -0.237891  0.000000  0.023442  0.000000  0.061128  0.000000 ) 
 ( -0.237891  0.000000 -0.023442  0.000000  0.061128  0.000000 ) 
 (  0.237891  0.000000  0.023442  0.000000  0.061128  0.000000 ) 
 (  0.158053  0.000000 -0.012383  0.000000 -0.077597  0.000000 ) 
 ( -0.158053  0.000000  0.012383  0.000000 -0.077597  0.000000 ) 
 (  0.158053  0.000000  0.012383  0.000000  0.077597  0.000000 ) 
 ( -0.158053  0.000000 -0.012383  0.000000  0.077597  0.000000 ) 
     freq (   25) =       9.676789 [THz] =     322.782933 [cm-1]
 ( -0.004828  0.000000 -0.002297  0.000000 -0.000000  0.000000 ) 
 (  0.004828  0.000000 -0.002297  0.000000 -0.000000  0.000000 ) 
 (  0.006520  0.000000 -0.031071  0.000000  0.007058 -0.000000 ) 
 (  0.006520  0.000000 -0.031071  0.000000 -0.007058  0.000000 ) 
 (  0.006520 -0.000000  0.031071 -0.000000 -0.007058  0.000000 ) 
 (  0.006520 -0.000000  0.031071 -0.000000  0.007058  0.000000 ) 
 ( -0.060980  0.000000 -0.313358  0.000000 -0.038582  0.000000 ) 
 ( -0.060980  0.000000 -0.313358  0.000000  0.038582 -0.000000 ) 
 ( -0.060980  0.000000  0.313358 -0.000000  0.038582  0.000000 ) 
 ( -0.060980  0.000000  0.313358 -0.000000 -0.038582  0.000000 ) 
 ( -0.234186  0.000000  0.128707  0.000000 -0.003691  0.000000 ) 
 ( -0.234186  0.000000  0.128707  0.000000  0.003691 -0.000000 ) 
 ( -0.234186  0.000000 -0.128707  0.000000  0.003691 -0.000000 ) 
 ( -0.234186  0.000000 -0.128707  0.000000 -0.003691  0.000000 ) 
 ( -0.208924  0.000000 -0.013295  0.000000 -0.025602  0.000000 ) 
 ( -0.208924  0.000000 -0.013295  0.000000  0.025602  0.000000 ) 
 (  0.208924 -0.000000 -0.013295  0.000000 -0.025602  0.000000 ) 
 (  0.208924 -0.000000 -0.013295  0.000000  0.025602  0.000000 ) 
 (  0.150913  0.000000  0.072898 -0.000000 -0.039184  0.000000 ) 
 (  0.150913  0.000000  0.072898 -0.000000  0.039184 -0.000000 ) 
 (  0.150913  0.000000 -0.072898  0.000000  0.039184 -0.000000 ) 
 (  0.150913  0.000000 -0.072898  0.000000 -0.039184  0.000000 ) 
     freq (   26) =       9.690081 [THz] =     323.226315 [cm-1]
 (  0.004837  0.000000  0.002353  0.000000 -0.000000  0.000000 ) 
 (  0.004837 -0.000000 -0.002353  0.000000 -0.000000  0.000000 ) 
 (  0.006718 -0.000000 -0.031300  0.000000 -0.006615  0.000000 ) 
 (  0.006718 -0.000000 -0.031300  0.000000  0.006615  0.000000 ) 
 ( -0.006718  0.000000 -0.031300  0.000000 -0.006615  0.000000 ) 
 ( -0.006718  0.000000 -0.031300  0.000000  0.006615 -0.000000 ) 
 ( -0.060849  0.000000 -0.313738  0.000000  0.037712  0.000000 ) 
 ( -0.060849  0.000000 -0.313738  0.000000 -0.037712  0.000000 ) 
 (  0.060849  0.000000 -0.313738  0.000000  0.037712 -0.000000 ) 
 (  0.060849  0.000000 -0.313738  0.000000 -0.037712  0.000000 ) 
 ( -0.234238  0.000000  0.128625 -0.000000  0.003015  0.000000 ) 
 ( -0.234238  0.000000  0.128625 -0.000000 -0.003015  0.000000 ) 
 (  0.234238  0.000000  0.128625  0.000000  0.003015  0.000000 ) 
 (  0.234238  0.000000  0.128625  0.000000 -0.003015  0.000000 ) 
 ( -0.151801  0.000000 -0.071421  0.000000  0.037786 -0.000000 ) 
 ( -0.151801  0.000000 -0.071421  0.000000 -0.037786  0.000000 ) 
 ( -0.151801  0.000000  0.071421 -0.000000 -0.037786  0.000000 ) 
 ( -0.151801  0.000000  0.071421 -0.000000  0.037786 -0.000000 ) 
 (  0.208746 -0.000000  0.014573  0.000000  0.024090  0.000000 ) 
 (  0.208746 -0.000000  0.014573  0.000000 -0.024090  0.000000 ) 
 ( -0.208746  0.000000  0.014573  0.000000  0.024090  0.000000 ) 
 ( -0.208746  0.000000  0.014573  0.000000 -0.024090  0.000000 ) 
     freq (   27) =      12.397026 [THz] =     413.520291 [cm-1]
 (  0.001894  0.000000  0.002847  0.000000  0.000000  0.000000 ) 
 ( -0.001894  0.000000  0.002847  0.000000  0.000000  0.000000 ) 
 ( -0.001394  0.000000  0.004089  0.000000 -0.018379  0.000000 ) 
 ( -0.001394  0.000000  0.004089  0.000000  0.018379  0.000000 ) 
 ( -0.001394  0.000000 -0.004089  0.000000  0.018379  0.000000 ) 
 ( -0.001394  0.000000 -0.004089  0.000000 -0.018379  0.000000 ) 
 (  0.007559  0.000000  0.045150  0.000000 -0.311248  0.000000 ) 
 (  0.007559  0.000000  0.045150  0.000000  0.311248  0.000000 ) 
 (  0.007559  0.000000 -0.045150  0.000000  0.311248  0.000000 ) 
 (  0.007559  0.000000 -0.045150  0.000000 -0.311248  0.000000 ) 
 (  0.033336  0.000000 -0.018631  0.000000  0.018581  0.000000 ) 
 (  0.033336  0.000000 -0.018631  0.000000 -0.018581  0.000000 ) 
 (  0.033336  0.000000  0.018631  0.000000 -0.018581  0.000000 ) 
 (  0.033336  0.000000  0.018631  0.000000  0.018581  0.000000 ) 
 ( -0.203163  0.000000  0.110899  0.000000 -0.104494  0.000000 ) 
 ( -0.203163  0.000000  0.110899  0.000000  0.104494  0.000000 ) 
 (  0.203163  0.000000  0.110899  0.000000 -0.104494  0.000000 ) 
 (  0.203163  0.000000  0.110899  0.000000  0.104494  0.000000 ) 
 ( -0.252688  0.000000  0.099210  0.000000 -0.103326  0.000000 ) 
 ( -0.252688  0.000000  0.099210  0.000000  0.103326  0.000000 ) 
 ( -0.252688  0.000000 -0.099210  0.000000  0.103326  0.000000 ) 
 ( -0.252688  0.000000 -0.099210  0.000000 -0.103326  0.000000 ) 
     freq (   28) =      12.432391 [THz] =     414.699941 [cm-1]
 (  0.001864  0.000000  0.002536  0.000000 -0.000000  0.000000 ) 
 (  0.001864  0.000000 -0.002536  0.000000  0.000000  0.000000 ) 
 (  0.000843  0.000000 -0.003534  0.000000 -0.018062  0.000000 ) 
 (  0.000843  0.000000 -0.003534  0.000000  0.018062  0.000000 ) 
 ( -0.000843  0.000000 -0.003534  0.000000 -0.018062  0.000000 ) 
 ( -0.000843  0.000000 -0.003534  0.000000  0.018062  0.000000 ) 
 ( -0.007902  0.000000 -0.043825  0.000000 -0.311280  0.000000 ) 
 ( -0.007902  0.000000 -0.043825  0.000000  0.311280  0.000000 ) 
 (  0.007902  0.000000 -0.043825  0.000000 -0.311280  0.000000 ) 
 (  0.007902  0.000000 -0.043825  0.000000  0.311280  0.000000 ) 
 ( -0.032926  0.000000  0.018651  0.000000  0.019217  0.000000 ) 
 ( -0.032926  0.000000  0.018651  0.000000 -0.019217  0.000000 ) 
 (  0.032926  0.000000  0.018651  0.000000  0.019217  0.000000 ) 
 (  0.032926  0.000000  0.018651  0.000000 -0.019217  0.000000 ) 
 ( -0.252104  0.000000  0.098597  0.000000 -0.103478  0.000000 ) 
 ( -0.252104  0.000000  0.098597  0.000000  0.103478  0.000000 ) 
 ( -0.252104  0.000000 -0.098597  0.000000  0.103478  0.000000 ) 
 ( -0.252104  0.000000 -0.098597  0.000000 -0.103478  0.000000 ) 
 ( -0.204192  0.000000  0.111064  0.000000 -0.104697  0.000000 ) 
 ( -0.204192  0.000000  0.111064  0.000000  0.104697  0.000000 ) 
 (  0.204192  0.000000  0.111064  0.000000 -0.104697  0.000000 ) 
 (  0.204192  0.000000  0.111064  0.000000  0.104697  0.000000 ) 
     freq (   29) =      12.606975 [THz] =     420.523424 [cm-1]
 ( -0.000000  0.000000  0.000000  0.000000 -0.000788  0.000000 ) 
 ( -0.000000  0.000000  0.000000  0.000000 -0.000788  0.000000 ) 
 (  0.006536  0.000000 -0.002819  0.000000  0.023099  0.000000 ) 
 ( -0.006536  0.000000  0.002819  0.000000  0.023099  0.000000 ) 
 (  0.006536  0.000000  0.002819  0.000000 -0.023099  0.000000 ) 
 ( -0.006536  0.000000 -0.002819  0.000000 -0.023099  0.000000 ) 
 (  0.002610  0.000000 -0.021772  0.000000  0.318790  0.000000 ) 
 ( -0.002610  0.000000  0.021772  0.000000  0.318790  0.000000 ) 
 (  0.002610  0.000000  0.021772  0.000000 -0.318790  0.000000 ) 
 ( -0.002610  0.000000 -0.021772  0.000000 -0.318790  0.000000 ) 
 ( -0.010589  0.000000  0.008924  0.000000 -0.027453  0.000000 ) 
 (  0.010589  0.000000 -0.008924  0.000000 -0.027453  0.000000 ) 
 ( -0.010589  0.000000 -0.008924  0.000000  0.027453  0.000000 ) 
 (  0.010589  0.000000  0.008924  0.000000  0.027453  0.000000 ) 
 (  0.219136  0.000000 -0.096951  0.000000  0.094877  0.000000 ) 
 ( -0.219136  0.000000  0.096951  0.000000  0.094877  0.000000 ) 
 ( -0.219136  0.000000 -0.096951  0.000000  0.094877  0.000000 ) 
 (  0.219136  0.000000  0.096951  0.000000  0.094877  0.000000 ) 
 ( -0.250517  0.000000  0.092140  0.000000 -0.093230  0.000000 ) 
 (  0.250517  0.000000 -0.092140  0.000000 -0.093230  0.000000 ) 
 ( -0.250517  0.000000 -0.092140  0.000000  0.093230  0.000000 ) 
 (  0.250517  0.000000  0.092140  0.000000  0.093230  0.000000 ) 
     freq (   30) =      12.619867 [THz] =     420.953467 [cm-1]
 ( -0.000000  0.000000 -0.000000  0.000000 -0.001005  0.000000 ) 
 ( -0.000000  0.000000  0.000000  0.000000  0.001005  0.000000 ) 
 (  0.006011  0.000000 -0.002016  0.000000 -0.023064  0.000000 ) 
 ( -0.006011  0.000000  0.002016  0.000000 -0.023064  0.000000 ) 
 ( -0.006011  0.000000 -0.002016  0.000000 -0.023064  0.000000 ) 
 (  0.006011  0.000000  0.002016  0.000000 -0.023064  0.000000 ) 
 (  0.002126  0.000000 -0.020719  0.000000 -0.318818  0.000000 ) 
 ( -0.002126  0.000000  0.020719  0.000000 -0.318818  0.000000 ) 
 ( -0.002126  0.000000 -0.020719  0.000000 -0.318818  0.000000 ) 
 (  0.002126  0.000000  0.020719  0.000000 -0.318818  0.000000 ) 
 ( -0.010501  0.000000  0.009406  0.000000  0.026813  0.000000 ) 
 (  0.010501  0.000000 -0.009406  0.000000  0.026813  0.000000 ) 
 (  0.010501  0.000000  0.009406  0.000000  0.026813  0.000000 ) 
 ( -0.010501  0.000000 -0.009406  0.000000  0.026813  0.000000 ) 
 ( -0.249502  0.000000  0.092204  0.000000 -0.093617  0.000000 ) 
 (  0.249502  0.000000 -0.092204  0.000000 -0.093617  0.000000 ) 
 ( -0.249502  0.000000 -0.092204  0.000000  0.093617  0.000000 ) 
 (  0.249502  0.000000  0.092204  0.000000  0.093617  0.000000 ) 
 (  0.219650  0.000000 -0.097996  0.000000  0.095207  0.000000 ) 
 ( -0.219650  0.000000  0.097996  0.000000  0.095207  0.000000 ) 
 ( -0.219650  0.000000 -0.097996  0.000000  0.095207  0.000000 ) 
 (  0.219650  0.000000  0.097996  0.000000  0.095207  0.000000 ) 
     freq (   31) =      30.694446 [THz] =    1023.856519 [cm-1]
 (  0.000000  0.000000  0.000000  0.000000  0.000010  0.000000 ) 
 ( -0.000000  0.000000 -0.000000  0.000000  0.000010  0.000000 ) 
 ( -0.042314  0.000000 -0.046832  0.000000  0.005927  0.000000 ) 
 (  0.042314  0.000000  0.046832  0.000000  0.005927  0.000000 ) 
 ( -0.042314  0.000000  0.046832  0.000000 -0.005927  0.000000 ) 
 (  0.042314  0.000000 -0.046832  0.000000 -0.005927  0.000000 ) 
 (  0.041124  0.000000  0.261684  0.000000 -0.023404  0.000000 ) 
 ( -0.041124  0.000000 -0.261684  0.000000 -0.023404  0.000000 ) 
 (  0.041124  0.000000 -0.261684  0.000000  0.023404  0.000000 ) 
 ( -0.041124  0.000000  0.261684  0.000000  0.023404  0.000000 ) 
 (  0.046067  0.000000 -0.074841  0.000000 -0.029499  0.000000 ) 
 ( -0.046067  0.000000  0.074841  0.000000 -0.029499  0.000000 ) 
 (  0.046067  0.000000  0.074841  0.000000  0.029499  0.000000 ) 
 ( -0.046067  0.000000 -0.074841  0.000000  0.029499  0.000000 ) 
 ( -0.207871  0.000000 -0.190830  0.000000  0.086754  0.000000 ) 
 (  0.207871  0.000000  0.190830  0.000000  0.086754  0.000000 ) 
 (  0.207871  0.000000 -0.190830  0.000000  0.086754  0.000000 ) 
 ( -0.207871  0.000000  0.190830  0.000000  0.086754  0.000000 ) 
 ( -0.217059  0.000000 -0.163570  0.000000  0.075151  0.000000 ) 
 (  0.217059  0.000000  0.163570  0.000000  0.075151  0.000000 ) 
 ( -0.217059  0.000000  0.163570  0.000000 -0.075151  0.000000 ) 
 (  0.217059  0.000000 -0.163570  0.000000 -0.075151  0.000000 ) 
     freq (   32) =      30.718278 [THz] =    1024.651474 [cm-1]
 (  0.000000  0.000000  0.000000  0.000000  0.000028  0.000000 ) 
 (  0.000000  0.000000  0.000000  0.000000 -0.000028  0.000000 ) 
 (  0.042932  0.000000  0.045973  0.000000  0.005657  0.000000 ) 
 ( -0.042932  0.000000 -0.045973  0.000000  0.005657  0.000000 ) 
 ( -0.042932  0.000000  0.045973  0.000000  0.005657  0.000000 ) 
 (  0.042932  0.000000 -0.045973  0.000000  0.005657  0.000000 ) 
 ( -0.040167  0.000000 -0.260270  0.000000 -0.022882  0.000000 ) 
 (  0.040167  0.000000  0.260270  0.000000 -0.022882  0.000000 ) 
 (  0.040167  0.000000 -0.260270  0.000000 -0.022882  0.000000 ) 
 ( -0.040167  0.000000  0.260270  0.000000 -0.022882  0.000000 ) 
 ( -0.049000  0.000000  0.076380  0.000000 -0.027473  0.000000 ) 
 (  0.049000  0.000000 -0.076380  0.000000 -0.027473  0.000000 ) 
 (  0.049000  0.000000  0.076380  0.000000 -0.027473  0.000000 ) 
 ( -0.049000  0.000000 -0.076380  0.000000 -0.027473  0.000000 ) 
 (  0.220272  0.000000  0.162739  0.000000 -0.073167  0.000000 ) 
 ( -0.220272  0.000000 -0.162739  0.000000 -0.073167  0.000000 ) 
 (  0.220272  0.000000 -0.162739  0.000000  0.073167  0.000000 ) 
 ( -0.220272  0.000000  0.162739  0.000000  0.073167  0.000000 ) 
 (  0.210081  0.000000  0.188447  0.000000 -0.084501  0.000000 ) 
 ( -0.210081  0.000000 -0.188447  0.000000 -0.084501  0.000000 ) 
 ( -0.210081  0.000000  0.188447  0.000000 -0.084501  0.000000 ) 
 (  0.210081  0.000000 -0.188447  0.000000 -0.084501  0.000000 ) 
     freq (   33) =      30.845519 [THz] =    1028.895776 [cm-1]
 (  0.000145  0.000000  0.000027  0.000000  0.000000  0.000000 ) 
 (  0.000145  0.000000 -0.000027  0.000000  0.000000  0.000000 ) 
 ( -0.036238  0.000000 -0.052223  0.000000  0.003030  0.000000 ) 
 ( -0.036238  0.000000 -0.052223  0.000000 -0.003030  0.000000 ) 
 (  0.036238  0.000000 -0.052223  0.000000  0.003030  0.000000 ) 
 (  0.036238  0.000000 -0.052223  0.000000 -0.003030  0.000000 ) 
 (  0.048862  0.000000  0.278412  0.000000 -0.009990  0.000000 ) 
 (  0.048862  0.000000  0.278412  0.000000  0.009990  0.000000 ) 
 ( -0.048862  0.000000  0.278412  0.000000 -0.009990  0.000000 ) 
 ( -0.048862  0.000000  0.278412  0.000000  0.009990  0.000000 ) 
 (  0.017230  0.000000 -0.058155  0.000000 -0.018498  0.000000 ) 
 (  0.017230  0.000000 -0.058155  0.000000  0.018498  0.000000 ) 
 ( -0.017230  0.000000 -0.058155  0.000000 -0.018498  0.000000 ) 
 ( -0.017230  0.000000 -0.058155  0.000000  0.018498  0.000000 ) 
 ( -0.195427  0.000000 -0.193355  0.000000  0.097738  0.000000 ) 
 ( -0.195427  0.000000 -0.193355  0.000000 -0.097738  0.000000 ) 
 ( -0.195427  0.000000  0.193355  0.000000 -0.097738  0.000000 ) 
 ( -0.195427  0.000000  0.193355  0.000000  0.097738  0.000000 ) 
 (  0.191389  0.000000  0.178277  0.000000 -0.091573  0.000000 ) 
 (  0.191389  0.000000  0.178277  0.000000  0.091573  0.000000 ) 
 ( -0.191389  0.000000  0.178277  0.000000 -0.091573  0.000000 ) 
 ( -0.191389  0.000000  0.178277  0.000000  0.091573  0.000000 ) 
     freq (   34) =      30.847678 [THz] =    1028.967783 [cm-1]
 (  0.000175  0.000000  0.000045  0.000000 -0.000000  0.000000 ) 
 ( -0.000175  0.000000  0.000045  0.000000 -0.000000  0.000000 ) 
 (  0.035655  0.000000  0.052729  0.000000  0.002740  0.000000 ) 
 (  0.035655  0.000000  0.052729  0.000000 -0.002740  0.000000 ) 
 (  0.035655  0.000000 -0.052729  0.000000 -0.002740  0.000000 ) 
 (  0.035655  0.000000 -0.052729  0.000000  0.002740  0.000000 ) 
 ( -0.049642  0.000000 -0.279240  0.000000 -0.008488  0.000000 ) 
 ( -0.049642  0.000000 -0.279240  0.000000  0.008488  0.000000 ) 
 ( -0.049642  0.000000  0.279240  0.000000  0.008488  0.000000 ) 
 ( -0.049642  0.000000  0.279240  0.000000 -0.008488  0.000000 ) 
 ( -0.014881  0.000000  0.056730  0.000000 -0.017798  0.000000 ) 
 ( -0.014881  0.000000  0.056730  0.000000  0.017798  0.000000 ) 
 ( -0.014881  0.000000 -0.056730  0.000000  0.017798  0.000000 ) 
 ( -0.014881  0.000000 -0.056730  0.000000 -0.017798  0.000000 ) 
 (  0.188689  0.000000  0.179514  0.000000 -0.093089  0.000000 ) 
 (  0.188689  0.000000  0.179514  0.000000  0.093089  0.000000 ) 
 ( -0.188689  0.000000  0.179514  0.000000 -0.093089  0.000000 ) 
 ( -0.188689  0.000000  0.179514  0.000000  0.093089  0.000000 ) 
 ( -0.194371  0.000000 -0.193952  0.000000  0.098903  0.000000 ) 
 ( -0.194371  0.000000 -0.193952  0.000000 -0.098903  0.000000 ) 
 ( -0.194371  0.000000  0.193952  0.000000 -0.098903  0.000000 ) 
 ( -0.194371  0.000000  0.193952  0.000000  0.098903  0.000000 ) 
     freq (   35) =      31.768465 [THz] =    1059.681923 [cm-1]
 ( -0.000137  0.000000 -0.000108  0.000000 -0.000000  0.000000 ) 
 ( -0.000137  0.000000  0.000108  0.000000 -0.000000  0.000000 ) 
 ( -0.053424  0.000000  0.042515  0.000000  0.003135  0.000000 ) 
 ( -0.053424  0.000000  0.042515  0.000000 -0.003135  0.000000 ) 
 (  0.053424  0.000000  0.042515  0.000000  0.003135  0.000000 ) 
 (  0.053424  0.000000  0.042515  0.000000 -0.003135  0.000000 ) 
 ( -0.072037  0.000000 -0.126016  0.000000 -0.020637  0.000000 ) 
 ( -0.072037  0.000000 -0.126016  0.000000  0.020637  0.000000 ) 
 (  0.072037  0.000000 -0.126016  0.000000 -0.020637  0.000000 ) 
 (  0.072037  0.000000 -0.126016  0.000000  0.020637  0.000000 ) 
 (  0.276189  0.000000 -0.180517  0.000000 -0.005054  0.000000 ) 
 (  0.276189  0.000000 -0.180517  0.000000  0.005054  0.000000 ) 
 ( -0.276189  0.000000 -0.180517  0.000000 -0.005054  0.000000 ) 
 ( -0.276189  0.000000 -0.180517  0.000000  0.005054  0.000000 ) 
 ( -0.184872  0.000000  0.068103  0.000000 -0.117870  0.000000 ) 
 ( -0.184872  0.000000  0.068103  0.000000  0.117870  0.000000 ) 
 ( -0.184872  0.000000 -0.068103  0.000000  0.117870  0.000000 ) 
 ( -0.184872  0.000000 -0.068103  0.000000 -0.117870  0.000000 ) 
 (  0.203833  0.000000 -0.073757  0.000000  0.123463  0.000000 ) 
 (  0.203833  0.000000 -0.073757  0.000000 -0.123463  0.000000 ) 
 ( -0.203833  0.000000 -0.073757  0.000000  0.123463  0.000000 ) 
 ( -0.203833  0.000000 -0.073757  0.000000 -0.123463  0.000000 ) 
     freq (   36) =      31.768990 [THz] =    1059.699428 [cm-1]
 (  0.000159  0.000000  0.000073  0.000000 -0.000000  0.000000 ) 
 ( -0.000159  0.000000  0.000073  0.000000  0.000000  0.000000 ) 
 ( -0.053933  0.000000  0.041944  0.000000 -0.000188  0.000000 ) 
 ( -0.053933  0.000000  0.041944  0.000000  0.000188  0.000000 ) 
 ( -0.053933  0.000000 -0.041944  0.000000  0.000188  0.000000 ) 
 ( -0.053933  0.000000 -0.041944  0.000000 -0.000188  0.000000 ) 
 ( -0.071472  0.000000 -0.122170  0.000000  0.009014  0.000000 ) 
 ( -0.071472  0.000000 -0.122170  0.000000 -0.009014  0.000000 ) 
 ( -0.071472  0.000000  0.122170  0.000000 -0.009014  0.000000 ) 
 ( -0.071472  0.000000  0.122170  0.000000  0.009014  0.000000 ) 
 (  0.276236  0.000000 -0.180966  0.000000 -0.009185  0.000000 ) 
 (  0.276236  0.000000 -0.180966  0.000000  0.009185  0.000000 ) 
 (  0.276236  0.000000  0.180966  0.000000  0.009185  0.000000 ) 
 (  0.276236  0.000000  0.180966  0.000000 -0.009185  0.000000 ) 
 ( -0.204206  0.000000  0.065521  0.000000 -0.120037  0.000000 ) 
 ( -0.204206  0.000000  0.065521  0.000000  0.120037  0.000000 ) 
 (  0.204206  0.000000  0.065521  0.000000 -0.120037  0.000000 ) 
 (  0.204206  0.000000  0.065521  0.000000  0.120037  0.000000 ) 
 (  0.189729  0.000000 -0.073013  0.000000  0.119780  0.000000 ) 
 (  0.189729  0.000000 -0.073013  0.000000 -0.119780  0.000000 ) 
 (  0.189729  0.000000  0.073013  0.000000 -0.119780  0.000000 ) 
 (  0.189729  0.000000  0.073013  0.000000  0.119780  0.000000 ) 
     freq (   37) =      31.843198 [THz] =    1062.174741 [cm-1]
 (  0.000000  0.000000  0.000000  0.000000 -0.000443  0.000000 ) 
 ( -0.000000  0.000000 -0.000000  0.000000 -0.000443  0.000000 ) 
 ( -0.048181  0.000000  0.045624  0.000000 -0.004131  0.000000 ) 
 (  0.048181  0.000000 -0.045624  0.000000 -0.004131  0.000000 ) 
 ( -0.048181  0.000000 -0.045624  0.000000  0.004131  0.000000 ) 
 (  0.048181  0.000000  0.045624  0.000000  0.004131  0.000000 ) 
 ( -0.076298  0.000000 -0.157473  0.000000  0.021034  0.000000 ) 
 (  0.076298  0.000000  0.157473  0.000000  0.021034  0.000000 ) 
 ( -0.076298  0.000000  0.157473  0.000000 -0.021034  0.000000 ) 
 (  0.076298  0.000000 -0.157473  0.000000 -0.021034  0.000000 ) 
 (  0.272691  0.000000 -0.172607  0.000000  0.020930  0.000000 ) 
 ( -0.272691  0.000000  0.172607  0.000000  0.020930  0.000000 ) 
 (  0.272691  0.000000  0.172607  0.000000 -0.020930  0.000000 ) 
 ( -0.272691  0.000000 -0.172607  0.000000 -0.020930  0.000000 ) 
 ( -0.177259  0.000000  0.098399  0.000000 -0.133220  0.000000 ) 
 (  0.177259  0.000000 -0.098399  0.000000 -0.133220  0.000000 ) 
 (  0.177259  0.000000  0.098399  0.000000 -0.133220  0.000000 ) 
 ( -0.177259  0.000000 -0.098399  0.000000 -0.133220  0.000000 ) 
 ( -0.171371  0.000000  0.080324  0.000000 -0.123517  0.000000 ) 
 (  0.171371  0.000000 -0.080324  0.000000 -0.123517  0.000000 ) 
 ( -0.171371  0.000000 -0.080324  0.000000  0.123517  0.000000 ) 
 (  0.171371  0.000000  0.080324  0.000000  0.123517  0.000000 ) 
     freq (   38) =      31.852688 [THz] =    1062.491304 [cm-1]
 ( -0.000000  0.000000 -0.000000  0.000000 -0.000424  0.000000 ) 
 ( -0.000000  0.000000 -0.000000  0.000000  0.000424  0.000000 ) 
 ( -0.047622  0.000000  0.046047  0.000000  0.003931  0.000000 ) 
 (  0.047622  0.000000 -0.046047  0.000000  0.003931  0.000000 ) 
 (  0.047622  0.000000  0.046047  0.000000  0.003931  0.000000 ) 
 ( -0.047622  0.000000 -0.046047  0.000000  0.003931  0.000000 ) 
 ( -0.076941  0.000000 -0.161415  0.000000 -0.021235  0.000000 ) 
 (  0.076941  0.000000  0.161415  0.000000 -0.021235  0.000000 ) 
 (  0.076941  0.000000 -0.161415  0.000000 -0.021235  0.000000 ) 
 ( -0.076941  0.000000  0.161415  0.000000 -0.021235  0.000000 ) 
 (  0.272726  0.000000 -0.172231  0.000000 -0.019488  0.000000 ) 
 ( -0.272726  0.000000  0.172231  0.000000 -0.019488  0.000000 ) 
 ( -0.272726  0.000000 -0.172231  0.000000 -0.019488  0.000000 ) 
 (  0.272726  0.000000  0.172231  0.000000 -0.019488  0.000000 ) 
 ( -0.166959  0.000000  0.083371  0.000000 -0.124378  0.000000 ) 
 (  0.166959  0.000000 -0.083371  0.000000 -0.124378  0.000000 ) 
 ( -0.166959  0.000000 -0.083371  0.000000  0.124378  0.000000 ) 
 (  0.166959  0.000000  0.083371  0.000000  0.124378  0.000000 ) 
 ( -0.174668  0.000000  0.100159  0.000000 -0.133835  0.000000 ) 
 (  0.174668  0.000000 -0.100159  0.000000 -0.133835  0.000000 ) 
 (  0.174668  0.000000  0.100159  0.000000 -0.133835  0.000000 ) 
 ( -0.174668  0.000000 -0.100159  0.000000 -0.133835  0.000000 ) 
     freq (   39) =      32.227778 [THz] =    1075.002973 [cm-1]
 (  0.000253  0.000000 -0.000399  0.000000 -0.000000  0.000000 ) 
 (  0.000253  0.000000  0.000399  0.000000 -0.000000  0.000000 ) 
 (  0.003790  0.000000  0.000965  0.000000  0.064529  0.000000 ) 
 (  0.003790  0.000000  0.000965  0.000000 -0.064529  0.000000 ) 
 ( -0.003790  0.000000  0.000965  0.000000  0.064529  0.000000 ) 
 ( -0.003790  0.000000  0.000965  0.000000 -0.064529  0.000000 ) 
 (  0.001420  0.000000 -0.007164  0.000000 -0.258600  0.000000 ) 
 (  0.001420  0.000000 -0.007164  0.000000  0.258600  0.000000 ) 
 ( -0.001420  0.000000 -0.007164  0.000000 -0.258600  0.000000 ) 
 ( -0.001420  0.000000 -0.007164  0.000000  0.258600  0.000000 ) 
 ( -0.012747  0.000000  0.011929  0.000000 -0.343531  0.000000 ) 
 ( -0.012747  0.000000  0.011929  0.000000  0.343531  0.000000 ) 
 (  0.012747  0.000000  0.011929  0.000000 -0.343531  0.000000 ) 
 (  0.012747  0.000000  0.011929  0.000000  0.343531  0.000000 ) 
 (  0.048180  0.000000 -0.150022  0.000000  0.063030  0.000000 ) 
 (  0.048180  0.000000 -0.150022  0.000000 -0.063030  0.000000 ) 
 (  0.048180  0.000000  0.150022  0.000000 -0.063030  0.000000 ) 
 (  0.048180  0.000000  0.150022  0.000000  0.063030  0.000000 ) 
 (  0.017991  0.000000 -0.164777  0.000000  0.065569  0.000000 ) 
 (  0.017991  0.000000 -0.164777  0.000000 -0.065569  0.000000 ) 
 ( -0.017991  0.000000 -0.164777  0.000000  0.065569  0.000000 ) 
 ( -0.017991  0.000000 -0.164777  0.000000 -0.065569  0.000000 ) 
     freq (   40) =      32.240076 [THz] =    1075.413168 [cm-1]
 ( -0.000266  0.000000  0.000356  0.000000 -0.000000  0.000000 ) 
 (  0.000266  0.000000  0.000356  0.000000 -0.000000  0.000000 ) 
 (  0.001484  0.000000  0.002542  0.000000 -0.064509  0.000000 ) 
 (  0.001484  0.000000  0.002542  0.000000  0.064509  0.000000 ) 
 (  0.001484  0.000000 -0.002542  0.000000  0.064509  0.000000 ) 
 (  0.001484  0.000000 -0.002542  0.000000 -0.064509  0.000000 ) 
 ( -0.001487  0.000000 -0.012311  0.000000  0.258321  0.000000 ) 
 ( -0.001487  0.000000 -0.012311  0.000000 -0.258321  0.000000 ) 
 ( -0.001487  0.000000  0.012311  0.000000 -0.258321  0.000000 ) 
 ( -0.001487  0.000000  0.012311  0.000000  0.258321  0.000000 ) 
 ( -0.000333  0.000000  0.003532  0.000000  0.344187  0.000000 ) 
 ( -0.000333  0.000000  0.003532  0.000000 -0.344187  0.000000 ) 
 ( -0.000333  0.000000 -0.003532  0.000000 -0.344187  0.000000 ) 
 ( -0.000333  0.000000 -0.003532  0.000000  0.344187  0.000000 ) 
 ( -0.026399  0.000000  0.166944  0.000000 -0.070264  0.000000 ) 
 ( -0.026399  0.000000  0.166944  0.000000  0.070264  0.000000 ) 
 (  0.026399  0.000000  0.166944  0.000000 -0.070264  0.000000 ) 
 (  0.026399  0.000000  0.166944  0.000000  0.070264  0.000000 ) 
 ( -0.038822  0.000000  0.148386  0.000000 -0.058644  0.000000 ) 
 ( -0.038822  0.000000  0.148386  0.000000  0.058644  0.000000 ) 
 ( -0.038822  0.000000 -0.148386  0.000000  0.058644  0.000000 ) 
 ( -0.038822  0.000000 -0.148386  0.000000 -0.058644  0.000000 ) 
     freq (   41) =      32.458740 [THz] =    1082.707034 [cm-1]
 (  0.000000  0.000000  0.000000  0.000000  0.000621  0.000000 ) 
 (  0.000000  0.000000  0.000000  0.000000  0.000621  0.000000 ) 
 (  0.000197  0.000000 -0.007659  0.000000 -0.061934  0.000000 ) 
 ( -0.000197  0.000000  0.007659  0.000000 -0.061934  0.000000 ) 
 (  0.000197  0.000000  0.007659  0.000000  0.061934  0.000000 ) 
 ( -0.000197  0.000000 -0.007659  0.000000  0.061934  0.000000 ) 
 (  0.008067  0.000000  0.030286  0.000000  0.260454  0.000000 ) 
 ( -0.008067  0.000000 -0.030286  0.000000  0.260454  0.000000 ) 
 (  0.008067  0.000000 -0.030286  0.000000 -0.260454  0.000000 ) 
 ( -0.008067  0.000000  0.030286  0.000000 -0.260454  0.000000 ) 
 ( -0.012524  0.000000  0.003084  0.000000  0.339465  0.000000 ) 
 (  0.012524  0.000000 -0.003084  0.000000  0.339465  0.000000 ) 
 ( -0.012524  0.000000 -0.003084  0.000000 -0.339465  0.000000 ) 
 (  0.012524  0.000000  0.003084  0.000000 -0.339465  0.000000 ) 
 ( -0.043353  0.000000  0.134481  0.000000 -0.047070  0.000000 ) 
 (  0.043353  0.000000 -0.134481  0.000000 -0.047070  0.000000 ) 
 (  0.043353  0.000000  0.134481  0.000000 -0.047070  0.000000 ) 
 ( -0.043353  0.000000 -0.134481  0.000000 -0.047070  0.000000 ) 
 (  0.027424  0.000000 -0.179164  0.000000  0.082775  0.000000 ) 
 ( -0.027424  0.000000  0.179164  0.000000  0.082775  0.000000 ) 
 (  0.027424  0.000000  0.179164  0.000000 -0.082775  0.000000 ) 
 ( -0.027424  0.000000 -0.179164  0.000000 -0.082775  0.000000 ) 
     freq (   42) =      32.460667 [THz] =    1082.771292 [cm-1]
 ( -0.000000  0.000000 -0.000000  0.000000 -0.000635  0.000000 ) 
 ( -0.000000  0.000000 -0.000000  0.000000  0.000635  0.000000 ) 
 ( -0.000112  0.000000  0.007431  0.000000 -0.061942  0.000000 ) 
 (  0.000112  0.000000 -0.007431  0.000000 -0.061942  0.000000 ) 
 (  0.000112  0.000000  0.007431  0.000000 -0.061942  0.000000 ) 
 ( -0.000112  0.000000 -0.007431  0.000000 -0.061942  0.000000 ) 
 ( -0.007731  0.000000 -0.028316  0.000000  0.261600  0.000000 ) 
 (  0.007731  0.000000  0.028316  0.000000  0.261600  0.000000 ) 
 (  0.007731  0.000000 -0.028316  0.000000  0.261600  0.000000 ) 
 ( -0.007731  0.000000  0.028316  0.000000  0.261600  0.000000 ) 
 (  0.011225  0.000000 -0.002215  0.000000  0.338871  0.000000 ) 
 ( -0.011225  0.000000  0.002215  0.000000  0.338871  0.000000 ) 
 ( -0.011225  0.000000 -0.002215  0.000000  0.338871  0.000000 ) 
 (  0.011225  0.000000  0.002215  0.000000  0.338871  0.000000 ) 
 ( -0.028724  0.000000  0.178462  0.000000 -0.082424  0.000000 ) 
 (  0.028724  0.000000 -0.178462  0.000000 -0.082424  0.000000 ) 
 ( -0.028724  0.000000 -0.178462  0.000000  0.082424  0.000000 ) 
 (  0.028724  0.000000  0.178462  0.000000  0.082424  0.000000 ) 
 (  0.043706  0.000000 -0.134953  0.000000  0.047512  0.000000 ) 
 ( -0.043706  0.000000  0.134953  0.000000  0.047512  0.000000 ) 
 ( -0.043706  0.000000 -0.134953  0.000000  0.047512  0.000000 ) 
 (  0.043706  0.000000  0.134953  0.000000  0.047512  0.000000 ) 
     freq (   43) =      35.873928 [THz] =    1196.625443 [cm-1]
 ( -0.000123  0.000000  0.000065  0.000000 -0.000000  0.000000 ) 
 (  0.000123  0.000000  0.000065  0.000000  0.000000  0.000000 ) 
 ( -0.004053  0.000000  0.001846  0.000000  0.003080  0.000000 ) 
 ( -0.004053  0.000000  0.001846  0.000000 -0.003080  0.000000 ) 
 ( -0.004053  0.000000 -0.001846  0.000000 -0.003080  0.000000 ) 
 ( -0.004053  0.000000 -0.001846  0.000000  0.003080  0.000000 ) 
 (  0.044645  0.000000  0.210529  0.000000 -0.133304  0.000000 ) 
 (  0.044645  0.000000  0.210529  0.000000  0.133304  0.000000 ) 
 (  0.044645  0.000000 -0.210529  0.000000  0.133304  0.000000 ) 
 (  0.044645  0.000000 -0.210529  0.000000 -0.133304  0.000000 ) 
 ( -0.162214  0.000000  0.108805  0.000000  0.099429  0.000000 ) 
 ( -0.162214  0.000000  0.108805  0.000000 -0.099429  0.000000 ) 
 ( -0.162214  0.000000 -0.108805  0.000000 -0.099429  0.000000 ) 
 ( -0.162214  0.000000 -0.108805  0.000000  0.099429  0.000000 ) 
 (  0.009344  0.000000  0.198266  0.000000 -0.132945  0.000000 ) 
 (  0.009344  0.000000  0.198266  0.000000  0.132945  0.000000 ) 
 ( -0.009344  0.000000  0.198266  0.000000 -0.132945  0.000000 ) 
 ( -0.009344  0.000000  0.198266  0.000000  0.132945  0.000000 ) 
 (  0.198288  0.000000 -0.145253  0.000000  0.142685  0.000000 ) 
 (  0.198288  0.000000 -0.145253  0.000000 -0.142685  0.000000 ) 
 (  0.198288  0.000000  0.145253  0.000000 -0.142685  0.000000 ) 
 (  0.198288  0.000000  0.145253  0.000000  0.142685  0.000000 ) 
     freq (   44) =      35.883090 [THz] =    1196.931053 [cm-1]
 (  0.000096  0.000000 -0.000078  0.000000 -0.000000  0.000000 ) 
 (  0.000096  0.000000  0.000078  0.000000 -0.000000  0.000000 ) 
 ( -0.004005  0.000000  0.001994  0.000000 -0.003534  0.000000 ) 
 ( -0.004005  0.000000  0.001994  0.000000  0.003534  0.000000 ) 
 (  0.004005  0.000000  0.001994  0.000000 -0.003534  0.000000 ) 
 (  0.004005  0.000000  0.001994  0.000000  0.003534  0.000000 ) 
 (  0.041720  0.000000  0.197711  0.000000  0.158825  0.000000 ) 
 (  0.041720  0.000000  0.197711  0.000000 -0.158825  0.000000 ) 
 ( -0.041720  0.000000  0.197711  0.000000  0.158825  0.000000 ) 
 ( -0.041720  0.000000  0.197711  0.000000 -0.158825  0.000000 ) 
 ( -0.151444  0.000000  0.101385  0.000000 -0.118933  0.000000 ) 
 ( -0.151444  0.000000  0.101385  0.000000  0.118933  0.000000 ) 
 (  0.151444  0.000000  0.101385  0.000000 -0.118933  0.000000 ) 
 (  0.151444  0.000000  0.101385  0.000000  0.118933  0.000000 ) 
 ( -0.214166  0.000000  0.131219  0.000000 -0.137081  0.000000 ) 
 ( -0.214166  0.000000  0.131219  0.000000  0.137081  0.000000 ) 
 ( -0.214166  0.000000 -0.131219  0.000000  0.137081  0.000000 ) 
 ( -0.214166  0.000000 -0.131219  0.000000 -0.137081  0.000000 ) 
 ( -0.033695  0.000000 -0.194493  0.000000  0.125351  0.000000 ) 
 ( -0.033695  0.000000 -0.194493  0.000000 -0.125351  0.000000 ) 
 (  0.033695  0.000000 -0.194493  0.000000  0.125351  0.000000 ) 
 (  0.033695  0.000000 -0.194493  0.000000 -0.125351  0.000000 ) 
     freq (   45) =      36.022810 [THz] =    1201.591593 [cm-1]
 (  0.000000  0.000000  0.000000  0.000000 -0.000189  0.000000 ) 
 (  0.000000  0.000000 -0.000000  0.000000 -0.000189  0.000000 ) 
 (  0.000622  0.000000  0.000581  0.000000  0.004892  0.000000 ) 
 ( -0.000622  0.000000 -0.000581  0.000000  0.004892  0.000000 ) 
 (  0.000622  0.000000 -0.000581  0.000000 -0.004892  0.000000 ) 
 ( -0.000622  0.000000  0.000581  0.000000 -0.004892  0.000000 ) 
 ( -0.006748  0.000000 -0.027824  0.000000 -0.289657  0.000000 ) 
 (  0.006748  0.000000  0.027824  0.000000 -0.289657  0.000000 ) 
 ( -0.006748  0.000000  0.027824  0.000000  0.289657  0.000000 ) 
 (  0.006748  0.000000 -0.027824  0.000000  0.289657  0.000000 ) 
 (  0.022877  0.000000 -0.017054  0.000000  0.227197  0.000000 ) 
 ( -0.022877  0.000000  0.017054  0.000000  0.227197  0.000000 ) 
 (  0.022877  0.000000  0.017054  0.000000 -0.227197  0.000000 ) 
 ( -0.022877  0.000000 -0.017054  0.000000 -0.227197  0.000000 ) 
 (  0.239717  0.000000  0.039758  0.000000  0.026825  0.000000 ) 
 ( -0.239717  0.000000 -0.039758  0.000000  0.026825  0.000000 ) 
 ( -0.239717  0.000000  0.039758  0.000000  0.026825  0.000000 ) 
 (  0.239717  0.000000 -0.039758  0.000000  0.026825  0.000000 ) 
 ( -0.215362  0.000000 -0.081511  0.000000  0.005660  0.000000 ) 
 (  0.215362  0.000000  0.081511  0.000000  0.005660  0.000000 ) 
 ( -0.215362  0.000000  0.081511  0.000000 -0.005660  0.000000 ) 
 (  0.215362  0.000000 -0.081511  0.000000 -0.005660  0.000000 ) 
     freq (   46) =      36.023652 [THz] =    1201.619697 [cm-1]
 (  0.000000  0.000000  0.000000  0.000000 -0.000162  0.000000 ) 
 (  0.000000  0.000000 -0.000000  0.000000  0.000162  0.000000 ) 
 (  0.000741  0.000000  0.000644  0.000000 -0.004748  0.000000 ) 
 ( -0.000741  0.000000 -0.000644  0.000000 -0.004748  0.000000 ) 
 ( -0.000741  0.000000  0.000644  0.000000 -0.004748  0.000000 ) 
 (  0.000741  0.000000 -0.000644  0.000000 -0.004748  0.000000 ) 
 ( -0.008537  0.000000 -0.035779  0.000000  0.287743  0.000000 ) 
 (  0.008537  0.000000  0.035779  0.000000  0.287743  0.000000 ) 
 (  0.008537  0.000000 -0.035779  0.000000  0.287743  0.000000 ) 
 ( -0.008537  0.000000  0.035779  0.000000  0.287743  0.000000 ) 
 (  0.028970  0.000000 -0.021009  0.000000 -0.227206  0.000000 ) 
 ( -0.028970  0.000000  0.021009  0.000000 -0.227206  0.000000 ) 
 ( -0.028970  0.000000 -0.021009  0.000000 -0.227206  0.000000 ) 
 (  0.028970  0.000000  0.021009  0.000000 -0.227206  0.000000 ) 
 ( -0.211431  0.000000 -0.086783  0.000000  0.010130  0.000000 ) 
 (  0.211431  0.000000  0.086783  0.000000  0.010130  0.000000 ) 
 ( -0.211431  0.000000  0.086783  0.000000 -0.010130  0.000000 ) 
 (  0.211431  0.000000 -0.086783  0.000000 -0.010130  0.000000 ) 
 (  0.241731  0.000000  0.034907  0.000000  0.030575  0.000000 ) 
 ( -0.241731  0.000000 -0.034907  0.000000  0.030575  0.000000 ) 
 ( -0.241731  0.000000  0.034907  0.000000  0.030575  0.000000 ) 
 (  0.241731  0.000000 -0.034907  0.000000  0.030575  0.000000 ) 
     freq (   47) =      36.029850 [THz] =    1201.826426 [cm-1]
 (  0.000527  0.000000  0.000203  0.000000  0.000000  0.000000 ) 
 (  0.000527  0.000000 -0.000203  0.000000 -0.000000  0.000000 ) 
 ( -0.001517  0.000000 -0.000641  0.000000  0.004255  0.000000 ) 
 ( -0.001517  0.000000 -0.000641  0.000000 -0.004255  0.000000 ) 
 (  0.001517  0.000000 -0.000641  0.000000  0.004255  0.000000 ) 
 (  0.001517  0.000000 -0.000641  0.000000 -0.004255  0.000000 ) 
 (  0.031319  0.000000  0.133164  0.000000 -0.245879  0.000000 ) 
 (  0.031319  0.000000  0.133164  0.000000  0.245879  0.000000 ) 
 ( -0.031319  0.000000  0.133164  0.000000 -0.245879  0.000000 ) 
 ( -0.031319  0.000000  0.133164  0.000000  0.245879  0.000000 ) 
 ( -0.107129  0.000000  0.071471  0.000000  0.191143  0.000000 ) 
 ( -0.107129  0.000000  0.071471  0.000000 -0.191143  0.000000 ) 
 (  0.107129  0.000000  0.071471  0.000000  0.191143  0.000000 ) 
 (  0.107129  0.000000  0.071471  0.000000 -0.191143  0.000000 ) 
 (  0.141020  0.000000  0.150247  0.000000 -0.068963  0.000000 ) 
 (  0.141020  0.000000  0.150247  0.000000  0.068963  0.000000 ) 
 (  0.141020  0.000000 -0.150247  0.000000  0.068963  0.000000 ) 
 (  0.141020  0.000000 -0.150247  0.000000 -0.068963  0.000000 ) 
 (  0.246471  0.000000 -0.047935  0.000000  0.086179  0.000000 ) 
 (  0.246471  0.000000 -0.047935  0.000000 -0.086179  0.000000 ) 
 ( -0.246471  0.000000 -0.047935  0.000000  0.086179  0.000000 ) 
 ( -0.246471  0.000000 -0.047935  0.000000 -0.086179  0.000000 ) 
     freq (   48) =      36.044944 [THz] =    1202.329901 [cm-1]
 (  0.000524  0.000000  0.000234  0.000000 -0.000000  0.000000 ) 
 ( -0.000524  0.000000  0.000234  0.000000 -0.000000  0.000000 ) 
 (  0.001191  0.000000  0.000933  0.000000  0.004765  0.000000 ) 
 (  0.001191  0.000000  0.000933  0.000000 -0.004765  0.000000 ) 
 (  0.001191  0.000000 -0.000933  0.000000 -0.004765  0.000000 ) 
 (  0.001191  0.000000 -0.000933  0.000000  0.004765  0.000000 ) 
 ( -0.027162  0.000000 -0.113133  0.000000 -0.261594  0.000000 ) 
 ( -0.027162  0.000000 -0.113133  0.000000  0.261594  0.000000 ) 
 ( -0.027162  0.000000  0.113133  0.000000  0.261594  0.000000 ) 
 ( -0.027162  0.000000  0.113133  0.000000 -0.261594  0.000000 ) 
 (  0.091087  0.000000 -0.060622  0.000000  0.200922  0.000000 ) 
 (  0.091087  0.000000 -0.060622  0.000000 -0.200922  0.000000 ) 
 (  0.091087  0.000000  0.060622  0.000000 -0.200922  0.000000 ) 
 (  0.091087  0.000000  0.060622  0.000000  0.200922  0.000000 ) 
 (  0.249299  0.000000 -0.028588  0.000000  0.073556  0.000000 ) 
 (  0.249299  0.000000 -0.028588  0.000000 -0.073556  0.000000 ) 
 ( -0.249299  0.000000 -0.028588  0.000000  0.073556  0.000000 ) 
 ( -0.249299  0.000000 -0.028588  0.000000 -0.073556  0.000000 ) 
 (  0.161285  0.000000  0.135280  0.000000 -0.054536  0.000000 ) 
 (  0.161285  0.000000  0.135280  0.000000  0.054536  0.000000 ) 
 (  0.161285  0.000000 -0.135280  0.000000  0.054536  0.000000 ) 
 (  0.161285  0.000000 -0.135280  0.000000 -0.054536  0.000000 ) 
     freq (   49) =      36.185421 [THz] =    1207.015732 [cm-1]
 ( -0.000000  0.000000 -0.000000  0.000000  0.000553  0.000000 ) 
 ( -0.000000  0.000000  0.000000  0.000000 -0.000553  0.000000 ) 
 (  0.003844  0.000000 -0.001149  0.000000  0.000443  0.000000 ) 
 ( -0.003844  0.000000  0.001149  0.000000  0.000443  0.000000 ) 
 ( -0.003844  0.000000 -0.001149  0.000000  0.000443  0.000000 ) 
 (  0.003844  0.000000  0.001149  0.000000  0.000443  0.000000 ) 
 ( -0.049513  0.000000 -0.233562  0.000000 -0.039093  0.000000 ) 
 (  0.049513  0.000000  0.233562  0.000000 -0.039093  0.000000 ) 
 (  0.049513  0.000000 -0.233562  0.000000 -0.039093  0.000000 ) 
 ( -0.049513  0.000000  0.233562  0.000000 -0.039093  0.000000 ) 
 (  0.181698  0.000000 -0.121612  0.000000  0.036770  0.000000 ) 
 ( -0.181698  0.000000  0.121612  0.000000  0.036770  0.000000 ) 
 ( -0.181698  0.000000 -0.121612  0.000000  0.036770  0.000000 ) 
 (  0.181698  0.000000  0.121612  0.000000  0.036770  0.000000 ) 
 (  0.136925  0.000000 -0.178915  0.000000  0.152918  0.000000 ) 
 ( -0.136925  0.000000  0.178915  0.000000  0.152918  0.000000 ) 
 (  0.136925  0.000000  0.178915  0.000000 -0.152918  0.000000 ) 
 ( -0.136925  0.000000 -0.178915  0.000000 -0.152918  0.000000 ) 
 (  0.071327  0.000000 -0.200251  0.000000  0.151545  0.000000 ) 
 ( -0.071327  0.000000  0.200251  0.000000  0.151545  0.000000 ) 
 ( -0.071327  0.000000 -0.200251  0.000000  0.151545  0.000000 ) 
 (  0.071327  0.000000  0.200251  0.000000  0.151545  0.000000 ) 
     freq (   50) =      36.186530 [THz] =    1207.052719 [cm-1]
 (  0.000000  0.000000  0.000000  0.000000 -0.000575  0.000000 ) 
 (  0.000000  0.000000 -0.000000  0.000000 -0.000575  0.000000 ) 
 ( -0.003868  0.000000  0.001065  0.000000  0.000423  0.000000 ) 
 (  0.003868  0.000000 -0.001065  0.000000  0.000423  0.000000 ) 
 ( -0.003868  0.000000 -0.001065  0.000000 -0.000423  0.000000 ) 
 (  0.003868  0.000000  0.001065  0.000000 -0.000423  0.000000 ) 
 (  0.050029  0.000000  0.235852  0.000000 -0.031267  0.000000 ) 
 ( -0.050029  0.000000 -0.235852  0.000000 -0.031267  0.000000 ) 
 (  0.050029  0.000000 -0.235852  0.000000  0.031267  0.000000 ) 
 ( -0.050029  0.000000  0.235852  0.000000  0.031267  0.000000 ) 
 ( -0.182740  0.000000  0.122480  0.000000  0.029027  0.000000 ) 
 (  0.182740  0.000000 -0.122480  0.000000  0.029027  0.000000 ) 
 ( -0.182740  0.000000 -0.122480  0.000000 -0.029027  0.000000 ) 
 (  0.182740  0.000000  0.122480  0.000000 -0.029027  0.000000 ) 
 ( -0.078586  0.000000  0.197935  0.000000 -0.151662  0.000000 ) 
 (  0.078586  0.000000 -0.197935  0.000000 -0.151662  0.000000 ) 
 (  0.078586  0.000000  0.197935  0.000000 -0.151662  0.000000 ) 
 ( -0.078586  0.000000 -0.197935  0.000000 -0.151662  0.000000 ) 
 ( -0.130795  0.000000  0.181056  0.000000 -0.152955  0.000000 ) 
 (  0.130795  0.000000 -0.181056  0.000000 -0.152955  0.000000 ) 
 ( -0.130795  0.000000 -0.181056  0.000000  0.152955  0.000000 ) 
 (  0.130795  0.000000  0.181056  0.000000  0.152955  0.000000 ) 
     freq (   51) =      68.269434 [THz] =    2277.223215 [cm-1]
 ( -0.000000  0.000000 -0.000000  0.000000 -0.000072  0.000000 ) 
 (  0.000000 -0.000000  0.000000  0.000000  0.000072  0.000000 ) 
 ( -0.007189  0.000000 -0.012678  0.000000  0.000110  0.000000 ) 
 (  0.007189 -0.000000  0.012678 -0.000000  0.000110  0.000000 ) 
 (  0.007189  0.000000 -0.012678  0.000000  0.000110 -0.000000 ) 
 ( -0.007189  0.000000  0.012678  0.000000  0.000110 -0.000000 ) 
 ( -0.194058  0.000000  0.039303 -0.000000  0.000883  0.000000 ) 
 (  0.194058 -0.000000 -0.039303  0.000000  0.000883  0.000000 ) 
 (  0.194058  0.000000  0.039303  0.000000  0.000883 -0.000000 ) 
 ( -0.194058  0.000000 -0.039303  0.000000  0.000883 -0.000000 ) 
 (  0.208728 -0.000000  0.314004 -0.000000 -0.000221  0.000000 ) 
 ( -0.208728  0.000000 -0.314004  0.000000 -0.000221  0.000000 ) 
 ( -0.208728  0.000000  0.314004  0.000000 -0.000221  0.000000 ) 
 (  0.208728  0.000000 -0.314004  0.000000 -0.000221  0.000000 ) 
 ( -0.033827  0.000000  0.103736 -0.000000  0.152517 -0.000000 ) 
 (  0.033827 -0.000000 -0.103736  0.000000  0.152517 -0.000000 ) 
 ( -0.033827  0.000000 -0.103736  0.000000 -0.152517  0.000000 ) 
 (  0.033827  0.000000  0.103736  0.000000 -0.152517  0.000000 ) 
 ( -0.031534  0.000000  0.101477 -0.000000  0.148185 -0.000000 ) 
 (  0.031534 -0.000000 -0.101477  0.000000  0.148185 -0.000000 ) 
 (  0.031534  0.000000  0.101477  0.000000  0.148185  0.000000 ) 
 ( -0.031534  0.000000 -0.101477  0.000000  0.148185  0.000000 ) 
     freq (   52) =      68.291544 [THz] =    2277.960721 [cm-1]
 (  0.000000  0.000000  0.000000  0.000000  0.000071  0.000000 ) 
 ( -0.000000  0.000000  0.000000 -0.000000  0.000071 -0.000000 ) 
 (  0.006457  0.000000  0.012601  0.000000  0.000138 -0.000000 ) 
 ( -0.006457  0.000000 -0.012601  0.000000  0.000138 -0.000000 ) 
 (  0.006457 -0.000000 -0.012601  0.000000 -0.000138  0.000000 ) 
 ( -0.006457  0.000000  0.012601 -0.000000 -0.000138  0.000000 ) 
 (  0.200122  0.000000 -0.040839  0.000000  0.000914 -0.000000 ) 
 ( -0.200122  0.000000  0.040839  0.000000  0.000914 -0.000000 ) 
 (  0.200122 -0.000000  0.040839 -0.000000 -0.000914  0.000000 ) 
 ( -0.200122  0.000000 -0.040839  0.000000 -0.000914  0.000000 ) 
 ( -0.207424  0.000000 -0.311516  0.000000 -0.000314  0.000000 ) 
 (  0.207424  0.000000  0.311516  0.000000 -0.000314  0.000000 ) 
 ( -0.207424  0.000000  0.311516 -0.000000  0.000314  0.000000 ) 
 (  0.207424 -0.000000 -0.311516  0.000000  0.000314  0.000000 ) 
 (  0.031534  0.000000 -0.100564  0.000000 -0.147430  0.000000 ) 
 ( -0.031534  0.000000  0.100564  0.000000 -0.147430  0.000000 ) 
 ( -0.031534  0.000000 -0.100564  0.000000 -0.147430  0.000000 ) 
 (  0.031534 -0.000000  0.100564 -0.000000 -0.147430  0.000000 ) 
 (  0.034125  0.000000 -0.103798  0.000000 -0.152424  0.000000 ) 
 ( -0.034125  0.000000  0.103798  0.000000 -0.152424  0.000000 ) 
 (  0.034125 -0.000000  0.103798 -0.000000  0.152424 -0.000000 ) 
 ( -0.034125  0.000000 -0.103798  0.000000  0.152424 -0.000000 ) 
     freq (   53) =      68.307560 [THz] =    2278.494938 [cm-1]
 ( -0.000064  0.000000 -0.000016  0.000000  0.000000  0.000000 ) 
 (  0.000064  0.000000 -0.000016  0.000000  0.000000  0.000000 ) 
 ( -0.006289  0.000000 -0.013760  0.000000 -0.000556  0.000000 ) 
 ( -0.006289  0.000000 -0.013760  0.000000  0.000556  0.000000 ) 
 ( -0.006289  0.000000  0.013760  0.000000  0.000556  0.000000 ) 
 ( -0.006289  0.000000  0.013760  0.000000 -0.000556  0.000000 ) 
 ( -0.202898  0.000000  0.040990  0.000000  0.000441  0.000000 ) 
 ( -0.202898  0.000000  0.040990  0.000000 -0.000441  0.000000 ) 
 ( -0.202898  0.000000 -0.040990  0.000000 -0.000441  0.000000 ) 
 ( -0.202898  0.000000 -0.040990  0.000000  0.000441  0.000000 ) 
 (  0.210035  0.000000  0.313975  0.000000 -0.000951  0.000000 ) 
 (  0.210035  0.000000  0.313975  0.000000  0.000951  0.000000 ) 
 (  0.210035  0.000000 -0.313975  0.000000  0.000951  0.000000 ) 
 (  0.210035  0.000000 -0.313975  0.000000 -0.000951  0.000000 ) 
 ( -0.031478  0.000000  0.097772  0.000000  0.142063  0.000000 ) 
 ( -0.031478  0.000000  0.097772  0.000000 -0.142063  0.000000 ) 
 (  0.031478  0.000000  0.097772  0.000000  0.142063  0.000000 ) 
 (  0.031478  0.000000  0.097772  0.000000 -0.142063  0.000000 ) 
 (  0.033771  0.000000 -0.101715  0.000000 -0.148352  0.000000 ) 
 (  0.033771  0.000000 -0.101715  0.000000  0.148352  0.000000 ) 
 (  0.033771  0.000000  0.101715  0.000000  0.148352  0.000000 ) 
 (  0.033771  0.000000  0.101715  0.000000 -0.148352  0.000000 ) 
     freq (   54) =      68.319796 [THz] =    2278.903097 [cm-1]
 (  0.000066  0.000000  0.000018  0.000000  0.000000  0.000000 ) 
 (  0.000066  0.000000 -0.000018  0.000000  0.000000  0.000000 ) 
 ( -0.006193  0.000000 -0.013645  0.000000  0.000650  0.000000 ) 
 ( -0.006193  0.000000 -0.013645  0.000000 -0.000650  0.000000 ) 
 (  0.006193  0.000000 -0.013645  0.000000  0.000650  0.000000 ) 
 (  0.006193  0.000000 -0.013645  0.000000 -0.000650  0.000000 ) 
 ( -0.203227  0.000000  0.041138  0.000000 -0.000110  0.000000 ) 
 ( -0.203227  0.000000  0.041138  0.000000  0.000110  0.000000 ) 
 (  0.203227  0.000000  0.041138  0.000000 -0.000110  0.000000 ) 
 (  0.203227  0.000000  0.041138  0.000000  0.000110  0.000000 ) 
 (  0.209647  0.000000  0.313254  0.000000  0.000988  0.000000 ) 
 (  0.209647  0.000000  0.313254  0.000000 -0.000988  0.000000 ) 
 ( -0.209647  0.000000  0.313254  0.000000  0.000988  0.000000 ) 
 ( -0.209647  0.000000  0.313254  0.000000 -0.000988  0.000000 ) 
 ( -0.034221  0.000000  0.102470  0.000000  0.149078  0.000000 ) 
 ( -0.034221  0.000000  0.102470  0.000000 -0.149078  0.000000 ) 
 ( -0.034221  0.000000 -0.102470  0.000000 -0.149078  0.000000 ) 
 ( -0.034221  0.000000 -0.102470  0.000000  0.149078  0.000000 ) 
 (  0.031553  0.000000 -0.098011  0.000000 -0.142139  0.000000 ) 
 (  0.031553  0.000000 -0.098011  0.000000  0.142139  0.000000 ) 
 ( -0.031553  0.000000 -0.098011  0.000000 -0.142139  0.000000 ) 
 ( -0.031553  0.000000 -0.098011  0.000000  0.142139  0.000000 ) 
     freq (   55) =      70.069604 [THz] =    2337.270419 [cm-1]
 ( -0.000000  0.000000 -0.000000  0.000000  0.000106  0.000000 ) 
 ( -0.000000  0.000000 -0.000000  0.000000  0.000106  0.000000 ) 
 ( -0.035564  0.000000 -0.031114  0.000000  0.000577  0.000000 ) 
 (  0.035564  0.000000  0.031114  0.000000  0.000577  0.000000 ) 
 ( -0.035564  0.000000  0.031114  0.000000 -0.000577  0.000000 ) 
 (  0.035564  0.000000 -0.031114  0.000000 -0.000577  0.000000 ) 
 (  0.301355  0.000000 -0.081495  0.000000 -0.000701  0.000000 ) 
 ( -0.301355  0.000000  0.081495  0.000000 -0.000701  0.000000 ) 
 (  0.301355  0.000000  0.081495  0.000000  0.000701  0.000000 ) 
 ( -0.301355  0.000000 -0.081495  0.000000  0.000701  0.000000 ) 
 (  0.169885  0.000000  0.261557  0.000000  0.002408  0.000000 ) 
 ( -0.169885  0.000000 -0.261557  0.000000  0.002408  0.000000 ) 
 (  0.169885  0.000000 -0.261557  0.000000 -0.002408  0.000000 ) 
 ( -0.169885  0.000000  0.261557  0.000000 -0.002408  0.000000 ) 
 (  0.040492  0.000000 -0.077125  0.000000 -0.130273  0.000000 ) 
 ( -0.040492  0.000000  0.077125  0.000000 -0.130273  0.000000 ) 
 ( -0.040492  0.000000 -0.077125  0.000000 -0.130273  0.000000 ) 
 (  0.040492  0.000000  0.077125  0.000000 -0.130273  0.000000 ) 
 (  0.042726  0.000000 -0.083919  0.000000 -0.140017  0.000000 ) 
 ( -0.042726  0.000000  0.083919  0.000000 -0.140017  0.000000 ) 
 (  0.042726  0.000000  0.083919  0.000000  0.140017  0.000000 ) 
 ( -0.042726  0.000000 -0.083919  0.000000  0.140017  0.000000 ) 
     freq (   56) =      70.080588 [THz] =    2337.636788 [cm-1]
 ( -0.000000  0.000000  0.000000  0.000000 -0.000103  0.000000 ) 
 (  0.000000  0.000000 -0.000000  0.000000  0.000103  0.000000 ) 
 (  0.035130  0.000000  0.031264  0.000000  0.000720  0.000000 ) 
 ( -0.035130  0.000000 -0.031264  0.000000  0.000720  0.000000 ) 
 ( -0.035130  0.000000  0.031264  0.000000  0.000720  0.000000 ) 
 (  0.035130  0.000000 -0.031264  0.000000  0.000720  0.000000 ) 
 ( -0.300434  0.000000  0.081192  0.000000 -0.000720  0.000000 ) 
 (  0.300434  0.000000 -0.081192  0.000000 -0.000720  0.000000 ) 
 (  0.300434  0.000000  0.081192  0.000000 -0.000720  0.000000 ) 
 ( -0.300434  0.000000 -0.081192  0.000000 -0.000720  0.000000 ) 
 ( -0.167909  0.000000 -0.258242  0.000000  0.002417  0.000000 ) 
 (  0.167909  0.000000  0.258242  0.000000  0.002417  0.000000 ) 
 (  0.167909  0.000000 -0.258242  0.000000  0.002417  0.000000 ) 
 ( -0.167909  0.000000  0.258242  0.000000  0.002417  0.000000 ) 
 ( -0.043640  0.000000  0.086799  0.000000  0.144537  0.000000 ) 
 (  0.043640  0.000000 -0.086799  0.000000  0.144537  0.000000 ) 
 ( -0.043640  0.000000 -0.086799  0.000000 -0.144537  0.000000 ) 
 (  0.043640  0.000000  0.086799  0.000000 -0.144537  0.000000 ) 
 ( -0.041043  0.000000  0.079180  0.000000  0.133278  0.000000 ) 
 (  0.041043  0.000000 -0.079180  0.000000  0.133278  0.000000 ) 
 (  0.041043  0.000000  0.079180  0.000000  0.133278  0.000000 ) 
 ( -0.041043  0.000000 -0.079180  0.000000  0.133278  0.000000 ) 
     freq (   57) =      70.170663 [THz] =    2340.641360 [cm-1]
 ( -0.000028  0.000000 -0.000043  0.000000 -0.000000  0.000000 ) 
 ( -0.000028  0.000000  0.000043  0.000000 -0.000000  0.000000 ) 
 ( -0.024499  0.000000 -0.039842  0.000000  0.003557  0.000000 ) 
 ( -0.024499  0.000000 -0.039842  0.000000 -0.003557  0.000000 ) 
 (  0.024499  0.000000 -0.039842  0.000000  0.003557  0.000000 ) 
 (  0.024499  0.000000 -0.039842  0.000000 -0.003557  0.000000 ) 
 (  0.197728  0.000000 -0.059619  0.000000  0.001819  0.000000 ) 
 (  0.197728  0.000000 -0.059619  0.000000 -0.001819  0.000000 ) 
 ( -0.197728  0.000000 -0.059619  0.000000  0.001819  0.000000 ) 
 ( -0.197728  0.000000 -0.059619  0.000000 -0.001819  0.000000 ) 
 (  0.173299  0.000000  0.259842  0.000000  0.001228  0.000000 ) 
 (  0.173299  0.000000  0.259842  0.000000 -0.001228  0.000000 ) 
 ( -0.173299  0.000000  0.259842  0.000000  0.001228  0.000000 ) 
 ( -0.173299  0.000000  0.259842  0.000000 -0.001228  0.000000 ) 
 (  0.046539  0.000000 -0.103514  0.000000 -0.173215  0.000000 ) 
 (  0.046539  0.000000 -0.103514  0.000000  0.173215  0.000000 ) 
 (  0.046539  0.000000  0.103514  0.000000  0.173215  0.000000 ) 
 (  0.046539  0.000000  0.103514  0.000000 -0.173215  0.000000 ) 
 ( -0.055980  0.000000  0.130222  0.000000  0.211229  0.000000 ) 
 ( -0.055980  0.000000  0.130222  0.000000 -0.211229  0.000000 ) 
 (  0.055980  0.000000  0.130222  0.000000  0.211229  0.000000 ) 
 (  0.055980  0.000000  0.130222  0.000000 -0.211229  0.000000 ) 
     freq (   58) =      70.178405 [THz] =    2340.899604 [cm-1]
 (  0.000032  0.000000  0.000044  0.000000 -0.000000  0.000000 ) 
 ( -0.000032  0.000000  0.000044  0.000000  0.000000  0.000000 ) 
 ( -0.024544  0.000000 -0.039754  0.000000 -0.003543  0.000000 ) 
 ( -0.024544  0.000000 -0.039754  0.000000  0.003543  0.000000 ) 
 ( -0.024544  0.000000  0.039754  0.000000  0.003543  0.000000 ) 
 ( -0.024544  0.000000  0.039754  0.000000 -0.003543  0.000000 ) 
 (  0.198926  0.000000 -0.059869  0.000000 -0.001937  0.000000 ) 
 (  0.198926  0.000000 -0.059869  0.000000  0.001937  0.000000 ) 
 (  0.198926  0.000000  0.059869  0.000000  0.001937  0.000000 ) 
 (  0.198926  0.000000  0.059869  0.000000 -0.001937  0.000000 ) 
 (  0.172742  0.000000  0.259051  0.000000 -0.001187  0.000000 ) 
 (  0.172742  0.000000  0.259051  0.000000  0.001187  0.000000 ) 
 (  0.172742  0.000000 -0.259051  0.000000  0.001187  0.000000 ) 
 (  0.172742  0.000000 -0.259051  0.000000 -0.001187  0.000000 ) 
 (  0.056075  0.000000 -0.130204  0.000000 -0.211179  0.000000 ) 
 (  0.056075  0.000000 -0.130204  0.000000  0.211179  0.000000 ) 
 ( -0.056075  0.000000 -0.130204  0.000000 -0.211179  0.000000 ) 
 ( -0.056075  0.000000 -0.130204  0.000000  0.211179  0.000000 ) 
 ( -0.046537  0.000000  0.103641  0.000000  0.173479  0.000000 ) 
 ( -0.046537  0.000000  0.103641  0.000000 -0.173479  0.000000 ) 
 ( -0.046537  0.000000 -0.103641  0.000000 -0.173479  0.000000 ) 
 ( -0.046537  0.000000 -0.103641  0.000000  0.173479  0.000000 ) 
     freq (   59) =      70.690586 [THz] =    2357.984120 [cm-1]
 (  0.000098  0.000000  0.000052  0.000000  0.000000  0.000000 ) 
 (  0.000098  0.000000 -0.000052  0.000000  0.000000  0.000000 ) 
 (  0.041360  0.000000 -0.025051  0.000000 -0.009862  0.000000 ) 
 (  0.041360  0.000000 -0.025051  0.000000  0.009862  0.000000 ) 
 ( -0.041360  0.000000 -0.025051  0.000000 -0.009862  0.000000 ) 
 ( -0.041360  0.000000 -0.025051  0.000000  0.009862  0.000000 ) 
 ( -0.385603  0.000000  0.086877  0.000000 -0.003904  0.000000 ) 
 ( -0.385603  0.000000  0.086877  0.000000  0.003904  0.000000 ) 
 (  0.385603  0.000000  0.086877  0.000000 -0.003904  0.000000 ) 
 (  0.385603  0.000000  0.086877  0.000000  0.003904  0.000000 ) 
 ( -0.002198  0.000000 -0.029216  0.000000 -0.001286  0.000000 ) 
 ( -0.002198  0.000000 -0.029216  0.000000  0.001286  0.000000 ) 
 (  0.002198  0.000000 -0.029216  0.000000 -0.001286  0.000000 ) 
 (  0.002198  0.000000 -0.029216  0.000000  0.001286  0.000000 ) 
 (  0.044862  0.000000 -0.142501  0.000000 -0.222512  0.000000 ) 
 (  0.044862  0.000000 -0.142501  0.000000  0.222512  0.000000 ) 
 (  0.044862  0.000000  0.142501  0.000000  0.222512  0.000000 ) 
 (  0.044862  0.000000  0.142501  0.000000 -0.222512  0.000000 ) 
 ( -0.017786  0.000000  0.069065  0.000000  0.116340  0.000000 ) 
 ( -0.017786  0.000000  0.069065  0.000000 -0.116340  0.000000 ) 
 (  0.017786  0.000000  0.069065  0.000000  0.116340  0.000000 ) 
 (  0.017786  0.000000  0.069065  0.000000 -0.116340  0.000000 ) 
     freq (   60) =      70.692693 [THz] =    2358.054408 [cm-1]
 ( -0.000100  0.000000 -0.000054  0.000000  0.000000  0.000000 ) 
 (  0.000100  0.000000 -0.000054  0.000000 -0.000000  0.000000 ) 
 (  0.041322  0.000000 -0.025108  0.000000  0.009858  0.000000 ) 
 (  0.041322  0.000000 -0.025108  0.000000 -0.009858  0.000000 ) 
 (  0.041322  0.000000  0.025108  0.000000 -0.009858  0.000000 ) 
 (  0.041322  0.000000  0.025108  0.000000  0.009858  0.000000 ) 
 ( -0.385156  0.000000  0.086768  0.000000  0.003826  0.000000 ) 
 ( -0.385156  0.000000  0.086768  0.000000 -0.003826  0.000000 ) 
 ( -0.385156  0.000000 -0.086768  0.000000 -0.003826  0.000000 ) 
 ( -0.385156  0.000000 -0.086768  0.000000  0.003826  0.000000 ) 
 ( -0.002026  0.000000 -0.029016  0.000000  0.001289  0.000000 ) 
 ( -0.002026  0.000000 -0.029016  0.000000 -0.001289  0.000000 ) 
 ( -0.002026  0.000000  0.029016  0.000000 -0.001289  0.000000 ) 
 ( -0.002026  0.000000  0.029016  0.000000  0.001289  0.000000 ) 
 (  0.017846  0.000000 -0.069322  0.000000 -0.116759  0.000000 ) 
 (  0.017846  0.000000 -0.069322  0.000000  0.116759  0.000000 ) 
 ( -0.017846  0.000000 -0.069322  0.000000 -0.116759  0.000000 ) 
 ( -0.017846  0.000000 -0.069322  0.000000  0.116759  0.000000 ) 
 ( -0.044943  0.000000  0.142728  0.000000  0.222893  0.000000 ) 
 ( -0.044943  0.000000  0.142728  0.000000 -0.222893  0.000000 ) 
 ( -0.044943  0.000000 -0.142728  0.000000 -0.222893  0.000000 ) 
 ( -0.044943  0.000000 -0.142728  0.000000  0.222893  0.000000 ) 
     freq (   61) =      70.742517 [THz] =    2359.716380 [cm-1]
 ( -0.000000  0.000000 -0.000000  0.000000  0.000154  0.000000 ) 
 (  0.000000  0.000000 -0.000000  0.000000  0.000154  0.000000 ) 
 (  0.033006  0.000000 -0.034863  0.000000  0.006244  0.000000 ) 
 ( -0.033006  0.000000  0.034863  0.000000  0.006244  0.000000 ) 
 (  0.033006  0.000000  0.034863  0.000000 -0.006244  0.000000 ) 
 ( -0.033006  0.000000 -0.034863  0.000000 -0.006244  0.000000 ) 
 ( -0.322917  0.000000  0.067872  0.000000  0.002124  0.000000 ) 
 (  0.322917  0.000000 -0.067872  0.000000  0.002124  0.000000 ) 
 ( -0.322917  0.000000 -0.067872  0.000000 -0.002124  0.000000 ) 
 (  0.322917  0.000000  0.067872  0.000000 -0.002124  0.000000 ) 
 (  0.047672  0.000000  0.047185  0.000000  0.000619  0.000000 ) 
 ( -0.047672  0.000000 -0.047185  0.000000  0.000619  0.000000 ) 
 (  0.047672  0.000000 -0.047185  0.000000 -0.000619  0.000000 ) 
 ( -0.047672  0.000000  0.047185  0.000000 -0.000619  0.000000 ) 
 (  0.035403  0.000000 -0.109442  0.000000 -0.177851  0.000000 ) 
 ( -0.035403  0.000000  0.109442  0.000000 -0.177851  0.000000 ) 
 ( -0.035403  0.000000 -0.109442  0.000000 -0.177851  0.000000 ) 
 (  0.035403  0.000000  0.109442  0.000000 -0.177851  0.000000 ) 
 (  0.052551  0.000000 -0.158585  0.000000 -0.247987  0.000000 ) 
 ( -0.052551  0.000000  0.158585  0.000000 -0.247987  0.000000 ) 
 (  0.052551  0.000000  0.158585  0.000000  0.247987  0.000000 ) 
 ( -0.052551  0.000000 -0.158585  0.000000  0.247987  0.000000 ) 
     freq (   62) =      70.744836 [THz] =    2359.793722 [cm-1]
 ( -0.000000  0.000000 -0.000000  0.000000 -0.000148  0.000000 ) 
 (  0.000000  0.000000 -0.000000  0.000000  0.000148  0.000000 ) 
 ( -0.033266  0.000000  0.034626  0.000000  0.006672  0.000000 ) 
 (  0.033266  0.000000 -0.034626  0.000000  0.006672  0.000000 ) 
 (  0.033266  0.000000  0.034626  0.000000  0.006672  0.000000 ) 
 ( -0.033266  0.000000 -0.034626  0.000000  0.006672  0.000000 ) 
 (  0.327459  0.000000 -0.069071  0.000000  0.002320  0.000000 ) 
 ( -0.327459  0.000000  0.069071  0.000000  0.002320  0.000000 ) 
 ( -0.327459  0.000000 -0.069071  0.000000  0.002320  0.000000 ) 
 (  0.327459  0.000000  0.069071  0.000000  0.002320  0.000000 ) 
 ( -0.047931  0.000000 -0.047473  0.000000  0.000757  0.000000 ) 
 (  0.047931  0.000000  0.047473  0.000000  0.000757  0.000000 ) 
 (  0.047931  0.000000 -0.047473  0.000000  0.000757  0.000000 ) 
 ( -0.047931  0.000000  0.047473  0.000000  0.000757  0.000000 ) 
 ( -0.052302  0.000000  0.158200  0.000000  0.247204  0.000000 ) 
 (  0.052302  0.000000 -0.158200  0.000000  0.247204  0.000000 ) 
 ( -0.052302  0.000000 -0.158200  0.000000 -0.247204  0.000000 ) 
 (  0.052302  0.000000  0.158200  0.000000 -0.247204  0.000000 ) 
 ( -0.034049  0.000000  0.106003  0.000000  0.172697  0.000000 ) 
 (  0.034049  0.000000 -0.106003  0.000000  0.172697  0.000000 ) 
 (  0.034049  0.000000  0.106003  0.000000  0.172697  0.000000 ) 
 ( -0.034049  0.000000 -0.106003  0.000000  0.172697  0.000000 ) 
     freq (   63) =      71.339836 [THz] =    2379.640791 [cm-1]
 (  0.000084  0.000000 -0.000139  0.000000  0.000000  0.000000 ) 
 (  0.000084  0.000000  0.000139  0.000000 -0.000000  0.000000 ) 
 (  0.009543  0.000000 -0.002119  0.000000  0.049612  0.000000 ) 
 (  0.009543  0.000000 -0.002119  0.000000 -0.049612  0.000000 ) 
 ( -0.009543  0.000000 -0.002119  0.000000  0.049612  0.000000 ) 
 ( -0.009543  0.000000 -0.002119  0.000000 -0.049612  0.000000 ) 
 ( -0.085939  0.000000  0.019662  0.000000  0.009230  0.000000 ) 
 ( -0.085939  0.000000  0.019662  0.000000 -0.009230  0.000000 ) 
 (  0.085939  0.000000  0.019662  0.000000  0.009230  0.000000 ) 
 (  0.085939  0.000000  0.019662  0.000000 -0.009230  0.000000 ) 
 ( -0.017004  0.000000 -0.027555  0.000000  0.011448  0.000000 ) 
 ( -0.017004  0.000000 -0.027555  0.000000 -0.011448  0.000000 ) 
 (  0.017004  0.000000 -0.027555  0.000000  0.011448  0.000000 ) 
 (  0.017004  0.000000 -0.027555  0.000000 -0.011448  0.000000 ) 
 ( -0.064065  0.000000  0.175711  0.000000  0.258557  0.000000 ) 
 ( -0.064065  0.000000  0.175711  0.000000 -0.258557  0.000000 ) 
 ( -0.064065  0.000000 -0.175711  0.000000 -0.258557  0.000000 ) 
 ( -0.064065  0.000000 -0.175711  0.000000  0.258557  0.000000 ) 
 ( -0.071425  0.000000  0.202186  0.000000  0.300991  0.000000 ) 
 ( -0.071425  0.000000  0.202186  0.000000 -0.300991  0.000000 ) 
 (  0.071425  0.000000  0.202186  0.000000  0.300991  0.000000 ) 
 (  0.071425  0.000000  0.202186  0.000000 -0.300991  0.000000 ) 
     freq (   64) =      71.340845 [THz] =    2379.674456 [cm-1]
 ( -0.000088  0.000000  0.000135  0.000000  0.000000  0.000000 ) 
 (  0.000088  0.000000  0.000135  0.000000  0.000000  0.000000 ) 
 (  0.009523  0.000000 -0.002172  0.000000 -0.049608  0.000000 ) 
 (  0.009523  0.000000 -0.002172  0.000000  0.049608  0.000000 ) 
 (  0.009523  0.000000  0.002172  0.000000  0.049608  0.000000 ) 
 (  0.009523  0.000000  0.002172  0.000000 -0.049608  0.000000 ) 
 ( -0.086116  0.000000  0.019692  0.000000 -0.009198  0.000000 ) 
 ( -0.086116  0.000000  0.019692  0.000000  0.009198  0.000000 ) 
 ( -0.086116  0.000000 -0.019692  0.000000  0.009198  0.000000 ) 
 ( -0.086116  0.000000 -0.019692  0.000000 -0.009198  0.000000 ) 
 ( -0.016549  0.000000 -0.026888  0.000000 -0.011470  0.000000 ) 
 ( -0.016549  0.000000 -0.026888  0.000000  0.011470  0.000000 ) 
 ( -0.016549  0.000000  0.026888  0.000000  0.011470  0.000000 ) 
 ( -0.016549  0.000000  0.026888  0.000000 -0.011470  0.000000 ) 
 (  0.071402  0.000000 -0.202118  0.000000 -0.300935  0.000000 ) 
 (  0.071402  0.000000 -0.202118  0.000000  0.300935  0.000000 ) 
 ( -0.071402  0.000000 -0.202118  0.000000 -0.300935  0.000000 ) 
 ( -0.071402  0.000000 -0.202118  0.000000  0.300935  0.000000 ) 
 (  0.064104  0.000000 -0.175826  0.000000 -0.258632  0.000000 ) 
 (  0.064104  0.000000 -0.175826  0.000000  0.258632  0.000000 ) 
 (  0.064104  0.000000  0.175826  0.000000  0.258632  0.000000 ) 
 (  0.064104  0.000000  0.175826  0.000000 -0.258632  0.000000 ) 
     freq (   65) =      71.522834 [THz] =    2385.744951 [cm-1]
 (  0.000000  0.000000 -0.000000  0.000000  0.000169  0.000000 ) 
 ( -0.000000  0.000000 -0.000000  0.000000  0.000169  0.000000 ) 
 (  0.003742  0.000000 -0.004917  0.000000 -0.049975  0.000000 ) 
 ( -0.003742  0.000000  0.004917  0.000000 -0.049975  0.000000 ) 
 (  0.003742  0.000000  0.004917  0.000000  0.049975  0.000000 ) 
 ( -0.003742  0.000000 -0.004917  0.000000  0.049975  0.000000 ) 
 ( -0.033469  0.000000  0.007432  0.000000 -0.008806  0.000000 ) 
 (  0.033469  0.000000 -0.007432  0.000000 -0.008806  0.000000 ) 
 ( -0.033469  0.000000 -0.007432  0.000000  0.008806  0.000000 ) 
 (  0.033469  0.000000  0.007432  0.000000  0.008806  0.000000 ) 
 (  0.006041  0.000000  0.008131  0.000000 -0.009065  0.000000 ) 
 ( -0.006041  0.000000 -0.008131  0.000000 -0.009065  0.000000 ) 
 (  0.006041  0.000000 -0.008131  0.000000  0.009065  0.000000 ) 
 ( -0.006041  0.000000  0.008131  0.000000  0.009065  0.000000 ) 
 (  0.075371  0.000000 -0.210175  0.000000 -0.314117  0.000000 ) 
 ( -0.075371  0.000000  0.210175  0.000000 -0.314117  0.000000 ) 
 ( -0.075371  0.000000 -0.210175  0.000000 -0.314117  0.000000 ) 
 (  0.075371  0.000000  0.210175  0.000000 -0.314117  0.000000 ) 
 ( -0.062052  0.000000  0.171313  0.000000  0.253583  0.000000 ) 
 (  0.062052  0.000000 -0.171313  0.000000  0.253583  0.000000 ) 
 ( -0.062052  0.000000 -0.171313  0.000000 -0.253583  0.000000 ) 
 (  0.062052  0.000000  0.171313  0.000000 -0.253583  0.000000 ) 
     freq (   66) =      71.528903 [THz] =    2385.947378 [cm-1]
 (  0.000000  0.000000 -0.000000  0.000000 -0.000171  0.000000 ) 
 ( -0.000000  0.000000 -0.000000  0.000000  0.000171  0.000000 ) 
 ( -0.003957  0.000000  0.005269  0.000000 -0.049886  0.000000 ) 
 (  0.003957  0.000000 -0.005269  0.000000 -0.049886  0.000000 ) 
 (  0.003957  0.000000  0.005269  0.000000 -0.049886  0.000000 ) 
 ( -0.003957  0.000000 -0.005269  0.000000 -0.049886  0.000000 ) 
 (  0.036287  0.000000 -0.007951  0.000000 -0.008639  0.000000 ) 
 ( -0.036287  0.000000  0.007951  0.000000 -0.008639  0.000000 ) 
 ( -0.036287  0.000000 -0.007951  0.000000 -0.008639  0.000000 ) 
 (  0.036287  0.000000  0.007951  0.000000 -0.008639  0.000000 ) 
 ( -0.007240  0.000000 -0.009639  0.000000 -0.008999  0.000000 ) 
 (  0.007240  0.000000  0.009639  0.000000 -0.008999  0.000000 ) 
 (  0.007240  0.000000 -0.009639  0.000000 -0.008999  0.000000 ) 
 ( -0.007240  0.000000  0.009639  0.000000 -0.008999  0.000000 ) 
 (  0.061705  0.000000 -0.170112  0.000000 -0.251841  0.000000 ) 
 ( -0.061705  0.000000  0.170112  0.000000 -0.251841  0.000000 ) 
 (  0.061705  0.000000  0.170112  0.000000  0.251841  0.000000 ) 
 ( -0.061705  0.000000 -0.170112  0.000000  0.251841  0.000000 ) 
 ( -0.075465  0.000000  0.210898  0.000000  0.315349  0.000000 ) 
 (  0.075465  0.000000 -0.210898  0.000000  0.315349  0.000000 ) 
 (  0.075465  0.000000  0.210898  0.000000  0.315349  0.000000 ) 
 ( -0.075465  0.000000 -0.210898  0.000000  0.315349  0.000000 ) 
 **************************************************************************
