Dynamical matrix file
                                                                           
  3   22   8  13.0625686   1.0082751   0.6698886   0.0000000   0.0000000   0.0000000
           1  'B      '    9853.6237122476850     
           2  'Ba     '    125165.90357338246     
           3  'H      '    918.68111039893927     
    1    2      0.5000000000      0.5041375300      0.3349463533
    2    2      0.0000000000      0.0000000000      0.6698866067
    3    1      0.6199027667      0.2491213613      0.0000020759
    4    1      0.3800972333      0.7591536987      0.0000020759
    5    1      0.1199027667      0.2550161687      0.3349422441
    6    1      0.8800972333      0.7532588913      0.3349422441
    7    3      0.4465500107      0.2908847589     -0.0000131736
    8    3      0.5534499893      0.7173903011     -0.0000131736
    9    3      0.9465500107      0.2132527711      0.3349574936
   10    3      0.0534499893      0.7950222889      0.3349574936
   11    3      0.7186284160      0.3986060059      0.0000029817
   12    3      0.2813715840      0.6096690541      0.0000029817
   13    3      0.2186284160      0.1055315241      0.3349413383
   14    3      0.7813715840      0.9027435359      0.3349413383
   15    3      0.6538704440      0.1549260164      0.5227910429
   16    3      0.3461295560      0.8533490436      0.5227910429
   17    3      0.1538704440      0.3492115136      0.4820419171
   18    3      0.8461295560      0.6590635464      0.4820419171
   19    3      0.3461394558      0.8533469185      0.1471062934
   20    3      0.6538605442      0.1549281415      0.1471062934
   21    3      0.8461394558      0.6590656715      0.1878380266
   22    3      0.1538605442      0.3492093885      0.1878380266

     Dynamical  Matrix in cartesian axes

     q = (   -0.500000000   0.000000000  -0.746392714 ) 

    1    1
  0.06220701   0.00000000     0.01136714   0.00000000     0.00000000   0.00000000
  0.01136714   0.00000000     0.04689572   0.00000000     0.00000000   0.00000000
  0.00000000   0.00000000     0.00000000   0.00000000     0.14714384   0.00000000
    1    2
  0.00000000   0.00000000     0.00000000   0.00000000     0.03222545  -0.00000000
  0.00000000   0.00000000     0.00000000   0.00000000     0.00930916  -0.00000000
  0.03222545  -0.00000000    -0.00930916   0.00000000     0.00000000   0.00000000
    1    3
 -0.00035181   0.00000000    -0.00092680   0.00000000     0.01330165  -0.00000000
  0.00014762  -0.00000000     0.00074600  -0.00000000    -0.02527385   0.00000000
  0.00791659  -0.00000000    -0.02851913   0.00000000     0.00033119  -0.00000000
    1    4
 -0.00035181   0.00000000    -0.00092680   0.00000000    -0.01330165   0.00000000
  0.00014762  -0.00000000     0.00074600  -0.00000000     0.02527385  -0.00000000
 -0.00791659   0.00000000     0.02851913  -0.00000000     0.00033119  -0.00000000
    1    5
 -0.01159615  -0.00000000    -0.00335315  -0.00000000    -0.00102566  -0.00000000
 -0.00837765  -0.00000000    -0.00189312  -0.00000000     0.00032557   0.00000000
 -0.00043026  -0.00000000    -0.00135760  -0.00000000     0.00818127   0.00000000
    1    6
 -0.01159615  -0.00000000    -0.00335315  -0.00000000     0.00102566   0.00000000
 -0.00837765  -0.00000000    -0.00189312  -0.00000000    -0.00032557  -0.00000000
  0.00043026   0.00000000     0.00135760   0.00000000     0.00818127   0.00000000
    1    7
 -0.00002705   0.00000000    -0.00004933   0.00000000    -0.00682333   0.00000000
  0.00003546  -0.00000000    -0.00002315   0.00000000    -0.00497140   0.00000000
 -0.00145616   0.00000000    -0.00444144   0.00000000     0.00057638  -0.00000000
    1    8
 -0.00002705   0.00000000    -0.00004933   0.00000000     0.00682333  -0.00000000
  0.00003546  -0.00000000    -0.00002315   0.00000000     0.00497140  -0.00000000
  0.00145616  -0.00000000     0.00444144  -0.00000000     0.00057638  -0.00000000
    1    9
 -0.00209296   0.00000000    -0.00122644   0.00000000     0.00024333  -0.00000000
 -0.00326174   0.00000000    -0.00073898   0.00000000    -0.00024095   0.00000000
 -0.00018832   0.00000000     0.00003373  -0.00000000     0.00408639  -0.00000000
    1   10
 -0.00209296   0.00000000    -0.00122644   0.00000000    -0.00024333   0.00000000
 -0.00326174   0.00000000    -0.00073898   0.00000000     0.00024095  -0.00000000
  0.00018832  -0.00000000    -0.00003373   0.00000000     0.00408639  -0.00000000
    1   11
  0.00011483  -0.00000000    -0.00009535   0.00000000     0.00314835  -0.00000000
  0.00023179  -0.00000000    -0.00016969   0.00000000     0.00401013  -0.00000000
 -0.00024279   0.00000000     0.00091010  -0.00000000     0.00018181  -0.00000000
    1   12
  0.00011483  -0.00000000    -0.00009535   0.00000000    -0.00314835   0.00000000
  0.00023179  -0.00000000    -0.00016969   0.00000000    -0.00401013   0.00000000
  0.00024279  -0.00000000    -0.00091010   0.00000000     0.00018181  -0.00000000
    1   13
  0.00024308  -0.00000000     0.00478066  -0.00000000     0.00015124  -0.00000000
  0.00333590  -0.00000000     0.00136942  -0.00000000     0.00003749  -0.00000000
  0.00011580  -0.00000000    -0.00001184   0.00000000    -0.00134323   0.00000000
    1   14
  0.00024308  -0.00000000     0.00478066  -0.00000000    -0.00015124   0.00000000
  0.00333590  -0.00000000     0.00136942  -0.00000000    -0.00003749   0.00000000
 -0.00011580   0.00000000     0.00001184  -0.00000000    -0.00134323   0.00000000
    1   15
  0.00123995  -0.00000000     0.00159782  -0.00000000     0.00275446  -0.00000000
  0.00036272  -0.00000000    -0.00160017   0.00000000    -0.00324375   0.00000000
  0.00374424  -0.00000000    -0.00740274   0.00000000    -0.00293957   0.00000000
    1   16
  0.00123995   0.00000000     0.00159782   0.00000000    -0.00275446  -0.00000000
  0.00036272   0.00000000    -0.00160017  -0.00000000     0.00324375   0.00000000
 -0.00374424  -0.00000000     0.00740274   0.00000000    -0.00293957  -0.00000000
    1   17
 -0.00470179   0.00000000    -0.00166732   0.00000000     0.00051005  -0.00000000
 -0.00132082   0.00000000    -0.00008155   0.00000000    -0.00069723   0.00000000
  0.00368069  -0.00000000    -0.00083048   0.00000000    -0.00539562   0.00000000
    1   18
 -0.00470179   0.00000000    -0.00166732   0.00000000    -0.00051005   0.00000000
 -0.00132082   0.00000000    -0.00008155   0.00000000     0.00069723  -0.00000000
 -0.00368069   0.00000000     0.00083048  -0.00000000    -0.00539562   0.00000000
    1   19
  0.00126949  -0.00000000     0.00147486  -0.00000000     0.00240658  -0.00000000
  0.00040640  -0.00000000    -0.00145484   0.00000000    -0.00335073   0.00000000
  0.00328181  -0.00000000    -0.00804991   0.00000000    -0.00297883   0.00000000
    1   20
  0.00126949  -0.00000000     0.00147486  -0.00000000    -0.00240658   0.00000000
  0.00040640  -0.00000000    -0.00145484   0.00000000     0.00335073  -0.00000000
 -0.00328181   0.00000000     0.00804991  -0.00000000    -0.00297883   0.00000000
    1   21
 -0.00484815  -0.00000000    -0.00182847  -0.00000000     0.00054589   0.00000000
 -0.00124710  -0.00000000     0.00007109   0.00000000    -0.00032710  -0.00000000
  0.00372080   0.00000000    -0.00027247  -0.00000000    -0.00504106  -0.00000000
    1   22
 -0.00484815   0.00000000    -0.00182847   0.00000000    -0.00054589   0.00000000
 -0.00124710   0.00000000     0.00007109  -0.00000000     0.00032710  -0.00000000
 -0.00372080   0.00000000     0.00027247  -0.00000000    -0.00504106   0.00000000
    2    1
  0.00000000   0.00000000     0.00000000   0.00000000     0.03222545   0.00000000
  0.00000000   0.00000000     0.00000000   0.00000000    -0.00930916  -0.00000000
  0.03222545   0.00000000     0.00930916   0.00000000     0.00000000   0.00000000
    2    2
  0.06220701   0.00000000    -0.01136714   0.00000000     0.00000000   0.00000000
 -0.01136714   0.00000000     0.04689572   0.00000000     0.00000000   0.00000000
  0.00000000   0.00000000     0.00000000   0.00000000     0.14714384   0.00000000
    2    3
 -0.01159615   0.00000000     0.00335315  -0.00000000     0.00102566  -0.00000000
  0.00837765  -0.00000000    -0.00189312   0.00000000     0.00032557  -0.00000000
  0.00043026  -0.00000000    -0.00135760   0.00000000     0.00818127  -0.00000000
    2    4
  0.01159615  -0.00000000    -0.00335315   0.00000000     0.00102566  -0.00000000
 -0.00837765   0.00000000     0.00189312  -0.00000000     0.00032557  -0.00000000
  0.00043026  -0.00000000    -0.00135760   0.00000000    -0.00818127   0.00000000
    2    5
  0.00035181   0.00000000    -0.00092680  -0.00000000     0.01330165   0.00000000
  0.00014762   0.00000000    -0.00074600  -0.00000000     0.02527385   0.00000000
  0.00791659   0.00000000     0.02851913   0.00000000    -0.00033119  -0.00000000
    2    6
 -0.00035181  -0.00000000     0.00092680   0.00000000     0.01330165   0.00000000
 -0.00014762  -0.00000000     0.00074600   0.00000000     0.02527385   0.00000000
  0.00791659   0.00000000     0.02851913   0.00000000     0.00033119   0.00000000
    2    7
  0.00209296   0.00000000    -0.00122644  -0.00000000     0.00024333   0.00000000
 -0.00326174  -0.00000000     0.00073898   0.00000000     0.00024095   0.00000000
 -0.00018832  -0.00000000    -0.00003373  -0.00000000    -0.00408639  -0.00000000
    2    8
 -0.00209296   0.00000000     0.00122644  -0.00000000     0.00024333  -0.00000000
  0.00326174  -0.00000000    -0.00073898   0.00000000     0.00024095  -0.00000000
 -0.00018832   0.00000000    -0.00003373   0.00000000     0.00408639  -0.00000000
    2    9
 -0.00002705   0.00000000     0.00004933  -0.00000000     0.00682333  -0.00000000
 -0.00003546   0.00000000    -0.00002315   0.00000000    -0.00497140   0.00000000
  0.00145616  -0.00000000    -0.00444144   0.00000000     0.00057638  -0.00000000
    2   10
  0.00002705  -0.00000000    -0.00004933   0.00000000     0.00682333  -0.00000000
  0.00003546  -0.00000000     0.00002315  -0.00000000    -0.00497140   0.00000000
  0.00145616  -0.00000000    -0.00444144   0.00000000    -0.00057638   0.00000000
    2   11
  0.00024308   0.00000000    -0.00478066  -0.00000000    -0.00015124  -0.00000000
 -0.00333590  -0.00000000     0.00136942   0.00000000     0.00003749   0.00000000
 -0.00011580  -0.00000000    -0.00001184  -0.00000000    -0.00134323  -0.00000000
    2   12
 -0.00024308   0.00000000     0.00478066  -0.00000000    -0.00015124   0.00000000
  0.00333590  -0.00000000    -0.00136942   0.00000000     0.00003749  -0.00000000
 -0.00011580   0.00000000    -0.00001184   0.00000000     0.00134323  -0.00000000
    2   13
 -0.00011483   0.00000000    -0.00009535   0.00000000     0.00314835  -0.00000000
  0.00023179  -0.00000000     0.00016969  -0.00000000    -0.00401013   0.00000000
 -0.00024279   0.00000000    -0.00091010   0.00000000    -0.00018181   0.00000000
    2   14
  0.00011483  -0.00000000     0.00009535  -0.00000000     0.00314835  -0.00000000
 -0.00023179   0.00000000    -0.00016969   0.00000000    -0.00401013   0.00000000
 -0.00024279   0.00000000    -0.00091010   0.00000000     0.00018181  -0.00000000
    2   15
  0.00470179   0.00000000    -0.00166732  -0.00000000     0.00051005   0.00000000
 -0.00132082  -0.00000000     0.00008155   0.00000000     0.00069723   0.00000000
  0.00368069   0.00000000     0.00083048   0.00000000     0.00539562   0.00000000
    2   16
 -0.00470179  -0.00000000     0.00166732   0.00000000     0.00051005   0.00000000
  0.00132082   0.00000000    -0.00008155  -0.00000000     0.00069723   0.00000000
  0.00368069   0.00000000     0.00083048   0.00000000    -0.00539562  -0.00000000
    2   17
  0.00123995  -0.00000000    -0.00159782   0.00000000    -0.00275446   0.00000000
 -0.00036272   0.00000000    -0.00160017   0.00000000    -0.00324375   0.00000000
 -0.00374424   0.00000000    -0.00740274   0.00000000    -0.00293957   0.00000000
    2   18
 -0.00123995   0.00000000     0.00159782  -0.00000000    -0.00275446   0.00000000
  0.00036272  -0.00000000     0.00160017  -0.00000000    -0.00324375   0.00000000
 -0.00374424   0.00000000    -0.00740274   0.00000000     0.00293957  -0.00000000
    2   19
  0.00484815  -0.00000000    -0.00182847   0.00000000     0.00054589  -0.00000000
 -0.00124710   0.00000000    -0.00007109   0.00000000     0.00032710  -0.00000000
  0.00372080  -0.00000000     0.00027247  -0.00000000     0.00504106  -0.00000000
    2   20
 -0.00484815  -0.00000000     0.00182847   0.00000000     0.00054589   0.00000000
  0.00124710   0.00000000     0.00007109   0.00000000     0.00032710   0.00000000
  0.00372080   0.00000000     0.00027247   0.00000000    -0.00504106  -0.00000000
    2   21
  0.00126949   0.00000000    -0.00147486  -0.00000000    -0.00240658  -0.00000000
 -0.00040640  -0.00000000    -0.00145484  -0.00000000    -0.00335073  -0.00000000
 -0.00328181  -0.00000000    -0.00804991  -0.00000000    -0.00297883  -0.00000000
    2   22
 -0.00126949  -0.00000000     0.00147486   0.00000000    -0.00240658  -0.00000000
  0.00040640   0.00000000     0.00145484   0.00000000    -0.00335073  -0.00000000
 -0.00328181  -0.00000000    -0.00804991  -0.00000000     0.00297883   0.00000000
    3    1
 -0.00035181  -0.00000000     0.00014762   0.00000000     0.00791659   0.00000000
 -0.00092680  -0.00000000     0.00074600   0.00000000    -0.02851913  -0.00000000
  0.01330165   0.00000000    -0.02527385  -0.00000000     0.00033119   0.00000000
    3    2
 -0.01159615  -0.00000000     0.00837765   0.00000000     0.00043026   0.00000000
  0.00335315   0.00000000    -0.00189312  -0.00000000    -0.00135760  -0.00000000
  0.00102566   0.00000000     0.00032557   0.00000000     0.00818127   0.00000000
    3    3
  0.59623978   0.00000000    -0.02017302   0.00000000     0.00003953   0.00000000
 -0.02017302   0.00000000     0.59610237   0.00000000    -0.00027960   0.00000000
  0.00003953   0.00000000    -0.00027960   0.00000000     0.64401896   0.00000000
    3    4
  0.00231885  -0.00000000     0.00004785  -0.00000000     0.00015285  -0.00000000
  0.00004785  -0.00000000    -0.00040392   0.00000000     0.00047175  -0.00000000
 -0.00015285   0.00000000    -0.00047175   0.00000000     0.00214467  -0.00000000
    3    5
  0.00000000   0.00000000    -0.00018797  -0.00000000     0.00067980   0.00000000
 -0.00018797  -0.00000000     0.00000000   0.00000000     0.00154396   0.00000000
  0.00067980   0.00000000    -0.00154396  -0.00000000    -0.00000000  -0.00000000
    3    6
  0.00008832   0.00000000     0.00036147   0.00000000     0.00006028   0.00000000
 -0.00036147  -0.00000000    -0.00037824  -0.00000000    -0.00018565  -0.00000000
  0.00006028   0.00000000     0.00018565   0.00000000     0.00054750   0.00000000
    3    7
 -0.32817597  -0.00000000     0.06713460   0.00000000    -0.00003413  -0.00000000
  0.06270277   0.00000000    -0.06120576  -0.00000000    -0.00018346  -0.00000000
 -0.00010129  -0.00000000     0.00012406   0.00000000    -0.04850497  -0.00000000
    3    8
 -0.00096019   0.00000000    -0.00000019   0.00000000     0.00012053  -0.00000000
  0.00043165  -0.00000000    -0.00078025   0.00000000    -0.00004184   0.00000000
 -0.00003132   0.00000000    -0.00009453   0.00000000     0.00065411  -0.00000000
    3    9
 -0.00001117   0.00000000    -0.00008882   0.00000000    -0.00060945   0.00000000
 -0.00000238   0.00000000     0.00001922  -0.00000000    -0.00087960   0.00000000
 -0.00286451   0.00000000    -0.00086231   0.00000000     0.00012086  -0.00000000
    3   10
  0.00003972  -0.00000000    -0.00007409   0.00000000    -0.00025847   0.00000000
 -0.00002968   0.00000000     0.00006382  -0.00000000    -0.00033102   0.00000000
 -0.00009487   0.00000000     0.00112349  -0.00000000    -0.00001502   0.00000000
    3   11
 -0.13774982  -0.00000000    -0.12814625  -0.00000000     0.00007479   0.00000000
 -0.12632241  -0.00000000    -0.24186281  -0.00000000    -0.00017180  -0.00000000
 -0.00003952  -0.00000000    -0.00007944  -0.00000000    -0.05350791  -0.00000000
    3   12
 -0.00090693  -0.00000000    -0.00102398  -0.00000000    -0.00001327  -0.00000000
 -0.00036302  -0.00000000    -0.00135451  -0.00000000     0.00005910   0.00000000
 -0.00001215  -0.00000000     0.00017881   0.00000000    -0.00006246  -0.00000000
    3   13
  0.00007291  -0.00000000    -0.00005965   0.00000000     0.00025270  -0.00000000
 -0.00018447   0.00000000    -0.00006306   0.00000000    -0.00061675   0.00000000
  0.00000079  -0.00000000     0.00048322  -0.00000000    -0.00004278   0.00000000
    3   14
  0.00004070  -0.00000000    -0.00006574   0.00000000     0.00007748  -0.00000000
 -0.00005020   0.00000000    -0.00003964   0.00000000     0.00199561  -0.00000000
 -0.00031592   0.00000000    -0.00031721   0.00000000     0.00001466  -0.00000000
    3   15
  0.05692845   0.00000000    -0.03304585  -0.00000000    -0.04439187  -0.00000000
 -0.03383857  -0.00000000     0.13611928   0.00000000     0.13277363   0.00000000
 -0.04476808  -0.00000000     0.13209387   0.00000000     0.25568012   0.00000000
    3   16
  0.00048478   0.00000000     0.00065212   0.00000000    -0.00008203  -0.00000000
  0.00033263   0.00000000     0.00061453   0.00000000     0.00019412   0.00000000
  0.00017618   0.00000000     0.00019144   0.00000000    -0.00040800  -0.00000000
    3   17
  0.00084445  -0.00000000    -0.00010946   0.00000000    -0.00008694   0.00000000
 -0.00018323   0.00000000     0.00023242  -0.00000000     0.00044361  -0.00000000
  0.00054804  -0.00000000     0.00045648  -0.00000000     0.00026340  -0.00000000
    3   18
  0.00044510  -0.00000000     0.00067616  -0.00000000    -0.00030130   0.00000000
  0.00025049  -0.00000000     0.00055416  -0.00000000     0.00031759  -0.00000000
 -0.00026097   0.00000000    -0.00116713   0.00000000     0.00060326  -0.00000000
    3   19
 -0.00050981   0.00000000    -0.00066785   0.00000000    -0.00014873   0.00000000
 -0.00023532   0.00000000    -0.00056089   0.00000000     0.00032407  -0.00000000
  0.00007132  -0.00000000    -0.00000561   0.00000000     0.00057750  -0.00000000
    3   20
 -0.05697211  -0.00000000     0.03310788   0.00000000    -0.04433539  -0.00000000
  0.03362875   0.00000000    -0.13630060  -0.00000000     0.13264819   0.00000000
 -0.04468072  -0.00000000     0.13209361   0.00000000    -0.25537951  -0.00000000
    3   21
 -0.00051075  -0.00000000    -0.00050474  -0.00000000    -0.00039800  -0.00000000
 -0.00037664  -0.00000000    -0.00067519  -0.00000000     0.00025981   0.00000000
 -0.00016640  -0.00000000    -0.00122902  -0.00000000    -0.00061261  -0.00000000
    3   22
 -0.00083745  -0.00000000     0.00016962   0.00000000    -0.00000365  -0.00000000
  0.00008403   0.00000000    -0.00022830  -0.00000000     0.00058420   0.00000000
  0.00043011   0.00000000     0.00032510   0.00000000    -0.00015438  -0.00000000
    4    1
 -0.00035181  -0.00000000     0.00014762   0.00000000    -0.00791659  -0.00000000
 -0.00092680  -0.00000000     0.00074600   0.00000000     0.02851913   0.00000000
 -0.01330165  -0.00000000     0.02527385   0.00000000     0.00033119   0.00000000
    4    2
  0.01159615   0.00000000    -0.00837765  -0.00000000     0.00043026   0.00000000
 -0.00335315  -0.00000000     0.00189312   0.00000000    -0.00135760  -0.00000000
  0.00102566   0.00000000     0.00032557   0.00000000    -0.00818127  -0.00000000
    4    3
  0.00231885   0.00000000     0.00004785   0.00000000    -0.00015285  -0.00000000
  0.00004785   0.00000000    -0.00040392  -0.00000000    -0.00047175  -0.00000000
  0.00015285   0.00000000     0.00047175   0.00000000     0.00214467   0.00000000
    4    4
  0.59623978   0.00000000    -0.02017302   0.00000000    -0.00003953   0.00000000
 -0.02017302   0.00000000     0.59610237   0.00000000     0.00027960   0.00000000
 -0.00003953   0.00000000     0.00027960   0.00000000     0.64401896   0.00000000
    4    5
  0.00008832   0.00000000     0.00036147   0.00000000    -0.00006028  -0.00000000
 -0.00036147  -0.00000000    -0.00037824  -0.00000000     0.00018565   0.00000000
 -0.00006028  -0.00000000    -0.00018565  -0.00000000     0.00054750   0.00000000
    4    6
  0.00000000  -0.00000000    -0.00018797  -0.00000000    -0.00067980  -0.00000000
 -0.00018797  -0.00000000     0.00000000  -0.00000000    -0.00154396  -0.00000000
 -0.00067980  -0.00000000     0.00154396   0.00000000    -0.00000000   0.00000000
    4    7
 -0.00096019  -0.00000000    -0.00000019  -0.00000000    -0.00012053  -0.00000000
  0.00043165   0.00000000    -0.00078025  -0.00000000     0.00004184   0.00000000
  0.00003132   0.00000000     0.00009453   0.00000000     0.00065411   0.00000000
    4    8
 -0.32817597  -0.00000000     0.06713460   0.00000000     0.00003413   0.00000000
  0.06270277   0.00000000    -0.06120576  -0.00000000     0.00018346   0.00000000
  0.00010129   0.00000000    -0.00012406  -0.00000000    -0.04850497  -0.00000000
    4    9
  0.00003972  -0.00000000    -0.00007409   0.00000000     0.00025847  -0.00000000
 -0.00002968   0.00000000     0.00006382  -0.00000000     0.00033102  -0.00000000
  0.00009487  -0.00000000    -0.00112349   0.00000000    -0.00001502   0.00000000
    4   10
 -0.00001117  -0.00000000    -0.00008882  -0.00000000     0.00060945   0.00000000
 -0.00000238  -0.00000000     0.00001922   0.00000000     0.00087960   0.00000000
  0.00286451   0.00000000     0.00086231   0.00000000     0.00012086   0.00000000
    4   11
 -0.00090693  -0.00000000    -0.00102398  -0.00000000     0.00001327   0.00000000
 -0.00036302  -0.00000000    -0.00135451  -0.00000000    -0.00005910  -0.00000000
  0.00001215   0.00000000    -0.00017881  -0.00000000    -0.00006246  -0.00000000
    4   12
 -0.13774982  -0.00000000    -0.12814625  -0.00000000    -0.00007479  -0.00000000
 -0.12632241  -0.00000000    -0.24186281  -0.00000000     0.00017180   0.00000000
  0.00003952   0.00000000     0.00007944   0.00000000    -0.05350791  -0.00000000
    4   13
  0.00004070   0.00000000    -0.00006574  -0.00000000    -0.00007748  -0.00000000
 -0.00005020  -0.00000000    -0.00003964  -0.00000000    -0.00199561  -0.00000000
  0.00031592   0.00000000     0.00031721   0.00000000     0.00001466   0.00000000
    4   14
  0.00007291   0.00000000    -0.00005965  -0.00000000    -0.00025270  -0.00000000
 -0.00018447  -0.00000000    -0.00006306  -0.00000000     0.00061675   0.00000000
 -0.00000079  -0.00000000    -0.00048322  -0.00000000    -0.00004278  -0.00000000
    4   15
  0.00048478   0.00000000     0.00065212   0.00000000     0.00008203   0.00000000
  0.00033263   0.00000000     0.00061453   0.00000000    -0.00019412  -0.00000000
 -0.00017618  -0.00000000    -0.00019144  -0.00000000    -0.00040800  -0.00000000
    4   16
  0.05692845   0.00000000    -0.03304585  -0.00000000     0.04439187   0.00000000
 -0.03383857  -0.00000000     0.13611928   0.00000000    -0.13277363  -0.00000000
  0.04476808   0.00000000    -0.13209387  -0.00000000     0.25568012   0.00000000
    4   17
  0.00044510   0.00000000     0.00067616   0.00000000     0.00030130   0.00000000
  0.00025049   0.00000000     0.00055416   0.00000000    -0.00031759  -0.00000000
  0.00026097   0.00000000     0.00116713   0.00000000     0.00060326   0.00000000
    4   18
  0.00084445  -0.00000000    -0.00010946   0.00000000     0.00008694  -0.00000000
 -0.00018323   0.00000000     0.00023242  -0.00000000    -0.00044361   0.00000000
 -0.00054804   0.00000000    -0.00045648   0.00000000     0.00026340  -0.00000000
    4   19
 -0.05697211   0.00000000     0.03310788  -0.00000000     0.04433539  -0.00000000
  0.03362875  -0.00000000    -0.13630060   0.00000000    -0.13264819   0.00000000
  0.04468072  -0.00000000    -0.13209361   0.00000000    -0.25537951   0.00000000
    4   20
 -0.00050981  -0.00000000    -0.00066785  -0.00000000     0.00014873   0.00000000
 -0.00023532  -0.00000000    -0.00056089  -0.00000000    -0.00032407  -0.00000000
 -0.00007132  -0.00000000     0.00000561   0.00000000     0.00057750   0.00000000
    4   21
 -0.00083745  -0.00000000     0.00016962   0.00000000     0.00000365   0.00000000
  0.00008403   0.00000000    -0.00022830  -0.00000000    -0.00058420  -0.00000000
 -0.00043011  -0.00000000    -0.00032510  -0.00000000    -0.00015438  -0.00000000
    4   22
 -0.00051075  -0.00000000    -0.00050474  -0.00000000     0.00039800   0.00000000
 -0.00037664  -0.00000000    -0.00067519  -0.00000000    -0.00025981  -0.00000000
  0.00016640   0.00000000     0.00122902   0.00000000    -0.00061261  -0.00000000
    5    1
 -0.01159615   0.00000000    -0.00837765   0.00000000    -0.00043026   0.00000000
 -0.00335315   0.00000000    -0.00189312   0.00000000    -0.00135760   0.00000000
 -0.00102566   0.00000000     0.00032557  -0.00000000     0.00818127  -0.00000000
    5    2
  0.00035181  -0.00000000     0.00014762  -0.00000000     0.00791659  -0.00000000
 -0.00092680   0.00000000    -0.00074600   0.00000000     0.02851913  -0.00000000
  0.01330165  -0.00000000     0.02527385  -0.00000000    -0.00033119   0.00000000
    5    3
 -0.00000000  -0.00000000    -0.00018797   0.00000000     0.00067980  -0.00000000
 -0.00018797   0.00000000    -0.00000000  -0.00000000    -0.00154396   0.00000000
  0.00067980  -0.00000000     0.00154396  -0.00000000     0.00000000   0.00000000
    5    4
  0.00008832  -0.00000000    -0.00036147   0.00000000    -0.00006028   0.00000000
  0.00036147  -0.00000000    -0.00037824   0.00000000    -0.00018565   0.00000000
 -0.00006028   0.00000000     0.00018565  -0.00000000     0.00054750  -0.00000000
    5    5
  0.59623978   0.00000000     0.02017302   0.00000000    -0.00003953   0.00000000
  0.02017302   0.00000000     0.59610237   0.00000000    -0.00027960   0.00000000
 -0.00003953   0.00000000    -0.00027960   0.00000000     0.64401896   0.00000000
    5    6
 -0.00231885  -0.00000000     0.00004785   0.00000000     0.00015285   0.00000000
  0.00004785   0.00000000     0.00040392   0.00000000    -0.00047175  -0.00000000
 -0.00015285  -0.00000000     0.00047175   0.00000000    -0.00214467  -0.00000000
    5    7
 -0.00001117   0.00000000     0.00008882  -0.00000000     0.00060945  -0.00000000
  0.00000238  -0.00000000     0.00001922  -0.00000000    -0.00087960   0.00000000
  0.00286451  -0.00000000    -0.00086231   0.00000000     0.00012086  -0.00000000
    5    8
 -0.00003972   0.00000000    -0.00007409   0.00000000    -0.00025847   0.00000000
 -0.00002968   0.00000000    -0.00006382   0.00000000     0.00033102  -0.00000000
 -0.00009487   0.00000000    -0.00112349   0.00000000     0.00001502  -0.00000000
    5    9
  0.32817597  -0.00000000     0.06713460  -0.00000000    -0.00003413   0.00000000
  0.06270277  -0.00000000     0.06120576  -0.00000000     0.00018346  -0.00000000
 -0.00010129   0.00000000    -0.00012406   0.00000000     0.04850497  -0.00000000
    5   10
 -0.00096019   0.00000000     0.00000019  -0.00000000    -0.00012053   0.00000000
 -0.00043165   0.00000000    -0.00078025   0.00000000    -0.00004184   0.00000000
  0.00003132  -0.00000000    -0.00009453   0.00000000     0.00065411  -0.00000000
    5   11
 -0.00007291   0.00000000    -0.00005965   0.00000000     0.00025270  -0.00000000
 -0.00018447   0.00000000     0.00006306  -0.00000000     0.00061675  -0.00000000
  0.00000079  -0.00000000    -0.00048322   0.00000000     0.00004278  -0.00000000
    5   12
  0.00004070  -0.00000000     0.00006574  -0.00000000    -0.00007748   0.00000000
  0.00005020  -0.00000000    -0.00003964   0.00000000     0.00199561  -0.00000000
  0.00031592  -0.00000000    -0.00031721   0.00000000     0.00001466  -0.00000000
    5   13
 -0.13774982   0.00000000     0.12814625  -0.00000000    -0.00007479   0.00000000
  0.12632241  -0.00000000    -0.24186281   0.00000000    -0.00017180   0.00000000
  0.00003952  -0.00000000    -0.00007944   0.00000000    -0.05350791   0.00000000
    5   14
  0.00090693  -0.00000000    -0.00102398   0.00000000    -0.00001327   0.00000000
 -0.00036302   0.00000000     0.00135451  -0.00000000    -0.00005910   0.00000000
 -0.00001215   0.00000000    -0.00017881   0.00000000     0.00006246  -0.00000000
    5   15
  0.00084445   0.00000000     0.00010946   0.00000000     0.00008694   0.00000000
  0.00018323   0.00000000     0.00023242   0.00000000     0.00044361   0.00000000
 -0.00054804  -0.00000000     0.00045648   0.00000000     0.00026340   0.00000000
    5   16
 -0.00044510  -0.00000000     0.00067616   0.00000000    -0.00030130  -0.00000000
  0.00025049   0.00000000    -0.00055416  -0.00000000    -0.00031759  -0.00000000
 -0.00026097  -0.00000000     0.00116713   0.00000000    -0.00060326  -0.00000000
    5   17
 -0.05692845   0.00000000    -0.03304585   0.00000000    -0.04439187   0.00000000
 -0.03383857   0.00000000    -0.13611928   0.00000000    -0.13277363   0.00000000
 -0.04476808   0.00000000    -0.13209387   0.00000000    -0.25568012   0.00000000
    5   18
  0.00048478  -0.00000000    -0.00065212   0.00000000     0.00008203  -0.00000000
 -0.00033263   0.00000000     0.00061453  -0.00000000     0.00019412  -0.00000000
 -0.00017618   0.00000000     0.00019144  -0.00000000    -0.00040800   0.00000000
    5   19
 -0.00051075   0.00000000     0.00050474  -0.00000000     0.00039800  -0.00000000
  0.00037664  -0.00000000    -0.00067519   0.00000000     0.00025981  -0.00000000
  0.00016640  -0.00000000    -0.00122902   0.00000000    -0.00061261   0.00000000
    5   20
  0.00083745  -0.00000000     0.00016962  -0.00000000    -0.00000365   0.00000000
  0.00008403  -0.00000000     0.00022830  -0.00000000    -0.00058420   0.00000000
  0.00043011  -0.00000000    -0.00032510   0.00000000     0.00015438  -0.00000000
    5   21
  0.00050981   0.00000000    -0.00066785  -0.00000000    -0.00014873  -0.00000000
 -0.00023532  -0.00000000     0.00056089   0.00000000    -0.00032407  -0.00000000
  0.00007132   0.00000000     0.00000561   0.00000000    -0.00057750  -0.00000000
    5   22
 -0.05697211   0.00000000    -0.03310788   0.00000000     0.04433539  -0.00000000
 -0.03362875   0.00000000    -0.13630060   0.00000000     0.13264819  -0.00000000
  0.04468072  -0.00000000     0.13209361  -0.00000000    -0.25537951   0.00000000
    6    1
 -0.01159615   0.00000000    -0.00837765   0.00000000     0.00043026  -0.00000000
 -0.00335315   0.00000000    -0.00189312   0.00000000     0.00135760  -0.00000000
  0.00102566  -0.00000000    -0.00032557   0.00000000     0.00818127  -0.00000000
    6    2
 -0.00035181   0.00000000    -0.00014762   0.00000000     0.00791659  -0.00000000
  0.00092680  -0.00000000     0.00074600  -0.00000000     0.02851913  -0.00000000
  0.01330165  -0.00000000     0.02527385  -0.00000000     0.00033119  -0.00000000
    6    3
  0.00008832  -0.00000000    -0.00036147   0.00000000     0.00006028  -0.00000000
  0.00036147  -0.00000000    -0.00037824   0.00000000     0.00018565  -0.00000000
  0.00006028  -0.00000000    -0.00018565   0.00000000     0.00054750  -0.00000000
    6    4
 -0.00000000   0.00000000    -0.00018797   0.00000000    -0.00067980   0.00000000
 -0.00018797   0.00000000    -0.00000000   0.00000000     0.00154396  -0.00000000
 -0.00067980   0.00000000    -0.00154396   0.00000000     0.00000000  -0.00000000
    6    5
 -0.00231885   0.00000000     0.00004785  -0.00000000    -0.00015285   0.00000000
  0.00004785  -0.00000000     0.00040392  -0.00000000     0.00047175  -0.00000000
  0.00015285  -0.00000000    -0.00047175   0.00000000    -0.00214467   0.00000000
    6    6
  0.59623978   0.00000000     0.02017302   0.00000000     0.00003953   0.00000000
  0.02017302   0.00000000     0.59610237   0.00000000     0.00027960   0.00000000
  0.00003953   0.00000000     0.00027960   0.00000000     0.64401896   0.00000000
    6    7
 -0.00003972   0.00000000    -0.00007409   0.00000000     0.00025847  -0.00000000
 -0.00002968   0.00000000    -0.00006382   0.00000000    -0.00033102   0.00000000
  0.00009487  -0.00000000     0.00112349  -0.00000000     0.00001502  -0.00000000
    6    8
 -0.00001117   0.00000000     0.00008882  -0.00000000    -0.00060945   0.00000000
  0.00000238  -0.00000000     0.00001922  -0.00000000     0.00087960  -0.00000000
 -0.00286451   0.00000000     0.00086231  -0.00000000     0.00012086  -0.00000000
    6    9
 -0.00096019   0.00000000     0.00000019  -0.00000000     0.00012053  -0.00000000
 -0.00043165   0.00000000    -0.00078025   0.00000000     0.00004184  -0.00000000
 -0.00003132   0.00000000     0.00009453  -0.00000000     0.00065411  -0.00000000
    6   10
  0.32817597  -0.00000000     0.06713460  -0.00000000     0.00003413  -0.00000000
  0.06270277  -0.00000000     0.06120576  -0.00000000    -0.00018346   0.00000000
  0.00010129  -0.00000000     0.00012406  -0.00000000     0.04850497  -0.00000000
    6   11
  0.00004070  -0.00000000     0.00006574  -0.00000000     0.00007748  -0.00000000
  0.00005020  -0.00000000    -0.00003964   0.00000000    -0.00199561   0.00000000
 -0.00031592   0.00000000     0.00031721  -0.00000000     0.00001466  -0.00000000
    6   12
 -0.00007291   0.00000000    -0.00005965   0.00000000    -0.00025270   0.00000000
 -0.00018447   0.00000000     0.00006306  -0.00000000    -0.00061675   0.00000000
 -0.00000079   0.00000000     0.00048322  -0.00000000     0.00004278  -0.00000000
    6   13
  0.00090693  -0.00000000    -0.00102398   0.00000000     0.00001327  -0.00000000
 -0.00036302   0.00000000     0.00135451  -0.00000000     0.00005910  -0.00000000
  0.00001215  -0.00000000     0.00017881  -0.00000000     0.00006246  -0.00000000
    6   14
 -0.13774982   0.00000000     0.12814625  -0.00000000     0.00007479  -0.00000000
  0.12632241  -0.00000000    -0.24186281   0.00000000     0.00017180  -0.00000000
 -0.00003952   0.00000000     0.00007944  -0.00000000    -0.05350791   0.00000000
    6   15
 -0.00044510   0.00000000     0.00067616  -0.00000000     0.00030130  -0.00000000
  0.00025049  -0.00000000    -0.00055416   0.00000000     0.00031759  -0.00000000
  0.00026097  -0.00000000    -0.00116713   0.00000000    -0.00060326   0.00000000
    6   16
  0.00084445  -0.00000000     0.00010946  -0.00000000    -0.00008694   0.00000000
  0.00018323  -0.00000000     0.00023242  -0.00000000    -0.00044361   0.00000000
  0.00054804  -0.00000000    -0.00045648   0.00000000     0.00026340  -0.00000000
    6   17
  0.00048478  -0.00000000    -0.00065212   0.00000000    -0.00008203   0.00000000
 -0.00033263   0.00000000     0.00061453  -0.00000000    -0.00019412   0.00000000
  0.00017618  -0.00000000    -0.00019144   0.00000000    -0.00040800   0.00000000
    6   18
 -0.05692845   0.00000000    -0.03304585   0.00000000     0.04439187  -0.00000000
 -0.03383857   0.00000000    -0.13611928   0.00000000     0.13277363  -0.00000000
  0.04476808  -0.00000000     0.13209387  -0.00000000    -0.25568012   0.00000000
    6   19
  0.00083745  -0.00000000     0.00016962  -0.00000000     0.00000365  -0.00000000
  0.00008403  -0.00000000     0.00022830  -0.00000000     0.00058420  -0.00000000
 -0.00043011   0.00000000     0.00032510  -0.00000000     0.00015438  -0.00000000
    6   20
 -0.00051075   0.00000000     0.00050474  -0.00000000    -0.00039800   0.00000000
  0.00037664  -0.00000000    -0.00067519   0.00000000    -0.00025981   0.00000000
 -0.00016640   0.00000000     0.00122902  -0.00000000    -0.00061261   0.00000000
    6   21
 -0.05697211  -0.00000000    -0.03310788  -0.00000000    -0.04433539  -0.00000000
 -0.03362875  -0.00000000    -0.13630060  -0.00000000    -0.13264819  -0.00000000
 -0.04468072  -0.00000000    -0.13209361  -0.00000000    -0.25537951  -0.00000000
    6   22
  0.00050981  -0.00000000    -0.00066785   0.00000000     0.00014873  -0.00000000
 -0.00023532   0.00000000     0.00056089  -0.00000000     0.00032407  -0.00000000
 -0.00007132   0.00000000    -0.00000561   0.00000000    -0.00057750   0.00000000
    7    1
 -0.00002705  -0.00000000     0.00003546   0.00000000    -0.00145616  -0.00000000
 -0.00004933  -0.00000000    -0.00002315  -0.00000000    -0.00444144  -0.00000000
 -0.00682333  -0.00000000    -0.00497140  -0.00000000     0.00057638   0.00000000
    7    2
  0.00209296  -0.00000000    -0.00326174   0.00000000    -0.00018832   0.00000000
 -0.00122644   0.00000000     0.00073898  -0.00000000    -0.00003373   0.00000000
  0.00024333  -0.00000000     0.00024095  -0.00000000    -0.00408639   0.00000000
    7    3
 -0.32817597   0.00000000     0.06270277  -0.00000000    -0.00010129   0.00000000
  0.06713460  -0.00000000    -0.06120576   0.00000000     0.00012406  -0.00000000
 -0.00003413   0.00000000    -0.00018346   0.00000000    -0.04850497   0.00000000
    7    4
 -0.00096019   0.00000000     0.00043165  -0.00000000     0.00003132  -0.00000000
 -0.00000019   0.00000000    -0.00078025   0.00000000     0.00009453  -0.00000000
 -0.00012053   0.00000000     0.00004184  -0.00000000     0.00065411  -0.00000000
    7    5
 -0.00001117  -0.00000000     0.00000238   0.00000000     0.00286451   0.00000000
  0.00008882   0.00000000     0.00001922   0.00000000    -0.00086231  -0.00000000
  0.00060945   0.00000000    -0.00087960  -0.00000000     0.00012086   0.00000000
    7    6
 -0.00003972  -0.00000000    -0.00002968  -0.00000000     0.00009487   0.00000000
 -0.00007409  -0.00000000    -0.00006382  -0.00000000     0.00112349   0.00000000
  0.00025847   0.00000000    -0.00033102  -0.00000000     0.00001502   0.00000000
    7    7
  0.37063704   0.00000000    -0.07311660   0.00000000     0.00009274   0.00000000
 -0.07311660   0.00000000     0.07439966   0.00000000    -0.00004813   0.00000000
  0.00009274   0.00000000    -0.00004813   0.00000000     0.06383924   0.00000000
    7    8
  0.00043714  -0.00000000    -0.00048579   0.00000000     0.00004251  -0.00000000
 -0.00048579   0.00000000     0.00065318  -0.00000000    -0.00005912   0.00000000
 -0.00004251   0.00000000     0.00005912  -0.00000000     0.00035552  -0.00000000
    7    9
 -0.00000000   0.00000000     0.00002066  -0.00000000    -0.00160504   0.00000000
  0.00002066  -0.00000000    -0.00000000   0.00000000     0.00030178  -0.00000000
 -0.00160504   0.00000000    -0.00030178   0.00000000    -0.00000000   0.00000000
    7   10
  0.00000645  -0.00000000     0.00001318  -0.00000000     0.00022503  -0.00000000
 -0.00001318   0.00000000    -0.00000164   0.00000000    -0.00003018   0.00000000
  0.00022503  -0.00000000     0.00003018  -0.00000000     0.00013082  -0.00000000
    7   11
 -0.01985502   0.00000000     0.00503695  -0.00000000     0.00001292  -0.00000000
 -0.02950080   0.00000000     0.00627685  -0.00000000     0.00000195  -0.00000000
 -0.00003638   0.00000000    -0.00012267   0.00000000    -0.00206668   0.00000000
    7   12
  0.00034370  -0.00000000     0.00077522  -0.00000000    -0.00001050   0.00000000
  0.00046685  -0.00000000    -0.00073667   0.00000000    -0.00000147   0.00000000
 -0.00000334   0.00000000     0.00014290  -0.00000000     0.00001804  -0.00000000
    7   13
 -0.00000372   0.00000000    -0.00003742   0.00000000     0.00011722  -0.00000000
  0.00000138  -0.00000000    -0.00002920   0.00000000     0.00036604  -0.00000000
  0.00081782  -0.00000000     0.00031292  -0.00000000    -0.00000878   0.00000000
    7   14
 -0.00002414   0.00000000    -0.00007222   0.00000000    -0.00046701   0.00000000
  0.00000927  -0.00000000     0.00003036  -0.00000000    -0.00027090   0.00000000
 -0.00025543   0.00000000    -0.00002782   0.00000000    -0.00001521   0.00000000
    7   15
  0.00611664  -0.00000000    -0.00131554   0.00000000    -0.00060688   0.00000000
 -0.01966648   0.00000000     0.00540371  -0.00000000    -0.00059780   0.00000000
 -0.02950048   0.00000000     0.00635732  -0.00000000    -0.00103742   0.00000000
    7   16
 -0.00038729  -0.00000000    -0.00046960  -0.00000000    -0.00004741  -0.00000000
  0.00037620   0.00000000     0.00002145   0.00000000     0.00013704   0.00000000
 -0.00021092  -0.00000000    -0.00002052  -0.00000000    -0.00018857  -0.00000000
    7   17
  0.00080446  -0.00000000     0.00007070  -0.00000000     0.00189104  -0.00000000
  0.00016547  -0.00000000    -0.00001628   0.00000000    -0.00011137   0.00000000
  0.00087549  -0.00000000    -0.00008108   0.00000000     0.00018938  -0.00000000
    7   18
  0.00003225  -0.00000000     0.00023301  -0.00000000    -0.00055724   0.00000000
  0.00019384  -0.00000000     0.00006579  -0.00000000    -0.00009730   0.00000000
 -0.00023658   0.00000000    -0.00004610   0.00000000     0.00007177  -0.00000000
    7   19
  0.00031382  -0.00000000     0.00050288  -0.00000000    -0.00012182   0.00000000
 -0.00029495   0.00000000     0.00001457  -0.00000000     0.00018891  -0.00000000
 -0.00022899   0.00000000    -0.00012597   0.00000000     0.00012444  -0.00000000
    7   20
 -0.00610412  -0.00000000     0.00133760   0.00000000    -0.00063295  -0.00000000
  0.01958685   0.00000000    -0.00543684  -0.00000000    -0.00056446  -0.00000000
 -0.02951965  -0.00000000     0.00641134   0.00000000     0.00095174   0.00000000
    7   21
 -0.00000399  -0.00000000    -0.00020006  -0.00000000    -0.00057118  -0.00000000
 -0.00023895  -0.00000000    -0.00011656  -0.00000000    -0.00011374  -0.00000000
 -0.00024161  -0.00000000    -0.00002198  -0.00000000    -0.00005217  -0.00000000
    7   22
 -0.00082314  -0.00000000     0.00001111   0.00000000     0.00182654   0.00000000
 -0.00011700  -0.00000000     0.00004255   0.00000000    -0.00011310  -0.00000000
  0.00082732   0.00000000    -0.00008402  -0.00000000    -0.00013914  -0.00000000
    8    1
 -0.00002705  -0.00000000     0.00003546   0.00000000     0.00145616   0.00000000
 -0.00004933  -0.00000000    -0.00002315  -0.00000000     0.00444144   0.00000000
  0.00682333   0.00000000     0.00497140   0.00000000     0.00057638   0.00000000
    8    2
 -0.00209296  -0.00000000     0.00326174   0.00000000    -0.00018832  -0.00000000
  0.00122644   0.00000000    -0.00073898  -0.00000000    -0.00003373  -0.00000000
  0.00024333   0.00000000     0.00024095   0.00000000     0.00408639   0.00000000
    8    3
 -0.00096019  -0.00000000     0.00043165   0.00000000    -0.00003132  -0.00000000
 -0.00000019  -0.00000000    -0.00078025  -0.00000000    -0.00009453  -0.00000000
  0.00012053   0.00000000    -0.00004184  -0.00000000     0.00065411   0.00000000
    8    4
 -0.32817597   0.00000000     0.06270277  -0.00000000     0.00010129  -0.00000000
  0.06713460  -0.00000000    -0.06120576   0.00000000    -0.00012406   0.00000000
  0.00003413  -0.00000000     0.00018346  -0.00000000    -0.04850497   0.00000000
    8    5
 -0.00003972  -0.00000000    -0.00002968  -0.00000000    -0.00009487  -0.00000000
 -0.00007409  -0.00000000    -0.00006382  -0.00000000    -0.00112349  -0.00000000
 -0.00025847  -0.00000000     0.00033102   0.00000000     0.00001502   0.00000000
    8    6
 -0.00001117  -0.00000000     0.00000238   0.00000000    -0.00286451  -0.00000000
  0.00008882   0.00000000     0.00001922   0.00000000     0.00086231   0.00000000
 -0.00060945  -0.00000000     0.00087960   0.00000000     0.00012086   0.00000000
    8    7
  0.00043714   0.00000000    -0.00048579  -0.00000000    -0.00004251  -0.00000000
 -0.00048579  -0.00000000     0.00065318   0.00000000     0.00005912   0.00000000
  0.00004251   0.00000000    -0.00005912  -0.00000000     0.00035552   0.00000000
    8    8
  0.37063704   0.00000000    -0.07311660   0.00000000    -0.00009274   0.00000000
 -0.07311660   0.00000000     0.07439966   0.00000000     0.00004813   0.00000000
 -0.00009274   0.00000000     0.00004813   0.00000000     0.06383924   0.00000000
    8    9
  0.00000645  -0.00000000     0.00001318  -0.00000000    -0.00022503   0.00000000
 -0.00001318   0.00000000    -0.00000164   0.00000000     0.00003018  -0.00000000
 -0.00022503   0.00000000    -0.00003018   0.00000000     0.00013082  -0.00000000
    8   10
 -0.00000000   0.00000000     0.00002066  -0.00000000     0.00160504  -0.00000000
  0.00002066  -0.00000000    -0.00000000   0.00000000    -0.00030178   0.00000000
  0.00160504  -0.00000000     0.00030178  -0.00000000    -0.00000000   0.00000000
    8   11
  0.00034370   0.00000000     0.00077522   0.00000000     0.00001050   0.00000000
  0.00046685   0.00000000    -0.00073667  -0.00000000     0.00000147   0.00000000
  0.00000334   0.00000000    -0.00014290  -0.00000000     0.00001804   0.00000000
    8   12
 -0.01985502  -0.00000000     0.00503695   0.00000000    -0.00001292  -0.00000000
 -0.02950080  -0.00000000     0.00627685   0.00000000    -0.00000195  -0.00000000
  0.00003638   0.00000000     0.00012267   0.00000000    -0.00206668  -0.00000000
    8   13
 -0.00002414   0.00000000    -0.00007222   0.00000000     0.00046701  -0.00000000
  0.00000927  -0.00000000     0.00003036  -0.00000000     0.00027090  -0.00000000
  0.00025543  -0.00000000     0.00002782  -0.00000000    -0.00001521   0.00000000
    8   14
 -0.00000372  -0.00000000    -0.00003742  -0.00000000    -0.00011722  -0.00000000
  0.00000138   0.00000000    -0.00002920  -0.00000000    -0.00036604  -0.00000000
 -0.00081782  -0.00000000    -0.00031292  -0.00000000    -0.00000878  -0.00000000
    8   15
 -0.00038729  -0.00000000    -0.00046960  -0.00000000     0.00004741   0.00000000
  0.00037620   0.00000000     0.00002145   0.00000000    -0.00013704  -0.00000000
  0.00021092   0.00000000     0.00002052   0.00000000    -0.00018857  -0.00000000
    8   16
  0.00611664   0.00000000    -0.00131554  -0.00000000     0.00060688   0.00000000
 -0.01966648  -0.00000000     0.00540371   0.00000000     0.00059780   0.00000000
  0.02950048   0.00000000    -0.00635732  -0.00000000    -0.00103742  -0.00000000
    8   17
  0.00003225  -0.00000000     0.00023301  -0.00000000     0.00055724  -0.00000000
  0.00019384  -0.00000000     0.00006579  -0.00000000     0.00009730  -0.00000000
  0.00023658  -0.00000000     0.00004610  -0.00000000     0.00007177  -0.00000000
    8   18
  0.00080446  -0.00000000     0.00007070  -0.00000000    -0.00189104   0.00000000
  0.00016547  -0.00000000    -0.00001628   0.00000000     0.00011137  -0.00000000
 -0.00087549   0.00000000     0.00008108  -0.00000000     0.00018938  -0.00000000
    8   19
 -0.00610412   0.00000000     0.00133760  -0.00000000     0.00063295  -0.00000000
  0.01958685  -0.00000000    -0.00543684   0.00000000     0.00056446  -0.00000000
  0.02951965  -0.00000000    -0.00641134   0.00000000     0.00095174  -0.00000000
    8   20
  0.00031382   0.00000000     0.00050288   0.00000000     0.00012182   0.00000000
 -0.00029495  -0.00000000     0.00001457   0.00000000    -0.00018891  -0.00000000
  0.00022899   0.00000000     0.00012597   0.00000000     0.00012444   0.00000000
    8   21
 -0.00082314  -0.00000000     0.00001111   0.00000000    -0.00182654  -0.00000000
 -0.00011700  -0.00000000     0.00004255   0.00000000     0.00011310   0.00000000
 -0.00082732  -0.00000000     0.00008402   0.00000000    -0.00013914  -0.00000000
    8   22
 -0.00000399  -0.00000000    -0.00020006  -0.00000000     0.00057118   0.00000000
 -0.00023895  -0.00000000    -0.00011656  -0.00000000     0.00011374   0.00000000
  0.00024161   0.00000000     0.00002198   0.00000000    -0.00005217  -0.00000000
    9    1
 -0.00209296  -0.00000000    -0.00326174  -0.00000000    -0.00018832  -0.00000000
 -0.00122644  -0.00000000    -0.00073898  -0.00000000     0.00003373   0.00000000
  0.00024333   0.00000000    -0.00024095  -0.00000000     0.00408639   0.00000000
    9    2
 -0.00002705  -0.00000000    -0.00003546  -0.00000000     0.00145616   0.00000000
  0.00004933   0.00000000    -0.00002315  -0.00000000    -0.00444144  -0.00000000
  0.00682333   0.00000000    -0.00497140  -0.00000000     0.00057638   0.00000000
    9    3
 -0.00001117  -0.00000000    -0.00000238  -0.00000000    -0.00286451  -0.00000000
 -0.00008882  -0.00000000     0.00001922   0.00000000    -0.00086231  -0.00000000
 -0.00060945  -0.00000000    -0.00087960  -0.00000000     0.00012086   0.00000000
    9    4
  0.00003972   0.00000000    -0.00002968  -0.00000000     0.00009487   0.00000000
 -0.00007409  -0.00000000     0.00006382   0.00000000    -0.00112349  -0.00000000
  0.00025847   0.00000000     0.00033102   0.00000000    -0.00001502  -0.00000000
    9    5
  0.32817597   0.00000000     0.06270277   0.00000000    -0.00010129  -0.00000000
  0.06713460   0.00000000     0.06120576   0.00000000    -0.00012406  -0.00000000
 -0.00003413  -0.00000000     0.00018346   0.00000000     0.04850497   0.00000000
    9    6
 -0.00096019  -0.00000000    -0.00043165  -0.00000000    -0.00003132  -0.00000000
  0.00000019   0.00000000    -0.00078025  -0.00000000     0.00009453   0.00000000
  0.00012053   0.00000000     0.00004184   0.00000000     0.00065411   0.00000000
    9    7
  0.00000000   0.00000000     0.00002066   0.00000000    -0.00160504  -0.00000000
  0.00002066   0.00000000     0.00000000   0.00000000    -0.00030178  -0.00000000
 -0.00160504  -0.00000000     0.00030178   0.00000000     0.00000000   0.00000000
    9    8
  0.00000645   0.00000000    -0.00001318  -0.00000000    -0.00022503  -0.00000000
  0.00001318   0.00000000    -0.00000164  -0.00000000    -0.00003018  -0.00000000
 -0.00022503  -0.00000000     0.00003018   0.00000000     0.00013082   0.00000000
    9    9
  0.37063704   0.00000000     0.07311660   0.00000000    -0.00009274   0.00000000
  0.07311660   0.00000000     0.07439966   0.00000000    -0.00004813   0.00000000
 -0.00009274   0.00000000    -0.00004813   0.00000000     0.06383924   0.00000000
    9   10
 -0.00043714  -0.00000000    -0.00048579  -0.00000000     0.00004251   0.00000000
 -0.00048579  -0.00000000    -0.00065318  -0.00000000     0.00005912   0.00000000
 -0.00004251  -0.00000000    -0.00005912  -0.00000000    -0.00035552  -0.00000000
    9   11
 -0.00000372  -0.00000000     0.00003742   0.00000000    -0.00011722  -0.00000000
 -0.00000138  -0.00000000    -0.00002920  -0.00000000     0.00036604   0.00000000
 -0.00081782  -0.00000000     0.00031292   0.00000000    -0.00000878  -0.00000000
    9   12
  0.00002414   0.00000000    -0.00007222  -0.00000000    -0.00046701  -0.00000000
  0.00000927   0.00000000    -0.00003036  -0.00000000     0.00027090   0.00000000
 -0.00025543  -0.00000000     0.00002782   0.00000000     0.00001521   0.00000000
    9   13
  0.01985502   0.00000000     0.00503695   0.00000000     0.00001292   0.00000000
 -0.02950080  -0.00000000    -0.00627685  -0.00000000    -0.00000195  -0.00000000
 -0.00003638  -0.00000000     0.00012267   0.00000000     0.00206668   0.00000000
    9   14
  0.00034370   0.00000000    -0.00077522  -0.00000000     0.00001050   0.00000000
 -0.00046685  -0.00000000    -0.00073667  -0.00000000    -0.00000147  -0.00000000
  0.00000334   0.00000000     0.00014290   0.00000000     0.00001804   0.00000000
    9   15
 -0.00080446  -0.00000000     0.00007070   0.00000000     0.00189104   0.00000000
  0.00016547   0.00000000     0.00001628   0.00000000     0.00011137   0.00000000
  0.00087549   0.00000000     0.00008108   0.00000000    -0.00018938  -0.00000000
    9   16
  0.00003225   0.00000000    -0.00023301  -0.00000000     0.00055724   0.00000000
 -0.00019384  -0.00000000     0.00006579   0.00000000    -0.00009730  -0.00000000
  0.00023658   0.00000000    -0.00004610  -0.00000000     0.00007177   0.00000000
    9   17
  0.00611664   0.00000000     0.00131554   0.00000000     0.00060688   0.00000000
  0.01966648   0.00000000     0.00540371   0.00000000    -0.00059780  -0.00000000
  0.02950048   0.00000000     0.00635732   0.00000000    -0.00103742  -0.00000000
    9   18
  0.00038729  -0.00000000    -0.00046960   0.00000000    -0.00004741   0.00000000
  0.00037620  -0.00000000    -0.00002145   0.00000000    -0.00013704   0.00000000
 -0.00021092   0.00000000     0.00002052  -0.00000000     0.00018857  -0.00000000
    9   19
  0.00000399  -0.00000000    -0.00020006   0.00000000    -0.00057118   0.00000000
 -0.00023895   0.00000000     0.00011656  -0.00000000     0.00011374  -0.00000000
 -0.00024161   0.00000000     0.00002198  -0.00000000     0.00005217  -0.00000000
    9   20
 -0.00082314  -0.00000000    -0.00001111  -0.00000000    -0.00182654  -0.00000000
  0.00011700   0.00000000     0.00004255   0.00000000    -0.00011310  -0.00000000
 -0.00082732  -0.00000000    -0.00008402  -0.00000000    -0.00013914  -0.00000000
    9   21
  0.00031382   0.00000000    -0.00050288  -0.00000000     0.00012182   0.00000000
  0.00029495   0.00000000     0.00001457   0.00000000     0.00018891   0.00000000
  0.00022899   0.00000000    -0.00012597  -0.00000000     0.00012444   0.00000000
    9   22
  0.00610412   0.00000000     0.00133760   0.00000000    -0.00063295  -0.00000000
  0.01958685   0.00000000     0.00543684   0.00000000     0.00056446   0.00000000
 -0.02951965  -0.00000000    -0.00641134  -0.00000000    -0.00095174  -0.00000000
   10    1
 -0.00209296  -0.00000000    -0.00326174  -0.00000000     0.00018832   0.00000000
 -0.00122644  -0.00000000    -0.00073898  -0.00000000    -0.00003373  -0.00000000
 -0.00024333  -0.00000000     0.00024095   0.00000000     0.00408639   0.00000000
   10    2
  0.00002705   0.00000000     0.00003546   0.00000000     0.00145616   0.00000000
 -0.00004933  -0.00000000     0.00002315   0.00000000    -0.00444144  -0.00000000
  0.00682333   0.00000000    -0.00497140  -0.00000000    -0.00057638  -0.00000000
   10    3
  0.00003972   0.00000000    -0.00002968  -0.00000000    -0.00009487  -0.00000000
 -0.00007409  -0.00000000     0.00006382   0.00000000     0.00112349   0.00000000
 -0.00025847  -0.00000000    -0.00033102  -0.00000000    -0.00001502  -0.00000000
   10    4
 -0.00001117   0.00000000    -0.00000238   0.00000000     0.00286451  -0.00000000
 -0.00008882   0.00000000     0.00001922  -0.00000000     0.00086231  -0.00000000
  0.00060945  -0.00000000     0.00087960  -0.00000000     0.00012086  -0.00000000
   10    5
 -0.00096019  -0.00000000    -0.00043165  -0.00000000     0.00003132   0.00000000
  0.00000019   0.00000000    -0.00078025  -0.00000000    -0.00009453  -0.00000000
 -0.00012053  -0.00000000    -0.00004184  -0.00000000     0.00065411   0.00000000
   10    6
  0.32817597   0.00000000     0.06270277   0.00000000     0.00010129   0.00000000
  0.06713460   0.00000000     0.06120576   0.00000000     0.00012406   0.00000000
  0.00003413   0.00000000    -0.00018346  -0.00000000     0.04850497   0.00000000
   10    7
  0.00000645   0.00000000    -0.00001318  -0.00000000     0.00022503   0.00000000
  0.00001318   0.00000000    -0.00000164  -0.00000000     0.00003018   0.00000000
  0.00022503   0.00000000    -0.00003018  -0.00000000     0.00013082   0.00000000
   10    8
  0.00000000  -0.00000000     0.00002066   0.00000000     0.00160504   0.00000000
  0.00002066   0.00000000     0.00000000  -0.00000000     0.00030178   0.00000000
  0.00160504   0.00000000    -0.00030178  -0.00000000     0.00000000  -0.00000000
   10    9
 -0.00043714   0.00000000    -0.00048579   0.00000000    -0.00004251   0.00000000
 -0.00048579   0.00000000    -0.00065318   0.00000000    -0.00005912   0.00000000
  0.00004251  -0.00000000     0.00005912  -0.00000000    -0.00035552   0.00000000
   10   10
  0.37063704   0.00000000     0.07311660   0.00000000     0.00009274   0.00000000
  0.07311660   0.00000000     0.07439966   0.00000000     0.00004813   0.00000000
  0.00009274   0.00000000     0.00004813   0.00000000     0.06383924   0.00000000
   10   11
  0.00002414   0.00000000    -0.00007222  -0.00000000     0.00046701   0.00000000
  0.00000927   0.00000000    -0.00003036  -0.00000000    -0.00027090  -0.00000000
  0.00025543   0.00000000    -0.00002782  -0.00000000     0.00001521   0.00000000
   10   12
 -0.00000372  -0.00000000     0.00003742   0.00000000     0.00011722   0.00000000
 -0.00000138  -0.00000000    -0.00002920  -0.00000000    -0.00036604  -0.00000000
  0.00081782   0.00000000    -0.00031292  -0.00000000    -0.00000878  -0.00000000
   10   13
  0.00034370   0.00000000    -0.00077522  -0.00000000    -0.00001050  -0.00000000
 -0.00046685  -0.00000000    -0.00073667  -0.00000000     0.00000147   0.00000000
 -0.00000334  -0.00000000    -0.00014290  -0.00000000     0.00001804   0.00000000
   10   14
  0.01985502  -0.00000000     0.00503695  -0.00000000    -0.00001292   0.00000000
 -0.02950080   0.00000000    -0.00627685   0.00000000     0.00000195  -0.00000000
  0.00003638  -0.00000000    -0.00012267   0.00000000     0.00206668  -0.00000000
   10   15
  0.00003225   0.00000000    -0.00023301  -0.00000000    -0.00055724  -0.00000000
 -0.00019384  -0.00000000     0.00006579   0.00000000     0.00009730   0.00000000
 -0.00023658  -0.00000000     0.00004610   0.00000000     0.00007177   0.00000000
   10   16
 -0.00080446  -0.00000000     0.00007070   0.00000000    -0.00189104  -0.00000000
  0.00016547   0.00000000     0.00001628   0.00000000    -0.00011137  -0.00000000
 -0.00087549  -0.00000000    -0.00008108  -0.00000000    -0.00018938  -0.00000000
   10   17
  0.00038729  -0.00000000    -0.00046960   0.00000000     0.00004741  -0.00000000
  0.00037620  -0.00000000    -0.00002145   0.00000000     0.00013704  -0.00000000
  0.00021092  -0.00000000    -0.00002052   0.00000000     0.00018857  -0.00000000
   10   18
  0.00611664  -0.00000000     0.00131554  -0.00000000    -0.00060688   0.00000000
  0.01966648  -0.00000000     0.00540371  -0.00000000     0.00059780  -0.00000000
 -0.02950048   0.00000000    -0.00635732   0.00000000    -0.00103742   0.00000000
   10   19
 -0.00082314   0.00000000    -0.00001111   0.00000000     0.00182654  -0.00000000
  0.00011700  -0.00000000     0.00004255  -0.00000000     0.00011310  -0.00000000
  0.00082732  -0.00000000     0.00008402  -0.00000000    -0.00013914   0.00000000
   10   20
  0.00000399   0.00000000    -0.00020006  -0.00000000     0.00057118   0.00000000
 -0.00023895  -0.00000000     0.00011656   0.00000000    -0.00011374  -0.00000000
  0.00024161   0.00000000    -0.00002198  -0.00000000     0.00005217   0.00000000
   10   21
  0.00610412   0.00000000     0.00133760   0.00000000     0.00063295   0.00000000
  0.01958685   0.00000000     0.00543684   0.00000000    -0.00056446  -0.00000000
  0.02951965   0.00000000     0.00641134   0.00000000    -0.00095174  -0.00000000
   10   22
  0.00031382   0.00000000    -0.00050288  -0.00000000    -0.00012182  -0.00000000
  0.00029495   0.00000000     0.00001457   0.00000000    -0.00018891  -0.00000000
 -0.00022899  -0.00000000     0.00012597   0.00000000     0.00012444   0.00000000
   11    1
  0.00011483   0.00000000     0.00023179   0.00000000    -0.00024279  -0.00000000
 -0.00009535  -0.00000000    -0.00016969  -0.00000000     0.00091010   0.00000000
  0.00314835   0.00000000     0.00401013   0.00000000     0.00018181   0.00000000
   11    2
  0.00024308  -0.00000000    -0.00333590   0.00000000    -0.00011580   0.00000000
 -0.00478066   0.00000000     0.00136942  -0.00000000    -0.00001184   0.00000000
 -0.00015124   0.00000000     0.00003749  -0.00000000    -0.00134323   0.00000000
   11    3
 -0.13774982   0.00000000    -0.12632241   0.00000000    -0.00003952   0.00000000
 -0.12814625   0.00000000    -0.24186281   0.00000000    -0.00007944   0.00000000
  0.00007479  -0.00000000    -0.00017180   0.00000000    -0.05350791   0.00000000
   11    4
 -0.00090693   0.00000000    -0.00036302   0.00000000     0.00001215  -0.00000000
 -0.00102398   0.00000000    -0.00135451   0.00000000    -0.00017881   0.00000000
  0.00001327  -0.00000000    -0.00005910   0.00000000    -0.00006246   0.00000000
   11    5
 -0.00007291  -0.00000000    -0.00018447  -0.00000000     0.00000079   0.00000000
 -0.00005965  -0.00000000     0.00006306   0.00000000    -0.00048322  -0.00000000
  0.00025270   0.00000000     0.00061675   0.00000000     0.00004278   0.00000000
   11    6
  0.00004070   0.00000000     0.00005020   0.00000000    -0.00031592  -0.00000000
  0.00006574   0.00000000    -0.00003964  -0.00000000     0.00031721   0.00000000
  0.00007748   0.00000000    -0.00199561  -0.00000000     0.00001466   0.00000000
   11    7
 -0.01985502  -0.00000000    -0.02950080  -0.00000000    -0.00003638  -0.00000000
  0.00503695   0.00000000     0.00627685   0.00000000    -0.00012267  -0.00000000
  0.00001292   0.00000000     0.00000195   0.00000000    -0.00206668  -0.00000000
   11    8
  0.00034370  -0.00000000     0.00046685  -0.00000000     0.00000334  -0.00000000
  0.00077522  -0.00000000    -0.00073667   0.00000000    -0.00014290   0.00000000
  0.00001050  -0.00000000     0.00000147  -0.00000000     0.00001804  -0.00000000
   11    9
 -0.00000372   0.00000000    -0.00000138   0.00000000    -0.00081782   0.00000000
  0.00003742  -0.00000000    -0.00002920   0.00000000     0.00031292  -0.00000000
 -0.00011722   0.00000000     0.00036604  -0.00000000    -0.00000878   0.00000000
   11   10
  0.00002414  -0.00000000     0.00000927  -0.00000000     0.00025543  -0.00000000
 -0.00007222   0.00000000    -0.00003036   0.00000000    -0.00002782   0.00000000
  0.00046701  -0.00000000    -0.00027090   0.00000000     0.00001521  -0.00000000
   11   11
  0.15479483   0.00000000     0.14741106   0.00000000     0.00001544   0.00000000
  0.14741106   0.00000000     0.27853842   0.00000000    -0.00004442   0.00000000
  0.00001544   0.00000000    -0.00004442   0.00000000     0.06135294   0.00000000
   11   12
  0.00019337   0.00000000    -0.00012686  -0.00000000    -0.00002419  -0.00000000
 -0.00012686  -0.00000000     0.00013129   0.00000000    -0.00006461  -0.00000000
  0.00002419   0.00000000     0.00006461   0.00000000     0.00067438   0.00000000
   11   13
  0.00000000  -0.00000000    -0.00003661   0.00000000     0.00017894  -0.00000000
 -0.00003661   0.00000000    -0.00000000   0.00000000     0.00020299  -0.00000000
  0.00017894  -0.00000000    -0.00020299   0.00000000     0.00000000  -0.00000000
   11   14
  0.00002256  -0.00000000    -0.00004167   0.00000000    -0.00059416   0.00000000
  0.00004167  -0.00000000     0.00004710  -0.00000000    -0.00062482   0.00000000
 -0.00059416   0.00000000     0.00062482  -0.00000000    -0.00007131   0.00000000
   11   15
 -0.00407701  -0.00000000    -0.00791874  -0.00000000     0.00077245   0.00000000
  0.01032503   0.00000000     0.01690183   0.00000000    -0.00024433  -0.00000000
  0.01699044   0.00000000     0.02443966   0.00000000    -0.00071655  -0.00000000
   11   16
 -0.00023241  -0.00000000     0.00010427   0.00000000    -0.00010328  -0.00000000
 -0.00035672  -0.00000000     0.00005565   0.00000000    -0.00014797  -0.00000000
 -0.00000226  -0.00000000     0.00023904   0.00000000    -0.00054431  -0.00000000
   11   17
  0.00012026  -0.00000000     0.00024890  -0.00000000     0.00093412  -0.00000000
  0.00004136  -0.00000000     0.00004213  -0.00000000     0.00015803  -0.00000000
  0.00039022  -0.00000000     0.00012867  -0.00000000    -0.00008243   0.00000000
   11   18
  0.00004429  -0.00000000     0.00030039  -0.00000000    -0.00047096   0.00000000
  0.00013888  -0.00000000     0.00008514  -0.00000000    -0.00030383   0.00000000
 -0.00028697   0.00000000    -0.00007349   0.00000000    -0.00012192   0.00000000
   11   19
  0.00022591  -0.00000000    -0.00014029   0.00000000    -0.00008369   0.00000000
  0.00041049  -0.00000000    -0.00002699   0.00000000    -0.00013563   0.00000000
  0.00001291  -0.00000000     0.00020347  -0.00000000     0.00055038  -0.00000000
   11   20
  0.00407748   0.00000000     0.00794880   0.00000000     0.00074806   0.00000000
 -0.01035563  -0.00000000    -0.01694257  -0.00000000    -0.00027268  -0.00000000
  0.01705057   0.00000000     0.02443297   0.00000000     0.00073227   0.00000000
   11   21
 -0.00005574  -0.00000000    -0.00024733  -0.00000000    -0.00042108  -0.00000000
 -0.00013289  -0.00000000    -0.00015063  -0.00000000    -0.00036711  -0.00000000
 -0.00025503  -0.00000000    -0.00004883  -0.00000000     0.00006848   0.00000000
   11   22
 -0.00015002  -0.00000000    -0.00033487  -0.00000000     0.00097917   0.00000000
 -0.00007877  -0.00000000    -0.00008287  -0.00000000     0.00022020   0.00000000
  0.00035356   0.00000000     0.00008313   0.00000000     0.00013697   0.00000000
   12    1
  0.00011483   0.00000000     0.00023179   0.00000000     0.00024279   0.00000000
 -0.00009535  -0.00000000    -0.00016969  -0.00000000    -0.00091010  -0.00000000
 -0.00314835  -0.00000000    -0.00401013  -0.00000000     0.00018181   0.00000000
   12    2
 -0.00024308  -0.00000000     0.00333590   0.00000000    -0.00011580  -0.00000000
  0.00478066   0.00000000    -0.00136942  -0.00000000    -0.00001184  -0.00000000
 -0.00015124  -0.00000000     0.00003749   0.00000000     0.00134323   0.00000000
   12    3
 -0.00090693   0.00000000    -0.00036302   0.00000000    -0.00001215   0.00000000
 -0.00102398   0.00000000    -0.00135451   0.00000000     0.00017881  -0.00000000
 -0.00001327   0.00000000     0.00005910  -0.00000000    -0.00006246   0.00000000
   12    4
 -0.13774982   0.00000000    -0.12632241   0.00000000     0.00003952  -0.00000000
 -0.12814625   0.00000000    -0.24186281   0.00000000     0.00007944  -0.00000000
 -0.00007479   0.00000000     0.00017180  -0.00000000    -0.05350791   0.00000000
   12    5
  0.00004070   0.00000000     0.00005020   0.00000000     0.00031592   0.00000000
  0.00006574   0.00000000    -0.00003964  -0.00000000    -0.00031721  -0.00000000
 -0.00007748  -0.00000000     0.00199561   0.00000000     0.00001466   0.00000000
   12    6
 -0.00007291  -0.00000000    -0.00018447  -0.00000000    -0.00000079  -0.00000000
 -0.00005965  -0.00000000     0.00006306   0.00000000     0.00048322   0.00000000
 -0.00025270  -0.00000000    -0.00061675  -0.00000000     0.00004278   0.00000000
   12    7
  0.00034370   0.00000000     0.00046685   0.00000000    -0.00000334  -0.00000000
  0.00077522   0.00000000    -0.00073667  -0.00000000     0.00014290   0.00000000
 -0.00001050  -0.00000000    -0.00000147  -0.00000000     0.00001804   0.00000000
   12    8
 -0.01985502   0.00000000    -0.02950080   0.00000000     0.00003638  -0.00000000
  0.00503695  -0.00000000     0.00627685  -0.00000000     0.00012267  -0.00000000
 -0.00001292   0.00000000    -0.00000195   0.00000000    -0.00206668   0.00000000
   12    9
  0.00002414  -0.00000000     0.00000927  -0.00000000    -0.00025543   0.00000000
 -0.00007222   0.00000000    -0.00003036   0.00000000     0.00002782  -0.00000000
 -0.00046701   0.00000000     0.00027090  -0.00000000     0.00001521  -0.00000000
   12   10
 -0.00000372   0.00000000    -0.00000138   0.00000000     0.00081782  -0.00000000
  0.00003742  -0.00000000    -0.00002920   0.00000000    -0.00031292   0.00000000
  0.00011722  -0.00000000    -0.00036604   0.00000000    -0.00000878   0.00000000
   12   11
  0.00019337  -0.00000000    -0.00012686   0.00000000     0.00002419  -0.00000000
 -0.00012686   0.00000000     0.00013129  -0.00000000     0.00006461  -0.00000000
 -0.00002419   0.00000000    -0.00006461   0.00000000     0.00067438  -0.00000000
   12   12
  0.15479483   0.00000000     0.14741106   0.00000000    -0.00001544   0.00000000
  0.14741106   0.00000000     0.27853842   0.00000000     0.00004442   0.00000000
 -0.00001544   0.00000000     0.00004442   0.00000000     0.06135294   0.00000000
   12   13
  0.00002256  -0.00000000    -0.00004167   0.00000000     0.00059416  -0.00000000
  0.00004167  -0.00000000     0.00004710  -0.00000000     0.00062482  -0.00000000
  0.00059416  -0.00000000    -0.00062482   0.00000000    -0.00007131   0.00000000
   12   14
  0.00000000  -0.00000000    -0.00003661   0.00000000    -0.00017894   0.00000000
 -0.00003661   0.00000000    -0.00000000   0.00000000    -0.00020299   0.00000000
 -0.00017894   0.00000000     0.00020299  -0.00000000     0.00000000  -0.00000000
   12   15
 -0.00023241  -0.00000000     0.00010427   0.00000000     0.00010328   0.00000000
 -0.00035672  -0.00000000     0.00005565   0.00000000     0.00014797   0.00000000
  0.00000226   0.00000000    -0.00023904  -0.00000000    -0.00054431  -0.00000000
   12   16
 -0.00407701  -0.00000000    -0.00791874  -0.00000000    -0.00077245  -0.00000000
  0.01032503   0.00000000     0.01690183   0.00000000     0.00024433   0.00000000
 -0.01699044  -0.00000000    -0.02443966  -0.00000000    -0.00071655  -0.00000000
   12   17
  0.00004429  -0.00000000     0.00030039  -0.00000000     0.00047096  -0.00000000
  0.00013888  -0.00000000     0.00008514  -0.00000000     0.00030383  -0.00000000
  0.00028697  -0.00000000     0.00007349  -0.00000000    -0.00012192   0.00000000
   12   18
  0.00012026  -0.00000000     0.00024890  -0.00000000    -0.00093412   0.00000000
  0.00004136  -0.00000000     0.00004213  -0.00000000    -0.00015803   0.00000000
 -0.00039022   0.00000000    -0.00012867   0.00000000    -0.00008243   0.00000000
   12   19
  0.00407748  -0.00000000     0.00794880  -0.00000000    -0.00074806   0.00000000
 -0.01035563   0.00000000    -0.01694257   0.00000000     0.00027268  -0.00000000
 -0.01705057   0.00000000    -0.02443297   0.00000000     0.00073227  -0.00000000
   12   20
  0.00022591   0.00000000    -0.00014029  -0.00000000     0.00008369   0.00000000
  0.00041049   0.00000000    -0.00002699  -0.00000000     0.00013563   0.00000000
 -0.00001291  -0.00000000    -0.00020347  -0.00000000     0.00055038   0.00000000
   12   21
 -0.00015002  -0.00000000    -0.00033487  -0.00000000    -0.00097917  -0.00000000
 -0.00007877  -0.00000000    -0.00008287  -0.00000000    -0.00022020  -0.00000000
 -0.00035356  -0.00000000    -0.00008313  -0.00000000     0.00013697   0.00000000
   12   22
 -0.00005574  -0.00000000    -0.00024733  -0.00000000     0.00042108   0.00000000
 -0.00013289  -0.00000000    -0.00015063  -0.00000000     0.00036711   0.00000000
  0.00025503   0.00000000     0.00004883   0.00000000     0.00006848   0.00000000
   13    1
  0.00024308   0.00000000     0.00333590   0.00000000     0.00011580   0.00000000
  0.00478066   0.00000000     0.00136942   0.00000000    -0.00001184  -0.00000000
  0.00015124   0.00000000     0.00003749   0.00000000    -0.00134323  -0.00000000
   13    2
 -0.00011483  -0.00000000     0.00023179   0.00000000    -0.00024279  -0.00000000
 -0.00009535  -0.00000000     0.00016969   0.00000000    -0.00091010  -0.00000000
  0.00314835   0.00000000    -0.00401013  -0.00000000    -0.00018181  -0.00000000
   13    3
  0.00007291   0.00000000    -0.00018447  -0.00000000     0.00000079   0.00000000
 -0.00005965  -0.00000000    -0.00006306  -0.00000000     0.00048322   0.00000000
  0.00025270   0.00000000    -0.00061675  -0.00000000    -0.00004278  -0.00000000
   13    4
  0.00004070  -0.00000000    -0.00005020   0.00000000     0.00031592  -0.00000000
 -0.00006574   0.00000000    -0.00003964   0.00000000     0.00031721  -0.00000000
 -0.00007748   0.00000000    -0.00199561   0.00000000     0.00001466  -0.00000000
   13    5
 -0.13774982  -0.00000000     0.12632241   0.00000000     0.00003952   0.00000000
  0.12814625   0.00000000    -0.24186281  -0.00000000    -0.00007944  -0.00000000
 -0.00007479  -0.00000000    -0.00017180  -0.00000000    -0.05350791  -0.00000000
   13    6
  0.00090693   0.00000000    -0.00036302  -0.00000000     0.00001215   0.00000000
 -0.00102398  -0.00000000     0.00135451   0.00000000     0.00017881   0.00000000
  0.00001327   0.00000000     0.00005910   0.00000000     0.00006246   0.00000000
   13    7
 -0.00000372  -0.00000000     0.00000138   0.00000000     0.00081782   0.00000000
 -0.00003742  -0.00000000    -0.00002920  -0.00000000     0.00031292   0.00000000
  0.00011722   0.00000000     0.00036604   0.00000000    -0.00000878  -0.00000000
   13    8
 -0.00002414  -0.00000000     0.00000927   0.00000000     0.00025543   0.00000000
 -0.00007222  -0.00000000     0.00003036   0.00000000     0.00002782   0.00000000
  0.00046701   0.00000000     0.00027090   0.00000000    -0.00001521  -0.00000000
   13    9
  0.01985502  -0.00000000    -0.02950080   0.00000000    -0.00003638   0.00000000
  0.00503695  -0.00000000    -0.00627685   0.00000000     0.00012267  -0.00000000
  0.00001292  -0.00000000    -0.00000195   0.00000000     0.00206668  -0.00000000
   13   10
  0.00034370  -0.00000000    -0.00046685   0.00000000    -0.00000334   0.00000000
 -0.00077522   0.00000000    -0.00073667   0.00000000    -0.00014290   0.00000000
 -0.00001050   0.00000000     0.00000147  -0.00000000     0.00001804  -0.00000000
   13   11
 -0.00000000  -0.00000000    -0.00003661  -0.00000000     0.00017894   0.00000000
 -0.00003661  -0.00000000     0.00000000   0.00000000    -0.00020299  -0.00000000
  0.00017894   0.00000000     0.00020299   0.00000000    -0.00000000  -0.00000000
   13   12
  0.00002256   0.00000000     0.00004167   0.00000000     0.00059416   0.00000000
 -0.00004167  -0.00000000     0.00004710   0.00000000    -0.00062482  -0.00000000
  0.00059416   0.00000000     0.00062482   0.00000000    -0.00007131  -0.00000000
   13   13
  0.15479483   0.00000000    -0.14741106   0.00000000    -0.00001544   0.00000000
 -0.14741106   0.00000000     0.27853842   0.00000000    -0.00004442   0.00000000
 -0.00001544   0.00000000    -0.00004442   0.00000000     0.06135294   0.00000000
   13   14
 -0.00019337   0.00000000    -0.00012686   0.00000000    -0.00002419   0.00000000
 -0.00012686   0.00000000    -0.00013129   0.00000000     0.00006461  -0.00000000
  0.00002419  -0.00000000    -0.00006461   0.00000000    -0.00067438   0.00000000
   13   15
  0.00012026   0.00000000    -0.00024890  -0.00000000    -0.00093412  -0.00000000
 -0.00004136  -0.00000000     0.00004213   0.00000000     0.00015803   0.00000000
 -0.00039022  -0.00000000     0.00012867   0.00000000    -0.00008243  -0.00000000
   13   16
 -0.00004429  -0.00000000     0.00030039   0.00000000    -0.00047096  -0.00000000
  0.00013888   0.00000000    -0.00008514  -0.00000000     0.00030383   0.00000000
 -0.00028697  -0.00000000     0.00007349   0.00000000     0.00012192   0.00000000
   13   17
  0.00407701  -0.00000000    -0.00791874   0.00000000     0.00077245  -0.00000000
  0.01032503  -0.00000000    -0.01690183   0.00000000     0.00024433  -0.00000000
  0.01699044  -0.00000000    -0.02443966   0.00000000     0.00071655  -0.00000000
   13   18
 -0.00023241   0.00000000    -0.00010427   0.00000000     0.00010328  -0.00000000
  0.00035672  -0.00000000     0.00005565  -0.00000000    -0.00014797   0.00000000
  0.00000226  -0.00000000     0.00023904  -0.00000000    -0.00054431   0.00000000
   13   19
 -0.00005574   0.00000000     0.00024733  -0.00000000     0.00042108  -0.00000000
  0.00013289  -0.00000000    -0.00015063   0.00000000    -0.00036711   0.00000000
  0.00025503  -0.00000000    -0.00004883   0.00000000     0.00006848  -0.00000000
   13   20
  0.00015002   0.00000000    -0.00033487  -0.00000000     0.00097917   0.00000000
 -0.00007877  -0.00000000     0.00008287   0.00000000    -0.00022020  -0.00000000
  0.00035356   0.00000000    -0.00008313  -0.00000000    -0.00013697  -0.00000000
   13   21
 -0.00022591  -0.00000000    -0.00014029  -0.00000000    -0.00008369  -0.00000000
  0.00041049   0.00000000     0.00002699   0.00000000     0.00013563   0.00000000
  0.00001291   0.00000000    -0.00020347  -0.00000000    -0.00055038  -0.00000000
   13   22
  0.00407748   0.00000000    -0.00794880  -0.00000000    -0.00074806  -0.00000000
  0.01035563   0.00000000    -0.01694257  -0.00000000    -0.00027268  -0.00000000
 -0.01705057  -0.00000000     0.02443297   0.00000000     0.00073227   0.00000000
   14    1
  0.00024308   0.00000000     0.00333590   0.00000000    -0.00011580  -0.00000000
  0.00478066   0.00000000     0.00136942   0.00000000     0.00001184   0.00000000
 -0.00015124  -0.00000000    -0.00003749  -0.00000000    -0.00134323  -0.00000000
   14    2
  0.00011483   0.00000000    -0.00023179  -0.00000000    -0.00024279  -0.00000000
  0.00009535   0.00000000    -0.00016969  -0.00000000    -0.00091010  -0.00000000
  0.00314835   0.00000000    -0.00401013  -0.00000000     0.00018181   0.00000000
   14    3
  0.00004070   0.00000000    -0.00005020  -0.00000000    -0.00031592  -0.00000000
 -0.00006574  -0.00000000    -0.00003964  -0.00000000    -0.00031721  -0.00000000
  0.00007748   0.00000000     0.00199561   0.00000000     0.00001466   0.00000000
   14    4
  0.00007291  -0.00000000    -0.00018447   0.00000000    -0.00000079   0.00000000
 -0.00005965   0.00000000    -0.00006306   0.00000000    -0.00048322   0.00000000
 -0.00025270   0.00000000     0.00061675  -0.00000000    -0.00004278   0.00000000
   14    5
  0.00090693   0.00000000    -0.00036302  -0.00000000    -0.00001215  -0.00000000
 -0.00102398  -0.00000000     0.00135451   0.00000000    -0.00017881  -0.00000000
 -0.00001327  -0.00000000    -0.00005910  -0.00000000     0.00006246   0.00000000
   14    6
 -0.13774982  -0.00000000     0.12632241   0.00000000    -0.00003952  -0.00000000
  0.12814625   0.00000000    -0.24186281  -0.00000000     0.00007944   0.00000000
  0.00007479   0.00000000     0.00017180   0.00000000    -0.05350791  -0.00000000
   14    7
 -0.00002414  -0.00000000     0.00000927   0.00000000    -0.00025543  -0.00000000
 -0.00007222  -0.00000000     0.00003036   0.00000000    -0.00002782  -0.00000000
 -0.00046701  -0.00000000    -0.00027090  -0.00000000    -0.00001521  -0.00000000
   14    8
 -0.00000372   0.00000000     0.00000138  -0.00000000    -0.00081782   0.00000000
 -0.00003742   0.00000000    -0.00002920   0.00000000    -0.00031292   0.00000000
 -0.00011722   0.00000000    -0.00036604   0.00000000    -0.00000878   0.00000000
   14    9
  0.00034370  -0.00000000    -0.00046685   0.00000000     0.00000334  -0.00000000
 -0.00077522   0.00000000    -0.00073667   0.00000000     0.00014290  -0.00000000
  0.00001050  -0.00000000    -0.00000147   0.00000000     0.00001804  -0.00000000
   14   10
  0.01985502   0.00000000    -0.02950080  -0.00000000     0.00003638   0.00000000
  0.00503695   0.00000000    -0.00627685  -0.00000000    -0.00012267  -0.00000000
 -0.00001292  -0.00000000     0.00000195   0.00000000     0.00206668   0.00000000
   14   11
  0.00002256   0.00000000     0.00004167   0.00000000    -0.00059416  -0.00000000
 -0.00004167  -0.00000000     0.00004710   0.00000000     0.00062482   0.00000000
 -0.00059416  -0.00000000    -0.00062482  -0.00000000    -0.00007131  -0.00000000
   14   12
 -0.00000000  -0.00000000    -0.00003661  -0.00000000    -0.00017894  -0.00000000
 -0.00003661  -0.00000000     0.00000000   0.00000000     0.00020299   0.00000000
 -0.00017894  -0.00000000    -0.00020299  -0.00000000    -0.00000000  -0.00000000
   14   13
 -0.00019337  -0.00000000    -0.00012686  -0.00000000     0.00002419   0.00000000
 -0.00012686  -0.00000000    -0.00013129  -0.00000000    -0.00006461  -0.00000000
 -0.00002419  -0.00000000     0.00006461   0.00000000    -0.00067438  -0.00000000
   14   14
  0.15479483   0.00000000    -0.14741106   0.00000000     0.00001544   0.00000000
 -0.14741106   0.00000000     0.27853842   0.00000000     0.00004442   0.00000000
  0.00001544   0.00000000     0.00004442   0.00000000     0.06135294   0.00000000
   14   15
 -0.00004429  -0.00000000     0.00030039   0.00000000     0.00047096   0.00000000
  0.00013888   0.00000000    -0.00008514  -0.00000000    -0.00030383  -0.00000000
  0.00028697   0.00000000    -0.00007349  -0.00000000     0.00012192   0.00000000
   14   16
  0.00012026   0.00000000    -0.00024890  -0.00000000     0.00093412   0.00000000
 -0.00004136  -0.00000000     0.00004213   0.00000000    -0.00015803  -0.00000000
  0.00039022   0.00000000    -0.00012867  -0.00000000    -0.00008243  -0.00000000
   14   17
 -0.00023241   0.00000000    -0.00010427   0.00000000    -0.00010328   0.00000000
  0.00035672  -0.00000000     0.00005565  -0.00000000     0.00014797  -0.00000000
 -0.00000226   0.00000000    -0.00023904   0.00000000    -0.00054431   0.00000000
   14   18
  0.00407701  -0.00000000    -0.00791874   0.00000000    -0.00077245   0.00000000
  0.01032503  -0.00000000    -0.01690183   0.00000000    -0.00024433   0.00000000
 -0.01699044   0.00000000     0.02443966  -0.00000000     0.00071655  -0.00000000
   14   19
  0.00015002  -0.00000000    -0.00033487   0.00000000    -0.00097917   0.00000000
 -0.00007877   0.00000000     0.00008287  -0.00000000     0.00022020  -0.00000000
 -0.00035356   0.00000000     0.00008313  -0.00000000    -0.00013697   0.00000000
   14   20
 -0.00005574  -0.00000000     0.00024733   0.00000000    -0.00042108  -0.00000000
  0.00013289   0.00000000    -0.00015063  -0.00000000     0.00036711   0.00000000
 -0.00025503  -0.00000000     0.00004883   0.00000000     0.00006848   0.00000000
   14   21
  0.00407748   0.00000000    -0.00794880  -0.00000000     0.00074806   0.00000000
  0.01035563   0.00000000    -0.01694257  -0.00000000     0.00027268   0.00000000
  0.01705057   0.00000000    -0.02443297  -0.00000000     0.00073227   0.00000000
   14   22
 -0.00022591  -0.00000000    -0.00014029  -0.00000000     0.00008369   0.00000000
  0.00041049   0.00000000     0.00002699   0.00000000    -0.00013563  -0.00000000
 -0.00001291  -0.00000000     0.00020347   0.00000000    -0.00055038  -0.00000000
   15    1
  0.00123995   0.00000000     0.00036272   0.00000000     0.00374424   0.00000000
  0.00159782   0.00000000    -0.00160017  -0.00000000    -0.00740274  -0.00000000
  0.00275446   0.00000000    -0.00324375  -0.00000000    -0.00293957  -0.00000000
   15    2
  0.00470179  -0.00000000    -0.00132082   0.00000000     0.00368069  -0.00000000
 -0.00166732   0.00000000     0.00008155  -0.00000000     0.00083048  -0.00000000
  0.00051005  -0.00000000     0.00069723  -0.00000000     0.00539562  -0.00000000
   15    3
  0.05692845  -0.00000000    -0.03383857   0.00000000    -0.04476808   0.00000000
 -0.03304585   0.00000000     0.13611928  -0.00000000     0.13209387  -0.00000000
 -0.04439187   0.00000000     0.13277363  -0.00000000     0.25568012  -0.00000000
   15    4
  0.00048478  -0.00000000     0.00033263  -0.00000000    -0.00017618   0.00000000
  0.00065212  -0.00000000     0.00061453  -0.00000000    -0.00019144   0.00000000
  0.00008203  -0.00000000    -0.00019412   0.00000000    -0.00040800   0.00000000
   15    5
  0.00084445  -0.00000000     0.00018323  -0.00000000    -0.00054804   0.00000000
  0.00010946  -0.00000000     0.00023242  -0.00000000     0.00045648  -0.00000000
  0.00008694  -0.00000000     0.00044361  -0.00000000     0.00026340  -0.00000000
   15    6
 -0.00044510  -0.00000000     0.00025049   0.00000000     0.00026097   0.00000000
  0.00067616   0.00000000    -0.00055416  -0.00000000    -0.00116713  -0.00000000
  0.00030130   0.00000000     0.00031759   0.00000000    -0.00060326  -0.00000000
   15    7
  0.00611664   0.00000000    -0.01966648  -0.00000000    -0.02950048  -0.00000000
 -0.00131554  -0.00000000     0.00540371   0.00000000     0.00635732   0.00000000
 -0.00060688  -0.00000000    -0.00059780  -0.00000000    -0.00103742  -0.00000000
   15    8
 -0.00038729   0.00000000     0.00037620  -0.00000000     0.00021092  -0.00000000
 -0.00046960   0.00000000     0.00002145  -0.00000000     0.00002052  -0.00000000
  0.00004741  -0.00000000    -0.00013704   0.00000000    -0.00018857   0.00000000
   15    9
 -0.00080446   0.00000000     0.00016547  -0.00000000     0.00087549  -0.00000000
  0.00007070  -0.00000000     0.00001628  -0.00000000     0.00008108  -0.00000000
  0.00189104  -0.00000000     0.00011137  -0.00000000    -0.00018938   0.00000000
   15   10
  0.00003225  -0.00000000    -0.00019384   0.00000000    -0.00023658   0.00000000
 -0.00023301   0.00000000     0.00006579  -0.00000000     0.00004610  -0.00000000
 -0.00055724   0.00000000     0.00009730  -0.00000000     0.00007177  -0.00000000
   15   11
 -0.00407701   0.00000000     0.01032503  -0.00000000     0.01699044  -0.00000000
 -0.00791874   0.00000000     0.01690183  -0.00000000     0.02443966  -0.00000000
  0.00077245  -0.00000000    -0.00024433   0.00000000    -0.00071655   0.00000000
   15   12
 -0.00023241   0.00000000    -0.00035672   0.00000000     0.00000226  -0.00000000
  0.00010427  -0.00000000     0.00005565  -0.00000000    -0.00023904   0.00000000
  0.00010328  -0.00000000     0.00014797  -0.00000000    -0.00054431   0.00000000
   15   13
  0.00012026  -0.00000000    -0.00004136   0.00000000    -0.00039022   0.00000000
 -0.00024890   0.00000000     0.00004213  -0.00000000     0.00012867  -0.00000000
 -0.00093412   0.00000000     0.00015803  -0.00000000    -0.00008243   0.00000000
   15   14
 -0.00004429   0.00000000     0.00013888  -0.00000000     0.00028697  -0.00000000
  0.00030039  -0.00000000    -0.00008514   0.00000000    -0.00007349   0.00000000
  0.00047096  -0.00000000    -0.00030383   0.00000000     0.00012192  -0.00000000
   15   15
  0.06912786   0.00000000    -0.03951808   0.00000000    -0.05077053   0.00000000
 -0.03951808   0.00000000     0.15172305   0.00000000     0.14815254   0.00000000
 -0.05077053   0.00000000     0.14815254   0.00000000     0.28357752   0.00000000
   15   16
  0.00001265   0.00000000     0.00024676   0.00000000    -0.00008066  -0.00000000
  0.00024676   0.00000000    -0.00061685  -0.00000000    -0.00004032  -0.00000000
  0.00008066   0.00000000     0.00004032   0.00000000     0.00048225   0.00000000
   15   17
 -0.00000000  -0.00000000    -0.00004646   0.00000000    -0.00042345   0.00000000
 -0.00004646   0.00000000     0.00000000  -0.00000000     0.00015799  -0.00000000
 -0.00042345   0.00000000    -0.00015799   0.00000000     0.00000000   0.00000000
   15   18
  0.00001772  -0.00000000     0.00001348  -0.00000000     0.00017348  -0.00000000
 -0.00001348   0.00000000     0.00002749  -0.00000000     0.00012674  -0.00000000
  0.00017348  -0.00000000    -0.00012674   0.00000000     0.00023188  -0.00000000
   15   19
 -0.00023850   0.00000000    -0.00023130   0.00000000     0.00014678  -0.00000000
 -0.00021571   0.00000000     0.00022037  -0.00000000    -0.00009860   0.00000000
  0.00025547  -0.00000000    -0.00013443   0.00000000    -0.00056337   0.00000000
   15   20
 -0.00057326   0.00000000     0.00521969  -0.00000000     0.00596164  -0.00000000
  0.00526808  -0.00000000    -0.01250050   0.00000000    -0.01692415   0.00000000
 -0.00600408   0.00000000     0.01692505  -0.00000000     0.02136929  -0.00000000
   15   21
  0.00003681   0.00000000     0.00000399   0.00000000     0.00031841   0.00000000
  0.00002636   0.00000000     0.00000298   0.00000000     0.00022574   0.00000000
  0.00023515   0.00000000    -0.00025757  -0.00000000     0.00005049   0.00000000
   15   22
  0.00007015   0.00000000     0.00016483   0.00000000    -0.00050362  -0.00000000
 -0.00018629  -0.00000000    -0.00017733  -0.00000000     0.00028300   0.00000000
 -0.00044697  -0.00000000    -0.00025886  -0.00000000     0.00035897   0.00000000
   16    1
  0.00123995  -0.00000000     0.00036272  -0.00000000    -0.00374424   0.00000000
  0.00159782  -0.00000000    -0.00160017   0.00000000     0.00740274  -0.00000000
 -0.00275446   0.00000000     0.00324375  -0.00000000    -0.00293957   0.00000000
   16    2
 -0.00470179   0.00000000     0.00132082  -0.00000000     0.00368069  -0.00000000
  0.00166732  -0.00000000    -0.00008155   0.00000000     0.00083048  -0.00000000
  0.00051005  -0.00000000     0.00069723  -0.00000000    -0.00539562   0.00000000
   16    3
  0.00048478  -0.00000000     0.00033263  -0.00000000     0.00017618  -0.00000000
  0.00065212  -0.00000000     0.00061453  -0.00000000     0.00019144  -0.00000000
 -0.00008203   0.00000000     0.00019412  -0.00000000    -0.00040800   0.00000000
   16    4
  0.05692845  -0.00000000    -0.03383857   0.00000000     0.04476808  -0.00000000
 -0.03304585   0.00000000     0.13611928  -0.00000000    -0.13209387   0.00000000
  0.04439187  -0.00000000    -0.13277363   0.00000000     0.25568012  -0.00000000
   16    5
 -0.00044510   0.00000000     0.00025049  -0.00000000    -0.00026097   0.00000000
  0.00067616  -0.00000000    -0.00055416   0.00000000     0.00116713  -0.00000000
 -0.00030130   0.00000000    -0.00031759   0.00000000    -0.00060326   0.00000000
   16    6
  0.00084445   0.00000000     0.00018323   0.00000000     0.00054804   0.00000000
  0.00010946   0.00000000     0.00023242   0.00000000    -0.00045648  -0.00000000
 -0.00008694  -0.00000000    -0.00044361  -0.00000000     0.00026340   0.00000000
   16    7
 -0.00038729   0.00000000     0.00037620  -0.00000000    -0.00021092   0.00000000
 -0.00046960   0.00000000     0.00002145  -0.00000000    -0.00002052   0.00000000
 -0.00004741   0.00000000     0.00013704  -0.00000000    -0.00018857   0.00000000
   16    8
  0.00611664  -0.00000000    -0.01966648   0.00000000     0.02950048  -0.00000000
 -0.00131554   0.00000000     0.00540371  -0.00000000    -0.00635732   0.00000000
  0.00060688  -0.00000000     0.00059780  -0.00000000    -0.00103742   0.00000000
   16    9
  0.00003225  -0.00000000    -0.00019384   0.00000000     0.00023658  -0.00000000
 -0.00023301   0.00000000     0.00006579  -0.00000000    -0.00004610   0.00000000
  0.00055724  -0.00000000    -0.00009730   0.00000000     0.00007177  -0.00000000
   16   10
 -0.00080446   0.00000000     0.00016547  -0.00000000    -0.00087549   0.00000000
  0.00007070  -0.00000000     0.00001628  -0.00000000    -0.00008108   0.00000000
 -0.00189104   0.00000000    -0.00011137   0.00000000    -0.00018938   0.00000000
   16   11
 -0.00023241   0.00000000    -0.00035672   0.00000000    -0.00000226   0.00000000
  0.00010427  -0.00000000     0.00005565  -0.00000000     0.00023904  -0.00000000
 -0.00010328   0.00000000    -0.00014797   0.00000000    -0.00054431   0.00000000
   16   12
 -0.00407701   0.00000000     0.01032503  -0.00000000    -0.01699044   0.00000000
 -0.00791874   0.00000000     0.01690183  -0.00000000    -0.02443966   0.00000000
 -0.00077245   0.00000000     0.00024433  -0.00000000    -0.00071655   0.00000000
   16   13
 -0.00004429   0.00000000     0.00013888  -0.00000000    -0.00028697   0.00000000
  0.00030039  -0.00000000    -0.00008514   0.00000000     0.00007349  -0.00000000
 -0.00047096   0.00000000     0.00030383  -0.00000000     0.00012192  -0.00000000
   16   14
  0.00012026  -0.00000000    -0.00004136   0.00000000     0.00039022  -0.00000000
 -0.00024890   0.00000000     0.00004213  -0.00000000    -0.00012867   0.00000000
  0.00093412  -0.00000000    -0.00015803   0.00000000    -0.00008243   0.00000000
   16   15
  0.00001265  -0.00000000     0.00024676  -0.00000000     0.00008066  -0.00000000
  0.00024676  -0.00000000    -0.00061685   0.00000000     0.00004032  -0.00000000
 -0.00008066   0.00000000    -0.00004032   0.00000000     0.00048225  -0.00000000
   16   16
  0.06912786   0.00000000    -0.03951808   0.00000000     0.05077053   0.00000000
 -0.03951808   0.00000000     0.15172305   0.00000000    -0.14815254   0.00000000
  0.05077053   0.00000000    -0.14815254   0.00000000     0.28357752   0.00000000
   16   17
  0.00001772  -0.00000000     0.00001348  -0.00000000    -0.00017348   0.00000000
 -0.00001348   0.00000000     0.00002749  -0.00000000    -0.00012674   0.00000000
 -0.00017348   0.00000000     0.00012674  -0.00000000     0.00023188  -0.00000000
   16   18
 -0.00000000   0.00000000    -0.00004646   0.00000000     0.00042345  -0.00000000
 -0.00004646   0.00000000     0.00000000  -0.00000000    -0.00015799   0.00000000
  0.00042345  -0.00000000     0.00015799  -0.00000000     0.00000000  -0.00000000
   16   19
 -0.00057326   0.00000000     0.00521969  -0.00000000    -0.00596164   0.00000000
  0.00526808  -0.00000000    -0.01250050   0.00000000     0.01692415  -0.00000000
  0.00600408  -0.00000000    -0.01692505   0.00000000     0.02136929  -0.00000000
   16   20
 -0.00023850   0.00000000    -0.00023130   0.00000000    -0.00014678   0.00000000
 -0.00021571   0.00000000     0.00022037  -0.00000000     0.00009860  -0.00000000
 -0.00025547   0.00000000     0.00013443  -0.00000000    -0.00056337   0.00000000
   16   21
  0.00007015   0.00000000     0.00016483   0.00000000     0.00050362   0.00000000
 -0.00018629  -0.00000000    -0.00017733  -0.00000000    -0.00028300  -0.00000000
  0.00044697   0.00000000     0.00025886   0.00000000     0.00035897   0.00000000
   16   22
  0.00003681  -0.00000000     0.00000399  -0.00000000    -0.00031841   0.00000000
  0.00002636  -0.00000000     0.00000298  -0.00000000    -0.00022574   0.00000000
 -0.00023515   0.00000000     0.00025757  -0.00000000     0.00005049  -0.00000000
   17    1
 -0.00470179  -0.00000000    -0.00132082  -0.00000000     0.00368069   0.00000000
 -0.00166732  -0.00000000    -0.00008155  -0.00000000    -0.00083048  -0.00000000
  0.00051005   0.00000000    -0.00069723  -0.00000000    -0.00539562  -0.00000000
   17    2
  0.00123995   0.00000000    -0.00036272  -0.00000000    -0.00374424  -0.00000000
 -0.00159782  -0.00000000    -0.00160017  -0.00000000    -0.00740274  -0.00000000
 -0.00275446  -0.00000000    -0.00324375  -0.00000000    -0.00293957  -0.00000000
   17    3
  0.00084445   0.00000000    -0.00018323  -0.00000000     0.00054804   0.00000000
 -0.00010946  -0.00000000     0.00023242   0.00000000     0.00045648   0.00000000
 -0.00008694  -0.00000000     0.00044361   0.00000000     0.00026340   0.00000000
   17    4
  0.00044510  -0.00000000     0.00025049  -0.00000000     0.00026097  -0.00000000
  0.00067616  -0.00000000     0.00055416  -0.00000000     0.00116713  -0.00000000
  0.00030130  -0.00000000    -0.00031759   0.00000000     0.00060326  -0.00000000
   17    5
 -0.05692845  -0.00000000    -0.03383857  -0.00000000    -0.04476808  -0.00000000
 -0.03304585  -0.00000000    -0.13611928  -0.00000000    -0.13209387  -0.00000000
 -0.04439187  -0.00000000    -0.13277363  -0.00000000    -0.25568012  -0.00000000
   17    6
  0.00048478   0.00000000    -0.00033263  -0.00000000     0.00017618   0.00000000
 -0.00065212  -0.00000000     0.00061453   0.00000000    -0.00019144  -0.00000000
 -0.00008203  -0.00000000    -0.00019412  -0.00000000    -0.00040800  -0.00000000
   17    7
  0.00080446   0.00000000     0.00016547   0.00000000     0.00087549   0.00000000
  0.00007070   0.00000000    -0.00001628  -0.00000000    -0.00008108  -0.00000000
  0.00189104   0.00000000    -0.00011137  -0.00000000     0.00018938   0.00000000
   17    8
  0.00003225   0.00000000     0.00019384   0.00000000     0.00023658   0.00000000
  0.00023301   0.00000000     0.00006579   0.00000000     0.00004610   0.00000000
  0.00055724   0.00000000     0.00009730   0.00000000     0.00007177   0.00000000
   17    9
  0.00611664  -0.00000000     0.01966648  -0.00000000     0.02950048  -0.00000000
  0.00131554  -0.00000000     0.00540371  -0.00000000     0.00635732  -0.00000000
  0.00060688  -0.00000000    -0.00059780   0.00000000    -0.00103742   0.00000000
   17   10
  0.00038729   0.00000000     0.00037620   0.00000000     0.00021092   0.00000000
 -0.00046960  -0.00000000    -0.00002145  -0.00000000    -0.00002052  -0.00000000
  0.00004741   0.00000000     0.00013704   0.00000000     0.00018857   0.00000000
   17   11
  0.00012026   0.00000000     0.00004136   0.00000000     0.00039022   0.00000000
  0.00024890   0.00000000     0.00004213   0.00000000     0.00012867   0.00000000
  0.00093412   0.00000000     0.00015803   0.00000000    -0.00008243  -0.00000000
   17   12
  0.00004429   0.00000000     0.00013888   0.00000000     0.00028697   0.00000000
  0.00030039   0.00000000     0.00008514   0.00000000     0.00007349   0.00000000
  0.00047096   0.00000000     0.00030383   0.00000000    -0.00012192  -0.00000000
   17   13
  0.00407701   0.00000000     0.01032503   0.00000000     0.01699044   0.00000000
 -0.00791874  -0.00000000    -0.01690183  -0.00000000    -0.02443966  -0.00000000
  0.00077245   0.00000000     0.00024433   0.00000000     0.00071655   0.00000000
   17   14
 -0.00023241  -0.00000000     0.00035672   0.00000000    -0.00000226  -0.00000000
 -0.00010427  -0.00000000     0.00005565   0.00000000    -0.00023904  -0.00000000
 -0.00010328  -0.00000000     0.00014797   0.00000000    -0.00054431  -0.00000000
   17   15
  0.00000000   0.00000000    -0.00004646  -0.00000000    -0.00042345  -0.00000000
 -0.00004646  -0.00000000    -0.00000000  -0.00000000    -0.00015799  -0.00000000
 -0.00042345  -0.00000000     0.00015799   0.00000000    -0.00000000  -0.00000000
   17   16
  0.00001772   0.00000000    -0.00001348  -0.00000000    -0.00017348  -0.00000000
  0.00001348   0.00000000     0.00002749   0.00000000     0.00012674   0.00000000
 -0.00017348  -0.00000000    -0.00012674  -0.00000000     0.00023188   0.00000000
   17   17
  0.06912786   0.00000000     0.03951808   0.00000000     0.05077053   0.00000000
  0.03951808   0.00000000     0.15172305   0.00000000     0.14815254   0.00000000
  0.05077053   0.00000000     0.14815254   0.00000000     0.28357752   0.00000000
   17   18
 -0.00001265   0.00000000     0.00024676  -0.00000000    -0.00008066   0.00000000
  0.00024676  -0.00000000     0.00061685  -0.00000000     0.00004032  -0.00000000
  0.00008066  -0.00000000    -0.00004032   0.00000000    -0.00048225   0.00000000
   17   19
 -0.00003681   0.00000000     0.00000399  -0.00000000     0.00031841  -0.00000000
  0.00002636  -0.00000000    -0.00000298   0.00000000    -0.00022574   0.00000000
  0.00023515  -0.00000000     0.00025757  -0.00000000    -0.00005049   0.00000000
   17   20
  0.00007015   0.00000000    -0.00016483  -0.00000000     0.00050362   0.00000000
  0.00018629   0.00000000    -0.00017733  -0.00000000     0.00028300   0.00000000
  0.00044697   0.00000000    -0.00025886  -0.00000000     0.00035897   0.00000000
   17   21
 -0.00023850  -0.00000000     0.00023130   0.00000000    -0.00014678  -0.00000000
  0.00021571   0.00000000     0.00022037   0.00000000    -0.00009860  -0.00000000
 -0.00025547  -0.00000000    -0.00013443  -0.00000000    -0.00056337  -0.00000000
   17   22
  0.00057326   0.00000000     0.00521969   0.00000000     0.00596164   0.00000000
  0.00526808   0.00000000     0.01250050   0.00000000     0.01692415   0.00000000
 -0.00600408  -0.00000000    -0.01692505  -0.00000000    -0.02136929  -0.00000000
   18    1
 -0.00470179  -0.00000000    -0.00132082  -0.00000000    -0.00368069  -0.00000000
 -0.00166732  -0.00000000    -0.00008155  -0.00000000     0.00083048   0.00000000
 -0.00051005  -0.00000000     0.00069723   0.00000000    -0.00539562  -0.00000000
   18    2
 -0.00123995  -0.00000000     0.00036272   0.00000000    -0.00374424  -0.00000000
  0.00159782   0.00000000     0.00160017   0.00000000    -0.00740274  -0.00000000
 -0.00275446  -0.00000000    -0.00324375  -0.00000000     0.00293957   0.00000000
   18    3
  0.00044510   0.00000000     0.00025049   0.00000000    -0.00026097  -0.00000000
  0.00067616   0.00000000     0.00055416   0.00000000    -0.00116713  -0.00000000
 -0.00030130  -0.00000000     0.00031759   0.00000000     0.00060326   0.00000000
   18    4
  0.00084445   0.00000000    -0.00018323  -0.00000000    -0.00054804  -0.00000000
 -0.00010946  -0.00000000     0.00023242   0.00000000    -0.00045648  -0.00000000
  0.00008694   0.00000000    -0.00044361  -0.00000000     0.00026340   0.00000000
   18    5
  0.00048478   0.00000000    -0.00033263  -0.00000000    -0.00017618  -0.00000000
 -0.00065212  -0.00000000     0.00061453   0.00000000     0.00019144   0.00000000
  0.00008203   0.00000000     0.00019412   0.00000000    -0.00040800  -0.00000000
   18    6
 -0.05692845  -0.00000000    -0.03383857  -0.00000000     0.04476808   0.00000000
 -0.03304585  -0.00000000    -0.13611928  -0.00000000     0.13209387   0.00000000
  0.04439187   0.00000000     0.13277363   0.00000000    -0.25568012  -0.00000000
   18    7
  0.00003225   0.00000000     0.00019384   0.00000000    -0.00023658  -0.00000000
  0.00023301   0.00000000     0.00006579   0.00000000    -0.00004610  -0.00000000
 -0.00055724  -0.00000000    -0.00009730  -0.00000000     0.00007177   0.00000000
   18    8
  0.00080446   0.00000000     0.00016547   0.00000000    -0.00087549  -0.00000000
  0.00007070   0.00000000    -0.00001628  -0.00000000     0.00008108   0.00000000
 -0.00189104  -0.00000000     0.00011137   0.00000000     0.00018938   0.00000000
   18    9
  0.00038729   0.00000000     0.00037620   0.00000000    -0.00021092  -0.00000000
 -0.00046960  -0.00000000    -0.00002145  -0.00000000     0.00002052   0.00000000
 -0.00004741  -0.00000000    -0.00013704  -0.00000000     0.00018857   0.00000000
   18   10
  0.00611664   0.00000000     0.01966648   0.00000000    -0.02950048  -0.00000000
  0.00131554   0.00000000     0.00540371   0.00000000    -0.00635732  -0.00000000
 -0.00060688  -0.00000000     0.00059780   0.00000000    -0.00103742  -0.00000000
   18   11
  0.00004429   0.00000000     0.00013888   0.00000000    -0.00028697  -0.00000000
  0.00030039   0.00000000     0.00008514   0.00000000    -0.00007349  -0.00000000
 -0.00047096  -0.00000000    -0.00030383  -0.00000000    -0.00012192  -0.00000000
   18   12
  0.00012026   0.00000000     0.00004136   0.00000000    -0.00039022  -0.00000000
  0.00024890   0.00000000     0.00004213   0.00000000    -0.00012867  -0.00000000
 -0.00093412  -0.00000000    -0.00015803  -0.00000000    -0.00008243  -0.00000000
   18   13
 -0.00023241  -0.00000000     0.00035672   0.00000000     0.00000226   0.00000000
 -0.00010427  -0.00000000     0.00005565   0.00000000     0.00023904   0.00000000
  0.00010328   0.00000000    -0.00014797  -0.00000000    -0.00054431  -0.00000000
   18   14
  0.00407701   0.00000000     0.01032503   0.00000000    -0.01699044  -0.00000000
 -0.00791874  -0.00000000    -0.01690183  -0.00000000     0.02443966   0.00000000
 -0.00077245  -0.00000000    -0.00024433  -0.00000000     0.00071655   0.00000000
   18   15
  0.00001772   0.00000000    -0.00001348  -0.00000000     0.00017348   0.00000000
  0.00001348   0.00000000     0.00002749   0.00000000    -0.00012674  -0.00000000
  0.00017348   0.00000000     0.00012674   0.00000000     0.00023188   0.00000000
   18   16
  0.00000000  -0.00000000    -0.00004646  -0.00000000     0.00042345   0.00000000
 -0.00004646  -0.00000000    -0.00000000  -0.00000000     0.00015799   0.00000000
  0.00042345   0.00000000    -0.00015799  -0.00000000    -0.00000000   0.00000000
   18   17
 -0.00001265  -0.00000000     0.00024676   0.00000000     0.00008066   0.00000000
  0.00024676   0.00000000     0.00061685   0.00000000    -0.00004032  -0.00000000
 -0.00008066  -0.00000000     0.00004032   0.00000000    -0.00048225  -0.00000000
   18   18
  0.06912786   0.00000000     0.03951808   0.00000000    -0.05077053   0.00000000
  0.03951808   0.00000000     0.15172305   0.00000000    -0.14815254   0.00000000
 -0.05077053   0.00000000    -0.14815254   0.00000000     0.28357752   0.00000000
   18   19
  0.00007015  -0.00000000    -0.00016483   0.00000000    -0.00050362   0.00000000
  0.00018629  -0.00000000    -0.00017733   0.00000000    -0.00028300   0.00000000
 -0.00044697   0.00000000     0.00025886  -0.00000000     0.00035897  -0.00000000
   18   20
 -0.00003681  -0.00000000     0.00000399   0.00000000    -0.00031841  -0.00000000
  0.00002636   0.00000000    -0.00000298  -0.00000000     0.00022574   0.00000000
 -0.00023515  -0.00000000    -0.00025757  -0.00000000    -0.00005049  -0.00000000
   18   21
  0.00057326   0.00000000     0.00521969   0.00000000    -0.00596164  -0.00000000
  0.00526808   0.00000000     0.01250050   0.00000000    -0.01692415  -0.00000000
  0.00600408   0.00000000     0.01692505   0.00000000    -0.02136929  -0.00000000
   18   22
 -0.00023850  -0.00000000     0.00023130   0.00000000     0.00014678   0.00000000
  0.00021571   0.00000000     0.00022037   0.00000000     0.00009860   0.00000000
  0.00025547   0.00000000     0.00013443   0.00000000    -0.00056337  -0.00000000
   19    1
  0.00126949   0.00000000     0.00040640   0.00000000     0.00328181   0.00000000
  0.00147486   0.00000000    -0.00145484  -0.00000000    -0.00804991  -0.00000000
  0.00240658   0.00000000    -0.00335073  -0.00000000    -0.00297883  -0.00000000
   19    2
  0.00484815   0.00000000    -0.00124710  -0.00000000     0.00372080   0.00000000
 -0.00182847  -0.00000000    -0.00007109  -0.00000000     0.00027247   0.00000000
  0.00054589   0.00000000     0.00032710   0.00000000     0.00504106   0.00000000
   19    3
 -0.00050981  -0.00000000    -0.00023532  -0.00000000     0.00007132   0.00000000
 -0.00066785  -0.00000000    -0.00056089  -0.00000000    -0.00000561  -0.00000000
 -0.00014873  -0.00000000     0.00032407   0.00000000     0.00057750   0.00000000
   19    4
 -0.05697211  -0.00000000     0.03362875   0.00000000     0.04468072   0.00000000
  0.03310788   0.00000000    -0.13630060  -0.00000000    -0.13209361  -0.00000000
  0.04433539   0.00000000    -0.13264819  -0.00000000    -0.25537951  -0.00000000
   19    5
 -0.00051075  -0.00000000     0.00037664   0.00000000     0.00016640   0.00000000
  0.00050474   0.00000000    -0.00067519  -0.00000000    -0.00122902  -0.00000000
  0.00039800   0.00000000     0.00025981   0.00000000    -0.00061261  -0.00000000
   19    6
  0.00083745   0.00000000     0.00008403   0.00000000    -0.00043011  -0.00000000
  0.00016962   0.00000000     0.00022830   0.00000000     0.00032510   0.00000000
  0.00000365   0.00000000     0.00058420   0.00000000     0.00015438   0.00000000
   19    7
  0.00031382   0.00000000    -0.00029495  -0.00000000    -0.00022899  -0.00000000
  0.00050288   0.00000000     0.00001457   0.00000000    -0.00012597  -0.00000000
 -0.00012182  -0.00000000     0.00018891   0.00000000     0.00012444   0.00000000
   19    8
 -0.00610412  -0.00000000     0.01958685   0.00000000     0.02951965   0.00000000
  0.00133760   0.00000000    -0.00543684  -0.00000000    -0.00641134  -0.00000000
  0.00063295   0.00000000     0.00056446   0.00000000     0.00095174   0.00000000
   19    9
  0.00000399   0.00000000    -0.00023895  -0.00000000    -0.00024161  -0.00000000
 -0.00020006  -0.00000000     0.00011656   0.00000000     0.00002198   0.00000000
 -0.00057118  -0.00000000     0.00011374   0.00000000     0.00005217   0.00000000
   19   10
 -0.00082314  -0.00000000     0.00011700   0.00000000     0.00082732   0.00000000
 -0.00001111  -0.00000000     0.00004255   0.00000000     0.00008402   0.00000000
  0.00182654   0.00000000     0.00011310   0.00000000    -0.00013914  -0.00000000
   19   11
  0.00022591   0.00000000     0.00041049   0.00000000     0.00001291   0.00000000
 -0.00014029  -0.00000000    -0.00002699  -0.00000000     0.00020347   0.00000000
 -0.00008369  -0.00000000    -0.00013563  -0.00000000     0.00055038   0.00000000
   19   12
  0.00407748   0.00000000    -0.01035563  -0.00000000    -0.01705057  -0.00000000
  0.00794880   0.00000000    -0.01694257  -0.00000000    -0.02443297  -0.00000000
 -0.00074806  -0.00000000     0.00027268   0.00000000     0.00073227   0.00000000
   19   13
 -0.00005574  -0.00000000     0.00013289   0.00000000     0.00025503   0.00000000
  0.00024733   0.00000000    -0.00015063  -0.00000000    -0.00004883  -0.00000000
  0.00042108   0.00000000    -0.00036711  -0.00000000     0.00006848   0.00000000
   19   14
  0.00015002   0.00000000    -0.00007877  -0.00000000    -0.00035356  -0.00000000
 -0.00033487  -0.00000000     0.00008287   0.00000000     0.00008313   0.00000000
 -0.00097917  -0.00000000     0.00022020   0.00000000    -0.00013697  -0.00000000
   19   15
 -0.00023850  -0.00000000    -0.00021571  -0.00000000     0.00025547   0.00000000
 -0.00023130  -0.00000000     0.00022037   0.00000000    -0.00013443  -0.00000000
  0.00014678   0.00000000    -0.00009860  -0.00000000    -0.00056337  -0.00000000
   19   16
 -0.00057326  -0.00000000     0.00526808   0.00000000     0.00600408   0.00000000
  0.00521969   0.00000000    -0.01250050  -0.00000000    -0.01692505  -0.00000000
 -0.00596164  -0.00000000     0.01692415   0.00000000     0.02136929   0.00000000
   19   17
 -0.00003681  -0.00000000     0.00002636   0.00000000     0.00023515   0.00000000
  0.00000399   0.00000000    -0.00000298  -0.00000000     0.00025757   0.00000000
  0.00031841   0.00000000    -0.00022574  -0.00000000    -0.00005049  -0.00000000
   19   18
  0.00007015   0.00000000     0.00018629   0.00000000    -0.00044697  -0.00000000
 -0.00016483  -0.00000000    -0.00017733  -0.00000000     0.00025886   0.00000000
 -0.00050362  -0.00000000    -0.00028300  -0.00000000     0.00035897   0.00000000
   19   19
  0.06907480   0.00000000    -0.03951593   0.00000000    -0.05076038   0.00000000
 -0.03951593   0.00000000     0.15168938   0.00000000     0.14816754   0.00000000
 -0.05076038   0.00000000     0.14816754   0.00000000     0.28368674   0.00000000
   19   20
  0.00004429   0.00000000     0.00022798   0.00000000     0.00000512   0.00000000
  0.00022798   0.00000000    -0.00055308  -0.00000000    -0.00006706  -0.00000000
 -0.00000512  -0.00000000     0.00006706   0.00000000     0.00062738   0.00000000
   19   21
  0.00000000  -0.00000000    -0.00007538  -0.00000000    -0.00045095  -0.00000000
 -0.00007538  -0.00000000    -0.00000000   0.00000000     0.00006344   0.00000000
 -0.00045095  -0.00000000    -0.00006344  -0.00000000     0.00000000  -0.00000000
   19   22
 -0.00002857  -0.00000000     0.00000624   0.00000000     0.00019949   0.00000000
 -0.00000624  -0.00000000     0.00001151   0.00000000     0.00010576   0.00000000
  0.00019949   0.00000000    -0.00010576  -0.00000000     0.00024900   0.00000000
   20    1
  0.00126949   0.00000000     0.00040640   0.00000000    -0.00328181  -0.00000000
  0.00147486   0.00000000    -0.00145484  -0.00000000     0.00804991   0.00000000
 -0.00240658  -0.00000000     0.00335073   0.00000000    -0.00297883  -0.00000000
   20    2
 -0.00484815   0.00000000     0.00124710  -0.00000000     0.00372080  -0.00000000
  0.00182847  -0.00000000     0.00007109  -0.00000000     0.00027247  -0.00000000
  0.00054589  -0.00000000     0.00032710  -0.00000000    -0.00504106   0.00000000
   20    3
 -0.05697211   0.00000000     0.03362875  -0.00000000    -0.04468072   0.00000000
  0.03310788  -0.00000000    -0.13630060   0.00000000     0.13209361  -0.00000000
 -0.04433539   0.00000000     0.13264819  -0.00000000    -0.25537951   0.00000000
   20    4
 -0.00050981   0.00000000    -0.00023532   0.00000000    -0.00007132   0.00000000
 -0.00066785   0.00000000    -0.00056089   0.00000000     0.00000561  -0.00000000
  0.00014873  -0.00000000    -0.00032407   0.00000000     0.00057750  -0.00000000
   20    5
  0.00083745   0.00000000     0.00008403   0.00000000     0.00043011   0.00000000
  0.00016962   0.00000000     0.00022830   0.00000000    -0.00032510  -0.00000000
 -0.00000365  -0.00000000    -0.00058420  -0.00000000     0.00015438   0.00000000
   20    6
 -0.00051075  -0.00000000     0.00037664   0.00000000    -0.00016640  -0.00000000
  0.00050474   0.00000000    -0.00067519  -0.00000000     0.00122902   0.00000000
 -0.00039800  -0.00000000    -0.00025981  -0.00000000    -0.00061261  -0.00000000
   20    7
 -0.00610412   0.00000000     0.01958685  -0.00000000    -0.02951965   0.00000000
  0.00133760  -0.00000000    -0.00543684   0.00000000     0.00641134  -0.00000000
 -0.00063295   0.00000000    -0.00056446   0.00000000     0.00095174  -0.00000000
   20    8
  0.00031382  -0.00000000    -0.00029495   0.00000000     0.00022899  -0.00000000
  0.00050288  -0.00000000     0.00001457  -0.00000000     0.00012597  -0.00000000
  0.00012182  -0.00000000    -0.00018891   0.00000000     0.00012444  -0.00000000
   20    9
 -0.00082314   0.00000000     0.00011700  -0.00000000    -0.00082732   0.00000000
 -0.00001111   0.00000000     0.00004255  -0.00000000    -0.00008402   0.00000000
 -0.00182654   0.00000000    -0.00011310   0.00000000    -0.00013914   0.00000000
   20   10
  0.00000399  -0.00000000    -0.00023895   0.00000000     0.00024161  -0.00000000
 -0.00020006   0.00000000     0.00011656  -0.00000000    -0.00002198   0.00000000
  0.00057118  -0.00000000    -0.00011374   0.00000000     0.00005217  -0.00000000
   20   11
  0.00407748  -0.00000000    -0.01035563   0.00000000     0.01705057  -0.00000000
  0.00794880  -0.00000000    -0.01694257   0.00000000     0.02443297  -0.00000000
  0.00074806  -0.00000000    -0.00027268   0.00000000     0.00073227  -0.00000000
   20   12
  0.00022591  -0.00000000     0.00041049  -0.00000000    -0.00001291   0.00000000
 -0.00014029   0.00000000    -0.00002699   0.00000000    -0.00020347   0.00000000
  0.00008369  -0.00000000     0.00013563  -0.00000000     0.00055038  -0.00000000
   20   13
  0.00015002  -0.00000000    -0.00007877   0.00000000     0.00035356  -0.00000000
 -0.00033487   0.00000000     0.00008287  -0.00000000    -0.00008313   0.00000000
  0.00097917  -0.00000000    -0.00022020   0.00000000    -0.00013697   0.00000000
   20   14
 -0.00005574   0.00000000     0.00013289  -0.00000000    -0.00025503   0.00000000
  0.00024733  -0.00000000    -0.00015063   0.00000000     0.00004883  -0.00000000
 -0.00042108   0.00000000     0.00036711  -0.00000000     0.00006848  -0.00000000
   20   15
 -0.00057326  -0.00000000     0.00526808   0.00000000    -0.00600408  -0.00000000
  0.00521969   0.00000000    -0.01250050  -0.00000000     0.01692505   0.00000000
  0.00596164   0.00000000    -0.01692415  -0.00000000     0.02136929   0.00000000
   20   16
 -0.00023850  -0.00000000    -0.00021571  -0.00000000    -0.00025547  -0.00000000
 -0.00023130  -0.00000000     0.00022037   0.00000000     0.00013443   0.00000000
 -0.00014678  -0.00000000     0.00009860   0.00000000    -0.00056337  -0.00000000
   20   17
  0.00007015  -0.00000000     0.00018629  -0.00000000     0.00044697  -0.00000000
 -0.00016483   0.00000000    -0.00017733   0.00000000    -0.00025886   0.00000000
  0.00050362  -0.00000000     0.00028300  -0.00000000     0.00035897  -0.00000000
   20   18
 -0.00003681   0.00000000     0.00002636  -0.00000000    -0.00023515   0.00000000
  0.00000399  -0.00000000    -0.00000298   0.00000000    -0.00025757   0.00000000
 -0.00031841   0.00000000     0.00022574  -0.00000000    -0.00005049   0.00000000
   20   19
  0.00004429  -0.00000000     0.00022798  -0.00000000    -0.00000512   0.00000000
  0.00022798  -0.00000000    -0.00055308   0.00000000     0.00006706  -0.00000000
  0.00000512  -0.00000000    -0.00006706   0.00000000     0.00062738  -0.00000000
   20   20
  0.06907480   0.00000000    -0.03951593   0.00000000     0.05076038   0.00000000
 -0.03951593   0.00000000     0.15168938   0.00000000    -0.14816754   0.00000000
  0.05076038   0.00000000    -0.14816754   0.00000000     0.28368674   0.00000000
   20   21
 -0.00002857  -0.00000000     0.00000624   0.00000000    -0.00019949  -0.00000000
 -0.00000624  -0.00000000     0.00001151   0.00000000    -0.00010576  -0.00000000
 -0.00019949  -0.00000000     0.00010576   0.00000000     0.00024900   0.00000000
   20   22
  0.00000000   0.00000000    -0.00007538   0.00000000     0.00045095  -0.00000000
 -0.00007538   0.00000000    -0.00000000  -0.00000000    -0.00006344   0.00000000
  0.00045095  -0.00000000     0.00006344  -0.00000000     0.00000000   0.00000000
   21    1
 -0.00484815   0.00000000    -0.00124710   0.00000000     0.00372080  -0.00000000
 -0.00182847   0.00000000     0.00007109  -0.00000000    -0.00027247   0.00000000
  0.00054589  -0.00000000    -0.00032710   0.00000000    -0.00504106   0.00000000
   21    2
  0.00126949  -0.00000000    -0.00040640   0.00000000    -0.00328181   0.00000000
 -0.00147486   0.00000000    -0.00145484   0.00000000    -0.00804991   0.00000000
 -0.00240658   0.00000000    -0.00335073   0.00000000    -0.00297883   0.00000000
   21    3
 -0.00051075   0.00000000    -0.00037664   0.00000000    -0.00016640   0.00000000
 -0.00050474   0.00000000    -0.00067519   0.00000000    -0.00122902   0.00000000
 -0.00039800   0.00000000     0.00025981  -0.00000000    -0.00061261   0.00000000
   21    4
 -0.00083745   0.00000000     0.00008403  -0.00000000    -0.00043011   0.00000000
  0.00016962  -0.00000000    -0.00022830   0.00000000    -0.00032510   0.00000000
  0.00000365  -0.00000000    -0.00058420   0.00000000    -0.00015438   0.00000000
   21    5
  0.00050981  -0.00000000    -0.00023532   0.00000000     0.00007132  -0.00000000
 -0.00066785   0.00000000     0.00056089  -0.00000000     0.00000561  -0.00000000
 -0.00014873   0.00000000    -0.00032407   0.00000000    -0.00057750   0.00000000
   21    6
 -0.05697211   0.00000000    -0.03362875   0.00000000    -0.04468072   0.00000000
 -0.03310788   0.00000000    -0.13630060   0.00000000    -0.13209361   0.00000000
 -0.04433539   0.00000000    -0.13264819   0.00000000    -0.25537951   0.00000000
   21    7
 -0.00000399   0.00000000    -0.00023895   0.00000000    -0.00024161   0.00000000
 -0.00020006   0.00000000    -0.00011656   0.00000000    -0.00002198   0.00000000
 -0.00057118   0.00000000    -0.00011374   0.00000000    -0.00005217   0.00000000
   21    8
 -0.00082314   0.00000000    -0.00011700   0.00000000    -0.00082732   0.00000000
  0.00001111  -0.00000000     0.00004255  -0.00000000     0.00008402  -0.00000000
 -0.00182654   0.00000000     0.00011310  -0.00000000    -0.00013914   0.00000000
   21    9
  0.00031382  -0.00000000     0.00029495  -0.00000000     0.00022899  -0.00000000
 -0.00050288   0.00000000     0.00001457  -0.00000000    -0.00012597   0.00000000
  0.00012182  -0.00000000     0.00018891  -0.00000000     0.00012444  -0.00000000
   21   10
  0.00610412  -0.00000000     0.01958685  -0.00000000     0.02951965  -0.00000000
  0.00133760  -0.00000000     0.00543684  -0.00000000     0.00641134  -0.00000000
  0.00063295  -0.00000000    -0.00056446   0.00000000    -0.00095174   0.00000000
   21   11
 -0.00005574   0.00000000    -0.00013289   0.00000000    -0.00025503   0.00000000
 -0.00024733   0.00000000    -0.00015063   0.00000000    -0.00004883   0.00000000
 -0.00042108   0.00000000    -0.00036711   0.00000000     0.00006848  -0.00000000
   21   12
 -0.00015002   0.00000000    -0.00007877   0.00000000    -0.00035356   0.00000000
 -0.00033487   0.00000000    -0.00008287   0.00000000    -0.00008313   0.00000000
 -0.00097917   0.00000000    -0.00022020   0.00000000     0.00013697  -0.00000000
   21   13
 -0.00022591   0.00000000     0.00041049  -0.00000000     0.00001291  -0.00000000
 -0.00014029   0.00000000     0.00002699  -0.00000000    -0.00020347   0.00000000
 -0.00008369   0.00000000     0.00013563  -0.00000000    -0.00055038   0.00000000
   21   14
  0.00407748  -0.00000000     0.01035563  -0.00000000     0.01705057  -0.00000000
 -0.00794880   0.00000000    -0.01694257   0.00000000    -0.02443297   0.00000000
  0.00074806  -0.00000000     0.00027268  -0.00000000     0.00073227  -0.00000000
   21   15
  0.00003681  -0.00000000     0.00002636  -0.00000000     0.00023515  -0.00000000
  0.00000399  -0.00000000     0.00000298  -0.00000000    -0.00025757   0.00000000
  0.00031841  -0.00000000     0.00022574  -0.00000000     0.00005049  -0.00000000
   21   16
  0.00007015  -0.00000000    -0.00018629   0.00000000     0.00044697  -0.00000000
  0.00016483  -0.00000000    -0.00017733   0.00000000     0.00025886  -0.00000000
  0.00050362  -0.00000000    -0.00028300   0.00000000     0.00035897  -0.00000000
   21   17
 -0.00023850   0.00000000     0.00021571  -0.00000000    -0.00025547   0.00000000
  0.00023130  -0.00000000     0.00022037  -0.00000000    -0.00013443   0.00000000
 -0.00014678   0.00000000    -0.00009860   0.00000000    -0.00056337   0.00000000
   21   18
  0.00057326  -0.00000000     0.00526808  -0.00000000     0.00600408  -0.00000000
  0.00521969  -0.00000000     0.01250050  -0.00000000     0.01692505  -0.00000000
 -0.00596164   0.00000000    -0.01692415   0.00000000    -0.02136929   0.00000000
   21   19
 -0.00000000   0.00000000    -0.00007538   0.00000000    -0.00045095   0.00000000
 -0.00007538   0.00000000     0.00000000  -0.00000000    -0.00006344   0.00000000
 -0.00045095   0.00000000     0.00006344  -0.00000000    -0.00000000   0.00000000
   21   20
 -0.00002857   0.00000000    -0.00000624   0.00000000    -0.00019949   0.00000000
  0.00000624  -0.00000000     0.00001151  -0.00000000     0.00010576  -0.00000000
 -0.00019949   0.00000000    -0.00010576   0.00000000     0.00024900  -0.00000000
   21   21
  0.06907480   0.00000000     0.03951593   0.00000000     0.05076038   0.00000000
  0.03951593   0.00000000     0.15168938   0.00000000     0.14816754   0.00000000
  0.05076038   0.00000000     0.14816754   0.00000000     0.28368674   0.00000000
   21   22
 -0.00004429   0.00000000     0.00022798  -0.00000000     0.00000512  -0.00000000
  0.00022798  -0.00000000     0.00055308  -0.00000000     0.00006706  -0.00000000
 -0.00000512   0.00000000    -0.00006706   0.00000000    -0.00062738   0.00000000
   22    1
 -0.00484815  -0.00000000    -0.00124710  -0.00000000    -0.00372080  -0.00000000
 -0.00182847  -0.00000000     0.00007109   0.00000000     0.00027247   0.00000000
 -0.00054589  -0.00000000     0.00032710   0.00000000    -0.00504106  -0.00000000
   22    2
 -0.00126949   0.00000000     0.00040640  -0.00000000    -0.00328181   0.00000000
  0.00147486  -0.00000000     0.00145484  -0.00000000    -0.00804991   0.00000000
 -0.00240658   0.00000000    -0.00335073   0.00000000     0.00297883  -0.00000000
   22    3
 -0.00083745   0.00000000     0.00008403  -0.00000000     0.00043011  -0.00000000
  0.00016962  -0.00000000    -0.00022830   0.00000000     0.00032510  -0.00000000
 -0.00000365   0.00000000     0.00058420  -0.00000000    -0.00015438   0.00000000
   22    4
 -0.00051075   0.00000000    -0.00037664   0.00000000     0.00016640  -0.00000000
 -0.00050474   0.00000000    -0.00067519   0.00000000     0.00122902  -0.00000000
  0.00039800  -0.00000000    -0.00025981   0.00000000    -0.00061261   0.00000000
   22    5
 -0.05697211  -0.00000000    -0.03362875  -0.00000000     0.04468072   0.00000000
 -0.03310788  -0.00000000    -0.13630060  -0.00000000     0.13209361   0.00000000
  0.04433539   0.00000000     0.13264819   0.00000000    -0.25537951  -0.00000000
   22    6
  0.00050981   0.00000000    -0.00023532  -0.00000000    -0.00007132  -0.00000000
 -0.00066785  -0.00000000     0.00056089   0.00000000    -0.00000561  -0.00000000
  0.00014873   0.00000000     0.00032407   0.00000000    -0.00057750  -0.00000000
   22    7
 -0.00082314   0.00000000    -0.00011700   0.00000000     0.00082732  -0.00000000
  0.00001111  -0.00000000     0.00004255  -0.00000000    -0.00008402   0.00000000
  0.00182654  -0.00000000    -0.00011310   0.00000000    -0.00013914   0.00000000
   22    8
 -0.00000399   0.00000000    -0.00023895   0.00000000     0.00024161  -0.00000000
 -0.00020006   0.00000000    -0.00011656   0.00000000     0.00002198  -0.00000000
  0.00057118  -0.00000000     0.00011374  -0.00000000    -0.00005217   0.00000000
   22    9
  0.00610412  -0.00000000     0.01958685  -0.00000000    -0.02951965   0.00000000
  0.00133760  -0.00000000     0.00543684  -0.00000000    -0.00641134   0.00000000
 -0.00063295   0.00000000     0.00056446  -0.00000000    -0.00095174   0.00000000
   22   10
  0.00031382  -0.00000000     0.00029495  -0.00000000    -0.00022899   0.00000000
 -0.00050288   0.00000000     0.00001457  -0.00000000     0.00012597  -0.00000000
 -0.00012182   0.00000000    -0.00018891   0.00000000     0.00012444  -0.00000000
   22   11
 -0.00015002   0.00000000    -0.00007877   0.00000000     0.00035356  -0.00000000
 -0.00033487   0.00000000    -0.00008287   0.00000000     0.00008313  -0.00000000
  0.00097917  -0.00000000     0.00022020  -0.00000000     0.00013697  -0.00000000
   22   12
 -0.00005574   0.00000000    -0.00013289   0.00000000     0.00025503  -0.00000000
 -0.00024733   0.00000000    -0.00015063   0.00000000     0.00004883  -0.00000000
  0.00042108  -0.00000000     0.00036711  -0.00000000     0.00006848  -0.00000000
   22   13
  0.00407748  -0.00000000     0.01035563  -0.00000000    -0.01705057   0.00000000
 -0.00794880   0.00000000    -0.01694257   0.00000000     0.02443297  -0.00000000
 -0.00074806   0.00000000    -0.00027268   0.00000000     0.00073227  -0.00000000
   22   14
 -0.00022591   0.00000000     0.00041049  -0.00000000    -0.00001291   0.00000000
 -0.00014029   0.00000000     0.00002699  -0.00000000     0.00020347  -0.00000000
  0.00008369  -0.00000000    -0.00013563   0.00000000    -0.00055038   0.00000000
   22   15
  0.00007015  -0.00000000    -0.00018629   0.00000000    -0.00044697   0.00000000
  0.00016483  -0.00000000    -0.00017733   0.00000000    -0.00025886   0.00000000
 -0.00050362   0.00000000     0.00028300  -0.00000000     0.00035897  -0.00000000
   22   16
  0.00003681   0.00000000     0.00002636   0.00000000    -0.00023515  -0.00000000
  0.00000399   0.00000000     0.00000298   0.00000000     0.00025757   0.00000000
 -0.00031841  -0.00000000    -0.00022574  -0.00000000     0.00005049   0.00000000
   22   17
  0.00057326  -0.00000000     0.00526808  -0.00000000    -0.00600408   0.00000000
  0.00521969  -0.00000000     0.01250050  -0.00000000    -0.01692505   0.00000000
  0.00596164  -0.00000000     0.01692415  -0.00000000    -0.02136929   0.00000000
   22   18
 -0.00023850   0.00000000     0.00021571  -0.00000000     0.00025547  -0.00000000
  0.00023130  -0.00000000     0.00022037  -0.00000000     0.00013443  -0.00000000
  0.00014678  -0.00000000     0.00009860  -0.00000000    -0.00056337   0.00000000
   22   19
 -0.00002857   0.00000000    -0.00000624   0.00000000     0.00019949  -0.00000000
  0.00000624  -0.00000000     0.00001151  -0.00000000    -0.00010576   0.00000000
  0.00019949  -0.00000000     0.00010576  -0.00000000     0.00024900  -0.00000000
   22   20
 -0.00000000  -0.00000000    -0.00007538  -0.00000000     0.00045095   0.00000000
 -0.00007538  -0.00000000     0.00000000   0.00000000     0.00006344   0.00000000
  0.00045095   0.00000000    -0.00006344  -0.00000000    -0.00000000  -0.00000000
   22   21
 -0.00004429  -0.00000000     0.00022798   0.00000000    -0.00000512  -0.00000000
  0.00022798   0.00000000     0.00055308   0.00000000    -0.00006706  -0.00000000
  0.00000512   0.00000000     0.00006706   0.00000000    -0.00062738  -0.00000000
   22   22
  0.06907480   0.00000000     0.03951593   0.00000000    -0.05076038   0.00000000
  0.03951593   0.00000000     0.15168938   0.00000000    -0.14816754   0.00000000
 -0.05076038   0.00000000    -0.14816754   0.00000000     0.28368674   0.00000000

     Diagonalizing the dynamical matrix

     q = (   -0.500000000   0.000000000  -0.746392714 ) 

 **************************************************************************
     freq (    1) =       1.274046 [THz] =      42.497592 [cm-1]
 (  0.339980  0.000000 -0.388462  0.000000  0.003296  0.000000 ) 
 ( -0.015593  0.000000 -0.017817  0.000000 -0.071855  0.000000 ) 
 (  0.000412  0.000000  0.012670  0.000000 -0.219214  0.000000 ) 
 (  0.014632  0.000000  0.015363  0.000000  0.219566  0.000000 ) 
 (  0.155359  0.000000 -0.030005  0.000000  0.013900  0.000000 ) 
 (  0.154669  0.000000 -0.028719  0.000000  0.006224  0.000000 ) 
 ( -0.000751  0.000000  0.009141  0.000000 -0.192851  0.000000 ) 
 (  0.012919  0.000000  0.008514  0.000000  0.193165  0.000000 ) 
 ( -0.149309  0.000000 -0.006436  0.000000 -0.012283  0.000000 ) 
 ( -0.148751  0.000000 -0.007246  0.000000 -0.005421  0.000000 ) 
 ( -0.002569  0.000000  0.013840  0.000000 -0.109861  0.000000 ) 
 (  0.010079  0.000000  0.017613  0.000000  0.110288  0.000000 ) 
 (  0.138049  0.000000 -0.041856  0.000000  0.009703  0.000000 ) 
 (  0.137705  0.000000 -0.040413  0.000000  0.000394  0.000000 ) 
 ( -0.035678  0.000000 -0.090012  0.000000  0.249812  0.000000 ) 
 ( -0.050768  0.000000 -0.092880  0.000000 -0.249884  0.000000 ) 
 (  0.166487  0.000000 -0.035455  0.000000  0.012251  0.000000 ) 
 (  0.162522  0.000000 -0.027066  0.000000  0.010668  0.000000 ) 
 ( -0.018012  0.000000 -0.061294  0.000000  0.250416  0.000000 ) 
 ( -0.033360  0.000000 -0.064436  0.000000 -0.249985  0.000000 ) 
 (  0.168495  0.000000 -0.037132  0.000000  0.006772  0.000000 ) 
 (  0.166138  0.000000 -0.031365  0.000000  0.016179  0.000000 ) 
     freq (    2) =       1.274046 [THz] =      42.497592 [cm-1]
 ( -0.015593  0.000000  0.017817  0.000000  0.071855  0.000000 ) 
 ( -0.339980  0.000000 -0.388462  0.000000  0.003296  0.000000 ) 
 ( -0.155359  0.000000 -0.030005  0.000000  0.013900  0.000000 ) 
 (  0.154669  0.000000  0.028719  0.000000 -0.006224  0.000000 ) 
 (  0.000412  0.000000 -0.012670  0.000000  0.219214  0.000000 ) 
 ( -0.014632  0.000000  0.015363  0.000000  0.219566  0.000000 ) 
 ( -0.149309  0.000000  0.006436  0.000000  0.012283  0.000000 ) 
 (  0.148751  0.000000 -0.007246  0.000000 -0.005421  0.000000 ) 
 (  0.000751  0.000000  0.009141  0.000000 -0.192851  0.000000 ) 
 (  0.012919  0.000000 -0.008514  0.000000 -0.193165  0.000000 ) 
 ( -0.138049  0.000000 -0.041856  0.000000  0.009703  0.000000 ) 
 (  0.137705  0.000000  0.040413  0.000000 -0.000394  0.000000 ) 
 ( -0.002569  0.000000 -0.013840  0.000000  0.109861  0.000000 ) 
 ( -0.010079  0.000000  0.017613  0.000000  0.110288  0.000000 ) 
 (  0.166487  0.000000  0.035455  0.000000 -0.012251  0.000000 ) 
 ( -0.162522  0.000000 -0.027066  0.000000  0.010668  0.000000 ) 
 (  0.035678  0.000000 -0.090012  0.000000  0.249812  0.000000 ) 
 ( -0.050768  0.000000  0.092880  0.000000  0.249884  0.000000 ) 
 (  0.168495  0.000000  0.037132  0.000000 -0.006772  0.000000 ) 
 ( -0.166138  0.000000 -0.031365  0.000000  0.016179  0.000000 ) 
 (  0.018012  0.000000 -0.061294  0.000000  0.250416  0.000000 ) 
 ( -0.033360  0.000000  0.064436  0.000000  0.249985  0.000000 ) 
     freq (    3) =       1.555291 [THz] =      51.878929 [cm-1]
 (  0.310630  0.000000  0.302075  0.000000  0.002385  0.000000 ) 
 ( -0.005670  0.000000  0.005514  0.000000 -0.130678  0.000000 ) 
 ( -0.002077  0.000000  0.002937  0.000000  0.033556  0.000000 ) 
 (  0.002186  0.000000  0.003686  0.000000 -0.033429  0.000000 ) 
 (  0.116745  0.000000 -0.020576  0.000000  0.002891  0.000000 ) 
 (  0.116743  0.000000 -0.020456  0.000000 -0.004114  0.000000 ) 
 ( -0.002364  0.000000  0.001971  0.000000  0.157603  0.000000 ) 
 ( -0.000863  0.000000 -0.007566  0.000000 -0.157691  0.000000 ) 
 ( -0.041060  0.000000 -0.261268  0.000000  0.005270  0.000000 ) 
 ( -0.041119  0.000000 -0.261166  0.000000  0.000486  0.000000 ) 
 ( -0.003824  0.000000  0.003892  0.000000 -0.124977  0.000000 ) 
 ( -0.008999  0.000000  0.010929  0.000000  0.125049  0.000000 ) 
 ( -0.141857  0.000000 -0.192856  0.000000  0.004243  0.000000 ) 
 ( -0.141623  0.000000 -0.192585  0.000000  0.000321  0.000000 ) 
 (  0.117738  0.000000  0.064091  0.000000 -0.046403  0.000000 ) 
 (  0.107685  0.000000  0.060503  0.000000  0.045920  0.000000 ) 
 (  0.273298  0.000000 -0.097154  0.000000  0.012389  0.000000 ) 
 (  0.277413  0.000000 -0.099428  0.000000 -0.014074  0.000000 ) 
 (  0.124735  0.000000  0.072844  0.000000 -0.045815  0.000000 ) 
 (  0.114419  0.000000  0.069419  0.000000  0.045756  0.000000 ) 
 (  0.280391  0.000000 -0.092518  0.000000  0.000769  0.000000 ) 
 (  0.284757  0.000000 -0.095115  0.000000 -0.002440  0.000000 ) 
     freq (    4) =       1.555291 [THz] =      51.878929 [cm-1]
 ( -0.005670  0.000000 -0.005514  0.000000  0.130678  0.000000 ) 
 ( -0.310630  0.000000  0.302075  0.000000  0.002385  0.000000 ) 
 ( -0.116745  0.000000 -0.020576  0.000000  0.002891  0.000000 ) 
 (  0.116743  0.000000  0.020456  0.000000  0.004114  0.000000 ) 
 ( -0.002077  0.000000 -0.002937  0.000000 -0.033556  0.000000 ) 
 ( -0.002186  0.000000  0.003686  0.000000 -0.033429  0.000000 ) 
 ( -0.041060  0.000000  0.261268  0.000000 -0.005270  0.000000 ) 
 (  0.041119  0.000000 -0.261166  0.000000  0.000486  0.000000 ) 
 (  0.002364  0.000000  0.001971  0.000000  0.157603  0.000000 ) 
 ( -0.000863  0.000000  0.007566  0.000000  0.157691  0.000000 ) 
 (  0.141857  0.000000 -0.192856  0.000000  0.004243  0.000000 ) 
 ( -0.141623  0.000000  0.192585  0.000000 -0.000321  0.000000 ) 
 ( -0.003824  0.000000 -0.003892  0.000000  0.124977  0.000000 ) 
 (  0.008999  0.000000  0.010929  0.000000  0.125049  0.000000 ) 
 (  0.273298  0.000000  0.097154  0.000000 -0.012389  0.000000 ) 
 ( -0.277413  0.000000 -0.099428  0.000000 -0.014074  0.000000 ) 
 ( -0.117738  0.000000  0.064091  0.000000 -0.046403  0.000000 ) 
 (  0.107685  0.000000 -0.060503  0.000000 -0.045920  0.000000 ) 
 (  0.280391  0.000000  0.092518  0.000000 -0.000769  0.000000 ) 
 ( -0.284757  0.000000 -0.095115  0.000000 -0.002440  0.000000 ) 
 ( -0.124735  0.000000  0.072844  0.000000 -0.045815  0.000000 ) 
 (  0.114419  0.000000 -0.069419  0.000000 -0.045756  0.000000 ) 
     freq (    5) =       3.397647 [THz] =     113.333295 [cm-1]
 (  0.108575  0.000000  0.036481  0.000000 -0.262706  0.000000 ) 
 ( -0.075970  0.000000  0.025526  0.000000  0.375457  0.000000 ) 
 ( -0.076092  0.000000 -0.081076  0.000000  0.028985  0.000000 ) 
 (  0.099874  0.000000  0.182427  0.000000 -0.018970  0.000000 ) 
 (  0.134064  0.000000 -0.223755  0.000000 -0.009620  0.000000 ) 
 (  0.117424  0.000000 -0.152840  0.000000 -0.023934  0.000000 ) 
 ( -0.077560  0.000000 -0.085553  0.000000 -0.007821  0.000000 ) 
 (  0.088257  0.000000  0.133723  0.000000  0.019103  0.000000 ) 
 ( -0.122233  0.000000  0.173545  0.000000 -0.017481  0.000000 ) 
 ( -0.114749  0.000000  0.139841  0.000000 -0.001357  0.000000 ) 
 ( -0.085030  0.000000 -0.069019  0.000000  0.029542  0.000000 ) 
 (  0.064869  0.000000  0.195455  0.000000 -0.027862  0.000000 ) 
 (  0.100063  0.000000 -0.233225  0.000000 -0.018882  0.000000 ) 
 (  0.114170  0.000000 -0.144758  0.000000 -0.021283  0.000000 ) 
 (  0.017445  0.000000  0.087288  0.000000 -0.059658  0.000000 ) 
 ( -0.180873  0.000000 -0.143136  0.000000  0.062657  0.000000 ) 
 (  0.198892  0.000000 -0.184197  0.000000 -0.044934  0.000000 ) 
 (  0.084542  0.000000 -0.145121  0.000000 -0.040649  0.000000 ) 
 (  0.062076  0.000000  0.189131  0.000000 -0.045314  0.000000 ) 
 ( -0.129353  0.000000 -0.024389  0.000000  0.075872  0.000000 ) 
 (  0.160330  0.000000 -0.094945  0.000000 -0.064233  0.000000 ) 
 (  0.113257  0.000000 -0.210215  0.000000 -0.020561  0.000000 ) 
     freq (    6) =       3.397647 [THz] =     113.333295 [cm-1]
 ( -0.075970  0.000000 -0.025526  0.000000 -0.375457  0.000000 ) 
 ( -0.108575  0.000000  0.036481  0.000000 -0.262706  0.000000 ) 
 ( -0.134064  0.000000 -0.223755  0.000000 -0.009620  0.000000 ) 
 (  0.117424  0.000000  0.152840  0.000000  0.023934  0.000000 ) 
 ( -0.076092  0.000000  0.081076  0.000000 -0.028985  0.000000 ) 
 ( -0.099874  0.000000  0.182427  0.000000 -0.018970  0.000000 ) 
 ( -0.122233  0.000000 -0.173545  0.000000  0.017481  0.000000 ) 
 (  0.114749  0.000000  0.139841  0.000000 -0.001357  0.000000 ) 
 (  0.077560  0.000000 -0.085553  0.000000 -0.007821  0.000000 ) 
 (  0.088257  0.000000 -0.133723  0.000000 -0.019103  0.000000 ) 
 ( -0.100063  0.000000 -0.233225  0.000000 -0.018882  0.000000 ) 
 (  0.114170  0.000000  0.144758  0.000000  0.021283  0.000000 ) 
 ( -0.085030  0.000000  0.069019  0.000000 -0.029542  0.000000 ) 
 ( -0.064869  0.000000  0.195455  0.000000 -0.027862  0.000000 ) 
 (  0.198892  0.000000  0.184197  0.000000  0.044934  0.000000 ) 
 ( -0.084542  0.000000 -0.145121  0.000000 -0.040649  0.000000 ) 
 ( -0.017445  0.000000  0.087288  0.000000 -0.059658  0.000000 ) 
 ( -0.180873  0.000000  0.143136  0.000000 -0.062657  0.000000 ) 
 (  0.160330  0.000000  0.094945  0.000000  0.064233  0.000000 ) 
 ( -0.113257  0.000000 -0.210215  0.000000 -0.020561  0.000000 ) 
 ( -0.062076  0.000000  0.189131  0.000000 -0.045314  0.000000 ) 
 ( -0.129353  0.000000  0.024389  0.000000 -0.075872  0.000000 ) 
     freq (    7) =       4.548351 [THz] =     151.716665 [cm-1]
 (  0.000231  0.000000  0.000043  0.000000  0.006242 -0.000000 ) 
 (  0.002288 -0.000000 -0.000423  0.000000  0.000630  0.000000 ) 
 ( -0.015404  0.000000 -0.012566  0.000000 -0.056497  0.000000 ) 
 ( -0.022511  0.000000 -0.037470  0.000000 -0.053791  0.000000 ) 
 (  0.188242 -0.000000 -0.249206  0.000000 -0.007842  0.000000 ) 
 ( -0.187524  0.000000  0.246693 -0.000000 -0.018970  0.000000 ) 
 ( -0.014409  0.000000 -0.011370  0.000000 -0.086838  0.000000 ) 
 ( -0.017963  0.000000 -0.017134  0.000000 -0.084019  0.000000 ) 
 ( -0.160593  0.000000  0.141538 -0.000000  0.005352 -0.000000 ) 
 (  0.160235 -0.000000 -0.140956  0.000000  0.022591  0.000000 ) 
 ( -0.015194  0.000000 -0.012176  0.000000 -0.001774  0.000000 ) 
 ( -0.006334  0.000000 -0.046336  0.000000  0.000104  0.000000 ) 
 (  0.106232 -0.000000 -0.291672  0.000000 -0.009226  0.000000 ) 
 ( -0.107125  0.000000  0.288225 -0.000000 -0.009394  0.000000 ) 
 ( -0.026332  0.000000 -0.021146  0.000000  0.071136  0.000000 ) 
 (  0.069715  0.000000  0.072930  0.000000  0.068229 -0.000000 ) 
 (  0.219822  0.000000 -0.261355  0.000000 -0.007377  0.000000 ) 
 ( -0.210131  0.000000  0.251862 -0.000000 -0.021439  0.000000 ) 
 (  0.009183 -0.000000 -0.006140  0.000000 -0.069242  0.000000 ) 
 ( -0.053690  0.000000 -0.046810  0.000000 -0.072123  0.000000 ) 
 ( -0.223721  0.000000  0.264436 -0.000000 -0.021410  0.000000 ) 
 (  0.217378 -0.000000 -0.260333  0.000000 -0.007146  0.000000 ) 
     freq (    8) =       4.548351 [THz] =     151.716665 [cm-1]
 (  0.002288  0.000000  0.000423  0.000000 -0.000630  0.000000 ) 
 ( -0.000231  0.000000  0.000043  0.000000  0.006242  0.000000 ) 
 ( -0.188242  0.000000 -0.249206  0.000000 -0.007842  0.000000 ) 
 ( -0.187524  0.000000 -0.246693  0.000000  0.018970  0.000000 ) 
 ( -0.015404  0.000000  0.012566  0.000000  0.056497  0.000000 ) 
 (  0.022511  0.000000 -0.037470  0.000000 -0.053791  0.000000 ) 
 ( -0.160593  0.000000 -0.141538  0.000000 -0.005352  0.000000 ) 
 ( -0.160235  0.000000 -0.140956  0.000000  0.022591  0.000000 ) 
 (  0.014409  0.000000 -0.011370  0.000000 -0.086838  0.000000 ) 
 ( -0.017963  0.000000  0.017134  0.000000  0.084019  0.000000 ) 
 ( -0.106232  0.000000 -0.291672  0.000000 -0.009226  0.000000 ) 
 ( -0.107125  0.000000 -0.288225  0.000000  0.009394  0.000000 ) 
 ( -0.015194  0.000000  0.012176  0.000000  0.001774  0.000000 ) 
 (  0.006334  0.000000 -0.046336  0.000000  0.000104  0.000000 ) 
 (  0.219822  0.000000  0.261355  0.000000  0.007377 -0.000000 ) 
 (  0.210131  0.000000  0.251862  0.000000 -0.021439  0.000000 ) 
 (  0.026332 -0.000000 -0.021146  0.000000  0.071136  0.000000 ) 
 (  0.069715  0.000000 -0.072930  0.000000 -0.068229  0.000000 ) 
 ( -0.223721  0.000000 -0.264436  0.000000  0.021410  0.000000 ) 
 ( -0.217378  0.000000 -0.260333  0.000000 -0.007146  0.000000 ) 
 ( -0.009183  0.000000 -0.006140  0.000000 -0.069242  0.000000 ) 
 ( -0.053690  0.000000  0.046810  0.000000  0.072123  0.000000 ) 
     freq (    9) =       5.285800 [THz] =     176.315324 [cm-1]
 ( -0.035706  0.000000  0.010358 -0.000000  0.005393 -0.000000 ) 
 (  0.009434 -0.000000  0.002737 -0.000000 -0.020410  0.000000 ) 
 ( -0.041332  0.000000 -0.041178  0.000000 -0.131532  0.000000 ) 
 (  0.073434 -0.000000  0.041951 -0.000000  0.126864 -0.000000 ) 
 (  0.221418 -0.000000 -0.157411  0.000000  0.025302  0.000000 ) 
 (  0.212937 -0.000000 -0.157207  0.000000  0.042971 -0.000000 ) 
 ( -0.036643  0.000000 -0.020104  0.000000 -0.142404  0.000000 ) 
 (  0.068219 -0.000000  0.019119 -0.000000  0.134992 -0.000000 ) 
 ( -0.202609  0.000000  0.074094 -0.000000 -0.022620  0.000000 ) 
 ( -0.194265  0.000000  0.074354 -0.000000 -0.050674  0.000000 ) 
 ( -0.026738  0.000000 -0.048214  0.000000 -0.013623  0.000000 ) 
 (  0.058417 -0.000000  0.048520 -0.000000  0.014740 -0.000000 ) 
 (  0.165330 -0.000000 -0.183095  0.000000  0.005861 -0.000000 ) 
 (  0.156960 -0.000000 -0.183014  0.000000  0.001633  0.000000 ) 
 (  0.003285  0.000000 -0.059839  0.000000  0.188183 -0.000000 ) 
 ( -0.114251  0.000000 -0.142402  0.000000 -0.182014  0.000000 ) 
 (  0.237077 -0.000000 -0.182957  0.000000  0.037234  0.000000 ) 
 (  0.207758 -0.000000 -0.129521  0.000000  0.060580 -0.000000 ) 
 (  0.036740  0.000000 -0.055540  0.000000  0.181653 -0.000000 ) 
 ( -0.088706  0.000000 -0.146707  0.000000 -0.188537  0.000000 ) 
 (  0.244254 -0.000000 -0.199239  0.000000  0.061934 -0.000000 ) 
 (  0.230523 -0.000000 -0.145801  0.000000  0.035878  0.000000 ) 
     freq (   10) =       5.285800 [THz] =     176.315324 [cm-1]
 (  0.009434  0.000000 -0.002737  0.000000  0.020410  0.000000 ) 
 (  0.035706  0.000000  0.010358  0.000000  0.005393  0.000000 ) 
 ( -0.221418  0.000000 -0.157411  0.000000  0.025302  0.000000 ) 
 (  0.212937  0.000000  0.157207  0.000000 -0.042971  0.000000 ) 
 ( -0.041332  0.000000  0.041178  0.000000  0.131532  0.000000 ) 
 ( -0.073434  0.000000  0.041951  0.000000  0.126864  0.000000 ) 
 ( -0.202609  0.000000 -0.074094  0.000000  0.022620  0.000000 ) 
 (  0.194265  0.000000  0.074354  0.000000 -0.050674  0.000000 ) 
 (  0.036643  0.000000 -0.020104  0.000000 -0.142404  0.000000 ) 
 (  0.068219  0.000000 -0.019119  0.000000 -0.134992  0.000000 ) 
 ( -0.165330  0.000000 -0.183095  0.000000  0.005861  0.000000 ) 
 (  0.156960  0.000000  0.183014  0.000000 -0.001633  0.000000 ) 
 ( -0.026738  0.000000  0.048214  0.000000  0.013623  0.000000 ) 
 ( -0.058417  0.000000  0.048520  0.000000  0.014740  0.000000 ) 
 (  0.237077  0.000000  0.182957  0.000000 -0.037234  0.000000 ) 
 ( -0.207758  0.000000 -0.129521  0.000000  0.060580  0.000000 ) 
 ( -0.003285  0.000000 -0.059839  0.000000  0.188183  0.000000 ) 
 ( -0.114251  0.000000  0.142402  0.000000  0.182014  0.000000 ) 
 (  0.244254  0.000000  0.199239  0.000000 -0.061934  0.000000 ) 
 ( -0.230523  0.000000 -0.145801  0.000000  0.035878  0.000000 ) 
 ( -0.036740  0.000000 -0.055540  0.000000  0.181653  0.000000 ) 
 ( -0.088706  0.000000  0.146707  0.000000  0.188537  0.000000 ) 
     freq (   11) =       5.873590 [THz] =     195.921885 [cm-1]
 ( -0.003419  0.000000  0.000212  0.000000 -0.000745  0.000000 ) 
 ( -0.000596  0.000000 -0.000037  0.000000 -0.004279  0.000000 ) 
 ( -0.182632  0.000000  0.157586  0.000000 -0.022320  0.000000 ) 
 ( -0.190433  0.000000  0.160410 -0.000000 -0.028166  0.000000 ) 
 (  0.054884 -0.000000  0.035801 -0.000000  0.145418 -0.000000 ) 
 ( -0.010104  0.000000 -0.019593  0.000000 -0.144399  0.000000 ) 
 ( -0.218199  0.000000  0.008087 -0.000000 -0.030001  0.000000 ) 
 ( -0.227194  0.000000  0.004942  0.000000 -0.015615  0.000000 ) 
 ( -0.064612  0.000000  0.007891  0.000000 -0.129677  0.000000 ) 
 (  0.012976  0.000000  0.010160 -0.000000  0.132183 -0.000000 ) 
 ( -0.323303  0.000000  0.249015  0.000000  0.001718  0.000000 ) 
 ( -0.336774  0.000000  0.255634 -0.000000 -0.039092  0.000000 ) 
 (  0.096156 -0.000000  0.062953 -0.000000  0.110828 -0.000000 ) 
 ( -0.018829  0.000000 -0.024957  0.000000 -0.103719  0.000000 ) 
 (  0.064429  0.000000 -0.216288  0.000000  0.033357 -0.000000 ) 
 (  0.071749 -0.000000 -0.208672  0.000000  0.023792  0.000000 ) 
 (  0.032871 -0.000000  0.015156  0.000000  0.163200  0.000000 ) 
 (  0.009148  0.000000 -0.058872  0.000000 -0.164866  0.000000 ) 
 ( -0.088411  0.000000  0.195810 -0.000000 -0.027468  0.000000 ) 
 ( -0.089450  0.000000  0.179567  0.000000 -0.029469  0.000000 ) 
 ( -0.018474  0.000000  0.013927  0.000000 -0.163598  0.000000 ) 
 (  0.012510  0.000000  0.079318 -0.000000  0.163250  0.000000 ) 
     freq (   12) =       5.873590 [THz] =     195.921885 [cm-1]
 ( -0.000596  0.000000  0.000037 -0.000000  0.004279  0.000000 ) 
 (  0.003419  0.000000  0.000212  0.000000 -0.000745  0.000000 ) 
 ( -0.054884  0.000000  0.035801 -0.000000  0.145418 -0.000000 ) 
 ( -0.010104  0.000000  0.019593  0.000000  0.144399  0.000000 ) 
 ( -0.182632  0.000000 -0.157586  0.000000  0.022320  0.000000 ) 
 (  0.190433 -0.000000  0.160410 -0.000000 -0.028166  0.000000 ) 
 ( -0.064612  0.000000 -0.007891  0.000000  0.129677  0.000000 ) 
 ( -0.012976  0.000000  0.010160 -0.000000  0.132183 -0.000000 ) 
 (  0.218199  0.000000  0.008087 -0.000000 -0.030001  0.000000 ) 
 ( -0.227194  0.000000 -0.004942  0.000000  0.015615  0.000000 ) 
 ( -0.096156  0.000000  0.062953 -0.000000  0.110828 -0.000000 ) 
 ( -0.018829  0.000000  0.024957  0.000000  0.103719  0.000000 ) 
 ( -0.323303  0.000000 -0.249015  0.000000 -0.001718  0.000000 ) 
 (  0.336774 -0.000000  0.255634 -0.000000 -0.039092  0.000000 ) 
 (  0.032871 -0.000000 -0.015156  0.000000 -0.163200  0.000000 ) 
 ( -0.009148  0.000000 -0.058872  0.000000 -0.164866  0.000000 ) 
 ( -0.064429  0.000000 -0.216288  0.000000  0.033357 -0.000000 ) 
 (  0.071749 -0.000000  0.208672  0.000000 -0.023792  0.000000 ) 
 ( -0.018474  0.000000 -0.013927  0.000000  0.163598 -0.000000 ) 
 ( -0.012510  0.000000  0.079318 -0.000000  0.163250  0.000000 ) 
 (  0.088411  0.000000  0.195810 -0.000000 -0.027468  0.000000 ) 
 ( -0.089450  0.000000 -0.179567  0.000000  0.029469 -0.000000 ) 
     freq (   13) =       6.575356 [THz] =     219.330258 [cm-1]
 ( -0.000015  0.000000 -0.000068  0.000000  0.012097 -0.000000 ) 
 (  0.003401 -0.000000 -0.015003  0.000000 -0.000055  0.000000 ) 
 (  0.072997 -0.000000 -0.164771  0.000000  0.006642 -0.000000 ) 
 ( -0.073068  0.000000  0.164849 -0.000000  0.005876 -0.000000 ) 
 ( -0.008169  0.000000 -0.009243  0.000000 -0.084232  0.000000 ) 
 (  0.007505 -0.000000  0.007744 -0.000000 -0.084289  0.000000 ) 
 (  0.138244 -0.000000  0.120966 -0.000000  0.000161  0.000000 ) 
 ( -0.138339  0.000000 -0.120989  0.000000 -0.000626  0.000000 ) 
 (  0.011133 -0.000000 -0.003118  0.000000  0.086484 -0.000000 ) 
 ( -0.009876  0.000000  0.002018 -0.000000  0.086482 -0.000000 ) 
 (  0.317026 -0.000000 -0.322266  0.000000  0.012327 -0.000000 ) 
 ( -0.317190  0.000000  0.322403 -0.000000  0.012867 -0.000000 ) 
 ( -0.019453  0.000000 -0.016481  0.000000  0.059499 -0.000000 ) 
 (  0.016571 -0.000000  0.013552 -0.000000  0.059384 -0.000000 ) 
 (  0.094958 -0.000000  0.226858 -0.000000 -0.007612  0.000000 ) 
 ( -0.094492  0.000000 -0.225832  0.000000 -0.006221  0.000000 ) 
 ( -0.050849  0.000000  0.111833 -0.000000 -0.153003  0.000000 ) 
 (  0.051710 -0.000000 -0.113890  0.000000 -0.153066  0.000000 ) 
 (  0.106778 -0.000000  0.235869 -0.000000  0.001699 -0.000000 ) 
 ( -0.106324  0.000000 -0.234640  0.000000  0.003091  0.000000 ) 
 ( -0.049469  0.000000  0.134110 -0.000000 -0.153184  0.000000 ) 
 (  0.050437 -0.000000 -0.136248  0.000000 -0.153162  0.000000 ) 
     freq (   14) =       6.575356 [THz] =     219.330258 [cm-1]
 ( -0.003401  0.000000 -0.015003  0.000000 -0.000055  0.000000 ) 
 ( -0.000015  0.000000  0.000068  0.000000 -0.012097  0.000000 ) 
 ( -0.008169  0.000000  0.009243  0.000000  0.084232  0.000000 ) 
 ( -0.007505  0.000000  0.007744  0.000000 -0.084289  0.000000 ) 
 ( -0.072997  0.000000 -0.164771  0.000000  0.006642  0.000000 ) 
 ( -0.073068  0.000000 -0.164849  0.000000 -0.005876  0.000000 ) 
 ( -0.011133  0.000000 -0.003118  0.000000  0.086484  0.000000 ) 
 ( -0.009876  0.000000 -0.002018  0.000000 -0.086482  0.000000 ) 
 (  0.138244  0.000000 -0.120966  0.000000 -0.000161  0.000000 ) 
 (  0.138339  0.000000 -0.120989  0.000000 -0.000626  0.000000 ) 
 ( -0.019453  0.000000  0.016481  0.000000 -0.059499  0.000000 ) 
 ( -0.016571  0.000000  0.013552  0.000000  0.059384  0.000000 ) 
 ( -0.317026  0.000000 -0.322266  0.000000  0.012327  0.000000 ) 
 ( -0.317190  0.000000 -0.322403  0.000000 -0.012867  0.000000 ) 
 (  0.050849  0.000000  0.111833  0.000000 -0.153003  0.000000 ) 
 (  0.051710  0.000000  0.113890  0.000000  0.153066  0.000000 ) 
 (  0.094958  0.000000 -0.226858  0.000000  0.007612  0.000000 ) 
 (  0.094492  0.000000 -0.225832  0.000000 -0.006221  0.000000 ) 
 (  0.049469  0.000000  0.134110  0.000000 -0.153184  0.000000 ) 
 (  0.050437  0.000000  0.136248  0.000000  0.153162  0.000000 ) 
 (  0.106778  0.000000 -0.235869  0.000000 -0.001699  0.000000 ) 
 (  0.106324  0.000000 -0.234640  0.000000  0.003091  0.000000 ) 
     freq (   15) =       7.094796 [THz] =     236.656917 [cm-1]
 (  0.000079 -0.000000  0.001709 -0.000000 -0.010857  0.000000 ) 
 ( -0.000657  0.000000  0.014262  0.000000  0.001301 -0.000000 ) 
 (  0.150727  0.000000 -0.015601  0.000000 -0.022634  0.000000 ) 
 ( -0.151845  0.000000  0.019626 -0.000000  0.036934 -0.000000 ) 
 ( -0.022790  0.000000 -0.018904  0.000000  0.249449 -0.000000 ) 
 ( -0.013461  0.000000  0.014684  0.000000  0.247736  0.000000 ) 
 (  0.159466  0.000000  0.046898  0.000000 -0.008669  0.000000 ) 
 ( -0.161669  0.000000 -0.047277  0.000000  0.011190 -0.000000 ) 
 (  0.028430 -0.000000 -0.007222  0.000000 -0.083025  0.000000 ) 
 (  0.010045  0.000000 -0.004061  0.000000 -0.082723  0.000000 ) 
 (  0.209952  0.000000 -0.056793  0.000000 -0.033860  0.000000 ) 
 ( -0.215174  0.000000  0.063449 -0.000000  0.059612 -0.000000 ) 
 ( -0.047261  0.000000 -0.034983  0.000000  0.391628 -0.000000 ) 
 ( -0.003674  0.000000  0.020577  0.000000  0.388542  0.000000 ) 
 ( -0.077434  0.000000  0.040878 -0.000000  0.021281 -0.000000 ) 
 (  0.108396 -0.000000 -0.027064  0.000000 -0.032732  0.000000 ) 
 ( -0.140344  0.000000  0.053578  0.000000  0.226095  0.000000 ) 
 (  0.118080  0.000000 -0.061718  0.000000  0.224723  0.000000 ) 
 ( -0.066034  0.000000  0.052712 -0.000000  0.033648 -0.000000 ) 
 (  0.100118 -0.000000 -0.028693  0.000000 -0.020226  0.000000 ) 
 ( -0.152194  0.000000  0.095360  0.000000  0.224026  0.000000 ) 
 (  0.132287  0.000000 -0.105113  0.000000  0.225634 -0.000000 ) 
     freq (   16) =       7.094796 [THz] =     236.656917 [cm-1]
 ( -0.000657  0.000000 -0.014262  0.000000 -0.001301  0.000000 ) 
 ( -0.000079  0.000000  0.001709 -0.000000 -0.010857  0.000000 ) 
 (  0.022790 -0.000000 -0.018904  0.000000  0.249449 -0.000000 ) 
 ( -0.013461  0.000000 -0.014684  0.000000 -0.247736  0.000000 ) 
 (  0.150727  0.000000  0.015601  0.000000  0.022634  0.000000 ) 
 (  0.151845 -0.000000  0.019626 -0.000000  0.036934 -0.000000 ) 
 (  0.028430 -0.000000  0.007222 -0.000000  0.083025  0.000000 ) 
 ( -0.010045  0.000000 -0.004061  0.000000 -0.082723  0.000000 ) 
 ( -0.159466  0.000000  0.046898  0.000000 -0.008669  0.000000 ) 
 ( -0.161669  0.000000  0.047277 -0.000000 -0.011190  0.000000 ) 
 (  0.047261 -0.000000 -0.034983  0.000000  0.391628 -0.000000 ) 
 ( -0.003674  0.000000 -0.020577  0.000000 -0.388542  0.000000 ) 
 (  0.209952  0.000000  0.056793  0.000000  0.033860  0.000000 ) 
 (  0.215174 -0.000000  0.063449 -0.000000  0.059612 -0.000000 ) 
 ( -0.140344  0.000000 -0.053578  0.000000 -0.226095  0.000000 ) 
 ( -0.118080  0.000000 -0.061718  0.000000  0.224723  0.000000 ) 
 (  0.077434  0.000000  0.040878 -0.000000  0.021281 -0.000000 ) 
 (  0.108396 -0.000000  0.027064  0.000000  0.032732 -0.000000 ) 
 ( -0.152194  0.000000 -0.095360  0.000000 -0.224026  0.000000 ) 
 ( -0.132287  0.000000 -0.105113  0.000000  0.225634 -0.000000 ) 
 (  0.066034  0.000000  0.052712 -0.000000  0.033648 -0.000000 ) 
 (  0.100118 -0.000000  0.028693  0.000000  0.020226  0.000000 ) 
     freq (   17) =       8.257245 [THz] =     275.432034 [cm-1]
 ( -0.006331  0.000000 -0.004470  0.000000  0.000118 -0.000000 ) 
 ( -0.000829  0.000000  0.000585 -0.000000  0.000901 -0.000000 ) 
 (  0.017856 -0.000000 -0.008893  0.000000 -0.005465  0.000000 ) 
 ( -0.000246  0.000000  0.000588 -0.000000  0.001744  0.000000 ) 
 (  0.067995  0.000000  0.035673  0.000000  0.013740  0.000000 ) 
 (  0.070300 -0.000000  0.036760 -0.000000 -0.014683  0.000000 ) 
 (  0.020255 -0.000000  0.005841  0.000000  0.051454  0.000000 ) 
 (  0.002199  0.000000  0.011001 -0.000000 -0.053758  0.000000 ) 
 ( -0.067503  0.000000 -0.020812  0.000000 -0.015686  0.000000 ) 
 ( -0.070442  0.000000 -0.018608  0.000000  0.001915  0.000000 ) 
 (  0.031048 -0.000000 -0.017890  0.000000 -0.382249  0.000000 ) 
 (  0.008764  0.000000 -0.005344  0.000000  0.381715 -0.000000 ) 
 (  0.082518  0.000000  0.046405  0.000000 -0.047961  0.000000 ) 
 (  0.087729 -0.000000  0.049446 -0.000000 -0.052035  0.000000 ) 
 (  0.139394  0.000000  0.334504 -0.000000 -0.169836  0.000000 ) 
 (  0.152908 -0.000000  0.327077  0.000000  0.175585 -0.000000 ) 
 (  0.070751 -0.000000 -0.014928  0.000000  0.044567 -0.000000 ) 
 (  0.032491  0.000000  0.071667 -0.000000  0.000645 -0.000000 ) 
 (  0.139038  0.000000  0.322677 -0.000000 -0.175178  0.000000 ) 
 (  0.152216 -0.000000  0.308918  0.000000  0.169714  0.000000 ) 
 (  0.069401 -0.000000  0.011227  0.000000  0.001698 -0.000000 ) 
 (  0.031279  0.000000  0.093896 -0.000000  0.043445 -0.000000 ) 
     freq (   18) =       8.257245 [THz] =     275.432034 [cm-1]
 ( -0.000829  0.000000 -0.000585  0.000000 -0.000901  0.000000 ) 
 (  0.006331  0.000000 -0.004470  0.000000  0.000118  0.000000 ) 
 ( -0.067995  0.000000  0.035673  0.000000  0.013740  0.000000 ) 
 (  0.070300  0.000000 -0.036760  0.000000  0.014683  0.000000 ) 
 (  0.017856  0.000000  0.008893  0.000000  0.005465  0.000000 ) 
 (  0.000246  0.000000  0.000588  0.000000  0.001744  0.000000 ) 
 ( -0.067503  0.000000  0.020812  0.000000  0.015686  0.000000 ) 
 (  0.070442  0.000000 -0.018608  0.000000  0.001915  0.000000 ) 
 ( -0.020255  0.000000  0.005841  0.000000  0.051454  0.000000 ) 
 (  0.002199  0.000000 -0.011001  0.000000  0.053758  0.000000 ) 
 ( -0.082518  0.000000  0.046405  0.000000 -0.047961  0.000000 ) 
 (  0.087729  0.000000 -0.049446  0.000000  0.052035  0.000000 ) 
 (  0.031048  0.000000  0.017890  0.000000  0.382249  0.000000 ) 
 ( -0.008764  0.000000 -0.005344  0.000000  0.381715  0.000000 ) 
 (  0.070751  0.000000  0.014928  0.000000 -0.044567  0.000000 ) 
 ( -0.032491  0.000000  0.071667  0.000000  0.000645  0.000000 ) 
 ( -0.139394  0.000000  0.334504  0.000000 -0.169836  0.000000 ) 
 (  0.152908  0.000000 -0.327077  0.000000 -0.175585  0.000000 ) 
 (  0.069401  0.000000 -0.011227  0.000000 -0.001698  0.000000 ) 
 ( -0.031279  0.000000  0.093896  0.000000  0.043445  0.000000 ) 
 ( -0.139038  0.000000  0.322677  0.000000 -0.175178  0.000000 ) 
 (  0.152216  0.000000 -0.308918  0.000000 -0.169714  0.000000 ) 
     freq (   19) =       8.438374 [THz] =     281.473868 [cm-1]
 ( -0.000422  0.000000 -0.000388  0.000000  0.001726  0.000000 ) 
 ( -0.001281  0.000000  0.001175  0.000000  0.000569  0.000000 ) 
 ( -0.030010  0.000000 -0.007967  0.000000  0.240195  0.000000 ) 
 ( -0.059122  0.000000  0.031200  0.000000  0.242274  0.000000 ) 
 (  0.139964  0.000000  0.041689  0.000000 -0.082692  0.000000 ) 
 ( -0.130365  0.000000 -0.028774  0.000000  0.076386  0.000000 ) 
 ( -0.049954  0.000000 -0.102355  0.000000  0.085175  0.000000 ) 
 ( -0.053154  0.000000  0.043237  0.000000  0.088023  0.000000 ) 
 ( -0.156887  0.000000  0.065647  0.000000  0.032873  0.000000 ) 
 (  0.155832  0.000000 -0.113652  0.000000 -0.024233  0.000000 ) 
 ( -0.108751  0.000000  0.046532  0.000000  0.198935  0.000000 ) 
 ( -0.049393  0.000000  0.025355  0.000000  0.227716  0.000000 ) 
 (  0.230033  0.000000  0.105522  0.000000 -0.113983  0.000000 ) 
 ( -0.249604  0.000000 -0.112505  0.000000  0.026691  0.000000 ) 
 ( -0.112795  0.000000  0.055123  0.000000 -0.296042  0.000000 ) 
 (  0.141575  0.000000 -0.074337  0.000000 -0.282872  0.000000 ) 
 (  0.085578  0.000000  0.050479  0.000000 -0.075466  0.000000 ) 
 ( -0.001708  0.000000 -0.007794  0.000000  0.115411  0.000000 ) 
 (  0.030826  0.000000 -0.015247  0.000000  0.284236  0.000000 ) 
 ( -0.047050  0.000000  0.087668  0.000000  0.298654  0.000000 ) 
 ( -0.037441  0.000000 -0.126789  0.000000  0.117959  0.000000 ) 
 (  0.011764  0.000000  0.092856  0.000000 -0.074230  0.000000 ) 
     freq (   20) =       8.438374 [THz] =     281.473868 [cm-1]
 ( -0.001281  0.000000 -0.001175  0.000000 -0.000569  0.000000 ) 
 (  0.000422  0.000000 -0.000388  0.000000  0.001726  0.000000 ) 
 ( -0.139964  0.000000  0.041689  0.000000 -0.082692  0.000000 ) 
 ( -0.130365  0.000000  0.028774  0.000000 -0.076386  0.000000 ) 
 ( -0.030010  0.000000  0.007967  0.000000 -0.240195  0.000000 ) 
 (  0.059122  0.000000  0.031200  0.000000  0.242274  0.000000 ) 
 ( -0.156887  0.000000 -0.065647  0.000000 -0.032873  0.000000 ) 
 ( -0.155832  0.000000 -0.113652  0.000000 -0.024233  0.000000 ) 
 (  0.049954  0.000000 -0.102355  0.000000  0.085175  0.000000 ) 
 ( -0.053154  0.000000 -0.043237  0.000000 -0.088023  0.000000 ) 
 ( -0.230033  0.000000  0.105522  0.000000 -0.113983  0.000000 ) 
 ( -0.249604  0.000000  0.112505  0.000000 -0.026691  0.000000 ) 
 ( -0.108751  0.000000 -0.046532  0.000000 -0.198935  0.000000 ) 
 (  0.049393  0.000000  0.025355  0.000000  0.227716  0.000000 ) 
 (  0.085578  0.000000 -0.050479  0.000000  0.075466  0.000000 ) 
 (  0.001708  0.000000 -0.007794  0.000000  0.115411  0.000000 ) 
 (  0.112795  0.000000  0.055123  0.000000 -0.296042  0.000000 ) 
 (  0.141575  0.000000  0.074337  0.000000  0.282872  0.000000 ) 
 ( -0.037441  0.000000  0.126789  0.000000 -0.117959  0.000000 ) 
 ( -0.011764  0.000000  0.092856  0.000000 -0.074230  0.000000 ) 
 ( -0.030826  0.000000 -0.015247  0.000000  0.284236  0.000000 ) 
 ( -0.047050  0.000000 -0.087668  0.000000 -0.298654  0.000000 ) 
     freq (   21) =       8.687620 [THz] =     289.787804 [cm-1]
 ( -0.006901  0.000000 -0.003240  0.000000 -0.002549  0.000000 ) 
 (  0.002021 -0.000000 -0.000949  0.000000  0.008701 -0.000000 ) 
 (  0.003804 -0.000000  0.026687 -0.000000 -0.008548  0.000000 ) 
 (  0.020596 -0.000000 -0.027466  0.000000  0.015342 -0.000000 ) 
 (  0.032236 -0.000000  0.092547 -0.000000  0.015096 -0.000000 ) 
 (  0.025088 -0.000000  0.092319 -0.000000 -0.008098  0.000000 ) 
 (  0.030566 -0.000000  0.144852 -0.000000 -0.033848  0.000000 ) 
 ( -0.001077  0.000000 -0.115355  0.000000  0.045854 -0.000000 ) 
 (  0.049691 -0.000000 -0.439827  0.000000 -0.032167  0.000000 ) 
 (  0.058329 -0.000000 -0.448468  0.000000  0.008820 -0.000000 ) 
 (  0.104839 -0.000000 -0.041573  0.000000  0.025210 -0.000000 ) 
 ( -0.054096  0.000000  0.023014 -0.000000 -0.078345  0.000000 ) 
 ( -0.263855  0.000000 -0.107525  0.000000 -0.105863  0.000000 ) 
 ( -0.278719  0.000000 -0.112961  0.000000  0.075529 -0.000000 ) 
 (  0.041479 -0.000000 -0.011869  0.000000  0.009714 -0.000000 ) 
 ( -0.120732  0.000000 -0.065488  0.000000 -0.051578  0.000000 ) 
 (  0.288487 -0.000000 -0.102854  0.000000  0.080435 -0.000000 ) 
 (  0.265271 -0.000000 -0.080194  0.000000 -0.062481  0.000000 ) 
 (  0.022653 -0.000000 -0.073294  0.000000  0.045774 -0.000000 ) 
 ( -0.097262  0.000000 -0.022849  0.000000 -0.016602  0.000000 ) 
 (  0.215612 -0.000000  0.072023 -0.000000 -0.040659  0.000000 ) 
 (  0.193757 -0.000000  0.100186 -0.000000  0.058931 -0.000000 ) 
     freq (   22) =       8.687620 [THz] =     289.787804 [cm-1]
 (  0.002021  0.000000  0.000949  0.000000 -0.008701  0.000000 ) 
 (  0.006901  0.000000 -0.003240  0.000000 -0.002549  0.000000 ) 
 ( -0.032236  0.000000  0.092547  0.000000  0.015096  0.000000 ) 
 (  0.025088  0.000000 -0.092319  0.000000  0.008098  0.000000 ) 
 (  0.003804  0.000000 -0.026687  0.000000  0.008548  0.000000 ) 
 ( -0.020596  0.000000 -0.027466  0.000000  0.015342  0.000000 ) 
 (  0.049691  0.000000  0.439827  0.000000  0.032167  0.000000 ) 
 ( -0.058329  0.000000 -0.448468  0.000000  0.008820  0.000000 ) 
 ( -0.030566  0.000000  0.144852  0.000000 -0.033848  0.000000 ) 
 ( -0.001077  0.000000  0.115355  0.000000 -0.045854  0.000000 ) 
 (  0.263855  0.000000 -0.107525  0.000000 -0.105863  0.000000 ) 
 ( -0.278719  0.000000  0.112961  0.000000 -0.075529  0.000000 ) 
 (  0.104839  0.000000  0.041573  0.000000 -0.025210  0.000000 ) 
 (  0.054096  0.000000  0.023014  0.000000 -0.078345  0.000000 ) 
 (  0.288487  0.000000  0.102854  0.000000 -0.080435  0.000000 ) 
 ( -0.265271  0.000000 -0.080194  0.000000 -0.062481  0.000000 ) 
 ( -0.041479  0.000000 -0.011869  0.000000  0.009714  0.000000 ) 
 ( -0.120732  0.000000  0.065488  0.000000  0.051578  0.000000 ) 
 (  0.215612  0.000000 -0.072023  0.000000  0.040659  0.000000 ) 
 ( -0.193757  0.000000  0.100186  0.000000  0.058931  0.000000 ) 
 ( -0.022653  0.000000 -0.073294  0.000000  0.045774  0.000000 ) 
 ( -0.097262  0.000000  0.022849  0.000000  0.016602  0.000000 ) 
     freq (   23) =       8.793433 [THz] =     293.317345 [cm-1]
 ( -0.000144  0.000000 -0.000081  0.000000 -0.002715  0.000000 ) 
 (  0.001381 -0.000000 -0.000777  0.000000  0.000283 -0.000000 ) 
 ( -0.009879  0.000000  0.024902  0.000000  0.020673 -0.000000 ) 
 (  0.008006  0.000000 -0.026064  0.000000  0.020993 -0.000000 ) 
 ( -0.008039  0.000000  0.008228 -0.000000  0.003708 -0.000000 ) 
 (  0.009906 -0.000000 -0.002907  0.000000 -0.000642  0.000000 ) 
 (  0.009104  0.000000  0.104079 -0.000000 -0.038021  0.000000 ) 
 ( -0.010043  0.000000 -0.102915  0.000000 -0.036611  0.000000 ) 
 (  0.005494 -0.000000 -0.005228  0.000000 -0.002860  0.000000 ) 
 ( -0.003495  0.000000 -0.016380  0.000000 -0.010651  0.000000 ) 
 (  0.058168 -0.000000 -0.021208  0.000000  0.403057 -0.000000 ) 
 ( -0.058073  0.000000  0.018613  0.000000  0.401889 -0.000000 ) 
 ( -0.005610  0.000000  0.010353  0.000000  0.036424 -0.000000 ) 
 ( -0.006525  0.000000 -0.014510  0.000000 -0.047606  0.000000 ) 
 ( -0.090058  0.000000 -0.330827  0.000000  0.156474 -0.000000 ) 
 (  0.092116 -0.000000  0.331610 -0.000000  0.155900 -0.000000 ) 
 ( -0.019366  0.000000  0.038327 -0.000000 -0.013557  0.000000 ) 
 (  0.000348  0.000000  0.030826 -0.000000  0.019053 -0.000000 ) 
 (  0.201069 -0.000000  0.322185 -0.000000 -0.161121  0.000000 ) 
 ( -0.205689  0.000000 -0.324517  0.000000 -0.161592  0.000000 ) 
 (  0.043359 -0.000000 -0.044927  0.000000  0.019099 -0.000000 ) 
 ( -0.000897  0.000000 -0.022583  0.000000 -0.014589  0.000000 ) 
     freq (   24) =       8.793433 [THz] =     293.317345 [cm-1]
 (  0.001381  0.000000  0.000777  0.000000 -0.000283  0.000000 ) 
 (  0.000144  0.000000 -0.000081  0.000000 -0.002715  0.000000 ) 
 (  0.008039  0.000000  0.008228  0.000000  0.003708  0.000000 ) 
 (  0.009906  0.000000  0.002907  0.000000  0.000642  0.000000 ) 
 ( -0.009879  0.000000 -0.024902  0.000000 -0.020673  0.000000 ) 
 ( -0.008006  0.000000 -0.026064  0.000000  0.020993  0.000000 ) 
 (  0.005494  0.000000  0.005228  0.000000  0.002860  0.000000 ) 
 (  0.003495  0.000000 -0.016380  0.000000 -0.010651  0.000000 ) 
 ( -0.009104  0.000000  0.104079  0.000000 -0.038021  0.000000 ) 
 ( -0.010043  0.000000  0.102915  0.000000  0.036611  0.000000 ) 
 (  0.005610  0.000000  0.010353  0.000000  0.036424  0.000000 ) 
 ( -0.006525  0.000000  0.014510  0.000000  0.047606  0.000000 ) 
 (  0.058168  0.000000  0.021208  0.000000 -0.403057  0.000000 ) 
 (  0.058073  0.000000  0.018613  0.000000  0.401889  0.000000 ) 
 ( -0.019366  0.000000 -0.038327  0.000000  0.013557  0.000000 ) 
 ( -0.000348  0.000000  0.030826  0.000000  0.019053  0.000000 ) 
 (  0.090058  0.000000 -0.330827  0.000000  0.156474  0.000000 ) 
 (  0.092116  0.000000 -0.331610  0.000000 -0.155900  0.000000 ) 
 (  0.043359  0.000000  0.044927  0.000000 -0.019099  0.000000 ) 
 (  0.000897  0.000000 -0.022583  0.000000 -0.014589  0.000000 ) 
 ( -0.201069  0.000000  0.322185  0.000000 -0.161121  0.000000 ) 
 ( -0.205689  0.000000  0.324517  0.000000  0.161592  0.000000 ) 
     freq (   25) =       9.894256 [THz] =     330.036858 [cm-1]
 (  0.000055 -0.000000  0.000168 -0.000000 -0.000354  0.000000 ) 
 (  0.000088 -0.000000 -0.000269  0.000000 -0.000222  0.000000 ) 
 ( -0.020279  0.000000  0.033083 -0.000000  0.013989 -0.000000 ) 
 ( -0.017734  0.000000  0.026573 -0.000000  0.015667 -0.000000 ) 
 (  0.029599 -0.000000  0.045664 -0.000000 -0.010615  0.000000 ) 
 ( -0.031190  0.000000 -0.049735  0.000000  0.007930 -0.000000 ) 
 (  0.032335 -0.000000  0.248504 -0.000000  0.006041 -0.000000 ) 
 (  0.032804 -0.000000  0.234496 -0.000000  0.007615 -0.000000 ) 
 (  0.052230 -0.000000 -0.381816  0.000000  0.005528 -0.000000 ) 
 ( -0.051937  0.000000  0.390576 -0.000000 -0.003012  0.000000 ) 
 (  0.165210 -0.000000 -0.090038  0.000000  0.018407 -0.000000 ) 
 (  0.160472 -0.000000 -0.091430  0.000000  0.018964 -0.000000 ) 
 ( -0.258927  0.000000 -0.145534  0.000000 -0.012130  0.000000 ) 
 (  0.261890 -0.000000  0.144663 -0.000000  0.011239 -0.000000 ) 
 (  0.147757 -0.000000  0.020577 -0.000000 -0.018093  0.000000 ) 
 (  0.146112 -0.000000  0.031814 -0.000000 -0.009216  0.000000 ) 
 (  0.234457 -0.000000 -0.045405  0.000000 -0.001441  0.000000 ) 
 ( -0.235486  0.000000  0.038377 -0.000000  0.015636 -0.000000 ) 
 ( -0.140379  0.000000 -0.024863  0.000000  0.019313 -0.000000 ) 
 ( -0.154094  0.000000 -0.028721  0.000000  0.006524 -0.000000 ) 
 ( -0.239742  0.000000  0.044051 -0.000000 -0.002148  0.000000 ) 
 (  0.231166 -0.000000 -0.041639  0.000000 -0.018304  0.000000 ) 
     freq (   26) =       9.894256 [THz] =     330.036858 [cm-1]
 (  0.000088  0.000000  0.000269  0.000000  0.000222  0.000000 ) 
 ( -0.000055  0.000000  0.000168  0.000000 -0.000354  0.000000 ) 
 ( -0.029599  0.000000  0.045664  0.000000 -0.010615  0.000000 ) 
 ( -0.031190  0.000000  0.049735  0.000000 -0.007930  0.000000 ) 
 ( -0.020279  0.000000 -0.033083  0.000000 -0.013989  0.000000 ) 
 (  0.017734  0.000000  0.026573  0.000000  0.015667  0.000000 ) 
 (  0.052230  0.000000  0.381816  0.000000 -0.005528  0.000000 ) 
 (  0.051937  0.000000  0.390576  0.000000 -0.003012  0.000000 ) 
 ( -0.032335  0.000000  0.248504  0.000000  0.006041  0.000000 ) 
 (  0.032804  0.000000 -0.234496  0.000000 -0.007615  0.000000 ) 
 (  0.258927  0.000000 -0.145534  0.000000 -0.012130  0.000000 ) 
 (  0.261890  0.000000 -0.144663  0.000000 -0.011239  0.000000 ) 
 (  0.165210  0.000000  0.090038  0.000000 -0.018407  0.000000 ) 
 ( -0.160472  0.000000 -0.091430  0.000000  0.018964  0.000000 ) 
 (  0.234457  0.000000  0.045405  0.000000  0.001441  0.000000 ) 
 (  0.235486  0.000000  0.038377  0.000000  0.015636  0.000000 ) 
 ( -0.147757  0.000000  0.020577  0.000000 -0.018093  0.000000 ) 
 (  0.146112  0.000000 -0.031814  0.000000  0.009216  0.000000 ) 
 ( -0.239742  0.000000 -0.044051  0.000000  0.002148  0.000000 ) 
 ( -0.231166  0.000000 -0.041639  0.000000 -0.018304  0.000000 ) 
 (  0.140379  0.000000 -0.024863  0.000000  0.019313  0.000000 ) 
 ( -0.154094  0.000000  0.028721  0.000000 -0.006524  0.000000 ) 
     freq (   27) =      12.238422 [THz] =     408.229801 [cm-1]
 ( -0.002367  0.000000 -0.004019  0.000000  0.000011  0.000000 ) 
 ( -0.000009  0.000000  0.000016  0.000000  0.002882  0.000000 ) 
 ( -0.002853  0.000000 -0.000569  0.000000  0.026370  0.000000 ) 
 ( -0.002980  0.000000 -0.000539  0.000000 -0.026346  0.000000 ) 
 (  0.016178  0.000000  0.003766  0.000000 -0.002884  0.000000 ) 
 (  0.016155  0.000000  0.003771  0.000000  0.003092  0.000000 ) 
 ( -0.002615  0.000000 -0.000590  0.000000  0.444863  0.000000 ) 
 ( -0.002703  0.000000 -0.000467  0.000000 -0.444647  0.000000 ) 
 ( -0.011121  0.000000 -0.015556  0.000000  0.025557  0.000000 ) 
 ( -0.011100  0.000000 -0.015560  0.000000 -0.029071  0.000000 ) 
 ( -0.002440  0.000000 -0.000823  0.000000 -0.027538  0.000000 ) 
 ( -0.002487  0.000000 -0.000845  0.000000  0.027530  0.000000 ) 
 (  0.005899  0.000000 -0.002862  0.000000  0.000808  0.000000 ) 
 (  0.005879  0.000000 -0.002855  0.000000 -0.001025  0.000000 ) 
 (  0.326682  0.000000 -0.147894  0.000000  0.146550  0.000000 ) 
 (  0.326674  0.000000 -0.147850  0.000000 -0.146493  0.000000 ) 
 (  0.000255  0.000000 -0.004896  0.000000  0.006685  0.000000 ) 
 ( -0.002326  0.000000 -0.006064  0.000000 -0.007842  0.000000 ) 
 (  0.322299  0.000000 -0.148555  0.000000  0.146673  0.000000 ) 
 (  0.322590  0.000000 -0.148645  0.000000 -0.146728  0.000000 ) 
 (  0.038222  0.000000  0.012001  0.000000 -0.007526  0.000000 ) 
 (  0.035674  0.000000  0.010827  0.000000  0.006367  0.000000 ) 
     freq (   28) =      12.238422 [THz] =     408.229801 [cm-1]
 ( -0.000009  0.000000 -0.000016  0.000000 -0.002882  0.000000 ) 
 (  0.002367  0.000000 -0.004019  0.000000  0.000011  0.000000 ) 
 ( -0.016178  0.000000  0.003766  0.000000 -0.002884  0.000000 ) 
 (  0.016155  0.000000 -0.003771  0.000000 -0.003092  0.000000 ) 
 ( -0.002853  0.000000  0.000569  0.000000 -0.026370  0.000000 ) 
 (  0.002980  0.000000 -0.000539  0.000000 -0.026346  0.000000 ) 
 ( -0.011121  0.000000  0.015556  0.000000 -0.025557  0.000000 ) 
 (  0.011100  0.000000 -0.015560  0.000000 -0.029071  0.000000 ) 
 (  0.002615  0.000000 -0.000590  0.000000  0.444863  0.000000 ) 
 ( -0.002703  0.000000  0.000467  0.000000  0.444647  0.000000 ) 
 ( -0.005899  0.000000 -0.002862  0.000000  0.000808  0.000000 ) 
 (  0.005879  0.000000  0.002855  0.000000  0.001025  0.000000 ) 
 ( -0.002440  0.000000  0.000823  0.000000  0.027538  0.000000 ) 
 (  0.002487  0.000000 -0.000845  0.000000  0.027530  0.000000 ) 
 (  0.000255  0.000000  0.004896  0.000000 -0.006685  0.000000 ) 
 (  0.002326  0.000000 -0.006064  0.000000 -0.007842  0.000000 ) 
 ( -0.326682  0.000000 -0.147894  0.000000  0.146550  0.000000 ) 
 (  0.326674  0.000000  0.147850  0.000000  0.146493  0.000000 ) 
 (  0.038222  0.000000 -0.012001  0.000000  0.007526  0.000000 ) 
 ( -0.035674  0.000000  0.010827  0.000000  0.006367  0.000000 ) 
 ( -0.322299  0.000000 -0.148555  0.000000  0.146673  0.000000 ) 
 (  0.322590  0.000000  0.148645  0.000000  0.146728  0.000000 ) 
     freq (   29) =      12.644215 [THz] =     421.765623 [cm-1]
 (  0.000105  0.000000  0.000034  0.000000 -0.000222  0.000000 ) 
 ( -0.000157  0.000000  0.000050  0.000000  0.000148  0.000000 ) 
 ( -0.011340  0.000000  0.001072  0.000000 -0.025435  0.000000 ) 
 ( -0.011488  0.000000 -0.002638  0.000000 -0.023994  0.000000 ) 
 ( -0.017101  0.000000  0.002412  0.000000 -0.015467  0.000000 ) 
 (  0.017002  0.000000  0.000071  0.000000  0.017620  0.000000 ) 
 ( -0.010950  0.000000 -0.003752  0.000000 -0.387718  0.000000 ) 
 ( -0.011401  0.000000 -0.007104  0.000000 -0.358275  0.000000 ) 
 (  0.016846  0.000000 -0.009231  0.000000  0.227685  0.000000 ) 
 ( -0.016545  0.000000  0.006988  0.000000 -0.271670  0.000000 ) 
 ( -0.014043  0.000000  0.002697  0.000000  0.037286  0.000000 ) 
 ( -0.015455  0.000000  0.000670  0.000000  0.035275  0.000000 ) 
 ( -0.022507  0.000000 -0.001836  0.000000  0.022783  0.000000 ) 
 (  0.021562  0.000000  0.003193  0.000000 -0.025788  0.000000 ) 
 ( -0.282110  0.000000  0.112204  0.000000 -0.117607  0.000000 ) 
 (  0.269322  0.000000 -0.103623  0.000000 -0.107067  0.000000 ) 
 ( -0.175008  0.000000 -0.065825  0.000000  0.067324  0.000000 ) 
 ( -0.194112  0.000000 -0.078646  0.000000 -0.083069  0.000000 ) 
 (  0.260652  0.000000 -0.104748  0.000000  0.106272  0.000000 ) 
 ( -0.292651  0.000000  0.117638  0.000000  0.117324  0.000000 ) 
 (  0.209088  0.000000  0.084059  0.000000 -0.083091  0.000000 ) 
 (  0.161284  0.000000  0.064803  0.000000  0.066581  0.000000 ) 
     freq (   30) =      12.644215 [THz] =     421.765623 [cm-1]
 (  0.000157  0.000000  0.000050  0.000000  0.000148  0.000000 ) 
 (  0.000105  0.000000 -0.000034  0.000000  0.000222  0.000000 ) 
 ( -0.017101  0.000000 -0.002412  0.000000  0.015467  0.000000 ) 
 ( -0.017002  0.000000  0.000071  0.000000  0.017620  0.000000 ) 
 (  0.011340  0.000000  0.001072  0.000000 -0.025435  0.000000 ) 
 ( -0.011488  0.000000  0.002638  0.000000  0.023994  0.000000 ) 
 ( -0.016846  0.000000 -0.009231  0.000000  0.227685  0.000000 ) 
 ( -0.016545  0.000000 -0.006988  0.000000  0.271670  0.000000 ) 
 ( -0.010950  0.000000  0.003752  0.000000  0.387718  0.000000 ) 
 (  0.011401  0.000000 -0.007104  0.000000 -0.358275  0.000000 ) 
 ( -0.022507  0.000000  0.001836  0.000000 -0.022783  0.000000 ) 
 ( -0.021562  0.000000  0.003193  0.000000 -0.025788  0.000000 ) 
 (  0.014043  0.000000  0.002697  0.000000  0.037286  0.000000 ) 
 ( -0.015455  0.000000 -0.000670  0.000000 -0.035275  0.000000 ) 
 (  0.175008  0.000000 -0.065825  0.000000  0.067324  0.000000 ) 
 ( -0.194112  0.000000  0.078646  0.000000  0.083069  0.000000 ) 
 ( -0.282110  0.000000 -0.112204  0.000000  0.117607  0.000000 ) 
 ( -0.269322  0.000000 -0.103623  0.000000 -0.107067  0.000000 ) 
 ( -0.209088  0.000000  0.084059  0.000000 -0.083091  0.000000 ) 
 (  0.161284  0.000000 -0.064803  0.000000 -0.066581  0.000000 ) 
 (  0.260652  0.000000  0.104748  0.000000 -0.106272  0.000000 ) 
 (  0.292651  0.000000  0.117638  0.000000  0.117324  0.000000 ) 
     freq (   31) =      30.722503 [THz] =    1024.792390 [cm-1]
 (  0.000023  0.000000  0.000005  0.000000  0.000137  0.000000 ) 
 ( -0.000216  0.000000  0.000049  0.000000 -0.000015  0.000000 ) 
 ( -0.058773  0.000000 -0.066323  0.000000  0.000255  0.000000 ) 
 (  0.059061  0.000000  0.066419  0.000000  0.000596  0.000000 ) 
 (  0.007656  0.000000 -0.007561  0.000000  0.001637  0.000000 ) 
 (  0.004968  0.000000 -0.006661  0.000000  0.001546  0.000000 ) 
 (  0.058715  0.000000  0.369248  0.000000 -0.000799  0.000000 ) 
 ( -0.058715  0.000000 -0.370066  0.000000 -0.001493  0.000000 ) 
 (  0.006293  0.000000 -0.043424  0.000000  0.003361  0.000000 ) 
 (  0.006288  0.000000 -0.035783  0.000000  0.003116  0.000000 ) 
 (  0.062705  0.000000 -0.103692  0.000000  0.000427  0.000000 ) 
 ( -0.063235  0.000000  0.104232  0.000000  0.000409  0.000000 ) 
 ( -0.009223  0.000000 -0.013661  0.000000 -0.000039  0.000000 ) 
 ( -0.004270  0.000000 -0.008616  0.000000 -0.000129  0.000000 ) 
 ( -0.300086  0.000000 -0.249916  0.000000  0.113951  0.000000 ) 
 (  0.299954  0.000000  0.250576  0.000000  0.114122  0.000000 ) 
 ( -0.031528  0.000000  0.029891  0.000000 -0.013017  0.000000 ) 
 ( -0.032758  0.000000  0.023730  0.000000  0.011418  0.000000 ) 
 ( -0.301462  0.000000 -0.249949  0.000000  0.114450  0.000000 ) 
 (  0.299267  0.000000  0.249841  0.000000  0.114610  0.000000 ) 
 ( -0.021934  0.000000  0.026266  0.000000 -0.013017  0.000000 ) 
 ( -0.042426  0.000000  0.027280  0.000000  0.011524  0.000000 ) 
     freq (   32) =      30.722503 [THz] =    1024.792390 [cm-1]
 (  0.000216  0.000000  0.000049  0.000000 -0.000015  0.000000 ) 
 (  0.000023  0.000000 -0.000005  0.000000 -0.000137  0.000000 ) 
 (  0.007656  0.000000  0.007561  0.000000 -0.001637  0.000000 ) 
 ( -0.004968  0.000000 -0.006661  0.000000  0.001546  0.000000 ) 
 (  0.058773  0.000000 -0.066323  0.000000  0.000255  0.000000 ) 
 (  0.059061  0.000000 -0.066419  0.000000 -0.000596  0.000000 ) 
 ( -0.006293  0.000000 -0.043424  0.000000  0.003361  0.000000 ) 
 (  0.006288  0.000000  0.035783  0.000000 -0.003116  0.000000 ) 
 (  0.058715  0.000000 -0.369248  0.000000  0.000799  0.000000 ) 
 (  0.058715  0.000000 -0.370066  0.000000 -0.001493  0.000000 ) 
 ( -0.009223  0.000000  0.013661  0.000000  0.000039  0.000000 ) 
 (  0.004270  0.000000 -0.008616  0.000000 -0.000129  0.000000 ) 
 ( -0.062705  0.000000 -0.103692  0.000000  0.000427  0.000000 ) 
 ( -0.063235  0.000000 -0.104232  0.000000 -0.000409  0.000000 ) 
 (  0.031528  0.000000  0.029891  0.000000 -0.013017  0.000000 ) 
 ( -0.032758  0.000000 -0.023730  0.000000 -0.011418  0.000000 ) 
 ( -0.300086  0.000000  0.249916  0.000000 -0.113951  0.000000 ) 
 ( -0.299954  0.000000  0.250576  0.000000  0.114122  0.000000 ) 
 (  0.021934  0.000000  0.026266  0.000000 -0.013017  0.000000 ) 
 ( -0.042426  0.000000 -0.027280  0.000000 -0.011524  0.000000 ) 
 ( -0.301462  0.000000  0.249949  0.000000 -0.114450  0.000000 ) 
 ( -0.299267  0.000000  0.249841  0.000000  0.114610  0.000000 ) 
     freq (   33) =      30.839647 [THz] =    1028.699896 [cm-1]
 (  0.000019  0.000000  0.000001  0.000000 -0.000000  0.000000 ) 
 (  0.000002  0.000000 -0.000000  0.000000 -0.000000  0.000000 ) 
 ( -0.052639  0.000000 -0.071405  0.000000 -0.000955  0.000000 ) 
 ( -0.052728  0.000000 -0.071543  0.000000 -0.001320  0.000000 ) 
 (  0.004814  0.000000 -0.006636  0.000000  0.014074  0.000000 ) 
 ( -0.003711  0.000000  0.004929  0.000000 -0.014045  0.000000 ) 
 (  0.065988  0.000000  0.384736  0.000000  0.003817  0.000000 ) 
 (  0.066123  0.000000  0.385429  0.000000  0.004515  0.000000 ) 
 (  0.006179  0.000000 -0.035438  0.000000  0.051516  0.000000 ) 
 ( -0.004509  0.000000  0.026875  0.000000 -0.051460  0.000000 ) 
 (  0.033163  0.000000 -0.087291  0.000000  0.004280  0.000000 ) 
 (  0.033210  0.000000 -0.087443  0.000000  0.006575  0.000000 ) 
 ( -0.002975  0.000000 -0.008005  0.000000 -0.067178  0.000000 ) 
 (  0.002395  0.000000  0.006133  0.000000  0.066992  0.000000 ) 
 ( -0.276364  0.000000 -0.255149  0.000000  0.127470  0.000000 ) 
 ( -0.275294  0.000000 -0.260746  0.000000 -0.129972  0.000000 ) 
 ( -0.015709  0.000000  0.055457  0.000000 -0.025879  0.000000 ) 
 (  0.028925  0.000000  0.013717  0.000000  0.005050  0.000000 ) 
 (  0.276176  0.000000  0.254737  0.000000 -0.127572  0.000000 ) 
 (  0.274143  0.000000  0.259353  0.000000  0.129573  0.000000 ) 
 (  0.009703  0.000000 -0.049320  0.000000  0.022768  0.000000 ) 
 ( -0.034823  0.000000 -0.007725  0.000000 -0.001963  0.000000 ) 
     freq (   34) =      30.839647 [THz] =    1028.699896 [cm-1]
 ( -0.000002  0.000000 -0.000000  0.000000 -0.000000  0.000000 ) 
 (  0.000019  0.000000 -0.000001  0.000000  0.000000  0.000000 ) 
 (  0.004814  0.000000  0.006636  0.000000 -0.014074  0.000000 ) 
 (  0.003711  0.000000  0.004929  0.000000 -0.014045  0.000000 ) 
 (  0.052639  0.000000 -0.071405  0.000000 -0.000955  0.000000 ) 
 ( -0.052728  0.000000  0.071543  0.000000  0.001320  0.000000 ) 
 ( -0.006179  0.000000 -0.035438  0.000000  0.051516  0.000000 ) 
 ( -0.004509  0.000000 -0.026875  0.000000  0.051460  0.000000 ) 
 (  0.065988  0.000000 -0.384736  0.000000 -0.003817  0.000000 ) 
 ( -0.066123  0.000000  0.385429  0.000000  0.004515  0.000000 ) 
 ( -0.002975  0.000000  0.008005  0.000000  0.067178  0.000000 ) 
 ( -0.002395  0.000000  0.006133  0.000000  0.066992  0.000000 ) 
 ( -0.033163  0.000000 -0.087291  0.000000  0.004280  0.000000 ) 
 (  0.033210  0.000000  0.087443  0.000000 -0.006575  0.000000 ) 
 (  0.015709  0.000000  0.055457  0.000000 -0.025879  0.000000 ) 
 (  0.028925  0.000000 -0.013717  0.000000 -0.005050  0.000000 ) 
 ( -0.276364  0.000000  0.255149  0.000000 -0.127470  0.000000 ) 
 (  0.275294  0.000000 -0.260746  0.000000 -0.129972  0.000000 ) 
 ( -0.009703  0.000000 -0.049320  0.000000  0.022768  0.000000 ) 
 ( -0.034823  0.000000  0.007725  0.000000  0.001963  0.000000 ) 
 (  0.276176  0.000000 -0.254737  0.000000  0.127572  0.000000 ) 
 ( -0.274143  0.000000  0.259353  0.000000  0.129573  0.000000 ) 
     freq (   35) =      31.795454 [THz] =    1060.582200 [cm-1]
 (  0.000000  0.000000 -0.000011  0.000000 -0.000043  0.000000 ) 
 ( -0.000001  0.000000 -0.000035  0.000000  0.000014  0.000000 ) 
 (  0.018648  0.000000 -0.015229  0.000000 -0.016725  0.000000 ) 
 (  0.024957  0.000000 -0.022571  0.000000 -0.016540  0.000000 ) 
 (  0.069187 -0.000000  0.060276 -0.000000 -0.005030  0.000000 ) 
 ( -0.067169  0.000000 -0.057928  0.000000  0.005608  0.000000 ) 
 (  0.025547  0.000000  0.045506  0.000000  0.070361 -0.000000 ) 
 (  0.037457  0.000000  0.072711 -0.000000  0.069244 -0.000000 ) 
 ( -0.100413  0.000000  0.189185 -0.000000 -0.020576  0.000000 ) 
 (  0.096604 -0.000000 -0.180485  0.000000  0.024068  0.000000 ) 
 ( -0.097514  0.000000  0.063198  0.000000  0.062905 -0.000000 ) 
 ( -0.135857  0.000000  0.086906  0.000000  0.061790 -0.000000 ) 
 ( -0.371012  0.000000 -0.238483  0.000000  0.018194  0.000000 ) 
 (  0.358750 -0.000000  0.230901 -0.000000 -0.021682  0.000000 ) 
 (  0.048121  0.000000  0.006206 -0.000000  0.029037  0.000000 ) 
 (  0.109766 -0.000000 -0.073523  0.000000 -0.076988  0.000000 ) 
 ( -0.256717  0.000000 -0.118000  0.000000  0.173440 -0.000000 ) 
 (  0.237004 -0.000000  0.092504 -0.000000  0.158106 -0.000000 ) 
 ( -0.068773  0.000000  0.009518  0.000000 -0.048375  0.000000 ) 
 ( -0.089225  0.000000  0.058889 -0.000000  0.058212  0.000000 ) 
 (  0.250304 -0.000000  0.114852 -0.000000 -0.168224  0.000000 ) 
 ( -0.243764  0.000000 -0.099063  0.000000 -0.165078  0.000000 ) 
     freq (   36) =      31.795454 [THz] =    1060.582200 [cm-1]
 (  0.000001  0.000000 -0.000035  0.000000  0.000014  0.000000 ) 
 (  0.000000  0.000000  0.000011  0.000000  0.000043  0.000000 ) 
 (  0.069187  0.000000 -0.060276  0.000000  0.005030  0.000000 ) 
 (  0.067169  0.000000 -0.057928  0.000000  0.005608  0.000000 ) 
 ( -0.018648  0.000000 -0.015229  0.000000 -0.016725  0.000000 ) 
 (  0.024957  0.000000  0.022571  0.000000  0.016540  0.000000 ) 
 (  0.100413  0.000000  0.189185  0.000000 -0.020576  0.000000 ) 
 (  0.096604  0.000000  0.180485  0.000000 -0.024068  0.000000 ) 
 (  0.025547  0.000000 -0.045506  0.000000 -0.070361  0.000000 ) 
 ( -0.037457  0.000000  0.072711  0.000000  0.069244  0.000000 ) 
 ( -0.371012  0.000000  0.238483  0.000000 -0.018194  0.000000 ) 
 ( -0.358750  0.000000  0.230901  0.000000 -0.021682  0.000000 ) 
 (  0.097514  0.000000  0.063198  0.000000  0.062905  0.000000 ) 
 ( -0.135857  0.000000 -0.086906  0.000000 -0.061790  0.000000 ) 
 (  0.256717  0.000000 -0.118000  0.000000  0.173440  0.000000 ) 
 (  0.237004  0.000000 -0.092504  0.000000 -0.158106  0.000000 ) 
 (  0.048121  0.000000 -0.006206  0.000000 -0.029037  0.000000 ) 
 ( -0.109766  0.000000 -0.073523  0.000000 -0.076988  0.000000 ) 
 ( -0.250304  0.000000  0.114852  0.000000 -0.168224  0.000000 ) 
 ( -0.243764  0.000000  0.099063  0.000000  0.165078  0.000000 ) 
 ( -0.068773  0.000000 -0.009518  0.000000  0.048375  0.000000 ) 
 (  0.089225  0.000000  0.058889  0.000000  0.058212  0.000000 ) 
     freq (   37) =      31.818756 [THz] =    1061.359466 [cm-1]
 (  0.000010  0.000000 -0.000069  0.000000  0.000562  0.000000 ) 
 (  0.000032  0.000000  0.000220  0.000000  0.000176  0.000000 ) 
 (  0.063855  0.000000 -0.060387  0.000000 -0.007142  0.000000 ) 
 ( -0.065949  0.000000  0.062333  0.000000  0.001822  0.000000 ) 
 (  0.023667  0.000000  0.022323  0.000000 -0.013478  0.000000 ) 
 (  0.016982  0.000000  0.016107  0.000000 -0.015144  0.000000 ) 
 (  0.101055  0.000000  0.210031  0.000000  0.029231  0.000000 ) 
 ( -0.104117  0.000000 -0.215403  0.000000 -0.008419  0.000000 ) 
 ( -0.037014  0.000000  0.075191  0.000000 -0.056856  0.000000 ) 
 ( -0.027237  0.000000  0.058036  0.000000 -0.063374  0.000000 ) 
 ( -0.360171  0.000000  0.229164  0.000000  0.034107  0.000000 ) 
 (  0.370942  0.000000 -0.235909  0.000000 -0.007044  0.000000 ) 
 ( -0.131673  0.000000 -0.083590  0.000000  0.061467  0.000000 ) 
 ( -0.097279  0.000000 -0.062050  0.000000  0.069941  0.000000 ) 
 (  0.219394  0.000000 -0.100478  0.000000  0.160395  0.000000 ) 
 ( -0.235146  0.000000  0.124092  0.000000  0.174940  0.000000 ) 
 ( -0.096321  0.000000 -0.072866  0.000000  0.075730  0.000000 ) 
 ( -0.046021  0.000000  0.002540  0.000000 -0.029282  0.000000 ) 
 (  0.231414  0.000000 -0.116912  0.000000  0.171232  0.000000 ) 
 ( -0.232286  0.000000  0.132828  0.000000  0.174798  0.000000 ) 
 ( -0.073998  0.000000 -0.064516  0.000000  0.059874  0.000000 ) 
 ( -0.071213  0.000000 -0.013692  0.000000 -0.048487  0.000000 ) 
     freq (   38) =      31.818756 [THz] =    1061.359466 [cm-1]
 (  0.000032  0.000000 -0.000220  0.000000 -0.000176  0.000000 ) 
 ( -0.000010  0.000000 -0.000069  0.000000  0.000562  0.000000 ) 
 ( -0.023667  0.000000  0.022323  0.000000 -0.013478  0.000000 ) 
 (  0.016982  0.000000 -0.016107  0.000000  0.015144  0.000000 ) 
 (  0.063855  0.000000  0.060387  0.000000  0.007142  0.000000 ) 
 (  0.065949  0.000000  0.062333  0.000000  0.001822  0.000000 ) 
 ( -0.037014  0.000000 -0.075191  0.000000  0.056856  0.000000 ) 
 (  0.027237  0.000000  0.058036  0.000000 -0.063374  0.000000 ) 
 ( -0.101055  0.000000  0.210031  0.000000  0.029231  0.000000 ) 
 ( -0.104117  0.000000  0.215403  0.000000  0.008419  0.000000 ) 
 (  0.131673  0.000000 -0.083590  0.000000  0.061467  0.000000 ) 
 ( -0.097279  0.000000  0.062050  0.000000 -0.069941  0.000000 ) 
 ( -0.360171  0.000000 -0.229164  0.000000 -0.034107  0.000000 ) 
 ( -0.370942  0.000000 -0.235909  0.000000 -0.007044  0.000000 ) 
 ( -0.096321  0.000000  0.072866  0.000000 -0.075730  0.000000 ) 
 (  0.046021  0.000000  0.002540  0.000000 -0.029282  0.000000 ) 
 ( -0.219394  0.000000 -0.100478  0.000000  0.160395  0.000000 ) 
 ( -0.235146  0.000000 -0.124092  0.000000 -0.174940  0.000000 ) 
 ( -0.073998  0.000000  0.064516  0.000000 -0.059874  0.000000 ) 
 (  0.071213  0.000000 -0.013692  0.000000 -0.048487  0.000000 ) 
 ( -0.231414  0.000000 -0.116912  0.000000  0.171232  0.000000 ) 
 ( -0.232286  0.000000 -0.132828  0.000000 -0.174798  0.000000 ) 
     freq (   39) =      32.306282 [THz] =    1077.621572 [cm-1]
 ( -0.000343  0.000000  0.000406 -0.000000  0.000207  0.000000 ) 
 (  0.000098  0.000000  0.000117  0.000000 -0.000720  0.000000 ) 
 (  0.004276  0.000000 -0.003237  0.000000 -0.083715  0.000000 ) 
 ( -0.001123  0.000000  0.002350  0.000000  0.087490 -0.000000 ) 
 ( -0.008948  0.000000 -0.009600  0.000000  0.031156  0.000000 ) 
 ( -0.009854  0.000000 -0.009855  0.000000  0.018011  0.000000 ) 
 (  0.005366  0.000000  0.007830  0.000000  0.335105 -0.000000 ) 
 ( -0.003383  0.000000 -0.009264  0.000000 -0.350242  0.000000 ) 
 (  0.014948 -0.000000 -0.029967  0.000000  0.124764  0.000000 ) 
 (  0.015517 -0.000000 -0.029555  0.000000  0.072055  0.000000 ) 
 ( -0.023537  0.000000  0.015081  0.000000  0.453670 -0.000000 ) 
 (  0.010708  0.000000 -0.005565  0.000000 -0.473526  0.000000 ) 
 (  0.057781 -0.000000  0.034580 -0.000000 -0.167706  0.000000 ) 
 (  0.061466 -0.000000  0.037313 -0.000000 -0.098567  0.000000 ) 
 ( -0.022260  0.000000  0.203157 -0.000000 -0.075465  0.000000 ) 
 ( -0.046908  0.000000  0.221707 -0.000000  0.094545 -0.000000 ) 
 (  0.052844  0.000000  0.093304  0.000000 -0.057631  0.000000 ) 
 (  0.032981 -0.000000 -0.028709  0.000000  0.008807  0.000000 ) 
 ( -0.038251  0.000000  0.211348 -0.000000 -0.082808  0.000000 ) 
 ( -0.058604  0.000000  0.211461 -0.000000  0.094351 -0.000000 ) 
 (  0.049344  0.000000  0.060909  0.000000 -0.045535  0.000000 ) 
 (  0.021529 -0.000000 -0.060514  0.000000 -0.005342  0.000000 ) 
     freq (   40) =      32.306282 [THz] =    1077.621572 [cm-1]
 (  0.000098  0.000000 -0.000117  0.000000  0.000720 -0.000000 ) 
 (  0.000343 -0.000000  0.000406 -0.000000  0.000207  0.000000 ) 
 (  0.008948 -0.000000 -0.009600  0.000000  0.031156  0.000000 ) 
 ( -0.009854  0.000000  0.009855 -0.000000 -0.018011  0.000000 ) 
 (  0.004276  0.000000  0.003237  0.000000  0.083715 -0.000000 ) 
 (  0.001123  0.000000  0.002350  0.000000  0.087490 -0.000000 ) 
 (  0.014948 -0.000000  0.029967 -0.000000 -0.124764  0.000000 ) 
 ( -0.015517  0.000000 -0.029555  0.000000  0.072055  0.000000 ) 
 ( -0.005366  0.000000  0.007830  0.000000  0.335105 -0.000000 ) 
 ( -0.003383  0.000000  0.009264  0.000000  0.350242 -0.000000 ) 
 ( -0.057781  0.000000  0.034580 -0.000000 -0.167706  0.000000 ) 
 (  0.061466 -0.000000 -0.037313  0.000000  0.098567  0.000000 ) 
 ( -0.023537  0.000000 -0.015081  0.000000 -0.453670  0.000000 ) 
 ( -0.010708  0.000000 -0.005565  0.000000 -0.473526  0.000000 ) 
 (  0.052844  0.000000 -0.093304  0.000000  0.057631  0.000000 ) 
 ( -0.032981  0.000000 -0.028709  0.000000  0.008807  0.000000 ) 
 (  0.022260 -0.000000  0.203157 -0.000000 -0.075465  0.000000 ) 
 ( -0.046908  0.000000 -0.221707  0.000000 -0.094545  0.000000 ) 
 (  0.049344  0.000000 -0.060909  0.000000  0.045535  0.000000 ) 
 ( -0.021529  0.000000 -0.060514  0.000000 -0.005342  0.000000 ) 
 (  0.038251 -0.000000  0.211348 -0.000000 -0.082808  0.000000 ) 
 ( -0.058604  0.000000 -0.211461  0.000000 -0.094351  0.000000 ) 
     freq (   41) =      32.512368 [THz] =    1084.495846 [cm-1]
 (  0.000001  0.000000 -0.000002  0.000000 -0.000109  0.000000 ) 
 ( -0.000014  0.000000 -0.000048  0.000000  0.000005  0.000000 ) 
 (  0.001567  0.000000  0.000007  0.000000  0.085183  0.000000 ) 
 ( -0.000078  0.000000  0.000052  0.000000  0.084548  0.000000 ) 
 (  0.016755  0.000000 -0.000665  0.000000 -0.003403  0.000000 ) 
 ( -0.016828  0.000000  0.000663  0.000000 -0.010928  0.000000 ) 
 (  0.000990  0.000000 -0.000739  0.000000 -0.359738  0.000000 ) 
 ( -0.000167  0.000000 -0.000638  0.000000 -0.357262  0.000000 ) 
 ( -0.009254  0.000000 -0.015521  0.000000 -0.012030  0.000000 ) 
 (  0.009305  0.000000  0.015526  0.000000 -0.043819  0.000000 ) 
 ( -0.006349  0.000000  0.004753  0.000000 -0.471745  0.000000 ) 
 ( -0.000400  0.000000  0.000611  0.000000 -0.468284  0.000000 ) 
 ( -0.075983  0.000000 -0.060402  0.000000  0.018188  0.000000 ) 
 (  0.076247  0.000000  0.060586  0.000000  0.059865  0.000000 ) 
 (  0.055250  0.000000 -0.217885  0.000000  0.092577  0.000000 ) 
 ( -0.047715  0.000000  0.218545  0.000000  0.091536  0.000000 ) 
 ( -0.082697  0.000000  0.017125  0.000000  0.007653  0.000000 ) 
 (  0.087262  0.000000  0.002224  0.000000  0.015816  0.000000 ) 
 ( -0.047342  0.000000  0.212838  0.000000 -0.088064  0.000000 ) 
 (  0.040381  0.000000 -0.216616  0.000000 -0.088304  0.000000 ) 
 (  0.076557  0.000000 -0.052123  0.000000  0.006623  0.000000 ) 
 ( -0.080447  0.000000  0.033083  0.000000 -0.001196  0.000000 ) 
     freq (   42) =      32.512368 [THz] =    1084.495846 [cm-1]
 ( -0.000014  0.000000  0.000048  0.000000 -0.000005  0.000000 ) 
 ( -0.000001  0.000000 -0.000002  0.000000 -0.000109  0.000000 ) 
 ( -0.016755  0.000000 -0.000665  0.000000 -0.003403  0.000000 ) 
 ( -0.016828  0.000000 -0.000663  0.000000  0.010928  0.000000 ) 
 (  0.001567  0.000000 -0.000007  0.000000 -0.085183  0.000000 ) 
 (  0.000078  0.000000  0.000052  0.000000  0.084548  0.000000 ) 
 ( -0.009254  0.000000  0.015521  0.000000  0.012030  0.000000 ) 
 ( -0.009305  0.000000  0.015526  0.000000 -0.043819  0.000000 ) 
 ( -0.000990  0.000000 -0.000739  0.000000 -0.359738  0.000000 ) 
 ( -0.000167  0.000000  0.000638  0.000000  0.357262  0.000000 ) 
 (  0.075983  0.000000 -0.060402  0.000000  0.018188  0.000000 ) 
 (  0.076247  0.000000 -0.060586  0.000000 -0.059865  0.000000 ) 
 ( -0.006349  0.000000 -0.004753  0.000000  0.471745  0.000000 ) 
 (  0.000400  0.000000  0.000611  0.000000 -0.468284  0.000000 ) 
 ( -0.082697  0.000000 -0.017125  0.000000 -0.007653  0.000000 ) 
 ( -0.087262  0.000000  0.002224  0.000000  0.015816  0.000000 ) 
 ( -0.055250  0.000000 -0.217885  0.000000  0.092577  0.000000 ) 
 ( -0.047715  0.000000 -0.218545  0.000000 -0.091536  0.000000 ) 
 (  0.076557  0.000000  0.052123  0.000000 -0.006623  0.000000 ) 
 (  0.080447  0.000000  0.033083  0.000000 -0.001196  0.000000 ) 
 (  0.047342  0.000000  0.212838  0.000000 -0.088064  0.000000 ) 
 (  0.040381  0.000000  0.216616  0.000000  0.088304  0.000000 ) 
     freq (   43) =      35.843803 [THz] =    1195.620558 [cm-1]
 ( -0.000002  0.000000 -0.000005  0.000000 -0.000001  0.000000 ) 
 ( -0.000000  0.000000  0.000000  0.000000 -0.000033  0.000000 ) 
 (  0.006310 -0.000000 -0.002363  0.000000 -0.000321  0.000000 ) 
 (  0.006318  0.000000 -0.002355  0.000000 -0.000055  0.000000 ) 
 ( -0.000356  0.000000  0.000013 -0.000000  0.004857 -0.000000 ) 
 (  0.000133 -0.000000  0.000195 -0.000000 -0.004867  0.000000 ) 
 ( -0.059349  0.000000 -0.281394  0.000000  0.020191 -0.000000 ) 
 ( -0.059440  0.000000 -0.281813  0.000000 -0.002640  0.000000 ) 
 ( -0.003470  0.000000  0.016308  0.000000  0.226590 -0.000000 ) 
 (  0.001122 -0.000000 -0.005462  0.000000 -0.227473  0.000000 ) 
 (  0.213247  0.000000 -0.143662  0.000000 -0.016529  0.000000 ) 
 (  0.213529  0.000000 -0.143852  0.000000  0.003809 -0.000000 ) 
 ( -0.011894  0.000000 -0.008026  0.000000  0.164153 -0.000000 ) 
 (  0.004602 -0.000000  0.003087 -0.000000 -0.164939  0.000000 ) 
 (  0.114921  0.000000 -0.232066  0.000000  0.183400  0.000000 ) 
 (  0.128593  0.000000 -0.228921  0.000000 -0.184301  0.000000 ) 
 (  0.181575  0.000000 -0.031772  0.000000 -0.018765  0.000000 ) 
 (  0.172162  0.000000 -0.049590  0.000000  0.004552  0.000000 ) 
 ( -0.134448  0.000000  0.226636  0.000000 -0.184149  0.000000 ) 
 ( -0.147792  0.000000  0.223101  0.000000  0.184700 -0.000000 ) 
 ( -0.178061  0.000000  0.037032  0.000000  0.014257 -0.000000 ) 
 ( -0.167152  0.000000  0.054415  0.000000 -0.000000  0.000000 ) 
     freq (   44) =      35.843803 [THz] =    1195.620558 [cm-1]
 (  0.000000  0.000000  0.000000  0.000000 -0.000033  0.000000 ) 
 ( -0.000002  0.000000  0.000005  0.000000  0.000001  0.000000 ) 
 ( -0.000356  0.000000 -0.000013  0.000000 -0.004857  0.000000 ) 
 ( -0.000133  0.000000  0.000195  0.000000 -0.004867  0.000000 ) 
 ( -0.006310  0.000000 -0.002363  0.000000 -0.000321  0.000000 ) 
 (  0.006318  0.000000  0.002355  0.000000  0.000055  0.000000 ) 
 (  0.003470  0.000000  0.016308  0.000000  0.226590  0.000000 ) 
 (  0.001122  0.000000  0.005462  0.000000  0.227473  0.000000 ) 
 ( -0.059349  0.000000  0.281394  0.000000 -0.020191  0.000000 ) 
 (  0.059440  0.000000 -0.281813  0.000000 -0.002640  0.000000 ) 
 ( -0.011894  0.000000  0.008026  0.000000 -0.164153  0.000000 ) 
 ( -0.004602  0.000000  0.003087  0.000000 -0.164939  0.000000 ) 
 ( -0.213247  0.000000 -0.143662  0.000000 -0.016529  0.000000 ) 
 (  0.213529  0.000000  0.143852  0.000000 -0.003809  0.000000 ) 
 ( -0.181575  0.000000 -0.031772  0.000000 -0.018765  0.000000 ) 
 (  0.172162  0.000000  0.049590  0.000000 -0.004552  0.000000 ) 
 (  0.114921  0.000000  0.232066  0.000000 -0.183400  0.000000 ) 
 ( -0.128593  0.000000 -0.228921  0.000000 -0.184301  0.000000 ) 
 (  0.178061  0.000000  0.037032  0.000000  0.014257  0.000000 ) 
 ( -0.167152  0.000000 -0.054415  0.000000  0.000000  0.000000 ) 
 ( -0.134448  0.000000 -0.226636  0.000000  0.184149  0.000000 ) 
 (  0.147792  0.000000  0.223101  0.000000  0.184700  0.000000 ) 
     freq (   45) =      36.029163 [THz] =    1201.803527 [cm-1]
 ( -0.000750  0.000000 -0.000417  0.000000 -0.000131  0.000000 ) 
 ( -0.000150  0.000000  0.000083  0.000000 -0.000658  0.000000 ) 
 ( -0.000626  0.000000  0.000366  0.000000 -0.007824  0.000000 ) 
 (  0.000188  0.000000 -0.000069  0.000000  0.007870  0.000000 ) 
 ( -0.001996  0.000000 -0.001059  0.000000 -0.001679  0.000000 ) 
 ( -0.002083  0.000000 -0.001119  0.000000 -0.001450  0.000000 ) 
 (  0.004654  0.000000  0.023747  0.000000  0.401060  0.000000 ) 
 (  0.000271  0.000000  0.000861  0.000000 -0.401580  0.000000 ) 
 ( -0.010500  0.000000  0.054936  0.000000 -0.081323  0.000000 ) 
 ( -0.011482  0.000000  0.059843  0.000000 -0.078717  0.000000 ) 
 ( -0.017257  0.000000  0.011660  0.000000 -0.304347  0.000000 ) 
 ( -0.001917  0.000000  0.001537  0.000000  0.303803  0.000000 ) 
 ( -0.036555  0.000000 -0.024070  0.000000 -0.059266  0.000000 ) 
 ( -0.040378  0.000000 -0.026701  0.000000 -0.061994  0.000000 ) 
 ( -0.326497  0.000000 -0.060837  0.000000 -0.030755  0.000000 ) 
 ( -0.313070  0.000000 -0.079352  0.000000  0.014835  0.000000 ) 
 ( -0.030093  0.000000  0.060404  0.000000 -0.035376  0.000000 ) 
 (  0.097431  0.000000  0.032452  0.000000  0.044466  0.000000 ) 
 ( -0.315965  0.000000 -0.080481  0.000000 -0.015328  0.000000 ) 
 ( -0.302755  0.000000 -0.099511  0.000000 -0.000884  0.000000 ) 
 ( -0.028557  0.000000  0.065665  0.000000 -0.039216  0.000000 ) 
 (  0.094810  0.000000  0.029776  0.000000  0.042096  0.000000 ) 
     freq (   46) =      36.029163 [THz] =    1201.803527 [cm-1]
 ( -0.000150  0.000000 -0.000083  0.000000  0.000658  0.000000 ) 
 (  0.000750  0.000000 -0.000417  0.000000 -0.000131  0.000000 ) 
 (  0.001996  0.000000 -0.001059  0.000000 -0.001679  0.000000 ) 
 ( -0.002083  0.000000  0.001119  0.000000  0.001450  0.000000 ) 
 ( -0.000626  0.000000 -0.000366  0.000000  0.007824  0.000000 ) 
 ( -0.000188  0.000000 -0.000069  0.000000  0.007870  0.000000 ) 
 ( -0.010500  0.000000 -0.054936  0.000000  0.081323  0.000000 ) 
 (  0.011482  0.000000  0.059843  0.000000 -0.078717  0.000000 ) 
 ( -0.004654  0.000000  0.023747  0.000000  0.401060  0.000000 ) 
 (  0.000271  0.000000 -0.000861  0.000000  0.401580  0.000000 ) 
 (  0.036555  0.000000 -0.024070  0.000000 -0.059266  0.000000 ) 
 ( -0.040378  0.000000  0.026701  0.000000  0.061994  0.000000 ) 
 ( -0.017257  0.000000 -0.011660  0.000000  0.304347  0.000000 ) 
 (  0.001917  0.000000  0.001537  0.000000  0.303803  0.000000 ) 
 ( -0.030093  0.000000 -0.060404  0.000000  0.035376  0.000000 ) 
 ( -0.097431  0.000000  0.032452  0.000000  0.044466  0.000000 ) 
 (  0.326497  0.000000 -0.060837  0.000000 -0.030755  0.000000 ) 
 ( -0.313070  0.000000  0.079352  0.000000 -0.014835  0.000000 ) 
 ( -0.028557  0.000000 -0.065665  0.000000  0.039216  0.000000 ) 
 ( -0.094810  0.000000  0.029776  0.000000  0.042096  0.000000 ) 
 (  0.315965  0.000000 -0.080481  0.000000 -0.015328  0.000000 ) 
 ( -0.302755  0.000000  0.099511  0.000000  0.000884  0.000000 ) 
     freq (   47) =      36.113190 [THz] =    1204.606361 [cm-1]
 ( -0.000010  0.000000  0.000016  0.000000  0.000004  0.000000 ) 
 ( -0.000003  0.000000 -0.000004  0.000000  0.000014  0.000000 ) 
 (  0.001226  0.000000  0.000556  0.000000  0.001157  0.000000 ) 
 (  0.001095  0.000000  0.000581  0.000000  0.001568  0.000000 ) 
 ( -0.000094  0.000000  0.000204  0.000000 -0.004889  0.000000 ) 
 (  0.000560  0.000000 -0.000117  0.000000  0.004773  0.000000 ) 
 ( -0.042026  0.000000 -0.183091  0.000000 -0.081527  0.000000 ) 
 ( -0.040415  0.000000 -0.175320  0.000000 -0.103959  0.000000 ) 
 ( -0.008771  0.000000  0.036770  0.000000 -0.331976  0.000000 ) 
 (  0.014482  0.000000 -0.064322  0.000000  0.325649  0.000000 ) 
 (  0.147204  0.000000 -0.097441  0.000000  0.066906  0.000000 ) 
 (  0.141333  0.000000 -0.093391  0.000000  0.084997  0.000000 ) 
 ( -0.030283  0.000000 -0.019733  0.000000 -0.271831  0.000000 ) 
 (  0.051100  0.000000  0.034092  0.000000  0.266729  0.000000 ) 
 (  0.135660  0.000000 -0.122145  0.000000  0.111509  0.000000 ) 
 ( -0.015605  0.000000 -0.156912  0.000000 -0.100328  0.000000 ) 
 ( -0.251218  0.000000  0.100986  0.000000 -0.010055  0.000000 ) 
 ( -0.285080  0.000000  0.022276  0.000000 -0.049695  0.000000 ) 
 ( -0.149602  0.000000  0.110992  0.000000 -0.107003  0.000000 ) 
 ( -0.005415  0.000000  0.158277  0.000000  0.105796  0.000000 ) 
 (  0.233739  0.000000 -0.121797  0.000000  0.027870  0.000000 ) 
 (  0.277462  0.000000 -0.045848  0.000000  0.032150  0.000000 ) 
     freq (   48) =      36.113190 [THz] =    1204.606361 [cm-1]
 ( -0.000003  0.000000  0.000004  0.000000 -0.000014  0.000000 ) 
 (  0.000010  0.000000  0.000016  0.000000  0.000004  0.000000 ) 
 (  0.000094  0.000000  0.000204  0.000000 -0.004889  0.000000 ) 
 (  0.000560  0.000000  0.000117  0.000000 -0.004773  0.000000 ) 
 (  0.001226  0.000000 -0.000556  0.000000 -0.001157  0.000000 ) 
 ( -0.001095  0.000000  0.000581  0.000000  0.001568  0.000000 ) 
 ( -0.008771  0.000000 -0.036770  0.000000  0.331976  0.000000 ) 
 ( -0.014482  0.000000 -0.064322  0.000000  0.325649  0.000000 ) 
 (  0.042026  0.000000 -0.183091  0.000000 -0.081527  0.000000 ) 
 ( -0.040415  0.000000  0.175320  0.000000  0.103959  0.000000 ) 
 (  0.030283  0.000000 -0.019733  0.000000 -0.271831  0.000000 ) 
 (  0.051100  0.000000 -0.034092  0.000000 -0.266729  0.000000 ) 
 (  0.147204  0.000000  0.097441  0.000000 -0.066906  0.000000 ) 
 ( -0.141333  0.000000 -0.093391  0.000000  0.084997  0.000000 ) 
 ( -0.251218  0.000000 -0.100986  0.000000  0.010055  0.000000 ) 
 (  0.285080  0.000000  0.022276  0.000000 -0.049695  0.000000 ) 
 ( -0.135660  0.000000 -0.122145  0.000000  0.111509  0.000000 ) 
 ( -0.015605  0.000000  0.156912  0.000000  0.100328  0.000000 ) 
 (  0.233739  0.000000  0.121797  0.000000 -0.027870  0.000000 ) 
 ( -0.277462  0.000000 -0.045848  0.000000  0.032150  0.000000 ) 
 (  0.149602  0.000000  0.110992  0.000000 -0.107003  0.000000 ) 
 ( -0.005415  0.000000 -0.158277  0.000000 -0.105796  0.000000 ) 
     freq (   49) =      36.182474 [THz] =    1206.917426 [cm-1]
 ( -0.000358  0.000000 -0.000088  0.000000  0.000094  0.000000 ) 
 (  0.000056  0.000000 -0.000014  0.000000 -0.000607  0.000000 ) 
 (  0.000823  0.000000 -0.000075  0.000000  0.001523  0.000000 ) 
 ( -0.000843  0.000000  0.000393  0.000000 -0.001644  0.000000 ) 
 ( -0.005365  0.000000 -0.001531  0.000000 -0.000637  0.000000 ) 
 ( -0.005362  0.000000 -0.001481  0.000000  0.000145  0.000000 ) 
 ( -0.012507  0.000000 -0.056968  0.000000 -0.070606  0.000000 ) 
 (  0.008940  0.000000  0.043554  0.000000  0.076440  0.000000 ) 
 ( -0.068763  0.000000  0.322556  0.000000 -0.030202  0.000000 ) 
 ( -0.069317  0.000000  0.324640  0.000000  0.007363  0.000000 ) 
 (  0.045213 -0.000000 -0.030056  0.000000  0.053609  0.000000 ) 
 ( -0.033030  0.000000  0.022525  0.000000 -0.057579  0.000000 ) 
 ( -0.250932  0.000000 -0.168680  0.000000 -0.021415  0.000000 ) 
 ( -0.252824  0.000000 -0.169850  0.000000  0.004146  0.000000 ) 
 (  0.079058 -0.000000 -0.032103  0.000000  0.039203 -0.000000 ) 
 (  0.038460 -0.000000  0.050763  0.000000  0.026217  0.000000 ) 
 (  0.121566 -0.000000  0.268209  0.000000 -0.209590  0.000000 ) 
 (  0.139819 -0.000000  0.265311  0.000000  0.211607  0.000000 ) 
 (  0.079442  0.000000 -0.021186  0.000000  0.031839  0.000000 ) 
 (  0.030276  0.000000  0.059681 -0.000000  0.034149  0.000000 ) 
 (  0.149754  0.000000  0.263314 -0.000000 -0.212606  0.000000 ) 
 (  0.166795  0.000000  0.257335 -0.000000  0.212247  0.000000 ) 
     freq (   50) =      36.182474 [THz] =    1206.917426 [cm-1]
 (  0.000056  0.000000  0.000014  0.000000  0.000607  0.000000 ) 
 (  0.000358  0.000000 -0.000088  0.000000  0.000094  0.000000 ) 
 (  0.005365  0.000000 -0.001531  0.000000 -0.000637  0.000000 ) 
 ( -0.005362  0.000000  0.001481  0.000000 -0.000145  0.000000 ) 
 (  0.000823  0.000000  0.000075  0.000000 -0.001523  0.000000 ) 
 (  0.000843  0.000000  0.000393  0.000000 -0.001644  0.000000 ) 
 ( -0.068763  0.000000 -0.322556  0.000000  0.030202  0.000000 ) 
 (  0.069317  0.000000  0.324640  0.000000  0.007363  0.000000 ) 
 (  0.012507  0.000000 -0.056968  0.000000 -0.070606  0.000000 ) 
 (  0.008940  0.000000 -0.043554  0.000000 -0.076440  0.000000 ) 
 (  0.250932  0.000000 -0.168680  0.000000 -0.021415  0.000000 ) 
 ( -0.252824  0.000000  0.169850  0.000000 -0.004146  0.000000 ) 
 (  0.045213  0.000000  0.030056  0.000000 -0.053609  0.000000 ) 
 (  0.033030  0.000000  0.022525  0.000000 -0.057579  0.000000 ) 
 (  0.121566  0.000000 -0.268209  0.000000  0.209590  0.000000 ) 
 ( -0.139819  0.000000  0.265311  0.000000  0.211607  0.000000 ) 
 ( -0.079058  0.000000 -0.032103  0.000000  0.039203  0.000000 ) 
 (  0.038460  0.000000 -0.050763  0.000000 -0.026217  0.000000 ) 
 (  0.149754  0.000000 -0.263314  0.000000  0.212606  0.000000 ) 
 ( -0.166795  0.000000  0.257335  0.000000  0.212247  0.000000 ) 
 ( -0.079442  0.000000 -0.021186  0.000000  0.031839  0.000000 ) 
 (  0.030276  0.000000 -0.059681  0.000000 -0.034149  0.000000 ) 
     freq (   51) =      68.290715 [THz] =    2277.933065 [cm-1]
 (  0.000029  0.000000  0.000008  0.000000 -0.000045  0.000000 ) 
 ( -0.000055  0.000000  0.000016  0.000000  0.000024  0.000000 ) 
 ( -0.001428  0.000000 -0.000663  0.000000 -0.000367  0.000000 ) 
 (  0.008115  0.000000  0.015999  0.000000 -0.000360  0.000000 ) 
 (  0.008889  0.000000 -0.019022  0.000000 -0.000183  0.000000 ) 
 ( -0.003900  0.000000  0.010311  0.000000  0.000197  0.000000 ) 
 ( -0.014626  0.000000  0.002770  0.000000  0.000304  0.000000 ) 
 (  0.242565  0.000000 -0.048869  0.000000 -0.000119  0.000000 ) 
 ( -0.285218  0.000000 -0.057585  0.000000  0.000356  0.000000 ) 
 (  0.150749  0.000000  0.030586  0.000000  0.000452  0.000000 ) 
 (  0.022278  0.000000  0.034067  0.000000 -0.001187  0.000000 ) 
 ( -0.255275  0.000000 -0.382176  0.000000 -0.001425  0.000000 ) 
 ( -0.295378  0.000000  0.441717  0.000000 -0.000910  0.000000 ) 
 (  0.150263  0.000000 -0.224091  0.000000  0.000455  0.000000 ) 
 ( -0.003122  0.000000  0.011543  0.000000  0.016467  0.000000 ) 
 (  0.039495  0.000000 -0.122352  0.000000  0.178662  0.000000 ) 
 ( -0.045925  0.000000 -0.140971  0.000000 -0.206120  0.000000 ) 
 (  0.023643  0.000000  0.070966  0.000000 -0.104100  0.000000 ) 
 ( -0.040459  0.000000  0.124451  0.000000  0.182770  0.000000 ) 
 (  0.004767  0.000000 -0.014341  0.000000  0.022281  0.000000 ) 
 (  0.022310  0.000000  0.069018  0.000000  0.099875  0.000000 ) 
 ( -0.045956  0.000000 -0.141584  0.000000  0.207083  0.000000 ) 
     freq (   52) =      68.290715 [THz] =    2277.933065 [cm-1]
 (  0.000055  0.000000  0.000016  0.000000  0.000024  0.000000 ) 
 (  0.000029  0.000000 -0.000008  0.000000  0.000045  0.000000 ) 
 (  0.008889  0.000000  0.019022  0.000000  0.000183  0.000000 ) 
 (  0.003900  0.000000  0.010311  0.000000  0.000197  0.000000 ) 
 (  0.001428  0.000000 -0.000663  0.000000 -0.000367  0.000000 ) 
 (  0.008115  0.000000 -0.015999  0.000000  0.000360  0.000000 ) 
 (  0.285218  0.000000 -0.057585  0.000000  0.000356  0.000000 ) 
 (  0.150749  0.000000 -0.030586  0.000000 -0.000452  0.000000 ) 
 ( -0.014626  0.000000 -0.002770  0.000000 -0.000304  0.000000 ) 
 ( -0.242565  0.000000 -0.048869  0.000000 -0.000119  0.000000 ) 
 ( -0.295378  0.000000 -0.441717  0.000000  0.000910  0.000000 ) 
 ( -0.150263  0.000000 -0.224091  0.000000  0.000455  0.000000 ) 
 ( -0.022278  0.000000  0.034067  0.000000 -0.001187  0.000000 ) 
 ( -0.255275  0.000000  0.382176  0.000000  0.001425  0.000000 ) 
 (  0.045925  0.000000 -0.140971  0.000000 -0.206120  0.000000 ) 
 (  0.023643  0.000000 -0.070966  0.000000  0.104100  0.000000 ) 
 ( -0.003122  0.000000 -0.011543  0.000000 -0.016467  0.000000 ) 
 ( -0.039495  0.000000 -0.122352  0.000000  0.178662  0.000000 ) 
 ( -0.022310  0.000000  0.069018  0.000000  0.099875  0.000000 ) 
 ( -0.045956  0.000000  0.141584  0.000000 -0.207083  0.000000 ) 
 ( -0.040459  0.000000 -0.124451  0.000000 -0.182770  0.000000 ) 
 ( -0.004767  0.000000 -0.014341  0.000000  0.022281  0.000000 ) 
     freq (   53) =      68.300318 [THz] =    2278.253387 [cm-1]
 (  0.000043  0.000000  0.000011  0.000000 -0.000086  0.000000 ) 
 ( -0.000099  0.000000  0.000024  0.000000  0.000037  0.000000 ) 
 ( -0.009784  0.000000 -0.018261  0.000000  0.000334  0.000000 ) 
 (  0.006011  0.000000  0.010188  0.000000  0.000357  0.000000 ) 
 ( -0.000873  0.000000  0.003035  0.000000  0.000178  0.000000 ) 
 (  0.007769  0.000000 -0.015456  0.000000 -0.000124  0.000000 ) 
 ( -0.274076  0.000000  0.055331  0.000000 -0.000489  0.000000 ) 
 (  0.152523  0.000000 -0.030778  0.000000 -0.000968  0.000000 ) 
 (  0.046078  0.000000  0.009321  0.000000  0.000867  0.000000 ) 
 ( -0.232331  0.000000 -0.046916  0.000000  0.000231  0.000000 ) 
 (  0.293408  0.000000  0.440507  0.000000  0.000922  0.000000 ) 
 ( -0.168204  0.000000 -0.252974  0.000000  0.000477  0.000000 ) 
 (  0.042617  0.000000 -0.063379  0.000000 -0.000204  0.000000 ) 
 ( -0.244156  0.000000  0.366152  0.000000 -0.000815  0.000000 ) 
 ( -0.046095  0.000000  0.142682  0.000000  0.208835  0.000000 ) 
 (  0.027144  0.000000 -0.083371  0.000000  0.122385  0.000000 ) 
 (  0.005715  0.000000  0.018576  0.000000  0.026699  0.000000 ) 
 ( -0.037691  0.000000 -0.117271  0.000000  0.171309  0.000000 ) 
 ( -0.025019  0.000000  0.080179  0.000000  0.116785  0.000000 ) 
 (  0.045431  0.000000 -0.141113  0.000000  0.206156  0.000000 ) 
 ( -0.038756  0.000000 -0.118091  0.000000 -0.172847  0.000000 ) 
 (  0.007998  0.000000  0.021475  0.000000 -0.031851  0.000000 ) 
     freq (   54) =      68.300318 [THz] =    2278.253387 [cm-1]
 (  0.000099  0.000000  0.000024  0.000000  0.000037  0.000000 ) 
 (  0.000043  0.000000 -0.000011  0.000000  0.000086  0.000000 ) 
 ( -0.000873  0.000000 -0.003035  0.000000 -0.000178  0.000000 ) 
 ( -0.007769  0.000000 -0.015456  0.000000 -0.000124  0.000000 ) 
 (  0.009784  0.000000 -0.018261  0.000000  0.000334  0.000000 ) 
 (  0.006011  0.000000 -0.010188  0.000000 -0.000357  0.000000 ) 
 ( -0.046078  0.000000  0.009321  0.000000  0.000867  0.000000 ) 
 ( -0.232331  0.000000  0.046916  0.000000 -0.000231  0.000000 ) 
 ( -0.274076  0.000000 -0.055331  0.000000  0.000489  0.000000 ) 
 ( -0.152523  0.000000 -0.030778  0.000000 -0.000968  0.000000 ) 
 (  0.042617  0.000000  0.063379  0.000000  0.000204  0.000000 ) 
 (  0.244156  0.000000  0.366152  0.000000 -0.000815  0.000000 ) 
 ( -0.293408  0.000000  0.440507  0.000000  0.000922  0.000000 ) 
 ( -0.168204  0.000000  0.252974  0.000000 -0.000477  0.000000 ) 
 ( -0.005715  0.000000  0.018576  0.000000  0.026699  0.000000 ) 
 ( -0.037691  0.000000  0.117271  0.000000 -0.171309  0.000000 ) 
 ( -0.046095  0.000000 -0.142682  0.000000 -0.208835  0.000000 ) 
 ( -0.027144  0.000000 -0.083371  0.000000  0.122385  0.000000 ) 
 (  0.038756  0.000000 -0.118091  0.000000 -0.172847  0.000000 ) 
 (  0.007998  0.000000 -0.021475  0.000000  0.031851  0.000000 ) 
 ( -0.025019  0.000000 -0.080179  0.000000 -0.116785  0.000000 ) 
 ( -0.045431  0.000000 -0.141113  0.000000  0.206156  0.000000 ) 
     freq (   55) =      70.076221 [THz] =    2337.491123 [cm-1]
 ( -0.000000  0.000000 -0.000001  0.000000 -0.000163  0.000000 ) 
 ( -0.000023  0.000000  0.000080  0.000000 -0.000002  0.000000 ) 
 (  0.049231  0.000000  0.044525  0.000000 -0.000034  0.000000 ) 
 ( -0.049253  0.000000 -0.044556  0.000000  0.000039  0.000000 ) 
 (  0.001468  0.000000 -0.001709  0.000000 -0.002492  0.000000 ) 
 ( -0.000015  0.000000  0.000395  0.000000 -0.002492  0.000000 ) 
 ( -0.421947  0.000000  0.114664  0.000000 -0.000097  0.000000 ) 
 (  0.422145  0.000000 -0.114721  0.000000 -0.000050  0.000000 ) 
 (  0.012954  0.000000  0.003623  0.000000  0.001591  0.000000 ) 
 ( -0.000506  0.000000 -0.000240  0.000000  0.001593  0.000000 ) 
 ( -0.236754  0.000000 -0.363614  0.000000  0.000071  0.000000 ) 
 (  0.236875  0.000000  0.363796  0.000000  0.000045  0.000000 ) 
 ( -0.007594  0.000000  0.011537  0.000000  0.000867  0.000000 ) 
 (  0.000609  0.000000 -0.000810  0.000000  0.000869  0.000000 ) 
 ( -0.060533  0.000000  0.118797  0.000000  0.198709  0.000000 ) 
 (  0.060650  0.000000 -0.119149  0.000000  0.199211  0.000000 ) 
 (  0.004866  0.000000  0.013672  0.000000  0.019938  0.000000 ) 
 ( -0.003078  0.000000 -0.010163  0.000000  0.014070  0.000000 ) 
 ( -0.060471  0.000000  0.119267  0.000000  0.199694  0.000000 ) 
 (  0.060491  0.000000 -0.119413  0.000000  0.199864  0.000000 ) 
 (  0.001577  0.000000  0.006706  0.000000  0.008715  0.000000 ) 
 (  0.000207  0.000000 -0.003186  0.000000  0.002823  0.000000 ) 
     freq (   56) =      70.076221 [THz] =    2337.491123 [cm-1]
 (  0.000023  0.000000  0.000080  0.000000 -0.000002  0.000000 ) 
 ( -0.000000  0.000000  0.000001  0.000000  0.000163  0.000000 ) 
 (  0.001468  0.000000  0.001709  0.000000  0.002492  0.000000 ) 
 (  0.000015  0.000000  0.000395  0.000000 -0.002492  0.000000 ) 
 ( -0.049231  0.000000  0.044525  0.000000 -0.000034  0.000000 ) 
 ( -0.049253  0.000000  0.044556  0.000000 -0.000039  0.000000 ) 
 ( -0.012954  0.000000  0.003623  0.000000  0.001591  0.000000 ) 
 ( -0.000506  0.000000  0.000240  0.000000 -0.001593  0.000000 ) 
 ( -0.421947  0.000000 -0.114664  0.000000  0.000097  0.000000 ) 
 ( -0.422145  0.000000 -0.114721  0.000000 -0.000050  0.000000 ) 
 ( -0.007594  0.000000 -0.011537  0.000000 -0.000867  0.000000 ) 
 ( -0.000609  0.000000 -0.000810  0.000000  0.000869  0.000000 ) 
 (  0.236754  0.000000 -0.363614  0.000000  0.000071  0.000000 ) 
 (  0.236875  0.000000 -0.363796  0.000000 -0.000045  0.000000 ) 
 ( -0.004866  0.000000  0.013672  0.000000  0.019938  0.000000 ) 
 ( -0.003078  0.000000  0.010163  0.000000 -0.014070  0.000000 ) 
 ( -0.060533  0.000000 -0.118797  0.000000 -0.198709  0.000000 ) 
 ( -0.060650  0.000000 -0.119149  0.000000  0.199211  0.000000 ) 
 ( -0.001577  0.000000  0.006706  0.000000  0.008715  0.000000 ) 
 (  0.000207  0.000000  0.003186  0.000000 -0.002823  0.000000 ) 
 ( -0.060471  0.000000 -0.119267  0.000000 -0.199694  0.000000 ) 
 ( -0.060491  0.000000 -0.119413  0.000000  0.199864  0.000000 ) 
     freq (   57) =      70.179940 [THz] =    2340.950812 [cm-1]
 (  0.000002  0.000000 -0.000001  0.000000 -0.000001  0.000000 ) 
 ( -0.000000  0.000000 -0.000000  0.000000  0.000005  0.000000 ) 
 (  0.037317  0.000000  0.052936  0.000000 -0.001419  0.000000 ) 
 (  0.037594  0.000000  0.053275  0.000000 -0.001597  0.000000 ) 
 (  0.007221  0.000000 -0.010079  0.000000 -0.008825  0.000000 ) 
 ( -0.005601  0.000000  0.008099  0.000000  0.008795  0.000000 ) 
 ( -0.304085  0.000000  0.088931  0.000000 -0.000577  0.000000 ) 
 ( -0.306514  0.000000  0.089585  0.000000 -0.000398  0.000000 ) 
 (  0.059350  0.000000  0.017190  0.000000  0.002834  0.000000 ) 
 ( -0.045157  0.000000 -0.013364  0.000000 -0.002865  0.000000 ) 
 ( -0.239459  0.000000 -0.361614  0.000000 -0.000647  0.000000 ) 
 ( -0.240981  0.000000 -0.364014  0.000000 -0.000662  0.000000 ) 
 ( -0.045562  0.000000  0.069107  0.000000 -0.003825  0.000000 ) 
 (  0.036667  0.000000 -0.055088  0.000000  0.003822  0.000000 ) 
 ( -0.066388  0.000000  0.147036  0.000000  0.243691  0.000000 ) 
 ( -0.070815  0.000000  0.159697  0.000000 -0.261765  0.000000 ) 
 (  0.024675  0.000000  0.063237  0.000000  0.096054  0.000000 ) 
 (  0.001192  0.000000  0.010737  0.000000 -0.009542  0.000000 ) 
 (  0.066771  0.000000 -0.147523  0.000000 -0.244460  0.000000 ) 
 (  0.070257  0.000000 -0.158182  0.000000  0.259163  0.000000 ) 
 ( -0.021911  0.000000 -0.057302  0.000000 -0.086051  0.000000 ) 
 (  0.001542  0.000000 -0.004979  0.000000 -0.000147  0.000000 ) 
     freq (   58) =      70.179940 [THz] =    2340.950812 [cm-1]
 (  0.000000  0.000000 -0.000000  0.000000  0.000005  0.000000 ) 
 (  0.000002  0.000000  0.000001  0.000000  0.000001  0.000000 ) 
 (  0.007221  0.000000  0.010079  0.000000  0.008825  0.000000 ) 
 (  0.005601  0.000000  0.008099  0.000000  0.008795  0.000000 ) 
 ( -0.037317  0.000000  0.052936  0.000000 -0.001419  0.000000 ) 
 (  0.037594  0.000000 -0.053275  0.000000  0.001597  0.000000 ) 
 ( -0.059350  0.000000  0.017190  0.000000  0.002834  0.000000 ) 
 ( -0.045157  0.000000  0.013364  0.000000  0.002865  0.000000 ) 
 ( -0.304085  0.000000 -0.088931  0.000000  0.000577  0.000000 ) 
 (  0.306514  0.000000  0.089585  0.000000 -0.000398  0.000000 ) 
 ( -0.045562  0.000000 -0.069107  0.000000  0.003825  0.000000 ) 
 ( -0.036667  0.000000 -0.055088  0.000000  0.003822  0.000000 ) 
 (  0.239459  0.000000 -0.361614  0.000000 -0.000647  0.000000 ) 
 ( -0.240981  0.000000  0.364014  0.000000  0.000662  0.000000 ) 
 ( -0.024675  0.000000  0.063237  0.000000  0.096054  0.000000 ) 
 (  0.001192  0.000000 -0.010737  0.000000  0.009542  0.000000 ) 
 ( -0.066388  0.000000 -0.147036  0.000000 -0.243691  0.000000 ) 
 (  0.070815  0.000000  0.159697  0.000000 -0.261765  0.000000 ) 
 (  0.021911  0.000000 -0.057302  0.000000 -0.086051  0.000000 ) 
 (  0.001542  0.000000  0.004979  0.000000  0.000147  0.000000 ) 
 (  0.066771  0.000000  0.147523  0.000000  0.244460  0.000000 ) 
 ( -0.070257  0.000000 -0.158182  0.000000  0.259163  0.000000 ) 
     freq (   59) =      70.690857 [THz] =    2357.993182 [cm-1]
 ( -0.000021  0.000000 -0.000005  0.000000 -0.000204  0.000000 ) 
 (  0.000060  0.000000 -0.000013  0.000000  0.000073  0.000000 ) 
 ( -0.044439  0.000000  0.046102  0.000000 -0.004463  0.000000 ) 
 (  0.043699  0.000000 -0.045447  0.000000  0.005031  0.000000 ) 
 (  0.014665  0.000000  0.015391  0.000000  0.013424  0.000000 ) 
 (  0.016740  0.000000  0.017230  0.000000  0.013222  0.000000 ) 
 (  0.434193  0.000000 -0.090893  0.000000 -0.001447  0.000000 ) 
 ( -0.427724  0.000000  0.089486  0.000000  0.001657  0.000000 ) 
 (  0.144482  0.000000  0.030161  0.000000 -0.004394  0.000000 ) 
 (  0.162635  0.000000  0.034112  0.000000 -0.004319  0.000000 ) 
 ( -0.062882  0.000000 -0.061569  0.000000 -0.001037  0.000000 ) 
 (  0.062679  0.000000  0.061806  0.000000  0.001133  0.000000 ) 
 (  0.022085  0.000000 -0.022314  0.000000  0.003062  0.000000 ) 
 (  0.022655  0.000000 -0.021648  0.000000  0.003028  0.000000 ) 
 ( -0.051518  0.000000  0.159019  0.000000  0.255872  0.000000 ) 
 (  0.062718  0.000000 -0.191855  0.000000  0.302463  0.000000 ) 
 ( -0.036069  0.000000 -0.108587  0.000000 -0.164851  0.000000 ) 
 ( -0.004636  0.000000 -0.016436  0.000000  0.034094  0.000000 ) 
 ( -0.049775  0.000000  0.154130  0.000000  0.248494  0.000000 ) 
 (  0.062918  0.000000 -0.192803  0.000000  0.304370  0.000000 ) 
 ( -0.038521  0.000000 -0.116076  0.000000 -0.176905  0.000000 ) 
 ( -0.001633  0.000000 -0.007543  0.000000  0.020091  0.000000 ) 
     freq (   60) =      70.690857 [THz] =    2357.993182 [cm-1]
 ( -0.000060  0.000000 -0.000013  0.000000  0.000073  0.000000 ) 
 ( -0.000021  0.000000  0.000005  0.000000  0.000204  0.000000 ) 
 (  0.014665  0.000000 -0.015391  0.000000 -0.013424  0.000000 ) 
 ( -0.016740  0.000000  0.017230  0.000000  0.013222  0.000000 ) 
 (  0.044439  0.000000  0.046102  0.000000 -0.004463  0.000000 ) 
 (  0.043699  0.000000  0.045447  0.000000 -0.005031  0.000000 ) 
 ( -0.144482  0.000000  0.030161  0.000000 -0.004394  0.000000 ) 
 (  0.162635  0.000000 -0.034112  0.000000  0.004319  0.000000 ) 
 (  0.434193  0.000000  0.090893  0.000000  0.001447  0.000000 ) 
 (  0.427724  0.000000  0.089486  0.000000  0.001657  0.000000 ) 
 (  0.022085  0.000000  0.022314  0.000000 -0.003062  0.000000 ) 
 ( -0.022655  0.000000 -0.021648  0.000000  0.003028  0.000000 ) 
 (  0.062882  0.000000 -0.061569  0.000000 -0.001037  0.000000 ) 
 (  0.062679  0.000000 -0.061806  0.000000 -0.001133  0.000000 ) 
 (  0.036069  0.000000 -0.108587  0.000000 -0.164851  0.000000 ) 
 ( -0.004636  0.000000  0.016436  0.000000 -0.034094  0.000000 ) 
 ( -0.051518  0.000000 -0.159019  0.000000 -0.255872  0.000000 ) 
 ( -0.062718  0.000000 -0.191855  0.000000  0.302463  0.000000 ) 
 (  0.038521  0.000000 -0.116076  0.000000 -0.176905  0.000000 ) 
 ( -0.001633  0.000000  0.007543  0.000000 -0.020091  0.000000 ) 
 ( -0.049775  0.000000 -0.154130  0.000000 -0.248494  0.000000 ) 
 ( -0.062918  0.000000 -0.192803  0.000000  0.304370  0.000000 ) 
     freq (   61) =      70.715714 [THz] =    2358.822317 [cm-1]
 (  0.000002  0.000000  0.000002  0.000000 -0.000004  0.000000 ) 
 (  0.000002  0.000000 -0.000002  0.000000 -0.000005  0.000000 ) 
 ( -0.044524  0.000000  0.031587  0.000000 -0.009780  0.000000 ) 
 ( -0.043288  0.000000  0.030353  0.000000 -0.010369  0.000000 ) 
 (  0.032674  0.000000  0.022810  0.000000  0.013435  0.000000 ) 
 ( -0.034294  0.000000 -0.024428  0.000000 -0.012985  0.000000 ) 
 (  0.417338  0.000000 -0.093401  0.000000 -0.003573  0.000000 ) 
 (  0.406955  0.000000 -0.091260  0.000000 -0.003880  0.000000 ) 
 (  0.307508  0.000000  0.069010  0.000000 -0.005003  0.000000 ) 
 ( -0.321122  0.000000 -0.071818  0.000000  0.004770  0.000000 ) 
 ( -0.011105  0.000000  0.012533  0.000000 -0.001965  0.000000 ) 
 ( -0.010439  0.000000  0.012511  0.000000 -0.002109  0.000000 ) 
 (  0.007779  0.000000  0.009535  0.000000  0.002727  0.000000 ) 
 ( -0.008652  0.000000 -0.009564  0.000000 -0.002617  0.000000 ) 
 ( -0.027726  0.000000  0.094742  0.000000  0.157283  0.000000 ) 
 ( -0.051922  0.000000  0.162839  0.000000 -0.254890  0.000000 ) 
 ( -0.046234  0.000000 -0.142866  0.000000 -0.221161  0.000000 ) 
 (  0.014508  0.000000  0.053573  0.000000 -0.093174  0.000000 ) 
 (  0.025167  0.000000 -0.086914  0.000000 -0.145119  0.000000 ) 
 (  0.052923  0.000000 -0.166071  0.000000  0.260307  0.000000 ) 
 (  0.047974  0.000000  0.148364  0.000000  0.230116  0.000000 ) 
 ( -0.011579  0.000000 -0.044570  0.000000  0.079075  0.000000 ) 
     freq (   62) =      70.715714 [THz] =    2358.822317 [cm-1]
 ( -0.000002  0.000000 -0.000002  0.000000 -0.000005  0.000000 ) 
 (  0.000002  0.000000 -0.000002  0.000000  0.000004  0.000000 ) 
 (  0.032674  0.000000 -0.022810  0.000000 -0.013435  0.000000 ) 
 (  0.034294  0.000000 -0.024428  0.000000 -0.012985  0.000000 ) 
 (  0.044524  0.000000  0.031587  0.000000 -0.009780  0.000000 ) 
 ( -0.043288  0.000000 -0.030353  0.000000  0.010369  0.000000 ) 
 ( -0.307508  0.000000  0.069010  0.000000 -0.005003  0.000000 ) 
 ( -0.321122  0.000000  0.071818  0.000000 -0.004770  0.000000 ) 
 (  0.417338  0.000000  0.093401  0.000000  0.003573  0.000000 ) 
 ( -0.406955  0.000000 -0.091260  0.000000 -0.003880  0.000000 ) 
 (  0.007779  0.000000 -0.009535  0.000000 -0.002727  0.000000 ) 
 (  0.008652  0.000000 -0.009564  0.000000 -0.002617  0.000000 ) 
 (  0.011105  0.000000  0.012533  0.000000 -0.001965  0.000000 ) 
 ( -0.010439  0.000000 -0.012511  0.000000  0.002109  0.000000 ) 
 (  0.046234  0.000000 -0.142866  0.000000 -0.221161  0.000000 ) 
 (  0.014508  0.000000 -0.053573  0.000000  0.093174  0.000000 ) 
 ( -0.027726  0.000000 -0.094742  0.000000 -0.157283  0.000000 ) 
 (  0.051922  0.000000  0.162839  0.000000 -0.254890  0.000000 ) 
 ( -0.047974  0.000000  0.148364  0.000000  0.230116  0.000000 ) 
 ( -0.011579  0.000000  0.044570  0.000000 -0.079075  0.000000 ) 
 (  0.025167  0.000000  0.086914  0.000000  0.145119  0.000000 ) 
 ( -0.052923  0.000000 -0.166071  0.000000  0.260307  0.000000 ) 
     freq (   63) =      71.347988 [THz] =    2379.912709 [cm-1]
 ( -0.000110  0.000000  0.000188  0.000000 -0.000038  0.000000 ) 
 ( -0.000023  0.000000 -0.000039  0.000000 -0.000183  0.000000 ) 
 ( -0.002120  0.000000  0.001738  0.000000 -0.068835  0.000000 ) 
 (  0.002215  0.000000 -0.001529  0.000000  0.068748  0.000000 ) 
 ( -0.010482  0.000000 -0.007869  0.000000 -0.014030  0.000000 ) 
 ( -0.010463  0.000000 -0.007912  0.000000 -0.014450  0.000000 ) 
 (  0.020621  0.000000 -0.004530  0.000000 -0.012653  0.000000 ) 
 ( -0.020495  0.000000  0.004510  0.000000  0.012669  0.000000 ) 
 ( -0.099300  0.000000 -0.021834  0.000000  0.002662  0.000000 ) 
 ( -0.099326  0.000000 -0.021838  0.000000  0.002580  0.000000 ) 
 ( -0.001361  0.000000 -0.001080  0.000000 -0.015890  0.000000 ) 
 (  0.000002  0.000000 -0.000914  0.000000  0.015902  0.000000 ) 
 ( -0.003152  0.000000  0.000193  0.000000 -0.003320  0.000000 ) 
 ( -0.003434  0.000000  0.000606  0.000000 -0.003261  0.000000 ) 
 (  0.091764  0.000000 -0.255097  0.000000 -0.377372  0.000000 ) 
 (  0.095956  0.000000 -0.268521  0.000000  0.398188  0.000000 ) 
 (  0.029555  0.000000  0.086621  0.000000  0.130550  0.000000 ) 
 ( -0.009305  0.000000 -0.021771  0.000000  0.029996  0.000000 ) 
 (  0.091725  0.000000 -0.255059  0.000000 -0.377393  0.000000 ) 
 (  0.096182  0.000000 -0.269130  0.000000  0.399255  0.000000 ) 
 (  0.030216  0.000000  0.088242  0.000000  0.133193  0.000000 ) 
 ( -0.008682  0.000000 -0.020269  0.000000  0.027579  0.000000 ) 
     freq (   64) =      71.347988 [THz] =    2379.912709 [cm-1]
 (  0.000023  0.000000 -0.000039  0.000000 -0.000183  0.000000 ) 
 ( -0.000110  0.000000 -0.000188  0.000000  0.000038  0.000000 ) 
 ( -0.010482  0.000000  0.007869  0.000000  0.014030  0.000000 ) 
 (  0.010463  0.000000 -0.007912  0.000000 -0.014450  0.000000 ) 
 (  0.002120  0.000000  0.001738  0.000000 -0.068835  0.000000 ) 
 (  0.002215  0.000000  0.001529  0.000000 -0.068748  0.000000 ) 
 (  0.099300  0.000000 -0.021834  0.000000  0.002662  0.000000 ) 
 ( -0.099326  0.000000  0.021838  0.000000 -0.002580  0.000000 ) 
 (  0.020621  0.000000  0.004530  0.000000  0.012653  0.000000 ) 
 (  0.020495  0.000000  0.004510  0.000000  0.012669  0.000000 ) 
 ( -0.003152  0.000000 -0.000193  0.000000  0.003320  0.000000 ) 
 (  0.003434  0.000000  0.000606  0.000000 -0.003261  0.000000 ) 
 (  0.001361  0.000000 -0.001080  0.000000 -0.015890  0.000000 ) 
 (  0.000002  0.000000  0.000914  0.000000 -0.015902  0.000000 ) 
 ( -0.029555  0.000000  0.086621  0.000000  0.130550  0.000000 ) 
 ( -0.009305  0.000000  0.021771  0.000000 -0.029996  0.000000 ) 
 (  0.091764  0.000000  0.255097  0.000000  0.377372  0.000000 ) 
 ( -0.095956  0.000000 -0.268521  0.000000  0.398188  0.000000 ) 
 ( -0.030216  0.000000  0.088242  0.000000  0.133193  0.000000 ) 
 ( -0.008682  0.000000  0.020269  0.000000 -0.027579  0.000000 ) 
 (  0.091725  0.000000  0.255059  0.000000  0.377393  0.000000 ) 
 ( -0.096182  0.000000 -0.269130  0.000000  0.399255  0.000000 ) 
     freq (   65) =      71.508583 [THz] =    2385.269586 [cm-1]
 (  0.000000  0.000000 -0.000000  0.000000 -0.000005  0.000000 ) 
 ( -0.000004  0.000000 -0.000006  0.000000  0.000000  0.000000 ) 
 ( -0.001130  0.000000  0.000150  0.000000 -0.068604  0.000000 ) 
 ( -0.001382  0.000000  0.000148  0.000000 -0.068578  0.000000 ) 
 ( -0.016965  0.000000 -0.002014  0.000000 -0.004903  0.000000 ) 
 (  0.016946  0.000000  0.002014  0.000000  0.005259  0.000000 ) 
 (  0.010097  0.000000 -0.002265  0.000000 -0.011875  0.000000 ) 
 (  0.013025  0.000000 -0.003042  0.000000 -0.011874  0.000000 ) 
 ( -0.156175  0.000000 -0.035852  0.000000  0.000877  0.000000 ) 
 (  0.155958  0.000000  0.035794  0.000000 -0.000882  0.000000 ) 
 (  0.002278  0.000000  0.003780  0.000000 -0.012512  0.000000 ) 
 (  0.002615  0.000000  0.004200  0.000000 -0.012526  0.000000 ) 
 (  0.033036  0.000000 -0.053879  0.000000 -0.001020  0.000000 ) 
 ( -0.033011  0.000000  0.053848  0.000000  0.000835  0.000000 ) 
 (  0.094262  0.000000 -0.260919  0.000000 -0.388288  0.000000 ) 
 ( -0.094882  0.000000  0.263442  0.000000 -0.392208  0.000000 ) 
 (  0.011188  0.000000  0.036451  0.000000  0.055366  0.000000 ) 
 (  0.002824  0.000000  0.002393  0.000000 -0.002451  0.000000 ) 
 ( -0.094277  0.000000  0.260869  0.000000  0.388291  0.000000 ) 
 (  0.094980  0.000000 -0.263601  0.000000  0.392577  0.000000 ) 
 ( -0.011759  0.000000 -0.037861  0.000000 -0.057845  0.000000 ) 
 ( -0.002261  0.000000 -0.000991  0.000000  0.000000  0.000000 ) 
     freq (   66) =      71.508583 [THz] =    2385.269586 [cm-1]
 ( -0.000004  0.000000  0.000006  0.000000 -0.000000  0.000000 ) 
 ( -0.000000  0.000000 -0.000000  0.000000 -0.000005  0.000000 ) 
 (  0.016965  0.000000 -0.002014  0.000000 -0.004903  0.000000 ) 
 (  0.016946  0.000000 -0.002014  0.000000 -0.005259  0.000000 ) 
 ( -0.001130  0.000000 -0.000150  0.000000  0.068604  0.000000 ) 
 (  0.001382  0.000000  0.000148  0.000000 -0.068578  0.000000 ) 
 ( -0.156175  0.000000  0.035852  0.000000 -0.000877  0.000000 ) 
 ( -0.155958  0.000000  0.035794  0.000000 -0.000882  0.000000 ) 
 ( -0.010097  0.000000 -0.002265  0.000000 -0.011875  0.000000 ) 
 (  0.013025  0.000000  0.003042  0.000000  0.011874  0.000000 ) 
 ( -0.033036  0.000000 -0.053879  0.000000 -0.001020  0.000000 ) 
 ( -0.033011  0.000000 -0.053848  0.000000 -0.000835  0.000000 ) 
 (  0.002278  0.000000 -0.003780  0.000000  0.012512  0.000000 ) 
 ( -0.002615  0.000000  0.004200  0.000000 -0.012526  0.000000 ) 
 (  0.011188  0.000000 -0.036451  0.000000 -0.055366  0.000000 ) 
 ( -0.002824  0.000000  0.002393  0.000000 -0.002451  0.000000 ) 
 ( -0.094262  0.000000 -0.260919  0.000000 -0.388288  0.000000 ) 
 ( -0.094882  0.000000 -0.263442  0.000000  0.392208  0.000000 ) 
 ( -0.011759  0.000000  0.037861  0.000000  0.057845  0.000000 ) 
 (  0.002261  0.000000 -0.000991  0.000000  0.000000  0.000000 ) 
 (  0.094277  0.000000  0.260869  0.000000  0.388291  0.000000 ) 
 (  0.094980  0.000000  0.263601  0.000000 -0.392577  0.000000 ) 
 **************************************************************************
