Dynamical matrix file
                                                                           
  3   22   8  13.5073163   0.9931061   0.6442796   0.0000000   0.0000000   0.0000000
           1  'B      '    9853.6237122476850     
           2  'Ba     '    125165.90357338246     
           3  'H      '    918.68111039893927     
    1    2      0.5000000000      0.4965530300      0.3221415255
    2    2      0.0000000000      0.0000000000      0.6442778445
    3    1      0.6337456546      0.2583048758      0.0000089052
    4    1      0.3662543454      0.7348011842      0.0000089052
    5    1      0.1337456546      0.2382481542      0.3221308848
    6    1      0.8662543454      0.7548579058      0.3221308848
    7    3      0.4627454545      0.2815040683     -0.0000020536
    8    3      0.5372545455      0.7116019917     -0.0000020536
    9    3      0.9627454545      0.2150489617      0.3221418436
   10    3      0.0372545455      0.7780570983      0.3221418436
   11    3      0.7140244262      0.4116768723      0.0000076605
   12    3      0.2859755738      0.5814291877      0.0000076605
   13    3      0.2140244262      0.0848761577      0.3221321295
   14    3      0.7859755738      0.9082299023      0.3221321295
   15    3      0.6757239483      0.1716311664      0.5016491957
   16    3      0.3242760517      0.8214748936      0.5016491957
   17    3      0.1757239483      0.3249218636      0.4647701743
   18    3      0.8242760517      0.6681841964      0.4647701743
   19    3      0.3242793223      0.8214758275      0.1426500540
   20    3      0.6757206777      0.1716302325      0.1426500540
   21    3      0.8242793223      0.6681832625      0.1794897360
   22    3      0.1757206777      0.3249227975      0.1794897360

     Dynamical  Matrix in cartesian axes

     q = (    0.000000000   0.000000000   0.000000000 ) 

    1    1
  0.06564979   0.00000000    -0.00341600   0.00000000     0.00000000   0.00000000
 -0.00341600   0.00000000     0.07488690   0.00000000     0.00000000   0.00000000
  0.00000000   0.00000000     0.00000000   0.00000000     0.06812008   0.00000000
    1    2
 -0.01891599   0.00000000    -0.00670895   0.00000000     0.00000000   0.00000000
  0.00670895   0.00000000    -0.02528754   0.00000000     0.00000000   0.00000000
  0.00000000   0.00000000     0.00000000   0.00000000    -0.00240908   0.00000000
    1    3
  0.00453574   0.00000000     0.01166338   0.00000000     0.00026674   0.00000000
  0.00978109   0.00000000    -0.01113822   0.00000000     0.00003439   0.00000000
 -0.00000887   0.00000000    -0.00007984   0.00000000    -0.02660396   0.00000000
    1    4
  0.00453574   0.00000000     0.01166338   0.00000000    -0.00026674   0.00000000
  0.00978109   0.00000000    -0.01113822   0.00000000    -0.00003439   0.00000000
  0.00000887   0.00000000     0.00007984   0.00000000    -0.02660396   0.00000000
    1    5
 -0.01250555   0.00000000    -0.00675126   0.00000000    -0.00030270   0.00000000
 -0.00335836   0.00000000    -0.00380322   0.00000000     0.00007615   0.00000000
  0.00003525   0.00000000    -0.00011460   0.00000000     0.00428876   0.00000000
    1    6
 -0.01250555   0.00000000    -0.00675126   0.00000000     0.00030270   0.00000000
 -0.00335836   0.00000000    -0.00380322   0.00000000    -0.00007615   0.00000000
 -0.00003525   0.00000000     0.00011460   0.00000000     0.00428876   0.00000000
    1    7
 -0.00748936   0.00000000    -0.00370310   0.00000000    -0.00010451   0.00000000
  0.00100543   0.00000000    -0.00516282   0.00000000    -0.00022344   0.00000000
 -0.00004786   0.00000000     0.00007707   0.00000000    -0.00565241   0.00000000
    1    8
 -0.00748936   0.00000000    -0.00370310   0.00000000     0.00010451   0.00000000
  0.00100543   0.00000000    -0.00516282   0.00000000     0.00022344   0.00000000
  0.00004786   0.00000000    -0.00007707   0.00000000    -0.00565241   0.00000000
    1    9
  0.00605207   0.00000000     0.00204383   0.00000000     0.00011928   0.00000000
  0.00196762   0.00000000     0.00044029   0.00000000     0.00025498   0.00000000
  0.00000810   0.00000000    -0.00011250   0.00000000    -0.00190069   0.00000000
    1   10
  0.00605207   0.00000000     0.00204383   0.00000000    -0.00011928   0.00000000
  0.00196762   0.00000000     0.00044029   0.00000000    -0.00025498   0.00000000
 -0.00000810   0.00000000     0.00011250   0.00000000    -0.00190069   0.00000000
    1   11
 -0.00666779   0.00000000    -0.00024004   0.00000000     0.00003649   0.00000000
 -0.00456506   0.00000000    -0.00521037   0.00000000     0.00003666   0.00000000
 -0.00020728   0.00000000    -0.00003709   0.00000000    -0.00265565   0.00000000
    1   12
 -0.00666779   0.00000000    -0.00024004   0.00000000    -0.00003649   0.00000000
 -0.00456506   0.00000000    -0.00521037   0.00000000    -0.00003666   0.00000000
  0.00020728   0.00000000     0.00003709   0.00000000    -0.00265565   0.00000000
    1   13
  0.00405279   0.00000000     0.00448057   0.00000000    -0.00009665   0.00000000
 -0.00008786   0.00000000     0.00143697   0.00000000     0.00009599   0.00000000
 -0.00019499   0.00000000     0.00005398   0.00000000    -0.00108918   0.00000000
    1   14
  0.00405279   0.00000000     0.00448057   0.00000000     0.00009665   0.00000000
 -0.00008786   0.00000000     0.00143697   0.00000000    -0.00009599   0.00000000
  0.00019499   0.00000000    -0.00005398   0.00000000    -0.00108918   0.00000000
    1   15
 -0.00242242   0.00000000    -0.00089061   0.00000000    -0.00110055   0.00000000
 -0.00123248   0.00000000    -0.00246511   0.00000000     0.00258854   0.00000000
  0.00094196   0.00000000    -0.00048845   0.00000000     0.00245980   0.00000000
    1   16
 -0.00242242   0.00000000    -0.00089061   0.00000000     0.00110055   0.00000000
 -0.00123248   0.00000000    -0.00246511   0.00000000    -0.00258854   0.00000000
 -0.00094196   0.00000000     0.00048845   0.00000000     0.00245980   0.00000000
    1   17
 -0.00306975   0.00000000    -0.00058052   0.00000000     0.00123422   0.00000000
 -0.00197120   0.00000000     0.00097413   0.00000000    -0.00017994   0.00000000
  0.00207169   0.00000000     0.00015881   0.00000000    -0.00316579   0.00000000
    1   18
 -0.00306975   0.00000000    -0.00058052   0.00000000    -0.00123422   0.00000000
 -0.00197120   0.00000000     0.00097413   0.00000000     0.00017994   0.00000000
 -0.00207169   0.00000000    -0.00015881   0.00000000    -0.00316579   0.00000000
    1   19
 -0.00242421   0.00000000    -0.00063185   0.00000000    -0.00088967   0.00000000
 -0.00156703   0.00000000    -0.00231922   0.00000000     0.00284609   0.00000000
  0.00078002   0.00000000    -0.00067980   0.00000000     0.00259369   0.00000000
    1   20
 -0.00242421   0.00000000    -0.00063185   0.00000000     0.00088967   0.00000000
 -0.00156703   0.00000000    -0.00231922   0.00000000    -0.00284609   0.00000000
 -0.00078002   0.00000000     0.00067980   0.00000000     0.00259369   0.00000000
    1   21
 -0.00345812   0.00000000    -0.00054512   0.00000000     0.00078543   0.00000000
 -0.00238436   0.00000000     0.00088999   0.00000000    -0.00039587   0.00000000
  0.00194565   0.00000000     0.00043815   0.00000000    -0.00328469   0.00000000
    1   22
 -0.00345812   0.00000000    -0.00054512   0.00000000    -0.00078543   0.00000000
 -0.00238436   0.00000000     0.00088999   0.00000000     0.00039587   0.00000000
 -0.00194565   0.00000000    -0.00043815   0.00000000    -0.00328469   0.00000000
    2    1
 -0.01891599   0.00000000     0.00670895   0.00000000     0.00000000   0.00000000
 -0.00670895   0.00000000    -0.02528754   0.00000000     0.00000000   0.00000000
  0.00000000   0.00000000     0.00000000   0.00000000    -0.00240908   0.00000000
    2    2
  0.06564979   0.00000000     0.00341600   0.00000000     0.00000000   0.00000000
  0.00341600   0.00000000     0.07488690   0.00000000     0.00000000   0.00000000
  0.00000000   0.00000000     0.00000000   0.00000000     0.06812008   0.00000000
    2    3
 -0.01250555   0.00000000     0.00675126   0.00000000     0.00030270   0.00000000
  0.00335836   0.00000000    -0.00380322   0.00000000     0.00007615   0.00000000
 -0.00003525   0.00000000    -0.00011460   0.00000000     0.00428876   0.00000000
    2    4
 -0.01250555   0.00000000     0.00675126   0.00000000    -0.00030270   0.00000000
  0.00335836   0.00000000    -0.00380322   0.00000000    -0.00007615   0.00000000
  0.00003525   0.00000000     0.00011460   0.00000000     0.00428876   0.00000000
    2    5
  0.00453574   0.00000000    -0.01166338   0.00000000    -0.00026674   0.00000000
 -0.00978109   0.00000000    -0.01113822   0.00000000     0.00003439   0.00000000
  0.00000887   0.00000000    -0.00007984   0.00000000    -0.02660396   0.00000000
    2    6
  0.00453574   0.00000000    -0.01166338   0.00000000     0.00026674   0.00000000
 -0.00978109   0.00000000    -0.01113822   0.00000000    -0.00003439   0.00000000
 -0.00000887   0.00000000     0.00007984   0.00000000    -0.02660396   0.00000000
    2    7
  0.00605207   0.00000000    -0.00204383   0.00000000    -0.00011928   0.00000000
 -0.00196762   0.00000000     0.00044029   0.00000000     0.00025498   0.00000000
 -0.00000810   0.00000000    -0.00011250   0.00000000    -0.00190069   0.00000000
    2    8
  0.00605207   0.00000000    -0.00204383   0.00000000     0.00011928   0.00000000
 -0.00196762   0.00000000     0.00044029   0.00000000    -0.00025498   0.00000000
  0.00000810   0.00000000     0.00011250   0.00000000    -0.00190069   0.00000000
    2    9
 -0.00748936   0.00000000     0.00370310   0.00000000     0.00010451   0.00000000
 -0.00100543   0.00000000    -0.00516282   0.00000000    -0.00022344   0.00000000
  0.00004786   0.00000000     0.00007707   0.00000000    -0.00565241   0.00000000
    2   10
 -0.00748936   0.00000000     0.00370310   0.00000000    -0.00010451   0.00000000
 -0.00100543   0.00000000    -0.00516282   0.00000000     0.00022344   0.00000000
 -0.00004786   0.00000000    -0.00007707   0.00000000    -0.00565241   0.00000000
    2   11
  0.00405279   0.00000000    -0.00448057   0.00000000     0.00009665   0.00000000
  0.00008786   0.00000000     0.00143697   0.00000000     0.00009599   0.00000000
  0.00019499   0.00000000     0.00005398   0.00000000    -0.00108918   0.00000000
    2   12
  0.00405279   0.00000000    -0.00448057   0.00000000    -0.00009665   0.00000000
  0.00008786   0.00000000     0.00143697   0.00000000    -0.00009599   0.00000000
 -0.00019499   0.00000000    -0.00005398   0.00000000    -0.00108918   0.00000000
    2   13
 -0.00666779   0.00000000     0.00024004   0.00000000    -0.00003649   0.00000000
  0.00456506   0.00000000    -0.00521037   0.00000000     0.00003666   0.00000000
  0.00020728   0.00000000    -0.00003709   0.00000000    -0.00265565   0.00000000
    2   14
 -0.00666779   0.00000000     0.00024004   0.00000000     0.00003649   0.00000000
  0.00456506   0.00000000    -0.00521037   0.00000000    -0.00003666   0.00000000
 -0.00020728   0.00000000     0.00003709   0.00000000    -0.00265565   0.00000000
    2   15
 -0.00306975   0.00000000     0.00058052   0.00000000    -0.00123422   0.00000000
  0.00197120   0.00000000     0.00097413   0.00000000    -0.00017994   0.00000000
 -0.00207169   0.00000000     0.00015881   0.00000000    -0.00316579   0.00000000
    2   16
 -0.00306975   0.00000000     0.00058052   0.00000000     0.00123422   0.00000000
  0.00197120   0.00000000     0.00097413   0.00000000     0.00017994   0.00000000
  0.00207169   0.00000000    -0.00015881   0.00000000    -0.00316579   0.00000000
    2   17
 -0.00242242   0.00000000     0.00089061   0.00000000     0.00110055   0.00000000
  0.00123248   0.00000000    -0.00246511   0.00000000     0.00258854   0.00000000
 -0.00094196   0.00000000    -0.00048845   0.00000000     0.00245980   0.00000000
    2   18
 -0.00242242   0.00000000     0.00089061   0.00000000    -0.00110055   0.00000000
  0.00123248   0.00000000    -0.00246511   0.00000000    -0.00258854   0.00000000
  0.00094196   0.00000000     0.00048845   0.00000000     0.00245980   0.00000000
    2   19
 -0.00345812   0.00000000     0.00054512   0.00000000    -0.00078543   0.00000000
  0.00238436   0.00000000     0.00088999   0.00000000    -0.00039587   0.00000000
 -0.00194565   0.00000000     0.00043815   0.00000000    -0.00328469   0.00000000
    2   20
 -0.00345812   0.00000000     0.00054512   0.00000000     0.00078543   0.00000000
  0.00238436   0.00000000     0.00088999   0.00000000     0.00039587   0.00000000
  0.00194565   0.00000000    -0.00043815   0.00000000    -0.00328469   0.00000000
    2   21
 -0.00242421   0.00000000     0.00063185   0.00000000     0.00088967   0.00000000
  0.00156703   0.00000000    -0.00231922   0.00000000     0.00284609   0.00000000
 -0.00078002   0.00000000    -0.00067980   0.00000000     0.00259369   0.00000000
    2   22
 -0.00242421   0.00000000     0.00063185   0.00000000    -0.00088967   0.00000000
  0.00156703   0.00000000    -0.00231922   0.00000000    -0.00284609   0.00000000
  0.00078002   0.00000000     0.00067980   0.00000000     0.00259369   0.00000000
    3    1
  0.00453574   0.00000000     0.00978109   0.00000000    -0.00000887   0.00000000
  0.01166338   0.00000000    -0.01113822   0.00000000    -0.00007984   0.00000000
  0.00026674   0.00000000     0.00003439   0.00000000    -0.02660396   0.00000000
    3    2
 -0.01250555   0.00000000     0.00335836   0.00000000    -0.00003525   0.00000000
  0.00675126   0.00000000    -0.00380322   0.00000000    -0.00011460   0.00000000
  0.00030270   0.00000000     0.00007615   0.00000000     0.00428876   0.00000000
    3    3
  0.59335190   0.00000000    -0.01922624   0.00000000    -0.00005625   0.00000000
 -0.01922624   0.00000000     0.59638027   0.00000000     0.00007297   0.00000000
 -0.00005625   0.00000000     0.00007297   0.00000000     0.64708125   0.00000000
    3    4
  0.00017483   0.00000000     0.00120684   0.00000000    -0.00010653   0.00000000
  0.00120684   0.00000000    -0.00118908   0.00000000    -0.00012775   0.00000000
  0.00010653   0.00000000     0.00012775   0.00000000    -0.00136722   0.00000000
    3    5
  0.00163406   0.00000000    -0.00020669   0.00000000    -0.00002977   0.00000000
  0.00020669   0.00000000     0.00147728   0.00000000    -0.00006603   0.00000000
  0.00002977   0.00000000    -0.00006603   0.00000000     0.00097028   0.00000000
    3    6
  0.00060176   0.00000000     0.00083406   0.00000000    -0.00011627   0.00000000
 -0.00083406   0.00000000     0.00221675   0.00000000     0.00001289   0.00000000
 -0.00011627   0.00000000    -0.00001289   0.00000000     0.00237780   0.00000000
    3    7
 -0.33703320   0.00000000     0.03801574   0.00000000    -0.00001481   0.00000000
  0.03447075   0.00000000    -0.05167028   0.00000000    -0.00004669   0.00000000
  0.00002083   0.00000000    -0.00003458   0.00000000    -0.04930593   0.00000000
    3    8
 -0.00159764   0.00000000     0.00053984   0.00000000     0.00002422   0.00000000
  0.00081154   0.00000000    -0.00084970   0.00000000    -0.00000581   0.00000000
 -0.00004666   0.00000000     0.00002195   0.00000000    -0.00065508   0.00000000
    3    9
 -0.00224571   0.00000000     0.00032663   0.00000000     0.00004223   0.00000000
 -0.00128499   0.00000000    -0.00012032   0.00000000    -0.00002742   0.00000000
  0.00000850   0.00000000     0.00001448   0.00000000    -0.00192715   0.00000000
    3   10
  0.00085903   0.00000000    -0.00011447   0.00000000     0.00000426   0.00000000
  0.00045135   0.00000000     0.00013593   0.00000000    -0.00006702   0.00000000
  0.00004776   0.00000000     0.00000575   0.00000000    -0.00004991   0.00000000
    3   11
 -0.11340039   0.00000000    -0.11630713   0.00000000     0.00005015   0.00000000
 -0.11488935   0.00000000    -0.26801563   0.00000000     0.00012148   0.00000000
 -0.00000522   0.00000000     0.00002049   0.00000000    -0.05348715   0.00000000
    3   12
 -0.00089927   0.00000000     0.00000511   0.00000000     0.00005856   0.00000000
 -0.00021282   0.00000000    -0.00152784   0.00000000     0.00007995   0.00000000
 -0.00001011   0.00000000     0.00004597   0.00000000    -0.00078518   0.00000000
    3   13
 -0.00076507   0.00000000     0.00018471   0.00000000     0.00004769   0.00000000
 -0.00090769   0.00000000     0.00007379   0.00000000     0.00006220   0.00000000
  0.00007805   0.00000000    -0.00002509   0.00000000     0.00013862   0.00000000
    3   14
  0.00006799   0.00000000     0.00010454   0.00000000     0.00002900   0.00000000
  0.00118995   0.00000000    -0.00093369   0.00000000     0.00009152   0.00000000
 -0.00008013   0.00000000     0.00000814   0.00000000    -0.00166176   0.00000000
    3   15
 -0.06445227   0.00000000     0.04081649   0.00000000     0.05804025   0.00000000
  0.04096595   0.00000000    -0.12850220   0.00000000    -0.12555911   0.00000000
  0.05808430   0.00000000    -0.12532083   0.00000000    -0.25764291   0.00000000
    3   16
 -0.00107964   0.00000000     0.00024539   0.00000000    -0.00028119   0.00000000
  0.00025171   0.00000000    -0.00089132   0.00000000    -0.00004936   0.00000000
 -0.00019014   0.00000000     0.00023765   0.00000000    -0.00038871   0.00000000
    3   17
 -0.00072711   0.00000000     0.00011661   0.00000000    -0.00071170   0.00000000
 -0.00068479   0.00000000    -0.00040785   0.00000000    -0.00035405   0.00000000
 -0.00003865   0.00000000    -0.00021085   0.00000000    -0.00070655   0.00000000
    3   18
 -0.00009088   0.00000000    -0.00057937   0.00000000     0.00040384   0.00000000
 -0.00027225   0.00000000    -0.00069381   0.00000000     0.00080244   0.00000000
  0.00029199   0.00000000     0.00013435   0.00000000    -0.00066993   0.00000000
    3   19
 -0.00105918   0.00000000     0.00028867   0.00000000     0.00027948   0.00000000
  0.00028539   0.00000000    -0.00083288   0.00000000     0.00015298   0.00000000
  0.00036723   0.00000000    -0.00020135   0.00000000    -0.00057942   0.00000000
    3   20
 -0.06444343   0.00000000     0.04085971   0.00000000    -0.05803139   0.00000000
  0.04083270   0.00000000    -0.12847442   0.00000000     0.12551674   0.00000000
 -0.05808872   0.00000000     0.12528938   0.00000000    -0.25763193   0.00000000
    3   21
 -0.00016951   0.00000000    -0.00056480   0.00000000    -0.00047639   0.00000000
 -0.00034639   0.00000000    -0.00068184   0.00000000    -0.00082185   0.00000000
 -0.00025026   0.00000000    -0.00017452   0.00000000    -0.00061128   0.00000000
    3   22
 -0.00078660   0.00000000     0.00017275   0.00000000     0.00071615   0.00000000
 -0.00071169   0.00000000    -0.00046168   0.00000000     0.00046560   0.00000000
  0.00006513   0.00000000     0.00022439   0.00000000    -0.00076611   0.00000000
    4    1
  0.00453574   0.00000000     0.00978109   0.00000000     0.00000887   0.00000000
  0.01166338   0.00000000    -0.01113822   0.00000000     0.00007984   0.00000000
 -0.00026674   0.00000000    -0.00003439   0.00000000    -0.02660396   0.00000000
    4    2
 -0.01250555   0.00000000     0.00335836   0.00000000     0.00003525   0.00000000
  0.00675126   0.00000000    -0.00380322   0.00000000     0.00011460   0.00000000
 -0.00030270   0.00000000    -0.00007615   0.00000000     0.00428876   0.00000000
    4    3
  0.00017483   0.00000000     0.00120684   0.00000000     0.00010653   0.00000000
  0.00120684   0.00000000    -0.00118908   0.00000000     0.00012775   0.00000000
 -0.00010653   0.00000000    -0.00012775   0.00000000    -0.00136722   0.00000000
    4    4
  0.59335190   0.00000000    -0.01922624   0.00000000     0.00005625   0.00000000
 -0.01922624   0.00000000     0.59638027   0.00000000    -0.00007297   0.00000000
  0.00005625   0.00000000    -0.00007297   0.00000000     0.64708125   0.00000000
    4    5
  0.00060176   0.00000000     0.00083406   0.00000000     0.00011627   0.00000000
 -0.00083406   0.00000000     0.00221675   0.00000000    -0.00001289   0.00000000
  0.00011627   0.00000000     0.00001289   0.00000000     0.00237780   0.00000000
    4    6
  0.00163406   0.00000000    -0.00020669   0.00000000     0.00002977   0.00000000
  0.00020669   0.00000000     0.00147728   0.00000000     0.00006603   0.00000000
 -0.00002977   0.00000000     0.00006603   0.00000000     0.00097028   0.00000000
    4    7
 -0.00159764   0.00000000     0.00053984   0.00000000    -0.00002422   0.00000000
  0.00081154   0.00000000    -0.00084970   0.00000000     0.00000581   0.00000000
  0.00004666   0.00000000    -0.00002195   0.00000000    -0.00065508   0.00000000
    4    8
 -0.33703320   0.00000000     0.03801574   0.00000000     0.00001481   0.00000000
  0.03447075   0.00000000    -0.05167028   0.00000000     0.00004669   0.00000000
 -0.00002083   0.00000000     0.00003458   0.00000000    -0.04930593   0.00000000
    4    9
  0.00085903   0.00000000    -0.00011447   0.00000000    -0.00000426   0.00000000
  0.00045135   0.00000000     0.00013593   0.00000000     0.00006702   0.00000000
 -0.00004776   0.00000000    -0.00000575   0.00000000    -0.00004991   0.00000000
    4   10
 -0.00224571   0.00000000     0.00032663   0.00000000    -0.00004223   0.00000000
 -0.00128499   0.00000000    -0.00012032   0.00000000     0.00002742   0.00000000
 -0.00000850   0.00000000    -0.00001448   0.00000000    -0.00192715   0.00000000
    4   11
 -0.00089927   0.00000000     0.00000511   0.00000000    -0.00005856   0.00000000
 -0.00021282   0.00000000    -0.00152784   0.00000000    -0.00007995   0.00000000
  0.00001011   0.00000000    -0.00004597   0.00000000    -0.00078518   0.00000000
    4   12
 -0.11340039   0.00000000    -0.11630713   0.00000000    -0.00005015   0.00000000
 -0.11488935   0.00000000    -0.26801563   0.00000000    -0.00012148   0.00000000
  0.00000522   0.00000000    -0.00002049   0.00000000    -0.05348715   0.00000000
    4   13
  0.00006799   0.00000000     0.00010454   0.00000000    -0.00002900   0.00000000
  0.00118995   0.00000000    -0.00093369   0.00000000    -0.00009152   0.00000000
  0.00008013   0.00000000    -0.00000814   0.00000000    -0.00166176   0.00000000
    4   14
 -0.00076507   0.00000000     0.00018471   0.00000000    -0.00004769   0.00000000
 -0.00090769   0.00000000     0.00007379   0.00000000    -0.00006220   0.00000000
 -0.00007805   0.00000000     0.00002509   0.00000000     0.00013862   0.00000000
    4   15
 -0.00107964   0.00000000     0.00024539   0.00000000     0.00028119   0.00000000
  0.00025171   0.00000000    -0.00089132   0.00000000     0.00004936   0.00000000
  0.00019014   0.00000000    -0.00023765   0.00000000    -0.00038871   0.00000000
    4   16
 -0.06445227   0.00000000     0.04081649   0.00000000    -0.05804025   0.00000000
  0.04096595   0.00000000    -0.12850220   0.00000000     0.12555911   0.00000000
 -0.05808430   0.00000000     0.12532083   0.00000000    -0.25764291   0.00000000
    4   17
 -0.00009088   0.00000000    -0.00057937   0.00000000    -0.00040384   0.00000000
 -0.00027225   0.00000000    -0.00069381   0.00000000    -0.00080244   0.00000000
 -0.00029199   0.00000000    -0.00013435   0.00000000    -0.00066993   0.00000000
    4   18
 -0.00072711   0.00000000     0.00011661   0.00000000     0.00071170   0.00000000
 -0.00068479   0.00000000    -0.00040785   0.00000000     0.00035405   0.00000000
  0.00003865   0.00000000     0.00021085   0.00000000    -0.00070655   0.00000000
    4   19
 -0.06444343   0.00000000     0.04085971   0.00000000     0.05803139   0.00000000
  0.04083270   0.00000000    -0.12847442   0.00000000    -0.12551674   0.00000000
  0.05808872   0.00000000    -0.12528938   0.00000000    -0.25763193   0.00000000
    4   20
 -0.00105918   0.00000000     0.00028867   0.00000000    -0.00027948   0.00000000
  0.00028539   0.00000000    -0.00083288   0.00000000    -0.00015298   0.00000000
 -0.00036723   0.00000000     0.00020135   0.00000000    -0.00057942   0.00000000
    4   21
 -0.00078660   0.00000000     0.00017275   0.00000000    -0.00071615   0.00000000
 -0.00071169   0.00000000    -0.00046168   0.00000000    -0.00046560   0.00000000
 -0.00006513   0.00000000    -0.00022439   0.00000000    -0.00076611   0.00000000
    4   22
 -0.00016951   0.00000000    -0.00056480   0.00000000     0.00047639   0.00000000
 -0.00034639   0.00000000    -0.00068184   0.00000000     0.00082185   0.00000000
  0.00025026   0.00000000     0.00017452   0.00000000    -0.00061128   0.00000000
    5    1
 -0.01250555   0.00000000    -0.00335836   0.00000000     0.00003525   0.00000000
 -0.00675126   0.00000000    -0.00380322   0.00000000    -0.00011460   0.00000000
 -0.00030270   0.00000000     0.00007615   0.00000000     0.00428876   0.00000000
    5    2
  0.00453574   0.00000000    -0.00978109   0.00000000     0.00000887   0.00000000
 -0.01166338   0.00000000    -0.01113822   0.00000000    -0.00007984   0.00000000
 -0.00026674   0.00000000     0.00003439   0.00000000    -0.02660396   0.00000000
    5    3
  0.00163406   0.00000000     0.00020669   0.00000000     0.00002977   0.00000000
 -0.00020669   0.00000000     0.00147728   0.00000000    -0.00006603   0.00000000
 -0.00002977   0.00000000    -0.00006603   0.00000000     0.00097028   0.00000000
    5    4
  0.00060176   0.00000000    -0.00083406   0.00000000     0.00011627   0.00000000
  0.00083406   0.00000000     0.00221675   0.00000000     0.00001289   0.00000000
  0.00011627   0.00000000    -0.00001289   0.00000000     0.00237780   0.00000000
    5    5
  0.59335190   0.00000000     0.01922624   0.00000000     0.00005625   0.00000000
  0.01922624   0.00000000     0.59638027   0.00000000     0.00007297   0.00000000
  0.00005625   0.00000000     0.00007297   0.00000000     0.64708125   0.00000000
    5    6
  0.00017483   0.00000000    -0.00120684   0.00000000     0.00010653   0.00000000
 -0.00120684   0.00000000    -0.00118908   0.00000000    -0.00012775   0.00000000
 -0.00010653   0.00000000     0.00012775   0.00000000    -0.00136722   0.00000000
    5    7
 -0.00224571   0.00000000    -0.00032663   0.00000000    -0.00004223   0.00000000
  0.00128499   0.00000000    -0.00012032   0.00000000    -0.00002742   0.00000000
 -0.00000850   0.00000000     0.00001448   0.00000000    -0.00192715   0.00000000
    5    8
  0.00085903   0.00000000     0.00011447   0.00000000    -0.00000426   0.00000000
 -0.00045135   0.00000000     0.00013593   0.00000000    -0.00006702   0.00000000
 -0.00004776   0.00000000     0.00000575   0.00000000    -0.00004991   0.00000000
    5    9
 -0.33703320   0.00000000    -0.03801574   0.00000000     0.00001481   0.00000000
 -0.03447075   0.00000000    -0.05167028   0.00000000    -0.00004669   0.00000000
 -0.00002083   0.00000000    -0.00003458   0.00000000    -0.04930593   0.00000000
    5   10
 -0.00159764   0.00000000    -0.00053984   0.00000000    -0.00002422   0.00000000
 -0.00081154   0.00000000    -0.00084970   0.00000000    -0.00000581   0.00000000
  0.00004666   0.00000000     0.00002195   0.00000000    -0.00065508   0.00000000
    5   11
 -0.00076507   0.00000000    -0.00018471   0.00000000    -0.00004769   0.00000000
  0.00090769   0.00000000     0.00007379   0.00000000     0.00006220   0.00000000
 -0.00007805   0.00000000    -0.00002509   0.00000000     0.00013862   0.00000000
    5   12
  0.00006799   0.00000000    -0.00010454   0.00000000    -0.00002900   0.00000000
 -0.00118995   0.00000000    -0.00093369   0.00000000     0.00009152   0.00000000
  0.00008013   0.00000000     0.00000814   0.00000000    -0.00166176   0.00000000
    5   13
 -0.11340039   0.00000000     0.11630713   0.00000000    -0.00005015   0.00000000
  0.11488935   0.00000000    -0.26801563   0.00000000     0.00012148   0.00000000
  0.00000522   0.00000000     0.00002049   0.00000000    -0.05348715   0.00000000
    5   14
 -0.00089927   0.00000000    -0.00000511   0.00000000    -0.00005856   0.00000000
  0.00021282   0.00000000    -0.00152784   0.00000000     0.00007995   0.00000000
  0.00001011   0.00000000     0.00004597   0.00000000    -0.00078518   0.00000000
    5   15
 -0.00072711   0.00000000    -0.00011661   0.00000000     0.00071170   0.00000000
  0.00068479   0.00000000    -0.00040785   0.00000000    -0.00035405   0.00000000
  0.00003865   0.00000000    -0.00021085   0.00000000    -0.00070655   0.00000000
    5   16
 -0.00009088   0.00000000     0.00057937   0.00000000    -0.00040384   0.00000000
  0.00027225   0.00000000    -0.00069381   0.00000000     0.00080244   0.00000000
 -0.00029199   0.00000000     0.00013435   0.00000000    -0.00066993   0.00000000
    5   17
 -0.06445227   0.00000000    -0.04081649   0.00000000    -0.05804025   0.00000000
 -0.04096595   0.00000000    -0.12850220   0.00000000    -0.12555911   0.00000000
 -0.05808430   0.00000000    -0.12532083   0.00000000    -0.25764291   0.00000000
    5   18
 -0.00107964   0.00000000    -0.00024539   0.00000000     0.00028119   0.00000000
 -0.00025171   0.00000000    -0.00089132   0.00000000    -0.00004936   0.00000000
  0.00019014   0.00000000     0.00023765   0.00000000    -0.00038871   0.00000000
    5   19
 -0.00016951   0.00000000     0.00056480   0.00000000     0.00047639   0.00000000
  0.00034639   0.00000000    -0.00068184   0.00000000    -0.00082185   0.00000000
  0.00025026   0.00000000    -0.00017452   0.00000000    -0.00061128   0.00000000
    5   20
 -0.00078660   0.00000000    -0.00017275   0.00000000    -0.00071615   0.00000000
  0.00071169   0.00000000    -0.00046168   0.00000000     0.00046560   0.00000000
 -0.00006513   0.00000000     0.00022439   0.00000000    -0.00076611   0.00000000
    5   21
 -0.00105918   0.00000000    -0.00028867   0.00000000    -0.00027948   0.00000000
 -0.00028539   0.00000000    -0.00083288   0.00000000     0.00015298   0.00000000
 -0.00036723   0.00000000    -0.00020135   0.00000000    -0.00057942   0.00000000
    5   22
 -0.06444343   0.00000000    -0.04085971   0.00000000     0.05803139   0.00000000
 -0.04083270   0.00000000    -0.12847442   0.00000000     0.12551674   0.00000000
  0.05808872   0.00000000     0.12528938   0.00000000    -0.25763193   0.00000000
    6    1
 -0.01250555   0.00000000    -0.00335836   0.00000000    -0.00003525   0.00000000
 -0.00675126   0.00000000    -0.00380322   0.00000000     0.00011460   0.00000000
  0.00030270   0.00000000    -0.00007615   0.00000000     0.00428876   0.00000000
    6    2
  0.00453574   0.00000000    -0.00978109   0.00000000    -0.00000887   0.00000000
 -0.01166338   0.00000000    -0.01113822   0.00000000     0.00007984   0.00000000
  0.00026674   0.00000000    -0.00003439   0.00000000    -0.02660396   0.00000000
    6    3
  0.00060176   0.00000000    -0.00083406   0.00000000    -0.00011627   0.00000000
  0.00083406   0.00000000     0.00221675   0.00000000    -0.00001289   0.00000000
 -0.00011627   0.00000000     0.00001289   0.00000000     0.00237780   0.00000000
    6    4
  0.00163406   0.00000000     0.00020669   0.00000000    -0.00002977   0.00000000
 -0.00020669   0.00000000     0.00147728   0.00000000     0.00006603   0.00000000
  0.00002977   0.00000000     0.00006603   0.00000000     0.00097028   0.00000000
    6    5
  0.00017483   0.00000000    -0.00120684   0.00000000    -0.00010653   0.00000000
 -0.00120684   0.00000000    -0.00118908   0.00000000     0.00012775   0.00000000
  0.00010653   0.00000000    -0.00012775   0.00000000    -0.00136722   0.00000000
    6    6
  0.59335190   0.00000000     0.01922624   0.00000000    -0.00005625   0.00000000
  0.01922624   0.00000000     0.59638027   0.00000000    -0.00007297   0.00000000
 -0.00005625   0.00000000    -0.00007297   0.00000000     0.64708125   0.00000000
    6    7
  0.00085903   0.00000000     0.00011447   0.00000000     0.00000426   0.00000000
 -0.00045135   0.00000000     0.00013593   0.00000000     0.00006702   0.00000000
  0.00004776   0.00000000    -0.00000575   0.00000000    -0.00004991   0.00000000
    6    8
 -0.00224571   0.00000000    -0.00032663   0.00000000     0.00004223   0.00000000
  0.00128499   0.00000000    -0.00012032   0.00000000     0.00002742   0.00000000
  0.00000850   0.00000000    -0.00001448   0.00000000    -0.00192715   0.00000000
    6    9
 -0.00159764   0.00000000    -0.00053984   0.00000000     0.00002422   0.00000000
 -0.00081154   0.00000000    -0.00084970   0.00000000     0.00000581   0.00000000
 -0.00004666   0.00000000    -0.00002195   0.00000000    -0.00065508   0.00000000
    6   10
 -0.33703320   0.00000000    -0.03801574   0.00000000    -0.00001481   0.00000000
 -0.03447075   0.00000000    -0.05167028   0.00000000     0.00004669   0.00000000
  0.00002083   0.00000000     0.00003458   0.00000000    -0.04930593   0.00000000
    6   11
  0.00006799   0.00000000    -0.00010454   0.00000000     0.00002900   0.00000000
 -0.00118995   0.00000000    -0.00093369   0.00000000    -0.00009152   0.00000000
 -0.00008013   0.00000000    -0.00000814   0.00000000    -0.00166176   0.00000000
    6   12
 -0.00076507   0.00000000    -0.00018471   0.00000000     0.00004769   0.00000000
  0.00090769   0.00000000     0.00007379   0.00000000    -0.00006220   0.00000000
  0.00007805   0.00000000     0.00002509   0.00000000     0.00013862   0.00000000
    6   13
 -0.00089927   0.00000000    -0.00000511   0.00000000     0.00005856   0.00000000
  0.00021282   0.00000000    -0.00152784   0.00000000    -0.00007995   0.00000000
 -0.00001011   0.00000000    -0.00004597   0.00000000    -0.00078518   0.00000000
    6   14
 -0.11340039   0.00000000     0.11630713   0.00000000     0.00005015   0.00000000
  0.11488935   0.00000000    -0.26801563   0.00000000    -0.00012148   0.00000000
 -0.00000522   0.00000000    -0.00002049   0.00000000    -0.05348715   0.00000000
    6   15
 -0.00009088   0.00000000     0.00057937   0.00000000     0.00040384   0.00000000
  0.00027225   0.00000000    -0.00069381   0.00000000    -0.00080244   0.00000000
  0.00029199   0.00000000    -0.00013435   0.00000000    -0.00066993   0.00000000
    6   16
 -0.00072711   0.00000000    -0.00011661   0.00000000    -0.00071170   0.00000000
  0.00068479   0.00000000    -0.00040785   0.00000000     0.00035405   0.00000000
 -0.00003865   0.00000000     0.00021085   0.00000000    -0.00070655   0.00000000
    6   17
 -0.00107964   0.00000000    -0.00024539   0.00000000    -0.00028119   0.00000000
 -0.00025171   0.00000000    -0.00089132   0.00000000     0.00004936   0.00000000
 -0.00019014   0.00000000    -0.00023765   0.00000000    -0.00038871   0.00000000
    6   18
 -0.06445227   0.00000000    -0.04081649   0.00000000     0.05804025   0.00000000
 -0.04096595   0.00000000    -0.12850220   0.00000000     0.12555911   0.00000000
  0.05808430   0.00000000     0.12532083   0.00000000    -0.25764291   0.00000000
    6   19
 -0.00078660   0.00000000    -0.00017275   0.00000000     0.00071615   0.00000000
  0.00071169   0.00000000    -0.00046168   0.00000000    -0.00046560   0.00000000
  0.00006513   0.00000000    -0.00022439   0.00000000    -0.00076611   0.00000000
    6   20
 -0.00016951   0.00000000     0.00056480   0.00000000    -0.00047639   0.00000000
  0.00034639   0.00000000    -0.00068184   0.00000000     0.00082185   0.00000000
 -0.00025026   0.00000000     0.00017452   0.00000000    -0.00061128   0.00000000
    6   21
 -0.06444343   0.00000000    -0.04085971   0.00000000    -0.05803139   0.00000000
 -0.04083270   0.00000000    -0.12847442   0.00000000    -0.12551674   0.00000000
 -0.05808872   0.00000000    -0.12528938   0.00000000    -0.25763193   0.00000000
    6   22
 -0.00105918   0.00000000    -0.00028867   0.00000000     0.00027948   0.00000000
 -0.00028539   0.00000000    -0.00083288   0.00000000    -0.00015298   0.00000000
  0.00036723   0.00000000     0.00020135   0.00000000    -0.00057942   0.00000000
    7    1
 -0.00748936   0.00000000     0.00100543   0.00000000    -0.00004786   0.00000000
 -0.00370310   0.00000000    -0.00516282   0.00000000     0.00007707   0.00000000
 -0.00010451   0.00000000    -0.00022344   0.00000000    -0.00565241   0.00000000
    7    2
  0.00605207   0.00000000    -0.00196762   0.00000000    -0.00000810   0.00000000
 -0.00204383   0.00000000     0.00044029   0.00000000    -0.00011250   0.00000000
 -0.00011928   0.00000000     0.00025498   0.00000000    -0.00190069   0.00000000
    7    3
 -0.33703320   0.00000000     0.03447075   0.00000000     0.00002083   0.00000000
  0.03801574   0.00000000    -0.05167028   0.00000000    -0.00003458   0.00000000
 -0.00001481   0.00000000    -0.00004669   0.00000000    -0.04930593   0.00000000
    7    4
 -0.00159764   0.00000000     0.00081154   0.00000000     0.00004666   0.00000000
  0.00053984   0.00000000    -0.00084970   0.00000000    -0.00002195   0.00000000
 -0.00002422   0.00000000     0.00000581   0.00000000    -0.00065508   0.00000000
    7    5
 -0.00224571   0.00000000     0.00128499   0.00000000    -0.00000850   0.00000000
 -0.00032663   0.00000000    -0.00012032   0.00000000     0.00001448   0.00000000
 -0.00004223   0.00000000    -0.00002742   0.00000000    -0.00192715   0.00000000
    7    6
  0.00085903   0.00000000    -0.00045135   0.00000000     0.00004776   0.00000000
  0.00011447   0.00000000     0.00013593   0.00000000    -0.00000575   0.00000000
  0.00000426   0.00000000     0.00006702   0.00000000    -0.00004991   0.00000000
    7    7
  0.38104847   0.00000000    -0.04103841   0.00000000     0.00001755   0.00000000
 -0.04103841   0.00000000     0.06288488   0.00000000    -0.00002078   0.00000000
  0.00001755   0.00000000    -0.00002078   0.00000000     0.06259584   0.00000000
    7    8
 -0.00004766   0.00000000    -0.00003370   0.00000000     0.00008628   0.00000000
 -0.00003370   0.00000000    -0.00001968   0.00000000    -0.00002914   0.00000000
 -0.00008628   0.00000000     0.00002914   0.00000000    -0.00021762   0.00000000
    7    9
 -0.00198025   0.00000000    -0.00042141   0.00000000     0.00005211   0.00000000
  0.00042141   0.00000000    -0.00001901   0.00000000    -0.00001895   0.00000000
 -0.00005211   0.00000000    -0.00001895   0.00000000    -0.00017051   0.00000000
    7   10
 -0.00030581   0.00000000     0.00009127   0.00000000    -0.00003294   0.00000000
 -0.00009127   0.00000000    -0.00025874   0.00000000     0.00000130   0.00000000
 -0.00003294   0.00000000    -0.00000130   0.00000000     0.00004286   0.00000000
    7   11
 -0.01728309   0.00000000     0.00223846   0.00000000    -0.00002122   0.00000000
 -0.03175065   0.00000000     0.00349190   0.00000000     0.00002168   0.00000000
  0.00001366   0.00000000    -0.00002138   0.00000000    -0.00262173   0.00000000
    7   12
  0.00032484   0.00000000     0.00078331   0.00000000    -0.00004236   0.00000000
  0.00064112   0.00000000    -0.00078163   0.00000000     0.00003729   0.00000000
  0.00000905   0.00000000     0.00006265   0.00000000    -0.00015040   0.00000000
    7   13
 -0.00065052   0.00000000     0.00006749   0.00000000     0.00005457   0.00000000
  0.00010069   0.00000000     0.00004615   0.00000000     0.00000980   0.00000000
  0.00003022   0.00000000    -0.00003787   0.00000000     0.00003774   0.00000000
    7   14
 -0.00032539   0.00000000     0.00010853   0.00000000     0.00006159   0.00000000
  0.00008597   0.00000000    -0.00055608   0.00000000     0.00001465   0.00000000
  0.00000556   0.00000000    -0.00000667   0.00000000     0.00007697   0.00000000
    7   15
 -0.00811475   0.00000000     0.00069320   0.00000000     0.00055760   0.00000000
  0.01932108   0.00000000    -0.00318695   0.00000000     0.00066238   0.00000000
  0.03009127   0.00000000    -0.00358599   0.00000000     0.00017648   0.00000000
    7   16
 -0.00012442   0.00000000     0.00087382   0.00000000    -0.00019761   0.00000000
  0.00012275   0.00000000    -0.00029286   0.00000000     0.00015586   0.00000000
 -0.00008150   0.00000000     0.00015284   0.00000000     0.00011497   0.00000000
    7   17
 -0.00135607   0.00000000    -0.00034606   0.00000000    -0.00055165   0.00000000
  0.00028175   0.00000000     0.00027072   0.00000000     0.00005492   0.00000000
 -0.00044333   0.00000000     0.00035896   0.00000000    -0.00007418   0.00000000
    7   18
 -0.00004752   0.00000000     0.00020319   0.00000000     0.00001467   0.00000000
 -0.00026496   0.00000000    -0.00054616   0.00000000     0.00027575   0.00000000
  0.00000496   0.00000000     0.00012976   0.00000000    -0.00013234   0.00000000
    7   19
 -0.00013600   0.00000000     0.00088144   0.00000000     0.00016030   0.00000000
  0.00016462   0.00000000    -0.00028836   0.00000000    -0.00015554   0.00000000
  0.00014210   0.00000000    -0.00020429   0.00000000    -0.00004084   0.00000000
    7   20
 -0.00819134   0.00000000     0.00072000   0.00000000    -0.00057197   0.00000000
  0.01931771   0.00000000    -0.00320100   0.00000000    -0.00064031   0.00000000
 -0.03005979   0.00000000     0.00353968   0.00000000     0.00018604   0.00000000
    7   21
 -0.00000174   0.00000000     0.00014684   0.00000000    -0.00009317   0.00000000
 -0.00028143   0.00000000    -0.00051541   0.00000000    -0.00023495   0.00000000
  0.00007519   0.00000000    -0.00008595   0.00000000    -0.00004664   0.00000000
    7   22
 -0.00142726   0.00000000    -0.00030691   0.00000000     0.00061056   0.00000000
  0.00031142   0.00000000     0.00025905   0.00000000    -0.00005575   0.00000000
  0.00046174   0.00000000    -0.00029483   0.00000000    -0.00018062   0.00000000
    8    1
 -0.00748936   0.00000000     0.00100543   0.00000000     0.00004786   0.00000000
 -0.00370310   0.00000000    -0.00516282   0.00000000    -0.00007707   0.00000000
  0.00010451   0.00000000     0.00022344   0.00000000    -0.00565241   0.00000000
    8    2
  0.00605207   0.00000000    -0.00196762   0.00000000     0.00000810   0.00000000
 -0.00204383   0.00000000     0.00044029   0.00000000     0.00011250   0.00000000
  0.00011928   0.00000000    -0.00025498   0.00000000    -0.00190069   0.00000000
    8    3
 -0.00159764   0.00000000     0.00081154   0.00000000    -0.00004666   0.00000000
  0.00053984   0.00000000    -0.00084970   0.00000000     0.00002195   0.00000000
  0.00002422   0.00000000    -0.00000581   0.00000000    -0.00065508   0.00000000
    8    4
 -0.33703320   0.00000000     0.03447075   0.00000000    -0.00002083   0.00000000
  0.03801574   0.00000000    -0.05167028   0.00000000     0.00003458   0.00000000
  0.00001481   0.00000000     0.00004669   0.00000000    -0.04930593   0.00000000
    8    5
  0.00085903   0.00000000    -0.00045135   0.00000000    -0.00004776   0.00000000
  0.00011447   0.00000000     0.00013593   0.00000000     0.00000575   0.00000000
 -0.00000426   0.00000000    -0.00006702   0.00000000    -0.00004991   0.00000000
    8    6
 -0.00224571   0.00000000     0.00128499   0.00000000     0.00000850   0.00000000
 -0.00032663   0.00000000    -0.00012032   0.00000000    -0.00001448   0.00000000
  0.00004223   0.00000000     0.00002742   0.00000000    -0.00192715   0.00000000
    8    7
 -0.00004766   0.00000000    -0.00003370   0.00000000    -0.00008628   0.00000000
 -0.00003370   0.00000000    -0.00001968   0.00000000     0.00002914   0.00000000
  0.00008628   0.00000000    -0.00002914   0.00000000    -0.00021762   0.00000000
    8    8
  0.38104847   0.00000000    -0.04103841   0.00000000    -0.00001755   0.00000000
 -0.04103841   0.00000000     0.06288488   0.00000000     0.00002078   0.00000000
 -0.00001755   0.00000000     0.00002078   0.00000000     0.06259584   0.00000000
    8    9
 -0.00030581   0.00000000     0.00009127   0.00000000     0.00003294   0.00000000
 -0.00009127   0.00000000    -0.00025874   0.00000000    -0.00000130   0.00000000
  0.00003294   0.00000000     0.00000130   0.00000000     0.00004286   0.00000000
    8   10
 -0.00198025   0.00000000    -0.00042141   0.00000000    -0.00005211   0.00000000
  0.00042141   0.00000000    -0.00001901   0.00000000     0.00001895   0.00000000
  0.00005211   0.00000000     0.00001895   0.00000000    -0.00017051   0.00000000
    8   11
  0.00032484   0.00000000     0.00078331   0.00000000     0.00004236   0.00000000
  0.00064112   0.00000000    -0.00078163   0.00000000    -0.00003729   0.00000000
 -0.00000905   0.00000000    -0.00006265   0.00000000    -0.00015040   0.00000000
    8   12
 -0.01728309   0.00000000     0.00223846   0.00000000     0.00002122   0.00000000
 -0.03175065   0.00000000     0.00349190   0.00000000    -0.00002168   0.00000000
 -0.00001366   0.00000000     0.00002138   0.00000000    -0.00262173   0.00000000
    8   13
 -0.00032539   0.00000000     0.00010853   0.00000000    -0.00006159   0.00000000
  0.00008597   0.00000000    -0.00055608   0.00000000    -0.00001465   0.00000000
 -0.00000556   0.00000000     0.00000667   0.00000000     0.00007697   0.00000000
    8   14
 -0.00065052   0.00000000     0.00006749   0.00000000    -0.00005457   0.00000000
  0.00010069   0.00000000     0.00004615   0.00000000    -0.00000980   0.00000000
 -0.00003022   0.00000000     0.00003787   0.00000000     0.00003774   0.00000000
    8   15
 -0.00012442   0.00000000     0.00087382   0.00000000     0.00019761   0.00000000
  0.00012275   0.00000000    -0.00029286   0.00000000    -0.00015586   0.00000000
  0.00008150   0.00000000    -0.00015284   0.00000000     0.00011497   0.00000000
    8   16
 -0.00811475   0.00000000     0.00069320   0.00000000    -0.00055760   0.00000000
  0.01932108   0.00000000    -0.00318695   0.00000000    -0.00066238   0.00000000
 -0.03009127   0.00000000     0.00358599   0.00000000     0.00017648   0.00000000
    8   17
 -0.00004752   0.00000000     0.00020319   0.00000000    -0.00001467   0.00000000
 -0.00026496   0.00000000    -0.00054616   0.00000000    -0.00027575   0.00000000
 -0.00000496   0.00000000    -0.00012976   0.00000000    -0.00013234   0.00000000
    8   18
 -0.00135607   0.00000000    -0.00034606   0.00000000     0.00055165   0.00000000
  0.00028175   0.00000000     0.00027072   0.00000000    -0.00005492   0.00000000
  0.00044333   0.00000000    -0.00035896   0.00000000    -0.00007418   0.00000000
    8   19
 -0.00819134   0.00000000     0.00072000   0.00000000     0.00057197   0.00000000
  0.01931771   0.00000000    -0.00320100   0.00000000     0.00064031   0.00000000
  0.03005979   0.00000000    -0.00353968   0.00000000     0.00018604   0.00000000
    8   20
 -0.00013600   0.00000000     0.00088144   0.00000000    -0.00016030   0.00000000
  0.00016462   0.00000000    -0.00028836   0.00000000     0.00015554   0.00000000
 -0.00014210   0.00000000     0.00020429   0.00000000    -0.00004084   0.00000000
    8   21
 -0.00142726   0.00000000    -0.00030691   0.00000000    -0.00061056   0.00000000
  0.00031142   0.00000000     0.00025905   0.00000000     0.00005575   0.00000000
 -0.00046174   0.00000000     0.00029483   0.00000000    -0.00018062   0.00000000
    8   22
 -0.00000174   0.00000000     0.00014684   0.00000000     0.00009317   0.00000000
 -0.00028143   0.00000000    -0.00051541   0.00000000     0.00023495   0.00000000
 -0.00007519   0.00000000     0.00008595   0.00000000    -0.00004664   0.00000000
    9    1
  0.00605207   0.00000000     0.00196762   0.00000000     0.00000810   0.00000000
  0.00204383   0.00000000     0.00044029   0.00000000    -0.00011250   0.00000000
  0.00011928   0.00000000     0.00025498   0.00000000    -0.00190069   0.00000000
    9    2
 -0.00748936   0.00000000    -0.00100543   0.00000000     0.00004786   0.00000000
  0.00370310   0.00000000    -0.00516282   0.00000000     0.00007707   0.00000000
  0.00010451   0.00000000    -0.00022344   0.00000000    -0.00565241   0.00000000
    9    3
 -0.00224571   0.00000000    -0.00128499   0.00000000     0.00000850   0.00000000
  0.00032663   0.00000000    -0.00012032   0.00000000     0.00001448   0.00000000
  0.00004223   0.00000000    -0.00002742   0.00000000    -0.00192715   0.00000000
    9    4
  0.00085903   0.00000000     0.00045135   0.00000000    -0.00004776   0.00000000
 -0.00011447   0.00000000     0.00013593   0.00000000    -0.00000575   0.00000000
 -0.00000426   0.00000000     0.00006702   0.00000000    -0.00004991   0.00000000
    9    5
 -0.33703320   0.00000000    -0.03447075   0.00000000    -0.00002083   0.00000000
 -0.03801574   0.00000000    -0.05167028   0.00000000    -0.00003458   0.00000000
  0.00001481   0.00000000    -0.00004669   0.00000000    -0.04930593   0.00000000
    9    6
 -0.00159764   0.00000000    -0.00081154   0.00000000    -0.00004666   0.00000000
 -0.00053984   0.00000000    -0.00084970   0.00000000    -0.00002195   0.00000000
  0.00002422   0.00000000     0.00000581   0.00000000    -0.00065508   0.00000000
    9    7
 -0.00198025   0.00000000     0.00042141   0.00000000    -0.00005211   0.00000000
 -0.00042141   0.00000000    -0.00001901   0.00000000    -0.00001895   0.00000000
  0.00005211   0.00000000    -0.00001895   0.00000000    -0.00017051   0.00000000
    9    8
 -0.00030581   0.00000000    -0.00009127   0.00000000     0.00003294   0.00000000
  0.00009127   0.00000000    -0.00025874   0.00000000     0.00000130   0.00000000
  0.00003294   0.00000000    -0.00000130   0.00000000     0.00004286   0.00000000
    9    9
  0.38104847   0.00000000     0.04103841   0.00000000    -0.00001755   0.00000000
  0.04103841   0.00000000     0.06288488   0.00000000    -0.00002078   0.00000000
 -0.00001755   0.00000000    -0.00002078   0.00000000     0.06259584   0.00000000
    9   10
 -0.00004766   0.00000000     0.00003370   0.00000000    -0.00008628   0.00000000
  0.00003370   0.00000000    -0.00001968   0.00000000    -0.00002914   0.00000000
  0.00008628   0.00000000     0.00002914   0.00000000    -0.00021762   0.00000000
    9   11
 -0.00065052   0.00000000    -0.00006749   0.00000000    -0.00005457   0.00000000
 -0.00010069   0.00000000     0.00004615   0.00000000     0.00000980   0.00000000
 -0.00003022   0.00000000    -0.00003787   0.00000000     0.00003774   0.00000000
    9   12
 -0.00032539   0.00000000    -0.00010853   0.00000000    -0.00006159   0.00000000
 -0.00008597   0.00000000    -0.00055608   0.00000000     0.00001465   0.00000000
 -0.00000556   0.00000000    -0.00000667   0.00000000     0.00007697   0.00000000
    9   13
 -0.01728309   0.00000000    -0.00223846   0.00000000     0.00002122   0.00000000
  0.03175065   0.00000000     0.00349190   0.00000000     0.00002168   0.00000000
 -0.00001366   0.00000000    -0.00002138   0.00000000    -0.00262173   0.00000000
    9   14
  0.00032484   0.00000000    -0.00078331   0.00000000     0.00004236   0.00000000
 -0.00064112   0.00000000    -0.00078163   0.00000000     0.00003729   0.00000000
 -0.00000905   0.00000000     0.00006265   0.00000000    -0.00015040   0.00000000
    9   15
 -0.00135607   0.00000000     0.00034606   0.00000000     0.00055165   0.00000000
 -0.00028175   0.00000000     0.00027072   0.00000000     0.00005492   0.00000000
  0.00044333   0.00000000     0.00035896   0.00000000    -0.00007418   0.00000000
    9   16
 -0.00004752   0.00000000    -0.00020319   0.00000000    -0.00001467   0.00000000
  0.00026496   0.00000000    -0.00054616   0.00000000     0.00027575   0.00000000
 -0.00000496   0.00000000     0.00012976   0.00000000    -0.00013234   0.00000000
    9   17
 -0.00811475   0.00000000    -0.00069320   0.00000000    -0.00055760   0.00000000
 -0.01932108   0.00000000    -0.00318695   0.00000000     0.00066238   0.00000000
 -0.03009127   0.00000000    -0.00358599   0.00000000     0.00017648   0.00000000
    9   18
 -0.00012442   0.00000000    -0.00087382   0.00000000     0.00019761   0.00000000
 -0.00012275   0.00000000    -0.00029286   0.00000000     0.00015586   0.00000000
  0.00008150   0.00000000     0.00015284   0.00000000     0.00011497   0.00000000
    9   19
 -0.00000174   0.00000000    -0.00014684   0.00000000     0.00009317   0.00000000
  0.00028143   0.00000000    -0.00051541   0.00000000    -0.00023495   0.00000000
 -0.00007519   0.00000000    -0.00008595   0.00000000    -0.00004664   0.00000000
    9   20
 -0.00142726   0.00000000     0.00030691   0.00000000    -0.00061056   0.00000000
 -0.00031142   0.00000000     0.00025905   0.00000000    -0.00005575   0.00000000
 -0.00046174   0.00000000    -0.00029483   0.00000000    -0.00018062   0.00000000
    9   21
 -0.00013600   0.00000000    -0.00088144   0.00000000    -0.00016030   0.00000000
 -0.00016462   0.00000000    -0.00028836   0.00000000    -0.00015554   0.00000000
 -0.00014210   0.00000000    -0.00020429   0.00000000    -0.00004084   0.00000000
    9   22
 -0.00819134   0.00000000    -0.00072000   0.00000000     0.00057197   0.00000000
 -0.01931771   0.00000000    -0.00320100   0.00000000    -0.00064031   0.00000000
  0.03005979   0.00000000     0.00353968   0.00000000     0.00018604   0.00000000
   10    1
  0.00605207   0.00000000     0.00196762   0.00000000    -0.00000810   0.00000000
  0.00204383   0.00000000     0.00044029   0.00000000     0.00011250   0.00000000
 -0.00011928   0.00000000    -0.00025498   0.00000000    -0.00190069   0.00000000
   10    2
 -0.00748936   0.00000000    -0.00100543   0.00000000    -0.00004786   0.00000000
  0.00370310   0.00000000    -0.00516282   0.00000000    -0.00007707   0.00000000
 -0.00010451   0.00000000     0.00022344   0.00000000    -0.00565241   0.00000000
   10    3
  0.00085903   0.00000000     0.00045135   0.00000000     0.00004776   0.00000000
 -0.00011447   0.00000000     0.00013593   0.00000000     0.00000575   0.00000000
  0.00000426   0.00000000    -0.00006702   0.00000000    -0.00004991   0.00000000
   10    4
 -0.00224571   0.00000000    -0.00128499   0.00000000    -0.00000850   0.00000000
  0.00032663   0.00000000    -0.00012032   0.00000000    -0.00001448   0.00000000
 -0.00004223   0.00000000     0.00002742   0.00000000    -0.00192715   0.00000000
   10    5
 -0.00159764   0.00000000    -0.00081154   0.00000000     0.00004666   0.00000000
 -0.00053984   0.00000000    -0.00084970   0.00000000     0.00002195   0.00000000
 -0.00002422   0.00000000    -0.00000581   0.00000000    -0.00065508   0.00000000
   10    6
 -0.33703320   0.00000000    -0.03447075   0.00000000     0.00002083   0.00000000
 -0.03801574   0.00000000    -0.05167028   0.00000000     0.00003458   0.00000000
 -0.00001481   0.00000000     0.00004669   0.00000000    -0.04930593   0.00000000
   10    7
 -0.00030581   0.00000000    -0.00009127   0.00000000    -0.00003294   0.00000000
  0.00009127   0.00000000    -0.00025874   0.00000000    -0.00000130   0.00000000
 -0.00003294   0.00000000     0.00000130   0.00000000     0.00004286   0.00000000
   10    8
 -0.00198025   0.00000000     0.00042141   0.00000000     0.00005211   0.00000000
 -0.00042141   0.00000000    -0.00001901   0.00000000     0.00001895   0.00000000
 -0.00005211   0.00000000     0.00001895   0.00000000    -0.00017051   0.00000000
   10    9
 -0.00004766   0.00000000     0.00003370   0.00000000     0.00008628   0.00000000
  0.00003370   0.00000000    -0.00001968   0.00000000     0.00002914   0.00000000
 -0.00008628   0.00000000    -0.00002914   0.00000000    -0.00021762   0.00000000
   10   10
  0.38104847   0.00000000     0.04103841   0.00000000     0.00001755   0.00000000
  0.04103841   0.00000000     0.06288488   0.00000000     0.00002078   0.00000000
  0.00001755   0.00000000     0.00002078   0.00000000     0.06259584   0.00000000
   10   11
 -0.00032539   0.00000000    -0.00010853   0.00000000     0.00006159   0.00000000
 -0.00008597   0.00000000    -0.00055608   0.00000000    -0.00001465   0.00000000
  0.00000556   0.00000000     0.00000667   0.00000000     0.00007697   0.00000000
   10   12
 -0.00065052   0.00000000    -0.00006749   0.00000000     0.00005457   0.00000000
 -0.00010069   0.00000000     0.00004615   0.00000000    -0.00000980   0.00000000
  0.00003022   0.00000000     0.00003787   0.00000000     0.00003774   0.00000000
   10   13
  0.00032484   0.00000000    -0.00078331   0.00000000    -0.00004236   0.00000000
 -0.00064112   0.00000000    -0.00078163   0.00000000    -0.00003729   0.00000000
  0.00000905   0.00000000    -0.00006265   0.00000000    -0.00015040   0.00000000
   10   14
 -0.01728309   0.00000000    -0.00223846   0.00000000    -0.00002122   0.00000000
  0.03175065   0.00000000     0.00349190   0.00000000    -0.00002168   0.00000000
  0.00001366   0.00000000     0.00002138   0.00000000    -0.00262173   0.00000000
   10   15
 -0.00004752   0.00000000    -0.00020319   0.00000000     0.00001467   0.00000000
  0.00026496   0.00000000    -0.00054616   0.00000000    -0.00027575   0.00000000
  0.00000496   0.00000000    -0.00012976   0.00000000    -0.00013234   0.00000000
   10   16
 -0.00135607   0.00000000     0.00034606   0.00000000    -0.00055165   0.00000000
 -0.00028175   0.00000000     0.00027072   0.00000000    -0.00005492   0.00000000
 -0.00044333   0.00000000    -0.00035896   0.00000000    -0.00007418   0.00000000
   10   17
 -0.00012442   0.00000000    -0.00087382   0.00000000    -0.00019761   0.00000000
 -0.00012275   0.00000000    -0.00029286   0.00000000    -0.00015586   0.00000000
 -0.00008150   0.00000000    -0.00015284   0.00000000     0.00011497   0.00000000
   10   18
 -0.00811475   0.00000000    -0.00069320   0.00000000     0.00055760   0.00000000
 -0.01932108   0.00000000    -0.00318695   0.00000000    -0.00066238   0.00000000
  0.03009127   0.00000000     0.00358599   0.00000000     0.00017648   0.00000000
   10   19
 -0.00142726   0.00000000     0.00030691   0.00000000     0.00061056   0.00000000
 -0.00031142   0.00000000     0.00025905   0.00000000     0.00005575   0.00000000
  0.00046174   0.00000000     0.00029483   0.00000000    -0.00018062   0.00000000
   10   20
 -0.00000174   0.00000000    -0.00014684   0.00000000    -0.00009317   0.00000000
  0.00028143   0.00000000    -0.00051541   0.00000000     0.00023495   0.00000000
  0.00007519   0.00000000     0.00008595   0.00000000    -0.00004664   0.00000000
   10   21
 -0.00819134   0.00000000    -0.00072000   0.00000000    -0.00057197   0.00000000
 -0.01931771   0.00000000    -0.00320100   0.00000000     0.00064031   0.00000000
 -0.03005979   0.00000000    -0.00353968   0.00000000     0.00018604   0.00000000
   10   22
 -0.00013600   0.00000000    -0.00088144   0.00000000     0.00016030   0.00000000
 -0.00016462   0.00000000    -0.00028836   0.00000000     0.00015554   0.00000000
  0.00014210   0.00000000     0.00020429   0.00000000    -0.00004084   0.00000000
   11    1
 -0.00666779   0.00000000    -0.00456506   0.00000000    -0.00020728   0.00000000
 -0.00024004   0.00000000    -0.00521037   0.00000000    -0.00003709   0.00000000
  0.00003649   0.00000000     0.00003666   0.00000000    -0.00265565   0.00000000
   11    2
  0.00405279   0.00000000     0.00008786   0.00000000     0.00019499   0.00000000
 -0.00448057   0.00000000     0.00143697   0.00000000     0.00005398   0.00000000
  0.00009665   0.00000000     0.00009599   0.00000000    -0.00108918   0.00000000
   11    3
 -0.11340039   0.00000000    -0.11488935   0.00000000    -0.00000522   0.00000000
 -0.11630713   0.00000000    -0.26801563   0.00000000     0.00002049   0.00000000
  0.00005015   0.00000000     0.00012148   0.00000000    -0.05348715   0.00000000
   11    4
 -0.00089927   0.00000000    -0.00021282   0.00000000     0.00001011   0.00000000
  0.00000511   0.00000000    -0.00152784   0.00000000    -0.00004597   0.00000000
 -0.00005856   0.00000000    -0.00007995   0.00000000    -0.00078518   0.00000000
   11    5
 -0.00076507   0.00000000     0.00090769   0.00000000    -0.00007805   0.00000000
 -0.00018471   0.00000000     0.00007379   0.00000000    -0.00002509   0.00000000
 -0.00004769   0.00000000     0.00006220   0.00000000     0.00013862   0.00000000
   11    6
  0.00006799   0.00000000    -0.00118995   0.00000000    -0.00008013   0.00000000
 -0.00010454   0.00000000    -0.00093369   0.00000000    -0.00000814   0.00000000
  0.00002900   0.00000000    -0.00009152   0.00000000    -0.00166176   0.00000000
   11    7
 -0.01728309   0.00000000    -0.03175065   0.00000000     0.00001366   0.00000000
  0.00223846   0.00000000     0.00349190   0.00000000    -0.00002138   0.00000000
 -0.00002122   0.00000000     0.00002168   0.00000000    -0.00262173   0.00000000
   11    8
  0.00032484   0.00000000     0.00064112   0.00000000    -0.00000905   0.00000000
  0.00078331   0.00000000    -0.00078163   0.00000000    -0.00006265   0.00000000
  0.00004236   0.00000000    -0.00003729   0.00000000    -0.00015040   0.00000000
   11    9
 -0.00065052   0.00000000    -0.00010069   0.00000000    -0.00003022   0.00000000
 -0.00006749   0.00000000     0.00004615   0.00000000    -0.00003787   0.00000000
 -0.00005457   0.00000000     0.00000980   0.00000000     0.00003774   0.00000000
   11   10
 -0.00032539   0.00000000    -0.00008597   0.00000000     0.00000556   0.00000000
 -0.00010853   0.00000000    -0.00055608   0.00000000     0.00000667   0.00000000
  0.00006159   0.00000000    -0.00001465   0.00000000     0.00007697   0.00000000
   11   11
  0.12798246   0.00000000     0.13282928   0.00000000     0.00002579   0.00000000
  0.13282928   0.00000000     0.30836244   0.00000000     0.00004802   0.00000000
  0.00002579   0.00000000     0.00004802   0.00000000     0.06189861   0.00000000
   11   12
  0.00019543   0.00000000    -0.00013100   0.00000000     0.00004581   0.00000000
 -0.00013100   0.00000000    -0.00028165   0.00000000     0.00006753   0.00000000
 -0.00004581   0.00000000    -0.00006753   0.00000000     0.00001715   0.00000000
   11   13
 -0.00009366   0.00000000    -0.00010714   0.00000000    -0.00004256   0.00000000
  0.00010714   0.00000000     0.00055103   0.00000000    -0.00007642   0.00000000
  0.00004256   0.00000000    -0.00007642   0.00000000     0.00019138   0.00000000
   11   14
 -0.00032837   0.00000000    -0.00004354   0.00000000    -0.00003879   0.00000000
  0.00004354   0.00000000    -0.00174068   0.00000000    -0.00005291   0.00000000
 -0.00003879   0.00000000     0.00005291   0.00000000    -0.00035845   0.00000000
   11   15
  0.00415077   0.00000000     0.01032051   0.00000000    -0.00079921   0.00000000
 -0.00839996   0.00000000    -0.01650639   0.00000000     0.00012322   0.00000000
 -0.01447258   0.00000000    -0.02621302   0.00000000    -0.00013763   0.00000000
   11   16
  0.00028646   0.00000000    -0.00014668   0.00000000     0.00008070   0.00000000
  0.00066698   0.00000000    -0.00046487   0.00000000     0.00030945   0.00000000
 -0.00007040   0.00000000     0.00010606   0.00000000     0.00010145   0.00000000
   11   17
 -0.00040616   0.00000000    -0.00039397   0.00000000    -0.00016757   0.00000000
  0.00037199   0.00000000     0.00024843   0.00000000     0.00000056   0.00000000
  0.00008820   0.00000000    -0.00002634   0.00000000    -0.00003716   0.00000000
   11   18
 -0.00008210   0.00000000    -0.00023829   0.00000000     0.00010783   0.00000000
 -0.00002398   0.00000000    -0.00086713   0.00000000     0.00036626   0.00000000
 -0.00016811   0.00000000     0.00021913   0.00000000    -0.00002860   0.00000000
   11   19
  0.00028952   0.00000000    -0.00014774   0.00000000    -0.00006345   0.00000000
  0.00065779   0.00000000    -0.00043855   0.00000000    -0.00023196   0.00000000
  0.00003501   0.00000000    -0.00008881   0.00000000     0.00016935   0.00000000
   11   20
  0.00419778   0.00000000     0.01033087   0.00000000     0.00080556   0.00000000
 -0.00836282   0.00000000    -0.01650850   0.00000000    -0.00014206   0.00000000
  0.01452362   0.00000000     0.02623833   0.00000000    -0.00009454   0.00000000
   11   21
 -0.00013812   0.00000000    -0.00021618   0.00000000    -0.00010599   0.00000000
 -0.00012634   0.00000000    -0.00081627   0.00000000    -0.00033291   0.00000000
  0.00017270   0.00000000    -0.00033763   0.00000000    -0.00008794   0.00000000
   11   22
 -0.00038997   0.00000000    -0.00039660   0.00000000     0.00014689   0.00000000
  0.00039297   0.00000000     0.00019112   0.00000000    -0.00000020   0.00000000
 -0.00008081   0.00000000     0.00014952   0.00000000    -0.00015362   0.00000000
   12    1
 -0.00666779   0.00000000    -0.00456506   0.00000000     0.00020728   0.00000000
 -0.00024004   0.00000000    -0.00521037   0.00000000     0.00003709   0.00000000
 -0.00003649   0.00000000    -0.00003666   0.00000000    -0.00265565   0.00000000
   12    2
  0.00405279   0.00000000     0.00008786   0.00000000    -0.00019499   0.00000000
 -0.00448057   0.00000000     0.00143697   0.00000000    -0.00005398   0.00000000
 -0.00009665   0.00000000    -0.00009599   0.00000000    -0.00108918   0.00000000
   12    3
 -0.00089927   0.00000000    -0.00021282   0.00000000    -0.00001011   0.00000000
  0.00000511   0.00000000    -0.00152784   0.00000000     0.00004597   0.00000000
  0.00005856   0.00000000     0.00007995   0.00000000    -0.00078518   0.00000000
   12    4
 -0.11340039   0.00000000    -0.11488935   0.00000000     0.00000522   0.00000000
 -0.11630713   0.00000000    -0.26801563   0.00000000    -0.00002049   0.00000000
 -0.00005015   0.00000000    -0.00012148   0.00000000    -0.05348715   0.00000000
   12    5
  0.00006799   0.00000000    -0.00118995   0.00000000     0.00008013   0.00000000
 -0.00010454   0.00000000    -0.00093369   0.00000000     0.00000814   0.00000000
 -0.00002900   0.00000000     0.00009152   0.00000000    -0.00166176   0.00000000
   12    6
 -0.00076507   0.00000000     0.00090769   0.00000000     0.00007805   0.00000000
 -0.00018471   0.00000000     0.00007379   0.00000000     0.00002509   0.00000000
  0.00004769   0.00000000    -0.00006220   0.00000000     0.00013862   0.00000000
   12    7
  0.00032484   0.00000000     0.00064112   0.00000000     0.00000905   0.00000000
  0.00078331   0.00000000    -0.00078163   0.00000000     0.00006265   0.00000000
 -0.00004236   0.00000000     0.00003729   0.00000000    -0.00015040   0.00000000
   12    8
 -0.01728309   0.00000000    -0.03175065   0.00000000    -0.00001366   0.00000000
  0.00223846   0.00000000     0.00349190   0.00000000     0.00002138   0.00000000
  0.00002122   0.00000000    -0.00002168   0.00000000    -0.00262173   0.00000000
   12    9
 -0.00032539   0.00000000    -0.00008597   0.00000000    -0.00000556   0.00000000
 -0.00010853   0.00000000    -0.00055608   0.00000000    -0.00000667   0.00000000
 -0.00006159   0.00000000     0.00001465   0.00000000     0.00007697   0.00000000
   12   10
 -0.00065052   0.00000000    -0.00010069   0.00000000     0.00003022   0.00000000
 -0.00006749   0.00000000     0.00004615   0.00000000     0.00003787   0.00000000
  0.00005457   0.00000000    -0.00000980   0.00000000     0.00003774   0.00000000
   12   11
  0.00019543   0.00000000    -0.00013100   0.00000000    -0.00004581   0.00000000
 -0.00013100   0.00000000    -0.00028165   0.00000000    -0.00006753   0.00000000
  0.00004581   0.00000000     0.00006753   0.00000000     0.00001715   0.00000000
   12   12
  0.12798246   0.00000000     0.13282928   0.00000000    -0.00002579   0.00000000
  0.13282928   0.00000000     0.30836244   0.00000000    -0.00004802   0.00000000
 -0.00002579   0.00000000    -0.00004802   0.00000000     0.06189861   0.00000000
   12   13
 -0.00032837   0.00000000    -0.00004354   0.00000000     0.00003879   0.00000000
  0.00004354   0.00000000    -0.00174068   0.00000000     0.00005291   0.00000000
  0.00003879   0.00000000    -0.00005291   0.00000000    -0.00035845   0.00000000
   12   14
 -0.00009366   0.00000000    -0.00010714   0.00000000     0.00004256   0.00000000
  0.00010714   0.00000000     0.00055103   0.00000000     0.00007642   0.00000000
 -0.00004256   0.00000000     0.00007642   0.00000000     0.00019138   0.00000000
   12   15
  0.00028646   0.00000000    -0.00014668   0.00000000    -0.00008070   0.00000000
  0.00066698   0.00000000    -0.00046487   0.00000000    -0.00030945   0.00000000
  0.00007040   0.00000000    -0.00010606   0.00000000     0.00010145   0.00000000
   12   16
  0.00415077   0.00000000     0.01032051   0.00000000     0.00079921   0.00000000
 -0.00839996   0.00000000    -0.01650639   0.00000000    -0.00012322   0.00000000
  0.01447258   0.00000000     0.02621302   0.00000000    -0.00013763   0.00000000
   12   17
 -0.00008210   0.00000000    -0.00023829   0.00000000    -0.00010783   0.00000000
 -0.00002398   0.00000000    -0.00086713   0.00000000    -0.00036626   0.00000000
  0.00016811   0.00000000    -0.00021913   0.00000000    -0.00002860   0.00000000
   12   18
 -0.00040616   0.00000000    -0.00039397   0.00000000     0.00016757   0.00000000
  0.00037199   0.00000000     0.00024843   0.00000000    -0.00000056   0.00000000
 -0.00008820   0.00000000     0.00002634   0.00000000    -0.00003716   0.00000000
   12   19
  0.00419778   0.00000000     0.01033087   0.00000000    -0.00080556   0.00000000
 -0.00836282   0.00000000    -0.01650850   0.00000000     0.00014206   0.00000000
 -0.01452362   0.00000000    -0.02623833   0.00000000    -0.00009454   0.00000000
   12   20
  0.00028952   0.00000000    -0.00014774   0.00000000     0.00006345   0.00000000
  0.00065779   0.00000000    -0.00043855   0.00000000     0.00023196   0.00000000
 -0.00003501   0.00000000     0.00008881   0.00000000     0.00016935   0.00000000
   12   21
 -0.00038997   0.00000000    -0.00039660   0.00000000    -0.00014689   0.00000000
  0.00039297   0.00000000     0.00019112   0.00000000     0.00000020   0.00000000
  0.00008081   0.00000000    -0.00014952   0.00000000    -0.00015362   0.00000000
   12   22
 -0.00013812   0.00000000    -0.00021618   0.00000000     0.00010599   0.00000000
 -0.00012634   0.00000000    -0.00081627   0.00000000     0.00033291   0.00000000
 -0.00017270   0.00000000     0.00033763   0.00000000    -0.00008794   0.00000000
   13    1
  0.00405279   0.00000000    -0.00008786   0.00000000    -0.00019499   0.00000000
  0.00448057   0.00000000     0.00143697   0.00000000     0.00005398   0.00000000
 -0.00009665   0.00000000     0.00009599   0.00000000    -0.00108918   0.00000000
   13    2
 -0.00666779   0.00000000     0.00456506   0.00000000     0.00020728   0.00000000
  0.00024004   0.00000000    -0.00521037   0.00000000    -0.00003709   0.00000000
 -0.00003649   0.00000000     0.00003666   0.00000000    -0.00265565   0.00000000
   13    3
 -0.00076507   0.00000000    -0.00090769   0.00000000     0.00007805   0.00000000
  0.00018471   0.00000000     0.00007379   0.00000000    -0.00002509   0.00000000
  0.00004769   0.00000000     0.00006220   0.00000000     0.00013862   0.00000000
   13    4
  0.00006799   0.00000000     0.00118995   0.00000000     0.00008013   0.00000000
  0.00010454   0.00000000    -0.00093369   0.00000000    -0.00000814   0.00000000
 -0.00002900   0.00000000    -0.00009152   0.00000000    -0.00166176   0.00000000
   13    5
 -0.11340039   0.00000000     0.11488935   0.00000000     0.00000522   0.00000000
  0.11630713   0.00000000    -0.26801563   0.00000000     0.00002049   0.00000000
 -0.00005015   0.00000000     0.00012148   0.00000000    -0.05348715   0.00000000
   13    6
 -0.00089927   0.00000000     0.00021282   0.00000000    -0.00001011   0.00000000
 -0.00000511   0.00000000    -0.00152784   0.00000000    -0.00004597   0.00000000
  0.00005856   0.00000000    -0.00007995   0.00000000    -0.00078518   0.00000000
   13    7
 -0.00065052   0.00000000     0.00010069   0.00000000     0.00003022   0.00000000
  0.00006749   0.00000000     0.00004615   0.00000000    -0.00003787   0.00000000
  0.00005457   0.00000000     0.00000980   0.00000000     0.00003774   0.00000000
   13    8
 -0.00032539   0.00000000     0.00008597   0.00000000    -0.00000556   0.00000000
  0.00010853   0.00000000    -0.00055608   0.00000000     0.00000667   0.00000000
 -0.00006159   0.00000000    -0.00001465   0.00000000     0.00007697   0.00000000
   13    9
 -0.01728309   0.00000000     0.03175065   0.00000000    -0.00001366   0.00000000
 -0.00223846   0.00000000     0.00349190   0.00000000    -0.00002138   0.00000000
  0.00002122   0.00000000     0.00002168   0.00000000    -0.00262173   0.00000000
   13   10
  0.00032484   0.00000000    -0.00064112   0.00000000     0.00000905   0.00000000
 -0.00078331   0.00000000    -0.00078163   0.00000000    -0.00006265   0.00000000
 -0.00004236   0.00000000    -0.00003729   0.00000000    -0.00015040   0.00000000
   13   11
 -0.00009366   0.00000000     0.00010714   0.00000000     0.00004256   0.00000000
 -0.00010714   0.00000000     0.00055103   0.00000000    -0.00007642   0.00000000
 -0.00004256   0.00000000    -0.00007642   0.00000000     0.00019138   0.00000000
   13   12
 -0.00032837   0.00000000     0.00004354   0.00000000     0.00003879   0.00000000
 -0.00004354   0.00000000    -0.00174068   0.00000000    -0.00005291   0.00000000
  0.00003879   0.00000000     0.00005291   0.00000000    -0.00035845   0.00000000
   13   13
  0.12798246   0.00000000    -0.13282928   0.00000000    -0.00002579   0.00000000
 -0.13282928   0.00000000     0.30836244   0.00000000     0.00004802   0.00000000
 -0.00002579   0.00000000     0.00004802   0.00000000     0.06189861   0.00000000
   13   14
  0.00019543   0.00000000     0.00013100   0.00000000    -0.00004581   0.00000000
  0.00013100   0.00000000    -0.00028165   0.00000000     0.00006753   0.00000000
  0.00004581   0.00000000    -0.00006753   0.00000000     0.00001715   0.00000000
   13   15
 -0.00040616   0.00000000     0.00039397   0.00000000     0.00016757   0.00000000
 -0.00037199   0.00000000     0.00024843   0.00000000     0.00000056   0.00000000
 -0.00008820   0.00000000    -0.00002634   0.00000000    -0.00003716   0.00000000
   13   16
 -0.00008210   0.00000000     0.00023829   0.00000000    -0.00010783   0.00000000
  0.00002398   0.00000000    -0.00086713   0.00000000     0.00036626   0.00000000
  0.00016811   0.00000000     0.00021913   0.00000000    -0.00002860   0.00000000
   13   17
  0.00415077   0.00000000    -0.01032051   0.00000000     0.00079921   0.00000000
  0.00839996   0.00000000    -0.01650639   0.00000000     0.00012322   0.00000000
  0.01447258   0.00000000    -0.02621302   0.00000000    -0.00013763   0.00000000
   13   18
  0.00028646   0.00000000     0.00014668   0.00000000    -0.00008070   0.00000000
 -0.00066698   0.00000000    -0.00046487   0.00000000     0.00030945   0.00000000
  0.00007040   0.00000000     0.00010606   0.00000000     0.00010145   0.00000000
   13   19
 -0.00013812   0.00000000     0.00021618   0.00000000     0.00010599   0.00000000
  0.00012634   0.00000000    -0.00081627   0.00000000    -0.00033291   0.00000000
 -0.00017270   0.00000000    -0.00033763   0.00000000    -0.00008794   0.00000000
   13   20
 -0.00038997   0.00000000     0.00039660   0.00000000    -0.00014689   0.00000000
 -0.00039297   0.00000000     0.00019112   0.00000000    -0.00000020   0.00000000
  0.00008081   0.00000000     0.00014952   0.00000000    -0.00015362   0.00000000
   13   21
  0.00028952   0.00000000     0.00014774   0.00000000     0.00006345   0.00000000
 -0.00065779   0.00000000    -0.00043855   0.00000000    -0.00023196   0.00000000
 -0.00003501   0.00000000    -0.00008881   0.00000000     0.00016935   0.00000000
   13   22
  0.00419778   0.00000000    -0.01033087   0.00000000    -0.00080556   0.00000000
  0.00836282   0.00000000    -0.01650850   0.00000000    -0.00014206   0.00000000
 -0.01452362   0.00000000     0.02623833   0.00000000    -0.00009454   0.00000000
   14    1
  0.00405279   0.00000000    -0.00008786   0.00000000     0.00019499   0.00000000
  0.00448057   0.00000000     0.00143697   0.00000000    -0.00005398   0.00000000
  0.00009665   0.00000000    -0.00009599   0.00000000    -0.00108918   0.00000000
   14    2
 -0.00666779   0.00000000     0.00456506   0.00000000    -0.00020728   0.00000000
  0.00024004   0.00000000    -0.00521037   0.00000000     0.00003709   0.00000000
  0.00003649   0.00000000    -0.00003666   0.00000000    -0.00265565   0.00000000
   14    3
  0.00006799   0.00000000     0.00118995   0.00000000    -0.00008013   0.00000000
  0.00010454   0.00000000    -0.00093369   0.00000000     0.00000814   0.00000000
  0.00002900   0.00000000     0.00009152   0.00000000    -0.00166176   0.00000000
   14    4
 -0.00076507   0.00000000    -0.00090769   0.00000000    -0.00007805   0.00000000
  0.00018471   0.00000000     0.00007379   0.00000000     0.00002509   0.00000000
 -0.00004769   0.00000000    -0.00006220   0.00000000     0.00013862   0.00000000
   14    5
 -0.00089927   0.00000000     0.00021282   0.00000000     0.00001011   0.00000000
 -0.00000511   0.00000000    -0.00152784   0.00000000     0.00004597   0.00000000
 -0.00005856   0.00000000     0.00007995   0.00000000    -0.00078518   0.00000000
   14    6
 -0.11340039   0.00000000     0.11488935   0.00000000    -0.00000522   0.00000000
  0.11630713   0.00000000    -0.26801563   0.00000000    -0.00002049   0.00000000
  0.00005015   0.00000000    -0.00012148   0.00000000    -0.05348715   0.00000000
   14    7
 -0.00032539   0.00000000     0.00008597   0.00000000     0.00000556   0.00000000
  0.00010853   0.00000000    -0.00055608   0.00000000    -0.00000667   0.00000000
  0.00006159   0.00000000     0.00001465   0.00000000     0.00007697   0.00000000
   14    8
 -0.00065052   0.00000000     0.00010069   0.00000000    -0.00003022   0.00000000
  0.00006749   0.00000000     0.00004615   0.00000000     0.00003787   0.00000000
 -0.00005457   0.00000000    -0.00000980   0.00000000     0.00003774   0.00000000
   14    9
  0.00032484   0.00000000    -0.00064112   0.00000000    -0.00000905   0.00000000
 -0.00078331   0.00000000    -0.00078163   0.00000000     0.00006265   0.00000000
  0.00004236   0.00000000     0.00003729   0.00000000    -0.00015040   0.00000000
   14   10
 -0.01728309   0.00000000     0.03175065   0.00000000     0.00001366   0.00000000
 -0.00223846   0.00000000     0.00349190   0.00000000     0.00002138   0.00000000
 -0.00002122   0.00000000    -0.00002168   0.00000000    -0.00262173   0.00000000
   14   11
 -0.00032837   0.00000000     0.00004354   0.00000000    -0.00003879   0.00000000
 -0.00004354   0.00000000    -0.00174068   0.00000000     0.00005291   0.00000000
 -0.00003879   0.00000000    -0.00005291   0.00000000    -0.00035845   0.00000000
   14   12
 -0.00009366   0.00000000     0.00010714   0.00000000    -0.00004256   0.00000000
 -0.00010714   0.00000000     0.00055103   0.00000000     0.00007642   0.00000000
  0.00004256   0.00000000     0.00007642   0.00000000     0.00019138   0.00000000
   14   13
  0.00019543   0.00000000     0.00013100   0.00000000     0.00004581   0.00000000
  0.00013100   0.00000000    -0.00028165   0.00000000    -0.00006753   0.00000000
 -0.00004581   0.00000000     0.00006753   0.00000000     0.00001715   0.00000000
   14   14
  0.12798246   0.00000000    -0.13282928   0.00000000     0.00002579   0.00000000
 -0.13282928   0.00000000     0.30836244   0.00000000    -0.00004802   0.00000000
  0.00002579   0.00000000    -0.00004802   0.00000000     0.06189861   0.00000000
   14   15
 -0.00008210   0.00000000     0.00023829   0.00000000     0.00010783   0.00000000
  0.00002398   0.00000000    -0.00086713   0.00000000    -0.00036626   0.00000000
 -0.00016811   0.00000000    -0.00021913   0.00000000    -0.00002860   0.00000000
   14   16
 -0.00040616   0.00000000     0.00039397   0.00000000    -0.00016757   0.00000000
 -0.00037199   0.00000000     0.00024843   0.00000000    -0.00000056   0.00000000
  0.00008820   0.00000000     0.00002634   0.00000000    -0.00003716   0.00000000
   14   17
  0.00028646   0.00000000     0.00014668   0.00000000     0.00008070   0.00000000
 -0.00066698   0.00000000    -0.00046487   0.00000000    -0.00030945   0.00000000
 -0.00007040   0.00000000    -0.00010606   0.00000000     0.00010145   0.00000000
   14   18
  0.00415077   0.00000000    -0.01032051   0.00000000    -0.00079921   0.00000000
  0.00839996   0.00000000    -0.01650639   0.00000000    -0.00012322   0.00000000
 -0.01447258   0.00000000     0.02621302   0.00000000    -0.00013763   0.00000000
   14   19
 -0.00038997   0.00000000     0.00039660   0.00000000     0.00014689   0.00000000
 -0.00039297   0.00000000     0.00019112   0.00000000     0.00000020   0.00000000
 -0.00008081   0.00000000    -0.00014952   0.00000000    -0.00015362   0.00000000
   14   20
 -0.00013812   0.00000000     0.00021618   0.00000000    -0.00010599   0.00000000
  0.00012634   0.00000000    -0.00081627   0.00000000     0.00033291   0.00000000
  0.00017270   0.00000000     0.00033763   0.00000000    -0.00008794   0.00000000
   14   21
  0.00419778   0.00000000    -0.01033087   0.00000000     0.00080556   0.00000000
  0.00836282   0.00000000    -0.01650850   0.00000000     0.00014206   0.00000000
  0.01452362   0.00000000    -0.02623833   0.00000000    -0.00009454   0.00000000
   14   22
  0.00028952   0.00000000     0.00014774   0.00000000    -0.00006345   0.00000000
 -0.00065779   0.00000000    -0.00043855   0.00000000     0.00023196   0.00000000
  0.00003501   0.00000000     0.00008881   0.00000000     0.00016935   0.00000000
   15    1
 -0.00242242   0.00000000    -0.00123248   0.00000000     0.00094196   0.00000000
 -0.00089061   0.00000000    -0.00246511   0.00000000    -0.00048845   0.00000000
 -0.00110055   0.00000000     0.00258854   0.00000000     0.00245980   0.00000000
   15    2
 -0.00306975   0.00000000     0.00197120   0.00000000    -0.00207169   0.00000000
  0.00058052   0.00000000     0.00097413   0.00000000     0.00015881   0.00000000
 -0.00123422   0.00000000    -0.00017994   0.00000000    -0.00316579   0.00000000
   15    3
 -0.06445227   0.00000000     0.04096595   0.00000000     0.05808430   0.00000000
  0.04081649   0.00000000    -0.12850220   0.00000000    -0.12532083   0.00000000
  0.05804025   0.00000000    -0.12555911   0.00000000    -0.25764291   0.00000000
   15    4
 -0.00107964   0.00000000     0.00025171   0.00000000     0.00019014   0.00000000
  0.00024539   0.00000000    -0.00089132   0.00000000    -0.00023765   0.00000000
  0.00028119   0.00000000     0.00004936   0.00000000    -0.00038871   0.00000000
   15    5
 -0.00072711   0.00000000     0.00068479   0.00000000     0.00003865   0.00000000
 -0.00011661   0.00000000    -0.00040785   0.00000000    -0.00021085   0.00000000
  0.00071170   0.00000000    -0.00035405   0.00000000    -0.00070655   0.00000000
   15    6
 -0.00009088   0.00000000     0.00027225   0.00000000     0.00029199   0.00000000
  0.00057937   0.00000000    -0.00069381   0.00000000    -0.00013435   0.00000000
  0.00040384   0.00000000    -0.00080244   0.00000000    -0.00066993   0.00000000
   15    7
 -0.00811475   0.00000000     0.01932108   0.00000000     0.03009127   0.00000000
  0.00069320   0.00000000    -0.00318695   0.00000000    -0.00358599   0.00000000
  0.00055760   0.00000000     0.00066238   0.00000000     0.00017648   0.00000000
   15    8
 -0.00012442   0.00000000     0.00012275   0.00000000     0.00008150   0.00000000
  0.00087382   0.00000000    -0.00029286   0.00000000    -0.00015284   0.00000000
  0.00019761   0.00000000    -0.00015586   0.00000000     0.00011497   0.00000000
   15    9
 -0.00135607   0.00000000    -0.00028175   0.00000000     0.00044333   0.00000000
  0.00034606   0.00000000     0.00027072   0.00000000     0.00035896   0.00000000
  0.00055165   0.00000000     0.00005492   0.00000000    -0.00007418   0.00000000
   15   10
 -0.00004752   0.00000000     0.00026496   0.00000000     0.00000496   0.00000000
 -0.00020319   0.00000000    -0.00054616   0.00000000    -0.00012976   0.00000000
  0.00001467   0.00000000    -0.00027575   0.00000000    -0.00013234   0.00000000
   15   11
  0.00415077   0.00000000    -0.00839996   0.00000000    -0.01447258   0.00000000
  0.01032051   0.00000000    -0.01650639   0.00000000    -0.02621302   0.00000000
 -0.00079921   0.00000000     0.00012322   0.00000000    -0.00013763   0.00000000
   15   12
  0.00028646   0.00000000     0.00066698   0.00000000     0.00007040   0.00000000
 -0.00014668   0.00000000    -0.00046487   0.00000000    -0.00010606   0.00000000
 -0.00008070   0.00000000    -0.00030945   0.00000000     0.00010145   0.00000000
   15   13
 -0.00040616   0.00000000    -0.00037199   0.00000000    -0.00008820   0.00000000
  0.00039397   0.00000000     0.00024843   0.00000000    -0.00002634   0.00000000
  0.00016757   0.00000000     0.00000056   0.00000000    -0.00003716   0.00000000
   15   14
 -0.00008210   0.00000000     0.00002398   0.00000000    -0.00016811   0.00000000
  0.00023829   0.00000000    -0.00086713   0.00000000    -0.00021913   0.00000000
  0.00010783   0.00000000    -0.00036626   0.00000000    -0.00002860   0.00000000
   15   15
  0.07643362   0.00000000    -0.04840126   0.00000000    -0.06579724   0.00000000
 -0.04840126   0.00000000     0.14250212   0.00000000     0.14045021   0.00000000
 -0.06579724   0.00000000     0.14045021   0.00000000     0.28352921   0.00000000
   15   16
 -0.00018897   0.00000000     0.00055363   0.00000000    -0.00011942   0.00000000
  0.00055363   0.00000000    -0.00047570   0.00000000     0.00002025   0.00000000
  0.00011942   0.00000000    -0.00002025   0.00000000     0.00006559   0.00000000
   15   17
 -0.00003839   0.00000000    -0.00020942   0.00000000     0.00004081   0.00000000
  0.00020942   0.00000000     0.00020460   0.00000000     0.00015706   0.00000000
 -0.00004081   0.00000000     0.00015706   0.00000000     0.00014615   0.00000000
   15   18
  0.00015496   0.00000000     0.00016552   0.00000000    -0.00024127   0.00000000
 -0.00016552   0.00000000    -0.00009517   0.00000000    -0.00004700   0.00000000
 -0.00024127   0.00000000     0.00004700   0.00000000     0.00002643   0.00000000
   15   19
 -0.00028034   0.00000000     0.00052818   0.00000000     0.00008058   0.00000000
  0.00050982   0.00000000    -0.00054835   0.00000000    -0.00001107   0.00000000
  0.00005363   0.00000000    -0.00002624   0.00000000    -0.00013169   0.00000000
   15   20
  0.00176335   0.00000000    -0.00658000   0.00000000    -0.00787907   0.00000000
 -0.00666573   0.00000000     0.01193770   0.00000000     0.01614603   0.00000000
  0.00780597   0.00000000    -0.01615248   0.00000000    -0.02299659   0.00000000
   15   21
  0.00004901   0.00000000     0.00013973   0.00000000     0.00008123   0.00000000
 -0.00010884   0.00000000    -0.00037828   0.00000000    -0.00032686   0.00000000
 -0.00003372   0.00000000    -0.00034054   0.00000000    -0.00013169   0.00000000
   15   22
 -0.00016267   0.00000000    -0.00038495   0.00000000     0.00034029   0.00000000
  0.00037198   0.00000000     0.00018941   0.00000000    -0.00019051   0.00000000
  0.00031468   0.00000000     0.00027184   0.00000000    -0.00014986   0.00000000
   16    1
 -0.00242242   0.00000000    -0.00123248   0.00000000    -0.00094196   0.00000000
 -0.00089061   0.00000000    -0.00246511   0.00000000     0.00048845   0.00000000
  0.00110055   0.00000000    -0.00258854   0.00000000     0.00245980   0.00000000
   16    2
 -0.00306975   0.00000000     0.00197120   0.00000000     0.00207169   0.00000000
  0.00058052   0.00000000     0.00097413   0.00000000    -0.00015881   0.00000000
  0.00123422   0.00000000     0.00017994   0.00000000    -0.00316579   0.00000000
   16    3
 -0.00107964   0.00000000     0.00025171   0.00000000    -0.00019014   0.00000000
  0.00024539   0.00000000    -0.00089132   0.00000000     0.00023765   0.00000000
 -0.00028119   0.00000000    -0.00004936   0.00000000    -0.00038871   0.00000000
   16    4
 -0.06445227   0.00000000     0.04096595   0.00000000    -0.05808430   0.00000000
  0.04081649   0.00000000    -0.12850220   0.00000000     0.12532083   0.00000000
 -0.05804025   0.00000000     0.12555911   0.00000000    -0.25764291   0.00000000
   16    5
 -0.00009088   0.00000000     0.00027225   0.00000000    -0.00029199   0.00000000
  0.00057937   0.00000000    -0.00069381   0.00000000     0.00013435   0.00000000
 -0.00040384   0.00000000     0.00080244   0.00000000    -0.00066993   0.00000000
   16    6
 -0.00072711   0.00000000     0.00068479   0.00000000    -0.00003865   0.00000000
 -0.00011661   0.00000000    -0.00040785   0.00000000     0.00021085   0.00000000
 -0.00071170   0.00000000     0.00035405   0.00000000    -0.00070655   0.00000000
   16    7
 -0.00012442   0.00000000     0.00012275   0.00000000    -0.00008150   0.00000000
  0.00087382   0.00000000    -0.00029286   0.00000000     0.00015284   0.00000000
 -0.00019761   0.00000000     0.00015586   0.00000000     0.00011497   0.00000000
   16    8
 -0.00811475   0.00000000     0.01932108   0.00000000    -0.03009127   0.00000000
  0.00069320   0.00000000    -0.00318695   0.00000000     0.00358599   0.00000000
 -0.00055760   0.00000000    -0.00066238   0.00000000     0.00017648   0.00000000
   16    9
 -0.00004752   0.00000000     0.00026496   0.00000000    -0.00000496   0.00000000
 -0.00020319   0.00000000    -0.00054616   0.00000000     0.00012976   0.00000000
 -0.00001467   0.00000000     0.00027575   0.00000000    -0.00013234   0.00000000
   16   10
 -0.00135607   0.00000000    -0.00028175   0.00000000    -0.00044333   0.00000000
  0.00034606   0.00000000     0.00027072   0.00000000    -0.00035896   0.00000000
 -0.00055165   0.00000000    -0.00005492   0.00000000    -0.00007418   0.00000000
   16   11
  0.00028646   0.00000000     0.00066698   0.00000000    -0.00007040   0.00000000
 -0.00014668   0.00000000    -0.00046487   0.00000000     0.00010606   0.00000000
  0.00008070   0.00000000     0.00030945   0.00000000     0.00010145   0.00000000
   16   12
  0.00415077   0.00000000    -0.00839996   0.00000000     0.01447258   0.00000000
  0.01032051   0.00000000    -0.01650639   0.00000000     0.02621302   0.00000000
  0.00079921   0.00000000    -0.00012322   0.00000000    -0.00013763   0.00000000
   16   13
 -0.00008210   0.00000000     0.00002398   0.00000000     0.00016811   0.00000000
  0.00023829   0.00000000    -0.00086713   0.00000000     0.00021913   0.00000000
 -0.00010783   0.00000000     0.00036626   0.00000000    -0.00002860   0.00000000
   16   14
 -0.00040616   0.00000000    -0.00037199   0.00000000     0.00008820   0.00000000
  0.00039397   0.00000000     0.00024843   0.00000000     0.00002634   0.00000000
 -0.00016757   0.00000000    -0.00000056   0.00000000    -0.00003716   0.00000000
   16   15
 -0.00018897   0.00000000     0.00055363   0.00000000     0.00011942   0.00000000
  0.00055363   0.00000000    -0.00047570   0.00000000    -0.00002025   0.00000000
 -0.00011942   0.00000000     0.00002025   0.00000000     0.00006559   0.00000000
   16   16
  0.07643362   0.00000000    -0.04840126   0.00000000     0.06579724   0.00000000
 -0.04840126   0.00000000     0.14250212   0.00000000    -0.14045021   0.00000000
  0.06579724   0.00000000    -0.14045021   0.00000000     0.28352921   0.00000000
   16   17
  0.00015496   0.00000000     0.00016552   0.00000000     0.00024127   0.00000000
 -0.00016552   0.00000000    -0.00009517   0.00000000     0.00004700   0.00000000
  0.00024127   0.00000000    -0.00004700   0.00000000     0.00002643   0.00000000
   16   18
 -0.00003839   0.00000000    -0.00020942   0.00000000    -0.00004081   0.00000000
  0.00020942   0.00000000     0.00020460   0.00000000    -0.00015706   0.00000000
  0.00004081   0.00000000    -0.00015706   0.00000000     0.00014615   0.00000000
   16   19
  0.00176335   0.00000000    -0.00658000   0.00000000     0.00787907   0.00000000
 -0.00666573   0.00000000     0.01193770   0.00000000    -0.01614603   0.00000000
 -0.00780597   0.00000000     0.01615248   0.00000000    -0.02299659   0.00000000
   16   20
 -0.00028034   0.00000000     0.00052818   0.00000000    -0.00008058   0.00000000
  0.00050982   0.00000000    -0.00054835   0.00000000     0.00001107   0.00000000
 -0.00005363   0.00000000     0.00002624   0.00000000    -0.00013169   0.00000000
   16   21
 -0.00016267   0.00000000    -0.00038495   0.00000000    -0.00034029   0.00000000
  0.00037198   0.00000000     0.00018941   0.00000000     0.00019051   0.00000000
 -0.00031468   0.00000000    -0.00027184   0.00000000    -0.00014986   0.00000000
   16   22
  0.00004901   0.00000000     0.00013973   0.00000000    -0.00008123   0.00000000
 -0.00010884   0.00000000    -0.00037828   0.00000000     0.00032686   0.00000000
  0.00003372   0.00000000     0.00034054   0.00000000    -0.00013169   0.00000000
   17    1
 -0.00306975   0.00000000    -0.00197120   0.00000000     0.00207169   0.00000000
 -0.00058052   0.00000000     0.00097413   0.00000000     0.00015881   0.00000000
  0.00123422   0.00000000    -0.00017994   0.00000000    -0.00316579   0.00000000
   17    2
 -0.00242242   0.00000000     0.00123248   0.00000000    -0.00094196   0.00000000
  0.00089061   0.00000000    -0.00246511   0.00000000    -0.00048845   0.00000000
  0.00110055   0.00000000     0.00258854   0.00000000     0.00245980   0.00000000
   17    3
 -0.00072711   0.00000000    -0.00068479   0.00000000    -0.00003865   0.00000000
  0.00011661   0.00000000    -0.00040785   0.00000000    -0.00021085   0.00000000
 -0.00071170   0.00000000    -0.00035405   0.00000000    -0.00070655   0.00000000
   17    4
 -0.00009088   0.00000000    -0.00027225   0.00000000    -0.00029199   0.00000000
 -0.00057937   0.00000000    -0.00069381   0.00000000    -0.00013435   0.00000000
 -0.00040384   0.00000000    -0.00080244   0.00000000    -0.00066993   0.00000000
   17    5
 -0.06445227   0.00000000    -0.04096595   0.00000000    -0.05808430   0.00000000
 -0.04081649   0.00000000    -0.12850220   0.00000000    -0.12532083   0.00000000
 -0.05804025   0.00000000    -0.12555911   0.00000000    -0.25764291   0.00000000
   17    6
 -0.00107964   0.00000000    -0.00025171   0.00000000    -0.00019014   0.00000000
 -0.00024539   0.00000000    -0.00089132   0.00000000    -0.00023765   0.00000000
 -0.00028119   0.00000000     0.00004936   0.00000000    -0.00038871   0.00000000
   17    7
 -0.00135607   0.00000000     0.00028175   0.00000000    -0.00044333   0.00000000
 -0.00034606   0.00000000     0.00027072   0.00000000     0.00035896   0.00000000
 -0.00055165   0.00000000     0.00005492   0.00000000    -0.00007418   0.00000000
   17    8
 -0.00004752   0.00000000    -0.00026496   0.00000000    -0.00000496   0.00000000
  0.00020319   0.00000000    -0.00054616   0.00000000    -0.00012976   0.00000000
 -0.00001467   0.00000000    -0.00027575   0.00000000    -0.00013234   0.00000000
   17    9
 -0.00811475   0.00000000    -0.01932108   0.00000000    -0.03009127   0.00000000
 -0.00069320   0.00000000    -0.00318695   0.00000000    -0.00358599   0.00000000
 -0.00055760   0.00000000     0.00066238   0.00000000     0.00017648   0.00000000
   17   10
 -0.00012442   0.00000000    -0.00012275   0.00000000    -0.00008150   0.00000000
 -0.00087382   0.00000000    -0.00029286   0.00000000    -0.00015284   0.00000000
 -0.00019761   0.00000000    -0.00015586   0.00000000     0.00011497   0.00000000
   17   11
 -0.00040616   0.00000000     0.00037199   0.00000000     0.00008820   0.00000000
 -0.00039397   0.00000000     0.00024843   0.00000000    -0.00002634   0.00000000
 -0.00016757   0.00000000     0.00000056   0.00000000    -0.00003716   0.00000000
   17   12
 -0.00008210   0.00000000    -0.00002398   0.00000000     0.00016811   0.00000000
 -0.00023829   0.00000000    -0.00086713   0.00000000    -0.00021913   0.00000000
 -0.00010783   0.00000000    -0.00036626   0.00000000    -0.00002860   0.00000000
   17   13
  0.00415077   0.00000000     0.00839996   0.00000000     0.01447258   0.00000000
 -0.01032051   0.00000000    -0.01650639   0.00000000    -0.02621302   0.00000000
  0.00079921   0.00000000     0.00012322   0.00000000    -0.00013763   0.00000000
   17   14
  0.00028646   0.00000000    -0.00066698   0.00000000    -0.00007040   0.00000000
  0.00014668   0.00000000    -0.00046487   0.00000000    -0.00010606   0.00000000
  0.00008070   0.00000000    -0.00030945   0.00000000     0.00010145   0.00000000
   17   15
 -0.00003839   0.00000000     0.00020942   0.00000000    -0.00004081   0.00000000
 -0.00020942   0.00000000     0.00020460   0.00000000     0.00015706   0.00000000
  0.00004081   0.00000000     0.00015706   0.00000000     0.00014615   0.00000000
   17   16
  0.00015496   0.00000000    -0.00016552   0.00000000     0.00024127   0.00000000
  0.00016552   0.00000000    -0.00009517   0.00000000    -0.00004700   0.00000000
  0.00024127   0.00000000     0.00004700   0.00000000     0.00002643   0.00000000
   17   17
  0.07643362   0.00000000     0.04840126   0.00000000     0.06579724   0.00000000
  0.04840126   0.00000000     0.14250212   0.00000000     0.14045021   0.00000000
  0.06579724   0.00000000     0.14045021   0.00000000     0.28352921   0.00000000
   17   18
 -0.00018897   0.00000000    -0.00055363   0.00000000     0.00011942   0.00000000
 -0.00055363   0.00000000    -0.00047570   0.00000000     0.00002025   0.00000000
 -0.00011942   0.00000000    -0.00002025   0.00000000     0.00006559   0.00000000
   17   19
  0.00004901   0.00000000    -0.00013973   0.00000000    -0.00008123   0.00000000
  0.00010884   0.00000000    -0.00037828   0.00000000    -0.00032686   0.00000000
  0.00003372   0.00000000    -0.00034054   0.00000000    -0.00013169   0.00000000
   17   20
 -0.00016267   0.00000000     0.00038495   0.00000000    -0.00034029   0.00000000
 -0.00037198   0.00000000     0.00018941   0.00000000    -0.00019051   0.00000000
 -0.00031468   0.00000000     0.00027184   0.00000000    -0.00014986   0.00000000
   17   21
 -0.00028034   0.00000000    -0.00052818   0.00000000    -0.00008058   0.00000000
 -0.00050982   0.00000000    -0.00054835   0.00000000    -0.00001107   0.00000000
 -0.00005363   0.00000000    -0.00002624   0.00000000    -0.00013169   0.00000000
   17   22
  0.00176335   0.00000000     0.00658000   0.00000000     0.00787907   0.00000000
  0.00666573   0.00000000     0.01193770   0.00000000     0.01614603   0.00000000
 -0.00780597   0.00000000    -0.01615248   0.00000000    -0.02299659   0.00000000
   18    1
 -0.00306975   0.00000000    -0.00197120   0.00000000    -0.00207169   0.00000000
 -0.00058052   0.00000000     0.00097413   0.00000000    -0.00015881   0.00000000
 -0.00123422   0.00000000     0.00017994   0.00000000    -0.00316579   0.00000000
   18    2
 -0.00242242   0.00000000     0.00123248   0.00000000     0.00094196   0.00000000
  0.00089061   0.00000000    -0.00246511   0.00000000     0.00048845   0.00000000
 -0.00110055   0.00000000    -0.00258854   0.00000000     0.00245980   0.00000000
   18    3
 -0.00009088   0.00000000    -0.00027225   0.00000000     0.00029199   0.00000000
 -0.00057937   0.00000000    -0.00069381   0.00000000     0.00013435   0.00000000
  0.00040384   0.00000000     0.00080244   0.00000000    -0.00066993   0.00000000
   18    4
 -0.00072711   0.00000000    -0.00068479   0.00000000     0.00003865   0.00000000
  0.00011661   0.00000000    -0.00040785   0.00000000     0.00021085   0.00000000
  0.00071170   0.00000000     0.00035405   0.00000000    -0.00070655   0.00000000
   18    5
 -0.00107964   0.00000000    -0.00025171   0.00000000     0.00019014   0.00000000
 -0.00024539   0.00000000    -0.00089132   0.00000000     0.00023765   0.00000000
  0.00028119   0.00000000    -0.00004936   0.00000000    -0.00038871   0.00000000
   18    6
 -0.06445227   0.00000000    -0.04096595   0.00000000     0.05808430   0.00000000
 -0.04081649   0.00000000    -0.12850220   0.00000000     0.12532083   0.00000000
  0.05804025   0.00000000     0.12555911   0.00000000    -0.25764291   0.00000000
   18    7
 -0.00004752   0.00000000    -0.00026496   0.00000000     0.00000496   0.00000000
  0.00020319   0.00000000    -0.00054616   0.00000000     0.00012976   0.00000000
  0.00001467   0.00000000     0.00027575   0.00000000    -0.00013234   0.00000000
   18    8
 -0.00135607   0.00000000     0.00028175   0.00000000     0.00044333   0.00000000
 -0.00034606   0.00000000     0.00027072   0.00000000    -0.00035896   0.00000000
  0.00055165   0.00000000    -0.00005492   0.00000000    -0.00007418   0.00000000
   18    9
 -0.00012442   0.00000000    -0.00012275   0.00000000     0.00008150   0.00000000
 -0.00087382   0.00000000    -0.00029286   0.00000000     0.00015284   0.00000000
  0.00019761   0.00000000     0.00015586   0.00000000     0.00011497   0.00000000
   18   10
 -0.00811475   0.00000000    -0.01932108   0.00000000     0.03009127   0.00000000
 -0.00069320   0.00000000    -0.00318695   0.00000000     0.00358599   0.00000000
  0.00055760   0.00000000    -0.00066238   0.00000000     0.00017648   0.00000000
   18   11
 -0.00008210   0.00000000    -0.00002398   0.00000000    -0.00016811   0.00000000
 -0.00023829   0.00000000    -0.00086713   0.00000000     0.00021913   0.00000000
  0.00010783   0.00000000     0.00036626   0.00000000    -0.00002860   0.00000000
   18   12
 -0.00040616   0.00000000     0.00037199   0.00000000    -0.00008820   0.00000000
 -0.00039397   0.00000000     0.00024843   0.00000000     0.00002634   0.00000000
  0.00016757   0.00000000    -0.00000056   0.00000000    -0.00003716   0.00000000
   18   13
  0.00028646   0.00000000    -0.00066698   0.00000000     0.00007040   0.00000000
  0.00014668   0.00000000    -0.00046487   0.00000000     0.00010606   0.00000000
 -0.00008070   0.00000000     0.00030945   0.00000000     0.00010145   0.00000000
   18   14
  0.00415077   0.00000000     0.00839996   0.00000000    -0.01447258   0.00000000
 -0.01032051   0.00000000    -0.01650639   0.00000000     0.02621302   0.00000000
 -0.00079921   0.00000000    -0.00012322   0.00000000    -0.00013763   0.00000000
   18   15
  0.00015496   0.00000000    -0.00016552   0.00000000    -0.00024127   0.00000000
  0.00016552   0.00000000    -0.00009517   0.00000000     0.00004700   0.00000000
 -0.00024127   0.00000000    -0.00004700   0.00000000     0.00002643   0.00000000
   18   16
 -0.00003839   0.00000000     0.00020942   0.00000000     0.00004081   0.00000000
 -0.00020942   0.00000000     0.00020460   0.00000000    -0.00015706   0.00000000
 -0.00004081   0.00000000    -0.00015706   0.00000000     0.00014615   0.00000000
   18   17
 -0.00018897   0.00000000    -0.00055363   0.00000000    -0.00011942   0.00000000
 -0.00055363   0.00000000    -0.00047570   0.00000000    -0.00002025   0.00000000
  0.00011942   0.00000000     0.00002025   0.00000000     0.00006559   0.00000000
   18   18
  0.07643362   0.00000000     0.04840126   0.00000000    -0.06579724   0.00000000
  0.04840126   0.00000000     0.14250212   0.00000000    -0.14045021   0.00000000
 -0.06579724   0.00000000    -0.14045021   0.00000000     0.28352921   0.00000000
   18   19
 -0.00016267   0.00000000     0.00038495   0.00000000     0.00034029   0.00000000
 -0.00037198   0.00000000     0.00018941   0.00000000     0.00019051   0.00000000
  0.00031468   0.00000000    -0.00027184   0.00000000    -0.00014986   0.00000000
   18   20
  0.00004901   0.00000000    -0.00013973   0.00000000     0.00008123   0.00000000
  0.00010884   0.00000000    -0.00037828   0.00000000     0.00032686   0.00000000
 -0.00003372   0.00000000     0.00034054   0.00000000    -0.00013169   0.00000000
   18   21
  0.00176335   0.00000000     0.00658000   0.00000000    -0.00787907   0.00000000
  0.00666573   0.00000000     0.01193770   0.00000000    -0.01614603   0.00000000
  0.00780597   0.00000000     0.01615248   0.00000000    -0.02299659   0.00000000
   18   22
 -0.00028034   0.00000000    -0.00052818   0.00000000     0.00008058   0.00000000
 -0.00050982   0.00000000    -0.00054835   0.00000000     0.00001107   0.00000000
  0.00005363   0.00000000     0.00002624   0.00000000    -0.00013169   0.00000000
   19    1
 -0.00242421   0.00000000    -0.00156703   0.00000000     0.00078002   0.00000000
 -0.00063185   0.00000000    -0.00231922   0.00000000    -0.00067980   0.00000000
 -0.00088967   0.00000000     0.00284609   0.00000000     0.00259369   0.00000000
   19    2
 -0.00345812   0.00000000     0.00238436   0.00000000    -0.00194565   0.00000000
  0.00054512   0.00000000     0.00088999   0.00000000     0.00043815   0.00000000
 -0.00078543   0.00000000    -0.00039587   0.00000000    -0.00328469   0.00000000
   19    3
 -0.00105918   0.00000000     0.00028539   0.00000000     0.00036723   0.00000000
  0.00028867   0.00000000    -0.00083288   0.00000000    -0.00020135   0.00000000
  0.00027948   0.00000000     0.00015298   0.00000000    -0.00057942   0.00000000
   19    4
 -0.06444343   0.00000000     0.04083270   0.00000000     0.05808872   0.00000000
  0.04085971   0.00000000    -0.12847442   0.00000000    -0.12528938   0.00000000
  0.05803139   0.00000000    -0.12551674   0.00000000    -0.25763193   0.00000000
   19    5
 -0.00016951   0.00000000     0.00034639   0.00000000     0.00025026   0.00000000
  0.00056480   0.00000000    -0.00068184   0.00000000    -0.00017452   0.00000000
  0.00047639   0.00000000    -0.00082185   0.00000000    -0.00061128   0.00000000
   19    6
 -0.00078660   0.00000000     0.00071169   0.00000000     0.00006513   0.00000000
 -0.00017275   0.00000000    -0.00046168   0.00000000    -0.00022439   0.00000000
  0.00071615   0.00000000    -0.00046560   0.00000000    -0.00076611   0.00000000
   19    7
 -0.00013600   0.00000000     0.00016462   0.00000000     0.00014210   0.00000000
  0.00088144   0.00000000    -0.00028836   0.00000000    -0.00020429   0.00000000
  0.00016030   0.00000000    -0.00015554   0.00000000    -0.00004084   0.00000000
   19    8
 -0.00819134   0.00000000     0.01931771   0.00000000     0.03005979   0.00000000
  0.00072000   0.00000000    -0.00320100   0.00000000    -0.00353968   0.00000000
  0.00057197   0.00000000     0.00064031   0.00000000     0.00018604   0.00000000
   19    9
 -0.00000174   0.00000000     0.00028143   0.00000000    -0.00007519   0.00000000
 -0.00014684   0.00000000    -0.00051541   0.00000000    -0.00008595   0.00000000
  0.00009317   0.00000000    -0.00023495   0.00000000    -0.00004664   0.00000000
   19   10
 -0.00142726   0.00000000    -0.00031142   0.00000000     0.00046174   0.00000000
  0.00030691   0.00000000     0.00025905   0.00000000     0.00029483   0.00000000
  0.00061056   0.00000000     0.00005575   0.00000000    -0.00018062   0.00000000
   19   11
  0.00028952   0.00000000     0.00065779   0.00000000     0.00003501   0.00000000
 -0.00014774   0.00000000    -0.00043855   0.00000000    -0.00008881   0.00000000
 -0.00006345   0.00000000    -0.00023196   0.00000000     0.00016935   0.00000000
   19   12
  0.00419778   0.00000000    -0.00836282   0.00000000    -0.01452362   0.00000000
  0.01033087   0.00000000    -0.01650850   0.00000000    -0.02623833   0.00000000
 -0.00080556   0.00000000     0.00014206   0.00000000    -0.00009454   0.00000000
   19   13
 -0.00013812   0.00000000     0.00012634   0.00000000    -0.00017270   0.00000000
  0.00021618   0.00000000    -0.00081627   0.00000000    -0.00033763   0.00000000
  0.00010599   0.00000000    -0.00033291   0.00000000    -0.00008794   0.00000000
   19   14
 -0.00038997   0.00000000    -0.00039297   0.00000000    -0.00008081   0.00000000
  0.00039660   0.00000000     0.00019112   0.00000000    -0.00014952   0.00000000
  0.00014689   0.00000000     0.00000020   0.00000000    -0.00015362   0.00000000
   19   15
 -0.00028034   0.00000000     0.00050982   0.00000000     0.00005363   0.00000000
  0.00052818   0.00000000    -0.00054835   0.00000000    -0.00002624   0.00000000
  0.00008058   0.00000000    -0.00001107   0.00000000    -0.00013169   0.00000000
   19   16
  0.00176335   0.00000000    -0.00666573   0.00000000    -0.00780597   0.00000000
 -0.00658000   0.00000000     0.01193770   0.00000000     0.01615248   0.00000000
  0.00787907   0.00000000    -0.01614603   0.00000000    -0.02299659   0.00000000
   19   17
  0.00004901   0.00000000     0.00010884   0.00000000     0.00003372   0.00000000
 -0.00013973   0.00000000    -0.00037828   0.00000000    -0.00034054   0.00000000
 -0.00008123   0.00000000    -0.00032686   0.00000000    -0.00013169   0.00000000
   19   18
 -0.00016267   0.00000000    -0.00037198   0.00000000     0.00031468   0.00000000
  0.00038495   0.00000000     0.00018941   0.00000000    -0.00027184   0.00000000
  0.00034029   0.00000000     0.00019051   0.00000000    -0.00014986   0.00000000
   19   19
  0.07645839   0.00000000    -0.04844545   0.00000000    -0.06585437   0.00000000
 -0.04844545   0.00000000     0.14249980   0.00000000     0.14045580   0.00000000
 -0.06585437   0.00000000     0.14045580   0.00000000     0.28351228   0.00000000
   19   20
 -0.00014374   0.00000000     0.00059196   0.00000000    -0.00012747   0.00000000
  0.00059196   0.00000000    -0.00047331   0.00000000     0.00004643   0.00000000
  0.00012747   0.00000000    -0.00004643   0.00000000     0.00017201   0.00000000
   19   21
 -0.00005196   0.00000000    -0.00019186   0.00000000     0.00009365   0.00000000
  0.00019186   0.00000000     0.00020310   0.00000000     0.00014535   0.00000000
 -0.00009365   0.00000000     0.00014535   0.00000000     0.00011212   0.00000000
   19   22
  0.00007361   0.00000000     0.00015190   0.00000000    -0.00016608   0.00000000
 -0.00015190   0.00000000    -0.00013038   0.00000000     0.00001103   0.00000000
 -0.00016608   0.00000000    -0.00001103   0.00000000     0.00010213   0.00000000
   20    1
 -0.00242421   0.00000000    -0.00156703   0.00000000    -0.00078002   0.00000000
 -0.00063185   0.00000000    -0.00231922   0.00000000     0.00067980   0.00000000
  0.00088967   0.00000000    -0.00284609   0.00000000     0.00259369   0.00000000
   20    2
 -0.00345812   0.00000000     0.00238436   0.00000000     0.00194565   0.00000000
  0.00054512   0.00000000     0.00088999   0.00000000    -0.00043815   0.00000000
  0.00078543   0.00000000     0.00039587   0.00000000    -0.00328469   0.00000000
   20    3
 -0.06444343   0.00000000     0.04083270   0.00000000    -0.05808872   0.00000000
  0.04085971   0.00000000    -0.12847442   0.00000000     0.12528938   0.00000000
 -0.05803139   0.00000000     0.12551674   0.00000000    -0.25763193   0.00000000
   20    4
 -0.00105918   0.00000000     0.00028539   0.00000000    -0.00036723   0.00000000
  0.00028867   0.00000000    -0.00083288   0.00000000     0.00020135   0.00000000
 -0.00027948   0.00000000    -0.00015298   0.00000000    -0.00057942   0.00000000
   20    5
 -0.00078660   0.00000000     0.00071169   0.00000000    -0.00006513   0.00000000
 -0.00017275   0.00000000    -0.00046168   0.00000000     0.00022439   0.00000000
 -0.00071615   0.00000000     0.00046560   0.00000000    -0.00076611   0.00000000
   20    6
 -0.00016951   0.00000000     0.00034639   0.00000000    -0.00025026   0.00000000
  0.00056480   0.00000000    -0.00068184   0.00000000     0.00017452   0.00000000
 -0.00047639   0.00000000     0.00082185   0.00000000    -0.00061128   0.00000000
   20    7
 -0.00819134   0.00000000     0.01931771   0.00000000    -0.03005979   0.00000000
  0.00072000   0.00000000    -0.00320100   0.00000000     0.00353968   0.00000000
 -0.00057197   0.00000000    -0.00064031   0.00000000     0.00018604   0.00000000
   20    8
 -0.00013600   0.00000000     0.00016462   0.00000000    -0.00014210   0.00000000
  0.00088144   0.00000000    -0.00028836   0.00000000     0.00020429   0.00000000
 -0.00016030   0.00000000     0.00015554   0.00000000    -0.00004084   0.00000000
   20    9
 -0.00142726   0.00000000    -0.00031142   0.00000000    -0.00046174   0.00000000
  0.00030691   0.00000000     0.00025905   0.00000000    -0.00029483   0.00000000
 -0.00061056   0.00000000    -0.00005575   0.00000000    -0.00018062   0.00000000
   20   10
 -0.00000174   0.00000000     0.00028143   0.00000000     0.00007519   0.00000000
 -0.00014684   0.00000000    -0.00051541   0.00000000     0.00008595   0.00000000
 -0.00009317   0.00000000     0.00023495   0.00000000    -0.00004664   0.00000000
   20   11
  0.00419778   0.00000000    -0.00836282   0.00000000     0.01452362   0.00000000
  0.01033087   0.00000000    -0.01650850   0.00000000     0.02623833   0.00000000
  0.00080556   0.00000000    -0.00014206   0.00000000    -0.00009454   0.00000000
   20   12
  0.00028952   0.00000000     0.00065779   0.00000000    -0.00003501   0.00000000
 -0.00014774   0.00000000    -0.00043855   0.00000000     0.00008881   0.00000000
  0.00006345   0.00000000     0.00023196   0.00000000     0.00016935   0.00000000
   20   13
 -0.00038997   0.00000000    -0.00039297   0.00000000     0.00008081   0.00000000
  0.00039660   0.00000000     0.00019112   0.00000000     0.00014952   0.00000000
 -0.00014689   0.00000000    -0.00000020   0.00000000    -0.00015362   0.00000000
   20   14
 -0.00013812   0.00000000     0.00012634   0.00000000     0.00017270   0.00000000
  0.00021618   0.00000000    -0.00081627   0.00000000     0.00033763   0.00000000
 -0.00010599   0.00000000     0.00033291   0.00000000    -0.00008794   0.00000000
   20   15
  0.00176335   0.00000000    -0.00666573   0.00000000     0.00780597   0.00000000
 -0.00658000   0.00000000     0.01193770   0.00000000    -0.01615248   0.00000000
 -0.00787907   0.00000000     0.01614603   0.00000000    -0.02299659   0.00000000
   20   16
 -0.00028034   0.00000000     0.00050982   0.00000000    -0.00005363   0.00000000
  0.00052818   0.00000000    -0.00054835   0.00000000     0.00002624   0.00000000
 -0.00008058   0.00000000     0.00001107   0.00000000    -0.00013169   0.00000000
   20   17
 -0.00016267   0.00000000    -0.00037198   0.00000000    -0.00031468   0.00000000
  0.00038495   0.00000000     0.00018941   0.00000000     0.00027184   0.00000000
 -0.00034029   0.00000000    -0.00019051   0.00000000    -0.00014986   0.00000000
   20   18
  0.00004901   0.00000000     0.00010884   0.00000000    -0.00003372   0.00000000
 -0.00013973   0.00000000    -0.00037828   0.00000000     0.00034054   0.00000000
  0.00008123   0.00000000     0.00032686   0.00000000    -0.00013169   0.00000000
   20   19
 -0.00014374   0.00000000     0.00059196   0.00000000     0.00012747   0.00000000
  0.00059196   0.00000000    -0.00047331   0.00000000    -0.00004643   0.00000000
 -0.00012747   0.00000000     0.00004643   0.00000000     0.00017201   0.00000000
   20   20
  0.07645839   0.00000000    -0.04844545   0.00000000     0.06585437   0.00000000
 -0.04844545   0.00000000     0.14249980   0.00000000    -0.14045580   0.00000000
  0.06585437   0.00000000    -0.14045580   0.00000000     0.28351228   0.00000000
   20   21
  0.00007361   0.00000000     0.00015190   0.00000000     0.00016608   0.00000000
 -0.00015190   0.00000000    -0.00013038   0.00000000    -0.00001103   0.00000000
  0.00016608   0.00000000     0.00001103   0.00000000     0.00010213   0.00000000
   20   22
 -0.00005196   0.00000000    -0.00019186   0.00000000    -0.00009365   0.00000000
  0.00019186   0.00000000     0.00020310   0.00000000    -0.00014535   0.00000000
  0.00009365   0.00000000    -0.00014535   0.00000000     0.00011212   0.00000000
   21    1
 -0.00345812   0.00000000    -0.00238436   0.00000000     0.00194565   0.00000000
 -0.00054512   0.00000000     0.00088999   0.00000000     0.00043815   0.00000000
  0.00078543   0.00000000    -0.00039587   0.00000000    -0.00328469   0.00000000
   21    2
 -0.00242421   0.00000000     0.00156703   0.00000000    -0.00078002   0.00000000
  0.00063185   0.00000000    -0.00231922   0.00000000    -0.00067980   0.00000000
  0.00088967   0.00000000     0.00284609   0.00000000     0.00259369   0.00000000
   21    3
 -0.00016951   0.00000000    -0.00034639   0.00000000    -0.00025026   0.00000000
 -0.00056480   0.00000000    -0.00068184   0.00000000    -0.00017452   0.00000000
 -0.00047639   0.00000000    -0.00082185   0.00000000    -0.00061128   0.00000000
   21    4
 -0.00078660   0.00000000    -0.00071169   0.00000000    -0.00006513   0.00000000
  0.00017275   0.00000000    -0.00046168   0.00000000    -0.00022439   0.00000000
 -0.00071615   0.00000000    -0.00046560   0.00000000    -0.00076611   0.00000000
   21    5
 -0.00105918   0.00000000    -0.00028539   0.00000000    -0.00036723   0.00000000
 -0.00028867   0.00000000    -0.00083288   0.00000000    -0.00020135   0.00000000
 -0.00027948   0.00000000     0.00015298   0.00000000    -0.00057942   0.00000000
   21    6
 -0.06444343   0.00000000    -0.04083270   0.00000000    -0.05808872   0.00000000
 -0.04085971   0.00000000    -0.12847442   0.00000000    -0.12528938   0.00000000
 -0.05803139   0.00000000    -0.12551674   0.00000000    -0.25763193   0.00000000
   21    7
 -0.00000174   0.00000000    -0.00028143   0.00000000     0.00007519   0.00000000
  0.00014684   0.00000000    -0.00051541   0.00000000    -0.00008595   0.00000000
 -0.00009317   0.00000000    -0.00023495   0.00000000    -0.00004664   0.00000000
   21    8
 -0.00142726   0.00000000     0.00031142   0.00000000    -0.00046174   0.00000000
 -0.00030691   0.00000000     0.00025905   0.00000000     0.00029483   0.00000000
 -0.00061056   0.00000000     0.00005575   0.00000000    -0.00018062   0.00000000
   21    9
 -0.00013600   0.00000000    -0.00016462   0.00000000    -0.00014210   0.00000000
 -0.00088144   0.00000000    -0.00028836   0.00000000    -0.00020429   0.00000000
 -0.00016030   0.00000000    -0.00015554   0.00000000    -0.00004084   0.00000000
   21   10
 -0.00819134   0.00000000    -0.01931771   0.00000000    -0.03005979   0.00000000
 -0.00072000   0.00000000    -0.00320100   0.00000000    -0.00353968   0.00000000
 -0.00057197   0.00000000     0.00064031   0.00000000     0.00018604   0.00000000
   21   11
 -0.00013812   0.00000000    -0.00012634   0.00000000     0.00017270   0.00000000
 -0.00021618   0.00000000    -0.00081627   0.00000000    -0.00033763   0.00000000
 -0.00010599   0.00000000    -0.00033291   0.00000000    -0.00008794   0.00000000
   21   12
 -0.00038997   0.00000000     0.00039297   0.00000000     0.00008081   0.00000000
 -0.00039660   0.00000000     0.00019112   0.00000000    -0.00014952   0.00000000
 -0.00014689   0.00000000     0.00000020   0.00000000    -0.00015362   0.00000000
   21   13
  0.00028952   0.00000000    -0.00065779   0.00000000    -0.00003501   0.00000000
  0.00014774   0.00000000    -0.00043855   0.00000000    -0.00008881   0.00000000
  0.00006345   0.00000000    -0.00023196   0.00000000     0.00016935   0.00000000
   21   14
  0.00419778   0.00000000     0.00836282   0.00000000     0.01452362   0.00000000
 -0.01033087   0.00000000    -0.01650850   0.00000000    -0.02623833   0.00000000
  0.00080556   0.00000000     0.00014206   0.00000000    -0.00009454   0.00000000
   21   15
  0.00004901   0.00000000    -0.00010884   0.00000000    -0.00003372   0.00000000
  0.00013973   0.00000000    -0.00037828   0.00000000    -0.00034054   0.00000000
  0.00008123   0.00000000    -0.00032686   0.00000000    -0.00013169   0.00000000
   21   16
 -0.00016267   0.00000000     0.00037198   0.00000000    -0.00031468   0.00000000
 -0.00038495   0.00000000     0.00018941   0.00000000    -0.00027184   0.00000000
 -0.00034029   0.00000000     0.00019051   0.00000000    -0.00014986   0.00000000
   21   17
 -0.00028034   0.00000000    -0.00050982   0.00000000    -0.00005363   0.00000000
 -0.00052818   0.00000000    -0.00054835   0.00000000    -0.00002624   0.00000000
 -0.00008058   0.00000000    -0.00001107   0.00000000    -0.00013169   0.00000000
   21   18
  0.00176335   0.00000000     0.00666573   0.00000000     0.00780597   0.00000000
  0.00658000   0.00000000     0.01193770   0.00000000     0.01615248   0.00000000
 -0.00787907   0.00000000    -0.01614603   0.00000000    -0.02299659   0.00000000
   21   19
 -0.00005196   0.00000000     0.00019186   0.00000000    -0.00009365   0.00000000
 -0.00019186   0.00000000     0.00020310   0.00000000     0.00014535   0.00000000
  0.00009365   0.00000000     0.00014535   0.00000000     0.00011212   0.00000000
   21   20
  0.00007361   0.00000000    -0.00015190   0.00000000     0.00016608   0.00000000
  0.00015190   0.00000000    -0.00013038   0.00000000     0.00001103   0.00000000
  0.00016608   0.00000000    -0.00001103   0.00000000     0.00010213   0.00000000
   21   21
  0.07645839   0.00000000     0.04844545   0.00000000     0.06585437   0.00000000
  0.04844545   0.00000000     0.14249980   0.00000000     0.14045580   0.00000000
  0.06585437   0.00000000     0.14045580   0.00000000     0.28351228   0.00000000
   21   22
 -0.00014374   0.00000000    -0.00059196   0.00000000     0.00012747   0.00000000
 -0.00059196   0.00000000    -0.00047331   0.00000000     0.00004643   0.00000000
 -0.00012747   0.00000000    -0.00004643   0.00000000     0.00017201   0.00000000
   22    1
 -0.00345812   0.00000000    -0.00238436   0.00000000    -0.00194565   0.00000000
 -0.00054512   0.00000000     0.00088999   0.00000000    -0.00043815   0.00000000
 -0.00078543   0.00000000     0.00039587   0.00000000    -0.00328469   0.00000000
   22    2
 -0.00242421   0.00000000     0.00156703   0.00000000     0.00078002   0.00000000
  0.00063185   0.00000000    -0.00231922   0.00000000     0.00067980   0.00000000
 -0.00088967   0.00000000    -0.00284609   0.00000000     0.00259369   0.00000000
   22    3
 -0.00078660   0.00000000    -0.00071169   0.00000000     0.00006513   0.00000000
  0.00017275   0.00000000    -0.00046168   0.00000000     0.00022439   0.00000000
  0.00071615   0.00000000     0.00046560   0.00000000    -0.00076611   0.00000000
   22    4
 -0.00016951   0.00000000    -0.00034639   0.00000000     0.00025026   0.00000000
 -0.00056480   0.00000000    -0.00068184   0.00000000     0.00017452   0.00000000
  0.00047639   0.00000000     0.00082185   0.00000000    -0.00061128   0.00000000
   22    5
 -0.06444343   0.00000000    -0.04083270   0.00000000     0.05808872   0.00000000
 -0.04085971   0.00000000    -0.12847442   0.00000000     0.12528938   0.00000000
  0.05803139   0.00000000     0.12551674   0.00000000    -0.25763193   0.00000000
   22    6
 -0.00105918   0.00000000    -0.00028539   0.00000000     0.00036723   0.00000000
 -0.00028867   0.00000000    -0.00083288   0.00000000     0.00020135   0.00000000
  0.00027948   0.00000000    -0.00015298   0.00000000    -0.00057942   0.00000000
   22    7
 -0.00142726   0.00000000     0.00031142   0.00000000     0.00046174   0.00000000
 -0.00030691   0.00000000     0.00025905   0.00000000    -0.00029483   0.00000000
  0.00061056   0.00000000    -0.00005575   0.00000000    -0.00018062   0.00000000
   22    8
 -0.00000174   0.00000000    -0.00028143   0.00000000    -0.00007519   0.00000000
  0.00014684   0.00000000    -0.00051541   0.00000000     0.00008595   0.00000000
  0.00009317   0.00000000     0.00023495   0.00000000    -0.00004664   0.00000000
   22    9
 -0.00819134   0.00000000    -0.01931771   0.00000000     0.03005979   0.00000000
 -0.00072000   0.00000000    -0.00320100   0.00000000     0.00353968   0.00000000
  0.00057197   0.00000000    -0.00064031   0.00000000     0.00018604   0.00000000
   22   10
 -0.00013600   0.00000000    -0.00016462   0.00000000     0.00014210   0.00000000
 -0.00088144   0.00000000    -0.00028836   0.00000000     0.00020429   0.00000000
  0.00016030   0.00000000     0.00015554   0.00000000    -0.00004084   0.00000000
   22   11
 -0.00038997   0.00000000     0.00039297   0.00000000    -0.00008081   0.00000000
 -0.00039660   0.00000000     0.00019112   0.00000000     0.00014952   0.00000000
  0.00014689   0.00000000    -0.00000020   0.00000000    -0.00015362   0.00000000
   22   12
 -0.00013812   0.00000000    -0.00012634   0.00000000    -0.00017270   0.00000000
 -0.00021618   0.00000000    -0.00081627   0.00000000     0.00033763   0.00000000
  0.00010599   0.00000000     0.00033291   0.00000000    -0.00008794   0.00000000
   22   13
  0.00419778   0.00000000     0.00836282   0.00000000    -0.01452362   0.00000000
 -0.01033087   0.00000000    -0.01650850   0.00000000     0.02623833   0.00000000
 -0.00080556   0.00000000    -0.00014206   0.00000000    -0.00009454   0.00000000
   22   14
  0.00028952   0.00000000    -0.00065779   0.00000000     0.00003501   0.00000000
  0.00014774   0.00000000    -0.00043855   0.00000000     0.00008881   0.00000000
 -0.00006345   0.00000000     0.00023196   0.00000000     0.00016935   0.00000000
   22   15
 -0.00016267   0.00000000     0.00037198   0.00000000     0.00031468   0.00000000
 -0.00038495   0.00000000     0.00018941   0.00000000     0.00027184   0.00000000
  0.00034029   0.00000000    -0.00019051   0.00000000    -0.00014986   0.00000000
   22   16
  0.00004901   0.00000000    -0.00010884   0.00000000     0.00003372   0.00000000
  0.00013973   0.00000000    -0.00037828   0.00000000     0.00034054   0.00000000
 -0.00008123   0.00000000     0.00032686   0.00000000    -0.00013169   0.00000000
   22   17
  0.00176335   0.00000000     0.00666573   0.00000000    -0.00780597   0.00000000
  0.00658000   0.00000000     0.01193770   0.00000000    -0.01615248   0.00000000
  0.00787907   0.00000000     0.01614603   0.00000000    -0.02299659   0.00000000
   22   18
 -0.00028034   0.00000000    -0.00050982   0.00000000     0.00005363   0.00000000
 -0.00052818   0.00000000    -0.00054835   0.00000000     0.00002624   0.00000000
  0.00008058   0.00000000     0.00001107   0.00000000    -0.00013169   0.00000000
   22   19
  0.00007361   0.00000000    -0.00015190   0.00000000    -0.00016608   0.00000000
  0.00015190   0.00000000    -0.00013038   0.00000000    -0.00001103   0.00000000
 -0.00016608   0.00000000     0.00001103   0.00000000     0.00010213   0.00000000
   22   20
 -0.00005196   0.00000000     0.00019186   0.00000000     0.00009365   0.00000000
 -0.00019186   0.00000000     0.00020310   0.00000000    -0.00014535   0.00000000
 -0.00009365   0.00000000    -0.00014535   0.00000000     0.00011212   0.00000000
   22   21
 -0.00014374   0.00000000    -0.00059196   0.00000000    -0.00012747   0.00000000
 -0.00059196   0.00000000    -0.00047331   0.00000000    -0.00004643   0.00000000
  0.00012747   0.00000000     0.00004643   0.00000000     0.00017201   0.00000000
   22   22
  0.07645839   0.00000000     0.04844545   0.00000000    -0.06585437   0.00000000
  0.04844545   0.00000000     0.14249980   0.00000000    -0.14045580   0.00000000
 -0.06585437   0.00000000    -0.14045580   0.00000000     0.28351228   0.00000000

     Dielectric Tensor:

          2.876081659973          0.000000000000          0.000000000000
          0.000000000000          2.910799133864          0.000000000000
          0.000000000000          0.000000000000          3.114835627986

     Effective Charges E-U: Z_{alpha}{s,beta}

     atom #    1
          2.400187065079         -0.070228907898          0.000000000000
          0.240426824768          2.409588499134          0.000000000000
          0.000000000000          0.000000000000          2.991158983710
     atom #    2
          2.400187065079          0.070228907898          0.000000000000
         -0.240426824768          2.409588499134          0.000000000000
          0.000000000000          0.000000000000          2.991158983710
     atom #    3
         -0.109260544211          0.007868561424          0.000001083424
          0.152174126429          0.020347638719         -0.000000305880
          0.000021588663          0.000000237597         -0.183128142122
     atom #    4
         -0.109260544211          0.007868561424         -0.000001083424
          0.152174126429          0.020347638719          0.000000305880
         -0.000021588663         -0.000000237597         -0.183128142122
     atom #    5
         -0.109260544211         -0.007868561424         -0.000001083424
         -0.152174126429          0.020347638719         -0.000000305880
         -0.000021588663          0.000000237597         -0.183128142122
     atom #    6
         -0.109260544211         -0.007868561424          0.000001083424
         -0.152174126429          0.020347638719          0.000000305880
          0.000021588663         -0.000000237597         -0.183128142122
     atom #    7
         -0.455417520693          0.125930097971         -0.000027470086
          0.133856481096         -0.229195911377          0.000014765710
         -0.000023103289          0.000014857970         -0.256069192013
     atom #    8
         -0.455417520693          0.125930097971          0.000027470086
          0.133856481096         -0.229195911377         -0.000014765710
          0.000023103289         -0.000014857970         -0.256069192013
     atom #    9
         -0.455417520693         -0.125930097971          0.000027470086
         -0.133856481096         -0.229195911377          0.000014765710
          0.000023103289          0.000014857970         -0.256069192013
     atom #   10
         -0.455417520693         -0.125930097971         -0.000027470086
         -0.133856481096         -0.229195911377         -0.000014765710
         -0.000023103289         -0.000014857970         -0.256069192013
     atom #   11
         -0.208046319790          0.012219358349          0.000002505579
         -0.084256490444         -0.460570311728          0.000008861374
         -0.000001241085         -0.000000526119         -0.262138948119
     atom #   12
         -0.208046319790          0.012219358349         -0.000002505579
         -0.084256490444         -0.460570311728         -0.000008861374
          0.000001241085          0.000000526119         -0.262138948119
     atom #   13
         -0.208046319790         -0.012219358349         -0.000002505579
          0.084256490444         -0.460570311728          0.000008861374
          0.000001241085         -0.000000526119         -0.262138948119
     atom #   14
         -0.208046319790         -0.012219358349          0.000002505579
          0.084256490444         -0.460570311728         -0.000008861374
         -0.000001241085          0.000000526119         -0.262138948119
     atom #   15
         -0.213720200283          0.166561003974          0.081523272860
          0.127192644563         -0.266848961231         -0.100229303496
          0.046619612781         -0.107889758022         -0.396970333977
     atom #   16
         -0.213720200283          0.166561003974         -0.081523272860
          0.127192644563         -0.266848961231          0.100229303496
         -0.046619612781          0.107889758022         -0.396970333977
     atom #   17
         -0.213720200283         -0.166561003974         -0.081523272860
         -0.127192644563         -0.266848961231         -0.100229303496
         -0.046619612781         -0.107889758022         -0.396970333977
     atom #   18
         -0.213720200283         -0.166561003974          0.081523272860
         -0.127192644563         -0.266848961231          0.100229303496
          0.046619612781          0.107889758022         -0.396970333977
     atom #   19
         -0.213705327264          0.166532939675          0.081484388069
          0.127168115044         -0.266823364972         -0.100196971678
          0.046595541350         -0.107864752321         -0.396951949651
     atom #   20
         -0.213705327264          0.166532939675         -0.081484388069
          0.127168115044         -0.266823364972          0.100196971678
         -0.046595541350          0.107864752321         -0.396951949651
     atom #   21
         -0.213705327264         -0.166532939675         -0.081484388069
         -0.127168115044         -0.266823364972         -0.100196971678
         -0.046595541350         -0.107864752321         -0.396951949651
     atom #   22
         -0.213705327264         -0.166532939675          0.081484388069
         -0.127168115044         -0.266823364972          0.100196971678
          0.046595541350          0.107864752321         -0.396951949651

     Effective Charges U-E: Z_{s,alpha}{beta}

     atom #    1
      0.240197022715E+01      0.236078123075E+00      0.000000000000E+00
     -0.695398285463E-01      0.240800620223E+01      0.000000000000E+00
      0.000000000000E+00      0.000000000000E+00      0.299059422184E+01
     atom #    2
      0.240197022715E+01     -0.236078123075E+00      0.000000000000E+00
      0.695398285463E-01      0.240800620223E+01      0.000000000000E+00
      0.000000000000E+00      0.000000000000E+00      0.299059422184E+01
     atom #    3
     -0.109327807156E+00      0.151149197890E+00     -0.294964603799E-03
      0.815349595327E-02      0.202882181892E-01     -0.172558331375E-05
      0.561791718050E-03      0.292123285055E-03     -0.183280537971E+00
     atom #    4
     -0.109327807156E+00      0.151149197890E+00      0.294964603799E-03
      0.815349595327E-02      0.202882181892E-01      0.172558331375E-05
     -0.561791718050E-03     -0.292123285055E-03     -0.183280537971E+00
     atom #    5
     -0.109327807156E+00     -0.151149197890E+00      0.294964603799E-03
     -0.815349595327E-02      0.202882181892E-01     -0.172558331375E-05
     -0.561791718050E-03      0.292123285055E-03     -0.183280537971E+00
     atom #    6
     -0.109327807156E+00     -0.151149197890E+00     -0.294964603799E-03
     -0.815349595327E-02      0.202882181892E-01      0.172558331375E-05
      0.561791718050E-03     -0.292123285055E-03     -0.183280537971E+00
     atom #    7
     -0.455947021004E+00      0.134325552058E+00      0.153333241810E-04
      0.125880608020E+00     -0.229631197739E+00      0.373354976340E-04
     -0.287823932041E-03     -0.109748507862E-04     -0.256312093396E+00
     atom #    8
     -0.455947021004E+00      0.134325552058E+00     -0.153333241810E-04
      0.125880608020E+00     -0.229631197739E+00     -0.373354976340E-04
      0.287823932041E-03      0.109748507862E-04     -0.256312093396E+00
     atom #    9
     -0.455947021004E+00     -0.134325552058E+00     -0.153333241810E-04
     -0.125880608020E+00     -0.229631197739E+00      0.373354976340E-04
      0.287823932041E-03     -0.109748507862E-04     -0.256312093396E+00
     atom #   10
     -0.455947021004E+00     -0.134325552058E+00      0.153333241810E-04
     -0.125880608020E+00     -0.229631197739E+00     -0.373354976340E-04
     -0.287823932041E-03      0.109748507862E-04     -0.256312093396E+00
     atom #   11
     -0.208183784020E+00     -0.840684569123E-01     -0.255968113944E-03
      0.121110230664E-01     -0.462187542498E+00      0.143452060787E-03
      0.974177060207E-04      0.129323677351E-03     -0.264049307723E+00
     atom #   12
     -0.208183784020E+00     -0.840684569123E-01      0.255968113944E-03
      0.121110230664E-01     -0.462187542498E+00     -0.143452060787E-03
     -0.974177060207E-04     -0.129323677351E-03     -0.264049307723E+00
     atom #   13
     -0.208183784020E+00      0.840684569123E-01      0.255968113944E-03
     -0.121110230664E-01     -0.462187542498E+00      0.143452060787E-03
     -0.974177060207E-04      0.129323677351E-03     -0.264049307723E+00
     atom #   14
     -0.208183784020E+00      0.840684569123E-01     -0.255968113944E-03
     -0.121110230664E-01     -0.462187542498E+00     -0.143452060787E-03
      0.974177060207E-04     -0.129323677351E-03     -0.264049307723E+00
     atom #   15
     -0.213732890795E+00      0.126677475483E+00      0.466951961884E-01
      0.166642581077E+00     -0.266835183058E+00     -0.107963039767E+00
      0.814243429207E-01     -0.996259297947E-01     -0.397189510503E+00
     atom #   16
     -0.213732890795E+00      0.126677475483E+00     -0.466951961884E-01
      0.166642581077E+00     -0.266835183058E+00      0.107963039767E+00
     -0.814243429207E-01      0.996259297947E-01     -0.397189510503E+00
     atom #   17
     -0.213732890795E+00     -0.126677475483E+00     -0.466951961884E-01
     -0.166642581077E+00     -0.266835183058E+00     -0.107963039767E+00
     -0.814243429207E-01     -0.996259297947E-01     -0.397189510503E+00
     atom #   18
     -0.213732890795E+00     -0.126677475483E+00      0.466951961884E-01
     -0.166642581077E+00     -0.266835183058E+00      0.107963039767E+00
      0.814243429207E-01      0.996259297947E-01     -0.397189510503E+00
     atom #   19
     -0.214983667010E+00      0.126806884772E+00      0.466228156620E-01
      0.167122763755E+00     -0.266717385176E+00     -0.107901586443E+00
      0.827283564120E-01     -0.993312795113E-01     -0.397122538456E+00
     atom #   20
     -0.214983667010E+00      0.126806884772E+00     -0.466228156620E-01
      0.167122763755E+00     -0.266717385176E+00      0.107901586443E+00
     -0.827283564120E-01      0.993312795113E-01     -0.397122538456E+00
     atom #   21
     -0.214983667010E+00     -0.126806884772E+00     -0.466228156620E-01
     -0.167122763755E+00     -0.266717385176E+00     -0.107901586443E+00
     -0.827283564120E-01     -0.993312795113E-01     -0.397122538456E+00
     atom #   22
     -0.214983667010E+00     -0.126806884772E+00      0.466228156620E-01
     -0.167122763755E+00     -0.266717385176E+00      0.107901586443E+00
      0.827283564120E-01      0.993312795113E-01     -0.397122538456E+00

     Diagonalizing the dynamical matrix

     q = (    0.000000000   0.000000000   0.000000000 ) 

 **************************************************************************
     freq (    1) =      -0.614523 [THz] =     -20.498285 [cm-1]
 (  0.000000  0.000000  0.000000  0.000000  0.213730  0.000000 ) 
 (  0.000000  0.000000  0.000000  0.000000  0.213730  0.000000 ) 
 (  0.000441  0.000000 -0.000855  0.000000  0.212797  0.000000 ) 
 ( -0.000441  0.000000  0.000855  0.000000  0.212797  0.000000 ) 
 ( -0.000441  0.000000 -0.000855  0.000000  0.212797  0.000000 ) 
 (  0.000441  0.000000  0.000855  0.000000  0.212797  0.000000 ) 
 (  0.000659  0.000000  0.001710  0.000000  0.208116  0.000000 ) 
 ( -0.000659  0.000000 -0.001710  0.000000  0.208116  0.000000 ) 
 ( -0.000659  0.000000  0.001710  0.000000  0.208116  0.000000 ) 
 (  0.000659  0.000000 -0.001710  0.000000  0.208116  0.000000 ) 
 (  0.002965  0.000000 -0.002053  0.000000  0.228877  0.000000 ) 
 ( -0.002965  0.000000  0.002053  0.000000  0.228877  0.000000 ) 
 ( -0.002965  0.000000 -0.002053  0.000000  0.228877  0.000000 ) 
 (  0.002965  0.000000  0.002053  0.000000  0.228877  0.000000 ) 
 (  0.005356  0.000000  0.010739  0.000000  0.207037  0.000000 ) 
 ( -0.005356  0.000000 -0.010739  0.000000  0.207037  0.000000 ) 
 ( -0.005356  0.000000  0.010739  0.000000  0.207037  0.000000 ) 
 (  0.005356  0.000000 -0.010739  0.000000  0.207037  0.000000 ) 
 (  0.007706  0.000000  0.014193  0.000000  0.207108  0.000000 ) 
 ( -0.007706  0.000000 -0.014193  0.000000  0.207108  0.000000 ) 
 ( -0.007706  0.000000  0.014193  0.000000  0.207108  0.000000 ) 
 (  0.007706  0.000000 -0.014193  0.000000  0.207108  0.000000 ) 
     freq (    2) =      -0.472018 [THz] =     -15.744811 [cm-1]
 ( -0.000675  0.000000  0.214290  0.000000 -0.000000  0.000000 ) 
 (  0.000675  0.000000  0.214290  0.000000 -0.000000  0.000000 ) 
 ( -0.001463  0.000000  0.212889  0.000000 -0.001342  0.000000 ) 
 ( -0.001463  0.000000  0.212889  0.000000  0.001342  0.000000 ) 
 (  0.001463  0.000000  0.212889  0.000000 -0.001342  0.000000 ) 
 (  0.001463  0.000000  0.212889  0.000000  0.001342  0.000000 ) 
 ( -0.001905  0.000000  0.208817  0.000000 -0.001575  0.000000 ) 
 ( -0.001905  0.000000  0.208817  0.000000  0.001575  0.000000 ) 
 (  0.001905  0.000000  0.208817  0.000000 -0.001575  0.000000 ) 
 (  0.001905  0.000000  0.208817  0.000000  0.001575  0.000000 ) 
 ( -0.006210  0.000000  0.215428  0.000000 -0.001294  0.000000 ) 
 ( -0.006210  0.000000  0.215428  0.000000  0.001294  0.000000 ) 
 (  0.006210  0.000000  0.215428  0.000000 -0.001294  0.000000 ) 
 (  0.006210  0.000000  0.215428  0.000000  0.001294  0.000000 ) 
 (  0.001164  0.000000  0.214239  0.000000 -0.001304  0.000000 ) 
 (  0.001164  0.000000  0.214239  0.000000  0.001304  0.000000 ) 
 ( -0.001164  0.000000  0.214239  0.000000 -0.001304  0.000000 ) 
 ( -0.001164  0.000000  0.214239  0.000000  0.001304  0.000000 ) 
 (  0.000399  0.000000  0.213895  0.000000  0.001281  0.000000 ) 
 (  0.000399  0.000000  0.213895  0.000000 -0.001281  0.000000 ) 
 ( -0.000399  0.000000  0.213895  0.000000  0.001281  0.000000 ) 
 ( -0.000399  0.000000  0.213895  0.000000 -0.001281  0.000000 ) 
     freq (    3) =      -0.217894 [THz] =      -7.268148 [cm-1]
 ( -0.207960  0.000000 -0.008124  0.000000  0.000000  0.000000 ) 
 ( -0.207960  0.000000  0.008124  0.000000  0.000000  0.000000 ) 
 ( -0.213465  0.000000 -0.008843  0.000000  0.000202  0.000000 ) 
 ( -0.213465  0.000000 -0.008843  0.000000 -0.000202  0.000000 ) 
 ( -0.213465  0.000000  0.008843  0.000000 -0.000202  0.000000 ) 
 ( -0.213465  0.000000  0.008843  0.000000  0.000202  0.000000 ) 
 ( -0.212720  0.000000 -0.003549  0.000000 -0.004261  0.000000 ) 
 ( -0.212720  0.000000 -0.003549  0.000000  0.004261  0.000000 ) 
 ( -0.212720  0.000000  0.003549  0.000000  0.004261  0.000000 ) 
 ( -0.212720  0.000000  0.003549  0.000000 -0.004261  0.000000 ) 
 ( -0.208211  0.000000 -0.011537  0.000000  0.006132  0.000000 ) 
 ( -0.208211  0.000000 -0.011537  0.000000 -0.006132  0.000000 ) 
 ( -0.208211  0.000000  0.011537  0.000000 -0.006132  0.000000 ) 
 ( -0.208211  0.000000  0.011537  0.000000  0.006132  0.000000 ) 
 ( -0.211656  0.000000 -0.006416  0.000000 -0.000684  0.000000 ) 
 ( -0.211656  0.000000 -0.006416  0.000000  0.000684  0.000000 ) 
 ( -0.211656  0.000000  0.006416  0.000000  0.000684  0.000000 ) 
 ( -0.211656  0.000000  0.006416  0.000000 -0.000684  0.000000 ) 
 ( -0.221013  0.000000 -0.014319  0.000000  0.001721  0.000000 ) 
 ( -0.221013  0.000000 -0.014319  0.000000 -0.001721  0.000000 ) 
 ( -0.221013  0.000000  0.014319  0.000000 -0.001721  0.000000 ) 
 ( -0.221013  0.000000  0.014319  0.000000  0.001721  0.000000 ) 
     freq (    4) =       1.841649 [THz] =      61.430782 [cm-1]
 ( -0.000000  0.000000 -0.000000  0.000000  0.389749  0.000000 ) 
 (  0.000000  0.000000  0.000000  0.000000 -0.389749  0.000000 ) 
 ( -0.008914  0.000000 -0.011228  0.000000  0.168063  0.000000 ) 
 (  0.008914  0.000000  0.011228  0.000000  0.168063  0.000000 ) 
 ( -0.008914  0.000000  0.011228  0.000000 -0.168063  0.000000 ) 
 (  0.008914  0.000000 -0.011228  0.000000 -0.168063  0.000000 ) 
 ( -0.007253  0.000000  0.001879  0.000000  0.239364  0.000000 ) 
 (  0.007253  0.000000 -0.001879  0.000000  0.239364  0.000000 ) 
 ( -0.007253  0.000000 -0.001879  0.000000 -0.239364  0.000000 ) 
 (  0.007253  0.000000  0.001879  0.000000 -0.239364  0.000000 ) 
 (  0.003684  0.000000 -0.017497  0.000000  0.215146  0.000000 ) 
 ( -0.003684  0.000000  0.017497  0.000000  0.215146  0.000000 ) 
 (  0.003684  0.000000  0.017497  0.000000 -0.215146  0.000000 ) 
 ( -0.003684  0.000000 -0.017497  0.000000 -0.215146  0.000000 ) 
 ( -0.084082  0.000000  0.082144  0.000000  0.078862  0.000000 ) 
 (  0.084082  0.000000 -0.082144  0.000000  0.078862  0.000000 ) 
 ( -0.084082  0.000000 -0.082144  0.000000 -0.078862  0.000000 ) 
 (  0.084082  0.000000  0.082144  0.000000 -0.078862  0.000000 ) 
 ( -0.051629  0.000000  0.113565  0.000000  0.077711  0.000000 ) 
 (  0.051629  0.000000 -0.113565  0.000000  0.077711  0.000000 ) 
 ( -0.051629  0.000000 -0.113565  0.000000 -0.077711  0.000000 ) 
 (  0.051629  0.000000  0.113565  0.000000 -0.077711  0.000000 ) 
     freq (    5) =       1.963047 [THz] =      65.480211 [cm-1]
 ( -0.222145  0.000000 -0.024783  0.000000 -0.000000  0.000000 ) 
 (  0.222145  0.000000 -0.024783  0.000000  0.000000  0.000000 ) 
 (  0.015288  0.000000  0.110271  0.000000  0.000856  0.000000 ) 
 (  0.015288  0.000000  0.110271  0.000000 -0.000856  0.000000 ) 
 ( -0.015288  0.000000  0.110271  0.000000  0.000856  0.000000 ) 
 ( -0.015288  0.000000  0.110271  0.000000 -0.000856  0.000000 ) 
 ( -0.024846  0.000000 -0.121709  0.000000  0.003400  0.000000 ) 
 ( -0.024846  0.000000 -0.121709  0.000000 -0.003400  0.000000 ) 
 (  0.024846  0.000000 -0.121709  0.000000  0.003400  0.000000 ) 
 (  0.024846  0.000000 -0.121709  0.000000 -0.003400  0.000000 ) 
 ( -0.209430  0.000000  0.225138  0.000000 -0.005532  0.000000 ) 
 ( -0.209430  0.000000  0.225138  0.000000  0.005532  0.000000 ) 
 (  0.209430  0.000000  0.225138  0.000000 -0.005532  0.000000 ) 
 (  0.209430  0.000000  0.225138  0.000000  0.005532  0.000000 ) 
 (  0.138774  0.000000  0.170707  0.000000  0.001240  0.000000 ) 
 (  0.138774  0.000000  0.170707  0.000000 -0.001240  0.000000 ) 
 ( -0.138774  0.000000  0.170707  0.000000  0.001240  0.000000 ) 
 ( -0.138774  0.000000  0.170707  0.000000 -0.001240  0.000000 ) 
 (  0.145811  0.000000  0.181426  0.000000 -0.005151  0.000000 ) 
 (  0.145811  0.000000  0.181426  0.000000  0.005151  0.000000 ) 
 ( -0.145811  0.000000  0.181426  0.000000 -0.005151  0.000000 ) 
 ( -0.145811  0.000000  0.181426  0.000000  0.005151  0.000000 ) 
     freq (    6) =       2.126981 [THz] =      70.948448 [cm-1]
 ( -0.028090  0.000000  0.216461  0.000000  0.000000  0.000000 ) 
 ( -0.028090  0.000000 -0.216461  0.000000 -0.000000  0.000000 ) 
 (  0.079675  0.000000  0.188467  0.000000  0.002397  0.000000 ) 
 (  0.079675  0.000000  0.188467  0.000000 -0.002397  0.000000 ) 
 (  0.079675  0.000000 -0.188467  0.000000 -0.002397  0.000000 ) 
 (  0.079675  0.000000 -0.188467  0.000000  0.002397  0.000000 ) 
 (  0.068177  0.000000  0.112450  0.000000  0.010605  0.000000 ) 
 (  0.068177  0.000000  0.112450  0.000000 -0.010605  0.000000 ) 
 (  0.068177  0.000000 -0.112450  0.000000 -0.010605  0.000000 ) 
 (  0.068177  0.000000 -0.112450  0.000000  0.010605  0.000000 ) 
 (  0.015144  0.000000  0.218112  0.000000 -0.004938  0.000000 ) 
 (  0.015144  0.000000  0.218112  0.000000  0.004938  0.000000 ) 
 (  0.015144  0.000000 -0.218112  0.000000  0.004938  0.000000 ) 
 (  0.015144  0.000000 -0.218112  0.000000 -0.004938  0.000000 ) 
 (  0.113843  0.000000  0.207016  0.000000 -0.001722  0.000000 ) 
 (  0.113843  0.000000  0.207016  0.000000  0.001722  0.000000 ) 
 (  0.113843  0.000000 -0.207016  0.000000  0.001722  0.000000 ) 
 (  0.113843  0.000000 -0.207016  0.000000 -0.001722  0.000000 ) 
 (  0.129855  0.000000  0.215253  0.000000 -0.007558  0.000000 ) 
 (  0.129855  0.000000  0.215253  0.000000  0.007558  0.000000 ) 
 (  0.129855  0.000000 -0.215253  0.000000  0.007558  0.000000 ) 
 (  0.129855  0.000000 -0.215253  0.000000 -0.007558  0.000000 ) 
     freq (    7) =       3.305831 [THz] =     110.270657 [cm-1]
 (  0.000000  0.000000  0.000000  0.000000 -0.001686  0.000000 ) 
 (  0.000000  0.000000  0.000000  0.000000  0.001686  0.000000 ) 
 ( -0.163466  0.000000 -0.141302  0.000000 -0.001512  0.000000 ) 
 (  0.163466  0.000000  0.141302  0.000000 -0.001512  0.000000 ) 
 ( -0.163466  0.000000  0.141302  0.000000  0.001512  0.000000 ) 
 (  0.163466  0.000000 -0.141302  0.000000  0.001512  0.000000 ) 
 ( -0.150468  0.000000 -0.032121  0.000000 -0.003432  0.000000 ) 
 (  0.150468  0.000000  0.032121  0.000000 -0.003432  0.000000 ) 
 ( -0.150468  0.000000  0.032121  0.000000  0.003432  0.000000 ) 
 (  0.150468  0.000000 -0.032121  0.000000  0.003432  0.000000 ) 
 ( -0.073891  0.000000 -0.183006  0.000000  0.000523  0.000000 ) 
 (  0.073891  0.000000  0.183006  0.000000  0.000523  0.000000 ) 
 ( -0.073891  0.000000  0.183006  0.000000 -0.000523  0.000000 ) 
 (  0.073891  0.000000 -0.183006  0.000000 -0.000523  0.000000 ) 
 ( -0.204385  0.000000 -0.165607  0.000000  0.000196  0.000000 ) 
 (  0.204385  0.000000  0.165607  0.000000  0.000196  0.000000 ) 
 ( -0.204385  0.000000  0.165607  0.000000 -0.000196  0.000000 ) 
 (  0.204385  0.000000 -0.165607  0.000000 -0.000196  0.000000 ) 
 (  0.208557  0.000000  0.167244  0.000000 -0.002848  0.000000 ) 
 ( -0.208557  0.000000 -0.167244  0.000000 -0.002848  0.000000 ) 
 (  0.208557  0.000000 -0.167244  0.000000  0.002848  0.000000 ) 
 ( -0.208557  0.000000  0.167244  0.000000  0.002848  0.000000 ) 
     freq (    8) =       4.389232 [THz] =     146.409022 [cm-1]
 ( -0.046812  0.000000 -0.038585  0.000000 -0.000000  0.000000 ) 
 ( -0.046812  0.000000  0.038585  0.000000 -0.000000  0.000000 ) 
 (  0.217142  0.000000  0.082384  0.000000 -0.001541  0.000000 ) 
 (  0.217142  0.000000  0.082384  0.000000  0.001541  0.000000 ) 
 (  0.217142  0.000000 -0.082384  0.000000  0.001541  0.000000 ) 
 (  0.217142  0.000000 -0.082384  0.000000 -0.001541  0.000000 ) 
 (  0.209446  0.000000  0.024010  0.000000 -0.000725  0.000000 ) 
 (  0.209446  0.000000  0.024010  0.000000  0.000725  0.000000 ) 
 (  0.209446  0.000000 -0.024010  0.000000  0.000725  0.000000 ) 
 (  0.209446  0.000000 -0.024010  0.000000 -0.000725  0.000000 ) 
 (  0.182941  0.000000  0.090730  0.000000 -0.002465  0.000000 ) 
 (  0.182941  0.000000  0.090730  0.000000  0.002465  0.000000 ) 
 (  0.182941  0.000000 -0.090730  0.000000  0.002465  0.000000 ) 
 (  0.182941  0.000000 -0.090730  0.000000 -0.002465  0.000000 ) 
 (  0.216432  0.000000  0.081888  0.000000 -0.003202  0.000000 ) 
 (  0.216432  0.000000  0.081888  0.000000  0.003202  0.000000 ) 
 (  0.216432  0.000000 -0.081888  0.000000  0.003202  0.000000 ) 
 (  0.216432  0.000000 -0.081888  0.000000 -0.003202  0.000000 ) 
 (  0.218278  0.000000  0.082858  0.000000 -0.000338  0.000000 ) 
 (  0.218278  0.000000  0.082858  0.000000  0.000338  0.000000 ) 
 (  0.218278  0.000000 -0.082858  0.000000  0.000338  0.000000 ) 
 (  0.218278  0.000000 -0.082858  0.000000 -0.000338  0.000000 ) 
     freq (    9) =       4.467347 [THz] =     149.014640 [cm-1]
 ( -0.031400  0.000000  0.041875  0.000000 -0.000000  0.000000 ) 
 (  0.031400  0.000000  0.041875  0.000000 -0.000000  0.000000 ) 
 ( -0.083094  0.000000 -0.196231  0.000000  0.003643  0.000000 ) 
 ( -0.083094  0.000000 -0.196231  0.000000 -0.003643  0.000000 ) 
 (  0.083094  0.000000 -0.196231  0.000000  0.003643  0.000000 ) 
 (  0.083094  0.000000 -0.196231  0.000000 -0.003643  0.000000 ) 
 ( -0.066172  0.000000 -0.089586  0.000000  0.005030  0.000000 ) 
 ( -0.066172  0.000000 -0.089586  0.000000 -0.005030  0.000000 ) 
 (  0.066172  0.000000 -0.089586  0.000000  0.005030  0.000000 ) 
 (  0.066172  0.000000 -0.089586  0.000000 -0.005030  0.000000 ) 
 (  0.009933  0.000000 -0.239958  0.000000 -0.002487  0.000000 ) 
 (  0.009933  0.000000 -0.239958  0.000000  0.002487  0.000000 ) 
 ( -0.009933  0.000000 -0.239958  0.000000 -0.002487  0.000000 ) 
 ( -0.009933  0.000000 -0.239958  0.000000  0.002487  0.000000 ) 
 ( -0.132581  0.000000 -0.227933  0.000000  0.005738  0.000000 ) 
 ( -0.132581  0.000000 -0.227933  0.000000 -0.005738  0.000000 ) 
 (  0.132581  0.000000 -0.227933  0.000000  0.005738  0.000000 ) 
 (  0.132581  0.000000 -0.227933  0.000000 -0.005738  0.000000 ) 
 ( -0.127289  0.000000 -0.217449  0.000000 -0.006411  0.000000 ) 
 ( -0.127289  0.000000 -0.217449  0.000000  0.006411  0.000000 ) 
 (  0.127289  0.000000 -0.217449  0.000000 -0.006411  0.000000 ) 
 (  0.127289  0.000000 -0.217449  0.000000  0.006411  0.000000 ) 
     freq (   10) =       5.684984 [THz] =     189.630662 [cm-1]
 ( -0.000000  0.000000  0.000000  0.000000  0.046876  0.000000 ) 
 (  0.000000  0.000000  0.000000  0.000000  0.046876  0.000000 ) 
 (  0.012663  0.000000  0.018800  0.000000 -0.219558  0.000000 ) 
 ( -0.012663  0.000000 -0.018800  0.000000 -0.219558  0.000000 ) 
 ( -0.012663  0.000000  0.018800  0.000000 -0.219558  0.000000 ) 
 (  0.012663  0.000000 -0.018800  0.000000 -0.219558  0.000000 ) 
 (  0.008946  0.000000 -0.008352  0.000000 -0.171045  0.000000 ) 
 ( -0.008946  0.000000  0.008352  0.000000 -0.171045  0.000000 ) 
 ( -0.008946  0.000000 -0.008352  0.000000 -0.171045  0.000000 ) 
 (  0.008946  0.000000  0.008352  0.000000 -0.171045  0.000000 ) 
 ( -0.010657  0.000000  0.029748  0.000000 -0.178265  0.000000 ) 
 (  0.010657  0.000000 -0.029748  0.000000 -0.178265  0.000000 ) 
 (  0.010657  0.000000  0.029748  0.000000 -0.178265  0.000000 ) 
 ( -0.010657  0.000000 -0.029748  0.000000 -0.178265  0.000000 ) 
 (  0.010077  0.000000  0.074152  0.000000 -0.255174  0.000000 ) 
 ( -0.010077  0.000000 -0.074152  0.000000 -0.255174  0.000000 ) 
 ( -0.010077  0.000000  0.074152  0.000000 -0.255174  0.000000 ) 
 (  0.010077  0.000000 -0.074152  0.000000 -0.255174  0.000000 ) 
 ( -0.042805  0.000000  0.022423  0.000000 -0.254853  0.000000 ) 
 (  0.042805  0.000000 -0.022423  0.000000 -0.254853  0.000000 ) 
 (  0.042805  0.000000  0.022423  0.000000 -0.254853  0.000000 ) 
 ( -0.042805  0.000000 -0.022423  0.000000 -0.254853  0.000000 ) 
     freq (   11) =       5.834363 [THz] =     194.613393 [cm-1]
 (  0.000000  0.000000 -0.000000  0.000000 -0.003555  0.000000 ) 
 (  0.000000  0.000000  0.000000  0.000000 -0.003555  0.000000 ) 
 (  0.112443  0.000000  0.136986  0.000000  0.017821  0.000000 ) 
 ( -0.112443  0.000000 -0.136986  0.000000  0.017821  0.000000 ) 
 ( -0.112443  0.000000  0.136986  0.000000  0.017821  0.000000 ) 
 (  0.112443  0.000000 -0.136986  0.000000  0.017821  0.000000 ) 
 (  0.084112  0.000000 -0.057222  0.000000  0.025110  0.000000 ) 
 ( -0.084112  0.000000  0.057222  0.000000  0.025110  0.000000 ) 
 ( -0.084112  0.000000 -0.057222  0.000000  0.025110  0.000000 ) 
 (  0.084112  0.000000  0.057222  0.000000  0.025110  0.000000 ) 
 ( -0.052009  0.000000  0.214398  0.000000 -0.010879  0.000000 ) 
 (  0.052009  0.000000 -0.214398  0.000000 -0.010879  0.000000 ) 
 (  0.052009  0.000000  0.214398  0.000000 -0.010879  0.000000 ) 
 ( -0.052009  0.000000 -0.214398  0.000000 -0.010879  0.000000 ) 
 (  0.195324  0.000000  0.163603  0.000000  0.026276  0.000000 ) 
 ( -0.195324  0.000000 -0.163603  0.000000  0.026276  0.000000 ) 
 ( -0.195324  0.000000  0.163603  0.000000  0.026276  0.000000 ) 
 (  0.195324  0.000000 -0.163603  0.000000  0.026276  0.000000 ) 
 ( -0.220376  0.000000 -0.208447  0.000000  0.029572  0.000000 ) 
 (  0.220376  0.000000  0.208447  0.000000  0.029572  0.000000 ) 
 (  0.220376  0.000000 -0.208447  0.000000  0.029572  0.000000 ) 
 ( -0.220376  0.000000  0.208447  0.000000  0.029572  0.000000 ) 
     freq (   12) =       6.056929 [THz] =     202.037411 [cm-1]
 (  0.016859  0.000000 -0.028444  0.000000 -0.000000  0.000000 ) 
 (  0.016859  0.000000  0.028444  0.000000  0.000000  0.000000 ) 
 ( -0.080340  0.000000  0.187381  0.000000 -0.006925  0.000000 ) 
 ( -0.080340  0.000000  0.187381  0.000000  0.006925  0.000000 ) 
 ( -0.080340  0.000000 -0.187381  0.000000  0.006925  0.000000 ) 
 ( -0.080340  0.000000 -0.187381  0.000000 -0.006925  0.000000 ) 
 ( -0.096290  0.000000  0.064175  0.000000 -0.000263  0.000000 ) 
 ( -0.096290  0.000000  0.064175  0.000000  0.000263  0.000000 ) 
 ( -0.096290  0.000000 -0.064175  0.000000  0.000263  0.000000 ) 
 ( -0.096290  0.000000 -0.064175  0.000000 -0.000263  0.000000 ) 
 ( -0.195451  0.000000  0.241676  0.000000 -0.014074  0.000000 ) 
 ( -0.195451  0.000000  0.241676  0.000000  0.014074  0.000000 ) 
 ( -0.195451  0.000000 -0.241676  0.000000  0.014074  0.000000 ) 
 ( -0.195451  0.000000 -0.241676  0.000000 -0.014074  0.000000 ) 
 ( -0.014125  0.000000  0.216143  0.000000 -0.005059  0.000000 ) 
 ( -0.014125  0.000000  0.216143  0.000000  0.005059  0.000000 ) 
 ( -0.014125  0.000000 -0.216143  0.000000  0.005059  0.000000 ) 
 ( -0.014125  0.000000 -0.216143  0.000000 -0.005059  0.000000 ) 
 ( -0.002114  0.000000  0.225061  0.000000  0.006543  0.000000 ) 
 ( -0.002114  0.000000  0.225061  0.000000 -0.006543  0.000000 ) 
 ( -0.002114  0.000000 -0.225061  0.000000 -0.006543  0.000000 ) 
 ( -0.002114  0.000000 -0.225061  0.000000  0.006543  0.000000 ) 
     freq (   13) =       6.127740 [THz] =     204.399416 [cm-1]
 (  0.000981  0.000000 -0.000934  0.000000  0.000000  0.000000 ) 
 ( -0.000981  0.000000 -0.000934  0.000000  0.000000  0.000000 ) 
 ( -0.006431  0.000000  0.005509  0.000000  0.190426  0.000000 ) 
 ( -0.006431  0.000000  0.005509  0.000000 -0.190426  0.000000 ) 
 (  0.006431  0.000000  0.005509  0.000000  0.190426  0.000000 ) 
 (  0.006431  0.000000  0.005509  0.000000 -0.190426  0.000000 ) 
 ( -0.006206  0.000000  0.005827  0.000000  0.182562  0.000000 ) 
 ( -0.006206  0.000000  0.005827  0.000000 -0.182562  0.000000 ) 
 (  0.006206  0.000000  0.005827  0.000000  0.182562  0.000000 ) 
 (  0.006206  0.000000  0.005827  0.000000 -0.182562  0.000000 ) 
 ( -0.006243  0.000000  0.005570  0.000000  0.038805  0.000000 ) 
 ( -0.006243  0.000000  0.005570  0.000000 -0.038805  0.000000 ) 
 (  0.006243  0.000000  0.005570  0.000000  0.038805  0.000000 ) 
 (  0.006243  0.000000  0.005570  0.000000 -0.038805  0.000000 ) 
 ( -0.038500  0.000000 -0.130590  0.000000  0.264026  0.000000 ) 
 ( -0.038500  0.000000 -0.130590  0.000000 -0.264026  0.000000 ) 
 (  0.038500  0.000000 -0.130590  0.000000  0.264026  0.000000 ) 
 (  0.038500  0.000000 -0.130590  0.000000 -0.264026  0.000000 ) 
 (  0.026730  0.000000  0.141654  0.000000 -0.263936  0.000000 ) 
 (  0.026730  0.000000  0.141654  0.000000  0.263936  0.000000 ) 
 ( -0.026730  0.000000  0.141654  0.000000 -0.263936  0.000000 ) 
 ( -0.026730  0.000000  0.141654  0.000000  0.263936  0.000000 ) 
     freq (   14) =       6.431147 [THz] =     214.519961 [cm-1]
 (  0.000000  0.000000 -0.000000  0.000000 -0.016721  0.000000 ) 
 (  0.000000  0.000000  0.000000  0.000000  0.016721  0.000000 ) 
 ( -0.007536  0.000000  0.004664  0.000000  0.206346  0.000000 ) 
 (  0.007536  0.000000 -0.004664  0.000000  0.206346  0.000000 ) 
 ( -0.007536  0.000000 -0.004664  0.000000 -0.206346  0.000000 ) 
 (  0.007536  0.000000  0.004664  0.000000 -0.206346  0.000000 ) 
 ( -0.009411  0.000000 -0.011659  0.000000  0.119458  0.000000 ) 
 (  0.009411  0.000000  0.011659  0.000000  0.119458  0.000000 ) 
 ( -0.009411  0.000000  0.011659  0.000000 -0.119458  0.000000 ) 
 (  0.009411  0.000000 -0.011659  0.000000 -0.119458  0.000000 ) 
 ( -0.023091  0.000000  0.012794  0.000000  0.116285  0.000000 ) 
 (  0.023091  0.000000 -0.012794  0.000000  0.116285  0.000000 ) 
 ( -0.023091  0.000000 -0.012794  0.000000 -0.116285  0.000000 ) 
 (  0.023091  0.000000  0.012794  0.000000 -0.116285  0.000000 ) 
 (  0.038090  0.000000 -0.091474  0.000000  0.278163  0.000000 ) 
 ( -0.038090  0.000000  0.091474  0.000000  0.278163  0.000000 ) 
 (  0.038090  0.000000  0.091474  0.000000 -0.278163  0.000000 ) 
 ( -0.038090  0.000000 -0.091474  0.000000 -0.278163  0.000000 ) 
 (  0.031758  0.000000 -0.112258  0.000000  0.278721  0.000000 ) 
 ( -0.031758  0.000000  0.112258  0.000000  0.278721  0.000000 ) 
 (  0.031758  0.000000  0.112258  0.000000 -0.278721  0.000000 ) 
 ( -0.031758  0.000000 -0.112258  0.000000 -0.278721  0.000000 ) 
     freq (   15) =       6.438635 [THz] =     214.769735 [cm-1]
 (  0.000468  0.000000 -0.001393  0.000000  0.000000  0.000000 ) 
 (  0.000468  0.000000  0.001393  0.000000 -0.000000  0.000000 ) 
 ( -0.001463  0.000000  0.006544  0.000000  0.212856  0.000000 ) 
 ( -0.001463  0.000000  0.006544  0.000000 -0.212856  0.000000 ) 
 ( -0.001463  0.000000 -0.006544  0.000000 -0.212856  0.000000 ) 
 ( -0.001463  0.000000 -0.006544  0.000000  0.212856  0.000000 ) 
 ( -0.001646  0.000000  0.004914  0.000000  0.082787  0.000000 ) 
 ( -0.001646  0.000000  0.004914  0.000000 -0.082787  0.000000 ) 
 ( -0.001646  0.000000 -0.004914  0.000000 -0.082787  0.000000 ) 
 ( -0.001646  0.000000 -0.004914  0.000000  0.082787  0.000000 ) 
 ( -0.002934  0.000000  0.007013  0.000000  0.253542  0.000000 ) 
 ( -0.002934  0.000000  0.007013  0.000000 -0.253542  0.000000 ) 
 ( -0.002934  0.000000 -0.007013  0.000000 -0.253542  0.000000 ) 
 ( -0.002934  0.000000 -0.007013  0.000000  0.253542  0.000000 ) 
 (  0.093273  0.000000  0.006473  0.000000  0.240597  0.000000 ) 
 (  0.093273  0.000000  0.006473  0.000000 -0.240597  0.000000 ) 
 (  0.093273  0.000000 -0.006473  0.000000 -0.240597  0.000000 ) 
 (  0.093273  0.000000 -0.006473  0.000000  0.240597  0.000000 ) 
 ( -0.095297  0.000000  0.006732  0.000000 -0.240144  0.000000 ) 
 ( -0.095297  0.000000  0.006732  0.000000  0.240144  0.000000 ) 
 ( -0.095297  0.000000 -0.006732  0.000000  0.240144  0.000000 ) 
 ( -0.095297  0.000000 -0.006732  0.000000 -0.240144  0.000000 ) 
     freq (   16) =       6.941129 [THz] =     231.531150 [cm-1]
 (  0.006801  0.000000 -0.015441  0.000000  0.000000  0.000000 ) 
 ( -0.006801  0.000000 -0.015441  0.000000  0.000000  0.000000 ) 
 ( -0.223965  0.000000  0.068794  0.000000 -0.010329  0.000000 ) 
 ( -0.223965  0.000000  0.068794  0.000000  0.010329  0.000000 ) 
 (  0.223965  0.000000  0.068794  0.000000 -0.010329  0.000000 ) 
 (  0.223965  0.000000  0.068794  0.000000  0.010329  0.000000 ) 
 ( -0.215451  0.000000  0.071443  0.000000 -0.004765  0.000000 ) 
 ( -0.215451  0.000000  0.071443  0.000000  0.004765  0.000000 ) 
 (  0.215451  0.000000  0.071443  0.000000 -0.004765  0.000000 ) 
 (  0.215451  0.000000  0.071443  0.000000  0.004765  0.000000 ) 
 ( -0.225627  0.000000  0.074407  0.000000 -0.012490  0.000000 ) 
 ( -0.225627  0.000000  0.074407  0.000000  0.012490  0.000000 ) 
 (  0.225627  0.000000  0.074407  0.000000 -0.012490  0.000000 ) 
 (  0.225627  0.000000  0.074407  0.000000  0.012490  0.000000 ) 
 ( -0.198112  0.000000  0.074772  0.000000 -0.008558  0.000000 ) 
 ( -0.198112  0.000000  0.074772  0.000000  0.008558  0.000000 ) 
 (  0.198112  0.000000  0.074772  0.000000 -0.008558  0.000000 ) 
 (  0.198112  0.000000  0.074772  0.000000  0.008558  0.000000 ) 
 ( -0.188961  0.000000  0.076911  0.000000  0.013344  0.000000 ) 
 ( -0.188961  0.000000  0.076911  0.000000 -0.013344  0.000000 ) 
 (  0.188961  0.000000  0.076911  0.000000  0.013344  0.000000 ) 
 (  0.188961  0.000000  0.076911  0.000000 -0.013344  0.000000 ) 
     freq (   17) =       7.158890 [THz] =     238.794877 [cm-1]
 (  0.000000  0.000000 -0.000000  0.000000 -0.001065  0.000000 ) 
 ( -0.000000  0.000000 -0.000000  0.000000  0.001065  0.000000 ) 
 (  0.116461  0.000000 -0.099983  0.000000  0.008745  0.000000 ) 
 ( -0.116461  0.000000  0.099983  0.000000  0.008745  0.000000 ) 
 (  0.116461  0.000000  0.099983  0.000000 -0.008745  0.000000 ) 
 ( -0.116461  0.000000 -0.099983  0.000000 -0.008745  0.000000 ) 
 (  0.140912  0.000000  0.114525  0.000000  0.003087  0.000000 ) 
 ( -0.140912  0.000000 -0.114525  0.000000  0.003087  0.000000 ) 
 (  0.140912  0.000000 -0.114525  0.000000 -0.003087  0.000000 ) 
 ( -0.140912  0.000000  0.114525  0.000000 -0.003087  0.000000 ) 
 (  0.309997  0.000000 -0.202265  0.000000  0.003123  0.000000 ) 
 ( -0.309997  0.000000  0.202265  0.000000  0.003123  0.000000 ) 
 (  0.309997  0.000000  0.202265  0.000000 -0.003123  0.000000 ) 
 ( -0.309997  0.000000 -0.202265  0.000000 -0.003123  0.000000 ) 
 ( -0.017351  0.000000 -0.172632  0.000000  0.013729  0.000000 ) 
 (  0.017351  0.000000  0.172632  0.000000  0.013729  0.000000 ) 
 ( -0.017351  0.000000  0.172632  0.000000 -0.013729  0.000000 ) 
 (  0.017351  0.000000 -0.172632  0.000000 -0.013729  0.000000 ) 
 (  0.022614  0.000000  0.159311  0.000000  0.013417  0.000000 ) 
 ( -0.022614  0.000000 -0.159311  0.000000  0.013417  0.000000 ) 
 (  0.022614  0.000000 -0.159311  0.000000 -0.013417  0.000000 ) 
 ( -0.022614  0.000000  0.159311  0.000000 -0.013417  0.000000 ) 
     freq (   18) =       7.686813 [THz] =     256.404488 [cm-1]
 ( -0.000000  0.000000 -0.000000  0.000000  0.000072  0.000000 ) 
 (  0.000000  0.000000  0.000000  0.000000  0.000072  0.000000 ) 
 (  0.105067  0.000000 -0.010084  0.000000 -0.001237  0.000000 ) 
 ( -0.105067  0.000000  0.010084  0.000000 -0.001237  0.000000 ) 
 ( -0.105067  0.000000 -0.010084  0.000000 -0.001237  0.000000 ) 
 (  0.105067  0.000000  0.010084  0.000000 -0.001237  0.000000 ) 
 (  0.134299  0.000000  0.251077  0.000000 -0.002260  0.000000 ) 
 ( -0.134299  0.000000 -0.251077  0.000000 -0.002260  0.000000 ) 
 ( -0.134299  0.000000  0.251077  0.000000 -0.002260  0.000000 ) 
 (  0.134299  0.000000 -0.251077  0.000000 -0.002260  0.000000 ) 
 (  0.336784  0.000000 -0.133153  0.000000  0.000641  0.000000 ) 
 ( -0.336784  0.000000  0.133153  0.000000  0.000641  0.000000 ) 
 ( -0.336784  0.000000 -0.133153  0.000000  0.000641  0.000000 ) 
 (  0.336784  0.000000  0.133153  0.000000  0.000641  0.000000 ) 
 ( -0.062535  0.000000 -0.094395  0.000000  0.001621  0.000000 ) 
 (  0.062535  0.000000  0.094395  0.000000  0.001621  0.000000 ) 
 (  0.062535  0.000000 -0.094395  0.000000  0.001621  0.000000 ) 
 ( -0.062535  0.000000  0.094395  0.000000  0.001621  0.000000 ) 
 (  0.064755  0.000000  0.097854  0.000000 -0.005557  0.000000 ) 
 ( -0.064755  0.000000 -0.097854  0.000000 -0.005557  0.000000 ) 
 ( -0.064755  0.000000  0.097854  0.000000 -0.005557  0.000000 ) 
 (  0.064755  0.000000 -0.097854  0.000000 -0.005557  0.000000 ) 
     freq (   19) =       7.890255 [THz] =     263.190589 [cm-1]
 (  0.000000  0.000000 -0.000000  0.000000 -0.002550  0.000000 ) 
 (  0.000000  0.000000  0.000000  0.000000 -0.002550  0.000000 ) 
 (  0.006261  0.000000  0.002180  0.000000  0.009205  0.000000 ) 
 ( -0.006261  0.000000 -0.002180  0.000000  0.009205  0.000000 ) 
 ( -0.006261  0.000000  0.002180  0.000000  0.009205  0.000000 ) 
 (  0.006261  0.000000 -0.002180  0.000000  0.009205  0.000000 ) 
 (  0.004208  0.000000 -0.012261  0.000000 -0.104256  0.000000 ) 
 ( -0.004208  0.000000  0.012261  0.000000 -0.104256  0.000000 ) 
 ( -0.004208  0.000000 -0.012261  0.000000 -0.104256  0.000000 ) 
 (  0.004208  0.000000  0.012261  0.000000 -0.104256  0.000000 ) 
 ( -0.006006  0.000000  0.008362  0.000000  0.288676  0.000000 ) 
 (  0.006006  0.000000 -0.008362  0.000000  0.288676  0.000000 ) 
 (  0.006006  0.000000  0.008362  0.000000  0.288676  0.000000 ) 
 ( -0.006006  0.000000 -0.008362  0.000000  0.288676  0.000000 ) 
 (  0.156062  0.000000  0.229160  0.000000 -0.086073  0.000000 ) 
 ( -0.156062  0.000000 -0.229160  0.000000 -0.086073  0.000000 ) 
 ( -0.156062  0.000000  0.229160  0.000000 -0.086073  0.000000 ) 
 (  0.156062  0.000000 -0.229160  0.000000 -0.086073  0.000000 ) 
 (  0.129358  0.000000  0.216857  0.000000 -0.085745  0.000000 ) 
 ( -0.129358  0.000000 -0.216857  0.000000 -0.085745  0.000000 ) 
 ( -0.129358  0.000000  0.216857  0.000000 -0.085745  0.000000 ) 
 (  0.129358  0.000000 -0.216857  0.000000 -0.085745  0.000000 ) 
     freq (   20) =       8.433585 [THz] =     281.314104 [cm-1]
 (  0.000348  0.000000  0.000175  0.000000  0.000000  0.000000 ) 
 (  0.000348  0.000000 -0.000175  0.000000  0.000000  0.000000 ) 
 ( -0.000013  0.000000  0.001875  0.000000 -0.010619  0.000000 ) 
 ( -0.000013  0.000000  0.001875  0.000000  0.010619  0.000000 ) 
 ( -0.000013  0.000000 -0.001875  0.000000  0.010619  0.000000 ) 
 ( -0.000013  0.000000 -0.001875  0.000000 -0.010619  0.000000 ) 
 ( -0.000044  0.000000  0.002329  0.000000 -0.081973  0.000000 ) 
 ( -0.000044  0.000000  0.002329  0.000000  0.081973  0.000000 ) 
 ( -0.000044  0.000000 -0.002329  0.000000  0.081973  0.000000 ) 
 ( -0.000044  0.000000 -0.002329  0.000000 -0.081973  0.000000 ) 
 (  0.000324  0.000000  0.001670  0.000000  0.271523  0.000000 ) 
 (  0.000324  0.000000  0.001670  0.000000 -0.271523  0.000000 ) 
 (  0.000324  0.000000 -0.001670  0.000000 -0.271523  0.000000 ) 
 (  0.000324  0.000000 -0.001670  0.000000  0.271523  0.000000 ) 
 (  0.113459  0.000000  0.239491  0.000000 -0.123453  0.000000 ) 
 (  0.113459  0.000000  0.239491  0.000000  0.123453  0.000000 ) 
 (  0.113459  0.000000 -0.239491  0.000000  0.123453  0.000000 ) 
 (  0.113459  0.000000 -0.239491  0.000000 -0.123453  0.000000 ) 
 ( -0.113752  0.000000 -0.236191  0.000000  0.123432  0.000000 ) 
 ( -0.113752  0.000000 -0.236191  0.000000 -0.123432  0.000000 ) 
 ( -0.113752  0.000000  0.236191  0.000000 -0.123432  0.000000 ) 
 ( -0.113752  0.000000  0.236191  0.000000  0.123432  0.000000 ) 
     freq (   21) =       8.793411 [THz] =     293.316611 [cm-1]
 ( -0.000000  0.000000  0.000000  0.000000  0.000424  0.000000 ) 
 (  0.000000  0.000000 -0.000000  0.000000 -0.000424  0.000000 ) 
 ( -0.032631  0.000000  0.079701  0.000000 -0.002188  0.000000 ) 
 (  0.032631  0.000000 -0.079701  0.000000 -0.002188  0.000000 ) 
 ( -0.032631  0.000000 -0.079701  0.000000  0.002188  0.000000 ) 
 (  0.032631  0.000000  0.079701  0.000000  0.002188  0.000000 ) 
 (  0.002055  0.000000  0.348402  0.000000  0.006030  0.000000 ) 
 ( -0.002055  0.000000 -0.348402  0.000000  0.006030  0.000000 ) 
 (  0.002055  0.000000 -0.348402  0.000000 -0.006030  0.000000 ) 
 ( -0.002055  0.000000  0.348402  0.000000 -0.006030  0.000000 ) 
 (  0.207206  0.000000 -0.049838  0.000000 -0.040449  0.000000 ) 
 ( -0.207206  0.000000  0.049838  0.000000 -0.040449  0.000000 ) 
 (  0.207206  0.000000  0.049838  0.000000  0.040449  0.000000 ) 
 ( -0.207206  0.000000 -0.049838  0.000000  0.040449  0.000000 ) 
 ( -0.202329  0.000000 -0.044589  0.000000  0.022428  0.000000 ) 
 (  0.202329  0.000000  0.044589  0.000000  0.022428  0.000000 ) 
 ( -0.202329  0.000000  0.044589  0.000000 -0.022428  0.000000 ) 
 (  0.202329  0.000000 -0.044589  0.000000 -0.022428  0.000000 ) 
 (  0.173688  0.000000 -0.021660  0.000000  0.005848  0.000000 ) 
 ( -0.173688  0.000000  0.021660  0.000000  0.005848  0.000000 ) 
 (  0.173688  0.000000  0.021660  0.000000 -0.005848  0.000000 ) 
 ( -0.173688  0.000000 -0.021660  0.000000 -0.005848  0.000000 ) 
     freq (   22) =       8.869041 [THz] =     295.839352 [cm-1]
 (  0.000000  0.000000  0.000000  0.000000  0.004305  0.000000 ) 
 (  0.000000  0.000000  0.000000  0.000000 -0.004305  0.000000 ) 
 (  0.002825  0.000000 -0.008669  0.000000 -0.024903  0.000000 ) 
 ( -0.002825  0.000000  0.008669  0.000000 -0.024903  0.000000 ) 
 (  0.002825  0.000000  0.008669  0.000000  0.024903  0.000000 ) 
 ( -0.002825  0.000000 -0.008669  0.000000  0.024903  0.000000 ) 
 ( -0.001054  0.000000 -0.038428  0.000000  0.051908  0.000000 ) 
 (  0.001054  0.000000  0.038428  0.000000  0.051908  0.000000 ) 
 ( -0.001054  0.000000  0.038428  0.000000 -0.051908  0.000000 ) 
 (  0.001054  0.000000 -0.038428  0.000000 -0.051908  0.000000 ) 
 ( -0.023655  0.000000  0.005760  0.000000 -0.301394  0.000000 ) 
 (  0.023655  0.000000 -0.005760  0.000000 -0.301394  0.000000 ) 
 ( -0.023655  0.000000 -0.005760  0.000000  0.301394  0.000000 ) 
 (  0.023655  0.000000  0.005760  0.000000  0.301394  0.000000 ) 
 ( -0.095536  0.000000 -0.234307  0.000000  0.085977  0.000000 ) 
 (  0.095536  0.000000  0.234307  0.000000  0.085977  0.000000 ) 
 ( -0.095536  0.000000  0.234307  0.000000 -0.085977  0.000000 ) 
 (  0.095536  0.000000 -0.234307  0.000000 -0.085977  0.000000 ) 
 ( -0.135786  0.000000 -0.236912  0.000000  0.087749  0.000000 ) 
 (  0.135786  0.000000  0.236912  0.000000  0.087749  0.000000 ) 
 ( -0.135786  0.000000  0.236912  0.000000 -0.087749  0.000000 ) 
 (  0.135786  0.000000 -0.236912  0.000000 -0.087749  0.000000 ) 
     freq (   23) =       8.884655 [THz] =     296.360202 [cm-1]
 ( -0.000424  0.000000 -0.000094  0.000000 -0.000000  0.000000 ) 
 (  0.000424  0.000000 -0.000094  0.000000  0.000000  0.000000 ) 
 ( -0.002849  0.000000  0.000611  0.000000  0.044807  0.000000 ) 
 ( -0.002849  0.000000  0.000611  0.000000 -0.044807  0.000000 ) 
 (  0.002849  0.000000  0.000611  0.000000  0.044807  0.000000 ) 
 (  0.002849  0.000000  0.000611  0.000000 -0.044807  0.000000 ) 
 ( -0.002403  0.000000  0.003454  0.000000 -0.098996  0.000000 ) 
 ( -0.002403  0.000000  0.003454  0.000000  0.098996  0.000000 ) 
 (  0.002403  0.000000  0.003454  0.000000 -0.098996  0.000000 ) 
 (  0.002403  0.000000  0.003454  0.000000  0.098996  0.000000 ) 
 ( -0.000427  0.000000 -0.000503  0.000000  0.312638  0.000000 ) 
 ( -0.000427  0.000000 -0.000503  0.000000 -0.312638  0.000000 ) 
 (  0.000427  0.000000 -0.000503  0.000000  0.312638  0.000000 ) 
 (  0.000427  0.000000 -0.000503  0.000000 -0.312638  0.000000 ) 
 (  0.157143  0.000000  0.207026  0.000000 -0.035835  0.000000 ) 
 (  0.157143  0.000000  0.207026  0.000000  0.035835  0.000000 ) 
 ( -0.157143  0.000000  0.207026  0.000000 -0.035835  0.000000 ) 
 ( -0.157143  0.000000  0.207026  0.000000  0.035835  0.000000 ) 
 ( -0.165106  0.000000 -0.207452  0.000000  0.035900  0.000000 ) 
 ( -0.165106  0.000000 -0.207452  0.000000 -0.035900  0.000000 ) 
 (  0.165106  0.000000 -0.207452  0.000000  0.035900  0.000000 ) 
 (  0.165106  0.000000 -0.207452  0.000000 -0.035900  0.000000 ) 
     freq (   24) =       9.193088 [THz] =     306.648392 [cm-1]
 (  0.009412  0.000000  0.005702  0.000000 -0.000000  0.000000 ) 
 ( -0.009412  0.000000  0.005702  0.000000  0.000000  0.000000 ) 
 ( -0.010055  0.000000 -0.030326  0.000000  0.000821  0.000000 ) 
 ( -0.010055  0.000000 -0.030326  0.000000 -0.000821  0.000000 ) 
 (  0.010055  0.000000 -0.030326  0.000000  0.000821  0.000000 ) 
 (  0.010055  0.000000 -0.030326  0.000000 -0.000821  0.000000 ) 
 ( -0.047263  0.000000 -0.318050  0.000000 -0.001223  0.000000 ) 
 ( -0.047263  0.000000 -0.318050  0.000000  0.001223  0.000000 ) 
 (  0.047263  0.000000 -0.318050  0.000000 -0.001223  0.000000 ) 
 (  0.047263  0.000000 -0.318050  0.000000  0.001223  0.000000 ) 
 ( -0.264126  0.000000  0.104980  0.000000  0.002740  0.000000 ) 
 ( -0.264126  0.000000  0.104980  0.000000 -0.002740  0.000000 ) 
 (  0.264126  0.000000  0.104980  0.000000  0.002740  0.000000 ) 
 (  0.264126  0.000000  0.104980  0.000000 -0.002740  0.000000 ) 
 (  0.169296  0.000000  0.066945  0.000000 -0.005814  0.000000 ) 
 (  0.169296  0.000000  0.066945  0.000000  0.005814  0.000000 ) 
 ( -0.169296  0.000000  0.066945  0.000000 -0.005814  0.000000 ) 
 ( -0.169296  0.000000  0.066945  0.000000  0.005814  0.000000 ) 
 (  0.165430  0.000000  0.064365  0.000000 -0.007027  0.000000 ) 
 (  0.165430  0.000000  0.064365  0.000000  0.007027  0.000000 ) 
 ( -0.165430  0.000000  0.064365  0.000000 -0.007027  0.000000 ) 
 ( -0.165430  0.000000  0.064365  0.000000  0.007027  0.000000 ) 
     freq (   25) =       9.577985 [THz] =     319.487194 [cm-1]
 (  0.001039  0.000000 -0.001763  0.000000 -0.000000  0.000000 ) 
 (  0.001039  0.000000  0.001763  0.000000  0.000000  0.000000 ) 
 ( -0.000888  0.000000  0.036992  0.000000 -0.000679  0.000000 ) 
 ( -0.000888  0.000000  0.036992  0.000000  0.000679  0.000000 ) 
 ( -0.000888  0.000000 -0.036992  0.000000  0.000679  0.000000 ) 
 ( -0.000888  0.000000 -0.036992  0.000000 -0.000679  0.000000 ) 
 (  0.036015  0.000000  0.324930  0.000000  0.000722  0.000000 ) 
 (  0.036015  0.000000  0.324930  0.000000 -0.000722  0.000000 ) 
 (  0.036015  0.000000 -0.324930  0.000000 -0.000722  0.000000 ) 
 (  0.036015  0.000000 -0.324930  0.000000  0.000722  0.000000 ) 
 (  0.255017  0.000000 -0.098568  0.000000 -0.002194  0.000000 ) 
 (  0.255017  0.000000 -0.098568  0.000000  0.002194  0.000000 ) 
 (  0.255017  0.000000  0.098568  0.000000  0.002194  0.000000 ) 
 (  0.255017  0.000000  0.098568  0.000000 -0.002194  0.000000 ) 
 ( -0.174048  0.000000 -0.060877  0.000000  0.006242  0.000000 ) 
 ( -0.174048  0.000000 -0.060877  0.000000 -0.006242  0.000000 ) 
 ( -0.174048  0.000000  0.060877  0.000000 -0.006242  0.000000 ) 
 ( -0.174048  0.000000  0.060877  0.000000  0.006242  0.000000 ) 
 ( -0.171667  0.000000 -0.058650  0.000000  0.007080  0.000000 ) 
 ( -0.171667  0.000000 -0.058650  0.000000 -0.007080  0.000000 ) 
 ( -0.171667  0.000000  0.058650  0.000000 -0.007080  0.000000 ) 
 ( -0.171667  0.000000  0.058650  0.000000  0.007080  0.000000 ) 
     freq (   26) =       9.654609 [THz] =     322.043093 [cm-1]
 ( -0.000000  0.000000 -0.000000  0.000000  0.000350  0.000000 ) 
 (  0.000000  0.000000  0.000000  0.000000  0.000350  0.000000 ) 
 (  0.094409  0.000000 -0.137331  0.000000 -0.001662  0.000000 ) 
 ( -0.094409  0.000000  0.137331  0.000000 -0.001662  0.000000 ) 
 ( -0.094409  0.000000 -0.137331  0.000000 -0.001662  0.000000 ) 
 (  0.094409  0.000000  0.137331  0.000000 -0.001662  0.000000 ) 
 (  0.061546  0.000000 -0.341574  0.000000 -0.004620  0.000000 ) 
 ( -0.061546  0.000000  0.341574  0.000000 -0.004620  0.000000 ) 
 ( -0.061546  0.000000 -0.341574  0.000000 -0.004620  0.000000 ) 
 (  0.061546  0.000000  0.341574  0.000000 -0.004620  0.000000 ) 
 ( -0.096650  0.000000 -0.029324  0.000000 -0.016268  0.000000 ) 
 (  0.096650  0.000000  0.029324  0.000000 -0.016268  0.000000 ) 
 (  0.096650  0.000000 -0.029324  0.000000 -0.016268  0.000000 ) 
 ( -0.096650  0.000000  0.029324  0.000000 -0.016268  0.000000 ) 
 (  0.203980  0.000000 -0.072765  0.000000 -0.002700  0.000000 ) 
 ( -0.203980  0.000000  0.072765  0.000000 -0.002700  0.000000 ) 
 ( -0.203980  0.000000 -0.072765  0.000000 -0.002700  0.000000 ) 
 (  0.203980  0.000000  0.072765  0.000000 -0.002700  0.000000 ) 
 ( -0.205516  0.000000  0.042615  0.000000  0.017720  0.000000 ) 
 (  0.205516  0.000000 -0.042615  0.000000  0.017720  0.000000 ) 
 (  0.205516  0.000000  0.042615  0.000000  0.017720  0.000000 ) 
 ( -0.205516  0.000000 -0.042615  0.000000  0.017720  0.000000 ) 
     freq (   27) =      11.862321 [THz] =     395.684422 [cm-1]
 ( -0.000000  0.000000  0.000000  0.000000 -0.002505  0.000000 ) 
 (  0.000000  0.000000  0.000000  0.000000 -0.002505  0.000000 ) 
 (  0.001174  0.000000 -0.002497  0.000000  0.009888  0.000000 ) 
 ( -0.001174  0.000000  0.002497  0.000000  0.009888  0.000000 ) 
 ( -0.001174  0.000000 -0.002497  0.000000  0.009888  0.000000 ) 
 (  0.001174  0.000000  0.002497  0.000000  0.009888  0.000000 ) 
 (  0.000700  0.000000 -0.004496  0.000000  0.292934  0.000000 ) 
 ( -0.000700  0.000000  0.004496  0.000000  0.292934  0.000000 ) 
 ( -0.000700  0.000000 -0.004496  0.000000  0.292934  0.000000 ) 
 (  0.000700  0.000000  0.004496  0.000000  0.292934  0.000000 ) 
 ( -0.001081  0.000000 -0.001038  0.000000  0.035834  0.000000 ) 
 (  0.001081  0.000000  0.001038  0.000000  0.035834  0.000000 ) 
 (  0.001081  0.000000 -0.001038  0.000000  0.035834  0.000000 ) 
 ( -0.001081  0.000000  0.001038  0.000000  0.035834  0.000000 ) 
 ( -0.213928  0.000000  0.127124  0.000000 -0.134726  0.000000 ) 
 (  0.213928  0.000000 -0.127124  0.000000 -0.134726  0.000000 ) 
 (  0.213928  0.000000  0.127124  0.000000 -0.134726  0.000000 ) 
 ( -0.213928  0.000000 -0.127124  0.000000 -0.134726  0.000000 ) 
 ( -0.218746  0.000000  0.129881  0.000000 -0.134084  0.000000 ) 
 (  0.218746  0.000000 -0.129881  0.000000 -0.134084  0.000000 ) 
 (  0.218746  0.000000  0.129881  0.000000 -0.134084  0.000000 ) 
 ( -0.218746  0.000000 -0.129881  0.000000 -0.134084  0.000000 ) 
     freq (   28) =      12.116683 [THz] =     404.169027 [cm-1]
 ( -0.000000  0.000000 -0.000000  0.000000 -0.005659  0.000000 ) 
 (  0.000000  0.000000 -0.000000  0.000000  0.005659  0.000000 ) 
 ( -0.000011  0.000000 -0.000379  0.000000  0.022223  0.000000 ) 
 (  0.000011  0.000000  0.000379  0.000000  0.022223  0.000000 ) 
 ( -0.000011  0.000000  0.000379  0.000000 -0.022223  0.000000 ) 
 (  0.000011  0.000000 -0.000379  0.000000 -0.022223  0.000000 ) 
 (  0.000310  0.000000  0.002141  0.000000  0.316626  0.000000 ) 
 ( -0.000310  0.000000 -0.002141  0.000000  0.316626  0.000000 ) 
 (  0.000310  0.000000 -0.002141  0.000000 -0.316626  0.000000 ) 
 ( -0.000310  0.000000  0.002141  0.000000 -0.316626  0.000000 ) 
 (  0.001778  0.000000 -0.001396  0.000000  0.004505  0.000000 ) 
 ( -0.001778  0.000000  0.001396  0.000000  0.004505  0.000000 ) 
 (  0.001778  0.000000  0.001396  0.000000 -0.004505  0.000000 ) 
 ( -0.001778  0.000000 -0.001396  0.000000 -0.004505  0.000000 ) 
 ( -0.235724  0.000000  0.091012  0.000000 -0.105505  0.000000 ) 
 (  0.235724  0.000000 -0.091012  0.000000 -0.105505  0.000000 ) 
 ( -0.235724  0.000000 -0.091012  0.000000  0.105505  0.000000 ) 
 (  0.235724  0.000000  0.091012  0.000000  0.105505  0.000000 ) 
 ( -0.233475  0.000000  0.092672  0.000000 -0.105493  0.000000 ) 
 (  0.233475  0.000000 -0.092672  0.000000 -0.105493  0.000000 ) 
 ( -0.233475  0.000000 -0.092672  0.000000  0.105493  0.000000 ) 
 (  0.233475  0.000000  0.092672  0.000000  0.105493  0.000000 ) 
     freq (   29) =      12.233931 [THz] =     408.080004 [cm-1]
 ( -0.000019  0.000000 -0.000046  0.000000  0.000000  0.000000 ) 
 (  0.000019  0.000000 -0.000046  0.000000 -0.000000  0.000000 ) 
 ( -0.000052  0.000000  0.000037  0.000000 -0.018880  0.000000 ) 
 ( -0.000052  0.000000  0.000037  0.000000  0.018880  0.000000 ) 
 (  0.000052  0.000000  0.000037  0.000000 -0.018880  0.000000 ) 
 (  0.000052  0.000000  0.000037  0.000000  0.018880  0.000000 ) 
 ( -0.000042  0.000000  0.000755  0.000000 -0.292539  0.000000 ) 
 ( -0.000042  0.000000  0.000755  0.000000  0.292539  0.000000 ) 
 (  0.000042  0.000000  0.000755  0.000000 -0.292539  0.000000 ) 
 (  0.000042  0.000000  0.000755  0.000000  0.292539  0.000000 ) 
 (  0.000590  0.000000 -0.000192  0.000000 -0.059609  0.000000 ) 
 (  0.000590  0.000000 -0.000192  0.000000  0.059609  0.000000 ) 
 ( -0.000590  0.000000 -0.000192  0.000000 -0.059609  0.000000 ) 
 ( -0.000590  0.000000 -0.000192  0.000000  0.059609  0.000000 ) 
 (  0.206952  0.000000 -0.141802  0.000000  0.131132  0.000000 ) 
 (  0.206952  0.000000 -0.141802  0.000000 -0.131132  0.000000 ) 
 ( -0.206952  0.000000 -0.141802  0.000000  0.131132  0.000000 ) 
 ( -0.206952  0.000000 -0.141802  0.000000 -0.131132  0.000000 ) 
 ( -0.207805  0.000000  0.141333  0.000000 -0.131227  0.000000 ) 
 ( -0.207805  0.000000  0.141333  0.000000  0.131227  0.000000 ) 
 (  0.207805  0.000000  0.141333  0.000000 -0.131227  0.000000 ) 
 (  0.207805  0.000000  0.141333  0.000000  0.131227  0.000000 ) 
     freq (   30) =      12.559574 [THz] =     418.942288 [cm-1]
 ( -0.000104  0.000000 -0.000324  0.000000 -0.000000  0.000000 ) 
 ( -0.000104  0.000000  0.000324  0.000000  0.000000  0.000000 ) 
 ( -0.000129  0.000000 -0.000488  0.000000  0.027542  0.000000 ) 
 ( -0.000129  0.000000 -0.000488  0.000000 -0.027542  0.000000 ) 
 ( -0.000129  0.000000  0.000488  0.000000 -0.027542  0.000000 ) 
 ( -0.000129  0.000000  0.000488  0.000000  0.027542  0.000000 ) 
 ( -0.000023  0.000000 -0.000925  0.000000  0.315859  0.000000 ) 
 ( -0.000023  0.000000 -0.000925  0.000000 -0.315859  0.000000 ) 
 ( -0.000023  0.000000  0.000925  0.000000 -0.315859  0.000000 ) 
 ( -0.000023  0.000000  0.000925  0.000000  0.315859  0.000000 ) 
 ( -0.000459  0.000000 -0.000424  0.000000  0.020461  0.000000 ) 
 ( -0.000459  0.000000 -0.000424  0.000000 -0.020461  0.000000 ) 
 ( -0.000459  0.000000  0.000424  0.000000 -0.020461  0.000000 ) 
 ( -0.000459  0.000000  0.000424  0.000000  0.020461  0.000000 ) 
 ( -0.229413  0.000000  0.103341  0.000000 -0.105787  0.000000 ) 
 ( -0.229413  0.000000  0.103341  0.000000  0.105787  0.000000 ) 
 ( -0.229413  0.000000 -0.103341  0.000000  0.105787  0.000000 ) 
 ( -0.229413  0.000000 -0.103341  0.000000 -0.105787  0.000000 ) 
 (  0.228886  0.000000 -0.104307  0.000000  0.106230  0.000000 ) 
 (  0.228886  0.000000 -0.104307  0.000000 -0.106230  0.000000 ) 
 (  0.228886  0.000000  0.104307  0.000000 -0.106230  0.000000 ) 
 (  0.228886  0.000000  0.104307  0.000000  0.106230  0.000000 ) 
     freq (   31) =      30.492949 [THz] =    1017.135301 [cm-1]
 (  0.000000  0.000000 -0.000000  0.000000  0.000001  0.000000 ) 
 (  0.000000  0.000000  0.000000  0.000000  0.000001  0.000000 ) 
 ( -0.046930  0.000000 -0.042100  0.000000  0.000505  0.000000 ) 
 (  0.046930  0.000000  0.042100  0.000000  0.000505  0.000000 ) 
 (  0.046930  0.000000 -0.042100  0.000000  0.000505  0.000000 ) 
 ( -0.046930  0.000000  0.042100  0.000000  0.000505  0.000000 ) 
 (  0.003418  0.000000  0.236701  0.000000 -0.002160  0.000000 ) 
 ( -0.003418  0.000000 -0.236701  0.000000 -0.002160  0.000000 ) 
 ( -0.003418  0.000000  0.236701  0.000000 -0.002160  0.000000 ) 
 (  0.003418  0.000000 -0.236701  0.000000 -0.002160  0.000000 ) 
 (  0.111878  0.000000 -0.099509  0.000000 -0.002220  0.000000 ) 
 ( -0.111878  0.000000  0.099509  0.000000 -0.002220  0.000000 ) 
 ( -0.111878  0.000000 -0.099509  0.000000 -0.002220  0.000000 ) 
 (  0.111878  0.000000  0.099509  0.000000 -0.002220  0.000000 ) 
 (  0.227045  0.000000  0.174238  0.000000 -0.048534  0.000000 ) 
 ( -0.227045  0.000000 -0.174238  0.000000 -0.048534  0.000000 ) 
 ( -0.227045  0.000000  0.174238  0.000000 -0.048534  0.000000 ) 
 (  0.227045  0.000000 -0.174238  0.000000 -0.048534  0.000000 ) 
 ( -0.227268  0.000000 -0.171439  0.000000  0.047451  0.000000 ) 
 (  0.227268  0.000000  0.171439  0.000000  0.047451  0.000000 ) 
 (  0.227268  0.000000 -0.171439  0.000000  0.047451  0.000000 ) 
 ( -0.227268  0.000000  0.171439  0.000000  0.047451  0.000000 ) 
     freq (   32) =      30.692302 [THz] =    1023.785011 [cm-1]
 (  0.000000  0.000000  0.000000  0.000000 -0.000035  0.000000 ) 
 ( -0.000000  0.000000  0.000000  0.000000  0.000035  0.000000 ) 
 (  0.045190  0.000000  0.046221  0.000000  0.000256  0.000000 ) 
 ( -0.045190  0.000000 -0.046221  0.000000  0.000256  0.000000 ) 
 (  0.045190  0.000000 -0.046221  0.000000 -0.000256  0.000000 ) 
 ( -0.045190  0.000000  0.046221  0.000000 -0.000256  0.000000 ) 
 ( -0.007174  0.000000 -0.251281  0.000000 -0.000415  0.000000 ) 
 (  0.007174  0.000000  0.251281  0.000000 -0.000415  0.000000 ) 
 ( -0.007174  0.000000  0.251281  0.000000  0.000415  0.000000 ) 
 (  0.007174  0.000000 -0.251281  0.000000  0.000415  0.000000 ) 
 ( -0.088936  0.000000  0.090366  0.000000 -0.000594  0.000000 ) 
 (  0.088936  0.000000 -0.090366  0.000000 -0.000594  0.000000 ) 
 ( -0.088936  0.000000 -0.090366  0.000000  0.000594  0.000000 ) 
 (  0.088936  0.000000  0.090366  0.000000  0.000594  0.000000 ) 
 ( -0.217658  0.000000 -0.180484  0.000000  0.057789  0.000000 ) 
 (  0.217658  0.000000  0.180484  0.000000  0.057789  0.000000 ) 
 ( -0.217658  0.000000  0.180484  0.000000 -0.057789  0.000000 ) 
 (  0.217658  0.000000 -0.180484  0.000000 -0.057789  0.000000 ) 
 (  0.216862  0.000000  0.181279  0.000000 -0.058069  0.000000 ) 
 ( -0.216862  0.000000 -0.181279  0.000000 -0.058069  0.000000 ) 
 (  0.216862  0.000000 -0.181279  0.000000  0.058069  0.000000 ) 
 ( -0.216862  0.000000  0.181279  0.000000  0.058069  0.000000 ) 
     freq (   33) =      30.746764 [THz] =    1025.601659 [cm-1]
 ( -0.000517  0.000000 -0.000296  0.000000 -0.000000  0.000000 ) 
 (  0.000517  0.000000 -0.000296  0.000000 -0.000000  0.000000 ) 
 ( -0.039793  0.000000 -0.049250  0.000000 -0.000021  0.000000 ) 
 ( -0.039793  0.000000 -0.049250  0.000000  0.000021  0.000000 ) 
 (  0.039793  0.000000 -0.049250  0.000000 -0.000021  0.000000 ) 
 (  0.039793  0.000000 -0.049250  0.000000  0.000021  0.000000 ) 
 (  0.010697  0.000000  0.267566  0.000000  0.000407  0.000000 ) 
 (  0.010697  0.000000  0.267566  0.000000 -0.000407  0.000000 ) 
 ( -0.010697  0.000000  0.267566  0.000000  0.000407  0.000000 ) 
 ( -0.010697  0.000000  0.267566  0.000000 -0.000407  0.000000 ) 
 (  0.075359  0.000000 -0.083131  0.000000 -0.000231  0.000000 ) 
 (  0.075359  0.000000 -0.083131  0.000000  0.000231  0.000000 ) 
 ( -0.075359  0.000000 -0.083131  0.000000 -0.000231  0.000000 ) 
 ( -0.075359  0.000000 -0.083131  0.000000  0.000231  0.000000 ) 
 (  0.207837  0.000000  0.182927  0.000000 -0.065136  0.000000 ) 
 (  0.207837  0.000000  0.182927  0.000000  0.065136  0.000000 ) 
 ( -0.207837  0.000000  0.182927  0.000000 -0.065136  0.000000 ) 
 ( -0.207837  0.000000  0.182927  0.000000  0.065136  0.000000 ) 
 (  0.207500  0.000000  0.182975  0.000000 -0.065247  0.000000 ) 
 (  0.207500  0.000000  0.182975  0.000000  0.065247  0.000000 ) 
 ( -0.207500  0.000000  0.182975  0.000000 -0.065247  0.000000 ) 
 ( -0.207500  0.000000  0.182975  0.000000  0.065247  0.000000 ) 
     freq (   34) =      30.863800 [THz] =    1029.505543 [cm-1]
 (  0.000738  0.000000  0.000780  0.000000  0.000000  0.000000 ) 
 (  0.000738  0.000000 -0.000780  0.000000  0.000000  0.000000 ) 
 (  0.043565  0.000000  0.046345  0.000000 -0.000354  0.000000 ) 
 (  0.043565  0.000000  0.046345  0.000000  0.000354  0.000000 ) 
 (  0.043565  0.000000 -0.046345  0.000000  0.000354  0.000000 ) 
 (  0.043565  0.000000 -0.046345  0.000000 -0.000354  0.000000 ) 
 ( -0.009029  0.000000 -0.257651  0.000000  0.000949  0.000000 ) 
 ( -0.009029  0.000000 -0.257651  0.000000 -0.000949  0.000000 ) 
 ( -0.009029  0.000000  0.257651  0.000000 -0.000949  0.000000 ) 
 ( -0.009029  0.000000  0.257651  0.000000  0.000949  0.000000 ) 
 ( -0.083423  0.000000  0.089000  0.000000  0.001225  0.000000 ) 
 ( -0.083423  0.000000  0.089000  0.000000 -0.001225  0.000000 ) 
 ( -0.083423  0.000000 -0.089000  0.000000 -0.001225  0.000000 ) 
 ( -0.083423  0.000000 -0.089000  0.000000  0.001225  0.000000 ) 
 ( -0.212034  0.000000 -0.183380  0.000000  0.061054  0.000000 ) 
 ( -0.212034  0.000000 -0.183380  0.000000 -0.061054  0.000000 ) 
 ( -0.212034  0.000000  0.183380  0.000000 -0.061054  0.000000 ) 
 ( -0.212034  0.000000  0.183380  0.000000  0.061054  0.000000 ) 
 ( -0.213190  0.000000 -0.182152  0.000000  0.060514  0.000000 ) 
 ( -0.213190  0.000000 -0.182152  0.000000 -0.060514  0.000000 ) 
 ( -0.213190  0.000000  0.182152  0.000000 -0.060514  0.000000 ) 
 ( -0.213190  0.000000  0.182152  0.000000  0.060514  0.000000 ) 
     freq (   35) =      31.828678 [THz] =    1061.690411 [cm-1]
 ( -0.000000  0.000000 -0.000000  0.000000  0.000033  0.000000 ) 
 (  0.000000  0.000000 -0.000000  0.000000 -0.000033  0.000000 ) 
 (  0.046971  0.000000 -0.047892  0.000000 -0.000664  0.000000 ) 
 ( -0.046971  0.000000  0.047892  0.000000 -0.000664  0.000000 ) 
 (  0.046971  0.000000  0.047892  0.000000  0.000664  0.000000 ) 
 ( -0.046971  0.000000 -0.047892  0.000000  0.000664  0.000000 ) 
 (  0.060901  0.000000  0.207752  0.000000  0.002351  0.000000 ) 
 ( -0.060901  0.000000 -0.207752  0.000000  0.002351  0.000000 ) 
 (  0.060901  0.000000 -0.207752  0.000000 -0.002351  0.000000 ) 
 ( -0.060901  0.000000  0.207752  0.000000 -0.002351  0.000000 ) 
 ( -0.287713  0.000000  0.139440  0.000000  0.002564  0.000000 ) 
 (  0.287713  0.000000 -0.139440  0.000000  0.002564  0.000000 ) 
 ( -0.287713  0.000000 -0.139440  0.000000 -0.002564  0.000000 ) 
 (  0.287713  0.000000  0.139440  0.000000 -0.002564  0.000000 ) 
 ( -0.147531  0.000000  0.091770  0.000000 -0.131904  0.000000 ) 
 (  0.147531  0.000000 -0.091770  0.000000 -0.131904  0.000000 ) 
 ( -0.147531  0.000000 -0.091770  0.000000  0.131904  0.000000 ) 
 (  0.147531  0.000000  0.091770  0.000000  0.131904  0.000000 ) 
 (  0.149075  0.000000 -0.094322  0.000000  0.133001  0.000000 ) 
 ( -0.149075  0.000000  0.094322  0.000000  0.133001  0.000000 ) 
 (  0.149075  0.000000  0.094322  0.000000 -0.133001  0.000000 ) 
 ( -0.149075  0.000000 -0.094322  0.000000 -0.133001  0.000000 ) 
     freq (   36) =      31.843304 [THz] =    1062.178294 [cm-1]
 ( -0.000029  0.000000 -0.000026  0.000000  0.000000  0.000000 ) 
 ( -0.000029  0.000000  0.000026  0.000000 -0.000000  0.000000 ) 
 (  0.049724  0.000000 -0.047989  0.000000 -0.000221  0.000000 ) 
 (  0.049724  0.000000 -0.047989  0.000000  0.000221  0.000000 ) 
 (  0.049724  0.000000  0.047989  0.000000  0.000221  0.000000 ) 
 (  0.049724  0.000000  0.047989  0.000000 -0.000221  0.000000 ) 
 (  0.061979  0.000000  0.198094  0.000000  0.001108  0.000000 ) 
 (  0.061979  0.000000  0.198094  0.000000 -0.001108  0.000000 ) 
 (  0.061979  0.000000 -0.198094  0.000000 -0.001108  0.000000 ) 
 (  0.061979  0.000000 -0.198094  0.000000  0.001108  0.000000 ) 
 ( -0.288737  0.000000  0.139775  0.000000  0.000928  0.000000 ) 
 ( -0.288737  0.000000  0.139775  0.000000 -0.000928  0.000000 ) 
 ( -0.288737  0.000000 -0.139775  0.000000 -0.000928  0.000000 ) 
 ( -0.288737  0.000000 -0.139775  0.000000  0.000928  0.000000 ) 
 ( -0.152781  0.000000  0.090328  0.000000 -0.133657  0.000000 ) 
 ( -0.152781  0.000000  0.090328  0.000000  0.133657  0.000000 ) 
 ( -0.152781  0.000000 -0.090328  0.000000  0.133657  0.000000 ) 
 ( -0.152781  0.000000 -0.090328  0.000000 -0.133657  0.000000 ) 
 ( -0.153561  0.000000  0.091145  0.000000 -0.134089  0.000000 ) 
 ( -0.153561  0.000000  0.091145  0.000000  0.134089  0.000000 ) 
 ( -0.153561  0.000000 -0.091145  0.000000  0.134089  0.000000 ) 
 ( -0.153561  0.000000 -0.091145  0.000000 -0.134089  0.000000 ) 
     freq (   37) =      31.976635 [THz] =    1066.625732 [cm-1]
 (  0.000476  0.000000  0.000011  0.000000 -0.000000  0.000000 ) 
 ( -0.000476  0.000000  0.000011  0.000000 -0.000000  0.000000 ) 
 (  0.048788  0.000000 -0.046313  0.000000 -0.000680  0.000000 ) 
 (  0.048788  0.000000 -0.046313  0.000000  0.000680  0.000000 ) 
 ( -0.048788  0.000000 -0.046313  0.000000 -0.000680  0.000000 ) 
 ( -0.048788  0.000000 -0.046313  0.000000  0.000680  0.000000 ) 
 (  0.061953  0.000000  0.189623  0.000000  0.002344  0.000000 ) 
 (  0.061953  0.000000  0.189623  0.000000 -0.002344  0.000000 ) 
 ( -0.061953  0.000000  0.189623  0.000000  0.002344  0.000000 ) 
 ( -0.061953  0.000000  0.189623  0.000000 -0.002344  0.000000 ) 
 ( -0.298504  0.000000  0.146258  0.000000  0.003814  0.000000 ) 
 ( -0.298504  0.000000  0.146258  0.000000 -0.003814  0.000000 ) 
 (  0.298504  0.000000  0.146258  0.000000  0.003814  0.000000 ) 
 (  0.298504  0.000000  0.146258  0.000000 -0.003814  0.000000 ) 
 ( -0.158187  0.000000  0.077285  0.000000 -0.126703  0.000000 ) 
 ( -0.158187  0.000000  0.077285  0.000000  0.126703  0.000000 ) 
 (  0.158187  0.000000  0.077285  0.000000 -0.126703  0.000000 ) 
 (  0.158187  0.000000  0.077285  0.000000  0.126703  0.000000 ) 
 ( -0.158896  0.000000  0.080538  0.000000 -0.127983  0.000000 ) 
 ( -0.158896  0.000000  0.080538  0.000000  0.127983  0.000000 ) 
 (  0.158896  0.000000  0.080538  0.000000 -0.127983  0.000000 ) 
 (  0.158896  0.000000  0.080538  0.000000  0.127983  0.000000 ) 
     freq (   38) =      32.240579 [THz] =    1075.429955 [cm-1]
 ( -0.000000  0.000000  0.000000  0.000000 -0.000005  0.000000 ) 
 (  0.000000  0.000000  0.000000  0.000000 -0.000005  0.000000 ) 
 (  0.041608  0.000000 -0.048091  0.000000 -0.000630  0.000000 ) 
 ( -0.041608  0.000000  0.048091  0.000000 -0.000630  0.000000 ) 
 ( -0.041608  0.000000 -0.048091  0.000000 -0.000630  0.000000 ) 
 (  0.041608  0.000000  0.048091  0.000000 -0.000630  0.000000 ) 
 (  0.062021  0.000000  0.227765  0.000000  0.002790  0.000000 ) 
 ( -0.062021  0.000000 -0.227765  0.000000  0.002790  0.000000 ) 
 ( -0.062021  0.000000  0.227765  0.000000  0.002790  0.000000 ) 
 (  0.062021  0.000000 -0.227765  0.000000  0.002790  0.000000 ) 
 ( -0.283636  0.000000  0.132142  0.000000  0.003308  0.000000 ) 
 (  0.283636  0.000000 -0.132142  0.000000  0.003308  0.000000 ) 
 (  0.283636  0.000000  0.132142  0.000000  0.003308  0.000000 ) 
 ( -0.283636  0.000000 -0.132142  0.000000  0.003308  0.000000 ) 
 ( -0.128869  0.000000  0.102989  0.000000 -0.134755  0.000000 ) 
 (  0.128869  0.000000 -0.102989  0.000000 -0.134755  0.000000 ) 
 (  0.128869  0.000000  0.102989  0.000000 -0.134755  0.000000 ) 
 ( -0.128869  0.000000 -0.102989  0.000000 -0.134755  0.000000 ) 
 (  0.131184  0.000000 -0.105754  0.000000  0.136148  0.000000 ) 
 ( -0.131184  0.000000  0.105754  0.000000  0.136148  0.000000 ) 
 ( -0.131184  0.000000 -0.105754  0.000000  0.136148  0.000000 ) 
 (  0.131184  0.000000  0.105754  0.000000  0.136148  0.000000 ) 
     freq (   39) =      32.286957 [THz] =    1076.976954 [cm-1]
 (  0.000000  0.000000 -0.000008  0.000000 -0.000000  0.000000 ) 
 ( -0.000000  0.000000 -0.000008  0.000000  0.000000  0.000000 ) 
 (  0.000464  0.000000 -0.000477  0.000000  0.065160  0.000000 ) 
 (  0.000464  0.000000 -0.000477  0.000000 -0.065160  0.000000 ) 
 ( -0.000464  0.000000 -0.000477  0.000000  0.065160  0.000000 ) 
 ( -0.000464  0.000000 -0.000477  0.000000 -0.065160  0.000000 ) 
 (  0.000723  0.000000  0.002101  0.000000 -0.260301  0.000000 ) 
 (  0.000723  0.000000  0.002101  0.000000  0.260301  0.000000 ) 
 ( -0.000723  0.000000  0.002101  0.000000 -0.260301  0.000000 ) 
 ( -0.000723  0.000000  0.002101  0.000000  0.260301  0.000000 ) 
 ( -0.003095  0.000000  0.001377  0.000000 -0.341920  0.000000 ) 
 ( -0.003095  0.000000  0.001377  0.000000  0.341920  0.000000 ) 
 (  0.003095  0.000000  0.001377  0.000000 -0.341920  0.000000 ) 
 (  0.003095  0.000000  0.001377  0.000000  0.341920  0.000000 ) 
 ( -0.057327  0.000000  0.153039  0.000000 -0.066564  0.000000 ) 
 ( -0.057327  0.000000  0.153039  0.000000  0.066564  0.000000 ) 
 (  0.057327  0.000000  0.153039  0.000000 -0.066564  0.000000 ) 
 (  0.057327  0.000000  0.153039  0.000000  0.066564  0.000000 ) 
 (  0.054073  0.000000 -0.151305  0.000000  0.064155  0.000000 ) 
 (  0.054073  0.000000 -0.151305  0.000000 -0.064155  0.000000 ) 
 ( -0.054073  0.000000 -0.151305  0.000000  0.064155  0.000000 ) 
 ( -0.054073  0.000000 -0.151305  0.000000 -0.064155  0.000000 ) 
     freq (   40) =      32.314174 [THz] =    1077.884810 [cm-1]
 ( -0.000000  0.000000  0.000000  0.000000 -0.000310  0.000000 ) 
 ( -0.000000  0.000000 -0.000000  0.000000  0.000310  0.000000 ) 
 (  0.000265  0.000000 -0.000558  0.000000  0.064683  0.000000 ) 
 ( -0.000265  0.000000  0.000558  0.000000  0.064683  0.000000 ) 
 (  0.000265  0.000000  0.000558  0.000000 -0.064683  0.000000 ) 
 ( -0.000265  0.000000 -0.000558  0.000000 -0.064683  0.000000 ) 
 (  0.000368  0.000000  0.002354  0.000000 -0.266047  0.000000 ) 
 ( -0.000368  0.000000 -0.002354  0.000000 -0.266047  0.000000 ) 
 (  0.000368  0.000000 -0.002354  0.000000  0.266047  0.000000 ) 
 ( -0.000368  0.000000  0.002354  0.000000  0.266047  0.000000 ) 
 ( -0.002338  0.000000  0.001282  0.000000 -0.335063  0.000000 ) 
 (  0.002338  0.000000 -0.001282  0.000000 -0.335063  0.000000 ) 
 ( -0.002338  0.000000 -0.001282  0.000000  0.335063  0.000000 ) 
 (  0.002338  0.000000  0.001282  0.000000  0.335063  0.000000 ) 
 ( -0.060204  0.000000  0.153598  0.000000 -0.068707  0.000000 ) 
 (  0.060204  0.000000 -0.153598  0.000000 -0.068707  0.000000 ) 
 ( -0.060204  0.000000 -0.153598  0.000000  0.068707  0.000000 ) 
 (  0.060204  0.000000  0.153598  0.000000  0.068707  0.000000 ) 
 ( -0.058992  0.000000  0.151564  0.000000 -0.066071  0.000000 ) 
 (  0.058992  0.000000 -0.151564  0.000000 -0.066071  0.000000 ) 
 ( -0.058992  0.000000 -0.151564  0.000000  0.066071  0.000000 ) 
 (  0.058992  0.000000  0.151564  0.000000  0.066071  0.000000 ) 
     freq (   41) =      32.353954 [THz] =    1079.211723 [cm-1]
 (  0.000009  0.000000  0.000019  0.000000  0.000000  0.000000 ) 
 (  0.000009  0.000000 -0.000019  0.000000  0.000000  0.000000 ) 
 (  0.000329  0.000000  0.000063  0.000000  0.065592  0.000000 ) 
 (  0.000329  0.000000  0.000063  0.000000 -0.065592  0.000000 ) 
 (  0.000329  0.000000 -0.000063  0.000000 -0.065592  0.000000 ) 
 (  0.000329  0.000000 -0.000063  0.000000  0.065592  0.000000 ) 
 (  0.000085  0.000000 -0.000225  0.000000 -0.272893  0.000000 ) 
 (  0.000085  0.000000 -0.000225  0.000000  0.272893  0.000000 ) 
 (  0.000085  0.000000  0.000225  0.000000  0.272893  0.000000 ) 
 (  0.000085  0.000000  0.000225  0.000000 -0.272893  0.000000 ) 
 ( -0.001236  0.000000  0.000919  0.000000 -0.329997  0.000000 ) 
 ( -0.001236  0.000000  0.000919  0.000000  0.329997  0.000000 ) 
 ( -0.001236  0.000000 -0.000919  0.000000  0.329997  0.000000 ) 
 ( -0.001236  0.000000 -0.000919  0.000000 -0.329997  0.000000 ) 
 ( -0.062415  0.000000  0.151097  0.000000 -0.066702  0.000000 ) 
 ( -0.062415  0.000000  0.151097  0.000000  0.066702  0.000000 ) 
 ( -0.062415  0.000000 -0.151097  0.000000  0.066702  0.000000 ) 
 ( -0.062415  0.000000 -0.151097  0.000000 -0.066702  0.000000 ) 
 (  0.059687  0.000000 -0.152345  0.000000  0.066177  0.000000 ) 
 (  0.059687  0.000000 -0.152345  0.000000 -0.066177  0.000000 ) 
 (  0.059687  0.000000  0.152345  0.000000 -0.066177  0.000000 ) 
 (  0.059687  0.000000  0.152345  0.000000  0.066177  0.000000 ) 
     freq (   42) =      32.521976 [THz] =    1084.816350 [cm-1]
 (  0.000000  0.000000 -0.000000  0.000000  0.000317  0.000000 ) 
 ( -0.000000  0.000000  0.000000  0.000000  0.000317  0.000000 ) 
 (  0.000627  0.000000 -0.000306  0.000000  0.066359  0.000000 ) 
 ( -0.000627  0.000000  0.000306  0.000000  0.066359  0.000000 ) 
 ( -0.000627  0.000000 -0.000306  0.000000  0.066359  0.000000 ) 
 (  0.000627  0.000000  0.000306  0.000000  0.066359  0.000000 ) 
 (  0.000588  0.000000  0.000323  0.000000 -0.266483  0.000000 ) 
 ( -0.000588  0.000000 -0.000323  0.000000 -0.266483  0.000000 ) 
 ( -0.000588  0.000000  0.000323  0.000000 -0.266483  0.000000 ) 
 (  0.000588  0.000000 -0.000323  0.000000 -0.266483  0.000000 ) 
 ( -0.003818  0.000000  0.001749  0.000000 -0.334403  0.000000 ) 
 (  0.003818  0.000000 -0.001749  0.000000 -0.334403  0.000000 ) 
 (  0.003818  0.000000  0.001749  0.000000 -0.334403  0.000000 ) 
 ( -0.003818  0.000000 -0.001749  0.000000 -0.334403  0.000000 ) 
 ( -0.063722  0.000000  0.152854  0.000000 -0.066429  0.000000 ) 
 (  0.063722  0.000000 -0.152854  0.000000 -0.066429  0.000000 ) 
 (  0.063722  0.000000  0.152854  0.000000 -0.066429  0.000000 ) 
 ( -0.063722  0.000000 -0.152854  0.000000 -0.066429  0.000000 ) 
 ( -0.057059  0.000000  0.153268  0.000000 -0.064456  0.000000 ) 
 (  0.057059  0.000000 -0.153268  0.000000 -0.064456  0.000000 ) 
 (  0.057059  0.000000  0.153268  0.000000 -0.064456  0.000000 ) 
 ( -0.057059  0.000000 -0.153268  0.000000 -0.064456  0.000000 ) 
     freq (   43) =      35.757640 [THz] =    1192.746483 [cm-1]
 ( -0.000000  0.000000 -0.000000  0.000000 -0.000089  0.000000 ) 
 ( -0.000000  0.000000 -0.000000  0.000000  0.000089  0.000000 ) 
 (  0.000031  0.000000 -0.000044  0.000000  0.004372  0.000000 ) 
 ( -0.000031  0.000000  0.000044  0.000000  0.004372  0.000000 ) 
 (  0.000031  0.000000  0.000044  0.000000 -0.004372  0.000000 ) 
 ( -0.000031  0.000000 -0.000044  0.000000 -0.004372  0.000000 ) 
 (  0.000435  0.000000  0.000023  0.000000 -0.286966  0.000000 ) 
 ( -0.000435  0.000000 -0.000023  0.000000 -0.286966  0.000000 ) 
 (  0.000435  0.000000 -0.000023  0.000000  0.286966  0.000000 ) 
 ( -0.000435  0.000000  0.000023  0.000000  0.286966  0.000000 ) 
 ( -0.000265  0.000000 -0.000400  0.000000  0.240978  0.000000 ) 
 (  0.000265  0.000000  0.000400  0.000000  0.240978  0.000000 ) 
 ( -0.000265  0.000000  0.000400  0.000000 -0.240978  0.000000 ) 
 (  0.000265  0.000000 -0.000400  0.000000 -0.240978  0.000000 ) 
 ( -0.218005  0.000000 -0.084634  0.000000 -0.010065  0.000000 ) 
 (  0.218005  0.000000  0.084634  0.000000 -0.010065  0.000000 ) 
 ( -0.218005  0.000000  0.084634  0.000000  0.010065  0.000000 ) 
 (  0.218005  0.000000 -0.084634  0.000000  0.010065  0.000000 ) 
 ( -0.217592  0.000000 -0.085553  0.000000 -0.010203  0.000000 ) 
 (  0.217592  0.000000  0.085553  0.000000 -0.010203  0.000000 ) 
 ( -0.217592  0.000000  0.085553  0.000000  0.010203  0.000000 ) 
 (  0.217592  0.000000 -0.085553  0.000000  0.010203  0.000000 ) 
     freq (   44) =      35.772973 [THz] =    1193.257934 [cm-1]
 (  0.000003  0.000000 -0.000002  0.000000  0.000000  0.000000 ) 
 (  0.000003  0.000000  0.000002  0.000000 -0.000000  0.000000 ) 
 ( -0.000001  0.000000  0.000027  0.000000  0.003137  0.000000 ) 
 ( -0.000001  0.000000  0.000027  0.000000 -0.003137  0.000000 ) 
 ( -0.000001  0.000000 -0.000027  0.000000 -0.003137  0.000000 ) 
 ( -0.000001  0.000000 -0.000027  0.000000  0.003137  0.000000 ) 
 (  0.000051  0.000000  0.001470  0.000000 -0.282902  0.000000 ) 
 (  0.000051  0.000000  0.001470  0.000000  0.282902  0.000000 ) 
 (  0.000051  0.000000 -0.001470  0.000000  0.282902  0.000000 ) 
 (  0.000051  0.000000 -0.001470  0.000000 -0.282902  0.000000 ) 
 ( -0.001314  0.000000  0.000879  0.000000  0.243893  0.000000 ) 
 ( -0.001314  0.000000  0.000879  0.000000 -0.243893  0.000000 ) 
 ( -0.001314  0.000000 -0.000879  0.000000 -0.243893  0.000000 ) 
 ( -0.001314  0.000000 -0.000879  0.000000  0.243893  0.000000 ) 
 ( -0.217099  0.000000 -0.089404  0.000000 -0.008737  0.000000 ) 
 ( -0.217099  0.000000 -0.089404  0.000000  0.008737  0.000000 ) 
 ( -0.217099  0.000000  0.089404  0.000000  0.008737  0.000000 ) 
 ( -0.217099  0.000000  0.089404  0.000000 -0.008737  0.000000 ) 
 (  0.218164  0.000000  0.086983  0.000000  0.010252  0.000000 ) 
 (  0.218164  0.000000  0.086983  0.000000 -0.010252  0.000000 ) 
 (  0.218164  0.000000 -0.086983  0.000000 -0.010252  0.000000 ) 
 (  0.218164  0.000000 -0.086983  0.000000  0.010252  0.000000 ) 
     freq (   45) =      35.990074 [THz] =    1200.499638 [cm-1]
 (  0.000000  0.000000  0.000000  0.000000 -0.000231  0.000000 ) 
 ( -0.000000  0.000000  0.000000  0.000000 -0.000231  0.000000 ) 
 ( -0.000001  0.000000 -0.000038  0.000000 -0.004340  0.000000 ) 
 (  0.000001  0.000000  0.000038  0.000000 -0.004340  0.000000 ) 
 (  0.000001  0.000000 -0.000038  0.000000 -0.004340  0.000000 ) 
 ( -0.000001  0.000000  0.000038  0.000000 -0.004340  0.000000 ) 
 ( -0.000236  0.000000 -0.002021  0.000000  0.285753  0.000000 ) 
 (  0.000236  0.000000  0.002021  0.000000  0.285753  0.000000 ) 
 (  0.000236  0.000000 -0.002021  0.000000  0.285753  0.000000 ) 
 ( -0.000236  0.000000  0.002021  0.000000  0.285753  0.000000 ) 
 (  0.001569  0.000000 -0.000938  0.000000 -0.240062  0.000000 ) 
 ( -0.001569  0.000000  0.000938  0.000000 -0.240062  0.000000 ) 
 ( -0.001569  0.000000 -0.000938  0.000000 -0.240062  0.000000 ) 
 (  0.001569  0.000000  0.000938  0.000000 -0.240062  0.000000 ) 
 (  0.217686  0.000000  0.087837  0.000000  0.008053  0.000000 ) 
 ( -0.217686  0.000000 -0.087837  0.000000  0.008053  0.000000 ) 
 ( -0.217686  0.000000  0.087837  0.000000  0.008053  0.000000 ) 
 (  0.217686  0.000000 -0.087837  0.000000  0.008053  0.000000 ) 
 (  0.219328  0.000000  0.085540  0.000000  0.009977  0.000000 ) 
 ( -0.219328  0.000000 -0.085540  0.000000  0.009977  0.000000 ) 
 ( -0.219328  0.000000  0.085540  0.000000  0.009977  0.000000 ) 
 (  0.219328  0.000000 -0.085540  0.000000  0.009977  0.000000 ) 
     freq (   46) =      35.993795 [THz] =    1200.623755 [cm-1]
 ( -0.000006  0.000000 -0.000004  0.000000 -0.000000  0.000000 ) 
 (  0.000006  0.000000 -0.000004  0.000000 -0.000000  0.000000 ) 
 ( -0.000080  0.000000  0.000065  0.000000 -0.005785  0.000000 ) 
 ( -0.000080  0.000000  0.000065  0.000000  0.005785  0.000000 ) 
 (  0.000080  0.000000  0.000065  0.000000 -0.005785  0.000000 ) 
 (  0.000080  0.000000  0.000065  0.000000  0.005785  0.000000 ) 
 (  0.000323  0.000000  0.003939  0.000000  0.290711  0.000000 ) 
 (  0.000323  0.000000  0.003939  0.000000 -0.290711  0.000000 ) 
 ( -0.000323  0.000000  0.003939  0.000000  0.290711  0.000000 ) 
 ( -0.000323  0.000000  0.003939  0.000000 -0.290711  0.000000 ) 
 ( -0.003554  0.000000  0.002020  0.000000 -0.233992  0.000000 ) 
 ( -0.003554  0.000000  0.002020  0.000000  0.233992  0.000000 ) 
 (  0.003554  0.000000  0.002020  0.000000 -0.233992  0.000000 ) 
 (  0.003554  0.000000  0.002020  0.000000  0.233992  0.000000 ) 
 (  0.221478  0.000000  0.079968  0.000000  0.011841  0.000000 ) 
 (  0.221478  0.000000  0.079968  0.000000 -0.011841  0.000000 ) 
 ( -0.221478  0.000000  0.079968  0.000000  0.011841  0.000000 ) 
 ( -0.221478  0.000000  0.079968  0.000000 -0.011841  0.000000 ) 
 ( -0.217940  0.000000 -0.086838  0.000000 -0.006554  0.000000 ) 
 ( -0.217940  0.000000 -0.086838  0.000000  0.006554  0.000000 ) 
 (  0.217940  0.000000 -0.086838  0.000000 -0.006554  0.000000 ) 
 (  0.217940  0.000000 -0.086838  0.000000  0.006554  0.000000 ) 
     freq (   47) =      36.117110 [THz] =    1204.737124 [cm-1]
 (  0.000314  0.000000  0.000099  0.000000  0.000000  0.000000 ) 
 ( -0.000314  0.000000  0.000099  0.000000  0.000000  0.000000 ) 
 ( -0.005204  0.000000  0.003969  0.000000  0.000095  0.000000 ) 
 ( -0.005204  0.000000  0.003969  0.000000 -0.000095  0.000000 ) 
 (  0.005204  0.000000  0.003969  0.000000  0.000095  0.000000 ) 
 (  0.005204  0.000000  0.003969  0.000000 -0.000095  0.000000 ) 
 (  0.023631  0.000000  0.227144  0.000000 -0.004978  0.000000 ) 
 (  0.023631  0.000000  0.227144  0.000000  0.004978  0.000000 ) 
 ( -0.023631  0.000000  0.227144  0.000000 -0.004978  0.000000 ) 
 ( -0.023631  0.000000  0.227144  0.000000  0.004978  0.000000 ) 
 ( -0.184679  0.000000  0.101196  0.000000  0.004083  0.000000 ) 
 ( -0.184679  0.000000  0.101196  0.000000 -0.004083  0.000000 ) 
 (  0.184679  0.000000  0.101196  0.000000  0.004083  0.000000 ) 
 (  0.184679  0.000000  0.101196  0.000000 -0.004083  0.000000 ) 
 (  0.119749  0.000000 -0.190912  0.000000  0.159669  0.000000 ) 
 (  0.119749  0.000000 -0.190912  0.000000 -0.159669  0.000000 ) 
 ( -0.119749  0.000000 -0.190912  0.000000  0.159669  0.000000 ) 
 ( -0.119749  0.000000 -0.190912  0.000000 -0.159669  0.000000 ) 
 (  0.127455  0.000000 -0.187919  0.000000  0.159926  0.000000 ) 
 (  0.127455  0.000000 -0.187919  0.000000 -0.159926  0.000000 ) 
 ( -0.127455  0.000000 -0.187919  0.000000  0.159926  0.000000 ) 
 ( -0.127455  0.000000 -0.187919  0.000000 -0.159926  0.000000 ) 
     freq (   48) =      36.214218 [THz] =    1207.976287 [cm-1]
 ( -0.000424  0.000000  0.000032  0.000000  0.000000  0.000000 ) 
 ( -0.000424  0.000000 -0.000032  0.000000 -0.000000  0.000000 ) 
 ( -0.004581  0.000000  0.002815  0.000000 -0.000031  0.000000 ) 
 ( -0.004581  0.000000  0.002815  0.000000  0.000031  0.000000 ) 
 ( -0.004581  0.000000 -0.002815  0.000000  0.000031  0.000000 ) 
 ( -0.004581  0.000000 -0.002815  0.000000 -0.000031  0.000000 ) 
 (  0.024692  0.000000  0.230830  0.000000  0.001785  0.000000 ) 
 (  0.024692  0.000000  0.230830  0.000000 -0.001785  0.000000 ) 
 (  0.024692  0.000000 -0.230830  0.000000 -0.001785  0.000000 ) 
 (  0.024692  0.000000 -0.230830  0.000000  0.001785  0.000000 ) 
 ( -0.191769  0.000000  0.103738  0.000000 -0.001413  0.000000 ) 
 ( -0.191769  0.000000  0.103738  0.000000  0.001413  0.000000 ) 
 ( -0.191769  0.000000 -0.103738  0.000000  0.001413  0.000000 ) 
 ( -0.191769  0.000000 -0.103738  0.000000 -0.001413  0.000000 ) 
 (  0.123596  0.000000 -0.186095  0.000000  0.156681  0.000000 ) 
 (  0.123596  0.000000 -0.186095  0.000000 -0.156681  0.000000 ) 
 (  0.123596  0.000000  0.186095  0.000000 -0.156681  0.000000 ) 
 (  0.123596  0.000000  0.186095  0.000000  0.156681  0.000000 ) 
 (  0.120945  0.000000 -0.186947  0.000000  0.156537  0.000000 ) 
 (  0.120945  0.000000 -0.186947  0.000000 -0.156537  0.000000 ) 
 (  0.120945  0.000000  0.186947  0.000000 -0.156537  0.000000 ) 
 (  0.120945  0.000000  0.186947  0.000000  0.156537  0.000000 ) 
     freq (   49) =      36.346904 [THz] =    1212.402220 [cm-1]
 ( -0.000000  0.000000 -0.000000  0.000000 -0.000000  0.000000 ) 
 (  0.000000  0.000000 -0.000000  0.000000 -0.000000  0.000000 ) 
 (  0.004575  0.000000 -0.002824  0.000000 -0.000008  0.000000 ) 
 ( -0.004575  0.000000  0.002824  0.000000 -0.000008  0.000000 ) 
 ( -0.004575  0.000000 -0.002824  0.000000 -0.000008  0.000000 ) 
 (  0.004575  0.000000  0.002824  0.000000 -0.000008  0.000000 ) 
 ( -0.021744  0.000000 -0.226187  0.000000 -0.001951  0.000000 ) 
 (  0.021744  0.000000  0.226187  0.000000 -0.001951  0.000000 ) 
 (  0.021744  0.000000 -0.226187  0.000000 -0.001951  0.000000 ) 
 ( -0.021744  0.000000  0.226187  0.000000 -0.001951  0.000000 ) 
 (  0.185082  0.000000 -0.101344  0.000000  0.001872  0.000000 ) 
 ( -0.185082  0.000000  0.101344  0.000000  0.001872  0.000000 ) 
 ( -0.185082  0.000000 -0.101344  0.000000  0.001872  0.000000 ) 
 (  0.185082  0.000000  0.101344  0.000000  0.001872  0.000000 ) 
 ( -0.126645  0.000000  0.188411  0.000000 -0.159656  0.000000 ) 
 (  0.126645  0.000000 -0.188411  0.000000 -0.159656  0.000000 ) 
 (  0.126645  0.000000  0.188411  0.000000 -0.159656  0.000000 ) 
 ( -0.126645  0.000000 -0.188411  0.000000 -0.159656  0.000000 ) 
 (  0.123602  0.000000 -0.189837  0.000000  0.159566  0.000000 ) 
 ( -0.123602  0.000000  0.189837  0.000000  0.159566  0.000000 ) 
 ( -0.123602  0.000000 -0.189837  0.000000  0.159566  0.000000 ) 
 (  0.123602  0.000000  0.189837  0.000000  0.159566  0.000000 ) 
     freq (   50) =      36.551885 [THz] =    1219.239643 [cm-1]
 ( -0.000000  0.000000 -0.000000  0.000000  0.000002  0.000000 ) 
 ( -0.000000  0.000000 -0.000000  0.000000 -0.000002  0.000000 ) 
 ( -0.004414  0.000000  0.002482  0.000000 -0.000031  0.000000 ) 
 (  0.004414  0.000000 -0.002482  0.000000 -0.000031  0.000000 ) 
 ( -0.004414  0.000000 -0.002482  0.000000  0.000031  0.000000 ) 
 (  0.004414  0.000000  0.002482  0.000000  0.000031  0.000000 ) 
 (  0.023815  0.000000  0.228778  0.000000 -0.000143  0.000000 ) 
 ( -0.023815  0.000000 -0.228778  0.000000 -0.000143  0.000000 ) 
 (  0.023815  0.000000 -0.228778  0.000000  0.000143  0.000000 ) 
 ( -0.023815  0.000000  0.228778  0.000000  0.000143  0.000000 ) 
 ( -0.187119  0.000000  0.102846  0.000000  0.000379  0.000000 ) 
 (  0.187119  0.000000 -0.102846  0.000000  0.000379  0.000000 ) 
 ( -0.187119  0.000000 -0.102846  0.000000 -0.000379  0.000000 ) 
 (  0.187119  0.000000  0.102846  0.000000 -0.000379  0.000000 ) 
 (  0.123481  0.000000 -0.187845  0.000000  0.158857  0.000000 ) 
 ( -0.123481  0.000000  0.187845  0.000000  0.158857  0.000000 ) 
 (  0.123481  0.000000  0.187845  0.000000 -0.158857  0.000000 ) 
 ( -0.123481  0.000000 -0.187845  0.000000 -0.158857  0.000000 ) 
 ( -0.123621  0.000000  0.187618  0.000000 -0.158826  0.000000 ) 
 (  0.123621  0.000000 -0.187618  0.000000 -0.158826  0.000000 ) 
 ( -0.123621  0.000000 -0.187618  0.000000  0.158826  0.000000 ) 
 (  0.123621  0.000000  0.187618  0.000000  0.158826  0.000000 ) 
     freq (   51) =      68.351104 [THz] =    2279.947400 [cm-1]
 (  0.000000  0.000000 -0.000000  0.000000 -0.000003  0.000000 ) 
 ( -0.000000  0.000000  0.000000  0.000000  0.000003  0.000000 ) 
 ( -0.004062  0.000000 -0.011777  0.000000  0.000074  0.000000 ) 
 (  0.004062  0.000000  0.011777  0.000000  0.000074  0.000000 ) 
 ( -0.004062  0.000000  0.011777  0.000000 -0.000074  0.000000 ) 
 (  0.004062  0.000000 -0.011777  0.000000 -0.000074  0.000000 ) 
 ( -0.214120  0.000000  0.021618  0.000000 -0.000199  0.000000 ) 
 (  0.214120  0.000000 -0.021618  0.000000 -0.000199  0.000000 ) 
 ( -0.214120  0.000000 -0.021618  0.000000  0.000199  0.000000 ) 
 (  0.214120  0.000000  0.021618  0.000000  0.000199  0.000000 ) 
 (  0.169484  0.000000  0.316793  0.000000  0.000716  0.000000 ) 
 ( -0.169484  0.000000 -0.316793  0.000000  0.000716  0.000000 ) 
 (  0.169484  0.000000 -0.316793  0.000000 -0.000716  0.000000 ) 
 ( -0.169484  0.000000  0.316793  0.000000 -0.000716  0.000000 ) 
 (  0.046291  0.000000 -0.101605  0.000000 -0.157980  0.000000 ) 
 ( -0.046291  0.000000  0.101605  0.000000 -0.157980  0.000000 ) 
 (  0.046291  0.000000  0.101605  0.000000  0.157980  0.000000 ) 
 ( -0.046291  0.000000 -0.101605  0.000000  0.157980  0.000000 ) 
 ( -0.046647  0.000000  0.100723  0.000000  0.157167  0.000000 ) 
 (  0.046647  0.000000 -0.100723  0.000000  0.157167  0.000000 ) 
 ( -0.046647  0.000000 -0.100723  0.000000 -0.157167  0.000000 ) 
 (  0.046647  0.000000  0.100723  0.000000 -0.157167  0.000000 ) 
     freq (   52) =      68.356419 [THz] =    2280.124713 [cm-1]
 ( -0.000000  0.000000 -0.000000  0.000000 -0.000001  0.000000 ) 
 (  0.000000  0.000000  0.000000  0.000000 -0.000001  0.000000 ) 
 (  0.002876  0.000000  0.009006  0.000000 -0.000218  0.000000 ) 
 ( -0.002876  0.000000 -0.009006  0.000000 -0.000218  0.000000 ) 
 ( -0.002876  0.000000  0.009006  0.000000 -0.000218  0.000000 ) 
 (  0.002876  0.000000 -0.009006  0.000000 -0.000218  0.000000 ) 
 (  0.225807  0.000000 -0.023810  0.000000  0.000216  0.000000 ) 
 ( -0.225807  0.000000  0.023810  0.000000  0.000216  0.000000 ) 
 ( -0.225807  0.000000 -0.023810  0.000000  0.000216  0.000000 ) 
 (  0.225807  0.000000  0.023810  0.000000  0.000216  0.000000 ) 
 ( -0.158391  0.000000 -0.298527  0.000000  0.000123  0.000000 ) 
 (  0.158391  0.000000  0.298527  0.000000  0.000123  0.000000 ) 
 (  0.158391  0.000000 -0.298527  0.000000  0.000123  0.000000 ) 
 ( -0.158391  0.000000  0.298527  0.000000  0.000123  0.000000 ) 
 ( -0.049377  0.000000  0.107078  0.000000  0.169648  0.000000 ) 
 (  0.049377  0.000000 -0.107078  0.000000  0.169648  0.000000 ) 
 (  0.049377  0.000000  0.107078  0.000000  0.169648  0.000000 ) 
 ( -0.049377  0.000000 -0.107078  0.000000  0.169648  0.000000 ) 
 (  0.048426  0.000000 -0.105696  0.000000 -0.167175  0.000000 ) 
 ( -0.048426  0.000000  0.105696  0.000000 -0.167175  0.000000 ) 
 ( -0.048426  0.000000 -0.105696  0.000000 -0.167175  0.000000 ) 
 (  0.048426  0.000000  0.105696  0.000000 -0.167175  0.000000 ) 
     freq (   53) =      68.382600 [THz] =    2280.998012 [cm-1]
 (  0.000102  0.000000 -0.000077  0.000000  0.000000  0.000000 ) 
 ( -0.000102  0.000000 -0.000077  0.000000  0.000000  0.000000 ) 
 ( -0.002870  0.000000 -0.012738  0.000000 -0.000188  0.000000 ) 
 ( -0.002870  0.000000 -0.012738  0.000000  0.000188  0.000000 ) 
 (  0.002870  0.000000 -0.012738  0.000000 -0.000188  0.000000 ) 
 (  0.002870  0.000000 -0.012738  0.000000  0.000188  0.000000 ) 
 ( -0.224141  0.000000  0.022681  0.000000 -0.000116  0.000000 ) 
 ( -0.224141  0.000000  0.022681  0.000000  0.000116  0.000000 ) 
 (  0.224141  0.000000  0.022681  0.000000 -0.000116  0.000000 ) 
 (  0.224141  0.000000  0.022681  0.000000  0.000116  0.000000 ) 
 (  0.169947  0.000000  0.317161  0.000000 -0.000153  0.000000 ) 
 (  0.169947  0.000000  0.317161  0.000000  0.000153  0.000000 ) 
 ( -0.169947  0.000000  0.317161  0.000000 -0.000153  0.000000 ) 
 ( -0.169947  0.000000  0.317161  0.000000  0.000153  0.000000 ) 
 (  0.043568  0.000000 -0.098170  0.000000 -0.150935  0.000000 ) 
 (  0.043568  0.000000 -0.098170  0.000000  0.150935  0.000000 ) 
 ( -0.043568  0.000000 -0.098170  0.000000 -0.150935  0.000000 ) 
 ( -0.043568  0.000000 -0.098170  0.000000  0.150935  0.000000 ) 
 (  0.044621  0.000000 -0.099610  0.000000 -0.152881  0.000000 ) 
 (  0.044621  0.000000 -0.099610  0.000000  0.152881  0.000000 ) 
 ( -0.044621  0.000000 -0.099610  0.000000 -0.152881  0.000000 ) 
 ( -0.044621  0.000000 -0.099610  0.000000  0.152881  0.000000 ) 
     freq (   54) =      68.414301 [THz] =    2282.055434 [cm-1]
 (  0.000065  0.000000  0.000155  0.000000 -0.000000  0.000000 ) 
 (  0.000065  0.000000 -0.000155  0.000000  0.000000  0.000000 ) 
 (  0.002721  0.000000  0.011227  0.000000 -0.000040  0.000000 ) 
 (  0.002721  0.000000  0.011227  0.000000  0.000040  0.000000 ) 
 (  0.002721  0.000000 -0.011227  0.000000  0.000040  0.000000 ) 
 (  0.002721  0.000000 -0.011227  0.000000 -0.000040  0.000000 ) 
 (  0.227640  0.000000 -0.023910  0.000000 -0.000480  0.000000 ) 
 (  0.227640  0.000000 -0.023910  0.000000  0.000480  0.000000 ) 
 (  0.227640  0.000000  0.023910  0.000000  0.000480  0.000000 ) 
 (  0.227640  0.000000  0.023910  0.000000 -0.000480  0.000000 ) 
 ( -0.164073  0.000000 -0.307823  0.000000  0.000015  0.000000 ) 
 ( -0.164073  0.000000 -0.307823  0.000000 -0.000015  0.000000 ) 
 ( -0.164073  0.000000  0.307823  0.000000 -0.000015  0.000000 ) 
 ( -0.164073  0.000000  0.307823  0.000000  0.000015  0.000000 ) 
 ( -0.048238  0.000000  0.101565  0.000000  0.159128  0.000000 ) 
 ( -0.048238  0.000000  0.101565  0.000000 -0.159128  0.000000 ) 
 ( -0.048238  0.000000 -0.101565  0.000000 -0.159128  0.000000 ) 
 ( -0.048238  0.000000 -0.101565  0.000000  0.159128  0.000000 ) 
 ( -0.048175  0.000000  0.101359  0.000000  0.158875  0.000000 ) 
 ( -0.048175  0.000000  0.101359  0.000000 -0.158875  0.000000 ) 
 ( -0.048175  0.000000 -0.101359  0.000000 -0.158875  0.000000 ) 
 ( -0.048175  0.000000 -0.101359  0.000000  0.158875  0.000000 ) 
     freq (   55) =      70.051897 [THz] =    2336.679755 [cm-1]
 (  0.000000  0.000000  0.000000  0.000000  0.000004  0.000000 ) 
 ( -0.000000  0.000000  0.000000  0.000000 -0.000004  0.000000 ) 
 (  0.036651  0.000000  0.031811  0.000000  0.000089  0.000000 ) 
 ( -0.036651  0.000000 -0.031811  0.000000  0.000089  0.000000 ) 
 (  0.036651  0.000000 -0.031811  0.000000 -0.000089  0.000000 ) 
 ( -0.036651  0.000000  0.031811  0.000000 -0.000089  0.000000 ) 
 ( -0.333228  0.000000  0.053408  0.000000 -0.000085  0.000000 ) 
 (  0.333228  0.000000 -0.053408  0.000000 -0.000085  0.000000 ) 
 ( -0.333228  0.000000 -0.053408  0.000000  0.000085  0.000000 ) 
 (  0.333228  0.000000  0.053408  0.000000  0.000085  0.000000 ) 
 ( -0.146328  0.000000 -0.284453  0.000000  0.000089  0.000000 ) 
 (  0.146328  0.000000  0.284453  0.000000  0.000089  0.000000 ) 
 ( -0.146328  0.000000  0.284453  0.000000 -0.000089  0.000000 ) 
 (  0.146328  0.000000 -0.284453  0.000000 -0.000089  0.000000 ) 
 (  0.041911  0.000000 -0.056732  0.000000 -0.104445  0.000000 ) 
 ( -0.041911  0.000000  0.056732  0.000000 -0.104445  0.000000 ) 
 (  0.041911  0.000000  0.056732  0.000000  0.104445  0.000000 ) 
 ( -0.041911  0.000000 -0.056732  0.000000  0.104445  0.000000 ) 
 ( -0.041677  0.000000  0.055949  0.000000  0.103319  0.000000 ) 
 (  0.041677  0.000000 -0.055949  0.000000  0.103319  0.000000 ) 
 ( -0.041677  0.000000 -0.055949  0.000000 -0.103319  0.000000 ) 
 (  0.041677  0.000000  0.055949  0.000000 -0.103319  0.000000 ) 
     freq (   56) =      70.138647 [THz] =    2339.573422 [cm-1]
 ( -0.000138  0.000000 -0.000033  0.000000  0.000000  0.000000 ) 
 (  0.000138  0.000000 -0.000033  0.000000  0.000000  0.000000 ) 
 ( -0.020623  0.000000 -0.043222  0.000000  0.000212  0.000000 ) 
 ( -0.020623  0.000000 -0.043222  0.000000 -0.000212  0.000000 ) 
 (  0.020623  0.000000 -0.043222  0.000000  0.000212  0.000000 ) 
 (  0.020623  0.000000 -0.043222  0.000000 -0.000212  0.000000 ) 
 (  0.192740  0.000000 -0.038916  0.000000  0.000075  0.000000 ) 
 (  0.192740  0.000000 -0.038916  0.000000 -0.000075  0.000000 ) 
 ( -0.192740  0.000000 -0.038916  0.000000  0.000075  0.000000 ) 
 ( -0.192740  0.000000 -0.038916  0.000000 -0.000075  0.000000 ) 
 (  0.157164  0.000000  0.293901  0.000000  0.000069  0.000000 ) 
 (  0.157164  0.000000  0.293901  0.000000 -0.000069  0.000000 ) 
 ( -0.157164  0.000000  0.293901  0.000000  0.000069  0.000000 ) 
 ( -0.157164  0.000000  0.293901  0.000000 -0.000069  0.000000 ) 
 ( -0.060067  0.000000  0.104557  0.000000  0.183813  0.000000 ) 
 ( -0.060067  0.000000  0.104557  0.000000 -0.183813  0.000000 ) 
 (  0.060067  0.000000  0.104557  0.000000  0.183813  0.000000 ) 
 (  0.060067  0.000000  0.104557  0.000000 -0.183813  0.000000 ) 
 ( -0.060925  0.000000  0.106133  0.000000  0.186177  0.000000 ) 
 ( -0.060925  0.000000  0.106133  0.000000 -0.186177  0.000000 ) 
 (  0.060925  0.000000  0.106133  0.000000  0.186177  0.000000 ) 
 (  0.060925  0.000000  0.106133  0.000000 -0.186177  0.000000 ) 
     freq (   57) =      70.168682 [THz] =    2340.575279 [cm-1]
 ( -0.000000  0.000000 -0.000000  0.000000 -0.000000  0.000000 ) 
 (  0.000000  0.000000 -0.000000  0.000000 -0.000000  0.000000 ) 
 ( -0.037082  0.000000 -0.030674  0.000000 -0.000100  0.000000 ) 
 (  0.037082  0.000000  0.030674  0.000000 -0.000100  0.000000 ) 
 (  0.037082  0.000000 -0.030674  0.000000 -0.000100  0.000000 ) 
 ( -0.037082  0.000000  0.030674  0.000000 -0.000100  0.000000 ) 
 (  0.328777  0.000000 -0.051559  0.000000  0.000039  0.000000 ) 
 ( -0.328777  0.000000  0.051559  0.000000  0.000039  0.000000 ) 
 ( -0.328777  0.000000 -0.051559  0.000000  0.000039  0.000000 ) 
 (  0.328777  0.000000  0.051559  0.000000  0.000039  0.000000 ) 
 (  0.152496  0.000000  0.302226  0.000000 -0.000012  0.000000 ) 
 ( -0.152496  0.000000 -0.302226  0.000000 -0.000012  0.000000 ) 
 ( -0.152496  0.000000  0.302226  0.000000 -0.000012  0.000000 ) 
 (  0.152496  0.000000 -0.302226  0.000000 -0.000012  0.000000 ) 
 ( -0.036005  0.000000  0.047379  0.000000  0.088186  0.000000 ) 
 (  0.036005  0.000000 -0.047379  0.000000  0.088186  0.000000 ) 
 (  0.036005  0.000000  0.047379  0.000000  0.088186  0.000000 ) 
 ( -0.036005  0.000000 -0.047379  0.000000  0.088186  0.000000 ) 
 (  0.035614  0.000000 -0.046660  0.000000 -0.087019  0.000000 ) 
 ( -0.035614  0.000000  0.046660  0.000000 -0.087019  0.000000 ) 
 ( -0.035614  0.000000 -0.046660  0.000000 -0.087019  0.000000 ) 
 (  0.035614  0.000000  0.046660  0.000000 -0.087019  0.000000 ) 
     freq (   58) =      70.208312 [THz] =    2341.897191 [cm-1]
 ( -0.000073  0.000000 -0.000031  0.000000 -0.000000  0.000000 ) 
 ( -0.000073  0.000000  0.000031  0.000000  0.000000  0.000000 ) 
 ( -0.039621  0.000000 -0.028431  0.000000 -0.000364  0.000000 ) 
 ( -0.039621  0.000000 -0.028431  0.000000  0.000364  0.000000 ) 
 ( -0.039621  0.000000  0.028431  0.000000  0.000364  0.000000 ) 
 ( -0.039621  0.000000  0.028431  0.000000 -0.000364  0.000000 ) 
 (  0.350843  0.000000 -0.054343  0.000000 -0.000240  0.000000 ) 
 (  0.350843  0.000000 -0.054343  0.000000  0.000240  0.000000 ) 
 (  0.350843  0.000000  0.054343  0.000000  0.000240  0.000000 ) 
 (  0.350843  0.000000  0.054343  0.000000 -0.000240  0.000000 ) 
 (  0.144767  0.000000  0.288507  0.000000 -0.000070  0.000000 ) 
 (  0.144767  0.000000  0.288507  0.000000  0.000070  0.000000 ) 
 (  0.144767  0.000000 -0.288507  0.000000  0.000070  0.000000 ) 
 (  0.144767  0.000000 -0.288507  0.000000 -0.000070  0.000000 ) 
 ( -0.033437  0.000000  0.042584  0.000000  0.078800  0.000000 ) 
 ( -0.033437  0.000000  0.042584  0.000000 -0.078800  0.000000 ) 
 ( -0.033437  0.000000 -0.042584  0.000000 -0.078800  0.000000 ) 
 ( -0.033437  0.000000 -0.042584  0.000000  0.078800  0.000000 ) 
 ( -0.032276  0.000000  0.039996  0.000000  0.074841  0.000000 ) 
 ( -0.032276  0.000000  0.039996  0.000000 -0.074841  0.000000 ) 
 ( -0.032276  0.000000 -0.039996  0.000000 -0.074841  0.000000 ) 
 ( -0.032276  0.000000 -0.039996  0.000000  0.074841  0.000000 ) 
     freq (   59) =      70.443989 [THz] =    2349.758561 [cm-1]
 (  0.000059  0.000000  0.000020  0.000000 -0.000000  0.000000 ) 
 (  0.000059  0.000000 -0.000020  0.000000 -0.000000  0.000000 ) 
 ( -0.030124  0.000000  0.037978  0.000000 -0.000317  0.000000 ) 
 ( -0.030124  0.000000  0.037978  0.000000  0.000317  0.000000 ) 
 ( -0.030124  0.000000 -0.037978  0.000000  0.000317  0.000000 ) 
 ( -0.030124  0.000000 -0.037978  0.000000 -0.000317  0.000000 ) 
 (  0.262836  0.000000 -0.024656  0.000000  0.000117  0.000000 ) 
 (  0.262836  0.000000 -0.024656  0.000000 -0.000117  0.000000 ) 
 (  0.262836  0.000000  0.024656  0.000000 -0.000117  0.000000 ) 
 (  0.262836  0.000000  0.024656  0.000000  0.000117  0.000000 ) 
 ( -0.073975  0.000000 -0.110156  0.000000 -0.000035  0.000000 ) 
 ( -0.073975  0.000000 -0.110156  0.000000  0.000035  0.000000 ) 
 ( -0.073975  0.000000  0.110156  0.000000  0.000035  0.000000 ) 
 ( -0.073975  0.000000  0.110156  0.000000 -0.000035  0.000000 ) 
 (  0.064203  0.000000 -0.139022  0.000000 -0.235447  0.000000 ) 
 (  0.064203  0.000000 -0.139022  0.000000  0.235447  0.000000 ) 
 (  0.064203  0.000000  0.139022  0.000000  0.235447  0.000000 ) 
 (  0.064203  0.000000  0.139022  0.000000 -0.235447  0.000000 ) 
 (  0.065389  0.000000 -0.141383  0.000000 -0.239172  0.000000 ) 
 (  0.065389  0.000000 -0.141383  0.000000  0.239172  0.000000 ) 
 (  0.065389  0.000000  0.141383  0.000000  0.239172  0.000000 ) 
 (  0.065389  0.000000  0.141383  0.000000 -0.239172  0.000000 ) 
     freq (   60) =      70.551962 [THz] =    2353.360151 [cm-1]
 (  0.000000  0.000000  0.000000  0.000000 -0.000001  0.000000 ) 
 ( -0.000000  0.000000  0.000000  0.000000  0.000001  0.000000 ) 
 (  0.033048  0.000000 -0.035269  0.000000 -0.000135  0.000000 ) 
 ( -0.033048  0.000000  0.035269  0.000000 -0.000135  0.000000 ) 
 (  0.033048  0.000000  0.035269  0.000000  0.000135  0.000000 ) 
 ( -0.033048  0.000000 -0.035269  0.000000  0.000135  0.000000 ) 
 ( -0.296378  0.000000  0.028025  0.000000 -0.000025  0.000000 ) 
 (  0.296378  0.000000 -0.028025  0.000000 -0.000025  0.000000 ) 
 ( -0.296378  0.000000 -0.028025  0.000000  0.000025  0.000000 ) 
 (  0.296378  0.000000  0.028025  0.000000  0.000025  0.000000 ) 
 (  0.062257  0.000000  0.085854  0.000000 -0.000088  0.000000 ) 
 ( -0.062257  0.000000 -0.085854  0.000000 -0.000088  0.000000 ) 
 (  0.062257  0.000000 -0.085854  0.000000  0.000088  0.000000 ) 
 ( -0.062257  0.000000  0.085854  0.000000  0.000088  0.000000 ) 
 ( -0.062138  0.000000  0.136183  0.000000  0.228085  0.000000 ) 
 (  0.062138  0.000000 -0.136183  0.000000  0.228085  0.000000 ) 
 ( -0.062138  0.000000 -0.136183  0.000000 -0.228085  0.000000 ) 
 (  0.062138  0.000000  0.136183  0.000000 -0.228085  0.000000 ) 
 (  0.061698  0.000000 -0.135132  0.000000 -0.226484  0.000000 ) 
 ( -0.061698  0.000000  0.135132  0.000000 -0.226484  0.000000 ) 
 (  0.061698  0.000000  0.135132  0.000000  0.226484  0.000000 ) 
 ( -0.061698  0.000000 -0.135132  0.000000  0.226484  0.000000 ) 
     freq (   61) =      70.782300 [THz] =    2361.043374 [cm-1]
 (  0.000190  0.000000  0.000059  0.000000  0.000000  0.000000 ) 
 ( -0.000190  0.000000  0.000059  0.000000 -0.000000  0.000000 ) 
 (  0.044246  0.000000 -0.020389  0.000000  0.000033  0.000000 ) 
 (  0.044246  0.000000 -0.020389  0.000000 -0.000033  0.000000 ) 
 ( -0.044246  0.000000 -0.020389  0.000000  0.000033  0.000000 ) 
 ( -0.044246  0.000000 -0.020389  0.000000 -0.000033  0.000000 ) 
 ( -0.396938  0.000000  0.046678  0.000000  0.000009  0.000000 ) 
 ( -0.396938  0.000000  0.046678  0.000000 -0.000009  0.000000 ) 
 (  0.396938  0.000000  0.046678  0.000000  0.000009  0.000000 ) 
 (  0.396938  0.000000  0.046678  0.000000 -0.000009  0.000000 ) 
 ( -0.006846  0.000000 -0.040695  0.000000  0.000042  0.000000 ) 
 ( -0.006846  0.000000 -0.040695  0.000000 -0.000042  0.000000 ) 
 (  0.006846  0.000000 -0.040695  0.000000  0.000042  0.000000 ) 
 (  0.006846  0.000000 -0.040695  0.000000 -0.000042  0.000000 ) 
 ( -0.044525  0.000000  0.104310  0.000000  0.173622  0.000000 ) 
 ( -0.044525  0.000000  0.104310  0.000000 -0.173622  0.000000 ) 
 (  0.044525  0.000000  0.104310  0.000000  0.173622  0.000000 ) 
 (  0.044525  0.000000  0.104310  0.000000 -0.173622  0.000000 ) 
 ( -0.044698  0.000000  0.104489  0.000000  0.173959  0.000000 ) 
 ( -0.044698  0.000000  0.104489  0.000000 -0.173959  0.000000 ) 
 (  0.044698  0.000000  0.104489  0.000000  0.173959  0.000000 ) 
 (  0.044698  0.000000  0.104489  0.000000 -0.173959  0.000000 ) 
     freq (   62) =      71.026409 [THz] =    2369.185974 [cm-1]
 (  0.000000  0.000000  0.000000  0.000000  0.000000  0.000000 ) 
 ( -0.000000  0.000000  0.000000  0.000000  0.000000  0.000000 ) 
 (  0.031165  0.000000 -0.035969  0.000000 -0.000012  0.000000 ) 
 ( -0.031165  0.000000  0.035969  0.000000 -0.000012  0.000000 ) 
 ( -0.031165  0.000000 -0.035969  0.000000 -0.000012  0.000000 ) 
 (  0.031165  0.000000  0.035969  0.000000 -0.000012  0.000000 ) 
 ( -0.292474  0.000000  0.030147  0.000000 -0.000016  0.000000 ) 
 (  0.292474  0.000000 -0.030147  0.000000 -0.000016  0.000000 ) 
 (  0.292474  0.000000  0.030147  0.000000 -0.000016  0.000000 ) 
 ( -0.292474  0.000000 -0.030147  0.000000 -0.000016  0.000000 ) 
 (  0.067507  0.000000  0.103395  0.000000  0.000056  0.000000 ) 
 ( -0.067507  0.000000 -0.103395  0.000000  0.000056  0.000000 ) 
 ( -0.067507  0.000000  0.103395  0.000000  0.000056  0.000000 ) 
 (  0.067507  0.000000 -0.103395  0.000000  0.000056  0.000000 ) 
 ( -0.064571  0.000000  0.135788  0.000000  0.224606  0.000000 ) 
 (  0.064571  0.000000 -0.135788  0.000000  0.224606  0.000000 ) 
 (  0.064571  0.000000  0.135788  0.000000  0.224606  0.000000 ) 
 ( -0.064571  0.000000 -0.135788  0.000000  0.224606  0.000000 ) 
 (  0.064543  0.000000 -0.135724  0.000000 -0.224488  0.000000 ) 
 ( -0.064543  0.000000  0.135724  0.000000 -0.224488  0.000000 ) 
 ( -0.064543  0.000000 -0.135724  0.000000 -0.224488  0.000000 ) 
 (  0.064543  0.000000  0.135724  0.000000 -0.224488  0.000000 ) 
     freq (   63) =      71.204191 [THz] =    2375.116146 [cm-1]
 (  0.000010  0.000000  0.000008  0.000000 -0.000000  0.000000 ) 
 (  0.000010  0.000000 -0.000008  0.000000 -0.000000  0.000000 ) 
 ( -0.000454  0.000000  0.000083  0.000000  0.050967  0.000000 ) 
 ( -0.000454  0.000000  0.000083  0.000000 -0.050967  0.000000 ) 
 ( -0.000454  0.000000 -0.000083  0.000000 -0.050967  0.000000 ) 
 ( -0.000454  0.000000 -0.000083  0.000000  0.050967  0.000000 ) 
 (  0.004307  0.000000 -0.000615  0.000000  0.011434  0.000000 ) 
 (  0.004307  0.000000 -0.000615  0.000000 -0.011434  0.000000 ) 
 (  0.004307  0.000000  0.000615  0.000000 -0.011434  0.000000 ) 
 (  0.004307  0.000000  0.000615  0.000000  0.011434  0.000000 ) 
 (  0.000418  0.000000  0.001178  0.000000  0.011811  0.000000 ) 
 (  0.000418  0.000000  0.001178  0.000000 -0.011811  0.000000 ) 
 (  0.000418  0.000000 -0.001178  0.000000 -0.011811  0.000000 ) 
 (  0.000418  0.000000 -0.001178  0.000000  0.011811  0.000000 ) 
 (  0.090324  0.000000 -0.184377  0.000000 -0.286629  0.000000 ) 
 (  0.090324  0.000000 -0.184377  0.000000  0.286629  0.000000 ) 
 (  0.090324  0.000000  0.184377  0.000000  0.286629  0.000000 ) 
 (  0.090324  0.000000  0.184377  0.000000 -0.286629  0.000000 ) 
 ( -0.089894  0.000000  0.183399  0.000000  0.284755  0.000000 ) 
 ( -0.089894  0.000000  0.183399  0.000000 -0.284755  0.000000 ) 
 ( -0.089894  0.000000 -0.183399  0.000000 -0.284755  0.000000 ) 
 ( -0.089894  0.000000 -0.183399  0.000000  0.284755  0.000000 ) 
     freq (   64) =      71.210237 [THz] =    2375.317838 [cm-1]
 ( -0.000001  0.000000  0.000001  0.000000 -0.000000  0.000000 ) 
 (  0.000001  0.000000  0.000001  0.000000  0.000000  0.000000 ) 
 (  0.000047  0.000000  0.000147  0.000000  0.050952  0.000000 ) 
 (  0.000047  0.000000  0.000147  0.000000 -0.050952  0.000000 ) 
 ( -0.000047  0.000000  0.000147  0.000000  0.050952  0.000000 ) 
 ( -0.000047  0.000000  0.000147  0.000000 -0.050952  0.000000 ) 
 ( -0.001495  0.000000  0.000233  0.000000  0.010420  0.000000 ) 
 ( -0.001495  0.000000  0.000233  0.000000 -0.010420  0.000000 ) 
 (  0.001495  0.000000  0.000233  0.000000  0.010420  0.000000 ) 
 (  0.001495  0.000000  0.000233  0.000000 -0.010420  0.000000 ) 
 (  0.000002  0.000000  0.000073  0.000000  0.012344  0.000000 ) 
 (  0.000002  0.000000  0.000073  0.000000 -0.012344  0.000000 ) 
 ( -0.000002  0.000000  0.000073  0.000000  0.012344  0.000000 ) 
 ( -0.000002  0.000000  0.000073  0.000000 -0.012344  0.000000 ) 
 (  0.089323  0.000000 -0.185347  0.000000 -0.287259  0.000000 ) 
 (  0.089323  0.000000 -0.185347  0.000000  0.287259  0.000000 ) 
 ( -0.089323  0.000000 -0.185347  0.000000 -0.287259  0.000000 ) 
 ( -0.089323  0.000000 -0.185347  0.000000  0.287259  0.000000 ) 
 ( -0.088375  0.000000  0.183529  0.000000  0.284249  0.000000 ) 
 ( -0.088375  0.000000  0.183529  0.000000 -0.284249  0.000000 ) 
 (  0.088375  0.000000  0.183529  0.000000  0.284249  0.000000 ) 
 (  0.088375  0.000000  0.183529  0.000000 -0.284249  0.000000 ) 
     freq (   65) =      71.217594 [THz] =    2375.563228 [cm-1]
 (  0.000000  0.000000  0.000000  0.000000  0.000033  0.000000 ) 
 (  0.000000  0.000000 -0.000000  0.000000  0.000033  0.000000 ) 
 (  0.000053  0.000000  0.000038  0.000000 -0.051389  0.000000 ) 
 ( -0.000053  0.000000 -0.000038  0.000000 -0.051389  0.000000 ) 
 ( -0.000053  0.000000  0.000038  0.000000 -0.051389  0.000000 ) 
 (  0.000053  0.000000 -0.000038  0.000000 -0.051389  0.000000 ) 
 ( -0.001659  0.000000  0.000256  0.000000 -0.011057  0.000000 ) 
 (  0.001659  0.000000 -0.000256  0.000000 -0.011057  0.000000 ) 
 (  0.001659  0.000000  0.000256  0.000000 -0.011057  0.000000 ) 
 ( -0.001659  0.000000 -0.000256  0.000000 -0.011057  0.000000 ) 
 (  0.000378  0.000000  0.000773  0.000000 -0.011834  0.000000 ) 
 ( -0.000378  0.000000 -0.000773  0.000000 -0.011834  0.000000 ) 
 ( -0.000378  0.000000  0.000773  0.000000 -0.011834  0.000000 ) 
 (  0.000378  0.000000 -0.000773  0.000000 -0.011834  0.000000 ) 
 ( -0.089201  0.000000  0.183283  0.000000  0.284861  0.000000 ) 
 (  0.089201  0.000000 -0.183283  0.000000  0.284861  0.000000 ) 
 (  0.089201  0.000000  0.183283  0.000000  0.284861  0.000000 ) 
 ( -0.089201  0.000000 -0.183283  0.000000  0.284861  0.000000 ) 
 ( -0.089762  0.000000  0.184437  0.000000  0.286921  0.000000 ) 
 (  0.089762  0.000000 -0.184437  0.000000  0.286921  0.000000 ) 
 (  0.089762  0.000000  0.184437  0.000000  0.286921  0.000000 ) 
 ( -0.089762  0.000000 -0.184437  0.000000  0.286921  0.000000 ) 
     freq (   66) =      71.245500 [THz] =    2376.494069 [cm-1]
 ( -0.000000  0.000000 -0.000000  0.000000  0.000139  0.000000 ) 
 (  0.000000  0.000000  0.000000  0.000000 -0.000139  0.000000 ) 
 ( -0.000021  0.000000  0.000134  0.000000 -0.050784  0.000000 ) 
 (  0.000021  0.000000 -0.000134  0.000000 -0.050784  0.000000 ) 
 ( -0.000021  0.000000 -0.000134  0.000000  0.050784  0.000000 ) 
 (  0.000021  0.000000  0.000134  0.000000  0.050784  0.000000 ) 
 ( -0.000165  0.000000  0.000044  0.000000 -0.011097  0.000000 ) 
 (  0.000165  0.000000 -0.000044  0.000000 -0.011097  0.000000 ) 
 ( -0.000165  0.000000 -0.000044  0.000000  0.011097  0.000000 ) 
 (  0.000165  0.000000  0.000044  0.000000  0.011097  0.000000 ) 
 ( -0.000181  0.000000 -0.000291  0.000000 -0.011418  0.000000 ) 
 (  0.000181  0.000000  0.000291  0.000000 -0.011418  0.000000 ) 
 ( -0.000181  0.000000  0.000291  0.000000  0.011418  0.000000 ) 
 (  0.000181  0.000000 -0.000291  0.000000  0.011418  0.000000 ) 
 ( -0.089412  0.000000  0.183652  0.000000  0.284479  0.000000 ) 
 (  0.089412  0.000000 -0.183652  0.000000  0.284479  0.000000 ) 
 ( -0.089412  0.000000 -0.183652  0.000000 -0.284479  0.000000 ) 
 (  0.089412  0.000000  0.183652  0.000000 -0.284479  0.000000 ) 
 ( -0.090140  0.000000  0.184974  0.000000  0.286663  0.000000 ) 
 (  0.090140  0.000000 -0.184974  0.000000  0.286663  0.000000 ) 
 ( -0.090140  0.000000 -0.184974  0.000000 -0.286663  0.000000 ) 
 (  0.090140  0.000000  0.184974  0.000000 -0.286663  0.000000 ) 
 **************************************************************************
